-- MySQL dump 10.13  Distrib 5.1.48, for apple-darwin10.3.0 (i386)
--
-- Host: localhost    Database: leihs2_test
-- ------------------------------------------------------
-- Server version	5.1.48

/*!40101 SET @OLD_CHARACTER_SET_CLIENT=@@CHARACTER_SET_CLIENT */;
/*!40101 SET @OLD_CHARACTER_SET_RESULTS=@@CHARACTER_SET_RESULTS */;
/*!40101 SET @OLD_COLLATION_CONNECTION=@@COLLATION_CONNECTION */;
/*!40101 SET NAMES utf8 */;
/*!40103 SET @OLD_TIME_ZONE=@@TIME_ZONE */;
/*!40103 SET TIME_ZONE='+00:00' */;
/*!40014 SET @OLD_UNIQUE_CHECKS=@@UNIQUE_CHECKS, UNIQUE_CHECKS=0 */;
/*!40014 SET @OLD_FOREIGN_KEY_CHECKS=@@FOREIGN_KEY_CHECKS, FOREIGN_KEY_CHECKS=0 */;
/*!40101 SET @OLD_SQL_MODE=@@SQL_MODE, SQL_MODE='NO_AUTO_VALUE_ON_ZERO' */;
/*!40111 SET @OLD_SQL_NOTES=@@SQL_NOTES, SQL_NOTES=0 */;

--
-- Table structure for table `access_rights`
--

DROP TABLE IF EXISTS `access_rights`;
/*!40101 SET @saved_cs_client     = @@character_set_client */;
/*!40101 SET character_set_client = utf8 */;
CREATE TABLE `access_rights` (
  `id` int(11) NOT NULL AUTO_INCREMENT,
  `user_id` int(11) DEFAULT NULL,
  `inventory_pool_id` int(11) DEFAULT NULL,
  `suspended_until` date DEFAULT NULL,
  `suspended_reason` text COLLATE utf8_unicode_ci,
  `deleted_at` date DEFAULT NULL,
  `created_at` datetime DEFAULT NULL,
  `updated_at` datetime DEFAULT NULL,
  `role` enum('customer','group_manager','lending_manager','inventory_manager','admin') COLLATE utf8_unicode_ci NOT NULL,
  PRIMARY KEY (`id`),
  KEY `index_access_rights_on_suspended_until` (`suspended_until`),
  KEY `index_access_rights_on_deleted_at` (`deleted_at`),
  KEY `index_access_rights_on_inventory_pool_id` (`inventory_pool_id`),
  KEY `index_access_rights_on_role` (`role`),
  KEY `index_on_user_id_and_inventory_pool_id_and_deleted_at` (`user_id`,`inventory_pool_id`,`deleted_at`),
  CONSTRAINT `access_rights_user_id_fk` FOREIGN KEY (`user_id`) REFERENCES `users` (`id`),
  CONSTRAINT `access_rights_inventory_pool_id_fk` FOREIGN KEY (`inventory_pool_id`) REFERENCES `inventory_pools` (`id`) ON DELETE CASCADE
) ENGINE=InnoDB AUTO_INCREMENT=46 DEFAULT CHARSET=utf8 COLLATE=utf8_unicode_ci;
/*!40101 SET character_set_client = @saved_cs_client */;

--
-- Dumping data for table `access_rights`
--

LOCK TABLES `access_rights` WRITE;
/*!40000 ALTER TABLE `access_rights` DISABLE KEYS */;
INSERT INTO `access_rights` VALUES (1,1,NULL,NULL,NULL,NULL,'2012-06-26 23:37:11','2012-06-26 23:37:11','admin'),(2,2,NULL,NULL,NULL,NULL,'2012-06-26 23:37:11','2012-06-26 23:37:11','admin'),(3,2,1,NULL,NULL,NULL,'2012-06-26 23:37:11','2012-06-26 23:37:11','customer'),(4,3,2,NULL,NULL,NULL,'2012-06-26 23:37:11','2012-06-26 23:37:11','inventory_manager'),(5,4,1,NULL,NULL,NULL,'2012-06-26 23:37:11','2012-06-26 23:37:11','inventory_manager'),(6,4,4,NULL,NULL,NULL,'2012-06-26 23:37:11','2012-06-26 23:37:11','inventory_manager'),(7,5,1,NULL,NULL,NULL,'2012-06-26 23:37:11','2012-06-26 23:37:11','lending_manager'),(8,5,2,NULL,NULL,NULL,'2012-06-26 23:37:11','2012-06-26 23:37:11','lending_manager'),(9,7,1,NULL,NULL,NULL,'2012-06-26 23:37:11','2012-06-26 23:37:11','lending_manager'),(10,7,2,NULL,NULL,NULL,'2012-06-26 23:37:11','2012-06-26 23:37:11','lending_manager'),(11,8,1,NULL,NULL,NULL,'2012-06-26 23:37:11','2012-06-26 23:37:11','customer'),(12,6,1,NULL,NULL,NULL,'2012-06-26 23:37:11','2012-06-26 23:37:11','customer'),(13,6,2,NULL,NULL,NULL,'2012-06-26 23:37:11','2012-06-26 23:37:11','customer'),(14,6,3,NULL,NULL,NULL,'2012-06-26 23:37:11','2012-06-26 23:37:11','customer'),(15,6,4,NULL,NULL,'2012-06-25','2012-06-26 23:37:11','2012-06-26 23:37:11','customer'),(16,9,1,NULL,NULL,NULL,'2012-06-26 23:37:11','2012-06-26 23:37:11','group_manager'),(17,9,2,NULL,NULL,NULL,'2012-06-26 23:37:11','2012-06-26 23:37:11','group_manager'),(18,9,3,NULL,NULL,NULL,'2012-06-26 23:37:11','2012-06-26 23:37:11','group_manager'),(19,10,1,NULL,NULL,NULL,'2012-06-26 23:37:11','2012-06-26 23:37:11','customer'),(20,11,1,NULL,NULL,NULL,'2012-06-26 23:37:11','2012-06-26 23:37:11','customer'),(21,12,1,NULL,NULL,NULL,'2012-06-26 23:37:11','2012-06-26 23:37:11','customer'),(22,13,1,NULL,NULL,NULL,'2012-06-26 23:37:11','2012-06-26 23:37:11','customer'),(23,26,1,NULL,NULL,NULL,'2012-06-26 23:37:11','2012-06-26 23:37:11','customer'),(24,27,1,NULL,NULL,NULL,'2012-06-26 23:37:11','2012-06-26 23:37:11','customer'),(25,27,2,NULL,NULL,NULL,'2012-06-26 23:37:11','2012-06-26 23:37:11','customer'),(26,29,1,NULL,NULL,NULL,'2012-06-26 23:37:11','2012-06-26 23:37:11','customer'),(27,29,5,NULL,NULL,NULL,'2012-06-26 23:37:11','2012-06-26 23:37:11','customer'),(28,29,6,NULL,NULL,NULL,'2012-06-26 23:37:11','2012-06-26 23:37:11','customer'),(29,30,1,NULL,NULL,NULL,'2012-06-26 23:37:11','2012-06-26 23:37:11','customer'),(30,23,1,NULL,NULL,NULL,'2012-06-26 23:37:11','2012-06-26 23:37:11','customer'),(31,24,1,NULL,NULL,NULL,'2012-06-26 23:37:11','2012-06-26 23:37:11','customer'),(32,14,1,NULL,NULL,NULL,'2012-06-26 23:37:11','2012-06-26 23:37:11','customer'),(33,15,1,'2012-06-27','Sunt ut aut eum qui placeat et.',NULL,'2012-06-26 23:37:11','2012-06-26 23:37:11','customer'),(34,16,1,NULL,NULL,NULL,'2012-06-26 23:37:11','2012-06-26 23:37:11','customer'),(35,17,1,NULL,NULL,NULL,'2012-06-26 23:37:11','2012-06-26 23:37:11','customer'),(36,18,1,NULL,NULL,NULL,'2012-06-26 23:37:11','2012-06-26 23:37:11','customer'),(37,19,1,NULL,NULL,NULL,'2012-06-26 23:37:11','2012-06-26 23:37:11','customer'),(38,20,1,NULL,NULL,'2012-06-27','2012-06-26 23:37:11','2012-06-26 23:37:11','customer'),(39,21,1,NULL,NULL,NULL,'2012-06-26 23:37:11','2012-06-26 23:37:11','customer'),(40,22,1,NULL,NULL,NULL,'2012-06-26 23:37:11','2012-06-26 23:37:11','customer'),(41,31,3,NULL,NULL,NULL,'2012-06-26 23:37:11','2012-06-26 23:37:11','customer'),(42,32,1,NULL,NULL,NULL,'2012-06-26 23:37:11','2012-06-26 23:37:11','lending_manager'),(43,33,1,NULL,NULL,NULL,'2012-06-26 23:37:11','2012-06-26 23:37:11','group_manager'),(44,34,7,NULL,NULL,NULL,'2012-06-26 23:37:11','2012-06-26 23:37:11','customer'),(45,35,12,NULL,NULL,NULL,'2012-06-26 23:37:11','2012-06-26 23:37:11','customer');
/*!40000 ALTER TABLE `access_rights` ENABLE KEYS */;
UNLOCK TABLES;

--
-- Table structure for table `accessories`
--

DROP TABLE IF EXISTS `accessories`;
/*!40101 SET @saved_cs_client     = @@character_set_client */;
/*!40101 SET character_set_client = utf8 */;
CREATE TABLE `accessories` (
  `id` int(11) NOT NULL AUTO_INCREMENT,
  `model_id` int(11) DEFAULT NULL,
  `name` varchar(255) COLLATE utf8_unicode_ci DEFAULT NULL,
  `quantity` int(11) DEFAULT NULL,
  PRIMARY KEY (`id`),
  KEY `index_accessories_on_model_id` (`model_id`),
  CONSTRAINT `accessories_model_id_fk` FOREIGN KEY (`model_id`) REFERENCES `models` (`id`) ON DELETE CASCADE
) ENGINE=InnoDB AUTO_INCREMENT=213 DEFAULT CHARSET=utf8 COLLATE=utf8_unicode_ci;
/*!40101 SET character_set_client = @saved_cs_client */;

--
-- Dumping data for table `accessories`
--

LOCK TABLES `accessories` WRITE;
/*!40000 ALTER TABLE `accessories` DISABLE KEYS */;
INSERT INTO `accessories` VALUES (1,1,'Veronica Christiansen',NULL),(2,1,'Urban Beier',NULL),(3,2,'Darion Wuckert',NULL),(4,2,'Annie Goodwin IV',NULL),(5,3,'Justina Brekke',NULL),(6,3,'Stevie Gulgowski',NULL),(7,3,'Ms. Lindsay Nader',NULL),(8,3,'Mr. Rachael Ritchie',NULL),(9,3,'Emmett Beier',NULL),(10,4,'Penelope Mante',NULL),(11,4,'Mr. Aurelia Runolfsdottir',NULL),(12,5,'Electa Stanton V',NULL),(13,5,'Odessa Osinski',NULL),(14,6,'Mrs. Johnathon Daugherty',NULL),(15,6,'Ruth Herman',NULL),(16,6,'Tiana Jenkins PhD',NULL),(17,6,'Vesta Will',NULL),(18,7,'Charity Hilll',NULL),(19,7,'Watson Hamill IV',NULL),(20,7,'Nora Williamson DDS',NULL),(21,7,'Terrence Schoen PhD',NULL),(22,8,'Pierce Watsica',NULL),(23,8,'Mrs. Chyna Mayer',NULL),(24,8,'Mina Zemlak',NULL),(25,8,'Miss Dominic Treutel',NULL),(26,8,'Aliya Rolfson',NULL),(27,9,'Antwan Prohaska',NULL),(28,9,'Keven Heller',NULL),(29,9,'Miller Kuvalis DVM',NULL),(30,10,'Nelda Casper',NULL),(31,11,'Sarai Bailey',NULL),(32,11,'Dr. Adaline Baumbach',NULL),(33,11,'Dandre Mertz IV',NULL),(34,11,'Lois Koss',NULL),(35,12,'Anabelle Bode',NULL),(36,12,'Andres Boyle',NULL),(37,12,'Malvina Lynch',NULL),(38,12,'Rod Kerluke',NULL),(39,12,'Myra Casper',NULL),(40,13,'Graciela Mueller',NULL),(41,13,'Cathy Rosenbaum',NULL),(42,13,'Abdiel Dickens',NULL),(43,13,'Lizeth Nienow',NULL),(44,14,'Nola Feeney DDS',NULL),(45,14,'Brisa Adams',NULL),(46,14,'Mr. Emilia Bode',NULL),(47,14,'Zoila McKenzie',NULL),(48,14,'Ms. Brooklyn Casper',NULL),(49,15,'Eliezer D\'Amore',NULL),(50,15,'Corine Hane',NULL),(51,15,'Eleonore Mills',NULL),(52,15,'Ms. Rene Zieme',NULL),(53,16,'Pearlie Reichert',NULL),(54,17,'Emma Wunsch',NULL),(55,17,'Zola Feest MD',NULL),(56,17,'Adell Bradtke',NULL),(57,18,'Bettye Kozey',NULL),(58,18,'Christ Homenick',NULL),(59,18,'Joe Murray',NULL),(60,18,'Arden Nader',NULL),(61,18,'Mallory Stiedemann',NULL),(62,19,'Eusebio Lubowitz',NULL),(63,20,'Eduardo West',NULL),(64,20,'Cortez Spencer',NULL),(65,20,'Reilly Kirlin',NULL),(66,20,'Leora Mraz',NULL),(67,21,'Trent Labadie',NULL),(68,21,'Nelson Beatty',NULL),(69,22,'Shanelle Cruickshank Jr.',NULL),(70,23,'Ms. Lilla Schaefer',NULL),(71,24,'Miss Brianne Herzog',NULL),(72,24,'Robyn Blanda',NULL),(73,24,'Barton Robel',NULL),(74,24,'Duane Ratke',NULL),(75,25,'Alyce Erdman',NULL),(76,25,'Bernhard Lindgren',NULL),(77,25,'Shaina Graham',NULL),(78,25,'Vernice Ledner',NULL),(79,26,'Tobin Mohr',NULL),(80,26,'Eino Reynolds',NULL),(81,26,'Tierra Ward',NULL),(82,27,'Filomena Feeney',NULL),(83,27,'Micaela Swift DDS',NULL),(84,28,'Isabelle Heathcote',NULL),(85,28,'Rosalyn Rutherford',NULL),(86,29,'Ms. Beth Rau',NULL),(87,30,'Dr. Alexanne Fahey',NULL),(88,31,'Patience Block',NULL),(89,31,'Elmo Spencer',NULL),(90,31,'Isabel Nikolaus',NULL),(91,31,'Peggie Walker',NULL),(92,31,'Mason Littel',NULL),(93,32,'Mabel Lind',NULL),(94,32,'Kieran Marvin',NULL),(95,32,'Dawson Hammes',NULL),(96,32,'Melyssa Crona',NULL),(97,33,'Stanford Cremin',NULL),(98,33,'Cassandra Ward',NULL),(99,33,'Camron Von',NULL),(100,33,'Shirley Spinka',NULL),(101,34,'Taryn Connelly',NULL),(102,34,'Tania Jacobi',NULL),(103,35,'Miss Eulalia Mueller',NULL),(104,35,'Kiel Schmeler',NULL),(105,35,'Royce Harris',NULL),(106,35,'Elias Prosacco',NULL),(107,36,'Darlene Conroy IV',NULL),(108,36,'Rick Zboncak I',NULL),(109,37,'Nolan Homenick',NULL),(110,38,'Bernita Swaniawski',NULL),(111,38,'Jany Ondricka',NULL),(112,38,'Theo Waelchi',NULL),(113,38,'Aidan Bashirian DDS',NULL),(114,38,'Branson Daugherty',NULL),(115,39,'Ali Bosco DVM',NULL),(116,40,'Maud Schoen Jr.',NULL),(117,40,'Roxanne Hahn',NULL),(118,40,'Pauline Renner Sr.',NULL),(119,41,'Miss Emmett Gleason',NULL),(120,41,'Shanny Treutel II',NULL),(121,41,'Ms. Lavon Daugherty',NULL),(122,42,'Dr. Annamae Kreiger',NULL),(123,43,'Dr. Norma Botsford',NULL),(124,43,'Marshall Blanda',NULL),(125,43,'Tristin Adams',NULL),(126,43,'Dr. Alex Hintz',NULL),(127,44,'Scarlett Wintheiser Jr.',NULL),(128,44,'Gretchen Champlin',NULL),(129,44,'Dr. Karley Ankunding',NULL),(130,44,'Miss Maximillian Senger',NULL),(131,44,'Holly Schaefer',NULL),(132,45,'Ms. Teresa Mohr',NULL),(133,45,'Lura Welch',NULL),(134,45,'Lydia Okuneva',NULL),(135,46,'Jalyn Wiegand',NULL),(136,46,'Dr. Hubert Heaney',NULL),(137,46,'Mrs. Noble Abernathy',NULL),(138,46,'Dandre Kihn',NULL),(139,47,'Lula Schaefer',NULL),(140,48,'Jaydon Huel',NULL),(141,48,'Bradly Gislason',NULL),(142,48,'Sierra Cremin I',NULL),(143,48,'Herman Tremblay DDS',NULL),(144,49,'Miss Obie Stanton',NULL),(145,49,'Mae Jenkins',NULL),(146,49,'Constance Parisian',NULL),(147,49,'Daisy Roberts',NULL),(148,50,'Glenda Schimmel',NULL),(149,50,'Aron Kohler',NULL),(150,50,'Cordelia Bernier',NULL),(151,51,'Lurline Ziemann',NULL),(152,52,'Lorine Sawayn',NULL),(153,52,'Haleigh Lueilwitz',NULL),(154,53,'Kathleen Lemke',NULL),(155,53,'Dr. Elliot Ondricka',NULL),(156,53,'Ms. Jackson Will',NULL),(157,54,'Santina Hessel',NULL),(158,55,'Renee Leuschke',NULL),(159,56,'Mrs. Oren Miller',NULL),(160,57,'Urban Walsh',NULL),(161,57,'Britney Huels',NULL),(162,58,'Ines Nikolaus',NULL),(163,58,'Dr. Keshawn Rosenbaum',NULL),(164,59,'Ernie Lubowitz III',NULL),(165,59,'Ayden Frami',NULL),(166,59,'Polly Bosco',NULL),(167,59,'Dr. Brad Kuhn',NULL),(168,60,'Kimberly Ratke II',NULL),(169,60,'Miss Dawson Crist',NULL),(170,60,'Miller Stamm PhD',NULL),(171,61,'Ian Goyette I',NULL),(172,61,'Rosina Bergstrom',NULL),(173,62,'Reva Thiel',NULL),(174,62,'Dr. Augustus Cole',NULL),(175,62,'Shanelle Gulgowski PhD',NULL),(176,62,'Deja Hegmann',NULL),(177,62,'Camren Sauer',NULL),(178,63,'Chadrick Von',NULL),(179,63,'Santos Schinner',NULL),(180,63,'Rylan Stracke IV',NULL),(181,64,'Kenna Bailey',NULL),(182,64,'Madisen Berge',NULL),(183,65,'Jakayla Schneider',NULL),(184,65,'Jovan Becker',NULL),(185,65,'Ms. Katherine Schaefer',NULL),(186,65,'Oma Crona',NULL),(187,66,'Odessa Goldner',NULL),(188,66,'Reynold Runolfsdottir',NULL),(189,67,'Mackenzie Ullrich',NULL),(190,67,'Adriel Mayert V',NULL),(191,67,'Marisa Bruen',NULL),(192,67,'Eleazar Hamill',NULL),(193,67,'Marian Considine',NULL),(194,68,'Stacey Hirthe',NULL),(195,68,'Lillie Pacocha',NULL),(196,68,'Stephon Rodriguez',NULL),(197,68,'Adelbert Bode',NULL),(198,68,'Darrick Huels DDS',NULL),(199,69,'Ellsworth Vandervort',NULL),(200,70,'Bessie Feest',NULL),(201,70,'Ray Schumm II',NULL),(202,70,'Rosella Cronin',NULL),(203,70,'Samantha Greenholt',NULL),(204,71,'Gladyce Bogan',NULL),(205,72,'Aletha Jacobi',NULL),(206,72,'Ms. Anthony Thiel',NULL),(207,72,'Mr. Lillie Gutmann',NULL),(208,72,'Megane Daugherty',NULL),(209,73,'Jayne Dietrich',NULL),(210,73,'Mr. Valentina Dare',NULL),(211,73,'Joelle McDermott',NULL),(212,73,'Adam Baumbach',NULL);
/*!40000 ALTER TABLE `accessories` ENABLE KEYS */;
UNLOCK TABLES;

--
-- Table structure for table `accessories_inventory_pools`
--

DROP TABLE IF EXISTS `accessories_inventory_pools`;
/*!40101 SET @saved_cs_client     = @@character_set_client */;
/*!40101 SET character_set_client = utf8 */;
CREATE TABLE `accessories_inventory_pools` (
  `accessory_id` int(11) DEFAULT NULL,
  `inventory_pool_id` int(11) DEFAULT NULL,
  UNIQUE KEY `index_accessories_inventory_pools` (`accessory_id`,`inventory_pool_id`),
  KEY `index_accessories_inventory_pools_on_inventory_pool_id` (`inventory_pool_id`),
  CONSTRAINT `accessories_inventory_pools_inventory_pool_id_fk` FOREIGN KEY (`inventory_pool_id`) REFERENCES `inventory_pools` (`id`),
  CONSTRAINT `accessories_inventory_pools_accessory_id_fk` FOREIGN KEY (`accessory_id`) REFERENCES `accessories` (`id`)
) ENGINE=InnoDB DEFAULT CHARSET=utf8 COLLATE=utf8_unicode_ci;
/*!40101 SET character_set_client = @saved_cs_client */;

--
-- Dumping data for table `accessories_inventory_pools`
--

LOCK TABLES `accessories_inventory_pools` WRITE;
/*!40000 ALTER TABLE `accessories_inventory_pools` DISABLE KEYS */;
INSERT INTO `accessories_inventory_pools` VALUES (8,1),(9,1),(10,1),(12,1),(13,1),(14,1),(15,1),(16,1),(17,1),(19,1),(21,1),(22,1),(23,1),(26,1),(28,1),(29,1),(31,1),(32,1),(34,1),(36,1),(40,1),(41,1),(43,1),(44,1),(47,1),(48,1),(49,1),(52,1),(54,1),(56,1),(57,1),(58,1),(61,1),(62,1),(63,1),(66,1),(68,1),(69,1),(70,1),(71,1),(72,1),(73,1),(74,1),(76,1),(77,1),(78,1),(80,1),(81,1),(83,1),(89,1),(91,1),(93,1),(95,1),(101,1),(102,1),(104,1),(107,1),(109,1),(113,1),(114,1),(115,1),(117,1),(118,1),(119,1),(121,1),(123,1),(124,1),(126,1),(127,1),(128,1),(129,1),(131,1),(134,1),(135,1),(137,1),(138,1),(139,1),(141,1),(142,1),(143,1),(144,1),(147,1),(153,1),(156,1),(160,1),(162,1),(164,1),(165,1),(166,1),(168,1),(169,1),(171,1),(172,1),(173,1),(174,1),(175,1),(176,1),(178,1),(179,1),(180,1),(181,1),(185,1),(190,1),(196,1),(197,1),(201,1),(207,1),(208,1),(212,1);
/*!40000 ALTER TABLE `accessories_inventory_pools` ENABLE KEYS */;
UNLOCK TABLES;

--
-- Table structure for table `addresses`
--

DROP TABLE IF EXISTS `addresses`;
/*!40101 SET @saved_cs_client     = @@character_set_client */;
/*!40101 SET character_set_client = utf8 */;
CREATE TABLE `addresses` (
  `id` int(11) NOT NULL AUTO_INCREMENT,
  `street` varchar(255) COLLATE utf8_unicode_ci DEFAULT NULL,
  `zip_code` varchar(255) COLLATE utf8_unicode_ci DEFAULT NULL,
  `city` varchar(255) COLLATE utf8_unicode_ci DEFAULT NULL,
  `country_code` varchar(255) COLLATE utf8_unicode_ci DEFAULT NULL,
  `latitude` float DEFAULT NULL,
  `longitude` float DEFAULT NULL,
  PRIMARY KEY (`id`),
  UNIQUE KEY `index_addresses_on_street_and_zip_code_and_city_and_country_code` (`street`,`zip_code`,`city`,`country_code`)
) ENGINE=InnoDB DEFAULT CHARSET=utf8 COLLATE=utf8_unicode_ci;
/*!40101 SET character_set_client = @saved_cs_client */;

--
-- Dumping data for table `addresses`
--

LOCK TABLES `addresses` WRITE;
/*!40000 ALTER TABLE `addresses` DISABLE KEYS */;
/*!40000 ALTER TABLE `addresses` ENABLE KEYS */;
UNLOCK TABLES;

--
-- Table structure for table `attachments`
--

DROP TABLE IF EXISTS `attachments`;
/*!40101 SET @saved_cs_client     = @@character_set_client */;
/*!40101 SET character_set_client = utf8 */;
CREATE TABLE `attachments` (
  `id` int(11) NOT NULL AUTO_INCREMENT,
  `model_id` int(11) DEFAULT NULL,
  `is_main` tinyint(1) DEFAULT '0',
  `content_type` varchar(255) COLLATE utf8_unicode_ci DEFAULT NULL,
  `filename` varchar(255) COLLATE utf8_unicode_ci DEFAULT NULL,
  `size` int(11) DEFAULT NULL,
  PRIMARY KEY (`id`),
  KEY `index_attachments_on_model_id` (`model_id`),
  CONSTRAINT `attachments_model_id_fk` FOREIGN KEY (`model_id`) REFERENCES `models` (`id`) ON DELETE CASCADE
) ENGINE=InnoDB AUTO_INCREMENT=7 DEFAULT CHARSET=utf8 COLLATE=utf8_unicode_ci;
/*!40101 SET character_set_client = @saved_cs_client */;

--
-- Dumping data for table `attachments`
--

LOCK TABLES `attachments` WRITE;
/*!40000 ALTER TABLE `attachments` DISABLE KEYS */;
INSERT INTO `attachments` VALUES (1,16,0,'image/jpeg','totam',NULL),(2,17,0,'image/jpeg','corporis',NULL),(3,74,0,'image/jpeg','et',NULL),(4,74,0,'image/jpeg','in',NULL),(5,74,0,'image/jpeg','laudantium',NULL),(6,75,0,'image/jpeg','hic',NULL);
/*!40000 ALTER TABLE `attachments` ENABLE KEYS */;
UNLOCK TABLES;

--
-- Table structure for table `authentication_systems`
--

DROP TABLE IF EXISTS `authentication_systems`;
/*!40101 SET @saved_cs_client     = @@character_set_client */;
/*!40101 SET character_set_client = utf8 */;
CREATE TABLE `authentication_systems` (
  `id` int(11) NOT NULL AUTO_INCREMENT,
  `name` varchar(255) COLLATE utf8_unicode_ci DEFAULT NULL,
  `class_name` varchar(255) COLLATE utf8_unicode_ci DEFAULT NULL,
  `is_default` tinyint(1) DEFAULT '0',
  `is_active` tinyint(1) DEFAULT '0',
  PRIMARY KEY (`id`)
) ENGINE=InnoDB AUTO_INCREMENT=4 DEFAULT CHARSET=utf8 COLLATE=utf8_unicode_ci;
/*!40101 SET character_set_client = @saved_cs_client */;

--
-- Dumping data for table `authentication_systems`
--

LOCK TABLES `authentication_systems` WRITE;
/*!40000 ALTER TABLE `authentication_systems` DISABLE KEYS */;
INSERT INTO `authentication_systems` VALUES (1,'Database Authentication','DatabaseAuthentication',1,1),(2,'LDAP Authentication','LdapAuthentication',0,0),(3,'ZHDK Authentication','Zhdk',0,0);
/*!40000 ALTER TABLE `authentication_systems` ENABLE KEYS */;
UNLOCK TABLES;

--
-- Table structure for table `buildings`
--

DROP TABLE IF EXISTS `buildings`;
/*!40101 SET @saved_cs_client     = @@character_set_client */;
/*!40101 SET character_set_client = utf8 */;
CREATE TABLE `buildings` (
  `id` int(11) NOT NULL AUTO_INCREMENT,
  `name` varchar(255) COLLATE utf8_unicode_ci DEFAULT NULL,
  `code` varchar(255) COLLATE utf8_unicode_ci DEFAULT NULL,
  PRIMARY KEY (`id`)
) ENGINE=InnoDB AUTO_INCREMENT=174 DEFAULT CHARSET=utf8 COLLATE=utf8_unicode_ci;
/*!40101 SET character_set_client = @saved_cs_client */;

--
-- Dumping data for table `buildings`
--

LOCK TABLES `buildings` WRITE;
/*!40000 ALTER TABLE `buildings` DISABLE KEYS */;
INSERT INTO `buildings` VALUES (1,'Ausstellungsstrasse 60','AU60'),(2,'Exearumfugiat','quo'),(3,'Innumquamquia','exr'),(4,'Doloresadalias','mag'),(5,'Beataeconsequaturest','aut'),(6,'Quiamettempora','qui'),(7,'Etnobisasperiores','ips'),(8,'Velitsaepequi','sed'),(9,'Quaeratsaepeet','acc'),(10,'Autetrecusandae','cor'),(11,'Utautminus','est'),(12,'Namvoluptatemmolestiae','eum'),(13,'Placeatundedolor','eiu'),(14,'Utperspiciatissint','dol'),(15,'Velitsapienteest','ali'),(16,'Voluptatesutet','ips'),(17,'Consequunturnamipsum','qua'),(18,'Etrerumporro','eve'),(19,'Totamsaepeitaque','cor'),(20,'Autveritatisab','qui'),(21,'Explicaboeaet','eaq'),(22,'Autemdelectusid','dol'),(23,'Autetvoluptatum','ide'),(24,'Rerumpariatura','ape'),(25,'Autdoloribusaliquid','ill'),(26,'Etametdignissimos','sin'),(27,'Placeatodiovel','quo'),(28,'Architectorepellendusnon','vol'),(29,'Eiuscorruptipariatur','ali'),(30,'Estdoloremet','qua'),(31,'Facilisutsint','vol'),(32,'Veroestquisquam','sun'),(33,'Quiaettenetur','pro'),(34,'Quaeetnecessitatibus','fac'),(35,'Magniistesed','mod'),(36,'Possimusetab','qui'),(37,'Minusliberoea','utl'),(38,'Velitsednatus','qui'),(39,'Autmolestiaealiquam','ill'),(40,'Consequunturnamipsum','rem'),(41,'Estetexcepturi','com'),(42,'Quisquamvoluptatemoccaecati','ear'),(43,'Quialiquamnihil','ita'),(44,'Corporisistequi','etq'),(45,'Quiaadomnis','aut'),(46,'Laboreestet','pla'),(47,'Necessitatibusquisea','sus'),(48,'Fugacorruptiperspiciatis','rer'),(49,'Odiosaepehic','nob'),(50,'Quialaborumvoluptatem','pos'),(51,'Autemperspiciatisquia','odi'),(52,'Estetarchitecto','qui'),(53,'Molestiaeevenietrerum','cor'),(54,'Aliquamrepellendusvel','dol'),(55,'Doloremeligendicumque','aut'),(56,'Magniremdistinctio','vol'),(57,'Eumexdoloribus','sae'),(58,'Etautaut','utd'),(59,'Quoeaquenon','qua'),(60,'Laboriosamvoluptatemvoluptas','off'),(61,'Consequunturnisiaspernatur','ete'),(62,'Etodiodolorum','mol'),(63,'Cumqueasperioreslaboriosam','ets'),(64,'Velmaioresmolestias','atq'),(65,'Architectosittemporibus','per'),(66,'Etquiamodi','ver'),(67,'Quisnihildeserunt','est'),(68,'Cupiditateatqueeum','ten'),(69,'Quoquidemmolestias','utr'),(70,'Utconsequunturvoluptates','sus'),(71,'Quisquamautest','est'),(72,'Veroautemlabore','vol'),(73,'Aliasdolorquam','lab'),(74,'Omnisrerumsed','ill'),(75,'Quirepellataut','dic'),(76,'Laborumdoloresmagni','bea'),(77,'Dictaimpeditdolore','ten'),(78,'Omnisvoluptatumsed','odi'),(79,'Autemevenietdoloribus','nec'),(80,'Culpamaioresdebitis','qui'),(81,'Quosfugitconsequatur','nat'),(82,'Estquierror','cum'),(83,'Nonsitaspernatur','nob'),(84,'Dictavitaenulla','eni'),(85,'Quiailloet','rer'),(86,'Consequatureosnostrum','cul'),(87,'Sapienteanimiexplicabo','sit'),(88,'Adetpraesentium','nis'),(89,'Estetofficia','aut'),(90,'Utaliquamquo','ven'),(91,'Autnobisquas','ete'),(92,'Corruptivoluptasvoluptatem','ita'),(93,'Doloressedest','nob'),(94,'Commodiestcum','occ'),(95,'Estconsecteturquas','asp'),(96,'Autenimest','ate'),(97,'Quosexpeditaofficiis','ull'),(98,'Delenitiperspiciatisvoluptatem','lab'),(99,'Quidelectusmagni','dig'),(100,'Quiomnisfacilis','eos'),(101,'Perferendisodioquos','fac'),(102,'Voluptatemametimpedit','bea'),(103,'Reprehenderitsolutaofficiis','est'),(104,'Doloremeaquequo','duc'),(105,'Etsuscipitenim','qui'),(106,'Ethicdeleniti','mol'),(107,'Consequaturnamdolor','nul'),(108,'Inciduntvoluptatemmagni','tem'),(109,'Ipsumquodquibusdam','cor'),(110,'Suscipitnecessitatibusid','del'),(111,'Molestiaesequiqui','sae'),(112,'Abvitaequod','odi'),(113,'Illumquovoluptatibus','nem'),(114,'Accusantiumsaepeet','aut'),(115,'Teneturnonalias','inq'),(116,'Cupiditatepraesentiumillo','odi'),(117,'Totambeataesequi','con'),(118,'Autrepellendusharum','dol'),(119,'Ullamdictaomnis','rat'),(120,'Doloretlaborum','utc'),(121,'Autofficiissunt','ame'),(122,'Officiisautamet','dol'),(123,'Omnisenimdignissimos','und'),(124,'Fugainciduntnon','lib'),(125,'Autemcumpraesentium','est'),(126,'Idexpeditaqui','nec'),(127,'Essemagnameius','lab'),(128,'Porrodoloribusrecusandae','eos'),(129,'Eteosid','pra'),(130,'Eumautplaceat','tot'),(131,'Corruptienimsed','qui'),(132,'Autdoloresquidem','exe'),(133,'Harumvitaeut','qui'),(134,'Ullamaperiamillum','eni'),(135,'Voluptatesidveritatis','fug'),(136,'Estoptionemo','qua'),(137,'Sapientelaudantiumsed','qui'),(138,'Veldignissimossunt','sit'),(139,'Hicfugiatsit','nih'),(140,'Molestiasametet','pra'),(141,'Modivoluptatemrerum','eos'),(142,'Voluptateineos','aut'),(143,'Mollitiasuscipitiste','sed'),(144,'Solutautquia','odi'),(145,'Naminventorequi','qui'),(146,'Debitisoccaecatiquia','dol'),(147,'Molestiaeenimeos','inq'),(148,'Sedipsumut','vol'),(149,'Blanditiisperferendisvel','err'),(150,'Eacumquequi','eos'),(151,'Quosdeseruntoptio','vol'),(152,'Etveritatisaut','vel'),(153,'Quienima','ame'),(154,'Aperiamrepellenduseveniet','per'),(155,'Possimusrerumofficia','dol'),(156,'Quasidolorqui','tem'),(157,'Recusandaerationevoluptas','eto'),(158,'Eligendivoluptatibusasperiores','vit'),(159,'Modinobisfuga','dis'),(160,'Inciduntsaepererum','vol'),(161,'Ipsablanditiisrerum','ade'),(162,'Exvelnesciunt','dis'),(163,'Culpadeseruntvelit','pra'),(164,'Veroinquo','ill'),(165,'Aundeofficia','vel'),(166,'Utaccusamusexcepturi','eve'),(167,'Veritatissedsaepe','exi'),(168,'Itaquequised','qui'),(169,'Sedestvero','off'),(170,'Quiquipraesentium','lab'),(171,'Nihilautnatus','por'),(172,'Reiciendisquiaanimi','qua'),(173,'Autessequo','min');
/*!40000 ALTER TABLE `buildings` ENABLE KEYS */;
UNLOCK TABLES;

--
-- Table structure for table `contract_lines`
--

DROP TABLE IF EXISTS `contract_lines`;
/*!40101 SET @saved_cs_client     = @@character_set_client */;
/*!40101 SET character_set_client = utf8 */;
CREATE TABLE `contract_lines` (
  `id` int(11) NOT NULL AUTO_INCREMENT,
  `contract_id` int(11) DEFAULT NULL,
  `type` varchar(255) COLLATE utf8_unicode_ci NOT NULL DEFAULT 'ItemLine',
  `item_id` int(11) DEFAULT NULL,
  `model_id` int(11) DEFAULT NULL,
  `quantity` int(11) DEFAULT '1',
  `start_date` date DEFAULT NULL,
  `end_date` date DEFAULT NULL,
  `returned_date` date DEFAULT NULL,
  `option_id` int(11) DEFAULT NULL,
  `purpose_id` int(11) DEFAULT NULL,
  `returned_to_user_id` int(11) DEFAULT NULL,
  `created_at` datetime DEFAULT NULL,
  `updated_at` datetime DEFAULT NULL,
  PRIMARY KEY (`id`),
  KEY `index_contract_lines_on_start_date` (`start_date`),
  KEY `index_contract_lines_on_end_date` (`end_date`),
  KEY `index_contract_lines_on_option_id` (`option_id`),
  KEY `index_contract_lines_on_contract_id` (`contract_id`),
  KEY `index_contract_lines_on_item_id` (`item_id`),
  KEY `index_contract_lines_on_model_id` (`model_id`),
  KEY `index_contract_lines_on_returned_date_and_contract_id` (`returned_date`,`contract_id`),
  KEY `index_contract_lines_on_type_and_contract_id` (`type`,`contract_id`),
  KEY `contract_lines_purpose_id_fk` (`purpose_id`),
  KEY `contract_lines_returned_to_user_id_fk` (`returned_to_user_id`),
  CONSTRAINT `contract_lines_returned_to_user_id_fk` FOREIGN KEY (`returned_to_user_id`) REFERENCES `users` (`id`),
  CONSTRAINT `contract_lines_contract_id_fk` FOREIGN KEY (`contract_id`) REFERENCES `contracts` (`id`) ON DELETE CASCADE,
  CONSTRAINT `contract_lines_item_id_fk` FOREIGN KEY (`item_id`) REFERENCES `items` (`id`),
  CONSTRAINT `contract_lines_model_id_fk` FOREIGN KEY (`model_id`) REFERENCES `models` (`id`),
  CONSTRAINT `contract_lines_option_id_fk` FOREIGN KEY (`option_id`) REFERENCES `options` (`id`),
  CONSTRAINT `contract_lines_purpose_id_fk` FOREIGN KEY (`purpose_id`) REFERENCES `purposes` (`id`)
) ENGINE=InnoDB AUTO_INCREMENT=200 DEFAULT CHARSET=utf8 COLLATE=utf8_unicode_ci;
/*!40101 SET character_set_client = @saved_cs_client */;

--
-- Dumping data for table `contract_lines`
--

LOCK TABLES `contract_lines` WRITE;
/*!40000 ALTER TABLE `contract_lines` DISABLE KEYS */;
INSERT INTO `contract_lines` VALUES (1,1,'ItemLine',NULL,111,1,'2012-06-27','2012-06-27',NULL,NULL,NULL,NULL,'2012-06-26 23:37:11','2012-06-26 23:37:11'),(2,1,'ItemLine',NULL,115,1,'2012-06-27','2012-06-27',NULL,NULL,NULL,NULL,'2012-06-26 23:37:11','2012-06-26 23:37:11'),(3,1,'ItemLine',NULL,119,1,'2012-06-27','2012-06-27',NULL,NULL,NULL,NULL,'2012-06-26 23:37:11','2012-06-26 23:37:11'),(4,1,'ItemLine',NULL,123,1,'2012-06-27','2012-06-27',NULL,NULL,NULL,NULL,'2012-06-26 23:37:11','2012-06-26 23:37:11'),(5,2,'ItemLine',NULL,39,1,'2012-06-27','2012-06-27',NULL,NULL,NULL,NULL,'2012-06-26 23:37:11','2012-06-26 23:37:11'),(6,2,'ItemLine',NULL,57,1,'2012-06-27','2012-06-27',NULL,NULL,NULL,NULL,'2012-06-26 23:37:11','2012-06-26 23:37:11'),(7,2,'ItemLine',NULL,55,1,'2012-06-27','2012-06-27',NULL,NULL,NULL,NULL,'2012-06-26 23:37:11','2012-06-26 23:37:11'),(8,2,'ItemLine',NULL,42,1,'2012-06-27','2012-06-27',NULL,NULL,NULL,NULL,'2012-06-26 23:37:11','2012-06-26 23:37:11'),(9,3,'ItemLine',NULL,8,1,'2012-07-04','2012-07-07',NULL,NULL,1,NULL,'2012-06-26 23:37:11','2012-06-26 23:37:11'),(10,3,'ItemLine',NULL,8,1,'2012-07-04','2012-07-07',NULL,NULL,1,NULL,'2012-06-26 23:37:11','2012-06-26 23:37:11'),(11,3,'ItemLine',NULL,8,1,'2012-07-04','2012-07-07',NULL,NULL,1,NULL,'2012-06-26 23:37:11','2012-06-26 23:37:11'),(12,3,'ItemLine',NULL,8,1,'2012-07-04','2012-07-07',NULL,NULL,1,NULL,'2012-06-26 23:37:11','2012-06-26 23:37:11'),(13,3,'ItemLine',NULL,8,1,'2012-07-04','2012-07-07',NULL,NULL,1,NULL,'2012-06-26 23:37:11','2012-06-26 23:37:11'),(14,3,'ItemLine',NULL,9,1,'2012-07-04','2012-07-07',NULL,NULL,2,NULL,'2012-06-26 23:37:11','2012-06-26 23:37:11'),(15,3,'ItemLine',NULL,9,1,'2012-07-04','2012-07-07',NULL,NULL,2,NULL,'2012-06-26 23:37:11','2012-06-26 23:37:11'),(16,3,'ItemLine',NULL,9,1,'2012-07-04','2012-07-07',NULL,NULL,2,NULL,'2012-06-26 23:37:11','2012-06-26 23:37:11'),(17,3,'ItemLine',NULL,9,1,'2012-07-04','2012-07-07',NULL,NULL,2,NULL,'2012-06-26 23:37:11','2012-06-26 23:37:11'),(18,4,'ItemLine',NULL,22,1,'2012-06-27','2012-06-28',NULL,NULL,3,NULL,'2012-06-26 23:37:11','2012-06-26 23:37:11'),(19,5,'ItemLine',NULL,41,1,'2012-06-27','2012-06-27',NULL,NULL,4,NULL,'2012-06-26 23:37:11','2012-06-26 23:37:11'),(20,5,'ItemLine',NULL,23,1,'2012-06-27','2012-06-27',NULL,NULL,4,NULL,'2012-06-26 23:37:11','2012-06-26 23:37:11'),(21,5,'ItemLine',NULL,67,1,'2012-06-27','2012-06-27',NULL,NULL,4,NULL,'2012-06-26 23:37:11','2012-06-26 23:37:11'),(22,5,'ItemLine',NULL,14,1,'2012-06-27','2012-06-27',NULL,NULL,4,NULL,'2012-06-26 23:37:11','2012-06-26 23:37:11'),(23,6,'ItemLine',NULL,69,1,'2012-06-27','2012-06-27',NULL,NULL,5,NULL,'2012-06-26 23:37:11','2012-06-26 23:37:11'),(24,6,'ItemLine',NULL,25,1,'2012-06-27','2012-06-27',NULL,NULL,5,NULL,'2012-06-26 23:37:11','2012-06-26 23:37:11'),(25,6,'ItemLine',NULL,50,1,'2012-06-27','2012-06-27',NULL,NULL,5,NULL,'2012-06-26 23:37:11','2012-06-26 23:37:11'),(26,6,'ItemLine',NULL,34,1,'2012-06-27','2012-06-27',NULL,NULL,5,NULL,'2012-06-26 23:37:11','2012-06-26 23:37:11'),(27,7,'ItemLine',NULL,1,1,'2012-06-27','2012-06-27',NULL,NULL,6,NULL,'2012-06-26 23:37:11','2012-06-26 23:37:11'),(28,7,'ItemLine',NULL,88,1,'2012-06-27','2012-06-27',NULL,NULL,6,NULL,'2012-06-26 23:37:11','2012-06-26 23:37:11'),(29,7,'ItemLine',NULL,2,1,'2012-06-27','2012-06-27',NULL,NULL,6,NULL,'2012-06-26 23:37:11','2012-06-26 23:37:11'),(30,7,'ItemLine',NULL,83,1,'2012-06-27','2012-06-27',NULL,NULL,6,NULL,'2012-06-26 23:37:11','2012-06-26 23:37:11'),(31,7,'ItemLine',NULL,80,1,'2012-06-27','2012-06-27',NULL,NULL,6,NULL,'2012-06-26 23:37:11','2012-06-26 23:37:11'),(32,8,'ItemLine',NULL,4,1,'2012-06-27','2012-06-27',NULL,NULL,7,NULL,'2012-06-26 23:37:11','2012-06-26 23:37:11'),(33,8,'ItemLine',NULL,127,1,'2012-06-27','2012-06-27',NULL,NULL,7,NULL,'2012-06-26 23:37:11','2012-06-26 23:37:11'),(34,8,'ItemLine',NULL,131,1,'2012-06-27','2012-06-27',NULL,NULL,7,NULL,'2012-06-26 23:37:11','2012-06-26 23:37:11'),(35,8,'ItemLine',NULL,135,1,'2012-06-27','2012-06-27',NULL,NULL,7,NULL,'2012-06-26 23:37:11','2012-06-26 23:37:11'),(36,8,'ItemLine',NULL,139,1,'2012-06-27','2012-06-27',NULL,NULL,7,NULL,'2012-06-26 23:37:11','2012-06-26 23:37:11'),(37,8,'ItemLine',NULL,143,1,'2012-06-27','2012-06-27',NULL,NULL,7,NULL,'2012-06-26 23:37:11','2012-06-26 23:37:11'),(38,9,'ItemLine',NULL,147,1,'2012-06-20','2012-06-20',NULL,NULL,8,NULL,'2012-06-19 23:37:11','2012-06-19 23:37:11'),(39,9,'ItemLine',NULL,148,1,'2012-06-20','2012-06-20',NULL,NULL,8,NULL,'2012-06-19 23:37:11','2012-06-19 23:37:11'),(40,9,'ItemLine',NULL,149,1,'2012-06-20','2012-06-20',NULL,NULL,8,NULL,'2012-06-19 23:37:11','2012-06-19 23:37:11'),(41,9,'ItemLine',NULL,150,1,'2012-06-20','2012-06-20',NULL,NULL,8,NULL,'2012-06-19 23:37:11','2012-06-19 23:37:11'),(42,9,'ItemLine',NULL,19,1,'2012-06-20','2012-06-20',NULL,NULL,9,NULL,'2012-06-19 23:37:11','2012-06-19 23:37:11'),(43,10,'ItemLine',NULL,151,1,'2012-06-27','2012-06-27',NULL,NULL,10,NULL,'2012-06-26 23:37:11','2012-06-26 23:37:11'),(44,10,'ItemLine',NULL,152,1,'2012-06-27','2012-06-27',NULL,NULL,10,NULL,'2012-06-26 23:37:11','2012-06-26 23:37:11'),(45,10,'ItemLine',NULL,153,1,'2012-06-27','2012-06-27',NULL,NULL,10,NULL,'2012-06-26 23:37:11','2012-06-26 23:37:11'),(46,10,'ItemLine',NULL,154,1,'2012-06-27','2012-06-27',NULL,NULL,10,NULL,'2012-06-26 23:37:11','2012-06-26 23:37:11'),(47,10,'ItemLine',NULL,155,1,'2012-06-27','2012-06-27',NULL,NULL,10,NULL,'2012-06-26 23:37:11','2012-06-26 23:37:11'),(48,10,'ItemLine',NULL,21,1,'2012-06-27','2012-06-27',NULL,NULL,11,NULL,'2012-06-26 23:37:11','2012-06-26 23:37:11'),(49,11,'ItemLine',NULL,156,1,'2012-06-27','2012-06-27',NULL,NULL,12,NULL,'2012-06-26 23:37:11','2012-06-26 23:37:11'),(50,11,'ItemLine',NULL,157,1,'2012-06-27','2012-06-27',NULL,NULL,12,NULL,'2012-06-26 23:37:11','2012-06-26 23:37:11'),(51,11,'ItemLine',NULL,158,1,'2012-06-27','2012-06-27',NULL,NULL,12,NULL,'2012-06-26 23:37:11','2012-06-26 23:37:11'),(52,11,'ItemLine',NULL,159,1,'2012-06-27','2012-06-27',NULL,NULL,12,NULL,'2012-06-26 23:37:11','2012-06-26 23:37:11'),(53,11,'ItemLine',NULL,160,1,'2012-06-27','2012-06-27',NULL,NULL,12,NULL,'2012-06-26 23:37:11','2012-06-26 23:37:11'),(54,12,'ItemLine',NULL,161,1,'2012-06-27','2012-06-27',NULL,NULL,13,NULL,'2012-06-26 23:37:11','2012-06-26 23:37:11'),(55,12,'ItemLine',NULL,162,1,'2012-06-27','2012-06-27',NULL,NULL,13,NULL,'2012-06-26 23:37:11','2012-06-26 23:37:11'),(56,12,'ItemLine',NULL,163,1,'2012-06-27','2012-06-27',NULL,NULL,13,NULL,'2012-06-26 23:37:11','2012-06-26 23:37:11'),(57,13,'ItemLine',NULL,164,1,'2012-06-27','2012-06-27',NULL,NULL,14,NULL,'2012-06-26 23:37:11','2012-06-26 23:37:11'),(58,13,'ItemLine',NULL,165,1,'2012-06-27','2012-06-27',NULL,NULL,14,NULL,'2012-06-26 23:37:11','2012-06-26 23:37:11'),(59,13,'ItemLine',NULL,166,1,'2012-06-27','2012-06-27',NULL,NULL,14,NULL,'2012-06-26 23:37:11','2012-06-26 23:37:11'),(60,13,'ItemLine',NULL,167,1,'2012-06-27','2012-06-27',NULL,NULL,14,NULL,'2012-06-26 23:37:11','2012-06-26 23:37:11'),(61,14,'ItemLine',NULL,168,1,'2012-06-26','2012-06-26',NULL,NULL,15,NULL,'2012-06-25 23:37:11','2012-06-25 23:37:11'),(62,14,'ItemLine',NULL,169,1,'2012-06-26','2012-06-26',NULL,NULL,15,NULL,'2012-06-25 23:37:11','2012-06-25 23:37:11'),(63,14,'ItemLine',NULL,170,1,'2012-06-26','2012-06-26',NULL,NULL,15,NULL,'2012-06-25 23:37:11','2012-06-25 23:37:11'),(64,14,'ItemLine',NULL,171,1,'2012-06-26','2012-06-26',NULL,NULL,15,NULL,'2012-06-25 23:37:11','2012-06-25 23:37:11'),(65,14,'ItemLine',NULL,20,1,'2012-06-26','2012-06-26',NULL,NULL,16,NULL,'2012-06-25 23:37:11','2012-06-25 23:37:11'),(66,14,'ItemLine',NULL,20,1,'2012-06-26','2012-06-26',NULL,NULL,16,NULL,'2012-06-25 23:37:11','2012-06-25 23:37:11'),(67,15,'ItemLine',NULL,172,1,'2012-06-22','2012-06-22',NULL,NULL,17,NULL,'2012-06-21 23:37:11','2012-06-21 23:37:11'),(68,15,'ItemLine',NULL,173,1,'2012-06-22','2012-06-22',NULL,NULL,17,NULL,'2012-06-21 23:37:11','2012-06-21 23:37:11'),(69,15,'ItemLine',NULL,174,1,'2012-06-22','2012-06-22',NULL,NULL,17,NULL,'2012-06-21 23:37:11','2012-06-21 23:37:11'),(70,15,'ItemLine',NULL,175,1,'2012-06-22','2012-06-22',NULL,NULL,17,NULL,'2012-06-21 23:37:11','2012-06-21 23:37:11'),(71,15,'ItemLine',NULL,176,1,'2012-06-22','2012-06-22',NULL,NULL,17,NULL,'2012-06-21 23:37:11','2012-06-21 23:37:11'),(72,16,'ItemLine',NULL,8,1,'2012-07-04','2012-07-07',NULL,NULL,18,NULL,'2012-06-26 23:37:11','2012-06-26 23:37:11'),(73,16,'ItemLine',NULL,9,1,'2012-07-04','2012-07-07',NULL,NULL,19,NULL,'2012-06-26 23:37:11','2012-06-26 23:37:11'),(74,16,'ItemLine',NULL,9,1,'2012-07-05','2012-07-08',NULL,NULL,20,NULL,'2012-06-26 23:37:11','2012-06-26 23:37:11'),(75,17,'ItemLine',NULL,6,1,'2012-06-27','2012-06-28',NULL,NULL,21,NULL,'2012-06-26 23:37:11','2012-06-26 23:37:11'),(76,18,'ItemLine',NULL,177,1,'2012-06-27','2012-06-27',NULL,NULL,22,NULL,'2012-06-26 23:37:11','2012-06-26 23:37:11'),(77,18,'ItemLine',NULL,181,1,'2012-06-27','2012-06-27',NULL,NULL,22,NULL,'2012-06-26 23:37:11','2012-06-26 23:37:11'),(78,18,'ItemLine',NULL,185,1,'2012-06-27','2012-06-27',NULL,NULL,22,NULL,'2012-06-26 23:37:11','2012-06-26 23:37:11'),(79,18,'ItemLine',NULL,189,1,'2012-06-27','2012-06-27',NULL,NULL,22,NULL,'2012-06-26 23:37:11','2012-06-26 23:37:11'),(80,19,'ItemLine',205,193,1,'2012-06-27','2012-06-27',NULL,NULL,23,NULL,'2012-06-26 23:37:11','2012-06-26 23:37:11'),(81,19,'ItemLine',206,194,1,'2012-06-27','2012-06-27',NULL,NULL,23,NULL,'2012-06-26 23:37:11','2012-06-26 23:37:11'),(82,19,'ItemLine',207,195,1,'2012-06-27','2012-06-27',NULL,NULL,23,NULL,'2012-06-26 23:37:11','2012-06-26 23:37:11'),(83,19,'ItemLine',208,196,1,'2012-06-27','2012-06-27',NULL,NULL,23,NULL,'2012-06-26 23:37:11','2012-06-26 23:37:11'),(84,19,'ItemLine',209,197,1,'2012-06-27','2012-06-27',NULL,NULL,23,NULL,'2012-06-26 23:37:11','2012-06-26 23:37:11'),(85,19,'ItemLine',210,198,1,'2012-06-27','2012-06-27',NULL,NULL,23,NULL,'2012-06-26 23:37:11','2012-06-26 23:37:11'),(86,19,'ItemLine',211,199,1,'2012-06-27','2012-06-27',NULL,NULL,23,NULL,'2012-06-26 23:37:11','2012-06-26 23:37:11'),(87,19,'ItemLine',212,200,1,'2012-06-27','2012-06-27',NULL,NULL,23,NULL,'2012-06-26 23:37:11','2012-06-26 23:37:11'),(88,19,'ItemLine',213,201,1,'2012-06-27','2012-06-27',NULL,NULL,23,NULL,'2012-06-26 23:37:11','2012-06-26 23:37:11'),(89,19,'ItemLine',214,202,1,'2012-06-27','2012-06-27',NULL,NULL,23,NULL,'2012-06-26 23:37:11','2012-06-26 23:37:11'),(90,19,'ItemLine',215,203,1,'2012-06-27','2012-06-27',NULL,NULL,23,NULL,'2012-06-26 23:37:11','2012-06-26 23:37:11'),(91,19,'ItemLine',216,204,1,'2012-06-27','2012-06-27',NULL,NULL,23,NULL,'2012-06-26 23:37:11','2012-06-26 23:37:11'),(92,19,'ItemLine',217,205,1,'2012-06-27','2012-06-27',NULL,NULL,23,NULL,'2012-06-26 23:37:11','2012-06-26 23:37:11'),(93,19,'ItemLine',218,206,1,'2012-06-27','2012-06-27',NULL,NULL,23,NULL,'2012-06-26 23:37:11','2012-06-26 23:37:11'),(94,19,'ItemLine',219,207,1,'2012-06-27','2012-06-27',NULL,NULL,23,NULL,'2012-06-26 23:37:11','2012-06-26 23:37:11'),(95,19,'ItemLine',220,208,1,'2012-06-27','2012-06-27',NULL,NULL,23,NULL,'2012-06-26 23:37:11','2012-06-26 23:37:11'),(96,19,'ItemLine',221,209,1,'2012-06-27','2012-06-27',NULL,NULL,23,NULL,'2012-06-26 23:37:11','2012-06-26 23:37:11'),(97,19,'ItemLine',222,210,1,'2012-06-27','2012-06-27',NULL,NULL,23,NULL,'2012-06-26 23:37:11','2012-06-26 23:37:11'),(98,19,'ItemLine',223,211,1,'2012-06-27','2012-06-27',NULL,NULL,23,NULL,'2012-06-26 23:37:11','2012-06-26 23:37:11'),(99,19,'ItemLine',224,212,1,'2012-06-27','2012-06-27',NULL,NULL,23,NULL,'2012-06-26 23:37:11','2012-06-26 23:37:11'),(100,19,'ItemLine',225,213,1,'2012-06-27','2012-06-27',NULL,NULL,23,NULL,'2012-06-26 23:37:11','2012-06-26 23:37:11'),(101,19,'ItemLine',226,214,1,'2012-06-27','2012-06-27',NULL,NULL,23,NULL,'2012-06-26 23:37:11','2012-06-26 23:37:11'),(102,19,'ItemLine',227,215,1,'2012-06-27','2012-06-27',NULL,NULL,23,NULL,'2012-06-26 23:37:11','2012-06-26 23:37:11'),(103,19,'ItemLine',228,216,1,'2012-06-27','2012-06-27',NULL,NULL,23,NULL,'2012-06-26 23:37:11','2012-06-26 23:37:11'),(104,19,'ItemLine',229,217,1,'2012-06-27','2012-06-27',NULL,NULL,23,NULL,'2012-06-26 23:37:11','2012-06-26 23:37:11'),(105,19,'ItemLine',230,218,1,'2012-06-27','2012-06-27',NULL,NULL,23,NULL,'2012-06-26 23:37:11','2012-06-26 23:37:11'),(106,19,'ItemLine',231,219,1,'2012-06-27','2012-06-27',NULL,NULL,23,NULL,'2012-06-26 23:37:11','2012-06-26 23:37:11'),(107,19,'ItemLine',232,220,1,'2012-06-27','2012-06-27',NULL,NULL,23,NULL,'2012-06-26 23:37:11','2012-06-26 23:37:11'),(108,19,'ItemLine',233,221,1,'2012-06-27','2012-06-27',NULL,NULL,23,NULL,'2012-06-26 23:37:11','2012-06-26 23:37:11'),(109,19,'ItemLine',234,222,1,'2012-06-27','2012-06-27',NULL,NULL,23,NULL,'2012-06-26 23:37:11','2012-06-26 23:37:11'),(110,19,'ItemLine',235,223,1,'2012-06-27','2012-06-27',NULL,NULL,23,NULL,'2012-06-26 23:37:11','2012-06-26 23:37:11'),(111,19,'ItemLine',236,224,1,'2012-06-27','2012-06-27',NULL,NULL,23,NULL,'2012-06-26 23:37:11','2012-06-26 23:37:11'),(112,19,'ItemLine',237,225,1,'2012-06-27','2012-06-27',NULL,NULL,23,NULL,'2012-06-26 23:37:11','2012-06-26 23:37:11'),(113,19,'ItemLine',238,226,1,'2012-06-27','2012-06-27',NULL,NULL,23,NULL,'2012-06-26 23:37:11','2012-06-26 23:37:11'),(114,19,'ItemLine',239,227,1,'2012-06-27','2012-06-27',NULL,NULL,23,NULL,'2012-06-26 23:37:11','2012-06-26 23:37:11'),(115,19,'ItemLine',240,228,1,'2012-06-27','2012-06-27',NULL,NULL,23,NULL,'2012-06-26 23:37:11','2012-06-26 23:37:11'),(116,19,'ItemLine',241,229,1,'2012-06-27','2012-06-27',NULL,NULL,23,NULL,'2012-06-26 23:37:11','2012-06-26 23:37:11'),(117,19,'ItemLine',NULL,230,1,'2012-06-27','2012-06-27',NULL,NULL,24,NULL,'2012-06-26 23:37:11','2012-06-26 23:37:11'),(118,19,'ItemLine',NULL,231,1,'2012-06-27','2012-06-27',NULL,NULL,24,NULL,'2012-06-26 23:37:11','2012-06-26 23:37:11'),(119,20,'ItemLine',NULL,232,1,'2012-06-20','2012-06-20',NULL,NULL,25,NULL,'2012-06-19 23:37:11','2012-06-19 23:37:11'),(120,20,'ItemLine',NULL,233,1,'2012-06-20','2012-06-20',NULL,NULL,25,NULL,'2012-06-19 23:37:11','2012-06-19 23:37:11'),(121,20,'ItemLine',NULL,234,1,'2012-06-20','2012-06-20',NULL,NULL,25,NULL,'2012-06-19 23:37:11','2012-06-19 23:37:11'),(122,20,'ItemLine',NULL,235,1,'2012-06-20','2012-06-20',NULL,NULL,25,NULL,'2012-06-19 23:37:11','2012-06-19 23:37:11'),(123,20,'ItemLine',NULL,19,1,'2012-06-20','2012-06-20',NULL,NULL,26,NULL,'2012-06-19 23:37:11','2012-06-19 23:37:11'),(124,21,'ItemLine',88,19,1,'2012-03-27','2012-03-27','2012-03-27',NULL,27,NULL,'2012-03-26 23:37:11','2012-03-26 23:37:11'),(125,22,'ItemLine',248,236,1,'2012-06-27','2012-06-27',NULL,NULL,28,NULL,'2012-06-26 23:37:11','2012-06-26 23:37:11'),(126,22,'OptionLine',NULL,NULL,2,'2012-06-27','2012-06-27',NULL,5,29,NULL,'2012-06-26 23:37:11','2012-06-26 23:37:11'),(127,23,'OptionLine',NULL,NULL,2,'2012-06-27','2012-06-27',NULL,4,30,NULL,'2012-06-26 23:37:11','2012-06-26 23:37:11'),(128,23,'OptionLine',NULL,NULL,1,'2012-06-27','2012-07-27',NULL,4,31,NULL,'2012-06-26 23:37:11','2012-06-26 23:37:11'),(129,24,'ItemLine',249,237,1,'2012-06-27','2012-06-27',NULL,NULL,32,NULL,'2012-06-26 23:37:11','2012-06-26 23:37:11'),(130,25,'ItemLine',NULL,238,1,'2012-06-22','2012-06-26',NULL,NULL,33,NULL,'2012-06-21 23:37:11','2012-06-21 23:37:11'),(131,25,'OptionLine',NULL,NULL,1,'2012-06-22','2012-06-26',NULL,6,34,NULL,'2012-06-21 23:37:11','2012-06-21 23:37:11'),(132,26,'ItemLine',86,4,1,'2012-06-27','2012-06-27','2012-06-27',NULL,35,NULL,'2012-06-26 23:37:11','2012-06-26 23:37:11'),(133,27,'ItemLine',87,4,1,'2012-06-27','2012-06-27','2012-06-27',NULL,36,NULL,'2012-06-26 23:37:11','2012-06-26 23:37:11'),(134,28,'ItemLine',251,239,1,'2012-06-27','2012-06-27','2012-06-27',NULL,37,NULL,'2012-06-26 23:37:11','2012-06-26 23:37:11'),(135,29,'ItemLine',124,101,1,'2012-06-27','2012-06-27','2012-06-27',NULL,38,NULL,'2012-06-26 23:37:11','2012-06-26 23:37:11'),(136,30,'ItemLine',NULL,9,1,'2012-06-27','2012-06-27',NULL,NULL,39,NULL,'2012-06-26 23:37:11','2012-06-26 23:37:11'),(137,31,'ItemLine',NULL,9,1,'2012-06-27','2012-06-27',NULL,NULL,40,NULL,'2012-06-26 23:37:11','2012-06-26 23:37:11'),(138,31,'ItemLine',NULL,2,1,'2012-06-27','2012-06-27',NULL,NULL,41,NULL,'2012-06-26 23:37:11','2012-06-26 23:37:11'),(139,32,'ItemLine',NULL,9,1,'2012-07-04','2012-07-05',NULL,NULL,42,NULL,'2012-06-26 23:37:11','2012-06-26 23:37:11'),(140,33,'ItemLine',NULL,2,1,'2012-06-27','2012-06-27',NULL,NULL,43,NULL,'2012-06-26 23:37:11','2012-06-26 23:37:11'),(141,33,'ItemLine',NULL,2,1,'2012-06-27','2012-06-27',NULL,NULL,43,NULL,'2012-06-26 23:37:11','2012-06-26 23:37:11'),(142,33,'ItemLine',NULL,2,1,'2012-06-27','2012-06-27',NULL,NULL,43,NULL,'2012-06-26 23:37:11','2012-06-26 23:37:11'),(143,34,'ItemLine',NULL,8,1,'2012-06-27','2012-06-27',NULL,NULL,44,NULL,'2012-06-26 23:37:11','2012-06-26 23:37:11'),(144,34,'ItemLine',NULL,8,1,'2012-06-27','2012-06-27',NULL,NULL,44,NULL,'2012-06-26 23:37:11','2012-06-26 23:37:11'),(145,34,'ItemLine',NULL,8,1,'2012-06-27','2012-06-27',NULL,NULL,44,NULL,'2012-06-26 23:37:11','2012-06-26 23:37:11'),(146,34,'ItemLine',NULL,9,1,'2012-06-27','2012-06-27',NULL,NULL,45,NULL,'2012-06-26 23:37:11','2012-06-26 23:37:11'),(147,34,'ItemLine',NULL,9,1,'2012-06-27','2012-06-27',NULL,NULL,45,NULL,'2012-06-26 23:37:11','2012-06-26 23:37:11'),(148,34,'ItemLine',NULL,9,1,'2012-06-27','2012-06-27',NULL,NULL,45,NULL,'2012-06-26 23:37:11','2012-06-26 23:37:11'),(149,34,'OptionLine',NULL,NULL,5,'2012-06-27','2012-06-27',NULL,1,46,NULL,'2012-06-26 23:37:11','2012-06-26 23:37:11'),(150,35,'ItemLine',NULL,240,1,'2012-06-27','2012-06-27',NULL,NULL,47,NULL,'2012-06-26 23:37:11','2012-06-26 23:37:11'),(151,36,'ItemLine',253,241,1,'2012-06-27','2012-06-27',NULL,NULL,48,NULL,'2012-06-26 23:37:11','2012-06-26 23:37:11'),(152,37,'ItemLine',60,8,1,'2012-06-27','2012-06-27',NULL,NULL,49,NULL,'2012-06-26 23:37:11','2012-06-26 23:37:11'),(153,38,'ItemLine',93,23,1,'2012-06-22','2012-06-26',NULL,NULL,50,NULL,'2012-06-21 23:37:11','2012-06-21 23:37:11'),(154,38,'OptionLine',NULL,NULL,1,'2012-06-22','2012-06-22',NULL,7,51,NULL,'2012-06-21 23:37:11','2012-06-21 23:37:11'),(155,39,'ItemLine',254,242,1,'2012-06-27','2012-06-27',NULL,NULL,52,NULL,'2012-06-26 23:37:11','2012-06-26 23:37:11'),(156,40,'ItemLine',255,243,1,'2012-06-27','2012-06-27',NULL,NULL,53,NULL,'2012-06-26 23:37:11','2012-06-26 23:37:11'),(157,40,'ItemLine',256,244,1,'2012-06-27','2012-06-27','2012-06-27',NULL,54,5,'2012-06-26 23:37:11','2012-06-26 23:37:11'),(158,41,'ItemLine',106,86,1,'2012-06-27','2012-06-27',NULL,NULL,55,NULL,'2012-06-26 23:37:11','2012-06-26 23:37:11'),(159,41,'ItemLine',56,2,1,'2012-06-27','2012-06-27',NULL,NULL,56,NULL,'2012-06-26 23:37:11','2012-06-26 23:37:11'),(160,42,'ItemLine',257,245,1,'2012-06-27','2012-06-27',NULL,NULL,57,NULL,'2012-06-26 23:37:11','2012-06-26 23:37:11'),(161,43,'ItemLine',108,88,1,'2012-06-27','2012-06-27',NULL,NULL,58,NULL,'2012-06-26 23:37:11','2012-06-26 23:37:11'),(162,44,'ItemLine',NULL,2,1,'2012-06-24','2012-06-28',NULL,NULL,59,NULL,'2012-06-26 23:37:11','2012-06-26 23:37:11'),(163,44,'ItemLine',NULL,246,1,'2012-06-24','2012-06-28',NULL,NULL,60,NULL,'2012-06-26 23:37:11','2012-06-26 23:37:11'),(164,45,'ItemLine',NULL,22,1,'2012-06-27','2012-06-27',NULL,NULL,61,NULL,'2012-06-26 23:37:11','2012-06-26 23:37:11'),(165,45,'ItemLine',NULL,22,1,'2012-06-27','2012-06-27',NULL,NULL,61,NULL,'2012-06-26 23:37:11','2012-06-26 23:37:11'),(166,46,'ItemLine',53,2,1,'2012-06-27','2012-06-27',NULL,NULL,62,NULL,'2012-06-26 23:37:11','2012-06-26 23:37:11'),(167,46,'OptionLine',NULL,NULL,1,'2012-06-27','2012-06-27',NULL,1,63,NULL,'2012-06-26 23:37:11','2012-06-26 23:37:11'),(168,47,'ItemLine',NULL,8,1,'2012-08-03','2012-08-11',NULL,NULL,64,NULL,'2012-06-26 23:37:11','2012-06-26 23:37:11'),(169,48,'ItemLine',NULL,8,1,'2012-08-18','2012-08-21',NULL,NULL,65,NULL,'2012-06-26 23:37:11','2012-06-26 23:37:11'),(170,48,'ItemLine',NULL,8,1,'2012-08-18','2012-08-21',NULL,NULL,65,NULL,'2012-06-26 23:37:11','2012-06-26 23:37:11'),(171,48,'ItemLine',NULL,8,1,'2012-08-18','2012-08-21',NULL,NULL,65,NULL,'2012-06-26 23:37:11','2012-06-26 23:37:11'),(172,48,'ItemLine',NULL,8,1,'2012-08-18','2012-08-21',NULL,NULL,65,NULL,'2012-06-26 23:37:11','2012-06-26 23:37:11'),(173,48,'ItemLine',NULL,8,1,'2012-08-18','2012-08-21',NULL,NULL,65,NULL,'2012-06-26 23:37:11','2012-06-26 23:37:11'),(174,48,'ItemLine',NULL,8,1,'2012-08-18','2012-08-21',NULL,NULL,65,NULL,'2012-06-26 23:37:11','2012-06-26 23:37:11'),(175,49,'ItemLine',NULL,247,1,'2012-06-27','2012-06-27',NULL,NULL,66,NULL,'2012-06-26 23:37:11','2012-06-26 23:37:11'),(176,49,'ItemLine',NULL,248,1,'2012-06-27','2012-06-27',NULL,NULL,66,NULL,'2012-06-26 23:37:11','2012-06-26 23:37:11'),(177,49,'ItemLine',NULL,249,1,'2012-06-27','2012-06-27',NULL,NULL,66,NULL,'2012-06-26 23:37:11','2012-06-26 23:37:11'),(178,49,'ItemLine',NULL,250,1,'2012-06-27','2012-06-27',NULL,NULL,66,NULL,'2012-06-26 23:37:11','2012-06-26 23:37:11'),(179,50,'ItemLine',NULL,251,1,'2012-06-27','2012-06-27',NULL,NULL,67,NULL,'2012-06-26 23:37:11','2012-06-26 23:37:11'),(180,50,'ItemLine',NULL,252,1,'2012-06-27','2012-06-27',NULL,NULL,67,NULL,'2012-06-26 23:37:11','2012-06-26 23:37:11'),(181,50,'ItemLine',NULL,253,1,'2012-06-27','2012-06-27',NULL,NULL,67,NULL,'2012-06-26 23:37:11','2012-06-26 23:37:11'),(182,50,'ItemLine',NULL,254,1,'2012-06-27','2012-06-27',NULL,NULL,67,NULL,'2012-06-26 23:37:11','2012-06-26 23:37:11'),(183,51,'ItemLine',267,255,1,'2012-06-27','2012-06-27',NULL,NULL,68,NULL,'2012-06-26 23:37:11','2012-06-26 23:37:11'),(184,51,'ItemLine',268,256,1,'2012-06-27','2012-06-27',NULL,NULL,68,NULL,'2012-06-26 23:37:11','2012-06-26 23:37:11'),(185,51,'ItemLine',269,257,1,'2012-06-27','2012-06-27',NULL,NULL,68,NULL,'2012-06-26 23:37:11','2012-06-26 23:37:11'),(186,52,'ItemLine',270,258,1,'2012-06-27','2012-06-27',NULL,NULL,69,NULL,'2012-06-26 23:37:11','2012-06-26 23:37:11'),(187,52,'ItemLine',271,259,1,'2012-06-27','2012-06-27',NULL,NULL,69,NULL,'2012-06-26 23:37:11','2012-06-26 23:37:11'),(188,52,'ItemLine',272,260,1,'2012-06-27','2012-06-27',NULL,NULL,69,NULL,'2012-06-26 23:37:11','2012-06-26 23:37:11'),(189,52,'ItemLine',273,261,1,'2012-06-27','2012-06-27',NULL,NULL,69,NULL,'2012-06-26 23:37:11','2012-06-26 23:37:11'),(190,52,'ItemLine',274,262,1,'2012-06-27','2012-06-27',NULL,NULL,69,NULL,'2012-06-26 23:37:11','2012-06-26 23:37:11'),(191,53,'ItemLine',275,263,1,'2012-06-22','2012-06-22',NULL,NULL,70,NULL,'2012-06-21 23:37:11','2012-06-21 23:37:11'),(192,53,'ItemLine',276,264,1,'2012-06-22','2012-06-22',NULL,NULL,70,NULL,'2012-06-21 23:37:11','2012-06-21 23:37:11'),(193,53,'ItemLine',277,265,1,'2012-06-22','2012-06-22',NULL,NULL,70,NULL,'2012-06-21 23:37:11','2012-06-21 23:37:11'),(194,53,'ItemLine',278,266,1,'2012-06-22','2012-06-22',NULL,NULL,70,NULL,'2012-06-21 23:37:11','2012-06-21 23:37:11'),(195,53,'ItemLine',279,267,1,'2012-06-22','2012-06-22',NULL,NULL,70,NULL,'2012-06-21 23:37:11','2012-06-21 23:37:11'),(196,54,'ItemLine',NULL,268,1,'2012-06-21','2012-06-21',NULL,NULL,71,NULL,'2012-06-20 23:37:11','2012-06-20 23:37:11'),(197,54,'ItemLine',NULL,269,1,'2012-06-21','2012-06-21',NULL,NULL,71,NULL,'2012-06-20 23:37:11','2012-06-20 23:37:11'),(198,54,'ItemLine',NULL,270,1,'2012-06-21','2012-06-21',NULL,NULL,71,NULL,'2012-06-20 23:37:11','2012-06-20 23:37:11'),(199,54,'ItemLine',NULL,19,1,'2012-06-21','2012-06-21',NULL,NULL,72,NULL,'2012-06-20 23:37:11','2012-06-20 23:37:11');
/*!40000 ALTER TABLE `contract_lines` ENABLE KEYS */;
UNLOCK TABLES;

--
-- Table structure for table `contracts`
--

DROP TABLE IF EXISTS `contracts`;
/*!40101 SET @saved_cs_client     = @@character_set_client */;
/*!40101 SET character_set_client = utf8 */;
CREATE TABLE `contracts` (
  `id` int(11) NOT NULL AUTO_INCREMENT,
  `user_id` int(11) DEFAULT NULL,
  `delegated_user_id` int(11) DEFAULT NULL,
  `inventory_pool_id` int(11) DEFAULT NULL,
  `note` text COLLATE utf8_unicode_ci,
  `handed_over_by_user_id` int(11) DEFAULT NULL,
  `created_at` datetime DEFAULT NULL,
  `updated_at` datetime DEFAULT NULL,
  `status` enum('unsubmitted','submitted','rejected','approved','signed','closed') COLLATE utf8_unicode_ci NOT NULL,
  PRIMARY KEY (`id`),
  KEY `index_contracts_on_inventory_pool_id` (`inventory_pool_id`),
  KEY `index_contracts_on_status` (`status`),
  KEY `index_contracts_on_user_id` (`user_id`),
  KEY `contracts_delegated_user_id_fk` (`delegated_user_id`),
  KEY `contracts_handed_over_by_user_id_fk` (`handed_over_by_user_id`),
  CONSTRAINT `contracts_handed_over_by_user_id_fk` FOREIGN KEY (`handed_over_by_user_id`) REFERENCES `users` (`id`),
  CONSTRAINT `contracts_delegated_user_id_fk` FOREIGN KEY (`delegated_user_id`) REFERENCES `users` (`id`),
  CONSTRAINT `contracts_inventory_pool_id_fk` FOREIGN KEY (`inventory_pool_id`) REFERENCES `inventory_pools` (`id`),
  CONSTRAINT `contracts_user_id_fk` FOREIGN KEY (`user_id`) REFERENCES `users` (`id`)
) ENGINE=InnoDB AUTO_INCREMENT=55 DEFAULT CHARSET=utf8 COLLATE=utf8_unicode_ci;
/*!40101 SET character_set_client = @saved_cs_client */;

--
-- Dumping data for table `contracts`
--

LOCK TABLES `contracts` WRITE;
/*!40000 ALTER TABLE `contracts` DISABLE KEYS */;
INSERT INTO `contracts` VALUES (1,34,NULL,7,NULL,NULL,'2012-06-26 23:37:11','2012-06-26 23:37:11','unsubmitted'),(2,6,NULL,1,NULL,NULL,'2012-06-26 23:37:11','2012-06-26 23:37:11','unsubmitted'),(3,6,NULL,1,NULL,NULL,'2012-06-26 23:37:11','2012-06-26 23:37:11','submitted'),(4,19,NULL,1,NULL,NULL,'2012-06-26 23:37:11','2012-06-26 23:37:11','submitted'),(5,6,NULL,1,NULL,NULL,'2012-06-26 23:37:11','2012-06-26 23:37:11','submitted'),(6,6,NULL,1,NULL,NULL,'2012-06-26 23:37:11','2012-06-26 23:37:11','submitted'),(7,6,NULL,2,NULL,NULL,'2012-06-26 23:37:11','2012-06-26 23:37:11','submitted'),(8,6,NULL,3,NULL,NULL,'2012-06-26 23:37:11','2012-06-26 23:37:11','submitted'),(9,14,NULL,1,NULL,NULL,'2012-06-19 23:37:11','2012-06-19 23:37:11','submitted'),(10,15,NULL,1,NULL,NULL,'2012-06-26 23:37:11','2012-06-26 23:37:11','submitted'),(11,16,NULL,1,NULL,NULL,'2012-06-26 23:37:11','2012-06-26 23:37:11','submitted'),(12,17,NULL,1,NULL,NULL,'2012-06-26 23:37:11','2012-06-26 23:37:11','submitted'),(13,18,NULL,1,NULL,NULL,'2012-06-26 23:37:11','2012-06-26 23:37:11','submitted'),(14,14,NULL,1,NULL,NULL,'2012-06-25 23:37:11','2012-06-25 23:37:11','submitted'),(15,14,NULL,1,NULL,NULL,'2012-06-21 23:37:11','2012-06-21 23:37:11','submitted'),(16,11,NULL,1,NULL,NULL,'2012-06-26 23:37:11','2012-06-26 23:37:11','submitted'),(17,11,NULL,1,NULL,NULL,'2012-06-26 23:37:11','2012-06-26 23:37:11','submitted'),(18,35,NULL,12,NULL,NULL,'2012-06-26 23:37:11','2012-06-26 23:37:11','approved'),(19,22,NULL,1,NULL,NULL,'2012-06-26 23:37:11','2012-06-26 23:37:11','approved'),(20,14,NULL,1,NULL,NULL,'2012-06-19 23:37:11','2012-06-19 23:37:11','approved'),(21,14,NULL,1,NULL,5,'2012-03-26 23:37:11','2012-03-26 23:37:11','closed'),(22,21,NULL,1,NULL,5,'2012-06-26 23:37:11','2012-06-26 23:37:11','signed'),(23,8,NULL,1,NULL,5,'2012-06-26 23:37:11','2012-06-26 23:37:11','signed'),(24,15,NULL,1,NULL,5,'2012-06-26 23:37:11','2012-06-26 23:37:11','signed'),(25,27,10,2,NULL,NULL,'2012-06-21 23:37:11','2012-06-21 23:37:11','approved'),(26,30,24,1,NULL,5,'2012-06-26 23:37:11','2012-06-26 23:37:11','closed'),(27,26,10,1,NULL,5,'2012-06-26 23:37:11','2012-06-26 23:37:11','closed'),(28,20,NULL,1,NULL,5,'2012-06-26 23:37:11','2012-06-26 23:37:11','closed'),(29,20,NULL,1,NULL,5,'2012-06-26 23:37:11','2012-06-26 23:37:11','closed'),(30,6,NULL,1,NULL,NULL,'2012-06-26 23:37:11','2012-06-26 23:37:11','approved'),(31,6,NULL,1,NULL,NULL,'2012-06-26 23:37:11','2012-06-26 23:37:11','approved'),(32,6,NULL,1,NULL,NULL,'2012-06-26 23:37:11','2012-06-26 23:37:11','approved'),(33,6,NULL,1,NULL,NULL,'2012-06-26 23:37:11','2012-06-26 23:37:11','approved'),(34,6,NULL,1,NULL,NULL,'2012-06-26 23:37:11','2012-06-26 23:37:11','approved'),(35,6,NULL,1,NULL,NULL,'2012-06-26 23:37:11','2012-06-26 23:37:11','approved'),(36,6,NULL,1,NULL,NULL,'2012-06-26 23:37:11','2012-06-26 23:37:11','approved'),(37,6,NULL,1,NULL,5,'2012-06-26 23:37:11','2012-06-26 23:37:11','signed'),(38,13,NULL,1,NULL,5,'2012-06-21 23:37:11','2012-06-21 23:37:11','signed'),(39,6,NULL,1,NULL,5,'2012-06-26 23:37:11','2012-06-26 23:37:11','signed'),(40,6,NULL,2,NULL,5,'2012-06-26 23:37:11','2012-06-26 23:37:11','signed'),(41,6,NULL,2,NULL,5,'2012-06-26 23:37:11','2012-06-26 23:37:11','signed'),(42,6,NULL,2,NULL,5,'2012-06-26 23:37:11','2012-06-26 23:37:11','signed'),(43,6,NULL,1,NULL,5,'2012-06-26 23:37:11','2012-06-26 23:37:11','signed'),(44,11,NULL,1,NULL,NULL,'2012-06-26 23:37:11','2012-06-26 23:37:11','approved'),(45,13,NULL,1,NULL,NULL,'2012-06-26 23:37:11','2012-06-26 23:37:11','submitted'),(46,11,NULL,1,NULL,5,'2012-06-26 23:37:11','2012-06-26 23:37:11','signed'),(47,13,NULL,1,NULL,NULL,'2012-06-26 23:37:11','2012-06-26 23:37:11','submitted'),(48,13,NULL,1,NULL,NULL,'2012-06-26 23:37:11','2012-06-26 23:37:11','submitted'),(49,26,10,1,NULL,NULL,'2012-06-26 23:37:11','2012-06-26 23:37:11','submitted'),(50,26,12,1,NULL,NULL,'2012-06-26 23:37:11','2012-06-26 23:37:11','approved'),(51,30,24,1,NULL,NULL,'2012-06-26 23:37:11','2012-06-26 23:37:11','approved'),(52,26,10,1,NULL,5,'2012-06-26 23:37:11','2012-06-26 23:37:11','signed'),(53,26,10,1,NULL,5,'2012-06-21 23:37:11','2012-06-21 23:37:11','signed'),(54,14,NULL,1,NULL,NULL,'2012-06-20 23:37:11','2012-06-20 23:37:11','rejected');
/*!40000 ALTER TABLE `contracts` ENABLE KEYS */;
UNLOCK TABLES;

--
-- Table structure for table `database_authentications`
--

DROP TABLE IF EXISTS `database_authentications`;
/*!40101 SET @saved_cs_client     = @@character_set_client */;
/*!40101 SET character_set_client = utf8 */;
CREATE TABLE `database_authentications` (
  `id` int(11) NOT NULL AUTO_INCREMENT,
  `login` varchar(255) COLLATE utf8_unicode_ci DEFAULT NULL,
  `crypted_password` varchar(40) COLLATE utf8_unicode_ci DEFAULT NULL,
  `salt` varchar(40) COLLATE utf8_unicode_ci DEFAULT NULL,
  `user_id` int(11) DEFAULT NULL,
  `created_at` datetime DEFAULT NULL,
  `updated_at` datetime DEFAULT NULL,
  PRIMARY KEY (`id`),
  KEY `database_authentications_user_id_fk` (`user_id`),
  CONSTRAINT `database_authentications_user_id_fk` FOREIGN KEY (`user_id`) REFERENCES `users` (`id`) ON DELETE CASCADE
) ENGINE=InnoDB AUTO_INCREMENT=31 DEFAULT CHARSET=utf8 COLLATE=utf8_unicode_ci;
/*!40101 SET character_set_client = @saved_cs_client */;

--
-- Dumping data for table `database_authentications`
--

LOCK TABLES `database_authentications` WRITE;
/*!40000 ALTER TABLE `database_authentications` DISABLE KEYS */;
INSERT INTO `database_authentications` VALUES (1,'gino','472ee8dd55681735306aaa9eac01c380a691e9b6','928d89865732ed77c2ce3fbba31d5ab98f9c697c',1,'2012-06-26 23:37:11','2012-06-26 23:37:11'),(2,'ramon','f0b88a05bdb1ddb0a2737f4ec8852c731b02f4c2','888222b4409f5529a31a0d2f20982540578c4940',2,'2012-06-26 23:37:11','2012-06-26 23:37:11'),(3,'matti','e4a59ede2131310ede30e207f48ad6b65a860d5b','ce2d8d381952eadbdae38e1e7930373c65ed8334',3,'2012-06-26 23:37:11','2012-06-26 23:37:11'),(4,'mike','1b0ccb9bd9c64b052386cbea842b76bdbf2de543','435cf22ba6f079bbf588a89df82879929c7b8f5c',4,'2012-06-26 23:37:11','2012-06-26 23:37:11'),(5,'pius','06e155be6f9333318081fb030fb6de6b99d6fad3','7a4cb30d2d5c9bff5b45196c66511c3eead11760',5,'2012-06-26 23:37:11','2012-06-26 23:37:11'),(6,'normin','74bf77db41e7b934f789da1cda8567e19e2e990a','e8b5e54380df03ed0dccb17071d850205539c987',6,'2012-06-26 23:37:11','2012-06-26 23:37:11'),(7,'eugenia','9e54f826464726ef5274d445539ce9528940179e','b50ef9836744df76427dfa3bf7b6c4cb7deb62b4',7,'2012-06-26 23:37:11','2012-06-26 23:37:11'),(8,'peter','ffcae0926733f827dd86a5e7ded6749d6d2e9199','16d81b66247a8d8f25a84a56869c5eb296dce738',8,'2012-06-26 23:37:11','2012-06-26 23:37:11'),(9,'andi','19303bd221a6c668b008be5868cc0e7a87a1c93f','02c64ea1edb44084f4f21b40921415a1dcf5deeb',9,'2012-06-26 23:37:11','2012-06-26 23:37:11'),(10,'mina','613426b4e5acdc171ac475744e1221d492109cbe','89f026e609d0c668b06fbdfa904d22898ac24e59',10,'2012-06-26 23:37:11','2012-06-26 23:37:11'),(11,'petra','97d526cf6fb6c65cba18a7dc2a38d1205af6e9a6','3f4a3fd12a9f83054aa4d7f28f68c895da03cdbc',11,'2012-06-26 23:37:11','2012-06-26 23:37:11'),(12,'julie','a1a584d72b2df96e7ff001930f7e582f53d3b5e2','834f0dcef0ad71126539b2e4d8132ed10f0519bd',12,'2012-06-26 23:37:11','2012-06-26 23:37:11'),(13,'lisa','0638811fe6230a4d7d4493196962147fa1a0b512','4b8468926a7f8d69fe15a0ad4c39a24d1d80188d',13,'2012-06-26 23:37:11','2012-06-26 23:37:11'),(14,'liana','45fcbc3a8948444b8896d11ef385b58f5cca1467','98a86855b7224925d8388f2da43c9f9bf9d702df',14,'2012-06-26 23:37:11','2012-06-26 23:37:11'),(15,'jammie','6d98c7d23267e642a6d661442f8d4d1c163a82f9','855b8d4b51b68586ef72d66e8c41d2ac6c9ede1c',15,'2012-06-26 23:37:11','2012-06-26 23:37:11'),(16,'vern','b234ef6397c0e082afd10538569c25697660a2f7','edf6d748cf5764a1c6ffb9fba06193dc7f25d546',16,'2012-06-26 23:37:11','2012-06-26 23:37:11'),(17,'yasmine','8fabdaec2240b82b7e2c6ad8403f8679acac5ba7','0f891e5452ed37f46ec6ae485e9a4169e35bd885',17,'2012-06-26 23:37:11','2012-06-26 23:37:11'),(18,'francis','355dbcdcfbbcdff94e746da0736ca7fb7fbef5fb','1c0bd3d7f178ace045dbf6ec1d39c4d355d354c7',18,'2012-06-26 23:37:11','2012-06-26 23:37:11'),(19,'kattie','62ae959c0fb6a71f9876fd3de83f97b61b0f8816','dd2ea96f51489e3465b868f69e6a7869e5609136',19,'2012-06-26 23:37:11','2012-06-26 23:37:11'),(20,'ron','f48854f8a3a3f992eb705b93a3c0bd4a49b3503f','abcec79da757106bb87bc8c0f6d23869f4e563f8',20,'2012-06-26 23:37:11','2012-06-26 23:37:11'),(21,'rusty','505d854323f732ec9a41cea2ca879be453355f48','f6ddd65de82076bf4027789c142578e3fdf96eab',21,'2012-06-26 23:37:11','2012-06-26 23:37:11'),(22,'myah','34f75016268a14e79fc15b3b5533682ec7fa1262','a3530df2db5a9c3d76bea243172263d3643d3918',22,'2012-06-26 23:37:11','2012-06-26 23:37:11'),(23,'quentin','f3b2273b606b677571b426408058bf58e8d24bb1','3d78b3a0a60d0b4464ad5f6fa598e1310dde95ca',23,'2012-06-26 23:37:11','2012-06-26 23:37:11'),(24,'tillman','1918a9ecefef813b47f669e4e1ce1f8a97767992','e56d9223d0ecf3b9f4bca28abaffeace01a339d7',24,'2012-06-26 23:37:11','2012-06-26 23:37:11'),(25,'reyes_7256','28e5f7158b1a10126bc2f73b111a29146b6a9e19','877c68711408805a05d23ac56bd5cc4a87c4ffba',25,'2012-06-26 23:37:11','2012-06-26 23:37:11'),(26,'liza.ohara_1795','28e2924966f50f3c0b9fd9c34796ac4a5942a141','8629bc529650c680fa88df97710cb8785d3e5716',31,'2012-06-26 23:37:11','2012-06-26 23:37:11'),(27,'malika_schroeder_8062','b921f36512bc8e425d1ae1cbfb87a32a57f9bffc','9c2f16b2274b63179482d68c86ea69a81aea5058',32,'2012-06-26 23:37:11','2012-06-26 23:37:11'),(28,'zane_8910','9b495e57eaf5d4b792c4b85331609a933a717cc3','f52e0101bae358589a76add3f904a290cf0c8448',33,'2012-06-26 23:37:11','2012-06-26 23:37:11'),(29,'muriel_6942','c239256f5df196ea41fc1b904949fe3b1b5d892a','a19c5aa3a83a55bb8743fc1a1aa0a5e041b3ecd5',34,'2012-06-26 23:37:11','2012-06-26 23:37:11'),(30,'hilma_3291','cdbada716208b764b8df5aeac1e34dfd6706be40','9574772ecbd9e9608e84c87a917b07ab8c95f386',35,'2012-06-26 23:37:11','2012-06-26 23:37:11');
/*!40000 ALTER TABLE `database_authentications` ENABLE KEYS */;
UNLOCK TABLES;

--
-- Table structure for table `delegations_users`
--

DROP TABLE IF EXISTS `delegations_users`;
/*!40101 SET @saved_cs_client     = @@character_set_client */;
/*!40101 SET character_set_client = utf8 */;
CREATE TABLE `delegations_users` (
  `delegation_id` int(11) DEFAULT NULL,
  `user_id` int(11) DEFAULT NULL,
  UNIQUE KEY `index_delegations_users_on_user_id_and_delegation_id` (`user_id`,`delegation_id`),
  KEY `index_delegations_users_on_delegation_id` (`delegation_id`),
  CONSTRAINT `delegations_users_delegation_id_fk` FOREIGN KEY (`delegation_id`) REFERENCES `users` (`id`),
  CONSTRAINT `delegations_users_user_id_fk` FOREIGN KEY (`user_id`) REFERENCES `users` (`id`)
) ENGINE=InnoDB DEFAULT CHARSET=utf8 COLLATE=utf8_unicode_ci;
/*!40101 SET character_set_client = @saved_cs_client */;

--
-- Dumping data for table `delegations_users`
--

LOCK TABLES `delegations_users` WRITE;
/*!40000 ALTER TABLE `delegations_users` DISABLE KEYS */;
INSERT INTO `delegations_users` VALUES (26,10),(27,10),(28,10),(29,10),(26,12),(27,12),(28,12),(29,12),(30,23),(30,24);
/*!40000 ALTER TABLE `delegations_users` ENABLE KEYS */;
UNLOCK TABLES;

--
-- Table structure for table `groups`
--

DROP TABLE IF EXISTS `groups`;
/*!40101 SET @saved_cs_client     = @@character_set_client */;
/*!40101 SET character_set_client = utf8 */;
CREATE TABLE `groups` (
  `id` int(11) NOT NULL AUTO_INCREMENT,
  `name` varchar(255) COLLATE utf8_unicode_ci DEFAULT NULL,
  `inventory_pool_id` int(11) DEFAULT NULL,
  `is_verification_required` tinyint(1) DEFAULT '0',
  `created_at` datetime DEFAULT NULL,
  `updated_at` datetime DEFAULT NULL,
  PRIMARY KEY (`id`),
  KEY `index_groups_on_inventory_pool_id` (`inventory_pool_id`),
  KEY `index_groups_on_is_verification_required` (`is_verification_required`),
  CONSTRAINT `groups_inventory_pool_id_fk` FOREIGN KEY (`inventory_pool_id`) REFERENCES `inventory_pools` (`id`)
) ENGINE=InnoDB AUTO_INCREMENT=11 DEFAULT CHARSET=utf8 COLLATE=utf8_unicode_ci;
/*!40101 SET character_set_client = @saved_cs_client */;

--
-- Dumping data for table `groups`
--

LOCK TABLES `groups` WRITE;
/*!40000 ALTER TABLE `groups` DISABLE KEYS */;
INSERT INTO `groups` VALUES (1,'Cast',1,0,'2012-06-26 23:37:11','2012-06-26 23:37:11'),(2,'IAD',1,0,'2012-06-26 23:37:11','2012-06-26 23:37:11'),(3,'Wu',1,0,'2012-06-26 23:37:11','2012-06-26 23:37:11'),(4,'Group Hifi',1,0,'2012-06-26 23:37:11','2012-06-26 23:37:11'),(5,'Group A',1,0,'2012-06-26 23:37:11','2012-06-26 23:37:11'),(6,'Group B',1,0,'2012-06-26 23:37:11','2012-06-26 23:37:11'),(7,'FFI',1,1,'2012-06-26 23:37:11','2012-06-26 23:37:11'),(8,'VTO',1,1,'2012-06-26 23:37:11','2012-06-26 23:37:11'),(9,'1. Semester',2,1,'2012-06-26 23:37:11','2012-06-26 23:37:11'),(10,'Group C',1,0,'2012-06-26 23:37:11','2012-06-26 23:37:11');
/*!40000 ALTER TABLE `groups` ENABLE KEYS */;
UNLOCK TABLES;

--
-- Table structure for table `groups_users`
--

DROP TABLE IF EXISTS `groups_users`;
/*!40101 SET @saved_cs_client     = @@character_set_client */;
/*!40101 SET character_set_client = utf8 */;
CREATE TABLE `groups_users` (
  `user_id` int(11) DEFAULT NULL,
  `group_id` int(11) DEFAULT NULL,
  UNIQUE KEY `index_groups_users_on_user_id_and_group_id` (`user_id`,`group_id`),
  KEY `index_groups_users_on_group_id` (`group_id`),
  CONSTRAINT `groups_users_user_id_fk` FOREIGN KEY (`user_id`) REFERENCES `users` (`id`),
  CONSTRAINT `groups_users_group_id_fk` FOREIGN KEY (`group_id`) REFERENCES `groups` (`id`)
) ENGINE=InnoDB DEFAULT CHARSET=utf8 COLLATE=utf8_unicode_ci;
/*!40101 SET character_set_client = @saved_cs_client */;

--
-- Dumping data for table `groups_users`
--

LOCK TABLES `groups_users` WRITE;
/*!40000 ALTER TABLE `groups_users` DISABLE KEYS */;
INSERT INTO `groups_users` VALUES (6,1),(13,1),(14,7),(14,8),(15,7),(16,7),(16,8),(17,7),(17,9),(18,7),(19,10);
/*!40000 ALTER TABLE `groups_users` ENABLE KEYS */;
UNLOCK TABLES;

--
-- Table structure for table `histories`
--

DROP TABLE IF EXISTS `histories`;
/*!40101 SET @saved_cs_client     = @@character_set_client */;
/*!40101 SET character_set_client = utf8 */;
CREATE TABLE `histories` (
  `id` int(11) NOT NULL AUTO_INCREMENT,
  `text` varchar(255) COLLATE utf8_unicode_ci DEFAULT '',
  `type_const` int(11) DEFAULT NULL,
  `created_at` datetime NOT NULL,
  `target_id` int(11) NOT NULL,
  `target_type` varchar(255) COLLATE utf8_unicode_ci NOT NULL,
  `user_id` int(11) DEFAULT NULL,
  PRIMARY KEY (`id`),
  KEY `index_histories_on_target_type_and_target_id` (`target_type`,`target_id`),
  KEY `index_histories_on_type_const` (`type_const`),
  KEY `index_histories_on_user_id` (`user_id`),
  CONSTRAINT `histories_user_id_fk` FOREIGN KEY (`user_id`) REFERENCES `users` (`id`)
) ENGINE=InnoDB AUTO_INCREMENT=19 DEFAULT CHARSET=utf8 COLLATE=utf8_unicode_ci;
/*!40101 SET character_set_client = @saved_cs_client */;

--
-- Dumping data for table `histories`
--

LOCK TABLES `histories` WRITE;
/*!40000 ALTER TABLE `histories` DISABLE KEYS */;
INSERT INTO `histories` VALUES (1,'Contract 21 has been signed by Liana Medhurst',1,'2012-03-26 23:37:11',21,'Contract',5),(2,'Contract 22 has been signed by Rusty Satterfield',1,'2012-06-26 23:37:11',22,'Contract',5),(3,'Contract 23 has been signed by Peter Silie',1,'2012-06-26 23:37:11',23,'Contract',5),(4,'Contract 24 has been signed by Jammie Schoen',1,'2012-06-26 23:37:11',24,'Contract',5),(5,'Contract 26 has been signed by Delegation 5',1,'2012-06-26 23:37:11',26,'Contract',5),(6,'Contract 27 has been signed by Delegation 1',1,'2012-06-26 23:37:11',27,'Contract',5),(7,'Contract 28 has been signed by Ron Gleason',1,'2012-06-26 23:37:11',28,'Contract',5),(8,'Contract 29 has been signed by Ron Gleason',1,'2012-06-26 23:37:11',29,'Contract',5),(9,'Contract 37 has been signed by Normin Normalo',1,'2012-06-26 23:37:11',37,'Contract',5),(10,'Contract 38 has been signed by Lisa Brown',1,'2012-06-21 23:37:11',38,'Contract',5),(11,'Contract 39 has been signed by Normin Normalo',1,'2012-06-26 23:37:11',39,'Contract',5),(12,'Contract 40 has been signed by Normin Normalo',1,'2012-06-26 23:37:11',40,'Contract',5),(13,'Contract 41 has been signed by Normin Normalo',1,'2012-06-26 23:37:11',41,'Contract',5),(14,'Contract 42 has been signed by Normin Normalo',1,'2012-06-26 23:37:11',42,'Contract',5),(15,'Contract 43 has been signed by Normin Normalo',1,'2012-06-26 23:37:11',43,'Contract',5),(16,'Contract 46 has been signed by Petra Lowe',1,'2012-06-26 23:37:11',46,'Contract',5),(17,'Contract 52 has been signed by Delegation 1',1,'2012-06-26 23:37:11',52,'Contract',5),(18,'Contract 53 has been signed by Delegation 1',1,'2012-06-21 23:37:11',53,'Contract',5);
/*!40000 ALTER TABLE `histories` ENABLE KEYS */;
UNLOCK TABLES;

--
-- Table structure for table `holidays`
--

DROP TABLE IF EXISTS `holidays`;
/*!40101 SET @saved_cs_client     = @@character_set_client */;
/*!40101 SET character_set_client = utf8 */;
CREATE TABLE `holidays` (
  `id` int(11) NOT NULL AUTO_INCREMENT,
  `inventory_pool_id` int(11) DEFAULT NULL,
  `start_date` date DEFAULT NULL,
  `end_date` date DEFAULT NULL,
  `name` varchar(255) COLLATE utf8_unicode_ci DEFAULT NULL,
  PRIMARY KEY (`id`),
  KEY `index_holidays_on_inventory_pool_id` (`inventory_pool_id`),
  KEY `index_holidays_on_start_date_and_end_date` (`start_date`,`end_date`),
  CONSTRAINT `holidays_inventory_pool_id_fk` FOREIGN KEY (`inventory_pool_id`) REFERENCES `inventory_pools` (`id`) ON DELETE CASCADE
) ENGINE=InnoDB AUTO_INCREMENT=7 DEFAULT CHARSET=utf8 COLLATE=utf8_unicode_ci;
/*!40101 SET character_set_client = @saved_cs_client */;

--
-- Dumping data for table `holidays`
--

LOCK TABLES `holidays` WRITE;
/*!40000 ALTER TABLE `holidays` DISABLE KEYS */;
INSERT INTO `holidays` VALUES (1,1,'2012-12-24','2012-12-26','Christmas'),(2,1,'2013-12-24','2013-12-26','Christmas'),(3,2,'2012-12-24','2012-12-26','Christmas'),(4,2,'2013-12-24','2013-12-26','Christmas'),(5,3,'2012-12-24','2012-12-26','Christmas'),(6,3,'2013-12-24','2013-12-26','Christmas');
/*!40000 ALTER TABLE `holidays` ENABLE KEYS */;
UNLOCK TABLES;

--
-- Table structure for table `images`
--

DROP TABLE IF EXISTS `images`;
/*!40101 SET @saved_cs_client     = @@character_set_client */;
/*!40101 SET character_set_client = utf8 */;
CREATE TABLE `images` (
  `id` int(11) NOT NULL AUTO_INCREMENT,
  `is_main` tinyint(1) DEFAULT '0',
  `content_type` varchar(255) COLLATE utf8_unicode_ci DEFAULT NULL,
  `filename` varchar(255) COLLATE utf8_unicode_ci DEFAULT NULL,
  `size` int(11) DEFAULT NULL,
  `height` int(11) DEFAULT NULL,
  `width` int(11) DEFAULT NULL,
  `parent_id` int(11) DEFAULT NULL,
  `thumbnail` varchar(255) COLLATE utf8_unicode_ci DEFAULT NULL,
  `target_id` int(11) DEFAULT NULL,
  `target_type` varchar(255) COLLATE utf8_unicode_ci DEFAULT NULL,
  PRIMARY KEY (`id`),
  KEY `index_images_on_target_id_and_target_type` (`target_id`,`target_type`)
) ENGINE=InnoDB AUTO_INCREMENT=5 DEFAULT CHARSET=utf8 COLLATE=utf8_unicode_ci;
/*!40101 SET character_set_client = @saved_cs_client */;

--
-- Dumping data for table `images`
--

LOCK TABLES `images` WRITE;
/*!40000 ALTER TABLE `images` DISABLE KEYS */;
INSERT INTO `images` VALUES (1,0,'image/jpeg','dicta',NULL,NULL,NULL,NULL,NULL,2,'ModelGroup'),(2,0,'image/jpeg','dolorem',NULL,NULL,NULL,NULL,NULL,16,'Model'),(3,0,'image/jpeg','sed',NULL,NULL,NULL,NULL,NULL,16,'Model'),(4,0,'image/jpeg','non',NULL,NULL,NULL,NULL,NULL,17,'Model');
/*!40000 ALTER TABLE `images` ENABLE KEYS */;
UNLOCK TABLES;

--
-- Table structure for table `inventory_pools`
--

DROP TABLE IF EXISTS `inventory_pools`;
/*!40101 SET @saved_cs_client     = @@character_set_client */;
/*!40101 SET character_set_client = utf8 */;
CREATE TABLE `inventory_pools` (
  `id` int(11) NOT NULL AUTO_INCREMENT,
  `name` varchar(255) COLLATE utf8_unicode_ci DEFAULT NULL,
  `description` text COLLATE utf8_unicode_ci,
  `contact_details` varchar(255) COLLATE utf8_unicode_ci DEFAULT NULL,
  `contract_description` varchar(255) COLLATE utf8_unicode_ci DEFAULT NULL,
  `contract_url` varchar(255) COLLATE utf8_unicode_ci DEFAULT NULL,
  `logo_url` varchar(255) COLLATE utf8_unicode_ci DEFAULT NULL,
  `default_contract_note` text COLLATE utf8_unicode_ci,
  `shortname` varchar(255) COLLATE utf8_unicode_ci DEFAULT NULL,
  `email` varchar(255) COLLATE utf8_unicode_ci DEFAULT NULL,
  `color` text COLLATE utf8_unicode_ci,
  `print_contracts` tinyint(1) DEFAULT '1',
  `opening_hours` text COLLATE utf8_unicode_ci,
  `address_id` int(11) DEFAULT NULL,
  `automatic_suspension` tinyint(1) NOT NULL DEFAULT '0',
  `automatic_suspension_reason` text COLLATE utf8_unicode_ci,
  `automatic_access` tinyint(1) DEFAULT NULL,
  PRIMARY KEY (`id`),
  UNIQUE KEY `index_inventory_pools_on_name` (`name`),
  KEY `inventory_pools_address_id_fk` (`address_id`),
  CONSTRAINT `inventory_pools_address_id_fk` FOREIGN KEY (`address_id`) REFERENCES `addresses` (`id`)
) ENGINE=InnoDB AUTO_INCREMENT=13 DEFAULT CHARSET=utf8 COLLATE=utf8_unicode_ci;
/*!40101 SET character_set_client = @saved_cs_client */;

--
-- Dumping data for table `inventory_pools`
--

LOCK TABLES `inventory_pools` WRITE;
/*!40000 ALTER TABLE `inventory_pools` DISABLE KEYS */;
INSERT INTO `inventory_pools` VALUES (1,'A-Ausleihe','Wichtige Hinweise...\n\nBitte die Gegenstnde rechtzeitig zurckbringen','A Verleih  /  ZHdK\na@zh-dk.ch\n\n+41 00 00 00 00',NULL,'a@zhdk.ch',NULL,'Aut nesciunt officia cum numquam nihil cupiditate rerum nostrum.','A','a@zhdk.ch',NULL,1,NULL,NULL,1,'Eos quo dolor molestias dignissimos et.',NULL),(2,'IT-Ausleihe','Bringt die Gerte bitte rechtzeitig zurck','IT Verleih  /  ZHdK\nit@zh-dk.ch\n\n+41 00 00 00 00',NULL,'it@zhdk.ch',NULL,'Officia consequatur animi excepturi necessitatibus ea officiis et eligendi.','IT','it@zhdk.ch',NULL,1,NULL,NULL,1,'Et veniam nulla nam perferendis.',NULL),(3,'AV-Technik','Bringt die Gerte bitte rechtzeitig zurck','AV Verleih  /  ZHdK\nav@zh-dk.ch\n\n+41 00 00 00 00',NULL,'av@zhdk.ch',NULL,'Porro aut facilis consequatur deserunt et sit amet.','AV','av@zhdk.ch',NULL,1,NULL,NULL,0,NULL,NULL),(4,'DT deletable',NULL,NULL,NULL,'it@zhdk.ch',NULL,'Qui et tenetur voluptatem.','DT','it@zhdk.ch',NULL,1,NULL,NULL,0,NULL,NULL),(5,'Commodiestquaeconsequatur','Itaque tempora saepe consequatur asperiores ut assumenda quia eum.','Ducimus ad sunt similique velit deserunt dolores.','Commodiestquaeconsequatur','isaiah.fisher@danielmarvin.info',NULL,NULL,'302GEQ','isaiah.fisher@danielmarvin.info',NULL,1,NULL,NULL,0,NULL,NULL),(6,'Voluptasrationequibusdamnecessitatibus','Est sapiente voluptatem non quia qui ipsam ex est.','Aliquid reprehenderit vel consequuntur.','Voluptasrationequibusdamnecessitatibus','nicola@volkman.info',NULL,NULL,'YRFKO8','nicola@volkman.info',NULL,1,NULL,NULL,0,NULL,NULL),(7,'Inadquiest','Quae voluptatem qui assumenda ipsam odio.','Inventore rem aliquam error molestiae laudantium qui aut voluptas.','Inadquiest','terrence@corkery.info',NULL,NULL,'IB64I6','terrence@corkery.info',NULL,1,NULL,NULL,0,NULL,NULL),(8,'Maximeharumvoluptascorporis','Nostrum ut eum sit dolorum et et dignissimos at.','Impedit molestiae minima quia eligendi asperiores est.','Maximeharumvoluptascorporis','jeyca_schumm@bradtke.biz',NULL,NULL,'5U0AOC','jeyca_schumm@bradtke.biz',NULL,1,NULL,NULL,0,NULL,NULL),(9,'Odioliberoprovidentquis','Culpa totam inventore dignissimos neque molestias sunt earum.','Totam occaecati est velit.','Odioliberoprovidentquis','orval_kemmer@davienger.biz',NULL,NULL,'JUUZE6','orval_kemmer@davienger.biz',NULL,1,NULL,NULL,0,NULL,NULL),(10,'Voluptatesnonquasrepudiandae','Ipsum voluptatem quas ducimus similique.','Voluptatem quisquam expedita qui fugiat.','Voluptatesnonquasrepudiandae','jeffry@harveydooley.com',NULL,NULL,'PB7X2O','jeffry@harveydooley.com',NULL,1,NULL,NULL,0,NULL,NULL),(11,'Possimusipsamexpeditafacere','Voluptatem id excepturi ipsum sit.','Eos officia aliquid rerum et sed totam mollitia et.','Possimusipsamexpeditafacere','sylvia@mclaughlin.name',NULL,NULL,'9KL5M6','sylvia@mclaughlin.name',NULL,1,NULL,NULL,0,NULL,NULL),(12,'Eostemporabeataemaiores','Culpa architecto consequatur quisquam ea qui cupiditate sed.','Ad cum rem repudiandae voluptatem delectus nisi.','Eostemporabeataemaiores','melvin@kunde.com',NULL,NULL,'7PQI83','melvin@kunde.com',NULL,1,NULL,NULL,0,NULL,NULL);
/*!40000 ALTER TABLE `inventory_pools` ENABLE KEYS */;
UNLOCK TABLES;

--
-- Table structure for table `inventory_pools_model_groups`
--

DROP TABLE IF EXISTS `inventory_pools_model_groups`;
/*!40101 SET @saved_cs_client     = @@character_set_client */;
/*!40101 SET character_set_client = utf8 */;
CREATE TABLE `inventory_pools_model_groups` (
  `inventory_pool_id` int(11) DEFAULT NULL,
  `model_group_id` int(11) DEFAULT NULL,
  KEY `index_inventory_pools_model_groups_on_inventory_pool_id` (`inventory_pool_id`),
  KEY `index_inventory_pools_model_groups_on_model_group_id` (`model_group_id`),
  CONSTRAINT `inventory_pools_model_groups_model_group_id_fk` FOREIGN KEY (`model_group_id`) REFERENCES `model_groups` (`id`),
  CONSTRAINT `inventory_pools_model_groups_inventory_pool_id_fk` FOREIGN KEY (`inventory_pool_id`) REFERENCES `inventory_pools` (`id`)
) ENGINE=InnoDB DEFAULT CHARSET=utf8 COLLATE=utf8_unicode_ci;
/*!40101 SET character_set_client = @saved_cs_client */;

--
-- Dumping data for table `inventory_pools_model_groups`
--

LOCK TABLES `inventory_pools_model_groups` WRITE;
/*!40000 ALTER TABLE `inventory_pools_model_groups` DISABLE KEYS */;
INSERT INTO `inventory_pools_model_groups` VALUES (1,12),(1,13),(1,14);
/*!40000 ALTER TABLE `inventory_pools_model_groups` ENABLE KEYS */;
UNLOCK TABLES;

--
-- Table structure for table `items`
--

DROP TABLE IF EXISTS `items`;
/*!40101 SET @saved_cs_client     = @@character_set_client */;
/*!40101 SET character_set_client = utf8 */;
CREATE TABLE `items` (
  `id` int(11) NOT NULL AUTO_INCREMENT,
  `inventory_code` varchar(255) COLLATE utf8_unicode_ci DEFAULT NULL,
  `serial_number` varchar(255) COLLATE utf8_unicode_ci DEFAULT NULL,
  `model_id` int(11) DEFAULT NULL,
  `location_id` int(11) DEFAULT NULL,
  `supplier_id` int(11) DEFAULT NULL,
  `owner_id` int(11) NOT NULL,
  `parent_id` int(11) DEFAULT NULL,
  `invoice_number` varchar(255) COLLATE utf8_unicode_ci DEFAULT NULL,
  `invoice_date` date DEFAULT NULL,
  `last_check` date DEFAULT NULL,
  `retired` date DEFAULT NULL,
  `retired_reason` varchar(255) COLLATE utf8_unicode_ci DEFAULT NULL,
  `price` decimal(8,2) DEFAULT NULL,
  `is_broken` tinyint(1) DEFAULT '0',
  `is_incomplete` tinyint(1) DEFAULT '0',
  `is_borrowable` tinyint(1) DEFAULT '0',
  `needs_permission` tinyint(1) DEFAULT '0',
  `inventory_pool_id` int(11) NOT NULL,
  `is_inventory_relevant` tinyint(1) DEFAULT '0',
  `responsible` varchar(255) COLLATE utf8_unicode_ci DEFAULT NULL,
  `insurance_number` varchar(255) COLLATE utf8_unicode_ci DEFAULT NULL,
  `note` text COLLATE utf8_unicode_ci,
  `name` text COLLATE utf8_unicode_ci,
  `user_name` varchar(255) COLLATE utf8_unicode_ci DEFAULT NULL,
  `properties` text COLLATE utf8_unicode_ci,
  `created_at` datetime DEFAULT NULL,
  `updated_at` datetime DEFAULT NULL,
  `status_note` text COLLATE utf8_unicode_ci,
  PRIMARY KEY (`id`),
  UNIQUE KEY `index_items_on_inventory_code` (`inventory_code`),
  KEY `index_items_on_inventory_pool_id` (`inventory_pool_id`),
  KEY `index_items_on_retired` (`retired`),
  KEY `index_items_on_is_borrowable` (`is_borrowable`),
  KEY `index_items_on_is_broken` (`is_broken`),
  KEY `index_items_on_is_incomplete` (`is_incomplete`),
  KEY `index_items_on_location_id` (`location_id`),
  KEY `index_items_on_owner_id` (`owner_id`),
  KEY `index_items_on_parent_id_and_retired` (`parent_id`,`retired`),
  KEY `index_items_on_model_id_and_retired_and_inventory_pool_id` (`model_id`,`retired`,`inventory_pool_id`),
  KEY `items_supplier_id_fk` (`supplier_id`),
  CONSTRAINT `items_inventory_pool_id_fk` FOREIGN KEY (`inventory_pool_id`) REFERENCES `inventory_pools` (`id`),
  CONSTRAINT `items_location_id_fk` FOREIGN KEY (`location_id`) REFERENCES `locations` (`id`),
  CONSTRAINT `items_model_id_fk` FOREIGN KEY (`model_id`) REFERENCES `models` (`id`),
  CONSTRAINT `items_owner_id_fk` FOREIGN KEY (`owner_id`) REFERENCES `inventory_pools` (`id`),
  CONSTRAINT `items_parent_id_fk` FOREIGN KEY (`parent_id`) REFERENCES `items` (`id`) ON DELETE SET NULL,
  CONSTRAINT `items_supplier_id_fk` FOREIGN KEY (`supplier_id`) REFERENCES `suppliers` (`id`)
) ENGINE=InnoDB AUTO_INCREMENT=283 DEFAULT CHARSET=utf8 COLLATE=utf8_unicode_ci;
/*!40101 SET character_set_client = @saved_cs_client */;

--
-- Dumping data for table `items`
--

LOCK TABLES `items` WRITE;
/*!40000 ALTER TABLE `items` DISABLE KEYS */;
INSERT INTO `items` VALUES (1,'kpkl6ec1e43uwxv7ii0j1','52:14:c1:77:10:01-d3:76:9e:46:73:9c-c9:8d:8a:e6:64:fd',24,NULL,1,1,NULL,NULL,'2008-11-15','2012-06-27',NULL,NULL,'1183.00',0,0,1,0,1,1,NULL,NULL,NULL,NULL,NULL,'--- !ruby/hash:ActiveSupport::HashWithIndifferentAccess\nanschaffungskategorie: AV-Technik\nreference: invoice\numzug: zgeln\nankunftszustand: intakt\n','2012-06-26 23:37:11','2012-06-26 23:37:11',NULL),(2,'f6i9wmx4snczqz19dk7b2','2a:f7:f7:e1:97:a0-22:b5:60:d7:2c:18-c0:8e:31:a8:83:a2',25,NULL,2,1,NULL,NULL,'2008-10-28','2012-06-27',NULL,NULL,'1490.00',0,0,1,0,1,1,NULL,NULL,NULL,NULL,NULL,'--- !ruby/hash:ActiveSupport::HashWithIndifferentAccess\nanschaffungskategorie: AV-Technik\nreference: invoice\numzug: zgeln\nankunftszustand: intakt\n','2012-06-26 23:37:11','2012-06-26 23:37:11',NULL),(3,'4zkufgpttrabah5wci453','05:20:7a:36:c4:e0-dc:ac:c0:36:e5:2b-4e:12:e7:3e:e6:38',26,NULL,3,1,NULL,NULL,'2009-04-06','2012-06-27',NULL,NULL,'1215.00',0,0,1,0,1,1,NULL,NULL,NULL,NULL,NULL,'--- !ruby/hash:ActiveSupport::HashWithIndifferentAccess\nanschaffungskategorie: AV-Technik\nreference: invoice\numzug: zgeln\nankunftszustand: intakt\n','2012-06-26 23:37:11','2012-06-26 23:37:11',NULL),(4,'skvswn5qktdfm2f9nadg4','3e:80:12:9e:4b:27-51:d2:9e:d3:c0:53-c9:94:57:cc:60:df',27,NULL,4,1,NULL,NULL,'2011-11-20','2012-06-27',NULL,NULL,'733.00',0,0,1,0,1,1,NULL,NULL,NULL,NULL,NULL,'--- !ruby/hash:ActiveSupport::HashWithIndifferentAccess\nanschaffungskategorie: AV-Technik\nreference: invoice\numzug: zgeln\nankunftszustand: intakt\n','2012-06-26 23:37:11','2012-06-26 23:37:11',NULL),(5,'7ie8wqxtg3tdf41dnrzi5','d9:62:c2:bb:b8:11-cf:c4:86:86:7c:92-a4:80:2d:b7:ca:13',28,NULL,5,1,NULL,NULL,'2008-07-24','2012-06-27',NULL,NULL,'896.00',0,0,1,0,1,1,NULL,NULL,NULL,NULL,NULL,'--- !ruby/hash:ActiveSupport::HashWithIndifferentAccess\nanschaffungskategorie: AV-Technik\nreference: invoice\numzug: zgeln\nankunftszustand: intakt\n','2012-06-26 23:37:11','2012-06-26 23:37:11',NULL),(6,'p1ypcl7rfuxnl667bjw96','9c:67:fe:b3:9c:e8-22:ab:a0:21:13:25-bc:b3:fb:96:e1:41',29,NULL,6,1,NULL,NULL,'2008-06-15','2012-06-27',NULL,NULL,'121.00',0,0,1,0,1,1,NULL,NULL,NULL,NULL,NULL,'--- !ruby/hash:ActiveSupport::HashWithIndifferentAccess\nanschaffungskategorie: AV-Technik\nreference: invoice\numzug: zgeln\nankunftszustand: intakt\n','2012-06-26 23:37:11','2012-06-26 23:37:11',NULL),(7,'yw5kepu0p9flon201x7r7','92:62:5d:3a:c4:e1-db:12:6b:0a:17:f2-ca:a4:04:6e:ff:1b',30,NULL,7,1,NULL,NULL,'2010-07-20','2012-06-27',NULL,NULL,'1103.00',0,0,1,0,1,1,NULL,NULL,NULL,NULL,NULL,'--- !ruby/hash:ActiveSupport::HashWithIndifferentAccess\nanschaffungskategorie: AV-Technik\nreference: invoice\numzug: zgeln\nankunftszustand: intakt\n','2012-06-26 23:37:11','2012-06-26 23:37:11',NULL),(8,'mqg9bi9d08mftldcr69t8','da:9c:e6:81:52:f8-90:8c:b1:48:ee:0d-50:53:06:bc:48:07',31,NULL,8,1,NULL,NULL,'2007-12-18','2012-06-27',NULL,NULL,'794.00',0,0,1,0,1,1,NULL,NULL,NULL,NULL,NULL,'--- !ruby/hash:ActiveSupport::HashWithIndifferentAccess\nanschaffungskategorie: AV-Technik\nreference: invoice\numzug: zgeln\nankunftszustand: intakt\n','2012-06-26 23:37:11','2012-06-26 23:37:11',NULL),(9,'b0wn6awylcu6jndscxwp9','6f:70:d1:d5:d5:ec-62:db:17:ee:29:23-57:75:c4:cc:5d:15',32,NULL,9,1,NULL,NULL,'2007-09-07','2012-06-27',NULL,NULL,'629.00',0,0,1,0,1,1,NULL,NULL,NULL,NULL,NULL,'--- !ruby/hash:ActiveSupport::HashWithIndifferentAccess\nanschaffungskategorie: AV-Technik\nreference: invoice\numzug: zgeln\nankunftszustand: intakt\n','2012-06-26 23:37:11','2012-06-26 23:37:11',NULL),(10,'d02670pkz6wk5gm294jp10','15:56:ab:28:a4:1c-c9:b6:e2:52:61:03-1a:88:53:b5:fd:3e',33,NULL,10,1,NULL,NULL,'2009-02-25','2012-06-27',NULL,NULL,'1.00',0,0,1,0,1,1,NULL,NULL,NULL,NULL,NULL,'--- !ruby/hash:ActiveSupport::HashWithIndifferentAccess\nanschaffungskategorie: AV-Technik\nreference: invoice\numzug: zgeln\nankunftszustand: intakt\n','2012-06-26 23:37:11','2012-06-26 23:37:11',NULL),(11,'6feual4azp8a8mck3ner11','f7:08:7d:2c:03:8c-e0:11:ce:34:75:c3-18:a7:12:96:cd:02',34,NULL,11,1,NULL,NULL,'2009-02-01','2012-06-27',NULL,NULL,'1294.00',0,0,1,0,1,1,NULL,NULL,NULL,NULL,NULL,'--- !ruby/hash:ActiveSupport::HashWithIndifferentAccess\nanschaffungskategorie: AV-Technik\nreference: invoice\numzug: zgeln\nankunftszustand: intakt\n','2012-06-26 23:37:11','2012-06-26 23:37:11',NULL),(12,'mayv2bjag5mkcp6wb1t412','4d:fa:2b:9c:cc:99-de:55:e6:dd:8b:5f-c2:7c:a2:92:2e:29',35,NULL,12,1,NULL,NULL,'2008-10-14','2012-06-27',NULL,NULL,'1318.00',0,0,1,0,1,1,NULL,NULL,NULL,NULL,NULL,'--- !ruby/hash:ActiveSupport::HashWithIndifferentAccess\nanschaffungskategorie: AV-Technik\nreference: invoice\numzug: zgeln\nankunftszustand: intakt\n','2012-06-26 23:37:11','2012-06-26 23:37:11',NULL),(13,'t2h7a0qud5fp5w2gu41913','9b:e8:37:93:f8:80-75:c9:5e:bb:45:92-cc:d2:79:be:75:00',36,NULL,13,1,NULL,NULL,'2007-11-11','2012-06-27',NULL,NULL,'1245.00',0,0,1,0,1,1,NULL,NULL,NULL,NULL,NULL,'--- !ruby/hash:ActiveSupport::HashWithIndifferentAccess\nanschaffungskategorie: AV-Technik\nreference: invoice\numzug: zgeln\nankunftszustand: intakt\n','2012-06-26 23:37:11','2012-06-26 23:37:11',NULL),(14,'7erllbm9xrrjkvsidfsj14','d3:9b:32:ec:df:b7-eb:b3:84:57:3d:9e-70:02:18:7e:a7:35',37,NULL,14,1,NULL,NULL,'2009-11-10','2012-06-27',NULL,NULL,'1139.00',0,0,1,0,1,1,NULL,NULL,NULL,NULL,NULL,'--- !ruby/hash:ActiveSupport::HashWithIndifferentAccess\nanschaffungskategorie: AV-Technik\nreference: invoice\numzug: zgeln\nankunftszustand: intakt\n','2012-06-26 23:37:11','2012-06-26 23:37:11',NULL),(15,'kqbfwttyv5zs71jg0ymy15','ed:ca:72:1e:1c:ad-65:21:5e:95:64:3b-27:1d:d2:04:0c:93',38,NULL,15,1,NULL,NULL,'2008-09-04','2012-06-27',NULL,NULL,'944.00',0,0,1,0,1,1,NULL,NULL,NULL,NULL,NULL,'--- !ruby/hash:ActiveSupport::HashWithIndifferentAccess\nanschaffungskategorie: AV-Technik\nreference: invoice\numzug: zgeln\nankunftszustand: intakt\n','2012-06-26 23:37:11','2012-06-26 23:37:11',NULL),(16,'qxutrri850evt2s02kax16','ae:49:b5:a7:15:08-ea:40:48:64:ce:88-4a:f6:10:24:33:c4',39,NULL,16,1,NULL,NULL,'2011-08-09','2012-06-27',NULL,NULL,'470.00',0,0,1,0,1,1,NULL,NULL,NULL,NULL,NULL,'--- !ruby/hash:ActiveSupport::HashWithIndifferentAccess\nanschaffungskategorie: AV-Technik\nreference: invoice\numzug: zgeln\nankunftszustand: intakt\n','2012-06-26 23:37:11','2012-06-26 23:37:11',NULL),(17,'adwzvl3o3x6q0z7iip2817','97:84:ec:d0:80:77-2a:1c:c4:c8:74:33-0f:f1:01:9b:29:cd',40,NULL,17,1,NULL,NULL,'2009-07-11','2012-06-27',NULL,NULL,'544.00',0,0,1,0,1,1,NULL,NULL,NULL,NULL,NULL,'--- !ruby/hash:ActiveSupport::HashWithIndifferentAccess\nanschaffungskategorie: AV-Technik\nreference: invoice\numzug: zgeln\nankunftszustand: intakt\n','2012-06-26 23:37:11','2012-06-26 23:37:11',NULL),(18,'gkvon9eoh0gkexdypzdy18','d0:e9:d6:2e:45:e6-34:0b:55:74:10:e5-80:f2:50:55:05:e2',41,NULL,18,1,NULL,NULL,'2011-09-24','2012-06-27',NULL,NULL,'639.00',0,0,1,0,1,1,NULL,NULL,NULL,NULL,NULL,'--- !ruby/hash:ActiveSupport::HashWithIndifferentAccess\nanschaffungskategorie: AV-Technik\nreference: invoice\numzug: zgeln\nankunftszustand: intakt\n','2012-06-26 23:37:11','2012-06-26 23:37:11',NULL),(19,'uwt7jcrqv74zzfrbfoha19','6d:00:0e:56:b3:45-33:f8:27:61:d4:f8-ec:bb:c9:90:5b:60',42,NULL,19,1,NULL,NULL,'2008-04-19','2012-06-27',NULL,NULL,'204.00',0,0,1,0,1,1,NULL,NULL,NULL,NULL,NULL,'--- !ruby/hash:ActiveSupport::HashWithIndifferentAccess\nanschaffungskategorie: AV-Technik\nreference: invoice\numzug: zgeln\nankunftszustand: intakt\n','2012-06-26 23:37:11','2012-06-26 23:37:11',NULL),(20,'6sflfmuv4rxjopk6liys20','c3:fe:c8:c6:83:f6-91:5f:0d:2b:d2:1f-39:00:14:61:95:4e',43,NULL,20,1,NULL,NULL,'2011-03-01','2012-06-27',NULL,NULL,'1283.00',0,0,1,0,1,1,NULL,NULL,NULL,NULL,NULL,'--- !ruby/hash:ActiveSupport::HashWithIndifferentAccess\nanschaffungskategorie: AV-Technik\nreference: invoice\numzug: zgeln\nankunftszustand: intakt\n','2012-06-26 23:37:11','2012-06-26 23:37:11',NULL),(21,'gmvnzu64j8bqibtosifm21','48:e9:e4:18:ae:59-1d:ab:53:b9:eb:a6-ce:84:91:80:b0:f9',44,NULL,21,1,NULL,NULL,'2008-11-13','2012-06-27',NULL,NULL,'98.00',0,0,1,0,1,1,NULL,NULL,NULL,NULL,NULL,'--- !ruby/hash:ActiveSupport::HashWithIndifferentAccess\nanschaffungskategorie: AV-Technik\nreference: invoice\numzug: zgeln\nankunftszustand: intakt\n','2012-06-26 23:37:11','2012-06-26 23:37:11',NULL),(22,'rheq1wqth4opy2s5g32p22','7b:b2:07:3c:06:cc-99:4e:1a:3b:54:3b-05:a4:85:f5:f8:7b',45,NULL,22,1,NULL,NULL,'2007-05-11','2012-06-27',NULL,NULL,'1268.00',0,0,1,0,1,1,NULL,NULL,NULL,NULL,NULL,'--- !ruby/hash:ActiveSupport::HashWithIndifferentAccess\nanschaffungskategorie: AV-Technik\nreference: invoice\numzug: zgeln\nankunftszustand: intakt\n','2012-06-26 23:37:11','2012-06-26 23:37:11',NULL),(23,'8jtly2smkyhwtikkhs4c23','b4:db:07:61:fa:c4-4a:bf:7f:af:15:f8-22:57:3e:59:84:af',46,NULL,23,1,NULL,NULL,'2010-05-08','2012-06-27',NULL,NULL,'1226.00',0,0,1,0,1,1,NULL,NULL,NULL,NULL,NULL,'--- !ruby/hash:ActiveSupport::HashWithIndifferentAccess\nanschaffungskategorie: AV-Technik\nreference: invoice\numzug: zgeln\nankunftszustand: intakt\n','2012-06-26 23:37:11','2012-06-26 23:37:11',NULL),(24,'08a6rd81fhjor4vhm9ba24','80:db:56:c4:5b:ad-2d:cd:24:6e:46:2f-5a:84:17:41:21:8e',47,NULL,24,1,NULL,NULL,'2007-02-08','2012-06-27',NULL,NULL,'101.00',0,0,1,0,1,1,NULL,NULL,NULL,NULL,NULL,'--- !ruby/hash:ActiveSupport::HashWithIndifferentAccess\nanschaffungskategorie: AV-Technik\nreference: invoice\numzug: zgeln\nankunftszustand: intakt\n','2012-06-26 23:37:11','2012-06-26 23:37:11',NULL),(25,'k6ep3efk1wt6aupwqpc825','6e:46:38:5d:9b:21-d3:a0:70:88:fd:41-58:8d:bb:74:1c:31',48,NULL,25,1,NULL,NULL,'2008-02-16','2012-06-27',NULL,NULL,'1.00',0,0,1,0,1,1,NULL,NULL,NULL,NULL,NULL,'--- !ruby/hash:ActiveSupport::HashWithIndifferentAccess\nanschaffungskategorie: AV-Technik\nreference: invoice\numzug: zgeln\nankunftszustand: intakt\n','2012-06-26 23:37:11','2012-06-26 23:37:11',NULL),(26,'thbuqprikq6iaoxjy8mk26','5c:36:28:cb:b1:39-32:03:46:87:34:13-c3:43:d6:28:59:cb',49,NULL,26,1,NULL,NULL,'2009-12-11','2012-06-27',NULL,NULL,'898.00',0,0,1,0,1,1,NULL,NULL,NULL,NULL,NULL,'--- !ruby/hash:ActiveSupport::HashWithIndifferentAccess\nanschaffungskategorie: AV-Technik\nreference: invoice\numzug: zgeln\nankunftszustand: intakt\n','2012-06-26 23:37:11','2012-06-26 23:37:11',NULL),(27,'kxk82x369bkewq92yesj27','62:dd:30:22:e6:5e-a7:80:23:a6:6b:17-0b:5b:99:9d:c8:db',50,NULL,27,1,NULL,NULL,'2009-04-26','2012-06-27',NULL,NULL,'332.00',0,0,1,0,1,1,NULL,NULL,NULL,NULL,NULL,'--- !ruby/hash:ActiveSupport::HashWithIndifferentAccess\nanschaffungskategorie: AV-Technik\nreference: invoice\numzug: zgeln\nankunftszustand: intakt\n','2012-06-26 23:37:11','2012-06-26 23:37:11',NULL),(28,'4c1apctnmal343tfysdm28','e2:a3:f4:78:fc:38-bf:7d:8b:8e:d0:65-47:c5:dd:c6:38:94',51,NULL,28,1,NULL,NULL,'2010-11-08','2012-06-27',NULL,NULL,'37.00',0,0,1,0,1,1,NULL,NULL,NULL,NULL,NULL,'--- !ruby/hash:ActiveSupport::HashWithIndifferentAccess\nanschaffungskategorie: AV-Technik\nreference: invoice\numzug: zgeln\nankunftszustand: intakt\n','2012-06-26 23:37:11','2012-06-26 23:37:11',NULL),(29,'6mh8fcvkdymmynki38d729','c9:6f:51:f7:54:c1-74:f7:e5:2d:01:cb-46:58:84:f5:90:3d',52,NULL,29,1,NULL,NULL,'2010-05-22','2012-06-27',NULL,NULL,'1206.00',0,0,1,0,1,1,NULL,NULL,NULL,NULL,NULL,'--- !ruby/hash:ActiveSupport::HashWithIndifferentAccess\nanschaffungskategorie: AV-Technik\nreference: invoice\numzug: zgeln\nankunftszustand: intakt\n','2012-06-26 23:37:11','2012-06-26 23:37:11',NULL),(30,'n2gxuratbzwxxwckcq8b30','1f:78:71:9d:08:6d-5c:64:98:4f:a1:1f-36:7a:45:95:28:9a',53,NULL,30,1,NULL,NULL,'2007-07-18','2012-06-27',NULL,NULL,'1248.00',0,0,1,0,1,1,NULL,NULL,NULL,NULL,NULL,'--- !ruby/hash:ActiveSupport::HashWithIndifferentAccess\nanschaffungskategorie: AV-Technik\nreference: invoice\numzug: zgeln\nankunftszustand: intakt\n','2012-06-26 23:37:11','2012-06-26 23:37:11',NULL),(31,'dnlhf17hunsbo0hespjs31','9d:e6:6f:71:5f:c5-7c:2c:9c:74:4e:bf-88:8f:6d:e1:4e:09',54,NULL,31,1,NULL,NULL,'2007-11-12','2012-06-27',NULL,NULL,'195.00',0,0,1,0,1,1,NULL,NULL,NULL,NULL,NULL,'--- !ruby/hash:ActiveSupport::HashWithIndifferentAccess\nanschaffungskategorie: AV-Technik\nreference: invoice\numzug: zgeln\nankunftszustand: intakt\n','2012-06-26 23:37:11','2012-06-26 23:37:11',NULL),(32,'uhybvm5rphvm8yxvcexg32','0f:97:d9:2c:4a:25-d2:20:50:ae:58:6a-35:a5:36:c2:ad:8d',55,NULL,32,1,NULL,NULL,'2010-11-23','2012-06-27',NULL,NULL,'713.00',0,0,1,0,1,1,NULL,NULL,NULL,NULL,NULL,'--- !ruby/hash:ActiveSupport::HashWithIndifferentAccess\nanschaffungskategorie: AV-Technik\nreference: invoice\numzug: zgeln\nankunftszustand: intakt\n','2012-06-26 23:37:11','2012-06-26 23:37:11',NULL),(33,'o623f39aizghnne5vmoa33','9f:47:f3:81:44:81-bc:38:bc:ee:37:cc-d4:57:b8:bd:a4:da',56,NULL,33,1,NULL,NULL,'2011-05-09','2012-06-27',NULL,NULL,'1005.00',0,0,1,0,1,1,NULL,NULL,NULL,NULL,NULL,'--- !ruby/hash:ActiveSupport::HashWithIndifferentAccess\nanschaffungskategorie: AV-Technik\nreference: invoice\numzug: zgeln\nankunftszustand: intakt\n','2012-06-26 23:37:11','2012-06-26 23:37:11',NULL),(34,'4siq462lzcecgxjpy64k34','85:45:5e:32:40:dd-d0:ed:30:98:cb:1a-a6:c9:b5:9e:80:74',57,NULL,34,1,NULL,NULL,'2009-09-04','2012-06-27',NULL,NULL,'110.00',0,0,1,0,1,1,NULL,NULL,NULL,NULL,NULL,'--- !ruby/hash:ActiveSupport::HashWithIndifferentAccess\nanschaffungskategorie: AV-Technik\nreference: invoice\numzug: zgeln\nankunftszustand: intakt\n','2012-06-26 23:37:11','2012-06-26 23:37:11',NULL),(35,'m705u2kfoq90634bpy5235','54:5c:ca:5a:b6:9c-98:f2:df:12:cf:a4-c7:6c:46:24:72:7d',58,NULL,35,1,NULL,NULL,'2010-08-02','2012-06-27',NULL,NULL,'1419.00',0,0,1,0,1,1,NULL,NULL,NULL,NULL,NULL,'--- !ruby/hash:ActiveSupport::HashWithIndifferentAccess\nanschaffungskategorie: AV-Technik\nreference: invoice\numzug: zgeln\nankunftszustand: intakt\n','2012-06-26 23:37:11','2012-06-26 23:37:11',NULL),(36,'vos5ajeih397vb6y7pos36','82:ec:f0:7c:8b:cb-07:58:9c:15:86:be-08:00:e5:ab:55:81',59,NULL,36,1,NULL,NULL,'2007-08-25','2012-06-27',NULL,NULL,'20.00',0,0,1,0,1,1,NULL,NULL,NULL,NULL,NULL,'--- !ruby/hash:ActiveSupport::HashWithIndifferentAccess\nanschaffungskategorie: AV-Technik\nreference: invoice\numzug: zgeln\nankunftszustand: intakt\n','2012-06-26 23:37:11','2012-06-26 23:37:11',NULL),(37,'7fmx2s7dcb04ulahgk7q37','85:8f:6f:34:a2:fa-f5:03:45:e2:38:73-f5:67:74:11:52:dd',60,NULL,37,1,NULL,NULL,'2009-10-13','2012-06-27',NULL,NULL,'1342.00',0,0,1,0,1,1,NULL,NULL,NULL,NULL,NULL,'--- !ruby/hash:ActiveSupport::HashWithIndifferentAccess\nanschaffungskategorie: AV-Technik\nreference: invoice\numzug: zgeln\nankunftszustand: intakt\n','2012-06-26 23:37:11','2012-06-26 23:37:11',NULL),(38,'u43zwnfoolod9izl4iz238','d5:05:a1:90:19:e6-71:39:00:83:95:48-ce:b8:41:70:7c:de',61,NULL,38,1,NULL,NULL,'2009-12-19','2012-06-27',NULL,NULL,'858.00',0,0,1,0,1,1,NULL,NULL,NULL,NULL,NULL,'--- !ruby/hash:ActiveSupport::HashWithIndifferentAccess\nanschaffungskategorie: AV-Technik\nreference: invoice\numzug: zgeln\nankunftszustand: intakt\n','2012-06-26 23:37:11','2012-06-26 23:37:11',NULL),(39,'y4encksy6qcr69dww9kb39','72:b4:d7:94:a5:b7-32:c2:2c:6c:89:3d-e1:c1:73:07:b3:de',62,NULL,39,1,NULL,NULL,'2011-11-28','2012-06-27',NULL,NULL,'759.00',0,0,1,0,1,1,NULL,NULL,NULL,NULL,NULL,'--- !ruby/hash:ActiveSupport::HashWithIndifferentAccess\nanschaffungskategorie: AV-Technik\nreference: invoice\numzug: zgeln\nankunftszustand: intakt\n','2012-06-26 23:37:11','2012-06-26 23:37:11',NULL),(40,'y5a3lb3h8sx92te7r71640','a3:51:83:6f:86:ef-04:ec:7a:5c:e0:a6-2c:ef:fe:1e:9c:7e',63,NULL,40,1,NULL,NULL,'2011-04-05','2012-06-27',NULL,NULL,'895.00',0,0,1,0,1,1,NULL,NULL,NULL,NULL,NULL,'--- !ruby/hash:ActiveSupport::HashWithIndifferentAccess\nanschaffungskategorie: AV-Technik\nreference: invoice\numzug: zgeln\nankunftszustand: intakt\n','2012-06-26 23:37:11','2012-06-26 23:37:11',NULL),(41,'byxih3xxneh503pm53cc41','4f:17:48:ad:a4:4f-f6:0e:9b:6a:9b:85-e6:e8:ed:3f:58:3d',64,NULL,41,1,NULL,NULL,'2009-08-26','2012-06-27',NULL,NULL,'265.00',0,0,1,0,1,1,NULL,NULL,NULL,NULL,NULL,'--- !ruby/hash:ActiveSupport::HashWithIndifferentAccess\nanschaffungskategorie: AV-Technik\nreference: invoice\numzug: zgeln\nankunftszustand: intakt\n','2012-06-26 23:37:11','2012-06-26 23:37:11',NULL),(42,'mt0trtusb9078cz8ef2742','ca:92:05:7b:93:aa-b2:2b:8e:37:ef:c1-f6:0d:d0:ec:eb:e8',65,NULL,42,1,NULL,NULL,'2008-03-07','2012-06-27',NULL,NULL,'1445.00',0,0,1,0,1,1,NULL,NULL,NULL,NULL,NULL,'--- !ruby/hash:ActiveSupport::HashWithIndifferentAccess\nanschaffungskategorie: AV-Technik\nreference: invoice\numzug: zgeln\nankunftszustand: intakt\n','2012-06-26 23:37:11','2012-06-26 23:37:11',NULL),(43,'2xgp9cbei4l38zrmhbht43','0c:ad:f3:46:be:73-69:8c:f3:db:1b:55-fd:4e:c4:e0:89:56',66,NULL,43,1,NULL,NULL,'2007-08-19','2012-06-27',NULL,NULL,'280.00',0,0,1,0,1,1,NULL,NULL,NULL,NULL,NULL,'--- !ruby/hash:ActiveSupport::HashWithIndifferentAccess\nanschaffungskategorie: AV-Technik\nreference: invoice\numzug: zgeln\nankunftszustand: intakt\n','2012-06-26 23:37:11','2012-06-26 23:37:11',NULL),(44,'qjl64a8iulmro81hsf1x44','40:7d:1a:7c:0d:c2-57:a4:43:b4:3e:99-a8:37:2e:25:13:74',67,NULL,44,1,NULL,NULL,'2007-01-28','2012-06-27',NULL,NULL,'414.00',0,0,1,0,1,1,NULL,NULL,NULL,NULL,NULL,'--- !ruby/hash:ActiveSupport::HashWithIndifferentAccess\nanschaffungskategorie: AV-Technik\nreference: invoice\numzug: zgeln\nankunftszustand: intakt\n','2012-06-26 23:37:11','2012-06-26 23:37:11',NULL),(45,'qgzgmy54a72rpzwo0y8y45','a2:64:2c:86:3f:00-46:b6:3c:2d:c1:4c-c6:7a:f8:d9:5a:7b',68,NULL,45,1,NULL,NULL,'2011-06-17','2012-06-27',NULL,NULL,'704.00',0,0,1,0,1,1,NULL,NULL,NULL,NULL,NULL,'--- !ruby/hash:ActiveSupport::HashWithIndifferentAccess\nanschaffungskategorie: AV-Technik\nreference: invoice\numzug: zgeln\nankunftszustand: intakt\n','2012-06-26 23:37:11','2012-06-26 23:37:11',NULL),(46,'m7z6stochqzsnjif68rc46','03:f2:cc:50:2c:8e-ef:3c:fa:b7:a3:31-d9:db:78:b1:13:c4',69,NULL,46,1,NULL,NULL,'2011-11-06','2012-06-27',NULL,NULL,'422.00',0,0,1,0,1,1,NULL,NULL,NULL,NULL,NULL,'--- !ruby/hash:ActiveSupport::HashWithIndifferentAccess\nanschaffungskategorie: AV-Technik\nreference: invoice\numzug: zgeln\nankunftszustand: intakt\n','2012-06-26 23:37:11','2012-06-26 23:37:11',NULL),(47,'fi288iyxwfg2068k4k0d47','6a:7e:1c:32:3d:82-d1:f4:3a:45:23:b5-7e:7d:ba:e7:d3:0a',70,NULL,47,1,NULL,NULL,'2007-05-28','2012-06-27',NULL,NULL,'918.00',0,0,1,0,1,1,NULL,NULL,NULL,NULL,NULL,'--- !ruby/hash:ActiveSupport::HashWithIndifferentAccess\nanschaffungskategorie: AV-Technik\nreference: invoice\numzug: zgeln\nankunftszustand: intakt\n','2012-06-26 23:37:11','2012-06-26 23:37:11',NULL),(48,'ofxk7872mdup563tbl5x48','a5:25:0c:00:9f:08-e2:59:3b:d9:96:ca-e2:ce:0a:ff:13:d2',71,NULL,48,1,NULL,NULL,'2008-05-01','2012-06-27',NULL,NULL,'564.00',0,0,1,0,1,1,NULL,NULL,NULL,NULL,NULL,'--- !ruby/hash:ActiveSupport::HashWithIndifferentAccess\nanschaffungskategorie: AV-Technik\nreference: invoice\numzug: zgeln\nankunftszustand: intakt\n','2012-06-26 23:37:11','2012-06-26 23:37:11',NULL),(49,'ig88kozhort04nsh0eoq49','0b:c8:13:96:94:2c-08:0a:33:2e:86:0f-ee:62:ad:0e:bb:7a',72,NULL,49,1,NULL,NULL,'2008-10-27','2012-06-27',NULL,NULL,'958.00',0,0,1,0,1,1,NULL,NULL,NULL,NULL,NULL,'--- !ruby/hash:ActiveSupport::HashWithIndifferentAccess\nanschaffungskategorie: AV-Technik\nreference: invoice\numzug: zgeln\nankunftszustand: intakt\n','2012-06-26 23:37:11','2012-06-26 23:37:11',NULL),(50,'y8rnts9fxe4yoiw0ifap50','c1:e3:c8:a7:9a:7e-e0:93:f0:fb:9d:06-a6:05:ff:c2:0d:b7',73,NULL,50,1,NULL,NULL,'2008-05-25','2012-06-27',NULL,NULL,'1433.00',0,0,1,0,1,1,NULL,NULL,NULL,NULL,NULL,'--- !ruby/hash:ActiveSupport::HashWithIndifferentAccess\nanschaffungskategorie: AV-Technik\nreference: invoice\numzug: zgeln\nankunftszustand: intakt\n','2012-06-26 23:37:11','2012-06-26 23:37:11',NULL),(51,'book1','book1',1,1,51,2,NULL,NULL,'2008-10-10','2012-06-27',NULL,NULL,'467.00',0,0,1,0,2,1,NULL,NULL,NULL,NULL,NULL,'--- !ruby/hash:ActiveSupport::HashWithIndifferentAccess\nanschaffungskategorie: AV-Technik\nreference: invoice\numzug: zgeln\nankunftszustand: intakt\n','2012-06-26 23:37:11','2012-06-26 23:37:11',NULL),(52,'book2','book2',1,1,52,2,NULL,NULL,'2007-05-23','2012-06-27',NULL,NULL,'218.00',0,0,1,0,2,1,NULL,NULL,NULL,NULL,NULL,'--- !ruby/hash:ActiveSupport::HashWithIndifferentAccess\nanschaffungskategorie: AV-Technik\nreference: invoice\numzug: zgeln\nankunftszustand: intakt\n','2012-06-26 23:37:11','2012-06-26 23:37:11',NULL),(53,'beam123','xyz456',2,1,53,1,NULL,NULL,'2008-05-21','2012-06-27',NULL,NULL,'1306.00',0,0,1,0,1,1,NULL,NULL,NULL,NULL,NULL,'--- !ruby/hash:ActiveSupport::HashWithIndifferentAccess\nanschaffungskategorie: AV-Technik\nreference: invoice\numzug: zgeln\nankunftszustand: intakt\n','2012-06-26 23:37:11','2012-06-26 23:37:11',NULL),(54,'beam345','xyz890',2,1,54,1,NULL,NULL,'2008-01-06','2012-06-27',NULL,NULL,'5.00',0,0,1,0,1,1,NULL,NULL,NULL,NULL,NULL,'--- !ruby/hash:ActiveSupport::HashWithIndifferentAccess\nanschaffungskategorie: AV-Technik\nreference: invoice\numzug: zgeln\nankunftszustand: intakt\n','2012-06-26 23:37:11','2012-06-26 23:37:11',NULL),(55,'beam678','xyz678',3,1,55,1,NULL,NULL,'2007-05-30','2012-06-27',NULL,NULL,'291.00',0,0,1,0,1,1,NULL,NULL,NULL,NULL,NULL,'--- !ruby/hash:ActiveSupport::HashWithIndifferentAccess\nanschaffungskategorie: AV-Technik\nreference: invoice\numzug: zgeln\nankunftszustand: intakt\n','2012-06-26 23:37:11','2012-06-26 23:37:11',NULL),(56,'beam749','xyz749',2,1,56,1,NULL,NULL,'2010-06-28','2012-06-27',NULL,NULL,'365.00',0,0,1,0,2,1,NULL,NULL,NULL,NULL,NULL,'--- !ruby/hash:ActiveSupport::HashWithIndifferentAccess\nanschaffungskategorie: AV-Technik\nreference: invoice\numzug: zgeln\nankunftszustand: intakt\n','2012-06-26 23:37:11','2012-06-26 23:37:11',NULL),(57,'beamTest123','xyz74912',5,1,57,1,NULL,NULL,'2009-07-30','2012-06-27',NULL,NULL,'1214.00',0,0,1,0,1,1,NULL,NULL,NULL,NULL,NULL,'--- !ruby/hash:ActiveSupport::HashWithIndifferentAccess\nanschaffungskategorie: AV-Technik\nreference: invoice\numzug: zgeln\nankunftszustand: intakt\n','2012-06-26 23:37:11','2012-06-26 23:37:11',NULL),(58,'ucbeam1','minbeam1',6,1,58,1,NULL,NULL,'2007-10-01','2012-06-27',NULL,NULL,'1406.00',0,0,1,0,1,1,NULL,NULL,NULL,'ucbeam1',NULL,'--- !ruby/hash:ActiveSupport::HashWithIndifferentAccess\nanschaffungskategorie: AV-Technik\nreference: invoice\numzug: zgeln\nankunftszustand: intakt\n','2012-06-26 23:37:11','2012-06-26 23:37:11',NULL),(59,'microbeam1','microbeam1',7,1,59,1,NULL,NULL,'2011-01-27','2012-06-27',NULL,NULL,'1170.00',0,0,1,0,1,1,NULL,NULL,NULL,'microbeam1',NULL,'--- !ruby/hash:ActiveSupport::HashWithIndifferentAccess\nanschaffungskategorie: AV-Technik\nreference: invoice\numzug: zgeln\nankunftszustand: intakt\n','2012-06-26 23:37:11','2012-06-26 23:37:11',NULL),(60,'cam123','abc234',8,1,60,1,NULL,NULL,'2007-03-03','2012-06-27',NULL,NULL,'1256.00',0,0,1,0,1,1,NULL,NULL,NULL,NULL,NULL,'--- !ruby/hash:ActiveSupport::HashWithIndifferentAccess\nanschaffungskategorie: AV-Technik\nreference: invoice\numzug: zgeln\nankunftszustand: intakt\n','2012-06-26 23:37:11','2012-06-26 23:37:11',NULL),(61,'cam345','ab567',8,1,61,1,NULL,NULL,'2009-02-01','2012-06-27',NULL,NULL,'21.00',0,0,1,0,1,1,NULL,NULL,NULL,NULL,NULL,'--- !ruby/hash:ActiveSupport::HashWithIndifferentAccess\nanschaffungskategorie: AV-Technik\nreference: invoice\numzug: zgeln\nankunftszustand: intakt\n','2012-06-26 23:37:11','2012-06-26 23:37:11',NULL),(62,'cam567','ab789',8,1,62,1,NULL,NULL,'2007-10-30','2012-06-27',NULL,NULL,'1123.00',0,0,1,0,1,1,NULL,NULL,NULL,NULL,NULL,'--- !ruby/hash:ActiveSupport::HashWithIndifferentAccess\nanschaffungskategorie: AV-Technik\nreference: invoice\numzug: zgeln\nankunftszustand: intakt\n','2012-06-26 23:37:11','2012-06-26 23:37:11',NULL),(63,'cam53267','ab782129',8,1,63,1,NULL,NULL,'2010-06-10','2012-06-27',NULL,NULL,'644.00',0,0,1,0,1,1,NULL,NULL,NULL,NULL,NULL,'--- !ruby/hash:ActiveSupport::HashWithIndifferentAccess\nanschaffungskategorie: AV-Technik\nreference: invoice\numzug: zgeln\nankunftszustand: intakt\n','2012-06-26 23:37:11','2012-06-26 23:37:11',NULL),(64,'cam532asd67','ab78as2129',8,1,64,1,NULL,NULL,'2011-04-08','2012-06-27',NULL,NULL,'494.00',0,0,1,0,1,1,NULL,NULL,NULL,NULL,NULL,'--- !ruby/hash:ActiveSupport::HashWithIndifferentAccess\nanschaffungskategorie: AV-Technik\nreference: invoice\numzug: zgeln\nankunftszustand: intakt\n','2012-06-26 23:37:11','2012-06-26 23:37:11',NULL),(65,'tri789','fgh567',9,1,65,1,NULL,NULL,'2011-05-10','2012-06-27',NULL,NULL,'1109.00',0,0,1,0,1,1,NULL,NULL,NULL,NULL,NULL,'--- !ruby/hash:ActiveSupport::HashWithIndifferentAccess\nanschaffungskategorie: AV-Technik\nreference: invoice\numzug: zgeln\nankunftszustand: intakt\n','2012-06-26 23:37:11','2012-06-26 23:37:11',NULL),(66,'tri123','fgh987',9,1,66,1,NULL,NULL,'2007-09-07','2012-06-27',NULL,NULL,'1498.00',0,0,1,0,1,1,NULL,NULL,NULL,NULL,NULL,'--- !ruby/hash:ActiveSupport::HashWithIndifferentAccess\nanschaffungskategorie: AV-Technik\nreference: invoice\numzug: zgeln\nankunftszustand: intakt\n','2012-06-26 23:37:11','2012-06-26 23:37:11',NULL),(67,'tri923','asd213',9,1,67,1,NULL,NULL,'2008-04-12','2012-06-27',NULL,NULL,'315.00',0,0,1,0,1,1,NULL,NULL,NULL,NULL,NULL,'--- !ruby/hash:ActiveSupport::HashWithIndifferentAccess\nanschaffungskategorie: AV-Technik\nreference: invoice\numzug: zgeln\nankunftszustand: intakt\n','2012-06-26 23:37:11','2012-06-26 23:37:11',NULL),(68,'tri212','tri212',9,1,68,1,NULL,NULL,'2011-02-08','2012-06-27',NULL,NULL,'140.00',0,0,1,0,1,1,NULL,NULL,NULL,NULL,NULL,'--- !ruby/hash:ActiveSupport::HashWithIndifferentAccess\nanschaffungskategorie: AV-Technik\nreference: invoice\numzug: zgeln\nankunftszustand: intakt\n','2012-06-26 23:37:11','2012-06-26 23:37:11',NULL),(69,'hifi123','hifi123',10,1,69,1,NULL,NULL,'2008-02-16','2012-06-27',NULL,NULL,'151.00',0,0,1,0,1,1,NULL,NULL,NULL,NULL,NULL,'--- !ruby/hash:ActiveSupport::HashWithIndifferentAccess\nanschaffungskategorie: AV-Technik\nreference: invoice\numzug: zgeln\nankunftszustand: intakt\n','2012-06-26 23:37:11','2012-06-26 23:37:11',NULL),(70,'bose123','bose123',12,1,70,1,NULL,NULL,'2007-12-28','2012-06-27',NULL,NULL,'153.00',0,0,1,0,1,1,NULL,NULL,NULL,NULL,NULL,'--- !ruby/hash:ActiveSupport::HashWithIndifferentAccess\nanschaffungskategorie: AV-Technik\nreference: invoice\numzug: zgeln\nankunftszustand: intakt\n','2012-06-26 23:37:11','2012-06-26 23:37:11',NULL),(71,'cand5','cand5',8,1,71,1,NULL,NULL,'2008-07-25','2012-06-27',NULL,NULL,'944.00',0,0,0,0,1,1,NULL,NULL,NULL,NULL,NULL,'--- !ruby/hash:ActiveSupport::HashWithIndifferentAccess\nanschaffungskategorie: AV-Technik\nreference: invoice\numzug: zgeln\nankunftszustand: intakt\n','2012-06-26 23:37:11','2012-06-26 23:37:11',NULL),(72,'beam21231','beamas12312',2,1,72,1,NULL,NULL,'2011-08-12','2012-06-27',NULL,NULL,'1297.00',0,0,0,0,1,1,NULL,NULL,NULL,NULL,NULL,'--- !ruby/hash:ActiveSupport::HashWithIndifferentAccess\nanschaffungskategorie: AV-Technik\nreference: invoice\numzug: zgeln\nankunftszustand: intakt\n','2012-06-26 23:37:11','2012-06-26 23:37:11',NULL),(73,'hifi345','hifi345',10,1,73,1,NULL,NULL,'2009-12-23','2012-06-27',NULL,NULL,'556.00',0,0,0,0,1,1,NULL,NULL,NULL,NULL,NULL,'--- !ruby/hash:ActiveSupport::HashWithIndifferentAccess\nanschaffungskategorie: AV-Technik\nreference: invoice\numzug: zgeln\nankunftszustand: intakt\n','2012-06-26 23:37:11','2012-06-26 23:37:11',NULL),(74,'wlaptop1','wlaptop1',14,1,74,1,NULL,NULL,'2007-11-01','2012-06-27',NULL,NULL,'1154.00',1,0,1,0,1,1,NULL,NULL,NULL,NULL,NULL,'--- !ruby/hash:ActiveSupport::HashWithIndifferentAccess\nanschaffungskategorie: AV-Technik\nreference: invoice\numzug: zgeln\nankunftszustand: intakt\n','2012-06-26 23:37:11','2012-06-26 23:37:11',NULL),(75,'v120d02','v120d02',15,1,75,1,NULL,NULL,'2009-12-03','2012-06-27',NULL,NULL,'334.00',0,1,1,0,1,1,NULL,NULL,NULL,NULL,NULL,'--- !ruby/hash:ActiveSupport::HashWithIndifferentAccess\nanschaffungskategorie: AV-Technik\nreference: invoice\numzug: zgeln\nankunftszustand: intakt\n','2012-06-26 23:37:11','2012-06-26 23:37:11',NULL),(76,'v120d11','v120d11',15,NULL,76,1,NULL,NULL,'2011-09-06','2012-06-27','2012-06-27','Dolor voluptatem impedit velit quia dignissimos mollitia odio.','999.00',1,1,0,0,1,1,NULL,NULL,NULL,NULL,NULL,'--- !ruby/hash:ActiveSupport::HashWithIndifferentAccess\nanschaffungskategorie: AV-Technik\nreference: invoice\numzug: zgeln\nankunftszustand: intakt\n','2012-06-26 23:37:11','2012-06-26 23:37:11',NULL),(77,'v120d022g','v120d022g',16,1,77,1,NULL,NULL,'2009-12-19','2012-06-27',NULL,NULL,'204.00',0,0,1,0,1,1,NULL,NULL,NULL,NULL,NULL,'--- !ruby/hash:ActiveSupport::HashWithIndifferentAccess\nanschaffungskategorie: AV-Technik\nreference: invoice\numzug: zgeln\nankunftszustand: intakt\n','2012-06-26 23:37:11','2012-06-26 23:37:11',NULL),(78,'v120d022g2','v120d022g2',16,1,78,1,NULL,NULL,'2009-01-03','2012-06-27',NULL,NULL,'1133.00',0,0,1,0,1,1,NULL,NULL,NULL,NULL,NULL,'--- !ruby/hash:ActiveSupport::HashWithIndifferentAccess\nanschaffungskategorie: AV-Technik\nreference: invoice\numzug: zgeln\nankunftszustand: intakt\n','2012-06-26 23:37:11','2012-06-26 23:37:11',NULL),(79,'iMac1','iMac1',18,1,79,1,NULL,NULL,'2009-10-29','2012-06-27','2012-06-27','This item is gone.','1343.00',0,0,1,0,1,1,NULL,NULL,NULL,NULL,NULL,'--- !ruby/hash:ActiveSupport::HashWithIndifferentAccess\nanschaffungskategorie: AV-Technik\nreference: invoice\numzug: zgeln\nankunftszustand: intakt\n','2012-06-26 23:37:11','2012-06-26 23:37:11',NULL),(80,'iMac2','iMac2',18,1,80,3,NULL,NULL,'2007-07-01','2012-06-27','2012-06-27','This item is gone.','507.00',0,0,1,0,1,1,NULL,NULL,NULL,NULL,NULL,'--- !ruby/hash:ActiveSupport::HashWithIndifferentAccess\nanschaffungskategorie: AV-Technik\nreference: invoice\numzug: zgeln\nankunftszustand: intakt\n','2012-06-26 23:37:11','2012-06-26 23:37:11',NULL),(81,'lpv3yc','lpv3yc',11,1,81,1,NULL,NULL,'2010-04-27','2012-06-27','2012-06-27','This item is gone.','969.00',0,0,1,0,1,1,NULL,NULL,NULL,NULL,NULL,'--- !ruby/hash:ActiveSupport::HashWithIndifferentAccess\nanschaffungskategorie: AV-Technik\nreference: invoice\numzug: zgeln\nankunftszustand: intakt\n','2012-06-26 23:37:11','2012-06-26 23:37:11',NULL),(82,'6cxjcs','6cxjcs',11,1,82,1,NULL,NULL,'2011-05-30','2012-06-27','2012-06-27','This item is gone.','969.00',0,0,1,0,1,1,NULL,NULL,NULL,NULL,NULL,'--- !ruby/hash:ActiveSupport::HashWithIndifferentAccess\nanschaffungskategorie: AV-Technik\nreference: invoice\numzug: zgeln\nankunftszustand: intakt\n','2012-06-26 23:37:11','2012-06-26 23:37:11',NULL),(83,'beam897','beam897',2,1,83,2,NULL,NULL,'2010-06-01','2012-06-27',NULL,NULL,'161.00',0,0,1,0,2,1,NULL,NULL,NULL,NULL,NULL,'--- !ruby/hash:ActiveSupport::HashWithIndifferentAccess\nanschaffungskategorie: AV-Technik\nreference: invoice\numzug: zgeln\nankunftszustand: intakt\n','2012-06-26 23:37:11','2012-06-26 23:37:11',NULL),(84,'minibeam12','minibeam12',4,1,84,2,NULL,NULL,'2007-12-10','2012-06-27',NULL,NULL,'966.00',0,0,1,0,2,1,NULL,NULL,NULL,NULL,NULL,'--- !ruby/hash:ActiveSupport::HashWithIndifferentAccess\nanschaffungskategorie: AV-Technik\nreference: invoice\numzug: zgeln\nankunftszustand: intakt\n','2012-06-26 23:37:11','2012-06-26 23:37:11',NULL),(85,'minibeam34','minibeam34',4,1,85,3,NULL,NULL,'2009-04-04','2012-06-27',NULL,NULL,'700.00',0,0,1,0,3,1,NULL,NULL,NULL,NULL,NULL,'--- !ruby/hash:ActiveSupport::HashWithIndifferentAccess\nanschaffungskategorie: AV-Technik\nreference: invoice\numzug: zgeln\nankunftszustand: intakt\n','2012-06-26 23:37:11','2012-06-26 23:37:11',NULL),(86,'minibeam56','minibeam56',4,1,86,1,NULL,NULL,'2010-11-11','2012-06-27','2012-06-27','Qui et natus dolorem.','185.00',0,0,1,0,1,1,NULL,NULL,NULL,NULL,NULL,'--- !ruby/hash:ActiveSupport::HashWithIndifferentAccess\nanschaffungskategorie: AV-Technik\nreference: invoice\numzug: zgeln\nankunftszustand: intakt\n','2012-06-26 23:37:11','2012-06-26 23:37:11',NULL),(87,'minibeam78','minibeam78',4,1,87,2,NULL,NULL,'2008-11-10','2012-06-27',NULL,NULL,'947.00',0,0,1,0,2,1,NULL,NULL,NULL,NULL,NULL,'--- !ruby/hash:ActiveSupport::HashWithIndifferentAccess\nanschaffungskategorie: AV-Technik\nreference: invoice\numzug: zgeln\nankunftszustand: intakt\n','2012-06-26 23:37:11','2012-06-26 23:37:11',NULL),(88,'air123','air123',19,1,88,1,NULL,NULL,'2008-12-01','2012-06-27',NULL,NULL,'184.00',0,0,1,0,1,1,NULL,NULL,NULL,NULL,NULL,'--- !ruby/hash:ActiveSupport::HashWithIndifferentAccess\nanschaffungskategorie: AV-Technik\nreference: invoice\numzug: zgeln\nankunftszustand: intakt\n','2012-06-26 23:37:11','2012-06-26 23:37:11',NULL),(89,'tp230','tp230',20,1,89,1,NULL,NULL,'2011-04-25','2012-06-27',NULL,NULL,'1162.00',0,0,1,0,1,1,NULL,NULL,NULL,NULL,NULL,'--- !ruby/hash:ActiveSupport::HashWithIndifferentAccess\nanschaffungskategorie: AV-Technik\nreference: invoice\numzug: zgeln\nankunftszustand: intakt\n','2012-06-26 23:37:11','2012-06-26 23:37:11',NULL),(90,'tp301','tp301',21,1,90,1,NULL,NULL,'2007-01-21','2012-06-27',NULL,NULL,'594.00',0,0,1,0,1,1,NULL,NULL,NULL,NULL,NULL,'--- !ruby/hash:ActiveSupport::HashWithIndifferentAccess\nanschaffungskategorie: AV-Technik\nreference: invoice\numzug: zgeln\nankunftszustand: intakt\n','2012-06-26 23:37:11','2012-06-26 23:37:11',NULL),(91,'carbon1','carbon1',22,1,91,1,NULL,NULL,'2009-04-13','2012-06-27',NULL,NULL,'1491.00',0,0,1,0,1,1,NULL,NULL,NULL,NULL,NULL,'--- !ruby/hash:ActiveSupport::HashWithIndifferentAccess\nanschaffungskategorie: AV-Technik\nreference: invoice\numzug: zgeln\nankunftszustand: intakt\n','2012-06-26 23:37:11','2012-06-26 23:37:11',NULL),(92,'carbon2','carbon2',22,1,92,1,NULL,NULL,'2008-05-08','2012-06-27',NULL,NULL,'940.00',0,0,1,0,1,1,NULL,NULL,NULL,NULL,NULL,'--- !ruby/hash:ActiveSupport::HashWithIndifferentAccess\nanschaffungskategorie: AV-Technik\nreference: invoice\numzug: zgeln\nankunftszustand: intakt\n','2012-06-26 23:37:11','2012-06-26 23:37:11',NULL),(93,'inspiron1','inspiron1',23,1,93,1,NULL,NULL,'2008-11-29','2012-06-27',NULL,NULL,'362.00',0,0,1,0,1,1,NULL,NULL,NULL,NULL,NULL,'--- !ruby/hash:ActiveSupport::HashWithIndifferentAccess\nanschaffungskategorie: AV-Technik\nreference: invoice\numzug: zgeln\nankunftszustand: intakt\n','2012-06-26 23:37:11','2012-06-26 23:37:11',NULL),(94,'A13',NULL,1,1,94,1,NULL,NULL,'2009-01-03','2012-06-27',NULL,NULL,'398.00',0,0,1,0,2,1,NULL,NULL,NULL,NULL,NULL,'--- !ruby/hash:ActiveSupport::HashWithIndifferentAccess\nanschaffungskategorie: AV-Technik\nreference: invoice\numzug: zgeln\nankunftszustand: intakt\n','2012-06-26 23:37:11','2012-06-26 23:37:11',NULL),(95,'2lgcxbdksfg6ot1yx2bw51','8a:fb:c6:c4:8b:8a-6f:20:f5:e3:28:b1-9b:5e:97:c4:90:83',76,NULL,NULL,1,NULL,NULL,NULL,NULL,NULL,NULL,NULL,0,0,0,0,1,0,NULL,NULL,NULL,NULL,NULL,'--- !ruby/hash:ActiveSupport::HashWithIndifferentAccess\nlicense_type: single_workplace\nactivation_type: serial_number\noperating_system:\n- windows\n- linux\ninstallation:\n- citrix\n- web\nprocured_by: Jules Spinka\nreference: invoice\nmaintenance_contract: \'false\'\nmaintenance_currency: CHF\n','2012-06-26 23:37:11','2012-06-26 23:37:11',NULL),(96,'tw8xai3jj8fqvzxw433c52','40:c1:cb:54:7e:ef-72:63:43:2e:c8:87-41:a4:a3:cd:34:e5',77,NULL,NULL,1,NULL,NULL,NULL,NULL,NULL,NULL,NULL,0,0,0,0,1,0,NULL,NULL,NULL,NULL,NULL,'--- !ruby/hash:ActiveSupport::HashWithIndifferentAccess\nlicense_type: single_workplace\nactivation_type: serial_number\noperating_system:\n- windows\n- linux\ninstallation:\n- citrix\n- web\nreference: invoice\nmaintenance_contract: \'false\'\nmaintenance_currency: CHF\n','2012-06-26 23:37:11','2012-06-26 23:37:11',NULL),(97,'3f9qjkroxlqbbpr5s1tp53','b4:3f:7a:5f:90:79-32:51:11:d3:6a:af-84:64:32:e6:2a:64',78,NULL,NULL,1,NULL,NULL,NULL,NULL,NULL,NULL,NULL,0,0,0,0,1,0,NULL,NULL,NULL,NULL,NULL,'--- !ruby/hash:ActiveSupport::HashWithIndifferentAccess\nlicense_type: single_workplace\nactivation_type: serial_number\noperating_system:\n- windows\n- linux\ninstallation:\n- citrix\n- web\nprocured_by: Petra Lowe\nreference: invoice\nmaintenance_contract: \'false\'\nmaintenance_currency: CHF\n','2012-06-26 23:37:11','2012-06-26 23:37:11',NULL),(98,'ahk7f8dbrgq99zbaf8yt54','32:1f:92:fb:0d:7a-2b:c3:96:2b:e1:34-e3:c6:2f:2b:11:a9',79,NULL,NULL,1,NULL,NULL,NULL,NULL,NULL,NULL,NULL,0,0,1,0,1,0,NULL,NULL,NULL,NULL,NULL,'--- !ruby/hash:ActiveSupport::HashWithIndifferentAccess\nlicense_type: single_workplace\nactivation_type: serial_number\noperating_system:\n- windows\n- linux\ninstallation:\n- citrix\n- web\nreference: invoice\nmaintenance_contract: \'false\'\nmaintenance_currency: CHF\n','2012-06-26 23:37:11','2012-06-26 23:37:11',NULL),(99,'A17','cf:72:b3:0a:f9:a5-88:2a:6a:69:11:1e-09:b4:e3:85:48:f4',80,NULL,NULL,1,NULL,NULL,NULL,NULL,NULL,NULL,NULL,0,0,1,0,2,0,NULL,NULL,NULL,NULL,NULL,'--- !ruby/hash:ActiveSupport::HashWithIndifferentAccess\nreference: invoice\nactivation_type: none\nlicense_type: free\nmaintenance_contract: \'false\'\nmaintenance_currency: CHF\n','2012-06-26 23:37:11','2012-06-26 23:37:11',NULL),(100,'A25','d1:9b:8e:d8:42:9e-fc:10:d2:cf:cf:49-2f:85:a0:58:0d:f7',81,NULL,NULL,1,NULL,NULL,NULL,NULL,'2012-06-27','Dignissimos ducimus et doloribus non.',NULL,0,0,0,0,1,0,NULL,NULL,NULL,NULL,NULL,'--- !ruby/hash:ActiveSupport::HashWithIndifferentAccess\nreference: invoice\nactivation_type: none\nlicense_type: free\nmaintenance_contract: \'false\'\nmaintenance_currency: CHF\n','2012-06-26 23:37:11','2012-06-26 23:37:11',NULL),(101,'IT29','77:24:5d:a7:59:4f-e7:c9:56:0e:49:9d-7d:05:f9:04:8c:19',82,NULL,NULL,2,NULL,NULL,NULL,NULL,'2012-06-27','Earum laudantium voluptas officia quisquam rem ducimus officiis.',NULL,0,0,1,0,1,0,NULL,NULL,NULL,NULL,NULL,'--- !ruby/hash:ActiveSupport::HashWithIndifferentAccess\nreference: invoice\nactivation_type: none\nlicense_type: free\nmaintenance_contract: \'false\'\nmaintenance_currency: CHF\n','2012-06-26 23:37:11','2012-06-26 23:37:11',NULL),(102,'IT35','d4:4f:60:bb:d4:0d-9c:1a:ce:c0:55:38-7a:e1:59:c6:df:4f',83,NULL,NULL,2,NULL,NULL,NULL,NULL,NULL,NULL,NULL,0,0,1,0,2,0,NULL,NULL,NULL,NULL,NULL,'--- !ruby/hash:ActiveSupport::HashWithIndifferentAccess\nreference: invoice\nactivation_type: none\nlicense_type: free\nmaintenance_contract: \'false\'\nmaintenance_currency: CHF\n','2012-06-26 23:37:11','2012-06-26 23:37:11',NULL),(103,'A38','5e:ee:60:29:a2:55-18:a9:1b:8f:ca:84-77:d0:c7:4e:ff:8e',84,NULL,NULL,1,NULL,NULL,'2012-06-27',NULL,NULL,NULL,NULL,0,0,0,0,1,0,NULL,NULL,NULL,NULL,NULL,'--- !ruby/hash:ActiveSupport::HashWithIndifferentAccess\nlicense_expiration: \'2012-06-27\'\nmaintenance_contract: \'true\'\nmaintenance_expiration: \'2012-06-27\'\nreference: invoice\nactivation_type: none\nlicense_type: free\nmaintenance_currency: CHF\n','2012-06-26 23:37:11','2012-06-26 23:37:11',NULL),(104,'acrobat123','fb:1b:06:1d:1a:b2-3e:6d:31:4d:21:fa-43:62:13:0f:57:d8',74,NULL,NULL,1,NULL,NULL,NULL,NULL,NULL,NULL,NULL,0,0,0,0,1,0,NULL,NULL,NULL,NULL,NULL,'--- !ruby/hash:ActiveSupport::HashWithIndifferentAccess\nreference: invoice\nactivation_type: none\nlicense_type: free\nmaintenance_contract: \'false\'\nmaintenance_currency: CHF\nquantity_allocations:\n- :room: ut\n  :quantity: \'19\'\n- :room: voluptatem\n  :quantity: \'20\'\n','2012-06-26 23:37:11','2012-06-26 23:37:11',NULL),(105,'msword123','4b:f5:7e:47:62:5a-59:62:4f:03:2c:5a-06:e6:11:dd:38:be',85,NULL,NULL,1,NULL,NULL,NULL,NULL,NULL,NULL,NULL,0,0,0,0,1,0,NULL,NULL,NULL,NULL,NULL,'--- !ruby/hash:ActiveSupport::HashWithIndifferentAccess\nlicense_type: concurrent\noperating_system:\n- mac_os_x\n- windows\nreference: invoice\nactivation_type: none\nmaintenance_contract: \'false\'\nmaintenance_currency: CHF\nquantity_allocations:\n- :room: non\n  :quantity: \'30\'\n- :room: eligendi\n  :quantity: \'28\'\n','2012-06-26 23:37:11','2012-06-26 23:37:11',NULL),(106,'lic111','46:7c:06:c6:47:20-f6:49:a9:35:74:e2-5d:37:ca:84:76:a0',86,NULL,NULL,1,NULL,NULL,NULL,NULL,NULL,NULL,NULL,0,0,0,0,2,0,NULL,NULL,NULL,NULL,NULL,'--- !ruby/hash:ActiveSupport::HashWithIndifferentAccess\nlicense_type: concurrent\noperating_system:\n- windows\n- linux\nreference: invoice\nactivation_type: none\nmaintenance_contract: \'false\'\nmaintenance_currency: CHF\n','2012-06-26 23:37:11','2012-06-26 23:37:11',NULL),(107,'A40','f4:8b:94:07:9b:29-a6:5e:a6:0b:0a:e4-57:f6:a9:2f:6b:12',87,NULL,NULL,1,NULL,NULL,NULL,NULL,NULL,NULL,NULL,0,0,1,0,1,0,NULL,NULL,NULL,NULL,NULL,'--- !ruby/hash:ActiveSupport::HashWithIndifferentAccess\nlicense_type: concurrent\noperating_system:\n- windows\nreference: invoice\nactivation_type: none\nmaintenance_contract: \'false\'\nmaintenance_currency: CHF\n','2012-06-26 23:37:11','2012-06-26 23:37:11',NULL),(108,'n3trwv8e5ojgorvnb70u55','79:40:1c:af:b2:2f-0d:0d:36:98:cf:f7-37:1e:91:01:79:44',88,3,95,1,NULL,NULL,'2007-01-31','2012-06-27',NULL,NULL,'991.00',0,0,1,0,1,1,NULL,NULL,NULL,NULL,NULL,'--- !ruby/hash:ActiveSupport::HashWithIndifferentAccess\nanschaffungskategorie: AV-Technik\nreference: invoice\numzug: zgeln\nankunftszustand: intakt\n','2012-06-26 23:37:11','2012-06-26 23:37:11',NULL),(109,'2kdxzfi0p2t4najgkvql56','61:68:2d:56:a2:80-2b:e6:a7:d2:f8:a1-2f:d7:54:32:12:93',89,3,96,1,108,NULL,'2011-06-20','2012-06-27',NULL,NULL,'1038.00',0,0,1,0,1,1,NULL,NULL,NULL,NULL,NULL,'--- !ruby/hash:ActiveSupport::HashWithIndifferentAccess\nanschaffungskategorie: AV-Technik\nreference: invoice\numzug: zgeln\nankunftszustand: intakt\n','2012-06-26 23:37:11','2012-06-26 23:37:11',NULL),(110,'xmcku8mzy3s2x3jbrprw57','99:49:bf:0d:e7:45-36:e4:6a:78:ca:f5-9b:74:90:53:9f:f7',90,3,97,1,108,NULL,'2011-09-03','2012-06-27',NULL,NULL,'985.00',0,0,1,0,1,1,NULL,NULL,NULL,NULL,NULL,'--- !ruby/hash:ActiveSupport::HashWithIndifferentAccess\nanschaffungskategorie: AV-Technik\nreference: invoice\numzug: zgeln\nankunftszustand: intakt\n','2012-06-26 23:37:11','2012-06-26 23:37:11',NULL),(111,'h8o9u1ud0qq1wpwpyhbw58','90:37:e8:f3:90:3b-7d:84:71:db:b7:4a-10:87:c6:ec:f6:00',91,3,98,1,108,NULL,'2009-05-17','2012-06-27',NULL,NULL,'212.00',0,0,1,0,1,1,NULL,NULL,NULL,NULL,NULL,'--- !ruby/hash:ActiveSupport::HashWithIndifferentAccess\nanschaffungskategorie: AV-Technik\nreference: invoice\numzug: zgeln\nankunftszustand: intakt\n','2012-06-26 23:37:11','2012-06-26 23:37:11',NULL),(112,'mpvng5p6iz2zaf673jk859','4f:a5:89:d9:61:65-a4:ed:1d:1f:f0:e3-54:2f:f1:b2:63:0e',88,7,99,1,NULL,NULL,'2011-03-07','2012-06-27',NULL,NULL,'318.00',0,0,1,0,1,1,NULL,NULL,NULL,NULL,NULL,'--- !ruby/hash:ActiveSupport::HashWithIndifferentAccess\nanschaffungskategorie: AV-Technik\nreference: invoice\numzug: zgeln\nankunftszustand: intakt\n','2012-06-26 23:37:11','2012-06-26 23:37:11',NULL),(113,'7ayshewk4dptpawj3hiy60','d3:9c:03:23:18:29-b9:2e:73:de:f5:80-97:a5:63:78:ce:db',92,7,100,1,112,NULL,'2008-03-04','2012-06-27',NULL,NULL,'335.00',0,0,1,0,1,1,NULL,NULL,NULL,NULL,NULL,'--- !ruby/hash:ActiveSupport::HashWithIndifferentAccess\nanschaffungskategorie: AV-Technik\nreference: invoice\numzug: zgeln\nankunftszustand: intakt\n','2012-06-26 23:37:11','2012-06-26 23:37:11',NULL),(114,'9xfir3mn779le3yyw8dr61','c7:fc:fd:5c:53:b8-f6:96:3c:33:f4:5f-f9:0c:d4:bf:9e:c5',93,7,101,1,112,NULL,'2008-07-23','2012-06-27',NULL,NULL,'951.00',0,0,1,0,1,1,NULL,NULL,NULL,NULL,NULL,'--- !ruby/hash:ActiveSupport::HashWithIndifferentAccess\nanschaffungskategorie: AV-Technik\nreference: invoice\numzug: zgeln\nankunftszustand: intakt\n','2012-06-26 23:37:11','2012-06-26 23:37:11',NULL),(115,'6wn6dril6gwn8x5ce5p562','d3:79:37:e3:a2:c2-e5:f3:ed:49:58:af-57:fb:80:fb:59:a3',94,7,102,1,112,NULL,'2008-08-06','2012-06-27',NULL,NULL,'359.00',0,0,1,0,1,1,NULL,NULL,NULL,NULL,NULL,'--- !ruby/hash:ActiveSupport::HashWithIndifferentAccess\nanschaffungskategorie: AV-Technik\nreference: invoice\numzug: zgeln\nankunftszustand: intakt\n','2012-06-26 23:37:11','2012-06-26 23:37:11',NULL),(116,'os3nziokxloz1kipsm9a63','9f:03:11:06:cc:c6-9b:3b:bb:2d:d9:23-d3:c0:80:f3:ee:77',88,11,103,1,NULL,NULL,'2007-02-25','2012-06-27',NULL,NULL,'408.00',0,0,1,0,1,1,NULL,NULL,NULL,NULL,NULL,'--- !ruby/hash:ActiveSupport::HashWithIndifferentAccess\nanschaffungskategorie: AV-Technik\nreference: invoice\numzug: zgeln\nankunftszustand: intakt\n','2012-06-26 23:37:11','2012-06-26 23:37:11',NULL),(117,'4ha0pvi49m4i36j7styu64','67:4c:a5:6e:a2:96-13:80:57:70:2e:cd-0a:02:c2:9f:4e:c2',95,11,104,1,116,NULL,'2007-03-26','2012-06-27',NULL,NULL,'260.00',0,0,1,0,1,1,NULL,NULL,NULL,NULL,NULL,'--- !ruby/hash:ActiveSupport::HashWithIndifferentAccess\nanschaffungskategorie: AV-Technik\nreference: invoice\numzug: zgeln\nankunftszustand: intakt\n','2012-06-26 23:37:11','2012-06-26 23:37:11',NULL),(118,'2e8hfftqfq7z3b1x2sg465','e6:0b:85:f0:57:7b-f5:88:7e:82:21:1a-cc:e2:58:c0:62:fb',96,11,105,1,116,NULL,'2007-05-06','2012-06-27',NULL,NULL,'994.00',0,0,1,0,1,1,NULL,NULL,NULL,NULL,NULL,'--- !ruby/hash:ActiveSupport::HashWithIndifferentAccess\nanschaffungskategorie: AV-Technik\nreference: invoice\numzug: zgeln\nankunftszustand: intakt\n','2012-06-26 23:37:11','2012-06-26 23:37:11',NULL),(119,'l75bhyl7ki8f617e5nnx66','3e:2a:98:52:6c:b4-b0:3d:58:e3:b1:c6-8c:1e:c9:13:43:9b',97,11,106,1,116,NULL,'2008-12-03','2012-06-27',NULL,NULL,'417.00',0,0,1,0,1,1,NULL,NULL,NULL,NULL,NULL,'--- !ruby/hash:ActiveSupport::HashWithIndifferentAccess\nanschaffungskategorie: AV-Technik\nreference: invoice\numzug: zgeln\nankunftszustand: intakt\n','2012-06-26 23:37:11','2012-06-26 23:37:11',NULL),(120,'27k9wqp93m4l8vdyyyaf67','de:25:3a:31:1f:12-18:ed:7e:3b:f0:28-7c:d9:02:7c:06:f0',88,15,107,2,NULL,NULL,'2007-09-29','2012-06-27',NULL,NULL,'1128.00',0,0,1,0,2,1,NULL,NULL,NULL,NULL,NULL,'--- !ruby/hash:ActiveSupport::HashWithIndifferentAccess\nanschaffungskategorie: AV-Technik\nreference: invoice\numzug: zgeln\nankunftszustand: intakt\n','2012-06-26 23:37:11','2012-06-26 23:37:11',NULL),(121,'5ej0qaue5ip27vqhhpya68','fa:6a:82:84:c3:c9-1e:b0:68:0d:7f:7c-91:8c:ca:5c:cf:4a',98,15,108,2,120,NULL,'2010-06-04','2012-06-27',NULL,NULL,'622.00',0,0,1,0,2,1,NULL,NULL,NULL,NULL,NULL,'--- !ruby/hash:ActiveSupport::HashWithIndifferentAccess\nanschaffungskategorie: AV-Technik\nreference: invoice\numzug: zgeln\nankunftszustand: intakt\n','2012-06-26 23:37:11','2012-06-26 23:37:11',NULL),(122,'qiro6lwr0tkdxkxx2e9l69','21:00:68:a0:a0:97-29:a4:f2:44:cd:0e-2a:6b:5c:c5:3a:76',99,15,109,2,120,NULL,'2008-11-29','2012-06-27',NULL,NULL,'471.00',0,0,1,0,2,1,NULL,NULL,NULL,NULL,NULL,'--- !ruby/hash:ActiveSupport::HashWithIndifferentAccess\nanschaffungskategorie: AV-Technik\nreference: invoice\numzug: zgeln\nankunftszustand: intakt\n','2012-06-26 23:37:11','2012-06-26 23:37:11',NULL),(123,'h322b4qievt5od8ujtp470','a4:fa:e5:02:b5:61-ab:46:ae:2d:5b:67-77:7b:c4:a2:88:de',100,15,110,2,120,NULL,'2010-07-31','2012-06-27',NULL,NULL,'1273.00',0,0,1,0,2,1,NULL,NULL,NULL,NULL,NULL,'--- !ruby/hash:ActiveSupport::HashWithIndifferentAccess\nanschaffungskategorie: AV-Technik\nreference: invoice\numzug: zgeln\nankunftszustand: intakt\n','2012-06-26 23:37:11','2012-06-26 23:37:11',NULL),(124,'0mz0f6ybve7pv1klgatr71','80:18:29:b4:9e:a3-8d:f4:49:25:df:78-10:e8:40:48:e0:a6',101,19,111,1,NULL,NULL,'2010-06-07','2012-06-27',NULL,NULL,'203.00',0,0,1,0,1,1,NULL,NULL,NULL,NULL,NULL,'--- !ruby/hash:ActiveSupport::HashWithIndifferentAccess\nanschaffungskategorie: AV-Technik\nreference: invoice\numzug: zgeln\nankunftszustand: intakt\n','2012-06-26 23:37:11','2012-06-26 23:37:11',NULL),(125,'axsalo75fnzn2lvfc30j72','a4:af:35:17:48:3d-a7:4d:95:2e:af:8c-62:fd:db:8d:5d:45',102,19,112,1,124,NULL,'2007-06-20','2012-06-27',NULL,NULL,'1186.00',0,0,1,0,1,1,NULL,NULL,NULL,NULL,NULL,'--- !ruby/hash:ActiveSupport::HashWithIndifferentAccess\nanschaffungskategorie: AV-Technik\nreference: invoice\numzug: zgeln\nankunftszustand: intakt\n','2012-06-26 23:37:11','2012-06-26 23:37:11',NULL),(126,'7cclfkgva9qcs6ohfiy973','9c:15:da:ee:fc:fc-a3:5a:4e:3c:a3:83-7b:d7:f7:15:cd:68',103,19,113,1,124,NULL,'2010-06-24','2012-06-27',NULL,NULL,'687.00',0,0,1,0,1,1,NULL,NULL,NULL,NULL,NULL,'--- !ruby/hash:ActiveSupport::HashWithIndifferentAccess\nanschaffungskategorie: AV-Technik\nreference: invoice\numzug: zgeln\nankunftszustand: intakt\n','2012-06-26 23:37:11','2012-06-26 23:37:11',NULL),(127,'6hb40id8cnp4qoqwxsyj74','d7:5f:45:53:15:08-c9:94:a3:eb:97:2d-3b:24:d8:8d:fe:b7',104,19,114,1,124,NULL,'2010-11-09','2012-06-27',NULL,NULL,'600.00',0,0,1,0,1,1,NULL,NULL,NULL,NULL,NULL,'--- !ruby/hash:ActiveSupport::HashWithIndifferentAccess\nanschaffungskategorie: AV-Technik\nreference: invoice\numzug: zgeln\nankunftszustand: intakt\n','2012-06-26 23:37:11','2012-06-26 23:37:11',NULL),(128,'yh5s8b1jyx79m6o4s20h75','14:0e:67:6d:09:7c-9d:5a:87:fe:73:1c-8f:e9:dc:f3:cd:14',101,23,115,1,NULL,NULL,'2008-12-06','2012-06-27',NULL,NULL,'745.00',0,0,1,0,1,1,NULL,NULL,NULL,NULL,NULL,'--- !ruby/hash:ActiveSupport::HashWithIndifferentAccess\nanschaffungskategorie: AV-Technik\nreference: invoice\numzug: zgeln\nankunftszustand: intakt\n','2012-06-26 23:37:11','2012-06-26 23:37:11',NULL),(129,'3uvlqyhcrf2mqm1jdkac76','e9:45:f6:3e:5b:64-1b:39:da:42:08:e8-39:b8:a1:b0:9b:b2',105,23,116,1,128,NULL,'2007-09-22','2012-06-27',NULL,NULL,'814.00',0,0,1,0,1,1,NULL,NULL,NULL,NULL,NULL,'--- !ruby/hash:ActiveSupport::HashWithIndifferentAccess\nanschaffungskategorie: AV-Technik\nreference: invoice\numzug: zgeln\nankunftszustand: intakt\n','2012-06-26 23:37:11','2012-06-26 23:37:11',NULL),(130,'rbg8g49dwt4keurgslpi77','7e:95:84:74:03:9f-c9:1e:18:56:b1:63-ed:e4:18:47:a1:36',106,23,117,1,128,NULL,'2010-01-27','2012-06-27',NULL,NULL,'800.00',0,0,1,0,1,1,NULL,NULL,NULL,NULL,NULL,'--- !ruby/hash:ActiveSupport::HashWithIndifferentAccess\nanschaffungskategorie: AV-Technik\nreference: invoice\numzug: zgeln\nankunftszustand: intakt\n','2012-06-26 23:37:11','2012-06-26 23:37:11',NULL),(131,'2k67nx3wpdyh61wj4cpj78','b4:13:bb:8d:5a:a2-2c:a3:ae:a6:75:be-10:c3:92:a7:ff:28',107,23,118,1,128,NULL,'2011-07-14','2012-06-27',NULL,NULL,'1057.00',0,0,1,0,1,1,NULL,NULL,NULL,NULL,NULL,'--- !ruby/hash:ActiveSupport::HashWithIndifferentAccess\nanschaffungskategorie: AV-Technik\nreference: invoice\numzug: zgeln\nankunftszustand: intakt\n','2012-06-26 23:37:11','2012-06-26 23:37:11',NULL),(132,'7iddfhgomotpt49xcba179','69:55:52:59:49:2f-e9:e1:83:aa:ab:82-47:47:83:08:d2:b3',101,27,119,1,NULL,NULL,'2008-01-29','2012-06-27',NULL,NULL,'167.00',0,0,1,0,1,1,NULL,NULL,NULL,NULL,NULL,'--- !ruby/hash:ActiveSupport::HashWithIndifferentAccess\nanschaffungskategorie: AV-Technik\nreference: invoice\numzug: zgeln\nankunftszustand: intakt\n','2012-06-26 23:37:11','2012-06-26 23:37:11',NULL),(133,'9wn5gitubld0jio6ixen80','22:5e:3d:92:71:57-f4:9e:a6:4a:30:c5-21:f8:90:ab:d3:e6',108,27,120,1,132,NULL,'2009-07-09','2012-06-27',NULL,NULL,'1179.00',0,0,1,0,1,1,NULL,NULL,NULL,NULL,NULL,'--- !ruby/hash:ActiveSupport::HashWithIndifferentAccess\nanschaffungskategorie: AV-Technik\nreference: invoice\numzug: zgeln\nankunftszustand: intakt\n','2012-06-26 23:37:11','2012-06-26 23:37:11',NULL),(134,'ytbkjcj6roxr3p9kmwbz81','f8:bb:84:ec:60:0d-d6:16:76:9d:f2:5b-45:34:3f:b1:36:f0',109,27,121,1,132,NULL,'2011-05-10','2012-06-27',NULL,NULL,'898.00',0,0,1,0,1,1,NULL,NULL,NULL,NULL,NULL,'--- !ruby/hash:ActiveSupport::HashWithIndifferentAccess\nanschaffungskategorie: AV-Technik\nreference: invoice\numzug: zgeln\nankunftszustand: intakt\n','2012-06-26 23:37:11','2012-06-26 23:37:11',NULL),(135,'vygbdbg2ngiiy7rsjd8v82','17:32:d2:74:85:a6-a1:0a:d2:28:be:5a-fd:8b:5b:1e:41:d5',110,27,122,1,132,NULL,'2009-02-01','2012-06-27',NULL,NULL,'264.00',0,0,1,0,1,1,NULL,NULL,NULL,NULL,NULL,'--- !ruby/hash:ActiveSupport::HashWithIndifferentAccess\nanschaffungskategorie: AV-Technik\nreference: invoice\numzug: zgeln\nankunftszustand: intakt\n','2012-06-26 23:37:11','2012-06-26 23:37:11',NULL),(136,'r3pfq052f4hydo6mk6o783','52:6c:26:a9:ed:07-5d:5b:ff:8e:56:e8-67:9c:16:37:1b:e9',111,31,123,8,NULL,NULL,'2007-05-18','2012-06-27',NULL,NULL,'1459.00',0,0,1,0,7,1,NULL,NULL,NULL,NULL,NULL,'--- !ruby/hash:ActiveSupport::HashWithIndifferentAccess\nanschaffungskategorie: AV-Technik\nreference: invoice\numzug: zgeln\nankunftszustand: intakt\n','2012-06-26 23:37:11','2012-06-26 23:37:11',NULL),(137,'lqcotpazav2ewd2zoal684','41:1d:c6:96:05:3a-95:ac:9f:d3:2e:65-ba:76:7b:42:9c:50',111,32,124,9,NULL,NULL,'2011-06-04','2012-06-27',NULL,NULL,'1085.00',0,0,1,0,7,1,NULL,NULL,NULL,NULL,NULL,'--- !ruby/hash:ActiveSupport::HashWithIndifferentAccess\nanschaffungskategorie: AV-Technik\nreference: invoice\numzug: zgeln\nankunftszustand: intakt\n','2012-06-26 23:37:11','2012-06-26 23:37:11',NULL),(138,'wf4emojnzs1fiz5hsbmt85','ce:3e:a4:76:bb:96-1c:e2:50:f6:93:de-67:a8:3b:59:2a:32',111,33,125,4,NULL,NULL,'2010-06-30','2012-06-27',NULL,NULL,'1028.00',0,0,1,0,7,1,NULL,NULL,NULL,NULL,NULL,'--- !ruby/hash:ActiveSupport::HashWithIndifferentAccess\nanschaffungskategorie: AV-Technik\nreference: invoice\numzug: zgeln\nankunftszustand: intakt\n','2012-06-26 23:37:11','2012-06-26 23:37:11',NULL),(139,'5uy51qdxybys0zg96vvi86','95:ae:74:a0:43:59-9e:aa:ce:88:4d:7f-d7:f9:9e:76:10:62',115,34,126,5,NULL,NULL,'2008-02-01','2012-06-27',NULL,NULL,'403.00',0,0,1,0,7,1,NULL,NULL,NULL,NULL,NULL,'--- !ruby/hash:ActiveSupport::HashWithIndifferentAccess\nanschaffungskategorie: AV-Technik\nreference: invoice\numzug: zgeln\nankunftszustand: intakt\n','2012-06-26 23:37:11','2012-06-26 23:37:11',NULL),(140,'h45knw67jhlqsljxct6187','87:c3:8d:65:69:fe-e0:2e:67:81:99:af-fb:97:53:d6:1f:50',115,35,127,3,NULL,NULL,'2011-06-23','2012-06-27',NULL,NULL,'75.00',0,0,1,0,7,1,NULL,NULL,NULL,NULL,NULL,'--- !ruby/hash:ActiveSupport::HashWithIndifferentAccess\nanschaffungskategorie: AV-Technik\nreference: invoice\numzug: zgeln\nankunftszustand: intakt\n','2012-06-26 23:37:11','2012-06-26 23:37:11',NULL),(141,'0kdxnqd2smxnp2k6tkbf88','18:cf:a9:10:13:1e-85:6b:c8:26:00:ad-71:5f:8b:83:6c:44',115,36,128,6,NULL,NULL,'2009-06-09','2012-06-27',NULL,NULL,'148.00',0,0,1,0,7,1,NULL,NULL,NULL,NULL,NULL,'--- !ruby/hash:ActiveSupport::HashWithIndifferentAccess\nanschaffungskategorie: AV-Technik\nreference: invoice\numzug: zgeln\nankunftszustand: intakt\n','2012-06-26 23:37:11','2012-06-26 23:37:11',NULL),(142,'2o8drykx3ntkeogrfyqx89','70:74:7a:28:fd:21-49:04:36:40:d0:98-16:93:e3:6a:c7:00',119,37,129,1,NULL,NULL,'2010-05-16','2012-06-27',NULL,NULL,'747.00',0,0,1,0,7,1,NULL,NULL,NULL,NULL,NULL,'--- !ruby/hash:ActiveSupport::HashWithIndifferentAccess\nanschaffungskategorie: AV-Technik\nreference: invoice\numzug: zgeln\nankunftszustand: intakt\n','2012-06-26 23:37:11','2012-06-26 23:37:11',NULL),(143,'68nyb7lycnkg4gmjtots90','c8:50:1e:79:88:bc-03:13:10:3d:62:2b-10:20:c9:c0:66:02',119,38,130,10,NULL,NULL,'2008-06-28','2012-06-27',NULL,NULL,'258.00',0,0,1,0,7,1,NULL,NULL,NULL,NULL,NULL,'--- !ruby/hash:ActiveSupport::HashWithIndifferentAccess\nanschaffungskategorie: AV-Technik\nreference: invoice\numzug: zgeln\nankunftszustand: intakt\n','2012-06-26 23:37:11','2012-06-26 23:37:11',NULL),(144,'bbrldf6yuyu4qlcus2eq91','55:0b:59:7b:75:da-e8:42:9d:f6:9c:c5-a3:e9:72:39:22:fb',119,39,131,6,NULL,NULL,'2009-04-20','2012-06-27',NULL,NULL,'172.00',0,0,1,0,7,1,NULL,NULL,NULL,NULL,NULL,'--- !ruby/hash:ActiveSupport::HashWithIndifferentAccess\nanschaffungskategorie: AV-Technik\nreference: invoice\numzug: zgeln\nankunftszustand: intakt\n','2012-06-26 23:37:11','2012-06-26 23:37:11',NULL),(145,'x51rqals9okgu49lxsd192','4b:21:5a:65:c8:16-07:8a:69:bc:5b:d7-92:21:58:6f:f5:ef',123,40,132,11,NULL,NULL,'2010-07-31','2012-06-27',NULL,NULL,'97.00',0,0,1,0,7,1,NULL,NULL,NULL,NULL,NULL,'--- !ruby/hash:ActiveSupport::HashWithIndifferentAccess\nanschaffungskategorie: AV-Technik\nreference: invoice\numzug: zgeln\nankunftszustand: intakt\n','2012-06-26 23:37:11','2012-06-26 23:37:11',NULL),(146,'18z9not04dkrqnm7csve93','f1:00:e9:e9:af:85-f6:29:5a:95:72:0c-bd:53:96:35:74:98',123,41,133,6,NULL,NULL,'2010-06-23','2012-06-27',NULL,NULL,'621.00',0,0,1,0,7,1,NULL,NULL,NULL,NULL,NULL,'--- !ruby/hash:ActiveSupport::HashWithIndifferentAccess\nanschaffungskategorie: AV-Technik\nreference: invoice\numzug: zgeln\nankunftszustand: intakt\n','2012-06-26 23:37:11','2012-06-26 23:37:11',NULL),(147,'2637rvs8vng0ixecwq9u94','b0:98:f2:ca:9b:98-ef:b6:31:fd:94:89-7f:2e:5a:7c:fd:ce',123,42,134,2,NULL,NULL,'2007-04-13','2012-06-27',NULL,NULL,'795.00',0,0,1,0,7,1,NULL,NULL,NULL,NULL,NULL,'--- !ruby/hash:ActiveSupport::HashWithIndifferentAccess\nanschaffungskategorie: AV-Technik\nreference: invoice\numzug: zgeln\nankunftszustand: intakt\n','2012-06-26 23:37:11','2012-06-26 23:37:11',NULL),(148,'xwn00qpwf74bzvxif69x95','e5:9b:4d:46:9a:20-56:7e:fc:ef:f3:95-40:00:24:99:f2:2b',127,43,135,6,NULL,NULL,'2008-07-01','2012-06-27',NULL,NULL,'507.00',0,0,1,0,3,1,NULL,NULL,NULL,NULL,NULL,'--- !ruby/hash:ActiveSupport::HashWithIndifferentAccess\nanschaffungskategorie: AV-Technik\nreference: invoice\numzug: zgeln\nankunftszustand: intakt\n','2012-06-26 23:37:11','2012-06-26 23:37:11',NULL),(149,'wjwfdu3vgrikufn63aqu96','d3:9a:65:88:ad:f6-dc:9c:c8:64:b7:ba-ac:5c:2d:70:26:09',127,44,136,9,NULL,NULL,'2007-11-11','2012-06-27',NULL,NULL,'999.00',0,0,1,0,3,1,NULL,NULL,NULL,NULL,NULL,'--- !ruby/hash:ActiveSupport::HashWithIndifferentAccess\nanschaffungskategorie: AV-Technik\nreference: invoice\numzug: zgeln\nankunftszustand: intakt\n','2012-06-26 23:37:11','2012-06-26 23:37:11',NULL),(150,'vul8p8khm957b9lc9bi197','e8:3c:6d:03:61:e0-67:77:60:e0:6e:67-55:14:31:07:ab:69',127,45,137,10,NULL,NULL,'2009-08-27','2012-06-27',NULL,NULL,'347.00',0,0,1,0,3,1,NULL,NULL,NULL,NULL,NULL,'--- !ruby/hash:ActiveSupport::HashWithIndifferentAccess\nanschaffungskategorie: AV-Technik\nreference: invoice\numzug: zgeln\nankunftszustand: intakt\n','2012-06-26 23:37:11','2012-06-26 23:37:11',NULL),(151,'9hu92ra2p2xm07xe2r3l98','28:77:ab:a6:e8:71-ae:a8:bb:82:13:15-9b:61:1e:4d:3d:2a',131,46,138,9,NULL,NULL,'2008-02-16','2012-06-27',NULL,NULL,'1090.00',0,0,1,0,3,1,NULL,NULL,NULL,NULL,NULL,'--- !ruby/hash:ActiveSupport::HashWithIndifferentAccess\nanschaffungskategorie: AV-Technik\nreference: invoice\numzug: zgeln\nankunftszustand: intakt\n','2012-06-26 23:37:11','2012-06-26 23:37:11',NULL),(152,'a048aucoh6yi1mcoqc8m99','89:0f:e1:47:12:d6-72:36:20:f4:fa:ad-21:1f:d3:20:c5:3d',131,47,139,2,NULL,NULL,'2010-06-10','2012-06-27',NULL,NULL,'177.00',0,0,1,0,3,1,NULL,NULL,NULL,NULL,NULL,'--- !ruby/hash:ActiveSupport::HashWithIndifferentAccess\nanschaffungskategorie: AV-Technik\nreference: invoice\numzug: zgeln\nankunftszustand: intakt\n','2012-06-26 23:37:11','2012-06-26 23:37:11',NULL),(153,'sux286oz7l14zfps8x7c100','2c:ee:2f:44:26:6c-4d:41:1b:2a:20:8d-c4:71:2b:a5:0b:04',131,48,140,1,NULL,NULL,'2010-01-25','2012-06-27',NULL,NULL,'356.00',0,0,1,0,3,1,NULL,NULL,NULL,NULL,NULL,'--- !ruby/hash:ActiveSupport::HashWithIndifferentAccess\nanschaffungskategorie: AV-Technik\nreference: invoice\numzug: zgeln\nankunftszustand: intakt\n','2012-06-26 23:37:11','2012-06-26 23:37:11',NULL),(154,'4s13kl613h2uvnp16yeq101','e4:1b:9c:f9:86:17-4d:46:42:a7:b5:c9-9d:4b:0d:4a:d1:7a',135,49,141,5,NULL,NULL,'2009-04-17','2012-06-27',NULL,NULL,'378.00',0,0,1,0,3,1,NULL,NULL,NULL,NULL,NULL,'--- !ruby/hash:ActiveSupport::HashWithIndifferentAccess\nanschaffungskategorie: AV-Technik\nreference: invoice\numzug: zgeln\nankunftszustand: intakt\n','2012-06-26 23:37:11','2012-06-26 23:37:11',NULL),(155,'x3dj74msr56jcved8t41102','83:2c:3c:57:0a:de-e2:0f:e6:89:51:34-05:43:54:f5:1f:47',135,50,142,7,NULL,NULL,'2008-04-25','2012-06-27',NULL,NULL,'152.00',0,0,1,0,3,1,NULL,NULL,NULL,NULL,NULL,'--- !ruby/hash:ActiveSupport::HashWithIndifferentAccess\nanschaffungskategorie: AV-Technik\nreference: invoice\numzug: zgeln\nankunftszustand: intakt\n','2012-06-26 23:37:11','2012-06-26 23:37:11',NULL),(156,'9m60fterfwn7sr15636y103','cd:0c:9a:bf:22:87-e4:f5:4c:e0:13:8c-dd:d0:f9:13:b8:03',135,51,143,8,NULL,NULL,'2008-02-25','2012-06-27',NULL,NULL,'1407.00',0,0,1,0,3,1,NULL,NULL,NULL,NULL,NULL,'--- !ruby/hash:ActiveSupport::HashWithIndifferentAccess\nanschaffungskategorie: AV-Technik\nreference: invoice\numzug: zgeln\nankunftszustand: intakt\n','2012-06-26 23:37:11','2012-06-26 23:37:11',NULL),(157,'j974xoldu0zrmdx5w4hq104','42:13:1a:05:f2:0c-a4:e5:ad:01:a4:4a-c8:ef:8f:74:af:ee',139,52,144,1,NULL,NULL,'2008-02-07','2012-06-27',NULL,NULL,'1222.00',0,0,1,0,3,1,NULL,NULL,NULL,NULL,NULL,'--- !ruby/hash:ActiveSupport::HashWithIndifferentAccess\nanschaffungskategorie: AV-Technik\nreference: invoice\numzug: zgeln\nankunftszustand: intakt\n','2012-06-26 23:37:11','2012-06-26 23:37:11',NULL),(158,'5mx8mflhh11m2kina834105','1e:17:1b:9a:02:ed-13:74:bb:ce:0c:b9-e3:68:05:08:91:7b',139,53,145,1,NULL,NULL,'2007-11-10','2012-06-27',NULL,NULL,'843.00',0,0,1,0,3,1,NULL,NULL,NULL,NULL,NULL,'--- !ruby/hash:ActiveSupport::HashWithIndifferentAccess\nanschaffungskategorie: AV-Technik\nreference: invoice\numzug: zgeln\nankunftszustand: intakt\n','2012-06-26 23:37:11','2012-06-26 23:37:11',NULL),(159,'8h93z6717vxg54kepyil106','aa:00:12:4a:b3:ad-a9:c8:ec:ab:1d:aa-05:25:16:20:1d:b8',139,54,146,1,NULL,NULL,'2007-02-25','2012-06-27',NULL,NULL,'1093.00',0,0,1,0,3,1,NULL,NULL,NULL,NULL,NULL,'--- !ruby/hash:ActiveSupport::HashWithIndifferentAccess\nanschaffungskategorie: AV-Technik\nreference: invoice\numzug: zgeln\nankunftszustand: intakt\n','2012-06-26 23:37:11','2012-06-26 23:37:11',NULL),(160,'g2r0uutcbqy03vr44jba107','46:3f:65:e1:5c:b8-43:cd:e3:91:a1:09-63:35:68:3c:51:4b',143,55,147,6,NULL,NULL,'2008-12-18','2012-06-27',NULL,NULL,'789.00',0,0,1,0,3,1,NULL,NULL,NULL,NULL,NULL,'--- !ruby/hash:ActiveSupport::HashWithIndifferentAccess\nanschaffungskategorie: AV-Technik\nreference: invoice\numzug: zgeln\nankunftszustand: intakt\n','2012-06-26 23:37:11','2012-06-26 23:37:11',NULL),(161,'q8gfffz0699y6g217kf5108','de:ae:fd:99:b5:69-1b:e0:ec:8c:f1:b6-63:22:97:a5:a3:e1',143,56,148,9,NULL,NULL,'2007-03-31','2012-06-27',NULL,NULL,'42.00',0,0,1,0,3,1,NULL,NULL,NULL,NULL,NULL,'--- !ruby/hash:ActiveSupport::HashWithIndifferentAccess\nanschaffungskategorie: AV-Technik\nreference: invoice\numzug: zgeln\nankunftszustand: intakt\n','2012-06-26 23:37:11','2012-06-26 23:37:11',NULL),(162,'g9al0kmqbbhykm1v5kyc109','1f:bf:49:1b:c0:47-77:ca:7a:ae:d5:01-4b:cc:f8:ae:f7:e8',143,57,149,6,NULL,NULL,'2007-06-04','2012-06-27',NULL,NULL,'1376.00',0,0,1,0,3,1,NULL,NULL,NULL,NULL,NULL,'--- !ruby/hash:ActiveSupport::HashWithIndifferentAccess\nanschaffungskategorie: AV-Technik\nreference: invoice\numzug: zgeln\nankunftszustand: intakt\n','2012-06-26 23:37:11','2012-06-26 23:37:11',NULL),(163,'fh8arfup7sxmqwoz4ty1110','8b:7b:64:36:19:e3-f7:f6:05:38:48:1f-8e:84:83:e7:d0:0c',147,58,150,8,NULL,NULL,'2009-10-26','2012-06-20',NULL,NULL,'1191.00',0,0,1,0,1,1,NULL,NULL,NULL,NULL,NULL,'--- !ruby/hash:ActiveSupport::HashWithIndifferentAccess\nanschaffungskategorie: AV-Technik\nreference: invoice\numzug: zgeln\nankunftszustand: intakt\n','2012-06-19 23:37:11','2012-06-19 23:37:11',NULL),(164,'2gfks29f02k2mjemw963111','fb:92:ce:6d:c6:1e-f1:c2:99:2c:e0:04-27:42:27:f7:e8:23',148,59,151,6,NULL,NULL,'2011-12-16','2012-06-20',NULL,NULL,'567.00',0,0,1,0,1,1,NULL,NULL,NULL,NULL,NULL,'--- !ruby/hash:ActiveSupport::HashWithIndifferentAccess\nanschaffungskategorie: AV-Technik\nreference: invoice\numzug: zgeln\nankunftszustand: intakt\n','2012-06-19 23:37:11','2012-06-19 23:37:11',NULL),(165,'1iox7q3xqary3l27n3ir112','88:a3:4f:25:c1:97-ca:dd:8a:6f:ee:bc-33:68:03:2b:d2:6d',149,60,152,4,NULL,NULL,'2011-08-17','2012-06-20',NULL,NULL,'1469.00',0,0,1,0,1,1,NULL,NULL,NULL,NULL,NULL,'--- !ruby/hash:ActiveSupport::HashWithIndifferentAccess\nanschaffungskategorie: AV-Technik\nreference: invoice\numzug: zgeln\nankunftszustand: intakt\n','2012-06-19 23:37:11','2012-06-19 23:37:11',NULL),(166,'7p70nmwbqrxnnbm1d0ed113','a7:13:6e:dd:05:4e-d6:f5:d8:34:3d:31-a0:fa:fc:05:b4:7a',150,61,153,6,NULL,NULL,'2011-03-03','2012-06-20',NULL,NULL,'1354.00',0,0,1,0,1,1,NULL,NULL,NULL,NULL,NULL,'--- !ruby/hash:ActiveSupport::HashWithIndifferentAccess\nanschaffungskategorie: AV-Technik\nreference: invoice\numzug: zgeln\nankunftszustand: intakt\n','2012-06-19 23:37:11','2012-06-19 23:37:11',NULL),(167,'rusl967xptx8nn1jmkb3114','cf:1b:a9:7e:51:7b-27:da:41:f7:0d:10-d8:ab:35:0f:68:21',151,62,154,1,NULL,NULL,'2008-06-01','2012-06-27',NULL,NULL,'214.00',0,0,1,0,1,1,NULL,NULL,NULL,NULL,NULL,'--- !ruby/hash:ActiveSupport::HashWithIndifferentAccess\nanschaffungskategorie: AV-Technik\nreference: invoice\numzug: zgeln\nankunftszustand: intakt\n','2012-06-26 23:37:11','2012-06-26 23:37:11',NULL),(168,'6muc9vtegr1gasfl77m7115','ed:33:92:27:cf:7e-10:26:9c:d6:ac:dc-44:cd:83:00:e3:fd',152,63,155,2,NULL,NULL,'2007-07-05','2012-06-27',NULL,NULL,'791.00',0,0,1,0,1,1,NULL,NULL,NULL,NULL,NULL,'--- !ruby/hash:ActiveSupport::HashWithIndifferentAccess\nanschaffungskategorie: AV-Technik\nreference: invoice\numzug: zgeln\nankunftszustand: intakt\n','2012-06-26 23:37:11','2012-06-26 23:37:11',NULL),(169,'9gvw22k7vo7x7blhqwex116','50:49:a6:07:04:2d-54:e2:fc:8d:4c:4f-15:33:6b:24:ea:39',153,64,156,7,NULL,NULL,'2011-03-21','2012-06-27',NULL,NULL,'626.00',0,0,1,0,1,1,NULL,NULL,NULL,NULL,NULL,'--- !ruby/hash:ActiveSupport::HashWithIndifferentAccess\nanschaffungskategorie: AV-Technik\nreference: invoice\numzug: zgeln\nankunftszustand: intakt\n','2012-06-26 23:37:11','2012-06-26 23:37:11',NULL),(170,'mialekgj78gy747x1gi5117','2a:ef:3b:df:a2:9a-d8:04:01:78:38:31-a3:7f:53:f0:db:ba',154,65,157,9,NULL,NULL,'2009-06-06','2012-06-27',NULL,NULL,'1403.00',0,0,1,0,1,1,NULL,NULL,NULL,NULL,NULL,'--- !ruby/hash:ActiveSupport::HashWithIndifferentAccess\nanschaffungskategorie: AV-Technik\nreference: invoice\numzug: zgeln\nankunftszustand: intakt\n','2012-06-26 23:37:11','2012-06-26 23:37:11',NULL),(171,'qai330kmt1ogvv40k4gy118','38:c3:44:1d:72:7e-7f:f1:e7:fa:de:2f-2b:00:e6:cb:ef:00',155,66,158,4,NULL,NULL,'2011-05-02','2012-06-27',NULL,NULL,'17.00',0,0,1,0,1,1,NULL,NULL,NULL,NULL,NULL,'--- !ruby/hash:ActiveSupport::HashWithIndifferentAccess\nanschaffungskategorie: AV-Technik\nreference: invoice\numzug: zgeln\nankunftszustand: intakt\n','2012-06-26 23:37:11','2012-06-26 23:37:11',NULL),(172,'yvumgqtyhw4r09f6kit2119','c8:0f:e4:61:61:cf-01:5a:c7:3d:05:9d-5c:7f:98:9b:c0:18',156,67,159,3,NULL,NULL,'2009-09-28','2012-06-27',NULL,NULL,'493.00',0,0,1,0,1,1,NULL,NULL,NULL,NULL,NULL,'--- !ruby/hash:ActiveSupport::HashWithIndifferentAccess\nanschaffungskategorie: AV-Technik\nreference: invoice\numzug: zgeln\nankunftszustand: intakt\n','2012-06-26 23:37:11','2012-06-26 23:37:11',NULL),(173,'o10t5iw3n5je6jj209bc120','01:72:02:7d:fd:21-99:89:e6:43:c7:0c-cf:23:6f:6d:50:4f',157,68,160,11,NULL,NULL,'2008-08-15','2012-06-27',NULL,NULL,'103.00',0,0,1,0,1,1,NULL,NULL,NULL,NULL,NULL,'--- !ruby/hash:ActiveSupport::HashWithIndifferentAccess\nanschaffungskategorie: AV-Technik\nreference: invoice\numzug: zgeln\nankunftszustand: intakt\n','2012-06-26 23:37:11','2012-06-26 23:37:11',NULL),(174,'ilnk62j2n5qbv5y44e0d121','d4:89:51:6e:47:89-35:1d:ca:64:b5:a7-20:ab:c1:96:e6:76',158,69,161,4,NULL,NULL,'2011-06-06','2012-06-27',NULL,NULL,'526.00',0,0,1,0,1,1,NULL,NULL,NULL,NULL,NULL,'--- !ruby/hash:ActiveSupport::HashWithIndifferentAccess\nanschaffungskategorie: AV-Technik\nreference: invoice\numzug: zgeln\nankunftszustand: intakt\n','2012-06-26 23:37:11','2012-06-26 23:37:11',NULL),(175,'9we7cfr49gbkh00gjepq122','49:4f:38:03:22:06-a8:93:7f:98:15:19-38:0b:58:bf:73:80',159,70,162,9,NULL,NULL,'2011-03-30','2012-06-27',NULL,NULL,'1459.00',0,0,1,0,1,1,NULL,NULL,NULL,NULL,NULL,'--- !ruby/hash:ActiveSupport::HashWithIndifferentAccess\nanschaffungskategorie: AV-Technik\nreference: invoice\numzug: zgeln\nankunftszustand: intakt\n','2012-06-26 23:37:11','2012-06-26 23:37:11',NULL),(176,'q39q2xh9krsim6t2d8oo123','05:08:f7:35:04:5c-f7:6e:72:d0:33:3c-97:d7:30:1c:0e:b1',160,71,163,4,NULL,NULL,'2011-01-07','2012-06-27',NULL,NULL,'1189.00',0,0,1,0,1,1,NULL,NULL,NULL,NULL,NULL,'--- !ruby/hash:ActiveSupport::HashWithIndifferentAccess\nanschaffungskategorie: AV-Technik\nreference: invoice\numzug: zgeln\nankunftszustand: intakt\n','2012-06-26 23:37:11','2012-06-26 23:37:11',NULL),(177,'z0r3ro63ywner98wit6s124','45:dc:3b:b9:14:af-3d:fa:a9:ef:aa:c2-43:96:ce:a0:16:b6',161,72,164,7,NULL,NULL,'2009-07-03','2012-06-27',NULL,NULL,'128.00',0,0,1,0,1,1,NULL,NULL,NULL,NULL,NULL,'--- !ruby/hash:ActiveSupport::HashWithIndifferentAccess\nanschaffungskategorie: AV-Technik\nreference: invoice\numzug: zgeln\nankunftszustand: intakt\n','2012-06-26 23:37:11','2012-06-26 23:37:11',NULL),(178,'5bwfw0ctpyzte8vp8m5a125','90:3a:eb:87:08:56-91:e2:54:0d:71:59-23:ef:d6:09:24:78',162,73,165,9,NULL,NULL,'2011-03-15','2012-06-27',NULL,NULL,'98.00',0,0,1,0,1,1,NULL,NULL,NULL,NULL,NULL,'--- !ruby/hash:ActiveSupport::HashWithIndifferentAccess\nanschaffungskategorie: AV-Technik\nreference: invoice\numzug: zgeln\nankunftszustand: intakt\n','2012-06-26 23:37:11','2012-06-26 23:37:11',NULL),(179,'97j0rjt7j4gozkt29sqz126','96:fa:35:cc:e3:6c-de:5f:76:00:dc:db-89:8f:62:fd:52:84',163,74,166,3,NULL,NULL,'2010-05-10','2012-06-27',NULL,NULL,'217.00',0,0,1,0,1,1,NULL,NULL,NULL,NULL,NULL,'--- !ruby/hash:ActiveSupport::HashWithIndifferentAccess\nanschaffungskategorie: AV-Technik\nreference: invoice\numzug: zgeln\nankunftszustand: intakt\n','2012-06-26 23:37:11','2012-06-26 23:37:11',NULL),(180,'8069rtp6ynj4uu56wv9j127','ef:49:e2:4b:3f:7d-b5:e8:6a:51:98:87-89:19:48:f4:c5:4c',164,75,167,9,NULL,NULL,'2009-02-06','2012-06-27',NULL,NULL,'1460.00',0,0,1,0,1,1,NULL,NULL,NULL,NULL,NULL,'--- !ruby/hash:ActiveSupport::HashWithIndifferentAccess\nanschaffungskategorie: AV-Technik\nreference: invoice\numzug: zgeln\nankunftszustand: intakt\n','2012-06-26 23:37:11','2012-06-26 23:37:11',NULL),(181,'qar8rye5g9m1hcbn92fe128','44:56:40:6b:66:65-ba:b1:eb:03:b8:24-a7:22:3b:f9:03:22',165,76,168,5,NULL,NULL,'2009-09-29','2012-06-27',NULL,NULL,'476.00',0,0,1,0,1,1,NULL,NULL,NULL,NULL,NULL,'--- !ruby/hash:ActiveSupport::HashWithIndifferentAccess\nanschaffungskategorie: AV-Technik\nreference: invoice\numzug: zgeln\nankunftszustand: intakt\n','2012-06-26 23:37:11','2012-06-26 23:37:11',NULL),(182,'g0751aub2ld1kaore25o129','94:b0:d8:cb:8e:4c-ae:20:7b:24:57:db-ef:bb:be:cf:a7:6c',166,77,169,8,NULL,NULL,'2007-09-19','2012-06-27',NULL,NULL,'270.00',0,0,1,0,1,1,NULL,NULL,NULL,NULL,NULL,'--- !ruby/hash:ActiveSupport::HashWithIndifferentAccess\nanschaffungskategorie: AV-Technik\nreference: invoice\numzug: zgeln\nankunftszustand: intakt\n','2012-06-26 23:37:11','2012-06-26 23:37:11',NULL),(183,'6jtv06llbk69ogxsg8b8130','1c:bb:f5:07:c7:f1-10:2c:ea:68:80:b6-0a:f1:f7:46:b3:00',167,78,170,1,NULL,NULL,'2009-05-01','2012-06-27',NULL,NULL,'1486.00',0,0,1,0,1,1,NULL,NULL,NULL,NULL,NULL,'--- !ruby/hash:ActiveSupport::HashWithIndifferentAccess\nanschaffungskategorie: AV-Technik\nreference: invoice\numzug: zgeln\nankunftszustand: intakt\n','2012-06-26 23:37:11','2012-06-26 23:37:11',NULL),(184,'tqndqgk2uapyl38uwwk6131','a1:b3:fd:bd:6f:4b-d7:da:5f:ea:33:fb-e9:24:4c:61:0e:cc',168,79,171,3,NULL,NULL,'2010-12-30','2012-06-26',NULL,NULL,'352.00',0,0,1,0,1,1,NULL,NULL,NULL,NULL,NULL,'--- !ruby/hash:ActiveSupport::HashWithIndifferentAccess\nanschaffungskategorie: AV-Technik\nreference: invoice\numzug: zgeln\nankunftszustand: intakt\n','2012-06-25 23:37:11','2012-06-25 23:37:11',NULL),(185,'5apqbrp14e8x95lhqz67132','de:b4:48:45:03:41-fb:1c:04:00:d3:a0-8d:5d:79:4c:bc:ea',169,80,172,2,NULL,NULL,'2010-03-02','2012-06-26',NULL,NULL,'1017.00',0,0,1,0,1,1,NULL,NULL,NULL,NULL,NULL,'--- !ruby/hash:ActiveSupport::HashWithIndifferentAccess\nanschaffungskategorie: AV-Technik\nreference: invoice\numzug: zgeln\nankunftszustand: intakt\n','2012-06-25 23:37:11','2012-06-25 23:37:11',NULL),(186,'lfevwxv9f1oaqkcclwxg133','b1:96:3c:89:ee:9c-3d:6d:ec:50:83:0d-96:b1:23:f2:d4:2d',170,81,173,1,NULL,NULL,'2010-11-09','2012-06-26',NULL,NULL,'961.00',0,0,1,0,1,1,NULL,NULL,NULL,NULL,NULL,'--- !ruby/hash:ActiveSupport::HashWithIndifferentAccess\nanschaffungskategorie: AV-Technik\nreference: invoice\numzug: zgeln\nankunftszustand: intakt\n','2012-06-25 23:37:11','2012-06-25 23:37:11',NULL),(187,'u3trgohmzdwk3cgno18w134','aa:9b:e5:8d:00:c7-bd:a7:92:2c:66:0b-6d:e2:08:7c:e8:bd',171,82,174,3,NULL,NULL,'2009-04-28','2012-06-26',NULL,NULL,'262.00',0,0,1,0,1,1,NULL,NULL,NULL,NULL,NULL,'--- !ruby/hash:ActiveSupport::HashWithIndifferentAccess\nanschaffungskategorie: AV-Technik\nreference: invoice\numzug: zgeln\nankunftszustand: intakt\n','2012-06-25 23:37:11','2012-06-25 23:37:11',NULL),(188,'ejdaaykc9p7cvhrk845g135','89:d8:c9:1a:ac:f1-55:98:21:0e:ac:b5-24:8c:cd:f2:c7:6f',172,83,175,10,NULL,NULL,'2010-11-24','2012-06-22',NULL,NULL,'1409.00',0,0,1,0,1,1,NULL,NULL,NULL,NULL,NULL,'--- !ruby/hash:ActiveSupport::HashWithIndifferentAccess\nanschaffungskategorie: AV-Technik\nreference: invoice\numzug: zgeln\nankunftszustand: intakt\n','2012-06-21 23:37:11','2012-06-21 23:37:11',NULL),(189,'axha9ru9hxrxipdtftf1136','07:15:99:17:7f:5b-d2:0a:19:4c:5b:aa-5c:b9:1c:bc:0a:83',173,84,176,1,NULL,NULL,'2009-01-08','2012-06-22',NULL,NULL,'14.00',0,0,1,0,1,1,NULL,NULL,NULL,NULL,NULL,'--- !ruby/hash:ActiveSupport::HashWithIndifferentAccess\nanschaffungskategorie: AV-Technik\nreference: invoice\numzug: zgeln\nankunftszustand: intakt\n','2012-06-21 23:37:11','2012-06-21 23:37:11',NULL),(190,'rhqe66ku258sq8u380kt137','16:e3:3f:fe:1c:3e-1c:59:23:80:17:a4-db:c8:66:8a:a1:d5',174,85,177,7,NULL,NULL,'2007-03-22','2012-06-22',NULL,NULL,'130.00',0,0,1,0,1,1,NULL,NULL,NULL,NULL,NULL,'--- !ruby/hash:ActiveSupport::HashWithIndifferentAccess\nanschaffungskategorie: AV-Technik\nreference: invoice\numzug: zgeln\nankunftszustand: intakt\n','2012-06-21 23:37:11','2012-06-21 23:37:11',NULL),(191,'4iy20610r537w5zxm8wo138','41:28:c7:ff:ba:7d-41:ea:e6:62:07:c4-26:e5:fe:a2:91:2b',175,86,178,4,NULL,NULL,'2011-06-22','2012-06-22',NULL,NULL,'222.00',0,0,1,0,1,1,NULL,NULL,NULL,NULL,NULL,'--- !ruby/hash:ActiveSupport::HashWithIndifferentAccess\nanschaffungskategorie: AV-Technik\nreference: invoice\numzug: zgeln\nankunftszustand: intakt\n','2012-06-21 23:37:11','2012-06-21 23:37:11',NULL),(192,'xt1yzcxk54ocwr6qsbv4139','d7:86:4f:15:e8:f0-f5:18:73:8e:8b:0f-8a:e4:a9:97:fc:4f',176,87,179,7,NULL,NULL,'2008-01-10','2012-06-22',NULL,NULL,'463.00',0,0,1,0,1,1,NULL,NULL,NULL,NULL,NULL,'--- !ruby/hash:ActiveSupport::HashWithIndifferentAccess\nanschaffungskategorie: AV-Technik\nreference: invoice\numzug: zgeln\nankunftszustand: intakt\n','2012-06-21 23:37:11','2012-06-21 23:37:11',NULL),(193,'ytgfyrjsuvzp4nq0mk10140','10:24:4b:b9:0f:0f-be:c7:6a:59:bd:aa-35:39:20:77:7b:81',177,88,180,5,NULL,NULL,'2008-08-06','2012-06-27',NULL,NULL,'1222.00',0,0,1,0,12,1,NULL,NULL,NULL,NULL,NULL,'--- !ruby/hash:ActiveSupport::HashWithIndifferentAccess\nanschaffungskategorie: AV-Technik\nreference: invoice\numzug: zgeln\nankunftszustand: intakt\n','2012-06-26 23:37:11','2012-06-26 23:37:11',NULL),(194,'dhorcfszdwvvj0ot2z09141','8b:cb:7b:b8:ec:ef-f4:65:9e:25:64:44-1f:75:db:ce:e4:a7',177,89,181,2,NULL,NULL,'2009-05-21','2012-06-27',NULL,NULL,'1498.00',0,0,1,0,12,1,NULL,NULL,NULL,NULL,NULL,'--- !ruby/hash:ActiveSupport::HashWithIndifferentAccess\nanschaffungskategorie: AV-Technik\nreference: invoice\numzug: zgeln\nankunftszustand: intakt\n','2012-06-26 23:37:11','2012-06-26 23:37:11',NULL),(195,'8b61o0r9vaz1xo5nagjn142','74:ea:c6:30:07:22-23:27:c0:c7:c8:18-4f:46:c0:e1:1c:56',177,90,182,3,NULL,NULL,'2007-09-18','2012-06-27',NULL,NULL,'45.00',0,0,1,0,12,1,NULL,NULL,NULL,NULL,NULL,'--- !ruby/hash:ActiveSupport::HashWithIndifferentAccess\nanschaffungskategorie: AV-Technik\nreference: invoice\numzug: zgeln\nankunftszustand: intakt\n','2012-06-26 23:37:11','2012-06-26 23:37:11',NULL),(196,'cl2ft1dsoqz2mvhwtm20143','59:01:d6:11:b4:2c-d0:6e:6c:36:1c:c2-68:50:3e:30:73:44',181,91,183,10,NULL,NULL,'2009-03-27','2012-06-27',NULL,NULL,'944.00',0,0,1,0,12,1,NULL,NULL,NULL,NULL,NULL,'--- !ruby/hash:ActiveSupport::HashWithIndifferentAccess\nanschaffungskategorie: AV-Technik\nreference: invoice\numzug: zgeln\nankunftszustand: intakt\n','2012-06-26 23:37:11','2012-06-26 23:37:11',NULL),(197,'iihapaoznllv4nq8ryla144','22:86:88:e2:33:54-99:31:24:ef:46:42-cf:1f:a4:98:50:b0',181,92,184,11,NULL,NULL,'2010-09-27','2012-06-27',NULL,NULL,'1046.00',0,0,1,0,12,1,NULL,NULL,NULL,NULL,NULL,'--- !ruby/hash:ActiveSupport::HashWithIndifferentAccess\nanschaffungskategorie: AV-Technik\nreference: invoice\numzug: zgeln\nankunftszustand: intakt\n','2012-06-26 23:37:11','2012-06-26 23:37:11',NULL),(198,'cxjxapwuqpjmtuyypqfb145','8d:e1:07:2c:a7:7c-8d:af:3d:d6:a1:1d-31:06:2f:47:0d:b3',181,93,185,8,NULL,NULL,'2009-10-18','2012-06-27',NULL,NULL,'1317.00',0,0,1,0,12,1,NULL,NULL,NULL,NULL,NULL,'--- !ruby/hash:ActiveSupport::HashWithIndifferentAccess\nanschaffungskategorie: AV-Technik\nreference: invoice\numzug: zgeln\nankunftszustand: intakt\n','2012-06-26 23:37:11','2012-06-26 23:37:11',NULL),(199,'3k60cm548hudrrm6pceu146','ab:9c:9c:a6:d6:2e-53:81:c8:11:26:03-b3:50:70:51:47:47',185,94,186,5,NULL,NULL,'2008-02-19','2012-06-27',NULL,NULL,'350.00',0,0,1,0,12,1,NULL,NULL,NULL,NULL,NULL,'--- !ruby/hash:ActiveSupport::HashWithIndifferentAccess\nanschaffungskategorie: AV-Technik\nreference: invoice\numzug: zgeln\nankunftszustand: intakt\n','2012-06-26 23:37:11','2012-06-26 23:37:11',NULL),(200,'43i0y235ysjjkd6dpxsv147','a7:51:1b:fc:72:87-02:eb:c5:4d:c1:d5-d0:35:55:54:7b:44',185,95,187,4,NULL,NULL,'2007-05-06','2012-06-27',NULL,NULL,'544.00',0,0,1,0,12,1,NULL,NULL,NULL,NULL,NULL,'--- !ruby/hash:ActiveSupport::HashWithIndifferentAccess\nanschaffungskategorie: AV-Technik\nreference: invoice\numzug: zgeln\nankunftszustand: intakt\n','2012-06-26 23:37:11','2012-06-26 23:37:11',NULL),(201,'k9hamdsasmcop46yu4qy148','78:d5:da:96:f5:fc-4a:2a:75:47:e3:4a-74:34:63:c9:14:3b',185,96,188,6,NULL,NULL,'2011-06-17','2012-06-27',NULL,NULL,'786.00',0,0,1,0,12,1,NULL,NULL,NULL,NULL,NULL,'--- !ruby/hash:ActiveSupport::HashWithIndifferentAccess\nanschaffungskategorie: AV-Technik\nreference: invoice\numzug: zgeln\nankunftszustand: intakt\n','2012-06-26 23:37:11','2012-06-26 23:37:11',NULL),(202,'ic9qz7q1exak5j4k7msl149','93:24:ac:ee:69:7d-7e:01:46:23:81:7f-b6:b8:3b:88:2a:14',189,97,189,11,NULL,NULL,'2008-01-30','2012-06-27',NULL,NULL,'638.00',0,0,1,0,12,1,NULL,NULL,NULL,NULL,NULL,'--- !ruby/hash:ActiveSupport::HashWithIndifferentAccess\nanschaffungskategorie: AV-Technik\nreference: invoice\numzug: zgeln\nankunftszustand: intakt\n','2012-06-26 23:37:11','2012-06-26 23:37:11',NULL),(203,'26pbget8dhjdl8anq0kq150','fc:b4:d0:77:19:2c-94:37:a2:58:91:5c-7e:0a:1f:b7:8e:41',189,98,190,5,NULL,NULL,'2007-07-12','2012-06-27',NULL,NULL,'1300.00',0,0,1,0,12,1,NULL,NULL,NULL,NULL,NULL,'--- !ruby/hash:ActiveSupport::HashWithIndifferentAccess\nanschaffungskategorie: AV-Technik\nreference: invoice\numzug: zgeln\nankunftszustand: intakt\n','2012-06-26 23:37:11','2012-06-26 23:37:11',NULL),(204,'pt1wvpsj9yn2gcl1oi3u151','5f:0d:8d:cd:97:69-46:a5:44:c5:d6:7e-10:2e:a5:e7:02:0b',189,99,191,5,NULL,NULL,'2008-05-11','2012-06-27',NULL,NULL,'1215.00',0,0,1,0,12,1,NULL,NULL,NULL,NULL,NULL,'--- !ruby/hash:ActiveSupport::HashWithIndifferentAccess\nanschaffungskategorie: AV-Technik\nreference: invoice\numzug: zgeln\nankunftszustand: intakt\n','2012-06-26 23:37:11','2012-06-26 23:37:11',NULL),(205,'heue9ducczopn72j7swb152','cc:d6:8d:03:cb:88-dd:8a:da:16:eb:cf-3e:bf:0b:b0:10:66',193,100,192,10,NULL,NULL,'2011-07-06','2012-06-27',NULL,NULL,'1013.00',0,0,1,0,1,1,NULL,NULL,NULL,NULL,NULL,'--- !ruby/hash:ActiveSupport::HashWithIndifferentAccess\nanschaffungskategorie: AV-Technik\nreference: invoice\numzug: zgeln\nankunftszustand: intakt\n','2012-06-26 23:37:11','2012-06-26 23:37:11',NULL),(206,'g33nn7i7cckfs9cahsdx153','f8:fe:32:25:4e:d0-1b:0c:1b:df:d2:66-1c:2b:1d:e3:76:d2',194,101,193,3,NULL,NULL,'2008-05-09','2012-06-27',NULL,NULL,'195.00',0,0,1,0,1,1,NULL,NULL,NULL,NULL,NULL,'--- !ruby/hash:ActiveSupport::HashWithIndifferentAccess\nanschaffungskategorie: AV-Technik\nreference: invoice\numzug: zgeln\nankunftszustand: intakt\n','2012-06-26 23:37:11','2012-06-26 23:37:11',NULL),(207,'c7hpu6brcr6dqdjbb9cu154','aa:a1:4c:73:fd:8d-89:72:32:56:76:fc-b3:97:b4:eb:bc:62',195,102,194,1,NULL,NULL,'2008-01-08','2012-06-27',NULL,NULL,'974.00',0,0,1,0,1,1,NULL,NULL,NULL,NULL,NULL,'--- !ruby/hash:ActiveSupport::HashWithIndifferentAccess\nanschaffungskategorie: AV-Technik\nreference: invoice\numzug: zgeln\nankunftszustand: intakt\n','2012-06-26 23:37:11','2012-06-26 23:37:11',NULL),(208,'atxxg2ux263h33dd4pcg155','ee:07:94:c4:d9:50-2f:f2:2c:26:77:0b-43:d3:7b:22:9b:6e',196,103,195,4,NULL,NULL,'2011-11-09','2012-06-27',NULL,NULL,'727.00',0,0,1,0,1,1,NULL,NULL,NULL,NULL,NULL,'--- !ruby/hash:ActiveSupport::HashWithIndifferentAccess\nanschaffungskategorie: AV-Technik\nreference: invoice\numzug: zgeln\nankunftszustand: intakt\n','2012-06-26 23:37:11','2012-06-26 23:37:11',NULL),(209,'u00beqix2okpzaev6quf156','4c:eb:f6:2c:34:9a-ea:f2:4a:bf:86:53-a0:44:47:0b:15:e7',197,104,196,5,NULL,NULL,'2007-01-03','2012-06-27',NULL,NULL,'730.00',0,0,1,0,1,1,NULL,NULL,NULL,NULL,NULL,'--- !ruby/hash:ActiveSupport::HashWithIndifferentAccess\nanschaffungskategorie: AV-Technik\nreference: invoice\numzug: zgeln\nankunftszustand: intakt\n','2012-06-26 23:37:11','2012-06-26 23:37:11',NULL),(210,'eyo3x9wr0j77av20vfpn157','6d:80:54:ec:90:16-ef:e5:8d:cd:99:3c-ee:ed:21:68:44:e3',198,105,197,3,NULL,NULL,'2008-05-20','2012-06-27',NULL,NULL,'908.00',0,0,1,0,1,1,NULL,NULL,NULL,NULL,NULL,'--- !ruby/hash:ActiveSupport::HashWithIndifferentAccess\nanschaffungskategorie: AV-Technik\nreference: invoice\numzug: zgeln\nankunftszustand: intakt\n','2012-06-26 23:37:11','2012-06-26 23:37:11',NULL),(211,'qrwgaikt0xtry5cufb43158','4d:20:b6:f4:18:ab-94:87:5d:ab:70:68-88:49:8e:bb:08:51',199,106,198,8,NULL,NULL,'2009-11-01','2012-06-27',NULL,NULL,'1024.00',0,0,1,0,1,1,NULL,NULL,NULL,NULL,NULL,'--- !ruby/hash:ActiveSupport::HashWithIndifferentAccess\nanschaffungskategorie: AV-Technik\nreference: invoice\numzug: zgeln\nankunftszustand: intakt\n','2012-06-26 23:37:11','2012-06-26 23:37:11',NULL),(212,'m1i70yl53jfdczzbzrzr159','dd:0a:04:fb:43:cc-ca:f6:71:d5:97:61-f6:11:46:ca:81:2d',200,107,199,10,NULL,NULL,'2008-04-27','2012-06-27',NULL,NULL,'1186.00',0,0,1,0,1,1,NULL,NULL,NULL,NULL,NULL,'--- !ruby/hash:ActiveSupport::HashWithIndifferentAccess\nanschaffungskategorie: AV-Technik\nreference: invoice\numzug: zgeln\nankunftszustand: intakt\n','2012-06-26 23:37:11','2012-06-26 23:37:11',NULL),(213,'2nvcugzn8t7enfqdtov3160','3e:cb:a6:51:f6:bc-0d:da:45:90:cf:20-fc:99:d5:9c:6a:fb',201,108,200,4,NULL,NULL,'2011-05-30','2012-06-27',NULL,NULL,'473.00',0,0,1,0,1,1,NULL,NULL,NULL,NULL,NULL,'--- !ruby/hash:ActiveSupport::HashWithIndifferentAccess\nanschaffungskategorie: AV-Technik\nreference: invoice\numzug: zgeln\nankunftszustand: intakt\n','2012-06-26 23:37:11','2012-06-26 23:37:11',NULL),(214,'lpgasa88za2kyf09abbs161','fd:ad:12:42:e6:da-73:bd:66:2a:4d:0c-e7:b7:bf:25:1b:49',202,109,201,3,NULL,NULL,'2008-02-18','2012-06-27',NULL,NULL,'381.00',0,0,1,0,1,1,NULL,NULL,NULL,NULL,NULL,'--- !ruby/hash:ActiveSupport::HashWithIndifferentAccess\nanschaffungskategorie: AV-Technik\nreference: invoice\numzug: zgeln\nankunftszustand: intakt\n','2012-06-26 23:37:11','2012-06-26 23:37:11',NULL),(215,'05h15y6grzu8s0rnn0im162','0e:a4:04:af:27:36-b4:53:4f:14:42:03-37:24:b6:fc:ea:9c',203,110,202,5,NULL,NULL,'2009-07-15','2012-06-27',NULL,NULL,'148.00',0,0,1,0,1,1,NULL,NULL,NULL,NULL,NULL,'--- !ruby/hash:ActiveSupport::HashWithIndifferentAccess\nanschaffungskategorie: AV-Technik\nreference: invoice\numzug: zgeln\nankunftszustand: intakt\n','2012-06-26 23:37:11','2012-06-26 23:37:11',NULL),(216,'pfcolagdsfopfwix1w3q163','ec:33:c0:64:b5:69-50:a0:e7:aa:1a:ee-1f:86:26:41:82:52',204,111,203,5,NULL,NULL,'2008-04-15','2012-06-27',NULL,NULL,'1079.00',0,0,1,0,1,1,NULL,NULL,NULL,NULL,NULL,'--- !ruby/hash:ActiveSupport::HashWithIndifferentAccess\nanschaffungskategorie: AV-Technik\nreference: invoice\numzug: zgeln\nankunftszustand: intakt\n','2012-06-26 23:37:11','2012-06-26 23:37:11',NULL),(217,'tbjo1djl75te52i9i9l2164','7a:19:47:65:e8:fd-35:62:ed:84:04:18-38:1e:72:3d:33:7d',205,112,204,2,NULL,NULL,'2008-04-16','2012-06-27',NULL,NULL,'239.00',0,0,1,0,1,1,NULL,NULL,NULL,NULL,NULL,'--- !ruby/hash:ActiveSupport::HashWithIndifferentAccess\nanschaffungskategorie: AV-Technik\nreference: invoice\numzug: zgeln\nankunftszustand: intakt\n','2012-06-26 23:37:11','2012-06-26 23:37:11',NULL),(218,'qzjboz4z90x4jh0odk2w165','ec:b9:ce:46:10:26-90:fa:23:19:46:c8-03:15:36:b8:3a:b9',206,113,205,5,NULL,NULL,'2010-09-05','2012-06-27',NULL,NULL,'180.00',0,0,1,0,1,1,NULL,NULL,NULL,NULL,NULL,'--- !ruby/hash:ActiveSupport::HashWithIndifferentAccess\nanschaffungskategorie: AV-Technik\nreference: invoice\numzug: zgeln\nankunftszustand: intakt\n','2012-06-26 23:37:11','2012-06-26 23:37:11',NULL),(219,'b155ncans3ohzcgowk3v166','c1:37:79:af:52:2c-b7:b3:44:3c:50:ee-92:78:05:86:5b:63',207,114,206,2,NULL,NULL,'2009-07-10','2012-06-27',NULL,NULL,'1438.00',0,0,1,0,1,1,NULL,NULL,NULL,NULL,NULL,'--- !ruby/hash:ActiveSupport::HashWithIndifferentAccess\nanschaffungskategorie: AV-Technik\nreference: invoice\numzug: zgeln\nankunftszustand: intakt\n','2012-06-26 23:37:11','2012-06-26 23:37:11',NULL),(220,'9ntdqg6kwsj2adelib7h167','29:3f:5a:60:18:0f-d2:3c:76:ce:68:ae-92:f5:31:27:22:b6',208,115,207,11,NULL,NULL,'2011-10-27','2012-06-27',NULL,NULL,'971.00',0,0,1,0,1,1,NULL,NULL,NULL,NULL,NULL,'--- !ruby/hash:ActiveSupport::HashWithIndifferentAccess\nanschaffungskategorie: AV-Technik\nreference: invoice\numzug: zgeln\nankunftszustand: intakt\n','2012-06-26 23:37:11','2012-06-26 23:37:11',NULL),(221,'75zsvx6g5wwt5ju9boqc168','83:a6:78:4a:bc:4c-72:e2:e1:bc:86:6d-85:ba:b7:26:0d:7c',209,116,208,11,NULL,NULL,'2009-02-17','2012-06-27',NULL,NULL,'716.00',0,0,1,0,1,1,NULL,NULL,NULL,NULL,NULL,'--- !ruby/hash:ActiveSupport::HashWithIndifferentAccess\nanschaffungskategorie: AV-Technik\nreference: invoice\numzug: zgeln\nankunftszustand: intakt\n','2012-06-26 23:37:11','2012-06-26 23:37:11',NULL),(222,'6258put953afgn1804td169','7f:16:6b:bc:5d:0c-64:6b:0f:1c:01:64-58:f4:b4:03:35:d0',210,117,209,10,NULL,NULL,'2011-10-10','2012-06-27',NULL,NULL,'1401.00',0,0,1,0,1,1,NULL,NULL,NULL,NULL,NULL,'--- !ruby/hash:ActiveSupport::HashWithIndifferentAccess\nanschaffungskategorie: AV-Technik\nreference: invoice\numzug: zgeln\nankunftszustand: intakt\n','2012-06-26 23:37:11','2012-06-26 23:37:11',NULL),(223,'nbhi2gcxp6kr3u9xt74l170','fa:32:81:af:73:2f-31:a3:d9:15:4c:eb-fb:89:f3:70:42:1d',211,118,210,8,NULL,NULL,'2009-08-14','2012-06-27',NULL,NULL,'1037.00',0,0,1,0,1,1,NULL,NULL,NULL,NULL,NULL,'--- !ruby/hash:ActiveSupport::HashWithIndifferentAccess\nanschaffungskategorie: AV-Technik\nreference: invoice\numzug: zgeln\nankunftszustand: intakt\n','2012-06-26 23:37:11','2012-06-26 23:37:11',NULL),(224,'amzcwluqm13wt9uvwdbg171','98:2a:e8:b7:b1:c8-bf:de:e9:3f:31:e5-15:e8:17:b7:9a:74',212,119,211,6,NULL,NULL,'2008-06-23','2012-06-27',NULL,NULL,'865.00',0,0,1,0,1,1,NULL,NULL,NULL,NULL,NULL,'--- !ruby/hash:ActiveSupport::HashWithIndifferentAccess\nanschaffungskategorie: AV-Technik\nreference: invoice\numzug: zgeln\nankunftszustand: intakt\n','2012-06-26 23:37:11','2012-06-26 23:37:11',NULL),(225,'8ou5vm1iwgf902sndhnc172','a7:2e:ed:e6:bf:05-5b:ca:0d:4e:30:07-06:51:f1:08:80:63',213,120,212,4,NULL,NULL,'2009-01-25','2012-06-27',NULL,NULL,'451.00',0,0,1,0,1,1,NULL,NULL,NULL,NULL,NULL,'--- !ruby/hash:ActiveSupport::HashWithIndifferentAccess\nanschaffungskategorie: AV-Technik\nreference: invoice\numzug: zgeln\nankunftszustand: intakt\n','2012-06-26 23:37:11','2012-06-26 23:37:11',NULL),(226,'r4dpgdgg5aubcxdxncgq173','29:fe:35:4b:b9:8e-3c:d2:3d:de:14:14-67:f7:4b:c1:de:91',214,121,213,6,NULL,NULL,'2008-03-09','2012-06-27',NULL,NULL,'895.00',0,0,1,0,1,1,NULL,NULL,NULL,NULL,NULL,'--- !ruby/hash:ActiveSupport::HashWithIndifferentAccess\nanschaffungskategorie: AV-Technik\nreference: invoice\numzug: zgeln\nankunftszustand: intakt\n','2012-06-26 23:37:11','2012-06-26 23:37:11',NULL),(227,'5etx6dx8fwd378c517j9174','74:22:33:24:48:44-71:be:64:90:d0:7d-60:34:c2:f0:71:4b',215,122,214,7,NULL,NULL,'2008-07-13','2012-06-27',NULL,NULL,'343.00',0,0,1,0,1,1,NULL,NULL,NULL,NULL,NULL,'--- !ruby/hash:ActiveSupport::HashWithIndifferentAccess\nanschaffungskategorie: AV-Technik\nreference: invoice\numzug: zgeln\nankunftszustand: intakt\n','2012-06-26 23:37:11','2012-06-26 23:37:11',NULL),(228,'ko4xu93881j4cfdqb5rk175','8d:31:a4:a5:80:9c-bb:92:5c:b5:50:7a-33:b1:1f:97:f8:85',216,123,215,5,NULL,NULL,'2008-01-19','2012-06-27',NULL,NULL,'1496.00',0,0,1,0,1,1,NULL,NULL,NULL,NULL,NULL,'--- !ruby/hash:ActiveSupport::HashWithIndifferentAccess\nanschaffungskategorie: AV-Technik\nreference: invoice\numzug: zgeln\nankunftszustand: intakt\n','2012-06-26 23:37:11','2012-06-26 23:37:11',NULL),(229,'272nwbs80gzlvp6k5vjc176','4f:e0:10:7c:bf:1b-99:de:5c:0d:aa:f2-d1:ac:e1:00:54:4b',217,124,216,1,NULL,NULL,'2009-10-07','2012-06-27',NULL,NULL,'125.00',0,0,1,0,1,1,NULL,NULL,NULL,NULL,NULL,'--- !ruby/hash:ActiveSupport::HashWithIndifferentAccess\nanschaffungskategorie: AV-Technik\nreference: invoice\numzug: zgeln\nankunftszustand: intakt\n','2012-06-26 23:37:11','2012-06-26 23:37:11',NULL),(230,'dqh21lv5j8ueez9c7ms1177','80:fd:a1:3d:d3:54-20:dd:cc:85:4f:ac-97:12:75:d5:e0:19',218,125,217,3,NULL,NULL,'2010-01-05','2012-06-27',NULL,NULL,'1144.00',0,0,1,0,1,1,NULL,NULL,NULL,NULL,NULL,'--- !ruby/hash:ActiveSupport::HashWithIndifferentAccess\nanschaffungskategorie: AV-Technik\nreference: invoice\numzug: zgeln\nankunftszustand: intakt\n','2012-06-26 23:37:11','2012-06-26 23:37:11',NULL),(231,'gzwh17cv9bu97ehmdl3n178','b8:93:28:ab:f2:c3-5f:7b:f4:0e:9c:2e-39:bf:53:1d:13:21',219,126,218,5,NULL,NULL,'2008-05-20','2012-06-27',NULL,NULL,'1429.00',0,0,1,0,1,1,NULL,NULL,NULL,NULL,NULL,'--- !ruby/hash:ActiveSupport::HashWithIndifferentAccess\nanschaffungskategorie: AV-Technik\nreference: invoice\numzug: zgeln\nankunftszustand: intakt\n','2012-06-26 23:37:11','2012-06-26 23:37:11',NULL),(232,'u11ujraqr7ppa9ehvxvl179','31:30:e9:90:03:15-34:26:0b:49:50:52-56:51:67:44:63:4d',220,127,219,11,NULL,NULL,'2007-03-29','2012-06-27',NULL,NULL,'1096.00',0,0,1,0,1,1,NULL,NULL,NULL,NULL,NULL,'--- !ruby/hash:ActiveSupport::HashWithIndifferentAccess\nanschaffungskategorie: AV-Technik\nreference: invoice\numzug: zgeln\nankunftszustand: intakt\n','2012-06-26 23:37:11','2012-06-26 23:37:11',NULL),(233,'mxh0i9zrm6e17doe2n5q180','a9:be:cc:04:ec:a0-58:e4:ed:a7:7a:93-3f:f3:d0:f1:ab:e3',221,128,220,8,NULL,NULL,'2011-06-13','2012-06-27',NULL,NULL,'1158.00',0,0,1,0,1,1,NULL,NULL,NULL,NULL,NULL,'--- !ruby/hash:ActiveSupport::HashWithIndifferentAccess\nanschaffungskategorie: AV-Technik\nreference: invoice\numzug: zgeln\nankunftszustand: intakt\n','2012-06-26 23:37:11','2012-06-26 23:37:11',NULL),(234,'dxnepjyydjqpv2pdtoym181','47:13:5d:22:5c:53-4d:9e:ed:9a:1d:e6-23:f6:82:7e:10:53',222,129,221,11,NULL,NULL,'2008-03-21','2012-06-27',NULL,NULL,'50.00',0,0,1,0,1,1,NULL,NULL,NULL,NULL,NULL,'--- !ruby/hash:ActiveSupport::HashWithIndifferentAccess\nanschaffungskategorie: AV-Technik\nreference: invoice\numzug: zgeln\nankunftszustand: intakt\n','2012-06-26 23:37:11','2012-06-26 23:37:11',NULL),(235,'2m58gksr3p8b2bgdx9q6182','2a:d6:83:96:72:b3-5e:57:bd:2f:4c:ba-6a:c9:6e:77:38:73',223,130,222,9,NULL,NULL,'2009-07-14','2012-06-27',NULL,NULL,'910.00',0,0,1,0,1,1,NULL,NULL,NULL,NULL,NULL,'--- !ruby/hash:ActiveSupport::HashWithIndifferentAccess\nanschaffungskategorie: AV-Technik\nreference: invoice\numzug: zgeln\nankunftszustand: intakt\n','2012-06-26 23:37:11','2012-06-26 23:37:11',NULL),(236,'s9yoyptuxasyh07z9l9c183','3a:05:a9:e2:89:3e-03:62:8e:f9:30:42-c5:a5:ba:6c:60:4d',224,131,223,8,NULL,NULL,'2009-05-17','2012-06-27',NULL,NULL,'1234.00',0,0,1,0,1,1,NULL,NULL,NULL,NULL,NULL,'--- !ruby/hash:ActiveSupport::HashWithIndifferentAccess\nanschaffungskategorie: AV-Technik\nreference: invoice\numzug: zgeln\nankunftszustand: intakt\n','2012-06-26 23:37:11','2012-06-26 23:37:11',NULL),(237,'1vebkdlzqb4661awzh1i184','ae:63:f3:f8:65:c8-81:a7:9f:a4:39:c3-1e:69:cd:f6:4b:38',225,132,224,1,NULL,NULL,'2009-12-17','2012-06-27',NULL,NULL,'940.00',0,0,1,0,1,1,NULL,NULL,NULL,NULL,NULL,'--- !ruby/hash:ActiveSupport::HashWithIndifferentAccess\nanschaffungskategorie: AV-Technik\nreference: invoice\numzug: zgeln\nankunftszustand: intakt\n','2012-06-26 23:37:11','2012-06-26 23:37:11',NULL),(238,'bjjcufbt09cfj0i8xa45185','45:8a:0a:7f:bd:5a-87:4f:c1:6a:6b:fa-09:a0:2d:99:60:94',226,133,225,3,NULL,NULL,'2009-11-26','2012-06-27',NULL,NULL,'1443.00',0,0,1,0,1,1,NULL,NULL,NULL,NULL,NULL,'--- !ruby/hash:ActiveSupport::HashWithIndifferentAccess\nanschaffungskategorie: AV-Technik\nreference: invoice\numzug: zgeln\nankunftszustand: intakt\n','2012-06-26 23:37:11','2012-06-26 23:37:11',NULL),(239,'5uius9a92f23ug4e1ccc186','16:76:e5:1d:bb:67-e6:e9:37:d8:76:a9-62:87:79:3c:10:d9',227,134,226,5,NULL,NULL,'2010-09-30','2012-06-27',NULL,NULL,'595.00',0,0,1,0,1,1,NULL,NULL,NULL,NULL,NULL,'--- !ruby/hash:ActiveSupport::HashWithIndifferentAccess\nanschaffungskategorie: AV-Technik\nreference: invoice\numzug: zgeln\nankunftszustand: intakt\n','2012-06-26 23:37:11','2012-06-26 23:37:11',NULL),(240,'4bi5r67ik7dv5ykcz5il187','d4:62:9e:e3:06:29-a2:01:32:7d:de:31-9e:5f:c8:b3:88:d5',228,135,227,12,NULL,NULL,'2010-09-06','2012-06-27',NULL,NULL,'528.00',0,0,1,0,1,1,NULL,NULL,NULL,NULL,NULL,'--- !ruby/hash:ActiveSupport::HashWithIndifferentAccess\nanschaffungskategorie: AV-Technik\nreference: invoice\numzug: zgeln\nankunftszustand: intakt\n','2012-06-26 23:37:11','2012-06-26 23:37:11',NULL),(241,'rna25mtvv0m7mzmpja93188','fb:17:d9:92:74:55-d0:f4:0b:43:57:a7-4d:30:10:13:88:e6',229,136,228,1,NULL,NULL,'2010-07-29','2012-06-27',NULL,NULL,'1111.00',0,0,1,0,1,1,NULL,NULL,NULL,NULL,NULL,'--- !ruby/hash:ActiveSupport::HashWithIndifferentAccess\nanschaffungskategorie: AV-Technik\nreference: invoice\numzug: zgeln\nankunftszustand: intakt\n','2012-06-26 23:37:11','2012-06-26 23:37:11',NULL),(242,'wc2wkm8tujuigf7uiuhd189','a2:06:48:9b:3e:fa-f5:8e:f6:82:45:7a-61:ba:34:83:f8:6d',230,137,229,12,NULL,NULL,'2009-12-04','2012-06-27',NULL,NULL,'342.00',0,0,1,0,1,1,NULL,NULL,NULL,NULL,NULL,'--- !ruby/hash:ActiveSupport::HashWithIndifferentAccess\nanschaffungskategorie: AV-Technik\nreference: invoice\numzug: zgeln\nankunftszustand: intakt\n','2012-06-26 23:37:11','2012-06-26 23:37:11',NULL),(243,'f1doaj7x27ntx9jvl1jl190','2d:4b:50:aa:6e:38-0e:68:98:01:04:76-cd:5d:e1:44:a8:5a',231,138,230,11,NULL,NULL,'2011-01-09','2012-06-27',NULL,NULL,'1348.00',0,0,1,0,1,1,NULL,NULL,NULL,NULL,NULL,'--- !ruby/hash:ActiveSupport::HashWithIndifferentAccess\nanschaffungskategorie: AV-Technik\nreference: invoice\numzug: zgeln\nankunftszustand: intakt\n','2012-06-26 23:37:11','2012-06-26 23:37:11',NULL),(244,'zsw5jdyon10vr2ldczf6191','2a:76:48:c0:be:17-35:8a:58:34:68:c5-f0:74:3e:1b:fd:fc',232,139,231,6,NULL,NULL,'2010-07-24','2012-06-20',NULL,NULL,'547.00',0,0,1,0,1,1,NULL,NULL,NULL,NULL,NULL,'--- !ruby/hash:ActiveSupport::HashWithIndifferentAccess\nanschaffungskategorie: AV-Technik\nreference: invoice\numzug: zgeln\nankunftszustand: intakt\n','2012-06-19 23:37:11','2012-06-19 23:37:11',NULL),(245,'jvqosyp5mfm1cce978ce192','99:5a:db:bb:9f:32-4c:c2:99:9b:38:1d-98:d3:06:d9:94:64',233,140,232,12,NULL,NULL,'2011-09-21','2012-06-20',NULL,NULL,'1025.00',0,0,1,0,1,1,NULL,NULL,NULL,NULL,NULL,'--- !ruby/hash:ActiveSupport::HashWithIndifferentAccess\nanschaffungskategorie: AV-Technik\nreference: invoice\numzug: zgeln\nankunftszustand: intakt\n','2012-06-19 23:37:11','2012-06-19 23:37:11',NULL),(246,'yoqsld0iok9ru9xz5m04193','f6:be:5f:95:2d:4a-f2:c6:8d:8c:eb:24-f4:14:b5:9f:d7:d6',234,141,233,4,NULL,NULL,'2009-11-19','2012-06-20',NULL,NULL,'301.00',0,0,1,0,1,1,NULL,NULL,NULL,NULL,NULL,'--- !ruby/hash:ActiveSupport::HashWithIndifferentAccess\nanschaffungskategorie: AV-Technik\nreference: invoice\numzug: zgeln\nankunftszustand: intakt\n','2012-06-19 23:37:11','2012-06-19 23:37:11',NULL),(247,'disn5023wmgs30ifcnkj194','e9:f7:28:db:19:05-59:67:41:19:26:ea-ec:80:c5:d7:17:2e',235,142,234,1,NULL,NULL,'2007-05-20','2012-06-20',NULL,NULL,'550.00',0,0,1,0,1,1,NULL,NULL,NULL,NULL,NULL,'--- !ruby/hash:ActiveSupport::HashWithIndifferentAccess\nanschaffungskategorie: AV-Technik\nreference: invoice\numzug: zgeln\nankunftszustand: intakt\n','2012-06-19 23:37:11','2012-06-19 23:37:11',NULL),(248,'fy39qwra6kxrfd89799y195','87:56:48:75:46:35-40:51:b9:7a:88:50-c7:d9:04:b5:1c:27',236,143,235,4,NULL,NULL,'2010-05-19','2012-06-27',NULL,NULL,'294.00',0,0,1,0,1,1,NULL,NULL,NULL,NULL,NULL,'--- !ruby/hash:ActiveSupport::HashWithIndifferentAccess\nanschaffungskategorie: AV-Technik\nreference: invoice\numzug: zgeln\nankunftszustand: intakt\n','2012-06-26 23:37:11','2012-06-26 23:37:11',NULL),(249,'rjpithhs8j4y2zim2zh5196','86:8d:73:c8:7d:81-28:41:2c:fc:dd:7a-b3:29:ad:22:e5:d6',237,NULL,NULL,10,NULL,NULL,NULL,NULL,NULL,NULL,NULL,0,0,0,0,1,0,NULL,NULL,NULL,NULL,NULL,'--- !ruby/hash:ActiveSupport::HashWithIndifferentAccess\nlicense_type: single_workplace\nactivation_type: serial_number\noperating_system:\n- windows\n- linux\ninstallation:\n- citrix\n- web\nprocured_by: Mike Powlowski\nreference: invoice\nmaintenance_contract: \'false\'\nmaintenance_currency: CHF\n','2012-06-26 23:37:11','2012-06-26 23:37:11',NULL),(250,'c4wfq6q2hxg11lem3nor197','71:23:8c:65:2f:2d-ad:b3:19:4c:76:dc-81:ea:86:79:22:9b',238,144,236,5,NULL,NULL,'2008-04-08','2012-06-22',NULL,NULL,'1367.00',0,0,1,0,2,1,NULL,NULL,NULL,NULL,NULL,'--- !ruby/hash:ActiveSupport::HashWithIndifferentAccess\nanschaffungskategorie: AV-Technik\nreference: invoice\numzug: zgeln\nankunftszustand: intakt\n','2012-06-21 23:37:11','2012-06-21 23:37:11',NULL),(251,'v8dwpmpdozb716hrrb4k198','ac:52:5c:ab:b8:31-4b:e2:db:93:fb:f9-e5:f7:5b:8e:fb:90',239,145,237,9,NULL,NULL,'2010-08-31','2012-06-27',NULL,NULL,'274.00',0,0,1,0,1,1,NULL,NULL,NULL,NULL,NULL,'--- !ruby/hash:ActiveSupport::HashWithIndifferentAccess\nanschaffungskategorie: AV-Technik\nreference: invoice\numzug: zgeln\nankunftszustand: intakt\n','2012-06-26 23:37:11','2012-06-26 23:37:11',NULL),(252,'eq93juak71p10xcqaxb3199','cc:d7:ab:7e:10:c1-ce:a7:e4:e0:c6:ca-7b:48:03:9a:76:e6',240,NULL,NULL,4,NULL,NULL,NULL,NULL,NULL,NULL,NULL,0,0,0,0,1,0,NULL,NULL,NULL,NULL,NULL,'--- !ruby/hash:ActiveSupport::HashWithIndifferentAccess\nlicense_type: single_workplace\nactivation_type: serial_number\noperating_system:\n- windows\n- linux\ninstallation:\n- citrix\n- web\nreference: invoice\nmaintenance_contract: \'false\'\nmaintenance_currency: CHF\n','2012-06-26 23:37:11','2012-06-26 23:37:11',NULL),(253,'hi6id80s1ve6a8iki3k9200','97:ea:4b:09:69:34-9b:fa:b5:3f:b4:9b-42:cd:98:cd:a5:ab',241,NULL,238,1,NULL,NULL,'2010-10-23','2012-06-27',NULL,NULL,'1353.00',0,0,1,0,1,1,NULL,NULL,NULL,NULL,NULL,'--- !ruby/hash:ActiveSupport::HashWithIndifferentAccess\nanschaffungskategorie: AV-Technik\nreference: invoice\numzug: zgeln\nankunftszustand: intakt\n','2012-06-26 23:37:11','2012-06-26 23:37:11',NULL),(254,'4v667vi9homd2msomtp6201','d9:9e:45:88:f9:4e-3d:11:2d:ee:0f:47-1e:02:61:5a:19:98',242,146,239,1,NULL,NULL,'2010-11-10','2012-06-27',NULL,NULL,'266.00',0,0,1,0,1,1,NULL,NULL,NULL,NULL,NULL,'--- !ruby/hash:ActiveSupport::HashWithIndifferentAccess\nanschaffungskategorie: AV-Technik\nreference: invoice\numzug: zgeln\nankunftszustand: intakt\n','2012-06-26 23:37:11','2012-06-26 23:37:11',NULL),(255,'dfsefgo2u2whnfnnh00p202','cd:eb:39:fa:07:ac-fc:cc:89:33:5b:77-85:0e:83:60:39:96',243,147,240,10,NULL,NULL,'2010-03-10','2012-06-27',NULL,NULL,'588.00',0,0,1,0,2,1,NULL,NULL,NULL,NULL,NULL,'--- !ruby/hash:ActiveSupport::HashWithIndifferentAccess\nanschaffungskategorie: AV-Technik\nreference: invoice\numzug: zgeln\nankunftszustand: intakt\n','2012-06-26 23:37:11','2012-06-26 23:37:11',NULL),(256,'toh314debjh6lrlcvp6n203','1d:5a:18:42:5b:25-da:0c:7e:05:69:2d-6d:72:25:87:7f:57',244,148,241,12,NULL,NULL,'2011-03-28','2012-06-27',NULL,NULL,'448.00',0,0,1,0,2,1,NULL,NULL,NULL,NULL,NULL,'--- !ruby/hash:ActiveSupport::HashWithIndifferentAccess\nanschaffungskategorie: AV-Technik\nreference: invoice\numzug: zgeln\nankunftszustand: intakt\n','2012-06-26 23:37:11','2012-06-26 23:37:11',NULL),(257,'lcmd8q0zqhiml04pahpa204','1c:40:7d:e5:16:05-96:8a:1e:bb:a2:62-17:b1:20:7d:42:0a',245,149,242,2,NULL,NULL,'2010-12-30','2012-06-27',NULL,NULL,'50.00',0,0,1,0,2,1,NULL,NULL,NULL,NULL,NULL,'--- !ruby/hash:ActiveSupport::HashWithIndifferentAccess\nanschaffungskategorie: AV-Technik\nreference: invoice\numzug: zgeln\nankunftszustand: intakt\n','2012-06-26 23:37:11','2012-06-26 23:37:11',NULL),(258,'igfb6a9d1ausrqzmodxi205','09:7e:c2:d9:70:93-2e:d8:65:7d:4e:db-2f:e2:d4:17:47:3d',246,150,243,7,NULL,NULL,'2011-10-30','2012-06-27',NULL,NULL,'1233.00',0,0,1,0,1,1,NULL,NULL,NULL,NULL,NULL,'--- !ruby/hash:ActiveSupport::HashWithIndifferentAccess\nanschaffungskategorie: AV-Technik\nreference: invoice\numzug: zgeln\nankunftszustand: intakt\n','2012-06-26 23:37:11','2012-06-26 23:37:11',NULL),(259,'jkt3cevfaxxjjy7t797e206','a4:34:11:73:21:43-4b:32:d8:7b:39:09-79:98:8d:b5:80:0e',247,151,244,2,NULL,NULL,'2010-02-12','2012-06-27',NULL,NULL,'182.00',0,0,1,0,1,1,NULL,NULL,NULL,NULL,NULL,'--- !ruby/hash:ActiveSupport::HashWithIndifferentAccess\nanschaffungskategorie: AV-Technik\nreference: invoice\numzug: zgeln\nankunftszustand: intakt\n','2012-06-26 23:37:11','2012-06-26 23:37:11',NULL),(260,'t0ij9wkdd1uj8pshj7ik207','76:b1:3e:62:4c:78-8e:69:7a:63:9c:74-fd:77:51:08:d6:e5',248,152,245,6,NULL,NULL,'2009-09-29','2012-06-27',NULL,NULL,'495.00',0,0,1,0,1,1,NULL,NULL,NULL,NULL,NULL,'--- !ruby/hash:ActiveSupport::HashWithIndifferentAccess\nanschaffungskategorie: AV-Technik\nreference: invoice\numzug: zgeln\nankunftszustand: intakt\n','2012-06-26 23:37:11','2012-06-26 23:37:11',NULL),(261,'oehzx5766vhgz4k6pds4208','8b:81:20:4d:09:3c-6b:19:74:e8:3f:17-60:bb:6f:f0:99:bc',249,153,246,1,NULL,NULL,'2011-05-28','2012-06-27',NULL,NULL,'233.00',0,0,1,0,1,1,NULL,NULL,NULL,NULL,NULL,'--- !ruby/hash:ActiveSupport::HashWithIndifferentAccess\nanschaffungskategorie: AV-Technik\nreference: invoice\numzug: zgeln\nankunftszustand: intakt\n','2012-06-26 23:37:11','2012-06-26 23:37:11',NULL),(262,'ltwp89d5zkm6udtvvcsn209','af:fc:99:9b:ab:87-cc:cf:8c:79:0b:2b-7e:70:9d:99:56:c7',250,154,247,7,NULL,NULL,'2011-12-17','2012-06-27',NULL,NULL,'813.00',0,0,1,0,1,1,NULL,NULL,NULL,NULL,NULL,'--- !ruby/hash:ActiveSupport::HashWithIndifferentAccess\nanschaffungskategorie: AV-Technik\nreference: invoice\numzug: zgeln\nankunftszustand: intakt\n','2012-06-26 23:37:11','2012-06-26 23:37:11',NULL),(263,'3bxi3xqjmmu3t76po3wn210','21:8e:c4:3a:88:e5-55:36:28:57:81:a4-e4:36:1f:9e:27:23',251,155,248,10,NULL,NULL,'2007-12-28','2012-06-27',NULL,NULL,'961.00',0,0,1,0,1,1,NULL,NULL,NULL,NULL,NULL,'--- !ruby/hash:ActiveSupport::HashWithIndifferentAccess\nanschaffungskategorie: AV-Technik\nreference: invoice\numzug: zgeln\nankunftszustand: intakt\n','2012-06-26 23:37:11','2012-06-26 23:37:11',NULL),(264,'s81pb9g1qxm12gcp92sf211','0a:19:4e:4a:25:a8-d3:d3:b7:72:a5:26-e2:a1:cc:73:d6:01',252,156,249,7,NULL,NULL,'2009-06-21','2012-06-27',NULL,NULL,'3.00',0,0,1,0,1,1,NULL,NULL,NULL,NULL,NULL,'--- !ruby/hash:ActiveSupport::HashWithIndifferentAccess\nanschaffungskategorie: AV-Technik\nreference: invoice\numzug: zgeln\nankunftszustand: intakt\n','2012-06-26 23:37:11','2012-06-26 23:37:11',NULL),(265,'pfadf4qdvdqn96rs0fdh212','08:1e:07:62:d7:c6-a3:8b:fd:ed:69:c0-da:61:8a:18:35:fe',253,157,250,4,NULL,NULL,'2009-04-29','2012-06-27',NULL,NULL,'162.00',0,0,1,0,1,1,NULL,NULL,NULL,NULL,NULL,'--- !ruby/hash:ActiveSupport::HashWithIndifferentAccess\nanschaffungskategorie: AV-Technik\nreference: invoice\numzug: zgeln\nankunftszustand: intakt\n','2012-06-26 23:37:11','2012-06-26 23:37:11',NULL),(266,'he379fimpif2z5zex9lx213','a2:92:b9:20:7c:a6-5d:97:22:db:52:0a-29:91:ef:ac:13:66',254,158,251,4,NULL,NULL,'2008-03-03','2012-06-27',NULL,NULL,'436.00',0,0,1,0,1,1,NULL,NULL,NULL,NULL,NULL,'--- !ruby/hash:ActiveSupport::HashWithIndifferentAccess\nanschaffungskategorie: AV-Technik\nreference: invoice\numzug: zgeln\nankunftszustand: intakt\n','2012-06-26 23:37:11','2012-06-26 23:37:11',NULL),(267,'vnbc22ubfzyd0aph3asl214','43:eb:95:e0:76:ff-2f:e6:6a:5f:6e:61-dd:31:b7:83:5b:cb',255,159,252,4,NULL,NULL,'2007-08-16','2012-06-27',NULL,NULL,'278.00',0,0,1,0,1,1,NULL,NULL,NULL,NULL,NULL,'--- !ruby/hash:ActiveSupport::HashWithIndifferentAccess\nanschaffungskategorie: AV-Technik\nreference: invoice\numzug: zgeln\nankunftszustand: intakt\n','2012-06-26 23:37:11','2012-06-26 23:37:11',NULL),(268,'dctrcx5e95kn49abttr6215','df:a7:2e:d4:3d:9d-ac:45:b4:98:02:ae-a8:dd:ac:90:6a:0f',256,160,253,10,NULL,NULL,'2008-01-24','2012-06-27',NULL,NULL,'383.00',0,0,1,0,1,1,NULL,NULL,NULL,NULL,NULL,'--- !ruby/hash:ActiveSupport::HashWithIndifferentAccess\nanschaffungskategorie: AV-Technik\nreference: invoice\numzug: zgeln\nankunftszustand: intakt\n','2012-06-26 23:37:11','2012-06-26 23:37:11',NULL),(269,'4iygwoam7x68lycwo9on216','ae:bf:fc:a0:b4:5f-4f:5c:ce:00:75:23-21:ac:01:73:eb:f9',257,161,254,5,NULL,NULL,'2011-12-15','2012-06-27',NULL,NULL,'383.00',0,0,1,0,1,1,NULL,NULL,NULL,NULL,NULL,'--- !ruby/hash:ActiveSupport::HashWithIndifferentAccess\nanschaffungskategorie: AV-Technik\nreference: invoice\numzug: zgeln\nankunftszustand: intakt\n','2012-06-26 23:37:11','2012-06-26 23:37:11',NULL),(270,'drt09jabvlgq1ql9o28a217','a5:f5:39:20:f7:d0-8f:b2:3c:db:04:0a-7c:15:c7:d5:b4:c4',258,162,255,5,NULL,NULL,'2007-09-10','2012-06-27',NULL,NULL,'177.00',0,0,1,0,1,1,NULL,NULL,NULL,NULL,NULL,'--- !ruby/hash:ActiveSupport::HashWithIndifferentAccess\nanschaffungskategorie: AV-Technik\nreference: invoice\numzug: zgeln\nankunftszustand: intakt\n','2012-06-26 23:37:11','2012-06-26 23:37:11',NULL),(271,'j9zhgly8rmm7a89alib5218','b1:da:2a:cd:b5:c6-d3:d3:b3:f7:24:17-ea:c4:3a:46:5e:5f',259,163,256,7,NULL,NULL,'2011-12-31','2012-06-27',NULL,NULL,'1073.00',0,0,1,0,1,1,NULL,NULL,NULL,NULL,NULL,'--- !ruby/hash:ActiveSupport::HashWithIndifferentAccess\nanschaffungskategorie: AV-Technik\nreference: invoice\numzug: zgeln\nankunftszustand: intakt\n','2012-06-26 23:37:11','2012-06-26 23:37:11',NULL),(272,'0aoti0p0a3ugfympfi5i219','1e:4f:13:7d:37:be-05:a0:f5:9d:91:c7-c5:5f:78:85:f5:87',260,164,257,7,NULL,NULL,'2010-09-23','2012-06-27',NULL,NULL,'1070.00',0,0,1,0,1,1,NULL,NULL,NULL,NULL,NULL,'--- !ruby/hash:ActiveSupport::HashWithIndifferentAccess\nanschaffungskategorie: AV-Technik\nreference: invoice\numzug: zgeln\nankunftszustand: intakt\n','2012-06-26 23:37:11','2012-06-26 23:37:11',NULL),(273,'6u1l2dxplk4nzru48x1a220','3f:2c:60:c6:31:b7-56:c5:3f:ac:33:d0-ca:6e:75:0f:58:b4',261,165,258,5,NULL,NULL,'2008-09-15','2012-06-27',NULL,NULL,'1216.00',0,0,1,0,1,1,NULL,NULL,NULL,NULL,NULL,'--- !ruby/hash:ActiveSupport::HashWithIndifferentAccess\nanschaffungskategorie: AV-Technik\nreference: invoice\numzug: zgeln\nankunftszustand: intakt\n','2012-06-26 23:37:11','2012-06-26 23:37:11',NULL),(274,'8qg9yk19n6dbgxuoozoj221','6f:a4:1c:b6:e0:c0-34:cb:5d:53:19:09-49:30:fe:df:00:22',262,166,259,3,NULL,NULL,'2008-12-09','2012-06-27',NULL,NULL,'1447.00',0,0,1,0,1,1,NULL,NULL,NULL,NULL,NULL,'--- !ruby/hash:ActiveSupport::HashWithIndifferentAccess\nanschaffungskategorie: AV-Technik\nreference: invoice\numzug: zgeln\nankunftszustand: intakt\n','2012-06-26 23:37:11','2012-06-26 23:37:11',NULL),(275,'tf7d0xmw7g06eqkzzvqi222','19:4e:4e:af:6b:b4-a2:ec:c0:72:7d:11-28:a3:2b:ac:69:ba',263,167,260,9,NULL,NULL,'2008-11-09','2012-06-22',NULL,NULL,'1041.00',0,0,1,0,1,1,NULL,NULL,NULL,NULL,NULL,'--- !ruby/hash:ActiveSupport::HashWithIndifferentAccess\nanschaffungskategorie: AV-Technik\nreference: invoice\numzug: zgeln\nankunftszustand: intakt\n','2012-06-21 23:37:11','2012-06-21 23:37:11',NULL),(276,'qmotiuegfpfy36mxzqcq223','13:d7:10:2b:05:e1-d4:25:b1:78:e1:eb-e0:ce:8c:b4:c6:4c',264,168,261,5,NULL,NULL,'2008-05-29','2012-06-22',NULL,NULL,'218.00',0,0,1,0,1,1,NULL,NULL,NULL,NULL,NULL,'--- !ruby/hash:ActiveSupport::HashWithIndifferentAccess\nanschaffungskategorie: AV-Technik\nreference: invoice\numzug: zgeln\nankunftszustand: intakt\n','2012-06-21 23:37:11','2012-06-21 23:37:11',NULL),(277,'0g2dwvjhdi4qwhiw4rau224','a7:c8:45:57:20:5f-c7:35:8a:7a:12:5f-22:9d:3d:97:75:f6',265,169,262,4,NULL,NULL,'2007-07-31','2012-06-22',NULL,NULL,'1088.00',0,0,1,0,1,1,NULL,NULL,NULL,NULL,NULL,'--- !ruby/hash:ActiveSupport::HashWithIndifferentAccess\nanschaffungskategorie: AV-Technik\nreference: invoice\numzug: zgeln\nankunftszustand: intakt\n','2012-06-21 23:37:11','2012-06-21 23:37:11',NULL),(278,'noz3ndz4ddlg23h4smkt225','1e:d7:78:b2:8e:51-e2:71:9a:7b:56:9a-62:b7:03:d8:f4:9f',266,170,263,7,NULL,NULL,'2010-02-07','2012-06-22',NULL,NULL,'656.00',0,0,1,0,1,1,NULL,NULL,NULL,NULL,NULL,'--- !ruby/hash:ActiveSupport::HashWithIndifferentAccess\nanschaffungskategorie: AV-Technik\nreference: invoice\numzug: zgeln\nankunftszustand: intakt\n','2012-06-21 23:37:11','2012-06-21 23:37:11',NULL),(279,'n4psjgl4gw0xluim7m56226','3f:f3:e1:6c:cd:86-df:c5:c8:49:8c:1c-9c:d8:c9:fe:46:ff',267,171,264,7,NULL,NULL,'2008-06-08','2012-06-22',NULL,NULL,'1332.00',0,0,1,0,1,1,NULL,NULL,NULL,NULL,NULL,'--- !ruby/hash:ActiveSupport::HashWithIndifferentAccess\nanschaffungskategorie: AV-Technik\nreference: invoice\numzug: zgeln\nankunftszustand: intakt\n','2012-06-21 23:37:11','2012-06-21 23:37:11',NULL),(280,'c9tvrtb5rakq5vu1dmpo227','46:00:e9:60:47:c4-24:1e:24:d5:b6:9c-51:01:6b:44:be:d3',268,172,265,4,NULL,NULL,'2010-05-31','2012-06-21',NULL,NULL,'490.00',0,0,1,0,1,1,NULL,NULL,NULL,NULL,NULL,'--- !ruby/hash:ActiveSupport::HashWithIndifferentAccess\nanschaffungskategorie: AV-Technik\nreference: invoice\numzug: zgeln\nankunftszustand: intakt\n','2012-06-20 23:37:11','2012-06-20 23:37:11',NULL),(281,'gi400wyxtz8kkjw22kpy228','95:8c:19:42:40:b2-64:ec:33:01:04:7f-61:60:a0:1a:44:55',269,173,266,3,NULL,NULL,'2011-03-13','2012-06-21',NULL,NULL,'586.00',0,0,1,0,1,1,NULL,NULL,NULL,NULL,NULL,'--- !ruby/hash:ActiveSupport::HashWithIndifferentAccess\nanschaffungskategorie: AV-Technik\nreference: invoice\numzug: zgeln\nankunftszustand: intakt\n','2012-06-20 23:37:11','2012-06-20 23:37:11',NULL),(282,'cmg1ovjzl9lyyaj9vf83229','b6:5e:58:5e:10:e4-a6:e5:7d:f0:be:39-51:ec:a7:75:f8:de',270,174,267,7,NULL,NULL,'2007-05-01','2012-06-21',NULL,NULL,'1402.00',0,0,1,0,1,1,NULL,NULL,NULL,NULL,NULL,'--- !ruby/hash:ActiveSupport::HashWithIndifferentAccess\nanschaffungskategorie: AV-Technik\nreference: invoice\numzug: zgeln\nankunftszustand: intakt\n','2012-06-20 23:37:11','2012-06-20 23:37:11',NULL);
/*!40000 ALTER TABLE `items` ENABLE KEYS */;
UNLOCK TABLES;

--
-- Table structure for table `languages`
--

DROP TABLE IF EXISTS `languages`;
/*!40101 SET @saved_cs_client     = @@character_set_client */;
/*!40101 SET character_set_client = utf8 */;
CREATE TABLE `languages` (
  `id` int(11) NOT NULL AUTO_INCREMENT,
  `name` varchar(255) COLLATE utf8_unicode_ci DEFAULT NULL,
  `locale_name` varchar(255) COLLATE utf8_unicode_ci DEFAULT NULL,
  `default` tinyint(1) DEFAULT NULL,
  `active` tinyint(1) DEFAULT NULL,
  PRIMARY KEY (`id`),
  UNIQUE KEY `index_languages_on_name` (`name`),
  KEY `index_languages_on_active_and_default` (`active`,`default`)
) ENGINE=InnoDB AUTO_INCREMENT=5 DEFAULT CHARSET=utf8 COLLATE=utf8_unicode_ci;
/*!40101 SET character_set_client = @saved_cs_client */;

--
-- Dumping data for table `languages`
--

LOCK TABLES `languages` WRITE;
/*!40000 ALTER TABLE `languages` DISABLE KEYS */;
INSERT INTO `languages` VALUES (1,'English (UK)','en-GB',1,1),(2,'English (US)','en-US',0,1),(3,'Deutsch','de-CH',0,1),(4,'Zrittsch','gsw-CH',0,1);
/*!40000 ALTER TABLE `languages` ENABLE KEYS */;
UNLOCK TABLES;

--
-- Table structure for table `locations`
--

DROP TABLE IF EXISTS `locations`;
/*!40101 SET @saved_cs_client     = @@character_set_client */;
/*!40101 SET character_set_client = utf8 */;
CREATE TABLE `locations` (
  `id` int(11) NOT NULL AUTO_INCREMENT,
  `room` varchar(255) COLLATE utf8_unicode_ci DEFAULT NULL,
  `shelf` varchar(255) COLLATE utf8_unicode_ci DEFAULT NULL,
  `building_id` int(11) DEFAULT NULL,
  PRIMARY KEY (`id`),
  KEY `index_locations_on_building_id` (`building_id`),
  CONSTRAINT `locations_building_id_fk` FOREIGN KEY (`building_id`) REFERENCES `buildings` (`id`)
) ENGINE=InnoDB AUTO_INCREMENT=175 DEFAULT CHARSET=utf8 COLLATE=utf8_unicode_ci;
/*!40101 SET character_set_client = @saved_cs_client */;

--
-- Dumping data for table `locations`
--

LOCK TABLES `locations` WRITE;
/*!40000 ALTER TABLE `locations` DISABLE KEYS */;
INSERT INTO `locations` VALUES (1,'SQ2','Desk',1),(2,'UG 13','Ausgabe',1),(3,'Doloremqueperferendis','estvoluptas',2),(4,'Nobisinventore','necessitatibusenim',3),(5,'Cumquemollitia','sintexplicabo',4),(6,'Eavoluptatum','siteius',5),(7,'Estquam','nobisodio',6),(8,'Saepeest','ullamut',7),(9,'Fugitvelit','quisdolore',8),(10,'Doloresquia','etsimilique',9),(11,'Etneque','quibusdamdignissimos',10),(12,'Sitdoloremque','abexpedita',11),(13,'Voluptatesfacilis','autnecessitatibus',12),(14,'Estnihil','autemdolor',13),(15,'Autdolores','delenitinisi',14),(16,'Quaeminus','asimilique',15),(17,'Consequaturmodi','estsed',16),(18,'Erroret','delectusdebitis',17),(19,'Consequunturet','laborumatque',18),(20,'Doloremquidem','consequunturiusto',19),(21,'Rationesit','voluptasodio',20),(22,'Etut','temporedoloribus',21),(23,'Quiset','alaborum',22),(24,'Enimsint','sitrerum',23),(25,'Laudantiumin','eumtemporibus',24),(26,'Etquo','temporaqui',25),(27,'Estat','temporererum',26),(28,'Fugaautem','doloremmolestias',27),(29,'Voluptatummodi','etdolor',28),(30,'Praesentiumillum','voluptasaut',29),(31,'Repudiandaeut','officiavitae',30),(32,'Quiqui','istevoluptate',31),(33,'Harumeveniet','laboriosamquae',32),(34,'Delenitiautem','quodquaerat',33),(35,'Voluptatesrepellat','deseruntdolores',34),(36,'Molestiaenesciunt','voluptatemqui',35),(37,'Quibusdamsed','involuptatibus',36),(38,'Etlaboriosam','etvoluptatem',37),(39,'Consecteturdolorum','aliquamlabore',38),(40,'Incidunteum','adipisciaut',39),(41,'Ipsamut','velitut',40),(42,'Utnihil','sapientequi',41),(43,'Undebeatae','adoptio',42),(44,'Autemquibusdam','eaquesint',43),(45,'Corruptiipsam','sapienteet',44),(46,'Molestiaequas','magniet',45),(47,'Esttempora','omnisofficia',46),(48,'Autasperiores','autemest',47),(49,'Solutavoluptas','minusaccusantium',48),(50,'Magnamsunt','temporasoluta',49),(51,'Perferendisdolor','recusandaetemporibus',50),(52,'Exercitationemmodi','verodoloribus',51),(53,'Quaesuscipit','estdeleniti',52),(54,'Cupiditatequibusdam','quasirepellat',53),(55,'Ametminima','omnisillo',54),(56,'Doloresmolestiae','quiseveniet',55),(57,'Delenitimolestiae','sitlaudantium',56),(58,'Velitest','possimusrerum',57),(59,'Exercitationemid','fugitut',58),(60,'Praesentiumblanditiis','distinctioeum',59),(61,'Consequaturiure','idiste',60),(62,'Quiadolorem','quiid',61),(63,'Etquasi','nobisest',62),(64,'Eumid','etexpedita',63),(65,'Explicaboid','estlaborum',64),(66,'Consequunturducimus','consequaturut',65),(67,'Quicupiditate','voluptatemin',66),(68,'Atqueet','aliquameligendi',67),(69,'Molestiasmollitia','sitsoluta',68),(70,'Sedeaque','repellendusexcepturi',69),(71,'Adipisciaut','reiciendisut',70),(72,'Laborumquidem','autemest',71),(73,'Utrem','veniamqui',72),(74,'Estquia','veroeos',73),(75,'Distinctiorerum','autut',74),(76,'Dolorequisquam','natusvoluptatem',75),(77,'Adest','doloressit',76),(78,'Quominima','quireprehenderit',77),(79,'Dolorumperferendis','eumsed',78),(80,'Facereab','ducimusat',79),(81,'Suntvelit','quidemblanditiis',80),(82,'Ipsummaxime','pariatursed',81),(83,'Utlibero','aliquamqui',82),(84,'Sintvoluptas','nobislaudantium',83),(85,'Eosoptio','enimrepellendus',84),(86,'Recusandaenon','quinon',85),(87,'Corruptitotam','nostrumquia',86),(88,'Itaqueratione','etmolestiae',87),(89,'Saepenulla','minusqui',88),(90,'Rationeeos','ametexcepturi',89),(91,'Officiavoluptas','omnislaborum',90),(92,'Quasratione','autiusto',91),(93,'Undeesse','asperioresex',92),(94,'Temporesimilique','officiisautem',93),(95,'Voluptatemdolor','dolordistinctio',94),(96,'Maximedoloribus','utaperiam',95),(97,'Quaenon','asperioresquis',96),(98,'Autaspernatur','excepturiquidem',97),(99,'Esseperspiciatis','utipsum',98),(100,'Inrepellendus','ipsalaboriosam',99),(101,'Fugiatex','voluptatibussit',100),(102,'Ducimusvitae','autemvoluptate',101),(103,'Mollitiacumque','magnamvoluptatibus',102),(104,'Architectovel','utillo',103),(105,'Voluptatemtotam','molestiaeet',104),(106,'Cupiditateconsequuntur','porroautem',105),(107,'Cumsunt','doloreratione',106),(108,'Natusaut','deseruntquaerat',107),(109,'Etneque','perspiciatisdolorem',108),(110,'Aliasmolestiae','seddolorem',109),(111,'Adipiscirerum','facerevoluptas',110),(112,'Namut','voluptatemaliquid',111),(113,'Utofficiis','etnatus',112),(114,'Ipsumdelectus','reprehenderitcorrupti',113),(115,'Utnostrum','quaeratsuscipit',114),(116,'Magnamut','cumlibero',115),(117,'Atquedolorum','voluptatemminima',116),(118,'Suscipittotam','autemrerum',117),(119,'Iurenam','quiaearum',118),(120,'Nemoreiciendis','quaeratut',119),(121,'Occaecatidolor','voluptatemprovident',120),(122,'Quamquo','etrerum',121),(123,'Nonaut','temporenesciunt',122),(124,'Estaut','istefugiat',123),(125,'Inventoreet','autipsam',124),(126,'Etautem','reprehenderitneque',125),(127,'Illumfuga','quosaut',126),(128,'Consecteturtempore','quidemdoloribus',127),(129,'Veritatisimpedit','numquamquae',128),(130,'Facererepellendus','repudiandaeet',129),(131,'Explicabout','liberosit',130),(132,'Voluptatumearum','adipiscinulla',131),(133,'Omnisducimus','rerumest',132),(134,'Ipsamvoluptatem','iustoodio',133),(135,'Quosrerum','quiset',134),(136,'Fugaexpedita','itaqueut',135),(137,'Autmodi','fugiatipsam',136),(138,'Quialibero','eumsed',137),(139,'Molestiaeofficiis','suscipitnon',138),(140,'Debitisquaerat','seddolorem',139),(141,'Sapientecum','officiisut',140),(142,'Evenietearum','minimaaspernatur',141),(143,'Omnisadipisci','etest',142),(144,'Ametsint','repellatperspiciatis',143),(145,'Doloresomnis','voluptatemexplicabo',144),(146,'Doloreslaborum','doloremfugiat',145),(147,'Asperioresnam','quimagnam',146),(148,'Etvoluptatibus','magniet',147),(149,'Itaqueveritatis','voluptatemfuga',148),(150,'Inreiciendis','minuslaudantium',149),(151,'Doloresquia','consequaturquis',150),(152,'Voluptatemtenetur','debitisratione',151),(153,'Omnismolestiae','quisquamplaceat',152),(154,'Quaeconsequatur','nobisvoluptatem',153),(155,'Omnismolestiae','quieaque',154),(156,'Inciduntporro','autbeatae',155),(157,'Consecteturet','porroitaque',156),(158,'Perspiciatiseius','utquis',157),(159,'Dictamaxime','doloremnesciunt',158),(160,'Autest','nihilaut',159),(161,'Quodut','maximeprovident',160),(162,'Quoconsequuntur','vitaecupiditate',161),(163,'Sitaccusantium','etquia',162),(164,'Providenterror','autvoluptatem',163),(165,'Quiomnis','consequaturrem',164),(166,'Occaecatiillum','temporaqui',165),(167,'Quiaut','voluptatemiure',166),(168,'Quisquamtenetur','natusblanditiis',167),(169,'Rationevoluptatem','velqui',168),(170,'Quodsunt','esseut',169),(171,'Harumomnis','iustosequi',170),(172,'Doloribusiusto','blanditiispossimus',171),(173,'Cumqueaperiam','ipsumrerum',172),(174,'Earumet','velest',173);
/*!40000 ALTER TABLE `locations` ENABLE KEYS */;
UNLOCK TABLES;

--
-- Table structure for table `mail_templates`
--

DROP TABLE IF EXISTS `mail_templates`;
/*!40101 SET @saved_cs_client     = @@character_set_client */;
/*!40101 SET character_set_client = utf8 */;
CREATE TABLE `mail_templates` (
  `id` int(11) NOT NULL AUTO_INCREMENT,
  `inventory_pool_id` int(11) DEFAULT NULL,
  `language_id` int(11) DEFAULT NULL,
  `name` varchar(255) COLLATE utf8_unicode_ci DEFAULT NULL,
  `format` varchar(255) COLLATE utf8_unicode_ci DEFAULT NULL,
  `body` text COLLATE utf8_unicode_ci,
  PRIMARY KEY (`id`)
) ENGINE=InnoDB DEFAULT CHARSET=utf8 COLLATE=utf8_unicode_ci;
/*!40101 SET character_set_client = @saved_cs_client */;

--
-- Dumping data for table `mail_templates`
--

LOCK TABLES `mail_templates` WRITE;
/*!40000 ALTER TABLE `mail_templates` DISABLE KEYS */;
/*!40000 ALTER TABLE `mail_templates` ENABLE KEYS */;
UNLOCK TABLES;

--
-- Table structure for table `model_group_links`
--

DROP TABLE IF EXISTS `model_group_links`;
/*!40101 SET @saved_cs_client     = @@character_set_client */;
/*!40101 SET character_set_client = utf8 */;
CREATE TABLE `model_group_links` (
  `id` int(11) NOT NULL AUTO_INCREMENT,
  `ancestor_id` int(11) DEFAULT NULL,
  `descendant_id` int(11) DEFAULT NULL,
  `direct` tinyint(1) DEFAULT NULL,
  `count` int(11) DEFAULT NULL,
  `label` varchar(255) COLLATE utf8_unicode_ci DEFAULT NULL,
  PRIMARY KEY (`id`),
  KEY `index_model_group_links_on_ancestor_id` (`ancestor_id`),
  KEY `index_model_group_links_on_direct` (`direct`),
  KEY `index_on_descendant_id_and_ancestor_id_and_direct` (`descendant_id`,`ancestor_id`,`direct`),
  CONSTRAINT `model_group_links_descendant_id_fk` FOREIGN KEY (`descendant_id`) REFERENCES `model_groups` (`id`) ON DELETE CASCADE,
  CONSTRAINT `model_group_links_ancestor_id_fk` FOREIGN KEY (`ancestor_id`) REFERENCES `model_groups` (`id`) ON DELETE CASCADE
) ENGINE=InnoDB AUTO_INCREMENT=9 DEFAULT CHARSET=utf8 COLLATE=utf8_unicode_ci;
/*!40101 SET character_set_client = @saved_cs_client */;

--
-- Dumping data for table `model_group_links`
--

LOCK TABLES `model_group_links` WRITE;
/*!40000 ALTER TABLE `model_group_links` DISABLE KEYS */;
INSERT INTO `model_group_links` VALUES (1,2,8,1,1,NULL),(2,5,9,1,1,NULL),(3,1,9,1,1,NULL),(4,2,10,1,1,NULL),(5,5,10,1,1,NULL),(6,1,11,0,1,NULL),(7,5,11,0,1,NULL),(8,9,11,1,1,NULL);
/*!40000 ALTER TABLE `model_group_links` ENABLE KEYS */;
UNLOCK TABLES;

--
-- Table structure for table `model_groups`
--

DROP TABLE IF EXISTS `model_groups`;
/*!40101 SET @saved_cs_client     = @@character_set_client */;
/*!40101 SET character_set_client = utf8 */;
CREATE TABLE `model_groups` (
  `id` int(11) NOT NULL AUTO_INCREMENT,
  `type` varchar(255) COLLATE utf8_unicode_ci DEFAULT NULL,
  `name` varchar(255) COLLATE utf8_unicode_ci DEFAULT NULL,
  `created_at` datetime DEFAULT NULL,
  `updated_at` datetime DEFAULT NULL,
  PRIMARY KEY (`id`),
  KEY `index_model_groups_on_type` (`type`)
) ENGINE=InnoDB AUTO_INCREMENT=15 DEFAULT CHARSET=utf8 COLLATE=utf8_unicode_ci;
/*!40101 SET character_set_client = @saved_cs_client */;

--
-- Dumping data for table `model_groups`
--

LOCK TABLES `model_groups` WRITE;
/*!40000 ALTER TABLE `model_groups` DISABLE KEYS */;
INSERT INTO `model_groups` VALUES (1,'Category','Beamer','2012-06-26 23:37:11','2012-06-26 23:37:11'),(2,'Category','Kameras','2012-06-26 23:37:11','2012-06-26 23:37:11'),(3,'Category','Stative','2012-06-26 23:37:11','2012-06-26 23:37:11'),(4,'Category','Hifi-Anlagen','2012-06-26 23:37:11','2012-06-26 23:37:11'),(5,'Category','Notebooks','2012-06-26 23:37:11','2012-06-26 23:37:11'),(6,'Category','RC Helikopter','2012-06-26 23:37:11','2012-06-26 23:37:11'),(7,'Category','Computer','2012-06-26 23:37:11','2012-06-26 23:37:11'),(8,'Category','Kurzdistanz','2012-06-26 23:37:11','2012-06-26 23:37:11'),(9,'Category','Portabel','2012-06-26 23:37:11','2012-06-26 23:37:11'),(10,'Category','Standard','2012-06-26 23:37:11','2012-06-26 23:37:11'),(11,'Category','Micro','2012-06-26 23:37:11','2012-06-26 23:37:11'),(12,'Template','Kamera & Stativ','2012-06-26 23:37:11','2012-06-26 23:37:11'),(13,'Template','Beamer & Hifi','2012-06-26 23:37:11','2012-06-26 23:37:11'),(14,'Template','Unaccomplishable template','2012-06-26 23:37:11','2012-06-26 23:37:11');
/*!40000 ALTER TABLE `model_groups` ENABLE KEYS */;
UNLOCK TABLES;

--
-- Table structure for table `model_links`
--

DROP TABLE IF EXISTS `model_links`;
/*!40101 SET @saved_cs_client     = @@character_set_client */;
/*!40101 SET character_set_client = utf8 */;
CREATE TABLE `model_links` (
  `id` int(11) NOT NULL AUTO_INCREMENT,
  `model_group_id` int(11) DEFAULT NULL,
  `model_id` int(11) DEFAULT NULL,
  `quantity` int(11) DEFAULT '1',
  PRIMARY KEY (`id`),
  KEY `index_model_links_on_model_id_and_model_group_id` (`model_id`,`model_group_id`),
  KEY `index_model_links_on_model_group_id_and_model_id` (`model_group_id`,`model_id`),
  CONSTRAINT `model_links_model_id_fk` FOREIGN KEY (`model_id`) REFERENCES `models` (`id`) ON DELETE CASCADE,
  CONSTRAINT `model_links_model_group_id_fk` FOREIGN KEY (`model_group_id`) REFERENCES `model_groups` (`id`) ON DELETE CASCADE
) ENGINE=InnoDB AUTO_INCREMENT=74 DEFAULT CHARSET=utf8 COLLATE=utf8_unicode_ci;
/*!40101 SET character_set_client = @saved_cs_client */;

--
-- Dumping data for table `model_links`
--

LOCK TABLES `model_links` WRITE;
/*!40000 ALTER TABLE `model_links` DISABLE KEYS */;
INSERT INTO `model_links` VALUES (1,1,24,1),(2,1,25,1),(3,1,26,1),(4,1,27,1),(5,1,28,1),(6,1,29,1),(7,1,30,1),(8,1,31,1),(9,1,32,1),(10,1,33,1),(11,1,34,1),(12,1,35,1),(13,1,36,1),(14,1,37,1),(15,1,38,1),(16,1,39,1),(17,1,40,1),(18,1,41,1),(19,1,42,1),(20,1,43,1),(21,2,44,1),(22,2,45,1),(23,2,46,1),(24,2,47,1),(25,2,48,1),(26,2,49,1),(27,2,50,1),(28,2,51,1),(29,2,52,1),(30,2,53,1),(31,2,54,1),(32,2,55,1),(33,2,56,1),(34,2,57,1),(35,2,58,1),(36,2,59,1),(37,2,60,1),(38,2,61,1),(39,2,62,1),(40,2,63,1),(41,2,64,1),(42,2,65,1),(43,2,66,1),(44,2,67,1),(45,2,68,1),(46,2,69,1),(47,2,70,1),(48,2,71,1),(49,2,72,1),(50,2,73,1),(51,5,1,1),(52,1,2,1),(53,9,2,1),(54,1,3,1),(55,1,4,1),(56,1,6,1),(57,9,6,1),(58,11,7,1),(59,2,8,1),(60,3,9,1),(61,4,10,1),(62,2,13,1),(63,5,14,1),(64,6,15,1),(65,6,16,1),(66,6,17,1),(67,7,18,1),(68,12,8,1),(69,12,9,1),(70,13,2,1),(71,13,10,1),(72,14,8,1),(73,14,9,1);
/*!40000 ALTER TABLE `model_links` ENABLE KEYS */;
UNLOCK TABLES;

--
-- Table structure for table `models`
--

DROP TABLE IF EXISTS `models`;
/*!40101 SET @saved_cs_client     = @@character_set_client */;
/*!40101 SET character_set_client = utf8 */;
CREATE TABLE `models` (
  `id` int(11) NOT NULL AUTO_INCREMENT,
  `type` varchar(255) COLLATE utf8_unicode_ci NOT NULL DEFAULT 'Model',
  `manufacturer` varchar(255) COLLATE utf8_unicode_ci DEFAULT NULL,
  `product` varchar(255) COLLATE utf8_unicode_ci NOT NULL,
  `version` varchar(255) COLLATE utf8_unicode_ci DEFAULT NULL,
  `description` text COLLATE utf8_unicode_ci,
  `internal_description` text COLLATE utf8_unicode_ci,
  `info_url` varchar(255) COLLATE utf8_unicode_ci DEFAULT NULL,
  `rental_price` decimal(8,2) DEFAULT NULL,
  `maintenance_period` int(11) DEFAULT '0',
  `is_package` tinyint(1) DEFAULT '0',
  `technical_detail` text COLLATE utf8_unicode_ci,
  `hand_over_note` text COLLATE utf8_unicode_ci,
  `created_at` datetime DEFAULT NULL,
  `updated_at` datetime DEFAULT NULL,
  PRIMARY KEY (`id`),
  KEY `index_models_on_is_package` (`is_package`),
  KEY `index_models_on_type` (`type`)
) ENGINE=InnoDB AUTO_INCREMENT=271 DEFAULT CHARSET=utf8 COLLATE=utf8_unicode_ci;
/*!40101 SET character_set_client = @saved_cs_client */;

--
-- Dumping data for table `models`
--

LOCK TABLES `models` WRITE;
/*!40000 ALTER TABLE `models` DISABLE KEYS */;
INSERT INTO `models` VALUES (1,'Model','Apple','MacBookPro',NULL,'Laptop fr Studis und Angestellte.','Est vero id qui enim.',NULL,NULL,0,0,'Minima velit quo ut quo voluptates quidem fugiat deserunt.','Mit Verpackung aushndigen.','2012-06-26 23:37:11','2012-06-26 23:37:11'),(2,'Model','Sharp','Sharp Beamer','123','Beamer, geeignet fr alle Verwendungszwecke.','Eos laborum rerum error optio et qui.',NULL,NULL,0,0,'Voluptatibus nesciunt voluptate ducimus.','Beamer braucht ein VGA Kabel!','2012-06-26 23:37:11','2012-06-26 23:37:11'),(3,'Model','Sharp','Sharp Beamer 2D',NULL,'Beamer, geeignet fr alle Verwendungszwecke.','A nihil qui laboriosam.',NULL,NULL,0,0,'Velit ullam et corporis neque enim.','Vitae beatae dolores quia facilis eligendi molestias repellat ut.','2012-06-26 23:37:11','2012-06-26 23:37:11'),(4,'Model','Panasonic','Mini Beamer',NULL,'Beamer, geeignet fr alle Verwendungszwecke.','Veniam similique repellat sit quis totam.',NULL,NULL,0,0,'Autem illo praesentium omnis voluptatem soluta eius officia sit.','Facilis officia suscipit excepturi autem ex voluptatem vel.','2012-06-26 23:37:11','2012-06-26 23:37:11'),(5,'Model','Panasonic','Sharp Beamer','456','Beamer, geeignet fr alle Verwendungszwecke.','Adipisci officiis eius rerum doloremque non asperiores tempore quisquam.',NULL,NULL,0,0,'Ad possimus distinctio ab et quia facilis facere.','Beamer braucht ein VGA Kabel!','2012-06-26 23:37:11','2012-06-26 23:37:11'),(6,'Model','Sony','Ultra Compact Beamer',NULL,'Besonders kleiner Beamer.','Qui facilis quod debitis commodi.',NULL,NULL,0,0,'Autem et doloremque qui facilis unde fugit.','Beamer braucht ein VGA Kabel!','2012-06-26 23:37:11','2012-06-26 23:37:11'),(7,'Model','Micro','Micro Beamer',NULL,'Besonders mikro kleiner Beamer.','Illum sunt consectetur ut ut sint.',NULL,NULL,0,0,'Illum ut quia et ab voluptate itaque reiciendis officia.','Beamer braucht ein VGA Kabel!','2012-06-26 23:37:11','2012-06-26 23:37:11'),(8,'Model','Nikon','Kamera Nikon','X12','Super Kamera.','Aut est dolores hic laborum aut voluptatum quis.',NULL,NULL,0,0,'Rerum natus nisi voluptates ut dolorem animi nobis rerum.','Kamera braucht Akkus!','2012-06-26 23:37:11','2012-06-26 23:37:11'),(9,'Model','Feli','Kamera Stativ','123','Stabiles Kamera Stativ','Dolor quis aliquam et aut laudantium.',NULL,NULL,0,0,'Hic accusamus consectetur consequatur et et.','Stativ muss mit Stativtasche ausgehndigt werden.','2012-06-26 23:37:11','2012-06-26 23:37:11'),(10,'Model','Sony','Hifi Standard',NULL,'Et ad nemo quas.','Rem accusantium totam et aperiam et quia atque sit.',NULL,NULL,0,0,'Aperiam et officia ut sit.','Harum est omnis commodi reprehenderit aut.','2012-06-26 23:37:11','2012-06-26 23:37:11'),(11,'Model','Bose','Bose AE2W',NULL,'Repudiandae magni ab. Eum tempore et et beatae. Soluta corrupti saepe. Sint magni aut nostrum placeat.','Et veritatis saepe nulla architecto ea dolores culpa consequatur.',NULL,NULL,0,0,'Ut dolorem sed eveniet nihil.','Natus molestias aliquam dolore expedita possimus velit laboriosam distinctio.','2012-06-26 23:37:11','2012-06-26 23:37:11'),(12,'Model','Bose','Bose XG4',NULL,'Ducimus similique repudiandae. Molestias expedita voluptatem autem optio tempora. Corporis harum commodi aliquid ut ad veritatis. Recusandae fugit sint ad.','Et porro voluptatem quo laboriosam qui cumque.',NULL,NULL,3,0,'Minima iure laborum eos rerum ut.','Iste modi eum nihil consequatur nisi aspernatur vero.','2012-06-26 23:37:11','2012-06-26 23:37:11'),(13,'Model','Canon','Kamera Canon D5',NULL,'Ganz teure Kamera','Rerum dolorem consequatur optio in quis officia quo.',NULL,NULL,0,0,'Quae quis dolor est nulla et autem.','Kamera braucht Akkus!','2012-06-26 23:37:11','2012-06-26 23:37:11'),(14,'Model','Microsoft','Windows Laptop',NULL,'Ein Laptop der Marke Microsoft','Omnis occaecati veniam modi neque est nobis.',NULL,NULL,0,0,'Aut vero culpa accusantium.','Laptop mit Tasche ausgeben','2012-06-26 23:37:11','2012-06-26 23:37:11'),(15,'Model','Walkera','Walkera v120','1G','3D Helikopter','Architecto facere distinctio nemo tempore provident itaque.',NULL,NULL,0,0,'Sed esse tempore et quod eum et unde quia.','Omnis magnam voluptatem nam consequatur cumque a provident qui.','2012-06-26 23:37:11','2012-06-26 23:37:11'),(16,'Model','Walkera','Walkera v120','2G','3D Helikopter','Doloremque exercitationem aut voluptates.',NULL,NULL,0,0,'Enim similique quasi velit occaecati laboriosam id.','Placeat ducimus voluptas et unde.','2012-06-26 23:37:11','2012-06-26 23:37:11'),(17,'Model','Walkera','Walkera v120','3G','3D Helikopter','Deserunt qui quo recusandae quisquam vel dicta.',NULL,NULL,0,0,'Consectetur deserunt reprehenderit accusantium qui libero rerum labore.','Ipsam repellat consequatur nihil est rerum eum dolores quod.','2012-06-26 23:37:11','2012-06-26 23:37:11'),(18,'Model','Apple','iMac',NULL,'Apples alter iMac','Velit quis ut harum at placeat explicabo sit similique.',NULL,NULL,0,0,'Sapiente ut non enim quas fugit est fuga.','Mollitia et nisi pariatur est corrupti.','2012-06-26 23:37:11','2012-06-26 23:37:11'),(19,'Model','Apple','MacBook Air',NULL,'Quidem quis doloribus minus.','Voluptatem at quasi assumenda ipsam distinctio tempore omnis.',NULL,NULL,0,0,'Laboriosam et ipsum dolores.','Hic iusto temporibus eum voluptatibus voluptatem aut molestiae.','2012-06-26 23:37:11','2012-06-26 23:37:11'),(20,'Model','Lenovo','Thinkpad','X230','Illum esse cum cumque quas.','Minus molestiae ipsam dolorem modi at illo aut soluta.',NULL,NULL,0,0,'Doloremque pariatur voluptas corrupti unde sed repellendus.','Ut quas pariatur quam quia dolorem facere.','2012-06-26 23:37:11','2012-06-26 23:37:11'),(21,'Model','Lenovo','Thinkpad','X301','Voluptates consequuntur deserunt sapiente repellat reprehenderit.','Tempore rerum pariatur sunt tenetur nihil non voluptatum accusamus.',NULL,NULL,0,0,'Vitae harum quam veritatis quisquam laborum suscipit.','A recusandae ea blanditiis nisi et facilis.','2012-06-26 23:37:11','2012-06-26 23:37:11'),(22,'Model','Lenovo','Thinkpad','Carbon','Saepe qui doloribus amet aliquid dolor qui iste.','Dolor dolore reiciendis repellat aut.',NULL,NULL,0,0,'Enim assumenda tempore explicabo amet fuga quisquam exercitationem.','Et magni rerum id id placeat et quia.','2012-06-26 23:37:11','2012-06-26 23:37:11'),(23,'Model','Dell','Inspiron','7000','Modi quisquam minus voluptatum nihil et vel delectus vel.','Ex laudantium accusamus culpa ipsa doloremque dicta tempora.',NULL,NULL,0,0,'Eos aut facere qui inventore dolores sed.','Dolor rem corporis consequuntur vel expedita.','2012-06-26 23:37:11','2012-06-26 23:37:11'),(24,'Model','Sony','Beamer 1 aliquam','1','Labore suscipit debitis accusantium.','Incidunt ut provident quia.',NULL,NULL,0,0,'Numquam magni vero aut possimus.','Beamer braucht ein VGA Kabel!','2012-06-26 23:37:11','2012-06-26 23:37:11'),(25,'Model','Sony','Beamer 2 maxime','2','Id quaerat sequi sunt voluptate voluptatum.','Ut nam maxime quam earum rerum.',NULL,NULL,0,0,'Aut quia quos aliquid sint voluptatem excepturi.','Beamer braucht ein VGA Kabel!','2012-06-26 23:37:11','2012-06-26 23:37:11'),(26,'Model','Sony','Beamer 3 odio','3','Quis ullam qui nisi qui nostrum aut provident quaerat.','Illo qui tempore quisquam consectetur facilis expedita qui voluptatibus.',NULL,NULL,0,0,'Voluptate laudantium corrupti est harum inventore accusantium et quia.','Beamer braucht ein VGA Kabel!','2012-06-26 23:37:11','2012-06-26 23:37:11'),(27,'Model','Sony','Beamer 4 enim','4','Voluptate eaque facilis et sequi temporibus fuga eius.','Repudiandae quia et sed.',NULL,NULL,0,0,'Dolorum et esse quod et non.','Beamer braucht ein VGA Kabel!','2012-06-26 23:37:11','2012-06-26 23:37:11'),(28,'Model','Sony','Beamer 5 quibusdam','5','Ipsum laborum est natus quia.','Et voluptatem qui necessitatibus.',NULL,NULL,0,0,'Incidunt consectetur perspiciatis saepe eaque eos.','Beamer braucht ein VGA Kabel!','2012-06-26 23:37:11','2012-06-26 23:37:11'),(29,'Model','Sony','Beamer 6 repellendus','6','Et et facilis molestiae.','Sint dolorum voluptatem commodi natus quidem nulla ducimus.',NULL,NULL,0,0,'Aperiam praesentium consequatur quia et officia.','Beamer braucht ein VGA Kabel!','2012-06-26 23:37:11','2012-06-26 23:37:11'),(30,'Model','Sony','Beamer 7 aut','7','Et distinctio est ipsam totam nostrum.','Vel et eveniet est quidem esse molestiae velit.',NULL,NULL,0,0,'Sit optio occaecati architecto porro.','Beamer braucht ein VGA Kabel!','2012-06-26 23:37:11','2012-06-26 23:37:11'),(31,'Model','Sony','Beamer 8 sed','8','Tempora reprehenderit quod quaerat ducimus assumenda.','Dolor illum impedit architecto cum voluptatem unde nemo.',NULL,NULL,0,0,'Officiis voluptates qui rerum.','Beamer braucht ein VGA Kabel!','2012-06-26 23:37:11','2012-06-26 23:37:11'),(32,'Model','Sony','Beamer 9 maxime','9','Beatae quia aliquam commodi optio enim consectetur qui et.','Aliquam pariatur ipsum voluptas reprehenderit accusamus consectetur.',NULL,NULL,0,0,'Reprehenderit et neque consequatur alias quis tempore suscipit et.','Beamer braucht ein VGA Kabel!','2012-06-26 23:37:11','2012-06-26 23:37:11'),(33,'Model','Sony','Beamer 10 sunt','10','Unde tenetur et molestias perferendis est earum.','Eos provident maxime non et repudiandae aut voluptatem atque.',NULL,NULL,0,0,'Est officia et aut eveniet inventore.','Beamer braucht ein VGA Kabel!','2012-06-26 23:37:11','2012-06-26 23:37:11'),(34,'Model','Sony','Beamer 11 ipsa','11','Blanditiis accusantium ut nemo ea in.','Omnis nobis ipsum adipisci.',NULL,NULL,0,0,'Incidunt deserunt enim reprehenderit perspiciatis sequi pariatur.','Beamer braucht ein VGA Kabel!','2012-06-26 23:37:11','2012-06-26 23:37:11'),(35,'Model','Sony','Beamer 12 suscipit','12','Provident quod assumenda rem voluptatem delectus.','Quibusdam voluptatem cumque in quo aperiam.',NULL,NULL,0,0,'Doloremque eius provident consequuntur adipisci.','Beamer braucht ein VGA Kabel!','2012-06-26 23:37:11','2012-06-26 23:37:11'),(36,'Model','Sony','Beamer 13 aut','13','Autem in corrupti sit est atque dolore.','Aut excepturi ducimus voluptatem quod inventore quam corrupti iure.',NULL,NULL,0,0,'Dolorem eum est cumque asperiores sed.','Beamer braucht ein VGA Kabel!','2012-06-26 23:37:11','2012-06-26 23:37:11'),(37,'Model','Sony','Beamer 14 molestiae','14','Quam aut et pariatur mollitia provident.','In aliquam nisi laudantium facilis voluptatem.',NULL,NULL,0,0,'Sed voluptatum hic fugit facere.','Beamer braucht ein VGA Kabel!','2012-06-26 23:37:11','2012-06-26 23:37:11'),(38,'Model','Sony','Beamer 15 dignissimos','15','Ab error saepe incidunt omnis libero non commodi.','Quis odio vero voluptate corporis est nostrum.',NULL,NULL,0,0,'Eius temporibus voluptas aut.','Beamer braucht ein VGA Kabel!','2012-06-26 23:37:11','2012-06-26 23:37:11'),(39,'Model','Sony','Beamer 16 unde','16','Consequatur in quis et similique quidem ut necessitatibus.','Sed ut est enim eum possimus.',NULL,NULL,0,0,'Veniam dolor vel architecto praesentium quisquam esse quod non.','Beamer braucht ein VGA Kabel!','2012-06-26 23:37:11','2012-06-26 23:37:11'),(40,'Model','Sony','Beamer 17 commodi','17','Ea dolor adipisci sit at qui in aliquam.','Mollitia est minus aliquid ut totam dolores impedit accusantium.',NULL,NULL,0,0,'Ducimus aut unde qui.','Beamer braucht ein VGA Kabel!','2012-06-26 23:37:11','2012-06-26 23:37:11'),(41,'Model','Sony','Beamer 18 vitae','18','Ut nisi qui delectus earum soluta atque voluptas sunt.','Doloribus quidem quis et fugit aut nemo.',NULL,NULL,0,0,'Explicabo reiciendis et fugiat.','Beamer braucht ein VGA Kabel!','2012-06-26 23:37:11','2012-06-26 23:37:11'),(42,'Model','Sony','Beamer 19 omnis','19','Enim illum necessitatibus voluptas odit aspernatur nemo dignissimos eos.','Magni consequatur autem officiis dolorem.',NULL,NULL,0,0,'Nemo temporibus est sed enim delectus ut repellat vitae.','Beamer braucht ein VGA Kabel!','2012-06-26 23:37:11','2012-06-26 23:37:11'),(43,'Model','Sony','Beamer 20 rerum','20','Tempore odit doloremque fuga ipsam et.','Consequatur voluptatem earum tenetur consequatur architecto odio incidunt neque.',NULL,NULL,0,0,'Cum voluptatem magni officiis maxime.','Beamer braucht ein VGA Kabel!','2012-06-26 23:37:11','2012-06-26 23:37:11'),(44,'Model','Nikon','Kameras 1 voluptates','21','Sed sed qui et facere eius est.','Perspiciatis ad tempore ut enim cupiditate impedit magnam.',NULL,NULL,0,0,'Qui iste excepturi repellendus.',NULL,'2012-06-26 23:37:11','2012-06-26 23:37:11'),(45,'Model','Nikon','Kameras 2 maiores','22','Blanditiis animi explicabo quisquam vel maiores ut.','Unde qui ut officiis est et.',NULL,NULL,0,0,'Autem corrupti error placeat.',NULL,'2012-06-26 23:37:11','2012-06-26 23:37:11'),(46,'Model','Nikon','Kameras 3 vel','23','Sequi veritatis quisquam id odit fugit impedit dignissimos explicabo.','Dolorem blanditiis tempore dolorum et voluptate animi.',NULL,NULL,0,0,'Doloribus rerum omnis vero commodi iste aliquid tenetur ut.',NULL,'2012-06-26 23:37:11','2012-06-26 23:37:11'),(47,'Model','Nikon','Kameras 4 at','24','Ut cumque quidem error est reiciendis et.','Quia et nisi voluptas fugit animi delectus atque ipsa.',NULL,NULL,0,0,'Beatae eius et voluptatem.',NULL,'2012-06-26 23:37:11','2012-06-26 23:37:11'),(48,'Model','Nikon','Kameras 5 odit','25','Facilis cum commodi in ut nihil eaque consequatur.','Eligendi sit consequuntur qui.',NULL,NULL,0,0,'Quis est voluptatem quia mollitia pariatur eum quos.',NULL,'2012-06-26 23:37:11','2012-06-26 23:37:11'),(49,'Model','Nikon','Kameras 6 sint','26','Asperiores consequatur rerum modi et facilis.','Molestiae sit magnam fugit officiis.',NULL,NULL,0,0,'Repellendus libero sit corrupti voluptate.',NULL,'2012-06-26 23:37:11','2012-06-26 23:37:11'),(50,'Model','Nikon','Kameras 7 et','27','Atque nobis maxime quia consequuntur.','Possimus ea eligendi nihil necessitatibus.',NULL,NULL,0,0,'Consectetur rerum quidem repellat aut repudiandae dolor.',NULL,'2012-06-26 23:37:11','2012-06-26 23:37:11'),(51,'Model','Nikon','Kameras 8 explicabo','28','Recusandae vel magni assumenda fugiat itaque hic est delectus.','Ex corrupti labore expedita nesciunt voluptas iure reprehenderit id.',NULL,NULL,0,0,'Accusantium est qui dolorum placeat nam.',NULL,'2012-06-26 23:37:11','2012-06-26 23:37:11'),(52,'Model','Nikon','Kameras 9 dolorum','29','Ut aliquam voluptatem impedit aut consequatur in.','Nobis inventore aliquam rerum incidunt et qui cupiditate.',NULL,NULL,0,0,'Ut doloremque magnam delectus placeat.',NULL,'2012-06-26 23:37:11','2012-06-26 23:37:11'),(53,'Model','Nikon','Kameras 10 sint','30','Iure voluptas sed quas voluptate molestiae.','Corporis aut qui molestiae rem ducimus.',NULL,NULL,0,0,'Qui non ipsa nam enim quam accusantium voluptas.',NULL,'2012-06-26 23:37:11','2012-06-26 23:37:11'),(54,'Model','Nikon','Kameras 11 tempore','31','Aut quaerat dolore iste atque velit sequi.','Qui amet ut sapiente ea.',NULL,NULL,0,0,'Ut hic odit quia minima aut qui quaerat.',NULL,'2012-06-26 23:37:11','2012-06-26 23:37:11'),(55,'Model','Nikon','Kameras 12 pariatur','32','Distinctio enim qui quo aut eveniet molestias et.','Ullam quidem et facere.',NULL,NULL,0,0,'Eligendi optio voluptatem minus tempore alias.',NULL,'2012-06-26 23:37:11','2012-06-26 23:37:11'),(56,'Model','Nikon','Kameras 13 dolorem','33','Voluptatem nesciunt qui voluptatibus.','Qui aut facere ut laborum.',NULL,NULL,0,0,'Doloremque cum distinctio est quaerat.',NULL,'2012-06-26 23:37:11','2012-06-26 23:37:11'),(57,'Model','Nikon','Kameras 14 harum','34','Architecto ipsum magnam consequuntur dolores nulla dolores dolor.','Sed possimus illo sit.',NULL,NULL,0,0,'A qui blanditiis sint.',NULL,'2012-06-26 23:37:11','2012-06-26 23:37:11'),(58,'Model','Nikon','Kameras 15 tempore','35','Voluptas quaerat possimus est sequi maxime.','Rerum asperiores natus dignissimos.',NULL,NULL,0,0,'Aliquid praesentium non cum qui omnis.',NULL,'2012-06-26 23:37:11','2012-06-26 23:37:11'),(59,'Model','Nikon','Kameras 16 id','36','Temporibus praesentium consequuntur et accusantium assumenda aut nisi eaque.','Magnam velit facilis occaecati recusandae atque.',NULL,NULL,0,0,'Est accusantium commodi aut porro.',NULL,'2012-06-26 23:37:11','2012-06-26 23:37:11'),(60,'Model','Nikon','Kameras 17 repellat','37','Ut dicta deserunt ipsa consequatur est.','Quas ut minima modi et eum neque et ea.',NULL,NULL,0,0,'Provident iste pariatur quo suscipit.',NULL,'2012-06-26 23:37:11','2012-06-26 23:37:11'),(61,'Model','Nikon','Kameras 18 nemo','38','Cumque est maxime consequatur corrupti natus.','Mollitia doloribus quidem vel earum molestiae quasi.',NULL,NULL,0,0,'Aut aut doloremque architecto ut sit iusto.',NULL,'2012-06-26 23:37:11','2012-06-26 23:37:11'),(62,'Model','Nikon','Kameras 19 sit','39','Et nemo doloremque explicabo ad fugit.','Officia possimus et dignissimos autem vel veritatis.',NULL,NULL,0,0,'Sunt eveniet veniam id eius ea quasi.',NULL,'2012-06-26 23:37:11','2012-06-26 23:37:11'),(63,'Model','Nikon','Kameras 20 ullam','40','Rerum porro placeat a nemo molestiae.','Qui alias nobis et.',NULL,NULL,0,0,'Est vitae voluptatibus est.',NULL,'2012-06-26 23:37:11','2012-06-26 23:37:11'),(64,'Model','Nikon','Kameras 21 possimus','41','Rerum odit praesentium hic deleniti.','Eos atque neque impedit.',NULL,NULL,0,0,'Sequi placeat cum autem eaque.',NULL,'2012-06-26 23:37:11','2012-06-26 23:37:11'),(65,'Model','Nikon','Kameras 22 non','42','Praesentium placeat quibusdam asperiores adipisci est nobis rerum.','Sit eius ex magnam soluta neque provident ut non.',NULL,NULL,0,0,'Odio et molestias accusantium laborum aut et doloremque.',NULL,'2012-06-26 23:37:11','2012-06-26 23:37:11'),(66,'Model','Nikon','Kameras 23 eaque','43','Laborum quam omnis esse.','Possimus quidem quo vitae modi deleniti voluptas.',NULL,NULL,0,0,'Vel qui libero distinctio similique placeat quia omnis.',NULL,'2012-06-26 23:37:11','2012-06-26 23:37:11'),(67,'Model','Nikon','Kameras 24 provident','44','Deserunt adipisci commodi ex eos fugit rerum similique.','Sit minus modi voluptas sunt et.',NULL,NULL,0,0,'Numquam quo pariatur similique vel maiores.',NULL,'2012-06-26 23:37:11','2012-06-26 23:37:11'),(68,'Model','Nikon','Kameras 25 in','45','Modi qui et voluptatem harum.','Omnis vel impedit eaque porro velit veniam qui quis.',NULL,NULL,0,0,'Accusamus nemo sed sint adipisci ex iure perspiciatis.',NULL,'2012-06-26 23:37:11','2012-06-26 23:37:11'),(69,'Model','Nikon','Kameras 26 quis','46','Consequuntur saepe quae ut corporis excepturi non cum beatae.','Repudiandae enim fuga ut.',NULL,NULL,0,0,'Et natus aut dolores.',NULL,'2012-06-26 23:37:11','2012-06-26 23:37:11'),(70,'Model','Nikon','Kameras 27 culpa','47','Eius quidem laborum voluptatem mollitia ea.','Eos magni ducimus aut nam in at.',NULL,NULL,0,0,'Aut debitis voluptate magnam modi nam fuga.',NULL,'2012-06-26 23:37:11','2012-06-26 23:37:11'),(71,'Model','Nikon','Kameras 28 porro','48','Culpa non laboriosam quia corrupti.','Ipsam sit laudantium dolore tempora est.',NULL,NULL,0,0,'Repudiandae amet vel vel quis dolor porro et.',NULL,'2012-06-26 23:37:11','2012-06-26 23:37:11'),(72,'Model','Nikon','Kameras 29 consequuntur','49','Alias quia ut distinctio aperiam mollitia.','Enim et magni distinctio nam qui ut.',NULL,NULL,0,0,'Doloremque aspernatur tempora illum ut.',NULL,'2012-06-26 23:37:11','2012-06-26 23:37:11'),(73,'Model','Nikon','Kameras 30 exercitationem','50','Placeat qui dolorem repellat.','Voluptate nulla optio deleniti voluptatum ea fuga vitae sed.',NULL,NULL,0,0,'Dolores blanditiis saepe dolorem consectetur.',NULL,'2012-06-26 23:37:11','2012-06-26 23:37:11'),(74,'Software','Champlin-Crooks','Adobe Acrobat','51',NULL,NULL,NULL,NULL,0,0,'test http://test.ch\\r\nwww.foo.ch\\r\njust a text',NULL,'2012-06-26 23:37:11','2012-06-26 23:37:11'),(75,'Software','Bahringer-Hickle','MS Word','52',NULL,NULL,NULL,NULL,0,0,'test http://test.ch\\r\nwww.foo.ch\\r\njust a text',NULL,'2012-06-26 23:37:11','2012-06-26 23:37:11'),(76,'Software','Breitenberg-Considine','Awesome Wooden Pants','53',NULL,NULL,NULL,NULL,0,0,NULL,NULL,'2012-06-26 23:37:11','2012-06-26 23:37:11'),(77,'Software','Jaskolski, Steuber and Wehner','Rustic Rubber Table','54',NULL,NULL,NULL,NULL,0,0,NULL,NULL,'2012-06-26 23:37:11','2012-06-26 23:37:11'),(78,'Software','Mayert-Thompson','Intelligent Granite Shirt','55',NULL,NULL,NULL,NULL,0,0,NULL,NULL,'2012-06-26 23:37:11','2012-06-26 23:37:11'),(79,'Software','VonRueden, Skiles and Ankunding','Incredible Cotton Chair','56',NULL,NULL,NULL,NULL,0,0,NULL,NULL,'2012-06-26 23:37:11','2012-06-26 23:37:11'),(80,'Software','Mueller, Koelpin and Prosacco','Intelligent Cotton Computer','57',NULL,NULL,NULL,NULL,0,0,NULL,NULL,'2012-06-26 23:37:11','2012-06-26 23:37:11'),(81,'Software','Maggio, McLaughlin and Graham','Gorgeous Cotton Shirt','58',NULL,NULL,NULL,NULL,0,0,NULL,NULL,'2012-06-26 23:37:11','2012-06-26 23:37:11'),(82,'Software','Quitzon Inc','Small Rubber Car','59',NULL,NULL,NULL,NULL,0,0,NULL,NULL,'2012-06-26 23:37:11','2012-06-26 23:37:11'),(83,'Software','Muller-Schuster','Ergonomic Cotton Hat','60',NULL,NULL,NULL,NULL,0,0,NULL,NULL,'2012-06-26 23:37:11','2012-06-26 23:37:11'),(84,'Software','Leuschke-Lynch','Small Steel Hat','61',NULL,NULL,NULL,NULL,0,0,NULL,NULL,'2012-06-26 23:37:11','2012-06-26 23:37:11'),(85,'Software','Dooley, Quigley and Anderson','Gorgeous Steel Computer','62',NULL,NULL,NULL,NULL,0,0,NULL,NULL,'2012-06-26 23:37:11','2012-06-26 23:37:11'),(86,'Software','Watsica LLC','Incredible Granite Computer','63',NULL,NULL,NULL,NULL,0,0,NULL,NULL,'2012-06-26 23:37:11','2012-06-26 23:37:11'),(87,'Software','Stoltenberg LLC','Fantastic Concrete Shirt','64',NULL,NULL,NULL,NULL,0,0,NULL,NULL,'2012-06-26 23:37:11','2012-06-26 23:37:11'),(88,'Model','Toy-Blanda','Kamera Set','65','Quibusdam nihil in libero qui est accusantium velit.','Ad dignissimos officiis est molestiae et recusandae dolores quisquam.',NULL,NULL,0,1,'Temporibus aut qui saepe dignissimos consequuntur.','Rerum voluptas molestias sit.','2012-06-26 23:37:11','2012-06-26 23:37:11'),(89,'Model','Grady Group','Gorgeous Steel Shoes','66','Expedita ut voluptatibus alias.','Iure earum voluptatem aut voluptatibus dolores.',NULL,NULL,2,0,'Eum asperiores accusantium natus ut voluptatem dignissimos.','Accusamus fugit aspernatur repudiandae.','2012-06-26 23:37:11','2012-06-26 23:37:11'),(90,'Model','Ward Inc','Awesome Rubber Gloves','67','Corporis recusandae ea veniam explicabo.','Tempore possimus nobis eum non sequi consequuntur assumenda esse.',NULL,NULL,1,0,'Qui consequatur quo ea nisi.','Veniam vel rem officiis maiores.','2012-06-26 23:37:11','2012-06-26 23:37:11'),(91,'Model','Zemlak-Swift','Small Plastic Table','68','Nobis quibusdam magni voluptas officiis.','Labore odit hic quis aut omnis.',NULL,NULL,2,0,'Dolorem consequuntur et quisquam rerum est ipsa animi.','Vitae et ut aliquam ut doloremque.','2012-06-26 23:37:11','2012-06-26 23:37:11'),(92,'Model','Mosciski, Paucek and Rohan','Intelligent Granite Car','69','Eaque asperiores molestiae autem nostrum tempora accusantium eveniet.','Officiis doloremque occaecati porro quod dolores quasi rerum.',NULL,NULL,0,0,'Iusto velit omnis quo repellat porro.','Aut rerum qui et iste quia.','2012-06-26 23:37:11','2012-06-26 23:37:11'),(93,'Model','Bayer Group','Gorgeous Plastic Gloves','70','Et repellat blanditiis eos quo illum nihil.','Et maiores et pariatur provident magni optio rem omnis.',NULL,NULL,1,0,'Non officia est et voluptatem ullam.','Nisi corrupti corporis nobis ab atque.','2012-06-26 23:37:11','2012-06-26 23:37:11'),(94,'Model','Davis Inc','Fantastic Steel Car','71','Nisi est id aspernatur nobis.','Ut quis illo molestiae est a.',NULL,NULL,3,0,'Placeat et explicabo libero dolore officia.','Ut sunt enim id facere eum ea earum assumenda.','2012-06-26 23:37:11','2012-06-26 23:37:11'),(95,'Model','Orn and Sons','Ergonomic Concrete Gloves','72','Atque blanditiis aut consequatur.','Ab facilis dolor assumenda in dolorum et.',NULL,NULL,2,0,'Error laboriosam nihil mollitia quo quibusdam tempore est.','Omnis accusantium consequatur quam nostrum laboriosam tempora.','2012-06-26 23:37:11','2012-06-26 23:37:11'),(96,'Model','Rau-Olson','Intelligent Rubber Car','73','Culpa maiores earum eum blanditiis ut vero molestiae numquam.','Ea minus et suscipit nobis vel sapiente.',NULL,NULL,2,0,'Blanditiis dicta consectetur magnam et reprehenderit.','Assumenda perferendis fuga voluptas aut vitae.','2012-06-26 23:37:11','2012-06-26 23:37:11'),(97,'Model','Kshlerin Inc','Ergonomic Steel Gloves','74','Est quaerat aut culpa.','Id necessitatibus quo et beatae.',NULL,NULL,1,0,'Dolores at voluptatibus doloribus sunt ea.','Sed quasi ratione aut et maiores.','2012-06-26 23:37:11','2012-06-26 23:37:11'),(98,'Model','Block and Sons','Ergonomic Steel Table','75','Maiores consequatur velit repellendus ad ullam.','Laudantium rem eos fugiat.',NULL,NULL,1,0,'Similique iure nihil dolor ea voluptatem beatae in doloremque.','Qui deleniti ab qui.','2012-06-26 23:37:11','2012-06-26 23:37:11'),(99,'Model','Brekke-Brekke','Incredible Steel Pants','76','Et iste facilis eligendi architecto id aut.','Perspiciatis explicabo aliquid earum dolor.',NULL,NULL,1,0,'Pariatur suscipit veniam maxime.','Minima recusandae sequi ut.','2012-06-26 23:37:11','2012-06-26 23:37:11'),(100,'Model','Oberbrunner-Purdy','Fantastic Rubber Car','77','Quas eaque architecto magni non laudantium.','Esse vel unde natus laudantium iste deleniti ipsum aperiam.',NULL,NULL,1,0,'Quasi cupiditate sed saepe.','Occaecati fuga rerum saepe qui.','2012-06-26 23:37:11','2012-06-26 23:37:11'),(101,'Model','Gottlieb Group','Kamera Set2','78','Vitae in facere beatae dignissimos.','Quia eos itaque unde veritatis.',NULL,NULL,2,1,'Voluptate assumenda placeat vel asperiores doloremque est vero.','Aperiam asperiores ut recusandae dolores dicta dignissimos beatae et.','2012-06-26 23:37:11','2012-06-26 23:37:11'),(102,'Model','O\'Keefe Group','Incredible Plastic Hat','79','Nisi eum voluptates nam.','Sed nemo eum ut aut recusandae quos.',NULL,NULL,3,0,'Molestiae ut ad consectetur sapiente labore quis.','Sit et quidem molestiae cum esse mollitia voluptatem id.','2012-06-26 23:37:11','2012-06-26 23:37:11'),(103,'Model','Strosin and Sons','Small Granite Hat','80','Praesentium provident tempore omnis suscipit.','At non officiis sint beatae dignissimos ut.',NULL,NULL,2,0,'Et molestiae atque est corrupti.','Voluptatem qui illo adipisci aperiam.','2012-06-26 23:37:11','2012-06-26 23:37:11'),(104,'Model','Steuber Group','Sleek Steel Shirt','81','Ipsa quis doloremque sed qui.','Voluptatibus qui facere vero et aperiam nemo et.',NULL,NULL,2,0,'Ullam eveniet explicabo consectetur recusandae.','Perferendis tenetur reiciendis qui.','2012-06-26 23:37:11','2012-06-26 23:37:11'),(105,'Model','Haley Inc','Practical Concrete Table','82','Aspernatur natus iure nihil occaecati.','Neque minima vitae ullam omnis et et aperiam consequatur.',NULL,NULL,2,0,'Molestiae facilis optio quia vitae ipsam quaerat dolorum pariatur.','Quas atque deleniti aut sequi voluptas animi rem.','2012-06-26 23:37:11','2012-06-26 23:37:11'),(106,'Model','Swift-Bartoletti','Small Plastic Shirt','83','Repellat ea sapiente sed sed doloremque accusantium placeat.','Quaerat sed atque tenetur.',NULL,NULL,2,0,'Omnis est labore et tempora voluptatem facilis reiciendis.','Ut et ut asperiores nisi.','2012-06-26 23:37:11','2012-06-26 23:37:11'),(107,'Model','Jaskolski, Reichert and Reynolds','Practical Plastic Gloves','84','Dolore ipsam necessitatibus ipsum temporibus.','Sit nobis eius neque aut.',NULL,NULL,0,0,'Rerum nam in dolore consequuntur deserunt.','Et rem quo consequuntur.','2012-06-26 23:37:11','2012-06-26 23:37:11'),(108,'Model','Balistreri, Russel and Jast','Fantastic Cotton Hat','85','Officiis commodi voluptas quo animi.','Qui minus dolorem cupiditate qui quis animi sint error.',NULL,NULL,2,0,'Temporibus est vel beatae.','Quibusdam laborum voluptates autem neque voluptatem.','2012-06-26 23:37:11','2012-06-26 23:37:11'),(109,'Model','Bode, Stokes and Kassulke','Practical Rubber Table','86','At provident totam repellat atque a aut numquam dolor.','Qui in atque aut distinctio sed praesentium.',NULL,NULL,0,0,'Perspiciatis consequuntur veniam voluptatem possimus voluptates architecto quo.','Aut ut quis quo earum.','2012-06-26 23:37:11','2012-06-26 23:37:11'),(110,'Model','Casper LLC','Fantastic Concrete Pants','87','Qui et magni repudiandae cum harum sunt temporibus.','Eligendi quisquam et itaque nulla quasi perferendis modi quae.',NULL,NULL,3,0,'Ad numquam tempora quam quidem ut harum libero nemo.','Asperiores expedita repudiandae minima ipsa eos.','2012-06-26 23:37:11','2012-06-26 23:37:11'),(111,'Model','Rolfson, King and D\'Amore','Intelligent Cotton Shoes','92','Et consequatur maiores amet dolor eligendi quidem voluptatibus et.','Dolores quam voluptatem quidem.',NULL,NULL,3,0,'Et quam ut nesciunt.','Sunt dolor qui accusantium neque officiis doloribus labore.','2012-06-26 23:37:11','2012-06-26 23:37:11'),(112,'Model','Volkman Inc','Practical Wooden Gloves','93','Quae dolorum consectetur quidem aliquid esse laborum vel facere.','Non ut molestias animi sunt et.',NULL,NULL,3,0,'Omnis eligendi temporibus provident quae numquam.','Et rem accusamus non totam.','2012-06-26 23:37:11','2012-06-26 23:37:11'),(113,'Model','Koss and Sons','Sleek Steel Chair','94','Illo ea quas facilis.','Dignissimos quia quia tempora officia qui hic totam.',NULL,NULL,3,0,'Debitis magni rerum sit ea ullam ex temporibus.','Non esse similique nesciunt ut optio vero.','2012-06-26 23:37:11','2012-06-26 23:37:11'),(114,'Model','Goyette-Bogan','Small Plastic Chair','95','Ut eius expedita est pariatur ea provident iste.','Nulla tenetur exercitationem quia.',NULL,NULL,2,0,'Et ea beatae nihil voluptatem ab.','Qui non odit quidem est autem.','2012-06-26 23:37:11','2012-06-26 23:37:11'),(115,'Model','Wilderman, Goodwin and Bauch','Sleek Rubber Computer','96','Quisquam molestiae quo vel sequi dolores optio nemo mollitia.','Maiores fuga et dolorum.',NULL,NULL,1,0,'Qui voluptas labore quia natus illo accusantium qui voluptatum.','Dolorum eos porro voluptates distinctio.','2012-06-26 23:37:11','2012-06-26 23:37:11'),(116,'Model','Cole-Hessel','Awesome Steel Pants','97','Non sit nulla dolores voluptas deleniti.','Facere esse deleniti est qui sint tempore et dolore.',NULL,NULL,2,0,'Porro delectus saepe sunt occaecati.','Ad nemo voluptatum quisquam.','2012-06-26 23:37:11','2012-06-26 23:37:11'),(117,'Model','Hand, Hodkiewicz and Hickle','Fantastic Steel Chair','98','Reprehenderit sint officiis nam ut qui minima dolorem delectus.','Debitis eaque qui doloribus.',NULL,NULL,0,0,'Dolorem aut rerum et ut vero non.','Maiores voluptas aut quo.','2012-06-26 23:37:11','2012-06-26 23:37:11'),(118,'Model','O\'Keefe, O\'Connell and Johnson','Practical Rubber Computer','99','Recusandae quia ut est.','Odio minus non deserunt sed.',NULL,NULL,0,0,'Quia ea dolorem quis excepturi soluta sit.','Veritatis omnis reprehenderit saepe ea rerum autem et excepturi.','2012-06-26 23:37:11','2012-06-26 23:37:11'),(119,'Model','Satterfield Inc','Fantastic Rubber Hat','100','Libero placeat sint voluptatum sunt.','Voluptatum facilis consequatur magnam tempora.',NULL,NULL,3,0,'Alias voluptatum sed eum quae expedita nam unde.','Quae amet soluta ullam non optio corporis.','2012-06-26 23:37:11','2012-06-26 23:37:11'),(120,'Model','Runolfsson-Fisher','Intelligent Plastic Shoes','101','Quibusdam sed id et.','Atque provident expedita eos ut.',NULL,NULL,0,0,'Nostrum non reprehenderit est earum eveniet reiciendis.','Rerum error provident sit libero aliquam alias omnis.','2012-06-26 23:37:11','2012-06-26 23:37:11'),(121,'Model','Koch-Zulauf','Fantastic Plastic Computer','102','Vero sunt harum ut voluptates quae.','Eveniet voluptatem consectetur provident sed explicabo doloremque quod placeat.',NULL,NULL,1,0,'Et et quod enim.','A culpa consectetur molestias libero recusandae perferendis quas.','2012-06-26 23:37:11','2012-06-26 23:37:11'),(122,'Model','Haag and Sons','Sleek Cotton Table','103','Ut ad aut non vero harum qui nostrum aut.','Repellat sed autem perferendis deserunt sapiente sed.',NULL,NULL,0,0,'Quia autem rerum adipisci qui.','Amet eos deserunt quia iste nemo.','2012-06-26 23:37:11','2012-06-26 23:37:11'),(123,'Model','Lueilwitz, Fay and Cremin','Awesome Wooden Computer','104','Vitae odio fugiat ut.','Est consequatur eaque aut quis consequatur ea.',NULL,NULL,2,0,'Asperiores et saepe ratione.','Fuga id minus nemo.','2012-06-26 23:37:11','2012-06-26 23:37:11'),(124,'Model','Padberg, Kovacek and Gottlieb','Sleek Steel Pants','105','Enim optio voluptatem eum iste.','Et ea nihil sunt qui qui et eos.',NULL,NULL,1,0,'Modi cumque corrupti voluptatem et molestiae consequatur dolorum aut.','Iusto ea et blanditiis est quia fugit.','2012-06-26 23:37:11','2012-06-26 23:37:11'),(125,'Model','Raynor-Orn','Intelligent Steel Gloves','106','Voluptatum a dolores voluptas fuga numquam praesentium nostrum.','Voluptatibus pariatur repellat cum.',NULL,NULL,0,0,'Blanditiis aut laboriosam et consequatur.','Veritatis ea at nemo ad.','2012-06-26 23:37:11','2012-06-26 23:37:11'),(126,'Model','Waelchi, Stokes and Ullrich','Ergonomic Plastic Table','107','Fugiat rerum consequatur quo laborum magnam optio maiores.','Officiis quaerat omnis ducimus iste aut praesentium est.',NULL,NULL,1,0,'Vitae nihil in repellendus.','Architecto et illum et qui in dicta enim ipsum.','2012-06-26 23:37:11','2012-06-26 23:37:11'),(127,'Model','Ondricka, Yost and Watsica','Small Cotton Computer','108','Officiis velit sit velit officia et.','Asperiores dolores ipsam unde sint soluta.',NULL,NULL,3,0,'Saepe dolorum ad est impedit consectetur iusto aliquid.','Architecto ipsam unde sint.','2012-06-26 23:37:11','2012-06-26 23:37:11'),(128,'Model','O\'Kon-Runte','Gorgeous Rubber Shoes','109','Voluptates non temporibus dicta enim voluptatum adipisci illo.','Voluptas laborum ut quasi esse blanditiis.',NULL,NULL,1,0,'Exercitationem nobis neque ex iste et quaerat culpa et.','Quo repudiandae fugiat voluptates dolores iusto sunt molestiae.','2012-06-26 23:37:11','2012-06-26 23:37:11'),(129,'Model','Gerhold-Kutch','Intelligent Cotton Hat','110','Amet corporis molestiae et.','Voluptas odit culpa ipsum illo sit sequi consequatur.',NULL,NULL,2,0,'Suscipit occaecati iusto possimus commodi et consequuntur qui.','Et odio sit est cum.','2012-06-26 23:37:11','2012-06-26 23:37:11'),(130,'Model','Cole-Terry','Intelligent Wooden Hat','111','Magnam at nesciunt distinctio.','Et non ea velit tempore soluta nisi.',NULL,NULL,2,0,'Qui exercitationem quasi et occaecati et.','Consequatur deleniti ut fugit facere animi.','2012-06-26 23:37:11','2012-06-26 23:37:11'),(131,'Model','Stiedemann-Bernier','Intelligent Concrete Pants','112','Harum repellendus laborum sunt numquam.','Atque minus nemo odit tempora asperiores omnis.',NULL,NULL,1,0,'Est nisi error eos aut.','Repudiandae voluptates saepe consequatur deserunt repellat voluptas fuga.','2012-06-26 23:37:11','2012-06-26 23:37:11'),(132,'Model','King and Sons','Incredible Wooden Computer','113','Sit nihil explicabo ut officia harum.','Hic omnis est vero itaque quas.',NULL,NULL,1,0,'Accusamus qui accusantium voluptas maxime aut qui.','Repudiandae omnis omnis nobis id aut animi.','2012-06-26 23:37:11','2012-06-26 23:37:11'),(133,'Model','Pfannerstill-Hayes','Practical Steel Computer','114','Voluptas eveniet fugiat dolor minima enim numquam nisi.','Mollitia nisi in voluptates et libero.',NULL,NULL,3,0,'Et voluptate iste magni.','Voluptatum error debitis laborum architecto commodi expedita molestiae qui.','2012-06-26 23:37:11','2012-06-26 23:37:11'),(134,'Model','Rice, Schoen and Leffler','Sleek Wooden Car','115','Sequi soluta laboriosam enim qui dolorem.','Cum consequatur ipsa et corporis aut recusandae.',NULL,NULL,0,0,'Fuga ut harum veritatis consequatur.','Assumenda placeat eius sunt.','2012-06-26 23:37:11','2012-06-26 23:37:11'),(135,'Model','Ruecker-Shanahan','Gorgeous Plastic Table','116','Aut quidem adipisci est ut quo nam.','Sint qui consequatur exercitationem eos neque veritatis consectetur.',NULL,NULL,1,0,'Id et corporis dolor voluptatum quam vitae incidunt.','Dolor corrupti consequatur soluta velit eos qui debitis est.','2012-06-26 23:37:11','2012-06-26 23:37:11'),(136,'Model','Gutmann Inc','Fantastic Wooden Chair','117','Numquam tempora architecto eaque sed est voluptate veritatis fuga.','Qui dignissimos tenetur quam omnis beatae.',NULL,NULL,0,0,'Aut et culpa eveniet et architecto.','Animi impedit at sit.','2012-06-26 23:37:11','2012-06-26 23:37:11'),(137,'Model','Kessler, Krajcik and Harvey','Ergonomic Rubber Car','118','Voluptatem maiores voluptate incidunt animi repudiandae ex ut.','Consequatur commodi qui optio.',NULL,NULL,0,0,'Est ab labore vel quis corrupti voluptatem.','Rerum autem illo tenetur maxime id aspernatur.','2012-06-26 23:37:11','2012-06-26 23:37:11'),(138,'Model','Tillman-Koss','Sleek Steel Gloves','119','Odio qui maiores ipsam et fuga neque.','Dignissimos laborum itaque quis iusto.',NULL,NULL,0,0,'Pariatur dolor similique occaecati sit voluptatum sunt ipsum.','Ut esse voluptas magni cum ipsam mollitia eos.','2012-06-26 23:37:11','2012-06-26 23:37:11'),(139,'Model','Roberts, Bins and Stehr','Incredible Rubber Shoes','120','Id rerum et beatae.','Dolor rerum minus veritatis laborum rem eum eos.',NULL,NULL,2,0,'Incidunt hic et excepturi.','Inventore est vitae et.','2012-06-26 23:37:11','2012-06-26 23:37:11'),(140,'Model','Daniel-Ernser','Sleek Concrete Computer','121','Quia praesentium tempore enim sint qui dicta aut corporis.','Ratione iusto reiciendis a ipsam omnis iste culpa accusamus.',NULL,NULL,0,0,'Voluptate numquam dolorem qui.','Quam doloremque ut sint.','2012-06-26 23:37:11','2012-06-26 23:37:11'),(141,'Model','Yundt Inc','Sleek Wooden Computer','122','Sit aut molestias aut.','Aut consequatur rem ut architecto aspernatur.',NULL,NULL,2,0,'Architecto occaecati pariatur sed assumenda cum.','Laborum magnam odit qui sit necessitatibus voluptatibus.','2012-06-26 23:37:11','2012-06-26 23:37:11'),(142,'Model','Balistreri Inc','Practical Steel Shoes','123','Aliquid nobis consequatur corporis et a culpa omnis.','Voluptas nulla occaecati corporis corrupti dignissimos.',NULL,NULL,3,0,'Sint sapiente aut est vel praesentium optio.','Voluptas corporis nihil at qui possimus id asperiores.','2012-06-26 23:37:11','2012-06-26 23:37:11'),(143,'Model','Roberts-Steuber','Small Wooden Car','124','Harum odio quia nisi.','Laudantium earum deserunt atque dolorem.',NULL,NULL,1,0,'Modi natus qui ipsa animi aliquam.','Sint animi suscipit eligendi deserunt provident.','2012-06-26 23:37:11','2012-06-26 23:37:11'),(144,'Model','Hodkiewicz, Sanford and Barton','Practical Wooden Pants','125','Perspiciatis maiores non neque quia consequatur.','A saepe sed totam id laborum sed.',NULL,NULL,1,0,'Exercitationem ut quo aut.','Dolorum a nihil molestias autem quod blanditiis consequatur.','2012-06-26 23:37:11','2012-06-26 23:37:11'),(145,'Model','Olson, Kirlin and McCullough','Incredible Steel Chair','126','Minima omnis repellendus ratione omnis sunt sed sit rerum.','Architecto officiis rerum assumenda voluptatum ea exercitationem.',NULL,NULL,3,0,'Ea nihil ut in in ipsum harum accusamus.','Facilis autem ut quo.','2012-06-26 23:37:11','2012-06-26 23:37:11'),(146,'Model','Mante, Greenholt and Ernser','Fantastic Wooden Shoes','127','Sunt aut et earum qui ea eius tempora.','Maxime officia quo distinctio dignissimos enim autem fuga qui.',NULL,NULL,0,0,'Expedita soluta officiis ea optio debitis qui.','Ut voluptas dicta et dolor et qui et voluptatem.','2012-06-26 23:37:11','2012-06-26 23:37:11'),(147,'Model','Toy-Walsh','Practical Plastic Shirt','128','Necessitatibus similique saepe nobis iusto unde doloribus eligendi.','Dolor sapiente in ea aut non.',NULL,NULL,0,0,'Qui nulla quis ducimus voluptatem minus voluptas a perferendis.','Aut earum sunt impedit.','2012-06-19 23:37:11','2012-06-19 23:37:11'),(148,'Model','Hessel, Marquardt and Hermiston','Small Cotton Gloves','129','Sint molestias ducimus maxime aut velit sunt.','Possimus at commodi sit.',NULL,NULL,1,0,'Dignissimos possimus quo quia officia dolor quia neque sapiente.','Qui aliquid magnam molestias quia vitae qui reprehenderit.','2012-06-19 23:37:11','2012-06-19 23:37:11'),(149,'Model','Glover-Stehr','Intelligent Plastic Table','130','Ratione autem occaecati accusamus blanditiis officia.','Est cupiditate recusandae pariatur reprehenderit.',NULL,NULL,2,0,'Commodi ut tempore dicta quibusdam necessitatibus soluta sequi temporibus.','Itaque consequatur magnam dignissimos.','2012-06-19 23:37:11','2012-06-19 23:37:11'),(150,'Model','Barton Group','Rustic Cotton Hat','131','Non facilis qui veniam.','Quisquam non iusto totam numquam eum.',NULL,NULL,2,0,'Dolorum est quo est eligendi.','Minus adipisci ut provident.','2012-06-19 23:37:11','2012-06-19 23:37:11'),(151,'Model','Langworth-Bartoletti','Ergonomic Rubber Gloves','132','Mollitia possimus voluptas aut enim at harum sint quae.','Saepe consequuntur aut ut voluptatem iusto dolore.',NULL,NULL,2,0,'Ratione mollitia illum debitis voluptatem voluptas sequi sed.','Repellendus et voluptas qui expedita.','2012-06-26 23:37:11','2012-06-26 23:37:11'),(152,'Model','Schumm, Wehner and Stiedemann','Gorgeous Steel Hat','133','Sunt harum est ducimus culpa.','Veniam et natus ducimus.',NULL,NULL,2,0,'Debitis et rerum consequuntur commodi.','Ut accusantium non temporibus ut quibusdam.','2012-06-26 23:37:11','2012-06-26 23:37:11'),(153,'Model','King-Feil','Fantastic Plastic Shirt','134','Non tempora sapiente similique repudiandae aut quia laborum.','Omnis eius occaecati in eos omnis velit.',NULL,NULL,3,0,'Voluptates sit aut aperiam.','Delectus ea incidunt velit ut modi quasi provident tenetur.','2012-06-26 23:37:11','2012-06-26 23:37:11'),(154,'Model','Leuschke-Marvin','Practical Cotton Chair','135','Temporibus distinctio nesciunt sequi.','Ratione totam dignissimos veniam quam enim.',NULL,NULL,2,0,'Libero dolor cum incidunt iusto et earum commodi.','Deserunt ad ex est illum ut nihil eum.','2012-06-26 23:37:11','2012-06-26 23:37:11'),(155,'Model','Wehner, Cormier and Funk','Awesome Plastic Pants','136','Et officiis nam eos ipsum.','Adipisci ipsam asperiores sapiente quisquam.',NULL,NULL,3,0,'Deleniti illo eius corporis eos unde ut qui ab.','Est aut quia ut recusandae quis explicabo.','2012-06-26 23:37:11','2012-06-26 23:37:11'),(156,'Model','Terry-Mohr','Sleek Granite Computer','137','Ut ipsam nihil ut voluptatem nam.','Aut perspiciatis pariatur placeat ut itaque.',NULL,NULL,2,0,'Sit possimus est laboriosam.','Architecto reprehenderit autem in velit.','2012-06-26 23:37:11','2012-06-26 23:37:11'),(157,'Model','Cruickshank Inc','Gorgeous Rubber Shirt','138','Fuga facilis rerum vel nam commodi.','Illo distinctio explicabo alias minus reiciendis aut voluptate odio.',NULL,NULL,0,0,'Doloremque aut iusto quia quas accusantium.','Magnam aut aliquid facere officiis.','2012-06-26 23:37:11','2012-06-26 23:37:11'),(158,'Model','Heller, Reichel and Johns','Incredible Cotton Hat','139','Illum dolor cupiditate itaque ad rem aliquid et qui.','Quod corrupti et illum.',NULL,NULL,2,0,'Maiores aut vel amet earum unde quam repellendus.','Accusantium rerum odio consequatur.','2012-06-26 23:37:11','2012-06-26 23:37:11'),(159,'Model','Kuhic and Sons','Fantastic Wooden Computer','140','Non voluptatem et odio quia ut omnis magni esse.','Tempore deserunt ut quasi porro adipisci veniam omnis fugit.',NULL,NULL,3,0,'Sunt saepe modi qui ut ut aut consectetur voluptas.','Asperiores aut consequatur voluptatibus dolor voluptas ab nisi pariatur.','2012-06-26 23:37:11','2012-06-26 23:37:11'),(160,'Model','Kerluke-Rosenbaum','Practical Concrete Pants','141','Velit distinctio facere eos temporibus dolores qui tempora ut.','Id ut blanditiis iste et fugit.',NULL,NULL,1,0,'Et voluptas accusantium aut.','Et eius facere culpa fugit vitae soluta voluptate non.','2012-06-26 23:37:11','2012-06-26 23:37:11'),(161,'Model','Kris, Padberg and Hessel','Gorgeous Rubber Gloves','142','Quod perferendis a molestiae debitis exercitationem voluptatem mollitia.','Voluptas fugit magni et quasi sit doloremque.',NULL,NULL,2,0,'Et corrupti atque voluptatem ducimus harum accusantium.','Qui ducimus maiores et dolores perferendis nam labore.','2012-06-26 23:37:11','2012-06-26 23:37:11'),(162,'Model','Heidenreich-Herzog','Gorgeous Concrete Shoes','143','Optio officiis qui quidem eos soluta velit assumenda nam.','Minus nulla labore totam.',NULL,NULL,3,0,'Maxime eligendi et quis eum nihil occaecati ullam quo.','Et quae non ipsa unde.','2012-06-26 23:37:11','2012-06-26 23:37:11'),(163,'Model','Sauer-Frami','Practical Concrete Car','144','Commodi eum placeat laboriosam voluptas architecto.','Voluptatem asperiores impedit aut accusamus dignissimos.',NULL,NULL,1,0,'Doloremque culpa ut sit.','Ex a quia architecto ut.','2012-06-26 23:37:11','2012-06-26 23:37:11'),(164,'Model','Torp, Frami and Feeney','Practical Granite Car','145','Quia expedita dignissimos qui.','Aspernatur dolorum debitis est ut distinctio asperiores id.',NULL,NULL,1,0,'Molestias voluptatem omnis et sit veritatis minima perspiciatis.','Voluptatibus cumque quia enim porro dolorem.','2012-06-26 23:37:11','2012-06-26 23:37:11'),(165,'Model','Rowe, Collins and Russel','Gorgeous Steel Shirt','146','Distinctio nostrum consequatur inventore.','Quia est voluptatum quasi ut et voluptatem aut.',NULL,NULL,2,0,'Qui provident modi aut eum nam harum ratione.','Necessitatibus ut porro iste saepe quis quo.','2012-06-26 23:37:11','2012-06-26 23:37:11'),(166,'Model','Russel, McDermott and Kulas','Small Plastic Hat','147','Quisquam quis qui soluta sit culpa et similique.','Ullam consequatur illo quas.',NULL,NULL,3,0,'Molestias id libero similique rerum ipsum reiciendis.','Sunt beatae rem in dicta labore reiciendis dolorem.','2012-06-26 23:37:11','2012-06-26 23:37:11'),(167,'Model','Maggio, Franecki and Fay','Rustic Steel Pants','148','Consequatur aut eum autem.','Aut aperiam voluptatem ipsam natus dolor fuga nisi.',NULL,NULL,1,0,'Laudantium cum recusandae possimus fugit atque laborum.','Qui aut a deserunt accusantium labore culpa.','2012-06-26 23:37:11','2012-06-26 23:37:11'),(168,'Model','Koelpin-Bernier','Small Wooden Shirt','149','Minima et eos ut.','Non qui minima animi dolore.',NULL,NULL,2,0,'Nisi qui magnam molestias amet.','Blanditiis incidunt odit est temporibus ab vero quis.','2012-06-25 23:37:11','2012-06-25 23:37:11'),(169,'Model','Hegmann LLC','Ergonomic Concrete Shirt','150','Temporibus autem et eveniet sit ad nostrum.','Eaque qui sunt repellat.',NULL,NULL,0,0,'Voluptatem repellat id consectetur ut temporibus sed.','Et non deleniti dicta enim nihil.','2012-06-25 23:37:11','2012-06-25 23:37:11'),(170,'Model','Huels LLC','Incredible Cotton Shoes','151','Impedit optio qui quibusdam est.','Non quis pariatur aut.',NULL,NULL,2,0,'Eveniet illum magni asperiores distinctio incidunt blanditiis dolorem.','Ullam qui optio libero veniam praesentium accusantium incidunt.','2012-06-25 23:37:11','2012-06-25 23:37:11'),(171,'Model','Langosh-Monahan','Intelligent Wooden Table','152','Nemo sit et repellendus dolorum.','Aut pariatur quo officia.',NULL,NULL,2,0,'Similique asperiores et dolor.','Dolor harum eum ut.','2012-06-25 23:37:11','2012-06-25 23:37:11'),(172,'Model','Dickens-Kessler','Gorgeous Wooden Chair','153','Omnis sequi harum quisquam ut et.','Iusto accusantium quod itaque eaque perspiciatis dolores nam alias.',NULL,NULL,0,0,'Consequatur id quasi autem dolore soluta molestiae.','Voluptates hic sapiente sunt ex rerum repellat in dolores.','2012-06-21 23:37:11','2012-06-21 23:37:11'),(173,'Model','Torphy LLC','Rustic Granite Table','154','Necessitatibus quos ut iusto quia et eius.','Repudiandae magni quis accusamus odit asperiores omnis rerum nihil.',NULL,NULL,2,0,'Nostrum ipsa voluptatum quia.','Eum in accusamus distinctio impedit qui perferendis voluptatem.','2012-06-21 23:37:11','2012-06-21 23:37:11'),(174,'Model','Green LLC','Incredible Concrete Computer','155','Nihil illo fuga ullam dolorem rem.','Accusantium quod consectetur possimus ad.',NULL,NULL,2,0,'Cum incidunt commodi illum repellat sequi.','Rerum rem enim voluptatibus delectus recusandae fugiat doloremque.','2012-06-21 23:37:11','2012-06-21 23:37:11'),(175,'Model','Becker, Parisian and Wunsch','Rustic Rubber Car','156','Id aut laborum quidem recusandae sit occaecati officiis laudantium.','Aliquid libero veritatis necessitatibus quia maiores ullam.',NULL,NULL,0,0,'Voluptas tempora sequi repellendus.','Doloribus voluptas voluptatum et maiores qui.','2012-06-21 23:37:11','2012-06-21 23:37:11'),(176,'Model','Schmitt, Mayert and Vandervort','Ergonomic Granite Table','157','Velit fugit excepturi qui.','Inventore blanditiis ea nam.',NULL,NULL,0,0,'Aut dignissimos veritatis nobis totam rerum.','Ipsum quaerat mollitia numquam consequatur.','2012-06-21 23:37:11','2012-06-21 23:37:11'),(177,'Model','Schaefer, Osinski and Turner','Incredible Rubber Shirt','158','Et aut laudantium vel rem ipsam.','Est ipsum et voluptas est esse est adipisci molestiae.',NULL,NULL,2,0,'Aut iusto laborum cumque.','Rerum at est est cupiditate recusandae officia.','2012-06-26 23:37:11','2012-06-26 23:37:11'),(178,'Model','Stracke Group','Sleek Cotton Shirt','159','Dicta cupiditate molestiae at fugit mollitia aut.','Illum facilis voluptatem inventore natus debitis consequuntur explicabo.',NULL,NULL,2,0,'Placeat error maiores qui sit sunt sint fuga.','Accusantium consequatur in et.','2012-06-26 23:37:11','2012-06-26 23:37:11'),(179,'Model','Daugherty, Heaney and McGlynn','Awesome Concrete Computer','160','Commodi minus dolores facere error.','Dolorem quo eaque sapiente aspernatur mollitia.',NULL,NULL,3,0,'Perspiciatis et porro sed quo nulla et.','Natus consectetur rerum accusantium placeat sequi sit doloribus qui.','2012-06-26 23:37:11','2012-06-26 23:37:11'),(180,'Model','Robel Group','Incredible Granite Shoes','161','Sunt ratione excepturi quia sapiente.','Nemo cumque dicta aut perspiciatis.',NULL,NULL,0,0,'Voluptatem quaerat veniam aliquam pariatur velit aut ab.','Fuga quia qui nostrum.','2012-06-26 23:37:11','2012-06-26 23:37:11'),(181,'Model','Hilpert, Thiel and Gusikowski','Intelligent Granite Shoes','162','Nam corrupti sequi consectetur.','Vero quasi eligendi minus voluptatem earum est.',NULL,NULL,3,0,'Et delectus a quaerat.','Repudiandae qui eveniet voluptas repellendus omnis.','2012-06-26 23:37:11','2012-06-26 23:37:11'),(182,'Model','Nolan-Schmeler','Fantastic Concrete Car','163','Aut alias nostrum et ut velit ad aut eius.','Odio alias hic corrupti et maxime eum assumenda.',NULL,NULL,3,0,'Non quia mollitia sint quam consectetur fuga deserunt.','Consectetur officiis inventore optio aliquid laboriosam nam.','2012-06-26 23:37:11','2012-06-26 23:37:11'),(183,'Model','Stokes-VonRueden','Intelligent Rubber Shirt','164','Sed aspernatur et optio fugiat iste accusamus enim velit.','Illo eveniet temporibus harum consequuntur.',NULL,NULL,2,0,'Fugit ab repellat adipisci neque itaque occaecati suscipit.','Eos velit omnis sint.','2012-06-26 23:37:11','2012-06-26 23:37:11'),(184,'Model','Jenkins-Murazik','Sleek Cotton Car','165','Totam ut ipsa eius voluptas eum rem optio.','Illum consequatur ratione nihil repellat repellendus odit ab minus.',NULL,NULL,1,0,'Consequatur quasi aut ut distinctio et.','Quo omnis aut qui temporibus blanditiis officia est.','2012-06-26 23:37:11','2012-06-26 23:37:11'),(185,'Model','Gleichner, Cormier and Jerde','Rustic Plastic Computer','166','Magnam laudantium iste sapiente.','Voluptatem dolor dolor tenetur placeat facilis enim saepe.',NULL,NULL,0,0,'Iste repellat deleniti et qui odit consequatur.','Quis dignissimos quo quo.','2012-06-26 23:37:11','2012-06-26 23:37:11'),(186,'Model','Anderson and Sons','Incredible Plastic Chair','167','Officia et sed ipsam facere eligendi.','Non cum voluptatem illum quaerat et corporis quas veritatis.',NULL,NULL,2,0,'Et laborum accusantium perspiciatis veniam.','Dolores nisi alias et voluptate sunt qui molestiae sunt.','2012-06-26 23:37:11','2012-06-26 23:37:11'),(187,'Model','Corkery Group','Intelligent Rubber Hat','168','Et in omnis quia.','Cum praesentium eos qui veniam delectus.',NULL,NULL,2,0,'Numquam illum qui voluptatibus officia debitis.','Quaerat necessitatibus placeat et quia.','2012-06-26 23:37:11','2012-06-26 23:37:11'),(188,'Model','Maggio, Batz and Lind','Rustic Rubber Pants','169','Optio dolor sapiente eveniet laboriosam nam.','Natus adipisci dignissimos aut qui et et sunt aut.',NULL,NULL,2,0,'Rerum temporibus incidunt ex minima adipisci praesentium.','Esse iste officia corrupti voluptas qui similique.','2012-06-26 23:37:11','2012-06-26 23:37:11'),(189,'Model','Osinski, Grant and Wilderman','Awesome Concrete Hat','170','Nostrum voluptas omnis est eius magni quia nam quis.','Quibusdam sit rerum perspiciatis hic ea nihil.',NULL,NULL,2,0,'Dolor nam mollitia amet enim quis saepe quia voluptatem.','Aut ut sed ea.','2012-06-26 23:37:11','2012-06-26 23:37:11'),(190,'Model','Smith, Klein and Haley','Ergonomic Cotton Pants','171','Ex et odit sunt.','Cupiditate voluptatem fugit nostrum doloribus quaerat similique perferendis.',NULL,NULL,0,0,'Odio assumenda rerum est.','Delectus voluptas quod ex.','2012-06-26 23:37:11','2012-06-26 23:37:11'),(191,'Model','Tremblay-Hackett','Awesome Cotton Shoes','172','Quo quaerat ipsam voluptas alias excepturi et illo.','At beatae reiciendis non modi sunt voluptatem.',NULL,NULL,1,0,'Vel provident magnam ex voluptatum perferendis.','Molestias et reiciendis rerum consequuntur earum tenetur.','2012-06-26 23:37:11','2012-06-26 23:37:11'),(192,'Model','Gibson, Reinger and Brekke','Intelligent Rubber Shoes','173','Molestiae ut maxime atque eligendi ad et iusto itaque.','Impedit commodi eum vero cupiditate non voluptatem expedita ad.',NULL,NULL,1,0,'Qui consequatur quisquam sequi earum vitae nam omnis sit.','Facilis dolore tempora repudiandae sed in beatae quisquam temporibus.','2012-06-26 23:37:11','2012-06-26 23:37:11'),(193,'Model','Kling Inc','Intelligent Plastic Chair','174','Aut et labore dolorem libero temporibus laborum voluptate.','Facilis qui a unde et vero est quas explicabo.',NULL,NULL,1,0,'Sed vel aperiam quis.','Eveniet aliquid mollitia rem optio in.','2012-06-26 23:37:11','2012-06-26 23:37:11'),(194,'Model','Senger, Becker and Brakus','Incredible Wooden Shoes','175','Quisquam maiores ut voluptatibus alias.','Repellendus deleniti sed minus voluptas consectetur a ut fugiat.',NULL,NULL,3,0,'Vel voluptatem neque illo voluptas.','Enim aut aut reprehenderit qui id.','2012-06-26 23:37:11','2012-06-26 23:37:11'),(195,'Model','Huels and Sons','Intelligent Plastic Car','176','Consequatur quibusdam at voluptas explicabo.','Voluptates est corrupti modi quisquam.',NULL,NULL,0,0,'Vitae necessitatibus at est facere qui dolore commodi velit.','Voluptate doloremque in libero voluptatem ut.','2012-06-26 23:37:11','2012-06-26 23:37:11'),(196,'Model','Davis and Sons','Small Concrete Car','177','Praesentium sapiente minus voluptas ipsa natus soluta modi ipsam.','Sit tempore alias eveniet ut labore est libero nihil.',NULL,NULL,1,0,'Doloribus consequatur est et.','Ut ipsam quas sed omnis culpa et perspiciatis.','2012-06-26 23:37:11','2012-06-26 23:37:11'),(197,'Model','Parisian-Baumbach','Sleek Concrete Pants','178','Laboriosam tenetur voluptas autem ut est aut.','Beatae omnis totam aut.',NULL,NULL,2,0,'Est voluptatum adipisci quibusdam rerum voluptas sit velit soluta.','Sapiente quia labore doloribus pariatur.','2012-06-26 23:37:11','2012-06-26 23:37:11'),(198,'Model','Sporer, Stamm and Schimmel','Awesome Concrete Pants','179','Illo placeat doloremque magnam aut nisi sapiente enim.','Rerum commodi soluta nam.',NULL,NULL,2,0,'Quam quasi deserunt et delectus dolorem omnis.','Eius aliquid consequatur necessitatibus ea commodi quibusdam debitis.','2012-06-26 23:37:11','2012-06-26 23:37:11'),(199,'Model','Morar-Ebert','Rustic Granite Shirt','180','Iusto cupiditate mollitia enim eius eum.','Voluptatibus quibusdam et quod fuga aliquid.',NULL,NULL,1,0,'Fuga velit nihil fugiat sint repudiandae rerum.','Fugiat et dolor possimus rem aspernatur.','2012-06-26 23:37:11','2012-06-26 23:37:11'),(200,'Model','Ratke Inc','Sleek Cotton Pants','181','Est asperiores voluptatem corporis.','Placeat magnam dolores explicabo deleniti distinctio officia voluptates et.',NULL,NULL,1,0,'Nostrum molestiae animi quaerat veniam.','Sed reprehenderit ut aliquid hic eum aut distinctio.','2012-06-26 23:37:11','2012-06-26 23:37:11'),(201,'Model','Robel-Ziemann','Fantastic Plastic Chair','182','Omnis doloremque qui neque.','Consectetur nam corporis laudantium asperiores tempore commodi.',NULL,NULL,2,0,'Voluptate rerum voluptas laborum est.','Ea eaque veniam aut.','2012-06-26 23:37:11','2012-06-26 23:37:11'),(202,'Model','Wisozk-Heidenreich','Practical Cotton Shoes','183','Beatae ipsa ullam quia id ut.','Tempore illo nisi excepturi sunt voluptatem aut veritatis.',NULL,NULL,0,0,'Explicabo aut sed alias aperiam omnis doloribus omnis.','Architecto iste incidunt eos sed similique aut.','2012-06-26 23:37:11','2012-06-26 23:37:11'),(203,'Model','Muller, Donnelly and Ruecker','Fantastic Steel Shirt','184','Libero quam aspernatur laboriosam occaecati id adipisci.','Dolores impedit et consequatur sequi aliquid.',NULL,NULL,1,0,'Ad et error earum.','Ut ipsa commodi est et inventore.','2012-06-26 23:37:11','2012-06-26 23:37:11'),(204,'Model','Muller and Sons','Sleek Cotton Computer','185','Rerum adipisci et nobis voluptates dolor dolores architecto cum.','Ea sed aut magni sit quia nulla ducimus.',NULL,NULL,0,0,'Est exercitationem repellendus non atque unde aperiam tempora.','Non ut dolores omnis.','2012-06-26 23:37:11','2012-06-26 23:37:11'),(205,'Model','Mann, Mills and Wiegand','Gorgeous Cotton Computer','186','Ut maxime in reiciendis nulla animi eius.','Officia magnam quibusdam commodi quam fugiat adipisci quod.',NULL,NULL,2,0,'Dolores fuga enim rerum quisquam voluptatem et perferendis.','Commodi rerum inventore quia magni debitis perspiciatis sed alias.','2012-06-26 23:37:11','2012-06-26 23:37:11'),(206,'Model','Kiehn, Hessel and Stokes','Gorgeous Concrete Chair','187','Aliquid dolor eaque quia modi tenetur omnis repellendus.','Voluptates earum reprehenderit saepe quos quasi totam magnam.',NULL,NULL,3,0,'Aliquid exercitationem nihil mollitia vero accusantium minima natus.','Ea autem sint a modi soluta.','2012-06-26 23:37:11','2012-06-26 23:37:11'),(207,'Model','Kshlerin, Champlin and Marvin','Practical Granite Pants','188','At ut minus dolores.','Fugiat quidem totam sed.',NULL,NULL,3,0,'Corporis in odio maiores aut.','Eveniet autem aspernatur natus vel fugit minus deleniti.','2012-06-26 23:37:11','2012-06-26 23:37:11'),(208,'Model','Larkin, Luettgen and Hauck','Practical Cotton Computer','189','Facere vero cum repellendus est sit quae ducimus.','Natus rerum molestias et.',NULL,NULL,2,0,'Voluptatibus enim animi nostrum sapiente.','Tenetur labore autem qui harum est.','2012-06-26 23:37:11','2012-06-26 23:37:11'),(209,'Model','Hayes-Harvey','Gorgeous Steel Table','190','Amet soluta magni officia.','Id porro dolore optio ex iusto nostrum aliquid beatae.',NULL,NULL,0,0,'Molestiae magni commodi suscipit ipsam aut itaque officiis repudiandae.','Est earum nemo omnis perferendis excepturi accusamus inventore.','2012-06-26 23:37:11','2012-06-26 23:37:11'),(210,'Model','Crist-Little','Practical Plastic Table','191','Earum quae corrupti consequatur labore.','Molestias maiores commodi libero error.',NULL,NULL,3,0,'Tempora et commodi dignissimos non voluptas asperiores facere totam.','Quidem officiis eveniet rerum impedit sit minima.','2012-06-26 23:37:11','2012-06-26 23:37:11'),(211,'Model','Veum LLC','Sleek Plastic Pants','192','Veniam accusantium quia harum possimus sed atque voluptatum.','Dolorum dicta blanditiis aut vitae nihil corporis earum.',NULL,NULL,3,0,'Dolor eius sed alias.','Consectetur veniam impedit at voluptatem laborum minus tempora.','2012-06-26 23:37:11','2012-06-26 23:37:11'),(212,'Model','Rodriguez, Klocko and Wisozk','Small Rubber Shirt','193','Commodi id qui doloribus et et itaque vel.','Error iure tenetur consequuntur.',NULL,NULL,2,0,'Possimus saepe enim molestias facilis natus est sit.','Cupiditate labore repellendus sint perferendis quisquam consectetur.','2012-06-26 23:37:11','2012-06-26 23:37:11'),(213,'Model','Steuber and Sons','Ergonomic Cotton Computer','194','Fugit deleniti aperiam nihil.','Laudantium consectetur ex qui aut sint unde.',NULL,NULL,0,0,'Vitae dolorem voluptatibus laboriosam illum nihil error accusamus aut.','Fuga autem iure officiis aut aut dignissimos et.','2012-06-26 23:37:11','2012-06-26 23:37:11'),(214,'Model','Bechtelar LLC','Intelligent Wooden Car','195','Deleniti animi aliquid sunt suscipit.','Pariatur ad facere quia.',NULL,NULL,0,0,'Quo cupiditate ipsum nobis suscipit eligendi minima quo similique.','Magnam expedita dolor sit excepturi.','2012-06-26 23:37:11','2012-06-26 23:37:11'),(215,'Model','Predovic-Hickle','Awesome Rubber Car','196','Doloremque dignissimos non ullam quae et ipsam ducimus.','Quos nihil dolorem quas aliquid assumenda ea.',NULL,NULL,0,0,'Ipsum tempora quis vel.','Ut molestiae error praesentium.','2012-06-26 23:37:11','2012-06-26 23:37:11'),(216,'Model','Mayert, Powlowski and Reichert','Rustic Plastic Pants','197','Magnam vel nemo ut.','Quaerat sed magni esse ut et nulla optio aut.',NULL,NULL,2,0,'Possimus quia nam consequatur quia temporibus.','Est id et ea amet laboriosam culpa.','2012-06-26 23:37:11','2012-06-26 23:37:11'),(217,'Model','Gaylord Group','Sleek Concrete Table','198','Nemo optio quod rerum et dolor magni mollitia cumque.','Aliquid excepturi consectetur molestias rerum amet quam iusto.',NULL,NULL,2,0,'Nulla velit est cum omnis qui ad in.','Nihil sed iure praesentium aut reprehenderit.','2012-06-26 23:37:11','2012-06-26 23:37:11'),(218,'Model','Kemmer-Borer','Incredible Granite Gloves','199','Laborum vero ex reprehenderit ipsam illo culpa dolor.','Et modi autem delectus ratione reiciendis maiores.',NULL,NULL,3,0,'In dolore quia consequatur ex incidunt.','Ad quo eveniet minus dicta animi accusantium cupiditate.','2012-06-26 23:37:11','2012-06-26 23:37:11'),(219,'Model','McLaughlin, DuBuque and Keebler','Gorgeous Concrete Car','200','Qui blanditiis tempora quia commodi quae qui aperiam.','Sit quidem et veniam consectetur est pariatur aut.',NULL,NULL,3,0,'Exercitationem sunt doloremque adipisci sit perspiciatis et voluptas.','Saepe quos maxime ratione quae.','2012-06-26 23:37:11','2012-06-26 23:37:11'),(220,'Model','Powlowski, Mills and Hickle','Fantastic Granite Computer','201','Fugit sequi occaecati voluptate accusamus consequuntur.','Est quis corrupti eius assumenda eaque.',NULL,NULL,1,0,'Ut vel ipsum vitae sed qui possimus.','Occaecati itaque doloribus dolor ea et earum deserunt.','2012-06-26 23:37:11','2012-06-26 23:37:11'),(221,'Model','Runolfsdottir Group','Fantastic Steel Table','202','Nam sit exercitationem iusto.','Quaerat rem iure natus aliquid voluptas.',NULL,NULL,0,0,'Illo quis incidunt saepe aut.','Beatae dolores dolores harum repudiandae nemo quia nihil.','2012-06-26 23:37:11','2012-06-26 23:37:11'),(222,'Model','Spinka LLC','Fantastic Rubber Computer','203','Ipsum qui rerum et rerum assumenda reiciendis similique.','Asperiores mollitia explicabo et nulla quasi illum minus soluta.',NULL,NULL,0,0,'Vel numquam ea earum.','Facere voluptates possimus omnis ratione et.','2012-06-26 23:37:11','2012-06-26 23:37:11'),(223,'Model','McLaughlin Group','Small Concrete Gloves','204','Eos est ipsum consequatur dicta cupiditate ut aut iusto.','Corrupti velit at ut temporibus illo.',NULL,NULL,2,0,'Et ratione explicabo repellat.','Qui aut odio consequuntur mollitia eveniet facilis odit in.','2012-06-26 23:37:11','2012-06-26 23:37:11'),(224,'Model','Marquardt Inc','Sleek Granite Gloves','205','Molestiae sit in eum.','Repellendus totam voluptatibus fugiat voluptatem ipsa ipsum maiores.',NULL,NULL,0,0,'Error quia totam eveniet officiis sint porro voluptates.','Qui consequatur voluptas rerum dolor.','2012-06-26 23:37:11','2012-06-26 23:37:11'),(225,'Model','Hoppe, Considine and Dooley','Ergonomic Rubber Hat','206','Velit magnam minima sit eum.','Quam nihil fuga voluptates totam modi porro esse.',NULL,NULL,1,0,'Ducimus aperiam harum autem officiis.','Et nisi sunt velit cupiditate.','2012-06-26 23:37:11','2012-06-26 23:37:11'),(226,'Model','Mann-Hintz','Rustic Concrete Table','207','Rem et id eum sint officiis est ut nihil.','Voluptatem quae vitae hic aut suscipit possimus aspernatur quos.',NULL,NULL,3,0,'Dolorem nihil vero quo consequatur dolor nulla quo velit.','Qui occaecati magnam neque.','2012-06-26 23:37:11','2012-06-26 23:37:11'),(227,'Model','Carroll Inc','Sleek Wooden Table','208','Aut assumenda tempore doloremque repellendus praesentium quo.','Qui possimus nihil maiores omnis culpa.',NULL,NULL,3,0,'Ipsam et earum consequatur.','Sed adipisci deserunt soluta quaerat exercitationem quis quisquam officiis.','2012-06-26 23:37:11','2012-06-26 23:37:11'),(228,'Model','Wolff, Spencer and Cummings','Gorgeous Cotton Chair','209','Id reprehenderit excepturi architecto quia rem.','Dolorem culpa similique qui reprehenderit.',NULL,NULL,2,0,'Maxime vel corrupti rem totam illo.','Ea velit et aut libero laudantium error.','2012-06-26 23:37:11','2012-06-26 23:37:11'),(229,'Model','Dare Group','Rustic Steel Gloves','210','Odit sed aut beatae.','Deleniti harum commodi dolore sunt fugiat.',NULL,NULL,2,0,'Autem laborum ut dolor velit dolore enim et ducimus.','Veritatis quisquam rem praesentium voluptate facere autem.','2012-06-26 23:37:11','2012-06-26 23:37:11'),(230,'Model','Gleichner, Gerlach and Smith','Fantastic Rubber Shoes','211','Quia quam quis quo possimus officia sunt debitis.','Et repellendus saepe dolores voluptas quam similique magni.',NULL,NULL,3,0,'Amet dolores omnis minima molestiae.','Aut a fuga est deleniti minus consequuntur aspernatur.','2012-06-26 23:37:11','2012-06-26 23:37:11'),(231,'Model','Reilly Inc','Gorgeous Rubber Hat','212','Iusto vitae qui adipisci numquam a.','Quibusdam et quisquam inventore voluptas a.',NULL,NULL,2,0,'Ut error dolorem doloremque.','Minus ea dolores nisi quo est.','2012-06-26 23:37:11','2012-06-26 23:37:11'),(232,'Model','Kunde-Nicolas','Incredible Cotton Shirt','213','Aut aut eos impedit quia in hic debitis.','Quos ex non ducimus et veritatis facilis.',NULL,NULL,2,0,'Magnam aut eos modi officiis quia inventore.','Laudantium error fuga aut ipsum nam et.','2012-06-19 23:37:11','2012-06-19 23:37:11'),(233,'Model','Ullrich-Pfeffer','Fantastic Concrete Gloves','214','Fugiat beatae nihil porro eaque expedita.','Harum maiores id commodi aut.',NULL,NULL,0,0,'Non nam qui debitis.','Et dolorum tempore autem voluptas qui.','2012-06-19 23:37:11','2012-06-19 23:37:11'),(234,'Model','Kilback-Lebsack','Ergonomic Plastic Shoes','215','Vel minima earum reprehenderit excepturi debitis enim.','Excepturi natus optio dignissimos maxime rerum.',NULL,NULL,3,0,'Incidunt earum laudantium voluptas repudiandae necessitatibus qui.','Ut vitae et voluptates maiores aut.','2012-06-19 23:37:11','2012-06-19 23:37:11'),(235,'Model','Walsh Group','Incredible Cotton Computer','216','Numquam dolores dolor harum laborum.','Tenetur fugit aliquam voluptas.',NULL,NULL,2,0,'Omnis consequuntur tempora voluptatum.','Sit dolor reiciendis est officia beatae perferendis.','2012-06-19 23:37:11','2012-06-19 23:37:11'),(236,'Model','Schultz Group','Incredible Concrete Shoes','217','Sit ut dolor dolor fugit odit ducimus nihil aut.','In autem voluptatum aspernatur asperiores ut magnam quisquam.',NULL,NULL,1,0,'Eum pariatur dolorem sit.','Omnis quae voluptatem autem est sit fugit.','2012-06-26 23:37:11','2012-06-26 23:37:11'),(237,'Software','Little, Parker and Grimes','Incredible Rubber Computer','219',NULL,NULL,NULL,NULL,0,0,NULL,NULL,'2012-06-26 23:37:11','2012-06-26 23:37:11'),(238,'Model','Lesch-Crist','Awesome Plastic Hat','220','Aperiam quam aut consectetur vitae quae in a rerum.','Nisi non aliquid doloremque nam eveniet pariatur occaecati.',NULL,NULL,2,0,'Quae quidem neque aut soluta reiciendis nostrum.','Expedita ea at non est consequuntur dolores.','2012-06-21 23:37:11','2012-06-21 23:37:11'),(239,'Model','Schuppe, Tillman and Berge','Incredible Rubber Table','222','Voluptatem quisquam quidem dignissimos totam et.','Illum sunt ut similique.',NULL,NULL,0,0,'Fugit sequi tempora deleniti vitae.','Itaque deleniti amet modi.','2012-06-26 23:37:11','2012-06-26 23:37:11'),(240,'Software','Stiedemann, Daugherty and Marquardt','Sleek Rubber Table','223',NULL,NULL,NULL,NULL,0,0,NULL,NULL,'2012-06-26 23:37:11','2012-06-26 23:37:11'),(241,'Model','Kshlerin-Dach','Ergonomic Cotton Gloves','224','Natus voluptatem odit quisquam mollitia modi sit nostrum fugit.','Et sunt quos molestias dolorem deleniti.',NULL,NULL,0,0,'Ratione sit est illum voluptatem repellendus ab.','Sed aspernatur qui velit dolore suscipit neque voluptate autem.','2012-06-26 23:37:11','2012-06-26 23:37:11'),(242,'Model','Rice, Weber and Koelpin','Sleek Concrete Shoes','226','Omnis placeat qui corporis libero a.','Quia rerum dolor praesentium sint nobis ut omnis.',NULL,NULL,2,0,'Quo sunt rerum rerum.','Non at hic sit corrupti.','2012-06-26 23:37:11','2012-06-26 23:37:11'),(243,'Model','Berge-Wintheiser','Sleek Granite Shoes','227','Dicta architecto maiores quod et consequatur velit corporis.','Dolorum minima eum eius.',NULL,NULL,3,0,'Et quam illum laborum.','Sit unde voluptates sunt quam.','2012-06-26 23:37:11','2012-06-26 23:37:11'),(244,'Model','Champlin-Raynor','Sleek Steel Computer','228','Aliquam eos et maxime recusandae rerum ipsam vero repellat.','Eum voluptatem tenetur enim incidunt et eius voluptatem.',NULL,NULL,0,0,'Sequi aut voluptates quo.','Veritatis dolores quibusdam quis architecto ullam consectetur porro voluptate.','2012-06-26 23:37:11','2012-06-26 23:37:11'),(245,'Model','Schultz Group','Sleek Granite Chair','229','Commodi adipisci accusamus cumque illum assumenda.','Qui molestiae unde corporis rem pariatur.',NULL,NULL,3,0,'Et omnis enim praesentium fuga vero dolores maxime.','Veniam in aut incidunt velit.','2012-06-26 23:37:11','2012-06-26 23:37:11'),(246,'Model','Krajcik LLC','Sleek Wooden Chair','230','Non quae soluta asperiores ratione rerum modi aut.','Ducimus ea consequatur repellat quaerat quis fugiat explicabo.',NULL,NULL,0,0,'Consequuntur vel sint eius velit repellendus error.','Culpa asperiores exercitationem non rem vitae.','2012-06-26 23:37:11','2012-06-26 23:37:11'),(247,'Model','Baumbach, Treutel and Waters','Intelligent Steel Shoes','231','Consequatur enim facere et.','Ex minima quis labore totam quos.',NULL,NULL,2,0,'Iure aperiam illo nesciunt quo omnis cumque ullam voluptas.','Quibusdam et enim impedit.','2012-06-26 23:37:11','2012-06-26 23:37:11'),(248,'Model','Schulist and Sons','Incredible Plastic Shirt','232','Eius praesentium ea quia voluptatem cumque laborum fuga doloremque.','Asperiores necessitatibus ipsum qui minima dolor quod et voluptatum.',NULL,NULL,3,0,'Laborum suscipit blanditiis fugiat omnis ipsum sequi.','Unde modi ut distinctio.','2012-06-26 23:37:11','2012-06-26 23:37:11'),(249,'Model','Grant Group','Awesome Wooden Chair','233','Doloribus optio omnis rerum quod.','Et vero et delectus voluptatem.',NULL,NULL,3,0,'Voluptas commodi inventore sed consequatur.','Maxime delectus voluptatem iure ut natus et.','2012-06-26 23:37:11','2012-06-26 23:37:11'),(250,'Model','Turner LLC','Small Wooden Chair','234','Similique eveniet a deserunt perferendis.','Dolore atque fuga laborum earum rerum.',NULL,NULL,0,0,'Nobis suscipit ad quia dolore doloribus et.','Quis laborum temporibus enim iste rerum numquam harum suscipit.','2012-06-26 23:37:11','2012-06-26 23:37:11'),(251,'Model','Legros-Hoeger','Fantastic Wooden Car','235','Nobis aut sit consequatur tenetur.','Impedit tempore molestias debitis sed magnam beatae et.',NULL,NULL,1,0,'Quae minus rerum quisquam totam cupiditate.','Autem itaque unde et et aliquam asperiores.','2012-06-26 23:37:11','2012-06-26 23:37:11'),(252,'Model','Macejkovic LLC','Awesome Cotton Car','236','Placeat autem consequuntur quia totam atque qui sit.','Deleniti ratione eum sit odit.',NULL,NULL,1,0,'Et blanditiis id maxime possimus consectetur dolores.','Voluptas aut quisquam ut debitis aliquid labore et.','2012-06-26 23:37:11','2012-06-26 23:37:11'),(253,'Model','Mante-Harber','Fantastic Plastic Pants','237','Minus non omnis ut praesentium non accusantium dicta.','Et expedita ipsum quam distinctio veritatis accusantium nesciunt et.',NULL,NULL,3,0,'Asperiores rem qui recusandae neque enim facilis itaque.','Sint exercitationem magnam expedita vitae qui non.','2012-06-26 23:37:11','2012-06-26 23:37:11'),(254,'Model','Moore LLC','Ergonomic Cotton Shirt','238','Velit impedit vel enim tempore harum enim aut et.','Eligendi cumque et nisi.',NULL,NULL,1,0,'Est rerum optio impedit saepe at deserunt consequatur.','Dicta qui repellat non dolorem voluptates doloremque quia.','2012-06-26 23:37:11','2012-06-26 23:37:11'),(255,'Model','Hagenes and Sons','Rustic Rubber Gloves','239','Rerum cumque nulla voluptates sed et corporis nihil.','Ea in voluptate repellendus vero at et.',NULL,NULL,3,0,'Ad iste minima adipisci tempora eveniet.','Porro accusamus fugiat expedita sunt.','2012-06-26 23:37:11','2012-06-26 23:37:11'),(256,'Model','Schmidt, Hoppe and Donnelly','Sleek Cotton Chair','240','Molestiae ullam perspiciatis beatae dolorem rerum et enim.','Dolor corporis ab et officia laboriosam aut.',NULL,NULL,0,0,'Quibusdam harum repudiandae molestiae et aut omnis soluta.','Non inventore dolorem asperiores aut iusto libero.','2012-06-26 23:37:11','2012-06-26 23:37:11'),(257,'Model','Lynch-McGlynn','Small Concrete Table','241','Necessitatibus aut sed aut.','Explicabo quae hic dolorem commodi.',NULL,NULL,3,0,'Et voluptate dolores veniam eos.','Aut nulla error ipsa tempora pariatur quaerat quidem ducimus.','2012-06-26 23:37:11','2012-06-26 23:37:11'),(258,'Model','Hartmann, Willms and Ebert','Rustic Plastic Hat','242','Cupiditate blanditiis repellat ea doloremque.','Maiores id incidunt maxime minus autem esse ex.',NULL,NULL,2,0,'Et similique laboriosam qui quam.','Delectus rerum praesentium et ut.','2012-06-26 23:37:11','2012-06-26 23:37:11'),(259,'Model','Fahey Inc','Ergonomic Granite Hat','243','Et veniam rerum quasi quos beatae excepturi ex.','Totam maiores quos impedit consectetur non aliquam rerum.',NULL,NULL,0,0,'Rem est voluptas itaque quia veritatis animi.','Sit neque nam aliquid voluptates vitae omnis odit voluptatem.','2012-06-26 23:37:11','2012-06-26 23:37:11'),(260,'Model','Dach, Stroman and Bergnaum','Practical Steel Shirt','244','Ut qui nostrum atque ut.','Quo necessitatibus dicta nesciunt est corrupti totam temporibus.',NULL,NULL,0,0,'Et nostrum nulla rem voluptatem cum.','Mollitia eveniet eum ut culpa.','2012-06-26 23:37:11','2012-06-26 23:37:11'),(261,'Model','Roberts Group','Rustic Concrete Gloves','245','Dolores quasi qui sapiente iure aut necessitatibus eum.','Nihil dolore aut pariatur perspiciatis quia molestias.',NULL,NULL,3,0,'Qui nihil excepturi cumque aut corrupti.','Dolor aut est necessitatibus error commodi reiciendis ea nesciunt.','2012-06-26 23:37:11','2012-06-26 23:37:11'),(262,'Model','Mitchell-Wolf','Practical Rubber Shirt','246','Rerum dolorum et et cum illum qui.','Velit maiores soluta consectetur quidem perspiciatis earum.',NULL,NULL,1,0,'Ea dolore laudantium aut laborum aperiam voluptate quisquam.','Enim illo quos sequi eum sit in.','2012-06-26 23:37:11','2012-06-26 23:37:11'),(263,'Model','Gusikowski-Bode','Small Steel Chair','247','Doloribus amet eos illum voluptatem mollitia voluptatem officia.','Velit est blanditiis illo voluptate dolorem laboriosam corrupti corporis.',NULL,NULL,2,0,'Voluptatem ut dolorem similique doloremque.','Ab minus assumenda odit.','2012-06-21 23:37:11','2012-06-21 23:37:11'),(264,'Model','Schulist, Kautzer and Gibson','Gorgeous Rubber Chair','248','In non accusamus et corrupti commodi consequatur.','Rerum sed sunt ipsa fugit.',NULL,NULL,3,0,'Saepe quo ut et.','Officiis harum quaerat officia minus.','2012-06-21 23:37:11','2012-06-21 23:37:11'),(265,'Model','Botsford, Ledner and Turner','Fantastic Plastic Shoes','249','Quis veniam dolorum laborum enim pariatur amet.','Totam ipsa dolorum explicabo sed consequatur aut numquam necessitatibus.',NULL,NULL,3,0,'Qui consequatur odio nemo quas quos alias qui facere.','Consequuntur quia quia dolores itaque sed amet quae iste.','2012-06-21 23:37:11','2012-06-21 23:37:11'),(266,'Model','Steuber and Sons','Fantastic Granite Pants','250','Quaerat reprehenderit aperiam molestias nesciunt odit suscipit in quis.','Et perspiciatis totam aspernatur vel ut reprehenderit officia.',NULL,NULL,1,0,'Culpa eum animi expedita officiis soluta unde repudiandae.','Quisquam occaecati esse repellat id est.','2012-06-21 23:37:11','2012-06-21 23:37:11'),(267,'Model','Durgan, Conn and Kris','Fantastic Plastic Hat','251','Velit et sapiente pariatur voluptas quisquam.','Quia doloribus non porro iure harum.',NULL,NULL,0,0,'Neque ut ex rerum.','Fugit vero quia occaecati est nam ut quia.','2012-06-21 23:37:11','2012-06-21 23:37:11'),(268,'Model','Metz, Erdman and Kreiger','Rustic Concrete Pants','252','A quia cumque quia et ratione.','Dolores dolore voluptate ad exercitationem sunt veritatis perspiciatis.',NULL,NULL,3,0,'Accusantium provident enim ut illum ea asperiores odio.','Optio rerum asperiores mollitia accusantium ad occaecati.','2012-06-20 23:37:11','2012-06-20 23:37:11'),(269,'Model','Price-Cartwright','Fantastic Steel Gloves','253','Officia harum vero aut.','Repellat error labore quo illum qui.',NULL,NULL,1,0,'Veniam consequatur nobis quis.','Blanditiis ex eos doloribus aliquam fuga aut assumenda hic.','2012-06-20 23:37:11','2012-06-20 23:37:11'),(270,'Model','Paucek Inc','Awesome Steel Car','254','Sunt aut alias architecto provident in repudiandae totam rerum.','Consequatur facere nihil veritatis non placeat odit quis.',NULL,NULL,2,0,'Autem saepe tenetur autem deleniti et aut.','Dolorem est est distinctio ducimus eum.','2012-06-20 23:37:11','2012-06-20 23:37:11');
/*!40000 ALTER TABLE `models` ENABLE KEYS */;
UNLOCK TABLES;

--
-- Table structure for table `models_compatibles`
--

DROP TABLE IF EXISTS `models_compatibles`;
/*!40101 SET @saved_cs_client     = @@character_set_client */;
/*!40101 SET character_set_client = utf8 */;
CREATE TABLE `models_compatibles` (
  `model_id` int(11) DEFAULT NULL,
  `compatible_id` int(11) DEFAULT NULL,
  KEY `index_models_compatibles_on_compatible_id` (`compatible_id`),
  KEY `index_models_compatibles_on_model_id` (`model_id`),
  CONSTRAINT `models_compatibles_compatible_id_fk` FOREIGN KEY (`compatible_id`) REFERENCES `models` (`id`),
  CONSTRAINT `models_compatibles_model_id_fk` FOREIGN KEY (`model_id`) REFERENCES `models` (`id`)
) ENGINE=InnoDB DEFAULT CHARSET=utf8 COLLATE=utf8_unicode_ci;
/*!40101 SET character_set_client = @saved_cs_client */;

--
-- Dumping data for table `models_compatibles`
--

LOCK TABLES `models_compatibles` WRITE;
/*!40000 ALTER TABLE `models_compatibles` DISABLE KEYS */;
INSERT INTO `models_compatibles` VALUES (15,14),(16,14),(17,14);
/*!40000 ALTER TABLE `models_compatibles` ENABLE KEYS */;
UNLOCK TABLES;

--
-- Table structure for table `notifications`
--

DROP TABLE IF EXISTS `notifications`;
/*!40101 SET @saved_cs_client     = @@character_set_client */;
/*!40101 SET character_set_client = utf8 */;
CREATE TABLE `notifications` (
  `id` int(11) NOT NULL AUTO_INCREMENT,
  `user_id` int(11) DEFAULT NULL,
  `title` varchar(255) COLLATE utf8_unicode_ci DEFAULT '',
  `created_at` datetime NOT NULL,
  PRIMARY KEY (`id`),
  KEY `index_notifications_on_user_id` (`user_id`),
  CONSTRAINT `notifications_user_id_fk` FOREIGN KEY (`user_id`) REFERENCES `users` (`id`) ON DELETE CASCADE
) ENGINE=InnoDB DEFAULT CHARSET=utf8 COLLATE=utf8_unicode_ci;
/*!40101 SET character_set_client = @saved_cs_client */;

--
-- Dumping data for table `notifications`
--

LOCK TABLES `notifications` WRITE;
/*!40000 ALTER TABLE `notifications` DISABLE KEYS */;
/*!40000 ALTER TABLE `notifications` ENABLE KEYS */;
UNLOCK TABLES;

--
-- Table structure for table `numerators`
--

DROP TABLE IF EXISTS `numerators`;
/*!40101 SET @saved_cs_client     = @@character_set_client */;
/*!40101 SET character_set_client = utf8 */;
CREATE TABLE `numerators` (
  `id` int(11) NOT NULL AUTO_INCREMENT,
  `item` int(11) DEFAULT NULL,
  PRIMARY KEY (`id`)
) ENGINE=InnoDB DEFAULT CHARSET=utf8 COLLATE=utf8_unicode_ci;
/*!40101 SET character_set_client = @saved_cs_client */;

--
-- Dumping data for table `numerators`
--

LOCK TABLES `numerators` WRITE;
/*!40000 ALTER TABLE `numerators` DISABLE KEYS */;
/*!40000 ALTER TABLE `numerators` ENABLE KEYS */;
UNLOCK TABLES;

--
-- Table structure for table `options`
--

DROP TABLE IF EXISTS `options`;
/*!40101 SET @saved_cs_client     = @@character_set_client */;
/*!40101 SET character_set_client = utf8 */;
CREATE TABLE `options` (
  `id` int(11) NOT NULL AUTO_INCREMENT,
  `inventory_pool_id` int(11) DEFAULT NULL,
  `inventory_code` varchar(255) COLLATE utf8_unicode_ci DEFAULT NULL,
  `manufacturer` varchar(255) COLLATE utf8_unicode_ci DEFAULT NULL,
  `product` varchar(255) COLLATE utf8_unicode_ci NOT NULL,
  `version` varchar(255) COLLATE utf8_unicode_ci DEFAULT NULL,
  `price` decimal(8,2) DEFAULT NULL,
  PRIMARY KEY (`id`),
  KEY `index_options_on_inventory_pool_id` (`inventory_pool_id`),
  CONSTRAINT `options_inventory_pool_id_fk` FOREIGN KEY (`inventory_pool_id`) REFERENCES `inventory_pools` (`id`)
) ENGINE=InnoDB AUTO_INCREMENT=8 DEFAULT CHARSET=utf8 COLLATE=utf8_unicode_ci;
/*!40101 SET character_set_client = @saved_cs_client */;

--
-- Dumping data for table `options`
--

LOCK TABLES `options` WRITE;
/*!40000 ALTER TABLE `options` DISABLE KEYS */;
INSERT INTO `options` VALUES (1,1,'akku-aa',NULL,'Akku AA','88','988.00'),(2,1,'akku-aaa',NULL,'Akku AAA','89','480.00'),(3,1,'usb',NULL,'USB Kabel','90','824.00'),(4,1,'sandsack123',NULL,'Sandsack','91','613.00'),(5,1,'fug6513',NULL,'Sleek Wooden Car','218','737.00'),(6,2,'con5944',NULL,'Gorgeous Rubber Pants','221','534.00'),(7,1,'adm3557',NULL,'Ergonomic Plastic Car','225','632.00');
/*!40000 ALTER TABLE `options` ENABLE KEYS */;
UNLOCK TABLES;

--
-- Table structure for table `partitions`
--

DROP TABLE IF EXISTS `partitions`;
/*!40101 SET @saved_cs_client     = @@character_set_client */;
/*!40101 SET character_set_client = utf8 */;
CREATE TABLE `partitions` (
  `id` int(11) NOT NULL AUTO_INCREMENT,
  `model_id` int(11) DEFAULT NULL,
  `inventory_pool_id` int(11) DEFAULT NULL,
  `group_id` int(11) DEFAULT NULL,
  `quantity` int(11) DEFAULT NULL,
  PRIMARY KEY (`id`),
  UNIQUE KEY `index_partitions_on_model_id_and_inventory_pool_id_and_group_id` (`model_id`,`inventory_pool_id`,`group_id`),
  KEY `partitions_group_id_fk` (`group_id`),
  KEY `partitions_inventory_pool_id_fk` (`inventory_pool_id`),
  CONSTRAINT `partitions_model_id_fk` FOREIGN KEY (`model_id`) REFERENCES `models` (`id`) ON DELETE CASCADE,
  CONSTRAINT `partitions_group_id_fk` FOREIGN KEY (`group_id`) REFERENCES `groups` (`id`),
  CONSTRAINT `partitions_inventory_pool_id_fk` FOREIGN KEY (`inventory_pool_id`) REFERENCES `inventory_pools` (`id`)
) ENGINE=InnoDB AUTO_INCREMENT=11 DEFAULT CHARSET=utf8 COLLATE=utf8_unicode_ci;
/*!40101 SET character_set_client = @saved_cs_client */;

--
-- Dumping data for table `partitions`
--

LOCK TABLES `partitions` WRITE;
/*!40000 ALTER TABLE `partitions` DISABLE KEYS */;
INSERT INTO `partitions` VALUES (1,10,1,4,1),(2,8,1,1,1),(3,8,1,2,1),(4,15,1,1,1),(5,16,1,5,1),(6,17,1,6,1),(7,19,1,7,1),(8,21,1,7,1),(9,20,1,8,1),(10,22,1,10,1);
/*!40000 ALTER TABLE `partitions` ENABLE KEYS */;
UNLOCK TABLES;

--
-- Temporary table structure for view `partitions_with_generals`
--

DROP TABLE IF EXISTS `partitions_with_generals`;
/*!50001 DROP VIEW IF EXISTS `partitions_with_generals`*/;
SET @saved_cs_client     = @@character_set_client;
SET character_set_client = utf8;
/*!50001 CREATE TABLE `partitions_with_generals` (
  `model_id` int(11),
  `inventory_pool_id` int(11),
  `group_id` int(11),
  `quantity` decimal(33,0)
) ENGINE=MyISAM */;
SET character_set_client = @saved_cs_client;

--
-- Table structure for table `properties`
--

DROP TABLE IF EXISTS `properties`;
/*!40101 SET @saved_cs_client     = @@character_set_client */;
/*!40101 SET character_set_client = utf8 */;
CREATE TABLE `properties` (
  `id` int(11) NOT NULL AUTO_INCREMENT,
  `model_id` int(11) DEFAULT NULL,
  `key` varchar(255) COLLATE utf8_unicode_ci DEFAULT NULL,
  `value` varchar(255) COLLATE utf8_unicode_ci DEFAULT NULL,
  PRIMARY KEY (`id`),
  KEY `index_properties_on_model_id` (`model_id`),
  CONSTRAINT `properties_model_id_fk` FOREIGN KEY (`model_id`) REFERENCES `models` (`id`) ON DELETE CASCADE
) ENGINE=InnoDB AUTO_INCREMENT=13 DEFAULT CHARSET=utf8 COLLATE=utf8_unicode_ci;
/*!40101 SET character_set_client = @saved_cs_client */;

--
-- Dumping data for table `properties`
--

LOCK TABLES `properties` WRITE;
/*!40000 ALTER TABLE `properties` DISABLE KEYS */;
INSERT INTO `properties` VALUES (1,15,'Rotordurchmesser','120'),(2,15,'Akkus','2'),(3,15,'Farbe','Rot'),(4,16,'Rotordurchmesser','120'),(5,16,'Akkus','2'),(6,16,'Farbe','Rot'),(7,16,'max. Speed','80 kmh'),(8,16,'Gyro','Ja'),(9,16,'Achsen','3-Achsen'),(10,17,'Rotordurchmesser','120'),(11,17,'Akkus','2'),(12,17,'Farbe','Rot');
/*!40000 ALTER TABLE `properties` ENABLE KEYS */;
UNLOCK TABLES;

--
-- Table structure for table `purposes`
--

DROP TABLE IF EXISTS `purposes`;
/*!40101 SET @saved_cs_client     = @@character_set_client */;
/*!40101 SET character_set_client = utf8 */;
CREATE TABLE `purposes` (
  `id` int(11) NOT NULL AUTO_INCREMENT,
  `description` text COLLATE utf8_unicode_ci,
  PRIMARY KEY (`id`)
) ENGINE=InnoDB AUTO_INCREMENT=73 DEFAULT CHARSET=utf8 COLLATE=utf8_unicode_ci;
/*!40101 SET character_set_client = @saved_cs_client */;

--
-- Dumping data for table `purposes`
--

LOCK TABLES `purposes` WRITE;
/*!40000 ALTER TABLE `purposes` DISABLE KEYS */;
INSERT INTO `purposes` VALUES (1,'Bentige ich fr die Aufnahmen meiner Abschlussarbeit.'),(2,'Bentige ich fr die Aufnahmen meiner Abschlussarbeit.'),(3,'Aliquid sit illum et itaque architecto sit fugit.'),(4,'Sed laboriosam porro quia.'),(5,'Et recusandae repellat aut vero quam omnis aut.'),(6,'Nisi distinctio et est et eligendi rerum ullam.'),(7,'Sit rerum consequatur tempora autem.'),(8,'Ersatzstativ fr die Ausstellung.'),(9,'Ersatzstativ fr die Ausstellung.'),(10,'Ersatzstativ fr die Ausstellung.'),(11,'Ersatzstativ fr die Ausstellung.'),(12,'Ersatzstativ fr die Ausstellung.'),(13,'Ersatzstativ fr die Ausstellung.'),(14,'Ersatzstativ fr die Ausstellung.'),(15,'Ersatzstativ fr die Ausstellung.'),(16,'Ersatzstativ fr die Ausstellung.'),(17,'Ersatzstativ fr die Ausstellung.'),(18,'Fr meinen aktuellen Kurs.'),(19,'Fr meinen aktuellen Kurs.'),(20,'Fr meinen aktuellen Kurs.'),(21,'Fr meinen aktuellen Kurs.'),(22,'Non repudiandae voluptatibus doloribus inventore vitae ducimus vero.'),(23,'Illum facilis non explicabo.'),(24,'Esse quo fugit ipsam impedit reiciendis ipsa et exercitationem.'),(25,'Ersatzstativ fr die Ausstellung.'),(26,'Ersatzstativ fr die Ausstellung.'),(27,'Ersatzstativ fr die Ausstellung.'),(28,'Nihil dolore explicabo eos voluptatibus voluptatem quis aperiam.'),(29,'Et accusantium voluptas eos.'),(30,'In dolor est explicabo aspernatur quae.'),(31,'Laudantium consequatur optio odit sit molestiae.'),(32,'Cumque alias quis recusandae animi illo.'),(33,'Aut cum rerum et sed aperiam reprehenderit esse minus.'),(34,'Est sit exercitationem tempora.'),(35,'Non sed assumenda temporibus amet ducimus tempora.'),(36,'Id iusto ut voluptatem et rerum inventore aut esse.'),(37,'Unde aut nobis sit vero aut.'),(38,'Voluptate ea voluptatum velit rerum odio.'),(39,'Ersatzstativ fr die Ausstellung.'),(40,'Fr das zweite Austellungswochenende.'),(41,'Fr das zweite Austellungswochenende.'),(42,'Fr das dritte Austellungswochenende.'),(43,'Fr die Abschlussarbeit.'),(44,'Ersatzstativ fr die Ausstellung.'),(45,'Ersatzstativ fr die Ausstellung.'),(46,'Ersatzstativ fr die Ausstellung.'),(47,'Bestellung mit Software'),(48,'Bestellung mit Gegenstand ohne Ort'),(49,'Um meine Abschlussarbeit zu fotografieren.'),(50,'Als Ersatz.'),(51,'Officia ex necessitatibus voluptas alias earum excepturi magni.'),(52,'Praesentium illum amet id dolore odit et.'),(53,'Um meine Abschlussarbeit zu fotografieren.'),(54,'Um meine Abschlussarbeit zu fotografieren.'),(55,'Um meine Abschlussarbeit zu fotografieren.'),(56,'Dolor dolores velit architecto culpa sed quia.'),(57,'Voluptas officiis vel et sed optio porro enim dolorem.'),(58,'Paketausgabe'),(59,'Ersatzstativ fr die Ausstellung.'),(60,'Ersatzstativ fr die Ausstellung.'),(61,'Ganz dringend bentigt fr meine Abschlussarbeit.'),(62,'Um meine Abschlussarbeit zu fotografieren.'),(63,'Um meine Abschlussarbeit zu fotografieren.'),(64,'Fotoshooting (Kurs Fotografie).'),(65,'Brauche ich zwingend fr meinen Kurs.'),(66,'Quis fuga velit voluptatem pariatur autem porro est.'),(67,'Fuga enim est velit ipsam.'),(68,'Sapiente ut ut amet ut dolores et soluta.'),(69,'Consequatur fuga qui officia id aut.'),(70,'Facere nulla eius et officia reiciendis.'),(71,'Ersatzstativ fr die Ausstellung.'),(72,'Ersatzstativ fr die Ausstellung.');
/*!40000 ALTER TABLE `purposes` ENABLE KEYS */;
UNLOCK TABLES;

--
-- Table structure for table `schema_migrations`
--

DROP TABLE IF EXISTS `schema_migrations`;
/*!40101 SET @saved_cs_client     = @@character_set_client */;
/*!40101 SET character_set_client = utf8 */;
CREATE TABLE `schema_migrations` (
  `version` varchar(255) COLLATE utf8_unicode_ci NOT NULL,
  UNIQUE KEY `unique_schema_migrations` (`version`)
) ENGINE=InnoDB DEFAULT CHARSET=utf8 COLLATE=utf8_unicode_ci;
/*!40101 SET character_set_client = @saved_cs_client */;

--
-- Dumping data for table `schema_migrations`
--

LOCK TABLES `schema_migrations` WRITE;
/*!40000 ALTER TABLE `schema_migrations` DISABLE KEYS */;
INSERT INTO `schema_migrations` VALUES ('20140410180000'),('20140414100000'),('20140415083535'),('20140417113831'),('20140428092844'),('20140515131025'),('20140812132326'),('20140820100242'),('20140828082448'),('20140901141016'),('20140903105715'),('20140905091014'),('20141110113231'),('20141212132127'),('20150113215946'),('20150127203913');
/*!40000 ALTER TABLE `schema_migrations` ENABLE KEYS */;
UNLOCK TABLES;

--
-- Table structure for table `settings`
--

DROP TABLE IF EXISTS `settings`;
/*!40101 SET @saved_cs_client     = @@character_set_client */;
/*!40101 SET character_set_client = utf8 */;
CREATE TABLE `settings` (
  `id` int(11) NOT NULL AUTO_INCREMENT,
  `smtp_address` varchar(255) COLLATE utf8_unicode_ci DEFAULT NULL,
  `smtp_port` int(11) DEFAULT NULL,
  `smtp_domain` varchar(255) COLLATE utf8_unicode_ci DEFAULT NULL,
  `local_currency_string` varchar(255) COLLATE utf8_unicode_ci DEFAULT NULL,
  `contract_terms` text COLLATE utf8_unicode_ci,
  `contract_lending_party_string` text COLLATE utf8_unicode_ci,
  `email_signature` varchar(255) COLLATE utf8_unicode_ci DEFAULT NULL,
  `default_email` varchar(255) COLLATE utf8_unicode_ci DEFAULT NULL,
  `deliver_order_notifications` tinyint(1) DEFAULT NULL,
  `user_image_url` varchar(255) COLLATE utf8_unicode_ci DEFAULT NULL,
  `ldap_config` varchar(255) COLLATE utf8_unicode_ci DEFAULT NULL,
  `logo_url` varchar(255) COLLATE utf8_unicode_ci DEFAULT NULL,
  `mail_delivery_method` varchar(255) COLLATE utf8_unicode_ci DEFAULT NULL,
  `smtp_username` varchar(255) COLLATE utf8_unicode_ci DEFAULT NULL,
  `smtp_password` varchar(255) COLLATE utf8_unicode_ci DEFAULT NULL,
  `smtp_enable_starttls_auto` tinyint(1) NOT NULL DEFAULT '0',
  `smtp_openssl_verify_mode` varchar(255) COLLATE utf8_unicode_ci NOT NULL DEFAULT 'none',
  `time_zone` varchar(255) COLLATE utf8_unicode_ci NOT NULL DEFAULT 'Bern',
  `disable_manage_section` tinyint(1) NOT NULL DEFAULT '0',
  `disable_manage_section_message` text COLLATE utf8_unicode_ci,
  `disable_borrow_section` tinyint(1) NOT NULL DEFAULT '0',
  `disable_borrow_section_message` text COLLATE utf8_unicode_ci,
  `text` text COLLATE utf8_unicode_ci,
  PRIMARY KEY (`id`)
) ENGINE=InnoDB AUTO_INCREMENT=2 DEFAULT CHARSET=utf8 COLLATE=utf8_unicode_ci;
/*!40101 SET character_set_client = @saved_cs_client */;

--
-- Dumping data for table `settings`
--

LOCK TABLES `settings` WRITE;
/*!40000 ALTER TABLE `settings` DISABLE KEYS */;
INSERT INTO `settings` VALUES (1,'smtp.zhdk.ch',25,'beta.ausleihe.zhdk.ch','CHF','Die Benutzerin/der Benutzer ist bei unsachgemsser Handhabung oder Verlust schadenersatzpflichtig. Sie/Er verpflichtet sich, das Material sorgfltig zu behandeln und gereinigt zu retournieren. Bei mangelbehafteter oder verspteter Rckgabe kann eine Ausleihsperre (bis zu 6 Monaten) verhngt werden. Das geliehene Material bleibt jederzeit uneingeschrnktes Eigentum der Zrcher Hochschule der Knste und darf ausschliesslich fr schulische Zwecke eingesetzt werden. Mit ihrer/seiner Unterschrift akzeptiert die Benutzerin/der Benutzer diese Bedingungen sowie die \'Richtlinie zur Ausleihe von Sachen\' der ZHdK und etwaige abteilungsspezifische Ausleih-Richtlinien.','Your\nAddress\nHere','Das PZ-leihs Team','sender@example.com',0,'http://www.zhdk.ch/?person/foto&width=100&compressionlevel=0&id={:id}',NULL,'/assets/image-logo-zhdk.png','test',NULL,NULL,0,'none','Bern',0,NULL,0,NULL,NULL);
/*!40000 ALTER TABLE `settings` ENABLE KEYS */;
UNLOCK TABLES;

--
-- Table structure for table `suppliers`
--

DROP TABLE IF EXISTS `suppliers`;
/*!40101 SET @saved_cs_client     = @@character_set_client */;
/*!40101 SET character_set_client = utf8 */;
CREATE TABLE `suppliers` (
  `id` int(11) NOT NULL AUTO_INCREMENT,
  `name` varchar(255) COLLATE utf8_unicode_ci NOT NULL,
  `created_at` datetime DEFAULT NULL,
  `updated_at` datetime DEFAULT NULL,
  PRIMARY KEY (`id`),
  UNIQUE KEY `index_suppliers_on_name` (`name`)
) ENGINE=InnoDB AUTO_INCREMENT=268 DEFAULT CHARSET=utf8 COLLATE=utf8_unicode_ci;
/*!40101 SET character_set_client = @saved_cs_client */;

--
-- Dumping data for table `suppliers`
--

LOCK TABLES `suppliers` WRITE;
/*!40000 ALTER TABLE `suppliers` DISABLE KEYS */;
INSERT INTO `suppliers` VALUES (1,'anemoomnis','2012-06-26 23:37:11','2012-06-26 23:37:11'),(2,'etfugitimpedit','2012-06-26 23:37:11','2012-06-26 23:37:11'),(3,'voluptatesquidemreiciendisdoloraut','2012-06-26 23:37:11','2012-06-26 23:37:11'),(4,'adipiscimagnidolores','2012-06-26 23:37:11','2012-06-26 23:37:11'),(5,'beataeidlaborumveroblanditiis','2012-06-26 23:37:11','2012-06-26 23:37:11'),(6,'consecteturvoluptatibusatque','2012-06-26 23:37:11','2012-06-26 23:37:11'),(7,'omnisodit','2012-06-26 23:37:11','2012-06-26 23:37:11'),(8,'corruptiestdictarerumea','2012-06-26 23:37:11','2012-06-26 23:37:11'),(9,'inventorequidem','2012-06-26 23:37:11','2012-06-26 23:37:11'),(10,'dolordolorem','2012-06-26 23:37:11','2012-06-26 23:37:11'),(11,'illumdelenitimolestiaeliberoculpa','2012-06-26 23:37:11','2012-06-26 23:37:11'),(12,'sitsimiliquesintetnihil','2012-06-26 23:37:11','2012-06-26 23:37:11'),(13,'quisetmolestiaequoquos','2012-06-26 23:37:11','2012-06-26 23:37:11'),(14,'harumetdistinctio','2012-06-26 23:37:11','2012-06-26 23:37:11'),(15,'eiussedblanditiiscorporis','2012-06-26 23:37:11','2012-06-26 23:37:11'),(16,'voluptatemvoluptatemrationeimpedit','2012-06-26 23:37:11','2012-06-26 23:37:11'),(17,'etfugiatada','2012-06-26 23:37:11','2012-06-26 23:37:11'),(18,'debitisbeatae','2012-06-26 23:37:11','2012-06-26 23:37:11'),(19,'quodaspernaturutoptio','2012-06-26 23:37:11','2012-06-26 23:37:11'),(20,'maiorestempore','2012-06-26 23:37:11','2012-06-26 23:37:11'),(21,'cupiditatemolestiaeimpedit','2012-06-26 23:37:11','2012-06-26 23:37:11'),(22,'iurefugitoccaecati','2012-06-26 23:37:11','2012-06-26 23:37:11'),(23,'ametmodiuteum','2012-06-26 23:37:11','2012-06-26 23:37:11'),(24,'delectusperferendis','2012-06-26 23:37:11','2012-06-26 23:37:11'),(25,'numquamautemquis','2012-06-26 23:37:11','2012-06-26 23:37:11'),(26,'quaeratenim','2012-06-26 23:37:11','2012-06-26 23:37:11'),(27,'quisincidunt','2012-06-26 23:37:11','2012-06-26 23:37:11'),(28,'aliquamquis','2012-06-26 23:37:11','2012-06-26 23:37:11'),(29,'voluptatesmollitiaetaeum','2012-06-26 23:37:11','2012-06-26 23:37:11'),(30,'quamtemporanostrum','2012-06-26 23:37:11','2012-06-26 23:37:11'),(31,'delenititemporibusin','2012-06-26 23:37:11','2012-06-26 23:37:11'),(32,'hictotam','2012-06-26 23:37:11','2012-06-26 23:37:11'),(33,'etdolorumlaudantiumexcepturiqui','2012-06-26 23:37:11','2012-06-26 23:37:11'),(34,'exmaiores','2012-06-26 23:37:11','2012-06-26 23:37:11'),(35,'aspernaturinventoreetnihilipsam','2012-06-26 23:37:11','2012-06-26 23:37:11'),(36,'iustoquaeaut','2012-06-26 23:37:11','2012-06-26 23:37:11'),(37,'suntestutvelitmaxime','2012-06-26 23:37:11','2012-06-26 23:37:11'),(38,'rerumaliquamrem','2012-06-26 23:37:11','2012-06-26 23:37:11'),(39,'sedcorruptidolores','2012-06-26 23:37:11','2012-06-26 23:37:11'),(40,'recusandaealiquamarchitecto','2012-06-26 23:37:11','2012-06-26 23:37:11'),(41,'dolorumquia','2012-06-26 23:37:11','2012-06-26 23:37:11'),(42,'istevoluptas','2012-06-26 23:37:11','2012-06-26 23:37:11'),(43,'assumendaaliquamvoluptatemexercitationemmolestiae','2012-06-26 23:37:11','2012-06-26 23:37:11'),(44,'ipsamquirerumsitexercitationem','2012-06-26 23:37:11','2012-06-26 23:37:11'),(45,'quisquamnisimaiores','2012-06-26 23:37:11','2012-06-26 23:37:11'),(46,'nisiipsumut','2012-06-26 23:37:11','2012-06-26 23:37:11'),(47,'necessitatibusestrerumaut','2012-06-26 23:37:11','2012-06-26 23:37:11'),(48,'rationeomnisdistinctio','2012-06-26 23:37:11','2012-06-26 23:37:11'),(49,'nonquaerattemporaetenim','2012-06-26 23:37:11','2012-06-26 23:37:11'),(50,'quodoloresfacereillum','2012-06-26 23:37:11','2012-06-26 23:37:11'),(51,'voluptatibussed','2012-06-26 23:37:11','2012-06-26 23:37:11'),(52,'etlaborum','2012-06-26 23:37:11','2012-06-26 23:37:11'),(53,'minimaet','2012-06-26 23:37:11','2012-06-26 23:37:11'),(54,'sitomnisautrepudiandaedoloremque','2012-06-26 23:37:11','2012-06-26 23:37:11'),(55,'reiciendisaliquidquo','2012-06-26 23:37:11','2012-06-26 23:37:11'),(56,'quovoluptasest','2012-06-26 23:37:11','2012-06-26 23:37:11'),(57,'aspernaturasperioresoptio','2012-06-26 23:37:11','2012-06-26 23:37:11'),(58,'placeatitaqueex','2012-06-26 23:37:11','2012-06-26 23:37:11'),(59,'quiinrerumvoluptatelaboriosam','2012-06-26 23:37:11','2012-06-26 23:37:11'),(60,'quinihil','2012-06-26 23:37:11','2012-06-26 23:37:11'),(61,'minimaconsequaturfugaexcepturimolestiae','2012-06-26 23:37:11','2012-06-26 23:37:11'),(62,'architectovoluptasfugiatiureeius','2012-06-26 23:37:11','2012-06-26 23:37:11'),(63,'sitdolores','2012-06-26 23:37:11','2012-06-26 23:37:11'),(64,'nemoquicorruptiqui','2012-06-26 23:37:11','2012-06-26 23:37:11'),(65,'sedetdistinctioab','2012-06-26 23:37:11','2012-06-26 23:37:11'),(66,'etetipsamvelit','2012-06-26 23:37:11','2012-06-26 23:37:11'),(67,'quiadignissimosnonofficiaest','2012-06-26 23:37:11','2012-06-26 23:37:11'),(68,'eumvoluptas','2012-06-26 23:37:11','2012-06-26 23:37:11'),(69,'quidemlaborumvelitvoluptatemdelectus','2012-06-26 23:37:11','2012-06-26 23:37:11'),(70,'fugiatconsequaturplaceat','2012-06-26 23:37:11','2012-06-26 23:37:11'),(71,'quiomnisminuslaudantiumculpa','2012-06-26 23:37:11','2012-06-26 23:37:11'),(72,'atqueperspiciatismagnireprehenderit','2012-06-26 23:37:11','2012-06-26 23:37:11'),(73,'illumquodebitis','2012-06-26 23:37:11','2012-06-26 23:37:11'),(74,'consequaturconsequuntur','2012-06-26 23:37:11','2012-06-26 23:37:11'),(75,'temporaporroaliquam','2012-06-26 23:37:11','2012-06-26 23:37:11'),(76,'delenitieaametoccaecati','2012-06-26 23:37:11','2012-06-26 23:37:11'),(77,'illoaliasiste','2012-06-26 23:37:11','2012-06-26 23:37:11'),(78,'etaliquamaccusamusaspernaturrerum','2012-06-26 23:37:11','2012-06-26 23:37:11'),(79,'undequamsedsaepe','2012-06-26 23:37:11','2012-06-26 23:37:11'),(80,'explicaboutsaepealiasvoluptas','2012-06-26 23:37:11','2012-06-26 23:37:11'),(81,'nonnesciuntlaudantium','2012-06-26 23:37:11','2012-06-26 23:37:11'),(82,'earumnecessitatibussolutaaut','2012-06-26 23:37:11','2012-06-26 23:37:11'),(83,'fugiatomniscommodiillo','2012-06-26 23:37:11','2012-06-26 23:37:11'),(84,'eaetlaudantiumaccusamus','2012-06-26 23:37:11','2012-06-26 23:37:11'),(85,'eavoluptasteneturharumaccusamus','2012-06-26 23:37:11','2012-06-26 23:37:11'),(86,'illumaspernatur','2012-06-26 23:37:11','2012-06-26 23:37:11'),(87,'repudiandaevoluptatemetet','2012-06-26 23:37:11','2012-06-26 23:37:11'),(88,'commoditemporibus','2012-06-26 23:37:11','2012-06-26 23:37:11'),(89,'essequaelaudantiumperferendisvitae','2012-06-26 23:37:11','2012-06-26 23:37:11'),(90,'fugitdolorumquocumque','2012-06-26 23:37:11','2012-06-26 23:37:11'),(91,'utomniseaqueperspiciatisofficia','2012-06-26 23:37:11','2012-06-26 23:37:11'),(92,'repellatetquiperferendis','2012-06-26 23:37:11','2012-06-26 23:37:11'),(93,'estundeinciduntmolestiaecumque','2012-06-26 23:37:11','2012-06-26 23:37:11'),(94,'consequaturquosautemmolestiaedicta','2012-06-26 23:37:11','2012-06-26 23:37:11'),(95,'temporereiciendiscommodiquiperspiciatis','2012-06-26 23:37:11','2012-06-26 23:37:11'),(96,'idessenullapraesentiumquia','2012-06-26 23:37:11','2012-06-26 23:37:11'),(97,'rationeipsamet','2012-06-26 23:37:11','2012-06-26 23:37:11'),(98,'molestiasquiaaliquid','2012-06-26 23:37:11','2012-06-26 23:37:11'),(99,'hicnobissuntconsequatur','2012-06-26 23:37:11','2012-06-26 23:37:11'),(100,'quisrerum','2012-06-26 23:37:11','2012-06-26 23:37:11'),(101,'voluptatemlabore','2012-06-26 23:37:11','2012-06-26 23:37:11'),(102,'voluptatemnonsint','2012-06-26 23:37:11','2012-06-26 23:37:11'),(103,'essecorporisipsavoluptatibus','2012-06-26 23:37:11','2012-06-26 23:37:11'),(104,'asperioresporrorepellatet','2012-06-26 23:37:11','2012-06-26 23:37:11'),(105,'asperioresmaiores','2012-06-26 23:37:11','2012-06-26 23:37:11'),(106,'verositteneturquasiveritatis','2012-06-26 23:37:11','2012-06-26 23:37:11'),(107,'dolorvoluptatemipsautesse','2012-06-26 23:37:11','2012-06-26 23:37:11'),(108,'illoomnisofficiis','2012-06-26 23:37:11','2012-06-26 23:37:11'),(109,'voluptatemodioessetemporibus','2012-06-26 23:37:11','2012-06-26 23:37:11'),(110,'quamquinonvel','2012-06-26 23:37:11','2012-06-26 23:37:11'),(111,'cupiditatevoluptatemaperiam','2012-06-26 23:37:11','2012-06-26 23:37:11'),(112,'suntomnisquidolor','2012-06-26 23:37:11','2012-06-26 23:37:11'),(113,'totamcumquequivelvoluptatum','2012-06-26 23:37:11','2012-06-26 23:37:11'),(114,'quiaaaututdelectus','2012-06-26 23:37:11','2012-06-26 23:37:11'),(115,'quaeiureeligendiqui','2012-06-26 23:37:11','2012-06-26 23:37:11'),(116,'uteumrerumsaepeaspernatur','2012-06-26 23:37:11','2012-06-26 23:37:11'),(117,'evenietsuscipitlaudantium','2012-06-26 23:37:11','2012-06-26 23:37:11'),(118,'addolores','2012-06-26 23:37:11','2012-06-26 23:37:11'),(119,'modiodionulla','2012-06-26 23:37:11','2012-06-26 23:37:11'),(120,'maximequiadelectus','2012-06-26 23:37:11','2012-06-26 23:37:11'),(121,'etnonsedut','2012-06-26 23:37:11','2012-06-26 23:37:11'),(122,'pariaturquiaquamsolutaet','2012-06-26 23:37:11','2012-06-26 23:37:11'),(123,'veromaioresaliquid','2012-06-26 23:37:11','2012-06-26 23:37:11'),(124,'quietetipsaearum','2012-06-26 23:37:11','2012-06-26 23:37:11'),(125,'autnon','2012-06-26 23:37:11','2012-06-26 23:37:11'),(126,'dictalaudantium','2012-06-26 23:37:11','2012-06-26 23:37:11'),(127,'idtemporaqui','2012-06-26 23:37:11','2012-06-26 23:37:11'),(128,'distinctioperferendis','2012-06-26 23:37:11','2012-06-26 23:37:11'),(129,'sedaperiamdolores','2012-06-26 23:37:11','2012-06-26 23:37:11'),(130,'quieasimiliquenonconsequuntur','2012-06-26 23:37:11','2012-06-26 23:37:11'),(131,'voluptasquiexinciduntlaudantium','2012-06-26 23:37:11','2012-06-26 23:37:11'),(132,'seddolores','2012-06-26 23:37:11','2012-06-26 23:37:11'),(133,'fugiata','2012-06-26 23:37:11','2012-06-26 23:37:11'),(134,'voluptasadipisci','2012-06-26 23:37:11','2012-06-26 23:37:11'),(135,'cummaximevoluptasnemovel','2012-06-26 23:37:11','2012-06-26 23:37:11'),(136,'doloresadipisci','2012-06-26 23:37:11','2012-06-26 23:37:11'),(137,'aliasimpeditvelitiusto','2012-06-26 23:37:11','2012-06-26 23:37:11'),(138,'possimussintinciduntaliquidipsa','2012-06-26 23:37:11','2012-06-26 23:37:11'),(139,'totametet','2012-06-26 23:37:11','2012-06-26 23:37:11'),(140,'voluptatemautincidunt','2012-06-26 23:37:11','2012-06-26 23:37:11'),(141,'nonillummagnicommodinobis','2012-06-26 23:37:11','2012-06-26 23:37:11'),(142,'eiusesteum','2012-06-26 23:37:11','2012-06-26 23:37:11'),(143,'suscipitexcepturi','2012-06-26 23:37:11','2012-06-26 23:37:11'),(144,'nullaaccusamus','2012-06-26 23:37:11','2012-06-26 23:37:11'),(145,'nullaofficiaconsequaturnesciuntut','2012-06-26 23:37:11','2012-06-26 23:37:11'),(146,'earumeanihilaliquamdolor','2012-06-26 23:37:11','2012-06-26 23:37:11'),(147,'enimmagnam','2012-06-26 23:37:11','2012-06-26 23:37:11'),(148,'pariaturin','2012-06-26 23:37:11','2012-06-26 23:37:11'),(149,'quasiminus','2012-06-26 23:37:11','2012-06-26 23:37:11'),(150,'voluptasdeserunt','2012-06-19 23:37:11','2012-06-19 23:37:11'),(151,'aspernatursintillummagniquis','2012-06-19 23:37:11','2012-06-19 23:37:11'),(152,'estetquiofficiisexcepturi','2012-06-19 23:37:11','2012-06-19 23:37:11'),(153,'doloresetquammodi','2012-06-19 23:37:11','2012-06-19 23:37:11'),(154,'autnequeculpa','2012-06-26 23:37:11','2012-06-26 23:37:11'),(155,'eaquequibusdamnobistotam','2012-06-26 23:37:11','2012-06-26 23:37:11'),(156,'providentvoluptatemrepudiandaemolestiaseligendi','2012-06-26 23:37:11','2012-06-26 23:37:11'),(157,'velitvoluptatemeligendisuntoccaecati','2012-06-26 23:37:11','2012-06-26 23:37:11'),(158,'magnammolestiae','2012-06-26 23:37:11','2012-06-26 23:37:11'),(159,'recusandaetotam','2012-06-26 23:37:11','2012-06-26 23:37:11'),(160,'facereomnisexercitationemomnis','2012-06-26 23:37:11','2012-06-26 23:37:11'),(161,'suntetabamet','2012-06-26 23:37:11','2012-06-26 23:37:11'),(162,'estdistinctioquam','2012-06-26 23:37:11','2012-06-26 23:37:11'),(163,'eumliberoutvoluptatem','2012-06-26 23:37:11','2012-06-26 23:37:11'),(164,'eiusquamutporro','2012-06-26 23:37:11','2012-06-26 23:37:11'),(165,'voluptatemdoloremquevero','2012-06-26 23:37:11','2012-06-26 23:37:11'),(166,'ametsedomnisaliquam','2012-06-26 23:37:11','2012-06-26 23:37:11'),(167,'dolorumconsequaturdolorem','2012-06-26 23:37:11','2012-06-26 23:37:11'),(168,'quisuscipit','2012-06-26 23:37:11','2012-06-26 23:37:11'),(169,'doloremsed','2012-06-26 23:37:11','2012-06-26 23:37:11'),(170,'doloremmaximefugitmagni','2012-06-26 23:37:11','2012-06-26 23:37:11'),(171,'autminimaestnullaesse','2012-06-25 23:37:11','2012-06-25 23:37:11'),(172,'etutquasaccusantiumdolorum','2012-06-25 23:37:11','2012-06-25 23:37:11'),(173,'doloreetunde','2012-06-25 23:37:11','2012-06-25 23:37:11'),(174,'possimusmodidolorumcumquedolores','2012-06-25 23:37:11','2012-06-25 23:37:11'),(175,'animieum','2012-06-21 23:37:11','2012-06-21 23:37:11'),(176,'nobiscommodi','2012-06-21 23:37:11','2012-06-21 23:37:11'),(177,'quiasedvero','2012-06-21 23:37:11','2012-06-21 23:37:11'),(178,'quiarepellenduscumquesedlaborum','2012-06-21 23:37:11','2012-06-21 23:37:11'),(179,'voluptasomnis','2012-06-21 23:37:11','2012-06-21 23:37:11'),(180,'nonrepellatconsequatur','2012-06-26 23:37:11','2012-06-26 23:37:11'),(181,'commodifugitillo','2012-06-26 23:37:11','2012-06-26 23:37:11'),(182,'mollitiacupiditatemaxime','2012-06-26 23:37:11','2012-06-26 23:37:11'),(183,'doloresculpa','2012-06-26 23:37:11','2012-06-26 23:37:11'),(184,'autdoloraut','2012-06-26 23:37:11','2012-06-26 23:37:11'),(185,'inventoreveritatisipsum','2012-06-26 23:37:11','2012-06-26 23:37:11'),(186,'essequosanimi','2012-06-26 23:37:11','2012-06-26 23:37:11'),(187,'molestiaeeumerrorfugasunt','2012-06-26 23:37:11','2012-06-26 23:37:11'),(188,'nemorepellendusqui','2012-06-26 23:37:11','2012-06-26 23:37:11'),(189,'rerumacupiditate','2012-06-26 23:37:11','2012-06-26 23:37:11'),(190,'autquodatque','2012-06-26 23:37:11','2012-06-26 23:37:11'),(191,'ametvoluptatem','2012-06-26 23:37:11','2012-06-26 23:37:11'),(192,'autdelectus','2012-06-26 23:37:11','2012-06-26 23:37:11'),(193,'natusestpariaturquisut','2012-06-26 23:37:11','2012-06-26 23:37:11'),(194,'autquisquam','2012-06-26 23:37:11','2012-06-26 23:37:11'),(195,'aliquamevenietqui','2012-06-26 23:37:11','2012-06-26 23:37:11'),(196,'etveritatisab','2012-06-26 23:37:11','2012-06-26 23:37:11'),(197,'etlaboreautemasperioresimpedit','2012-06-26 23:37:11','2012-06-26 23:37:11'),(198,'natusetasperioresutet','2012-06-26 23:37:11','2012-06-26 23:37:11'),(199,'utperferendisvel','2012-06-26 23:37:11','2012-06-26 23:37:11'),(200,'suntmolestiasmagnamsintaut','2012-06-26 23:37:11','2012-06-26 23:37:11'),(201,'veldelectusvoluptasrem','2012-06-26 23:37:11','2012-06-26 23:37:11'),(202,'estteneturdeseruntvoluptatessimilique','2012-06-26 23:37:11','2012-06-26 23:37:11'),(203,'utnumquamsuntqui','2012-06-26 23:37:11','2012-06-26 23:37:11'),(204,'omnisinetoptio','2012-06-26 23:37:11','2012-06-26 23:37:11'),(205,'maximemolestiaevoluptatenesciunt','2012-06-26 23:37:11','2012-06-26 23:37:11'),(206,'quoestaut','2012-06-26 23:37:11','2012-06-26 23:37:11'),(207,'distinctioreiciendisquinesciuntiure','2012-06-26 23:37:11','2012-06-26 23:37:11'),(208,'reiciendispossimus','2012-06-26 23:37:11','2012-06-26 23:37:11'),(209,'remitaquequovelitvitae','2012-06-26 23:37:11','2012-06-26 23:37:11'),(210,'nihilaccusantiumtemporibussedipsa','2012-06-26 23:37:11','2012-06-26 23:37:11'),(211,'etomnis','2012-06-26 23:37:11','2012-06-26 23:37:11'),(212,'suntdelectus','2012-06-26 23:37:11','2012-06-26 23:37:11'),(213,'autaperiamipsumatque','2012-06-26 23:37:11','2012-06-26 23:37:11'),(214,'sitanimicupiditate','2012-06-26 23:37:11','2012-06-26 23:37:11'),(215,'veroquiaquiaaperiamneque','2012-06-26 23:37:11','2012-06-26 23:37:11'),(216,'iurealiquiddoloresnihil','2012-06-26 23:37:11','2012-06-26 23:37:11'),(217,'consequaturaspernaturin','2012-06-26 23:37:11','2012-06-26 23:37:11'),(218,'estdoloresidetprovident','2012-06-26 23:37:11','2012-06-26 23:37:11'),(219,'etdoloresvelitquia','2012-06-26 23:37:11','2012-06-26 23:37:11'),(220,'utautvelitplaceat','2012-06-26 23:37:11','2012-06-26 23:37:11'),(221,'undeveniamvoluptatemexplicaboquia','2012-06-26 23:37:11','2012-06-26 23:37:11'),(222,'quaenonestautdicta','2012-06-26 23:37:11','2012-06-26 23:37:11'),(223,'voluptasetinteneturquaerat','2012-06-26 23:37:11','2012-06-26 23:37:11'),(224,'nemoet','2012-06-26 23:37:11','2012-06-26 23:37:11'),(225,'etaccusantium','2012-06-26 23:37:11','2012-06-26 23:37:11'),(226,'eumaperiamautexplicaboquam','2012-06-26 23:37:11','2012-06-26 23:37:11'),(227,'officiaetrecusandaevoluptas','2012-06-26 23:37:11','2012-06-26 23:37:11'),(228,'iustoconsequaturmaxime','2012-06-26 23:37:11','2012-06-26 23:37:11'),(229,'quisvelitlaboriosammagnam','2012-06-26 23:37:11','2012-06-26 23:37:11'),(230,'iustotempora','2012-06-26 23:37:11','2012-06-26 23:37:11'),(231,'assumendamollitiaenim','2012-06-19 23:37:11','2012-06-19 23:37:11'),(232,'hicdignissimoseteteveniet','2012-06-19 23:37:11','2012-06-19 23:37:11'),(233,'nontemporibusetest','2012-06-19 23:37:11','2012-06-19 23:37:11'),(234,'voluptatemmolestiaevoluptates','2012-06-19 23:37:11','2012-06-19 23:37:11'),(235,'liberotemporibusut','2012-06-26 23:37:11','2012-06-26 23:37:11'),(236,'minusutet','2012-06-21 23:37:11','2012-06-21 23:37:11'),(237,'nisietaliquamvoluptatemdolores','2012-06-26 23:37:11','2012-06-26 23:37:11'),(238,'solutalaborumblanditiis','2012-06-26 23:37:11','2012-06-26 23:37:11'),(239,'laboriosama','2012-06-26 23:37:11','2012-06-26 23:37:11'),(240,'consequaturhicvoluptatumexercitationemaperiam','2012-06-26 23:37:11','2012-06-26 23:37:11'),(241,'etvoluptatibusautsintet','2012-06-26 23:37:11','2012-06-26 23:37:11'),(242,'laborumvoluptatumreiciendisestvoluptatem','2012-06-26 23:37:11','2012-06-26 23:37:11'),(243,'etinfacilis','2012-06-26 23:37:11','2012-06-26 23:37:11'),(244,'undeistenon','2012-06-26 23:37:11','2012-06-26 23:37:11'),(245,'eaeossuscipitconsequatureaque','2012-06-26 23:37:11','2012-06-26 23:37:11'),(246,'molestiaemagnimollitia','2012-06-26 23:37:11','2012-06-26 23:37:11'),(247,'aspernaturautadipisci','2012-06-26 23:37:11','2012-06-26 23:37:11'),(248,'etestvoluptates','2012-06-26 23:37:11','2012-06-26 23:37:11'),(249,'estsintprovidentinventore','2012-06-26 23:37:11','2012-06-26 23:37:11'),(250,'dolorrepudiandaequo','2012-06-26 23:37:11','2012-06-26 23:37:11'),(251,'inventoremolestiaetenetur','2012-06-26 23:37:11','2012-06-26 23:37:11'),(252,'cupiditateautsedvoluptate','2012-06-26 23:37:11','2012-06-26 23:37:11'),(253,'vitaequiquamillotenetur','2012-06-26 23:37:11','2012-06-26 23:37:11'),(254,'expeditacumquevoluptatum','2012-06-26 23:37:11','2012-06-26 23:37:11'),(255,'nonnoneiusomnistotam','2012-06-26 23:37:11','2012-06-26 23:37:11'),(256,'eterroret','2012-06-26 23:37:11','2012-06-26 23:37:11'),(257,'quiveroqui','2012-06-26 23:37:11','2012-06-26 23:37:11'),(258,'aliquidlaboreeosdolorem','2012-06-26 23:37:11','2012-06-26 23:37:11'),(259,'voluptatemisteconsequaturnesciuntdolorum','2012-06-26 23:37:11','2012-06-26 23:37:11'),(260,'quosnullaperspiciatismagnameos','2012-06-21 23:37:11','2012-06-21 23:37:11'),(261,'magnidoloremque','2012-06-21 23:37:11','2012-06-21 23:37:11'),(262,'repellendusdelenitidoloremquecupiditate','2012-06-21 23:37:11','2012-06-21 23:37:11'),(263,'dolorumoptioaperiam','2012-06-21 23:37:11','2012-06-21 23:37:11'),(264,'perferendisalias','2012-06-21 23:37:11','2012-06-21 23:37:11'),(265,'aspernaturcumquemagnamaccusantium','2012-06-20 23:37:11','2012-06-20 23:37:11'),(266,'facilisquoautemdoloremqueet','2012-06-20 23:37:11','2012-06-20 23:37:11'),(267,'sitquosearum','2012-06-20 23:37:11','2012-06-20 23:37:11');
/*!40000 ALTER TABLE `suppliers` ENABLE KEYS */;
UNLOCK TABLES;

--
-- Table structure for table `users`
--

DROP TABLE IF EXISTS `users`;
/*!40101 SET @saved_cs_client     = @@character_set_client */;
/*!40101 SET character_set_client = utf8 */;
CREATE TABLE `users` (
  `id` int(11) NOT NULL AUTO_INCREMENT,
  `login` varchar(255) COLLATE utf8_unicode_ci DEFAULT NULL,
  `firstname` varchar(255) COLLATE utf8_unicode_ci DEFAULT NULL,
  `lastname` varchar(255) COLLATE utf8_unicode_ci DEFAULT NULL,
  `phone` varchar(255) COLLATE utf8_unicode_ci DEFAULT NULL,
  `authentication_system_id` int(11) DEFAULT '1',
  `unique_id` varchar(255) COLLATE utf8_unicode_ci DEFAULT NULL,
  `email` varchar(255) COLLATE utf8_unicode_ci DEFAULT NULL,
  `badge_id` varchar(255) COLLATE utf8_unicode_ci DEFAULT NULL,
  `address` varchar(255) COLLATE utf8_unicode_ci DEFAULT NULL,
  `city` varchar(255) COLLATE utf8_unicode_ci DEFAULT NULL,
  `zip` varchar(255) COLLATE utf8_unicode_ci DEFAULT NULL,
  `country` varchar(255) COLLATE utf8_unicode_ci DEFAULT NULL,
  `language_id` int(11) DEFAULT NULL,
  `extended_info` text COLLATE utf8_unicode_ci,
  `settings` varchar(1024) COLLATE utf8_unicode_ci DEFAULT NULL,
  `created_at` datetime DEFAULT NULL,
  `updated_at` datetime DEFAULT NULL,
  `delegator_user_id` int(11) DEFAULT NULL,
  PRIMARY KEY (`id`),
  KEY `index_users_on_authentication_system_id` (`authentication_system_id`),
  KEY `users_language_id_fk` (`language_id`),
  KEY `users_delegator_user_id_fk` (`delegator_user_id`),
  CONSTRAINT `users_delegator_user_id_fk` FOREIGN KEY (`delegator_user_id`) REFERENCES `users` (`id`),
  CONSTRAINT `users_authentication_system_id_fk` FOREIGN KEY (`authentication_system_id`) REFERENCES `authentication_systems` (`id`),
  CONSTRAINT `users_language_id_fk` FOREIGN KEY (`language_id`) REFERENCES `languages` (`id`)
) ENGINE=InnoDB AUTO_INCREMENT=36 DEFAULT CHARSET=utf8 COLLATE=utf8_unicode_ci;
/*!40101 SET character_set_client = @saved_cs_client */;

--
-- Dumping data for table `users`
--

LOCK TABLES `users` WRITE;
/*!40000 ALTER TABLE `users` DISABLE KEYS */;
INSERT INTO `users` VALUES (1,'gino','Gino','Morissette','0151221831',1,'k7nf1pouham79jw41p','gino@zhdk.ch','bns66ke1bpxdikuaa1',NULL,'Port Keira','C-C4 3YH','Cayman Islands',1,NULL,'--- !ruby/hash:ActiveSupport::HashWithIndifferentAccess {}\n','2012-06-26 23:37:11','2012-06-26 23:37:11',NULL),(2,'ramon','Ramon','Koch','0800731511',1,'4fhbbvntqz8byu8xr1','ramon@zhdk.ch','h93rdyw5j30ow4an2e',NULL,'Cartertown','P-MS1V 8JL','Pitcairn Islands',1,NULL,'--- !ruby/hash:ActiveSupport::HashWithIndifferentAccess {}\n','2012-06-26 23:37:11','2012-06-26 23:37:11',NULL),(3,'matti','Matti','Zemlak','0500973943',1,'wgcietgwg2hyqa5dma','matti@zhdk.ch','1v4zjssavung62muut',NULL,'Homenickchester','E-Y6V 2LL','Ethiopia',1,NULL,'--- !ruby/hash:ActiveSupport::HashWithIndifferentAccess {}\n','2012-06-26 23:37:11','2012-06-26 23:37:11',NULL),(4,'mike','Mike','Powlowski','0153299250',1,'y4vh5z92phdwro4sj3','mike@zhdk.ch','qz7cx5xa2opcieqgem',NULL,'New Nealmouth','N-W7 3LJ','Netherlands Antilles',1,NULL,'--- !ruby/hash:ActiveSupport::HashWithIndifferentAccess {}\n','2012-06-26 23:37:11','2012-06-26 23:37:11',NULL),(5,'pius','Pius','Morar','05556024155',1,'nvzo4p4n726l3kdrfp','pius@zhdk.ch','0513s40r4jrx57c2w7',NULL,'Farrellhaven','P-YG0E 9LU','Palestinian Territory',1,NULL,'--- !ruby/hash:ActiveSupport::HashWithIndifferentAccess {}\n','2012-06-26 23:37:11','2012-06-26 23:37:11',NULL),(6,'normin','Normin','Normalo','09149169027',1,'ipra0a7h6g7em14stp','normin@zhdk.ch','ld38tmtapryo7j5nyf',NULL,'Simonisstad','S-J6H 5AF','San Marino',1,NULL,'--- !ruby/hash:ActiveSupport::HashWithIndifferentAccess {}\n','2012-06-26 23:37:11','2012-06-26 23:37:11',NULL),(7,'eugenia','Eugenia','Ullrich','0800240151',1,'talmdvtnpfvcszy0rs','lending_manager1@zhdk.ch','oqncefa44msowl6kz2',NULL,'Shanahanborough','M-WQ0 9DL','Martinique',1,NULL,'--- !ruby/hash:ActiveSupport::HashWithIndifferentAccess {}\n','2012-06-26 23:37:11','2012-06-26 23:37:11',NULL),(8,'peter','Peter','Silie','0110366816',1,'mgnbyckekli2oopzxu','peter@silie.com','6alpg1g7sqvwwn7aid',NULL,'South Adolfoside','K-F9E 5AD','Kiribati',1,NULL,'--- !ruby/hash:ActiveSupport::HashWithIndifferentAccess {}\n','2012-06-26 23:37:11','2012-06-26 23:37:11',NULL),(9,'andi','Andi','Goyette','05665062854',1,'t2cnoun7smu02hyu7b','andi@zhdk.ch','49bvdmbz73wak2zc8c',NULL,'Thompsonview','C-RD61 2BJ','Cameroon',1,NULL,'--- !ruby/hash:ActiveSupport::HashWithIndifferentAccess {}\n','2012-06-26 23:37:11','2012-06-26 23:37:11',NULL),(10,'mina','Mina','Thiel','03581961727',1,'7tpd9fogngzhlypvie','mina@zhdk.ch','xhjbnh6pcwbnsshph7',NULL,'West Katherine','M-ZH4 3BB','Mali',1,NULL,'--- !ruby/hash:ActiveSupport::HashWithIndifferentAccess {}\n','2012-06-26 23:37:11','2012-06-26 23:37:11',NULL),(11,'petra','Petra','Lowe','0800358462',1,'ga648v815xqkhdyauf','petra@zhdk.ch','eff8gpue0mora8q6hx','515 Schaden Centers, ','South Michaela','V-Z6H 5AJ','Virgin Islands, British',1,NULL,'--- !ruby/hash:ActiveSupport::HashWithIndifferentAccess {}\n','2012-06-26 23:37:11','2012-06-26 23:37:11',NULL),(12,'julie','Julie','Funk','01122041522',1,'93its1svruym2toyun','julie@zhdk.ch','9b8gvf8antfms9wesk',NULL,'North Cliftonfort','B-ZE5 6BP','British Indian Ocean Territory (Chagos Archipelago)',1,NULL,'--- !ruby/hash:ActiveSupport::HashWithIndifferentAccess {}\n','2012-06-26 23:37:11','2012-06-26 23:37:11',NULL),(13,'lisa','Lisa','Brown','05685598191',1,'g50vvb2py9k4rhheed','lisa@zhdk.ch','9for6ccjs43pxt9e6e',NULL,'Genovevaville','L-WO7M 9ZL','Lithuania',1,NULL,'--- !ruby/hash:ActiveSupport::HashWithIndifferentAccess {}\n','2012-06-26 23:37:11','2012-06-26 23:37:11',NULL),(14,'liana','Liana','Medhurst','08818547898',1,'uhyur8r3kevqj4g3bx','customer1@zhdk.ch','sn6gia8t1vb0r8yc7k',NULL,'Odessaside','S-YB0 3AU','Serbia',1,NULL,'--- !ruby/hash:ActiveSupport::HashWithIndifferentAccess {}\n','2012-06-26 23:37:11','2012-06-26 23:37:11',NULL),(15,'jammie','Jammie','Schoen','01679644673',1,'6mtafkn6cn01z8dud3','customer2@zhdk.ch','krdhstvakosfr8h8bv',NULL,'Mylesview','B-L9 9BZ','Bhutan',1,NULL,'--- !ruby/hash:ActiveSupport::HashWithIndifferentAccess {}\n','2012-06-26 23:37:11','2012-06-26 23:37:11',NULL),(16,'vern','Vern','Kerluke','0800814100',1,'030nc0oju8wls8gjga','customer3@zhdk.ch','we69qbzroawhjvy5rz',NULL,'Darrinstad','B-F41 4ED','Barbados',1,NULL,'--- !ruby/hash:ActiveSupport::HashWithIndifferentAccess {}\n','2012-06-26 23:37:11','2012-06-26 23:37:11',NULL),(17,'yasmine','Yasmine','Emmerich','01931862585',1,'vo82b3s087ccmhxedh','customer4@zhdk.ch','jopyh3hn2rckve0kuu',NULL,'East Margie','B-A8A 6GA','Bahamas',1,NULL,'--- !ruby/hash:ActiveSupport::HashWithIndifferentAccess {}\n','2012-06-26 23:37:11','2012-06-26 23:37:11',NULL),(18,'francis','Francis','Flatley','02799259364',1,'t5mch0nwf90dw6df2f','customer5@zhdk.ch','xanet9zws4t6whghdw',NULL,'New Casimir','U-WH0 9YY','United Kingdom',1,NULL,'--- !ruby/hash:ActiveSupport::HashWithIndifferentAccess {}\n','2012-06-26 23:37:11','2012-06-26 23:37:11',NULL),(19,'kattie','Kattie','Fay','0169771680',1,'eqlewfm133xllgfrt7','customer6@zhdk.ch','0kyrcr3itk7heb8suf',NULL,'Russstad','T-OB6 6GH','Trinidad and Tobago',1,NULL,'--- !ruby/hash:ActiveSupport::HashWithIndifferentAccess {}\n','2012-06-26 23:37:11','2012-06-26 23:37:11',NULL),(20,'ron','Ron','Gleason','01126695678',1,'k5rtii2k7uv9aut65b','customer7@zhdk.ch','60xn5eaxvrj9nh14f7',NULL,'South Lorenland','S-RG5H 2XE','Senegal',1,NULL,'--- !ruby/hash:ActiveSupport::HashWithIndifferentAccess {}\n','2012-06-26 23:37:11','2012-06-26 23:37:11',NULL),(21,'rusty','Rusty','Satterfield','08988731457',1,'5khmdms27xgytq5l7p','customer8@zhdk.ch','dg8ji7ynnea1vvilkq',NULL,'Zoeyberg','I-ZP54 3BQ','Italy',1,NULL,'--- !ruby/hash:ActiveSupport::HashWithIndifferentAccess {}\n','2012-06-26 23:37:11','2012-06-26 23:37:11',NULL),(22,'myah','Myah','Stracke','08180810336',1,'9k0q1cwhr1hp012oam','customer9@zhdk.ch','evcb8n2bbx2q0z074p',NULL,'North Earnest','T-Y06 2LE','Tonga',1,NULL,'--- !ruby/hash:ActiveSupport::HashWithIndifferentAccess {}\n','2012-06-26 23:37:11','2012-06-26 23:37:11',NULL),(23,'quentin','Quentin','Hauck','09329235005',1,'jxx07nglxndd9ubhnb','delegator1@zhdk.ch','mem0ppgxys8ues6me7',NULL,'Port Dockburgh','C-US4 1AA','Costa Rica',1,NULL,'--- !ruby/hash:ActiveSupport::HashWithIndifferentAccess {}\n','2012-06-26 23:37:11','2012-06-26 23:37:11',NULL),(24,'tillman','Tillman','Durgan','03345603435',1,'uagbmb1y4h5gacew81','delegated1@zhdk.ch','zbr61pl4l42w9set6r',NULL,'South Melvinberg','M-Z2 2BJ','Marshall Islands',1,NULL,'--- !ruby/hash:ActiveSupport::HashWithIndifferentAccess {}\n','2012-06-26 23:37:11','2012-06-26 23:37:11',NULL),(25,'reyes_7256','Jules','Spinka','08435592952',1,'6knx1dri5y4rwub7s5','omari_becker@williamson.com','9ry30di4w86swew5yv','634 Maggio Plains','West Darleneborough','N-BB6 1BL','Nigeria',1,NULL,'--- !ruby/hash:ActiveSupport::HashWithIndifferentAccess {}\n','2012-06-26 23:37:11','2012-06-26 23:37:11',NULL),(26,NULL,'Delegation 1',NULL,NULL,NULL,NULL,NULL,NULL,NULL,NULL,NULL,NULL,1,NULL,'--- !ruby/hash:ActiveSupport::HashWithIndifferentAccess {}\n','2012-06-26 23:37:11','2012-06-26 23:37:11',12),(27,NULL,'Delegation 2',NULL,NULL,NULL,NULL,NULL,NULL,NULL,NULL,NULL,NULL,1,NULL,'--- !ruby/hash:ActiveSupport::HashWithIndifferentAccess {}\n','2012-06-26 23:37:11','2012-06-26 23:37:11',10),(28,NULL,'Delegation 3',NULL,NULL,NULL,NULL,NULL,NULL,NULL,NULL,NULL,NULL,1,NULL,'--- !ruby/hash:ActiveSupport::HashWithIndifferentAccess {}\n','2012-06-26 23:37:11','2012-06-26 23:37:11',10),(29,NULL,'Delegation 4',NULL,NULL,NULL,NULL,NULL,NULL,NULL,NULL,NULL,NULL,1,NULL,'--- !ruby/hash:ActiveSupport::HashWithIndifferentAccess {}\n','2012-06-26 23:37:11','2012-06-26 23:37:11',10),(30,NULL,'Delegation 5',NULL,NULL,NULL,NULL,NULL,NULL,NULL,NULL,NULL,NULL,1,NULL,'--- !ruby/hash:ActiveSupport::HashWithIndifferentAccess {}\n','2012-06-26 23:37:11','2012-06-26 23:37:11',23),(31,'liza.ohara_1795','Bianka','Hudson','01673495288',1,'23v7bc99me65b34j50','chadd.hauck@bednarterry.name','yj8xlx64o09nkmr21q','439 Hoeger Well','North Christopherberg','G-W8R 3WA','Georgia',1,NULL,'--- !ruby/hash:ActiveSupport::HashWithIndifferentAccess {}\n','2012-06-26 23:37:11','2012-06-26 23:37:11',NULL),(32,'malika_schroeder_8062','Davonte','Rodriguez','01317635977',1,'cihbuiu0y0j91wwm1e','dion.johnston@hettinger.info','aty7iuhlnec3j8iv5a','1834 Reichert Via','Murazikchester','A-YL6 4LA','Australia',1,NULL,'--- !ruby/hash:ActiveSupport::HashWithIndifferentAccess {}\n','2012-06-26 23:37:11','2012-06-26 23:37:11',NULL),(33,'zane_8910','Melany','Stamm','0169773488',1,'9qak3ej6m9zk031xeq','toy@kshlerin.name','xtlpq43hk2z0lbj8ib','6889 Rice Loaf','Kuphalhaven','P-YA7E 1JO','Paraguay',1,NULL,'--- !ruby/hash:ActiveSupport::HashWithIndifferentAccess {}\n','2012-06-26 23:37:11','2012-06-26 23:37:11',NULL),(34,'muriel_6942','Kristin','Hagenes','09839242633',1,'fqxqewibkbopsdluom','abelardo@ratke.info','g8va1tngzu3f5lkqa9','668 Werner Mission','Audraberg','A-Z2 8JF','Antarctica (the territory South of 60 deg S)',1,NULL,'--- !ruby/hash:ActiveSupport::HashWithIndifferentAccess {}\n','2012-06-26 23:37:11','2012-06-26 23:37:11',NULL),(35,'hilma_3291','Deborah','Mueller','01125359383',1,'0r71uyt3m6b5xxm4mk','kelsi_weinat@olsonkonopelski.co.uk','z150p362sgko6zj6vq','35637 Ferry Ridge','South Bria','R-W4N 4AW','Romania',1,NULL,'--- !ruby/hash:ActiveSupport::HashWithIndifferentAccess {}\n','2012-06-26 23:37:11','2012-06-26 23:37:11',NULL);
/*!40000 ALTER TABLE `users` ENABLE KEYS */;
UNLOCK TABLES;

--
-- Temporary table structure for view `visit_lines`
--

DROP TABLE IF EXISTS `visit_lines`;
/*!50001 DROP VIEW IF EXISTS `visit_lines`*/;
SET @saved_cs_client     = @@character_set_client;
SET character_set_client = utf8;
/*!50001 CREATE TABLE `visit_lines` (
  `visit_id` varchar(148),
  `inventory_pool_id` int(11),
  `user_id` int(11),
  `delegated_user_id` int(11),
  `status` enum('unsubmitted','submitted','rejected','approved','signed','closed'),
  `action` varchar(9),
  `date` date,
  `quantity` int(11),
  `contract_line_id` int(11)
) ENGINE=MyISAM */;
SET character_set_client = @saved_cs_client;

--
-- Temporary table structure for view `visits`
--

DROP TABLE IF EXISTS `visits`;
/*!50001 DROP VIEW IF EXISTS `visits`*/;
SET @saved_cs_client     = @@character_set_client;
SET character_set_client = utf8;
/*!50001 CREATE TABLE `visits` (
  `id` varchar(148),
  `inventory_pool_id` int(11),
  `user_id` int(11),
  `status` enum('unsubmitted','submitted','rejected','approved','signed','closed'),
  `action` varchar(9),
  `date` date,
  `quantity` decimal(32,0)
) ENGINE=MyISAM */;
SET character_set_client = @saved_cs_client;

--
-- Table structure for table `workdays`
--

DROP TABLE IF EXISTS `workdays`;
/*!40101 SET @saved_cs_client     = @@character_set_client */;
/*!40101 SET character_set_client = utf8 */;
CREATE TABLE `workdays` (
  `id` int(11) NOT NULL AUTO_INCREMENT,
  `inventory_pool_id` int(11) DEFAULT NULL,
  `monday` tinyint(1) DEFAULT '1',
  `tuesday` tinyint(1) DEFAULT '1',
  `wednesday` tinyint(1) DEFAULT '1',
  `thursday` tinyint(1) DEFAULT '1',
  `friday` tinyint(1) DEFAULT '1',
  `saturday` tinyint(1) DEFAULT '0',
  `sunday` tinyint(1) DEFAULT '0',
  `reservation_advance_days` int(11) DEFAULT '0',
  `max_visits` text COLLATE utf8_unicode_ci,
  PRIMARY KEY (`id`),
  KEY `index_workdays_on_inventory_pool_id` (`inventory_pool_id`),
  CONSTRAINT `workdays_inventory_pool_id_fk` FOREIGN KEY (`inventory_pool_id`) REFERENCES `inventory_pools` (`id`) ON DELETE CASCADE
) ENGINE=InnoDB AUTO_INCREMENT=13 DEFAULT CHARSET=utf8 COLLATE=utf8_unicode_ci;
/*!40101 SET character_set_client = @saved_cs_client */;

--
-- Dumping data for table `workdays`
--

LOCK TABLES `workdays` WRITE;
/*!40000 ALTER TABLE `workdays` DISABLE KEYS */;
INSERT INTO `workdays` VALUES (1,1,1,1,1,1,1,0,0,0,'---\n\'1\': 10\n\'2\': 20\n\'3\': 30\n'),(2,2,1,1,1,1,1,0,0,0,'--- {}\n'),(3,3,1,1,1,1,1,0,0,0,'--- {}\n'),(4,4,1,1,1,1,1,0,0,0,'--- {}\n'),(5,5,1,1,1,1,1,0,0,0,'--- {}\n'),(6,6,1,1,1,1,1,0,0,0,'--- {}\n'),(7,7,1,1,1,1,1,0,0,0,'--- {}\n'),(8,8,1,1,1,1,1,0,0,0,'--- {}\n'),(9,9,1,1,1,1,1,0,0,0,'--- {}\n'),(10,10,1,1,1,1,1,0,0,0,'--- {}\n'),(11,11,1,1,1,1,1,0,0,0,'--- {}\n'),(12,12,1,1,1,1,1,0,0,0,'--- {}\n');
/*!40000 ALTER TABLE `workdays` ENABLE KEYS */;
UNLOCK TABLES;

--
-- Final view structure for view `partitions_with_generals`
--

/*!50001 DROP TABLE IF EXISTS `partitions_with_generals`*/;
/*!50001 DROP VIEW IF EXISTS `partitions_with_generals`*/;
/*!50001 SET @saved_cs_client          = @@character_set_client */;
/*!50001 SET @saved_cs_results         = @@character_set_results */;
/*!50001 SET @saved_col_connection     = @@collation_connection */;
/*!50001 SET character_set_client      = utf8 */;
/*!50001 SET character_set_results     = utf8 */;
/*!50001 SET collation_connection      = utf8_general_ci */;
/*!50001 CREATE ALGORITHM=UNDEFINED */
/*!50001 VIEW `partitions_with_generals` AS select `partitions`.`model_id` AS `model_id`,`partitions`.`inventory_pool_id` AS `inventory_pool_id`,`partitions`.`group_id` AS `group_id`,`partitions`.`quantity` AS `quantity` from `partitions` union select `i`.`model_id` AS `model_id`,`i`.`inventory_pool_id` AS `inventory_pool_id`,NULL AS `group_id`,(count(`i`.`id`) - ifnull((select sum(`p`.`quantity`) from `partitions` `p` where ((`p`.`model_id` = `i`.`model_id`) and (`p`.`inventory_pool_id` = `i`.`inventory_pool_id`)) group by `p`.`inventory_pool_id`,`p`.`model_id`),0)) AS `quantity` from `items` `i` where (isnull(`i`.`retired`) and (`i`.`is_borrowable` = 1) and isnull(`i`.`parent_id`)) group by `i`.`inventory_pool_id`,`i`.`model_id` */;
/*!50001 SET character_set_client      = @saved_cs_client */;
/*!50001 SET character_set_results     = @saved_cs_results */;
/*!50001 SET collation_connection      = @saved_col_connection */;

--
-- Final view structure for view `visit_lines`
--

/*!50001 DROP TABLE IF EXISTS `visit_lines`*/;
/*!50001 DROP VIEW IF EXISTS `visit_lines`*/;
/*!50001 SET @saved_cs_client          = @@character_set_client */;
/*!50001 SET @saved_cs_results         = @@character_set_results */;
/*!50001 SET @saved_col_connection     = @@collation_connection */;
/*!50001 SET character_set_client      = utf8 */;
/*!50001 SET character_set_results     = utf8 */;
/*!50001 SET collation_connection      = utf8_general_ci */;
/*!50001 CREATE ALGORITHM=UNDEFINED */
/*!50001 VIEW `visit_lines` AS select hex(concat_ws('_',if((`c`.`status` = 'approved'),`cl`.`start_date`,`cl`.`end_date`),`c`.`inventory_pool_id`,`c`.`user_id`,`c`.`status`)) AS `visit_id`,`c`.`inventory_pool_id` AS `inventory_pool_id`,`c`.`user_id` AS `user_id`,`c`.`delegated_user_id` AS `delegated_user_id`,`c`.`status` AS `status`,if((`c`.`status` = 'approved'),'hand_over','take_back') AS `action`,if((`c`.`status` = 'approved'),`cl`.`start_date`,`cl`.`end_date`) AS `date`,`cl`.`quantity` AS `quantity`,`cl`.`id` AS `contract_line_id` from (`contract_lines` `cl` join `contracts` `c` on((`cl`.`contract_id` = `c`.`id`))) where ((`c`.`status` in ('approved','signed')) and isnull(`cl`.`returned_date`)) order by if((`c`.`status` = 'approved'),`cl`.`start_date`,`cl`.`end_date`) */;
/*!50001 SET character_set_client      = @saved_cs_client */;
/*!50001 SET character_set_results     = @saved_cs_results */;
/*!50001 SET collation_connection      = @saved_col_connection */;

--
-- Final view structure for view `visits`
--

/*!50001 DROP TABLE IF EXISTS `visits`*/;
/*!50001 DROP VIEW IF EXISTS `visits`*/;
/*!50001 SET @saved_cs_client          = @@character_set_client */;
/*!50001 SET @saved_cs_results         = @@character_set_results */;
/*!50001 SET @saved_col_connection     = @@collation_connection */;
/*!50001 SET character_set_client      = utf8 */;
/*!50001 SET character_set_results     = utf8 */;
/*!50001 SET collation_connection      = utf8_general_ci */;
/*!50001 CREATE ALGORITHM=UNDEFINED */
/*!50001 VIEW `visits` AS select hex(concat_ws('_',`visit_lines`.`date`,`visit_lines`.`inventory_pool_id`,`visit_lines`.`user_id`,`visit_lines`.`status`)) AS `id`,`visit_lines`.`inventory_pool_id` AS `inventory_pool_id`,`visit_lines`.`user_id` AS `user_id`,`visit_lines`.`status` AS `status`,`visit_lines`.`action` AS `action`,`visit_lines`.`date` AS `date`,sum(`visit_lines`.`quantity`) AS `quantity` from `visit_lines` group by `visit_lines`.`user_id`,`visit_lines`.`status`,`visit_lines`.`date`,`visit_lines`.`inventory_pool_id` */;
/*!50001 SET character_set_client      = @saved_cs_client */;
/*!50001 SET character_set_results     = @saved_cs_results */;
/*!50001 SET collation_connection      = @saved_col_connection */;
/*!40103 SET TIME_ZONE=@OLD_TIME_ZONE */;

/*!40101 SET SQL_MODE=@OLD_SQL_MODE */;
/*!40014 SET FOREIGN_KEY_CHECKS=@OLD_FOREIGN_KEY_CHECKS */;
/*!40014 SET UNIQUE_CHECKS=@OLD_UNIQUE_CHECKS */;
/*!40101 SET CHARACTER_SET_CLIENT=@OLD_CHARACTER_SET_CLIENT */;
/*!40101 SET CHARACTER_SET_RESULTS=@OLD_CHARACTER_SET_RESULTS */;
/*!40101 SET COLLATION_CONNECTION=@OLD_COLLATION_CONNECTION */;
/*!40111 SET SQL_NOTES=@OLD_SQL_NOTES */;

-- Dump completed on 2015-03-06 20:12:37
