-- MySQL dump 10.13  Distrib 5.5.39, for debian-linux-gnu (x86_64)
--
-- Host: localhost    Database: leihs2_test
-- ------------------------------------------------------
-- Server version	5.5.39-1

/*!40101 SET @OLD_CHARACTER_SET_CLIENT=@@CHARACTER_SET_CLIENT */;
/*!40101 SET @OLD_CHARACTER_SET_RESULTS=@@CHARACTER_SET_RESULTS */;
/*!40101 SET @OLD_COLLATION_CONNECTION=@@COLLATION_CONNECTION */;
/*!40101 SET NAMES utf8 */;
/*!40103 SET @OLD_TIME_ZONE=@@TIME_ZONE */;
/*!40103 SET TIME_ZONE='+00:00' */;
/*!40014 SET @OLD_UNIQUE_CHECKS=@@UNIQUE_CHECKS, UNIQUE_CHECKS=0 */;
/*!40014 SET @OLD_FOREIGN_KEY_CHECKS=@@FOREIGN_KEY_CHECKS, FOREIGN_KEY_CHECKS=0 */;
/*!40101 SET @OLD_SQL_MODE=@@SQL_MODE, SQL_MODE='NO_AUTO_VALUE_ON_ZERO' */;
/*!40111 SET @OLD_SQL_NOTES=@@SQL_NOTES, SQL_NOTES=0 */;

--
-- Table structure for table `access_rights`
--

DROP TABLE IF EXISTS `access_rights`;
/*!40101 SET @saved_cs_client     = @@character_set_client */;
/*!40101 SET character_set_client = utf8 */;
CREATE TABLE `access_rights` (
  `id` int(11) NOT NULL AUTO_INCREMENT,
  `user_id` int(11) DEFAULT NULL,
  `inventory_pool_id` int(11) DEFAULT NULL,
  `suspended_until` date DEFAULT NULL,
  `suspended_reason` text COLLATE utf8_unicode_ci,
  `deleted_at` date DEFAULT NULL,
  `created_at` datetime DEFAULT NULL,
  `updated_at` datetime DEFAULT NULL,
  `role` enum('customer','group_manager','lending_manager','inventory_manager','admin') COLLATE utf8_unicode_ci NOT NULL,
  PRIMARY KEY (`id`),
  KEY `index_access_rights_on_suspended_until` (`suspended_until`),
  KEY `index_access_rights_on_deleted_at` (`deleted_at`),
  KEY `index_access_rights_on_inventory_pool_id` (`inventory_pool_id`),
  KEY `index_access_rights_on_role` (`role`),
  KEY `index_on_user_id_and_inventory_pool_id_and_deleted_at` (`user_id`,`inventory_pool_id`,`deleted_at`),
  CONSTRAINT `access_rights_user_id_fk` FOREIGN KEY (`user_id`) REFERENCES `users` (`id`),
  CONSTRAINT `access_rights_inventory_pool_id_fk` FOREIGN KEY (`inventory_pool_id`) REFERENCES `inventory_pools` (`id`) ON DELETE CASCADE
) ENGINE=InnoDB AUTO_INCREMENT=46 DEFAULT CHARSET=utf8 COLLATE=utf8_unicode_ci;
/*!40101 SET character_set_client = @saved_cs_client */;

--
-- Dumping data for table `access_rights`
--

LOCK TABLES `access_rights` WRITE;
/*!40000 ALTER TABLE `access_rights` DISABLE KEYS */;
INSERT INTO `access_rights` VALUES (1,1,NULL,NULL,NULL,NULL,'2015-07-15 05:06:03','2015-07-15 05:06:03','admin'),(2,2,NULL,NULL,NULL,NULL,'2015-07-15 05:06:03','2015-07-15 05:06:03','admin'),(3,2,1,NULL,NULL,NULL,'2015-07-15 05:06:03','2015-07-15 05:06:03','customer'),(4,3,2,NULL,NULL,NULL,'2015-07-15 05:06:03','2015-07-15 05:06:03','inventory_manager'),(5,4,1,NULL,NULL,NULL,'2015-07-15 05:06:03','2015-07-15 05:06:03','inventory_manager'),(6,4,4,NULL,NULL,NULL,'2015-07-15 05:06:03','2015-07-15 05:06:03','inventory_manager'),(7,5,1,NULL,NULL,NULL,'2015-07-15 05:06:03','2015-07-15 05:06:03','lending_manager'),(8,5,2,NULL,NULL,NULL,'2015-07-15 05:06:03','2015-07-15 05:06:03','lending_manager'),(9,7,1,NULL,NULL,NULL,'2015-07-15 05:06:03','2015-07-15 05:06:03','lending_manager'),(10,7,2,NULL,NULL,NULL,'2015-07-15 05:06:03','2015-07-15 05:06:03','lending_manager'),(11,8,1,NULL,NULL,NULL,'2015-07-15 05:06:03','2015-07-15 05:06:03','customer'),(12,6,1,NULL,NULL,NULL,'2015-07-15 05:06:03','2015-07-15 05:06:03','customer'),(13,6,2,NULL,NULL,NULL,'2015-07-15 05:06:03','2015-07-15 05:06:03','customer'),(14,6,3,NULL,NULL,NULL,'2015-07-15 05:06:03','2015-07-15 05:06:03','customer'),(15,6,4,NULL,NULL,'2015-07-14','2015-07-15 05:06:03','2015-07-15 05:06:03','customer'),(16,9,1,NULL,NULL,NULL,'2015-07-15 05:06:03','2015-07-15 05:06:03','group_manager'),(17,9,2,NULL,NULL,NULL,'2015-07-15 05:06:03','2015-07-15 05:06:03','group_manager'),(18,9,3,NULL,NULL,NULL,'2015-07-15 05:06:03','2015-07-15 05:06:03','group_manager'),(19,10,1,NULL,NULL,NULL,'2015-07-15 05:06:03','2015-07-15 05:06:03','customer'),(20,11,1,NULL,NULL,NULL,'2015-07-15 05:06:03','2015-07-15 05:06:03','customer'),(21,12,1,NULL,NULL,NULL,'2015-07-15 05:06:03','2015-07-15 05:06:03','customer'),(22,13,1,NULL,NULL,NULL,'2015-07-15 05:06:03','2015-07-15 05:06:03','customer'),(23,26,1,NULL,NULL,NULL,'2015-07-15 05:06:03','2015-07-15 05:06:03','customer'),(24,27,1,NULL,NULL,NULL,'2015-07-15 05:06:03','2015-07-15 05:06:03','customer'),(25,27,2,NULL,NULL,NULL,'2015-07-15 05:06:03','2015-07-15 05:06:03','customer'),(26,29,1,NULL,NULL,NULL,'2015-07-15 05:06:03','2015-07-15 05:06:03','customer'),(27,29,5,NULL,NULL,NULL,'2015-07-15 05:06:03','2015-07-15 05:06:03','customer'),(28,29,6,NULL,NULL,NULL,'2015-07-15 05:06:03','2015-07-15 05:06:03','customer'),(29,30,1,NULL,NULL,NULL,'2015-07-15 05:06:03','2015-07-15 05:06:03','customer'),(30,23,1,NULL,NULL,NULL,'2015-07-15 05:06:03','2015-07-15 05:06:03','customer'),(31,24,1,NULL,NULL,NULL,'2015-07-15 05:06:03','2015-07-15 05:06:03','customer'),(32,14,1,NULL,NULL,NULL,'2015-07-15 05:06:03','2015-07-15 05:06:03','customer'),(33,15,1,'2015-07-15','Sunt commodi sit voluptatem autem similique voluptas veritatis facilis.',NULL,'2015-07-15 05:06:03','2015-07-15 05:06:03','customer'),(34,16,1,NULL,NULL,NULL,'2015-07-15 05:06:03','2015-07-15 05:06:03','customer'),(35,17,1,NULL,NULL,NULL,'2015-07-15 05:06:03','2015-07-15 05:06:03','customer'),(36,18,1,NULL,NULL,NULL,'2015-07-15 05:06:03','2015-07-15 05:06:03','customer'),(37,19,1,NULL,NULL,NULL,'2015-07-15 05:06:03','2015-07-15 05:06:03','customer'),(38,20,1,NULL,NULL,'2015-07-15','2015-07-15 05:06:03','2015-07-15 05:06:03','customer'),(39,21,1,NULL,NULL,NULL,'2015-07-15 05:06:03','2015-07-15 05:06:03','customer'),(40,22,1,NULL,NULL,NULL,'2015-07-15 05:06:03','2015-07-15 05:06:03','customer'),(41,31,3,NULL,NULL,NULL,'2015-07-15 05:06:03','2015-07-15 05:06:03','customer'),(42,32,1,NULL,NULL,NULL,'2015-07-15 05:06:03','2015-07-15 05:06:03','lending_manager'),(43,33,1,NULL,NULL,NULL,'2015-07-15 05:06:03','2015-07-15 05:06:03','group_manager'),(44,34,7,NULL,NULL,NULL,'2015-07-15 05:06:03','2015-07-15 05:06:03','customer'),(45,35,12,NULL,NULL,NULL,'2015-07-15 05:06:03','2015-07-15 05:06:03','customer');
/*!40000 ALTER TABLE `access_rights` ENABLE KEYS */;
UNLOCK TABLES;

--
-- Table structure for table `accessories`
--

DROP TABLE IF EXISTS `accessories`;
/*!40101 SET @saved_cs_client     = @@character_set_client */;
/*!40101 SET character_set_client = utf8 */;
CREATE TABLE `accessories` (
  `id` int(11) NOT NULL AUTO_INCREMENT,
  `model_id` int(11) DEFAULT NULL,
  `name` varchar(255) COLLATE utf8_unicode_ci DEFAULT NULL,
  `quantity` int(11) DEFAULT NULL,
  PRIMARY KEY (`id`),
  KEY `index_accessories_on_model_id` (`model_id`),
  CONSTRAINT `accessories_model_id_fk` FOREIGN KEY (`model_id`) REFERENCES `models` (`id`) ON DELETE CASCADE
) ENGINE=InnoDB AUTO_INCREMENT=213 DEFAULT CHARSET=utf8 COLLATE=utf8_unicode_ci;
/*!40101 SET character_set_client = @saved_cs_client */;

--
-- Dumping data for table `accessories`
--

LOCK TABLES `accessories` WRITE;
/*!40000 ALTER TABLE `accessories` DISABLE KEYS */;
INSERT INTO `accessories` VALUES (1,1,'Willa Johns PhD',NULL),(2,1,'Meredith Smith DDS',NULL),(3,1,'Jackie Kuhn',NULL),(4,1,'Valerie Howe',NULL),(5,2,'Erika Simonis',NULL),(6,2,'Astrid Veum',NULL),(7,2,'Jarret Berge',NULL),(8,2,'Miss Meagan Ziemann',NULL),(9,2,'Anastasia Thiel',NULL),(10,3,'Moses Steuber Sr.',NULL),(11,3,'Trycia Feil',NULL),(12,4,'Miss Nicholas Bartell',NULL),(13,5,'Zackery Pacocha II',NULL),(14,5,'Cole Bogisich',NULL),(15,5,'Mr. Eladio Wolf',NULL),(16,5,'Anahi Cummings',NULL),(17,5,'Madisyn Wolff MD',NULL),(18,6,'Kellen Hahn DVM',NULL),(19,6,'Dr. Everette Hammes',NULL),(20,6,'Miss Chelsey Padberg',NULL),(21,7,'Daphne Hansen',NULL),(22,7,'Ms. Ivah Altenwerth',NULL),(23,7,'Elena Okuneva',NULL),(24,7,'Ebba Schultz',NULL),(25,7,'Millie Mraz Sr.',NULL),(26,8,'Scottie Ortiz DDS',NULL),(27,8,'Ricky Macejkovic',NULL),(28,8,'Daren Schaefer PhD',NULL),(29,8,'Ray White',NULL),(30,9,'Reva Hegmann',NULL),(31,10,'Dario Osinski IV',NULL),(32,10,'Emilia Emmerich II',NULL),(33,10,'Reinhold Larkin II',NULL),(34,11,'Aracely Rohan',NULL),(35,12,'Theo Walker Jr.',NULL),(36,12,'Heloise Collins',NULL),(37,12,'Wilfrid Hermiston',NULL),(38,12,'Mireille Swift Sr.',NULL),(39,12,'Hector Kuhic',NULL),(40,13,'Ernie Flatley',NULL),(41,13,'Devyn Spencer',NULL),(42,14,'Mr. Shanie Schamberger',NULL),(43,14,'Cali Schmeler II',NULL),(44,15,'Adriana Abbott',NULL),(45,15,'Rozella Boyer',NULL),(46,16,'Adolf Fisher',NULL),(47,16,'Dr. Sid Zulauf',NULL),(48,16,'Leilani Hahn',NULL),(49,16,'Marvin Schultz',NULL),(50,16,'Molly Lemke DVM',NULL),(51,17,'Cassie Rosenbaum',NULL),(52,18,'Nico D\'Amore',NULL),(53,18,'Lamar Wiegand',NULL),(54,18,'Genevieve Gusikowski',NULL),(55,19,'Colten Murphy',NULL),(56,19,'Chester Okuneva',NULL),(57,19,'Alverta Hilll Sr.',NULL),(58,19,'Roxanne Lemke',NULL),(59,19,'Maxime Sipes',NULL),(60,20,'Brook McDermott',NULL),(61,20,'Adrian Hermann',NULL),(62,20,'Miss Stanford Goodwin',NULL),(63,20,'Antwon Green',NULL),(64,21,'Bernadette Dibbert',NULL),(65,21,'Ms. Eldon Daniel',NULL),(66,21,'Jaylon Marquardt',NULL),(67,21,'Kamren Spinka',NULL),(68,21,'Aliyah Steuber',NULL),(69,22,'Ms. Kip Reinger',NULL),(70,23,'Felix Emard',NULL),(71,23,'Dejon Watsica',NULL),(72,23,'Fanny Lubowitz',NULL),(73,23,'Adolph Kovacek',NULL),(74,23,'Mozelle Anderson',NULL),(75,24,'Arely Gibson',NULL),(76,24,'Eveline Howe IV',NULL),(77,24,'Maryam Wolff',NULL),(78,24,'Blair Reichert',NULL),(79,25,'Pearline Bauch',NULL),(80,25,'Drake Rolfson',NULL),(81,25,'Mr. Clare Tromp',NULL),(82,26,'Ms. Mckenzie Haag',NULL),(83,26,'Duncan Langosh',NULL),(84,26,'Rylee McCullough',NULL),(85,26,'Ms. Alberto Johnston',NULL),(86,27,'Alysson Grimes',NULL),(87,27,'Gino Christiansen',NULL),(88,28,'Sean Kulas',NULL),(89,28,'Serena Lemke PhD',NULL),(90,28,'Jerry D\'Amore DDS',NULL),(91,28,'Mr. Alisa Rogahn',NULL),(92,29,'Zachary Ledner',NULL),(93,30,'Halle Champlin DDS',NULL),(94,30,'Aracely Durgan',NULL),(95,30,'Vidal Schamberger',NULL),(96,31,'Rodrigo Wyman',NULL),(97,31,'Giovani Connelly',NULL),(98,31,'Stevie Senger',NULL),(99,31,'Mrs. Simone Moore',NULL),(100,32,'Ardella Klocko',NULL),(101,33,'Dr. Ericka Hilpert',NULL),(102,33,'Carole Green',NULL),(103,33,'Eloy Mohr',NULL),(104,33,'Florence Schaefer',NULL),(105,33,'Frederic O\'Kon',NULL),(106,34,'Zoe Witting',NULL),(107,35,'Zola McLaughlin Jr.',NULL),(108,36,'Brionna Jacobson',NULL),(109,36,'Rene Mann',NULL),(110,36,'Jamie Prohaska PhD',NULL),(111,36,'Jennie Kilback IV',NULL),(112,37,'Bryana Predovic',NULL),(113,37,'Lottie Schroeder',NULL),(114,37,'Ruben Herzog Sr.',NULL),(115,37,'Virginie Keebler',NULL),(116,38,'Dameon Ratke',NULL),(117,38,'Taryn Kiehn',NULL),(118,38,'Ms. Anastacio Lemke',NULL),(119,39,'Kaleigh Nikolaus',NULL),(120,39,'Scarlett Conn',NULL),(121,39,'Ms. Sherwood Kautzer',NULL),(122,40,'Gordon Bradtke DVM',NULL),(123,40,'Hannah Kuvalis',NULL),(124,40,'Janae Bode',NULL),(125,40,'Damien Hintz I',NULL),(126,41,'Dr. Otilia Kessler',NULL),(127,41,'Tanner Spencer',NULL),(128,41,'Cheyanne Stroman',NULL),(129,42,'Rylee Kris',NULL),(130,42,'Sierra Stamm',NULL),(131,43,'Jimmy Maggio',NULL),(132,43,'Sage O\'Reilly',NULL),(133,43,'Golda Pfannerstill',NULL),(134,43,'Jayde Mohr',NULL),(135,43,'Keegan Doyle II',NULL),(136,44,'Ana Medhurst',NULL),(137,44,'Dr. Jonas O\'Hara',NULL),(138,44,'Ms. Roy Swift',NULL),(139,44,'Maymie Reinger',NULL),(140,44,'Enoch Welch',NULL),(141,45,'Malinda Russel II',NULL),(142,46,'Dell Terry',NULL),(143,46,'Hardy Hegmann',NULL),(144,46,'Miss Angelita Kassulke',NULL),(145,46,'Stephen Lindgren',NULL),(146,47,'Christopher Dicki',NULL),(147,48,'Blanche Littel',NULL),(148,48,'Mr. Urban Anderson',NULL),(149,48,'Jody Wehner',NULL),(150,49,'Payton Marvin',NULL),(151,49,'Amanda Goyette',NULL),(152,49,'Charity Jones',NULL),(153,49,'Dr. Lindsey Swaniawski',NULL),(154,50,'Mrs. Leann Bernhard',NULL),(155,50,'Esther Walter',NULL),(156,50,'Don Wyman PhD',NULL),(157,51,'Furman Waelchi',NULL),(158,51,'Krystel Mosciski',NULL),(159,52,'Nikko Pacocha',NULL),(160,53,'Austyn Mills',NULL),(161,54,'Adonis O\'Connell',NULL),(162,54,'Viola Durgan',NULL),(163,54,'Juanita Reilly',NULL),(164,54,'Mr. Chadrick Mohr',NULL),(165,54,'Mrs. Brooke Stokes',NULL),(166,55,'Quentin Gutmann',NULL),(167,55,'Oran Beatty',NULL),(168,56,'Sven Schaden',NULL),(169,57,'Lolita Walter',NULL),(170,57,'Miss Hayley O\'Reilly',NULL),(171,58,'Aditya Hauck',NULL),(172,58,'Felipa Konopelski',NULL),(173,58,'Adah Cassin',NULL),(174,58,'Wendell Leannon',NULL),(175,59,'Marta Goodwin',NULL),(176,59,'Haley Rau',NULL),(177,60,'Devon Schneider',NULL),(178,61,'Emiliano Walsh',NULL),(179,62,'Abel Huel',NULL),(180,62,'Vada Hegmann',NULL),(181,63,'Anna Dibbert V',NULL),(182,63,'Zion Schamberger',NULL),(183,64,'Miss Emmitt Welch',NULL),(184,64,'Rodrigo Rogahn MD',NULL),(185,64,'Marietta Haag',NULL),(186,65,'Ashtyn Hahn II',NULL),(187,65,'Fabian Goldner',NULL),(188,65,'Brigitte Price',NULL),(189,65,'Miss Thad Lind',NULL),(190,65,'Miss Gregoria Muller',NULL),(191,66,'Hubert Feeney',NULL),(192,67,'Malinda Herzog',NULL),(193,68,'Ernestine Hackett',NULL),(194,69,'Raheem Baumbach',NULL),(195,69,'Jared Gusikowski IV',NULL),(196,69,'Georgette Russel',NULL),(197,70,'Mrs. Meaghan Reichert',NULL),(198,70,'Nathanael Zieme',NULL),(199,70,'Tina Wolf',NULL),(200,71,'Edwin Corkery',NULL),(201,71,'Emile Collins',NULL),(202,71,'Verda Koss',NULL),(203,71,'Retta Kirlin',NULL),(204,71,'Marcia Kunde',NULL),(205,72,'Devan Kulas Jr.',NULL),(206,72,'Lesley Rogahn',NULL),(207,72,'Brenna Gutmann',NULL),(208,72,'Lavina Nienow',NULL),(209,72,'Dr. Gladyce Champlin',NULL),(210,73,'Danny Batz IV',NULL),(211,73,'Andres Littel',NULL),(212,73,'Dorcas Beier',NULL);
/*!40000 ALTER TABLE `accessories` ENABLE KEYS */;
UNLOCK TABLES;

--
-- Table structure for table `accessories_inventory_pools`
--

DROP TABLE IF EXISTS `accessories_inventory_pools`;
/*!40101 SET @saved_cs_client     = @@character_set_client */;
/*!40101 SET character_set_client = utf8 */;
CREATE TABLE `accessories_inventory_pools` (
  `accessory_id` int(11) DEFAULT NULL,
  `inventory_pool_id` int(11) DEFAULT NULL,
  UNIQUE KEY `index_accessories_inventory_pools` (`accessory_id`,`inventory_pool_id`),
  KEY `index_accessories_inventory_pools_on_inventory_pool_id` (`inventory_pool_id`),
  CONSTRAINT `accessories_inventory_pools_inventory_pool_id_fk` FOREIGN KEY (`inventory_pool_id`) REFERENCES `inventory_pools` (`id`),
  CONSTRAINT `accessories_inventory_pools_accessory_id_fk` FOREIGN KEY (`accessory_id`) REFERENCES `accessories` (`id`)
) ENGINE=InnoDB DEFAULT CHARSET=utf8 COLLATE=utf8_unicode_ci;
/*!40101 SET character_set_client = @saved_cs_client */;

--
-- Dumping data for table `accessories_inventory_pools`
--

LOCK TABLES `accessories_inventory_pools` WRITE;
/*!40000 ALTER TABLE `accessories_inventory_pools` DISABLE KEYS */;
INSERT INTO `accessories_inventory_pools` VALUES (4,1),(5,1),(10,1),(11,1),(12,1),(13,1),(14,1),(18,1),(21,1),(22,1),(23,1),(27,1),(31,1),(33,1),(34,1),(36,1),(37,1),(40,1),(41,1),(42,1),(43,1),(45,1),(48,1),(49,1),(51,1),(54,1),(55,1),(59,1),(60,1),(61,1),(62,1),(63,1),(64,1),(65,1),(67,1),(68,1),(69,1),(70,1),(72,1),(73,1),(77,1),(78,1),(79,1),(86,1),(93,1),(94,1),(98,1),(100,1),(101,1),(104,1),(105,1),(107,1),(108,1),(109,1),(112,1),(113,1),(114,1),(115,1),(117,1),(120,1),(122,1),(123,1),(124,1),(126,1),(127,1),(129,1),(130,1),(131,1),(132,1),(133,1),(135,1),(136,1),(137,1),(140,1),(141,1),(142,1),(143,1),(145,1),(147,1),(149,1),(152,1),(160,1),(161,1),(162,1),(163,1),(166,1),(167,1),(168,1),(169,1),(170,1),(172,1),(173,1),(175,1),(176,1),(177,1),(180,1),(181,1),(187,1),(189,1),(191,1),(192,1),(197,1),(200,1),(201,1),(206,1),(207,1),(211,1),(212,1);
/*!40000 ALTER TABLE `accessories_inventory_pools` ENABLE KEYS */;
UNLOCK TABLES;

--
-- Table structure for table `addresses`
--

DROP TABLE IF EXISTS `addresses`;
/*!40101 SET @saved_cs_client     = @@character_set_client */;
/*!40101 SET character_set_client = utf8 */;
CREATE TABLE `addresses` (
  `id` int(11) NOT NULL AUTO_INCREMENT,
  `street` varchar(255) COLLATE utf8_unicode_ci DEFAULT NULL,
  `zip_code` varchar(255) COLLATE utf8_unicode_ci DEFAULT NULL,
  `city` varchar(255) COLLATE utf8_unicode_ci DEFAULT NULL,
  `country_code` varchar(255) COLLATE utf8_unicode_ci DEFAULT NULL,
  `latitude` float DEFAULT NULL,
  `longitude` float DEFAULT NULL,
  PRIMARY KEY (`id`),
  UNIQUE KEY `index_addresses_on_street_and_zip_code_and_city_and_country_code` (`street`,`zip_code`,`city`,`country_code`)
) ENGINE=InnoDB DEFAULT CHARSET=utf8 COLLATE=utf8_unicode_ci;
/*!40101 SET character_set_client = @saved_cs_client */;

--
-- Dumping data for table `addresses`
--

LOCK TABLES `addresses` WRITE;
/*!40000 ALTER TABLE `addresses` DISABLE KEYS */;
/*!40000 ALTER TABLE `addresses` ENABLE KEYS */;
UNLOCK TABLES;

--
-- Table structure for table `attachments`
--

DROP TABLE IF EXISTS `attachments`;
/*!40101 SET @saved_cs_client     = @@character_set_client */;
/*!40101 SET character_set_client = utf8 */;
CREATE TABLE `attachments` (
  `id` int(11) NOT NULL AUTO_INCREMENT,
  `model_id` int(11) DEFAULT NULL,
  `is_main` tinyint(1) DEFAULT '0',
  `content_type` varchar(255) COLLATE utf8_unicode_ci DEFAULT NULL,
  `filename` varchar(255) COLLATE utf8_unicode_ci DEFAULT NULL,
  `size` int(11) DEFAULT NULL,
  PRIMARY KEY (`id`),
  KEY `index_attachments_on_model_id` (`model_id`),
  CONSTRAINT `attachments_model_id_fk` FOREIGN KEY (`model_id`) REFERENCES `models` (`id`) ON DELETE CASCADE
) ENGINE=InnoDB AUTO_INCREMENT=9 DEFAULT CHARSET=utf8 COLLATE=utf8_unicode_ci;
/*!40101 SET character_set_client = @saved_cs_client */;

--
-- Dumping data for table `attachments`
--

LOCK TABLES `attachments` WRITE;
/*!40000 ALTER TABLE `attachments` DISABLE KEYS */;
INSERT INTO `attachments` VALUES (1,16,0,'image/jpeg','aut',NULL),(2,17,0,'image/jpeg','ea',NULL),(3,74,0,'image/jpeg','commodi',NULL),(4,74,0,'image/jpeg','libero',NULL),(5,74,0,'image/jpeg','temporibus',NULL),(6,75,0,'image/jpeg','ea',NULL),(7,75,0,'image/jpeg','et',NULL),(8,75,0,'image/jpeg','tenetur',NULL);
/*!40000 ALTER TABLE `attachments` ENABLE KEYS */;
UNLOCK TABLES;

--
-- Table structure for table `authentication_systems`
--

DROP TABLE IF EXISTS `authentication_systems`;
/*!40101 SET @saved_cs_client     = @@character_set_client */;
/*!40101 SET character_set_client = utf8 */;
CREATE TABLE `authentication_systems` (
  `id` int(11) NOT NULL AUTO_INCREMENT,
  `name` varchar(255) COLLATE utf8_unicode_ci DEFAULT NULL,
  `class_name` varchar(255) COLLATE utf8_unicode_ci DEFAULT NULL,
  `is_default` tinyint(1) DEFAULT '0',
  `is_active` tinyint(1) DEFAULT '0',
  PRIMARY KEY (`id`)
) ENGINE=InnoDB AUTO_INCREMENT=4 DEFAULT CHARSET=utf8 COLLATE=utf8_unicode_ci;
/*!40101 SET character_set_client = @saved_cs_client */;

--
-- Dumping data for table `authentication_systems`
--

LOCK TABLES `authentication_systems` WRITE;
/*!40000 ALTER TABLE `authentication_systems` DISABLE KEYS */;
INSERT INTO `authentication_systems` VALUES (1,'Database Authentication','DatabaseAuthentication',1,1),(2,'LDAP Authentication','LdapAuthentication',0,0),(3,'ZHDK Authentication','Zhdk',0,0);
/*!40000 ALTER TABLE `authentication_systems` ENABLE KEYS */;
UNLOCK TABLES;

--
-- Table structure for table `buildings`
--

DROP TABLE IF EXISTS `buildings`;
/*!40101 SET @saved_cs_client     = @@character_set_client */;
/*!40101 SET character_set_client = utf8 */;
CREATE TABLE `buildings` (
  `id` int(11) NOT NULL AUTO_INCREMENT,
  `name` varchar(255) COLLATE utf8_unicode_ci DEFAULT NULL,
  `code` varchar(255) COLLATE utf8_unicode_ci DEFAULT NULL,
  PRIMARY KEY (`id`)
) ENGINE=InnoDB AUTO_INCREMENT=186 DEFAULT CHARSET=utf8 COLLATE=utf8_unicode_ci;
/*!40101 SET character_set_client = @saved_cs_client */;

--
-- Dumping data for table `buildings`
--

LOCK TABLES `buildings` WRITE;
/*!40000 ALTER TABLE `buildings` DISABLE KEYS */;
INSERT INTO `buildings` VALUES (1,'Ausstellungsstrasse 60','AU60'),(2,'Consequaturplaceatoptio','com'),(3,'Eosevenietsapiente','mai'),(4,'Earumsedrepellat','idi'),(5,'Quiavelitvelit','com'),(6,'Sintminimacumque','rei'),(7,'Ipsamquibusdamdicta','vol'),(8,'Eaipsased','exp'),(9,'Voluptatemperspiciatispariatur','adi'),(10,'Omnisauttempora','vel'),(11,'Mollitiautfuga','ist'),(12,'Aperiamcorporisqui','ill'),(13,'Evenietrerumsaepe','mai'),(14,'Earumanimiet','adv'),(15,'Quibusdamconsequunturipsa','seq'),(16,'Laborumsimiliquequia','fac'),(17,'Remsedipsa','qui'),(18,'Earumadipiscidolorum','exe'),(19,'Totamipsamiusto','qui'),(20,'Etassumendaullam','off'),(21,'Estteneturaperiam','lab'),(22,'Maioresevenietomnis','aut'),(23,'Eiuslaboriosampariatur','aut'),(24,'Aliasomnisnon','dol'),(25,'Praesentiumducimusest','qui'),(26,'Utnemoest','dol'),(27,'Quifugadistinctio','ete'),(28,'Etquianam','qui'),(29,'Eumsequirerum','eti'),(30,'Autauteminventore','com'),(31,'Saepenumquamvoluptas','aut'),(32,'Temporasapientererum','nul'),(33,'Quianonvoluptatibus','ute'),(34,'Eteumsoluta','ear'),(35,'Temporanesciuntvitae','con'),(36,'Rerumrepellatiure','cup'),(37,'Impeditexplicabout','sun'),(38,'Inciduntquasblanditiis','ull'),(39,'Dolorumametat','sit'),(40,'Sequiexercitationemaccusantium','nes'),(41,'Quaequiet','neq'),(42,'Autsaepeab','dol'),(43,'Laboriosamsequiid','qua'),(44,'Similiquequiatemporibus','ali'),(45,'Ducimusporroquibusdam','mag'),(46,'Ullamsapientefacilis','duc'),(47,'Sitdoloremsimilique','eae'),(48,'Sitinqui','dig'),(49,'Cupiditatecommodinihil','des'),(50,'Blanditiisnonvoluptas','rei'),(51,'Idquiain','mol'),(52,'Doloribusquilibero','atm'),(53,'Quisquamremest','tem'),(54,'Perspiciatisestsed','qui'),(55,'Remnatusneque','vol'),(56,'Enimsaepeeligendi','sin'),(57,'Dolorinenim','omn'),(58,'Velitcorruptivel','quo'),(59,'Laboresedeaque','vol'),(60,'Omnisrecusandaedoloribus','ist'),(61,'Utquiaiure','uti'),(62,'Inaccusantiumomnis','ani'),(63,'Maioresquiut','dol'),(64,'Atquenonab','rep'),(65,'Istequiaaspernatur','fug'),(66,'Perspiciatisaliquamquia','atu'),(67,'Quiomnisveniam','ear'),(68,'Estmagnamprovident','err'),(69,'Utvoluptatibuset','ete'),(70,'Autnisiconsequatur','tem'),(71,'Estdignissimosaspernatur','exp'),(72,'Idmodiid','arc'),(73,'Quiconsecteturdolore','ess'),(74,'Voluptatequiaodio','pro'),(75,'Natusetsapiente','odi'),(76,'Quasivoluptassed','hic'),(77,'Evenietquivoluptate','dic'),(78,'Autemhicnostrum','etp'),(79,'Utofficiisdicta','vol'),(80,'Molestiaesaepeexplicabo','bla'),(81,'Perspiciatisfugavoluptates','qua'),(82,'Voluptateexercitationemiure','eae'),(83,'Sunteumet','eaa'),(84,'Etsequienim','uti'),(85,'Similiquefaciliset','ame'),(86,'Nonblanditiisillum','qui'),(87,'Autesteligendi','pla'),(88,'Utofficiaaliquam','mag'),(89,'Itaqueeaqueaut','vit'),(90,'Aperiametmollitia','odi'),(91,'Aperiamimpeditnam','dis'),(92,'Iddistinctioillo','utd'),(93,'Reprehenderitsintminima','des'),(94,'Etsedconsequatur','pos'),(95,'Aspernaturettemporibus','exc'),(96,'Sintmolestiaeillum','exp'),(97,'Recusandaevelitmollitia','opt'),(98,'Exercitationemetperspiciatis','qui'),(99,'Ututnon','qui'),(100,'Quifugavoluptates','mol'),(101,'Illoquiaest','eni'),(102,'Sapientepariaturnon','eos'),(103,'Quolaboriosamquis','rat'),(104,'Fugaharumpossimus','nih'),(105,'Illoutqui','est'),(106,'Quieumvoluptates','per'),(107,'Numquamhicaut','sun'),(108,'Eiusatnon','est'),(109,'Maioreseligendiomnis','non'),(110,'Cumquerationeblanditiis','asp'),(111,'Quiminusid','mol'),(112,'Aliquidvoluptasaut','ips'),(113,'Expraesentiumquam','utd'),(114,'Consecteturnesciuntquo','und'),(115,'Deseruntquiquasi','tem'),(116,'Doloribusoditrepudiandae','aut'),(117,'Sapientemollitiasit','eli'),(118,'Estmolestiasfuga','inv'),(119,'Nihilaliquamquia','dol'),(120,'Recusandaesapientemolestias','atq'),(121,'Hicnonamet','non'),(122,'Doloremquesedquasi','con'),(123,'Eiusinesse','del'),(124,'Aspernaturquiassumenda','nam'),(125,'Utteneturmagnam','dol'),(126,'Rationedeleniticumque','atq'),(127,'Ametautdicta','inc'),(128,'Quisquamrepellendusmagni','sun'),(129,'Nonquasquo','lab'),(130,'Undealiquamasperiores','non'),(131,'Minimaetomnis','nem'),(132,'Illumeaqueculpa','del'),(133,'Similiqueminusquia','rer'),(134,'Autquiacupiditate','asp'),(135,'Evenietvoluptatemquam','vel'),(136,'Atqueliberopraesentium','odi'),(137,'Odiosapientein','por'),(138,'Providentsintquia','qui'),(139,'Architectoautnon','etn'),(140,'Quidoloremodio','min'),(141,'Quiaiureet','nem'),(142,'Odioconsequaturest','aut'),(143,'Autemsuscipitea','sim'),(144,'Nemomollitiaprovident','fac'),(145,'Consequaturaut','ten'),(146,'Teneturetet','aut'),(147,'Vitaeducimusporro','con'),(148,'Eumdictaautem','quo'),(149,'Idsedoccaecati','cup'),(150,'Doloresfugiatut','sim'),(151,'Perferendisinciduntdolore','vol'),(152,'Debitislaudantiumest','exp'),(153,'Consequaturlaboriosamnecessitatibus','sit'),(154,'Auteumlabore','eai'),(155,'Cumqueatet','lib'),(156,'Consequatursequitemporibus','cor'),(157,'Estimpeditbeatae','vol'),(158,'Animidoloremaut','odi'),(159,'Remfugiatsunt','vel'),(160,'Inciduntipsumsaepe','sun'),(161,'Iuredistinctioquos','cum'),(162,'Nequeetvelit','idc'),(163,'Iustoutautem','des'),(164,'Vitaeestin','aut'),(165,'Sitaspernaturfugit','dic'),(166,'Ipsumsuntnam','qua'),(167,'Facilisrecusandaeut','vol'),(168,'Occaecatietvoluptas','sun'),(169,'Nisidolorumenim','quo'),(170,'Dolorvoluptatumperferendis','con'),(171,'Eligendiatnemo','pla'),(172,'Temporibusesseet','opt'),(173,'Voluptasetid','fac'),(174,'Iustooccaecatiamet','adr'),(175,'Aperiamculpaautem','nes'),(176,'Iustonamipsam','abs'),(177,'Voluptatemidaut','ina'),(178,'Doloribusmaximeut','lib'),(179,'Voluptatemdoloremodi','sed'),(180,'Laboriosametlaborum','lab'),(181,'Quiaeligendiest','ess'),(182,'Voluptatemlaboriosamneque','asp'),(183,'Molestiaerepellateius','eni'),(184,'Quisquiaest','duc'),(185,'Doloribusvoluptasexplicabo','ali');
/*!40000 ALTER TABLE `buildings` ENABLE KEYS */;
UNLOCK TABLES;

--
-- Table structure for table `contract_lines`
--

DROP TABLE IF EXISTS `contract_lines`;
/*!40101 SET @saved_cs_client     = @@character_set_client */;
/*!40101 SET character_set_client = utf8 */;
CREATE TABLE `contract_lines` (
  `id` int(11) NOT NULL AUTO_INCREMENT,
  `contract_id` int(11) DEFAULT NULL,
  `type` varchar(255) COLLATE utf8_unicode_ci NOT NULL DEFAULT 'ItemLine',
  `item_id` int(11) DEFAULT NULL,
  `model_id` int(11) DEFAULT NULL,
  `quantity` int(11) DEFAULT '1',
  `start_date` date DEFAULT NULL,
  `end_date` date DEFAULT NULL,
  `returned_date` date DEFAULT NULL,
  `option_id` int(11) DEFAULT NULL,
  `purpose_id` int(11) DEFAULT NULL,
  `returned_to_user_id` int(11) DEFAULT NULL,
  `created_at` datetime DEFAULT NULL,
  `updated_at` datetime DEFAULT NULL,
  PRIMARY KEY (`id`),
  KEY `index_contract_lines_on_start_date` (`start_date`),
  KEY `index_contract_lines_on_end_date` (`end_date`),
  KEY `index_contract_lines_on_option_id` (`option_id`),
  KEY `index_contract_lines_on_contract_id` (`contract_id`),
  KEY `index_contract_lines_on_item_id` (`item_id`),
  KEY `index_contract_lines_on_model_id` (`model_id`),
  KEY `index_contract_lines_on_returned_date_and_contract_id` (`returned_date`,`contract_id`),
  KEY `index_contract_lines_on_type_and_contract_id` (`type`,`contract_id`),
  KEY `contract_lines_purpose_id_fk` (`purpose_id`),
  KEY `contract_lines_returned_to_user_id_fk` (`returned_to_user_id`),
  CONSTRAINT `contract_lines_returned_to_user_id_fk` FOREIGN KEY (`returned_to_user_id`) REFERENCES `users` (`id`),
  CONSTRAINT `contract_lines_contract_id_fk` FOREIGN KEY (`contract_id`) REFERENCES `contracts` (`id`) ON DELETE CASCADE,
  CONSTRAINT `contract_lines_item_id_fk` FOREIGN KEY (`item_id`) REFERENCES `items` (`id`),
  CONSTRAINT `contract_lines_model_id_fk` FOREIGN KEY (`model_id`) REFERENCES `models` (`id`),
  CONSTRAINT `contract_lines_option_id_fk` FOREIGN KEY (`option_id`) REFERENCES `options` (`id`),
  CONSTRAINT `contract_lines_purpose_id_fk` FOREIGN KEY (`purpose_id`) REFERENCES `purposes` (`id`)
) ENGINE=InnoDB AUTO_INCREMENT=200 DEFAULT CHARSET=utf8 COLLATE=utf8_unicode_ci;
/*!40101 SET character_set_client = @saved_cs_client */;

--
-- Dumping data for table `contract_lines`
--

LOCK TABLES `contract_lines` WRITE;
/*!40000 ALTER TABLE `contract_lines` DISABLE KEYS */;
INSERT INTO `contract_lines` VALUES (1,1,'ItemLine',NULL,119,1,'2015-07-15','2015-07-15',NULL,NULL,NULL,NULL,'2015-07-15 05:06:03','2015-07-15 05:06:03'),(2,1,'ItemLine',NULL,123,1,'2015-07-15','2015-07-15',NULL,NULL,NULL,NULL,'2015-07-15 05:06:03','2015-07-15 05:06:03'),(3,1,'ItemLine',NULL,127,1,'2015-07-15','2015-07-15',NULL,NULL,NULL,NULL,'2015-07-15 05:06:03','2015-07-15 05:06:03'),(4,1,'ItemLine',NULL,131,1,'2015-07-15','2015-07-15',NULL,NULL,NULL,NULL,'2015-07-15 05:06:03','2015-07-15 05:06:03'),(5,1,'ItemLine',NULL,135,1,'2015-07-15','2015-07-15',NULL,NULL,NULL,NULL,'2015-07-15 05:06:03','2015-07-15 05:06:03'),(6,2,'ItemLine',NULL,4,1,'2015-07-15','2015-07-15',NULL,NULL,NULL,NULL,'2015-07-15 05:06:03','2015-07-15 05:06:03'),(7,2,'ItemLine',NULL,1,1,'2015-07-15','2015-07-15',NULL,NULL,NULL,NULL,'2015-07-15 05:06:03','2015-07-15 05:06:03'),(8,2,'ItemLine',NULL,89,1,'2015-07-15','2015-07-15',NULL,NULL,NULL,NULL,'2015-07-15 05:06:03','2015-07-15 05:06:03'),(9,2,'ItemLine',NULL,84,1,'2015-07-15','2015-07-15',NULL,NULL,NULL,NULL,'2015-07-15 05:06:03','2015-07-15 05:06:03'),(10,2,'ItemLine',NULL,2,1,'2015-07-15','2015-07-15',NULL,NULL,NULL,NULL,'2015-07-15 05:06:03','2015-07-15 05:06:03'),(11,3,'ItemLine',NULL,8,1,'2015-07-22','2015-07-25',NULL,NULL,1,NULL,'2015-07-15 05:06:03','2015-07-15 05:06:03'),(12,3,'ItemLine',NULL,8,1,'2015-07-22','2015-07-25',NULL,NULL,1,NULL,'2015-07-15 05:06:03','2015-07-15 05:06:03'),(13,3,'ItemLine',NULL,8,1,'2015-07-22','2015-07-25',NULL,NULL,1,NULL,'2015-07-15 05:06:03','2015-07-15 05:06:03'),(14,3,'ItemLine',NULL,9,1,'2015-07-22','2015-07-25',NULL,NULL,2,NULL,'2015-07-15 05:06:03','2015-07-15 05:06:03'),(15,3,'ItemLine',NULL,9,1,'2015-07-22','2015-07-25',NULL,NULL,2,NULL,'2015-07-15 05:06:03','2015-07-15 05:06:03'),(16,3,'ItemLine',NULL,9,1,'2015-07-22','2015-07-25',NULL,NULL,2,NULL,'2015-07-15 05:06:03','2015-07-15 05:06:03'),(17,3,'ItemLine',NULL,9,1,'2015-07-22','2015-07-25',NULL,NULL,2,NULL,'2015-07-15 05:06:03','2015-07-15 05:06:03'),(18,4,'ItemLine',NULL,22,1,'2015-07-15','2015-07-16',NULL,NULL,3,NULL,'2015-07-15 05:06:03','2015-07-15 05:06:03'),(19,5,'ItemLine',NULL,37,1,'2015-07-15','2015-07-15',NULL,NULL,4,NULL,'2015-07-15 05:06:03','2015-07-15 05:06:03'),(20,5,'ItemLine',NULL,32,1,'2015-07-15','2015-07-15',NULL,NULL,4,NULL,'2015-07-15 05:06:03','2015-07-15 05:06:03'),(21,5,'ItemLine',NULL,53,1,'2015-07-15','2015-07-15',NULL,NULL,4,NULL,'2015-07-15 05:06:03','2015-07-15 05:06:03'),(22,6,'ItemLine',NULL,87,1,'2015-07-15','2015-07-15',NULL,NULL,5,NULL,'2015-07-15 05:06:03','2015-07-15 05:06:03'),(23,6,'ItemLine',NULL,139,1,'2015-07-15','2015-07-15',NULL,NULL,5,NULL,'2015-07-15 05:06:03','2015-07-15 05:06:03'),(24,6,'ItemLine',NULL,143,1,'2015-07-15','2015-07-15',NULL,NULL,5,NULL,'2015-07-15 05:06:03','2015-07-15 05:06:03'),(25,6,'ItemLine',NULL,147,1,'2015-07-15','2015-07-15',NULL,NULL,5,NULL,'2015-07-15 05:06:03','2015-07-15 05:06:03'),(26,6,'ItemLine',NULL,151,1,'2015-07-15','2015-07-15',NULL,NULL,5,NULL,'2015-07-15 05:06:03','2015-07-15 05:06:03'),(27,6,'ItemLine',NULL,155,1,'2015-07-15','2015-07-15',NULL,NULL,5,NULL,'2015-07-15 05:06:03','2015-07-15 05:06:03'),(28,7,'ItemLine',NULL,4,1,'2015-07-15','2015-07-15',NULL,NULL,6,NULL,'2015-07-15 05:06:03','2015-07-15 05:06:03'),(29,7,'ItemLine',NULL,159,1,'2015-07-15','2015-07-15',NULL,NULL,6,NULL,'2015-07-15 05:06:03','2015-07-15 05:06:03'),(30,7,'ItemLine',NULL,163,1,'2015-07-15','2015-07-15',NULL,NULL,6,NULL,'2015-07-15 05:06:03','2015-07-15 05:06:03'),(31,8,'ItemLine',NULL,48,1,'2015-07-15','2015-07-15',NULL,NULL,7,NULL,'2015-07-15 05:06:03','2015-07-15 05:06:03'),(32,8,'ItemLine',NULL,35,1,'2015-07-15','2015-07-15',NULL,NULL,7,NULL,'2015-07-15 05:06:03','2015-07-15 05:06:03'),(33,8,'ItemLine',NULL,47,1,'2015-07-15','2015-07-15',NULL,NULL,7,NULL,'2015-07-15 05:06:03','2015-07-15 05:06:03'),(34,8,'ItemLine',NULL,58,1,'2015-07-15','2015-07-15',NULL,NULL,7,NULL,'2015-07-15 05:06:03','2015-07-15 05:06:03'),(35,8,'ItemLine',NULL,66,1,'2015-07-15','2015-07-15',NULL,NULL,7,NULL,'2015-07-15 05:06:03','2015-07-15 05:06:03'),(36,9,'ItemLine',NULL,167,1,'2015-07-13','2015-07-13',NULL,NULL,8,NULL,'2015-07-13 05:06:03','2015-07-13 05:06:03'),(37,9,'ItemLine',NULL,168,1,'2015-07-13','2015-07-13',NULL,NULL,8,NULL,'2015-07-13 05:06:03','2015-07-13 05:06:03'),(38,9,'ItemLine',NULL,169,1,'2015-07-13','2015-07-13',NULL,NULL,8,NULL,'2015-07-13 05:06:03','2015-07-13 05:06:03'),(39,9,'ItemLine',NULL,170,1,'2015-07-13','2015-07-13',NULL,NULL,8,NULL,'2015-07-13 05:06:03','2015-07-13 05:06:03'),(40,9,'ItemLine',NULL,19,1,'2015-07-13','2015-07-13',NULL,NULL,9,NULL,'2015-07-13 05:06:03','2015-07-13 05:06:03'),(41,10,'ItemLine',NULL,171,1,'2015-07-15','2015-07-15',NULL,NULL,10,NULL,'2015-07-15 05:06:03','2015-07-15 05:06:03'),(42,10,'ItemLine',NULL,172,1,'2015-07-15','2015-07-15',NULL,NULL,10,NULL,'2015-07-15 05:06:03','2015-07-15 05:06:03'),(43,10,'ItemLine',NULL,173,1,'2015-07-15','2015-07-15',NULL,NULL,10,NULL,'2015-07-15 05:06:03','2015-07-15 05:06:03'),(44,10,'ItemLine',NULL,174,1,'2015-07-15','2015-07-15',NULL,NULL,10,NULL,'2015-07-15 05:06:03','2015-07-15 05:06:03'),(45,10,'ItemLine',NULL,21,1,'2015-07-15','2015-07-15',NULL,NULL,11,NULL,'2015-07-15 05:06:03','2015-07-15 05:06:03'),(46,11,'ItemLine',NULL,175,1,'2015-07-15','2015-07-15',NULL,NULL,12,NULL,'2015-07-15 05:06:03','2015-07-15 05:06:03'),(47,11,'ItemLine',NULL,176,1,'2015-07-15','2015-07-15',NULL,NULL,12,NULL,'2015-07-15 05:06:03','2015-07-15 05:06:03'),(48,11,'ItemLine',NULL,177,1,'2015-07-15','2015-07-15',NULL,NULL,12,NULL,'2015-07-15 05:06:03','2015-07-15 05:06:03'),(49,11,'ItemLine',NULL,178,1,'2015-07-15','2015-07-15',NULL,NULL,12,NULL,'2015-07-15 05:06:03','2015-07-15 05:06:03'),(50,11,'ItemLine',NULL,179,1,'2015-07-15','2015-07-15',NULL,NULL,12,NULL,'2015-07-15 05:06:03','2015-07-15 05:06:03'),(51,12,'ItemLine',NULL,180,1,'2015-07-15','2015-07-15',NULL,NULL,13,NULL,'2015-07-15 05:06:03','2015-07-15 05:06:03'),(52,12,'ItemLine',NULL,181,1,'2015-07-15','2015-07-15',NULL,NULL,13,NULL,'2015-07-15 05:06:03','2015-07-15 05:06:03'),(53,12,'ItemLine',NULL,182,1,'2015-07-15','2015-07-15',NULL,NULL,13,NULL,'2015-07-15 05:06:03','2015-07-15 05:06:03'),(54,12,'ItemLine',NULL,183,1,'2015-07-15','2015-07-15',NULL,NULL,13,NULL,'2015-07-15 05:06:03','2015-07-15 05:06:03'),(55,13,'ItemLine',NULL,184,1,'2015-07-15','2015-07-15',NULL,NULL,14,NULL,'2015-07-15 05:06:03','2015-07-15 05:06:03'),(56,13,'ItemLine',NULL,185,1,'2015-07-15','2015-07-15',NULL,NULL,14,NULL,'2015-07-15 05:06:03','2015-07-15 05:06:03'),(57,13,'ItemLine',NULL,186,1,'2015-07-15','2015-07-15',NULL,NULL,14,NULL,'2015-07-15 05:06:03','2015-07-15 05:06:03'),(58,13,'ItemLine',NULL,187,1,'2015-07-15','2015-07-15',NULL,NULL,14,NULL,'2015-07-15 05:06:03','2015-07-15 05:06:03'),(59,14,'ItemLine',NULL,188,1,'2015-07-08','2015-07-08',NULL,NULL,15,NULL,'2015-07-08 05:06:03','2015-07-08 05:06:03'),(60,14,'ItemLine',NULL,189,1,'2015-07-08','2015-07-08',NULL,NULL,15,NULL,'2015-07-08 05:06:03','2015-07-08 05:06:03'),(61,14,'ItemLine',NULL,190,1,'2015-07-08','2015-07-08',NULL,NULL,15,NULL,'2015-07-08 05:06:03','2015-07-08 05:06:03'),(62,14,'ItemLine',NULL,191,1,'2015-07-08','2015-07-08',NULL,NULL,15,NULL,'2015-07-08 05:06:03','2015-07-08 05:06:03'),(63,14,'ItemLine',NULL,192,1,'2015-07-08','2015-07-08',NULL,NULL,15,NULL,'2015-07-08 05:06:03','2015-07-08 05:06:03'),(64,14,'ItemLine',NULL,20,1,'2015-07-08','2015-07-08',NULL,NULL,16,NULL,'2015-07-08 05:06:03','2015-07-08 05:06:03'),(65,14,'ItemLine',NULL,20,1,'2015-07-08','2015-07-08',NULL,NULL,16,NULL,'2015-07-08 05:06:03','2015-07-08 05:06:03'),(66,15,'ItemLine',NULL,193,1,'2015-07-13','2015-07-13',NULL,NULL,17,NULL,'2015-07-11 05:06:03','2015-07-11 05:06:03'),(67,15,'ItemLine',NULL,194,1,'2015-07-13','2015-07-13',NULL,NULL,17,NULL,'2015-07-11 05:06:03','2015-07-11 05:06:03'),(68,15,'ItemLine',NULL,195,1,'2015-07-13','2015-07-13',NULL,NULL,17,NULL,'2015-07-11 05:06:03','2015-07-11 05:06:03'),(69,15,'ItemLine',NULL,196,1,'2015-07-13','2015-07-13',NULL,NULL,17,NULL,'2015-07-11 05:06:03','2015-07-11 05:06:03'),(70,15,'ItemLine',NULL,197,1,'2015-07-13','2015-07-13',NULL,NULL,17,NULL,'2015-07-11 05:06:03','2015-07-11 05:06:03'),(71,16,'ItemLine',NULL,8,1,'2015-07-22','2015-07-25',NULL,NULL,18,NULL,'2015-07-15 05:06:03','2015-07-15 05:06:03'),(72,16,'ItemLine',NULL,9,1,'2015-07-22','2015-07-25',NULL,NULL,19,NULL,'2015-07-15 05:06:03','2015-07-15 05:06:03'),(73,16,'ItemLine',NULL,9,1,'2015-07-23','2015-07-26',NULL,NULL,20,NULL,'2015-07-15 05:06:03','2015-07-15 05:06:03'),(74,17,'ItemLine',NULL,6,1,'2015-07-15','2015-07-16',NULL,NULL,21,NULL,'2015-07-15 05:06:03','2015-07-15 05:06:03'),(75,18,'ItemLine',NULL,198,1,'2015-07-15','2015-07-15',NULL,NULL,22,NULL,'2015-07-15 05:06:03','2015-07-15 05:06:03'),(76,18,'ItemLine',NULL,202,1,'2015-07-15','2015-07-15',NULL,NULL,22,NULL,'2015-07-15 05:06:03','2015-07-15 05:06:03'),(77,18,'ItemLine',NULL,206,1,'2015-07-15','2015-07-15',NULL,NULL,22,NULL,'2015-07-15 05:06:03','2015-07-15 05:06:03'),(78,18,'ItemLine',NULL,210,1,'2015-07-15','2015-07-15',NULL,NULL,22,NULL,'2015-07-15 05:06:03','2015-07-15 05:06:03'),(79,19,'ItemLine',216,214,1,'2015-07-15','2015-07-15',NULL,NULL,23,NULL,'2015-07-15 05:06:03','2015-07-15 05:06:03'),(80,19,'ItemLine',217,215,1,'2015-07-15','2015-07-15',NULL,NULL,23,NULL,'2015-07-15 05:06:03','2015-07-15 05:06:03'),(81,19,'ItemLine',218,216,1,'2015-07-15','2015-07-15',NULL,NULL,23,NULL,'2015-07-15 05:06:03','2015-07-15 05:06:03'),(82,19,'ItemLine',219,217,1,'2015-07-15','2015-07-15',NULL,NULL,23,NULL,'2015-07-15 05:06:03','2015-07-15 05:06:03'),(83,19,'ItemLine',220,218,1,'2015-07-15','2015-07-15',NULL,NULL,23,NULL,'2015-07-15 05:06:03','2015-07-15 05:06:03'),(84,19,'ItemLine',221,219,1,'2015-07-15','2015-07-15',NULL,NULL,23,NULL,'2015-07-15 05:06:03','2015-07-15 05:06:03'),(85,19,'ItemLine',222,220,1,'2015-07-15','2015-07-15',NULL,NULL,23,NULL,'2015-07-15 05:06:03','2015-07-15 05:06:03'),(86,19,'ItemLine',223,221,1,'2015-07-15','2015-07-15',NULL,NULL,23,NULL,'2015-07-15 05:06:03','2015-07-15 05:06:03'),(87,19,'ItemLine',224,222,1,'2015-07-15','2015-07-15',NULL,NULL,23,NULL,'2015-07-15 05:06:03','2015-07-15 05:06:03'),(88,19,'ItemLine',225,223,1,'2015-07-15','2015-07-15',NULL,NULL,23,NULL,'2015-07-15 05:06:03','2015-07-15 05:06:03'),(89,19,'ItemLine',226,224,1,'2015-07-15','2015-07-15',NULL,NULL,23,NULL,'2015-07-15 05:06:03','2015-07-15 05:06:03'),(90,19,'ItemLine',227,225,1,'2015-07-15','2015-07-15',NULL,NULL,23,NULL,'2015-07-15 05:06:03','2015-07-15 05:06:03'),(91,19,'ItemLine',228,226,1,'2015-07-15','2015-07-15',NULL,NULL,23,NULL,'2015-07-15 05:06:03','2015-07-15 05:06:03'),(92,19,'ItemLine',229,227,1,'2015-07-15','2015-07-15',NULL,NULL,23,NULL,'2015-07-15 05:06:03','2015-07-15 05:06:03'),(93,19,'ItemLine',230,228,1,'2015-07-15','2015-07-15',NULL,NULL,23,NULL,'2015-07-15 05:06:03','2015-07-15 05:06:03'),(94,19,'ItemLine',231,229,1,'2015-07-15','2015-07-15',NULL,NULL,23,NULL,'2015-07-15 05:06:03','2015-07-15 05:06:03'),(95,19,'ItemLine',232,230,1,'2015-07-15','2015-07-15',NULL,NULL,23,NULL,'2015-07-15 05:06:03','2015-07-15 05:06:03'),(96,19,'ItemLine',233,231,1,'2015-07-15','2015-07-15',NULL,NULL,23,NULL,'2015-07-15 05:06:03','2015-07-15 05:06:03'),(97,19,'ItemLine',234,232,1,'2015-07-15','2015-07-15',NULL,NULL,23,NULL,'2015-07-15 05:06:03','2015-07-15 05:06:03'),(98,19,'ItemLine',235,233,1,'2015-07-15','2015-07-15',NULL,NULL,23,NULL,'2015-07-15 05:06:03','2015-07-15 05:06:03'),(99,19,'ItemLine',236,234,1,'2015-07-15','2015-07-15',NULL,NULL,23,NULL,'2015-07-15 05:06:03','2015-07-15 05:06:03'),(100,19,'ItemLine',237,235,1,'2015-07-15','2015-07-15',NULL,NULL,23,NULL,'2015-07-15 05:06:03','2015-07-15 05:06:03'),(101,19,'ItemLine',238,236,1,'2015-07-15','2015-07-15',NULL,NULL,23,NULL,'2015-07-15 05:06:03','2015-07-15 05:06:03'),(102,19,'ItemLine',239,237,1,'2015-07-15','2015-07-15',NULL,NULL,23,NULL,'2015-07-15 05:06:03','2015-07-15 05:06:03'),(103,19,'ItemLine',240,238,1,'2015-07-15','2015-07-15',NULL,NULL,23,NULL,'2015-07-15 05:06:03','2015-07-15 05:06:03'),(104,19,'ItemLine',241,239,1,'2015-07-15','2015-07-15',NULL,NULL,23,NULL,'2015-07-15 05:06:03','2015-07-15 05:06:03'),(105,19,'ItemLine',242,240,1,'2015-07-15','2015-07-15',NULL,NULL,23,NULL,'2015-07-15 05:06:03','2015-07-15 05:06:03'),(106,19,'ItemLine',243,241,1,'2015-07-15','2015-07-15',NULL,NULL,23,NULL,'2015-07-15 05:06:03','2015-07-15 05:06:03'),(107,19,'ItemLine',244,242,1,'2015-07-15','2015-07-15',NULL,NULL,23,NULL,'2015-07-15 05:06:03','2015-07-15 05:06:03'),(108,19,'ItemLine',245,243,1,'2015-07-15','2015-07-15',NULL,NULL,23,NULL,'2015-07-15 05:06:03','2015-07-15 05:06:03'),(109,19,'ItemLine',246,244,1,'2015-07-15','2015-07-15',NULL,NULL,23,NULL,'2015-07-15 05:06:03','2015-07-15 05:06:03'),(110,19,'ItemLine',247,245,1,'2015-07-15','2015-07-15',NULL,NULL,23,NULL,'2015-07-15 05:06:03','2015-07-15 05:06:03'),(111,19,'ItemLine',248,246,1,'2015-07-15','2015-07-15',NULL,NULL,23,NULL,'2015-07-15 05:06:03','2015-07-15 05:06:03'),(112,19,'ItemLine',249,247,1,'2015-07-15','2015-07-15',NULL,NULL,23,NULL,'2015-07-15 05:06:03','2015-07-15 05:06:03'),(113,19,'ItemLine',250,248,1,'2015-07-15','2015-07-15',NULL,NULL,23,NULL,'2015-07-15 05:06:03','2015-07-15 05:06:03'),(114,19,'ItemLine',251,249,1,'2015-07-15','2015-07-15',NULL,NULL,23,NULL,'2015-07-15 05:06:03','2015-07-15 05:06:03'),(115,19,'ItemLine',252,250,1,'2015-07-15','2015-07-15',NULL,NULL,23,NULL,'2015-07-15 05:06:03','2015-07-15 05:06:03'),(116,19,'ItemLine',253,251,1,'2015-07-15','2015-07-15',NULL,NULL,23,NULL,'2015-07-15 05:06:03','2015-07-15 05:06:03'),(117,19,'ItemLine',254,252,1,'2015-07-15','2015-07-15',NULL,NULL,23,NULL,'2015-07-15 05:06:03','2015-07-15 05:06:03'),(118,19,'ItemLine',255,253,1,'2015-07-15','2015-07-15',NULL,NULL,23,NULL,'2015-07-15 05:06:03','2015-07-15 05:06:03'),(119,19,'ItemLine',NULL,254,1,'2015-07-15','2015-07-15',NULL,NULL,24,NULL,'2015-07-15 05:06:03','2015-07-15 05:06:03'),(120,20,'ItemLine',NULL,255,1,'2015-07-10','2015-07-10',NULL,NULL,25,NULL,'2015-07-10 05:06:03','2015-07-10 05:06:03'),(121,20,'ItemLine',NULL,256,1,'2015-07-10','2015-07-10',NULL,NULL,25,NULL,'2015-07-10 05:06:03','2015-07-10 05:06:03'),(122,20,'ItemLine',NULL,257,1,'2015-07-10','2015-07-10',NULL,NULL,25,NULL,'2015-07-10 05:06:03','2015-07-10 05:06:03'),(123,20,'ItemLine',NULL,258,1,'2015-07-10','2015-07-10',NULL,NULL,25,NULL,'2015-07-10 05:06:03','2015-07-10 05:06:03'),(124,20,'ItemLine',NULL,259,1,'2015-07-10','2015-07-10',NULL,NULL,25,NULL,'2015-07-10 05:06:03','2015-07-10 05:06:03'),(125,20,'ItemLine',NULL,19,1,'2015-07-10','2015-07-10',NULL,NULL,26,NULL,'2015-07-10 05:06:03','2015-07-10 05:06:03'),(126,21,'ItemLine',88,19,1,'2015-02-15','2015-02-16','2015-02-15',NULL,27,NULL,'2015-02-15 06:06:03','2015-02-15 06:06:03'),(127,22,'ItemLine',262,260,1,'2015-07-15','2015-07-15',NULL,NULL,28,NULL,'2015-07-15 05:06:03','2015-07-15 05:06:03'),(128,22,'OptionLine',NULL,NULL,2,'2015-07-15','2015-07-15',NULL,5,29,NULL,'2015-07-15 05:06:03','2015-07-15 05:06:03'),(129,23,'OptionLine',NULL,NULL,2,'2015-07-15','2015-07-15',NULL,4,30,NULL,'2015-07-15 05:06:03','2015-07-15 05:06:03'),(130,23,'OptionLine',NULL,NULL,1,'2015-07-15','2015-08-15',NULL,4,31,NULL,'2015-07-15 05:06:03','2015-07-15 05:06:03'),(131,24,'ItemLine',263,261,1,'2015-07-15','2015-07-15',NULL,NULL,32,NULL,'2015-07-15 05:06:03','2015-07-15 05:06:03'),(132,25,'ItemLine',NULL,262,1,'2015-07-10','2015-07-14',NULL,NULL,33,NULL,'2015-07-10 05:06:03','2015-07-10 05:06:03'),(133,25,'OptionLine',NULL,NULL,1,'2015-07-10','2015-07-14',NULL,6,34,NULL,'2015-07-10 05:06:03','2015-07-10 05:06:03'),(134,26,'ItemLine',86,4,1,'2015-07-15','2015-07-15','2015-07-15',NULL,35,NULL,'2015-07-15 05:06:03','2015-07-15 05:06:03'),(135,27,'ItemLine',87,4,1,'2015-07-15','2015-07-15','2015-07-15',NULL,36,NULL,'2015-07-15 05:06:03','2015-07-15 05:06:03'),(136,28,'ItemLine',265,263,1,'2015-07-15','2015-07-15','2015-07-15',NULL,37,NULL,'2015-07-15 05:06:03','2015-07-15 05:06:03'),(137,29,'ItemLine',NULL,9,1,'2015-07-15','2015-07-15',NULL,NULL,38,NULL,'2015-07-15 05:06:03','2015-07-15 05:06:03'),(138,30,'ItemLine',NULL,9,1,'2015-07-15','2015-07-15',NULL,NULL,39,NULL,'2015-07-15 05:06:03','2015-07-15 05:06:03'),(139,30,'ItemLine',NULL,2,1,'2015-07-15','2015-07-15',NULL,NULL,40,NULL,'2015-07-15 05:06:03','2015-07-15 05:06:03'),(140,31,'ItemLine',NULL,9,1,'2015-07-22','2015-07-23',NULL,NULL,41,NULL,'2015-07-15 05:06:03','2015-07-15 05:06:03'),(141,32,'ItemLine',NULL,2,1,'2015-07-15','2015-07-15',NULL,NULL,42,NULL,'2015-07-15 05:06:03','2015-07-15 05:06:03'),(142,32,'ItemLine',NULL,2,1,'2015-07-15','2015-07-15',NULL,NULL,42,NULL,'2015-07-15 05:06:03','2015-07-15 05:06:03'),(143,32,'ItemLine',NULL,2,1,'2015-07-15','2015-07-15',NULL,NULL,42,NULL,'2015-07-15 05:06:03','2015-07-15 05:06:03'),(144,33,'ItemLine',NULL,8,1,'2015-07-15','2015-07-15',NULL,NULL,43,NULL,'2015-07-15 05:06:03','2015-07-15 05:06:03'),(145,33,'ItemLine',NULL,8,1,'2015-07-15','2015-07-15',NULL,NULL,43,NULL,'2015-07-15 05:06:03','2015-07-15 05:06:03'),(146,33,'ItemLine',NULL,8,1,'2015-07-15','2015-07-15',NULL,NULL,43,NULL,'2015-07-15 05:06:03','2015-07-15 05:06:03'),(147,33,'ItemLine',NULL,9,1,'2015-07-15','2015-07-15',NULL,NULL,44,NULL,'2015-07-15 05:06:03','2015-07-15 05:06:03'),(148,33,'ItemLine',NULL,9,1,'2015-07-15','2015-07-15',NULL,NULL,44,NULL,'2015-07-15 05:06:03','2015-07-15 05:06:03'),(149,33,'ItemLine',NULL,9,1,'2015-07-15','2015-07-15',NULL,NULL,44,NULL,'2015-07-15 05:06:03','2015-07-15 05:06:03'),(150,33,'OptionLine',NULL,NULL,5,'2015-07-15','2015-07-15',NULL,1,45,NULL,'2015-07-15 05:06:03','2015-07-15 05:06:03'),(151,34,'ItemLine',NULL,264,1,'2015-07-15','2015-07-15',NULL,NULL,46,NULL,'2015-07-15 05:06:03','2015-07-15 05:06:03'),(152,35,'ItemLine',267,265,1,'2015-07-15','2015-07-15',NULL,NULL,47,NULL,'2015-07-15 05:06:03','2015-07-15 05:06:03'),(153,36,'ItemLine',60,8,1,'2015-07-15','2015-07-15',NULL,NULL,48,NULL,'2015-07-15 05:06:03','2015-07-15 05:06:03'),(154,37,'ItemLine',93,23,1,'2015-07-10','2015-07-14',NULL,NULL,49,NULL,'2015-07-10 05:06:03','2015-07-10 05:06:03'),(155,37,'OptionLine',NULL,NULL,1,'2015-07-10','2015-07-10',NULL,7,50,NULL,'2015-07-10 05:06:03','2015-07-10 05:06:03'),(156,38,'ItemLine',268,266,1,'2015-07-15','2015-07-15',NULL,NULL,51,NULL,'2015-07-15 05:06:03','2015-07-15 05:06:03'),(157,39,'ItemLine',269,267,1,'2015-07-15','2015-07-15',NULL,NULL,52,NULL,'2015-07-15 05:06:03','2015-07-15 05:06:03'),(158,39,'ItemLine',270,268,1,'2015-07-15','2015-07-15','2015-07-15',NULL,53,5,'2015-07-15 05:06:03','2015-07-15 05:06:03'),(159,40,'ItemLine',107,87,1,'2015-07-15','2015-07-15',NULL,NULL,54,NULL,'2015-07-15 05:06:03','2015-07-15 05:06:03'),(160,40,'ItemLine',56,2,1,'2015-07-15','2015-07-15',NULL,NULL,55,NULL,'2015-07-15 05:06:03','2015-07-15 05:06:03'),(161,41,'ItemLine',271,269,1,'2015-07-15','2015-07-15',NULL,NULL,56,NULL,'2015-07-15 05:06:03','2015-07-15 05:06:03'),(162,42,'ItemLine',109,89,1,'2015-07-15','2015-07-15',NULL,NULL,57,NULL,'2015-07-15 05:06:03','2015-07-15 05:06:03'),(163,43,'ItemLine',NULL,2,1,'2015-07-13','2015-07-16',NULL,NULL,58,NULL,'2015-07-15 05:06:03','2015-07-15 05:06:03'),(164,43,'ItemLine',NULL,270,1,'2015-07-13','2015-07-16',NULL,NULL,59,NULL,'2015-07-15 05:06:03','2015-07-15 05:06:03'),(165,44,'ItemLine',NULL,22,1,'2015-07-15','2015-07-15',NULL,NULL,60,NULL,'2015-07-15 05:06:03','2015-07-15 05:06:03'),(166,44,'ItemLine',NULL,22,1,'2015-07-15','2015-07-15',NULL,NULL,60,NULL,'2015-07-15 05:06:03','2015-07-15 05:06:03'),(167,45,'ItemLine',53,2,1,'2015-07-15','2015-07-15',NULL,NULL,61,NULL,'2015-07-15 05:06:03','2015-07-15 05:06:03'),(168,45,'OptionLine',NULL,NULL,1,'2015-07-15','2015-07-15',NULL,1,62,NULL,'2015-07-15 05:06:03','2015-07-15 05:06:03'),(169,46,'ItemLine',NULL,8,1,'2015-08-21','2015-08-29',NULL,NULL,63,NULL,'2015-07-15 05:06:03','2015-07-15 05:06:03'),(170,47,'ItemLine',NULL,8,1,'2015-09-05','2015-09-08',NULL,NULL,64,NULL,'2015-07-15 05:06:03','2015-07-15 05:06:03'),(171,47,'ItemLine',NULL,8,1,'2015-09-05','2015-09-08',NULL,NULL,64,NULL,'2015-07-15 05:06:03','2015-07-15 05:06:03'),(172,47,'ItemLine',NULL,8,1,'2015-09-05','2015-09-08',NULL,NULL,64,NULL,'2015-07-15 05:06:03','2015-07-15 05:06:03'),(173,47,'ItemLine',NULL,8,1,'2015-09-05','2015-09-08',NULL,NULL,64,NULL,'2015-07-15 05:06:03','2015-07-15 05:06:03'),(174,47,'ItemLine',NULL,8,1,'2015-09-05','2015-09-08',NULL,NULL,64,NULL,'2015-07-15 05:06:03','2015-07-15 05:06:03'),(175,47,'ItemLine',NULL,8,1,'2015-09-05','2015-09-08',NULL,NULL,64,NULL,'2015-07-15 05:06:03','2015-07-15 05:06:03'),(176,48,'ItemLine',NULL,271,1,'2015-07-15','2015-07-15',NULL,NULL,65,NULL,'2015-07-15 05:06:03','2015-07-15 05:06:03'),(177,48,'ItemLine',NULL,272,1,'2015-07-15','2015-07-15',NULL,NULL,65,NULL,'2015-07-15 05:06:03','2015-07-15 05:06:03'),(178,48,'ItemLine',NULL,273,1,'2015-07-15','2015-07-15',NULL,NULL,65,NULL,'2015-07-15 05:06:03','2015-07-15 05:06:03'),(179,49,'ItemLine',NULL,274,1,'2015-07-15','2015-07-15',NULL,NULL,66,NULL,'2015-07-15 05:06:03','2015-07-15 05:06:03'),(180,49,'ItemLine',NULL,275,1,'2015-07-15','2015-07-15',NULL,NULL,66,NULL,'2015-07-15 05:06:03','2015-07-15 05:06:03'),(181,49,'ItemLine',NULL,276,1,'2015-07-15','2015-07-15',NULL,NULL,66,NULL,'2015-07-15 05:06:03','2015-07-15 05:06:03'),(182,49,'ItemLine',NULL,277,1,'2015-07-15','2015-07-15',NULL,NULL,66,NULL,'2015-07-15 05:06:03','2015-07-15 05:06:03'),(183,50,'ItemLine',280,278,1,'2015-07-15','2015-07-15',NULL,NULL,67,NULL,'2015-07-15 05:06:03','2015-07-15 05:06:03'),(184,50,'ItemLine',281,279,1,'2015-07-15','2015-07-15',NULL,NULL,67,NULL,'2015-07-15 05:06:03','2015-07-15 05:06:03'),(185,50,'ItemLine',282,280,1,'2015-07-15','2015-07-15',NULL,NULL,67,NULL,'2015-07-15 05:06:03','2015-07-15 05:06:03'),(186,50,'ItemLine',283,281,1,'2015-07-15','2015-07-15',NULL,NULL,67,NULL,'2015-07-15 05:06:03','2015-07-15 05:06:03'),(187,51,'ItemLine',284,282,1,'2015-07-15','2015-07-15',NULL,NULL,68,NULL,'2015-07-15 05:06:03','2015-07-15 05:06:03'),(188,51,'ItemLine',285,283,1,'2015-07-15','2015-07-15',NULL,NULL,68,NULL,'2015-07-15 05:06:03','2015-07-15 05:06:03'),(189,51,'ItemLine',286,284,1,'2015-07-15','2015-07-15',NULL,NULL,68,NULL,'2015-07-15 05:06:03','2015-07-15 05:06:03'),(190,51,'ItemLine',287,285,1,'2015-07-15','2015-07-15',NULL,NULL,68,NULL,'2015-07-15 05:06:03','2015-07-15 05:06:03'),(191,52,'ItemLine',288,286,1,'2015-07-10','2015-07-10',NULL,NULL,69,NULL,'2015-07-10 05:06:03','2015-07-10 05:06:03'),(192,52,'ItemLine',289,287,1,'2015-07-10','2015-07-10',NULL,NULL,69,NULL,'2015-07-10 05:06:03','2015-07-10 05:06:03'),(193,52,'ItemLine',290,288,1,'2015-07-10','2015-07-10',NULL,NULL,69,NULL,'2015-07-10 05:06:03','2015-07-10 05:06:03'),(194,52,'ItemLine',291,289,1,'2015-07-10','2015-07-10',NULL,NULL,69,NULL,'2015-07-10 05:06:03','2015-07-10 05:06:03'),(195,53,'ItemLine',NULL,290,1,'2015-07-13','2015-07-13',NULL,NULL,70,NULL,'2015-07-12 05:06:03','2015-07-12 05:06:03'),(196,53,'ItemLine',NULL,291,1,'2015-07-13','2015-07-13',NULL,NULL,70,NULL,'2015-07-12 05:06:03','2015-07-12 05:06:03'),(197,53,'ItemLine',NULL,292,1,'2015-07-13','2015-07-13',NULL,NULL,70,NULL,'2015-07-12 05:06:03','2015-07-12 05:06:03'),(198,53,'ItemLine',NULL,293,1,'2015-07-13','2015-07-13',NULL,NULL,70,NULL,'2015-07-12 05:06:03','2015-07-12 05:06:03'),(199,53,'ItemLine',NULL,19,1,'2015-07-13','2015-07-13',NULL,NULL,71,NULL,'2015-07-12 05:06:03','2015-07-12 05:06:03');
/*!40000 ALTER TABLE `contract_lines` ENABLE KEYS */;
UNLOCK TABLES;

--
-- Table structure for table `contracts`
--

DROP TABLE IF EXISTS `contracts`;
/*!40101 SET @saved_cs_client     = @@character_set_client */;
/*!40101 SET character_set_client = utf8 */;
CREATE TABLE `contracts` (
  `id` int(11) NOT NULL AUTO_INCREMENT,
  `user_id` int(11) DEFAULT NULL,
  `delegated_user_id` int(11) DEFAULT NULL,
  `inventory_pool_id` int(11) DEFAULT NULL,
  `note` text COLLATE utf8_unicode_ci,
  `handed_over_by_user_id` int(11) DEFAULT NULL,
  `created_at` datetime DEFAULT NULL,
  `updated_at` datetime DEFAULT NULL,
  `status` enum('unsubmitted','submitted','rejected','approved','signed','closed') COLLATE utf8_unicode_ci NOT NULL,
  PRIMARY KEY (`id`),
  KEY `index_contracts_on_inventory_pool_id` (`inventory_pool_id`),
  KEY `index_contracts_on_status` (`status`),
  KEY `index_contracts_on_user_id` (`user_id`),
  KEY `contracts_delegated_user_id_fk` (`delegated_user_id`),
  KEY `contracts_handed_over_by_user_id_fk` (`handed_over_by_user_id`),
  CONSTRAINT `contracts_handed_over_by_user_id_fk` FOREIGN KEY (`handed_over_by_user_id`) REFERENCES `users` (`id`),
  CONSTRAINT `contracts_delegated_user_id_fk` FOREIGN KEY (`delegated_user_id`) REFERENCES `users` (`id`),
  CONSTRAINT `contracts_inventory_pool_id_fk` FOREIGN KEY (`inventory_pool_id`) REFERENCES `inventory_pools` (`id`),
  CONSTRAINT `contracts_user_id_fk` FOREIGN KEY (`user_id`) REFERENCES `users` (`id`)
) ENGINE=InnoDB AUTO_INCREMENT=54 DEFAULT CHARSET=utf8 COLLATE=utf8_unicode_ci;
/*!40101 SET character_set_client = @saved_cs_client */;

--
-- Dumping data for table `contracts`
--

LOCK TABLES `contracts` WRITE;
/*!40000 ALTER TABLE `contracts` DISABLE KEYS */;
INSERT INTO `contracts` VALUES (1,34,NULL,7,NULL,NULL,'2015-07-15 05:06:03','2015-07-15 05:06:03','unsubmitted'),(2,6,NULL,2,NULL,NULL,'2015-07-15 05:06:03','2015-07-15 05:06:03','unsubmitted'),(3,6,NULL,1,NULL,NULL,'2015-07-15 05:06:03','2015-07-15 05:06:03','submitted'),(4,19,NULL,1,NULL,NULL,'2015-07-15 05:06:03','2015-07-15 05:06:03','submitted'),(5,6,NULL,1,NULL,NULL,'2015-07-15 05:06:03','2015-07-15 05:06:03','submitted'),(6,6,NULL,2,NULL,NULL,'2015-07-15 05:06:03','2015-07-15 05:06:03','submitted'),(7,6,NULL,3,NULL,NULL,'2015-07-15 05:06:03','2015-07-15 05:06:03','submitted'),(8,6,NULL,1,NULL,NULL,'2015-07-15 05:06:03','2015-07-15 05:06:03','submitted'),(9,14,NULL,1,NULL,NULL,'2015-07-13 05:06:03','2015-07-13 05:06:03','submitted'),(10,15,NULL,1,NULL,NULL,'2015-07-15 05:06:03','2015-07-15 05:06:03','submitted'),(11,16,NULL,1,NULL,NULL,'2015-07-15 05:06:03','2015-07-15 05:06:03','submitted'),(12,17,NULL,1,NULL,NULL,'2015-07-15 05:06:03','2015-07-15 05:06:03','submitted'),(13,18,NULL,1,NULL,NULL,'2015-07-15 05:06:03','2015-07-15 05:06:03','submitted'),(14,14,NULL,1,NULL,NULL,'2015-07-08 05:06:03','2015-07-08 05:06:03','submitted'),(15,14,NULL,1,NULL,NULL,'2015-07-11 05:06:03','2015-07-11 05:06:03','submitted'),(16,11,NULL,1,NULL,NULL,'2015-07-15 05:06:03','2015-07-15 05:06:03','submitted'),(17,11,NULL,1,NULL,NULL,'2015-07-15 05:06:03','2015-07-15 05:06:03','submitted'),(18,35,NULL,12,NULL,NULL,'2015-07-15 05:06:03','2015-07-15 05:06:03','approved'),(19,22,NULL,1,NULL,NULL,'2015-07-15 05:06:03','2015-07-15 05:06:03','approved'),(20,14,NULL,1,NULL,NULL,'2015-07-10 05:06:03','2015-07-10 05:06:03','approved'),(21,14,NULL,1,NULL,5,'2015-02-15 06:06:03','2015-02-15 06:06:03','closed'),(22,21,NULL,1,NULL,5,'2015-07-15 05:06:03','2015-07-15 05:06:03','signed'),(23,8,NULL,1,NULL,5,'2015-07-15 05:06:03','2015-07-15 05:06:03','signed'),(24,15,NULL,1,NULL,5,'2015-07-15 05:06:03','2015-07-15 05:06:03','signed'),(25,27,10,2,NULL,NULL,'2015-07-10 05:06:03','2015-07-10 05:06:03','approved'),(26,8,NULL,1,NULL,5,'2015-07-15 05:06:03','2015-07-15 05:06:03','closed'),(27,29,10,1,NULL,5,'2015-07-15 05:06:03','2015-07-15 05:06:03','closed'),(28,20,NULL,1,NULL,5,'2015-07-15 05:06:03','2015-07-15 05:06:03','closed'),(29,6,NULL,1,NULL,NULL,'2015-07-15 05:06:03','2015-07-15 05:06:03','approved'),(30,6,NULL,1,NULL,NULL,'2015-07-15 05:06:03','2015-07-15 05:06:03','approved'),(31,6,NULL,1,NULL,NULL,'2015-07-15 05:06:03','2015-07-15 05:06:03','approved'),(32,6,NULL,1,NULL,NULL,'2015-07-15 05:06:03','2015-07-15 05:06:03','approved'),(33,6,NULL,1,NULL,NULL,'2015-07-15 05:06:03','2015-07-15 05:06:03','approved'),(34,6,NULL,1,NULL,NULL,'2015-07-15 05:06:03','2015-07-15 05:06:03','approved'),(35,6,NULL,1,NULL,NULL,'2015-07-15 05:06:03','2015-07-15 05:06:03','approved'),(36,6,NULL,1,NULL,5,'2015-07-15 05:06:03','2015-07-15 05:06:03','signed'),(37,13,NULL,1,NULL,5,'2015-07-10 05:06:03','2015-07-10 05:06:03','signed'),(38,6,NULL,1,NULL,5,'2015-07-15 05:06:03','2015-07-15 05:06:03','signed'),(39,6,NULL,2,NULL,5,'2015-07-15 05:06:03','2015-07-15 05:06:03','signed'),(40,6,NULL,2,NULL,5,'2015-07-15 05:06:03','2015-07-15 05:06:03','signed'),(41,6,NULL,2,NULL,5,'2015-07-15 05:06:03','2015-07-15 05:06:03','signed'),(42,6,NULL,1,NULL,5,'2015-07-15 05:06:03','2015-07-15 05:06:03','signed'),(43,11,NULL,1,NULL,NULL,'2015-07-15 05:06:03','2015-07-15 05:06:03','approved'),(44,13,NULL,1,NULL,NULL,'2015-07-15 05:06:03','2015-07-15 05:06:03','submitted'),(45,11,NULL,1,NULL,5,'2015-07-15 05:06:03','2015-07-15 05:06:03','signed'),(46,13,NULL,1,NULL,NULL,'2015-07-15 05:06:03','2015-07-15 05:06:03','submitted'),(47,13,NULL,1,NULL,NULL,'2015-07-15 05:06:03','2015-07-15 05:06:03','submitted'),(48,26,10,1,NULL,NULL,'2015-07-15 05:06:03','2015-07-15 05:06:03','submitted'),(49,26,12,1,NULL,NULL,'2015-07-15 05:06:03','2015-07-15 05:06:03','approved'),(50,30,24,1,NULL,NULL,'2015-07-15 05:06:03','2015-07-15 05:06:03','approved'),(51,26,10,1,NULL,5,'2015-07-15 05:06:03','2015-07-15 05:06:03','signed'),(52,26,10,1,NULL,5,'2015-07-10 05:06:03','2015-07-10 05:06:03','signed'),(53,14,NULL,1,NULL,NULL,'2015-07-12 05:06:03','2015-07-12 05:06:03','rejected');
/*!40000 ALTER TABLE `contracts` ENABLE KEYS */;
UNLOCK TABLES;

--
-- Table structure for table `database_authentications`
--

DROP TABLE IF EXISTS `database_authentications`;
/*!40101 SET @saved_cs_client     = @@character_set_client */;
/*!40101 SET character_set_client = utf8 */;
CREATE TABLE `database_authentications` (
  `id` int(11) NOT NULL AUTO_INCREMENT,
  `login` varchar(255) COLLATE utf8_unicode_ci DEFAULT NULL,
  `crypted_password` varchar(40) COLLATE utf8_unicode_ci DEFAULT NULL,
  `salt` varchar(40) COLLATE utf8_unicode_ci DEFAULT NULL,
  `user_id` int(11) DEFAULT NULL,
  `created_at` datetime DEFAULT NULL,
  `updated_at` datetime DEFAULT NULL,
  PRIMARY KEY (`id`),
  KEY `database_authentications_user_id_fk` (`user_id`),
  CONSTRAINT `database_authentications_user_id_fk` FOREIGN KEY (`user_id`) REFERENCES `users` (`id`) ON DELETE CASCADE
) ENGINE=InnoDB AUTO_INCREMENT=31 DEFAULT CHARSET=utf8 COLLATE=utf8_unicode_ci;
/*!40101 SET character_set_client = @saved_cs_client */;

--
-- Dumping data for table `database_authentications`
--

LOCK TABLES `database_authentications` WRITE;
/*!40000 ALTER TABLE `database_authentications` DISABLE KEYS */;
INSERT INTO `database_authentications` VALUES (1,'gino','cbbd9f8b13dc3857bcac884c38c3e714568de50f','cec0c789d9c7052735a756d74f00ad3c9b142f4a',1,'2015-07-15 05:06:03','2015-07-15 05:06:03'),(2,'ramon','9154ddfc9214707fd1c4f597839bf29dfb8a6d97','47b714565ac85164b7e2f403e3311e9ddb122cf6',2,'2015-07-15 05:06:03','2015-07-15 05:06:03'),(3,'matti','78bc56032d04fab721d9699aa3dfa4290d05f3bb','681bc7a2be989a08e56a9054eceee3d0ec9e46ae',3,'2015-07-15 05:06:03','2015-07-15 05:06:03'),(4,'mike','7409784bd857240432251a2ec58824e3bcdd21d3','8d14f9f2f3e976f3b70e474b2ad26e3bb462cece',4,'2015-07-15 05:06:03','2015-07-15 05:06:03'),(5,'pius','fd62e706ea67023f10f822fc3f1428a3bd27a379','76622c003b827d49f3f27c112aa8aaf042242260',5,'2015-07-15 05:06:03','2015-07-15 05:06:03'),(6,'normin','cfe7ce68445a1343a2f67707dbcf32c7bfda7f04','0fdcf11286f490ff7bae9b3d62e0cfd982010602',6,'2015-07-15 05:06:03','2015-07-15 05:06:03'),(7,'kobe','7ef6a86729d6f35db9719f0c32fd51eac4446a48','d37f45026bc25c10638e89fe90c98486c391d32e',7,'2015-07-15 05:06:03','2015-07-15 05:06:03'),(8,'peter','3f4725df072a8e8415316890a54dbf006dd4d94c','0b7ed53337513b274a2b621f59f872b5b410638b',8,'2015-07-15 05:06:03','2015-07-15 05:06:03'),(9,'andi','9f2c1991d40e867d90ad418df9d5d0cd06548288','87c4d321d0769280f1a3f21eecb4387580f8d28d',9,'2015-07-15 05:06:03','2015-07-15 05:06:03'),(10,'mina','29f077b7eb2786e22e9e44f782804950b4feb96f','651338564ff24164f60d49d4f78b646e9635eb10',10,'2015-07-15 05:06:03','2015-07-15 05:06:03'),(11,'petra','145bfc9070abfb4b835fcd78601e3eb30b315286','7bccef84170b9d12a6030a0fdaecea3c8a8c598d',11,'2015-07-15 05:06:03','2015-07-15 05:06:03'),(12,'julie','82981964a316f92cc83d61368650b485161e4ed2','ed1966d3c912cb375447a10612fc4b3375781a8b',12,'2015-07-15 05:06:03','2015-07-15 05:06:03'),(13,'lisa','ae296e8a21a78a68b19d7894ad5253b73d6752ac','7eaa3f76ac0b078c2eaf4c973ba9e53ca0b69e46',13,'2015-07-15 05:06:03','2015-07-15 05:06:03'),(14,'sarai','14befebd6cb7fb4e1b7002d2dd266bd9acf35d92','8a410edf2665c040e9e6c50cfca74fe1dc809ac6',14,'2015-07-15 05:06:03','2015-07-15 05:06:03'),(15,'birdie','d6fb32f10204d24c920d39afe9ea1240e3906c4b','6a1264ac74615441364230e47819f5377d356df2',15,'2015-07-15 05:06:03','2015-07-15 05:06:03'),(16,'connor','208c5ce98c4b5133f7ed05ac5a56f010f6121927','f30897ddc0b7c9e39cc42e9dacb3fc7e16e6151d',16,'2015-07-15 05:06:03','2015-07-15 05:06:03'),(17,'aimee','0a24cf76d74cf0b1dfb30e1fc242f0b07113939a','15157153d7af5b15c29552a87f3b5e7fe6829350',17,'2015-07-15 05:06:03','2015-07-15 05:06:03'),(18,'tanner','f6877364c9026fc976039b0bc7f01e3dbeddbf83','654eac78d896768845219aeb270a33104431c308',18,'2015-07-15 05:06:03','2015-07-15 05:06:03'),(19,'damon','246cefd44f74ef5fb111940fae5feac9c940ca14','dffbf2a9963cc578a2ac304d08b3f44b1dbed89b',19,'2015-07-15 05:06:03','2015-07-15 05:06:03'),(20,'talia','a4998c530dd69b5bd89cc5762958cb71667e8945','eece03dd8aea9453f34a6ed5b8ab89aa1d912264',20,'2015-07-15 05:06:03','2015-07-15 05:06:03'),(21,'korbin','f1f21b53bdee964afcfb29f326e9dd9a787d8733','a2163966275a7c43b95c013e3fbd88bc9bbb897d',21,'2015-07-15 05:06:03','2015-07-15 05:06:03'),(22,'eusebio','85eabca64469a97838342ffb16373456b945511a','51504c738b6c9d0895c39dee7a0c697c6d0189e4',22,'2015-07-15 05:06:03','2015-07-15 05:06:03'),(23,'beau','f6639b879cf62d0a37f60ecb04c9f038b6127316','12e3049f6213b3a83811fef406b06aa28032e5f8',23,'2015-07-15 05:06:03','2015-07-15 05:06:03'),(24,'may','dbc8324122db09dba58c8171c1cd4912e0858cb4','97bcfaf8a5c5e6057b8c3e7059986103a2309b31',24,'2015-07-15 05:06:03','2015-07-15 05:06:03'),(25,'dixie_4200','b669c1b852d60ce558c6be1b0cd6c529d4c75734','735d27a41b7627e9f2ad31cc2a5039c5a1951d2f',25,'2015-07-15 05:06:03','2015-07-15 05:06:03'),(26,'cary_7907','963482ed0678b2b3e17c337341f8d22a6d5de91b','c2adc5c38cf9a624adf4ef66062882c854641853',31,'2015-07-15 05:06:03','2015-07-15 05:06:03'),(27,'antwan.hettinger_3028','51cd306c560a7a688293a21896c0d394aaf0515f','dc75ffc8f31b4687d64d8ec47bb7853a023a02bd',32,'2015-07-15 05:06:03','2015-07-15 05:06:03'),(28,'jake_cormier_5174','5d4747206625fad7f3657ac967e3832cc390e0af','57c9429296a787ebe7c6d1fd6c8a88dcdb975160',33,'2015-07-15 05:06:03','2015-07-15 05:06:03'),(29,'lucile.hansen_1926','bc622d3116ac37480bf17c32ed867c87067f155f','904cd008e39f3544d70f43922b5b3ca438ee2a89',34,'2015-07-15 05:06:03','2015-07-15 05:06:03'),(30,'elya_1794','6b3923e202f4494951733fca757e3482344bb128','5ce4bffc0f6938b6540efbb6892766accadae002',35,'2015-07-15 05:06:03','2015-07-15 05:06:03');
/*!40000 ALTER TABLE `database_authentications` ENABLE KEYS */;
UNLOCK TABLES;

--
-- Table structure for table `delegations_users`
--

DROP TABLE IF EXISTS `delegations_users`;
/*!40101 SET @saved_cs_client     = @@character_set_client */;
/*!40101 SET character_set_client = utf8 */;
CREATE TABLE `delegations_users` (
  `delegation_id` int(11) DEFAULT NULL,
  `user_id` int(11) DEFAULT NULL,
  UNIQUE KEY `index_delegations_users_on_user_id_and_delegation_id` (`user_id`,`delegation_id`),
  KEY `index_delegations_users_on_delegation_id` (`delegation_id`),
  CONSTRAINT `delegations_users_delegation_id_fk` FOREIGN KEY (`delegation_id`) REFERENCES `users` (`id`),
  CONSTRAINT `delegations_users_user_id_fk` FOREIGN KEY (`user_id`) REFERENCES `users` (`id`)
) ENGINE=InnoDB DEFAULT CHARSET=utf8 COLLATE=utf8_unicode_ci;
/*!40101 SET character_set_client = @saved_cs_client */;

--
-- Dumping data for table `delegations_users`
--

LOCK TABLES `delegations_users` WRITE;
/*!40000 ALTER TABLE `delegations_users` DISABLE KEYS */;
INSERT INTO `delegations_users` VALUES (26,10),(27,10),(28,10),(29,10),(26,12),(27,12),(28,12),(29,12),(30,23),(30,24);
/*!40000 ALTER TABLE `delegations_users` ENABLE KEYS */;
UNLOCK TABLES;

--
-- Table structure for table `groups`
--

DROP TABLE IF EXISTS `groups`;
/*!40101 SET @saved_cs_client     = @@character_set_client */;
/*!40101 SET character_set_client = utf8 */;
CREATE TABLE `groups` (
  `id` int(11) NOT NULL AUTO_INCREMENT,
  `name` varchar(255) COLLATE utf8_unicode_ci DEFAULT NULL,
  `inventory_pool_id` int(11) DEFAULT NULL,
  `is_verification_required` tinyint(1) DEFAULT '0',
  `created_at` datetime DEFAULT NULL,
  `updated_at` datetime DEFAULT NULL,
  PRIMARY KEY (`id`),
  KEY `index_groups_on_inventory_pool_id` (`inventory_pool_id`),
  KEY `index_groups_on_is_verification_required` (`is_verification_required`),
  CONSTRAINT `groups_inventory_pool_id_fk` FOREIGN KEY (`inventory_pool_id`) REFERENCES `inventory_pools` (`id`)
) ENGINE=InnoDB AUTO_INCREMENT=11 DEFAULT CHARSET=utf8 COLLATE=utf8_unicode_ci;
/*!40101 SET character_set_client = @saved_cs_client */;

--
-- Dumping data for table `groups`
--

LOCK TABLES `groups` WRITE;
/*!40000 ALTER TABLE `groups` DISABLE KEYS */;
INSERT INTO `groups` VALUES (1,'Cast',1,0,'2015-07-15 05:06:03','2015-07-15 05:06:03'),(2,'IAD',1,0,'2015-07-15 05:06:03','2015-07-15 05:06:03'),(3,'Wu',1,0,'2015-07-15 05:06:03','2015-07-15 05:06:03'),(4,'Group Hifi',1,0,'2015-07-15 05:06:03','2015-07-15 05:06:03'),(5,'Group A',1,0,'2015-07-15 05:06:03','2015-07-15 05:06:03'),(6,'Group B',1,0,'2015-07-15 05:06:03','2015-07-15 05:06:03'),(7,'FFI',1,1,'2015-07-15 05:06:03','2015-07-15 05:06:03'),(8,'VTO',1,1,'2015-07-15 05:06:03','2015-07-15 05:06:03'),(9,'1. Semester',2,1,'2015-07-15 05:06:03','2015-07-15 05:06:03'),(10,'Group C',1,0,'2015-07-15 05:06:03','2015-07-15 05:06:03');
/*!40000 ALTER TABLE `groups` ENABLE KEYS */;
UNLOCK TABLES;

--
-- Table structure for table `groups_users`
--

DROP TABLE IF EXISTS `groups_users`;
/*!40101 SET @saved_cs_client     = @@character_set_client */;
/*!40101 SET character_set_client = utf8 */;
CREATE TABLE `groups_users` (
  `user_id` int(11) DEFAULT NULL,
  `group_id` int(11) DEFAULT NULL,
  UNIQUE KEY `index_groups_users_on_user_id_and_group_id` (`user_id`,`group_id`),
  KEY `index_groups_users_on_group_id` (`group_id`),
  CONSTRAINT `groups_users_user_id_fk` FOREIGN KEY (`user_id`) REFERENCES `users` (`id`),
  CONSTRAINT `groups_users_group_id_fk` FOREIGN KEY (`group_id`) REFERENCES `groups` (`id`)
) ENGINE=InnoDB DEFAULT CHARSET=utf8 COLLATE=utf8_unicode_ci;
/*!40101 SET character_set_client = @saved_cs_client */;

--
-- Dumping data for table `groups_users`
--

LOCK TABLES `groups_users` WRITE;
/*!40000 ALTER TABLE `groups_users` DISABLE KEYS */;
INSERT INTO `groups_users` VALUES (6,1),(13,1),(14,7),(14,8),(15,7),(16,7),(16,8),(17,7),(17,9),(18,7),(19,10);
/*!40000 ALTER TABLE `groups_users` ENABLE KEYS */;
UNLOCK TABLES;

--
-- Table structure for table `histories`
--

DROP TABLE IF EXISTS `histories`;
/*!40101 SET @saved_cs_client     = @@character_set_client */;
/*!40101 SET character_set_client = utf8 */;
CREATE TABLE `histories` (
  `id` int(11) NOT NULL AUTO_INCREMENT,
  `text` varchar(255) COLLATE utf8_unicode_ci DEFAULT '',
  `type_const` int(11) DEFAULT NULL,
  `created_at` datetime NOT NULL,
  `target_id` int(11) NOT NULL,
  `target_type` varchar(255) COLLATE utf8_unicode_ci NOT NULL,
  `user_id` int(11) DEFAULT NULL,
  PRIMARY KEY (`id`),
  KEY `index_histories_on_target_type_and_target_id` (`target_type`,`target_id`),
  KEY `index_histories_on_type_const` (`type_const`),
  KEY `index_histories_on_user_id` (`user_id`),
  CONSTRAINT `histories_user_id_fk` FOREIGN KEY (`user_id`) REFERENCES `users` (`id`)
) ENGINE=InnoDB AUTO_INCREMENT=18 DEFAULT CHARSET=utf8 COLLATE=utf8_unicode_ci;
/*!40101 SET character_set_client = @saved_cs_client */;

--
-- Dumping data for table `histories`
--

LOCK TABLES `histories` WRITE;
/*!40000 ALTER TABLE `histories` DISABLE KEYS */;
INSERT INTO `histories` VALUES (1,'Contract 21 has been signed by Sarai Ferry',1,'2015-02-15 06:06:03',21,'Contract',5),(2,'Contract 22 has been signed by Korbin Littel',1,'2015-07-15 05:06:03',22,'Contract',5),(3,'Contract 23 has been signed by Peter Silie',1,'2015-07-15 05:06:03',23,'Contract',5),(4,'Contract 24 has been signed by Birdie Yost',1,'2015-07-15 05:06:03',24,'Contract',5),(5,'Contract 26 has been signed by Peter Silie',1,'2015-07-15 05:06:03',26,'Contract',5),(6,'Contract 27 has been signed by Delegation 4',1,'2015-07-15 05:06:03',27,'Contract',5),(7,'Contract 28 has been signed by Talia Ferry',1,'2015-07-15 05:06:03',28,'Contract',5),(8,'Contract 36 has been signed by Normin Ledner',1,'2015-07-15 05:06:03',36,'Contract',5),(9,'Contract 37 has been signed by Lisa Feeney',1,'2015-07-10 05:06:03',37,'Contract',5),(10,'Contract 38 has been signed by Normin Ledner',1,'2015-07-15 05:06:03',38,'Contract',5),(11,'Contract 39 has been signed by Normin Ledner',1,'2015-07-15 05:06:03',39,'Contract',5),(12,'Contract 40 has been signed by Normin Ledner',1,'2015-07-15 05:06:03',40,'Contract',5),(13,'Contract 41 has been signed by Normin Ledner',1,'2015-07-15 05:06:03',41,'Contract',5),(14,'Contract 42 has been signed by Normin Ledner',1,'2015-07-15 05:06:03',42,'Contract',5),(15,'Contract 45 has been signed by Petra Metz',1,'2015-07-15 05:06:03',45,'Contract',5),(16,'Contract 51 has been signed by Delegation 1',1,'2015-07-15 05:06:03',51,'Contract',5),(17,'Contract 52 has been signed by Delegation 1',1,'2015-07-10 05:06:03',52,'Contract',5);
/*!40000 ALTER TABLE `histories` ENABLE KEYS */;
UNLOCK TABLES;

--
-- Table structure for table `holidays`
--

DROP TABLE IF EXISTS `holidays`;
/*!40101 SET @saved_cs_client     = @@character_set_client */;
/*!40101 SET character_set_client = utf8 */;
CREATE TABLE `holidays` (
  `id` int(11) NOT NULL AUTO_INCREMENT,
  `inventory_pool_id` int(11) DEFAULT NULL,
  `start_date` date DEFAULT NULL,
  `end_date` date DEFAULT NULL,
  `name` varchar(255) COLLATE utf8_unicode_ci DEFAULT NULL,
  PRIMARY KEY (`id`),
  KEY `index_holidays_on_inventory_pool_id` (`inventory_pool_id`),
  KEY `index_holidays_on_start_date_and_end_date` (`start_date`,`end_date`),
  CONSTRAINT `holidays_inventory_pool_id_fk` FOREIGN KEY (`inventory_pool_id`) REFERENCES `inventory_pools` (`id`) ON DELETE CASCADE
) ENGINE=InnoDB AUTO_INCREMENT=7 DEFAULT CHARSET=utf8 COLLATE=utf8_unicode_ci;
/*!40101 SET character_set_client = @saved_cs_client */;

--
-- Dumping data for table `holidays`
--

LOCK TABLES `holidays` WRITE;
/*!40000 ALTER TABLE `holidays` DISABLE KEYS */;
INSERT INTO `holidays` VALUES (1,1,'2015-12-24','2015-12-26','Christmas'),(2,1,'2016-12-24','2016-12-26','Christmas'),(3,2,'2015-12-24','2015-12-26','Christmas'),(4,2,'2016-12-24','2016-12-26','Christmas'),(5,3,'2015-12-24','2015-12-26','Christmas'),(6,3,'2016-12-24','2016-12-26','Christmas');
/*!40000 ALTER TABLE `holidays` ENABLE KEYS */;
UNLOCK TABLES;

--
-- Table structure for table `images`
--

DROP TABLE IF EXISTS `images`;
/*!40101 SET @saved_cs_client     = @@character_set_client */;
/*!40101 SET character_set_client = utf8 */;
CREATE TABLE `images` (
  `id` int(11) NOT NULL AUTO_INCREMENT,
  `is_main` tinyint(1) DEFAULT '0',
  `content_type` varchar(255) COLLATE utf8_unicode_ci DEFAULT NULL,
  `filename` varchar(255) COLLATE utf8_unicode_ci DEFAULT NULL,
  `size` int(11) DEFAULT NULL,
  `height` int(11) DEFAULT NULL,
  `width` int(11) DEFAULT NULL,
  `parent_id` int(11) DEFAULT NULL,
  `thumbnail` varchar(255) COLLATE utf8_unicode_ci DEFAULT NULL,
  `target_id` int(11) DEFAULT NULL,
  `target_type` varchar(255) COLLATE utf8_unicode_ci DEFAULT NULL,
  PRIMARY KEY (`id`),
  KEY `index_images_on_target_id_and_target_type` (`target_id`,`target_type`)
) ENGINE=InnoDB AUTO_INCREMENT=5 DEFAULT CHARSET=utf8 COLLATE=utf8_unicode_ci;
/*!40101 SET character_set_client = @saved_cs_client */;

--
-- Dumping data for table `images`
--

LOCK TABLES `images` WRITE;
/*!40000 ALTER TABLE `images` DISABLE KEYS */;
INSERT INTO `images` VALUES (1,0,'image/jpeg','aut',NULL,NULL,NULL,NULL,NULL,2,'ModelGroup'),(2,0,'image/jpeg','sequi',NULL,NULL,NULL,NULL,NULL,16,'Model'),(3,0,'image/jpeg','quibusdam',NULL,NULL,NULL,NULL,NULL,16,'Model'),(4,0,'image/jpeg','praesentium',NULL,NULL,NULL,NULL,NULL,17,'Model');
/*!40000 ALTER TABLE `images` ENABLE KEYS */;
UNLOCK TABLES;

--
-- Table structure for table `inventory_pools`
--

DROP TABLE IF EXISTS `inventory_pools`;
/*!40101 SET @saved_cs_client     = @@character_set_client */;
/*!40101 SET character_set_client = utf8 */;
CREATE TABLE `inventory_pools` (
  `id` int(11) NOT NULL AUTO_INCREMENT,
  `name` varchar(255) COLLATE utf8_unicode_ci DEFAULT NULL,
  `description` text COLLATE utf8_unicode_ci,
  `contact_details` varchar(255) COLLATE utf8_unicode_ci DEFAULT NULL,
  `contract_description` varchar(255) COLLATE utf8_unicode_ci DEFAULT NULL,
  `contract_url` varchar(255) COLLATE utf8_unicode_ci DEFAULT NULL,
  `logo_url` varchar(255) COLLATE utf8_unicode_ci DEFAULT NULL,
  `default_contract_note` text COLLATE utf8_unicode_ci,
  `shortname` varchar(255) COLLATE utf8_unicode_ci DEFAULT NULL,
  `email` varchar(255) COLLATE utf8_unicode_ci DEFAULT NULL,
  `color` text COLLATE utf8_unicode_ci,
  `print_contracts` tinyint(1) DEFAULT '1',
  `opening_hours` text COLLATE utf8_unicode_ci,
  `address_id` int(11) DEFAULT NULL,
  `automatic_suspension` tinyint(1) NOT NULL DEFAULT '0',
  `automatic_suspension_reason` text COLLATE utf8_unicode_ci,
  `automatic_access` tinyint(1) DEFAULT NULL,
  PRIMARY KEY (`id`),
  UNIQUE KEY `index_inventory_pools_on_name` (`name`),
  KEY `inventory_pools_address_id_fk` (`address_id`),
  CONSTRAINT `inventory_pools_address_id_fk` FOREIGN KEY (`address_id`) REFERENCES `addresses` (`id`)
) ENGINE=InnoDB AUTO_INCREMENT=13 DEFAULT CHARSET=utf8 COLLATE=utf8_unicode_ci;
/*!40101 SET character_set_client = @saved_cs_client */;

--
-- Dumping data for table `inventory_pools`
--

LOCK TABLES `inventory_pools` WRITE;
/*!40000 ALTER TABLE `inventory_pools` DISABLE KEYS */;
INSERT INTO `inventory_pools` VALUES (1,'A-Ausleihe','Wichtige Hinweise...\n\nBitte die Gegenstnde rechtzeitig zurckbringen','A Verleih  /  ZHdK\na@zh-dk.ch\n\n+41 00 00 00 00',NULL,'a@zhdk.ch',NULL,'Vel autem soluta sunt iste aut voluptatem et fugiat.','A','a@zhdk.ch',NULL,1,NULL,NULL,1,'Beatae voluptas rem sint iusto.',NULL),(2,'IT-Ausleihe','Bringt die Gerte bitte rechtzeitig zurck','IT Verleih  /  ZHdK\nit@zh-dk.ch\n\n+41 00 00 00 00',NULL,'it@zhdk.ch',NULL,'Architecto excepturi ipsa sapiente quidem velit aut rerum.','IT','it@zhdk.ch',NULL,1,NULL,NULL,1,'Qui eaque atque eligendi error omnis.',NULL),(3,'AV-Technik','Bringt die Gerte bitte rechtzeitig zurck','AV Verleih  /  ZHdK\nav@zh-dk.ch\n\n+41 00 00 00 00',NULL,'av@zhdk.ch',NULL,'Reprehenderit eum omnis sed.','AV','av@zhdk.ch',NULL,1,NULL,NULL,0,NULL,NULL),(4,'DT deletable',NULL,NULL,NULL,'it@zhdk.ch',NULL,'Eum odit exercitationem est animi alias.','DT','it@zhdk.ch',NULL,1,NULL,NULL,0,NULL,NULL),(5,'Quiaquosimiliquequia','Blanditiis aut delectus eum veniam expedita in dolorum id.','Veritatis natus est dolor.','Quiaquosimiliquequia','addison@boganohara.com',NULL,NULL,'0A69TO','addison@boganohara.com',NULL,1,NULL,NULL,0,NULL,NULL),(6,'Rerumadrepellendusvoluptatibus','Aut odio quaerat et mollitia ut.','Dolores rerum voluptatum consequatur.','Rerumadrepellendusvoluptatibus','cathy_stracke@mohrkeeling.co.uk',NULL,NULL,'YW73FX','cathy_stracke@mohrkeeling.co.uk',NULL,1,NULL,NULL,0,NULL,NULL),(7,'Iureipsamsuntvoluptatem','Id soluta voluptatem nam a distinctio.','Quis excepturi maiores cupiditate officia natus.','Iureipsamsuntvoluptatem','lucinda_kreiger@orn.biz',NULL,NULL,'4H8HIE','lucinda_kreiger@orn.biz',NULL,1,NULL,NULL,0,NULL,NULL),(8,'Repudiandaedelenitinonperspiciatis','Quia autem inventore adipisci omnis numquam quis molestiae.','Vel natus laboriosam sed non.','Repudiandaedelenitinonperspiciatis','trenton_mills@roberts.co.uk',NULL,NULL,'0XT5AV','trenton_mills@roberts.co.uk',NULL,1,NULL,NULL,0,NULL,NULL),(9,'Facilisutconsequaturet','Ut non explicabo laboriosam dolore voluptatem qui labore ut.','Dignissimos repudiandae sed fugiat vel dolor occaecati.','Facilisutconsequaturet','rebeka@harberortiz.name',NULL,NULL,'G67INP','rebeka@harberortiz.name',NULL,1,NULL,NULL,0,NULL,NULL),(10,'Quidoloresvoluptatemaut','Laboriosam ipsum eaque tenetur ut aut in reprehenderit.','Blanditiis sed odit reprehenderit alias magni quas temporibus aperiam.','Quidoloresvoluptatemaut','kenyatta@considine.name',NULL,NULL,'SHE9V2','kenyatta@considine.name',NULL,1,NULL,NULL,0,NULL,NULL),(11,'Ipsumimpeditquialiquam','Eum perspiciatis accusantium eius rerum asperiores assumenda.','Ut tenetur ducimus non.','Ipsumimpeditquialiquam','alexandra@jacobs.info',NULL,NULL,'H7RJRQ','alexandra@jacobs.info',NULL,1,NULL,NULL,0,NULL,NULL),(12,'Quisquammagninonvel','Dolor minima ut velit.','Quos inventore tenetur deleniti nihil.','Quisquammagninonvel','te@strosinhauck.com',NULL,NULL,'Y4K4K0','te@strosinhauck.com',NULL,1,NULL,NULL,0,NULL,NULL);
/*!40000 ALTER TABLE `inventory_pools` ENABLE KEYS */;
UNLOCK TABLES;

--
-- Table structure for table `inventory_pools_model_groups`
--

DROP TABLE IF EXISTS `inventory_pools_model_groups`;
/*!40101 SET @saved_cs_client     = @@character_set_client */;
/*!40101 SET character_set_client = utf8 */;
CREATE TABLE `inventory_pools_model_groups` (
  `inventory_pool_id` int(11) DEFAULT NULL,
  `model_group_id` int(11) DEFAULT NULL,
  KEY `index_inventory_pools_model_groups_on_inventory_pool_id` (`inventory_pool_id`),
  KEY `index_inventory_pools_model_groups_on_model_group_id` (`model_group_id`),
  CONSTRAINT `inventory_pools_model_groups_model_group_id_fk` FOREIGN KEY (`model_group_id`) REFERENCES `model_groups` (`id`),
  CONSTRAINT `inventory_pools_model_groups_inventory_pool_id_fk` FOREIGN KEY (`inventory_pool_id`) REFERENCES `inventory_pools` (`id`)
) ENGINE=InnoDB DEFAULT CHARSET=utf8 COLLATE=utf8_unicode_ci;
/*!40101 SET character_set_client = @saved_cs_client */;

--
-- Dumping data for table `inventory_pools_model_groups`
--

LOCK TABLES `inventory_pools_model_groups` WRITE;
/*!40000 ALTER TABLE `inventory_pools_model_groups` DISABLE KEYS */;
INSERT INTO `inventory_pools_model_groups` VALUES (1,12),(1,13),(1,14);
/*!40000 ALTER TABLE `inventory_pools_model_groups` ENABLE KEYS */;
UNLOCK TABLES;

--
-- Table structure for table `items`
--

DROP TABLE IF EXISTS `items`;
/*!40101 SET @saved_cs_client     = @@character_set_client */;
/*!40101 SET character_set_client = utf8 */;
CREATE TABLE `items` (
  `id` int(11) NOT NULL AUTO_INCREMENT,
  `inventory_code` varchar(255) COLLATE utf8_unicode_ci DEFAULT NULL,
  `serial_number` varchar(255) COLLATE utf8_unicode_ci DEFAULT NULL,
  `model_id` int(11) DEFAULT NULL,
  `location_id` int(11) DEFAULT NULL,
  `supplier_id` int(11) DEFAULT NULL,
  `owner_id` int(11) NOT NULL,
  `parent_id` int(11) DEFAULT NULL,
  `invoice_number` varchar(255) COLLATE utf8_unicode_ci DEFAULT NULL,
  `invoice_date` date DEFAULT NULL,
  `last_check` date DEFAULT NULL,
  `retired` date DEFAULT NULL,
  `retired_reason` varchar(255) COLLATE utf8_unicode_ci DEFAULT NULL,
  `price` decimal(8,2) DEFAULT NULL,
  `is_broken` tinyint(1) DEFAULT '0',
  `is_incomplete` tinyint(1) DEFAULT '0',
  `is_borrowable` tinyint(1) DEFAULT '0',
  `needs_permission` tinyint(1) DEFAULT '0',
  `inventory_pool_id` int(11) NOT NULL,
  `is_inventory_relevant` tinyint(1) DEFAULT '0',
  `responsible` varchar(255) COLLATE utf8_unicode_ci DEFAULT NULL,
  `insurance_number` varchar(255) COLLATE utf8_unicode_ci DEFAULT NULL,
  `note` text COLLATE utf8_unicode_ci,
  `name` text COLLATE utf8_unicode_ci,
  `user_name` varchar(255) COLLATE utf8_unicode_ci DEFAULT NULL,
  `properties` varchar(2048) COLLATE utf8_unicode_ci DEFAULT NULL,
  `created_at` datetime DEFAULT NULL,
  `updated_at` datetime DEFAULT NULL,
  PRIMARY KEY (`id`),
  UNIQUE KEY `index_items_on_inventory_code` (`inventory_code`),
  KEY `index_items_on_inventory_pool_id` (`inventory_pool_id`),
  KEY `index_items_on_retired` (`retired`),
  KEY `index_items_on_is_borrowable` (`is_borrowable`),
  KEY `index_items_on_is_broken` (`is_broken`),
  KEY `index_items_on_is_incomplete` (`is_incomplete`),
  KEY `index_items_on_location_id` (`location_id`),
  KEY `index_items_on_owner_id` (`owner_id`),
  KEY `index_items_on_parent_id_and_retired` (`parent_id`,`retired`),
  KEY `index_items_on_model_id_and_retired_and_inventory_pool_id` (`model_id`,`retired`,`inventory_pool_id`),
  KEY `items_supplier_id_fk` (`supplier_id`),
  CONSTRAINT `items_supplier_id_fk` FOREIGN KEY (`supplier_id`) REFERENCES `suppliers` (`id`),
  CONSTRAINT `items_inventory_pool_id_fk` FOREIGN KEY (`inventory_pool_id`) REFERENCES `inventory_pools` (`id`),
  CONSTRAINT `items_location_id_fk` FOREIGN KEY (`location_id`) REFERENCES `locations` (`id`),
  CONSTRAINT `items_model_id_fk` FOREIGN KEY (`model_id`) REFERENCES `models` (`id`),
  CONSTRAINT `items_owner_id_fk` FOREIGN KEY (`owner_id`) REFERENCES `inventory_pools` (`id`),
  CONSTRAINT `items_parent_id_fk` FOREIGN KEY (`parent_id`) REFERENCES `items` (`id`) ON DELETE SET NULL
) ENGINE=InnoDB AUTO_INCREMENT=296 DEFAULT CHARSET=utf8 COLLATE=utf8_unicode_ci;
/*!40101 SET character_set_client = @saved_cs_client */;

--
-- Dumping data for table `items`
--

LOCK TABLES `items` WRITE;
/*!40000 ALTER TABLE `items` DISABLE KEYS */;
INSERT INTO `items` VALUES (1,'wdqp67zay8ixekdqbhvs1','c2:f4:08:6e:b9:e8-4b:d4:ee:72:b3:cf-05:dc:1c:db:02:b1',24,NULL,1,1,NULL,NULL,'2013-06-05','2015-07-15',NULL,NULL,1372.00,0,0,1,0,1,1,NULL,NULL,NULL,NULL,NULL,'--- !ruby/hash:ActiveSupport::HashWithIndifferentAccess\nanschaffungskategorie: AV-Technik\nreference: invoice\numzug: zgeln\nankunftszustand: intakt\n','2015-07-15 05:06:03','2015-07-15 05:06:03'),(2,'qkna4ta6hrhqcd8b3ot82','ab:fd:18:89:44:b6-07:83:76:23:92:eb-8b:78:d0:e2:59:57',25,NULL,2,1,NULL,NULL,'2014-03-28','2015-07-15',NULL,NULL,769.00,0,0,1,0,1,1,NULL,NULL,NULL,NULL,NULL,'--- !ruby/hash:ActiveSupport::HashWithIndifferentAccess\nanschaffungskategorie: AV-Technik\nreference: invoice\numzug: zgeln\nankunftszustand: intakt\n','2015-07-15 05:06:03','2015-07-15 05:06:03'),(3,'cl32d7xh9iwedyvsjbbv3','4c:1e:36:c8:ae:fa-ef:24:a4:74:75:45-12:48:47:2d:7a:38',26,NULL,3,1,NULL,NULL,'2013-06-13','2015-07-15',NULL,NULL,190.00,0,0,1,0,1,1,NULL,NULL,NULL,NULL,NULL,'--- !ruby/hash:ActiveSupport::HashWithIndifferentAccess\nanschaffungskategorie: AV-Technik\nreference: invoice\numzug: zgeln\nankunftszustand: intakt\n','2015-07-15 05:06:03','2015-07-15 05:06:03'),(4,'lznxexhq4ahjom7dncxc4','e2:6c:e4:b9:23:6d-a7:de:21:a4:4a:d5-b2:52:8c:e2:0d:cf',27,NULL,4,1,NULL,NULL,'2013-03-26','2015-07-15',NULL,NULL,25.00,0,0,1,0,1,1,NULL,NULL,NULL,NULL,NULL,'--- !ruby/hash:ActiveSupport::HashWithIndifferentAccess\nanschaffungskategorie: AV-Technik\nreference: invoice\numzug: zgeln\nankunftszustand: intakt\n','2015-07-15 05:06:03','2015-07-15 05:06:03'),(5,'4klpcqy8qnknxccs9zvo5','91:c0:81:b1:5f:66-63:f5:28:fb:40:0b-2a:a0:09:bd:25:1e',28,NULL,5,1,NULL,NULL,'2010-06-02','2015-07-15',NULL,NULL,493.00,0,0,1,0,1,1,NULL,NULL,NULL,NULL,NULL,'--- !ruby/hash:ActiveSupport::HashWithIndifferentAccess\nanschaffungskategorie: AV-Technik\nreference: invoice\numzug: zgeln\nankunftszustand: intakt\n','2015-07-15 05:06:03','2015-07-15 05:06:03'),(6,'m38hkvgkubzzl2qsifor6','16:c2:15:b1:25:9a-35:8b:60:5f:15:17-10:5a:ec:71:7d:f6',29,NULL,6,1,NULL,NULL,'2010-12-09','2015-07-15',NULL,NULL,807.00,0,0,1,0,1,1,NULL,NULL,NULL,NULL,NULL,'--- !ruby/hash:ActiveSupport::HashWithIndifferentAccess\nanschaffungskategorie: AV-Technik\nreference: invoice\numzug: zgeln\nankunftszustand: intakt\n','2015-07-15 05:06:03','2015-07-15 05:06:03'),(7,'ai22k2ml3cgueux9np007','93:77:26:79:9a:ab-84:a6:26:9d:d4:db-d0:ed:66:2e:31:7d',30,NULL,7,1,NULL,NULL,'2011-12-20','2015-07-15',NULL,NULL,1327.00,0,0,1,0,1,1,NULL,NULL,NULL,NULL,NULL,'--- !ruby/hash:ActiveSupport::HashWithIndifferentAccess\nanschaffungskategorie: AV-Technik\nreference: invoice\numzug: zgeln\nankunftszustand: intakt\n','2015-07-15 05:06:03','2015-07-15 05:06:03'),(8,'690h4v2xz61i4wncj5dh8','8b:d7:db:8b:f4:8e-12:82:dd:95:b9:3c-60:73:9e:3a:fa:7d',31,NULL,8,1,NULL,NULL,'2010-03-08','2015-07-15',NULL,NULL,347.00,0,0,1,0,1,1,NULL,NULL,NULL,NULL,NULL,'--- !ruby/hash:ActiveSupport::HashWithIndifferentAccess\nanschaffungskategorie: AV-Technik\nreference: invoice\numzug: zgeln\nankunftszustand: intakt\n','2015-07-15 05:06:03','2015-07-15 05:06:03'),(9,'jqpaub5wwt7w49x3vijv9','68:85:56:9d:b9:42-07:d9:18:c6:17:76-a2:bd:d7:22:56:71',32,NULL,9,1,NULL,NULL,'2012-01-05','2015-07-15',NULL,NULL,701.00,0,0,1,0,1,1,NULL,NULL,NULL,NULL,NULL,'--- !ruby/hash:ActiveSupport::HashWithIndifferentAccess\nanschaffungskategorie: AV-Technik\nreference: invoice\numzug: zgeln\nankunftszustand: intakt\n','2015-07-15 05:06:03','2015-07-15 05:06:03'),(10,'0m3sk4fvlvpnoowpladz10','e3:32:b3:f2:92:aa-6f:a1:71:61:91:62-5b:c0:3a:db:1e:f0',33,NULL,10,1,NULL,NULL,'2014-03-15','2015-07-15',NULL,NULL,50.00,0,0,1,0,1,1,NULL,NULL,NULL,NULL,NULL,'--- !ruby/hash:ActiveSupport::HashWithIndifferentAccess\nanschaffungskategorie: AV-Technik\nreference: invoice\numzug: zgeln\nankunftszustand: intakt\n','2015-07-15 05:06:03','2015-07-15 05:06:03'),(11,'ilg66ahzurdmak4yloh611','9c:22:9f:c0:2e:01-df:ad:26:91:98:43-c3:b9:02:92:1d:fd',34,NULL,11,1,NULL,NULL,'2011-05-27','2015-07-15',NULL,NULL,61.00,0,0,1,0,1,1,NULL,NULL,NULL,NULL,NULL,'--- !ruby/hash:ActiveSupport::HashWithIndifferentAccess\nanschaffungskategorie: AV-Technik\nreference: invoice\numzug: zgeln\nankunftszustand: intakt\n','2015-07-15 05:06:03','2015-07-15 05:06:03'),(12,'rcnbrlenvqi2dm34i62d12','a6:fa:24:c4:d9:a2-6a:fd:03:b2:8e:4e-51:73:53:0f:7a:6f',35,NULL,12,1,NULL,NULL,'2013-04-17','2015-07-15',NULL,NULL,828.00,0,0,1,0,1,1,NULL,NULL,NULL,NULL,NULL,'--- !ruby/hash:ActiveSupport::HashWithIndifferentAccess\nanschaffungskategorie: AV-Technik\nreference: invoice\numzug: zgeln\nankunftszustand: intakt\n','2015-07-15 05:06:03','2015-07-15 05:06:03'),(13,'swc4ksyydx7sgmixofw013','5d:8c:0f:e2:01:1f-df:3a:ba:ee:c6:c2-87:22:0e:28:eb:22',36,NULL,13,1,NULL,NULL,'2014-05-24','2015-07-15',NULL,NULL,266.00,0,0,1,0,1,1,NULL,NULL,NULL,NULL,NULL,'--- !ruby/hash:ActiveSupport::HashWithIndifferentAccess\nanschaffungskategorie: AV-Technik\nreference: invoice\numzug: zgeln\nankunftszustand: intakt\n','2015-07-15 05:06:03','2015-07-15 05:06:03'),(14,'71889rxt4vwzga7uabu514','b1:96:ca:b1:f9:10-ca:32:02:4f:e8:8d-15:43:da:5c:fb:c3',37,NULL,14,1,NULL,NULL,'2010-12-01','2015-07-15',NULL,NULL,1307.00,0,0,1,0,1,1,NULL,NULL,NULL,NULL,NULL,'--- !ruby/hash:ActiveSupport::HashWithIndifferentAccess\nanschaffungskategorie: AV-Technik\nreference: invoice\numzug: zgeln\nankunftszustand: intakt\n','2015-07-15 05:06:03','2015-07-15 05:06:03'),(15,'v55xjjz5zph7gghzsenl15','39:6f:46:10:54:ab-c0:22:5b:b8:b9:59-a0:75:be:ad:ac:b9',38,NULL,15,1,NULL,NULL,'2011-12-13','2015-07-15',NULL,NULL,518.00,0,0,1,0,1,1,NULL,NULL,NULL,NULL,NULL,'--- !ruby/hash:ActiveSupport::HashWithIndifferentAccess\nanschaffungskategorie: AV-Technik\nreference: invoice\numzug: zgeln\nankunftszustand: intakt\n','2015-07-15 05:06:03','2015-07-15 05:06:03'),(16,'os79m3bcypjevilzuswg16','d1:23:e0:f8:36:18-bc:66:e1:5a:f6:f4-ef:ed:f6:ac:2d:26',39,NULL,16,1,NULL,NULL,'2010-03-27','2015-07-15',NULL,NULL,583.00,0,0,1,0,1,1,NULL,NULL,NULL,NULL,NULL,'--- !ruby/hash:ActiveSupport::HashWithIndifferentAccess\nanschaffungskategorie: AV-Technik\nreference: invoice\numzug: zgeln\nankunftszustand: intakt\n','2015-07-15 05:06:03','2015-07-15 05:06:03'),(17,'l7pki83t0z7gllo3j88x17','e1:c4:13:24:ca:d6-9b:9c:59:00:e8:2d-97:0b:74:84:d5:3c',40,NULL,17,1,NULL,NULL,'2010-08-05','2015-07-15',NULL,NULL,670.00,0,0,1,0,1,1,NULL,NULL,NULL,NULL,NULL,'--- !ruby/hash:ActiveSupport::HashWithIndifferentAccess\nanschaffungskategorie: AV-Technik\nreference: invoice\numzug: zgeln\nankunftszustand: intakt\n','2015-07-15 05:06:03','2015-07-15 05:06:03'),(18,'ap9is6yvcog2a0nmerm118','d7:d4:ad:23:f9:87-9a:3a:6c:e7:19:06-96:01:3d:ef:59:50',41,NULL,18,1,NULL,NULL,'2010-03-07','2015-07-15',NULL,NULL,132.00,0,0,1,0,1,1,NULL,NULL,NULL,NULL,NULL,'--- !ruby/hash:ActiveSupport::HashWithIndifferentAccess\nanschaffungskategorie: AV-Technik\nreference: invoice\numzug: zgeln\nankunftszustand: intakt\n','2015-07-15 05:06:03','2015-07-15 05:06:03'),(19,'dwcusb10yjtstvhdkpej19','3a:7e:42:40:03:0d-b6:64:d7:87:79:37-bc:4e:95:c5:4d:9b',42,NULL,19,1,NULL,NULL,'2012-04-10','2015-07-15',NULL,NULL,1494.00,0,0,1,0,1,1,NULL,NULL,NULL,NULL,NULL,'--- !ruby/hash:ActiveSupport::HashWithIndifferentAccess\nanschaffungskategorie: AV-Technik\nreference: invoice\numzug: zgeln\nankunftszustand: intakt\n','2015-07-15 05:06:03','2015-07-15 05:06:03'),(20,'jsaj84j8e5bbaq4a5e8h20','e7:47:60:c9:d8:3e-c3:e6:b6:21:b0:de-24:98:a3:e1:a0:22',43,NULL,20,1,NULL,NULL,'2010-07-01','2015-07-15',NULL,NULL,1482.00,0,0,1,0,1,1,NULL,NULL,NULL,NULL,NULL,'--- !ruby/hash:ActiveSupport::HashWithIndifferentAccess\nanschaffungskategorie: AV-Technik\nreference: invoice\numzug: zgeln\nankunftszustand: intakt\n','2015-07-15 05:06:03','2015-07-15 05:06:03'),(21,'ebu892p8f6pwip6bvgsf21','08:f1:6e:2a:57:f8-91:d7:56:17:d0:3c-4c:ef:27:6c:79:d8',44,NULL,21,1,NULL,NULL,'2010-02-16','2015-07-15',NULL,NULL,1045.00,0,0,1,0,1,1,NULL,NULL,NULL,NULL,NULL,'--- !ruby/hash:ActiveSupport::HashWithIndifferentAccess\nanschaffungskategorie: AV-Technik\nreference: invoice\numzug: zgeln\nankunftszustand: intakt\n','2015-07-15 05:06:03','2015-07-15 05:06:03'),(22,'nsxt6uxz650369okhjfc22','bc:63:ce:67:18:d3-3f:a2:38:a4:2d:ef-e9:d3:72:19:e5:02',45,NULL,22,1,NULL,NULL,'2011-07-11','2015-07-15',NULL,NULL,665.00,0,0,1,0,1,1,NULL,NULL,NULL,NULL,NULL,'--- !ruby/hash:ActiveSupport::HashWithIndifferentAccess\nanschaffungskategorie: AV-Technik\nreference: invoice\numzug: zgeln\nankunftszustand: intakt\n','2015-07-15 05:06:03','2015-07-15 05:06:03'),(23,'wjkrlop55pcty8vh63di23','6d:0a:26:fa:53:6f-c2:17:f8:0f:50:76-0f:5b:01:ae:4a:ea',46,NULL,23,1,NULL,NULL,'2011-06-08','2015-07-15',NULL,NULL,361.00,0,0,1,0,1,1,NULL,NULL,NULL,NULL,NULL,'--- !ruby/hash:ActiveSupport::HashWithIndifferentAccess\nanschaffungskategorie: AV-Technik\nreference: invoice\numzug: zgeln\nankunftszustand: intakt\n','2015-07-15 05:06:03','2015-07-15 05:06:03'),(24,'frm9am7jgh3a8biur7th24','b3:e8:cf:1f:d5:fd-f9:89:28:9d:1f:97-27:6b:e3:bf:17:26',47,NULL,24,1,NULL,NULL,'2013-08-19','2015-07-15',NULL,NULL,1253.00,0,0,1,0,1,1,NULL,NULL,NULL,NULL,NULL,'--- !ruby/hash:ActiveSupport::HashWithIndifferentAccess\nanschaffungskategorie: AV-Technik\nreference: invoice\numzug: zgeln\nankunftszustand: intakt\n','2015-07-15 05:06:03','2015-07-15 05:06:03'),(25,'swnnm4yqblcztu4kfdup25','b9:f7:02:4d:28:62-8f:72:d4:27:4d:8a-27:fc:b1:6c:2b:d4',48,NULL,25,1,NULL,NULL,'2010-04-08','2015-07-15',NULL,NULL,437.00,0,0,1,0,1,1,NULL,NULL,NULL,NULL,NULL,'--- !ruby/hash:ActiveSupport::HashWithIndifferentAccess\nanschaffungskategorie: AV-Technik\nreference: invoice\numzug: zgeln\nankunftszustand: intakt\n','2015-07-15 05:06:03','2015-07-15 05:06:03'),(26,'pb8j414y3rxse1mubugy26','97:01:f3:ff:38:c8-a7:29:57:02:d7:78-fd:69:7f:c4:b2:24',49,NULL,26,1,NULL,NULL,'2010-06-06','2015-07-15',NULL,NULL,397.00,0,0,1,0,1,1,NULL,NULL,NULL,NULL,NULL,'--- !ruby/hash:ActiveSupport::HashWithIndifferentAccess\nanschaffungskategorie: AV-Technik\nreference: invoice\numzug: zgeln\nankunftszustand: intakt\n','2015-07-15 05:06:03','2015-07-15 05:06:03'),(27,'c3fm9p341of5we0ndta627','97:20:21:ef:4a:88-1a:fb:3f:82:f9:fa-32:36:1b:67:0c:20',50,NULL,27,1,NULL,NULL,'2011-10-12','2015-07-15',NULL,NULL,934.00,0,0,1,0,1,1,NULL,NULL,NULL,NULL,NULL,'--- !ruby/hash:ActiveSupport::HashWithIndifferentAccess\nanschaffungskategorie: AV-Technik\nreference: invoice\numzug: zgeln\nankunftszustand: intakt\n','2015-07-15 05:06:03','2015-07-15 05:06:03'),(28,'kz87olvehgq0yv2zxfwx28','09:59:df:18:d5:8e-81:72:f8:6f:05:64-2f:82:29:3e:03:7e',51,NULL,28,1,NULL,NULL,'2013-12-29','2015-07-15',NULL,NULL,126.00,0,0,1,0,1,1,NULL,NULL,NULL,NULL,NULL,'--- !ruby/hash:ActiveSupport::HashWithIndifferentAccess\nanschaffungskategorie: AV-Technik\nreference: invoice\numzug: zgeln\nankunftszustand: intakt\n','2015-07-15 05:06:03','2015-07-15 05:06:03'),(29,'gza9n9522g48p6nstqee29','85:a2:12:8b:08:44-ad:8f:11:9a:1f:10-26:72:2b:f0:65:ba',52,NULL,29,1,NULL,NULL,'2010-09-16','2015-07-15',NULL,NULL,155.00,0,0,1,0,1,1,NULL,NULL,NULL,NULL,NULL,'--- !ruby/hash:ActiveSupport::HashWithIndifferentAccess\nanschaffungskategorie: AV-Technik\nreference: invoice\numzug: zgeln\nankunftszustand: intakt\n','2015-07-15 05:06:03','2015-07-15 05:06:03'),(30,'zrosvf8oli4tgegzpcwb30','3c:36:14:f8:d7:bf-46:bf:45:0b:f7:10-5c:7e:b3:7a:f8:c7',53,NULL,30,1,NULL,NULL,'2010-07-27','2015-07-15',NULL,NULL,3.00,0,0,1,0,1,1,NULL,NULL,NULL,NULL,NULL,'--- !ruby/hash:ActiveSupport::HashWithIndifferentAccess\nanschaffungskategorie: AV-Technik\nreference: invoice\numzug: zgeln\nankunftszustand: intakt\n','2015-07-15 05:06:03','2015-07-15 05:06:03'),(31,'jrcs5hn5gwmk61ii9qgi31','09:5b:c8:cd:29:43-c2:20:18:f6:a9:61-12:4b:24:92:cf:6d',54,NULL,31,1,NULL,NULL,'2012-11-11','2015-07-15',NULL,NULL,1025.00,0,0,1,0,1,1,NULL,NULL,NULL,NULL,NULL,'--- !ruby/hash:ActiveSupport::HashWithIndifferentAccess\nanschaffungskategorie: AV-Technik\nreference: invoice\numzug: zgeln\nankunftszustand: intakt\n','2015-07-15 05:06:03','2015-07-15 05:06:03'),(32,'gj7zc14m1cyplsugtd6k32','b5:64:2a:34:24:4c-07:32:74:cf:48:e0-61:57:92:1a:14:31',55,NULL,32,1,NULL,NULL,'2010-08-09','2015-07-15',NULL,NULL,604.00,0,0,1,0,1,1,NULL,NULL,NULL,NULL,NULL,'--- !ruby/hash:ActiveSupport::HashWithIndifferentAccess\nanschaffungskategorie: AV-Technik\nreference: invoice\numzug: zgeln\nankunftszustand: intakt\n','2015-07-15 05:06:03','2015-07-15 05:06:03'),(33,'xe2igrqp5rc9uzfgfoy333','fa:d7:42:f0:8a:ec-ef:42:1e:e9:b1:19-27:76:19:34:ec:34',56,NULL,33,1,NULL,NULL,'2011-12-04','2015-07-15',NULL,NULL,1338.00,0,0,1,0,1,1,NULL,NULL,NULL,NULL,NULL,'--- !ruby/hash:ActiveSupport::HashWithIndifferentAccess\nanschaffungskategorie: AV-Technik\nreference: invoice\numzug: zgeln\nankunftszustand: intakt\n','2015-07-15 05:06:03','2015-07-15 05:06:03'),(34,'mfoe6oikr5pjn795y5q234','75:fe:45:8a:57:c1-21:3b:f5:92:0b:aa-52:39:cd:ae:f5:83',57,NULL,34,1,NULL,NULL,'2011-02-11','2015-07-15',NULL,NULL,1487.00,0,0,1,0,1,1,NULL,NULL,NULL,NULL,NULL,'--- !ruby/hash:ActiveSupport::HashWithIndifferentAccess\nanschaffungskategorie: AV-Technik\nreference: invoice\numzug: zgeln\nankunftszustand: intakt\n','2015-07-15 05:06:03','2015-07-15 05:06:03'),(35,'tefkn1wcxtfluq1hv3em35','d7:c1:e0:98:73:22-e5:23:20:b3:2e:86-ed:2c:a0:02:93:1d',58,NULL,35,1,NULL,NULL,'2014-10-10','2015-07-15',NULL,NULL,1042.00,0,0,1,0,1,1,NULL,NULL,NULL,NULL,NULL,'--- !ruby/hash:ActiveSupport::HashWithIndifferentAccess\nanschaffungskategorie: AV-Technik\nreference: invoice\numzug: zgeln\nankunftszustand: intakt\n','2015-07-15 05:06:03','2015-07-15 05:06:03'),(36,'ga9fvo12uxvqhpecxccf36','f7:7f:a5:4c:97:c3-10:c4:41:be:b9:9a-ae:5a:2a:71:06:9e',59,NULL,36,1,NULL,NULL,'2010-03-21','2015-07-15',NULL,NULL,51.00,0,0,1,0,1,1,NULL,NULL,NULL,NULL,NULL,'--- !ruby/hash:ActiveSupport::HashWithIndifferentAccess\nanschaffungskategorie: AV-Technik\nreference: invoice\numzug: zgeln\nankunftszustand: intakt\n','2015-07-15 05:06:03','2015-07-15 05:06:03'),(37,'deis3ctdpd6lr8ie8u7637','73:33:50:6d:b6:0c-72:88:36:14:43:03-64:04:a4:d3:aa:be',60,NULL,37,1,NULL,NULL,'2011-09-03','2015-07-15',NULL,NULL,971.00,0,0,1,0,1,1,NULL,NULL,NULL,NULL,NULL,'--- !ruby/hash:ActiveSupport::HashWithIndifferentAccess\nanschaffungskategorie: AV-Technik\nreference: invoice\numzug: zgeln\nankunftszustand: intakt\n','2015-07-15 05:06:03','2015-07-15 05:06:03'),(38,'zl9vhlgjcg99twelon9g38','ca:31:b8:3c:73:7e-81:69:d5:73:31:2a-d6:ea:e0:6d:b1:2f',61,NULL,38,1,NULL,NULL,'2014-04-06','2015-07-15',NULL,NULL,1019.00,0,0,1,0,1,1,NULL,NULL,NULL,NULL,NULL,'--- !ruby/hash:ActiveSupport::HashWithIndifferentAccess\nanschaffungskategorie: AV-Technik\nreference: invoice\numzug: zgeln\nankunftszustand: intakt\n','2015-07-15 05:06:03','2015-07-15 05:06:03'),(39,'o5vp6okdcc80zz5rkz6n39','b0:b8:ad:cc:0d:65-9f:26:54:5a:5c:12-b9:9f:f9:d6:fe:20',62,NULL,39,1,NULL,NULL,'2011-01-10','2015-07-15',NULL,NULL,701.00,0,0,1,0,1,1,NULL,NULL,NULL,NULL,NULL,'--- !ruby/hash:ActiveSupport::HashWithIndifferentAccess\nanschaffungskategorie: AV-Technik\nreference: invoice\numzug: zgeln\nankunftszustand: intakt\n','2015-07-15 05:06:03','2015-07-15 05:06:03'),(40,'liwio2s1eesu7um2exp840','18:4a:97:b5:be:3f-0f:d7:9f:f8:6c:78-ba:0c:38:4b:5c:eb',63,NULL,40,1,NULL,NULL,'2010-08-14','2015-07-15',NULL,NULL,1167.00,0,0,1,0,1,1,NULL,NULL,NULL,NULL,NULL,'--- !ruby/hash:ActiveSupport::HashWithIndifferentAccess\nanschaffungskategorie: AV-Technik\nreference: invoice\numzug: zgeln\nankunftszustand: intakt\n','2015-07-15 05:06:03','2015-07-15 05:06:03'),(41,'63k11pse6i37ar6mw1a241','00:b1:4e:c8:8a:ea-6e:8d:fa:97:25:d8-d1:cf:c2:a0:79:53',64,NULL,41,1,NULL,NULL,'2010-08-08','2015-07-15',NULL,NULL,1340.00,0,0,1,0,1,1,NULL,NULL,NULL,NULL,NULL,'--- !ruby/hash:ActiveSupport::HashWithIndifferentAccess\nanschaffungskategorie: AV-Technik\nreference: invoice\numzug: zgeln\nankunftszustand: intakt\n','2015-07-15 05:06:03','2015-07-15 05:06:03'),(42,'yxdanwb3bwuyx3icwxwx42','ca:24:89:52:65:c6-df:e5:68:82:b4:6c-f0:4c:45:4f:fe:99',65,NULL,42,1,NULL,NULL,'2010-09-24','2015-07-15',NULL,NULL,1341.00,0,0,1,0,1,1,NULL,NULL,NULL,NULL,NULL,'--- !ruby/hash:ActiveSupport::HashWithIndifferentAccess\nanschaffungskategorie: AV-Technik\nreference: invoice\numzug: zgeln\nankunftszustand: intakt\n','2015-07-15 05:06:03','2015-07-15 05:06:03'),(43,'4oldluib0gm6t58hz52243','21:4f:20:1b:51:f6-07:a3:0b:d2:5b:52-1e:3e:03:fa:37:2c',66,NULL,43,1,NULL,NULL,'2013-04-26','2015-07-15',NULL,NULL,1197.00,0,0,1,0,1,1,NULL,NULL,NULL,NULL,NULL,'--- !ruby/hash:ActiveSupport::HashWithIndifferentAccess\nanschaffungskategorie: AV-Technik\nreference: invoice\numzug: zgeln\nankunftszustand: intakt\n','2015-07-15 05:06:03','2015-07-15 05:06:03'),(44,'e5d2kcd6klaauxatx5fj44','38:02:9a:18:9b:7a-78:43:f3:66:c0:a8-65:76:26:9d:f9:0c',67,NULL,44,1,NULL,NULL,'2011-10-23','2015-07-15',NULL,NULL,656.00,0,0,1,0,1,1,NULL,NULL,NULL,NULL,NULL,'--- !ruby/hash:ActiveSupport::HashWithIndifferentAccess\nanschaffungskategorie: AV-Technik\nreference: invoice\numzug: zgeln\nankunftszustand: intakt\n','2015-07-15 05:06:03','2015-07-15 05:06:03'),(45,'ayizejkg9x1nq7iur96g45','00:8c:94:cd:f5:64-22:81:08:49:f7:5a-30:6a:a8:dd:9b:91',68,NULL,45,1,NULL,NULL,'2014-10-17','2015-07-15',NULL,NULL,835.00,0,0,1,0,1,1,NULL,NULL,NULL,NULL,NULL,'--- !ruby/hash:ActiveSupport::HashWithIndifferentAccess\nanschaffungskategorie: AV-Technik\nreference: invoice\numzug: zgeln\nankunftszustand: intakt\n','2015-07-15 05:06:03','2015-07-15 05:06:03'),(46,'f5f6l0kype6snqmckosj46','71:0e:b9:4a:29:39-2d:ae:82:53:6e:58-c4:3d:23:6b:c1:20',69,NULL,46,1,NULL,NULL,'2010-08-24','2015-07-15',NULL,NULL,272.00,0,0,1,0,1,1,NULL,NULL,NULL,NULL,NULL,'--- !ruby/hash:ActiveSupport::HashWithIndifferentAccess\nanschaffungskategorie: AV-Technik\nreference: invoice\numzug: zgeln\nankunftszustand: intakt\n','2015-07-15 05:06:03','2015-07-15 05:06:03'),(47,'c6w5ybfknz8nmab3au8f47','98:fe:38:c3:18:5b-95:8e:86:90:86:c8-fd:99:ab:54:e8:be',70,NULL,47,1,NULL,NULL,'2014-04-23','2015-07-15',NULL,NULL,634.00,0,0,1,0,1,1,NULL,NULL,NULL,NULL,NULL,'--- !ruby/hash:ActiveSupport::HashWithIndifferentAccess\nanschaffungskategorie: AV-Technik\nreference: invoice\numzug: zgeln\nankunftszustand: intakt\n','2015-07-15 05:06:03','2015-07-15 05:06:03'),(48,'zfhzns6t3w9ztpph3x5j48','29:97:16:1d:04:f1-44:3f:7a:28:ae:a3-ae:62:75:a0:98:ff',71,NULL,48,1,NULL,NULL,'2012-02-04','2015-07-15',NULL,NULL,833.00,0,0,1,0,1,1,NULL,NULL,NULL,NULL,NULL,'--- !ruby/hash:ActiveSupport::HashWithIndifferentAccess\nanschaffungskategorie: AV-Technik\nreference: invoice\numzug: zgeln\nankunftszustand: intakt\n','2015-07-15 05:06:03','2015-07-15 05:06:03'),(49,'24gz9ll71zbuox34jns249','d6:9d:f3:61:bc:ad-02:89:43:eb:31:f6-c3:94:19:e8:6d:e5',72,NULL,49,1,NULL,NULL,'2014-02-12','2015-07-15',NULL,NULL,123.00,0,0,1,0,1,1,NULL,NULL,NULL,NULL,NULL,'--- !ruby/hash:ActiveSupport::HashWithIndifferentAccess\nanschaffungskategorie: AV-Technik\nreference: invoice\numzug: zgeln\nankunftszustand: intakt\n','2015-07-15 05:06:03','2015-07-15 05:06:03'),(50,'fuqhnlmc2vplqspr9vlq50','52:7a:11:40:05:3e-b6:ce:0a:63:e9:11-14:4d:cc:56:b3:43',73,NULL,50,1,NULL,NULL,'2010-11-02','2015-07-15',NULL,NULL,1015.00,0,0,1,0,1,1,NULL,NULL,NULL,NULL,NULL,'--- !ruby/hash:ActiveSupport::HashWithIndifferentAccess\nanschaffungskategorie: AV-Technik\nreference: invoice\numzug: zgeln\nankunftszustand: intakt\n','2015-07-15 05:06:03','2015-07-15 05:06:03'),(51,'book1','book1',1,1,51,2,NULL,NULL,'2012-05-04','2015-07-15',NULL,NULL,598.00,0,0,1,0,2,1,NULL,NULL,NULL,NULL,NULL,'--- !ruby/hash:ActiveSupport::HashWithIndifferentAccess\nanschaffungskategorie: AV-Technik\nreference: invoice\numzug: zgeln\nankunftszustand: intakt\n','2015-07-15 05:06:03','2015-07-15 05:06:03'),(52,'book2','book2',1,1,52,2,NULL,NULL,'2011-02-17','2015-07-15',NULL,NULL,874.00,0,0,1,0,2,1,NULL,NULL,NULL,NULL,NULL,'--- !ruby/hash:ActiveSupport::HashWithIndifferentAccess\nanschaffungskategorie: AV-Technik\nreference: invoice\numzug: zgeln\nankunftszustand: intakt\n','2015-07-15 05:06:03','2015-07-15 05:06:03'),(53,'beam123','xyz456',2,1,53,1,NULL,NULL,'2013-03-17','2015-07-15',NULL,NULL,739.00,0,0,1,0,1,1,NULL,NULL,NULL,NULL,NULL,'--- !ruby/hash:ActiveSupport::HashWithIndifferentAccess\nanschaffungskategorie: AV-Technik\nreference: invoice\numzug: zgeln\nankunftszustand: intakt\n','2015-07-15 05:06:03','2015-07-15 05:06:03'),(54,'beam345','xyz890',2,1,54,1,NULL,NULL,'2013-09-19','2015-07-15',NULL,NULL,1118.00,0,0,1,0,1,1,NULL,NULL,NULL,NULL,NULL,'--- !ruby/hash:ActiveSupport::HashWithIndifferentAccess\nanschaffungskategorie: AV-Technik\nreference: invoice\numzug: zgeln\nankunftszustand: intakt\n','2015-07-15 05:06:03','2015-07-15 05:06:03'),(55,'beam678','xyz678',3,1,55,1,NULL,NULL,'2013-05-08','2015-07-15',NULL,NULL,1151.00,0,0,1,0,1,1,NULL,NULL,NULL,NULL,NULL,'--- !ruby/hash:ActiveSupport::HashWithIndifferentAccess\nanschaffungskategorie: AV-Technik\nreference: invoice\numzug: zgeln\nankunftszustand: intakt\n','2015-07-15 05:06:03','2015-07-15 05:06:03'),(56,'beam749','xyz749',2,1,56,1,NULL,NULL,'2010-08-04','2015-07-15',NULL,NULL,1007.00,0,0,1,0,2,1,NULL,NULL,NULL,NULL,NULL,'--- !ruby/hash:ActiveSupport::HashWithIndifferentAccess\nanschaffungskategorie: AV-Technik\nreference: invoice\numzug: zgeln\nankunftszustand: intakt\n','2015-07-15 05:06:03','2015-07-15 05:06:03'),(57,'beamTest123','xyz74912',5,1,57,1,NULL,NULL,'2014-03-01','2015-07-15',NULL,NULL,670.00,0,0,1,0,1,1,NULL,NULL,NULL,NULL,NULL,'--- !ruby/hash:ActiveSupport::HashWithIndifferentAccess\nanschaffungskategorie: AV-Technik\nreference: invoice\numzug: zgeln\nankunftszustand: intakt\n','2015-07-15 05:06:03','2015-07-15 05:06:03'),(58,'ucbeam1','minbeam1',6,1,58,1,NULL,NULL,'2014-08-08','2015-07-15',NULL,NULL,741.00,0,0,1,0,1,1,NULL,NULL,NULL,'ucbeam1',NULL,'--- !ruby/hash:ActiveSupport::HashWithIndifferentAccess\nanschaffungskategorie: AV-Technik\nreference: invoice\numzug: zgeln\nankunftszustand: intakt\n','2015-07-15 05:06:03','2015-07-15 05:06:03'),(59,'microbeam1','microbeam1',7,1,59,1,NULL,NULL,'2013-01-14','2015-07-15',NULL,NULL,1223.00,0,0,1,0,1,1,NULL,NULL,NULL,'microbeam1',NULL,'--- !ruby/hash:ActiveSupport::HashWithIndifferentAccess\nanschaffungskategorie: AV-Technik\nreference: invoice\numzug: zgeln\nankunftszustand: intakt\n','2015-07-15 05:06:03','2015-07-15 05:06:03'),(60,'cam123','abc234',8,1,60,1,NULL,NULL,'2014-04-04','2015-07-15',NULL,NULL,576.00,0,0,1,0,1,1,NULL,NULL,NULL,NULL,NULL,'--- !ruby/hash:ActiveSupport::HashWithIndifferentAccess\nanschaffungskategorie: AV-Technik\nreference: invoice\numzug: zgeln\nankunftszustand: intakt\n','2015-07-15 05:06:03','2015-07-15 05:06:03'),(61,'cam345','ab567',8,1,61,1,NULL,NULL,'2012-07-08','2015-07-15',NULL,NULL,1419.00,0,0,1,0,1,1,NULL,NULL,NULL,NULL,NULL,'--- !ruby/hash:ActiveSupport::HashWithIndifferentAccess\nanschaffungskategorie: AV-Technik\nreference: invoice\numzug: zgeln\nankunftszustand: intakt\n','2015-07-15 05:06:03','2015-07-15 05:06:03'),(62,'cam567','ab789',8,1,62,1,NULL,NULL,'2012-09-13','2015-07-15',NULL,NULL,622.00,0,0,1,0,1,1,NULL,NULL,NULL,NULL,NULL,'--- !ruby/hash:ActiveSupport::HashWithIndifferentAccess\nanschaffungskategorie: AV-Technik\nreference: invoice\numzug: zgeln\nankunftszustand: intakt\n','2015-07-15 05:06:03','2015-07-15 05:06:03'),(63,'cam53267','ab782129',8,1,63,1,NULL,NULL,'2014-04-17','2015-07-15',NULL,NULL,1311.00,0,0,1,0,1,1,NULL,NULL,NULL,NULL,NULL,'--- !ruby/hash:ActiveSupport::HashWithIndifferentAccess\nanschaffungskategorie: AV-Technik\nreference: invoice\numzug: zgeln\nankunftszustand: intakt\n','2015-07-15 05:06:03','2015-07-15 05:06:03'),(64,'cam532asd67','ab78as2129',8,1,64,1,NULL,NULL,'2014-07-28','2015-07-15',NULL,NULL,1110.00,0,0,1,0,1,1,NULL,NULL,NULL,NULL,NULL,'--- !ruby/hash:ActiveSupport::HashWithIndifferentAccess\nanschaffungskategorie: AV-Technik\nreference: invoice\numzug: zgeln\nankunftszustand: intakt\n','2015-07-15 05:06:03','2015-07-15 05:06:03'),(65,'tri789','fgh567',9,1,65,1,NULL,NULL,'2013-04-30','2015-07-15',NULL,NULL,1171.00,0,0,1,0,1,1,NULL,NULL,NULL,NULL,NULL,'--- !ruby/hash:ActiveSupport::HashWithIndifferentAccess\nanschaffungskategorie: AV-Technik\nreference: invoice\numzug: zgeln\nankunftszustand: intakt\n','2015-07-15 05:06:03','2015-07-15 05:06:03'),(66,'tri123','fgh987',9,1,66,1,NULL,NULL,'2012-05-10','2015-07-15',NULL,NULL,322.00,0,0,1,0,1,1,NULL,NULL,NULL,NULL,NULL,'--- !ruby/hash:ActiveSupport::HashWithIndifferentAccess\nanschaffungskategorie: AV-Technik\nreference: invoice\numzug: zgeln\nankunftszustand: intakt\n','2015-07-15 05:06:03','2015-07-15 05:06:03'),(67,'tri923','asd213',9,1,67,1,NULL,NULL,'2010-12-26','2015-07-15',NULL,NULL,34.00,0,0,1,0,1,1,NULL,NULL,NULL,NULL,NULL,'--- !ruby/hash:ActiveSupport::HashWithIndifferentAccess\nanschaffungskategorie: AV-Technik\nreference: invoice\numzug: zgeln\nankunftszustand: intakt\n','2015-07-15 05:06:03','2015-07-15 05:06:03'),(68,'tri212','tri212',9,1,68,1,NULL,NULL,'2010-09-19','2015-07-15',NULL,NULL,1437.00,0,0,1,0,1,1,NULL,NULL,NULL,NULL,NULL,'--- !ruby/hash:ActiveSupport::HashWithIndifferentAccess\nanschaffungskategorie: AV-Technik\nreference: invoice\numzug: zgeln\nankunftszustand: intakt\n','2015-07-15 05:06:03','2015-07-15 05:06:03'),(69,'hifi123','hifi123',10,1,69,1,NULL,NULL,'2014-01-15','2015-07-15',NULL,NULL,332.00,0,0,1,0,1,1,NULL,NULL,NULL,NULL,NULL,'--- !ruby/hash:ActiveSupport::HashWithIndifferentAccess\nanschaffungskategorie: AV-Technik\nreference: invoice\numzug: zgeln\nankunftszustand: intakt\n','2015-07-15 05:06:03','2015-07-15 05:06:03'),(70,'bose123','bose123',12,1,70,1,NULL,NULL,'2010-10-15','2015-07-15',NULL,NULL,1093.00,0,0,1,0,1,1,NULL,NULL,NULL,NULL,NULL,'--- !ruby/hash:ActiveSupport::HashWithIndifferentAccess\nanschaffungskategorie: AV-Technik\nreference: invoice\numzug: zgeln\nankunftszustand: intakt\n','2015-07-15 05:06:03','2015-07-15 05:06:03'),(71,'cand5','cand5',8,1,71,1,NULL,NULL,'2010-09-08','2015-07-15',NULL,NULL,412.00,0,0,0,0,1,1,NULL,NULL,NULL,NULL,NULL,'--- !ruby/hash:ActiveSupport::HashWithIndifferentAccess\nanschaffungskategorie: AV-Technik\nreference: invoice\numzug: zgeln\nankunftszustand: intakt\n','2015-07-15 05:06:03','2015-07-15 05:06:03'),(72,'beam21231','beamas12312',2,1,72,1,NULL,NULL,'2010-12-25','2015-07-15',NULL,NULL,1432.00,0,0,0,0,1,1,NULL,NULL,NULL,NULL,NULL,'--- !ruby/hash:ActiveSupport::HashWithIndifferentAccess\nanschaffungskategorie: AV-Technik\nreference: invoice\numzug: zgeln\nankunftszustand: intakt\n','2015-07-15 05:06:03','2015-07-15 05:06:03'),(73,'hifi345','hifi345',10,1,73,1,NULL,NULL,'2013-06-19','2015-07-15',NULL,NULL,214.00,0,0,0,0,1,1,NULL,NULL,NULL,NULL,NULL,'--- !ruby/hash:ActiveSupport::HashWithIndifferentAccess\nanschaffungskategorie: AV-Technik\nreference: invoice\numzug: zgeln\nankunftszustand: intakt\n','2015-07-15 05:06:03','2015-07-15 05:06:03'),(74,'wlaptop1','wlaptop1',14,1,74,1,NULL,NULL,'2014-11-23','2015-07-15',NULL,NULL,713.00,1,0,1,0,1,1,NULL,NULL,NULL,NULL,NULL,'--- !ruby/hash:ActiveSupport::HashWithIndifferentAccess\nanschaffungskategorie: AV-Technik\nreference: invoice\numzug: zgeln\nankunftszustand: intakt\n','2015-07-15 05:06:03','2015-07-15 05:06:03'),(75,'v120d02','v120d02',15,1,75,1,NULL,NULL,'2011-08-27','2015-07-15',NULL,NULL,1456.00,0,1,1,0,1,1,NULL,NULL,NULL,NULL,NULL,'--- !ruby/hash:ActiveSupport::HashWithIndifferentAccess\nanschaffungskategorie: AV-Technik\nreference: invoice\numzug: zgeln\nankunftszustand: intakt\n','2015-07-15 05:06:03','2015-07-15 05:06:03'),(76,'v120d11','v120d11',15,NULL,76,1,NULL,NULL,'2011-12-24','2015-07-15','2015-07-15','Eligendi impedit quisquam omnis.',448.00,1,1,0,0,1,1,NULL,NULL,NULL,NULL,NULL,'--- !ruby/hash:ActiveSupport::HashWithIndifferentAccess\nanschaffungskategorie: AV-Technik\nreference: invoice\numzug: zgeln\nankunftszustand: intakt\n','2015-07-15 05:06:03','2015-07-15 05:06:03'),(77,'v120d022g','v120d022g',16,1,77,1,NULL,NULL,'2014-10-24','2015-07-15',NULL,NULL,1469.00,0,0,1,0,1,1,NULL,NULL,NULL,NULL,NULL,'--- !ruby/hash:ActiveSupport::HashWithIndifferentAccess\nanschaffungskategorie: AV-Technik\nreference: invoice\numzug: zgeln\nankunftszustand: intakt\n','2015-07-15 05:06:03','2015-07-15 05:06:03'),(78,'v120d022g2','v120d022g2',16,1,78,1,NULL,NULL,'2010-05-09','2015-07-15',NULL,NULL,915.00,0,0,1,0,1,1,NULL,NULL,NULL,NULL,NULL,'--- !ruby/hash:ActiveSupport::HashWithIndifferentAccess\nanschaffungskategorie: AV-Technik\nreference: invoice\numzug: zgeln\nankunftszustand: intakt\n','2015-07-15 05:06:03','2015-07-15 05:06:03'),(79,'iMac1','iMac1',18,1,79,1,NULL,NULL,'2012-05-08','2015-07-15','2015-07-15','This item is gone.',1143.00,0,0,1,0,1,1,NULL,NULL,NULL,NULL,NULL,'--- !ruby/hash:ActiveSupport::HashWithIndifferentAccess\nanschaffungskategorie: AV-Technik\nreference: invoice\numzug: zgeln\nankunftszustand: intakt\n','2015-07-15 05:06:03','2015-07-15 05:06:03'),(80,'iMac2','iMac2',18,1,80,3,NULL,NULL,'2013-05-29','2015-07-15','2015-07-15','This item is gone.',53.00,0,0,1,0,1,1,NULL,NULL,NULL,NULL,NULL,'--- !ruby/hash:ActiveSupport::HashWithIndifferentAccess\nanschaffungskategorie: AV-Technik\nreference: invoice\numzug: zgeln\nankunftszustand: intakt\n','2015-07-15 05:06:03','2015-07-15 05:06:03'),(81,'lpv3yc','lpv3yc',11,1,81,1,NULL,NULL,'2010-08-03','2015-07-15','2015-07-15','This item is gone.',300.00,0,0,1,0,1,1,NULL,NULL,NULL,NULL,NULL,'--- !ruby/hash:ActiveSupport::HashWithIndifferentAccess\nanschaffungskategorie: AV-Technik\nreference: invoice\numzug: zgeln\nankunftszustand: intakt\n','2015-07-15 05:06:03','2015-07-15 05:06:03'),(82,'6cxjcs','6cxjcs',11,1,82,1,NULL,NULL,'2013-11-09','2015-07-15','2015-07-15','This item is gone.',279.00,0,0,1,0,1,1,NULL,NULL,NULL,NULL,NULL,'--- !ruby/hash:ActiveSupport::HashWithIndifferentAccess\nanschaffungskategorie: AV-Technik\nreference: invoice\numzug: zgeln\nankunftszustand: intakt\n','2015-07-15 05:06:03','2015-07-15 05:06:03'),(83,'beam897','beam897',2,1,83,2,NULL,NULL,'2013-07-21','2015-07-15',NULL,NULL,4.00,0,0,1,0,2,1,NULL,NULL,NULL,NULL,NULL,'--- !ruby/hash:ActiveSupport::HashWithIndifferentAccess\nanschaffungskategorie: AV-Technik\nreference: invoice\numzug: zgeln\nankunftszustand: intakt\n','2015-07-15 05:06:03','2015-07-15 05:06:03'),(84,'minibeam12','minibeam12',4,1,84,2,NULL,NULL,'2011-11-07','2015-07-15',NULL,NULL,1479.00,0,0,1,0,2,1,NULL,NULL,NULL,NULL,NULL,'--- !ruby/hash:ActiveSupport::HashWithIndifferentAccess\nanschaffungskategorie: AV-Technik\nreference: invoice\numzug: zgeln\nankunftszustand: intakt\n','2015-07-15 05:06:03','2015-07-15 05:06:03'),(85,'minibeam34','minibeam34',4,1,85,3,NULL,NULL,'2010-03-10','2015-07-15',NULL,NULL,792.00,0,0,1,0,3,1,NULL,NULL,NULL,NULL,NULL,'--- !ruby/hash:ActiveSupport::HashWithIndifferentAccess\nanschaffungskategorie: AV-Technik\nreference: invoice\numzug: zgeln\nankunftszustand: intakt\n','2015-07-15 05:06:03','2015-07-15 05:06:03'),(86,'minibeam56','minibeam56',4,1,86,1,NULL,NULL,'2012-10-29','2015-07-15','2015-07-15','Sint quibusdam ea qui aut sed.',732.00,0,0,1,0,1,1,NULL,NULL,NULL,NULL,NULL,'--- !ruby/hash:ActiveSupport::HashWithIndifferentAccess\nanschaffungskategorie: AV-Technik\nreference: invoice\numzug: zgeln\nankunftszustand: intakt\n','2015-07-15 05:06:03','2015-07-15 05:06:03'),(87,'minibeam78','minibeam78',4,1,87,2,NULL,NULL,'2014-03-03','2015-07-15',NULL,NULL,182.00,0,0,1,0,2,1,NULL,NULL,NULL,NULL,NULL,'--- !ruby/hash:ActiveSupport::HashWithIndifferentAccess\nanschaffungskategorie: AV-Technik\nreference: invoice\numzug: zgeln\nankunftszustand: intakt\n','2015-07-15 05:06:03','2015-07-15 05:06:03'),(88,'air123','air123',19,1,88,1,NULL,NULL,'2010-07-07','2015-07-15',NULL,NULL,1165.00,0,0,1,0,1,1,NULL,NULL,NULL,NULL,NULL,'--- !ruby/hash:ActiveSupport::HashWithIndifferentAccess\nanschaffungskategorie: AV-Technik\nreference: invoice\numzug: zgeln\nankunftszustand: intakt\n','2015-07-15 05:06:03','2015-07-15 05:06:03'),(89,'tp230','tp230',20,1,89,1,NULL,NULL,'2014-04-28','2015-07-15',NULL,NULL,1137.00,0,0,1,0,1,1,NULL,NULL,NULL,NULL,NULL,'--- !ruby/hash:ActiveSupport::HashWithIndifferentAccess\nanschaffungskategorie: AV-Technik\nreference: invoice\numzug: zgeln\nankunftszustand: intakt\n','2015-07-15 05:06:03','2015-07-15 05:06:03'),(90,'tp301','tp301',21,1,90,1,NULL,NULL,'2014-10-29','2015-07-15',NULL,NULL,189.00,0,0,1,0,1,1,NULL,NULL,NULL,NULL,NULL,'--- !ruby/hash:ActiveSupport::HashWithIndifferentAccess\nanschaffungskategorie: AV-Technik\nreference: invoice\numzug: zgeln\nankunftszustand: intakt\n','2015-07-15 05:06:03','2015-07-15 05:06:03'),(91,'carbon1','carbon1',22,1,91,1,NULL,NULL,'2010-12-15','2015-07-15',NULL,NULL,1337.00,0,0,1,0,1,1,NULL,NULL,NULL,NULL,NULL,'--- !ruby/hash:ActiveSupport::HashWithIndifferentAccess\nanschaffungskategorie: AV-Technik\nreference: invoice\numzug: zgeln\nankunftszustand: intakt\n','2015-07-15 05:06:03','2015-07-15 05:06:03'),(92,'carbon2','carbon2',22,1,92,1,NULL,NULL,'2010-12-07','2015-07-15',NULL,NULL,1382.00,0,0,1,0,1,1,NULL,NULL,NULL,NULL,NULL,'--- !ruby/hash:ActiveSupport::HashWithIndifferentAccess\nanschaffungskategorie: AV-Technik\nreference: invoice\numzug: zgeln\nankunftszustand: intakt\n','2015-07-15 05:06:03','2015-07-15 05:06:03'),(93,'inspiron1','inspiron1',23,1,93,1,NULL,NULL,'2012-10-06','2015-07-15',NULL,NULL,1094.00,0,0,1,0,1,1,NULL,NULL,NULL,NULL,NULL,'--- !ruby/hash:ActiveSupport::HashWithIndifferentAccess\nanschaffungskategorie: AV-Technik\nreference: invoice\numzug: zgeln\nankunftszustand: intakt\n','2015-07-15 05:06:03','2015-07-15 05:06:03'),(94,'A14',NULL,1,1,94,1,NULL,NULL,'2014-09-18','2015-07-15',NULL,NULL,393.00,0,0,1,0,2,1,NULL,NULL,NULL,NULL,NULL,'--- !ruby/hash:ActiveSupport::HashWithIndifferentAccess\nanschaffungskategorie: AV-Technik\nreference: invoice\numzug: zgeln\nankunftszustand: intakt\n','2015-07-15 05:06:03','2015-07-15 05:06:03'),(95,'49g420k1ndnidr5xbt1651','a0:ea:c3:37:12:1c-c4:a6:0c:8d:de:3f-3f:db:e8:d9:50:00',76,NULL,NULL,1,NULL,NULL,NULL,NULL,NULL,NULL,NULL,0,0,0,0,1,0,NULL,NULL,NULL,NULL,NULL,'--- !ruby/hash:ActiveSupport::HashWithIndifferentAccess\nlicense_type: single_workplace\nactivation_type: serial_number\noperating_system:\n- windows\n- linux\ninstallation:\n- citrix\n- web\nprocured_by: Birdie Yost\nreference: invoice\nmaintenance_contract: \'false\'\n','2015-07-15 05:06:03','2015-07-15 05:06:03'),(96,'fn5t97y3nxc06iyefb0d52','5d:39:ef:1d:20:fa-4c:9d:bb:b9:a0:97-02:7c:7e:52:4f:3f',77,NULL,NULL,1,NULL,NULL,NULL,NULL,NULL,NULL,NULL,0,0,1,0,1,0,NULL,NULL,NULL,NULL,NULL,'--- !ruby/hash:ActiveSupport::HashWithIndifferentAccess\nlicense_type: single_workplace\nactivation_type: serial_number\noperating_system:\n- windows\n- linux\ninstallation:\n- citrix\n- web\nprocured_by: Birdie Yost\nreference: invoice\nmaintenance_contract: \'false\'\n','2015-07-15 05:06:03','2015-07-15 05:06:03'),(97,'j01992zexp87qpx9k7k153','52:0d:2d:4a:8c:ca-ff:a4:cd:ce:04:5e-4c:57:26:2f:72:bc',78,NULL,NULL,1,NULL,NULL,NULL,NULL,NULL,NULL,NULL,0,0,0,0,1,0,NULL,NULL,NULL,NULL,NULL,'--- !ruby/hash:ActiveSupport::HashWithIndifferentAccess\nlicense_type: single_workplace\nactivation_type: serial_number\noperating_system:\n- windows\n- linux\ninstallation:\n- citrix\n- web\nreference: invoice\nmaintenance_contract: \'false\'\n','2015-07-15 05:06:03','2015-07-15 05:06:03'),(98,'tyca7sbj9f8m8q7rsafp54','1b:6d:35:0e:ee:bc-05:37:8b:31:bd:35-ac:60:45:61:0c:ab',79,NULL,NULL,1,NULL,NULL,NULL,NULL,NULL,NULL,NULL,0,0,0,0,1,0,NULL,NULL,NULL,NULL,NULL,'--- !ruby/hash:ActiveSupport::HashWithIndifferentAccess\nlicense_type: single_workplace\nactivation_type: serial_number\noperating_system:\n- windows\n- linux\ninstallation:\n- citrix\n- web\nprocured_by: Kobe Haag\nreference: invoice\nmaintenance_contract: \'false\'\n','2015-07-15 05:06:03','2015-07-15 05:06:03'),(99,'3h0jiu652aozz6ef5dgb55','0b:7b:07:85:7f:81-7f:68:37:3f:46:fa-e3:7c:7e:0f:e1:3e',80,NULL,NULL,1,NULL,NULL,NULL,NULL,NULL,NULL,NULL,0,0,1,0,1,0,NULL,NULL,NULL,NULL,NULL,'--- !ruby/hash:ActiveSupport::HashWithIndifferentAccess\nlicense_type: single_workplace\nactivation_type: serial_number\noperating_system:\n- windows\n- linux\ninstallation:\n- citrix\n- web\nreference: invoice\nmaintenance_contract: \'false\'\n','2015-07-15 05:06:03','2015-07-15 05:06:03'),(100,'A18','ac:03:7f:5d:0d:6a-49:7c:70:df:f3:78-d8:55:2f:45:30:1c',81,NULL,NULL,1,NULL,NULL,NULL,NULL,NULL,NULL,NULL,0,0,0,0,2,0,NULL,NULL,NULL,NULL,NULL,'--- !ruby/hash:ActiveSupport::HashWithIndifferentAccess\nreference: invoice\nactivation_type: none\nlicense_type: free\nmaintenance_contract: \'false\'\n','2015-07-15 05:06:03','2015-07-15 05:06:03'),(101,'A27','9e:76:8a:53:23:8a-57:37:b8:11:33:55-55:63:7d:c5:ab:43',82,NULL,NULL,1,NULL,NULL,NULL,NULL,'2015-07-15','Dolores quo dolor id repellendus libero et.',NULL,0,0,0,0,1,0,NULL,NULL,NULL,NULL,NULL,'--- !ruby/hash:ActiveSupport::HashWithIndifferentAccess\nreference: invoice\nactivation_type: none\nlicense_type: free\nmaintenance_contract: \'false\'\n','2015-07-15 05:06:03','2015-07-15 05:06:03'),(102,'IT33','ea:48:9f:05:79:2c-25:73:6c:b4:32:fa-b1:29:f3:5f:f2:9b',83,NULL,NULL,2,NULL,NULL,NULL,NULL,'2015-07-15','Dolorem odit voluptatem amet voluptas ullam quasi ut dolor.',NULL,0,0,1,0,1,0,NULL,NULL,NULL,NULL,NULL,'--- !ruby/hash:ActiveSupport::HashWithIndifferentAccess\nreference: invoice\nactivation_type: none\nlicense_type: free\nmaintenance_contract: \'false\'\n','2015-07-15 05:06:03','2015-07-15 05:06:03'),(103,'IT37','d7:90:89:98:19:15-a9:80:93:2c:ae:b1-d7:04:51:62:44:44',84,NULL,NULL,2,NULL,NULL,NULL,NULL,NULL,NULL,NULL,0,0,1,0,2,0,NULL,NULL,NULL,NULL,NULL,'--- !ruby/hash:ActiveSupport::HashWithIndifferentAccess\nreference: invoice\nactivation_type: none\nlicense_type: free\nmaintenance_contract: \'false\'\n','2015-07-15 05:06:03','2015-07-15 05:06:03'),(104,'A40','d3:00:48:59:b4:27-88:8f:da:14:e8:34-00:9e:82:b4:2e:80',85,NULL,NULL,1,NULL,NULL,'2015-07-15',NULL,NULL,NULL,NULL,0,0,0,0,1,0,NULL,NULL,NULL,NULL,NULL,'--- !ruby/hash:ActiveSupport::HashWithIndifferentAccess\nlicense_expiration: \'2015-07-15\'\nmaintenance_contract: \'true\'\nmaintenance_expiration: \'2015-07-15\'\nreference: invoice\nactivation_type: none\nlicense_type: free\n','2015-07-15 05:06:03','2015-07-15 05:06:03'),(105,'acrobat123','a8:83:af:47:3d:3f-7b:28:30:5f:18:89-06:e9:b7:fe:e3:d1',74,NULL,NULL,1,NULL,NULL,NULL,NULL,NULL,NULL,NULL,0,0,0,0,1,0,NULL,NULL,NULL,NULL,NULL,'--- !ruby/hash:ActiveSupport::HashWithIndifferentAccess\nreference: invoice\nactivation_type: none\nlicense_type: free\nmaintenance_contract: \'false\'\nquantity_allocations:\n- :room: aut\n  :quantity: \'32\'\n- :room: molestias\n  :quantity: \'50\'\n','2015-07-15 05:06:03','2015-07-15 05:06:03'),(106,'msword123','5a:8a:eb:34:9f:3d-ba:c9:4f:a9:fc:cf-a2:ef:b2:37:ab:09',86,NULL,NULL,1,NULL,NULL,NULL,NULL,NULL,NULL,NULL,0,0,1,0,1,0,NULL,NULL,NULL,NULL,NULL,'--- !ruby/hash:ActiveSupport::HashWithIndifferentAccess\nlicense_type: multiple_workplace\noperating_system:\n- mac_os_x\n- windows\nreference: invoice\nactivation_type: none\nmaintenance_contract: \'false\'\nquantity_allocations:\n- :room: voluptatem\n  :quantity: \'47\'\n- :room: distinctio\n  :quantity: \'49\'\n','2015-07-15 05:06:03','2015-07-15 05:06:03'),(107,'lic111','24:ef:54:29:6e:70-54:fe:0a:d5:5c:88-b2:dd:21:7d:31:8b',87,NULL,NULL,1,NULL,NULL,NULL,NULL,NULL,NULL,NULL,0,0,1,0,2,0,NULL,NULL,NULL,NULL,NULL,'--- !ruby/hash:ActiveSupport::HashWithIndifferentAccess\nlicense_type: site_license\noperating_system:\n- windows\nreference: invoice\nactivation_type: none\nmaintenance_contract: \'false\'\n','2015-07-15 05:06:03','2015-07-15 05:06:03'),(108,'A41','eb:0e:1c:6d:d8:6f-6a:df:69:20:a0:bc-60:ff:f9:1b:e1:23',88,NULL,NULL,1,NULL,NULL,NULL,NULL,NULL,NULL,NULL,0,0,1,0,1,0,NULL,NULL,NULL,NULL,NULL,'--- !ruby/hash:ActiveSupport::HashWithIndifferentAccess\nlicense_type: concurrent\noperating_system:\n- windows\n- linux\nreference: invoice\nactivation_type: none\nmaintenance_contract: \'false\'\n','2015-07-15 05:06:03','2015-07-15 05:06:03'),(109,'zuzcwtuk3mt97d5ppnw056','4c:7e:f2:db:f4:1e-7a:27:df:02:3e:b0-e6:f7:be:f0:9b:1e',89,3,95,1,NULL,NULL,'2013-05-25','2015-07-15',NULL,NULL,985.00,0,0,1,0,1,1,NULL,NULL,NULL,NULL,NULL,'--- !ruby/hash:ActiveSupport::HashWithIndifferentAccess\nanschaffungskategorie: AV-Technik\nreference: invoice\numzug: zgeln\nankunftszustand: intakt\n','2015-07-15 05:06:03','2015-07-15 05:06:03'),(110,'zl43hqk43654c009ww4o57','d3:fb:82:c1:18:ff-35:82:27:fd:75:47-fe:00:76:d8:34:d6',91,3,96,1,109,NULL,'2013-05-12','2015-07-15',NULL,NULL,1277.00,0,0,1,0,1,1,NULL,NULL,NULL,NULL,NULL,'--- !ruby/hash:ActiveSupport::HashWithIndifferentAccess\nanschaffungskategorie: AV-Technik\nreference: invoice\numzug: zgeln\nankunftszustand: intakt\n','2015-07-15 05:06:03','2015-07-15 05:06:03'),(111,'d8txfqbgvmlru627dfd758','33:7f:b9:e9:e2:a9-6e:d9:eb:be:c7:64-9f:0e:25:7d:f8:28',92,3,97,1,109,NULL,'2011-06-19','2015-07-15',NULL,NULL,320.00,0,0,1,0,1,1,NULL,NULL,NULL,NULL,NULL,'--- !ruby/hash:ActiveSupport::HashWithIndifferentAccess\nanschaffungskategorie: AV-Technik\nreference: invoice\numzug: zgeln\nankunftszustand: intakt\n','2015-07-15 05:06:03','2015-07-15 05:06:03'),(112,'yekz7ud77iv59xm18wdr59','81:a0:9d:a5:4a:d7-b9:83:6b:73:ba:8e-45:d2:5c:f5:7b:10',93,3,98,1,109,NULL,'2013-02-26','2015-07-15',NULL,NULL,488.00,0,0,1,0,1,1,NULL,NULL,NULL,NULL,NULL,'--- !ruby/hash:ActiveSupport::HashWithIndifferentAccess\nanschaffungskategorie: AV-Technik\nreference: invoice\numzug: zgeln\nankunftszustand: intakt\n','2015-07-15 05:06:03','2015-07-15 05:06:03'),(113,'e1wqgiy3dvcrkjkrqu3g60','82:63:26:6a:d5:c3-7e:fb:89:3b:35:3c-f9:da:60:8c:61:72',89,7,99,1,NULL,NULL,'2012-12-04','2015-07-15',NULL,NULL,160.00,0,0,1,0,1,1,NULL,NULL,NULL,NULL,NULL,'--- !ruby/hash:ActiveSupport::HashWithIndifferentAccess\nanschaffungskategorie: AV-Technik\nreference: invoice\numzug: zgeln\nankunftszustand: intakt\n','2015-07-15 05:06:03','2015-07-15 05:06:03'),(114,'5uzvw0mmsw1g2nstgnma61','57:c9:20:73:c5:17-69:c0:58:f5:3a:30-ae:3d:3c:0c:58:a0',95,7,100,1,113,NULL,'2012-08-20','2015-07-15',NULL,NULL,159.00,0,0,1,0,1,1,NULL,NULL,NULL,NULL,NULL,'--- !ruby/hash:ActiveSupport::HashWithIndifferentAccess\nanschaffungskategorie: AV-Technik\nreference: invoice\numzug: zgeln\nankunftszustand: intakt\n','2015-07-15 05:06:03','2015-07-15 05:06:03'),(115,'n6b67ut9knbccaoa4n8q62','28:ea:05:bd:13:98-4f:9d:80:ca:fb:71-e6:6d:be:fc:ee:07',96,7,101,1,113,NULL,'2010-06-23','2015-07-15',NULL,NULL,621.00,0,0,1,0,1,1,NULL,NULL,NULL,NULL,NULL,'--- !ruby/hash:ActiveSupport::HashWithIndifferentAccess\nanschaffungskategorie: AV-Technik\nreference: invoice\numzug: zgeln\nankunftszustand: intakt\n','2015-07-15 05:06:03','2015-07-15 05:06:03'),(116,'rd9ug6jey2p2v5gn0vgy63','6d:6a:a5:26:ee:9f-a5:ac:0b:00:f1:85-2d:6f:53:d6:f4:d1',97,7,102,1,113,NULL,'2014-08-04','2015-07-15',NULL,NULL,366.00,0,0,1,0,1,1,NULL,NULL,NULL,NULL,NULL,'--- !ruby/hash:ActiveSupport::HashWithIndifferentAccess\nanschaffungskategorie: AV-Technik\nreference: invoice\numzug: zgeln\nankunftszustand: intakt\n','2015-07-15 05:06:03','2015-07-15 05:06:03'),(117,'k3tfv2pq08yx7x5foza064','a2:75:b3:84:5e:54-8a:27:33:af:a2:4d-00:99:53:f9:cf:27',89,11,103,1,NULL,NULL,'2014-08-31','2015-07-15',NULL,NULL,790.00,0,0,1,0,1,1,NULL,NULL,NULL,NULL,NULL,'--- !ruby/hash:ActiveSupport::HashWithIndifferentAccess\nanschaffungskategorie: AV-Technik\nreference: invoice\numzug: zgeln\nankunftszustand: intakt\n','2015-07-15 05:06:03','2015-07-15 05:06:03'),(118,'t4bajz66jbgqmwcvhs8265','eb:02:98:90:6f:78-24:12:cf:fc:63:82-c4:4d:73:08:60:70',99,11,104,1,117,NULL,'2012-10-07','2015-07-15',NULL,NULL,491.00,0,0,1,0,1,1,NULL,NULL,NULL,NULL,NULL,'--- !ruby/hash:ActiveSupport::HashWithIndifferentAccess\nanschaffungskategorie: AV-Technik\nreference: invoice\numzug: zgeln\nankunftszustand: intakt\n','2015-07-15 05:06:03','2015-07-15 05:06:03'),(119,'sv5228doocxq3gyo9mgd66','78:83:0a:0c:59:b2-6f:47:b1:f3:1c:58-dd:33:64:9c:c9:48',100,11,105,1,117,NULL,'2014-09-09','2015-07-15',NULL,NULL,1358.00,0,0,1,0,1,1,NULL,NULL,NULL,NULL,NULL,'--- !ruby/hash:ActiveSupport::HashWithIndifferentAccess\nanschaffungskategorie: AV-Technik\nreference: invoice\numzug: zgeln\nankunftszustand: intakt\n','2015-07-15 05:06:03','2015-07-15 05:06:03'),(120,'jjk2fir42yhb11aw0xrl67','1d:59:b0:e9:dc:32-99:cf:a3:0a:58:9c-de:fa:a4:8d:14:c7',101,11,106,1,117,NULL,'2012-11-07','2015-07-15',NULL,NULL,285.00,0,0,1,0,1,1,NULL,NULL,NULL,NULL,NULL,'--- !ruby/hash:ActiveSupport::HashWithIndifferentAccess\nanschaffungskategorie: AV-Technik\nreference: invoice\numzug: zgeln\nankunftszustand: intakt\n','2015-07-15 05:06:03','2015-07-15 05:06:03'),(121,'0ug1ulu5b8mphx55odhn68','9e:43:82:8e:89:03-5a:7a:cf:22:ec:5b-64:81:80:9e:ea:7c',89,15,107,2,NULL,NULL,'2013-01-19','2015-07-15',NULL,NULL,772.00,0,0,1,0,2,1,NULL,NULL,NULL,NULL,NULL,'--- !ruby/hash:ActiveSupport::HashWithIndifferentAccess\nanschaffungskategorie: AV-Technik\nreference: invoice\numzug: zgeln\nankunftszustand: intakt\n','2015-07-15 05:06:03','2015-07-15 05:06:03'),(122,'4xqdmo8eqippshwkeido69','14:eb:2c:f5:a0:a2-0c:7e:4b:22:a6:9d-ec:b9:e0:e8:a4:8b',103,15,108,2,121,NULL,'2014-08-17','2015-07-15',NULL,NULL,11.00,0,0,1,0,2,1,NULL,NULL,NULL,NULL,NULL,'--- !ruby/hash:ActiveSupport::HashWithIndifferentAccess\nanschaffungskategorie: AV-Technik\nreference: invoice\numzug: zgeln\nankunftszustand: intakt\n','2015-07-15 05:06:03','2015-07-15 05:06:03'),(123,'khakdbkfs2drls11zgu670','5b:13:a6:69:8f:61-65:09:65:eb:cb:ee-a5:06:1d:46:ea:ef',104,15,109,2,121,NULL,'2011-08-05','2015-07-15',NULL,NULL,394.00,0,0,1,0,2,1,NULL,NULL,NULL,NULL,NULL,'--- !ruby/hash:ActiveSupport::HashWithIndifferentAccess\nanschaffungskategorie: AV-Technik\nreference: invoice\numzug: zgeln\nankunftszustand: intakt\n','2015-07-15 05:06:03','2015-07-15 05:06:03'),(124,'umbb4kr3nj3ngz2xney471','7b:3a:e8:f9:25:dd-7e:ef:18:20:ab:3a-aa:4c:af:04:fe:af',105,15,110,2,121,NULL,'2013-03-06','2015-07-15',NULL,NULL,344.00,0,0,1,0,2,1,NULL,NULL,NULL,NULL,NULL,'--- !ruby/hash:ActiveSupport::HashWithIndifferentAccess\nanschaffungskategorie: AV-Technik\nreference: invoice\numzug: zgeln\nankunftszustand: intakt\n','2015-07-15 05:06:03','2015-07-15 05:06:03'),(125,'zj4vwagii2mdw7o6p3tv72','4d:b4:59:0e:b3:20-99:21:48:f0:2b:64-39:cb:db:7e:eb:75',106,19,111,1,NULL,NULL,'2012-07-14','2015-07-15',NULL,NULL,1104.00,0,0,1,0,1,1,NULL,NULL,NULL,NULL,NULL,'--- !ruby/hash:ActiveSupport::HashWithIndifferentAccess\nanschaffungskategorie: AV-Technik\nreference: invoice\numzug: zgeln\nankunftszustand: intakt\n','2015-07-15 05:06:03','2015-07-15 05:06:03'),(126,'7z74r514ofz29xoneaxj73','38:f0:ce:fa:5e:2e-dd:ba:fe:26:7a:fd-56:ff:24:ec:d6:da',108,19,112,1,125,NULL,'2014-12-11','2015-07-15',NULL,NULL,362.00,0,0,1,0,1,1,NULL,NULL,NULL,NULL,NULL,'--- !ruby/hash:ActiveSupport::HashWithIndifferentAccess\nanschaffungskategorie: AV-Technik\nreference: invoice\numzug: zgeln\nankunftszustand: intakt\n','2015-07-15 05:06:03','2015-07-15 05:06:03'),(127,'6jgbgfq6e2jy00qa3tbq74','74:d5:1c:d7:29:2a-fa:72:43:a9:c4:1e-06:67:88:4b:77:fa',109,19,113,1,125,NULL,'2012-09-24','2015-07-15',NULL,NULL,151.00,0,0,1,0,1,1,NULL,NULL,NULL,NULL,NULL,'--- !ruby/hash:ActiveSupport::HashWithIndifferentAccess\nanschaffungskategorie: AV-Technik\nreference: invoice\numzug: zgeln\nankunftszustand: intakt\n','2015-07-15 05:06:03','2015-07-15 05:06:03'),(128,'82sb23wf9fcz9f5len5u75','6d:cf:3a:01:34:26-39:d2:b2:07:73:9a-a2:18:80:8d:c7:1b',110,19,114,1,125,NULL,'2011-07-15','2015-07-15',NULL,NULL,118.00,0,0,1,0,1,1,NULL,NULL,NULL,NULL,NULL,'--- !ruby/hash:ActiveSupport::HashWithIndifferentAccess\nanschaffungskategorie: AV-Technik\nreference: invoice\numzug: zgeln\nankunftszustand: intakt\n','2015-07-15 05:06:03','2015-07-15 05:06:03'),(129,'9u0qsd8opjjaktcbtw9y76','2b:20:34:52:3c:f9-3d:8b:8b:72:d0:1f-3e:a5:89:aa:a3:b7',106,23,115,1,NULL,NULL,'2010-03-16','2015-07-15',NULL,NULL,435.00,0,0,1,0,1,1,NULL,NULL,NULL,NULL,NULL,'--- !ruby/hash:ActiveSupport::HashWithIndifferentAccess\nanschaffungskategorie: AV-Technik\nreference: invoice\numzug: zgeln\nankunftszustand: intakt\n','2015-07-15 05:06:03','2015-07-15 05:06:03'),(130,'7yn30qarzq3lwbbq3l6s77','68:6b:d1:b4:09:dd-50:f3:2d:2f:b6:69-46:ea:63:98:79:f3',112,23,116,1,129,NULL,'2014-03-03','2015-07-15',NULL,NULL,1159.00,0,0,1,0,1,1,NULL,NULL,NULL,NULL,NULL,'--- !ruby/hash:ActiveSupport::HashWithIndifferentAccess\nanschaffungskategorie: AV-Technik\nreference: invoice\numzug: zgeln\nankunftszustand: intakt\n','2015-07-15 05:06:03','2015-07-15 05:06:03'),(131,'d7kppittrf6l1tvsdnh478','85:83:15:3e:4a:82-4d:92:f2:fc:5d:5d-d3:8a:89:4d:92:13',113,23,117,1,129,NULL,'2014-10-04','2015-07-15',NULL,NULL,1488.00,0,0,1,0,1,1,NULL,NULL,NULL,NULL,NULL,'--- !ruby/hash:ActiveSupport::HashWithIndifferentAccess\nanschaffungskategorie: AV-Technik\nreference: invoice\numzug: zgeln\nankunftszustand: intakt\n','2015-07-15 05:06:03','2015-07-15 05:06:03'),(132,'hxngzz3u8t2x9lujzop079','73:26:c9:bc:21:7f-f2:fa:b3:2d:25:3d-27:31:f4:96:ea:8b',114,23,118,1,129,NULL,'2010-06-15','2015-07-15',NULL,NULL,368.00,0,0,1,0,1,1,NULL,NULL,NULL,NULL,NULL,'--- !ruby/hash:ActiveSupport::HashWithIndifferentAccess\nanschaffungskategorie: AV-Technik\nreference: invoice\numzug: zgeln\nankunftszustand: intakt\n','2015-07-15 05:06:03','2015-07-15 05:06:03'),(133,'1hcja30xuu2o21we1nl880','94:ef:0e:91:d6:68-62:51:ed:d6:c9:6c-71:c3:e6:a0:b5:d2',106,27,119,1,NULL,NULL,'2012-03-20','2015-07-15',NULL,NULL,1397.00,0,0,1,0,1,1,NULL,NULL,NULL,NULL,NULL,'--- !ruby/hash:ActiveSupport::HashWithIndifferentAccess\nanschaffungskategorie: AV-Technik\nreference: invoice\numzug: zgeln\nankunftszustand: intakt\n','2015-07-15 05:06:03','2015-07-15 05:06:03'),(134,'nukqc0yvqs0ayxnenziy81','00:94:d3:71:2a:09-fd:2b:0f:53:75:36-94:eb:bd:71:c8:a3',116,27,120,1,133,NULL,'2010-07-25','2015-07-15',NULL,NULL,625.00,0,0,1,0,1,1,NULL,NULL,NULL,NULL,NULL,'--- !ruby/hash:ActiveSupport::HashWithIndifferentAccess\nanschaffungskategorie: AV-Technik\nreference: invoice\numzug: zgeln\nankunftszustand: intakt\n','2015-07-15 05:06:03','2015-07-15 05:06:03'),(135,'xcp3yqs1xk6bnl9bwyaa82','b8:4f:2a:41:72:e8-22:bb:bb:2a:58:23-7f:65:f4:e6:8d:7b',117,27,121,1,133,NULL,'2013-01-29','2015-07-15',NULL,NULL,1407.00,0,0,1,0,1,1,NULL,NULL,NULL,NULL,NULL,'--- !ruby/hash:ActiveSupport::HashWithIndifferentAccess\nanschaffungskategorie: AV-Technik\nreference: invoice\numzug: zgeln\nankunftszustand: intakt\n','2015-07-15 05:06:03','2015-07-15 05:06:03'),(136,'2k4l7srz2kprla5wlvqa83','b5:1a:c9:2e:43:da-47:6a:0d:de:85:cb-e0:cd:2b:c2:cd:ec',118,27,122,1,133,NULL,'2012-05-19','2015-07-15',NULL,NULL,15.00,0,0,1,0,1,1,NULL,NULL,NULL,NULL,NULL,'--- !ruby/hash:ActiveSupport::HashWithIndifferentAccess\nanschaffungskategorie: AV-Technik\nreference: invoice\numzug: zgeln\nankunftszustand: intakt\n','2015-07-15 05:06:03','2015-07-15 05:06:03'),(137,'mui8aoqf1eb47op5m8kh84','0b:4c:f1:ee:b2:ad-13:c0:81:41:07:ce-a9:05:eb:84:5f:e8',119,31,123,4,NULL,NULL,'2010-08-18','2015-07-15',NULL,NULL,628.00,0,0,1,0,7,1,NULL,NULL,NULL,NULL,NULL,'--- !ruby/hash:ActiveSupport::HashWithIndifferentAccess\nanschaffungskategorie: AV-Technik\nreference: invoice\numzug: zgeln\nankunftszustand: intakt\n','2015-07-15 05:06:03','2015-07-15 05:06:03'),(138,'hiv3li91wfjyzpd2f8vb85','2b:3e:d7:b0:bb:e1-1f:b1:d8:fc:63:7a-60:cc:6d:da:60:3c',119,32,124,7,NULL,NULL,'2010-06-27','2015-07-15',NULL,NULL,475.00,0,0,1,0,7,1,NULL,NULL,NULL,NULL,NULL,'--- !ruby/hash:ActiveSupport::HashWithIndifferentAccess\nanschaffungskategorie: AV-Technik\nreference: invoice\numzug: zgeln\nankunftszustand: intakt\n','2015-07-15 05:06:03','2015-07-15 05:06:03'),(139,'09lqkk2yzkghhhu16tfv86','47:a4:22:de:8d:1d-6c:df:08:fb:03:9b-c9:2e:02:b7:47:4a',119,33,125,8,NULL,NULL,'2014-05-06','2015-07-15',NULL,NULL,1379.00,0,0,1,0,7,1,NULL,NULL,NULL,NULL,NULL,'--- !ruby/hash:ActiveSupport::HashWithIndifferentAccess\nanschaffungskategorie: AV-Technik\nreference: invoice\numzug: zgeln\nankunftszustand: intakt\n','2015-07-15 05:06:03','2015-07-15 05:06:03'),(140,'qnl28co5z7jlkj7ps1ev87','de:02:8e:fc:40:fc-e7:c6:53:13:82:e3-80:57:7e:d4:0b:e0',123,34,126,2,NULL,NULL,'2014-10-23','2015-07-15',NULL,NULL,168.00,0,0,1,0,7,1,NULL,NULL,NULL,NULL,NULL,'--- !ruby/hash:ActiveSupport::HashWithIndifferentAccess\nanschaffungskategorie: AV-Technik\nreference: invoice\numzug: zgeln\nankunftszustand: intakt\n','2015-07-15 05:06:03','2015-07-15 05:06:03'),(141,'40c8nm6phgmv9b9ssb9l88','8d:56:e3:fb:24:98-d6:fa:e2:f8:44:08-d6:d4:7e:cb:dd:73',123,35,127,9,NULL,NULL,'2014-12-25','2015-07-15',NULL,NULL,547.00,0,0,1,0,7,1,NULL,NULL,NULL,NULL,NULL,'--- !ruby/hash:ActiveSupport::HashWithIndifferentAccess\nanschaffungskategorie: AV-Technik\nreference: invoice\numzug: zgeln\nankunftszustand: intakt\n','2015-07-15 05:06:03','2015-07-15 05:06:03'),(142,'fugcc1hkdevdi4mark3f89','50:a5:98:ff:11:96-79:e8:67:91:9a:49-ea:95:d1:a3:36:f3',123,36,128,5,NULL,NULL,'2010-03-30','2015-07-15',NULL,NULL,70.00,0,0,1,0,7,1,NULL,NULL,NULL,NULL,NULL,'--- !ruby/hash:ActiveSupport::HashWithIndifferentAccess\nanschaffungskategorie: AV-Technik\nreference: invoice\numzug: zgeln\nankunftszustand: intakt\n','2015-07-15 05:06:03','2015-07-15 05:06:03'),(143,'95xk9bzbn0y9aod3m7m790','9b:28:b1:a1:19:81-27:9e:8f:21:87:57-b1:42:5a:b3:5a:30',127,37,129,1,NULL,NULL,'2010-12-10','2015-07-15',NULL,NULL,1140.00,0,0,1,0,7,1,NULL,NULL,NULL,NULL,NULL,'--- !ruby/hash:ActiveSupport::HashWithIndifferentAccess\nanschaffungskategorie: AV-Technik\nreference: invoice\numzug: zgeln\nankunftszustand: intakt\n','2015-07-15 05:06:03','2015-07-15 05:06:03'),(144,'fi0hs2wn565ntbfswr5s91','3f:3f:fc:99:c9:02-89:c1:ec:92:2f:59-7e:34:bf:6b:e6:ba',127,38,130,1,NULL,NULL,'2010-04-28','2015-07-15',NULL,NULL,568.00,0,0,1,0,7,1,NULL,NULL,NULL,NULL,NULL,'--- !ruby/hash:ActiveSupport::HashWithIndifferentAccess\nanschaffungskategorie: AV-Technik\nreference: invoice\numzug: zgeln\nankunftszustand: intakt\n','2015-07-15 05:06:03','2015-07-15 05:06:03'),(145,'spoibiw6uur8h6dfcalw92','5a:bc:df:d3:c6:2a-71:33:85:3d:23:7d-6e:02:3a:1f:96:ad',127,39,131,4,NULL,NULL,'2010-10-25','2015-07-15',NULL,NULL,91.00,0,0,1,0,7,1,NULL,NULL,NULL,NULL,NULL,'--- !ruby/hash:ActiveSupport::HashWithIndifferentAccess\nanschaffungskategorie: AV-Technik\nreference: invoice\numzug: zgeln\nankunftszustand: intakt\n','2015-07-15 05:06:03','2015-07-15 05:06:03'),(146,'ybukyftm3y4uyfnyu3yw93','6a:da:d7:8a:8f:11-6d:8f:12:ca:8c:ba-fe:45:4e:e7:48:3a',131,40,132,1,NULL,NULL,'2012-04-29','2015-07-15',NULL,NULL,1444.00,0,0,1,0,7,1,NULL,NULL,NULL,NULL,NULL,'--- !ruby/hash:ActiveSupport::HashWithIndifferentAccess\nanschaffungskategorie: AV-Technik\nreference: invoice\numzug: zgeln\nankunftszustand: intakt\n','2015-07-15 05:06:03','2015-07-15 05:06:03'),(147,'jyi0azdulukmz9pl4b9o94','c0:36:32:5d:ea:df-03:4a:9e:88:2e:a5-49:2a:8a:f1:b3:a4',131,41,133,6,NULL,NULL,'2014-04-21','2015-07-15',NULL,NULL,141.00,0,0,1,0,7,1,NULL,NULL,NULL,NULL,NULL,'--- !ruby/hash:ActiveSupport::HashWithIndifferentAccess\nanschaffungskategorie: AV-Technik\nreference: invoice\numzug: zgeln\nankunftszustand: intakt\n','2015-07-15 05:06:03','2015-07-15 05:06:03'),(148,'dn95efz2ffac0y6rp3c995','c2:e3:4a:1a:cd:34-e3:02:e6:87:23:bb-14:83:bd:fa:d0:49',131,42,134,8,NULL,NULL,'2012-05-03','2015-07-15',NULL,NULL,87.00,0,0,1,0,7,1,NULL,NULL,NULL,NULL,NULL,'--- !ruby/hash:ActiveSupport::HashWithIndifferentAccess\nanschaffungskategorie: AV-Technik\nreference: invoice\numzug: zgeln\nankunftszustand: intakt\n','2015-07-15 05:06:03','2015-07-15 05:06:03'),(149,'gnkpa00c1jrfu9bmgycv96','38:58:9c:79:38:38-45:57:44:16:d7:e8-1d:3c:2b:5c:f8:f1',135,43,135,7,NULL,NULL,'2010-07-26','2015-07-15',NULL,NULL,315.00,0,0,1,0,7,1,NULL,NULL,NULL,NULL,NULL,'--- !ruby/hash:ActiveSupport::HashWithIndifferentAccess\nanschaffungskategorie: AV-Technik\nreference: invoice\numzug: zgeln\nankunftszustand: intakt\n','2015-07-15 05:06:03','2015-07-15 05:06:03'),(150,'k1emwfjef2sgj04aj97897','fd:4c:51:eb:e0:d6-58:e3:d1:7a:f3:e9-d2:49:43:7a:41:4a',135,44,136,5,NULL,NULL,'2010-01-21','2015-07-15',NULL,NULL,915.00,0,0,1,0,7,1,NULL,NULL,NULL,NULL,NULL,'--- !ruby/hash:ActiveSupport::HashWithIndifferentAccess\nanschaffungskategorie: AV-Technik\nreference: invoice\numzug: zgeln\nankunftszustand: intakt\n','2015-07-15 05:06:03','2015-07-15 05:06:03'),(151,'7zfd86cotqg4k2jh0qse98','08:e0:c1:6e:ab:c0-5e:e4:ed:4a:d4:24-1f:a1:8c:9f:6a:35',135,45,137,7,NULL,NULL,'2014-03-09','2015-07-15',NULL,NULL,765.00,0,0,1,0,7,1,NULL,NULL,NULL,NULL,NULL,'--- !ruby/hash:ActiveSupport::HashWithIndifferentAccess\nanschaffungskategorie: AV-Technik\nreference: invoice\numzug: zgeln\nankunftszustand: intakt\n','2015-07-15 05:06:03','2015-07-15 05:06:03'),(152,'m2rravox13qgw90d3c8k99','2a:a5:b8:9a:d3:9f-1c:71:63:8b:d0:3a-50:42:e4:1a:dd:ec',139,46,138,7,NULL,NULL,'2013-05-28','2015-07-15',NULL,NULL,1162.00,0,0,1,0,2,1,NULL,NULL,NULL,NULL,NULL,'--- !ruby/hash:ActiveSupport::HashWithIndifferentAccess\nanschaffungskategorie: AV-Technik\nreference: invoice\numzug: zgeln\nankunftszustand: intakt\n','2015-07-15 05:06:03','2015-07-15 05:06:03'),(153,'r4zk6ipjhx3m7iln58jk100','c2:77:28:1a:12:ae-1d:a5:f6:11:de:b0-de:0f:0f:c6:b7:77',139,47,139,10,NULL,NULL,'2010-03-02','2015-07-15',NULL,NULL,1303.00,0,0,1,0,2,1,NULL,NULL,NULL,NULL,NULL,'--- !ruby/hash:ActiveSupport::HashWithIndifferentAccess\nanschaffungskategorie: AV-Technik\nreference: invoice\numzug: zgeln\nankunftszustand: intakt\n','2015-07-15 05:06:03','2015-07-15 05:06:03'),(154,'mu4vg8c6eiqezjqzf3vs101','b3:76:aa:03:d2:f2-84:93:8b:fb:ae:6c-77:54:b1:d1:d6:d4',139,48,140,2,NULL,NULL,'2010-06-17','2015-07-15',NULL,NULL,56.00,0,0,1,0,2,1,NULL,NULL,NULL,NULL,NULL,'--- !ruby/hash:ActiveSupport::HashWithIndifferentAccess\nanschaffungskategorie: AV-Technik\nreference: invoice\numzug: zgeln\nankunftszustand: intakt\n','2015-07-15 05:06:03','2015-07-15 05:06:03'),(155,'s3ma8z4na7fz6nwqaw34102','61:18:18:3a:21:28-86:62:93:77:05:b8-89:dd:48:dc:a7:a8',143,49,141,7,NULL,NULL,'2010-12-09','2015-07-15',NULL,NULL,1396.00,0,0,1,0,2,1,NULL,NULL,NULL,NULL,NULL,'--- !ruby/hash:ActiveSupport::HashWithIndifferentAccess\nanschaffungskategorie: AV-Technik\nreference: invoice\numzug: zgeln\nankunftszustand: intakt\n','2015-07-15 05:06:03','2015-07-15 05:06:03'),(156,'k6ilmqzbjd59d6cjjzgz103','31:42:d0:f7:f1:60-28:8c:4b:ee:2f:49-57:bf:79:0f:78:6f',143,50,142,9,NULL,NULL,'2011-03-01','2015-07-15',NULL,NULL,655.00,0,0,1,0,2,1,NULL,NULL,NULL,NULL,NULL,'--- !ruby/hash:ActiveSupport::HashWithIndifferentAccess\nanschaffungskategorie: AV-Technik\nreference: invoice\numzug: zgeln\nankunftszustand: intakt\n','2015-07-15 05:06:03','2015-07-15 05:06:03'),(157,'v3hlwyjzz9aoemils8fn104','0f:4c:e2:10:38:ad-14:8d:3d:8f:b5:30-4a:be:5f:be:a8:26',143,51,143,11,NULL,NULL,'2011-07-14','2015-07-15',NULL,NULL,725.00,0,0,1,0,2,1,NULL,NULL,NULL,NULL,NULL,'--- !ruby/hash:ActiveSupport::HashWithIndifferentAccess\nanschaffungskategorie: AV-Technik\nreference: invoice\numzug: zgeln\nankunftszustand: intakt\n','2015-07-15 05:06:03','2015-07-15 05:06:03'),(158,'4vct3knljn334dt5izlr105','d7:cc:10:a9:3f:d6-0e:8e:ed:3e:89:bb-d3:85:e5:10:b7:ca',147,52,144,10,NULL,NULL,'2014-11-20','2015-07-15',NULL,NULL,1393.00,0,0,1,0,2,1,NULL,NULL,NULL,NULL,NULL,'--- !ruby/hash:ActiveSupport::HashWithIndifferentAccess\nanschaffungskategorie: AV-Technik\nreference: invoice\numzug: zgeln\nankunftszustand: intakt\n','2015-07-15 05:06:03','2015-07-15 05:06:03'),(159,'ha46b29sgqwwugfnqhhg106','d6:8f:50:25:93:af-36:70:21:56:57:6e-0f:e5:85:9e:15:36',147,53,145,9,NULL,NULL,'2014-09-24','2015-07-15',NULL,NULL,31.00,0,0,1,0,2,1,NULL,NULL,NULL,NULL,NULL,'--- !ruby/hash:ActiveSupport::HashWithIndifferentAccess\nanschaffungskategorie: AV-Technik\nreference: invoice\numzug: zgeln\nankunftszustand: intakt\n','2015-07-15 05:06:03','2015-07-15 05:06:03'),(160,'fsyp40hvruyso8zdy2ke107','52:1c:e7:60:5d:79-89:06:8d:18:a1:99-4c:4f:7b:08:61:16',147,54,146,5,NULL,NULL,'2012-04-28','2015-07-15',NULL,NULL,1374.00,0,0,1,0,2,1,NULL,NULL,NULL,NULL,NULL,'--- !ruby/hash:ActiveSupport::HashWithIndifferentAccess\nanschaffungskategorie: AV-Technik\nreference: invoice\numzug: zgeln\nankunftszustand: intakt\n','2015-07-15 05:06:03','2015-07-15 05:06:03'),(161,'i56lzn0y47gw24u8wstg108','3d:04:c6:23:7c:14-01:59:c7:9a:ab:02-48:14:b3:24:ff:62',151,55,147,10,NULL,NULL,'2011-11-13','2015-07-15',NULL,NULL,62.00,0,0,1,0,2,1,NULL,NULL,NULL,NULL,NULL,'--- !ruby/hash:ActiveSupport::HashWithIndifferentAccess\nanschaffungskategorie: AV-Technik\nreference: invoice\numzug: zgeln\nankunftszustand: intakt\n','2015-07-15 05:06:03','2015-07-15 05:06:03'),(162,'7rb3x44rzzenaat65lso109','e8:38:42:ee:81:cb-90:82:8f:b4:04:61-ef:ca:00:24:3f:8c',151,56,148,5,NULL,NULL,'2013-02-09','2015-07-15',NULL,NULL,209.00,0,0,1,0,2,1,NULL,NULL,NULL,NULL,NULL,'--- !ruby/hash:ActiveSupport::HashWithIndifferentAccess\nanschaffungskategorie: AV-Technik\nreference: invoice\numzug: zgeln\nankunftszustand: intakt\n','2015-07-15 05:06:03','2015-07-15 05:06:03'),(163,'fgoyd9a6mjufz1gfw81b110','48:36:c2:93:de:69-70:2b:53:e7:0f:04-19:03:84:a8:ee:95',151,57,149,1,NULL,NULL,'2012-12-02','2015-07-15',NULL,NULL,875.00,0,0,1,0,2,1,NULL,NULL,NULL,NULL,NULL,'--- !ruby/hash:ActiveSupport::HashWithIndifferentAccess\nanschaffungskategorie: AV-Technik\nreference: invoice\numzug: zgeln\nankunftszustand: intakt\n','2015-07-15 05:06:03','2015-07-15 05:06:03'),(164,'zn3p9losj19t4yuyslln111','27:48:1a:7a:fd:3a-0a:85:97:ce:78:af-93:c6:ab:b2:9c:88',155,58,150,9,NULL,NULL,'2010-10-11','2015-07-15',NULL,NULL,882.00,0,0,1,0,2,1,NULL,NULL,NULL,NULL,NULL,'--- !ruby/hash:ActiveSupport::HashWithIndifferentAccess\nanschaffungskategorie: AV-Technik\nreference: invoice\numzug: zgeln\nankunftszustand: intakt\n','2015-07-15 05:06:03','2015-07-15 05:06:03'),(165,'54gbubr74auruwj7a71v112','32:2e:60:84:01:e1-9c:c5:ce:45:83:bc-e4:c3:a7:61:6e:fc',155,59,151,10,NULL,NULL,'2010-08-23','2015-07-15',NULL,NULL,947.00,0,0,1,0,2,1,NULL,NULL,NULL,NULL,NULL,'--- !ruby/hash:ActiveSupport::HashWithIndifferentAccess\nanschaffungskategorie: AV-Technik\nreference: invoice\numzug: zgeln\nankunftszustand: intakt\n','2015-07-15 05:06:03','2015-07-15 05:06:03'),(166,'ywqysnlrhlfqyj0pagnf113','f5:2f:80:8b:1e:a2-64:e3:c7:6d:4e:87-0c:82:92:31:cc:1e',155,60,152,6,NULL,NULL,'2013-07-19','2015-07-15',NULL,NULL,768.00,0,0,1,0,2,1,NULL,NULL,NULL,NULL,NULL,'--- !ruby/hash:ActiveSupport::HashWithIndifferentAccess\nanschaffungskategorie: AV-Technik\nreference: invoice\numzug: zgeln\nankunftszustand: intakt\n','2015-07-15 05:06:03','2015-07-15 05:06:03'),(167,'4ao8hyf15b0mw3lj7q2h114','31:2f:15:64:04:49-64:a8:10:d1:e9:d0-7d:40:bd:ae:67:79',159,61,153,3,NULL,NULL,'2013-05-18','2015-07-15',NULL,NULL,1384.00,0,0,1,0,3,1,NULL,NULL,NULL,NULL,NULL,'--- !ruby/hash:ActiveSupport::HashWithIndifferentAccess\nanschaffungskategorie: AV-Technik\nreference: invoice\numzug: zgeln\nankunftszustand: intakt\n','2015-07-15 05:06:03','2015-07-15 05:06:03'),(168,'dzckn1eq6xjfijvagn1n115','c7:91:b9:26:f9:f4-2a:26:e4:fe:1d:ab-b2:0d:78:59:b0:3c',159,62,154,9,NULL,NULL,'2011-08-05','2015-07-15',NULL,NULL,477.00,0,0,1,0,3,1,NULL,NULL,NULL,NULL,NULL,'--- !ruby/hash:ActiveSupport::HashWithIndifferentAccess\nanschaffungskategorie: AV-Technik\nreference: invoice\numzug: zgeln\nankunftszustand: intakt\n','2015-07-15 05:06:03','2015-07-15 05:06:03'),(169,'z124verohxrwegge71e6116','98:02:29:e7:24:ce-4a:82:fd:f1:0e:44-a5:15:4b:1b:b7:44',159,63,155,9,NULL,NULL,'2013-10-08','2015-07-15',NULL,NULL,1462.00,0,0,1,0,3,1,NULL,NULL,NULL,NULL,NULL,'--- !ruby/hash:ActiveSupport::HashWithIndifferentAccess\nanschaffungskategorie: AV-Technik\nreference: invoice\numzug: zgeln\nankunftszustand: intakt\n','2015-07-15 05:06:03','2015-07-15 05:06:03'),(170,'l31t3s3vzyg23d0pqdaq117','b5:f8:0a:1a:f2:34-6c:f6:2e:dc:75:58-b2:cc:79:44:c6:0d',163,64,156,2,NULL,NULL,'2011-01-26','2015-07-15',NULL,NULL,548.00,0,0,1,0,3,1,NULL,NULL,NULL,NULL,NULL,'--- !ruby/hash:ActiveSupport::HashWithIndifferentAccess\nanschaffungskategorie: AV-Technik\nreference: invoice\numzug: zgeln\nankunftszustand: intakt\n','2015-07-15 05:06:03','2015-07-15 05:06:03'),(171,'fs2r2xiznliga39u6j7h118','ac:cc:f2:37:90:b2-2f:e6:26:8e:c1:90-b1:31:47:57:2f:5f',163,65,157,3,NULL,NULL,'2011-10-26','2015-07-15',NULL,NULL,72.00,0,0,1,0,3,1,NULL,NULL,NULL,NULL,NULL,'--- !ruby/hash:ActiveSupport::HashWithIndifferentAccess\nanschaffungskategorie: AV-Technik\nreference: invoice\numzug: zgeln\nankunftszustand: intakt\n','2015-07-15 05:06:03','2015-07-15 05:06:03'),(172,'29ercvg6x8645aoryr4h119','ee:b0:61:43:05:fe-d3:a3:ac:c0:33:24-66:aa:b3:d1:fb:40',163,66,158,5,NULL,NULL,'2014-08-24','2015-07-15',NULL,NULL,512.00,0,0,1,0,3,1,NULL,NULL,NULL,NULL,NULL,'--- !ruby/hash:ActiveSupport::HashWithIndifferentAccess\nanschaffungskategorie: AV-Technik\nreference: invoice\numzug: zgeln\nankunftszustand: intakt\n','2015-07-15 05:06:03','2015-07-15 05:06:03'),(173,'tv8i7cmrbckdctneyfd3120','49:59:a5:28:23:00-5d:11:af:6f:44:54-01:19:6e:14:bb:9f',167,67,159,5,NULL,NULL,'2011-03-26','2015-07-13',NULL,NULL,782.00,0,0,1,0,1,1,NULL,NULL,NULL,NULL,NULL,'--- !ruby/hash:ActiveSupport::HashWithIndifferentAccess\nanschaffungskategorie: AV-Technik\nreference: invoice\numzug: zgeln\nankunftszustand: intakt\n','2015-07-13 05:06:03','2015-07-13 05:06:03'),(174,'w6kezr6idgxmow6vovnz121','98:71:a3:5b:ef:fa-53:3c:52:37:62:87-15:ef:56:6a:35:be',168,68,160,6,NULL,NULL,'2010-12-09','2015-07-13',NULL,NULL,460.00,0,0,1,0,1,1,NULL,NULL,NULL,NULL,NULL,'--- !ruby/hash:ActiveSupport::HashWithIndifferentAccess\nanschaffungskategorie: AV-Technik\nreference: invoice\numzug: zgeln\nankunftszustand: intakt\n','2015-07-13 05:06:03','2015-07-13 05:06:03'),(175,'glst4rf45relwy5ffxeg122','54:f2:62:0c:0c:08-56:45:53:a0:0b:52-9f:ac:c8:c8:40:75',169,69,161,9,NULL,NULL,'2013-01-22','2015-07-13',NULL,NULL,553.00,0,0,1,0,1,1,NULL,NULL,NULL,NULL,NULL,'--- !ruby/hash:ActiveSupport::HashWithIndifferentAccess\nanschaffungskategorie: AV-Technik\nreference: invoice\numzug: zgeln\nankunftszustand: intakt\n','2015-07-13 05:06:03','2015-07-13 05:06:03'),(176,'2haw547c3bnlm153o721123','cc:c9:65:48:22:d6-5b:a2:5c:9b:f3:75-fd:c0:df:40:c7:4d',170,70,162,5,NULL,NULL,'2014-04-12','2015-07-13',NULL,NULL,1085.00,0,0,1,0,1,1,NULL,NULL,NULL,NULL,NULL,'--- !ruby/hash:ActiveSupport::HashWithIndifferentAccess\nanschaffungskategorie: AV-Technik\nreference: invoice\numzug: zgeln\nankunftszustand: intakt\n','2015-07-13 05:06:03','2015-07-13 05:06:03'),(177,'502d4g929xfc72uemk8m124','02:a3:27:2c:ff:e0-57:99:84:cd:05:c4-92:03:f2:ea:75:8a',171,71,163,7,NULL,NULL,'2010-11-04','2015-07-15',NULL,NULL,646.00,0,0,1,0,1,1,NULL,NULL,NULL,NULL,NULL,'--- !ruby/hash:ActiveSupport::HashWithIndifferentAccess\nanschaffungskategorie: AV-Technik\nreference: invoice\numzug: zgeln\nankunftszustand: intakt\n','2015-07-15 05:06:03','2015-07-15 05:06:03'),(178,'z547rp4670p3vy1tspxm125','0a:5e:80:92:37:56-b9:5e:ae:86:9c:77-c9:f1:34:0b:27:b8',172,72,164,5,NULL,NULL,'2013-03-26','2015-07-15',NULL,NULL,661.00,0,0,1,0,1,1,NULL,NULL,NULL,NULL,NULL,'--- !ruby/hash:ActiveSupport::HashWithIndifferentAccess\nanschaffungskategorie: AV-Technik\nreference: invoice\numzug: zgeln\nankunftszustand: intakt\n','2015-07-15 05:06:03','2015-07-15 05:06:03'),(179,'v7ov730g2m7j7g1m3bjz126','e1:37:88:90:17:30-f0:6c:af:0a:c5:d4-a6:09:94:35:b5:f4',173,73,165,11,NULL,NULL,'2010-07-10','2015-07-15',NULL,NULL,1145.00,0,0,1,0,1,1,NULL,NULL,NULL,NULL,NULL,'--- !ruby/hash:ActiveSupport::HashWithIndifferentAccess\nanschaffungskategorie: AV-Technik\nreference: invoice\numzug: zgeln\nankunftszustand: intakt\n','2015-07-15 05:06:03','2015-07-15 05:06:03'),(180,'2wlq7wca0zqv23vz5o9s127','b4:8a:3b:5f:32:ee-37:d6:23:de:4a:55-b0:ed:8c:fe:46:86',174,74,166,3,NULL,NULL,'2010-04-28','2015-07-15',NULL,NULL,1248.00,0,0,1,0,1,1,NULL,NULL,NULL,NULL,NULL,'--- !ruby/hash:ActiveSupport::HashWithIndifferentAccess\nanschaffungskategorie: AV-Technik\nreference: invoice\numzug: zgeln\nankunftszustand: intakt\n','2015-07-15 05:06:03','2015-07-15 05:06:03'),(181,'qz2ae2mc7wba4215hm3v128','2c:63:b1:66:87:17-33:da:24:9c:ee:47-48:95:fd:93:99:97',175,75,167,9,NULL,NULL,'2011-09-20','2015-07-15',NULL,NULL,89.00,0,0,1,0,1,1,NULL,NULL,NULL,NULL,NULL,'--- !ruby/hash:ActiveSupport::HashWithIndifferentAccess\nanschaffungskategorie: AV-Technik\nreference: invoice\numzug: zgeln\nankunftszustand: intakt\n','2015-07-15 05:06:03','2015-07-15 05:06:03'),(182,'salv4pybkuv76ccvnstl129','39:e6:5e:54:99:5a-03:8e:d6:0b:19:13-2f:5c:5e:69:6c:5e',176,76,168,11,NULL,NULL,'2014-06-26','2015-07-15',NULL,NULL,124.00,0,0,1,0,1,1,NULL,NULL,NULL,NULL,NULL,'--- !ruby/hash:ActiveSupport::HashWithIndifferentAccess\nanschaffungskategorie: AV-Technik\nreference: invoice\numzug: zgeln\nankunftszustand: intakt\n','2015-07-15 05:06:03','2015-07-15 05:06:03'),(183,'318ldzlzsbf4rqvbm9di130','5b:e4:b7:08:42:da-c2:01:ac:0a:a2:75-b9:e8:be:34:fc:0c',177,77,169,4,NULL,NULL,'2011-10-31','2015-07-15',NULL,NULL,379.00,0,0,1,0,1,1,NULL,NULL,NULL,NULL,NULL,'--- !ruby/hash:ActiveSupport::HashWithIndifferentAccess\nanschaffungskategorie: AV-Technik\nreference: invoice\numzug: zgeln\nankunftszustand: intakt\n','2015-07-15 05:06:03','2015-07-15 05:06:03'),(184,'t9daljn5z4xegior7fn4131','95:6c:c1:07:43:91-79:0b:2c:c9:d3:be-20:09:a3:92:25:bb',178,78,170,5,NULL,NULL,'2014-09-23','2015-07-15',NULL,NULL,1467.00,0,0,1,0,1,1,NULL,NULL,NULL,NULL,NULL,'--- !ruby/hash:ActiveSupport::HashWithIndifferentAccess\nanschaffungskategorie: AV-Technik\nreference: invoice\numzug: zgeln\nankunftszustand: intakt\n','2015-07-15 05:06:03','2015-07-15 05:06:03'),(185,'ewt443qt9bakjj60yuol132','f6:e6:fa:dc:08:c1-e3:b2:6d:b0:cf:54-c7:53:90:de:82:c0',179,79,171,10,NULL,NULL,'2012-11-07','2015-07-15',NULL,NULL,901.00,0,0,1,0,1,1,NULL,NULL,NULL,NULL,NULL,'--- !ruby/hash:ActiveSupport::HashWithIndifferentAccess\nanschaffungskategorie: AV-Technik\nreference: invoice\numzug: zgeln\nankunftszustand: intakt\n','2015-07-15 05:06:03','2015-07-15 05:06:03'),(186,'fkiwrtarplbujnnm87wr133','3d:e7:80:ca:0b:60-88:26:1f:d1:13:ef-a9:62:7b:32:c8:83',180,80,172,4,NULL,NULL,'2012-12-05','2015-07-15',NULL,NULL,1061.00,0,0,1,0,1,1,NULL,NULL,NULL,NULL,NULL,'--- !ruby/hash:ActiveSupport::HashWithIndifferentAccess\nanschaffungskategorie: AV-Technik\nreference: invoice\numzug: zgeln\nankunftszustand: intakt\n','2015-07-15 05:06:03','2015-07-15 05:06:03'),(187,'8fxazyuul1xdoyxcc9t8134','e6:eb:2d:a1:a3:1f-af:89:0f:4c:5d:d6-ba:5a:96:6b:86:8a',181,81,173,8,NULL,NULL,'2010-02-03','2015-07-15',NULL,NULL,161.00,0,0,1,0,1,1,NULL,NULL,NULL,NULL,NULL,'--- !ruby/hash:ActiveSupport::HashWithIndifferentAccess\nanschaffungskategorie: AV-Technik\nreference: invoice\numzug: zgeln\nankunftszustand: intakt\n','2015-07-15 05:06:03','2015-07-15 05:06:03'),(188,'2f5h9e04wtqqzu36guyu135','15:a0:ec:e1:e3:ba-72:08:22:1b:71:e9-bd:32:00:b0:9c:85',182,82,174,5,NULL,NULL,'2010-05-23','2015-07-15',NULL,NULL,909.00,0,0,1,0,1,1,NULL,NULL,NULL,NULL,NULL,'--- !ruby/hash:ActiveSupport::HashWithIndifferentAccess\nanschaffungskategorie: AV-Technik\nreference: invoice\numzug: zgeln\nankunftszustand: intakt\n','2015-07-15 05:06:03','2015-07-15 05:06:03'),(189,'kqrf4g11bztzbvx4sfdq136','6f:c4:f7:77:80:e2-d5:93:75:e4:92:4b-11:09:b8:7d:6e:a8',183,83,175,7,NULL,NULL,'2010-06-20','2015-07-15',NULL,NULL,331.00,0,0,1,0,1,1,NULL,NULL,NULL,NULL,NULL,'--- !ruby/hash:ActiveSupport::HashWithIndifferentAccess\nanschaffungskategorie: AV-Technik\nreference: invoice\numzug: zgeln\nankunftszustand: intakt\n','2015-07-15 05:06:03','2015-07-15 05:06:03'),(190,'5iy2yc9a7ll6lzt4bl8y137','7d:eb:55:a2:50:31-dd:65:18:de:b5:2a-1f:91:3c:0d:84:b0',184,84,176,5,NULL,NULL,'2014-12-26','2015-07-15',NULL,NULL,321.00,0,0,1,0,1,1,NULL,NULL,NULL,NULL,NULL,'--- !ruby/hash:ActiveSupport::HashWithIndifferentAccess\nanschaffungskategorie: AV-Technik\nreference: invoice\numzug: zgeln\nankunftszustand: intakt\n','2015-07-15 05:06:03','2015-07-15 05:06:03'),(191,'8t5r0ou6bkhiezcy760v138','7f:ce:91:96:31:77-c6:87:bc:75:1a:78-54:0f:df:48:8c:10',185,85,177,4,NULL,NULL,'2013-04-08','2015-07-15',NULL,NULL,369.00,0,0,1,0,1,1,NULL,NULL,NULL,NULL,NULL,'--- !ruby/hash:ActiveSupport::HashWithIndifferentAccess\nanschaffungskategorie: AV-Technik\nreference: invoice\numzug: zgeln\nankunftszustand: intakt\n','2015-07-15 05:06:03','2015-07-15 05:06:03'),(192,'m288yv0mhoz5wtw2m7hs139','a0:56:57:f3:75:33-bb:34:b7:88:c4:31-f9:80:64:b4:55:02',186,86,178,2,NULL,NULL,'2013-03-23','2015-07-15',NULL,NULL,718.00,0,0,1,0,1,1,NULL,NULL,NULL,NULL,NULL,'--- !ruby/hash:ActiveSupport::HashWithIndifferentAccess\nanschaffungskategorie: AV-Technik\nreference: invoice\numzug: zgeln\nankunftszustand: intakt\n','2015-07-15 05:06:03','2015-07-15 05:06:03'),(193,'4vix4r713cspu1ro4vtr140','f0:7a:7b:50:33:0e-72:1e:f7:bf:30:16-e9:67:1c:73:5c:05',187,87,179,9,NULL,NULL,'2010-11-07','2015-07-15',NULL,NULL,401.00,0,0,1,0,1,1,NULL,NULL,NULL,NULL,NULL,'--- !ruby/hash:ActiveSupport::HashWithIndifferentAccess\nanschaffungskategorie: AV-Technik\nreference: invoice\numzug: zgeln\nankunftszustand: intakt\n','2015-07-15 05:06:03','2015-07-15 05:06:03'),(194,'pnungdpamoe7l665lp8g141','5e:ea:19:85:17:5f-87:69:95:72:92:0f-4b:6f:ec:b1:8c:31',188,88,180,5,NULL,NULL,'2011-09-27','2015-07-08',NULL,NULL,1142.00,0,0,1,0,1,1,NULL,NULL,NULL,NULL,NULL,'--- !ruby/hash:ActiveSupport::HashWithIndifferentAccess\nanschaffungskategorie: AV-Technik\nreference: invoice\numzug: zgeln\nankunftszustand: intakt\n','2015-07-08 05:06:03','2015-07-08 05:06:03'),(195,'maphbg1r7v0p644f3gwd142','1c:ea:38:3f:ed:d1-d7:71:b1:7e:1e:81-3e:59:e2:0b:11:ea',189,89,181,7,NULL,NULL,'2011-11-20','2015-07-08',NULL,NULL,185.00,0,0,1,0,1,1,NULL,NULL,NULL,NULL,NULL,'--- !ruby/hash:ActiveSupport::HashWithIndifferentAccess\nanschaffungskategorie: AV-Technik\nreference: invoice\numzug: zgeln\nankunftszustand: intakt\n','2015-07-08 05:06:03','2015-07-08 05:06:03'),(196,'xf9k43etftnzzh8mohei143','7f:9f:0e:e1:4e:8a-df:8a:ec:3d:de:59-3c:59:b2:f9:43:23',190,90,182,6,NULL,NULL,'2014-01-03','2015-07-08',NULL,NULL,11.00,0,0,1,0,1,1,NULL,NULL,NULL,NULL,NULL,'--- !ruby/hash:ActiveSupport::HashWithIndifferentAccess\nanschaffungskategorie: AV-Technik\nreference: invoice\numzug: zgeln\nankunftszustand: intakt\n','2015-07-08 05:06:03','2015-07-08 05:06:03'),(197,'nqph6owfrwkawkmvhrek144','9e:9c:7c:18:74:d2-94:b3:b9:ca:98:03-78:5f:4b:25:72:be',191,91,183,4,NULL,NULL,'2013-07-22','2015-07-08',NULL,NULL,352.00,0,0,1,0,1,1,NULL,NULL,NULL,NULL,NULL,'--- !ruby/hash:ActiveSupport::HashWithIndifferentAccess\nanschaffungskategorie: AV-Technik\nreference: invoice\numzug: zgeln\nankunftszustand: intakt\n','2015-07-08 05:06:03','2015-07-08 05:06:03'),(198,'ir922rxcc3zvpss6ctrm145','0c:67:9f:52:3c:58-71:93:30:63:a5:90-7b:a7:f0:78:98:89',192,92,184,2,NULL,NULL,'2014-10-22','2015-07-08',NULL,NULL,411.00,0,0,1,0,1,1,NULL,NULL,NULL,NULL,NULL,'--- !ruby/hash:ActiveSupport::HashWithIndifferentAccess\nanschaffungskategorie: AV-Technik\nreference: invoice\numzug: zgeln\nankunftszustand: intakt\n','2015-07-08 05:06:03','2015-07-08 05:06:03'),(199,'qtsulkmq4p0bkr1xy6rq146','0a:3e:1f:14:d8:a6-e2:5b:e6:14:5a:28-e8:e3:a4:a1:00:53',193,93,185,5,NULL,NULL,'2011-11-25','2015-07-11',NULL,NULL,643.00,0,0,1,0,1,1,NULL,NULL,NULL,NULL,NULL,'--- !ruby/hash:ActiveSupport::HashWithIndifferentAccess\nanschaffungskategorie: AV-Technik\nreference: invoice\numzug: zgeln\nankunftszustand: intakt\n','2015-07-11 05:06:03','2015-07-11 05:06:03'),(200,'mvfbo4yz6ie4qrajv8sp147','42:28:53:74:ba:8f-22:e9:64:b1:95:37-dd:8c:12:45:3f:5d',194,94,186,4,NULL,NULL,'2010-07-18','2015-07-11',NULL,NULL,1250.00,0,0,1,0,1,1,NULL,NULL,NULL,NULL,NULL,'--- !ruby/hash:ActiveSupport::HashWithIndifferentAccess\nanschaffungskategorie: AV-Technik\nreference: invoice\numzug: zgeln\nankunftszustand: intakt\n','2015-07-11 05:06:03','2015-07-11 05:06:03'),(201,'rjg8oo007s3pjtusxe4p148','34:30:5a:2b:b9:8f-7d:0f:a6:bd:51:16-52:78:13:4b:b0:e2',195,95,187,3,NULL,NULL,'2011-12-22','2015-07-11',NULL,NULL,999.00,0,0,1,0,1,1,NULL,NULL,NULL,NULL,NULL,'--- !ruby/hash:ActiveSupport::HashWithIndifferentAccess\nanschaffungskategorie: AV-Technik\nreference: invoice\numzug: zgeln\nankunftszustand: intakt\n','2015-07-11 05:06:03','2015-07-11 05:06:03'),(202,'61yow3l1ea75cs6ny25t149','77:c0:9e:50:1b:17-fd:69:88:08:bd:b1-96:96:80:96:de:7c',196,96,188,5,NULL,NULL,'2010-02-26','2015-07-11',NULL,NULL,647.00,0,0,1,0,1,1,NULL,NULL,NULL,NULL,NULL,'--- !ruby/hash:ActiveSupport::HashWithIndifferentAccess\nanschaffungskategorie: AV-Technik\nreference: invoice\numzug: zgeln\nankunftszustand: intakt\n','2015-07-11 05:06:03','2015-07-11 05:06:03'),(203,'g9oa7fy560d736tr1zvy150','4c:b2:10:b9:6a:10-41:f1:4a:0b:8c:2a-a6:51:11:38:d0:6b',197,97,189,3,NULL,NULL,'2011-09-14','2015-07-11',NULL,NULL,886.00,0,0,1,0,1,1,NULL,NULL,NULL,NULL,NULL,'--- !ruby/hash:ActiveSupport::HashWithIndifferentAccess\nanschaffungskategorie: AV-Technik\nreference: invoice\numzug: zgeln\nankunftszustand: intakt\n','2015-07-11 05:06:03','2015-07-11 05:06:03'),(204,'mi6c7eosns92xvmzfaen151','fb:b1:05:86:ec:6c-16:06:8d:71:af:c4-ab:f5:7d:39:02:50',198,98,190,1,NULL,NULL,'2011-01-16','2015-07-15',NULL,NULL,1054.00,0,0,1,0,12,1,NULL,NULL,NULL,NULL,NULL,'--- !ruby/hash:ActiveSupport::HashWithIndifferentAccess\nanschaffungskategorie: AV-Technik\nreference: invoice\numzug: zgeln\nankunftszustand: intakt\n','2015-07-15 05:06:03','2015-07-15 05:06:03'),(205,'20fa9y121igs6x9d5gcx152','28:eb:f0:a5:05:48-7f:fe:c0:48:42:e9-8f:3f:dd:61:a6:1b',198,99,191,3,NULL,NULL,'2011-05-13','2015-07-15',NULL,NULL,148.00,0,0,1,0,12,1,NULL,NULL,NULL,NULL,NULL,'--- !ruby/hash:ActiveSupport::HashWithIndifferentAccess\nanschaffungskategorie: AV-Technik\nreference: invoice\numzug: zgeln\nankunftszustand: intakt\n','2015-07-15 05:06:03','2015-07-15 05:06:03'),(206,'amhrnmtxh1diijj1mxxn153','88:47:59:bf:88:69-a5:42:f0:5f:53:48-b7:77:02:a7:c9:0d',198,100,192,1,NULL,NULL,'2013-09-09','2015-07-15',NULL,NULL,1241.00,0,0,1,0,12,1,NULL,NULL,NULL,NULL,NULL,'--- !ruby/hash:ActiveSupport::HashWithIndifferentAccess\nanschaffungskategorie: AV-Technik\nreference: invoice\numzug: zgeln\nankunftszustand: intakt\n','2015-07-15 05:06:03','2015-07-15 05:06:03'),(207,'89920w73z9hh4aes9d3w154','fc:ec:91:43:a0:e1-17:e1:ac:b3:74:4f-be:a2:e7:20:31:ba',202,101,193,6,NULL,NULL,'2014-08-30','2015-07-15',NULL,NULL,737.00,0,0,1,0,12,1,NULL,NULL,NULL,NULL,NULL,'--- !ruby/hash:ActiveSupport::HashWithIndifferentAccess\nanschaffungskategorie: AV-Technik\nreference: invoice\numzug: zgeln\nankunftszustand: intakt\n','2015-07-15 05:06:03','2015-07-15 05:06:03'),(208,'schr2bah2qbpugo3dnbc155','9d:bb:28:6a:fe:3c-ef:32:c6:03:9c:dd-f9:98:14:10:6f:e2',202,102,194,3,NULL,NULL,'2013-04-01','2015-07-15',NULL,NULL,138.00,0,0,1,0,12,1,NULL,NULL,NULL,NULL,NULL,'--- !ruby/hash:ActiveSupport::HashWithIndifferentAccess\nanschaffungskategorie: AV-Technik\nreference: invoice\numzug: zgeln\nankunftszustand: intakt\n','2015-07-15 05:06:03','2015-07-15 05:06:03'),(209,'jdvuniidzw8rvg05z8um156','1d:1b:d9:14:c2:46-a2:e6:3d:27:0c:0b-69:ca:cd:03:7b:a7',202,103,195,10,NULL,NULL,'2012-09-22','2015-07-15',NULL,NULL,611.00,0,0,1,0,12,1,NULL,NULL,NULL,NULL,NULL,'--- !ruby/hash:ActiveSupport::HashWithIndifferentAccess\nanschaffungskategorie: AV-Technik\nreference: invoice\numzug: zgeln\nankunftszustand: intakt\n','2015-07-15 05:06:03','2015-07-15 05:06:03'),(210,'q7wct71bhplnwvdzr7hb157','ee:7a:a6:6e:9e:c0-49:8f:e8:5a:94:a9-3f:a1:3e:18:7f:1e',206,104,196,4,NULL,NULL,'2012-12-05','2015-07-15',NULL,NULL,1382.00,0,0,1,0,12,1,NULL,NULL,NULL,NULL,NULL,'--- !ruby/hash:ActiveSupport::HashWithIndifferentAccess\nanschaffungskategorie: AV-Technik\nreference: invoice\numzug: zgeln\nankunftszustand: intakt\n','2015-07-15 05:06:03','2015-07-15 05:06:03'),(211,'89863ha7krev4cuqp32p158','0b:c9:cf:e8:1b:dd-f8:e9:0b:6c:a3:c4-d9:99:94:fd:ca:0c',206,105,197,3,NULL,NULL,'2011-01-28','2015-07-15',NULL,NULL,424.00,0,0,1,0,12,1,NULL,NULL,NULL,NULL,NULL,'--- !ruby/hash:ActiveSupport::HashWithIndifferentAccess\nanschaffungskategorie: AV-Technik\nreference: invoice\numzug: zgeln\nankunftszustand: intakt\n','2015-07-15 05:06:03','2015-07-15 05:06:03'),(212,'avprz87dfeuusmuc8lha159','ac:64:ca:4a:63:54-c5:52:dd:1e:02:1c-ab:c3:9f:57:56:ad',206,106,198,8,NULL,NULL,'2013-07-19','2015-07-15',NULL,NULL,960.00,0,0,1,0,12,1,NULL,NULL,NULL,NULL,NULL,'--- !ruby/hash:ActiveSupport::HashWithIndifferentAccess\nanschaffungskategorie: AV-Technik\nreference: invoice\numzug: zgeln\nankunftszustand: intakt\n','2015-07-15 05:06:03','2015-07-15 05:06:03'),(213,'q0bvfybc9svsnlw1og3l160','fe:92:de:fd:17:66-e8:e8:9f:eb:8e:17-1f:f5:eb:b0:f4:40',210,107,199,9,NULL,NULL,'2010-06-30','2015-07-15',NULL,NULL,1252.00,0,0,1,0,12,1,NULL,NULL,NULL,NULL,NULL,'--- !ruby/hash:ActiveSupport::HashWithIndifferentAccess\nanschaffungskategorie: AV-Technik\nreference: invoice\numzug: zgeln\nankunftszustand: intakt\n','2015-07-15 05:06:03','2015-07-15 05:06:03'),(214,'z2nz87og5lwymmsdnoar161','81:fc:61:15:46:d5-63:8c:f9:23:fd:a1-e8:9d:ed:14:3e:f7',210,108,200,4,NULL,NULL,'2014-04-16','2015-07-15',NULL,NULL,527.00,0,0,1,0,12,1,NULL,NULL,NULL,NULL,NULL,'--- !ruby/hash:ActiveSupport::HashWithIndifferentAccess\nanschaffungskategorie: AV-Technik\nreference: invoice\numzug: zgeln\nankunftszustand: intakt\n','2015-07-15 05:06:03','2015-07-15 05:06:03'),(215,'mb5wp00gr2owy190m194162','25:02:dd:9c:c6:c4-b8:f6:87:1a:bd:07-cf:39:d9:51:3a:8e',210,109,201,8,NULL,NULL,'2012-03-13','2015-07-15',NULL,NULL,1402.00,0,0,1,0,12,1,NULL,NULL,NULL,NULL,NULL,'--- !ruby/hash:ActiveSupport::HashWithIndifferentAccess\nanschaffungskategorie: AV-Technik\nreference: invoice\numzug: zgeln\nankunftszustand: intakt\n','2015-07-15 05:06:03','2015-07-15 05:06:03'),(216,'mvlguv2qe7zg2gtbpgpu163','b4:9f:36:c8:20:84-cf:bc:27:ad:17:d5-94:1c:01:30:18:98',214,110,202,11,NULL,NULL,'2011-08-21','2015-07-15',NULL,NULL,1266.00,0,0,1,0,1,1,NULL,NULL,NULL,NULL,NULL,'--- !ruby/hash:ActiveSupport::HashWithIndifferentAccess\nanschaffungskategorie: AV-Technik\nreference: invoice\numzug: zgeln\nankunftszustand: intakt\n','2015-07-15 05:06:03','2015-07-15 05:06:03'),(217,'m1lkmvs5zoq0bsvhhepg164','b4:79:34:d2:90:87-b7:50:9e:ca:e6:be-6d:0b:c4:f2:cb:b8',215,111,203,1,NULL,NULL,'2012-10-30','2015-07-15',NULL,NULL,1173.00,0,0,1,0,1,1,NULL,NULL,NULL,NULL,NULL,'--- !ruby/hash:ActiveSupport::HashWithIndifferentAccess\nanschaffungskategorie: AV-Technik\nreference: invoice\numzug: zgeln\nankunftszustand: intakt\n','2015-07-15 05:06:03','2015-07-15 05:06:03'),(218,'2pfkpi16jmtz69b8g7v2165','a9:35:a7:7f:a1:54-c6:8f:60:d9:2d:59-a1:6b:bb:24:04:ab',216,112,204,9,NULL,NULL,'2010-01-18','2015-07-15',NULL,NULL,131.00,0,0,1,0,1,1,NULL,NULL,NULL,NULL,NULL,'--- !ruby/hash:ActiveSupport::HashWithIndifferentAccess\nanschaffungskategorie: AV-Technik\nreference: invoice\numzug: zgeln\nankunftszustand: intakt\n','2015-07-15 05:06:03','2015-07-15 05:06:03'),(219,'28hnmwrmw2lhv5jfxa1v166','42:b9:37:cd:2e:ae-63:4c:f9:55:8f:26-65:17:1f:0e:9a:c1',217,113,205,4,NULL,NULL,'2011-10-23','2015-07-15',NULL,NULL,463.00,0,0,1,0,1,1,NULL,NULL,NULL,NULL,NULL,'--- !ruby/hash:ActiveSupport::HashWithIndifferentAccess\nanschaffungskategorie: AV-Technik\nreference: invoice\numzug: zgeln\nankunftszustand: intakt\n','2015-07-15 05:06:03','2015-07-15 05:06:03'),(220,'7jcu0o1vdh8zrr3kr3td167','55:28:62:61:dd:48-59:30:2e:7a:3f:54-15:0a:4e:04:c8:c7',218,114,206,8,NULL,NULL,'2013-06-13','2015-07-15',NULL,NULL,877.00,0,0,1,0,1,1,NULL,NULL,NULL,NULL,NULL,'--- !ruby/hash:ActiveSupport::HashWithIndifferentAccess\nanschaffungskategorie: AV-Technik\nreference: invoice\numzug: zgeln\nankunftszustand: intakt\n','2015-07-15 05:06:03','2015-07-15 05:06:03'),(221,'fcgxbf077fu5c3xo61d2168','01:16:92:6e:c5:cc-84:00:1d:cf:7c:e9-f2:ab:57:72:7c:50',219,115,207,11,NULL,NULL,'2014-02-11','2015-07-15',NULL,NULL,827.00,0,0,1,0,1,1,NULL,NULL,NULL,NULL,NULL,'--- !ruby/hash:ActiveSupport::HashWithIndifferentAccess\nanschaffungskategorie: AV-Technik\nreference: invoice\numzug: zgeln\nankunftszustand: intakt\n','2015-07-15 05:06:03','2015-07-15 05:06:03'),(222,'coo26vkwqnyxpynw7lxl169','61:70:6e:5c:66:a2-21:ea:78:3b:f3:81-6e:1c:49:59:f7:f8',220,116,208,3,NULL,NULL,'2012-03-10','2015-07-15',NULL,NULL,1288.00,0,0,1,0,1,1,NULL,NULL,NULL,NULL,NULL,'--- !ruby/hash:ActiveSupport::HashWithIndifferentAccess\nanschaffungskategorie: AV-Technik\nreference: invoice\numzug: zgeln\nankunftszustand: intakt\n','2015-07-15 05:06:03','2015-07-15 05:06:03'),(223,'6amyajpoygqd8h0rzfzc170','15:8c:a7:69:42:b2-37:27:08:0f:32:50-fb:c2:57:4f:6f:94',221,117,209,2,NULL,NULL,'2013-04-23','2015-07-15',NULL,NULL,118.00,0,0,1,0,1,1,NULL,NULL,NULL,NULL,NULL,'--- !ruby/hash:ActiveSupport::HashWithIndifferentAccess\nanschaffungskategorie: AV-Technik\nreference: invoice\numzug: zgeln\nankunftszustand: intakt\n','2015-07-15 05:06:03','2015-07-15 05:06:03'),(224,'fvj2zuxhkxw7bq4uqlcm171','11:98:09:a1:41:b4-6b:70:df:b0:32:02-43:67:50:16:4d:3a',222,118,210,10,NULL,NULL,'2014-05-15','2015-07-15',NULL,NULL,66.00,0,0,1,0,1,1,NULL,NULL,NULL,NULL,NULL,'--- !ruby/hash:ActiveSupport::HashWithIndifferentAccess\nanschaffungskategorie: AV-Technik\nreference: invoice\numzug: zgeln\nankunftszustand: intakt\n','2015-07-15 05:06:03','2015-07-15 05:06:03'),(225,'pthdv57xztridrnk8u0d172','8a:be:0d:8b:22:ed-c0:74:e1:c4:0e:74-b1:45:c5:fa:0f:51',223,119,211,12,NULL,NULL,'2011-02-25','2015-07-15',NULL,NULL,993.00,0,0,1,0,1,1,NULL,NULL,NULL,NULL,NULL,'--- !ruby/hash:ActiveSupport::HashWithIndifferentAccess\nanschaffungskategorie: AV-Technik\nreference: invoice\numzug: zgeln\nankunftszustand: intakt\n','2015-07-15 05:06:03','2015-07-15 05:06:03'),(226,'or8ku22ar1npuswv1bj8173','8b:e7:31:1b:89:0b-68:2b:63:78:a2:26-6b:07:d0:01:00:ea',224,120,212,2,NULL,NULL,'2012-10-20','2015-07-15',NULL,NULL,1440.00,0,0,1,0,1,1,NULL,NULL,NULL,NULL,NULL,'--- !ruby/hash:ActiveSupport::HashWithIndifferentAccess\nanschaffungskategorie: AV-Technik\nreference: invoice\numzug: zgeln\nankunftszustand: intakt\n','2015-07-15 05:06:03','2015-07-15 05:06:03'),(227,'xduqo0kuo0jwccitx3ud174','f5:1d:0a:5c:82:eb-f2:b8:99:5c:e5:83-f9:9c:52:b1:b5:ab',225,121,213,5,NULL,NULL,'2010-11-26','2015-07-15',NULL,NULL,336.00,0,0,1,0,1,1,NULL,NULL,NULL,NULL,NULL,'--- !ruby/hash:ActiveSupport::HashWithIndifferentAccess\nanschaffungskategorie: AV-Technik\nreference: invoice\numzug: zgeln\nankunftszustand: intakt\n','2015-07-15 05:06:03','2015-07-15 05:06:03'),(228,'enyt6vv5wucojg5soozn175','fb:71:51:c5:4c:44-d8:9b:13:a5:ba:a3-2e:e4:2f:3d:4f:0a',226,122,214,1,NULL,NULL,'2012-03-18','2015-07-15',NULL,NULL,1226.00,0,0,1,0,1,1,NULL,NULL,NULL,NULL,NULL,'--- !ruby/hash:ActiveSupport::HashWithIndifferentAccess\nanschaffungskategorie: AV-Technik\nreference: invoice\numzug: zgeln\nankunftszustand: intakt\n','2015-07-15 05:06:03','2015-07-15 05:06:03'),(229,'r5ogkhzhr83dwlcbtd5d176','42:2d:75:03:55:06-8f:8b:0f:61:00:cc-32:01:6e:9a:a4:04',227,123,215,5,NULL,NULL,'2011-08-26','2015-07-15',NULL,NULL,224.00,0,0,1,0,1,1,NULL,NULL,NULL,NULL,NULL,'--- !ruby/hash:ActiveSupport::HashWithIndifferentAccess\nanschaffungskategorie: AV-Technik\nreference: invoice\numzug: zgeln\nankunftszustand: intakt\n','2015-07-15 05:06:03','2015-07-15 05:06:03'),(230,'g4c6az7v54b77afcuqlp177','2d:ca:cb:11:88:d1-35:a8:ae:20:02:41-82:f2:5d:46:93:9a',228,124,216,12,NULL,NULL,'2012-08-10','2015-07-15',NULL,NULL,75.00,0,0,1,0,1,1,NULL,NULL,NULL,NULL,NULL,'--- !ruby/hash:ActiveSupport::HashWithIndifferentAccess\nanschaffungskategorie: AV-Technik\nreference: invoice\numzug: zgeln\nankunftszustand: intakt\n','2015-07-15 05:06:03','2015-07-15 05:06:03'),(231,'n27vd4yygoj2r841dxd4178','b2:5f:aa:d5:8d:d6-29:7e:4c:f8:23:1d-8a:be:d3:49:0f:41',229,125,217,7,NULL,NULL,'2010-01-03','2015-07-15',NULL,NULL,1049.00,0,0,1,0,1,1,NULL,NULL,NULL,NULL,NULL,'--- !ruby/hash:ActiveSupport::HashWithIndifferentAccess\nanschaffungskategorie: AV-Technik\nreference: invoice\numzug: zgeln\nankunftszustand: intakt\n','2015-07-15 05:06:03','2015-07-15 05:06:03'),(232,'53quz1mxpfcvooi9pls6179','d1:18:c8:70:61:f5-67:30:25:82:c5:c8-cf:8c:8a:14:38:25',230,126,218,5,NULL,NULL,'2014-04-01','2015-07-15',NULL,NULL,287.00,0,0,1,0,1,1,NULL,NULL,NULL,NULL,NULL,'--- !ruby/hash:ActiveSupport::HashWithIndifferentAccess\nanschaffungskategorie: AV-Technik\nreference: invoice\numzug: zgeln\nankunftszustand: intakt\n','2015-07-15 05:06:03','2015-07-15 05:06:03'),(233,'lft8ndptx7iuswgjv9gd180','b9:98:2b:95:80:c6-0c:01:ba:8b:6a:e7-c9:3a:b9:e9:2a:41',231,127,219,5,NULL,NULL,'2012-08-02','2015-07-15',NULL,NULL,451.00,0,0,1,0,1,1,NULL,NULL,NULL,NULL,NULL,'--- !ruby/hash:ActiveSupport::HashWithIndifferentAccess\nanschaffungskategorie: AV-Technik\nreference: invoice\numzug: zgeln\nankunftszustand: intakt\n','2015-07-15 05:06:03','2015-07-15 05:06:03'),(234,'r69kmx1h2vf6sljpcus2181','30:d6:42:f9:7a:c3-0a:79:1e:f3:be:57-c2:9c:2c:e5:30:ea',232,128,220,10,NULL,NULL,'2011-01-31','2015-07-15',NULL,NULL,1004.00,0,0,1,0,1,1,NULL,NULL,NULL,NULL,NULL,'--- !ruby/hash:ActiveSupport::HashWithIndifferentAccess\nanschaffungskategorie: AV-Technik\nreference: invoice\numzug: zgeln\nankunftszustand: intakt\n','2015-07-15 05:06:03','2015-07-15 05:06:03'),(235,'k6ml116qamdv1r6etdc1182','b6:45:4a:2f:93:b3-7e:b3:2e:bd:59:14-48:a7:2a:b4:f6:a8',233,129,221,6,NULL,NULL,'2010-09-27','2015-07-15',NULL,NULL,682.00,0,0,1,0,1,1,NULL,NULL,NULL,NULL,NULL,'--- !ruby/hash:ActiveSupport::HashWithIndifferentAccess\nanschaffungskategorie: AV-Technik\nreference: invoice\numzug: zgeln\nankunftszustand: intakt\n','2015-07-15 05:06:03','2015-07-15 05:06:03'),(236,'mcfoavslutsp75goumv1183','bd:d8:1a:e1:0d:30-7c:a2:c6:0b:a5:49-9b:e8:88:be:2d:b9',234,130,222,6,NULL,NULL,'2012-07-31','2015-07-15',NULL,NULL,1080.00,0,0,1,0,1,1,NULL,NULL,NULL,NULL,NULL,'--- !ruby/hash:ActiveSupport::HashWithIndifferentAccess\nanschaffungskategorie: AV-Technik\nreference: invoice\numzug: zgeln\nankunftszustand: intakt\n','2015-07-15 05:06:03','2015-07-15 05:06:03'),(237,'aobty06eewg7xtajfrmy184','6f:39:a8:09:c9:8a-74:26:cb:92:44:3f-06:05:86:c0:3a:6e',235,131,223,3,NULL,NULL,'2011-11-07','2015-07-15',NULL,NULL,502.00,0,0,1,0,1,1,NULL,NULL,NULL,NULL,NULL,'--- !ruby/hash:ActiveSupport::HashWithIndifferentAccess\nanschaffungskategorie: AV-Technik\nreference: invoice\numzug: zgeln\nankunftszustand: intakt\n','2015-07-15 05:06:03','2015-07-15 05:06:03'),(238,'18bf2afz5v8x8hmnpich185','c2:7c:2d:ba:00:a3-78:94:39:2e:06:bf-ba:13:1c:a8:75:cf',236,132,224,4,NULL,NULL,'2014-01-23','2015-07-15',NULL,NULL,1322.00,0,0,1,0,1,1,NULL,NULL,NULL,NULL,NULL,'--- !ruby/hash:ActiveSupport::HashWithIndifferentAccess\nanschaffungskategorie: AV-Technik\nreference: invoice\numzug: zgeln\nankunftszustand: intakt\n','2015-07-15 05:06:03','2015-07-15 05:06:03'),(239,'450e2p6tuoqpj7gidj64186','61:06:db:6c:94:62-c9:89:95:1c:98:70-69:a8:ab:2b:cc:26',237,133,225,11,NULL,NULL,'2010-08-07','2015-07-15',NULL,NULL,392.00,0,0,1,0,1,1,NULL,NULL,NULL,NULL,NULL,'--- !ruby/hash:ActiveSupport::HashWithIndifferentAccess\nanschaffungskategorie: AV-Technik\nreference: invoice\numzug: zgeln\nankunftszustand: intakt\n','2015-07-15 05:06:03','2015-07-15 05:06:03'),(240,'128q1wz8hseu835ikxye187','f8:07:6b:b7:06:2d-02:02:b8:ef:fc:44-b0:58:8c:b7:17:ca',238,134,226,10,NULL,NULL,'2013-01-30','2015-07-15',NULL,NULL,1199.00,0,0,1,0,1,1,NULL,NULL,NULL,NULL,NULL,'--- !ruby/hash:ActiveSupport::HashWithIndifferentAccess\nanschaffungskategorie: AV-Technik\nreference: invoice\numzug: zgeln\nankunftszustand: intakt\n','2015-07-15 05:06:03','2015-07-15 05:06:03'),(241,'7zw3hct16w1zjkykzjoj188','45:9b:12:df:01:c1-8d:8b:71:4f:1a:a7-aa:cb:40:eb:74:66',239,135,227,11,NULL,NULL,'2011-04-04','2015-07-15',NULL,NULL,683.00,0,0,1,0,1,1,NULL,NULL,NULL,NULL,NULL,'--- !ruby/hash:ActiveSupport::HashWithIndifferentAccess\nanschaffungskategorie: AV-Technik\nreference: invoice\numzug: zgeln\nankunftszustand: intakt\n','2015-07-15 05:06:03','2015-07-15 05:06:03'),(242,'8uopxunwdi2mc4f0v0cs189','76:84:af:f5:f4:da-2f:71:3d:37:a2:20-1c:75:97:09:bb:c8',240,136,228,7,NULL,NULL,'2012-12-13','2015-07-15',NULL,NULL,531.00,0,0,1,0,1,1,NULL,NULL,NULL,NULL,NULL,'--- !ruby/hash:ActiveSupport::HashWithIndifferentAccess\nanschaffungskategorie: AV-Technik\nreference: invoice\numzug: zgeln\nankunftszustand: intakt\n','2015-07-15 05:06:03','2015-07-15 05:06:03'),(243,'8g5n69f6i5i1aqayi6w7190','84:10:af:91:50:fc-cd:97:09:d9:51:89-e1:47:9c:eb:b9:9c',241,137,229,5,NULL,NULL,'2012-06-28','2015-07-15',NULL,NULL,1124.00,0,0,1,0,1,1,NULL,NULL,NULL,NULL,NULL,'--- !ruby/hash:ActiveSupport::HashWithIndifferentAccess\nanschaffungskategorie: AV-Technik\nreference: invoice\numzug: zgeln\nankunftszustand: intakt\n','2015-07-15 05:06:03','2015-07-15 05:06:03'),(244,'3xk80yvyg739l8b1937w191','7c:8b:a5:1b:32:74-11:9d:59:dd:9e:14-67:44:06:26:c8:40',242,138,230,8,NULL,NULL,'2013-01-31','2015-07-15',NULL,NULL,744.00,0,0,1,0,1,1,NULL,NULL,NULL,NULL,NULL,'--- !ruby/hash:ActiveSupport::HashWithIndifferentAccess\nanschaffungskategorie: AV-Technik\nreference: invoice\numzug: zgeln\nankunftszustand: intakt\n','2015-07-15 05:06:03','2015-07-15 05:06:03'),(245,'b25co83vobjwo9nd52zb192','d0:d3:84:b8:2f:c0-88:fb:dc:02:16:fa-eb:a5:f3:1f:97:6c',243,139,231,8,NULL,NULL,'2011-12-29','2015-07-15',NULL,NULL,979.00,0,0,1,0,1,1,NULL,NULL,NULL,NULL,NULL,'--- !ruby/hash:ActiveSupport::HashWithIndifferentAccess\nanschaffungskategorie: AV-Technik\nreference: invoice\numzug: zgeln\nankunftszustand: intakt\n','2015-07-15 05:06:03','2015-07-15 05:06:03'),(246,'g9vtib1k7asjf8phafrl193','86:de:47:4e:90:92-83:6d:38:b4:ba:69-a7:e7:1f:2c:e4:9f',244,140,232,9,NULL,NULL,'2010-10-04','2015-07-15',NULL,NULL,1243.00,0,0,1,0,1,1,NULL,NULL,NULL,NULL,NULL,'--- !ruby/hash:ActiveSupport::HashWithIndifferentAccess\nanschaffungskategorie: AV-Technik\nreference: invoice\numzug: zgeln\nankunftszustand: intakt\n','2015-07-15 05:06:03','2015-07-15 05:06:03'),(247,'sei4na1nxnxkqdiqs8ge194','90:30:96:a4:fc:08-09:62:3c:57:9a:3c-83:f3:e0:f3:26:cb',245,141,233,1,NULL,NULL,'2014-05-28','2015-07-15',NULL,NULL,54.00,0,0,1,0,1,1,NULL,NULL,NULL,NULL,NULL,'--- !ruby/hash:ActiveSupport::HashWithIndifferentAccess\nanschaffungskategorie: AV-Technik\nreference: invoice\numzug: zgeln\nankunftszustand: intakt\n','2015-07-15 05:06:03','2015-07-15 05:06:03'),(248,'ngww90lzzik2mw9hlsby195','a5:9c:6e:79:d9:ae-6d:49:b0:7d:84:ea-ba:15:7c:48:c4:2e',246,142,234,9,NULL,NULL,'2013-04-30','2015-07-15',NULL,NULL,85.00,0,0,1,0,1,1,NULL,NULL,NULL,NULL,NULL,'--- !ruby/hash:ActiveSupport::HashWithIndifferentAccess\nanschaffungskategorie: AV-Technik\nreference: invoice\numzug: zgeln\nankunftszustand: intakt\n','2015-07-15 05:06:03','2015-07-15 05:06:03'),(249,'w9e058t7ys3s7rarlvbv196','b3:88:51:51:24:f9-f2:e3:d8:42:6e:2a-9a:08:7e:7f:39:3c',247,143,235,7,NULL,NULL,'2011-07-22','2015-07-15',NULL,NULL,541.00,0,0,1,0,1,1,NULL,NULL,NULL,NULL,NULL,'--- !ruby/hash:ActiveSupport::HashWithIndifferentAccess\nanschaffungskategorie: AV-Technik\nreference: invoice\numzug: zgeln\nankunftszustand: intakt\n','2015-07-15 05:06:03','2015-07-15 05:06:03'),(250,'qi9g3s39a6nvlncztbp6197','fb:a9:45:d3:11:34-27:5a:13:04:50:87-77:7e:9e:7e:0f:11',248,144,236,7,NULL,NULL,'2012-01-30','2015-07-15',NULL,NULL,668.00,0,0,1,0,1,1,NULL,NULL,NULL,NULL,NULL,'--- !ruby/hash:ActiveSupport::HashWithIndifferentAccess\nanschaffungskategorie: AV-Technik\nreference: invoice\numzug: zgeln\nankunftszustand: intakt\n','2015-07-15 05:06:03','2015-07-15 05:06:03'),(251,'9kls2vh3m2bk5q0lu20u198','0c:3c:b0:f8:57:91-a5:c3:a8:1d:2e:ad-a4:99:6d:d9:93:17',249,145,237,11,NULL,NULL,'2011-06-02','2015-07-15',NULL,NULL,1345.00,0,0,1,0,1,1,NULL,NULL,NULL,NULL,NULL,'--- !ruby/hash:ActiveSupport::HashWithIndifferentAccess\nanschaffungskategorie: AV-Technik\nreference: invoice\numzug: zgeln\nankunftszustand: intakt\n','2015-07-15 05:06:03','2015-07-15 05:06:03'),(252,'x3p5ccofajdy16l70jhl199','97:42:b2:df:c8:8d-53:9e:6b:5d:9a:83-57:78:db:d1:fe:b2',250,146,238,11,NULL,NULL,'2013-10-11','2015-07-15',NULL,NULL,1302.00,0,0,1,0,1,1,NULL,NULL,NULL,NULL,NULL,'--- !ruby/hash:ActiveSupport::HashWithIndifferentAccess\nanschaffungskategorie: AV-Technik\nreference: invoice\numzug: zgeln\nankunftszustand: intakt\n','2015-07-15 05:06:03','2015-07-15 05:06:03'),(253,'ib31jjl7nm7pqaqh3mk9200','b1:c4:87:b7:7c:da-91:f0:71:e5:10:db-20:9e:58:dd:b0:0e',251,147,239,5,NULL,NULL,'2013-08-04','2015-07-15',NULL,NULL,124.00,0,0,1,0,1,1,NULL,NULL,NULL,NULL,NULL,'--- !ruby/hash:ActiveSupport::HashWithIndifferentAccess\nanschaffungskategorie: AV-Technik\nreference: invoice\numzug: zgeln\nankunftszustand: intakt\n','2015-07-15 05:06:03','2015-07-15 05:06:03'),(254,'0hua1y5icmcv2c8v29uh201','51:6d:8b:2e:a3:f3-10:23:11:8c:21:95-59:bb:53:c0:52:1e',252,148,240,6,NULL,NULL,'2010-08-09','2015-07-15',NULL,NULL,559.00,0,0,1,0,1,1,NULL,NULL,NULL,NULL,NULL,'--- !ruby/hash:ActiveSupport::HashWithIndifferentAccess\nanschaffungskategorie: AV-Technik\nreference: invoice\numzug: zgeln\nankunftszustand: intakt\n','2015-07-15 05:06:03','2015-07-15 05:06:03'),(255,'mp9drau70prufooz5j01202','81:3c:57:dd:27:e1-78:f0:45:ad:7d:ca-55:f0:cb:98:07:66',253,149,241,10,NULL,NULL,'2013-03-20','2015-07-15',NULL,NULL,43.00,0,0,1,0,1,1,NULL,NULL,NULL,NULL,NULL,'--- !ruby/hash:ActiveSupport::HashWithIndifferentAccess\nanschaffungskategorie: AV-Technik\nreference: invoice\numzug: zgeln\nankunftszustand: intakt\n','2015-07-15 05:06:03','2015-07-15 05:06:03'),(256,'tfibm65qfbnnjn5cb7uz203','35:95:e7:30:71:6c-d6:29:cf:7f:cf:48-95:ad:b3:6f:07:04',254,150,242,1,NULL,NULL,'2012-09-06','2015-07-15',NULL,NULL,1109.00,0,0,1,0,1,1,NULL,NULL,NULL,NULL,NULL,'--- !ruby/hash:ActiveSupport::HashWithIndifferentAccess\nanschaffungskategorie: AV-Technik\nreference: invoice\numzug: zgeln\nankunftszustand: intakt\n','2015-07-15 05:06:03','2015-07-15 05:06:03'),(257,'c4j9f6r6eydg4gx82kt0204','65:ba:bd:19:5a:af-98:fa:a7:c7:af:74-66:fb:88:d2:69:24',255,151,243,5,NULL,NULL,'2013-05-16','2015-07-10',NULL,NULL,46.00,0,0,1,0,1,1,NULL,NULL,NULL,NULL,NULL,'--- !ruby/hash:ActiveSupport::HashWithIndifferentAccess\nanschaffungskategorie: AV-Technik\nreference: invoice\numzug: zgeln\nankunftszustand: intakt\n','2015-07-10 05:06:03','2015-07-10 05:06:03'),(258,'e1hkrabh3v0bat9nvkpp205','51:32:ad:4b:e5:ae-da:85:b3:c8:c5:07-4b:33:08:fe:b5:39',256,152,244,12,NULL,NULL,'2012-03-15','2015-07-10',NULL,NULL,615.00,0,0,1,0,1,1,NULL,NULL,NULL,NULL,NULL,'--- !ruby/hash:ActiveSupport::HashWithIndifferentAccess\nanschaffungskategorie: AV-Technik\nreference: invoice\numzug: zgeln\nankunftszustand: intakt\n','2015-07-10 05:06:03','2015-07-10 05:06:03'),(259,'feubmgea31awyapa9xhs206','d0:e3:40:0f:6b:fc-df:a4:0c:b4:d6:77-f2:ca:8d:db:8f:db',257,153,245,12,NULL,NULL,'2012-10-09','2015-07-10',NULL,NULL,153.00,0,0,1,0,1,1,NULL,NULL,NULL,NULL,NULL,'--- !ruby/hash:ActiveSupport::HashWithIndifferentAccess\nanschaffungskategorie: AV-Technik\nreference: invoice\numzug: zgeln\nankunftszustand: intakt\n','2015-07-10 05:06:03','2015-07-10 05:06:03'),(260,'5a1jrm9tl7w75n81x4hc207','d2:d0:f5:0f:40:1c-7e:5b:99:60:fa:23-25:bb:8f:c3:19:e9',258,154,246,1,NULL,NULL,'2010-05-01','2015-07-10',NULL,NULL,1047.00,0,0,1,0,1,1,NULL,NULL,NULL,NULL,NULL,'--- !ruby/hash:ActiveSupport::HashWithIndifferentAccess\nanschaffungskategorie: AV-Technik\nreference: invoice\numzug: zgeln\nankunftszustand: intakt\n','2015-07-10 05:06:03','2015-07-10 05:06:03'),(261,'4mko7geg5jjgzcphh0bj208','3c:fc:f2:a9:dd:48-d0:99:d3:1e:e2:5e-29:9c:37:c1:ba:51',259,155,247,12,NULL,NULL,'2012-11-29','2015-07-10',NULL,NULL,865.00,0,0,1,0,1,1,NULL,NULL,NULL,NULL,NULL,'--- !ruby/hash:ActiveSupport::HashWithIndifferentAccess\nanschaffungskategorie: AV-Technik\nreference: invoice\numzug: zgeln\nankunftszustand: intakt\n','2015-07-10 05:06:03','2015-07-10 05:06:03'),(262,'362s32ugtdpaegdrp1sa209','21:f2:3e:69:08:37-c6:65:5c:d5:84:b1-9a:89:83:7c:24:25',260,156,248,11,NULL,NULL,'2010-01-19','2015-07-15',NULL,NULL,742.00,0,0,1,0,1,1,NULL,NULL,NULL,NULL,NULL,'--- !ruby/hash:ActiveSupport::HashWithIndifferentAccess\nanschaffungskategorie: AV-Technik\nreference: invoice\numzug: zgeln\nankunftszustand: intakt\n','2015-07-15 05:06:03','2015-07-15 05:06:03'),(263,'ze76c0y7f4e4gxend126210','e6:d5:84:b7:20:6b-c8:ad:1d:97:b3:ae-ee:31:fa:cb:49:8c',261,NULL,NULL,2,NULL,NULL,NULL,NULL,NULL,NULL,NULL,0,0,0,0,1,0,NULL,NULL,NULL,NULL,NULL,'--- !ruby/hash:ActiveSupport::HashWithIndifferentAccess\nlicense_type: single_workplace\nactivation_type: serial_number\noperating_system:\n- windows\n- linux\ninstallation:\n- citrix\n- web\nreference: invoice\nmaintenance_contract: \'false\'\n','2015-07-15 05:06:03','2015-07-15 05:06:03'),(264,'7ezcsv9d9ed8tmhjun5x211','69:ba:3b:a7:c1:2d-28:1c:a6:5c:d2:e4-05:de:67:2a:c7:cf',262,157,249,10,NULL,NULL,'2012-11-22','2015-07-10',NULL,NULL,728.00,0,0,1,0,2,1,NULL,NULL,NULL,NULL,NULL,'--- !ruby/hash:ActiveSupport::HashWithIndifferentAccess\nanschaffungskategorie: AV-Technik\nreference: invoice\numzug: zgeln\nankunftszustand: intakt\n','2015-07-10 05:06:03','2015-07-10 05:06:03'),(265,'bzseuaefcnakxmle9scs212','fd:4f:2b:90:71:d6-09:02:54:61:7c:15-ef:6f:82:88:59:4b',263,158,250,2,NULL,NULL,'2014-09-10','2015-07-15',NULL,NULL,313.00,0,0,1,0,1,1,NULL,NULL,NULL,NULL,NULL,'--- !ruby/hash:ActiveSupport::HashWithIndifferentAccess\nanschaffungskategorie: AV-Technik\nreference: invoice\numzug: zgeln\nankunftszustand: intakt\n','2015-07-15 05:06:03','2015-07-15 05:06:03'),(266,'we8rzwxgfw8q8prq822l213','6a:6b:c5:2a:e5:c4-1b:a5:42:e8:9d:05-75:49:5d:43:a2:7e',264,NULL,NULL,4,NULL,NULL,NULL,NULL,NULL,NULL,NULL,0,0,0,0,1,0,NULL,NULL,NULL,NULL,NULL,'--- !ruby/hash:ActiveSupport::HashWithIndifferentAccess\nlicense_type: single_workplace\nactivation_type: serial_number\noperating_system:\n- windows\n- linux\ninstallation:\n- citrix\n- web\nprocured_by: Connor McKenzie\nreference: invoice\nmaintenance_contract: \'false\'\n','2015-07-15 05:06:03','2015-07-15 05:06:03'),(267,'9rib4171sqsod6p8xtx0214','d7:df:d2:f6:d7:21-bb:1c:57:53:8d:28-ba:3b:15:7d:f3:52',265,NULL,251,1,NULL,NULL,'2011-12-09','2015-07-15',NULL,NULL,1104.00,0,0,1,0,1,1,NULL,NULL,NULL,NULL,NULL,'--- !ruby/hash:ActiveSupport::HashWithIndifferentAccess\nanschaffungskategorie: AV-Technik\nreference: invoice\numzug: zgeln\nankunftszustand: intakt\n','2015-07-15 05:06:03','2015-07-15 05:06:03'),(268,'8som4xlji37fazkhindn215','7e:59:a1:59:39:83-b8:c0:40:65:d9:8a-f8:b7:8e:15:2d:65',266,159,252,1,NULL,NULL,'2011-10-16','2015-07-15',NULL,NULL,1161.00,0,0,1,0,1,1,NULL,NULL,NULL,NULL,NULL,'--- !ruby/hash:ActiveSupport::HashWithIndifferentAccess\nanschaffungskategorie: AV-Technik\nreference: invoice\numzug: zgeln\nankunftszustand: intakt\n','2015-07-15 05:06:03','2015-07-15 05:06:03'),(269,'hb74da3w824gk4w9p79d216','43:71:7f:31:de:25-03:29:68:59:e4:c6-2b:2d:fc:3b:26:18',267,160,253,12,NULL,NULL,'2010-05-19','2015-07-15',NULL,NULL,1009.00,0,0,1,0,2,1,NULL,NULL,NULL,NULL,NULL,'--- !ruby/hash:ActiveSupport::HashWithIndifferentAccess\nanschaffungskategorie: AV-Technik\nreference: invoice\numzug: zgeln\nankunftszustand: intakt\n','2015-07-15 05:06:03','2015-07-15 05:06:03'),(270,'75328q2p6f0bida69uy1217','1a:87:40:75:c4:71-36:08:f0:c9:17:f8-43:e8:6b:e5:ef:bf',268,161,254,9,NULL,NULL,'2014-03-01','2015-07-15',NULL,NULL,1443.00,0,0,1,0,2,1,NULL,NULL,NULL,NULL,NULL,'--- !ruby/hash:ActiveSupport::HashWithIndifferentAccess\nanschaffungskategorie: AV-Technik\nreference: invoice\numzug: zgeln\nankunftszustand: intakt\n','2015-07-15 05:06:03','2015-07-15 05:06:03'),(271,'tkzfvrbrjup87ezsyabu218','ab:11:bb:41:74:b1-c3:33:df:df:fb:0a-5a:dc:1d:7c:14:c4',269,162,255,2,NULL,NULL,'2014-01-15','2015-07-15',NULL,NULL,328.00,0,0,1,0,2,1,NULL,NULL,NULL,NULL,NULL,'--- !ruby/hash:ActiveSupport::HashWithIndifferentAccess\nanschaffungskategorie: AV-Technik\nreference: invoice\numzug: zgeln\nankunftszustand: intakt\n','2015-07-15 05:06:03','2015-07-15 05:06:03'),(272,'xz0qx8awp8eywxrtsv4q219','a0:f2:3e:ac:81:23-76:1d:02:d9:43:9b-ef:0b:23:c1:82:42',270,163,256,9,NULL,NULL,'2010-04-27','2015-07-15',NULL,NULL,1468.00,0,0,1,0,1,1,NULL,NULL,NULL,NULL,NULL,'--- !ruby/hash:ActiveSupport::HashWithIndifferentAccess\nanschaffungskategorie: AV-Technik\nreference: invoice\numzug: zgeln\nankunftszustand: intakt\n','2015-07-15 05:06:03','2015-07-15 05:06:03'),(273,'sym5oobz0o9d5fv7a73m220','58:9b:13:2f:97:50-27:bd:b3:19:a6:df-f9:0d:1a:24:1f:0a',271,164,257,5,NULL,NULL,'2011-06-08','2015-07-15',NULL,NULL,3.00,0,0,1,0,1,1,NULL,NULL,NULL,NULL,NULL,'--- !ruby/hash:ActiveSupport::HashWithIndifferentAccess\nanschaffungskategorie: AV-Technik\nreference: invoice\numzug: zgeln\nankunftszustand: intakt\n','2015-07-15 05:06:03','2015-07-15 05:06:03'),(274,'tpsu6qfu2nqs1l8m7zqz221','86:80:4d:0c:fd:4a-79:cf:db:1b:80:71-9f:b3:a0:16:7f:de',272,165,258,12,NULL,NULL,'2014-05-12','2015-07-15',NULL,NULL,439.00,0,0,1,0,1,1,NULL,NULL,NULL,NULL,NULL,'--- !ruby/hash:ActiveSupport::HashWithIndifferentAccess\nanschaffungskategorie: AV-Technik\nreference: invoice\numzug: zgeln\nankunftszustand: intakt\n','2015-07-15 05:06:03','2015-07-15 05:06:03'),(275,'c1jf2f8uuyou0vfzbvec222','e8:e3:f3:25:36:69-c9:18:95:d0:d4:4d-e7:52:df:43:65:69',273,166,259,5,NULL,NULL,'2013-02-09','2015-07-15',NULL,NULL,241.00,0,0,1,0,1,1,NULL,NULL,NULL,NULL,NULL,'--- !ruby/hash:ActiveSupport::HashWithIndifferentAccess\nanschaffungskategorie: AV-Technik\nreference: invoice\numzug: zgeln\nankunftszustand: intakt\n','2015-07-15 05:06:03','2015-07-15 05:06:03'),(276,'wzevpkuoh444yiferpqh223','f4:a5:33:41:04:31-f0:a2:d5:5f:d2:76-8c:35:ba:ef:df:0f',274,167,260,5,NULL,NULL,'2011-08-23','2015-07-15',NULL,NULL,936.00,0,0,1,0,1,1,NULL,NULL,NULL,NULL,NULL,'--- !ruby/hash:ActiveSupport::HashWithIndifferentAccess\nanschaffungskategorie: AV-Technik\nreference: invoice\numzug: zgeln\nankunftszustand: intakt\n','2015-07-15 05:06:03','2015-07-15 05:06:03'),(277,'zmwwfom76sm2nifp6gt9224','14:04:57:e2:e7:03-23:b0:da:da:ef:e6-9f:48:55:2c:a6:ad',275,168,261,7,NULL,NULL,'2011-01-27','2015-07-15',NULL,NULL,753.00,0,0,1,0,1,1,NULL,NULL,NULL,NULL,NULL,'--- !ruby/hash:ActiveSupport::HashWithIndifferentAccess\nanschaffungskategorie: AV-Technik\nreference: invoice\numzug: zgeln\nankunftszustand: intakt\n','2015-07-15 05:06:03','2015-07-15 05:06:03'),(278,'4wxrnf590x4wpyd0t0x6225','40:61:47:be:28:c5-8b:e5:2f:16:68:4d-0c:a7:b1:bc:65:ee',276,169,262,12,NULL,NULL,'2014-01-21','2015-07-15',NULL,NULL,1189.00,0,0,1,0,1,1,NULL,NULL,NULL,NULL,NULL,'--- !ruby/hash:ActiveSupport::HashWithIndifferentAccess\nanschaffungskategorie: AV-Technik\nreference: invoice\numzug: zgeln\nankunftszustand: intakt\n','2015-07-15 05:06:03','2015-07-15 05:06:03'),(279,'e1zmfd8yycei3ofexkkr226','af:69:14:fb:68:64-8d:05:6d:56:83:25-66:40:4a:f2:ab:a5',277,170,263,9,NULL,NULL,'2014-03-09','2015-07-15',NULL,NULL,391.00,0,0,1,0,1,1,NULL,NULL,NULL,NULL,NULL,'--- !ruby/hash:ActiveSupport::HashWithIndifferentAccess\nanschaffungskategorie: AV-Technik\nreference: invoice\numzug: zgeln\nankunftszustand: intakt\n','2015-07-15 05:06:03','2015-07-15 05:06:03'),(280,'hbvs5d78uf2eweub7ex9227','d7:23:1b:ae:ae:17-b1:a2:75:dd:c5:7b-91:b2:6f:fa:c3:0d',278,171,264,7,NULL,NULL,'2013-12-19','2015-07-15',NULL,NULL,1269.00,0,0,1,0,1,1,NULL,NULL,NULL,NULL,NULL,'--- !ruby/hash:ActiveSupport::HashWithIndifferentAccess\nanschaffungskategorie: AV-Technik\nreference: invoice\numzug: zgeln\nankunftszustand: intakt\n','2015-07-15 05:06:03','2015-07-15 05:06:03'),(281,'8kz8pw4gig2lv1jaunfk228','71:16:6a:a1:52:d6-50:ee:34:0d:93:bb-ae:fd:59:bf:ff:ce',279,172,265,8,NULL,NULL,'2010-09-15','2015-07-15',NULL,NULL,1401.00,0,0,1,0,1,1,NULL,NULL,NULL,NULL,NULL,'--- !ruby/hash:ActiveSupport::HashWithIndifferentAccess\nanschaffungskategorie: AV-Technik\nreference: invoice\numzug: zgeln\nankunftszustand: intakt\n','2015-07-15 05:06:03','2015-07-15 05:06:03'),(282,'viex5btoud3jhnkk63c8229','6c:b8:ad:2e:b2:a2-86:3b:8b:28:6c:d6-81:80:90:e0:0d:ec',280,173,266,8,NULL,NULL,'2013-12-12','2015-07-15',NULL,NULL,737.00,0,0,1,0,1,1,NULL,NULL,NULL,NULL,NULL,'--- !ruby/hash:ActiveSupport::HashWithIndifferentAccess\nanschaffungskategorie: AV-Technik\nreference: invoice\numzug: zgeln\nankunftszustand: intakt\n','2015-07-15 05:06:03','2015-07-15 05:06:03'),(283,'33gwme67omny3j3696hm230','d2:aa:cf:af:66:de-50:8c:c8:55:48:de-8a:34:98:e2:8f:06',281,174,267,6,NULL,NULL,'2014-11-24','2015-07-15',NULL,NULL,430.00,0,0,1,0,1,1,NULL,NULL,NULL,NULL,NULL,'--- !ruby/hash:ActiveSupport::HashWithIndifferentAccess\nanschaffungskategorie: AV-Technik\nreference: invoice\numzug: zgeln\nankunftszustand: intakt\n','2015-07-15 05:06:03','2015-07-15 05:06:03'),(284,'2vxuvbwzr2ks1xxhw5px231','3a:b8:95:fc:4b:68-3a:01:3e:5b:1e:b8-94:fe:42:f1:a0:95',282,175,268,1,NULL,NULL,'2011-07-15','2015-07-15',NULL,NULL,441.00,0,0,1,0,1,1,NULL,NULL,NULL,NULL,NULL,'--- !ruby/hash:ActiveSupport::HashWithIndifferentAccess\nanschaffungskategorie: AV-Technik\nreference: invoice\numzug: zgeln\nankunftszustand: intakt\n','2015-07-15 05:06:03','2015-07-15 05:06:03'),(285,'0zn2ro0ejqfk573sze4y232','a6:34:bf:48:10:37-eb:68:5a:a2:41:9d-ca:ca:fc:87:37:cd',283,176,269,4,NULL,NULL,'2014-01-17','2015-07-15',NULL,NULL,1063.00,0,0,1,0,1,1,NULL,NULL,NULL,NULL,NULL,'--- !ruby/hash:ActiveSupport::HashWithIndifferentAccess\nanschaffungskategorie: AV-Technik\nreference: invoice\numzug: zgeln\nankunftszustand: intakt\n','2015-07-15 05:06:03','2015-07-15 05:06:03'),(286,'y8labkycdp5eyt7ekxm5233','6b:60:b4:31:a0:78-36:97:f6:3d:2f:a7-3e:aa:39:19:c6:f1',284,177,270,6,NULL,NULL,'2010-08-27','2015-07-15',NULL,NULL,98.00,0,0,1,0,1,1,NULL,NULL,NULL,NULL,NULL,'--- !ruby/hash:ActiveSupport::HashWithIndifferentAccess\nanschaffungskategorie: AV-Technik\nreference: invoice\numzug: zgeln\nankunftszustand: intakt\n','2015-07-15 05:06:03','2015-07-15 05:06:03'),(287,'5qaf30croz0z032zy3f6234','07:0b:05:c0:d5:e3-28:f8:19:03:69:d3-d2:33:44:da:3c:79',285,178,271,12,NULL,NULL,'2014-02-16','2015-07-15',NULL,NULL,1184.00,0,0,1,0,1,1,NULL,NULL,NULL,NULL,NULL,'--- !ruby/hash:ActiveSupport::HashWithIndifferentAccess\nanschaffungskategorie: AV-Technik\nreference: invoice\numzug: zgeln\nankunftszustand: intakt\n','2015-07-15 05:06:03','2015-07-15 05:06:03'),(288,'nwg7ky27k1dt57r46lya235','73:26:5d:33:8c:7e-9d:e0:79:06:fc:56-8f:a9:a8:9a:e7:b6',286,179,272,3,NULL,NULL,'2011-07-25','2015-07-10',NULL,NULL,1375.00,0,0,1,0,1,1,NULL,NULL,NULL,NULL,NULL,'--- !ruby/hash:ActiveSupport::HashWithIndifferentAccess\nanschaffungskategorie: AV-Technik\nreference: invoice\numzug: zgeln\nankunftszustand: intakt\n','2015-07-10 05:06:03','2015-07-10 05:06:03'),(289,'jc89e91s4rvm6x5o8t8i236','8a:57:78:90:62:a6-c8:9c:84:cc:68:62-be:82:d9:a3:9c:0d',287,180,273,11,NULL,NULL,'2012-04-24','2015-07-10',NULL,NULL,962.00,0,0,1,0,1,1,NULL,NULL,NULL,NULL,NULL,'--- !ruby/hash:ActiveSupport::HashWithIndifferentAccess\nanschaffungskategorie: AV-Technik\nreference: invoice\numzug: zgeln\nankunftszustand: intakt\n','2015-07-10 05:06:03','2015-07-10 05:06:03'),(290,'p4lbvcytjkewlych9vvw237','f7:6c:94:74:f3:70-1a:c4:83:dc:45:39-f2:9f:3a:d8:d3:fc',288,181,274,8,NULL,NULL,'2012-02-27','2015-07-10',NULL,NULL,975.00,0,0,1,0,1,1,NULL,NULL,NULL,NULL,NULL,'--- !ruby/hash:ActiveSupport::HashWithIndifferentAccess\nanschaffungskategorie: AV-Technik\nreference: invoice\numzug: zgeln\nankunftszustand: intakt\n','2015-07-10 05:06:03','2015-07-10 05:06:03'),(291,'s8ga1z2v3sayaillf6vn238','c9:ad:1d:ab:aa:f0-cc:1b:96:9d:38:c3-73:01:c9:81:48:a5',289,182,275,1,NULL,NULL,'2014-06-30','2015-07-10',NULL,NULL,1140.00,0,0,1,0,1,1,NULL,NULL,NULL,NULL,NULL,'--- !ruby/hash:ActiveSupport::HashWithIndifferentAccess\nanschaffungskategorie: AV-Technik\nreference: invoice\numzug: zgeln\nankunftszustand: intakt\n','2015-07-10 05:06:03','2015-07-10 05:06:03'),(292,'bbh4n9mf5ld3bqz2zqx1239','ad:89:a9:9a:2f:a9-8d:71:68:4b:83:56-07:c4:26:5c:d4:11',290,183,276,2,NULL,NULL,'2013-01-25','2015-07-12',NULL,NULL,69.00,0,0,1,0,1,1,NULL,NULL,NULL,NULL,NULL,'--- !ruby/hash:ActiveSupport::HashWithIndifferentAccess\nanschaffungskategorie: AV-Technik\nreference: invoice\numzug: zgeln\nankunftszustand: intakt\n','2015-07-12 05:06:03','2015-07-12 05:06:03'),(293,'6avqm2ypkeyu375md3ua240','dd:ac:d4:a4:7e:4e-16:a4:5e:6c:dc:8f-e7:ab:3e:a8:a8:d5',291,184,277,7,NULL,NULL,'2010-07-16','2015-07-12',NULL,NULL,1145.00,0,0,1,0,1,1,NULL,NULL,NULL,NULL,NULL,'--- !ruby/hash:ActiveSupport::HashWithIndifferentAccess\nanschaffungskategorie: AV-Technik\nreference: invoice\numzug: zgeln\nankunftszustand: intakt\n','2015-07-12 05:06:03','2015-07-12 05:06:03'),(294,'1cojo7h6gi66aijjki2b241','5b:19:bf:e0:cb:f5-d6:16:c9:4f:38:b3-c5:ad:47:9d:dd:f8',292,185,278,11,NULL,NULL,'2011-08-19','2015-07-12',NULL,NULL,1284.00,0,0,1,0,1,1,NULL,NULL,NULL,NULL,NULL,'--- !ruby/hash:ActiveSupport::HashWithIndifferentAccess\nanschaffungskategorie: AV-Technik\nreference: invoice\numzug: zgeln\nankunftszustand: intakt\n','2015-07-12 05:06:03','2015-07-12 05:06:03'),(295,'qvknfqy0rrm5378quoae242','ac:a4:d2:29:a9:77-80:aa:d7:44:6e:08-c7:d0:a3:10:53:88',293,186,279,3,NULL,NULL,'2013-06-23','2015-07-12',NULL,NULL,1381.00,0,0,1,0,1,1,NULL,NULL,NULL,NULL,NULL,'--- !ruby/hash:ActiveSupport::HashWithIndifferentAccess\nanschaffungskategorie: AV-Technik\nreference: invoice\numzug: zgeln\nankunftszustand: intakt\n','2015-07-12 05:06:03','2015-07-12 05:06:03');
/*!40000 ALTER TABLE `items` ENABLE KEYS */;
UNLOCK TABLES;

--
-- Table structure for table `languages`
--

DROP TABLE IF EXISTS `languages`;
/*!40101 SET @saved_cs_client     = @@character_set_client */;
/*!40101 SET character_set_client = utf8 */;
CREATE TABLE `languages` (
  `id` int(11) NOT NULL AUTO_INCREMENT,
  `name` varchar(255) COLLATE utf8_unicode_ci DEFAULT NULL,
  `locale_name` varchar(255) COLLATE utf8_unicode_ci DEFAULT NULL,
  `default` tinyint(1) DEFAULT NULL,
  `active` tinyint(1) DEFAULT NULL,
  PRIMARY KEY (`id`),
  UNIQUE KEY `index_languages_on_name` (`name`),
  KEY `index_languages_on_active_and_default` (`active`,`default`)
) ENGINE=InnoDB AUTO_INCREMENT=5 DEFAULT CHARSET=utf8 COLLATE=utf8_unicode_ci;
/*!40101 SET character_set_client = @saved_cs_client */;

--
-- Dumping data for table `languages`
--

LOCK TABLES `languages` WRITE;
/*!40000 ALTER TABLE `languages` DISABLE KEYS */;
INSERT INTO `languages` VALUES (1,'English (UK)','en-GB',1,1),(2,'English (US)','en-US',0,1),(3,'Deutsch','de-CH',0,1),(4,'Zrittsch','gsw-CH',0,1);
/*!40000 ALTER TABLE `languages` ENABLE KEYS */;
UNLOCK TABLES;

--
-- Table structure for table `locations`
--

DROP TABLE IF EXISTS `locations`;
/*!40101 SET @saved_cs_client     = @@character_set_client */;
/*!40101 SET character_set_client = utf8 */;
CREATE TABLE `locations` (
  `id` int(11) NOT NULL AUTO_INCREMENT,
  `room` varchar(255) COLLATE utf8_unicode_ci DEFAULT NULL,
  `shelf` varchar(255) COLLATE utf8_unicode_ci DEFAULT NULL,
  `building_id` int(11) DEFAULT NULL,
  PRIMARY KEY (`id`),
  KEY `index_locations_on_building_id` (`building_id`),
  CONSTRAINT `locations_building_id_fk` FOREIGN KEY (`building_id`) REFERENCES `buildings` (`id`)
) ENGINE=InnoDB AUTO_INCREMENT=187 DEFAULT CHARSET=utf8 COLLATE=utf8_unicode_ci;
/*!40101 SET character_set_client = @saved_cs_client */;

--
-- Dumping data for table `locations`
--

LOCK TABLES `locations` WRITE;
/*!40000 ALTER TABLE `locations` DISABLE KEYS */;
INSERT INTO `locations` VALUES (1,'SQ2','Desk',1),(2,'UG 13','Ausgabe',1),(3,'Voluptasdolor','nesciuntiusto',2),(4,'Optiocorrupti','nesciuntmagni',3),(5,'Odioimpedit','idcorporis',4),(6,'Excepturiofficia','possimusanimi',5),(7,'Sitquae','odita',6),(8,'Aperiamerror','placeatet',7),(9,'Providentminima','voluptatemmollitia',8),(10,'Veritatisrerum','mollitiaarchitecto',9),(11,'Mollitiavoluptatem','estaut',10),(12,'Quiasunt','aliquamearum',11),(13,'Itaquesunt','asperioreserror',12),(14,'Omnisaut','errornihil',13),(15,'Sitcumque','modialiquid',14),(16,'Laboreveritatis','quisut',15),(17,'Doloredolorem','esserepellat',16),(18,'Suscipitconsequatur','dolorquo',17),(19,'Quivel','fugiatrem',18),(20,'Quisquos','consequunturmagnam',19),(21,'Laboriosammaxime','nobisodio',20),(22,'Doloreminima','maximerepudiandae',21),(23,'Repellatratione','erroraperiam',22),(24,'Quosnecessitatibus','quisquameum',23),(25,'Laboriosamsint','enimnon',24),(26,'Dolorest','commodinihil',25),(27,'Laboredeleniti','nostrumveritatis',26),(28,'Quaeratvelit','sedunde',27),(29,'Harumreiciendis','nostrumiste',28),(30,'Doloribusquam','dolorummolestiae',29),(31,'Sitest','magnamsunt',30),(32,'Quoseligendi','necessitatibusnon',31),(33,'Culpanecessitatibus','iureomnis',32),(34,'Laborevoluptatem','quonatus',33),(35,'Magniautem','aliasab',34),(36,'Assumendaveritatis','distinctiorepellat',35),(37,'Quodminima','quasiasperiores',36),(38,'Possimuseligendi','quiesse',37),(39,'Repudiandaeipsam','ullamsed',38),(40,'Ipsavel','autsuscipit',39),(41,'Quisquamtotam','corruptisapiente',40),(42,'Voluptasaliquam','ducimuspraesentium',41),(43,'Velitsit','doloremodit',42),(44,'Officiarepellendus','essedelectus',43),(45,'Temporibusomnis','modiblanditiis',44),(46,'Occaecatiest','doloremoptio',45),(47,'Assumendaminima','possimusprovident',46),(48,'Nonautem','quiiure',47),(49,'Idqui','doloreseum',48),(50,'Autimpedit','culpaat',49),(51,'Utdebitis','eteius',50),(52,'Estlabore','eaassumenda',51),(53,'Molestiaefugiat','esseaut',52),(54,'Autsapiente','voluptatemvoluptas',53),(55,'Doloremlibero','temporased',54),(56,'Eumquam','autenim',55),(57,'Quaeratlaboriosam','eaquequi',56),(58,'Nisiet','doloremaut',57),(59,'Inciduntquis','doloremex',58),(60,'Aperiamnobis','esteligendi',59),(61,'Laboriosammollitia','velitdolores',60),(62,'Evenietexcepturi','quislabore',61),(63,'Enimvoluptatem','abquisquam',62),(64,'Molestiaequi','adipisciid',63),(65,'Beataeea','nequeblanditiis',64),(66,'Quiaaccusamus','delenitieum',65),(67,'Autminus','oditnesciunt',66),(68,'Rerumaperiam','sintquia',67),(69,'Repellenduscorrupti','ipsammolestiae',68),(70,'Autmolestias','sitvoluptatum',69),(71,'Inaliquid','impeditcorrupti',70),(72,'Aliquamet','recusandaeex',71),(73,'Etlabore','autquia',72),(74,'Iustodeleniti','estet',73),(75,'Perferendismolestias','sequiaccusamus',74),(76,'Ipsumdoloremque','pariatursimilique',75),(77,'Beataeconsequatur','repudiandaecum',76),(78,'Fugitet','laudantiumfuga',77),(79,'Veritatisenim','eosalias',78),(80,'Velitalias','eaqueiusto',79),(81,'Etquaerat','etlabore',80),(82,'Saepeperferendis','providentconsequatur',81),(83,'Inciduntut','eaconsequatur',82),(84,'Repudiandaerepellat','velquis',83),(85,'Doloremquenobis','molestiaesuscipit',84),(86,'Harumeos','numquamfugiat',85),(87,'Nonincidunt','laboriosamarchitecto',86),(88,'Repellatet','animifugiat',87),(89,'Animiplaceat','saepeveritatis',88),(90,'Voluptatempraesentium','ipsaomnis',89),(91,'Undeex','repellatvoluptatem',90),(92,'Sedexplicabo','maximenesciunt',91),(93,'Quisnon','mollitiarepellat',92),(94,'Minusut','facilisomnis',93),(95,'Voluptatemfugiat','quianatus',94),(96,'Cumquenemo','optioet',95),(97,'Ducimusenim','eumtemporibus',96),(98,'Sintassumenda','nostrumet',97),(99,'Fugitamet','veritatisquibusdam',98),(100,'Temporaminima','quibusdamminus',99),(101,'Nesciuntexercitationem','nontempore',100),(102,'Repellatinventore','utmolestiae',101),(103,'Quasieum','etquas',102),(104,'Esseitaque','autneque',103),(105,'Quiamaxime','rerummollitia',104),(106,'Quaeratqui','dolorminima',105),(107,'Rerumexplicabo','idodio',106),(108,'Totamfugiat','exsit',107),(109,'Etaut','eoset',108),(110,'Quopossimus','etrepellendus',109),(111,'Quismolestias','temporavel',110),(112,'Laudantiumnisi','utdignissimos',111),(113,'Doloresut','modiet',112),(114,'Dictaquia','saepeiste',113),(115,'Autemaut','cupiditateeum',114),(116,'Repellatarchitecto','etdoloribus',115),(117,'Etdolorum','voluptatumfacere',116),(118,'Natusincidunt','essehic',117),(119,'Quinam','aliquamvoluptatem',118),(120,'Minusdeserunt','consequaturtempore',119),(121,'Porrorerum','utin',120),(122,'Eatempora','etquae',121),(123,'Nonin','distinctioquo',122),(124,'Optiorepellendus','doloreet',123),(125,'Providentut','quifugit',124),(126,'Maioresquae','atquevoluptate',125),(127,'Etquae','nobisvoluptatem',126),(128,'Rerummaxime','pariatureius',127),(129,'Utquibusdam','exquasi',128),(130,'Utaut','hiciusto',129),(131,'Excepturiminima','voluptateaut',130),(132,'Aspernatureligendi','verovoluptas',131),(133,'Aaliquam','odioconsequatur',132),(134,'Undequidem','solutaeligendi',133),(135,'Quirepellat','abnesciunt',134),(136,'Modiut','eumcumque',135),(137,'Omnisillum','doloribusiusto',136),(138,'Autvoluptatem','repudiandaequi',137),(139,'Repellatdoloribus','atut',138),(140,'Consequunturearum','teneturimpedit',139),(141,'Velitdolor','voluptatumconsequatur',140),(142,'Etodio','beataeet',141),(143,'Explicabosuscipit','optiominima',142),(144,'Voluptatibusminus','istecumque',143),(145,'Doloribuset','solutarepudiandae',144),(146,'Praesentiumdeleniti','ducimusbeatae',145),(147,'Estpraesentium','nostrumminus',146),(148,'Voluptasofficiis','occaecatianimi',147),(149,'Sitcum','nihilconsequatur',148),(150,'Minimaitaque','velitvoluptatem',149),(151,'Utmollitia','assumendanon',150),(152,'Earumcorporis','repudiandaeaperiam',151),(153,'Inventoreprovident','aliquamquia',152),(154,'Cumquesed','excepturiet',153),(155,'Consequaturaccusantium','sitdolorum',154),(156,'Teneturqui','inventoreporro',155),(157,'Eaquia','noncupiditate',156),(158,'Nihilquos','providentvoluptatem',157),(159,'Omnisvitae','etad',158),(160,'Inest','corruptiatque',159),(161,'Magnamenim','velittenetur',160),(162,'Doloremnemo','inciduntid',161),(163,'Inventoreaut','voluptasdeserunt',162),(164,'Sintet','inmolestiae',163),(165,'Etunde','sintipsam',164),(166,'Nesciuntveritatis','excepturideserunt',165),(167,'Adipiscinihil','vitaemagni',166),(168,'Itaquedolore','voluptasrepudiandae',167),(169,'Voluptatemomnis','voluptatemvoluptates',168),(170,'Estrerum','quamrem',169),(171,'Reiciendiset','praesentiummaiores',170),(172,'Cumquemolestiae','quivoluptatibus',171),(173,'Nonquo','dictafugiat',172),(174,'Quodnulla','laboreiste',173),(175,'Sequiquae','sitfacilis',174),(176,'Eaqueaccusantium','earumfugit',175),(177,'Ipsumet','etnam',176),(178,'Quiavoluptatem','doloremquevoluptas',177),(179,'Atmodi','abqui',178),(180,'Ducimusneque','utamet',179),(181,'Maximea','oditdolorem',180),(182,'Optioipsa','quaeratquia',181),(183,'Ametet','autemet',182),(184,'Iurequos','etaut',183),(185,'Temporenumquam','minuslaborum',184),(186,'Providentenim','autembeatae',185);
/*!40000 ALTER TABLE `locations` ENABLE KEYS */;
UNLOCK TABLES;

--
-- Table structure for table `model_group_links`
--

DROP TABLE IF EXISTS `model_group_links`;
/*!40101 SET @saved_cs_client     = @@character_set_client */;
/*!40101 SET character_set_client = utf8 */;
CREATE TABLE `model_group_links` (
  `id` int(11) NOT NULL AUTO_INCREMENT,
  `ancestor_id` int(11) DEFAULT NULL,
  `descendant_id` int(11) DEFAULT NULL,
  `direct` tinyint(1) DEFAULT NULL,
  `count` int(11) DEFAULT NULL,
  `label` varchar(255) COLLATE utf8_unicode_ci DEFAULT NULL,
  PRIMARY KEY (`id`),
  KEY `index_model_group_links_on_ancestor_id` (`ancestor_id`),
  KEY `index_model_group_links_on_direct` (`direct`),
  KEY `index_on_descendant_id_and_ancestor_id_and_direct` (`descendant_id`,`ancestor_id`,`direct`),
  CONSTRAINT `model_group_links_descendant_id_fk` FOREIGN KEY (`descendant_id`) REFERENCES `model_groups` (`id`) ON DELETE CASCADE,
  CONSTRAINT `model_group_links_ancestor_id_fk` FOREIGN KEY (`ancestor_id`) REFERENCES `model_groups` (`id`) ON DELETE CASCADE
) ENGINE=InnoDB AUTO_INCREMENT=9 DEFAULT CHARSET=utf8 COLLATE=utf8_unicode_ci;
/*!40101 SET character_set_client = @saved_cs_client */;

--
-- Dumping data for table `model_group_links`
--

LOCK TABLES `model_group_links` WRITE;
/*!40000 ALTER TABLE `model_group_links` DISABLE KEYS */;
INSERT INTO `model_group_links` VALUES (1,2,8,1,1,NULL),(2,5,9,1,1,NULL),(3,1,9,1,1,NULL),(4,2,10,1,1,NULL),(5,5,10,1,1,NULL),(6,1,11,0,1,NULL),(7,5,11,0,1,NULL),(8,9,11,1,1,NULL);
/*!40000 ALTER TABLE `model_group_links` ENABLE KEYS */;
UNLOCK TABLES;

--
-- Table structure for table `model_groups`
--

DROP TABLE IF EXISTS `model_groups`;
/*!40101 SET @saved_cs_client     = @@character_set_client */;
/*!40101 SET character_set_client = utf8 */;
CREATE TABLE `model_groups` (
  `id` int(11) NOT NULL AUTO_INCREMENT,
  `type` varchar(255) COLLATE utf8_unicode_ci DEFAULT NULL,
  `name` varchar(255) COLLATE utf8_unicode_ci DEFAULT NULL,
  `created_at` datetime DEFAULT NULL,
  `updated_at` datetime DEFAULT NULL,
  PRIMARY KEY (`id`),
  KEY `index_model_groups_on_type` (`type`)
) ENGINE=InnoDB AUTO_INCREMENT=15 DEFAULT CHARSET=utf8 COLLATE=utf8_unicode_ci;
/*!40101 SET character_set_client = @saved_cs_client */;

--
-- Dumping data for table `model_groups`
--

LOCK TABLES `model_groups` WRITE;
/*!40000 ALTER TABLE `model_groups` DISABLE KEYS */;
INSERT INTO `model_groups` VALUES (1,'Category','Beamer','2015-07-15 05:06:03','2015-07-15 05:06:03'),(2,'Category','Kameras','2015-07-15 05:06:03','2015-07-15 05:06:03'),(3,'Category','Stative','2015-07-15 05:06:03','2015-07-15 05:06:03'),(4,'Category','Hifi-Anlagen','2015-07-15 05:06:03','2015-07-15 05:06:03'),(5,'Category','Notebooks','2015-07-15 05:06:03','2015-07-15 05:06:03'),(6,'Category','RC Helikopter','2015-07-15 05:06:03','2015-07-15 05:06:03'),(7,'Category','Computer','2015-07-15 05:06:03','2015-07-15 05:06:03'),(8,'Category','Kurzdistanz','2015-07-15 05:06:03','2015-07-15 05:06:03'),(9,'Category','Portabel','2015-07-15 05:06:03','2015-07-15 05:06:03'),(10,'Category','Standard','2015-07-15 05:06:03','2015-07-15 05:06:03'),(11,'Category','Micro','2015-07-15 05:06:03','2015-07-15 05:06:03'),(12,'Template','Kamera & Stativ','2015-07-15 05:06:03','2015-07-15 05:06:03'),(13,'Template','Beamer & Hifi','2015-07-15 05:06:03','2015-07-15 05:06:03'),(14,'Template','Unaccomplishable template','2015-07-15 05:06:03','2015-07-15 05:06:03');
/*!40000 ALTER TABLE `model_groups` ENABLE KEYS */;
UNLOCK TABLES;

--
-- Table structure for table `model_links`
--

DROP TABLE IF EXISTS `model_links`;
/*!40101 SET @saved_cs_client     = @@character_set_client */;
/*!40101 SET character_set_client = utf8 */;
CREATE TABLE `model_links` (
  `id` int(11) NOT NULL AUTO_INCREMENT,
  `model_group_id` int(11) DEFAULT NULL,
  `model_id` int(11) DEFAULT NULL,
  `quantity` int(11) DEFAULT '1',
  PRIMARY KEY (`id`),
  KEY `index_model_links_on_model_id_and_model_group_id` (`model_id`,`model_group_id`),
  KEY `index_model_links_on_model_group_id_and_model_id` (`model_group_id`,`model_id`),
  CONSTRAINT `model_links_model_id_fk` FOREIGN KEY (`model_id`) REFERENCES `models` (`id`) ON DELETE CASCADE,
  CONSTRAINT `model_links_model_group_id_fk` FOREIGN KEY (`model_group_id`) REFERENCES `model_groups` (`id`) ON DELETE CASCADE
) ENGINE=InnoDB AUTO_INCREMENT=74 DEFAULT CHARSET=utf8 COLLATE=utf8_unicode_ci;
/*!40101 SET character_set_client = @saved_cs_client */;

--
-- Dumping data for table `model_links`
--

LOCK TABLES `model_links` WRITE;
/*!40000 ALTER TABLE `model_links` DISABLE KEYS */;
INSERT INTO `model_links` VALUES (1,1,24,1),(2,1,25,1),(3,1,26,1),(4,1,27,1),(5,1,28,1),(6,1,29,1),(7,1,30,1),(8,1,31,1),(9,1,32,1),(10,1,33,1),(11,1,34,1),(12,1,35,1),(13,1,36,1),(14,1,37,1),(15,1,38,1),(16,1,39,1),(17,1,40,1),(18,1,41,1),(19,1,42,1),(20,1,43,1),(21,2,44,1),(22,2,45,1),(23,2,46,1),(24,2,47,1),(25,2,48,1),(26,2,49,1),(27,2,50,1),(28,2,51,1),(29,2,52,1),(30,2,53,1),(31,2,54,1),(32,2,55,1),(33,2,56,1),(34,2,57,1),(35,2,58,1),(36,2,59,1),(37,2,60,1),(38,2,61,1),(39,2,62,1),(40,2,63,1),(41,2,64,1),(42,2,65,1),(43,2,66,1),(44,2,67,1),(45,2,68,1),(46,2,69,1),(47,2,70,1),(48,2,71,1),(49,2,72,1),(50,2,73,1),(51,5,1,1),(52,1,2,1),(53,9,2,1),(54,1,3,1),(55,1,4,1),(56,1,6,1),(57,9,6,1),(58,11,7,1),(59,2,8,1),(60,3,9,1),(61,4,10,1),(62,2,13,1),(63,5,14,1),(64,6,15,1),(65,6,16,1),(66,6,17,1),(67,7,18,1),(68,12,8,1),(69,12,9,1),(70,13,2,1),(71,13,10,1),(72,14,8,1),(73,14,9,1);
/*!40000 ALTER TABLE `model_links` ENABLE KEYS */;
UNLOCK TABLES;

--
-- Table structure for table `models`
--

DROP TABLE IF EXISTS `models`;
/*!40101 SET @saved_cs_client     = @@character_set_client */;
/*!40101 SET character_set_client = utf8 */;
CREATE TABLE `models` (
  `id` int(11) NOT NULL AUTO_INCREMENT,
  `type` varchar(255) COLLATE utf8_unicode_ci NOT NULL DEFAULT 'Model',
  `manufacturer` varchar(255) COLLATE utf8_unicode_ci DEFAULT NULL,
  `product` varchar(255) COLLATE utf8_unicode_ci NOT NULL,
  `version` varchar(255) COLLATE utf8_unicode_ci DEFAULT NULL,
  `description` text COLLATE utf8_unicode_ci,
  `internal_description` text COLLATE utf8_unicode_ci,
  `info_url` varchar(255) COLLATE utf8_unicode_ci DEFAULT NULL,
  `rental_price` decimal(8,2) DEFAULT NULL,
  `maintenance_period` int(11) DEFAULT '0',
  `is_package` tinyint(1) DEFAULT '0',
  `technical_detail` text COLLATE utf8_unicode_ci,
  `hand_over_note` text COLLATE utf8_unicode_ci,
  `created_at` datetime DEFAULT NULL,
  `updated_at` datetime DEFAULT NULL,
  PRIMARY KEY (`id`),
  KEY `index_models_on_is_package` (`is_package`),
  KEY `index_models_on_type` (`type`)
) ENGINE=InnoDB AUTO_INCREMENT=294 DEFAULT CHARSET=utf8 COLLATE=utf8_unicode_ci;
/*!40101 SET character_set_client = @saved_cs_client */;

--
-- Dumping data for table `models`
--

LOCK TABLES `models` WRITE;
/*!40000 ALTER TABLE `models` DISABLE KEYS */;
INSERT INTO `models` VALUES (1,'Model','Apple','MacBookPro',NULL,'Laptop fr Studis und Angestellte.','Dicta labore laudantium doloribus dolor.',NULL,NULL,0,0,'Quia placeat voluptatibus quia.','Mit Verpackung aushndigen.','2015-07-15 05:06:03','2015-07-15 05:06:03'),(2,'Model','Sharp','Sharp Beamer','123','Beamer, geeignet fr alle Verwendungszwecke.','Et qui consequuntur quia.',NULL,NULL,0,0,'Facere vitae doloremque distinctio autem sunt sapiente fugit.','Beamer braucht ein VGA Kabel!','2015-07-15 05:06:03','2015-07-15 05:06:03'),(3,'Model','Sharp','Sharp Beamer 2D',NULL,'Beamer, geeignet fr alle Verwendungszwecke.','Hic dicta vel est aliquid et tenetur in aspernatur.',NULL,NULL,0,0,'Esse et veniam laborum.','Qui non nemo nulla voluptas voluptates ut expedita.','2015-07-15 05:06:03','2015-07-15 05:06:03'),(4,'Model','Panasonic','Mini Beamer',NULL,'Beamer, geeignet fr alle Verwendungszwecke.','In ut recusandae cumque totam rem quis.',NULL,NULL,0,0,'Quibusdam tempore ad officia sit et.','Eum consectetur error accusamus harum laboriosam deleniti.','2015-07-15 05:06:03','2015-07-15 05:06:03'),(5,'Model','Panasonic','Sharp Beamer','456','Beamer, geeignet fr alle Verwendungszwecke.','Voluptas molestiae officia quasi.',NULL,NULL,0,0,'Quasi non quam incidunt a consequatur.','Beamer braucht ein VGA Kabel!','2015-07-15 05:06:03','2015-07-15 05:06:03'),(6,'Model','Sony','Ultra Compact Beamer',NULL,'Besonders kleiner Beamer.','Temporibus pariatur ducimus neque reiciendis tempora aut molestiae.',NULL,NULL,0,0,'Animi accusamus quasi ipsum et magnam molestias provident nulla.','Beamer braucht ein VGA Kabel!','2015-07-15 05:06:03','2015-07-15 05:06:03'),(7,'Model','Micro','Micro Beamer',NULL,'Besonders mikro kleiner Beamer.','Aliquam voluptatem dolorem voluptatem officiis doloribus.',NULL,NULL,0,0,'Itaque et aut ut sunt rerum.','Beamer braucht ein VGA Kabel!','2015-07-15 05:06:03','2015-07-15 05:06:03'),(8,'Model','Nikon','Kamera Nikon','X12','Super Kamera.','Asperiores porro quo rerum qui qui sint dolore.',NULL,NULL,0,0,'Sapiente assumenda ullam repellat distinctio molestiae voluptate consequuntur asperiores.','Kamera braucht Akkus!','2015-07-15 05:06:03','2015-07-15 05:06:03'),(9,'Model','Feli','Kamera Stativ','123','Stabiles Kamera Stativ','Excepturi inventore beatae necessitatibus maiores aliquam sapiente.',NULL,NULL,0,0,'Nostrum aut animi esse nihil ut.','Stativ muss mit Stativtasche ausgehndigt werden.','2015-07-15 05:06:03','2015-07-15 05:06:03'),(10,'Model','Sony','Hifi Standard',NULL,'Minima explicabo vero quos.','Rerum non expedita impedit voluptas sunt.',NULL,NULL,2,0,'Tempora in perferendis quae.','Qui sint consequatur tenetur est ad placeat repellendus repellat.','2015-07-15 05:06:03','2015-07-15 05:06:03'),(11,'Model','Bose','Bose AE2W',NULL,'Sit mollitia autem commodi autem. Aut nulla natus nisi fuga dignissimos. Pariatur est sunt. Ut aspernatur ut ducimus odit. Aut distinctio dolor qui minima.','Hic et non molestias assumenda vero.',NULL,NULL,1,0,'Eum nihil ut magni minus rerum soluta libero.','Voluptatem quia accusamus porro ut.','2015-07-15 05:06:03','2015-07-15 05:06:03'),(12,'Model','Bose','Bose XG4',NULL,'Sunt expedita consequatur sapiente reiciendis rem. Sit consequatur laudantium. Perspiciatis ullam ducimus cum nam excepturi quis. Necessitatibus sit explicabo.','Numquam laudantium ea a.',NULL,NULL,0,0,'Cupiditate assumenda aut sit ullam quidem.','Sunt hic facere minus iste voluptas in soluta eius.','2015-07-15 05:06:03','2015-07-15 05:06:03'),(13,'Model','Canon','Kamera Canon D5',NULL,'Ganz teure Kamera','Dolor facilis porro aut a reiciendis.',NULL,NULL,0,0,'Qui voluptatem et cupiditate dignissimos explicabo dolorum molestias non.','Kamera braucht Akkus!','2015-07-15 05:06:03','2015-07-15 05:06:03'),(14,'Model','Microsoft','Windows Laptop',NULL,'Ein Laptop der Marke Microsoft','Et tenetur labore sit et.',NULL,NULL,0,0,'Quibusdam doloribus eligendi qui natus voluptas earum aut eos.','Laptop mit Tasche ausgeben','2015-07-15 05:06:03','2015-07-15 05:06:03'),(15,'Model','Walkera','Walkera v120','1G','3D Helikopter','Qui quibusdam iusto corporis eaque.',NULL,NULL,0,0,'Quo voluptatem commodi ut eius quam reiciendis.','Similique et natus qui.','2015-07-15 05:06:03','2015-07-15 05:06:03'),(16,'Model','Walkera','Walkera v120','2G','3D Helikopter','Ut vitae nihil quidem modi.',NULL,NULL,0,0,'Et cupiditate consequatur unde libero in ipsam similique esse.','Voluptas est dolores quia iste nisi.','2015-07-15 05:06:03','2015-07-15 05:06:03'),(17,'Model','Walkera','Walkera v120','3G','3D Helikopter','Animi eum repellendus corporis voluptates.',NULL,NULL,0,0,'Aut temporibus repudiandae id quia aut ducimus porro qui.','Sunt qui ab placeat consectetur aut enim.','2015-07-15 05:06:03','2015-07-15 05:06:03'),(18,'Model','Apple','iMac',NULL,'Apples alter iMac','Corrupti adipisci sit soluta odit ea.',NULL,NULL,0,0,'Quis pariatur mollitia reiciendis similique laboriosam quia.','Eius et in ducimus possimus unde doloremque qui.','2015-07-15 05:06:03','2015-07-15 05:06:03'),(19,'Model','Apple','MacBook Air',NULL,'Aspernatur sint eaque consequatur id est sapiente nobis nesciunt.','Molestiae doloribus voluptate non amet porro pariatur sit nulla.',NULL,NULL,0,0,'Labore autem repellat vero aut minus sint.','Cupiditate sunt velit est.','2015-07-15 05:06:03','2015-07-15 05:06:03'),(20,'Model','Lenovo','Thinkpad','X230','Aspernatur dignissimos tempore illum.','Nulla eveniet consectetur quae sed impedit.',NULL,NULL,0,0,'Dolorum quibusdam natus doloribus dolor placeat earum possimus.','Rerum laboriosam facere ut ut voluptatem et.','2015-07-15 05:06:03','2015-07-15 05:06:03'),(21,'Model','Lenovo','Thinkpad','X301','Quae sit enim corrupti odio.','Molestias accusantium inventore illum.',NULL,NULL,0,0,'Quis architecto quaerat repellendus est dolore qui aperiam laudantium.','Quia est eius officiis quasi aliquid delectus.','2015-07-15 05:06:03','2015-07-15 05:06:03'),(22,'Model','Lenovo','Thinkpad','Carbon','Libero inventore beatae cumque voluptatem veritatis esse.','Vitae facere natus laboriosam molestiae voluptas tempora voluptatem dolorum.',NULL,NULL,0,0,'Voluptatum et et aut.','Hic esse debitis consequatur ipsam magni officia.','2015-07-15 05:06:03','2015-07-15 05:06:03'),(23,'Model','Dell','Inspiron','7000','Placeat tenetur est cumque omnis quam et.','Provident eligendi corporis quibusdam mollitia.',NULL,NULL,0,0,'Officiis voluptas nesciunt error nihil est.','Sint facilis dolorem commodi ut ex consequatur.','2015-07-15 05:06:03','2015-07-15 05:06:03'),(24,'Model','Sony','Beamer 1 ea','1','Explicabo perspiciatis sit cum recusandae amet ea.','Natus et animi qui quam nesciunt aut.',NULL,NULL,0,0,'Culpa nobis quaerat sapiente omnis neque consequatur.','Beamer braucht ein VGA Kabel!','2015-07-15 05:06:03','2015-07-15 05:06:03'),(25,'Model','Sony','Beamer 2 ea','2','Autem odio eaque eum voluptatem deserunt ut sunt.','Aspernatur molestiae ducimus est molestiae.',NULL,NULL,0,0,'Error facilis vero aut.','Beamer braucht ein VGA Kabel!','2015-07-15 05:06:03','2015-07-15 05:06:03'),(26,'Model','Sony','Beamer 3 sit','3','Reprehenderit ipsa provident autem.','Consequatur nisi ratione voluptatem qui et officiis eos.',NULL,NULL,0,0,'Adipisci commodi quia labore.','Beamer braucht ein VGA Kabel!','2015-07-15 05:06:03','2015-07-15 05:06:03'),(27,'Model','Sony','Beamer 4 natus','4','Nemo ut unde voluptatem laborum fugit officiis odio.','Recusandae omnis rem corrupti consequatur unde.',NULL,NULL,0,0,'Enim voluptatem consequatur mollitia sunt eos non.','Beamer braucht ein VGA Kabel!','2015-07-15 05:06:03','2015-07-15 05:06:03'),(28,'Model','Sony','Beamer 5 assumenda','5','Temporibus quia dolores nisi incidunt non ut facilis nemo.','Ducimus nulla magnam quidem sunt et delectus architecto.',NULL,NULL,0,0,'Rerum qui sint qui.','Beamer braucht ein VGA Kabel!','2015-07-15 05:06:03','2015-07-15 05:06:03'),(29,'Model','Sony','Beamer 6 sapiente','6','Doloremque dolorem enim qui est id ea ipsa.','Libero rerum magnam maiores ut doloremque voluptatibus.',NULL,NULL,0,0,'Et amet tempora voluptas ad.','Beamer braucht ein VGA Kabel!','2015-07-15 05:06:03','2015-07-15 05:06:03'),(30,'Model','Sony','Beamer 7 ut','7','Eaque dolor debitis quaerat ipsum dolores sit velit laboriosam.','Modi cupiditate sequi occaecati.',NULL,NULL,0,0,'Autem possimus consequuntur aut et fugiat doloremque necessitatibus.','Beamer braucht ein VGA Kabel!','2015-07-15 05:06:03','2015-07-15 05:06:03'),(31,'Model','Sony','Beamer 8 officia','8','Officiis eligendi iure deserunt veritatis neque velit.','Eveniet nihil consequatur dolor quisquam doloremque error.',NULL,NULL,0,0,'Modi porro necessitatibus enim quas quasi.','Beamer braucht ein VGA Kabel!','2015-07-15 05:06:03','2015-07-15 05:06:03'),(32,'Model','Sony','Beamer 9 dolorem','9','Laudantium corporis facere harum incidunt.','Neque est quae consequuntur molestias voluptas et officia libero.',NULL,NULL,0,0,'Eius quia rerum nam provident veritatis sint aut autem.','Beamer braucht ein VGA Kabel!','2015-07-15 05:06:03','2015-07-15 05:06:03'),(33,'Model','Sony','Beamer 10 expedita','10','Et deleniti minima et alias.','Quis autem pariatur est culpa illo aut voluptatum repellat.',NULL,NULL,0,0,'Sit laborum explicabo voluptatum ut.','Beamer braucht ein VGA Kabel!','2015-07-15 05:06:03','2015-07-15 05:06:03'),(34,'Model','Sony','Beamer 11 quia','11','Consectetur delectus aut consequatur sint quia dolorum autem quas.','Veritatis neque quia eius itaque.',NULL,NULL,0,0,'Enim ullam et nisi ipsam libero non aut.','Beamer braucht ein VGA Kabel!','2015-07-15 05:06:03','2015-07-15 05:06:03'),(35,'Model','Sony','Beamer 12 aspernatur','12','Dignissimos quae mollitia aut voluptatem distinctio dolore consequatur architecto.','Qui culpa eius dolorum laudantium assumenda.',NULL,NULL,0,0,'Adipisci accusamus ipsum ut.','Beamer braucht ein VGA Kabel!','2015-07-15 05:06:03','2015-07-15 05:06:03'),(36,'Model','Sony','Beamer 13 sunt','13','Voluptatum ut doloremque quia quidem ipsa voluptatem nemo et.','Excepturi molestiae ipsa at blanditiis.',NULL,NULL,0,0,'Omnis rerum quis vitae consectetur et architecto ut.','Beamer braucht ein VGA Kabel!','2015-07-15 05:06:03','2015-07-15 05:06:03'),(37,'Model','Sony','Beamer 14 neque','14','Ratione nemo qui nostrum eaque possimus eius enim.','Dolorem qui nesciunt aut aut reiciendis adipisci.',NULL,NULL,0,0,'Quo quas laudantium veniam ipsa.','Beamer braucht ein VGA Kabel!','2015-07-15 05:06:03','2015-07-15 05:06:03'),(38,'Model','Sony','Beamer 15 est','15','Assumenda corporis architecto voluptas officia et ipsum numquam nobis.','Dolorem harum sunt fugiat laboriosam nihil dolor eligendi est.',NULL,NULL,0,0,'Officia voluptatibus animi quos nam architecto ut.','Beamer braucht ein VGA Kabel!','2015-07-15 05:06:03','2015-07-15 05:06:03'),(39,'Model','Sony','Beamer 16 mollitia','16','Dolor distinctio numquam autem commodi tenetur eum ut veritatis.','Deleniti iure suscipit omnis maxime nisi enim occaecati.',NULL,NULL,0,0,'Omnis rerum qui impedit ut quas quo qui veniam.','Beamer braucht ein VGA Kabel!','2015-07-15 05:06:03','2015-07-15 05:06:03'),(40,'Model','Sony','Beamer 17 eum','17','Eum sunt animi rerum dolores saepe quas officiis.','Et vero mollitia architecto debitis vel.',NULL,NULL,0,0,'Iure inventore est quasi ducimus id.','Beamer braucht ein VGA Kabel!','2015-07-15 05:06:03','2015-07-15 05:06:03'),(41,'Model','Sony','Beamer 18 vero','18','Nihil omnis sint delectus excepturi minima.','Ut excepturi vel et soluta dicta nisi.',NULL,NULL,0,0,'Sunt voluptatem qui tempore possimus commodi.','Beamer braucht ein VGA Kabel!','2015-07-15 05:06:03','2015-07-15 05:06:03'),(42,'Model','Sony','Beamer 19 repudiandae','19','Repellat explicabo tempora doloribus ipsum necessitatibus.','Dolor aliquam aspernatur molestiae officiis.',NULL,NULL,0,0,'Fugit ut minus ipsam soluta culpa voluptate animi.','Beamer braucht ein VGA Kabel!','2015-07-15 05:06:03','2015-07-15 05:06:03'),(43,'Model','Sony','Beamer 20 perferendis','20','Qui consequatur veniam et occaecati ut earum.','Odit veritatis rem neque.',NULL,NULL,0,0,'Suscipit a minus dicta.','Beamer braucht ein VGA Kabel!','2015-07-15 05:06:03','2015-07-15 05:06:03'),(44,'Model','Nikon','Kameras 1 nesciunt','21','Ea recusandae et aut deleniti animi modi est eum.','Dolores totam et aliquam et repellendus et quae.',NULL,NULL,0,0,'Ea a quasi optio.',NULL,'2015-07-15 05:06:03','2015-07-15 05:06:03'),(45,'Model','Nikon','Kameras 2 enim','22','Repellat aut veniam facilis et voluptatem illo.','Qui temporibus minus voluptatem nulla voluptatem est odit quo.',NULL,NULL,0,0,'Et tempore architecto hic illum porro.',NULL,'2015-07-15 05:06:03','2015-07-15 05:06:03'),(46,'Model','Nikon','Kameras 3 et','23','Ducimus dolore enim itaque atque aut.','Blanditiis quia nisi aut sed.',NULL,NULL,0,0,'Id quos et inventore omnis voluptates molestiae vel.',NULL,'2015-07-15 05:06:03','2015-07-15 05:06:03'),(47,'Model','Nikon','Kameras 4 rerum','24','Ut occaecati temporibus aliquam cumque excepturi voluptatem odit et.','Delectus ea officia vero in molestiae.',NULL,NULL,0,0,'Quia quos iusto est voluptatibus minus.',NULL,'2015-07-15 05:06:03','2015-07-15 05:06:03'),(48,'Model','Nikon','Kameras 5 omnis','25','Autem dignissimos architecto commodi ea omnis delectus nam.','Sit ex et quisquam tempora et harum qui.',NULL,NULL,0,0,'Nihil sit dolor nobis voluptatum reprehenderit.',NULL,'2015-07-15 05:06:03','2015-07-15 05:06:03'),(49,'Model','Nikon','Kameras 6 vel','26','Omnis voluptas ut aut saepe debitis qui suscipit doloribus.','Dolor ut non qui illum doloremque quia.',NULL,NULL,0,0,'Et ad voluptatem sunt cum.',NULL,'2015-07-15 05:06:03','2015-07-15 05:06:03'),(50,'Model','Nikon','Kameras 7 quidem','27','Qui laudantium minus sint fuga quae molestiae.','Nam sunt et quod enim ad.',NULL,NULL,0,0,'Soluta aut officiis incidunt consequatur ut.',NULL,'2015-07-15 05:06:03','2015-07-15 05:06:03'),(51,'Model','Nikon','Kameras 8 aut','28','Recusandae possimus deleniti numquam.','Recusandae explicabo quis deleniti laborum nostrum qui temporibus dolor.',NULL,NULL,0,0,'Laudantium neque eos commodi reprehenderit in ad dolorum.',NULL,'2015-07-15 05:06:03','2015-07-15 05:06:03'),(52,'Model','Nikon','Kameras 9 fugit','29','Mollitia quasi earum sequi eligendi quia.','Accusantium saepe eos aut qui et.',NULL,NULL,0,0,'Id laboriosam et eius consequatur.',NULL,'2015-07-15 05:06:03','2015-07-15 05:06:03'),(53,'Model','Nikon','Kameras 10 vero','30','Fugit voluptates dolorem animi qui enim.','Aut quos enim quae doloribus.',NULL,NULL,0,0,'Consequuntur molestias quos facere.',NULL,'2015-07-15 05:06:03','2015-07-15 05:06:03'),(54,'Model','Nikon','Kameras 11 inventore','31','Et aut sit porro consequatur.','Eligendi sit fugit ipsum qui repellendus accusamus.',NULL,NULL,0,0,'Et ratione qui voluptates a.',NULL,'2015-07-15 05:06:03','2015-07-15 05:06:03'),(55,'Model','Nikon','Kameras 12 aperiam','32','Quae in et possimus.','Laudantium dolor debitis ipsam.',NULL,NULL,0,0,'Ipsum dolor sed dolorum necessitatibus.',NULL,'2015-07-15 05:06:03','2015-07-15 05:06:03'),(56,'Model','Nikon','Kameras 13 a','33','Minus doloribus eaque eveniet ut quae.','Autem dignissimos id placeat et reiciendis ab.',NULL,NULL,0,0,'Enim non reiciendis quibusdam ex nemo itaque nam.',NULL,'2015-07-15 05:06:03','2015-07-15 05:06:03'),(57,'Model','Nikon','Kameras 14 architecto','34','Quidem et amet aut cumque omnis in ad quisquam.','Similique eos officiis voluptates.',NULL,NULL,0,0,'Libero vitae impedit est exercitationem.',NULL,'2015-07-15 05:06:03','2015-07-15 05:06:03'),(58,'Model','Nikon','Kameras 15 repellendus','35','Reiciendis optio ut tenetur quia consequatur ratione.','Rerum minima voluptatum aperiam maxime.',NULL,NULL,0,0,'Explicabo distinctio atque molestiae tenetur et illo et.',NULL,'2015-07-15 05:06:03','2015-07-15 05:06:03'),(59,'Model','Nikon','Kameras 16 beatae','36','Rerum accusamus eius accusantium iure praesentium sequi minus quo.','Facilis qui aliquam dolores.',NULL,NULL,0,0,'Id qui eum similique.',NULL,'2015-07-15 05:06:03','2015-07-15 05:06:03'),(60,'Model','Nikon','Kameras 17 et','37','Qui adipisci similique expedita et architecto qui.','Modi odit eos architecto fuga at iusto.',NULL,NULL,0,0,'Ut nemo nihil porro.',NULL,'2015-07-15 05:06:03','2015-07-15 05:06:03'),(61,'Model','Nikon','Kameras 18 consequatur','38','Consequatur rerum hic aut aperiam aut ut rerum.','Qui aut voluptatem earum.',NULL,NULL,0,0,'Rerum est fugiat cum dignissimos velit et autem tempora.',NULL,'2015-07-15 05:06:03','2015-07-15 05:06:03'),(62,'Model','Nikon','Kameras 19 doloribus','39','Voluptas et dolorem dicta.','Fugiat esse nihil quis minus et corrupti dolor sit.',NULL,NULL,0,0,'Itaque consequatur qui error sed aut.',NULL,'2015-07-15 05:06:03','2015-07-15 05:06:03'),(63,'Model','Nikon','Kameras 20 fuga','40','Ut voluptatum impedit neque dignissimos dolores a dicta.','Sit quam voluptatem ipsam non consequatur.',NULL,NULL,0,0,'Velit nam sed velit.',NULL,'2015-07-15 05:06:03','2015-07-15 05:06:03'),(64,'Model','Nikon','Kameras 21 nam','41','Cum tempora illo ut nobis dolorem quod.','Qui amet quae repellat aspernatur vel.',NULL,NULL,0,0,'Et et et omnis.',NULL,'2015-07-15 05:06:03','2015-07-15 05:06:03'),(65,'Model','Nikon','Kameras 22 rerum','42','In reiciendis repudiandae aut qui.','Ipsa accusantium commodi ut.',NULL,NULL,0,0,'Et iusto nemo necessitatibus accusantium similique et dolores aliquid.',NULL,'2015-07-15 05:06:03','2015-07-15 05:06:03'),(66,'Model','Nikon','Kameras 23 cumque','43','Nihil laborum voluptates deleniti aliquid velit vel qui voluptatum.','Dolores maiores hic sint fuga saepe quia ut qui.',NULL,NULL,0,0,'Consequuntur natus labore cupiditate similique est quam quaerat corrupti.',NULL,'2015-07-15 05:06:03','2015-07-15 05:06:03'),(67,'Model','Nikon','Kameras 24 dolorem','44','Odit ea libero perspiciatis eos praesentium.','Ullam porro dolores rerum.',NULL,NULL,0,0,'Voluptate nemo porro aliquam vero quia quos nisi.',NULL,'2015-07-15 05:06:03','2015-07-15 05:06:03'),(68,'Model','Nikon','Kameras 25 id','45','Qui nostrum recusandae et omnis nihil aut provident veniam.','Omnis maiores culpa in sequi veniam enim dolores.',NULL,NULL,0,0,'Quia perspiciatis eveniet excepturi nam ad et.',NULL,'2015-07-15 05:06:03','2015-07-15 05:06:03'),(69,'Model','Nikon','Kameras 26 quia','46','Iure quidem et repellat sit architecto quo perspiciatis non.','Atque sit officiis repellendus optio sed.',NULL,NULL,0,0,'Beatae omnis mollitia distinctio incidunt.',NULL,'2015-07-15 05:06:03','2015-07-15 05:06:03'),(70,'Model','Nikon','Kameras 27 voluptas','47','Quo itaque optio rem.','Voluptatum voluptas sint culpa aspernatur et.',NULL,NULL,0,0,'Sed ex dicta veniam dolorem mollitia.',NULL,'2015-07-15 05:06:03','2015-07-15 05:06:03'),(71,'Model','Nikon','Kameras 28 consequatur','48','Sed ducimus et ut est illum.','Et maiores ducimus eum saepe.',NULL,NULL,0,0,'Iure nihil aut dolor.',NULL,'2015-07-15 05:06:03','2015-07-15 05:06:03'),(72,'Model','Nikon','Kameras 29 omnis','49','Qui hic commodi nihil non dolor est enim ut.','Eius animi sunt non magnam.',NULL,NULL,0,0,'Et voluptatibus iste id neque autem ut.',NULL,'2015-07-15 05:06:03','2015-07-15 05:06:03'),(73,'Model','Nikon','Kameras 30 aliquam','50','Qui delectus possimus accusantium.','Harum illo suscipit placeat temporibus.',NULL,NULL,0,0,'Velit quia qui adipisci non eum.',NULL,'2015-07-15 05:06:03','2015-07-15 05:06:03'),(74,'Software','Collins LLC','Adobe Acrobat','51',NULL,NULL,NULL,NULL,0,0,'test http://test.ch\\r\nwww.foo.ch\\r\njust a text',NULL,'2015-07-15 05:06:03','2015-07-15 05:06:03'),(75,'Software','Harvey, Swaniawski and Runolfsson','MS Word','52',NULL,NULL,NULL,NULL,0,0,'test http://test.ch\\r\nwww.foo.ch\\r\njust a text',NULL,'2015-07-15 05:06:03','2015-07-15 05:06:03'),(76,'Software','Okuneva, Welch and Wunsch','Intelligent Wooden Chair','53',NULL,NULL,NULL,NULL,0,0,NULL,NULL,'2015-07-15 05:06:03','2015-07-15 05:06:03'),(77,'Software','Sauer, Tromp and Pagac','Ergonomic Plastic Table','54',NULL,NULL,NULL,NULL,0,0,NULL,NULL,'2015-07-15 05:06:03','2015-07-15 05:06:03'),(78,'Software','Farrell, Jast and Yost','Sleek Granite Gloves','55',NULL,NULL,NULL,NULL,0,0,NULL,NULL,'2015-07-15 05:06:03','2015-07-15 05:06:03'),(79,'Software','Hand-McClure','Gorgeous Cotton Shoes','56',NULL,NULL,NULL,NULL,0,0,NULL,NULL,'2015-07-15 05:06:03','2015-07-15 05:06:03'),(80,'Software','Lindgren and Sons','Fantastic Steel Computer','57',NULL,NULL,NULL,NULL,0,0,NULL,NULL,'2015-07-15 05:06:03','2015-07-15 05:06:03'),(81,'Software','Sanford Group','Incredible Wooden Pants','58',NULL,NULL,NULL,NULL,0,0,NULL,NULL,'2015-07-15 05:06:03','2015-07-15 05:06:03'),(82,'Software','Dooley-Ryan','Sleek Plastic Gloves','59',NULL,NULL,NULL,NULL,0,0,NULL,NULL,'2015-07-15 05:06:03','2015-07-15 05:06:03'),(83,'Software','Bauch, Daniel and Quigley','Intelligent Granite Shoes','60',NULL,NULL,NULL,NULL,0,0,NULL,NULL,'2015-07-15 05:06:03','2015-07-15 05:06:03'),(84,'Software','Carroll, Wyman and Jakubowski','Sleek Rubber Car','61',NULL,NULL,NULL,NULL,0,0,NULL,NULL,'2015-07-15 05:06:03','2015-07-15 05:06:03'),(85,'Software','Cassin, Jacobson and Quitzon','Fantastic Rubber Table','62',NULL,NULL,NULL,NULL,0,0,NULL,NULL,'2015-07-15 05:06:03','2015-07-15 05:06:03'),(86,'Software','Kertzmann, Bayer and Kuhic','Practical Cotton Gloves','63',NULL,NULL,NULL,NULL,0,0,NULL,NULL,'2015-07-15 05:06:03','2015-07-15 05:06:03'),(87,'Software','Gislason, Labadie and Walker','Incredible Concrete Pants','64',NULL,NULL,NULL,NULL,0,0,NULL,NULL,'2015-07-15 05:06:03','2015-07-15 05:06:03'),(88,'Software','Marks Group','Sleek Plastic Car','65',NULL,NULL,NULL,NULL,0,0,NULL,NULL,'2015-07-15 05:06:03','2015-07-15 05:06:03'),(89,'Model','Carter Inc','Kamera Set','66','Iure temporibus beatae rem minima magni quod dolor.','Quis perspiciatis voluptatem fuga veritatis asperiores.',NULL,NULL,3,1,'Dolorem ipsa sapiente architecto cumque harum aut hic.','Qui distinctio dolor ut aut labore deleniti.','2015-07-15 05:06:03','2015-07-15 05:06:03'),(90,'Model','Franecki, Goodwin and Shields','Incredible Concrete Table','67','Sunt officia quos quis commodi beatae.','Enim voluptatem maxime ut qui.',NULL,NULL,1,0,'Sint odit omnis rem cumque.','Culpa quo et veritatis consequatur eaque sit illo provident.','2015-07-15 05:06:03','2015-07-15 05:06:03'),(91,'Model','Stiedemann-Herman','Rustic Concrete Chair','68','Saepe quam temporibus magnam.','Non saepe voluptatem laboriosam sapiente iste labore.',NULL,NULL,1,0,'Distinctio quo suscipit officiis est non provident.','Consequatur sed aspernatur ipsam repellendus sed dignissimos et.','2015-07-15 05:06:03','2015-07-15 05:06:03'),(92,'Model','Balistreri and Sons','Practical Concrete Hat','69','Voluptate repudiandae ea illo est molestiae sed laudantium.','Aut totam officiis perferendis.',NULL,NULL,1,0,'Sunt voluptas occaecati voluptas ducimus est.','Assumenda dolor sint officia qui eius inventore.','2015-07-15 05:06:03','2015-07-15 05:06:03'),(93,'Model','Connelly, Kassulke and Kunde','Practical Cotton Pants','70','Dolore vero illum eius dolores.','Blanditiis facilis et animi consequuntur nostrum quo.',NULL,NULL,2,0,'Et omnis et voluptate.','Totam nihil aliquam modi ipsa similique.','2015-07-15 05:06:03','2015-07-15 05:06:03'),(94,'Model','Senger Group','Gorgeous Granite Pants','71','Aspernatur repellat atque ipsam praesentium voluptas.','Error possimus itaque reprehenderit ut voluptate at.',NULL,NULL,2,0,'Quisquam sint tempora ea libero vero dolor molestiae.','Doloribus molestiae vero qui recusandae a.','2015-07-15 05:06:03','2015-07-15 05:06:03'),(95,'Model','Bogisich-Hackett','Ergonomic Concrete Shirt','72','Fugit debitis accusamus excepturi voluptatem laudantium dolore explicabo.','Aut et quia unde commodi voluptatem sed repellendus.',NULL,NULL,1,0,'Quia neque ipsam et molestiae quisquam fuga quia voluptate.','Et et quia ut.','2015-07-15 05:06:03','2015-07-15 05:06:03'),(96,'Model','Jerde-DuBuque','Gorgeous Concrete Shoes','73','Qui in nulla vitae voluptatem maiores adipisci.','Adipisci repellat quas quisquam magnam ut.',NULL,NULL,3,0,'Saepe molestiae quasi accusamus.','Sint voluptatem unde tempore vitae sunt vel.','2015-07-15 05:06:03','2015-07-15 05:06:03'),(97,'Model','Bernhard, Doyle and Marvin','Rustic Rubber Shoes','74','Recusandae soluta nostrum unde iste alias consectetur autem quo.','Voluptatibus porro earum sed dolor repellat voluptate autem eos.',NULL,NULL,0,0,'Aliquam nulla voluptas sed sit cupiditate et fugit iste.','Blanditiis rem esse dicta provident ut ut voluptatem.','2015-07-15 05:06:03','2015-07-15 05:06:03'),(98,'Model','Harber LLC','Ergonomic Plastic Gloves','75','Ab voluptas accusantium quo cumque quae nostrum.','Numquam libero occaecati perferendis modi sit.',NULL,NULL,0,0,'Quod ipsum consequatur qui maxime ipsam quam.','Reiciendis voluptatem perferendis iure necessitatibus voluptas.','2015-07-15 05:06:03','2015-07-15 05:06:03'),(99,'Model','Cole, Kling and Larson','Intelligent Cotton Hat','76','Officia quas sit voluptatum porro possimus id.','Expedita laudantium assumenda ullam nemo.',NULL,NULL,1,0,'Sit aliquam doloribus totam at ut minus.','At qui sit eveniet cum aliquam error excepturi aut.','2015-07-15 05:06:03','2015-07-15 05:06:03'),(100,'Model','Ruecker, Stehr and Klocko','Rustic Steel Computer','77','Tenetur sed nemo eius facilis fugiat nihil voluptas aspernatur.','Doloribus esse incidunt rerum autem impedit pariatur.',NULL,NULL,3,0,'Aut quis sit numquam explicabo tempora rem.','Consequatur et explicabo consectetur eligendi dolores exercitationem praesentium.','2015-07-15 05:06:03','2015-07-15 05:06:03'),(101,'Model','Koelpin-Reichel','Intelligent Plastic Table','78','Ut autem sed nihil vero sequi.','Ut eveniet sint odio distinctio id impedit.',NULL,NULL,3,0,'Suscipit sed quas consequatur beatae nobis nostrum.','Id error fuga quo magni ut recusandae aspernatur.','2015-07-15 05:06:03','2015-07-15 05:06:03'),(102,'Model','Ledner-Hilll','Fantastic Concrete Shirt','79','Fugit magnam velit enim facere quisquam.','Minima accusamus molestiae perferendis.',NULL,NULL,2,0,'Exercitationem laboriosam incidunt modi nesciunt tenetur qui ut eum.','Aliquid saepe sit quia amet ut voluptates modi reiciendis.','2015-07-15 05:06:03','2015-07-15 05:06:03'),(103,'Model','Wisozk-Kub','Intelligent Concrete Chair','80','Libero incidunt corrupti aut.','Laboriosam alias rerum quis.',NULL,NULL,0,0,'Distinctio quam quas ullam.','Et incidunt omnis ipsam.','2015-07-15 05:06:03','2015-07-15 05:06:03'),(104,'Model','Fritsch Inc','Awesome Cotton Table','81','Dolor a sed nisi dolores adipisci doloribus.','Ipsum labore aut fugiat consequuntur dolores expedita.',NULL,NULL,1,0,'Ut natus est ducimus.','Qui est minus expedita quas tempora rerum rerum eligendi.','2015-07-15 05:06:03','2015-07-15 05:06:03'),(105,'Model','Cole, Rosenbaum and Osinski','Gorgeous Wooden Computer','82','Est vel occaecati labore.','Ut dolorum debitis velit illum at necessitatibus velit.',NULL,NULL,2,0,'Libero aperiam sequi aut.','Rem ullam ratione incidunt deleniti vel qui quaerat.','2015-07-15 05:06:03','2015-07-15 05:06:03'),(106,'Model','Lesch, Bode and Ankunding','Kamera Set2','83','Veniam molestiae aut sequi.','Qui sunt pariatur in in illo occaecati quaerat.',NULL,NULL,3,1,'Sit incidunt laudantium odit quos.','Harum voluptate cupiditate dignissimos.','2015-07-15 05:06:03','2015-07-15 05:06:03'),(107,'Model','Lind, Lubowitz and Braun','Awesome Wooden Gloves','84','Repudiandae magnam asperiores id aliquam alias sunt.','Eligendi eum quae quia harum incidunt nihil.',NULL,NULL,1,0,'Rerum reiciendis sequi aut.','Est corporis in aspernatur ut neque eum.','2015-07-15 05:06:03','2015-07-15 05:06:03'),(108,'Model','Hand Inc','Sleek Concrete Car','85','Accusamus quasi et qui natus.','Molestiae ut impedit aperiam quia temporibus aut provident aliquid.',NULL,NULL,2,0,'Optio vel rem dolore.','Aut reprehenderit sit tempora dolorum natus est.','2015-07-15 05:06:03','2015-07-15 05:06:03'),(109,'Model','Kub Inc','Gorgeous Plastic Gloves','86','Est voluptas aut rerum non.','Eos voluptatem et perferendis nam.',NULL,NULL,3,0,'Et dolorem laborum dicta et eius corrupti harum.','Quis magnam nemo rerum fugit pariatur ullam et.','2015-07-15 05:06:03','2015-07-15 05:06:03'),(110,'Model','Schultz, Hand and Bode','Practical Plastic Hat','87','Consequatur et eos unde voluptate amet ut aut enim.','Delectus dolorem iure id cumque est dolor sed soluta.',NULL,NULL,0,0,'Sequi velit id quis dolore sint aut aut.','Repudiandae officia explicabo placeat architecto facere qui nam.','2015-07-15 05:06:03','2015-07-15 05:06:03'),(111,'Model','Wisoky, Grant and West','Small Rubber Pants','88','Laudantium voluptas perferendis sit inventore esse.','Rem ut expedita vitae eius.',NULL,NULL,3,0,'Iusto aut vel fugiat.','Numquam consequatur voluptatem porro consequatur impedit qui est assumenda.','2015-07-15 05:06:03','2015-07-15 05:06:03'),(112,'Model','Stehr LLC','Awesome Granite Chair','89','Modi rerum totam officiis et aut fuga quos harum.','Qui consequatur molestias nisi id saepe quia inventore distinctio.',NULL,NULL,3,0,'Dolorum veniam fugit sed sint eveniet numquam id voluptas.','Delectus et nobis odit qui ipsa est.','2015-07-15 05:06:03','2015-07-15 05:06:03'),(113,'Model','Pagac Inc','Ergonomic Steel Hat','90','Suscipit autem nostrum aut laborum.','Natus quia accusamus aspernatur.',NULL,NULL,1,0,'Voluptatum sed tempora consectetur.','Possimus doloremque voluptate voluptatum.','2015-07-15 05:06:03','2015-07-15 05:06:03'),(114,'Model','Ondricka-Gutkowski','Awesome Concrete Table','91','Nihil accusamus assumenda quam.','Aut eaque et quo sit qui nihil est corporis.',NULL,NULL,1,0,'Autem qui et autem tenetur.','Provident nostrum omnis quo reiciendis consectetur et blanditiis.','2015-07-15 05:06:03','2015-07-15 05:06:03'),(115,'Model','Tremblay-Kilback','Intelligent Concrete Pants','92','Qui ullam voluptate repellendus qui.','Magnam eos ipsam voluptas nisi.',NULL,NULL,0,0,'Excepturi corporis dolorem et optio voluptates.','Omnis omnis ut quibusdam similique doloribus omnis.','2015-07-15 05:06:03','2015-07-15 05:06:03'),(116,'Model','Batz, Durgan and Huels','Incredible Plastic Pants','93','Et consequatur numquam illum autem.','Est labore ipsum nesciunt provident est tempore vel quasi.',NULL,NULL,0,0,'Mollitia blanditiis quod officiis.','Vero asperiores ad autem animi.','2015-07-15 05:06:03','2015-07-15 05:06:03'),(117,'Model','Brekke, Fahey and Schmitt','Practical Concrete Gloves','94','Aliquid officia ex nostrum.','Quibusdam sapiente enim facilis non laboriosam.',NULL,NULL,2,0,'Expedita repellat est totam et.','Voluptatem consectetur aut in quis dignissimos similique numquam.','2015-07-15 05:06:03','2015-07-15 05:06:03'),(118,'Model','Hahn, Wolff and Haag','Practical Wooden Car','95','Quam aut dolor dolores voluptatem consectetur eum quia nesciunt.','Nemo quo ut voluptas unde.',NULL,NULL,3,0,'Nihil quae et sapiente porro numquam.','Aliquid repellendus modi velit voluptate nemo voluptatibus vel.','2015-07-15 05:06:03','2015-07-15 05:06:03'),(119,'Model','O\'Kon, Lehner and Pouros','Practical Granite Gloves','100','Dolore aliquid eum incidunt dolor in corporis.','Voluptatem est porro et voluptate non consequatur labore.',NULL,NULL,1,0,'Corporis excepturi aspernatur id itaque.','Necessitatibus possimus architecto illo.','2015-07-15 05:06:03','2015-07-15 05:06:03'),(120,'Model','Feeney-Beatty','Sleek Wooden Table','101','A consequuntur sequi ratione quae esse non.','Odit voluptatem omnis nobis esse labore quibusdam incidunt.',NULL,NULL,0,0,'Nostrum at cum aut.','Eos perspiciatis adipisci et non est.','2015-07-15 05:06:03','2015-07-15 05:06:03'),(121,'Model','Stoltenberg and Sons','Small Rubber Car','102','Consequatur sed fugit saepe quaerat temporibus omnis enim.','Asperiores nesciunt totam reiciendis deserunt quam enim architecto eveniet.',NULL,NULL,1,0,'Dolor atque non totam expedita.','Deleniti impedit nemo cupiditate.','2015-07-15 05:06:03','2015-07-15 05:06:03'),(122,'Model','Fisher LLC','Rustic Granite Pants','103','Nihil iure reprehenderit voluptates explicabo.','Distinctio voluptas excepturi perspiciatis.',NULL,NULL,0,0,'Optio sed id nostrum voluptas omnis asperiores quo totam.','Minima voluptates ut occaecati mollitia eligendi eius est fuga.','2015-07-15 05:06:03','2015-07-15 05:06:03'),(123,'Model','Gorczany-Roberts','Gorgeous Plastic Pants','104','Unde cupiditate quia ab odio dolores dicta quos.','Voluptatibus atque fugiat porro culpa totam et non.',NULL,NULL,3,0,'Officia suscipit in molestias expedita.','Nemo fuga id vitae aspernatur reprehenderit sunt.','2015-07-15 05:06:03','2015-07-15 05:06:03'),(124,'Model','Rice Inc','Incredible Concrete Hat','105','Veniam similique aliquam cupiditate voluptate.','Neque consequuntur incidunt architecto aut temporibus nemo.',NULL,NULL,3,0,'Modi autem sed et fugiat.','Voluptatum ea voluptas exercitationem porro quam enim qui dolorem.','2015-07-15 05:06:03','2015-07-15 05:06:03'),(125,'Model','Runte Group','Small Rubber Shirt','106','Sequi aut ut nostrum asperiores maiores vel excepturi sint.','Dolorem vel dolores sunt nihil aperiam iusto consectetur.',NULL,NULL,3,0,'Et voluptatem asperiores non eius rerum.','Excepturi beatae et in sed et enim.','2015-07-15 05:06:03','2015-07-15 05:06:03'),(126,'Model','Olson-Wisoky','Intelligent Granite Computer','107','Ut qui similique quia iusto occaecati aut voluptas exercitationem.','Accusamus deleniti ducimus tenetur cum qui ut.',NULL,NULL,1,0,'Quis et rem temporibus.','Quaerat perspiciatis autem eum cumque nesciunt suscipit deleniti voluptas.','2015-07-15 05:06:03','2015-07-15 05:06:03'),(127,'Model','Maggio Group','Awesome Wooden Car','108','Quod velit repellendus hic.','Rem aut dolorum laudantium aspernatur laboriosam quod.',NULL,NULL,2,0,'Doloribus libero quasi ducimus et sed voluptate voluptas et.','Facilis quis culpa molestiae accusamus dolor quia.','2015-07-15 05:06:03','2015-07-15 05:06:03'),(128,'Model','Nicolas, Roberts and DuBuque','Awesome Wooden Table','109','Consequatur est illum quaerat nobis asperiores nihil.','Ea ducimus earum enim officiis.',NULL,NULL,0,0,'Reprehenderit cupiditate iure autem unde vel omnis.','Et fugiat aliquam sunt praesentium hic soluta modi.','2015-07-15 05:06:03','2015-07-15 05:06:03'),(129,'Model','Halvorson-Hamill','Intelligent Rubber Hat','110','Suscipit culpa corporis est occaecati animi delectus et.','Soluta quis odit eius provident vel.',NULL,NULL,3,0,'Accusantium quisquam voluptatem non voluptatem eum sint.','Eius eos earum possimus.','2015-07-15 05:06:03','2015-07-15 05:06:03'),(130,'Model','Jacobs and Sons','Rustic Wooden Chair','111','Laudantium et et error nesciunt quia.','Tempora dolorum nam sed quas quibusdam.',NULL,NULL,3,0,'Ex ut quas dolores ab non voluptate inventore.','Aliquam minus asperiores et.','2015-07-15 05:06:03','2015-07-15 05:06:03'),(131,'Model','Pouros, Ziemann and Kub','Intelligent Steel Shirt','112','Eum possimus ad rerum amet aut et voluptatum.','Harum quaerat et laborum qui deserunt ea eaque dolor.',NULL,NULL,1,0,'Et maiores in nulla et tempora natus.','Nulla rerum possimus ipsum.','2015-07-15 05:06:03','2015-07-15 05:06:03'),(132,'Model','Barton Group','Gorgeous Plastic Chair','113','Quasi consequuntur nulla voluptatem assumenda reiciendis quis nam qui.','Ut in est excepturi.',NULL,NULL,3,0,'Eaque repudiandae aspernatur molestiae sunt.','Illo eveniet corporis magnam voluptatem.','2015-07-15 05:06:03','2015-07-15 05:06:03'),(133,'Model','Crist-Mohr','Ergonomic Rubber Computer','114','Dolorem iure illum omnis ad sint placeat.','Voluptatum eveniet sed ad officia dolore.',NULL,NULL,3,0,'Unde provident consequatur iure nulla beatae.','Quidem debitis dolore sequi repellendus.','2015-07-15 05:06:03','2015-07-15 05:06:03'),(134,'Model','Beier-Brakus','Ergonomic Steel Pants','115','Magnam eaque ea dolorem quae repellat suscipit illum voluptas.','Necessitatibus id nihil sunt quos esse et.',NULL,NULL,0,0,'Soluta quis ut cumque quia provident doloribus suscipit.','Nostrum quibusdam qui voluptas non ut sapiente occaecati.','2015-07-15 05:06:03','2015-07-15 05:06:03'),(135,'Model','O\'Kon Inc','Gorgeous Rubber Pants','116','Et voluptates molestiae nulla itaque aliquam.','Distinctio voluptatem eligendi delectus et ut id.',NULL,NULL,3,0,'Porro quibusdam aut rerum incidunt vero sint.','Aut modi vitae nisi sint.','2015-07-15 05:06:03','2015-07-15 05:06:03'),(136,'Model','Purdy Group','Rustic Steel Table','117','Consectetur totam rerum labore rerum quis quia.','Aut officia molestiae aspernatur pariatur nisi vero sequi excepturi.',NULL,NULL,2,0,'Earum aperiam quasi enim sapiente suscipit.','Rerum ut nostrum excepturi temporibus amet corporis natus.','2015-07-15 05:06:03','2015-07-15 05:06:03'),(137,'Model','Russel and Sons','Ergonomic Cotton Hat','118','Consequuntur est at ex voluptate voluptas.','Commodi eligendi et in expedita necessitatibus rerum eveniet.',NULL,NULL,3,0,'Magni ipsam laborum quas ratione consequatur quos.','Voluptate maxime recusandae provident quis corrupti ut et culpa.','2015-07-15 05:06:03','2015-07-15 05:06:03'),(138,'Model','O\'Kon LLC','Intelligent Cotton Chair','119','Itaque quasi in temporibus quam neque fugit sit voluptas.','Et aut nam non quis similique in beatae et.',NULL,NULL,1,0,'Vel animi sunt omnis ducimus deserunt.','Modi odit maiores nobis explicabo.','2015-07-15 05:06:03','2015-07-15 05:06:03'),(139,'Model','Gerlach-Murazik','Fantastic Concrete Pants','120','Tempora et sit sed est quam et et.','Eveniet amet vel natus dignissimos iusto et voluptas.',NULL,NULL,2,0,'At doloremque corporis nostrum possimus est.','Commodi beatae ipsam dolore eius.','2015-07-15 05:06:03','2015-07-15 05:06:03'),(140,'Model','Powlowski, Klocko and Brown','Gorgeous Cotton Computer','121','Aut distinctio dolore ipsam numquam illum eligendi.','Illum laborum id ad.',NULL,NULL,0,0,'Autem provident occaecati est.','Debitis officiis quisquam non quae dolor illo modi.','2015-07-15 05:06:03','2015-07-15 05:06:03'),(141,'Model','Schultz, Halvorson and Raynor','Practical Rubber Hat','122','Quia ut qui voluptatibus harum corporis nulla quia.','Voluptatem molestiae dolores laboriosam culpa.',NULL,NULL,2,0,'Et numquam repudiandae error.','Odio voluptatem eveniet molestias fugit reiciendis.','2015-07-15 05:06:03','2015-07-15 05:06:03'),(142,'Model','Jakubowski, Pollich and Schowalter','Ergonomic Concrete Gloves','123','Sit nihil aut beatae.','Non exercitationem ab esse.',NULL,NULL,2,0,'Temporibus dolores beatae eligendi eaque porro.','Dolorem voluptatum sint labore.','2015-07-15 05:06:03','2015-07-15 05:06:03'),(143,'Model','Rohan LLC','Awesome Wooden Shoes','124','Id vero et mollitia est ab hic.','Consequatur iure cupiditate voluptatem.',NULL,NULL,0,0,'Esse et aut quisquam quas explicabo.','Qui laboriosam voluptatem voluptatibus dolorem voluptate aut delectus.','2015-07-15 05:06:03','2015-07-15 05:06:03'),(144,'Model','Gleason Group','Small Steel Shirt','125','Eaque corporis quis maxime veritatis error.','Id explicabo voluptas voluptatem libero autem est.',NULL,NULL,2,0,'Quibusdam modi temporibus in similique eum porro rerum amet.','Qui consectetur rem qui modi omnis nihil sunt.','2015-07-15 05:06:03','2015-07-15 05:06:03'),(145,'Model','Emmerich-Crona','Fantastic Rubber Computer','126','Reiciendis maxime ipsum rerum.','Et explicabo dicta eum culpa laboriosam aliquid facilis.',NULL,NULL,1,0,'Inventore ut eum et.','Deleniti occaecati veniam nostrum blanditiis.','2015-07-15 05:06:03','2015-07-15 05:06:03'),(146,'Model','Beer Inc','Awesome Rubber Shoes','127','Aut minus impedit temporibus.','Dolores deleniti ullam et quia nihil dignissimos fuga.',NULL,NULL,0,0,'Ut eveniet unde eos delectus animi.','Quis rerum tempore aut saepe exercitationem.','2015-07-15 05:06:03','2015-07-15 05:06:03'),(147,'Model','Breitenberg and Sons','Awesome Cotton Shoes','128','Odio voluptas dolores rerum est quo.','Explicabo debitis quo culpa quia.',NULL,NULL,1,0,'Ea rerum adipisci labore minus ut et odit odio.','Numquam eos cupiditate architecto sit consequatur magnam commodi velit.','2015-07-15 05:06:03','2015-07-15 05:06:03'),(148,'Model','Gislason LLC','Practical Cotton Shoes','129','Voluptatem aut et qui consequatur.','Culpa quia asperiores exercitationem.',NULL,NULL,3,0,'Consequatur sunt dolores voluptatem ducimus dolor.','Ex consequatur voluptatem eveniet porro.','2015-07-15 05:06:03','2015-07-15 05:06:03'),(149,'Model','Hermann, Vandervort and Abernathy','Practical Granite Pants','130','Dicta error qui iure deleniti minus eligendi nisi ut.','Odio nobis id reprehenderit neque dolorem tempore.',NULL,NULL,1,0,'Aliquid qui commodi ad tempore nesciunt perspiciatis quis et.','Laboriosam et ab consequuntur architecto.','2015-07-15 05:06:03','2015-07-15 05:06:03'),(150,'Model','Schmidt-Zieme','Rustic Concrete Shoes','131','Et voluptas omnis voluptatem ducimus magni fuga.','Porro architecto exercitationem maxime aliquid perspiciatis aut.',NULL,NULL,0,0,'Ad quia et aut iste aut earum.','Non voluptas mollitia perspiciatis tempora iure ipsa cupiditate.','2015-07-15 05:06:03','2015-07-15 05:06:03'),(151,'Model','Howe, West and Walker','Ergonomic Granite Pants','132','Et dignissimos ea explicabo.','Qui voluptatibus fugit consequatur.',NULL,NULL,1,0,'Nihil et perferendis quo tempore praesentium porro nobis.','Animi quia quasi accusamus ut.','2015-07-15 05:06:03','2015-07-15 05:06:03'),(152,'Model','Deckow, Kirlin and Schneider','Intelligent Granite Pants','133','Eos id itaque sed voluptatem excepturi id ut enim.','Cum in ipsum provident enim illum nesciunt exercitationem.',NULL,NULL,3,0,'Nulla quia nisi eum sit.','Ea saepe aut facilis.','2015-07-15 05:06:03','2015-07-15 05:06:03'),(153,'Model','Kovacek-Grimes','Sleek Rubber Shoes','134','Praesentium optio qui neque aliquam quas sapiente et.','Quia sequi eaque accusantium beatae sunt quae.',NULL,NULL,3,0,'Similique omnis voluptate ab et debitis fuga.','Nihil harum ullam rerum officiis vel vitae dolorem.','2015-07-15 05:06:03','2015-07-15 05:06:03'),(154,'Model','Waelchi, Moore and Osinski','Rustic Granite Gloves','135','Itaque beatae est rerum.','Ea aut nemo dolore est dolores iusto.',NULL,NULL,1,0,'Velit sit culpa est quia est aut exercitationem.','Doloremque voluptatem itaque autem ut sit rem.','2015-07-15 05:06:03','2015-07-15 05:06:03'),(155,'Model','Schmeler, Zemlak and Blanda','Sleek Concrete Chair','136','Id distinctio saepe dolor.','Commodi rerum et et aperiam.',NULL,NULL,3,0,'Et tenetur porro eligendi non recusandae consequuntur.','Reprehenderit dolor alias excepturi accusamus eveniet aut.','2015-07-15 05:06:03','2015-07-15 05:06:03'),(156,'Model','Barrows Group','Ergonomic Wooden Shirt','137','Dicta optio voluptatum sequi tempore dolorem explicabo quisquam.','Rerum ut consequatur omnis impedit est suscipit.',NULL,NULL,3,0,'Reiciendis amet ex ut ut et itaque ut eos.','Et corporis dolor unde soluta blanditiis explicabo rerum ipsa.','2015-07-15 05:06:03','2015-07-15 05:06:03'),(157,'Model','Buckridge Group','Ergonomic Granite Table','138','Voluptatum consequuntur laborum et repellendus.','Illo in numquam natus et repudiandae id facilis.',NULL,NULL,0,0,'Ea nesciunt fugit ut consequatur omnis enim.','Neque aliquid velit nostrum reprehenderit voluptatem eos alias non.','2015-07-15 05:06:03','2015-07-15 05:06:03'),(158,'Model','Predovic, Murphy and Williamson','Gorgeous Cotton Chair','139','Nostrum dicta enim est omnis.','Explicabo ut enim et fuga voluptas consequatur.',NULL,NULL,1,0,'Inventore officiis ex cumque fugit.','Corrupti eveniet sapiente ad veniam aut velit totam dolor.','2015-07-15 05:06:03','2015-07-15 05:06:03'),(159,'Model','Ledner-Robel','Practical Plastic Computer','140','Cumque omnis cum veniam dolor aperiam.','Vel ut adipisci ea qui hic.',NULL,NULL,3,0,'Neque perferendis sed voluptatem voluptas ea ad sint quasi.','Labore asperiores ipsa adipisci quibusdam.','2015-07-15 05:06:03','2015-07-15 05:06:03'),(160,'Model','Prosacco, Farrell and Hackett','Fantastic Granite Computer','141','Enim similique inventore iusto repellendus.','Eius aspernatur molestiae repudiandae sit qui molestias et dolorem.',NULL,NULL,2,0,'Culpa in dolorum provident.','Cumque excepturi eaque quo neque rerum.','2015-07-15 05:06:03','2015-07-15 05:06:03'),(161,'Model','Kassulke-Dare','Fantastic Concrete Shoes','142','Totam porro aut illum molestiae repellendus facilis.','Fugit rerum aut non eligendi voluptas.',NULL,NULL,3,0,'Autem placeat culpa fugit dolores.','Sunt enim illum ipsam.','2015-07-15 05:06:03','2015-07-15 05:06:03'),(162,'Model','Lindgren, Barton and Kiehn','Fantastic Rubber Pants','143','Totam nulla corporis molestiae.','Consequatur deserunt nihil quisquam.',NULL,NULL,1,0,'Quasi voluptate consequatur totam explicabo.','Commodi tempore nemo qui repellendus.','2015-07-15 05:06:03','2015-07-15 05:06:03'),(163,'Model','Mann LLC','Fantastic Steel Pants','144','Est dicta ipsa nihil.','Velit fugit et laboriosam mollitia consequatur in.',NULL,NULL,1,0,'Necessitatibus ut modi quidem.','Voluptates ut maiores voluptatibus.','2015-07-15 05:06:03','2015-07-15 05:06:03'),(164,'Model','Mann, DuBuque and Connelly','Ergonomic Cotton Car','145','Sequi praesentium iure eius rerum saepe.','Maxime occaecati ipsam ducimus quia totam autem.',NULL,NULL,2,0,'Error dolor vel aliquam magnam.','Culpa numquam praesentium laboriosam voluptatum voluptas cupiditate.','2015-07-15 05:06:03','2015-07-15 05:06:03'),(165,'Model','Miller, Stehr and D\'Amore','Fantastic Cotton Table','146','Et totam tempora repellendus quasi quia id quo voluptate.','Modi doloremque voluptatibus reprehenderit aut dignissimos qui repellat.',NULL,NULL,0,0,'Consequatur sequi voluptatem eius.','Nobis sunt officia occaecati.','2015-07-15 05:06:03','2015-07-15 05:06:03'),(166,'Model','Ullrich LLC','Gorgeous Plastic Hat','147','Qui eum et ut.','Soluta enim quia molestiae qui assumenda.',NULL,NULL,0,0,'Ullam quo sapiente quasi.','Minus in quos eos est commodi eveniet.','2015-07-15 05:06:03','2015-07-15 05:06:03'),(167,'Model','Satterfield, Ryan and Lubowitz','Ergonomic Concrete Pants','148','Placeat suscipit aliquid sed quia eius numquam.','Ullam eaque dignissimos qui ipsam inventore et numquam ut.',NULL,NULL,3,0,'Doloremque vel sed qui quae saepe.','Accusantium expedita autem sunt.','2015-07-13 05:06:03','2015-07-13 05:06:03'),(168,'Model','Kshlerin Inc','Fantastic Cotton Computer','149','Earum nisi ut qui.','Quae deleniti aperiam et illo eos beatae quo.',NULL,NULL,0,0,'Nulla consequatur tempora ut veniam a eaque autem est.','Atque velit officia et dolores doloremque rem.','2015-07-13 05:06:03','2015-07-13 05:06:03'),(169,'Model','Conroy-Muller','Incredible Steel Shirt','150','Quaerat quisquam laboriosam dolor ipsa accusamus.','Ea sunt sint deleniti dolorem.',NULL,NULL,1,0,'Assumenda adipisci nihil eum dolorum eaque fugit earum.','Quia aliquid fuga unde et ad doloremque.','2015-07-13 05:06:03','2015-07-13 05:06:03'),(170,'Model','Carter, Effertz and Hodkiewicz','Intelligent Wooden Computer','151','Doloremque repellendus occaecati corrupti ea quis.','Similique qui possimus reprehenderit sequi deserunt tenetur.',NULL,NULL,1,0,'Alias aut quia aut mollitia excepturi consequatur.','Iure aliquam incidunt voluptatibus.','2015-07-13 05:06:03','2015-07-13 05:06:03'),(171,'Model','Batz Inc','Fantastic Rubber Hat','152','Veniam veritatis nemo mollitia eum dolor.','Assumenda itaque ex explicabo pariatur laborum saepe.',NULL,NULL,3,0,'Eum autem labore libero.','Aspernatur ducimus voluptatem occaecati fuga expedita perferendis vel.','2015-07-15 05:06:03','2015-07-15 05:06:03'),(172,'Model','Willms, Aufderhar and Rippin','Gorgeous Steel Shoes','153','Beatae nisi eos voluptatem modi distinctio quis ea.','Enim dicta aut explicabo atque id non facilis dolor.',NULL,NULL,3,0,'Assumenda aut minima hic.','Ut consequatur aut non et voluptas omnis adipisci et.','2015-07-15 05:06:03','2015-07-15 05:06:03'),(173,'Model','Wilkinson LLC','Small Plastic Chair','154','Iure blanditiis quam quis.','Sit sit quo totam.',NULL,NULL,3,0,'Doloremque ratione accusamus fugiat porro ut aut.','Consequatur voluptatibus aut qui optio.','2015-07-15 05:06:03','2015-07-15 05:06:03'),(174,'Model','West, Ward and Runolfsdottir','Rustic Rubber Shirt','155','Ea beatae amet tempora incidunt et.','Occaecati incidunt ut numquam magnam veniam cupiditate quia sed.',NULL,NULL,2,0,'Impedit veniam facere corrupti accusamus voluptate nam.','Hic molestiae voluptatem praesentium.','2015-07-15 05:06:03','2015-07-15 05:06:03'),(175,'Model','Hartmann Inc','Rustic Cotton Computer','156','Aut dolor accusamus necessitatibus dolorem non.','Sed ipsum perferendis sequi.',NULL,NULL,3,0,'Eaque sapiente aliquid quae.','Aut sit deleniti veritatis.','2015-07-15 05:06:03','2015-07-15 05:06:03'),(176,'Model','Conroy LLC','Fantastic Cotton Gloves','157','Libero tempore consequatur fuga enim excepturi.','Cum quibusdam sint eos id aut natus.',NULL,NULL,1,0,'Qui aut repudiandae velit voluptatum nostrum.','Atque laborum placeat voluptas.','2015-07-15 05:06:03','2015-07-15 05:06:03'),(177,'Model','Kunde, Hand and Wilderman','Fantastic Rubber Chair','158','Ut et autem est non delectus.','Nulla aperiam sint aspernatur aut rem.',NULL,NULL,3,0,'Hic sunt sequi vel veritatis.','Beatae at cum recusandae unde culpa.','2015-07-15 05:06:03','2015-07-15 05:06:03'),(178,'Model','Kshlerin, Walker and Goodwin','Small Cotton Hat','159','Voluptatibus vel voluptas accusantium sunt vero soluta quia.','Consequatur possimus dolor quis ea molestias eveniet earum.',NULL,NULL,1,0,'Occaecati mollitia rerum corporis dignissimos.','In voluptatibus aliquid rerum labore et repellendus ut qui.','2015-07-15 05:06:03','2015-07-15 05:06:03'),(179,'Model','Klein, Schmitt and Boyer','Fantastic Cotton Shirt','160','Delectus maxime laborum eligendi.','Aut ullam optio et.',NULL,NULL,2,0,'Amet eligendi ipsam nostrum voluptates sunt.','Et similique aut veritatis nihil consectetur dicta ipsa.','2015-07-15 05:06:03','2015-07-15 05:06:03'),(180,'Model','Gleason-Carroll','Fantastic Concrete Hat','161','Nemo ea cupiditate corrupti alias voluptatibus magni aliquid.','Corrupti rerum doloremque id provident porro quam nostrum fuga.',NULL,NULL,1,0,'Recusandae distinctio ipsa maiores.','Autem repudiandae sit sed.','2015-07-15 05:06:03','2015-07-15 05:06:03'),(181,'Model','Schmitt, Casper and Murphy','Sleek Steel Computer','162','Voluptates explicabo impedit iste.','Quod ratione sit rerum iusto.',NULL,NULL,3,0,'Natus consequuntur repudiandae blanditiis dolores cumque impedit adipisci voluptatem.','Facilis non aperiam iste quis non necessitatibus officia quod.','2015-07-15 05:06:03','2015-07-15 05:06:03'),(182,'Model','Ryan, Boyer and Luettgen','Gorgeous Steel Car','163','Maxime omnis ea amet voluptates minima assumenda.','Sit rerum voluptates consectetur ut et voluptatibus.',NULL,NULL,0,0,'Est laborum iure officiis.','Sit non sed ad ut totam asperiores nulla.','2015-07-15 05:06:03','2015-07-15 05:06:03'),(183,'Model','Kerluke Group','Fantastic Granite Car','164','Sed sed voluptatibus sit non vel voluptatem molestias dolores.','Ea enim quia vero accusantium ut quas quia.',NULL,NULL,0,0,'Nulla molestiae officiis voluptatem eum magnam quia consectetur.','Quasi illo aut praesentium.','2015-07-15 05:06:03','2015-07-15 05:06:03'),(184,'Model','White Inc','Intelligent Plastic Chair','165','Amet voluptas reiciendis aperiam sit facere quia voluptatibus soluta.','Nihil corrupti culpa occaecati recusandae sunt voluptatem consectetur.',NULL,NULL,3,0,'Sapiente recusandae qui qui qui aspernatur.','Consequatur quam similique voluptates atque.','2015-07-15 05:06:03','2015-07-15 05:06:03'),(185,'Model','Sauer Inc','Incredible Plastic Car','166','Eos reiciendis nostrum est accusamus et enim aliquam.','Sunt et consequatur et ut tempora.',NULL,NULL,3,0,'A est recusandae soluta et omnis.','Facere excepturi ipsa quisquam est error velit optio.','2015-07-15 05:06:03','2015-07-15 05:06:03'),(186,'Model','Hermiston Inc','Incredible Concrete Shoes','167','Sequi repudiandae ut labore eveniet recusandae voluptatibus eum exercitationem.','Aspernatur esse id non.',NULL,NULL,3,0,'Ullam minima fugiat laborum et.','Nisi odit placeat necessitatibus beatae aperiam rerum qui consequatur.','2015-07-15 05:06:03','2015-07-15 05:06:03'),(187,'Model','Walter-Yost','Rustic Cotton Car','168','Et exercitationem accusantium porro nihil doloremque a et.','Quis sint nam temporibus.',NULL,NULL,1,0,'Porro aperiam dicta sit voluptatem.','Hic placeat quaerat sunt.','2015-07-15 05:06:03','2015-07-15 05:06:03'),(188,'Model','Green, Lemke and O\'Keefe','Fantastic Granite Shirt','169','Repudiandae soluta molestiae qui sunt accusamus veniam quibusdam.','Animi qui voluptas at.',NULL,NULL,1,0,'Tempore occaecati aut est voluptatem itaque quod exercitationem culpa.','Qui ad molestiae et consequatur.','2015-07-08 05:06:03','2015-07-08 05:06:03'),(189,'Model','Schneider Group','Gorgeous Wooden Gloves','170','Fuga corporis enim porro corrupti exercitationem alias doloremque.','Culpa et dolores voluptatem sint atque facilis consequatur.',NULL,NULL,1,0,'Eum facere eaque inventore.','Ullam ab eum quia ea explicabo modi saepe est.','2015-07-08 05:06:03','2015-07-08 05:06:03'),(190,'Model','Stoltenberg LLC','Gorgeous Steel Gloves','171','Voluptas in dolorum ut non hic nesciunt.','Est enim nobis ut laboriosam voluptatum sint qui.',NULL,NULL,0,0,'Quia maxime iure aliquid sapiente.','Voluptate labore dolore veniam omnis optio.','2015-07-08 05:06:03','2015-07-08 05:06:03'),(191,'Model','Rodriguez, Quigley and Harris','Practical Wooden Pants','172','Excepturi eaque animi non autem doloremque corporis rerum.','Voluptates et dolor voluptatum et eos.',NULL,NULL,3,0,'Quia culpa molestias dolor saepe.','Omnis delectus itaque quaerat blanditiis debitis dolor tempore.','2015-07-08 05:06:03','2015-07-08 05:06:03'),(192,'Model','Ryan, Littel and Marvin','Incredible Cotton Table','173','Molestiae est aut recusandae non autem ea accusamus.','Dolorum sapiente repellat dolores quo reprehenderit qui.',NULL,NULL,2,0,'Rerum eum ut quasi deserunt est vero.','Iusto similique sit iure perspiciatis.','2015-07-08 05:06:03','2015-07-08 05:06:03'),(193,'Model','Orn Inc','Awesome Granite Gloves','174','Magni consectetur laudantium possimus.','Id dolor et minima sunt.',NULL,NULL,3,0,'Minus officia aspernatur quia.','Sequi eaque ad aut est perferendis vel et.','2015-07-11 05:06:03','2015-07-11 05:06:03'),(194,'Model','Kuphal-White','Sleek Granite Computer','175','Dolor animi omnis architecto labore nobis sunt facilis sapiente.','Sit delectus illo perspiciatis id.',NULL,NULL,1,0,'Sed voluptas dicta dolore est.','Dolores molestias iure est.','2015-07-11 05:06:03','2015-07-11 05:06:03'),(195,'Model','Heathcote, Toy and Purdy','Gorgeous Cotton Table','176','Ut enim consequatur quasi.','Quo non et fuga velit.',NULL,NULL,3,0,'Corporis omnis labore numquam.','Aliquid maiores eum amet esse eius est est.','2015-07-11 05:06:03','2015-07-11 05:06:03'),(196,'Model','Nienow Inc','Practical Concrete Computer','177','Et ducimus quidem natus ipsa.','Nesciunt aspernatur adipisci nisi deserunt inventore provident voluptates.',NULL,NULL,1,0,'Vel nisi velit in et explicabo voluptas dolorem.','Ipsa aut vitae inventore enim nemo iusto modi.','2015-07-11 05:06:03','2015-07-11 05:06:03'),(197,'Model','Spencer, Vandervort and Schmeler','Gorgeous Steel Chair','178','Pariatur est omnis quasi quis dolorem ab optio.','Est recusandae sint quisquam sunt dolore velit officiis odit.',NULL,NULL,0,0,'Et magnam sint mollitia labore aliquid ea.','Eligendi omnis eius molestiae qui architecto.','2015-07-11 05:06:03','2015-07-11 05:06:03'),(198,'Model','Jacobs-Price','Ergonomic Concrete Car','179','Quam rerum animi aliquam.','Inventore molestiae beatae magni illo et.',NULL,NULL,0,0,'Qui veritatis ipsam quibusdam qui alias maiores pariatur.','Voluptatum illo ut iure eveniet facilis nisi impedit dolores.','2015-07-15 05:06:03','2015-07-15 05:06:03'),(199,'Model','VonRueden-Romaguera','Practical Wooden Gloves','180','Exercitationem voluptatum repellendus sunt alias.','Expedita aliquam dolores ipsa atque non optio praesentium.',NULL,NULL,1,0,'Sint atque magnam sequi.','Voluptas aspernatur aliquam libero alias.','2015-07-15 05:06:03','2015-07-15 05:06:03'),(200,'Model','Botsford-Hessel','Gorgeous Granite Gloves','181','Autem at corporis facere et consequatur.','Esse accusantium labore est iste amet libero nesciunt.',NULL,NULL,0,0,'Blanditiis sint aut ut id amet a hic.','Asperiores vel atque quis tempore quis ea.','2015-07-15 05:06:03','2015-07-15 05:06:03'),(201,'Model','Williamson, Schroeder and Larson','Ergonomic Rubber Gloves','182','Ad sit ea est et eos eos.','Qui provident enim sunt.',NULL,NULL,0,0,'Iusto totam qui officia perspiciatis.','Et natus autem corrupti illum voluptas facilis consectetur quod.','2015-07-15 05:06:03','2015-07-15 05:06:03'),(202,'Model','Prohaska, Kihn and Okuneva','Gorgeous Steel Pants','183','Laboriosam velit consectetur pariatur laborum.','Asperiores accusamus provident eius consequatur deserunt.',NULL,NULL,2,0,'Vero doloribus esse consequatur quia.','Maxime earum alias repellat consequatur rem.','2015-07-15 05:06:03','2015-07-15 05:06:03'),(203,'Model','Hudson-Lehner','Sleek Rubber Hat','184','Iusto est eveniet maxime labore non laborum.','Odio accusamus ut officia et qui impedit.',NULL,NULL,0,0,'Eum nisi officia quae maiores quo est ab occaecati.','Qui est est praesentium qui dolorem adipisci repudiandae reprehenderit.','2015-07-15 05:06:03','2015-07-15 05:06:03'),(204,'Model','Bogisich-Mertz','Intelligent Plastic Shoes','185','Et excepturi harum molestiae explicabo aut modi amet.','Error omnis repellat pariatur voluptas velit quos.',NULL,NULL,2,0,'Rerum distinctio id reprehenderit est dolores dolorem.','Quisquam natus sit reprehenderit dignissimos autem quidem.','2015-07-15 05:06:03','2015-07-15 05:06:03'),(205,'Model','Wilkinson, Konopelski and Runolfsdottir','Awesome Granite Table','186','Culpa nemo excepturi est minima.','Officia aut qui et quibusdam provident.',NULL,NULL,3,0,'Aut ex ut temporibus qui eius aspernatur.','Enim necessitatibus ducimus ratione.','2015-07-15 05:06:03','2015-07-15 05:06:03'),(206,'Model','Cole LLC','Practical Rubber Car','187','Ut velit beatae in accusantium.','Magni earum repellat nostrum aperiam voluptatum debitis.',NULL,NULL,3,0,'Expedita itaque consequuntur occaecati deleniti.','Et non minus est iusto blanditiis porro.','2015-07-15 05:06:03','2015-07-15 05:06:03'),(207,'Model','Dicki, Simonis and Hansen','Ergonomic Plastic Shoes','188','Vero nesciunt fuga et a est.','Commodi earum ea porro accusamus iusto.',NULL,NULL,0,0,'Et officiis rerum modi cum ullam.','Ad asperiores molestias veniam.','2015-07-15 05:06:03','2015-07-15 05:06:03'),(208,'Model','Stamm-O\'Hara','Incredible Wooden Chair','189','Voluptatibus ad alias fugiat id quod.','Architecto cupiditate nam et qui quisquam quidem facilis reprehenderit.',NULL,NULL,3,0,'Id consequatur et ratione libero et dolorem.','Officia laborum sit doloribus consectetur nulla amet voluptas molestiae.','2015-07-15 05:06:03','2015-07-15 05:06:03'),(209,'Model','Wintheiser-Goodwin','Intelligent Concrete Hat','190','Dolores molestiae et blanditiis eum quia tenetur voluptatem error.','Nulla soluta molestiae labore voluptatem.',NULL,NULL,2,0,'Veritatis ut repellendus ab sint sit sapiente.','Quaerat ea minima laborum sed consequatur.','2015-07-15 05:06:03','2015-07-15 05:06:03'),(210,'Model','Corkery LLC','Awesome Granite Hat','191','Dolores quia autem animi perspiciatis eveniet itaque deserunt.','Blanditiis soluta vel voluptates minima sed rerum magnam.',NULL,NULL,2,0,'Non impedit tenetur libero quos.','Doloribus quaerat voluptatem non neque.','2015-07-15 05:06:03','2015-07-15 05:06:03'),(211,'Model','Moore-Roob','Small Concrete Shoes','192','Repellendus aut impedit dolorem necessitatibus eos neque voluptatem.','Voluptatem autem consectetur delectus explicabo facilis consequatur quae labore.',NULL,NULL,1,0,'Cumque eveniet hic tenetur animi consectetur eaque vel dolor.','Minima et quasi dolor.','2015-07-15 05:06:03','2015-07-15 05:06:03'),(212,'Model','Wunsch, Brekke and Lebsack','Gorgeous Granite Shoes','193','Unde et esse sit a voluptas molestias.','Vel fugiat illum sequi consequuntur enim qui doloribus tempora.',NULL,NULL,2,0,'Odio sit asperiores non dolor odit eveniet nam eos.','Aut voluptas ullam autem delectus consectetur velit ipsum.','2015-07-15 05:06:03','2015-07-15 05:06:03'),(213,'Model','Mayer LLC','Practical Wooden Hat','194','Quo exercitationem rem quia delectus neque occaecati tempore et.','Ut eius repudiandae pariatur eligendi eaque.',NULL,NULL,3,0,'Harum aut quasi qui animi.','Exercitationem quo voluptas omnis.','2015-07-15 05:06:03','2015-07-15 05:06:03'),(214,'Model','Schuppe, Hilll and Hermann','Ergonomic Cotton Pants','195','Aut accusantium omnis quidem velit rerum voluptatem et ut.','Error dicta laborum a veritatis rerum atque quidem.',NULL,NULL,0,0,'Tempore aut ut dolorum accusamus.','Quis nobis accusantium eius.','2015-07-15 05:06:03','2015-07-15 05:06:03'),(215,'Model','Breitenberg, Schaden and Bernier','Awesome Plastic Gloves','196','Et et molestias necessitatibus reiciendis.','Temporibus inventore amet aperiam.',NULL,NULL,3,0,'Sed numquam libero quis possimus.','Dolores aperiam non delectus dolorem.','2015-07-15 05:06:03','2015-07-15 05:06:03'),(216,'Model','Schumm LLC','Ergonomic Granite Computer','197','Soluta fugiat odit neque nisi nostrum qui eligendi.','Reprehenderit placeat vero odio sunt voluptates.',NULL,NULL,0,0,'Et delectus vitae minus vel.','Beatae nemo pariatur est iure vero non.','2015-07-15 05:06:03','2015-07-15 05:06:03'),(217,'Model','Marquardt-Kovacek','Small Granite Shoes','198','Consequatur aperiam laudantium qui quos aut.','Eius sunt eligendi nisi ex ipsum.',NULL,NULL,2,0,'Ea mollitia et fugiat suscipit ut ut commodi sed.','Eos molestias vel nisi consequatur quam.','2015-07-15 05:06:03','2015-07-15 05:06:03'),(218,'Model','Grant Inc','Rustic Granite Car','199','Ut quo cupiditate velit rerum laborum et.','Optio ipsa id nobis non.',NULL,NULL,1,0,'Consequatur atque itaque voluptatum laudantium.','Asperiores cum quia assumenda non distinctio.','2015-07-15 05:06:03','2015-07-15 05:06:03'),(219,'Model','Dickens, Kilback and Bergstrom','Gorgeous Cotton Pants','200','Autem aliquid ut enim pariatur aut.','Ducimus ut consequatur adipisci quae et dicta.',NULL,NULL,3,0,'Sapiente cumque illo molestiae a qui.','Temporibus nobis placeat pariatur qui aut et ea earum.','2015-07-15 05:06:03','2015-07-15 05:06:03'),(220,'Model','Halvorson-Hoppe','Gorgeous Rubber Table','201','Enim iure similique qui tenetur vitae reiciendis hic.','Blanditiis cumque enim velit.',NULL,NULL,2,0,'Repellat et aperiam nobis.','Mollitia optio qui voluptas ipsam soluta.','2015-07-15 05:06:03','2015-07-15 05:06:03'),(221,'Model','Reichert-Herzog','Sleek Concrete Shoes','202','Beatae at tempora et consectetur.','Vel dolorem consequuntur eveniet vero praesentium sint.',NULL,NULL,2,0,'Ut est voluptatem harum.','Amet quo illum qui dolor.','2015-07-15 05:06:03','2015-07-15 05:06:03'),(222,'Model','Farrell Inc','Small Plastic Gloves','203','Non vel nesciunt fuga molestiae ex aut quod est.','Commodi occaecati quis quia.',NULL,NULL,3,0,'Voluptates vel sit assumenda dolore est quaerat animi.','Aut praesentium sed aut beatae totam expedita voluptas mollitia.','2015-07-15 05:06:03','2015-07-15 05:06:03'),(223,'Model','Greenfelder-Wiza','Awesome Rubber Chair','204','Deleniti asperiores est esse quasi et.','Dolores dolorum dolore quos placeat consequatur saepe unde.',NULL,NULL,1,0,'Iste impedit dolorum aut beatae omnis pariatur dolor.','Magnam fugit dolorem et sequi.','2015-07-15 05:06:03','2015-07-15 05:06:03'),(224,'Model','Russel, Rodriguez and Oberbrunner','Sleek Plastic Chair','205','Aut aut corporis recusandae tempore delectus fugiat inventore.','Quia non tenetur ab assumenda magni aut.',NULL,NULL,3,0,'Aspernatur magnam qui inventore corporis dolorem.','Molestiae laudantium accusamus excepturi ad quo aliquid tempora.','2015-07-15 05:06:03','2015-07-15 05:06:03'),(225,'Model','Beer-Kunde','Rustic Granite Shirt','206','Et quam officiis perspiciatis in a est placeat.','Temporibus unde aut provident.',NULL,NULL,1,0,'Quia rerum voluptates aut animi.','Omnis officiis accusamus exercitationem enim sint aperiam fugiat.','2015-07-15 05:06:03','2015-07-15 05:06:03'),(226,'Model','Jacobi Inc','Intelligent Rubber Shoes','207','Eligendi cupiditate et eos.','Vitae eos qui accusantium non fugiat est sapiente.',NULL,NULL,3,0,'Et similique unde saepe et nobis.','Repudiandae eius exercitationem consequatur.','2015-07-15 05:06:03','2015-07-15 05:06:03'),(227,'Model','Hayes and Sons','Intelligent Rubber Pants','208','A nostrum labore itaque quis ex est exercitationem sint.','Sed dolorem nihil iste.',NULL,NULL,1,0,'Minus a incidunt consectetur cupiditate.','Animi fugit incidunt quidem praesentium.','2015-07-15 05:06:03','2015-07-15 05:06:03'),(228,'Model','Kerluke-Roob','Sleek Granite Shirt','209','Dolorem fuga vitae nulla dolores.','Veritatis odio saepe rem quod omnis corrupti.',NULL,NULL,2,0,'Qui quia et amet veniam et fugit dignissimos.','At nulla velit sit.','2015-07-15 05:06:03','2015-07-15 05:06:03'),(229,'Model','Dach and Sons','Sleek Rubber Gloves','210','Quibusdam soluta magni ratione magnam nulla enim sunt autem.','Quisquam aut aut deleniti nesciunt voluptatem minus quia.',NULL,NULL,1,0,'Molestiae quidem omnis nobis.','Possimus autem omnis maiores asperiores hic rerum qui odio.','2015-07-15 05:06:03','2015-07-15 05:06:03'),(230,'Model','Thiel LLC','Practical Granite Shoes','211','Alias culpa sunt occaecati.','Commodi molestiae aut temporibus voluptas consectetur ut vel.',NULL,NULL,2,0,'Consequatur aspernatur ipsum optio quia.','Sit velit dolor ducimus pariatur.','2015-07-15 05:06:03','2015-07-15 05:06:03'),(231,'Model','Fritsch LLC','Intelligent Cotton Table','212','Qui aut nihil suscipit omnis.','Voluptatibus iusto quibusdam quia occaecati aut.',NULL,NULL,3,0,'Ipsa nostrum eaque inventore amet rerum minima.','Tempora aperiam dignissimos et aspernatur ipsum.','2015-07-15 05:06:03','2015-07-15 05:06:03'),(232,'Model','Nader, Zboncak and Klein','Small Granite Car','213','Architecto quo ut voluptatem soluta occaecati natus.','Doloribus non corporis adipisci.',NULL,NULL,2,0,'Non sed necessitatibus et laboriosam.','Ea odit doloribus eos explicabo incidunt officiis quidem voluptas.','2015-07-15 05:06:03','2015-07-15 05:06:03'),(233,'Model','Dare-Jacobi','Small Wooden Hat','214','Eaque dolores illo cumque et sit aut sed.','Impedit eum molestiae ut.',NULL,NULL,3,0,'Itaque occaecati nam magnam ullam.','Illum labore quisquam accusamus alias voluptatem in quia officia.','2015-07-15 05:06:03','2015-07-15 05:06:03'),(234,'Model','Kerluke-Abbott','Intelligent Cotton Shoes','215','Nisi quaerat exercitationem vel aliquam.','Quae veritatis aspernatur laboriosam pariatur voluptas corporis doloremque.',NULL,NULL,0,0,'Aliquid dolorem sunt esse in.','Sed cumque soluta ad voluptas.','2015-07-15 05:06:03','2015-07-15 05:06:03'),(235,'Model','Schaefer Inc','Incredible Rubber Pants','216','Debitis numquam aut quod amet consequatur vitae.','Id praesentium ducimus eius deserunt.',NULL,NULL,1,0,'Et occaecati dolorem porro explicabo sed saepe quae.','Nesciunt omnis facere eos incidunt ex tempora sed.','2015-07-15 05:06:03','2015-07-15 05:06:03'),(236,'Model','Monahan LLC','Gorgeous Rubber Shirt','217','Rerum quibusdam praesentium non suscipit repudiandae id minima.','Aut autem vel atque.',NULL,NULL,2,0,'Sed dolor est enim assumenda nostrum.','Quibusdam est quam molestiae et.','2015-07-15 05:06:03','2015-07-15 05:06:03'),(237,'Model','Smitham LLC','Small Wooden Table','218','Nihil nobis commodi sunt quis sint et voluptatibus.','Fugiat corporis aut facilis in unde.',NULL,NULL,1,0,'Illum occaecati autem voluptas eum.','Consequatur ut eius libero tenetur dolores quia.','2015-07-15 05:06:03','2015-07-15 05:06:03'),(238,'Model','Donnelly, Metz and Ryan','Intelligent Wooden Pants','219','Alias doloremque ex ut et qui velit doloribus quod.','Quia inventore suscipit explicabo rerum.',NULL,NULL,1,0,'Corrupti id quia nesciunt.','Autem maiores sint beatae laudantium voluptate quo quidem ipsum.','2015-07-15 05:06:03','2015-07-15 05:06:03'),(239,'Model','Cummings, Hickle and Pouros','Small Concrete Table','220','Labore veniam recusandae itaque sed exercitationem velit molestias.','Sit earum temporibus unde labore.',NULL,NULL,1,0,'At vero dolores pariatur sit eaque quo odit voluptates.','Molestias dolor et reiciendis molestiae molestiae nemo.','2015-07-15 05:06:03','2015-07-15 05:06:03'),(240,'Model','Wiegand, Cole and Wilderman','Incredible Rubber Shoes','221','Qui sapiente eum dolorum.','Quia quo ab eveniet molestiae enim.',NULL,NULL,0,0,'Iusto fugiat natus ducimus occaecati sequi ut repudiandae.','Porro delectus rerum doloribus.','2015-07-15 05:06:03','2015-07-15 05:06:03'),(241,'Model','Kuphal-Orn','Gorgeous Concrete Car','222','Ipsa mollitia illum dolore ipsam labore.','Explicabo minus ea voluptas.',NULL,NULL,2,0,'Officia molestiae laborum sunt est cupiditate quo.','Asperiores sit in quia.','2015-07-15 05:06:03','2015-07-15 05:06:03'),(242,'Model','O\'Reilly, Deckow and White','Small Cotton Chair','223','Inventore doloribus sed amet labore est enim.','Accusamus modi ad in accusantium rerum.',NULL,NULL,3,0,'Sint officiis impedit et at voluptatum asperiores id sed.','Esse enim ut voluptatum modi quis dicta voluptatem atque.','2015-07-15 05:06:03','2015-07-15 05:06:03'),(243,'Model','Berge Group','Sleek Cotton Chair','224','Consequatur doloremque dolores assumenda ipsam.','Doloribus ut laborum voluptatem est consectetur atque quis enim.',NULL,NULL,1,0,'Aut deserunt et ut aut molestiae.','Quas eveniet tempore et.','2015-07-15 05:06:03','2015-07-15 05:06:03'),(244,'Model','Cormier LLC','Practical Steel Hat','225','Consequatur aperiam et eligendi quia laborum.','Sed non nihil cum velit.',NULL,NULL,1,0,'Voluptatem et eius voluptas eum architecto dolorem.','Corrupti rerum quis est.','2015-07-15 05:06:03','2015-07-15 05:06:03'),(245,'Model','Stracke Inc','Practical Steel Table','226','Qui vero laudantium rerum voluptatem.','Tempore perspiciatis eos suscipit.',NULL,NULL,0,0,'Aspernatur blanditiis est beatae eligendi doloremque.','Vero perferendis atque officiis consequatur rem molestias hic et.','2015-07-15 05:06:03','2015-07-15 05:06:03'),(246,'Model','Haag, Runte and Jenkins','Intelligent Granite Chair','227','Qui ea debitis at cumque dolorum.','At tempora totam dolores eum incidunt et sit dolores.',NULL,NULL,1,0,'Asperiores doloremque quos aut consequatur omnis et.','Enim accusamus vitae distinctio doloremque.','2015-07-15 05:06:03','2015-07-15 05:06:03'),(247,'Model','Friesen, Goodwin and Kemmer','Awesome Concrete Chair','228','Quo consequatur commodi aspernatur perferendis.','Deleniti eaque non ipsa amet explicabo voluptas.',NULL,NULL,1,0,'Vel vel deserunt repudiandae odit dolores totam qui harum.','Eaque libero autem odio beatae voluptatum cupiditate aliquam veniam.','2015-07-15 05:06:03','2015-07-15 05:06:03'),(248,'Model','Schowalter-Boyle','Sleek Cotton Pants','229','Aut cumque delectus et amet.','Incidunt velit vel sed.',NULL,NULL,1,0,'Placeat non quia officia possimus.','Itaque et cum iusto beatae dolor.','2015-07-15 05:06:03','2015-07-15 05:06:03'),(249,'Model','Wuckert, Schinner and Stokes','Sleek Rubber Table','230','Est aperiam deserunt odit asperiores sapiente.','Non vitae beatae tenetur sed.',NULL,NULL,3,0,'Voluptatem perferendis dolorum amet deserunt.','Perferendis inventore consequatur temporibus non error voluptatem pariatur.','2015-07-15 05:06:03','2015-07-15 05:06:03'),(250,'Model','Satterfield-McDermott','Rustic Cotton Chair','231','Et ad odit quaerat ut sit impedit.','Veniam dolor molestiae beatae aspernatur enim iste.',NULL,NULL,3,0,'Nihil laborum dolores occaecati ad.','Odit odio atque mollitia necessitatibus quidem.','2015-07-15 05:06:03','2015-07-15 05:06:03'),(251,'Model','Schulist-Moore','Awesome Cotton Car','232','Neque vel eligendi et dolores ipsa sint.','Velit modi necessitatibus et eum harum labore aspernatur fugit.',NULL,NULL,2,0,'Rerum optio nostrum sit ut quibusdam.','Qui rem excepturi architecto in quia ipsam ducimus consectetur.','2015-07-15 05:06:03','2015-07-15 05:06:03'),(252,'Model','Wunsch, Haley and Heidenreich','Practical Concrete Shirt','233','At omnis laborum ut quas beatae.','Velit et dolor nemo.',NULL,NULL,3,0,'Fugiat ut placeat nobis.','Explicabo qui omnis animi impedit laborum sed optio saepe.','2015-07-15 05:06:03','2015-07-15 05:06:03'),(253,'Model','Hirthe, Volkman and Schmeler','Small Cotton Table','234','Ratione saepe non in dolorum.','Eaque minus numquam ipsum.',NULL,NULL,3,0,'Repellendus asperiores dolorem sint soluta sed culpa.','Magnam odio sit aut.','2015-07-15 05:06:03','2015-07-15 05:06:03'),(254,'Model','O\'Conner, Hirthe and Bechtelar','Awesome Concrete Shirt','235','Est sint mollitia esse ipsam alias qui et earum.','Nobis ipsam vel repellendus.',NULL,NULL,0,0,'Reprehenderit incidunt nihil error.','Reiciendis adipisci pariatur ab harum voluptas corporis nam dignissimos.','2015-07-15 05:06:03','2015-07-15 05:06:03'),(255,'Model','Abshire Group','Awesome Wooden Hat','236','Consectetur et incidunt repellat aperiam nobis est laboriosam.','Quo est omnis et ut.',NULL,NULL,0,0,'Fugiat placeat pariatur facere ullam tempora eligendi.','Aut eveniet esse voluptas maiores dolores.','2015-07-10 05:06:03','2015-07-10 05:06:03'),(256,'Model','Wisoky, Schoen and Pouros','Rustic Steel Gloves','237','Et voluptatem expedita itaque omnis iure qui accusantium.','Quia quo veritatis consequatur tempore qui aut et.',NULL,NULL,2,0,'Et numquam rem veniam perferendis cupiditate.','Quam itaque nesciunt accusamus quisquam dolores saepe provident nisi.','2015-07-10 05:06:03','2015-07-10 05:06:03'),(257,'Model','Lakin, Lueilwitz and Krajcik','Practical Steel Pants','238','Enim cum qui quam ullam aspernatur ea ipsam.','Et laboriosam reprehenderit magnam tempora modi maiores sed.',NULL,NULL,3,0,'Laudantium aut facere aspernatur asperiores quasi.','Vel dolore beatae animi quia optio.','2015-07-10 05:06:03','2015-07-10 05:06:03'),(258,'Model','Huels, Schuppe and Rippin','Fantastic Rubber Shoes','239','Voluptates a placeat consequatur ipsa itaque unde quas.','Molestiae nam et harum accusantium rem commodi.',NULL,NULL,1,0,'Est soluta consequatur odio.','In ullam quis sit.','2015-07-10 05:06:03','2015-07-10 05:06:03'),(259,'Model','Raynor Inc','Practical Granite Hat','240','Enim autem laborum fuga asperiores assumenda.','Perspiciatis saepe dolorem ut in commodi.',NULL,NULL,0,0,'Explicabo dolor ab ex et nemo dolore qui sunt.','Voluptatibus vero sunt perferendis aperiam.','2015-07-10 05:06:03','2015-07-10 05:06:03'),(260,'Model','Prosacco-Gaylord','Practical Concrete Shoes','241','Ex ut et quos officia quas non.','Consectetur adipisci quaerat aut laborum nesciunt.',NULL,NULL,2,0,'Provident repellendus non blanditiis quo.','Pariatur qui nostrum quis dolores doloremque odit iusto consequuntur.','2015-07-15 05:06:03','2015-07-15 05:06:03'),(261,'Software','Volkman Inc','Ergonomic Concrete Chair','243',NULL,NULL,NULL,NULL,0,0,NULL,NULL,'2015-07-15 05:06:03','2015-07-15 05:06:03'),(262,'Model','Legros LLC','Ergonomic Concrete Shoes','244','Qui placeat numquam doloribus possimus eius sunt voluptatem.','Et itaque aspernatur corrupti quis vero.',NULL,NULL,0,0,'Dolorum quos dolorem molestiae.','Amet ipsa tempore velit in.','2015-07-10 05:06:03','2015-07-10 05:06:03'),(263,'Model','Rogahn Inc','Incredible Granite Car','246','Qui eum aut dolores velit quo consequatur.','In corporis explicabo ab qui et recusandae asperiores.',NULL,NULL,0,0,'Accusantium eius nisi molestias aut consequatur nobis optio.','Esse odio voluptatem doloribus dolore porro at.','2015-07-15 05:06:03','2015-07-15 05:06:03'),(264,'Software','Kiehn-Gibson','Rustic Plastic Shoes','247',NULL,NULL,NULL,NULL,0,0,NULL,NULL,'2015-07-15 05:06:03','2015-07-15 05:06:03'),(265,'Model','Moore and Sons','Practical Steel Chair','248','Animi quia nemo quod facilis aut asperiores officia voluptas.','Hic praesentium laborum ut veritatis doloremque iure.',NULL,NULL,1,0,'Nesciunt provident molestiae sit ipsam est esse consequatur.','Saepe vel ad dicta iste enim.','2015-07-15 05:06:03','2015-07-15 05:06:03'),(266,'Model','Crooks LLC','Gorgeous Concrete Shirt','250','Et aperiam ut vitae sint rerum.','Et assumenda voluptate doloremque numquam id.',NULL,NULL,2,0,'Rerum itaque sint ducimus iusto hic dicta voluptas voluptatem.','Quia rerum atque praesentium ea soluta ipsam.','2015-07-15 05:06:03','2015-07-15 05:06:03'),(267,'Model','Fay-Jakubowski','Awesome Concrete Pants','251','Natus ea culpa modi fuga nihil ratione vitae.','Ipsam ut esse molestiae.',NULL,NULL,0,0,'Rerum quae dolorem et quasi vel expedita.','Qui sunt aut quia maiores eveniet et corrupti.','2015-07-15 05:06:03','2015-07-15 05:06:03'),(268,'Model','Rodriguez-Cruickshank','Small Plastic Shoes','252','Nulla ex laboriosam reiciendis enim iusto adipisci atque ea.','Occaecati eos ut necessitatibus omnis tenetur.',NULL,NULL,2,0,'Ullam et qui quia vel autem.','Quasi voluptas qui et.','2015-07-15 05:06:03','2015-07-15 05:06:03'),(269,'Model','Crona, Abernathy and Reichel','Incredible Plastic Table','253','Sed quis quia nam.','Doloremque in cum accusantium quia.',NULL,NULL,0,0,'Occaecati et in architecto dolores esse possimus labore.','Mollitia quibusdam recusandae dolores qui.','2015-07-15 05:06:03','2015-07-15 05:06:03'),(270,'Model','Legros Inc','Awesome Plastic Pants','254','Itaque eum non ut quod.','Quos incidunt qui est pariatur eos.',NULL,NULL,2,0,'Sunt sunt magni quia corrupti nulla qui possimus vel.','Nesciunt nobis fugiat nostrum repellat repellendus.','2015-07-15 05:06:03','2015-07-15 05:06:03'),(271,'Model','Turcotte, Witting and Breitenberg','Gorgeous Granite Computer','255','Dolor in temporibus eveniet quas voluptatem voluptas tenetur unde.','Ex amet ipsam corrupti et repudiandae.',NULL,NULL,0,0,'Magnam perferendis voluptatem rem ullam sint reprehenderit.','Numquam laborum autem ut assumenda vero inventore dolorum occaecati.','2015-07-15 05:06:03','2015-07-15 05:06:03'),(272,'Model','Monahan, O\'Hara and Effertz','Intelligent Steel Gloves','256','Sint consequatur et maxime aspernatur adipisci qui.','Nostrum ratione ut consectetur illo placeat quasi quo rem.',NULL,NULL,1,0,'Magnam esse maxime rem ut aliquam.','Id velit voluptatem qui modi eos saepe non aut.','2015-07-15 05:06:03','2015-07-15 05:06:03'),(273,'Model','Deckow Inc','Intelligent Granite Gloves','257','Nobis velit porro corporis voluptatem est molestias quo.','Praesentium esse quia architecto optio sint reiciendis ut dolorum.',NULL,NULL,2,0,'Et non in nesciunt.','Blanditiis suscipit odio tempore doloremque harum ut temporibus.','2015-07-15 05:06:03','2015-07-15 05:06:03'),(274,'Model','Bins, Kunde and Collier','Awesome Rubber Shirt','258','Dolor et adipisci sed dolorem quis recusandae.','Dolorem et quisquam ut.',NULL,NULL,2,0,'Vel molestias nihil earum rerum consequatur enim.','Quidem non dolorem deserunt debitis.','2015-07-15 05:06:03','2015-07-15 05:06:03'),(275,'Model','Ziemann LLC','Small Granite Computer','259','Harum dolor sunt praesentium dolor in cum.','At iure placeat nemo consequatur et est.',NULL,NULL,2,0,'Asperiores atque sit est rem assumenda eius placeat.','Facilis mollitia architecto accusantium enim expedita neque.','2015-07-15 05:06:03','2015-07-15 05:06:03'),(276,'Model','Hackett-Legros','Ergonomic Rubber Hat','260','Animi quia ea dolor consequatur aut.','Impedit autem expedita totam veritatis quam voluptatem.',NULL,NULL,3,0,'Quo dicta impedit dolorum natus non rerum.','Repellendus iusto sit molestiae nulla omnis soluta.','2015-07-15 05:06:03','2015-07-15 05:06:03'),(277,'Model','Dickinson and Sons','Small Plastic Car','261','Aperiam omnis suscipit pariatur eum consectetur ut.','Ducimus aut cum qui.',NULL,NULL,1,0,'Ipsum aliquid voluptates est voluptatem et.','Consequatur ea voluptatem facilis qui quod in sed.','2015-07-15 05:06:03','2015-07-15 05:06:03'),(278,'Model','Frami, Pfeffer and Quitzon','Gorgeous Rubber Car','262','Veniam ut sit beatae ex non voluptatem.','Et sapiente et sed quam.',NULL,NULL,1,0,'In blanditiis est ab corrupti porro sequi cupiditate.','Veritatis quasi tenetur rerum temporibus aspernatur eos.','2015-07-15 05:06:03','2015-07-15 05:06:03'),(279,'Model','Grant, Mraz and Denesik','Practical Granite Car','263','Adipisci ipsa eius voluptatum vel harum occaecati.','Ut id aut natus sit consequatur.',NULL,NULL,3,0,'Praesentium officia accusantium ut aut est sit voluptatem.','Quia magnam ad quia voluptatum ratione quibusdam.','2015-07-15 05:06:03','2015-07-15 05:06:03'),(280,'Model','Friesen, Lakin and Turner','Practical Wooden Chair','264','Quia omnis dolor ipsam sunt culpa sit velit.','Delectus laboriosam ipsa eveniet illum ab dignissimos.',NULL,NULL,0,0,'Eveniet quos itaque ad et delectus porro.','Officia sit repellendus sit.','2015-07-15 05:06:03','2015-07-15 05:06:03'),(281,'Model','Stroman-Collier','Practical Rubber Pants','265','Sequi modi magni eos rerum similique.','Aspernatur praesentium pariatur dolor amet minus.',NULL,NULL,2,0,'Molestiae aut rerum quo ut voluptas veritatis ducimus ipsum.','Tempora aut accusantium dolorem aut aspernatur amet ea.','2015-07-15 05:06:03','2015-07-15 05:06:03'),(282,'Model','Skiles-Gorczany','Fantastic Cotton Pants','266','Nam ipsum corrupti et quos quod laboriosam architecto.','Aliquam non adipisci sit consectetur.',NULL,NULL,3,0,'Molestiae ipsum sunt doloribus similique.','Placeat reiciendis fuga exercitationem voluptatem consequatur officia aliquid.','2015-07-15 05:06:03','2015-07-15 05:06:03'),(283,'Model','Runte, Cruickshank and O\'Conner','Sleek Wooden Shirt','267','Nihil aut ducimus accusantium.','Dolor voluptates ratione ea atque non.',NULL,NULL,1,0,'Blanditiis mollitia laudantium culpa.','Tenetur voluptas dicta dolorum.','2015-07-15 05:06:03','2015-07-15 05:06:03'),(284,'Model','Abshire-Kovacek','Fantastic Plastic Shirt','268','Sint non harum id porro.','Repudiandae sapiente similique sit corrupti error totam minus cupiditate.',NULL,NULL,2,0,'Nisi quia impedit placeat pariatur ad numquam quo exercitationem.','A vel dolor illo odit voluptatum consequatur nemo aut.','2015-07-15 05:06:03','2015-07-15 05:06:03'),(285,'Model','Auer LLC','Incredible Steel Pants','269','Nesciunt et aliquam provident perspiciatis ut esse eos.','Id sunt nihil iure.',NULL,NULL,2,0,'Eius id non perferendis esse et sapiente accusantium occaecati.','Nam excepturi eos qui nihil iste enim ducimus.','2015-07-15 05:06:03','2015-07-15 05:06:03'),(286,'Model','Gleason-Gutmann','Sleek Steel Shirt','270','Tempora temporibus quia debitis rerum.','Et illum doloremque temporibus quis qui est labore.',NULL,NULL,3,0,'Quae omnis ipsam sed.','Quaerat praesentium voluptatem est.','2015-07-10 05:06:03','2015-07-10 05:06:03'),(287,'Model','Kuvalis, Schamberger and Morissette','Fantastic Rubber Gloves','271','Optio ipsum asperiores officia et.','Quia repellat et impedit.',NULL,NULL,2,0,'Harum consequatur tempora qui eum omnis dolor.','Et enim corporis est iste molestiae.','2015-07-10 05:06:03','2015-07-10 05:06:03'),(288,'Model','Beatty-Wuckert','Ergonomic Steel Shirt','272','Sit consequatur distinctio ut laudantium quia incidunt fugiat.','Porro ad quis numquam suscipit consequatur cumque.',NULL,NULL,1,0,'Voluptates quo aliquam sit ipsam excepturi dicta.','Eveniet sequi nihil aspernatur ab.','2015-07-10 05:06:03','2015-07-10 05:06:03'),(289,'Model','Hilll, Collier and Kassulke','Small Cotton Shoes','273','Facilis totam voluptatem nesciunt aspernatur esse aperiam consequatur minus.','Quae labore tenetur facere.',NULL,NULL,0,0,'Quo non sed quis voluptates.','Veritatis et harum qui.','2015-07-10 05:06:03','2015-07-10 05:06:03'),(290,'Model','Dare Inc','Gorgeous Concrete Chair','274','Et vel quidem deleniti error autem id voluptate autem.','Autem mollitia est porro.',NULL,NULL,0,0,'Dolor quibusdam rerum et animi unde velit.','Eaque libero fugiat assumenda vero.','2015-07-12 05:06:03','2015-07-12 05:06:03'),(291,'Model','Mayert-Green','Awesome Steel Gloves','275','Iusto aliquam perspiciatis natus sint qui magni.','Ipsam ut ut ipsa cum voluptates vel enim saepe.',NULL,NULL,1,0,'Autem molestias labore consequuntur aperiam accusamus aut quibusdam.','Quasi neque dolores doloribus accusantium soluta explicabo eveniet.','2015-07-12 05:06:03','2015-07-12 05:06:03'),(292,'Model','Harris Inc','Awesome Granite Shoes','276','Enim iure consequatur in.','Velit mollitia sequi eius voluptatem distinctio laboriosam alias.',NULL,NULL,2,0,'Assumenda sed sit exercitationem sapiente neque magnam odio.','Modi vel non et dolorum praesentium quo consectetur eveniet.','2015-07-12 05:06:03','2015-07-12 05:06:03'),(293,'Model','Blanda-Boyle','Intelligent Wooden Table','277','Ut quisquam aspernatur vel est esse.','Illum nulla quasi inventore ipsum numquam vero.',NULL,NULL,2,0,'Consequatur impedit culpa voluptas in blanditiis excepturi nihil.','Voluptate aliquam quos enim sint doloribus.','2015-07-12 05:06:03','2015-07-12 05:06:03');
/*!40000 ALTER TABLE `models` ENABLE KEYS */;
UNLOCK TABLES;

--
-- Table structure for table `models_compatibles`
--

DROP TABLE IF EXISTS `models_compatibles`;
/*!40101 SET @saved_cs_client     = @@character_set_client */;
/*!40101 SET character_set_client = utf8 */;
CREATE TABLE `models_compatibles` (
  `model_id` int(11) DEFAULT NULL,
  `compatible_id` int(11) DEFAULT NULL,
  KEY `index_models_compatibles_on_compatible_id` (`compatible_id`),
  KEY `index_models_compatibles_on_model_id` (`model_id`),
  CONSTRAINT `models_compatibles_compatible_id_fk` FOREIGN KEY (`compatible_id`) REFERENCES `models` (`id`),
  CONSTRAINT `models_compatibles_model_id_fk` FOREIGN KEY (`model_id`) REFERENCES `models` (`id`)
) ENGINE=InnoDB DEFAULT CHARSET=utf8 COLLATE=utf8_unicode_ci;
/*!40101 SET character_set_client = @saved_cs_client */;

--
-- Dumping data for table `models_compatibles`
--

LOCK TABLES `models_compatibles` WRITE;
/*!40000 ALTER TABLE `models_compatibles` DISABLE KEYS */;
INSERT INTO `models_compatibles` VALUES (15,14),(16,14),(17,14);
/*!40000 ALTER TABLE `models_compatibles` ENABLE KEYS */;
UNLOCK TABLES;

--
-- Table structure for table `notifications`
--

DROP TABLE IF EXISTS `notifications`;
/*!40101 SET @saved_cs_client     = @@character_set_client */;
/*!40101 SET character_set_client = utf8 */;
CREATE TABLE `notifications` (
  `id` int(11) NOT NULL AUTO_INCREMENT,
  `user_id` int(11) DEFAULT NULL,
  `title` varchar(255) COLLATE utf8_unicode_ci DEFAULT '',
  `created_at` datetime NOT NULL,
  PRIMARY KEY (`id`),
  KEY `index_notifications_on_user_id` (`user_id`),
  CONSTRAINT `notifications_user_id_fk` FOREIGN KEY (`user_id`) REFERENCES `users` (`id`) ON DELETE CASCADE
) ENGINE=InnoDB DEFAULT CHARSET=utf8 COLLATE=utf8_unicode_ci;
/*!40101 SET character_set_client = @saved_cs_client */;

--
-- Dumping data for table `notifications`
--

LOCK TABLES `notifications` WRITE;
/*!40000 ALTER TABLE `notifications` DISABLE KEYS */;
/*!40000 ALTER TABLE `notifications` ENABLE KEYS */;
UNLOCK TABLES;

--
-- Table structure for table `numerators`
--

DROP TABLE IF EXISTS `numerators`;
/*!40101 SET @saved_cs_client     = @@character_set_client */;
/*!40101 SET character_set_client = utf8 */;
CREATE TABLE `numerators` (
  `id` int(11) NOT NULL AUTO_INCREMENT,
  `item` int(11) DEFAULT NULL,
  PRIMARY KEY (`id`)
) ENGINE=InnoDB DEFAULT CHARSET=utf8 COLLATE=utf8_unicode_ci;
/*!40101 SET character_set_client = @saved_cs_client */;

--
-- Dumping data for table `numerators`
--

LOCK TABLES `numerators` WRITE;
/*!40000 ALTER TABLE `numerators` DISABLE KEYS */;
/*!40000 ALTER TABLE `numerators` ENABLE KEYS */;
UNLOCK TABLES;

--
-- Table structure for table `options`
--

DROP TABLE IF EXISTS `options`;
/*!40101 SET @saved_cs_client     = @@character_set_client */;
/*!40101 SET character_set_client = utf8 */;
CREATE TABLE `options` (
  `id` int(11) NOT NULL AUTO_INCREMENT,
  `inventory_pool_id` int(11) DEFAULT NULL,
  `inventory_code` varchar(255) COLLATE utf8_unicode_ci DEFAULT NULL,
  `manufacturer` varchar(255) COLLATE utf8_unicode_ci DEFAULT NULL,
  `product` varchar(255) COLLATE utf8_unicode_ci NOT NULL,
  `version` varchar(255) COLLATE utf8_unicode_ci DEFAULT NULL,
  `price` decimal(8,2) DEFAULT NULL,
  PRIMARY KEY (`id`),
  KEY `index_options_on_inventory_pool_id` (`inventory_pool_id`),
  CONSTRAINT `options_inventory_pool_id_fk` FOREIGN KEY (`inventory_pool_id`) REFERENCES `inventory_pools` (`id`)
) ENGINE=InnoDB AUTO_INCREMENT=8 DEFAULT CHARSET=utf8 COLLATE=utf8_unicode_ci;
/*!40101 SET character_set_client = @saved_cs_client */;

--
-- Dumping data for table `options`
--

LOCK TABLES `options` WRITE;
/*!40000 ALTER TABLE `options` DISABLE KEYS */;
INSERT INTO `options` VALUES (1,1,'akku-aa',NULL,'Akku AA','96',1083.00),(2,1,'akku-aaa',NULL,'Akku AAA','97',9.00),(3,1,'usb',NULL,'USB Kabel','98',887.00),(4,1,'sandsack123',NULL,'Sandsack','99',1230.00),(5,1,'por8745',NULL,'Ergonomic Rubber Gloves','242',1097.00),(6,2,'abd5613',NULL,'Small Plastic Chair','245',378.00),(7,1,'fug9166',NULL,'Rustic Plastic Hat','249',320.00);
/*!40000 ALTER TABLE `options` ENABLE KEYS */;
UNLOCK TABLES;

--
-- Table structure for table `partitions`
--

DROP TABLE IF EXISTS `partitions`;
/*!40101 SET @saved_cs_client     = @@character_set_client */;
/*!40101 SET character_set_client = utf8 */;
CREATE TABLE `partitions` (
  `id` int(11) NOT NULL AUTO_INCREMENT,
  `model_id` int(11) DEFAULT NULL,
  `inventory_pool_id` int(11) DEFAULT NULL,
  `group_id` int(11) DEFAULT NULL,
  `quantity` int(11) DEFAULT NULL,
  PRIMARY KEY (`id`),
  UNIQUE KEY `index_partitions_on_model_id_and_inventory_pool_id_and_group_id` (`model_id`,`inventory_pool_id`,`group_id`),
  KEY `partitions_group_id_fk` (`group_id`),
  KEY `partitions_inventory_pool_id_fk` (`inventory_pool_id`),
  CONSTRAINT `partitions_model_id_fk` FOREIGN KEY (`model_id`) REFERENCES `models` (`id`) ON DELETE CASCADE,
  CONSTRAINT `partitions_group_id_fk` FOREIGN KEY (`group_id`) REFERENCES `groups` (`id`),
  CONSTRAINT `partitions_inventory_pool_id_fk` FOREIGN KEY (`inventory_pool_id`) REFERENCES `inventory_pools` (`id`)
) ENGINE=InnoDB AUTO_INCREMENT=11 DEFAULT CHARSET=utf8 COLLATE=utf8_unicode_ci;
/*!40101 SET character_set_client = @saved_cs_client */;

--
-- Dumping data for table `partitions`
--

LOCK TABLES `partitions` WRITE;
/*!40000 ALTER TABLE `partitions` DISABLE KEYS */;
INSERT INTO `partitions` VALUES (1,10,1,4,1),(2,8,1,1,1),(3,8,1,2,1),(4,15,1,1,1),(5,16,1,5,1),(6,17,1,6,1),(7,19,1,7,1),(8,21,1,7,1),(9,20,1,8,1),(10,22,1,10,1);
/*!40000 ALTER TABLE `partitions` ENABLE KEYS */;
UNLOCK TABLES;

--
-- Temporary table structure for view `partitions_with_generals`
--

DROP TABLE IF EXISTS `partitions_with_generals`;
/*!50001 DROP VIEW IF EXISTS `partitions_with_generals`*/;
SET @saved_cs_client     = @@character_set_client;
SET character_set_client = utf8;
/*!50001 CREATE TABLE `partitions_with_generals` (
  `model_id` tinyint NOT NULL,
  `inventory_pool_id` tinyint NOT NULL,
  `group_id` tinyint NOT NULL,
  `quantity` tinyint NOT NULL
) ENGINE=MyISAM */;
SET character_set_client = @saved_cs_client;

--
-- Table structure for table `properties`
--

DROP TABLE IF EXISTS `properties`;
/*!40101 SET @saved_cs_client     = @@character_set_client */;
/*!40101 SET character_set_client = utf8 */;
CREATE TABLE `properties` (
  `id` int(11) NOT NULL AUTO_INCREMENT,
  `model_id` int(11) DEFAULT NULL,
  `key` varchar(255) COLLATE utf8_unicode_ci DEFAULT NULL,
  `value` varchar(255) COLLATE utf8_unicode_ci DEFAULT NULL,
  PRIMARY KEY (`id`),
  KEY `index_properties_on_model_id` (`model_id`),
  CONSTRAINT `properties_model_id_fk` FOREIGN KEY (`model_id`) REFERENCES `models` (`id`) ON DELETE CASCADE
) ENGINE=InnoDB AUTO_INCREMENT=13 DEFAULT CHARSET=utf8 COLLATE=utf8_unicode_ci;
/*!40101 SET character_set_client = @saved_cs_client */;

--
-- Dumping data for table `properties`
--

LOCK TABLES `properties` WRITE;
/*!40000 ALTER TABLE `properties` DISABLE KEYS */;
INSERT INTO `properties` VALUES (1,15,'Rotordurchmesser','120'),(2,15,'Akkus','2'),(3,15,'Farbe','Rot'),(4,16,'Rotordurchmesser','120'),(5,16,'Akkus','2'),(6,16,'Farbe','Rot'),(7,16,'max. Speed','80 kmh'),(8,16,'Gyro','Ja'),(9,16,'Achsen','3-Achsen'),(10,17,'Rotordurchmesser','120'),(11,17,'Akkus','2'),(12,17,'Farbe','Rot');
/*!40000 ALTER TABLE `properties` ENABLE KEYS */;
UNLOCK TABLES;

--
-- Table structure for table `purposes`
--

DROP TABLE IF EXISTS `purposes`;
/*!40101 SET @saved_cs_client     = @@character_set_client */;
/*!40101 SET character_set_client = utf8 */;
CREATE TABLE `purposes` (
  `id` int(11) NOT NULL AUTO_INCREMENT,
  `description` text COLLATE utf8_unicode_ci,
  PRIMARY KEY (`id`)
) ENGINE=InnoDB AUTO_INCREMENT=72 DEFAULT CHARSET=utf8 COLLATE=utf8_unicode_ci;
/*!40101 SET character_set_client = @saved_cs_client */;

--
-- Dumping data for table `purposes`
--

LOCK TABLES `purposes` WRITE;
/*!40000 ALTER TABLE `purposes` DISABLE KEYS */;
INSERT INTO `purposes` VALUES (1,'Bentige ich fr die Aufnahmen meiner Abschlussarbeit.'),(2,'Bentige ich fr die Aufnahmen meiner Abschlussarbeit.'),(3,'Ea nobis odio harum.'),(4,'Libero soluta eum qui vitae.'),(5,'Accusantium quam tempora voluptatem sequi assumenda possimus aut exercitationem.'),(6,'Numquam assumenda quis repellendus officia.'),(7,'Accusamus illum dicta voluptate rerum.'),(8,'Ersatzstativ fr die Ausstellung.'),(9,'Ersatzstativ fr die Ausstellung.'),(10,'Ersatzstativ fr die Ausstellung.'),(11,'Ersatzstativ fr die Ausstellung.'),(12,'Ersatzstativ fr die Ausstellung.'),(13,'Ersatzstativ fr die Ausstellung.'),(14,'Ersatzstativ fr die Ausstellung.'),(15,'Ersatzstativ fr die Ausstellung.'),(16,'Ersatzstativ fr die Ausstellung.'),(17,'Ersatzstativ fr die Ausstellung.'),(18,'Fr meinen aktuellen Kurs.'),(19,'Fr meinen aktuellen Kurs.'),(20,'Fr meinen aktuellen Kurs.'),(21,'Fr meinen aktuellen Kurs.'),(22,'Laboriosam totam velit itaque incidunt veritatis voluptatibus omnis quibusdam.'),(23,'Est quis sint dolor repellendus vel.'),(24,'Voluptas aut rerum sit animi vitae quod.'),(25,'Ersatzstativ fr die Ausstellung.'),(26,'Ersatzstativ fr die Ausstellung.'),(27,'Ersatzstativ fr die Ausstellung.'),(28,'Exercitationem omnis dolores qui molestias ut libero.'),(29,'Labore enim et repudiandae.'),(30,'Dolores aliquam et molestiae velit nobis qui.'),(31,'Sint temporibus delectus corrupti earum.'),(32,'Delectus illo sed quis iusto consequatur doloribus dicta.'),(33,'Ex laboriosam excepturi omnis eligendi ullam sit.'),(34,'Et architecto nulla facilis.'),(35,'A deleniti quod aut.'),(36,'Aut numquam ratione voluptatibus odio harum ipsam ex.'),(37,'Tempora deleniti laborum asperiores sequi qui consectetur dolore sed.'),(38,'Ersatzstativ fr die Ausstellung.'),(39,'Fr das zweite Austellungswochenende.'),(40,'Fr das zweite Austellungswochenende.'),(41,'Fr das dritte Austellungswochenende.'),(42,'Fr die Abschlussarbeit.'),(43,'Ersatzstativ fr die Ausstellung.'),(44,'Ersatzstativ fr die Ausstellung.'),(45,'Ersatzstativ fr die Ausstellung.'),(46,'Bestellung mit Software'),(47,'Bestellung mit Gegenstand ohne Ort'),(48,'Um meine Abschlussarbeit zu fotografieren.'),(49,'Als Ersatz.'),(50,'Et nesciunt vel quia reprehenderit.'),(51,'Ut porro quae at et.'),(52,'Um meine Abschlussarbeit zu fotografieren.'),(53,'Um meine Abschlussarbeit zu fotografieren.'),(54,'Um meine Abschlussarbeit zu fotografieren.'),(55,'Perferendis illo recusandae neque et.'),(56,'Ad atque autem fugit harum.'),(57,'Paketausgabe'),(58,'Ersatzstativ fr die Ausstellung.'),(59,'Ersatzstativ fr die Ausstellung.'),(60,'Ganz dringend bentigt fr meine Abschlussarbeit.'),(61,'Um meine Abschlussarbeit zu fotografieren.'),(62,'Um meine Abschlussarbeit zu fotografieren.'),(63,'Fotoshooting (Kurs Fotografie).'),(64,'Brauche ich zwingend fr meinen Kurs.'),(65,'Qui laudantium aut voluptatem a delectus.'),(66,'Perferendis et id quas quisquam ad provident est beatae.'),(67,'Et consequatur eaque beatae autem hic ut dolore.'),(68,'Et accusamus ex dolor ut quia culpa molestiae cumque.'),(69,'Quia ipsam molestiae accusamus rerum ut.'),(70,'Ersatzstativ fr die Ausstellung.'),(71,'Ersatzstativ fr die Ausstellung.');
/*!40000 ALTER TABLE `purposes` ENABLE KEYS */;
UNLOCK TABLES;

--
-- Table structure for table `schema_migrations`
--

DROP TABLE IF EXISTS `schema_migrations`;
/*!40101 SET @saved_cs_client     = @@character_set_client */;
/*!40101 SET character_set_client = utf8 */;
CREATE TABLE `schema_migrations` (
  `version` varchar(255) COLLATE utf8_unicode_ci NOT NULL,
  UNIQUE KEY `unique_schema_migrations` (`version`)
) ENGINE=InnoDB DEFAULT CHARSET=utf8 COLLATE=utf8_unicode_ci;
/*!40101 SET character_set_client = @saved_cs_client */;

--
-- Dumping data for table `schema_migrations`
--

LOCK TABLES `schema_migrations` WRITE;
/*!40000 ALTER TABLE `schema_migrations` DISABLE KEYS */;
INSERT INTO `schema_migrations` VALUES ('20140410180000'),('20140414100000'),('20140415083535'),('20140417113831'),('20140428092844'),('20140515131025'),('20140812132326'),('20140820100242'),('20140828082448'),('20140901141016'),('20140903105715'),('20140905091014');
/*!40000 ALTER TABLE `schema_migrations` ENABLE KEYS */;
UNLOCK TABLES;

--
-- Table structure for table `settings`
--

DROP TABLE IF EXISTS `settings`;
/*!40101 SET @saved_cs_client     = @@character_set_client */;
/*!40101 SET character_set_client = utf8 */;
CREATE TABLE `settings` (
  `id` int(11) NOT NULL AUTO_INCREMENT,
  `smtp_address` varchar(255) COLLATE utf8_unicode_ci DEFAULT NULL,
  `smtp_port` int(11) DEFAULT NULL,
  `smtp_domain` varchar(255) COLLATE utf8_unicode_ci DEFAULT NULL,
  `local_currency_string` varchar(255) COLLATE utf8_unicode_ci DEFAULT NULL,
  `contract_terms` text COLLATE utf8_unicode_ci,
  `contract_lending_party_string` text COLLATE utf8_unicode_ci,
  `email_signature` varchar(255) COLLATE utf8_unicode_ci DEFAULT NULL,
  `default_email` varchar(255) COLLATE utf8_unicode_ci DEFAULT NULL,
  `deliver_order_notifications` tinyint(1) DEFAULT NULL,
  `user_image_url` varchar(255) COLLATE utf8_unicode_ci DEFAULT NULL,
  `ldap_config` varchar(255) COLLATE utf8_unicode_ci DEFAULT NULL,
  `logo_url` varchar(255) COLLATE utf8_unicode_ci DEFAULT NULL,
  `mail_delivery_method` varchar(255) COLLATE utf8_unicode_ci DEFAULT NULL,
  `smtp_username` varchar(255) COLLATE utf8_unicode_ci DEFAULT NULL,
  `smtp_password` varchar(255) COLLATE utf8_unicode_ci DEFAULT NULL,
  `smtp_enable_starttls_auto` tinyint(1) NOT NULL DEFAULT '0',
  `smtp_openssl_verify_mode` varchar(255) COLLATE utf8_unicode_ci NOT NULL DEFAULT 'none',
  `time_zone` varchar(255) COLLATE utf8_unicode_ci NOT NULL DEFAULT 'Bern',
  `disable_manage_section` tinyint(1) NOT NULL DEFAULT '0',
  `disable_manage_section_message` text COLLATE utf8_unicode_ci,
  `disable_borrow_section` tinyint(1) NOT NULL DEFAULT '0',
  `disable_borrow_section_message` text COLLATE utf8_unicode_ci,
  `text` text COLLATE utf8_unicode_ci,
  PRIMARY KEY (`id`)
) ENGINE=InnoDB AUTO_INCREMENT=2 DEFAULT CHARSET=utf8 COLLATE=utf8_unicode_ci;
/*!40101 SET character_set_client = @saved_cs_client */;

--
-- Dumping data for table `settings`
--

LOCK TABLES `settings` WRITE;
/*!40000 ALTER TABLE `settings` DISABLE KEYS */;
INSERT INTO `settings` VALUES (1,'smtp.zhdk.ch',25,'beta.ausleihe.zhdk.ch','CHF','Die Benutzerin/der Benutzer ist bei unsachgemsser Handhabung oder Verlust schadenersatzpflichtig. Sie/Er verpflichtet sich, das Material sorgfltig zu behandeln und gereinigt zu retournieren. Bei mangelbehafteter oder verspteter Rckgabe kann eine Ausleihsperre (bis zu 6 Monaten) verhngt werden. Das geliehene Material bleibt jederzeit uneingeschrnktes Eigentum der Zrcher Hochschule der Knste und darf ausschliesslich fr schulische Zwecke eingesetzt werden. Mit ihrer/seiner Unterschrift akzeptiert die Benutzerin/der Benutzer diese Bedingungen sowie die \'Richtlinie zur Ausleihe von Sachen\' der ZHdK und etwaige abteilungsspezifische Ausleih-Richtlinien.','Your\nAddress\nHere','Das PZ-leihs Team','sender@example.com',0,'http://www.zhdk.ch/?person/foto&width=100&compressionlevel=0&id={:id}',NULL,'/assets/image-logo-zhdk.png','test',NULL,NULL,0,'none','Bern',0,NULL,0,NULL,NULL);
/*!40000 ALTER TABLE `settings` ENABLE KEYS */;
UNLOCK TABLES;

--
-- Table structure for table `suppliers`
--

DROP TABLE IF EXISTS `suppliers`;
/*!40101 SET @saved_cs_client     = @@character_set_client */;
/*!40101 SET character_set_client = utf8 */;
CREATE TABLE `suppliers` (
  `id` int(11) NOT NULL AUTO_INCREMENT,
  `name` varchar(255) COLLATE utf8_unicode_ci NOT NULL,
  `created_at` datetime DEFAULT NULL,
  `updated_at` datetime DEFAULT NULL,
  PRIMARY KEY (`id`),
  UNIQUE KEY `index_suppliers_on_name` (`name`)
) ENGINE=InnoDB AUTO_INCREMENT=280 DEFAULT CHARSET=utf8 COLLATE=utf8_unicode_ci;
/*!40101 SET character_set_client = @saved_cs_client */;

--
-- Dumping data for table `suppliers`
--

LOCK TABLES `suppliers` WRITE;
/*!40000 ALTER TABLE `suppliers` DISABLE KEYS */;
INSERT INTO `suppliers` VALUES (1,'itaqueadexercitationem','2015-07-15 05:06:03','2015-07-15 05:06:03'),(2,'ullamoptiolaudantiumex','2015-07-15 05:06:03','2015-07-15 05:06:03'),(3,'recusandaeveniam','2015-07-15 05:06:03','2015-07-15 05:06:03'),(4,'utvelvoluptate','2015-07-15 05:06:03','2015-07-15 05:06:03'),(5,'utipsafacere','2015-07-15 05:06:03','2015-07-15 05:06:03'),(6,'nesciuntquivoluptas','2015-07-15 05:06:03','2015-07-15 05:06:03'),(7,'velitdebitistemporibusexiure','2015-07-15 05:06:03','2015-07-15 05:06:03'),(8,'rationeminusconsequatur','2015-07-15 05:06:03','2015-07-15 05:06:03'),(9,'quianihil','2015-07-15 05:06:03','2015-07-15 05:06:03'),(10,'debitisetsunteveniet','2015-07-15 05:06:03','2015-07-15 05:06:03'),(11,'placeatex','2015-07-15 05:06:03','2015-07-15 05:06:03'),(12,'laudantiumitaqueconsequaturpossimusfuga','2015-07-15 05:06:03','2015-07-15 05:06:03'),(13,'totamquieiusestnon','2015-07-15 05:06:03','2015-07-15 05:06:03'),(14,'blanditiisullam','2015-07-15 05:06:03','2015-07-15 05:06:03'),(15,'quiullamet','2015-07-15 05:06:03','2015-07-15 05:06:03'),(16,'idmagnietnihil','2015-07-15 05:06:03','2015-07-15 05:06:03'),(17,'nullavoluptatererumetrerum','2015-07-15 05:06:03','2015-07-15 05:06:03'),(18,'velconsequunturnisi','2015-07-15 05:06:03','2015-07-15 05:06:03'),(19,'cumquequasi','2015-07-15 05:06:03','2015-07-15 05:06:03'),(20,'cummagnamvoluptatum','2015-07-15 05:06:03','2015-07-15 05:06:03'),(21,'velitsedea','2015-07-15 05:06:03','2015-07-15 05:06:03'),(22,'delenitietdoloremque','2015-07-15 05:06:03','2015-07-15 05:06:03'),(23,'dictacumqueeligendi','2015-07-15 05:06:03','2015-07-15 05:06:03'),(24,'enimadipisci','2015-07-15 05:06:03','2015-07-15 05:06:03'),(25,'iureasperiores','2015-07-15 05:06:03','2015-07-15 05:06:03'),(26,'doloribusveritatisiure','2015-07-15 05:06:03','2015-07-15 05:06:03'),(27,'utrationeminimaoccaecati','2015-07-15 05:06:03','2015-07-15 05:06:03'),(28,'expeditadoloremiste','2015-07-15 05:06:03','2015-07-15 05:06:03'),(29,'laborumvoluptatem','2015-07-15 05:06:03','2015-07-15 05:06:03'),(30,'quisminusquiesseporro','2015-07-15 05:06:03','2015-07-15 05:06:03'),(31,'ipsaautea','2015-07-15 05:06:03','2015-07-15 05:06:03'),(32,'eosliberorecusandaequi','2015-07-15 05:06:03','2015-07-15 05:06:03'),(33,'sedsedminimanecessitatibus','2015-07-15 05:06:03','2015-07-15 05:06:03'),(34,'exeaqueesseducimusvero','2015-07-15 05:06:03','2015-07-15 05:06:03'),(35,'maximepossimusnoninciduntperspiciatis','2015-07-15 05:06:03','2015-07-15 05:06:03'),(36,'dolorblanditiisvelipsammagni','2015-07-15 05:06:03','2015-07-15 05:06:03'),(37,'nisioccaecatiquasiullam','2015-07-15 05:06:03','2015-07-15 05:06:03'),(38,'eumsuntimpeditpariatur','2015-07-15 05:06:03','2015-07-15 05:06:03'),(39,'voluptasundelaudantiumvoluptates','2015-07-15 05:06:03','2015-07-15 05:06:03'),(40,'repellendusomnisutrerum','2015-07-15 05:06:03','2015-07-15 05:06:03'),(41,'totamututet','2015-07-15 05:06:03','2015-07-15 05:06:03'),(42,'doloremdignissimos','2015-07-15 05:06:03','2015-07-15 05:06:03'),(43,'velitquamomnis','2015-07-15 05:06:03','2015-07-15 05:06:03'),(44,'voluptatematquetemporibus','2015-07-15 05:06:03','2015-07-15 05:06:03'),(45,'sitautemaccusantiumexcepturi','2015-07-15 05:06:03','2015-07-15 05:06:03'),(46,'autcorporisanimi','2015-07-15 05:06:03','2015-07-15 05:06:03'),(47,'quiunde','2015-07-15 05:06:03','2015-07-15 05:06:03'),(48,'doloresqui','2015-07-15 05:06:03','2015-07-15 05:06:03'),(49,'quisplaceatomnissed','2015-07-15 05:06:03','2015-07-15 05:06:03'),(50,'consequaturnecessitatibusetin','2015-07-15 05:06:03','2015-07-15 05:06:03'),(51,'consequaturetquiseddeleniti','2015-07-15 05:06:03','2015-07-15 05:06:03'),(52,'iurenobissednequeexcepturi','2015-07-15 05:06:03','2015-07-15 05:06:03'),(53,'utexcepturi','2015-07-15 05:06:03','2015-07-15 05:06:03'),(54,'utrerumteneturest','2015-07-15 05:06:03','2015-07-15 05:06:03'),(55,'accusamusofficiis','2015-07-15 05:06:03','2015-07-15 05:06:03'),(56,'fugaeosquiaut','2015-07-15 05:06:03','2015-07-15 05:06:03'),(57,'idrepellatincidunt','2015-07-15 05:06:03','2015-07-15 05:06:03'),(58,'corporisenimpraesentiumquae','2015-07-15 05:06:03','2015-07-15 05:06:03'),(59,'odioquodcommodivelquas','2015-07-15 05:06:03','2015-07-15 05:06:03'),(60,'etlaborumeos','2015-07-15 05:06:03','2015-07-15 05:06:03'),(61,'exnumquamdelenitiomnis','2015-07-15 05:06:03','2015-07-15 05:06:03'),(62,'aliasquaeratdicta','2015-07-15 05:06:03','2015-07-15 05:06:03'),(63,'quamplaceatquonisi','2015-07-15 05:06:03','2015-07-15 05:06:03'),(64,'ipsumuttemporeex','2015-07-15 05:06:03','2015-07-15 05:06:03'),(65,'estpossimushicvoluptatem','2015-07-15 05:06:03','2015-07-15 05:06:03'),(66,'velconsequatur','2015-07-15 05:06:03','2015-07-15 05:06:03'),(67,'eumnamanimiundenostrum','2015-07-15 05:06:03','2015-07-15 05:06:03'),(68,'consequaturvoluptasfacilissit','2015-07-15 05:06:03','2015-07-15 05:06:03'),(69,'utquianobisomnishic','2015-07-15 05:06:03','2015-07-15 05:06:03'),(70,'veritatisofficiaexcepturifacerequaerat','2015-07-15 05:06:03','2015-07-15 05:06:03'),(71,'utoptiosuscipitinventore','2015-07-15 05:06:03','2015-07-15 05:06:03'),(72,'accusamuseosnobis','2015-07-15 05:06:03','2015-07-15 05:06:03'),(73,'idtempora','2015-07-15 05:06:03','2015-07-15 05:06:03'),(74,'quiaadipiscilabore','2015-07-15 05:06:03','2015-07-15 05:06:03'),(75,'voluptasmodiinplaceatdolores','2015-07-15 05:06:03','2015-07-15 05:06:03'),(76,'quasperspiciatisqui','2015-07-15 05:06:03','2015-07-15 05:06:03'),(77,'eteos','2015-07-15 05:06:03','2015-07-15 05:06:03'),(78,'estfuga','2015-07-15 05:06:03','2015-07-15 05:06:03'),(79,'pariaturharum','2015-07-15 05:06:03','2015-07-15 05:06:03'),(80,'quiaducimusfuga','2015-07-15 05:06:03','2015-07-15 05:06:03'),(81,'perferendisdolorum','2015-07-15 05:06:03','2015-07-15 05:06:03'),(82,'molestiaeenimidoptio','2015-07-15 05:06:03','2015-07-15 05:06:03'),(83,'mollitiaplaceatpariaturrepellendusfuga','2015-07-15 05:06:03','2015-07-15 05:06:03'),(84,'autadipisciimpedit','2015-07-15 05:06:03','2015-07-15 05:06:03'),(85,'aliquideaquequiatenetur','2015-07-15 05:06:03','2015-07-15 05:06:03'),(86,'enimfugiat','2015-07-15 05:06:03','2015-07-15 05:06:03'),(87,'atqueeaquelibero','2015-07-15 05:06:03','2015-07-15 05:06:03'),(88,'magnamexpeditalaudantiumodit','2015-07-15 05:06:03','2015-07-15 05:06:03'),(89,'quiaipsaaut','2015-07-15 05:06:03','2015-07-15 05:06:03'),(90,'aliquamveniamsunt','2015-07-15 05:06:03','2015-07-15 05:06:03'),(91,'quaeveniamvoluptasametnecessitatibus','2015-07-15 05:06:03','2015-07-15 05:06:03'),(92,'perspiciatisnemo','2015-07-15 05:06:03','2015-07-15 05:06:03'),(93,'nobisdoloressedaut','2015-07-15 05:06:03','2015-07-15 05:06:03'),(94,'omnisinnihil','2015-07-15 05:06:03','2015-07-15 05:06:03'),(95,'inciduntdoloremnondolordeleniti','2015-07-15 05:06:03','2015-07-15 05:06:03'),(96,'doloremestpraesentium','2015-07-15 05:06:03','2015-07-15 05:06:03'),(97,'utquoscorporisesse','2015-07-15 05:06:03','2015-07-15 05:06:03'),(98,'nonillum','2015-07-15 05:06:03','2015-07-15 05:06:03'),(99,'exercitationemmaxime','2015-07-15 05:06:03','2015-07-15 05:06:03'),(100,'aututtemporibusid','2015-07-15 05:06:03','2015-07-15 05:06:03'),(101,'utfacere','2015-07-15 05:06:03','2015-07-15 05:06:03'),(102,'officiaanimi','2015-07-15 05:06:03','2015-07-15 05:06:03'),(103,'voluptastemporased','2015-07-15 05:06:03','2015-07-15 05:06:03'),(104,'dignissimosdoloremsunteiusullam','2015-07-15 05:06:03','2015-07-15 05:06:03'),(105,'nesciuntutconsecteturdistinctio','2015-07-15 05:06:03','2015-07-15 05:06:03'),(106,'velquosquorepellatvelit','2015-07-15 05:06:03','2015-07-15 05:06:03'),(107,'voluptatemat','2015-07-15 05:06:03','2015-07-15 05:06:03'),(108,'veniamiusto','2015-07-15 05:06:03','2015-07-15 05:06:03'),(109,'eumiure','2015-07-15 05:06:03','2015-07-15 05:06:03'),(110,'velreiciendisaliquamquos','2015-07-15 05:06:03','2015-07-15 05:06:03'),(111,'quodsaepe','2015-07-15 05:06:03','2015-07-15 05:06:03'),(112,'abomnis','2015-07-15 05:06:03','2015-07-15 05:06:03'),(113,'nonvelitautem','2015-07-15 05:06:03','2015-07-15 05:06:03'),(114,'quodatlaudantiumfugiatvitae','2015-07-15 05:06:03','2015-07-15 05:06:03'),(115,'omnisaperiammagnam','2015-07-15 05:06:03','2015-07-15 05:06:03'),(116,'consecteturautnumquam','2015-07-15 05:06:03','2015-07-15 05:06:03'),(117,'quiavoluptatem','2015-07-15 05:06:03','2015-07-15 05:06:03'),(118,'suscipitmollitiaconsequunturdebitis','2015-07-15 05:06:03','2015-07-15 05:06:03'),(119,'molestiaeoccaecatiundenecessitatibus','2015-07-15 05:06:03','2015-07-15 05:06:03'),(120,'quononarchitecto','2015-07-15 05:06:03','2015-07-15 05:06:03'),(121,'ametidutitaque','2015-07-15 05:06:03','2015-07-15 05:06:03'),(122,'dolorquoshic','2015-07-15 05:06:03','2015-07-15 05:06:03'),(123,'veroplaceatrerumremin','2015-07-15 05:06:03','2015-07-15 05:06:03'),(124,'atqueofficiis','2015-07-15 05:06:03','2015-07-15 05:06:03'),(125,'eumquodsitipsamautem','2015-07-15 05:06:03','2015-07-15 05:06:03'),(126,'inquooptiolaborum','2015-07-15 05:06:03','2015-07-15 05:06:03'),(127,'quamculpaet','2015-07-15 05:06:03','2015-07-15 05:06:03'),(128,'remestnonquidemex','2015-07-15 05:06:03','2015-07-15 05:06:03'),(129,'laboriosamexpedita','2015-07-15 05:06:03','2015-07-15 05:06:03'),(130,'voluptatemlibero','2015-07-15 05:06:03','2015-07-15 05:06:03'),(131,'doloreconsequatur','2015-07-15 05:06:03','2015-07-15 05:06:03'),(132,'exercitationemtempora','2015-07-15 05:06:03','2015-07-15 05:06:03'),(133,'quisquamquamestvoluptate','2015-07-15 05:06:03','2015-07-15 05:06:03'),(134,'consecteturetnostrumfacerevoluptatem','2015-07-15 05:06:03','2015-07-15 05:06:03'),(135,'rerumetvitaecommodi','2015-07-15 05:06:03','2015-07-15 05:06:03'),(136,'hicrationenostrumlaboriosam','2015-07-15 05:06:03','2015-07-15 05:06:03'),(137,'exercitationemetipsamquaerat','2015-07-15 05:06:03','2015-07-15 05:06:03'),(138,'deseruntomnis','2015-07-15 05:06:03','2015-07-15 05:06:03'),(139,'voluptatibussimiliqueet','2015-07-15 05:06:03','2015-07-15 05:06:03'),(140,'rerumaliquam','2015-07-15 05:06:03','2015-07-15 05:06:03'),(141,'quiveritatisquisquam','2015-07-15 05:06:03','2015-07-15 05:06:03'),(142,'inciduntquiaminusharum','2015-07-15 05:06:03','2015-07-15 05:06:03'),(143,'delenitiquisremporro','2015-07-15 05:06:03','2015-07-15 05:06:03'),(144,'isteestoptiovelmolestias','2015-07-15 05:06:03','2015-07-15 05:06:03'),(145,'sitautemeaquecumque','2015-07-15 05:06:03','2015-07-15 05:06:03'),(146,'sedsaepesitfacere','2015-07-15 05:06:03','2015-07-15 05:06:03'),(147,'laudantiumistetemporenobisrepellendus','2015-07-15 05:06:03','2015-07-15 05:06:03'),(148,'sitconsequuntur','2015-07-15 05:06:03','2015-07-15 05:06:03'),(149,'delectusquiut','2015-07-15 05:06:03','2015-07-15 05:06:03'),(150,'autquianon','2015-07-15 05:06:03','2015-07-15 05:06:03'),(151,'quisquamaut','2015-07-15 05:06:03','2015-07-15 05:06:03'),(152,'estsed','2015-07-15 05:06:03','2015-07-15 05:06:03'),(153,'voluptasblanditiisprovident','2015-07-15 05:06:03','2015-07-15 05:06:03'),(154,'doloret','2015-07-15 05:06:03','2015-07-15 05:06:03'),(155,'eaut','2015-07-15 05:06:03','2015-07-15 05:06:03'),(156,'similiqueveniamiureminimaenim','2015-07-15 05:06:03','2015-07-15 05:06:03'),(157,'placeattenetur','2015-07-15 05:06:03','2015-07-15 05:06:03'),(158,'quisedrecusandae','2015-07-15 05:06:03','2015-07-15 05:06:03'),(159,'corruptidistinctioaperiamtotam','2015-07-13 05:06:03','2015-07-13 05:06:03'),(160,'voluptatibuspossimus','2015-07-13 05:06:03','2015-07-13 05:06:03'),(161,'repudiandaequiautunde','2015-07-13 05:06:03','2015-07-13 05:06:03'),(162,'etutetliberoet','2015-07-13 05:06:03','2015-07-13 05:06:03'),(163,'quietearumnon','2015-07-15 05:06:03','2015-07-15 05:06:03'),(164,'impedittemporavoluptatem','2015-07-15 05:06:03','2015-07-15 05:06:03'),(165,'doloresarepellendusetest','2015-07-15 05:06:03','2015-07-15 05:06:03'),(166,'istedolorconsectetur','2015-07-15 05:06:03','2015-07-15 05:06:03'),(167,'nihildolorducimus','2015-07-15 05:06:03','2015-07-15 05:06:03'),(168,'accusamusfacilis','2015-07-15 05:06:03','2015-07-15 05:06:03'),(169,'nisiquibusdamestarchitectosimilique','2015-07-15 05:06:03','2015-07-15 05:06:03'),(170,'maximeconsecteturodio','2015-07-15 05:06:03','2015-07-15 05:06:03'),(171,'quooptioconsecteturquia','2015-07-15 05:06:03','2015-07-15 05:06:03'),(172,'namquamarchitectoiure','2015-07-15 05:06:03','2015-07-15 05:06:03'),(173,'quisdoloremquecumveniamvoluptas','2015-07-15 05:06:03','2015-07-15 05:06:03'),(174,'quiautemquasinatus','2015-07-15 05:06:03','2015-07-15 05:06:03'),(175,'doloremdoloresliberovoluptatibus','2015-07-15 05:06:03','2015-07-15 05:06:03'),(176,'enimmolestiae','2015-07-15 05:06:03','2015-07-15 05:06:03'),(177,'minimavero','2015-07-15 05:06:03','2015-07-15 05:06:03'),(178,'voluptatumblanditiisaccusamusvoluptates','2015-07-15 05:06:03','2015-07-15 05:06:03'),(179,'consequaturaut','2015-07-15 05:06:03','2015-07-15 05:06:03'),(180,'rerumnonconsequatur','2015-07-08 05:06:03','2015-07-08 05:06:03'),(181,'dignissimosquiplaceatestdolorum','2015-07-08 05:06:03','2015-07-08 05:06:03'),(182,'dictasittenetur','2015-07-08 05:06:03','2015-07-08 05:06:03'),(183,'laborumautemtemporibusnostrumquia','2015-07-08 05:06:03','2015-07-08 05:06:03'),(184,'eaquenesciunt','2015-07-08 05:06:03','2015-07-08 05:06:03'),(185,'modinihiletsedquisquam','2015-07-11 05:06:03','2015-07-11 05:06:03'),(186,'doloreautetmodi','2015-07-11 05:06:03','2015-07-11 05:06:03'),(187,'culpadelectustemporibus','2015-07-11 05:06:03','2015-07-11 05:06:03'),(188,'porroetnisiveritatis','2015-07-11 05:06:03','2015-07-11 05:06:03'),(189,'delenitinonnumquamvoluptatesconsequatur','2015-07-11 05:06:03','2015-07-11 05:06:03'),(190,'possimusnihilbeataevoluptatemconsequuntur','2015-07-15 05:06:03','2015-07-15 05:06:03'),(191,'corruptieligendidoloreutest','2015-07-15 05:06:03','2015-07-15 05:06:03'),(192,'esthicid','2015-07-15 05:06:03','2015-07-15 05:06:03'),(193,'corporisbeataetempore','2015-07-15 05:06:03','2015-07-15 05:06:03'),(194,'utquiquo','2015-07-15 05:06:03','2015-07-15 05:06:03'),(195,'hicfugadistinctioquis','2015-07-15 05:06:03','2015-07-15 05:06:03'),(196,'etvoluptatum','2015-07-15 05:06:03','2015-07-15 05:06:03'),(197,'delectusoptio','2015-07-15 05:06:03','2015-07-15 05:06:03'),(198,'inventorehiccumquedolorumipsam','2015-07-15 05:06:03','2015-07-15 05:06:03'),(199,'laborumnamtempora','2015-07-15 05:06:03','2015-07-15 05:06:03'),(200,'rerumvero','2015-07-15 05:06:03','2015-07-15 05:06:03'),(201,'aliquamcorruptiiure','2015-07-15 05:06:03','2015-07-15 05:06:03'),(202,'velitqui','2015-07-15 05:06:03','2015-07-15 05:06:03'),(203,'etaccusamus','2015-07-15 05:06:03','2015-07-15 05:06:03'),(204,'etrepellatunde','2015-07-15 05:06:03','2015-07-15 05:06:03'),(205,'mollitialiberoea','2015-07-15 05:06:03','2015-07-15 05:06:03'),(206,'liberoitaque','2015-07-15 05:06:03','2015-07-15 05:06:03'),(207,'eligendivoluptatibuset','2015-07-15 05:06:03','2015-07-15 05:06:03'),(208,'hiclaborum','2015-07-15 05:06:03','2015-07-15 05:06:03'),(209,'optiocumqueutmaiores','2015-07-15 05:06:03','2015-07-15 05:06:03'),(210,'namconsecteturquisquamamet','2015-07-15 05:06:03','2015-07-15 05:06:03'),(211,'atqueutaliquam','2015-07-15 05:06:03','2015-07-15 05:06:03'),(212,'autest','2015-07-15 05:06:03','2015-07-15 05:06:03'),(213,'architectout','2015-07-15 05:06:03','2015-07-15 05:06:03'),(214,'quiacorruptideseruntvel','2015-07-15 05:06:03','2015-07-15 05:06:03'),(215,'etplaceat','2015-07-15 05:06:03','2015-07-15 05:06:03'),(216,'suntearerumincidunt','2015-07-15 05:06:03','2015-07-15 05:06:03'),(217,'velquia','2015-07-15 05:06:03','2015-07-15 05:06:03'),(218,'inciduntipsamcumlibero','2015-07-15 05:06:03','2015-07-15 05:06:03'),(219,'distinctioculpaexplicabo','2015-07-15 05:06:03','2015-07-15 05:06:03'),(220,'rerumnonlaboriosam','2015-07-15 05:06:03','2015-07-15 05:06:03'),(221,'quoquam','2015-07-15 05:06:03','2015-07-15 05:06:03'),(222,'doloremolestiaeiusto','2015-07-15 05:06:03','2015-07-15 05:06:03'),(223,'velitetvelreiciendis','2015-07-15 05:06:03','2015-07-15 05:06:03'),(224,'atquecumquesolutaiureiusto','2015-07-15 05:06:03','2015-07-15 05:06:03'),(225,'utvoluptate','2015-07-15 05:06:03','2015-07-15 05:06:03'),(226,'totamfugitratione','2015-07-15 05:06:03','2015-07-15 05:06:03'),(227,'harumestsuscipit','2015-07-15 05:06:03','2015-07-15 05:06:03'),(228,'utnemosed','2015-07-15 05:06:03','2015-07-15 05:06:03'),(229,'nonvelmaiores','2015-07-15 05:06:03','2015-07-15 05:06:03'),(230,'rationedignissimosundeetdoloremque','2015-07-15 05:06:03','2015-07-15 05:06:03'),(231,'sintautsoluta','2015-07-15 05:06:03','2015-07-15 05:06:03'),(232,'nesciuntculpaet','2015-07-15 05:06:03','2015-07-15 05:06:03'),(233,'voluptatemametauttenetur','2015-07-15 05:06:03','2015-07-15 05:06:03'),(234,'nesciuntarem','2015-07-15 05:06:03','2015-07-15 05:06:03'),(235,'porromodivoluptatem','2015-07-15 05:06:03','2015-07-15 05:06:03'),(236,'necessitatibusperferendisrepellendus','2015-07-15 05:06:03','2015-07-15 05:06:03'),(237,'laborumdolorum','2015-07-15 05:06:03','2015-07-15 05:06:03'),(238,'aliquideligendinobiserrorab','2015-07-15 05:06:03','2015-07-15 05:06:03'),(239,'doloresexpeditanecessitatibuspossimus','2015-07-15 05:06:03','2015-07-15 05:06:03'),(240,'voluptatemrationenon','2015-07-15 05:06:03','2015-07-15 05:06:03'),(241,'quibusdammaiores','2015-07-15 05:06:03','2015-07-15 05:06:03'),(242,'estveritatishicvoluptasquia','2015-07-15 05:06:03','2015-07-15 05:06:03'),(243,'quiquaepraesentiumnobis','2015-07-10 05:06:03','2015-07-10 05:06:03'),(244,'molestiasnesciuntexsequirerum','2015-07-10 05:06:03','2015-07-10 05:06:03'),(245,'quasiquipariaturvelitconsequuntur','2015-07-10 05:06:03','2015-07-10 05:06:03'),(246,'voluptasfugaexcepturiametlibero','2015-07-10 05:06:03','2015-07-10 05:06:03'),(247,'aspernaturquiasequi','2015-07-10 05:06:03','2015-07-10 05:06:03'),(248,'molestiaequietaspernaturasperiores','2015-07-15 05:06:03','2015-07-15 05:06:03'),(249,'cumqueeamolestiasetvel','2015-07-10 05:06:03','2015-07-10 05:06:03'),(250,'omnisautem','2015-07-15 05:06:03','2015-07-15 05:06:03'),(251,'autemut','2015-07-15 05:06:03','2015-07-15 05:06:03'),(252,'eumestmaximesapiente','2015-07-15 05:06:03','2015-07-15 05:06:03'),(253,'estipsamquoautem','2015-07-15 05:06:03','2015-07-15 05:06:03'),(254,'molestiaedolore','2015-07-15 05:06:03','2015-07-15 05:06:03'),(255,'autdoloremqueanimi','2015-07-15 05:06:03','2015-07-15 05:06:03'),(256,'consequaturarchitectoeius','2015-07-15 05:06:03','2015-07-15 05:06:03'),(257,'temporaoptiocorporismaximererum','2015-07-15 05:06:03','2015-07-15 05:06:03'),(258,'perferendisvoluptasestestpariatur','2015-07-15 05:06:03','2015-07-15 05:06:03'),(259,'doloremaliasfacilisfacere','2015-07-15 05:06:03','2015-07-15 05:06:03'),(260,'eamagnamlibero','2015-07-15 05:06:03','2015-07-15 05:06:03'),(261,'magnamaperiamneque','2015-07-15 05:06:03','2015-07-15 05:06:03'),(262,'perspiciatisaquamexpeditaharum','2015-07-15 05:06:03','2015-07-15 05:06:03'),(263,'autemcorporisdistinctiodolor','2015-07-15 05:06:03','2015-07-15 05:06:03'),(264,'nulladicta','2015-07-15 05:06:03','2015-07-15 05:06:03'),(265,'nametconsequunturiditaque','2015-07-15 05:06:03','2015-07-15 05:06:03'),(266,'autsitin','2015-07-15 05:06:03','2015-07-15 05:06:03'),(267,'officiistotamquisaccusamus','2015-07-15 05:06:03','2015-07-15 05:06:03'),(268,'nostrumcupiditatetenetur','2015-07-15 05:06:03','2015-07-15 05:06:03'),(269,'consecteturquasiin','2015-07-15 05:06:03','2015-07-15 05:06:03'),(270,'doloresatque','2015-07-15 05:06:03','2015-07-15 05:06:03'),(271,'quilaboriosam','2015-07-15 05:06:03','2015-07-15 05:06:03'),(272,'saeperepudiandaeveritatistempora','2015-07-10 05:06:03','2015-07-10 05:06:03'),(273,'quiimpeditassumendasimilique','2015-07-10 05:06:03','2015-07-10 05:06:03'),(274,'quiaanimideseruntquidemqui','2015-07-10 05:06:03','2015-07-10 05:06:03'),(275,'quisculpa','2015-07-10 05:06:03','2015-07-10 05:06:03'),(276,'aperiamadvoluptas','2015-07-12 05:06:03','2015-07-12 05:06:03'),(277,'rerumpossimuseaque','2015-07-12 05:06:03','2015-07-12 05:06:03'),(278,'consequaturut','2015-07-12 05:06:03','2015-07-12 05:06:03'),(279,'hictemporequoquisquia','2015-07-12 05:06:03','2015-07-12 05:06:03');
/*!40000 ALTER TABLE `suppliers` ENABLE KEYS */;
UNLOCK TABLES;

--
-- Table structure for table `users`
--

DROP TABLE IF EXISTS `users`;
/*!40101 SET @saved_cs_client     = @@character_set_client */;
/*!40101 SET character_set_client = utf8 */;
CREATE TABLE `users` (
  `id` int(11) NOT NULL AUTO_INCREMENT,
  `login` varchar(255) COLLATE utf8_unicode_ci DEFAULT NULL,
  `firstname` varchar(255) COLLATE utf8_unicode_ci DEFAULT NULL,
  `lastname` varchar(255) COLLATE utf8_unicode_ci DEFAULT NULL,
  `phone` varchar(255) COLLATE utf8_unicode_ci DEFAULT NULL,
  `authentication_system_id` int(11) DEFAULT '1',
  `unique_id` varchar(255) COLLATE utf8_unicode_ci DEFAULT NULL,
  `email` varchar(255) COLLATE utf8_unicode_ci DEFAULT NULL,
  `badge_id` varchar(255) COLLATE utf8_unicode_ci DEFAULT NULL,
  `address` varchar(255) COLLATE utf8_unicode_ci DEFAULT NULL,
  `city` varchar(255) COLLATE utf8_unicode_ci DEFAULT NULL,
  `zip` varchar(255) COLLATE utf8_unicode_ci DEFAULT NULL,
  `country` varchar(255) COLLATE utf8_unicode_ci DEFAULT NULL,
  `language_id` int(11) DEFAULT NULL,
  `extended_info` text COLLATE utf8_unicode_ci,
  `settings` varchar(1024) COLLATE utf8_unicode_ci DEFAULT NULL,
  `created_at` datetime DEFAULT NULL,
  `updated_at` datetime DEFAULT NULL,
  `delegator_user_id` int(11) DEFAULT NULL,
  PRIMARY KEY (`id`),
  KEY `index_users_on_authentication_system_id` (`authentication_system_id`),
  KEY `users_language_id_fk` (`language_id`),
  KEY `users_delegator_user_id_fk` (`delegator_user_id`),
  CONSTRAINT `users_delegator_user_id_fk` FOREIGN KEY (`delegator_user_id`) REFERENCES `users` (`id`),
  CONSTRAINT `users_authentication_system_id_fk` FOREIGN KEY (`authentication_system_id`) REFERENCES `authentication_systems` (`id`),
  CONSTRAINT `users_language_id_fk` FOREIGN KEY (`language_id`) REFERENCES `languages` (`id`)
) ENGINE=InnoDB AUTO_INCREMENT=36 DEFAULT CHARSET=utf8 COLLATE=utf8_unicode_ci;
/*!40101 SET character_set_client = @saved_cs_client */;

--
-- Dumping data for table `users`
--

LOCK TABLES `users` WRITE;
/*!40000 ALTER TABLE `users` DISABLE KEYS */;
INSERT INTO `users` VALUES (1,'gino','Gino','Beahan','01378998532',1,'hhqd44abum8rtssxys','gino@zhdk.ch','fncx05spd59ojgcpai',NULL,'Russelburgh','N-ZY9 8LL','Nauru',1,NULL,'--- !ruby/hash:ActiveSupport::HashWithIndifferentAccess {}\n','2015-07-15 05:06:03','2015-07-15 05:06:03',NULL),(2,'ramon','Ramon','Bauch','01945888367',1,'0zdwyw6svtr3sy0sdv','ramon@zhdk.ch','j5ngb7o6cs6e36q6bv',NULL,'Thielberg','I-YD0V 6LB','Israel',1,NULL,'--- !ruby/hash:ActiveSupport::HashWithIndifferentAccess {}\n','2015-07-15 05:06:03','2015-07-15 05:06:03',NULL),(3,'matti','Matti','Schuster','08005524764',1,'c3c5hciexmwi9dvg21','matti@zhdk.ch','rruwcdt4tsfat570cy',NULL,'Lake Savanahstad','C-Z3 8FL','Cameroon',1,NULL,'--- !ruby/hash:ActiveSupport::HashWithIndifferentAccess {}\n','2015-07-15 05:06:03','2015-07-15 05:06:03',NULL),(4,'mike','Mike','Kozey','02543365410',1,'b2l7qegjo91ied86lv','mike@zhdk.ch','4yqdpw3w1a27e8wwrp',NULL,'Port Cyrusmouth','M-J2 7LA','Maldives',1,NULL,'--- !ruby/hash:ActiveSupport::HashWithIndifferentAccess {}\n','2015-07-15 05:06:03','2015-07-15 05:06:03',NULL),(5,'pius','Pius','Gusikowski','0172955816',1,'vzq1idblya0tpytn8i','pius@zhdk.ch','cipk6mdpwmm7pwbf5s',NULL,'Port Armando','C-W4 1XB','Comoros',1,NULL,'--- !ruby/hash:ActiveSupport::HashWithIndifferentAccess {}\n','2015-07-15 05:06:03','2015-07-15 05:06:03',NULL),(6,'normin','Normin','Ledner','01175595830',1,'ufrj3wufoco2onf720','normin@zhdk.ch','3asc6d8izxsdatkv9q',NULL,'Lawsonberg','N-WD7 4YF','Norway',1,NULL,'--- !ruby/hash:ActiveSupport::HashWithIndifferentAccess {}\n','2015-07-15 05:06:03','2015-07-15 05:06:03',NULL),(7,'kobe','Kobe','Haag','01513271785',1,'amkyst2byxjgpopkv5','lending_manager1@zhdk.ch','7c55x9aqhaaij8wugx',NULL,'Lisandroland','U-W3M 2JB','United Arab Emirates',1,NULL,'--- !ruby/hash:ActiveSupport::HashWithIndifferentAccess {}\n','2015-07-15 05:06:03','2015-07-15 05:06:03',NULL),(8,'peter','Peter','Silie','05533054196',1,'7v0nwfwao70x14lasq','peter@silie.com','6lgut3y3mo9olzkpoo',NULL,'Lake Jailyn','N-F5M 4XA','Nicaragua',1,NULL,'--- !ruby/hash:ActiveSupport::HashWithIndifferentAccess {}\n','2015-07-15 05:06:03','2015-07-15 05:06:03',NULL),(9,'andi','Andi','Borer','05541739988',1,'xxa1c09vh744fie6u6','andi@zhdk.ch','20kd55osg9ufbecr2r',NULL,'Feilton','T-Z8R 6LB','Timor-Leste',1,NULL,'--- !ruby/hash:ActiveSupport::HashWithIndifferentAccess {}\n','2015-07-15 05:06:03','2015-07-15 05:06:03',NULL),(10,'mina','Mina','Bogisich','01875899554',1,'7jsfkysz2jsxfw2bmh','mina@zhdk.ch','6qve8yddgeuarv4ebv',NULL,'Rempelchester','P-W6A 7JB','Pitcairn Islands',1,NULL,'--- !ruby/hash:ActiveSupport::HashWithIndifferentAccess {}\n','2015-07-15 05:06:03','2015-07-15 05:06:03',NULL),(11,'petra','Petra','Metz','08351096742',1,'7ykvkwwkxlpqusjdqj','petra@zhdk.ch','mw5hso72pigftca12v','28833 Margarett Mountains, ','Mitchelltown','J-ZF60 2BY','Jersey',1,NULL,'--- !ruby/hash:ActiveSupport::HashWithIndifferentAccess {}\n','2015-07-15 05:06:03','2015-07-15 05:06:03',NULL),(12,'julie','Julie','Collier','01613346776',1,'vl6d60stygea6wh8iv','julie@zhdk.ch','73wp4iwnbph4g0oryv',NULL,'New Rory','S-WX7B 1LW','Saint Kitts and Nevis',1,NULL,'--- !ruby/hash:ActiveSupport::HashWithIndifferentAccess {}\n','2015-07-15 05:06:03','2015-07-15 05:06:03',NULL),(13,'lisa','Lisa','Feeney','02213496505',1,'r1oxfl31kkcecs7ode','lisa@zhdk.ch','lm7q0ugk83ic31iqcl',NULL,'Godfreyborough','U-T8 2AE','United States of America',1,NULL,'--- !ruby/hash:ActiveSupport::HashWithIndifferentAccess {}\n','2015-07-15 05:06:03','2015-07-15 05:06:03',NULL),(14,'sarai','Sarai','Ferry','05585434473',1,'vgy85rex6xlbk888jb','customer1@zhdk.ch','8jinne1vlpnwa0qu3j',NULL,'South Mathildeton','I-R5E 4BA','India',1,NULL,'--- !ruby/hash:ActiveSupport::HashWithIndifferentAccess {}\n','2015-07-15 05:06:03','2015-07-15 05:06:03',NULL),(15,'birdie','Birdie','Yost','08004565400',1,'mf5u1ea4au12ur8glk','customer2@zhdk.ch','3oil6yqelfsdd6xz06',NULL,'Ferryside','M-WR8E 1DE','Macedonia',1,NULL,'--- !ruby/hash:ActiveSupport::HashWithIndifferentAccess {}\n','2015-07-15 05:06:03','2015-07-15 05:06:03',NULL),(16,'connor','Connor','McKenzie','09602388040',1,'67dwlkz93banoq1r8g','customer3@zhdk.ch','r4zfia57wsd25kk5nu',NULL,'Stellaton','U-W5 7JJ','United States Minor Outlying Islands',1,NULL,'--- !ruby/hash:ActiveSupport::HashWithIndifferentAccess {}\n','2015-07-15 05:06:03','2015-07-15 05:06:03',NULL),(17,'aimee','Aimee','Christiansen','08445449879',1,'hrqujh6q1xjx26ipnt','customer4@zhdk.ch','egq5t38rrpc2jb13rl',NULL,'North Clemens','S-Z6 8ZJ','Saint Helena',1,NULL,'--- !ruby/hash:ActiveSupport::HashWithIndifferentAccess {}\n','2015-07-15 05:06:03','2015-07-15 05:06:03',NULL),(18,'tanner','Tanner','Casper','02840677988',1,'pq6tbce8yrjpq0sru4','customer5@zhdk.ch','6hvwowmnkaz7mrf5f8',NULL,'Prohaskahaven','F-Y6P 8TJ','Faroe Islands',1,NULL,'--- !ruby/hash:ActiveSupport::HashWithIndifferentAccess {}\n','2015-07-15 05:06:03','2015-07-15 05:06:03',NULL),(19,'damon','Damon','Lebsack','05519354308',1,'p1r6uwn4qw4qr11bwj','customer6@zhdk.ch','taej37vygweytizy9s',NULL,'East Vinnie','B-W4 7LN','Bahamas',1,NULL,'--- !ruby/hash:ActiveSupport::HashWithIndifferentAccess {}\n','2015-07-15 05:06:03','2015-07-15 05:06:03',NULL),(20,'talia','Talia','Ferry','01811319569',1,'cmww68equxqolk5pvd','customer7@zhdk.ch','7ca08llxkt4rvxcto9',NULL,'Watsicaport','L-E2 8LL','Lesotho',1,NULL,'--- !ruby/hash:ActiveSupport::HashWithIndifferentAccess {}\n','2015-07-15 05:06:03','2015-07-15 05:06:03',NULL),(21,'korbin','Korbin','Littel','08856912950',1,'7y1100n3auzdhrio4m','customer8@zhdk.ch','uspvbyevln6jlnd20m',NULL,'West Betsy','F-Z4H 7DU','France',1,NULL,'--- !ruby/hash:ActiveSupport::HashWithIndifferentAccess {}\n','2015-07-15 05:06:03','2015-07-15 05:06:03',NULL),(22,'eusebio','Eusebio','Stehr','05552278455',1,'08jcx2yxd8pg9b4emj','customer9@zhdk.ch','5fqmfm4va784ims03s',NULL,'Huelmouth','B-WE7 7DG','Belize',1,NULL,'--- !ruby/hash:ActiveSupport::HashWithIndifferentAccess {}\n','2015-07-15 05:06:03','2015-07-15 05:06:03',NULL),(23,'beau','Beau','Pacocha','08008781187',1,'v8odez2vvf3glwxrpw','delegator1@zhdk.ch','seijd1txubapyj7n3e',NULL,'East Preston','S-Z5 1JJ','Sweden',1,NULL,'--- !ruby/hash:ActiveSupport::HashWithIndifferentAccess {}\n','2015-07-15 05:06:03','2015-07-15 05:06:03',NULL),(24,'may','May','Stracke','0169772337',1,'cml5n66wneyvl63rx7','delegated1@zhdk.ch','q3ja1ux1gb4z59seip',NULL,'East Junehaven','L-S6 7LZ','Lao People\'s Democratic Republic',1,NULL,'--- !ruby/hash:ActiveSupport::HashWithIndifferentAccess {}\n','2015-07-15 05:06:03','2015-07-15 05:06:03',NULL),(25,'dixie_4200','Bartholome','Bechtelar','0130057005',1,'4k5dwwgvj1dpq660ul','asia@heidenreich.info','ofycfba7jtz4u39yau','21995 Predovic Forges','Demetrisbury','S-ZH7 5JJ','Svalbard & Jan Mayen Islands',1,NULL,'--- !ruby/hash:ActiveSupport::HashWithIndifferentAccess {}\n','2015-07-15 05:06:03','2015-07-15 05:06:03',NULL),(26,NULL,'Delegation 1',NULL,NULL,NULL,NULL,NULL,NULL,NULL,NULL,NULL,NULL,1,NULL,'--- !ruby/hash:ActiveSupport::HashWithIndifferentAccess {}\n','2015-07-15 05:06:03','2015-07-15 05:06:03',12),(27,NULL,'Delegation 2',NULL,NULL,NULL,NULL,NULL,NULL,NULL,NULL,NULL,NULL,1,NULL,'--- !ruby/hash:ActiveSupport::HashWithIndifferentAccess {}\n','2015-07-15 05:06:03','2015-07-15 05:06:03',10),(28,NULL,'Delegation 3',NULL,NULL,NULL,NULL,NULL,NULL,NULL,NULL,NULL,NULL,1,NULL,'--- !ruby/hash:ActiveSupport::HashWithIndifferentAccess {}\n','2015-07-15 05:06:03','2015-07-15 05:06:03',10),(29,NULL,'Delegation 4',NULL,NULL,NULL,NULL,NULL,NULL,NULL,NULL,NULL,NULL,1,NULL,'--- !ruby/hash:ActiveSupport::HashWithIndifferentAccess {}\n','2015-07-15 05:06:03','2015-07-15 05:06:03',10),(30,NULL,'Delegation 5',NULL,NULL,NULL,NULL,NULL,NULL,NULL,NULL,NULL,NULL,1,NULL,'--- !ruby/hash:ActiveSupport::HashWithIndifferentAccess {}\n','2015-07-15 05:06:03','2015-07-15 05:06:03',23),(31,'cary_7907','Summer','Leffler','05649714452',1,'sb0e2zrsxogj84poli','pearlie_greenholt@zboncak.biz','gnkjhndk62tonz3khu','3056 Johanna Place','Gregorioshire','Y-Y6B 3ZA','Yemen',1,NULL,'--- !ruby/hash:ActiveSupport::HashWithIndifferentAccess {}\n','2015-07-15 05:06:03','2015-07-15 05:06:03',NULL),(32,'antwan.hettinger_3028','Harmony','Hamill','09846768573',1,'t0q9pugr6v1t09zph7','gerard@kozey.name','wt8oopst5l6gsc3xwc','1511 Haley Hill','Abshireton','S-YF3 3AA','Slovenia',1,NULL,'--- !ruby/hash:ActiveSupport::HashWithIndifferentAccess {}\n','2015-07-15 05:06:03','2015-07-15 05:06:03',NULL),(33,'jake_cormier_5174','Tito','Koss','0172235841',1,'3nzwqupg3mckzzbcku','hugh_kautzer@jast.info','u8zgefqtn6g91rcr86','3934 Klein Ranch','North Hortense','G-LU0M 2ZJ','Grenada',1,NULL,'--- !ruby/hash:ActiveSupport::HashWithIndifferentAccess {}\n','2015-07-15 05:06:03','2015-07-15 05:06:03',NULL),(34,'lucile.hansen_1926','Tremaine','Marvin','03110556031',1,'3capbcod32fh8e2xy2','johnnie.stehr@fisher.name','gxtpjzd9zn9vkp7slx','7355 Hyatt Point','Alanton','U-WW5B 8YL','Uzbekistan',1,NULL,'--- !ruby/hash:ActiveSupport::HashWithIndifferentAccess {}\n','2015-07-15 05:06:03','2015-07-15 05:06:03',NULL),(35,'elya_1794','Torrance','Bosco','08008380541',1,'6gdpm07pxp0h3l0ahp','domenica@beierlemke.com','g1n4ki0fq3qdjudim0','36920 Carolanne Orchard','Lake Albin','F-FP0 3BA','French Polynesia',1,NULL,'--- !ruby/hash:ActiveSupport::HashWithIndifferentAccess {}\n','2015-07-15 05:06:03','2015-07-15 05:06:03',NULL);
/*!40000 ALTER TABLE `users` ENABLE KEYS */;
UNLOCK TABLES;

--
-- Temporary table structure for view `visit_lines`
--

DROP TABLE IF EXISTS `visit_lines`;
/*!50001 DROP VIEW IF EXISTS `visit_lines`*/;
SET @saved_cs_client     = @@character_set_client;
SET character_set_client = utf8;
/*!50001 CREATE TABLE `visit_lines` (
  `visit_id` tinyint NOT NULL,
  `inventory_pool_id` tinyint NOT NULL,
  `user_id` tinyint NOT NULL,
  `delegated_user_id` tinyint NOT NULL,
  `status` tinyint NOT NULL,
  `action` tinyint NOT NULL,
  `date` tinyint NOT NULL,
  `quantity` tinyint NOT NULL,
  `contract_line_id` tinyint NOT NULL
) ENGINE=MyISAM */;
SET character_set_client = @saved_cs_client;

--
-- Temporary table structure for view `visits`
--

DROP TABLE IF EXISTS `visits`;
/*!50001 DROP VIEW IF EXISTS `visits`*/;
SET @saved_cs_client     = @@character_set_client;
SET character_set_client = utf8;
/*!50001 CREATE TABLE `visits` (
  `id` tinyint NOT NULL,
  `inventory_pool_id` tinyint NOT NULL,
  `user_id` tinyint NOT NULL,
  `status` tinyint NOT NULL,
  `action` tinyint NOT NULL,
  `date` tinyint NOT NULL,
  `quantity` tinyint NOT NULL
) ENGINE=MyISAM */;
SET character_set_client = @saved_cs_client;

--
-- Table structure for table `workdays`
--

DROP TABLE IF EXISTS `workdays`;
/*!40101 SET @saved_cs_client     = @@character_set_client */;
/*!40101 SET character_set_client = utf8 */;
CREATE TABLE `workdays` (
  `id` int(11) NOT NULL AUTO_INCREMENT,
  `inventory_pool_id` int(11) DEFAULT NULL,
  `monday` tinyint(1) DEFAULT '1',
  `tuesday` tinyint(1) DEFAULT '1',
  `wednesday` tinyint(1) DEFAULT '1',
  `thursday` tinyint(1) DEFAULT '1',
  `friday` tinyint(1) DEFAULT '1',
  `saturday` tinyint(1) DEFAULT '0',
  `sunday` tinyint(1) DEFAULT '0',
  PRIMARY KEY (`id`),
  KEY `index_workdays_on_inventory_pool_id` (`inventory_pool_id`),
  CONSTRAINT `workdays_inventory_pool_id_fk` FOREIGN KEY (`inventory_pool_id`) REFERENCES `inventory_pools` (`id`) ON DELETE CASCADE
) ENGINE=InnoDB AUTO_INCREMENT=13 DEFAULT CHARSET=utf8 COLLATE=utf8_unicode_ci;
/*!40101 SET character_set_client = @saved_cs_client */;

--
-- Dumping data for table `workdays`
--

LOCK TABLES `workdays` WRITE;
/*!40000 ALTER TABLE `workdays` DISABLE KEYS */;
INSERT INTO `workdays` VALUES (1,1,1,1,1,1,1,0,0),(2,2,1,1,1,1,1,0,0),(3,3,1,1,1,1,1,0,0),(4,4,1,1,1,1,1,0,0),(5,5,1,1,1,1,1,0,0),(6,6,1,1,1,1,1,0,0),(7,7,1,1,1,1,1,0,0),(8,8,1,1,1,1,1,0,0),(9,9,1,1,1,1,1,0,0),(10,10,1,1,1,1,1,0,0),(11,11,1,1,1,1,1,0,0),(12,12,1,1,1,1,1,0,0);
/*!40000 ALTER TABLE `workdays` ENABLE KEYS */;
UNLOCK TABLES;

--
-- Final view structure for view `partitions_with_generals`
--

/*!50001 DROP TABLE IF EXISTS `partitions_with_generals`*/;
/*!50001 DROP VIEW IF EXISTS `partitions_with_generals`*/;
/*!50001 SET @saved_cs_client          = @@character_set_client */;
/*!50001 SET @saved_cs_results         = @@character_set_results */;
/*!50001 SET @saved_col_connection     = @@collation_connection */;
/*!50001 SET character_set_client      = utf8 */;
/*!50001 SET character_set_results     = utf8 */;
/*!50001 SET collation_connection      = utf8_general_ci */;
/*!50001 CREATE ALGORITHM=UNDEFINED */
/*!50001 VIEW `partitions_with_generals` AS select `partitions`.`model_id` AS `model_id`,`partitions`.`inventory_pool_id` AS `inventory_pool_id`,`partitions`.`group_id` AS `group_id`,`partitions`.`quantity` AS `quantity` from `partitions` union select `i`.`model_id` AS `model_id`,`i`.`inventory_pool_id` AS `inventory_pool_id`,NULL AS `group_id`,(count(`i`.`id`) - ifnull((select sum(`p`.`quantity`) from `partitions` `p` where ((`p`.`model_id` = `i`.`model_id`) and (`p`.`inventory_pool_id` = `i`.`inventory_pool_id`)) group by `p`.`inventory_pool_id`,`p`.`model_id`),0)) AS `quantity` from `items` `i` where (isnull(`i`.`retired`) and (`i`.`is_borrowable` = 1) and isnull(`i`.`parent_id`)) group by `i`.`inventory_pool_id`,`i`.`model_id` */;
/*!50001 SET character_set_client      = @saved_cs_client */;
/*!50001 SET character_set_results     = @saved_cs_results */;
/*!50001 SET collation_connection      = @saved_col_connection */;

--
-- Final view structure for view `visit_lines`
--

/*!50001 DROP TABLE IF EXISTS `visit_lines`*/;
/*!50001 DROP VIEW IF EXISTS `visit_lines`*/;
/*!50001 SET @saved_cs_client          = @@character_set_client */;
/*!50001 SET @saved_cs_results         = @@character_set_results */;
/*!50001 SET @saved_col_connection     = @@collation_connection */;
/*!50001 SET character_set_client      = utf8 */;
/*!50001 SET character_set_results     = utf8 */;
/*!50001 SET collation_connection      = utf8_general_ci */;
/*!50001 CREATE ALGORITHM=UNDEFINED */
/*!50001 VIEW `visit_lines` AS select hex(concat_ws('_',if((`c`.`status` = 'approved'),`cl`.`start_date`,`cl`.`end_date`),`c`.`inventory_pool_id`,`c`.`user_id`,`c`.`status`)) AS `visit_id`,`c`.`inventory_pool_id` AS `inventory_pool_id`,`c`.`user_id` AS `user_id`,`c`.`delegated_user_id` AS `delegated_user_id`,`c`.`status` AS `status`,if((`c`.`status` = 'approved'),'hand_over','take_back') AS `action`,if((`c`.`status` = 'approved'),`cl`.`start_date`,`cl`.`end_date`) AS `date`,`cl`.`quantity` AS `quantity`,`cl`.`id` AS `contract_line_id` from (`contract_lines` `cl` join `contracts` `c` on((`cl`.`contract_id` = `c`.`id`))) where ((`c`.`status` in ('approved','signed')) and isnull(`cl`.`returned_date`)) order by if((`c`.`status` = 'approved'),`cl`.`start_date`,`cl`.`end_date`) */;
/*!50001 SET character_set_client      = @saved_cs_client */;
/*!50001 SET character_set_results     = @saved_cs_results */;
/*!50001 SET collation_connection      = @saved_col_connection */;

--
-- Final view structure for view `visits`
--

/*!50001 DROP TABLE IF EXISTS `visits`*/;
/*!50001 DROP VIEW IF EXISTS `visits`*/;
/*!50001 SET @saved_cs_client          = @@character_set_client */;
/*!50001 SET @saved_cs_results         = @@character_set_results */;
/*!50001 SET @saved_col_connection     = @@collation_connection */;
/*!50001 SET character_set_client      = utf8 */;
/*!50001 SET character_set_results     = utf8 */;
/*!50001 SET collation_connection      = utf8_general_ci */;
/*!50001 CREATE ALGORITHM=UNDEFINED */
/*!50001 VIEW `visits` AS select hex(concat_ws('_',`visit_lines`.`date`,`visit_lines`.`inventory_pool_id`,`visit_lines`.`user_id`,`visit_lines`.`status`)) AS `id`,`visit_lines`.`inventory_pool_id` AS `inventory_pool_id`,`visit_lines`.`user_id` AS `user_id`,`visit_lines`.`status` AS `status`,`visit_lines`.`action` AS `action`,`visit_lines`.`date` AS `date`,sum(`visit_lines`.`quantity`) AS `quantity` from `visit_lines` group by `visit_lines`.`user_id`,`visit_lines`.`status`,`visit_lines`.`date`,`visit_lines`.`inventory_pool_id` */;
/*!50001 SET character_set_client      = @saved_cs_client */;
/*!50001 SET character_set_results     = @saved_cs_results */;
/*!50001 SET collation_connection      = @saved_col_connection */;
/*!40103 SET TIME_ZONE=@OLD_TIME_ZONE */;

/*!40101 SET SQL_MODE=@OLD_SQL_MODE */;
/*!40014 SET FOREIGN_KEY_CHECKS=@OLD_FOREIGN_KEY_CHECKS */;
/*!40014 SET UNIQUE_CHECKS=@OLD_UNIQUE_CHECKS */;
/*!40101 SET CHARACTER_SET_CLIENT=@OLD_CHARACTER_SET_CLIENT */;
/*!40101 SET CHARACTER_SET_RESULTS=@OLD_CHARACTER_SET_RESULTS */;
/*!40101 SET COLLATION_CONNECTION=@OLD_COLLATION_CONNECTION */;
/*!40111 SET SQL_NOTES=@OLD_SQL_NOTES */;

-- Dump completed on 2014-11-07 16:56:42
