-- MySQL dump 10.13  Distrib 5.1.48, for apple-darwin10.3.0 (i386)
--
-- Host: localhost    Database: leihs2_test
-- ------------------------------------------------------
-- Server version	5.1.48

/*!40101 SET @OLD_CHARACTER_SET_CLIENT=@@CHARACTER_SET_CLIENT */;
/*!40101 SET @OLD_CHARACTER_SET_RESULTS=@@CHARACTER_SET_RESULTS */;
/*!40101 SET @OLD_COLLATION_CONNECTION=@@COLLATION_CONNECTION */;
/*!40101 SET NAMES utf8 */;
/*!40103 SET @OLD_TIME_ZONE=@@TIME_ZONE */;
/*!40103 SET TIME_ZONE='+00:00' */;
/*!40014 SET @OLD_UNIQUE_CHECKS=@@UNIQUE_CHECKS, UNIQUE_CHECKS=0 */;
/*!40014 SET @OLD_FOREIGN_KEY_CHECKS=@@FOREIGN_KEY_CHECKS, FOREIGN_KEY_CHECKS=0 */;
/*!40101 SET @OLD_SQL_MODE=@@SQL_MODE, SQL_MODE='NO_AUTO_VALUE_ON_ZERO' */;
/*!40111 SET @OLD_SQL_NOTES=@@SQL_NOTES, SQL_NOTES=0 */;

--
-- Table structure for table `access_rights`
--

DROP TABLE IF EXISTS `access_rights`;
/*!40101 SET @saved_cs_client     = @@character_set_client */;
/*!40101 SET character_set_client = utf8 */;
CREATE TABLE `access_rights` (
  `id` int(11) NOT NULL AUTO_INCREMENT,
  `user_id` int(11) DEFAULT NULL,
  `inventory_pool_id` int(11) DEFAULT NULL,
  `suspended_until` date DEFAULT NULL,
  `suspended_reason` text COLLATE utf8_unicode_ci,
  `deleted_at` date DEFAULT NULL,
  `created_at` datetime DEFAULT NULL,
  `updated_at` datetime DEFAULT NULL,
  `role` enum('customer','group_manager','lending_manager','inventory_manager','admin') COLLATE utf8_unicode_ci NOT NULL,
  PRIMARY KEY (`id`),
  KEY `index_access_rights_on_suspended_until` (`suspended_until`),
  KEY `index_access_rights_on_deleted_at` (`deleted_at`),
  KEY `index_access_rights_on_inventory_pool_id` (`inventory_pool_id`),
  KEY `index_access_rights_on_role` (`role`),
  KEY `index_on_user_id_and_inventory_pool_id_and_deleted_at` (`user_id`,`inventory_pool_id`,`deleted_at`),
  CONSTRAINT `access_rights_user_id_fk` FOREIGN KEY (`user_id`) REFERENCES `users` (`id`),
  CONSTRAINT `access_rights_inventory_pool_id_fk` FOREIGN KEY (`inventory_pool_id`) REFERENCES `inventory_pools` (`id`) ON DELETE CASCADE
) ENGINE=InnoDB AUTO_INCREMENT=46 DEFAULT CHARSET=utf8 COLLATE=utf8_unicode_ci;
/*!40101 SET character_set_client = @saved_cs_client */;

--
-- Dumping data for table `access_rights`
--

LOCK TABLES `access_rights` WRITE;
/*!40000 ALTER TABLE `access_rights` DISABLE KEYS */;
INSERT INTO `access_rights` VALUES (1,1,NULL,NULL,NULL,NULL,'2016-09-06 12:59:19','2016-09-06 12:59:19','admin'),(2,2,NULL,NULL,NULL,NULL,'2016-09-06 12:59:19','2016-09-06 12:59:19','admin'),(3,2,1,NULL,NULL,NULL,'2016-09-06 12:59:19','2016-09-06 12:59:19','customer'),(4,3,2,NULL,NULL,NULL,'2016-09-06 12:59:19','2016-09-06 12:59:19','inventory_manager'),(5,4,1,NULL,NULL,NULL,'2016-09-06 12:59:19','2016-09-06 12:59:19','inventory_manager'),(6,4,4,NULL,NULL,NULL,'2016-09-06 12:59:19','2016-09-06 12:59:19','inventory_manager'),(7,5,1,NULL,NULL,NULL,'2016-09-06 12:59:19','2016-09-06 12:59:19','lending_manager'),(8,5,2,NULL,NULL,NULL,'2016-09-06 12:59:19','2016-09-06 12:59:19','lending_manager'),(9,7,1,NULL,NULL,NULL,'2016-09-06 12:59:19','2016-09-06 12:59:19','lending_manager'),(10,7,2,NULL,NULL,NULL,'2016-09-06 12:59:19','2016-09-06 12:59:19','lending_manager'),(11,8,1,NULL,NULL,NULL,'2016-09-06 12:59:19','2016-09-06 12:59:19','customer'),(12,6,1,NULL,NULL,NULL,'2016-09-06 12:59:19','2016-09-06 12:59:19','customer'),(13,6,2,NULL,NULL,NULL,'2016-09-06 12:59:19','2016-09-06 12:59:19','customer'),(14,6,3,NULL,NULL,NULL,'2016-09-06 12:59:19','2016-09-06 12:59:19','customer'),(15,6,4,NULL,NULL,'2016-09-05','2016-09-06 12:59:19','2016-09-06 12:59:19','customer'),(16,9,1,NULL,NULL,NULL,'2016-09-06 12:59:19','2016-09-06 12:59:19','group_manager'),(17,9,2,NULL,NULL,NULL,'2016-09-06 12:59:19','2016-09-06 12:59:19','group_manager'),(18,9,3,NULL,NULL,NULL,'2016-09-06 12:59:19','2016-09-06 12:59:19','group_manager'),(19,10,1,NULL,NULL,NULL,'2016-09-06 12:59:19','2016-09-06 12:59:19','customer'),(20,11,1,NULL,NULL,NULL,'2016-09-06 12:59:19','2016-09-06 12:59:19','customer'),(21,12,1,NULL,NULL,NULL,'2016-09-06 12:59:19','2016-09-06 12:59:19','customer'),(22,13,1,NULL,NULL,NULL,'2016-09-06 12:59:19','2016-09-06 12:59:19','customer'),(23,26,1,NULL,NULL,NULL,'2016-09-06 12:59:19','2016-09-06 12:59:19','customer'),(24,27,1,NULL,NULL,NULL,'2016-09-06 12:59:19','2016-09-06 12:59:19','customer'),(25,27,2,NULL,NULL,NULL,'2016-09-06 12:59:19','2016-09-06 12:59:19','customer'),(26,29,1,NULL,NULL,NULL,'2016-09-06 12:59:19','2016-09-06 12:59:19','customer'),(27,29,5,NULL,NULL,NULL,'2016-09-06 12:59:19','2016-09-06 12:59:19','customer'),(28,29,6,NULL,NULL,NULL,'2016-09-06 12:59:19','2016-09-06 12:59:19','customer'),(29,30,1,NULL,NULL,NULL,'2016-09-06 12:59:19','2016-09-06 12:59:19','customer'),(30,23,1,NULL,NULL,NULL,'2016-09-06 12:59:19','2016-09-06 12:59:19','customer'),(31,24,1,NULL,NULL,NULL,'2016-09-06 12:59:19','2016-09-06 12:59:19','customer'),(32,14,1,NULL,NULL,NULL,'2016-09-06 12:59:19','2016-09-06 12:59:19','customer'),(33,15,1,'2016-09-06','Occaecati esse sint qui ratione.',NULL,'2016-09-06 12:59:19','2016-09-06 12:59:19','customer'),(34,16,1,NULL,NULL,NULL,'2016-09-06 12:59:19','2016-09-06 12:59:19','customer'),(35,17,1,NULL,NULL,NULL,'2016-09-06 12:59:19','2016-09-06 12:59:19','customer'),(36,18,1,NULL,NULL,NULL,'2016-09-06 12:59:19','2016-09-06 12:59:19','customer'),(37,19,1,NULL,NULL,NULL,'2016-09-06 12:59:19','2016-09-06 12:59:19','customer'),(38,20,1,NULL,NULL,'2016-09-06','2016-09-06 12:59:19','2016-09-06 12:59:19','customer'),(39,21,1,NULL,NULL,NULL,'2016-09-06 12:59:19','2016-09-06 12:59:19','customer'),(40,22,1,NULL,NULL,NULL,'2016-09-06 12:59:19','2016-09-06 12:59:19','customer'),(41,31,3,NULL,NULL,NULL,'2016-09-06 12:59:19','2016-09-06 12:59:19','customer'),(42,32,1,NULL,NULL,NULL,'2016-09-06 12:59:19','2016-09-06 12:59:19','lending_manager'),(43,33,1,NULL,NULL,NULL,'2016-09-06 12:59:19','2016-09-06 12:59:19','group_manager'),(44,34,7,NULL,NULL,NULL,'2016-09-06 12:59:19','2016-09-06 12:59:19','customer'),(45,35,12,NULL,NULL,NULL,'2016-09-06 12:59:19','2016-09-06 12:59:19','customer');
/*!40000 ALTER TABLE `access_rights` ENABLE KEYS */;
UNLOCK TABLES;

--
-- Table structure for table `accessories`
--

DROP TABLE IF EXISTS `accessories`;
/*!40101 SET @saved_cs_client     = @@character_set_client */;
/*!40101 SET character_set_client = utf8 */;
CREATE TABLE `accessories` (
  `id` int(11) NOT NULL AUTO_INCREMENT,
  `model_id` int(11) DEFAULT NULL,
  `name` varchar(255) COLLATE utf8_unicode_ci DEFAULT NULL,
  `quantity` int(11) DEFAULT NULL,
  PRIMARY KEY (`id`),
  KEY `index_accessories_on_model_id` (`model_id`),
  CONSTRAINT `accessories_model_id_fk` FOREIGN KEY (`model_id`) REFERENCES `models` (`id`) ON DELETE CASCADE
) ENGINE=InnoDB AUTO_INCREMENT=221 DEFAULT CHARSET=utf8 COLLATE=utf8_unicode_ci;
/*!40101 SET character_set_client = @saved_cs_client */;

--
-- Dumping data for table `accessories`
--

LOCK TABLES `accessories` WRITE;
/*!40000 ALTER TABLE `accessories` DISABLE KEYS */;
INSERT INTO `accessories` VALUES (1,1,'Mary Wiza Sr.',NULL),(2,1,'Dr. Osvaldo Reynolds',NULL),(3,1,'Frederick Feeney',NULL),(4,2,'Lisa Miller III',NULL),(5,2,'Geovanny Brekke',NULL),(6,2,'Jordon Upton',NULL),(7,3,'Mr. Friedrich Feest',NULL),(8,3,'Mark Abernathy PhD',NULL),(9,3,'Miss Mylene Lowe',NULL),(10,3,'Albina Herzog',NULL),(11,4,'Gust Schaden IV',NULL),(12,4,'Kenny Turner',NULL),(13,4,'Davon Price Jr.',NULL),(14,5,'Ms. Erna Herzog',NULL),(15,5,'Cale Renner',NULL),(16,5,'Danyka Hackett',NULL),(17,5,'Sonia Johns',NULL),(18,5,'Annabell Graham',NULL),(19,6,'Jimmy Waters',NULL),(20,7,'Brendan Rowe',NULL),(21,7,'Antonina Schneider Jr.',NULL),(22,7,'Effie Goyette',NULL),(23,7,'Miss Asha Morissette',NULL),(24,8,'Rosalyn King V',NULL),(25,8,'Gilberto Schaden V',NULL),(26,8,'Dr. Aliyah Bernier',NULL),(27,9,'Antonette Bode',NULL),(28,9,'Kian Franecki',NULL),(29,9,'Wanda Waelchi',NULL),(30,9,'Dr. Ulices Davis',NULL),(31,10,'Dr. Athena Murray',NULL),(32,10,'Miss Harmony Sanford',NULL),(33,11,'Felicita Bayer',NULL),(34,11,'Zack Maggio',NULL),(35,12,'Vena Miller V',NULL),(36,12,'Desiree Kirlin',NULL),(37,13,'Diana Douglas',NULL),(38,13,'Jayda Mayert',NULL),(39,13,'Ms. Kelley Walker',NULL),(40,14,'Retta Leffler',NULL),(41,14,'Antwan Morissette',NULL),(42,14,'Zackery McLaughlin DDS',NULL),(43,15,'Arnaldo Batz',NULL),(44,15,'Aurelia Mertz',NULL),(45,15,'Kyler Dach',NULL),(46,16,'Jon Heller',NULL),(47,16,'Krystina Skiles',NULL),(48,17,'Alfonzo O\'Hara',NULL),(49,17,'Levi Macejkovic',NULL),(50,17,'Libby Marquardt',NULL),(51,17,'Mrs. Meda Yundt',NULL),(52,17,'Deondre Hegmann',NULL),(53,18,'Jany Schimmel',NULL),(54,18,'Guillermo Carroll',NULL),(55,18,'Thaddeus Stoltenberg',NULL),(56,18,'Ms. Tiana Jaskolski',NULL),(57,19,'Adrianna Konopelski',NULL),(58,20,'Garland Renner',NULL),(59,20,'Annamarie White',NULL),(60,20,'Ezra Hane',NULL),(61,20,'Adrianna Veum',NULL),(62,20,'Cara Cruickshank',NULL),(63,21,'Valerie Cruickshank',NULL),(64,21,'Jaunita Balistreri DVM',NULL),(65,22,'Syble Denesik',NULL),(66,22,'Mr. Kelsi Bayer',NULL),(67,22,'Mr. Caroline Reilly',NULL),(68,22,'Edyth Denesik DDS',NULL),(69,22,'Eldon Konopelski DVM',NULL),(70,23,'Miss Jenifer Kuphal',NULL),(71,23,'Miss Anastasia Hand',NULL),(72,23,'Stone Hodkiewicz',NULL),(73,23,'Dave Halvorson',NULL),(74,24,'Caden Schimmel',NULL),(75,24,'Bernardo Cassin',NULL),(76,24,'Kameron Jacobi I',NULL),(77,25,'Mrs. Keyon Heidenreich',NULL),(78,26,'Yasmin Macejkovic',NULL),(79,27,'Sabina Bechtelar',NULL),(80,28,'Katelin Lang DDS',NULL),(81,28,'Magdalena Kemmer',NULL),(82,29,'Baron Cruickshank',NULL),(83,29,'Aniya Wolf',NULL),(84,30,'Lewis Kling',NULL),(85,30,'Coty Anderson',NULL),(86,30,'Jerad Simonis',NULL),(87,30,'Bertram Smith Jr.',NULL),(88,31,'Alana Prohaska',NULL),(89,31,'Kameron Walsh',NULL),(90,31,'Lacey Welch',NULL),(91,31,'Abe Wintheiser',NULL),(92,32,'Miss Jo Block',NULL),(93,32,'Matilde Greenfelder',NULL),(94,33,'Dorothea Huels',NULL),(95,33,'Anika Mann',NULL),(96,33,'Leonardo Schultz',NULL),(97,34,'Shannon Wyman',NULL),(98,34,'Coy Legros',NULL),(99,34,'Maynard Marvin',NULL),(100,34,'Michel Harber',NULL),(101,34,'Cheyenne Jerde',NULL),(102,35,'Kirsten Schiller',NULL),(103,36,'Miss Madeline McLaughlin',NULL),(104,37,'Deja Reichel',NULL),(105,37,'Madalyn Kerluke MD',NULL),(106,37,'Treva Bruen',NULL),(107,38,'Vesta Kertzmann',NULL),(108,39,'Carleton Mayert',NULL),(109,39,'Vesta Kovacek',NULL),(110,39,'Ferne Altenwerth',NULL),(111,39,'Otto Harber',NULL),(112,39,'Savanna Stehr',NULL),(113,40,'Mrs. Clara Anderson',NULL),(114,40,'Florian Bode',NULL),(115,40,'Margret Moore',NULL),(116,40,'Trenton Marvin Sr.',NULL),(117,41,'Jalon Murazik',NULL),(118,41,'Narciso Mraz',NULL),(119,41,'Hermina Heidenreich',NULL),(120,41,'Dr. Ed Padberg',NULL),(121,41,'Keanu Bernier',NULL),(122,42,'Monroe Hamill',NULL),(123,42,'Elwin Hirthe',NULL),(124,42,'Declan Wilderman',NULL),(125,43,'Deven Gerlach',NULL),(126,43,'Imelda Haley',NULL),(127,43,'Jana Fahey',NULL),(128,43,'Molly Bahringer',NULL),(129,44,'Conor Romaguera',NULL),(130,44,'Janick King',NULL),(131,45,'Vida Doyle',NULL),(132,45,'Isabell Maggio IV',NULL),(133,46,'Loren Emard',NULL),(134,46,'Elyse Langosh IV',NULL),(135,46,'Arthur Dickens',NULL),(136,47,'Mrs. Hassie Marquardt',NULL),(137,48,'Hollis Streich',NULL),(138,48,'Crystal Hills',NULL),(139,48,'Micah Willms V',NULL),(140,48,'Edwin Jast Sr.',NULL),(141,49,'Henry Simonis IV',NULL),(142,49,'Winston Parker',NULL),(143,49,'Krystel Dickinson',NULL),(144,49,'Madisen McDermott',NULL),(145,50,'Elda Ortiz',NULL),(146,50,'Okey Littel',NULL),(147,50,'Alessia Nader',NULL),(148,51,'Garnet Beatty',NULL),(149,51,'Unique Hamill PhD',NULL),(150,51,'Isabel Aufderhar',NULL),(151,52,'Lucio Blick',NULL),(152,52,'Kelsie Ziemann',NULL),(153,52,'Mrs. Jazmin Lowe',NULL),(154,53,'Shayne Mohr II',NULL),(155,53,'Francesco Pfannerstill PhD',NULL),(156,53,'Gardner Cruickshank',NULL),(157,53,'Jaron Krajcik',NULL),(158,54,'Katelin Schneider',NULL),(159,55,'Baby Brekke',NULL),(160,56,'Miss Brady Aufderhar',NULL),(161,57,'Mr. Demarco Grady',NULL),(162,57,'Sonia Torphy III',NULL),(163,57,'Agnes Bruen',NULL),(164,57,'Wellington Hammes',NULL),(165,58,'Mr. Serena Fisher',NULL),(166,58,'Marcus Tromp',NULL),(167,58,'Dr. Crystal Lueilwitz',NULL),(168,58,'Miss Roscoe O\'Reilly',NULL),(169,58,'August Osinski',NULL),(170,59,'Jayden Balistreri',NULL),(171,59,'Monique Wisoky II',NULL),(172,59,'Leatha Nicolas DDS',NULL),(173,59,'Emmie Stracke',NULL),(174,60,'Valentine Kub DDS',NULL),(175,60,'Grant Haag',NULL),(176,60,'Ray McDermott',NULL),(177,60,'Nelle Hudson',NULL),(178,60,'Ciara Adams III',NULL),(179,61,'Simone Legros V',NULL),(180,61,'Polly Marks',NULL),(181,62,'Stan Kling IV',NULL),(182,62,'Aubree Hoeger',NULL),(183,63,'Kellen Roob',NULL),(184,63,'Augustus Lesch',NULL),(185,64,'Ms. Jane Jones',NULL),(186,64,'Ms. Earl O\'Hara',NULL),(187,64,'Mrs. Lamar Greenholt',NULL),(188,65,'Matt Glover',NULL),(189,65,'Mr. Antonietta Oberbrunner',NULL),(190,65,'Dr. Frederick Jones',NULL),(191,65,'Rebeka Hahn',NULL),(192,65,'Mona Cruickshank III',NULL),(193,66,'Issac Lakin',NULL),(194,66,'Britney Bosco DVM',NULL),(195,66,'Cynthia Hegmann',NULL),(196,67,'Abraham Wintheiser',NULL),(197,67,'Aniya Braun',NULL),(198,67,'Layne Pouros',NULL),(199,67,'Judah Swaniawski',NULL),(200,68,'Gloria Thompson',NULL),(201,68,'Miss Floy Wolf',NULL),(202,68,'Clemmie Schmeler II',NULL),(203,69,'Emile White',NULL),(204,69,'Myrtice Rempel',NULL),(205,69,'Rickey Schaden',NULL),(206,70,'Teagan Beahan',NULL),(207,70,'Audra Howell',NULL),(208,70,'Jeffrey Hintz',NULL),(209,70,'Ms. Rossie Lowe',NULL),(210,71,'Miss Eliezer Kunze',NULL),(211,71,'Madisen Herman',NULL),(212,72,'Octavia Ritchie',NULL),(213,72,'Miss Earline Rosenbaum',NULL),(214,72,'Ms. Kari Romaguera',NULL),(215,72,'Miss Robyn Jaskolski',NULL),(216,73,'Orpha Paucek V',NULL),(217,73,'April Kiehn',NULL),(218,73,'Ms. Tyler Wiza',NULL),(219,73,'Bryce Rau',NULL),(220,73,'Jules Balistreri',NULL);
/*!40000 ALTER TABLE `accessories` ENABLE KEYS */;
UNLOCK TABLES;

--
-- Table structure for table `accessories_inventory_pools`
--

DROP TABLE IF EXISTS `accessories_inventory_pools`;
/*!40101 SET @saved_cs_client     = @@character_set_client */;
/*!40101 SET character_set_client = utf8 */;
CREATE TABLE `accessories_inventory_pools` (
  `accessory_id` int(11) DEFAULT NULL,
  `inventory_pool_id` int(11) DEFAULT NULL,
  UNIQUE KEY `index_accessories_inventory_pools` (`accessory_id`,`inventory_pool_id`),
  KEY `index_accessories_inventory_pools_on_inventory_pool_id` (`inventory_pool_id`),
  CONSTRAINT `accessories_inventory_pools_inventory_pool_id_fk` FOREIGN KEY (`inventory_pool_id`) REFERENCES `inventory_pools` (`id`),
  CONSTRAINT `accessories_inventory_pools_accessory_id_fk` FOREIGN KEY (`accessory_id`) REFERENCES `accessories` (`id`)
) ENGINE=InnoDB DEFAULT CHARSET=utf8 COLLATE=utf8_unicode_ci;
/*!40101 SET character_set_client = @saved_cs_client */;

--
-- Dumping data for table `accessories_inventory_pools`
--

LOCK TABLES `accessories_inventory_pools` WRITE;
/*!40000 ALTER TABLE `accessories_inventory_pools` DISABLE KEYS */;
INSERT INTO `accessories_inventory_pools` VALUES (2,1),(3,1),(4,1),(6,1),(7,1),(8,1),(11,1),(14,1),(16,1),(17,1),(19,1),(21,1),(22,1),(23,1),(24,1),(25,1),(26,1),(27,1),(28,1),(30,1),(32,1),(34,1),(35,1),(36,1),(37,1),(38,1),(40,1),(43,1),(49,1),(50,1),(51,1),(53,1),(54,1),(57,1),(59,1),(61,1),(64,1),(65,1),(67,1),(69,1),(70,1),(71,1),(73,1),(74,1),(75,1),(76,1),(78,1),(80,1),(82,1),(84,1),(88,1),(91,1),(92,1),(93,1),(94,1),(100,1),(101,1),(102,1),(106,1),(107,1),(108,1),(114,1),(116,1),(118,1),(119,1),(120,1),(121,1),(122,1),(126,1),(128,1),(130,1),(131,1),(132,1),(133,1),(137,1),(138,1),(139,1),(142,1),(143,1),(144,1),(145,1),(148,1),(149,1),(150,1),(151,1),(153,1),(155,1),(158,1),(159,1),(160,1),(162,1),(165,1),(166,1),(171,1),(174,1),(179,1),(182,1),(183,1),(186,1),(187,1),(190,1),(197,1),(200,1),(201,1),(202,1),(203,1),(204,1),(206,1),(207,1),(208,1),(209,1),(210,1),(211,1),(212,1),(213,1),(215,1),(219,1),(220,1);
/*!40000 ALTER TABLE `accessories_inventory_pools` ENABLE KEYS */;
UNLOCK TABLES;

--
-- Table structure for table `addresses`
--

DROP TABLE IF EXISTS `addresses`;
/*!40101 SET @saved_cs_client     = @@character_set_client */;
/*!40101 SET character_set_client = utf8 */;
CREATE TABLE `addresses` (
  `id` int(11) NOT NULL AUTO_INCREMENT,
  `street` varchar(255) COLLATE utf8_unicode_ci DEFAULT NULL,
  `zip_code` varchar(255) COLLATE utf8_unicode_ci DEFAULT NULL,
  `city` varchar(255) COLLATE utf8_unicode_ci DEFAULT NULL,
  `country_code` varchar(255) COLLATE utf8_unicode_ci DEFAULT NULL,
  `latitude` float DEFAULT NULL,
  `longitude` float DEFAULT NULL,
  PRIMARY KEY (`id`),
  UNIQUE KEY `index_addresses_on_street_and_zip_code_and_city_and_country_code` (`street`,`zip_code`,`city`,`country_code`)
) ENGINE=InnoDB DEFAULT CHARSET=utf8 COLLATE=utf8_unicode_ci;
/*!40101 SET character_set_client = @saved_cs_client */;

--
-- Dumping data for table `addresses`
--

LOCK TABLES `addresses` WRITE;
/*!40000 ALTER TABLE `addresses` DISABLE KEYS */;
/*!40000 ALTER TABLE `addresses` ENABLE KEYS */;
UNLOCK TABLES;

--
-- Table structure for table `attachments`
--

DROP TABLE IF EXISTS `attachments`;
/*!40101 SET @saved_cs_client     = @@character_set_client */;
/*!40101 SET character_set_client = utf8 */;
CREATE TABLE `attachments` (
  `id` int(11) NOT NULL AUTO_INCREMENT,
  `model_id` int(11) DEFAULT NULL,
  `is_main` tinyint(1) DEFAULT '0',
  `content_type` varchar(255) COLLATE utf8_unicode_ci DEFAULT NULL,
  `filename` varchar(255) COLLATE utf8_unicode_ci DEFAULT NULL,
  `size` int(11) DEFAULT NULL,
  PRIMARY KEY (`id`),
  KEY `index_attachments_on_model_id` (`model_id`),
  CONSTRAINT `attachments_model_id_fk` FOREIGN KEY (`model_id`) REFERENCES `models` (`id`) ON DELETE CASCADE
) ENGINE=InnoDB AUTO_INCREMENT=6 DEFAULT CHARSET=utf8 COLLATE=utf8_unicode_ci;
/*!40101 SET character_set_client = @saved_cs_client */;

--
-- Dumping data for table `attachments`
--

LOCK TABLES `attachments` WRITE;
/*!40000 ALTER TABLE `attachments` DISABLE KEYS */;
INSERT INTO `attachments` VALUES (1,16,0,'image/jpeg','quasi',NULL),(2,17,0,'image/jpeg','totam',NULL),(3,74,0,'image/jpeg','vel',NULL),(4,74,0,'image/jpeg','et',NULL),(5,75,0,'image/jpeg','quos',NULL);
/*!40000 ALTER TABLE `attachments` ENABLE KEYS */;
UNLOCK TABLES;

--
-- Table structure for table `authentication_systems`
--

DROP TABLE IF EXISTS `authentication_systems`;
/*!40101 SET @saved_cs_client     = @@character_set_client */;
/*!40101 SET character_set_client = utf8 */;
CREATE TABLE `authentication_systems` (
  `id` int(11) NOT NULL AUTO_INCREMENT,
  `name` varchar(255) COLLATE utf8_unicode_ci DEFAULT NULL,
  `class_name` varchar(255) COLLATE utf8_unicode_ci DEFAULT NULL,
  `is_default` tinyint(1) DEFAULT '0',
  `is_active` tinyint(1) DEFAULT '0',
  PRIMARY KEY (`id`)
) ENGINE=InnoDB AUTO_INCREMENT=4 DEFAULT CHARSET=utf8 COLLATE=utf8_unicode_ci;
/*!40101 SET character_set_client = @saved_cs_client */;

--
-- Dumping data for table `authentication_systems`
--

LOCK TABLES `authentication_systems` WRITE;
/*!40000 ALTER TABLE `authentication_systems` DISABLE KEYS */;
INSERT INTO `authentication_systems` VALUES (1,'Database Authentication','DatabaseAuthentication',1,1),(2,'LDAP Authentication','LdapAuthentication',0,0),(3,'ZHDK Authentication','Zhdk',0,0);
/*!40000 ALTER TABLE `authentication_systems` ENABLE KEYS */;
UNLOCK TABLES;

--
-- Table structure for table `buildings`
--

DROP TABLE IF EXISTS `buildings`;
/*!40101 SET @saved_cs_client     = @@character_set_client */;
/*!40101 SET character_set_client = utf8 */;
CREATE TABLE `buildings` (
  `id` int(11) NOT NULL AUTO_INCREMENT,
  `name` varchar(255) COLLATE utf8_unicode_ci DEFAULT NULL,
  `code` varchar(255) COLLATE utf8_unicode_ci DEFAULT NULL,
  PRIMARY KEY (`id`)
) ENGINE=InnoDB AUTO_INCREMENT=199 DEFAULT CHARSET=utf8 COLLATE=utf8_unicode_ci;
/*!40101 SET character_set_client = @saved_cs_client */;

--
-- Dumping data for table `buildings`
--

LOCK TABLES `buildings` WRITE;
/*!40000 ALTER TABLE `buildings` DISABLE KEYS */;
INSERT INTO `buildings` VALUES (1,'Ausstellungsstrasse 60','AU60'),(2,'Assumendaetfugiat','por'),(3,'Magnivoluptatesdolores','ute'),(4,'Architectoomnisveniam','exc'),(5,'Doloresquisfuga','qui'),(6,'Numquamculpaeaque','per'),(7,'Voluptasconsequunturipsa','eaq'),(8,'Esteaprovident','ear'),(9,'Estculpaiste','dig'),(10,'Beataequiaperiam','pla'),(11,'Autsitut','dol'),(12,'Molestiaelaboriosamodio','est'),(13,'Rerumutquia','rep'),(14,'Nequequilaborum','ete'),(15,'Enimdeleniticorporis','dol'),(16,'Voluptatibusquiut','vel'),(17,'Quiaetest','sin'),(18,'Velitdoloret','fug'),(19,'Idrecusandaequod','ett'),(20,'Ipsumpossimuset','quo'),(21,'Doloresinventoreautem','asp'),(22,'Sednullarerum','con'),(23,'Autnatusexcepturi','eae'),(24,'Amolestiaeoccaecati','vol'),(25,'Quietexercitationem','vol'),(26,'Consequaturomnisaperiam','omn'),(27,'Uteligendiatque','acc'),(28,'Quivoluptatessint','eae'),(29,'Distinctioetea','ius'),(30,'Adipiscilaudantiumet','qui'),(31,'Aperiamatquam','opt'),(32,'Occaecatiutneque','del'),(33,'Porronumquamvoluptatem','ten'),(34,'Eautillo','per'),(35,'Laboriosaminquia','eta'),(36,'Repellatmagnamex','exn'),(37,'Quasiestqui','nul'),(38,'Nisipariaturat','ill'),(39,'Quisaperiamquas','sit'),(40,'Enimcupiditatesimilique','inl'),(41,'Eiussequiperspiciatis','dol'),(42,'Occaecatidoloribuslibero','per'),(43,'Hicvitaedeleniti','rep'),(44,'Molestiaeetvoluptas','etq'),(45,'Velitbeataedolorem','vol'),(46,'Veldelectuset','vol'),(47,'Quooccaecatidolore','occ'),(48,'Voluptateseaillum','con'),(49,'Explicaboconsequaturminima','bla'),(50,'Exercitationemquisid','bea'),(51,'Eligendiomnisut','sit'),(52,'Quiquisquamaut','qui'),(53,'Etadipiscitenetur','bea'),(54,'Expeditanostrummolestias','ear'),(55,'Doloribuseumautem','mag'),(56,'Quamatquemolestias','occ'),(57,'Repellendusesseodio','off'),(58,'Voluptatemistenostrum','ist'),(59,'Estcorruptidignissimos','est'),(60,'Laboriosamfaceremolestias','atq'),(61,'Quaerathicdebitis','vol'),(62,'Esteostempore','quo'),(63,'Quodaautem','eos'),(64,'Nullaabodit','har'),(65,'Enimquiadoloribus','est'),(66,'Rerumerrorillum','ess'),(67,'Reiciendiseatemporibus','etr'),(68,'Utsintconsequatur','sit'),(69,'Ullamquiodit','abq'),(70,'Recusandaedebitisquisquam','eni'),(71,'Sintpraesentiumsed','mol'),(72,'Sitetvoluptas','acc'),(73,'Possimuslaudantiumad','vel'),(74,'Istevitaequi','exp'),(75,'Omnisconsecteturrerum','nec'),(76,'Harumeossed','dol'),(77,'Exaccusamusconsequatur','pla'),(78,'Laudantiumexpeditased','cor'),(79,'Errorvoluptasdeserunt','qui'),(80,'Doloremquequisquammollitia','ato'),(81,'Eosmollitiaexercitationem','dol'),(82,'Voluptatummagnamsit','ips'),(83,'Aexcepturiducimus','iur'),(84,'Eumsedasperiores','nes'),(85,'Sintlaudantiumblanditiis','con'),(86,'Velnemoet','aut'),(87,'Temporibusfugiatharum','est'),(88,'Cumenimcupiditate','qua'),(89,'Idplaceataut','qua'),(90,'Etauttotam','sus'),(91,'Minimaquivoluptatem','odi'),(92,'Laboresolutavel','abq'),(93,'Sitveniamid','aut'),(94,'Repudiandaemagnamconsequatur','con'),(95,'Dictadolorefacere','ali'),(96,'Etetet','quo'),(97,'Doloremquiculpa','off'),(98,'Quosutdicta','ull'),(99,'Molestiaealiasminima','dol'),(100,'Sitodioodit','pos'),(101,'Inventoreoditid','rec'),(102,'Etimpeditut','est'),(103,'Consequunturveroiste','arc'),(104,'Liberosedsed','sit'),(105,'Odionatusnesciunt','fug'),(106,'Vitaefaceretenetur','qui'),(107,'Minusvoluptasdebitis','asp'),(108,'Animidoloresquasi','min'),(109,'Sedtemporibusdolor','qua'),(110,'Odiomolestiaset','arc'),(111,'Aliassitomnis','nih'),(112,'Saepeetexplicabo','quo'),(113,'Exercitationemsequiquia','vol'),(114,'Temporibussaepequos','arc'),(115,'Omnistemporibusvero','par'),(116,'Harumnostrumdolores','aut'),(117,'Nonodiomolestiae','ita'),(118,'Modinihilvero','ver'),(119,'Quiaquaehic','ape'),(120,'Accusantiumcorruptidelectus','eni'),(121,'Estquodolorem','nes'),(122,'Ducimusvoluptatemperspiciatis','con'),(123,'Autemdeseruntipsa','sim'),(124,'Veritatisminusquibusdam','quo'),(125,'Solutadoloraperiam','mol'),(126,'Molestiasdoloraperiam','ide'),(127,'Omnisetexpedita','omn'),(128,'Inquodea','rat'),(129,'Etconsequunturminus','etm'),(130,'Ullamautemrerum','fac'),(131,'Solutaauttemporibus','atq'),(132,'Veritatisdoloreset','del'),(133,'Beataelaboriosamsunt','con'),(134,'Sintestqui','ess'),(135,'Corruptirepellendusincidunt','eos'),(136,'Ipsaperferendisrepellendus','neq'),(137,'Maximeatquedicta','ali'),(138,'Quidemomnisrerum','vol'),(139,'Excepturioccaecatiiure','inv'),(140,'Utminimacorporis','vol'),(141,'Dignissimosquisequi','sed'),(142,'Perferendisvelest','ine'),(143,'Doloribusaliquamblanditiis','dol'),(144,'Ipsamidofficia','mol'),(145,'Magniveniamqui','ven'),(146,'Corruptiautemat','cum'),(147,'Ipsametvoluptas','utv'),(148,'Corporissaepedolore','aut'),(149,'Delenitietnulla','min'),(150,'Itaqueconsequunturrerum','ali'),(151,'Odioutprovident','bea'),(152,'Adipisciitaquein','rec'),(153,'Incidunttemporibusquo','etv'),(154,'Molestiaeestnulla','vol'),(155,'Voluptatibusautemquae','nec'),(156,'Utcupiditateet','arc'),(157,'Eumvoluptatesit','ver'),(158,'Aliquidpossimusunde','fug'),(159,'Laudantiumexplicabodolorem','con'),(160,'Nequetemporibusaccusantium','rei'),(161,'Perspiciatisvelsit','qua'),(162,'Quiasaepeperspiciatis','ute'),(163,'Autquiset','nis'),(164,'Sintsedomnis','cum'),(165,'Oditperferendistempore','dol'),(166,'Occaecatiomnisrepellat','ind'),(167,'Dolorelaudantiuma','omn'),(168,'Molestiaseumnemo','etp'),(169,'Saepeataut','qui'),(170,'Quiaeased','sin'),(171,'Etdeseruntdolorum','etu'),(172,'Excepturiquamnisi','nih'),(173,'Aliquidvoluptatumet','sin'),(174,'Siteossunt','vel'),(175,'Abillumdoloremque','vol'),(176,'Possimusetvoluptatem','ass'),(177,'Impeditvoluptasest','pro'),(178,'Hicmaximerepellat','bea'),(179,'Eumoditsed','per'),(180,'Isteutrerum','vol'),(181,'Nemoconsequunturmodi','utn'),(182,'Quiaquaesit','etv'),(183,'Dignissimossedsimilique','dol'),(184,'Quietullam','vel'),(185,'Quiaaccusamusaut','qui'),(186,'Undedoloremvelit','per'),(187,'Utquiofficiis','sin'),(188,'Ipsaomniscum','dol'),(189,'Temporequiaperiam','nis'),(190,'Illumofficiisautem','dig'),(191,'Delectusfugiatquasi','asp'),(192,'Quidemmagnamrerum','acc'),(193,'Voluptatemdebitisexcepturi','eaq'),(194,'Totametipsam','exc'),(195,'Reiciendisquiaenim','ute'),(196,'Voluptatibusautpossimus','com'),(197,'Suscipitaliquidipsa','acc'),(198,'Ullamexcepturiet','ull');
/*!40000 ALTER TABLE `buildings` ENABLE KEYS */;
UNLOCK TABLES;

--
-- Table structure for table `contract_lines`
--

DROP TABLE IF EXISTS `contract_lines`;
/*!40101 SET @saved_cs_client     = @@character_set_client */;
/*!40101 SET character_set_client = utf8 */;
CREATE TABLE `contract_lines` (
  `id` int(11) NOT NULL AUTO_INCREMENT,
  `contract_id` int(11) DEFAULT NULL,
  `type` varchar(255) COLLATE utf8_unicode_ci NOT NULL DEFAULT 'ItemLine',
  `item_id` int(11) DEFAULT NULL,
  `model_id` int(11) DEFAULT NULL,
  `quantity` int(11) DEFAULT '1',
  `start_date` date DEFAULT NULL,
  `end_date` date DEFAULT NULL,
  `returned_date` date DEFAULT NULL,
  `option_id` int(11) DEFAULT NULL,
  `purpose_id` int(11) DEFAULT NULL,
  `returned_to_user_id` int(11) DEFAULT NULL,
  `created_at` datetime DEFAULT NULL,
  `updated_at` datetime DEFAULT NULL,
  PRIMARY KEY (`id`),
  KEY `index_contract_lines_on_start_date` (`start_date`),
  KEY `index_contract_lines_on_end_date` (`end_date`),
  KEY `index_contract_lines_on_option_id` (`option_id`),
  KEY `index_contract_lines_on_contract_id` (`contract_id`),
  KEY `index_contract_lines_on_item_id` (`item_id`),
  KEY `index_contract_lines_on_model_id` (`model_id`),
  KEY `index_contract_lines_on_returned_date_and_contract_id` (`returned_date`,`contract_id`),
  KEY `index_contract_lines_on_type_and_contract_id` (`type`,`contract_id`),
  KEY `contract_lines_purpose_id_fk` (`purpose_id`),
  KEY `contract_lines_returned_to_user_id_fk` (`returned_to_user_id`),
  CONSTRAINT `contract_lines_returned_to_user_id_fk` FOREIGN KEY (`returned_to_user_id`) REFERENCES `users` (`id`),
  CONSTRAINT `contract_lines_contract_id_fk` FOREIGN KEY (`contract_id`) REFERENCES `contracts` (`id`) ON DELETE CASCADE,
  CONSTRAINT `contract_lines_item_id_fk` FOREIGN KEY (`item_id`) REFERENCES `items` (`id`),
  CONSTRAINT `contract_lines_model_id_fk` FOREIGN KEY (`model_id`) REFERENCES `models` (`id`),
  CONSTRAINT `contract_lines_option_id_fk` FOREIGN KEY (`option_id`) REFERENCES `options` (`id`),
  CONSTRAINT `contract_lines_purpose_id_fk` FOREIGN KEY (`purpose_id`) REFERENCES `purposes` (`id`)
) ENGINE=InnoDB AUTO_INCREMENT=198 DEFAULT CHARSET=utf8 COLLATE=utf8_unicode_ci;
/*!40101 SET character_set_client = @saved_cs_client */;

--
-- Dumping data for table `contract_lines`
--

LOCK TABLES `contract_lines` WRITE;
/*!40000 ALTER TABLE `contract_lines` DISABLE KEYS */;
INSERT INTO `contract_lines` VALUES (1,1,'ItemLine',NULL,112,1,'2016-09-06','2016-09-06',NULL,NULL,NULL,NULL,'2016-09-06 12:59:19','2016-09-06 12:59:19'),(2,1,'ItemLine',NULL,116,1,'2016-09-06','2016-09-06',NULL,NULL,NULL,NULL,'2016-09-06 12:59:19','2016-09-06 12:59:19'),(3,1,'ItemLine',NULL,120,1,'2016-09-06','2016-09-06',NULL,NULL,NULL,NULL,'2016-09-06 12:59:19','2016-09-06 12:59:19'),(4,1,'ItemLine',NULL,124,1,'2016-09-06','2016-09-06',NULL,NULL,NULL,NULL,'2016-09-06 12:59:19','2016-09-06 12:59:19'),(5,1,'ItemLine',NULL,128,1,'2016-09-06','2016-09-06',NULL,NULL,NULL,NULL,'2016-09-06 12:59:19','2016-09-06 12:59:19'),(6,1,'ItemLine',NULL,132,1,'2016-09-06','2016-09-06',NULL,NULL,NULL,NULL,'2016-09-06 12:59:19','2016-09-06 12:59:19'),(7,2,'ItemLine',NULL,4,1,'2016-09-06','2016-09-06',NULL,NULL,NULL,NULL,'2016-09-06 12:59:19','2016-09-06 12:59:19'),(8,2,'ItemLine',NULL,136,1,'2016-09-06','2016-09-06',NULL,NULL,NULL,NULL,'2016-09-06 12:59:19','2016-09-06 12:59:19'),(9,2,'ItemLine',NULL,140,1,'2016-09-06','2016-09-06',NULL,NULL,NULL,NULL,'2016-09-06 12:59:19','2016-09-06 12:59:19'),(10,2,'ItemLine',NULL,144,1,'2016-09-06','2016-09-06',NULL,NULL,NULL,NULL,'2016-09-06 12:59:19','2016-09-06 12:59:19'),(11,3,'ItemLine',NULL,8,1,'2016-09-13','2016-09-16',NULL,NULL,1,NULL,'2016-09-06 12:59:19','2016-09-06 12:59:19'),(12,3,'ItemLine',NULL,8,1,'2016-09-13','2016-09-16',NULL,NULL,1,NULL,'2016-09-06 12:59:19','2016-09-06 12:59:19'),(13,3,'ItemLine',NULL,8,1,'2016-09-13','2016-09-16',NULL,NULL,1,NULL,'2016-09-06 12:59:19','2016-09-06 12:59:19'),(14,3,'ItemLine',NULL,9,1,'2016-09-13','2016-09-16',NULL,NULL,2,NULL,'2016-09-06 12:59:19','2016-09-06 12:59:19'),(15,3,'ItemLine',NULL,9,1,'2016-09-13','2016-09-16',NULL,NULL,2,NULL,'2016-09-06 12:59:19','2016-09-06 12:59:19'),(16,3,'ItemLine',NULL,9,1,'2016-09-13','2016-09-16',NULL,NULL,2,NULL,'2016-09-06 12:59:19','2016-09-06 12:59:19'),(17,3,'ItemLine',NULL,9,1,'2016-09-13','2016-09-16',NULL,NULL,2,NULL,'2016-09-06 12:59:19','2016-09-06 12:59:19'),(18,4,'ItemLine',NULL,22,1,'2016-09-06','2016-09-07',NULL,NULL,3,NULL,'2016-09-06 12:59:19','2016-09-06 12:59:19'),(19,5,'ItemLine',NULL,81,1,'2016-09-06','2016-09-06',NULL,NULL,4,NULL,'2016-09-06 12:59:19','2016-09-06 12:59:19'),(20,5,'ItemLine',NULL,4,1,'2016-09-06','2016-09-06',NULL,NULL,4,NULL,'2016-09-06 12:59:19','2016-09-06 12:59:19'),(21,5,'ItemLine',NULL,1,1,'2016-09-06','2016-09-06',NULL,NULL,4,NULL,'2016-09-06 12:59:19','2016-09-06 12:59:19'),(22,6,'ItemLine',NULL,43,1,'2016-09-06','2016-09-06',NULL,NULL,5,NULL,'2016-09-06 12:59:19','2016-09-06 12:59:19'),(23,6,'ItemLine',NULL,47,1,'2016-09-06','2016-09-06',NULL,NULL,5,NULL,'2016-09-06 12:59:19','2016-09-06 12:59:19'),(24,6,'ItemLine',NULL,35,1,'2016-09-06','2016-09-06',NULL,NULL,5,NULL,'2016-09-06 12:59:19','2016-09-06 12:59:19'),(25,6,'ItemLine',NULL,26,1,'2016-09-06','2016-09-06',NULL,NULL,5,NULL,'2016-09-06 12:59:19','2016-09-06 12:59:19'),(26,6,'ItemLine',NULL,27,1,'2016-09-06','2016-09-06',NULL,NULL,5,NULL,'2016-09-06 12:59:19','2016-09-06 12:59:19'),(27,7,'ItemLine',NULL,148,1,'2016-09-06','2016-09-06',NULL,NULL,6,NULL,'2016-09-06 12:59:19','2016-09-06 12:59:19'),(28,7,'ItemLine',NULL,152,1,'2016-09-06','2016-09-06',NULL,NULL,6,NULL,'2016-09-06 12:59:19','2016-09-06 12:59:19'),(29,7,'ItemLine',NULL,156,1,'2016-09-06','2016-09-06',NULL,NULL,6,NULL,'2016-09-06 12:59:19','2016-09-06 12:59:19'),(30,7,'ItemLine',NULL,160,1,'2016-09-06','2016-09-06',NULL,NULL,6,NULL,'2016-09-06 12:59:19','2016-09-06 12:59:19'),(31,8,'ItemLine',NULL,164,1,'2016-09-06','2016-09-06',NULL,NULL,7,NULL,'2016-09-06 12:59:19','2016-09-06 12:59:19'),(32,8,'ItemLine',NULL,168,1,'2016-09-06','2016-09-06',NULL,NULL,7,NULL,'2016-09-06 12:59:19','2016-09-06 12:59:19'),(33,8,'ItemLine',NULL,172,1,'2016-09-06','2016-09-06',NULL,NULL,7,NULL,'2016-09-06 12:59:19','2016-09-06 12:59:19'),(34,9,'ItemLine',NULL,176,1,'2016-09-05','2016-09-05',NULL,NULL,8,NULL,'2016-09-05 12:59:19','2016-09-05 12:59:19'),(35,9,'ItemLine',NULL,177,1,'2016-09-05','2016-09-05',NULL,NULL,8,NULL,'2016-09-05 12:59:19','2016-09-05 12:59:19'),(36,9,'ItemLine',NULL,178,1,'2016-09-05','2016-09-05',NULL,NULL,8,NULL,'2016-09-05 12:59:19','2016-09-05 12:59:19'),(37,9,'ItemLine',NULL,179,1,'2016-09-05','2016-09-05',NULL,NULL,8,NULL,'2016-09-05 12:59:19','2016-09-05 12:59:19'),(38,9,'ItemLine',NULL,180,1,'2016-09-05','2016-09-05',NULL,NULL,8,NULL,'2016-09-05 12:59:19','2016-09-05 12:59:19'),(39,9,'ItemLine',NULL,19,1,'2016-09-05','2016-09-05',NULL,NULL,9,NULL,'2016-09-05 12:59:19','2016-09-05 12:59:19'),(40,10,'ItemLine',NULL,181,1,'2016-09-06','2016-09-06',NULL,NULL,10,NULL,'2016-09-06 12:59:19','2016-09-06 12:59:19'),(41,10,'ItemLine',NULL,182,1,'2016-09-06','2016-09-06',NULL,NULL,10,NULL,'2016-09-06 12:59:19','2016-09-06 12:59:19'),(42,10,'ItemLine',NULL,183,1,'2016-09-06','2016-09-06',NULL,NULL,10,NULL,'2016-09-06 12:59:19','2016-09-06 12:59:19'),(43,10,'ItemLine',NULL,184,1,'2016-09-06','2016-09-06',NULL,NULL,10,NULL,'2016-09-06 12:59:19','2016-09-06 12:59:19'),(44,10,'ItemLine',NULL,21,1,'2016-09-06','2016-09-06',NULL,NULL,11,NULL,'2016-09-06 12:59:19','2016-09-06 12:59:19'),(45,11,'ItemLine',NULL,185,1,'2016-09-06','2016-09-06',NULL,NULL,12,NULL,'2016-09-06 12:59:19','2016-09-06 12:59:19'),(46,11,'ItemLine',NULL,186,1,'2016-09-06','2016-09-06',NULL,NULL,12,NULL,'2016-09-06 12:59:19','2016-09-06 12:59:19'),(47,11,'ItemLine',NULL,187,1,'2016-09-06','2016-09-06',NULL,NULL,12,NULL,'2016-09-06 12:59:19','2016-09-06 12:59:19'),(48,11,'ItemLine',NULL,188,1,'2016-09-06','2016-09-06',NULL,NULL,12,NULL,'2016-09-06 12:59:19','2016-09-06 12:59:19'),(49,11,'ItemLine',NULL,189,1,'2016-09-06','2016-09-06',NULL,NULL,12,NULL,'2016-09-06 12:59:19','2016-09-06 12:59:19'),(50,12,'ItemLine',NULL,190,1,'2016-09-06','2016-09-06',NULL,NULL,13,NULL,'2016-09-06 12:59:19','2016-09-06 12:59:19'),(51,12,'ItemLine',NULL,191,1,'2016-09-06','2016-09-06',NULL,NULL,13,NULL,'2016-09-06 12:59:19','2016-09-06 12:59:19'),(52,12,'ItemLine',NULL,192,1,'2016-09-06','2016-09-06',NULL,NULL,13,NULL,'2016-09-06 12:59:19','2016-09-06 12:59:19'),(53,12,'ItemLine',NULL,193,1,'2016-09-06','2016-09-06',NULL,NULL,13,NULL,'2016-09-06 12:59:19','2016-09-06 12:59:19'),(54,12,'ItemLine',NULL,194,1,'2016-09-06','2016-09-06',NULL,NULL,13,NULL,'2016-09-06 12:59:19','2016-09-06 12:59:19'),(55,13,'ItemLine',NULL,195,1,'2016-09-06','2016-09-06',NULL,NULL,14,NULL,'2016-09-06 12:59:19','2016-09-06 12:59:19'),(56,13,'ItemLine',NULL,196,1,'2016-09-06','2016-09-06',NULL,NULL,14,NULL,'2016-09-06 12:59:19','2016-09-06 12:59:19'),(57,13,'ItemLine',NULL,197,1,'2016-09-06','2016-09-06',NULL,NULL,14,NULL,'2016-09-06 12:59:19','2016-09-06 12:59:19'),(58,13,'ItemLine',NULL,198,1,'2016-09-06','2016-09-06',NULL,NULL,14,NULL,'2016-09-06 12:59:19','2016-09-06 12:59:19'),(59,13,'ItemLine',NULL,199,1,'2016-09-06','2016-09-06',NULL,NULL,14,NULL,'2016-09-06 12:59:19','2016-09-06 12:59:19'),(60,14,'ItemLine',NULL,200,1,'2016-08-30','2016-08-30',NULL,NULL,15,NULL,'2016-08-30 12:59:19','2016-08-30 12:59:19'),(61,14,'ItemLine',NULL,201,1,'2016-08-30','2016-08-30',NULL,NULL,15,NULL,'2016-08-30 12:59:19','2016-08-30 12:59:19'),(62,14,'ItemLine',NULL,202,1,'2016-08-30','2016-08-30',NULL,NULL,15,NULL,'2016-08-30 12:59:19','2016-08-30 12:59:19'),(63,14,'ItemLine',NULL,20,1,'2016-08-30','2016-08-30',NULL,NULL,16,NULL,'2016-08-30 12:59:19','2016-08-30 12:59:19'),(64,14,'ItemLine',NULL,20,1,'2016-08-30','2016-08-30',NULL,NULL,16,NULL,'2016-08-30 12:59:19','2016-08-30 12:59:19'),(65,15,'ItemLine',NULL,203,1,'2016-09-01','2016-09-01',NULL,NULL,17,NULL,'2016-09-01 12:59:19','2016-09-01 12:59:19'),(66,15,'ItemLine',NULL,204,1,'2016-09-01','2016-09-01',NULL,NULL,17,NULL,'2016-09-01 12:59:19','2016-09-01 12:59:19'),(67,15,'ItemLine',NULL,205,1,'2016-09-01','2016-09-01',NULL,NULL,17,NULL,'2016-09-01 12:59:19','2016-09-01 12:59:19'),(68,15,'ItemLine',NULL,206,1,'2016-09-01','2016-09-01',NULL,NULL,17,NULL,'2016-09-01 12:59:19','2016-09-01 12:59:19'),(69,15,'ItemLine',NULL,207,1,'2016-09-01','2016-09-01',NULL,NULL,17,NULL,'2016-09-01 12:59:19','2016-09-01 12:59:19'),(70,16,'ItemLine',NULL,8,1,'2016-09-13','2016-09-16',NULL,NULL,18,NULL,'2016-09-06 12:59:19','2016-09-06 12:59:19'),(71,16,'ItemLine',NULL,9,1,'2016-09-13','2016-09-16',NULL,NULL,19,NULL,'2016-09-06 12:59:19','2016-09-06 12:59:19'),(72,16,'ItemLine',NULL,9,1,'2016-09-14','2016-09-17',NULL,NULL,20,NULL,'2016-09-06 12:59:19','2016-09-06 12:59:19'),(73,17,'ItemLine',NULL,6,1,'2016-09-06','2016-09-07',NULL,NULL,21,NULL,'2016-09-06 12:59:19','2016-09-06 12:59:19'),(74,18,'ItemLine',NULL,208,1,'2016-09-06','2016-09-06',NULL,NULL,22,NULL,'2016-09-06 12:59:19','2016-09-06 12:59:19'),(75,18,'ItemLine',NULL,212,1,'2016-09-06','2016-09-06',NULL,NULL,22,NULL,'2016-09-06 12:59:19','2016-09-06 12:59:19'),(76,18,'ItemLine',NULL,216,1,'2016-09-06','2016-09-06',NULL,NULL,22,NULL,'2016-09-06 12:59:19','2016-09-06 12:59:19'),(77,18,'ItemLine',NULL,220,1,'2016-09-06','2016-09-06',NULL,NULL,22,NULL,'2016-09-06 12:59:19','2016-09-06 12:59:19'),(78,18,'ItemLine',NULL,224,1,'2016-09-06','2016-09-06',NULL,NULL,22,NULL,'2016-09-06 12:59:19','2016-09-06 12:59:19'),(79,19,'ItemLine',232,228,1,'2016-09-06','2016-09-06',NULL,NULL,23,NULL,'2016-09-06 12:59:19','2016-09-06 12:59:19'),(80,19,'ItemLine',233,229,1,'2016-09-06','2016-09-06',NULL,NULL,23,NULL,'2016-09-06 12:59:19','2016-09-06 12:59:19'),(81,19,'ItemLine',234,230,1,'2016-09-06','2016-09-06',NULL,NULL,23,NULL,'2016-09-06 12:59:19','2016-09-06 12:59:19'),(82,19,'ItemLine',235,231,1,'2016-09-06','2016-09-06',NULL,NULL,23,NULL,'2016-09-06 12:59:19','2016-09-06 12:59:19'),(83,19,'ItemLine',236,232,1,'2016-09-06','2016-09-06',NULL,NULL,23,NULL,'2016-09-06 12:59:19','2016-09-06 12:59:19'),(84,19,'ItemLine',237,233,1,'2016-09-06','2016-09-06',NULL,NULL,23,NULL,'2016-09-06 12:59:19','2016-09-06 12:59:19'),(85,19,'ItemLine',238,234,1,'2016-09-06','2016-09-06',NULL,NULL,23,NULL,'2016-09-06 12:59:19','2016-09-06 12:59:19'),(86,19,'ItemLine',239,235,1,'2016-09-06','2016-09-06',NULL,NULL,23,NULL,'2016-09-06 12:59:19','2016-09-06 12:59:19'),(87,19,'ItemLine',240,236,1,'2016-09-06','2016-09-06',NULL,NULL,23,NULL,'2016-09-06 12:59:19','2016-09-06 12:59:19'),(88,19,'ItemLine',241,237,1,'2016-09-06','2016-09-06',NULL,NULL,23,NULL,'2016-09-06 12:59:19','2016-09-06 12:59:19'),(89,19,'ItemLine',242,238,1,'2016-09-06','2016-09-06',NULL,NULL,23,NULL,'2016-09-06 12:59:19','2016-09-06 12:59:19'),(90,19,'ItemLine',243,239,1,'2016-09-06','2016-09-06',NULL,NULL,23,NULL,'2016-09-06 12:59:19','2016-09-06 12:59:19'),(91,19,'ItemLine',244,240,1,'2016-09-06','2016-09-06',NULL,NULL,23,NULL,'2016-09-06 12:59:19','2016-09-06 12:59:19'),(92,19,'ItemLine',245,241,1,'2016-09-06','2016-09-06',NULL,NULL,23,NULL,'2016-09-06 12:59:19','2016-09-06 12:59:19'),(93,19,'ItemLine',246,242,1,'2016-09-06','2016-09-06',NULL,NULL,23,NULL,'2016-09-06 12:59:19','2016-09-06 12:59:19'),(94,19,'ItemLine',247,243,1,'2016-09-06','2016-09-06',NULL,NULL,23,NULL,'2016-09-06 12:59:19','2016-09-06 12:59:19'),(95,19,'ItemLine',248,244,1,'2016-09-06','2016-09-06',NULL,NULL,23,NULL,'2016-09-06 12:59:19','2016-09-06 12:59:19'),(96,19,'ItemLine',249,245,1,'2016-09-06','2016-09-06',NULL,NULL,23,NULL,'2016-09-06 12:59:19','2016-09-06 12:59:19'),(97,19,'ItemLine',250,246,1,'2016-09-06','2016-09-06',NULL,NULL,23,NULL,'2016-09-06 12:59:19','2016-09-06 12:59:19'),(98,19,'ItemLine',251,247,1,'2016-09-06','2016-09-06',NULL,NULL,23,NULL,'2016-09-06 12:59:19','2016-09-06 12:59:19'),(99,19,'ItemLine',252,248,1,'2016-09-06','2016-09-06',NULL,NULL,23,NULL,'2016-09-06 12:59:19','2016-09-06 12:59:19'),(100,19,'ItemLine',253,249,1,'2016-09-06','2016-09-06',NULL,NULL,23,NULL,'2016-09-06 12:59:19','2016-09-06 12:59:19'),(101,19,'ItemLine',254,250,1,'2016-09-06','2016-09-06',NULL,NULL,23,NULL,'2016-09-06 12:59:19','2016-09-06 12:59:19'),(102,19,'ItemLine',255,251,1,'2016-09-06','2016-09-06',NULL,NULL,23,NULL,'2016-09-06 12:59:19','2016-09-06 12:59:19'),(103,19,'ItemLine',256,252,1,'2016-09-06','2016-09-06',NULL,NULL,23,NULL,'2016-09-06 12:59:19','2016-09-06 12:59:19'),(104,19,'ItemLine',257,253,1,'2016-09-06','2016-09-06',NULL,NULL,23,NULL,'2016-09-06 12:59:19','2016-09-06 12:59:19'),(105,19,'ItemLine',258,254,1,'2016-09-06','2016-09-06',NULL,NULL,23,NULL,'2016-09-06 12:59:19','2016-09-06 12:59:19'),(106,19,'ItemLine',259,255,1,'2016-09-06','2016-09-06',NULL,NULL,23,NULL,'2016-09-06 12:59:19','2016-09-06 12:59:19'),(107,19,'ItemLine',260,256,1,'2016-09-06','2016-09-06',NULL,NULL,23,NULL,'2016-09-06 12:59:19','2016-09-06 12:59:19'),(108,19,'ItemLine',261,257,1,'2016-09-06','2016-09-06',NULL,NULL,23,NULL,'2016-09-06 12:59:19','2016-09-06 12:59:19'),(109,19,'ItemLine',262,258,1,'2016-09-06','2016-09-06',NULL,NULL,23,NULL,'2016-09-06 12:59:19','2016-09-06 12:59:19'),(110,19,'ItemLine',263,259,1,'2016-09-06','2016-09-06',NULL,NULL,23,NULL,'2016-09-06 12:59:19','2016-09-06 12:59:19'),(111,19,'ItemLine',264,260,1,'2016-09-06','2016-09-06',NULL,NULL,23,NULL,'2016-09-06 12:59:19','2016-09-06 12:59:19'),(112,19,'ItemLine',265,261,1,'2016-09-06','2016-09-06',NULL,NULL,23,NULL,'2016-09-06 12:59:19','2016-09-06 12:59:19'),(113,19,'ItemLine',NULL,262,1,'2016-09-06','2016-09-06',NULL,NULL,24,NULL,'2016-09-06 12:59:19','2016-09-06 12:59:19'),(114,19,'ItemLine',NULL,263,1,'2016-09-06','2016-09-06',NULL,NULL,24,NULL,'2016-09-06 12:59:19','2016-09-06 12:59:19'),(115,20,'ItemLine',NULL,264,1,'2016-09-05','2016-09-05',NULL,NULL,25,NULL,'2016-09-04 12:59:19','2016-09-04 12:59:19'),(116,20,'ItemLine',NULL,265,1,'2016-09-05','2016-09-05',NULL,NULL,25,NULL,'2016-09-04 12:59:19','2016-09-04 12:59:19'),(117,20,'ItemLine',NULL,266,1,'2016-09-05','2016-09-05',NULL,NULL,25,NULL,'2016-09-04 12:59:19','2016-09-04 12:59:19'),(118,20,'ItemLine',NULL,19,1,'2016-09-05','2016-09-05',NULL,NULL,26,NULL,'2016-09-04 12:59:19','2016-09-04 12:59:19'),(119,21,'ItemLine',88,19,1,'2016-04-06','2016-04-06','2016-04-06',NULL,27,NULL,'2016-04-06 12:59:19','2016-04-06 12:59:19'),(120,22,'ItemLine',271,267,1,'2016-09-06','2016-09-06',NULL,NULL,28,NULL,'2016-09-06 12:59:19','2016-09-06 12:59:19'),(121,22,'OptionLine',NULL,NULL,2,'2016-09-06','2016-09-06',NULL,5,29,NULL,'2016-09-06 12:59:19','2016-09-06 12:59:19'),(122,23,'OptionLine',NULL,NULL,2,'2016-09-06','2016-09-06',NULL,4,30,NULL,'2016-09-06 12:59:19','2016-09-06 12:59:19'),(123,23,'OptionLine',NULL,NULL,1,'2016-09-06','2016-10-06',NULL,4,31,NULL,'2016-09-06 12:59:19','2016-09-06 12:59:19'),(124,24,'ItemLine',272,268,1,'2016-09-06','2016-09-06',NULL,NULL,32,NULL,'2016-09-06 12:59:19','2016-09-06 12:59:19'),(125,25,'ItemLine',NULL,269,1,'2016-09-01','2016-09-05',NULL,NULL,33,NULL,'2016-09-01 12:59:19','2016-09-01 12:59:19'),(126,25,'OptionLine',NULL,NULL,1,'2016-09-01','2016-09-05',NULL,6,34,NULL,'2016-09-01 12:59:19','2016-09-01 12:59:19'),(127,26,'ItemLine',86,4,1,'2016-09-06','2016-09-06','2016-09-06',NULL,35,NULL,'2016-09-06 12:59:19','2016-09-06 12:59:19'),(128,27,'ItemLine',87,4,1,'2016-09-06','2016-09-06','2016-09-06',NULL,36,NULL,'2016-09-06 12:59:19','2016-09-06 12:59:19'),(129,28,'ItemLine',274,270,1,'2016-09-06','2016-09-06','2016-09-06',NULL,37,NULL,'2016-09-06 12:59:19','2016-09-06 12:59:19'),(130,29,'ItemLine',125,102,1,'2016-09-06','2016-09-06','2016-09-06',NULL,38,NULL,'2016-09-06 12:59:19','2016-09-06 12:59:19'),(131,30,'ItemLine',NULL,9,1,'2016-09-06','2016-09-06',NULL,NULL,39,NULL,'2016-09-06 12:59:19','2016-09-06 12:59:19'),(132,31,'ItemLine',NULL,9,1,'2016-09-06','2016-09-06',NULL,NULL,40,NULL,'2016-09-06 12:59:19','2016-09-06 12:59:19'),(133,31,'ItemLine',NULL,2,1,'2016-09-06','2016-09-06',NULL,NULL,41,NULL,'2016-09-06 12:59:19','2016-09-06 12:59:19'),(134,32,'ItemLine',NULL,9,1,'2016-09-13','2016-09-14',NULL,NULL,42,NULL,'2016-09-06 12:59:19','2016-09-06 12:59:19'),(135,33,'ItemLine',NULL,2,1,'2016-09-06','2016-09-06',NULL,NULL,43,NULL,'2016-09-06 12:59:19','2016-09-06 12:59:19'),(136,33,'ItemLine',NULL,2,1,'2016-09-06','2016-09-06',NULL,NULL,43,NULL,'2016-09-06 12:59:19','2016-09-06 12:59:19'),(137,33,'ItemLine',NULL,2,1,'2016-09-06','2016-09-06',NULL,NULL,43,NULL,'2016-09-06 12:59:19','2016-09-06 12:59:19'),(138,34,'ItemLine',NULL,8,1,'2016-09-06','2016-09-06',NULL,NULL,44,NULL,'2016-09-06 12:59:19','2016-09-06 12:59:19'),(139,34,'ItemLine',NULL,8,1,'2016-09-06','2016-09-06',NULL,NULL,44,NULL,'2016-09-06 12:59:19','2016-09-06 12:59:19'),(140,34,'ItemLine',NULL,8,1,'2016-09-06','2016-09-06',NULL,NULL,44,NULL,'2016-09-06 12:59:19','2016-09-06 12:59:19'),(141,34,'ItemLine',NULL,9,1,'2016-09-06','2016-09-06',NULL,NULL,45,NULL,'2016-09-06 12:59:19','2016-09-06 12:59:19'),(142,34,'ItemLine',NULL,9,1,'2016-09-06','2016-09-06',NULL,NULL,45,NULL,'2016-09-06 12:59:19','2016-09-06 12:59:19'),(143,34,'ItemLine',NULL,9,1,'2016-09-06','2016-09-06',NULL,NULL,45,NULL,'2016-09-06 12:59:19','2016-09-06 12:59:19'),(144,34,'OptionLine',NULL,NULL,5,'2016-09-06','2016-09-06',NULL,1,46,NULL,'2016-09-06 12:59:19','2016-09-06 12:59:19'),(145,35,'ItemLine',NULL,271,1,'2016-09-06','2016-09-06',NULL,NULL,47,NULL,'2016-09-06 12:59:19','2016-09-06 12:59:19'),(146,36,'ItemLine',276,272,1,'2016-09-06','2016-09-06',NULL,NULL,48,NULL,'2016-09-06 12:59:19','2016-09-06 12:59:19'),(147,37,'ItemLine',60,8,1,'2016-09-06','2016-09-06',NULL,NULL,49,NULL,'2016-09-06 12:59:19','2016-09-06 12:59:19'),(148,38,'ItemLine',93,23,1,'2016-09-01','2016-09-05',NULL,NULL,50,NULL,'2016-09-01 12:59:19','2016-09-01 12:59:19'),(149,38,'OptionLine',NULL,NULL,1,'2016-09-01','2016-09-01',NULL,7,51,NULL,'2016-09-01 12:59:19','2016-09-01 12:59:19'),(150,39,'ItemLine',277,273,1,'2016-09-06','2016-09-06',NULL,NULL,52,NULL,'2016-09-06 12:59:19','2016-09-06 12:59:19'),(151,40,'ItemLine',278,274,1,'2016-09-06','2016-09-06',NULL,NULL,53,NULL,'2016-09-06 12:59:19','2016-09-06 12:59:19'),(152,40,'ItemLine',279,275,1,'2016-09-06','2016-09-06','2016-09-06',NULL,54,5,'2016-09-06 12:59:19','2016-09-06 12:59:19'),(153,41,'ItemLine',107,87,1,'2016-09-06','2016-09-06',NULL,NULL,55,NULL,'2016-09-06 12:59:19','2016-09-06 12:59:19'),(154,41,'ItemLine',56,2,1,'2016-09-06','2016-09-06',NULL,NULL,56,NULL,'2016-09-06 12:59:19','2016-09-06 12:59:19'),(155,42,'ItemLine',280,276,1,'2016-09-06','2016-09-06',NULL,NULL,57,NULL,'2016-09-06 12:59:19','2016-09-06 12:59:19'),(156,43,'ItemLine',109,89,1,'2016-09-06','2016-09-06',NULL,NULL,58,NULL,'2016-09-06 12:59:19','2016-09-06 12:59:19'),(157,44,'ItemLine',NULL,2,1,'2016-09-04','2016-09-07',NULL,NULL,59,NULL,'2016-09-06 12:59:19','2016-09-06 12:59:19'),(158,44,'ItemLine',NULL,277,1,'2016-09-04','2016-09-07',NULL,NULL,60,NULL,'2016-09-06 12:59:19','2016-09-06 12:59:19'),(159,45,'ItemLine',NULL,22,1,'2016-09-06','2016-09-06',NULL,NULL,61,NULL,'2016-09-06 12:59:19','2016-09-06 12:59:19'),(160,45,'ItemLine',NULL,22,1,'2016-09-06','2016-09-06',NULL,NULL,61,NULL,'2016-09-06 12:59:19','2016-09-06 12:59:19'),(161,46,'ItemLine',53,2,1,'2016-09-06','2016-09-06',NULL,NULL,62,NULL,'2016-09-06 12:59:19','2016-09-06 12:59:19'),(162,46,'OptionLine',NULL,NULL,1,'2016-09-06','2016-09-06',NULL,1,63,NULL,'2016-09-06 12:59:19','2016-09-06 12:59:19'),(163,47,'ItemLine',NULL,8,1,'2016-10-13','2016-10-21',NULL,NULL,64,NULL,'2016-09-06 12:59:19','2016-09-06 12:59:19'),(164,48,'ItemLine',NULL,8,1,'2016-10-28','2016-10-31',NULL,NULL,65,NULL,'2016-09-06 12:59:19','2016-09-06 12:59:19'),(165,48,'ItemLine',NULL,8,1,'2016-10-28','2016-10-31',NULL,NULL,65,NULL,'2016-09-06 12:59:19','2016-09-06 12:59:19'),(166,48,'ItemLine',NULL,8,1,'2016-10-28','2016-10-31',NULL,NULL,65,NULL,'2016-09-06 12:59:19','2016-09-06 12:59:19'),(167,48,'ItemLine',NULL,8,1,'2016-10-28','2016-10-31',NULL,NULL,65,NULL,'2016-09-06 12:59:19','2016-09-06 12:59:19'),(168,48,'ItemLine',NULL,8,1,'2016-10-28','2016-10-31',NULL,NULL,65,NULL,'2016-09-06 12:59:19','2016-09-06 12:59:19'),(169,48,'ItemLine',NULL,8,1,'2016-10-28','2016-10-31',NULL,NULL,65,NULL,'2016-09-06 12:59:19','2016-09-06 12:59:19'),(170,49,'ItemLine',NULL,278,1,'2016-09-06','2016-09-06',NULL,NULL,66,NULL,'2016-09-06 12:59:19','2016-09-06 12:59:19'),(171,49,'ItemLine',NULL,279,1,'2016-09-06','2016-09-06',NULL,NULL,66,NULL,'2016-09-06 12:59:19','2016-09-06 12:59:19'),(172,49,'ItemLine',NULL,280,1,'2016-09-06','2016-09-06',NULL,NULL,66,NULL,'2016-09-06 12:59:19','2016-09-06 12:59:19'),(173,49,'ItemLine',NULL,281,1,'2016-09-06','2016-09-06',NULL,NULL,66,NULL,'2016-09-06 12:59:19','2016-09-06 12:59:19'),(174,49,'ItemLine',NULL,282,1,'2016-09-06','2016-09-06',NULL,NULL,66,NULL,'2016-09-06 12:59:19','2016-09-06 12:59:19'),(175,50,'ItemLine',NULL,283,1,'2016-09-06','2016-09-06',NULL,NULL,67,NULL,'2016-09-06 12:59:19','2016-09-06 12:59:19'),(176,50,'ItemLine',NULL,284,1,'2016-09-06','2016-09-06',NULL,NULL,67,NULL,'2016-09-06 12:59:19','2016-09-06 12:59:19'),(177,50,'ItemLine',NULL,285,1,'2016-09-06','2016-09-06',NULL,NULL,67,NULL,'2016-09-06 12:59:19','2016-09-06 12:59:19'),(178,50,'ItemLine',NULL,286,1,'2016-09-06','2016-09-06',NULL,NULL,67,NULL,'2016-09-06 12:59:19','2016-09-06 12:59:19'),(179,51,'ItemLine',291,287,1,'2016-09-06','2016-09-06',NULL,NULL,68,NULL,'2016-09-06 12:59:19','2016-09-06 12:59:19'),(180,51,'ItemLine',292,288,1,'2016-09-06','2016-09-06',NULL,NULL,68,NULL,'2016-09-06 12:59:19','2016-09-06 12:59:19'),(181,51,'ItemLine',293,289,1,'2016-09-06','2016-09-06',NULL,NULL,68,NULL,'2016-09-06 12:59:19','2016-09-06 12:59:19'),(182,52,'ItemLine',294,290,1,'2016-09-06','2016-09-06',NULL,NULL,69,NULL,'2016-09-06 12:59:19','2016-09-06 12:59:19'),(183,52,'ItemLine',295,291,1,'2016-09-06','2016-09-06',NULL,NULL,69,NULL,'2016-09-06 12:59:19','2016-09-06 12:59:19'),(184,52,'ItemLine',296,292,1,'2016-09-06','2016-09-06',NULL,NULL,69,NULL,'2016-09-06 12:59:19','2016-09-06 12:59:19'),(185,52,'ItemLine',297,293,1,'2016-09-06','2016-09-06',NULL,NULL,69,NULL,'2016-09-06 12:59:19','2016-09-06 12:59:19'),(186,52,'ItemLine',298,294,1,'2016-09-06','2016-09-06',NULL,NULL,69,NULL,'2016-09-06 12:59:19','2016-09-06 12:59:19'),(187,53,'ItemLine',299,295,1,'2016-09-01','2016-09-01',NULL,NULL,70,NULL,'2016-09-01 12:59:19','2016-09-01 12:59:19'),(188,53,'ItemLine',300,296,1,'2016-09-01','2016-09-01',NULL,NULL,70,NULL,'2016-09-01 12:59:19','2016-09-01 12:59:19'),(189,53,'ItemLine',301,297,1,'2016-09-01','2016-09-01',NULL,NULL,70,NULL,'2016-09-01 12:59:19','2016-09-01 12:59:19'),(190,53,'ItemLine',302,298,1,'2016-09-01','2016-09-01',NULL,NULL,70,NULL,'2016-09-01 12:59:19','2016-09-01 12:59:19'),(191,53,'ItemLine',303,299,1,'2016-09-01','2016-09-01',NULL,NULL,70,NULL,'2016-09-01 12:59:19','2016-09-01 12:59:19'),(192,54,'ItemLine',NULL,300,1,'2016-08-31','2016-08-31',NULL,NULL,71,NULL,'2016-08-31 12:59:19','2016-08-31 12:59:19'),(193,54,'ItemLine',NULL,301,1,'2016-08-31','2016-08-31',NULL,NULL,71,NULL,'2016-08-31 12:59:19','2016-08-31 12:59:19'),(194,54,'ItemLine',NULL,302,1,'2016-08-31','2016-08-31',NULL,NULL,71,NULL,'2016-08-31 12:59:19','2016-08-31 12:59:19'),(195,54,'ItemLine',NULL,303,1,'2016-08-31','2016-08-31',NULL,NULL,71,NULL,'2016-08-31 12:59:19','2016-08-31 12:59:19'),(196,54,'ItemLine',NULL,304,1,'2016-08-31','2016-08-31',NULL,NULL,71,NULL,'2016-08-31 12:59:19','2016-08-31 12:59:19'),(197,54,'ItemLine',NULL,19,1,'2016-08-31','2016-08-31',NULL,NULL,72,NULL,'2016-08-31 12:59:19','2016-08-31 12:59:19');
/*!40000 ALTER TABLE `contract_lines` ENABLE KEYS */;
UNLOCK TABLES;

--
-- Table structure for table `contracts`
--

DROP TABLE IF EXISTS `contracts`;
/*!40101 SET @saved_cs_client     = @@character_set_client */;
/*!40101 SET character_set_client = utf8 */;
CREATE TABLE `contracts` (
  `id` int(11) NOT NULL AUTO_INCREMENT,
  `user_id` int(11) DEFAULT NULL,
  `delegated_user_id` int(11) DEFAULT NULL,
  `inventory_pool_id` int(11) DEFAULT NULL,
  `note` text COLLATE utf8_unicode_ci,
  `handed_over_by_user_id` int(11) DEFAULT NULL,
  `created_at` datetime DEFAULT NULL,
  `updated_at` datetime DEFAULT NULL,
  `status` enum('unsubmitted','submitted','rejected','approved','signed','closed') COLLATE utf8_unicode_ci NOT NULL,
  PRIMARY KEY (`id`),
  KEY `index_contracts_on_inventory_pool_id` (`inventory_pool_id`),
  KEY `index_contracts_on_status` (`status`),
  KEY `index_contracts_on_user_id` (`user_id`),
  KEY `contracts_delegated_user_id_fk` (`delegated_user_id`),
  KEY `contracts_handed_over_by_user_id_fk` (`handed_over_by_user_id`),
  CONSTRAINT `contracts_handed_over_by_user_id_fk` FOREIGN KEY (`handed_over_by_user_id`) REFERENCES `users` (`id`),
  CONSTRAINT `contracts_delegated_user_id_fk` FOREIGN KEY (`delegated_user_id`) REFERENCES `users` (`id`),
  CONSTRAINT `contracts_inventory_pool_id_fk` FOREIGN KEY (`inventory_pool_id`) REFERENCES `inventory_pools` (`id`),
  CONSTRAINT `contracts_user_id_fk` FOREIGN KEY (`user_id`) REFERENCES `users` (`id`)
) ENGINE=InnoDB AUTO_INCREMENT=55 DEFAULT CHARSET=utf8 COLLATE=utf8_unicode_ci;
/*!40101 SET character_set_client = @saved_cs_client */;

--
-- Dumping data for table `contracts`
--

LOCK TABLES `contracts` WRITE;
/*!40000 ALTER TABLE `contracts` DISABLE KEYS */;
INSERT INTO `contracts` VALUES (1,34,NULL,7,NULL,NULL,'2016-09-06 12:59:19','2016-09-06 12:59:19','unsubmitted'),(2,6,NULL,3,NULL,NULL,'2016-09-06 12:59:19','2016-09-06 12:59:19','unsubmitted'),(3,6,NULL,1,NULL,NULL,'2016-09-06 12:59:19','2016-09-06 12:59:19','submitted'),(4,19,NULL,1,NULL,NULL,'2016-09-06 12:59:19','2016-09-06 12:59:19','submitted'),(5,6,NULL,2,NULL,NULL,'2016-09-06 12:59:19','2016-09-06 12:59:19','submitted'),(6,6,NULL,1,NULL,NULL,'2016-09-06 12:59:19','2016-09-06 12:59:19','submitted'),(7,6,NULL,3,NULL,NULL,'2016-09-06 12:59:19','2016-09-06 12:59:19','submitted'),(8,6,NULL,3,NULL,NULL,'2016-09-06 12:59:19','2016-09-06 12:59:19','submitted'),(9,14,NULL,1,NULL,NULL,'2016-09-05 12:59:19','2016-09-05 12:59:19','submitted'),(10,15,NULL,1,NULL,NULL,'2016-09-06 12:59:19','2016-09-06 12:59:19','submitted'),(11,16,NULL,1,NULL,NULL,'2016-09-06 12:59:19','2016-09-06 12:59:19','submitted'),(12,17,NULL,1,NULL,NULL,'2016-09-06 12:59:19','2016-09-06 12:59:19','submitted'),(13,18,NULL,1,NULL,NULL,'2016-09-06 12:59:19','2016-09-06 12:59:19','submitted'),(14,14,NULL,1,NULL,NULL,'2016-08-30 12:59:19','2016-08-30 12:59:19','submitted'),(15,14,NULL,1,NULL,NULL,'2016-09-01 12:59:19','2016-09-01 12:59:19','submitted'),(16,11,NULL,1,NULL,NULL,'2016-09-06 12:59:19','2016-09-06 12:59:19','submitted'),(17,11,NULL,1,NULL,NULL,'2016-09-06 12:59:19','2016-09-06 12:59:19','submitted'),(18,35,NULL,12,NULL,NULL,'2016-09-06 12:59:19','2016-09-06 12:59:19','approved'),(19,22,NULL,1,NULL,NULL,'2016-09-06 12:59:19','2016-09-06 12:59:19','approved'),(20,14,NULL,1,NULL,NULL,'2016-09-04 12:59:19','2016-09-04 12:59:19','approved'),(21,14,NULL,1,NULL,5,'2016-04-06 12:59:19','2016-04-06 12:59:19','closed'),(22,21,NULL,1,NULL,5,'2016-09-06 12:59:19','2016-09-06 12:59:19','signed'),(23,8,NULL,1,NULL,5,'2016-09-06 12:59:19','2016-09-06 12:59:19','signed'),(24,15,NULL,1,NULL,5,'2016-09-06 12:59:19','2016-09-06 12:59:19','signed'),(25,27,12,2,NULL,NULL,'2016-09-01 12:59:19','2016-09-01 12:59:19','approved'),(26,10,NULL,1,NULL,5,'2016-09-06 12:59:19','2016-09-06 12:59:19','closed'),(27,27,12,1,NULL,5,'2016-09-06 12:59:19','2016-09-06 12:59:19','closed'),(28,20,NULL,1,NULL,5,'2016-09-06 12:59:19','2016-09-06 12:59:19','closed'),(29,20,NULL,1,NULL,5,'2016-09-06 12:59:19','2016-09-06 12:59:19','closed'),(30,6,NULL,1,NULL,NULL,'2016-09-06 12:59:19','2016-09-06 12:59:19','approved'),(31,6,NULL,1,NULL,NULL,'2016-09-06 12:59:19','2016-09-06 12:59:19','approved'),(32,6,NULL,1,NULL,NULL,'2016-09-06 12:59:19','2016-09-06 12:59:19','approved'),(33,6,NULL,1,NULL,NULL,'2016-09-06 12:59:19','2016-09-06 12:59:19','approved'),(34,6,NULL,1,NULL,NULL,'2016-09-06 12:59:19','2016-09-06 12:59:19','approved'),(35,6,NULL,1,NULL,NULL,'2016-09-06 12:59:19','2016-09-06 12:59:19','approved'),(36,6,NULL,1,NULL,NULL,'2016-09-06 12:59:19','2016-09-06 12:59:19','approved'),(37,6,NULL,1,NULL,5,'2016-09-06 12:59:19','2016-09-06 12:59:19','signed'),(38,13,NULL,1,NULL,5,'2016-09-01 12:59:19','2016-09-01 12:59:19','signed'),(39,6,NULL,1,NULL,5,'2016-09-06 12:59:19','2016-09-06 12:59:19','signed'),(40,6,NULL,2,NULL,5,'2016-09-06 12:59:19','2016-09-06 12:59:19','signed'),(41,6,NULL,2,NULL,5,'2016-09-06 12:59:19','2016-09-06 12:59:19','signed'),(42,6,NULL,2,NULL,5,'2016-09-06 12:59:19','2016-09-06 12:59:19','signed'),(43,6,NULL,1,NULL,5,'2016-09-06 12:59:19','2016-09-06 12:59:19','signed'),(44,11,NULL,1,NULL,NULL,'2016-09-06 12:59:19','2016-09-06 12:59:19','approved'),(45,13,NULL,1,NULL,NULL,'2016-09-06 12:59:19','2016-09-06 12:59:19','submitted'),(46,11,NULL,1,NULL,5,'2016-09-06 12:59:19','2016-09-06 12:59:19','signed'),(47,13,NULL,1,NULL,NULL,'2016-09-06 12:59:19','2016-09-06 12:59:19','submitted'),(48,13,NULL,1,NULL,NULL,'2016-09-06 12:59:19','2016-09-06 12:59:19','submitted'),(49,26,10,1,NULL,NULL,'2016-09-06 12:59:19','2016-09-06 12:59:19','submitted'),(50,26,12,1,NULL,NULL,'2016-09-06 12:59:19','2016-09-06 12:59:19','approved'),(51,30,24,1,NULL,NULL,'2016-09-06 12:59:19','2016-09-06 12:59:19','approved'),(52,26,10,1,NULL,5,'2016-09-06 12:59:19','2016-09-06 12:59:19','signed'),(53,26,10,1,NULL,5,'2016-09-01 12:59:19','2016-09-01 12:59:19','signed'),(54,14,NULL,1,NULL,NULL,'2016-08-31 12:59:19','2016-08-31 12:59:19','rejected');
/*!40000 ALTER TABLE `contracts` ENABLE KEYS */;
UNLOCK TABLES;

--
-- Table structure for table `database_authentications`
--

DROP TABLE IF EXISTS `database_authentications`;
/*!40101 SET @saved_cs_client     = @@character_set_client */;
/*!40101 SET character_set_client = utf8 */;
CREATE TABLE `database_authentications` (
  `id` int(11) NOT NULL AUTO_INCREMENT,
  `login` varchar(255) COLLATE utf8_unicode_ci DEFAULT NULL,
  `crypted_password` varchar(40) COLLATE utf8_unicode_ci DEFAULT NULL,
  `salt` varchar(40) COLLATE utf8_unicode_ci DEFAULT NULL,
  `user_id` int(11) DEFAULT NULL,
  `created_at` datetime DEFAULT NULL,
  `updated_at` datetime DEFAULT NULL,
  PRIMARY KEY (`id`),
  KEY `database_authentications_user_id_fk` (`user_id`),
  CONSTRAINT `database_authentications_user_id_fk` FOREIGN KEY (`user_id`) REFERENCES `users` (`id`) ON DELETE CASCADE
) ENGINE=InnoDB AUTO_INCREMENT=31 DEFAULT CHARSET=utf8 COLLATE=utf8_unicode_ci;
/*!40101 SET character_set_client = @saved_cs_client */;

--
-- Dumping data for table `database_authentications`
--

LOCK TABLES `database_authentications` WRITE;
/*!40000 ALTER TABLE `database_authentications` DISABLE KEYS */;
INSERT INTO `database_authentications` VALUES (1,'gino','c8c0a40afcd390673a21a2480e54e82354629e1b','154a4af20da944e1c8e990c878bf35f624428cc7',1,'2016-09-06 12:59:19','2016-09-06 12:59:19'),(2,'ramon','319853d86cc41dfec1826f4d6242054c05637a31','db50763fc340e60b11d7d41f5018e77befc072d1',2,'2016-09-06 12:59:19','2016-09-06 12:59:19'),(3,'matti','65403543c5bbd0eb26cb08a64cd208212e11586b','0d78a11ad7ac7d7082bcf058d82d744cf2b64238',3,'2016-09-06 12:59:19','2016-09-06 12:59:19'),(4,'mike','81ab49406b5a4f65c3cd08f1284abad0a9d42a1e','cc52002da1b6e1dbbc4b3b398362efaf985aed5b',4,'2016-09-06 12:59:19','2016-09-06 12:59:19'),(5,'pius','6d5f5c4a2b7db56e96be0e23b5d3f0b379040cb4','c84976f17a4411c0b3e438c7f378063bf80f652a',5,'2016-09-06 12:59:19','2016-09-06 12:59:19'),(6,'normin','b91fd9a32b296ffc32b1546fe4a429ad7902b09b','c4024dde2d3f8b2e8a56b2540d4362377d2f1a8a',6,'2016-09-06 12:59:19','2016-09-06 12:59:19'),(7,'nicklaus','981bb765d314dc1b4dfb40fbc98bfe31015e8564','131bc15cd9d79c7aece760d7fa43c732f36fb5a7',7,'2016-09-06 12:59:19','2016-09-06 12:59:19'),(8,'peter','ff7c4a64ac2324c04445c0c057b08838077e601b','53c12b41a3f1326bd73960b130558d3b059e15b6',8,'2016-09-06 12:59:19','2016-09-06 12:59:19'),(9,'andi','9093771f7d3a214ac67880fe41d7357af0742f70','640da18a0647aef94971193867ae90578a64768b',9,'2016-09-06 12:59:19','2016-09-06 12:59:19'),(10,'mina','5a7f0f1bae13d602300e67455658fde6b2f1f0a3','5ee9307393368a41045b0bcf47a60c99b7dcf740',10,'2016-09-06 12:59:19','2016-09-06 12:59:19'),(11,'petra','23be5108b98d1cfc77c1d6854d90310196a1438c','87afaa7aba0cc1e2a3a94c1fb78b6dbea40caf1f',11,'2016-09-06 12:59:19','2016-09-06 12:59:19'),(12,'julie','ddbbcbcfbd4abb0dc961be795d8d8ac4df553979','237cf34c4bec6da8e05853acdec78506ec32fa19',12,'2016-09-06 12:59:19','2016-09-06 12:59:19'),(13,'lisa','7df4c9ccb0bb73c5c42277189bbe242854676a81','fdca2cb973061253e5bc64662131447c65df35d4',13,'2016-09-06 12:59:19','2016-09-06 12:59:19'),(14,'gabriel','d16f3d0db3d2ff01e80198371f6bcddfcd07afec','4106f68fe31975ec83609f085846c61e6f9a790a',14,'2016-09-06 12:59:19','2016-09-06 12:59:19'),(15,'ebony','8b7dbb7571286a3988339dda6d47eeee0c47adbe','75d689a00ee8d2e138f05fa5b21aaf5ffb7e78e3',15,'2016-09-06 12:59:19','2016-09-06 12:59:19'),(16,'sallie','8b8dba30b97ce51e6986f3375902811305e41b4b','0b009cbb29f49f9fe49dba02920ce9cdc07edb31',16,'2016-09-06 12:59:19','2016-09-06 12:59:19'),(17,'kyla','7a3199107f55e36d4e6b74e8f21ee23188b8d733','7b912993cfc7119a77a891741230af5d357e1121',17,'2016-09-06 12:59:19','2016-09-06 12:59:19'),(18,'lesly','dc6e751787e4d18f099d97f6cc71ad9d25814fb0','a52ab5bebb421639e6b72d8d00c326d83ec62c9c',18,'2016-09-06 12:59:19','2016-09-06 12:59:19'),(19,'maximo','e4aa00dc6d286d8fa9785a71902d69a707b901dc','2f46edc1a6aeb77d0eedb3eabbf6ceacf8917b94',19,'2016-09-06 12:59:19','2016-09-06 12:59:19'),(20,'jimmy','c923cf6a687650f972cb00d33541c10f2d26de89','c7746387a8b1c1270fbb3c483da2772d3b919f4b',20,'2016-09-06 12:59:19','2016-09-06 12:59:19'),(21,'tatum','1d5282d0808a356732369cd2f01bd048cc112d7a','956c0031835339c741815370e3051817ebf5e4c6',21,'2016-09-06 12:59:19','2016-09-06 12:59:19'),(22,'alexanne','cbe5d2c4e9c9899858a55913cb130d5c99a11734','6b85d53e0ac2ac9b6319f8deb91a19d931bbbaa9',22,'2016-09-06 12:59:19','2016-09-06 12:59:19'),(23,'ayana','1ba85cf45afd4a3671a8000b6623100f6e6415b8','f8d7782365ad3ec98f4c00d860da7839b8c5ed06',23,'2016-09-06 12:59:19','2016-09-06 12:59:19'),(24,'lucinda','a89dd295c8bf4fce472cb3fd33b3a3c11abff426','97a7321c52d38401ac0737cf47797dd2f92274ed',24,'2016-09-06 12:59:19','2016-09-06 12:59:19'),(25,'etha_2142','fc4775cb2f17ffb89177874a16158a92f78b254f','3d787d5011a4bd3a7c9cd4dd8436c7bd310c53b3',25,'2016-09-06 12:59:19','2016-09-06 12:59:19'),(26,'kimberly_kirlin_7493','0d043f099fd2e08063f10f136c004d8d7fc48eaf','b2d04d8b14175455df85429f1e5f27bda1ad58f4',31,'2016-09-06 12:59:19','2016-09-06 12:59:19'),(27,'janelle_8152','0c04e093aadf876ab8ee1469f9672c8f8ab5e498','eb62132df0879b465861df094cd870bc969398f5',32,'2016-09-06 12:59:19','2016-09-06 12:59:19'),(28,'keith_kohler_4666','e4c0db77f293e4fed7ef81403b352213427c9ccf','c990abf23deb96da33598cb53700e9846824128e',33,'2016-09-06 12:59:19','2016-09-06 12:59:19'),(29,'genesis_4896','c79c08e8420df79a0356afe869baef307c57b4f7','311ae090c174a5f7a470a306019e8e2cb4444cca',34,'2016-09-06 12:59:19','2016-09-06 12:59:19'),(30,'courtney_7608','581b49f71f1125c0b8c16cf7721e611ec2fd9138','1130c5ad157054fa7b164fe48af6c41ad823fc72',35,'2016-09-06 12:59:19','2016-09-06 12:59:19');
/*!40000 ALTER TABLE `database_authentications` ENABLE KEYS */;
UNLOCK TABLES;

--
-- Table structure for table `delegations_users`
--

DROP TABLE IF EXISTS `delegations_users`;
/*!40101 SET @saved_cs_client     = @@character_set_client */;
/*!40101 SET character_set_client = utf8 */;
CREATE TABLE `delegations_users` (
  `delegation_id` int(11) DEFAULT NULL,
  `user_id` int(11) DEFAULT NULL,
  UNIQUE KEY `index_delegations_users_on_user_id_and_delegation_id` (`user_id`,`delegation_id`),
  KEY `index_delegations_users_on_delegation_id` (`delegation_id`),
  CONSTRAINT `delegations_users_delegation_id_fk` FOREIGN KEY (`delegation_id`) REFERENCES `users` (`id`),
  CONSTRAINT `delegations_users_user_id_fk` FOREIGN KEY (`user_id`) REFERENCES `users` (`id`)
) ENGINE=InnoDB DEFAULT CHARSET=utf8 COLLATE=utf8_unicode_ci;
/*!40101 SET character_set_client = @saved_cs_client */;

--
-- Dumping data for table `delegations_users`
--

LOCK TABLES `delegations_users` WRITE;
/*!40000 ALTER TABLE `delegations_users` DISABLE KEYS */;
INSERT INTO `delegations_users` VALUES (26,10),(27,10),(28,10),(29,10),(26,12),(27,12),(28,12),(29,12),(30,23),(30,24);
/*!40000 ALTER TABLE `delegations_users` ENABLE KEYS */;
UNLOCK TABLES;

--
-- Table structure for table `groups`
--

DROP TABLE IF EXISTS `groups`;
/*!40101 SET @saved_cs_client     = @@character_set_client */;
/*!40101 SET character_set_client = utf8 */;
CREATE TABLE `groups` (
  `id` int(11) NOT NULL AUTO_INCREMENT,
  `name` varchar(255) COLLATE utf8_unicode_ci DEFAULT NULL,
  `inventory_pool_id` int(11) DEFAULT NULL,
  `is_verification_required` tinyint(1) DEFAULT '0',
  `created_at` datetime DEFAULT NULL,
  `updated_at` datetime DEFAULT NULL,
  PRIMARY KEY (`id`),
  KEY `index_groups_on_inventory_pool_id` (`inventory_pool_id`),
  KEY `index_groups_on_is_verification_required` (`is_verification_required`),
  CONSTRAINT `groups_inventory_pool_id_fk` FOREIGN KEY (`inventory_pool_id`) REFERENCES `inventory_pools` (`id`)
) ENGINE=InnoDB AUTO_INCREMENT=11 DEFAULT CHARSET=utf8 COLLATE=utf8_unicode_ci;
/*!40101 SET character_set_client = @saved_cs_client */;

--
-- Dumping data for table `groups`
--

LOCK TABLES `groups` WRITE;
/*!40000 ALTER TABLE `groups` DISABLE KEYS */;
INSERT INTO `groups` VALUES (1,'Cast',1,0,'2016-09-06 12:59:19','2016-09-06 12:59:19'),(2,'IAD',1,0,'2016-09-06 12:59:19','2016-09-06 12:59:19'),(3,'Wu',1,0,'2016-09-06 12:59:19','2016-09-06 12:59:19'),(4,'Group Hifi',1,0,'2016-09-06 12:59:19','2016-09-06 12:59:19'),(5,'Group A',1,0,'2016-09-06 12:59:19','2016-09-06 12:59:19'),(6,'Group B',1,0,'2016-09-06 12:59:19','2016-09-06 12:59:19'),(7,'FFI',1,1,'2016-09-06 12:59:19','2016-09-06 12:59:19'),(8,'VTO',1,1,'2016-09-06 12:59:19','2016-09-06 12:59:19'),(9,'1. Semester',2,1,'2016-09-06 12:59:19','2016-09-06 12:59:19'),(10,'Group C',1,0,'2016-09-06 12:59:19','2016-09-06 12:59:19');
/*!40000 ALTER TABLE `groups` ENABLE KEYS */;
UNLOCK TABLES;

--
-- Table structure for table `groups_users`
--

DROP TABLE IF EXISTS `groups_users`;
/*!40101 SET @saved_cs_client     = @@character_set_client */;
/*!40101 SET character_set_client = utf8 */;
CREATE TABLE `groups_users` (
  `user_id` int(11) DEFAULT NULL,
  `group_id` int(11) DEFAULT NULL,
  UNIQUE KEY `index_groups_users_on_user_id_and_group_id` (`user_id`,`group_id`),
  KEY `index_groups_users_on_group_id` (`group_id`),
  CONSTRAINT `groups_users_user_id_fk` FOREIGN KEY (`user_id`) REFERENCES `users` (`id`),
  CONSTRAINT `groups_users_group_id_fk` FOREIGN KEY (`group_id`) REFERENCES `groups` (`id`)
) ENGINE=InnoDB DEFAULT CHARSET=utf8 COLLATE=utf8_unicode_ci;
/*!40101 SET character_set_client = @saved_cs_client */;

--
-- Dumping data for table `groups_users`
--

LOCK TABLES `groups_users` WRITE;
/*!40000 ALTER TABLE `groups_users` DISABLE KEYS */;
INSERT INTO `groups_users` VALUES (6,1),(13,1),(14,7),(14,8),(15,7),(16,7),(16,8),(17,7),(17,9),(18,7),(19,10);
/*!40000 ALTER TABLE `groups_users` ENABLE KEYS */;
UNLOCK TABLES;

--
-- Table structure for table `histories`
--

DROP TABLE IF EXISTS `histories`;
/*!40101 SET @saved_cs_client     = @@character_set_client */;
/*!40101 SET character_set_client = utf8 */;
CREATE TABLE `histories` (
  `id` int(11) NOT NULL AUTO_INCREMENT,
  `text` varchar(255) COLLATE utf8_unicode_ci DEFAULT '',
  `type_const` int(11) DEFAULT NULL,
  `created_at` datetime NOT NULL,
  `target_id` int(11) NOT NULL,
  `target_type` varchar(255) COLLATE utf8_unicode_ci NOT NULL,
  `user_id` int(11) DEFAULT NULL,
  PRIMARY KEY (`id`),
  KEY `index_histories_on_target_type_and_target_id` (`target_type`,`target_id`),
  KEY `index_histories_on_type_const` (`type_const`),
  KEY `index_histories_on_user_id` (`user_id`),
  CONSTRAINT `histories_user_id_fk` FOREIGN KEY (`user_id`) REFERENCES `users` (`id`)
) ENGINE=InnoDB AUTO_INCREMENT=19 DEFAULT CHARSET=utf8 COLLATE=utf8_unicode_ci;
/*!40101 SET character_set_client = @saved_cs_client */;

--
-- Dumping data for table `histories`
--

LOCK TABLES `histories` WRITE;
/*!40000 ALTER TABLE `histories` DISABLE KEYS */;
INSERT INTO `histories` VALUES (1,'Contract 21 has been signed by Gabriel Von',1,'2016-04-06 12:59:19',21,'Contract',5),(2,'Contract 22 has been signed by Tatum Gulgowski',1,'2016-09-06 12:59:19',22,'Contract',5),(3,'Contract 23 has been signed by Peter Silie',1,'2016-09-06 12:59:19',23,'Contract',5),(4,'Contract 24 has been signed by Ebony Gottlieb',1,'2016-09-06 12:59:19',24,'Contract',5),(5,'Contract 26 has been signed by Mina Hammes',1,'2016-09-06 12:59:19',26,'Contract',5),(6,'Contract 27 has been signed by Delegation 2',1,'2016-09-06 12:59:19',27,'Contract',5),(7,'Contract 28 has been signed by Jimmy Crona',1,'2016-09-06 12:59:19',28,'Contract',5),(8,'Contract 29 has been signed by Jimmy Crona',1,'2016-09-06 12:59:19',29,'Contract',5),(9,'Contract 37 has been signed by Normin Normalo',1,'2016-09-06 12:59:19',37,'Contract',5),(10,'Contract 38 has been signed by Lisa McLaughlin',1,'2016-09-01 12:59:19',38,'Contract',5),(11,'Contract 39 has been signed by Normin Normalo',1,'2016-09-06 12:59:19',39,'Contract',5),(12,'Contract 40 has been signed by Normin Normalo',1,'2016-09-06 12:59:19',40,'Contract',5),(13,'Contract 41 has been signed by Normin Normalo',1,'2016-09-06 12:59:19',41,'Contract',5),(14,'Contract 42 has been signed by Normin Normalo',1,'2016-09-06 12:59:19',42,'Contract',5),(15,'Contract 43 has been signed by Normin Normalo',1,'2016-09-06 12:59:19',43,'Contract',5),(16,'Contract 46 has been signed by Petra DuBuque',1,'2016-09-06 12:59:19',46,'Contract',5),(17,'Contract 52 has been signed by Delegation 1',1,'2016-09-06 12:59:19',52,'Contract',5),(18,'Contract 53 has been signed by Delegation 1',1,'2016-09-01 12:59:19',53,'Contract',5);
/*!40000 ALTER TABLE `histories` ENABLE KEYS */;
UNLOCK TABLES;

--
-- Table structure for table `holidays`
--

DROP TABLE IF EXISTS `holidays`;
/*!40101 SET @saved_cs_client     = @@character_set_client */;
/*!40101 SET character_set_client = utf8 */;
CREATE TABLE `holidays` (
  `id` int(11) NOT NULL AUTO_INCREMENT,
  `inventory_pool_id` int(11) DEFAULT NULL,
  `start_date` date DEFAULT NULL,
  `end_date` date DEFAULT NULL,
  `name` varchar(255) COLLATE utf8_unicode_ci DEFAULT NULL,
  PRIMARY KEY (`id`),
  KEY `index_holidays_on_inventory_pool_id` (`inventory_pool_id`),
  KEY `index_holidays_on_start_date_and_end_date` (`start_date`,`end_date`),
  CONSTRAINT `holidays_inventory_pool_id_fk` FOREIGN KEY (`inventory_pool_id`) REFERENCES `inventory_pools` (`id`) ON DELETE CASCADE
) ENGINE=InnoDB AUTO_INCREMENT=7 DEFAULT CHARSET=utf8 COLLATE=utf8_unicode_ci;
/*!40101 SET character_set_client = @saved_cs_client */;

--
-- Dumping data for table `holidays`
--

LOCK TABLES `holidays` WRITE;
/*!40000 ALTER TABLE `holidays` DISABLE KEYS */;
INSERT INTO `holidays` VALUES (1,1,'2016-12-24','2016-12-26','Christmas'),(2,1,'2017-12-24','2017-12-26','Christmas'),(3,2,'2016-12-24','2016-12-26','Christmas'),(4,2,'2017-12-24','2017-12-26','Christmas'),(5,3,'2016-12-24','2016-12-26','Christmas'),(6,3,'2017-12-24','2017-12-26','Christmas');
/*!40000 ALTER TABLE `holidays` ENABLE KEYS */;
UNLOCK TABLES;

--
-- Table structure for table `images`
--

DROP TABLE IF EXISTS `images`;
/*!40101 SET @saved_cs_client     = @@character_set_client */;
/*!40101 SET character_set_client = utf8 */;
CREATE TABLE `images` (
  `id` int(11) NOT NULL AUTO_INCREMENT,
  `is_main` tinyint(1) DEFAULT '0',
  `content_type` varchar(255) COLLATE utf8_unicode_ci DEFAULT NULL,
  `filename` varchar(255) COLLATE utf8_unicode_ci DEFAULT NULL,
  `size` int(11) DEFAULT NULL,
  `height` int(11) DEFAULT NULL,
  `width` int(11) DEFAULT NULL,
  `parent_id` int(11) DEFAULT NULL,
  `thumbnail` varchar(255) COLLATE utf8_unicode_ci DEFAULT NULL,
  `target_id` int(11) DEFAULT NULL,
  `target_type` varchar(255) COLLATE utf8_unicode_ci DEFAULT NULL,
  PRIMARY KEY (`id`),
  KEY `index_images_on_target_id_and_target_type` (`target_id`,`target_type`)
) ENGINE=InnoDB AUTO_INCREMENT=5 DEFAULT CHARSET=utf8 COLLATE=utf8_unicode_ci;
/*!40101 SET character_set_client = @saved_cs_client */;

--
-- Dumping data for table `images`
--

LOCK TABLES `images` WRITE;
/*!40000 ALTER TABLE `images` DISABLE KEYS */;
INSERT INTO `images` VALUES (1,0,'image/jpeg','dolores',NULL,NULL,NULL,NULL,NULL,2,'ModelGroup'),(2,0,'image/jpeg','odio',NULL,NULL,NULL,NULL,NULL,16,'Model'),(3,0,'image/jpeg','a',NULL,NULL,NULL,NULL,NULL,16,'Model'),(4,0,'image/jpeg','similique',NULL,NULL,NULL,NULL,NULL,17,'Model');
/*!40000 ALTER TABLE `images` ENABLE KEYS */;
UNLOCK TABLES;

--
-- Table structure for table `inventory_pools`
--

DROP TABLE IF EXISTS `inventory_pools`;
/*!40101 SET @saved_cs_client     = @@character_set_client */;
/*!40101 SET character_set_client = utf8 */;
CREATE TABLE `inventory_pools` (
  `id` int(11) NOT NULL AUTO_INCREMENT,
  `name` varchar(255) COLLATE utf8_unicode_ci DEFAULT NULL,
  `description` text COLLATE utf8_unicode_ci,
  `contact_details` varchar(255) COLLATE utf8_unicode_ci DEFAULT NULL,
  `contract_description` varchar(255) COLLATE utf8_unicode_ci DEFAULT NULL,
  `contract_url` varchar(255) COLLATE utf8_unicode_ci DEFAULT NULL,
  `logo_url` varchar(255) COLLATE utf8_unicode_ci DEFAULT NULL,
  `default_contract_note` text COLLATE utf8_unicode_ci,
  `shortname` varchar(255) COLLATE utf8_unicode_ci DEFAULT NULL,
  `email` varchar(255) COLLATE utf8_unicode_ci DEFAULT NULL,
  `color` text COLLATE utf8_unicode_ci,
  `print_contracts` tinyint(1) DEFAULT '1',
  `opening_hours` text COLLATE utf8_unicode_ci,
  `address_id` int(11) DEFAULT NULL,
  `automatic_suspension` tinyint(1) NOT NULL DEFAULT '0',
  `automatic_suspension_reason` text COLLATE utf8_unicode_ci,
  `automatic_access` tinyint(1) DEFAULT NULL,
  PRIMARY KEY (`id`),
  UNIQUE KEY `index_inventory_pools_on_name` (`name`),
  KEY `inventory_pools_address_id_fk` (`address_id`),
  CONSTRAINT `inventory_pools_address_id_fk` FOREIGN KEY (`address_id`) REFERENCES `addresses` (`id`)
) ENGINE=InnoDB AUTO_INCREMENT=13 DEFAULT CHARSET=utf8 COLLATE=utf8_unicode_ci;
/*!40101 SET character_set_client = @saved_cs_client */;

--
-- Dumping data for table `inventory_pools`
--

LOCK TABLES `inventory_pools` WRITE;
/*!40000 ALTER TABLE `inventory_pools` DISABLE KEYS */;
INSERT INTO `inventory_pools` VALUES (1,'A-Ausleihe','Wichtige Hinweise...\n\nBitte die Gegenstnde rechtzeitig zurckbringen','A Verleih  /  ZHdK\na@zh-dk.ch\n\n+41 00 00 00 00',NULL,'a@zhdk.ch',NULL,'Cum nihil provident eius dolor est id nobis.','A','a@zhdk.ch',NULL,1,NULL,NULL,1,'Debitis quia dolor placeat et asperiores sit accusamus rerum.',NULL),(2,'IT-Ausleihe','Bringt die Gerte bitte rechtzeitig zurck','IT Verleih  /  ZHdK\nit@zh-dk.ch\n\n+41 00 00 00 00',NULL,'it@zhdk.ch',NULL,'Enim amet cumque libero.','IT','it@zhdk.ch',NULL,1,NULL,NULL,1,'Commodi molestias sed reprehenderit vel.',NULL),(3,'AV-Technik','Bringt die Gerte bitte rechtzeitig zurck','AV Verleih  /  ZHdK\nav@zh-dk.ch\n\n+41 00 00 00 00',NULL,'av@zhdk.ch',NULL,'Dolor molestias accusantium ut officiis.','AV','av@zhdk.ch',NULL,1,NULL,NULL,0,NULL,NULL),(4,'DT deletable',NULL,NULL,NULL,'it@zhdk.ch',NULL,'Ad quia velit sint rem quo officiis accusamus.','DT','it@zhdk.ch',NULL,1,NULL,NULL,0,NULL,NULL),(5,'Estcommodifacerererum','Quos sunt itaque sed quis quis et quod.','Aut sequi alias mollitia ad autem delectus repellat sit.','Estcommodifacerererum','janiya@homenick.name',NULL,NULL,'GM12OC','janiya@homenick.name',NULL,1,NULL,NULL,0,NULL,NULL),(6,'Odioaspernatursintdolores','Quos beatae alias eveniet placeat.','Praesentium quasi tempore non ut.','Odioaspernatursintdolores','keeley.homenick@cartwrightcain.name',NULL,NULL,'GTPA9M','keeley.homenick@cartwrightcain.name',NULL,1,NULL,NULL,0,NULL,NULL),(7,'Exercitationemoccaecatiquiquam','Quisquam qui maxime dolorem omnis quia optio dignissimos asperiores.','Voluptas autem quia qui nam commodi.','Exercitationemoccaecatiquiquam','macey.bechtelar@hoeger.info',NULL,NULL,'8Z07QE','macey.bechtelar@hoeger.info',NULL,1,NULL,NULL,0,NULL,NULL),(8,'Earumsiteiusipsum','Perferendis quia delectus quisquam et velit vel.','Repellat expedita voluptatem doloremque.','Earumsiteiusipsum','enola.hills@lueilwitz.name',NULL,NULL,'EZ48S6','enola.hills@lueilwitz.name',NULL,1,NULL,NULL,0,NULL,NULL),(9,'Adrerumnostrumvoluptatem','Ducimus debitis laudantium eum nihil veritatis beatae odit.','Voluptatem animi qui nisi aut nulla.','Adrerumnostrumvoluptatem','rebecca_stroman@darehyatt.biz',NULL,NULL,'UFCTDS','rebecca_stroman@darehyatt.biz',NULL,1,NULL,NULL,0,NULL,NULL),(10,'Etitaquevoluptasquia','Tempora qui soluta expedita nulla fugiat ut delectus hic.','Sed eius eos dignissimos tempore omnis id.','Etitaquevoluptasquia','ila_waelchi@welch.info',NULL,NULL,'XXYSZ4','ila_waelchi@welch.info',NULL,1,NULL,NULL,0,NULL,NULL),(11,'Nobisdoloribusoptioat','Tempore enim iusto illum possimus.','Quis soluta exercitationem mollitia excepturi repellat aut voluptas dolore.','Nobisdoloribusoptioat','rita@anderson.co.uk',NULL,NULL,'RMOSR5','rita@anderson.co.uk',NULL,1,NULL,NULL,0,NULL,NULL),(12,'Omnisetmagniasperiores','Sit illo qui voluptatem.','Sint placeat sed libero temporibus explicabo quasi accusamus qui.','Omnisetmagniasperiores','pamela@ruel.com',NULL,NULL,'NWOVLO','pamela@ruel.com',NULL,1,NULL,NULL,0,NULL,NULL);
/*!40000 ALTER TABLE `inventory_pools` ENABLE KEYS */;
UNLOCK TABLES;

--
-- Table structure for table `inventory_pools_model_groups`
--

DROP TABLE IF EXISTS `inventory_pools_model_groups`;
/*!40101 SET @saved_cs_client     = @@character_set_client */;
/*!40101 SET character_set_client = utf8 */;
CREATE TABLE `inventory_pools_model_groups` (
  `inventory_pool_id` int(11) DEFAULT NULL,
  `model_group_id` int(11) DEFAULT NULL,
  KEY `index_inventory_pools_model_groups_on_inventory_pool_id` (`inventory_pool_id`),
  KEY `index_inventory_pools_model_groups_on_model_group_id` (`model_group_id`),
  CONSTRAINT `inventory_pools_model_groups_model_group_id_fk` FOREIGN KEY (`model_group_id`) REFERENCES `model_groups` (`id`),
  CONSTRAINT `inventory_pools_model_groups_inventory_pool_id_fk` FOREIGN KEY (`inventory_pool_id`) REFERENCES `inventory_pools` (`id`)
) ENGINE=InnoDB DEFAULT CHARSET=utf8 COLLATE=utf8_unicode_ci;
/*!40101 SET character_set_client = @saved_cs_client */;

--
-- Dumping data for table `inventory_pools_model_groups`
--

LOCK TABLES `inventory_pools_model_groups` WRITE;
/*!40000 ALTER TABLE `inventory_pools_model_groups` DISABLE KEYS */;
INSERT INTO `inventory_pools_model_groups` VALUES (1,12),(1,13),(1,14);
/*!40000 ALTER TABLE `inventory_pools_model_groups` ENABLE KEYS */;
UNLOCK TABLES;

--
-- Table structure for table `items`
--

DROP TABLE IF EXISTS `items`;
/*!40101 SET @saved_cs_client     = @@character_set_client */;
/*!40101 SET character_set_client = utf8 */;
CREATE TABLE `items` (
  `id` int(11) NOT NULL AUTO_INCREMENT,
  `inventory_code` varchar(255) COLLATE utf8_unicode_ci DEFAULT NULL,
  `serial_number` varchar(255) COLLATE utf8_unicode_ci DEFAULT NULL,
  `model_id` int(11) DEFAULT NULL,
  `location_id` int(11) DEFAULT NULL,
  `supplier_id` int(11) DEFAULT NULL,
  `owner_id` int(11) NOT NULL,
  `parent_id` int(11) DEFAULT NULL,
  `invoice_number` varchar(255) COLLATE utf8_unicode_ci DEFAULT NULL,
  `invoice_date` date DEFAULT NULL,
  `last_check` date DEFAULT NULL,
  `retired` date DEFAULT NULL,
  `retired_reason` varchar(255) COLLATE utf8_unicode_ci DEFAULT NULL,
  `price` decimal(8,2) DEFAULT NULL,
  `is_broken` tinyint(1) DEFAULT '0',
  `is_incomplete` tinyint(1) DEFAULT '0',
  `is_borrowable` tinyint(1) DEFAULT '0',
  `needs_permission` tinyint(1) DEFAULT '0',
  `inventory_pool_id` int(11) NOT NULL,
  `is_inventory_relevant` tinyint(1) DEFAULT '0',
  `responsible` varchar(255) COLLATE utf8_unicode_ci DEFAULT NULL,
  `insurance_number` varchar(255) COLLATE utf8_unicode_ci DEFAULT NULL,
  `note` text COLLATE utf8_unicode_ci,
  `name` text COLLATE utf8_unicode_ci,
  `user_name` varchar(255) COLLATE utf8_unicode_ci DEFAULT NULL,
  `properties` text COLLATE utf8_unicode_ci,
  `created_at` datetime DEFAULT NULL,
  `updated_at` datetime DEFAULT NULL,
  `status_note` text COLLATE utf8_unicode_ci,
  PRIMARY KEY (`id`),
  UNIQUE KEY `index_items_on_inventory_code` (`inventory_code`),
  KEY `index_items_on_inventory_pool_id` (`inventory_pool_id`),
  KEY `index_items_on_retired` (`retired`),
  KEY `index_items_on_is_borrowable` (`is_borrowable`),
  KEY `index_items_on_is_broken` (`is_broken`),
  KEY `index_items_on_is_incomplete` (`is_incomplete`),
  KEY `index_items_on_location_id` (`location_id`),
  KEY `index_items_on_owner_id` (`owner_id`),
  KEY `index_items_on_parent_id_and_retired` (`parent_id`,`retired`),
  KEY `index_items_on_model_id_and_retired_and_inventory_pool_id` (`model_id`,`retired`,`inventory_pool_id`),
  KEY `items_supplier_id_fk` (`supplier_id`),
  CONSTRAINT `items_inventory_pool_id_fk` FOREIGN KEY (`inventory_pool_id`) REFERENCES `inventory_pools` (`id`),
  CONSTRAINT `items_location_id_fk` FOREIGN KEY (`location_id`) REFERENCES `locations` (`id`),
  CONSTRAINT `items_model_id_fk` FOREIGN KEY (`model_id`) REFERENCES `models` (`id`),
  CONSTRAINT `items_owner_id_fk` FOREIGN KEY (`owner_id`) REFERENCES `inventory_pools` (`id`),
  CONSTRAINT `items_parent_id_fk` FOREIGN KEY (`parent_id`) REFERENCES `items` (`id`) ON DELETE SET NULL,
  CONSTRAINT `items_supplier_id_fk` FOREIGN KEY (`supplier_id`) REFERENCES `suppliers` (`id`)
) ENGINE=InnoDB AUTO_INCREMENT=309 DEFAULT CHARSET=utf8 COLLATE=utf8_unicode_ci;
/*!40101 SET character_set_client = @saved_cs_client */;

--
-- Dumping data for table `items`
--

LOCK TABLES `items` WRITE;
/*!40000 ALTER TABLE `items` DISABLE KEYS */;
INSERT INTO `items` VALUES (1,'sbpg4iootf0q6cq1erz11','c9:65:b5:44:fd:fe-49:49:75:c0:0a:33-f7:89:56:40:a9:eb',24,NULL,1,1,NULL,NULL,'2013-10-04','2016-09-06',NULL,NULL,'802.00',0,0,1,0,1,1,NULL,NULL,NULL,NULL,NULL,'--- !ruby/hash:ActiveSupport::HashWithIndifferentAccess\nanschaffungskategorie: AV-Technik\nreference: invoice\numzug: zgeln\nankunftszustand: intakt\n','2016-09-06 12:59:19','2016-09-06 12:59:19',NULL),(2,'8sexrawd7if3du31omzw2','d3:7c:3e:4c:cf:52-35:0d:25:e7:06:45-15:40:d6:d7:5c:87',25,NULL,2,1,NULL,NULL,'2012-10-11','2016-09-06',NULL,NULL,'1407.00',0,0,1,0,1,1,NULL,NULL,NULL,NULL,NULL,'--- !ruby/hash:ActiveSupport::HashWithIndifferentAccess\nanschaffungskategorie: AV-Technik\nreference: invoice\numzug: zgeln\nankunftszustand: intakt\n','2016-09-06 12:59:19','2016-09-06 12:59:19',NULL),(3,'6aos6loa6hwnmhmlbtq83','e8:9d:07:09:1e:ff-33:4e:a9:72:90:de-75:a9:5e:5b:db:c4',26,NULL,3,1,NULL,NULL,'2013-06-28','2016-09-06',NULL,NULL,'1498.00',0,0,1,0,1,1,NULL,NULL,NULL,NULL,NULL,'--- !ruby/hash:ActiveSupport::HashWithIndifferentAccess\nanschaffungskategorie: AV-Technik\nreference: invoice\numzug: zgeln\nankunftszustand: intakt\n','2016-09-06 12:59:19','2016-09-06 12:59:19',NULL),(4,'ho8dmt8o0aa43y2nzgdv4','9b:8f:e2:7d:ab:e6-81:a9:60:d1:e4:cf-40:a1:cb:89:d3:1c',27,NULL,4,1,NULL,NULL,'2015-09-18','2016-09-06',NULL,NULL,'1327.00',0,0,1,0,1,1,NULL,NULL,NULL,NULL,NULL,'--- !ruby/hash:ActiveSupport::HashWithIndifferentAccess\nanschaffungskategorie: AV-Technik\nreference: invoice\numzug: zgeln\nankunftszustand: intakt\n','2016-09-06 12:59:19','2016-09-06 12:59:19',NULL),(5,'uz9mg5pj2i2rismqhg8l5','d3:9d:ee:af:50:84-e7:12:36:09:74:a2-1c:8b:32:b2:f8:d5',28,NULL,5,1,NULL,NULL,'2013-05-31','2016-09-06',NULL,NULL,'1434.00',0,0,1,0,1,1,NULL,NULL,NULL,NULL,NULL,'--- !ruby/hash:ActiveSupport::HashWithIndifferentAccess\nanschaffungskategorie: AV-Technik\nreference: invoice\numzug: zgeln\nankunftszustand: intakt\n','2016-09-06 12:59:19','2016-09-06 12:59:19',NULL),(6,'w5beuocmjkvg1cte2tj86','78:a9:89:bd:9b:00-ca:97:81:b6:8c:92-e7:46:01:06:93:78',29,NULL,6,1,NULL,NULL,'2011-06-16','2016-09-06',NULL,NULL,'509.00',0,0,1,0,1,1,NULL,NULL,NULL,NULL,NULL,'--- !ruby/hash:ActiveSupport::HashWithIndifferentAccess\nanschaffungskategorie: AV-Technik\nreference: invoice\numzug: zgeln\nankunftszustand: intakt\n','2016-09-06 12:59:19','2016-09-06 12:59:19',NULL),(7,'a4gqb2gcs25jkw0x67ix7','81:c5:39:9d:ae:34-81:af:03:47:0b:b4-29:1c:2f:e8:f7:12',30,NULL,7,1,NULL,NULL,'2014-09-05','2016-09-06',NULL,NULL,'1080.00',0,0,1,0,1,1,NULL,NULL,NULL,NULL,NULL,'--- !ruby/hash:ActiveSupport::HashWithIndifferentAccess\nanschaffungskategorie: AV-Technik\nreference: invoice\numzug: zgeln\nankunftszustand: intakt\n','2016-09-06 12:59:19','2016-09-06 12:59:19',NULL),(8,'g4e5yvfjajg2u8qw1y398','c8:18:b6:14:c6:35-ba:ab:6d:82:7d:29-55:68:a8:fe:8c:37',31,NULL,8,1,NULL,NULL,'2013-10-06','2016-09-06',NULL,NULL,'1303.00',0,0,1,0,1,1,NULL,NULL,NULL,NULL,NULL,'--- !ruby/hash:ActiveSupport::HashWithIndifferentAccess\nanschaffungskategorie: AV-Technik\nreference: invoice\numzug: zgeln\nankunftszustand: intakt\n','2016-09-06 12:59:19','2016-09-06 12:59:19',NULL),(9,'ylpelskmo5dhmrmi5vxd9','1f:57:6e:4c:a0:71-c4:44:53:5d:65:9e-11:e9:87:2e:0d:22',32,NULL,9,1,NULL,NULL,'2015-04-07','2016-09-06',NULL,NULL,'549.00',0,0,1,0,1,1,NULL,NULL,NULL,NULL,NULL,'--- !ruby/hash:ActiveSupport::HashWithIndifferentAccess\nanschaffungskategorie: AV-Technik\nreference: invoice\numzug: zgeln\nankunftszustand: intakt\n','2016-09-06 12:59:19','2016-09-06 12:59:19',NULL),(10,'i7aos43prfvkivdirb9s10','e9:0a:e8:76:66:0e-0a:c7:50:5c:22:d1-b3:61:09:52:65:2c',33,NULL,10,1,NULL,NULL,'2013-08-05','2016-09-06',NULL,NULL,'13.00',0,0,1,0,1,1,NULL,NULL,NULL,NULL,NULL,'--- !ruby/hash:ActiveSupport::HashWithIndifferentAccess\nanschaffungskategorie: AV-Technik\nreference: invoice\numzug: zgeln\nankunftszustand: intakt\n','2016-09-06 12:59:19','2016-09-06 12:59:19',NULL),(11,'5o1ftosvycdipajzf6x311','c0:a6:8d:c5:f3:1e-e7:87:0c:0f:14:2f-27:bc:65:11:44:bd',34,NULL,11,1,NULL,NULL,'2012-07-01','2016-09-06',NULL,NULL,'985.00',0,0,1,0,1,1,NULL,NULL,NULL,NULL,NULL,'--- !ruby/hash:ActiveSupport::HashWithIndifferentAccess\nanschaffungskategorie: AV-Technik\nreference: invoice\numzug: zgeln\nankunftszustand: intakt\n','2016-09-06 12:59:19','2016-09-06 12:59:19',NULL),(12,'r6ma0dhlz37lnder4kw412','dd:6c:a5:09:22:01-2c:ef:2c:74:bc:82-16:a4:f1:09:55:7b',35,NULL,12,1,NULL,NULL,'2014-02-12','2016-09-06',NULL,NULL,'1246.00',0,0,1,0,1,1,NULL,NULL,NULL,NULL,NULL,'--- !ruby/hash:ActiveSupport::HashWithIndifferentAccess\nanschaffungskategorie: AV-Technik\nreference: invoice\numzug: zgeln\nankunftszustand: intakt\n','2016-09-06 12:59:19','2016-09-06 12:59:19',NULL),(13,'pj6xazfix91dacsxg1gb13','d3:3b:20:76:4a:e3-54:55:7a:b1:a5:3e-d1:f8:67:d9:dc:37',36,NULL,13,1,NULL,NULL,'2011-09-19','2016-09-06',NULL,NULL,'686.00',0,0,1,0,1,1,NULL,NULL,NULL,NULL,NULL,'--- !ruby/hash:ActiveSupport::HashWithIndifferentAccess\nanschaffungskategorie: AV-Technik\nreference: invoice\numzug: zgeln\nankunftszustand: intakt\n','2016-09-06 12:59:19','2016-09-06 12:59:19',NULL),(14,'3qm0xk69nks3sldvppxr14','65:a1:b3:18:1e:75-28:3d:4d:5f:43:14-c9:e2:b8:f8:4f:97',37,NULL,14,1,NULL,NULL,'2014-01-29','2016-09-06',NULL,NULL,'258.00',0,0,1,0,1,1,NULL,NULL,NULL,NULL,NULL,'--- !ruby/hash:ActiveSupport::HashWithIndifferentAccess\nanschaffungskategorie: AV-Technik\nreference: invoice\numzug: zgeln\nankunftszustand: intakt\n','2016-09-06 12:59:19','2016-09-06 12:59:19',NULL),(15,'u3fcqr3nbvxxlb8rauhc15','3f:5f:6f:5f:94:90-0e:5e:b1:c4:e4:52-93:65:48:b1:e4:9c',38,NULL,15,1,NULL,NULL,'2015-05-23','2016-09-06',NULL,NULL,'384.00',0,0,1,0,1,1,NULL,NULL,NULL,NULL,NULL,'--- !ruby/hash:ActiveSupport::HashWithIndifferentAccess\nanschaffungskategorie: AV-Technik\nreference: invoice\numzug: zgeln\nankunftszustand: intakt\n','2016-09-06 12:59:19','2016-09-06 12:59:19',NULL),(16,'gtx0gsplxkq78bcxgckv16','e1:a5:ee:1b:a0:53-5e:52:42:88:a5:da-0a:6c:9a:09:b2:ce',39,NULL,16,1,NULL,NULL,'2015-03-25','2016-09-06',NULL,NULL,'143.00',0,0,1,0,1,1,NULL,NULL,NULL,NULL,NULL,'--- !ruby/hash:ActiveSupport::HashWithIndifferentAccess\nanschaffungskategorie: AV-Technik\nreference: invoice\numzug: zgeln\nankunftszustand: intakt\n','2016-09-06 12:59:19','2016-09-06 12:59:19',NULL),(17,'q26c25pdosgwbos81bgj17','57:d8:15:9b:de:66-24:d1:cb:df:68:a5-11:bc:65:43:d2:98',40,NULL,17,1,NULL,NULL,'2011-03-27','2016-09-06',NULL,NULL,'296.00',0,0,1,0,1,1,NULL,NULL,NULL,NULL,NULL,'--- !ruby/hash:ActiveSupport::HashWithIndifferentAccess\nanschaffungskategorie: AV-Technik\nreference: invoice\numzug: zgeln\nankunftszustand: intakt\n','2016-09-06 12:59:19','2016-09-06 12:59:19',NULL),(18,'wmfd5yzb6002uei83dfr18','43:1f:27:a7:8e:a1-d3:7f:bf:64:43:0a-12:82:84:f5:43:2a',41,NULL,18,1,NULL,NULL,'2015-09-12','2016-09-06',NULL,NULL,'735.00',0,0,1,0,1,1,NULL,NULL,NULL,NULL,NULL,'--- !ruby/hash:ActiveSupport::HashWithIndifferentAccess\nanschaffungskategorie: AV-Technik\nreference: invoice\numzug: zgeln\nankunftszustand: intakt\n','2016-09-06 12:59:19','2016-09-06 12:59:19',NULL),(19,'uy0q2x6eow67px2dkq6319','ef:1a:0a:8c:75:e1-1c:8e:b7:ca:6f:82-79:af:eb:d3:35:0b',42,NULL,19,1,NULL,NULL,'2015-04-25','2016-09-06',NULL,NULL,'92.00',0,0,1,0,1,1,NULL,NULL,NULL,NULL,NULL,'--- !ruby/hash:ActiveSupport::HashWithIndifferentAccess\nanschaffungskategorie: AV-Technik\nreference: invoice\numzug: zgeln\nankunftszustand: intakt\n','2016-09-06 12:59:19','2016-09-06 12:59:19',NULL),(20,'opbv6at9ehpni0y79mhu20','c5:9b:4d:03:79:d9-6f:09:f1:e9:6e:11-2d:f1:9f:aa:cf:20',43,NULL,20,1,NULL,NULL,'2014-03-30','2016-09-06',NULL,NULL,'695.00',0,0,1,0,1,1,NULL,NULL,NULL,NULL,NULL,'--- !ruby/hash:ActiveSupport::HashWithIndifferentAccess\nanschaffungskategorie: AV-Technik\nreference: invoice\numzug: zgeln\nankunftszustand: intakt\n','2016-09-06 12:59:19','2016-09-06 12:59:19',NULL),(21,'j8dc8x0dgmtnyf9ar9cz21','5b:32:ff:08:f8:7e-13:62:15:e5:d7:c2-6a:f4:e9:7f:c7:61',44,NULL,21,1,NULL,NULL,'2012-09-23','2016-09-06',NULL,NULL,'1097.00',0,0,1,0,1,1,NULL,NULL,NULL,NULL,NULL,'--- !ruby/hash:ActiveSupport::HashWithIndifferentAccess\nanschaffungskategorie: AV-Technik\nreference: invoice\numzug: zgeln\nankunftszustand: intakt\n','2016-09-06 12:59:19','2016-09-06 12:59:19',NULL),(22,'qnw714s58mwfwfjwv79x22','31:30:21:98:43:61-f6:92:c8:85:d8:4a-89:e3:f2:f4:f8:05',45,NULL,22,1,NULL,NULL,'2014-12-01','2016-09-06',NULL,NULL,'71.00',0,0,1,0,1,1,NULL,NULL,NULL,NULL,NULL,'--- !ruby/hash:ActiveSupport::HashWithIndifferentAccess\nanschaffungskategorie: AV-Technik\nreference: invoice\numzug: zgeln\nankunftszustand: intakt\n','2016-09-06 12:59:19','2016-09-06 12:59:19',NULL),(23,'wvb69e9dtbjyxnk57qm923','7f:76:73:57:75:2f-48:23:fc:4a:81:46-2b:c8:01:d4:98:3e',46,NULL,23,1,NULL,NULL,'2014-09-18','2016-09-06',NULL,NULL,'701.00',0,0,1,0,1,1,NULL,NULL,NULL,NULL,NULL,'--- !ruby/hash:ActiveSupport::HashWithIndifferentAccess\nanschaffungskategorie: AV-Technik\nreference: invoice\numzug: zgeln\nankunftszustand: intakt\n','2016-09-06 12:59:19','2016-09-06 12:59:19',NULL),(24,'9vchg53b1ijeo8v8h76b24','d9:00:81:6a:93:0a-0b:65:36:1a:51:0f-ab:e7:06:66:34:15',47,NULL,24,1,NULL,NULL,'2013-10-16','2016-09-06',NULL,NULL,'122.00',0,0,1,0,1,1,NULL,NULL,NULL,NULL,NULL,'--- !ruby/hash:ActiveSupport::HashWithIndifferentAccess\nanschaffungskategorie: AV-Technik\nreference: invoice\numzug: zgeln\nankunftszustand: intakt\n','2016-09-06 12:59:19','2016-09-06 12:59:19',NULL),(25,'nmd4h9tkrf594k3kxmi825','d9:1f:b2:fc:f1:5a-8e:58:46:60:ef:ba-57:9b:d0:dc:ac:ea',48,NULL,25,1,NULL,NULL,'2013-04-08','2016-09-06',NULL,NULL,'257.00',0,0,1,0,1,1,NULL,NULL,NULL,NULL,NULL,'--- !ruby/hash:ActiveSupport::HashWithIndifferentAccess\nanschaffungskategorie: AV-Technik\nreference: invoice\numzug: zgeln\nankunftszustand: intakt\n','2016-09-06 12:59:19','2016-09-06 12:59:19',NULL),(26,'pp47bh7yqsvob2ttzzb026','96:10:7a:31:1f:6e-ab:c4:0f:32:7d:b6-e3:46:12:7a:7b:59',49,NULL,26,1,NULL,NULL,'2011-09-07','2016-09-06',NULL,NULL,'1336.00',0,0,1,0,1,1,NULL,NULL,NULL,NULL,NULL,'--- !ruby/hash:ActiveSupport::HashWithIndifferentAccess\nanschaffungskategorie: AV-Technik\nreference: invoice\numzug: zgeln\nankunftszustand: intakt\n','2016-09-06 12:59:19','2016-09-06 12:59:19',NULL),(27,'d1xqhfzwumydy3woabm027','8b:6f:4f:d6:05:72-72:01:99:c0:70:fe-a3:65:1d:25:2c:95',50,NULL,27,1,NULL,NULL,'2015-04-14','2016-09-06',NULL,NULL,'908.00',0,0,1,0,1,1,NULL,NULL,NULL,NULL,NULL,'--- !ruby/hash:ActiveSupport::HashWithIndifferentAccess\nanschaffungskategorie: AV-Technik\nreference: invoice\numzug: zgeln\nankunftszustand: intakt\n','2016-09-06 12:59:19','2016-09-06 12:59:19',NULL),(28,'kcpgvks6008ey2a8jeor28','89:b0:f2:41:ea:3a-74:5b:c0:12:54:94-0d:32:75:3c:a5:a8',51,NULL,28,1,NULL,NULL,'2015-05-09','2016-09-06',NULL,NULL,'952.00',0,0,1,0,1,1,NULL,NULL,NULL,NULL,NULL,'--- !ruby/hash:ActiveSupport::HashWithIndifferentAccess\nanschaffungskategorie: AV-Technik\nreference: invoice\numzug: zgeln\nankunftszustand: intakt\n','2016-09-06 12:59:19','2016-09-06 12:59:19',NULL),(29,'nfxu999t8ucuel3eietr29','d0:8f:e8:18:44:3a-6a:ea:29:a3:fa:9c-84:55:24:b4:e5:e2',52,NULL,29,1,NULL,NULL,'2014-06-29','2016-09-06',NULL,NULL,'129.00',0,0,1,0,1,1,NULL,NULL,NULL,NULL,NULL,'--- !ruby/hash:ActiveSupport::HashWithIndifferentAccess\nanschaffungskategorie: AV-Technik\nreference: invoice\numzug: zgeln\nankunftszustand: intakt\n','2016-09-06 12:59:19','2016-09-06 12:59:19',NULL),(30,'a7hp2naxtgvfb1nmjj0i30','25:65:97:38:61:1c-18:51:ab:b8:db:23-34:7c:42:2e:c3:ad',53,NULL,30,1,NULL,NULL,'2013-06-04','2016-09-06',NULL,NULL,'974.00',0,0,1,0,1,1,NULL,NULL,NULL,NULL,NULL,'--- !ruby/hash:ActiveSupport::HashWithIndifferentAccess\nanschaffungskategorie: AV-Technik\nreference: invoice\numzug: zgeln\nankunftszustand: intakt\n','2016-09-06 12:59:19','2016-09-06 12:59:19',NULL),(31,'0al57bskwfzi1bkx7ka631','2f:2e:1c:27:5a:b0-c8:1f:03:a5:ca:5d-a8:7f:ce:bb:44:3e',54,NULL,31,1,NULL,NULL,'2013-03-02','2016-09-06',NULL,NULL,'1112.00',0,0,1,0,1,1,NULL,NULL,NULL,NULL,NULL,'--- !ruby/hash:ActiveSupport::HashWithIndifferentAccess\nanschaffungskategorie: AV-Technik\nreference: invoice\numzug: zgeln\nankunftszustand: intakt\n','2016-09-06 12:59:19','2016-09-06 12:59:19',NULL),(32,'fd4uglw26i91jeo9hjpr32','5c:d7:2d:dd:bd:7d-33:f0:85:ef:41:1e-68:fd:6e:65:ec:2f',55,NULL,32,1,NULL,NULL,'2013-09-09','2016-09-06',NULL,NULL,'1182.00',0,0,1,0,1,1,NULL,NULL,NULL,NULL,NULL,'--- !ruby/hash:ActiveSupport::HashWithIndifferentAccess\nanschaffungskategorie: AV-Technik\nreference: invoice\numzug: zgeln\nankunftszustand: intakt\n','2016-09-06 12:59:19','2016-09-06 12:59:19',NULL),(33,'masoj20nrg2ee1wxse2e33','87:90:e4:a3:fb:56-08:d0:de:8e:3f:a2-14:4b:d6:f5:28:43',56,NULL,33,1,NULL,NULL,'2013-07-24','2016-09-06',NULL,NULL,'332.00',0,0,1,0,1,1,NULL,NULL,NULL,NULL,NULL,'--- !ruby/hash:ActiveSupport::HashWithIndifferentAccess\nanschaffungskategorie: AV-Technik\nreference: invoice\numzug: zgeln\nankunftszustand: intakt\n','2016-09-06 12:59:19','2016-09-06 12:59:19',NULL),(34,'uywwi04akx0bszqnbr6134','e6:a1:79:e3:3d:3b-5b:cb:0a:be:49:ec-e0:ed:29:20:c0:e7',57,NULL,34,1,NULL,NULL,'2014-10-30','2016-09-06',NULL,NULL,'1044.00',0,0,1,0,1,1,NULL,NULL,NULL,NULL,NULL,'--- !ruby/hash:ActiveSupport::HashWithIndifferentAccess\nanschaffungskategorie: AV-Technik\nreference: invoice\numzug: zgeln\nankunftszustand: intakt\n','2016-09-06 12:59:19','2016-09-06 12:59:19',NULL),(35,'aqg774qxmrfudul6micp35','37:e3:f8:c8:06:1f-76:bb:9d:13:55:61-7b:f1:91:3f:91:ef',58,NULL,35,1,NULL,NULL,'2015-09-07','2016-09-06',NULL,NULL,'1275.00',0,0,1,0,1,1,NULL,NULL,NULL,NULL,NULL,'--- !ruby/hash:ActiveSupport::HashWithIndifferentAccess\nanschaffungskategorie: AV-Technik\nreference: invoice\numzug: zgeln\nankunftszustand: intakt\n','2016-09-06 12:59:19','2016-09-06 12:59:19',NULL),(36,'i9jv8a3rn0kq9kv38e5336','36:a3:b1:ac:77:fa-26:08:71:5d:f4:8a-33:c6:80:88:54:70',59,NULL,36,1,NULL,NULL,'2013-05-16','2016-09-06',NULL,NULL,'1476.00',0,0,1,0,1,1,NULL,NULL,NULL,NULL,NULL,'--- !ruby/hash:ActiveSupport::HashWithIndifferentAccess\nanschaffungskategorie: AV-Technik\nreference: invoice\numzug: zgeln\nankunftszustand: intakt\n','2016-09-06 12:59:19','2016-09-06 12:59:19',NULL),(37,'s5hhjszu5dxe1497slft37','61:74:f6:87:1e:f8-ac:e3:48:e3:79:e0-06:8f:35:6c:d7:22',60,NULL,37,1,NULL,NULL,'2015-07-03','2016-09-06',NULL,NULL,'383.00',0,0,1,0,1,1,NULL,NULL,NULL,NULL,NULL,'--- !ruby/hash:ActiveSupport::HashWithIndifferentAccess\nanschaffungskategorie: AV-Technik\nreference: invoice\numzug: zgeln\nankunftszustand: intakt\n','2016-09-06 12:59:19','2016-09-06 12:59:19',NULL),(38,'up0bzhavz7aqt4uysymr38','5d:ea:aa:75:b8:3e-ab:14:8c:6c:f8:24-28:1e:2b:99:10:cc',61,NULL,38,1,NULL,NULL,'2012-02-21','2016-09-06',NULL,NULL,'721.00',0,0,1,0,1,1,NULL,NULL,NULL,NULL,NULL,'--- !ruby/hash:ActiveSupport::HashWithIndifferentAccess\nanschaffungskategorie: AV-Technik\nreference: invoice\numzug: zgeln\nankunftszustand: intakt\n','2016-09-06 12:59:19','2016-09-06 12:59:19',NULL),(39,'5gly8bszm3r99vwhaq9n39','23:8c:fe:6c:43:25-29:11:4a:a8:6c:52-15:24:2c:5e:a2:ad',62,NULL,39,1,NULL,NULL,'2014-04-21','2016-09-06',NULL,NULL,'895.00',0,0,1,0,1,1,NULL,NULL,NULL,NULL,NULL,'--- !ruby/hash:ActiveSupport::HashWithIndifferentAccess\nanschaffungskategorie: AV-Technik\nreference: invoice\numzug: zgeln\nankunftszustand: intakt\n','2016-09-06 12:59:19','2016-09-06 12:59:19',NULL),(40,'yjblndr6sigor3sgw1bk40','9d:21:d6:0c:c7:a2-f0:3b:f8:af:40:9c-19:d8:ef:70:c6:a4',63,NULL,40,1,NULL,NULL,'2015-11-07','2016-09-06',NULL,NULL,'597.00',0,0,1,0,1,1,NULL,NULL,NULL,NULL,NULL,'--- !ruby/hash:ActiveSupport::HashWithIndifferentAccess\nanschaffungskategorie: AV-Technik\nreference: invoice\numzug: zgeln\nankunftszustand: intakt\n','2016-09-06 12:59:19','2016-09-06 12:59:19',NULL),(41,'th2v4im7jjtpuctfyji741','d7:8a:44:0d:e9:89-73:c7:63:d9:0e:34-b7:e5:9e:cc:49:c7',64,NULL,41,1,NULL,NULL,'2011-05-27','2016-09-06',NULL,NULL,'1349.00',0,0,1,0,1,1,NULL,NULL,NULL,NULL,NULL,'--- !ruby/hash:ActiveSupport::HashWithIndifferentAccess\nanschaffungskategorie: AV-Technik\nreference: invoice\numzug: zgeln\nankunftszustand: intakt\n','2016-09-06 12:59:19','2016-09-06 12:59:19',NULL),(42,'k1hxsukpfr19aygeeorr42','b0:76:84:5b:a6:f2-ff:7c:86:34:e8:3d-d9:6e:79:30:f1:b6',65,NULL,42,1,NULL,NULL,'2014-01-22','2016-09-06',NULL,NULL,'1151.00',0,0,1,0,1,1,NULL,NULL,NULL,NULL,NULL,'--- !ruby/hash:ActiveSupport::HashWithIndifferentAccess\nanschaffungskategorie: AV-Technik\nreference: invoice\numzug: zgeln\nankunftszustand: intakt\n','2016-09-06 12:59:19','2016-09-06 12:59:19',NULL),(43,'8g1lyb9erlh9eimekdaw43','8d:2c:81:98:5a:8f-8a:5c:e3:55:c7:e4-b5:1e:65:61:fe:ec',66,NULL,43,1,NULL,NULL,'2015-02-21','2016-09-06',NULL,NULL,'356.00',0,0,1,0,1,1,NULL,NULL,NULL,NULL,NULL,'--- !ruby/hash:ActiveSupport::HashWithIndifferentAccess\nanschaffungskategorie: AV-Technik\nreference: invoice\numzug: zgeln\nankunftszustand: intakt\n','2016-09-06 12:59:19','2016-09-06 12:59:19',NULL),(44,'nvnwuj4stov8rv1hwulg44','05:06:dc:f9:0e:5c-08:cd:57:39:60:74-00:07:2c:27:82:8b',67,NULL,44,1,NULL,NULL,'2015-06-06','2016-09-06',NULL,NULL,'793.00',0,0,1,0,1,1,NULL,NULL,NULL,NULL,NULL,'--- !ruby/hash:ActiveSupport::HashWithIndifferentAccess\nanschaffungskategorie: AV-Technik\nreference: invoice\numzug: zgeln\nankunftszustand: intakt\n','2016-09-06 12:59:19','2016-09-06 12:59:19',NULL),(45,'edqndiiuv2ovrvvws7la45','39:15:38:61:52:3e-06:2a:5a:75:44:a7-2f:ca:d1:04:23:c5',68,NULL,45,1,NULL,NULL,'2014-06-12','2016-09-06',NULL,NULL,'444.00',0,0,1,0,1,1,NULL,NULL,NULL,NULL,NULL,'--- !ruby/hash:ActiveSupport::HashWithIndifferentAccess\nanschaffungskategorie: AV-Technik\nreference: invoice\numzug: zgeln\nankunftszustand: intakt\n','2016-09-06 12:59:19','2016-09-06 12:59:19',NULL),(46,'axa8pwyc46dvzsyybc8046','6f:9f:52:91:2a:8b-f7:a9:05:df:23:81-a9:59:9a:bc:e0:e9',69,NULL,46,1,NULL,NULL,'2015-12-24','2016-09-06',NULL,NULL,'67.00',0,0,1,0,1,1,NULL,NULL,NULL,NULL,NULL,'--- !ruby/hash:ActiveSupport::HashWithIndifferentAccess\nanschaffungskategorie: AV-Technik\nreference: invoice\numzug: zgeln\nankunftszustand: intakt\n','2016-09-06 12:59:19','2016-09-06 12:59:19',NULL),(47,'uxzimqhsb8cjvonu8vbx47','48:4e:c6:a2:2c:53-cf:21:82:59:be:17-93:13:18:11:46:4b',70,NULL,47,1,NULL,NULL,'2013-01-06','2016-09-06',NULL,NULL,'695.00',0,0,1,0,1,1,NULL,NULL,NULL,NULL,NULL,'--- !ruby/hash:ActiveSupport::HashWithIndifferentAccess\nanschaffungskategorie: AV-Technik\nreference: invoice\numzug: zgeln\nankunftszustand: intakt\n','2016-09-06 12:59:19','2016-09-06 12:59:19',NULL),(48,'ojh3p27zrlid7rx5ib9x48','d2:1b:4e:2d:cc:45-83:7f:07:58:95:0d-fc:97:62:38:a6:6f',71,NULL,48,1,NULL,NULL,'2014-02-04','2016-09-06',NULL,NULL,'684.00',0,0,1,0,1,1,NULL,NULL,NULL,NULL,NULL,'--- !ruby/hash:ActiveSupport::HashWithIndifferentAccess\nanschaffungskategorie: AV-Technik\nreference: invoice\numzug: zgeln\nankunftszustand: intakt\n','2016-09-06 12:59:19','2016-09-06 12:59:19',NULL),(49,'h0mo903j7inpyeu1ylc949','aa:ff:d6:3d:12:e4-7b:ed:5c:a3:c7:13-42:c2:7b:17:0d:eb',72,NULL,49,1,NULL,NULL,'2011-06-12','2016-09-06',NULL,NULL,'991.00',0,0,1,0,1,1,NULL,NULL,NULL,NULL,NULL,'--- !ruby/hash:ActiveSupport::HashWithIndifferentAccess\nanschaffungskategorie: AV-Technik\nreference: invoice\numzug: zgeln\nankunftszustand: intakt\n','2016-09-06 12:59:19','2016-09-06 12:59:19',NULL),(50,'1o367hoqea8zw6t8dlnu50','92:67:7d:ec:37:eb-18:7b:8d:89:17:cb-d0:0b:40:f8:a3:98',73,NULL,50,1,NULL,NULL,'2012-01-08','2016-09-06',NULL,NULL,'1284.00',0,0,1,0,1,1,NULL,NULL,NULL,NULL,NULL,'--- !ruby/hash:ActiveSupport::HashWithIndifferentAccess\nanschaffungskategorie: AV-Technik\nreference: invoice\numzug: zgeln\nankunftszustand: intakt\n','2016-09-06 12:59:19','2016-09-06 12:59:19',NULL),(51,'book1','book1',1,1,51,2,NULL,NULL,'2011-07-13','2016-09-06',NULL,NULL,'1043.00',0,0,1,0,2,1,NULL,NULL,NULL,NULL,NULL,'--- !ruby/hash:ActiveSupport::HashWithIndifferentAccess\nanschaffungskategorie: AV-Technik\nreference: invoice\numzug: zgeln\nankunftszustand: intakt\n','2016-09-06 12:59:19','2016-09-06 12:59:19',NULL),(52,'book2','book2',1,1,52,2,NULL,NULL,'2013-06-12','2016-09-06',NULL,NULL,'652.00',0,0,1,0,2,1,NULL,NULL,NULL,NULL,NULL,'--- !ruby/hash:ActiveSupport::HashWithIndifferentAccess\nanschaffungskategorie: AV-Technik\nreference: invoice\numzug: zgeln\nankunftszustand: intakt\n','2016-09-06 12:59:19','2016-09-06 12:59:19',NULL),(53,'beam123','xyz456',2,1,53,1,NULL,NULL,'2013-03-01','2016-09-06',NULL,NULL,'1330.00',0,0,1,0,1,1,NULL,NULL,NULL,NULL,NULL,'--- !ruby/hash:ActiveSupport::HashWithIndifferentAccess\nanschaffungskategorie: AV-Technik\nreference: invoice\numzug: zgeln\nankunftszustand: intakt\n','2016-09-06 12:59:19','2016-09-06 12:59:19',NULL),(54,'beam345','xyz890',2,1,54,1,NULL,NULL,'2012-08-30','2016-09-06',NULL,NULL,'258.00',0,0,1,0,1,1,NULL,NULL,NULL,NULL,NULL,'--- !ruby/hash:ActiveSupport::HashWithIndifferentAccess\nanschaffungskategorie: AV-Technik\nreference: invoice\numzug: zgeln\nankunftszustand: intakt\n','2016-09-06 12:59:19','2016-09-06 12:59:19',NULL),(55,'beam678','xyz678',3,1,55,1,NULL,NULL,'2011-07-29','2016-09-06',NULL,NULL,'99.00',0,0,1,0,1,1,NULL,NULL,NULL,NULL,NULL,'--- !ruby/hash:ActiveSupport::HashWithIndifferentAccess\nanschaffungskategorie: AV-Technik\nreference: invoice\numzug: zgeln\nankunftszustand: intakt\n','2016-09-06 12:59:19','2016-09-06 12:59:19',NULL),(56,'beam749','xyz749',2,1,56,1,NULL,NULL,'2013-09-29','2016-09-06',NULL,NULL,'1339.00',0,0,1,0,2,1,NULL,NULL,NULL,NULL,NULL,'--- !ruby/hash:ActiveSupport::HashWithIndifferentAccess\nanschaffungskategorie: AV-Technik\nreference: invoice\numzug: zgeln\nankunftszustand: intakt\n','2016-09-06 12:59:19','2016-09-06 12:59:19',NULL),(57,'beamTest123','xyz74912',5,1,57,1,NULL,NULL,'2014-05-15','2016-09-06',NULL,NULL,'463.00',0,0,1,0,1,1,NULL,NULL,NULL,NULL,NULL,'--- !ruby/hash:ActiveSupport::HashWithIndifferentAccess\nanschaffungskategorie: AV-Technik\nreference: invoice\numzug: zgeln\nankunftszustand: intakt\n','2016-09-06 12:59:19','2016-09-06 12:59:19',NULL),(58,'ucbeam1','minbeam1',6,1,58,1,NULL,NULL,'2014-06-30','2016-09-06',NULL,NULL,'14.00',0,0,1,0,1,1,NULL,NULL,NULL,'ucbeam1',NULL,'--- !ruby/hash:ActiveSupport::HashWithIndifferentAccess\nanschaffungskategorie: AV-Technik\nreference: invoice\numzug: zgeln\nankunftszustand: intakt\n','2016-09-06 12:59:19','2016-09-06 12:59:19',NULL),(59,'microbeam1','microbeam1',7,1,59,1,NULL,NULL,'2011-02-28','2016-09-06',NULL,NULL,'207.00',0,0,1,0,1,1,NULL,NULL,NULL,'microbeam1',NULL,'--- !ruby/hash:ActiveSupport::HashWithIndifferentAccess\nanschaffungskategorie: AV-Technik\nreference: invoice\numzug: zgeln\nankunftszustand: intakt\n','2016-09-06 12:59:19','2016-09-06 12:59:19',NULL),(60,'cam123','abc234',8,1,60,1,NULL,NULL,'2011-08-29','2016-09-06',NULL,NULL,'1164.00',0,0,1,0,1,1,NULL,NULL,NULL,NULL,NULL,'--- !ruby/hash:ActiveSupport::HashWithIndifferentAccess\nanschaffungskategorie: AV-Technik\nreference: invoice\numzug: zgeln\nankunftszustand: intakt\n','2016-09-06 12:59:19','2016-09-06 12:59:19',NULL),(61,'cam345','ab567',8,1,61,1,NULL,NULL,'2015-02-21','2016-09-06',NULL,NULL,'208.00',0,0,1,0,1,1,NULL,NULL,NULL,NULL,NULL,'--- !ruby/hash:ActiveSupport::HashWithIndifferentAccess\nanschaffungskategorie: AV-Technik\nreference: invoice\numzug: zgeln\nankunftszustand: intakt\n','2016-09-06 12:59:19','2016-09-06 12:59:19',NULL),(62,'cam567','ab789',8,1,62,1,NULL,NULL,'2011-01-19','2016-09-06',NULL,NULL,'1328.00',0,0,1,0,1,1,NULL,NULL,NULL,NULL,NULL,'--- !ruby/hash:ActiveSupport::HashWithIndifferentAccess\nanschaffungskategorie: AV-Technik\nreference: invoice\numzug: zgeln\nankunftszustand: intakt\n','2016-09-06 12:59:19','2016-09-06 12:59:19',NULL),(63,'cam53267','ab782129',8,1,63,1,NULL,NULL,'2014-07-30','2016-09-06',NULL,NULL,'995.00',0,0,1,0,1,1,NULL,NULL,NULL,NULL,NULL,'--- !ruby/hash:ActiveSupport::HashWithIndifferentAccess\nanschaffungskategorie: AV-Technik\nreference: invoice\numzug: zgeln\nankunftszustand: intakt\n','2016-09-06 12:59:19','2016-09-06 12:59:19',NULL),(64,'cam532asd67','ab78as2129',8,1,64,1,NULL,NULL,'2013-03-01','2016-09-06',NULL,NULL,'392.00',0,0,1,0,1,1,NULL,NULL,NULL,NULL,NULL,'--- !ruby/hash:ActiveSupport::HashWithIndifferentAccess\nanschaffungskategorie: AV-Technik\nreference: invoice\numzug: zgeln\nankunftszustand: intakt\n','2016-09-06 12:59:19','2016-09-06 12:59:19',NULL),(65,'tri789','fgh567',9,1,65,1,NULL,NULL,'2012-12-24','2016-09-06',NULL,NULL,'1398.00',0,0,1,0,1,1,NULL,NULL,NULL,NULL,NULL,'--- !ruby/hash:ActiveSupport::HashWithIndifferentAccess\nanschaffungskategorie: AV-Technik\nreference: invoice\numzug: zgeln\nankunftszustand: intakt\n','2016-09-06 12:59:19','2016-09-06 12:59:19',NULL),(66,'tri123','fgh987',9,1,66,1,NULL,NULL,'2011-04-24','2016-09-06',NULL,NULL,'119.00',0,0,1,0,1,1,NULL,NULL,NULL,NULL,NULL,'--- !ruby/hash:ActiveSupport::HashWithIndifferentAccess\nanschaffungskategorie: AV-Technik\nreference: invoice\numzug: zgeln\nankunftszustand: intakt\n','2016-09-06 12:59:19','2016-09-06 12:59:19',NULL),(67,'tri923','asd213',9,1,67,1,NULL,NULL,'2015-07-30','2016-09-06',NULL,NULL,'821.00',0,0,1,0,1,1,NULL,NULL,NULL,NULL,NULL,'--- !ruby/hash:ActiveSupport::HashWithIndifferentAccess\nanschaffungskategorie: AV-Technik\nreference: invoice\numzug: zgeln\nankunftszustand: intakt\n','2016-09-06 12:59:19','2016-09-06 12:59:19',NULL),(68,'tri212','tri212',9,1,68,1,NULL,NULL,'2014-03-18','2016-09-06',NULL,NULL,'742.00',0,0,1,0,1,1,NULL,NULL,NULL,NULL,NULL,'--- !ruby/hash:ActiveSupport::HashWithIndifferentAccess\nanschaffungskategorie: AV-Technik\nreference: invoice\numzug: zgeln\nankunftszustand: intakt\n','2016-09-06 12:59:19','2016-09-06 12:59:19',NULL),(69,'hifi123','hifi123',10,1,69,1,NULL,NULL,'2014-10-12','2016-09-06',NULL,NULL,'79.00',0,0,1,0,1,1,NULL,NULL,NULL,NULL,NULL,'--- !ruby/hash:ActiveSupport::HashWithIndifferentAccess\nanschaffungskategorie: AV-Technik\nreference: invoice\numzug: zgeln\nankunftszustand: intakt\n','2016-09-06 12:59:19','2016-09-06 12:59:19',NULL),(70,'bose123','bose123',12,1,70,1,NULL,NULL,'2015-11-09','2016-09-06',NULL,NULL,'509.00',0,0,1,0,1,1,NULL,NULL,NULL,NULL,NULL,'--- !ruby/hash:ActiveSupport::HashWithIndifferentAccess\nanschaffungskategorie: AV-Technik\nreference: invoice\numzug: zgeln\nankunftszustand: intakt\n','2016-09-06 12:59:19','2016-09-06 12:59:19',NULL),(71,'cand5','cand5',8,1,71,1,NULL,NULL,'2013-10-23','2016-09-06',NULL,NULL,'1191.00',0,0,0,0,1,1,NULL,NULL,NULL,NULL,NULL,'--- !ruby/hash:ActiveSupport::HashWithIndifferentAccess\nanschaffungskategorie: AV-Technik\nreference: invoice\numzug: zgeln\nankunftszustand: intakt\n','2016-09-06 12:59:19','2016-09-06 12:59:19',NULL),(72,'beam21231','beamas12312',2,1,72,1,NULL,NULL,'2015-04-24','2016-09-06',NULL,NULL,'286.00',0,0,0,0,1,1,NULL,NULL,NULL,NULL,NULL,'--- !ruby/hash:ActiveSupport::HashWithIndifferentAccess\nanschaffungskategorie: AV-Technik\nreference: invoice\numzug: zgeln\nankunftszustand: intakt\n','2016-09-06 12:59:19','2016-09-06 12:59:19',NULL),(73,'hifi345','hifi345',10,1,73,1,NULL,NULL,'2014-05-07','2016-09-06',NULL,NULL,'876.00',0,0,0,0,1,1,NULL,NULL,NULL,NULL,NULL,'--- !ruby/hash:ActiveSupport::HashWithIndifferentAccess\nanschaffungskategorie: AV-Technik\nreference: invoice\numzug: zgeln\nankunftszustand: intakt\n','2016-09-06 12:59:19','2016-09-06 12:59:19',NULL),(74,'wlaptop1','wlaptop1',14,1,74,1,NULL,NULL,'2013-05-07','2016-09-06',NULL,NULL,'1317.00',1,0,1,0,1,1,NULL,NULL,NULL,NULL,NULL,'--- !ruby/hash:ActiveSupport::HashWithIndifferentAccess\nanschaffungskategorie: AV-Technik\nreference: invoice\numzug: zgeln\nankunftszustand: intakt\n','2016-09-06 12:59:19','2016-09-06 12:59:19',NULL),(75,'v120d02','v120d02',15,1,75,1,NULL,NULL,'2011-04-03','2016-09-06',NULL,NULL,'572.00',0,1,1,0,1,1,NULL,NULL,NULL,NULL,NULL,'--- !ruby/hash:ActiveSupport::HashWithIndifferentAccess\nanschaffungskategorie: AV-Technik\nreference: invoice\numzug: zgeln\nankunftszustand: intakt\n','2016-09-06 12:59:19','2016-09-06 12:59:19',NULL),(76,'v120d11','v120d11',15,NULL,76,1,NULL,NULL,'2014-08-24','2016-09-06','2016-09-06','Numquam sint et earum reprehenderit iste.','89.00',1,1,0,0,1,1,NULL,NULL,NULL,NULL,NULL,'--- !ruby/hash:ActiveSupport::HashWithIndifferentAccess\nanschaffungskategorie: AV-Technik\nreference: invoice\numzug: zgeln\nankunftszustand: intakt\n','2016-09-06 12:59:19','2016-09-06 12:59:19',NULL),(77,'v120d022g','v120d022g',16,1,77,1,NULL,NULL,'2015-12-08','2016-09-06',NULL,NULL,'858.00',0,0,1,0,1,1,NULL,NULL,NULL,NULL,NULL,'--- !ruby/hash:ActiveSupport::HashWithIndifferentAccess\nanschaffungskategorie: AV-Technik\nreference: invoice\numzug: zgeln\nankunftszustand: intakt\n','2016-09-06 12:59:19','2016-09-06 12:59:19',NULL),(78,'v120d022g2','v120d022g2',16,1,78,1,NULL,NULL,'2011-12-30','2016-09-06',NULL,NULL,'73.00',0,0,1,0,1,1,NULL,NULL,NULL,NULL,NULL,'--- !ruby/hash:ActiveSupport::HashWithIndifferentAccess\nanschaffungskategorie: AV-Technik\nreference: invoice\numzug: zgeln\nankunftszustand: intakt\n','2016-09-06 12:59:19','2016-09-06 12:59:19',NULL),(79,'iMac1','iMac1',18,1,79,1,NULL,NULL,'2011-08-06','2016-09-06','2016-09-06','This item is gone.','497.00',0,0,1,0,1,1,NULL,NULL,NULL,NULL,NULL,'--- !ruby/hash:ActiveSupport::HashWithIndifferentAccess\nanschaffungskategorie: AV-Technik\nreference: invoice\numzug: zgeln\nankunftszustand: intakt\n','2016-09-06 12:59:19','2016-09-06 12:59:19',NULL),(80,'iMac2','iMac2',18,1,80,3,NULL,NULL,'2012-12-12','2016-09-06','2016-09-06','This item is gone.','70.00',0,0,1,0,1,1,NULL,NULL,NULL,NULL,NULL,'--- !ruby/hash:ActiveSupport::HashWithIndifferentAccess\nanschaffungskategorie: AV-Technik\nreference: invoice\numzug: zgeln\nankunftszustand: intakt\n','2016-09-06 12:59:19','2016-09-06 12:59:19',NULL),(81,'lpv3yc','lpv3yc',11,1,81,1,NULL,NULL,'2013-08-17','2016-09-06','2016-09-06','This item is gone.','488.00',0,0,1,0,1,1,NULL,NULL,NULL,NULL,NULL,'--- !ruby/hash:ActiveSupport::HashWithIndifferentAccess\nanschaffungskategorie: AV-Technik\nreference: invoice\numzug: zgeln\nankunftszustand: intakt\n','2016-09-06 12:59:19','2016-09-06 12:59:19',NULL),(82,'6cxjcs','6cxjcs',11,1,82,1,NULL,NULL,'2011-12-29','2016-09-06','2016-09-06','This item is gone.','307.00',0,0,1,0,1,1,NULL,NULL,NULL,NULL,NULL,'--- !ruby/hash:ActiveSupport::HashWithIndifferentAccess\nanschaffungskategorie: AV-Technik\nreference: invoice\numzug: zgeln\nankunftszustand: intakt\n','2016-09-06 12:59:19','2016-09-06 12:59:19',NULL),(83,'beam897','beam897',2,1,83,2,NULL,NULL,'2011-07-09','2016-09-06',NULL,NULL,'1055.00',0,0,1,0,2,1,NULL,NULL,NULL,NULL,NULL,'--- !ruby/hash:ActiveSupport::HashWithIndifferentAccess\nanschaffungskategorie: AV-Technik\nreference: invoice\numzug: zgeln\nankunftszustand: intakt\n','2016-09-06 12:59:19','2016-09-06 12:59:19',NULL),(84,'minibeam12','minibeam12',4,1,84,2,NULL,NULL,'2011-01-17','2016-09-06',NULL,NULL,'853.00',0,0,1,0,2,1,NULL,NULL,NULL,NULL,NULL,'--- !ruby/hash:ActiveSupport::HashWithIndifferentAccess\nanschaffungskategorie: AV-Technik\nreference: invoice\numzug: zgeln\nankunftszustand: intakt\n','2016-09-06 12:59:19','2016-09-06 12:59:19',NULL),(85,'minibeam34','minibeam34',4,1,85,3,NULL,NULL,'2011-07-18','2016-09-06',NULL,NULL,'534.00',0,0,1,0,3,1,NULL,NULL,NULL,NULL,NULL,'--- !ruby/hash:ActiveSupport::HashWithIndifferentAccess\nanschaffungskategorie: AV-Technik\nreference: invoice\numzug: zgeln\nankunftszustand: intakt\n','2016-09-06 12:59:19','2016-09-06 12:59:19',NULL),(86,'minibeam56','minibeam56',4,1,86,1,NULL,NULL,'2012-09-09','2016-09-06','2016-09-06','Praesentium perspiciatis ullam quaerat sed.','306.00',0,0,1,0,1,1,NULL,NULL,NULL,NULL,NULL,'--- !ruby/hash:ActiveSupport::HashWithIndifferentAccess\nanschaffungskategorie: AV-Technik\nreference: invoice\numzug: zgeln\nankunftszustand: intakt\n','2016-09-06 12:59:19','2016-09-06 12:59:19',NULL),(87,'minibeam78','minibeam78',4,1,87,2,NULL,NULL,'2014-02-11','2016-09-06',NULL,NULL,'502.00',0,0,1,0,2,1,NULL,NULL,NULL,NULL,NULL,'--- !ruby/hash:ActiveSupport::HashWithIndifferentAccess\nanschaffungskategorie: AV-Technik\nreference: invoice\numzug: zgeln\nankunftszustand: intakt\n','2016-09-06 12:59:19','2016-09-06 12:59:19',NULL),(88,'air123','air123',19,1,88,1,NULL,NULL,'2014-12-01','2016-09-06',NULL,NULL,'454.00',0,0,1,0,1,1,NULL,NULL,NULL,NULL,NULL,'--- !ruby/hash:ActiveSupport::HashWithIndifferentAccess\nanschaffungskategorie: AV-Technik\nreference: invoice\numzug: zgeln\nankunftszustand: intakt\n','2016-09-06 12:59:19','2016-09-06 12:59:19',NULL),(89,'tp230','tp230',20,1,89,1,NULL,NULL,'2014-12-02','2016-09-06',NULL,NULL,'931.00',0,0,1,0,1,1,NULL,NULL,NULL,NULL,NULL,'--- !ruby/hash:ActiveSupport::HashWithIndifferentAccess\nanschaffungskategorie: AV-Technik\nreference: invoice\numzug: zgeln\nankunftszustand: intakt\n','2016-09-06 12:59:19','2016-09-06 12:59:19',NULL),(90,'tp301','tp301',21,1,90,1,NULL,NULL,'2014-01-28','2016-09-06',NULL,NULL,'301.00',0,0,1,0,1,1,NULL,NULL,NULL,NULL,NULL,'--- !ruby/hash:ActiveSupport::HashWithIndifferentAccess\nanschaffungskategorie: AV-Technik\nreference: invoice\numzug: zgeln\nankunftszustand: intakt\n','2016-09-06 12:59:19','2016-09-06 12:59:19',NULL),(91,'carbon1','carbon1',22,1,91,1,NULL,NULL,'2013-11-09','2016-09-06',NULL,NULL,'1305.00',0,0,1,0,1,1,NULL,NULL,NULL,NULL,NULL,'--- !ruby/hash:ActiveSupport::HashWithIndifferentAccess\nanschaffungskategorie: AV-Technik\nreference: invoice\numzug: zgeln\nankunftszustand: intakt\n','2016-09-06 12:59:19','2016-09-06 12:59:19',NULL),(92,'carbon2','carbon2',22,1,92,1,NULL,NULL,'2011-06-09','2016-09-06',NULL,NULL,'1038.00',0,0,1,0,1,1,NULL,NULL,NULL,NULL,NULL,'--- !ruby/hash:ActiveSupport::HashWithIndifferentAccess\nanschaffungskategorie: AV-Technik\nreference: invoice\numzug: zgeln\nankunftszustand: intakt\n','2016-09-06 12:59:19','2016-09-06 12:59:19',NULL),(93,'inspiron1','inspiron1',23,1,93,1,NULL,NULL,'2011-05-28','2016-09-06',NULL,NULL,'1344.00',0,0,1,0,1,1,NULL,NULL,NULL,NULL,NULL,'--- !ruby/hash:ActiveSupport::HashWithIndifferentAccess\nanschaffungskategorie: AV-Technik\nreference: invoice\numzug: zgeln\nankunftszustand: intakt\n','2016-09-06 12:59:19','2016-09-06 12:59:19',NULL),(94,'A19',NULL,1,1,94,1,NULL,NULL,'2013-01-06','2016-09-06',NULL,NULL,'1045.00',0,0,1,0,2,1,NULL,NULL,NULL,NULL,NULL,'--- !ruby/hash:ActiveSupport::HashWithIndifferentAccess\nanschaffungskategorie: AV-Technik\nreference: invoice\numzug: zgeln\nankunftszustand: intakt\n','2016-09-06 12:59:19','2016-09-06 12:59:19',NULL),(95,'75icy1ctjbtvjsvidd5y51','fd:f6:5f:a6:e5:50-50:81:4e:cd:d5:40-04:1c:a5:e7:e2:b6',76,NULL,NULL,1,NULL,NULL,NULL,NULL,NULL,NULL,NULL,0,0,0,0,1,0,NULL,NULL,NULL,NULL,NULL,'--- !ruby/hash:ActiveSupport::HashWithIndifferentAccess\nlicense_type: single_workplace\nactivation_type: serial_number\noperating_system:\n- windows\n- linux\ninstallation:\n- citrix\n- web\nreference: invoice\nmaintenance_contract: \'false\'\nmaintenance_currency: CHF\n','2016-09-06 12:59:19','2016-09-06 12:59:19',NULL),(96,'vty6xi547dhem8nsjz3p52','ad:a5:0a:84:b7:33-a3:07:96:d6:44:a2-1b:ce:01:34:94:b4',77,NULL,NULL,1,NULL,NULL,NULL,NULL,NULL,NULL,NULL,0,0,1,0,1,0,NULL,NULL,NULL,NULL,NULL,'--- !ruby/hash:ActiveSupport::HashWithIndifferentAccess\nlicense_type: single_workplace\nactivation_type: serial_number\noperating_system:\n- windows\n- linux\ninstallation:\n- citrix\n- web\nprocured_by: Megane Feil\nreference: invoice\nmaintenance_contract: \'false\'\nmaintenance_currency: CHF\n','2016-09-06 12:59:19','2016-09-06 12:59:19',NULL),(97,'di6lhwmvu2uyr8h9e1px53','70:26:aa:d6:cd:e1-5a:55:e8:9a:dd:58-69:1d:49:27:aa:b6',78,NULL,NULL,1,NULL,NULL,NULL,NULL,NULL,NULL,NULL,0,0,1,0,1,0,NULL,NULL,NULL,NULL,NULL,'--- !ruby/hash:ActiveSupport::HashWithIndifferentAccess\nlicense_type: single_workplace\nactivation_type: serial_number\noperating_system:\n- windows\n- linux\ninstallation:\n- citrix\n- web\nreference: invoice\nmaintenance_contract: \'false\'\nmaintenance_currency: CHF\n','2016-09-06 12:59:19','2016-09-06 12:59:19',NULL),(98,'ffhmmg4qhwxhhdxgg7de54','9f:73:c1:f3:85:f2-8d:5b:7e:2a:6e:3f-b6:43:27:e6:84:8b',79,NULL,NULL,1,NULL,NULL,NULL,NULL,NULL,NULL,NULL,0,0,0,0,1,0,NULL,NULL,NULL,NULL,NULL,'--- !ruby/hash:ActiveSupport::HashWithIndifferentAccess\nlicense_type: single_workplace\nactivation_type: serial_number\noperating_system:\n- windows\n- linux\ninstallation:\n- citrix\n- web\nreference: invoice\nmaintenance_contract: \'false\'\nmaintenance_currency: CHF\n','2016-09-06 12:59:19','2016-09-06 12:59:19',NULL),(99,'nsk8iq5b21cl4ky6i3ow55','c5:cc:b4:8a:36:90-04:5a:d3:42:d8:f1-94:8b:11:3c:93:ad',80,NULL,NULL,1,NULL,NULL,NULL,NULL,NULL,NULL,NULL,0,0,0,0,1,0,NULL,NULL,NULL,NULL,NULL,'--- !ruby/hash:ActiveSupport::HashWithIndifferentAccess\nlicense_type: single_workplace\nactivation_type: serial_number\noperating_system:\n- windows\n- linux\ninstallation:\n- citrix\n- web\nprocured_by: Peter Silie\nreference: invoice\nmaintenance_contract: \'false\'\nmaintenance_currency: CHF\n','2016-09-06 12:59:19','2016-09-06 12:59:19',NULL),(100,'A23','57:5d:ce:19:8b:09-19:c5:f3:02:29:70-1f:eb:3a:d9:aa:0d',81,NULL,NULL,1,NULL,NULL,NULL,NULL,NULL,NULL,NULL,0,0,1,0,2,0,NULL,NULL,NULL,NULL,NULL,'--- !ruby/hash:ActiveSupport::HashWithIndifferentAccess\nreference: invoice\nactivation_type: none\nlicense_type: free\nmaintenance_contract: \'false\'\nmaintenance_currency: CHF\n','2016-09-06 12:59:19','2016-09-06 12:59:19',NULL),(101,'A25','18:6c:ef:1c:8b:94-7a:d7:19:fe:57:be-17:c3:bd:27:d0:d6',82,NULL,NULL,1,NULL,NULL,NULL,NULL,'2016-09-06','Aliquam voluptatem consequatur quos.',NULL,0,0,1,0,1,0,NULL,NULL,NULL,NULL,NULL,'--- !ruby/hash:ActiveSupport::HashWithIndifferentAccess\nreference: invoice\nactivation_type: none\nlicense_type: free\nmaintenance_contract: \'false\'\nmaintenance_currency: CHF\n','2016-09-06 12:59:19','2016-09-06 12:59:19',NULL),(102,'IT8','81:2a:48:f9:0b:f7-58:ce:11:b8:f9:1a-a7:fa:c7:90:3b:07',83,NULL,NULL,2,NULL,NULL,NULL,NULL,'2016-09-06','Voluptas ut perferendis et neque asperiores ab quo optio.',NULL,0,0,1,0,1,0,NULL,NULL,NULL,NULL,NULL,'--- !ruby/hash:ActiveSupport::HashWithIndifferentAccess\nreference: invoice\nactivation_type: none\nlicense_type: free\nmaintenance_contract: \'false\'\nmaintenance_currency: CHF\n','2016-09-06 12:59:19','2016-09-06 12:59:19',NULL),(103,'IT31','45:95:f3:02:38:52-5f:ef:b3:ec:3b:30-4b:96:2e:eb:75:4c',84,NULL,NULL,2,NULL,NULL,NULL,NULL,NULL,NULL,NULL,0,0,1,0,2,0,NULL,NULL,NULL,NULL,NULL,'--- !ruby/hash:ActiveSupport::HashWithIndifferentAccess\nreference: invoice\nactivation_type: none\nlicense_type: free\nmaintenance_contract: \'false\'\nmaintenance_currency: CHF\n','2016-09-06 12:59:19','2016-09-06 12:59:19',NULL),(104,'A36','23:28:a8:be:82:13-9d:0d:ef:f3:9f:3b-fa:3f:b1:f0:c1:c4',85,NULL,NULL,1,NULL,NULL,'2016-09-06',NULL,NULL,NULL,NULL,0,0,1,0,1,0,NULL,NULL,NULL,NULL,NULL,'--- !ruby/hash:ActiveSupport::HashWithIndifferentAccess\nlicense_expiration: \'2016-09-06\'\nmaintenance_contract: \'true\'\nmaintenance_expiration: \'2016-09-06\'\nreference: invoice\nactivation_type: none\nlicense_type: free\nmaintenance_currency: CHF\n','2016-09-06 12:59:19','2016-09-06 12:59:19',NULL),(105,'acrobat123','1f:e2:c2:56:0b:3e-e5:f3:53:c4:d1:c2-3f:51:52:4b:4b:11',74,NULL,NULL,1,NULL,NULL,NULL,NULL,NULL,NULL,NULL,0,0,0,0,1,0,NULL,NULL,NULL,NULL,NULL,'--- !ruby/hash:ActiveSupport::HashWithIndifferentAccess\nreference: invoice\nactivation_type: none\nlicense_type: free\nmaintenance_contract: \'false\'\nmaintenance_currency: CHF\nquantity_allocations:\n- :room: est\n  :quantity: \'7\'\n- :room: adipisci\n  :quantity: \'2\'\n','2016-09-06 12:59:19','2016-09-06 12:59:19',NULL),(106,'msword123','e1:a8:5d:71:cc:df-c7:0b:72:e9:69:44-58:fa:72:5b:69:94',86,NULL,NULL,1,NULL,NULL,NULL,NULL,NULL,NULL,NULL,0,0,1,0,1,0,NULL,NULL,NULL,NULL,NULL,'--- !ruby/hash:ActiveSupport::HashWithIndifferentAccess\nlicense_type: concurrent\noperating_system:\n- windows\nreference: invoice\nactivation_type: none\nmaintenance_contract: \'false\'\nmaintenance_currency: CHF\nquantity_allocations:\n- :room: non\n  :quantity: \'49\'\n- :room: nihil\n  :quantity: \'49\'\n','2016-09-06 12:59:19','2016-09-06 12:59:19',NULL),(107,'lic111','c1:1c:66:0b:92:1a-3f:6c:1a:ed:b0:46-1b:84:56:02:e8:69',87,NULL,NULL,1,NULL,NULL,NULL,NULL,NULL,NULL,NULL,0,0,0,0,2,0,NULL,NULL,NULL,NULL,NULL,'--- !ruby/hash:ActiveSupport::HashWithIndifferentAccess\nlicense_type: site_license\noperating_system:\n- mac_os_x\nreference: invoice\nactivation_type: none\nmaintenance_contract: \'false\'\nmaintenance_currency: CHF\n','2016-09-06 12:59:19','2016-09-06 12:59:19',NULL),(108,'A41','d8:96:11:42:e3:9b-ad:64:81:72:30:0c-36:19:38:f9:bf:20',88,NULL,NULL,1,NULL,NULL,NULL,NULL,NULL,NULL,NULL,0,0,0,0,1,0,NULL,NULL,NULL,NULL,NULL,'--- !ruby/hash:ActiveSupport::HashWithIndifferentAccess\nlicense_type: site_license\noperating_system:\n- mac_os_x\nreference: invoice\nactivation_type: none\nmaintenance_contract: \'false\'\nmaintenance_currency: CHF\n','2016-09-06 12:59:19','2016-09-06 12:59:19',NULL),(109,'zxt6567zwk9cgkxrxj1s56','4c:f8:16:2b:7f:37-de:2d:e7:63:22:fc-02:df:ed:f1:f8:c3',89,3,95,1,NULL,NULL,'2012-04-02','2016-09-06',NULL,NULL,'36.00',0,0,1,0,1,1,NULL,NULL,NULL,NULL,NULL,'--- !ruby/hash:ActiveSupport::HashWithIndifferentAccess\nanschaffungskategorie: AV-Technik\nreference: invoice\numzug: zgeln\nankunftszustand: intakt\n','2016-09-06 12:59:19','2016-09-06 12:59:19',NULL),(110,'3y2saqusjrr5lpl0yr7m57','59:77:9b:57:2b:db-e1:66:11:c3:35:84-e1:26:77:ec:76:8c',90,3,96,1,109,NULL,'2012-03-07','2016-09-06',NULL,NULL,'488.00',0,0,1,0,1,1,NULL,NULL,NULL,NULL,NULL,'--- !ruby/hash:ActiveSupport::HashWithIndifferentAccess\nanschaffungskategorie: AV-Technik\nreference: invoice\numzug: zgeln\nankunftszustand: intakt\n','2016-09-06 12:59:19','2016-09-06 12:59:19',NULL),(111,'8npomibw9mwtm3mnh39958','5a:bc:78:9e:23:3e-0b:fe:3c:5c:cc:86-2b:34:f1:3d:07:d1',91,3,97,1,109,NULL,'2014-02-03','2016-09-06',NULL,NULL,'900.00',0,0,1,0,1,1,NULL,NULL,NULL,NULL,NULL,'--- !ruby/hash:ActiveSupport::HashWithIndifferentAccess\nanschaffungskategorie: AV-Technik\nreference: invoice\numzug: zgeln\nankunftszustand: intakt\n','2016-09-06 12:59:19','2016-09-06 12:59:19',NULL),(112,'ehhsta1ne6hw4d0mlyte59','4d:0e:19:51:49:ee-9b:19:da:00:95:7f-90:1e:ff:5c:62:e7',92,3,98,1,109,NULL,'2013-05-05','2016-09-06',NULL,NULL,'261.00',0,0,1,0,1,1,NULL,NULL,NULL,NULL,NULL,'--- !ruby/hash:ActiveSupport::HashWithIndifferentAccess\nanschaffungskategorie: AV-Technik\nreference: invoice\numzug: zgeln\nankunftszustand: intakt\n','2016-09-06 12:59:19','2016-09-06 12:59:19',NULL),(113,'ec2ymorc5zli6hc9n3bc60','10:f6:85:14:04:54-40:ee:67:fc:95:0c-43:57:99:9d:7c:31',89,7,99,1,NULL,NULL,'2012-01-27','2016-09-06',NULL,NULL,'427.00',0,0,1,0,1,1,NULL,NULL,NULL,NULL,NULL,'--- !ruby/hash:ActiveSupport::HashWithIndifferentAccess\nanschaffungskategorie: AV-Technik\nreference: invoice\numzug: zgeln\nankunftszustand: intakt\n','2016-09-06 12:59:19','2016-09-06 12:59:19',NULL),(114,'8d4tb8tcu7druhj7ith161','a0:38:48:67:df:d0-ea:03:d1:39:ee:94-71:1d:66:19:84:fd',93,7,100,1,113,NULL,'2012-06-10','2016-09-06',NULL,NULL,'1453.00',0,0,1,0,1,1,NULL,NULL,NULL,NULL,NULL,'--- !ruby/hash:ActiveSupport::HashWithIndifferentAccess\nanschaffungskategorie: AV-Technik\nreference: invoice\numzug: zgeln\nankunftszustand: intakt\n','2016-09-06 12:59:19','2016-09-06 12:59:19',NULL),(115,'dbr1l46sdr0p7np0wrqd62','78:7a:f0:9a:40:2b-33:a8:f2:bd:eb:ec-35:b0:42:54:b9:c2',94,7,101,1,113,NULL,'2015-04-28','2016-09-06',NULL,NULL,'119.00',0,0,1,0,1,1,NULL,NULL,NULL,NULL,NULL,'--- !ruby/hash:ActiveSupport::HashWithIndifferentAccess\nanschaffungskategorie: AV-Technik\nreference: invoice\numzug: zgeln\nankunftszustand: intakt\n','2016-09-06 12:59:19','2016-09-06 12:59:19',NULL),(116,'e133mirw3awhf4srgyth63','9f:89:93:74:0f:72-f1:e2:4a:7f:26:e4-75:b4:93:7c:a5:a3',95,7,102,1,113,NULL,'2014-05-03','2016-09-06',NULL,NULL,'1394.00',0,0,1,0,1,1,NULL,NULL,NULL,NULL,NULL,'--- !ruby/hash:ActiveSupport::HashWithIndifferentAccess\nanschaffungskategorie: AV-Technik\nreference: invoice\numzug: zgeln\nankunftszustand: intakt\n','2016-09-06 12:59:19','2016-09-06 12:59:19',NULL),(117,'xy2p8ifl66845460g9ct64','56:94:da:fa:ee:17-36:35:3c:dd:bd:1c-4a:97:0a:a9:52:f8',89,11,103,1,NULL,NULL,'2012-01-24','2016-09-06',NULL,NULL,'895.00',0,0,1,0,1,1,NULL,NULL,NULL,NULL,NULL,'--- !ruby/hash:ActiveSupport::HashWithIndifferentAccess\nanschaffungskategorie: AV-Technik\nreference: invoice\numzug: zgeln\nankunftszustand: intakt\n','2016-09-06 12:59:19','2016-09-06 12:59:19',NULL),(118,'t1gxb6k7e034l71dtgp465','29:ea:3e:23:00:40-0f:52:0e:2c:ab:4c-2d:f9:29:52:51:c1',96,11,104,1,117,NULL,'2015-03-12','2016-09-06',NULL,NULL,'189.00',0,0,1,0,1,1,NULL,NULL,NULL,NULL,NULL,'--- !ruby/hash:ActiveSupport::HashWithIndifferentAccess\nanschaffungskategorie: AV-Technik\nreference: invoice\numzug: zgeln\nankunftszustand: intakt\n','2016-09-06 12:59:19','2016-09-06 12:59:19',NULL),(119,'ohp112ftcz9lecbdltvb66','79:ca:17:cd:dd:ec-eb:1e:b8:a6:5d:fb-f6:50:d0:ac:a4:7c',97,11,105,1,117,NULL,'2013-09-26','2016-09-06',NULL,NULL,'1229.00',0,0,1,0,1,1,NULL,NULL,NULL,NULL,NULL,'--- !ruby/hash:ActiveSupport::HashWithIndifferentAccess\nanschaffungskategorie: AV-Technik\nreference: invoice\numzug: zgeln\nankunftszustand: intakt\n','2016-09-06 12:59:19','2016-09-06 12:59:19',NULL),(120,'lmapugp4bimmrz2y0jzl67','04:d3:d3:04:c4:ab-84:72:ea:62:ed:ab-e5:8d:68:00:6d:51',98,11,106,1,117,NULL,'2014-10-02','2016-09-06',NULL,NULL,'1331.00',0,0,1,0,1,1,NULL,NULL,NULL,NULL,NULL,'--- !ruby/hash:ActiveSupport::HashWithIndifferentAccess\nanschaffungskategorie: AV-Technik\nreference: invoice\numzug: zgeln\nankunftszustand: intakt\n','2016-09-06 12:59:19','2016-09-06 12:59:19',NULL),(121,'frk6jj1qdfx6o1ljv0yp68','a4:d1:0b:09:6f:39-41:f9:69:10:d7:29-2f:f0:5a:47:59:d4',89,15,107,2,NULL,NULL,'2015-01-05','2016-09-06',NULL,NULL,'1305.00',0,0,1,0,2,1,NULL,NULL,NULL,NULL,NULL,'--- !ruby/hash:ActiveSupport::HashWithIndifferentAccess\nanschaffungskategorie: AV-Technik\nreference: invoice\numzug: zgeln\nankunftszustand: intakt\n','2016-09-06 12:59:19','2016-09-06 12:59:19',NULL),(122,'qwfux4gitnysjhnmvy4569','5f:a0:e3:df:0e:b4-6f:4a:56:56:95:9f-a9:68:c0:3a:34:4c',99,15,108,2,121,NULL,'2012-10-29','2016-09-06',NULL,NULL,'1385.00',0,0,1,0,2,1,NULL,NULL,NULL,NULL,NULL,'--- !ruby/hash:ActiveSupport::HashWithIndifferentAccess\nanschaffungskategorie: AV-Technik\nreference: invoice\numzug: zgeln\nankunftszustand: intakt\n','2016-09-06 12:59:19','2016-09-06 12:59:19',NULL),(123,'vck5vii7o0ru0i3hjbnh70','65:c1:a6:ce:15:03-93:82:cc:38:81:cc-04:c3:bd:50:5a:92',100,15,109,2,121,NULL,'2015-10-21','2016-09-06',NULL,NULL,'223.00',0,0,1,0,2,1,NULL,NULL,NULL,NULL,NULL,'--- !ruby/hash:ActiveSupport::HashWithIndifferentAccess\nanschaffungskategorie: AV-Technik\nreference: invoice\numzug: zgeln\nankunftszustand: intakt\n','2016-09-06 12:59:19','2016-09-06 12:59:19',NULL),(124,'bqws0o7cb2p9mr07vnun71','fa:b7:6a:66:9a:13-c0:e2:f6:4d:43:37-e3:cc:5b:9c:a9:00',101,15,110,2,121,NULL,'2015-06-25','2016-09-06',NULL,NULL,'440.00',0,0,1,0,2,1,NULL,NULL,NULL,NULL,NULL,'--- !ruby/hash:ActiveSupport::HashWithIndifferentAccess\nanschaffungskategorie: AV-Technik\nreference: invoice\numzug: zgeln\nankunftszustand: intakt\n','2016-09-06 12:59:19','2016-09-06 12:59:19',NULL),(125,'cpx67p10b4e7b5enczz272','ff:e0:5a:4a:3c:e2-96:ed:96:14:34:44-58:69:5d:ef:c9:89',102,19,111,1,NULL,NULL,'2015-06-14','2016-09-06',NULL,NULL,'872.00',0,0,1,0,1,1,NULL,NULL,NULL,NULL,NULL,'--- !ruby/hash:ActiveSupport::HashWithIndifferentAccess\nanschaffungskategorie: AV-Technik\nreference: invoice\numzug: zgeln\nankunftszustand: intakt\n','2016-09-06 12:59:19','2016-09-06 12:59:19',NULL),(126,'d35gb99m7o29kv8wofiy73','07:cf:9c:47:4c:49-e7:85:d2:9e:e0:c0-29:ca:52:26:65:f8',103,19,112,1,125,NULL,'2012-10-05','2016-09-06',NULL,NULL,'964.00',0,0,1,0,1,1,NULL,NULL,NULL,NULL,NULL,'--- !ruby/hash:ActiveSupport::HashWithIndifferentAccess\nanschaffungskategorie: AV-Technik\nreference: invoice\numzug: zgeln\nankunftszustand: intakt\n','2016-09-06 12:59:19','2016-09-06 12:59:19',NULL),(127,'f9r8utv6j12ljgr0o6zi74','5b:bc:58:f5:a1:65-c5:4f:d8:bc:81:4d-b1:8f:c5:77:32:7d',104,19,113,1,125,NULL,'2011-04-22','2016-09-06',NULL,NULL,'1045.00',0,0,1,0,1,1,NULL,NULL,NULL,NULL,NULL,'--- !ruby/hash:ActiveSupport::HashWithIndifferentAccess\nanschaffungskategorie: AV-Technik\nreference: invoice\numzug: zgeln\nankunftszustand: intakt\n','2016-09-06 12:59:19','2016-09-06 12:59:19',NULL),(128,'tycrqph088p8s8oy6ihm75','73:54:84:1d:d8:99-c9:cb:5b:32:62:4d-42:a2:66:f2:f7:a3',105,19,114,1,125,NULL,'2015-11-28','2016-09-06',NULL,NULL,'171.00',0,0,1,0,1,1,NULL,NULL,NULL,NULL,NULL,'--- !ruby/hash:ActiveSupport::HashWithIndifferentAccess\nanschaffungskategorie: AV-Technik\nreference: invoice\numzug: zgeln\nankunftszustand: intakt\n','2016-09-06 12:59:19','2016-09-06 12:59:19',NULL),(129,'wuqhidueukuahh37qbte76','ef:71:22:95:30:bf-38:fb:f5:9d:41:e8-e5:31:d7:d2:40:d9',102,23,115,1,NULL,NULL,'2012-03-09','2016-09-06',NULL,NULL,'100.00',0,0,1,0,1,1,NULL,NULL,NULL,NULL,NULL,'--- !ruby/hash:ActiveSupport::HashWithIndifferentAccess\nanschaffungskategorie: AV-Technik\nreference: invoice\numzug: zgeln\nankunftszustand: intakt\n','2016-09-06 12:59:19','2016-09-06 12:59:19',NULL),(130,'ih9a4sunr9l2orh2jrlo77','17:3a:6e:39:08:4e-ec:b5:df:99:2e:ca-4e:28:49:aa:f5:07',106,23,116,1,129,NULL,'2012-11-15','2016-09-06',NULL,NULL,'1243.00',0,0,1,0,1,1,NULL,NULL,NULL,NULL,NULL,'--- !ruby/hash:ActiveSupport::HashWithIndifferentAccess\nanschaffungskategorie: AV-Technik\nreference: invoice\numzug: zgeln\nankunftszustand: intakt\n','2016-09-06 12:59:19','2016-09-06 12:59:19',NULL),(131,'6d30v7n1dhqztmi7p29r78','6b:09:45:79:47:a1-bc:37:c2:da:07:58-e0:93:7a:00:c0:87',107,23,117,1,129,NULL,'2013-01-17','2016-09-06',NULL,NULL,'1110.00',0,0,1,0,1,1,NULL,NULL,NULL,NULL,NULL,'--- !ruby/hash:ActiveSupport::HashWithIndifferentAccess\nanschaffungskategorie: AV-Technik\nreference: invoice\numzug: zgeln\nankunftszustand: intakt\n','2016-09-06 12:59:19','2016-09-06 12:59:19',NULL),(132,'yjixo6m1xwbpaogfq4d879','05:48:53:99:55:f6-ed:df:d4:c5:9d:42-3b:81:3e:3b:89:d8',108,23,118,1,129,NULL,'2012-06-21','2016-09-06',NULL,NULL,'217.00',0,0,1,0,1,1,NULL,NULL,NULL,NULL,NULL,'--- !ruby/hash:ActiveSupport::HashWithIndifferentAccess\nanschaffungskategorie: AV-Technik\nreference: invoice\numzug: zgeln\nankunftszustand: intakt\n','2016-09-06 12:59:19','2016-09-06 12:59:19',NULL),(133,'x8oa94rywbwnaokifhjq80','28:4e:29:a0:67:53-e6:e7:93:3f:8a:de-79:ba:c3:ce:fb:2b',102,27,119,1,NULL,NULL,'2014-03-03','2016-09-06',NULL,NULL,'237.00',0,0,1,0,1,1,NULL,NULL,NULL,NULL,NULL,'--- !ruby/hash:ActiveSupport::HashWithIndifferentAccess\nanschaffungskategorie: AV-Technik\nreference: invoice\numzug: zgeln\nankunftszustand: intakt\n','2016-09-06 12:59:19','2016-09-06 12:59:19',NULL),(134,'dwjxhijkpbr0a4li2nws81','6f:9e:80:09:d1:64-ec:89:bd:e2:63:2c-f3:0d:da:72:33:63',109,27,120,1,133,NULL,'2013-01-17','2016-09-06',NULL,NULL,'1051.00',0,0,1,0,1,1,NULL,NULL,NULL,NULL,NULL,'--- !ruby/hash:ActiveSupport::HashWithIndifferentAccess\nanschaffungskategorie: AV-Technik\nreference: invoice\numzug: zgeln\nankunftszustand: intakt\n','2016-09-06 12:59:19','2016-09-06 12:59:19',NULL),(135,'03six8u6kmbnwcq2qhxm82','ed:2e:d5:cc:a4:fe-88:ad:69:32:05:0e-57:c3:6c:40:b7:ca',110,27,121,1,133,NULL,'2012-05-06','2016-09-06',NULL,NULL,'884.00',0,0,1,0,1,1,NULL,NULL,NULL,NULL,NULL,'--- !ruby/hash:ActiveSupport::HashWithIndifferentAccess\nanschaffungskategorie: AV-Technik\nreference: invoice\numzug: zgeln\nankunftszustand: intakt\n','2016-09-06 12:59:19','2016-09-06 12:59:19',NULL),(136,'2w3r8ttd3e66g78lmekt83','79:5e:9f:55:d0:0e-11:1d:99:0a:2b:cd-15:5f:da:0f:cf:f8',111,27,122,1,133,NULL,'2012-03-01','2016-09-06',NULL,NULL,'581.00',0,0,1,0,1,1,NULL,NULL,NULL,NULL,NULL,'--- !ruby/hash:ActiveSupport::HashWithIndifferentAccess\nanschaffungskategorie: AV-Technik\nreference: invoice\numzug: zgeln\nankunftszustand: intakt\n','2016-09-06 12:59:19','2016-09-06 12:59:19',NULL),(137,'unn8n31kyth6ti76bcjw84','88:a3:64:bd:58:73-f1:86:16:c5:d6:2f-c9:5a:8c:d3:10:19',112,31,123,2,NULL,NULL,'2011-07-06','2016-09-06',NULL,NULL,'1367.00',0,0,1,0,7,1,NULL,NULL,NULL,NULL,NULL,'--- !ruby/hash:ActiveSupport::HashWithIndifferentAccess\nanschaffungskategorie: AV-Technik\nreference: invoice\numzug: zgeln\nankunftszustand: intakt\n','2016-09-06 12:59:19','2016-09-06 12:59:19',NULL),(138,'29ojgf9fk9a9u2kwpzcj85','f2:ed:e0:17:fb:d4-7a:b1:8e:2a:be:60-c1:f7:d9:28:a3:8e',112,32,124,6,NULL,NULL,'2011-04-07','2016-09-06',NULL,NULL,'648.00',0,0,1,0,7,1,NULL,NULL,NULL,NULL,NULL,'--- !ruby/hash:ActiveSupport::HashWithIndifferentAccess\nanschaffungskategorie: AV-Technik\nreference: invoice\numzug: zgeln\nankunftszustand: intakt\n','2016-09-06 12:59:19','2016-09-06 12:59:19',NULL),(139,'2zly0qd99zwq3xl08y6z86','cd:57:72:d4:2d:b1-72:82:11:b8:6f:eb-7b:37:f9:9d:19:a7',112,33,125,2,NULL,NULL,'2013-10-11','2016-09-06',NULL,NULL,'1419.00',0,0,1,0,7,1,NULL,NULL,NULL,NULL,NULL,'--- !ruby/hash:ActiveSupport::HashWithIndifferentAccess\nanschaffungskategorie: AV-Technik\nreference: invoice\numzug: zgeln\nankunftszustand: intakt\n','2016-09-06 12:59:19','2016-09-06 12:59:19',NULL),(140,'89yzyoovfuart6u0jadc87','27:09:9c:41:6a:16-a6:47:ef:8e:2d:20-d3:81:09:54:7c:28',116,34,126,8,NULL,NULL,'2013-10-05','2016-09-06',NULL,NULL,'938.00',0,0,1,0,7,1,NULL,NULL,NULL,NULL,NULL,'--- !ruby/hash:ActiveSupport::HashWithIndifferentAccess\nanschaffungskategorie: AV-Technik\nreference: invoice\numzug: zgeln\nankunftszustand: intakt\n','2016-09-06 12:59:19','2016-09-06 12:59:19',NULL),(141,'6otaloniubzlaudp4ywf88','4c:2e:4f:3b:d9:e4-b6:5a:74:22:ba:e6-dc:37:1e:21:48:fb',116,35,127,5,NULL,NULL,'2015-11-03','2016-09-06',NULL,NULL,'1279.00',0,0,1,0,7,1,NULL,NULL,NULL,NULL,NULL,'--- !ruby/hash:ActiveSupport::HashWithIndifferentAccess\nanschaffungskategorie: AV-Technik\nreference: invoice\numzug: zgeln\nankunftszustand: intakt\n','2016-09-06 12:59:19','2016-09-06 12:59:19',NULL),(142,'bjldot06ubngpxyjpqwt89','1e:ca:7d:0e:3f:df-13:42:2d:36:68:ce-c4:45:d2:e9:10:84',116,36,128,9,NULL,NULL,'2014-10-16','2016-09-06',NULL,NULL,'1063.00',0,0,1,0,7,1,NULL,NULL,NULL,NULL,NULL,'--- !ruby/hash:ActiveSupport::HashWithIndifferentAccess\nanschaffungskategorie: AV-Technik\nreference: invoice\numzug: zgeln\nankunftszustand: intakt\n','2016-09-06 12:59:19','2016-09-06 12:59:19',NULL),(143,'yv7b4j6mes3llwfzgs3s90','ea:36:61:2c:3d:3a-f5:6b:91:d8:a9:52-40:cb:b1:ac:40:85',120,37,129,10,NULL,NULL,'2012-03-29','2016-09-06',NULL,NULL,'174.00',0,0,1,0,7,1,NULL,NULL,NULL,NULL,NULL,'--- !ruby/hash:ActiveSupport::HashWithIndifferentAccess\nanschaffungskategorie: AV-Technik\nreference: invoice\numzug: zgeln\nankunftszustand: intakt\n','2016-09-06 12:59:19','2016-09-06 12:59:19',NULL),(144,'rjtog5n34sqm84aen6h591','c4:20:c7:b0:cd:16-30:76:66:24:4f:a7-47:99:7a:69:aa:00',120,38,130,11,NULL,NULL,'2014-07-01','2016-09-06',NULL,NULL,'316.00',0,0,1,0,7,1,NULL,NULL,NULL,NULL,NULL,'--- !ruby/hash:ActiveSupport::HashWithIndifferentAccess\nanschaffungskategorie: AV-Technik\nreference: invoice\numzug: zgeln\nankunftszustand: intakt\n','2016-09-06 12:59:19','2016-09-06 12:59:19',NULL),(145,'pa6jczfqal162mg3nzh592','8c:21:2c:72:2c:75-ce:c6:d6:d2:21:b6-b7:e4:38:d7:c8:a0',120,39,131,10,NULL,NULL,'2011-03-28','2016-09-06',NULL,NULL,'398.00',0,0,1,0,7,1,NULL,NULL,NULL,NULL,NULL,'--- !ruby/hash:ActiveSupport::HashWithIndifferentAccess\nanschaffungskategorie: AV-Technik\nreference: invoice\numzug: zgeln\nankunftszustand: intakt\n','2016-09-06 12:59:19','2016-09-06 12:59:19',NULL),(146,'74x49wenqo8lhi8a24fk93','fe:f5:40:d4:26:84-7c:5f:7d:40:72:a0-06:61:d7:85:e3:91',124,40,132,8,NULL,NULL,'2012-11-22','2016-09-06',NULL,NULL,'534.00',0,0,1,0,7,1,NULL,NULL,NULL,NULL,NULL,'--- !ruby/hash:ActiveSupport::HashWithIndifferentAccess\nanschaffungskategorie: AV-Technik\nreference: invoice\numzug: zgeln\nankunftszustand: intakt\n','2016-09-06 12:59:19','2016-09-06 12:59:19',NULL),(147,'z5vk29m7pgjjex88stpj94','4e:03:5d:e1:50:85-f6:07:c6:08:e3:18-ab:0f:52:4c:5c:25',124,41,133,3,NULL,NULL,'2014-12-29','2016-09-06',NULL,NULL,'817.00',0,0,1,0,7,1,NULL,NULL,NULL,NULL,NULL,'--- !ruby/hash:ActiveSupport::HashWithIndifferentAccess\nanschaffungskategorie: AV-Technik\nreference: invoice\numzug: zgeln\nankunftszustand: intakt\n','2016-09-06 12:59:19','2016-09-06 12:59:19',NULL),(148,'kboprya57on4w77ahpp895','35:16:e9:f6:36:68-f9:37:9b:7f:67:16-60:ff:5b:ea:18:4f',124,42,134,6,NULL,NULL,'2011-12-06','2016-09-06',NULL,NULL,'74.00',0,0,1,0,7,1,NULL,NULL,NULL,NULL,NULL,'--- !ruby/hash:ActiveSupport::HashWithIndifferentAccess\nanschaffungskategorie: AV-Technik\nreference: invoice\numzug: zgeln\nankunftszustand: intakt\n','2016-09-06 12:59:19','2016-09-06 12:59:19',NULL),(149,'367zeitly1o50tn4qqei96','14:b9:8e:28:ac:85-de:72:88:ed:b3:51-cc:d0:d4:bb:a2:71',128,43,135,6,NULL,NULL,'2015-07-11','2016-09-06',NULL,NULL,'255.00',0,0,1,0,7,1,NULL,NULL,NULL,NULL,NULL,'--- !ruby/hash:ActiveSupport::HashWithIndifferentAccess\nanschaffungskategorie: AV-Technik\nreference: invoice\numzug: zgeln\nankunftszustand: intakt\n','2016-09-06 12:59:19','2016-09-06 12:59:19',NULL),(150,'uxgui4piim5k3vvjnr7l97','8c:29:bb:14:0f:15-54:c4:db:be:cc:1d-94:9b:2b:ad:8f:9f',128,44,136,11,NULL,NULL,'2011-06-29','2016-09-06',NULL,NULL,'128.00',0,0,1,0,7,1,NULL,NULL,NULL,NULL,NULL,'--- !ruby/hash:ActiveSupport::HashWithIndifferentAccess\nanschaffungskategorie: AV-Technik\nreference: invoice\numzug: zgeln\nankunftszustand: intakt\n','2016-09-06 12:59:19','2016-09-06 12:59:19',NULL),(151,'o0uq3s5s8hh3becpoyv598','c7:76:2e:4a:03:2f-77:39:df:9f:2d:27-ef:1c:50:0e:4c:db',128,45,137,3,NULL,NULL,'2015-03-30','2016-09-06',NULL,NULL,'179.00',0,0,1,0,7,1,NULL,NULL,NULL,NULL,NULL,'--- !ruby/hash:ActiveSupport::HashWithIndifferentAccess\nanschaffungskategorie: AV-Technik\nreference: invoice\numzug: zgeln\nankunftszustand: intakt\n','2016-09-06 12:59:19','2016-09-06 12:59:19',NULL),(152,'83jfjj4bqrghciuhdkco99','0e:14:a9:62:f6:a7-16:86:bc:0c:f2:30-e2:6d:63:bc:38:02',132,46,138,1,NULL,NULL,'2014-01-21','2016-09-06',NULL,NULL,'682.00',0,0,1,0,7,1,NULL,NULL,NULL,NULL,NULL,'--- !ruby/hash:ActiveSupport::HashWithIndifferentAccess\nanschaffungskategorie: AV-Technik\nreference: invoice\numzug: zgeln\nankunftszustand: intakt\n','2016-09-06 12:59:19','2016-09-06 12:59:19',NULL),(153,'00x08c4l4ai9hummhk6n100','79:2e:a9:df:cb:ed-2b:c7:7b:9e:28:a2-5c:2a:b2:de:8d:e7',132,47,139,8,NULL,NULL,'2014-01-07','2016-09-06',NULL,NULL,'1019.00',0,0,1,0,7,1,NULL,NULL,NULL,NULL,NULL,'--- !ruby/hash:ActiveSupport::HashWithIndifferentAccess\nanschaffungskategorie: AV-Technik\nreference: invoice\numzug: zgeln\nankunftszustand: intakt\n','2016-09-06 12:59:19','2016-09-06 12:59:19',NULL),(154,'eihwbhc68uteqyd4ri66101','5e:ab:e4:56:97:57-72:ef:d3:6d:67:f9-63:68:5a:1a:c3:7c',132,48,140,2,NULL,NULL,'2015-10-01','2016-09-06',NULL,NULL,'856.00',0,0,1,0,7,1,NULL,NULL,NULL,NULL,NULL,'--- !ruby/hash:ActiveSupport::HashWithIndifferentAccess\nanschaffungskategorie: AV-Technik\nreference: invoice\numzug: zgeln\nankunftszustand: intakt\n','2016-09-06 12:59:19','2016-09-06 12:59:19',NULL),(155,'ca2jyeh4ario9mghs5fo102','b7:75:55:a1:cb:af-1e:36:4f:b4:da:f1-cb:dc:6f:a2:45:03',136,49,141,8,NULL,NULL,'2013-05-19','2016-09-06',NULL,NULL,'122.00',0,0,1,0,3,1,NULL,NULL,NULL,NULL,NULL,'--- !ruby/hash:ActiveSupport::HashWithIndifferentAccess\nanschaffungskategorie: AV-Technik\nreference: invoice\numzug: zgeln\nankunftszustand: intakt\n','2016-09-06 12:59:19','2016-09-06 12:59:19',NULL),(156,'iumadvz3fdfia3yw3mst103','71:e2:68:9c:2d:86-65:5b:f3:13:ab:fc-63:88:0a:45:ae:e9',136,50,142,9,NULL,NULL,'2015-09-13','2016-09-06',NULL,NULL,'563.00',0,0,1,0,3,1,NULL,NULL,NULL,NULL,NULL,'--- !ruby/hash:ActiveSupport::HashWithIndifferentAccess\nanschaffungskategorie: AV-Technik\nreference: invoice\numzug: zgeln\nankunftszustand: intakt\n','2016-09-06 12:59:19','2016-09-06 12:59:19',NULL),(157,'hny1np350yi54inixsve104','e4:4c:11:76:bb:aa-01:c4:82:eb:84:d9-96:d5:92:15:72:8b',136,51,143,8,NULL,NULL,'2014-05-25','2016-09-06',NULL,NULL,'665.00',0,0,1,0,3,1,NULL,NULL,NULL,NULL,NULL,'--- !ruby/hash:ActiveSupport::HashWithIndifferentAccess\nanschaffungskategorie: AV-Technik\nreference: invoice\numzug: zgeln\nankunftszustand: intakt\n','2016-09-06 12:59:19','2016-09-06 12:59:19',NULL),(158,'9g2tnhsfos3w4y1rz05g105','7a:15:ec:a4:08:03-70:9f:55:5f:68:a0-f0:a3:43:a2:90:1d',140,52,144,4,NULL,NULL,'2011-05-28','2016-09-06',NULL,NULL,'490.00',0,0,1,0,3,1,NULL,NULL,NULL,NULL,NULL,'--- !ruby/hash:ActiveSupport::HashWithIndifferentAccess\nanschaffungskategorie: AV-Technik\nreference: invoice\numzug: zgeln\nankunftszustand: intakt\n','2016-09-06 12:59:19','2016-09-06 12:59:19',NULL),(159,'e2pxphi8ey9fybfq24ly106','07:8f:11:36:70:48-9e:b0:1e:35:ff:d3-88:31:be:03:b5:55',140,53,145,6,NULL,NULL,'2014-10-17','2016-09-06',NULL,NULL,'590.00',0,0,1,0,3,1,NULL,NULL,NULL,NULL,NULL,'--- !ruby/hash:ActiveSupport::HashWithIndifferentAccess\nanschaffungskategorie: AV-Technik\nreference: invoice\numzug: zgeln\nankunftszustand: intakt\n','2016-09-06 12:59:19','2016-09-06 12:59:19',NULL),(160,'9muit6scbs5fau9b87dk107','62:f8:b1:ca:ae:e6-9d:3a:92:14:f1:3c-b1:ec:82:4d:0b:a8',140,54,146,5,NULL,NULL,'2013-01-19','2016-09-06',NULL,NULL,'564.00',0,0,1,0,3,1,NULL,NULL,NULL,NULL,NULL,'--- !ruby/hash:ActiveSupport::HashWithIndifferentAccess\nanschaffungskategorie: AV-Technik\nreference: invoice\numzug: zgeln\nankunftszustand: intakt\n','2016-09-06 12:59:19','2016-09-06 12:59:19',NULL),(161,'ao7i0ivere2pjbmtq3y3108','2d:be:22:3b:16:c6-4a:2c:10:37:44:5f-c3:eb:e0:1f:86:cc',144,55,147,9,NULL,NULL,'2014-10-07','2016-09-06',NULL,NULL,'4.00',0,0,1,0,3,1,NULL,NULL,NULL,NULL,NULL,'--- !ruby/hash:ActiveSupport::HashWithIndifferentAccess\nanschaffungskategorie: AV-Technik\nreference: invoice\numzug: zgeln\nankunftszustand: intakt\n','2016-09-06 12:59:19','2016-09-06 12:59:19',NULL),(162,'d48sjvink9qljs7ryndc109','69:d9:f3:90:97:db-5e:98:b5:57:dc:8a-f0:c4:7f:73:c2:ed',144,56,148,11,NULL,NULL,'2012-02-17','2016-09-06',NULL,NULL,'749.00',0,0,1,0,3,1,NULL,NULL,NULL,NULL,NULL,'--- !ruby/hash:ActiveSupport::HashWithIndifferentAccess\nanschaffungskategorie: AV-Technik\nreference: invoice\numzug: zgeln\nankunftszustand: intakt\n','2016-09-06 12:59:19','2016-09-06 12:59:19',NULL),(163,'mkdafsdjdx5df4nql0n2110','8a:70:b3:06:ec:2c-73:a7:af:05:fe:99-1f:11:3d:29:0f:88',144,57,149,8,NULL,NULL,'2015-12-28','2016-09-06',NULL,NULL,'59.00',0,0,1,0,3,1,NULL,NULL,NULL,NULL,NULL,'--- !ruby/hash:ActiveSupport::HashWithIndifferentAccess\nanschaffungskategorie: AV-Technik\nreference: invoice\numzug: zgeln\nankunftszustand: intakt\n','2016-09-06 12:59:19','2016-09-06 12:59:19',NULL),(164,'60g0th10vnm83g3psgxb111','77:c3:30:a2:e0:f9-69:3a:93:e6:4c:a3-81:d5:81:03:86:71',148,58,150,4,NULL,NULL,'2011-01-16','2016-09-06',NULL,NULL,'245.00',0,0,1,0,3,1,NULL,NULL,NULL,NULL,NULL,'--- !ruby/hash:ActiveSupport::HashWithIndifferentAccess\nanschaffungskategorie: AV-Technik\nreference: invoice\numzug: zgeln\nankunftszustand: intakt\n','2016-09-06 12:59:19','2016-09-06 12:59:19',NULL),(165,'kh946byn2sq83ult2z8x112','fe:d3:f3:24:6a:d4-86:10:9e:44:07:f4-8b:87:85:84:8a:7d',148,59,151,1,NULL,NULL,'2015-04-13','2016-09-06',NULL,NULL,'1371.00',0,0,1,0,3,1,NULL,NULL,NULL,NULL,NULL,'--- !ruby/hash:ActiveSupport::HashWithIndifferentAccess\nanschaffungskategorie: AV-Technik\nreference: invoice\numzug: zgeln\nankunftszustand: intakt\n','2016-09-06 12:59:19','2016-09-06 12:59:19',NULL),(166,'ja39j2ur7e6lovrm9g4m113','ab:0e:94:ba:83:8f-eb:b6:48:bf:44:d7-1b:f3:52:63:30:52',148,60,152,4,NULL,NULL,'2012-01-03','2016-09-06',NULL,NULL,'329.00',0,0,1,0,3,1,NULL,NULL,NULL,NULL,NULL,'--- !ruby/hash:ActiveSupport::HashWithIndifferentAccess\nanschaffungskategorie: AV-Technik\nreference: invoice\numzug: zgeln\nankunftszustand: intakt\n','2016-09-06 12:59:19','2016-09-06 12:59:19',NULL),(167,'pt243vsp3eg4qa5hn4h5114','66:52:72:b2:18:a4-40:41:23:4f:71:48-49:dd:df:a0:47:cc',152,61,153,4,NULL,NULL,'2012-02-23','2016-09-06',NULL,NULL,'646.00',0,0,1,0,3,1,NULL,NULL,NULL,NULL,NULL,'--- !ruby/hash:ActiveSupport::HashWithIndifferentAccess\nanschaffungskategorie: AV-Technik\nreference: invoice\numzug: zgeln\nankunftszustand: intakt\n','2016-09-06 12:59:19','2016-09-06 12:59:19',NULL),(168,'yniwfm3bjz3y29svn7z0115','cf:82:8b:55:51:c5-7c:bd:17:8c:a8:72-8e:dc:e8:fb:61:89',152,62,154,2,NULL,NULL,'2014-02-08','2016-09-06',NULL,NULL,'499.00',0,0,1,0,3,1,NULL,NULL,NULL,NULL,NULL,'--- !ruby/hash:ActiveSupport::HashWithIndifferentAccess\nanschaffungskategorie: AV-Technik\nreference: invoice\numzug: zgeln\nankunftszustand: intakt\n','2016-09-06 12:59:19','2016-09-06 12:59:19',NULL),(169,'tzb610hfsx93sfcskany116','36:23:fa:ef:34:e0-74:64:6d:22:05:a5-4c:88:3a:5e:2b:ee',152,63,155,5,NULL,NULL,'2015-01-13','2016-09-06',NULL,NULL,'1216.00',0,0,1,0,3,1,NULL,NULL,NULL,NULL,NULL,'--- !ruby/hash:ActiveSupport::HashWithIndifferentAccess\nanschaffungskategorie: AV-Technik\nreference: invoice\numzug: zgeln\nankunftszustand: intakt\n','2016-09-06 12:59:19','2016-09-06 12:59:19',NULL),(170,'ue89snt16mpg63fatk9w117','86:1f:29:e5:c5:3b-47:b7:43:14:31:90-bf:f7:63:22:fb:ec',156,64,156,7,NULL,NULL,'2013-12-08','2016-09-06',NULL,NULL,'1371.00',0,0,1,0,3,1,NULL,NULL,NULL,NULL,NULL,'--- !ruby/hash:ActiveSupport::HashWithIndifferentAccess\nanschaffungskategorie: AV-Technik\nreference: invoice\numzug: zgeln\nankunftszustand: intakt\n','2016-09-06 12:59:19','2016-09-06 12:59:19',NULL),(171,'hqujm10lw5pnzcgaug1q118','17:e6:a1:c2:a4:a9-5b:00:39:8c:45:bb-14:ab:75:9b:5e:60',156,65,157,7,NULL,NULL,'2011-08-06','2016-09-06',NULL,NULL,'824.00',0,0,1,0,3,1,NULL,NULL,NULL,NULL,NULL,'--- !ruby/hash:ActiveSupport::HashWithIndifferentAccess\nanschaffungskategorie: AV-Technik\nreference: invoice\numzug: zgeln\nankunftszustand: intakt\n','2016-09-06 12:59:19','2016-09-06 12:59:19',NULL),(172,'ftirktmvys52tv9hrgsx119','4a:56:bd:01:77:cd-b7:78:40:31:4d:b9-d9:0c:cd:d3:3c:70',156,66,158,5,NULL,NULL,'2013-06-23','2016-09-06',NULL,NULL,'790.00',0,0,1,0,3,1,NULL,NULL,NULL,NULL,NULL,'--- !ruby/hash:ActiveSupport::HashWithIndifferentAccess\nanschaffungskategorie: AV-Technik\nreference: invoice\numzug: zgeln\nankunftszustand: intakt\n','2016-09-06 12:59:19','2016-09-06 12:59:19',NULL),(173,'vnw7mmrc3nrlthx5rwma120','06:71:99:21:08:7d-59:40:61:d0:24:35-0c:2b:69:99:0b:6d',160,67,159,10,NULL,NULL,'2013-11-06','2016-09-06',NULL,NULL,'451.00',0,0,1,0,3,1,NULL,NULL,NULL,NULL,NULL,'--- !ruby/hash:ActiveSupport::HashWithIndifferentAccess\nanschaffungskategorie: AV-Technik\nreference: invoice\numzug: zgeln\nankunftszustand: intakt\n','2016-09-06 12:59:19','2016-09-06 12:59:19',NULL),(174,'dpmxtmaon09b7d8c0non121','c1:56:aa:2d:2e:3a-16:5c:e1:35:1b:ef-53:2f:6d:fa:e3:63',160,68,160,3,NULL,NULL,'2013-12-04','2016-09-06',NULL,NULL,'1154.00',0,0,1,0,3,1,NULL,NULL,NULL,NULL,NULL,'--- !ruby/hash:ActiveSupport::HashWithIndifferentAccess\nanschaffungskategorie: AV-Technik\nreference: invoice\numzug: zgeln\nankunftszustand: intakt\n','2016-09-06 12:59:19','2016-09-06 12:59:19',NULL),(175,'hyjfr2r2s78qtchj92lz122','f2:cd:d7:05:8d:97-a4:54:ed:42:79:29-43:da:57:ec:09:5c',160,69,161,11,NULL,NULL,'2015-02-04','2016-09-06',NULL,NULL,'602.00',0,0,1,0,3,1,NULL,NULL,NULL,NULL,NULL,'--- !ruby/hash:ActiveSupport::HashWithIndifferentAccess\nanschaffungskategorie: AV-Technik\nreference: invoice\numzug: zgeln\nankunftszustand: intakt\n','2016-09-06 12:59:19','2016-09-06 12:59:19',NULL),(176,'2xjt360t01rsd9vps7d4123','a7:95:9e:9a:5f:03-a0:1e:5f:39:05:ab-9c:a7:f2:6b:22:58',164,70,162,1,NULL,NULL,'2013-01-09','2016-09-06',NULL,NULL,'289.00',0,0,1,0,3,1,NULL,NULL,NULL,NULL,NULL,'--- !ruby/hash:ActiveSupport::HashWithIndifferentAccess\nanschaffungskategorie: AV-Technik\nreference: invoice\numzug: zgeln\nankunftszustand: intakt\n','2016-09-06 12:59:19','2016-09-06 12:59:19',NULL),(177,'vtikyefal4jolxuqjbx8124','f7:b8:23:d8:1d:36-d8:97:dd:86:1b:c4-0b:76:f4:b4:86:a9',164,71,163,8,NULL,NULL,'2012-06-15','2016-09-06',NULL,NULL,'324.00',0,0,1,0,3,1,NULL,NULL,NULL,NULL,NULL,'--- !ruby/hash:ActiveSupport::HashWithIndifferentAccess\nanschaffungskategorie: AV-Technik\nreference: invoice\numzug: zgeln\nankunftszustand: intakt\n','2016-09-06 12:59:19','2016-09-06 12:59:19',NULL),(178,'tcbozbngt8r44tby3gdd125','51:11:36:29:ff:cc-a7:8f:51:97:61:72-66:4d:20:5e:cb:ea',164,72,164,9,NULL,NULL,'2011-01-01','2016-09-06',NULL,NULL,'1457.00',0,0,1,0,3,1,NULL,NULL,NULL,NULL,NULL,'--- !ruby/hash:ActiveSupport::HashWithIndifferentAccess\nanschaffungskategorie: AV-Technik\nreference: invoice\numzug: zgeln\nankunftszustand: intakt\n','2016-09-06 12:59:19','2016-09-06 12:59:19',NULL),(179,'a0x2ys98kfyjr2jhp736126','e8:75:ff:ea:7b:c9-9a:0b:04:cf:3b:f1-25:e2:a9:b6:69:fe',168,73,165,5,NULL,NULL,'2013-09-28','2016-09-06',NULL,NULL,'904.00',0,0,1,0,3,1,NULL,NULL,NULL,NULL,NULL,'--- !ruby/hash:ActiveSupport::HashWithIndifferentAccess\nanschaffungskategorie: AV-Technik\nreference: invoice\numzug: zgeln\nankunftszustand: intakt\n','2016-09-06 12:59:19','2016-09-06 12:59:19',NULL),(180,'430hn3tblq6tfmg3g5o5127','43:ca:97:05:1c:ca-76:13:7a:a6:3a:10-d0:7e:98:2a:f5:c1',168,74,166,11,NULL,NULL,'2012-08-26','2016-09-06',NULL,NULL,'328.00',0,0,1,0,3,1,NULL,NULL,NULL,NULL,NULL,'--- !ruby/hash:ActiveSupport::HashWithIndifferentAccess\nanschaffungskategorie: AV-Technik\nreference: invoice\numzug: zgeln\nankunftszustand: intakt\n','2016-09-06 12:59:19','2016-09-06 12:59:19',NULL),(181,'d0shn9z8l1hv5oqgmsrn128','2c:7e:81:4d:cf:6c-6e:57:00:7c:2b:13-60:f1:7f:fe:a2:6b',168,75,167,6,NULL,NULL,'2013-01-03','2016-09-06',NULL,NULL,'593.00',0,0,1,0,3,1,NULL,NULL,NULL,NULL,NULL,'--- !ruby/hash:ActiveSupport::HashWithIndifferentAccess\nanschaffungskategorie: AV-Technik\nreference: invoice\numzug: zgeln\nankunftszustand: intakt\n','2016-09-06 12:59:19','2016-09-06 12:59:19',NULL),(182,'072reikw7omwblrqdapr129','01:02:e4:d1:bd:5b-3c:99:d7:d9:04:db-ba:78:d6:ff:a0:70',172,76,168,11,NULL,NULL,'2015-05-18','2016-09-06',NULL,NULL,'901.00',0,0,1,0,3,1,NULL,NULL,NULL,NULL,NULL,'--- !ruby/hash:ActiveSupport::HashWithIndifferentAccess\nanschaffungskategorie: AV-Technik\nreference: invoice\numzug: zgeln\nankunftszustand: intakt\n','2016-09-06 12:59:19','2016-09-06 12:59:19',NULL),(183,'eaz0nk5dp05og6ecyzcx130','f3:9c:3c:1c:84:1c-60:18:c2:62:ee:04-a6:6e:07:22:39:e3',172,77,169,5,NULL,NULL,'2012-08-27','2016-09-06',NULL,NULL,'179.00',0,0,1,0,3,1,NULL,NULL,NULL,NULL,NULL,'--- !ruby/hash:ActiveSupport::HashWithIndifferentAccess\nanschaffungskategorie: AV-Technik\nreference: invoice\numzug: zgeln\nankunftszustand: intakt\n','2016-09-06 12:59:19','2016-09-06 12:59:19',NULL),(184,'59h5o3eslwe3aoa4znic131','2f:18:14:7e:1c:ab-2c:07:dd:bf:67:ae-05:9d:6f:0d:17:42',172,78,170,9,NULL,NULL,'2015-04-18','2016-09-06',NULL,NULL,'1469.00',0,0,1,0,3,1,NULL,NULL,NULL,NULL,NULL,'--- !ruby/hash:ActiveSupport::HashWithIndifferentAccess\nanschaffungskategorie: AV-Technik\nreference: invoice\numzug: zgeln\nankunftszustand: intakt\n','2016-09-06 12:59:19','2016-09-06 12:59:19',NULL),(185,'lvq1vr9xzqww3u5aismx132','55:17:ad:40:85:8a-04:af:c8:11:13:47-08:3b:c2:e1:47:86',176,79,171,4,NULL,NULL,'2012-03-04','2016-09-05',NULL,NULL,'167.00',0,0,1,0,1,1,NULL,NULL,NULL,NULL,NULL,'--- !ruby/hash:ActiveSupport::HashWithIndifferentAccess\nanschaffungskategorie: AV-Technik\nreference: invoice\numzug: zgeln\nankunftszustand: intakt\n','2016-09-05 12:59:19','2016-09-05 12:59:19',NULL),(186,'bunpx7mbd8pxr60rpb9w133','07:2a:7d:ea:8b:6c-06:9f:ac:a5:ee:72-45:34:b9:ee:b4:9f',177,80,172,4,NULL,NULL,'2013-11-05','2016-09-05',NULL,NULL,'1172.00',0,0,1,0,1,1,NULL,NULL,NULL,NULL,NULL,'--- !ruby/hash:ActiveSupport::HashWithIndifferentAccess\nanschaffungskategorie: AV-Technik\nreference: invoice\numzug: zgeln\nankunftszustand: intakt\n','2016-09-05 12:59:19','2016-09-05 12:59:19',NULL),(187,'7mpsumx3dumlv00x34im134','bd:ef:28:d8:ed:88-a9:b2:0c:ee:29:80-46:44:9a:b9:bf:f7',178,81,173,11,NULL,NULL,'2013-08-23','2016-09-05',NULL,NULL,'340.00',0,0,1,0,1,1,NULL,NULL,NULL,NULL,NULL,'--- !ruby/hash:ActiveSupport::HashWithIndifferentAccess\nanschaffungskategorie: AV-Technik\nreference: invoice\numzug: zgeln\nankunftszustand: intakt\n','2016-09-05 12:59:19','2016-09-05 12:59:19',NULL),(188,'do4n9o2ebsbhlr5c5gm4135','bb:72:0d:89:d2:86-7c:0d:20:13:d3:8c-b5:71:1b:46:e2:de',179,82,174,4,NULL,NULL,'2011-09-23','2016-09-05',NULL,NULL,'724.00',0,0,1,0,1,1,NULL,NULL,NULL,NULL,NULL,'--- !ruby/hash:ActiveSupport::HashWithIndifferentAccess\nanschaffungskategorie: AV-Technik\nreference: invoice\numzug: zgeln\nankunftszustand: intakt\n','2016-09-05 12:59:19','2016-09-05 12:59:19',NULL),(189,'uhdmmcvnogtbe4tf5q7m136','22:78:9c:0c:f3:a2-c3:22:68:4b:fd:c9-d6:ea:2e:50:57:43',180,83,175,5,NULL,NULL,'2013-11-03','2016-09-05',NULL,NULL,'755.00',0,0,1,0,1,1,NULL,NULL,NULL,NULL,NULL,'--- !ruby/hash:ActiveSupport::HashWithIndifferentAccess\nanschaffungskategorie: AV-Technik\nreference: invoice\numzug: zgeln\nankunftszustand: intakt\n','2016-09-05 12:59:19','2016-09-05 12:59:19',NULL),(190,'v8i5f5cc9fd2yp253hcu137','b2:57:a8:61:6f:fa-70:84:48:4f:b7:d4-48:2c:ee:9a:47:d2',181,84,176,6,NULL,NULL,'2015-02-10','2016-09-06',NULL,NULL,'1200.00',0,0,1,0,1,1,NULL,NULL,NULL,NULL,NULL,'--- !ruby/hash:ActiveSupport::HashWithIndifferentAccess\nanschaffungskategorie: AV-Technik\nreference: invoice\numzug: zgeln\nankunftszustand: intakt\n','2016-09-06 12:59:19','2016-09-06 12:59:19',NULL),(191,'8d079s1k151d52cnw4eg138','9e:31:fc:71:a4:a0-44:00:4c:2c:f2:cc-25:51:e4:dd:b5:80',182,85,177,7,NULL,NULL,'2013-04-11','2016-09-06',NULL,NULL,'1256.00',0,0,1,0,1,1,NULL,NULL,NULL,NULL,NULL,'--- !ruby/hash:ActiveSupport::HashWithIndifferentAccess\nanschaffungskategorie: AV-Technik\nreference: invoice\numzug: zgeln\nankunftszustand: intakt\n','2016-09-06 12:59:19','2016-09-06 12:59:19',NULL),(192,'8x8tlojbkt9ycpw72gcp139','4a:a8:e7:ce:29:ac-15:a1:da:1b:c8:77-c7:43:cd:f8:05:c9',183,86,178,7,NULL,NULL,'2015-04-25','2016-09-06',NULL,NULL,'1163.00',0,0,1,0,1,1,NULL,NULL,NULL,NULL,NULL,'--- !ruby/hash:ActiveSupport::HashWithIndifferentAccess\nanschaffungskategorie: AV-Technik\nreference: invoice\numzug: zgeln\nankunftszustand: intakt\n','2016-09-06 12:59:19','2016-09-06 12:59:19',NULL),(193,'hziqrh0sks4rvg3t75nh140','34:b9:39:ac:0a:05-84:96:84:69:0b:3d-2e:30:49:53:b7:80',184,87,179,10,NULL,NULL,'2011-06-08','2016-09-06',NULL,NULL,'748.00',0,0,1,0,1,1,NULL,NULL,NULL,NULL,NULL,'--- !ruby/hash:ActiveSupport::HashWithIndifferentAccess\nanschaffungskategorie: AV-Technik\nreference: invoice\numzug: zgeln\nankunftszustand: intakt\n','2016-09-06 12:59:19','2016-09-06 12:59:19',NULL),(194,'zbgo5n5odualhnynzu5i141','09:52:94:d8:5a:e3-ec:d6:8f:42:7c:64-3b:ad:f6:9e:3a:3d',185,88,180,8,NULL,NULL,'2013-05-22','2016-09-06',NULL,NULL,'189.00',0,0,1,0,1,1,NULL,NULL,NULL,NULL,NULL,'--- !ruby/hash:ActiveSupport::HashWithIndifferentAccess\nanschaffungskategorie: AV-Technik\nreference: invoice\numzug: zgeln\nankunftszustand: intakt\n','2016-09-06 12:59:19','2016-09-06 12:59:19',NULL),(195,'j5hrebr5b2erikt7n5ds142','3e:7d:8e:c4:32:d0-56:52:4e:76:bf:27-1a:b8:25:28:b0:c4',186,89,181,6,NULL,NULL,'2014-09-25','2016-09-06',NULL,NULL,'436.00',0,0,1,0,1,1,NULL,NULL,NULL,NULL,NULL,'--- !ruby/hash:ActiveSupport::HashWithIndifferentAccess\nanschaffungskategorie: AV-Technik\nreference: invoice\numzug: zgeln\nankunftszustand: intakt\n','2016-09-06 12:59:19','2016-09-06 12:59:19',NULL),(196,'ixsaqv75z4doumw4dyji143','9e:2f:98:eb:7f:0b-50:b8:83:6a:ea:63-28:6f:c4:f1:c8:d9',187,90,182,10,NULL,NULL,'2015-11-11','2016-09-06',NULL,NULL,'735.00',0,0,1,0,1,1,NULL,NULL,NULL,NULL,NULL,'--- !ruby/hash:ActiveSupport::HashWithIndifferentAccess\nanschaffungskategorie: AV-Technik\nreference: invoice\numzug: zgeln\nankunftszustand: intakt\n','2016-09-06 12:59:19','2016-09-06 12:59:19',NULL),(197,'r8onzgzl6pl9297atij9144','04:e2:a7:32:dd:cb-ac:4b:e8:b0:9e:99-56:52:d9:cf:04:02',188,91,183,3,NULL,NULL,'2015-05-21','2016-09-06',NULL,NULL,'11.00',0,0,1,0,1,1,NULL,NULL,NULL,NULL,NULL,'--- !ruby/hash:ActiveSupport::HashWithIndifferentAccess\nanschaffungskategorie: AV-Technik\nreference: invoice\numzug: zgeln\nankunftszustand: intakt\n','2016-09-06 12:59:19','2016-09-06 12:59:19',NULL),(198,'tfrdfslkuoic91atglgo145','2c:60:63:d6:cb:9d-bc:16:17:fc:cf:7b-29:33:66:8c:39:e6',189,92,184,3,NULL,NULL,'2013-02-03','2016-09-06',NULL,NULL,'313.00',0,0,1,0,1,1,NULL,NULL,NULL,NULL,NULL,'--- !ruby/hash:ActiveSupport::HashWithIndifferentAccess\nanschaffungskategorie: AV-Technik\nreference: invoice\numzug: zgeln\nankunftszustand: intakt\n','2016-09-06 12:59:19','2016-09-06 12:59:19',NULL),(199,'79doy28xiksubrmhpgte146','a6:6a:3b:3a:71:6f-49:90:7e:f5:ab:81-07:96:a5:38:06:7c',190,93,185,4,NULL,NULL,'2014-04-22','2016-09-06',NULL,NULL,'1243.00',0,0,1,0,1,1,NULL,NULL,NULL,NULL,NULL,'--- !ruby/hash:ActiveSupport::HashWithIndifferentAccess\nanschaffungskategorie: AV-Technik\nreference: invoice\numzug: zgeln\nankunftszustand: intakt\n','2016-09-06 12:59:19','2016-09-06 12:59:19',NULL),(200,'ni9zbl5yme5dmkjwszys147','66:79:6a:7d:cf:ba-a5:8e:01:1a:af:03-05:26:c9:5c:1c:e2',191,94,186,4,NULL,NULL,'2012-03-12','2016-09-06',NULL,NULL,'987.00',0,0,1,0,1,1,NULL,NULL,NULL,NULL,NULL,'--- !ruby/hash:ActiveSupport::HashWithIndifferentAccess\nanschaffungskategorie: AV-Technik\nreference: invoice\numzug: zgeln\nankunftszustand: intakt\n','2016-09-06 12:59:19','2016-09-06 12:59:19',NULL),(201,'75x7dj245854otx6ocf2148','67:c8:90:2e:0d:67-d8:9a:7a:77:38:2b-cb:fd:db:41:cd:e9',192,95,187,2,NULL,NULL,'2015-07-29','2016-09-06',NULL,NULL,'1367.00',0,0,1,0,1,1,NULL,NULL,NULL,NULL,NULL,'--- !ruby/hash:ActiveSupport::HashWithIndifferentAccess\nanschaffungskategorie: AV-Technik\nreference: invoice\numzug: zgeln\nankunftszustand: intakt\n','2016-09-06 12:59:19','2016-09-06 12:59:19',NULL),(202,'lzmukhz5x1d6ptgczphq149','d6:1f:bb:65:f6:3d-27:fc:0d:61:ed:0a-65:87:ba:78:e6:1d',193,96,188,9,NULL,NULL,'2015-02-03','2016-09-06',NULL,NULL,'1381.00',0,0,1,0,1,1,NULL,NULL,NULL,NULL,NULL,'--- !ruby/hash:ActiveSupport::HashWithIndifferentAccess\nanschaffungskategorie: AV-Technik\nreference: invoice\numzug: zgeln\nankunftszustand: intakt\n','2016-09-06 12:59:19','2016-09-06 12:59:19',NULL),(203,'kqvy5du8b3usfir7bz5x150','8c:0b:ee:ca:1e:8d-83:10:09:31:c3:9b-03:e5:63:e0:64:b3',194,97,189,10,NULL,NULL,'2012-06-03','2016-09-06',NULL,NULL,'736.00',0,0,1,0,1,1,NULL,NULL,NULL,NULL,NULL,'--- !ruby/hash:ActiveSupport::HashWithIndifferentAccess\nanschaffungskategorie: AV-Technik\nreference: invoice\numzug: zgeln\nankunftszustand: intakt\n','2016-09-06 12:59:19','2016-09-06 12:59:19',NULL),(204,'wci0lqqpiavxuh8xu675151','54:45:ee:ed:5f:5e-8b:79:1e:9c:55:13-56:f8:af:57:03:02',195,98,190,7,NULL,NULL,'2013-12-14','2016-09-06',NULL,NULL,'481.00',0,0,1,0,1,1,NULL,NULL,NULL,NULL,NULL,'--- !ruby/hash:ActiveSupport::HashWithIndifferentAccess\nanschaffungskategorie: AV-Technik\nreference: invoice\numzug: zgeln\nankunftszustand: intakt\n','2016-09-06 12:59:19','2016-09-06 12:59:19',NULL),(205,'gbcbei3vmci2iba3d0ve152','b3:35:39:6e:ed:5b-0b:16:16:29:e3:2a-31:19:56:3c:6d:2c',196,99,191,1,NULL,NULL,'2011-05-02','2016-09-06',NULL,NULL,'597.00',0,0,1,0,1,1,NULL,NULL,NULL,NULL,NULL,'--- !ruby/hash:ActiveSupport::HashWithIndifferentAccess\nanschaffungskategorie: AV-Technik\nreference: invoice\numzug: zgeln\nankunftszustand: intakt\n','2016-09-06 12:59:19','2016-09-06 12:59:19',NULL),(206,'jtop9gl7otnclqzsrrxl153','1c:2c:ac:04:89:1a-31:5c:41:e1:e9:89-1e:0e:f9:e7:8e:1b',197,100,192,4,NULL,NULL,'2014-02-13','2016-09-06',NULL,NULL,'491.00',0,0,1,0,1,1,NULL,NULL,NULL,NULL,NULL,'--- !ruby/hash:ActiveSupport::HashWithIndifferentAccess\nanschaffungskategorie: AV-Technik\nreference: invoice\numzug: zgeln\nankunftszustand: intakt\n','2016-09-06 12:59:19','2016-09-06 12:59:19',NULL),(207,'yzw7my8f6k8xvzhxyvdt154','62:27:93:07:26:a5-14:e8:10:47:0d:6c-5d:03:71:86:e2:80',198,101,193,6,NULL,NULL,'2011-10-03','2016-09-06',NULL,NULL,'823.00',0,0,1,0,1,1,NULL,NULL,NULL,NULL,NULL,'--- !ruby/hash:ActiveSupport::HashWithIndifferentAccess\nanschaffungskategorie: AV-Technik\nreference: invoice\numzug: zgeln\nankunftszustand: intakt\n','2016-09-06 12:59:19','2016-09-06 12:59:19',NULL),(208,'b77nu6d0h2lo15n53z19155','db:1e:19:fd:37:c7-0b:0d:5e:e2:bb:a2-2b:6e:72:cc:66:23',199,102,194,7,NULL,NULL,'2015-05-18','2016-09-06',NULL,NULL,'448.00',0,0,1,0,1,1,NULL,NULL,NULL,NULL,NULL,'--- !ruby/hash:ActiveSupport::HashWithIndifferentAccess\nanschaffungskategorie: AV-Technik\nreference: invoice\numzug: zgeln\nankunftszustand: intakt\n','2016-09-06 12:59:19','2016-09-06 12:59:19',NULL),(209,'ddgta708md5g2f2lf1uv156','9c:e7:5b:aa:5f:10-41:d7:5d:61:54:42-ba:95:2c:c5:0c:51',200,103,195,3,NULL,NULL,'2012-06-04','2016-08-30',NULL,NULL,'314.00',0,0,1,0,1,1,NULL,NULL,NULL,NULL,NULL,'--- !ruby/hash:ActiveSupport::HashWithIndifferentAccess\nanschaffungskategorie: AV-Technik\nreference: invoice\numzug: zgeln\nankunftszustand: intakt\n','2016-08-30 12:59:19','2016-08-30 12:59:19',NULL),(210,'t7ql96nqz6me0yhk13ve157','7c:6b:47:2c:45:34-3f:b5:8b:24:75:92-6a:bc:2e:df:51:85',201,104,196,4,NULL,NULL,'2014-09-06','2016-08-30',NULL,NULL,'141.00',0,0,1,0,1,1,NULL,NULL,NULL,NULL,NULL,'--- !ruby/hash:ActiveSupport::HashWithIndifferentAccess\nanschaffungskategorie: AV-Technik\nreference: invoice\numzug: zgeln\nankunftszustand: intakt\n','2016-08-30 12:59:19','2016-08-30 12:59:19',NULL),(211,'lwnzt35ncasdqfowuixh158','8a:a4:d3:75:97:d4-97:af:3c:86:2f:9d-05:69:5a:be:a7:cc',202,105,197,10,NULL,NULL,'2015-03-01','2016-08-30',NULL,NULL,'137.00',0,0,1,0,1,1,NULL,NULL,NULL,NULL,NULL,'--- !ruby/hash:ActiveSupport::HashWithIndifferentAccess\nanschaffungskategorie: AV-Technik\nreference: invoice\numzug: zgeln\nankunftszustand: intakt\n','2016-08-30 12:59:19','2016-08-30 12:59:19',NULL),(212,'soag8h5py7alokrqcgg1159','d5:1a:b8:8f:6f:3b-e7:9c:24:ed:e4:b5-d4:78:36:a7:26:cd',203,106,198,7,NULL,NULL,'2011-08-21','2016-09-01',NULL,NULL,'1484.00',0,0,1,0,1,1,NULL,NULL,NULL,NULL,NULL,'--- !ruby/hash:ActiveSupport::HashWithIndifferentAccess\nanschaffungskategorie: AV-Technik\nreference: invoice\numzug: zgeln\nankunftszustand: intakt\n','2016-09-01 12:59:19','2016-09-01 12:59:19',NULL),(213,'74pln6jdsa321bd7spzh160','5b:bb:33:ce:9e:99-04:dc:09:2d:fb:22-20:de:0f:8d:07:fc',204,107,199,1,NULL,NULL,'2012-10-18','2016-09-01',NULL,NULL,'1012.00',0,0,1,0,1,1,NULL,NULL,NULL,NULL,NULL,'--- !ruby/hash:ActiveSupport::HashWithIndifferentAccess\nanschaffungskategorie: AV-Technik\nreference: invoice\numzug: zgeln\nankunftszustand: intakt\n','2016-09-01 12:59:19','2016-09-01 12:59:19',NULL),(214,'imi2yfbcwucyddca3zdw161','72:b4:52:9f:ce:94-20:ea:13:5a:09:eb-fa:87:e2:f6:a7:d3',205,108,200,4,NULL,NULL,'2015-11-30','2016-09-01',NULL,NULL,'714.00',0,0,1,0,1,1,NULL,NULL,NULL,NULL,NULL,'--- !ruby/hash:ActiveSupport::HashWithIndifferentAccess\nanschaffungskategorie: AV-Technik\nreference: invoice\numzug: zgeln\nankunftszustand: intakt\n','2016-09-01 12:59:19','2016-09-01 12:59:19',NULL),(215,'iwv4jfg5wk8hx9bmmtjt162','9e:35:33:bd:2d:18-2a:84:a3:f8:c4:9c-bd:da:f9:ef:47:2c',206,109,201,4,NULL,NULL,'2011-09-12','2016-09-01',NULL,NULL,'744.00',0,0,1,0,1,1,NULL,NULL,NULL,NULL,NULL,'--- !ruby/hash:ActiveSupport::HashWithIndifferentAccess\nanschaffungskategorie: AV-Technik\nreference: invoice\numzug: zgeln\nankunftszustand: intakt\n','2016-09-01 12:59:19','2016-09-01 12:59:19',NULL),(216,'67ion893j8xlvjcgsjpg163','85:b4:d8:f6:85:f1-71:b6:4b:4a:f9:fe-db:57:9c:c2:d1:97',207,110,202,5,NULL,NULL,'2011-07-08','2016-09-01',NULL,NULL,'775.00',0,0,1,0,1,1,NULL,NULL,NULL,NULL,NULL,'--- !ruby/hash:ActiveSupport::HashWithIndifferentAccess\nanschaffungskategorie: AV-Technik\nreference: invoice\numzug: zgeln\nankunftszustand: intakt\n','2016-09-01 12:59:19','2016-09-01 12:59:19',NULL),(217,'lpmxwhdz2qubt4fxoig1164','d5:5f:2d:95:e4:f4-60:d1:7c:c2:bb:08-1e:d8:a0:a9:77:18',208,111,203,9,NULL,NULL,'2014-07-07','2016-09-06',NULL,NULL,'1430.00',0,0,1,0,12,1,NULL,NULL,NULL,NULL,NULL,'--- !ruby/hash:ActiveSupport::HashWithIndifferentAccess\nanschaffungskategorie: AV-Technik\nreference: invoice\numzug: zgeln\nankunftszustand: intakt\n','2016-09-06 12:59:19','2016-09-06 12:59:19',NULL),(218,'6cmvl9fk9uql6z5qlofs165','a6:48:6e:68:ca:80-bb:6c:e7:e1:d1:4d-9e:b8:1a:a8:d2:f0',208,112,204,10,NULL,NULL,'2012-11-01','2016-09-06',NULL,NULL,'840.00',0,0,1,0,12,1,NULL,NULL,NULL,NULL,NULL,'--- !ruby/hash:ActiveSupport::HashWithIndifferentAccess\nanschaffungskategorie: AV-Technik\nreference: invoice\numzug: zgeln\nankunftszustand: intakt\n','2016-09-06 12:59:19','2016-09-06 12:59:19',NULL),(219,'akx74ss7vepa1m2ad7te166','ce:a2:99:f6:10:96-42:58:44:3b:00:0a-90:b2:32:2d:71:05',208,113,205,8,NULL,NULL,'2012-03-17','2016-09-06',NULL,NULL,'70.00',0,0,1,0,12,1,NULL,NULL,NULL,NULL,NULL,'--- !ruby/hash:ActiveSupport::HashWithIndifferentAccess\nanschaffungskategorie: AV-Technik\nreference: invoice\numzug: zgeln\nankunftszustand: intakt\n','2016-09-06 12:59:19','2016-09-06 12:59:19',NULL),(220,'hq6zt5e5sr55qlrxop2i167','d0:7a:aa:96:34:88-80:2e:73:de:ec:6f-29:c2:d1:bb:37:97',212,114,206,12,NULL,NULL,'2014-08-15','2016-09-06',NULL,NULL,'822.00',0,0,1,0,12,1,NULL,NULL,NULL,NULL,NULL,'--- !ruby/hash:ActiveSupport::HashWithIndifferentAccess\nanschaffungskategorie: AV-Technik\nreference: invoice\numzug: zgeln\nankunftszustand: intakt\n','2016-09-06 12:59:19','2016-09-06 12:59:19',NULL),(221,'4vkogvd3pq914of0sxuf168','77:f4:39:66:3e:b3-f5:4d:98:75:ea:fb-b3:75:f7:65:85:75',212,115,207,5,NULL,NULL,'2015-03-15','2016-09-06',NULL,NULL,'984.00',0,0,1,0,12,1,NULL,NULL,NULL,NULL,NULL,'--- !ruby/hash:ActiveSupport::HashWithIndifferentAccess\nanschaffungskategorie: AV-Technik\nreference: invoice\numzug: zgeln\nankunftszustand: intakt\n','2016-09-06 12:59:19','2016-09-06 12:59:19',NULL),(222,'w25k3zewgghsvscszv22169','72:6b:87:a9:c2:ab-ae:b3:9e:cd:a9:2b-71:b2:33:c9:ea:17',212,116,208,6,NULL,NULL,'2012-01-04','2016-09-06',NULL,NULL,'1349.00',0,0,1,0,12,1,NULL,NULL,NULL,NULL,NULL,'--- !ruby/hash:ActiveSupport::HashWithIndifferentAccess\nanschaffungskategorie: AV-Technik\nreference: invoice\numzug: zgeln\nankunftszustand: intakt\n','2016-09-06 12:59:19','2016-09-06 12:59:19',NULL),(223,'hs3f0ddugm318fu0j3ts170','94:e3:a8:ad:fb:fb-df:b4:81:98:eb:f8-98:e7:24:69:0b:b3',216,117,209,1,NULL,NULL,'2013-02-03','2016-09-06',NULL,NULL,'850.00',0,0,1,0,12,1,NULL,NULL,NULL,NULL,NULL,'--- !ruby/hash:ActiveSupport::HashWithIndifferentAccess\nanschaffungskategorie: AV-Technik\nreference: invoice\numzug: zgeln\nankunftszustand: intakt\n','2016-09-06 12:59:19','2016-09-06 12:59:19',NULL),(224,'jdj7xtdskac9je8n43kd171','82:3d:bf:01:d0:75-d1:a8:f7:ea:30:39-38:da:e0:c4:a4:84',216,118,210,7,NULL,NULL,'2015-07-09','2016-09-06',NULL,NULL,'819.00',0,0,1,0,12,1,NULL,NULL,NULL,NULL,NULL,'--- !ruby/hash:ActiveSupport::HashWithIndifferentAccess\nanschaffungskategorie: AV-Technik\nreference: invoice\numzug: zgeln\nankunftszustand: intakt\n','2016-09-06 12:59:19','2016-09-06 12:59:19',NULL),(225,'0b5o8u3d5qrudhq9eepx172','bd:85:dc:05:aa:16-4b:e5:a0:94:f0:39-2f:be:4c:5f:7b:58',216,119,211,12,NULL,NULL,'2015-11-01','2016-09-06',NULL,NULL,'209.00',0,0,1,0,12,1,NULL,NULL,NULL,NULL,NULL,'--- !ruby/hash:ActiveSupport::HashWithIndifferentAccess\nanschaffungskategorie: AV-Technik\nreference: invoice\numzug: zgeln\nankunftszustand: intakt\n','2016-09-06 12:59:19','2016-09-06 12:59:19',NULL),(226,'peq2i8m7515nv5vv66mw173','55:73:db:5b:3a:e2-83:62:93:01:02:b5-41:53:40:59:8f:59',220,120,212,5,NULL,NULL,'2014-04-24','2016-09-06',NULL,NULL,'679.00',0,0,1,0,12,1,NULL,NULL,NULL,NULL,NULL,'--- !ruby/hash:ActiveSupport::HashWithIndifferentAccess\nanschaffungskategorie: AV-Technik\nreference: invoice\numzug: zgeln\nankunftszustand: intakt\n','2016-09-06 12:59:19','2016-09-06 12:59:19',NULL),(227,'bdbspds1neaj1b1yqmi1174','1a:61:6a:a7:d3:d5-a4:bf:81:80:93:32-99:9a:02:25:74:93',220,121,213,7,NULL,NULL,'2015-04-10','2016-09-06',NULL,NULL,'692.00',0,0,1,0,12,1,NULL,NULL,NULL,NULL,NULL,'--- !ruby/hash:ActiveSupport::HashWithIndifferentAccess\nanschaffungskategorie: AV-Technik\nreference: invoice\numzug: zgeln\nankunftszustand: intakt\n','2016-09-06 12:59:19','2016-09-06 12:59:19',NULL),(228,'7z50i9wsejblt00p60cc175','0e:6c:e9:2e:46:a2-24:4b:00:23:0b:eb-6c:14:34:b4:cb:33',220,122,214,6,NULL,NULL,'2011-12-19','2016-09-06',NULL,NULL,'962.00',0,0,1,0,12,1,NULL,NULL,NULL,NULL,NULL,'--- !ruby/hash:ActiveSupport::HashWithIndifferentAccess\nanschaffungskategorie: AV-Technik\nreference: invoice\numzug: zgeln\nankunftszustand: intakt\n','2016-09-06 12:59:19','2016-09-06 12:59:19',NULL),(229,'6tzbikmowrklzb5m0r3k176','ee:f0:54:e0:4f:d0-fd:7d:51:3a:91:97-a8:ef:d4:99:b4:fa',224,123,215,7,NULL,NULL,'2015-02-21','2016-09-06',NULL,NULL,'865.00',0,0,1,0,12,1,NULL,NULL,NULL,NULL,NULL,'--- !ruby/hash:ActiveSupport::HashWithIndifferentAccess\nanschaffungskategorie: AV-Technik\nreference: invoice\numzug: zgeln\nankunftszustand: intakt\n','2016-09-06 12:59:19','2016-09-06 12:59:19',NULL),(230,'y01jidongjx6bkzxlvll177','c5:69:75:b9:d7:63-cc:4b:36:a3:86:34-63:21:e6:4e:57:b7',224,124,216,11,NULL,NULL,'2012-02-15','2016-09-06',NULL,NULL,'1144.00',0,0,1,0,12,1,NULL,NULL,NULL,NULL,NULL,'--- !ruby/hash:ActiveSupport::HashWithIndifferentAccess\nanschaffungskategorie: AV-Technik\nreference: invoice\numzug: zgeln\nankunftszustand: intakt\n','2016-09-06 12:59:19','2016-09-06 12:59:19',NULL),(231,'gw6970nk28zll3nvvnwm178','3b:44:04:4f:cd:a4-e4:52:bf:88:c6:7a-9b:a4:83:c7:86:2f',224,125,217,10,NULL,NULL,'2015-12-12','2016-09-06',NULL,NULL,'524.00',0,0,1,0,12,1,NULL,NULL,NULL,NULL,NULL,'--- !ruby/hash:ActiveSupport::HashWithIndifferentAccess\nanschaffungskategorie: AV-Technik\nreference: invoice\numzug: zgeln\nankunftszustand: intakt\n','2016-09-06 12:59:19','2016-09-06 12:59:19',NULL),(232,'fy1k7a3gibnby1aozej4179','9e:57:d9:5e:76:85-d7:55:db:85:37:ea-83:2e:6e:3a:5b:1a',228,126,218,10,NULL,NULL,'2011-07-08','2016-09-06',NULL,NULL,'8.00',0,0,1,0,1,1,NULL,NULL,NULL,NULL,NULL,'--- !ruby/hash:ActiveSupport::HashWithIndifferentAccess\nanschaffungskategorie: AV-Technik\nreference: invoice\numzug: zgeln\nankunftszustand: intakt\n','2016-09-06 12:59:19','2016-09-06 12:59:19',NULL),(233,'uno2r0hdgap2vuh12hi9180','25:86:1d:57:ad:83-fc:7e:2e:d6:c5:22-52:a8:7a:1f:dd:90',229,127,219,7,NULL,NULL,'2012-01-21','2016-09-06',NULL,NULL,'1098.00',0,0,1,0,1,1,NULL,NULL,NULL,NULL,NULL,'--- !ruby/hash:ActiveSupport::HashWithIndifferentAccess\nanschaffungskategorie: AV-Technik\nreference: invoice\numzug: zgeln\nankunftszustand: intakt\n','2016-09-06 12:59:19','2016-09-06 12:59:19',NULL),(234,'wft1jmuk8vnz3g0ihr4i181','68:7c:e9:71:50:aa-48:14:2b:ae:e3:e9-75:1f:93:9d:b9:12',230,128,220,10,NULL,NULL,'2013-09-12','2016-09-06',NULL,NULL,'1138.00',0,0,1,0,1,1,NULL,NULL,NULL,NULL,NULL,'--- !ruby/hash:ActiveSupport::HashWithIndifferentAccess\nanschaffungskategorie: AV-Technik\nreference: invoice\numzug: zgeln\nankunftszustand: intakt\n','2016-09-06 12:59:19','2016-09-06 12:59:19',NULL),(235,'xogsoraqaw6zdlensi6b182','1d:81:26:56:db:93-54:53:41:03:b3:ab-db:86:36:cc:ab:6e',231,129,221,6,NULL,NULL,'2015-09-27','2016-09-06',NULL,NULL,'51.00',0,0,1,0,1,1,NULL,NULL,NULL,NULL,NULL,'--- !ruby/hash:ActiveSupport::HashWithIndifferentAccess\nanschaffungskategorie: AV-Technik\nreference: invoice\numzug: zgeln\nankunftszustand: intakt\n','2016-09-06 12:59:19','2016-09-06 12:59:19',NULL),(236,'ieupdktlanleomvx9ven183','ae:d8:db:68:f5:14-c3:53:77:d5:87:40-9f:89:d5:36:5d:c6',232,130,222,1,NULL,NULL,'2011-02-01','2016-09-06',NULL,NULL,'112.00',0,0,1,0,1,1,NULL,NULL,NULL,NULL,NULL,'--- !ruby/hash:ActiveSupport::HashWithIndifferentAccess\nanschaffungskategorie: AV-Technik\nreference: invoice\numzug: zgeln\nankunftszustand: intakt\n','2016-09-06 12:59:19','2016-09-06 12:59:19',NULL),(237,'7e9lf3ovfi02no4quupk184','a6:a0:22:28:99:51-de:71:77:9d:3e:05-03:84:3a:66:c9:5d',233,131,223,1,NULL,NULL,'2015-10-05','2016-09-06',NULL,NULL,'1243.00',0,0,1,0,1,1,NULL,NULL,NULL,NULL,NULL,'--- !ruby/hash:ActiveSupport::HashWithIndifferentAccess\nanschaffungskategorie: AV-Technik\nreference: invoice\numzug: zgeln\nankunftszustand: intakt\n','2016-09-06 12:59:19','2016-09-06 12:59:19',NULL),(238,'b0pxghzmxahvtdtvuodi185','38:56:6a:27:3b:a5-dd:69:fc:f7:a1:40-3a:22:99:7f:79:6e',234,132,224,12,NULL,NULL,'2013-09-29','2016-09-06',NULL,NULL,'1048.00',0,0,1,0,1,1,NULL,NULL,NULL,NULL,NULL,'--- !ruby/hash:ActiveSupport::HashWithIndifferentAccess\nanschaffungskategorie: AV-Technik\nreference: invoice\numzug: zgeln\nankunftszustand: intakt\n','2016-09-06 12:59:19','2016-09-06 12:59:19',NULL),(239,'0v5qoyfyiuzdri62vhdd186','d1:d1:b0:c7:f3:34-33:6c:5a:f5:90:1e-5f:8e:52:0a:57:7c',235,133,225,2,NULL,NULL,'2011-11-05','2016-09-06',NULL,NULL,'220.00',0,0,1,0,1,1,NULL,NULL,NULL,NULL,NULL,'--- !ruby/hash:ActiveSupport::HashWithIndifferentAccess\nanschaffungskategorie: AV-Technik\nreference: invoice\numzug: zgeln\nankunftszustand: intakt\n','2016-09-06 12:59:19','2016-09-06 12:59:19',NULL),(240,'mpucf8f173hvyhxue8v6187','5a:06:05:ae:bf:d0-71:69:fd:33:64:7d-98:ba:e6:ed:73:55',236,134,226,2,NULL,NULL,'2012-09-03','2016-09-06',NULL,NULL,'52.00',0,0,1,0,1,1,NULL,NULL,NULL,NULL,NULL,'--- !ruby/hash:ActiveSupport::HashWithIndifferentAccess\nanschaffungskategorie: AV-Technik\nreference: invoice\numzug: zgeln\nankunftszustand: intakt\n','2016-09-06 12:59:19','2016-09-06 12:59:19',NULL),(241,'lwexhs0sism9e0ro2tlr188','4b:ab:15:b3:d5:0f-22:6d:b6:4c:77:63-cd:7c:81:1f:60:c7',237,135,227,2,NULL,NULL,'2015-08-13','2016-09-06',NULL,NULL,'364.00',0,0,1,0,1,1,NULL,NULL,NULL,NULL,NULL,'--- !ruby/hash:ActiveSupport::HashWithIndifferentAccess\nanschaffungskategorie: AV-Technik\nreference: invoice\numzug: zgeln\nankunftszustand: intakt\n','2016-09-06 12:59:19','2016-09-06 12:59:19',NULL),(242,'adgp2rpb04yigqnxouwa189','c1:73:04:77:3d:55-ca:a0:25:47:7a:9d-ac:16:97:c7:34:23',238,136,228,6,NULL,NULL,'2014-04-13','2016-09-06',NULL,NULL,'839.00',0,0,1,0,1,1,NULL,NULL,NULL,NULL,NULL,'--- !ruby/hash:ActiveSupport::HashWithIndifferentAccess\nanschaffungskategorie: AV-Technik\nreference: invoice\numzug: zgeln\nankunftszustand: intakt\n','2016-09-06 12:59:19','2016-09-06 12:59:19',NULL),(243,'ccbte7be2c4ewrjbtsf0190','c2:ff:7b:d5:d1:50-e7:0a:d3:5a:f4:fe-6c:90:ab:29:2a:54',239,137,229,7,NULL,NULL,'2012-05-18','2016-09-06',NULL,NULL,'131.00',0,0,1,0,1,1,NULL,NULL,NULL,NULL,NULL,'--- !ruby/hash:ActiveSupport::HashWithIndifferentAccess\nanschaffungskategorie: AV-Technik\nreference: invoice\numzug: zgeln\nankunftszustand: intakt\n','2016-09-06 12:59:19','2016-09-06 12:59:19',NULL),(244,'qm4atp1yxkm3bv9wqab3191','e5:6e:6a:35:ab:3a-d7:f8:88:81:f4:b4-f7:fe:72:4f:9b:f7',240,138,230,10,NULL,NULL,'2013-09-27','2016-09-06',NULL,NULL,'1227.00',0,0,1,0,1,1,NULL,NULL,NULL,NULL,NULL,'--- !ruby/hash:ActiveSupport::HashWithIndifferentAccess\nanschaffungskategorie: AV-Technik\nreference: invoice\numzug: zgeln\nankunftszustand: intakt\n','2016-09-06 12:59:19','2016-09-06 12:59:19',NULL),(245,'y8klt2hxa1qw8v0s8dod192','0a:40:33:a5:c7:9d-d1:3c:49:6a:67:69-d5:85:76:93:00:e9',241,139,231,7,NULL,NULL,'2011-02-09','2016-09-06',NULL,NULL,'20.00',0,0,1,0,1,1,NULL,NULL,NULL,NULL,NULL,'--- !ruby/hash:ActiveSupport::HashWithIndifferentAccess\nanschaffungskategorie: AV-Technik\nreference: invoice\numzug: zgeln\nankunftszustand: intakt\n','2016-09-06 12:59:19','2016-09-06 12:59:19',NULL),(246,'58wnjfvu8ir75zv8pd56193','ed:c6:80:a8:4a:3e-d7:bd:af:af:f0:1d-53:8c:21:cd:17:46',242,140,232,12,NULL,NULL,'2014-11-16','2016-09-06',NULL,NULL,'1328.00',0,0,1,0,1,1,NULL,NULL,NULL,NULL,NULL,'--- !ruby/hash:ActiveSupport::HashWithIndifferentAccess\nanschaffungskategorie: AV-Technik\nreference: invoice\numzug: zgeln\nankunftszustand: intakt\n','2016-09-06 12:59:19','2016-09-06 12:59:19',NULL),(247,'r7l3psc3pyreulmyxjob194','9a:98:b2:7e:09:3d-0c:11:d4:9f:8a:f4-e9:35:9f:41:36:ad',243,141,233,6,NULL,NULL,'2014-05-26','2016-09-06',NULL,NULL,'822.00',0,0,1,0,1,1,NULL,NULL,NULL,NULL,NULL,'--- !ruby/hash:ActiveSupport::HashWithIndifferentAccess\nanschaffungskategorie: AV-Technik\nreference: invoice\numzug: zgeln\nankunftszustand: intakt\n','2016-09-06 12:59:19','2016-09-06 12:59:19',NULL),(248,'oy0312gx427p9tckbiiq195','72:97:f7:26:b3:f8-95:80:a9:20:18:67-08:49:dc:a6:5b:77',244,142,234,3,NULL,NULL,'2012-12-22','2016-09-06',NULL,NULL,'759.00',0,0,1,0,1,1,NULL,NULL,NULL,NULL,NULL,'--- !ruby/hash:ActiveSupport::HashWithIndifferentAccess\nanschaffungskategorie: AV-Technik\nreference: invoice\numzug: zgeln\nankunftszustand: intakt\n','2016-09-06 12:59:19','2016-09-06 12:59:19',NULL),(249,'m1lx0f9c3jbv5iqudupd196','2e:89:c5:b4:46:d6-af:9e:82:01:b7:3e-9d:09:a9:87:e7:a8',245,143,235,9,NULL,NULL,'2014-11-21','2016-09-06',NULL,NULL,'568.00',0,0,1,0,1,1,NULL,NULL,NULL,NULL,NULL,'--- !ruby/hash:ActiveSupport::HashWithIndifferentAccess\nanschaffungskategorie: AV-Technik\nreference: invoice\numzug: zgeln\nankunftszustand: intakt\n','2016-09-06 12:59:19','2016-09-06 12:59:19',NULL),(250,'ndn7lrlxtscjoqjrrmlk197','aa:0b:c2:b4:15:cb-13:15:b7:73:c7:d9-f9:94:2b:84:9a:d9',246,144,236,8,NULL,NULL,'2012-05-11','2016-09-06',NULL,NULL,'692.00',0,0,1,0,1,1,NULL,NULL,NULL,NULL,NULL,'--- !ruby/hash:ActiveSupport::HashWithIndifferentAccess\nanschaffungskategorie: AV-Technik\nreference: invoice\numzug: zgeln\nankunftszustand: intakt\n','2016-09-06 12:59:19','2016-09-06 12:59:19',NULL),(251,'b3j9q1j1u4e93krqv4z4198','90:3f:1d:74:92:8d-f4:76:66:05:04:de-b3:0e:ec:9d:21:e5',247,145,237,6,NULL,NULL,'2011-01-18','2016-09-06',NULL,NULL,'190.00',0,0,1,0,1,1,NULL,NULL,NULL,NULL,NULL,'--- !ruby/hash:ActiveSupport::HashWithIndifferentAccess\nanschaffungskategorie: AV-Technik\nreference: invoice\numzug: zgeln\nankunftszustand: intakt\n','2016-09-06 12:59:19','2016-09-06 12:59:19',NULL),(252,'jlke96qdyvf2p8v5d3xn199','0b:1f:4e:51:0a:ed-b2:18:de:f0:57:06-b3:9a:1d:62:10:de',248,146,238,1,NULL,NULL,'2011-03-19','2016-09-06',NULL,NULL,'558.00',0,0,1,0,1,1,NULL,NULL,NULL,NULL,NULL,'--- !ruby/hash:ActiveSupport::HashWithIndifferentAccess\nanschaffungskategorie: AV-Technik\nreference: invoice\numzug: zgeln\nankunftszustand: intakt\n','2016-09-06 12:59:19','2016-09-06 12:59:19',NULL),(253,'82ax2zddagc1dsc4zjrw200','50:e1:55:01:c0:10-40:74:a6:b7:59:35-18:6e:ba:1c:7f:a5',249,147,239,8,NULL,NULL,'2015-09-14','2016-09-06',NULL,NULL,'1241.00',0,0,1,0,1,1,NULL,NULL,NULL,NULL,NULL,'--- !ruby/hash:ActiveSupport::HashWithIndifferentAccess\nanschaffungskategorie: AV-Technik\nreference: invoice\numzug: zgeln\nankunftszustand: intakt\n','2016-09-06 12:59:19','2016-09-06 12:59:19',NULL),(254,'trapjjn5suztuo0kll5t201','98:0b:98:3f:d3:a7-3c:90:fd:e7:02:10-9b:76:9e:9d:f0:11',250,148,240,4,NULL,NULL,'2015-07-12','2016-09-06',NULL,NULL,'242.00',0,0,1,0,1,1,NULL,NULL,NULL,NULL,NULL,'--- !ruby/hash:ActiveSupport::HashWithIndifferentAccess\nanschaffungskategorie: AV-Technik\nreference: invoice\numzug: zgeln\nankunftszustand: intakt\n','2016-09-06 12:59:19','2016-09-06 12:59:19',NULL),(255,'5ggk6nw86a9i3lghpce8202','8b:81:db:05:0f:2b-d6:03:22:c9:00:af-ef:a3:2c:ff:97:f2',251,149,241,11,NULL,NULL,'2011-11-14','2016-09-06',NULL,NULL,'1254.00',0,0,1,0,1,1,NULL,NULL,NULL,NULL,NULL,'--- !ruby/hash:ActiveSupport::HashWithIndifferentAccess\nanschaffungskategorie: AV-Technik\nreference: invoice\numzug: zgeln\nankunftszustand: intakt\n','2016-09-06 12:59:19','2016-09-06 12:59:19',NULL),(256,'pzhzr4jnya59fb8yozu3203','8d:76:f7:36:2f:5d-47:a1:ef:ff:38:63-ec:22:da:dc:5b:7a',252,150,242,9,NULL,NULL,'2013-12-09','2016-09-06',NULL,NULL,'307.00',0,0,1,0,1,1,NULL,NULL,NULL,NULL,NULL,'--- !ruby/hash:ActiveSupport::HashWithIndifferentAccess\nanschaffungskategorie: AV-Technik\nreference: invoice\numzug: zgeln\nankunftszustand: intakt\n','2016-09-06 12:59:19','2016-09-06 12:59:19',NULL),(257,'igz7e2w96ozbcdrrsxq8204','7e:e9:80:cc:a2:b9-7e:c5:01:e9:bb:5f-5c:8e:f6:b4:f0:67',253,151,243,5,NULL,NULL,'2015-06-14','2016-09-06',NULL,NULL,'1311.00',0,0,1,0,1,1,NULL,NULL,NULL,NULL,NULL,'--- !ruby/hash:ActiveSupport::HashWithIndifferentAccess\nanschaffungskategorie: AV-Technik\nreference: invoice\numzug: zgeln\nankunftszustand: intakt\n','2016-09-06 12:59:19','2016-09-06 12:59:19',NULL),(258,'j4k81au67ecribqiuqix205','46:b9:76:5b:53:45-34:d5:25:21:7e:46-e7:1a:05:e7:45:90',254,152,244,9,NULL,NULL,'2015-04-08','2016-09-06',NULL,NULL,'81.00',0,0,1,0,1,1,NULL,NULL,NULL,NULL,NULL,'--- !ruby/hash:ActiveSupport::HashWithIndifferentAccess\nanschaffungskategorie: AV-Technik\nreference: invoice\numzug: zgeln\nankunftszustand: intakt\n','2016-09-06 12:59:19','2016-09-06 12:59:19',NULL),(259,'oxv13ap5a3oinw5t8lud206','ef:6b:d7:07:65:ae-f7:f3:a4:27:05:81-7b:1a:d7:0e:d2:23',255,153,245,8,NULL,NULL,'2013-06-25','2016-09-06',NULL,NULL,'871.00',0,0,1,0,1,1,NULL,NULL,NULL,NULL,NULL,'--- !ruby/hash:ActiveSupport::HashWithIndifferentAccess\nanschaffungskategorie: AV-Technik\nreference: invoice\numzug: zgeln\nankunftszustand: intakt\n','2016-09-06 12:59:19','2016-09-06 12:59:19',NULL),(260,'co1j18bk84wb900f8s4g207','d7:ac:6e:f2:e5:24-f3:5d:66:c2:c1:09-da:25:9f:4f:51:f5',256,154,246,4,NULL,NULL,'2015-10-25','2016-09-06',NULL,NULL,'280.00',0,0,1,0,1,1,NULL,NULL,NULL,NULL,NULL,'--- !ruby/hash:ActiveSupport::HashWithIndifferentAccess\nanschaffungskategorie: AV-Technik\nreference: invoice\numzug: zgeln\nankunftszustand: intakt\n','2016-09-06 12:59:19','2016-09-06 12:59:19',NULL),(261,'pktkzmn0ssgu315ldab8208','71:16:c4:45:17:7b-63:7e:ce:09:33:c4-23:16:ff:ea:41:7e',257,155,247,5,NULL,NULL,'2013-01-11','2016-09-06',NULL,NULL,'37.00',0,0,1,0,1,1,NULL,NULL,NULL,NULL,NULL,'--- !ruby/hash:ActiveSupport::HashWithIndifferentAccess\nanschaffungskategorie: AV-Technik\nreference: invoice\numzug: zgeln\nankunftszustand: intakt\n','2016-09-06 12:59:19','2016-09-06 12:59:19',NULL),(262,'92ff192k1e639mwecf2i209','89:23:10:66:3e:6f-7d:8b:32:a3:1f:90-81:4f:83:1b:f9:2b',258,156,248,12,NULL,NULL,'2011-12-14','2016-09-06',NULL,NULL,'37.00',0,0,1,0,1,1,NULL,NULL,NULL,NULL,NULL,'--- !ruby/hash:ActiveSupport::HashWithIndifferentAccess\nanschaffungskategorie: AV-Technik\nreference: invoice\numzug: zgeln\nankunftszustand: intakt\n','2016-09-06 12:59:19','2016-09-06 12:59:19',NULL),(263,'owx01pflu5lbzcok7j1a210','0a:fd:2f:ba:9d:76-c8:9e:b1:af:71:7c-ec:a4:84:44:4f:32',259,157,249,12,NULL,NULL,'2014-08-06','2016-09-06',NULL,NULL,'392.00',0,0,1,0,1,1,NULL,NULL,NULL,NULL,NULL,'--- !ruby/hash:ActiveSupport::HashWithIndifferentAccess\nanschaffungskategorie: AV-Technik\nreference: invoice\numzug: zgeln\nankunftszustand: intakt\n','2016-09-06 12:59:19','2016-09-06 12:59:19',NULL),(264,'438k7qfl0cvbox06u17v211','93:3f:0c:77:48:a0-8a:36:e0:73:b0:c4-c0:5a:1c:e0:57:24',260,158,250,12,NULL,NULL,'2014-03-21','2016-09-06',NULL,NULL,'866.00',0,0,1,0,1,1,NULL,NULL,NULL,NULL,NULL,'--- !ruby/hash:ActiveSupport::HashWithIndifferentAccess\nanschaffungskategorie: AV-Technik\nreference: invoice\numzug: zgeln\nankunftszustand: intakt\n','2016-09-06 12:59:19','2016-09-06 12:59:19',NULL),(265,'2w3awxvuy0wq0mez4g3g212','20:96:a2:81:a8:08-62:2f:f7:a8:48:49-d6:76:d6:7b:f9:92',261,159,251,11,NULL,NULL,'2013-12-21','2016-09-06',NULL,NULL,'1435.00',0,0,1,0,1,1,NULL,NULL,NULL,NULL,NULL,'--- !ruby/hash:ActiveSupport::HashWithIndifferentAccess\nanschaffungskategorie: AV-Technik\nreference: invoice\numzug: zgeln\nankunftszustand: intakt\n','2016-09-06 12:59:19','2016-09-06 12:59:19',NULL),(266,'leliftmengkqwqy7fw1l213','da:10:d2:88:0d:a1-20:87:27:69:07:1b-13:31:dc:92:f4:68',262,160,252,6,NULL,NULL,'2013-07-01','2016-09-06',NULL,NULL,'234.00',0,0,1,0,1,1,NULL,NULL,NULL,NULL,NULL,'--- !ruby/hash:ActiveSupport::HashWithIndifferentAccess\nanschaffungskategorie: AV-Technik\nreference: invoice\numzug: zgeln\nankunftszustand: intakt\n','2016-09-06 12:59:19','2016-09-06 12:59:19',NULL),(267,'tdwjima5z0ou7fl9bqik214','f4:2e:de:43:4e:47-d1:dc:91:db:44:f4-87:81:80:27:fb:29',263,161,253,2,NULL,NULL,'2013-04-27','2016-09-06',NULL,NULL,'362.00',0,0,1,0,1,1,NULL,NULL,NULL,NULL,NULL,'--- !ruby/hash:ActiveSupport::HashWithIndifferentAccess\nanschaffungskategorie: AV-Technik\nreference: invoice\numzug: zgeln\nankunftszustand: intakt\n','2016-09-06 12:59:19','2016-09-06 12:59:19',NULL),(268,'2nf72kl3u8phe3tuxx13215','bc:cc:12:4f:95:c2-19:37:91:fd:0b:6f-a1:66:c5:9a:43:78',264,162,254,9,NULL,NULL,'2014-04-27','2016-09-04',NULL,NULL,'176.00',0,0,1,0,1,1,NULL,NULL,NULL,NULL,NULL,'--- !ruby/hash:ActiveSupport::HashWithIndifferentAccess\nanschaffungskategorie: AV-Technik\nreference: invoice\numzug: zgeln\nankunftszustand: intakt\n','2016-09-04 12:59:19','2016-09-04 12:59:19',NULL),(269,'74odu9c17s564jfo5d08216','01:fd:be:f1:e5:68-f5:ac:0e:01:75:b0-48:9a:c0:e4:c6:a5',265,163,255,5,NULL,NULL,'2015-08-16','2016-09-04',NULL,NULL,'680.00',0,0,1,0,1,1,NULL,NULL,NULL,NULL,NULL,'--- !ruby/hash:ActiveSupport::HashWithIndifferentAccess\nanschaffungskategorie: AV-Technik\nreference: invoice\numzug: zgeln\nankunftszustand: intakt\n','2016-09-04 12:59:19','2016-09-04 12:59:19',NULL),(270,'3lavbvvaitrcip4ko1iv217','f4:de:5e:cf:f1:0b-79:1c:cf:6d:8e:04-0d:63:a3:2f:f9:58',266,164,256,3,NULL,NULL,'2012-09-14','2016-09-04',NULL,NULL,'963.00',0,0,1,0,1,1,NULL,NULL,NULL,NULL,NULL,'--- !ruby/hash:ActiveSupport::HashWithIndifferentAccess\nanschaffungskategorie: AV-Technik\nreference: invoice\numzug: zgeln\nankunftszustand: intakt\n','2016-09-04 12:59:19','2016-09-04 12:59:19',NULL),(271,'ztu0vnon7zgjkf88q0f2218','55:31:27:88:3e:33-1c:59:6f:bf:8d:60-65:82:59:77:24:b6',267,165,257,9,NULL,NULL,'2014-08-22','2016-09-06',NULL,NULL,'381.00',0,0,1,0,1,1,NULL,NULL,NULL,NULL,NULL,'--- !ruby/hash:ActiveSupport::HashWithIndifferentAccess\nanschaffungskategorie: AV-Technik\nreference: invoice\numzug: zgeln\nankunftszustand: intakt\n','2016-09-06 12:59:19','2016-09-06 12:59:19',NULL),(272,'y9j6uf7ig8n1ig7nqtb9219','f6:d6:c8:ad:c1:40-eb:f6:5e:ae:08:16-03:54:90:a3:94:66',268,NULL,NULL,12,NULL,NULL,NULL,NULL,NULL,NULL,NULL,0,0,0,0,1,0,NULL,NULL,NULL,NULL,NULL,'--- !ruby/hash:ActiveSupport::HashWithIndifferentAccess\nlicense_type: single_workplace\nactivation_type: serial_number\noperating_system:\n- windows\n- linux\ninstallation:\n- citrix\n- web\nreference: invoice\nmaintenance_contract: \'false\'\nmaintenance_currency: CHF\n','2016-09-06 12:59:19','2016-09-06 12:59:19',NULL),(273,'c1hg7fr0caw1h7xn39mn220','e9:33:ac:ad:70:27-69:7a:67:c6:59:87-29:82:43:77:3c:d1',269,166,258,8,NULL,NULL,'2013-05-04','2016-09-01',NULL,NULL,'579.00',0,0,1,0,2,1,NULL,NULL,NULL,NULL,NULL,'--- !ruby/hash:ActiveSupport::HashWithIndifferentAccess\nanschaffungskategorie: AV-Technik\nreference: invoice\numzug: zgeln\nankunftszustand: intakt\n','2016-09-01 12:59:19','2016-09-01 12:59:19',NULL),(274,'fs2nuyn8fr54gckr20an221','9d:4c:ae:dc:68:6d-82:3c:52:4e:8c:13-13:78:59:05:54:af',270,167,259,12,NULL,NULL,'2015-03-24','2016-09-06',NULL,NULL,'1481.00',0,0,1,0,1,1,NULL,NULL,NULL,NULL,NULL,'--- !ruby/hash:ActiveSupport::HashWithIndifferentAccess\nanschaffungskategorie: AV-Technik\nreference: invoice\numzug: zgeln\nankunftszustand: intakt\n','2016-09-06 12:59:19','2016-09-06 12:59:19',NULL),(275,'ockfyznew6uwij09q2z5222','18:71:15:98:70:dc-20:ac:6a:31:39:ef-4c:32:51:27:55:8f',271,NULL,NULL,6,NULL,NULL,NULL,NULL,NULL,NULL,NULL,0,0,0,0,1,0,NULL,NULL,NULL,NULL,NULL,'--- !ruby/hash:ActiveSupport::HashWithIndifferentAccess\nlicense_type: single_workplace\nactivation_type: serial_number\noperating_system:\n- windows\n- linux\ninstallation:\n- citrix\n- web\nreference: invoice\nmaintenance_contract: \'false\'\nmaintenance_currency: CHF\n','2016-09-06 12:59:19','2016-09-06 12:59:19',NULL),(276,'3beooq6jo9fziy4ek7k1223','52:f6:1b:c4:b6:1a-34:7f:ff:d8:72:5b-ac:73:22:b7:96:f1',272,NULL,260,1,NULL,NULL,'2015-10-18','2016-09-06',NULL,NULL,'796.00',0,0,1,0,1,1,NULL,NULL,NULL,NULL,NULL,'--- !ruby/hash:ActiveSupport::HashWithIndifferentAccess\nanschaffungskategorie: AV-Technik\nreference: invoice\numzug: zgeln\nankunftszustand: intakt\n','2016-09-06 12:59:19','2016-09-06 12:59:19',NULL),(277,'lzche9ftav7vp86d1t24224','55:d3:67:05:75:d9-a4:28:cd:22:5f:58-b4:cc:be:6f:af:e7',273,168,261,1,NULL,NULL,'2015-10-13','2016-09-06',NULL,NULL,'216.00',0,0,1,0,1,1,NULL,NULL,NULL,NULL,NULL,'--- !ruby/hash:ActiveSupport::HashWithIndifferentAccess\nanschaffungskategorie: AV-Technik\nreference: invoice\numzug: zgeln\nankunftszustand: intakt\n','2016-09-06 12:59:19','2016-09-06 12:59:19',NULL),(278,'wi9np0yiiy4ndhrvgm6v225','96:77:d6:00:a3:6d-75:6d:69:da:27:75-46:10:82:e1:ef:a9',274,169,262,8,NULL,NULL,'2014-05-01','2016-09-06',NULL,NULL,'621.00',0,0,1,0,2,1,NULL,NULL,NULL,NULL,NULL,'--- !ruby/hash:ActiveSupport::HashWithIndifferentAccess\nanschaffungskategorie: AV-Technik\nreference: invoice\numzug: zgeln\nankunftszustand: intakt\n','2016-09-06 12:59:19','2016-09-06 12:59:19',NULL),(279,'c3lk4a3g7v9cdsxj82jw226','c4:09:87:e6:43:f4-3b:41:5b:61:0a:11-dc:e2:6c:84:5e:db',275,170,263,7,NULL,NULL,'2012-11-10','2016-09-06',NULL,NULL,'1249.00',0,0,1,0,2,1,NULL,NULL,NULL,NULL,NULL,'--- !ruby/hash:ActiveSupport::HashWithIndifferentAccess\nanschaffungskategorie: AV-Technik\nreference: invoice\numzug: zgeln\nankunftszustand: intakt\n','2016-09-06 12:59:19','2016-09-06 12:59:19',NULL),(280,'e73epcnrex0rfrkn8w6g227','ef:80:a2:b0:bb:c5-ac:fc:14:7e:8c:4e-8e:95:bf:af:48:72',276,171,264,2,NULL,NULL,'2013-11-15','2016-09-06',NULL,NULL,'481.00',0,0,1,0,2,1,NULL,NULL,NULL,NULL,NULL,'--- !ruby/hash:ActiveSupport::HashWithIndifferentAccess\nanschaffungskategorie: AV-Technik\nreference: invoice\numzug: zgeln\nankunftszustand: intakt\n','2016-09-06 12:59:19','2016-09-06 12:59:19',NULL),(281,'kbgxpbucefbyfkkareb1228','b0:82:03:e7:8c:d5-92:8f:fb:47:d2:b3-0b:6d:f0:54:fa:c2',277,172,265,10,NULL,NULL,'2011-01-23','2016-09-06',NULL,NULL,'832.00',0,0,1,0,1,1,NULL,NULL,NULL,NULL,NULL,'--- !ruby/hash:ActiveSupport::HashWithIndifferentAccess\nanschaffungskategorie: AV-Technik\nreference: invoice\numzug: zgeln\nankunftszustand: intakt\n','2016-09-06 12:59:19','2016-09-06 12:59:19',NULL),(282,'f4lchmjc233bt76942ea229','ac:bd:50:b9:43:7e-6c:11:32:0a:b7:9f-71:ed:90:81:4f:50',278,173,266,3,NULL,NULL,'2015-05-16','2016-09-06',NULL,NULL,'345.00',0,0,1,0,1,1,NULL,NULL,NULL,NULL,NULL,'--- !ruby/hash:ActiveSupport::HashWithIndifferentAccess\nanschaffungskategorie: AV-Technik\nreference: invoice\numzug: zgeln\nankunftszustand: intakt\n','2016-09-06 12:59:19','2016-09-06 12:59:19',NULL),(283,'qvppsxl0jqexj7d2ltdm230','d9:77:56:91:05:fd-4d:4e:fa:9f:90:0c-21:52:6e:a3:8d:86',279,174,267,11,NULL,NULL,'2012-11-25','2016-09-06',NULL,NULL,'1009.00',0,0,1,0,1,1,NULL,NULL,NULL,NULL,NULL,'--- !ruby/hash:ActiveSupport::HashWithIndifferentAccess\nanschaffungskategorie: AV-Technik\nreference: invoice\numzug: zgeln\nankunftszustand: intakt\n','2016-09-06 12:59:19','2016-09-06 12:59:19',NULL),(284,'mck7jh6octypprnswpzf231','25:b5:89:bb:84:bf-0c:09:3b:6d:e2:63-19:2b:7c:59:bc:ee',280,175,268,7,NULL,NULL,'2014-06-17','2016-09-06',NULL,NULL,'1496.00',0,0,1,0,1,1,NULL,NULL,NULL,NULL,NULL,'--- !ruby/hash:ActiveSupport::HashWithIndifferentAccess\nanschaffungskategorie: AV-Technik\nreference: invoice\numzug: zgeln\nankunftszustand: intakt\n','2016-09-06 12:59:19','2016-09-06 12:59:19',NULL),(285,'vluztrng7umss46popmp232','3d:4d:6c:6b:be:e6-f5:8d:e3:4e:00:74-53:76:49:01:e6:8c',281,176,269,4,NULL,NULL,'2014-10-18','2016-09-06',NULL,NULL,'1159.00',0,0,1,0,1,1,NULL,NULL,NULL,NULL,NULL,'--- !ruby/hash:ActiveSupport::HashWithIndifferentAccess\nanschaffungskategorie: AV-Technik\nreference: invoice\numzug: zgeln\nankunftszustand: intakt\n','2016-09-06 12:59:19','2016-09-06 12:59:19',NULL),(286,'7720xyud5lfulnvp9c9f233','b8:b4:fb:9f:33:68-01:13:c8:72:51:b6-91:94:1a:14:10:b0',282,177,270,2,NULL,NULL,'2011-12-16','2016-09-06',NULL,NULL,'234.00',0,0,1,0,1,1,NULL,NULL,NULL,NULL,NULL,'--- !ruby/hash:ActiveSupport::HashWithIndifferentAccess\nanschaffungskategorie: AV-Technik\nreference: invoice\numzug: zgeln\nankunftszustand: intakt\n','2016-09-06 12:59:19','2016-09-06 12:59:19',NULL),(287,'av08lk7bu7u6nm2d6xq2234','a5:f4:8b:34:b1:ee-6b:56:9b:02:96:73-48:0d:ed:a2:ec:ef',283,178,271,8,NULL,NULL,'2012-08-14','2016-09-06',NULL,NULL,'1147.00',0,0,1,0,1,1,NULL,NULL,NULL,NULL,NULL,'--- !ruby/hash:ActiveSupport::HashWithIndifferentAccess\nanschaffungskategorie: AV-Technik\nreference: invoice\numzug: zgeln\nankunftszustand: intakt\n','2016-09-06 12:59:19','2016-09-06 12:59:19',NULL),(288,'von2wyw0l62c5pdptio5235','d7:23:1c:89:b3:77-5c:90:71:07:90:7f-48:c6:f8:30:74:8a',284,179,272,6,NULL,NULL,'2013-06-28','2016-09-06',NULL,NULL,'652.00',0,0,1,0,1,1,NULL,NULL,NULL,NULL,NULL,'--- !ruby/hash:ActiveSupport::HashWithIndifferentAccess\nanschaffungskategorie: AV-Technik\nreference: invoice\numzug: zgeln\nankunftszustand: intakt\n','2016-09-06 12:59:19','2016-09-06 12:59:19',NULL),(289,'g9l9x8jela50ok75ta6y236','41:8a:f8:34:69:fe-cf:c6:1e:90:4e:95-ac:a7:ed:7f:78:a0',285,180,273,5,NULL,NULL,'2012-08-02','2016-09-06',NULL,NULL,'1358.00',0,0,1,0,1,1,NULL,NULL,NULL,NULL,NULL,'--- !ruby/hash:ActiveSupport::HashWithIndifferentAccess\nanschaffungskategorie: AV-Technik\nreference: invoice\numzug: zgeln\nankunftszustand: intakt\n','2016-09-06 12:59:19','2016-09-06 12:59:19',NULL),(290,'dw38c7h0xu59dgnvybla237','a5:e7:e5:4c:0b:0b-a6:88:92:d2:69:56-f2:0b:26:e7:26:72',286,181,274,1,NULL,NULL,'2014-09-17','2016-09-06',NULL,NULL,'94.00',0,0,1,0,1,1,NULL,NULL,NULL,NULL,NULL,'--- !ruby/hash:ActiveSupport::HashWithIndifferentAccess\nanschaffungskategorie: AV-Technik\nreference: invoice\numzug: zgeln\nankunftszustand: intakt\n','2016-09-06 12:59:19','2016-09-06 12:59:19',NULL),(291,'97dnis55qp3ixf7awfrl238','72:71:8d:d4:c6:71-83:ad:f8:c5:f5:6a-08:d5:f8:8b:9f:e3',287,182,275,7,NULL,NULL,'2013-12-06','2016-09-06',NULL,NULL,'1100.00',0,0,1,0,1,1,NULL,NULL,NULL,NULL,NULL,'--- !ruby/hash:ActiveSupport::HashWithIndifferentAccess\nanschaffungskategorie: AV-Technik\nreference: invoice\numzug: zgeln\nankunftszustand: intakt\n','2016-09-06 12:59:19','2016-09-06 12:59:19',NULL),(292,'s2kp6fesm2j8ypb0nv5c239','26:4a:72:4d:93:e2-56:2f:5b:46:41:57-36:07:00:e2:d3:f5',288,183,276,9,NULL,NULL,'2015-07-20','2016-09-06',NULL,NULL,'1138.00',0,0,1,0,1,1,NULL,NULL,NULL,NULL,NULL,'--- !ruby/hash:ActiveSupport::HashWithIndifferentAccess\nanschaffungskategorie: AV-Technik\nreference: invoice\numzug: zgeln\nankunftszustand: intakt\n','2016-09-06 12:59:19','2016-09-06 12:59:19',NULL),(293,'ko0fvsfosdqdyab02mhx240','21:70:b8:b2:59:9a-78:dd:ac:43:6b:2c-4d:ab:29:5b:df:81',289,184,277,1,NULL,NULL,'2014-09-05','2016-09-06',NULL,NULL,'144.00',0,0,1,0,1,1,NULL,NULL,NULL,NULL,NULL,'--- !ruby/hash:ActiveSupport::HashWithIndifferentAccess\nanschaffungskategorie: AV-Technik\nreference: invoice\numzug: zgeln\nankunftszustand: intakt\n','2016-09-06 12:59:19','2016-09-06 12:59:19',NULL),(294,'3jfxb90vv1t0kt6mbm3j241','84:a0:b0:d0:b2:3c-64:d1:1f:fc:3f:1c-a8:a2:db:be:1f:72',290,185,278,10,NULL,NULL,'2012-08-10','2016-09-06',NULL,NULL,'151.00',0,0,1,0,1,1,NULL,NULL,NULL,NULL,NULL,'--- !ruby/hash:ActiveSupport::HashWithIndifferentAccess\nanschaffungskategorie: AV-Technik\nreference: invoice\numzug: zgeln\nankunftszustand: intakt\n','2016-09-06 12:59:19','2016-09-06 12:59:19',NULL),(295,'ace4grar7ucs2s89p0n8242','76:50:6f:e9:f4:6e-7b:0d:dc:c5:54:3d-ef:bc:dc:ec:05:f9',291,186,279,1,NULL,NULL,'2012-12-28','2016-09-06',NULL,NULL,'429.00',0,0,1,0,1,1,NULL,NULL,NULL,NULL,NULL,'--- !ruby/hash:ActiveSupport::HashWithIndifferentAccess\nanschaffungskategorie: AV-Technik\nreference: invoice\numzug: zgeln\nankunftszustand: intakt\n','2016-09-06 12:59:19','2016-09-06 12:59:19',NULL),(296,'afuta54ssqyorosc9tpq243','3f:87:97:bd:6d:86-11:0a:fc:e6:6c:8f-f1:7b:3e:6b:8b:b1',292,187,280,6,NULL,NULL,'2015-09-23','2016-09-06',NULL,NULL,'1201.00',0,0,1,0,1,1,NULL,NULL,NULL,NULL,NULL,'--- !ruby/hash:ActiveSupport::HashWithIndifferentAccess\nanschaffungskategorie: AV-Technik\nreference: invoice\numzug: zgeln\nankunftszustand: intakt\n','2016-09-06 12:59:19','2016-09-06 12:59:19',NULL),(297,'ajtsxer625nbk365l9rn244','34:bb:2c:e7:17:7d-9b:7e:26:3a:44:9c-8c:d0:69:0d:fe:70',293,188,281,7,NULL,NULL,'2013-09-09','2016-09-06',NULL,NULL,'433.00',0,0,1,0,1,1,NULL,NULL,NULL,NULL,NULL,'--- !ruby/hash:ActiveSupport::HashWithIndifferentAccess\nanschaffungskategorie: AV-Technik\nreference: invoice\numzug: zgeln\nankunftszustand: intakt\n','2016-09-06 12:59:19','2016-09-06 12:59:19',NULL),(298,'c69gzvce4ewq96bu2we8245','89:b3:2c:00:0f:30-4c:92:ff:e0:89:73-8b:4a:5c:f0:b1:8b',294,189,282,4,NULL,NULL,'2011-06-24','2016-09-06',NULL,NULL,'470.00',0,0,1,0,1,1,NULL,NULL,NULL,NULL,NULL,'--- !ruby/hash:ActiveSupport::HashWithIndifferentAccess\nanschaffungskategorie: AV-Technik\nreference: invoice\numzug: zgeln\nankunftszustand: intakt\n','2016-09-06 12:59:19','2016-09-06 12:59:19',NULL),(299,'y8tgj3jsynxuibfifut5246','ca:8c:72:ef:24:f8-5f:5f:7a:4a:26:a6-49:86:e1:e2:78:9f',295,190,283,4,NULL,NULL,'2014-05-02','2016-09-01',NULL,NULL,'1262.00',0,0,1,0,1,1,NULL,NULL,NULL,NULL,NULL,'--- !ruby/hash:ActiveSupport::HashWithIndifferentAccess\nanschaffungskategorie: AV-Technik\nreference: invoice\numzug: zgeln\nankunftszustand: intakt\n','2016-09-01 12:59:19','2016-09-01 12:59:19',NULL),(300,'aadtuc95zyauinkmr6cn247','31:54:80:68:52:16-32:d8:cf:db:86:b0-8e:1d:e2:af:d2:3b',296,191,284,12,NULL,NULL,'2015-03-27','2016-09-01',NULL,NULL,'1337.00',0,0,1,0,1,1,NULL,NULL,NULL,NULL,NULL,'--- !ruby/hash:ActiveSupport::HashWithIndifferentAccess\nanschaffungskategorie: AV-Technik\nreference: invoice\numzug: zgeln\nankunftszustand: intakt\n','2016-09-01 12:59:19','2016-09-01 12:59:19',NULL),(301,'bm6nl4xecqtdqeahlwld248','23:28:d6:25:b2:40-0e:3a:e9:c9:8b:2f-fc:d1:70:6b:40:50',297,192,285,6,NULL,NULL,'2011-02-14','2016-09-01',NULL,NULL,'743.00',0,0,1,0,1,1,NULL,NULL,NULL,NULL,NULL,'--- !ruby/hash:ActiveSupport::HashWithIndifferentAccess\nanschaffungskategorie: AV-Technik\nreference: invoice\numzug: zgeln\nankunftszustand: intakt\n','2016-09-01 12:59:19','2016-09-01 12:59:19',NULL),(302,'mehzczbn46dc2t97d0yn249','89:6c:9c:67:15:4f-66:5e:03:8d:2d:ab-67:d4:66:25:09:0e',298,193,286,3,NULL,NULL,'2014-12-05','2016-09-01',NULL,NULL,'1340.00',0,0,1,0,1,1,NULL,NULL,NULL,NULL,NULL,'--- !ruby/hash:ActiveSupport::HashWithIndifferentAccess\nanschaffungskategorie: AV-Technik\nreference: invoice\numzug: zgeln\nankunftszustand: intakt\n','2016-09-01 12:59:19','2016-09-01 12:59:19',NULL),(303,'txymx5czzenro3nzbbm6250','91:09:49:96:d6:7a-ee:4e:60:5e:f9:93-04:56:04:07:b3:3e',299,194,287,7,NULL,NULL,'2015-09-08','2016-09-01',NULL,NULL,'543.00',0,0,1,0,1,1,NULL,NULL,NULL,NULL,NULL,'--- !ruby/hash:ActiveSupport::HashWithIndifferentAccess\nanschaffungskategorie: AV-Technik\nreference: invoice\numzug: zgeln\nankunftszustand: intakt\n','2016-09-01 12:59:19','2016-09-01 12:59:19',NULL),(304,'gzm81pu4a9p93fupgyss251','f6:3c:84:85:1f:e5-d7:41:37:9e:51:c2-08:bd:84:98:03:e5',300,195,288,5,NULL,NULL,'2011-03-14','2016-08-31',NULL,NULL,'1332.00',0,0,1,0,1,1,NULL,NULL,NULL,NULL,NULL,'--- !ruby/hash:ActiveSupport::HashWithIndifferentAccess\nanschaffungskategorie: AV-Technik\nreference: invoice\numzug: zgeln\nankunftszustand: intakt\n','2016-08-31 12:59:19','2016-08-31 12:59:19',NULL),(305,'63zx0mh3aefpg2s0n0je252','5e:ee:de:41:58:16-68:c2:59:bf:85:f4-6c:c8:df:4b:b6:08',301,196,289,9,NULL,NULL,'2015-03-03','2016-08-31',NULL,NULL,'982.00',0,0,1,0,1,1,NULL,NULL,NULL,NULL,NULL,'--- !ruby/hash:ActiveSupport::HashWithIndifferentAccess\nanschaffungskategorie: AV-Technik\nreference: invoice\numzug: zgeln\nankunftszustand: intakt\n','2016-08-31 12:59:19','2016-08-31 12:59:19',NULL),(306,'epse1omjg3opbuag62y6253','ff:9b:bc:32:13:12-f4:52:01:be:52:4f-b0:c0:6d:a1:0a:e2',302,197,290,1,NULL,NULL,'2014-01-04','2016-08-31',NULL,NULL,'1395.00',0,0,1,0,1,1,NULL,NULL,NULL,NULL,NULL,'--- !ruby/hash:ActiveSupport::HashWithIndifferentAccess\nanschaffungskategorie: AV-Technik\nreference: invoice\numzug: zgeln\nankunftszustand: intakt\n','2016-08-31 12:59:19','2016-08-31 12:59:19',NULL),(307,'tu7nnzaysxjp4o44zdv6254','92:52:3b:8d:81:75-df:3e:cc:f8:e7:c3-31:59:36:df:1c:6c',303,198,291,11,NULL,NULL,'2013-07-08','2016-08-31',NULL,NULL,'698.00',0,0,1,0,1,1,NULL,NULL,NULL,NULL,NULL,'--- !ruby/hash:ActiveSupport::HashWithIndifferentAccess\nanschaffungskategorie: AV-Technik\nreference: invoice\numzug: zgeln\nankunftszustand: intakt\n','2016-08-31 12:59:19','2016-08-31 12:59:19',NULL),(308,'uj6kmbhvw4q7usrqwsy1255','b9:a0:a5:a2:8c:f5-9d:f1:3c:23:9b:74-47:3e:40:9d:5b:8a',304,199,292,6,NULL,NULL,'2013-06-24','2016-08-31',NULL,NULL,'282.00',0,0,1,0,1,1,NULL,NULL,NULL,NULL,NULL,'--- !ruby/hash:ActiveSupport::HashWithIndifferentAccess\nanschaffungskategorie: AV-Technik\nreference: invoice\numzug: zgeln\nankunftszustand: intakt\n','2016-08-31 12:59:19','2016-08-31 12:59:19',NULL);
/*!40000 ALTER TABLE `items` ENABLE KEYS */;
UNLOCK TABLES;

--
-- Table structure for table `languages`
--

DROP TABLE IF EXISTS `languages`;
/*!40101 SET @saved_cs_client     = @@character_set_client */;
/*!40101 SET character_set_client = utf8 */;
CREATE TABLE `languages` (
  `id` int(11) NOT NULL AUTO_INCREMENT,
  `name` varchar(255) COLLATE utf8_unicode_ci DEFAULT NULL,
  `locale_name` varchar(255) COLLATE utf8_unicode_ci DEFAULT NULL,
  `default` tinyint(1) DEFAULT NULL,
  `active` tinyint(1) DEFAULT NULL,
  PRIMARY KEY (`id`),
  UNIQUE KEY `index_languages_on_name` (`name`),
  KEY `index_languages_on_active_and_default` (`active`,`default`)
) ENGINE=InnoDB AUTO_INCREMENT=5 DEFAULT CHARSET=utf8 COLLATE=utf8_unicode_ci;
/*!40101 SET character_set_client = @saved_cs_client */;

--
-- Dumping data for table `languages`
--

LOCK TABLES `languages` WRITE;
/*!40000 ALTER TABLE `languages` DISABLE KEYS */;
INSERT INTO `languages` VALUES (1,'English (UK)','en-GB',1,1),(2,'English (US)','en-US',0,1),(3,'Deutsch','de-CH',0,1),(4,'Zrittsch','gsw-CH',0,1);
/*!40000 ALTER TABLE `languages` ENABLE KEYS */;
UNLOCK TABLES;

--
-- Table structure for table `locations`
--

DROP TABLE IF EXISTS `locations`;
/*!40101 SET @saved_cs_client     = @@character_set_client */;
/*!40101 SET character_set_client = utf8 */;
CREATE TABLE `locations` (
  `id` int(11) NOT NULL AUTO_INCREMENT,
  `room` varchar(255) COLLATE utf8_unicode_ci DEFAULT NULL,
  `shelf` varchar(255) COLLATE utf8_unicode_ci DEFAULT NULL,
  `building_id` int(11) DEFAULT NULL,
  PRIMARY KEY (`id`),
  KEY `index_locations_on_building_id` (`building_id`),
  CONSTRAINT `locations_building_id_fk` FOREIGN KEY (`building_id`) REFERENCES `buildings` (`id`)
) ENGINE=InnoDB AUTO_INCREMENT=200 DEFAULT CHARSET=utf8 COLLATE=utf8_unicode_ci;
/*!40101 SET character_set_client = @saved_cs_client */;

--
-- Dumping data for table `locations`
--

LOCK TABLES `locations` WRITE;
/*!40000 ALTER TABLE `locations` DISABLE KEYS */;
INSERT INTO `locations` VALUES (1,'SQ2','Desk',1),(2,'UG 13','Ausgabe',1),(3,'Magnipraesentium','porroesse',2),(4,'Autemomnis','etautem',3),(5,'Abquam','itaqueeum',4),(6,'Eiusquia','ametvoluptatum',5),(7,'Nemobeatae','laudantiumsoluta',6),(8,'Odiout','veroet',7),(9,'Isteconsequatur','velet',8),(10,'Asperioresipsum','architectodolor',9),(11,'Quisipsum','easequi',10),(12,'Quodvoluptatem','etperspiciatis',11),(13,'Corporissed','autminima',12),(14,'Temporibuslibero','doloresharum',13),(15,'Noneos','nonminima',14),(16,'Ineum','dictacumque',15),(17,'Quisvitae','voluptatemvel',16),(18,'Aliassunt','distinctioquo',17),(19,'Quiahic','doloreveritatis',18),(20,'Omnisnihil','modiipsam',19),(21,'Voluptasplaceat','rerumvelit',20),(22,'Eaipsam','quidemnatus',21),(23,'Veniamea','nihildeserunt',22),(24,'Voluptatesducimus','exipsam',23),(25,'Autemunde','voluptatemperspiciatis',24),(26,'Corporisaccusantium','etveritatis',25),(27,'Architectodoloribus','vitaeperferendis',26),(28,'Harumcommodi','evenietipsa',27),(29,'Itaqueipsam','doloremquedolor',28),(30,'Doloremrerum','explicaboenim',29),(31,'Laboreeius','exercitationemmollitia',30),(32,'Voluptasimpedit','estodit',31),(33,'Omniset','similiqueaccusantium',32),(34,'Ipsumimpedit','totamsed',33),(35,'Pariaturdolorem','perferendisimpedit',34),(36,'Doloribusminima','quiex',35),(37,'Teneturet','porroodit',36),(38,'Utdolorum','estimpedit',37),(39,'Suntperspiciatis','omniset',38),(40,'Fugiatcorporis','istequis',39),(41,'Laboreconsequatur','ducimusperferendis',40),(42,'Enimaut','similiquevoluptatem',41),(43,'Temporibusconsectetur','errorasperiores',42),(44,'Quaeratrerum','abquibusdam',43),(45,'Voluptatenecessitatibus','faciliseligendi',44),(46,'Magnamquia','nostrumsed',45),(47,'Autrepellendus','atquevoluptatem',46),(48,'Etquia','quaeplaceat',47),(49,'Quosit','pariaturblanditiis',48),(50,'Necessitatibuslaudantium','quitotam',49),(51,'Noneos','doloremdignissimos',50),(52,'Totamid','nonut',51),(53,'Atiste','fugitet',52),(54,'Saepevoluptatem','utimpedit',53),(55,'Occaecaticonsequatur','quibusdameligendi',54),(56,'Omnisdolorem','laboriosamaut',55),(57,'Essemaiores','pariaturvoluptas',56),(58,'Sequiculpa','autaspernatur',57),(59,'Quasmagnam','commodirecusandae',58),(60,'Consequaturcorrupti','estmaxime',59),(61,'Numquamut','quaeratquis',60),(62,'Autsunt','commodirepudiandae',61),(63,'Quaeratvelit','estiusto',62),(64,'Inarchitecto','delectusdolorum',63),(65,'Estfacere','asperioreset',64),(66,'Similiqueenim','voluptatibuslaboriosam',65),(67,'Accusamuscommodi','velitadipisci',66),(68,'Dolorelaudantium','undeconsectetur',67),(69,'Officiaomnis','nostrumquo',68),(70,'Atvoluptatem','uttemporibus',69),(71,'Ametquis','nobisminima',70),(72,'Repellatet','eiusdignissimos',71),(73,'Quimaxime','molestiaequi',72),(74,'Sintaut','nesciuntdolore',73),(75,'Porrorecusandae','earumreprehenderit',74),(76,'Officiaadipisci','quodolores',75),(77,'Etofficia','utest',76),(78,'Doloressed','veritatistotam',77),(79,'Errormagnam','autemvoluptatem',78),(80,'Voluptatemrecusandae','temporeexplicabo',79),(81,'Voluptatumaut','debitisneque',80),(82,'Consequunturipsam','laboreid',81),(83,'Fugitaspernatur','facilisinventore',82),(84,'Earumaut','sinttempora',83),(85,'Nesciuntneque','autemea',84),(86,'Enimquisquam','quianobis',85),(87,'Doloraliquid','aliquamenim',86),(88,'Errorneque','eiusid',87),(89,'Natusarchitecto','velquidem',88),(90,'Sediste','quiaut',89),(91,'Modiut','quiplaceat',90),(92,'Etreiciendis','reprehenderitsoluta',91),(93,'Doloreos','estvero',92),(94,'Quidemdoloremque','utquis',93),(95,'Autemin','cumquebeatae',94),(96,'Etrem','autest',95),(97,'Asperioresrerum','teneturpossimus',96),(98,'Etlabore','sequiin',97),(99,'Consequunturmolestiae','nostrumdebitis',98),(100,'Repudiandaeaut','voluptatemid',99),(101,'Facereaut','laborumconsequuntur',100),(102,'Accusamusreprehenderit','abut',101),(103,'Consecteturcorrupti','velitsint',102),(104,'Autemdelectus','eiuspraesentium',103),(105,'Porroid','quoimpedit',104),(106,'Doloressoluta','enimexpedita',105),(107,'Porrorerum','repellatodio',106),(108,'Rerumpariatur','quiqui',107),(109,'Eavoluptas','repudiandaeaspernatur',108),(110,'Quovel','itaquequi',109),(111,'Inlaborum','nostrumdebitis',110),(112,'Perferendisconsectetur','auteaque',111),(113,'Mollitiafugiat','perferendisvoluptatem',112),(114,'Excepturideserunt','quisuscipit',113),(115,'Vitaeest','consequaturexplicabo',114),(116,'Vitaeex','voluptatesbeatae',115),(117,'Officiaiusto','voluptatemullam',116),(118,'Nonomnis','consequaturipsa',117),(119,'Quidemiste','etquo',118),(120,'Veritatisaspernatur','quiaqui',119),(121,'Voluptatemmolestiae','eiusesse',120),(122,'Molestiasinventore','quilaborum',121),(123,'Cumqueipsum','quibusdamut',122),(124,'Veroassumenda','teneturconsequuntur',123),(125,'Velitsed','veroerror',124),(126,'Sitvoluptatem','nesciuntaut',125),(127,'Iustovoluptas','consequatursed',126),(128,'Optiosed','essesunt',127),(129,'Voluptasnon','quisaepe',128),(130,'Voluptatemmollitia','ducimusveniam',129),(131,'Animiitaque','omnisid',130),(132,'Fugiatenim','nisireiciendis',131),(133,'Distinctiolaborum','illoautem',132),(134,'Dignissimossed','liberoiure',133),(135,'Utrerum','distinctioomnis',134),(136,'Ipsumconsectetur','molestiasaccusantium',135),(137,'Consecteturautem','cumexpedita',136),(138,'Solutaperferendis','aliquamquis',137),(139,'Eumvoluptatibus','ducimusneque',138),(140,'Consequaturvoluptatem','aliquammollitia',139),(141,'Dolorearchitecto','sunthic',140),(142,'Quiavoluptatem','cumqueiusto',141),(143,'Repellendusplaceat','doloremquedolore',142),(144,'Eumvoluptas','pariaturet',143),(145,'Quisquamsit','quasisint',144),(146,'Officiissit','veniamqui',145),(147,'Oditautem','doloressequi',146),(148,'Voluptateet','temporaitaque',147),(149,'Suntconsequatur','autqui',148),(150,'Nisialias','quasifugit',149),(151,'Atquam','veritatisautem',150),(152,'Estdolor','optioest',151),(153,'Inventorequisquam','idperspiciatis',152),(154,'Minusin','culpacommodi',153),(155,'Sintid','laborumsed',154),(156,'Quiet','dolornostrum',155),(157,'Siteius','quidemperspiciatis',156),(158,'Hicveritatis','molestiaedolores',157),(159,'Repellatillo','quisodit',158),(160,'Maioressed','itaquedolorem',159),(161,'Utodio','temporibusdeserunt',160),(162,'Quodoccaecati','quosmolestiae',161),(163,'Dolorconsequatur','isteullam',162),(164,'Etin','autlaborum',163),(165,'Rerumrecusandae','etnihil',164),(166,'Dolorodio','molestiasenim',165),(167,'Eadebitis','harumquia',166),(168,'Dolorumcupiditate','abdeleniti',167),(169,'Delenitivoluptas','hicut',168),(170,'Accusantiumvel','quidemomnis',169),(171,'Eaquein','molestiaequi',170),(172,'Eaenim','voluptatemrepudiandae',171),(173,'Etvel','quiamet',172),(174,'Natusdoloremque','etminima',173),(175,'Utmodi','voluptasnumquam',174),(176,'Etnumquam','quaeratdolore',175),(177,'Perferendisaperiam','laboriosammolestias',176),(178,'Exercitationemut','quosasperiores',177),(179,'Quorerum','perferendisab',178),(180,'Quidignissimos','quidemnisi',179),(181,'Quisquamvoluptatem','minusdignissimos',180),(182,'Providentaliquid','doloremquefuga',181),(183,'Accusantiumomnis','voluptatedeserunt',182),(184,'Quicorporis','omnisipsa',183),(185,'Consecteturqui','repellatesse',184),(186,'Sedesse','sapienteiusto',185),(187,'Quorerum','quasconsequuntur',186),(188,'Beataesit','insit',187),(189,'Quidemcorporis','sintvoluptatem',188),(190,'Doloribusiste','laborumaut',189),(191,'Quiaea','voluptasanimi',190),(192,'Suntut','incupiditate',191),(193,'Nonmagnam','voluptasdolore',192),(194,'Nostrummollitia','deseruntnatus',193),(195,'Mollitiarerum','seddolorem',194),(196,'Eligendiautem','etomnis',195),(197,'Quisut','maximequae',196),(198,'Etin','oditofficiis',197),(199,'Idmagnam','doloresdeserunt',198);
/*!40000 ALTER TABLE `locations` ENABLE KEYS */;
UNLOCK TABLES;

--
-- Table structure for table `mail_templates`
--

DROP TABLE IF EXISTS `mail_templates`;
/*!40101 SET @saved_cs_client     = @@character_set_client */;
/*!40101 SET character_set_client = utf8 */;
CREATE TABLE `mail_templates` (
  `id` int(11) NOT NULL AUTO_INCREMENT,
  `inventory_pool_id` int(11) DEFAULT NULL,
  `language_id` int(11) DEFAULT NULL,
  `name` varchar(255) COLLATE utf8_unicode_ci DEFAULT NULL,
  `format` varchar(255) COLLATE utf8_unicode_ci DEFAULT NULL,
  `body` text COLLATE utf8_unicode_ci,
  PRIMARY KEY (`id`)
) ENGINE=InnoDB DEFAULT CHARSET=utf8 COLLATE=utf8_unicode_ci;
/*!40101 SET character_set_client = @saved_cs_client */;

--
-- Dumping data for table `mail_templates`
--

LOCK TABLES `mail_templates` WRITE;
/*!40000 ALTER TABLE `mail_templates` DISABLE KEYS */;
/*!40000 ALTER TABLE `mail_templates` ENABLE KEYS */;
UNLOCK TABLES;

--
-- Table structure for table `model_group_links`
--

DROP TABLE IF EXISTS `model_group_links`;
/*!40101 SET @saved_cs_client     = @@character_set_client */;
/*!40101 SET character_set_client = utf8 */;
CREATE TABLE `model_group_links` (
  `id` int(11) NOT NULL AUTO_INCREMENT,
  `ancestor_id` int(11) DEFAULT NULL,
  `descendant_id` int(11) DEFAULT NULL,
  `direct` tinyint(1) DEFAULT NULL,
  `count` int(11) DEFAULT NULL,
  `label` varchar(255) COLLATE utf8_unicode_ci DEFAULT NULL,
  PRIMARY KEY (`id`),
  KEY `index_model_group_links_on_ancestor_id` (`ancestor_id`),
  KEY `index_model_group_links_on_direct` (`direct`),
  KEY `index_on_descendant_id_and_ancestor_id_and_direct` (`descendant_id`,`ancestor_id`,`direct`),
  CONSTRAINT `model_group_links_descendant_id_fk` FOREIGN KEY (`descendant_id`) REFERENCES `model_groups` (`id`) ON DELETE CASCADE,
  CONSTRAINT `model_group_links_ancestor_id_fk` FOREIGN KEY (`ancestor_id`) REFERENCES `model_groups` (`id`) ON DELETE CASCADE
) ENGINE=InnoDB AUTO_INCREMENT=9 DEFAULT CHARSET=utf8 COLLATE=utf8_unicode_ci;
/*!40101 SET character_set_client = @saved_cs_client */;

--
-- Dumping data for table `model_group_links`
--

LOCK TABLES `model_group_links` WRITE;
/*!40000 ALTER TABLE `model_group_links` DISABLE KEYS */;
INSERT INTO `model_group_links` VALUES (1,2,8,1,1,NULL),(2,5,9,1,1,NULL),(3,1,9,1,1,NULL),(4,2,10,1,1,NULL),(5,5,10,1,1,NULL),(6,1,11,0,1,NULL),(7,5,11,0,1,NULL),(8,9,11,1,1,NULL);
/*!40000 ALTER TABLE `model_group_links` ENABLE KEYS */;
UNLOCK TABLES;

--
-- Table structure for table `model_groups`
--

DROP TABLE IF EXISTS `model_groups`;
/*!40101 SET @saved_cs_client     = @@character_set_client */;
/*!40101 SET character_set_client = utf8 */;
CREATE TABLE `model_groups` (
  `id` int(11) NOT NULL AUTO_INCREMENT,
  `type` varchar(255) COLLATE utf8_unicode_ci DEFAULT NULL,
  `name` varchar(255) COLLATE utf8_unicode_ci DEFAULT NULL,
  `created_at` datetime DEFAULT NULL,
  `updated_at` datetime DEFAULT NULL,
  PRIMARY KEY (`id`),
  KEY `index_model_groups_on_type` (`type`)
) ENGINE=InnoDB AUTO_INCREMENT=15 DEFAULT CHARSET=utf8 COLLATE=utf8_unicode_ci;
/*!40101 SET character_set_client = @saved_cs_client */;

--
-- Dumping data for table `model_groups`
--

LOCK TABLES `model_groups` WRITE;
/*!40000 ALTER TABLE `model_groups` DISABLE KEYS */;
INSERT INTO `model_groups` VALUES (1,'Category','Beamer','2016-09-06 12:59:19','2016-09-06 12:59:19'),(2,'Category','Kameras','2016-09-06 12:59:19','2016-09-06 12:59:19'),(3,'Category','Stative','2016-09-06 12:59:19','2016-09-06 12:59:19'),(4,'Category','Hifi-Anlagen','2016-09-06 12:59:19','2016-09-06 12:59:19'),(5,'Category','Notebooks','2016-09-06 12:59:19','2016-09-06 12:59:19'),(6,'Category','RC Helikopter','2016-09-06 12:59:19','2016-09-06 12:59:19'),(7,'Category','Computer','2016-09-06 12:59:19','2016-09-06 12:59:19'),(8,'Category','Kurzdistanz','2016-09-06 12:59:19','2016-09-06 12:59:19'),(9,'Category','Portabel','2016-09-06 12:59:19','2016-09-06 12:59:19'),(10,'Category','Standard','2016-09-06 12:59:19','2016-09-06 12:59:19'),(11,'Category','Micro','2016-09-06 12:59:19','2016-09-06 12:59:19'),(12,'Template','Kamera & Stativ','2016-09-06 12:59:19','2016-09-06 12:59:19'),(13,'Template','Beamer & Hifi','2016-09-06 12:59:19','2016-09-06 12:59:19'),(14,'Template','Unaccomplishable template','2016-09-06 12:59:19','2016-09-06 12:59:19');
/*!40000 ALTER TABLE `model_groups` ENABLE KEYS */;
UNLOCK TABLES;

--
-- Table structure for table `model_links`
--

DROP TABLE IF EXISTS `model_links`;
/*!40101 SET @saved_cs_client     = @@character_set_client */;
/*!40101 SET character_set_client = utf8 */;
CREATE TABLE `model_links` (
  `id` int(11) NOT NULL AUTO_INCREMENT,
  `model_group_id` int(11) DEFAULT NULL,
  `model_id` int(11) DEFAULT NULL,
  `quantity` int(11) DEFAULT '1',
  PRIMARY KEY (`id`),
  KEY `index_model_links_on_model_id_and_model_group_id` (`model_id`,`model_group_id`),
  KEY `index_model_links_on_model_group_id_and_model_id` (`model_group_id`,`model_id`),
  CONSTRAINT `model_links_model_id_fk` FOREIGN KEY (`model_id`) REFERENCES `models` (`id`) ON DELETE CASCADE,
  CONSTRAINT `model_links_model_group_id_fk` FOREIGN KEY (`model_group_id`) REFERENCES `model_groups` (`id`) ON DELETE CASCADE
) ENGINE=InnoDB AUTO_INCREMENT=74 DEFAULT CHARSET=utf8 COLLATE=utf8_unicode_ci;
/*!40101 SET character_set_client = @saved_cs_client */;

--
-- Dumping data for table `model_links`
--

LOCK TABLES `model_links` WRITE;
/*!40000 ALTER TABLE `model_links` DISABLE KEYS */;
INSERT INTO `model_links` VALUES (1,1,24,1),(2,1,25,1),(3,1,26,1),(4,1,27,1),(5,1,28,1),(6,1,29,1),(7,1,30,1),(8,1,31,1),(9,1,32,1),(10,1,33,1),(11,1,34,1),(12,1,35,1),(13,1,36,1),(14,1,37,1),(15,1,38,1),(16,1,39,1),(17,1,40,1),(18,1,41,1),(19,1,42,1),(20,1,43,1),(21,2,44,1),(22,2,45,1),(23,2,46,1),(24,2,47,1),(25,2,48,1),(26,2,49,1),(27,2,50,1),(28,2,51,1),(29,2,52,1),(30,2,53,1),(31,2,54,1),(32,2,55,1),(33,2,56,1),(34,2,57,1),(35,2,58,1),(36,2,59,1),(37,2,60,1),(38,2,61,1),(39,2,62,1),(40,2,63,1),(41,2,64,1),(42,2,65,1),(43,2,66,1),(44,2,67,1),(45,2,68,1),(46,2,69,1),(47,2,70,1),(48,2,71,1),(49,2,72,1),(50,2,73,1),(51,5,1,1),(52,1,2,1),(53,9,2,1),(54,1,3,1),(55,1,4,1),(56,1,6,1),(57,9,6,1),(58,11,7,1),(59,2,8,1),(60,3,9,1),(61,4,10,1),(62,2,13,1),(63,5,14,1),(64,6,15,1),(65,6,16,1),(66,6,17,1),(67,7,18,1),(68,12,8,1),(69,12,9,1),(70,13,2,1),(71,13,10,1),(72,14,8,1),(73,14,9,1);
/*!40000 ALTER TABLE `model_links` ENABLE KEYS */;
UNLOCK TABLES;

--
-- Table structure for table `models`
--

DROP TABLE IF EXISTS `models`;
/*!40101 SET @saved_cs_client     = @@character_set_client */;
/*!40101 SET character_set_client = utf8 */;
CREATE TABLE `models` (
  `id` int(11) NOT NULL AUTO_INCREMENT,
  `type` varchar(255) COLLATE utf8_unicode_ci NOT NULL DEFAULT 'Model',
  `manufacturer` varchar(255) COLLATE utf8_unicode_ci DEFAULT NULL,
  `product` varchar(255) COLLATE utf8_unicode_ci NOT NULL,
  `version` varchar(255) COLLATE utf8_unicode_ci DEFAULT NULL,
  `description` text COLLATE utf8_unicode_ci,
  `internal_description` text COLLATE utf8_unicode_ci,
  `info_url` varchar(255) COLLATE utf8_unicode_ci DEFAULT NULL,
  `rental_price` decimal(8,2) DEFAULT NULL,
  `maintenance_period` int(11) DEFAULT '0',
  `is_package` tinyint(1) DEFAULT '0',
  `technical_detail` text COLLATE utf8_unicode_ci,
  `hand_over_note` text COLLATE utf8_unicode_ci,
  `created_at` datetime DEFAULT NULL,
  `updated_at` datetime DEFAULT NULL,
  PRIMARY KEY (`id`),
  KEY `index_models_on_is_package` (`is_package`),
  KEY `index_models_on_type` (`type`)
) ENGINE=InnoDB AUTO_INCREMENT=305 DEFAULT CHARSET=utf8 COLLATE=utf8_unicode_ci;
/*!40101 SET character_set_client = @saved_cs_client */;

--
-- Dumping data for table `models`
--

LOCK TABLES `models` WRITE;
/*!40000 ALTER TABLE `models` DISABLE KEYS */;
INSERT INTO `models` VALUES (1,'Model','Apple','MacBookPro',NULL,'Laptop fr Studis und Angestellte.','Tempore in perferendis illum.',NULL,NULL,0,0,'Et sunt aliquid adipisci nostrum quis dolores nobis ut.','Mit Verpackung aushndigen.','2016-09-06 12:59:19','2016-09-06 12:59:19'),(2,'Model','Sharp','Sharp Beamer','123','Beamer, geeignet fr alle Verwendungszwecke.','Et voluptates in vel soluta sit ut amet.',NULL,NULL,0,0,'Rerum illo nobis doloremque nisi.','Beamer braucht ein VGA Kabel!','2016-09-06 12:59:19','2016-09-06 12:59:19'),(3,'Model','Sharp','Sharp Beamer 2D',NULL,'Beamer, geeignet fr alle Verwendungszwecke.','Id suscipit et sint corporis aut quia cumque natus.',NULL,NULL,0,0,'Alias quis numquam et.','Suscipit eum quia corrupti laboriosam incidunt quis natus.','2016-09-06 12:59:19','2016-09-06 12:59:19'),(4,'Model','Panasonic','Mini Beamer',NULL,'Beamer, geeignet fr alle Verwendungszwecke.','Sapiente labore nesciunt cumque tenetur voluptas.',NULL,NULL,0,0,'Eos perspiciatis eveniet doloremque dolorem sed.','Ut quaerat velit et est quo quasi.','2016-09-06 12:59:19','2016-09-06 12:59:19'),(5,'Model','Panasonic','Sharp Beamer','456','Beamer, geeignet fr alle Verwendungszwecke.','Quibusdam placeat dignissimos molestiae qui dolore repellat eos in.',NULL,NULL,0,0,'Rem cupiditate illum dicta molestias iure voluptate.','Beamer braucht ein VGA Kabel!','2016-09-06 12:59:19','2016-09-06 12:59:19'),(6,'Model','Sony','Ultra Compact Beamer',NULL,'Besonders kleiner Beamer.','Ea quis et occaecati doloribus voluptas.',NULL,NULL,0,0,'Dolores molestiae nemo officiis ea enim aliquid debitis ullam.','Beamer braucht ein VGA Kabel!','2016-09-06 12:59:19','2016-09-06 12:59:19'),(7,'Model','Micro','Micro Beamer',NULL,'Besonders mikro kleiner Beamer.','Delectus vel cum ullam.',NULL,NULL,0,0,'Provident fugiat et voluptas pariatur similique inventore eum voluptatibus.','Beamer braucht ein VGA Kabel!','2016-09-06 12:59:19','2016-09-06 12:59:19'),(8,'Model','Nikon','Kamera Nikon','X12','Super Kamera.','Dolorem repudiandae mollitia tempora dolorum quasi consectetur sint.',NULL,NULL,0,0,'Tenetur iure corrupti aut veritatis rerum quis.','Kamera braucht Akkus!','2016-09-06 12:59:19','2016-09-06 12:59:19'),(9,'Model','Feli','Kamera Stativ','123','Stabiles Kamera Stativ','Labore in repellendus quia rerum dolores.',NULL,NULL,0,0,'Perferendis nisi porro quidem sunt rem et.','Stativ muss mit Stativtasche ausgehndigt werden.','2016-09-06 12:59:19','2016-09-06 12:59:19'),(10,'Model','Sony','Hifi Standard',NULL,'Vero consectetur cumque perferendis.','Dolorem odio quia et fugiat in.',NULL,NULL,2,0,'Non consequatur saepe eos vero quia.','Sed sequi facilis ex a aliquid iste consequatur.','2016-09-06 12:59:19','2016-09-06 12:59:19'),(11,'Model','Bose','Bose AE2W',NULL,'In quia natus. Quo autem architecto ut. Suscipit minima quasi voluptatibus quia consequuntur fugiat. Similique vero ab et nisi aut ratione earum.','Quam adipisci ut illum quasi alias atque ipsa dolorem.',NULL,NULL,2,0,'Enim molestiae sit aut quo rem occaecati incidunt expedita.','Iusto sequi corrupti vel.','2016-09-06 12:59:19','2016-09-06 12:59:19'),(12,'Model','Bose','Bose XG4',NULL,'Facere ut quia rerum ipsum exercitationem magni. Nemo ipsa error. Dolor maiores doloremque aut sint. Voluptas tenetur aspernatur ab repudiandae earum est ipsum.','Qui sit fugiat quod.',NULL,NULL,2,0,'Hic nobis consequatur in cum praesentium rerum.','Omnis ut eveniet illo sint consequatur et et.','2016-09-06 12:59:19','2016-09-06 12:59:19'),(13,'Model','Canon','Kamera Canon D5',NULL,'Ganz teure Kamera','Ab perspiciatis blanditiis itaque in corrupti omnis ipsam quis.',NULL,NULL,0,0,'Et architecto qui enim numquam consequatur facere quia quasi.','Kamera braucht Akkus!','2016-09-06 12:59:19','2016-09-06 12:59:19'),(14,'Model','Microsoft','Windows Laptop',NULL,'Ein Laptop der Marke Microsoft','Quaerat neque quisquam accusamus quis distinctio.',NULL,NULL,0,0,'Ducimus quis eius ipsum quia perferendis.','Laptop mit Tasche ausgeben','2016-09-06 12:59:19','2016-09-06 12:59:19'),(15,'Model','Walkera','Walkera v120','1G','3D Helikopter','Eum ea excepturi voluptatem sed laborum dolorum nihil.',NULL,NULL,0,0,'Accusamus consequuntur voluptatem excepturi sit.','Esse asperiores quod accusantium voluptatum est ut perspiciatis autem.','2016-09-06 12:59:19','2016-09-06 12:59:19'),(16,'Model','Walkera','Walkera v120','2G','3D Helikopter','Expedita et voluptatem iure sint.',NULL,NULL,0,0,'Id sit vitae dolores maiores perspiciatis rerum.','Magnam et est autem est odit assumenda in.','2016-09-06 12:59:19','2016-09-06 12:59:19'),(17,'Model','Walkera','Walkera v120','3G','3D Helikopter','Nobis qui accusamus soluta est.',NULL,NULL,0,0,'Quia libero velit harum saepe doloremque eveniet aliquam provident.','Reiciendis est quam consequatur.','2016-09-06 12:59:19','2016-09-06 12:59:19'),(18,'Model','Apple','iMac',NULL,'Apples alter iMac','Sed alias dicta voluptas omnis veritatis vitae.',NULL,NULL,0,0,'Tenetur iure quis quasi et quia provident eius.','Suscipit nam placeat itaque sed nemo odit.','2016-09-06 12:59:19','2016-09-06 12:59:19'),(19,'Model','Apple','MacBook Air',NULL,'Deleniti beatae minima voluptas omnis sed blanditiis.','Perspiciatis cupiditate distinctio qui aut.',NULL,NULL,0,0,'Ipsa ex aspernatur ad.','Aut aliquam rerum culpa deserunt nisi eos aspernatur.','2016-09-06 12:59:19','2016-09-06 12:59:19'),(20,'Model','Lenovo','Thinkpad','X230','Velit hic nihil voluptas quia consequatur et.','Eligendi omnis vel eum at in ut perspiciatis.',NULL,NULL,0,0,'Natus laboriosam in ducimus.','Nihil laborum expedita rerum pariatur nesciunt sed molestiae.','2016-09-06 12:59:19','2016-09-06 12:59:19'),(21,'Model','Lenovo','Thinkpad','X301','Rerum dolores et laboriosam.','Laudantium accusamus est culpa ut quia voluptatibus.',NULL,NULL,0,0,'Nulla id optio quibusdam magnam recusandae debitis eum molestiae.','Optio itaque voluptates quia asperiores molestiae cum sunt quaerat.','2016-09-06 12:59:19','2016-09-06 12:59:19'),(22,'Model','Lenovo','Thinkpad','Carbon','Accusamus modi repellendus fugit facere.','Consequuntur nemo possimus tempora quo accusantium.',NULL,NULL,0,0,'Sunt ipsum aspernatur architecto animi aperiam.','Est iusto et veritatis provident ut voluptas eos.','2016-09-06 12:59:19','2016-09-06 12:59:19'),(23,'Model','Dell','Inspiron','7000','Voluptatem quia voluptates itaque placeat officiis.','Aspernatur similique nihil ducimus non autem.',NULL,NULL,0,0,'Ducimus sunt deserunt nemo voluptas.','Dolores minus nihil explicabo reprehenderit laborum minima hic.','2016-09-06 12:59:19','2016-09-06 12:59:19'),(24,'Model','Sony','Beamer 1 beatae','1','Ducimus quas explicabo fugit numquam suscipit.','Quas qui reprehenderit unde.',NULL,NULL,0,0,'Quasi dolor totam soluta tempore aliquid placeat voluptatibus maxime.','Beamer braucht ein VGA Kabel!','2016-09-06 12:59:19','2016-09-06 12:59:19'),(25,'Model','Sony','Beamer 2 consequatur','2','Sint est aliquid sunt quia.','Commodi cupiditate nihil laboriosam quam quis.',NULL,NULL,0,0,'Molestiae placeat aperiam voluptatum deleniti praesentium minus dicta distinctio.','Beamer braucht ein VGA Kabel!','2016-09-06 12:59:19','2016-09-06 12:59:19'),(26,'Model','Sony','Beamer 3 est','3','Eum quia ut sunt.','Deserunt illum fugiat sint adipisci.',NULL,NULL,0,0,'Quas aliquid laboriosam at minus incidunt harum libero.','Beamer braucht ein VGA Kabel!','2016-09-06 12:59:19','2016-09-06 12:59:19'),(27,'Model','Sony','Beamer 4 aliquam','4','Ut cupiditate qui exercitationem.','Id nihil est et non quam quasi.',NULL,NULL,0,0,'Nobis iusto sunt sed voluptatem animi esse omnis eveniet.','Beamer braucht ein VGA Kabel!','2016-09-06 12:59:19','2016-09-06 12:59:19'),(28,'Model','Sony','Beamer 5 ab','5','Est et et cum molestiae tenetur ipsa eius natus.','Sed et occaecati sequi laboriosam explicabo qui earum sit.',NULL,NULL,0,0,'Dolor autem qui accusantium tempora et.','Beamer braucht ein VGA Kabel!','2016-09-06 12:59:19','2016-09-06 12:59:19'),(29,'Model','Sony','Beamer 6 et','6','Hic dolore saepe nihil voluptatem et aut quibusdam.','Et qui sed adipisci.',NULL,NULL,0,0,'Tempore ea sit repudiandae.','Beamer braucht ein VGA Kabel!','2016-09-06 12:59:19','2016-09-06 12:59:19'),(30,'Model','Sony','Beamer 7 velit','7','Repellendus voluptatem placeat voluptatem.','Sit eaque exercitationem rem.',NULL,NULL,0,0,'Repellendus aut reprehenderit perferendis aut quis autem.','Beamer braucht ein VGA Kabel!','2016-09-06 12:59:19','2016-09-06 12:59:19'),(31,'Model','Sony','Beamer 8 quos','8','Fuga sint accusantium tenetur.','Qui omnis voluptatem explicabo.',NULL,NULL,0,0,'Et sunt dolorum error nihil fuga doloribus.','Beamer braucht ein VGA Kabel!','2016-09-06 12:59:19','2016-09-06 12:59:19'),(32,'Model','Sony','Beamer 9 iste','9','Neque corporis nesciunt voluptate sed quo deleniti.','Iste repudiandae laudantium vel.',NULL,NULL,0,0,'Facilis quis quis expedita temporibus ut nisi.','Beamer braucht ein VGA Kabel!','2016-09-06 12:59:19','2016-09-06 12:59:19'),(33,'Model','Sony','Beamer 10 porro','10','Fuga molestiae quia deserunt.','Magnam facere ea doloremque ipsum mollitia.',NULL,NULL,0,0,'Nihil tempore reprehenderit corporis optio quo quia.','Beamer braucht ein VGA Kabel!','2016-09-06 12:59:19','2016-09-06 12:59:19'),(34,'Model','Sony','Beamer 11 dolorem','11','Similique aut ea nesciunt eum et.','Vel magni nisi accusamus numquam.',NULL,NULL,0,0,'Deserunt et unde quibusdam.','Beamer braucht ein VGA Kabel!','2016-09-06 12:59:19','2016-09-06 12:59:19'),(35,'Model','Sony','Beamer 12 quo','12','Quas reiciendis perspiciatis qui.','Cum repellat autem quidem aut recusandae voluptas adipisci.',NULL,NULL,0,0,'Consequatur perspiciatis id officia.','Beamer braucht ein VGA Kabel!','2016-09-06 12:59:19','2016-09-06 12:59:19'),(36,'Model','Sony','Beamer 13 magni','13','Praesentium vel magnam consequatur veritatis et.','Quod facilis iusto consequatur illo.',NULL,NULL,0,0,'Hic at ex nihil laborum eaque id quia natus.','Beamer braucht ein VGA Kabel!','2016-09-06 12:59:19','2016-09-06 12:59:19'),(37,'Model','Sony','Beamer 14 ipsam','14','Qui iusto sequi voluptatem nemo illum dolorum aut.','Laboriosam porro natus pariatur et dolore quia.',NULL,NULL,0,0,'Cumque vitae in vel et animi.','Beamer braucht ein VGA Kabel!','2016-09-06 12:59:19','2016-09-06 12:59:19'),(38,'Model','Sony','Beamer 15 voluptatem','15','Temporibus nobis iusto provident ut aspernatur ducimus eum.','Perferendis non tenetur assumenda excepturi.',NULL,NULL,0,0,'Qui neque magni exercitationem et enim atque et.','Beamer braucht ein VGA Kabel!','2016-09-06 12:59:19','2016-09-06 12:59:19'),(39,'Model','Sony','Beamer 16 laudantium','16','Libero aspernatur sapiente ipsam voluptate eos consequatur eius error.','Earum magni optio iste sed et quam reprehenderit tempore.',NULL,NULL,0,0,'Officia voluptatem sed quo illo et quia harum.','Beamer braucht ein VGA Kabel!','2016-09-06 12:59:19','2016-09-06 12:59:19'),(40,'Model','Sony','Beamer 17 nemo','17','Aut et iure ducimus impedit provident.','Voluptatum quidem temporibus nesciunt laborum asperiores nemo est.',NULL,NULL,0,0,'Facere dolor explicabo corporis veritatis.','Beamer braucht ein VGA Kabel!','2016-09-06 12:59:19','2016-09-06 12:59:19'),(41,'Model','Sony','Beamer 18 excepturi','18','Voluptatem doloremque porro voluptas alias et et.','Eum aut soluta esse nisi.',NULL,NULL,0,0,'Facilis aut maiores modi rerum qui corporis.','Beamer braucht ein VGA Kabel!','2016-09-06 12:59:19','2016-09-06 12:59:19'),(42,'Model','Sony','Beamer 19 minus','19','Aut ea sit ut.','Itaque mollitia cupiditate aliquam debitis adipisci recusandae.',NULL,NULL,0,0,'Labore totam quidem mollitia et et.','Beamer braucht ein VGA Kabel!','2016-09-06 12:59:19','2016-09-06 12:59:19'),(43,'Model','Sony','Beamer 20 et','20','Omnis molestias cumque reiciendis.','Id ad impedit unde.',NULL,NULL,0,0,'Illum et fuga est ea aperiam molestias.','Beamer braucht ein VGA Kabel!','2016-09-06 12:59:19','2016-09-06 12:59:19'),(44,'Model','Nikon','Kameras 1 id','21','Fugit minima et qui iure aliquid enim nihil.','Voluptatem laboriosam et placeat autem dolorem.',NULL,NULL,0,0,'Dolor qui ut ea quas.',NULL,'2016-09-06 12:59:19','2016-09-06 12:59:19'),(45,'Model','Nikon','Kameras 2 quo','22','Quia distinctio autem repellat nostrum qui praesentium.','Doloremque ullam quia omnis rerum id aut non voluptas.',NULL,NULL,0,0,'Ratione fugit vitae esse assumenda ad dolores ipsa soluta.',NULL,'2016-09-06 12:59:19','2016-09-06 12:59:19'),(46,'Model','Nikon','Kameras 3 id','23','Sapiente reiciendis id minima.','Et ad sint numquam molestias.',NULL,NULL,0,0,'Aliquam velit quidem illum est.',NULL,'2016-09-06 12:59:19','2016-09-06 12:59:19'),(47,'Model','Nikon','Kameras 4 minima','24','Atque est quae veritatis corrupti et.','Eum ea soluta nihil.',NULL,NULL,0,0,'Est non vitae qui laborum vero.',NULL,'2016-09-06 12:59:19','2016-09-06 12:59:19'),(48,'Model','Nikon','Kameras 5 autem','25','Magni error est officia corrupti rem qui.','Quibusdam ratione non ut vero laborum eligendi eum natus.',NULL,NULL,0,0,'Consectetur odio hic accusamus pariatur placeat rerum eum.',NULL,'2016-09-06 12:59:19','2016-09-06 12:59:19'),(49,'Model','Nikon','Kameras 6 accusamus','26','Consectetur ratione voluptas illum ut occaecati aut voluptate quis.','Nesciunt consequuntur in sed.',NULL,NULL,0,0,'Distinctio est aut id illum quis quas et qui.',NULL,'2016-09-06 12:59:19','2016-09-06 12:59:19'),(50,'Model','Nikon','Kameras 7 ut','27','Odit autem sed unde dolores iste odio.','Odio tenetur saepe ut ipsam animi non ut.',NULL,NULL,0,0,'Expedita nulla incidunt consequatur deserunt sequi dolorum.',NULL,'2016-09-06 12:59:19','2016-09-06 12:59:19'),(51,'Model','Nikon','Kameras 8 dicta','28','Distinctio ipsam at nisi.','Aut consectetur culpa porro delectus.',NULL,NULL,0,0,'Quo id dignissimos et voluptas.',NULL,'2016-09-06 12:59:19','2016-09-06 12:59:19'),(52,'Model','Nikon','Kameras 9 nemo','29','Enim id molestias quidem et incidunt eos.','Porro rem non ducimus dolor.',NULL,NULL,0,0,'Quo omnis vel delectus qui maiores aut vel.',NULL,'2016-09-06 12:59:19','2016-09-06 12:59:19'),(53,'Model','Nikon','Kameras 10 qui','30','Tenetur iure voluptas architecto voluptate.','Molestias laboriosam alias voluptatum rem enim et aut delectus.',NULL,NULL,0,0,'Iusto natus eveniet atque repellendus consequuntur autem quo.',NULL,'2016-09-06 12:59:19','2016-09-06 12:59:19'),(54,'Model','Nikon','Kameras 11 quia','31','Atque voluptatum accusamus est.','Distinctio vitae id iusto magni ut ut nihil amet.',NULL,NULL,0,0,'Optio sint architecto eum.',NULL,'2016-09-06 12:59:19','2016-09-06 12:59:19'),(55,'Model','Nikon','Kameras 12 nihil','32','Nihil eum esse praesentium culpa.','Voluptatum rerum optio aut ut saepe adipisci.',NULL,NULL,0,0,'Ut repellat incidunt deleniti.',NULL,'2016-09-06 12:59:19','2016-09-06 12:59:19'),(56,'Model','Nikon','Kameras 13 repellat','33','Voluptatum aliquid doloremque modi eius sapiente.','Dolorem sapiente sunt qui.',NULL,NULL,0,0,'Dolorem eligendi enim pariatur.',NULL,'2016-09-06 12:59:19','2016-09-06 12:59:19'),(57,'Model','Nikon','Kameras 14 id','34','Autem qui nihil repellat aspernatur omnis.','Ullam reiciendis voluptatem ab officia dolorum tempora libero.',NULL,NULL,0,0,'Consequuntur illum reiciendis ut quos unde quia ut.',NULL,'2016-09-06 12:59:19','2016-09-06 12:59:19'),(58,'Model','Nikon','Kameras 15 officiis','35','A voluptas porro non ullam.','Qui impedit corporis ut autem eum fugiat beatae.',NULL,NULL,0,0,'Aut architecto laboriosam voluptatem.',NULL,'2016-09-06 12:59:19','2016-09-06 12:59:19'),(59,'Model','Nikon','Kameras 16 temporibus','36','Autem illo fuga occaecati cumque delectus nam et.','Molestiae odio ipsum amet tenetur.',NULL,NULL,0,0,'Tempora ut nisi provident aliquam magni.',NULL,'2016-09-06 12:59:19','2016-09-06 12:59:19'),(60,'Model','Nikon','Kameras 17 dolorem','37','Tempora eum qui quia inventore qui.','Modi non voluptas ex non.',NULL,NULL,0,0,'Qui unde eum quisquam esse est a.',NULL,'2016-09-06 12:59:19','2016-09-06 12:59:19'),(61,'Model','Nikon','Kameras 18 magnam','38','Velit aut recusandae repudiandae temporibus illo aliquam beatae autem.','Deleniti rerum delectus repellendus enim magnam.',NULL,NULL,0,0,'Laudantium animi dolorem autem dolor dolorum tenetur.',NULL,'2016-09-06 12:59:19','2016-09-06 12:59:19'),(62,'Model','Nikon','Kameras 19 laborum','39','Ad quia quaerat voluptatem.','Rem facilis aut aut quis.',NULL,NULL,0,0,'Id quo ipsam sint.',NULL,'2016-09-06 12:59:19','2016-09-06 12:59:19'),(63,'Model','Nikon','Kameras 20 exercitationem','40','Labore et maiores sequi quia quam doloribus adipisci.','Tenetur ex eveniet adipisci saepe omnis est tempore.',NULL,NULL,0,0,'Non tempore nobis rerum dolor aspernatur ut.',NULL,'2016-09-06 12:59:19','2016-09-06 12:59:19'),(64,'Model','Nikon','Kameras 21 sed','41','Harum dolores rerum libero doloremque optio aut.','Aut ipsum placeat omnis impedit voluptas beatae molestias aut.',NULL,NULL,0,0,'Numquam temporibus nihil repellendus.',NULL,'2016-09-06 12:59:19','2016-09-06 12:59:19'),(65,'Model','Nikon','Kameras 22 nesciunt','42','Et cupiditate vero minima possimus eos ut.','Impedit culpa iusto voluptatibus quos eos tempore odio laborum.',NULL,NULL,0,0,'Earum et amet quis qui enim.',NULL,'2016-09-06 12:59:19','2016-09-06 12:59:19'),(66,'Model','Nikon','Kameras 23 non','43','Nam distinctio sed ut voluptatibus soluta.','Consectetur sunt ut illo aut et.',NULL,NULL,0,0,'Minus temporibus explicabo sit sed itaque qui eum.',NULL,'2016-09-06 12:59:19','2016-09-06 12:59:19'),(67,'Model','Nikon','Kameras 24 maiores','44','Vel dignissimos quasi accusantium ex.','Quis reprehenderit voluptas quasi et repellendus sint.',NULL,NULL,0,0,'Omnis quae corporis tempora repellendus dolorum id cum aliquid.',NULL,'2016-09-06 12:59:19','2016-09-06 12:59:19'),(68,'Model','Nikon','Kameras 25 sunt','45','Quis occaecati quam animi incidunt voluptatem maiores nihil sint.','Qui fugit nisi expedita nihil commodi id.',NULL,NULL,0,0,'Consectetur consequuntur voluptas qui dicta.',NULL,'2016-09-06 12:59:19','2016-09-06 12:59:19'),(69,'Model','Nikon','Kameras 26 aliquid','46','Aut libero quo asperiores debitis optio animi nulla praesentium.','Tempora et nostrum veniam.',NULL,NULL,0,0,'Odit dolores at quaerat ut eum.',NULL,'2016-09-06 12:59:19','2016-09-06 12:59:19'),(70,'Model','Nikon','Kameras 27 temporibus','47','Repellat expedita provident dolor soluta.','Facilis quibusdam nobis vel.',NULL,NULL,0,0,'Facere eligendi deleniti commodi velit provident sint minima.',NULL,'2016-09-06 12:59:19','2016-09-06 12:59:19'),(71,'Model','Nikon','Kameras 28 quidem','48','Reprehenderit non adipisci quidem iusto.','Impedit qui vel amet quaerat aut dolor est.',NULL,NULL,0,0,'Veniam facere commodi dolor quia.',NULL,'2016-09-06 12:59:19','2016-09-06 12:59:19'),(72,'Model','Nikon','Kameras 29 architecto','49','Nulla dolorem occaecati ducimus sed commodi.','Est vitae vel totam quidem voluptas voluptatem.',NULL,NULL,0,0,'At minus molestiae velit pariatur.',NULL,'2016-09-06 12:59:19','2016-09-06 12:59:19'),(73,'Model','Nikon','Kameras 30 deserunt','50','Culpa est et saepe laudantium expedita molestias molestiae.','Suscipit necessitatibus enim occaecati sint.',NULL,NULL,0,0,'Rerum eum voluptatem sed molestiae et beatae.',NULL,'2016-09-06 12:59:19','2016-09-06 12:59:19'),(74,'Software','Schroeder LLC','Adobe Acrobat','51',NULL,NULL,NULL,NULL,0,0,'test http://test.ch\\r\nwww.foo.ch\\r\njust a text',NULL,'2016-09-06 12:59:19','2016-09-06 12:59:19'),(75,'Software','Crooks, Shanahan and Mertz','MS Word','52',NULL,NULL,NULL,NULL,0,0,'test http://test.ch\\r\nwww.foo.ch\\r\njust a text',NULL,'2016-09-06 12:59:19','2016-09-06 12:59:19'),(76,'Software','West-Bernier','Gorgeous Plastic Hat','53',NULL,NULL,NULL,NULL,0,0,NULL,NULL,'2016-09-06 12:59:19','2016-09-06 12:59:19'),(77,'Software','Gleichner Inc','Awesome Concrete Car','54',NULL,NULL,NULL,NULL,0,0,NULL,NULL,'2016-09-06 12:59:19','2016-09-06 12:59:19'),(78,'Software','Harber, Monahan and Kunde','Fantastic Concrete Shoes','55',NULL,NULL,NULL,NULL,0,0,NULL,NULL,'2016-09-06 12:59:19','2016-09-06 12:59:19'),(79,'Software','Ryan-Blanda','Ergonomic Plastic Gloves','56',NULL,NULL,NULL,NULL,0,0,NULL,NULL,'2016-09-06 12:59:19','2016-09-06 12:59:19'),(80,'Software','Simonis-Franecki','Gorgeous Rubber Chair','57',NULL,NULL,NULL,NULL,0,0,NULL,NULL,'2016-09-06 12:59:19','2016-09-06 12:59:19'),(81,'Software','Abernathy and Sons','Ergonomic Rubber Car','58',NULL,NULL,NULL,NULL,0,0,NULL,NULL,'2016-09-06 12:59:19','2016-09-06 12:59:19'),(82,'Software','Morissette LLC','Intelligent Rubber Gloves','59',NULL,NULL,NULL,NULL,0,0,NULL,NULL,'2016-09-06 12:59:19','2016-09-06 12:59:19'),(83,'Software','White and Sons','Small Wooden Shoes','60',NULL,NULL,NULL,NULL,0,0,NULL,NULL,'2016-09-06 12:59:19','2016-09-06 12:59:19'),(84,'Software','Hodkiewicz, Lindgren and Corwin','Practical Rubber Pants','61',NULL,NULL,NULL,NULL,0,0,NULL,NULL,'2016-09-06 12:59:19','2016-09-06 12:59:19'),(85,'Software','Lindgren and Sons','Ergonomic Wooden Table','62',NULL,NULL,NULL,NULL,0,0,NULL,NULL,'2016-09-06 12:59:19','2016-09-06 12:59:19'),(86,'Software','Nicolas, Mante and Wunsch','Ergonomic Cotton Chair','63',NULL,NULL,NULL,NULL,0,0,NULL,NULL,'2016-09-06 12:59:19','2016-09-06 12:59:19'),(87,'Software','Nader, Bogan and Hills','Practical Plastic Hat','64',NULL,NULL,NULL,NULL,0,0,NULL,NULL,'2016-09-06 12:59:19','2016-09-06 12:59:19'),(88,'Software','Beer, Hilll and Pfannerstill','Incredible Wooden Hat','65',NULL,NULL,NULL,NULL,0,0,NULL,NULL,'2016-09-06 12:59:19','2016-09-06 12:59:19'),(89,'Model','Miller Group','Kamera Set','66','Quis eos sunt et rerum ut nostrum dolore amet.','Magnam eligendi autem at qui magni saepe.',NULL,NULL,1,1,'Dolorem et et sequi.','Voluptas est quae est eveniet praesentium sed consequatur.','2016-09-06 12:59:19','2016-09-06 12:59:19'),(90,'Model','Von-McGlynn','Sleek Steel Hat','67','Laudantium perferendis iste officiis iusto sed facere.','Architecto deleniti eligendi dolores impedit.',NULL,NULL,2,0,'Eligendi quisquam in qui voluptas iste modi.','Eaque qui repudiandae a voluptate corporis optio dignissimos.','2016-09-06 12:59:19','2016-09-06 12:59:19'),(91,'Model','Heller, Rutherford and Breitenberg','Incredible Steel Car','68','Corrupti provident voluptate eum non.','Quo magni qui quia.',NULL,NULL,3,0,'Inventore ut quis voluptates et natus quos distinctio.','Similique iste voluptate omnis ducimus.','2016-09-06 12:59:19','2016-09-06 12:59:19'),(92,'Model','Upton LLC','Rustic Concrete Gloves','69','Fuga eveniet possimus voluptatem quidem error.','Eum voluptate et quo tempore.',NULL,NULL,0,0,'Voluptatem fugit nihil numquam tenetur reiciendis minus quo.','Soluta nihil vero dolores.','2016-09-06 12:59:19','2016-09-06 12:59:19'),(93,'Model','Schaefer Group','Gorgeous Cotton Car','70','Ipsa non ex rerum.','Expedita voluptatibus voluptatum accusantium temporibus sit quia blanditiis veniam.',NULL,NULL,1,0,'Harum laudantium id a commodi exercitationem et sed.','Reiciendis necessitatibus et aut in.','2016-09-06 12:59:19','2016-09-06 12:59:19'),(94,'Model','Haag and Sons','Practical Rubber Shirt','71','Reprehenderit ut ad molestias.','Vitae voluptatibus ad placeat voluptatem sunt.',NULL,NULL,1,0,'Rerum ipsa et nulla minima dolorum est ut.','Dignissimos veniam eum aut in.','2016-09-06 12:59:19','2016-09-06 12:59:19'),(95,'Model','Gibson Inc','Fantastic Rubber Pants','72','Optio corporis aliquid assumenda in.','Ea fuga hic molestiae in mollitia incidunt suscipit.',NULL,NULL,1,0,'Quam nam fuga quae architecto nihil.','Et consequatur hic quia.','2016-09-06 12:59:19','2016-09-06 12:59:19'),(96,'Model','O\'Kon Inc','Intelligent Cotton Pants','73','Similique delectus earum consequuntur omnis et ab.','Asperiores itaque praesentium et a velit consectetur odit.',NULL,NULL,1,0,'Nostrum et quisquam et amet ut dolor quibusdam illo.','Minus aut nisi vel incidunt deserunt.','2016-09-06 12:59:19','2016-09-06 12:59:19'),(97,'Model','Kulas, Pagac and Harvey','Rustic Plastic Table','74','Blanditiis quis provident nostrum earum ut.','Facere eligendi ut ut maxime ullam omnis.',NULL,NULL,1,0,'Illum aut et explicabo perspiciatis omnis voluptatem saepe.','Est sint autem laboriosam nostrum aspernatur perferendis.','2016-09-06 12:59:19','2016-09-06 12:59:19'),(98,'Model','Considine, Schaefer and Marquardt','Practical Wooden Car','75','Nobis culpa ullam pariatur.','Et at ut pariatur rerum nihil odio temporibus eum.',NULL,NULL,0,0,'Laudantium nesciunt sit non suscipit ab.','Voluptas et quas quaerat aut enim.','2016-09-06 12:59:19','2016-09-06 12:59:19'),(99,'Model','Hyatt and Sons','Awesome Granite Table','76','Itaque qui tempora et.','Et quis tempore qui et.',NULL,NULL,2,0,'Reiciendis expedita et quos.','Occaecati omnis soluta harum.','2016-09-06 12:59:19','2016-09-06 12:59:19'),(100,'Model','Runolfsdottir and Sons','Ergonomic Steel Car','77','Laboriosam ut aut eum nesciunt quo laudantium.','Nam reprehenderit nesciunt voluptatibus eligendi sint ut.',NULL,NULL,1,0,'Natus vel unde quam nihil voluptates voluptas.','Aperiam quia officiis voluptatibus sit.','2016-09-06 12:59:19','2016-09-06 12:59:19'),(101,'Model','Prosacco, Jaskolski and Tillman','Incredible Concrete Table','78','Illo est velit quia alias qui.','Eaque repellendus dolore quod quo nam.',NULL,NULL,0,0,'Fugiat maxime eum qui a voluptas necessitatibus.','Omnis ab saepe ut ipsa qui eos commodi corrupti.','2016-09-06 12:59:19','2016-09-06 12:59:19'),(102,'Model','Halvorson, Prohaska and Wyman','Kamera Set2','79','Atque nobis maxime impedit sunt.','Nostrum alias corrupti voluptatem odit eum.',NULL,NULL,1,1,'Et itaque ut id consequatur est.','Corporis vel illum et dolorum excepturi harum soluta magnam.','2016-09-06 12:59:19','2016-09-06 12:59:19'),(103,'Model','Wolf and Sons','Sleek Granite Gloves','80','Adipisci dicta odit sunt.','Tempore dolorum earum blanditiis.',NULL,NULL,0,0,'Maxime sit officiis natus accusamus.','Officiis sunt voluptatibus consequatur.','2016-09-06 12:59:19','2016-09-06 12:59:19'),(104,'Model','Harvey Inc','Awesome Concrete Hat','81','Quia sed earum natus est perspiciatis quia consequatur.','Quod quos aut consequuntur officia architecto doloribus.',NULL,NULL,0,0,'Dolorem non animi facilis dolore consectetur est.','Eveniet voluptatibus facilis omnis et voluptates molestiae sed enim.','2016-09-06 12:59:19','2016-09-06 12:59:19'),(105,'Model','McDermott-Roberts','Fantastic Cotton Shirt','82','Sequi totam qui sint explicabo autem.','Rem quis pariatur quae qui voluptas cupiditate voluptas facilis.',NULL,NULL,2,0,'Aut voluptas reiciendis neque eum consequuntur autem quibusdam qui.','Itaque velit sunt ab illum.','2016-09-06 12:59:19','2016-09-06 12:59:19'),(106,'Model','Nader-Rempel','Intelligent Cotton Shirt','83','Maiores assumenda ea qui officia tempora.','Autem amet inventore magnam nesciunt ut.',NULL,NULL,2,0,'Aut veritatis dolor unde officia consectetur.','Voluptatem ad necessitatibus ab impedit nemo aspernatur consequatur vero.','2016-09-06 12:59:19','2016-09-06 12:59:19'),(107,'Model','Schaden and Sons','Incredible Cotton Pants','84','Quia sit fugiat natus voluptas sunt accusamus.','Beatae accusamus quia recusandae alias possimus.',NULL,NULL,1,0,'Recusandae incidunt autem ut libero nemo quibusdam magnam.','Vel debitis harum alias et sapiente ex et odio.','2016-09-06 12:59:19','2016-09-06 12:59:19'),(108,'Model','Von Inc','Awesome Steel Hat','85','Quia consequatur doloremque aliquam voluptatem porro ex quam.','Sit aspernatur enim officia dolorem ducimus ut tenetur qui.',NULL,NULL,2,0,'Quisquam et vel rerum id voluptatibus quis.','Repudiandae aut quia iusto explicabo quidem asperiores omnis dolorem.','2016-09-06 12:59:19','2016-09-06 12:59:19'),(109,'Model','Bayer, Eichmann and Monahan','Gorgeous Concrete Hat','86','Nam nobis ut quisquam.','Dignissimos quo et inventore cupiditate quisquam sed.',NULL,NULL,3,0,'Quod est architecto vel amet fugiat.','Quo temporibus ad non optio.','2016-09-06 12:59:19','2016-09-06 12:59:19'),(110,'Model','Hansen Group','Fantastic Steel Shirt','87','Iusto similique impedit eum qui.','Libero eos optio et nobis ut fuga.',NULL,NULL,1,0,'Recusandae autem ducimus sed reprehenderit eveniet accusantium saepe repudiandae.','Architecto veritatis sit praesentium voluptatibus harum.','2016-09-06 12:59:19','2016-09-06 12:59:19'),(111,'Model','Wunsch-Crooks','Incredible Steel Pants','88','Non est qui et perferendis.','Blanditiis quas quis numquam voluptatem.',NULL,NULL,1,0,'Qui vel ipsam nisi quod fuga.','Quia sapiente incidunt earum inventore harum ex tempore at.','2016-09-06 12:59:19','2016-09-06 12:59:19'),(112,'Model','Swift, Stehr and Buckridge','Rustic Plastic Computer','93','Mollitia non eius hic inventore et laborum asperiores qui.','Tempore exercitationem accusamus iste amet harum quia maxime aperiam.',NULL,NULL,2,0,'Omnis aut ex dolorum.','Eos vero ducimus ut labore qui repellat.','2016-09-06 12:59:19','2016-09-06 12:59:19'),(113,'Model','Sawayn-Kris','Intelligent Granite Hat','94','Quis officia qui perspiciatis ut dolor.','Officiis iste perferendis laudantium velit aliquid atque tempora.',NULL,NULL,0,0,'Dolor earum temporibus omnis voluptatem quisquam.','Magnam maiores est at saepe aspernatur.','2016-09-06 12:59:19','2016-09-06 12:59:19'),(114,'Model','Metz LLC','Small Steel Pants','95','Pariatur ex voluptatum ipsam vel.','Fugit delectus consectetur non mollitia qui.',NULL,NULL,0,0,'Reprehenderit nihil et et atque totam iure.','Rerum veritatis assumenda et est voluptatum pariatur.','2016-09-06 12:59:19','2016-09-06 12:59:19'),(115,'Model','O\'Hara and Sons','Awesome Wooden Chair','96','Consectetur inventore pariatur asperiores.','Sed qui voluptatum exercitationem earum est nobis.',NULL,NULL,1,0,'Quia quo ipsa fugit quia consequatur sunt ea.','Voluptatem beatae quidem corporis.','2016-09-06 12:59:19','2016-09-06 12:59:19'),(116,'Model','Stiedemann LLC','Sleek Cotton Shoes','97','Reprehenderit autem voluptatem perspiciatis.','Id inventore ullam nemo sunt fugiat ut.',NULL,NULL,2,0,'Et beatae nostrum et eos maiores ipsam totam.','Modi voluptatibus ab minus quia.','2016-09-06 12:59:19','2016-09-06 12:59:19'),(117,'Model','Lueilwitz, Breitenberg and Schiller','Sleek Plastic Table','98','Nobis odio soluta ut libero molestiae omnis facilis alias.','Et ipsam aut debitis earum sunt autem officia autem.',NULL,NULL,3,0,'Ut accusantium provident dolorem amet.','Quaerat odio quia est nobis nam omnis.','2016-09-06 12:59:19','2016-09-06 12:59:19'),(118,'Model','Schiller-Feeney','Fantastic Plastic Shirt','99','Sint possimus et non molestiae.','Adipisci fuga magnam tempora voluptas corporis cupiditate voluptatem.',NULL,NULL,3,0,'Saepe et voluptas minima.','Sequi error et sunt qui.','2016-09-06 12:59:19','2016-09-06 12:59:19'),(119,'Model','Marquardt-Kuvalis','Rustic Rubber Hat','100','Occaecati labore est facere.','Et non reprehenderit accusantium cumque eligendi.',NULL,NULL,0,0,'Minus harum vero est enim.','Optio non pariatur est.','2016-09-06 12:59:19','2016-09-06 12:59:19'),(120,'Model','Brekke LLC','Gorgeous Granite Computer','101','Commodi odit debitis ab.','Laudantium tempora commodi voluptas eius odit.',NULL,NULL,3,0,'Ut non hic voluptatum unde alias doloribus porro tempora.','Quo non eaque voluptatem iusto in optio ut ut.','2016-09-06 12:59:19','2016-09-06 12:59:19'),(121,'Model','Waelchi-Schinner','Gorgeous Steel Computer','102','Ea quisquam sunt illum ut voluptas rerum quis sapiente.','Fugiat quo voluptates aut numquam quaerat laudantium et.',NULL,NULL,0,0,'Quas expedita et sed omnis ducimus.','Asperiores rerum cum nostrum ut quasi modi illo at.','2016-09-06 12:59:19','2016-09-06 12:59:19'),(122,'Model','Abshire, Harber and Adams','Intelligent Plastic Hat','103','Et ut et et qui alias.','Et odit dolore voluptas officia qui minima excepturi itaque.',NULL,NULL,2,0,'Odio est eligendi temporibus architecto.','Pariatur ex dolor nostrum.','2016-09-06 12:59:19','2016-09-06 12:59:19'),(123,'Model','Hudson-Dietrich','Fantastic Cotton Pants','104','Fuga quis est aut sapiente.','Voluptatem sed praesentium et ab id facilis.',NULL,NULL,2,0,'Dolor quisquam unde qui voluptates exercitationem deserunt sint.','Similique voluptates ut dolorem est pariatur praesentium.','2016-09-06 12:59:19','2016-09-06 12:59:19'),(124,'Model','Ortiz-Barrows','Rustic Rubber Table','105','Ea eum non quia eveniet dolore adipisci.','Aperiam in consequatur enim excepturi omnis omnis.',NULL,NULL,3,0,'In odit corporis provident.','Quo minima velit autem quia culpa iusto.','2016-09-06 12:59:19','2016-09-06 12:59:19'),(125,'Model','Botsford Group','Incredible Rubber Gloves','106','Exercitationem ipsam aliquam placeat.','Odio vel sed aliquid facere fuga et deleniti.',NULL,NULL,2,0,'Illum perspiciatis et voluptatem.','Ex quibusdam aut quos illum.','2016-09-06 12:59:19','2016-09-06 12:59:19'),(126,'Model','Zieme and Sons','Practical Concrete Shoes','107','Voluptatem asperiores vel omnis non repellat dolor qui.','Est aperiam rerum voluptatem.',NULL,NULL,3,0,'Consequatur similique ex nulla qui aut maxime accusantium temporibus.','Et sint rem sequi unde eius cupiditate quasi.','2016-09-06 12:59:19','2016-09-06 12:59:19'),(127,'Model','Stamm-Fahey','Small Granite Table','108','Praesentium voluptas omnis ea est perferendis.','Et officiis omnis temporibus quia illum quia ea.',NULL,NULL,3,0,'Qui soluta necessitatibus inventore.','Aut ea sunt dolorem non omnis blanditiis.','2016-09-06 12:59:19','2016-09-06 12:59:19'),(128,'Model','Veum Inc','Gorgeous Rubber Pants','109','Omnis ab iste error molestiae.','Optio ipsa et ipsam voluptatibus et ut.',NULL,NULL,1,0,'Corporis occaecati debitis non ullam sequi voluptatum maxime.','Nemo dolores suscipit ipsa.','2016-09-06 12:59:19','2016-09-06 12:59:19'),(129,'Model','Zemlak, MacGyver and Gutmann','Rustic Wooden Hat','110','Perferendis debitis voluptatum nisi tenetur labore.','Sint consequatur ipsum quidem dolore.',NULL,NULL,2,0,'Adipisci culpa a at libero impedit.','Qui aut atque quasi repellat iure quia et.','2016-09-06 12:59:19','2016-09-06 12:59:19'),(130,'Model','Trantow, Stokes and Crooks','Sleek Rubber Car','111','Velit eius ducimus nostrum sed sed non dolore itaque.','Voluptate ut tenetur rerum quae numquam et aut consequatur.',NULL,NULL,1,0,'Voluptas et quia suscipit sit mollitia iste.','Laborum placeat harum porro sunt aut et.','2016-09-06 12:59:19','2016-09-06 12:59:19'),(131,'Model','Spencer and Sons','Sleek Wooden Car','112','Deserunt temporibus tenetur et.','Qui ut autem velit.',NULL,NULL,3,0,'Laboriosam et rem harum quibusdam fugit autem fugiat.','Quidem aliquid debitis eum laudantium dicta nulla.','2016-09-06 12:59:19','2016-09-06 12:59:19'),(132,'Model','Kemmer-Dicki','Sleek Rubber Shoes','113','Qui molestias laborum maiores.','Odit neque et totam ea sed in.',NULL,NULL,0,0,'Veritatis nemo cupiditate non.','Repudiandae sunt impedit quod nihil.','2016-09-06 12:59:19','2016-09-06 12:59:19'),(133,'Model','Hickle, Bartoletti and Turcotte','Ergonomic Steel Shoes','114','Sed maiores rem nulla praesentium ipsum porro accusantium occaecati.','Architecto expedita amet rerum mollitia.',NULL,NULL,0,0,'Vitae minus voluptatem atque quas qui voluptatibus consequatur minima.','Laboriosam asperiores numquam placeat consequatur ad.','2016-09-06 12:59:19','2016-09-06 12:59:19'),(134,'Model','Sanford, Lebsack and Borer','Small Rubber Gloves','115','Minus qui totam nihil sint.','Quidem facilis optio possimus aut.',NULL,NULL,3,0,'Minima ut dolorem et accusamus nemo quaerat dolorem.','Recusandae assumenda aut illum porro.','2016-09-06 12:59:19','2016-09-06 12:59:19'),(135,'Model','Herman and Sons','Ergonomic Wooden Pants','116','Quos minima perspiciatis suscipit dolorum similique et aliquid laborum.','Ducimus quis debitis distinctio veritatis eum facilis.',NULL,NULL,1,0,'Eaque porro magnam voluptate ipsa rerum eum maiores nobis.','Commodi vero ut ipsam quis natus quasi omnis dolorem.','2016-09-06 12:59:19','2016-09-06 12:59:19'),(136,'Model','Daugherty, Yundt and Lubowitz','Incredible Granite Shirt','117','Ab officia exercitationem ut quaerat quod incidunt vel rerum.','Recusandae qui architecto eum accusamus distinctio non voluptas.',NULL,NULL,2,0,'Maiores quia quia minus reprehenderit consequatur temporibus eos.','Nisi eveniet dolor libero enim iste.','2016-09-06 12:59:19','2016-09-06 12:59:19'),(137,'Model','Kiehn, Shields and MacGyver','Incredible Rubber Hat','118','Nisi accusamus ea voluptatibus impedit temporibus.','Architecto nihil dolores et.',NULL,NULL,3,0,'Cupiditate temporibus pariatur consequuntur.','Consequatur esse voluptates dolorem hic.','2016-09-06 12:59:19','2016-09-06 12:59:19'),(138,'Model','Kassulke, Konopelski and Emard','Gorgeous Cotton Table','119','Quia et in totam.','Unde voluptates voluptate rem dolorum nihil harum.',NULL,NULL,1,0,'Eaque aut dolorem et ab et eos.','Minima quo hic quis ut et est.','2016-09-06 12:59:19','2016-09-06 12:59:19'),(139,'Model','Wuckert and Sons','Sleek Concrete Hat','120','Magnam sit eaque modi qui aut voluptatem ea.','Et aspernatur quia aut commodi nesciunt.',NULL,NULL,1,0,'Quibusdam dolorum libero unde et.','Eveniet nihil officiis dolore aut iure atque incidunt reiciendis.','2016-09-06 12:59:19','2016-09-06 12:59:19'),(140,'Model','Lueilwitz LLC','Sleek Plastic Shoes','121','Omnis numquam quidem fugiat et enim.','Vel ullam rerum omnis.',NULL,NULL,3,0,'At ratione beatae error consequuntur maxime eum qui eaque.','Qui consectetur deleniti ab autem repudiandae quas.','2016-09-06 12:59:19','2016-09-06 12:59:19'),(141,'Model','Kiehn-Mosciski','Small Steel Gloves','122','Laudantium nobis modi accusamus nostrum illo rerum placeat quaerat.','Officiis veritatis sapiente dolorem maiores ex et quae sequi.',NULL,NULL,2,0,'Adipisci neque veritatis et non.','Perferendis voluptatem adipisci amet ex.','2016-09-06 12:59:19','2016-09-06 12:59:19'),(142,'Model','Rohan, Leffler and Bechtelar','Gorgeous Rubber Gloves','123','Autem soluta nesciunt eius.','Consequatur quidem modi qui voluptate repellat ut placeat autem.',NULL,NULL,2,0,'Cum voluptates itaque ea in accusamus.','Eligendi quia cumque omnis non et.','2016-09-06 12:59:19','2016-09-06 12:59:19'),(143,'Model','Daniel-Beahan','Fantastic Concrete Pants','124','Et molestiae aut est.','Laudantium laborum et qui exercitationem inventore saepe a et.',NULL,NULL,2,0,'Expedita sunt omnis explicabo.','Perferendis ullam reprehenderit et dolores officiis.','2016-09-06 12:59:19','2016-09-06 12:59:19'),(144,'Model','Kozey, Heller and Mraz','Gorgeous Rubber Computer','125','Necessitatibus doloribus dignissimos deleniti porro quam debitis.','Voluptates vitae sint placeat optio labore impedit.',NULL,NULL,2,0,'Laboriosam facilis commodi reiciendis ipsum fugit.','Qui ullam beatae qui eum rem id ducimus.','2016-09-06 12:59:19','2016-09-06 12:59:19'),(145,'Model','Cruickshank-Hilll','Ergonomic Cotton Hat','126','Dolorem laboriosam blanditiis voluptas corrupti consequuntur ullam et saepe.','Hic maiores nihil soluta consectetur enim.',NULL,NULL,2,0,'Sunt fugit corporis rem consectetur.','Ducimus porro autem quas.','2016-09-06 12:59:19','2016-09-06 12:59:19'),(146,'Model','Kihn-Schaden','Sleek Concrete Table','127','Nesciunt dolorem mollitia sint voluptate.','Reiciendis et et sed quod est rerum rerum et.',NULL,NULL,2,0,'Soluta impedit et voluptas non.','Ea est est et aut culpa voluptatum velit consequatur.','2016-09-06 12:59:19','2016-09-06 12:59:19'),(147,'Model','Bayer-Dicki','Fantastic Rubber Hat','128','Pariatur ad doloremque harum qui quasi itaque quo voluptas.','Natus neque laborum facere ut sit rerum error.',NULL,NULL,3,0,'Exercitationem eaque qui impedit.','Aliquam sit est voluptates architecto ipsum odit.','2016-09-06 12:59:19','2016-09-06 12:59:19'),(148,'Model','Reynolds and Sons','Fantastic Cotton Shoes','129','Eius blanditiis dicta deleniti culpa.','Voluptas maiores dolore sit perspiciatis rerum sit animi aut.',NULL,NULL,2,0,'Autem temporibus ut cupiditate debitis sint.','Error non ratione similique veniam sunt et quaerat sint.','2016-09-06 12:59:19','2016-09-06 12:59:19'),(149,'Model','Predovic-Cormier','Intelligent Wooden Hat','130','Maxime nobis hic officia id accusamus vel veritatis.','Et sint dolores ut vero magnam iusto tempora.',NULL,NULL,2,0,'Facilis repudiandae quia quam doloremque eveniet sed ullam.','Dolores excepturi atque odit officiis laborum deserunt soluta.','2016-09-06 12:59:19','2016-09-06 12:59:19'),(150,'Model','King, Hartmann and Murphy','Rustic Steel Pants','131','Voluptatem suscipit molestiae similique dolorum accusantium vitae ad fugiat.','Illo est ut asperiores ipsa ullam nemo voluptatibus.',NULL,NULL,0,0,'Et repellat alias voluptatem laboriosam consectetur ut et.','Deleniti cumque sed nostrum.','2016-09-06 12:59:19','2016-09-06 12:59:19'),(151,'Model','Haley, Hilll and Leffler','Small Concrete Car','132','Voluptatem ut necessitatibus eveniet voluptatem qui recusandae.','Earum voluptas omnis ut aut voluptatem recusandae.',NULL,NULL,0,0,'Provident quia distinctio similique repudiandae explicabo.','Impedit nihil consequatur ipsa et illo incidunt.','2016-09-06 12:59:19','2016-09-06 12:59:19'),(152,'Model','Lubowitz, Hegmann and Dicki','Awesome Cotton Shirt','133','Aut perferendis inventore expedita consequuntur est omnis excepturi.','Esse ut atque soluta id qui quo quidem.',NULL,NULL,3,0,'Placeat in minima eum voluptatum expedita.','Sint repellendus esse facilis aliquam similique occaecati rerum beatae.','2016-09-06 12:59:19','2016-09-06 12:59:19'),(153,'Model','Hansen and Sons','Rustic Concrete Shoes','134','Aut minus corrupti rem illo asperiores impedit quis.','Provident dolorem harum optio est fugit nihil.',NULL,NULL,3,0,'Dicta rerum quo non et odio ut.','Minus aut veniam ut non.','2016-09-06 12:59:19','2016-09-06 12:59:19'),(154,'Model','Welch-Zulauf','Rustic Granite Shoes','135','Aspernatur sed aliquid tempore mollitia pariatur sit quasi eos.','Ea in labore odit aperiam nemo iure omnis molestias.',NULL,NULL,0,0,'Adipisci eveniet laborum odio occaecati tenetur.','Similique vel ut velit voluptatibus aliquam hic eos maiores.','2016-09-06 12:59:19','2016-09-06 12:59:19'),(155,'Model','Stoltenberg, Boyer and Kertzmann','Ergonomic Concrete Gloves','136','Et alias nulla amet quo ipsam.','Et officiis temporibus qui doloremque.',NULL,NULL,3,0,'Quia porro sint magnam aspernatur.','Voluptate delectus impedit et nemo.','2016-09-06 12:59:19','2016-09-06 12:59:19'),(156,'Model','Gusikowski-Morar','Intelligent Granite Table','137','Rerum fugiat fugit dolore iste.','Sapiente sed accusamus tempora quae ut minus aut nihil.',NULL,NULL,1,0,'Quae autem esse maiores repudiandae fugiat ab id amet.','Et dicta illum non voluptatem maxime repellat asperiores.','2016-09-06 12:59:19','2016-09-06 12:59:19'),(157,'Model','Hansen, Ruecker and Morissette','Practical Wooden Table','138','Et qui eveniet ut labore voluptatem atque soluta maxime.','Repudiandae nulla est voluptatibus magni vel ut accusamus facilis.',NULL,NULL,3,0,'Sed excepturi facere iusto quo.','Doloribus facilis et soluta sit ea ea.','2016-09-06 12:59:19','2016-09-06 12:59:19'),(158,'Model','McDermott, Cartwright and Conroy','Awesome Concrete Chair','139','In eveniet culpa aut incidunt magni impedit.','Autem sed enim nihil qui voluptas illum.',NULL,NULL,0,0,'Natus sint illo dolorum est ullam perferendis repellat omnis.','Quo quasi enim in dolores.','2016-09-06 12:59:19','2016-09-06 12:59:19'),(159,'Model','Harber and Sons','Sleek Granite Chair','140','Tempore perferendis accusantium blanditiis explicabo vitae sit sint.','Sit necessitatibus eum nostrum odit vero aliquam.',NULL,NULL,2,0,'Enim perspiciatis illum rerum aliquam.','Consequuntur aut quas inventore et labore.','2016-09-06 12:59:19','2016-09-06 12:59:19'),(160,'Model','Rempel-Bednar','Awesome Granite Computer','141','Doloribus et aliquid soluta similique.','Quo nihil eos ipsa est est recusandae omnis.',NULL,NULL,3,0,'Cum explicabo sint molestiae repellat ipsa repellendus voluptate.','Harum repellendus voluptatum quas voluptatem perspiciatis nam aut.','2016-09-06 12:59:19','2016-09-06 12:59:19'),(161,'Model','Moore-Gerlach','Practical Plastic Car','142','Necessitatibus fuga voluptas velit voluptates quas amet iste suscipit.','Eveniet perferendis non ea et reprehenderit.',NULL,NULL,0,0,'Fugit dolore ut vitae quasi quae sed doloremque.','Quo est molestiae enim saepe.','2016-09-06 12:59:19','2016-09-06 12:59:19'),(162,'Model','Runolfsdottir, Hauck and Runolfsson','Gorgeous Steel Chair','143','Nostrum aut qui molestiae.','Deleniti accusantium modi aperiam sint placeat enim totam.',NULL,NULL,1,0,'Odio dolor minus aliquam nam et velit amet numquam.','Dicta odit alias nulla vitae magnam ut explicabo.','2016-09-06 12:59:19','2016-09-06 12:59:19'),(163,'Model','Brakus, Franecki and Kuvalis','Rustic Rubber Shoes','144','Occaecati voluptas veritatis adipisci.','Facere incidunt assumenda voluptatibus omnis ea quis.',NULL,NULL,3,0,'Odio exercitationem voluptatem ut.','Consequatur eaque non fugiat et voluptas debitis harum.','2016-09-06 12:59:19','2016-09-06 12:59:19'),(164,'Model','King, Von and Williamson','Ergonomic Rubber Shoes','145','Maxime dolore quos doloremque aut provident repudiandae fugit impedit.','Tempore voluptatibus voluptas facere maiores iure.',NULL,NULL,0,0,'Et eum tempore labore voluptates id aut.','Amet qui nam deleniti quia harum.','2016-09-06 12:59:19','2016-09-06 12:59:19'),(165,'Model','Howell, Weber and Wolf','Small Cotton Car','146','Nesciunt quos harum aut.','Ut sint veniam similique labore dicta et.',NULL,NULL,2,0,'Qui est minus enim modi et ratione optio.','Dolor veniam consequatur repellat ex et accusamus eum harum.','2016-09-06 12:59:19','2016-09-06 12:59:19'),(166,'Model','Spencer-Rempel','Awesome Rubber Pants','147','Amet aut minus accusamus ad et et unde.','Eveniet vel quisquam minima error quasi maiores sequi doloremque.',NULL,NULL,3,0,'Eos ad et et dignissimos.','Sunt minima aut iste sed ad.','2016-09-06 12:59:19','2016-09-06 12:59:19'),(167,'Model','Purdy-Bailey','Ergonomic Wooden Gloves','148','Velit fuga blanditiis ut.','Cupiditate error eius autem ratione est non.',NULL,NULL,3,0,'Error voluptates autem id quis dolorum in accusamus quo.','Saepe laudantium perferendis itaque est officia.','2016-09-06 12:59:19','2016-09-06 12:59:19'),(168,'Model','Fadel Group','Gorgeous Granite Pants','149','Est totam cupiditate quia est nemo deserunt ullam.','Dolor totam deleniti accusantium quos quo debitis molestiae natus.',NULL,NULL,0,0,'Ut sequi quos ullam.','Dolor consectetur dolorum sit ullam perferendis facilis.','2016-09-06 12:59:19','2016-09-06 12:59:19'),(169,'Model','Mann-Greenfelder','Practical Plastic Pants','150','Consectetur corrupti animi cupiditate expedita ratione consequatur qui veritatis.','Et harum voluptate facere quae architecto.',NULL,NULL,1,0,'Maxime facere non officia necessitatibus quaerat amet rerum.','Dolorem et possimus veniam nostrum ut consequatur.','2016-09-06 12:59:19','2016-09-06 12:59:19'),(170,'Model','Gerhold-Sipes','Awesome Wooden Table','151','Dolor corporis est et sint amet occaecati eum in.','Ipsa est voluptatum dolorem optio doloribus rerum sit.',NULL,NULL,1,0,'Est minus consectetur consequatur voluptas inventore dolorem et.','Sed sit nisi rerum praesentium qui.','2016-09-06 12:59:19','2016-09-06 12:59:19'),(171,'Model','Hansen and Sons','Gorgeous Wooden Chair','152','Esse facere et magnam eos molestiae explicabo quia nam.','Quia ut quos ea ullam velit.',NULL,NULL,3,0,'Aliquid nemo blanditiis labore dolores sint non modi aut.','Eaque quis eum velit saepe non maxime.','2016-09-06 12:59:19','2016-09-06 12:59:19'),(172,'Model','Paucek-Borer','Intelligent Cotton Car','153','Unde doloremque est quo id accusantium perferendis.','Qui eos est unde hic.',NULL,NULL,1,0,'Ipsam odio distinctio totam voluptas modi qui odit excepturi.','Reprehenderit dolore minus mollitia voluptatem similique.','2016-09-06 12:59:19','2016-09-06 12:59:19'),(173,'Model','Breitenberg-Schroeder','Gorgeous Concrete Table','154','Explicabo ad et non.','Quia fuga possimus sit similique rerum nam iure.',NULL,NULL,0,0,'Laborum consequatur architecto maiores quis odio inventore.','Non voluptas dolores impedit in.','2016-09-06 12:59:19','2016-09-06 12:59:19'),(174,'Model','McGlynn Group','Ergonomic Cotton Pants','155','Accusamus ullam quisquam voluptate illum facere rerum et laudantium.','Iure voluptas minima repudiandae quam sapiente consequatur.',NULL,NULL,3,0,'In fugit numquam voluptatem doloribus.','Dolor in eius saepe debitis placeat est.','2016-09-06 12:59:19','2016-09-06 12:59:19'),(175,'Model','Shanahan, Abernathy and Stroman','Small Granite Shoes','156','Aliquam dolor commodi ut ducimus possimus.','Est veniam laudantium laboriosam omnis ipsam enim quo.',NULL,NULL,1,0,'Harum dolores et nisi.','Ut dolorum aut blanditiis voluptates culpa.','2016-09-06 12:59:19','2016-09-06 12:59:19'),(176,'Model','Rogahn, Gerlach and Runolfsdottir','Awesome Steel Computer','157','In neque eos sit qui molestiae et consequatur.','Modi ex quis possimus aliquam ea laudantium sit porro.',NULL,NULL,0,0,'Ullam molestias quis accusantium.','Iusto quis maxime quo reiciendis vitae sunt a.','2016-09-05 12:59:19','2016-09-05 12:59:19'),(177,'Model','Ullrich, Weber and Sawayn','Awesome Rubber Gloves','158','Quas omnis nisi velit dolorum qui.','Omnis non cumque id ipsa quo quasi aut.',NULL,NULL,1,0,'Maiores et quos illo sit suscipit.','Dolor vitae fugit eaque minus placeat magni officia.','2016-09-05 12:59:19','2016-09-05 12:59:19'),(178,'Model','Connelly, Rippin and Daniel','Rustic Wooden Chair','159','Mollitia quam molestiae distinctio.','Et aliquid et optio itaque consequuntur in dolores harum.',NULL,NULL,1,0,'Nobis autem ut molestias nisi dolor magni soluta minus.','Rerum voluptatem autem odit veniam iusto eveniet.','2016-09-05 12:59:19','2016-09-05 12:59:19'),(179,'Model','Lubowitz LLC','Awesome Wooden Hat','160','Vel repellat iure exercitationem et mollitia quibusdam eum officia.','Architecto excepturi ab numquam mollitia aut ut cupiditate.',NULL,NULL,1,0,'Voluptate nisi ut tempore ipsam esse ab molestias corporis.','Fuga facilis omnis recusandae doloribus sunt sapiente eos excepturi.','2016-09-05 12:59:19','2016-09-05 12:59:19'),(180,'Model','Lowe and Sons','Gorgeous Cotton Gloves','161','Et vel quis harum est maxime amet aut.','Totam nostrum voluptatibus aut rerum velit perspiciatis delectus.',NULL,NULL,2,0,'Ut occaecati aspernatur veritatis dolorem qui ipsa non voluptas.','Culpa dicta accusantium illum quibusdam cumque quo aspernatur.','2016-09-05 12:59:19','2016-09-05 12:59:19'),(181,'Model','Toy-Rodriguez','Awesome Rubber Computer','162','Sint et aut id omnis minima et error.','Maiores aut voluptas non est deserunt eveniet corrupti.',NULL,NULL,2,0,'Odio autem facere nulla libero ipsa est molestias excepturi.','Consequatur dolorem qui omnis atque.','2016-09-06 12:59:19','2016-09-06 12:59:19'),(182,'Model','Hagenes and Sons','Small Cotton Chair','163','Et nostrum sit dolorum excepturi illum aut.','Possimus pariatur perferendis quia aperiam est libero.',NULL,NULL,2,0,'Aspernatur sapiente velit sed odit earum.','Excepturi sint voluptate accusamus et asperiores.','2016-09-06 12:59:19','2016-09-06 12:59:19'),(183,'Model','Hills, Pfannerstill and Farrell','Fantastic Wooden Table','164','Dolore quia quis facere quas hic eveniet praesentium in.','Officiis aut facilis sed rem quos.',NULL,NULL,2,0,'Dolorum aut vel deleniti dolor ut est ipsam assumenda.','In aut totam maxime ut facere accusantium quisquam cumque.','2016-09-06 12:59:19','2016-09-06 12:59:19'),(184,'Model','Klein, Schimmel and Nitzsche','Awesome Wooden Gloves','165','Voluptatem cupiditate eos natus sequi.','Velit ad et doloribus odit minima magni dolorem.',NULL,NULL,0,0,'Qui harum enim id delectus ipsa ea et.','Et cumque eos quae.','2016-09-06 12:59:19','2016-09-06 12:59:19'),(185,'Model','Berge, Stanton and Adams','Practical Cotton Chair','166','Numquam adipisci in et iusto sed eveniet et.','Vero et atque eligendi nam ullam enim omnis veniam.',NULL,NULL,3,0,'Magni adipisci corporis non impedit praesentium.','Voluptatem tempora voluptatem minus sit earum velit dolorem.','2016-09-06 12:59:19','2016-09-06 12:59:19'),(186,'Model','Lehner, Torphy and Walsh','Small Concrete Gloves','167','Amet molestiae quis aut sed nobis pariatur rem.','Facere in quod molestiae exercitationem quia.',NULL,NULL,2,0,'Consequatur eius occaecati sint quis repudiandae.','Tenetur in delectus vero ut eligendi dolores.','2016-09-06 12:59:19','2016-09-06 12:59:19'),(187,'Model','Gerhold and Sons','Awesome Steel Car','168','Quibusdam harum ad excepturi ipsum.','Quis dolorum temporibus deserunt provident rerum amet culpa.',NULL,NULL,3,0,'Veritatis sed quia excepturi beatae.','Explicabo consequatur voluptas libero ut amet possimus rerum corporis.','2016-09-06 12:59:19','2016-09-06 12:59:19'),(188,'Model','Kling Inc','Practical Concrete Car','169','Nesciunt veritatis deleniti consectetur voluptatem non dolorem minus.','Temporibus quae fugiat labore delectus deserunt modi.',NULL,NULL,1,0,'Eos pariatur mollitia minus dolores modi.','Deleniti sed fuga aut omnis reiciendis necessitatibus corporis.','2016-09-06 12:59:19','2016-09-06 12:59:19'),(189,'Model','Glover and Sons','Ergonomic Cotton Car','170','Distinctio laboriosam rem incidunt.','Tenetur iste est tempora reiciendis.',NULL,NULL,2,0,'Sunt sint magni asperiores minima voluptates esse.','Et quisquam velit quia aperiam fugiat et.','2016-09-06 12:59:19','2016-09-06 12:59:19'),(190,'Model','Pfannerstill Inc','Awesome Cotton Pants','171','Ea porro aut consequatur earum iure exercitationem est ut.','Omnis illum a rem voluptatem unde adipisci.',NULL,NULL,0,0,'Aut earum reprehenderit explicabo.','Atque rerum nesciunt est nam tempore dolor eos dolorem.','2016-09-06 12:59:19','2016-09-06 12:59:19'),(191,'Model','Tillman, Abshire and Bernier','Rustic Cotton Gloves','172','Saepe tempora aut rerum quaerat quia suscipit dolor et.','Id velit cupiditate tenetur omnis placeat asperiores aut.',NULL,NULL,0,0,'Asperiores dolorem quaerat amet error est et recusandae.','Occaecati molestiae excepturi magni mollitia voluptas eaque sit.','2016-09-06 12:59:19','2016-09-06 12:59:19'),(192,'Model','Bayer Inc','Incredible Plastic Shirt','173','Aut ex voluptates voluptas et voluptatem beatae.','Repellendus dolor ex natus fugiat omnis.',NULL,NULL,2,0,'Quo ipsam eius quia voluptas adipisci autem illum.','Odit eum provident unde.','2016-09-06 12:59:19','2016-09-06 12:59:19'),(193,'Model','Hand Inc','Intelligent Steel Gloves','174','Eveniet sequi reprehenderit rerum amet corporis.','Fuga sapiente nostrum consequatur debitis quidem ratione corrupti.',NULL,NULL,1,0,'Libero dolorem et veniam atque sit recusandae distinctio rerum.','Similique ipsam dolor et optio.','2016-09-06 12:59:19','2016-09-06 12:59:19'),(194,'Model','Stark-Ziemann','Fantastic Rubber Shirt','175','Eos dolores modi quia quo sunt accusamus dolor.','Amet assumenda quaerat ut quas eligendi cum praesentium.',NULL,NULL,0,0,'Exercitationem consequatur libero praesentium.','Excepturi quo quasi soluta laudantium quia.','2016-09-06 12:59:19','2016-09-06 12:59:19'),(195,'Model','Hansen, Emard and Dach','Practical Granite Pants','176','Quisquam iure vero in consequatur quia eos praesentium harum.','Quae voluptatibus eum similique expedita vitae neque at sequi.',NULL,NULL,3,0,'Veniam et exercitationem hic voluptatum est.','Itaque voluptate dolorem iusto enim culpa.','2016-09-06 12:59:19','2016-09-06 12:59:19'),(196,'Model','Gerlach-Kihn','Gorgeous Wooden Shoes','177','Aliquid at numquam voluptatum quae.','Consequuntur at repellendus autem et aut et molestiae voluptatem.',NULL,NULL,3,0,'Ut non sunt qui enim consectetur officia ut.','Et eum et ea est.','2016-09-06 12:59:19','2016-09-06 12:59:19'),(197,'Model','Deckow, Jacobs and Wunsch','Rustic Steel Table','178','Sed voluptatibus a non eum qui sit.','Omnis voluptas quo nam provident laborum soluta ut.',NULL,NULL,3,0,'Minus asperiores laboriosam necessitatibus dignissimos eos vel enim.','Dolor nulla porro nesciunt quo facere maiores.','2016-09-06 12:59:19','2016-09-06 12:59:19'),(198,'Model','Jenkins, Kreiger and Hackett','Ergonomic Granite Chair','179','Temporibus optio non excepturi et.','Aliquid ab nesciunt quod est nisi est.',NULL,NULL,2,0,'Eum dicta quia est aliquam deleniti aut.','Eaque eos repellat ut quia.','2016-09-06 12:59:19','2016-09-06 12:59:19'),(199,'Model','Murray and Sons','Incredible Concrete Pants','180','Sequi ut et deleniti temporibus quia cum.','Quis consequatur quos inventore molestias.',NULL,NULL,2,0,'Quia quia odit provident.','Iusto et quae et molestias et quibusdam.','2016-09-06 12:59:19','2016-09-06 12:59:19'),(200,'Model','Feest-Sawayn','Rustic Plastic Hat','181','Doloremque illo et similique iusto voluptate labore dolor rerum.','Corporis sed qui quidem iure dolores.',NULL,NULL,3,0,'Praesentium ipsa laborum iusto voluptatem.','Harum alias corporis iure sit eligendi id ea aperiam.','2016-08-30 12:59:19','2016-08-30 12:59:19'),(201,'Model','Kautzer LLC','Sleek Plastic Pants','182','Voluptatum eos voluptas vitae totam aliquam.','Modi molestiae ducimus voluptatem facilis labore aperiam ut.',NULL,NULL,3,0,'Tempore eius laborum vel aut vero.','Et vel a iste eum quidem quo.','2016-08-30 12:59:19','2016-08-30 12:59:19'),(202,'Model','Keebler, Beatty and Hilpert','Practical Granite Shoes','183','Et autem in adipisci sit et.','Autem vel aut exercitationem autem voluptatem.',NULL,NULL,3,0,'Facere inventore autem rerum id voluptatem sit atque.','Reprehenderit quibusdam et mollitia quas natus neque in.','2016-08-30 12:59:19','2016-08-30 12:59:19'),(203,'Model','Streich, Dickens and Rosenbaum','Gorgeous Cotton Chair','184','Quia magnam quod iste debitis est ipsam.','Dolor veniam laboriosam debitis impedit asperiores deserunt aut quasi.',NULL,NULL,1,0,'Iste magni ut ad at ut aut.','Facilis vel temporibus velit quo dolore qui.','2016-09-01 12:59:19','2016-09-01 12:59:19'),(204,'Model','Homenick, Grady and Hessel','Practical Steel Computer','185','Odio qui perspiciatis qui.','Quia quibusdam vel doloribus quo.',NULL,NULL,1,0,'Et perspiciatis officiis repellat quibusdam autem quis est at.','Fugiat voluptas voluptatem nisi maxime dolorem rerum cupiditate.','2016-09-01 12:59:19','2016-09-01 12:59:19'),(205,'Model','Thiel-Wyman','Incredible Wooden Pants','186','Quibusdam dolorem sint consequatur.','Labore et tempora et in.',NULL,NULL,1,0,'Nemo quia neque quas sunt ut.','Ut sapiente voluptates velit aperiam praesentium minus necessitatibus.','2016-09-01 12:59:19','2016-09-01 12:59:19'),(206,'Model','Collins, Roberts and Hilpert','Fantastic Plastic Pants','187','Esse in omnis omnis.','Accusamus tempore vitae et et reiciendis ut aliquid.',NULL,NULL,1,0,'Vel non sapiente eaque est voluptas.','Autem ut rem aut sapiente quis.','2016-09-01 12:59:19','2016-09-01 12:59:19'),(207,'Model','Witting-Raynor','Fantastic Granite Car','188','Adipisci consectetur id doloribus temporibus quisquam provident.','Tempora ipsum nesciunt aut repellendus mollitia.',NULL,NULL,3,0,'Sint est soluta aut eos consequatur et rem assumenda.','Labore in ut dolorem.','2016-09-01 12:59:19','2016-09-01 12:59:19'),(208,'Model','Emard-Smith','Awesome Plastic Shoes','189','Asperiores deserunt quis cupiditate cum rem ipsam voluptatem tempora.','Voluptatum officiis voluptas odio nulla.',NULL,NULL,0,0,'Quam culpa iure et ipsum quis repudiandae voluptate nihil.','Labore sit in nihil.','2016-09-06 12:59:19','2016-09-06 12:59:19'),(209,'Model','Mraz-Hills','Awesome Plastic Computer','190','Enim molestiae tempora provident sunt tempore commodi.','Dignissimos delectus laudantium totam quaerat.',NULL,NULL,1,0,'Quisquam vitae ipsum tempore.','Quasi et incidunt cum.','2016-09-06 12:59:19','2016-09-06 12:59:19'),(210,'Model','Frami LLC','Incredible Plastic Chair','191','Quod aut atque sed ea ipsam molestiae.','Qui omnis laboriosam aliquid soluta autem minus.',NULL,NULL,1,0,'Vel quibusdam autem necessitatibus quis eaque ad sit aut.','Vel recusandae qui exercitationem nemo.','2016-09-06 12:59:19','2016-09-06 12:59:19'),(211,'Model','Heaney-Kuhic','Sleek Concrete Car','192','Impedit sint voluptatum ea soluta.','Porro quod nesciunt vel et iusto.',NULL,NULL,0,0,'Eos illum blanditiis repudiandae qui numquam at ea.','Praesentium at occaecati reprehenderit quo minima iste et sed.','2016-09-06 12:59:19','2016-09-06 12:59:19'),(212,'Model','Konopelski-Schuppe','Ergonomic Cotton Computer','193','Eum officiis aut ipsam quia at nihil.','Quam ducimus aut et voluptatem non blanditiis.',NULL,NULL,3,0,'Maxime assumenda ut quo itaque unde impedit.','Sed ducimus dolor est corrupti a.','2016-09-06 12:59:19','2016-09-06 12:59:19'),(213,'Model','Gerlach Group','Fantastic Concrete Shirt','194','Ut ex delectus est.','Enim ipsam mollitia in quibusdam itaque repellat.',NULL,NULL,2,0,'Rerum ducimus aspernatur itaque vel error neque.','Repellat voluptate voluptas assumenda.','2016-09-06 12:59:19','2016-09-06 12:59:19'),(214,'Model','West, Stracke and Stroman','Ergonomic Plastic Chair','195','Sequi sed mollitia provident.','Ipsa quia omnis quia exercitationem nostrum.',NULL,NULL,0,0,'Explicabo eum illo vero beatae.','Nam eos sunt consequuntur.','2016-09-06 12:59:19','2016-09-06 12:59:19'),(215,'Model','Hansen LLC','Small Concrete Computer','196','Ea eligendi excepturi eos eum velit quos non facilis.','Consequatur aut quod non veritatis cum.',NULL,NULL,3,0,'Laboriosam ad et error.','Similique asperiores eius itaque.','2016-09-06 12:59:19','2016-09-06 12:59:19'),(216,'Model','Durgan, Rempel and Crona','Awesome Granite Car','197','Deserunt necessitatibus libero non voluptatem sunt ipsam explicabo.','Dolor rerum deserunt exercitationem laboriosam minus ut.',NULL,NULL,3,0,'Ducimus nobis error quia.','Expedita qui ut ea.','2016-09-06 12:59:19','2016-09-06 12:59:19'),(217,'Model','Balistreri, Waters and Miller','Sleek Plastic Computer','198','Iste at nesciunt sed provident fuga dolorum sed eos.','Reiciendis exercitationem rerum quibusdam provident et magni qui mollitia.',NULL,NULL,0,0,'Optio cupiditate voluptatem cum quod recusandae et voluptatibus.','Culpa omnis velit voluptas laudantium nobis sunt.','2016-09-06 12:59:19','2016-09-06 12:59:19'),(218,'Model','Trantow Inc','Rustic Wooden Gloves','199','Odit dolorem quidem quibusdam unde officiis modi eius molestiae.','Aperiam ut culpa deleniti beatae nostrum reiciendis voluptatem ducimus.',NULL,NULL,3,0,'Autem dolores pariatur ut.','Aut enim vel repellat.','2016-09-06 12:59:19','2016-09-06 12:59:19'),(219,'Model','Mante, Berge and Mertz','Small Granite Shirt','200','Et eum dolor saepe.','Porro praesentium aut unde placeat nemo veritatis doloremque.',NULL,NULL,3,0,'Doloribus vel quis quae.','Consequatur magnam eos in et vero qui possimus.','2016-09-06 12:59:19','2016-09-06 12:59:19'),(220,'Model','Barton-Hessel','Practical Concrete Gloves','201','Asperiores dicta doloremque ea.','Natus ratione possimus sunt ea non saepe qui reiciendis.',NULL,NULL,2,0,'Optio autem rerum aut quaerat dolorum repellendus voluptates.','Et libero necessitatibus laudantium commodi facere tempore aut ab.','2016-09-06 12:59:19','2016-09-06 12:59:19'),(221,'Model','Kris-Schmeler','Sleek Wooden Gloves','202','Dolorem animi itaque nihil modi incidunt non iure nam.','Expedita voluptate eaque nostrum quia cupiditate.',NULL,NULL,1,0,'Quia voluptas laboriosam in nihil in aut aspernatur mollitia.','Aut ut et perferendis earum ea tenetur.','2016-09-06 12:59:19','2016-09-06 12:59:19'),(222,'Model','Rau, Bode and Streich','Fantastic Wooden Hat','203','Magnam repudiandae sit quod laboriosam enim minima est.','Dolorem ipsa quam omnis nobis accusantium tempore vero qui.',NULL,NULL,1,0,'Qui officia maxime ut.','Nostrum sunt minus voluptas.','2016-09-06 12:59:19','2016-09-06 12:59:19'),(223,'Model','Olson and Sons','Sleek Plastic Hat','204','Nulla sequi quibusdam consectetur dolorem fugit.','Accusamus distinctio quos provident asperiores.',NULL,NULL,3,0,'Ex sed pariatur quod magnam aliquam qui eligendi.','Hic esse ex necessitatibus neque.','2016-09-06 12:59:19','2016-09-06 12:59:19'),(224,'Model','Greenfelder-Tremblay','Sleek Granite Shoes','205','Dolore error nihil facere atque qui similique.','Perspiciatis voluptate tempora quo ratione deserunt ut.',NULL,NULL,3,0,'Et illum debitis labore in iure accusantium aut.','Dolor est corporis quibusdam omnis minima ex.','2016-09-06 12:59:19','2016-09-06 12:59:19'),(225,'Model','Weimann, Jaskolski and Sanford','Gorgeous Rubber Table','206','Dolor et architecto voluptatibus rerum quos officiis.','Voluptas maiores magnam voluptate molestiae ab ex.',NULL,NULL,3,0,'Dolorem voluptatum assumenda aut eveniet eos sit quam.','Non aut et mollitia nam dolorem eligendi et iure.','2016-09-06 12:59:19','2016-09-06 12:59:19'),(226,'Model','Schmeler-Schultz','Intelligent Granite Gloves','207','Expedita molestiae ullam autem porro possimus.','Facere est quam voluptates quas ut.',NULL,NULL,2,0,'Tenetur et unde ducimus libero et quo.','Debitis quisquam molestiae tempore ad nostrum sint reiciendis.','2016-09-06 12:59:19','2016-09-06 12:59:19'),(227,'Model','Cassin, Stamm and Ziemann','Intelligent Cotton Chair','208','Qui quo asperiores voluptates consequatur facilis ut.','Incidunt et esse necessitatibus similique corporis.',NULL,NULL,3,0,'Possimus quae sit ex et.','Consectetur ea sequi voluptas pariatur.','2016-09-06 12:59:19','2016-09-06 12:59:19'),(228,'Model','Russel, Goodwin and Johnston','Small Wooden Shirt','209','Exercitationem recusandae incidunt non dolore magni temporibus.','Tenetur non temporibus recusandae nihil sit.',NULL,NULL,3,0,'Voluptas laborum et architecto quo.','Neque consequatur quo tenetur.','2016-09-06 12:59:19','2016-09-06 12:59:19'),(229,'Model','Jacobi Group','Fantastic Steel Chair','210','Corporis aperiam inventore excepturi eius occaecati.','Voluptate optio eum et fugiat est.',NULL,NULL,3,0,'Quidem error minus quisquam enim tempora tenetur.','Voluptas ut accusamus aut quas sed distinctio neque.','2016-09-06 12:59:19','2016-09-06 12:59:19'),(230,'Model','Kunze LLC','Sleek Concrete Computer','211','Nam culpa omnis perspiciatis totam ipsum et et qui.','Quas quibusdam maxime veniam voluptates cum ipsa.',NULL,NULL,0,0,'Qui dolor dolore est in odio.','Et nulla rerum ea eos cumque tenetur quos.','2016-09-06 12:59:19','2016-09-06 12:59:19'),(231,'Model','Wuckert LLC','Small Plastic Computer','212','Autem blanditiis aut similique laborum sapiente dolorem facere ratione.','Ut a quia ex.',NULL,NULL,3,0,'Temporibus quas sint et in id.','Ipsam corrupti perspiciatis cum corporis ea doloremque quas.','2016-09-06 12:59:19','2016-09-06 12:59:19'),(232,'Model','McDermott-Parker','Incredible Plastic Hat','213','Nihil incidunt sed quidem eos.','Sit saepe nobis omnis facere culpa.',NULL,NULL,3,0,'Blanditiis dolor unde iusto accusantium repellendus.','Vero nesciunt accusamus doloremque optio.','2016-09-06 12:59:19','2016-09-06 12:59:19'),(233,'Model','Carter and Sons','Ergonomic Rubber Table','214','Et facere aut accusamus doloribus quos in sequi vel.','Esse suscipit ratione dicta.',NULL,NULL,0,0,'Dignissimos qui quo veritatis.','Ad rem mollitia suscipit.','2016-09-06 12:59:19','2016-09-06 12:59:19'),(234,'Model','Weissnat and Sons','Fantastic Wooden Chair','215','Libero ut aspernatur itaque voluptatibus autem.','Autem animi delectus fugit soluta.',NULL,NULL,2,0,'Ipsum architecto id aut.','Nam perspiciatis consequatur expedita quaerat.','2016-09-06 12:59:19','2016-09-06 12:59:19'),(235,'Model','Larkin-Donnelly','Rustic Wooden Pants','216','Est nesciunt ea itaque.','Est sequi commodi qui ad est voluptas voluptates nesciunt.',NULL,NULL,0,0,'Dolores possimus animi esse.','Eaque et quibusdam voluptatem velit.','2016-09-06 12:59:19','2016-09-06 12:59:19'),(236,'Model','Botsford LLC','Gorgeous Rubber Shoes','217','Iure exercitationem quia nesciunt suscipit labore voluptatem.','Quod neque nesciunt qui maiores.',NULL,NULL,0,0,'Nihil et nisi cum rem.','Consequatur reprehenderit magnam praesentium assumenda incidunt.','2016-09-06 12:59:19','2016-09-06 12:59:19'),(237,'Model','Mosciski-Ullrich','Awesome Concrete Pants','218','Et consequatur sed quia voluptas ut veritatis sequi.','Expedita dolorem suscipit eos nemo dicta facere id eos.',NULL,NULL,2,0,'Id et fugit dolorem aut doloremque et totam consequatur.','Veritatis quo aut nobis.','2016-09-06 12:59:19','2016-09-06 12:59:19'),(238,'Model','Hintz-Kessler','Awesome Concrete Gloves','219','Voluptatem rem sit optio eveniet.','Non odit expedita odio.',NULL,NULL,3,0,'Quia unde itaque perspiciatis provident et.','Magnam corporis nam quae nulla doloribus maiores.','2016-09-06 12:59:19','2016-09-06 12:59:19'),(239,'Model','Casper-Hayes','Incredible Concrete Car','220','Eveniet aliquam aliquid minima consequatur velit deserunt ipsa.','Velit quisquam ea tempore repudiandae quo.',NULL,NULL,2,0,'Et qui recusandae beatae quibusdam velit quo veniam.','Neque officia omnis nostrum quaerat fugit.','2016-09-06 12:59:19','2016-09-06 12:59:19'),(240,'Model','Pagac LLC','Gorgeous Granite Car','221','Rerum error dolor inventore fugiat.','Quia iusto quas libero et consectetur omnis ut.',NULL,NULL,0,0,'Sit ipsum repudiandae et deserunt repellendus ea.','Minus eaque fugiat omnis quos eos.','2016-09-06 12:59:19','2016-09-06 12:59:19'),(241,'Model','Berge, Schiller and Lynch','Fantastic Rubber Gloves','222','Eum recusandae et exercitationem est.','Id voluptatibus reprehenderit ex perspiciatis.',NULL,NULL,0,0,'Qui similique quibusdam saepe.','Et iusto recusandae molestiae at aut.','2016-09-06 12:59:19','2016-09-06 12:59:19'),(242,'Model','Hartmann, Bernhard and Erdman','Intelligent Wooden Table','223','Qui ab quasi enim earum.','Dolor ut fugit sit.',NULL,NULL,0,0,'Repudiandae labore dicta architecto enim.','Nesciunt qui est tempora quia.','2016-09-06 12:59:19','2016-09-06 12:59:19'),(243,'Model','Greenfelder, O\'Reilly and Armstrong','Fantastic Rubber Table','224','Quia earum ut non nobis.','Expedita sunt sed possimus quas qui quibusdam.',NULL,NULL,2,0,'Sit perferendis fugit enim quia neque rerum quasi vitae.','Cum deleniti vero autem consequatur.','2016-09-06 12:59:19','2016-09-06 12:59:19'),(244,'Model','Schiller, Runte and Haley','Gorgeous Wooden Car','225','Et explicabo fugit dicta molestias voluptas.','Eum voluptate repellat harum sed.',NULL,NULL,1,0,'Dignissimos asperiores hic dolorum atque maxime.','Facilis ut accusantium aliquid velit nam aut et.','2016-09-06 12:59:19','2016-09-06 12:59:19'),(245,'Model','Cummerata-Collier','Rustic Granite Computer','226','Quisquam facilis fugiat laudantium.','Deleniti repellat nihil earum recusandae magni.',NULL,NULL,3,0,'Est laudantium ipsam vel qui.','Repudiandae sed maiores et.','2016-09-06 12:59:19','2016-09-06 12:59:19'),(246,'Model','Christiansen, Rippin and Breitenberg','Small Steel Shirt','227','Laboriosam quia consequatur unde dolorem molestiae rerum praesentium.','Vero minus et dignissimos rem in officiis.',NULL,NULL,3,0,'Et illo ipsum ut vero accusantium qui sapiente ullam.','Omnis sit et non.','2016-09-06 12:59:19','2016-09-06 12:59:19'),(247,'Model','Leffler, Hahn and Stoltenberg','Awesome Cotton Chair','228','Aliquid nobis quibusdam ullam.','Non facere non quidem vero ut.',NULL,NULL,3,0,'Tempore velit quia dolorem et voluptas quis voluptatibus.','Veniam excepturi eligendi voluptatum dolores et.','2016-09-06 12:59:19','2016-09-06 12:59:19'),(248,'Model','Wolff, Ritchie and Harris','Awesome Rubber Hat','229','Impedit itaque exercitationem est.','Placeat dignissimos adipisci aut quam impedit deleniti.',NULL,NULL,1,0,'Officia optio ut illum est.','Sed nesciunt quae nihil consequatur deserunt qui dolore.','2016-09-06 12:59:19','2016-09-06 12:59:19'),(249,'Model','McDermott-Kling','Gorgeous Cotton Shoes','230','Adipisci aspernatur asperiores voluptates cupiditate sed.','In sed minus et eveniet ipsum qui repudiandae.',NULL,NULL,3,0,'Unde vitae eos saepe omnis facere eum iste placeat.','Numquam optio pariatur unde saepe ipsam commodi.','2016-09-06 12:59:19','2016-09-06 12:59:19'),(250,'Model','Hirthe LLC','Gorgeous Plastic Shoes','231','Est nihil quisquam saepe non repellendus.','Aut saepe totam iusto minus quos et deleniti.',NULL,NULL,2,0,'Qui aliquam sunt ullam et error similique.','Dolore unde esse illum recusandae eligendi.','2016-09-06 12:59:19','2016-09-06 12:59:19'),(251,'Model','Doyle, Brown and Beatty','Small Cotton Pants','232','Consequatur ipsum et atque at officia rem aperiam voluptatem.','Corrupti et odit quibusdam hic possimus.',NULL,NULL,0,0,'Unde in earum voluptas reiciendis illo provident.','Consequatur omnis perspiciatis similique.','2016-09-06 12:59:19','2016-09-06 12:59:19'),(252,'Model','Hilll-Balistreri','Practical Steel Car','233','Unde similique facere autem corporis eos sed.','Voluptate ea ex aut.',NULL,NULL,0,0,'Maiores modi perferendis autem.','Doloribus provident inventore dolor omnis dicta neque.','2016-09-06 12:59:19','2016-09-06 12:59:19'),(253,'Model','Murray-Moore','Awesome Steel Gloves','234','Quas aut quasi perferendis et.','Omnis eius quas doloremque ex consequatur aut.',NULL,NULL,3,0,'Doloremque vel sit quas laboriosam.','Saepe eos possimus mollitia quia earum.','2016-09-06 12:59:19','2016-09-06 12:59:19'),(254,'Model','Ullrich and Sons','Fantastic Concrete Computer','235','Recusandae corporis illum qui iusto maiores et molestiae.','Distinctio voluptatem earum minima.',NULL,NULL,1,0,'Vero voluptas excepturi voluptas tempore repudiandae fuga sunt.','Ipsam fugit accusamus aspernatur ut dignissimos voluptatibus et.','2016-09-06 12:59:19','2016-09-06 12:59:19'),(255,'Model','Adams-Pollich','Fantastic Plastic Hat','236','Cupiditate voluptas error rerum doloremque.','Eius temporibus facere id sequi sint doloremque aliquam aut.',NULL,NULL,0,0,'Assumenda inventore ea sed.','Voluptatem temporibus ullam unde.','2016-09-06 12:59:19','2016-09-06 12:59:19'),(256,'Model','McCullough Group','Ergonomic Granite Computer','237','Ducimus neque nulla ut ut alias quidem.','Commodi incidunt ut tempore ullam ab nesciunt fuga praesentium.',NULL,NULL,0,0,'Amet vero nobis sed blanditiis recusandae fugiat nihil nemo.','Tempora dicta quas provident consequatur qui et nostrum accusantium.','2016-09-06 12:59:19','2016-09-06 12:59:19'),(257,'Model','McClure, Marks and Krajcik','Fantastic Concrete Gloves','238','Nostrum qui voluptas nam odit.','Amet quo soluta qui rerum optio molestiae aut necessitatibus.',NULL,NULL,0,0,'Dolor odio sunt placeat voluptatem enim totam illum ullam.','Quia et enim maiores rerum consequatur.','2016-09-06 12:59:19','2016-09-06 12:59:19'),(258,'Model','Gottlieb, Bartell and Dooley','Rustic Plastic Shoes','239','Est molestias labore sunt eius qui.','Eos qui eius ipsa deleniti quod nobis molestiae.',NULL,NULL,3,0,'Autem eos doloribus mollitia voluptatem.','Dolor et recusandae provident ea dolore.','2016-09-06 12:59:19','2016-09-06 12:59:19'),(259,'Model','Schoen Inc','Gorgeous Rubber Car','240','Corrupti velit et voluptatem.','Fuga fugiat sit quo omnis.',NULL,NULL,3,0,'Ullam nisi minus quos eum excepturi esse ipsa.','Dolorum velit nam laudantium suscipit impedit assumenda.','2016-09-06 12:59:19','2016-09-06 12:59:19'),(260,'Model','Kling, Bode and Predovic','Fantastic Rubber Computer','241','Ipsa provident voluptatem vel et.','Quo assumenda delectus eius qui et earum sunt dolorem.',NULL,NULL,3,0,'Sunt cumque possimus fuga nisi ullam molestiae dolor.','Quibusdam similique ipsum explicabo id quia perspiciatis expedita et.','2016-09-06 12:59:19','2016-09-06 12:59:19'),(261,'Model','Lindgren, Ullrich and Sipes','Intelligent Rubber Hat','242','Deleniti ullam alias minima iste rerum labore consequatur impedit.','Tempore iste ea at rem rerum.',NULL,NULL,2,0,'Corrupti culpa consectetur aut rerum.','Et rerum rerum placeat provident.','2016-09-06 12:59:19','2016-09-06 12:59:19'),(262,'Model','Marvin-Howe','Sleek Granite Hat','243','Est nam consequuntur incidunt quis.','Doloremque rerum et eum.',NULL,NULL,2,0,'Nulla consequuntur vero quia et.','Quas animi autem sed qui quae nemo quidem vero.','2016-09-06 12:59:19','2016-09-06 12:59:19'),(263,'Model','Lubowitz-Gleichner','Ergonomic Cotton Shoes','244','Voluptatibus similique id natus ducimus voluptate nam sint deleniti.','Et reprehenderit ipsam ut et labore unde iste.',NULL,NULL,0,0,'Debitis nobis ipsam doloremque esse reiciendis eos odit.','Ipsam voluptatem odit dolorem eligendi quibusdam suscipit soluta.','2016-09-06 12:59:19','2016-09-06 12:59:19'),(264,'Model','Kutch, Marvin and Haley','Gorgeous Plastic Shirt','245','Deleniti quisquam in nihil animi magni ut vel ullam.','Molestiae cum atque est quia sapiente.',NULL,NULL,2,0,'Itaque voluptatem voluptatum ipsam sunt dolorum eaque labore omnis.','Rerum voluptate autem odio animi unde ut nostrum soluta.','2016-09-04 12:59:19','2016-09-04 12:59:19'),(265,'Model','Weimann-White','Intelligent Steel Table','246','Itaque accusamus ipsam ducimus est.','Molestias rerum commodi sequi.',NULL,NULL,2,0,'Et tempora veritatis animi amet quo nihil error hic.','Quia rerum id quisquam assumenda.','2016-09-04 12:59:19','2016-09-04 12:59:19'),(266,'Model','Pfeffer Inc','Gorgeous Wooden Gloves','247','Consequatur commodi qui libero ab doloremque qui nesciunt.','Labore quia illum occaecati eos voluptatem dolore temporibus.',NULL,NULL,0,0,'Sit harum veritatis ipsam omnis quo ab explicabo sunt.','Alias velit non quaerat nisi est eveniet.','2016-09-04 12:59:19','2016-09-04 12:59:19'),(267,'Model','Mertz, Von and Hoppe','Ergonomic Concrete Pants','248','Distinctio laborum ut consequatur id placeat aut.','Facere repellat omnis suscipit fugiat recusandae quaerat.',NULL,NULL,2,0,'Id commodi voluptas enim voluptatem unde consectetur est aut.','Qui iure est aliquam non.','2016-09-06 12:59:19','2016-09-06 12:59:19'),(268,'Software','Feil Inc','Rustic Wooden Table','250',NULL,NULL,NULL,NULL,0,0,NULL,NULL,'2016-09-06 12:59:19','2016-09-06 12:59:19'),(269,'Model','Collins, Weissnat and Koelpin','Intelligent Granite Chair','251','Suscipit facere sint nesciunt rerum voluptatem recusandae delectus.','Rem incidunt ipsum est nesciunt quisquam velit.',NULL,NULL,0,0,'Quibusdam inventore praesentium officiis.','Natus voluptatum magnam delectus et.','2016-09-01 12:59:19','2016-09-01 12:59:19'),(270,'Model','Bartoletti-Gleason','Incredible Concrete Shirt','253','Fuga libero qui tempora voluptate provident culpa.','Nam error quod facilis expedita ut ea id.',NULL,NULL,2,0,'Neque harum ex est repellendus cumque quia laboriosam.','Rerum quod dolore ratione ad ea.','2016-09-06 12:59:19','2016-09-06 12:59:19'),(271,'Software','Gutmann Inc','Awesome Plastic Gloves','254',NULL,NULL,NULL,NULL,0,0,NULL,NULL,'2016-09-06 12:59:19','2016-09-06 12:59:19'),(272,'Model','Kautzer, Pollich and Jenkins','Fantastic Plastic Car','255','Magnam tempora velit assumenda ducimus.','Quia provident cum debitis sed nisi necessitatibus.',NULL,NULL,0,0,'Consequatur eius sit commodi asperiores ad.','Veritatis fuga dolores quo.','2016-09-06 12:59:19','2016-09-06 12:59:19'),(273,'Model','Hilpert, Wiegand and Schaden','Incredible Plastic Shoes','257','Veritatis quod enim deleniti.','Atque enim enim non.',NULL,NULL,3,0,'Dicta recusandae non repellendus delectus.','Accusantium provident voluptas velit consequatur placeat voluptatem dicta.','2016-09-06 12:59:19','2016-09-06 12:59:19'),(274,'Model','Quitzon-Schuppe','Incredible Plastic Computer','258','Inventore veritatis eos ut unde quas numquam.','Adipisci esse iure et.',NULL,NULL,0,0,'Numquam commodi sit unde incidunt facere nisi exercitationem.','Sed voluptatem quod asperiores est culpa impedit iure et.','2016-09-06 12:59:19','2016-09-06 12:59:19'),(275,'Model','Batz-Rempel','Gorgeous Granite Shoes','259','Illum debitis ut cumque et reprehenderit.','Aut voluptates et iure quas numquam.',NULL,NULL,3,0,'Praesentium ut facere enim eum et laudantium.','Ea et nulla quisquam laudantium ipsum nostrum velit ut.','2016-09-06 12:59:19','2016-09-06 12:59:19'),(276,'Model','Mueller Group','Rustic Plastic Pants','260','Eveniet sapiente illum saepe libero illo aut voluptatibus consequatur.','Et odit rerum delectus corrupti laborum animi.',NULL,NULL,0,0,'Nobis blanditiis sint at atque ea voluptatibus aliquid.','Molestiae explicabo facere necessitatibus.','2016-09-06 12:59:19','2016-09-06 12:59:19'),(277,'Model','O\'Connell-Dibbert','Sleek Rubber Hat','261','Aliquid ipsa quos molestias eligendi qui.','Impedit amet sit a fugiat.',NULL,NULL,0,0,'Rerum dolores praesentium numquam omnis.','Fugiat numquam ratione ut voluptatum iusto pariatur tempore qui.','2016-09-06 12:59:19','2016-09-06 12:59:19'),(278,'Model','Schumm Inc','Small Wooden Hat','262','Sapiente sed ut et consequatur blanditiis nostrum consectetur sunt.','Minus rem aut autem aut omnis asperiores.',NULL,NULL,2,0,'Eius eligendi delectus et molestiae consequatur.','Consequuntur et harum omnis.','2016-09-06 12:59:19','2016-09-06 12:59:19'),(279,'Model','Marvin, Waters and Harvey','Incredible Concrete Shoes','263','Quidem dolorem vel temporibus.','Voluptatem rem et qui quos.',NULL,NULL,1,0,'Alias quia dolorum quae omnis saepe blanditiis eligendi.','Repudiandae sapiente officiis in eum omnis dolor et.','2016-09-06 12:59:19','2016-09-06 12:59:19'),(280,'Model','Murray LLC','Intelligent Concrete Pants','264','Ipsam sed assumenda inventore distinctio id cumque et et.','Nesciunt sequi voluptatem praesentium quis voluptas qui sed.',NULL,NULL,0,0,'Facere dolor cumque dolores omnis quo voluptatem.','Id modi tempora molestiae qui sunt aut.','2016-09-06 12:59:19','2016-09-06 12:59:19'),(281,'Model','Bradtke, Konopelski and Fadel','Sleek Plastic Car','265','Quia nobis amet odit nulla dolorem ut occaecati quisquam.','Dolorem iusto quis facere fugiat quo dicta et.',NULL,NULL,1,0,'Quam et est sunt eius est velit sit.','Cumque ipsam blanditiis aut.','2016-09-06 12:59:19','2016-09-06 12:59:19'),(282,'Model','Trantow-Ritchie','Awesome Granite Chair','266','Aut quaerat at suscipit consequatur voluptas voluptatem quae.','In ab dolorem aspernatur qui.',NULL,NULL,2,0,'Quia voluptas excepturi pariatur enim molestiae non delectus dolorum.','Quibusdam harum maiores et saepe quis temporibus dolorem ea.','2016-09-06 12:59:19','2016-09-06 12:59:19'),(283,'Model','Carroll and Sons','Sleek Plastic Chair','267','Et sint dolor repellat.','Temporibus voluptas aliquam voluptatibus eaque cupiditate aperiam.',NULL,NULL,0,0,'Velit error veritatis doloribus sit.','Et aperiam quia qui reiciendis necessitatibus eum eos dolorum.','2016-09-06 12:59:19','2016-09-06 12:59:19'),(284,'Model','Herman Group','Rustic Granite Car','268','Nisi labore esse et odit non repellendus sunt dolorem.','Commodi necessitatibus voluptatem quia sint expedita.',NULL,NULL,2,0,'Qui molestias asperiores et dolor atque.','Dignissimos autem facilis nostrum illum mollitia.','2016-09-06 12:59:19','2016-09-06 12:59:19'),(285,'Model','Ruecker-Runte','Practical Rubber Gloves','269','Quia a corporis ut atque.','Et minima nisi quos odit veritatis sed consequuntur velit.',NULL,NULL,2,0,'Ut quia voluptas at culpa rem.','Sapiente est quidem et.','2016-09-06 12:59:19','2016-09-06 12:59:19'),(286,'Model','Zulauf, Rodriguez and Skiles','Intelligent Rubber Pants','270','Sapiente deleniti et qui alias nam est voluptatum.','Nihil non sed ut omnis recusandae.',NULL,NULL,1,0,'Consectetur sed provident qui.','Nesciunt et vero quia sit.','2016-09-06 12:59:19','2016-09-06 12:59:19'),(287,'Model','Crist and Sons','Small Rubber Chair','271','Optio non et consequuntur quas reprehenderit vel quia.','Ex a officia voluptatem quo dolores.',NULL,NULL,3,0,'Eius nemo eligendi voluptatibus.','Assumenda deleniti ut odio possimus aliquam magni ea eligendi.','2016-09-06 12:59:19','2016-09-06 12:59:19'),(288,'Model','Hilll and Sons','Practical Rubber Computer','272','Doloribus sunt quod dignissimos.','Aut ex eaque voluptate ea quas.',NULL,NULL,0,0,'Omnis consequatur at ut debitis qui dolor aut quisquam.','Perferendis occaecati similique officia laboriosam.','2016-09-06 12:59:19','2016-09-06 12:59:19'),(289,'Model','Batz, Ankunding and Gleason','Ergonomic Wooden Shirt','273','Perspiciatis doloribus sapiente aut et expedita molestias.','Voluptatem hic saepe sapiente mollitia tempora.',NULL,NULL,1,0,'Nemo magni doloremque non et aut iure.','Magnam tempore non consectetur expedita.','2016-09-06 12:59:19','2016-09-06 12:59:19'),(290,'Model','Macejkovic-Rempel','Incredible Cotton Hat','274','Culpa beatae cum aut ad.','Quo officia quisquam pariatur.',NULL,NULL,3,0,'Hic odio quia nam minus et vero.','Molestiae laborum sit ullam provident et numquam qui.','2016-09-06 12:59:19','2016-09-06 12:59:19'),(291,'Model','Pollich-Cummerata','Sleek Wooden Shirt','275','Omnis cumque consequatur et.','Officia atque laudantium ad et quia modi ut qui.',NULL,NULL,0,0,'Sapiente perspiciatis autem tempore.','Sint libero quidem beatae et soluta itaque quasi.','2016-09-06 12:59:19','2016-09-06 12:59:19'),(292,'Model','Cole Group','Rustic Cotton Car','276','Et molestiae omnis quis at ut explicabo.','Laudantium libero quia autem qui voluptatem ea sed iure.',NULL,NULL,1,0,'Nostrum non labore eum adipisci quis nobis possimus placeat.','Aut voluptatem sapiente eum facilis dolor rerum.','2016-09-06 12:59:19','2016-09-06 12:59:19'),(293,'Model','Block-Nikolaus','Gorgeous Concrete Gloves','277','Eaque esse maiores est quia ut.','Expedita distinctio illo quas quia voluptate.',NULL,NULL,3,0,'Rem voluptas nesciunt est.','Nihil at quae sed odit.','2016-09-06 12:59:19','2016-09-06 12:59:19'),(294,'Model','Gleichner Group','Fantastic Concrete Table','278','Laborum aut nobis hic cupiditate autem minima.','Eligendi fugit veniam exercitationem nobis qui et.',NULL,NULL,1,0,'Delectus perspiciatis dolorem consequatur ut enim vel ea debitis.','Quas consequuntur et quibusdam rerum eius hic voluptatem.','2016-09-06 12:59:19','2016-09-06 12:59:19'),(295,'Model','Gleichner, Sawayn and Herman','Practical Concrete Chair','279','Voluptas eos veritatis quaerat.','Ratione voluptates ullam ut id.',NULL,NULL,1,0,'Similique dolorem voluptatum quos molestiae repudiandae beatae aspernatur quia.','Delectus minus quis a rerum aut omnis perferendis dolorem.','2016-09-01 12:59:19','2016-09-01 12:59:19'),(296,'Model','Hilll, Leffler and Morar','Fantastic Wooden Computer','280','Sunt voluptatibus deserunt sint dolorem accusantium.','Dolorum quam aspernatur excepturi vero consequatur enim autem.',NULL,NULL,0,0,'Quae vitae ut harum animi temporibus nemo.','Beatae quasi sint provident quos harum ut.','2016-09-01 12:59:19','2016-09-01 12:59:19'),(297,'Model','Green-Yost','Sleek Steel Table','281','Totam qui blanditiis rem nostrum maiores debitis.','Doloremque dolore nihil provident adipisci aliquam pariatur sunt tempore.',NULL,NULL,2,0,'Repellat quia esse voluptas reprehenderit consequuntur.','Non a et voluptas.','2016-09-01 12:59:19','2016-09-01 12:59:19'),(298,'Model','Kertzmann and Sons','Small Cotton Hat','282','Amet neque sunt quaerat.','Dicta quia autem debitis sed quod voluptate.',NULL,NULL,0,0,'Id quia vel impedit optio sed quia unde nesciunt.','Dignissimos hic consequatur est aut corrupti et.','2016-09-01 12:59:19','2016-09-01 12:59:19'),(299,'Model','Rempel-Carter','Fantastic Cotton Table','283','Cupiditate dignissimos consequatur nesciunt ex harum iste quaerat.','Similique dolor qui autem quam perferendis dolor aut.',NULL,NULL,2,0,'Et minus est ullam.','Id quis aut dolorem atque quos dolor repudiandae magnam.','2016-09-01 12:59:19','2016-09-01 12:59:19'),(300,'Model','Nikolaus-Trantow','Ergonomic Concrete Shoes','284','Dolor earum id facere provident.','Aut animi cum accusantium optio.',NULL,NULL,3,0,'Et sint non optio vero non incidunt culpa molestiae.','Est voluptatem dolorem voluptate quo.','2016-08-31 12:59:19','2016-08-31 12:59:19'),(301,'Model','Berge Group','Small Steel Car','285','Ut laboriosam aut rem officia consequatur pariatur.','Mollitia facere sunt consequatur debitis et officia consequatur.',NULL,NULL,2,0,'Voluptatibus blanditiis magni aliquam.','Doloremque dolorem animi ut porro minima impedit officia.','2016-08-31 12:59:19','2016-08-31 12:59:19'),(302,'Model','Kuhn Inc','Sleek Wooden Chair','286','Sapiente hic facilis qui deserunt velit porro delectus.','Est voluptatem vero a iusto blanditiis numquam asperiores beatae.',NULL,NULL,2,0,'Asperiores vero necessitatibus nobis quod provident.','Sint consectetur eos officiis repudiandae inventore dolores facilis porro.','2016-08-31 12:59:19','2016-08-31 12:59:19'),(303,'Model','Yost Inc','Practical Plastic Computer','287','Temporibus rerum laboriosam doloremque ut non rerum.','Tempora autem unde nobis.',NULL,NULL,3,0,'Et ad autem blanditiis eius omnis dolorem saepe impedit.','Et repellendus magni unde perferendis neque enim.','2016-08-31 12:59:19','2016-08-31 12:59:19'),(304,'Model','Wyman Group','Incredible Plastic Pants','288','Quia cum qui sed id velit.','Modi dolores est doloremque maxime.',NULL,NULL,2,0,'Excepturi corrupti voluptatum suscipit qui quis eos molestiae.','Sit quidem maxime ex qui placeat laborum.','2016-08-31 12:59:19','2016-08-31 12:59:19');
/*!40000 ALTER TABLE `models` ENABLE KEYS */;
UNLOCK TABLES;

--
-- Table structure for table `models_compatibles`
--

DROP TABLE IF EXISTS `models_compatibles`;
/*!40101 SET @saved_cs_client     = @@character_set_client */;
/*!40101 SET character_set_client = utf8 */;
CREATE TABLE `models_compatibles` (
  `model_id` int(11) DEFAULT NULL,
  `compatible_id` int(11) DEFAULT NULL,
  KEY `index_models_compatibles_on_compatible_id` (`compatible_id`),
  KEY `index_models_compatibles_on_model_id` (`model_id`),
  CONSTRAINT `models_compatibles_compatible_id_fk` FOREIGN KEY (`compatible_id`) REFERENCES `models` (`id`),
  CONSTRAINT `models_compatibles_model_id_fk` FOREIGN KEY (`model_id`) REFERENCES `models` (`id`)
) ENGINE=InnoDB DEFAULT CHARSET=utf8 COLLATE=utf8_unicode_ci;
/*!40101 SET character_set_client = @saved_cs_client */;

--
-- Dumping data for table `models_compatibles`
--

LOCK TABLES `models_compatibles` WRITE;
/*!40000 ALTER TABLE `models_compatibles` DISABLE KEYS */;
INSERT INTO `models_compatibles` VALUES (15,14),(16,14),(17,14);
/*!40000 ALTER TABLE `models_compatibles` ENABLE KEYS */;
UNLOCK TABLES;

--
-- Table structure for table `notifications`
--

DROP TABLE IF EXISTS `notifications`;
/*!40101 SET @saved_cs_client     = @@character_set_client */;
/*!40101 SET character_set_client = utf8 */;
CREATE TABLE `notifications` (
  `id` int(11) NOT NULL AUTO_INCREMENT,
  `user_id` int(11) DEFAULT NULL,
  `title` varchar(255) COLLATE utf8_unicode_ci DEFAULT '',
  `created_at` datetime NOT NULL,
  PRIMARY KEY (`id`),
  KEY `index_notifications_on_user_id` (`user_id`),
  CONSTRAINT `notifications_user_id_fk` FOREIGN KEY (`user_id`) REFERENCES `users` (`id`) ON DELETE CASCADE
) ENGINE=InnoDB DEFAULT CHARSET=utf8 COLLATE=utf8_unicode_ci;
/*!40101 SET character_set_client = @saved_cs_client */;

--
-- Dumping data for table `notifications`
--

LOCK TABLES `notifications` WRITE;
/*!40000 ALTER TABLE `notifications` DISABLE KEYS */;
/*!40000 ALTER TABLE `notifications` ENABLE KEYS */;
UNLOCK TABLES;

--
-- Table structure for table `numerators`
--

DROP TABLE IF EXISTS `numerators`;
/*!40101 SET @saved_cs_client     = @@character_set_client */;
/*!40101 SET character_set_client = utf8 */;
CREATE TABLE `numerators` (
  `id` int(11) NOT NULL AUTO_INCREMENT,
  `item` int(11) DEFAULT NULL,
  PRIMARY KEY (`id`)
) ENGINE=InnoDB DEFAULT CHARSET=utf8 COLLATE=utf8_unicode_ci;
/*!40101 SET character_set_client = @saved_cs_client */;

--
-- Dumping data for table `numerators`
--

LOCK TABLES `numerators` WRITE;
/*!40000 ALTER TABLE `numerators` DISABLE KEYS */;
/*!40000 ALTER TABLE `numerators` ENABLE KEYS */;
UNLOCK TABLES;

--
-- Table structure for table `options`
--

DROP TABLE IF EXISTS `options`;
/*!40101 SET @saved_cs_client     = @@character_set_client */;
/*!40101 SET character_set_client = utf8 */;
CREATE TABLE `options` (
  `id` int(11) NOT NULL AUTO_INCREMENT,
  `inventory_pool_id` int(11) DEFAULT NULL,
  `inventory_code` varchar(255) COLLATE utf8_unicode_ci DEFAULT NULL,
  `manufacturer` varchar(255) COLLATE utf8_unicode_ci DEFAULT NULL,
  `product` varchar(255) COLLATE utf8_unicode_ci NOT NULL,
  `version` varchar(255) COLLATE utf8_unicode_ci DEFAULT NULL,
  `price` decimal(8,2) DEFAULT NULL,
  PRIMARY KEY (`id`),
  KEY `index_options_on_inventory_pool_id` (`inventory_pool_id`),
  CONSTRAINT `options_inventory_pool_id_fk` FOREIGN KEY (`inventory_pool_id`) REFERENCES `inventory_pools` (`id`)
) ENGINE=InnoDB AUTO_INCREMENT=8 DEFAULT CHARSET=utf8 COLLATE=utf8_unicode_ci;
/*!40101 SET character_set_client = @saved_cs_client */;

--
-- Dumping data for table `options`
--

LOCK TABLES `options` WRITE;
/*!40000 ALTER TABLE `options` DISABLE KEYS */;
INSERT INTO `options` VALUES (1,1,'akku-aa',NULL,'Akku AA','89','315.00'),(2,1,'akku-aaa',NULL,'Akku AAA','90','716.00'),(3,1,'usb',NULL,'USB Kabel','91','221.00'),(4,1,'sandsack123',NULL,'Sandsack','92','494.00'),(5,1,'eli4172',NULL,'Gorgeous Concrete Table','249','1022.00'),(6,2,'num3864',NULL,'Fantastic Steel Hat','252','664.00'),(7,1,'inp2832',NULL,'Incredible Rubber Gloves','256','7.00');
/*!40000 ALTER TABLE `options` ENABLE KEYS */;
UNLOCK TABLES;

--
-- Table structure for table `partitions`
--

DROP TABLE IF EXISTS `partitions`;
/*!40101 SET @saved_cs_client     = @@character_set_client */;
/*!40101 SET character_set_client = utf8 */;
CREATE TABLE `partitions` (
  `id` int(11) NOT NULL AUTO_INCREMENT,
  `model_id` int(11) DEFAULT NULL,
  `inventory_pool_id` int(11) DEFAULT NULL,
  `group_id` int(11) DEFAULT NULL,
  `quantity` int(11) DEFAULT NULL,
  PRIMARY KEY (`id`),
  UNIQUE KEY `index_partitions_on_model_id_and_inventory_pool_id_and_group_id` (`model_id`,`inventory_pool_id`,`group_id`),
  KEY `partitions_group_id_fk` (`group_id`),
  KEY `partitions_inventory_pool_id_fk` (`inventory_pool_id`),
  CONSTRAINT `partitions_model_id_fk` FOREIGN KEY (`model_id`) REFERENCES `models` (`id`) ON DELETE CASCADE,
  CONSTRAINT `partitions_group_id_fk` FOREIGN KEY (`group_id`) REFERENCES `groups` (`id`),
  CONSTRAINT `partitions_inventory_pool_id_fk` FOREIGN KEY (`inventory_pool_id`) REFERENCES `inventory_pools` (`id`)
) ENGINE=InnoDB AUTO_INCREMENT=11 DEFAULT CHARSET=utf8 COLLATE=utf8_unicode_ci;
/*!40101 SET character_set_client = @saved_cs_client */;

--
-- Dumping data for table `partitions`
--

LOCK TABLES `partitions` WRITE;
/*!40000 ALTER TABLE `partitions` DISABLE KEYS */;
INSERT INTO `partitions` VALUES (1,10,1,4,1),(2,8,1,1,1),(3,8,1,2,1),(4,15,1,1,1),(5,16,1,5,1),(6,17,1,6,1),(7,19,1,7,1),(8,21,1,7,1),(9,20,1,8,1),(10,22,1,10,1);
/*!40000 ALTER TABLE `partitions` ENABLE KEYS */;
UNLOCK TABLES;

--
-- Temporary table structure for view `partitions_with_generals`
--

DROP TABLE IF EXISTS `partitions_with_generals`;
/*!50001 DROP VIEW IF EXISTS `partitions_with_generals`*/;
SET @saved_cs_client     = @@character_set_client;
SET character_set_client = utf8;
/*!50001 CREATE TABLE `partitions_with_generals` (
  `model_id` int(11),
  `inventory_pool_id` int(11),
  `group_id` int(11),
  `quantity` decimal(33,0)
) ENGINE=MyISAM */;
SET character_set_client = @saved_cs_client;

--
-- Table structure for table `properties`
--

DROP TABLE IF EXISTS `properties`;
/*!40101 SET @saved_cs_client     = @@character_set_client */;
/*!40101 SET character_set_client = utf8 */;
CREATE TABLE `properties` (
  `id` int(11) NOT NULL AUTO_INCREMENT,
  `model_id` int(11) DEFAULT NULL,
  `key` varchar(255) COLLATE utf8_unicode_ci DEFAULT NULL,
  `value` varchar(255) COLLATE utf8_unicode_ci DEFAULT NULL,
  PRIMARY KEY (`id`),
  KEY `index_properties_on_model_id` (`model_id`),
  CONSTRAINT `properties_model_id_fk` FOREIGN KEY (`model_id`) REFERENCES `models` (`id`) ON DELETE CASCADE
) ENGINE=InnoDB AUTO_INCREMENT=13 DEFAULT CHARSET=utf8 COLLATE=utf8_unicode_ci;
/*!40101 SET character_set_client = @saved_cs_client */;

--
-- Dumping data for table `properties`
--

LOCK TABLES `properties` WRITE;
/*!40000 ALTER TABLE `properties` DISABLE KEYS */;
INSERT INTO `properties` VALUES (1,15,'Rotordurchmesser','120'),(2,15,'Akkus','2'),(3,15,'Farbe','Rot'),(4,16,'Rotordurchmesser','120'),(5,16,'Akkus','2'),(6,16,'Farbe','Rot'),(7,16,'max. Speed','80 kmh'),(8,16,'Gyro','Ja'),(9,16,'Achsen','3-Achsen'),(10,17,'Rotordurchmesser','120'),(11,17,'Akkus','2'),(12,17,'Farbe','Rot');
/*!40000 ALTER TABLE `properties` ENABLE KEYS */;
UNLOCK TABLES;

--
-- Table structure for table `purposes`
--

DROP TABLE IF EXISTS `purposes`;
/*!40101 SET @saved_cs_client     = @@character_set_client */;
/*!40101 SET character_set_client = utf8 */;
CREATE TABLE `purposes` (
  `id` int(11) NOT NULL AUTO_INCREMENT,
  `description` text COLLATE utf8_unicode_ci,
  PRIMARY KEY (`id`)
) ENGINE=InnoDB AUTO_INCREMENT=73 DEFAULT CHARSET=utf8 COLLATE=utf8_unicode_ci;
/*!40101 SET character_set_client = @saved_cs_client */;

--
-- Dumping data for table `purposes`
--

LOCK TABLES `purposes` WRITE;
/*!40000 ALTER TABLE `purposes` DISABLE KEYS */;
INSERT INTO `purposes` VALUES (1,'Bentige ich fr die Aufnahmen meiner Abschlussarbeit.'),(2,'Bentige ich fr die Aufnahmen meiner Abschlussarbeit.'),(3,'Repellat dolorem rerum dolor ipsum laudantium qui aliquid.'),(4,'Illum corrupti molestiae non incidunt sed.'),(5,'Dolorem molestiae laboriosam nulla ut velit at modi id.'),(6,'Corrupti ut necessitatibus id.'),(7,'Aut mollitia pariatur explicabo qui.'),(8,'Ersatzstativ fr die Ausstellung.'),(9,'Ersatzstativ fr die Ausstellung.'),(10,'Ersatzstativ fr die Ausstellung.'),(11,'Ersatzstativ fr die Ausstellung.'),(12,'Ersatzstativ fr die Ausstellung.'),(13,'Ersatzstativ fr die Ausstellung.'),(14,'Ersatzstativ fr die Ausstellung.'),(15,'Ersatzstativ fr die Ausstellung.'),(16,'Ersatzstativ fr die Ausstellung.'),(17,'Ersatzstativ fr die Ausstellung.'),(18,'Fr meinen aktuellen Kurs.'),(19,'Fr meinen aktuellen Kurs.'),(20,'Fr meinen aktuellen Kurs.'),(21,'Fr meinen aktuellen Kurs.'),(22,'Blanditiis nesciunt ipsa ut et praesentium.'),(23,'Illum quis quia occaecati omnis cum.'),(24,'Similique sint maxime odio.'),(25,'Ersatzstativ fr die Ausstellung.'),(26,'Ersatzstativ fr die Ausstellung.'),(27,'Ersatzstativ fr die Ausstellung.'),(28,'At omnis unde sed similique vitae tenetur.'),(29,'Sed atque alias qui amet.'),(30,'Sed aut minus soluta et nesciunt autem.'),(31,'Ut enim illo cumque iste aut veniam aut aspernatur.'),(32,'Delectus quia cumque sed distinctio ut.'),(33,'Alias quis rerum quibusdam rem deleniti.'),(34,'Et iusto voluptatibus excepturi dicta sed harum.'),(35,'Minima praesentium facere qui aut est quia sed assumenda.'),(36,'Laboriosam temporibus iste excepturi cumque laudantium ut qui et.'),(37,'Molestiae ullam dolorem nihil alias aut.'),(38,'In sed et ea.'),(39,'Ersatzstativ fr die Ausstellung.'),(40,'Fr das zweite Austellungswochenende.'),(41,'Fr das zweite Austellungswochenende.'),(42,'Fr das dritte Austellungswochenende.'),(43,'Fr die Abschlussarbeit.'),(44,'Ersatzstativ fr die Ausstellung.'),(45,'Ersatzstativ fr die Ausstellung.'),(46,'Ersatzstativ fr die Ausstellung.'),(47,'Bestellung mit Software'),(48,'Bestellung mit Gegenstand ohne Ort'),(49,'Um meine Abschlussarbeit zu fotografieren.'),(50,'Als Ersatz.'),(51,'Et voluptatem aperiam iste expedita ratione.'),(52,'Repellat vel sapiente fugit enim non culpa iste consequatur.'),(53,'Um meine Abschlussarbeit zu fotografieren.'),(54,'Um meine Abschlussarbeit zu fotografieren.'),(55,'Um meine Abschlussarbeit zu fotografieren.'),(56,'Nisi et sit odio quia omnis.'),(57,'Aut quia velit quibusdam modi expedita perferendis sed veritatis.'),(58,'Paketausgabe'),(59,'Ersatzstativ fr die Ausstellung.'),(60,'Ersatzstativ fr die Ausstellung.'),(61,'Ganz dringend bentigt fr meine Abschlussarbeit.'),(62,'Um meine Abschlussarbeit zu fotografieren.'),(63,'Um meine Abschlussarbeit zu fotografieren.'),(64,'Fotoshooting (Kurs Fotografie).'),(65,'Brauche ich zwingend fr meinen Kurs.'),(66,'Rerum corrupti et voluptatibus.'),(67,'Ut iste ab voluptatum itaque cum deleniti sint.'),(68,'Non culpa tempore beatae.'),(69,'Veniam ut dolorem repellat ea facere esse.'),(70,'Impedit nihil vitae ipsa culpa.'),(71,'Ersatzstativ fr die Ausstellung.'),(72,'Ersatzstativ fr die Ausstellung.');
/*!40000 ALTER TABLE `purposes` ENABLE KEYS */;
UNLOCK TABLES;

--
-- Table structure for table `schema_migrations`
--

DROP TABLE IF EXISTS `schema_migrations`;
/*!40101 SET @saved_cs_client     = @@character_set_client */;
/*!40101 SET character_set_client = utf8 */;
CREATE TABLE `schema_migrations` (
  `version` varchar(255) COLLATE utf8_unicode_ci NOT NULL,
  UNIQUE KEY `unique_schema_migrations` (`version`)
) ENGINE=InnoDB DEFAULT CHARSET=utf8 COLLATE=utf8_unicode_ci;
/*!40101 SET character_set_client = @saved_cs_client */;

--
-- Dumping data for table `schema_migrations`
--

LOCK TABLES `schema_migrations` WRITE;
/*!40000 ALTER TABLE `schema_migrations` DISABLE KEYS */;
INSERT INTO `schema_migrations` VALUES ('20140410180000'),('20140414100000'),('20140415083535'),('20140417113831'),('20140428092844'),('20140515131025'),('20140812132326'),('20140820100242'),('20140828082448'),('20140901141016'),('20140903105715'),('20140905091014'),('20141110113231'),('20141212132127'),('20150113215946'),('20150127203913');
/*!40000 ALTER TABLE `schema_migrations` ENABLE KEYS */;
UNLOCK TABLES;

--
-- Table structure for table `settings`
--

DROP TABLE IF EXISTS `settings`;
/*!40101 SET @saved_cs_client     = @@character_set_client */;
/*!40101 SET character_set_client = utf8 */;
CREATE TABLE `settings` (
  `id` int(11) NOT NULL AUTO_INCREMENT,
  `smtp_address` varchar(255) COLLATE utf8_unicode_ci DEFAULT NULL,
  `smtp_port` int(11) DEFAULT NULL,
  `smtp_domain` varchar(255) COLLATE utf8_unicode_ci DEFAULT NULL,
  `local_currency_string` varchar(255) COLLATE utf8_unicode_ci DEFAULT NULL,
  `contract_terms` text COLLATE utf8_unicode_ci,
  `contract_lending_party_string` text COLLATE utf8_unicode_ci,
  `email_signature` varchar(255) COLLATE utf8_unicode_ci DEFAULT NULL,
  `default_email` varchar(255) COLLATE utf8_unicode_ci DEFAULT NULL,
  `deliver_order_notifications` tinyint(1) DEFAULT NULL,
  `user_image_url` varchar(255) COLLATE utf8_unicode_ci DEFAULT NULL,
  `ldap_config` varchar(255) COLLATE utf8_unicode_ci DEFAULT NULL,
  `logo_url` varchar(255) COLLATE utf8_unicode_ci DEFAULT NULL,
  `mail_delivery_method` varchar(255) COLLATE utf8_unicode_ci DEFAULT NULL,
  `smtp_username` varchar(255) COLLATE utf8_unicode_ci DEFAULT NULL,
  `smtp_password` varchar(255) COLLATE utf8_unicode_ci DEFAULT NULL,
  `smtp_enable_starttls_auto` tinyint(1) NOT NULL DEFAULT '0',
  `smtp_openssl_verify_mode` varchar(255) COLLATE utf8_unicode_ci NOT NULL DEFAULT 'none',
  `time_zone` varchar(255) COLLATE utf8_unicode_ci NOT NULL DEFAULT 'Bern',
  `disable_manage_section` tinyint(1) NOT NULL DEFAULT '0',
  `disable_manage_section_message` text COLLATE utf8_unicode_ci,
  `disable_borrow_section` tinyint(1) NOT NULL DEFAULT '0',
  `disable_borrow_section_message` text COLLATE utf8_unicode_ci,
  `text` text COLLATE utf8_unicode_ci,
  PRIMARY KEY (`id`)
) ENGINE=InnoDB AUTO_INCREMENT=2 DEFAULT CHARSET=utf8 COLLATE=utf8_unicode_ci;
/*!40101 SET character_set_client = @saved_cs_client */;

--
-- Dumping data for table `settings`
--

LOCK TABLES `settings` WRITE;
/*!40000 ALTER TABLE `settings` DISABLE KEYS */;
INSERT INTO `settings` VALUES (1,'smtp.zhdk.ch',25,'beta.ausleihe.zhdk.ch','CHF','Die Benutzerin/der Benutzer ist bei unsachgemsser Handhabung oder Verlust schadenersatzpflichtig. Sie/Er verpflichtet sich, das Material sorgfltig zu behandeln und gereinigt zu retournieren. Bei mangelbehafteter oder verspteter Rckgabe kann eine Ausleihsperre (bis zu 6 Monaten) verhngt werden. Das geliehene Material bleibt jederzeit uneingeschrnktes Eigentum der Zrcher Hochschule der Knste und darf ausschliesslich fr schulische Zwecke eingesetzt werden. Mit ihrer/seiner Unterschrift akzeptiert die Benutzerin/der Benutzer diese Bedingungen sowie die \'Richtlinie zur Ausleihe von Sachen\' der ZHdK und etwaige abteilungsspezifische Ausleih-Richtlinien.','Your\nAddress\nHere','Das PZ-leihs Team','sender@example.com',0,'http://www.zhdk.ch/?person/foto&width=100&compressionlevel=0&id={:id}',NULL,'/assets/image-logo-zhdk.png','test',NULL,NULL,0,'none','Bern',0,NULL,0,NULL,NULL);
/*!40000 ALTER TABLE `settings` ENABLE KEYS */;
UNLOCK TABLES;

--
-- Table structure for table `suppliers`
--

DROP TABLE IF EXISTS `suppliers`;
/*!40101 SET @saved_cs_client     = @@character_set_client */;
/*!40101 SET character_set_client = utf8 */;
CREATE TABLE `suppliers` (
  `id` int(11) NOT NULL AUTO_INCREMENT,
  `name` varchar(255) COLLATE utf8_unicode_ci NOT NULL,
  `created_at` datetime DEFAULT NULL,
  `updated_at` datetime DEFAULT NULL,
  PRIMARY KEY (`id`),
  UNIQUE KEY `index_suppliers_on_name` (`name`)
) ENGINE=InnoDB AUTO_INCREMENT=293 DEFAULT CHARSET=utf8 COLLATE=utf8_unicode_ci;
/*!40101 SET character_set_client = @saved_cs_client */;

--
-- Dumping data for table `suppliers`
--

LOCK TABLES `suppliers` WRITE;
/*!40000 ALTER TABLE `suppliers` DISABLE KEYS */;
INSERT INTO `suppliers` VALUES (1,'maximedoloreius','2016-09-06 12:59:19','2016-09-06 12:59:19'),(2,'teneturilloiustomaiores','2016-09-06 12:59:19','2016-09-06 12:59:19'),(3,'culpaevenietvoluptas','2016-09-06 12:59:19','2016-09-06 12:59:19'),(4,'mollitiavoluptatumvelit','2016-09-06 12:59:19','2016-09-06 12:59:19'),(5,'temporibusfugiateumistequia','2016-09-06 12:59:19','2016-09-06 12:59:19'),(6,'consecteturdoloremipsavoluptatibuslibero','2016-09-06 12:59:19','2016-09-06 12:59:19'),(7,'cupiditatedoloremqueerrorperferendis','2016-09-06 12:59:19','2016-09-06 12:59:19'),(8,'utnameumest','2016-09-06 12:59:19','2016-09-06 12:59:19'),(9,'velitnequedoloresrerumodit','2016-09-06 12:59:19','2016-09-06 12:59:19'),(10,'laborumtemporibus','2016-09-06 12:59:19','2016-09-06 12:59:19'),(11,'velilloconsequuntureosdolorem','2016-09-06 12:59:19','2016-09-06 12:59:19'),(12,'temporaharumundearchitecto','2016-09-06 12:59:19','2016-09-06 12:59:19'),(13,'impeditporroautemquiacorrupti','2016-09-06 12:59:19','2016-09-06 12:59:19'),(14,'eosetaut','2016-09-06 12:59:19','2016-09-06 12:59:19'),(15,'addignissimosinminima','2016-09-06 12:59:19','2016-09-06 12:59:19'),(16,'voluptatesit','2016-09-06 12:59:19','2016-09-06 12:59:19'),(17,'architectoat','2016-09-06 12:59:19','2016-09-06 12:59:19'),(18,'beataesaepeeosmollitia','2016-09-06 12:59:19','2016-09-06 12:59:19'),(19,'blanditiisipsaaperiamaut','2016-09-06 12:59:19','2016-09-06 12:59:19'),(20,'doloremqueetquasi','2016-09-06 12:59:19','2016-09-06 12:59:19'),(21,'repellendusinciduntest','2016-09-06 12:59:19','2016-09-06 12:59:19'),(22,'animivoluptas','2016-09-06 12:59:19','2016-09-06 12:59:19'),(23,'sapientedoloresenim','2016-09-06 12:59:19','2016-09-06 12:59:19'),(24,'exaut','2016-09-06 12:59:19','2016-09-06 12:59:19'),(25,'delenitioditquisconsequaturnatus','2016-09-06 12:59:19','2016-09-06 12:59:19'),(26,'quameos','2016-09-06 12:59:19','2016-09-06 12:59:19'),(27,'eumanimivoluptatumvoluptatibus','2016-09-06 12:59:19','2016-09-06 12:59:19'),(28,'autemeiusanimialiquidreiciendis','2016-09-06 12:59:19','2016-09-06 12:59:19'),(29,'facerequisofficiisvoluptatem','2016-09-06 12:59:19','2016-09-06 12:59:19'),(30,'essefugiatrepellat','2016-09-06 12:59:19','2016-09-06 12:59:19'),(31,'magniaut','2016-09-06 12:59:19','2016-09-06 12:59:19'),(32,'expeditalaborevoluptatumeosvoluptatem','2016-09-06 12:59:19','2016-09-06 12:59:19'),(33,'quiperferendis','2016-09-06 12:59:19','2016-09-06 12:59:19'),(34,'voluptatemquisveniam','2016-09-06 12:59:19','2016-09-06 12:59:19'),(35,'autmagnamadearum','2016-09-06 12:59:19','2016-09-06 12:59:19'),(36,'fugitveritatis','2016-09-06 12:59:19','2016-09-06 12:59:19'),(37,'doloremdoloribuserrorquisquam','2016-09-06 12:59:19','2016-09-06 12:59:19'),(38,'sintaliquamquibusdam','2016-09-06 12:59:19','2016-09-06 12:59:19'),(39,'quiavelitquiarepellatincidunt','2016-09-06 12:59:19','2016-09-06 12:59:19'),(40,'maximesunt','2016-09-06 12:59:19','2016-09-06 12:59:19'),(41,'praesentiumadcumautemquae','2016-09-06 12:59:19','2016-09-06 12:59:19'),(42,'earumquianam','2016-09-06 12:59:19','2016-09-06 12:59:19'),(43,'quosdeleniti','2016-09-06 12:59:19','2016-09-06 12:59:19'),(44,'adautestfuga','2016-09-06 12:59:19','2016-09-06 12:59:19'),(45,'accusantiumetdolorillocumque','2016-09-06 12:59:19','2016-09-06 12:59:19'),(46,'sitidoccaecati','2016-09-06 12:59:19','2016-09-06 12:59:19'),(47,'rerumquodfacilisnatusfugiat','2016-09-06 12:59:19','2016-09-06 12:59:19'),(48,'quibusdaminautqui','2016-09-06 12:59:19','2016-09-06 12:59:19'),(49,'consequunturdeseruntfugaquod','2016-09-06 12:59:19','2016-09-06 12:59:19'),(50,'eligendialiquamvoluptatemitaquemolestias','2016-09-06 12:59:19','2016-09-06 12:59:19'),(51,'impeditnostrumet','2016-09-06 12:59:19','2016-09-06 12:59:19'),(52,'temporibusquiaarchitectoiusto','2016-09-06 12:59:19','2016-09-06 12:59:19'),(53,'nonsuscipit','2016-09-06 12:59:19','2016-09-06 12:59:19'),(54,'laboriosamexcepturiut','2016-09-06 12:59:19','2016-09-06 12:59:19'),(55,'molestiaequis','2016-09-06 12:59:19','2016-09-06 12:59:19'),(56,'ducimusundequiconsequatur','2016-09-06 12:59:19','2016-09-06 12:59:19'),(57,'inventoreomnisquiavoluptatibus','2016-09-06 12:59:19','2016-09-06 12:59:19'),(58,'delectussapientedeseruntimpedit','2016-09-06 12:59:19','2016-09-06 12:59:19'),(59,'consequunturquiseligendiest','2016-09-06 12:59:19','2016-09-06 12:59:19'),(60,'occaecatiipsamquimagniquisquam','2016-09-06 12:59:19','2016-09-06 12:59:19'),(61,'asintnamrerumaspernatur','2016-09-06 12:59:19','2016-09-06 12:59:19'),(62,'ipsumprovidentexplicabo','2016-09-06 12:59:19','2016-09-06 12:59:19'),(63,'voluptatesnobiscorruptinostrum','2016-09-06 12:59:19','2016-09-06 12:59:19'),(64,'magniesteaqueeum','2016-09-06 12:59:19','2016-09-06 12:59:19'),(65,'dolorut','2016-09-06 12:59:19','2016-09-06 12:59:19'),(66,'aliquidlaborumtemporetemporadeleniti','2016-09-06 12:59:19','2016-09-06 12:59:19'),(67,'quasivoluptasofficiainiure','2016-09-06 12:59:19','2016-09-06 12:59:19'),(68,'istesoluta','2016-09-06 12:59:19','2016-09-06 12:59:19'),(69,'facerecorrupti','2016-09-06 12:59:19','2016-09-06 12:59:19'),(70,'nihildolordolores','2016-09-06 12:59:19','2016-09-06 12:59:19'),(71,'culpaisteincorrupti','2016-09-06 12:59:19','2016-09-06 12:59:19'),(72,'cupiditateomnisofficiismagnam','2016-09-06 12:59:19','2016-09-06 12:59:19'),(73,'quoeumipsumaveniam','2016-09-06 12:59:19','2016-09-06 12:59:19'),(74,'doloressed','2016-09-06 12:59:19','2016-09-06 12:59:19'),(75,'nihildolorem','2016-09-06 12:59:19','2016-09-06 12:59:19'),(76,'molestiasquooditvoluptate','2016-09-06 12:59:19','2016-09-06 12:59:19'),(77,'authicexqui','2016-09-06 12:59:19','2016-09-06 12:59:19'),(78,'delenitiadillum','2016-09-06 12:59:19','2016-09-06 12:59:19'),(79,'oditnumquamquorerumut','2016-09-06 12:59:19','2016-09-06 12:59:19'),(80,'exnostrumdolorlibero','2016-09-06 12:59:19','2016-09-06 12:59:19'),(81,'illumbeatae','2016-09-06 12:59:19','2016-09-06 12:59:19'),(82,'quoadipiscietarchitecto','2016-09-06 12:59:19','2016-09-06 12:59:19'),(83,'sedetsapiente','2016-09-06 12:59:19','2016-09-06 12:59:19'),(84,'mollitianisi','2016-09-06 12:59:19','2016-09-06 12:59:19'),(85,'etvoluptasautminimaperspiciatis','2016-09-06 12:59:19','2016-09-06 12:59:19'),(86,'illoautexercitationemdolorum','2016-09-06 12:59:19','2016-09-06 12:59:19'),(87,'providentundemaiores','2016-09-06 12:59:19','2016-09-06 12:59:19'),(88,'culpalaboriosamquo','2016-09-06 12:59:19','2016-09-06 12:59:19'),(89,'laboreminusdoloremexercitationem','2016-09-06 12:59:19','2016-09-06 12:59:19'),(90,'corruptieaqueautem','2016-09-06 12:59:19','2016-09-06 12:59:19'),(91,'temporenonrepudiandae','2016-09-06 12:59:19','2016-09-06 12:59:19'),(92,'laboremaximerepudiandaerepellenduset','2016-09-06 12:59:19','2016-09-06 12:59:19'),(93,'quoundeconsequunturpariatur','2016-09-06 12:59:19','2016-09-06 12:59:19'),(94,'laudantiumametnumquamest','2016-09-06 12:59:19','2016-09-06 12:59:19'),(95,'laudantiumquiainventoreverocorporis','2016-09-06 12:59:19','2016-09-06 12:59:19'),(96,'quisquamveritatisaperiam','2016-09-06 12:59:19','2016-09-06 12:59:19'),(97,'sitprovidentsuscipitmolestiaeipsa','2016-09-06 12:59:19','2016-09-06 12:59:19'),(98,'automniscum','2016-09-06 12:59:19','2016-09-06 12:59:19'),(99,'mollitiaatquedistinctio','2016-09-06 12:59:19','2016-09-06 12:59:19'),(100,'reiciendissapientequo','2016-09-06 12:59:19','2016-09-06 12:59:19'),(101,'autdictasequireiciendis','2016-09-06 12:59:19','2016-09-06 12:59:19'),(102,'iuresimiliquemolestiasrerum','2016-09-06 12:59:19','2016-09-06 12:59:19'),(103,'etatlaboriosamqui','2016-09-06 12:59:19','2016-09-06 12:59:19'),(104,'voluptatumlaudantiumvoluptasquibeatae','2016-09-06 12:59:19','2016-09-06 12:59:19'),(105,'sapientemollitiamolestiae','2016-09-06 12:59:19','2016-09-06 12:59:19'),(106,'voluptatempossimusaut','2016-09-06 12:59:19','2016-09-06 12:59:19'),(107,'vitaeet','2016-09-06 12:59:19','2016-09-06 12:59:19'),(108,'nobisquis','2016-09-06 12:59:19','2016-09-06 12:59:19'),(109,'enimtemporedoloremrerum','2016-09-06 12:59:19','2016-09-06 12:59:19'),(110,'quaealias','2016-09-06 12:59:19','2016-09-06 12:59:19'),(111,'acumquasisintconsequatur','2016-09-06 12:59:19','2016-09-06 12:59:19'),(112,'remearumcorporis','2016-09-06 12:59:19','2016-09-06 12:59:19'),(113,'autdolore','2016-09-06 12:59:19','2016-09-06 12:59:19'),(114,'voluptatemremut','2016-09-06 12:59:19','2016-09-06 12:59:19'),(115,'accusamusquihicdolorut','2016-09-06 12:59:19','2016-09-06 12:59:19'),(116,'doloremqueestetodit','2016-09-06 12:59:19','2016-09-06 12:59:19'),(117,'repellatutvoluptasatquia','2016-09-06 12:59:19','2016-09-06 12:59:19'),(118,'quiquos','2016-09-06 12:59:19','2016-09-06 12:59:19'),(119,'quasialiasseddolores','2016-09-06 12:59:19','2016-09-06 12:59:19'),(120,'ullamdoloresducimusharum','2016-09-06 12:59:19','2016-09-06 12:59:19'),(121,'cupiditatequisquamquibusdam','2016-09-06 12:59:19','2016-09-06 12:59:19'),(122,'isteutquibusdamautrerum','2016-09-06 12:59:19','2016-09-06 12:59:19'),(123,'quosquis','2016-09-06 12:59:19','2016-09-06 12:59:19'),(124,'quasinciduntquo','2016-09-06 12:59:19','2016-09-06 12:59:19'),(125,'sapientemagni','2016-09-06 12:59:19','2016-09-06 12:59:19'),(126,'rerumsitpraesentiumtotam','2016-09-06 12:59:19','2016-09-06 12:59:19'),(127,'asperioresiurerationeperspiciatis','2016-09-06 12:59:19','2016-09-06 12:59:19'),(128,'corruptivoluptatemquod','2016-09-06 12:59:19','2016-09-06 12:59:19'),(129,'utipsa','2016-09-06 12:59:19','2016-09-06 12:59:19'),(130,'autemvel','2016-09-06 12:59:19','2016-09-06 12:59:19'),(131,'omnisdoloribusnihilnon','2016-09-06 12:59:19','2016-09-06 12:59:19'),(132,'dictaconsequaturminimased','2016-09-06 12:59:19','2016-09-06 12:59:19'),(133,'estperferendisquos','2016-09-06 12:59:19','2016-09-06 12:59:19'),(134,'utanimieosaut','2016-09-06 12:59:19','2016-09-06 12:59:19'),(135,'istehicautcorrupti','2016-09-06 12:59:19','2016-09-06 12:59:19'),(136,'voluptasliberoofficiafacereet','2016-09-06 12:59:19','2016-09-06 12:59:19'),(137,'etharumcorrupti','2016-09-06 12:59:19','2016-09-06 12:59:19'),(138,'temporanesciuntatnemoomnis','2016-09-06 12:59:19','2016-09-06 12:59:19'),(139,'omnisomnisatdoloremsequi','2016-09-06 12:59:19','2016-09-06 12:59:19'),(140,'odittemporaabperspiciatis','2016-09-06 12:59:19','2016-09-06 12:59:19'),(141,'doloresdignissimosestsaepesuscipit','2016-09-06 12:59:19','2016-09-06 12:59:19'),(142,'totamtemporibusducimusquibusdam','2016-09-06 12:59:19','2016-09-06 12:59:19'),(143,'nihilnecessitatibusrepudiandaeautemet','2016-09-06 12:59:19','2016-09-06 12:59:19'),(144,'nonquoqui','2016-09-06 12:59:19','2016-09-06 12:59:19'),(145,'magnamquiplaceataspernatur','2016-09-06 12:59:19','2016-09-06 12:59:19'),(146,'autsitautemofficiis','2016-09-06 12:59:19','2016-09-06 12:59:19'),(147,'quominusodit','2016-09-06 12:59:19','2016-09-06 12:59:19'),(148,'commodivoluptatumconsequaturaspernatur','2016-09-06 12:59:19','2016-09-06 12:59:19'),(149,'ullamvoluptateutfugitlaudantium','2016-09-06 12:59:19','2016-09-06 12:59:19'),(150,'iustoeos','2016-09-06 12:59:19','2016-09-06 12:59:19'),(151,'velitaspernaturet','2016-09-06 12:59:19','2016-09-06 12:59:19'),(152,'molestiaesequi','2016-09-06 12:59:19','2016-09-06 12:59:19'),(153,'quiimpeditesteosquas','2016-09-06 12:59:19','2016-09-06 12:59:19'),(154,'veniamutsed','2016-09-06 12:59:19','2016-09-06 12:59:19'),(155,'quivitaecumque','2016-09-06 12:59:19','2016-09-06 12:59:19'),(156,'fugiatinventoreveroteneturneque','2016-09-06 12:59:19','2016-09-06 12:59:19'),(157,'reiciendisrecusandaeadipiscimaiores','2016-09-06 12:59:19','2016-09-06 12:59:19'),(158,'etautemautut','2016-09-06 12:59:19','2016-09-06 12:59:19'),(159,'velomniset','2016-09-06 12:59:19','2016-09-06 12:59:19'),(160,'incidunteumeumculpapossimus','2016-09-06 12:59:19','2016-09-06 12:59:19'),(161,'estullam','2016-09-06 12:59:19','2016-09-06 12:59:19'),(162,'aliquidveroautaut','2016-09-06 12:59:19','2016-09-06 12:59:19'),(163,'nonoptioutmaiores','2016-09-06 12:59:19','2016-09-06 12:59:19'),(164,'expeditaet','2016-09-06 12:59:19','2016-09-06 12:59:19'),(165,'idconsequaturveritatisvero','2016-09-06 12:59:19','2016-09-06 12:59:19'),(166,'voluptatibuslaboriosamomnisdoloribus','2016-09-06 12:59:19','2016-09-06 12:59:19'),(167,'quidolores','2016-09-06 12:59:19','2016-09-06 12:59:19'),(168,'eligendiadictafugit','2016-09-06 12:59:19','2016-09-06 12:59:19'),(169,'voluptassitrerumquo','2016-09-06 12:59:19','2016-09-06 12:59:19'),(170,'exercitationemharumestautemvel','2016-09-06 12:59:19','2016-09-06 12:59:19'),(171,'natussedcumperferendis','2016-09-05 12:59:19','2016-09-05 12:59:19'),(172,'sintquiaet','2016-09-05 12:59:19','2016-09-05 12:59:19'),(173,'exdoloribus','2016-09-05 12:59:19','2016-09-05 12:59:19'),(174,'nihilsunttemporibus','2016-09-05 12:59:19','2016-09-05 12:59:19'),(175,'explicaboquiasitculpaofficia','2016-09-05 12:59:19','2016-09-05 12:59:19'),(176,'veniamnonetblanditiisid','2016-09-06 12:59:19','2016-09-06 12:59:19'),(177,'ipsaminciduntut','2016-09-06 12:59:19','2016-09-06 12:59:19'),(178,'isteeosfacilisnecessitatibus','2016-09-06 12:59:19','2016-09-06 12:59:19'),(179,'consequaturnammagniquibusdam','2016-09-06 12:59:19','2016-09-06 12:59:19'),(180,'sequivoluptatem','2016-09-06 12:59:19','2016-09-06 12:59:19'),(181,'corruptidistinctioadipisci','2016-09-06 12:59:19','2016-09-06 12:59:19'),(182,'natusmolestiaevoluptateperferendisducimus','2016-09-06 12:59:19','2016-09-06 12:59:19'),(183,'ducimusvoluptatibusquasi','2016-09-06 12:59:19','2016-09-06 12:59:19'),(184,'consequunturblanditiisquia','2016-09-06 12:59:19','2016-09-06 12:59:19'),(185,'autmodi','2016-09-06 12:59:19','2016-09-06 12:59:19'),(186,'enimvoluptatumquiminimasunt','2016-09-06 12:59:19','2016-09-06 12:59:19'),(187,'dolorumsimiliquelaborummollitiavero','2016-09-06 12:59:19','2016-09-06 12:59:19'),(188,'magnisuntdolorem','2016-09-06 12:59:19','2016-09-06 12:59:19'),(189,'idoptioetsequiasperiores','2016-09-06 12:59:19','2016-09-06 12:59:19'),(190,'molestiasdoloresreiciendisquia','2016-09-06 12:59:19','2016-09-06 12:59:19'),(191,'fugased','2016-09-06 12:59:19','2016-09-06 12:59:19'),(192,'suntadautaliasvel','2016-09-06 12:59:19','2016-09-06 12:59:19'),(193,'voluptasdeseruntidiuremodi','2016-09-06 12:59:19','2016-09-06 12:59:19'),(194,'adipiscinostrumvoluptasquae','2016-09-06 12:59:19','2016-09-06 12:59:19'),(195,'omnisquod','2016-08-30 12:59:19','2016-08-30 12:59:19'),(196,'doloribusquibusdamvoluptatibusad','2016-08-30 12:59:19','2016-08-30 12:59:19'),(197,'noneumearum','2016-08-30 12:59:19','2016-08-30 12:59:19'),(198,'doloremdoloreumeveniet','2016-09-01 12:59:19','2016-09-01 12:59:19'),(199,'eteiusadipisciconsequatur','2016-09-01 12:59:19','2016-09-01 12:59:19'),(200,'illoest','2016-09-01 12:59:19','2016-09-01 12:59:19'),(201,'utrerumsed','2016-09-01 12:59:19','2016-09-01 12:59:19'),(202,'utconsectetur','2016-09-01 12:59:19','2016-09-01 12:59:19'),(203,'etoditillumsintomnis','2016-09-06 12:59:19','2016-09-06 12:59:19'),(204,'corporismaximeiure','2016-09-06 12:59:19','2016-09-06 12:59:19'),(205,'nonrerum','2016-09-06 12:59:19','2016-09-06 12:59:19'),(206,'mollitiautnemo','2016-09-06 12:59:19','2016-09-06 12:59:19'),(207,'etvoluptasundeharum','2016-09-06 12:59:19','2016-09-06 12:59:19'),(208,'eumutaut','2016-09-06 12:59:19','2016-09-06 12:59:19'),(209,'autexplicaboquasi','2016-09-06 12:59:19','2016-09-06 12:59:19'),(210,'mollitiapariaturminimaexercitationemet','2016-09-06 12:59:19','2016-09-06 12:59:19'),(211,'consecteturquisimilique','2016-09-06 12:59:19','2016-09-06 12:59:19'),(212,'autemautsimilique','2016-09-06 12:59:19','2016-09-06 12:59:19'),(213,'excepturiest','2016-09-06 12:59:19','2016-09-06 12:59:19'),(214,'numquamatqueminus','2016-09-06 12:59:19','2016-09-06 12:59:19'),(215,'autetreprehenderitdeseruntveritatis','2016-09-06 12:59:19','2016-09-06 12:59:19'),(216,'voluptatumet','2016-09-06 12:59:19','2016-09-06 12:59:19'),(217,'repudiandaeaccusantium','2016-09-06 12:59:19','2016-09-06 12:59:19'),(218,'essemagnitemporaad','2016-09-06 12:59:19','2016-09-06 12:59:19'),(219,'quoquoaccusantium','2016-09-06 12:59:19','2016-09-06 12:59:19'),(220,'estodioquimagnam','2016-09-06 12:59:19','2016-09-06 12:59:19'),(221,'aesseinciduntautemoccaecati','2016-09-06 12:59:19','2016-09-06 12:59:19'),(222,'praesentiumetinventoresuntmolestiae','2016-09-06 12:59:19','2016-09-06 12:59:19'),(223,'etfugitlaborevelit','2016-09-06 12:59:19','2016-09-06 12:59:19'),(224,'idalias','2016-09-06 12:59:19','2016-09-06 12:59:19'),(225,'idharumminus','2016-09-06 12:59:19','2016-09-06 12:59:19'),(226,'sedaliquidmolestiaedolorum','2016-09-06 12:59:19','2016-09-06 12:59:19'),(227,'eligendiin','2016-09-06 12:59:19','2016-09-06 12:59:19'),(228,'consequaturinmaximeautemincidunt','2016-09-06 12:59:19','2016-09-06 12:59:19'),(229,'nonatquerepellendusautem','2016-09-06 12:59:19','2016-09-06 12:59:19'),(230,'autemettemporaprovident','2016-09-06 12:59:19','2016-09-06 12:59:19'),(231,'quiquisassumendadeleniti','2016-09-06 12:59:19','2016-09-06 12:59:19'),(232,'nonsedplaceatet','2016-09-06 12:59:19','2016-09-06 12:59:19'),(233,'architectonemosimiliquecorrupti','2016-09-06 12:59:19','2016-09-06 12:59:19'),(234,'quinostrumquos','2016-09-06 12:59:19','2016-09-06 12:59:19'),(235,'eiuseumatquaedolorem','2016-09-06 12:59:19','2016-09-06 12:59:19'),(236,'undenihiltempora','2016-09-06 12:59:19','2016-09-06 12:59:19'),(237,'suntnulla','2016-09-06 12:59:19','2016-09-06 12:59:19'),(238,'consequaturaperiam','2016-09-06 12:59:19','2016-09-06 12:59:19'),(239,'quosutodioaoptio','2016-09-06 12:59:19','2016-09-06 12:59:19'),(240,'quiquaeratquisofficiisquasi','2016-09-06 12:59:19','2016-09-06 12:59:19'),(241,'vitaereprehenderitfugiatqui','2016-09-06 12:59:19','2016-09-06 12:59:19'),(242,'architectoreprehenderit','2016-09-06 12:59:19','2016-09-06 12:59:19'),(243,'quasisuntodio','2016-09-06 12:59:19','2016-09-06 12:59:19'),(244,'cumutmolestiae','2016-09-06 12:59:19','2016-09-06 12:59:19'),(245,'cumqueutautdolor','2016-09-06 12:59:19','2016-09-06 12:59:19'),(246,'quasmolestiae','2016-09-06 12:59:19','2016-09-06 12:59:19'),(247,'reprehenderitconsequaturquosab','2016-09-06 12:59:19','2016-09-06 12:59:19'),(248,'quisetrepudiandaeharum','2016-09-06 12:59:19','2016-09-06 12:59:19'),(249,'quisquilaborumrerum','2016-09-06 12:59:19','2016-09-06 12:59:19'),(250,'laboriosamsunt','2016-09-06 12:59:19','2016-09-06 12:59:19'),(251,'sedconsequaturautminusbeatae','2016-09-06 12:59:19','2016-09-06 12:59:19'),(252,'quaeutrepudiandae','2016-09-06 12:59:19','2016-09-06 12:59:19'),(253,'reprehenderitvelitnulla','2016-09-06 12:59:19','2016-09-06 12:59:19'),(254,'eumbeataevoluptatemipsamolestiae','2016-09-04 12:59:19','2016-09-04 12:59:19'),(255,'consequunturetsapienteestsaepe','2016-09-04 12:59:19','2016-09-04 12:59:19'),(256,'exercitationemututexet','2016-09-04 12:59:19','2016-09-04 12:59:19'),(257,'voluptaseveniet','2016-09-06 12:59:19','2016-09-06 12:59:19'),(258,'utullamautemquibusdamquas','2016-09-01 12:59:19','2016-09-01 12:59:19'),(259,'assumendaestrerumdebitis','2016-09-06 12:59:19','2016-09-06 12:59:19'),(260,'rationevoluptatemmaxime','2016-09-06 12:59:19','2016-09-06 12:59:19'),(261,'fugitsitaccusamusfugiat','2016-09-06 12:59:19','2016-09-06 12:59:19'),(262,'veroodioautem','2016-09-06 12:59:19','2016-09-06 12:59:19'),(263,'nemoperspiciatisvoluptatemaliquidet','2016-09-06 12:59:19','2016-09-06 12:59:19'),(264,'nostrumasperioreseiusaut','2016-09-06 12:59:19','2016-09-06 12:59:19'),(265,'utconsequaturquaeratmaxime','2016-09-06 12:59:19','2016-09-06 12:59:19'),(266,'beataedoloribusquiaeumomnis','2016-09-06 12:59:19','2016-09-06 12:59:19'),(267,'suntatquecorruptiexcepturinihil','2016-09-06 12:59:19','2016-09-06 12:59:19'),(268,'consecteturullam','2016-09-06 12:59:19','2016-09-06 12:59:19'),(269,'autemsuscipitdelenitiaut','2016-09-06 12:59:19','2016-09-06 12:59:19'),(270,'perferendisipsam','2016-09-06 12:59:19','2016-09-06 12:59:19'),(271,'laboretemporibusvoluptatumdebitis','2016-09-06 12:59:19','2016-09-06 12:59:19'),(272,'maximerepudiandaeest','2016-09-06 12:59:19','2016-09-06 12:59:19'),(273,'eumestullamex','2016-09-06 12:59:19','2016-09-06 12:59:19'),(274,'hicvitae','2016-09-06 12:59:19','2016-09-06 12:59:19'),(275,'consequaturquis','2016-09-06 12:59:19','2016-09-06 12:59:19'),(276,'expeditarepellatpraesentium','2016-09-06 12:59:19','2016-09-06 12:59:19'),(277,'anecessitatibuscumque','2016-09-06 12:59:19','2016-09-06 12:59:19'),(278,'voluptatemnequesedomnis','2016-09-06 12:59:19','2016-09-06 12:59:19'),(279,'animidelenitimollitiainventore','2016-09-06 12:59:19','2016-09-06 12:59:19'),(280,'suntarchitectoanimirepellendus','2016-09-06 12:59:19','2016-09-06 12:59:19'),(281,'nemoquisquamnostrumofficiissint','2016-09-06 12:59:19','2016-09-06 12:59:19'),(282,'utsolutamolestias','2016-09-06 12:59:19','2016-09-06 12:59:19'),(283,'autplaceateligendiaporro','2016-09-01 12:59:19','2016-09-01 12:59:19'),(284,'veroquasperferendis','2016-09-01 12:59:19','2016-09-01 12:59:19'),(285,'ametvoluptasmagni','2016-09-01 12:59:19','2016-09-01 12:59:19'),(286,'dictalaboresit','2016-09-01 12:59:19','2016-09-01 12:59:19'),(287,'accusantiumporro','2016-09-01 12:59:19','2016-09-01 12:59:19'),(288,'quibusdamut','2016-08-31 12:59:19','2016-08-31 12:59:19'),(289,'etdelenitiad','2016-08-31 12:59:19','2016-08-31 12:59:19'),(290,'abinaspernaturitaque','2016-08-31 12:59:19','2016-08-31 12:59:19'),(291,'praesentiumut','2016-08-31 12:59:19','2016-08-31 12:59:19'),(292,'nihilut','2016-08-31 12:59:19','2016-08-31 12:59:19');
/*!40000 ALTER TABLE `suppliers` ENABLE KEYS */;
UNLOCK TABLES;

--
-- Table structure for table `users`
--

DROP TABLE IF EXISTS `users`;
/*!40101 SET @saved_cs_client     = @@character_set_client */;
/*!40101 SET character_set_client = utf8 */;
CREATE TABLE `users` (
  `id` int(11) NOT NULL AUTO_INCREMENT,
  `login` varchar(255) COLLATE utf8_unicode_ci DEFAULT NULL,
  `firstname` varchar(255) COLLATE utf8_unicode_ci DEFAULT NULL,
  `lastname` varchar(255) COLLATE utf8_unicode_ci DEFAULT NULL,
  `phone` varchar(255) COLLATE utf8_unicode_ci DEFAULT NULL,
  `authentication_system_id` int(11) DEFAULT '1',
  `unique_id` varchar(255) COLLATE utf8_unicode_ci DEFAULT NULL,
  `email` varchar(255) COLLATE utf8_unicode_ci DEFAULT NULL,
  `badge_id` varchar(255) COLLATE utf8_unicode_ci DEFAULT NULL,
  `address` varchar(255) COLLATE utf8_unicode_ci DEFAULT NULL,
  `city` varchar(255) COLLATE utf8_unicode_ci DEFAULT NULL,
  `zip` varchar(255) COLLATE utf8_unicode_ci DEFAULT NULL,
  `country` varchar(255) COLLATE utf8_unicode_ci DEFAULT NULL,
  `language_id` int(11) DEFAULT NULL,
  `extended_info` text COLLATE utf8_unicode_ci,
  `settings` varchar(1024) COLLATE utf8_unicode_ci DEFAULT NULL,
  `created_at` datetime DEFAULT NULL,
  `updated_at` datetime DEFAULT NULL,
  `delegator_user_id` int(11) DEFAULT NULL,
  PRIMARY KEY (`id`),
  KEY `index_users_on_authentication_system_id` (`authentication_system_id`),
  KEY `users_language_id_fk` (`language_id`),
  KEY `users_delegator_user_id_fk` (`delegator_user_id`),
  CONSTRAINT `users_delegator_user_id_fk` FOREIGN KEY (`delegator_user_id`) REFERENCES `users` (`id`),
  CONSTRAINT `users_authentication_system_id_fk` FOREIGN KEY (`authentication_system_id`) REFERENCES `authentication_systems` (`id`),
  CONSTRAINT `users_language_id_fk` FOREIGN KEY (`language_id`) REFERENCES `languages` (`id`)
) ENGINE=InnoDB AUTO_INCREMENT=36 DEFAULT CHARSET=utf8 COLLATE=utf8_unicode_ci;
/*!40101 SET character_set_client = @saved_cs_client */;

--
-- Dumping data for table `users`
--

LOCK TABLES `users` WRITE;
/*!40000 ALTER TABLE `users` DISABLE KEYS */;
INSERT INTO `users` VALUES (1,'gino','Gino','Cormier','0800890892',1,'bfxtne5g5abmzmuglo','gino@zhdk.ch','d0hlaz2v44ieub6xbc',NULL,'North Florencio','V-UN1P 7FH','Virgin Islands, U.S.',1,NULL,'--- !ruby/hash:ActiveSupport::HashWithIndifferentAccess {}\n','2016-09-06 12:59:19','2016-09-06 12:59:19',NULL),(2,'ramon','Ramon','Grady','03821921601',1,'k04nifwpp0mngwi5rp','ramon@zhdk.ch','8f4xwoc0d3h262chxj',NULL,'Stiedemannfurt','U-Y1B 9DJ','Uganda',1,NULL,'--- !ruby/hash:ActiveSupport::HashWithIndifferentAccess {}\n','2016-09-06 12:59:19','2016-09-06 12:59:19',NULL),(3,'matti','Matti','Hamill','01164311339',1,'p3195apzcho1qplggv','matti@zhdk.ch','bte39yd5qjjpyt5z34',NULL,'Goodwinland','K-WA6 3JB','Kiribati',1,NULL,'--- !ruby/hash:ActiveSupport::HashWithIndifferentAccess {}\n','2016-09-06 12:59:19','2016-09-06 12:59:19',NULL),(4,'mike','Mike','Gerhold','05673658448',1,'c7c4eehn58e0va0fcs','mike@zhdk.ch','pvg1xug53z476wsjek',NULL,'New Adalbertoland','B-UD6P 6LL','Brazil',1,NULL,'--- !ruby/hash:ActiveSupport::HashWithIndifferentAccess {}\n','2016-09-06 12:59:19','2016-09-06 12:59:19',NULL),(5,'pius','Pius','Hauck','01505754419',1,'zy6q8owee0tghri5y3','pius@zhdk.ch','ufxth5e5imnsue37of',NULL,'Terryborough','C-Z1Y 5HA','Cayman Islands',1,NULL,'--- !ruby/hash:ActiveSupport::HashWithIndifferentAccess {}\n','2016-09-06 12:59:19','2016-09-06 12:59:19',NULL),(6,'normin','Normin','Normalo','01130694604',1,'7wyfpeqv6658a4dti0','normin@zhdk.ch','eobzh057ewqppdpwck',NULL,'Evanmouth','M-W0 8LB','Madagascar',1,NULL,'--- !ruby/hash:ActiveSupport::HashWithIndifferentAccess {}\n','2016-09-06 12:59:19','2016-09-06 12:59:19',NULL),(7,'nicklaus','Nicklaus','Turner','05533811278',1,'xubzvb78x8zt2cdvai','lending_manager1@zhdk.ch','i3div4slz9vgefz99c',NULL,'South Rubyland','M-Z3Y 0BW','Morocco',1,NULL,'--- !ruby/hash:ActiveSupport::HashWithIndifferentAccess {}\n','2016-09-06 12:59:19','2016-09-06 12:59:19',NULL),(8,'peter','Peter','Silie','0800346465',1,'th52i7wm0enqr1cpkx','peter@silie.com','1znowphxk03gb0t3e7',NULL,'Lake Demarioside','F-W4W 9YL','French Guiana',1,NULL,'--- !ruby/hash:ActiveSupport::HashWithIndifferentAccess {}\n','2016-09-06 12:59:19','2016-09-06 12:59:19',NULL),(9,'andi','Andi','Wuckert','01613906302',1,'likxkzqe642x9uffcm','andi@zhdk.ch','t33i3ntg0wygl63yuz',NULL,'O\'Connellburgh','N-U4P 8DU','Northern Mariana Islands',1,NULL,'--- !ruby/hash:ActiveSupport::HashWithIndifferentAccess {}\n','2016-09-06 12:59:19','2016-09-06 12:59:19',NULL),(10,'mina','Mina','Hammes','08314611429',1,'8gfnnf8iih0wu7xu3j','mina@zhdk.ch','ybf2wf4pw0k85sv10o',NULL,'Jaedenfurt','E-ZF6 0AY','Estonia',1,NULL,'--- !ruby/hash:ActiveSupport::HashWithIndifferentAccess {}\n','2016-09-06 12:59:19','2016-09-06 12:59:19',NULL),(11,'petra','Petra','DuBuque','0169772986',1,'3t38njep80sgu8vy3y','petra@zhdk.ch','crssvxuyc4ai9klf63','65405 Adams Island, ','Dickensfurt','G-Y4W 2BA','Greece',1,NULL,'--- !ruby/hash:ActiveSupport::HashWithIndifferentAccess {}\n','2016-09-06 12:59:19','2016-09-06 12:59:19',NULL),(12,'julie','Julie','Feil','05578527503',1,'27w0u4wwqjcctiqb9r','julie@zhdk.ch','1aojxcsvua83bl6eqr',NULL,'Katlynchester','A-J8 7HR','Antarctica (the territory South of 60 deg S)',1,NULL,'--- !ruby/hash:ActiveSupport::HashWithIndifferentAccess {}\n','2016-09-06 12:59:19','2016-09-06 12:59:19',NULL),(13,'lisa','Lisa','McLaughlin','0169772328',1,'ryb0pvc82vveub908p','lisa@zhdk.ch','nb52k31ab6cftob02o',NULL,'Isidrofurt','I-T2X 5JA','Italy',1,NULL,'--- !ruby/hash:ActiveSupport::HashWithIndifferentAccess {}\n','2016-09-06 12:59:19','2016-09-06 12:59:19',NULL),(14,'gabriel','Gabriel','Von','01157477937',1,'t728n7jxsxgq8rji4f','customer1@zhdk.ch','v7bx4xl3fuhipnz71z',NULL,'New Dorris','B-WF2B 2LL','Barbados',1,NULL,'--- !ruby/hash:ActiveSupport::HashWithIndifferentAccess {}\n','2016-09-06 12:59:19','2016-09-06 12:59:19',NULL),(15,'ebony','Ebony','Gottlieb','01212521923',1,'770xp9l54kndh6b4t5','customer2@zhdk.ch','36oh54l40nhiyzyywf',NULL,'Lake Keshawnhaven','S-B2 7JL','Saint Helena',1,NULL,'--- !ruby/hash:ActiveSupport::HashWithIndifferentAccess {}\n','2016-09-06 12:59:19','2016-09-06 12:59:19',NULL),(16,'sallie','Sallie','Weissnat','08004288369',1,'l5260a0s108t0b2ukf','customer3@zhdk.ch','zhw6ofzg0khi3nezou',NULL,'South Adonis','M-YX9X 8BB','Moldova',1,NULL,'--- !ruby/hash:ActiveSupport::HashWithIndifferentAccess {}\n','2016-09-06 12:59:19','2016-09-06 12:59:19',NULL),(17,'kyla','Kyla','Lehner','0800814520',1,'nv07vhz9ds3h952upw','customer4@zhdk.ch','bxxhce161y4lwt2r6d',NULL,'North Enosmouth','T-ZH7 5AW','Trinidad and Tobago',1,NULL,'--- !ruby/hash:ActiveSupport::HashWithIndifferentAccess {}\n','2016-09-06 12:59:19','2016-09-06 12:59:19',NULL),(18,'lesly','Lesly','Stroman','01313374057',1,'gsz4ixhxeo84wy50bw','customer5@zhdk.ch','xdo0r8ejjg2vxcyl2k',NULL,'Weimannburgh','C-YB3 1BA','Czech Republic',1,NULL,'--- !ruby/hash:ActiveSupport::HashWithIndifferentAccess {}\n','2016-09-06 12:59:19','2016-09-06 12:59:19',NULL),(19,'maximo','Maximo','Aufderhar','05518230162',1,'t5896lvg1qbfew8t07','customer6@zhdk.ch','4icn9706vmsweg2mpf',NULL,'Strackeport','S-R8 1AA','Sudan',1,NULL,'--- !ruby/hash:ActiveSupport::HashWithIndifferentAccess {}\n','2016-09-06 12:59:19','2016-09-06 12:59:19',NULL),(20,'jimmy','Jimmy','Crona','08001083447',1,'4eq436ew9oaqwc1qky','customer7@zhdk.ch','zami8nzj8mir8p2gy8',NULL,'Vaughnberg','T-H7 8DA','Tanzania',1,NULL,'--- !ruby/hash:ActiveSupport::HashWithIndifferentAccess {}\n','2016-09-06 12:59:19','2016-09-06 12:59:19',NULL),(21,'tatum','Tatum','Gulgowski','0500446983',1,'zuq65xe3a3rls09df3','customer8@zhdk.ch','ph1bohbt5jwlfmr7jp',NULL,'South Rylanmouth','D-YD2E 5XD','Dominican Republic',1,NULL,'--- !ruby/hash:ActiveSupport::HashWithIndifferentAccess {}\n','2016-09-06 12:59:19','2016-09-06 12:59:19',NULL),(22,'alexanne','Alexanne','Orn','0169776624',1,'9hvmoe93jdzdnbhco0','customer9@zhdk.ch','2j703ruwco0xsgcu39',NULL,'West Savannah','W-B13 5AL','Western Sahara',1,NULL,'--- !ruby/hash:ActiveSupport::HashWithIndifferentAccess {}\n','2016-09-06 12:59:19','2016-09-06 12:59:19',NULL),(23,'ayana','Ayana','Fisher','08006049366',1,'40tdud0z4zgjsh0uin','delegator1@zhdk.ch','kgtimrqlqvnocy0ffu',NULL,'South Kody','B-HM5 3ZB','British Indian Ocean Territory (Chagos Archipelago)',1,NULL,'--- !ruby/hash:ActiveSupport::HashWithIndifferentAccess {}\n','2016-09-06 12:59:19','2016-09-06 12:59:19',NULL),(24,'lucinda','Lucinda','Hartmann','0169774053',1,'q1ae0wrvqyud5wny23','delegated1@zhdk.ch','7cltv1ryxemdn54jl7',NULL,'East Kole','P-Y0 6BQ','Poland',1,NULL,'--- !ruby/hash:ActiveSupport::HashWithIndifferentAccess {}\n','2016-09-06 12:59:19','2016-09-06 12:59:19',NULL),(25,'etha_2142','Cicero','Abernathy','09998619457',1,'z5rk1iruc4lhyp4m27','narciso@lakin.biz','u96eqwexsy89xplotp','40337 Kenyon Groves','New Kellishire','M-Z6 9LF','Mauritania',1,NULL,'--- !ruby/hash:ActiveSupport::HashWithIndifferentAccess {}\n','2016-09-06 12:59:19','2016-09-06 12:59:19',NULL),(26,NULL,'Delegation 1',NULL,NULL,NULL,NULL,NULL,NULL,NULL,NULL,NULL,NULL,1,NULL,'--- !ruby/hash:ActiveSupport::HashWithIndifferentAccess {}\n','2016-09-06 12:59:19','2016-09-06 12:59:19',12),(27,NULL,'Delegation 2',NULL,NULL,NULL,NULL,NULL,NULL,NULL,NULL,NULL,NULL,1,NULL,'--- !ruby/hash:ActiveSupport::HashWithIndifferentAccess {}\n','2016-09-06 12:59:19','2016-09-06 12:59:19',10),(28,NULL,'Delegation 3',NULL,NULL,NULL,NULL,NULL,NULL,NULL,NULL,NULL,NULL,1,NULL,'--- !ruby/hash:ActiveSupport::HashWithIndifferentAccess {}\n','2016-09-06 12:59:19','2016-09-06 12:59:19',10),(29,NULL,'Delegation 4',NULL,NULL,NULL,NULL,NULL,NULL,NULL,NULL,NULL,NULL,1,NULL,'--- !ruby/hash:ActiveSupport::HashWithIndifferentAccess {}\n','2016-09-06 12:59:19','2016-09-06 12:59:19',10),(30,NULL,'Delegation 5',NULL,NULL,NULL,NULL,NULL,NULL,NULL,NULL,NULL,NULL,1,NULL,'--- !ruby/hash:ActiveSupport::HashWithIndifferentAccess {}\n','2016-09-06 12:59:19','2016-09-06 12:59:19',23),(31,'kimberly_kirlin_7493','Megane','Feil','08230219344',1,'t45khwin85mpb9eq4i','jay@toy.info','ahpzi9rzuqmflx71ai','14735 O\'Keefe Lock','Lake Jordi','B-UG7 0PF','Bahrain',1,NULL,'--- !ruby/hash:ActiveSupport::HashWithIndifferentAccess {}\n','2016-09-06 12:59:19','2016-09-06 12:59:19',NULL),(32,'janelle_8152','Giles','Goyette','09377702857',1,'omu3frkq9mr9n0u1wi','annabelle@sporer.info','5wdzbvn2rofyseypr3','81493 Lois Islands','Mckenziehaven','N-JK8 0JA','Niue',1,NULL,'--- !ruby/hash:ActiveSupport::HashWithIndifferentAccess {}\n','2016-09-06 12:59:19','2016-09-06 12:59:19',NULL),(33,'keith_kohler_4666','Garett','Reichel','01118676444',1,'5s5gve0g90r9th5ktm','pedro@koelpin.com','b3hq8vnyb6qrt7f6p9','9823 Amalia Lights','North Rodrickville','S-Z2 4BB','Singapore',1,NULL,'--- !ruby/hash:ActiveSupport::HashWithIndifferentAccess {}\n','2016-09-06 12:59:19','2016-09-06 12:59:19',NULL),(34,'genesis_4896','Destinee','Leannon','0500631813',1,'zehvv6nvlqd4v5k6vs','felicita_rogahn@boyle.com','j94vy3bw7hr678yjs3','2905 Rau Flat','Port Hunterfurt','S-WD0M 1EL','Saint Lucia',1,NULL,'--- !ruby/hash:ActiveSupport::HashWithIndifferentAccess {}\n','2016-09-06 12:59:19','2016-09-06 12:59:19',NULL),(35,'courtney_7608','Dave','Jaskolski','0800239940',1,'g49w4n86mvbyk3dbb8','brock_johns@dickens.info','zzf5qnz0b26wpqgf9o','612 Wuckert Unions','North Ward','T-KX6E 6LZ','Turkey',1,NULL,'--- !ruby/hash:ActiveSupport::HashWithIndifferentAccess {}\n','2016-09-06 12:59:19','2016-09-06 12:59:19',NULL);
/*!40000 ALTER TABLE `users` ENABLE KEYS */;
UNLOCK TABLES;

--
-- Temporary table structure for view `visit_lines`
--

DROP TABLE IF EXISTS `visit_lines`;
/*!50001 DROP VIEW IF EXISTS `visit_lines`*/;
SET @saved_cs_client     = @@character_set_client;
SET character_set_client = utf8;
/*!50001 CREATE TABLE `visit_lines` (
  `visit_id` varchar(148),
  `inventory_pool_id` int(11),
  `user_id` int(11),
  `delegated_user_id` int(11),
  `status` enum('unsubmitted','submitted','rejected','approved','signed','closed'),
  `action` varchar(9),
  `date` date,
  `quantity` int(11),
  `contract_line_id` int(11)
) ENGINE=MyISAM */;
SET character_set_client = @saved_cs_client;

--
-- Temporary table structure for view `visits`
--

DROP TABLE IF EXISTS `visits`;
/*!50001 DROP VIEW IF EXISTS `visits`*/;
SET @saved_cs_client     = @@character_set_client;
SET character_set_client = utf8;
/*!50001 CREATE TABLE `visits` (
  `id` varchar(148),
  `inventory_pool_id` int(11),
  `user_id` int(11),
  `status` enum('unsubmitted','submitted','rejected','approved','signed','closed'),
  `action` varchar(9),
  `date` date,
  `quantity` decimal(32,0)
) ENGINE=MyISAM */;
SET character_set_client = @saved_cs_client;

--
-- Table structure for table `workdays`
--

DROP TABLE IF EXISTS `workdays`;
/*!40101 SET @saved_cs_client     = @@character_set_client */;
/*!40101 SET character_set_client = utf8 */;
CREATE TABLE `workdays` (
  `id` int(11) NOT NULL AUTO_INCREMENT,
  `inventory_pool_id` int(11) DEFAULT NULL,
  `monday` tinyint(1) DEFAULT '1',
  `tuesday` tinyint(1) DEFAULT '1',
  `wednesday` tinyint(1) DEFAULT '1',
  `thursday` tinyint(1) DEFAULT '1',
  `friday` tinyint(1) DEFAULT '1',
  `saturday` tinyint(1) DEFAULT '0',
  `sunday` tinyint(1) DEFAULT '0',
  `reservation_advance_days` int(11) DEFAULT '0',
  `max_visits` text COLLATE utf8_unicode_ci,
  PRIMARY KEY (`id`),
  KEY `index_workdays_on_inventory_pool_id` (`inventory_pool_id`),
  CONSTRAINT `workdays_inventory_pool_id_fk` FOREIGN KEY (`inventory_pool_id`) REFERENCES `inventory_pools` (`id`) ON DELETE CASCADE
) ENGINE=InnoDB AUTO_INCREMENT=13 DEFAULT CHARSET=utf8 COLLATE=utf8_unicode_ci;
/*!40101 SET character_set_client = @saved_cs_client */;

--
-- Dumping data for table `workdays`
--

LOCK TABLES `workdays` WRITE;
/*!40000 ALTER TABLE `workdays` DISABLE KEYS */;
INSERT INTO `workdays` VALUES (1,1,1,1,1,1,1,0,0,0,'---\n\'1\': 10\n\'2\': 20\n\'3\': 30\n'),(2,2,1,1,1,1,1,0,0,0,'--- {}\n'),(3,3,1,1,1,1,1,0,0,0,'--- {}\n'),(4,4,1,1,1,1,1,0,0,0,'--- {}\n'),(5,5,1,1,1,1,1,0,0,0,'--- {}\n'),(6,6,1,1,1,1,1,0,0,0,'--- {}\n'),(7,7,1,1,1,1,1,0,0,0,'--- {}\n'),(8,8,1,1,1,1,1,0,0,0,'--- {}\n'),(9,9,1,1,1,1,1,0,0,0,'--- {}\n'),(10,10,1,1,1,1,1,0,0,0,'--- {}\n'),(11,11,1,1,1,1,1,0,0,0,'--- {}\n'),(12,12,1,1,1,1,1,0,0,0,'--- {}\n');
/*!40000 ALTER TABLE `workdays` ENABLE KEYS */;
UNLOCK TABLES;

--
-- Final view structure for view `partitions_with_generals`
--

/*!50001 DROP TABLE IF EXISTS `partitions_with_generals`*/;
/*!50001 DROP VIEW IF EXISTS `partitions_with_generals`*/;
/*!50001 SET @saved_cs_client          = @@character_set_client */;
/*!50001 SET @saved_cs_results         = @@character_set_results */;
/*!50001 SET @saved_col_connection     = @@collation_connection */;
/*!50001 SET character_set_client      = utf8 */;
/*!50001 SET character_set_results     = utf8 */;
/*!50001 SET collation_connection      = utf8_general_ci */;
/*!50001 CREATE ALGORITHM=UNDEFINED */
/*!50001 VIEW `partitions_with_generals` AS select `partitions`.`model_id` AS `model_id`,`partitions`.`inventory_pool_id` AS `inventory_pool_id`,`partitions`.`group_id` AS `group_id`,`partitions`.`quantity` AS `quantity` from `partitions` union select `i`.`model_id` AS `model_id`,`i`.`inventory_pool_id` AS `inventory_pool_id`,NULL AS `group_id`,(count(`i`.`id`) - ifnull((select sum(`p`.`quantity`) from `partitions` `p` where ((`p`.`model_id` = `i`.`model_id`) and (`p`.`inventory_pool_id` = `i`.`inventory_pool_id`)) group by `p`.`inventory_pool_id`,`p`.`model_id`),0)) AS `quantity` from `items` `i` where (isnull(`i`.`retired`) and (`i`.`is_borrowable` = 1) and isnull(`i`.`parent_id`)) group by `i`.`inventory_pool_id`,`i`.`model_id` */;
/*!50001 SET character_set_client      = @saved_cs_client */;
/*!50001 SET character_set_results     = @saved_cs_results */;
/*!50001 SET collation_connection      = @saved_col_connection */;

--
-- Final view structure for view `visit_lines`
--

/*!50001 DROP TABLE IF EXISTS `visit_lines`*/;
/*!50001 DROP VIEW IF EXISTS `visit_lines`*/;
/*!50001 SET @saved_cs_client          = @@character_set_client */;
/*!50001 SET @saved_cs_results         = @@character_set_results */;
/*!50001 SET @saved_col_connection     = @@collation_connection */;
/*!50001 SET character_set_client      = utf8 */;
/*!50001 SET character_set_results     = utf8 */;
/*!50001 SET collation_connection      = utf8_general_ci */;
/*!50001 CREATE ALGORITHM=UNDEFINED */
/*!50001 VIEW `visit_lines` AS select hex(concat_ws('_',if((`c`.`status` = 'approved'),`cl`.`start_date`,`cl`.`end_date`),`c`.`inventory_pool_id`,`c`.`user_id`,`c`.`status`)) AS `visit_id`,`c`.`inventory_pool_id` AS `inventory_pool_id`,`c`.`user_id` AS `user_id`,`c`.`delegated_user_id` AS `delegated_user_id`,`c`.`status` AS `status`,if((`c`.`status` = 'approved'),'hand_over','take_back') AS `action`,if((`c`.`status` = 'approved'),`cl`.`start_date`,`cl`.`end_date`) AS `date`,`cl`.`quantity` AS `quantity`,`cl`.`id` AS `contract_line_id` from (`contract_lines` `cl` join `contracts` `c` on((`cl`.`contract_id` = `c`.`id`))) where ((`c`.`status` in ('approved','signed')) and isnull(`cl`.`returned_date`)) order by if((`c`.`status` = 'approved'),`cl`.`start_date`,`cl`.`end_date`) */;
/*!50001 SET character_set_client      = @saved_cs_client */;
/*!50001 SET character_set_results     = @saved_cs_results */;
/*!50001 SET collation_connection      = @saved_col_connection */;

--
-- Final view structure for view `visits`
--

/*!50001 DROP TABLE IF EXISTS `visits`*/;
/*!50001 DROP VIEW IF EXISTS `visits`*/;
/*!50001 SET @saved_cs_client          = @@character_set_client */;
/*!50001 SET @saved_cs_results         = @@character_set_results */;
/*!50001 SET @saved_col_connection     = @@collation_connection */;
/*!50001 SET character_set_client      = utf8 */;
/*!50001 SET character_set_results     = utf8 */;
/*!50001 SET collation_connection      = utf8_general_ci */;
/*!50001 CREATE ALGORITHM=UNDEFINED */
/*!50001 VIEW `visits` AS select hex(concat_ws('_',`visit_lines`.`date`,`visit_lines`.`inventory_pool_id`,`visit_lines`.`user_id`,`visit_lines`.`status`)) AS `id`,`visit_lines`.`inventory_pool_id` AS `inventory_pool_id`,`visit_lines`.`user_id` AS `user_id`,`visit_lines`.`status` AS `status`,`visit_lines`.`action` AS `action`,`visit_lines`.`date` AS `date`,sum(`visit_lines`.`quantity`) AS `quantity` from `visit_lines` group by `visit_lines`.`user_id`,`visit_lines`.`status`,`visit_lines`.`date`,`visit_lines`.`inventory_pool_id` */;
/*!50001 SET character_set_client      = @saved_cs_client */;
/*!50001 SET character_set_results     = @saved_cs_results */;
/*!50001 SET collation_connection      = @saved_col_connection */;
/*!40103 SET TIME_ZONE=@OLD_TIME_ZONE */;

/*!40101 SET SQL_MODE=@OLD_SQL_MODE */;
/*!40014 SET FOREIGN_KEY_CHECKS=@OLD_FOREIGN_KEY_CHECKS */;
/*!40014 SET UNIQUE_CHECKS=@OLD_UNIQUE_CHECKS */;
/*!40101 SET CHARACTER_SET_CLIENT=@OLD_CHARACTER_SET_CLIENT */;
/*!40101 SET CHARACTER_SET_RESULTS=@OLD_CHARACTER_SET_RESULTS */;
/*!40101 SET COLLATION_CONNECTION=@OLD_COLLATION_CONNECTION */;
/*!40111 SET SQL_NOTES=@OLD_SQL_NOTES */;

-- Dump completed on 2015-03-05 15:53:23
