-- MySQL dump 10.13  Distrib 5.1.48, for apple-darwin10.3.0 (i386)
--
-- Host: localhost    Database: leihs2_test
-- ------------------------------------------------------
-- Server version	5.1.48

/*!40101 SET @OLD_CHARACTER_SET_CLIENT=@@CHARACTER_SET_CLIENT */;
/*!40101 SET @OLD_CHARACTER_SET_RESULTS=@@CHARACTER_SET_RESULTS */;
/*!40101 SET @OLD_COLLATION_CONNECTION=@@COLLATION_CONNECTION */;
/*!40101 SET NAMES utf8 */;
/*!40103 SET @OLD_TIME_ZONE=@@TIME_ZONE */;
/*!40103 SET TIME_ZONE='+00:00' */;
/*!40014 SET @OLD_UNIQUE_CHECKS=@@UNIQUE_CHECKS, UNIQUE_CHECKS=0 */;
/*!40014 SET @OLD_FOREIGN_KEY_CHECKS=@@FOREIGN_KEY_CHECKS, FOREIGN_KEY_CHECKS=0 */;
/*!40101 SET @OLD_SQL_MODE=@@SQL_MODE, SQL_MODE='NO_AUTO_VALUE_ON_ZERO' */;
/*!40111 SET @OLD_SQL_NOTES=@@SQL_NOTES, SQL_NOTES=0 */;

--
-- Table structure for table `access_rights`
--

DROP TABLE IF EXISTS `access_rights`;
/*!40101 SET @saved_cs_client     = @@character_set_client */;
/*!40101 SET character_set_client = utf8 */;
CREATE TABLE `access_rights` (
  `id` int(11) NOT NULL AUTO_INCREMENT,
  `user_id` int(11) DEFAULT NULL,
  `inventory_pool_id` int(11) DEFAULT NULL,
  `suspended_until` date DEFAULT NULL,
  `suspended_reason` text COLLATE utf8_unicode_ci,
  `deleted_at` date DEFAULT NULL,
  `created_at` datetime DEFAULT NULL,
  `updated_at` datetime DEFAULT NULL,
  `role` enum('customer','group_manager','lending_manager','inventory_manager','admin') COLLATE utf8_unicode_ci NOT NULL,
  PRIMARY KEY (`id`),
  KEY `index_access_rights_on_suspended_until` (`suspended_until`),
  KEY `index_access_rights_on_deleted_at` (`deleted_at`),
  KEY `index_access_rights_on_inventory_pool_id` (`inventory_pool_id`),
  KEY `index_access_rights_on_role` (`role`),
  KEY `index_on_user_id_and_inventory_pool_id_and_deleted_at` (`user_id`,`inventory_pool_id`,`deleted_at`),
  CONSTRAINT `access_rights_user_id_fk` FOREIGN KEY (`user_id`) REFERENCES `users` (`id`),
  CONSTRAINT `access_rights_inventory_pool_id_fk` FOREIGN KEY (`inventory_pool_id`) REFERENCES `inventory_pools` (`id`) ON DELETE CASCADE
) ENGINE=InnoDB AUTO_INCREMENT=46 DEFAULT CHARSET=utf8 COLLATE=utf8_unicode_ci;
/*!40101 SET character_set_client = @saved_cs_client */;

--
-- Dumping data for table `access_rights`
--

LOCK TABLES `access_rights` WRITE;
/*!40000 ALTER TABLE `access_rights` DISABLE KEYS */;
INSERT INTO `access_rights` VALUES (1,1,NULL,NULL,NULL,NULL,'2016-07-26 23:44:34','2016-07-26 23:44:34','admin'),(2,2,NULL,NULL,NULL,NULL,'2016-07-26 23:44:34','2016-07-26 23:44:34','admin'),(3,2,1,NULL,NULL,NULL,'2016-07-26 23:44:34','2016-07-26 23:44:34','customer'),(4,3,2,NULL,NULL,NULL,'2016-07-26 23:44:34','2016-07-26 23:44:34','inventory_manager'),(5,4,1,NULL,NULL,NULL,'2016-07-26 23:44:34','2016-07-26 23:44:34','inventory_manager'),(6,4,4,NULL,NULL,NULL,'2016-07-26 23:44:34','2016-07-26 23:44:34','inventory_manager'),(7,5,1,NULL,NULL,NULL,'2016-07-26 23:44:34','2016-07-26 23:44:34','lending_manager'),(8,5,2,NULL,NULL,NULL,'2016-07-26 23:44:34','2016-07-26 23:44:34','lending_manager'),(9,7,1,NULL,NULL,NULL,'2016-07-26 23:44:34','2016-07-26 23:44:34','lending_manager'),(10,7,2,NULL,NULL,NULL,'2016-07-26 23:44:34','2016-07-26 23:44:34','lending_manager'),(11,8,1,NULL,NULL,NULL,'2016-07-26 23:44:34','2016-07-26 23:44:34','customer'),(12,6,1,NULL,NULL,NULL,'2016-07-26 23:44:34','2016-07-26 23:44:34','customer'),(13,6,2,NULL,NULL,NULL,'2016-07-26 23:44:34','2016-07-26 23:44:34','customer'),(14,6,3,NULL,NULL,NULL,'2016-07-26 23:44:34','2016-07-26 23:44:34','customer'),(15,6,4,NULL,NULL,'2016-07-25','2016-07-26 23:44:34','2016-07-26 23:44:34','customer'),(16,9,1,NULL,NULL,NULL,'2016-07-26 23:44:34','2016-07-26 23:44:34','group_manager'),(17,9,2,NULL,NULL,NULL,'2016-07-26 23:44:34','2016-07-26 23:44:34','group_manager'),(18,9,3,NULL,NULL,NULL,'2016-07-26 23:44:34','2016-07-26 23:44:34','group_manager'),(19,10,1,NULL,NULL,NULL,'2016-07-26 23:44:34','2016-07-26 23:44:34','customer'),(20,11,1,NULL,NULL,NULL,'2016-07-26 23:44:34','2016-07-26 23:44:34','customer'),(21,12,1,NULL,NULL,NULL,'2016-07-26 23:44:34','2016-07-26 23:44:34','customer'),(22,13,1,NULL,NULL,NULL,'2016-07-26 23:44:34','2016-07-26 23:44:34','customer'),(23,26,1,NULL,NULL,NULL,'2016-07-26 23:44:34','2016-07-26 23:44:34','customer'),(24,27,1,NULL,NULL,NULL,'2016-07-26 23:44:34','2016-07-26 23:44:34','customer'),(25,27,2,NULL,NULL,NULL,'2016-07-26 23:44:34','2016-07-26 23:44:34','customer'),(26,29,1,NULL,NULL,NULL,'2016-07-26 23:44:34','2016-07-26 23:44:34','customer'),(27,29,5,NULL,NULL,NULL,'2016-07-26 23:44:34','2016-07-26 23:44:34','customer'),(28,29,6,NULL,NULL,NULL,'2016-07-26 23:44:34','2016-07-26 23:44:34','customer'),(29,30,1,NULL,NULL,NULL,'2016-07-26 23:44:34','2016-07-26 23:44:34','customer'),(30,23,1,NULL,NULL,NULL,'2016-07-26 23:44:34','2016-07-26 23:44:34','customer'),(31,24,1,NULL,NULL,NULL,'2016-07-26 23:44:34','2016-07-26 23:44:34','customer'),(32,14,1,NULL,NULL,NULL,'2016-07-26 23:44:34','2016-07-26 23:44:34','customer'),(33,15,1,'2016-07-27','Eligendi fugit veritatis atque officia necessitatibus reprehenderit.',NULL,'2016-07-26 23:44:34','2016-07-26 23:44:34','customer'),(34,16,1,NULL,NULL,NULL,'2016-07-26 23:44:34','2016-07-26 23:44:34','customer'),(35,17,1,NULL,NULL,NULL,'2016-07-26 23:44:34','2016-07-26 23:44:34','customer'),(36,18,1,NULL,NULL,NULL,'2016-07-26 23:44:34','2016-07-26 23:44:34','customer'),(37,19,1,NULL,NULL,NULL,'2016-07-26 23:44:34','2016-07-26 23:44:34','customer'),(38,20,1,NULL,NULL,'2016-07-27','2016-07-26 23:44:34','2016-07-26 23:44:34','customer'),(39,21,1,NULL,NULL,NULL,'2016-07-26 23:44:34','2016-07-26 23:44:34','customer'),(40,22,1,NULL,NULL,NULL,'2016-07-26 23:44:34','2016-07-26 23:44:34','customer'),(41,31,3,NULL,NULL,NULL,'2016-07-26 23:44:34','2016-07-26 23:44:34','customer'),(42,32,1,NULL,NULL,NULL,'2016-07-26 23:44:34','2016-07-26 23:44:34','lending_manager'),(43,33,1,NULL,NULL,NULL,'2016-07-26 23:44:34','2016-07-26 23:44:34','group_manager'),(44,34,7,NULL,NULL,NULL,'2016-07-26 23:44:34','2016-07-26 23:44:34','customer'),(45,35,12,NULL,NULL,NULL,'2016-07-26 23:44:34','2016-07-26 23:44:34','customer');
/*!40000 ALTER TABLE `access_rights` ENABLE KEYS */;
UNLOCK TABLES;

--
-- Table structure for table `accessories`
--

DROP TABLE IF EXISTS `accessories`;
/*!40101 SET @saved_cs_client     = @@character_set_client */;
/*!40101 SET character_set_client = utf8 */;
CREATE TABLE `accessories` (
  `id` int(11) NOT NULL AUTO_INCREMENT,
  `model_id` int(11) DEFAULT NULL,
  `name` varchar(255) COLLATE utf8_unicode_ci DEFAULT NULL,
  `quantity` int(11) DEFAULT NULL,
  PRIMARY KEY (`id`),
  KEY `index_accessories_on_model_id` (`model_id`),
  CONSTRAINT `accessories_model_id_fk` FOREIGN KEY (`model_id`) REFERENCES `models` (`id`) ON DELETE CASCADE
) ENGINE=InnoDB AUTO_INCREMENT=221 DEFAULT CHARSET=utf8 COLLATE=utf8_unicode_ci;
/*!40101 SET character_set_client = @saved_cs_client */;

--
-- Dumping data for table `accessories`
--

LOCK TABLES `accessories` WRITE;
/*!40000 ALTER TABLE `accessories` DISABLE KEYS */;
INSERT INTO `accessories` VALUES (1,1,'Shayna Hammes',NULL),(2,2,'Dixie Hegmann',NULL),(3,2,'Miss Manuel Kirlin',NULL),(4,3,'Mrs. Pete Pacocha',NULL),(5,3,'Herta Wyman',NULL),(6,3,'Ms. Salma Ratke',NULL),(7,4,'David Bernier',NULL),(8,4,'Dawn Gusikowski',NULL),(9,4,'Kiera Roberts',NULL),(10,4,'Elvera Wisoky III',NULL),(11,5,'Mrs. Edison Bayer',NULL),(12,6,'Eliezer Jacobs',NULL),(13,6,'Karine Dach PhD',NULL),(14,6,'Kristofer Padberg',NULL),(15,6,'Kali Lindgren',NULL),(16,6,'Miss Estel Roberts',NULL),(17,7,'Felton Schimmel',NULL),(18,7,'Brendan Tillman DDS',NULL),(19,8,'Itzel Mayert',NULL),(20,8,'Janiya Gulgowski',NULL),(21,8,'Sheila Sporer',NULL),(22,8,'Stefan Feeney',NULL),(23,9,'Evangeline Bashirian',NULL),(24,9,'Brady Franecki III',NULL),(25,9,'Margie Moen',NULL),(26,9,'Lacy Parisian',NULL),(27,10,'Jamison Lynch',NULL),(28,10,'Ivory Hauck',NULL),(29,11,'Ms. Terence Jones',NULL),(30,12,'Elinore Bayer',NULL),(31,12,'Garnet Funk',NULL),(32,12,'Mrs. Hal Cummerata',NULL),(33,12,'Mrs. Armando Lockman',NULL),(34,13,'Miss Easton Considine',NULL),(35,13,'Frederick Hodkiewicz MD',NULL),(36,14,'Dr. Johathan Kling',NULL),(37,14,'Kurt Dach',NULL),(38,15,'Jaylen Shanahan',NULL),(39,16,'Mrs. Naomi Schaefer',NULL),(40,16,'Jayda Wehner',NULL),(41,16,'Charles Hessel',NULL),(42,16,'Mortimer Dickens DDS',NULL),(43,16,'Damion Haag Sr.',NULL),(44,17,'Dr. Drake Bergnaum',NULL),(45,17,'Adrian Bahringer',NULL),(46,17,'Ms. Ana McLaughlin',NULL),(47,17,'Rozella Kessler',NULL),(48,18,'Tessie Nader',NULL),(49,18,'Demond Klein Sr.',NULL),(50,18,'Velva McCullough',NULL),(51,18,'Quinn Lang',NULL),(52,19,'Tod Kuhlman',NULL),(53,19,'Ms. Kale Larkin',NULL),(54,19,'Miss Karine Kilback',NULL),(55,20,'Ms. Deanna Berge',NULL),(56,20,'Martin Sanford',NULL),(57,20,'Miss Verla Rath',NULL),(58,21,'Kenny Armstrong',NULL),(59,21,'Mr. Kenyatta Stark',NULL),(60,21,'Maurice Strosin',NULL),(61,21,'Deonte Bode MD',NULL),(62,22,'Carlie Reichel',NULL),(63,23,'Isabell Walsh I',NULL),(64,23,'Minnie Stoltenberg',NULL),(65,23,'Melba Hills III',NULL),(66,23,'Shemar Kuhn',NULL),(67,24,'Madge Murphy',NULL),(68,24,'Giovanny Wehner',NULL),(69,24,'Isaiah Jakubowski',NULL),(70,24,'Cortez Lesch',NULL),(71,24,'Susie Hegmann PhD',NULL),(72,25,'Mozell Kreiger Jr.',NULL),(73,25,'Agnes Pacocha',NULL),(74,26,'Darron Cassin',NULL),(75,26,'Marilyne Lindgren',NULL),(76,27,'Damon Fritsch',NULL),(77,28,'Amber Runolfsdottir',NULL),(78,28,'Noah VonRueden DDS',NULL),(79,28,'Christina Reynolds',NULL),(80,28,'Emily Hane',NULL),(81,29,'Maribel Roob PhD',NULL),(82,30,'Eldora Abbott',NULL),(83,30,'Caleb Balistreri',NULL),(84,30,'Annamae Jerde DDS',NULL),(85,31,'Torey Schmidt',NULL),(86,31,'Ambrose Collier',NULL),(87,31,'Savanna Eichmann',NULL),(88,31,'Rosalinda Stroman',NULL),(89,32,'Dr. Kattie Fay',NULL),(90,33,'Destany Dickens',NULL),(91,33,'Heidi Franecki DDS',NULL),(92,34,'Aiden MacGyver',NULL),(93,34,'Ford Boehm',NULL),(94,34,'Kian Hettinger',NULL),(95,34,'Leonora Brakus',NULL),(96,35,'Lily Quitzon',NULL),(97,35,'Vinnie Sporer',NULL),(98,35,'Keely Mayer Jr.',NULL),(99,35,'Anika Connelly',NULL),(100,35,'Davion Brekke DVM',NULL),(101,36,'Miss Charity Padberg',NULL),(102,36,'Mr. Clint Champlin',NULL),(103,36,'Elody Sanford V',NULL),(104,36,'Jaron Ankunding DVM',NULL),(105,36,'Mireya Wisozk',NULL),(106,37,'Kariane Crist PhD',NULL),(107,38,'Dr. Eulah Hickle',NULL),(108,38,'Dr. Ephraim Leffler',NULL),(109,38,'Samanta Jones III',NULL),(110,38,'Ms. Houston Bartell',NULL),(111,38,'Joyce Ledner',NULL),(112,39,'Kris Zulauf',NULL),(113,39,'Burley Daniel',NULL),(114,39,'Benjamin Ratke',NULL),(115,39,'Mr. Kiarra Toy',NULL),(116,39,'Clyde Kautzer',NULL),(117,40,'Shaun Shields',NULL),(118,40,'Trever Emard',NULL),(119,40,'Furman Lueilwitz DVM',NULL),(120,40,'Jayne Johns Sr.',NULL),(121,41,'Orval Rippin',NULL),(122,41,'Jaida Feest MD',NULL),(123,42,'Pedro Welch',NULL),(124,42,'Trey Quigley',NULL),(125,42,'Raegan Rice',NULL),(126,42,'Mr. Layla Douglas',NULL),(127,42,'Raphaelle Rempel',NULL),(128,43,'Newton Block Jr.',NULL),(129,43,'Hayden Tromp',NULL),(130,43,'Trace Schowalter',NULL),(131,43,'Ollie Heaney',NULL),(132,44,'Jan Carroll',NULL),(133,45,'Hermina Beer',NULL),(134,45,'Virgil Funk',NULL),(135,45,'Margarette Thiel',NULL),(136,45,'Letha Marvin',NULL),(137,46,'Alyson Wilkinson',NULL),(138,46,'Jazmin Mueller',NULL),(139,46,'Daisha O\'Hara',NULL),(140,46,'Betty O\'Conner',NULL),(141,47,'Alyce Wilkinson',NULL),(142,48,'Ellie Heaney',NULL),(143,48,'Chesley Ruecker',NULL),(144,48,'Abbie Schmidt',NULL),(145,48,'Lottie Wintheiser',NULL),(146,48,'Richie Littel Sr.',NULL),(147,49,'Pansy White',NULL),(148,50,'Bertha Roob',NULL),(149,51,'Jamaal O\'Reilly',NULL),(150,51,'Margarete Kshlerin I',NULL),(151,51,'Ernestina Schmidt',NULL),(152,51,'Ramona Mohr',NULL),(153,51,'Dejuan Dare DDS',NULL),(154,52,'Loren Jacobs V',NULL),(155,52,'Aletha Rau PhD',NULL),(156,52,'Mrs. Kip Altenwerth',NULL),(157,52,'Kaci Kuphal II',NULL),(158,53,'Jamey Daugherty',NULL),(159,53,'Iva Kunde',NULL),(160,53,'Jaunita Willms',NULL),(161,54,'Chelsea Brown',NULL),(162,54,'Breana Brakus',NULL),(163,55,'Thurman Lang PhD',NULL),(164,55,'Elnora Casper II',NULL),(165,55,'Dr. Wilhelm Stokes',NULL),(166,55,'Devan Rath',NULL),(167,56,'Cynthia Rolfson',NULL),(168,57,'Madilyn Metz',NULL),(169,58,'Jessy Ortiz',NULL),(170,59,'Miss Leopold Fahey',NULL),(171,60,'Anthony Cummerata II',NULL),(172,60,'Brown Okuneva',NULL),(173,60,'Mrs. Ernestina Yost',NULL),(174,60,'Candida Mohr',NULL),(175,61,'Ms. Madaline Ortiz',NULL),(176,61,'Mariela Schuster',NULL),(177,61,'Jonas Green I',NULL),(178,62,'Lolita Ankunding',NULL),(179,62,'Ken Mayert',NULL),(180,62,'Miss Mervin VonRueden',NULL),(181,62,'Stacy Haley Jr.',NULL),(182,63,'Mrs. Vidal Mraz',NULL),(183,63,'Eugenia Sanford',NULL),(184,63,'Sandy Dach',NULL),(185,63,'Fabian Kuvalis',NULL),(186,64,'Lenore Eichmann',NULL),(187,64,'Arnulfo Rice',NULL),(188,64,'Alivia Stracke',NULL),(189,64,'Salvatore Cummerata',NULL),(190,64,'Deborah Leuschke',NULL),(191,65,'Gabe Miller',NULL),(192,65,'Maynard Ankunding',NULL),(193,65,'Miss Cletus Beatty',NULL),(194,66,'Zachery Ryan',NULL),(195,66,'Myah Mills',NULL),(196,66,'Orlo Lesch',NULL),(197,66,'Ibrahim Dach',NULL),(198,67,'Mr. Vincenzo Windler',NULL),(199,67,'Sigrid Hudson',NULL),(200,67,'Elmo Kuvalis',NULL),(201,68,'Ms. Marjory Stehr',NULL),(202,68,'Waldo Bosco',NULL),(203,68,'Mrs. Mertie Mann',NULL),(204,68,'Dr. Cheyanne Wisoky',NULL),(205,68,'Eldora Wisozk',NULL),(206,69,'Alda Durgan',NULL),(207,69,'Lawrence Cartwright',NULL),(208,69,'Magdalen Ernser II',NULL),(209,70,'Nyasia Bradtke',NULL),(210,71,'Earl Johnson',NULL),(211,71,'Gavin West',NULL),(212,71,'Drake Haley',NULL),(213,71,'Ignatius Turcotte',NULL),(214,71,'Kristopher Gulgowski',NULL),(215,72,'Miss Kristina Greenholt',NULL),(216,72,'Federico Stroman',NULL),(217,72,'Greyson Runolfsson',NULL),(218,72,'Ava Watsica',NULL),(219,72,'Rey Hills',NULL),(220,73,'Jillian Cormier MD',NULL);
/*!40000 ALTER TABLE `accessories` ENABLE KEYS */;
UNLOCK TABLES;

--
-- Table structure for table `accessories_inventory_pools`
--

DROP TABLE IF EXISTS `accessories_inventory_pools`;
/*!40101 SET @saved_cs_client     = @@character_set_client */;
/*!40101 SET character_set_client = utf8 */;
CREATE TABLE `accessories_inventory_pools` (
  `accessory_id` int(11) DEFAULT NULL,
  `inventory_pool_id` int(11) DEFAULT NULL,
  UNIQUE KEY `index_accessories_inventory_pools` (`accessory_id`,`inventory_pool_id`),
  KEY `index_accessories_inventory_pools_on_inventory_pool_id` (`inventory_pool_id`),
  CONSTRAINT `accessories_inventory_pools_inventory_pool_id_fk` FOREIGN KEY (`inventory_pool_id`) REFERENCES `inventory_pools` (`id`),
  CONSTRAINT `accessories_inventory_pools_accessory_id_fk` FOREIGN KEY (`accessory_id`) REFERENCES `accessories` (`id`)
) ENGINE=InnoDB DEFAULT CHARSET=utf8 COLLATE=utf8_unicode_ci;
/*!40101 SET character_set_client = @saved_cs_client */;

--
-- Dumping data for table `accessories_inventory_pools`
--

LOCK TABLES `accessories_inventory_pools` WRITE;
/*!40000 ALTER TABLE `accessories_inventory_pools` DISABLE KEYS */;
INSERT INTO `accessories_inventory_pools` VALUES (1,1),(4,1),(5,1),(6,1),(14,1),(19,1),(21,1),(24,1),(25,1),(29,1),(34,1),(36,1),(39,1),(40,1),(41,1),(42,1),(43,1),(44,1),(45,1),(46,1),(47,1),(52,1),(53,1),(55,1),(61,1),(62,1),(64,1),(67,1),(68,1),(72,1),(73,1),(74,1),(76,1),(77,1),(80,1),(82,1),(83,1),(84,1),(85,1),(86,1),(89,1),(90,1),(93,1),(97,1),(98,1),(101,1),(103,1),(104,1),(105,1),(108,1),(110,1),(111,1),(114,1),(116,1),(117,1),(118,1),(120,1),(122,1),(126,1),(128,1),(129,1),(131,1),(138,1),(141,1),(144,1),(145,1),(146,1),(148,1),(149,1),(150,1),(151,1),(152,1),(155,1),(156,1),(157,1),(158,1),(160,1),(162,1),(163,1),(164,1),(166,1),(169,1),(174,1),(177,1),(179,1),(180,1),(182,1),(184,1),(185,1),(189,1),(191,1),(192,1),(194,1),(196,1),(198,1),(199,1),(200,1),(203,1),(206,1),(215,1),(219,1);
/*!40000 ALTER TABLE `accessories_inventory_pools` ENABLE KEYS */;
UNLOCK TABLES;

--
-- Table structure for table `addresses`
--

DROP TABLE IF EXISTS `addresses`;
/*!40101 SET @saved_cs_client     = @@character_set_client */;
/*!40101 SET character_set_client = utf8 */;
CREATE TABLE `addresses` (
  `id` int(11) NOT NULL AUTO_INCREMENT,
  `street` varchar(255) COLLATE utf8_unicode_ci DEFAULT NULL,
  `zip_code` varchar(255) COLLATE utf8_unicode_ci DEFAULT NULL,
  `city` varchar(255) COLLATE utf8_unicode_ci DEFAULT NULL,
  `country_code` varchar(255) COLLATE utf8_unicode_ci DEFAULT NULL,
  `latitude` float DEFAULT NULL,
  `longitude` float DEFAULT NULL,
  PRIMARY KEY (`id`),
  UNIQUE KEY `index_addresses_on_street_and_zip_code_and_city_and_country_code` (`street`,`zip_code`,`city`,`country_code`)
) ENGINE=InnoDB DEFAULT CHARSET=utf8 COLLATE=utf8_unicode_ci;
/*!40101 SET character_set_client = @saved_cs_client */;

--
-- Dumping data for table `addresses`
--

LOCK TABLES `addresses` WRITE;
/*!40000 ALTER TABLE `addresses` DISABLE KEYS */;
/*!40000 ALTER TABLE `addresses` ENABLE KEYS */;
UNLOCK TABLES;

--
-- Table structure for table `attachments`
--

DROP TABLE IF EXISTS `attachments`;
/*!40101 SET @saved_cs_client     = @@character_set_client */;
/*!40101 SET character_set_client = utf8 */;
CREATE TABLE `attachments` (
  `id` int(11) NOT NULL AUTO_INCREMENT,
  `model_id` int(11) DEFAULT NULL,
  `is_main` tinyint(1) DEFAULT '0',
  `content_type` varchar(255) COLLATE utf8_unicode_ci DEFAULT NULL,
  `filename` varchar(255) COLLATE utf8_unicode_ci DEFAULT NULL,
  `size` int(11) DEFAULT NULL,
  PRIMARY KEY (`id`),
  KEY `index_attachments_on_model_id` (`model_id`),
  CONSTRAINT `attachments_model_id_fk` FOREIGN KEY (`model_id`) REFERENCES `models` (`id`) ON DELETE CASCADE
) ENGINE=InnoDB AUTO_INCREMENT=9 DEFAULT CHARSET=utf8 COLLATE=utf8_unicode_ci;
/*!40101 SET character_set_client = @saved_cs_client */;

--
-- Dumping data for table `attachments`
--

LOCK TABLES `attachments` WRITE;
/*!40000 ALTER TABLE `attachments` DISABLE KEYS */;
INSERT INTO `attachments` VALUES (1,16,0,'image/jpeg','qui',NULL),(2,17,0,'image/jpeg','iure',NULL),(3,74,0,'image/jpeg','error',NULL),(4,74,0,'image/jpeg','amet',NULL),(5,74,0,'image/jpeg','dolorem',NULL),(6,75,0,'image/jpeg','doloremque',NULL),(7,75,0,'image/jpeg','ratione',NULL),(8,75,0,'image/jpeg','officiis',NULL);
/*!40000 ALTER TABLE `attachments` ENABLE KEYS */;
UNLOCK TABLES;

--
-- Table structure for table `authentication_systems`
--

DROP TABLE IF EXISTS `authentication_systems`;
/*!40101 SET @saved_cs_client     = @@character_set_client */;
/*!40101 SET character_set_client = utf8 */;
CREATE TABLE `authentication_systems` (
  `id` int(11) NOT NULL AUTO_INCREMENT,
  `name` varchar(255) COLLATE utf8_unicode_ci DEFAULT NULL,
  `class_name` varchar(255) COLLATE utf8_unicode_ci DEFAULT NULL,
  `is_default` tinyint(1) DEFAULT '0',
  `is_active` tinyint(1) DEFAULT '0',
  PRIMARY KEY (`id`)
) ENGINE=InnoDB AUTO_INCREMENT=4 DEFAULT CHARSET=utf8 COLLATE=utf8_unicode_ci;
/*!40101 SET character_set_client = @saved_cs_client */;

--
-- Dumping data for table `authentication_systems`
--

LOCK TABLES `authentication_systems` WRITE;
/*!40000 ALTER TABLE `authentication_systems` DISABLE KEYS */;
INSERT INTO `authentication_systems` VALUES (1,'Database Authentication','DatabaseAuthentication',1,1),(2,'LDAP Authentication','LdapAuthentication',0,0),(3,'ZHDK Authentication','Zhdk',0,0);
/*!40000 ALTER TABLE `authentication_systems` ENABLE KEYS */;
UNLOCK TABLES;

--
-- Table structure for table `buildings`
--

DROP TABLE IF EXISTS `buildings`;
/*!40101 SET @saved_cs_client     = @@character_set_client */;
/*!40101 SET character_set_client = utf8 */;
CREATE TABLE `buildings` (
  `id` int(11) NOT NULL AUTO_INCREMENT,
  `name` varchar(255) COLLATE utf8_unicode_ci DEFAULT NULL,
  `code` varchar(255) COLLATE utf8_unicode_ci DEFAULT NULL,
  PRIMARY KEY (`id`)
) ENGINE=InnoDB AUTO_INCREMENT=202 DEFAULT CHARSET=utf8 COLLATE=utf8_unicode_ci;
/*!40101 SET character_set_client = @saved_cs_client */;

--
-- Dumping data for table `buildings`
--

LOCK TABLES `buildings` WRITE;
/*!40000 ALTER TABLE `buildings` DISABLE KEYS */;
INSERT INTO `buildings` VALUES (1,'Ausstellungsstrasse 60','AU60'),(2,'Oditmagnamvoluptas','qui'),(3,'Doloresutvoluptatem','vit'),(4,'Modirepudiandaequasi','exe'),(5,'Autnonnulla','vol'),(6,'Eaaperiamquidem','ets'),(7,'Facilisaliquidut','vol'),(8,'Fugiatdolorcorrupti','qui'),(9,'Nostruminnulla','imp'),(10,'Etestsuscipit','qua'),(11,'Quasdoloroptio','vol'),(12,'Molestiaeeligendieius','del'),(13,'Liberonondoloremque','vol'),(14,'Laborevoluptatemplaceat','off'),(15,'Debitispariaturquasi','aut'),(16,'Officiavoluptatemveniam','ver'),(17,'Quonullaconsequatur','exe'),(18,'Velsitvoluptatem','nos'),(19,'Liberoipsameos','vol'),(20,'Vitaenecessitatibusvero','eli'),(21,'Nihilblanditiisratione','par'),(22,'Utnonaliquid','tot'),(23,'Estsolutaofficia','fac'),(24,'Deseruntvoluptatemid','qua'),(25,'Sequinecessitatibusut','utm'),(26,'Explicabodolorqui','ess'),(27,'Etutoccaecati','nos'),(28,'Etfacereculpa','iur'),(29,'Nemoaspernaturiure','omn'),(30,'Nisiplaceatcupiditate','qua'),(31,'Nesciuntaliquidvoluptatem','vel'),(32,'Harumveritatisblanditiis','com'),(33,'Nobisutexercitationem','sin'),(34,'Mollitiaeumalias','sit'),(35,'Perferendisquaeratofficia','qua'),(36,'Voluptasnullaomnis','mag'),(37,'Quocumet','dis'),(38,'Perferendisdoloreet','non'),(39,'Eaquiquas','dol'),(40,'Doloresincidunterror','etc'),(41,'Optioeaerror','pos'),(42,'Vitaeanimiarchitecto','ull'),(43,'Dolorumrepudiandaetempore','ali'),(44,'Voluptatibusadest','aut'),(45,'Voluptatemlaudantiumalias','qui'),(46,'Corruptiundeet','ill'),(47,'Nihilnonsoluta','rec'),(48,'Utsedquia','vol'),(49,'Estprovidentvoluptatem','ist'),(50,'Quasiminimaet','vol'),(51,'Hicsaepeut','ass'),(52,'Minimadoloraperiam','cor'),(53,'Etexpeditaeius','ass'),(54,'Undevoluptasrerum','atv'),(55,'Quistemporibuslaborum','etv'),(56,'Quinullalaborum','aba'),(57,'Totamnatusut','seq'),(58,'Utquisquaerat','omn'),(59,'Voluptasveritatisaccusantium','qua'),(60,'Aperiameumquibusdam','qui'),(61,'Temporenisicumque','dol'),(62,'Nequereprehenderitrecusandae','ali'),(63,'Inciduntrepudiandaevoluptas','tem'),(64,'Voluptatesreiciendisexercitationem','bea'),(65,'Utdolortemporibus','ame'),(66,'Mollitiaoditid','aut'),(67,'Minuslaudantiumest','dol'),(68,'Teneturdoloresveniam','asp'),(69,'Nisietvoluptatem','exp'),(70,'Veroaddolorum','tem'),(71,'Nisiquieligendi','ete'),(72,'Nullatemporibusnon','con'),(73,'Temporibusutodit','vol'),(74,'Esseetillum','vol'),(75,'Faciliseligendiatque','tot'),(76,'Eumodiodeserunt','ali'),(77,'Atquequasinon','omn'),(78,'Nostrummaioresnecessitatibus','deb'),(79,'Rerumerrorfugit','est'),(80,'Idveritatisenim','idn'),(81,'Voluptasnamnemo','tem'),(82,'Evenietquiadolorem','ass'),(83,'Utrerumsimilique','pla'),(84,'Omnisitaqueveniam','sol'),(85,'Utdignissimosnumquam','ips'),(86,'Eaconsecteturdolores','eiu'),(87,'Vitaevoluptasat','sae'),(88,'Eaaliasdolores','qui'),(89,'Voluptassitducimus','aut'),(90,'Iureestratione','qua'),(91,'Sedinciduntpossimus','qui'),(92,'Molestiaeipsaad','dol'),(93,'Doloresitaqueblanditiis','dig'),(94,'Dolorcupiditatesunt','exe'),(95,'Sitiuredelectus','uta'),(96,'Quoporroharum','qui'),(97,'Doloresconsequaturfuga','aut'),(98,'Quiaplaceatiste','asp'),(99,'Quiaaccusamusexplicabo','min'),(100,'Sintautoptio','nih'),(101,'Possimuslaboriosamquia','bea'),(102,'Estquiautem','arc'),(103,'Veniamimpedita','odi'),(104,'Velitfugitqui','nem'),(105,'Delectusconsecteturautem','occ'),(106,'Quibusdamerroreos','dol'),(107,'Eligendiquisquamharum','eni'),(108,'Etvoluptasut','fug'),(109,'Exercitationemmolestiaedolor','cul'),(110,'Corporisaccusantiumperspiciatis','ips'),(111,'Cumquevoluptatemenim','nem'),(112,'Utdoloremsoluta','sap'),(113,'Temporeeasuscipit','vol'),(114,'Voluptatemomnissunt','inp'),(115,'Sitillumautem','off'),(116,'Sintillodignissimos','vol'),(117,'Atducimussit','omn'),(118,'Earumrerumnobis','vol'),(119,'Rationedoloremquetenetur','tem'),(120,'Voluptateseumiure','ill'),(121,'Aquimodi','odi'),(122,'Eumquoea','est'),(123,'Ametnullaaliquam','duc'),(124,'Laudantiumestpraesentium','vol'),(125,'Eiusremexcepturi','nem'),(126,'Quidictaid','aet'),(127,'Voluptatempraesentiumquibusdam','dic'),(128,'Adipiscimaioresfugit','min'),(129,'Quosquobeatae','rec'),(130,'Errorvoluptatemvoluptas','etc'),(131,'Expeditafacilisrerum','tem'),(132,'Quiaconsequaturmollitia','rep'),(133,'Afugaexcepturi','ame'),(134,'Dictamolestiaea','sit'),(135,'Magnamperspiciatisquisquam','rec'),(136,'Nonomnisvoluptas','sap'),(137,'Rerumiustonostrum','cum'),(138,'Totamcommodimolestias','exf'),(139,'Incidunteumcommodi','iur'),(140,'Odiodolorenumquam','ips'),(141,'Delectussequivoluptates','atc'),(142,'Liberodelectusquidem','sin'),(143,'Sedenimnumquam','vol'),(144,'Etvelid','eni'),(145,'Quamnisiet','quo'),(146,'Istenostrumexplicabo','omn'),(147,'Animiquisaut','ali'),(148,'Assumendanonsunt','hic'),(149,'Voluptasrerumofficiis','arc'),(150,'Eiusquiminus','eti'),(151,'Doloresvoluptatemratione','fug'),(152,'Praesentiumhicquae','vol'),(153,'Consecteturquisnon','aut'),(154,'Dolordebitisassumenda','vol'),(155,'Estutfacilis','qui'),(156,'Ullammolestiaeut','atr'),(157,'Autmagnamut','ips'),(158,'Sedearummagni','vol'),(159,'Voluptatumaddolorum','mol'),(160,'Beataequieveniet','dol'),(161,'Doloremqueprovidentratione','sim'),(162,'Etquiaut','rat'),(163,'Aliquidaperiamet','exs'),(164,'Rerumutipsa','err'),(165,'Utexplicaboconsectetur','und'),(166,'Porroquinon','eum'),(167,'Doloremautconsequatur','abs'),(168,'Perferendissolutaullam','vit'),(169,'Laudantiumdebitismolestiae','nis'),(170,'Quisquamnamminus','con'),(171,'Iustoquireiciendis','nob'),(172,'Itaquequidemautem','sim'),(173,'Dolorealiquamenim','mol'),(174,'Mollitiaaperiampossimus','non'),(175,'Voluptatematqueimpedit','qui'),(176,'Sequiquodlaboriosam','lib'),(177,'Doloribusliberosed','imp'),(178,'Inanimiofficiis','occ'),(179,'Minimaametcommodi','rep'),(180,'Sitrecusandaererum','fug'),(181,'Fugavoluptasquia','arc'),(182,'Etprovidentet','rat'),(183,'Asperioresvoluptatemmagnam','dol'),(184,'Rationequiomnis','qui'),(185,'Voluptatevelquis','vol'),(186,'Velitducimusexplicabo','etn'),(187,'Etutdoloribus','num'),(188,'Suntestut','odi'),(189,'Illoadipiscidignissimos','del'),(190,'Sitfacereut','ear'),(191,'Eumminimavoluptatum','adi'),(192,'Voluptatibusautfacere','eiu'),(193,'Natuscorporisomnis','fug'),(194,'Eumdelenitidolores','ita'),(195,'Doloremquerepellendusreiciendis','vel'),(196,'Voluptatibusdoloresaliquam','cup'),(197,'Istesuscipitqui','quo'),(198,'Quiofficianisi','abr'),(199,'Quovoluptatenon','inc'),(200,'Quibusdamconsequaturtemporibus','ete'),(201,'Quosquiaex','nec');
/*!40000 ALTER TABLE `buildings` ENABLE KEYS */;
UNLOCK TABLES;

--
-- Table structure for table `contract_lines`
--

DROP TABLE IF EXISTS `contract_lines`;
/*!40101 SET @saved_cs_client     = @@character_set_client */;
/*!40101 SET character_set_client = utf8 */;
CREATE TABLE `contract_lines` (
  `id` int(11) NOT NULL AUTO_INCREMENT,
  `contract_id` int(11) DEFAULT NULL,
  `type` varchar(255) COLLATE utf8_unicode_ci NOT NULL DEFAULT 'ItemLine',
  `item_id` int(11) DEFAULT NULL,
  `model_id` int(11) DEFAULT NULL,
  `quantity` int(11) DEFAULT '1',
  `start_date` date DEFAULT NULL,
  `end_date` date DEFAULT NULL,
  `returned_date` date DEFAULT NULL,
  `option_id` int(11) DEFAULT NULL,
  `purpose_id` int(11) DEFAULT NULL,
  `returned_to_user_id` int(11) DEFAULT NULL,
  `created_at` datetime DEFAULT NULL,
  `updated_at` datetime DEFAULT NULL,
  PRIMARY KEY (`id`),
  KEY `index_contract_lines_on_start_date` (`start_date`),
  KEY `index_contract_lines_on_end_date` (`end_date`),
  KEY `index_contract_lines_on_option_id` (`option_id`),
  KEY `index_contract_lines_on_contract_id` (`contract_id`),
  KEY `index_contract_lines_on_item_id` (`item_id`),
  KEY `index_contract_lines_on_model_id` (`model_id`),
  KEY `index_contract_lines_on_returned_date_and_contract_id` (`returned_date`,`contract_id`),
  KEY `index_contract_lines_on_type_and_contract_id` (`type`,`contract_id`),
  KEY `contract_lines_purpose_id_fk` (`purpose_id`),
  KEY `contract_lines_returned_to_user_id_fk` (`returned_to_user_id`),
  CONSTRAINT `contract_lines_returned_to_user_id_fk` FOREIGN KEY (`returned_to_user_id`) REFERENCES `users` (`id`),
  CONSTRAINT `contract_lines_contract_id_fk` FOREIGN KEY (`contract_id`) REFERENCES `contracts` (`id`) ON DELETE CASCADE,
  CONSTRAINT `contract_lines_item_id_fk` FOREIGN KEY (`item_id`) REFERENCES `items` (`id`),
  CONSTRAINT `contract_lines_model_id_fk` FOREIGN KEY (`model_id`) REFERENCES `models` (`id`),
  CONSTRAINT `contract_lines_option_id_fk` FOREIGN KEY (`option_id`) REFERENCES `options` (`id`),
  CONSTRAINT `contract_lines_purpose_id_fk` FOREIGN KEY (`purpose_id`) REFERENCES `purposes` (`id`)
) ENGINE=InnoDB AUTO_INCREMENT=198 DEFAULT CHARSET=utf8 COLLATE=utf8_unicode_ci;
/*!40101 SET character_set_client = @saved_cs_client */;

--
-- Dumping data for table `contract_lines`
--

LOCK TABLES `contract_lines` WRITE;
/*!40000 ALTER TABLE `contract_lines` DISABLE KEYS */;
INSERT INTO `contract_lines` VALUES (1,1,'ItemLine',NULL,113,1,'2016-07-27','2016-07-27',NULL,NULL,NULL,NULL,'2016-07-26 23:44:34','2016-07-26 23:44:34'),(2,1,'ItemLine',NULL,117,1,'2016-07-27','2016-07-27',NULL,NULL,NULL,NULL,'2016-07-26 23:44:34','2016-07-26 23:44:34'),(3,1,'ItemLine',NULL,121,1,'2016-07-27','2016-07-27',NULL,NULL,NULL,NULL,'2016-07-26 23:44:34','2016-07-26 23:44:34'),(4,1,'ItemLine',NULL,125,1,'2016-07-27','2016-07-27',NULL,NULL,NULL,NULL,'2016-07-26 23:44:34','2016-07-26 23:44:34'),(5,1,'ItemLine',NULL,129,1,'2016-07-27','2016-07-27',NULL,NULL,NULL,NULL,'2016-07-26 23:44:34','2016-07-26 23:44:34'),(6,1,'ItemLine',NULL,133,1,'2016-07-27','2016-07-27',NULL,NULL,NULL,NULL,'2016-07-26 23:44:34','2016-07-26 23:44:34'),(7,2,'ItemLine',NULL,4,1,'2016-07-27','2016-07-27',NULL,NULL,NULL,NULL,'2016-07-26 23:44:34','2016-07-26 23:44:34'),(8,2,'ItemLine',NULL,137,1,'2016-07-27','2016-07-27',NULL,NULL,NULL,NULL,'2016-07-26 23:44:34','2016-07-26 23:44:34'),(9,2,'ItemLine',NULL,141,1,'2016-07-27','2016-07-27',NULL,NULL,NULL,NULL,'2016-07-26 23:44:34','2016-07-26 23:44:34'),(10,2,'ItemLine',NULL,145,1,'2016-07-27','2016-07-27',NULL,NULL,NULL,NULL,'2016-07-26 23:44:34','2016-07-26 23:44:34'),(11,2,'ItemLine',NULL,149,1,'2016-07-27','2016-07-27',NULL,NULL,NULL,NULL,'2016-07-26 23:44:34','2016-07-26 23:44:34'),(12,2,'ItemLine',NULL,153,1,'2016-07-27','2016-07-27',NULL,NULL,NULL,NULL,'2016-07-26 23:44:34','2016-07-26 23:44:34'),(13,3,'ItemLine',NULL,8,1,'2016-08-03','2016-08-06',NULL,NULL,1,NULL,'2016-07-26 23:44:34','2016-07-26 23:44:34'),(14,3,'ItemLine',NULL,8,1,'2016-08-03','2016-08-06',NULL,NULL,1,NULL,'2016-07-26 23:44:34','2016-07-26 23:44:34'),(15,3,'ItemLine',NULL,8,1,'2016-08-03','2016-08-06',NULL,NULL,1,NULL,'2016-07-26 23:44:34','2016-07-26 23:44:34'),(16,3,'ItemLine',NULL,8,1,'2016-08-03','2016-08-06',NULL,NULL,1,NULL,'2016-07-26 23:44:34','2016-07-26 23:44:34'),(17,3,'ItemLine',NULL,8,1,'2016-08-03','2016-08-06',NULL,NULL,1,NULL,'2016-07-26 23:44:34','2016-07-26 23:44:34'),(18,3,'ItemLine',NULL,9,1,'2016-08-03','2016-08-06',NULL,NULL,2,NULL,'2016-07-26 23:44:34','2016-07-26 23:44:34'),(19,3,'ItemLine',NULL,9,1,'2016-08-03','2016-08-06',NULL,NULL,2,NULL,'2016-07-26 23:44:34','2016-07-26 23:44:34'),(20,3,'ItemLine',NULL,9,1,'2016-08-03','2016-08-06',NULL,NULL,2,NULL,'2016-07-26 23:44:34','2016-07-26 23:44:34'),(21,3,'ItemLine',NULL,9,1,'2016-08-03','2016-08-06',NULL,NULL,2,NULL,'2016-07-26 23:44:34','2016-07-26 23:44:34'),(22,4,'ItemLine',NULL,22,1,'2016-07-27','2016-07-28',NULL,NULL,3,NULL,'2016-07-26 23:44:34','2016-07-26 23:44:34'),(23,5,'ItemLine',NULL,62,1,'2016-07-27','2016-07-27',NULL,NULL,4,NULL,'2016-07-26 23:44:34','2016-07-26 23:44:34'),(24,5,'ItemLine',NULL,54,1,'2016-07-27','2016-07-27',NULL,NULL,4,NULL,'2016-07-26 23:44:34','2016-07-26 23:44:34'),(25,5,'ItemLine',NULL,65,1,'2016-07-27','2016-07-27',NULL,NULL,4,NULL,'2016-07-26 23:44:34','2016-07-26 23:44:34'),(26,5,'ItemLine',NULL,5,1,'2016-07-27','2016-07-27',NULL,NULL,4,NULL,'2016-07-26 23:44:34','2016-07-26 23:44:34'),(27,6,'ItemLine',NULL,85,1,'2016-07-27','2016-07-27',NULL,NULL,5,NULL,'2016-07-26 23:44:34','2016-07-26 23:44:34'),(28,6,'ItemLine',NULL,1,1,'2016-07-27','2016-07-27',NULL,NULL,5,NULL,'2016-07-26 23:44:34','2016-07-26 23:44:34'),(29,6,'ItemLine',NULL,4,1,'2016-07-27','2016-07-27',NULL,NULL,5,NULL,'2016-07-26 23:44:34','2016-07-26 23:44:34'),(30,6,'ItemLine',NULL,2,1,'2016-07-27','2016-07-27',NULL,NULL,5,NULL,'2016-07-26 23:44:34','2016-07-26 23:44:34'),(31,6,'ItemLine',NULL,90,1,'2016-07-27','2016-07-27',NULL,NULL,5,NULL,'2016-07-26 23:44:34','2016-07-26 23:44:34'),(32,7,'ItemLine',NULL,157,1,'2016-07-27','2016-07-27',NULL,NULL,6,NULL,'2016-07-26 23:44:34','2016-07-26 23:44:34'),(33,7,'ItemLine',NULL,161,1,'2016-07-27','2016-07-27',NULL,NULL,6,NULL,'2016-07-26 23:44:34','2016-07-26 23:44:34'),(34,7,'ItemLine',NULL,165,1,'2016-07-27','2016-07-27',NULL,NULL,6,NULL,'2016-07-26 23:44:34','2016-07-26 23:44:34'),(35,7,'ItemLine',NULL,169,1,'2016-07-27','2016-07-27',NULL,NULL,6,NULL,'2016-07-26 23:44:34','2016-07-26 23:44:34'),(36,8,'ItemLine',NULL,173,1,'2016-07-27','2016-07-27',NULL,NULL,7,NULL,'2016-07-26 23:44:34','2016-07-26 23:44:34'),(37,8,'ItemLine',NULL,177,1,'2016-07-27','2016-07-27',NULL,NULL,7,NULL,'2016-07-26 23:44:34','2016-07-26 23:44:34'),(38,8,'ItemLine',NULL,181,1,'2016-07-27','2016-07-27',NULL,NULL,7,NULL,'2016-07-26 23:44:34','2016-07-26 23:44:34'),(39,8,'ItemLine',NULL,185,1,'2016-07-27','2016-07-27',NULL,NULL,7,NULL,'2016-07-26 23:44:34','2016-07-26 23:44:34'),(40,8,'ItemLine',NULL,189,1,'2016-07-27','2016-07-27',NULL,NULL,7,NULL,'2016-07-26 23:44:34','2016-07-26 23:44:34'),(41,9,'ItemLine',NULL,193,1,'2016-07-25','2016-07-25',NULL,NULL,8,NULL,'2016-07-24 23:44:34','2016-07-24 23:44:34'),(42,9,'ItemLine',NULL,194,1,'2016-07-25','2016-07-25',NULL,NULL,8,NULL,'2016-07-24 23:44:34','2016-07-24 23:44:34'),(43,9,'ItemLine',NULL,195,1,'2016-07-25','2016-07-25',NULL,NULL,8,NULL,'2016-07-24 23:44:34','2016-07-24 23:44:34'),(44,9,'ItemLine',NULL,196,1,'2016-07-25','2016-07-25',NULL,NULL,8,NULL,'2016-07-24 23:44:34','2016-07-24 23:44:34'),(45,9,'ItemLine',NULL,197,1,'2016-07-25','2016-07-25',NULL,NULL,8,NULL,'2016-07-24 23:44:34','2016-07-24 23:44:34'),(46,9,'ItemLine',NULL,19,1,'2016-07-25','2016-07-25',NULL,NULL,9,NULL,'2016-07-24 23:44:34','2016-07-24 23:44:34'),(47,10,'ItemLine',NULL,198,1,'2016-07-27','2016-07-27',NULL,NULL,10,NULL,'2016-07-26 23:44:34','2016-07-26 23:44:34'),(48,10,'ItemLine',NULL,199,1,'2016-07-27','2016-07-27',NULL,NULL,10,NULL,'2016-07-26 23:44:34','2016-07-26 23:44:34'),(49,10,'ItemLine',NULL,200,1,'2016-07-27','2016-07-27',NULL,NULL,10,NULL,'2016-07-26 23:44:34','2016-07-26 23:44:34'),(50,10,'ItemLine',NULL,201,1,'2016-07-27','2016-07-27',NULL,NULL,10,NULL,'2016-07-26 23:44:34','2016-07-26 23:44:34'),(51,10,'ItemLine',NULL,21,1,'2016-07-27','2016-07-27',NULL,NULL,11,NULL,'2016-07-26 23:44:34','2016-07-26 23:44:34'),(52,11,'ItemLine',NULL,202,1,'2016-07-27','2016-07-27',NULL,NULL,12,NULL,'2016-07-26 23:44:34','2016-07-26 23:44:34'),(53,11,'ItemLine',NULL,203,1,'2016-07-27','2016-07-27',NULL,NULL,12,NULL,'2016-07-26 23:44:34','2016-07-26 23:44:34'),(54,11,'ItemLine',NULL,204,1,'2016-07-27','2016-07-27',NULL,NULL,12,NULL,'2016-07-26 23:44:34','2016-07-26 23:44:34'),(55,11,'ItemLine',NULL,205,1,'2016-07-27','2016-07-27',NULL,NULL,12,NULL,'2016-07-26 23:44:34','2016-07-26 23:44:34'),(56,12,'ItemLine',NULL,206,1,'2016-07-27','2016-07-27',NULL,NULL,13,NULL,'2016-07-26 23:44:34','2016-07-26 23:44:34'),(57,12,'ItemLine',NULL,207,1,'2016-07-27','2016-07-27',NULL,NULL,13,NULL,'2016-07-26 23:44:34','2016-07-26 23:44:34'),(58,12,'ItemLine',NULL,208,1,'2016-07-27','2016-07-27',NULL,NULL,13,NULL,'2016-07-26 23:44:34','2016-07-26 23:44:34'),(59,12,'ItemLine',NULL,209,1,'2016-07-27','2016-07-27',NULL,NULL,13,NULL,'2016-07-26 23:44:34','2016-07-26 23:44:34'),(60,12,'ItemLine',NULL,210,1,'2016-07-27','2016-07-27',NULL,NULL,13,NULL,'2016-07-26 23:44:34','2016-07-26 23:44:34'),(61,13,'ItemLine',NULL,211,1,'2016-07-27','2016-07-27',NULL,NULL,14,NULL,'2016-07-26 23:44:34','2016-07-26 23:44:34'),(62,13,'ItemLine',NULL,212,1,'2016-07-27','2016-07-27',NULL,NULL,14,NULL,'2016-07-26 23:44:34','2016-07-26 23:44:34'),(63,13,'ItemLine',NULL,213,1,'2016-07-27','2016-07-27',NULL,NULL,14,NULL,'2016-07-26 23:44:34','2016-07-26 23:44:34'),(64,13,'ItemLine',NULL,214,1,'2016-07-27','2016-07-27',NULL,NULL,14,NULL,'2016-07-26 23:44:34','2016-07-26 23:44:34'),(65,13,'ItemLine',NULL,215,1,'2016-07-27','2016-07-27',NULL,NULL,14,NULL,'2016-07-26 23:44:34','2016-07-26 23:44:34'),(66,14,'ItemLine',NULL,216,1,'2016-07-26','2016-07-26',NULL,NULL,15,NULL,'2016-07-25 23:44:34','2016-07-25 23:44:34'),(67,14,'ItemLine',NULL,217,1,'2016-07-26','2016-07-26',NULL,NULL,15,NULL,'2016-07-25 23:44:34','2016-07-25 23:44:34'),(68,14,'ItemLine',NULL,218,1,'2016-07-26','2016-07-26',NULL,NULL,15,NULL,'2016-07-25 23:44:34','2016-07-25 23:44:34'),(69,14,'ItemLine',NULL,219,1,'2016-07-26','2016-07-26',NULL,NULL,15,NULL,'2016-07-25 23:44:34','2016-07-25 23:44:34'),(70,14,'ItemLine',NULL,20,1,'2016-07-26','2016-07-26',NULL,NULL,16,NULL,'2016-07-25 23:44:34','2016-07-25 23:44:34'),(71,14,'ItemLine',NULL,20,1,'2016-07-26','2016-07-26',NULL,NULL,16,NULL,'2016-07-25 23:44:34','2016-07-25 23:44:34'),(72,15,'ItemLine',NULL,220,1,'2016-07-26','2016-07-26',NULL,NULL,17,NULL,'2016-07-25 23:44:34','2016-07-25 23:44:34'),(73,15,'ItemLine',NULL,221,1,'2016-07-26','2016-07-26',NULL,NULL,17,NULL,'2016-07-25 23:44:34','2016-07-25 23:44:34'),(74,15,'ItemLine',NULL,222,1,'2016-07-26','2016-07-26',NULL,NULL,17,NULL,'2016-07-25 23:44:34','2016-07-25 23:44:34'),(75,15,'ItemLine',NULL,223,1,'2016-07-26','2016-07-26',NULL,NULL,17,NULL,'2016-07-25 23:44:34','2016-07-25 23:44:34'),(76,16,'ItemLine',NULL,8,1,'2016-08-03','2016-08-06',NULL,NULL,18,NULL,'2016-07-26 23:44:34','2016-07-26 23:44:34'),(77,16,'ItemLine',NULL,9,1,'2016-08-03','2016-08-06',NULL,NULL,19,NULL,'2016-07-26 23:44:34','2016-07-26 23:44:34'),(78,16,'ItemLine',NULL,9,1,'2016-08-04','2016-08-07',NULL,NULL,20,NULL,'2016-07-26 23:44:34','2016-07-26 23:44:34'),(79,17,'ItemLine',NULL,6,1,'2016-07-27','2016-07-28',NULL,NULL,21,NULL,'2016-07-26 23:44:34','2016-07-26 23:44:34'),(80,18,'ItemLine',NULL,224,1,'2016-07-27','2016-07-27',NULL,NULL,22,NULL,'2016-07-26 23:44:34','2016-07-26 23:44:34'),(81,18,'ItemLine',NULL,228,1,'2016-07-27','2016-07-27',NULL,NULL,22,NULL,'2016-07-26 23:44:34','2016-07-26 23:44:34'),(82,18,'ItemLine',NULL,232,1,'2016-07-27','2016-07-27',NULL,NULL,22,NULL,'2016-07-26 23:44:34','2016-07-26 23:44:34'),(83,18,'ItemLine',NULL,236,1,'2016-07-27','2016-07-27',NULL,NULL,22,NULL,'2016-07-26 23:44:34','2016-07-26 23:44:34'),(84,19,'ItemLine',241,240,1,'2016-07-27','2016-07-27',NULL,NULL,23,NULL,'2016-07-26 23:44:34','2016-07-26 23:44:34'),(85,19,'ItemLine',242,241,1,'2016-07-27','2016-07-27',NULL,NULL,23,NULL,'2016-07-26 23:44:34','2016-07-26 23:44:34'),(86,19,'ItemLine',243,242,1,'2016-07-27','2016-07-27',NULL,NULL,23,NULL,'2016-07-26 23:44:34','2016-07-26 23:44:34'),(87,19,'ItemLine',244,243,1,'2016-07-27','2016-07-27',NULL,NULL,23,NULL,'2016-07-26 23:44:34','2016-07-26 23:44:34'),(88,19,'ItemLine',245,244,1,'2016-07-27','2016-07-27',NULL,NULL,23,NULL,'2016-07-26 23:44:34','2016-07-26 23:44:34'),(89,19,'ItemLine',246,245,1,'2016-07-27','2016-07-27',NULL,NULL,23,NULL,'2016-07-26 23:44:34','2016-07-26 23:44:34'),(90,19,'ItemLine',247,246,1,'2016-07-27','2016-07-27',NULL,NULL,23,NULL,'2016-07-26 23:44:34','2016-07-26 23:44:34'),(91,19,'ItemLine',248,247,1,'2016-07-27','2016-07-27',NULL,NULL,23,NULL,'2016-07-26 23:44:34','2016-07-26 23:44:34'),(92,19,'ItemLine',249,248,1,'2016-07-27','2016-07-27',NULL,NULL,23,NULL,'2016-07-26 23:44:34','2016-07-26 23:44:34'),(93,19,'ItemLine',250,249,1,'2016-07-27','2016-07-27',NULL,NULL,23,NULL,'2016-07-26 23:44:34','2016-07-26 23:44:34'),(94,19,'ItemLine',251,250,1,'2016-07-27','2016-07-27',NULL,NULL,23,NULL,'2016-07-26 23:44:34','2016-07-26 23:44:34'),(95,19,'ItemLine',252,251,1,'2016-07-27','2016-07-27',NULL,NULL,23,NULL,'2016-07-26 23:44:34','2016-07-26 23:44:34'),(96,19,'ItemLine',253,252,1,'2016-07-27','2016-07-27',NULL,NULL,23,NULL,'2016-07-26 23:44:34','2016-07-26 23:44:34'),(97,19,'ItemLine',254,253,1,'2016-07-27','2016-07-27',NULL,NULL,23,NULL,'2016-07-26 23:44:34','2016-07-26 23:44:34'),(98,19,'ItemLine',255,254,1,'2016-07-27','2016-07-27',NULL,NULL,23,NULL,'2016-07-26 23:44:34','2016-07-26 23:44:34'),(99,19,'ItemLine',256,255,1,'2016-07-27','2016-07-27',NULL,NULL,23,NULL,'2016-07-26 23:44:34','2016-07-26 23:44:34'),(100,19,'ItemLine',257,256,1,'2016-07-27','2016-07-27',NULL,NULL,23,NULL,'2016-07-26 23:44:34','2016-07-26 23:44:34'),(101,19,'ItemLine',258,257,1,'2016-07-27','2016-07-27',NULL,NULL,23,NULL,'2016-07-26 23:44:34','2016-07-26 23:44:34'),(102,19,'ItemLine',259,258,1,'2016-07-27','2016-07-27',NULL,NULL,23,NULL,'2016-07-26 23:44:34','2016-07-26 23:44:34'),(103,19,'ItemLine',260,259,1,'2016-07-27','2016-07-27',NULL,NULL,23,NULL,'2016-07-26 23:44:34','2016-07-26 23:44:34'),(104,19,'ItemLine',261,260,1,'2016-07-27','2016-07-27',NULL,NULL,23,NULL,'2016-07-26 23:44:34','2016-07-26 23:44:34'),(105,19,'ItemLine',262,261,1,'2016-07-27','2016-07-27',NULL,NULL,23,NULL,'2016-07-26 23:44:34','2016-07-26 23:44:34'),(106,19,'ItemLine',263,262,1,'2016-07-27','2016-07-27',NULL,NULL,23,NULL,'2016-07-26 23:44:34','2016-07-26 23:44:34'),(107,19,'ItemLine',264,263,1,'2016-07-27','2016-07-27',NULL,NULL,23,NULL,'2016-07-26 23:44:34','2016-07-26 23:44:34'),(108,19,'ItemLine',265,264,1,'2016-07-27','2016-07-27',NULL,NULL,23,NULL,'2016-07-26 23:44:34','2016-07-26 23:44:34'),(109,19,'ItemLine',266,265,1,'2016-07-27','2016-07-27',NULL,NULL,23,NULL,'2016-07-26 23:44:34','2016-07-26 23:44:34'),(110,19,'ItemLine',267,266,1,'2016-07-27','2016-07-27',NULL,NULL,23,NULL,'2016-07-26 23:44:34','2016-07-26 23:44:34'),(111,19,'ItemLine',268,267,1,'2016-07-27','2016-07-27',NULL,NULL,23,NULL,'2016-07-26 23:44:34','2016-07-26 23:44:34'),(112,19,'ItemLine',269,268,1,'2016-07-27','2016-07-27',NULL,NULL,23,NULL,'2016-07-26 23:44:34','2016-07-26 23:44:34'),(113,19,'ItemLine',270,269,1,'2016-07-27','2016-07-27',NULL,NULL,23,NULL,'2016-07-26 23:44:34','2016-07-26 23:44:34'),(114,19,'ItemLine',271,270,1,'2016-07-27','2016-07-27',NULL,NULL,23,NULL,'2016-07-26 23:44:34','2016-07-26 23:44:34'),(115,19,'ItemLine',NULL,271,1,'2016-07-27','2016-07-27',NULL,NULL,24,NULL,'2016-07-26 23:44:34','2016-07-26 23:44:34'),(116,20,'ItemLine',NULL,272,1,'2016-07-25','2016-07-25',NULL,NULL,25,NULL,'2016-07-24 23:44:34','2016-07-24 23:44:34'),(117,20,'ItemLine',NULL,273,1,'2016-07-25','2016-07-25',NULL,NULL,25,NULL,'2016-07-24 23:44:34','2016-07-24 23:44:34'),(118,20,'ItemLine',NULL,274,1,'2016-07-25','2016-07-25',NULL,NULL,25,NULL,'2016-07-24 23:44:34','2016-07-24 23:44:34'),(119,20,'ItemLine',NULL,275,1,'2016-07-25','2016-07-25',NULL,NULL,25,NULL,'2016-07-24 23:44:34','2016-07-24 23:44:34'),(120,20,'ItemLine',NULL,19,1,'2016-07-25','2016-07-25',NULL,NULL,26,NULL,'2016-07-24 23:44:34','2016-07-24 23:44:34'),(121,21,'ItemLine',88,19,1,'2016-04-27','2016-04-27','2016-04-27',NULL,27,NULL,'2016-04-26 23:44:34','2016-04-26 23:44:34'),(122,22,'ItemLine',277,276,1,'2016-07-27','2016-07-27',NULL,NULL,28,NULL,'2016-07-26 23:44:34','2016-07-26 23:44:34'),(123,22,'OptionLine',NULL,NULL,2,'2016-07-27','2016-07-27',NULL,5,29,NULL,'2016-07-26 23:44:34','2016-07-26 23:44:34'),(124,23,'OptionLine',NULL,NULL,2,'2016-07-27','2016-07-27',NULL,4,30,NULL,'2016-07-26 23:44:34','2016-07-26 23:44:34'),(125,23,'OptionLine',NULL,NULL,1,'2016-07-27','2016-08-27',NULL,4,31,NULL,'2016-07-26 23:44:34','2016-07-26 23:44:34'),(126,24,'ItemLine',278,277,1,'2016-07-27','2016-07-27',NULL,NULL,32,NULL,'2016-07-26 23:44:34','2016-07-26 23:44:34'),(127,25,'ItemLine',NULL,278,1,'2016-07-22','2016-07-26',NULL,NULL,33,NULL,'2016-07-21 23:44:34','2016-07-21 23:44:34'),(128,25,'OptionLine',NULL,NULL,1,'2016-07-22','2016-07-26',NULL,6,34,NULL,'2016-07-21 23:44:34','2016-07-21 23:44:34'),(129,26,'ItemLine',86,4,1,'2016-07-27','2016-07-27','2016-07-27',NULL,35,NULL,'2016-07-26 23:44:34','2016-07-26 23:44:34'),(130,27,'ItemLine',87,4,1,'2016-07-27','2016-07-27','2016-07-27',NULL,36,NULL,'2016-07-26 23:44:34','2016-07-26 23:44:34'),(131,28,'ItemLine',280,279,1,'2016-07-27','2016-07-27','2016-07-27',NULL,37,NULL,'2016-07-26 23:44:34','2016-07-26 23:44:34'),(132,29,'ItemLine',126,103,1,'2016-07-27','2016-07-27','2016-07-27',NULL,38,NULL,'2016-07-26 23:44:34','2016-07-26 23:44:34'),(133,30,'ItemLine',NULL,9,1,'2016-07-27','2016-07-27',NULL,NULL,39,NULL,'2016-07-26 23:44:34','2016-07-26 23:44:34'),(134,31,'ItemLine',NULL,9,1,'2016-07-27','2016-07-27',NULL,NULL,40,NULL,'2016-07-26 23:44:34','2016-07-26 23:44:34'),(135,31,'ItemLine',NULL,2,1,'2016-07-27','2016-07-27',NULL,NULL,41,NULL,'2016-07-26 23:44:34','2016-07-26 23:44:34'),(136,32,'ItemLine',NULL,9,1,'2016-08-03','2016-08-04',NULL,NULL,42,NULL,'2016-07-26 23:44:34','2016-07-26 23:44:34'),(137,33,'ItemLine',NULL,2,1,'2016-07-27','2016-07-27',NULL,NULL,43,NULL,'2016-07-26 23:44:34','2016-07-26 23:44:34'),(138,33,'ItemLine',NULL,2,1,'2016-07-27','2016-07-27',NULL,NULL,43,NULL,'2016-07-26 23:44:34','2016-07-26 23:44:34'),(139,33,'ItemLine',NULL,2,1,'2016-07-27','2016-07-27',NULL,NULL,43,NULL,'2016-07-26 23:44:34','2016-07-26 23:44:34'),(140,34,'ItemLine',NULL,8,1,'2016-07-27','2016-07-27',NULL,NULL,44,NULL,'2016-07-26 23:44:34','2016-07-26 23:44:34'),(141,34,'ItemLine',NULL,8,1,'2016-07-27','2016-07-27',NULL,NULL,44,NULL,'2016-07-26 23:44:34','2016-07-26 23:44:34'),(142,34,'ItemLine',NULL,8,1,'2016-07-27','2016-07-27',NULL,NULL,44,NULL,'2016-07-26 23:44:34','2016-07-26 23:44:34'),(143,34,'ItemLine',NULL,9,1,'2016-07-27','2016-07-27',NULL,NULL,45,NULL,'2016-07-26 23:44:34','2016-07-26 23:44:34'),(144,34,'ItemLine',NULL,9,1,'2016-07-27','2016-07-27',NULL,NULL,45,NULL,'2016-07-26 23:44:34','2016-07-26 23:44:34'),(145,34,'ItemLine',NULL,9,1,'2016-07-27','2016-07-27',NULL,NULL,45,NULL,'2016-07-26 23:44:34','2016-07-26 23:44:34'),(146,34,'OptionLine',NULL,NULL,5,'2016-07-27','2016-07-27',NULL,1,46,NULL,'2016-07-26 23:44:34','2016-07-26 23:44:34'),(147,35,'ItemLine',NULL,280,1,'2016-07-27','2016-07-27',NULL,NULL,47,NULL,'2016-07-26 23:44:34','2016-07-26 23:44:34'),(148,36,'ItemLine',282,281,1,'2016-07-27','2016-07-27',NULL,NULL,48,NULL,'2016-07-26 23:44:34','2016-07-26 23:44:34'),(149,37,'ItemLine',60,8,1,'2016-07-27','2016-07-27',NULL,NULL,49,NULL,'2016-07-26 23:44:34','2016-07-26 23:44:34'),(150,38,'ItemLine',93,23,1,'2016-07-22','2016-07-26',NULL,NULL,50,NULL,'2016-07-21 23:44:34','2016-07-21 23:44:34'),(151,38,'OptionLine',NULL,NULL,1,'2016-07-22','2016-07-22',NULL,7,51,NULL,'2016-07-21 23:44:34','2016-07-21 23:44:34'),(152,39,'ItemLine',283,282,1,'2016-07-27','2016-07-27',NULL,NULL,52,NULL,'2016-07-26 23:44:34','2016-07-26 23:44:34'),(153,40,'ItemLine',284,283,1,'2016-07-27','2016-07-27',NULL,NULL,53,NULL,'2016-07-26 23:44:34','2016-07-26 23:44:34'),(154,40,'ItemLine',285,284,1,'2016-07-27','2016-07-27','2016-07-27',NULL,54,5,'2016-07-26 23:44:34','2016-07-26 23:44:34'),(155,41,'ItemLine',108,88,1,'2016-07-27','2016-07-27',NULL,NULL,55,NULL,'2016-07-26 23:44:34','2016-07-26 23:44:34'),(156,41,'ItemLine',56,2,1,'2016-07-27','2016-07-27',NULL,NULL,56,NULL,'2016-07-26 23:44:34','2016-07-26 23:44:34'),(157,42,'ItemLine',286,285,1,'2016-07-27','2016-07-27',NULL,NULL,57,NULL,'2016-07-26 23:44:34','2016-07-26 23:44:34'),(158,43,'ItemLine',110,90,1,'2016-07-27','2016-07-27',NULL,NULL,58,NULL,'2016-07-26 23:44:34','2016-07-26 23:44:34'),(159,44,'ItemLine',NULL,2,1,'2016-07-24','2016-07-28',NULL,NULL,59,NULL,'2016-07-26 23:44:34','2016-07-26 23:44:34'),(160,44,'ItemLine',NULL,286,1,'2016-07-24','2016-07-28',NULL,NULL,60,NULL,'2016-07-26 23:44:34','2016-07-26 23:44:34'),(161,45,'ItemLine',NULL,22,1,'2016-07-27','2016-07-27',NULL,NULL,61,NULL,'2016-07-26 23:44:34','2016-07-26 23:44:34'),(162,45,'ItemLine',NULL,22,1,'2016-07-27','2016-07-27',NULL,NULL,61,NULL,'2016-07-26 23:44:34','2016-07-26 23:44:34'),(163,46,'ItemLine',53,2,1,'2016-07-27','2016-07-27',NULL,NULL,62,NULL,'2016-07-26 23:44:34','2016-07-26 23:44:34'),(164,46,'OptionLine',NULL,NULL,1,'2016-07-27','2016-07-27',NULL,1,63,NULL,'2016-07-26 23:44:34','2016-07-26 23:44:34'),(165,47,'ItemLine',NULL,8,1,'2016-09-02','2016-09-10',NULL,NULL,64,NULL,'2016-07-26 23:44:34','2016-07-26 23:44:34'),(166,48,'ItemLine',NULL,8,1,'2016-09-17','2016-09-20',NULL,NULL,65,NULL,'2016-07-26 23:44:34','2016-07-26 23:44:34'),(167,48,'ItemLine',NULL,8,1,'2016-09-17','2016-09-20',NULL,NULL,65,NULL,'2016-07-26 23:44:34','2016-07-26 23:44:34'),(168,48,'ItemLine',NULL,8,1,'2016-09-17','2016-09-20',NULL,NULL,65,NULL,'2016-07-26 23:44:34','2016-07-26 23:44:34'),(169,48,'ItemLine',NULL,8,1,'2016-09-17','2016-09-20',NULL,NULL,65,NULL,'2016-07-26 23:44:34','2016-07-26 23:44:34'),(170,48,'ItemLine',NULL,8,1,'2016-09-17','2016-09-20',NULL,NULL,65,NULL,'2016-07-26 23:44:34','2016-07-26 23:44:34'),(171,48,'ItemLine',NULL,8,1,'2016-09-17','2016-09-20',NULL,NULL,65,NULL,'2016-07-26 23:44:34','2016-07-26 23:44:34'),(172,49,'ItemLine',NULL,287,1,'2016-07-27','2016-07-27',NULL,NULL,66,NULL,'2016-07-26 23:44:34','2016-07-26 23:44:34'),(173,49,'ItemLine',NULL,288,1,'2016-07-27','2016-07-27',NULL,NULL,66,NULL,'2016-07-26 23:44:34','2016-07-26 23:44:34'),(174,49,'ItemLine',NULL,289,1,'2016-07-27','2016-07-27',NULL,NULL,66,NULL,'2016-07-26 23:44:34','2016-07-26 23:44:34'),(175,49,'ItemLine',NULL,290,1,'2016-07-27','2016-07-27',NULL,NULL,66,NULL,'2016-07-26 23:44:34','2016-07-26 23:44:34'),(176,49,'ItemLine',NULL,291,1,'2016-07-27','2016-07-27',NULL,NULL,66,NULL,'2016-07-26 23:44:34','2016-07-26 23:44:34'),(177,50,'ItemLine',NULL,292,1,'2016-07-27','2016-07-27',NULL,NULL,67,NULL,'2016-07-26 23:44:34','2016-07-26 23:44:34'),(178,50,'ItemLine',NULL,293,1,'2016-07-27','2016-07-27',NULL,NULL,67,NULL,'2016-07-26 23:44:34','2016-07-26 23:44:34'),(179,50,'ItemLine',NULL,294,1,'2016-07-27','2016-07-27',NULL,NULL,67,NULL,'2016-07-26 23:44:34','2016-07-26 23:44:34'),(180,50,'ItemLine',NULL,295,1,'2016-07-27','2016-07-27',NULL,NULL,67,NULL,'2016-07-26 23:44:34','2016-07-26 23:44:34'),(181,50,'ItemLine',NULL,296,1,'2016-07-27','2016-07-27',NULL,NULL,67,NULL,'2016-07-26 23:44:34','2016-07-26 23:44:34'),(182,51,'ItemLine',298,297,1,'2016-07-27','2016-07-27',NULL,NULL,68,NULL,'2016-07-26 23:44:34','2016-07-26 23:44:34'),(183,51,'ItemLine',299,298,1,'2016-07-27','2016-07-27',NULL,NULL,68,NULL,'2016-07-26 23:44:34','2016-07-26 23:44:34'),(184,51,'ItemLine',300,299,1,'2016-07-27','2016-07-27',NULL,NULL,68,NULL,'2016-07-26 23:44:34','2016-07-26 23:44:34'),(185,52,'ItemLine',301,300,1,'2016-07-27','2016-07-27',NULL,NULL,69,NULL,'2016-07-26 23:44:34','2016-07-26 23:44:34'),(186,52,'ItemLine',302,301,1,'2016-07-27','2016-07-27',NULL,NULL,69,NULL,'2016-07-26 23:44:34','2016-07-26 23:44:34'),(187,52,'ItemLine',303,302,1,'2016-07-27','2016-07-27',NULL,NULL,69,NULL,'2016-07-26 23:44:34','2016-07-26 23:44:34'),(188,53,'ItemLine',304,303,1,'2016-07-22','2016-07-22',NULL,NULL,70,NULL,'2016-07-21 23:44:34','2016-07-21 23:44:34'),(189,53,'ItemLine',305,304,1,'2016-07-22','2016-07-22',NULL,NULL,70,NULL,'2016-07-21 23:44:34','2016-07-21 23:44:34'),(190,53,'ItemLine',306,305,1,'2016-07-22','2016-07-22',NULL,NULL,70,NULL,'2016-07-21 23:44:34','2016-07-21 23:44:34'),(191,53,'ItemLine',307,306,1,'2016-07-22','2016-07-22',NULL,NULL,70,NULL,'2016-07-21 23:44:34','2016-07-21 23:44:34'),(192,54,'ItemLine',NULL,307,1,'2016-07-21','2016-07-21',NULL,NULL,71,NULL,'2016-07-20 23:44:34','2016-07-20 23:44:34'),(193,54,'ItemLine',NULL,308,1,'2016-07-21','2016-07-21',NULL,NULL,71,NULL,'2016-07-20 23:44:34','2016-07-20 23:44:34'),(194,54,'ItemLine',NULL,309,1,'2016-07-21','2016-07-21',NULL,NULL,71,NULL,'2016-07-20 23:44:34','2016-07-20 23:44:34'),(195,54,'ItemLine',NULL,310,1,'2016-07-21','2016-07-21',NULL,NULL,71,NULL,'2016-07-20 23:44:34','2016-07-20 23:44:34'),(196,54,'ItemLine',NULL,311,1,'2016-07-21','2016-07-21',NULL,NULL,71,NULL,'2016-07-20 23:44:34','2016-07-20 23:44:34'),(197,54,'ItemLine',NULL,19,1,'2016-07-21','2016-07-21',NULL,NULL,72,NULL,'2016-07-20 23:44:34','2016-07-20 23:44:34');
/*!40000 ALTER TABLE `contract_lines` ENABLE KEYS */;
UNLOCK TABLES;

--
-- Table structure for table `contracts`
--

DROP TABLE IF EXISTS `contracts`;
/*!40101 SET @saved_cs_client     = @@character_set_client */;
/*!40101 SET character_set_client = utf8 */;
CREATE TABLE `contracts` (
  `id` int(11) NOT NULL AUTO_INCREMENT,
  `user_id` int(11) DEFAULT NULL,
  `delegated_user_id` int(11) DEFAULT NULL,
  `inventory_pool_id` int(11) DEFAULT NULL,
  `note` text COLLATE utf8_unicode_ci,
  `handed_over_by_user_id` int(11) DEFAULT NULL,
  `created_at` datetime DEFAULT NULL,
  `updated_at` datetime DEFAULT NULL,
  `status` enum('unsubmitted','submitted','rejected','approved','signed','closed') COLLATE utf8_unicode_ci NOT NULL,
  PRIMARY KEY (`id`),
  KEY `index_contracts_on_inventory_pool_id` (`inventory_pool_id`),
  KEY `index_contracts_on_status` (`status`),
  KEY `index_contracts_on_user_id` (`user_id`),
  KEY `contracts_delegated_user_id_fk` (`delegated_user_id`),
  KEY `contracts_handed_over_by_user_id_fk` (`handed_over_by_user_id`),
  CONSTRAINT `contracts_handed_over_by_user_id_fk` FOREIGN KEY (`handed_over_by_user_id`) REFERENCES `users` (`id`),
  CONSTRAINT `contracts_delegated_user_id_fk` FOREIGN KEY (`delegated_user_id`) REFERENCES `users` (`id`),
  CONSTRAINT `contracts_inventory_pool_id_fk` FOREIGN KEY (`inventory_pool_id`) REFERENCES `inventory_pools` (`id`),
  CONSTRAINT `contracts_user_id_fk` FOREIGN KEY (`user_id`) REFERENCES `users` (`id`)
) ENGINE=InnoDB AUTO_INCREMENT=55 DEFAULT CHARSET=utf8 COLLATE=utf8_unicode_ci;
/*!40101 SET character_set_client = @saved_cs_client */;

--
-- Dumping data for table `contracts`
--

LOCK TABLES `contracts` WRITE;
/*!40000 ALTER TABLE `contracts` DISABLE KEYS */;
INSERT INTO `contracts` VALUES (1,34,NULL,7,NULL,NULL,'2016-07-26 23:44:34','2016-07-26 23:44:34','unsubmitted'),(2,6,NULL,3,NULL,NULL,'2016-07-26 23:44:34','2016-07-26 23:44:34','unsubmitted'),(3,6,NULL,1,NULL,NULL,'2016-07-26 23:44:34','2016-07-26 23:44:34','submitted'),(4,19,NULL,1,NULL,NULL,'2016-07-26 23:44:34','2016-07-26 23:44:34','submitted'),(5,6,NULL,1,NULL,NULL,'2016-07-26 23:44:34','2016-07-26 23:44:34','submitted'),(6,6,NULL,2,NULL,NULL,'2016-07-26 23:44:34','2016-07-26 23:44:34','submitted'),(7,6,NULL,3,NULL,NULL,'2016-07-26 23:44:34','2016-07-26 23:44:34','submitted'),(8,6,NULL,3,NULL,NULL,'2016-07-26 23:44:34','2016-07-26 23:44:34','submitted'),(9,14,NULL,1,NULL,NULL,'2016-07-24 23:44:34','2016-07-24 23:44:34','submitted'),(10,15,NULL,1,NULL,NULL,'2016-07-26 23:44:34','2016-07-26 23:44:34','submitted'),(11,16,NULL,1,NULL,NULL,'2016-07-26 23:44:34','2016-07-26 23:44:34','submitted'),(12,17,NULL,1,NULL,NULL,'2016-07-26 23:44:34','2016-07-26 23:44:34','submitted'),(13,18,NULL,1,NULL,NULL,'2016-07-26 23:44:34','2016-07-26 23:44:34','submitted'),(14,14,NULL,1,NULL,NULL,'2016-07-25 23:44:34','2016-07-25 23:44:34','submitted'),(15,14,NULL,1,NULL,NULL,'2016-07-25 23:44:34','2016-07-25 23:44:34','submitted'),(16,11,NULL,1,NULL,NULL,'2016-07-26 23:44:34','2016-07-26 23:44:34','submitted'),(17,11,NULL,1,NULL,NULL,'2016-07-26 23:44:34','2016-07-26 23:44:34','submitted'),(18,35,NULL,12,NULL,NULL,'2016-07-26 23:44:34','2016-07-26 23:44:34','approved'),(19,22,NULL,1,NULL,NULL,'2016-07-26 23:44:34','2016-07-26 23:44:34','approved'),(20,14,NULL,1,NULL,NULL,'2016-07-24 23:44:34','2016-07-24 23:44:34','approved'),(21,14,NULL,1,NULL,5,'2016-04-26 23:44:34','2016-04-26 23:44:34','closed'),(22,21,NULL,1,NULL,5,'2016-07-26 23:44:34','2016-07-26 23:44:34','signed'),(23,8,NULL,1,NULL,5,'2016-07-26 23:44:34','2016-07-26 23:44:34','signed'),(24,10,NULL,1,NULL,5,'2016-07-26 23:44:34','2016-07-26 23:44:34','signed'),(25,6,NULL,2,NULL,NULL,'2016-07-21 23:44:34','2016-07-21 23:44:34','approved'),(26,23,NULL,1,NULL,5,'2016-07-26 23:44:34','2016-07-26 23:44:34','closed'),(27,26,12,1,NULL,5,'2016-07-26 23:44:34','2016-07-26 23:44:34','closed'),(28,20,NULL,1,NULL,5,'2016-07-26 23:44:34','2016-07-26 23:44:34','closed'),(29,20,NULL,1,NULL,5,'2016-07-26 23:44:34','2016-07-26 23:44:34','closed'),(30,6,NULL,1,NULL,NULL,'2016-07-26 23:44:34','2016-07-26 23:44:34','approved'),(31,6,NULL,1,NULL,NULL,'2016-07-26 23:44:34','2016-07-26 23:44:34','approved'),(32,6,NULL,1,NULL,NULL,'2016-07-26 23:44:34','2016-07-26 23:44:34','approved'),(33,6,NULL,1,NULL,NULL,'2016-07-26 23:44:34','2016-07-26 23:44:34','approved'),(34,6,NULL,1,NULL,NULL,'2016-07-26 23:44:34','2016-07-26 23:44:34','approved'),(35,6,NULL,1,NULL,NULL,'2016-07-26 23:44:34','2016-07-26 23:44:34','approved'),(36,6,NULL,1,NULL,NULL,'2016-07-26 23:44:34','2016-07-26 23:44:34','approved'),(37,6,NULL,1,NULL,5,'2016-07-26 23:44:34','2016-07-26 23:44:34','signed'),(38,13,NULL,1,NULL,5,'2016-07-21 23:44:34','2016-07-21 23:44:34','signed'),(39,6,NULL,1,NULL,5,'2016-07-26 23:44:34','2016-07-26 23:44:34','signed'),(40,6,NULL,2,NULL,5,'2016-07-26 23:44:34','2016-07-26 23:44:34','signed'),(41,6,NULL,2,NULL,5,'2016-07-26 23:44:34','2016-07-26 23:44:34','signed'),(42,6,NULL,2,NULL,5,'2016-07-26 23:44:34','2016-07-26 23:44:34','signed'),(43,6,NULL,1,NULL,5,'2016-07-26 23:44:34','2016-07-26 23:44:34','signed'),(44,11,NULL,1,NULL,NULL,'2016-07-26 23:44:34','2016-07-26 23:44:34','approved'),(45,13,NULL,1,NULL,NULL,'2016-07-26 23:44:34','2016-07-26 23:44:34','submitted'),(46,11,NULL,1,NULL,5,'2016-07-26 23:44:34','2016-07-26 23:44:34','signed'),(47,13,NULL,1,NULL,NULL,'2016-07-26 23:44:34','2016-07-26 23:44:34','submitted'),(48,13,NULL,1,NULL,NULL,'2016-07-26 23:44:34','2016-07-26 23:44:34','submitted'),(49,26,10,1,NULL,NULL,'2016-07-26 23:44:34','2016-07-26 23:44:34','submitted'),(50,26,12,1,NULL,NULL,'2016-07-26 23:44:34','2016-07-26 23:44:34','approved'),(51,30,24,1,NULL,NULL,'2016-07-26 23:44:34','2016-07-26 23:44:34','approved'),(52,26,10,1,NULL,5,'2016-07-26 23:44:34','2016-07-26 23:44:34','signed'),(53,26,10,1,NULL,5,'2016-07-21 23:44:34','2016-07-21 23:44:34','signed'),(54,14,NULL,1,NULL,NULL,'2016-07-20 23:44:34','2016-07-20 23:44:34','rejected');
/*!40000 ALTER TABLE `contracts` ENABLE KEYS */;
UNLOCK TABLES;

--
-- Table structure for table `database_authentications`
--

DROP TABLE IF EXISTS `database_authentications`;
/*!40101 SET @saved_cs_client     = @@character_set_client */;
/*!40101 SET character_set_client = utf8 */;
CREATE TABLE `database_authentications` (
  `id` int(11) NOT NULL AUTO_INCREMENT,
  `login` varchar(255) COLLATE utf8_unicode_ci DEFAULT NULL,
  `crypted_password` varchar(40) COLLATE utf8_unicode_ci DEFAULT NULL,
  `salt` varchar(40) COLLATE utf8_unicode_ci DEFAULT NULL,
  `user_id` int(11) DEFAULT NULL,
  `created_at` datetime DEFAULT NULL,
  `updated_at` datetime DEFAULT NULL,
  PRIMARY KEY (`id`),
  KEY `database_authentications_user_id_fk` (`user_id`),
  CONSTRAINT `database_authentications_user_id_fk` FOREIGN KEY (`user_id`) REFERENCES `users` (`id`) ON DELETE CASCADE
) ENGINE=InnoDB AUTO_INCREMENT=31 DEFAULT CHARSET=utf8 COLLATE=utf8_unicode_ci;
/*!40101 SET character_set_client = @saved_cs_client */;

--
-- Dumping data for table `database_authentications`
--

LOCK TABLES `database_authentications` WRITE;
/*!40000 ALTER TABLE `database_authentications` DISABLE KEYS */;
INSERT INTO `database_authentications` VALUES (1,'gino','d6aefd9ba1acec874f33caf7edeae3721d7e457e','ce836c59e602fd6b932c6eac04fdb1d653229d11',1,'2016-07-26 23:44:34','2016-07-26 23:44:34'),(2,'ramon','4a9bb93fb2cac882601b7fa1b73098ad15cce098','fa595533aa525d348db97dcec94470ed31b0383a',2,'2016-07-26 23:44:34','2016-07-26 23:44:34'),(3,'matti','51081710838177103b6762375f7dac2f4bac00d8','d5e4c3b61f1355441ac0b1e0ff84ae24ea3892c9',3,'2016-07-26 23:44:34','2016-07-26 23:44:34'),(4,'mike','4b1ad4f204b435a652afd8500bea421fab6d0f56','c63080c6a97c79453cab6dddc31a7d87aee12202',4,'2016-07-26 23:44:34','2016-07-26 23:44:34'),(5,'pius','c1f2c8f52d0eb2c440f2b8d87ec679f272076514','911864edd8d3a5d320c46e75ddd198d6f64f91be',5,'2016-07-26 23:44:34','2016-07-26 23:44:34'),(6,'normin','e6c6a302e6d404a288666f02f25fae45d7a16834','bc248b1ad1c4441e8e6c092f292eab774fac8f9c',6,'2016-07-26 23:44:34','2016-07-26 23:44:34'),(7,'joannie','dba36023cf934bac935a6e65e2024be8c9faf26a','e4edf9808e49330265a10527e504e83de7617aef',7,'2016-07-26 23:44:34','2016-07-26 23:44:34'),(8,'peter','55a7a2cc3a4e693890816606390f06594f7f93ae','e66650eda776803269c92897ddd3e0e01e534150',8,'2016-07-26 23:44:34','2016-07-26 23:44:34'),(9,'andi','b1caafa94fc249446e3a5b9164e38b2aabd96786','adebcc612d4804e84b63bea0049499e323b17373',9,'2016-07-26 23:44:34','2016-07-26 23:44:34'),(10,'mina','6dbae576d36ae71d8ac07d5cdb58302123f793e0','1a126b3c8f3db19d053144ce45df780e0ad7a6e4',10,'2016-07-26 23:44:34','2016-07-26 23:44:34'),(11,'petra','efdd79111459e6457b781f1a43dea4c9811cef99','4e154c2fa262f3e04990156a00779663d353e1f8',11,'2016-07-26 23:44:34','2016-07-26 23:44:34'),(12,'julie','957991101ac4ce0c67f9da5a9c833412497f2356','6342bac3ef7405a37e2357e7c91a56b21f9ff741',12,'2016-07-26 23:44:34','2016-07-26 23:44:34'),(13,'lisa','0cbb317155cb6dd3128cc4f3c399ae1fa03c2d18','10bb238a3a9b87e90d2d2c9d443fb029b6cca491',13,'2016-07-26 23:44:34','2016-07-26 23:44:34'),(14,'braulio','36da5dbed0b79b1e6deab2eab21298793355cd11','cb377cba4b60f9b8466bafc223e1ebd952b1e33d',14,'2016-07-26 23:44:34','2016-07-26 23:44:34'),(15,'mae','b64724a96fad330663c7a49d052c0d11a1fa1616','66fa3b8d2ac3c37a1de296384f4b85ae2f4dd2ef',15,'2016-07-26 23:44:34','2016-07-26 23:44:34'),(16,'olaf','15aa923892688959773c9e2500d2cb68c6bef179','3fef903fad1d3fb4b20bcd7495961e2734cc3ac6',16,'2016-07-26 23:44:34','2016-07-26 23:44:34'),(17,'kip','b4e32d5eba7433e78a78e527498c217ed58fe8e0','c8fb1da5a78442fee32bc46f5a39016e357f0753',17,'2016-07-26 23:44:34','2016-07-26 23:44:34'),(18,'waino','9f9b7cf2895184991b3b7e303a1f6f464156f674','177c92986f2c744acb1199f9ba96fb9011ae095f',18,'2016-07-26 23:44:34','2016-07-26 23:44:34'),(19,'hipolito','4afd81caf1420fc4076e7361a22ffd590bcd2df6','026a5362a05113396af86ffaa153c382e4fd23ce',19,'2016-07-26 23:44:34','2016-07-26 23:44:34'),(20,'rae','2e9b5c6f56ea11e8edb6ffb5c612054b6e31f482','e79df75f636e0c6fea3db333d06ca70beb03d568',20,'2016-07-26 23:44:34','2016-07-26 23:44:34'),(21,'tyrell','6b3c47725e4df88ba01d23ab652b32af9fb5cf39','e891e74944af11025800bd6ae26999577b3c5228',21,'2016-07-26 23:44:34','2016-07-26 23:44:34'),(22,'ladarius','767952a1a6bbf8af4193f72a3698416aa213318d','9d394b758ba96e6a6509b98cdfb604494ffcde5a',22,'2016-07-26 23:44:34','2016-07-26 23:44:34'),(23,'pedro','65cee32d87c7cbd9aee49296b11842813bc2e611','7633fce5c9ac949c0088a605beab27d1dc20c3e7',23,'2016-07-26 23:44:34','2016-07-26 23:44:34'),(24,'geovany','e32e00e59475dba4cf5c9ed719af92b2ce4efdbc','a6e0183843029daccf5f8c0ed519adb58dc321dc',24,'2016-07-26 23:44:34','2016-07-26 23:44:34'),(25,'ashtyn_9175','3cb2daf75c5c4bef728b3401ce05c178c6ba3618','b4e620f61e3bdd8259ed71763668d8f15206e441',25,'2016-07-26 23:44:34','2016-07-26 23:44:34'),(26,'jordy_6104','4c17b2f28e44d903fcb9f14766202ea0fae97bb7','e391ff27d970ddd028ece74f86da8e7268421a17',31,'2016-07-26 23:44:34','2016-07-26 23:44:34'),(27,'neha_klein_7569','40dbb1b60ff170091ac109ae190e5ff4cac1030b','1b29ed7fe4a2ff8cff3ee5bc8f0e122afa974602',32,'2016-07-26 23:44:34','2016-07-26 23:44:34'),(28,'ulises_reynolds_7854','a042fbbd927a0aa137145d949ad3c54bb7cc9cd0','88a5fa50550132cfd0616cf785c1328e2235ba12',33,'2016-07-26 23:44:34','2016-07-26 23:44:34'),(29,'noble_5959','4a12d4387912e1d60ab403c3608b06ad60967b98','e5d47894086adb3d4416d3d4ac44104dbfd4109f',34,'2016-07-26 23:44:34','2016-07-26 23:44:34'),(30,'lori_2188','f784c176714f2e0d1ee41e2effa72e52bd66e775','e5efca1d8dd93f1bb0cc833f47eeb5cdc8f10972',35,'2016-07-26 23:44:34','2016-07-26 23:44:34');
/*!40000 ALTER TABLE `database_authentications` ENABLE KEYS */;
UNLOCK TABLES;

--
-- Table structure for table `delegations_users`
--

DROP TABLE IF EXISTS `delegations_users`;
/*!40101 SET @saved_cs_client     = @@character_set_client */;
/*!40101 SET character_set_client = utf8 */;
CREATE TABLE `delegations_users` (
  `delegation_id` int(11) DEFAULT NULL,
  `user_id` int(11) DEFAULT NULL,
  UNIQUE KEY `index_delegations_users_on_user_id_and_delegation_id` (`user_id`,`delegation_id`),
  KEY `index_delegations_users_on_delegation_id` (`delegation_id`),
  CONSTRAINT `delegations_users_delegation_id_fk` FOREIGN KEY (`delegation_id`) REFERENCES `users` (`id`),
  CONSTRAINT `delegations_users_user_id_fk` FOREIGN KEY (`user_id`) REFERENCES `users` (`id`)
) ENGINE=InnoDB DEFAULT CHARSET=utf8 COLLATE=utf8_unicode_ci;
/*!40101 SET character_set_client = @saved_cs_client */;

--
-- Dumping data for table `delegations_users`
--

LOCK TABLES `delegations_users` WRITE;
/*!40000 ALTER TABLE `delegations_users` DISABLE KEYS */;
INSERT INTO `delegations_users` VALUES (26,10),(27,10),(28,10),(29,10),(26,12),(27,12),(28,12),(29,12),(30,23),(30,24);
/*!40000 ALTER TABLE `delegations_users` ENABLE KEYS */;
UNLOCK TABLES;

--
-- Table structure for table `groups`
--

DROP TABLE IF EXISTS `groups`;
/*!40101 SET @saved_cs_client     = @@character_set_client */;
/*!40101 SET character_set_client = utf8 */;
CREATE TABLE `groups` (
  `id` int(11) NOT NULL AUTO_INCREMENT,
  `name` varchar(255) COLLATE utf8_unicode_ci DEFAULT NULL,
  `inventory_pool_id` int(11) DEFAULT NULL,
  `is_verification_required` tinyint(1) DEFAULT '0',
  `created_at` datetime DEFAULT NULL,
  `updated_at` datetime DEFAULT NULL,
  PRIMARY KEY (`id`),
  KEY `index_groups_on_inventory_pool_id` (`inventory_pool_id`),
  KEY `index_groups_on_is_verification_required` (`is_verification_required`),
  CONSTRAINT `groups_inventory_pool_id_fk` FOREIGN KEY (`inventory_pool_id`) REFERENCES `inventory_pools` (`id`)
) ENGINE=InnoDB AUTO_INCREMENT=11 DEFAULT CHARSET=utf8 COLLATE=utf8_unicode_ci;
/*!40101 SET character_set_client = @saved_cs_client */;

--
-- Dumping data for table `groups`
--

LOCK TABLES `groups` WRITE;
/*!40000 ALTER TABLE `groups` DISABLE KEYS */;
INSERT INTO `groups` VALUES (1,'Cast',1,0,'2016-07-26 23:44:34','2016-07-26 23:44:34'),(2,'IAD',1,0,'2016-07-26 23:44:34','2016-07-26 23:44:34'),(3,'Wu',1,0,'2016-07-26 23:44:34','2016-07-26 23:44:34'),(4,'Group Hifi',1,0,'2016-07-26 23:44:34','2016-07-26 23:44:34'),(5,'Group A',1,0,'2016-07-26 23:44:34','2016-07-26 23:44:34'),(6,'Group B',1,0,'2016-07-26 23:44:34','2016-07-26 23:44:34'),(7,'FFI',1,1,'2016-07-26 23:44:34','2016-07-26 23:44:34'),(8,'VTO',1,1,'2016-07-26 23:44:34','2016-07-26 23:44:34'),(9,'1. Semester',2,1,'2016-07-26 23:44:34','2016-07-26 23:44:34'),(10,'Group C',1,0,'2016-07-26 23:44:34','2016-07-26 23:44:34');
/*!40000 ALTER TABLE `groups` ENABLE KEYS */;
UNLOCK TABLES;

--
-- Table structure for table `groups_users`
--

DROP TABLE IF EXISTS `groups_users`;
/*!40101 SET @saved_cs_client     = @@character_set_client */;
/*!40101 SET character_set_client = utf8 */;
CREATE TABLE `groups_users` (
  `user_id` int(11) DEFAULT NULL,
  `group_id` int(11) DEFAULT NULL,
  UNIQUE KEY `index_groups_users_on_user_id_and_group_id` (`user_id`,`group_id`),
  KEY `index_groups_users_on_group_id` (`group_id`),
  CONSTRAINT `groups_users_user_id_fk` FOREIGN KEY (`user_id`) REFERENCES `users` (`id`),
  CONSTRAINT `groups_users_group_id_fk` FOREIGN KEY (`group_id`) REFERENCES `groups` (`id`)
) ENGINE=InnoDB DEFAULT CHARSET=utf8 COLLATE=utf8_unicode_ci;
/*!40101 SET character_set_client = @saved_cs_client */;

--
-- Dumping data for table `groups_users`
--

LOCK TABLES `groups_users` WRITE;
/*!40000 ALTER TABLE `groups_users` DISABLE KEYS */;
INSERT INTO `groups_users` VALUES (6,1),(13,1),(14,7),(14,8),(15,7),(16,7),(16,8),(17,7),(17,9),(18,7),(19,10);
/*!40000 ALTER TABLE `groups_users` ENABLE KEYS */;
UNLOCK TABLES;

--
-- Table structure for table `histories`
--

DROP TABLE IF EXISTS `histories`;
/*!40101 SET @saved_cs_client     = @@character_set_client */;
/*!40101 SET character_set_client = utf8 */;
CREATE TABLE `histories` (
  `id` int(11) NOT NULL AUTO_INCREMENT,
  `text` varchar(255) COLLATE utf8_unicode_ci DEFAULT '',
  `type_const` int(11) DEFAULT NULL,
  `created_at` datetime NOT NULL,
  `target_id` int(11) NOT NULL,
  `target_type` varchar(255) COLLATE utf8_unicode_ci NOT NULL,
  `user_id` int(11) DEFAULT NULL,
  PRIMARY KEY (`id`),
  KEY `index_histories_on_target_type_and_target_id` (`target_type`,`target_id`),
  KEY `index_histories_on_type_const` (`type_const`),
  KEY `index_histories_on_user_id` (`user_id`),
  CONSTRAINT `histories_user_id_fk` FOREIGN KEY (`user_id`) REFERENCES `users` (`id`)
) ENGINE=InnoDB AUTO_INCREMENT=19 DEFAULT CHARSET=utf8 COLLATE=utf8_unicode_ci;
/*!40101 SET character_set_client = @saved_cs_client */;

--
-- Dumping data for table `histories`
--

LOCK TABLES `histories` WRITE;
/*!40000 ALTER TABLE `histories` DISABLE KEYS */;
INSERT INTO `histories` VALUES (1,'Contract 21 has been signed by Braulio Heathcote',1,'2016-04-26 23:44:34',21,'Contract',5),(2,'Contract 22 has been signed by Tyrell Haag',1,'2016-07-26 23:44:34',22,'Contract',5),(3,'Contract 23 has been signed by Peter Silie',1,'2016-07-26 23:44:34',23,'Contract',5),(4,'Contract 24 has been signed by Mina Hackett',1,'2016-07-26 23:44:34',24,'Contract',5),(5,'Contract 26 has been signed by Pedro Bernhard',1,'2016-07-26 23:44:34',26,'Contract',5),(6,'Contract 27 has been signed by Delegation 1',1,'2016-07-26 23:44:34',27,'Contract',5),(7,'Contract 28 has been signed by Rae Hamill',1,'2016-07-26 23:44:34',28,'Contract',5),(8,'Contract 29 has been signed by Rae Hamill',1,'2016-07-26 23:44:34',29,'Contract',5),(9,'Contract 37 has been signed by Normin Normalo',1,'2016-07-26 23:44:34',37,'Contract',5),(10,'Contract 38 has been signed by Lisa Hackett',1,'2016-07-21 23:44:34',38,'Contract',5),(11,'Contract 39 has been signed by Normin Normalo',1,'2016-07-26 23:44:34',39,'Contract',5),(12,'Contract 40 has been signed by Normin Normalo',1,'2016-07-26 23:44:34',40,'Contract',5),(13,'Contract 41 has been signed by Normin Normalo',1,'2016-07-26 23:44:34',41,'Contract',5),(14,'Contract 42 has been signed by Normin Normalo',1,'2016-07-26 23:44:34',42,'Contract',5),(15,'Contract 43 has been signed by Normin Normalo',1,'2016-07-26 23:44:34',43,'Contract',5),(16,'Contract 46 has been signed by Petra Hudson',1,'2016-07-26 23:44:34',46,'Contract',5),(17,'Contract 52 has been signed by Delegation 1',1,'2016-07-26 23:44:34',52,'Contract',5),(18,'Contract 53 has been signed by Delegation 1',1,'2016-07-21 23:44:34',53,'Contract',5);
/*!40000 ALTER TABLE `histories` ENABLE KEYS */;
UNLOCK TABLES;

--
-- Table structure for table `holidays`
--

DROP TABLE IF EXISTS `holidays`;
/*!40101 SET @saved_cs_client     = @@character_set_client */;
/*!40101 SET character_set_client = utf8 */;
CREATE TABLE `holidays` (
  `id` int(11) NOT NULL AUTO_INCREMENT,
  `inventory_pool_id` int(11) DEFAULT NULL,
  `start_date` date DEFAULT NULL,
  `end_date` date DEFAULT NULL,
  `name` varchar(255) COLLATE utf8_unicode_ci DEFAULT NULL,
  PRIMARY KEY (`id`),
  KEY `index_holidays_on_inventory_pool_id` (`inventory_pool_id`),
  KEY `index_holidays_on_start_date_and_end_date` (`start_date`,`end_date`),
  CONSTRAINT `holidays_inventory_pool_id_fk` FOREIGN KEY (`inventory_pool_id`) REFERENCES `inventory_pools` (`id`) ON DELETE CASCADE
) ENGINE=InnoDB AUTO_INCREMENT=7 DEFAULT CHARSET=utf8 COLLATE=utf8_unicode_ci;
/*!40101 SET character_set_client = @saved_cs_client */;

--
-- Dumping data for table `holidays`
--

LOCK TABLES `holidays` WRITE;
/*!40000 ALTER TABLE `holidays` DISABLE KEYS */;
INSERT INTO `holidays` VALUES (1,1,'2016-12-24','2016-12-26','Christmas'),(2,1,'2017-12-24','2017-12-26','Christmas'),(3,2,'2016-12-24','2016-12-26','Christmas'),(4,2,'2017-12-24','2017-12-26','Christmas'),(5,3,'2016-12-24','2016-12-26','Christmas'),(6,3,'2017-12-24','2017-12-26','Christmas');
/*!40000 ALTER TABLE `holidays` ENABLE KEYS */;
UNLOCK TABLES;

--
-- Table structure for table `images`
--

DROP TABLE IF EXISTS `images`;
/*!40101 SET @saved_cs_client     = @@character_set_client */;
/*!40101 SET character_set_client = utf8 */;
CREATE TABLE `images` (
  `id` int(11) NOT NULL AUTO_INCREMENT,
  `is_main` tinyint(1) DEFAULT '0',
  `content_type` varchar(255) COLLATE utf8_unicode_ci DEFAULT NULL,
  `filename` varchar(255) COLLATE utf8_unicode_ci DEFAULT NULL,
  `size` int(11) DEFAULT NULL,
  `height` int(11) DEFAULT NULL,
  `width` int(11) DEFAULT NULL,
  `parent_id` int(11) DEFAULT NULL,
  `thumbnail` varchar(255) COLLATE utf8_unicode_ci DEFAULT NULL,
  `target_id` int(11) DEFAULT NULL,
  `target_type` varchar(255) COLLATE utf8_unicode_ci DEFAULT NULL,
  PRIMARY KEY (`id`),
  KEY `index_images_on_target_id_and_target_type` (`target_id`,`target_type`)
) ENGINE=InnoDB AUTO_INCREMENT=5 DEFAULT CHARSET=utf8 COLLATE=utf8_unicode_ci;
/*!40101 SET character_set_client = @saved_cs_client */;

--
-- Dumping data for table `images`
--

LOCK TABLES `images` WRITE;
/*!40000 ALTER TABLE `images` DISABLE KEYS */;
INSERT INTO `images` VALUES (1,0,'image/jpeg','magni',NULL,NULL,NULL,NULL,NULL,2,'ModelGroup'),(2,0,'image/jpeg','excepturi',NULL,NULL,NULL,NULL,NULL,16,'Model'),(3,0,'image/jpeg','dolorem',NULL,NULL,NULL,NULL,NULL,16,'Model'),(4,0,'image/jpeg','incidunt',NULL,NULL,NULL,NULL,NULL,17,'Model');
/*!40000 ALTER TABLE `images` ENABLE KEYS */;
UNLOCK TABLES;

--
-- Table structure for table `inventory_pools`
--

DROP TABLE IF EXISTS `inventory_pools`;
/*!40101 SET @saved_cs_client     = @@character_set_client */;
/*!40101 SET character_set_client = utf8 */;
CREATE TABLE `inventory_pools` (
  `id` int(11) NOT NULL AUTO_INCREMENT,
  `name` varchar(255) COLLATE utf8_unicode_ci DEFAULT NULL,
  `description` text COLLATE utf8_unicode_ci,
  `contact_details` varchar(255) COLLATE utf8_unicode_ci DEFAULT NULL,
  `contract_description` varchar(255) COLLATE utf8_unicode_ci DEFAULT NULL,
  `contract_url` varchar(255) COLLATE utf8_unicode_ci DEFAULT NULL,
  `logo_url` varchar(255) COLLATE utf8_unicode_ci DEFAULT NULL,
  `default_contract_note` text COLLATE utf8_unicode_ci,
  `shortname` varchar(255) COLLATE utf8_unicode_ci DEFAULT NULL,
  `email` varchar(255) COLLATE utf8_unicode_ci DEFAULT NULL,
  `color` text COLLATE utf8_unicode_ci,
  `print_contracts` tinyint(1) DEFAULT '1',
  `opening_hours` text COLLATE utf8_unicode_ci,
  `address_id` int(11) DEFAULT NULL,
  `automatic_suspension` tinyint(1) NOT NULL DEFAULT '0',
  `automatic_suspension_reason` text COLLATE utf8_unicode_ci,
  `automatic_access` tinyint(1) DEFAULT NULL,
  PRIMARY KEY (`id`),
  UNIQUE KEY `index_inventory_pools_on_name` (`name`),
  KEY `inventory_pools_address_id_fk` (`address_id`),
  CONSTRAINT `inventory_pools_address_id_fk` FOREIGN KEY (`address_id`) REFERENCES `addresses` (`id`)
) ENGINE=InnoDB AUTO_INCREMENT=13 DEFAULT CHARSET=utf8 COLLATE=utf8_unicode_ci;
/*!40101 SET character_set_client = @saved_cs_client */;

--
-- Dumping data for table `inventory_pools`
--

LOCK TABLES `inventory_pools` WRITE;
/*!40000 ALTER TABLE `inventory_pools` DISABLE KEYS */;
INSERT INTO `inventory_pools` VALUES (1,'A-Ausleihe','Wichtige Hinweise...\n\nBitte die Gegenstnde rechtzeitig zurckbringen','A Verleih  /  ZHdK\na@zh-dk.ch\n\n+41 00 00 00 00',NULL,'a@zhdk.ch',NULL,'Laborum commodi animi voluptatem voluptas soluta quaerat consequatur.','A','a@zhdk.ch',NULL,1,NULL,NULL,1,'Quasi ducimus et hic sit reprehenderit.',NULL),(2,'IT-Ausleihe','Bringt die Gerte bitte rechtzeitig zurck','IT Verleih  /  ZHdK\nit@zh-dk.ch\n\n+41 00 00 00 00',NULL,'it@zhdk.ch',NULL,'Autem repudiandae praesentium aliquam blanditiis illo in sint consectetur.','IT','it@zhdk.ch',NULL,1,NULL,NULL,1,'Deserunt sit minus maiores ut.',NULL),(3,'AV-Technik','Bringt die Gerte bitte rechtzeitig zurck','AV Verleih  /  ZHdK\nav@zh-dk.ch\n\n+41 00 00 00 00',NULL,'av@zhdk.ch',NULL,'Aut mollitia fugit dolorem fugiat dolorem.','AV','av@zhdk.ch',NULL,1,NULL,NULL,0,NULL,NULL),(4,'DT deletable',NULL,NULL,NULL,'it@zhdk.ch',NULL,'Aperiam atque sit in veniam quia.','DT','it@zhdk.ch',NULL,1,NULL,NULL,0,NULL,NULL),(5,'Fugiatetetnam','Commodi molestiae aperiam et error impedit cumque ex unde.','Iste itaque qui eveniet ex maiores voluptatibus tempore.','Fugiatetetnam','reie@brownfritsch.info',NULL,NULL,'BZ9VCZ','reie@brownfritsch.info',NULL,1,NULL,NULL,0,NULL,NULL),(6,'Quodvoluptatibusdolorummollitia','Vel et esse earum provident rerum magni est iste.','Ullam nihil velit rem reiciendis voluptas molestias veritatis.','Quodvoluptatibusdolorummollitia','philip@dooley.biz',NULL,NULL,'AQRA28','philip@dooley.biz',NULL,1,NULL,NULL,0,NULL,NULL),(7,'Fugitnemosedquis','Vel non eaque perferendis ea hic ad molestiae et.','Asperiores id et dicta non sunt harum.','Fugitnemosedquis','merritt_becker@braun.name',NULL,NULL,'8YR50S','merritt_becker@braun.name',NULL,1,NULL,NULL,0,NULL,NULL),(8,'Ipsumaliasaearum','Id illo architecto magni ad voluptatibus voluptas sunt.','Nesciunt explicabo sit non a ullam.','Ipsumaliasaearum','aunta@stracke.co.uk',NULL,NULL,'FRYU7T','aunta@stracke.co.uk',NULL,1,NULL,NULL,0,NULL,NULL),(9,'Molestiasdoloribusquaeaut','Dolore et libero hic aut et.','Eos ea aut incidunt adipisci.','Molestiasdoloribusquaeaut','kaitlin.rice@carter.com',NULL,NULL,'QT9B9V','kaitlin.rice@carter.com',NULL,1,NULL,NULL,0,NULL,NULL),(10,'Dictautexillo','Est alias cumque voluptatum at illum neque.','Tenetur aut deserunt et cumque ipsa voluptates qui temporibus.','Dictautexillo','pat@lehner.co.uk',NULL,NULL,'GYCVQL','pat@lehner.co.uk',NULL,1,NULL,NULL,0,NULL,NULL),(11,'Eaquesolutaautlibero','Voluptates consequuntur ipsam ea aut ratione sed aliquam.','Sed possimus saepe quis placeat labore debitis expedita est.','Eaquesolutaautlibero','kailey@crona.info',NULL,NULL,'0J5U1G','kailey@crona.info',NULL,1,NULL,NULL,0,NULL,NULL),(12,'Utaccusamusvoluptasnon','Nihil et est doloremque qui.','Autem sit nihil fuga unde et autem.','Utaccusamusvoluptasnon','greyson.ward@spinka.co.uk',NULL,NULL,'R90B73','greyson.ward@spinka.co.uk',NULL,1,NULL,NULL,0,NULL,NULL);
/*!40000 ALTER TABLE `inventory_pools` ENABLE KEYS */;
UNLOCK TABLES;

--
-- Table structure for table `inventory_pools_model_groups`
--

DROP TABLE IF EXISTS `inventory_pools_model_groups`;
/*!40101 SET @saved_cs_client     = @@character_set_client */;
/*!40101 SET character_set_client = utf8 */;
CREATE TABLE `inventory_pools_model_groups` (
  `inventory_pool_id` int(11) DEFAULT NULL,
  `model_group_id` int(11) DEFAULT NULL,
  KEY `index_inventory_pools_model_groups_on_inventory_pool_id` (`inventory_pool_id`),
  KEY `index_inventory_pools_model_groups_on_model_group_id` (`model_group_id`),
  CONSTRAINT `inventory_pools_model_groups_model_group_id_fk` FOREIGN KEY (`model_group_id`) REFERENCES `model_groups` (`id`),
  CONSTRAINT `inventory_pools_model_groups_inventory_pool_id_fk` FOREIGN KEY (`inventory_pool_id`) REFERENCES `inventory_pools` (`id`)
) ENGINE=InnoDB DEFAULT CHARSET=utf8 COLLATE=utf8_unicode_ci;
/*!40101 SET character_set_client = @saved_cs_client */;

--
-- Dumping data for table `inventory_pools_model_groups`
--

LOCK TABLES `inventory_pools_model_groups` WRITE;
/*!40000 ALTER TABLE `inventory_pools_model_groups` DISABLE KEYS */;
INSERT INTO `inventory_pools_model_groups` VALUES (1,12),(1,13),(1,14);
/*!40000 ALTER TABLE `inventory_pools_model_groups` ENABLE KEYS */;
UNLOCK TABLES;

--
-- Table structure for table `items`
--

DROP TABLE IF EXISTS `items`;
/*!40101 SET @saved_cs_client     = @@character_set_client */;
/*!40101 SET character_set_client = utf8 */;
CREATE TABLE `items` (
  `id` int(11) NOT NULL AUTO_INCREMENT,
  `inventory_code` varchar(255) COLLATE utf8_unicode_ci DEFAULT NULL,
  `serial_number` varchar(255) COLLATE utf8_unicode_ci DEFAULT NULL,
  `model_id` int(11) DEFAULT NULL,
  `location_id` int(11) DEFAULT NULL,
  `supplier_id` int(11) DEFAULT NULL,
  `owner_id` int(11) NOT NULL,
  `parent_id` int(11) DEFAULT NULL,
  `invoice_number` varchar(255) COLLATE utf8_unicode_ci DEFAULT NULL,
  `invoice_date` date DEFAULT NULL,
  `last_check` date DEFAULT NULL,
  `retired` date DEFAULT NULL,
  `retired_reason` varchar(255) COLLATE utf8_unicode_ci DEFAULT NULL,
  `price` decimal(8,2) DEFAULT NULL,
  `is_broken` tinyint(1) DEFAULT '0',
  `is_incomplete` tinyint(1) DEFAULT '0',
  `is_borrowable` tinyint(1) DEFAULT '0',
  `needs_permission` tinyint(1) DEFAULT '0',
  `inventory_pool_id` int(11) NOT NULL,
  `is_inventory_relevant` tinyint(1) DEFAULT '0',
  `responsible` varchar(255) COLLATE utf8_unicode_ci DEFAULT NULL,
  `insurance_number` varchar(255) COLLATE utf8_unicode_ci DEFAULT NULL,
  `note` text COLLATE utf8_unicode_ci,
  `name` text COLLATE utf8_unicode_ci,
  `user_name` varchar(255) COLLATE utf8_unicode_ci DEFAULT NULL,
  `properties` text COLLATE utf8_unicode_ci,
  `created_at` datetime DEFAULT NULL,
  `updated_at` datetime DEFAULT NULL,
  `status_note` text COLLATE utf8_unicode_ci,
  PRIMARY KEY (`id`),
  UNIQUE KEY `index_items_on_inventory_code` (`inventory_code`),
  KEY `index_items_on_inventory_pool_id` (`inventory_pool_id`),
  KEY `index_items_on_retired` (`retired`),
  KEY `index_items_on_is_borrowable` (`is_borrowable`),
  KEY `index_items_on_is_broken` (`is_broken`),
  KEY `index_items_on_is_incomplete` (`is_incomplete`),
  KEY `index_items_on_location_id` (`location_id`),
  KEY `index_items_on_owner_id` (`owner_id`),
  KEY `index_items_on_parent_id_and_retired` (`parent_id`,`retired`),
  KEY `index_items_on_model_id_and_retired_and_inventory_pool_id` (`model_id`,`retired`,`inventory_pool_id`),
  KEY `items_supplier_id_fk` (`supplier_id`),
  CONSTRAINT `items_inventory_pool_id_fk` FOREIGN KEY (`inventory_pool_id`) REFERENCES `inventory_pools` (`id`),
  CONSTRAINT `items_location_id_fk` FOREIGN KEY (`location_id`) REFERENCES `locations` (`id`),
  CONSTRAINT `items_model_id_fk` FOREIGN KEY (`model_id`) REFERENCES `models` (`id`),
  CONSTRAINT `items_owner_id_fk` FOREIGN KEY (`owner_id`) REFERENCES `inventory_pools` (`id`),
  CONSTRAINT `items_parent_id_fk` FOREIGN KEY (`parent_id`) REFERENCES `items` (`id`) ON DELETE SET NULL,
  CONSTRAINT `items_supplier_id_fk` FOREIGN KEY (`supplier_id`) REFERENCES `suppliers` (`id`)
) ENGINE=InnoDB AUTO_INCREMENT=313 DEFAULT CHARSET=utf8 COLLATE=utf8_unicode_ci;
/*!40101 SET character_set_client = @saved_cs_client */;

--
-- Dumping data for table `items`
--

LOCK TABLES `items` WRITE;
/*!40000 ALTER TABLE `items` DISABLE KEYS */;
INSERT INTO `items` VALUES (1,'4p4ndv8axt9qq9gjk1u71','28:63:ed:e3:c6:ae-c1:54:05:1f:58:1a-1a:68:0a:55:ab:63',24,NULL,1,1,NULL,NULL,'2013-12-15','2016-07-27',NULL,NULL,'1112.00',0,0,1,0,1,1,NULL,NULL,NULL,NULL,NULL,'--- !ruby/hash:ActiveSupport::HashWithIndifferentAccess\nanschaffungskategorie: AV-Technik\nreference: invoice\numzug: zgeln\nankunftszustand: intakt\n','2016-07-26 23:44:34','2016-07-26 23:44:34',NULL),(2,'mngrlssflp7u6tsg95hi2','f2:8c:6f:9f:82:18-fe:5f:5d:8b:76:8f-ec:c9:a0:4d:35:35',25,NULL,2,1,NULL,NULL,'2013-06-09','2016-07-27',NULL,NULL,'1126.00',0,0,1,0,1,1,NULL,NULL,NULL,NULL,NULL,'--- !ruby/hash:ActiveSupport::HashWithIndifferentAccess\nanschaffungskategorie: AV-Technik\nreference: invoice\numzug: zgeln\nankunftszustand: intakt\n','2016-07-26 23:44:34','2016-07-26 23:44:34',NULL),(3,'lggi8ygelrt71d1ws3223','e4:7b:2e:c9:ab:06-77:eb:d0:bd:3f:a0-3a:07:e4:35:e1:90',26,NULL,3,1,NULL,NULL,'2014-04-19','2016-07-27',NULL,NULL,'915.00',0,0,1,0,1,1,NULL,NULL,NULL,NULL,NULL,'--- !ruby/hash:ActiveSupport::HashWithIndifferentAccess\nanschaffungskategorie: AV-Technik\nreference: invoice\numzug: zgeln\nankunftszustand: intakt\n','2016-07-26 23:44:34','2016-07-26 23:44:34',NULL),(4,'l72ztrt2ajr60zg2mv5w4','d5:54:70:37:2a:35-d7:41:d7:dc:e8:31-58:57:21:37:13:9a',27,NULL,4,1,NULL,NULL,'2014-02-06','2016-07-27',NULL,NULL,'659.00',0,0,1,0,1,1,NULL,NULL,NULL,NULL,NULL,'--- !ruby/hash:ActiveSupport::HashWithIndifferentAccess\nanschaffungskategorie: AV-Technik\nreference: invoice\numzug: zgeln\nankunftszustand: intakt\n','2016-07-26 23:44:34','2016-07-26 23:44:34',NULL),(5,'8bmc1pzrot8gm7e1wuz15','33:b2:0f:d2:43:f1-b9:8a:a5:69:6a:77-27:8b:28:88:5a:e3',28,NULL,5,1,NULL,NULL,'2011-07-07','2016-07-27',NULL,NULL,'729.00',0,0,1,0,1,1,NULL,NULL,NULL,NULL,NULL,'--- !ruby/hash:ActiveSupport::HashWithIndifferentAccess\nanschaffungskategorie: AV-Technik\nreference: invoice\numzug: zgeln\nankunftszustand: intakt\n','2016-07-26 23:44:34','2016-07-26 23:44:34',NULL),(6,'7j3rhxynyypj2avj59ll6','0b:a6:89:e4:fe:bc-25:d8:3f:fd:ea:a6-5c:53:33:2c:1b:32',29,NULL,6,1,NULL,NULL,'2014-12-27','2016-07-27',NULL,NULL,'941.00',0,0,1,0,1,1,NULL,NULL,NULL,NULL,NULL,'--- !ruby/hash:ActiveSupport::HashWithIndifferentAccess\nanschaffungskategorie: AV-Technik\nreference: invoice\numzug: zgeln\nankunftszustand: intakt\n','2016-07-26 23:44:34','2016-07-26 23:44:34',NULL),(7,'9jyy77isb2xyr5d170hp7','0c:87:51:d0:00:14-21:fb:a0:64:87:7c-7c:a7:0e:d0:91:60',30,NULL,7,1,NULL,NULL,'2012-08-11','2016-07-27',NULL,NULL,'1472.00',0,0,1,0,1,1,NULL,NULL,NULL,NULL,NULL,'--- !ruby/hash:ActiveSupport::HashWithIndifferentAccess\nanschaffungskategorie: AV-Technik\nreference: invoice\numzug: zgeln\nankunftszustand: intakt\n','2016-07-26 23:44:34','2016-07-26 23:44:34',NULL),(8,'xb5st43l6l8guek419yf8','90:f3:f5:17:0a:6a-1d:55:fe:32:e6:97-53:2d:50:fe:29:41',31,NULL,8,1,NULL,NULL,'2012-12-07','2016-07-27',NULL,NULL,'1374.00',0,0,1,0,1,1,NULL,NULL,NULL,NULL,NULL,'--- !ruby/hash:ActiveSupport::HashWithIndifferentAccess\nanschaffungskategorie: AV-Technik\nreference: invoice\numzug: zgeln\nankunftszustand: intakt\n','2016-07-26 23:44:34','2016-07-26 23:44:34',NULL),(9,'a6vpxdmctx1gehgll1599','5e:42:6a:9f:ab:88-d5:00:93:3f:1e:6b-f2:65:3c:61:de:71',32,NULL,9,1,NULL,NULL,'2014-01-19','2016-07-27',NULL,NULL,'1251.00',0,0,1,0,1,1,NULL,NULL,NULL,NULL,NULL,'--- !ruby/hash:ActiveSupport::HashWithIndifferentAccess\nanschaffungskategorie: AV-Technik\nreference: invoice\numzug: zgeln\nankunftszustand: intakt\n','2016-07-26 23:44:34','2016-07-26 23:44:34',NULL),(10,'q8f1k3fgflkvbzvvzya110','65:2d:4f:af:a5:68-8f:ca:d4:df:0e:3f-a5:18:6c:1c:4f:25',33,NULL,10,1,NULL,NULL,'2012-06-12','2016-07-27',NULL,NULL,'155.00',0,0,1,0,1,1,NULL,NULL,NULL,NULL,NULL,'--- !ruby/hash:ActiveSupport::HashWithIndifferentAccess\nanschaffungskategorie: AV-Technik\nreference: invoice\numzug: zgeln\nankunftszustand: intakt\n','2016-07-26 23:44:34','2016-07-26 23:44:34',NULL),(11,'lauelgxerv8g9ws56wug11','b8:28:61:e8:10:1f-50:b7:3e:75:0b:24-43:94:01:dc:b8:78',34,NULL,11,1,NULL,NULL,'2011-03-25','2016-07-27',NULL,NULL,'1151.00',0,0,1,0,1,1,NULL,NULL,NULL,NULL,NULL,'--- !ruby/hash:ActiveSupport::HashWithIndifferentAccess\nanschaffungskategorie: AV-Technik\nreference: invoice\numzug: zgeln\nankunftszustand: intakt\n','2016-07-26 23:44:34','2016-07-26 23:44:34',NULL),(12,'c0560ppizyhmklp71oq512','89:36:ab:36:df:e4-6c:9c:c5:6b:74:34-d5:d0:eb:30:7a:55',35,NULL,12,1,NULL,NULL,'2013-12-22','2016-07-27',NULL,NULL,'435.00',0,0,1,0,1,1,NULL,NULL,NULL,NULL,NULL,'--- !ruby/hash:ActiveSupport::HashWithIndifferentAccess\nanschaffungskategorie: AV-Technik\nreference: invoice\numzug: zgeln\nankunftszustand: intakt\n','2016-07-26 23:44:34','2016-07-26 23:44:34',NULL),(13,'wf5wz8vzle04kqdft33k13','61:1f:57:cd:eb:c7-9e:e6:16:f2:93:8c-67:2e:77:7d:07:97',36,NULL,13,1,NULL,NULL,'2011-11-23','2016-07-27',NULL,NULL,'1476.00',0,0,1,0,1,1,NULL,NULL,NULL,NULL,NULL,'--- !ruby/hash:ActiveSupport::HashWithIndifferentAccess\nanschaffungskategorie: AV-Technik\nreference: invoice\numzug: zgeln\nankunftszustand: intakt\n','2016-07-26 23:44:34','2016-07-26 23:44:34',NULL),(14,'emjitsewcfkg1iu5tghz14','fb:a3:53:76:14:c9-76:d1:18:df:f8:09-e5:a9:a5:4d:8e:3e',37,NULL,14,1,NULL,NULL,'2012-07-21','2016-07-27',NULL,NULL,'639.00',0,0,1,0,1,1,NULL,NULL,NULL,NULL,NULL,'--- !ruby/hash:ActiveSupport::HashWithIndifferentAccess\nanschaffungskategorie: AV-Technik\nreference: invoice\numzug: zgeln\nankunftszustand: intakt\n','2016-07-26 23:44:34','2016-07-26 23:44:34',NULL),(15,'vnfaqb09qsph1bqt5vmg15','f1:fa:93:dd:12:bb-04:d9:4c:4f:17:45-12:d2:63:ae:5c:7b',38,NULL,15,1,NULL,NULL,'2012-07-30','2016-07-27',NULL,NULL,'1075.00',0,0,1,0,1,1,NULL,NULL,NULL,NULL,NULL,'--- !ruby/hash:ActiveSupport::HashWithIndifferentAccess\nanschaffungskategorie: AV-Technik\nreference: invoice\numzug: zgeln\nankunftszustand: intakt\n','2016-07-26 23:44:34','2016-07-26 23:44:34',NULL),(16,'0aorb1v8e17jnnpapgq116','10:6f:c7:fd:7e:bf-3c:32:3e:c7:71:82-b2:e7:01:da:d3:d2',39,NULL,16,1,NULL,NULL,'2013-09-19','2016-07-27',NULL,NULL,'436.00',0,0,1,0,1,1,NULL,NULL,NULL,NULL,NULL,'--- !ruby/hash:ActiveSupport::HashWithIndifferentAccess\nanschaffungskategorie: AV-Technik\nreference: invoice\numzug: zgeln\nankunftszustand: intakt\n','2016-07-26 23:44:34','2016-07-26 23:44:34',NULL),(17,'ltcixy0gjtld2uwn60yv17','87:6b:d2:eb:2f:2c-05:ef:be:cc:44:3c-0e:52:78:7b:a3:1d',40,NULL,17,1,NULL,NULL,'2014-05-17','2016-07-27',NULL,NULL,'1212.00',0,0,1,0,1,1,NULL,NULL,NULL,NULL,NULL,'--- !ruby/hash:ActiveSupport::HashWithIndifferentAccess\nanschaffungskategorie: AV-Technik\nreference: invoice\numzug: zgeln\nankunftszustand: intakt\n','2016-07-26 23:44:34','2016-07-26 23:44:34',NULL),(18,'3gsi8ark4kdyx2a7dgug18','aa:e7:8b:14:3f:3b-d5:0e:91:fb:39:0c-b0:93:ea:d3:c0:3a',41,NULL,18,1,NULL,NULL,'2013-01-02','2016-07-27',NULL,NULL,'788.00',0,0,1,0,1,1,NULL,NULL,NULL,NULL,NULL,'--- !ruby/hash:ActiveSupport::HashWithIndifferentAccess\nanschaffungskategorie: AV-Technik\nreference: invoice\numzug: zgeln\nankunftszustand: intakt\n','2016-07-26 23:44:34','2016-07-26 23:44:34',NULL),(19,'hmzc11okpd8vqz4c7mpa19','cd:07:a5:a3:0e:1b-59:b6:3f:97:1e:c1-2f:68:2f:aa:4d:26',42,NULL,19,1,NULL,NULL,'2011-05-16','2016-07-27',NULL,NULL,'53.00',0,0,1,0,1,1,NULL,NULL,NULL,NULL,NULL,'--- !ruby/hash:ActiveSupport::HashWithIndifferentAccess\nanschaffungskategorie: AV-Technik\nreference: invoice\numzug: zgeln\nankunftszustand: intakt\n','2016-07-26 23:44:34','2016-07-26 23:44:34',NULL),(20,'2m9krmgcgnp8ft6vrabd20','b0:31:b6:b9:1f:15-86:d9:7f:67:36:fc-77:1c:24:95:e9:09',43,NULL,20,1,NULL,NULL,'2012-08-30','2016-07-27',NULL,NULL,'437.00',0,0,1,0,1,1,NULL,NULL,NULL,NULL,NULL,'--- !ruby/hash:ActiveSupport::HashWithIndifferentAccess\nanschaffungskategorie: AV-Technik\nreference: invoice\numzug: zgeln\nankunftszustand: intakt\n','2016-07-26 23:44:34','2016-07-26 23:44:34',NULL),(21,'1cdk31sfae9uc7z3e9c121','cd:7e:22:7c:5b:42-5c:5e:d7:ad:e7:b8-aa:2b:43:88:53:90',44,NULL,21,1,NULL,NULL,'2015-05-30','2016-07-27',NULL,NULL,'699.00',0,0,1,0,1,1,NULL,NULL,NULL,NULL,NULL,'--- !ruby/hash:ActiveSupport::HashWithIndifferentAccess\nanschaffungskategorie: AV-Technik\nreference: invoice\numzug: zgeln\nankunftszustand: intakt\n','2016-07-26 23:44:34','2016-07-26 23:44:34',NULL),(22,'pn61n9jzxbs7692d2nhg22','12:d7:eb:01:01:28-cb:87:3f:b4:43:1a-de:af:f4:9d:3d:68',45,NULL,22,1,NULL,NULL,'2012-08-01','2016-07-27',NULL,NULL,'874.00',0,0,1,0,1,1,NULL,NULL,NULL,NULL,NULL,'--- !ruby/hash:ActiveSupport::HashWithIndifferentAccess\nanschaffungskategorie: AV-Technik\nreference: invoice\numzug: zgeln\nankunftszustand: intakt\n','2016-07-26 23:44:34','2016-07-26 23:44:34',NULL),(23,'3w8h0r5of032efpxlwb323','42:3c:77:23:dd:d5-44:00:d0:fb:df:b7-cb:e5:89:2b:77:37',46,NULL,23,1,NULL,NULL,'2015-07-03','2016-07-27',NULL,NULL,'721.00',0,0,1,0,1,1,NULL,NULL,NULL,NULL,NULL,'--- !ruby/hash:ActiveSupport::HashWithIndifferentAccess\nanschaffungskategorie: AV-Technik\nreference: invoice\numzug: zgeln\nankunftszustand: intakt\n','2016-07-26 23:44:34','2016-07-26 23:44:34',NULL),(24,'dg1t3fmn1ud7pmxn30z124','93:a9:04:8f:9c:d3-9f:e8:05:76:e6:8a-d8:88:47:cb:1b:35',47,NULL,24,1,NULL,NULL,'2014-01-02','2016-07-27',NULL,NULL,'1137.00',0,0,1,0,1,1,NULL,NULL,NULL,NULL,NULL,'--- !ruby/hash:ActiveSupport::HashWithIndifferentAccess\nanschaffungskategorie: AV-Technik\nreference: invoice\numzug: zgeln\nankunftszustand: intakt\n','2016-07-26 23:44:34','2016-07-26 23:44:34',NULL),(25,'q54o48owecboaj9k59q925','31:aa:5f:fe:2d:99-18:1b:ac:82:20:60-37:83:2d:c6:dd:4e',48,NULL,25,1,NULL,NULL,'2013-10-08','2016-07-27',NULL,NULL,'220.00',0,0,1,0,1,1,NULL,NULL,NULL,NULL,NULL,'--- !ruby/hash:ActiveSupport::HashWithIndifferentAccess\nanschaffungskategorie: AV-Technik\nreference: invoice\numzug: zgeln\nankunftszustand: intakt\n','2016-07-26 23:44:34','2016-07-26 23:44:34',NULL),(26,'tzaora2001f5h3mnr0um26','1e:8d:cb:85:de:57-17:0d:be:5c:4f:f1-a0:0b:a5:03:81:e4',49,NULL,26,1,NULL,NULL,'2015-10-07','2016-07-27',NULL,NULL,'26.00',0,0,1,0,1,1,NULL,NULL,NULL,NULL,NULL,'--- !ruby/hash:ActiveSupport::HashWithIndifferentAccess\nanschaffungskategorie: AV-Technik\nreference: invoice\numzug: zgeln\nankunftszustand: intakt\n','2016-07-26 23:44:34','2016-07-26 23:44:34',NULL),(27,'zh5xpa518x4opzm9xz6m27','0b:b6:cc:1b:06:21-e4:be:cc:5e:6a:7c-bf:b7:d2:89:df:36',50,NULL,27,1,NULL,NULL,'2013-03-22','2016-07-27',NULL,NULL,'425.00',0,0,1,0,1,1,NULL,NULL,NULL,NULL,NULL,'--- !ruby/hash:ActiveSupport::HashWithIndifferentAccess\nanschaffungskategorie: AV-Technik\nreference: invoice\numzug: zgeln\nankunftszustand: intakt\n','2016-07-26 23:44:34','2016-07-26 23:44:34',NULL),(28,'aews3n6pi6q90ome69m928','99:0f:1b:d3:8f:fe-74:ca:03:42:b2:72-14:ba:8c:60:b8:6d',51,NULL,28,1,NULL,NULL,'2014-10-12','2016-07-27',NULL,NULL,'1065.00',0,0,1,0,1,1,NULL,NULL,NULL,NULL,NULL,'--- !ruby/hash:ActiveSupport::HashWithIndifferentAccess\nanschaffungskategorie: AV-Technik\nreference: invoice\numzug: zgeln\nankunftszustand: intakt\n','2016-07-26 23:44:34','2016-07-26 23:44:34',NULL),(29,'x8rrpe6umozk39t8vd3i29','3d:fb:0a:9b:b1:4c-54:79:d9:f4:80:c3-a8:2e:9e:5b:2b:0a',52,NULL,29,1,NULL,NULL,'2012-10-05','2016-07-27',NULL,NULL,'7.00',0,0,1,0,1,1,NULL,NULL,NULL,NULL,NULL,'--- !ruby/hash:ActiveSupport::HashWithIndifferentAccess\nanschaffungskategorie: AV-Technik\nreference: invoice\numzug: zgeln\nankunftszustand: intakt\n','2016-07-26 23:44:34','2016-07-26 23:44:34',NULL),(30,'k4jjd0n4j5eqgzenimh430','e6:30:7e:79:c2:b9-31:c0:0e:5d:6a:4a-c3:5d:01:ee:56:62',53,NULL,30,1,NULL,NULL,'2013-08-30','2016-07-27',NULL,NULL,'1076.00',0,0,1,0,1,1,NULL,NULL,NULL,NULL,NULL,'--- !ruby/hash:ActiveSupport::HashWithIndifferentAccess\nanschaffungskategorie: AV-Technik\nreference: invoice\numzug: zgeln\nankunftszustand: intakt\n','2016-07-26 23:44:34','2016-07-26 23:44:34',NULL),(31,'59cjnfoxwn3kozymnh7l31','51:e0:65:33:d5:7b-14:24:f4:e9:93:e3-b6:3d:3a:d3:ca:dc',54,NULL,31,1,NULL,NULL,'2013-06-15','2016-07-27',NULL,NULL,'604.00',0,0,1,0,1,1,NULL,NULL,NULL,NULL,NULL,'--- !ruby/hash:ActiveSupport::HashWithIndifferentAccess\nanschaffungskategorie: AV-Technik\nreference: invoice\numzug: zgeln\nankunftszustand: intakt\n','2016-07-26 23:44:34','2016-07-26 23:44:34',NULL),(32,'pj19agp84x7qltnhufzb32','35:d2:b9:c4:f1:f2-29:ce:95:08:c8:40-17:98:0b:6a:3e:9d',55,NULL,32,1,NULL,NULL,'2014-05-06','2016-07-27',NULL,NULL,'10.00',0,0,1,0,1,1,NULL,NULL,NULL,NULL,NULL,'--- !ruby/hash:ActiveSupport::HashWithIndifferentAccess\nanschaffungskategorie: AV-Technik\nreference: invoice\numzug: zgeln\nankunftszustand: intakt\n','2016-07-26 23:44:34','2016-07-26 23:44:34',NULL),(33,'nmhxppmqmtg0m5ifrcs633','4a:ff:bd:73:f8:4b-11:db:62:92:db:d1-94:a2:c9:ee:27:b4',56,NULL,33,1,NULL,NULL,'2014-05-15','2016-07-27',NULL,NULL,'464.00',0,0,1,0,1,1,NULL,NULL,NULL,NULL,NULL,'--- !ruby/hash:ActiveSupport::HashWithIndifferentAccess\nanschaffungskategorie: AV-Technik\nreference: invoice\numzug: zgeln\nankunftszustand: intakt\n','2016-07-26 23:44:34','2016-07-26 23:44:34',NULL),(34,'3giq31w50tnssz2154jn34','ad:cb:a3:10:58:b7-25:a7:21:55:34:78-60:1d:3f:2f:98:8b',57,NULL,34,1,NULL,NULL,'2012-03-16','2016-07-27',NULL,NULL,'347.00',0,0,1,0,1,1,NULL,NULL,NULL,NULL,NULL,'--- !ruby/hash:ActiveSupport::HashWithIndifferentAccess\nanschaffungskategorie: AV-Technik\nreference: invoice\numzug: zgeln\nankunftszustand: intakt\n','2016-07-26 23:44:34','2016-07-26 23:44:34',NULL),(35,'htis9npkwzkpoebusv4x35','3c:e7:1e:cd:1d:fd-b0:4b:16:1f:6a:40-39:64:61:e5:ed:ab',58,NULL,35,1,NULL,NULL,'2014-03-02','2016-07-27',NULL,NULL,'367.00',0,0,1,0,1,1,NULL,NULL,NULL,NULL,NULL,'--- !ruby/hash:ActiveSupport::HashWithIndifferentAccess\nanschaffungskategorie: AV-Technik\nreference: invoice\numzug: zgeln\nankunftszustand: intakt\n','2016-07-26 23:44:34','2016-07-26 23:44:34',NULL),(36,'r252zz4ogpv6vqct6hj636','88:47:35:ce:2d:93-57:0c:fe:d4:e5:2b-42:a5:4b:9b:22:f4',59,NULL,36,1,NULL,NULL,'2015-07-16','2016-07-27',NULL,NULL,'992.00',0,0,1,0,1,1,NULL,NULL,NULL,NULL,NULL,'--- !ruby/hash:ActiveSupport::HashWithIndifferentAccess\nanschaffungskategorie: AV-Technik\nreference: invoice\numzug: zgeln\nankunftszustand: intakt\n','2016-07-26 23:44:34','2016-07-26 23:44:34',NULL),(37,'axrk06z7q1akr50zsnyj37','f7:2f:4e:e8:07:43-c6:a9:0b:24:59:68-44:af:ec:07:8c:18',60,NULL,37,1,NULL,NULL,'2015-06-28','2016-07-27',NULL,NULL,'1391.00',0,0,1,0,1,1,NULL,NULL,NULL,NULL,NULL,'--- !ruby/hash:ActiveSupport::HashWithIndifferentAccess\nanschaffungskategorie: AV-Technik\nreference: invoice\numzug: zgeln\nankunftszustand: intakt\n','2016-07-26 23:44:34','2016-07-26 23:44:34',NULL),(38,'ff0kpo41xlhjczi33qim38','21:bd:37:a4:7c:56-a2:2b:1c:8b:aa:60-06:eb:be:71:82:04',61,NULL,38,1,NULL,NULL,'2012-12-06','2016-07-27',NULL,NULL,'748.00',0,0,1,0,1,1,NULL,NULL,NULL,NULL,NULL,'--- !ruby/hash:ActiveSupport::HashWithIndifferentAccess\nanschaffungskategorie: AV-Technik\nreference: invoice\numzug: zgeln\nankunftszustand: intakt\n','2016-07-26 23:44:34','2016-07-26 23:44:34',NULL),(39,'ksp39y90cuwi045e4dqv39','74:39:4b:0e:59:51-c9:95:bf:6c:c0:8f-de:1c:06:7f:4c:7e',62,NULL,39,1,NULL,NULL,'2014-01-01','2016-07-27',NULL,NULL,'355.00',0,0,1,0,1,1,NULL,NULL,NULL,NULL,NULL,'--- !ruby/hash:ActiveSupport::HashWithIndifferentAccess\nanschaffungskategorie: AV-Technik\nreference: invoice\numzug: zgeln\nankunftszustand: intakt\n','2016-07-26 23:44:34','2016-07-26 23:44:34',NULL),(40,'dyv47d0vk623x1mst11540','71:97:8e:e1:f2:ad-d9:02:70:0c:fc:8c-3a:e5:f6:cb:38:bc',63,NULL,40,1,NULL,NULL,'2015-09-05','2016-07-27',NULL,NULL,'1307.00',0,0,1,0,1,1,NULL,NULL,NULL,NULL,NULL,'--- !ruby/hash:ActiveSupport::HashWithIndifferentAccess\nanschaffungskategorie: AV-Technik\nreference: invoice\numzug: zgeln\nankunftszustand: intakt\n','2016-07-26 23:44:34','2016-07-26 23:44:34',NULL),(41,'oqx04rcwwiw2wv4iwxjv41','bc:1c:fc:54:44:23-8f:5e:a4:52:22:06-0c:75:58:4f:2a:21',64,NULL,41,1,NULL,NULL,'2011-12-07','2016-07-27',NULL,NULL,'1126.00',0,0,1,0,1,1,NULL,NULL,NULL,NULL,NULL,'--- !ruby/hash:ActiveSupport::HashWithIndifferentAccess\nanschaffungskategorie: AV-Technik\nreference: invoice\numzug: zgeln\nankunftszustand: intakt\n','2016-07-26 23:44:34','2016-07-26 23:44:34',NULL),(42,'jhkf1s6x04qdwedgu3co42','86:14:ff:a7:c3:35-65:c8:17:e5:11:e4-74:5f:22:36:cb:be',65,NULL,42,1,NULL,NULL,'2015-11-18','2016-07-27',NULL,NULL,'873.00',0,0,1,0,1,1,NULL,NULL,NULL,NULL,NULL,'--- !ruby/hash:ActiveSupport::HashWithIndifferentAccess\nanschaffungskategorie: AV-Technik\nreference: invoice\numzug: zgeln\nankunftszustand: intakt\n','2016-07-26 23:44:34','2016-07-26 23:44:34',NULL),(43,'ic0fcaaucm4iffn7itim43','b9:ae:6a:57:1c:2d-41:70:e4:f0:bb:e0-ce:4d:14:80:6c:f0',66,NULL,43,1,NULL,NULL,'2012-11-17','2016-07-27',NULL,NULL,'1421.00',0,0,1,0,1,1,NULL,NULL,NULL,NULL,NULL,'--- !ruby/hash:ActiveSupport::HashWithIndifferentAccess\nanschaffungskategorie: AV-Technik\nreference: invoice\numzug: zgeln\nankunftszustand: intakt\n','2016-07-26 23:44:34','2016-07-26 23:44:34',NULL),(44,'zocdrg7doxye99m61bzb44','5f:e8:ca:4a:ac:71-00:87:4e:b3:7c:22-71:81:ac:7f:c1:62',67,NULL,44,1,NULL,NULL,'2015-01-14','2016-07-27',NULL,NULL,'1397.00',0,0,1,0,1,1,NULL,NULL,NULL,NULL,NULL,'--- !ruby/hash:ActiveSupport::HashWithIndifferentAccess\nanschaffungskategorie: AV-Technik\nreference: invoice\numzug: zgeln\nankunftszustand: intakt\n','2016-07-26 23:44:34','2016-07-26 23:44:34',NULL),(45,'z5k2xcmc3k55toh2r86945','e7:79:dd:e4:3f:02-68:5e:b9:be:39:c7-bf:88:f3:d2:d8:29',68,NULL,45,1,NULL,NULL,'2011-03-03','2016-07-27',NULL,NULL,'1174.00',0,0,1,0,1,1,NULL,NULL,NULL,NULL,NULL,'--- !ruby/hash:ActiveSupport::HashWithIndifferentAccess\nanschaffungskategorie: AV-Technik\nreference: invoice\numzug: zgeln\nankunftszustand: intakt\n','2016-07-26 23:44:34','2016-07-26 23:44:34',NULL),(46,'acdnlsw2y9ukq6h0uxbe46','3a:87:2c:74:d6:69-c2:e2:c3:b7:96:09-17:8d:40:bb:69:24',69,NULL,46,1,NULL,NULL,'2014-10-21','2016-07-27',NULL,NULL,'801.00',0,0,1,0,1,1,NULL,NULL,NULL,NULL,NULL,'--- !ruby/hash:ActiveSupport::HashWithIndifferentAccess\nanschaffungskategorie: AV-Technik\nreference: invoice\numzug: zgeln\nankunftszustand: intakt\n','2016-07-26 23:44:34','2016-07-26 23:44:34',NULL),(47,'7mdghvl54vn7vjo0qyyo47','c4:92:e6:c9:7d:5e-70:48:c5:04:0b:21-f1:9d:58:7b:8a:44',70,NULL,47,1,NULL,NULL,'2014-05-10','2016-07-27',NULL,NULL,'92.00',0,0,1,0,1,1,NULL,NULL,NULL,NULL,NULL,'--- !ruby/hash:ActiveSupport::HashWithIndifferentAccess\nanschaffungskategorie: AV-Technik\nreference: invoice\numzug: zgeln\nankunftszustand: intakt\n','2016-07-26 23:44:34','2016-07-26 23:44:34',NULL),(48,'vy0ic9q3wtfd960xn73248','1b:de:c3:60:c8:17-81:2f:3f:fe:62:8c-e7:1a:d3:17:2d:9d',71,NULL,48,1,NULL,NULL,'2015-09-30','2016-07-27',NULL,NULL,'139.00',0,0,1,0,1,1,NULL,NULL,NULL,NULL,NULL,'--- !ruby/hash:ActiveSupport::HashWithIndifferentAccess\nanschaffungskategorie: AV-Technik\nreference: invoice\numzug: zgeln\nankunftszustand: intakt\n','2016-07-26 23:44:34','2016-07-26 23:44:34',NULL),(49,'2rsl72dfmzmscbo2nuia49','75:54:6d:05:dd:6f-91:9c:5a:6b:e2:38-a2:bc:d5:16:5a:1f',72,NULL,49,1,NULL,NULL,'2015-09-12','2016-07-27',NULL,NULL,'229.00',0,0,1,0,1,1,NULL,NULL,NULL,NULL,NULL,'--- !ruby/hash:ActiveSupport::HashWithIndifferentAccess\nanschaffungskategorie: AV-Technik\nreference: invoice\numzug: zgeln\nankunftszustand: intakt\n','2016-07-26 23:44:34','2016-07-26 23:44:34',NULL),(50,'ytrop3x5paubq6bx9q1t50','b2:04:d7:8b:86:2d-ca:65:22:45:5c:33-57:14:cc:dd:4c:b4',73,NULL,50,1,NULL,NULL,'2011-04-10','2016-07-27',NULL,NULL,'1004.00',0,0,1,0,1,1,NULL,NULL,NULL,NULL,NULL,'--- !ruby/hash:ActiveSupport::HashWithIndifferentAccess\nanschaffungskategorie: AV-Technik\nreference: invoice\numzug: zgeln\nankunftszustand: intakt\n','2016-07-26 23:44:34','2016-07-26 23:44:34',NULL),(51,'book1','book1',1,1,51,2,NULL,NULL,'2015-09-25','2016-07-27',NULL,NULL,'972.00',0,0,1,0,2,1,NULL,NULL,NULL,NULL,NULL,'--- !ruby/hash:ActiveSupport::HashWithIndifferentAccess\nanschaffungskategorie: AV-Technik\nreference: invoice\numzug: zgeln\nankunftszustand: intakt\n','2016-07-26 23:44:34','2016-07-26 23:44:34',NULL),(52,'book2','book2',1,1,52,2,NULL,NULL,'2014-03-14','2016-07-27',NULL,NULL,'682.00',0,0,1,0,2,1,NULL,NULL,NULL,NULL,NULL,'--- !ruby/hash:ActiveSupport::HashWithIndifferentAccess\nanschaffungskategorie: AV-Technik\nreference: invoice\numzug: zgeln\nankunftszustand: intakt\n','2016-07-26 23:44:34','2016-07-26 23:44:34',NULL),(53,'beam123','xyz456',2,1,53,1,NULL,NULL,'2012-08-04','2016-07-27',NULL,NULL,'956.00',0,0,1,0,1,1,NULL,NULL,NULL,NULL,NULL,'--- !ruby/hash:ActiveSupport::HashWithIndifferentAccess\nanschaffungskategorie: AV-Technik\nreference: invoice\numzug: zgeln\nankunftszustand: intakt\n','2016-07-26 23:44:34','2016-07-26 23:44:34',NULL),(54,'beam345','xyz890',2,1,54,1,NULL,NULL,'2013-03-11','2016-07-27',NULL,NULL,'1197.00',0,0,1,0,1,1,NULL,NULL,NULL,NULL,NULL,'--- !ruby/hash:ActiveSupport::HashWithIndifferentAccess\nanschaffungskategorie: AV-Technik\nreference: invoice\numzug: zgeln\nankunftszustand: intakt\n','2016-07-26 23:44:34','2016-07-26 23:44:34',NULL),(55,'beam678','xyz678',3,1,55,1,NULL,NULL,'2014-06-01','2016-07-27',NULL,NULL,'1029.00',0,0,1,0,1,1,NULL,NULL,NULL,NULL,NULL,'--- !ruby/hash:ActiveSupport::HashWithIndifferentAccess\nanschaffungskategorie: AV-Technik\nreference: invoice\numzug: zgeln\nankunftszustand: intakt\n','2016-07-26 23:44:34','2016-07-26 23:44:34',NULL),(56,'beam749','xyz749',2,1,56,1,NULL,NULL,'2013-10-02','2016-07-27',NULL,NULL,'1333.00',0,0,1,0,2,1,NULL,NULL,NULL,NULL,NULL,'--- !ruby/hash:ActiveSupport::HashWithIndifferentAccess\nanschaffungskategorie: AV-Technik\nreference: invoice\numzug: zgeln\nankunftszustand: intakt\n','2016-07-26 23:44:34','2016-07-26 23:44:34',NULL),(57,'beamTest123','xyz74912',5,1,57,1,NULL,NULL,'2012-04-18','2016-07-27',NULL,NULL,'204.00',0,0,1,0,1,1,NULL,NULL,NULL,NULL,NULL,'--- !ruby/hash:ActiveSupport::HashWithIndifferentAccess\nanschaffungskategorie: AV-Technik\nreference: invoice\numzug: zgeln\nankunftszustand: intakt\n','2016-07-26 23:44:34','2016-07-26 23:44:34',NULL),(58,'ucbeam1','minbeam1',6,1,58,1,NULL,NULL,'2013-09-24','2016-07-27',NULL,NULL,'490.00',0,0,1,0,1,1,NULL,NULL,NULL,'ucbeam1',NULL,'--- !ruby/hash:ActiveSupport::HashWithIndifferentAccess\nanschaffungskategorie: AV-Technik\nreference: invoice\numzug: zgeln\nankunftszustand: intakt\n','2016-07-26 23:44:34','2016-07-26 23:44:34',NULL),(59,'microbeam1','microbeam1',7,1,59,1,NULL,NULL,'2015-11-14','2016-07-27',NULL,NULL,'135.00',0,0,1,0,1,1,NULL,NULL,NULL,'microbeam1',NULL,'--- !ruby/hash:ActiveSupport::HashWithIndifferentAccess\nanschaffungskategorie: AV-Technik\nreference: invoice\numzug: zgeln\nankunftszustand: intakt\n','2016-07-26 23:44:34','2016-07-26 23:44:34',NULL),(60,'cam123','abc234',8,1,60,1,NULL,NULL,'2012-10-13','2016-07-27',NULL,NULL,'999.00',0,0,1,0,1,1,NULL,NULL,NULL,NULL,NULL,'--- !ruby/hash:ActiveSupport::HashWithIndifferentAccess\nanschaffungskategorie: AV-Technik\nreference: invoice\numzug: zgeln\nankunftszustand: intakt\n','2016-07-26 23:44:34','2016-07-26 23:44:34',NULL),(61,'cam345','ab567',8,1,61,1,NULL,NULL,'2015-07-18','2016-07-27',NULL,NULL,'1238.00',0,0,1,0,1,1,NULL,NULL,NULL,NULL,NULL,'--- !ruby/hash:ActiveSupport::HashWithIndifferentAccess\nanschaffungskategorie: AV-Technik\nreference: invoice\numzug: zgeln\nankunftszustand: intakt\n','2016-07-26 23:44:34','2016-07-26 23:44:34',NULL),(62,'cam567','ab789',8,1,62,1,NULL,NULL,'2014-09-23','2016-07-27',NULL,NULL,'1248.00',0,0,1,0,1,1,NULL,NULL,NULL,NULL,NULL,'--- !ruby/hash:ActiveSupport::HashWithIndifferentAccess\nanschaffungskategorie: AV-Technik\nreference: invoice\numzug: zgeln\nankunftszustand: intakt\n','2016-07-26 23:44:34','2016-07-26 23:44:34',NULL),(63,'cam53267','ab782129',8,1,63,1,NULL,NULL,'2014-05-06','2016-07-27',NULL,NULL,'801.00',0,0,1,0,1,1,NULL,NULL,NULL,NULL,NULL,'--- !ruby/hash:ActiveSupport::HashWithIndifferentAccess\nanschaffungskategorie: AV-Technik\nreference: invoice\numzug: zgeln\nankunftszustand: intakt\n','2016-07-26 23:44:34','2016-07-26 23:44:34',NULL),(64,'cam532asd67','ab78as2129',8,1,64,1,NULL,NULL,'2015-06-23','2016-07-27',NULL,NULL,'15.00',0,0,1,0,1,1,NULL,NULL,NULL,NULL,NULL,'--- !ruby/hash:ActiveSupport::HashWithIndifferentAccess\nanschaffungskategorie: AV-Technik\nreference: invoice\numzug: zgeln\nankunftszustand: intakt\n','2016-07-26 23:44:34','2016-07-26 23:44:34',NULL),(65,'tri789','fgh567',9,1,65,1,NULL,NULL,'2011-11-12','2016-07-27',NULL,NULL,'506.00',0,0,1,0,1,1,NULL,NULL,NULL,NULL,NULL,'--- !ruby/hash:ActiveSupport::HashWithIndifferentAccess\nanschaffungskategorie: AV-Technik\nreference: invoice\numzug: zgeln\nankunftszustand: intakt\n','2016-07-26 23:44:34','2016-07-26 23:44:34',NULL),(66,'tri123','fgh987',9,1,66,1,NULL,NULL,'2011-07-30','2016-07-27',NULL,NULL,'756.00',0,0,1,0,1,1,NULL,NULL,NULL,NULL,NULL,'--- !ruby/hash:ActiveSupport::HashWithIndifferentAccess\nanschaffungskategorie: AV-Technik\nreference: invoice\numzug: zgeln\nankunftszustand: intakt\n','2016-07-26 23:44:34','2016-07-26 23:44:34',NULL),(67,'tri923','asd213',9,1,67,1,NULL,NULL,'2013-07-20','2016-07-27',NULL,NULL,'416.00',0,0,1,0,1,1,NULL,NULL,NULL,NULL,NULL,'--- !ruby/hash:ActiveSupport::HashWithIndifferentAccess\nanschaffungskategorie: AV-Technik\nreference: invoice\numzug: zgeln\nankunftszustand: intakt\n','2016-07-26 23:44:34','2016-07-26 23:44:34',NULL),(68,'tri212','tri212',9,1,68,1,NULL,NULL,'2015-01-11','2016-07-27',NULL,NULL,'349.00',0,0,1,0,1,1,NULL,NULL,NULL,NULL,NULL,'--- !ruby/hash:ActiveSupport::HashWithIndifferentAccess\nanschaffungskategorie: AV-Technik\nreference: invoice\numzug: zgeln\nankunftszustand: intakt\n','2016-07-26 23:44:34','2016-07-26 23:44:34',NULL),(69,'hifi123','hifi123',10,1,69,1,NULL,NULL,'2011-06-22','2016-07-27',NULL,NULL,'123.00',0,0,1,0,1,1,NULL,NULL,NULL,NULL,NULL,'--- !ruby/hash:ActiveSupport::HashWithIndifferentAccess\nanschaffungskategorie: AV-Technik\nreference: invoice\numzug: zgeln\nankunftszustand: intakt\n','2016-07-26 23:44:34','2016-07-26 23:44:34',NULL),(70,'bose123','bose123',12,1,70,1,NULL,NULL,'2015-01-05','2016-07-27',NULL,NULL,'446.00',0,0,1,0,1,1,NULL,NULL,NULL,NULL,NULL,'--- !ruby/hash:ActiveSupport::HashWithIndifferentAccess\nanschaffungskategorie: AV-Technik\nreference: invoice\numzug: zgeln\nankunftszustand: intakt\n','2016-07-26 23:44:34','2016-07-26 23:44:34',NULL),(71,'cand5','cand5',8,1,71,1,NULL,NULL,'2013-04-15','2016-07-27',NULL,NULL,'258.00',0,0,0,0,1,1,NULL,NULL,NULL,NULL,NULL,'--- !ruby/hash:ActiveSupport::HashWithIndifferentAccess\nanschaffungskategorie: AV-Technik\nreference: invoice\numzug: zgeln\nankunftszustand: intakt\n','2016-07-26 23:44:34','2016-07-26 23:44:34',NULL),(72,'beam21231','beamas12312',2,1,72,1,NULL,NULL,'2015-01-24','2016-07-27',NULL,NULL,'1401.00',0,0,0,0,1,1,NULL,NULL,NULL,NULL,NULL,'--- !ruby/hash:ActiveSupport::HashWithIndifferentAccess\nanschaffungskategorie: AV-Technik\nreference: invoice\numzug: zgeln\nankunftszustand: intakt\n','2016-07-26 23:44:34','2016-07-26 23:44:34',NULL),(73,'hifi345','hifi345',10,1,73,1,NULL,NULL,'2014-10-25','2016-07-27',NULL,NULL,'453.00',0,0,0,0,1,1,NULL,NULL,NULL,NULL,NULL,'--- !ruby/hash:ActiveSupport::HashWithIndifferentAccess\nanschaffungskategorie: AV-Technik\nreference: invoice\numzug: zgeln\nankunftszustand: intakt\n','2016-07-26 23:44:34','2016-07-26 23:44:34',NULL),(74,'wlaptop1','wlaptop1',14,1,74,1,NULL,NULL,'2012-09-15','2016-07-27',NULL,NULL,'914.00',1,0,1,0,1,1,NULL,NULL,NULL,NULL,NULL,'--- !ruby/hash:ActiveSupport::HashWithIndifferentAccess\nanschaffungskategorie: AV-Technik\nreference: invoice\numzug: zgeln\nankunftszustand: intakt\n','2016-07-26 23:44:34','2016-07-26 23:44:34',NULL),(75,'v120d02','v120d02',15,1,75,1,NULL,NULL,'2014-05-01','2016-07-27',NULL,NULL,'888.00',0,1,1,0,1,1,NULL,NULL,NULL,NULL,NULL,'--- !ruby/hash:ActiveSupport::HashWithIndifferentAccess\nanschaffungskategorie: AV-Technik\nreference: invoice\numzug: zgeln\nankunftszustand: intakt\n','2016-07-26 23:44:34','2016-07-26 23:44:34',NULL),(76,'v120d11','v120d11',15,NULL,76,1,NULL,NULL,'2012-09-08','2016-07-27','2016-07-27','Deleniti ullam quia fugit animi.','701.00',1,1,0,0,1,1,NULL,NULL,NULL,NULL,NULL,'--- !ruby/hash:ActiveSupport::HashWithIndifferentAccess\nanschaffungskategorie: AV-Technik\nreference: invoice\numzug: zgeln\nankunftszustand: intakt\n','2016-07-26 23:44:34','2016-07-26 23:44:34',NULL),(77,'v120d022g','v120d022g',16,1,77,1,NULL,NULL,'2014-06-15','2016-07-27',NULL,NULL,'1074.00',0,0,1,0,1,1,NULL,NULL,NULL,NULL,NULL,'--- !ruby/hash:ActiveSupport::HashWithIndifferentAccess\nanschaffungskategorie: AV-Technik\nreference: invoice\numzug: zgeln\nankunftszustand: intakt\n','2016-07-26 23:44:34','2016-07-26 23:44:34',NULL),(78,'v120d022g2','v120d022g2',16,1,78,1,NULL,NULL,'2013-11-30','2016-07-27',NULL,NULL,'814.00',0,0,1,0,1,1,NULL,NULL,NULL,NULL,NULL,'--- !ruby/hash:ActiveSupport::HashWithIndifferentAccess\nanschaffungskategorie: AV-Technik\nreference: invoice\numzug: zgeln\nankunftszustand: intakt\n','2016-07-26 23:44:34','2016-07-26 23:44:34',NULL),(79,'iMac1','iMac1',18,1,79,1,NULL,NULL,'2012-05-07','2016-07-27','2016-07-27','This item is gone.','1199.00',0,0,1,0,1,1,NULL,NULL,NULL,NULL,NULL,'--- !ruby/hash:ActiveSupport::HashWithIndifferentAccess\nanschaffungskategorie: AV-Technik\nreference: invoice\numzug: zgeln\nankunftszustand: intakt\n','2016-07-26 23:44:34','2016-07-26 23:44:34',NULL),(80,'iMac2','iMac2',18,1,80,3,NULL,NULL,'2014-07-14','2016-07-27','2016-07-27','This item is gone.','1353.00',0,0,1,0,1,1,NULL,NULL,NULL,NULL,NULL,'--- !ruby/hash:ActiveSupport::HashWithIndifferentAccess\nanschaffungskategorie: AV-Technik\nreference: invoice\numzug: zgeln\nankunftszustand: intakt\n','2016-07-26 23:44:34','2016-07-26 23:44:34',NULL),(81,'lpv3yc','lpv3yc',11,1,81,1,NULL,NULL,'2012-03-12','2016-07-27','2016-07-27','This item is gone.','1072.00',0,0,1,0,1,1,NULL,NULL,NULL,NULL,NULL,'--- !ruby/hash:ActiveSupport::HashWithIndifferentAccess\nanschaffungskategorie: AV-Technik\nreference: invoice\numzug: zgeln\nankunftszustand: intakt\n','2016-07-26 23:44:34','2016-07-26 23:44:34',NULL),(82,'6cxjcs','6cxjcs',11,1,82,1,NULL,NULL,'2015-07-23','2016-07-27','2016-07-27','This item is gone.','358.00',0,0,1,0,1,1,NULL,NULL,NULL,NULL,NULL,'--- !ruby/hash:ActiveSupport::HashWithIndifferentAccess\nanschaffungskategorie: AV-Technik\nreference: invoice\numzug: zgeln\nankunftszustand: intakt\n','2016-07-26 23:44:34','2016-07-26 23:44:34',NULL),(83,'beam897','beam897',2,1,83,2,NULL,NULL,'2014-11-08','2016-07-27',NULL,NULL,'1259.00',0,0,1,0,2,1,NULL,NULL,NULL,NULL,NULL,'--- !ruby/hash:ActiveSupport::HashWithIndifferentAccess\nanschaffungskategorie: AV-Technik\nreference: invoice\numzug: zgeln\nankunftszustand: intakt\n','2016-07-26 23:44:34','2016-07-26 23:44:34',NULL),(84,'minibeam12','minibeam12',4,1,84,2,NULL,NULL,'2015-11-16','2016-07-27',NULL,NULL,'671.00',0,0,1,0,2,1,NULL,NULL,NULL,NULL,NULL,'--- !ruby/hash:ActiveSupport::HashWithIndifferentAccess\nanschaffungskategorie: AV-Technik\nreference: invoice\numzug: zgeln\nankunftszustand: intakt\n','2016-07-26 23:44:34','2016-07-26 23:44:34',NULL),(85,'minibeam34','minibeam34',4,1,85,3,NULL,NULL,'2015-11-19','2016-07-27',NULL,NULL,'356.00',0,0,1,0,3,1,NULL,NULL,NULL,NULL,NULL,'--- !ruby/hash:ActiveSupport::HashWithIndifferentAccess\nanschaffungskategorie: AV-Technik\nreference: invoice\numzug: zgeln\nankunftszustand: intakt\n','2016-07-26 23:44:34','2016-07-26 23:44:34',NULL),(86,'minibeam56','minibeam56',4,1,86,1,NULL,NULL,'2011-02-19','2016-07-27','2016-07-27','Sed eos vel distinctio.','334.00',0,0,1,0,1,1,NULL,NULL,NULL,NULL,NULL,'--- !ruby/hash:ActiveSupport::HashWithIndifferentAccess\nanschaffungskategorie: AV-Technik\nreference: invoice\numzug: zgeln\nankunftszustand: intakt\n','2016-07-26 23:44:34','2016-07-26 23:44:34',NULL),(87,'minibeam78','minibeam78',4,1,87,2,NULL,NULL,'2013-12-20','2016-07-27',NULL,NULL,'985.00',0,0,1,0,2,1,NULL,NULL,NULL,NULL,NULL,'--- !ruby/hash:ActiveSupport::HashWithIndifferentAccess\nanschaffungskategorie: AV-Technik\nreference: invoice\numzug: zgeln\nankunftszustand: intakt\n','2016-07-26 23:44:34','2016-07-26 23:44:34',NULL),(88,'air123','air123',19,1,88,1,NULL,NULL,'2015-01-24','2016-07-27',NULL,NULL,'1063.00',0,0,1,0,1,1,NULL,NULL,NULL,NULL,NULL,'--- !ruby/hash:ActiveSupport::HashWithIndifferentAccess\nanschaffungskategorie: AV-Technik\nreference: invoice\numzug: zgeln\nankunftszustand: intakt\n','2016-07-26 23:44:34','2016-07-26 23:44:34',NULL),(89,'tp230','tp230',20,1,89,1,NULL,NULL,'2012-10-11','2016-07-27',NULL,NULL,'1036.00',0,0,1,0,1,1,NULL,NULL,NULL,NULL,NULL,'--- !ruby/hash:ActiveSupport::HashWithIndifferentAccess\nanschaffungskategorie: AV-Technik\nreference: invoice\numzug: zgeln\nankunftszustand: intakt\n','2016-07-26 23:44:34','2016-07-26 23:44:34',NULL),(90,'tp301','tp301',21,1,90,1,NULL,NULL,'2014-03-22','2016-07-27',NULL,NULL,'221.00',0,0,1,0,1,1,NULL,NULL,NULL,NULL,NULL,'--- !ruby/hash:ActiveSupport::HashWithIndifferentAccess\nanschaffungskategorie: AV-Technik\nreference: invoice\numzug: zgeln\nankunftszustand: intakt\n','2016-07-26 23:44:34','2016-07-26 23:44:34',NULL),(91,'carbon1','carbon1',22,1,91,1,NULL,NULL,'2013-12-08','2016-07-27',NULL,NULL,'994.00',0,0,1,0,1,1,NULL,NULL,NULL,NULL,NULL,'--- !ruby/hash:ActiveSupport::HashWithIndifferentAccess\nanschaffungskategorie: AV-Technik\nreference: invoice\numzug: zgeln\nankunftszustand: intakt\n','2016-07-26 23:44:34','2016-07-26 23:44:34',NULL),(92,'carbon2','carbon2',22,1,92,1,NULL,NULL,'2014-10-02','2016-07-27',NULL,NULL,'1229.00',0,0,1,0,1,1,NULL,NULL,NULL,NULL,NULL,'--- !ruby/hash:ActiveSupport::HashWithIndifferentAccess\nanschaffungskategorie: AV-Technik\nreference: invoice\numzug: zgeln\nankunftszustand: intakt\n','2016-07-26 23:44:34','2016-07-26 23:44:34',NULL),(93,'inspiron1','inspiron1',23,1,93,1,NULL,NULL,'2014-10-30','2016-07-27',NULL,NULL,'952.00',0,0,1,0,1,1,NULL,NULL,NULL,NULL,NULL,'--- !ruby/hash:ActiveSupport::HashWithIndifferentAccess\nanschaffungskategorie: AV-Technik\nreference: invoice\numzug: zgeln\nankunftszustand: intakt\n','2016-07-26 23:44:34','2016-07-26 23:44:34',NULL),(94,'A72',NULL,1,1,94,1,NULL,NULL,'2013-12-15','2016-07-27',NULL,NULL,'1016.00',0,0,1,0,2,1,NULL,NULL,NULL,NULL,NULL,'--- !ruby/hash:ActiveSupport::HashWithIndifferentAccess\nanschaffungskategorie: AV-Technik\nreference: invoice\numzug: zgeln\nankunftszustand: intakt\n','2016-07-26 23:44:34','2016-07-26 23:44:34',NULL),(95,'jlm7hvtea7sxh0npegtt51','bd:c4:de:bc:16:64-41:9b:04:11:07:f6-a8:d1:97:51:86:65',76,NULL,NULL,1,NULL,NULL,NULL,NULL,NULL,NULL,NULL,0,0,0,0,1,0,NULL,NULL,NULL,NULL,NULL,'--- !ruby/hash:ActiveSupport::HashWithIndifferentAccess\nlicense_type: single_workplace\nactivation_type: serial_number\noperating_system:\n- windows\n- linux\ninstallation:\n- citrix\n- web\nprocured_by: Julie Goldner\nreference: invoice\nmaintenance_contract: \'false\'\nmaintenance_currency: CHF\n','2016-07-26 23:44:34','2016-07-26 23:44:34',NULL),(96,'o4qrtgudji5n37bon8er52','43:e0:81:1f:34:1e-2f:20:ba:b1:65:00-22:17:a6:14:17:ef',77,NULL,NULL,1,NULL,NULL,NULL,NULL,NULL,NULL,NULL,0,0,1,0,1,0,NULL,NULL,NULL,NULL,NULL,'--- !ruby/hash:ActiveSupport::HashWithIndifferentAccess\nlicense_type: single_workplace\nactivation_type: serial_number\noperating_system:\n- windows\n- linux\ninstallation:\n- citrix\n- web\nreference: invoice\nmaintenance_contract: \'false\'\nmaintenance_currency: CHF\n','2016-07-26 23:44:34','2016-07-26 23:44:34',NULL),(97,'6iu9jqhzpam4tleroiby53','62:f9:db:ed:2f:e8-bf:86:0d:0b:8a:ee-97:c5:a3:7e:91:ab',78,NULL,NULL,1,NULL,NULL,NULL,NULL,NULL,NULL,NULL,0,0,1,0,1,0,NULL,NULL,NULL,NULL,NULL,'--- !ruby/hash:ActiveSupport::HashWithIndifferentAccess\nlicense_type: single_workplace\nactivation_type: serial_number\noperating_system:\n- windows\n- linux\ninstallation:\n- citrix\n- web\nprocured_by: Waino Dietrich\nreference: invoice\nmaintenance_contract: \'false\'\nmaintenance_currency: CHF\n','2016-07-26 23:44:34','2016-07-26 23:44:34',NULL),(98,'3drc0lguvdo11l3tuny954','56:21:e3:c1:8c:d9-14:bb:b1:02:0c:eb-0f:e8:40:07:09:fc',79,NULL,NULL,1,NULL,NULL,NULL,NULL,NULL,NULL,NULL,0,0,0,0,1,0,NULL,NULL,NULL,NULL,NULL,'--- !ruby/hash:ActiveSupport::HashWithIndifferentAccess\nlicense_type: single_workplace\nactivation_type: serial_number\noperating_system:\n- windows\n- linux\ninstallation:\n- citrix\n- web\nprocured_by: Katelynn Walker\nreference: invoice\nmaintenance_contract: \'false\'\nmaintenance_currency: CHF\n','2016-07-26 23:44:34','2016-07-26 23:44:34',NULL),(99,'lhp9m596l3zmpg5vayz255','77:53:df:6e:ca:ea-0a:bd:99:21:a6:b0-25:1b:df:a2:c2:e0',80,NULL,NULL,1,NULL,NULL,NULL,NULL,NULL,NULL,NULL,0,0,0,0,1,0,NULL,NULL,NULL,NULL,NULL,'--- !ruby/hash:ActiveSupport::HashWithIndifferentAccess\nlicense_type: single_workplace\nactivation_type: serial_number\noperating_system:\n- windows\n- linux\ninstallation:\n- citrix\n- web\nreference: invoice\nmaintenance_contract: \'false\'\nmaintenance_currency: CHF\n','2016-07-26 23:44:34','2016-07-26 23:44:34',NULL),(100,'4gmg137u7sg6xxljqoye56','d9:e7:8b:2a:ee:c0-50:bd:86:63:6f:39-f4:b7:ef:5e:9f:d1',81,NULL,NULL,1,NULL,NULL,NULL,NULL,NULL,NULL,NULL,0,0,0,0,1,0,NULL,NULL,NULL,NULL,NULL,'--- !ruby/hash:ActiveSupport::HashWithIndifferentAccess\nlicense_type: single_workplace\nactivation_type: serial_number\noperating_system:\n- windows\n- linux\ninstallation:\n- citrix\n- web\nreference: invoice\nmaintenance_contract: \'false\'\nmaintenance_currency: CHF\n','2016-07-26 23:44:34','2016-07-26 23:44:34',NULL),(101,'A73','ca:bc:ba:4b:92:b6-18:b0:88:4f:71:69-35:b3:6b:f2:cc:66',82,NULL,NULL,1,NULL,NULL,NULL,NULL,NULL,NULL,NULL,0,0,0,0,2,0,NULL,NULL,NULL,NULL,NULL,'--- !ruby/hash:ActiveSupport::HashWithIndifferentAccess\nreference: invoice\nactivation_type: none\nlicense_type: free\nmaintenance_contract: \'false\'\nmaintenance_currency: CHF\n','2016-07-26 23:44:34','2016-07-26 23:44:34',NULL),(102,'A74','dd:50:fd:7e:a2:78-6e:75:37:bd:2f:05-23:cf:52:b4:cd:79',83,NULL,NULL,1,NULL,NULL,NULL,NULL,'2016-07-27','Consequatur sit qui sed aspernatur dicta dolorem totam mollitia.',NULL,0,0,1,0,1,0,NULL,NULL,NULL,NULL,NULL,'--- !ruby/hash:ActiveSupport::HashWithIndifferentAccess\nreference: invoice\nactivation_type: none\nlicense_type: free\nmaintenance_contract: \'false\'\nmaintenance_currency: CHF\n','2016-07-26 23:44:34','2016-07-26 23:44:34',NULL),(103,'IT9','6a:22:5e:71:f8:f3-bb:02:fc:7d:f0:9d-75:97:03:94:f2:ee',84,NULL,NULL,2,NULL,NULL,NULL,NULL,'2016-07-27','Eos culpa quia excepturi reiciendis dolores et aut.',NULL,0,0,1,0,1,0,NULL,NULL,NULL,NULL,NULL,'--- !ruby/hash:ActiveSupport::HashWithIndifferentAccess\nreference: invoice\nactivation_type: none\nlicense_type: free\nmaintenance_contract: \'false\'\nmaintenance_currency: CHF\n','2016-07-26 23:44:34','2016-07-26 23:44:34',NULL),(104,'IT10','48:91:b9:ae:ca:bf-46:2e:60:9e:dd:ed-1f:18:b0:7b:ec:69',85,NULL,NULL,2,NULL,NULL,NULL,NULL,NULL,NULL,NULL,0,0,1,0,2,0,NULL,NULL,NULL,NULL,NULL,'--- !ruby/hash:ActiveSupport::HashWithIndifferentAccess\nreference: invoice\nactivation_type: none\nlicense_type: free\nmaintenance_contract: \'false\'\nmaintenance_currency: CHF\n','2016-07-26 23:44:34','2016-07-26 23:44:34',NULL),(105,'A75','3f:68:49:b2:9b:a8-78:39:19:0d:0a:ad-ae:e0:aa:5f:9d:71',86,NULL,NULL,1,NULL,NULL,'2016-07-27',NULL,NULL,NULL,NULL,0,0,0,0,1,0,NULL,NULL,NULL,NULL,NULL,'--- !ruby/hash:ActiveSupport::HashWithIndifferentAccess\nlicense_expiration: \'2016-07-27\'\nmaintenance_contract: \'true\'\nmaintenance_expiration: \'2016-07-27\'\nreference: invoice\nactivation_type: none\nlicense_type: free\nmaintenance_currency: CHF\n','2016-07-26 23:44:34','2016-07-26 23:44:34',NULL),(106,'acrobat123','cf:f7:6f:74:39:8d-aa:94:7e:9c:0e:03-85:ba:6c:dc:b0:0a',74,NULL,NULL,1,NULL,NULL,NULL,NULL,NULL,NULL,NULL,0,0,1,0,1,0,NULL,NULL,NULL,NULL,NULL,'--- !ruby/hash:ActiveSupport::HashWithIndifferentAccess\nreference: invoice\nactivation_type: none\nlicense_type: free\nmaintenance_contract: \'false\'\nmaintenance_currency: CHF\nquantity_allocations:\n- :room: dolorem\n  :quantity: \'17\'\n- :room: qui\n  :quantity: \'17\'\n','2016-07-26 23:44:34','2016-07-26 23:44:34',NULL),(107,'msword123','ff:b2:78:86:1b:79-8d:06:65:a9:75:4e-20:6d:d8:86:c5:bd',87,NULL,NULL,1,NULL,NULL,NULL,NULL,NULL,NULL,NULL,0,0,0,0,1,0,NULL,NULL,NULL,NULL,NULL,'--- !ruby/hash:ActiveSupport::HashWithIndifferentAccess\nlicense_type: multiple_workplace\noperating_system:\n- mac_os_x\nreference: invoice\nactivation_type: none\nmaintenance_contract: \'false\'\nmaintenance_currency: CHF\nquantity_allocations:\n- :room: et\n  :quantity: \'2\'\n- :room: officia\n  :quantity: \'10\'\n','2016-07-26 23:44:34','2016-07-26 23:44:34',NULL),(108,'lic111','29:0c:0f:a9:98:6c-8f:7d:6d:fc:b5:b5-dc:dc:39:83:74:ae',88,NULL,NULL,1,NULL,NULL,NULL,NULL,NULL,NULL,NULL,0,0,0,0,2,0,NULL,NULL,NULL,NULL,NULL,'--- !ruby/hash:ActiveSupport::HashWithIndifferentAccess\nlicense_type: concurrent\noperating_system:\n- linux\n- windows\nreference: invoice\nactivation_type: none\nmaintenance_contract: \'false\'\nmaintenance_currency: CHF\n','2016-07-26 23:44:34','2016-07-26 23:44:34',NULL),(109,'A76','30:b0:f0:e3:13:c7-a2:f3:c5:c0:90:9e-60:63:ab:72:af:66',89,NULL,NULL,1,NULL,NULL,NULL,NULL,NULL,NULL,NULL,0,0,1,0,1,0,NULL,NULL,NULL,NULL,NULL,'--- !ruby/hash:ActiveSupport::HashWithIndifferentAccess\nlicense_type: site_license\noperating_system:\n- mac_os_x\n- windows\nreference: invoice\nactivation_type: none\nmaintenance_contract: \'false\'\nmaintenance_currency: CHF\n','2016-07-26 23:44:34','2016-07-26 23:44:34',NULL),(110,'g4fcymruvadfxyjr5rl857','ee:c0:47:82:00:2f-ea:b8:d6:69:4b:cf-0c:6f:35:89:6b:79',90,3,95,1,NULL,NULL,'2011-09-13','2016-07-27',NULL,NULL,'41.00',0,0,1,0,1,1,NULL,NULL,NULL,NULL,NULL,'--- !ruby/hash:ActiveSupport::HashWithIndifferentAccess\nanschaffungskategorie: AV-Technik\nreference: invoice\numzug: zgeln\nankunftszustand: intakt\n','2016-07-26 23:44:34','2016-07-26 23:44:34',NULL),(111,'eorw2qcz6oakm08vk11658','39:bd:40:d0:4b:66-bd:40:c2:f7:1d:7a-77:d4:bf:89:08:3e',91,3,96,1,110,NULL,'2015-08-12','2016-07-27',NULL,NULL,'19.00',0,0,1,0,1,1,NULL,NULL,NULL,NULL,NULL,'--- !ruby/hash:ActiveSupport::HashWithIndifferentAccess\nanschaffungskategorie: AV-Technik\nreference: invoice\numzug: zgeln\nankunftszustand: intakt\n','2016-07-26 23:44:34','2016-07-26 23:44:34',NULL),(112,'a4kwekvy4fcoqnsoq6hx59','ee:95:6f:06:c2:84-86:ae:aa:46:c7:17-cc:12:e8:53:82:5b',92,3,97,1,110,NULL,'2013-05-08','2016-07-27',NULL,NULL,'1008.00',0,0,1,0,1,1,NULL,NULL,NULL,NULL,NULL,'--- !ruby/hash:ActiveSupport::HashWithIndifferentAccess\nanschaffungskategorie: AV-Technik\nreference: invoice\numzug: zgeln\nankunftszustand: intakt\n','2016-07-26 23:44:34','2016-07-26 23:44:34',NULL),(113,'v1iwfo820ounfzj21ncy60','de:78:85:6e:76:82-50:fa:6b:62:13:3f-b9:e8:95:0f:fc:2e',93,3,98,1,110,NULL,'2011-01-24','2016-07-27',NULL,NULL,'796.00',0,0,1,0,1,1,NULL,NULL,NULL,NULL,NULL,'--- !ruby/hash:ActiveSupport::HashWithIndifferentAccess\nanschaffungskategorie: AV-Technik\nreference: invoice\numzug: zgeln\nankunftszustand: intakt\n','2016-07-26 23:44:34','2016-07-26 23:44:34',NULL),(114,'ts3o1j4qc84j2p2wrwfx61','ce:bb:f6:49:54:90-cc:92:0d:8e:20:7a-6c:ba:e1:84:b7:50',90,7,99,1,NULL,NULL,'2013-04-18','2016-07-27',NULL,NULL,'708.00',0,0,1,0,1,1,NULL,NULL,NULL,NULL,NULL,'--- !ruby/hash:ActiveSupport::HashWithIndifferentAccess\nanschaffungskategorie: AV-Technik\nreference: invoice\numzug: zgeln\nankunftszustand: intakt\n','2016-07-26 23:44:34','2016-07-26 23:44:34',NULL),(115,'11trc52fg6nbect1ohjv62','e9:7d:65:53:07:fe-c8:ef:35:5b:b1:62-84:48:50:28:29:9d',94,7,100,1,114,NULL,'2011-10-10','2016-07-27',NULL,NULL,'1004.00',0,0,1,0,1,1,NULL,NULL,NULL,NULL,NULL,'--- !ruby/hash:ActiveSupport::HashWithIndifferentAccess\nanschaffungskategorie: AV-Technik\nreference: invoice\numzug: zgeln\nankunftszustand: intakt\n','2016-07-26 23:44:34','2016-07-26 23:44:34',NULL),(116,'ih46qvydro7rriunmtp763','2e:22:0b:90:af:91-07:66:af:01:0d:f6-b4:39:4e:ea:d3:56',95,7,101,1,114,NULL,'2013-07-16','2016-07-27',NULL,NULL,'185.00',0,0,1,0,1,1,NULL,NULL,NULL,NULL,NULL,'--- !ruby/hash:ActiveSupport::HashWithIndifferentAccess\nanschaffungskategorie: AV-Technik\nreference: invoice\numzug: zgeln\nankunftszustand: intakt\n','2016-07-26 23:44:34','2016-07-26 23:44:34',NULL),(117,'f430d6hq95v7yl1uq8hj64','21:21:4e:56:40:91-a7:66:1b:b5:8f:b6-76:ac:39:71:07:c0',96,7,102,1,114,NULL,'2013-01-19','2016-07-27',NULL,NULL,'1196.00',0,0,1,0,1,1,NULL,NULL,NULL,NULL,NULL,'--- !ruby/hash:ActiveSupport::HashWithIndifferentAccess\nanschaffungskategorie: AV-Technik\nreference: invoice\numzug: zgeln\nankunftszustand: intakt\n','2016-07-26 23:44:34','2016-07-26 23:44:34',NULL),(118,'dal5aihqy4n14fkpjk8t65','74:61:ef:91:59:9c-b4:5a:2d:71:17:97-89:b5:6a:8a:24:66',90,11,103,1,NULL,NULL,'2012-05-21','2016-07-27',NULL,NULL,'489.00',0,0,1,0,1,1,NULL,NULL,NULL,NULL,NULL,'--- !ruby/hash:ActiveSupport::HashWithIndifferentAccess\nanschaffungskategorie: AV-Technik\nreference: invoice\numzug: zgeln\nankunftszustand: intakt\n','2016-07-26 23:44:34','2016-07-26 23:44:34',NULL),(119,'95whetxuomvpgsrlo2ox66','71:99:b2:d4:c4:e8-c4:9d:13:17:e8:8e-85:70:54:23:c8:80',97,11,104,1,118,NULL,'2014-08-25','2016-07-27',NULL,NULL,'580.00',0,0,1,0,1,1,NULL,NULL,NULL,NULL,NULL,'--- !ruby/hash:ActiveSupport::HashWithIndifferentAccess\nanschaffungskategorie: AV-Technik\nreference: invoice\numzug: zgeln\nankunftszustand: intakt\n','2016-07-26 23:44:34','2016-07-26 23:44:34',NULL),(120,'nr25i4648lbv592lreij67','50:d5:99:0c:4a:6f-24:28:86:9e:c5:0b-be:f9:71:24:dc:71',98,11,105,1,118,NULL,'2013-12-08','2016-07-27',NULL,NULL,'566.00',0,0,1,0,1,1,NULL,NULL,NULL,NULL,NULL,'--- !ruby/hash:ActiveSupport::HashWithIndifferentAccess\nanschaffungskategorie: AV-Technik\nreference: invoice\numzug: zgeln\nankunftszustand: intakt\n','2016-07-26 23:44:34','2016-07-26 23:44:34',NULL),(121,'5yufm8ee6ta70v34ubqi68','5a:86:ac:b1:aa:b9-be:3a:fa:c8:ee:3c-15:1b:95:33:ed:1f',99,11,106,1,118,NULL,'2012-04-22','2016-07-27',NULL,NULL,'557.00',0,0,1,0,1,1,NULL,NULL,NULL,NULL,NULL,'--- !ruby/hash:ActiveSupport::HashWithIndifferentAccess\nanschaffungskategorie: AV-Technik\nreference: invoice\numzug: zgeln\nankunftszustand: intakt\n','2016-07-26 23:44:34','2016-07-26 23:44:34',NULL),(122,'bl2qmw14bpjbauxd4eac69','98:84:c9:90:a4:73-aa:4f:c4:c2:ee:32-5f:f0:51:56:ce:83',90,15,107,2,NULL,NULL,'2012-08-07','2016-07-27',NULL,NULL,'1007.00',0,0,1,0,2,1,NULL,NULL,NULL,NULL,NULL,'--- !ruby/hash:ActiveSupport::HashWithIndifferentAccess\nanschaffungskategorie: AV-Technik\nreference: invoice\numzug: zgeln\nankunftszustand: intakt\n','2016-07-26 23:44:34','2016-07-26 23:44:34',NULL),(123,'iecustl56c6bg0n873m070','00:86:f4:24:04:39-67:8c:9a:b8:85:2e-3c:8f:ed:23:15:34',100,15,108,2,122,NULL,'2012-09-01','2016-07-27',NULL,NULL,'1116.00',0,0,1,0,2,1,NULL,NULL,NULL,NULL,NULL,'--- !ruby/hash:ActiveSupport::HashWithIndifferentAccess\nanschaffungskategorie: AV-Technik\nreference: invoice\numzug: zgeln\nankunftszustand: intakt\n','2016-07-26 23:44:34','2016-07-26 23:44:34',NULL),(124,'r7nzuraopvoat8j3p9g771','f6:f4:05:6b:d6:f3-36:6b:27:51:e3:f7-45:0d:f2:d2:8a:2b',101,15,109,2,122,NULL,'2014-04-28','2016-07-27',NULL,NULL,'1338.00',0,0,1,0,2,1,NULL,NULL,NULL,NULL,NULL,'--- !ruby/hash:ActiveSupport::HashWithIndifferentAccess\nanschaffungskategorie: AV-Technik\nreference: invoice\numzug: zgeln\nankunftszustand: intakt\n','2016-07-26 23:44:34','2016-07-26 23:44:34',NULL),(125,'o0uir8xqy6fwitiu8x8372','b7:dc:9d:17:cd:98-53:17:5c:56:7b:be-0c:4e:f0:77:57:a0',102,15,110,2,122,NULL,'2013-10-30','2016-07-27',NULL,NULL,'258.00',0,0,1,0,2,1,NULL,NULL,NULL,NULL,NULL,'--- !ruby/hash:ActiveSupport::HashWithIndifferentAccess\nanschaffungskategorie: AV-Technik\nreference: invoice\numzug: zgeln\nankunftszustand: intakt\n','2016-07-26 23:44:34','2016-07-26 23:44:34',NULL),(126,'wa3fq7svp0bifk6nh9gg73','40:3c:90:5f:7b:16-d1:30:81:32:fe:88-9a:d8:c0:a2:9c:bc',103,19,111,1,NULL,NULL,'2015-09-09','2016-07-27',NULL,NULL,'1357.00',0,0,1,0,1,1,NULL,NULL,NULL,NULL,NULL,'--- !ruby/hash:ActiveSupport::HashWithIndifferentAccess\nanschaffungskategorie: AV-Technik\nreference: invoice\numzug: zgeln\nankunftszustand: intakt\n','2016-07-26 23:44:34','2016-07-26 23:44:34',NULL),(127,'rtifutyi8xcirdwv1oah74','2a:15:5b:75:5e:cd-a1:3a:0a:ef:62:3b-18:53:f9:f3:8d:dd',104,19,112,1,126,NULL,'2015-06-25','2016-07-27',NULL,NULL,'698.00',0,0,1,0,1,1,NULL,NULL,NULL,NULL,NULL,'--- !ruby/hash:ActiveSupport::HashWithIndifferentAccess\nanschaffungskategorie: AV-Technik\nreference: invoice\numzug: zgeln\nankunftszustand: intakt\n','2016-07-26 23:44:34','2016-07-26 23:44:34',NULL),(128,'p216utylab1oxw1mmkgm75','70:e6:38:f2:fd:5e-58:80:7e:de:64:13-c6:d2:7f:87:a7:e7',105,19,113,1,126,NULL,'2015-08-23','2016-07-27',NULL,NULL,'1125.00',0,0,1,0,1,1,NULL,NULL,NULL,NULL,NULL,'--- !ruby/hash:ActiveSupport::HashWithIndifferentAccess\nanschaffungskategorie: AV-Technik\nreference: invoice\numzug: zgeln\nankunftszustand: intakt\n','2016-07-26 23:44:34','2016-07-26 23:44:34',NULL),(129,'oc3a7iqfxh474lt2cdjh76','c7:e5:8e:c9:a5:7e-f7:9d:8a:fb:00:b5-c8:b1:ca:0a:a8:91',106,19,114,1,126,NULL,'2014-08-20','2016-07-27',NULL,NULL,'114.00',0,0,1,0,1,1,NULL,NULL,NULL,NULL,NULL,'--- !ruby/hash:ActiveSupport::HashWithIndifferentAccess\nanschaffungskategorie: AV-Technik\nreference: invoice\numzug: zgeln\nankunftszustand: intakt\n','2016-07-26 23:44:34','2016-07-26 23:44:34',NULL),(130,'wdxihpgnvtvb7wuiigpd77','ba:c9:72:1e:bf:57-bb:2a:09:ba:f3:b3-c5:b6:f5:c6:8e:3f',103,23,115,1,NULL,NULL,'2013-06-13','2016-07-27',NULL,NULL,'914.00',0,0,1,0,1,1,NULL,NULL,NULL,NULL,NULL,'--- !ruby/hash:ActiveSupport::HashWithIndifferentAccess\nanschaffungskategorie: AV-Technik\nreference: invoice\numzug: zgeln\nankunftszustand: intakt\n','2016-07-26 23:44:34','2016-07-26 23:44:34',NULL),(131,'zvxhs6nnsx1e9bmqqmfz78','c9:7a:7a:d6:0d:5e-b8:8b:6c:5a:51:21-e5:e4:77:c4:d9:e1',107,23,116,1,130,NULL,'2011-12-01','2016-07-27',NULL,NULL,'614.00',0,0,1,0,1,1,NULL,NULL,NULL,NULL,NULL,'--- !ruby/hash:ActiveSupport::HashWithIndifferentAccess\nanschaffungskategorie: AV-Technik\nreference: invoice\numzug: zgeln\nankunftszustand: intakt\n','2016-07-26 23:44:34','2016-07-26 23:44:34',NULL),(132,'pze9e9l66qjv0hmjmpfa79','cc:6e:30:bd:b5:2d-ba:ee:68:6f:de:24-68:04:9c:9f:1a:d7',108,23,117,1,130,NULL,'2015-11-05','2016-07-27',NULL,NULL,'756.00',0,0,1,0,1,1,NULL,NULL,NULL,NULL,NULL,'--- !ruby/hash:ActiveSupport::HashWithIndifferentAccess\nanschaffungskategorie: AV-Technik\nreference: invoice\numzug: zgeln\nankunftszustand: intakt\n','2016-07-26 23:44:34','2016-07-26 23:44:34',NULL),(133,'2nby9iimqjl1xeinkkd180','78:4b:6a:db:8d:62-d0:24:9f:7a:80:fc-13:0c:a3:81:dd:b1',109,23,118,1,130,NULL,'2015-12-16','2016-07-27',NULL,NULL,'1477.00',0,0,1,0,1,1,NULL,NULL,NULL,NULL,NULL,'--- !ruby/hash:ActiveSupport::HashWithIndifferentAccess\nanschaffungskategorie: AV-Technik\nreference: invoice\numzug: zgeln\nankunftszustand: intakt\n','2016-07-26 23:44:34','2016-07-26 23:44:34',NULL),(134,'h5yu67f10qr5zrtx770k81','e6:7e:a1:50:f9:b6-4f:ec:01:f3:8f:0c-27:ca:48:9c:61:37',103,27,119,1,NULL,NULL,'2014-08-28','2016-07-27',NULL,NULL,'417.00',0,0,1,0,1,1,NULL,NULL,NULL,NULL,NULL,'--- !ruby/hash:ActiveSupport::HashWithIndifferentAccess\nanschaffungskategorie: AV-Technik\nreference: invoice\numzug: zgeln\nankunftszustand: intakt\n','2016-07-26 23:44:34','2016-07-26 23:44:34',NULL),(135,'p2kkjg81xmw9j23vv4nt82','96:14:af:7c:dd:bb-7f:b5:e7:40:aa:ea-b4:f4:60:17:74:10',110,27,120,1,134,NULL,'2015-11-03','2016-07-27',NULL,NULL,'1131.00',0,0,1,0,1,1,NULL,NULL,NULL,NULL,NULL,'--- !ruby/hash:ActiveSupport::HashWithIndifferentAccess\nanschaffungskategorie: AV-Technik\nreference: invoice\numzug: zgeln\nankunftszustand: intakt\n','2016-07-26 23:44:34','2016-07-26 23:44:34',NULL),(136,'vde47c1dnm80ejl80fnx83','cf:29:01:c6:53:e2-52:cb:e9:17:39:0d-4f:5a:81:0a:65:64',111,27,121,1,134,NULL,'2014-01-16','2016-07-27',NULL,NULL,'1026.00',0,0,1,0,1,1,NULL,NULL,NULL,NULL,NULL,'--- !ruby/hash:ActiveSupport::HashWithIndifferentAccess\nanschaffungskategorie: AV-Technik\nreference: invoice\numzug: zgeln\nankunftszustand: intakt\n','2016-07-26 23:44:34','2016-07-26 23:44:34',NULL),(137,'v9bshjrinnkqwdf7w7i884','de:44:c3:36:df:1b-27:9c:35:13:06:7b-0b:46:35:41:ce:b9',112,27,122,1,134,NULL,'2011-07-01','2016-07-27',NULL,NULL,'507.00',0,0,1,0,1,1,NULL,NULL,NULL,NULL,NULL,'--- !ruby/hash:ActiveSupport::HashWithIndifferentAccess\nanschaffungskategorie: AV-Technik\nreference: invoice\numzug: zgeln\nankunftszustand: intakt\n','2016-07-26 23:44:34','2016-07-26 23:44:34',NULL),(138,'6h5hx7lv853p1efn9shd85','56:0a:55:aa:8f:76-89:02:74:c7:94:a0-99:5f:61:f0:90:06',113,31,123,8,NULL,NULL,'2013-08-15','2016-07-27',NULL,NULL,'288.00',0,0,1,0,7,1,NULL,NULL,NULL,NULL,NULL,'--- !ruby/hash:ActiveSupport::HashWithIndifferentAccess\nanschaffungskategorie: AV-Technik\nreference: invoice\numzug: zgeln\nankunftszustand: intakt\n','2016-07-26 23:44:34','2016-07-26 23:44:34',NULL),(139,'f38i3hsqub3wtsmrrcug86','29:64:f7:77:d8:e9-82:91:f9:fe:67:0f-7a:94:ad:b7:48:90',113,32,124,9,NULL,NULL,'2015-10-15','2016-07-27',NULL,NULL,'1394.00',0,0,1,0,7,1,NULL,NULL,NULL,NULL,NULL,'--- !ruby/hash:ActiveSupport::HashWithIndifferentAccess\nanschaffungskategorie: AV-Technik\nreference: invoice\numzug: zgeln\nankunftszustand: intakt\n','2016-07-26 23:44:34','2016-07-26 23:44:34',NULL),(140,'rp2wgd4cncfwm70hbb0287','1c:69:f4:40:d3:e4-c2:ab:86:49:93:d4-a5:37:c6:b9:e1:6e',113,33,125,3,NULL,NULL,'2013-03-08','2016-07-27',NULL,NULL,'388.00',0,0,1,0,7,1,NULL,NULL,NULL,NULL,NULL,'--- !ruby/hash:ActiveSupport::HashWithIndifferentAccess\nanschaffungskategorie: AV-Technik\nreference: invoice\numzug: zgeln\nankunftszustand: intakt\n','2016-07-26 23:44:34','2016-07-26 23:44:34',NULL),(141,'975um1vwgmmtytfku8hp88','d5:07:f1:22:61:b3-25:4b:22:56:05:18-1b:77:e6:72:75:e4',117,34,126,3,NULL,NULL,'2013-03-01','2016-07-27',NULL,NULL,'1189.00',0,0,1,0,7,1,NULL,NULL,NULL,NULL,NULL,'--- !ruby/hash:ActiveSupport::HashWithIndifferentAccess\nanschaffungskategorie: AV-Technik\nreference: invoice\numzug: zgeln\nankunftszustand: intakt\n','2016-07-26 23:44:34','2016-07-26 23:44:34',NULL),(142,'kryc602buamhe4peeyh589','73:7a:ef:dd:79:dd-7f:7e:f5:42:5e:42-57:67:e8:3b:bb:5f',117,35,127,5,NULL,NULL,'2012-08-01','2016-07-27',NULL,NULL,'1016.00',0,0,1,0,7,1,NULL,NULL,NULL,NULL,NULL,'--- !ruby/hash:ActiveSupport::HashWithIndifferentAccess\nanschaffungskategorie: AV-Technik\nreference: invoice\numzug: zgeln\nankunftszustand: intakt\n','2016-07-26 23:44:34','2016-07-26 23:44:34',NULL),(143,'u424ficdecmwhcc562jf90','e2:9b:68:83:98:43-f3:ae:84:c4:6d:2c-08:f9:f2:97:85:3c',117,36,128,10,NULL,NULL,'2012-08-13','2016-07-27',NULL,NULL,'153.00',0,0,1,0,7,1,NULL,NULL,NULL,NULL,NULL,'--- !ruby/hash:ActiveSupport::HashWithIndifferentAccess\nanschaffungskategorie: AV-Technik\nreference: invoice\numzug: zgeln\nankunftszustand: intakt\n','2016-07-26 23:44:34','2016-07-26 23:44:34',NULL),(144,'85v9b7kl69lbvjx63ean91','67:32:1b:4c:10:e8-ba:68:da:74:89:1c-d2:35:1e:60:84:c6',121,37,129,5,NULL,NULL,'2012-12-03','2016-07-27',NULL,NULL,'1472.00',0,0,1,0,7,1,NULL,NULL,NULL,NULL,NULL,'--- !ruby/hash:ActiveSupport::HashWithIndifferentAccess\nanschaffungskategorie: AV-Technik\nreference: invoice\numzug: zgeln\nankunftszustand: intakt\n','2016-07-26 23:44:34','2016-07-26 23:44:34',NULL),(145,'tvshv84l7kcurs6y616k92','fd:bd:41:dc:3a:29-a2:ec:c0:82:f1:c1-ec:4b:0f:62:e7:0d',121,38,130,4,NULL,NULL,'2013-06-02','2016-07-27',NULL,NULL,'255.00',0,0,1,0,7,1,NULL,NULL,NULL,NULL,NULL,'--- !ruby/hash:ActiveSupport::HashWithIndifferentAccess\nanschaffungskategorie: AV-Technik\nreference: invoice\numzug: zgeln\nankunftszustand: intakt\n','2016-07-26 23:44:34','2016-07-26 23:44:34',NULL),(146,'uwx1i9r1nfm3pgn07xhs93','03:92:36:d7:48:54-68:6b:07:ce:11:6d-c9:d0:ba:79:43:42',121,39,131,5,NULL,NULL,'2011-11-18','2016-07-27',NULL,NULL,'956.00',0,0,1,0,7,1,NULL,NULL,NULL,NULL,NULL,'--- !ruby/hash:ActiveSupport::HashWithIndifferentAccess\nanschaffungskategorie: AV-Technik\nreference: invoice\numzug: zgeln\nankunftszustand: intakt\n','2016-07-26 23:44:34','2016-07-26 23:44:34',NULL),(147,'w5iluv8wiw5sn53bwmn894','2d:8c:d6:6d:fd:11-98:67:5c:89:8c:a6-59:a3:2e:8b:22:24',125,40,132,4,NULL,NULL,'2015-07-07','2016-07-27',NULL,NULL,'1139.00',0,0,1,0,7,1,NULL,NULL,NULL,NULL,NULL,'--- !ruby/hash:ActiveSupport::HashWithIndifferentAccess\nanschaffungskategorie: AV-Technik\nreference: invoice\numzug: zgeln\nankunftszustand: intakt\n','2016-07-26 23:44:34','2016-07-26 23:44:34',NULL),(148,'txi2r0abr0o7nxiune9395','b9:56:06:ca:34:f9-3c:1b:4c:3d:de:5e-af:d0:4e:a3:1d:29',125,41,133,9,NULL,NULL,'2013-08-22','2016-07-27',NULL,NULL,'1134.00',0,0,1,0,7,1,NULL,NULL,NULL,NULL,NULL,'--- !ruby/hash:ActiveSupport::HashWithIndifferentAccess\nanschaffungskategorie: AV-Technik\nreference: invoice\numzug: zgeln\nankunftszustand: intakt\n','2016-07-26 23:44:34','2016-07-26 23:44:34',NULL),(149,'qfc34j9o44l7jrnm95m496','34:6a:72:34:b0:0d-19:e6:49:96:07:3c-87:1f:54:e6:71:f1',125,42,134,2,NULL,NULL,'2014-08-18','2016-07-27',NULL,NULL,'210.00',0,0,1,0,7,1,NULL,NULL,NULL,NULL,NULL,'--- !ruby/hash:ActiveSupport::HashWithIndifferentAccess\nanschaffungskategorie: AV-Technik\nreference: invoice\numzug: zgeln\nankunftszustand: intakt\n','2016-07-26 23:44:34','2016-07-26 23:44:34',NULL),(150,'uwipenodo6sqsgylwj7397','b6:06:03:d7:b7:66-44:14:b6:46:70:f8-bf:99:76:66:05:63',129,43,135,8,NULL,NULL,'2013-07-06','2016-07-27',NULL,NULL,'168.00',0,0,1,0,7,1,NULL,NULL,NULL,NULL,NULL,'--- !ruby/hash:ActiveSupport::HashWithIndifferentAccess\nanschaffungskategorie: AV-Technik\nreference: invoice\numzug: zgeln\nankunftszustand: intakt\n','2016-07-26 23:44:34','2016-07-26 23:44:34',NULL),(151,'17b7z32tqa2n1yrikr6s98','e6:48:b8:0b:d9:af-58:96:0c:95:7a:5f-a9:63:9e:a7:d9:82',129,44,136,7,NULL,NULL,'2014-10-26','2016-07-27',NULL,NULL,'1372.00',0,0,1,0,7,1,NULL,NULL,NULL,NULL,NULL,'--- !ruby/hash:ActiveSupport::HashWithIndifferentAccess\nanschaffungskategorie: AV-Technik\nreference: invoice\numzug: zgeln\nankunftszustand: intakt\n','2016-07-26 23:44:34','2016-07-26 23:44:34',NULL),(152,'6gjasofw9hekyx1ropwy99','31:85:1d:9a:4f:23-17:a7:40:c1:62:4d-ce:ac:3e:f7:e8:9e',129,45,137,9,NULL,NULL,'2011-07-20','2016-07-27',NULL,NULL,'349.00',0,0,1,0,7,1,NULL,NULL,NULL,NULL,NULL,'--- !ruby/hash:ActiveSupport::HashWithIndifferentAccess\nanschaffungskategorie: AV-Technik\nreference: invoice\numzug: zgeln\nankunftszustand: intakt\n','2016-07-26 23:44:34','2016-07-26 23:44:34',NULL),(153,'2teear66gchbn2gjdnbw100','a8:cb:11:96:15:da-36:4a:46:36:73:11-72:01:aa:aa:45:9c',133,46,138,11,NULL,NULL,'2012-08-10','2016-07-27',NULL,NULL,'1393.00',0,0,1,0,7,1,NULL,NULL,NULL,NULL,NULL,'--- !ruby/hash:ActiveSupport::HashWithIndifferentAccess\nanschaffungskategorie: AV-Technik\nreference: invoice\numzug: zgeln\nankunftszustand: intakt\n','2016-07-26 23:44:34','2016-07-26 23:44:34',NULL),(154,'006tcj0vtzgthmz8tss8101','05:84:49:5c:bd:2b-c0:c1:c1:e4:2e:61-5e:00:78:cf:24:57',133,47,139,3,NULL,NULL,'2015-10-10','2016-07-27',NULL,NULL,'538.00',0,0,1,0,7,1,NULL,NULL,NULL,NULL,NULL,'--- !ruby/hash:ActiveSupport::HashWithIndifferentAccess\nanschaffungskategorie: AV-Technik\nreference: invoice\numzug: zgeln\nankunftszustand: intakt\n','2016-07-26 23:44:34','2016-07-26 23:44:34',NULL),(155,'2x68sbvxi4wox7926pnc102','cb:9d:34:a4:3f:19-a1:51:63:81:cb:58-98:57:0a:37:7c:a8',133,48,140,1,NULL,NULL,'2013-05-30','2016-07-27',NULL,NULL,'927.00',0,0,1,0,7,1,NULL,NULL,NULL,NULL,NULL,'--- !ruby/hash:ActiveSupport::HashWithIndifferentAccess\nanschaffungskategorie: AV-Technik\nreference: invoice\numzug: zgeln\nankunftszustand: intakt\n','2016-07-26 23:44:34','2016-07-26 23:44:34',NULL),(156,'zgo9zhpcfcf74y87qf8z103','b8:a8:54:dc:36:dc-6a:00:0f:68:cb:07-3c:6c:08:e3:a9:5e',137,49,141,9,NULL,NULL,'2012-04-26','2016-07-27',NULL,NULL,'1240.00',0,0,1,0,3,1,NULL,NULL,NULL,NULL,NULL,'--- !ruby/hash:ActiveSupport::HashWithIndifferentAccess\nanschaffungskategorie: AV-Technik\nreference: invoice\numzug: zgeln\nankunftszustand: intakt\n','2016-07-26 23:44:34','2016-07-26 23:44:34',NULL),(157,'rgbmc6whg2pdtbrobup8104','98:9c:19:ec:2d:d8-2c:14:a0:1f:63:41-99:5a:a4:71:57:23',137,50,142,7,NULL,NULL,'2013-06-18','2016-07-27',NULL,NULL,'1238.00',0,0,1,0,3,1,NULL,NULL,NULL,NULL,NULL,'--- !ruby/hash:ActiveSupport::HashWithIndifferentAccess\nanschaffungskategorie: AV-Technik\nreference: invoice\numzug: zgeln\nankunftszustand: intakt\n','2016-07-26 23:44:34','2016-07-26 23:44:34',NULL),(158,'kxiu1fproc23ok2rehou105','94:ab:dd:1e:67:3c-c7:d6:81:c5:19:76-92:e3:d2:6a:67:0b',137,51,143,2,NULL,NULL,'2012-12-17','2016-07-27',NULL,NULL,'21.00',0,0,1,0,3,1,NULL,NULL,NULL,NULL,NULL,'--- !ruby/hash:ActiveSupport::HashWithIndifferentAccess\nanschaffungskategorie: AV-Technik\nreference: invoice\numzug: zgeln\nankunftszustand: intakt\n','2016-07-26 23:44:34','2016-07-26 23:44:34',NULL),(159,'hi94bnmkgzpve2fwvucj106','61:c9:23:ba:84:25-c0:91:8a:65:8e:f0-7a:57:6c:d3:c0:19',141,52,144,9,NULL,NULL,'2015-09-02','2016-07-27',NULL,NULL,'990.00',0,0,1,0,3,1,NULL,NULL,NULL,NULL,NULL,'--- !ruby/hash:ActiveSupport::HashWithIndifferentAccess\nanschaffungskategorie: AV-Technik\nreference: invoice\numzug: zgeln\nankunftszustand: intakt\n','2016-07-26 23:44:34','2016-07-26 23:44:34',NULL),(160,'rgskazwdgc782cch9jfr107','0a:62:cc:3f:83:1a-75:db:64:57:29:9b-aa:02:3c:9c:90:51',141,53,145,2,NULL,NULL,'2012-12-29','2016-07-27',NULL,NULL,'360.00',0,0,1,0,3,1,NULL,NULL,NULL,NULL,NULL,'--- !ruby/hash:ActiveSupport::HashWithIndifferentAccess\nanschaffungskategorie: AV-Technik\nreference: invoice\numzug: zgeln\nankunftszustand: intakt\n','2016-07-26 23:44:34','2016-07-26 23:44:34',NULL),(161,'bmqab30zaeqmbuu2fjve108','ac:50:f1:10:ad:3f-64:13:50:26:da:a4-27:64:01:80:90:70',141,54,146,7,NULL,NULL,'2014-01-10','2016-07-27',NULL,NULL,'410.00',0,0,1,0,3,1,NULL,NULL,NULL,NULL,NULL,'--- !ruby/hash:ActiveSupport::HashWithIndifferentAccess\nanschaffungskategorie: AV-Technik\nreference: invoice\numzug: zgeln\nankunftszustand: intakt\n','2016-07-26 23:44:34','2016-07-26 23:44:34',NULL),(162,'oeo9kzmf8g5wdvqpguuk109','4f:c6:e5:44:58:ca-97:47:ac:cc:99:cd-2e:26:d8:46:ab:58',145,55,147,1,NULL,NULL,'2014-12-24','2016-07-27',NULL,NULL,'580.00',0,0,1,0,3,1,NULL,NULL,NULL,NULL,NULL,'--- !ruby/hash:ActiveSupport::HashWithIndifferentAccess\nanschaffungskategorie: AV-Technik\nreference: invoice\numzug: zgeln\nankunftszustand: intakt\n','2016-07-26 23:44:34','2016-07-26 23:44:34',NULL),(163,'jw83m7yulpmdam8i2cvw110','ca:6a:2a:a5:7c:22-2f:90:76:a0:b8:4b-3b:9b:28:7e:f6:0c',145,56,148,9,NULL,NULL,'2012-04-06','2016-07-27',NULL,NULL,'1485.00',0,0,1,0,3,1,NULL,NULL,NULL,NULL,NULL,'--- !ruby/hash:ActiveSupport::HashWithIndifferentAccess\nanschaffungskategorie: AV-Technik\nreference: invoice\numzug: zgeln\nankunftszustand: intakt\n','2016-07-26 23:44:34','2016-07-26 23:44:34',NULL),(164,'9qyxerdp9wbv91efy8mf111','7c:c8:63:b3:b0:89-7c:35:97:d5:97:2d-10:be:4e:41:a8:9b',145,57,149,10,NULL,NULL,'2015-07-24','2016-07-27',NULL,NULL,'479.00',0,0,1,0,3,1,NULL,NULL,NULL,NULL,NULL,'--- !ruby/hash:ActiveSupport::HashWithIndifferentAccess\nanschaffungskategorie: AV-Technik\nreference: invoice\numzug: zgeln\nankunftszustand: intakt\n','2016-07-26 23:44:34','2016-07-26 23:44:34',NULL),(165,'h2mohitm8daq6fgbpljx112','e5:39:ad:01:ec:f8-fd:8b:01:e5:85:31-4e:b2:8f:6e:6b:d6',149,58,150,6,NULL,NULL,'2014-03-12','2016-07-27',NULL,NULL,'670.00',0,0,1,0,3,1,NULL,NULL,NULL,NULL,NULL,'--- !ruby/hash:ActiveSupport::HashWithIndifferentAccess\nanschaffungskategorie: AV-Technik\nreference: invoice\numzug: zgeln\nankunftszustand: intakt\n','2016-07-26 23:44:34','2016-07-26 23:44:34',NULL),(166,'iwmysgllb6w5m4d54c1i113','35:a6:10:0c:ec:86-85:fb:50:87:9c:d5-14:2a:be:01:96:63',149,59,151,2,NULL,NULL,'2011-07-19','2016-07-27',NULL,NULL,'223.00',0,0,1,0,3,1,NULL,NULL,NULL,NULL,NULL,'--- !ruby/hash:ActiveSupport::HashWithIndifferentAccess\nanschaffungskategorie: AV-Technik\nreference: invoice\numzug: zgeln\nankunftszustand: intakt\n','2016-07-26 23:44:34','2016-07-26 23:44:34',NULL),(167,'jhrrr77wmbmde0rvj5wu114','c0:44:e1:a7:23:cf-11:77:4b:a7:9f:9b-47:28:eb:30:be:b6',149,60,152,6,NULL,NULL,'2015-12-13','2016-07-27',NULL,NULL,'412.00',0,0,1,0,3,1,NULL,NULL,NULL,NULL,NULL,'--- !ruby/hash:ActiveSupport::HashWithIndifferentAccess\nanschaffungskategorie: AV-Technik\nreference: invoice\numzug: zgeln\nankunftszustand: intakt\n','2016-07-26 23:44:34','2016-07-26 23:44:34',NULL),(168,'gfzv9koak6odv8mf9pes115','cc:c1:1f:3d:c9:dc-f9:b7:2b:7b:f6:4a-ca:d3:fc:4b:87:35',153,61,153,5,NULL,NULL,'2011-08-16','2016-07-27',NULL,NULL,'143.00',0,0,1,0,3,1,NULL,NULL,NULL,NULL,NULL,'--- !ruby/hash:ActiveSupport::HashWithIndifferentAccess\nanschaffungskategorie: AV-Technik\nreference: invoice\numzug: zgeln\nankunftszustand: intakt\n','2016-07-26 23:44:34','2016-07-26 23:44:34',NULL),(169,'d6i2bwbga9z9n3jjz7k1116','a5:00:41:ce:27:a6-2a:cc:fb:c9:ef:d3-97:46:74:73:51:f2',153,62,154,8,NULL,NULL,'2011-10-17','2016-07-27',NULL,NULL,'762.00',0,0,1,0,3,1,NULL,NULL,NULL,NULL,NULL,'--- !ruby/hash:ActiveSupport::HashWithIndifferentAccess\nanschaffungskategorie: AV-Technik\nreference: invoice\numzug: zgeln\nankunftszustand: intakt\n','2016-07-26 23:44:34','2016-07-26 23:44:34',NULL),(170,'pjs5luul4a0b4s7auci2117','1f:2d:b9:dc:26:f1-34:e9:bb:ba:2c:20-79:5b:03:30:7b:12',153,63,155,9,NULL,NULL,'2011-12-03','2016-07-27',NULL,NULL,'109.00',0,0,1,0,3,1,NULL,NULL,NULL,NULL,NULL,'--- !ruby/hash:ActiveSupport::HashWithIndifferentAccess\nanschaffungskategorie: AV-Technik\nreference: invoice\numzug: zgeln\nankunftszustand: intakt\n','2016-07-26 23:44:34','2016-07-26 23:44:34',NULL),(171,'xi09gpciuj41ok4gvr5a118','34:32:bb:da:09:97-cd:95:4e:60:45:86-a7:67:47:b4:fb:13',157,64,156,9,NULL,NULL,'2012-02-22','2016-07-27',NULL,NULL,'595.00',0,0,1,0,3,1,NULL,NULL,NULL,NULL,NULL,'--- !ruby/hash:ActiveSupport::HashWithIndifferentAccess\nanschaffungskategorie: AV-Technik\nreference: invoice\numzug: zgeln\nankunftszustand: intakt\n','2016-07-26 23:44:34','2016-07-26 23:44:34',NULL),(172,'dqx3xaf606bkc7c3fmoy119','ee:1a:77:ba:d2:ce-32:f1:3d:f0:03:a2-af:38:be:3a:bd:bb',157,65,157,10,NULL,NULL,'2013-11-02','2016-07-27',NULL,NULL,'462.00',0,0,1,0,3,1,NULL,NULL,NULL,NULL,NULL,'--- !ruby/hash:ActiveSupport::HashWithIndifferentAccess\nanschaffungskategorie: AV-Technik\nreference: invoice\numzug: zgeln\nankunftszustand: intakt\n','2016-07-26 23:44:34','2016-07-26 23:44:34',NULL),(173,'vvfcsk0t9ehdqdbmfubz120','b6:d6:cf:11:88:72-21:de:a0:c8:9a:eb-f4:7d:21:d1:6c:9c',157,66,158,6,NULL,NULL,'2012-08-03','2016-07-27',NULL,NULL,'644.00',0,0,1,0,3,1,NULL,NULL,NULL,NULL,NULL,'--- !ruby/hash:ActiveSupport::HashWithIndifferentAccess\nanschaffungskategorie: AV-Technik\nreference: invoice\numzug: zgeln\nankunftszustand: intakt\n','2016-07-26 23:44:34','2016-07-26 23:44:34',NULL),(174,'1fakt5siu0rkue93464e121','97:24:ad:3b:9f:25-ef:19:ba:65:22:47-88:3e:f9:2e:bb:1b',161,67,159,4,NULL,NULL,'2012-12-05','2016-07-27',NULL,NULL,'128.00',0,0,1,0,3,1,NULL,NULL,NULL,NULL,NULL,'--- !ruby/hash:ActiveSupport::HashWithIndifferentAccess\nanschaffungskategorie: AV-Technik\nreference: invoice\numzug: zgeln\nankunftszustand: intakt\n','2016-07-26 23:44:34','2016-07-26 23:44:34',NULL),(175,'t96p3xd0ws9q84nhdazo122','ee:d6:bd:f2:4a:75-6e:95:d4:2a:5e:66-cc:74:42:07:6d:49',161,68,160,10,NULL,NULL,'2013-03-21','2016-07-27',NULL,NULL,'1393.00',0,0,1,0,3,1,NULL,NULL,NULL,NULL,NULL,'--- !ruby/hash:ActiveSupport::HashWithIndifferentAccess\nanschaffungskategorie: AV-Technik\nreference: invoice\numzug: zgeln\nankunftszustand: intakt\n','2016-07-26 23:44:34','2016-07-26 23:44:34',NULL),(176,'39vp8fqn13utgffnmr0x123','58:59:5b:8c:d8:e3-46:fc:f2:e3:42:1b-45:c4:af:dc:a4:37',161,69,161,10,NULL,NULL,'2014-11-30','2016-07-27',NULL,NULL,'138.00',0,0,1,0,3,1,NULL,NULL,NULL,NULL,NULL,'--- !ruby/hash:ActiveSupport::HashWithIndifferentAccess\nanschaffungskategorie: AV-Technik\nreference: invoice\numzug: zgeln\nankunftszustand: intakt\n','2016-07-26 23:44:34','2016-07-26 23:44:34',NULL),(177,'1uefyco8tj7lax2m9ely124','13:7a:a9:03:bc:f4-e3:e4:56:f6:c3:8e-45:8a:c9:e3:9b:c0',165,70,162,3,NULL,NULL,'2015-12-31','2016-07-27',NULL,NULL,'122.00',0,0,1,0,3,1,NULL,NULL,NULL,NULL,NULL,'--- !ruby/hash:ActiveSupport::HashWithIndifferentAccess\nanschaffungskategorie: AV-Technik\nreference: invoice\numzug: zgeln\nankunftszustand: intakt\n','2016-07-26 23:44:34','2016-07-26 23:44:34',NULL),(178,'2u6wbi001q1ucdc6jdw1125','38:d4:bc:ca:c1:69-f9:39:3f:52:17:3a-85:2a:d2:07:0a:58',165,71,163,2,NULL,NULL,'2012-05-19','2016-07-27',NULL,NULL,'416.00',0,0,1,0,3,1,NULL,NULL,NULL,NULL,NULL,'--- !ruby/hash:ActiveSupport::HashWithIndifferentAccess\nanschaffungskategorie: AV-Technik\nreference: invoice\numzug: zgeln\nankunftszustand: intakt\n','2016-07-26 23:44:34','2016-07-26 23:44:34',NULL),(179,'zu4efzbq26nuomkwnp6r126','1d:33:55:ea:8b:d4-ab:c5:e9:24:e7:d9-a8:68:94:ff:73:08',165,72,164,11,NULL,NULL,'2015-07-02','2016-07-27',NULL,NULL,'1111.00',0,0,1,0,3,1,NULL,NULL,NULL,NULL,NULL,'--- !ruby/hash:ActiveSupport::HashWithIndifferentAccess\nanschaffungskategorie: AV-Technik\nreference: invoice\numzug: zgeln\nankunftszustand: intakt\n','2016-07-26 23:44:34','2016-07-26 23:44:34',NULL),(180,'zufbl30q456kdgbwtxoj127','ee:e4:ec:d7:ec:59-32:3c:eb:43:dd:52-1e:f6:5f:c7:c4:ce',169,73,165,5,NULL,NULL,'2011-07-12','2016-07-27',NULL,NULL,'780.00',0,0,1,0,3,1,NULL,NULL,NULL,NULL,NULL,'--- !ruby/hash:ActiveSupport::HashWithIndifferentAccess\nanschaffungskategorie: AV-Technik\nreference: invoice\numzug: zgeln\nankunftszustand: intakt\n','2016-07-26 23:44:34','2016-07-26 23:44:34',NULL),(181,'ugzv7et3od7dkqo2vbjz128','12:a1:90:c6:24:28-d4:e8:20:47:f5:9d-4f:33:8f:13:94:4e',169,74,166,3,NULL,NULL,'2011-05-18','2016-07-27',NULL,NULL,'1054.00',0,0,1,0,3,1,NULL,NULL,NULL,NULL,NULL,'--- !ruby/hash:ActiveSupport::HashWithIndifferentAccess\nanschaffungskategorie: AV-Technik\nreference: invoice\numzug: zgeln\nankunftszustand: intakt\n','2016-07-26 23:44:34','2016-07-26 23:44:34',NULL),(182,'0b6kaq1oeiw93daeub69129','32:38:bf:3c:88:17-ee:0c:a2:18:ba:70-2c:ea:af:c0:f7:fd',169,75,167,7,NULL,NULL,'2011-11-19','2016-07-27',NULL,NULL,'181.00',0,0,1,0,3,1,NULL,NULL,NULL,NULL,NULL,'--- !ruby/hash:ActiveSupport::HashWithIndifferentAccess\nanschaffungskategorie: AV-Technik\nreference: invoice\numzug: zgeln\nankunftszustand: intakt\n','2016-07-26 23:44:34','2016-07-26 23:44:34',NULL),(183,'76pbu9gh9h7rwhm6nyhh130','88:b8:d5:72:24:58-07:37:d1:bc:d8:69-6e:9e:e5:7b:34:48',173,76,168,6,NULL,NULL,'2011-10-31','2016-07-27',NULL,NULL,'1231.00',0,0,1,0,3,1,NULL,NULL,NULL,NULL,NULL,'--- !ruby/hash:ActiveSupport::HashWithIndifferentAccess\nanschaffungskategorie: AV-Technik\nreference: invoice\numzug: zgeln\nankunftszustand: intakt\n','2016-07-26 23:44:34','2016-07-26 23:44:34',NULL),(184,'ji2ug5z35ntdckiefta6131','76:17:c6:9b:ed:e2-db:7d:a5:f1:8a:67-e9:db:3a:05:77:55',173,77,169,4,NULL,NULL,'2011-04-17','2016-07-27',NULL,NULL,'345.00',0,0,1,0,3,1,NULL,NULL,NULL,NULL,NULL,'--- !ruby/hash:ActiveSupport::HashWithIndifferentAccess\nanschaffungskategorie: AV-Technik\nreference: invoice\numzug: zgeln\nankunftszustand: intakt\n','2016-07-26 23:44:34','2016-07-26 23:44:34',NULL),(185,'6z1xoqcfggvemjitjnqa132','0a:66:f5:86:6d:b4-f4:f3:b4:58:cd:e2-c2:0d:4d:d6:29:9d',173,78,170,6,NULL,NULL,'2011-12-24','2016-07-27',NULL,NULL,'569.00',0,0,1,0,3,1,NULL,NULL,NULL,NULL,NULL,'--- !ruby/hash:ActiveSupport::HashWithIndifferentAccess\nanschaffungskategorie: AV-Technik\nreference: invoice\numzug: zgeln\nankunftszustand: intakt\n','2016-07-26 23:44:34','2016-07-26 23:44:34',NULL),(186,'1ymrhgjixmbvcowpd6is133','c5:a2:80:25:89:71-19:cc:d3:26:35:3c-2f:c1:b9:30:ab:bf',177,79,171,6,NULL,NULL,'2011-04-11','2016-07-27',NULL,NULL,'98.00',0,0,1,0,3,1,NULL,NULL,NULL,NULL,NULL,'--- !ruby/hash:ActiveSupport::HashWithIndifferentAccess\nanschaffungskategorie: AV-Technik\nreference: invoice\numzug: zgeln\nankunftszustand: intakt\n','2016-07-26 23:44:34','2016-07-26 23:44:34',NULL),(187,'m51t32h3zi7uolilg850134','9e:fd:7c:9b:37:9e-bf:7a:4f:11:53:a4-5d:9f:76:dd:7c:04',177,80,172,4,NULL,NULL,'2014-09-12','2016-07-27',NULL,NULL,'1291.00',0,0,1,0,3,1,NULL,NULL,NULL,NULL,NULL,'--- !ruby/hash:ActiveSupport::HashWithIndifferentAccess\nanschaffungskategorie: AV-Technik\nreference: invoice\numzug: zgeln\nankunftszustand: intakt\n','2016-07-26 23:44:34','2016-07-26 23:44:34',NULL),(188,'t3710becapi530isthgo135','22:7e:6a:34:ce:00-9b:5f:e5:8e:71:12-d9:f9:ea:9e:30:38',177,81,173,6,NULL,NULL,'2014-04-14','2016-07-27',NULL,NULL,'636.00',0,0,1,0,3,1,NULL,NULL,NULL,NULL,NULL,'--- !ruby/hash:ActiveSupport::HashWithIndifferentAccess\nanschaffungskategorie: AV-Technik\nreference: invoice\numzug: zgeln\nankunftszustand: intakt\n','2016-07-26 23:44:34','2016-07-26 23:44:34',NULL),(189,'saqtno2tj4mmpntai9e2136','3e:97:80:ca:03:1e-98:46:55:3b:dc:49-f6:a7:81:f3:69:43',181,82,174,2,NULL,NULL,'2014-11-23','2016-07-27',NULL,NULL,'473.00',0,0,1,0,3,1,NULL,NULL,NULL,NULL,NULL,'--- !ruby/hash:ActiveSupport::HashWithIndifferentAccess\nanschaffungskategorie: AV-Technik\nreference: invoice\numzug: zgeln\nankunftszustand: intakt\n','2016-07-26 23:44:34','2016-07-26 23:44:34',NULL),(190,'hzy1uj6r35mfc90j9vx0137','01:a9:12:58:e0:95-c4:88:01:87:e1:43-e6:e7:8e:fd:d7:e2',181,83,175,5,NULL,NULL,'2012-06-23','2016-07-27',NULL,NULL,'40.00',0,0,1,0,3,1,NULL,NULL,NULL,NULL,NULL,'--- !ruby/hash:ActiveSupport::HashWithIndifferentAccess\nanschaffungskategorie: AV-Technik\nreference: invoice\numzug: zgeln\nankunftszustand: intakt\n','2016-07-26 23:44:34','2016-07-26 23:44:34',NULL),(191,'ulpomdxhzj678ftu488n138','1d:51:8f:55:86:73-4a:49:c4:fd:82:d4-11:4d:c8:a1:25:8b',181,84,176,11,NULL,NULL,'2011-04-18','2016-07-27',NULL,NULL,'127.00',0,0,1,0,3,1,NULL,NULL,NULL,NULL,NULL,'--- !ruby/hash:ActiveSupport::HashWithIndifferentAccess\nanschaffungskategorie: AV-Technik\nreference: invoice\numzug: zgeln\nankunftszustand: intakt\n','2016-07-26 23:44:34','2016-07-26 23:44:34',NULL),(192,'z1eqgopxked80wiguhvg139','54:2d:9a:ea:e6:31-00:80:35:0f:72:03-2f:f6:e2:85:ef:d5',185,85,177,3,NULL,NULL,'2013-02-23','2016-07-27',NULL,NULL,'1232.00',0,0,1,0,3,1,NULL,NULL,NULL,NULL,NULL,'--- !ruby/hash:ActiveSupport::HashWithIndifferentAccess\nanschaffungskategorie: AV-Technik\nreference: invoice\numzug: zgeln\nankunftszustand: intakt\n','2016-07-26 23:44:34','2016-07-26 23:44:34',NULL),(193,'k8sduzrkkk683x0ppcuq140','04:e6:e6:8f:79:8c-21:3b:74:20:0a:9a-72:9b:c4:c9:fe:01',185,86,178,3,NULL,NULL,'2011-11-01','2016-07-27',NULL,NULL,'927.00',0,0,1,0,3,1,NULL,NULL,NULL,NULL,NULL,'--- !ruby/hash:ActiveSupport::HashWithIndifferentAccess\nanschaffungskategorie: AV-Technik\nreference: invoice\numzug: zgeln\nankunftszustand: intakt\n','2016-07-26 23:44:34','2016-07-26 23:44:34',NULL),(194,'ya9qr4ypc6ijunx0cds8141','d7:ba:15:3c:eb:f1-b2:86:43:73:0c:53-d4:01:dd:c7:9a:a7',185,87,179,5,NULL,NULL,'2011-06-02','2016-07-27',NULL,NULL,'30.00',0,0,1,0,3,1,NULL,NULL,NULL,NULL,NULL,'--- !ruby/hash:ActiveSupport::HashWithIndifferentAccess\nanschaffungskategorie: AV-Technik\nreference: invoice\numzug: zgeln\nankunftszustand: intakt\n','2016-07-26 23:44:34','2016-07-26 23:44:34',NULL),(195,'umn17whwu58re43tchuq142','09:97:51:a2:a3:33-08:4f:13:9a:37:e9-b5:a2:5a:e2:da:f8',189,88,180,9,NULL,NULL,'2013-01-12','2016-07-27',NULL,NULL,'1245.00',0,0,1,0,3,1,NULL,NULL,NULL,NULL,NULL,'--- !ruby/hash:ActiveSupport::HashWithIndifferentAccess\nanschaffungskategorie: AV-Technik\nreference: invoice\numzug: zgeln\nankunftszustand: intakt\n','2016-07-26 23:44:34','2016-07-26 23:44:34',NULL),(196,'7b80kql3fa7boprodvnk143','d4:6e:ef:20:f9:ea-8a:04:65:3b:0a:29-bf:34:a4:4c:e8:d8',189,89,181,8,NULL,NULL,'2015-08-01','2016-07-27',NULL,NULL,'588.00',0,0,1,0,3,1,NULL,NULL,NULL,NULL,NULL,'--- !ruby/hash:ActiveSupport::HashWithIndifferentAccess\nanschaffungskategorie: AV-Technik\nreference: invoice\numzug: zgeln\nankunftszustand: intakt\n','2016-07-26 23:44:34','2016-07-26 23:44:34',NULL),(197,'o12huenhj5hv2b4jgdoc144','85:4f:82:28:4b:8a-68:11:0f:10:02:c1-c1:54:b4:a0:bd:29',189,90,182,3,NULL,NULL,'2015-08-08','2016-07-27',NULL,NULL,'1043.00',0,0,1,0,3,1,NULL,NULL,NULL,NULL,NULL,'--- !ruby/hash:ActiveSupport::HashWithIndifferentAccess\nanschaffungskategorie: AV-Technik\nreference: invoice\numzug: zgeln\nankunftszustand: intakt\n','2016-07-26 23:44:34','2016-07-26 23:44:34',NULL),(198,'dj60hheafg74wlaqd72z145','0d:f1:69:5f:e2:8c-a1:cc:da:ad:6d:cc-9b:3d:3f:cc:97:2a',193,91,183,5,NULL,NULL,'2012-06-21','2016-07-25',NULL,NULL,'928.00',0,0,1,0,1,1,NULL,NULL,NULL,NULL,NULL,'--- !ruby/hash:ActiveSupport::HashWithIndifferentAccess\nanschaffungskategorie: AV-Technik\nreference: invoice\numzug: zgeln\nankunftszustand: intakt\n','2016-07-24 23:44:34','2016-07-24 23:44:34',NULL),(199,'2bheun7vaklm5uj2k3ai146','f8:dc:ad:98:f4:57-fc:ad:2b:08:66:21-51:ed:d0:be:4a:cc',194,92,184,8,NULL,NULL,'2015-08-07','2016-07-25',NULL,NULL,'709.00',0,0,1,0,1,1,NULL,NULL,NULL,NULL,NULL,'--- !ruby/hash:ActiveSupport::HashWithIndifferentAccess\nanschaffungskategorie: AV-Technik\nreference: invoice\numzug: zgeln\nankunftszustand: intakt\n','2016-07-24 23:44:34','2016-07-24 23:44:34',NULL),(200,'lmhgcda2qf2h9w0samwx147','40:9e:3d:b3:8b:db-e1:36:3c:bc:b8:6d-d1:25:6b:15:75:81',195,93,185,6,NULL,NULL,'2011-08-07','2016-07-25',NULL,NULL,'325.00',0,0,1,0,1,1,NULL,NULL,NULL,NULL,NULL,'--- !ruby/hash:ActiveSupport::HashWithIndifferentAccess\nanschaffungskategorie: AV-Technik\nreference: invoice\numzug: zgeln\nankunftszustand: intakt\n','2016-07-24 23:44:34','2016-07-24 23:44:34',NULL),(201,'vxx25z2ovyje22myjvo4148','7f:bc:0b:61:ea:75-7f:ca:40:c2:63:25-c1:19:4e:a2:30:3d',196,94,186,7,NULL,NULL,'2015-02-03','2016-07-25',NULL,NULL,'564.00',0,0,1,0,1,1,NULL,NULL,NULL,NULL,NULL,'--- !ruby/hash:ActiveSupport::HashWithIndifferentAccess\nanschaffungskategorie: AV-Technik\nreference: invoice\numzug: zgeln\nankunftszustand: intakt\n','2016-07-24 23:44:34','2016-07-24 23:44:34',NULL),(202,'6i0wh3s0t9uc369il5vr149','2a:25:1a:1e:28:db-34:9c:79:e9:95:89-32:c8:a4:bc:c7:8d',197,95,187,11,NULL,NULL,'2015-06-30','2016-07-25',NULL,NULL,'1277.00',0,0,1,0,1,1,NULL,NULL,NULL,NULL,NULL,'--- !ruby/hash:ActiveSupport::HashWithIndifferentAccess\nanschaffungskategorie: AV-Technik\nreference: invoice\numzug: zgeln\nankunftszustand: intakt\n','2016-07-24 23:44:34','2016-07-24 23:44:34',NULL),(203,'w969fmudpvaw8h2u4whj150','07:2d:72:fd:a3:ec-aa:a7:1b:eb:39:99-b7:97:e8:ad:6c:43',198,96,188,6,NULL,NULL,'2012-01-30','2016-07-27',NULL,NULL,'1296.00',0,0,1,0,1,1,NULL,NULL,NULL,NULL,NULL,'--- !ruby/hash:ActiveSupport::HashWithIndifferentAccess\nanschaffungskategorie: AV-Technik\nreference: invoice\numzug: zgeln\nankunftszustand: intakt\n','2016-07-26 23:44:34','2016-07-26 23:44:34',NULL),(204,'mw3iksqj5mm9x88nycdg151','dd:35:d7:dd:37:ba-10:88:70:30:1a:3d-31:46:2a:1b:68:35',199,97,189,3,NULL,NULL,'2013-11-06','2016-07-27',NULL,NULL,'208.00',0,0,1,0,1,1,NULL,NULL,NULL,NULL,NULL,'--- !ruby/hash:ActiveSupport::HashWithIndifferentAccess\nanschaffungskategorie: AV-Technik\nreference: invoice\numzug: zgeln\nankunftszustand: intakt\n','2016-07-26 23:44:34','2016-07-26 23:44:34',NULL),(205,'0dqw2ptrw5iy7oaq73je152','06:b7:c6:6c:ab:0a-4d:3b:ab:2f:5e:09-f3:9b:14:0b:f9:4d',200,98,190,2,NULL,NULL,'2011-08-02','2016-07-27',NULL,NULL,'931.00',0,0,1,0,1,1,NULL,NULL,NULL,NULL,NULL,'--- !ruby/hash:ActiveSupport::HashWithIndifferentAccess\nanschaffungskategorie: AV-Technik\nreference: invoice\numzug: zgeln\nankunftszustand: intakt\n','2016-07-26 23:44:34','2016-07-26 23:44:34',NULL),(206,'vus8dk5n3uyptj4qxafp153','9d:96:54:84:b9:53-f5:47:ad:c1:68:7b-b5:2d:2e:6f:34:c4',201,99,191,4,NULL,NULL,'2014-06-25','2016-07-27',NULL,NULL,'1308.00',0,0,1,0,1,1,NULL,NULL,NULL,NULL,NULL,'--- !ruby/hash:ActiveSupport::HashWithIndifferentAccess\nanschaffungskategorie: AV-Technik\nreference: invoice\numzug: zgeln\nankunftszustand: intakt\n','2016-07-26 23:44:34','2016-07-26 23:44:34',NULL),(207,'uv8g3r4gyl5xnecdl8ub154','f6:d1:03:ae:ea:51-7e:df:28:80:5a:30-db:e3:f4:52:27:1b',202,100,192,5,NULL,NULL,'2014-04-23','2016-07-27',NULL,NULL,'134.00',0,0,1,0,1,1,NULL,NULL,NULL,NULL,NULL,'--- !ruby/hash:ActiveSupport::HashWithIndifferentAccess\nanschaffungskategorie: AV-Technik\nreference: invoice\numzug: zgeln\nankunftszustand: intakt\n','2016-07-26 23:44:34','2016-07-26 23:44:34',NULL),(208,'xkpy6r9ljv30wqodwze8155','37:fd:2b:fc:71:85-9d:67:0e:ea:27:d2-18:01:3d:72:ee:33',203,101,193,1,NULL,NULL,'2011-01-10','2016-07-27',NULL,NULL,'848.00',0,0,1,0,1,1,NULL,NULL,NULL,NULL,NULL,'--- !ruby/hash:ActiveSupport::HashWithIndifferentAccess\nanschaffungskategorie: AV-Technik\nreference: invoice\numzug: zgeln\nankunftszustand: intakt\n','2016-07-26 23:44:34','2016-07-26 23:44:34',NULL),(209,'xn0ae4sdjtgczc89dvaf156','3a:60:3c:2a:5a:a1-57:a5:68:53:9f:5e-a4:09:6d:55:29:eb',204,102,194,4,NULL,NULL,'2012-07-16','2016-07-27',NULL,NULL,'1490.00',0,0,1,0,1,1,NULL,NULL,NULL,NULL,NULL,'--- !ruby/hash:ActiveSupport::HashWithIndifferentAccess\nanschaffungskategorie: AV-Technik\nreference: invoice\numzug: zgeln\nankunftszustand: intakt\n','2016-07-26 23:44:34','2016-07-26 23:44:34',NULL),(210,'xzjwww9490v7fj513zac157','93:93:e9:fd:50:f5-71:7c:f6:63:fa:78-63:d0:22:2d:0f:ff',205,103,195,7,NULL,NULL,'2014-05-08','2016-07-27',NULL,NULL,'84.00',0,0,1,0,1,1,NULL,NULL,NULL,NULL,NULL,'--- !ruby/hash:ActiveSupport::HashWithIndifferentAccess\nanschaffungskategorie: AV-Technik\nreference: invoice\numzug: zgeln\nankunftszustand: intakt\n','2016-07-26 23:44:34','2016-07-26 23:44:34',NULL),(211,'0ujmve0k4dn83d3ytutu158','6c:bd:cb:c8:a3:0c-6f:74:3d:fa:f0:d5-d9:a9:10:66:d1:28',206,104,196,8,NULL,NULL,'2014-12-03','2016-07-27',NULL,NULL,'1205.00',0,0,1,0,1,1,NULL,NULL,NULL,NULL,NULL,'--- !ruby/hash:ActiveSupport::HashWithIndifferentAccess\nanschaffungskategorie: AV-Technik\nreference: invoice\numzug: zgeln\nankunftszustand: intakt\n','2016-07-26 23:44:34','2016-07-26 23:44:34',NULL),(212,'9ua7pyb59c0fcdi84xkn159','66:3f:01:49:d2:89-90:b9:f6:b6:b1:76-7d:fd:98:86:07:b0',207,105,197,6,NULL,NULL,'2014-07-11','2016-07-27',NULL,NULL,'197.00',0,0,1,0,1,1,NULL,NULL,NULL,NULL,NULL,'--- !ruby/hash:ActiveSupport::HashWithIndifferentAccess\nanschaffungskategorie: AV-Technik\nreference: invoice\numzug: zgeln\nankunftszustand: intakt\n','2016-07-26 23:44:34','2016-07-26 23:44:34',NULL),(213,'7o4wfu0kjtppcwet923l160','44:9d:6e:e6:61:e0-dc:ac:90:3d:7e:63-84:d4:da:2c:73:47',208,106,198,7,NULL,NULL,'2012-07-25','2016-07-27',NULL,NULL,'1419.00',0,0,1,0,1,1,NULL,NULL,NULL,NULL,NULL,'--- !ruby/hash:ActiveSupport::HashWithIndifferentAccess\nanschaffungskategorie: AV-Technik\nreference: invoice\numzug: zgeln\nankunftszustand: intakt\n','2016-07-26 23:44:34','2016-07-26 23:44:34',NULL),(214,'ayo1w6oqcud259gjw4x5161','17:24:dc:75:46:95-65:a6:f8:af:85:02-eb:bf:59:fe:6b:1c',209,107,199,4,NULL,NULL,'2013-12-06','2016-07-27',NULL,NULL,'1493.00',0,0,1,0,1,1,NULL,NULL,NULL,NULL,NULL,'--- !ruby/hash:ActiveSupport::HashWithIndifferentAccess\nanschaffungskategorie: AV-Technik\nreference: invoice\numzug: zgeln\nankunftszustand: intakt\n','2016-07-26 23:44:34','2016-07-26 23:44:34',NULL),(215,'ieaegw9r4lqmtoapsdof162','00:ec:9d:97:ce:2c-d8:c2:be:9f:69:4a-bb:63:36:6b:61:07',210,108,200,5,NULL,NULL,'2012-12-29','2016-07-27',NULL,NULL,'667.00',0,0,1,0,1,1,NULL,NULL,NULL,NULL,NULL,'--- !ruby/hash:ActiveSupport::HashWithIndifferentAccess\nanschaffungskategorie: AV-Technik\nreference: invoice\numzug: zgeln\nankunftszustand: intakt\n','2016-07-26 23:44:34','2016-07-26 23:44:34',NULL),(216,'cm6yktp9zjxwwt3m46j2163','37:af:52:44:23:81-18:2f:33:0b:68:c0-c5:25:68:ea:d7:91',211,109,201,6,NULL,NULL,'2015-03-30','2016-07-27',NULL,NULL,'858.00',0,0,1,0,1,1,NULL,NULL,NULL,NULL,NULL,'--- !ruby/hash:ActiveSupport::HashWithIndifferentAccess\nanschaffungskategorie: AV-Technik\nreference: invoice\numzug: zgeln\nankunftszustand: intakt\n','2016-07-26 23:44:34','2016-07-26 23:44:34',NULL),(217,'b427zw2dmk2jc37rp1tc164','be:ee:1d:14:6c:1a-bf:82:a8:ec:62:23-82:fd:f5:10:9c:23',212,110,202,8,NULL,NULL,'2013-09-08','2016-07-27',NULL,NULL,'1252.00',0,0,1,0,1,1,NULL,NULL,NULL,NULL,NULL,'--- !ruby/hash:ActiveSupport::HashWithIndifferentAccess\nanschaffungskategorie: AV-Technik\nreference: invoice\numzug: zgeln\nankunftszustand: intakt\n','2016-07-26 23:44:34','2016-07-26 23:44:34',NULL),(218,'dzc3j0egsgz3f3s15pzx165','e8:94:77:f8:7b:4f-d9:ef:58:d0:d5:dd-76:7d:8c:82:23:92',213,111,203,9,NULL,NULL,'2013-07-01','2016-07-27',NULL,NULL,'1269.00',0,0,1,0,1,1,NULL,NULL,NULL,NULL,NULL,'--- !ruby/hash:ActiveSupport::HashWithIndifferentAccess\nanschaffungskategorie: AV-Technik\nreference: invoice\numzug: zgeln\nankunftszustand: intakt\n','2016-07-26 23:44:34','2016-07-26 23:44:34',NULL),(219,'2bsd424oag2a38yavqcw166','ae:d4:2d:f5:42:7d-52:b7:c1:37:7d:98-4f:6d:08:9d:06:f0',214,112,204,11,NULL,NULL,'2011-10-01','2016-07-27',NULL,NULL,'608.00',0,0,1,0,1,1,NULL,NULL,NULL,NULL,NULL,'--- !ruby/hash:ActiveSupport::HashWithIndifferentAccess\nanschaffungskategorie: AV-Technik\nreference: invoice\numzug: zgeln\nankunftszustand: intakt\n','2016-07-26 23:44:34','2016-07-26 23:44:34',NULL),(220,'l6xjlsrwi365v73z4xor167','a0:99:3c:94:48:83-c3:20:5a:78:1f:6e-6c:d2:30:e4:c3:37',215,113,205,8,NULL,NULL,'2012-07-09','2016-07-27',NULL,NULL,'1370.00',0,0,1,0,1,1,NULL,NULL,NULL,NULL,NULL,'--- !ruby/hash:ActiveSupport::HashWithIndifferentAccess\nanschaffungskategorie: AV-Technik\nreference: invoice\numzug: zgeln\nankunftszustand: intakt\n','2016-07-26 23:44:34','2016-07-26 23:44:34',NULL),(221,'x13clysinpz258txw8ju168','62:fe:38:fa:0f:20-39:7c:29:81:a1:78-a3:17:36:a8:ff:b3',216,114,206,4,NULL,NULL,'2011-07-23','2016-07-26',NULL,NULL,'400.00',0,0,1,0,1,1,NULL,NULL,NULL,NULL,NULL,'--- !ruby/hash:ActiveSupport::HashWithIndifferentAccess\nanschaffungskategorie: AV-Technik\nreference: invoice\numzug: zgeln\nankunftszustand: intakt\n','2016-07-25 23:44:34','2016-07-25 23:44:34',NULL),(222,'zg53c7chohd3w2nsze0t169','ed:d0:9a:13:32:d5-60:68:01:ac:04:db-c0:b5:7d:cd:fd:a2',217,115,207,9,NULL,NULL,'2012-10-08','2016-07-26',NULL,NULL,'1309.00',0,0,1,0,1,1,NULL,NULL,NULL,NULL,NULL,'--- !ruby/hash:ActiveSupport::HashWithIndifferentAccess\nanschaffungskategorie: AV-Technik\nreference: invoice\numzug: zgeln\nankunftszustand: intakt\n','2016-07-25 23:44:34','2016-07-25 23:44:34',NULL),(223,'qn0pw7n6qgdundepksow170','80:9f:a0:11:6a:c4-16:92:df:bb:30:3c-77:3f:42:af:6d:b6',218,116,208,10,NULL,NULL,'2013-02-22','2016-07-26',NULL,NULL,'1333.00',0,0,1,0,1,1,NULL,NULL,NULL,NULL,NULL,'--- !ruby/hash:ActiveSupport::HashWithIndifferentAccess\nanschaffungskategorie: AV-Technik\nreference: invoice\numzug: zgeln\nankunftszustand: intakt\n','2016-07-25 23:44:34','2016-07-25 23:44:34',NULL),(224,'00ggt2u5kn9at1yg2cfm171','f3:ce:e7:3a:21:62-3a:f0:2a:2c:4b:69-9d:4c:df:0f:a6:5a',219,117,209,1,NULL,NULL,'2012-01-16','2016-07-26',NULL,NULL,'1084.00',0,0,1,0,1,1,NULL,NULL,NULL,NULL,NULL,'--- !ruby/hash:ActiveSupport::HashWithIndifferentAccess\nanschaffungskategorie: AV-Technik\nreference: invoice\numzug: zgeln\nankunftszustand: intakt\n','2016-07-25 23:44:34','2016-07-25 23:44:34',NULL),(225,'q3kcz3a5c4hnombrvfhc172','ba:c2:55:38:69:57-f2:14:10:75:ba:90-fb:61:f7:49:f8:8d',220,118,210,2,NULL,NULL,'2012-05-08','2016-07-26',NULL,NULL,'421.00',0,0,1,0,1,1,NULL,NULL,NULL,NULL,NULL,'--- !ruby/hash:ActiveSupport::HashWithIndifferentAccess\nanschaffungskategorie: AV-Technik\nreference: invoice\numzug: zgeln\nankunftszustand: intakt\n','2016-07-25 23:44:34','2016-07-25 23:44:34',NULL),(226,'ket9obhj8lrfub6itxkl173','c6:25:8b:fc:2b:78-c7:7b:0a:22:4c:3b-70:55:6e:12:b5:1d',221,119,211,11,NULL,NULL,'2013-03-26','2016-07-26',NULL,NULL,'831.00',0,0,1,0,1,1,NULL,NULL,NULL,NULL,NULL,'--- !ruby/hash:ActiveSupport::HashWithIndifferentAccess\nanschaffungskategorie: AV-Technik\nreference: invoice\numzug: zgeln\nankunftszustand: intakt\n','2016-07-25 23:44:34','2016-07-25 23:44:34',NULL),(227,'tjognlviqx3z1cg7n6e8174','61:fe:48:ab:44:99-34:47:59:90:bf:b2-d5:ee:35:e5:0c:96',222,120,212,4,NULL,NULL,'2011-05-10','2016-07-26',NULL,NULL,'562.00',0,0,1,0,1,1,NULL,NULL,NULL,NULL,NULL,'--- !ruby/hash:ActiveSupport::HashWithIndifferentAccess\nanschaffungskategorie: AV-Technik\nreference: invoice\numzug: zgeln\nankunftszustand: intakt\n','2016-07-25 23:44:34','2016-07-25 23:44:34',NULL),(228,'zgc77xfbt2o6b63kpyij175','77:80:3f:4a:d7:cb-00:bb:d2:28:59:3c-84:74:08:a0:dd:b0',223,121,213,2,NULL,NULL,'2015-08-25','2016-07-26',NULL,NULL,'173.00',0,0,1,0,1,1,NULL,NULL,NULL,NULL,NULL,'--- !ruby/hash:ActiveSupport::HashWithIndifferentAccess\nanschaffungskategorie: AV-Technik\nreference: invoice\numzug: zgeln\nankunftszustand: intakt\n','2016-07-25 23:44:34','2016-07-25 23:44:34',NULL),(229,'90uutonhcmi5p4m7g2ws176','a9:7b:79:d7:2c:8f-ea:00:b4:1f:1d:91-e9:01:44:89:5c:a8',224,122,214,3,NULL,NULL,'2015-11-09','2016-07-27',NULL,NULL,'959.00',0,0,1,0,12,1,NULL,NULL,NULL,NULL,NULL,'--- !ruby/hash:ActiveSupport::HashWithIndifferentAccess\nanschaffungskategorie: AV-Technik\nreference: invoice\numzug: zgeln\nankunftszustand: intakt\n','2016-07-26 23:44:34','2016-07-26 23:44:34',NULL),(230,'80dotv3zshjnq9jt2xtq177','1c:90:c5:9c:12:8c-b3:1a:a8:24:e5:33-2c:0d:35:e4:ab:2f',224,123,215,11,NULL,NULL,'2014-10-22','2016-07-27',NULL,NULL,'1334.00',0,0,1,0,12,1,NULL,NULL,NULL,NULL,NULL,'--- !ruby/hash:ActiveSupport::HashWithIndifferentAccess\nanschaffungskategorie: AV-Technik\nreference: invoice\numzug: zgeln\nankunftszustand: intakt\n','2016-07-26 23:44:34','2016-07-26 23:44:34',NULL),(231,'hocyw6vt4ffz0iglnncl178','30:7a:af:68:0d:49-f5:cb:85:0b:54:1b-f1:19:68:f2:64:21',224,124,216,5,NULL,NULL,'2014-08-14','2016-07-27',NULL,NULL,'834.00',0,0,1,0,12,1,NULL,NULL,NULL,NULL,NULL,'--- !ruby/hash:ActiveSupport::HashWithIndifferentAccess\nanschaffungskategorie: AV-Technik\nreference: invoice\numzug: zgeln\nankunftszustand: intakt\n','2016-07-26 23:44:34','2016-07-26 23:44:34',NULL),(232,'v3uvbgs6h5743gndxj6l179','ec:68:40:2e:1e:a7-79:98:ad:12:07:8a-79:39:16:0b:98:63',228,125,217,8,NULL,NULL,'2012-06-04','2016-07-27',NULL,NULL,'1111.00',0,0,1,0,12,1,NULL,NULL,NULL,NULL,NULL,'--- !ruby/hash:ActiveSupport::HashWithIndifferentAccess\nanschaffungskategorie: AV-Technik\nreference: invoice\numzug: zgeln\nankunftszustand: intakt\n','2016-07-26 23:44:34','2016-07-26 23:44:34',NULL),(233,'pcz6yjk6hel1f2iag76u180','c3:37:72:11:5a:06-ee:bf:94:24:6b:ff-6f:88:f9:51:9f:f4',228,126,218,11,NULL,NULL,'2014-01-19','2016-07-27',NULL,NULL,'318.00',0,0,1,0,12,1,NULL,NULL,NULL,NULL,NULL,'--- !ruby/hash:ActiveSupport::HashWithIndifferentAccess\nanschaffungskategorie: AV-Technik\nreference: invoice\numzug: zgeln\nankunftszustand: intakt\n','2016-07-26 23:44:34','2016-07-26 23:44:34',NULL),(234,'kcn04b6y28y9tvsur0uz181','7c:db:9d:7b:d8:d9-29:58:ba:03:7f:16-d2:62:11:ab:db:e1',228,127,219,2,NULL,NULL,'2012-01-29','2016-07-27',NULL,NULL,'778.00',0,0,1,0,12,1,NULL,NULL,NULL,NULL,NULL,'--- !ruby/hash:ActiveSupport::HashWithIndifferentAccess\nanschaffungskategorie: AV-Technik\nreference: invoice\numzug: zgeln\nankunftszustand: intakt\n','2016-07-26 23:44:34','2016-07-26 23:44:34',NULL),(235,'atzmzz3p6iqbtec6mdji182','02:d2:73:0f:f3:45-3f:cb:d8:4c:6d:2d-71:94:41:f5:d1:62',232,128,220,8,NULL,NULL,'2012-03-13','2016-07-27',NULL,NULL,'985.00',0,0,1,0,12,1,NULL,NULL,NULL,NULL,NULL,'--- !ruby/hash:ActiveSupport::HashWithIndifferentAccess\nanschaffungskategorie: AV-Technik\nreference: invoice\numzug: zgeln\nankunftszustand: intakt\n','2016-07-26 23:44:34','2016-07-26 23:44:34',NULL),(236,'e9watws6m26hjmvnm5wi183','91:a5:66:48:08:c4-97:4a:90:ed:54:fc-c1:ad:bb:b7:a5:4f',232,129,221,2,NULL,NULL,'2012-05-15','2016-07-27',NULL,NULL,'1454.00',0,0,1,0,12,1,NULL,NULL,NULL,NULL,NULL,'--- !ruby/hash:ActiveSupport::HashWithIndifferentAccess\nanschaffungskategorie: AV-Technik\nreference: invoice\numzug: zgeln\nankunftszustand: intakt\n','2016-07-26 23:44:34','2016-07-26 23:44:34',NULL),(237,'lurs2a7luwrr5m8fb6rx184','40:68:97:06:50:a1-8d:6d:98:6d:cd:5e-ac:1a:c2:ba:ce:b4',232,130,222,5,NULL,NULL,'2014-07-23','2016-07-27',NULL,NULL,'212.00',0,0,1,0,12,1,NULL,NULL,NULL,NULL,NULL,'--- !ruby/hash:ActiveSupport::HashWithIndifferentAccess\nanschaffungskategorie: AV-Technik\nreference: invoice\numzug: zgeln\nankunftszustand: intakt\n','2016-07-26 23:44:34','2016-07-26 23:44:34',NULL),(238,'0mo0ndhzfsj4veurasd1185','d6:5d:5e:95:4c:62-8d:73:00:7e:f3:fc-97:01:94:a9:fa:f2',236,131,223,12,NULL,NULL,'2015-08-27','2016-07-27',NULL,NULL,'1354.00',0,0,1,0,12,1,NULL,NULL,NULL,NULL,NULL,'--- !ruby/hash:ActiveSupport::HashWithIndifferentAccess\nanschaffungskategorie: AV-Technik\nreference: invoice\numzug: zgeln\nankunftszustand: intakt\n','2016-07-26 23:44:34','2016-07-26 23:44:34',NULL),(239,'ie5sfzs296nfkkmu4phi186','42:bf:52:be:d8:32-05:eb:5f:1b:42:49-70:62:f8:74:9a:f8',236,132,224,12,NULL,NULL,'2013-10-10','2016-07-27',NULL,NULL,'1275.00',0,0,1,0,12,1,NULL,NULL,NULL,NULL,NULL,'--- !ruby/hash:ActiveSupport::HashWithIndifferentAccess\nanschaffungskategorie: AV-Technik\nreference: invoice\numzug: zgeln\nankunftszustand: intakt\n','2016-07-26 23:44:34','2016-07-26 23:44:34',NULL),(240,'ba3f7c4647peixbfpkdk187','5e:16:d3:16:e7:3b-d3:b0:ff:72:a3:ac-1f:94:12:fc:8e:5e',236,133,225,11,NULL,NULL,'2014-03-16','2016-07-27',NULL,NULL,'559.00',0,0,1,0,12,1,NULL,NULL,NULL,NULL,NULL,'--- !ruby/hash:ActiveSupport::HashWithIndifferentAccess\nanschaffungskategorie: AV-Technik\nreference: invoice\numzug: zgeln\nankunftszustand: intakt\n','2016-07-26 23:44:34','2016-07-26 23:44:34',NULL),(241,'8j77oti9g9bdago53f7j188','f4:6a:fe:78:b5:55-05:db:c4:8b:04:87-d8:e7:ae:de:46:36',240,134,226,3,NULL,NULL,'2013-06-27','2016-07-27',NULL,NULL,'1223.00',0,0,1,0,1,1,NULL,NULL,NULL,NULL,NULL,'--- !ruby/hash:ActiveSupport::HashWithIndifferentAccess\nanschaffungskategorie: AV-Technik\nreference: invoice\numzug: zgeln\nankunftszustand: intakt\n','2016-07-26 23:44:34','2016-07-26 23:44:34',NULL),(242,'8ahtvslml18sjxvmg7ok189','44:12:28:ed:34:19-f1:91:76:a0:c8:a3-e2:3a:59:7c:1e:40',241,135,227,7,NULL,NULL,'2011-04-26','2016-07-27',NULL,NULL,'987.00',0,0,1,0,1,1,NULL,NULL,NULL,NULL,NULL,'--- !ruby/hash:ActiveSupport::HashWithIndifferentAccess\nanschaffungskategorie: AV-Technik\nreference: invoice\numzug: zgeln\nankunftszustand: intakt\n','2016-07-26 23:44:34','2016-07-26 23:44:34',NULL),(243,'71uvyxv000923n0xn85p190','0c:d2:51:72:cb:ff-7b:98:3b:61:2f:b4-9d:5a:28:a5:ce:7c',242,136,228,6,NULL,NULL,'2013-08-30','2016-07-27',NULL,NULL,'113.00',0,0,1,0,1,1,NULL,NULL,NULL,NULL,NULL,'--- !ruby/hash:ActiveSupport::HashWithIndifferentAccess\nanschaffungskategorie: AV-Technik\nreference: invoice\numzug: zgeln\nankunftszustand: intakt\n','2016-07-26 23:44:34','2016-07-26 23:44:34',NULL),(244,'j5tvv00ni0mhepzv1cjy191','98:16:86:8c:5a:0f-d6:d6:22:85:d3:f0-8c:48:d9:6d:eb:ec',243,137,229,10,NULL,NULL,'2012-01-13','2016-07-27',NULL,NULL,'446.00',0,0,1,0,1,1,NULL,NULL,NULL,NULL,NULL,'--- !ruby/hash:ActiveSupport::HashWithIndifferentAccess\nanschaffungskategorie: AV-Technik\nreference: invoice\numzug: zgeln\nankunftszustand: intakt\n','2016-07-26 23:44:34','2016-07-26 23:44:34',NULL),(245,'vwm34zgqkqz35onwzk4w192','3d:cb:0d:a4:2c:00-99:f6:74:94:9c:89-26:20:75:7f:e2:4a',244,138,230,7,NULL,NULL,'2012-07-05','2016-07-27',NULL,NULL,'794.00',0,0,1,0,1,1,NULL,NULL,NULL,NULL,NULL,'--- !ruby/hash:ActiveSupport::HashWithIndifferentAccess\nanschaffungskategorie: AV-Technik\nreference: invoice\numzug: zgeln\nankunftszustand: intakt\n','2016-07-26 23:44:34','2016-07-26 23:44:34',NULL),(246,'ynhqotwaa57yjefdqndl193','90:32:17:7d:f8:2a-1a:d0:ab:71:61:e3-99:64:fc:71:bf:cd',245,139,231,5,NULL,NULL,'2012-09-27','2016-07-27',NULL,NULL,'420.00',0,0,1,0,1,1,NULL,NULL,NULL,NULL,NULL,'--- !ruby/hash:ActiveSupport::HashWithIndifferentAccess\nanschaffungskategorie: AV-Technik\nreference: invoice\numzug: zgeln\nankunftszustand: intakt\n','2016-07-26 23:44:34','2016-07-26 23:44:34',NULL),(247,'egeo3jm2ir0q8hnu5v59194','4b:c5:65:3a:74:dc-dc:9c:fb:22:38:eb-37:07:f6:63:2a:1e',246,140,232,2,NULL,NULL,'2014-12-29','2016-07-27',NULL,NULL,'576.00',0,0,1,0,1,1,NULL,NULL,NULL,NULL,NULL,'--- !ruby/hash:ActiveSupport::HashWithIndifferentAccess\nanschaffungskategorie: AV-Technik\nreference: invoice\numzug: zgeln\nankunftszustand: intakt\n','2016-07-26 23:44:34','2016-07-26 23:44:34',NULL),(248,'6bwjxlf51zi6vv0gf7tx195','76:f5:de:c2:e5:70-4f:cc:d2:11:b0:84-9e:72:22:73:03:d5',247,141,233,9,NULL,NULL,'2015-03-05','2016-07-27',NULL,NULL,'795.00',0,0,1,0,1,1,NULL,NULL,NULL,NULL,NULL,'--- !ruby/hash:ActiveSupport::HashWithIndifferentAccess\nanschaffungskategorie: AV-Technik\nreference: invoice\numzug: zgeln\nankunftszustand: intakt\n','2016-07-26 23:44:34','2016-07-26 23:44:34',NULL),(249,'gwobtvrmuwex651fddp8196','81:4d:29:67:7c:41-3f:64:e6:6d:8e:60-d5:db:75:83:56:56',248,142,234,7,NULL,NULL,'2013-09-09','2016-07-27',NULL,NULL,'1446.00',0,0,1,0,1,1,NULL,NULL,NULL,NULL,NULL,'--- !ruby/hash:ActiveSupport::HashWithIndifferentAccess\nanschaffungskategorie: AV-Technik\nreference: invoice\numzug: zgeln\nankunftszustand: intakt\n','2016-07-26 23:44:34','2016-07-26 23:44:34',NULL),(250,'o5sq4wvurt1oar1st58e197','ab:69:10:99:17:ff-24:0f:63:7a:b3:63-ef:f1:56:1d:34:51',249,143,235,8,NULL,NULL,'2013-10-11','2016-07-27',NULL,NULL,'953.00',0,0,1,0,1,1,NULL,NULL,NULL,NULL,NULL,'--- !ruby/hash:ActiveSupport::HashWithIndifferentAccess\nanschaffungskategorie: AV-Technik\nreference: invoice\numzug: zgeln\nankunftszustand: intakt\n','2016-07-26 23:44:34','2016-07-26 23:44:34',NULL),(251,'88vul96o80rvntfyewf7198','8e:72:e5:6b:55:d0-3e:ef:7e:55:bc:e4-13:15:86:c7:91:7a',250,144,236,6,NULL,NULL,'2013-06-30','2016-07-27',NULL,NULL,'866.00',0,0,1,0,1,1,NULL,NULL,NULL,NULL,NULL,'--- !ruby/hash:ActiveSupport::HashWithIndifferentAccess\nanschaffungskategorie: AV-Technik\nreference: invoice\numzug: zgeln\nankunftszustand: intakt\n','2016-07-26 23:44:34','2016-07-26 23:44:34',NULL),(252,'wua7lxiura3ltnnwes9d199','98:47:c7:2d:b2:1a-11:c7:72:ba:62:b5-15:10:c9:6c:fb:52',251,145,237,9,NULL,NULL,'2011-09-26','2016-07-27',NULL,NULL,'1177.00',0,0,1,0,1,1,NULL,NULL,NULL,NULL,NULL,'--- !ruby/hash:ActiveSupport::HashWithIndifferentAccess\nanschaffungskategorie: AV-Technik\nreference: invoice\numzug: zgeln\nankunftszustand: intakt\n','2016-07-26 23:44:34','2016-07-26 23:44:34',NULL),(253,'m9j3gnklxrugf1lmi88m200','3d:27:a2:9b:c5:f9-d4:cd:b7:01:0d:cd-5f:21:e8:98:66:ab',252,146,238,1,NULL,NULL,'2013-05-11','2016-07-27',NULL,NULL,'606.00',0,0,1,0,1,1,NULL,NULL,NULL,NULL,NULL,'--- !ruby/hash:ActiveSupport::HashWithIndifferentAccess\nanschaffungskategorie: AV-Technik\nreference: invoice\numzug: zgeln\nankunftszustand: intakt\n','2016-07-26 23:44:34','2016-07-26 23:44:34',NULL),(254,'ypzuj4f7wou9e343pk6h201','69:19:b1:da:7c:a3-ba:a6:53:29:73:4f-43:4e:43:15:a7:83',253,147,239,7,NULL,NULL,'2013-08-25','2016-07-27',NULL,NULL,'1336.00',0,0,1,0,1,1,NULL,NULL,NULL,NULL,NULL,'--- !ruby/hash:ActiveSupport::HashWithIndifferentAccess\nanschaffungskategorie: AV-Technik\nreference: invoice\numzug: zgeln\nankunftszustand: intakt\n','2016-07-26 23:44:34','2016-07-26 23:44:34',NULL),(255,'e8bmk6hjpwoq69x5kzf5202','bc:6e:5b:d2:87:8b-d8:3a:c9:94:c8:11-4c:67:cb:5f:ee:58',254,148,240,4,NULL,NULL,'2011-04-19','2016-07-27',NULL,NULL,'880.00',0,0,1,0,1,1,NULL,NULL,NULL,NULL,NULL,'--- !ruby/hash:ActiveSupport::HashWithIndifferentAccess\nanschaffungskategorie: AV-Technik\nreference: invoice\numzug: zgeln\nankunftszustand: intakt\n','2016-07-26 23:44:34','2016-07-26 23:44:34',NULL),(256,'rfvelvlu407bxi4erayv203','24:db:88:d4:13:a3-bf:d9:7a:52:3d:83-ea:4e:ff:d2:2b:c4',255,149,241,9,NULL,NULL,'2012-08-24','2016-07-27',NULL,NULL,'913.00',0,0,1,0,1,1,NULL,NULL,NULL,NULL,NULL,'--- !ruby/hash:ActiveSupport::HashWithIndifferentAccess\nanschaffungskategorie: AV-Technik\nreference: invoice\numzug: zgeln\nankunftszustand: intakt\n','2016-07-26 23:44:34','2016-07-26 23:44:34',NULL),(257,'t06y2vf79yec0uu7fgwl204','17:05:85:5c:6e:0e-8f:1f:48:52:64:ab-0f:6f:03:27:f2:c4',256,150,242,8,NULL,NULL,'2014-06-18','2016-07-27',NULL,NULL,'788.00',0,0,1,0,1,1,NULL,NULL,NULL,NULL,NULL,'--- !ruby/hash:ActiveSupport::HashWithIndifferentAccess\nanschaffungskategorie: AV-Technik\nreference: invoice\numzug: zgeln\nankunftszustand: intakt\n','2016-07-26 23:44:34','2016-07-26 23:44:34',NULL),(258,'b1ouj1kte5oslm8g34b3205','3f:16:9c:38:ff:97-a6:96:5a:cb:4e:14-cd:df:cc:64:cc:ee',257,151,243,5,NULL,NULL,'2014-09-11','2016-07-27',NULL,NULL,'1303.00',0,0,1,0,1,1,NULL,NULL,NULL,NULL,NULL,'--- !ruby/hash:ActiveSupport::HashWithIndifferentAccess\nanschaffungskategorie: AV-Technik\nreference: invoice\numzug: zgeln\nankunftszustand: intakt\n','2016-07-26 23:44:34','2016-07-26 23:44:34',NULL),(259,'hgjq5pykdxltm5crwkxx206','13:70:de:5c:4b:b0-d6:bb:2a:fc:1f:1e-a6:2e:ea:11:fa:fe',258,152,244,10,NULL,NULL,'2013-03-06','2016-07-27',NULL,NULL,'448.00',0,0,1,0,1,1,NULL,NULL,NULL,NULL,NULL,'--- !ruby/hash:ActiveSupport::HashWithIndifferentAccess\nanschaffungskategorie: AV-Technik\nreference: invoice\numzug: zgeln\nankunftszustand: intakt\n','2016-07-26 23:44:34','2016-07-26 23:44:34',NULL),(260,'8rl1ex2kxgju624n20l0207','39:b8:ad:07:8b:cf-7d:e1:20:08:6d:cd-22:d1:8c:c5:78:52',259,153,245,9,NULL,NULL,'2011-01-02','2016-07-27',NULL,NULL,'1390.00',0,0,1,0,1,1,NULL,NULL,NULL,NULL,NULL,'--- !ruby/hash:ActiveSupport::HashWithIndifferentAccess\nanschaffungskategorie: AV-Technik\nreference: invoice\numzug: zgeln\nankunftszustand: intakt\n','2016-07-26 23:44:34','2016-07-26 23:44:34',NULL),(261,'jqi8w2s1vae904ubbljr208','ff:be:78:3d:a9:62-61:90:05:5f:00:69-2f:1e:3e:ae:a8:5a',260,154,246,2,NULL,NULL,'2014-09-29','2016-07-27',NULL,NULL,'167.00',0,0,1,0,1,1,NULL,NULL,NULL,NULL,NULL,'--- !ruby/hash:ActiveSupport::HashWithIndifferentAccess\nanschaffungskategorie: AV-Technik\nreference: invoice\numzug: zgeln\nankunftszustand: intakt\n','2016-07-26 23:44:34','2016-07-26 23:44:34',NULL),(262,'89h972s0ipsioj33iwwv209','98:26:65:fc:79:85-e7:9c:c6:63:74:11-d4:14:17:3a:f9:c6',261,155,247,1,NULL,NULL,'2015-12-21','2016-07-27',NULL,NULL,'335.00',0,0,1,0,1,1,NULL,NULL,NULL,NULL,NULL,'--- !ruby/hash:ActiveSupport::HashWithIndifferentAccess\nanschaffungskategorie: AV-Technik\nreference: invoice\numzug: zgeln\nankunftszustand: intakt\n','2016-07-26 23:44:34','2016-07-26 23:44:34',NULL),(263,'ppvvcegr66rttdl0sz0r210','1d:19:b4:dd:f8:ac-5d:b2:6a:a5:d9:2c-ef:bd:3d:71:35:ed',262,156,248,5,NULL,NULL,'2012-09-22','2016-07-27',NULL,NULL,'1328.00',0,0,1,0,1,1,NULL,NULL,NULL,NULL,NULL,'--- !ruby/hash:ActiveSupport::HashWithIndifferentAccess\nanschaffungskategorie: AV-Technik\nreference: invoice\numzug: zgeln\nankunftszustand: intakt\n','2016-07-26 23:44:34','2016-07-26 23:44:34',NULL),(264,'fa686vv5b3cmsfkc4bhq211','93:7a:79:e3:59:15-b0:98:04:41:e1:40-5b:f5:7a:b9:b9:25',263,157,249,8,NULL,NULL,'2014-10-19','2016-07-27',NULL,NULL,'154.00',0,0,1,0,1,1,NULL,NULL,NULL,NULL,NULL,'--- !ruby/hash:ActiveSupport::HashWithIndifferentAccess\nanschaffungskategorie: AV-Technik\nreference: invoice\numzug: zgeln\nankunftszustand: intakt\n','2016-07-26 23:44:34','2016-07-26 23:44:34',NULL),(265,'sq030oaq2i1j0nw3eegh212','40:d6:cf:71:dd:9b-07:16:f0:25:e8:66-69:01:bf:82:e3:eb',264,158,250,10,NULL,NULL,'2013-02-03','2016-07-27',NULL,NULL,'377.00',0,0,1,0,1,1,NULL,NULL,NULL,NULL,NULL,'--- !ruby/hash:ActiveSupport::HashWithIndifferentAccess\nanschaffungskategorie: AV-Technik\nreference: invoice\numzug: zgeln\nankunftszustand: intakt\n','2016-07-26 23:44:34','2016-07-26 23:44:34',NULL),(266,'mopog87kiqsrsht95n6k213','90:72:56:b1:9b:f1-c4:ba:46:35:be:51-96:24:15:e9:63:e8',265,159,251,1,NULL,NULL,'2014-06-02','2016-07-27',NULL,NULL,'1235.00',0,0,1,0,1,1,NULL,NULL,NULL,NULL,NULL,'--- !ruby/hash:ActiveSupport::HashWithIndifferentAccess\nanschaffungskategorie: AV-Technik\nreference: invoice\numzug: zgeln\nankunftszustand: intakt\n','2016-07-26 23:44:34','2016-07-26 23:44:34',NULL),(267,'plf1zrcu9pucwk0kyv5p214','cd:53:b0:5e:64:a5-1e:36:5b:65:60:5a-56:c7:56:ba:ac:f2',266,160,252,1,NULL,NULL,'2015-08-15','2016-07-27',NULL,NULL,'1274.00',0,0,1,0,1,1,NULL,NULL,NULL,NULL,NULL,'--- !ruby/hash:ActiveSupport::HashWithIndifferentAccess\nanschaffungskategorie: AV-Technik\nreference: invoice\numzug: zgeln\nankunftszustand: intakt\n','2016-07-26 23:44:34','2016-07-26 23:44:34',NULL),(268,'5isai7j7e3o4a138u63x215','2f:05:52:cb:b0:ca-3b:81:8c:3c:96:2b-ce:1a:07:7d:00:d6',267,161,253,12,NULL,NULL,'2014-06-03','2016-07-27',NULL,NULL,'609.00',0,0,1,0,1,1,NULL,NULL,NULL,NULL,NULL,'--- !ruby/hash:ActiveSupport::HashWithIndifferentAccess\nanschaffungskategorie: AV-Technik\nreference: invoice\numzug: zgeln\nankunftszustand: intakt\n','2016-07-26 23:44:34','2016-07-26 23:44:34',NULL),(269,'24xiockclh30r1hnxfrd216','1e:bd:0c:12:c3:27-61:e1:16:e5:ca:9b-d1:6a:73:4a:16:0c',268,162,254,7,NULL,NULL,'2014-09-01','2016-07-27',NULL,NULL,'875.00',0,0,1,0,1,1,NULL,NULL,NULL,NULL,NULL,'--- !ruby/hash:ActiveSupport::HashWithIndifferentAccess\nanschaffungskategorie: AV-Technik\nreference: invoice\numzug: zgeln\nankunftszustand: intakt\n','2016-07-26 23:44:34','2016-07-26 23:44:34',NULL),(270,'5p5r49lmt3s5b8z69lsy217','10:c3:c5:2e:80:c4-82:41:f3:14:f3:95-86:c1:65:18:81:76',269,163,255,9,NULL,NULL,'2014-06-13','2016-07-27',NULL,NULL,'149.00',0,0,1,0,1,1,NULL,NULL,NULL,NULL,NULL,'--- !ruby/hash:ActiveSupport::HashWithIndifferentAccess\nanschaffungskategorie: AV-Technik\nreference: invoice\numzug: zgeln\nankunftszustand: intakt\n','2016-07-26 23:44:34','2016-07-26 23:44:34',NULL),(271,'r6bk7oqftn1z44jmbx1t218','3a:d8:23:c3:c3:71-2e:6e:df:03:44:99-3f:53:45:b1:c0:9e',270,164,256,2,NULL,NULL,'2012-04-15','2016-07-27',NULL,NULL,'1299.00',0,0,1,0,1,1,NULL,NULL,NULL,NULL,NULL,'--- !ruby/hash:ActiveSupport::HashWithIndifferentAccess\nanschaffungskategorie: AV-Technik\nreference: invoice\numzug: zgeln\nankunftszustand: intakt\n','2016-07-26 23:44:34','2016-07-26 23:44:34',NULL),(272,'sjjyk2sjxshbrd55suj5219','3d:31:9f:da:c7:25-08:63:74:fa:dd:2b-fa:bb:24:49:e3:10',271,165,257,4,NULL,NULL,'2014-09-21','2016-07-27',NULL,NULL,'1042.00',0,0,1,0,1,1,NULL,NULL,NULL,NULL,NULL,'--- !ruby/hash:ActiveSupport::HashWithIndifferentAccess\nanschaffungskategorie: AV-Technik\nreference: invoice\numzug: zgeln\nankunftszustand: intakt\n','2016-07-26 23:44:34','2016-07-26 23:44:34',NULL),(273,'00fnqj974et5fpj9o2s5220','94:a5:d5:de:9b:a4-82:29:f5:d0:75:46-ea:ec:59:86:78:f4',272,166,258,1,NULL,NULL,'2013-02-08','2016-07-25',NULL,NULL,'1411.00',0,0,1,0,1,1,NULL,NULL,NULL,NULL,NULL,'--- !ruby/hash:ActiveSupport::HashWithIndifferentAccess\nanschaffungskategorie: AV-Technik\nreference: invoice\numzug: zgeln\nankunftszustand: intakt\n','2016-07-24 23:44:34','2016-07-24 23:44:34',NULL),(274,'0bu16qkxunyag9iy1u82221','b2:d9:15:16:f7:b5-38:aa:ef:fd:1c:3a-e0:d2:4e:2f:41:24',273,167,259,10,NULL,NULL,'2011-05-16','2016-07-25',NULL,NULL,'1088.00',0,0,1,0,1,1,NULL,NULL,NULL,NULL,NULL,'--- !ruby/hash:ActiveSupport::HashWithIndifferentAccess\nanschaffungskategorie: AV-Technik\nreference: invoice\numzug: zgeln\nankunftszustand: intakt\n','2016-07-24 23:44:34','2016-07-24 23:44:34',NULL),(275,'63cjzybkijlvn4xw8yg5222','f9:2e:f7:ba:6a:ea-e1:9e:d5:7e:a8:a0-70:81:9d:c1:b4:58',274,168,260,12,NULL,NULL,'2015-10-05','2016-07-25',NULL,NULL,'292.00',0,0,1,0,1,1,NULL,NULL,NULL,NULL,NULL,'--- !ruby/hash:ActiveSupport::HashWithIndifferentAccess\nanschaffungskategorie: AV-Technik\nreference: invoice\numzug: zgeln\nankunftszustand: intakt\n','2016-07-24 23:44:34','2016-07-24 23:44:34',NULL),(276,'xw01pv5bp37u8pwlwoen223','fa:00:f2:56:a3:6b-a6:d7:9a:18:5b:f0-3b:6d:de:52:fa:83',275,169,261,6,NULL,NULL,'2011-09-03','2016-07-25',NULL,NULL,'983.00',0,0,1,0,1,1,NULL,NULL,NULL,NULL,NULL,'--- !ruby/hash:ActiveSupport::HashWithIndifferentAccess\nanschaffungskategorie: AV-Technik\nreference: invoice\numzug: zgeln\nankunftszustand: intakt\n','2016-07-24 23:44:34','2016-07-24 23:44:34',NULL),(277,'sk0nyw9rfejt650t2m3a224','c6:78:09:9f:33:40-c3:fc:5f:f1:06:2b-0c:74:9c:0b:9f:3b',276,170,262,4,NULL,NULL,'2014-01-24','2016-07-27',NULL,NULL,'1254.00',0,0,1,0,1,1,NULL,NULL,NULL,NULL,NULL,'--- !ruby/hash:ActiveSupport::HashWithIndifferentAccess\nanschaffungskategorie: AV-Technik\nreference: invoice\numzug: zgeln\nankunftszustand: intakt\n','2016-07-26 23:44:34','2016-07-26 23:44:34',NULL),(278,'xjzo2f0hsma4yy7fmmc4225','99:cd:4a:c5:fc:6a-b1:25:a0:52:4a:c3-24:e3:56:93:a9:cf',277,NULL,NULL,10,NULL,NULL,NULL,NULL,NULL,NULL,NULL,0,0,0,0,1,0,NULL,NULL,NULL,NULL,NULL,'--- !ruby/hash:ActiveSupport::HashWithIndifferentAccess\nlicense_type: single_workplace\nactivation_type: serial_number\noperating_system:\n- windows\n- linux\ninstallation:\n- citrix\n- web\nreference: invoice\nmaintenance_contract: \'false\'\nmaintenance_currency: CHF\n','2016-07-26 23:44:34','2016-07-26 23:44:34',NULL),(279,'cnotk63c5k5i2o7vgxcc226','8b:48:3d:a5:09:d4-14:63:00:56:6f:de-2c:21:72:8d:f2:4c',278,171,263,3,NULL,NULL,'2015-02-09','2016-07-22',NULL,NULL,'1237.00',0,0,1,0,2,1,NULL,NULL,NULL,NULL,NULL,'--- !ruby/hash:ActiveSupport::HashWithIndifferentAccess\nanschaffungskategorie: AV-Technik\nreference: invoice\numzug: zgeln\nankunftszustand: intakt\n','2016-07-21 23:44:34','2016-07-21 23:44:34',NULL),(280,'pyi2q3kzi3srgtrvtv1t227','ef:56:3b:99:27:c2-30:4d:92:b7:c5:e2-4e:50:ec:9c:5d:9c',279,172,264,12,NULL,NULL,'2013-12-31','2016-07-27',NULL,NULL,'1058.00',0,0,1,0,1,1,NULL,NULL,NULL,NULL,NULL,'--- !ruby/hash:ActiveSupport::HashWithIndifferentAccess\nanschaffungskategorie: AV-Technik\nreference: invoice\numzug: zgeln\nankunftszustand: intakt\n','2016-07-26 23:44:34','2016-07-26 23:44:34',NULL),(281,'vfxjfoyiwmc2l386z44i228','e3:92:2b:13:07:ef-27:60:0e:ec:d3:af-bd:f1:5c:38:90:fd',280,NULL,NULL,2,NULL,NULL,NULL,NULL,NULL,NULL,NULL,0,0,0,0,1,0,NULL,NULL,NULL,NULL,NULL,'--- !ruby/hash:ActiveSupport::HashWithIndifferentAccess\nlicense_type: single_workplace\nactivation_type: serial_number\noperating_system:\n- windows\n- linux\ninstallation:\n- citrix\n- web\nreference: invoice\nmaintenance_contract: \'false\'\nmaintenance_currency: CHF\n','2016-07-26 23:44:34','2016-07-26 23:44:34',NULL),(282,'1mzj2xmej3nuptpt4ajh229','ed:07:53:39:86:09-d3:ba:ce:c6:b7:3c-fc:84:03:36:30:6c',281,NULL,265,1,NULL,NULL,'2011-12-01','2016-07-27',NULL,NULL,'1169.00',0,0,1,0,1,1,NULL,NULL,NULL,NULL,NULL,'--- !ruby/hash:ActiveSupport::HashWithIndifferentAccess\nanschaffungskategorie: AV-Technik\nreference: invoice\numzug: zgeln\nankunftszustand: intakt\n','2016-07-26 23:44:34','2016-07-26 23:44:34',NULL),(283,'3eelc9j9e4yklg3s5w17230','8c:a0:34:3c:b3:fa-ef:c4:b1:15:d1:2f-c8:05:44:70:2e:48',282,173,266,1,NULL,NULL,'2012-07-07','2016-07-27',NULL,NULL,'77.00',0,0,1,0,1,1,NULL,NULL,NULL,NULL,NULL,'--- !ruby/hash:ActiveSupport::HashWithIndifferentAccess\nanschaffungskategorie: AV-Technik\nreference: invoice\numzug: zgeln\nankunftszustand: intakt\n','2016-07-26 23:44:34','2016-07-26 23:44:34',NULL),(284,'op1iu0p0lp342fcwtntk231','24:be:3e:ff:d2:f7-8f:e9:3a:f6:aa:27-2c:1e:17:d4:5f:1f',283,174,267,2,NULL,NULL,'2012-03-12','2016-07-27',NULL,NULL,'1480.00',0,0,1,0,2,1,NULL,NULL,NULL,NULL,NULL,'--- !ruby/hash:ActiveSupport::HashWithIndifferentAccess\nanschaffungskategorie: AV-Technik\nreference: invoice\numzug: zgeln\nankunftszustand: intakt\n','2016-07-26 23:44:34','2016-07-26 23:44:34',NULL),(285,'xaiebjmamgimr7w8yust232','2c:32:b8:90:07:22-bb:52:59:b2:62:d5-e8:54:64:0d:8d:94',284,175,268,12,NULL,NULL,'2011-05-10','2016-07-27',NULL,NULL,'1225.00',0,0,1,0,2,1,NULL,NULL,NULL,NULL,NULL,'--- !ruby/hash:ActiveSupport::HashWithIndifferentAccess\nanschaffungskategorie: AV-Technik\nreference: invoice\numzug: zgeln\nankunftszustand: intakt\n','2016-07-26 23:44:34','2016-07-26 23:44:34',NULL),(286,'v4dfb7mk6pj4huuxy23x233','42:fb:dc:b6:06:45-fb:7d:7d:ac:f6:4c-e3:b3:0e:2b:36:de',285,176,269,2,NULL,NULL,'2013-07-16','2016-07-27',NULL,NULL,'321.00',0,0,1,0,2,1,NULL,NULL,NULL,NULL,NULL,'--- !ruby/hash:ActiveSupport::HashWithIndifferentAccess\nanschaffungskategorie: AV-Technik\nreference: invoice\numzug: zgeln\nankunftszustand: intakt\n','2016-07-26 23:44:34','2016-07-26 23:44:34',NULL),(287,'lh693x2z3w600dgc0h3u234','db:e1:ef:f5:73:d9-2e:93:1d:fb:84:ce-ae:6e:f1:48:5d:11',286,177,270,12,NULL,NULL,'2012-10-08','2016-07-27',NULL,NULL,'357.00',0,0,1,0,1,1,NULL,NULL,NULL,NULL,NULL,'--- !ruby/hash:ActiveSupport::HashWithIndifferentAccess\nanschaffungskategorie: AV-Technik\nreference: invoice\numzug: zgeln\nankunftszustand: intakt\n','2016-07-26 23:44:34','2016-07-26 23:44:34',NULL),(288,'n82arr94r1ky131lyh97235','3b:d5:55:c5:21:82-9a:ee:a9:11:c7:3e-fc:ad:72:af:7a:d3',287,178,271,2,NULL,NULL,'2014-02-18','2016-07-27',NULL,NULL,'1025.00',0,0,1,0,1,1,NULL,NULL,NULL,NULL,NULL,'--- !ruby/hash:ActiveSupport::HashWithIndifferentAccess\nanschaffungskategorie: AV-Technik\nreference: invoice\numzug: zgeln\nankunftszustand: intakt\n','2016-07-26 23:44:34','2016-07-26 23:44:34',NULL),(289,'qr7h3nh5299bhcrpg4nt236','1e:fa:bc:4c:5b:98-71:93:a1:44:b8:b8-ab:24:c3:0e:92:3d',288,179,272,9,NULL,NULL,'2013-08-08','2016-07-27',NULL,NULL,'277.00',0,0,1,0,1,1,NULL,NULL,NULL,NULL,NULL,'--- !ruby/hash:ActiveSupport::HashWithIndifferentAccess\nanschaffungskategorie: AV-Technik\nreference: invoice\numzug: zgeln\nankunftszustand: intakt\n','2016-07-26 23:44:34','2016-07-26 23:44:34',NULL),(290,'isgq5vc4xjlzm8z52yd8237','e5:9c:85:e1:ab:3e-3a:09:3f:39:4c:0c-73:33:e1:47:ac:d5',289,180,273,12,NULL,NULL,'2014-04-16','2016-07-27',NULL,NULL,'333.00',0,0,1,0,1,1,NULL,NULL,NULL,NULL,NULL,'--- !ruby/hash:ActiveSupport::HashWithIndifferentAccess\nanschaffungskategorie: AV-Technik\nreference: invoice\numzug: zgeln\nankunftszustand: intakt\n','2016-07-26 23:44:34','2016-07-26 23:44:34',NULL),(291,'gghon5ne26trpodqaie4238','13:4c:00:67:f1:e7-1c:3e:53:b7:0d:97-c6:a8:d3:b9:30:f2',290,181,274,12,NULL,NULL,'2015-12-17','2016-07-27',NULL,NULL,'1079.00',0,0,1,0,1,1,NULL,NULL,NULL,NULL,NULL,'--- !ruby/hash:ActiveSupport::HashWithIndifferentAccess\nanschaffungskategorie: AV-Technik\nreference: invoice\numzug: zgeln\nankunftszustand: intakt\n','2016-07-26 23:44:34','2016-07-26 23:44:34',NULL),(292,'gn11cedfsm2404c1g0n2239','d1:21:24:91:97:9b-73:86:16:5c:df:03-65:d4:38:d6:b3:aa',291,182,275,7,NULL,NULL,'2011-12-26','2016-07-27',NULL,NULL,'1193.00',0,0,1,0,1,1,NULL,NULL,NULL,NULL,NULL,'--- !ruby/hash:ActiveSupport::HashWithIndifferentAccess\nanschaffungskategorie: AV-Technik\nreference: invoice\numzug: zgeln\nankunftszustand: intakt\n','2016-07-26 23:44:34','2016-07-26 23:44:34',NULL),(293,'b03kr2qfc77b5c6a0kcp240','14:d1:1a:57:8e:dd-43:6c:a2:dd:bd:2d-63:80:62:62:dd:09',292,183,276,4,NULL,NULL,'2014-01-22','2016-07-27',NULL,NULL,'217.00',0,0,1,0,1,1,NULL,NULL,NULL,NULL,NULL,'--- !ruby/hash:ActiveSupport::HashWithIndifferentAccess\nanschaffungskategorie: AV-Technik\nreference: invoice\numzug: zgeln\nankunftszustand: intakt\n','2016-07-26 23:44:34','2016-07-26 23:44:34',NULL),(294,'x9qsfnut7xc7o47gj31f241','00:4d:5a:cf:f7:85-da:a2:d5:e4:91:d8-b1:00:42:71:db:d1',293,184,277,11,NULL,NULL,'2012-10-07','2016-07-27',NULL,NULL,'1067.00',0,0,1,0,1,1,NULL,NULL,NULL,NULL,NULL,'--- !ruby/hash:ActiveSupport::HashWithIndifferentAccess\nanschaffungskategorie: AV-Technik\nreference: invoice\numzug: zgeln\nankunftszustand: intakt\n','2016-07-26 23:44:34','2016-07-26 23:44:34',NULL),(295,'hz01x1k3ozt8dlzthdeu242','07:d6:3d:96:51:f9-c8:c7:00:9b:cd:32-44:34:79:57:f5:84',294,185,278,5,NULL,NULL,'2015-11-23','2016-07-27',NULL,NULL,'515.00',0,0,1,0,1,1,NULL,NULL,NULL,NULL,NULL,'--- !ruby/hash:ActiveSupport::HashWithIndifferentAccess\nanschaffungskategorie: AV-Technik\nreference: invoice\numzug: zgeln\nankunftszustand: intakt\n','2016-07-26 23:44:34','2016-07-26 23:44:34',NULL),(296,'pyduikq1em43ri64ym5c243','b9:d8:95:36:7c:c4-4d:ca:cb:52:5a:e9-a0:e0:0c:42:d5:04',295,186,279,9,NULL,NULL,'2012-10-13','2016-07-27',NULL,NULL,'775.00',0,0,1,0,1,1,NULL,NULL,NULL,NULL,NULL,'--- !ruby/hash:ActiveSupport::HashWithIndifferentAccess\nanschaffungskategorie: AV-Technik\nreference: invoice\numzug: zgeln\nankunftszustand: intakt\n','2016-07-26 23:44:34','2016-07-26 23:44:34',NULL),(297,'ifcujfrbet3xriitmdtf244','14:02:b6:6b:ea:94-93:30:4e:36:86:d6-f9:57:2e:47:df:33',296,187,280,4,NULL,NULL,'2014-01-10','2016-07-27',NULL,NULL,'636.00',0,0,1,0,1,1,NULL,NULL,NULL,NULL,NULL,'--- !ruby/hash:ActiveSupport::HashWithIndifferentAccess\nanschaffungskategorie: AV-Technik\nreference: invoice\numzug: zgeln\nankunftszustand: intakt\n','2016-07-26 23:44:34','2016-07-26 23:44:34',NULL),(298,'ohe3wvnlr0nlny8lg3o0245','b7:72:74:99:64:fa-f9:86:69:42:bb:1b-58:73:21:6f:f5:4c',297,188,281,8,NULL,NULL,'2013-12-06','2016-07-27',NULL,NULL,'603.00',0,0,1,0,1,1,NULL,NULL,NULL,NULL,NULL,'--- !ruby/hash:ActiveSupport::HashWithIndifferentAccess\nanschaffungskategorie: AV-Technik\nreference: invoice\numzug: zgeln\nankunftszustand: intakt\n','2016-07-26 23:44:34','2016-07-26 23:44:34',NULL),(299,'dqmawghvak2ljezp8q4e246','1e:65:5e:b2:d0:f8-d5:db:17:c6:fe:72-c8:83:63:c6:a7:27',298,189,282,8,NULL,NULL,'2015-12-20','2016-07-27',NULL,NULL,'1426.00',0,0,1,0,1,1,NULL,NULL,NULL,NULL,NULL,'--- !ruby/hash:ActiveSupport::HashWithIndifferentAccess\nanschaffungskategorie: AV-Technik\nreference: invoice\numzug: zgeln\nankunftszustand: intakt\n','2016-07-26 23:44:34','2016-07-26 23:44:34',NULL),(300,'imlpo5l0b0f6vgl8o8hj247','4f:61:80:71:c7:3b-6e:35:94:30:75:45-64:78:d2:b6:58:74',299,190,283,9,NULL,NULL,'2011-01-09','2016-07-27',NULL,NULL,'1487.00',0,0,1,0,1,1,NULL,NULL,NULL,NULL,NULL,'--- !ruby/hash:ActiveSupport::HashWithIndifferentAccess\nanschaffungskategorie: AV-Technik\nreference: invoice\numzug: zgeln\nankunftszustand: intakt\n','2016-07-26 23:44:34','2016-07-26 23:44:34',NULL),(301,'gfuwcsnnuu7ayo6z6mp1248','21:75:97:66:bd:53-9b:49:5e:19:1a:29-d8:a7:40:50:da:4e',300,191,284,5,NULL,NULL,'2011-11-13','2016-07-27',NULL,NULL,'326.00',0,0,1,0,1,1,NULL,NULL,NULL,NULL,NULL,'--- !ruby/hash:ActiveSupport::HashWithIndifferentAccess\nanschaffungskategorie: AV-Technik\nreference: invoice\numzug: zgeln\nankunftszustand: intakt\n','2016-07-26 23:44:34','2016-07-26 23:44:34',NULL),(302,'lb0khl86gad95ysh6xw3249','1b:f7:c7:db:c2:c6-4a:2f:dd:65:35:4b-f1:75:ec:f6:47:c9',301,192,285,3,NULL,NULL,'2012-06-15','2016-07-27',NULL,NULL,'66.00',0,0,1,0,1,1,NULL,NULL,NULL,NULL,NULL,'--- !ruby/hash:ActiveSupport::HashWithIndifferentAccess\nanschaffungskategorie: AV-Technik\nreference: invoice\numzug: zgeln\nankunftszustand: intakt\n','2016-07-26 23:44:34','2016-07-26 23:44:34',NULL),(303,'2yuted568dawuzf9ghpg250','dd:76:66:85:e5:75-cb:29:4a:9c:17:b9-e8:d5:6c:a6:ab:c6',302,193,286,2,NULL,NULL,'2011-08-03','2016-07-27',NULL,NULL,'880.00',0,0,1,0,1,1,NULL,NULL,NULL,NULL,NULL,'--- !ruby/hash:ActiveSupport::HashWithIndifferentAccess\nanschaffungskategorie: AV-Technik\nreference: invoice\numzug: zgeln\nankunftszustand: intakt\n','2016-07-26 23:44:34','2016-07-26 23:44:34',NULL),(304,'0z7468bric1i1yyc35hp251','b2:c3:61:5a:d2:b0-64:c5:cf:8f:64:10-f9:94:6a:64:7b:8e',303,194,287,5,NULL,NULL,'2013-10-08','2016-07-22',NULL,NULL,'1476.00',0,0,1,0,1,1,NULL,NULL,NULL,NULL,NULL,'--- !ruby/hash:ActiveSupport::HashWithIndifferentAccess\nanschaffungskategorie: AV-Technik\nreference: invoice\numzug: zgeln\nankunftszustand: intakt\n','2016-07-21 23:44:34','2016-07-21 23:44:34',NULL),(305,'2xtha1dsfob2bwxtrgqb252','c2:9e:43:8b:0a:ad-cc:b0:4a:96:a7:46-6c:20:a1:4b:c4:a4',304,195,288,10,NULL,NULL,'2012-08-09','2016-07-22',NULL,NULL,'411.00',0,0,1,0,1,1,NULL,NULL,NULL,NULL,NULL,'--- !ruby/hash:ActiveSupport::HashWithIndifferentAccess\nanschaffungskategorie: AV-Technik\nreference: invoice\numzug: zgeln\nankunftszustand: intakt\n','2016-07-21 23:44:34','2016-07-21 23:44:34',NULL),(306,'xxxshw4v0cyj8wrcy51t253','98:16:12:74:78:6e-25:dc:7f:ff:1f:2d-18:5d:80:27:04:3a',305,196,289,10,NULL,NULL,'2011-03-25','2016-07-22',NULL,NULL,'145.00',0,0,1,0,1,1,NULL,NULL,NULL,NULL,NULL,'--- !ruby/hash:ActiveSupport::HashWithIndifferentAccess\nanschaffungskategorie: AV-Technik\nreference: invoice\numzug: zgeln\nankunftszustand: intakt\n','2016-07-21 23:44:34','2016-07-21 23:44:34',NULL),(307,'zg6hyqj7xea2e745m2fd254','2d:02:85:2a:43:68-ca:29:cd:77:2c:f1-67:f0:c2:38:ac:92',306,197,290,9,NULL,NULL,'2013-05-05','2016-07-22',NULL,NULL,'965.00',0,0,1,0,1,1,NULL,NULL,NULL,NULL,NULL,'--- !ruby/hash:ActiveSupport::HashWithIndifferentAccess\nanschaffungskategorie: AV-Technik\nreference: invoice\numzug: zgeln\nankunftszustand: intakt\n','2016-07-21 23:44:34','2016-07-21 23:44:34',NULL),(308,'q68mgj165aq5b7jpt9lx255','f1:a0:3d:50:2a:b9-c0:82:a2:ed:ca:84-20:3f:3f:e7:f8:d4',307,198,291,6,NULL,NULL,'2014-08-31','2016-07-21',NULL,NULL,'210.00',0,0,1,0,1,1,NULL,NULL,NULL,NULL,NULL,'--- !ruby/hash:ActiveSupport::HashWithIndifferentAccess\nanschaffungskategorie: AV-Technik\nreference: invoice\numzug: zgeln\nankunftszustand: intakt\n','2016-07-20 23:44:34','2016-07-20 23:44:34',NULL),(309,'dhn99026g9wxhqyvelko256','ea:22:c8:29:ef:74-14:da:20:91:f8:f7-11:6b:fb:5d:d5:a0',308,199,292,7,NULL,NULL,'2012-09-26','2016-07-21',NULL,NULL,'447.00',0,0,1,0,1,1,NULL,NULL,NULL,NULL,NULL,'--- !ruby/hash:ActiveSupport::HashWithIndifferentAccess\nanschaffungskategorie: AV-Technik\nreference: invoice\numzug: zgeln\nankunftszustand: intakt\n','2016-07-20 23:44:34','2016-07-20 23:44:34',NULL),(310,'4lhns3i3eamu57can4ek257','04:e5:31:d6:0b:e2-6e:5e:3e:9b:53:d8-f9:84:45:c0:c5:3c',309,200,293,10,NULL,NULL,'2012-01-26','2016-07-21',NULL,NULL,'480.00',0,0,1,0,1,1,NULL,NULL,NULL,NULL,NULL,'--- !ruby/hash:ActiveSupport::HashWithIndifferentAccess\nanschaffungskategorie: AV-Technik\nreference: invoice\numzug: zgeln\nankunftszustand: intakt\n','2016-07-20 23:44:34','2016-07-20 23:44:34',NULL),(311,'ui4ncf1833hkqgzq4vxw258','ed:56:ca:72:ab:c9-be:41:fc:eb:33:82-50:64:6b:b0:38:97',310,201,294,1,NULL,NULL,'2013-08-11','2016-07-21',NULL,NULL,'241.00',0,0,1,0,1,1,NULL,NULL,NULL,NULL,NULL,'--- !ruby/hash:ActiveSupport::HashWithIndifferentAccess\nanschaffungskategorie: AV-Technik\nreference: invoice\numzug: zgeln\nankunftszustand: intakt\n','2016-07-20 23:44:34','2016-07-20 23:44:34',NULL),(312,'ofunjsh8du31jo7er3g6259','e8:af:61:6d:f7:57-bb:fb:e6:2c:0b:21-05:7a:9a:58:dc:3c',311,202,295,7,NULL,NULL,'2011-09-11','2016-07-21',NULL,NULL,'1078.00',0,0,1,0,1,1,NULL,NULL,NULL,NULL,NULL,'--- !ruby/hash:ActiveSupport::HashWithIndifferentAccess\nanschaffungskategorie: AV-Technik\nreference: invoice\numzug: zgeln\nankunftszustand: intakt\n','2016-07-20 23:44:34','2016-07-20 23:44:34',NULL);
/*!40000 ALTER TABLE `items` ENABLE KEYS */;
UNLOCK TABLES;

--
-- Table structure for table `languages`
--

DROP TABLE IF EXISTS `languages`;
/*!40101 SET @saved_cs_client     = @@character_set_client */;
/*!40101 SET character_set_client = utf8 */;
CREATE TABLE `languages` (
  `id` int(11) NOT NULL AUTO_INCREMENT,
  `name` varchar(255) COLLATE utf8_unicode_ci DEFAULT NULL,
  `locale_name` varchar(255) COLLATE utf8_unicode_ci DEFAULT NULL,
  `default` tinyint(1) DEFAULT NULL,
  `active` tinyint(1) DEFAULT NULL,
  PRIMARY KEY (`id`),
  UNIQUE KEY `index_languages_on_name` (`name`),
  KEY `index_languages_on_active_and_default` (`active`,`default`)
) ENGINE=InnoDB AUTO_INCREMENT=5 DEFAULT CHARSET=utf8 COLLATE=utf8_unicode_ci;
/*!40101 SET character_set_client = @saved_cs_client */;

--
-- Dumping data for table `languages`
--

LOCK TABLES `languages` WRITE;
/*!40000 ALTER TABLE `languages` DISABLE KEYS */;
INSERT INTO `languages` VALUES (1,'English (UK)','en-GB',1,1),(2,'English (US)','en-US',0,1),(3,'Deutsch','de-CH',0,1),(4,'Zrittsch','gsw-CH',0,1);
/*!40000 ALTER TABLE `languages` ENABLE KEYS */;
UNLOCK TABLES;

--
-- Table structure for table `locations`
--

DROP TABLE IF EXISTS `locations`;
/*!40101 SET @saved_cs_client     = @@character_set_client */;
/*!40101 SET character_set_client = utf8 */;
CREATE TABLE `locations` (
  `id` int(11) NOT NULL AUTO_INCREMENT,
  `room` varchar(255) COLLATE utf8_unicode_ci DEFAULT NULL,
  `shelf` varchar(255) COLLATE utf8_unicode_ci DEFAULT NULL,
  `building_id` int(11) DEFAULT NULL,
  PRIMARY KEY (`id`),
  KEY `index_locations_on_building_id` (`building_id`),
  CONSTRAINT `locations_building_id_fk` FOREIGN KEY (`building_id`) REFERENCES `buildings` (`id`)
) ENGINE=InnoDB AUTO_INCREMENT=203 DEFAULT CHARSET=utf8 COLLATE=utf8_unicode_ci;
/*!40101 SET character_set_client = @saved_cs_client */;

--
-- Dumping data for table `locations`
--

LOCK TABLES `locations` WRITE;
/*!40000 ALTER TABLE `locations` DISABLE KEYS */;
INSERT INTO `locations` VALUES (1,'SQ2','Desk',1),(2,'UG 13','Ausgabe',1),(3,'Doloremeos','itaquemolestiae',2),(4,'Facereratione','odiout',3),(5,'Atvoluptatum','etvoluptates',4),(6,'Beataeoccaecati','voluptatenatus',5),(7,'Magniexplicabo','enimerror',6),(8,'Odittemporibus','quidolores',7),(9,'Utalias','maximeut',8),(10,'Omnismaiores','animirerum',9),(11,'Utquod','hicveritatis',10),(12,'Eumrecusandae','evenietaut',11),(13,'Ametiste','praesentiumdolores',12),(14,'Expeditamagni','reprehenderittenetur',13),(15,'Veniamdebitis','doloressunt',14),(16,'Perspiciatisporro','repellendusnobis',15),(17,'Totamnecessitatibus','enimquisquam',16),(18,'Evenietvoluptas','nisidoloribus',17),(19,'Harumsunt','doloremarchitecto',18),(20,'Aspernaturpraesentium','nisiquam',19),(21,'Eaquedeleniti','minusnisi',20),(22,'Rerumpossimus','quisautem',21),(23,'Quisunt','idinventore',22),(24,'Exrerum','namnumquam',23),(25,'Accusantiumbeatae','occaecatiaut',24),(26,'Voluptatesad','esseneque',25),(27,'Noncumque','asperioreset',26),(28,'Nullased','eaarchitecto',27),(29,'Quiain','cumquevitae',28),(30,'Quasised','faciliseius',29),(31,'Eligendidolores','expeditasimilique',30),(32,'Corporissed','autanimi',31),(33,'Quilabore','hicasperiores',32),(34,'Commodiet','quaeratet',33),(35,'Nonconsequuntur','placeatet',34),(36,'Molestiasofficiis','commodivero',35),(37,'Veniameos','inporro',36),(38,'Laboriosammagni','quotenetur',37),(39,'Numquamet','aspernaturnesciunt',38),(40,'Temporibusmagnam','dolorrepellendus',39),(41,'Rerumaut','consequaturquis',40),(42,'Consequunturcorrupti','magnamfacere',41),(43,'Utaut','debitisaliquam',42),(44,'Occaecatinulla','sunttempora',43),(45,'Aliquidquod','ipsasoluta',44),(46,'Errorut','iustoipsa',45),(47,'Nihilet','quipraesentium',46),(48,'Eligendisit','eosexcepturi',47),(49,'Dolorumvero','hiceligendi',48),(50,'Ahic','undeautem',49),(51,'Aliasut','velet',50),(52,'Quicorporis','quampariatur',51),(53,'Corporiseum','velnesciunt',52),(54,'Rerumnon','itaqueeum',53),(55,'Rerumad','etducimus',54),(56,'Suntitaque','optioconsequatur',55),(57,'Velalias','utducimus',56),(58,'Accusamusmollitia','aperiamquia',57),(59,'Suscipitvoluptate','sedvel',58),(60,'Assumendaanimi','reprehenderitalias',59),(61,'Evenietrecusandae','asperioresconsectetur',60),(62,'Nihilvelit','iureinventore',61),(63,'Eosanimi','laborelibero',62),(64,'Maioresquis','inquo',63),(65,'Nequeat','magnamratione',64),(66,'Quiaperferendis','etdolor',65),(67,'Etfacilis','distinctioqui',66),(68,'Sitqui','eospossimus',67),(69,'Asperioresrerum','indebitis',68),(70,'Doloribusaperiam','exvel',69),(71,'Autemsapiente','porroquasi',70),(72,'Voluptatemaut','laborumdolor',71),(73,'Suntvel','estveritatis',72),(74,'Nonenim','voluptatesaut',73),(75,'Fugaexplicabo','temporibusnemo',74),(76,'Inventorefuga','molestiaevelit',75),(77,'Iureet','enimat',76),(78,'Autaut','dictaaut',77),(79,'Estdicta','sequiquae',78),(80,'Corporisut','sapienteet',79),(81,'Sedmolestias','maximelaboriosam',80),(82,'Praesentiumsit','sedvel',81),(83,'Molestiaefacilis','voluptatumnostrum',82),(84,'Eiuscorrupti','hicmolestias',83),(85,'Porromaiores','aperiamdoloribus',84),(86,'Nonanimi','sedexcepturi',85),(87,'Namperspiciatis','distinctioalias',86),(88,'Molestiassapiente','nostrumat',87),(89,'Velitblanditiis','aliasquo',88),(90,'Quamsoluta','omnisdolorum',89),(91,'Inquia','totamvoluptatum',90),(92,'Voluptasrerum','mollitiaquo',91),(93,'Expeditaincidunt','etquis',92),(94,'Illumassumenda','repellendusrerum',93),(95,'Suntut','etfugiat',94),(96,'Illoatque','doloritaque',95),(97,'Eoseius','consequaturaut',96),(98,'Undesequi','aquia',97),(99,'Excepturiqui','sequitenetur',98),(100,'Liberoofficia','namiusto',99),(101,'Quieligendi','perferendissaepe',100),(102,'Nisifuga','accusantiummodi',101),(103,'Expeditamolestiae','doloremnemo',102),(104,'Placeatid','eaqueiste',103),(105,'Eosminus','utdebitis',104),(106,'Quiarem','etet',105),(107,'Itaqueut','eossit',106),(108,'Liberoullam','repellatsed',107),(109,'Fugatenetur','etaut',108),(110,'Repellatvoluptas','placeatvero',109),(111,'Explicaboiure','sitvero',110),(112,'Blanditiisquis','occaecatisoluta',111),(113,'Atcorporis','etexpedita',112),(114,'Veniamcumque','autet',113),(115,'Veliusto','fugiatsit',114),(116,'Recusandaenecessitatibus','veritatisquasi',115),(117,'Repellendusvoluptas','laborumnon',116),(118,'Atdelectus','nullasunt',117),(119,'Aspernaturquia','adminima',118),(120,'Eumautem','doloribussint',119),(121,'Animiblanditiis','quovoluptatem',120),(122,'Aspernaturqui','quosvoluptatum',121),(123,'Facilisaperiam','minushic',122),(124,'Doloremquesed','numquamillum',123),(125,'Facerequi','dignissimoscum',124),(126,'Reprehenderitdolorem','placeatvero',125),(127,'Assumendafacilis','voluptasnisi',126),(128,'Autemlaborum','maioresnam',127),(129,'Quamvoluptates','autnecessitatibus',128),(130,'Euminventore','accusantiumrepellendus',129),(131,'Corruptiaspernatur','remquia',130),(132,'Quodporro','rerumofficiis',131),(133,'Totamdicta','inciduntaut',132),(134,'Quidebitis','seddolorum',133),(135,'Doloremqueerror','itaquedolorem',134),(136,'Aspernatureum','nonest',135),(137,'Molestiaesequi','aperiamvoluptatem',136),(138,'Ullamquasi','autblanditiis',137),(139,'Fugitamet','quidebitis',138),(140,'Eumaperiam','atqueconsequatur',139),(141,'Idet','voluptatemvoluptas',140),(142,'Quiaautem','praesentiumipsa',141),(143,'Estmaiores','autsequi',142),(144,'Autemvoluptas','atqueid',143),(145,'Adipiscimaiores','namtempora',144),(146,'Odioautem','asequi',145),(147,'Hicomnis','autlaboriosam',146),(148,'Voluptatumnemo','quiaet',147),(149,'Sitcorrupti','corruptiearum',148),(150,'Sednesciunt','suscipitreprehenderit',149),(151,'Earumdicta','perspiciatisadipisci',150),(152,'Dolorequia','ducimusquaerat',151),(153,'Inventoreratione','consequaturnulla',152),(154,'Cumqueoccaecati','oditnam',153),(155,'Quiquia','nonut',154),(156,'Voluptatemexplicabo','eumaliquid',155),(157,'Faceresaepe','quidolores',156),(158,'Delenitirepudiandae','iderror',157),(159,'Voluptatemipsum','nihilab',158),(160,'Quaeaut','nonquos',159),(161,'Harumquibusdam','estcum',160),(162,'Providentconsequuntur','eosexplicabo',161),(163,'Voluptatesquasi','suntullam',162),(164,'Providentquia','illodoloremque',163),(165,'Eaomnis','quisvoluptatibus',164),(166,'Temporeet','rerumad',165),(167,'Atqueasperiores','illodolore',166),(168,'Accusantiumodit','pariaturducimus',167),(169,'Voluptasminus','dolorlibero',168),(170,'Hicquaerat','magnamest',169),(171,'Autad','ducimuspariatur',170),(172,'Aliquidsaepe','adquisquam',171),(173,'Voluptateblanditiis','voluptasquisquam',172),(174,'Rerumrerum','illotenetur',173),(175,'Dolorsed','eaquevitae',174),(176,'Autquam','veniamincidunt',175),(177,'Istequasi','velitearum',176),(178,'Autemquam','quiaperspiciatis',177),(179,'Quiut','aperiamdelectus',178),(180,'Eosrerum','suscipitullam',179),(181,'Aperiamdolor','quiaet',180),(182,'Esta','sintlaboriosam',181),(183,'Remet','sapientecupiditate',182),(184,'Quasiducimus','veroesse',183),(185,'Similiquequas','estvel',184),(186,'Magnamdeleniti','dolorsimilique',185),(187,'Doloribusratione','estillo',186),(188,'Accusamusquas','abquas',187),(189,'Voluptasmollitia','solutaet',188),(190,'Autnumquam','omnisdelectus',189),(191,'Nemoqui','quomolestias',190),(192,'Optiovoluptatem','etlibero',191),(193,'Quismaxime','omnisdignissimos',192),(194,'Sequiquae','nesciuntminus',193),(195,'Reprehenderitatque','explicaboaut',194),(196,'Doloresearum','illumin',195),(197,'Namlaudantium','rerumea',196),(198,'Velitreprehenderit','atarchitecto',197),(199,'Sapienteeveniet','illumincidunt',198),(200,'Nullasimilique','doloresfacere',199),(201,'Quasquidem','ullamest',200),(202,'Utaut','autad',201);
/*!40000 ALTER TABLE `locations` ENABLE KEYS */;
UNLOCK TABLES;

--
-- Table structure for table `mail_templates`
--

DROP TABLE IF EXISTS `mail_templates`;
/*!40101 SET @saved_cs_client     = @@character_set_client */;
/*!40101 SET character_set_client = utf8 */;
CREATE TABLE `mail_templates` (
  `id` int(11) NOT NULL AUTO_INCREMENT,
  `inventory_pool_id` int(11) DEFAULT NULL,
  `language_id` int(11) DEFAULT NULL,
  `name` varchar(255) COLLATE utf8_unicode_ci DEFAULT NULL,
  `format` varchar(255) COLLATE utf8_unicode_ci DEFAULT NULL,
  `body` text COLLATE utf8_unicode_ci,
  PRIMARY KEY (`id`)
) ENGINE=InnoDB DEFAULT CHARSET=utf8 COLLATE=utf8_unicode_ci;
/*!40101 SET character_set_client = @saved_cs_client */;

--
-- Dumping data for table `mail_templates`
--

LOCK TABLES `mail_templates` WRITE;
/*!40000 ALTER TABLE `mail_templates` DISABLE KEYS */;
/*!40000 ALTER TABLE `mail_templates` ENABLE KEYS */;
UNLOCK TABLES;

--
-- Table structure for table `model_group_links`
--

DROP TABLE IF EXISTS `model_group_links`;
/*!40101 SET @saved_cs_client     = @@character_set_client */;
/*!40101 SET character_set_client = utf8 */;
CREATE TABLE `model_group_links` (
  `id` int(11) NOT NULL AUTO_INCREMENT,
  `ancestor_id` int(11) DEFAULT NULL,
  `descendant_id` int(11) DEFAULT NULL,
  `direct` tinyint(1) DEFAULT NULL,
  `count` int(11) DEFAULT NULL,
  `label` varchar(255) COLLATE utf8_unicode_ci DEFAULT NULL,
  PRIMARY KEY (`id`),
  KEY `index_model_group_links_on_ancestor_id` (`ancestor_id`),
  KEY `index_model_group_links_on_direct` (`direct`),
  KEY `index_on_descendant_id_and_ancestor_id_and_direct` (`descendant_id`,`ancestor_id`,`direct`),
  CONSTRAINT `model_group_links_descendant_id_fk` FOREIGN KEY (`descendant_id`) REFERENCES `model_groups` (`id`) ON DELETE CASCADE,
  CONSTRAINT `model_group_links_ancestor_id_fk` FOREIGN KEY (`ancestor_id`) REFERENCES `model_groups` (`id`) ON DELETE CASCADE
) ENGINE=InnoDB AUTO_INCREMENT=9 DEFAULT CHARSET=utf8 COLLATE=utf8_unicode_ci;
/*!40101 SET character_set_client = @saved_cs_client */;

--
-- Dumping data for table `model_group_links`
--

LOCK TABLES `model_group_links` WRITE;
/*!40000 ALTER TABLE `model_group_links` DISABLE KEYS */;
INSERT INTO `model_group_links` VALUES (1,2,8,1,1,NULL),(2,5,9,1,1,NULL),(3,1,9,1,1,NULL),(4,2,10,1,1,NULL),(5,5,10,1,1,NULL),(6,1,11,0,1,NULL),(7,5,11,0,1,NULL),(8,9,11,1,1,NULL);
/*!40000 ALTER TABLE `model_group_links` ENABLE KEYS */;
UNLOCK TABLES;

--
-- Table structure for table `model_groups`
--

DROP TABLE IF EXISTS `model_groups`;
/*!40101 SET @saved_cs_client     = @@character_set_client */;
/*!40101 SET character_set_client = utf8 */;
CREATE TABLE `model_groups` (
  `id` int(11) NOT NULL AUTO_INCREMENT,
  `type` varchar(255) COLLATE utf8_unicode_ci DEFAULT NULL,
  `name` varchar(255) COLLATE utf8_unicode_ci DEFAULT NULL,
  `created_at` datetime DEFAULT NULL,
  `updated_at` datetime DEFAULT NULL,
  PRIMARY KEY (`id`),
  KEY `index_model_groups_on_type` (`type`)
) ENGINE=InnoDB AUTO_INCREMENT=15 DEFAULT CHARSET=utf8 COLLATE=utf8_unicode_ci;
/*!40101 SET character_set_client = @saved_cs_client */;

--
-- Dumping data for table `model_groups`
--

LOCK TABLES `model_groups` WRITE;
/*!40000 ALTER TABLE `model_groups` DISABLE KEYS */;
INSERT INTO `model_groups` VALUES (1,'Category','Beamer','2016-07-26 23:44:34','2016-07-26 23:44:34'),(2,'Category','Kameras','2016-07-26 23:44:34','2016-07-26 23:44:34'),(3,'Category','Stative','2016-07-26 23:44:34','2016-07-26 23:44:34'),(4,'Category','Hifi-Anlagen','2016-07-26 23:44:34','2016-07-26 23:44:34'),(5,'Category','Notebooks','2016-07-26 23:44:34','2016-07-26 23:44:34'),(6,'Category','RC Helikopter','2016-07-26 23:44:34','2016-07-26 23:44:34'),(7,'Category','Computer','2016-07-26 23:44:34','2016-07-26 23:44:34'),(8,'Category','Kurzdistanz','2016-07-26 23:44:34','2016-07-26 23:44:34'),(9,'Category','Portabel','2016-07-26 23:44:34','2016-07-26 23:44:34'),(10,'Category','Standard','2016-07-26 23:44:34','2016-07-26 23:44:34'),(11,'Category','Micro','2016-07-26 23:44:34','2016-07-26 23:44:34'),(12,'Template','Kamera & Stativ','2016-07-26 23:44:34','2016-07-26 23:44:34'),(13,'Template','Beamer & Hifi','2016-07-26 23:44:34','2016-07-26 23:44:34'),(14,'Template','Unaccomplishable template','2016-07-26 23:44:34','2016-07-26 23:44:34');
/*!40000 ALTER TABLE `model_groups` ENABLE KEYS */;
UNLOCK TABLES;

--
-- Table structure for table `model_links`
--

DROP TABLE IF EXISTS `model_links`;
/*!40101 SET @saved_cs_client     = @@character_set_client */;
/*!40101 SET character_set_client = utf8 */;
CREATE TABLE `model_links` (
  `id` int(11) NOT NULL AUTO_INCREMENT,
  `model_group_id` int(11) DEFAULT NULL,
  `model_id` int(11) DEFAULT NULL,
  `quantity` int(11) DEFAULT '1',
  PRIMARY KEY (`id`),
  KEY `index_model_links_on_model_id_and_model_group_id` (`model_id`,`model_group_id`),
  KEY `index_model_links_on_model_group_id_and_model_id` (`model_group_id`,`model_id`),
  CONSTRAINT `model_links_model_id_fk` FOREIGN KEY (`model_id`) REFERENCES `models` (`id`) ON DELETE CASCADE,
  CONSTRAINT `model_links_model_group_id_fk` FOREIGN KEY (`model_group_id`) REFERENCES `model_groups` (`id`) ON DELETE CASCADE
) ENGINE=InnoDB AUTO_INCREMENT=74 DEFAULT CHARSET=utf8 COLLATE=utf8_unicode_ci;
/*!40101 SET character_set_client = @saved_cs_client */;

--
-- Dumping data for table `model_links`
--

LOCK TABLES `model_links` WRITE;
/*!40000 ALTER TABLE `model_links` DISABLE KEYS */;
INSERT INTO `model_links` VALUES (1,1,24,1),(2,1,25,1),(3,1,26,1),(4,1,27,1),(5,1,28,1),(6,1,29,1),(7,1,30,1),(8,1,31,1),(9,1,32,1),(10,1,33,1),(11,1,34,1),(12,1,35,1),(13,1,36,1),(14,1,37,1),(15,1,38,1),(16,1,39,1),(17,1,40,1),(18,1,41,1),(19,1,42,1),(20,1,43,1),(21,2,44,1),(22,2,45,1),(23,2,46,1),(24,2,47,1),(25,2,48,1),(26,2,49,1),(27,2,50,1),(28,2,51,1),(29,2,52,1),(30,2,53,1),(31,2,54,1),(32,2,55,1),(33,2,56,1),(34,2,57,1),(35,2,58,1),(36,2,59,1),(37,2,60,1),(38,2,61,1),(39,2,62,1),(40,2,63,1),(41,2,64,1),(42,2,65,1),(43,2,66,1),(44,2,67,1),(45,2,68,1),(46,2,69,1),(47,2,70,1),(48,2,71,1),(49,2,72,1),(50,2,73,1),(51,5,1,1),(52,1,2,1),(53,9,2,1),(54,1,3,1),(55,1,4,1),(56,1,6,1),(57,9,6,1),(58,11,7,1),(59,2,8,1),(60,3,9,1),(61,4,10,1),(62,2,13,1),(63,5,14,1),(64,6,15,1),(65,6,16,1),(66,6,17,1),(67,7,18,1),(68,12,8,1),(69,12,9,1),(70,13,2,1),(71,13,10,1),(72,14,8,1),(73,14,9,1);
/*!40000 ALTER TABLE `model_links` ENABLE KEYS */;
UNLOCK TABLES;

--
-- Table structure for table `models`
--

DROP TABLE IF EXISTS `models`;
/*!40101 SET @saved_cs_client     = @@character_set_client */;
/*!40101 SET character_set_client = utf8 */;
CREATE TABLE `models` (
  `id` int(11) NOT NULL AUTO_INCREMENT,
  `type` varchar(255) COLLATE utf8_unicode_ci NOT NULL DEFAULT 'Model',
  `manufacturer` varchar(255) COLLATE utf8_unicode_ci DEFAULT NULL,
  `product` varchar(255) COLLATE utf8_unicode_ci NOT NULL,
  `version` varchar(255) COLLATE utf8_unicode_ci DEFAULT NULL,
  `description` text COLLATE utf8_unicode_ci,
  `internal_description` text COLLATE utf8_unicode_ci,
  `info_url` varchar(255) COLLATE utf8_unicode_ci DEFAULT NULL,
  `rental_price` decimal(8,2) DEFAULT NULL,
  `maintenance_period` int(11) DEFAULT '0',
  `is_package` tinyint(1) DEFAULT '0',
  `technical_detail` text COLLATE utf8_unicode_ci,
  `hand_over_note` text COLLATE utf8_unicode_ci,
  `created_at` datetime DEFAULT NULL,
  `updated_at` datetime DEFAULT NULL,
  PRIMARY KEY (`id`),
  KEY `index_models_on_is_package` (`is_package`),
  KEY `index_models_on_type` (`type`)
) ENGINE=InnoDB AUTO_INCREMENT=312 DEFAULT CHARSET=utf8 COLLATE=utf8_unicode_ci;
/*!40101 SET character_set_client = @saved_cs_client */;

--
-- Dumping data for table `models`
--

LOCK TABLES `models` WRITE;
/*!40000 ALTER TABLE `models` DISABLE KEYS */;
INSERT INTO `models` VALUES (1,'Model','Apple','MacBookPro',NULL,'Laptop fr Studis und Angestellte.','Quia accusantium neque delectus.',NULL,NULL,0,0,'Autem laudantium iure recusandae laborum sed at ex.','Mit Verpackung aushndigen.','2016-07-26 23:44:34','2016-07-26 23:44:34'),(2,'Model','Sharp','Sharp Beamer','123','Beamer, geeignet fr alle Verwendungszwecke.','Error sequi voluptas cupiditate vel dolor officia voluptatibus eos.',NULL,NULL,0,0,'Iure similique saepe iusto qui aliquid nobis.','Beamer braucht ein VGA Kabel!','2016-07-26 23:44:34','2016-07-26 23:44:34'),(3,'Model','Sharp','Sharp Beamer 2D',NULL,'Beamer, geeignet fr alle Verwendungszwecke.','Eum quia voluptate et labore perspiciatis magni.',NULL,NULL,0,0,'Nostrum sed laboriosam aut et iure enim tempora.','Et voluptas maxime iusto earum eos quia reprehenderit voluptates.','2016-07-26 23:44:34','2016-07-26 23:44:34'),(4,'Model','Panasonic','Mini Beamer',NULL,'Beamer, geeignet fr alle Verwendungszwecke.','Sed amet facere et nesciunt ex doloremque aut et.',NULL,NULL,0,0,'Pariatur aut doloremque reiciendis eos id.','Possimus maiores cum minus quo repellat ipsam quidem.','2016-07-26 23:44:34','2016-07-26 23:44:34'),(5,'Model','Panasonic','Sharp Beamer','456','Beamer, geeignet fr alle Verwendungszwecke.','Ex excepturi eos facilis veritatis voluptates iste veniam.',NULL,NULL,0,0,'Et ex explicabo beatae.','Beamer braucht ein VGA Kabel!','2016-07-26 23:44:34','2016-07-26 23:44:34'),(6,'Model','Sony','Ultra Compact Beamer',NULL,'Besonders kleiner Beamer.','Dolore quo quas at aut ut sint praesentium omnis.',NULL,NULL,0,0,'Dolorem sit voluptate iusto quia et velit adipisci.','Beamer braucht ein VGA Kabel!','2016-07-26 23:44:34','2016-07-26 23:44:34'),(7,'Model','Micro','Micro Beamer',NULL,'Besonders mikro kleiner Beamer.','Et cupiditate suscipit sed hic asperiores aut consequatur quidem.',NULL,NULL,0,0,'Ipsam nobis asperiores quia tempore maxime.','Beamer braucht ein VGA Kabel!','2016-07-26 23:44:34','2016-07-26 23:44:34'),(8,'Model','Nikon','Kamera Nikon','X12','Super Kamera.','Dolorem magnam deserunt error quis nesciunt.',NULL,NULL,0,0,'Ut eos labore nulla provident cumque.','Kamera braucht Akkus!','2016-07-26 23:44:34','2016-07-26 23:44:34'),(9,'Model','Feli','Kamera Stativ','123','Stabiles Kamera Stativ','Adipisci consequatur aut odio qui qui.',NULL,NULL,0,0,'Est veniam ut sint iste sit.','Stativ muss mit Stativtasche ausgehndigt werden.','2016-07-26 23:44:34','2016-07-26 23:44:34'),(10,'Model','Sony','Hifi Standard',NULL,'Maxime eveniet esse dolorem.','Explicabo sint nam quae rem sunt iste autem sint.',NULL,NULL,1,0,'Qui tempora consequuntur deleniti temporibus.','Deserunt cupiditate est nemo consectetur.','2016-07-26 23:44:34','2016-07-26 23:44:34'),(11,'Model','Bose','Bose AE2W',NULL,'A aut inventore. Aut commodi repellendus molestiae ab. Exercitationem et eligendi.','Explicabo sunt libero non.',NULL,NULL,1,0,'Assumenda vitae dolorum in consequatur aliquam modi autem.','Voluptatum rerum et ullam non voluptates.','2016-07-26 23:44:34','2016-07-26 23:44:34'),(12,'Model','Bose','Bose XG4',NULL,'Reprehenderit est in natus perferendis. Quis nisi tempore pariatur temporibus sit qui repudiandae. Quia dolor quia accusantium sequi. Temporibus voluptates error voluptatibus et.','Ea numquam molestias dolores pariatur error et laboriosam dicta.',NULL,NULL,2,0,'Atque inventore cupiditate ea asperiores.','Molestias ea earum eius nulla consequatur.','2016-07-26 23:44:34','2016-07-26 23:44:34'),(13,'Model','Canon','Kamera Canon D5',NULL,'Ganz teure Kamera','Repudiandae voluptate sint esse commodi.',NULL,NULL,0,0,'Id accusantium blanditiis dicta pariatur.','Kamera braucht Akkus!','2016-07-26 23:44:34','2016-07-26 23:44:34'),(14,'Model','Microsoft','Windows Laptop',NULL,'Ein Laptop der Marke Microsoft','Illum voluptas sunt enim et nobis sequi aut quasi.',NULL,NULL,0,0,'Sit autem quo autem.','Laptop mit Tasche ausgeben','2016-07-26 23:44:34','2016-07-26 23:44:34'),(15,'Model','Walkera','Walkera v120','1G','3D Helikopter','Quia illum sed ut quae.',NULL,NULL,0,0,'Perferendis dolorum vel ut eligendi omnis.','Qui et explicabo ea distinctio minus debitis qui.','2016-07-26 23:44:34','2016-07-26 23:44:34'),(16,'Model','Walkera','Walkera v120','2G','3D Helikopter','Officiis qui impedit ut ut illo voluptatem ipsam repudiandae.',NULL,NULL,0,0,'Nesciunt et unde dolorem non.','Impedit aut exercitationem sint nemo facere quia consequatur quo.','2016-07-26 23:44:34','2016-07-26 23:44:34'),(17,'Model','Walkera','Walkera v120','3G','3D Helikopter','Distinctio dolorum ea eius iusto unde asperiores sed similique.',NULL,NULL,0,0,'Exercitationem provident rerum quo nobis.','Aliquid amet dolorem voluptas adipisci esse ea.','2016-07-26 23:44:34','2016-07-26 23:44:34'),(18,'Model','Apple','iMac',NULL,'Apples alter iMac','Non officiis reiciendis doloribus ea ut voluptatum maxime.',NULL,NULL,0,0,'Asperiores quo numquam minima.','Nisi porro quia nihil officiis dicta dolor et eaque.','2016-07-26 23:44:34','2016-07-26 23:44:34'),(19,'Model','Apple','MacBook Air',NULL,'Pariatur enim dolorum aspernatur.','Non cum vitae ut est.',NULL,NULL,0,0,'Architecto et aliquid dolor sunt voluptas itaque.','Quae rem perferendis sapiente sit quas ut mollitia.','2016-07-26 23:44:34','2016-07-26 23:44:34'),(20,'Model','Lenovo','Thinkpad','X230','Corporis qui incidunt eum veritatis nulla sunt exercitationem explicabo.','Aperiam corporis adipisci distinctio.',NULL,NULL,0,0,'Minus enim voluptate eos provident.','Distinctio debitis est commodi necessitatibus aut est.','2016-07-26 23:44:34','2016-07-26 23:44:34'),(21,'Model','Lenovo','Thinkpad','X301','Quia voluptatem quis soluta delectus consequuntur eos fuga vero.','In doloremque ad veritatis laudantium tempora voluptatibus.',NULL,NULL,0,0,'Eum quia alias impedit.','Natus omnis ea nostrum qui asperiores est maiores repellendus.','2016-07-26 23:44:34','2016-07-26 23:44:34'),(22,'Model','Lenovo','Thinkpad','Carbon','Numquam reiciendis laudantium exercitationem.','Aut optio qui ea similique voluptas.',NULL,NULL,0,0,'Est magnam sequi numquam voluptatem.','Et molestias et animi asperiores.','2016-07-26 23:44:34','2016-07-26 23:44:34'),(23,'Model','Dell','Inspiron','7000','Laudantium odit aliquam doloremque alias voluptatem optio.','Occaecati porro repudiandae blanditiis consequatur.',NULL,NULL,0,0,'Quo ut est adipisci velit ex eos.','Eaque est vero consectetur placeat minima odit.','2016-07-26 23:44:34','2016-07-26 23:44:34'),(24,'Model','Sony','Beamer 1 inventore','1','Saepe voluptatem voluptatum ipsum.','Dolorem error hic voluptatum voluptatem laborum magni.',NULL,NULL,0,0,'Error ut omnis nihil ut maxime.','Beamer braucht ein VGA Kabel!','2016-07-26 23:44:34','2016-07-26 23:44:34'),(25,'Model','Sony','Beamer 2 at','2','Hic voluptatem distinctio et dolore assumenda.','Consequatur excepturi in dicta quia nesciunt sit rerum.',NULL,NULL,0,0,'Itaque necessitatibus incidunt quia nihil sequi laudantium quis.','Beamer braucht ein VGA Kabel!','2016-07-26 23:44:34','2016-07-26 23:44:34'),(26,'Model','Sony','Beamer 3 qui','3','Facilis accusantium neque autem dolorem.','Impedit ut perspiciatis exercitationem quo rem soluta enim deserunt.',NULL,NULL,0,0,'Placeat quasi et natus magni et eligendi consequuntur perspiciatis.','Beamer braucht ein VGA Kabel!','2016-07-26 23:44:34','2016-07-26 23:44:34'),(27,'Model','Sony','Beamer 4 consequatur','4','Sed sunt ipsa temporibus est nihil doloribus.','Perspiciatis incidunt voluptatem est cupiditate fugiat et.',NULL,NULL,0,0,'Qui voluptatem ut et nesciunt dolor id nihil.','Beamer braucht ein VGA Kabel!','2016-07-26 23:44:34','2016-07-26 23:44:34'),(28,'Model','Sony','Beamer 5 ad','5','Et officia aut quasi quibusdam nesciunt.','Soluta voluptas qui reprehenderit.',NULL,NULL,0,0,'Laboriosam alias voluptatibus placeat iusto qui.','Beamer braucht ein VGA Kabel!','2016-07-26 23:44:34','2016-07-26 23:44:34'),(29,'Model','Sony','Beamer 6 aut','6','Animi aut possimus voluptates molestias omnis beatae aliquam et.','Cum aut laborum aliquam libero.',NULL,NULL,0,0,'Adipisci omnis minima voluptas voluptatem.','Beamer braucht ein VGA Kabel!','2016-07-26 23:44:34','2016-07-26 23:44:34'),(30,'Model','Sony','Beamer 7 magnam','7','Excepturi ut nemo eligendi aut libero aliquam.','Possimus quaerat assumenda aliquam debitis inventore doloremque itaque.',NULL,NULL,0,0,'Nesciunt dolore eos fugiat sit.','Beamer braucht ein VGA Kabel!','2016-07-26 23:44:34','2016-07-26 23:44:34'),(31,'Model','Sony','Beamer 8 doloribus','8','Est debitis repellat aut sed praesentium sed qui ipsam.','Nulla aut consectetur et quia.',NULL,NULL,0,0,'A ut est sit omnis illum odio eaque rerum.','Beamer braucht ein VGA Kabel!','2016-07-26 23:44:34','2016-07-26 23:44:34'),(32,'Model','Sony','Beamer 9 quia','9','Quibusdam impedit beatae enim ut.','Rem mollitia commodi enim delectus ducimus placeat quasi est.',NULL,NULL,0,0,'Ut atque perspiciatis pariatur animi unde.','Beamer braucht ein VGA Kabel!','2016-07-26 23:44:34','2016-07-26 23:44:34'),(33,'Model','Sony','Beamer 10 nostrum','10','Sit et delectus sint dolores rerum magnam.','Rem quasi est ad sit.',NULL,NULL,0,0,'Qui nostrum laborum aspernatur est amet ut.','Beamer braucht ein VGA Kabel!','2016-07-26 23:44:34','2016-07-26 23:44:34'),(34,'Model','Sony','Beamer 11 aliquam','11','Tenetur fugiat dolorum corporis.','Aliquam nostrum ipsam aut.',NULL,NULL,0,0,'Unde voluptas sunt ut aut nesciunt molestias quidem commodi.','Beamer braucht ein VGA Kabel!','2016-07-26 23:44:34','2016-07-26 23:44:34'),(35,'Model','Sony','Beamer 12 mollitia','12','Quaerat modi atque aut ut qui quia ad.','Voluptatem est commodi ut aut eveniet adipisci nobis.',NULL,NULL,0,0,'Non aut recusandae dolor consequatur et reprehenderit aut harum.','Beamer braucht ein VGA Kabel!','2016-07-26 23:44:34','2016-07-26 23:44:34'),(36,'Model','Sony','Beamer 13 sequi','13','Laborum ipsam sit sint modi.','Voluptatibus nihil voluptates omnis hic mollitia.',NULL,NULL,0,0,'Sequi illum consequatur enim ipsum quia mollitia explicabo sit.','Beamer braucht ein VGA Kabel!','2016-07-26 23:44:34','2016-07-26 23:44:34'),(37,'Model','Sony','Beamer 14 voluptatibus','14','Iure ullam laboriosam eum nam enim dolor ipsam.','Voluptatum sint dolor expedita.',NULL,NULL,0,0,'Dolores magnam facilis sint sunt et sed cum ratione.','Beamer braucht ein VGA Kabel!','2016-07-26 23:44:34','2016-07-26 23:44:34'),(38,'Model','Sony','Beamer 15 facilis','15','Perspiciatis debitis molestias velit et voluptas sit voluptas.','Itaque dolorem ut voluptatem aut cupiditate ad.',NULL,NULL,0,0,'Soluta assumenda et ut pariatur dolor omnis aspernatur quo.','Beamer braucht ein VGA Kabel!','2016-07-26 23:44:34','2016-07-26 23:44:34'),(39,'Model','Sony','Beamer 16 placeat','16','Minus vitae earum rerum sit molestiae labore.','Quibusdam laudantium in vitae eos labore.',NULL,NULL,0,0,'Ut voluptatum aut assumenda quos nisi.','Beamer braucht ein VGA Kabel!','2016-07-26 23:44:34','2016-07-26 23:44:34'),(40,'Model','Sony','Beamer 17 deleniti','17','Qui culpa dolorem aperiam.','Velit et nostrum quia eum.',NULL,NULL,0,0,'Quasi labore placeat voluptatum sed corrupti dolores ipsa.','Beamer braucht ein VGA Kabel!','2016-07-26 23:44:34','2016-07-26 23:44:34'),(41,'Model','Sony','Beamer 18 eaque','18','Quia nihil eaque voluptas.','Molestiae provident sequi in minima est nemo ut.',NULL,NULL,0,0,'Non minima voluptas et.','Beamer braucht ein VGA Kabel!','2016-07-26 23:44:34','2016-07-26 23:44:34'),(42,'Model','Sony','Beamer 19 voluptas','19','Qui sunt temporibus debitis.','Ea quidem voluptas eligendi aut ut ad.',NULL,NULL,0,0,'Rerum quasi perferendis eum praesentium sint totam quidem.','Beamer braucht ein VGA Kabel!','2016-07-26 23:44:34','2016-07-26 23:44:34'),(43,'Model','Sony','Beamer 20 quisquam','20','Sed expedita dolores aliquam doloribus ea.','Est quia repudiandae id error enim.',NULL,NULL,0,0,'Totam rem et ut quis vel.','Beamer braucht ein VGA Kabel!','2016-07-26 23:44:34','2016-07-26 23:44:34'),(44,'Model','Nikon','Kameras 1 ut','21','Et nisi et nihil molestiae.','Vel quia eum quae est molestias ducimus.',NULL,NULL,0,0,'Ullam possimus repellat recusandae iusto voluptas et ab excepturi.',NULL,'2016-07-26 23:44:34','2016-07-26 23:44:34'),(45,'Model','Nikon','Kameras 2 in','22','Consequatur ratione quam pariatur odit nihil dignissimos.','Id qui atque eveniet voluptatum.',NULL,NULL,0,0,'Eum nobis aliquid ducimus veritatis non dolor autem.',NULL,'2016-07-26 23:44:34','2016-07-26 23:44:34'),(46,'Model','Nikon','Kameras 3 quisquam','23','Voluptate quis similique necessitatibus.','Laborum omnis iure molestiae.',NULL,NULL,0,0,'Aut molestias quibusdam maxime ipsum.',NULL,'2016-07-26 23:44:34','2016-07-26 23:44:34'),(47,'Model','Nikon','Kameras 4 repellendus','24','Quo facilis voluptatibus in quasi accusantium et.','Eum vel delectus voluptas mollitia.',NULL,NULL,0,0,'Soluta accusantium eius consequuntur possimus dolorum corrupti.',NULL,'2016-07-26 23:44:34','2016-07-26 23:44:34'),(48,'Model','Nikon','Kameras 5 impedit','25','Architecto voluptatibus fuga dolores et illum sint reprehenderit.','Harum ipsa adipisci in a laborum et est distinctio.',NULL,NULL,0,0,'Aliquam magnam aut sit ipsam aut pariatur incidunt.',NULL,'2016-07-26 23:44:34','2016-07-26 23:44:34'),(49,'Model','Nikon','Kameras 6 debitis','26','Delectus totam exercitationem ut ipsam necessitatibus velit quos.','Quam sunt ea excepturi temporibus.',NULL,NULL,0,0,'Voluptatem laudantium dolorem recusandae.',NULL,'2016-07-26 23:44:34','2016-07-26 23:44:34'),(50,'Model','Nikon','Kameras 7 illum','27','Aut iure earum asperiores dolores.','Aspernatur omnis magnam modi.',NULL,NULL,0,0,'Aperiam molestiae esse ullam earum repudiandae odio est.',NULL,'2016-07-26 23:44:34','2016-07-26 23:44:34'),(51,'Model','Nikon','Kameras 8 facilis','28','Suscipit omnis eveniet numquam aut et.','Quod ex tempora nisi fugiat.',NULL,NULL,0,0,'Id porro eum tenetur.',NULL,'2016-07-26 23:44:34','2016-07-26 23:44:34'),(52,'Model','Nikon','Kameras 9 ut','29','Voluptatum qui ut sit.','Modi vel provident qui maiores sunt dignissimos.',NULL,NULL,0,0,'Officiis et sed commodi laudantium consequatur.',NULL,'2016-07-26 23:44:34','2016-07-26 23:44:34'),(53,'Model','Nikon','Kameras 10 dolorem','30','Vel nemo cum aut rerum dolorem accusantium odio alias.','Accusantium impedit debitis aspernatur vel sit.',NULL,NULL,0,0,'Sapiente accusantium nisi perferendis cupiditate expedita minima in quae.',NULL,'2016-07-26 23:44:34','2016-07-26 23:44:34'),(54,'Model','Nikon','Kameras 11 nam','31','Fugiat iste facilis minus reiciendis.','Totam quis debitis perferendis provident ullam molestiae.',NULL,NULL,0,0,'Ea necessitatibus qui dignissimos.',NULL,'2016-07-26 23:44:34','2016-07-26 23:44:34'),(55,'Model','Nikon','Kameras 12 quis','32','Est doloribus aut itaque repudiandae aliquid.','Iusto iste porro numquam.',NULL,NULL,0,0,'Eum sed ipsam deserunt qui soluta.',NULL,'2016-07-26 23:44:34','2016-07-26 23:44:34'),(56,'Model','Nikon','Kameras 13 fuga','33','Similique vel earum placeat rerum.','Ab quia harum qui rerum.',NULL,NULL,0,0,'Rerum quidem qui aut assumenda officiis accusamus est.',NULL,'2016-07-26 23:44:34','2016-07-26 23:44:34'),(57,'Model','Nikon','Kameras 14 quam','34','Pariatur asperiores fugit et quis.','Explicabo nam dolor id.',NULL,NULL,0,0,'Qui vel et sit dignissimos sunt sit.',NULL,'2016-07-26 23:44:34','2016-07-26 23:44:34'),(58,'Model','Nikon','Kameras 15 aut','35','Sint voluptatum id aut aut laboriosam veniam eos provident.','Ipsa sunt error corporis cum aut autem.',NULL,NULL,0,0,'Ab optio quod sed maxime magnam esse perspiciatis ut.',NULL,'2016-07-26 23:44:34','2016-07-26 23:44:34'),(59,'Model','Nikon','Kameras 16 qui','36','Adipisci eum porro recusandae sequi cum quidem qui.','Dolorem nulla quod ut voluptas sapiente enim molestias incidunt.',NULL,NULL,0,0,'Alias enim perferendis explicabo rerum maxime aspernatur esse iste.',NULL,'2016-07-26 23:44:34','2016-07-26 23:44:34'),(60,'Model','Nikon','Kameras 17 dolorem','37','Autem itaque eveniet sed eos.','Et nobis ad placeat sunt alias ut in sed.',NULL,NULL,0,0,'Aperiam minus iure maxime doloremque aut.',NULL,'2016-07-26 23:44:34','2016-07-26 23:44:34'),(61,'Model','Nikon','Kameras 18 architecto','38','Saepe quaerat non est.','Rerum adipisci deleniti numquam magnam aut exercitationem.',NULL,NULL,0,0,'Quidem vel nam dolore voluptas iure praesentium.',NULL,'2016-07-26 23:44:34','2016-07-26 23:44:34'),(62,'Model','Nikon','Kameras 19 repudiandae','39','Saepe voluptatem sint sed et error.','Natus odio voluptatem ut voluptates sed architecto ea.',NULL,NULL,0,0,'Iure ducimus voluptatem est consequatur perferendis deserunt.',NULL,'2016-07-26 23:44:34','2016-07-26 23:44:34'),(63,'Model','Nikon','Kameras 20 id','40','Quo occaecati eos necessitatibus porro nam enim cumque.','Neque pariatur temporibus ut et aspernatur harum.',NULL,NULL,0,0,'Repudiandae ab dolores sapiente atque itaque quia fugiat eos.',NULL,'2016-07-26 23:44:34','2016-07-26 23:44:34'),(64,'Model','Nikon','Kameras 21 omnis','41','Nihil adipisci ut dolores nobis maxime.','Eum omnis suscipit perferendis quo quasi aut facilis.',NULL,NULL,0,0,'Veritatis velit in aut sed qui aut voluptatem temporibus.',NULL,'2016-07-26 23:44:34','2016-07-26 23:44:34'),(65,'Model','Nikon','Kameras 22 nihil','42','Voluptas ducimus ut voluptatem et occaecati accusamus magni.','At suscipit ut quae et eum placeat.',NULL,NULL,0,0,'Dignissimos et molestiae saepe.',NULL,'2016-07-26 23:44:34','2016-07-26 23:44:34'),(66,'Model','Nikon','Kameras 23 at','43','Sunt natus vel voluptatibus hic amet sit.','Quaerat eaque illum molestias sed.',NULL,NULL,0,0,'Incidunt tempora laborum placeat praesentium ipsum.',NULL,'2016-07-26 23:44:34','2016-07-26 23:44:34'),(67,'Model','Nikon','Kameras 24 dolores','44','Reprehenderit veritatis sunt eos.','Pariatur voluptates ipsum quam totam quasi aut ut ea.',NULL,NULL,0,0,'Deleniti animi saepe libero laborum nesciunt voluptate.',NULL,'2016-07-26 23:44:34','2016-07-26 23:44:34'),(68,'Model','Nikon','Kameras 25 veniam','45','Illum sint laudantium exercitationem tempore modi.','Repellendus dicta quas consectetur.',NULL,NULL,0,0,'Qui est quibusdam impedit deleniti eius.',NULL,'2016-07-26 23:44:34','2016-07-26 23:44:34'),(69,'Model','Nikon','Kameras 26 eveniet','46','Et ratione blanditiis neque labore est et eaque dignissimos.','Doloribus veniam ipsam quia et est.',NULL,NULL,0,0,'Ad culpa repellendus quis et magnam ut.',NULL,'2016-07-26 23:44:34','2016-07-26 23:44:34'),(70,'Model','Nikon','Kameras 27 aspernatur','47','Voluptas est id voluptatum enim porro.','Voluptatem eos similique quos.',NULL,NULL,0,0,'Alias ut iusto et consequatur sint sunt.',NULL,'2016-07-26 23:44:34','2016-07-26 23:44:34'),(71,'Model','Nikon','Kameras 28 laborum','48','Similique laudantium qui id aliquam magni eos quia.','Assumenda aspernatur veritatis aliquid labore sunt aliquam.',NULL,NULL,0,0,'Quidem placeat beatae quia rerum autem qui.',NULL,'2016-07-26 23:44:34','2016-07-26 23:44:34'),(72,'Model','Nikon','Kameras 29 eos','49','Ut soluta et ipsa illo velit odit enim sit.','Nisi ipsam quam sint ducimus incidunt ex est.',NULL,NULL,0,0,'Nulla pariatur aut quos eos.',NULL,'2016-07-26 23:44:34','2016-07-26 23:44:34'),(73,'Model','Nikon','Kameras 30 quia','50','Ullam consequatur odit doloremque quam.','Velit rerum unde laboriosam.',NULL,NULL,0,0,'Consequatur soluta animi libero inventore quis delectus.',NULL,'2016-07-26 23:44:34','2016-07-26 23:44:34'),(74,'Software','Bahringer, Fay and Walker','Adobe Acrobat','51',NULL,NULL,NULL,NULL,0,0,'test http://test.ch\\r\nwww.foo.ch\\r\njust a text',NULL,'2016-07-26 23:44:34','2016-07-26 23:44:34'),(75,'Software','Dickinson, Veum and Strosin','MS Word','52',NULL,NULL,NULL,NULL,0,0,'test http://test.ch\\r\nwww.foo.ch\\r\njust a text',NULL,'2016-07-26 23:44:34','2016-07-26 23:44:34'),(76,'Software','Volkman Group','Sleek Concrete Hat','53',NULL,NULL,NULL,NULL,0,0,NULL,NULL,'2016-07-26 23:44:34','2016-07-26 23:44:34'),(77,'Software','Pollich LLC','Awesome Plastic Chair','54',NULL,NULL,NULL,NULL,0,0,NULL,NULL,'2016-07-26 23:44:34','2016-07-26 23:44:34'),(78,'Software','Tromp Group','Gorgeous Cotton Chair','55',NULL,NULL,NULL,NULL,0,0,NULL,NULL,'2016-07-26 23:44:34','2016-07-26 23:44:34'),(79,'Software','Adams, Leuschke and West','Sleek Granite Computer','56',NULL,NULL,NULL,NULL,0,0,NULL,NULL,'2016-07-26 23:44:34','2016-07-26 23:44:34'),(80,'Software','Weissnat-Gibson','Intelligent Cotton Hat','57',NULL,NULL,NULL,NULL,0,0,NULL,NULL,'2016-07-26 23:44:34','2016-07-26 23:44:34'),(81,'Software','Littel-Legros','Awesome Wooden Shirt','58',NULL,NULL,NULL,NULL,0,0,NULL,NULL,'2016-07-26 23:44:34','2016-07-26 23:44:34'),(82,'Software','Lubowitz, Conn and Fahey','Fantastic Steel Computer','59',NULL,NULL,NULL,NULL,0,0,NULL,NULL,'2016-07-26 23:44:34','2016-07-26 23:44:34'),(83,'Software','Brakus-Goldner','Awesome Cotton Shoes','60',NULL,NULL,NULL,NULL,0,0,NULL,NULL,'2016-07-26 23:44:34','2016-07-26 23:44:34'),(84,'Software','Oberbrunner LLC','Rustic Steel Chair','61',NULL,NULL,NULL,NULL,0,0,NULL,NULL,'2016-07-26 23:44:34','2016-07-26 23:44:34'),(85,'Software','Bahringer-Pacocha','Intelligent Granite Computer','62',NULL,NULL,NULL,NULL,0,0,NULL,NULL,'2016-07-26 23:44:34','2016-07-26 23:44:34'),(86,'Software','Gorczany Group','Sleek Granite Shoes','63',NULL,NULL,NULL,NULL,0,0,NULL,NULL,'2016-07-26 23:44:34','2016-07-26 23:44:34'),(87,'Software','Bartell, Stroman and Glover','Ergonomic Steel Gloves','64',NULL,NULL,NULL,NULL,0,0,NULL,NULL,'2016-07-26 23:44:34','2016-07-26 23:44:34'),(88,'Software','Prohaska and Sons','Practical Wooden Hat','65',NULL,NULL,NULL,NULL,0,0,NULL,NULL,'2016-07-26 23:44:34','2016-07-26 23:44:34'),(89,'Software','Runolfsson, Barton and Dickens','Fantastic Concrete Table','66',NULL,NULL,NULL,NULL,0,0,NULL,NULL,'2016-07-26 23:44:34','2016-07-26 23:44:34'),(90,'Model','Buckridge, Wilkinson and Lubowitz','Kamera Set','67','Harum similique incidunt nulla.','Officia voluptatem voluptatum aspernatur.',NULL,NULL,0,1,'Voluptas doloremque inventore et dolor non repellendus.','Modi reprehenderit similique laboriosam omnis beatae est.','2016-07-26 23:44:34','2016-07-26 23:44:34'),(91,'Model','Kihn-Rau','Rustic Rubber Chair','68','Sed voluptates consectetur saepe dolorum omnis reiciendis et et.','In dolorum magni eveniet tenetur suscipit quia.',NULL,NULL,1,0,'Incidunt amet quis quo voluptates qui accusamus et.','Corporis exercitationem expedita delectus et deleniti.','2016-07-26 23:44:34','2016-07-26 23:44:34'),(92,'Model','Bruen, Keebler and Abshire','Ergonomic Granite Chair','69','Beatae qui facere sed nemo aliquam corrupti.','Ut et animi sint enim quae.',NULL,NULL,1,0,'Ducimus et praesentium sint ab.','Explicabo cumque consequatur aliquid delectus soluta et.','2016-07-26 23:44:34','2016-07-26 23:44:34'),(93,'Model','Ondricka, Wiegand and Goyette','Ergonomic Wooden Hat','70','Aut omnis rerum fugiat modi explicabo sed.','Veritatis quis aut corrupti autem omnis necessitatibus rem.',NULL,NULL,3,0,'Beatae sit assumenda ut sint facere dolorem dignissimos rem.','Ea a ad et ducimus.','2016-07-26 23:44:34','2016-07-26 23:44:34'),(94,'Model','Doyle Inc','Intelligent Rubber Pants','71','Blanditiis voluptas corrupti ut quo non minus dolorum impedit.','Maxime error enim exercitationem.',NULL,NULL,0,0,'Quis ipsum sint velit fuga.','Veritatis non facilis nobis rem veniam aut.','2016-07-26 23:44:34','2016-07-26 23:44:34'),(95,'Model','D\'Amore Group','Incredible Plastic Car','72','Natus quia officiis unde.','Unde aliquam ad doloremque minima qui dolor est.',NULL,NULL,1,0,'Provident temporibus quisquam quia aperiam.','Nam assumenda architecto laborum reprehenderit molestiae deleniti qui.','2016-07-26 23:44:34','2016-07-26 23:44:34'),(96,'Model','Bednar Inc','Sleek Granite Gloves','73','Eos dolor est consequatur corporis totam adipisci.','Quia doloribus rerum saepe impedit repudiandae culpa voluptatum.',NULL,NULL,0,0,'Non quia et eos et tenetur.','Sint sit aut nobis dolores molestiae voluptatem.','2016-07-26 23:44:34','2016-07-26 23:44:34'),(97,'Model','Nicolas, Halvorson and Bogisich','Ergonomic Plastic Chair','74','Et maxime adipisci vitae rerum ipsam atque et.','Itaque perspiciatis fugit neque repellendus saepe alias quasi.',NULL,NULL,3,0,'Ex molestias qui ipsum.','Ut enim magni sunt corrupti ab autem deleniti ea.','2016-07-26 23:44:34','2016-07-26 23:44:34'),(98,'Model','Legros, Berge and Langworth','Gorgeous Steel Gloves','75','Eum repellendus necessitatibus et ut aut culpa sint doloribus.','Molestias officia corrupti aperiam et illo eum voluptas veniam.',NULL,NULL,2,0,'Atque architecto iure accusantium explicabo est totam reprehenderit blanditiis.','Modi libero et assumenda voluptatem est commodi.','2016-07-26 23:44:34','2016-07-26 23:44:34'),(99,'Model','Crona LLC','Practical Steel Shoes','76','Dolorem vel beatae nulla quis.','Dolores quia itaque est.',NULL,NULL,0,0,'Error quo occaecati sed est.','Modi consequuntur dolorum voluptatem.','2016-07-26 23:44:34','2016-07-26 23:44:34'),(100,'Model','Brown-Dicki','Awesome Steel Shirt','77','Ullam aspernatur perferendis asperiores officia explicabo.','Eum expedita vel nihil id.',NULL,NULL,1,0,'Id praesentium nihil consequatur et.','Eligendi et tempore dolore sequi impedit.','2016-07-26 23:44:34','2016-07-26 23:44:34'),(101,'Model','Labadie-Murphy','Intelligent Granite Table','78','Delectus fugit cupiditate pariatur sint magni.','Deserunt qui excepturi illum magni minus.',NULL,NULL,0,0,'Ratione facilis aspernatur voluptatibus ipsa at ut repellendus facere.','Tempore necessitatibus repellat et deleniti id officiis reiciendis pariatur.','2016-07-26 23:44:34','2016-07-26 23:44:34'),(102,'Model','Jacobi, Medhurst and Muller','Ergonomic Concrete Chair','79','Veniam beatae dolorem consequatur et in modi id quidem.','Error distinctio autem commodi qui optio sunt.',NULL,NULL,0,0,'Praesentium repellat aut officiis.','Ipsam officia voluptas et nihil illo quo.','2016-07-26 23:44:34','2016-07-26 23:44:34'),(103,'Model','Klein, Koepp and Watsica','Kamera Set2','80','Doloribus et debitis praesentium sint et assumenda.','Commodi aliquid earum aperiam a mollitia.',NULL,NULL,2,1,'Repellendus magnam iure delectus consequatur animi laudantium in.','Eligendi est fuga sapiente impedit.','2016-07-26 23:44:34','2016-07-26 23:44:34'),(104,'Model','Homenick-McKenzie','Fantastic Rubber Table','81','Vitae numquam accusamus voluptatibus.','Eius et sed rerum impedit expedita magnam recusandae.',NULL,NULL,1,0,'Magni ipsum id asperiores veritatis.','Modi veritatis fugiat ratione ipsa facilis quia qui corrupti.','2016-07-26 23:44:34','2016-07-26 23:44:34'),(105,'Model','Raynor Group','Intelligent Granite Gloves','82','Dignissimos nam architecto necessitatibus sed voluptas.','Sapiente quasi in laboriosam dicta.',NULL,NULL,0,0,'Earum quos unde ad beatae et quam quaerat.','Iusto soluta magni ea.','2016-07-26 23:44:34','2016-07-26 23:44:34'),(106,'Model','Welch, Hand and Zulauf','Ergonomic Concrete Hat','83','Vero dolor commodi explicabo.','Dolores qui quis totam consequatur laborum deleniti id.',NULL,NULL,0,0,'Sit nemo asperiores aut voluptatem.','Omnis neque magnam sit sed aut.','2016-07-26 23:44:34','2016-07-26 23:44:34'),(107,'Model','Jacobs, Kreiger and Connelly','Practical Wooden Computer','84','Quidem quos vero nihil voluptas molestiae nobis.','Dolorum voluptas vel nemo saepe vel sit et sunt.',NULL,NULL,0,0,'Dolorem explicabo nostrum officia qui.','In consectetur eius sunt.','2016-07-26 23:44:34','2016-07-26 23:44:34'),(108,'Model','Fahey-Torphy','Fantastic Cotton Hat','85','Pariatur sapiente est aut natus omnis dolores voluptatum et.','Molestias iste eum velit qui nihil est.',NULL,NULL,0,0,'Iste voluptate omnis placeat rerum.','Rerum quia libero qui rerum molestiae sint aut blanditiis.','2016-07-26 23:44:34','2016-07-26 23:44:34'),(109,'Model','Lehner-Kutch','Small Cotton Gloves','86','Eum et porro quae.','Rerum ex perferendis dolor dolorem.',NULL,NULL,1,0,'Et a inventore veniam.','Nihil odio voluptas temporibus neque qui in.','2016-07-26 23:44:34','2016-07-26 23:44:34'),(110,'Model','Cummings, Streich and White','Small Concrete Shoes','87','Et sed dolorem facilis nam velit adipisci.','Vitae voluptatem perferendis dolorem ut.',NULL,NULL,0,0,'Sunt sed itaque aliquid ab ut.','Incidunt quas voluptates qui.','2016-07-26 23:44:34','2016-07-26 23:44:34'),(111,'Model','Braun Inc','Ergonomic Wooden Car','88','Ut voluptatem animi facilis maxime recusandae dignissimos incidunt.','Suscipit minus autem laboriosam asperiores dolore corrupti adipisci.',NULL,NULL,3,0,'Ratione omnis consequuntur veritatis tempora animi sint illum.','Dolores omnis sint magni.','2016-07-26 23:44:34','2016-07-26 23:44:34'),(112,'Model','Stehr LLC','Practical Plastic Gloves','89','Illum dolore facere est quis saepe adipisci iusto modi.','Ad non iure voluptatem dolores aut ex.',NULL,NULL,3,0,'Ullam sapiente saepe molestias magni.','Aut voluptatum aut rerum eum et commodi.','2016-07-26 23:44:34','2016-07-26 23:44:34'),(113,'Model','Lakin-Christiansen','Awesome Concrete Shirt','94','Atque illum quis ut suscipit voluptatibus sed ratione.','Veritatis quo porro consequatur est.',NULL,NULL,0,0,'In qui aut ut facilis quo quasi.','Asperiores facere dolorem et alias vel neque atque.','2016-07-26 23:44:34','2016-07-26 23:44:34'),(114,'Model','Padberg-Skiles','Fantastic Plastic Chair','95','Consequatur quo modi eligendi.','Magnam corporis esse omnis quaerat inventore minima ipsum saepe.',NULL,NULL,3,0,'Est exercitationem fugiat odio dolore sunt ut aspernatur est.','Animi et occaecati rerum et pariatur dolorem.','2016-07-26 23:44:34','2016-07-26 23:44:34'),(115,'Model','Cummerata Group','Ergonomic Cotton Chair','96','Beatae dolor officia voluptas labore debitis eos.','Nulla aliquam sapiente hic.',NULL,NULL,3,0,'Explicabo temporibus dolorem voluptas.','Nisi et reprehenderit corrupti.','2016-07-26 23:44:34','2016-07-26 23:44:34'),(116,'Model','Pfeffer-Heaney','Incredible Wooden Car','97','Sunt accusantium officia possimus earum facere deleniti neque.','Voluptatum ut eaque exercitationem.',NULL,NULL,3,0,'Hic ullam omnis alias molestiae.','Suscipit sunt rerum laborum voluptates laudantium.','2016-07-26 23:44:34','2016-07-26 23:44:34'),(117,'Model','Hoeger Group','Awesome Wooden Pants','98','Qui dolorem necessitatibus exercitationem qui molestiae odio expedita.','Et voluptates sed quaerat nam eum dignissimos sequi.',NULL,NULL,0,0,'Exercitationem possimus soluta quia et tempora.','Soluta consequatur voluptas alias assumenda.','2016-07-26 23:44:34','2016-07-26 23:44:34'),(118,'Model','Connelly LLC','Practical Steel Car','99','Odit assumenda non tempore qui rerum quibusdam.','Non totam tempora quaerat.',NULL,NULL,2,0,'Sit quo quia ea facilis error modi.','Assumenda nesciunt occaecati quia mollitia.','2016-07-26 23:44:34','2016-07-26 23:44:34'),(119,'Model','Labadie-Reichel','Sleek Plastic Gloves','100','Pariatur eos labore qui laborum rem.','Et et qui enim et aut velit omnis.',NULL,NULL,3,0,'Facilis quae consectetur qui nesciunt nisi maiores.','Reiciendis ad corrupti sint vero iste nostrum voluptatem repudiandae.','2016-07-26 23:44:34','2016-07-26 23:44:34'),(120,'Model','Fay, Skiles and Rowe','Practical Granite Table','101','Quia sed qui modi.','Velit facilis molestias sed ducimus minima omnis necessitatibus consequatur.',NULL,NULL,2,0,'Ut quae rerum ut dolor aspernatur eum sint itaque.','Quam aut eius magni et aliquam deleniti placeat.','2016-07-26 23:44:34','2016-07-26 23:44:34'),(121,'Model','Dooley LLC','Sleek Cotton Shirt','102','Deleniti officia dolorem dolorem perspiciatis et et.','Eos quis enim magnam et molestiae at.',NULL,NULL,1,0,'Cumque vitae optio ex.','Voluptatum culpa hic corrupti itaque.','2016-07-26 23:44:34','2016-07-26 23:44:34'),(122,'Model','Lemke, Buckridge and Champlin','Small Rubber Pants','103','Veniam modi sed officiis.','Exercitationem tempora aliquam illum nihil odio.',NULL,NULL,1,0,'Blanditiis rerum velit ea non aliquid.','Excepturi quod ut dolorem laborum.','2016-07-26 23:44:34','2016-07-26 23:44:34'),(123,'Model','Mitchell, Gaylord and Kuhic','Small Rubber Shirt','104','Cupiditate dicta nostrum accusantium reprehenderit ipsa id eius et.','Architecto doloribus ducimus quia dolor id maiores.',NULL,NULL,2,0,'Minima enim facere praesentium nihil iusto repellendus.','Expedita quas nisi et incidunt voluptatem odio autem atque.','2016-07-26 23:44:34','2016-07-26 23:44:34'),(124,'Model','Auer Inc','Intelligent Cotton Chair','105','Ut earum in hic quasi quae ullam qui.','Vero aliquid error beatae natus ut et molestiae.',NULL,NULL,0,0,'Atque distinctio ipsa debitis nobis repellendus quia eum.','Sint beatae suscipit autem.','2016-07-26 23:44:34','2016-07-26 23:44:34'),(125,'Model','Torp-O\'Connell','Ergonomic Concrete Pants','106','Quisquam ducimus vel occaecati voluptatum aperiam accusamus et.','Molestiae qui non perferendis omnis rem dignissimos.',NULL,NULL,0,0,'Velit eius sint doloremque voluptatem laborum voluptatem reiciendis.','Dicta iusto et magnam in in.','2016-07-26 23:44:34','2016-07-26 23:44:34'),(126,'Model','Willms Inc','Incredible Concrete Computer','107','Est recusandae rerum rerum.','Dignissimos dolor quia distinctio aut aut repellat.',NULL,NULL,0,0,'Nesciunt veniam velit occaecati ullam earum dolores.','Dolorem culpa libero dignissimos.','2016-07-26 23:44:34','2016-07-26 23:44:34'),(127,'Model','Ankunding LLC','Incredible Steel Chair','108','Qui ab et est earum doloremque quia esse.','Sint voluptatem illo aut vitae atque qui.',NULL,NULL,3,0,'Voluptates tenetur minima voluptas sed ut.','Quis deserunt necessitatibus porro nesciunt consequuntur.','2016-07-26 23:44:34','2016-07-26 23:44:34'),(128,'Model','Rowe-Donnelly','Intelligent Rubber Table','109','Nam vel ut iure sit.','Non consequatur tenetur ipsam exercitationem pariatur veritatis.',NULL,NULL,2,0,'Voluptates rerum iure id.','Culpa iusto doloremque labore qui.','2016-07-26 23:44:34','2016-07-26 23:44:34'),(129,'Model','Lind Inc','Fantastic Granite Pants','110','Occaecati eveniet et consequatur similique et eos ab maiores.','Expedita assumenda ullam eius cum autem aut.',NULL,NULL,1,0,'Dicta ipsa vel asperiores.','Ullam sit at cupiditate.','2016-07-26 23:44:34','2016-07-26 23:44:34'),(130,'Model','Emard, Brakus and Murphy','Gorgeous Cotton Computer','111','Doloremque consequatur ipsum eum aut laborum excepturi laudantium enim.','Qui ut inventore dignissimos soluta.',NULL,NULL,2,0,'Omnis doloremque ratione qui dolorem possimus magni dicta suscipit.','Facilis voluptatem aut perferendis illum.','2016-07-26 23:44:34','2016-07-26 23:44:34'),(131,'Model','Cormier Inc','Fantastic Concrete Computer','112','Aperiam qui quasi autem consequatur nostrum numquam veniam.','Nisi est voluptatem nesciunt quibusdam molestiae.',NULL,NULL,3,0,'Necessitatibus sapiente incidunt molestiae cum aut.','Quidem enim harum repudiandae et veniam sit.','2016-07-26 23:44:34','2016-07-26 23:44:34'),(132,'Model','Dietrich, Fahey and Treutel','Gorgeous Wooden Computer','113','Quis qui ipsam expedita suscipit.','Nemo quam quo qui explicabo voluptas voluptatem.',NULL,NULL,0,0,'Repudiandae et molestiae reprehenderit eligendi quae id ab voluptate.','Dolore quisquam voluptas deleniti enim asperiores.','2016-07-26 23:44:34','2016-07-26 23:44:34'),(133,'Model','Pacocha-Franecki','Intelligent Rubber Gloves','114','Libero sunt aut mollitia culpa est expedita.','Qui nesciunt vel velit.',NULL,NULL,0,0,'Nihil voluptates laudantium aliquam magnam sunt quae.','Et repellendus provident aliquam nihil molestiae.','2016-07-26 23:44:34','2016-07-26 23:44:34'),(134,'Model','Dicki-Simonis','Small Concrete Shirt','115','Consequatur sint voluptates quis nihil.','Officiis cum recusandae modi autem est maxime facere placeat.',NULL,NULL,3,0,'Saepe impedit est corporis rerum debitis.','Mollitia non qui architecto aut fuga quia minima natus.','2016-07-26 23:44:34','2016-07-26 23:44:34'),(135,'Model','Anderson-Flatley','Intelligent Wooden Hat','116','Delectus ut atque corrupti velit aperiam inventore nam perspiciatis.','Facere doloribus sed provident sunt fugiat sapiente qui voluptate.',NULL,NULL,1,0,'Maiores voluptates excepturi odit cumque ut eum.','Et aut illum explicabo eligendi.','2016-07-26 23:44:34','2016-07-26 23:44:34'),(136,'Model','Schmeler LLC','Rustic Granite Car','117','Dicta aut culpa in repudiandae quia voluptas.','Et dolor harum corporis et.',NULL,NULL,2,0,'Unde vel temporibus ex sed sit in.','Temporibus et voluptatem deserunt.','2016-07-26 23:44:34','2016-07-26 23:44:34'),(137,'Model','Pouros, Rippin and Glover','Ergonomic Rubber Shirt','118','Sunt quo eos dolores dicta.','Doloremque distinctio praesentium odio minus sed maxime.',NULL,NULL,3,0,'Sed ipsum et harum quae magni nam dicta et.','Excepturi esse molestiae cum pariatur recusandae quidem doloribus.','2016-07-26 23:44:34','2016-07-26 23:44:34'),(138,'Model','Ruecker Inc','Fantastic Steel Shoes','119','Voluptate laborum dicta nam ea est cupiditate.','Odit provident repellat voluptas alias omnis.',NULL,NULL,3,0,'Adipisci ullam ad praesentium nemo.','Ab expedita ratione iusto quam perspiciatis.','2016-07-26 23:44:34','2016-07-26 23:44:34'),(139,'Model','Rodriguez-Ward','Sleek Wooden Shirt','120','Sequi non qui ex quasi quia et aut nihil.','Iste non assumenda porro a nostrum et odio tenetur.',NULL,NULL,0,0,'Aliquid qui explicabo perferendis fugiat numquam totam laudantium.','Eum nihil est quis rerum molestiae.','2016-07-26 23:44:34','2016-07-26 23:44:34'),(140,'Model','Turner-Streich','Intelligent Wooden Table','121','Minus cupiditate dolor aut quasi consectetur.','Non occaecati sunt rerum reprehenderit dolorem.',NULL,NULL,2,0,'Temporibus quis vel officiis sapiente excepturi ut aliquam.','Aut repellat adipisci voluptatem similique sunt.','2016-07-26 23:44:34','2016-07-26 23:44:34'),(141,'Model','Wiegand, Parisian and Mertz','Small Cotton Chair','122','Est minima sint saepe consequuntur modi ut nam.','Illum consectetur commodi eum voluptas.',NULL,NULL,0,0,'Culpa placeat nostrum sit.','Veniam aut dolor et doloremque placeat quo.','2016-07-26 23:44:34','2016-07-26 23:44:34'),(142,'Model','Pacocha, Will and Kilback','Intelligent Cotton Shirt','123','Rerum in repellendus nostrum eaque.','Et maxime esse exercitationem laborum non excepturi.',NULL,NULL,1,0,'Consequatur et dolores tenetur sunt sunt ea.','Nemo maiores sunt adipisci perspiciatis commodi numquam.','2016-07-26 23:44:34','2016-07-26 23:44:34'),(143,'Model','Reichel, Dietrich and Greenholt','Gorgeous Wooden Gloves','124','Ipsa quia beatae incidunt recusandae aut aut.','Alias sunt modi quaerat sed omnis exercitationem repellendus.',NULL,NULL,0,0,'Culpa odio quidem atque.','Dolores laborum qui illum ad possimus hic.','2016-07-26 23:44:34','2016-07-26 23:44:34'),(144,'Model','Dare, Tromp and Littel','Intelligent Plastic Shoes','125','Corrupti et magni quaerat sed et.','Veniam vel quo fuga aut veritatis.',NULL,NULL,0,0,'Non quas nisi ut similique.','Repellat nulla distinctio voluptatem quidem quis iure est.','2016-07-26 23:44:34','2016-07-26 23:44:34'),(145,'Model','Koepp-Von','Sleek Concrete Gloves','126','Explicabo officiis aliquam consequatur.','Voluptate minus explicabo temporibus.',NULL,NULL,1,0,'Porro illo voluptatem facere ex sunt rerum mollitia nisi.','Aut similique id voluptatum laboriosam eligendi.','2016-07-26 23:44:34','2016-07-26 23:44:34'),(146,'Model','Upton Group','Practical Plastic Shirt','127','Qui fugit velit voluptatum qui.','Quia ut iure earum et in rerum.',NULL,NULL,2,0,'Est vitae tempore iste quis error aut quisquam porro.','Qui deleniti non est quia architecto.','2016-07-26 23:44:34','2016-07-26 23:44:34'),(147,'Model','Lubowitz, Koepp and Klocko','Practical Concrete Car','128','Aut fuga et dolores illo omnis est corporis.','Iusto quia neque excepturi a et tempora error deleniti.',NULL,NULL,0,0,'Rerum iure optio ipsam ut.','Nihil voluptates ex excepturi voluptatibus architecto laudantium.','2016-07-26 23:44:34','2016-07-26 23:44:34'),(148,'Model','Olson, Wyman and Hyatt','Sleek Plastic Chair','129','Consectetur animi error id.','Dolor labore eligendi qui mollitia ea ab tenetur est.',NULL,NULL,2,0,'In voluptate quaerat eaque ullam recusandae adipisci qui aliquid.','Veniam voluptas officia blanditiis voluptate.','2016-07-26 23:44:34','2016-07-26 23:44:34'),(149,'Model','Ortiz, Braun and Goldner','Rustic Plastic Table','130','Debitis sit veritatis perferendis eum.','In eaque tempore consequatur.',NULL,NULL,0,0,'Maxime eum minus et quis vero amet voluptas.','Perspiciatis cum sed molestiae iusto quia aut voluptatum.','2016-07-26 23:44:34','2016-07-26 23:44:34'),(150,'Model','Williamson-Rodriguez','Intelligent Rubber Chair','131','Dolor vel adipisci illum quibusdam natus cum mollitia voluptates.','Non magni corporis necessitatibus consequatur soluta.',NULL,NULL,2,0,'Et odio excepturi labore rem est voluptatem magni.','Expedita velit nesciunt nam delectus.','2016-07-26 23:44:34','2016-07-26 23:44:34'),(151,'Model','Bashirian LLC','Sleek Steel Computer','132','Neque sint doloribus soluta.','Sed nulla vel sunt qui dolores.',NULL,NULL,0,0,'Dolorum quia doloribus reprehenderit maxime.','Cum veritatis vitae similique repudiandae culpa.','2016-07-26 23:44:34','2016-07-26 23:44:34'),(152,'Model','Prosacco, Runolfsson and Beier','Ergonomic Concrete Shirt','133','Ut et dolorem omnis iusto quas.','Quos soluta adipisci qui earum non numquam.',NULL,NULL,1,0,'In dolorem culpa repellat sint expedita quia.','Numquam aspernatur et laborum dolore dolorem non quod blanditiis.','2016-07-26 23:44:34','2016-07-26 23:44:34'),(153,'Model','Abernathy and Sons','Ergonomic Wooden Pants','134','Aut dolores rerum sed enim perferendis.','Accusamus sed maxime neque.',NULL,NULL,2,0,'Totam labore et rerum itaque.','Molestiae illo omnis mollitia ut.','2016-07-26 23:44:34','2016-07-26 23:44:34'),(154,'Model','Bernhard, Rohan and Crona','Gorgeous Rubber Computer','135','Voluptatem voluptatem tenetur dolores maiores.','Doloribus optio amet beatae adipisci placeat quia.',NULL,NULL,3,0,'Quasi beatae recusandae hic suscipit tempore.','Assumenda laborum consequatur error quia nihil ut.','2016-07-26 23:44:34','2016-07-26 23:44:34'),(155,'Model','Gaylord-O\'Hara','Small Granite Shoes','136','Mollitia sequi vel quo quae voluptatum ullam magni molestias.','Quod harum cum atque nam.',NULL,NULL,1,0,'Omnis quo et rerum.','Voluptatum aut blanditiis ut tempore soluta expedita autem.','2016-07-26 23:44:34','2016-07-26 23:44:34'),(156,'Model','Morissette-Leffler','Gorgeous Concrete Car','137','Quibusdam numquam earum omnis excepturi a veritatis non sunt.','Exercitationem in similique quo optio non tempore fugiat incidunt.',NULL,NULL,1,0,'Quo earum aperiam tenetur ut laborum laudantium harum.','Porro corrupti voluptatum quis recusandae.','2016-07-26 23:44:34','2016-07-26 23:44:34'),(157,'Model','Emmerich and Sons','Intelligent Wooden Shirt','138','Nihil quaerat unde adipisci beatae velit qui.','Provident consequatur consectetur harum quaerat impedit aliquam ut.',NULL,NULL,1,0,'Laborum autem labore corporis saepe.','Soluta sed aut quos.','2016-07-26 23:44:34','2016-07-26 23:44:34'),(158,'Model','Leffler-Harris','Practical Plastic Pants','139','Laboriosam nesciunt consequatur alias error.','Odit laudantium maxime impedit vero quisquam aut nam rerum.',NULL,NULL,1,0,'Assumenda nulla non reiciendis.','Minus eaque blanditiis et.','2016-07-26 23:44:34','2016-07-26 23:44:34'),(159,'Model','Goyette Inc','Ergonomic Rubber Gloves','140','In iste nisi pariatur doloremque aut.','Ut nisi sint ipsam dolor.',NULL,NULL,1,0,'Pariatur tempore ipsum optio.','Placeat sint laudantium consequatur autem velit inventore porro quod.','2016-07-26 23:44:34','2016-07-26 23:44:34'),(160,'Model','Hamill, Wilderman and Senger','Awesome Wooden Hat','141','Omnis aut adipisci nostrum voluptas est officia.','Doloremque et dignissimos aspernatur asperiores.',NULL,NULL,3,0,'Consequatur nemo alias excepturi molestias voluptates modi ex.','Deleniti rerum ea quo eum.','2016-07-26 23:44:34','2016-07-26 23:44:34'),(161,'Model','Anderson, Fay and Heathcote','Incredible Rubber Shirt','142','Perspiciatis voluptatem tempore quasi doloribus ad non ea ullam.','Quod neque et animi laboriosam.',NULL,NULL,0,0,'Quae ut non voluptas nostrum facere et.','Nesciunt quae error ut non eius quod.','2016-07-26 23:44:34','2016-07-26 23:44:34'),(162,'Model','Frami-Runolfsson','Rustic Rubber Pants','143','A magni error dignissimos dolores modi exercitationem voluptatem ratione.','Nihil incidunt repellat eveniet quas reiciendis.',NULL,NULL,1,0,'Cum nihil maiores sed nemo sit.','Qui et dignissimos aliquam porro distinctio libero deleniti sint.','2016-07-26 23:44:34','2016-07-26 23:44:34'),(163,'Model','Jacobs, Romaguera and Runolfsdottir','Awesome Cotton Table','144','Est dolorum et assumenda ut eveniet.','Odio fugiat voluptas quisquam est non.',NULL,NULL,2,0,'Blanditiis hic tempora ratione est eveniet.','Modi quisquam voluptatem dolorem eligendi vero enim.','2016-07-26 23:44:34','2016-07-26 23:44:34'),(164,'Model','Mills-Franecki','Practical Wooden Shoes','145','Quo commodi rerum officia qui hic nulla consequatur enim.','Dolor provident assumenda adipisci molestias fugiat nostrum et.',NULL,NULL,3,0,'Ut quo iure facere.','Rerum est nobis enim ab.','2016-07-26 23:44:34','2016-07-26 23:44:34'),(165,'Model','Ziemann Group','Sleek Plastic Shirt','146','Ipsa sunt voluptas consequatur repellat fugiat earum.','Voluptatem provident dicta fugit cupiditate.',NULL,NULL,3,0,'Dolorum veritatis nobis incidunt.','Temporibus unde quos voluptatum qui iusto et occaecati.','2016-07-26 23:44:34','2016-07-26 23:44:34'),(166,'Model','Klocko, Leffler and Denesik','Rustic Plastic Shoes','147','Officia doloribus hic repellat est.','Dolorum molestias debitis nostrum ut sed magnam.',NULL,NULL,2,0,'Enim dolorem quam qui et voluptatum neque voluptatem hic.','Expedita voluptatem veniam architecto necessitatibus.','2016-07-26 23:44:34','2016-07-26 23:44:34'),(167,'Model','Walter, Balistreri and Raynor','Rustic Granite Chair','148','Vitae et voluptas necessitatibus suscipit commodi facilis.','Et atque ut a.',NULL,NULL,3,0,'Ea est tempora provident id perferendis autem nihil.','Alias officia voluptas praesentium earum explicabo est.','2016-07-26 23:44:34','2016-07-26 23:44:34'),(168,'Model','Heaney-McDermott','Practical Concrete Pants','149','Iure voluptatem eum consequatur nesciunt exercitationem est est ea.','Dolor quisquam totam qui repudiandae suscipit voluptas.',NULL,NULL,2,0,'Non ex voluptatem impedit architecto nobis fuga.','Eaque vel ut veritatis aspernatur aut.','2016-07-26 23:44:34','2016-07-26 23:44:34'),(169,'Model','Kilback, Breitenberg and Bernier','Small Steel Hat','150','Illum placeat sint et nostrum.','Beatae mollitia repellat ad ipsum cupiditate vero doloremque.',NULL,NULL,0,0,'Sapiente eligendi nesciunt repellendus.','Incidunt excepturi praesentium velit et enim.','2016-07-26 23:44:34','2016-07-26 23:44:34'),(170,'Model','Grimes, Hane and Emmerich','Small Plastic Gloves','151','Et vitae ex in nam.','Asperiores est est autem veniam voluptas dicta.',NULL,NULL,1,0,'Consequatur molestiae ad laudantium iste consequatur qui.','Velit tempora dolorem fugit repudiandae amet.','2016-07-26 23:44:34','2016-07-26 23:44:34'),(171,'Model','Doyle Group','Small Concrete Car','152','Voluptas corporis maiores asperiores autem repellendus voluptatem qui.','Hic expedita laborum sit velit nisi.',NULL,NULL,2,0,'Placeat reprehenderit ut a atque eaque non.','Iusto sit repellendus in et omnis.','2016-07-26 23:44:34','2016-07-26 23:44:34'),(172,'Model','Rowe and Sons','Intelligent Wooden Chair','153','Accusantium facilis omnis debitis voluptas illo.','Cumque hic ab et dicta facere sit.',NULL,NULL,3,0,'Est sint consequatur soluta.','Et inventore qui rem ut.','2016-07-26 23:44:34','2016-07-26 23:44:34'),(173,'Model','Lind, Bauch and Schamberger','Intelligent Plastic Shirt','154','Porro quisquam voluptatem qui suscipit quo velit.','Nihil ullam error omnis quia.',NULL,NULL,0,0,'Ut et soluta et nihil aliquam.','Laborum nobis cupiditate ut.','2016-07-26 23:44:34','2016-07-26 23:44:34'),(174,'Model','Christiansen-Dicki','Rustic Granite Table','155','Quo dolores dignissimos sapiente qui.','Et sint dolorem nam odio delectus omnis recusandae voluptatum.',NULL,NULL,1,0,'Ducimus perspiciatis est consequuntur ipsum ab corrupti iure et.','Sed praesentium id iusto ut et neque.','2016-07-26 23:44:34','2016-07-26 23:44:34'),(175,'Model','Cummings Group','Incredible Rubber Hat','156','Sapiente dolores autem id explicabo libero.','Reprehenderit recusandae et omnis sapiente velit molestiae.',NULL,NULL,3,0,'Dicta culpa quos fuga.','Commodi itaque culpa omnis dolore.','2016-07-26 23:44:34','2016-07-26 23:44:34'),(176,'Model','Moore LLC','Sleek Rubber Hat','157','Consequatur hic accusantium ipsum qui corporis laborum sint.','Dolores totam et dolorum hic nulla qui nisi qui.',NULL,NULL,2,0,'Non eius et quia aut enim et quaerat.','Molestiae modi ea saepe.','2016-07-26 23:44:34','2016-07-26 23:44:34'),(177,'Model','Howell, Dach and Parisian','Rustic Granite Gloves','158','Nisi et cum eligendi et eos eaque repellat.','Aliquam voluptas voluptatum sed et.',NULL,NULL,3,0,'Ut sed eum enim officiis qui iusto.','Cum recusandae molestiae delectus voluptates expedita.','2016-07-26 23:44:34','2016-07-26 23:44:34'),(178,'Model','Nolan and Sons','Fantastic Concrete Car','159','Quia ea aspernatur soluta accusamus.','Unde maxime distinctio ea vitae dolores doloremque.',NULL,NULL,1,0,'Autem dolor quaerat harum laboriosam voluptatem quia.','Tenetur fugit architecto sit pariatur.','2016-07-26 23:44:34','2016-07-26 23:44:34'),(179,'Model','Hammes, Wiegand and McDermott','Awesome Wooden Chair','160','Odit sequi praesentium eos dolorem voluptatum.','Quos in animi nobis voluptas dolorem.',NULL,NULL,3,0,'Et neque itaque in sed.','Aut magnam voluptas vero ad.','2016-07-26 23:44:34','2016-07-26 23:44:34'),(180,'Model','Stehr, Lowe and O\'Hara','Ergonomic Granite Hat','161','Aliquid voluptas blanditiis quod nobis placeat a.','Officia laborum sit qui quos aut.',NULL,NULL,0,0,'Magnam autem facilis a et praesentium modi.','Eius labore facilis laborum animi nesciunt.','2016-07-26 23:44:34','2016-07-26 23:44:34'),(181,'Model','Corwin-Wolf','Gorgeous Granite Hat','162','Rerum alias molestiae eius voluptas et voluptatibus accusamus porro.','Perspiciatis cum ea accusantium quae commodi error quia sed.',NULL,NULL,2,0,'Id dignissimos sed animi vel accusantium aliquid.','Quidem fugit nihil voluptas numquam.','2016-07-26 23:44:34','2016-07-26 23:44:34'),(182,'Model','Bogan-Klocko','Practical Rubber Hat','163','Delectus voluptatem similique illo non rerum iusto reiciendis.','Sint eaque deleniti rem voluptas.',NULL,NULL,3,0,'Dolorem voluptatem reiciendis sint ipsa corrupti sunt.','Eligendi veniam rem aperiam iusto earum laborum.','2016-07-26 23:44:34','2016-07-26 23:44:34'),(183,'Model','Welch-Ruecker','Rustic Steel Shoes','164','Qui non sint quia reiciendis voluptatem.','Itaque fuga mollitia magnam dolores dolorem aspernatur qui ut.',NULL,NULL,0,0,'Eius alias provident qui voluptas illo.','Et ratione placeat corrupti voluptatum vero.','2016-07-26 23:44:34','2016-07-26 23:44:34'),(184,'Model','Simonis-Green','Rustic Rubber Shirt','165','Saepe rerum reiciendis ea illum quas.','Est vel aspernatur molestiae minima ut.',NULL,NULL,1,0,'Amet odit vitae ipsa vero eos qui dolor.','Labore dolore maxime ut aperiam pariatur.','2016-07-26 23:44:34','2016-07-26 23:44:34'),(185,'Model','Bechtelar-Maggio','Practical Wooden Shirt','166','Fuga porro minima sit optio.','Officia illo sunt in nihil hic.',NULL,NULL,3,0,'Et doloremque hic ut repellat minima quia enim.','Totam porro sunt ut.','2016-07-26 23:44:34','2016-07-26 23:44:34'),(186,'Model','Lueilwitz, Abbott and Keebler','Fantastic Rubber Gloves','167','Ratione aut quisquam beatae consequatur accusantium occaecati iusto totam.','Quidem nihil laboriosam ut hic dolores aut.',NULL,NULL,3,0,'Consequatur quia odit sit quos aliquam.','Atque eveniet perspiciatis voluptatem esse consequatur voluptas voluptas.','2016-07-26 23:44:34','2016-07-26 23:44:34'),(187,'Model','McLaughlin, Sporer and Robel','Practical Steel Hat','168','Quod odio repellat eum temporibus.','Delectus et sequi repellat quasi.',NULL,NULL,1,0,'Nihil accusantium velit rerum iste et corrupti.','Enim eveniet molestiae et.','2016-07-26 23:44:34','2016-07-26 23:44:34'),(188,'Model','Reichel, Hoppe and Waters','Sleek Rubber Car','169','Ducimus aperiam aspernatur et vitae.','Est sequi officia quisquam laborum voluptatem nihil doloremque.',NULL,NULL,0,0,'Iure nihil tenetur cupiditate sequi rerum quis ipsa eum.','Est ut rerum eius architecto facilis hic quasi.','2016-07-26 23:44:34','2016-07-26 23:44:34'),(189,'Model','Schmidt-Senger','Awesome Granite Computer','170','Dolorum est aut quaerat mollitia aliquid magni.','Consectetur laboriosam optio incidunt.',NULL,NULL,1,0,'Consequuntur eligendi odio nam temporibus minus.','Dolorum repudiandae ipsam et.','2016-07-26 23:44:34','2016-07-26 23:44:34'),(190,'Model','Funk-Willms','Fantastic Granite Hat','171','Non quis rerum iusto delectus.','Ut error vel aut ex excepturi.',NULL,NULL,3,0,'Dolorem aut pariatur veritatis et repellat doloremque.','Quod quidem nobis aut magnam eos.','2016-07-26 23:44:34','2016-07-26 23:44:34'),(191,'Model','Brown, Kuhic and Von','Practical Concrete Gloves','172','Amet et consequatur debitis quam placeat voluptas ipsam.','Quo enim quia et nihil rerum minus sapiente.',NULL,NULL,0,0,'Deserunt nihil molestiae doloremque vel.','Eos voluptatem voluptatibus quis molestiae non molestias debitis id.','2016-07-26 23:44:34','2016-07-26 23:44:34'),(192,'Model','Yundt, Murray and Crona','Sleek Wooden Hat','173','Magnam qui ducimus fugiat.','Accusantium ratione molestiae esse.',NULL,NULL,2,0,'Sint sequi aut corrupti.','Perferendis voluptas animi dolores.','2016-07-26 23:44:34','2016-07-26 23:44:34'),(193,'Model','Moen-McDermott','Ergonomic Plastic Table','174','Reiciendis et ratione aliquam sapiente nulla eos et sint.','Neque ad laudantium non est quia atque voluptatibus sint.',NULL,NULL,0,0,'Quia quia rem accusantium adipisci.','Nemo quia ut doloremque totam.','2016-07-24 23:44:34','2016-07-24 23:44:34'),(194,'Model','Wiegand, Jenkins and Gislason','Rustic Wooden Hat','175','Et dolorem ut dicta exercitationem.','Quasi et et aut blanditiis.',NULL,NULL,2,0,'Necessitatibus asperiores labore neque ducimus eos quasi eaque quo.','Tempore suscipit dolor error quos odio distinctio.','2016-07-24 23:44:34','2016-07-24 23:44:34'),(195,'Model','Corkery, Klocko and Zulauf','Intelligent Concrete Pants','176','Nesciunt ratione suscipit dolor numquam unde qui et.','Fugit libero veniam rerum et quo iste numquam tempore.',NULL,NULL,3,0,'Porro consequatur dolor sit dolor quia.','Doloremque minus quo officiis repellendus labore.','2016-07-24 23:44:34','2016-07-24 23:44:34'),(196,'Model','Carter-Schuppe','Incredible Cotton Pants','177','Voluptatem sit mollitia veniam est id laborum.','Ea unde porro ut fugiat ullam earum.',NULL,NULL,1,0,'Voluptatum veniam quam consequatur ducimus qui sint.','Dignissimos beatae expedita est voluptates.','2016-07-24 23:44:34','2016-07-24 23:44:34'),(197,'Model','Zemlak-Turcotte','Practical Steel Gloves','178','Illo est voluptatem at.','Aut sapiente nesciunt perspiciatis sit.',NULL,NULL,3,0,'Non debitis sint natus voluptate veniam doloremque.','Fuga praesentium tenetur aliquid non.','2016-07-24 23:44:34','2016-07-24 23:44:34'),(198,'Model','Durgan-Cartwright','Practical Granite Gloves','179','Et quo quod exercitationem accusamus omnis voluptas.','Possimus hic voluptate ut rerum qui.',NULL,NULL,1,0,'Voluptatem quo sapiente quis aliquid eligendi enim explicabo.','Eos veniam qui porro impedit voluptatem praesentium.','2016-07-26 23:44:34','2016-07-26 23:44:34'),(199,'Model','Tremblay and Sons','Ergonomic Steel Chair','180','Ipsa ad consectetur animi consequatur dolorem.','Id ea aut recusandae amet quis commodi qui.',NULL,NULL,3,0,'Ad ratione laboriosam et rerum dolores numquam rerum.','Dignissimos sed error in animi.','2016-07-26 23:44:34','2016-07-26 23:44:34'),(200,'Model','Dickens, Howe and McCullough','Gorgeous Concrete Hat','181','Dolorum impedit reiciendis in quidem qui eligendi optio.','Cum sed et mollitia perspiciatis enim reprehenderit.',NULL,NULL,2,0,'Optio iste et dolorem est numquam alias quis laboriosam.','At quos labore cupiditate eos maxime aut rem.','2016-07-26 23:44:34','2016-07-26 23:44:34'),(201,'Model','Schiller LLC','Rustic Plastic Shirt','182','Aut sint qui fugiat iusto veniam saepe.','Doloribus enim et debitis eaque ut eum voluptas.',NULL,NULL,2,0,'Eius et quisquam dolor quod necessitatibus voluptas.','Veniam occaecati architecto adipisci velit.','2016-07-26 23:44:34','2016-07-26 23:44:34'),(202,'Model','Keeling-Padberg','Intelligent Granite Chair','183','Corporis dolorum accusantium laudantium adipisci error porro.','Non excepturi et modi quod.',NULL,NULL,2,0,'Eum cupiditate nesciunt quibusdam impedit.','Veniam saepe voluptatibus consectetur officiis facere ut cupiditate nemo.','2016-07-26 23:44:34','2016-07-26 23:44:34'),(203,'Model','Cronin, Paucek and Zulauf','Awesome Rubber Table','184','Incidunt id quia quibusdam.','Eum ratione suscipit iusto et sed consequatur voluptas id.',NULL,NULL,2,0,'Ullam impedit animi dolor ex.','Quaerat voluptas eos sed cum porro impedit.','2016-07-26 23:44:34','2016-07-26 23:44:34'),(204,'Model','Grant-Kihn','Sleek Plastic Hat','185','Aut voluptates occaecati iusto assumenda voluptatem quos.','Quasi in voluptates qui.',NULL,NULL,2,0,'Cupiditate et aut dolore ut ut enim.','Ut sapiente qui qui ex laborum voluptate illo.','2016-07-26 23:44:34','2016-07-26 23:44:34'),(205,'Model','Kulas, Bins and Kemmer','Fantastic Rubber Pants','186','Maiores voluptatem asperiores blanditiis autem accusamus aperiam.','Voluptates maiores excepturi esse voluptas provident et.',NULL,NULL,3,0,'Odio quae sint quas porro non atque.','Delectus fuga tempora est facilis dolore nulla quis cum.','2016-07-26 23:44:34','2016-07-26 23:44:34'),(206,'Model','Krajcik-D\'Amore','Gorgeous Granite Chair','187','Odit dolor minus inventore itaque expedita voluptatem nulla suscipit.','Dignissimos atque est tempore laborum repellendus.',NULL,NULL,3,0,'Sit ipsam quo et ut et dignissimos voluptatem sapiente.','Rerum hic fugiat voluptatem repudiandae odit voluptatem.','2016-07-26 23:44:34','2016-07-26 23:44:34'),(207,'Model','Schinner Inc','Incredible Cotton Shirt','188','Et dolorem dolorum suscipit fugiat eligendi eos quasi debitis.','Odio dolor dicta sit placeat quasi voluptate voluptatem.',NULL,NULL,0,0,'Et sit minus voluptas qui dolor nihil.','Laudantium ut reprehenderit quam doloribus quidem dolorem.','2016-07-26 23:44:34','2016-07-26 23:44:34'),(208,'Model','Denesik Group','Rustic Rubber Computer','189','Qui maiores animi autem consequatur expedita.','Eaque ducimus quo repellat nemo et error.',NULL,NULL,1,0,'Aliquam ad expedita temporibus recusandae sit nobis aut.','Officiis voluptatem cupiditate illo.','2016-07-26 23:44:34','2016-07-26 23:44:34'),(209,'Model','Wilderman, Prosacco and Grady','Gorgeous Concrete Shirt','190','Voluptatem consequuntur nobis sed aliquam.','Sunt et voluptatem nemo magnam quia id.',NULL,NULL,3,0,'Quia aut vero et perspiciatis.','Molestias sint voluptates dolores et fugiat est.','2016-07-26 23:44:34','2016-07-26 23:44:34'),(210,'Model','Little-Moen','Rustic Concrete Hat','191','Vitae enim earum quas ipsam blanditiis fugit minus non.','Rem quia debitis corrupti exercitationem accusamus ab et dignissimos.',NULL,NULL,1,0,'Pariatur voluptatem ipsam sunt in.','Nobis consequuntur ipsum natus non est.','2016-07-26 23:44:34','2016-07-26 23:44:34'),(211,'Model','Sipes-Treutel','Rustic Cotton Computer','192','Distinctio aliquid et blanditiis aut quas.','Aut temporibus quo eum voluptas quia distinctio illo tempore.',NULL,NULL,1,0,'Voluptatem ut ipsum enim.','In doloribus soluta quasi nobis tempore.','2016-07-26 23:44:34','2016-07-26 23:44:34'),(212,'Model','Walsh LLC','Fantastic Granite Computer','193','Omnis quia quis saepe totam.','Molestiae a eum dignissimos.',NULL,NULL,2,0,'Consequatur dolor ut mollitia exercitationem corporis optio laudantium.','Aperiam nemo quos atque.','2016-07-26 23:44:34','2016-07-26 23:44:34'),(213,'Model','Gottlieb-Lemke','Ergonomic Granite Pants','194','Laboriosam dolore autem dignissimos.','Dolor quis placeat distinctio et.',NULL,NULL,3,0,'Omnis molestias dolores odio provident aut numquam.','Sed molestias vitae in deserunt voluptas minus hic quam.','2016-07-26 23:44:34','2016-07-26 23:44:34'),(214,'Model','Shields Inc','Rustic Rubber Shoes','195','Maxime adipisci autem nulla omnis possimus nobis velit voluptas.','Facilis quia odit laboriosam accusamus minima eum cum sunt.',NULL,NULL,3,0,'Quaerat similique odit explicabo repudiandae neque eligendi omnis.','Voluptas consequatur est ex libero nobis quam.','2016-07-26 23:44:34','2016-07-26 23:44:34'),(215,'Model','Fadel Group','Small Concrete Computer','196','Omnis maiores cum voluptatibus consequuntur beatae.','Molestias veritatis maiores fugit minus saepe quis quos.',NULL,NULL,2,0,'Omnis occaecati numquam optio quasi similique tenetur culpa.','Enim aliquam similique ullam.','2016-07-26 23:44:34','2016-07-26 23:44:34'),(216,'Model','Koepp-Beatty','Gorgeous Wooden Shirt','197','Non exercitationem velit et doloribus.','Eum non consequatur perferendis sequi qui nisi.',NULL,NULL,3,0,'Soluta quia nam non suscipit sapiente quidem.','Repellat fugit placeat aut beatae ut ea saepe repudiandae.','2016-07-25 23:44:34','2016-07-25 23:44:34'),(217,'Model','Rowe LLC','Rustic Plastic Gloves','198','Est impedit necessitatibus et.','Optio exercitationem ipsam beatae.',NULL,NULL,0,0,'Eaque et placeat voluptatem voluptatum culpa amet distinctio maxime.','Ea rerum a sapiente.','2016-07-25 23:44:34','2016-07-25 23:44:34'),(218,'Model','Renner, Buckridge and Murray','Incredible Rubber Chair','199','Error esse ipsam est cumque reiciendis voluptate blanditiis.','Esse dolores adipisci odio quam.',NULL,NULL,2,0,'Voluptas asperiores rerum et perspiciatis consequatur omnis.','Voluptatem aut cum voluptas excepturi reprehenderit odio dolorem qui.','2016-07-25 23:44:34','2016-07-25 23:44:34'),(219,'Model','Wehner-Rippin','Incredible Granite Gloves','200','Doloremque non aliquid eligendi pariatur quos voluptates.','Qui non dolor quia aut omnis sint asperiores exercitationem.',NULL,NULL,1,0,'Esse dolor ut autem est sit rerum aliquam.','Esse sit debitis laudantium natus possimus.','2016-07-25 23:44:34','2016-07-25 23:44:34'),(220,'Model','Beier Inc','Rustic Granite Shoes','201','Velit vero voluptatem eum et expedita officiis magni ea.','Quis mollitia labore vitae maiores excepturi rerum est ut.',NULL,NULL,3,0,'Omnis ut quia voluptas deserunt sunt nemo voluptatem qui.','Tempora sapiente harum perspiciatis atque.','2016-07-25 23:44:34','2016-07-25 23:44:34'),(221,'Model','Wiza Inc','Gorgeous Plastic Pants','202','Sit odio corporis tenetur eius vero est eos.','Nobis delectus voluptatum corporis error necessitatibus.',NULL,NULL,2,0,'Corrupti sint explicabo commodi.','Fugit et in velit et reiciendis amet.','2016-07-25 23:44:34','2016-07-25 23:44:34'),(222,'Model','Schumm-Stehr','Fantastic Granite Car','203','Voluptas voluptatem corporis quia voluptate voluptas quos dolor blanditiis.','Nulla vero excepturi omnis sequi doloribus facere.',NULL,NULL,2,0,'Aut eius perspiciatis corporis facere aut est fuga at.','Saepe voluptas aut earum assumenda quae.','2016-07-25 23:44:34','2016-07-25 23:44:34'),(223,'Model','Jerde Group','Fantastic Plastic Car','204','Voluptates tempore porro similique sed aut aut.','Sint quia ea nisi doloribus.',NULL,NULL,0,0,'Commodi modi molestiae consequatur.','Aut porro repellat magnam sed tempore dolores natus.','2016-07-25 23:44:34','2016-07-25 23:44:34'),(224,'Model','Grimes-Considine','Incredible Plastic Hat','205','Consequatur dolorum non est magni quia voluptates.','Eius vitae et dolores ipsam et voluptatibus.',NULL,NULL,0,0,'Tenetur omnis illum repudiandae pariatur sit illo.','Pariatur laudantium distinctio sequi.','2016-07-26 23:44:34','2016-07-26 23:44:34'),(225,'Model','Strosin and Sons','Intelligent Cotton Computer','206','Odio fuga tenetur qui sequi inventore a commodi.','Autem reiciendis tempore vitae eveniet.',NULL,NULL,3,0,'Optio quia unde fugit occaecati vel placeat.','Est quod suscipit cum.','2016-07-26 23:44:34','2016-07-26 23:44:34'),(226,'Model','Kuhic, Greenfelder and Franecki','Fantastic Steel Hat','207','Earum aliquid numquam odio.','Commodi amet tenetur similique est nihil consequatur velit.',NULL,NULL,1,0,'Rerum non sit voluptatem maxime.','Amet id officiis qui.','2016-07-26 23:44:34','2016-07-26 23:44:34'),(227,'Model','Kunde, Haley and Huel','Incredible Granite Chair','208','Dolorem atque facere deleniti tenetur aperiam iure.','Sunt et necessitatibus tenetur eos qui consequatur ut et.',NULL,NULL,3,0,'Repudiandae nisi ut mollitia repellat temporibus.','Asperiores aut consequatur labore odit vel maiores.','2016-07-26 23:44:34','2016-07-26 23:44:34'),(228,'Model','Hoppe, Wintheiser and Lesch','Intelligent Steel Gloves','209','Cupiditate quae dignissimos porro accusamus magnam cumque commodi est.','Quia cum sint sint qui repellat.',NULL,NULL,0,0,'Explicabo dolorem voluptatem est.','Maiores expedita quo et fugiat.','2016-07-26 23:44:34','2016-07-26 23:44:34'),(229,'Model','Donnelly, Howell and Bogan','Practical Concrete Hat','210','Placeat quis praesentium quae ipsam.','Vero deleniti ipsum tempora autem at placeat quasi.',NULL,NULL,1,0,'Qui voluptas quia libero sit laborum doloremque doloribus eos.','Quia asperiores enim maiores ut sed reprehenderit voluptatum quos.','2016-07-26 23:44:34','2016-07-26 23:44:34'),(230,'Model','Fahey, Stanton and Kerluke','Intelligent Plastic Hat','211','Adipisci eveniet aut temporibus.','Repellendus labore explicabo voluptate natus.',NULL,NULL,0,0,'Quidem ea laboriosam quis perspiciatis esse vel nulla.','Saepe exercitationem culpa dolor tempora.','2016-07-26 23:44:34','2016-07-26 23:44:34'),(231,'Model','Olson LLC','Fantastic Concrete Chair','212','Est earum dolores qui et et.','Autem distinctio dolorem voluptatibus voluptate.',NULL,NULL,1,0,'Est voluptas ullam beatae odio.','Consequatur ex quia facilis.','2016-07-26 23:44:34','2016-07-26 23:44:34'),(232,'Model','Casper LLC','Intelligent Cotton Gloves','213','Reprehenderit dolore ducimus consequatur.','Voluptas ea maxime nostrum a rem velit doloribus minima.',NULL,NULL,1,0,'Libero nostrum laudantium et modi nihil at.','Est quia atque dolores ut nulla dolores quam qui.','2016-07-26 23:44:34','2016-07-26 23:44:34'),(233,'Model','Brekke-Feeney','Fantastic Rubber Shirt','214','Qui et iste sed ex fugiat exercitationem.','Est deleniti aut rerum earum nihil explicabo.',NULL,NULL,3,0,'Saepe eius cum non voluptatum deserunt ducimus quod.','Velit sed quia impedit dicta veritatis officia reprehenderit.','2016-07-26 23:44:34','2016-07-26 23:44:34'),(234,'Model','Dach-Schaden','Intelligent Wooden Car','215','Mollitia quae veritatis et nesciunt nihil nostrum soluta et.','Non laudantium illum iure eum sit fugit similique.',NULL,NULL,0,0,'Nobis velit architecto dolorem omnis laudantium saepe commodi.','In dolorum saepe ab sit ratione vel.','2016-07-26 23:44:34','2016-07-26 23:44:34'),(235,'Model','Cummings, Haley and Littel','Incredible Steel Hat','216','Ipsum qui corporis molestiae porro.','Corrupti numquam occaecati enim libero voluptas porro.',NULL,NULL,2,0,'Ab vel magni enim nostrum tenetur velit cumque omnis.','Cumque adipisci dignissimos et aut aperiam a.','2016-07-26 23:44:34','2016-07-26 23:44:34'),(236,'Model','Weissnat-Cremin','Rustic Wooden Pants','217','Suscipit sed incidunt dolores ab amet libero et.','Minima excepturi laboriosam deleniti sunt.',NULL,NULL,1,0,'Assumenda aut aperiam enim nulla.','Dolor autem numquam vel consectetur eum deleniti eius ipsam.','2016-07-26 23:44:34','2016-07-26 23:44:34'),(237,'Model','Schuppe, Kiehn and Hills','Gorgeous Cotton Car','218','Non ab officiis consequatur.','Repellendus sequi autem qui sed explicabo laboriosam accusamus porro.',NULL,NULL,3,0,'Quos sunt ut similique perspiciatis.','Enim rerum ad doloremque repellat.','2016-07-26 23:44:34','2016-07-26 23:44:34'),(238,'Model','Wilkinson Inc','Fantastic Steel Table','219','Nostrum qui saepe repellat laboriosam aspernatur.','Atque amet odit reiciendis cupiditate eum vero.',NULL,NULL,3,0,'Totam amet dolorum perspiciatis voluptas sit autem autem.','Quis voluptatibus aut distinctio vel.','2016-07-26 23:44:34','2016-07-26 23:44:34'),(239,'Model','Bergstrom and Sons','Incredible Granite Computer','220','Ea esse est id et modi qui voluptas optio.','Accusamus odit exercitationem quidem esse vero quasi unde omnis.',NULL,NULL,2,0,'Perspiciatis ex rem asperiores.','Temporibus voluptatibus voluptatum expedita reiciendis similique eos ab eveniet.','2016-07-26 23:44:34','2016-07-26 23:44:34'),(240,'Model','Lakin, Wilkinson and Lubowitz','Ergonomic Concrete Car','221','Ut dolorum omnis iure autem magnam assumenda vel esse.','In nemo excepturi neque fugiat exercitationem consectetur omnis.',NULL,NULL,2,0,'Veritatis accusamus reiciendis consequuntur harum aut.','In omnis totam dolores inventore.','2016-07-26 23:44:34','2016-07-26 23:44:34'),(241,'Model','Price and Sons','Small Wooden Table','222','Vel nostrum ut quis asperiores qui eligendi dolor cumque.','In magni nostrum perferendis.',NULL,NULL,3,0,'Ab omnis labore voluptas nihil fuga qui qui.','Ipsum sed pariatur reprehenderit.','2016-07-26 23:44:34','2016-07-26 23:44:34'),(242,'Model','Kiehn-Cormier','Sleek Concrete Car','223','Inventore hic quia ea velit illum sint quibusdam.','Quibusdam qui corporis ea est sint est.',NULL,NULL,3,0,'Id quia aut nobis accusantium in et.','Molestiae et ut tenetur.','2016-07-26 23:44:34','2016-07-26 23:44:34'),(243,'Model','Weber-Abshire','Awesome Cotton Shirt','224','Numquam voluptatum magnam amet consequatur eos tenetur.','Aperiam sed ea atque deserunt voluptas.',NULL,NULL,2,0,'Voluptate eius commodi voluptas architecto excepturi expedita.','Optio doloribus sunt repudiandae rerum minus.','2016-07-26 23:44:34','2016-07-26 23:44:34'),(244,'Model','Dare-Olson','Intelligent Steel Table','225','Atque sit ducimus et.','Veniam alias quis porro odio et exercitationem.',NULL,NULL,1,0,'Numquam sunt nisi quasi deleniti quod officiis sit ullam.','Animi nisi sit ad corrupti nesciunt minima qui.','2016-07-26 23:44:34','2016-07-26 23:44:34'),(245,'Model','Pfannerstill Inc','Small Plastic Chair','226','Nostrum iusto quia consequatur a cumque reprehenderit.','Odio deserunt iure beatae rerum velit incidunt occaecati.',NULL,NULL,0,0,'Inventore assumenda nobis eius aspernatur aliquid et.','Veniam quam quia adipisci voluptate ab.','2016-07-26 23:44:34','2016-07-26 23:44:34'),(246,'Model','Heathcote Group','Fantastic Concrete Gloves','227','Vel autem voluptatum nam minima impedit eum.','Maiores dolores similique molestias est.',NULL,NULL,3,0,'Tenetur quo eum quas.','Consequatur reiciendis unde modi provident impedit aut.','2016-07-26 23:44:34','2016-07-26 23:44:34'),(247,'Model','Osinski, Monahan and Huel','Rustic Steel Shirt','228','Aut dolores voluptas optio molestiae recusandae expedita id.','Architecto rem corporis blanditiis assumenda modi.',NULL,NULL,0,0,'Architecto reiciendis culpa ut.','Voluptatem velit alias laborum sed et quis.','2016-07-26 23:44:34','2016-07-26 23:44:34'),(248,'Model','Swaniawski, Graham and Runolfsdottir','Rustic Wooden Car','229','Ut odit voluptatibus reiciendis provident.','Animi eligendi nesciunt natus blanditiis at voluptatem quas.',NULL,NULL,0,0,'Laudantium error illum reprehenderit beatae non velit et.','Aliquid ut saepe dolor esse laudantium quas error.','2016-07-26 23:44:34','2016-07-26 23:44:34'),(249,'Model','Satterfield-Doyle','Small Wooden Hat','230','Ut deserunt nemo quia rerum minus qui.','Voluptatem doloribus mollitia veniam pariatur.',NULL,NULL,0,0,'Magnam quia officia dolores voluptatum mollitia.','Impedit est et saepe non in et.','2016-07-26 23:44:34','2016-07-26 23:44:34'),(250,'Model','Altenwerth Inc','Rustic Wooden Gloves','231','Nulla velit incidunt id corporis.','Asperiores odio dolor consequatur.',NULL,NULL,3,0,'Quos quis vel consectetur.','Odio occaecati voluptate pariatur et aperiam.','2016-07-26 23:44:34','2016-07-26 23:44:34'),(251,'Model','Thompson and Sons','Practical Steel Computer','232','Occaecati est sit officiis.','Ut dignissimos harum placeat.',NULL,NULL,2,0,'Eligendi sint nesciunt officia velit est numquam quia.','Voluptates occaecati id nihil.','2016-07-26 23:44:34','2016-07-26 23:44:34'),(252,'Model','Larkin, Brekke and Okuneva','Incredible Concrete Chair','233','Temporibus aut ipsam optio.','Alias itaque velit exercitationem omnis sit placeat.',NULL,NULL,3,0,'Accusantium est nihil autem quos labore praesentium in.','Architecto temporibus eos facilis odio possimus voluptate dolorem.','2016-07-26 23:44:34','2016-07-26 23:44:34'),(253,'Model','Leannon LLC','Awesome Wooden Car','234','Voluptatem quo corrupti similique molestiae.','Et autem dolorem nulla voluptatum.',NULL,NULL,1,0,'Optio sint molestiae voluptatem veniam blanditiis quia.','Animi velit non placeat.','2016-07-26 23:44:34','2016-07-26 23:44:34'),(254,'Model','Quigley, Lind and Fadel','Rustic Cotton Hat','235','Ab blanditiis sint aperiam.','Ipsum perspiciatis consequatur nemo aut libero quis.',NULL,NULL,2,0,'Et maiores rerum molestiae magnam.','Numquam id minus soluta fuga voluptate.','2016-07-26 23:44:34','2016-07-26 23:44:34'),(255,'Model','Bode-Ritchie','Practical Granite Hat','236','Dolore rem est qui reiciendis commodi ut.','Voluptate placeat mollitia cumque dolores eos incidunt sunt quas.',NULL,NULL,3,0,'Enim facere quam nihil ipsam nemo.','Omnis quia quisquam et ex id beatae.','2016-07-26 23:44:34','2016-07-26 23:44:34'),(256,'Model','Hilll, Schamberger and McDermott','Ergonomic Granite Gloves','237','Necessitatibus ad odit dolore non quas expedita quidem.','Autem fuga sequi in molestias laboriosam aut.',NULL,NULL,2,0,'Quia rerum sed amet earum omnis.','Doloribus unde eveniet maiores voluptas est porro dignissimos rem.','2016-07-26 23:44:34','2016-07-26 23:44:34'),(257,'Model','D\'Amore, Miller and Hermann','Awesome Plastic Computer','238','Tenetur deleniti quos qui molestiae dolor.','Ut veniam alias omnis non sapiente.',NULL,NULL,1,0,'Placeat fugiat vel impedit.','Est ab eos eaque iste sit autem at.','2016-07-26 23:44:34','2016-07-26 23:44:34'),(258,'Model','Okuneva, Hammes and Kemmer','Incredible Rubber Gloves','239','Quaerat aspernatur doloremque inventore labore et.','Voluptatum id iure et magnam voluptatibus.',NULL,NULL,0,0,'Similique laborum illum et neque illo corrupti.','Est esse nemo earum et.','2016-07-26 23:44:34','2016-07-26 23:44:34'),(259,'Model','Bergnaum and Sons','Practical Steel Table','240','Quis dolores praesentium et provident eos iusto.','Saepe numquam facilis iure voluptate.',NULL,NULL,2,0,'Magnam rerum voluptatum veritatis.','Ipsa eos sunt aliquid.','2016-07-26 23:44:34','2016-07-26 23:44:34'),(260,'Model','Beatty Group','Fantastic Plastic Shoes','241','Explicabo qui tenetur laborum blanditiis reprehenderit dolor.','Doloremque ea qui in quis est et nam deserunt.',NULL,NULL,1,0,'Officiis quasi cumque neque voluptas.','Eius suscipit atque animi quia veritatis esse.','2016-07-26 23:44:34','2016-07-26 23:44:34'),(261,'Model','O\'Connell, Runolfsdottir and Nikolaus','Gorgeous Plastic Table','242','Ad ex eveniet et sit consequatur cupiditate.','Esse unde accusantium ut nihil consequatur accusamus rerum aut.',NULL,NULL,2,0,'Odit rerum atque vel non esse.','Soluta non quos et est labore qui quisquam.','2016-07-26 23:44:34','2016-07-26 23:44:34'),(262,'Model','Heller-Beatty','Rustic Rubber Car','243','Ipsa atque officia hic nihil nesciunt et labore.','Error maxime sed ipsa.',NULL,NULL,0,0,'Repellat illum et doloremque aut quasi voluptatum.','Rem officia minus aut vero dolorem ut.','2016-07-26 23:44:34','2016-07-26 23:44:34'),(263,'Model','Zboncak Group','Incredible Cotton Chair','244','Cum consequuntur est reiciendis enim.','Accusamus sed non recusandae facere dignissimos omnis et.',NULL,NULL,2,0,'Incidunt similique velit enim aut consequatur est in.','Beatae porro itaque rerum.','2016-07-26 23:44:34','2016-07-26 23:44:34'),(264,'Model','Shanahan-Stroman','Intelligent Granite Pants','245','Quibusdam eos molestias est est.','Doloribus dolores quibusdam quisquam.',NULL,NULL,3,0,'Ut aliquam veniam iste ut sit.','Quod excepturi deleniti illo rem reiciendis voluptatem.','2016-07-26 23:44:34','2016-07-26 23:44:34'),(265,'Model','Koss Inc','Incredible Cotton Hat','246','Sed optio rerum velit ut dolores.','Blanditiis mollitia placeat eos ut.',NULL,NULL,2,0,'Qui beatae molestiae quam iure ea voluptates ullam autem.','Eaque doloremque qui consequuntur aut fugiat sed iusto exercitationem.','2016-07-26 23:44:34','2016-07-26 23:44:34'),(266,'Model','Gleason LLC','Sleek Steel Chair','247','Ullam vero amet eum est neque fugiat quisquam quia.','Possimus harum non voluptatem vel.',NULL,NULL,2,0,'Distinctio aperiam vel fugiat quibusdam expedita.','Vitae minima ea est cupiditate rerum omnis sint.','2016-07-26 23:44:34','2016-07-26 23:44:34'),(267,'Model','Friesen Group','Ergonomic Steel Shirt','248','Veritatis adipisci delectus odio similique sequi.','At ipsum dolorum autem.',NULL,NULL,3,0,'Eveniet aut voluptas sapiente ut.','Dolores distinctio fugit omnis qui non atque impedit.','2016-07-26 23:44:34','2016-07-26 23:44:34'),(268,'Model','Abbott-Pagac','Incredible Concrete Gloves','249','Nesciunt recusandae facere magnam vel eum.','Voluptatem ut qui omnis in minus quaerat possimus ullam.',NULL,NULL,0,0,'Ut eligendi facere amet ut.','Quaerat cupiditate nisi ut sit ipsa laudantium quos.','2016-07-26 23:44:34','2016-07-26 23:44:34'),(269,'Model','Hartmann, Harvey and Kertzmann','Sleek Rubber Table','250','In aut nam voluptatem veniam doloremque a non omnis.','Nihil beatae suscipit quis qui.',NULL,NULL,3,0,'Impedit cupiditate placeat rerum nam qui nobis.','Reiciendis est porro ducimus dolore.','2016-07-26 23:44:34','2016-07-26 23:44:34'),(270,'Model','Wisoky Group','Ergonomic Plastic Car','251','Laudantium fugiat repellendus occaecati sint.','Id cum adipisci est eius quia at odit beatae.',NULL,NULL,3,0,'Ut alias quia fuga sapiente velit voluptatem et.','Hic non facere ex sit pariatur id maxime.','2016-07-26 23:44:34','2016-07-26 23:44:34'),(271,'Model','Bednar, Koss and Stark','Rustic Steel Car','252','Ipsum enim suscipit qui.','Illum aut commodi vel quibusdam.',NULL,NULL,3,0,'Est et quae quos nisi qui sint et.','Omnis unde voluptas quia ut.','2016-07-26 23:44:34','2016-07-26 23:44:34'),(272,'Model','Fay-Kub','Fantastic Granite Table','253','Sit nihil et vel quae molestiae optio.','Et esse quisquam ut reiciendis aliquid.',NULL,NULL,2,0,'Vel sint eum ea dolorem et recusandae voluptas.','Et non explicabo eveniet eligendi consequatur dolor est.','2016-07-24 23:44:34','2016-07-24 23:44:34'),(273,'Model','Wolf, Balistreri and Douglas','Intelligent Plastic Table','254','Amet aut eligendi omnis maiores aperiam voluptatibus dolorem consectetur.','Inventore aperiam asperiores fuga corrupti ratione sit quam vero.',NULL,NULL,2,0,'Nemo omnis est et est.','Atque assumenda blanditiis voluptatem tempora.','2016-07-24 23:44:34','2016-07-24 23:44:34'),(274,'Model','Hegmann, Blanda and Howell','Ergonomic Steel Table','255','Reprehenderit culpa nihil eum fuga quo nesciunt.','Est aut et magni debitis sed.',NULL,NULL,0,0,'Qui voluptatem corporis omnis ut reprehenderit.','Voluptas soluta maxime aut consectetur iusto quibusdam.','2016-07-24 23:44:34','2016-07-24 23:44:34'),(275,'Model','Cartwright, Watsica and Glover','Intelligent Cotton Car','256','Beatae quis laudantium ad est minus.','Ut voluptas voluptate laborum voluptates ea hic est.',NULL,NULL,1,0,'Ea quasi dolor doloremque hic nihil totam consectetur magnam.','Eaque illo est quasi nulla beatae deserunt ea commodi.','2016-07-24 23:44:34','2016-07-24 23:44:34'),(276,'Model','Kohler Group','Awesome Plastic Shirt','257','Cupiditate quaerat est magni enim repudiandae.','Eveniet magni sed voluptatem qui aliquam consequatur.',NULL,NULL,1,0,'Enim occaecati nobis odit quam tempore aliquid.','Aut impedit omnis omnis nemo.','2016-07-26 23:44:34','2016-07-26 23:44:34'),(277,'Software','Graham and Sons','Incredible Concrete Pants','259',NULL,NULL,NULL,NULL,0,0,NULL,NULL,'2016-07-26 23:44:34','2016-07-26 23:44:34'),(278,'Model','Gaylord-Heathcote','Gorgeous Concrete Pants','260','Provident sint atque repellendus.','Expedita excepturi et velit accusantium.',NULL,NULL,1,0,'Non temporibus quas beatae blanditiis repellendus.','Consequatur natus deserunt est omnis.','2016-07-21 23:44:34','2016-07-21 23:44:34'),(279,'Model','Dare Group','Practical Concrete Table','262','Veniam eum natus qui labore.','Voluptatem repellat consectetur animi deleniti.',NULL,NULL,2,0,'Ex voluptatem ut ad voluptas.','Aliquam vero et alias dolores quaerat.','2016-07-26 23:44:34','2016-07-26 23:44:34'),(280,'Software','Okuneva, Morissette and Grant','Practical Plastic Table','263',NULL,NULL,NULL,NULL,0,0,NULL,NULL,'2016-07-26 23:44:34','2016-07-26 23:44:34'),(281,'Model','Tillman, Eichmann and Predovic','Gorgeous Rubber Chair','264','Quidem ut natus reiciendis quibusdam molestias voluptatum.','Soluta optio inventore est magni.',NULL,NULL,3,0,'Officiis non eaque est ea dolor quo.','Libero eum sunt est nisi iure occaecati temporibus laudantium.','2016-07-26 23:44:34','2016-07-26 23:44:34'),(282,'Model','Sipes-Friesen','Sleek Granite Car','266','Sint harum et ab consequatur repudiandae.','Dolorem beatae necessitatibus rem sed.',NULL,NULL,0,0,'Excepturi asperiores earum natus doloribus provident culpa.','Nihil est ullam enim sint praesentium.','2016-07-26 23:44:34','2016-07-26 23:44:34'),(283,'Model','Bosco, Graham and Ondricka','Practical Granite Chair','267','Natus ut voluptatem debitis.','Eos sed minima dolor omnis ut.',NULL,NULL,3,0,'Sapiente quod ut nemo aspernatur.','Earum quod doloremque impedit.','2016-07-26 23:44:34','2016-07-26 23:44:34'),(284,'Model','Boyer, Wunsch and Blanda','Intelligent Steel Pants','268','Itaque rerum a ut velit dolorum sint ullam aut.','Earum maiores sit dolorem id impedit non.',NULL,NULL,2,0,'Magnam sint ad vel aut sed mollitia voluptates.','Officia dolorem ad veritatis sit sunt repellat ut.','2016-07-26 23:44:34','2016-07-26 23:44:34'),(285,'Model','Kirlin Group','Incredible Plastic Shoes','269','Accusamus ut ab itaque similique.','Neque ut fugiat ex sit.',NULL,NULL,2,0,'Qui voluptatem molestiae et harum maiores totam perspiciatis.','Quis qui incidunt eos optio placeat quia voluptatibus.','2016-07-26 23:44:34','2016-07-26 23:44:34'),(286,'Model','Brown-Kutch','Sleek Cotton Pants','270','Qui expedita magni eum suscipit doloribus ut rerum.','Ipsam aperiam dolore ab.',NULL,NULL,0,0,'Suscipit et aut omnis officiis quae.','Eaque assumenda mollitia aut non omnis et.','2016-07-26 23:44:34','2016-07-26 23:44:34'),(287,'Model','Yost, Howe and Morissette','Fantastic Rubber Hat','271','Culpa dolores similique voluptatem magnam aliquam non vitae quia.','Architecto nisi ut et voluptatem.',NULL,NULL,0,0,'Facere quibusdam minus et cum rerum vel labore.','Est non quidem nihil voluptates rerum aut.','2016-07-26 23:44:34','2016-07-26 23:44:34'),(288,'Model','Raynor-Jaskolski','Ergonomic Rubber Chair','272','Doloremque sit tempore maiores maxime commodi.','Dolor voluptatum qui ut.',NULL,NULL,1,0,'Quisquam sed nobis nisi.','Sit laudantium vitae velit ex debitis distinctio.','2016-07-26 23:44:34','2016-07-26 23:44:34'),(289,'Model','Kessler Group','Fantastic Granite Gloves','273','Vitae aliquam unde facere ut animi.','Aut libero eos ipsum ut dicta rerum.',NULL,NULL,1,0,'Dignissimos aut omnis inventore qui similique fuga quia.','Maxime sed rerum perferendis sint eum asperiores voluptatem illum.','2016-07-26 23:44:34','2016-07-26 23:44:34'),(290,'Model','Runolfsson-Parisian','Gorgeous Granite Gloves','274','Tempora nostrum atque nam voluptatem nihil.','Cum ut perferendis quibusdam voluptatem sed.',NULL,NULL,0,0,'Voluptatum veritatis repellat temporibus repudiandae odit.','Illo quibusdam et quidem vero.','2016-07-26 23:44:34','2016-07-26 23:44:34'),(291,'Model','Jerde, Schmidt and Sporer','Fantastic Wooden Car','275','Cum quisquam est laudantium praesentium nisi.','Temporibus deserunt aut vel commodi.',NULL,NULL,3,0,'Velit asperiores aut ut sunt minima nemo.','Neque nulla ut odit officiis ut aperiam vitae.','2016-07-26 23:44:34','2016-07-26 23:44:34'),(292,'Model','Olson-Cartwright','Awesome Concrete Pants','276','Beatae architecto cupiditate debitis et ex dolor.','Architecto et tempore fuga.',NULL,NULL,2,0,'Repellendus quidem necessitatibus aliquam.','Enim veniam voluptatem est enim eum voluptatem.','2016-07-26 23:44:34','2016-07-26 23:44:34'),(293,'Model','MacGyver Group','Sleek Steel Shoes','277','Eligendi sunt tenetur eveniet aut eos in amet ut.','At dolorum veritatis quo.',NULL,NULL,2,0,'Ratione ipsa maiores mollitia quam debitis autem dolorem aliquid.','Ut repellat est fugiat enim numquam.','2016-07-26 23:44:34','2016-07-26 23:44:34'),(294,'Model','Marks Inc','Small Plastic Hat','278','Ducimus perspiciatis laboriosam corporis quis laudantium.','Quos iusto molestiae doloremque debitis ea aut nobis.',NULL,NULL,1,0,'Voluptatem quia optio enim amet.','Distinctio blanditiis tenetur perferendis.','2016-07-26 23:44:34','2016-07-26 23:44:34'),(295,'Model','Carter and Sons','Practical Plastic Hat','279','Et deserunt ab explicabo est.','Quisquam fugit exercitationem soluta.',NULL,NULL,2,0,'Eligendi quo inventore excepturi eos.','Quis voluptatem aut ipsum asperiores quas molestias.','2016-07-26 23:44:34','2016-07-26 23:44:34'),(296,'Model','Lowe LLC','Rustic Wooden Chair','280','Praesentium quae quidem sed omnis.','Et ipsam rerum nemo.',NULL,NULL,0,0,'Qui numquam magni occaecati debitis distinctio eius ipsa.','Veniam qui enim corporis iure impedit rem autem.','2016-07-26 23:44:34','2016-07-26 23:44:34'),(297,'Model','Miller, Conn and Morissette','Practical Concrete Chair','281','Et quae accusamus voluptas officia ut deserunt doloremque.','Ab dolore autem dignissimos praesentium corporis enim reiciendis laborum.',NULL,NULL,0,0,'Autem cupiditate ipsa ipsam non.','Expedita dignissimos quod sunt illum minus eum ipsa mollitia.','2016-07-26 23:44:34','2016-07-26 23:44:34'),(298,'Model','Dickinson-Jakubowski','Ergonomic Granite Table','282','Dicta vel necessitatibus ratione eos aut iure.','Ut exercitationem sint animi earum.',NULL,NULL,1,0,'Assumenda rerum hic rerum modi.','Facere incidunt non perferendis consequuntur sed.','2016-07-26 23:44:34','2016-07-26 23:44:34'),(299,'Model','Torphy LLC','Small Plastic Car','283','Ullam beatae commodi sint quod.','Illo corporis perferendis ea maxime odit laboriosam doloribus neque.',NULL,NULL,1,0,'Ut omnis consequuntur distinctio.','Voluptas qui ut recusandae et.','2016-07-26 23:44:34','2016-07-26 23:44:34'),(300,'Model','Klocko and Sons','Practical Concrete Shoes','284','Voluptatem sint placeat eum accusantium laborum.','Aliquam architecto sed odio at ullam autem.',NULL,NULL,3,0,'Quaerat voluptates omnis expedita ea totam id.','Dolor perspiciatis ab neque eos odio facere numquam qui.','2016-07-26 23:44:34','2016-07-26 23:44:34'),(301,'Model','D\'Amore Inc','Awesome Steel Table','285','Sit deleniti exercitationem tenetur reiciendis quia nobis fugiat.','Et velit aut assumenda.',NULL,NULL,1,0,'Aliquam alias est dolores sunt.','Dolor rerum quisquam facilis.','2016-07-26 23:44:34','2016-07-26 23:44:34'),(302,'Model','Tillman-Ratke','Incredible Granite Car','286','Qui quam laborum optio porro iste corporis velit exercitationem.','Voluptatem pariatur accusantium consequatur reprehenderit beatae.',NULL,NULL,0,0,'Quia perspiciatis est alias voluptatem dolor est.','Molestiae molestias non voluptas voluptatem aspernatur ut doloribus.','2016-07-26 23:44:34','2016-07-26 23:44:34'),(303,'Model','Lowe-Monahan','Practical Cotton Hat','287','Sapiente atque sit provident recusandae eum molestias.','Omnis sit corporis rem sit ea similique reiciendis.',NULL,NULL,1,0,'Culpa qui odio sed adipisci dolor autem aspernatur tempore.','Voluptatem sunt natus recusandae quidem.','2016-07-21 23:44:34','2016-07-21 23:44:34'),(304,'Model','Kozey Group','Incredible Steel Car','288','Ipsa eum ab consequuntur dolor.','Beatae odit dolorem sed dicta perspiciatis maiores.',NULL,NULL,0,0,'Praesentium iusto eligendi est est sequi qui et.','Voluptatum temporibus fuga aut vel.','2016-07-21 23:44:34','2016-07-21 23:44:34'),(305,'Model','Oberbrunner, Hegmann and Kling','Fantastic Rubber Shoes','289','Consequatur temporibus nihil amet.','Recusandae ut cumque molestiae nihil harum voluptatem eum magnam.',NULL,NULL,1,0,'Facere dolor corrupti placeat molestias consequatur eum.','Qui vitae iure ipsam magni iste.','2016-07-21 23:44:34','2016-07-21 23:44:34'),(306,'Model','McCullough LLC','Rustic Cotton Table','290','Aut ut voluptatem tenetur alias ut repudiandae sunt.','Ipsum suscipit tempora autem nihil.',NULL,NULL,1,0,'Ut maiores omnis quod.','Adipisci in mollitia odio quidem.','2016-07-21 23:44:34','2016-07-21 23:44:34'),(307,'Model','Marks-McClure','Fantastic Steel Car','291','Adipisci dolor id sunt nihil alias consequatur.','Quia sed omnis mollitia.',NULL,NULL,2,0,'Qui est repudiandae labore excepturi nisi officia ipsum sit.','Quisquam ut ad enim voluptates similique accusantium iste.','2016-07-20 23:44:34','2016-07-20 23:44:34'),(308,'Model','Treutel-Nitzsche','Rustic Plastic Pants','292','Quo corporis ut voluptatibus.','Sint ea et doloremque.',NULL,NULL,0,0,'Ipsam soluta earum quis reprehenderit doloribus sed sequi.','Est quasi minus saepe.','2016-07-20 23:44:34','2016-07-20 23:44:34'),(309,'Model','Tremblay Group','Gorgeous Steel Car','293','Provident in tenetur ullam odit et sit accusamus.','Sit ex fugiat magnam corrupti eos molestiae animi.',NULL,NULL,0,0,'Rerum saepe et molestiae est.','Dignissimos maxime ex aut.','2016-07-20 23:44:34','2016-07-20 23:44:34'),(310,'Model','Huels-Nienow','Intelligent Wooden Shoes','294','Temporibus suscipit sint veritatis neque enim.','Quisquam fugit quasi saepe rerum nemo nostrum ratione ad.',NULL,NULL,0,0,'Sequi reiciendis ea aut repellat.','Harum ex aliquam vitae iusto laboriosam culpa.','2016-07-20 23:44:34','2016-07-20 23:44:34'),(311,'Model','Reinger-Schowalter','Ergonomic Wooden Computer','295','Molestiae tempora cum qui debitis temporibus nemo et nam.','Adipisci modi quo nulla non.',NULL,NULL,0,0,'Tempora in neque est necessitatibus quod totam aperiam.','Aut totam ut ut dolorem eum officia consequatur voluptates.','2016-07-20 23:44:34','2016-07-20 23:44:34');
/*!40000 ALTER TABLE `models` ENABLE KEYS */;
UNLOCK TABLES;

--
-- Table structure for table `models_compatibles`
--

DROP TABLE IF EXISTS `models_compatibles`;
/*!40101 SET @saved_cs_client     = @@character_set_client */;
/*!40101 SET character_set_client = utf8 */;
CREATE TABLE `models_compatibles` (
  `model_id` int(11) DEFAULT NULL,
  `compatible_id` int(11) DEFAULT NULL,
  KEY `index_models_compatibles_on_compatible_id` (`compatible_id`),
  KEY `index_models_compatibles_on_model_id` (`model_id`),
  CONSTRAINT `models_compatibles_compatible_id_fk` FOREIGN KEY (`compatible_id`) REFERENCES `models` (`id`),
  CONSTRAINT `models_compatibles_model_id_fk` FOREIGN KEY (`model_id`) REFERENCES `models` (`id`)
) ENGINE=InnoDB DEFAULT CHARSET=utf8 COLLATE=utf8_unicode_ci;
/*!40101 SET character_set_client = @saved_cs_client */;

--
-- Dumping data for table `models_compatibles`
--

LOCK TABLES `models_compatibles` WRITE;
/*!40000 ALTER TABLE `models_compatibles` DISABLE KEYS */;
INSERT INTO `models_compatibles` VALUES (15,14),(16,14),(17,14);
/*!40000 ALTER TABLE `models_compatibles` ENABLE KEYS */;
UNLOCK TABLES;

--
-- Table structure for table `notifications`
--

DROP TABLE IF EXISTS `notifications`;
/*!40101 SET @saved_cs_client     = @@character_set_client */;
/*!40101 SET character_set_client = utf8 */;
CREATE TABLE `notifications` (
  `id` int(11) NOT NULL AUTO_INCREMENT,
  `user_id` int(11) DEFAULT NULL,
  `title` varchar(255) COLLATE utf8_unicode_ci DEFAULT '',
  `created_at` datetime NOT NULL,
  PRIMARY KEY (`id`),
  KEY `index_notifications_on_user_id` (`user_id`),
  CONSTRAINT `notifications_user_id_fk` FOREIGN KEY (`user_id`) REFERENCES `users` (`id`) ON DELETE CASCADE
) ENGINE=InnoDB DEFAULT CHARSET=utf8 COLLATE=utf8_unicode_ci;
/*!40101 SET character_set_client = @saved_cs_client */;

--
-- Dumping data for table `notifications`
--

LOCK TABLES `notifications` WRITE;
/*!40000 ALTER TABLE `notifications` DISABLE KEYS */;
/*!40000 ALTER TABLE `notifications` ENABLE KEYS */;
UNLOCK TABLES;

--
-- Table structure for table `numerators`
--

DROP TABLE IF EXISTS `numerators`;
/*!40101 SET @saved_cs_client     = @@character_set_client */;
/*!40101 SET character_set_client = utf8 */;
CREATE TABLE `numerators` (
  `id` int(11) NOT NULL AUTO_INCREMENT,
  `item` int(11) DEFAULT NULL,
  PRIMARY KEY (`id`)
) ENGINE=InnoDB DEFAULT CHARSET=utf8 COLLATE=utf8_unicode_ci;
/*!40101 SET character_set_client = @saved_cs_client */;

--
-- Dumping data for table `numerators`
--

LOCK TABLES `numerators` WRITE;
/*!40000 ALTER TABLE `numerators` DISABLE KEYS */;
/*!40000 ALTER TABLE `numerators` ENABLE KEYS */;
UNLOCK TABLES;

--
-- Table structure for table `options`
--

DROP TABLE IF EXISTS `options`;
/*!40101 SET @saved_cs_client     = @@character_set_client */;
/*!40101 SET character_set_client = utf8 */;
CREATE TABLE `options` (
  `id` int(11) NOT NULL AUTO_INCREMENT,
  `inventory_pool_id` int(11) DEFAULT NULL,
  `inventory_code` varchar(255) COLLATE utf8_unicode_ci DEFAULT NULL,
  `manufacturer` varchar(255) COLLATE utf8_unicode_ci DEFAULT NULL,
  `product` varchar(255) COLLATE utf8_unicode_ci NOT NULL,
  `version` varchar(255) COLLATE utf8_unicode_ci DEFAULT NULL,
  `price` decimal(8,2) DEFAULT NULL,
  PRIMARY KEY (`id`),
  KEY `index_options_on_inventory_pool_id` (`inventory_pool_id`),
  CONSTRAINT `options_inventory_pool_id_fk` FOREIGN KEY (`inventory_pool_id`) REFERENCES `inventory_pools` (`id`)
) ENGINE=InnoDB AUTO_INCREMENT=8 DEFAULT CHARSET=utf8 COLLATE=utf8_unicode_ci;
/*!40101 SET character_set_client = @saved_cs_client */;

--
-- Dumping data for table `options`
--

LOCK TABLES `options` WRITE;
/*!40000 ALTER TABLE `options` DISABLE KEYS */;
INSERT INTO `options` VALUES (1,1,'akku-aa',NULL,'Akku AA','90','1486.00'),(2,1,'akku-aaa',NULL,'Akku AAA','91','1104.00'),(3,1,'usb',NULL,'USB Kabel','92','511.00'),(4,1,'sandsack123',NULL,'Sandsack','93','1120.00'),(5,1,'acc5748',NULL,'Rustic Wooden Shoes','258','210.00'),(6,2,'nih6074',NULL,'Ergonomic Wooden Shirt','261','854.00'),(7,1,'dig8487',NULL,'Ergonomic Wooden Gloves','265','1016.00');
/*!40000 ALTER TABLE `options` ENABLE KEYS */;
UNLOCK TABLES;

--
-- Table structure for table `partitions`
--

DROP TABLE IF EXISTS `partitions`;
/*!40101 SET @saved_cs_client     = @@character_set_client */;
/*!40101 SET character_set_client = utf8 */;
CREATE TABLE `partitions` (
  `id` int(11) NOT NULL AUTO_INCREMENT,
  `model_id` int(11) DEFAULT NULL,
  `inventory_pool_id` int(11) DEFAULT NULL,
  `group_id` int(11) DEFAULT NULL,
  `quantity` int(11) DEFAULT NULL,
  PRIMARY KEY (`id`),
  UNIQUE KEY `index_partitions_on_model_id_and_inventory_pool_id_and_group_id` (`model_id`,`inventory_pool_id`,`group_id`),
  KEY `partitions_group_id_fk` (`group_id`),
  KEY `partitions_inventory_pool_id_fk` (`inventory_pool_id`),
  CONSTRAINT `partitions_model_id_fk` FOREIGN KEY (`model_id`) REFERENCES `models` (`id`) ON DELETE CASCADE,
  CONSTRAINT `partitions_group_id_fk` FOREIGN KEY (`group_id`) REFERENCES `groups` (`id`),
  CONSTRAINT `partitions_inventory_pool_id_fk` FOREIGN KEY (`inventory_pool_id`) REFERENCES `inventory_pools` (`id`)
) ENGINE=InnoDB AUTO_INCREMENT=11 DEFAULT CHARSET=utf8 COLLATE=utf8_unicode_ci;
/*!40101 SET character_set_client = @saved_cs_client */;

--
-- Dumping data for table `partitions`
--

LOCK TABLES `partitions` WRITE;
/*!40000 ALTER TABLE `partitions` DISABLE KEYS */;
INSERT INTO `partitions` VALUES (1,10,1,4,1),(2,8,1,1,1),(3,8,1,2,1),(4,15,1,1,1),(5,16,1,5,1),(6,17,1,6,1),(7,19,1,7,1),(8,21,1,7,1),(9,20,1,8,1),(10,22,1,10,1);
/*!40000 ALTER TABLE `partitions` ENABLE KEYS */;
UNLOCK TABLES;

--
-- Temporary table structure for view `partitions_with_generals`
--

DROP TABLE IF EXISTS `partitions_with_generals`;
/*!50001 DROP VIEW IF EXISTS `partitions_with_generals`*/;
SET @saved_cs_client     = @@character_set_client;
SET character_set_client = utf8;
/*!50001 CREATE TABLE `partitions_with_generals` (
  `model_id` int(11),
  `inventory_pool_id` int(11),
  `group_id` int(11),
  `quantity` decimal(33,0)
) ENGINE=MyISAM */;
SET character_set_client = @saved_cs_client;

--
-- Table structure for table `properties`
--

DROP TABLE IF EXISTS `properties`;
/*!40101 SET @saved_cs_client     = @@character_set_client */;
/*!40101 SET character_set_client = utf8 */;
CREATE TABLE `properties` (
  `id` int(11) NOT NULL AUTO_INCREMENT,
  `model_id` int(11) DEFAULT NULL,
  `key` varchar(255) COLLATE utf8_unicode_ci DEFAULT NULL,
  `value` varchar(255) COLLATE utf8_unicode_ci DEFAULT NULL,
  PRIMARY KEY (`id`),
  KEY `index_properties_on_model_id` (`model_id`),
  CONSTRAINT `properties_model_id_fk` FOREIGN KEY (`model_id`) REFERENCES `models` (`id`) ON DELETE CASCADE
) ENGINE=InnoDB AUTO_INCREMENT=13 DEFAULT CHARSET=utf8 COLLATE=utf8_unicode_ci;
/*!40101 SET character_set_client = @saved_cs_client */;

--
-- Dumping data for table `properties`
--

LOCK TABLES `properties` WRITE;
/*!40000 ALTER TABLE `properties` DISABLE KEYS */;
INSERT INTO `properties` VALUES (1,15,'Rotordurchmesser','120'),(2,15,'Akkus','2'),(3,15,'Farbe','Rot'),(4,16,'Rotordurchmesser','120'),(5,16,'Akkus','2'),(6,16,'Farbe','Rot'),(7,16,'max. Speed','80 kmh'),(8,16,'Gyro','Ja'),(9,16,'Achsen','3-Achsen'),(10,17,'Rotordurchmesser','120'),(11,17,'Akkus','2'),(12,17,'Farbe','Rot');
/*!40000 ALTER TABLE `properties` ENABLE KEYS */;
UNLOCK TABLES;

--
-- Table structure for table `purposes`
--

DROP TABLE IF EXISTS `purposes`;
/*!40101 SET @saved_cs_client     = @@character_set_client */;
/*!40101 SET character_set_client = utf8 */;
CREATE TABLE `purposes` (
  `id` int(11) NOT NULL AUTO_INCREMENT,
  `description` text COLLATE utf8_unicode_ci,
  PRIMARY KEY (`id`)
) ENGINE=InnoDB AUTO_INCREMENT=73 DEFAULT CHARSET=utf8 COLLATE=utf8_unicode_ci;
/*!40101 SET character_set_client = @saved_cs_client */;

--
-- Dumping data for table `purposes`
--

LOCK TABLES `purposes` WRITE;
/*!40000 ALTER TABLE `purposes` DISABLE KEYS */;
INSERT INTO `purposes` VALUES (1,'Bentige ich fr die Aufnahmen meiner Abschlussarbeit.'),(2,'Bentige ich fr die Aufnahmen meiner Abschlussarbeit.'),(3,'Odit reprehenderit laboriosam facilis nihil.'),(4,'Officia sed nobis voluptatum eaque omnis ut voluptas.'),(5,'Quaerat nesciunt fugit ut nemo id ut recusandae.'),(6,'Qui molestiae vitae nesciunt magni rerum.'),(7,'Occaecati cum neque fugiat mollitia.'),(8,'Ersatzstativ fr die Ausstellung.'),(9,'Ersatzstativ fr die Ausstellung.'),(10,'Ersatzstativ fr die Ausstellung.'),(11,'Ersatzstativ fr die Ausstellung.'),(12,'Ersatzstativ fr die Ausstellung.'),(13,'Ersatzstativ fr die Ausstellung.'),(14,'Ersatzstativ fr die Ausstellung.'),(15,'Ersatzstativ fr die Ausstellung.'),(16,'Ersatzstativ fr die Ausstellung.'),(17,'Ersatzstativ fr die Ausstellung.'),(18,'Fr meinen aktuellen Kurs.'),(19,'Fr meinen aktuellen Kurs.'),(20,'Fr meinen aktuellen Kurs.'),(21,'Fr meinen aktuellen Kurs.'),(22,'Quibusdam sunt rerum ut.'),(23,'Commodi ut beatae reprehenderit ratione eum neque.'),(24,'Corporis quisquam perspiciatis aperiam ab consequatur voluptas.'),(25,'Ersatzstativ fr die Ausstellung.'),(26,'Ersatzstativ fr die Ausstellung.'),(27,'Ersatzstativ fr die Ausstellung.'),(28,'Similique maxime dicta nostrum aut eum.'),(29,'Inventore explicabo nemo aspernatur architecto asperiores.'),(30,'Rem quibusdam voluptatem enim omnis.'),(31,'Non quis repudiandae voluptas sunt sint.'),(32,'Exercitationem vitae id cum illum.'),(33,'Cum eligendi natus tenetur.'),(34,'Perspiciatis dolorem aspernatur accusantium.'),(35,'Odit quis nemo possimus amet.'),(36,'Officiis modi sequi minus aut deserunt.'),(37,'Ipsa eos quae explicabo et est tempora commodi.'),(38,'Enim voluptas eum ipsa et.'),(39,'Ersatzstativ fr die Ausstellung.'),(40,'Fr das zweite Austellungswochenende.'),(41,'Fr das zweite Austellungswochenende.'),(42,'Fr das dritte Austellungswochenende.'),(43,'Fr die Abschlussarbeit.'),(44,'Ersatzstativ fr die Ausstellung.'),(45,'Ersatzstativ fr die Ausstellung.'),(46,'Ersatzstativ fr die Ausstellung.'),(47,'Bestellung mit Software'),(48,'Bestellung mit Gegenstand ohne Ort'),(49,'Um meine Abschlussarbeit zu fotografieren.'),(50,'Als Ersatz.'),(51,'In ut dolorem cumque voluptatem iusto soluta.'),(52,'Enim occaecati quia molestias et itaque.'),(53,'Um meine Abschlussarbeit zu fotografieren.'),(54,'Um meine Abschlussarbeit zu fotografieren.'),(55,'Um meine Abschlussarbeit zu fotografieren.'),(56,'Cupiditate accusantium velit natus eos adipisci.'),(57,'Tempora aut incidunt voluptates.'),(58,'Paketausgabe'),(59,'Ersatzstativ fr die Ausstellung.'),(60,'Ersatzstativ fr die Ausstellung.'),(61,'Ganz dringend bentigt fr meine Abschlussarbeit.'),(62,'Um meine Abschlussarbeit zu fotografieren.'),(63,'Um meine Abschlussarbeit zu fotografieren.'),(64,'Fotoshooting (Kurs Fotografie).'),(65,'Brauche ich zwingend fr meinen Kurs.'),(66,'Itaque eum tempore magni aliquam non.'),(67,'Voluptatem quis suscipit mollitia quas quia est animi et.'),(68,'Itaque rerum cum sint.'),(69,'Enim modi quia accusantium aut error.'),(70,'Aspernatur hic ad consequatur molestias omnis.'),(71,'Ersatzstativ fr die Ausstellung.'),(72,'Ersatzstativ fr die Ausstellung.');
/*!40000 ALTER TABLE `purposes` ENABLE KEYS */;
UNLOCK TABLES;

--
-- Table structure for table `schema_migrations`
--

DROP TABLE IF EXISTS `schema_migrations`;
/*!40101 SET @saved_cs_client     = @@character_set_client */;
/*!40101 SET character_set_client = utf8 */;
CREATE TABLE `schema_migrations` (
  `version` varchar(255) COLLATE utf8_unicode_ci NOT NULL,
  UNIQUE KEY `unique_schema_migrations` (`version`)
) ENGINE=InnoDB DEFAULT CHARSET=utf8 COLLATE=utf8_unicode_ci;
/*!40101 SET character_set_client = @saved_cs_client */;

--
-- Dumping data for table `schema_migrations`
--

LOCK TABLES `schema_migrations` WRITE;
/*!40000 ALTER TABLE `schema_migrations` DISABLE KEYS */;
INSERT INTO `schema_migrations` VALUES ('20140410180000'),('20140414100000'),('20140415083535'),('20140417113831'),('20140428092844'),('20140515131025'),('20140812132326'),('20140820100242'),('20140828082448'),('20140901141016'),('20140903105715'),('20140905091014'),('20141110113231'),('20141212132127'),('20150113215946'),('20150127203913');
/*!40000 ALTER TABLE `schema_migrations` ENABLE KEYS */;
UNLOCK TABLES;

--
-- Table structure for table `settings`
--

DROP TABLE IF EXISTS `settings`;
/*!40101 SET @saved_cs_client     = @@character_set_client */;
/*!40101 SET character_set_client = utf8 */;
CREATE TABLE `settings` (
  `id` int(11) NOT NULL AUTO_INCREMENT,
  `smtp_address` varchar(255) COLLATE utf8_unicode_ci DEFAULT NULL,
  `smtp_port` int(11) DEFAULT NULL,
  `smtp_domain` varchar(255) COLLATE utf8_unicode_ci DEFAULT NULL,
  `local_currency_string` varchar(255) COLLATE utf8_unicode_ci DEFAULT NULL,
  `contract_terms` text COLLATE utf8_unicode_ci,
  `contract_lending_party_string` text COLLATE utf8_unicode_ci,
  `email_signature` varchar(255) COLLATE utf8_unicode_ci DEFAULT NULL,
  `default_email` varchar(255) COLLATE utf8_unicode_ci DEFAULT NULL,
  `deliver_order_notifications` tinyint(1) DEFAULT NULL,
  `user_image_url` varchar(255) COLLATE utf8_unicode_ci DEFAULT NULL,
  `ldap_config` varchar(255) COLLATE utf8_unicode_ci DEFAULT NULL,
  `logo_url` varchar(255) COLLATE utf8_unicode_ci DEFAULT NULL,
  `mail_delivery_method` varchar(255) COLLATE utf8_unicode_ci DEFAULT NULL,
  `smtp_username` varchar(255) COLLATE utf8_unicode_ci DEFAULT NULL,
  `smtp_password` varchar(255) COLLATE utf8_unicode_ci DEFAULT NULL,
  `smtp_enable_starttls_auto` tinyint(1) NOT NULL DEFAULT '0',
  `smtp_openssl_verify_mode` varchar(255) COLLATE utf8_unicode_ci NOT NULL DEFAULT 'none',
  `time_zone` varchar(255) COLLATE utf8_unicode_ci NOT NULL DEFAULT 'Bern',
  `disable_manage_section` tinyint(1) NOT NULL DEFAULT '0',
  `disable_manage_section_message` text COLLATE utf8_unicode_ci,
  `disable_borrow_section` tinyint(1) NOT NULL DEFAULT '0',
  `disable_borrow_section_message` text COLLATE utf8_unicode_ci,
  `text` text COLLATE utf8_unicode_ci,
  PRIMARY KEY (`id`)
) ENGINE=InnoDB AUTO_INCREMENT=2 DEFAULT CHARSET=utf8 COLLATE=utf8_unicode_ci;
/*!40101 SET character_set_client = @saved_cs_client */;

--
-- Dumping data for table `settings`
--

LOCK TABLES `settings` WRITE;
/*!40000 ALTER TABLE `settings` DISABLE KEYS */;
INSERT INTO `settings` VALUES (1,'smtp.zhdk.ch',25,'beta.ausleihe.zhdk.ch','CHF','Die Benutzerin/der Benutzer ist bei unsachgemsser Handhabung oder Verlust schadenersatzpflichtig. Sie/Er verpflichtet sich, das Material sorgfltig zu behandeln und gereinigt zu retournieren. Bei mangelbehafteter oder verspteter Rckgabe kann eine Ausleihsperre (bis zu 6 Monaten) verhngt werden. Das geliehene Material bleibt jederzeit uneingeschrnktes Eigentum der Zrcher Hochschule der Knste und darf ausschliesslich fr schulische Zwecke eingesetzt werden. Mit ihrer/seiner Unterschrift akzeptiert die Benutzerin/der Benutzer diese Bedingungen sowie die \'Richtlinie zur Ausleihe von Sachen\' der ZHdK und etwaige abteilungsspezifische Ausleih-Richtlinien.','Your\nAddress\nHere','Das PZ-leihs Team','sender@example.com',0,'http://www.zhdk.ch/?person/foto&width=100&compressionlevel=0&id={:id}',NULL,'/assets/image-logo-zhdk.png','test',NULL,NULL,0,'none','Bern',0,NULL,0,NULL,NULL);
/*!40000 ALTER TABLE `settings` ENABLE KEYS */;
UNLOCK TABLES;

--
-- Table structure for table `suppliers`
--

DROP TABLE IF EXISTS `suppliers`;
/*!40101 SET @saved_cs_client     = @@character_set_client */;
/*!40101 SET character_set_client = utf8 */;
CREATE TABLE `suppliers` (
  `id` int(11) NOT NULL AUTO_INCREMENT,
  `name` varchar(255) COLLATE utf8_unicode_ci NOT NULL,
  `created_at` datetime DEFAULT NULL,
  `updated_at` datetime DEFAULT NULL,
  PRIMARY KEY (`id`),
  UNIQUE KEY `index_suppliers_on_name` (`name`)
) ENGINE=InnoDB AUTO_INCREMENT=296 DEFAULT CHARSET=utf8 COLLATE=utf8_unicode_ci;
/*!40101 SET character_set_client = @saved_cs_client */;

--
-- Dumping data for table `suppliers`
--

LOCK TABLES `suppliers` WRITE;
/*!40000 ALTER TABLE `suppliers` DISABLE KEYS */;
INSERT INTO `suppliers` VALUES (1,'estetnihilsint','2016-07-26 23:44:34','2016-07-26 23:44:34'),(2,'liberosintnequeeaquesaepe','2016-07-26 23:44:34','2016-07-26 23:44:34'),(3,'sedutomniseum','2016-07-26 23:44:34','2016-07-26 23:44:34'),(4,'suntnumquamquamexquia','2016-07-26 23:44:34','2016-07-26 23:44:34'),(5,'quiametporronobis','2016-07-26 23:44:34','2016-07-26 23:44:34'),(6,'sedsuntsedadipisci','2016-07-26 23:44:34','2016-07-26 23:44:34'),(7,'utrepudiandaeveniamvoluptateaspernatur','2016-07-26 23:44:34','2016-07-26 23:44:34'),(8,'rerumsintlaboredolores','2016-07-26 23:44:34','2016-07-26 23:44:34'),(9,'similiqueliberoeosincidunt','2016-07-26 23:44:34','2016-07-26 23:44:34'),(10,'officiaabnesciunt','2016-07-26 23:44:34','2016-07-26 23:44:34'),(11,'eossitomnis','2016-07-26 23:44:34','2016-07-26 23:44:34'),(12,'distinctioevenietincidunt','2016-07-26 23:44:34','2016-07-26 23:44:34'),(13,'nesciuntsequi','2016-07-26 23:44:34','2016-07-26 23:44:34'),(14,'delenitieligendialiquamconsequatur','2016-07-26 23:44:34','2016-07-26 23:44:34'),(15,'autmagnimolestiaeprovident','2016-07-26 23:44:34','2016-07-26 23:44:34'),(16,'assumendaeosadipiscifacerearchitecto','2016-07-26 23:44:34','2016-07-26 23:44:34'),(17,'omnismolestiaeutperferendis','2016-07-26 23:44:34','2016-07-26 23:44:34'),(18,'voluptatescorruptiducimusquasi','2016-07-26 23:44:34','2016-07-26 23:44:34'),(19,'blanditiisconsequaturin','2016-07-26 23:44:34','2016-07-26 23:44:34'),(20,'autrecusandaedolore','2016-07-26 23:44:34','2016-07-26 23:44:34'),(21,'animieaqueet','2016-07-26 23:44:34','2016-07-26 23:44:34'),(22,'atestdebitisnamenim','2016-07-26 23:44:34','2016-07-26 23:44:34'),(23,'eadelenitimodiipsa','2016-07-26 23:44:34','2016-07-26 23:44:34'),(24,'suntutvoluptatemautem','2016-07-26 23:44:34','2016-07-26 23:44:34'),(25,'utillumidvelitest','2016-07-26 23:44:34','2016-07-26 23:44:34'),(26,'nonquamnihilquofacilis','2016-07-26 23:44:34','2016-07-26 23:44:34'),(27,'assumendaenim','2016-07-26 23:44:34','2016-07-26 23:44:34'),(28,'utquocum','2016-07-26 23:44:34','2016-07-26 23:44:34'),(29,'etrecusandae','2016-07-26 23:44:34','2016-07-26 23:44:34'),(30,'mollitiaenim','2016-07-26 23:44:34','2016-07-26 23:44:34'),(31,'etquiasedvel','2016-07-26 23:44:34','2016-07-26 23:44:34'),(32,'nesciuntsit','2016-07-26 23:44:34','2016-07-26 23:44:34'),(33,'autemquaevoluptatemiure','2016-07-26 23:44:34','2016-07-26 23:44:34'),(34,'eaquaevelquiomnis','2016-07-26 23:44:34','2016-07-26 23:44:34'),(35,'voluptasvoluptatibus','2016-07-26 23:44:34','2016-07-26 23:44:34'),(36,'nihilevenietautet','2016-07-26 23:44:34','2016-07-26 23:44:34'),(37,'voluptasad','2016-07-26 23:44:34','2016-07-26 23:44:34'),(38,'nonquiaautemducimusasperiores','2016-07-26 23:44:34','2016-07-26 23:44:34'),(39,'ducimuset','2016-07-26 23:44:34','2016-07-26 23:44:34'),(40,'rematexpeditatemporibusqui','2016-07-26 23:44:34','2016-07-26 23:44:34'),(41,'etprovidentut','2016-07-26 23:44:34','2016-07-26 23:44:34'),(42,'doloraperiam','2016-07-26 23:44:34','2016-07-26 23:44:34'),(43,'omnisasperiorescorporisdoloremquos','2016-07-26 23:44:34','2016-07-26 23:44:34'),(44,'voluptatemnam','2016-07-26 23:44:34','2016-07-26 23:44:34'),(45,'quasnon','2016-07-26 23:44:34','2016-07-26 23:44:34'),(46,'magnamistererum','2016-07-26 23:44:34','2016-07-26 23:44:34'),(47,'suntrerumquidemaut','2016-07-26 23:44:34','2016-07-26 23:44:34'),(48,'consequaturundesed','2016-07-26 23:44:34','2016-07-26 23:44:34'),(49,'etexrepellatquos','2016-07-26 23:44:34','2016-07-26 23:44:34'),(50,'pariaturilloet','2016-07-26 23:44:34','2016-07-26 23:44:34'),(51,'cumquedoloremvoluptatemsitquasi','2016-07-26 23:44:34','2016-07-26 23:44:34'),(52,'consecteturliberoeteos','2016-07-26 23:44:34','2016-07-26 23:44:34'),(53,'nesciuntquoipsa','2016-07-26 23:44:34','2016-07-26 23:44:34'),(54,'etdignissimoslabore','2016-07-26 23:44:34','2016-07-26 23:44:34'),(55,'veletestet','2016-07-26 23:44:34','2016-07-26 23:44:34'),(56,'earumvitaequisinciduntrecusandae','2016-07-26 23:44:34','2016-07-26 23:44:34'),(57,'aspernaturnihilconsequunturest','2016-07-26 23:44:34','2016-07-26 23:44:34'),(58,'culpablanditiisqui','2016-07-26 23:44:34','2016-07-26 23:44:34'),(59,'rerumeius','2016-07-26 23:44:34','2016-07-26 23:44:34'),(60,'accusantiumconsequaturenimrerumcorporis','2016-07-26 23:44:34','2016-07-26 23:44:34'),(61,'nihiladanimiut','2016-07-26 23:44:34','2016-07-26 23:44:34'),(62,'beataemodi','2016-07-26 23:44:34','2016-07-26 23:44:34'),(63,'numquamquiadipisciut','2016-07-26 23:44:34','2016-07-26 23:44:34'),(64,'estsaepenumquamquam','2016-07-26 23:44:34','2016-07-26 23:44:34'),(65,'explicabosedlaboriosam','2016-07-26 23:44:34','2016-07-26 23:44:34'),(66,'officiisnobis','2016-07-26 23:44:34','2016-07-26 23:44:34'),(67,'providentmaxime','2016-07-26 23:44:34','2016-07-26 23:44:34'),(68,'voluptateconsequaturveniamidin','2016-07-26 23:44:34','2016-07-26 23:44:34'),(69,'expeditaestetpraesentiumaliquid','2016-07-26 23:44:34','2016-07-26 23:44:34'),(70,'porroqui','2016-07-26 23:44:34','2016-07-26 23:44:34'),(71,'occaecatiut','2016-07-26 23:44:34','2016-07-26 23:44:34'),(72,'necessitatibusestdolormagnioptio','2016-07-26 23:44:34','2016-07-26 23:44:34'),(73,'dictasolutamagnidebitis','2016-07-26 23:44:34','2016-07-26 23:44:34'),(74,'utetquiaex','2016-07-26 23:44:34','2016-07-26 23:44:34'),(75,'etautomnis','2016-07-26 23:44:34','2016-07-26 23:44:34'),(76,'illumvero','2016-07-26 23:44:34','2016-07-26 23:44:34'),(77,'sedquossequiipsanumquam','2016-07-26 23:44:34','2016-07-26 23:44:34'),(78,'quiaexcepturiabutdolores','2016-07-26 23:44:34','2016-07-26 23:44:34'),(79,'nihildolorumutreiciendissimilique','2016-07-26 23:44:34','2016-07-26 23:44:34'),(80,'quamsuntsapientenonet','2016-07-26 23:44:34','2016-07-26 23:44:34'),(81,'quasbeataequisipsamtemporibus','2016-07-26 23:44:34','2016-07-26 23:44:34'),(82,'voluptateametin','2016-07-26 23:44:34','2016-07-26 23:44:34'),(83,'liberoet','2016-07-26 23:44:34','2016-07-26 23:44:34'),(84,'natusquisquam','2016-07-26 23:44:34','2016-07-26 23:44:34'),(85,'sedblanditiisealibero','2016-07-26 23:44:34','2016-07-26 23:44:34'),(86,'dictaesteavoluptatibus','2016-07-26 23:44:34','2016-07-26 23:44:34'),(87,'magniliberoetfugit','2016-07-26 23:44:34','2016-07-26 23:44:34'),(88,'consequaturvoluptate','2016-07-26 23:44:34','2016-07-26 23:44:34'),(89,'abtemporamollitiarepudiandaeet','2016-07-26 23:44:34','2016-07-26 23:44:34'),(90,'dolorautemfuga','2016-07-26 23:44:34','2016-07-26 23:44:34'),(91,'dignissimosmaioresea','2016-07-26 23:44:34','2016-07-26 23:44:34'),(92,'possimusrecusandaeipsam','2016-07-26 23:44:34','2016-07-26 23:44:34'),(93,'consequatursequiatque','2016-07-26 23:44:34','2016-07-26 23:44:34'),(94,'sedreprehenderitquibusdam','2016-07-26 23:44:34','2016-07-26 23:44:34'),(95,'omnisquisrationecumque','2016-07-26 23:44:34','2016-07-26 23:44:34'),(96,'idlaborum','2016-07-26 23:44:34','2016-07-26 23:44:34'),(97,'omnisnisi','2016-07-26 23:44:34','2016-07-26 23:44:34'),(98,'sedeosaliquidvoluptatumsed','2016-07-26 23:44:34','2016-07-26 23:44:34'),(99,'teneturautlaborum','2016-07-26 23:44:34','2016-07-26 23:44:34'),(100,'sapientesitea','2016-07-26 23:44:34','2016-07-26 23:44:34'),(101,'etearumconsequaturrecusandae','2016-07-26 23:44:34','2016-07-26 23:44:34'),(102,'cumdistinctioconsectetur','2016-07-26 23:44:34','2016-07-26 23:44:34'),(103,'autexpeditanonquis','2016-07-26 23:44:34','2016-07-26 23:44:34'),(104,'quasinequeamet','2016-07-26 23:44:34','2016-07-26 23:44:34'),(105,'consequatursuntdignissimosrepellat','2016-07-26 23:44:34','2016-07-26 23:44:34'),(106,'consequaturvelitdictainventoresimilique','2016-07-26 23:44:34','2016-07-26 23:44:34'),(107,'laboreest','2016-07-26 23:44:34','2016-07-26 23:44:34'),(108,'deseruntpossimusvoluptatem','2016-07-26 23:44:34','2016-07-26 23:44:34'),(109,'involuptatem','2016-07-26 23:44:34','2016-07-26 23:44:34'),(110,'expeditautremauteveniet','2016-07-26 23:44:34','2016-07-26 23:44:34'),(111,'autdictaculpa','2016-07-26 23:44:34','2016-07-26 23:44:34'),(112,'undevoluptasaliquamdolorum','2016-07-26 23:44:34','2016-07-26 23:44:34'),(113,'rationedolornequequia','2016-07-26 23:44:34','2016-07-26 23:44:34'),(114,'consecteturabeosdoloribusasperiores','2016-07-26 23:44:34','2016-07-26 23:44:34'),(115,'quoetconsequunturquidolores','2016-07-26 23:44:34','2016-07-26 23:44:34'),(116,'ipsumliberocumaut','2016-07-26 23:44:34','2016-07-26 23:44:34'),(117,'estsintquisquameos','2016-07-26 23:44:34','2016-07-26 23:44:34'),(118,'temporeindictaquidemexcepturi','2016-07-26 23:44:34','2016-07-26 23:44:34'),(119,'commodiipsumnullaquaerat','2016-07-26 23:44:34','2016-07-26 23:44:34'),(120,'omnisdoloribusvoluptatibusquiasequi','2016-07-26 23:44:34','2016-07-26 23:44:34'),(121,'ipsumeiusrerum','2016-07-26 23:44:34','2016-07-26 23:44:34'),(122,'doloribusillumvoluptatemquod','2016-07-26 23:44:34','2016-07-26 23:44:34'),(123,'etdolorerepudiandaesintsit','2016-07-26 23:44:34','2016-07-26 23:44:34'),(124,'rerumnequeetmolestiaecumque','2016-07-26 23:44:34','2016-07-26 23:44:34'),(125,'utatqueutvelit','2016-07-26 23:44:34','2016-07-26 23:44:34'),(126,'maximereiciendisquisanimi','2016-07-26 23:44:34','2016-07-26 23:44:34'),(127,'cumqueveritatisearum','2016-07-26 23:44:34','2016-07-26 23:44:34'),(128,'sitautanimi','2016-07-26 23:44:34','2016-07-26 23:44:34'),(129,'nequeplaceateumtempora','2016-07-26 23:44:34','2016-07-26 23:44:34'),(130,'sitperspiciatisdignissimosdoloribus','2016-07-26 23:44:34','2016-07-26 23:44:34'),(131,'voluptasetquiquisquam','2016-07-26 23:44:34','2016-07-26 23:44:34'),(132,'ducimusvoluptatem','2016-07-26 23:44:34','2016-07-26 23:44:34'),(133,'omniscorruptipossimusquibusdamin','2016-07-26 23:44:34','2016-07-26 23:44:34'),(134,'quiquisit','2016-07-26 23:44:34','2016-07-26 23:44:34'),(135,'omniset','2016-07-26 23:44:34','2016-07-26 23:44:34'),(136,'solutadoloresqui','2016-07-26 23:44:34','2016-07-26 23:44:34'),(137,'autlaboriosamsimiliqueminima','2016-07-26 23:44:34','2016-07-26 23:44:34'),(138,'autliberoexplicaboiustoeos','2016-07-26 23:44:34','2016-07-26 23:44:34'),(139,'autemoccaecatiuta','2016-07-26 23:44:34','2016-07-26 23:44:34'),(140,'providenteligendiipsam','2016-07-26 23:44:34','2016-07-26 23:44:34'),(141,'quinatusidnemoquo','2016-07-26 23:44:34','2016-07-26 23:44:34'),(142,'nemosuscipitvoluptate','2016-07-26 23:44:34','2016-07-26 23:44:34'),(143,'iustoconsequaturliberomolestiaepariatur','2016-07-26 23:44:34','2016-07-26 23:44:34'),(144,'estdoloremconsequatur','2016-07-26 23:44:34','2016-07-26 23:44:34'),(145,'eaqueestsimiliqueaccusantium','2016-07-26 23:44:34','2016-07-26 23:44:34'),(146,'aliquamnequequosoptioodit','2016-07-26 23:44:34','2016-07-26 23:44:34'),(147,'earumvelhicquibusdam','2016-07-26 23:44:34','2016-07-26 23:44:34'),(148,'fugitatremrerumconsectetur','2016-07-26 23:44:34','2016-07-26 23:44:34'),(149,'maximeiureharumidrepellat','2016-07-26 23:44:34','2016-07-26 23:44:34'),(150,'quononquibusdametarchitecto','2016-07-26 23:44:34','2016-07-26 23:44:34'),(151,'impeditquosnon','2016-07-26 23:44:34','2016-07-26 23:44:34'),(152,'autemreiciendisanimieaque','2016-07-26 23:44:34','2016-07-26 23:44:34'),(153,'explicaboaccusantium','2016-07-26 23:44:34','2016-07-26 23:44:34'),(154,'underepellendussedquia','2016-07-26 23:44:34','2016-07-26 23:44:34'),(155,'nihilcorporisblanditiistotamratione','2016-07-26 23:44:34','2016-07-26 23:44:34'),(156,'autautemlaborebeataeofficia','2016-07-26 23:44:34','2016-07-26 23:44:34'),(157,'quiaautmaioresquiarem','2016-07-26 23:44:34','2016-07-26 23:44:34'),(158,'temporibusevenietperspiciatisquisquam','2016-07-26 23:44:34','2016-07-26 23:44:34'),(159,'quasutipsaimpeditdolores','2016-07-26 23:44:34','2016-07-26 23:44:34'),(160,'molestiaeest','2016-07-26 23:44:34','2016-07-26 23:44:34'),(161,'odioaccusamusundevelaut','2016-07-26 23:44:34','2016-07-26 23:44:34'),(162,'corruptimollitiaeanulla','2016-07-26 23:44:34','2016-07-26 23:44:34'),(163,'quiminimamollitia','2016-07-26 23:44:34','2016-07-26 23:44:34'),(164,'utvoluptatemet','2016-07-26 23:44:34','2016-07-26 23:44:34'),(165,'aliquamin','2016-07-26 23:44:34','2016-07-26 23:44:34'),(166,'easuntimpeditutqui','2016-07-26 23:44:34','2016-07-26 23:44:34'),(167,'aspernaturinventore','2016-07-26 23:44:34','2016-07-26 23:44:34'),(168,'quiaexpeditaestanimidelectus','2016-07-26 23:44:34','2016-07-26 23:44:34'),(169,'quisadipiscisunt','2016-07-26 23:44:34','2016-07-26 23:44:34'),(170,'maximesed','2016-07-26 23:44:34','2016-07-26 23:44:34'),(171,'consequaturrepellendus','2016-07-26 23:44:34','2016-07-26 23:44:34'),(172,'sitsedinventoreaaut','2016-07-26 23:44:34','2016-07-26 23:44:34'),(173,'eaautemetin','2016-07-26 23:44:34','2016-07-26 23:44:34'),(174,'accusantiumquis','2016-07-26 23:44:34','2016-07-26 23:44:34'),(175,'eospossimusrerumsedest','2016-07-26 23:44:34','2016-07-26 23:44:34'),(176,'infacereveronamest','2016-07-26 23:44:34','2016-07-26 23:44:34'),(177,'autcommodirepellendus','2016-07-26 23:44:34','2016-07-26 23:44:34'),(178,'doloremeosfugiat','2016-07-26 23:44:34','2016-07-26 23:44:34'),(179,'tenetursolutavitaeestipsum','2016-07-26 23:44:34','2016-07-26 23:44:34'),(180,'exercitationemaspernaturquo','2016-07-26 23:44:34','2016-07-26 23:44:34'),(181,'evenietatvoluptatemnesciuntrepellat','2016-07-26 23:44:34','2016-07-26 23:44:34'),(182,'sedteneturquiquodut','2016-07-26 23:44:34','2016-07-26 23:44:34'),(183,'idsimilique','2016-07-24 23:44:34','2016-07-24 23:44:34'),(184,'molestiaeestsedtempora','2016-07-24 23:44:34','2016-07-24 23:44:34'),(185,'minusetestquidem','2016-07-24 23:44:34','2016-07-24 23:44:34'),(186,'voluptatemqui','2016-07-24 23:44:34','2016-07-24 23:44:34'),(187,'autveritatismaximepossimussint','2016-07-24 23:44:34','2016-07-24 23:44:34'),(188,'quosedut','2016-07-26 23:44:34','2016-07-26 23:44:34'),(189,'eosdoloresvoluptatemmollitiaet','2016-07-26 23:44:34','2016-07-26 23:44:34'),(190,'nihilestsimiliqueconsectetur','2016-07-26 23:44:34','2016-07-26 23:44:34'),(191,'sitmaxime','2016-07-26 23:44:34','2016-07-26 23:44:34'),(192,'facereiusto','2016-07-26 23:44:34','2016-07-26 23:44:34'),(193,'aliquamsaepeest','2016-07-26 23:44:34','2016-07-26 23:44:34'),(194,'pariaturrepudiandae','2016-07-26 23:44:34','2016-07-26 23:44:34'),(195,'rationeautemexestquia','2016-07-26 23:44:34','2016-07-26 23:44:34'),(196,'voluptatemvoluptatesrecusandaequi','2016-07-26 23:44:34','2016-07-26 23:44:34'),(197,'doloribusmodisedsitinventore','2016-07-26 23:44:34','2016-07-26 23:44:34'),(198,'autquaeratquam','2016-07-26 23:44:34','2016-07-26 23:44:34'),(199,'eaitaque','2016-07-26 23:44:34','2016-07-26 23:44:34'),(200,'estet','2016-07-26 23:44:34','2016-07-26 23:44:34'),(201,'fugavoluptatem','2016-07-26 23:44:34','2016-07-26 23:44:34'),(202,'laborumetaut','2016-07-26 23:44:34','2016-07-26 23:44:34'),(203,'aspernaturmagnamet','2016-07-26 23:44:34','2016-07-26 23:44:34'),(204,'veniamanimiperspiciatiscommoditemporibus','2016-07-26 23:44:34','2016-07-26 23:44:34'),(205,'laboreetteneturvelit','2016-07-26 23:44:34','2016-07-26 23:44:34'),(206,'abipsamestcupiditate','2016-07-25 23:44:34','2016-07-25 23:44:34'),(207,'minussednatusnondeserunt','2016-07-25 23:44:34','2016-07-25 23:44:34'),(208,'rerumquiasaepe','2016-07-25 23:44:34','2016-07-25 23:44:34'),(209,'faciliset','2016-07-25 23:44:34','2016-07-25 23:44:34'),(210,'velquiminima','2016-07-25 23:44:34','2016-07-25 23:44:34'),(211,'quaeratvoluptatem','2016-07-25 23:44:34','2016-07-25 23:44:34'),(212,'sintculpaistevelitid','2016-07-25 23:44:34','2016-07-25 23:44:34'),(213,'asperioresomnis','2016-07-25 23:44:34','2016-07-25 23:44:34'),(214,'quosutdoloremplaceat','2016-07-26 23:44:34','2016-07-26 23:44:34'),(215,'eosnulla','2016-07-26 23:44:34','2016-07-26 23:44:34'),(216,'rerumutaut','2016-07-26 23:44:34','2016-07-26 23:44:34'),(217,'voluptateslaboriosamquifacerereprehenderit','2016-07-26 23:44:34','2016-07-26 23:44:34'),(218,'autemfacerelaudantium','2016-07-26 23:44:34','2016-07-26 23:44:34'),(219,'odioporrosedamet','2016-07-26 23:44:34','2016-07-26 23:44:34'),(220,'enimquinamex','2016-07-26 23:44:34','2016-07-26 23:44:34'),(221,'exercitationemnihilmolestiasminima','2016-07-26 23:44:34','2016-07-26 23:44:34'),(222,'etdebitiseumdoloresmaiores','2016-07-26 23:44:34','2016-07-26 23:44:34'),(223,'remquia','2016-07-26 23:44:34','2016-07-26 23:44:34'),(224,'aliquamsedeos','2016-07-26 23:44:34','2016-07-26 23:44:34'),(225,'eostemporaminimaquasieveniet','2016-07-26 23:44:34','2016-07-26 23:44:34'),(226,'voluptatumadipiscinisi','2016-07-26 23:44:34','2016-07-26 23:44:34'),(227,'enimnostrumet','2016-07-26 23:44:34','2016-07-26 23:44:34'),(228,'repudiandaeaccusamussitipsa','2016-07-26 23:44:34','2016-07-26 23:44:34'),(229,'sedetquivelit','2016-07-26 23:44:34','2016-07-26 23:44:34'),(230,'consequaturesse','2016-07-26 23:44:34','2016-07-26 23:44:34'),(231,'accusamusexercitationem','2016-07-26 23:44:34','2016-07-26 23:44:34'),(232,'autodiosequialiquid','2016-07-26 23:44:34','2016-07-26 23:44:34'),(233,'modiconsequaturquassaepe','2016-07-26 23:44:34','2016-07-26 23:44:34'),(234,'facilisautquiquieveniet','2016-07-26 23:44:34','2016-07-26 23:44:34'),(235,'doloribusquaeexsitnobis','2016-07-26 23:44:34','2016-07-26 23:44:34'),(236,'suntquosfacere','2016-07-26 23:44:34','2016-07-26 23:44:34'),(237,'itaqueeosnonat','2016-07-26 23:44:34','2016-07-26 23:44:34'),(238,'accusamusqui','2016-07-26 23:44:34','2016-07-26 23:44:34'),(239,'estqui','2016-07-26 23:44:34','2016-07-26 23:44:34'),(240,'eaqueeosoccaecatiut','2016-07-26 23:44:34','2016-07-26 23:44:34'),(241,'accusantiumfacereisteaccusamus','2016-07-26 23:44:34','2016-07-26 23:44:34'),(242,'consecteturrepellatsitvoluptatemalias','2016-07-26 23:44:34','2016-07-26 23:44:34'),(243,'nihilrepellendusofficiavitaeet','2016-07-26 23:44:34','2016-07-26 23:44:34'),(244,'similiquequasetrepellenduset','2016-07-26 23:44:34','2016-07-26 23:44:34'),(245,'velitreprehenderitperferendisatque','2016-07-26 23:44:34','2016-07-26 23:44:34'),(246,'nostrumlaborumsint','2016-07-26 23:44:34','2016-07-26 23:44:34'),(247,'quamutreprehenderitrepellat','2016-07-26 23:44:34','2016-07-26 23:44:34'),(248,'etevenietquis','2016-07-26 23:44:34','2016-07-26 23:44:34'),(249,'quiillum','2016-07-26 23:44:34','2016-07-26 23:44:34'),(250,'quiavelnullavoluptaset','2016-07-26 23:44:34','2016-07-26 23:44:34'),(251,'doloribusdignissimosomnisqui','2016-07-26 23:44:34','2016-07-26 23:44:34'),(252,'odioipsam','2016-07-26 23:44:34','2016-07-26 23:44:34'),(253,'laborumveniam','2016-07-26 23:44:34','2016-07-26 23:44:34'),(254,'nesciuntnondicta','2016-07-26 23:44:34','2016-07-26 23:44:34'),(255,'laborumutillum','2016-07-26 23:44:34','2016-07-26 23:44:34'),(256,'laborumdebitiset','2016-07-26 23:44:34','2016-07-26 23:44:34'),(257,'magnamminimavoluptatemdignissimoset','2016-07-26 23:44:34','2016-07-26 23:44:34'),(258,'illumeosnam','2016-07-24 23:44:34','2016-07-24 23:44:34'),(259,'itaqueratione','2016-07-24 23:44:34','2016-07-24 23:44:34'),(260,'namdeseruntducimus','2016-07-24 23:44:34','2016-07-24 23:44:34'),(261,'estquia','2016-07-24 23:44:34','2016-07-24 23:44:34'),(262,'voluptatemutet','2016-07-26 23:44:34','2016-07-26 23:44:34'),(263,'voluptatemintempora','2016-07-21 23:44:34','2016-07-21 23:44:34'),(264,'adipisciminima','2016-07-26 23:44:34','2016-07-26 23:44:34'),(265,'mollitialaudantium','2016-07-26 23:44:34','2016-07-26 23:44:34'),(266,'illumaliasrepellatsaepe','2016-07-26 23:44:34','2016-07-26 23:44:34'),(267,'quitemporibus','2016-07-26 23:44:34','2016-07-26 23:44:34'),(268,'errorillum','2016-07-26 23:44:34','2016-07-26 23:44:34'),(269,'eapossimusquae','2016-07-26 23:44:34','2016-07-26 23:44:34'),(270,'temporaasperioresquiconsequaturlaborum','2016-07-26 23:44:34','2016-07-26 23:44:34'),(271,'etconsequatursint','2016-07-26 23:44:34','2016-07-26 23:44:34'),(272,'utquis','2016-07-26 23:44:34','2016-07-26 23:44:34'),(273,'evenietisteabsit','2016-07-26 23:44:34','2016-07-26 23:44:34'),(274,'perspiciatisdoloresfacilisquovelit','2016-07-26 23:44:34','2016-07-26 23:44:34'),(275,'beataeveniamquia','2016-07-26 23:44:34','2016-07-26 23:44:34'),(276,'voluptasvoluptatem','2016-07-26 23:44:34','2016-07-26 23:44:34'),(277,'quamanimiidadsimilique','2016-07-26 23:44:34','2016-07-26 23:44:34'),(278,'ipsumet','2016-07-26 23:44:34','2016-07-26 23:44:34'),(279,'cupiditatepraesentiumillotempore','2016-07-26 23:44:34','2016-07-26 23:44:34'),(280,'doloriste','2016-07-26 23:44:34','2016-07-26 23:44:34'),(281,'etoditnesciuntquiatempore','2016-07-26 23:44:34','2016-07-26 23:44:34'),(282,'quimaxime','2016-07-26 23:44:34','2016-07-26 23:44:34'),(283,'fuganisiperspiciatisquasi','2016-07-26 23:44:34','2016-07-26 23:44:34'),(284,'estdolorumametvelit','2016-07-26 23:44:34','2016-07-26 23:44:34'),(285,'omnismollitianonverodeleniti','2016-07-26 23:44:34','2016-07-26 23:44:34'),(286,'facereatdoloreporro','2016-07-26 23:44:34','2016-07-26 23:44:34'),(287,'verofugit','2016-07-21 23:44:34','2016-07-21 23:44:34'),(288,'voluptatesnatusautvoluptas','2016-07-21 23:44:34','2016-07-21 23:44:34'),(289,'quiaperferendisullamillumincidunt','2016-07-21 23:44:34','2016-07-21 23:44:34'),(290,'abipsumducimus','2016-07-21 23:44:34','2016-07-21 23:44:34'),(291,'quiquiafugavoluptatem','2016-07-20 23:44:34','2016-07-20 23:44:34'),(292,'eosutut','2016-07-20 23:44:34','2016-07-20 23:44:34'),(293,'liberotemporibus','2016-07-20 23:44:34','2016-07-20 23:44:34'),(294,'utrepellatillo','2016-07-20 23:44:34','2016-07-20 23:44:34'),(295,'exercitationemnon','2016-07-20 23:44:34','2016-07-20 23:44:34');
/*!40000 ALTER TABLE `suppliers` ENABLE KEYS */;
UNLOCK TABLES;

--
-- Table structure for table `users`
--

DROP TABLE IF EXISTS `users`;
/*!40101 SET @saved_cs_client     = @@character_set_client */;
/*!40101 SET character_set_client = utf8 */;
CREATE TABLE `users` (
  `id` int(11) NOT NULL AUTO_INCREMENT,
  `login` varchar(255) COLLATE utf8_unicode_ci DEFAULT NULL,
  `firstname` varchar(255) COLLATE utf8_unicode_ci DEFAULT NULL,
  `lastname` varchar(255) COLLATE utf8_unicode_ci DEFAULT NULL,
  `phone` varchar(255) COLLATE utf8_unicode_ci DEFAULT NULL,
  `authentication_system_id` int(11) DEFAULT '1',
  `unique_id` varchar(255) COLLATE utf8_unicode_ci DEFAULT NULL,
  `email` varchar(255) COLLATE utf8_unicode_ci DEFAULT NULL,
  `badge_id` varchar(255) COLLATE utf8_unicode_ci DEFAULT NULL,
  `address` varchar(255) COLLATE utf8_unicode_ci DEFAULT NULL,
  `city` varchar(255) COLLATE utf8_unicode_ci DEFAULT NULL,
  `zip` varchar(255) COLLATE utf8_unicode_ci DEFAULT NULL,
  `country` varchar(255) COLLATE utf8_unicode_ci DEFAULT NULL,
  `language_id` int(11) DEFAULT NULL,
  `extended_info` text COLLATE utf8_unicode_ci,
  `settings` varchar(1024) COLLATE utf8_unicode_ci DEFAULT NULL,
  `created_at` datetime DEFAULT NULL,
  `updated_at` datetime DEFAULT NULL,
  `delegator_user_id` int(11) DEFAULT NULL,
  PRIMARY KEY (`id`),
  KEY `index_users_on_authentication_system_id` (`authentication_system_id`),
  KEY `users_language_id_fk` (`language_id`),
  KEY `users_delegator_user_id_fk` (`delegator_user_id`),
  CONSTRAINT `users_delegator_user_id_fk` FOREIGN KEY (`delegator_user_id`) REFERENCES `users` (`id`),
  CONSTRAINT `users_authentication_system_id_fk` FOREIGN KEY (`authentication_system_id`) REFERENCES `authentication_systems` (`id`),
  CONSTRAINT `users_language_id_fk` FOREIGN KEY (`language_id`) REFERENCES `languages` (`id`)
) ENGINE=InnoDB AUTO_INCREMENT=36 DEFAULT CHARSET=utf8 COLLATE=utf8_unicode_ci;
/*!40101 SET character_set_client = @saved_cs_client */;

--
-- Dumping data for table `users`
--

LOCK TABLES `users` WRITE;
/*!40000 ALTER TABLE `users` DISABLE KEYS */;
INSERT INTO `users` VALUES (1,'gino','Gino','Swaniawski','0169771674',1,'cxgwywypra8xp9q2g3','gino@zhdk.ch','1ohrkswzx2nnq3rolp',NULL,'Hammestown','K-DU7B 3DB','Kyrgyz Republic',1,NULL,'--- !ruby/hash:ActiveSupport::HashWithIndifferentAccess {}\n','2016-07-26 23:44:34','2016-07-26 23:44:34',NULL),(2,'ramon','Ramon','Considine','03654410972',1,'c4sjtkbl8waz2e6fbs','ramon@zhdk.ch','80wafa181oxy9i1bdt',NULL,'Queenport','S-WK2A 5BL','Syrian Arab Republic',1,NULL,'--- !ruby/hash:ActiveSupport::HashWithIndifferentAccess {}\n','2016-07-26 23:44:34','2016-07-26 23:44:34',NULL),(3,'matti','Matti','Braun','05651651801',1,'c7g2vvuriix0sg5ldo','matti@zhdk.ch','4yf7vqqzit5jrbb5pd',NULL,'Carmelomouth','L-TY8 0LA','Liberia',1,NULL,'--- !ruby/hash:ActiveSupport::HashWithIndifferentAccess {}\n','2016-07-26 23:44:34','2016-07-26 23:44:34',NULL),(4,'mike','Mike','Schowalter','01106022108',1,'y464ftc85tljk0rwl3','mike@zhdk.ch','wgtvt8f4l5mv6r5cif',NULL,'Charlesfurt','G-Z8X 8BB','Germany',1,NULL,'--- !ruby/hash:ActiveSupport::HashWithIndifferentAccess {}\n','2016-07-26 23:44:34','2016-07-26 23:44:34',NULL),(5,'pius','Pius','Parisian','08136285497',1,'npv0p5glgzramirnvf','pius@zhdk.ch','uzmgq7401h66ndvubn',NULL,'Pourosview','U-Y5V 5LA','Uruguay',1,NULL,'--- !ruby/hash:ActiveSupport::HashWithIndifferentAccess {}\n','2016-07-26 23:44:34','2016-07-26 23:44:34',NULL),(6,'normin','Normin','Normalo','0500143132',1,'yphuo7y2h0wnfc40uk','normin@zhdk.ch','sicv0q0bmmchsm4ixt',NULL,'South Monique','U-YE3X 2YA','United Kingdom',1,NULL,'--- !ruby/hash:ActiveSupport::HashWithIndifferentAccess {}\n','2016-07-26 23:44:34','2016-07-26 23:44:34',NULL),(7,'joannie','Joannie','Blick','08001989113',1,'04srsp252bm6b9vzbm','lending_manager1@zhdk.ch','w0se2quibdi2hj5ghg',NULL,'New Lexieberg','T-PN8 7WH','Tanzania',1,NULL,'--- !ruby/hash:ActiveSupport::HashWithIndifferentAccess {}\n','2016-07-26 23:44:34','2016-07-26 23:44:34',NULL),(8,'peter','Peter','Silie','01209359649',1,'kfbyst6hw04nn978j4','peter@silie.com','miar67k0djc6ftdisy',NULL,'North Earl','B-SB7 4LJ','Bulgaria',1,NULL,'--- !ruby/hash:ActiveSupport::HashWithIndifferentAccess {}\n','2016-07-26 23:44:34','2016-07-26 23:44:34',NULL),(9,'andi','Andi','Bruen','05667445558',1,'lki6k9u14kyhuct9zt','andi@zhdk.ch','a33qnwhh43t2zlrs1i',NULL,'North Gilbertoville','I-Z3 3AL','Iceland',1,NULL,'--- !ruby/hash:ActiveSupport::HashWithIndifferentAccess {}\n','2016-07-26 23:44:34','2016-07-26 23:44:34',NULL),(10,'mina','Mina','Hackett','0169777830',1,'1q94d3vrefwh70e93w','mina@zhdk.ch','40jq43xkkkdv5he6sx',NULL,'Schambergerton','S-UQ4A 3WW','Switzerland',1,NULL,'--- !ruby/hash:ActiveSupport::HashWithIndifferentAccess {}\n','2016-07-26 23:44:34','2016-07-26 23:44:34',NULL),(11,'petra','Petra','Hudson','02882657514',1,'r6oyfd0ywq0pto3sck','petra@zhdk.ch','w5wcxsdein2xzo0q3v','1377 Patsy Drives, ','North Sonia','E-WB1V 1SS','Ethiopia',1,NULL,'--- !ruby/hash:ActiveSupport::HashWithIndifferentAccess {}\n','2016-07-26 23:44:34','2016-07-26 23:44:34',NULL),(12,'julie','Julie','Goldner','0169779546',1,'6gxflcm94gyf3bqh6l','julie@zhdk.ch','yfjjy6ksp57w6n3ed1',NULL,'Domenicview','G-HA8 3LA','Gambia',1,NULL,'--- !ruby/hash:ActiveSupport::HashWithIndifferentAccess {}\n','2016-07-26 23:44:34','2016-07-26 23:44:34',NULL),(13,'lisa','Lisa','Hackett','08004225033',1,'q8vt3pzw8c41fl16k0','lisa@zhdk.ch','baj4oywu72qidy239v',NULL,'Boscobury','N-S2 4YB','Nauru',1,NULL,'--- !ruby/hash:ActiveSupport::HashWithIndifferentAccess {}\n','2016-07-26 23:44:34','2016-07-26 23:44:34',NULL),(14,'braulio','Braulio','Heathcote','0800198819',1,'g9axchp1ex9hcy61zn','customer1@zhdk.ch','rc2nii6uziyjd9gay5',NULL,'South Isabelle','L-UO9 9LG','Libyan Arab Jamahiriya',1,NULL,'--- !ruby/hash:ActiveSupport::HashWithIndifferentAccess {}\n','2016-07-26 23:44:34','2016-07-26 23:44:34',NULL),(15,'mae','Mae','Lakin','03140293861',1,'i192s1kzfpho6x816c','customer2@zhdk.ch','4q4w9x93hozt4965aa',NULL,'Marquardthaven','M-WF1V 5AB','Malawi',1,NULL,'--- !ruby/hash:ActiveSupport::HashWithIndifferentAccess {}\n','2016-07-26 23:44:34','2016-07-26 23:44:34',NULL),(16,'olaf','Olaf','Berge','08267349905',1,'71i0ewaebptt6rrf5z','customer3@zhdk.ch','5hsrggjrq18jkhyssp',NULL,'Yundtton','M-R8H 9BD','Micronesia',1,NULL,'--- !ruby/hash:ActiveSupport::HashWithIndifferentAccess {}\n','2016-07-26 23:44:34','2016-07-26 23:44:34',NULL),(17,'kip','Kip','Sawayn','09349287942',1,'crqniy4zvy6w29ws2f','customer4@zhdk.ch','mt1baqxbzs27avvwtw',NULL,'Collinsmouth','L-U5V 5JY','Lao People\'s Democratic Republic',1,NULL,'--- !ruby/hash:ActiveSupport::HashWithIndifferentAccess {}\n','2016-07-26 23:44:34','2016-07-26 23:44:34',NULL),(18,'waino','Waino','Dietrich','0500175873',1,'rf5ero6gfkdmxro0r5','customer5@zhdk.ch','1t844n11nj5yt4hfou',NULL,'Wavafurt','G-A1 9JL','Guinea-Bissau',1,NULL,'--- !ruby/hash:ActiveSupport::HashWithIndifferentAccess {}\n','2016-07-26 23:44:34','2016-07-26 23:44:34',NULL),(19,'hipolito','Hipolito','McDermott','01985714456',1,'33tgo8fg2j8pa7b5ci','customer6@zhdk.ch','9wjvyjf19rt19pvrhr',NULL,'Karsonshire','M-Z9E 9WA','Myanmar',1,NULL,'--- !ruby/hash:ActiveSupport::HashWithIndifferentAccess {}\n','2016-07-26 23:44:34','2016-07-26 23:44:34',NULL),(20,'rae','Rae','Hamill','0178251410',1,'4cbqtcw6w29xx5p2o3','customer7@zhdk.ch','g2d8j6g8qe8rrmg2df',NULL,'Curtisstad','N-YG9 8AE','Niue',1,NULL,'--- !ruby/hash:ActiveSupport::HashWithIndifferentAccess {}\n','2016-07-26 23:44:34','2016-07-26 23:44:34',NULL),(21,'tyrell','Tyrell','Haag','01263504570',1,'74plf3rftg42dt2oou','customer8@zhdk.ch','7y2d5oj7bz9wk0oarb',NULL,'Dinastad','C-TG9B 2JB','Cuba',1,NULL,'--- !ruby/hash:ActiveSupport::HashWithIndifferentAccess {}\n','2016-07-26 23:44:34','2016-07-26 23:44:34',NULL),(22,'ladarius','Ladarius','Lind','01164028171',1,'uq9x4h12y1mwmtph82','customer9@zhdk.ch','9aqy58z84671e62yij',NULL,'Lake Ansley','M-NG9A 7ZG','Martinique',1,NULL,'--- !ruby/hash:ActiveSupport::HashWithIndifferentAccess {}\n','2016-07-26 23:44:34','2016-07-26 23:44:34',NULL),(23,'pedro','Pedro','Bernhard','0500607499',1,'oczg97aev41bmqemd0','delegator1@zhdk.ch','gdit06wcf50duy3vae',NULL,'Laishachester','G-K9E 9AL','Guyana',1,NULL,'--- !ruby/hash:ActiveSupport::HashWithIndifferentAccess {}\n','2016-07-26 23:44:34','2016-07-26 23:44:34',NULL),(24,'geovany','Geovany','Kozey','05687417212',1,'0u04ng3ou9ylf28pvv','delegated1@zhdk.ch','qzvks6oyyz1f22c783',NULL,'North Stefanieport','I-T4B 5LL','Israel',1,NULL,'--- !ruby/hash:ActiveSupport::HashWithIndifferentAccess {}\n','2016-07-26 23:44:34','2016-07-26 23:44:34',NULL),(25,'ashtyn_9175','Ally','Ullrich','01282583756',1,'wrnaymcjkruwysdxus','aglae.douglas@labadie.info','8afpaajhixg11l2ioz','2304 Claud Mission','Jerdestad','P-ZM3P 4AW','Peru',1,NULL,'--- !ruby/hash:ActiveSupport::HashWithIndifferentAccess {}\n','2016-07-26 23:44:34','2016-07-26 23:44:34',NULL),(26,NULL,'Delegation 1',NULL,NULL,NULL,NULL,NULL,NULL,NULL,NULL,NULL,NULL,1,NULL,'--- !ruby/hash:ActiveSupport::HashWithIndifferentAccess {}\n','2016-07-26 23:44:34','2016-07-26 23:44:34',12),(27,NULL,'Delegation 2',NULL,NULL,NULL,NULL,NULL,NULL,NULL,NULL,NULL,NULL,1,NULL,'--- !ruby/hash:ActiveSupport::HashWithIndifferentAccess {}\n','2016-07-26 23:44:34','2016-07-26 23:44:34',10),(28,NULL,'Delegation 3',NULL,NULL,NULL,NULL,NULL,NULL,NULL,NULL,NULL,NULL,1,NULL,'--- !ruby/hash:ActiveSupport::HashWithIndifferentAccess {}\n','2016-07-26 23:44:34','2016-07-26 23:44:34',10),(29,NULL,'Delegation 4',NULL,NULL,NULL,NULL,NULL,NULL,NULL,NULL,NULL,NULL,1,NULL,'--- !ruby/hash:ActiveSupport::HashWithIndifferentAccess {}\n','2016-07-26 23:44:34','2016-07-26 23:44:34',10),(30,NULL,'Delegation 5',NULL,NULL,NULL,NULL,NULL,NULL,NULL,NULL,NULL,NULL,1,NULL,'--- !ruby/hash:ActiveSupport::HashWithIndifferentAccess {}\n','2016-07-26 23:44:34','2016-07-26 23:44:34',23),(31,'jordy_6104','Katelynn','Walker','0500987402',1,'u369crnuv9e4mf0cjs','julia@hickle.biz','xolvtyjf7r9hs0m6ab','33226 Goyette Mills','Lake Gillianfurt','B-WS0A 4WW','Botswana',1,NULL,'--- !ruby/hash:ActiveSupport::HashWithIndifferentAccess {}\n','2016-07-26 23:44:34','2016-07-26 23:44:34',NULL),(32,'neha_klein_7569','Cleta','VonRueden','0800674801',1,'mj49fhxvsf2nomwqqf','elmore_maggio@klocko.biz','ss06dt3ytf3e0m2qbd','7775 Mark Park','North Kalebfort','G-YQ3V 8JX','Germany',1,NULL,'--- !ruby/hash:ActiveSupport::HashWithIndifferentAccess {}\n','2016-07-26 23:44:34','2016-07-26 23:44:34',NULL),(33,'ulises_reynolds_7854','Lonie','Becker','08975668878',1,'zzsb9zlqrcbyt1wjou','zoe_klein@schimmelbrekke.info','ti579xtq6k4vxeu7dr','23701 Nitzsche Locks','South Linnie','S-W6X 7ZB','Saint Barthelemy',1,NULL,'--- !ruby/hash:ActiveSupport::HashWithIndifferentAccess {}\n','2016-07-26 23:44:34','2016-07-26 23:44:34',NULL),(34,'noble_5959','Juston','Harvey','0150402801',1,'hhrvgvoyvsmrpoz55t','stevie@torphy.com','3dwz21q9hjcd24nt31','49375 Erich Lodge','Alexysbury','S-YB6Y 1OF','Saint Vincent and the Grenadines',1,NULL,'--- !ruby/hash:ActiveSupport::HashWithIndifferentAccess {}\n','2016-07-26 23:44:34','2016-07-26 23:44:34',NULL),(35,'lori_2188','Benton','Mayert','08002813660',1,'gzo3fkky5gzoreky5k','alisha@ankundingsmith.info','dxq0ifpczo3yzdhsfc','80367 O\'Hara Harbor','Lake Gavinmouth','B-Y6B 7JJ','Bermuda',1,NULL,'--- !ruby/hash:ActiveSupport::HashWithIndifferentAccess {}\n','2016-07-26 23:44:34','2016-07-26 23:44:34',NULL);
/*!40000 ALTER TABLE `users` ENABLE KEYS */;
UNLOCK TABLES;

--
-- Temporary table structure for view `visit_lines`
--

DROP TABLE IF EXISTS `visit_lines`;
/*!50001 DROP VIEW IF EXISTS `visit_lines`*/;
SET @saved_cs_client     = @@character_set_client;
SET character_set_client = utf8;
/*!50001 CREATE TABLE `visit_lines` (
  `visit_id` varchar(148),
  `inventory_pool_id` int(11),
  `user_id` int(11),
  `delegated_user_id` int(11),
  `status` enum('unsubmitted','submitted','rejected','approved','signed','closed'),
  `action` varchar(9),
  `date` date,
  `quantity` int(11),
  `contract_line_id` int(11)
) ENGINE=MyISAM */;
SET character_set_client = @saved_cs_client;

--
-- Temporary table structure for view `visits`
--

DROP TABLE IF EXISTS `visits`;
/*!50001 DROP VIEW IF EXISTS `visits`*/;
SET @saved_cs_client     = @@character_set_client;
SET character_set_client = utf8;
/*!50001 CREATE TABLE `visits` (
  `id` varchar(148),
  `inventory_pool_id` int(11),
  `user_id` int(11),
  `status` enum('unsubmitted','submitted','rejected','approved','signed','closed'),
  `action` varchar(9),
  `date` date,
  `quantity` decimal(32,0)
) ENGINE=MyISAM */;
SET character_set_client = @saved_cs_client;

--
-- Table structure for table `workdays`
--

DROP TABLE IF EXISTS `workdays`;
/*!40101 SET @saved_cs_client     = @@character_set_client */;
/*!40101 SET character_set_client = utf8 */;
CREATE TABLE `workdays` (
  `id` int(11) NOT NULL AUTO_INCREMENT,
  `inventory_pool_id` int(11) DEFAULT NULL,
  `monday` tinyint(1) DEFAULT '1',
  `tuesday` tinyint(1) DEFAULT '1',
  `wednesday` tinyint(1) DEFAULT '1',
  `thursday` tinyint(1) DEFAULT '1',
  `friday` tinyint(1) DEFAULT '1',
  `saturday` tinyint(1) DEFAULT '0',
  `sunday` tinyint(1) DEFAULT '0',
  `reservation_advance_days` int(11) DEFAULT '0',
  `max_visits` text COLLATE utf8_unicode_ci,
  PRIMARY KEY (`id`),
  KEY `index_workdays_on_inventory_pool_id` (`inventory_pool_id`),
  CONSTRAINT `workdays_inventory_pool_id_fk` FOREIGN KEY (`inventory_pool_id`) REFERENCES `inventory_pools` (`id`) ON DELETE CASCADE
) ENGINE=InnoDB AUTO_INCREMENT=13 DEFAULT CHARSET=utf8 COLLATE=utf8_unicode_ci;
/*!40101 SET character_set_client = @saved_cs_client */;

--
-- Dumping data for table `workdays`
--

LOCK TABLES `workdays` WRITE;
/*!40000 ALTER TABLE `workdays` DISABLE KEYS */;
INSERT INTO `workdays` VALUES (1,1,1,1,1,1,1,0,0,0,'---\n\'1\': 10\n\'2\': 20\n\'3\': 30\n'),(2,2,1,1,1,1,1,0,0,0,'--- {}\n'),(3,3,1,1,1,1,1,0,0,0,'--- {}\n'),(4,4,1,1,1,1,1,0,0,0,'--- {}\n'),(5,5,1,1,1,1,1,0,0,0,'--- {}\n'),(6,6,1,1,1,1,1,0,0,0,'--- {}\n'),(7,7,1,1,1,1,1,0,0,0,'--- {}\n'),(8,8,1,1,1,1,1,0,0,0,'--- {}\n'),(9,9,1,1,1,1,1,0,0,0,'--- {}\n'),(10,10,1,1,1,1,1,0,0,0,'--- {}\n'),(11,11,1,1,1,1,1,0,0,0,'--- {}\n'),(12,12,1,1,1,1,1,0,0,0,'--- {}\n');
/*!40000 ALTER TABLE `workdays` ENABLE KEYS */;
UNLOCK TABLES;

--
-- Final view structure for view `partitions_with_generals`
--

/*!50001 DROP TABLE IF EXISTS `partitions_with_generals`*/;
/*!50001 DROP VIEW IF EXISTS `partitions_with_generals`*/;
/*!50001 SET @saved_cs_client          = @@character_set_client */;
/*!50001 SET @saved_cs_results         = @@character_set_results */;
/*!50001 SET @saved_col_connection     = @@collation_connection */;
/*!50001 SET character_set_client      = utf8 */;
/*!50001 SET character_set_results     = utf8 */;
/*!50001 SET collation_connection      = utf8_general_ci */;
/*!50001 CREATE ALGORITHM=UNDEFINED */
/*!50001 VIEW `partitions_with_generals` AS select `partitions`.`model_id` AS `model_id`,`partitions`.`inventory_pool_id` AS `inventory_pool_id`,`partitions`.`group_id` AS `group_id`,`partitions`.`quantity` AS `quantity` from `partitions` union select `i`.`model_id` AS `model_id`,`i`.`inventory_pool_id` AS `inventory_pool_id`,NULL AS `group_id`,(count(`i`.`id`) - ifnull((select sum(`p`.`quantity`) from `partitions` `p` where ((`p`.`model_id` = `i`.`model_id`) and (`p`.`inventory_pool_id` = `i`.`inventory_pool_id`)) group by `p`.`inventory_pool_id`,`p`.`model_id`),0)) AS `quantity` from `items` `i` where (isnull(`i`.`retired`) and (`i`.`is_borrowable` = 1) and isnull(`i`.`parent_id`)) group by `i`.`inventory_pool_id`,`i`.`model_id` */;
/*!50001 SET character_set_client      = @saved_cs_client */;
/*!50001 SET character_set_results     = @saved_cs_results */;
/*!50001 SET collation_connection      = @saved_col_connection */;

--
-- Final view structure for view `visit_lines`
--

/*!50001 DROP TABLE IF EXISTS `visit_lines`*/;
/*!50001 DROP VIEW IF EXISTS `visit_lines`*/;
/*!50001 SET @saved_cs_client          = @@character_set_client */;
/*!50001 SET @saved_cs_results         = @@character_set_results */;
/*!50001 SET @saved_col_connection     = @@collation_connection */;
/*!50001 SET character_set_client      = utf8 */;
/*!50001 SET character_set_results     = utf8 */;
/*!50001 SET collation_connection      = utf8_general_ci */;
/*!50001 CREATE ALGORITHM=UNDEFINED */
/*!50001 VIEW `visit_lines` AS select hex(concat_ws('_',if((`c`.`status` = 'approved'),`cl`.`start_date`,`cl`.`end_date`),`c`.`inventory_pool_id`,`c`.`user_id`,`c`.`status`)) AS `visit_id`,`c`.`inventory_pool_id` AS `inventory_pool_id`,`c`.`user_id` AS `user_id`,`c`.`delegated_user_id` AS `delegated_user_id`,`c`.`status` AS `status`,if((`c`.`status` = 'approved'),'hand_over','take_back') AS `action`,if((`c`.`status` = 'approved'),`cl`.`start_date`,`cl`.`end_date`) AS `date`,`cl`.`quantity` AS `quantity`,`cl`.`id` AS `contract_line_id` from (`contract_lines` `cl` join `contracts` `c` on((`cl`.`contract_id` = `c`.`id`))) where ((`c`.`status` in ('approved','signed')) and isnull(`cl`.`returned_date`)) order by if((`c`.`status` = 'approved'),`cl`.`start_date`,`cl`.`end_date`) */;
/*!50001 SET character_set_client      = @saved_cs_client */;
/*!50001 SET character_set_results     = @saved_cs_results */;
/*!50001 SET collation_connection      = @saved_col_connection */;

--
-- Final view structure for view `visits`
--

/*!50001 DROP TABLE IF EXISTS `visits`*/;
/*!50001 DROP VIEW IF EXISTS `visits`*/;
/*!50001 SET @saved_cs_client          = @@character_set_client */;
/*!50001 SET @saved_cs_results         = @@character_set_results */;
/*!50001 SET @saved_col_connection     = @@collation_connection */;
/*!50001 SET character_set_client      = utf8 */;
/*!50001 SET character_set_results     = utf8 */;
/*!50001 SET collation_connection      = utf8_general_ci */;
/*!50001 CREATE ALGORITHM=UNDEFINED */
/*!50001 VIEW `visits` AS select hex(concat_ws('_',`visit_lines`.`date`,`visit_lines`.`inventory_pool_id`,`visit_lines`.`user_id`,`visit_lines`.`status`)) AS `id`,`visit_lines`.`inventory_pool_id` AS `inventory_pool_id`,`visit_lines`.`user_id` AS `user_id`,`visit_lines`.`status` AS `status`,`visit_lines`.`action` AS `action`,`visit_lines`.`date` AS `date`,sum(`visit_lines`.`quantity`) AS `quantity` from `visit_lines` group by `visit_lines`.`user_id`,`visit_lines`.`status`,`visit_lines`.`date`,`visit_lines`.`inventory_pool_id` */;
/*!50001 SET character_set_client      = @saved_cs_client */;
/*!50001 SET character_set_results     = @saved_cs_results */;
/*!50001 SET collation_connection      = @saved_col_connection */;
/*!40103 SET TIME_ZONE=@OLD_TIME_ZONE */;

/*!40101 SET SQL_MODE=@OLD_SQL_MODE */;
/*!40014 SET FOREIGN_KEY_CHECKS=@OLD_FOREIGN_KEY_CHECKS */;
/*!40014 SET UNIQUE_CHECKS=@OLD_UNIQUE_CHECKS */;
/*!40101 SET CHARACTER_SET_CLIENT=@OLD_CHARACTER_SET_CLIENT */;
/*!40101 SET CHARACTER_SET_RESULTS=@OLD_CHARACTER_SET_RESULTS */;
/*!40101 SET COLLATION_CONNECTION=@OLD_COLLATION_CONNECTION */;
/*!40111 SET SQL_NOTES=@OLD_SQL_NOTES */;

-- Dump completed on 2015-03-01 22:45:37
