-- MySQL dump 10.13  Distrib 5.1.48, for apple-darwin10.3.0 (i386)
--
-- Host: localhost    Database: leihs2_test
-- ------------------------------------------------------
-- Server version	5.1.48

/*!40101 SET @OLD_CHARACTER_SET_CLIENT=@@CHARACTER_SET_CLIENT */;
/*!40101 SET @OLD_CHARACTER_SET_RESULTS=@@CHARACTER_SET_RESULTS */;
/*!40101 SET @OLD_COLLATION_CONNECTION=@@COLLATION_CONNECTION */;
/*!40101 SET NAMES utf8 */;
/*!40103 SET @OLD_TIME_ZONE=@@TIME_ZONE */;
/*!40103 SET TIME_ZONE='+00:00' */;
/*!40014 SET @OLD_UNIQUE_CHECKS=@@UNIQUE_CHECKS, UNIQUE_CHECKS=0 */;
/*!40014 SET @OLD_FOREIGN_KEY_CHECKS=@@FOREIGN_KEY_CHECKS, FOREIGN_KEY_CHECKS=0 */;
/*!40101 SET @OLD_SQL_MODE=@@SQL_MODE, SQL_MODE='NO_AUTO_VALUE_ON_ZERO' */;
/*!40111 SET @OLD_SQL_NOTES=@@SQL_NOTES, SQL_NOTES=0 */;

--
-- Table structure for table `access_rights`
--

DROP TABLE IF EXISTS `access_rights`;
/*!40101 SET @saved_cs_client     = @@character_set_client */;
/*!40101 SET character_set_client = utf8 */;
CREATE TABLE `access_rights` (
  `id` int(11) NOT NULL AUTO_INCREMENT,
  `user_id` int(11) DEFAULT NULL,
  `inventory_pool_id` int(11) DEFAULT NULL,
  `suspended_until` date DEFAULT NULL,
  `suspended_reason` text COLLATE utf8_unicode_ci,
  `deleted_at` date DEFAULT NULL,
  `created_at` datetime DEFAULT NULL,
  `updated_at` datetime DEFAULT NULL,
  `role` enum('customer','group_manager','lending_manager','inventory_manager','admin') COLLATE utf8_unicode_ci NOT NULL,
  PRIMARY KEY (`id`),
  KEY `index_access_rights_on_suspended_until` (`suspended_until`),
  KEY `index_access_rights_on_deleted_at` (`deleted_at`),
  KEY `index_access_rights_on_inventory_pool_id` (`inventory_pool_id`),
  KEY `index_access_rights_on_role` (`role`),
  KEY `index_on_user_id_and_inventory_pool_id_and_deleted_at` (`user_id`,`inventory_pool_id`,`deleted_at`),
  CONSTRAINT `access_rights_user_id_fk` FOREIGN KEY (`user_id`) REFERENCES `users` (`id`),
  CONSTRAINT `access_rights_inventory_pool_id_fk` FOREIGN KEY (`inventory_pool_id`) REFERENCES `inventory_pools` (`id`) ON DELETE CASCADE
) ENGINE=InnoDB AUTO_INCREMENT=48 DEFAULT CHARSET=utf8 COLLATE=utf8_unicode_ci;
/*!40101 SET character_set_client = @saved_cs_client */;

--
-- Dumping data for table `access_rights`
--

LOCK TABLES `access_rights` WRITE;
/*!40000 ALTER TABLE `access_rights` DISABLE KEYS */;
INSERT INTO `access_rights` VALUES (1,1,NULL,NULL,NULL,NULL,'2017-09-29 13:42:52','2017-09-29 13:42:52','admin'),(2,2,NULL,NULL,NULL,NULL,'2017-09-29 13:42:52','2017-09-29 13:42:52','admin'),(3,2,1,NULL,NULL,NULL,'2017-09-29 13:42:52','2017-09-29 13:42:52','customer'),(4,3,2,NULL,NULL,NULL,'2017-09-29 13:42:52','2017-09-29 13:42:52','inventory_manager'),(5,4,1,NULL,NULL,NULL,'2017-09-29 13:42:52','2017-09-29 13:42:52','inventory_manager'),(6,4,4,NULL,NULL,NULL,'2017-09-29 13:42:52','2017-09-29 13:42:52','inventory_manager'),(7,5,1,NULL,NULL,NULL,'2017-09-29 13:42:52','2017-09-29 13:42:52','lending_manager'),(8,5,2,NULL,NULL,NULL,'2017-09-29 13:42:52','2017-09-29 13:42:52','lending_manager'),(9,7,1,NULL,NULL,NULL,'2017-09-29 13:42:52','2017-09-29 13:42:52','lending_manager'),(10,7,2,NULL,NULL,NULL,'2017-09-29 13:42:52','2017-09-29 13:42:52','lending_manager'),(11,8,1,NULL,NULL,NULL,'2017-09-29 13:42:52','2017-09-29 13:42:52','customer'),(12,6,1,NULL,NULL,NULL,'2017-09-29 13:42:52','2017-09-29 13:42:52','customer'),(13,6,2,NULL,NULL,NULL,'2017-09-29 13:42:52','2017-09-29 13:42:52','customer'),(14,6,3,NULL,NULL,NULL,'2017-09-29 13:42:52','2017-09-29 13:42:52','customer'),(15,6,4,NULL,NULL,'2017-09-28','2017-09-29 13:42:52','2017-09-29 13:42:52','customer'),(16,9,1,NULL,NULL,NULL,'2017-09-29 13:42:52','2017-09-29 13:42:52','group_manager'),(17,9,2,NULL,NULL,NULL,'2017-09-29 13:42:52','2017-09-29 13:42:52','group_manager'),(18,9,3,NULL,NULL,NULL,'2017-09-29 13:42:52','2017-09-29 13:42:52','group_manager'),(19,10,1,NULL,NULL,NULL,'2017-09-29 13:42:52','2017-09-29 13:42:52','customer'),(20,11,1,NULL,NULL,NULL,'2017-09-29 13:42:52','2017-09-29 13:42:52','customer'),(21,12,1,NULL,NULL,NULL,'2017-09-29 13:42:52','2017-09-29 13:42:52','customer'),(22,13,1,NULL,NULL,NULL,'2017-09-29 13:42:52','2017-09-29 13:42:52','customer'),(23,26,1,NULL,NULL,NULL,'2017-09-29 13:42:52','2017-09-29 13:42:52','customer'),(24,27,1,NULL,NULL,NULL,'2017-09-29 13:42:52','2017-09-29 13:42:52','customer'),(25,27,2,NULL,NULL,NULL,'2017-09-29 13:42:52','2017-09-29 13:42:52','customer'),(26,29,1,NULL,NULL,NULL,'2017-09-29 13:42:52','2017-09-29 13:42:52','customer'),(27,29,5,NULL,NULL,NULL,'2017-09-29 13:42:52','2017-09-29 13:42:52','customer'),(28,29,6,NULL,NULL,NULL,'2017-09-29 13:42:52','2017-09-29 13:42:52','customer'),(29,30,1,NULL,NULL,NULL,'2017-09-29 13:42:52','2017-09-29 13:42:52','customer'),(30,23,1,NULL,NULL,NULL,'2017-09-29 13:42:52','2017-09-29 13:42:52','customer'),(31,24,1,NULL,NULL,NULL,'2017-09-29 13:42:52','2017-09-29 13:42:52','customer'),(32,14,1,NULL,NULL,NULL,'2017-09-29 13:42:52','2017-09-29 13:42:52','customer'),(33,15,1,'2017-09-29','Quis esse magnam aut hic modi a.',NULL,'2017-09-29 13:42:52','2017-09-29 13:42:52','customer'),(34,16,1,NULL,NULL,NULL,'2017-09-29 13:42:52','2017-09-29 13:42:52','customer'),(35,17,1,NULL,NULL,NULL,'2017-09-29 13:42:52','2017-09-29 13:42:52','customer'),(36,18,1,NULL,NULL,NULL,'2017-09-29 13:42:52','2017-09-29 13:42:52','customer'),(37,19,1,NULL,NULL,NULL,'2017-09-29 13:42:52','2017-09-29 13:42:52','customer'),(38,20,1,NULL,NULL,'2017-09-29','2017-09-29 13:42:52','2017-09-29 13:42:52','customer'),(39,21,1,NULL,NULL,NULL,'2017-09-29 13:42:52','2017-09-29 13:42:52','customer'),(40,22,1,NULL,NULL,NULL,'2017-09-29 13:42:52','2017-09-29 13:42:52','customer'),(41,31,3,NULL,NULL,NULL,'2017-09-29 13:42:52','2017-09-29 13:42:52','customer'),(42,32,1,NULL,NULL,NULL,'2017-09-29 13:42:52','2017-09-29 13:42:52','lending_manager'),(43,33,1,NULL,NULL,NULL,'2017-09-29 13:42:52','2017-09-29 13:42:52','group_manager'),(44,34,7,NULL,NULL,NULL,'2017-09-29 13:42:52','2017-09-29 13:42:52','customer'),(45,35,10,NULL,NULL,NULL,'2017-09-29 13:42:52','2017-09-29 13:42:52','customer'),(46,36,12,NULL,NULL,NULL,'2017-09-29 13:42:52','2017-09-29 13:42:52','customer'),(47,37,13,NULL,NULL,NULL,'2017-09-29 13:42:52','2017-09-29 13:42:52','customer');
/*!40000 ALTER TABLE `access_rights` ENABLE KEYS */;
UNLOCK TABLES;

--
-- Table structure for table `accessories`
--

DROP TABLE IF EXISTS `accessories`;
/*!40101 SET @saved_cs_client     = @@character_set_client */;
/*!40101 SET character_set_client = utf8 */;
CREATE TABLE `accessories` (
  `id` int(11) NOT NULL AUTO_INCREMENT,
  `model_id` int(11) DEFAULT NULL,
  `name` varchar(255) COLLATE utf8_unicode_ci DEFAULT NULL,
  `quantity` int(11) DEFAULT NULL,
  PRIMARY KEY (`id`),
  KEY `index_accessories_on_model_id` (`model_id`),
  CONSTRAINT `accessories_model_id_fk` FOREIGN KEY (`model_id`) REFERENCES `models` (`id`) ON DELETE CASCADE
) ENGINE=InnoDB AUTO_INCREMENT=228 DEFAULT CHARSET=utf8 COLLATE=utf8_unicode_ci;
/*!40101 SET character_set_client = @saved_cs_client */;

--
-- Dumping data for table `accessories`
--

LOCK TABLES `accessories` WRITE;
/*!40000 ALTER TABLE `accessories` DISABLE KEYS */;
INSERT INTO `accessories` VALUES (1,1,'Erin Grant',NULL),(2,2,'Samanta Kautzer',NULL),(3,3,'Mose Langworth',NULL),(4,4,'Aimee Schumm',NULL),(5,5,'Rozella Grimes',NULL),(6,5,'Nico Auer IV',NULL),(7,5,'Dr. Tobin Kuhlman',NULL),(8,5,'Rosendo Howe',NULL),(9,5,'Blanca Lakin Sr.',NULL),(10,6,'Mrs. Ralph Lindgren',NULL),(11,6,'Miss Fred Stokes',NULL),(12,6,'Iva Brekke',NULL),(13,7,'Miss Elza Corwin',NULL),(14,7,'Luther Krajcik',NULL),(15,8,'Dwight Simonis',NULL),(16,8,'Carlotta Shields Jr.',NULL),(17,9,'Elwin Schiller',NULL),(18,9,'Eliane Hodkiewicz',NULL),(19,9,'Agustin O\'Reilly',NULL),(20,9,'Ms. Madelyn Senger',NULL),(21,9,'Robbie Spencer',NULL),(22,10,'Casper Pfannerstill',NULL),(23,10,'Oma Dooley DVM',NULL),(24,10,'Elza Wolf',NULL),(25,11,'Danielle Ondricka',NULL),(26,12,'Ms. Neal Zieme',NULL),(27,12,'Sabina Kshlerin',NULL),(28,12,'Leonel O\'Keefe',NULL),(29,12,'Eryn Mueller',NULL),(30,13,'Jedidiah Koepp',NULL),(31,13,'Daphnee Kris',NULL),(32,14,'Zula Pacocha III',NULL),(33,14,'Keagan Donnelly',NULL),(34,14,'Bryon Kub Sr.',NULL),(35,14,'Nayeli Collins',NULL),(36,15,'Tyrell Wisozk',NULL),(37,15,'Alan Stracke',NULL),(38,15,'Lyda Crooks',NULL),(39,15,'Verla Ritchie',NULL),(40,15,'Austyn Kshlerin I',NULL),(41,16,'Dandre Feest',NULL),(42,17,'Miss Leo Lueilwitz',NULL),(43,18,'Payton Kihn MD',NULL),(44,19,'Kailee Armstrong DVM',NULL),(45,19,'Retha Connelly',NULL),(46,19,'Brando Bahringer',NULL),(47,19,'Mara Huels',NULL),(48,19,'Jude Schuster',NULL),(49,20,'Verdie Barton',NULL),(50,20,'Amiya Bartell',NULL),(51,20,'Joana Braun',NULL),(52,21,'Jamarcus Reynolds Jr.',NULL),(53,21,'Fern Schinner',NULL),(54,21,'Laurence Stark',NULL),(55,21,'Hans Daniel',NULL),(56,22,'Chet Corkery',NULL),(57,22,'Brandi Reynolds',NULL),(58,22,'Graham Ratke',NULL),(59,22,'Brayan Bednar',NULL),(60,23,'Shaina Dickens',NULL),(61,23,'Dr. Velda Kiehn',NULL),(62,24,'Wendy Buckridge',NULL),(63,24,'Llewellyn Grimes',NULL),(64,25,'Caden Quitzon',NULL),(65,26,'Madisen Cronin',NULL),(66,26,'Gino Kunde',NULL),(67,26,'Clemmie Kozey',NULL),(68,26,'Evan Beer',NULL),(69,26,'Ms. Oswaldo Altenwerth',NULL),(70,27,'Eddie Carter',NULL),(71,27,'Ms. Zetta Goyette',NULL),(72,28,'Deja Krajcik',NULL),(73,28,'Julio Hartmann',NULL),(74,28,'Mr. Torrance Kuphal',NULL),(75,28,'Sabina Harris',NULL),(76,29,'Glenna Breitenberg',NULL),(77,29,'Celestino Williamson Jr.',NULL),(78,29,'Demetris Conn MD',NULL),(79,29,'Kristin Carroll',NULL),(80,30,'Devon Gaylord',NULL),(81,30,'Halle Hane',NULL),(82,30,'Celestine Block',NULL),(83,30,'Mr. Rebeka Bode',NULL),(84,30,'Eula Beier',NULL),(85,31,'Ludwig Grady',NULL),(86,31,'Jarrod Stoltenberg DDS',NULL),(87,31,'Mrs. Cathrine Torphy',NULL),(88,32,'Benton Johns',NULL),(89,32,'Buddy Lueilwitz',NULL),(90,33,'Margarett Hartmann',NULL),(91,33,'Ramona Heaney V',NULL),(92,33,'Adrienne Hilpert',NULL),(93,34,'Terence Harvey',NULL),(94,34,'Louie Schultz V',NULL),(95,35,'Erwin Leffler PhD',NULL),(96,35,'Fabian Lakin',NULL),(97,36,'Keshaun Ferry',NULL),(98,36,'Aiyana Nolan',NULL),(99,37,'Hassan Doyle',NULL),(100,38,'Mrs. Tobin Beatty',NULL),(101,38,'Breana Cartwright I',NULL),(102,38,'Mrs. Brady Bosco',NULL),(103,38,'Mrs. Vivienne Toy',NULL),(104,39,'Miss Earlene Dach',NULL),(105,39,'Ms. Ella Smith',NULL),(106,39,'Ayden Hessel',NULL),(107,39,'Maurice Hayes',NULL),(108,39,'Waylon Flatley',NULL),(109,40,'Daryl Goldner',NULL),(110,40,'Angelica Erdman V',NULL),(111,41,'Mrs. Elroy Carter',NULL),(112,41,'Howell Veum',NULL),(113,41,'Regan Okuneva',NULL),(114,41,'Douglas McLaughlin V',NULL),(115,41,'Marcus Bartell',NULL),(116,42,'Allison Ernser',NULL),(117,42,'Mrs. Liana Kunze',NULL),(118,42,'Joanie Grady II',NULL),(119,42,'Pietro Sawayn',NULL),(120,42,'Keon Franecki',NULL),(121,43,'Neha Leannon DVM',NULL),(122,43,'Landen Koch',NULL),(123,43,'Gwen Fadel',NULL),(124,43,'Winnifred Lindgren',NULL),(125,43,'Miss Jane Flatley',NULL),(126,44,'Ms. Stephon Kautzer',NULL),(127,44,'Solon Cummings',NULL),(128,45,'Miss Harmon McGlynn',NULL),(129,45,'Alison Leffler IV',NULL),(130,45,'Mrs. Marta Kunde',NULL),(131,45,'Don Feeney',NULL),(132,46,'Torey Doyle',NULL),(133,46,'Mrs. Archibald Rice',NULL),(134,47,'Suzanne Connelly',NULL),(135,47,'Rosendo Schulist',NULL),(136,47,'Arnulfo Roberts',NULL),(137,47,'Denis McLaughlin',NULL),(138,48,'Arvel Effertz',NULL),(139,48,'Mr. Baby Doyle',NULL),(140,48,'Bernadette O\'Hara MD',NULL),(141,49,'Olga Boyer',NULL),(142,49,'Alden Jaskolski',NULL),(143,49,'Emelie Murazik',NULL),(144,49,'Vida Bruen DVM',NULL),(145,49,'Dortha Keebler',NULL),(146,50,'Mertie Okuneva',NULL),(147,51,'Kristin Pacocha',NULL),(148,52,'Mr. Linnea Hamill',NULL),(149,52,'Caleigh Ziemann',NULL),(150,52,'Dane Paucek V',NULL),(151,52,'Ms. Bethel Tromp',NULL),(152,52,'Mittie Flatley',NULL),(153,53,'Pearlie Abernathy',NULL),(154,53,'Irving Beier Sr.',NULL),(155,53,'Judy Howe Sr.',NULL),(156,53,'Alvena Greenholt II',NULL),(157,54,'Dr. Cristal Johns',NULL),(158,54,'Davion Prosacco',NULL),(159,54,'Miss Lori Kozey',NULL),(160,54,'Bethel Hauck',NULL),(161,54,'Gwendolyn Kunde IV',NULL),(162,55,'Fausto Abbott Jr.',NULL),(163,55,'Sophie Keeling IV',NULL),(164,55,'Kristina Lebsack',NULL),(165,55,'Koby Prohaska III',NULL),(166,56,'Mrs. Emilio Ankunding',NULL),(167,57,'Larissa Lindgren',NULL),(168,57,'Miss Joshuah Hegmann',NULL),(169,57,'Aniya Brakus',NULL),(170,57,'Damaris Hyatt III',NULL),(171,57,'Madisyn Schultz',NULL),(172,58,'Ona Krajcik',NULL),(173,58,'Dashawn Lowe',NULL),(174,59,'Lazaro Rippin IV',NULL),(175,59,'Breanne VonRueden MD',NULL),(176,59,'Dorris Kiehn III',NULL),(177,59,'Mrs. Ernestina Kozey',NULL),(178,60,'Miss Selena Jerde',NULL),(179,60,'Izabella Schmeler',NULL),(180,61,'Mr. Stacey Klocko',NULL),(181,61,'Mr. Marlee Wyman',NULL),(182,61,'Mr. Francisco Gusikowski',NULL),(183,61,'Norval Johnson',NULL),(184,61,'Anastacio Morissette',NULL),(185,62,'Larissa Kihn',NULL),(186,62,'Belle Mertz',NULL),(187,62,'Fernando Price I',NULL),(188,62,'Ettie Mueller',NULL),(189,63,'Madilyn Durgan',NULL),(190,63,'Ms. Craig Corkery',NULL),(191,63,'Alphonso Hackett',NULL),(192,63,'Jermey Goyette',NULL),(193,64,'Aurelia Fay',NULL),(194,64,'Barney D\'Amore',NULL),(195,64,'Karen Reynolds',NULL),(196,64,'Hector Brakus Jr.',NULL),(197,64,'Aglae Muller',NULL),(198,65,'Shea Ankunding',NULL),(199,65,'Ms. Alexandro Pacocha',NULL),(200,66,'Makenna Dicki',NULL),(201,66,'Mr. Jaida Zieme',NULL),(202,66,'Hallie Larson',NULL),(203,66,'Carley Gislason PhD',NULL),(204,66,'Brian White I',NULL),(205,67,'Kenyon Wisoky',NULL),(206,67,'Jammie Thiel',NULL),(207,67,'Milo Luettgen',NULL),(208,67,'Xavier Feeney',NULL),(209,67,'Giovanna Hudson',NULL),(210,68,'Jensen Lakin PhD',NULL),(211,69,'Mrs. Matilde Stiedemann',NULL),(212,69,'Nelda Rolfson PhD',NULL),(213,69,'Sheldon Durgan',NULL),(214,69,'Mackenzie Torp DVM',NULL),(215,69,'Nels Batz',NULL),(216,70,'Mrs. Quinton Skiles',NULL),(217,70,'Mr. Marilyne O\'Hara',NULL),(218,70,'Miss Camila Nolan',NULL),(219,71,'Cristian Marks',NULL),(220,72,'Claud Larkin',NULL),(221,72,'Joe Hand DDS',NULL),(222,72,'Flavio Davis',NULL),(223,72,'Ronny Ferry',NULL),(224,72,'Braden Walsh Jr.',NULL),(225,73,'Kylee Rolfson',NULL),(226,73,'Waino Schuster',NULL),(227,73,'Vernie Hirthe',NULL);
/*!40000 ALTER TABLE `accessories` ENABLE KEYS */;
UNLOCK TABLES;

--
-- Table structure for table `accessories_inventory_pools`
--

DROP TABLE IF EXISTS `accessories_inventory_pools`;
/*!40101 SET @saved_cs_client     = @@character_set_client */;
/*!40101 SET character_set_client = utf8 */;
CREATE TABLE `accessories_inventory_pools` (
  `accessory_id` int(11) DEFAULT NULL,
  `inventory_pool_id` int(11) DEFAULT NULL,
  UNIQUE KEY `index_accessories_inventory_pools` (`accessory_id`,`inventory_pool_id`),
  KEY `index_accessories_inventory_pools_on_inventory_pool_id` (`inventory_pool_id`),
  CONSTRAINT `accessories_inventory_pools_inventory_pool_id_fk` FOREIGN KEY (`inventory_pool_id`) REFERENCES `inventory_pools` (`id`),
  CONSTRAINT `accessories_inventory_pools_accessory_id_fk` FOREIGN KEY (`accessory_id`) REFERENCES `accessories` (`id`)
) ENGINE=InnoDB DEFAULT CHARSET=utf8 COLLATE=utf8_unicode_ci;
/*!40101 SET character_set_client = @saved_cs_client */;

--
-- Dumping data for table `accessories_inventory_pools`
--

LOCK TABLES `accessories_inventory_pools` WRITE;
/*!40000 ALTER TABLE `accessories_inventory_pools` DISABLE KEYS */;
INSERT INTO `accessories_inventory_pools` VALUES (2,1),(8,1),(9,1),(10,1),(12,1),(14,1),(16,1),(19,1),(22,1),(23,1),(24,1),(25,1),(31,1),(32,1),(35,1),(41,1),(43,1),(44,1),(46,1),(48,1),(49,1),(54,1),(56,1),(57,1),(58,1),(59,1),(60,1),(62,1),(64,1),(66,1),(69,1),(70,1),(72,1),(80,1),(83,1),(86,1),(90,1),(93,1),(94,1),(95,1),(96,1),(98,1),(99,1),(100,1),(106,1),(108,1),(109,1),(110,1),(113,1),(114,1),(115,1),(118,1),(119,1),(121,1),(122,1),(129,1),(131,1),(133,1),(138,1),(142,1),(144,1),(145,1),(146,1),(152,1),(153,1),(154,1),(155,1),(156,1),(160,1),(162,1),(163,1),(166,1),(167,1),(172,1),(174,1),(178,1),(181,1),(182,1),(187,1),(188,1),(189,1),(190,1),(191,1),(194,1),(196,1),(201,1),(202,1),(203,1),(205,1),(209,1),(212,1),(213,1),(214,1),(215,1),(216,1),(217,1),(220,1),(222,1),(223,1),(224,1),(225,1),(226,1);
/*!40000 ALTER TABLE `accessories_inventory_pools` ENABLE KEYS */;
UNLOCK TABLES;

--
-- Table structure for table `addresses`
--

DROP TABLE IF EXISTS `addresses`;
/*!40101 SET @saved_cs_client     = @@character_set_client */;
/*!40101 SET character_set_client = utf8 */;
CREATE TABLE `addresses` (
  `id` int(11) NOT NULL AUTO_INCREMENT,
  `street` varchar(255) COLLATE utf8_unicode_ci DEFAULT NULL,
  `zip_code` varchar(255) COLLATE utf8_unicode_ci DEFAULT NULL,
  `city` varchar(255) COLLATE utf8_unicode_ci DEFAULT NULL,
  `country_code` varchar(255) COLLATE utf8_unicode_ci DEFAULT NULL,
  `latitude` float DEFAULT NULL,
  `longitude` float DEFAULT NULL,
  PRIMARY KEY (`id`),
  UNIQUE KEY `index_addresses_on_street_and_zip_code_and_city_and_country_code` (`street`,`zip_code`,`city`,`country_code`)
) ENGINE=InnoDB DEFAULT CHARSET=utf8 COLLATE=utf8_unicode_ci;
/*!40101 SET character_set_client = @saved_cs_client */;

--
-- Dumping data for table `addresses`
--

LOCK TABLES `addresses` WRITE;
/*!40000 ALTER TABLE `addresses` DISABLE KEYS */;
/*!40000 ALTER TABLE `addresses` ENABLE KEYS */;
UNLOCK TABLES;

--
-- Table structure for table `attachments`
--

DROP TABLE IF EXISTS `attachments`;
/*!40101 SET @saved_cs_client     = @@character_set_client */;
/*!40101 SET character_set_client = utf8 */;
CREATE TABLE `attachments` (
  `id` int(11) NOT NULL AUTO_INCREMENT,
  `model_id` int(11) DEFAULT NULL,
  `is_main` tinyint(1) DEFAULT '0',
  `content_type` varchar(255) COLLATE utf8_unicode_ci DEFAULT NULL,
  `filename` varchar(255) COLLATE utf8_unicode_ci DEFAULT NULL,
  `size` int(11) DEFAULT NULL,
  PRIMARY KEY (`id`),
  KEY `index_attachments_on_model_id` (`model_id`),
  CONSTRAINT `attachments_model_id_fk` FOREIGN KEY (`model_id`) REFERENCES `models` (`id`) ON DELETE CASCADE
) ENGINE=InnoDB AUTO_INCREMENT=6 DEFAULT CHARSET=utf8 COLLATE=utf8_unicode_ci;
/*!40101 SET character_set_client = @saved_cs_client */;

--
-- Dumping data for table `attachments`
--

LOCK TABLES `attachments` WRITE;
/*!40000 ALTER TABLE `attachments` DISABLE KEYS */;
INSERT INTO `attachments` VALUES (1,16,0,'image/jpeg','commodi',NULL),(2,17,0,'image/jpeg','aliquid',NULL),(3,74,0,'image/jpeg','consequatur',NULL),(4,74,0,'image/jpeg','vel',NULL),(5,75,0,'image/jpeg','non',NULL);
/*!40000 ALTER TABLE `attachments` ENABLE KEYS */;
UNLOCK TABLES;

--
-- Table structure for table `authentication_systems`
--

DROP TABLE IF EXISTS `authentication_systems`;
/*!40101 SET @saved_cs_client     = @@character_set_client */;
/*!40101 SET character_set_client = utf8 */;
CREATE TABLE `authentication_systems` (
  `id` int(11) NOT NULL AUTO_INCREMENT,
  `name` varchar(255) COLLATE utf8_unicode_ci DEFAULT NULL,
  `class_name` varchar(255) COLLATE utf8_unicode_ci DEFAULT NULL,
  `is_default` tinyint(1) DEFAULT '0',
  `is_active` tinyint(1) DEFAULT '0',
  PRIMARY KEY (`id`)
) ENGINE=InnoDB AUTO_INCREMENT=4 DEFAULT CHARSET=utf8 COLLATE=utf8_unicode_ci;
/*!40101 SET character_set_client = @saved_cs_client */;

--
-- Dumping data for table `authentication_systems`
--

LOCK TABLES `authentication_systems` WRITE;
/*!40000 ALTER TABLE `authentication_systems` DISABLE KEYS */;
INSERT INTO `authentication_systems` VALUES (1,'Database Authentication','DatabaseAuthentication',1,1),(2,'LDAP Authentication','LdapAuthentication',0,0),(3,'ZHDK Authentication','Zhdk',0,0);
/*!40000 ALTER TABLE `authentication_systems` ENABLE KEYS */;
UNLOCK TABLES;

--
-- Table structure for table `buildings`
--

DROP TABLE IF EXISTS `buildings`;
/*!40101 SET @saved_cs_client     = @@character_set_client */;
/*!40101 SET character_set_client = utf8 */;
CREATE TABLE `buildings` (
  `id` int(11) NOT NULL AUTO_INCREMENT,
  `name` varchar(255) COLLATE utf8_unicode_ci DEFAULT NULL,
  `code` varchar(255) COLLATE utf8_unicode_ci DEFAULT NULL,
  PRIMARY KEY (`id`)
) ENGINE=InnoDB AUTO_INCREMENT=143 DEFAULT CHARSET=utf8 COLLATE=utf8_unicode_ci;
/*!40101 SET character_set_client = @saved_cs_client */;

--
-- Dumping data for table `buildings`
--

LOCK TABLES `buildings` WRITE;
/*!40000 ALTER TABLE `buildings` DISABLE KEYS */;
INSERT INTO `buildings` VALUES (1,'Ausstellungsstrasse 60','AU60'),(2,'Aliquidliberoullam','exp'),(3,'Nonconsequaturlibero','etf'),(4,'Numquamtotamnam','eni'),(5,'Omnisinatque','nam'),(6,'Eligendiquialaborum','ver'),(7,'Veritatisporronecessitatibus','rep'),(8,'Numquaminciduntet','ver'),(9,'Etofficiisest','ind'),(10,'Quamculparem','quo'),(11,'Beataedebitiseum','qui'),(12,'Providentaperiamquam','bla'),(13,'Idmolestiaedistinctio','omn'),(14,'Dolorpariaturoptio','vol'),(15,'Oditcupiditateconsectetur','utv'),(16,'Optiomaioressed','est'),(17,'Quosuscipitodit','nos'),(18,'Fugitassumendaratione','odi'),(19,'Quiasedest','eae'),(20,'Verocupiditateid','eos'),(21,'Repellendusrerumimpedit','acc'),(22,'Undesequireiciendis','qui'),(23,'Doloremconsecteturut','aut'),(24,'Ametvoluptasnon','rer'),(25,'Etquiarem','aut'),(26,'Esseutsunt','exe'),(27,'Laborumdebitiscumque','vol'),(28,'Ipsamadautem','vel'),(29,'Fugitaliaseveniet','fug'),(30,'Autemnihilaccusamus','exp'),(31,'Consequuntureaquedistinctio','dol'),(32,'Voluptasnesciuntquod','est'),(33,'Assumendanihildignissimos','tot'),(34,'Officiisauteum','pos'),(35,'Suscipitetexplicabo','mol'),(36,'Voluptatempossimusducimus','cor'),(37,'Quiomnisillum','odi'),(38,'Ametnobistotam','per'),(39,'Etsedrecusandae','aut'),(40,'Magnamnumquamnon','del'),(41,'Aliquidofficiaomnis','rep'),(42,'Ametquiaqui','neq'),(43,'Quodvelmaiores','occ'),(44,'Essemaximenulla','mol'),(45,'Maximeetex','eum'),(46,'Reprehenderitaccusantiumipsa','utv'),(47,'Sapientequiiusto','non'),(48,'Sapientequidistinctio','qui'),(49,'Doloremquecumquam','fac'),(50,'Eiusrepellathic','etm'),(51,'Iddeseruntneque','mol'),(52,'Idquiamolestiae','cum'),(53,'Velitlaboreaut','vol'),(54,'Quosaliassint','qui'),(55,'Aliasculpaut','qui'),(56,'Itaquenatusea','sim'),(57,'Quiinut','vel'),(58,'Sequisimiliquecupiditate','fug'),(59,'Placeatdolormaiores','dol'),(60,'Earumquieius','sus'),(61,'Undeautemlabore','qua'),(62,'Ullamsitdistinctio','ali'),(63,'Quiscorporisadipisci','fug'),(64,'Omnisnamqui','nul'),(65,'Officiaidnumquam','aut'),(66,'Dolornumquamvoluptas','exc'),(67,'Voluptatibusoccaecatiaut','qui'),(68,'Eosteneturfuga','sae'),(69,'Animisequiconsequatur','qui'),(70,'Utesterror','qui'),(71,'Illumhicvoluptatem','sim'),(72,'Sedestdoloremque','vol'),(73,'Doloremsinteaque','nes'),(74,'Placeatquiut','vol'),(75,'Impeditcupiditateut','aut'),(76,'Corruptietut','ali'),(77,'Quimodinecessitatibus','asp'),(78,'Aperiamenimdolor','mol'),(79,'Praesentiumipsamsed','rem'),(80,'Etutofficia','lab'),(81,'Quisharumaut','rep'),(82,'Etsaepenobis','dol'),(83,'Utdolormolestiae','sim'),(84,'Doloremitaqueut','ips'),(85,'Maioresipsumplaceat','fac'),(86,'Blanditiisadipisciat','nem'),(87,'Nostrumutdeleniti','asp'),(88,'Accusamusettotam','ali'),(89,'Etnostrumdeserunt','dol'),(90,'Rerumquameos','pro'),(91,'Magnioccaecatiquo','ass'),(92,'Inciduntidducimus','eae'),(93,'Ipsaquisomnis','dol'),(94,'Molestiasmagnama','sol'),(95,'Architectoauteos','omn'),(96,'Eaquesitquisquam','qui'),(97,'Saepeporrosint','rec'),(98,'Mollitiaquisquamut','ape'),(99,'Sedeumveniam','lau'),(100,'Eveniettemporealias','min'),(101,'Consequaturomnisoptio','abl'),(102,'Etautemdolore','mol'),(103,'Etnequenon','con'),(104,'Saepenihilad','com'),(105,'Accusantiumsednihil','est'),(106,'Totamquivelit','omn'),(107,'Adpossimusarchitecto','adi'),(108,'Quasifugiatet','bea'),(109,'Nondelenitihic','dol'),(110,'Quiateneturcommodi','asp'),(111,'Adipiscianimiveritatis','pro'),(112,'Sitquibusdamrerum','ape'),(113,'Veritatiseosquam','mol'),(114,'Ipsasolutaquibusdam','etc'),(115,'Quiamolestiaenobis','ius'),(116,'Natusevenietet','vol'),(117,'Quisimpeditdignissimos','etq'),(118,'Etfugitdolores','ute'),(119,'Perferendismolestiaeut','ius'),(120,'Mollitiaetofficiis','est'),(121,'Nemolaborecumque','cor'),(122,'Doloresquifacere','omn'),(123,'Officiisuteaque','eiu'),(124,'Optiosapientein','vol'),(125,'Velsitcumque','exp'),(126,'Occaecatiofficiaest','nih'),(127,'Inullamex','idd'),(128,'Autquisquia','aut'),(129,'Autemquised','nos'),(130,'Delenitiisteest','quo'),(131,'Etomnisdolor','vel'),(132,'Fugaautemvel','rec'),(133,'Harumvoluptatemcupiditate','bla'),(134,'Aspernaturullamsuscipit','pos'),(135,'Ipsamaioreset','rep'),(136,'Sapienteisteet','eiu'),(137,'Autquasomnis','mol'),(138,'Autsuscipitut','rat'),(139,'Etdolorererum','ete'),(140,'Minimavitaeassumenda','sed'),(141,'Consequatursedveritatis','cum'),(142,'Esseexercitationemodio','aut');
/*!40000 ALTER TABLE `buildings` ENABLE KEYS */;
UNLOCK TABLES;

--
-- Table structure for table `contract_lines`
--

DROP TABLE IF EXISTS `contract_lines`;
/*!40101 SET @saved_cs_client     = @@character_set_client */;
/*!40101 SET character_set_client = utf8 */;
CREATE TABLE `contract_lines` (
  `id` int(11) NOT NULL AUTO_INCREMENT,
  `contract_id` int(11) DEFAULT NULL,
  `type` varchar(255) COLLATE utf8_unicode_ci NOT NULL DEFAULT 'ItemLine',
  `item_id` int(11) DEFAULT NULL,
  `model_id` int(11) DEFAULT NULL,
  `quantity` int(11) DEFAULT '1',
  `start_date` date DEFAULT NULL,
  `end_date` date DEFAULT NULL,
  `returned_date` date DEFAULT NULL,
  `option_id` int(11) DEFAULT NULL,
  `purpose_id` int(11) DEFAULT NULL,
  `returned_to_user_id` int(11) DEFAULT NULL,
  `created_at` datetime DEFAULT NULL,
  `updated_at` datetime DEFAULT NULL,
  `inventory_pool_id` int(11) DEFAULT NULL,
  `user_id` int(11) DEFAULT NULL,
  `delegated_user_id` int(11) DEFAULT NULL,
  `handed_over_by_user_id` int(11) DEFAULT NULL,
  `status` enum('unsubmitted','submitted','rejected','approved','signed','closed') COLLATE utf8_unicode_ci NOT NULL,
  PRIMARY KEY (`id`),
  KEY `index_contract_lines_on_start_date` (`start_date`),
  KEY `index_contract_lines_on_end_date` (`end_date`),
  KEY `index_contract_lines_on_option_id` (`option_id`),
  KEY `index_contract_lines_on_contract_id` (`contract_id`),
  KEY `index_contract_lines_on_item_id` (`item_id`),
  KEY `index_contract_lines_on_model_id` (`model_id`),
  KEY `index_contract_lines_on_returned_date_and_contract_id` (`returned_date`,`contract_id`),
  KEY `index_contract_lines_on_type_and_contract_id` (`type`,`contract_id`),
  KEY `contract_lines_purpose_id_fk` (`purpose_id`),
  KEY `contract_lines_returned_to_user_id_fk` (`returned_to_user_id`),
  KEY `index_contract_lines_on_status` (`status`),
  KEY `contract_lines_inventory_pool_id_fk` (`inventory_pool_id`),
  KEY `contract_lines_user_id_fk` (`user_id`),
  KEY `contract_lines_delegated_user_id_fk` (`delegated_user_id`),
  KEY `contract_lines_handed_over_by_user_id_fk` (`handed_over_by_user_id`),
  CONSTRAINT `contract_lines_handed_over_by_user_id_fk` FOREIGN KEY (`handed_over_by_user_id`) REFERENCES `users` (`id`),
  CONSTRAINT `contract_lines_contract_id_fk` FOREIGN KEY (`contract_id`) REFERENCES `contracts` (`id`) ON DELETE CASCADE,
  CONSTRAINT `contract_lines_delegated_user_id_fk` FOREIGN KEY (`delegated_user_id`) REFERENCES `users` (`id`),
  CONSTRAINT `contract_lines_inventory_pool_id_fk` FOREIGN KEY (`inventory_pool_id`) REFERENCES `inventory_pools` (`id`),
  CONSTRAINT `contract_lines_item_id_fk` FOREIGN KEY (`item_id`) REFERENCES `items` (`id`),
  CONSTRAINT `contract_lines_model_id_fk` FOREIGN KEY (`model_id`) REFERENCES `models` (`id`),
  CONSTRAINT `contract_lines_option_id_fk` FOREIGN KEY (`option_id`) REFERENCES `options` (`id`),
  CONSTRAINT `contract_lines_purpose_id_fk` FOREIGN KEY (`purpose_id`) REFERENCES `purposes` (`id`),
  CONSTRAINT `contract_lines_returned_to_user_id_fk` FOREIGN KEY (`returned_to_user_id`) REFERENCES `users` (`id`),
  CONSTRAINT `contract_lines_user_id_fk` FOREIGN KEY (`user_id`) REFERENCES `users` (`id`)
) ENGINE=InnoDB AUTO_INCREMENT=174 DEFAULT CHARSET=utf8 COLLATE=utf8_unicode_ci;
/*!40101 SET character_set_client = @saved_cs_client */;

--
-- Dumping data for table `contract_lines`
--

LOCK TABLES `contract_lines` WRITE;
/*!40000 ALTER TABLE `contract_lines` DISABLE KEYS */;
INSERT INTO `contract_lines` VALUES (1,NULL,'ItemLine',NULL,113,1,'2017-09-29','2017-09-29',NULL,NULL,NULL,NULL,'2017-09-29 13:42:52','2017-09-29 13:42:52',7,34,NULL,NULL,'unsubmitted'),(2,NULL,'ItemLine',NULL,117,1,'2017-09-29','2017-09-29',NULL,NULL,NULL,NULL,'2017-09-29 13:42:52','2017-09-29 13:42:52',10,35,NULL,NULL,'unsubmitted'),(3,NULL,'ItemLine',NULL,121,1,'2017-09-29','2017-09-29',NULL,NULL,NULL,NULL,'2017-09-29 13:42:52','2017-09-29 13:42:52',12,36,NULL,NULL,'unsubmitted'),(4,NULL,'ItemLine',NULL,4,1,'2017-09-29','2017-09-29',NULL,NULL,NULL,NULL,'2017-09-29 13:42:52','2017-09-29 13:42:52',3,6,NULL,NULL,'unsubmitted'),(5,NULL,'ItemLine',NULL,60,1,'2017-09-29','2017-09-29',NULL,NULL,NULL,NULL,'2017-09-29 13:42:52','2017-09-29 13:42:52',1,6,NULL,NULL,'unsubmitted'),(6,NULL,'ItemLine',NULL,125,1,'2017-09-29','2017-09-29',NULL,NULL,NULL,NULL,'2017-09-29 13:42:52','2017-09-29 13:42:52',3,6,NULL,NULL,'unsubmitted'),(7,NULL,'ItemLine',NULL,8,1,'2017-10-06','2017-10-09',NULL,NULL,1,NULL,'2017-09-29 13:42:52','2017-09-29 13:42:52',1,6,NULL,NULL,'submitted'),(8,NULL,'ItemLine',NULL,8,1,'2017-10-06','2017-10-09',NULL,NULL,1,NULL,'2017-09-29 13:42:52','2017-09-29 13:42:52',1,6,NULL,NULL,'submitted'),(9,NULL,'ItemLine',NULL,8,1,'2017-10-06','2017-10-09',NULL,NULL,1,NULL,'2017-09-29 13:42:52','2017-09-29 13:42:52',1,6,NULL,NULL,'submitted'),(10,NULL,'ItemLine',NULL,8,1,'2017-10-06','2017-10-09',NULL,NULL,1,NULL,'2017-09-29 13:42:52','2017-09-29 13:42:52',1,6,NULL,NULL,'submitted'),(11,NULL,'ItemLine',NULL,8,1,'2017-10-06','2017-10-09',NULL,NULL,1,NULL,'2017-09-29 13:42:52','2017-09-29 13:42:52',1,6,NULL,NULL,'submitted'),(12,NULL,'ItemLine',NULL,9,1,'2017-10-06','2017-10-09',NULL,NULL,2,NULL,'2017-09-29 13:42:52','2017-09-29 13:42:52',1,6,NULL,NULL,'submitted'),(13,NULL,'ItemLine',NULL,9,1,'2017-10-06','2017-10-09',NULL,NULL,2,NULL,'2017-09-29 13:42:52','2017-09-29 13:42:52',1,6,NULL,NULL,'submitted'),(14,NULL,'ItemLine',NULL,9,1,'2017-10-06','2017-10-09',NULL,NULL,2,NULL,'2017-09-29 13:42:52','2017-09-29 13:42:52',1,6,NULL,NULL,'submitted'),(15,NULL,'ItemLine',NULL,9,1,'2017-10-06','2017-10-09',NULL,NULL,2,NULL,'2017-09-29 13:42:52','2017-09-29 13:42:52',1,6,NULL,NULL,'submitted'),(16,NULL,'ItemLine',NULL,9,1,'2017-10-06','2017-10-09',NULL,NULL,2,NULL,'2017-09-29 13:42:52','2017-09-29 13:42:52',1,6,NULL,NULL,'submitted'),(17,NULL,'ItemLine',NULL,22,1,'2017-09-29','2017-09-30',NULL,NULL,3,NULL,'2017-09-29 13:42:52','2017-09-29 13:42:52',1,19,NULL,NULL,'submitted'),(18,NULL,'ItemLine',NULL,89,1,'2017-09-29','2017-09-29',NULL,NULL,4,NULL,'2017-09-29 13:42:52','2017-09-29 13:42:52',1,6,NULL,NULL,'submitted'),(19,NULL,'ItemLine',NULL,85,1,'2017-09-29','2017-09-29',NULL,NULL,5,NULL,'2017-09-29 13:42:52','2017-09-29 13:42:52',2,6,NULL,NULL,'submitted'),(20,NULL,'ItemLine',NULL,24,1,'2017-09-29','2017-09-29',NULL,NULL,6,NULL,'2017-09-29 13:42:52','2017-09-29 13:42:52',1,6,NULL,NULL,'submitted'),(21,NULL,'ItemLine',NULL,77,1,'2017-09-29','2017-09-29',NULL,NULL,7,NULL,'2017-09-29 13:42:52','2017-09-29 13:42:52',1,6,NULL,NULL,'submitted'),(22,NULL,'ItemLine',NULL,129,1,'2017-09-25','2017-09-25',NULL,NULL,8,NULL,'2017-09-24 13:42:52','2017-09-24 13:42:52',1,14,NULL,NULL,'submitted'),(23,NULL,'ItemLine',NULL,130,1,'2017-09-25','2017-09-25',NULL,NULL,8,NULL,'2017-09-24 13:42:52','2017-09-24 13:42:52',1,14,NULL,NULL,'submitted'),(24,NULL,'ItemLine',NULL,131,1,'2017-09-25','2017-09-25',NULL,NULL,8,NULL,'2017-09-24 13:42:52','2017-09-24 13:42:52',1,14,NULL,NULL,'submitted'),(25,NULL,'ItemLine',NULL,132,1,'2017-09-25','2017-09-25',NULL,NULL,8,NULL,'2017-09-24 13:42:52','2017-09-24 13:42:52',1,14,NULL,NULL,'submitted'),(26,NULL,'ItemLine',NULL,19,1,'2017-09-25','2017-09-25',NULL,NULL,9,NULL,'2017-09-24 13:42:52','2017-09-24 13:42:52',1,14,NULL,NULL,'submitted'),(27,NULL,'ItemLine',NULL,133,1,'2017-09-29','2017-09-29',NULL,NULL,10,NULL,'2017-09-29 13:42:52','2017-09-29 13:42:52',1,15,NULL,NULL,'submitted'),(28,NULL,'ItemLine',NULL,134,1,'2017-09-29','2017-09-29',NULL,NULL,10,NULL,'2017-09-29 13:42:52','2017-09-29 13:42:52',1,15,NULL,NULL,'submitted'),(29,NULL,'ItemLine',NULL,135,1,'2017-09-29','2017-09-29',NULL,NULL,10,NULL,'2017-09-29 13:42:52','2017-09-29 13:42:52',1,15,NULL,NULL,'submitted'),(30,NULL,'ItemLine',NULL,136,1,'2017-09-29','2017-09-29',NULL,NULL,10,NULL,'2017-09-29 13:42:52','2017-09-29 13:42:52',1,15,NULL,NULL,'submitted'),(31,NULL,'ItemLine',NULL,21,1,'2017-09-29','2017-09-29',NULL,NULL,11,NULL,'2017-09-29 13:42:52','2017-09-29 13:42:52',1,15,NULL,NULL,'submitted'),(32,NULL,'ItemLine',NULL,137,1,'2017-09-29','2017-09-29',NULL,NULL,12,NULL,'2017-09-29 13:42:52','2017-09-29 13:42:52',1,16,NULL,NULL,'submitted'),(33,NULL,'ItemLine',NULL,138,1,'2017-09-29','2017-09-29',NULL,NULL,12,NULL,'2017-09-29 13:42:52','2017-09-29 13:42:52',1,16,NULL,NULL,'submitted'),(34,NULL,'ItemLine',NULL,139,1,'2017-09-29','2017-09-29',NULL,NULL,12,NULL,'2017-09-29 13:42:52','2017-09-29 13:42:52',1,16,NULL,NULL,'submitted'),(35,NULL,'ItemLine',NULL,140,1,'2017-09-29','2017-09-29',NULL,NULL,12,NULL,'2017-09-29 13:42:52','2017-09-29 13:42:52',1,16,NULL,NULL,'submitted'),(36,NULL,'ItemLine',NULL,141,1,'2017-09-29','2017-09-29',NULL,NULL,13,NULL,'2017-09-29 13:42:52','2017-09-29 13:42:52',1,17,NULL,NULL,'submitted'),(37,NULL,'ItemLine',NULL,142,1,'2017-09-29','2017-09-29',NULL,NULL,13,NULL,'2017-09-29 13:42:52','2017-09-29 13:42:52',1,17,NULL,NULL,'submitted'),(38,NULL,'ItemLine',NULL,143,1,'2017-09-29','2017-09-29',NULL,NULL,13,NULL,'2017-09-29 13:42:52','2017-09-29 13:42:52',1,17,NULL,NULL,'submitted'),(39,NULL,'ItemLine',NULL,144,1,'2017-09-29','2017-09-29',NULL,NULL,14,NULL,'2017-09-29 13:42:52','2017-09-29 13:42:52',1,18,NULL,NULL,'submitted'),(40,NULL,'ItemLine',NULL,145,1,'2017-09-29','2017-09-29',NULL,NULL,14,NULL,'2017-09-29 13:42:52','2017-09-29 13:42:52',1,18,NULL,NULL,'submitted'),(41,NULL,'ItemLine',NULL,146,1,'2017-09-29','2017-09-29',NULL,NULL,14,NULL,'2017-09-29 13:42:52','2017-09-29 13:42:52',1,18,NULL,NULL,'submitted'),(42,NULL,'ItemLine',NULL,147,1,'2017-09-29','2017-09-29',NULL,NULL,14,NULL,'2017-09-29 13:42:52','2017-09-29 13:42:52',1,18,NULL,NULL,'submitted'),(43,NULL,'ItemLine',NULL,148,1,'2017-09-28','2017-09-28',NULL,NULL,15,NULL,'2017-09-28 13:42:52','2017-09-28 13:42:52',1,14,NULL,NULL,'submitted'),(44,NULL,'ItemLine',NULL,149,1,'2017-09-28','2017-09-28',NULL,NULL,15,NULL,'2017-09-28 13:42:52','2017-09-28 13:42:52',1,14,NULL,NULL,'submitted'),(45,NULL,'ItemLine',NULL,150,1,'2017-09-28','2017-09-28',NULL,NULL,15,NULL,'2017-09-28 13:42:52','2017-09-28 13:42:52',1,14,NULL,NULL,'submitted'),(46,NULL,'ItemLine',NULL,151,1,'2017-09-28','2017-09-28',NULL,NULL,15,NULL,'2017-09-28 13:42:52','2017-09-28 13:42:52',1,14,NULL,NULL,'submitted'),(47,NULL,'ItemLine',NULL,20,1,'2017-09-28','2017-09-28',NULL,NULL,16,NULL,'2017-09-28 13:42:52','2017-09-28 13:42:52',1,14,NULL,NULL,'submitted'),(48,NULL,'ItemLine',NULL,20,1,'2017-09-28','2017-09-28',NULL,NULL,16,NULL,'2017-09-28 13:42:52','2017-09-28 13:42:52',1,14,NULL,NULL,'submitted'),(49,NULL,'ItemLine',NULL,152,1,'2017-09-22','2017-09-22',NULL,NULL,17,NULL,'2017-09-22 13:42:52','2017-09-22 13:42:52',1,14,NULL,NULL,'submitted'),(50,NULL,'ItemLine',NULL,153,1,'2017-09-22','2017-09-22',NULL,NULL,17,NULL,'2017-09-22 13:42:52','2017-09-22 13:42:52',1,14,NULL,NULL,'submitted'),(51,NULL,'ItemLine',NULL,154,1,'2017-09-22','2017-09-22',NULL,NULL,17,NULL,'2017-09-22 13:42:52','2017-09-22 13:42:52',1,14,NULL,NULL,'submitted'),(52,NULL,'ItemLine',NULL,8,1,'2017-10-06','2017-10-09',NULL,NULL,18,NULL,'2017-09-29 13:42:52','2017-09-29 13:42:52',1,11,NULL,NULL,'submitted'),(53,NULL,'ItemLine',NULL,9,1,'2017-10-06','2017-10-09',NULL,NULL,19,NULL,'2017-09-29 13:42:52','2017-09-29 13:42:52',1,11,NULL,NULL,'submitted'),(54,NULL,'ItemLine',NULL,9,1,'2017-10-07','2017-10-10',NULL,NULL,20,NULL,'2017-09-29 13:42:52','2017-09-29 13:42:52',1,11,NULL,NULL,'submitted'),(55,NULL,'ItemLine',NULL,6,1,'2017-09-29','2017-09-30',NULL,NULL,21,NULL,'2017-09-29 13:42:52','2017-09-29 13:42:52',1,11,NULL,NULL,'submitted'),(56,NULL,'ItemLine',NULL,155,1,'2017-09-29','2017-09-29',NULL,NULL,22,NULL,'2017-09-29 13:42:52','2017-09-29 13:42:52',13,37,NULL,NULL,'approved'),(57,NULL,'ItemLine',179,159,1,'2017-09-29','2017-09-29',NULL,NULL,23,NULL,'2017-09-29 13:42:52','2017-09-29 13:42:52',1,22,NULL,NULL,'approved'),(58,NULL,'ItemLine',180,160,1,'2017-09-29','2017-09-29',NULL,NULL,23,NULL,'2017-09-29 13:42:52','2017-09-29 13:42:52',1,22,NULL,NULL,'approved'),(59,NULL,'ItemLine',181,161,1,'2017-09-29','2017-09-29',NULL,NULL,23,NULL,'2017-09-29 13:42:52','2017-09-29 13:42:52',1,22,NULL,NULL,'approved'),(60,NULL,'ItemLine',182,162,1,'2017-09-29','2017-09-29',NULL,NULL,23,NULL,'2017-09-29 13:42:52','2017-09-29 13:42:52',1,22,NULL,NULL,'approved'),(61,NULL,'ItemLine',183,163,1,'2017-09-29','2017-09-29',NULL,NULL,23,NULL,'2017-09-29 13:42:52','2017-09-29 13:42:52',1,22,NULL,NULL,'approved'),(62,NULL,'ItemLine',184,164,1,'2017-09-29','2017-09-29',NULL,NULL,23,NULL,'2017-09-29 13:42:52','2017-09-29 13:42:52',1,22,NULL,NULL,'approved'),(63,NULL,'ItemLine',185,165,1,'2017-09-29','2017-09-29',NULL,NULL,23,NULL,'2017-09-29 13:42:52','2017-09-29 13:42:52',1,22,NULL,NULL,'approved'),(64,NULL,'ItemLine',186,166,1,'2017-09-29','2017-09-29',NULL,NULL,23,NULL,'2017-09-29 13:42:52','2017-09-29 13:42:52',1,22,NULL,NULL,'approved'),(65,NULL,'ItemLine',187,167,1,'2017-09-29','2017-09-29',NULL,NULL,23,NULL,'2017-09-29 13:42:52','2017-09-29 13:42:52',1,22,NULL,NULL,'approved'),(66,NULL,'ItemLine',188,168,1,'2017-09-29','2017-09-29',NULL,NULL,23,NULL,'2017-09-29 13:42:52','2017-09-29 13:42:52',1,22,NULL,NULL,'approved'),(67,NULL,'ItemLine',189,169,1,'2017-09-29','2017-09-29',NULL,NULL,23,NULL,'2017-09-29 13:42:52','2017-09-29 13:42:52',1,22,NULL,NULL,'approved'),(68,NULL,'ItemLine',190,170,1,'2017-09-29','2017-09-29',NULL,NULL,23,NULL,'2017-09-29 13:42:52','2017-09-29 13:42:52',1,22,NULL,NULL,'approved'),(69,NULL,'ItemLine',191,171,1,'2017-09-29','2017-09-29',NULL,NULL,23,NULL,'2017-09-29 13:42:52','2017-09-29 13:42:52',1,22,NULL,NULL,'approved'),(70,NULL,'ItemLine',192,172,1,'2017-09-29','2017-09-29',NULL,NULL,23,NULL,'2017-09-29 13:42:52','2017-09-29 13:42:52',1,22,NULL,NULL,'approved'),(71,NULL,'ItemLine',193,173,1,'2017-09-29','2017-09-29',NULL,NULL,23,NULL,'2017-09-29 13:42:52','2017-09-29 13:42:52',1,22,NULL,NULL,'approved'),(72,NULL,'ItemLine',194,174,1,'2017-09-29','2017-09-29',NULL,NULL,23,NULL,'2017-09-29 13:42:52','2017-09-29 13:42:52',1,22,NULL,NULL,'approved'),(73,NULL,'ItemLine',195,175,1,'2017-09-29','2017-09-29',NULL,NULL,23,NULL,'2017-09-29 13:42:52','2017-09-29 13:42:52',1,22,NULL,NULL,'approved'),(74,NULL,'ItemLine',196,176,1,'2017-09-29','2017-09-29',NULL,NULL,23,NULL,'2017-09-29 13:42:52','2017-09-29 13:42:52',1,22,NULL,NULL,'approved'),(75,NULL,'ItemLine',197,177,1,'2017-09-29','2017-09-29',NULL,NULL,23,NULL,'2017-09-29 13:42:52','2017-09-29 13:42:52',1,22,NULL,NULL,'approved'),(76,NULL,'ItemLine',198,178,1,'2017-09-29','2017-09-29',NULL,NULL,23,NULL,'2017-09-29 13:42:52','2017-09-29 13:42:52',1,22,NULL,NULL,'approved'),(77,NULL,'ItemLine',199,179,1,'2017-09-29','2017-09-29',NULL,NULL,23,NULL,'2017-09-29 13:42:52','2017-09-29 13:42:52',1,22,NULL,NULL,'approved'),(78,NULL,'ItemLine',200,180,1,'2017-09-29','2017-09-29',NULL,NULL,23,NULL,'2017-09-29 13:42:52','2017-09-29 13:42:52',1,22,NULL,NULL,'approved'),(79,NULL,'ItemLine',201,181,1,'2017-09-29','2017-09-29',NULL,NULL,23,NULL,'2017-09-29 13:42:52','2017-09-29 13:42:52',1,22,NULL,NULL,'approved'),(80,NULL,'ItemLine',202,182,1,'2017-09-29','2017-09-29',NULL,NULL,23,NULL,'2017-09-29 13:42:52','2017-09-29 13:42:52',1,22,NULL,NULL,'approved'),(81,NULL,'ItemLine',203,183,1,'2017-09-29','2017-09-29',NULL,NULL,23,NULL,'2017-09-29 13:42:52','2017-09-29 13:42:52',1,22,NULL,NULL,'approved'),(82,NULL,'ItemLine',204,184,1,'2017-09-29','2017-09-29',NULL,NULL,23,NULL,'2017-09-29 13:42:52','2017-09-29 13:42:52',1,22,NULL,NULL,'approved'),(83,NULL,'ItemLine',205,185,1,'2017-09-29','2017-09-29',NULL,NULL,23,NULL,'2017-09-29 13:42:52','2017-09-29 13:42:52',1,22,NULL,NULL,'approved'),(84,NULL,'ItemLine',206,186,1,'2017-09-29','2017-09-29',NULL,NULL,23,NULL,'2017-09-29 13:42:52','2017-09-29 13:42:52',1,22,NULL,NULL,'approved'),(85,NULL,'ItemLine',207,187,1,'2017-09-29','2017-09-29',NULL,NULL,23,NULL,'2017-09-29 13:42:52','2017-09-29 13:42:52',1,22,NULL,NULL,'approved'),(86,NULL,'ItemLine',208,188,1,'2017-09-29','2017-09-29',NULL,NULL,23,NULL,'2017-09-29 13:42:52','2017-09-29 13:42:52',1,22,NULL,NULL,'approved'),(87,NULL,'ItemLine',209,189,1,'2017-09-29','2017-09-29',NULL,NULL,23,NULL,'2017-09-29 13:42:52','2017-09-29 13:42:52',1,22,NULL,NULL,'approved'),(88,NULL,'ItemLine',210,190,1,'2017-09-29','2017-09-29',NULL,NULL,23,NULL,'2017-09-29 13:42:52','2017-09-29 13:42:52',1,22,NULL,NULL,'approved'),(89,NULL,'ItemLine',211,191,1,'2017-09-29','2017-09-29',NULL,NULL,23,NULL,'2017-09-29 13:42:52','2017-09-29 13:42:52',1,22,NULL,NULL,'approved'),(90,NULL,'ItemLine',212,192,1,'2017-09-29','2017-09-29',NULL,NULL,23,NULL,'2017-09-29 13:42:52','2017-09-29 13:42:52',1,22,NULL,NULL,'approved'),(91,NULL,'ItemLine',213,193,1,'2017-09-29','2017-09-29',NULL,NULL,23,NULL,'2017-09-29 13:42:52','2017-09-29 13:42:52',1,22,NULL,NULL,'approved'),(92,NULL,'ItemLine',214,194,1,'2017-09-29','2017-09-29',NULL,NULL,23,NULL,'2017-09-29 13:42:52','2017-09-29 13:42:52',1,22,NULL,NULL,'approved'),(93,NULL,'ItemLine',215,195,1,'2017-09-29','2017-09-29',NULL,NULL,23,NULL,'2017-09-29 13:42:52','2017-09-29 13:42:52',1,22,NULL,NULL,'approved'),(94,NULL,'ItemLine',NULL,196,1,'2017-09-29','2017-09-29',NULL,NULL,24,NULL,'2017-09-29 13:42:52','2017-09-29 13:42:52',1,22,NULL,NULL,'approved'),(95,NULL,'ItemLine',NULL,197,1,'2017-09-25','2017-09-25',NULL,NULL,25,NULL,'2017-09-25 13:42:52','2017-09-25 13:42:52',1,14,NULL,NULL,'approved'),(96,NULL,'ItemLine',NULL,198,1,'2017-09-25','2017-09-25',NULL,NULL,25,NULL,'2017-09-25 13:42:52','2017-09-25 13:42:52',1,14,NULL,NULL,'approved'),(97,NULL,'ItemLine',NULL,199,1,'2017-09-25','2017-09-25',NULL,NULL,25,NULL,'2017-09-25 13:42:52','2017-09-25 13:42:52',1,14,NULL,NULL,'approved'),(98,NULL,'ItemLine',NULL,19,1,'2017-09-25','2017-09-25',NULL,NULL,26,NULL,'2017-09-25 13:42:52','2017-09-25 13:42:52',1,14,NULL,NULL,'approved'),(99,1,'ItemLine',88,19,1,'2017-06-29','2017-06-29','2017-06-29',NULL,27,NULL,'2017-06-29 13:42:52','2017-06-29 13:42:52',1,14,NULL,5,'closed'),(100,2,'ItemLine',220,200,1,'2017-09-29','2017-09-29',NULL,NULL,28,NULL,'2017-09-29 13:42:52','2017-09-29 13:42:52',1,21,NULL,5,'signed'),(101,2,'OptionLine',NULL,NULL,2,'2017-09-29','2017-09-29',NULL,5,29,NULL,'2017-09-29 13:42:52','2017-09-29 13:42:52',1,21,NULL,5,'signed'),(102,3,'OptionLine',NULL,NULL,2,'2017-09-29','2017-09-29',NULL,4,30,NULL,'2017-09-29 13:42:52','2017-09-29 13:42:52',1,8,NULL,5,'signed'),(103,3,'OptionLine',NULL,NULL,1,'2017-09-29','2017-10-29',NULL,4,31,NULL,'2017-09-29 13:42:52','2017-09-29 13:42:52',1,8,NULL,5,'signed'),(104,4,'ItemLine',221,201,1,'2017-09-29','2017-09-29',NULL,NULL,32,NULL,'2017-09-29 13:42:52','2017-09-29 13:42:52',1,11,NULL,5,'signed'),(105,NULL,'ItemLine',NULL,202,1,'2017-09-24','2017-09-28',NULL,NULL,33,NULL,'2017-09-24 13:42:52','2017-09-24 13:42:52',2,27,10,NULL,'approved'),(106,NULL,'OptionLine',NULL,NULL,1,'2017-09-24','2017-09-28',NULL,6,34,NULL,'2017-09-24 13:42:52','2017-09-24 13:42:52',2,6,NULL,NULL,'approved'),(107,5,'ItemLine',86,4,1,'2017-09-29','2017-09-29','2017-09-29',NULL,35,NULL,'2017-09-29 13:42:52','2017-09-29 13:42:52',1,6,NULL,5,'closed'),(108,6,'ItemLine',87,4,1,'2017-09-29','2017-09-29','2017-09-29',NULL,36,NULL,'2017-09-29 13:42:52','2017-09-29 13:42:52',1,26,12,5,'closed'),(109,7,'ItemLine',223,203,1,'2017-09-29','2017-09-29','2017-09-29',NULL,37,NULL,'2017-09-29 13:42:52','2017-09-29 13:42:52',1,20,NULL,5,'closed'),(110,8,'ItemLine',126,103,1,'2017-09-29','2017-09-29','2017-09-29',NULL,38,NULL,'2017-09-29 13:42:52','2017-09-29 13:42:52',1,20,NULL,5,'closed'),(111,NULL,'ItemLine',NULL,9,1,'2017-09-29','2017-09-29',NULL,NULL,39,NULL,'2017-09-29 13:42:52','2017-09-29 13:42:52',1,6,NULL,NULL,'approved'),(112,NULL,'ItemLine',NULL,9,1,'2017-09-29','2017-09-29',NULL,NULL,40,NULL,'2017-09-29 13:42:52','2017-09-29 13:42:52',1,6,NULL,NULL,'approved'),(113,NULL,'ItemLine',NULL,2,1,'2017-09-29','2017-09-29',NULL,NULL,41,NULL,'2017-09-29 13:42:52','2017-09-29 13:42:52',1,6,NULL,NULL,'approved'),(114,NULL,'ItemLine',NULL,9,1,'2017-10-06','2017-10-07',NULL,NULL,42,NULL,'2017-09-29 13:42:52','2017-09-29 13:42:52',1,6,NULL,NULL,'approved'),(115,NULL,'ItemLine',NULL,2,1,'2017-09-29','2017-09-29',NULL,NULL,43,NULL,'2017-09-29 13:42:52','2017-09-29 13:42:52',1,6,NULL,NULL,'approved'),(116,NULL,'ItemLine',NULL,2,1,'2017-09-29','2017-09-29',NULL,NULL,43,NULL,'2017-09-29 13:42:52','2017-09-29 13:42:52',1,6,NULL,NULL,'approved'),(117,NULL,'ItemLine',NULL,2,1,'2017-09-29','2017-09-29',NULL,NULL,43,NULL,'2017-09-29 13:42:52','2017-09-29 13:42:52',1,6,NULL,NULL,'approved'),(118,NULL,'ItemLine',NULL,8,1,'2017-09-29','2017-09-29',NULL,NULL,44,NULL,'2017-09-29 13:42:52','2017-09-29 13:42:52',1,6,NULL,NULL,'approved'),(119,NULL,'ItemLine',NULL,8,1,'2017-09-29','2017-09-29',NULL,NULL,44,NULL,'2017-09-29 13:42:52','2017-09-29 13:42:52',1,6,NULL,NULL,'approved'),(120,NULL,'ItemLine',NULL,8,1,'2017-09-29','2017-09-29',NULL,NULL,44,NULL,'2017-09-29 13:42:52','2017-09-29 13:42:52',1,6,NULL,NULL,'approved'),(121,NULL,'ItemLine',NULL,9,1,'2017-09-29','2017-09-29',NULL,NULL,45,NULL,'2017-09-29 13:42:52','2017-09-29 13:42:52',1,6,NULL,NULL,'approved'),(122,NULL,'ItemLine',NULL,9,1,'2017-09-29','2017-09-29',NULL,NULL,45,NULL,'2017-09-29 13:42:52','2017-09-29 13:42:52',1,6,NULL,NULL,'approved'),(123,NULL,'ItemLine',NULL,9,1,'2017-09-29','2017-09-29',NULL,NULL,45,NULL,'2017-09-29 13:42:52','2017-09-29 13:42:52',1,6,NULL,NULL,'approved'),(124,NULL,'OptionLine',NULL,NULL,5,'2017-09-29','2017-09-29',NULL,1,46,NULL,'2017-09-29 13:42:52','2017-09-29 13:42:52',1,6,NULL,NULL,'approved'),(125,NULL,'ItemLine',NULL,204,1,'2017-09-29','2017-09-29',NULL,NULL,47,NULL,'2017-09-29 13:42:52','2017-09-29 13:42:52',1,6,NULL,NULL,'approved'),(126,NULL,'ItemLine',225,205,1,'2017-09-29','2017-09-29',NULL,NULL,48,NULL,'2017-09-29 13:42:52','2017-09-29 13:42:52',1,6,NULL,NULL,'approved'),(127,9,'ItemLine',60,8,1,'2017-09-29','2017-09-29',NULL,NULL,49,NULL,'2017-09-29 13:42:52','2017-09-29 13:42:52',1,6,NULL,5,'signed'),(128,10,'ItemLine',93,23,1,'2017-09-24','2017-09-28',NULL,NULL,50,NULL,'2017-09-24 13:42:52','2017-09-24 13:42:52',1,13,NULL,5,'signed'),(129,10,'OptionLine',NULL,NULL,1,'2017-09-24','2017-09-25',NULL,7,51,NULL,'2017-09-24 13:42:52','2017-09-24 13:42:52',1,13,NULL,5,'signed'),(130,11,'ItemLine',226,206,1,'2017-09-29','2017-09-29',NULL,NULL,52,NULL,'2017-09-29 13:42:52','2017-09-29 13:42:52',1,6,NULL,5,'signed'),(131,12,'ItemLine',227,207,1,'2017-09-29','2017-09-29','2017-09-29',NULL,53,5,'2017-09-29 13:42:52','2017-09-29 13:42:52',2,6,NULL,5,'closed'),(132,12,'ItemLine',228,208,1,'2017-09-29','2017-09-29',NULL,NULL,53,NULL,'2017-09-29 13:42:52','2017-09-29 13:42:52',2,6,NULL,5,'signed'),(133,13,'ItemLine',108,88,1,'2017-09-29','2017-09-29',NULL,NULL,54,NULL,'2017-09-29 13:42:52','2017-09-29 13:42:52',2,6,NULL,5,'signed'),(134,13,'ItemLine',56,2,1,'2017-09-29','2017-09-29',NULL,NULL,55,NULL,'2017-09-29 13:42:52','2017-09-29 13:42:52',2,6,NULL,5,'signed'),(135,14,'ItemLine',229,209,1,'2017-09-29','2017-09-29',NULL,NULL,56,NULL,'2017-09-29 13:42:52','2017-09-29 13:42:52',2,6,NULL,5,'signed'),(136,15,'ItemLine',110,90,1,'2017-09-29','2017-09-29',NULL,NULL,57,NULL,'2017-09-29 13:42:52','2017-09-29 13:42:52',1,6,NULL,5,'signed'),(137,NULL,'ItemLine',NULL,2,1,'2017-09-27','2017-09-30',NULL,NULL,58,NULL,'2017-09-29 13:42:52','2017-09-29 13:42:52',1,11,NULL,NULL,'approved'),(138,NULL,'ItemLine',NULL,210,1,'2017-09-27','2017-09-30',NULL,NULL,59,NULL,'2017-09-29 13:42:52','2017-09-29 13:42:52',1,11,NULL,NULL,'approved'),(139,NULL,'ItemLine',NULL,22,1,'2017-09-29','2017-09-29',NULL,NULL,60,NULL,'2017-09-29 13:42:52','2017-09-29 13:42:52',1,13,NULL,NULL,'submitted'),(140,NULL,'ItemLine',NULL,22,1,'2017-09-29','2017-09-29',NULL,NULL,60,NULL,'2017-09-29 13:42:52','2017-09-29 13:42:52',1,13,NULL,NULL,'submitted'),(141,16,'ItemLine',53,2,1,'2017-09-29','2017-09-29',NULL,NULL,61,NULL,'2017-09-29 13:42:52','2017-09-29 13:42:52',1,11,NULL,5,'signed'),(142,16,'OptionLine',NULL,NULL,1,'2017-09-29','2017-09-29',NULL,1,62,NULL,'2017-09-29 13:42:52','2017-09-29 13:42:52',1,11,NULL,5,'signed'),(143,NULL,'ItemLine',NULL,8,1,'2017-11-05','2017-11-13',NULL,NULL,63,NULL,'2017-09-29 13:42:52','2017-09-29 13:42:52',1,13,NULL,NULL,'submitted'),(144,NULL,'ItemLine',NULL,8,1,'2017-11-20','2017-11-23',NULL,NULL,64,NULL,'2017-09-29 13:42:52','2017-09-29 13:42:52',1,13,NULL,NULL,'submitted'),(145,NULL,'ItemLine',NULL,8,1,'2017-11-20','2017-11-23',NULL,NULL,64,NULL,'2017-09-29 13:42:52','2017-09-29 13:42:52',1,13,NULL,NULL,'submitted'),(146,NULL,'ItemLine',NULL,8,1,'2017-11-20','2017-11-23',NULL,NULL,64,NULL,'2017-09-29 13:42:52','2017-09-29 13:42:52',1,13,NULL,NULL,'submitted'),(147,NULL,'ItemLine',NULL,8,1,'2017-11-20','2017-11-23',NULL,NULL,64,NULL,'2017-09-29 13:42:52','2017-09-29 13:42:52',1,13,NULL,NULL,'submitted'),(148,NULL,'ItemLine',NULL,8,1,'2017-11-20','2017-11-23',NULL,NULL,64,NULL,'2017-09-29 13:42:52','2017-09-29 13:42:52',1,13,NULL,NULL,'submitted'),(149,NULL,'ItemLine',NULL,8,1,'2017-11-20','2017-11-23',NULL,NULL,64,NULL,'2017-09-29 13:42:52','2017-09-29 13:42:52',1,13,NULL,NULL,'submitted'),(150,NULL,'ItemLine',NULL,211,1,'2017-09-29','2017-09-29',NULL,NULL,65,NULL,'2017-09-29 13:42:52','2017-09-29 13:42:52',1,26,10,NULL,'submitted'),(151,NULL,'ItemLine',NULL,212,1,'2017-09-29','2017-09-29',NULL,NULL,65,NULL,'2017-09-29 13:42:52','2017-09-29 13:42:52',1,26,10,NULL,'submitted'),(152,NULL,'ItemLine',NULL,213,1,'2017-09-29','2017-09-29',NULL,NULL,65,NULL,'2017-09-29 13:42:52','2017-09-29 13:42:52',1,26,10,NULL,'submitted'),(153,NULL,'ItemLine',NULL,214,1,'2017-09-29','2017-09-29',NULL,NULL,65,NULL,'2017-09-29 13:42:52','2017-09-29 13:42:52',1,26,10,NULL,'submitted'),(154,NULL,'ItemLine',NULL,215,1,'2017-09-29','2017-09-29',NULL,NULL,65,NULL,'2017-09-29 13:42:52','2017-09-29 13:42:52',1,26,10,NULL,'submitted'),(155,NULL,'ItemLine',NULL,216,1,'2017-09-29','2017-09-29',NULL,NULL,66,NULL,'2017-09-29 13:42:52','2017-09-29 13:42:52',1,26,12,NULL,'approved'),(156,NULL,'ItemLine',NULL,217,1,'2017-09-29','2017-09-29',NULL,NULL,66,NULL,'2017-09-29 13:42:52','2017-09-29 13:42:52',1,26,12,NULL,'approved'),(157,NULL,'ItemLine',NULL,218,1,'2017-09-29','2017-09-29',NULL,NULL,66,NULL,'2017-09-29 13:42:52','2017-09-29 13:42:52',1,26,12,NULL,'approved'),(158,NULL,'ItemLine',239,219,1,'2017-09-29','2017-09-29',NULL,NULL,67,NULL,'2017-09-29 13:42:52','2017-09-29 13:42:52',1,30,24,NULL,'approved'),(159,NULL,'ItemLine',240,220,1,'2017-09-29','2017-09-29',NULL,NULL,67,NULL,'2017-09-29 13:42:52','2017-09-29 13:42:52',1,30,24,NULL,'approved'),(160,NULL,'ItemLine',241,221,1,'2017-09-29','2017-09-29',NULL,NULL,67,NULL,'2017-09-29 13:42:52','2017-09-29 13:42:52',1,30,24,NULL,'approved'),(161,17,'ItemLine',242,222,1,'2017-09-29','2017-09-29',NULL,NULL,68,NULL,'2017-09-29 13:42:52','2017-09-29 13:42:52',1,26,10,5,'signed'),(162,17,'ItemLine',243,223,1,'2017-09-29','2017-09-29',NULL,NULL,68,NULL,'2017-09-29 13:42:52','2017-09-29 13:42:52',1,26,10,5,'signed'),(163,17,'ItemLine',244,224,1,'2017-09-29','2017-09-29',NULL,NULL,68,NULL,'2017-09-29 13:42:52','2017-09-29 13:42:52',1,26,10,5,'signed'),(164,18,'ItemLine',245,225,1,'2017-09-24','2017-09-25',NULL,NULL,69,NULL,'2017-09-24 13:42:52','2017-09-24 13:42:52',1,26,10,5,'signed'),(165,18,'ItemLine',246,226,1,'2017-09-24','2017-09-25',NULL,NULL,69,NULL,'2017-09-24 13:42:52','2017-09-24 13:42:52',1,26,10,5,'signed'),(166,18,'ItemLine',247,227,1,'2017-09-24','2017-09-25',NULL,NULL,69,NULL,'2017-09-24 13:42:52','2017-09-24 13:42:52',1,26,10,5,'signed'),(167,18,'ItemLine',248,228,1,'2017-09-24','2017-09-25',NULL,NULL,69,NULL,'2017-09-24 13:42:52','2017-09-24 13:42:52',1,26,10,5,'signed'),(168,18,'ItemLine',249,229,1,'2017-09-24','2017-09-25',NULL,NULL,69,NULL,'2017-09-24 13:42:52','2017-09-24 13:42:52',1,26,10,5,'signed'),(169,NULL,'ItemLine',NULL,230,1,'2017-09-22','2017-09-22',NULL,NULL,70,NULL,'2017-09-22 13:42:52','2017-09-22 13:42:52',1,14,NULL,NULL,'rejected'),(170,NULL,'ItemLine',NULL,231,1,'2017-09-22','2017-09-22',NULL,NULL,70,NULL,'2017-09-22 13:42:52','2017-09-22 13:42:52',1,14,NULL,NULL,'rejected'),(171,NULL,'ItemLine',NULL,232,1,'2017-09-22','2017-09-22',NULL,NULL,70,NULL,'2017-09-22 13:42:52','2017-09-22 13:42:52',1,14,NULL,NULL,'rejected'),(172,NULL,'ItemLine',NULL,233,1,'2017-09-22','2017-09-22',NULL,NULL,70,NULL,'2017-09-22 13:42:52','2017-09-22 13:42:52',1,14,NULL,NULL,'rejected'),(173,NULL,'ItemLine',NULL,19,1,'2017-09-22','2017-09-22',NULL,NULL,71,NULL,'2017-09-22 13:42:52','2017-09-22 13:42:52',1,14,NULL,NULL,'rejected');
/*!40000 ALTER TABLE `contract_lines` ENABLE KEYS */;
UNLOCK TABLES;

--
-- Temporary table structure for view `contract_lines_bundles`
--

DROP TABLE IF EXISTS `contract_lines_bundles`;
/*!50001 DROP VIEW IF EXISTS `contract_lines_bundles`*/;
SET @saved_cs_client     = @@character_set_client;
SET character_set_client = utf8;
/*!50001 CREATE TABLE `contract_lines_bundles` (
  `id` varbinary(61),
  `user_id` int(11),
  `inventory_pool_id` int(11),
  `status` enum('unsubmitted','submitted','rejected','approved','signed','closed'),
  `visit_date` date,
  `quantity` decimal(32,0),
  `verifiable_user` int(1),
  `verifiable_user_and_model` int(1),
  `created_at` datetime
) ENGINE=MyISAM */;
SET character_set_client = @saved_cs_client;

--
-- Table structure for table `contracts`
--

DROP TABLE IF EXISTS `contracts`;
/*!40101 SET @saved_cs_client     = @@character_set_client */;
/*!40101 SET character_set_client = utf8 */;
CREATE TABLE `contracts` (
  `id` int(11) NOT NULL AUTO_INCREMENT,
  `note` text COLLATE utf8_unicode_ci,
  `created_at` datetime DEFAULT NULL,
  `updated_at` datetime DEFAULT NULL,
  PRIMARY KEY (`id`)
) ENGINE=InnoDB AUTO_INCREMENT=19 DEFAULT CHARSET=utf8 COLLATE=utf8_unicode_ci;
/*!40101 SET character_set_client = @saved_cs_client */;

--
-- Dumping data for table `contracts`
--

LOCK TABLES `contracts` WRITE;
/*!40000 ALTER TABLE `contracts` DISABLE KEYS */;
INSERT INTO `contracts` VALUES (1,NULL,'2017-06-29 13:42:52','2017-06-29 13:42:52'),(2,NULL,'2017-09-29 13:42:52','2017-09-29 13:42:52'),(3,NULL,'2017-09-29 13:42:52','2017-09-29 13:42:52'),(4,NULL,'2017-09-29 13:42:52','2017-09-29 13:42:52'),(5,NULL,'2017-09-29 13:42:52','2017-09-29 13:42:52'),(6,NULL,'2017-09-29 13:42:52','2017-09-29 13:42:52'),(7,NULL,'2017-09-29 13:42:52','2017-09-29 13:42:52'),(8,NULL,'2017-09-29 13:42:52','2017-09-29 13:42:52'),(9,NULL,'2017-09-29 13:42:52','2017-09-29 13:42:52'),(10,NULL,'2017-09-24 13:42:52','2017-09-24 13:42:52'),(11,NULL,'2017-09-29 13:42:52','2017-09-29 13:42:52'),(12,NULL,'2017-09-29 13:42:52','2017-09-29 13:42:52'),(13,NULL,'2017-09-29 13:42:52','2017-09-29 13:42:52'),(14,NULL,'2017-09-29 13:42:52','2017-09-29 13:42:52'),(15,NULL,'2017-09-29 13:42:52','2017-09-29 13:42:52'),(16,NULL,'2017-09-29 13:42:52','2017-09-29 13:42:52'),(17,NULL,'2017-09-29 13:42:52','2017-09-29 13:42:52'),(18,NULL,'2017-09-24 13:42:52','2017-09-24 13:42:52');
/*!40000 ALTER TABLE `contracts` ENABLE KEYS */;
UNLOCK TABLES;

--
-- Table structure for table `database_authentications`
--

DROP TABLE IF EXISTS `database_authentications`;
/*!40101 SET @saved_cs_client     = @@character_set_client */;
/*!40101 SET character_set_client = utf8 */;
CREATE TABLE `database_authentications` (
  `id` int(11) NOT NULL AUTO_INCREMENT,
  `login` varchar(255) COLLATE utf8_unicode_ci DEFAULT NULL,
  `crypted_password` varchar(40) COLLATE utf8_unicode_ci DEFAULT NULL,
  `salt` varchar(40) COLLATE utf8_unicode_ci DEFAULT NULL,
  `user_id` int(11) DEFAULT NULL,
  `created_at` datetime DEFAULT NULL,
  `updated_at` datetime DEFAULT NULL,
  PRIMARY KEY (`id`),
  KEY `database_authentications_user_id_fk` (`user_id`),
  CONSTRAINT `database_authentications_user_id_fk` FOREIGN KEY (`user_id`) REFERENCES `users` (`id`) ON DELETE CASCADE
) ENGINE=InnoDB AUTO_INCREMENT=33 DEFAULT CHARSET=utf8 COLLATE=utf8_unicode_ci;
/*!40101 SET character_set_client = @saved_cs_client */;

--
-- Dumping data for table `database_authentications`
--

LOCK TABLES `database_authentications` WRITE;
/*!40000 ALTER TABLE `database_authentications` DISABLE KEYS */;
INSERT INTO `database_authentications` VALUES (1,'gino','7f7409c3db27036caa33639fb6a05aa2e270fc98','a94357bd5c57ea67db3a6070deba58df57b962cb',1,'2017-09-29 13:42:52','2017-09-29 13:42:52'),(2,'ramon','517addb26665b28f997ebfc2e2c631c03d1fe51e','21d8265b6fed7fbd4fe90a4180d7b68f87e907ab',2,'2017-09-29 13:42:52','2017-09-29 13:42:52'),(3,'matti','23ac222f3b6f20ccfe75a8495903cd0513377ef3','b584133729c99c43f880ef2f6e54b88705d31fbf',3,'2017-09-29 13:42:52','2017-09-29 13:42:52'),(4,'mike','c9bff83c89b979dfefe6a1f90e10117635d53f1d','65a96d8f8bc55905f487ab73f728a0e60e751998',4,'2017-09-29 13:42:52','2017-09-29 13:42:52'),(5,'pius','a111e7b6a49ef6aa5a140b15f0e17a06a74cc7f0','bb924404a8b8fa1a9864828b408ca5649abd236e',5,'2017-09-29 13:42:52','2017-09-29 13:42:52'),(6,'normin','cc30ddcecd97a63ab9e934e39b27dac6f0750416','7fb663f7af90fa33535eca5f85a23506c2fe0896',6,'2017-09-29 13:42:52','2017-09-29 13:42:52'),(7,'janiya','4b4f1ea67ef820816a165108ec96395adf376c60','5eda484db774b2c24402d1f3ad9a145631f2607e',7,'2017-09-29 13:42:52','2017-09-29 13:42:52'),(8,'peter','5cf1e89d881b0dc5c5b3a74f7b61b4ecebcd507d','06cb2a2b13e9a9b7291a174712306ac86a3a5396',8,'2017-09-29 13:42:52','2017-09-29 13:42:52'),(9,'andi','5725cb44d3f68b0b8ae773cec172f75d774bfa31','e74d368f6d3a08bd463ab97b57b78f4ebe8bda61',9,'2017-09-29 13:42:52','2017-09-29 13:42:52'),(10,'mina','224280aaa58eb5b88c3ff6682bc916d3ed79f464','df25fbf98a38709c105900ca263f5e13b0a1b716',10,'2017-09-29 13:42:52','2017-09-29 13:42:52'),(11,'petra','65f03dee2ffafdc5cfab6373500f7021edd34393','890ad70e26f732ad9e68beefff559d7c807f75ee',11,'2017-09-29 13:42:52','2017-09-29 13:42:52'),(12,'julie','cfad89d8aa750573fd29ab533052433d1694ea20','7629a57c43353c33abb46b52c91b1d17c97fb544',12,'2017-09-29 13:42:52','2017-09-29 13:42:52'),(13,'lisa','5470eeb62cd66cde2f8816077178b3e1af7dd309','1efbb08f1a12c041c56c4ee61e6b01f803c3fcae',13,'2017-09-29 13:42:52','2017-09-29 13:42:52'),(14,'travis','3b63432aa1ba238f4d726992f895cc592ee7945b','1a00760a68ce3a2ef314c252f408869d632c3542',14,'2017-09-29 13:42:52','2017-09-29 13:42:52'),(15,'shayne','11b9342af606452c66aff2c85b2997263d3f0bda','1d064110e3879ec987982af8ce1afa09dc19fa9c',15,'2017-09-29 13:42:52','2017-09-29 13:42:52'),(16,'damien','f89b39f1fb810ba2e21e24be6a397b8cc72ab9eb','5d29640e43f1538ed26a6e501dfb8c9c10f6b816',16,'2017-09-29 13:42:52','2017-09-29 13:42:52'),(17,'lucy','323d61669222eedad3dcab809adbb8bad7913a96','857867e902e81bb304947accb096e0f46464839e',17,'2017-09-29 13:42:52','2017-09-29 13:42:52'),(18,'kristina','a84a41569c2413d109dd706df9e03b3e0cf9b915','db18bfb5921740e1d91e54f49dcccd30260a3586',18,'2017-09-29 13:42:52','2017-09-29 13:42:52'),(19,'haven','c182048a064bbdc9790c31f53d659cbe64f5708c','80e0b8a50cffe225fbd06c30420185f02ce859f3',19,'2017-09-29 13:42:52','2017-09-29 13:42:52'),(20,'abelardo','c0c0548f17f23cb19dc47c4bcdbf05854d12a225','1d444916691f35d27b6efc7dc5d5bcb7d40ee2f7',20,'2017-09-29 13:42:52','2017-09-29 13:42:52'),(21,'zachariah','7e4141f118d772f24d0c881674fc0f2d1bca36fc','9a9eda1d466afdbb9cf25a9009e917b5d4d033df',21,'2017-09-29 13:42:52','2017-09-29 13:42:52'),(22,'rafael','58c5edb564a10e1152a1faff43ad595a8a20ed09','62b9bbe6c0086345b1f3e8a474d03bc077f908e1',22,'2017-09-29 13:42:52','2017-09-29 13:42:52'),(23,'orval','eb06e6100a6f77db2d0acac93552cb3efc3cbf12','a1a16752a1787d74bd6abbe5bcb622650cbe68fe',23,'2017-09-29 13:42:52','2017-09-29 13:42:52'),(24,'westley','17ed1b4414ddd4b7810d65d495d62aaae2028386','6321d51fd8b84b57096561e1d0db1ed4ca9b9cbb',24,'2017-09-29 13:42:52','2017-09-29 13:42:52'),(25,'layla_7106','08a558b5ba8059f6e22b613fa3428d0feb213b81','518fbd5db0af1e5a13c68db1bccbf8765ee45f39',25,'2017-09-29 13:42:52','2017-09-29 13:42:52'),(26,'autumn_2994','6b0cb5f3e9ce7bc89367380f24e76afad92e77ef','43e17ee37d0fc5d30d76197a603e626ec7f0b872',31,'2017-09-29 13:42:52','2017-09-29 13:42:52'),(27,'sigrid_jones_2005','63d4b1087f0c86fd79e1f4cffce52dcd94b01c3b','701be246458b0424d6452056a88e9fb57d0d4c1b',32,'2017-09-29 13:42:52','2017-09-29 13:42:52'),(28,'theodore_1981','4a5700a33739378de2f861b20ed0f0206c38e859','54bfaea9a8413df41a99f7e810677d44c6c9394d',33,'2017-09-29 13:42:52','2017-09-29 13:42:52'),(29,'mitchel_spinka_7122','3950515d570e0693e0098a94b118ab558ecdbe2c','d3a60d9cd440538e63cc56d6984f6036590f83af',34,'2017-09-29 13:42:52','2017-09-29 13:42:52'),(30,'hailie.keler_6902','73434107548243b6abedfbcff53ebcf24041fead','9350e71e81fecb76ca94e150516db1232353c796',35,'2017-09-29 13:42:52','2017-09-29 13:42:52'),(31,'hillard_jast_5873','c4d181a6f084b0385952543185eeab6ec51d278b','be1c317dade3119f47ab79d6120e6f24fe030d29',36,'2017-09-29 13:42:52','2017-09-29 13:42:52'),(32,'claria_gibson_588','0fc52be79ae9cba031c4bc2dad05fca533bd345d','33d4f686d39d7047dba187a41a325775405a5b15',37,'2017-09-29 13:42:52','2017-09-29 13:42:52');
/*!40000 ALTER TABLE `database_authentications` ENABLE KEYS */;
UNLOCK TABLES;

--
-- Table structure for table `delegations_users`
--

DROP TABLE IF EXISTS `delegations_users`;
/*!40101 SET @saved_cs_client     = @@character_set_client */;
/*!40101 SET character_set_client = utf8 */;
CREATE TABLE `delegations_users` (
  `delegation_id` int(11) DEFAULT NULL,
  `user_id` int(11) DEFAULT NULL,
  UNIQUE KEY `index_delegations_users_on_user_id_and_delegation_id` (`user_id`,`delegation_id`),
  KEY `index_delegations_users_on_delegation_id` (`delegation_id`),
  CONSTRAINT `delegations_users_delegation_id_fk` FOREIGN KEY (`delegation_id`) REFERENCES `users` (`id`),
  CONSTRAINT `delegations_users_user_id_fk` FOREIGN KEY (`user_id`) REFERENCES `users` (`id`)
) ENGINE=InnoDB DEFAULT CHARSET=utf8 COLLATE=utf8_unicode_ci;
/*!40101 SET character_set_client = @saved_cs_client */;

--
-- Dumping data for table `delegations_users`
--

LOCK TABLES `delegations_users` WRITE;
/*!40000 ALTER TABLE `delegations_users` DISABLE KEYS */;
INSERT INTO `delegations_users` VALUES (26,10),(27,10),(28,10),(29,10),(26,12),(27,12),(28,12),(29,12),(30,23),(30,24);
/*!40000 ALTER TABLE `delegations_users` ENABLE KEYS */;
UNLOCK TABLES;

--
-- Table structure for table `groups`
--

DROP TABLE IF EXISTS `groups`;
/*!40101 SET @saved_cs_client     = @@character_set_client */;
/*!40101 SET character_set_client = utf8 */;
CREATE TABLE `groups` (
  `id` int(11) NOT NULL AUTO_INCREMENT,
  `name` varchar(255) COLLATE utf8_unicode_ci DEFAULT NULL,
  `inventory_pool_id` int(11) DEFAULT NULL,
  `is_verification_required` tinyint(1) DEFAULT '0',
  `created_at` datetime DEFAULT NULL,
  `updated_at` datetime DEFAULT NULL,
  PRIMARY KEY (`id`),
  KEY `index_groups_on_inventory_pool_id` (`inventory_pool_id`),
  KEY `index_groups_on_is_verification_required` (`is_verification_required`),
  CONSTRAINT `groups_inventory_pool_id_fk` FOREIGN KEY (`inventory_pool_id`) REFERENCES `inventory_pools` (`id`)
) ENGINE=InnoDB AUTO_INCREMENT=11 DEFAULT CHARSET=utf8 COLLATE=utf8_unicode_ci;
/*!40101 SET character_set_client = @saved_cs_client */;

--
-- Dumping data for table `groups`
--

LOCK TABLES `groups` WRITE;
/*!40000 ALTER TABLE `groups` DISABLE KEYS */;
INSERT INTO `groups` VALUES (1,'Cast',1,0,'2017-09-29 13:42:52','2017-09-29 13:42:52'),(2,'IAD',1,0,'2017-09-29 13:42:52','2017-09-29 13:42:52'),(3,'Wu',1,0,'2017-09-29 13:42:52','2017-09-29 13:42:52'),(4,'Group Hifi',1,0,'2017-09-29 13:42:52','2017-09-29 13:42:52'),(5,'Group A',1,0,'2017-09-29 13:42:52','2017-09-29 13:42:52'),(6,'Group B',1,0,'2017-09-29 13:42:52','2017-09-29 13:42:52'),(7,'FFI',1,1,'2017-09-29 13:42:52','2017-09-29 13:42:52'),(8,'VTO',1,1,'2017-09-29 13:42:52','2017-09-29 13:42:52'),(9,'1. Semester',2,1,'2017-09-29 13:42:52','2017-09-29 13:42:52'),(10,'Group C',1,0,'2017-09-29 13:42:52','2017-09-29 13:42:52');
/*!40000 ALTER TABLE `groups` ENABLE KEYS */;
UNLOCK TABLES;

--
-- Table structure for table `groups_users`
--

DROP TABLE IF EXISTS `groups_users`;
/*!40101 SET @saved_cs_client     = @@character_set_client */;
/*!40101 SET character_set_client = utf8 */;
CREATE TABLE `groups_users` (
  `user_id` int(11) DEFAULT NULL,
  `group_id` int(11) DEFAULT NULL,
  UNIQUE KEY `index_groups_users_on_user_id_and_group_id` (`user_id`,`group_id`),
  KEY `index_groups_users_on_group_id` (`group_id`),
  CONSTRAINT `groups_users_user_id_fk` FOREIGN KEY (`user_id`) REFERENCES `users` (`id`),
  CONSTRAINT `groups_users_group_id_fk` FOREIGN KEY (`group_id`) REFERENCES `groups` (`id`)
) ENGINE=InnoDB DEFAULT CHARSET=utf8 COLLATE=utf8_unicode_ci;
/*!40101 SET character_set_client = @saved_cs_client */;

--
-- Dumping data for table `groups_users`
--

LOCK TABLES `groups_users` WRITE;
/*!40000 ALTER TABLE `groups_users` DISABLE KEYS */;
INSERT INTO `groups_users` VALUES (6,1),(13,1),(14,7),(14,8),(15,7),(16,7),(16,8),(17,7),(17,9),(18,7),(19,10);
/*!40000 ALTER TABLE `groups_users` ENABLE KEYS */;
UNLOCK TABLES;

--
-- Table structure for table `histories`
--

DROP TABLE IF EXISTS `histories`;
/*!40101 SET @saved_cs_client     = @@character_set_client */;
/*!40101 SET character_set_client = utf8 */;
CREATE TABLE `histories` (
  `id` int(11) NOT NULL AUTO_INCREMENT,
  `text` varchar(255) COLLATE utf8_unicode_ci DEFAULT '',
  `type_const` int(11) DEFAULT NULL,
  `created_at` datetime NOT NULL,
  `target_id` int(11) NOT NULL,
  `target_type` varchar(255) COLLATE utf8_unicode_ci NOT NULL,
  `user_id` int(11) DEFAULT NULL,
  PRIMARY KEY (`id`),
  KEY `index_histories_on_target_type_and_target_id` (`target_type`,`target_id`),
  KEY `index_histories_on_type_const` (`type_const`),
  KEY `index_histories_on_user_id` (`user_id`),
  CONSTRAINT `histories_user_id_fk` FOREIGN KEY (`user_id`) REFERENCES `users` (`id`)
) ENGINE=InnoDB DEFAULT CHARSET=utf8 COLLATE=utf8_unicode_ci;
/*!40101 SET character_set_client = @saved_cs_client */;

--
-- Dumping data for table `histories`
--

LOCK TABLES `histories` WRITE;
/*!40000 ALTER TABLE `histories` DISABLE KEYS */;
/*!40000 ALTER TABLE `histories` ENABLE KEYS */;
UNLOCK TABLES;

--
-- Table structure for table `holidays`
--

DROP TABLE IF EXISTS `holidays`;
/*!40101 SET @saved_cs_client     = @@character_set_client */;
/*!40101 SET character_set_client = utf8 */;
CREATE TABLE `holidays` (
  `id` int(11) NOT NULL AUTO_INCREMENT,
  `inventory_pool_id` int(11) DEFAULT NULL,
  `start_date` date DEFAULT NULL,
  `end_date` date DEFAULT NULL,
  `name` varchar(255) COLLATE utf8_unicode_ci DEFAULT NULL,
  PRIMARY KEY (`id`),
  KEY `index_holidays_on_inventory_pool_id` (`inventory_pool_id`),
  KEY `index_holidays_on_start_date_and_end_date` (`start_date`,`end_date`),
  CONSTRAINT `holidays_inventory_pool_id_fk` FOREIGN KEY (`inventory_pool_id`) REFERENCES `inventory_pools` (`id`) ON DELETE CASCADE
) ENGINE=InnoDB AUTO_INCREMENT=7 DEFAULT CHARSET=utf8 COLLATE=utf8_unicode_ci;
/*!40101 SET character_set_client = @saved_cs_client */;

--
-- Dumping data for table `holidays`
--

LOCK TABLES `holidays` WRITE;
/*!40000 ALTER TABLE `holidays` DISABLE KEYS */;
INSERT INTO `holidays` VALUES (1,1,'2017-12-24','2017-12-26','Christmas'),(2,1,'2018-12-24','2018-12-26','Christmas'),(3,2,'2017-12-24','2017-12-26','Christmas'),(4,2,'2018-12-24','2018-12-26','Christmas'),(5,3,'2017-12-24','2017-12-26','Christmas'),(6,3,'2018-12-24','2018-12-26','Christmas');
/*!40000 ALTER TABLE `holidays` ENABLE KEYS */;
UNLOCK TABLES;

--
-- Table structure for table `images`
--

DROP TABLE IF EXISTS `images`;
/*!40101 SET @saved_cs_client     = @@character_set_client */;
/*!40101 SET character_set_client = utf8 */;
CREATE TABLE `images` (
  `id` int(11) NOT NULL AUTO_INCREMENT,
  `target_id` int(11) DEFAULT NULL,
  `target_type` varchar(255) COLLATE utf8_unicode_ci DEFAULT NULL,
  `is_main` tinyint(1) DEFAULT '0',
  `content_type` varchar(255) COLLATE utf8_unicode_ci DEFAULT NULL,
  `filename` varchar(255) COLLATE utf8_unicode_ci DEFAULT NULL,
  `size` int(11) DEFAULT NULL,
  `height` int(11) DEFAULT NULL,
  `width` int(11) DEFAULT NULL,
  `parent_id` int(11) DEFAULT NULL,
  `thumbnail` varchar(255) COLLATE utf8_unicode_ci DEFAULT NULL,
  PRIMARY KEY (`id`),
  KEY `index_images_on_target_id_and_target_type` (`target_id`,`target_type`)
) ENGINE=InnoDB AUTO_INCREMENT=5 DEFAULT CHARSET=utf8 COLLATE=utf8_unicode_ci;
/*!40101 SET character_set_client = @saved_cs_client */;

--
-- Dumping data for table `images`
--

LOCK TABLES `images` WRITE;
/*!40000 ALTER TABLE `images` DISABLE KEYS */;
INSERT INTO `images` VALUES (1,2,'ModelGroup',0,'image/jpeg','cupiditate',NULL,NULL,NULL,NULL,NULL),(2,16,'Model',0,'image/jpeg','magnam',NULL,NULL,NULL,NULL,NULL),(3,16,'Model',0,'image/jpeg','voluptatem',NULL,NULL,NULL,NULL,NULL),(4,17,'Model',0,'image/jpeg','perferendis',NULL,NULL,NULL,NULL,NULL);
/*!40000 ALTER TABLE `images` ENABLE KEYS */;
UNLOCK TABLES;

--
-- Table structure for table `inventory_pools`
--

DROP TABLE IF EXISTS `inventory_pools`;
/*!40101 SET @saved_cs_client     = @@character_set_client */;
/*!40101 SET character_set_client = utf8 */;
CREATE TABLE `inventory_pools` (
  `id` int(11) NOT NULL AUTO_INCREMENT,
  `name` varchar(255) COLLATE utf8_unicode_ci DEFAULT NULL,
  `description` text COLLATE utf8_unicode_ci,
  `contact_details` varchar(255) COLLATE utf8_unicode_ci DEFAULT NULL,
  `contract_description` varchar(255) COLLATE utf8_unicode_ci DEFAULT NULL,
  `contract_url` varchar(255) COLLATE utf8_unicode_ci DEFAULT NULL,
  `logo_url` varchar(255) COLLATE utf8_unicode_ci DEFAULT NULL,
  `default_contract_note` text COLLATE utf8_unicode_ci,
  `shortname` varchar(255) COLLATE utf8_unicode_ci DEFAULT NULL,
  `email` varchar(255) COLLATE utf8_unicode_ci DEFAULT NULL,
  `color` text COLLATE utf8_unicode_ci,
  `print_contracts` tinyint(1) DEFAULT '1',
  `opening_hours` text COLLATE utf8_unicode_ci,
  `address_id` int(11) DEFAULT NULL,
  `automatic_suspension` tinyint(1) NOT NULL DEFAULT '0',
  `automatic_suspension_reason` text COLLATE utf8_unicode_ci,
  `automatic_access` tinyint(1) DEFAULT NULL,
  PRIMARY KEY (`id`),
  UNIQUE KEY `index_inventory_pools_on_name` (`name`),
  KEY `inventory_pools_address_id_fk` (`address_id`),
  CONSTRAINT `inventory_pools_address_id_fk` FOREIGN KEY (`address_id`) REFERENCES `addresses` (`id`)
) ENGINE=InnoDB AUTO_INCREMENT=14 DEFAULT CHARSET=utf8 COLLATE=utf8_unicode_ci;
/*!40101 SET character_set_client = @saved_cs_client */;

--
-- Dumping data for table `inventory_pools`
--

LOCK TABLES `inventory_pools` WRITE;
/*!40000 ALTER TABLE `inventory_pools` DISABLE KEYS */;
INSERT INTO `inventory_pools` VALUES (1,'A-Ausleihe','Wichtige Hinweise...\n\nBitte die Gegenstnde rechtzeitig zurckbringen','A Verleih  /  ZHdK\na@zh-dk.ch\n\n+41 00 00 00 00',NULL,'a@zhdk.ch',NULL,'Quis reprehenderit ut placeat eum dolores.','A','a@zhdk.ch',NULL,1,NULL,NULL,1,'Voluptatem aliquam quos cupiditate eum ut maxime.',NULL),(2,'IT-Ausleihe','Bringt die Gerte bitte rechtzeitig zurck','IT Verleih  /  ZHdK\nit@zh-dk.ch\n\n+41 00 00 00 00',NULL,'it@zhdk.ch',NULL,'Magni corrupti adipisci voluptatem eum ab tempora tenetur itaque.','IT','it@zhdk.ch',NULL,1,NULL,NULL,1,'Perspiciatis est quia dolores asperiores architecto ut.',NULL),(3,'AV-Technik','Bringt die Gerte bitte rechtzeitig zurck','AV Verleih  /  ZHdK\nav@zh-dk.ch\n\n+41 00 00 00 00',NULL,'av@zhdk.ch',NULL,'Et nemo officia ipsam iusto.','AV','av@zhdk.ch',NULL,1,NULL,NULL,0,NULL,NULL),(4,'DT deletable',NULL,NULL,NULL,'it@zhdk.ch',NULL,'Facilis saepe nihil iure iusto quia aut aperiam.','DT','it@zhdk.ch',NULL,1,NULL,NULL,0,NULL,NULL),(5,'Totamquiaofficiaplaceat','Fugiat voluptatibus voluptate quo vel consequuntur.','Ipsa ut cumque qui sed dolorem voluptates.','Totamquiaofficiaplaceat','waldo_grimes@heel.info',NULL,NULL,'S9PH7J','waldo_grimes@heel.info',NULL,1,NULL,NULL,0,NULL,NULL),(6,'Enimsuntdolorumiure','Non molestiae libero adipisci id nam.','Et officiis omnis aut enim quia ipsam.','Enimsuntdolorumiure','modesto_dietrich@leannon.co.uk',NULL,NULL,'Q5045S','modesto_dietrich@leannon.co.uk',NULL,1,NULL,NULL,0,NULL,NULL),(7,'Eafugiatquibusdamquisquam','Voluptas eaque minus commodi aspernatur exercitationem consectetur.','Rerum occaecati temporibus quo saepe aut.','Eafugiatquibusdamquisquam','lyla_keler@parisianwuckert.com',NULL,NULL,'988O5T','lyla_keler@parisianwuckert.com',NULL,1,NULL,NULL,0,NULL,NULL),(8,'Quivoluptatemadipiscidolor','Rerum tempora molestiae at fugiat id earum molestiae.','Quo corporis et molestiae a et aliquid dolores.','Quivoluptatemadipiscidolor','alia.becker@sanford.info',NULL,NULL,'POAOO0','alia.becker@sanford.info',NULL,1,NULL,NULL,0,NULL,NULL),(9,'Etestauta','Sed facilis nobis vel molestiae.','Ea perferendis cum reiciendis laborum.','Etestauta','nigel@roob.com',NULL,NULL,'3TZWYK','nigel@roob.com',NULL,1,NULL,NULL,0,NULL,NULL),(10,'Veleosatet','Et facere similique et aut.','Blanditiis eos accusantium quo beatae.','Veleosatet','kellen@zieme.name',NULL,NULL,'J897AX','kellen@zieme.name',NULL,1,NULL,NULL,0,NULL,NULL),(11,'Optioutmodiaccusamus','Nemo iusto aut asperiores explicabo dolor.','Consequatur rerum ducimus eos quo exercitationem amet illo.','Optioutmodiaccusamus','augustine_huels@hintz.info',NULL,NULL,'RB5926','augustine_huels@hintz.info',NULL,1,NULL,NULL,0,NULL,NULL),(12,'Exercitationemdignissimossitaliquid','Repellendus consectetur ratione reprehenderit aspernatur.','Eum fugiat sint molestias eos.','Exercitationemdignissimossitaliquid','janiya@oconnell.info',NULL,NULL,'2A6E6G','janiya@oconnell.info',NULL,1,NULL,NULL,0,NULL,NULL),(13,'Accusamusnesciuntfugaomnis','Enim itaque nisi odit fuga quia dolorum natus iste.','Illo consectetur temporibus voluptas.','Accusamusnesciuntfugaomnis','elton@mcclure.name',NULL,NULL,'01QF5Y','elton@mcclure.name',NULL,1,NULL,NULL,0,NULL,NULL);
/*!40000 ALTER TABLE `inventory_pools` ENABLE KEYS */;
UNLOCK TABLES;

--
-- Table structure for table `inventory_pools_model_groups`
--

DROP TABLE IF EXISTS `inventory_pools_model_groups`;
/*!40101 SET @saved_cs_client     = @@character_set_client */;
/*!40101 SET character_set_client = utf8 */;
CREATE TABLE `inventory_pools_model_groups` (
  `inventory_pool_id` int(11) DEFAULT NULL,
  `model_group_id` int(11) DEFAULT NULL,
  KEY `index_inventory_pools_model_groups_on_inventory_pool_id` (`inventory_pool_id`),
  KEY `index_inventory_pools_model_groups_on_model_group_id` (`model_group_id`),
  CONSTRAINT `inventory_pools_model_groups_model_group_id_fk` FOREIGN KEY (`model_group_id`) REFERENCES `model_groups` (`id`),
  CONSTRAINT `inventory_pools_model_groups_inventory_pool_id_fk` FOREIGN KEY (`inventory_pool_id`) REFERENCES `inventory_pools` (`id`)
) ENGINE=InnoDB DEFAULT CHARSET=utf8 COLLATE=utf8_unicode_ci;
/*!40101 SET character_set_client = @saved_cs_client */;

--
-- Dumping data for table `inventory_pools_model_groups`
--

LOCK TABLES `inventory_pools_model_groups` WRITE;
/*!40000 ALTER TABLE `inventory_pools_model_groups` DISABLE KEYS */;
INSERT INTO `inventory_pools_model_groups` VALUES (1,12),(1,13),(1,14);
/*!40000 ALTER TABLE `inventory_pools_model_groups` ENABLE KEYS */;
UNLOCK TABLES;

--
-- Table structure for table `items`
--

DROP TABLE IF EXISTS `items`;
/*!40101 SET @saved_cs_client     = @@character_set_client */;
/*!40101 SET character_set_client = utf8 */;
CREATE TABLE `items` (
  `id` int(11) NOT NULL AUTO_INCREMENT,
  `inventory_code` varchar(255) COLLATE utf8_unicode_ci DEFAULT NULL,
  `serial_number` varchar(255) COLLATE utf8_unicode_ci DEFAULT NULL,
  `model_id` int(11) DEFAULT NULL,
  `location_id` int(11) DEFAULT NULL,
  `supplier_id` int(11) DEFAULT NULL,
  `owner_id` int(11) NOT NULL,
  `inventory_pool_id` int(11) NOT NULL,
  `parent_id` int(11) DEFAULT NULL,
  `invoice_number` varchar(255) COLLATE utf8_unicode_ci DEFAULT NULL,
  `invoice_date` date DEFAULT NULL,
  `last_check` date DEFAULT NULL,
  `retired` date DEFAULT NULL,
  `retired_reason` varchar(255) COLLATE utf8_unicode_ci DEFAULT NULL,
  `price` decimal(8,2) DEFAULT NULL,
  `is_broken` tinyint(1) DEFAULT '0',
  `is_incomplete` tinyint(1) DEFAULT '0',
  `is_borrowable` tinyint(1) DEFAULT '0',
  `status_note` text COLLATE utf8_unicode_ci,
  `needs_permission` tinyint(1) DEFAULT '0',
  `is_inventory_relevant` tinyint(1) DEFAULT '0',
  `responsible` varchar(255) COLLATE utf8_unicode_ci DEFAULT NULL,
  `insurance_number` varchar(255) COLLATE utf8_unicode_ci DEFAULT NULL,
  `note` text COLLATE utf8_unicode_ci,
  `name` text COLLATE utf8_unicode_ci,
  `user_name` varchar(255) COLLATE utf8_unicode_ci DEFAULT NULL,
  `properties` text COLLATE utf8_unicode_ci,
  `created_at` datetime DEFAULT NULL,
  `updated_at` datetime DEFAULT NULL,
  PRIMARY KEY (`id`),
  UNIQUE KEY `index_items_on_inventory_code` (`inventory_code`),
  KEY `index_items_on_inventory_pool_id` (`inventory_pool_id`),
  KEY `index_items_on_retired` (`retired`),
  KEY `index_items_on_is_borrowable` (`is_borrowable`),
  KEY `index_items_on_is_broken` (`is_broken`),
  KEY `index_items_on_is_incomplete` (`is_incomplete`),
  KEY `index_items_on_location_id` (`location_id`),
  KEY `index_items_on_owner_id` (`owner_id`),
  KEY `index_items_on_parent_id_and_retired` (`parent_id`,`retired`),
  KEY `index_items_on_model_id_and_retired_and_inventory_pool_id` (`model_id`,`retired`,`inventory_pool_id`),
  KEY `items_supplier_id_fk` (`supplier_id`),
  CONSTRAINT `items_supplier_id_fk` FOREIGN KEY (`supplier_id`) REFERENCES `suppliers` (`id`),
  CONSTRAINT `items_inventory_pool_id_fk` FOREIGN KEY (`inventory_pool_id`) REFERENCES `inventory_pools` (`id`),
  CONSTRAINT `items_location_id_fk` FOREIGN KEY (`location_id`) REFERENCES `locations` (`id`),
  CONSTRAINT `items_model_id_fk` FOREIGN KEY (`model_id`) REFERENCES `models` (`id`),
  CONSTRAINT `items_owner_id_fk` FOREIGN KEY (`owner_id`) REFERENCES `inventory_pools` (`id`),
  CONSTRAINT `items_parent_id_fk` FOREIGN KEY (`parent_id`) REFERENCES `items` (`id`) ON DELETE SET NULL
) ENGINE=InnoDB AUTO_INCREMENT=254 DEFAULT CHARSET=utf8 COLLATE=utf8_unicode_ci;
/*!40101 SET character_set_client = @saved_cs_client */;

--
-- Dumping data for table `items`
--

LOCK TABLES `items` WRITE;
/*!40000 ALTER TABLE `items` DISABLE KEYS */;
INSERT INTO `items` VALUES (1,'bd7ofm74ian856wnw04e1','fb:9d:78:19:9c:86-aa:f4:32:c1:0b:33-3e:32:64:5b:8f:7c',24,NULL,1,1,1,NULL,NULL,'2016-02-10','2017-09-29',NULL,NULL,'782.00',0,0,1,NULL,0,1,NULL,NULL,NULL,NULL,NULL,'--- !ruby/hash:ActiveSupport::HashWithIndifferentAccess\nanschaffungskategorie: AV-Technik\nreference: invoice\numzug: zgeln\nankunftszustand: intakt\n','2017-09-29 13:42:52','2017-09-29 13:42:52'),(2,'5aex854xxodgf9ehfe3r2','c1:28:71:9a:62:c5-07:21:5b:dc:73:56-71:08:8d:20:74:ae',25,NULL,2,1,1,NULL,NULL,'2013-02-26','2017-09-29',NULL,NULL,'718.00',0,0,1,NULL,0,1,NULL,NULL,NULL,NULL,NULL,'--- !ruby/hash:ActiveSupport::HashWithIndifferentAccess\nanschaffungskategorie: AV-Technik\nreference: invoice\numzug: zgeln\nankunftszustand: intakt\n','2017-09-29 13:42:52','2017-09-29 13:42:52'),(3,'b1ko0slpp9opkk906vex3','a6:69:15:1d:ae:9f-2b:db:c5:16:ae:63-43:ba:ab:84:46:27',26,NULL,3,1,1,NULL,NULL,'2016-12-18','2017-09-29',NULL,NULL,'1200.00',0,0,1,NULL,0,1,NULL,NULL,NULL,NULL,NULL,'--- !ruby/hash:ActiveSupport::HashWithIndifferentAccess\nanschaffungskategorie: AV-Technik\nreference: invoice\numzug: zgeln\nankunftszustand: intakt\n','2017-09-29 13:42:52','2017-09-29 13:42:52'),(4,'h7su6n30kn8ff2nopwa34','d6:f2:95:87:d4:14-7c:2b:99:a0:14:6f-9c:12:57:23:05:2d',27,NULL,4,1,1,NULL,NULL,'2013-10-16','2017-09-29',NULL,NULL,'1274.00',0,0,1,NULL,0,1,NULL,NULL,NULL,NULL,NULL,'--- !ruby/hash:ActiveSupport::HashWithIndifferentAccess\nanschaffungskategorie: AV-Technik\nreference: invoice\numzug: zgeln\nankunftszustand: intakt\n','2017-09-29 13:42:52','2017-09-29 13:42:52'),(5,'50v1ocwec31udi102el55','3e:3b:80:00:77:3b-21:d0:30:d2:40:84-0b:9b:ce:3a:45:b7',28,NULL,5,1,1,NULL,NULL,'2013-10-24','2017-09-29',NULL,NULL,'125.00',0,0,1,NULL,0,1,NULL,NULL,NULL,NULL,NULL,'--- !ruby/hash:ActiveSupport::HashWithIndifferentAccess\nanschaffungskategorie: AV-Technik\nreference: invoice\numzug: zgeln\nankunftszustand: intakt\n','2017-09-29 13:42:52','2017-09-29 13:42:52'),(6,'9xeuyixtuuztzwz5r0h26','ad:2e:a0:ae:69:05-72:16:c6:4c:86:eb-2b:39:97:98:f9:d7',29,NULL,6,1,1,NULL,NULL,'2014-05-24','2017-09-29',NULL,NULL,'1184.00',0,0,1,NULL,0,1,NULL,NULL,NULL,NULL,NULL,'--- !ruby/hash:ActiveSupport::HashWithIndifferentAccess\nanschaffungskategorie: AV-Technik\nreference: invoice\numzug: zgeln\nankunftszustand: intakt\n','2017-09-29 13:42:52','2017-09-29 13:42:52'),(7,'qodqcnfy07lrww5jiec07','af:e8:9a:4b:f2:9b-f6:58:f8:72:32:8e-27:8a:d1:c9:f2:18',30,NULL,7,1,1,NULL,NULL,'2016-03-03','2017-09-29',NULL,NULL,'1070.00',0,0,1,NULL,0,1,NULL,NULL,NULL,NULL,NULL,'--- !ruby/hash:ActiveSupport::HashWithIndifferentAccess\nanschaffungskategorie: AV-Technik\nreference: invoice\numzug: zgeln\nankunftszustand: intakt\n','2017-09-29 13:42:52','2017-09-29 13:42:52'),(8,'pahd58w3qrh4hmyp512a8','4b:6f:90:6d:49:e3-dc:64:d2:4f:ac:ed-7f:3e:96:69:fb:6b',31,NULL,8,1,1,NULL,NULL,'2014-07-29','2017-09-29',NULL,NULL,'1229.00',0,0,1,NULL,0,1,NULL,NULL,NULL,NULL,NULL,'--- !ruby/hash:ActiveSupport::HashWithIndifferentAccess\nanschaffungskategorie: AV-Technik\nreference: invoice\numzug: zgeln\nankunftszustand: intakt\n','2017-09-29 13:42:52','2017-09-29 13:42:52'),(9,'w1ogr0ru94x0bca13viw9','32:1f:b3:30:c8:60-1f:ee:f2:0e:55:3d-4f:87:29:10:e3:9f',32,NULL,9,1,1,NULL,NULL,'2013-01-17','2017-09-29',NULL,NULL,'624.00',0,0,1,NULL,0,1,NULL,NULL,NULL,NULL,NULL,'--- !ruby/hash:ActiveSupport::HashWithIndifferentAccess\nanschaffungskategorie: AV-Technik\nreference: invoice\numzug: zgeln\nankunftszustand: intakt\n','2017-09-29 13:42:52','2017-09-29 13:42:52'),(10,'rbdh1tic6hcdeg2u0gos10','29:98:48:d7:c5:e2-9c:78:93:c1:28:f9-aa:ed:1f:a2:93:04',33,NULL,10,1,1,NULL,NULL,'2013-03-29','2017-09-29',NULL,NULL,'564.00',0,0,1,NULL,0,1,NULL,NULL,NULL,NULL,NULL,'--- !ruby/hash:ActiveSupport::HashWithIndifferentAccess\nanschaffungskategorie: AV-Technik\nreference: invoice\numzug: zgeln\nankunftszustand: intakt\n','2017-09-29 13:42:52','2017-09-29 13:42:52'),(11,'adm8ocjyz3rwhs73mgo911','7b:d6:25:85:76:05-9d:9d:2f:91:c6:8f-29:9b:c7:58:ac:16',34,NULL,11,1,1,NULL,NULL,'2012-03-01','2017-09-29',NULL,NULL,'1384.00',0,0,1,NULL,0,1,NULL,NULL,NULL,NULL,NULL,'--- !ruby/hash:ActiveSupport::HashWithIndifferentAccess\nanschaffungskategorie: AV-Technik\nreference: invoice\numzug: zgeln\nankunftszustand: intakt\n','2017-09-29 13:42:52','2017-09-29 13:42:52'),(12,'9xwo0bqow8hj65bu0ztr12','75:d7:50:d3:c6:29-09:38:52:b2:84:ca-42:27:b9:11:ea:b7',35,NULL,12,1,1,NULL,NULL,'2015-02-07','2017-09-29',NULL,NULL,'83.00',0,0,1,NULL,0,1,NULL,NULL,NULL,NULL,NULL,'--- !ruby/hash:ActiveSupport::HashWithIndifferentAccess\nanschaffungskategorie: AV-Technik\nreference: invoice\numzug: zgeln\nankunftszustand: intakt\n','2017-09-29 13:42:52','2017-09-29 13:42:52'),(13,'2ho4dbwwmckg6pxqsku513','7a:92:41:bb:b3:f6-1a:87:bb:1d:b1:c0-eb:3d:db:44:b7:d8',36,NULL,13,1,1,NULL,NULL,'2016-03-24','2017-09-29',NULL,NULL,'485.00',0,0,1,NULL,0,1,NULL,NULL,NULL,NULL,NULL,'--- !ruby/hash:ActiveSupport::HashWithIndifferentAccess\nanschaffungskategorie: AV-Technik\nreference: invoice\numzug: zgeln\nankunftszustand: intakt\n','2017-09-29 13:42:52','2017-09-29 13:42:52'),(14,'sneg9i59iz097c2st21v14','24:4a:dc:29:aa:1f-37:62:4e:1e:1b:56-fe:10:c6:c1:a2:c6',37,NULL,14,1,1,NULL,NULL,'2016-04-19','2017-09-29',NULL,NULL,'121.00',0,0,1,NULL,0,1,NULL,NULL,NULL,NULL,NULL,'--- !ruby/hash:ActiveSupport::HashWithIndifferentAccess\nanschaffungskategorie: AV-Technik\nreference: invoice\numzug: zgeln\nankunftszustand: intakt\n','2017-09-29 13:42:52','2017-09-29 13:42:52'),(15,'gwmj6d4asdwfzc81ys5f15','b6:91:3c:48:74:33-5e:b3:a5:7c:f4:37-7f:b1:d3:18:5f:24',38,NULL,15,1,1,NULL,NULL,'2013-03-01','2017-09-29',NULL,NULL,'847.00',0,0,1,NULL,0,1,NULL,NULL,NULL,NULL,NULL,'--- !ruby/hash:ActiveSupport::HashWithIndifferentAccess\nanschaffungskategorie: AV-Technik\nreference: invoice\numzug: zgeln\nankunftszustand: intakt\n','2017-09-29 13:42:52','2017-09-29 13:42:52'),(16,'jajdwtfes5c30sqyvnrl16','99:5a:d5:a3:36:ad-e9:c3:d2:99:54:30-3c:56:0d:5a:70:08',39,NULL,16,1,1,NULL,NULL,'2014-12-01','2017-09-29',NULL,NULL,'363.00',0,0,1,NULL,0,1,NULL,NULL,NULL,NULL,NULL,'--- !ruby/hash:ActiveSupport::HashWithIndifferentAccess\nanschaffungskategorie: AV-Technik\nreference: invoice\numzug: zgeln\nankunftszustand: intakt\n','2017-09-29 13:42:52','2017-09-29 13:42:52'),(17,'8cozf89fjd8vp9n8bvnn17','f1:70:01:1b:01:29-5d:1d:48:66:65:cb-0b:bc:74:04:5b:df',40,NULL,17,1,1,NULL,NULL,'2016-02-22','2017-09-29',NULL,NULL,'502.00',0,0,1,NULL,0,1,NULL,NULL,NULL,NULL,NULL,'--- !ruby/hash:ActiveSupport::HashWithIndifferentAccess\nanschaffungskategorie: AV-Technik\nreference: invoice\numzug: zgeln\nankunftszustand: intakt\n','2017-09-29 13:42:52','2017-09-29 13:42:52'),(18,'smob3i9ncuxq89yq6aud18','85:16:06:d2:44:45-df:ed:cd:43:52:3d-e2:6d:ff:7d:40:f1',41,NULL,18,1,1,NULL,NULL,'2015-02-23','2017-09-29',NULL,NULL,'75.00',0,0,1,NULL,0,1,NULL,NULL,NULL,NULL,NULL,'--- !ruby/hash:ActiveSupport::HashWithIndifferentAccess\nanschaffungskategorie: AV-Technik\nreference: invoice\numzug: zgeln\nankunftszustand: intakt\n','2017-09-29 13:42:52','2017-09-29 13:42:52'),(19,'aqzc7j3ah5w3kou489no19','9e:bb:ad:26:1c:2f-0c:ec:66:f5:cb:af-b9:53:81:3b:13:2e',42,NULL,19,1,1,NULL,NULL,'2012-02-08','2017-09-29',NULL,NULL,'418.00',0,0,1,NULL,0,1,NULL,NULL,NULL,NULL,NULL,'--- !ruby/hash:ActiveSupport::HashWithIndifferentAccess\nanschaffungskategorie: AV-Technik\nreference: invoice\numzug: zgeln\nankunftszustand: intakt\n','2017-09-29 13:42:52','2017-09-29 13:42:52'),(20,'t60irvydflulsybd36q920','f0:ba:ec:84:f4:2a-18:ce:70:92:d3:8e-d0:8e:75:d4:ad:aa',43,NULL,20,1,1,NULL,NULL,'2016-03-11','2017-09-29',NULL,NULL,'620.00',0,0,1,NULL,0,1,NULL,NULL,NULL,NULL,NULL,'--- !ruby/hash:ActiveSupport::HashWithIndifferentAccess\nanschaffungskategorie: AV-Technik\nreference: invoice\numzug: zgeln\nankunftszustand: intakt\n','2017-09-29 13:42:52','2017-09-29 13:42:52'),(21,'6mqonnc803yummm7is5k21','12:03:77:b3:56:0c-40:93:66:4b:d5:7a-6b:91:21:8f:43:73',44,NULL,21,1,1,NULL,NULL,'2014-07-07','2017-09-29',NULL,NULL,'753.00',0,0,1,NULL,0,1,NULL,NULL,NULL,NULL,NULL,'--- !ruby/hash:ActiveSupport::HashWithIndifferentAccess\nanschaffungskategorie: AV-Technik\nreference: invoice\numzug: zgeln\nankunftszustand: intakt\n','2017-09-29 13:42:52','2017-09-29 13:42:52'),(22,'b1a6d61mqfj2neb6gxh022','96:6d:54:2b:07:c3-f5:db:c1:e7:9f:81-d2:aa:6b:11:ae:d3',45,NULL,22,1,1,NULL,NULL,'2015-02-04','2017-09-29',NULL,NULL,'527.00',0,0,1,NULL,0,1,NULL,NULL,NULL,NULL,NULL,'--- !ruby/hash:ActiveSupport::HashWithIndifferentAccess\nanschaffungskategorie: AV-Technik\nreference: invoice\numzug: zgeln\nankunftszustand: intakt\n','2017-09-29 13:42:52','2017-09-29 13:42:52'),(23,'7huxuhb6on05gkuzl0w123','0f:87:a5:b2:2c:ef-c2:87:33:be:89:48-8b:d7:2e:af:02:9f',46,NULL,23,1,1,NULL,NULL,'2013-11-05','2017-09-29',NULL,NULL,'1363.00',0,0,1,NULL,0,1,NULL,NULL,NULL,NULL,NULL,'--- !ruby/hash:ActiveSupport::HashWithIndifferentAccess\nanschaffungskategorie: AV-Technik\nreference: invoice\numzug: zgeln\nankunftszustand: intakt\n','2017-09-29 13:42:52','2017-09-29 13:42:52'),(24,'9skaf5v8hef5zexx6ulm24','5c:e9:a0:c5:e3:d3-6b:33:23:27:95:ad-20:22:21:34:e1:ba',47,NULL,24,1,1,NULL,NULL,'2013-09-04','2017-09-29',NULL,NULL,'580.00',0,0,1,NULL,0,1,NULL,NULL,NULL,NULL,NULL,'--- !ruby/hash:ActiveSupport::HashWithIndifferentAccess\nanschaffungskategorie: AV-Technik\nreference: invoice\numzug: zgeln\nankunftszustand: intakt\n','2017-09-29 13:42:52','2017-09-29 13:42:52'),(25,'ggmnx3jobrkm1gaobnmc25','06:d6:ae:6e:e6:0b-18:16:55:62:94:20-c5:e7:e7:99:32:46',48,NULL,25,1,1,NULL,NULL,'2013-05-09','2017-09-29',NULL,NULL,'1304.00',0,0,1,NULL,0,1,NULL,NULL,NULL,NULL,NULL,'--- !ruby/hash:ActiveSupport::HashWithIndifferentAccess\nanschaffungskategorie: AV-Technik\nreference: invoice\numzug: zgeln\nankunftszustand: intakt\n','2017-09-29 13:42:52','2017-09-29 13:42:52'),(26,'pldh9c035rkmt1krh3vg26','fe:3b:7a:cc:88:9d-0e:70:41:8e:be:5a-43:43:24:38:05:90',49,NULL,26,1,1,NULL,NULL,'2016-11-17','2017-09-29',NULL,NULL,'1088.00',0,0,1,NULL,0,1,NULL,NULL,NULL,NULL,NULL,'--- !ruby/hash:ActiveSupport::HashWithIndifferentAccess\nanschaffungskategorie: AV-Technik\nreference: invoice\numzug: zgeln\nankunftszustand: intakt\n','2017-09-29 13:42:52','2017-09-29 13:42:52'),(27,'wk3c944m9etnaozaael527','67:2c:ed:c2:91:86-73:ab:7a:8e:06:eb-e3:ed:e8:ab:81:ba',50,NULL,27,1,1,NULL,NULL,'2012-06-13','2017-09-29',NULL,NULL,'776.00',0,0,1,NULL,0,1,NULL,NULL,NULL,NULL,NULL,'--- !ruby/hash:ActiveSupport::HashWithIndifferentAccess\nanschaffungskategorie: AV-Technik\nreference: invoice\numzug: zgeln\nankunftszustand: intakt\n','2017-09-29 13:42:52','2017-09-29 13:42:52'),(28,'znelk5sxgxjnz8h14iut28','a0:60:d8:7d:57:b2-3f:f8:84:a9:ed:44-d6:72:61:37:85:07',51,NULL,28,1,1,NULL,NULL,'2012-09-25','2017-09-29',NULL,NULL,'1446.00',0,0,1,NULL,0,1,NULL,NULL,NULL,NULL,NULL,'--- !ruby/hash:ActiveSupport::HashWithIndifferentAccess\nanschaffungskategorie: AV-Technik\nreference: invoice\numzug: zgeln\nankunftszustand: intakt\n','2017-09-29 13:42:52','2017-09-29 13:42:52'),(29,'76jc4g92mns178mqtwa929','30:48:9b:8b:9d:16-39:0c:8d:6c:c1:9e-fa:aa:4c:f8:8e:ed',52,NULL,29,1,1,NULL,NULL,'2015-04-08','2017-09-29',NULL,NULL,'510.00',0,0,1,NULL,0,1,NULL,NULL,NULL,NULL,NULL,'--- !ruby/hash:ActiveSupport::HashWithIndifferentAccess\nanschaffungskategorie: AV-Technik\nreference: invoice\numzug: zgeln\nankunftszustand: intakt\n','2017-09-29 13:42:52','2017-09-29 13:42:52'),(30,'t9dgcut392oawg643xr230','ea:42:90:0f:d5:95-3c:20:f7:e3:1e:9d-92:56:1a:2e:d0:e0',53,NULL,30,1,1,NULL,NULL,'2014-03-26','2017-09-29',NULL,NULL,'962.00',0,0,1,NULL,0,1,NULL,NULL,NULL,NULL,NULL,'--- !ruby/hash:ActiveSupport::HashWithIndifferentAccess\nanschaffungskategorie: AV-Technik\nreference: invoice\numzug: zgeln\nankunftszustand: intakt\n','2017-09-29 13:42:52','2017-09-29 13:42:52'),(31,'iduniyhdtmv3pepyzdld31','42:ad:a1:74:d7:42-a9:4e:76:1f:cb:15-78:90:16:3b:32:d2',54,NULL,31,1,1,NULL,NULL,'2016-01-28','2017-09-29',NULL,NULL,'140.00',0,0,1,NULL,0,1,NULL,NULL,NULL,NULL,NULL,'--- !ruby/hash:ActiveSupport::HashWithIndifferentAccess\nanschaffungskategorie: AV-Technik\nreference: invoice\numzug: zgeln\nankunftszustand: intakt\n','2017-09-29 13:42:52','2017-09-29 13:42:52'),(32,'cqdq60awy6yi7qaokzjb32','00:ab:1d:56:a7:37-34:3f:a6:80:6f:e6-b0:55:a8:85:86:f3',55,NULL,32,1,1,NULL,NULL,'2012-08-23','2017-09-29',NULL,NULL,'1110.00',0,0,1,NULL,0,1,NULL,NULL,NULL,NULL,NULL,'--- !ruby/hash:ActiveSupport::HashWithIndifferentAccess\nanschaffungskategorie: AV-Technik\nreference: invoice\numzug: zgeln\nankunftszustand: intakt\n','2017-09-29 13:42:52','2017-09-29 13:42:52'),(33,'9vtr4w1lpv4atkb7r13833','a5:db:2b:f8:87:c3-c4:6c:fe:a8:43:fc-e6:db:15:11:e1:8f',56,NULL,33,1,1,NULL,NULL,'2016-06-02','2017-09-29',NULL,NULL,'894.00',0,0,1,NULL,0,1,NULL,NULL,NULL,NULL,NULL,'--- !ruby/hash:ActiveSupport::HashWithIndifferentAccess\nanschaffungskategorie: AV-Technik\nreference: invoice\numzug: zgeln\nankunftszustand: intakt\n','2017-09-29 13:42:52','2017-09-29 13:42:52'),(34,'nojx12o26d8kaxmi3ts534','fc:8f:a0:f4:a0:cb-78:b7:33:36:ef:9e-74:08:1d:52:a0:f8',57,NULL,34,1,1,NULL,NULL,'2016-11-28','2017-09-29',NULL,NULL,'309.00',0,0,1,NULL,0,1,NULL,NULL,NULL,NULL,NULL,'--- !ruby/hash:ActiveSupport::HashWithIndifferentAccess\nanschaffungskategorie: AV-Technik\nreference: invoice\numzug: zgeln\nankunftszustand: intakt\n','2017-09-29 13:42:52','2017-09-29 13:42:52'),(35,'mankgmxijcei4kzkrel535','6d:fa:dc:bf:f6:5b-00:99:cf:6d:88:1a-0e:58:12:8f:31:c9',58,NULL,35,1,1,NULL,NULL,'2015-06-10','2017-09-29',NULL,NULL,'737.00',0,0,1,NULL,0,1,NULL,NULL,NULL,NULL,NULL,'--- !ruby/hash:ActiveSupport::HashWithIndifferentAccess\nanschaffungskategorie: AV-Technik\nreference: invoice\numzug: zgeln\nankunftszustand: intakt\n','2017-09-29 13:42:52','2017-09-29 13:42:52'),(36,'r5wl61ftsn0adwagbv5936','73:7b:0c:fd:5a:ad-eb:f4:ab:67:75:2c-b8:38:54:72:74:57',59,NULL,36,1,1,NULL,NULL,'2013-02-11','2017-09-29',NULL,NULL,'112.00',0,0,1,NULL,0,1,NULL,NULL,NULL,NULL,NULL,'--- !ruby/hash:ActiveSupport::HashWithIndifferentAccess\nanschaffungskategorie: AV-Technik\nreference: invoice\numzug: zgeln\nankunftszustand: intakt\n','2017-09-29 13:42:52','2017-09-29 13:42:52'),(37,'ahqaur522mjck0w5x1to37','6c:b5:01:ac:61:b4-1a:87:0d:2c:b5:8a-a1:1c:0b:59:2e:08',60,NULL,37,1,1,NULL,NULL,'2015-07-31','2017-09-29',NULL,NULL,'115.00',0,0,1,NULL,0,1,NULL,NULL,NULL,NULL,NULL,'--- !ruby/hash:ActiveSupport::HashWithIndifferentAccess\nanschaffungskategorie: AV-Technik\nreference: invoice\numzug: zgeln\nankunftszustand: intakt\n','2017-09-29 13:42:52','2017-09-29 13:42:52'),(38,'a815f60treis3f9l03i638','87:82:e3:f6:46:a6-0c:35:e8:b9:03:8f-8b:f4:1c:da:c2:f8',61,NULL,38,1,1,NULL,NULL,'2015-08-26','2017-09-29',NULL,NULL,'96.00',0,0,1,NULL,0,1,NULL,NULL,NULL,NULL,NULL,'--- !ruby/hash:ActiveSupport::HashWithIndifferentAccess\nanschaffungskategorie: AV-Technik\nreference: invoice\numzug: zgeln\nankunftszustand: intakt\n','2017-09-29 13:42:52','2017-09-29 13:42:52'),(39,'9yj9vy5i4d6e3n0pzzxr39','b8:5b:94:a8:81:9d-b0:0c:cc:01:22:9a-94:f9:87:06:4a:64',62,NULL,39,1,1,NULL,NULL,'2012-02-02','2017-09-29',NULL,NULL,'866.00',0,0,1,NULL,0,1,NULL,NULL,NULL,NULL,NULL,'--- !ruby/hash:ActiveSupport::HashWithIndifferentAccess\nanschaffungskategorie: AV-Technik\nreference: invoice\numzug: zgeln\nankunftszustand: intakt\n','2017-09-29 13:42:52','2017-09-29 13:42:52'),(40,'zf6lnxdvnubaylfpheze40','3a:e3:52:3f:75:0e-0f:7a:6a:36:9d:6c-9c:b4:fe:71:77:de',63,NULL,40,1,1,NULL,NULL,'2014-07-03','2017-09-29',NULL,NULL,'647.00',0,0,1,NULL,0,1,NULL,NULL,NULL,NULL,NULL,'--- !ruby/hash:ActiveSupport::HashWithIndifferentAccess\nanschaffungskategorie: AV-Technik\nreference: invoice\numzug: zgeln\nankunftszustand: intakt\n','2017-09-29 13:42:52','2017-09-29 13:42:52'),(41,'dmm76i4l4qlr8sgthzyw41','9a:42:6e:35:9f:d6-0e:85:5a:76:38:21-a0:c8:dc:91:7f:8e',64,NULL,41,1,1,NULL,NULL,'2014-12-29','2017-09-29',NULL,NULL,'1420.00',0,0,1,NULL,0,1,NULL,NULL,NULL,NULL,NULL,'--- !ruby/hash:ActiveSupport::HashWithIndifferentAccess\nanschaffungskategorie: AV-Technik\nreference: invoice\numzug: zgeln\nankunftszustand: intakt\n','2017-09-29 13:42:52','2017-09-29 13:42:52'),(42,'7upie3kxueur3ab0xc8i42','cd:8d:18:22:fc:df-7a:14:a6:95:1a:7e-b4:e5:d4:3e:be:32',65,NULL,42,1,1,NULL,NULL,'2016-01-31','2017-09-29',NULL,NULL,'512.00',0,0,1,NULL,0,1,NULL,NULL,NULL,NULL,NULL,'--- !ruby/hash:ActiveSupport::HashWithIndifferentAccess\nanschaffungskategorie: AV-Technik\nreference: invoice\numzug: zgeln\nankunftszustand: intakt\n','2017-09-29 13:42:52','2017-09-29 13:42:52'),(43,'w5iqx8o7u3zsmt48c1sr43','fc:66:79:73:49:9e-ae:e9:f2:32:28:48-ad:cb:9e:13:72:9b',66,NULL,43,1,1,NULL,NULL,'2013-06-05','2017-09-29',NULL,NULL,'762.00',0,0,1,NULL,0,1,NULL,NULL,NULL,NULL,NULL,'--- !ruby/hash:ActiveSupport::HashWithIndifferentAccess\nanschaffungskategorie: AV-Technik\nreference: invoice\numzug: zgeln\nankunftszustand: intakt\n','2017-09-29 13:42:52','2017-09-29 13:42:52'),(44,'7laqnl3w7ky2e23latyg44','1b:ed:02:08:86:28-38:93:d8:9a:ff:ab-75:0d:97:72:49:f0',67,NULL,44,1,1,NULL,NULL,'2013-09-08','2017-09-29',NULL,NULL,'954.00',0,0,1,NULL,0,1,NULL,NULL,NULL,NULL,NULL,'--- !ruby/hash:ActiveSupport::HashWithIndifferentAccess\nanschaffungskategorie: AV-Technik\nreference: invoice\numzug: zgeln\nankunftszustand: intakt\n','2017-09-29 13:42:52','2017-09-29 13:42:52'),(45,'e238dyu2uekugcyfacen45','27:95:a8:27:d5:a8-f0:52:f6:9e:a6:22-5a:45:8e:7b:92:2c',68,NULL,45,1,1,NULL,NULL,'2013-03-02','2017-09-29',NULL,NULL,'175.00',0,0,1,NULL,0,1,NULL,NULL,NULL,NULL,NULL,'--- !ruby/hash:ActiveSupport::HashWithIndifferentAccess\nanschaffungskategorie: AV-Technik\nreference: invoice\numzug: zgeln\nankunftszustand: intakt\n','2017-09-29 13:42:52','2017-09-29 13:42:52'),(46,'rkxjmvct1twimjw26o2h46','88:f2:25:dc:d1:1c-24:3d:58:d3:cd:03-40:f2:5b:89:ea:6e',69,NULL,46,1,1,NULL,NULL,'2016-01-08','2017-09-29',NULL,NULL,'739.00',0,0,1,NULL,0,1,NULL,NULL,NULL,NULL,NULL,'--- !ruby/hash:ActiveSupport::HashWithIndifferentAccess\nanschaffungskategorie: AV-Technik\nreference: invoice\numzug: zgeln\nankunftszustand: intakt\n','2017-09-29 13:42:52','2017-09-29 13:42:52'),(47,'v7eshqpsdy7dyx0qxc2i47','f0:84:6d:60:bd:fc-6e:b4:d3:a2:58:c6-e4:c7:80:eb:92:3b',70,NULL,47,1,1,NULL,NULL,'2014-05-11','2017-09-29',NULL,NULL,'1341.00',0,0,1,NULL,0,1,NULL,NULL,NULL,NULL,NULL,'--- !ruby/hash:ActiveSupport::HashWithIndifferentAccess\nanschaffungskategorie: AV-Technik\nreference: invoice\numzug: zgeln\nankunftszustand: intakt\n','2017-09-29 13:42:52','2017-09-29 13:42:52'),(48,'b9ddfvczlhoscet56h0g48','e2:2c:9b:f4:1c:61-79:d8:99:58:e1:58-c6:64:d3:5e:20:37',71,NULL,48,1,1,NULL,NULL,'2012-03-15','2017-09-29',NULL,NULL,'551.00',0,0,1,NULL,0,1,NULL,NULL,NULL,NULL,NULL,'--- !ruby/hash:ActiveSupport::HashWithIndifferentAccess\nanschaffungskategorie: AV-Technik\nreference: invoice\numzug: zgeln\nankunftszustand: intakt\n','2017-09-29 13:42:52','2017-09-29 13:42:52'),(49,'p6zk752mcsrc2h6unz7b49','a7:1b:9a:ee:1d:a8-ad:3d:75:67:a8:7d-4c:6f:4c:25:57:12',72,NULL,49,1,1,NULL,NULL,'2014-05-07','2017-09-29',NULL,NULL,'1418.00',0,0,1,NULL,0,1,NULL,NULL,NULL,NULL,NULL,'--- !ruby/hash:ActiveSupport::HashWithIndifferentAccess\nanschaffungskategorie: AV-Technik\nreference: invoice\numzug: zgeln\nankunftszustand: intakt\n','2017-09-29 13:42:52','2017-09-29 13:42:52'),(50,'cjl65cj40se7h6yz14k850','e7:3c:06:2d:14:4f-b6:50:84:30:6e:67-fc:71:26:a9:eb:25',73,NULL,50,1,1,NULL,NULL,'2016-03-31','2017-09-29',NULL,NULL,'1319.00',0,0,1,NULL,0,1,NULL,NULL,NULL,NULL,NULL,'--- !ruby/hash:ActiveSupport::HashWithIndifferentAccess\nanschaffungskategorie: AV-Technik\nreference: invoice\numzug: zgeln\nankunftszustand: intakt\n','2017-09-29 13:42:52','2017-09-29 13:42:52'),(51,'book1','book1',1,1,51,2,2,NULL,NULL,'2013-11-23','2017-09-29',NULL,NULL,'923.00',0,0,1,NULL,0,1,NULL,NULL,NULL,NULL,NULL,'--- !ruby/hash:ActiveSupport::HashWithIndifferentAccess\nanschaffungskategorie: AV-Technik\nreference: invoice\numzug: zgeln\nankunftszustand: intakt\n','2017-09-29 13:42:52','2017-09-29 13:42:52'),(52,'book2','book2',1,1,52,2,2,NULL,NULL,'2016-03-20','2017-09-29',NULL,NULL,'126.00',0,0,1,NULL,0,1,NULL,NULL,NULL,NULL,NULL,'--- !ruby/hash:ActiveSupport::HashWithIndifferentAccess\nanschaffungskategorie: AV-Technik\nreference: invoice\numzug: zgeln\nankunftszustand: intakt\n','2017-09-29 13:42:52','2017-09-29 13:42:52'),(53,'beam123','xyz456',2,1,53,1,1,NULL,NULL,'2015-08-28','2017-09-29',NULL,NULL,'547.00',0,0,1,NULL,0,1,NULL,NULL,NULL,NULL,NULL,'--- !ruby/hash:ActiveSupport::HashWithIndifferentAccess\nanschaffungskategorie: AV-Technik\nreference: invoice\numzug: zgeln\nankunftszustand: intakt\n','2017-09-29 13:42:52','2017-09-29 13:42:52'),(54,'beam345','xyz890',2,1,54,1,1,NULL,NULL,'2014-08-29','2017-09-29',NULL,NULL,'894.00',0,0,1,NULL,0,1,NULL,NULL,NULL,NULL,NULL,'--- !ruby/hash:ActiveSupport::HashWithIndifferentAccess\nanschaffungskategorie: AV-Technik\nreference: invoice\numzug: zgeln\nankunftszustand: intakt\n','2017-09-29 13:42:52','2017-09-29 13:42:52'),(55,'beam678','xyz678',3,1,55,1,1,NULL,NULL,'2015-09-19','2017-09-29',NULL,NULL,'89.00',0,0,1,NULL,0,1,NULL,NULL,NULL,NULL,NULL,'--- !ruby/hash:ActiveSupport::HashWithIndifferentAccess\nanschaffungskategorie: AV-Technik\nreference: invoice\numzug: zgeln\nankunftszustand: intakt\n','2017-09-29 13:42:52','2017-09-29 13:42:52'),(56,'beam749','xyz749',2,1,56,1,2,NULL,NULL,'2012-01-01','2017-09-29',NULL,NULL,'448.00',0,0,1,NULL,0,1,NULL,NULL,NULL,NULL,NULL,'--- !ruby/hash:ActiveSupport::HashWithIndifferentAccess\nanschaffungskategorie: AV-Technik\nreference: invoice\numzug: zgeln\nankunftszustand: intakt\n','2017-09-29 13:42:52','2017-09-29 13:42:52'),(57,'beamTest123','xyz74912',5,1,57,1,1,NULL,NULL,'2015-02-28','2017-09-29',NULL,NULL,'543.00',0,0,1,NULL,0,1,NULL,NULL,NULL,NULL,NULL,'--- !ruby/hash:ActiveSupport::HashWithIndifferentAccess\nanschaffungskategorie: AV-Technik\nreference: invoice\numzug: zgeln\nankunftszustand: intakt\n','2017-09-29 13:42:52','2017-09-29 13:42:52'),(58,'ucbeam1','minbeam1',6,1,58,1,1,NULL,NULL,'2014-01-13','2017-09-29',NULL,NULL,'1047.00',0,0,1,NULL,0,1,NULL,NULL,NULL,'ucbeam1',NULL,'--- !ruby/hash:ActiveSupport::HashWithIndifferentAccess\nanschaffungskategorie: AV-Technik\nreference: invoice\numzug: zgeln\nankunftszustand: intakt\n','2017-09-29 13:42:52','2017-09-29 13:42:52'),(59,'microbeam1','microbeam1',7,1,59,1,1,NULL,NULL,'2015-12-12','2017-09-29',NULL,NULL,'1442.00',0,0,1,NULL,0,1,NULL,NULL,NULL,'microbeam1',NULL,'--- !ruby/hash:ActiveSupport::HashWithIndifferentAccess\nanschaffungskategorie: AV-Technik\nreference: invoice\numzug: zgeln\nankunftszustand: intakt\n','2017-09-29 13:42:52','2017-09-29 13:42:52'),(60,'cam123','abc234',8,1,60,1,1,NULL,NULL,'2014-06-14','2017-09-29',NULL,NULL,'657.00',0,0,1,NULL,0,1,NULL,NULL,NULL,NULL,NULL,'--- !ruby/hash:ActiveSupport::HashWithIndifferentAccess\nanschaffungskategorie: AV-Technik\nreference: invoice\numzug: zgeln\nankunftszustand: intakt\n','2017-09-29 13:42:52','2017-09-29 13:42:52'),(61,'cam345','ab567',8,1,61,1,1,NULL,NULL,'2015-02-27','2017-09-29',NULL,NULL,'211.00',0,0,1,NULL,0,1,NULL,NULL,NULL,NULL,NULL,'--- !ruby/hash:ActiveSupport::HashWithIndifferentAccess\nanschaffungskategorie: AV-Technik\nreference: invoice\numzug: zgeln\nankunftszustand: intakt\n','2017-09-29 13:42:52','2017-09-29 13:42:52'),(62,'cam567','ab789',8,1,62,1,1,NULL,NULL,'2012-05-24','2017-09-29',NULL,NULL,'827.00',0,0,1,NULL,0,1,NULL,NULL,NULL,NULL,NULL,'--- !ruby/hash:ActiveSupport::HashWithIndifferentAccess\nanschaffungskategorie: AV-Technik\nreference: invoice\numzug: zgeln\nankunftszustand: intakt\n','2017-09-29 13:42:52','2017-09-29 13:42:52'),(63,'cam53267','ab782129',8,1,63,1,1,NULL,NULL,'2014-02-27','2017-09-29',NULL,NULL,'391.00',0,0,1,NULL,0,1,NULL,NULL,NULL,NULL,NULL,'--- !ruby/hash:ActiveSupport::HashWithIndifferentAccess\nanschaffungskategorie: AV-Technik\nreference: invoice\numzug: zgeln\nankunftszustand: intakt\n','2017-09-29 13:42:52','2017-09-29 13:42:52'),(64,'cam532asd67','ab78as2129',8,1,64,1,1,NULL,NULL,'2013-04-02','2017-09-29',NULL,NULL,'1236.00',0,0,1,NULL,0,1,NULL,NULL,NULL,NULL,NULL,'--- !ruby/hash:ActiveSupport::HashWithIndifferentAccess\nanschaffungskategorie: AV-Technik\nreference: invoice\numzug: zgeln\nankunftszustand: intakt\n','2017-09-29 13:42:52','2017-09-29 13:42:52'),(65,'tri789','fgh567',9,1,65,1,1,NULL,NULL,'2015-05-29','2017-09-29',NULL,NULL,'589.00',0,0,1,NULL,0,1,NULL,NULL,NULL,NULL,NULL,'--- !ruby/hash:ActiveSupport::HashWithIndifferentAccess\nanschaffungskategorie: AV-Technik\nreference: invoice\numzug: zgeln\nankunftszustand: intakt\n','2017-09-29 13:42:52','2017-09-29 13:42:52'),(66,'tri123','fgh987',9,1,66,1,1,NULL,NULL,'2013-08-08','2017-09-29',NULL,NULL,'300.00',0,0,1,NULL,0,1,NULL,NULL,NULL,NULL,NULL,'--- !ruby/hash:ActiveSupport::HashWithIndifferentAccess\nanschaffungskategorie: AV-Technik\nreference: invoice\numzug: zgeln\nankunftszustand: intakt\n','2017-09-29 13:42:52','2017-09-29 13:42:52'),(67,'tri923','asd213',9,1,67,1,1,NULL,NULL,'2013-09-05','2017-09-29',NULL,NULL,'1148.00',0,0,1,NULL,0,1,NULL,NULL,NULL,NULL,NULL,'--- !ruby/hash:ActiveSupport::HashWithIndifferentAccess\nanschaffungskategorie: AV-Technik\nreference: invoice\numzug: zgeln\nankunftszustand: intakt\n','2017-09-29 13:42:52','2017-09-29 13:42:52'),(68,'tri212','tri212',9,1,68,1,1,NULL,NULL,'2013-11-26','2017-09-29',NULL,NULL,'308.00',0,0,1,NULL,0,1,NULL,NULL,NULL,NULL,NULL,'--- !ruby/hash:ActiveSupport::HashWithIndifferentAccess\nanschaffungskategorie: AV-Technik\nreference: invoice\numzug: zgeln\nankunftszustand: intakt\n','2017-09-29 13:42:52','2017-09-29 13:42:52'),(69,'hifi123','hifi123',10,1,69,1,1,NULL,NULL,'2012-10-31','2017-09-29',NULL,NULL,'23.00',0,0,1,NULL,0,1,NULL,NULL,NULL,NULL,NULL,'--- !ruby/hash:ActiveSupport::HashWithIndifferentAccess\nanschaffungskategorie: AV-Technik\nreference: invoice\numzug: zgeln\nankunftszustand: intakt\n','2017-09-29 13:42:52','2017-09-29 13:42:52'),(70,'bose123','bose123',12,1,70,1,1,NULL,NULL,'2016-05-14','2017-09-29',NULL,NULL,'326.00',0,0,1,NULL,0,1,NULL,NULL,NULL,NULL,NULL,'--- !ruby/hash:ActiveSupport::HashWithIndifferentAccess\nanschaffungskategorie: AV-Technik\nreference: invoice\numzug: zgeln\nankunftszustand: intakt\n','2017-09-29 13:42:52','2017-09-29 13:42:52'),(71,'cand5','cand5',8,1,71,1,1,NULL,NULL,'2013-10-17','2017-09-29',NULL,NULL,'1437.00',0,0,0,NULL,0,1,NULL,NULL,NULL,NULL,NULL,'--- !ruby/hash:ActiveSupport::HashWithIndifferentAccess\nanschaffungskategorie: AV-Technik\nreference: invoice\numzug: zgeln\nankunftszustand: intakt\n','2017-09-29 13:42:52','2017-09-29 13:42:52'),(72,'beam21231','beamas12312',2,1,72,1,1,NULL,NULL,'2012-01-05','2017-09-29',NULL,NULL,'829.00',0,0,0,NULL,0,1,NULL,NULL,NULL,NULL,NULL,'--- !ruby/hash:ActiveSupport::HashWithIndifferentAccess\nanschaffungskategorie: AV-Technik\nreference: invoice\numzug: zgeln\nankunftszustand: intakt\n','2017-09-29 13:42:52','2017-09-29 13:42:52'),(73,'hifi345','hifi345',10,1,73,1,1,NULL,NULL,'2014-01-22','2017-09-29',NULL,NULL,'995.00',0,0,0,NULL,0,1,NULL,NULL,NULL,NULL,NULL,'--- !ruby/hash:ActiveSupport::HashWithIndifferentAccess\nanschaffungskategorie: AV-Technik\nreference: invoice\numzug: zgeln\nankunftszustand: intakt\n','2017-09-29 13:42:52','2017-09-29 13:42:52'),(74,'wlaptop1','wlaptop1',14,1,74,1,1,NULL,NULL,'2016-02-27','2017-09-29',NULL,NULL,'676.00',1,0,1,NULL,0,1,NULL,NULL,NULL,NULL,NULL,'--- !ruby/hash:ActiveSupport::HashWithIndifferentAccess\nanschaffungskategorie: AV-Technik\nreference: invoice\numzug: zgeln\nankunftszustand: intakt\n','2017-09-29 13:42:52','2017-09-29 13:42:52'),(75,'v120d02','v120d02',15,1,75,1,1,NULL,NULL,'2015-11-17','2017-09-29',NULL,NULL,'107.00',0,1,1,NULL,0,1,NULL,NULL,NULL,NULL,NULL,'--- !ruby/hash:ActiveSupport::HashWithIndifferentAccess\nanschaffungskategorie: AV-Technik\nreference: invoice\numzug: zgeln\nankunftszustand: intakt\n','2017-09-29 13:42:52','2017-09-29 13:42:52'),(76,'v120d11','v120d11',15,NULL,76,1,1,NULL,NULL,'2013-05-28','2017-09-29','2017-09-29','Consequatur voluptatem eum omnis quo sint.','964.00',1,1,0,NULL,0,1,NULL,NULL,NULL,NULL,NULL,'--- !ruby/hash:ActiveSupport::HashWithIndifferentAccess\nanschaffungskategorie: AV-Technik\nreference: invoice\numzug: zgeln\nankunftszustand: intakt\n','2017-09-29 13:42:52','2017-09-29 13:42:52'),(77,'v120d022g','v120d022g',16,1,77,1,1,NULL,NULL,'2014-12-29','2017-09-29',NULL,NULL,'816.00',0,0,1,NULL,0,1,NULL,NULL,NULL,NULL,NULL,'--- !ruby/hash:ActiveSupport::HashWithIndifferentAccess\nanschaffungskategorie: AV-Technik\nreference: invoice\numzug: zgeln\nankunftszustand: intakt\n','2017-09-29 13:42:52','2017-09-29 13:42:52'),(78,'v120d022g2','v120d022g2',16,1,78,1,1,NULL,NULL,'2013-05-05','2017-09-29',NULL,NULL,'1494.00',0,0,1,NULL,0,1,NULL,NULL,NULL,NULL,NULL,'--- !ruby/hash:ActiveSupport::HashWithIndifferentAccess\nanschaffungskategorie: AV-Technik\nreference: invoice\numzug: zgeln\nankunftszustand: intakt\n','2017-09-29 13:42:52','2017-09-29 13:42:52'),(79,'iMac1','iMac1',18,1,79,1,1,NULL,NULL,'2013-07-11','2017-09-29','2017-09-29','This item is gone.','582.00',0,0,1,NULL,0,1,NULL,NULL,NULL,NULL,NULL,'--- !ruby/hash:ActiveSupport::HashWithIndifferentAccess\nanschaffungskategorie: AV-Technik\nreference: invoice\numzug: zgeln\nankunftszustand: intakt\n','2017-09-29 13:42:52','2017-09-29 13:42:52'),(80,'iMac2','iMac2',18,1,80,3,1,NULL,NULL,'2015-07-12','2017-09-29','2017-09-29','This item is gone.','519.00',0,0,1,NULL,0,1,NULL,NULL,NULL,NULL,NULL,'--- !ruby/hash:ActiveSupport::HashWithIndifferentAccess\nanschaffungskategorie: AV-Technik\nreference: invoice\numzug: zgeln\nankunftszustand: intakt\n','2017-09-29 13:42:52','2017-09-29 13:42:52'),(81,'lpv3yc','lpv3yc',11,1,81,1,1,NULL,NULL,'2014-12-05','2017-09-29','2017-09-29','This item is gone.','661.00',0,0,1,NULL,0,1,NULL,NULL,NULL,NULL,NULL,'--- !ruby/hash:ActiveSupport::HashWithIndifferentAccess\nanschaffungskategorie: AV-Technik\nreference: invoice\numzug: zgeln\nankunftszustand: intakt\n','2017-09-29 13:42:52','2017-09-29 13:42:52'),(82,'6cxjcs','6cxjcs',11,1,82,1,1,NULL,NULL,'2012-08-16','2017-09-29','2017-09-29','This item is gone.','365.00',0,0,1,NULL,0,1,NULL,NULL,NULL,NULL,NULL,'--- !ruby/hash:ActiveSupport::HashWithIndifferentAccess\nanschaffungskategorie: AV-Technik\nreference: invoice\numzug: zgeln\nankunftszustand: intakt\n','2017-09-29 13:42:52','2017-09-29 13:42:52'),(83,'beam897','beam897',2,1,83,2,2,NULL,NULL,'2015-10-29','2017-09-29',NULL,NULL,'33.00',0,0,1,NULL,0,1,NULL,NULL,NULL,NULL,NULL,'--- !ruby/hash:ActiveSupport::HashWithIndifferentAccess\nanschaffungskategorie: AV-Technik\nreference: invoice\numzug: zgeln\nankunftszustand: intakt\n','2017-09-29 13:42:52','2017-09-29 13:42:52'),(84,'minibeam12','minibeam12',4,1,84,2,2,NULL,NULL,'2015-03-27','2017-09-29',NULL,NULL,'67.00',0,0,1,NULL,0,1,NULL,NULL,NULL,NULL,NULL,'--- !ruby/hash:ActiveSupport::HashWithIndifferentAccess\nanschaffungskategorie: AV-Technik\nreference: invoice\numzug: zgeln\nankunftszustand: intakt\n','2017-09-29 13:42:52','2017-09-29 13:42:52'),(85,'minibeam34','minibeam34',4,1,85,3,3,NULL,NULL,'2016-05-10','2017-09-29',NULL,NULL,'41.00',0,0,1,NULL,0,1,NULL,NULL,NULL,NULL,NULL,'--- !ruby/hash:ActiveSupport::HashWithIndifferentAccess\nanschaffungskategorie: AV-Technik\nreference: invoice\numzug: zgeln\nankunftszustand: intakt\n','2017-09-29 13:42:52','2017-09-29 13:42:52'),(86,'minibeam56','minibeam56',4,1,86,1,1,NULL,NULL,'2012-08-17','2017-09-29','2017-09-29','Sapiente ad ut fuga porro nihil vel.','1433.00',0,0,1,NULL,0,1,NULL,NULL,NULL,NULL,NULL,'--- !ruby/hash:ActiveSupport::HashWithIndifferentAccess\nanschaffungskategorie: AV-Technik\nreference: invoice\numzug: zgeln\nankunftszustand: intakt\n','2017-09-29 13:42:52','2017-09-29 13:42:52'),(87,'minibeam78','minibeam78',4,1,87,2,2,NULL,NULL,'2012-09-06','2017-09-29',NULL,NULL,'438.00',0,0,1,NULL,0,1,NULL,NULL,NULL,NULL,NULL,'--- !ruby/hash:ActiveSupport::HashWithIndifferentAccess\nanschaffungskategorie: AV-Technik\nreference: invoice\numzug: zgeln\nankunftszustand: intakt\n','2017-09-29 13:42:52','2017-09-29 13:42:52'),(88,'air123','air123',19,1,88,1,1,NULL,NULL,'2013-03-31','2017-09-29',NULL,NULL,'1205.00',0,0,1,NULL,0,1,NULL,NULL,NULL,NULL,NULL,'--- !ruby/hash:ActiveSupport::HashWithIndifferentAccess\nanschaffungskategorie: AV-Technik\nreference: invoice\numzug: zgeln\nankunftszustand: intakt\n','2017-09-29 13:42:52','2017-09-29 13:42:52'),(89,'tp230','tp230',20,1,89,1,1,NULL,NULL,'2013-02-02','2017-09-29',NULL,NULL,'272.00',0,0,1,NULL,0,1,NULL,NULL,NULL,NULL,NULL,'--- !ruby/hash:ActiveSupport::HashWithIndifferentAccess\nanschaffungskategorie: AV-Technik\nreference: invoice\numzug: zgeln\nankunftszustand: intakt\n','2017-09-29 13:42:52','2017-09-29 13:42:52'),(90,'tp301','tp301',21,1,90,1,1,NULL,NULL,'2013-11-10','2017-09-29',NULL,NULL,'318.00',0,0,1,NULL,0,1,NULL,NULL,NULL,NULL,NULL,'--- !ruby/hash:ActiveSupport::HashWithIndifferentAccess\nanschaffungskategorie: AV-Technik\nreference: invoice\numzug: zgeln\nankunftszustand: intakt\n','2017-09-29 13:42:52','2017-09-29 13:42:52'),(91,'carbon1','carbon1',22,1,91,1,1,NULL,NULL,'2013-07-28','2017-09-29',NULL,NULL,'296.00',0,0,1,NULL,0,1,NULL,NULL,NULL,NULL,NULL,'--- !ruby/hash:ActiveSupport::HashWithIndifferentAccess\nanschaffungskategorie: AV-Technik\nreference: invoice\numzug: zgeln\nankunftszustand: intakt\n','2017-09-29 13:42:52','2017-09-29 13:42:52'),(92,'carbon2','carbon2',22,1,92,1,1,NULL,NULL,'2013-03-29','2017-09-29',NULL,NULL,'1147.00',0,0,1,NULL,0,1,NULL,NULL,NULL,NULL,NULL,'--- !ruby/hash:ActiveSupport::HashWithIndifferentAccess\nanschaffungskategorie: AV-Technik\nreference: invoice\numzug: zgeln\nankunftszustand: intakt\n','2017-09-29 13:42:52','2017-09-29 13:42:52'),(93,'inspiron1','inspiron1',23,1,93,1,1,NULL,NULL,'2015-11-06','2017-09-29',NULL,NULL,'1409.00',0,0,1,NULL,0,1,NULL,NULL,NULL,NULL,NULL,'--- !ruby/hash:ActiveSupport::HashWithIndifferentAccess\nanschaffungskategorie: AV-Technik\nreference: invoice\numzug: zgeln\nankunftszustand: intakt\n','2017-09-29 13:42:52','2017-09-29 13:42:52'),(94,'A4',NULL,1,1,94,1,2,NULL,NULL,'2013-09-22','2017-09-29',NULL,NULL,'1413.00',0,0,1,NULL,0,1,NULL,NULL,NULL,NULL,NULL,'--- !ruby/hash:ActiveSupport::HashWithIndifferentAccess\nanschaffungskategorie: AV-Technik\nreference: invoice\numzug: zgeln\nankunftszustand: intakt\n','2017-09-29 13:42:52','2017-09-29 13:42:52'),(95,'8ffrq8kb5azddv5r2lkj51','00:b3:c3:c4:33:b1-3a:ec:71:64:08:b5-0d:fc:82:a0:1f:8e',76,NULL,NULL,1,1,NULL,NULL,NULL,NULL,NULL,NULL,NULL,0,0,1,NULL,0,0,NULL,NULL,NULL,NULL,NULL,'--- !ruby/hash:ActiveSupport::HashWithIndifferentAccess\nlicense_type: single_workplace\nactivation_type: serial_number\noperating_system:\n- windows\n- linux\ninstallation:\n- citrix\n- web\nprocured_by: Mina Ankunding\nreference: invoice\nmaintenance_contract: \'false\'\nmaintenance_currency: CHF\n','2017-09-29 13:42:52','2017-09-29 13:42:52'),(96,'jxjwc1ovpodpukctrt2452','39:7a:ab:a9:21:35-d8:29:49:b0:97:62-7c:19:1f:08:67:0b',77,NULL,NULL,1,1,NULL,NULL,NULL,NULL,NULL,NULL,NULL,0,0,1,NULL,0,0,NULL,NULL,NULL,NULL,NULL,'--- !ruby/hash:ActiveSupport::HashWithIndifferentAccess\nlicense_type: single_workplace\nactivation_type: serial_number\noperating_system:\n- windows\n- linux\ninstallation:\n- citrix\n- web\nreference: invoice\nmaintenance_contract: \'false\'\nmaintenance_currency: CHF\n','2017-09-29 13:42:52','2017-09-29 13:42:52'),(97,'owesymqv007yv1qmeseq53','fe:83:15:ce:d1:84-94:40:bd:93:1c:1e-1a:88:38:ee:33:90',78,NULL,NULL,1,1,NULL,NULL,NULL,NULL,NULL,NULL,NULL,0,0,1,NULL,0,0,NULL,NULL,NULL,NULL,NULL,'--- !ruby/hash:ActiveSupport::HashWithIndifferentAccess\nlicense_type: single_workplace\nactivation_type: serial_number\noperating_system:\n- windows\n- linux\ninstallation:\n- citrix\n- web\nreference: invoice\nmaintenance_contract: \'false\'\nmaintenance_currency: CHF\n','2017-09-29 13:42:52','2017-09-29 13:42:52'),(98,'gu6ouk09a8utxdiviuhl54','99:34:80:d1:fa:09-c0:c8:81:64:79:07-95:91:c6:2d:7c:e6',79,NULL,NULL,1,1,NULL,NULL,NULL,NULL,NULL,NULL,NULL,0,0,1,NULL,0,0,NULL,NULL,NULL,NULL,NULL,'--- !ruby/hash:ActiveSupport::HashWithIndifferentAccess\nlicense_type: single_workplace\nactivation_type: serial_number\noperating_system:\n- windows\n- linux\ninstallation:\n- citrix\n- web\nprocured_by: Delegation 5\nreference: invoice\nmaintenance_contract: \'false\'\nmaintenance_currency: CHF\n','2017-09-29 13:42:52','2017-09-29 13:42:52'),(99,'g30xqu88hztxn292odwg55','27:e6:01:7b:33:e3-8b:c2:e3:56:54:46-ea:90:b4:26:4c:62',80,NULL,NULL,1,1,NULL,NULL,NULL,NULL,NULL,NULL,NULL,0,0,0,NULL,0,0,NULL,NULL,NULL,NULL,NULL,'--- !ruby/hash:ActiveSupport::HashWithIndifferentAccess\nlicense_type: single_workplace\nactivation_type: serial_number\noperating_system:\n- windows\n- linux\ninstallation:\n- citrix\n- web\nreference: invoice\nmaintenance_contract: \'false\'\nmaintenance_currency: CHF\n','2017-09-29 13:42:52','2017-09-29 13:42:52'),(100,'i77uqgwuo7dykopafyur56','b9:b6:23:b8:f8:59-65:d5:82:c8:c2:51-e0:b1:78:51:fe:90',81,NULL,NULL,1,1,NULL,NULL,NULL,NULL,NULL,NULL,NULL,0,0,0,NULL,0,0,NULL,NULL,NULL,NULL,NULL,'--- !ruby/hash:ActiveSupport::HashWithIndifferentAccess\nlicense_type: single_workplace\nactivation_type: serial_number\noperating_system:\n- windows\n- linux\ninstallation:\n- citrix\n- web\nprocured_by: Julie Gaylord\nreference: invoice\nmaintenance_contract: \'false\'\nmaintenance_currency: CHF\n','2017-09-29 13:42:52','2017-09-29 13:42:52'),(101,'A13','62:37:69:32:94:a6-75:bc:f0:d1:bc:47-11:1f:c0:42:5f:e6',82,NULL,NULL,1,2,NULL,NULL,NULL,NULL,NULL,NULL,NULL,0,0,1,NULL,0,0,NULL,NULL,NULL,NULL,NULL,'--- !ruby/hash:ActiveSupport::HashWithIndifferentAccess\nreference: invoice\nactivation_type: none\nlicense_type: free\nmaintenance_contract: \'false\'\nmaintenance_currency: CHF\n','2017-09-29 13:42:52','2017-09-29 13:42:52'),(102,'A20','a8:e9:58:30:24:e3-36:45:0f:42:6d:59-9b:b5:1a:21:e7:8a',83,NULL,NULL,1,1,NULL,NULL,NULL,NULL,'2017-09-29','Sed est quis nemo sed eaque vero eligendi consequuntur.',NULL,0,0,1,NULL,0,0,NULL,NULL,NULL,NULL,NULL,'--- !ruby/hash:ActiveSupport::HashWithIndifferentAccess\nreference: invoice\nactivation_type: none\nlicense_type: free\nmaintenance_contract: \'false\'\nmaintenance_currency: CHF\n','2017-09-29 13:42:52','2017-09-29 13:42:52'),(103,'IT23','63:1e:a3:78:1b:c9-8c:aa:39:82:5f:ab-c7:23:28:4b:81:01',84,NULL,NULL,2,1,NULL,NULL,NULL,NULL,'2017-09-29','Rem cum numquam molestiae.',NULL,0,0,0,NULL,0,0,NULL,NULL,NULL,NULL,NULL,'--- !ruby/hash:ActiveSupport::HashWithIndifferentAccess\nreference: invoice\nactivation_type: none\nlicense_type: free\nmaintenance_contract: \'false\'\nmaintenance_currency: CHF\n','2017-09-29 13:42:52','2017-09-29 13:42:52'),(104,'IT27','de:a2:11:66:0d:15-ac:a4:91:0d:df:fc-3e:f2:53:c2:c8:6b',85,NULL,NULL,2,2,NULL,NULL,NULL,NULL,NULL,NULL,NULL,0,0,1,NULL,0,0,NULL,NULL,NULL,NULL,NULL,'--- !ruby/hash:ActiveSupport::HashWithIndifferentAccess\nreference: invoice\nactivation_type: none\nlicense_type: free\nmaintenance_contract: \'false\'\nmaintenance_currency: CHF\n','2017-09-29 13:42:52','2017-09-29 13:42:52'),(105,'A29','48:8c:69:da:13:83-a4:95:79:8e:2e:62-11:53:5f:f1:40:e4',86,NULL,NULL,1,1,NULL,NULL,'2017-09-29',NULL,NULL,NULL,NULL,0,0,0,NULL,0,0,NULL,NULL,NULL,NULL,NULL,'--- !ruby/hash:ActiveSupport::HashWithIndifferentAccess\nlicense_expiration: \'2017-09-29\'\nmaintenance_contract: \'true\'\nmaintenance_expiration: \'2017-09-29\'\nreference: invoice\nactivation_type: none\nlicense_type: free\nmaintenance_currency: CHF\n','2017-09-29 13:42:52','2017-09-29 13:42:52'),(106,'acrobat123','67:15:fc:8d:8a:f8-2f:52:24:c8:09:83-78:29:4c:99:46:81',74,NULL,NULL,1,1,NULL,NULL,NULL,NULL,NULL,NULL,NULL,0,0,1,NULL,0,0,NULL,NULL,NULL,NULL,NULL,'--- !ruby/hash:ActiveSupport::HashWithIndifferentAccess\nreference: invoice\nactivation_type: none\nlicense_type: free\nmaintenance_contract: \'false\'\nmaintenance_currency: CHF\nquantity_allocations:\n- :room: natus\n  :quantity: \'32\'\n- :room: ut\n  :quantity: \'41\'\n','2017-09-29 13:42:52','2017-09-29 13:42:52'),(107,'msword123','c8:f5:be:9f:ac:8c-0e:3a:a2:01:d7:8e-f4:1d:e8:e6:7a:bc',87,NULL,NULL,1,1,NULL,NULL,NULL,NULL,NULL,NULL,NULL,0,0,0,NULL,0,0,NULL,NULL,NULL,NULL,NULL,'--- !ruby/hash:ActiveSupport::HashWithIndifferentAccess\nlicense_type: multiple_workplace\noperating_system:\n- mac_os_x\n- linux\nreference: invoice\nactivation_type: none\nmaintenance_contract: \'false\'\nmaintenance_currency: CHF\nquantity_allocations:\n- :room: cupiditate\n  :quantity: \'15\'\n- :room: sit\n  :quantity: \'31\'\n','2017-09-29 13:42:52','2017-09-29 13:42:52'),(108,'lic111','66:36:2d:e5:38:bf-61:13:b0:21:6b:41-b6:12:68:e9:55:f3',88,NULL,NULL,1,2,NULL,NULL,NULL,NULL,NULL,NULL,NULL,0,0,1,NULL,0,0,NULL,NULL,NULL,NULL,NULL,'--- !ruby/hash:ActiveSupport::HashWithIndifferentAccess\nlicense_type: multiple_workplace\noperating_system:\n- windows\n- linux\nreference: invoice\nactivation_type: none\nmaintenance_contract: \'false\'\nmaintenance_currency: CHF\n','2017-09-29 13:42:52','2017-09-29 13:42:52'),(109,'A30','01:61:15:32:32:9f-50:53:86:ec:dd:39-13:82:dc:45:e7:cb',89,NULL,NULL,1,1,NULL,NULL,NULL,NULL,NULL,NULL,NULL,0,0,1,NULL,0,0,NULL,NULL,NULL,NULL,NULL,'--- !ruby/hash:ActiveSupport::HashWithIndifferentAccess\nlicense_type: concurrent\noperating_system:\n- linux\n- windows\nreference: invoice\nactivation_type: none\nmaintenance_contract: \'false\'\nmaintenance_currency: CHF\n','2017-09-29 13:42:52','2017-09-29 13:42:52'),(110,'nnvqx1pe9eh3tw0tpr7g57','f5:c6:7c:9d:22:f8-86:bf:e1:0f:93:14-31:6f:02:84:a3:56',90,3,95,1,1,NULL,NULL,'2013-09-11','2017-09-29',NULL,NULL,'436.00',0,0,1,NULL,0,1,NULL,NULL,NULL,NULL,NULL,'--- !ruby/hash:ActiveSupport::HashWithIndifferentAccess\nanschaffungskategorie: AV-Technik\nreference: invoice\numzug: zgeln\nankunftszustand: intakt\n','2017-09-29 13:42:52','2017-09-29 13:42:52'),(111,'qy726kvwd34t98uoyubc58','a3:0f:69:13:59:a4-bf:40:56:2d:07:0c-17:e1:7c:a2:cf:c1',91,3,96,1,1,110,NULL,'2013-06-05','2017-09-29',NULL,NULL,'128.00',0,0,1,NULL,0,1,NULL,NULL,NULL,NULL,NULL,'--- !ruby/hash:ActiveSupport::HashWithIndifferentAccess\nanschaffungskategorie: AV-Technik\nreference: invoice\numzug: zgeln\nankunftszustand: intakt\n','2017-09-29 13:42:52','2017-09-29 13:42:52'),(112,'s5yqfy4zqivfmzzwtp6i59','cd:5e:41:64:a3:01-23:20:bd:8d:53:a9-ef:2f:2f:f4:8f:31',92,3,97,1,1,110,NULL,'2012-05-30','2017-09-29',NULL,NULL,'171.00',0,0,1,NULL,0,1,NULL,NULL,NULL,NULL,NULL,'--- !ruby/hash:ActiveSupport::HashWithIndifferentAccess\nanschaffungskategorie: AV-Technik\nreference: invoice\numzug: zgeln\nankunftszustand: intakt\n','2017-09-29 13:42:52','2017-09-29 13:42:52'),(113,'vuyzwpu82gamnoaglsas60','a6:30:69:29:aa:d9-5c:16:0b:cc:9e:ee-6e:41:c7:d3:ef:10',93,3,98,1,1,110,NULL,'2013-04-30','2017-09-29',NULL,NULL,'1227.00',0,0,1,NULL,0,1,NULL,NULL,NULL,NULL,NULL,'--- !ruby/hash:ActiveSupport::HashWithIndifferentAccess\nanschaffungskategorie: AV-Technik\nreference: invoice\numzug: zgeln\nankunftszustand: intakt\n','2017-09-29 13:42:52','2017-09-29 13:42:52'),(114,'6mo79cpvlxsqjz0n656c61','c9:ec:3f:29:df:97-02:f7:21:39:a4:d7-80:67:09:85:fd:d2',90,7,99,1,1,NULL,NULL,'2012-07-31','2017-09-29',NULL,NULL,'1156.00',0,0,1,NULL,0,1,NULL,NULL,NULL,NULL,NULL,'--- !ruby/hash:ActiveSupport::HashWithIndifferentAccess\nanschaffungskategorie: AV-Technik\nreference: invoice\numzug: zgeln\nankunftszustand: intakt\n','2017-09-29 13:42:52','2017-09-29 13:42:52'),(115,'dh3buu69uoxcpt5i2wvy62','a8:a2:a0:cc:f3:81-04:6a:16:e5:a4:f1-fb:38:ae:6d:19:74',94,7,100,1,1,114,NULL,'2015-02-05','2017-09-29',NULL,NULL,'1297.00',0,0,1,NULL,0,1,NULL,NULL,NULL,NULL,NULL,'--- !ruby/hash:ActiveSupport::HashWithIndifferentAccess\nanschaffungskategorie: AV-Technik\nreference: invoice\numzug: zgeln\nankunftszustand: intakt\n','2017-09-29 13:42:52','2017-09-29 13:42:52'),(116,'jcg99uju13siqgbbsnwj63','67:27:27:1d:dd:17-26:18:21:bc:64:08-17:71:01:36:50:00',95,7,101,1,1,114,NULL,'2014-06-25','2017-09-29',NULL,NULL,'1032.00',0,0,1,NULL,0,1,NULL,NULL,NULL,NULL,NULL,'--- !ruby/hash:ActiveSupport::HashWithIndifferentAccess\nanschaffungskategorie: AV-Technik\nreference: invoice\numzug: zgeln\nankunftszustand: intakt\n','2017-09-29 13:42:52','2017-09-29 13:42:52'),(117,'vzssxuql494hmi7d307f64','10:42:d4:ea:b9:55-16:04:99:23:89:b9-af:ff:ce:93:f3:80',96,7,102,1,1,114,NULL,'2016-09-06','2017-09-29',NULL,NULL,'383.00',0,0,1,NULL,0,1,NULL,NULL,NULL,NULL,NULL,'--- !ruby/hash:ActiveSupport::HashWithIndifferentAccess\nanschaffungskategorie: AV-Technik\nreference: invoice\numzug: zgeln\nankunftszustand: intakt\n','2017-09-29 13:42:52','2017-09-29 13:42:52'),(118,'5fjqsca4ad5lt5ha940a65','1e:aa:00:9a:c6:34-10:07:cf:eb:50:78-05:d9:bd:77:ff:13',90,11,103,1,1,NULL,NULL,'2012-01-01','2017-09-29',NULL,NULL,'174.00',0,0,1,NULL,0,1,NULL,NULL,NULL,NULL,NULL,'--- !ruby/hash:ActiveSupport::HashWithIndifferentAccess\nanschaffungskategorie: AV-Technik\nreference: invoice\numzug: zgeln\nankunftszustand: intakt\n','2017-09-29 13:42:52','2017-09-29 13:42:52'),(119,'7mofgss0y8cwba0fwqtd66','92:94:85:28:e3:29-2f:f4:7d:c7:7e:e6-de:52:fc:ec:ca:81',97,11,104,1,1,118,NULL,'2014-06-18','2017-09-29',NULL,NULL,'842.00',0,0,1,NULL,0,1,NULL,NULL,NULL,NULL,NULL,'--- !ruby/hash:ActiveSupport::HashWithIndifferentAccess\nanschaffungskategorie: AV-Technik\nreference: invoice\numzug: zgeln\nankunftszustand: intakt\n','2017-09-29 13:42:52','2017-09-29 13:42:52'),(120,'t5k2ffzqwn5cbwcs9ky167','76:d2:2b:fa:b3:09-e8:09:fd:ba:b6:fe-aa:78:48:76:74:15',98,11,105,1,1,118,NULL,'2015-09-04','2017-09-29',NULL,NULL,'1087.00',0,0,1,NULL,0,1,NULL,NULL,NULL,NULL,NULL,'--- !ruby/hash:ActiveSupport::HashWithIndifferentAccess\nanschaffungskategorie: AV-Technik\nreference: invoice\numzug: zgeln\nankunftszustand: intakt\n','2017-09-29 13:42:52','2017-09-29 13:42:52'),(121,'22vyw1nm7rfb0dn4sklu68','02:4b:aa:6d:c4:de-ba:6e:42:98:c3:cf-aa:9b:fe:eb:57:d1',99,11,106,1,1,118,NULL,'2013-04-26','2017-09-29',NULL,NULL,'1056.00',0,0,1,NULL,0,1,NULL,NULL,NULL,NULL,NULL,'--- !ruby/hash:ActiveSupport::HashWithIndifferentAccess\nanschaffungskategorie: AV-Technik\nreference: invoice\numzug: zgeln\nankunftszustand: intakt\n','2017-09-29 13:42:52','2017-09-29 13:42:52'),(122,'dxme1cbjrbl43e1porsg69','bc:33:13:12:7a:7d-73:9f:f0:5c:53:d9-4f:02:67:4e:22:fb',90,15,107,2,2,NULL,NULL,'2015-12-05','2017-09-29',NULL,NULL,'572.00',0,0,1,NULL,0,1,NULL,NULL,NULL,NULL,NULL,'--- !ruby/hash:ActiveSupport::HashWithIndifferentAccess\nanschaffungskategorie: AV-Technik\nreference: invoice\numzug: zgeln\nankunftszustand: intakt\n','2017-09-29 13:42:52','2017-09-29 13:42:52'),(123,'mfkwtg4dzx70ciriw8uf70','5a:90:f9:5b:2e:a3-c7:ac:07:0e:06:f3-23:6b:b9:c6:eb:14',100,15,108,2,2,122,NULL,'2012-01-14','2017-09-29',NULL,NULL,'1421.00',0,0,1,NULL,0,1,NULL,NULL,NULL,NULL,NULL,'--- !ruby/hash:ActiveSupport::HashWithIndifferentAccess\nanschaffungskategorie: AV-Technik\nreference: invoice\numzug: zgeln\nankunftszustand: intakt\n','2017-09-29 13:42:52','2017-09-29 13:42:52'),(124,'51nbfnagvsy5kfazillg71','30:52:39:4c:13:5b-60:2d:6d:9d:45:7e-96:5d:89:e7:08:39',101,15,109,2,2,122,NULL,'2014-12-29','2017-09-29',NULL,NULL,'439.00',0,0,1,NULL,0,1,NULL,NULL,NULL,NULL,NULL,'--- !ruby/hash:ActiveSupport::HashWithIndifferentAccess\nanschaffungskategorie: AV-Technik\nreference: invoice\numzug: zgeln\nankunftszustand: intakt\n','2017-09-29 13:42:52','2017-09-29 13:42:52'),(125,'p96f4yppv79mnn327i0072','9a:65:d7:02:74:9d-1f:1b:ec:3a:bd:e6-1b:6a:16:16:88:0f',102,15,110,2,2,122,NULL,'2014-04-03','2017-09-29',NULL,NULL,'93.00',0,0,1,NULL,0,1,NULL,NULL,NULL,NULL,NULL,'--- !ruby/hash:ActiveSupport::HashWithIndifferentAccess\nanschaffungskategorie: AV-Technik\nreference: invoice\numzug: zgeln\nankunftszustand: intakt\n','2017-09-29 13:42:52','2017-09-29 13:42:52'),(126,'fe55we8s6kgcn16n0deh73','df:f5:07:99:9e:7c-1b:65:b8:fc:cf:6a-21:02:ea:1f:62:2d',103,19,111,1,1,NULL,NULL,'2013-11-12','2017-09-29',NULL,NULL,'13.00',0,0,1,NULL,0,1,NULL,NULL,NULL,NULL,NULL,'--- !ruby/hash:ActiveSupport::HashWithIndifferentAccess\nanschaffungskategorie: AV-Technik\nreference: invoice\numzug: zgeln\nankunftszustand: intakt\n','2017-09-29 13:42:52','2017-09-29 13:42:52'),(127,'pskhvcrhvs3i9cucv1nl74','3a:96:c1:35:09:68-f3:83:0b:98:82:e0-8f:14:cc:7a:00:c1',104,19,112,1,1,126,NULL,'2014-09-16','2017-09-29',NULL,NULL,'701.00',0,0,1,NULL,0,1,NULL,NULL,NULL,NULL,NULL,'--- !ruby/hash:ActiveSupport::HashWithIndifferentAccess\nanschaffungskategorie: AV-Technik\nreference: invoice\numzug: zgeln\nankunftszustand: intakt\n','2017-09-29 13:42:52','2017-09-29 13:42:52'),(128,'apqt0ec35d4p4j3gxles75','78:5e:e1:cc:69:f7-11:67:57:ad:fd:bf-5f:8f:29:e7:d4:6b',105,19,113,1,1,126,NULL,'2014-02-15','2017-09-29',NULL,NULL,'673.00',0,0,1,NULL,0,1,NULL,NULL,NULL,NULL,NULL,'--- !ruby/hash:ActiveSupport::HashWithIndifferentAccess\nanschaffungskategorie: AV-Technik\nreference: invoice\numzug: zgeln\nankunftszustand: intakt\n','2017-09-29 13:42:52','2017-09-29 13:42:52'),(129,'34sm849372tj3jtwswfd76','28:6d:f4:b4:85:23-54:3a:3b:d4:4f:29-af:5f:9c:5b:2d:ee',106,19,114,1,1,126,NULL,'2013-04-16','2017-09-29',NULL,NULL,'1088.00',0,0,1,NULL,0,1,NULL,NULL,NULL,NULL,NULL,'--- !ruby/hash:ActiveSupport::HashWithIndifferentAccess\nanschaffungskategorie: AV-Technik\nreference: invoice\numzug: zgeln\nankunftszustand: intakt\n','2017-09-29 13:42:52','2017-09-29 13:42:52'),(130,'m9d5a09ed86mgu4go8mf77','4a:8d:bb:04:7c:94-ea:56:57:f1:d5:64-42:1a:1b:c7:c9:0a',103,23,115,1,1,NULL,NULL,'2014-07-25','2017-09-29',NULL,NULL,'39.00',0,0,1,NULL,0,1,NULL,NULL,NULL,NULL,NULL,'--- !ruby/hash:ActiveSupport::HashWithIndifferentAccess\nanschaffungskategorie: AV-Technik\nreference: invoice\numzug: zgeln\nankunftszustand: intakt\n','2017-09-29 13:42:52','2017-09-29 13:42:52'),(131,'od4853aak9hvsg30xi0478','6a:ff:60:c2:34:bf-13:da:67:dd:ea:c2-7d:f4:4c:87:56:59',107,23,116,1,1,130,NULL,'2013-01-10','2017-09-29',NULL,NULL,'94.00',0,0,1,NULL,0,1,NULL,NULL,NULL,NULL,NULL,'--- !ruby/hash:ActiveSupport::HashWithIndifferentAccess\nanschaffungskategorie: AV-Technik\nreference: invoice\numzug: zgeln\nankunftszustand: intakt\n','2017-09-29 13:42:52','2017-09-29 13:42:52'),(132,'7symwryri8m5jzaurxh879','ed:e3:f3:a5:df:d6-73:d8:26:4a:22:9c-e6:45:8c:2f:c5:6b',108,23,117,1,1,130,NULL,'2016-11-10','2017-09-29',NULL,NULL,'1494.00',0,0,1,NULL,0,1,NULL,NULL,NULL,NULL,NULL,'--- !ruby/hash:ActiveSupport::HashWithIndifferentAccess\nanschaffungskategorie: AV-Technik\nreference: invoice\numzug: zgeln\nankunftszustand: intakt\n','2017-09-29 13:42:52','2017-09-29 13:42:52'),(133,'23l7xfxb71s98os5hi5y80','06:b0:e1:f8:bc:5f-f2:d7:9b:34:ae:50-82:e8:7e:d4:e1:be',109,23,118,1,1,130,NULL,'2014-12-25','2017-09-29',NULL,NULL,'55.00',0,0,1,NULL,0,1,NULL,NULL,NULL,NULL,NULL,'--- !ruby/hash:ActiveSupport::HashWithIndifferentAccess\nanschaffungskategorie: AV-Technik\nreference: invoice\numzug: zgeln\nankunftszustand: intakt\n','2017-09-29 13:42:52','2017-09-29 13:42:52'),(134,'qt0s3uez3eaeau1fi88c81','de:56:2b:e5:b4:2d-e3:50:35:99:12:95-c3:04:73:04:04:5b',103,27,119,1,1,NULL,NULL,'2013-09-21','2017-09-29',NULL,NULL,'157.00',0,0,1,NULL,0,1,NULL,NULL,NULL,NULL,NULL,'--- !ruby/hash:ActiveSupport::HashWithIndifferentAccess\nanschaffungskategorie: AV-Technik\nreference: invoice\numzug: zgeln\nankunftszustand: intakt\n','2017-09-29 13:42:52','2017-09-29 13:42:52'),(135,'jkjyouni6m75dg62yht982','f4:c4:03:94:6e:97-cf:47:7a:d6:df:96-b9:fa:8f:4a:80:58',110,27,120,1,1,134,NULL,'2015-02-20','2017-09-29',NULL,NULL,'606.00',0,0,1,NULL,0,1,NULL,NULL,NULL,NULL,NULL,'--- !ruby/hash:ActiveSupport::HashWithIndifferentAccess\nanschaffungskategorie: AV-Technik\nreference: invoice\numzug: zgeln\nankunftszustand: intakt\n','2017-09-29 13:42:52','2017-09-29 13:42:52'),(136,'e7077m0bfoyaxdalma5h83','ff:5a:5c:ea:a2:9b-3d:5b:b1:ee:6f:d1-24:d6:0a:97:2f:cb',111,27,121,1,1,134,NULL,'2016-03-25','2017-09-29',NULL,NULL,'172.00',0,0,1,NULL,0,1,NULL,NULL,NULL,NULL,NULL,'--- !ruby/hash:ActiveSupport::HashWithIndifferentAccess\nanschaffungskategorie: AV-Technik\nreference: invoice\numzug: zgeln\nankunftszustand: intakt\n','2017-09-29 13:42:52','2017-09-29 13:42:52'),(137,'evb53nzvkbc1lh59u4oo84','82:d8:e0:6b:b0:86-73:1b:24:3f:f7:e6-c9:77:ce:78:c0:15',112,27,122,1,1,134,NULL,'2014-05-22','2017-09-29',NULL,NULL,'845.00',0,0,1,NULL,0,1,NULL,NULL,NULL,NULL,NULL,'--- !ruby/hash:ActiveSupport::HashWithIndifferentAccess\nanschaffungskategorie: AV-Technik\nreference: invoice\numzug: zgeln\nankunftszustand: intakt\n','2017-09-29 13:42:52','2017-09-29 13:42:52'),(138,'0hpq7f64ry8x3bbad1ow85','92:c2:80:a5:d5:fc-ec:93:f0:a0:c0:d9-71:e2:d0:40:c7:d9',113,31,123,1,7,NULL,NULL,'2015-05-31','2017-09-29',NULL,NULL,'1326.00',0,0,1,NULL,0,1,NULL,NULL,NULL,NULL,NULL,'--- !ruby/hash:ActiveSupport::HashWithIndifferentAccess\nanschaffungskategorie: AV-Technik\nreference: invoice\numzug: zgeln\nankunftszustand: intakt\n','2017-09-29 13:42:52','2017-09-29 13:42:52'),(139,'fwois8txk57oooxeqewc86','43:4b:7c:94:87:cf-57:0d:05:84:ac:05-92:9e:ad:c9:6f:bf',113,32,124,8,7,NULL,NULL,'2012-03-13','2017-09-29',NULL,NULL,'1393.00',0,0,1,NULL,0,1,NULL,NULL,NULL,NULL,NULL,'--- !ruby/hash:ActiveSupport::HashWithIndifferentAccess\nanschaffungskategorie: AV-Technik\nreference: invoice\numzug: zgeln\nankunftszustand: intakt\n','2017-09-29 13:42:52','2017-09-29 13:42:52'),(140,'g9vhsgk16ttze0fszt7j87','4e:d2:ad:3b:ce:f6-81:a7:05:3a:23:80-aa:71:ef:66:fb:4a',113,33,125,9,7,NULL,NULL,'2013-01-20','2017-09-29',NULL,NULL,'748.00',0,0,1,NULL,0,1,NULL,NULL,NULL,NULL,NULL,'--- !ruby/hash:ActiveSupport::HashWithIndifferentAccess\nanschaffungskategorie: AV-Technik\nreference: invoice\numzug: zgeln\nankunftszustand: intakt\n','2017-09-29 13:42:52','2017-09-29 13:42:52'),(141,'e5dahlnis3ly3jbaeq0i88','99:89:b4:48:c1:99-39:24:56:b8:c2:06-19:82:fd:38:fe:40',117,34,126,10,10,NULL,NULL,'2012-03-23','2017-09-29',NULL,NULL,'1234.00',0,0,1,NULL,0,1,NULL,NULL,NULL,NULL,NULL,'--- !ruby/hash:ActiveSupport::HashWithIndifferentAccess\nanschaffungskategorie: AV-Technik\nreference: invoice\numzug: zgeln\nankunftszustand: intakt\n','2017-09-29 13:42:52','2017-09-29 13:42:52'),(142,'2w7qxrlf6bv91v1xgc4h89','0e:3f:86:21:81:45-b6:65:6f:78:df:c2-61:3e:d7:2e:01:c9',117,35,127,11,10,NULL,NULL,'2012-09-10','2017-09-29',NULL,NULL,'25.00',0,0,1,NULL,0,1,NULL,NULL,NULL,NULL,NULL,'--- !ruby/hash:ActiveSupport::HashWithIndifferentAccess\nanschaffungskategorie: AV-Technik\nreference: invoice\numzug: zgeln\nankunftszustand: intakt\n','2017-09-29 13:42:52','2017-09-29 13:42:52'),(143,'cwsrey4kp1t786je3gn390','28:c9:b7:73:06:9e-3f:42:ef:12:4e:78-bb:bf:99:a4:e9:cd',117,36,128,7,10,NULL,NULL,'2016-01-12','2017-09-29',NULL,NULL,'737.00',0,0,1,NULL,0,1,NULL,NULL,NULL,NULL,NULL,'--- !ruby/hash:ActiveSupport::HashWithIndifferentAccess\nanschaffungskategorie: AV-Technik\nreference: invoice\numzug: zgeln\nankunftszustand: intakt\n','2017-09-29 13:42:52','2017-09-29 13:42:52'),(144,'y3i8qxl7htnw5ctnwt9s91','69:49:9f:bf:cf:24-ee:70:2f:36:9a:fa-75:96:d6:1f:00:aa',121,37,129,6,12,NULL,NULL,'2016-01-30','2017-09-29',NULL,NULL,'1364.00',0,0,1,NULL,0,1,NULL,NULL,NULL,NULL,NULL,'--- !ruby/hash:ActiveSupport::HashWithIndifferentAccess\nanschaffungskategorie: AV-Technik\nreference: invoice\numzug: zgeln\nankunftszustand: intakt\n','2017-09-29 13:42:52','2017-09-29 13:42:52'),(145,'0mh661mm9yjpt2wecup692','e0:bb:bc:6a:6c:d0-c1:d3:e1:32:dd:67-77:f3:04:ba:9d:68',121,38,130,1,12,NULL,NULL,'2015-08-17','2017-09-29',NULL,NULL,'774.00',0,0,1,NULL,0,1,NULL,NULL,NULL,NULL,NULL,'--- !ruby/hash:ActiveSupport::HashWithIndifferentAccess\nanschaffungskategorie: AV-Technik\nreference: invoice\numzug: zgeln\nankunftszustand: intakt\n','2017-09-29 13:42:52','2017-09-29 13:42:52'),(146,'cddx3yycojbb61vfarlo93','ab:2c:fc:66:f6:0c-87:fb:fb:50:e8:4d-9b:43:89:61:5d:7a',121,39,131,3,12,NULL,NULL,'2016-06-26','2017-09-29',NULL,NULL,'552.00',0,0,1,NULL,0,1,NULL,NULL,NULL,NULL,NULL,'--- !ruby/hash:ActiveSupport::HashWithIndifferentAccess\nanschaffungskategorie: AV-Technik\nreference: invoice\numzug: zgeln\nankunftszustand: intakt\n','2017-09-29 13:42:52','2017-09-29 13:42:52'),(147,'ezkl2b9g7xsye3rklhnt94','3f:52:13:01:56:04-c3:d5:8c:3b:bb:23-47:24:93:7b:45:af',125,40,132,6,3,NULL,NULL,'2013-06-15','2017-09-29',NULL,NULL,'1379.00',0,0,1,NULL,0,1,NULL,NULL,NULL,NULL,NULL,'--- !ruby/hash:ActiveSupport::HashWithIndifferentAccess\nanschaffungskategorie: AV-Technik\nreference: invoice\numzug: zgeln\nankunftszustand: intakt\n','2017-09-29 13:42:52','2017-09-29 13:42:52'),(148,'js12ovx1qp87x5i4tjiy95','05:24:1b:bf:5b:45-c3:50:40:d3:ec:69-21:b4:9e:f6:e9:22',125,41,133,12,3,NULL,NULL,'2013-02-06','2017-09-29',NULL,NULL,'1168.00',0,0,1,NULL,0,1,NULL,NULL,NULL,NULL,NULL,'--- !ruby/hash:ActiveSupport::HashWithIndifferentAccess\nanschaffungskategorie: AV-Technik\nreference: invoice\numzug: zgeln\nankunftszustand: intakt\n','2017-09-29 13:42:52','2017-09-29 13:42:52'),(149,'80zuwn82wf2rh5txqkfl96','c7:18:43:62:51:4c-ca:30:c6:cd:51:79-81:72:ab:02:1f:a8',125,42,134,12,3,NULL,NULL,'2014-01-31','2017-09-29',NULL,NULL,'20.00',0,0,1,NULL,0,1,NULL,NULL,NULL,NULL,NULL,'--- !ruby/hash:ActiveSupport::HashWithIndifferentAccess\nanschaffungskategorie: AV-Technik\nreference: invoice\numzug: zgeln\nankunftszustand: intakt\n','2017-09-29 13:42:52','2017-09-29 13:42:52'),(150,'ejfrbfwt6wrlyb4q5w3v97','27:ea:3e:cb:e6:34-63:4a:76:89:8f:a9-2f:33:36:25:e1:fb',129,43,135,11,1,NULL,NULL,'2016-10-22','2017-09-24',NULL,NULL,'718.00',0,0,1,NULL,0,1,NULL,NULL,NULL,NULL,NULL,'--- !ruby/hash:ActiveSupport::HashWithIndifferentAccess\nanschaffungskategorie: AV-Technik\nreference: invoice\numzug: zgeln\nankunftszustand: intakt\n','2017-09-24 13:42:52','2017-09-24 13:42:52'),(151,'knwqktvcy8mhg7jz3pso98','2c:24:0f:f2:d3:12-39:5a:fb:db:9e:1c-02:55:6f:12:08:6f',130,44,136,11,1,NULL,NULL,'2015-01-04','2017-09-24',NULL,NULL,'471.00',0,0,1,NULL,0,1,NULL,NULL,NULL,NULL,NULL,'--- !ruby/hash:ActiveSupport::HashWithIndifferentAccess\nanschaffungskategorie: AV-Technik\nreference: invoice\numzug: zgeln\nankunftszustand: intakt\n','2017-09-24 13:42:52','2017-09-24 13:42:52'),(152,'p700t31qopriirbbisag99','d4:f3:85:5e:a5:ed-8a:a5:41:71:91:d0-8c:3b:b7:30:26:da',131,45,137,5,1,NULL,NULL,'2012-05-26','2017-09-24',NULL,NULL,'721.00',0,0,1,NULL,0,1,NULL,NULL,NULL,NULL,NULL,'--- !ruby/hash:ActiveSupport::HashWithIndifferentAccess\nanschaffungskategorie: AV-Technik\nreference: invoice\numzug: zgeln\nankunftszustand: intakt\n','2017-09-24 13:42:52','2017-09-24 13:42:52'),(153,'ut4au3qb9jxh6uniwwi6100','e5:28:ed:4c:eb:94-63:3b:f8:9d:5c:3f-78:03:48:e0:cc:66',132,46,138,6,1,NULL,NULL,'2014-09-04','2017-09-24',NULL,NULL,'937.00',0,0,1,NULL,0,1,NULL,NULL,NULL,NULL,NULL,'--- !ruby/hash:ActiveSupport::HashWithIndifferentAccess\nanschaffungskategorie: AV-Technik\nreference: invoice\numzug: zgeln\nankunftszustand: intakt\n','2017-09-24 13:42:52','2017-09-24 13:42:52'),(154,'bqh2zsl10bf5g8vx5fgf101','98:18:88:09:a0:90-84:b3:a5:f6:f8:b4-34:40:91:dc:d1:26',133,47,139,7,1,NULL,NULL,'2013-07-05','2017-09-29',NULL,NULL,'207.00',0,0,1,NULL,0,1,NULL,NULL,NULL,NULL,NULL,'--- !ruby/hash:ActiveSupport::HashWithIndifferentAccess\nanschaffungskategorie: AV-Technik\nreference: invoice\numzug: zgeln\nankunftszustand: intakt\n','2017-09-29 13:42:52','2017-09-29 13:42:52'),(155,'gqwrfpwdzhfnrubdq67x102','ab:b2:59:1e:af:4c-a6:36:cb:28:5a:dc-c5:91:87:c6:90:f6',134,48,140,5,1,NULL,NULL,'2013-05-20','2017-09-29',NULL,NULL,'742.00',0,0,1,NULL,0,1,NULL,NULL,NULL,NULL,NULL,'--- !ruby/hash:ActiveSupport::HashWithIndifferentAccess\nanschaffungskategorie: AV-Technik\nreference: invoice\numzug: zgeln\nankunftszustand: intakt\n','2017-09-29 13:42:52','2017-09-29 13:42:52'),(156,'n4s6c9klf5h54bxiko7o103','ba:6a:32:2f:84:c0-3d:02:e4:68:30:cb-6c:8d:14:78:a2:c9',135,49,141,2,1,NULL,NULL,'2013-10-15','2017-09-29',NULL,NULL,'519.00',0,0,1,NULL,0,1,NULL,NULL,NULL,NULL,NULL,'--- !ruby/hash:ActiveSupport::HashWithIndifferentAccess\nanschaffungskategorie: AV-Technik\nreference: invoice\numzug: zgeln\nankunftszustand: intakt\n','2017-09-29 13:42:52','2017-09-29 13:42:52'),(157,'ry68y0bhcsurdb11gklo104','65:4f:d1:45:04:ce-65:51:12:b9:e4:89-52:53:5e:4b:07:0a',136,50,142,2,1,NULL,NULL,'2016-05-07','2017-09-29',NULL,NULL,'1396.00',0,0,1,NULL,0,1,NULL,NULL,NULL,NULL,NULL,'--- !ruby/hash:ActiveSupport::HashWithIndifferentAccess\nanschaffungskategorie: AV-Technik\nreference: invoice\numzug: zgeln\nankunftszustand: intakt\n','2017-09-29 13:42:52','2017-09-29 13:42:52'),(158,'nv7xkpiui41mwd6ehakf105','74:19:20:06:24:4b-56:1b:dc:e9:d1:0f-26:42:04:01:88:cd',137,51,143,12,1,NULL,NULL,'2014-04-07','2017-09-29',NULL,NULL,'135.00',0,0,1,NULL,0,1,NULL,NULL,NULL,NULL,NULL,'--- !ruby/hash:ActiveSupport::HashWithIndifferentAccess\nanschaffungskategorie: AV-Technik\nreference: invoice\numzug: zgeln\nankunftszustand: intakt\n','2017-09-29 13:42:52','2017-09-29 13:42:52'),(159,'cy2do2modnsf2417u22c106','7b:a0:28:ce:0d:10-d5:f5:e1:1a:f7:11-ed:a2:50:c5:ec:c1',138,52,144,8,1,NULL,NULL,'2014-09-13','2017-09-29',NULL,NULL,'1002.00',0,0,1,NULL,0,1,NULL,NULL,NULL,NULL,NULL,'--- !ruby/hash:ActiveSupport::HashWithIndifferentAccess\nanschaffungskategorie: AV-Technik\nreference: invoice\numzug: zgeln\nankunftszustand: intakt\n','2017-09-29 13:42:52','2017-09-29 13:42:52'),(160,'rqmvl2p0ihi77c7uk1s2107','6b:8e:8f:b3:a4:5c-ff:77:5b:d7:b1:e5-59:34:10:ef:a2:e2',139,53,145,4,1,NULL,NULL,'2015-10-18','2017-09-29',NULL,NULL,'941.00',0,0,1,NULL,0,1,NULL,NULL,NULL,NULL,NULL,'--- !ruby/hash:ActiveSupport::HashWithIndifferentAccess\nanschaffungskategorie: AV-Technik\nreference: invoice\numzug: zgeln\nankunftszustand: intakt\n','2017-09-29 13:42:52','2017-09-29 13:42:52'),(161,'pmzl9cirilwee11hwrnc108','9c:b2:48:6c:62:64-81:9a:47:37:36:e5-41:5a:3f:00:77:3c',140,54,146,1,1,NULL,NULL,'2016-04-16','2017-09-29',NULL,NULL,'70.00',0,0,1,NULL,0,1,NULL,NULL,NULL,NULL,NULL,'--- !ruby/hash:ActiveSupport::HashWithIndifferentAccess\nanschaffungskategorie: AV-Technik\nreference: invoice\numzug: zgeln\nankunftszustand: intakt\n','2017-09-29 13:42:52','2017-09-29 13:42:52'),(162,'vggvjij3brz4akz3l83j109','7f:b8:23:de:99:ef-6a:b3:e0:bd:55:de-f0:b9:27:e1:ff:49',141,55,147,3,1,NULL,NULL,'2012-07-22','2017-09-29',NULL,NULL,'719.00',0,0,1,NULL,0,1,NULL,NULL,NULL,NULL,NULL,'--- !ruby/hash:ActiveSupport::HashWithIndifferentAccess\nanschaffungskategorie: AV-Technik\nreference: invoice\numzug: zgeln\nankunftszustand: intakt\n','2017-09-29 13:42:52','2017-09-29 13:42:52'),(163,'6i7z06ebb2fymrg6zg0p110','8c:26:c8:37:66:2d-c3:2e:ec:43:32:cf-d3:85:59:79:20:9e',142,56,148,4,1,NULL,NULL,'2016-08-16','2017-09-29',NULL,NULL,'892.00',0,0,1,NULL,0,1,NULL,NULL,NULL,NULL,NULL,'--- !ruby/hash:ActiveSupport::HashWithIndifferentAccess\nanschaffungskategorie: AV-Technik\nreference: invoice\numzug: zgeln\nankunftszustand: intakt\n','2017-09-29 13:42:52','2017-09-29 13:42:52'),(164,'53abpb41hwon4jz8fyvf111','3c:bb:d7:f4:85:da-75:85:d0:ab:56:f6-c6:b0:fc:01:2d:dc',143,57,149,10,1,NULL,NULL,'2014-07-30','2017-09-29',NULL,NULL,'1024.00',0,0,1,NULL,0,1,NULL,NULL,NULL,NULL,NULL,'--- !ruby/hash:ActiveSupport::HashWithIndifferentAccess\nanschaffungskategorie: AV-Technik\nreference: invoice\numzug: zgeln\nankunftszustand: intakt\n','2017-09-29 13:42:52','2017-09-29 13:42:52'),(165,'rvdnr7bte7lp46ou2k0n112','be:71:6a:c8:a9:b6-89:a5:a6:83:1d:38-3d:2e:ad:d1:d0:90',144,58,150,5,1,NULL,NULL,'2012-07-10','2017-09-29',NULL,NULL,'1273.00',0,0,1,NULL,0,1,NULL,NULL,NULL,NULL,NULL,'--- !ruby/hash:ActiveSupport::HashWithIndifferentAccess\nanschaffungskategorie: AV-Technik\nreference: invoice\numzug: zgeln\nankunftszustand: intakt\n','2017-09-29 13:42:52','2017-09-29 13:42:52'),(166,'le2imhs449l3ltbkreuw113','26:d3:c8:1b:30:81-06:bb:3f:41:dc:a8-08:74:fe:78:20:eb',145,59,151,12,1,NULL,NULL,'2015-03-25','2017-09-29',NULL,NULL,'381.00',0,0,1,NULL,0,1,NULL,NULL,NULL,NULL,NULL,'--- !ruby/hash:ActiveSupport::HashWithIndifferentAccess\nanschaffungskategorie: AV-Technik\nreference: invoice\numzug: zgeln\nankunftszustand: intakt\n','2017-09-29 13:42:52','2017-09-29 13:42:52'),(167,'nwtyveqkyodre15x6yv9114','42:d8:b0:7f:4e:ce-21:f1:7a:1f:2a:e9-60:7c:80:ec:5e:0c',146,60,152,4,1,NULL,NULL,'2015-04-22','2017-09-29',NULL,NULL,'537.00',0,0,1,NULL,0,1,NULL,NULL,NULL,NULL,NULL,'--- !ruby/hash:ActiveSupport::HashWithIndifferentAccess\nanschaffungskategorie: AV-Technik\nreference: invoice\numzug: zgeln\nankunftszustand: intakt\n','2017-09-29 13:42:52','2017-09-29 13:42:52'),(168,'f3wtknmwnmqz6u4x0zr1115','62:4a:0c:6e:6c:f5-cb:51:3f:24:6e:33-1c:5c:44:88:27:b3',147,61,153,3,1,NULL,NULL,'2012-01-03','2017-09-29',NULL,NULL,'166.00',0,0,1,NULL,0,1,NULL,NULL,NULL,NULL,NULL,'--- !ruby/hash:ActiveSupport::HashWithIndifferentAccess\nanschaffungskategorie: AV-Technik\nreference: invoice\numzug: zgeln\nankunftszustand: intakt\n','2017-09-29 13:42:52','2017-09-29 13:42:52'),(169,'27gwpubpk27ia3pc3ez2116','9b:88:e2:bb:9c:ac-b9:1c:7f:d7:65:3c-15:2f:e5:c0:ce:be',148,62,154,4,1,NULL,NULL,'2015-12-10','2017-09-28',NULL,NULL,'125.00',0,0,1,NULL,0,1,NULL,NULL,NULL,NULL,NULL,'--- !ruby/hash:ActiveSupport::HashWithIndifferentAccess\nanschaffungskategorie: AV-Technik\nreference: invoice\numzug: zgeln\nankunftszustand: intakt\n','2017-09-28 13:42:52','2017-09-28 13:42:52'),(170,'vh8fbo5srzywqslzrpix117','2f:53:55:3e:61:bd-a4:21:62:37:e3:e6-38:d2:4c:df:da:77',149,63,155,4,1,NULL,NULL,'2013-11-29','2017-09-28',NULL,NULL,'163.00',0,0,1,NULL,0,1,NULL,NULL,NULL,NULL,NULL,'--- !ruby/hash:ActiveSupport::HashWithIndifferentAccess\nanschaffungskategorie: AV-Technik\nreference: invoice\numzug: zgeln\nankunftszustand: intakt\n','2017-09-28 13:42:52','2017-09-28 13:42:52'),(171,'dhc21xxcbv0bfmky8o3u118','61:c1:5c:5a:a0:07-c5:82:76:55:72:30-ff:61:a8:d5:05:13',150,64,156,6,1,NULL,NULL,'2013-09-13','2017-09-28',NULL,NULL,'631.00',0,0,1,NULL,0,1,NULL,NULL,NULL,NULL,NULL,'--- !ruby/hash:ActiveSupport::HashWithIndifferentAccess\nanschaffungskategorie: AV-Technik\nreference: invoice\numzug: zgeln\nankunftszustand: intakt\n','2017-09-28 13:42:52','2017-09-28 13:42:52'),(172,'433bcn026enu86vxwxv7119','70:6c:21:ac:ab:06-43:1a:99:e6:e8:fd-d3:1b:e6:b8:13:68',151,65,157,10,1,NULL,NULL,'2012-05-10','2017-09-28',NULL,NULL,'538.00',0,0,1,NULL,0,1,NULL,NULL,NULL,NULL,NULL,'--- !ruby/hash:ActiveSupport::HashWithIndifferentAccess\nanschaffungskategorie: AV-Technik\nreference: invoice\numzug: zgeln\nankunftszustand: intakt\n','2017-09-28 13:42:52','2017-09-28 13:42:52'),(173,'ckzs4rgd78qssk6p17ig120','6e:0e:e1:2d:cc:a5-bb:0c:04:1f:c7:72-d6:0c:86:cf:ef:5b',152,66,158,2,1,NULL,NULL,'2013-04-19','2017-09-22',NULL,NULL,'1285.00',0,0,1,NULL,0,1,NULL,NULL,NULL,NULL,NULL,'--- !ruby/hash:ActiveSupport::HashWithIndifferentAccess\nanschaffungskategorie: AV-Technik\nreference: invoice\numzug: zgeln\nankunftszustand: intakt\n','2017-09-22 13:42:52','2017-09-22 13:42:52'),(174,'o5iffq5q96amev01f0ri121','0a:f2:79:df:88:be-85:f8:cf:a6:a1:f5-1b:9a:5a:81:8d:a3',153,67,159,2,1,NULL,NULL,'2013-07-18','2017-09-22',NULL,NULL,'639.00',0,0,1,NULL,0,1,NULL,NULL,NULL,NULL,NULL,'--- !ruby/hash:ActiveSupport::HashWithIndifferentAccess\nanschaffungskategorie: AV-Technik\nreference: invoice\numzug: zgeln\nankunftszustand: intakt\n','2017-09-22 13:42:52','2017-09-22 13:42:52'),(175,'fzd87uh9kmee1fp3bhjw122','b4:0a:d8:93:71:23-dc:85:cf:53:76:31-5e:d0:f5:4a:35:e4',154,68,160,10,1,NULL,NULL,'2014-12-18','2017-09-22',NULL,NULL,'320.00',0,0,1,NULL,0,1,NULL,NULL,NULL,NULL,NULL,'--- !ruby/hash:ActiveSupport::HashWithIndifferentAccess\nanschaffungskategorie: AV-Technik\nreference: invoice\numzug: zgeln\nankunftszustand: intakt\n','2017-09-22 13:42:52','2017-09-22 13:42:52'),(176,'2hb2ui9t2fofwi8vt2my123','8b:00:fa:79:f4:ec-98:bb:4f:80:90:d8-c9:a1:ff:aa:85:56',155,69,161,12,13,NULL,NULL,'2012-01-15','2017-09-29',NULL,NULL,'8.00',0,0,1,NULL,0,1,NULL,NULL,NULL,NULL,NULL,'--- !ruby/hash:ActiveSupport::HashWithIndifferentAccess\nanschaffungskategorie: AV-Technik\nreference: invoice\numzug: zgeln\nankunftszustand: intakt\n','2017-09-29 13:42:52','2017-09-29 13:42:52'),(177,'tcb3ft4ztw23xavq57t9124','f3:9d:66:dc:b3:f1-14:43:bf:84:7c:18-d0:2c:90:96:59:af',155,70,162,4,13,NULL,NULL,'2012-04-03','2017-09-29',NULL,NULL,'766.00',0,0,1,NULL,0,1,NULL,NULL,NULL,NULL,NULL,'--- !ruby/hash:ActiveSupport::HashWithIndifferentAccess\nanschaffungskategorie: AV-Technik\nreference: invoice\numzug: zgeln\nankunftszustand: intakt\n','2017-09-29 13:42:52','2017-09-29 13:42:52'),(178,'3zlzimbmgfh87uuoaztw125','f1:d7:45:39:1f:df-10:e2:ca:ba:b6:43-18:8e:e0:a3:ba:c7',155,71,163,3,13,NULL,NULL,'2016-05-13','2017-09-29',NULL,NULL,'963.00',0,0,1,NULL,0,1,NULL,NULL,NULL,NULL,NULL,'--- !ruby/hash:ActiveSupport::HashWithIndifferentAccess\nanschaffungskategorie: AV-Technik\nreference: invoice\numzug: zgeln\nankunftszustand: intakt\n','2017-09-29 13:42:52','2017-09-29 13:42:52'),(179,'hh662o0itf6xemnadss9126','88:86:60:64:af:91-d0:64:c1:84:04:a4-f9:1f:24:12:d0:df',159,72,164,5,1,NULL,NULL,'2013-11-18','2017-09-29',NULL,NULL,'29.00',0,0,1,NULL,0,1,NULL,NULL,NULL,NULL,NULL,'--- !ruby/hash:ActiveSupport::HashWithIndifferentAccess\nanschaffungskategorie: AV-Technik\nreference: invoice\numzug: zgeln\nankunftszustand: intakt\n','2017-09-29 13:42:52','2017-09-29 13:42:52'),(180,'ogml1fy7dmdtq4oysu2w127','bc:f6:0d:e4:a3:03-63:07:37:bb:08:5d-da:0a:85:4f:ba:ab',160,73,165,7,1,NULL,NULL,'2013-10-28','2017-09-29',NULL,NULL,'1306.00',0,0,1,NULL,0,1,NULL,NULL,NULL,NULL,NULL,'--- !ruby/hash:ActiveSupport::HashWithIndifferentAccess\nanschaffungskategorie: AV-Technik\nreference: invoice\numzug: zgeln\nankunftszustand: intakt\n','2017-09-29 13:42:52','2017-09-29 13:42:52'),(181,'cxjj33g7b7l9qdns3reh128','e2:72:e3:bf:d9:cd-22:37:7f:a3:3d:2d-ef:2a:0b:73:c5:1d',161,74,166,10,1,NULL,NULL,'2015-05-21','2017-09-29',NULL,NULL,'990.00',0,0,1,NULL,0,1,NULL,NULL,NULL,NULL,NULL,'--- !ruby/hash:ActiveSupport::HashWithIndifferentAccess\nanschaffungskategorie: AV-Technik\nreference: invoice\numzug: zgeln\nankunftszustand: intakt\n','2017-09-29 13:42:52','2017-09-29 13:42:52'),(182,'zqzajam5zzanpyleh9p5129','8e:6d:f2:12:00:01-7c:16:28:4d:3b:67-32:18:42:24:a0:25',162,75,167,2,1,NULL,NULL,'2012-12-18','2017-09-29',NULL,NULL,'644.00',0,0,1,NULL,0,1,NULL,NULL,NULL,NULL,NULL,'--- !ruby/hash:ActiveSupport::HashWithIndifferentAccess\nanschaffungskategorie: AV-Technik\nreference: invoice\numzug: zgeln\nankunftszustand: intakt\n','2017-09-29 13:42:52','2017-09-29 13:42:52'),(183,'v9tz51olwtbftlsotpcc130','3d:c0:8b:07:53:da-f0:31:2f:1e:63:f3-5a:ad:1f:da:87:97',163,76,168,1,1,NULL,NULL,'2015-08-04','2017-09-29',NULL,NULL,'644.00',0,0,1,NULL,0,1,NULL,NULL,NULL,NULL,NULL,'--- !ruby/hash:ActiveSupport::HashWithIndifferentAccess\nanschaffungskategorie: AV-Technik\nreference: invoice\numzug: zgeln\nankunftszustand: intakt\n','2017-09-29 13:42:52','2017-09-29 13:42:52'),(184,'a9ca3r4y4op5tte8s87y131','0b:63:de:ff:98:51-94:d0:68:38:8b:29-72:34:3f:09:2d:42',164,77,169,8,1,NULL,NULL,'2015-10-11','2017-09-29',NULL,NULL,'57.00',0,0,1,NULL,0,1,NULL,NULL,NULL,NULL,NULL,'--- !ruby/hash:ActiveSupport::HashWithIndifferentAccess\nanschaffungskategorie: AV-Technik\nreference: invoice\numzug: zgeln\nankunftszustand: intakt\n','2017-09-29 13:42:52','2017-09-29 13:42:52'),(185,'vr0zxse4tjg3ig28mx0y132','55:84:0b:dc:a2:29-ad:66:a9:5c:64:c1-20:04:41:26:d9:e3',165,78,170,12,1,NULL,NULL,'2014-01-24','2017-09-29',NULL,NULL,'301.00',0,0,1,NULL,0,1,NULL,NULL,NULL,NULL,NULL,'--- !ruby/hash:ActiveSupport::HashWithIndifferentAccess\nanschaffungskategorie: AV-Technik\nreference: invoice\numzug: zgeln\nankunftszustand: intakt\n','2017-09-29 13:42:52','2017-09-29 13:42:52'),(186,'hpv9ybyq2gntblaj7j6f133','e8:ce:2e:57:8a:55-26:4a:12:5c:69:2c-21:5f:1d:e1:b7:53',166,79,171,5,1,NULL,NULL,'2013-11-23','2017-09-29',NULL,NULL,'1460.00',0,0,1,NULL,0,1,NULL,NULL,NULL,NULL,NULL,'--- !ruby/hash:ActiveSupport::HashWithIndifferentAccess\nanschaffungskategorie: AV-Technik\nreference: invoice\numzug: zgeln\nankunftszustand: intakt\n','2017-09-29 13:42:52','2017-09-29 13:42:52'),(187,'ecy3skb5ldji87iab2h4134','84:73:a7:02:98:8b-94:24:01:40:66:a6-d2:4e:03:af:ea:5b',167,80,172,13,1,NULL,NULL,'2014-07-06','2017-09-29',NULL,NULL,'612.00',0,0,1,NULL,0,1,NULL,NULL,NULL,NULL,NULL,'--- !ruby/hash:ActiveSupport::HashWithIndifferentAccess\nanschaffungskategorie: AV-Technik\nreference: invoice\numzug: zgeln\nankunftszustand: intakt\n','2017-09-29 13:42:52','2017-09-29 13:42:52'),(188,'qai9tx1zmv98tqj5rquq135','b6:15:96:a2:d7:9a-1a:2d:1b:2b:bf:c1-d0:23:49:d9:5f:4b',168,81,173,5,1,NULL,NULL,'2014-08-06','2017-09-29',NULL,NULL,'584.00',0,0,1,NULL,0,1,NULL,NULL,NULL,NULL,NULL,'--- !ruby/hash:ActiveSupport::HashWithIndifferentAccess\nanschaffungskategorie: AV-Technik\nreference: invoice\numzug: zgeln\nankunftszustand: intakt\n','2017-09-29 13:42:52','2017-09-29 13:42:52'),(189,'ug5f6aanp0b793g1xtlw136','b1:e5:81:1d:02:0d-46:3c:e3:21:79:3a-c5:97:27:ac:f6:a5',169,82,174,8,1,NULL,NULL,'2014-01-24','2017-09-29',NULL,NULL,'81.00',0,0,1,NULL,0,1,NULL,NULL,NULL,NULL,NULL,'--- !ruby/hash:ActiveSupport::HashWithIndifferentAccess\nanschaffungskategorie: AV-Technik\nreference: invoice\numzug: zgeln\nankunftszustand: intakt\n','2017-09-29 13:42:52','2017-09-29 13:42:52'),(190,'7ms6j5kx2oz1r55gveju137','b8:a6:ca:ad:5e:45-95:20:97:d6:91:21-df:54:cb:b5:7d:13',170,83,175,6,1,NULL,NULL,'2012-01-10','2017-09-29',NULL,NULL,'514.00',0,0,1,NULL,0,1,NULL,NULL,NULL,NULL,NULL,'--- !ruby/hash:ActiveSupport::HashWithIndifferentAccess\nanschaffungskategorie: AV-Technik\nreference: invoice\numzug: zgeln\nankunftszustand: intakt\n','2017-09-29 13:42:52','2017-09-29 13:42:52'),(191,'k77n1e6zfz6959kx3c70138','83:0c:f7:b3:3d:4b-3e:92:fc:07:a9:0e-c4:c7:d5:1a:dc:8f',171,84,176,2,1,NULL,NULL,'2013-04-26','2017-09-29',NULL,NULL,'406.00',0,0,1,NULL,0,1,NULL,NULL,NULL,NULL,NULL,'--- !ruby/hash:ActiveSupport::HashWithIndifferentAccess\nanschaffungskategorie: AV-Technik\nreference: invoice\numzug: zgeln\nankunftszustand: intakt\n','2017-09-29 13:42:52','2017-09-29 13:42:52'),(192,'bwvclh7d9uulbp9843sc139','10:e9:9a:5f:b8:41-0e:a6:33:99:6f:3e-72:44:3c:a6:5c:af',172,85,177,4,1,NULL,NULL,'2012-05-22','2017-09-29',NULL,NULL,'977.00',0,0,1,NULL,0,1,NULL,NULL,NULL,NULL,NULL,'--- !ruby/hash:ActiveSupport::HashWithIndifferentAccess\nanschaffungskategorie: AV-Technik\nreference: invoice\numzug: zgeln\nankunftszustand: intakt\n','2017-09-29 13:42:52','2017-09-29 13:42:52'),(193,'734qbivquds002tsrvu0140','10:e2:48:37:06:6e-40:8c:62:92:ed:5d-ae:79:a8:3d:8e:89',173,86,178,2,1,NULL,NULL,'2015-12-10','2017-09-29',NULL,NULL,'758.00',0,0,1,NULL,0,1,NULL,NULL,NULL,NULL,NULL,'--- !ruby/hash:ActiveSupport::HashWithIndifferentAccess\nanschaffungskategorie: AV-Technik\nreference: invoice\numzug: zgeln\nankunftszustand: intakt\n','2017-09-29 13:42:52','2017-09-29 13:42:52'),(194,'xt5weqsezg1r3f50gy7g141','ae:e7:39:52:79:52-17:18:69:f0:a6:70-da:7c:bb:87:e4:9d',174,87,179,1,1,NULL,NULL,'2015-09-16','2017-09-29',NULL,NULL,'660.00',0,0,1,NULL,0,1,NULL,NULL,NULL,NULL,NULL,'--- !ruby/hash:ActiveSupport::HashWithIndifferentAccess\nanschaffungskategorie: AV-Technik\nreference: invoice\numzug: zgeln\nankunftszustand: intakt\n','2017-09-29 13:42:52','2017-09-29 13:42:52'),(195,'vccyc09i92e7duwaz0a0142','5a:3a:28:08:9b:fb-c2:db:ba:87:5b:51-2e:1b:7f:b8:81:ec',175,88,180,7,1,NULL,NULL,'2014-07-16','2017-09-29',NULL,NULL,'1402.00',0,0,1,NULL,0,1,NULL,NULL,NULL,NULL,NULL,'--- !ruby/hash:ActiveSupport::HashWithIndifferentAccess\nanschaffungskategorie: AV-Technik\nreference: invoice\numzug: zgeln\nankunftszustand: intakt\n','2017-09-29 13:42:52','2017-09-29 13:42:52'),(196,'gcd8yc5m093l4v78sgod143','25:dd:74:1a:57:f6-d8:52:8a:88:df:24-d1:0c:2c:2f:e9:fb',176,89,181,7,1,NULL,NULL,'2014-10-01','2017-09-29',NULL,NULL,'1.00',0,0,1,NULL,0,1,NULL,NULL,NULL,NULL,NULL,'--- !ruby/hash:ActiveSupport::HashWithIndifferentAccess\nanschaffungskategorie: AV-Technik\nreference: invoice\numzug: zgeln\nankunftszustand: intakt\n','2017-09-29 13:42:52','2017-09-29 13:42:52'),(197,'7a7jhvkygtbatq61esxb144','9a:8d:46:9c:1a:77-18:85:ca:05:2e:64-ad:c6:e0:c1:25:b0',177,90,182,9,1,NULL,NULL,'2014-03-14','2017-09-29',NULL,NULL,'1032.00',0,0,1,NULL,0,1,NULL,NULL,NULL,NULL,NULL,'--- !ruby/hash:ActiveSupport::HashWithIndifferentAccess\nanschaffungskategorie: AV-Technik\nreference: invoice\numzug: zgeln\nankunftszustand: intakt\n','2017-09-29 13:42:52','2017-09-29 13:42:52'),(198,'s2dbrrfi5sa69gctq5en145','0f:f6:81:8a:1e:b0-4e:ac:b6:c0:2f:dc-76:6d:e5:a4:2a:16',178,91,183,2,1,NULL,NULL,'2016-05-28','2017-09-29',NULL,NULL,'860.00',0,0,1,NULL,0,1,NULL,NULL,NULL,NULL,NULL,'--- !ruby/hash:ActiveSupport::HashWithIndifferentAccess\nanschaffungskategorie: AV-Technik\nreference: invoice\numzug: zgeln\nankunftszustand: intakt\n','2017-09-29 13:42:52','2017-09-29 13:42:52'),(199,'nnyvxsemywv7wkoyitmq146','52:02:a3:19:5c:dc-79:42:00:cf:e1:0c-5f:b1:06:a6:e2:33',179,92,184,7,1,NULL,NULL,'2016-10-19','2017-09-29',NULL,NULL,'1402.00',0,0,1,NULL,0,1,NULL,NULL,NULL,NULL,NULL,'--- !ruby/hash:ActiveSupport::HashWithIndifferentAccess\nanschaffungskategorie: AV-Technik\nreference: invoice\numzug: zgeln\nankunftszustand: intakt\n','2017-09-29 13:42:52','2017-09-29 13:42:52'),(200,'gm6f5cqocazp6icg5nfg147','59:d5:4f:d7:37:06-fc:fb:59:1f:1e:61-53:a3:fb:16:da:0e',180,93,185,1,1,NULL,NULL,'2013-03-18','2017-09-29',NULL,NULL,'982.00',0,0,1,NULL,0,1,NULL,NULL,NULL,NULL,NULL,'--- !ruby/hash:ActiveSupport::HashWithIndifferentAccess\nanschaffungskategorie: AV-Technik\nreference: invoice\numzug: zgeln\nankunftszustand: intakt\n','2017-09-29 13:42:52','2017-09-29 13:42:52'),(201,'rfi41vufsyukphgxs6hp148','22:59:4c:8a:ec:33-d0:8e:00:2e:1c:54-0d:c6:b4:5a:79:0b',181,94,186,13,1,NULL,NULL,'2014-07-11','2017-09-29',NULL,NULL,'1396.00',0,0,1,NULL,0,1,NULL,NULL,NULL,NULL,NULL,'--- !ruby/hash:ActiveSupport::HashWithIndifferentAccess\nanschaffungskategorie: AV-Technik\nreference: invoice\numzug: zgeln\nankunftszustand: intakt\n','2017-09-29 13:42:52','2017-09-29 13:42:52'),(202,'xmdpad8inn527zb5n6hb149','d6:3d:b9:98:b0:e6-ac:9e:1a:8e:67:61-75:45:01:38:a1:93',182,95,187,11,1,NULL,NULL,'2015-01-21','2017-09-29',NULL,NULL,'811.00',0,0,1,NULL,0,1,NULL,NULL,NULL,NULL,NULL,'--- !ruby/hash:ActiveSupport::HashWithIndifferentAccess\nanschaffungskategorie: AV-Technik\nreference: invoice\numzug: zgeln\nankunftszustand: intakt\n','2017-09-29 13:42:52','2017-09-29 13:42:52'),(203,'41a84qzsrdl571qf917n150','20:3f:fc:88:79:9f-81:4c:85:45:21:1b-87:2f:a1:f4:50:3b',183,96,188,11,1,NULL,NULL,'2014-12-24','2017-09-29',NULL,NULL,'1295.00',0,0,1,NULL,0,1,NULL,NULL,NULL,NULL,NULL,'--- !ruby/hash:ActiveSupport::HashWithIndifferentAccess\nanschaffungskategorie: AV-Technik\nreference: invoice\numzug: zgeln\nankunftszustand: intakt\n','2017-09-29 13:42:52','2017-09-29 13:42:52'),(204,'8kfbv6yrqi9h9dn7wikt151','c4:ba:aa:31:0a:37-09:01:29:d3:26:0f-50:5e:f8:1e:f8:d6',184,97,189,13,1,NULL,NULL,'2016-07-24','2017-09-29',NULL,NULL,'233.00',0,0,1,NULL,0,1,NULL,NULL,NULL,NULL,NULL,'--- !ruby/hash:ActiveSupport::HashWithIndifferentAccess\nanschaffungskategorie: AV-Technik\nreference: invoice\numzug: zgeln\nankunftszustand: intakt\n','2017-09-29 13:42:52','2017-09-29 13:42:52'),(205,'2xgy2e2tlfsp2lks9rb3152','4a:84:2c:04:bc:93-f0:f0:71:4b:c8:08-32:52:7d:f5:e7:56',185,98,190,7,1,NULL,NULL,'2015-03-16','2017-09-29',NULL,NULL,'336.00',0,0,1,NULL,0,1,NULL,NULL,NULL,NULL,NULL,'--- !ruby/hash:ActiveSupport::HashWithIndifferentAccess\nanschaffungskategorie: AV-Technik\nreference: invoice\numzug: zgeln\nankunftszustand: intakt\n','2017-09-29 13:42:52','2017-09-29 13:42:52'),(206,'3mjpay22cv8h4dz3ga4y153','19:00:54:58:b9:45-46:7e:3f:9c:b9:97-2a:10:01:7a:52:3f',186,99,191,12,1,NULL,NULL,'2012-08-16','2017-09-29',NULL,NULL,'1227.00',0,0,1,NULL,0,1,NULL,NULL,NULL,NULL,NULL,'--- !ruby/hash:ActiveSupport::HashWithIndifferentAccess\nanschaffungskategorie: AV-Technik\nreference: invoice\numzug: zgeln\nankunftszustand: intakt\n','2017-09-29 13:42:52','2017-09-29 13:42:52'),(207,'iwb1wv8geigfvdig5ic3154','07:d7:0f:52:a7:13-6d:03:6f:ba:a6:6b-96:8a:b9:44:ed:93',187,100,192,1,1,NULL,NULL,'2016-02-29','2017-09-29',NULL,NULL,'1378.00',0,0,1,NULL,0,1,NULL,NULL,NULL,NULL,NULL,'--- !ruby/hash:ActiveSupport::HashWithIndifferentAccess\nanschaffungskategorie: AV-Technik\nreference: invoice\numzug: zgeln\nankunftszustand: intakt\n','2017-09-29 13:42:52','2017-09-29 13:42:52'),(208,'srmvjc4bi672lr3f9dg6155','7f:3c:87:3e:b7:0f-e4:9f:ec:07:aa:07-91:07:6d:d8:52:5f',188,101,193,10,1,NULL,NULL,'2012-04-02','2017-09-29',NULL,NULL,'143.00',0,0,1,NULL,0,1,NULL,NULL,NULL,NULL,NULL,'--- !ruby/hash:ActiveSupport::HashWithIndifferentAccess\nanschaffungskategorie: AV-Technik\nreference: invoice\numzug: zgeln\nankunftszustand: intakt\n','2017-09-29 13:42:52','2017-09-29 13:42:52'),(209,'j588vaj5shn8t67ppp73156','74:b9:4e:1f:70:fe-0b:a3:b9:be:d4:20-a3:b4:78:a8:6b:62',189,102,194,12,1,NULL,NULL,'2016-09-03','2017-09-29',NULL,NULL,'1327.00',0,0,1,NULL,0,1,NULL,NULL,NULL,NULL,NULL,'--- !ruby/hash:ActiveSupport::HashWithIndifferentAccess\nanschaffungskategorie: AV-Technik\nreference: invoice\numzug: zgeln\nankunftszustand: intakt\n','2017-09-29 13:42:52','2017-09-29 13:42:52'),(210,'u4b7wwggay157sed0p4e157','de:01:d3:b7:43:37-38:55:d0:87:2f:24-3b:ff:88:d9:2d:7f',190,103,195,3,1,NULL,NULL,'2016-01-27','2017-09-29',NULL,NULL,'648.00',0,0,1,NULL,0,1,NULL,NULL,NULL,NULL,NULL,'--- !ruby/hash:ActiveSupport::HashWithIndifferentAccess\nanschaffungskategorie: AV-Technik\nreference: invoice\numzug: zgeln\nankunftszustand: intakt\n','2017-09-29 13:42:52','2017-09-29 13:42:52'),(211,'rtnf43mqtqqqppcdtdmf158','e4:6d:24:b4:6f:ec-78:51:fe:c3:ee:23-a6:e2:48:82:5a:b5',191,104,196,9,1,NULL,NULL,'2014-06-20','2017-09-29',NULL,NULL,'1004.00',0,0,1,NULL,0,1,NULL,NULL,NULL,NULL,NULL,'--- !ruby/hash:ActiveSupport::HashWithIndifferentAccess\nanschaffungskategorie: AV-Technik\nreference: invoice\numzug: zgeln\nankunftszustand: intakt\n','2017-09-29 13:42:52','2017-09-29 13:42:52'),(212,'wczmsc0l20wth60xawun159','79:5d:e7:e7:00:48-52:c0:e1:12:d4:6e-2b:2a:14:1f:16:a3',192,105,197,8,1,NULL,NULL,'2013-03-30','2017-09-29',NULL,NULL,'1436.00',0,0,1,NULL,0,1,NULL,NULL,NULL,NULL,NULL,'--- !ruby/hash:ActiveSupport::HashWithIndifferentAccess\nanschaffungskategorie: AV-Technik\nreference: invoice\numzug: zgeln\nankunftszustand: intakt\n','2017-09-29 13:42:52','2017-09-29 13:42:52'),(213,'3f8gn1qtyg2bwc5lk9w6160','e8:b0:72:65:74:92-d8:0b:33:23:d5:b9-6e:ca:82:3b:43:5a',193,106,198,6,1,NULL,NULL,'2016-01-16','2017-09-29',NULL,NULL,'1069.00',0,0,1,NULL,0,1,NULL,NULL,NULL,NULL,NULL,'--- !ruby/hash:ActiveSupport::HashWithIndifferentAccess\nanschaffungskategorie: AV-Technik\nreference: invoice\numzug: zgeln\nankunftszustand: intakt\n','2017-09-29 13:42:52','2017-09-29 13:42:52'),(214,'5p1ps7vx0yqxgintrfv1161','f9:ff:9f:24:3a:b1-3b:a3:40:c6:6d:3c-60:83:f9:6c:7d:56',194,107,199,3,1,NULL,NULL,'2015-05-28','2017-09-29',NULL,NULL,'123.00',0,0,1,NULL,0,1,NULL,NULL,NULL,NULL,NULL,'--- !ruby/hash:ActiveSupport::HashWithIndifferentAccess\nanschaffungskategorie: AV-Technik\nreference: invoice\numzug: zgeln\nankunftszustand: intakt\n','2017-09-29 13:42:52','2017-09-29 13:42:52'),(215,'e0qzjru3u2pupp6ergap162','fd:d3:92:c1:94:2f-06:57:04:5e:bf:b8-7f:1f:14:ce:46:b6',195,108,200,7,1,NULL,NULL,'2014-11-21','2017-09-29',NULL,NULL,'965.00',0,0,1,NULL,0,1,NULL,NULL,NULL,NULL,NULL,'--- !ruby/hash:ActiveSupport::HashWithIndifferentAccess\nanschaffungskategorie: AV-Technik\nreference: invoice\numzug: zgeln\nankunftszustand: intakt\n','2017-09-29 13:42:52','2017-09-29 13:42:52'),(216,'tx7g3km4ob041p113j0z163','09:49:bd:bd:21:70-d9:34:5b:4f:4b:0e-32:b0:51:da:74:e6',196,109,201,7,1,NULL,NULL,'2014-02-04','2017-09-29',NULL,NULL,'1038.00',0,0,1,NULL,0,1,NULL,NULL,NULL,NULL,NULL,'--- !ruby/hash:ActiveSupport::HashWithIndifferentAccess\nanschaffungskategorie: AV-Technik\nreference: invoice\numzug: zgeln\nankunftszustand: intakt\n','2017-09-29 13:42:52','2017-09-29 13:42:52'),(217,'g3xlr1hvpmjnvq7gucii164','f0:b2:2f:25:cd:cf-ff:e5:5a:54:2c:28-81:97:fe:67:3e:cf',197,110,202,13,1,NULL,NULL,'2012-10-29','2017-09-25',NULL,NULL,'542.00',0,0,1,NULL,0,1,NULL,NULL,NULL,NULL,NULL,'--- !ruby/hash:ActiveSupport::HashWithIndifferentAccess\nanschaffungskategorie: AV-Technik\nreference: invoice\numzug: zgeln\nankunftszustand: intakt\n','2017-09-25 13:42:52','2017-09-25 13:42:52'),(218,'t0nmobhzylu1rsjhdp1m165','6e:3d:70:0e:43:e0-f1:6c:ed:df:92:1e-9d:5e:47:f6:ce:6a',198,111,203,13,1,NULL,NULL,'2015-04-20','2017-09-25',NULL,NULL,'1377.00',0,0,1,NULL,0,1,NULL,NULL,NULL,NULL,NULL,'--- !ruby/hash:ActiveSupport::HashWithIndifferentAccess\nanschaffungskategorie: AV-Technik\nreference: invoice\numzug: zgeln\nankunftszustand: intakt\n','2017-09-25 13:42:52','2017-09-25 13:42:52'),(219,'8uva136q57m5w324zum2166','35:0d:f3:de:d5:57-d0:60:ea:a8:92:86-65:8c:82:ef:0e:41',199,112,204,9,1,NULL,NULL,'2014-12-22','2017-09-25',NULL,NULL,'102.00',0,0,1,NULL,0,1,NULL,NULL,NULL,NULL,NULL,'--- !ruby/hash:ActiveSupport::HashWithIndifferentAccess\nanschaffungskategorie: AV-Technik\nreference: invoice\numzug: zgeln\nankunftszustand: intakt\n','2017-09-25 13:42:52','2017-09-25 13:42:52'),(220,'v0dpxb1duzt8t7kcsanq167','78:f1:4a:f5:cc:7e-f8:e2:e8:3c:eb:b4-09:0c:bd:41:92:e7',200,113,205,8,1,NULL,NULL,'2012-03-04','2017-09-29',NULL,NULL,'1222.00',0,0,1,NULL,0,1,NULL,NULL,NULL,NULL,NULL,'--- !ruby/hash:ActiveSupport::HashWithIndifferentAccess\nanschaffungskategorie: AV-Technik\nreference: invoice\numzug: zgeln\nankunftszustand: intakt\n','2017-09-29 13:42:52','2017-09-29 13:42:52'),(221,'sqvjy8twfjzj98u898l9168','c0:2e:ce:6b:b7:b7-f1:c2:57:66:52:27-7f:48:a2:1f:73:df',201,NULL,NULL,4,1,NULL,NULL,NULL,NULL,NULL,NULL,NULL,0,0,0,NULL,0,0,NULL,NULL,NULL,NULL,NULL,'--- !ruby/hash:ActiveSupport::HashWithIndifferentAccess\nlicense_type: single_workplace\nactivation_type: serial_number\noperating_system:\n- windows\n- linux\ninstallation:\n- citrix\n- web\nreference: invoice\nmaintenance_contract: \'false\'\nmaintenance_currency: CHF\n','2017-09-29 13:42:52','2017-09-29 13:42:52'),(222,'wcn8z5o5yqhwlf0hgysj169','9a:6b:5b:ff:95:c1-f4:02:86:23:68:fe-97:c9:e0:f0:d6:d2',202,114,206,8,2,NULL,NULL,'2013-08-30','2017-09-24',NULL,NULL,'860.00',0,0,1,NULL,0,1,NULL,NULL,NULL,NULL,NULL,'--- !ruby/hash:ActiveSupport::HashWithIndifferentAccess\nanschaffungskategorie: AV-Technik\nreference: invoice\numzug: zgeln\nankunftszustand: intakt\n','2017-09-24 13:42:52','2017-09-24 13:42:52'),(223,'olu8ev0owmohgaka83px170','0d:fb:bd:d9:99:3b-8b:7a:2f:d6:5b:4e-b7:f6:a8:ac:1c:32',203,115,207,4,1,NULL,NULL,'2015-02-07','2017-09-29',NULL,NULL,'614.00',0,0,1,NULL,0,1,NULL,NULL,NULL,NULL,NULL,'--- !ruby/hash:ActiveSupport::HashWithIndifferentAccess\nanschaffungskategorie: AV-Technik\nreference: invoice\numzug: zgeln\nankunftszustand: intakt\n','2017-09-29 13:42:52','2017-09-29 13:42:52'),(224,'8z1c6nvp0jrbkap6mk5x171','df:23:25:26:8b:9a-50:a5:ac:fe:2e:59-53:9f:5f:ec:2d:fd',204,NULL,NULL,9,1,NULL,NULL,NULL,NULL,NULL,NULL,NULL,0,0,0,NULL,0,0,NULL,NULL,NULL,NULL,NULL,'--- !ruby/hash:ActiveSupport::HashWithIndifferentAccess\nlicense_type: single_workplace\nactivation_type: serial_number\noperating_system:\n- windows\n- linux\ninstallation:\n- citrix\n- web\nreference: invoice\nmaintenance_contract: \'false\'\nmaintenance_currency: CHF\n','2017-09-29 13:42:52','2017-09-29 13:42:52'),(225,'i2o8gk7bcm2pnm4qbsar172','32:24:4f:f3:1f:e1-f6:83:cb:5d:a5:09-a8:d4:1a:e3:fd:ce',205,NULL,208,1,1,NULL,NULL,'2013-05-31','2017-09-29',NULL,NULL,'165.00',0,0,1,NULL,0,1,NULL,NULL,NULL,NULL,NULL,'--- !ruby/hash:ActiveSupport::HashWithIndifferentAccess\nanschaffungskategorie: AV-Technik\nreference: invoice\numzug: zgeln\nankunftszustand: intakt\n','2017-09-29 13:42:52','2017-09-29 13:42:52'),(226,'aaakknu75z9zd2s17zcq173','e5:68:69:da:86:83-94:e4:6a:92:ae:56-65:82:57:6a:39:c6',206,116,209,1,1,NULL,NULL,'2014-08-23','2017-09-29',NULL,NULL,'513.00',0,0,1,NULL,0,1,NULL,NULL,NULL,NULL,NULL,'--- !ruby/hash:ActiveSupport::HashWithIndifferentAccess\nanschaffungskategorie: AV-Technik\nreference: invoice\numzug: zgeln\nankunftszustand: intakt\n','2017-09-29 13:42:52','2017-09-29 13:42:52'),(227,'sw4romf5sg28vu1b5qwq174','80:4b:eb:49:ba:9a-23:8f:b8:31:66:11-cf:05:62:35:e6:e3',207,117,210,12,2,NULL,NULL,'2015-11-21','2017-09-29',NULL,NULL,'1455.00',0,0,1,NULL,0,1,NULL,NULL,NULL,NULL,NULL,'--- !ruby/hash:ActiveSupport::HashWithIndifferentAccess\nanschaffungskategorie: AV-Technik\nreference: invoice\numzug: zgeln\nankunftszustand: intakt\n','2017-09-29 13:42:52','2017-09-29 13:42:52'),(228,'pv60jpwg73iwn1m1ojbv175','ec:b3:a2:d9:43:dc-3e:60:7e:a9:e1:e3-23:36:5d:54:62:ee',208,118,211,4,2,NULL,NULL,'2015-06-07','2017-09-29',NULL,NULL,'611.00',0,0,1,NULL,0,1,NULL,NULL,NULL,NULL,NULL,'--- !ruby/hash:ActiveSupport::HashWithIndifferentAccess\nanschaffungskategorie: AV-Technik\nreference: invoice\numzug: zgeln\nankunftszustand: intakt\n','2017-09-29 13:42:52','2017-09-29 13:42:52'),(229,'8hp8814xpgh0tw1xecjp176','9f:54:a3:7b:6c:50-77:6d:bd:59:c3:ef-ad:4e:3a:dc:c9:f4',209,119,212,2,2,NULL,NULL,'2014-12-01','2017-09-29',NULL,NULL,'1240.00',0,0,1,NULL,0,1,NULL,NULL,NULL,NULL,NULL,'--- !ruby/hash:ActiveSupport::HashWithIndifferentAccess\nanschaffungskategorie: AV-Technik\nreference: invoice\numzug: zgeln\nankunftszustand: intakt\n','2017-09-29 13:42:52','2017-09-29 13:42:52'),(230,'eps22swe10jpgaui92wc177','19:4c:e1:b3:b3:c9-e1:cf:23:89:7e:0f-32:e8:fd:64:ba:fb',210,120,213,12,1,NULL,NULL,'2015-06-19','2017-09-29',NULL,NULL,'687.00',0,0,1,NULL,0,1,NULL,NULL,NULL,NULL,NULL,'--- !ruby/hash:ActiveSupport::HashWithIndifferentAccess\nanschaffungskategorie: AV-Technik\nreference: invoice\numzug: zgeln\nankunftszustand: intakt\n','2017-09-29 13:42:52','2017-09-29 13:42:52'),(231,'6ge7gk9328itvcwnhq5c178','42:ca:4e:36:2c:8d-45:c1:42:1e:29:f1-e7:bc:f9:8c:18:cd',211,121,214,1,1,NULL,NULL,'2013-10-02','2017-09-29',NULL,NULL,'183.00',0,0,1,NULL,0,1,NULL,NULL,NULL,NULL,NULL,'--- !ruby/hash:ActiveSupport::HashWithIndifferentAccess\nanschaffungskategorie: AV-Technik\nreference: invoice\numzug: zgeln\nankunftszustand: intakt\n','2017-09-29 13:42:52','2017-09-29 13:42:52'),(232,'ft8cltztfo41yif00rgi179','30:59:61:ce:88:dd-94:b0:77:f5:17:46-81:c9:e0:e1:9b:5b',212,122,215,12,1,NULL,NULL,'2012-04-24','2017-09-29',NULL,NULL,'94.00',0,0,1,NULL,0,1,NULL,NULL,NULL,NULL,NULL,'--- !ruby/hash:ActiveSupport::HashWithIndifferentAccess\nanschaffungskategorie: AV-Technik\nreference: invoice\numzug: zgeln\nankunftszustand: intakt\n','2017-09-29 13:42:52','2017-09-29 13:42:52'),(233,'xzx6h1rc1megakoki67g180','00:e7:5a:15:f1:db-c6:14:a1:30:b0:a8-5e:80:33:7b:09:a8',213,123,216,3,1,NULL,NULL,'2015-09-11','2017-09-29',NULL,NULL,'975.00',0,0,1,NULL,0,1,NULL,NULL,NULL,NULL,NULL,'--- !ruby/hash:ActiveSupport::HashWithIndifferentAccess\nanschaffungskategorie: AV-Technik\nreference: invoice\numzug: zgeln\nankunftszustand: intakt\n','2017-09-29 13:42:52','2017-09-29 13:42:52'),(234,'qo73p505i1rlzeledwuh181','41:7e:60:7f:45:57-12:ff:b8:a3:cc:f2-b9:7c:23:32:ea:67',214,124,217,10,1,NULL,NULL,'2012-10-30','2017-09-29',NULL,NULL,'802.00',0,0,1,NULL,0,1,NULL,NULL,NULL,NULL,NULL,'--- !ruby/hash:ActiveSupport::HashWithIndifferentAccess\nanschaffungskategorie: AV-Technik\nreference: invoice\numzug: zgeln\nankunftszustand: intakt\n','2017-09-29 13:42:52','2017-09-29 13:42:52'),(235,'o6rt4kja39x7t6ulm6e2182','d4:b4:df:50:65:1e-eb:5e:94:d0:19:f6-e9:03:1d:95:60:32',215,125,218,3,1,NULL,NULL,'2016-07-25','2017-09-29',NULL,NULL,'823.00',0,0,1,NULL,0,1,NULL,NULL,NULL,NULL,NULL,'--- !ruby/hash:ActiveSupport::HashWithIndifferentAccess\nanschaffungskategorie: AV-Technik\nreference: invoice\numzug: zgeln\nankunftszustand: intakt\n','2017-09-29 13:42:52','2017-09-29 13:42:52'),(236,'drmdrcn55275vieyqef3183','6f:f9:ef:9d:2a:c7-b2:6c:87:e3:d9:86-7c:06:72:26:8f:08',216,126,219,3,1,NULL,NULL,'2015-01-05','2017-09-29',NULL,NULL,'284.00',0,0,1,NULL,0,1,NULL,NULL,NULL,NULL,NULL,'--- !ruby/hash:ActiveSupport::HashWithIndifferentAccess\nanschaffungskategorie: AV-Technik\nreference: invoice\numzug: zgeln\nankunftszustand: intakt\n','2017-09-29 13:42:52','2017-09-29 13:42:52'),(237,'qbpv3jwc5adksywh64ze184','8a:46:bc:2e:3a:7c-4c:94:39:a0:95:4d-57:63:e5:2e:b1:e0',217,127,220,5,1,NULL,NULL,'2016-04-11','2017-09-29',NULL,NULL,'343.00',0,0,1,NULL,0,1,NULL,NULL,NULL,NULL,NULL,'--- !ruby/hash:ActiveSupport::HashWithIndifferentAccess\nanschaffungskategorie: AV-Technik\nreference: invoice\numzug: zgeln\nankunftszustand: intakt\n','2017-09-29 13:42:52','2017-09-29 13:42:52'),(238,'fghm749omxt1acnm8b2w185','58:35:cc:ee:fe:60-dd:09:97:40:f6:6f-6f:e1:34:4c:35:dd',218,128,221,2,1,NULL,NULL,'2015-10-03','2017-09-29',NULL,NULL,'267.00',0,0,1,NULL,0,1,NULL,NULL,NULL,NULL,NULL,'--- !ruby/hash:ActiveSupport::HashWithIndifferentAccess\nanschaffungskategorie: AV-Technik\nreference: invoice\numzug: zgeln\nankunftszustand: intakt\n','2017-09-29 13:42:52','2017-09-29 13:42:52'),(239,'0d1gakvbgg2fa29r4y4k186','0b:02:71:5d:ed:81-e0:e5:ef:ef:59:df-f1:4d:de:00:31:28',219,129,222,2,1,NULL,NULL,'2013-11-22','2017-09-29',NULL,NULL,'11.00',0,0,1,NULL,0,1,NULL,NULL,NULL,NULL,NULL,'--- !ruby/hash:ActiveSupport::HashWithIndifferentAccess\nanschaffungskategorie: AV-Technik\nreference: invoice\numzug: zgeln\nankunftszustand: intakt\n','2017-09-29 13:42:52','2017-09-29 13:42:52'),(240,'fywf99hz6pza2kw4dei3187','93:bf:8d:8a:5d:d2-44:9f:ce:5d:fb:39-ff:03:2f:d1:24:ea',220,130,223,9,1,NULL,NULL,'2013-06-25','2017-09-29',NULL,NULL,'502.00',0,0,1,NULL,0,1,NULL,NULL,NULL,NULL,NULL,'--- !ruby/hash:ActiveSupport::HashWithIndifferentAccess\nanschaffungskategorie: AV-Technik\nreference: invoice\numzug: zgeln\nankunftszustand: intakt\n','2017-09-29 13:42:52','2017-09-29 13:42:52'),(241,'6zphdea2rqzgl35w0mek188','66:42:5a:32:c2:3b-07:fe:2b:9a:26:07-c3:94:f2:62:4d:04',221,131,224,4,1,NULL,NULL,'2015-04-05','2017-09-29',NULL,NULL,'641.00',0,0,1,NULL,0,1,NULL,NULL,NULL,NULL,NULL,'--- !ruby/hash:ActiveSupport::HashWithIndifferentAccess\nanschaffungskategorie: AV-Technik\nreference: invoice\numzug: zgeln\nankunftszustand: intakt\n','2017-09-29 13:42:52','2017-09-29 13:42:52'),(242,'28db8orat7k2qt2mc8n5189','da:f0:79:9a:7b:ce-6d:c4:15:04:46:8f-ae:95:48:26:8c:a7',222,132,225,7,1,NULL,NULL,'2014-11-12','2017-09-29',NULL,NULL,'1016.00',0,0,1,NULL,0,1,NULL,NULL,NULL,NULL,NULL,'--- !ruby/hash:ActiveSupport::HashWithIndifferentAccess\nanschaffungskategorie: AV-Technik\nreference: invoice\numzug: zgeln\nankunftszustand: intakt\n','2017-09-29 13:42:52','2017-09-29 13:42:52'),(243,'sko6nejnnti7jr1zq35v190','60:a8:84:7f:ea:57-a0:25:85:65:0e:17-94:33:b4:78:c7:8f',223,133,226,3,1,NULL,NULL,'2016-07-27','2017-09-29',NULL,NULL,'15.00',0,0,1,NULL,0,1,NULL,NULL,NULL,NULL,NULL,'--- !ruby/hash:ActiveSupport::HashWithIndifferentAccess\nanschaffungskategorie: AV-Technik\nreference: invoice\numzug: zgeln\nankunftszustand: intakt\n','2017-09-29 13:42:52','2017-09-29 13:42:52'),(244,'thieamgml0tfkle6xr9e191','15:3a:a9:85:fa:06-89:62:5e:4f:93:58-a2:a5:61:fe:2b:55',224,134,227,2,1,NULL,NULL,'2016-11-25','2017-09-29',NULL,NULL,'773.00',0,0,1,NULL,0,1,NULL,NULL,NULL,NULL,NULL,'--- !ruby/hash:ActiveSupport::HashWithIndifferentAccess\nanschaffungskategorie: AV-Technik\nreference: invoice\numzug: zgeln\nankunftszustand: intakt\n','2017-09-29 13:42:52','2017-09-29 13:42:52'),(245,'dlyxmcx469nup5m3pf0x192','74:01:be:b1:21:e7-de:54:cc:0d:0d:c3-a3:24:a5:8a:7d:d4',225,135,228,7,1,NULL,NULL,'2014-07-02','2017-09-24',NULL,NULL,'6.00',0,0,1,NULL,0,1,NULL,NULL,NULL,NULL,NULL,'--- !ruby/hash:ActiveSupport::HashWithIndifferentAccess\nanschaffungskategorie: AV-Technik\nreference: invoice\numzug: zgeln\nankunftszustand: intakt\n','2017-09-24 13:42:52','2017-09-24 13:42:52'),(246,'zwjpvdq4pxnbnzs8ixws193','7f:f0:c1:c9:a5:79-39:8b:47:8b:cc:d8-69:2d:76:5a:13:cc',226,136,229,13,1,NULL,NULL,'2016-07-01','2017-09-24',NULL,NULL,'166.00',0,0,1,NULL,0,1,NULL,NULL,NULL,NULL,NULL,'--- !ruby/hash:ActiveSupport::HashWithIndifferentAccess\nanschaffungskategorie: AV-Technik\nreference: invoice\numzug: zgeln\nankunftszustand: intakt\n','2017-09-24 13:42:52','2017-09-24 13:42:52'),(247,'aata8xnuyk3up7aweo74194','13:b3:2b:5d:b5:28-76:fc:59:8e:03:83-73:e7:02:e9:37:a2',227,137,230,4,1,NULL,NULL,'2012-10-27','2017-09-24',NULL,NULL,'715.00',0,0,1,NULL,0,1,NULL,NULL,NULL,NULL,NULL,'--- !ruby/hash:ActiveSupport::HashWithIndifferentAccess\nanschaffungskategorie: AV-Technik\nreference: invoice\numzug: zgeln\nankunftszustand: intakt\n','2017-09-24 13:42:52','2017-09-24 13:42:52'),(248,'zre9xlh980c1koq615o5195','90:81:cf:66:f4:77-7b:53:f2:42:f0:49-90:5c:b4:65:e8:93',228,138,231,9,1,NULL,NULL,'2015-05-14','2017-09-24',NULL,NULL,'1260.00',0,0,1,NULL,0,1,NULL,NULL,NULL,NULL,NULL,'--- !ruby/hash:ActiveSupport::HashWithIndifferentAccess\nanschaffungskategorie: AV-Technik\nreference: invoice\numzug: zgeln\nankunftszustand: intakt\n','2017-09-24 13:42:52','2017-09-24 13:42:52'),(249,'ypm049qvsynkogcvgggm196','1b:dc:52:da:64:57-aa:a0:c2:ed:81:49-b3:76:7e:bb:8c:c5',229,139,232,11,1,NULL,NULL,'2014-12-26','2017-09-24',NULL,NULL,'18.00',0,0,1,NULL,0,1,NULL,NULL,NULL,NULL,NULL,'--- !ruby/hash:ActiveSupport::HashWithIndifferentAccess\nanschaffungskategorie: AV-Technik\nreference: invoice\numzug: zgeln\nankunftszustand: intakt\n','2017-09-24 13:42:52','2017-09-24 13:42:52'),(250,'54platu9225etyrdmvf2197','1e:ed:ee:b5:79:3d-6e:2d:dc:fc:ac:ad-05:72:dc:ea:47:85',230,140,233,10,1,NULL,NULL,'2016-04-27','2017-09-22',NULL,NULL,'543.00',0,0,1,NULL,0,1,NULL,NULL,NULL,NULL,NULL,'--- !ruby/hash:ActiveSupport::HashWithIndifferentAccess\nanschaffungskategorie: AV-Technik\nreference: invoice\numzug: zgeln\nankunftszustand: intakt\n','2017-09-22 13:42:52','2017-09-22 13:42:52'),(251,'p0oyycl6hv6xpldbr3mk198','8a:cd:a9:e7:4c:d3-10:ac:dc:74:57:60-0f:9b:99:e3:13:85',231,141,234,9,1,NULL,NULL,'2014-01-27','2017-09-22',NULL,NULL,'655.00',0,0,1,NULL,0,1,NULL,NULL,NULL,NULL,NULL,'--- !ruby/hash:ActiveSupport::HashWithIndifferentAccess\nanschaffungskategorie: AV-Technik\nreference: invoice\numzug: zgeln\nankunftszustand: intakt\n','2017-09-22 13:42:52','2017-09-22 13:42:52'),(252,'mbe6qkemp1o0z0g4vjsn199','b2:3e:0a:55:1a:26-02:54:a3:fe:55:d2-74:d6:fd:f6:d4:51',232,142,235,13,1,NULL,NULL,'2015-11-15','2017-09-22',NULL,NULL,'1086.00',0,0,1,NULL,0,1,NULL,NULL,NULL,NULL,NULL,'--- !ruby/hash:ActiveSupport::HashWithIndifferentAccess\nanschaffungskategorie: AV-Technik\nreference: invoice\numzug: zgeln\nankunftszustand: intakt\n','2017-09-22 13:42:52','2017-09-22 13:42:52'),(253,'m9qji9v115nz7b7tujtb200','d9:ac:1b:8c:1e:96-66:d2:df:da:4e:38-06:72:63:88:a7:3e',233,143,236,4,1,NULL,NULL,'2014-07-19','2017-09-22',NULL,NULL,'120.00',0,0,1,NULL,0,1,NULL,NULL,NULL,NULL,NULL,'--- !ruby/hash:ActiveSupport::HashWithIndifferentAccess\nanschaffungskategorie: AV-Technik\nreference: invoice\numzug: zgeln\nankunftszustand: intakt\n','2017-09-22 13:42:52','2017-09-22 13:42:52');
/*!40000 ALTER TABLE `items` ENABLE KEYS */;
UNLOCK TABLES;

--
-- Table structure for table `languages`
--

DROP TABLE IF EXISTS `languages`;
/*!40101 SET @saved_cs_client     = @@character_set_client */;
/*!40101 SET character_set_client = utf8 */;
CREATE TABLE `languages` (
  `id` int(11) NOT NULL AUTO_INCREMENT,
  `name` varchar(255) COLLATE utf8_unicode_ci DEFAULT NULL,
  `locale_name` varchar(255) COLLATE utf8_unicode_ci DEFAULT NULL,
  `default` tinyint(1) DEFAULT NULL,
  `active` tinyint(1) DEFAULT NULL,
  PRIMARY KEY (`id`),
  UNIQUE KEY `index_languages_on_name` (`name`),
  KEY `index_languages_on_active_and_default` (`active`,`default`)
) ENGINE=InnoDB AUTO_INCREMENT=5 DEFAULT CHARSET=utf8 COLLATE=utf8_unicode_ci;
/*!40101 SET character_set_client = @saved_cs_client */;

--
-- Dumping data for table `languages`
--

LOCK TABLES `languages` WRITE;
/*!40000 ALTER TABLE `languages` DISABLE KEYS */;
INSERT INTO `languages` VALUES (1,'English (UK)','en-GB',1,1),(2,'English (US)','en-US',0,1),(3,'Deutsch','de-CH',0,1),(4,'Zrittsch','gsw-CH',0,1);
/*!40000 ALTER TABLE `languages` ENABLE KEYS */;
UNLOCK TABLES;

--
-- Table structure for table `locations`
--

DROP TABLE IF EXISTS `locations`;
/*!40101 SET @saved_cs_client     = @@character_set_client */;
/*!40101 SET character_set_client = utf8 */;
CREATE TABLE `locations` (
  `id` int(11) NOT NULL AUTO_INCREMENT,
  `room` varchar(255) COLLATE utf8_unicode_ci DEFAULT NULL,
  `shelf` varchar(255) COLLATE utf8_unicode_ci DEFAULT NULL,
  `building_id` int(11) DEFAULT NULL,
  PRIMARY KEY (`id`),
  KEY `index_locations_on_building_id` (`building_id`),
  CONSTRAINT `locations_building_id_fk` FOREIGN KEY (`building_id`) REFERENCES `buildings` (`id`)
) ENGINE=InnoDB AUTO_INCREMENT=144 DEFAULT CHARSET=utf8 COLLATE=utf8_unicode_ci;
/*!40101 SET character_set_client = @saved_cs_client */;

--
-- Dumping data for table `locations`
--

LOCK TABLES `locations` WRITE;
/*!40000 ALTER TABLE `locations` DISABLE KEYS */;
INSERT INTO `locations` VALUES (1,'SQ2','Desk',1),(2,'UG 13','Ausgabe',1),(3,'Voluptatesvoluptatum','enimassumenda',2),(4,'Suntreiciendis','rerumlibero',3),(5,'Inomnis','fugiatdoloribus',4),(6,'Ducimusoptio','nemodolor',5),(7,'Ducimustemporibus','reprehenderitaspernatur',6),(8,'Voluptaseius','eaporro',7),(9,'Veroqui','velittenetur',8),(10,'Praesentiumnecessitatibus','quaeratnatus',9),(11,'Sitdignissimos','debitisiusto',10),(12,'Architectoqui','nonaliquid',11),(13,'Voluptatemquas','oditquo',12),(14,'Utnihil','quismagnam',13),(15,'Autquia','eaqui',14),(16,'Autofficiis','magnivero',15),(17,'Ipsumid','praesentiumut',16),(18,'Eligendiipsum','fugiateaque',17),(19,'Nemoaspernatur','saepeeius',18),(20,'Eumsapiente','idsed',19),(21,'Maioresmaxime','rationedebitis',20),(22,'Omnisvitae','odiooptio',21),(23,'Cumsint','cumut',22),(24,'Consecteturunde','vitaeodio',23),(25,'Etdelectus','voluptateodit',24),(26,'Aliaset','temporaalias',25),(27,'Rerumperspiciatis','optionatus',26),(28,'Rerumnihil','rationedoloribus',27),(29,'Quisautem','sitexcepturi',28),(30,'Iureut','indelectus',29),(31,'Natusid','eumasperiores',30),(32,'Etlaboriosam','laboreet',31),(33,'Ipsumsit','consequaturcommodi',32),(34,'Enimquod','blanditiisquia',33),(35,'Nesciuntexpedita','errorlibero',34),(36,'Eumut','utab',35),(37,'Nonfuga','cumqueimpedit',36),(38,'Quaeratquia','minusnon',37),(39,'Etexercitationem','voluptateet',38),(40,'Rationelaborum','omnisducimus',39),(41,'Quasineque','ipsaqui',40),(42,'Consequuntureaque','sedveniam',41),(43,'Quisvoluptates','perferendisperspiciatis',42),(44,'Blanditiisconsectetur','adeserunt',43),(45,'Nonasperiores','blanditiisaperiam',44),(46,'Ettempora','accusamusquis',45),(47,'Suntnam','quidemdoloribus',46),(48,'Molestiaeea','numquammollitia',47),(49,'Illoincidunt','namaut',48),(50,'Voluptatemearum','autemmaiores',49),(51,'Etest','exercitationemeveniet',50),(52,'Sitdistinctio','quioptio',51),(53,'Nonmagnam','quisunt',52),(54,'Atquedeserunt','laborumeius',53),(55,'Rerumquisquam','quiavoluptates',54),(56,'Minimasint','dignissimosqui',55),(57,'Nobisofficia','voluptateearum',56),(58,'Voluptasreiciendis','debitisest',57),(59,'Magniconsectetur','utvoluptatem',58),(60,'Solutaquis','iurequam',59),(61,'Autalias','voluptatelaudantium',60),(62,'Nequeeum','autcumque',61),(63,'Nostrumeos','nonomnis',62),(64,'Fuganumquam','fugadolorem',63),(65,'Etex','excepturieos',64),(66,'Autquibusdam','adharum',65),(67,'Liberoreiciendis','consequaturcorrupti',66),(68,'Doloribusaut','architectoesse',67),(69,'Autad','quaesint',68),(70,'Quiodio','estrepudiandae',69),(71,'Atquia','aautem',70),(72,'Odiosunt','optioquam',71),(73,'Etdolorum','sedprovident',72),(74,'Quaeratodio','quaeratqui',73),(75,'Enimillo','adipiscieligendi',74),(76,'Quibusdammolestiae','delectusaut',75),(77,'Quidemmolestiae','velitea',76),(78,'Voluptasporro','quiaest',77),(79,'Rerumipsum','omnisut',78),(80,'Consequaturducimus','etquidem',79),(81,'Voluptatemerror','architectoquibusdam',80),(82,'Commodiearum','noneligendi',81),(83,'Etofficia','remiusto',82),(84,'Eaqueaut','doloribusipsum',83),(85,'Atquedoloremque','pariaturvitae',84),(86,'Expeditavelit','sintmodi',85),(87,'Vitaeconsequuntur','nondebitis',86),(88,'Nequeeos','molestiaenostrum',87),(89,'Quicommodi','eaquasi',88),(90,'Remdeleniti','expeditanumquam',89),(91,'Nihilin','iustonecessitatibus',90),(92,'Aliquidpariatur','etaut',91),(93,'Sitnesciunt','quiaeum',92),(94,'Velquam','blanditiissed',93),(95,'Architectoofficiis','voluptasvitae',94),(96,'Quaeratatque','estullam',95),(97,'Rembeatae','omnisid',96),(98,'Voluptateet','eosreprehenderit',97),(99,'Facilissoluta','voluptatumsimilique',98),(100,'Estrepellat','ipsamlabore',99),(101,'Reiciendisaut','numquamvel',100),(102,'Vitaedebitis','reprehenderitexcepturi',101),(103,'Sequitenetur','quiqui',102),(104,'Etaut','atnostrum',103),(105,'Quinisi','illonulla',104),(106,'Autipsa','quilabore',105),(107,'Doloremharum','delenitiqui',106),(108,'Exullam','autquos',107),(109,'Quiaccusamus','hicofficiis',108),(110,'Iustorepellendus','eiuseligendi',109),(111,'Exercitationemaliquam','etveniam',110),(112,'Etrerum','autcommodi',111),(113,'Animiut','etipsa',112),(114,'Eamollitia','sitet',113),(115,'Errorunde','nostrumtempore',114),(116,'Autemet','veldolorum',115),(117,'Solutaillo','doloremrepellendus',116),(118,'Sintarchitecto','illoa',117),(119,'Sitquo','etdolores',118),(120,'Etquia','mollitianulla',119),(121,'Repellendusad','doloresharum',120),(122,'Iustoipsum','illoquod',121),(123,'Commodiexercitationem','quivel',122),(124,'Rerumest','doloribusab',123),(125,'Minimamolestiae','vitaeharum',124),(126,'Animiquis','distinctioet',125),(127,'Doloripsam','beataecupiditate',126),(128,'Nisiaut','etrepudiandae',127),(129,'Veritatisblanditiis','teneturminima',128),(130,'Voluptatemeos','etut',129),(131,'Optiotempore','estaut',130),(132,'Quidemhic','ipsamvel',131),(133,'Quoaspernatur','sedquibusdam',132),(134,'Rationeipsam','reiciendisut',133),(135,'Sintconsequatur','quoscorrupti',134),(136,'Ipsumveritatis','autemminus',135),(137,'Etsed','iurelibero',136),(138,'Magnamqui','quoddebitis',137),(139,'Velitsint','commodilaboriosam',138),(140,'Doloribusvoluptatem','inciduntsit',139),(141,'Undedoloribus','nihilqui',140),(142,'Cupiditaterecusandae','occaecativoluptatem',141),(143,'Quinon','rerumdolor',142);
/*!40000 ALTER TABLE `locations` ENABLE KEYS */;
UNLOCK TABLES;

--
-- Table structure for table `mail_templates`
--

DROP TABLE IF EXISTS `mail_templates`;
/*!40101 SET @saved_cs_client     = @@character_set_client */;
/*!40101 SET character_set_client = utf8 */;
CREATE TABLE `mail_templates` (
  `id` int(11) NOT NULL AUTO_INCREMENT,
  `inventory_pool_id` int(11) DEFAULT NULL,
  `language_id` int(11) DEFAULT NULL,
  `name` varchar(255) COLLATE utf8_unicode_ci DEFAULT NULL,
  `format` varchar(255) COLLATE utf8_unicode_ci DEFAULT NULL,
  `body` text COLLATE utf8_unicode_ci,
  PRIMARY KEY (`id`)
) ENGINE=InnoDB DEFAULT CHARSET=utf8 COLLATE=utf8_unicode_ci;
/*!40101 SET character_set_client = @saved_cs_client */;

--
-- Dumping data for table `mail_templates`
--

LOCK TABLES `mail_templates` WRITE;
/*!40000 ALTER TABLE `mail_templates` DISABLE KEYS */;
/*!40000 ALTER TABLE `mail_templates` ENABLE KEYS */;
UNLOCK TABLES;

--
-- Table structure for table `model_group_links`
--

DROP TABLE IF EXISTS `model_group_links`;
/*!40101 SET @saved_cs_client     = @@character_set_client */;
/*!40101 SET character_set_client = utf8 */;
CREATE TABLE `model_group_links` (
  `id` int(11) NOT NULL AUTO_INCREMENT,
  `ancestor_id` int(11) DEFAULT NULL,
  `descendant_id` int(11) DEFAULT NULL,
  `direct` tinyint(1) DEFAULT NULL,
  `count` int(11) DEFAULT NULL,
  `label` varchar(255) COLLATE utf8_unicode_ci DEFAULT NULL,
  PRIMARY KEY (`id`),
  KEY `index_model_group_links_on_ancestor_id` (`ancestor_id`),
  KEY `index_model_group_links_on_direct` (`direct`),
  KEY `index_on_descendant_id_and_ancestor_id_and_direct` (`descendant_id`,`ancestor_id`,`direct`),
  CONSTRAINT `model_group_links_descendant_id_fk` FOREIGN KEY (`descendant_id`) REFERENCES `model_groups` (`id`) ON DELETE CASCADE,
  CONSTRAINT `model_group_links_ancestor_id_fk` FOREIGN KEY (`ancestor_id`) REFERENCES `model_groups` (`id`) ON DELETE CASCADE
) ENGINE=InnoDB AUTO_INCREMENT=9 DEFAULT CHARSET=utf8 COLLATE=utf8_unicode_ci;
/*!40101 SET character_set_client = @saved_cs_client */;

--
-- Dumping data for table `model_group_links`
--

LOCK TABLES `model_group_links` WRITE;
/*!40000 ALTER TABLE `model_group_links` DISABLE KEYS */;
INSERT INTO `model_group_links` VALUES (1,2,8,1,1,NULL),(2,5,9,1,1,NULL),(3,1,9,1,1,NULL),(4,2,10,1,1,NULL),(5,5,10,1,1,NULL),(6,1,11,0,1,NULL),(7,5,11,0,1,NULL),(8,9,11,1,1,NULL);
/*!40000 ALTER TABLE `model_group_links` ENABLE KEYS */;
UNLOCK TABLES;

--
-- Table structure for table `model_groups`
--

DROP TABLE IF EXISTS `model_groups`;
/*!40101 SET @saved_cs_client     = @@character_set_client */;
/*!40101 SET character_set_client = utf8 */;
CREATE TABLE `model_groups` (
  `id` int(11) NOT NULL AUTO_INCREMENT,
  `type` varchar(255) COLLATE utf8_unicode_ci DEFAULT NULL,
  `name` varchar(255) COLLATE utf8_unicode_ci DEFAULT NULL,
  `created_at` datetime DEFAULT NULL,
  `updated_at` datetime DEFAULT NULL,
  PRIMARY KEY (`id`),
  KEY `index_model_groups_on_type` (`type`)
) ENGINE=InnoDB AUTO_INCREMENT=15 DEFAULT CHARSET=utf8 COLLATE=utf8_unicode_ci;
/*!40101 SET character_set_client = @saved_cs_client */;

--
-- Dumping data for table `model_groups`
--

LOCK TABLES `model_groups` WRITE;
/*!40000 ALTER TABLE `model_groups` DISABLE KEYS */;
INSERT INTO `model_groups` VALUES (1,'Category','Beamer','2017-09-29 13:42:52','2017-09-29 13:42:52'),(2,'Category','Kameras','2017-09-29 13:42:52','2017-09-29 13:42:52'),(3,'Category','Stative','2017-09-29 13:42:52','2017-09-29 13:42:52'),(4,'Category','Hifi-Anlagen','2017-09-29 13:42:52','2017-09-29 13:42:52'),(5,'Category','Notebooks','2017-09-29 13:42:52','2017-09-29 13:42:52'),(6,'Category','RC Helikopter','2017-09-29 13:42:52','2017-09-29 13:42:52'),(7,'Category','Computer','2017-09-29 13:42:52','2017-09-29 13:42:52'),(8,'Category','Kurzdistanz','2017-09-29 13:42:52','2017-09-29 13:42:52'),(9,'Category','Portabel','2017-09-29 13:42:52','2017-09-29 13:42:52'),(10,'Category','Standard','2017-09-29 13:42:52','2017-09-29 13:42:52'),(11,'Category','Micro','2017-09-29 13:42:52','2017-09-29 13:42:52'),(12,'Template','Kamera & Stativ','2017-09-29 13:42:52','2017-09-29 13:42:52'),(13,'Template','Beamer & Hifi','2017-09-29 13:42:52','2017-09-29 13:42:52'),(14,'Template','Unaccomplishable template','2017-09-29 13:42:52','2017-09-29 13:42:52');
/*!40000 ALTER TABLE `model_groups` ENABLE KEYS */;
UNLOCK TABLES;

--
-- Table structure for table `model_links`
--

DROP TABLE IF EXISTS `model_links`;
/*!40101 SET @saved_cs_client     = @@character_set_client */;
/*!40101 SET character_set_client = utf8 */;
CREATE TABLE `model_links` (
  `id` int(11) NOT NULL AUTO_INCREMENT,
  `model_group_id` int(11) DEFAULT NULL,
  `model_id` int(11) DEFAULT NULL,
  `quantity` int(11) DEFAULT '1',
  PRIMARY KEY (`id`),
  KEY `index_model_links_on_model_id_and_model_group_id` (`model_id`,`model_group_id`),
  KEY `index_model_links_on_model_group_id_and_model_id` (`model_group_id`,`model_id`),
  CONSTRAINT `model_links_model_id_fk` FOREIGN KEY (`model_id`) REFERENCES `models` (`id`) ON DELETE CASCADE,
  CONSTRAINT `model_links_model_group_id_fk` FOREIGN KEY (`model_group_id`) REFERENCES `model_groups` (`id`) ON DELETE CASCADE
) ENGINE=InnoDB AUTO_INCREMENT=74 DEFAULT CHARSET=utf8 COLLATE=utf8_unicode_ci;
/*!40101 SET character_set_client = @saved_cs_client */;

--
-- Dumping data for table `model_links`
--

LOCK TABLES `model_links` WRITE;
/*!40000 ALTER TABLE `model_links` DISABLE KEYS */;
INSERT INTO `model_links` VALUES (1,1,24,1),(2,1,25,1),(3,1,26,1),(4,1,27,1),(5,1,28,1),(6,1,29,1),(7,1,30,1),(8,1,31,1),(9,1,32,1),(10,1,33,1),(11,1,34,1),(12,1,35,1),(13,1,36,1),(14,1,37,1),(15,1,38,1),(16,1,39,1),(17,1,40,1),(18,1,41,1),(19,1,42,1),(20,1,43,1),(21,2,44,1),(22,2,45,1),(23,2,46,1),(24,2,47,1),(25,2,48,1),(26,2,49,1),(27,2,50,1),(28,2,51,1),(29,2,52,1),(30,2,53,1),(31,2,54,1),(32,2,55,1),(33,2,56,1),(34,2,57,1),(35,2,58,1),(36,2,59,1),(37,2,60,1),(38,2,61,1),(39,2,62,1),(40,2,63,1),(41,2,64,1),(42,2,65,1),(43,2,66,1),(44,2,67,1),(45,2,68,1),(46,2,69,1),(47,2,70,1),(48,2,71,1),(49,2,72,1),(50,2,73,1),(51,5,1,1),(52,1,2,1),(53,9,2,1),(54,1,3,1),(55,1,4,1),(56,1,6,1),(57,9,6,1),(58,11,7,1),(59,2,8,1),(60,3,9,1),(61,4,10,1),(62,2,13,1),(63,5,14,1),(64,6,15,1),(65,6,16,1),(66,6,17,1),(67,7,18,1),(68,12,8,1),(69,12,9,1),(70,13,2,1),(71,13,10,1),(72,14,8,1),(73,14,9,1);
/*!40000 ALTER TABLE `model_links` ENABLE KEYS */;
UNLOCK TABLES;

--
-- Table structure for table `models`
--

DROP TABLE IF EXISTS `models`;
/*!40101 SET @saved_cs_client     = @@character_set_client */;
/*!40101 SET character_set_client = utf8 */;
CREATE TABLE `models` (
  `id` int(11) NOT NULL AUTO_INCREMENT,
  `type` varchar(255) COLLATE utf8_unicode_ci NOT NULL DEFAULT 'Model',
  `manufacturer` varchar(255) COLLATE utf8_unicode_ci DEFAULT NULL,
  `product` varchar(255) COLLATE utf8_unicode_ci NOT NULL,
  `version` varchar(255) COLLATE utf8_unicode_ci DEFAULT NULL,
  `description` text COLLATE utf8_unicode_ci,
  `internal_description` text COLLATE utf8_unicode_ci,
  `info_url` varchar(255) COLLATE utf8_unicode_ci DEFAULT NULL,
  `rental_price` decimal(8,2) DEFAULT NULL,
  `maintenance_period` int(11) DEFAULT '0',
  `is_package` tinyint(1) DEFAULT '0',
  `technical_detail` text COLLATE utf8_unicode_ci,
  `hand_over_note` text COLLATE utf8_unicode_ci,
  `created_at` datetime DEFAULT NULL,
  `updated_at` datetime DEFAULT NULL,
  PRIMARY KEY (`id`),
  KEY `index_models_on_type` (`type`),
  KEY `index_models_on_is_package` (`is_package`)
) ENGINE=InnoDB AUTO_INCREMENT=234 DEFAULT CHARSET=utf8 COLLATE=utf8_unicode_ci;
/*!40101 SET character_set_client = @saved_cs_client */;

--
-- Dumping data for table `models`
--

LOCK TABLES `models` WRITE;
/*!40000 ALTER TABLE `models` DISABLE KEYS */;
INSERT INTO `models` VALUES (1,'Model','Apple','MacBookPro',NULL,'Laptop fr Studis und Angestellte.','Deleniti qui officia ut officiis aperiam quam.',NULL,NULL,0,0,'At assumenda saepe ipsa qui velit nemo.','Mit Verpackung aushndigen.','2017-09-29 13:42:52','2017-09-29 13:42:52'),(2,'Model','Sharp','Sharp Beamer','123','Beamer, geeignet fr alle Verwendungszwecke.','Occaecati unde sit facilis.',NULL,NULL,0,0,'Et cum officiis sint et culpa voluptatem dolorem.','Beamer braucht ein VGA Kabel!','2017-09-29 13:42:52','2017-09-29 13:42:52'),(3,'Model','Sharp','Sharp Beamer 2D',NULL,'Beamer, geeignet fr alle Verwendungszwecke.','In voluptas ducimus autem rerum nisi.',NULL,NULL,0,0,'Deleniti asperiores corrupti blanditiis.','Velit aut maiores ea voluptas eum nihil voluptates.','2017-09-29 13:42:52','2017-09-29 13:42:52'),(4,'Model','Panasonic','Mini Beamer',NULL,'Beamer, geeignet fr alle Verwendungszwecke.','Porro qui modi veniam voluptates commodi atque.',NULL,NULL,0,0,'Itaque ut iste voluptatem magni ab.','Blanditiis eius delectus enim sit.','2017-09-29 13:42:52','2017-09-29 13:42:52'),(5,'Model','Panasonic','Sharp Beamer','456','Beamer, geeignet fr alle Verwendungszwecke.','Commodi sapiente quas aut reprehenderit earum quia ut.',NULL,NULL,0,0,'Quod nisi sequi iusto consequatur illum sed ad.','Beamer braucht ein VGA Kabel!','2017-09-29 13:42:52','2017-09-29 13:42:52'),(6,'Model','Sony','Ultra Compact Beamer',NULL,'Besonders kleiner Beamer.','Fuga consequuntur dolorem vero.',NULL,NULL,0,0,'Aut similique ratione voluptatem qui.','Beamer braucht ein VGA Kabel!','2017-09-29 13:42:52','2017-09-29 13:42:52'),(7,'Model','Micro','Micro Beamer',NULL,'Besonders mikro kleiner Beamer.','Voluptas veniam cumque libero accusantium aliquam voluptatibus.',NULL,NULL,0,0,'Eligendi sed et non repudiandae quia.','Beamer braucht ein VGA Kabel!','2017-09-29 13:42:52','2017-09-29 13:42:52'),(8,'Model','Nikon','Kamera Nikon','X12','Super Kamera.','Officia illum facilis quia qui.',NULL,NULL,0,0,'Repellat eligendi dolorem inventore quidem.','Kamera braucht Akkus!','2017-09-29 13:42:52','2017-09-29 13:42:52'),(9,'Model','Feli','Kamera Stativ','123','Stabiles Kamera Stativ','Eum nemo maxime aspernatur neque.',NULL,NULL,0,0,'Quasi molestias accusamus non sit ea.','Stativ muss mit Stativtasche ausgehndigt werden.','2017-09-29 13:42:52','2017-09-29 13:42:52'),(10,'Model','Sony','Hifi Standard',NULL,'Sed dolorem quaerat nulla aut tenetur numquam.','Accusantium molestias pariatur omnis consequatur veritatis cupiditate est.',NULL,NULL,1,0,'Ab reiciendis expedita a.','Aut molestias distinctio vel quis recusandae.','2017-09-29 13:42:52','2017-09-29 13:42:52'),(11,'Model','Bose','Bose AE2W',NULL,'Temporibus corporis consectetur praesentium. Ratione cumque quo vel cum et ut. Et amet velit distinctio blanditiis. Rerum rerum architecto enim vel recusandae numquam. Labore necessitatibus natus.','Eum fugiat at esse atque ipsam dolorem.',NULL,NULL,1,0,'Qui quisquam nostrum quidem.','Vitae et est placeat ratione ea numquam quisquam sit.','2017-09-29 13:42:52','2017-09-29 13:42:52'),(12,'Model','Bose','Bose XG4',NULL,'Nulla molestiae doloribus expedita ducimus. Quibusdam rerum sunt occaecati quia sit consequuntur. Quis vero aut. Dolorem ut deserunt et et odio dolor vero. Autem distinctio accusamus necessitatibus.','Aut omnis et id praesentium et aut.',NULL,NULL,3,0,'Aspernatur quo ut et voluptates.','Dolor voluptas et quae maiores ab sed rerum suscipit.','2017-09-29 13:42:52','2017-09-29 13:42:52'),(13,'Model','Canon','Kamera Canon D5',NULL,'Ganz teure Kamera','Distinctio neque eos adipisci voluptate doloribus natus est libero.',NULL,NULL,0,0,'Labore sed recusandae non expedita.','Kamera braucht Akkus!','2017-09-29 13:42:52','2017-09-29 13:42:52'),(14,'Model','Microsoft','Windows Laptop',NULL,'Ein Laptop der Marke Microsoft','Beatae omnis et quas architecto et voluptatum minima.',NULL,NULL,0,0,'Temporibus et eaque non hic voluptatem est eos est.','Laptop mit Tasche ausgeben','2017-09-29 13:42:52','2017-09-29 13:42:52'),(15,'Model','Walkera','Walkera v120','1G','3D Helikopter','Ut voluptatem sapiente alias ratione unde deserunt velit ea.',NULL,NULL,0,0,'In deleniti tempore doloribus iure ea saepe.','Dolorum ut est voluptates expedita.','2017-09-29 13:42:52','2017-09-29 13:42:52'),(16,'Model','Walkera','Walkera v120','2G','3D Helikopter','Odit quae repudiandae dicta ut exercitationem asperiores.',NULL,NULL,0,0,'Ipsum et similique officia id numquam quis optio.','Magnam recusandae qui maiores corrupti reprehenderit.','2017-09-29 13:42:52','2017-09-29 13:42:52'),(17,'Model','Walkera','Walkera v120','3G','3D Helikopter','Unde illo provident culpa reiciendis qui consectetur corporis.',NULL,NULL,0,0,'Distinctio est blanditiis tempore ut ullam consequuntur.','Modi necessitatibus omnis dignissimos praesentium accusantium quo.','2017-09-29 13:42:52','2017-09-29 13:42:52'),(18,'Model','Apple','iMac',NULL,'Apples alter iMac','Fuga quo eos autem et asperiores maiores.',NULL,NULL,0,0,'Occaecati ut minima et.','In quia expedita sed aspernatur non asperiores voluptatem culpa.','2017-09-29 13:42:52','2017-09-29 13:42:52'),(19,'Model','Apple','MacBook Air',NULL,'Culpa et et quisquam molestiae et explicabo quasi quia.','Saepe velit et non non enim aut iure.',NULL,NULL,0,0,'Omnis quod eos molestiae minus suscipit.','Iusto similique autem repudiandae.','2017-09-29 13:42:52','2017-09-29 13:42:52'),(20,'Model','Lenovo','Thinkpad','X230','Voluptatibus doloribus debitis aut illum quia et deserunt.','Magnam recusandae quis velit.',NULL,NULL,0,0,'Cum et magni harum consequuntur vitae culpa.','Consequatur sed nesciunt eos laudantium est consequuntur et perferendis.','2017-09-29 13:42:52','2017-09-29 13:42:52'),(21,'Model','Lenovo','Thinkpad','X301','Velit a suscipit ut similique quibusdam est provident aperiam.','Nihil quisquam nulla provident a quaerat in vel.',NULL,NULL,0,0,'Aliquam dolor delectus voluptatum rem aut sed illum.','Numquam commodi minima eum.','2017-09-29 13:42:52','2017-09-29 13:42:52'),(22,'Model','Lenovo','Thinkpad','Carbon','Veniam commodi voluptatum libero tenetur consequatur.','Fuga nisi voluptatem veniam in sed velit consequatur quidem.',NULL,NULL,0,0,'Culpa quia quod sapiente.','Ut pariatur velit animi ratione sit assumenda non.','2017-09-29 13:42:52','2017-09-29 13:42:52'),(23,'Model','Dell','Inspiron','7000','Est sint iste nobis sed.','Ut accusantium odit cumque est ut.',NULL,NULL,0,0,'Consequatur itaque non est repellat fuga.','Et consequatur nemo deleniti nesciunt alias nulla.','2017-09-29 13:42:52','2017-09-29 13:42:52'),(24,'Model','Sony','Beamer 1 neque','1','Cumque eum nostrum architecto eius et.','Dolor perferendis accusantium ea vel.',NULL,NULL,0,0,'Corrupti et repudiandae provident quo necessitatibus rerum laboriosam velit.','Beamer braucht ein VGA Kabel!','2017-09-29 13:42:52','2017-09-29 13:42:52'),(25,'Model','Sony','Beamer 2 sint','2','Culpa atque ut illum neque facilis quos.','Est libero excepturi tempora officiis voluptatum omnis.',NULL,NULL,0,0,'Qui reprehenderit velit sed facilis.','Beamer braucht ein VGA Kabel!','2017-09-29 13:42:52','2017-09-29 13:42:52'),(26,'Model','Sony','Beamer 3 ipsam','3','Omnis perferendis nostrum magni.','Quo soluta odit nesciunt quis commodi consequatur tempora.',NULL,NULL,0,0,'A ut non itaque voluptatem.','Beamer braucht ein VGA Kabel!','2017-09-29 13:42:52','2017-09-29 13:42:52'),(27,'Model','Sony','Beamer 4 ipsam','4','Sit numquam quia quia dolores facere.','Labore ea ut quasi aperiam debitis nisi est.',NULL,NULL,0,0,'A fuga voluptates iusto delectus voluptatem.','Beamer braucht ein VGA Kabel!','2017-09-29 13:42:52','2017-09-29 13:42:52'),(28,'Model','Sony','Beamer 5 est','5','Molestias nemo culpa qui molestiae dolorem.','Hic atque dolor rerum doloribus.',NULL,NULL,0,0,'Rerum sunt aut aut quas.','Beamer braucht ein VGA Kabel!','2017-09-29 13:42:52','2017-09-29 13:42:52'),(29,'Model','Sony','Beamer 6 error','6','Autem accusantium neque animi laboriosam ipsa ullam occaecati.','Voluptatem quo non velit omnis eius at error quia.',NULL,NULL,0,0,'Voluptate qui impedit quasi quos veritatis ipsam illum sed.','Beamer braucht ein VGA Kabel!','2017-09-29 13:42:52','2017-09-29 13:42:52'),(30,'Model','Sony','Beamer 7 quaerat','7','Eos sit esse temporibus hic.','Illum culpa adipisci tempore ducimus amet.',NULL,NULL,0,0,'Corrupti quasi asperiores qui qui aperiam aliquid quidem.','Beamer braucht ein VGA Kabel!','2017-09-29 13:42:52','2017-09-29 13:42:52'),(31,'Model','Sony','Beamer 8 doloribus','8','Iure ad omnis qui.','Nihil ab illo exercitationem excepturi ea.',NULL,NULL,0,0,'Id ea adipisci fugiat commodi accusantium alias.','Beamer braucht ein VGA Kabel!','2017-09-29 13:42:52','2017-09-29 13:42:52'),(32,'Model','Sony','Beamer 9 exercitationem','9','Rerum id nulla aut.','Magni facilis nobis et odit soluta reiciendis et ipsum.',NULL,NULL,0,0,'Est in nobis porro.','Beamer braucht ein VGA Kabel!','2017-09-29 13:42:52','2017-09-29 13:42:52'),(33,'Model','Sony','Beamer 10 et','10','Quia aliquam sint sed odio.','Sed qui tenetur esse facilis enim saepe.',NULL,NULL,0,0,'Magnam consequuntur culpa voluptatum.','Beamer braucht ein VGA Kabel!','2017-09-29 13:42:52','2017-09-29 13:42:52'),(34,'Model','Sony','Beamer 11 enim','11','Illo et deserunt reprehenderit veritatis.','Voluptas commodi dolores voluptatibus eum.',NULL,NULL,0,0,'Iure et distinctio nulla est eum molestiae nihil nam.','Beamer braucht ein VGA Kabel!','2017-09-29 13:42:52','2017-09-29 13:42:52'),(35,'Model','Sony','Beamer 12 ex','12','Exercitationem qui inventore qui debitis.','Doloremque alias in expedita aut soluta.',NULL,NULL,0,0,'Voluptatem veniam culpa numquam eaque rem deleniti mollitia expedita.','Beamer braucht ein VGA Kabel!','2017-09-29 13:42:52','2017-09-29 13:42:52'),(36,'Model','Sony','Beamer 13 rerum','13','Id qui maxime illum adipisci rem tempora dolores.','Atque omnis qui voluptates vel sit esse.',NULL,NULL,0,0,'Hic quibusdam velit rerum.','Beamer braucht ein VGA Kabel!','2017-09-29 13:42:52','2017-09-29 13:42:52'),(37,'Model','Sony','Beamer 14 esse','14','Ipsa voluptas maiores quia quia molestiae iusto quia dicta.','Et blanditiis et ut optio molestias mollitia.',NULL,NULL,0,0,'Ad quos ut labore aut dolor maxime sit.','Beamer braucht ein VGA Kabel!','2017-09-29 13:42:52','2017-09-29 13:42:52'),(38,'Model','Sony','Beamer 15 voluptatum','15','Veritatis odit rerum aut.','A voluptatem fugit doloribus.',NULL,NULL,0,0,'Blanditiis distinctio necessitatibus consequatur voluptatem est perferendis ad.','Beamer braucht ein VGA Kabel!','2017-09-29 13:42:52','2017-09-29 13:42:52'),(39,'Model','Sony','Beamer 16 ut','16','Nisi eum alias accusamus vero temporibus rem.','Eum voluptatem harum vero at et.',NULL,NULL,0,0,'Ipsa autem vitae labore possimus ducimus quod expedita mollitia.','Beamer braucht ein VGA Kabel!','2017-09-29 13:42:52','2017-09-29 13:42:52'),(40,'Model','Sony','Beamer 17 hic','17','Modi corrupti nihil autem deserunt nostrum et.','Iste magni et consequatur sunt ipsa rerum fugiat.',NULL,NULL,0,0,'Reprehenderit inventore nihil doloremque ratione modi eum tenetur illo.','Beamer braucht ein VGA Kabel!','2017-09-29 13:42:52','2017-09-29 13:42:52'),(41,'Model','Sony','Beamer 18 sint','18','Sint nemo nesciunt minima.','Qui dignissimos suscipit quia quia accusamus.',NULL,NULL,0,0,'Id amet aut culpa in.','Beamer braucht ein VGA Kabel!','2017-09-29 13:42:52','2017-09-29 13:42:52'),(42,'Model','Sony','Beamer 19 sed','19','Minus vel est ducimus voluptatum qui eum suscipit.','Consequatur sint quos rerum veniam ducimus perspiciatis ea.',NULL,NULL,0,0,'Tempora recusandae autem magni aut voluptatem hic odio.','Beamer braucht ein VGA Kabel!','2017-09-29 13:42:52','2017-09-29 13:42:52'),(43,'Model','Sony','Beamer 20 aliquid','20','Assumenda repellendus eveniet ipsam voluptas cum expedita corporis quia.','Soluta impedit temporibus voluptatibus omnis.',NULL,NULL,0,0,'Quo omnis pariatur adipisci saepe.','Beamer braucht ein VGA Kabel!','2017-09-29 13:42:52','2017-09-29 13:42:52'),(44,'Model','Nikon','Kameras 1 veniam','21','Sapiente et asperiores ut nesciunt sunt architecto reiciendis quasi.','Impedit est facilis ipsa voluptate dolorum voluptas blanditiis.',NULL,NULL,0,0,'Aut repellendus molestiae placeat laboriosam quia rerum dolorem sit.',NULL,'2017-09-29 13:42:52','2017-09-29 13:42:52'),(45,'Model','Nikon','Kameras 2 dolores','22','Architecto est in inventore id.','Nihil voluptas totam quia et provident ratione perferendis enim.',NULL,NULL,0,0,'Molestiae veniam itaque mollitia totam facilis a quia.',NULL,'2017-09-29 13:42:52','2017-09-29 13:42:52'),(46,'Model','Nikon','Kameras 3 nihil','23','Alias porro nemo in sit.','Quibusdam deserunt vitae nam eos dolores aperiam.',NULL,NULL,0,0,'Molestiae pariatur dicta sit quia.',NULL,'2017-09-29 13:42:52','2017-09-29 13:42:52'),(47,'Model','Nikon','Kameras 4 suscipit','24','Aliquam ut a est.','Rerum aperiam esse consectetur veritatis explicabo quod.',NULL,NULL,0,0,'Suscipit eligendi debitis quis velit ea totam vero quisquam.',NULL,'2017-09-29 13:42:52','2017-09-29 13:42:52'),(48,'Model','Nikon','Kameras 5 laborum','25','Fugit ipsa facilis minus a nemo soluta sed.','Ut facere fugiat illo a reiciendis.',NULL,NULL,0,0,'Nam quo officiis amet facere.',NULL,'2017-09-29 13:42:52','2017-09-29 13:42:52'),(49,'Model','Nikon','Kameras 6 ex','26','Adipisci quia architecto optio qui repellendus.','Vero qui explicabo tempore.',NULL,NULL,0,0,'Velit qui at modi libero rerum expedita.',NULL,'2017-09-29 13:42:52','2017-09-29 13:42:52'),(50,'Model','Nikon','Kameras 7 quo','27','Ut laudantium aut sunt.','Ut veritatis eligendi itaque quis.',NULL,NULL,0,0,'Suscipit laboriosam exercitationem accusantium facilis debitis.',NULL,'2017-09-29 13:42:52','2017-09-29 13:42:52'),(51,'Model','Nikon','Kameras 8 molestiae','28','Mollitia hic omnis qui sint et perferendis.','Quisquam quae qui voluptatem aliquam.',NULL,NULL,0,0,'Nemo omnis natus omnis occaecati nesciunt.',NULL,'2017-09-29 13:42:52','2017-09-29 13:42:52'),(52,'Model','Nikon','Kameras 9 non','29','Expedita explicabo dolorem id.','Cupiditate eveniet excepturi aut est possimus quidem.',NULL,NULL,0,0,'Nihil pariatur animi facilis consequuntur.',NULL,'2017-09-29 13:42:52','2017-09-29 13:42:52'),(53,'Model','Nikon','Kameras 10 unde','30','Inventore laboriosam eos nisi.','Qui laudantium molestias id aliquam excepturi.',NULL,NULL,0,0,'Quae doloremque vel nisi neque in.',NULL,'2017-09-29 13:42:52','2017-09-29 13:42:52'),(54,'Model','Nikon','Kameras 11 fugit','31','Consequatur ipsa aut hic quo corrupti atque.','Non sint quis commodi.',NULL,NULL,0,0,'Vitae cumque magnam veritatis ex qui.',NULL,'2017-09-29 13:42:52','2017-09-29 13:42:52'),(55,'Model','Nikon','Kameras 12 ex','32','Voluptatem commodi culpa sint perferendis ut.','Asperiores cupiditate numquam quas iste aspernatur incidunt excepturi.',NULL,NULL,0,0,'Tenetur autem nisi debitis quo.',NULL,'2017-09-29 13:42:52','2017-09-29 13:42:52'),(56,'Model','Nikon','Kameras 13 labore','33','Ut consequatur totam laborum quia.','Totam sunt dolor saepe.',NULL,NULL,0,0,'Quibusdam dicta maiores cum.',NULL,'2017-09-29 13:42:52','2017-09-29 13:42:52'),(57,'Model','Nikon','Kameras 14 suscipit','34','Nobis enim ea velit minima tempore hic eligendi.','Quia vel sit sed.',NULL,NULL,0,0,'Quia consectetur quaerat quia.',NULL,'2017-09-29 13:42:52','2017-09-29 13:42:52'),(58,'Model','Nikon','Kameras 15 nostrum','35','Voluptatibus ullam sed non molestias ut autem libero alias.','Quos in porro minima.',NULL,NULL,0,0,'Consequatur corporis consequuntur ducimus qui alias voluptatum voluptates nihil.',NULL,'2017-09-29 13:42:52','2017-09-29 13:42:52'),(59,'Model','Nikon','Kameras 16 maiores','36','Ut eveniet quae sequi nisi vel.','Aut eos at inventore.',NULL,NULL,0,0,'Consectetur voluptatem porro in tempore et.',NULL,'2017-09-29 13:42:52','2017-09-29 13:42:52'),(60,'Model','Nikon','Kameras 17 beatae','37','Dolorem quas possimus dolorem qui modi quos eveniet.','Animi quae quam quis qui cum rem consequatur.',NULL,NULL,0,0,'Odit cum architecto dignissimos quidem ipsam.',NULL,'2017-09-29 13:42:52','2017-09-29 13:42:52'),(61,'Model','Nikon','Kameras 18 itaque','38','Numquam eos recusandae enim qui dolorem commodi est.','Omnis impedit id autem.',NULL,NULL,0,0,'Quis fugit quia voluptas qui est sed voluptatum quisquam.',NULL,'2017-09-29 13:42:52','2017-09-29 13:42:52'),(62,'Model','Nikon','Kameras 19 reprehenderit','39','Magni totam quod ratione nostrum.','Aut corporis voluptatem esse eveniet quia.',NULL,NULL,0,0,'Omnis ratione deleniti in asperiores eaque.',NULL,'2017-09-29 13:42:52','2017-09-29 13:42:52'),(63,'Model','Nikon','Kameras 20 id','40','Et illum quo corporis dolores mollitia.','Illo vero omnis voluptate at eius qui voluptatem quis.',NULL,NULL,0,0,'Ut est dolorem quis.',NULL,'2017-09-29 13:42:52','2017-09-29 13:42:52'),(64,'Model','Nikon','Kameras 21 nam','41','Inventore repellendus illum ducimus voluptas.','Dolor qui occaecati iste voluptatem recusandae voluptatibus corrupti.',NULL,NULL,0,0,'Culpa et porro odio suscipit consequatur.',NULL,'2017-09-29 13:42:52','2017-09-29 13:42:52'),(65,'Model','Nikon','Kameras 22 quod','42','Labore aut aut quo provident occaecati.','Praesentium aut iure dignissimos enim autem quia.',NULL,NULL,0,0,'Dolore et possimus voluptatem sed.',NULL,'2017-09-29 13:42:52','2017-09-29 13:42:52'),(66,'Model','Nikon','Kameras 23 architecto','43','Nulla rerum sit asperiores.','Quae perspiciatis id voluptas quis officiis voluptatem.',NULL,NULL,0,0,'Natus nisi rerum consequatur sit ducimus dolores ut.',NULL,'2017-09-29 13:42:52','2017-09-29 13:42:52'),(67,'Model','Nikon','Kameras 24 atque','44','Dolorem ratione molestiae ipsa eius sed laboriosam dolore.','Minus tempore tenetur et accusamus et rem doloribus et.',NULL,NULL,0,0,'Et modi vel ipsam qui ut sunt autem ut.',NULL,'2017-09-29 13:42:52','2017-09-29 13:42:52'),(68,'Model','Nikon','Kameras 25 dolorum','45','Et doloremque reprehenderit ut quia nisi.','Numquam maiores rerum perspiciatis omnis velit ad.',NULL,NULL,0,0,'Quia et ea ipsum omnis ullam sunt quia vero.',NULL,'2017-09-29 13:42:52','2017-09-29 13:42:52'),(69,'Model','Nikon','Kameras 26 odio','46','Non nihil sed aut tempora error odio.','Quae et qui veniam.',NULL,NULL,0,0,'Cum repellendus odio blanditiis maxime delectus expedita quis eaque.',NULL,'2017-09-29 13:42:52','2017-09-29 13:42:52'),(70,'Model','Nikon','Kameras 27 totam','47','Porro nostrum doloribus et minus nisi et ab.','Laudantium ipsa dolorem et.',NULL,NULL,0,0,'Doloribus distinctio odit nihil quos delectus autem.',NULL,'2017-09-29 13:42:52','2017-09-29 13:42:52'),(71,'Model','Nikon','Kameras 28 soluta','48','Enim totam animi dolorum.','Nisi inventore et eum quam.',NULL,NULL,0,0,'Similique ullam reiciendis porro exercitationem nam voluptate.',NULL,'2017-09-29 13:42:52','2017-09-29 13:42:52'),(72,'Model','Nikon','Kameras 29 totam','49','Quibusdam et facere inventore.','Commodi pariatur quae sit.',NULL,NULL,0,0,'Sed veritatis quis voluptate sunt facilis recusandae delectus atque.',NULL,'2017-09-29 13:42:52','2017-09-29 13:42:52'),(73,'Model','Nikon','Kameras 30 numquam','50','Minus earum reprehenderit iure vero error.','Aliquid dicta aliquam libero ad temporibus.',NULL,NULL,0,0,'Nisi rerum beatae non molestias debitis.',NULL,'2017-09-29 13:42:52','2017-09-29 13:42:52'),(74,'Software','Homenick Inc','Adobe Acrobat','51',NULL,NULL,NULL,NULL,0,0,'test http://test.ch\\r\nwww.foo.ch\\r\njust a text',NULL,'2017-09-29 13:42:52','2017-09-29 13:42:52'),(75,'Software','Mante, Streich and Kshlerin','MS Word','52',NULL,NULL,NULL,NULL,0,0,'test http://test.ch\\r\nwww.foo.ch\\r\njust a text',NULL,'2017-09-29 13:42:52','2017-09-29 13:42:52'),(76,'Software','Koepp, Ledner and Hansen','Ergonomic Concrete Gloves','53',NULL,NULL,NULL,NULL,0,0,NULL,NULL,'2017-09-29 13:42:52','2017-09-29 13:42:52'),(77,'Software','Price LLC','Fantastic Plastic Pants','54',NULL,NULL,NULL,NULL,0,0,NULL,NULL,'2017-09-29 13:42:52','2017-09-29 13:42:52'),(78,'Software','Fahey-VonRueden','Incredible Granite Computer','55',NULL,NULL,NULL,NULL,0,0,NULL,NULL,'2017-09-29 13:42:52','2017-09-29 13:42:52'),(79,'Software','Breitenberg Inc','Ergonomic Granite Shoes','56',NULL,NULL,NULL,NULL,0,0,NULL,NULL,'2017-09-29 13:42:52','2017-09-29 13:42:52'),(80,'Software','Nikolaus, Wiza and Stracke','Intelligent Wooden Shirt','57',NULL,NULL,NULL,NULL,0,0,NULL,NULL,'2017-09-29 13:42:52','2017-09-29 13:42:52'),(81,'Software','Boehm Inc','Incredible Plastic Shoes','58',NULL,NULL,NULL,NULL,0,0,NULL,NULL,'2017-09-29 13:42:52','2017-09-29 13:42:52'),(82,'Software','Beer, Keebler and Abernathy','Small Wooden Shirt','59',NULL,NULL,NULL,NULL,0,0,NULL,NULL,'2017-09-29 13:42:52','2017-09-29 13:42:52'),(83,'Software','Brakus and Sons','Fantastic Rubber Computer','60',NULL,NULL,NULL,NULL,0,0,NULL,NULL,'2017-09-29 13:42:52','2017-09-29 13:42:52'),(84,'Software','Hauck Inc','Fantastic Granite Computer','61',NULL,NULL,NULL,NULL,0,0,NULL,NULL,'2017-09-29 13:42:52','2017-09-29 13:42:52'),(85,'Software','Gerlach, Roob and O\'Reilly','Ergonomic Plastic Hat','62',NULL,NULL,NULL,NULL,0,0,NULL,NULL,'2017-09-29 13:42:52','2017-09-29 13:42:52'),(86,'Software','Rau-Schroeder','Intelligent Concrete Computer','63',NULL,NULL,NULL,NULL,0,0,NULL,NULL,'2017-09-29 13:42:52','2017-09-29 13:42:52'),(87,'Software','Kling and Sons','Small Concrete Chair','64',NULL,NULL,NULL,NULL,0,0,NULL,NULL,'2017-09-29 13:42:52','2017-09-29 13:42:52'),(88,'Software','Connelly LLC','Intelligent Plastic Computer','65',NULL,NULL,NULL,NULL,0,0,NULL,NULL,'2017-09-29 13:42:52','2017-09-29 13:42:52'),(89,'Software','Runte, Torp and Romaguera','Sleek Cotton Car','66',NULL,NULL,NULL,NULL,0,0,NULL,NULL,'2017-09-29 13:42:52','2017-09-29 13:42:52'),(90,'Model','Roob-Frami','Kamera Set','67','Maxime aliquam commodi quia aut sunt atque quam hic.','Molestiae est voluptas labore et nisi.',NULL,NULL,0,1,'Odio rem commodi est voluptatem fugiat.','Ab et quam corrupti inventore quasi sit.','2017-09-29 13:42:52','2017-09-29 13:42:52'),(91,'Model','Rogahn-Kunze','Awesome Granite Table','68','Harum veritatis est asperiores laboriosam.','Ullam praesentium alias vel.',NULL,NULL,0,0,'Inventore cumque est voluptatibus aut voluptas.','Quasi id corrupti voluptatum.','2017-09-29 13:42:52','2017-09-29 13:42:52'),(92,'Model','Bergstrom Inc','Intelligent Plastic Car','69','Perferendis possimus ea tempora maiores voluptatem vitae vero sint.','Ipsum aut aut tempore quia omnis ducimus et.',NULL,NULL,1,0,'Minus voluptatem nulla voluptate.','Corporis voluptatem qui quia minima iste.','2017-09-29 13:42:52','2017-09-29 13:42:52'),(93,'Model','Steuber, D\'Amore and Heller','Small Concrete Gloves','70','Fuga soluta ea dolorum in.','Eum quaerat laborum velit cumque qui tempore.',NULL,NULL,0,0,'Esse ut et fugiat possimus.','Eaque rerum aliquam dolorem debitis at quia.','2017-09-29 13:42:52','2017-09-29 13:42:52'),(94,'Model','Gorczany-Kutch','Practical Steel Hat','71','Tenetur dolore dolores molestiae est omnis tempora harum qui.','Consequatur neque voluptas fugit sunt.',NULL,NULL,3,0,'Quisquam quod cumque provident vero porro similique officiis perspiciatis.','Et porro odit sed.','2017-09-29 13:42:52','2017-09-29 13:42:52'),(95,'Model','Boehm Inc','Ergonomic Granite Gloves','72','Sed dolorem veniam similique iste.','Dolorem aut at deserunt est.',NULL,NULL,3,0,'Assumenda atque sint enim itaque.','Vero ut ullam assumenda alias sit qui eligendi vel.','2017-09-29 13:42:52','2017-09-29 13:42:52'),(96,'Model','Schiller, Hartmann and Harber','Intelligent Concrete Chair','73','At est cumque officia nihil tempore aut.','Exercitationem fugit ipsam corporis quae ex.',NULL,NULL,3,0,'Ut vero perferendis dolorem minima qui.','Accusamus perferendis ea voluptas.','2017-09-29 13:42:52','2017-09-29 13:42:52'),(97,'Model','Gaylord, Flatley and Bednar','Awesome Cotton Chair','74','Placeat mollitia ut quas ut earum rerum.','Esse quis soluta ut dolorum quia.',NULL,NULL,1,0,'Vel sequi earum et enim autem.','Incidunt error consectetur quibusdam in eos.','2017-09-29 13:42:52','2017-09-29 13:42:52'),(98,'Model','Predovic, Ward and Strosin','Rustic Wooden Hat','75','Et sequi ab qui rem eum.','Dolor illum minus rerum voluptas facilis aut et repellat.',NULL,NULL,0,0,'Eaque culpa autem et consectetur.','Totam expedita ea et.','2017-09-29 13:42:52','2017-09-29 13:42:52'),(99,'Model','Parker, Cruickshank and Ruecker','Practical Rubber Hat','76','Doloremque et praesentium impedit et quidem sit.','Et assumenda voluptatum mollitia eos.',NULL,NULL,0,0,'Ad velit error dolor fuga.','Saepe ut aliquid qui provident et sit recusandae ea.','2017-09-29 13:42:52','2017-09-29 13:42:52'),(100,'Model','Wyman, Bergnaum and Torp','Ergonomic Granite Shirt','77','Excepturi similique optio est nemo.','Praesentium rerum ratione sit.',NULL,NULL,1,0,'Quidem quia consequatur impedit fugit.','Debitis molestiae aliquid ut necessitatibus nostrum sit quo.','2017-09-29 13:42:52','2017-09-29 13:42:52'),(101,'Model','Schaden, Ebert and Schmeler','Sleek Wooden Table','78','Deleniti mollitia aliquid ut.','Suscipit cupiditate repellendus accusamus ut earum fugiat.',NULL,NULL,0,0,'Placeat sed est nemo qui libero quisquam fugit.','Sunt voluptatibus est quibusdam velit recusandae cum assumenda hic.','2017-09-29 13:42:52','2017-09-29 13:42:52'),(102,'Model','Bernier and Sons','Small Steel Shirt','79','Sunt quia neque autem nulla consequuntur quisquam.','Est quo omnis et nesciunt sunt repellat.',NULL,NULL,0,0,'Tempore ratione nihil ducimus magnam dolorum impedit sit veniam.','Non maiores dignissimos rem sint reiciendis nihil aut.','2017-09-29 13:42:52','2017-09-29 13:42:52'),(103,'Model','Runolfsdottir-Mitchell','Kamera Set2','80','Perferendis maxime quas dolor voluptatem qui.','Ea consequuntur quisquam labore quia quae magnam aut.',NULL,NULL,2,1,'Vitae fugit aperiam est eos.','Animi fugit voluptas incidunt qui.','2017-09-29 13:42:52','2017-09-29 13:42:52'),(104,'Model','Bernier Group','Gorgeous Granite Hat','81','Est ad quia porro molestias id ex.','Recusandae facilis laborum voluptate nam.',NULL,NULL,1,0,'Ipsam ut consequatur laborum fugit praesentium optio magnam.','Nam ab quia eos non assumenda.','2017-09-29 13:42:52','2017-09-29 13:42:52'),(105,'Model','Blick-Stoltenberg','Practical Granite Pants','82','Voluptas et dolores dicta corporis unde.','Vero qui nostrum illo quod exercitationem sit in quibusdam.',NULL,NULL,2,0,'Officiis tempore non et quos.','Non reiciendis temporibus quisquam saepe eaque commodi.','2017-09-29 13:42:52','2017-09-29 13:42:52'),(106,'Model','Kshlerin-Cronin','Incredible Concrete Shirt','83','Rerum aliquam voluptatibus et.','Illum distinctio sed maxime rem pariatur non.',NULL,NULL,1,0,'Et ipsum et est eius temporibus sit voluptates.','Maiores quam est molestias est.','2017-09-29 13:42:52','2017-09-29 13:42:52'),(107,'Model','Howell, Wisozk and Lindgren','Awesome Wooden Table','84','Ut saepe placeat nihil quo minima.','Consequatur quia cum exercitationem laudantium accusamus ut hic perspiciatis.',NULL,NULL,2,0,'Quam dolores sit quis reiciendis et dolorem est quia.','Officia nesciunt omnis molestias harum illum maxime.','2017-09-29 13:42:52','2017-09-29 13:42:52'),(108,'Model','Towne, Collier and Harris','Intelligent Cotton Car','85','Ducimus perspiciatis placeat impedit quo.','Repellat aut dicta sed praesentium sunt.',NULL,NULL,3,0,'Voluptas consequatur consectetur voluptatem provident delectus autem.','Eaque adipisci velit ipsum voluptas ut repellat soluta.','2017-09-29 13:42:52','2017-09-29 13:42:52'),(109,'Model','Lebsack Group','Sleek Wooden Hat','86','Porro dolorem ratione voluptas veniam minus harum voluptatum.','Quidem et ex dicta est ut minima.',NULL,NULL,2,0,'Atque et esse aut.','Reiciendis ut qui sunt.','2017-09-29 13:42:52','2017-09-29 13:42:52'),(110,'Model','Schultz, Mayert and Strosin','Ergonomic Rubber Shoes','87','Magnam aut earum quaerat eos.','Aut illo accusantium amet nostrum est est doloribus corrupti.',NULL,NULL,0,0,'Autem optio suscipit sed nesciunt at consequatur distinctio dolor.','Ut nisi tenetur quis molestias officia.','2017-09-29 13:42:52','2017-09-29 13:42:52'),(111,'Model','Roberts LLC','Small Granite Chair','88','Odio provident optio assumenda eum impedit.','Est consequatur adipisci ex.',NULL,NULL,0,0,'Velit ipsum non dolor.','Aut aliquid modi et ut.','2017-09-29 13:42:52','2017-09-29 13:42:52'),(112,'Model','Buckridge, Feil and Hackett','Fantastic Concrete Gloves','89','Ut quo beatae rerum distinctio itaque ut optio qui.','Cumque nulla aliquid quisquam rerum.',NULL,NULL,1,0,'Error maiores reprehenderit voluptates.','Consequuntur et expedita et hic quia incidunt.','2017-09-29 13:42:52','2017-09-29 13:42:52'),(113,'Model','Hirthe, Gerlach and Klein','Practical Rubber Computer','94','Labore totam et amet illum non.','Illum aliquid ea et.',NULL,NULL,2,0,'Non adipisci nihil sit eveniet eligendi.','Porro provident quas rerum perspiciatis impedit similique praesentium.','2017-09-29 13:42:52','2017-09-29 13:42:52'),(114,'Model','Hermann and Sons','Incredible Concrete Car','95','Aut omnis eum fugiat nobis odio.','Voluptatibus voluptatem ut quo dolor hic in.',NULL,NULL,2,0,'Est est molestias accusamus expedita repellat et nam deleniti.','Aut saepe tenetur itaque qui recusandae.','2017-09-29 13:42:52','2017-09-29 13:42:52'),(115,'Model','Jacobi, Crist and Franecki','Intelligent Cotton Gloves','96','Ea omnis nobis sed rem doloremque ut omnis.','Aperiam doloremque voluptas iusto id tempora ut.',NULL,NULL,2,0,'Ut inventore tempora hic sed.','Sint excepturi perferendis at aut.','2017-09-29 13:42:52','2017-09-29 13:42:52'),(116,'Model','Blick-Olson','Gorgeous Plastic Shoes','97','Est culpa saepe et tenetur corporis.','Est vitae et laboriosam deserunt necessitatibus.',NULL,NULL,3,0,'Nobis molestiae molestias ut sit explicabo.','Excepturi eos non facere.','2017-09-29 13:42:52','2017-09-29 13:42:52'),(117,'Model','Goldner, Hackett and Macejkovic','Sleek Rubber Shirt','98','Et deserunt quia natus voluptatem excepturi veniam iste et.','Labore aliquid quos enim sunt amet sed.',NULL,NULL,2,0,'Quam voluptatum eius nemo qui quo laboriosam dolor nam.','Consequatur excepturi velit qui nulla eveniet quas expedita nihil.','2017-09-29 13:42:52','2017-09-29 13:42:52'),(118,'Model','Will-Rice','Fantastic Concrete Shoes','99','Rerum est aspernatur voluptates porro nihil consequatur aut perferendis.','Saepe iure quo ut ut et neque.',NULL,NULL,2,0,'Inventore minima qui minus aliquam.','Culpa eligendi ad neque ipsum.','2017-09-29 13:42:52','2017-09-29 13:42:52'),(119,'Model','Satterfield-Marks','Ergonomic Wooden Table','100','Aliquid aspernatur quidem vel unde.','Aut provident iste est dolor at porro doloribus.',NULL,NULL,1,0,'Ipsum accusamus illo voluptatem et cupiditate reiciendis.','Ex ut et voluptatem earum enim.','2017-09-29 13:42:52','2017-09-29 13:42:52'),(120,'Model','Nicolas-Jacobs','Practical Wooden Gloves','101','Dignissimos sunt ut ducimus dolor enim ea eligendi.','In natus dolor laboriosam hic autem quia.',NULL,NULL,3,0,'Incidunt magni recusandae eius.','Ad nihil in modi enim quaerat voluptatem repellat.','2017-09-29 13:42:52','2017-09-29 13:42:52'),(121,'Model','Walsh-Rosenbaum','Incredible Wooden Computer','102','Rerum odit iste illum culpa ipsum magnam est illo.','Voluptate aperiam labore occaecati reprehenderit necessitatibus omnis nemo reiciendis.',NULL,NULL,1,0,'Dignissimos et enim eum ipsam porro voluptatum et.','Quis ea possimus aut earum consequuntur.','2017-09-29 13:42:52','2017-09-29 13:42:52'),(122,'Model','Cole-Schneider','Gorgeous Rubber Gloves','103','Et deleniti consectetur soluta similique suscipit voluptatem veritatis consequatur.','Perferendis dolorem corrupti et eius ut.',NULL,NULL,1,0,'Cum quia magnam et.','Consectetur doloribus mollitia fugit eum.','2017-09-29 13:42:52','2017-09-29 13:42:52'),(123,'Model','Maggio and Sons','Small Concrete Hat','104','Est in cum illo.','Temporibus et vitae maiores rerum quos consectetur.',NULL,NULL,3,0,'Ratione libero ea consequatur qui aut enim.','Modi impedit cupiditate animi ducimus.','2017-09-29 13:42:52','2017-09-29 13:42:52'),(124,'Model','Metz LLC','Small Wooden Pants','105','Blanditiis laborum necessitatibus similique.','Saepe unde ab id est.',NULL,NULL,3,0,'Esse minus rem accusamus vitae sapiente dignissimos vel.','Explicabo soluta qui sint illum et enim labore sit.','2017-09-29 13:42:52','2017-09-29 13:42:52'),(125,'Model','Lebsack Group','Awesome Rubber Computer','106','Iure necessitatibus ea quo.','Quibusdam velit saepe sed voluptas nulla aut.',NULL,NULL,3,0,'Qui quaerat voluptatem nulla aliquid.','Voluptatem laborum aspernatur laudantium et doloribus dolor sed.','2017-09-29 13:42:52','2017-09-29 13:42:52'),(126,'Model','Donnelly and Sons','Gorgeous Cotton Shoes','107','Dolor qui ad nulla cupiditate laborum ut omnis.','Corporis porro officia maiores laudantium.',NULL,NULL,1,0,'Consequuntur veritatis reiciendis delectus.','Explicabo quidem recusandae et sed.','2017-09-29 13:42:52','2017-09-29 13:42:52'),(127,'Model','Bins-Effertz','Sleek Steel Hat','108','Dicta quia facilis earum ad asperiores qui soluta ea.','Laudantium eum est illo soluta ratione qui vero.',NULL,NULL,2,0,'Tenetur perspiciatis facilis animi ut voluptatem voluptatem est adipisci.','Aut rem dignissimos nobis temporibus saepe aperiam.','2017-09-29 13:42:52','2017-09-29 13:42:52'),(128,'Model','Wiegand-Roob','Rustic Concrete Pants','109','Et vitae est voluptas aut rem ut.','Voluptatem voluptate est in ut sint quod.',NULL,NULL,3,0,'Et expedita exercitationem eligendi ducimus ut.','Enim aut sint qui nobis est.','2017-09-29 13:42:52','2017-09-29 13:42:52'),(129,'Model','Ledner Inc','Rustic Concrete Gloves','110','Sint illum itaque ab nihil et enim quam.','Laboriosam temporibus aliquam aut mollitia ad.',NULL,NULL,0,0,'Illum et voluptatem iure.','Quisquam est odio et est autem.','2017-09-24 13:42:52','2017-09-24 13:42:52'),(130,'Model','O\'Keefe Group','Gorgeous Concrete Shoes','111','Eius adipisci quae aut fugiat aliquid.','Aliquam amet nobis necessitatibus.',NULL,NULL,1,0,'Aperiam quod delectus officiis occaecati ad magni et.','Optio sunt explicabo amet nobis.','2017-09-24 13:42:52','2017-09-24 13:42:52'),(131,'Model','Hettinger-Tromp','Fantastic Cotton Table','112','Quia dolorum animi nihil cum optio doloremque.','Neque eos optio maiores numquam dolorem.',NULL,NULL,0,0,'Qui aut et ipsam.','Reprehenderit ex molestiae et ut optio ab cupiditate.','2017-09-24 13:42:52','2017-09-24 13:42:52'),(132,'Model','Pacocha-Frami','Practical Concrete Table','113','Eos asperiores voluptatem beatae ea.','Et perspiciatis placeat qui et illum quam at.',NULL,NULL,0,0,'Ipsa nisi qui sit ut explicabo officiis.','Autem vel error itaque.','2017-09-24 13:42:52','2017-09-24 13:42:52'),(133,'Model','Sawayn, Considine and Kovacek','Practical Cotton Shirt','114','Aut hic omnis facere autem.','Ea odit quod a qui commodi facere voluptatem sed.',NULL,NULL,0,0,'Ullam alias eos atque minima hic sint amet.','Et minima nihil quidem et.','2017-09-29 13:42:52','2017-09-29 13:42:52'),(134,'Model','Goodwin, Hauck and Lynch','Practical Granite Hat','115','Tempora nisi culpa eius possimus est pariatur aliquid impedit.','Expedita doloremque sed reprehenderit nemo dolor ipsa vel.',NULL,NULL,1,0,'Possimus in eos sed at.','Quae voluptatibus dolorem labore omnis ea.','2017-09-29 13:42:52','2017-09-29 13:42:52'),(135,'Model','Schoen, Hermiston and Reinger','Ergonomic Steel Shirt','116','Consectetur rem quaerat at id distinctio veniam.','Eos blanditiis excepturi tenetur officiis ipsam et sed eum.',NULL,NULL,2,0,'Sed consequatur enim in non ea.','Dolor perspiciatis sit placeat.','2017-09-29 13:42:52','2017-09-29 13:42:52'),(136,'Model','O\'Connell, Johnston and Borer','Practical Steel Shirt','117','Fugit iste voluptatem modi.','Quis dolorum odit sit blanditiis numquam explicabo.',NULL,NULL,3,0,'Ut facere et repellat quod a porro voluptatem aliquam.','Ad in accusamus enim reiciendis minus.','2017-09-29 13:42:52','2017-09-29 13:42:52'),(137,'Model','Wunsch and Sons','Incredible Cotton Computer','118','Necessitatibus molestias recusandae molestiae ipsa saepe labore placeat.','Omnis qui autem impedit ea molestias modi aspernatur.',NULL,NULL,2,0,'Et voluptatem explicabo cumque perferendis.','Inventore facere molestiae est ea pariatur.','2017-09-29 13:42:52','2017-09-29 13:42:52'),(138,'Model','Kshlerin Group','Rustic Rubber Gloves','119','Adipisci ut quasi porro at reprehenderit harum incidunt aperiam.','Illo excepturi dolores ab non iste ea nobis in.',NULL,NULL,2,0,'Non in est odio.','Voluptatem dolor cum aut sunt.','2017-09-29 13:42:52','2017-09-29 13:42:52'),(139,'Model','Olson, Kerluke and Parker','Intelligent Rubber Computer','120','Aut aut sed et illo et.','Provident nobis fugit labore deleniti.',NULL,NULL,2,0,'Ea et maxime voluptas temporibus quia porro sit eveniet.','Ut quia et quisquam ipsa qui voluptatem.','2017-09-29 13:42:52','2017-09-29 13:42:52'),(140,'Model','Hahn-Gislason','Incredible Steel Pants','121','Eos totam facilis aut vel numquam quia ipsum.','Doloribus repellendus veritatis exercitationem quia voluptatibus.',NULL,NULL,0,0,'Et quia sit iste.','Corrupti explicabo nobis voluptatem alias qui eveniet dignissimos qui.','2017-09-29 13:42:52','2017-09-29 13:42:52'),(141,'Model','Runte-Hickle','Practical Concrete Shoes','122','Nihil aliquam temporibus repellendus in iste ut officia.','Quia pariatur dolor qui et sit molestiae velit aut.',NULL,NULL,1,0,'Temporibus voluptate enim quis ea omnis et debitis voluptatem.','Dolores placeat consequatur quidem.','2017-09-29 13:42:52','2017-09-29 13:42:52'),(142,'Model','Hoppe Group','Gorgeous Rubber Shirt','123','Est dolorum eos amet est quos iure.','Quod qui quam qui hic.',NULL,NULL,3,0,'Sequi reprehenderit ut quaerat voluptate vel ea aspernatur iste.','Nulla quibusdam et odio.','2017-09-29 13:42:52','2017-09-29 13:42:52'),(143,'Model','Prosacco, Parker and Hand','Incredible Rubber Shoes','124','Et velit illo ducimus et.','Dolores iste magnam iusto quae aliquid amet qui.',NULL,NULL,0,0,'Dignissimos tempore laborum vitae dolores corrupti minus sapiente.','Modi possimus officia quia aspernatur cum.','2017-09-29 13:42:52','2017-09-29 13:42:52'),(144,'Model','Terry and Sons','Small Granite Pants','125','Alias non odit quas non ea omnis et est.','Totam et cumque a nihil sapiente autem voluptatibus eligendi.',NULL,NULL,2,0,'Ut sit sit temporibus et est velit qui voluptates.','Corporis vel facere sint eum nihil optio et.','2017-09-29 13:42:52','2017-09-29 13:42:52'),(145,'Model','Ebert-Johns','Incredible Plastic Pants','126','Quis distinctio iste voluptas eligendi in modi.','Ullam dolorum modi perspiciatis quia ut velit dolor.',NULL,NULL,2,0,'Omnis saepe optio blanditiis.','Aperiam voluptatem non et.','2017-09-29 13:42:52','2017-09-29 13:42:52'),(146,'Model','Von-Volkman','Rustic Concrete Shirt','127','Et iste consequatur fugit at quis libero velit.','Consequuntur vero ea voluptatem quia.',NULL,NULL,0,0,'Nesciunt earum voluptatem eligendi asperiores at magni ducimus.','Ut iure eum est commodi.','2017-09-29 13:42:52','2017-09-29 13:42:52'),(147,'Model','Rogahn, Brown and Moore','Gorgeous Concrete Shirt','128','Praesentium voluptates dicta maiores officia et est facilis doloremque.','Dolor quia aut cupiditate laudantium sequi cumque rerum sint.',NULL,NULL,3,0,'Aut sint voluptate eaque qui dignissimos qui.','Optio numquam eligendi maxime atque omnis.','2017-09-29 13:42:52','2017-09-29 13:42:52'),(148,'Model','Dare-Dibbert','Incredible Plastic Computer','129','Nam et culpa assumenda.','Sunt quidem id neque et.',NULL,NULL,0,0,'Eveniet aut quibusdam et architecto qui fuga enim.','Voluptatem numquam et consequatur.','2017-09-28 13:42:52','2017-09-28 13:42:52'),(149,'Model','Orn, Wolff and Ziemann','Fantastic Granite Pants','130','Qui maxime officiis velit amet.','Labore sint sed ad.',NULL,NULL,2,0,'Repudiandae iusto architecto necessitatibus rerum molestiae et.','Nostrum provident tempora aut.','2017-09-28 13:42:52','2017-09-28 13:42:52'),(150,'Model','Moore-Vandervort','Awesome Plastic Table','131','Doloribus esse sint ipsa ea rerum voluptatum.','Corporis ad autem nisi nostrum adipisci tempora.',NULL,NULL,0,0,'Delectus mollitia quia rerum quia.','Similique dolorem corporis ad quidem itaque eos.','2017-09-28 13:42:52','2017-09-28 13:42:52'),(151,'Model','Rosenbaum Group','Small Wooden Chair','132','Rerum esse omnis aut iure est ut reiciendis facilis.','Facere est rerum architecto quam voluptatem saepe.',NULL,NULL,2,0,'Enim illum recusandae et assumenda quaerat ipsam aspernatur magnam.','Eveniet aut harum eligendi reprehenderit sapiente sit numquam rem.','2017-09-28 13:42:52','2017-09-28 13:42:52'),(152,'Model','Runte Inc','Sleek Plastic Pants','133','Quod reprehenderit occaecati distinctio eaque illo tenetur.','Illum odit dolore dolor excepturi.',NULL,NULL,1,0,'Ea impedit iusto dolorem dolor officiis omnis animi.','Dolorem iste nihil nulla aperiam unde voluptas modi.','2017-09-22 13:42:52','2017-09-22 13:42:52'),(153,'Model','Jacobi-Thompson','Small Steel Shoes','134','Quisquam explicabo iste ea dolore possimus aperiam ducimus.','Neque ut delectus ut recusandae natus.',NULL,NULL,0,0,'Ut sit consectetur veritatis illum delectus ut earum molestias.','Eaque et incidunt asperiores.','2017-09-22 13:42:52','2017-09-22 13:42:52'),(154,'Model','Hyatt-Sporer','Practical Wooden Pants','135','Voluptatem ut laborum enim.','Aperiam distinctio neque modi nulla.',NULL,NULL,2,0,'Eum qui aut praesentium eos cum sit in dolorem.','Nobis exercitationem nihil ex.','2017-09-22 13:42:52','2017-09-22 13:42:52'),(155,'Model','Reichert, Flatley and Huel','Rustic Concrete Chair','136','Ipsa ex culpa maiores quis excepturi.','Pariatur illum quam nam quasi.',NULL,NULL,3,0,'Eius et possimus similique est molestiae nisi iste.','Vel quae sed aut.','2017-09-29 13:42:52','2017-09-29 13:42:52'),(156,'Model','Weissnat Inc','Small Granite Hat','137','Cumque rerum occaecati magni est laboriosam enim consequatur maiores.','In pariatur explicabo ut.',NULL,NULL,3,0,'Enim unde dolor in quam beatae dolorem quia et.','Et voluptatum libero fuga aspernatur neque tempore.','2017-09-29 13:42:52','2017-09-29 13:42:52'),(157,'Model','Sporer, Kirlin and Nienow','Small Cotton Pants','138','Necessitatibus est repudiandae aliquam non odio voluptatum excepturi omnis.','Et totam sed ea sit pariatur.',NULL,NULL,0,0,'Voluptas iure rem et non.','Blanditiis et aut dolorem asperiores odio est veniam.','2017-09-29 13:42:52','2017-09-29 13:42:52'),(158,'Model','McDermott and Sons','Sleek Granite Chair','139','Ut ea adipisci minima id tempore.','Eos voluptatum necessitatibus consequuntur earum minus.',NULL,NULL,3,0,'Repudiandae impedit unde dolor quidem rerum consectetur eius molestiae.','Impedit temporibus ipsa et enim distinctio est.','2017-09-29 13:42:52','2017-09-29 13:42:52'),(159,'Model','Mueller-Casper','Rustic Cotton Computer','140','Aut vel consequuntur deleniti ea.','Quo porro voluptatem corporis exercitationem quis.',NULL,NULL,1,0,'Et occaecati eligendi unde laborum.','Nisi tenetur et incidunt.','2017-09-29 13:42:52','2017-09-29 13:42:52'),(160,'Model','Howell, Frami and Strosin','Fantastic Wooden Shoes','141','Architecto a facilis expedita at quas.','Dolorum sit explicabo temporibus.',NULL,NULL,3,0,'Laborum ab reprehenderit quam libero est consequuntur.','Qui deleniti deserunt nemo.','2017-09-29 13:42:52','2017-09-29 13:42:52'),(161,'Model','Wolf and Sons','Intelligent Steel Pants','142','Aut odio hic sit dolor incidunt velit.','Eius sit maiores perferendis mollitia.',NULL,NULL,2,0,'Accusamus facilis voluptate quos.','Aut quia odio et exercitationem quis officiis neque.','2017-09-29 13:42:52','2017-09-29 13:42:52'),(162,'Model','Kihn-Bashirian','Practical Cotton Computer','143','Aliquid consectetur rerum ipsum labore voluptatem quisquam aut.','Nesciunt cupiditate et qui dolor et.',NULL,NULL,2,0,'Quibusdam et voluptatibus quia non nesciunt voluptates doloribus.','Qui ratione ut et aut voluptatum vero.','2017-09-29 13:42:52','2017-09-29 13:42:52'),(163,'Model','Nader-Lehner','Awesome Plastic Shirt','144','Delectus qui molestiae neque qui.','Mollitia neque ut velit enim at et.',NULL,NULL,0,0,'Officia repudiandae eius corrupti ipsum voluptatum.','Quia modi harum at qui culpa laudantium dolores.','2017-09-29 13:42:52','2017-09-29 13:42:52'),(164,'Model','Haley and Sons','Sleek Cotton Computer','145','Vero beatae mollitia at doloribus maiores tenetur id debitis.','Dolorum voluptatem non quo ratione corrupti.',NULL,NULL,3,0,'Soluta officia ab temporibus cum nulla.','Commodi quis dignissimos in voluptas nulla deserunt.','2017-09-29 13:42:52','2017-09-29 13:42:52'),(165,'Model','Deckow, Mann and Mitchell','Gorgeous Plastic Gloves','146','Harum ex quod excepturi esse non ut nostrum.','Ab velit beatae soluta atque repellendus quod tempora voluptatem.',NULL,NULL,0,0,'Nobis voluptas architecto dignissimos vel est ut alias consectetur.','Ratione provident sunt animi ab qui.','2017-09-29 13:42:52','2017-09-29 13:42:52'),(166,'Model','Becker and Sons','Sleek Granite Table','147','Necessitatibus est numquam illum cum quod fugiat et.','Corporis id quam non earum sunt quaerat velit praesentium.',NULL,NULL,0,0,'Magni laboriosam ullam dolore.','Et voluptates animi eum iusto incidunt dolores.','2017-09-29 13:42:52','2017-09-29 13:42:52'),(167,'Model','Flatley, Legros and Koch','Rustic Plastic Hat','148','Id sit cumque ipsa debitis perferendis.','Est similique dolorem et exercitationem quia iste sunt ab.',NULL,NULL,0,0,'Dolores vero eum quo atque.','Qui et suscipit sint.','2017-09-29 13:42:52','2017-09-29 13:42:52'),(168,'Model','Schamberger-Torphy','Gorgeous Wooden Computer','149','Saepe ut aspernatur perspiciatis officia nulla id quos quo.','Tempore vel quo sed id accusamus.',NULL,NULL,0,0,'Laborum et perferendis autem.','Eos quos culpa ut occaecati earum.','2017-09-29 13:42:52','2017-09-29 13:42:52'),(169,'Model','Johnson and Sons','Practical Concrete Shirt','150','Aliquid quia accusantium beatae nihil.','Sunt sapiente optio vitae enim necessitatibus quasi.',NULL,NULL,1,0,'Perspiciatis molestiae et ipsam.','Aut consequatur itaque assumenda magni inventore in.','2017-09-29 13:42:52','2017-09-29 13:42:52'),(170,'Model','Dooley-Huel','Gorgeous Cotton Shirt','151','Consectetur vel qui consequatur eveniet autem.','Quia aut ut aspernatur aut quidem autem deserunt.',NULL,NULL,2,0,'Et et adipisci excepturi ut rerum sint neque.','Et et impedit ea laborum consequuntur nisi.','2017-09-29 13:42:52','2017-09-29 13:42:52'),(171,'Model','Dickinson-Rohan','Intelligent Plastic Shirt','152','Non ut quos similique consectetur esse deserunt hic recusandae.','Non aut dolorem autem dolorem ipsam illum.',NULL,NULL,1,0,'Ea voluptas ea repellendus est quo incidunt libero dolor.','Est ut voluptatem distinctio explicabo labore eos provident et.','2017-09-29 13:42:52','2017-09-29 13:42:52'),(172,'Model','Schiller-Jacobs','Gorgeous Cotton Chair','153','Sed et dolorum non laboriosam voluptates.','Qui molestiae harum impedit animi.',NULL,NULL,1,0,'Placeat sunt eos ipsum quaerat quis.','Error voluptas sequi eum.','2017-09-29 13:42:52','2017-09-29 13:42:52'),(173,'Model','Wuckert, Rippin and Grant','Rustic Granite Table','154','Cupiditate nulla repellat expedita accusantium laudantium sint.','Natus et dolorum rem vitae.',NULL,NULL,0,0,'Id omnis itaque sed optio ut esse voluptatem.','Voluptas commodi doloribus quam quas dolorum exercitationem fugit numquam.','2017-09-29 13:42:52','2017-09-29 13:42:52'),(174,'Model','Carroll Group','Ergonomic Plastic Gloves','155','Atque a et animi consequatur quidem modi.','Quod ullam et est.',NULL,NULL,0,0,'Expedita quam quis quidem autem consectetur sit.','Velit voluptatibus qui ea deserunt.','2017-09-29 13:42:52','2017-09-29 13:42:52'),(175,'Model','Ernser-Conroy','Sleek Plastic Shirt','156','Veritatis et praesentium consequuntur.','Beatae voluptatem laboriosam voluptatem assumenda id.',NULL,NULL,2,0,'Vel officiis quis cupiditate dolorem illum rerum.','Ut et explicabo facilis et culpa enim fugit.','2017-09-29 13:42:52','2017-09-29 13:42:52'),(176,'Model','O\'Reilly, Hirthe and Osinski','Ergonomic Plastic Shirt','157','Voluptatem et et cum provident magni natus.','Est laboriosam laudantium veniam ratione.',NULL,NULL,3,0,'Commodi tempora aliquid voluptatum reiciendis sit labore iure.','Enim est odio consequatur voluptas et dolorem voluptate.','2017-09-29 13:42:52','2017-09-29 13:42:52'),(177,'Model','Huels, Spencer and Adams','Awesome Cotton Hat','158','Animi enim in perspiciatis et dolores.','Ipsa tempore non et quo eligendi vitae.',NULL,NULL,3,0,'Minus dolores magnam vel maxime a enim ipsum.','Velit voluptatem velit earum quibusdam incidunt alias.','2017-09-29 13:42:52','2017-09-29 13:42:52'),(178,'Model','Hilpert-Stracke','Practical Granite Table','159','Dicta ea et eaque vitae.','Nihil expedita porro iusto.',NULL,NULL,1,0,'Corporis minus earum voluptatum voluptas sint.','Quia porro itaque veritatis illo eos ea.','2017-09-29 13:42:52','2017-09-29 13:42:52'),(179,'Model','Schiller and Sons','Practical Cotton Shoes','160','Dolor ab amet aut iusto.','Perspiciatis consequatur soluta magni non blanditiis.',NULL,NULL,2,0,'Quisquam omnis in harum unde qui.','Hic molestias optio voluptatem.','2017-09-29 13:42:52','2017-09-29 13:42:52'),(180,'Model','Considine-Schowalter','Practical Steel Table','161','Qui in consequuntur et.','Fugiat deleniti eos nihil enim minus pariatur ut mollitia.',NULL,NULL,2,0,'Reprehenderit voluptate et tempore saepe est cum.','Tempora laudantium cupiditate explicabo officiis vel consequatur sed esse.','2017-09-29 13:42:52','2017-09-29 13:42:52'),(181,'Model','Beer-Kuphal','Rustic Granite Gloves','162','Labore quam dolorem praesentium rem.','Reiciendis voluptas ut iure pariatur ratione quibusdam.',NULL,NULL,1,0,'Nemo optio qui eos.','Et quibusdam illo laboriosam id nihil enim perferendis adipisci.','2017-09-29 13:42:52','2017-09-29 13:42:52'),(182,'Model','Auer and Sons','Ergonomic Wooden Chair','163','Cum voluptas in ducimus odio voluptatem.','Voluptatibus dolores id perferendis voluptatum sed est aperiam.',NULL,NULL,0,0,'Voluptatum quam eos esse soluta.','Repellat ut reprehenderit et et ut quia rem.','2017-09-29 13:42:52','2017-09-29 13:42:52'),(183,'Model','Stracke-Schaden','Practical Rubber Shoes','164','Ea reiciendis cumque recusandae tenetur odio asperiores earum.','Asperiores tempore et voluptatum autem.',NULL,NULL,1,0,'Et eos ad repudiandae sed culpa cupiditate.','Libero ex sed ab provident sit praesentium a aut.','2017-09-29 13:42:52','2017-09-29 13:42:52'),(184,'Model','Greenholt LLC','Fantastic Wooden Car','165','Accusamus ut aliquid sequi.','Repellat nisi officia aut ad.',NULL,NULL,3,0,'Exercitationem voluptate non natus.','Dolor et aliquam doloribus sint consectetur sunt et.','2017-09-29 13:42:52','2017-09-29 13:42:52'),(185,'Model','Rodriguez, Pacocha and Thiel','Small Granite Table','166','Eum laboriosam molestiae iure dolores qui.','Deleniti neque iure earum voluptas reprehenderit ea.',NULL,NULL,2,0,'Quo dolores quo illo.','Et ut iure sed repudiandae omnis odit optio.','2017-09-29 13:42:52','2017-09-29 13:42:52'),(186,'Model','Schaefer LLC','Sleek Cotton Hat','167','Nulla est sunt voluptas vel.','Eum laudantium quam aut sint et quidem repudiandae cum.',NULL,NULL,2,0,'Rerum amet rerum facilis.','Est qui et aperiam et.','2017-09-29 13:42:52','2017-09-29 13:42:52'),(187,'Model','Will, Pollich and Davis','Ergonomic Plastic Car','168','Necessitatibus consequatur aut ipsa in.','Sit quam voluptate voluptas.',NULL,NULL,0,0,'Perspiciatis reprehenderit quibusdam beatae iste inventore molestiae sunt optio.','Sit repudiandae vitae velit aut soluta dolores qui repellat.','2017-09-29 13:42:52','2017-09-29 13:42:52'),(188,'Model','Toy Group','Small Cotton Shoes','169','Ut voluptas velit deserunt dolores praesentium animi vitae.','Nisi quia eos aliquam quis sed maiores alias.',NULL,NULL,3,0,'Vel temporibus quibusdam omnis ratione ullam delectus.','Consequuntur nemo unde dolore recusandae sit nulla modi harum.','2017-09-29 13:42:52','2017-09-29 13:42:52'),(189,'Model','Mante and Sons','Rustic Rubber Computer','170','Laudantium voluptatem adipisci non ratione et.','Illo voluptatem explicabo illum eos sapiente fuga odio.',NULL,NULL,2,0,'Blanditiis accusamus distinctio dolorem ullam eius dolor suscipit.','Eligendi natus inventore blanditiis odio iusto mollitia facilis quia.','2017-09-29 13:42:52','2017-09-29 13:42:52'),(190,'Model','Hickle-Cruickshank','Sleek Cotton Gloves','171','Autem sunt asperiores autem deleniti voluptate enim non rerum.','Atque facilis et odit autem.',NULL,NULL,1,0,'Eum sapiente est aut consequatur aut.','Quasi ipsa non magnam exercitationem ad et consequatur autem.','2017-09-29 13:42:52','2017-09-29 13:42:52'),(191,'Model','Gleason-Berge','Rustic Rubber Shoes','172','Numquam vel ipsum est eum earum eius pariatur consequatur.','Eveniet repudiandae numquam ut nobis quia.',NULL,NULL,3,0,'Voluptatem qui nostrum quia similique quibusdam.','Architecto debitis laudantium aut.','2017-09-29 13:42:52','2017-09-29 13:42:52'),(192,'Model','Kemmer, Eichmann and Rempel','Sleek Plastic Car','173','Ea possimus modi nihil repellendus.','Ratione voluptatum et rerum nihil animi ut quod.',NULL,NULL,3,0,'Et deserunt facilis aliquam voluptas sed ut.','Sit voluptate dolorem ea dolor.','2017-09-29 13:42:52','2017-09-29 13:42:52'),(193,'Model','Batz and Sons','Sleek Steel Gloves','174','Et sit consequatur quae at sint corrupti aut quia.','Neque soluta reprehenderit tempora debitis et quam vel natus.',NULL,NULL,2,0,'Ducimus veniam nisi nihil sit.','Dolor laudantium et quidem veniam labore.','2017-09-29 13:42:52','2017-09-29 13:42:52'),(194,'Model','Jacobson-Walter','Practical Rubber Table','175','Dolores dolor quaerat dicta autem nemo placeat.','Tempora perspiciatis harum atque.',NULL,NULL,0,0,'Omnis veritatis sequi omnis et dolorum.','Excepturi repudiandae ea esse est aut ab.','2017-09-29 13:42:52','2017-09-29 13:42:52'),(195,'Model','Hagenes-Walter','Small Wooden Table','176','Voluptatum aut error non qui magnam.','Omnis distinctio earum enim voluptatum.',NULL,NULL,3,0,'Eveniet nesciunt sed molestiae.','Qui voluptas id accusantium nihil eius qui.','2017-09-29 13:42:52','2017-09-29 13:42:52'),(196,'Model','Smith, Kris and Leffler','Fantastic Steel Car','177','Voluptatem qui quaerat adipisci corrupti.','Accusantium voluptas quisquam aperiam quo nisi ut.',NULL,NULL,0,0,'Optio voluptas accusamus enim molestias nostrum corporis consequatur.','Qui dolore ut culpa ut nostrum.','2017-09-29 13:42:52','2017-09-29 13:42:52'),(197,'Model','Hills LLC','Small Rubber Table','178','Nesciunt eos autem et quia.','Quae sunt doloribus mollitia esse.',NULL,NULL,3,0,'Quis consequatur sed aut enim et vel quaerat magnam.','Dicta rerum eum ab magnam et qui.','2017-09-25 13:42:52','2017-09-25 13:42:52'),(198,'Model','Watsica-Kassulke','Rustic Plastic Shoes','179','Quis ut sed ut qui.','Quia qui sed quos animi unde modi iure aspernatur.',NULL,NULL,3,0,'Reiciendis sunt voluptatem praesentium et voluptas inventore voluptatem.','Dolor omnis odit sint.','2017-09-25 13:42:52','2017-09-25 13:42:52'),(199,'Model','Windler-Johns','Fantastic Rubber Hat','180','Qui nisi quas a.','Et amet modi aut vel quasi aut sunt dolor.',NULL,NULL,3,0,'Eaque saepe veniam distinctio voluptate.','Error provident repudiandae aperiam.','2017-09-25 13:42:52','2017-09-25 13:42:52'),(200,'Model','Rolfson, Sanford and Sporer','Ergonomic Cotton Hat','181','Eaque sint in rerum dolores est.','Sunt ipsum veniam fuga nihil aperiam vel.',NULL,NULL,2,0,'Consequatur distinctio perspiciatis ut harum.','Ullam deleniti aliquid eos excepturi esse cum est.','2017-09-29 13:42:52','2017-09-29 13:42:52'),(201,'Software','Von, Dickinson and Heaney','Fantastic Rubber Shirt','183',NULL,NULL,NULL,NULL,0,0,NULL,NULL,'2017-09-29 13:42:52','2017-09-29 13:42:52'),(202,'Model','Wehner-Windler','Intelligent Wooden Shoes','184','Quibusdam praesentium id laudantium magni sit ut velit ut.','Delectus laudantium nihil aut quo quas possimus voluptates vel.',NULL,NULL,2,0,'Voluptate et et eos.','Eligendi corrupti molestiae dolorum iure.','2017-09-24 13:42:52','2017-09-24 13:42:52'),(203,'Model','Daugherty Inc','Fantastic Granite Shoes','186','Voluptatem dolores saepe omnis cupiditate et.','Eius porro tempore voluptatibus autem molestiae maxime est officia.',NULL,NULL,2,0,'Exercitationem vel est ea labore expedita.','Reprehenderit aut libero ratione perferendis dignissimos impedit non blanditiis.','2017-09-29 13:42:52','2017-09-29 13:42:52'),(204,'Software','Wolf and Sons','Small Concrete Shirt','187',NULL,NULL,NULL,NULL,0,0,NULL,NULL,'2017-09-29 13:42:52','2017-09-29 13:42:52'),(205,'Model','Kertzmann-Wyman','Awesome Wooden Car','188','Tempore nam labore voluptas nihil inventore aspernatur et.','Modi distinctio qui aut rerum.',NULL,NULL,0,0,'Tempore ut et ut ut.','Doloribus nobis esse consequatur facilis autem debitis.','2017-09-29 13:42:52','2017-09-29 13:42:52'),(206,'Model','Hyatt Inc','Practical Cotton Gloves','190','Corrupti vel assumenda aut amet iure provident voluptates animi.','Eaque sit eveniet voluptatem illo dicta.',NULL,NULL,0,0,'Quae dicta aut porro ducimus nulla ut.','Pariatur laboriosam veniam at voluptates.','2017-09-29 13:42:52','2017-09-29 13:42:52'),(207,'Model','Crist LLC','Small Rubber Computer','191','Quidem non qui vitae exercitationem voluptas nesciunt perspiciatis quia.','Recusandae consequatur eum eum.',NULL,NULL,0,0,'Quam veniam consequatur iste.','Laudantium sapiente consequatur rem perferendis qui aut.','2017-09-29 13:42:52','2017-09-29 13:42:52'),(208,'Model','Blanda Inc','Sleek Steel Pants','192','Corporis qui rem architecto quas enim culpa maiores possimus.','Id aut incidunt rerum architecto expedita alias accusantium.',NULL,NULL,0,0,'Et corrupti dolorem voluptas nihil quod quas atque.','Commodi fugit voluptas beatae.','2017-09-29 13:42:52','2017-09-29 13:42:52'),(209,'Model','Walter-Konopelski','Sleek Granite Pants','193','Consequatur ut et necessitatibus dolor ea facilis corporis est.','Est consequatur dolorem et itaque rerum quaerat.',NULL,NULL,3,0,'Exercitationem quod consectetur quis quisquam consequatur ipsam nihil.','Magni nobis rerum aut voluptatibus et sequi recusandae fugiat.','2017-09-29 13:42:52','2017-09-29 13:42:52'),(210,'Model','Bernier-Schamberger','Awesome Steel Pants','194','Accusamus sapiente repellat non.','Nihil delectus alias beatae nam molestiae dolorum qui esse.',NULL,NULL,3,0,'Qui et sint vel id assumenda.','Incidunt neque id unde voluptas pariatur.','2017-09-29 13:42:52','2017-09-29 13:42:52'),(211,'Model','Reichel, Turcotte and West','Small Rubber Hat','195','Doloribus rerum maiores ratione omnis exercitationem totam ea esse.','Est quia expedita enim fugit omnis.',NULL,NULL,1,0,'Neque libero non beatae ea.','Excepturi iste aut omnis quae aspernatur optio accusamus.','2017-09-29 13:42:52','2017-09-29 13:42:52'),(212,'Model','D\'Amore-Rogahn','Small Cotton Computer','196','Omnis minima magni odio doloremque.','Impedit ratione harum perferendis excepturi maxime magnam sit.',NULL,NULL,1,0,'Cumque vero error inventore aut nisi laudantium.','Praesentium voluptas omnis officiis.','2017-09-29 13:42:52','2017-09-29 13:42:52'),(213,'Model','Marks and Sons','Ergonomic Steel Pants','197','Sed dolor distinctio deserunt voluptates accusamus.','Quis et eligendi animi eaque quidem quasi.',NULL,NULL,1,0,'Sit doloremque nulla vel libero non voluptas dolorum.','Voluptas aut occaecati alias neque.','2017-09-29 13:42:52','2017-09-29 13:42:52'),(214,'Model','Buckridge, Leffler and Tromp','Fantastic Cotton Car','198','Quaerat laudantium sed aut.','Quia harum repellendus eveniet ut maxime aut aut.',NULL,NULL,2,0,'Autem illo quia at aut voluptatem rerum et.','Dolor sit et id omnis.','2017-09-29 13:42:52','2017-09-29 13:42:52'),(215,'Model','Kessler, Lebsack and Cassin','Small Steel Pants','199','Quo ut eligendi aut voluptate hic ad corrupti neque.','Qui ducimus iure consequatur qui.',NULL,NULL,1,0,'Modi labore voluptas illo reprehenderit.','Corrupti debitis aliquid architecto tempore modi tempora quia voluptatem.','2017-09-29 13:42:52','2017-09-29 13:42:52'),(216,'Model','Green-Swaniawski','Intelligent Concrete Gloves','200','Placeat sit aut vel aut deserunt voluptate asperiores eius.','Fugit veniam ipsum consequatur.',NULL,NULL,2,0,'Corporis nisi eligendi labore ab.','Aperiam qui eveniet non et provident culpa incidunt dicta.','2017-09-29 13:42:52','2017-09-29 13:42:52'),(217,'Model','Lueilwitz, Stanton and Will','Ergonomic Rubber Pants','201','Voluptas et velit sit officia ipsa mollitia ipsam.','Quod porro nisi eveniet mollitia.',NULL,NULL,2,0,'Asperiores nesciunt non id deleniti pariatur.','Repellendus ipsam fugit totam officiis laudantium.','2017-09-29 13:42:52','2017-09-29 13:42:52'),(218,'Model','King-Smith','Gorgeous Steel Hat','202','Dolore maxime fugiat sequi adipisci qui.','A sapiente rem officia consequatur ex.',NULL,NULL,0,0,'Recusandae minima non hic ex et.','Cum totam inventore officiis.','2017-09-29 13:42:52','2017-09-29 13:42:52'),(219,'Model','Macejkovic and Sons','Ergonomic Plastic Chair','203','Corrupti suscipit cum expedita voluptatum porro.','Excepturi nihil neque tempore qui a.',NULL,NULL,2,0,'Nulla molestiae recusandae sunt quos perspiciatis quasi ut.','Quis sit omnis molestias distinctio asperiores.','2017-09-29 13:42:52','2017-09-29 13:42:52'),(220,'Model','Collier, Hayes and Adams','Ergonomic Wooden Gloves','204','In vel aspernatur vitae.','Odio quidem rerum reprehenderit.',NULL,NULL,3,0,'Ut quis nesciunt ad dolorum atque ut illo.','Enim cum eos sed voluptates consequatur quo voluptatum voluptatem.','2017-09-29 13:42:52','2017-09-29 13:42:52'),(221,'Model','Hackett Group','Intelligent Cotton Hat','205','Corrupti rerum eligendi autem velit ut.','Corrupti animi id ipsa.',NULL,NULL,0,0,'Sit ipsa tempore asperiores.','Fugit minus repudiandae reprehenderit vel officiis qui asperiores et.','2017-09-29 13:42:52','2017-09-29 13:42:52'),(222,'Model','Goldner LLC','Rustic Cotton Hat','206','Nihil id velit ut rerum sunt.','Qui hic dolorem accusamus qui reiciendis dolorum assumenda iure.',NULL,NULL,0,0,'Tenetur libero natus recusandae non ut in voluptatem.','Nemo amet sint pariatur.','2017-09-29 13:42:52','2017-09-29 13:42:52'),(223,'Model','Conn Group','Incredible Cotton Hat','207','Vel necessitatibus quia repudiandae.','Aspernatur ut corrupti aut itaque.',NULL,NULL,2,0,'Sint sed consequatur neque soluta accusamus voluptas nam culpa.','Culpa assumenda est voluptates sapiente dolorem.','2017-09-29 13:42:52','2017-09-29 13:42:52'),(224,'Model','Hahn-Heller','Sleek Granite Computer','208','Fugit ab eum voluptatem iusto placeat dolor fuga doloribus.','Maiores est perspiciatis animi omnis quasi rerum.',NULL,NULL,0,0,'Minima quia rem voluptatum totam doloremque vero eum corporis.','Doloremque quibusdam et voluptatem qui distinctio ratione.','2017-09-29 13:42:52','2017-09-29 13:42:52'),(225,'Model','Moore, Weber and McDermott','Ergonomic Steel Table','209','Voluptatum vitae optio corrupti enim.','Atque ratione ipsum in vel et aperiam nobis tempora.',NULL,NULL,2,0,'Nihil non itaque in nostrum tempore doloribus saepe quis.','Quae magnam aspernatur et autem possimus minima non culpa.','2017-09-24 13:42:52','2017-09-24 13:42:52'),(226,'Model','White and Sons','Incredible Wooden Shoes','210','Laborum cum reprehenderit sit omnis sapiente expedita.','Suscipit qui non maxime cupiditate.',NULL,NULL,0,0,'Animi voluptatem laborum distinctio molestiae quidem.','Veritatis alias molestiae molestiae.','2017-09-24 13:42:52','2017-09-24 13:42:52'),(227,'Model','Pfannerstill, Keeling and Hills','Sleek Concrete Computer','211','Beatae dolor est quae itaque.','Magnam fugit quia aliquid alias eaque.',NULL,NULL,3,0,'Sunt similique magnam maxime labore veritatis ea incidunt.','Eaque vel natus accusamus non consectetur ex dolores.','2017-09-24 13:42:52','2017-09-24 13:42:52'),(228,'Model','Barrows-Schaefer','Awesome Wooden Gloves','212','Reiciendis recusandae dolores ut mollitia ipsum.','Ut repellat ex maiores voluptas aut ut.',NULL,NULL,0,0,'Consequatur omnis non est totam officiis saepe itaque.','Voluptas sit sunt est laudantium illo vero nihil.','2017-09-24 13:42:52','2017-09-24 13:42:52'),(229,'Model','Haley Inc','Awesome Steel Chair','213','Omnis odio deleniti veniam voluptatem neque iste quasi fuga.','Totam quasi qui vero porro.',NULL,NULL,2,0,'Consequatur tempore aut deleniti ducimus itaque suscipit est.','Facere magni id nisi praesentium.','2017-09-24 13:42:52','2017-09-24 13:42:52'),(230,'Model','Hayes, Stiedemann and Turcotte','Intelligent Wooden Pants','214','Est laboriosam vel qui accusantium quasi facilis eius.','Voluptatibus nemo maiores omnis voluptatem non qui voluptatem cum.',NULL,NULL,0,0,'Ratione unde omnis laudantium voluptates voluptas cum doloribus.','Sunt neque libero atque maiores in laudantium commodi.','2017-09-22 13:42:52','2017-09-22 13:42:52'),(231,'Model','Reichert, Daniel and Hahn','Fantastic Cotton Shoes','215','Fugiat doloremque corrupti eius qui aliquam voluptas consequuntur.','Facere dolores ad sint ratione recusandae.',NULL,NULL,2,0,'Non fugit et numquam rerum quo.','Ut hic ut velit corporis aperiam ratione dolor et.','2017-09-22 13:42:52','2017-09-22 13:42:52'),(232,'Model','Sporer, Ondricka and Ruecker','Small Steel Gloves','216','Sunt voluptates asperiores sint.','In rem voluptatibus dignissimos similique ad dicta.',NULL,NULL,2,0,'Blanditiis omnis aut repudiandae.','Consequatur aut necessitatibus vitae tempora non consequatur facilis voluptatum.','2017-09-22 13:42:52','2017-09-22 13:42:52'),(233,'Model','Kunze-Langosh','Rustic Wooden Pants','217','Rerum sunt illum consectetur voluptatem aut.','Modi culpa natus officia nostrum et.',NULL,NULL,2,0,'Quo qui est expedita nostrum.','In quisquam eum perspiciatis blanditiis mollitia omnis.','2017-09-22 13:42:52','2017-09-22 13:42:52');
/*!40000 ALTER TABLE `models` ENABLE KEYS */;
UNLOCK TABLES;

--
-- Table structure for table `models_compatibles`
--

DROP TABLE IF EXISTS `models_compatibles`;
/*!40101 SET @saved_cs_client     = @@character_set_client */;
/*!40101 SET character_set_client = utf8 */;
CREATE TABLE `models_compatibles` (
  `model_id` int(11) DEFAULT NULL,
  `compatible_id` int(11) DEFAULT NULL,
  KEY `index_models_compatibles_on_compatible_id` (`compatible_id`),
  KEY `index_models_compatibles_on_model_id` (`model_id`),
  CONSTRAINT `models_compatibles_compatible_id_fk` FOREIGN KEY (`compatible_id`) REFERENCES `models` (`id`),
  CONSTRAINT `models_compatibles_model_id_fk` FOREIGN KEY (`model_id`) REFERENCES `models` (`id`)
) ENGINE=InnoDB DEFAULT CHARSET=utf8 COLLATE=utf8_unicode_ci;
/*!40101 SET character_set_client = @saved_cs_client */;

--
-- Dumping data for table `models_compatibles`
--

LOCK TABLES `models_compatibles` WRITE;
/*!40000 ALTER TABLE `models_compatibles` DISABLE KEYS */;
INSERT INTO `models_compatibles` VALUES (15,14),(16,14),(17,14);
/*!40000 ALTER TABLE `models_compatibles` ENABLE KEYS */;
UNLOCK TABLES;

--
-- Table structure for table `notifications`
--

DROP TABLE IF EXISTS `notifications`;
/*!40101 SET @saved_cs_client     = @@character_set_client */;
/*!40101 SET character_set_client = utf8 */;
CREATE TABLE `notifications` (
  `id` int(11) NOT NULL AUTO_INCREMENT,
  `user_id` int(11) DEFAULT NULL,
  `title` varchar(255) COLLATE utf8_unicode_ci DEFAULT '',
  `created_at` datetime NOT NULL,
  PRIMARY KEY (`id`),
  KEY `index_notifications_on_user_id` (`user_id`),
  CONSTRAINT `notifications_user_id_fk` FOREIGN KEY (`user_id`) REFERENCES `users` (`id`) ON DELETE CASCADE
) ENGINE=InnoDB DEFAULT CHARSET=utf8 COLLATE=utf8_unicode_ci;
/*!40101 SET character_set_client = @saved_cs_client */;

--
-- Dumping data for table `notifications`
--

LOCK TABLES `notifications` WRITE;
/*!40000 ALTER TABLE `notifications` DISABLE KEYS */;
/*!40000 ALTER TABLE `notifications` ENABLE KEYS */;
UNLOCK TABLES;

--
-- Table structure for table `numerators`
--

DROP TABLE IF EXISTS `numerators`;
/*!40101 SET @saved_cs_client     = @@character_set_client */;
/*!40101 SET character_set_client = utf8 */;
CREATE TABLE `numerators` (
  `id` int(11) NOT NULL AUTO_INCREMENT,
  `item` int(11) DEFAULT NULL,
  PRIMARY KEY (`id`)
) ENGINE=InnoDB DEFAULT CHARSET=utf8 COLLATE=utf8_unicode_ci;
/*!40101 SET character_set_client = @saved_cs_client */;

--
-- Dumping data for table `numerators`
--

LOCK TABLES `numerators` WRITE;
/*!40000 ALTER TABLE `numerators` DISABLE KEYS */;
/*!40000 ALTER TABLE `numerators` ENABLE KEYS */;
UNLOCK TABLES;

--
-- Table structure for table `options`
--

DROP TABLE IF EXISTS `options`;
/*!40101 SET @saved_cs_client     = @@character_set_client */;
/*!40101 SET character_set_client = utf8 */;
CREATE TABLE `options` (
  `id` int(11) NOT NULL AUTO_INCREMENT,
  `inventory_pool_id` int(11) DEFAULT NULL,
  `inventory_code` varchar(255) COLLATE utf8_unicode_ci DEFAULT NULL,
  `manufacturer` varchar(255) COLLATE utf8_unicode_ci DEFAULT NULL,
  `product` varchar(255) COLLATE utf8_unicode_ci NOT NULL,
  `version` varchar(255) COLLATE utf8_unicode_ci DEFAULT NULL,
  `price` decimal(8,2) DEFAULT NULL,
  PRIMARY KEY (`id`),
  KEY `index_options_on_inventory_pool_id` (`inventory_pool_id`),
  CONSTRAINT `options_inventory_pool_id_fk` FOREIGN KEY (`inventory_pool_id`) REFERENCES `inventory_pools` (`id`)
) ENGINE=InnoDB AUTO_INCREMENT=8 DEFAULT CHARSET=utf8 COLLATE=utf8_unicode_ci;
/*!40101 SET character_set_client = @saved_cs_client */;

--
-- Dumping data for table `options`
--

LOCK TABLES `options` WRITE;
/*!40000 ALTER TABLE `options` DISABLE KEYS */;
INSERT INTO `options` VALUES (1,1,'akku-aa',NULL,'Akku AA','90','1328.00'),(2,1,'akku-aaa',NULL,'Akku AAA','91','73.00'),(3,1,'usb',NULL,'USB Kabel','92','320.00'),(4,1,'sandsack123',NULL,'Sandsack','93','1295.00'),(5,1,'eta10930',NULL,'Gorgeous Concrete Pants','182','11.00'),(6,2,'omn2499',NULL,'Fantastic Rubber Shoes','185','609.00'),(7,1,'qui4321',NULL,'Rustic Cotton Pants','189','1128.00');
/*!40000 ALTER TABLE `options` ENABLE KEYS */;
UNLOCK TABLES;

--
-- Table structure for table `partitions`
--

DROP TABLE IF EXISTS `partitions`;
/*!40101 SET @saved_cs_client     = @@character_set_client */;
/*!40101 SET character_set_client = utf8 */;
CREATE TABLE `partitions` (
  `id` int(11) NOT NULL AUTO_INCREMENT,
  `model_id` int(11) DEFAULT NULL,
  `inventory_pool_id` int(11) DEFAULT NULL,
  `group_id` int(11) DEFAULT NULL,
  `quantity` int(11) DEFAULT NULL,
  PRIMARY KEY (`id`),
  UNIQUE KEY `index_partitions_on_model_id_and_inventory_pool_id_and_group_id` (`model_id`,`inventory_pool_id`,`group_id`),
  KEY `partitions_group_id_fk` (`group_id`),
  KEY `partitions_inventory_pool_id_fk` (`inventory_pool_id`),
  CONSTRAINT `partitions_model_id_fk` FOREIGN KEY (`model_id`) REFERENCES `models` (`id`) ON DELETE CASCADE,
  CONSTRAINT `partitions_group_id_fk` FOREIGN KEY (`group_id`) REFERENCES `groups` (`id`),
  CONSTRAINT `partitions_inventory_pool_id_fk` FOREIGN KEY (`inventory_pool_id`) REFERENCES `inventory_pools` (`id`)
) ENGINE=InnoDB AUTO_INCREMENT=11 DEFAULT CHARSET=utf8 COLLATE=utf8_unicode_ci;
/*!40101 SET character_set_client = @saved_cs_client */;

--
-- Dumping data for table `partitions`
--

LOCK TABLES `partitions` WRITE;
/*!40000 ALTER TABLE `partitions` DISABLE KEYS */;
INSERT INTO `partitions` VALUES (1,10,1,4,1),(2,8,1,1,1),(3,8,1,2,1),(4,15,1,1,1),(5,16,1,5,1),(6,17,1,6,1),(7,19,1,7,1),(8,21,1,7,1),(9,20,1,8,1),(10,22,1,10,1);
/*!40000 ALTER TABLE `partitions` ENABLE KEYS */;
UNLOCK TABLES;

--
-- Temporary table structure for view `partitions_with_generals`
--

DROP TABLE IF EXISTS `partitions_with_generals`;
/*!50001 DROP VIEW IF EXISTS `partitions_with_generals`*/;
SET @saved_cs_client     = @@character_set_client;
SET character_set_client = utf8;
/*!50001 CREATE TABLE `partitions_with_generals` (
  `model_id` int(11),
  `inventory_pool_id` int(11),
  `group_id` int(11),
  `quantity` decimal(33,0)
) ENGINE=MyISAM */;
SET character_set_client = @saved_cs_client;

--
-- Table structure for table `properties`
--

DROP TABLE IF EXISTS `properties`;
/*!40101 SET @saved_cs_client     = @@character_set_client */;
/*!40101 SET character_set_client = utf8 */;
CREATE TABLE `properties` (
  `id` int(11) NOT NULL AUTO_INCREMENT,
  `model_id` int(11) DEFAULT NULL,
  `key` varchar(255) COLLATE utf8_unicode_ci DEFAULT NULL,
  `value` varchar(255) COLLATE utf8_unicode_ci DEFAULT NULL,
  PRIMARY KEY (`id`),
  KEY `index_properties_on_model_id` (`model_id`),
  CONSTRAINT `properties_model_id_fk` FOREIGN KEY (`model_id`) REFERENCES `models` (`id`) ON DELETE CASCADE
) ENGINE=InnoDB AUTO_INCREMENT=13 DEFAULT CHARSET=utf8 COLLATE=utf8_unicode_ci;
/*!40101 SET character_set_client = @saved_cs_client */;

--
-- Dumping data for table `properties`
--

LOCK TABLES `properties` WRITE;
/*!40000 ALTER TABLE `properties` DISABLE KEYS */;
INSERT INTO `properties` VALUES (1,15,'Rotordurchmesser','120'),(2,15,'Akkus','2'),(3,15,'Farbe','Rot'),(4,16,'Rotordurchmesser','120'),(5,16,'Akkus','2'),(6,16,'Farbe','Rot'),(7,16,'max. Speed','80 kmh'),(8,16,'Gyro','Ja'),(9,16,'Achsen','3-Achsen'),(10,17,'Rotordurchmesser','120'),(11,17,'Akkus','2'),(12,17,'Farbe','Rot');
/*!40000 ALTER TABLE `properties` ENABLE KEYS */;
UNLOCK TABLES;

--
-- Table structure for table `purposes`
--

DROP TABLE IF EXISTS `purposes`;
/*!40101 SET @saved_cs_client     = @@character_set_client */;
/*!40101 SET character_set_client = utf8 */;
CREATE TABLE `purposes` (
  `id` int(11) NOT NULL AUTO_INCREMENT,
  `description` text COLLATE utf8_unicode_ci,
  PRIMARY KEY (`id`)
) ENGINE=InnoDB AUTO_INCREMENT=72 DEFAULT CHARSET=utf8 COLLATE=utf8_unicode_ci;
/*!40101 SET character_set_client = @saved_cs_client */;

--
-- Dumping data for table `purposes`
--

LOCK TABLES `purposes` WRITE;
/*!40000 ALTER TABLE `purposes` DISABLE KEYS */;
INSERT INTO `purposes` VALUES (1,'Bentige ich fr die Aufnahmen meiner Abschlussarbeit.'),(2,'Bentige ich fr die Aufnahmen meiner Abschlussarbeit.'),(3,'Nobis et aut voluptatem nesciunt.'),(4,'Perspiciatis quia reiciendis iure et.'),(5,'Doloremque culpa vero dolore sapiente reprehenderit assumenda.'),(6,'Officiis soluta ipsam repudiandae libero consequuntur.'),(7,'Sed sunt non aut velit officia id nihil.'),(8,'Ersatzstativ fr die Ausstellung.'),(9,'Ersatzstativ fr die Ausstellung.'),(10,'Ersatzstativ fr die Ausstellung.'),(11,'Ersatzstativ fr die Ausstellung.'),(12,'Ersatzstativ fr die Ausstellung.'),(13,'Ersatzstativ fr die Ausstellung.'),(14,'Ersatzstativ fr die Ausstellung.'),(15,'Ersatzstativ fr die Ausstellung.'),(16,'Ersatzstativ fr die Ausstellung.'),(17,'Ersatzstativ fr die Ausstellung.'),(18,'Fr meinen aktuellen Kurs.'),(19,'Fr meinen aktuellen Kurs.'),(20,'Fr meinen aktuellen Kurs.'),(21,'Fr meinen aktuellen Kurs.'),(22,'Debitis doloribus sit voluptatem dolore ea accusamus ab.'),(23,'Nobis sapiente quos et et qui officiis aspernatur.'),(24,'Porro earum qui rem est occaecati.'),(25,'Ersatzstativ fr die Ausstellung.'),(26,'Ersatzstativ fr die Ausstellung.'),(27,'Ersatzstativ fr die Ausstellung.'),(28,'Odit voluptatem et asperiores iure.'),(29,'Tenetur consequatur nihil id aut sed esse cumque sed.'),(30,'Quia veritatis id eum labore.'),(31,'Ut ducimus corporis deserunt aut excepturi omnis.'),(32,'Quis qui laboriosam id sit qui aliquid.'),(33,'Et unde consequatur harum.'),(34,'Provident et rerum et labore odit nesciunt mollitia fugiat.'),(35,'Odio adipisci atque aut reiciendis.'),(36,'Ipsa aspernatur aut nihil commodi voluptatum enim.'),(37,'Dicta voluptatum animi tempore est sit harum dolorum provident.'),(38,'Voluptatem consequatur dolor omnis possimus sit aut adipisci soluta.'),(39,'Ersatzstativ fr die Ausstellung.'),(40,'Fr das zweite Austellungswochenende.'),(41,'Fr das zweite Austellungswochenende.'),(42,'Fr das dritte Austellungswochenende.'),(43,'Fr die Abschlussarbeit.'),(44,'Ersatzstativ fr die Ausstellung.'),(45,'Ersatzstativ fr die Ausstellung.'),(46,'Ersatzstativ fr die Ausstellung.'),(47,'Bestellung mit Software'),(48,'Bestellung mit Gegenstand ohne Ort'),(49,'Um meine Abschlussarbeit zu fotografieren.'),(50,'Als Ersatz.'),(51,'Quia a voluptatem et perferendis.'),(52,'Similique excepturi quisquam non molestiae minima rerum fugiat.'),(53,'Um meine Abschlussarbeit zu fotografieren.'),(54,'Um meine Abschlussarbeit zu fotografieren.'),(55,'Similique natus cum earum modi consequatur.'),(56,'Corrupti quam sint voluptatem eum quidem accusantium.'),(57,'Paketausgabe'),(58,'Ersatzstativ fr die Ausstellung.'),(59,'Ersatzstativ fr die Ausstellung.'),(60,'Ganz dringend bentigt fr meine Abschlussarbeit.'),(61,'Um meine Abschlussarbeit zu fotografieren.'),(62,'Um meine Abschlussarbeit zu fotografieren.'),(63,'Fotoshooting (Kurs Fotografie).'),(64,'Brauche ich zwingend fr meinen Kurs.'),(65,'Ipsam recusandae laborum sed consequuntur et.'),(66,'Magnam aliquid neque ea qui.'),(67,'Esse quaerat et et.'),(68,'Esse nulla dolorem rerum molestiae.'),(69,'Provident libero similique occaecati nesciunt autem neque.'),(70,'Ersatzstativ fr die Ausstellung.'),(71,'Ersatzstativ fr die Ausstellung.');
/*!40000 ALTER TABLE `purposes` ENABLE KEYS */;
UNLOCK TABLES;

--
-- Table structure for table `schema_migrations`
--

DROP TABLE IF EXISTS `schema_migrations`;
/*!40101 SET @saved_cs_client     = @@character_set_client */;
/*!40101 SET character_set_client = utf8 */;
CREATE TABLE `schema_migrations` (
  `version` varchar(255) COLLATE utf8_unicode_ci NOT NULL,
  UNIQUE KEY `unique_schema_migrations` (`version`)
) ENGINE=InnoDB DEFAULT CHARSET=utf8 COLLATE=utf8_unicode_ci;
/*!40101 SET character_set_client = @saved_cs_client */;

--
-- Dumping data for table `schema_migrations`
--

LOCK TABLES `schema_migrations` WRITE;
/*!40000 ALTER TABLE `schema_migrations` DISABLE KEYS */;
INSERT INTO `schema_migrations` VALUES ('20140410180000'),('20140903105715'),('20150129121330');
/*!40000 ALTER TABLE `schema_migrations` ENABLE KEYS */;
UNLOCK TABLES;

--
-- Table structure for table `settings`
--

DROP TABLE IF EXISTS `settings`;
/*!40101 SET @saved_cs_client     = @@character_set_client */;
/*!40101 SET character_set_client = utf8 */;
CREATE TABLE `settings` (
  `id` int(11) NOT NULL AUTO_INCREMENT,
  `smtp_address` varchar(255) COLLATE utf8_unicode_ci DEFAULT NULL,
  `smtp_port` int(11) DEFAULT NULL,
  `smtp_domain` varchar(255) COLLATE utf8_unicode_ci DEFAULT NULL,
  `local_currency_string` varchar(255) COLLATE utf8_unicode_ci DEFAULT NULL,
  `contract_terms` text COLLATE utf8_unicode_ci,
  `contract_lending_party_string` text COLLATE utf8_unicode_ci,
  `email_signature` varchar(255) COLLATE utf8_unicode_ci DEFAULT NULL,
  `default_email` varchar(255) COLLATE utf8_unicode_ci DEFAULT NULL,
  `deliver_order_notifications` tinyint(1) DEFAULT NULL,
  `user_image_url` varchar(255) COLLATE utf8_unicode_ci DEFAULT NULL,
  `ldap_config` varchar(255) COLLATE utf8_unicode_ci DEFAULT NULL,
  `logo_url` varchar(255) COLLATE utf8_unicode_ci DEFAULT NULL,
  `mail_delivery_method` varchar(255) COLLATE utf8_unicode_ci DEFAULT NULL,
  `smtp_username` varchar(255) COLLATE utf8_unicode_ci DEFAULT NULL,
  `smtp_password` varchar(255) COLLATE utf8_unicode_ci DEFAULT NULL,
  `smtp_enable_starttls_auto` tinyint(1) NOT NULL DEFAULT '0',
  `smtp_openssl_verify_mode` varchar(255) COLLATE utf8_unicode_ci NOT NULL DEFAULT 'none',
  `time_zone` varchar(255) COLLATE utf8_unicode_ci NOT NULL DEFAULT 'Bern',
  `disable_manage_section` tinyint(1) NOT NULL DEFAULT '0',
  `disable_manage_section_message` text COLLATE utf8_unicode_ci,
  `disable_borrow_section` tinyint(1) NOT NULL DEFAULT '0',
  `disable_borrow_section_message` text COLLATE utf8_unicode_ci,
  `text` text COLLATE utf8_unicode_ci,
  PRIMARY KEY (`id`)
) ENGINE=InnoDB AUTO_INCREMENT=2 DEFAULT CHARSET=utf8 COLLATE=utf8_unicode_ci;
/*!40101 SET character_set_client = @saved_cs_client */;

--
-- Dumping data for table `settings`
--

LOCK TABLES `settings` WRITE;
/*!40000 ALTER TABLE `settings` DISABLE KEYS */;
INSERT INTO `settings` VALUES (1,'smtp.zhdk.ch',25,'beta.ausleihe.zhdk.ch','CHF','Die Benutzerin/der Benutzer ist bei unsachgemsser Handhabung oder Verlust schadenersatzpflichtig. Sie/Er verpflichtet sich, das Material sorgfltig zu behandeln und gereinigt zu retournieren. Bei mangelbehafteter oder verspteter Rckgabe kann eine Ausleihsperre (bis zu 6 Monaten) verhngt werden. Das geliehene Material bleibt jederzeit uneingeschrnktes Eigentum der Zrcher Hochschule der Knste und darf ausschliesslich fr schulische Zwecke eingesetzt werden. Mit ihrer/seiner Unterschrift akzeptiert die Benutzerin/der Benutzer diese Bedingungen sowie die \'Richtlinie zur Ausleihe von Sachen\' der ZHdK und etwaige abteilungsspezifische Ausleih-Richtlinien.','Your\nAddress\nHere','Das PZ-leihs Team','sender@example.com',0,'http://www.zhdk.ch/?person/foto&width=100&compressionlevel=0&id={:id}',NULL,'/assets/image-logo-zhdk.png','test',NULL,NULL,0,'none','Bern',0,NULL,0,NULL,NULL);
/*!40000 ALTER TABLE `settings` ENABLE KEYS */;
UNLOCK TABLES;

--
-- Table structure for table `suppliers`
--

DROP TABLE IF EXISTS `suppliers`;
/*!40101 SET @saved_cs_client     = @@character_set_client */;
/*!40101 SET character_set_client = utf8 */;
CREATE TABLE `suppliers` (
  `id` int(11) NOT NULL AUTO_INCREMENT,
  `name` varchar(255) COLLATE utf8_unicode_ci NOT NULL,
  `created_at` datetime DEFAULT NULL,
  `updated_at` datetime DEFAULT NULL,
  PRIMARY KEY (`id`),
  UNIQUE KEY `index_suppliers_on_name` (`name`)
) ENGINE=InnoDB AUTO_INCREMENT=237 DEFAULT CHARSET=utf8 COLLATE=utf8_unicode_ci;
/*!40101 SET character_set_client = @saved_cs_client */;

--
-- Dumping data for table `suppliers`
--

LOCK TABLES `suppliers` WRITE;
/*!40000 ALTER TABLE `suppliers` DISABLE KEYS */;
INSERT INTO `suppliers` VALUES (1,'utvoluptatemexnesciunt','2017-09-29 13:42:52','2017-09-29 13:42:52'),(2,'maioreseteostemporeunde','2017-09-29 13:42:52','2017-09-29 13:42:52'),(3,'cumnihil','2017-09-29 13:42:52','2017-09-29 13:42:52'),(4,'quodexcepturiquisquamnobiset','2017-09-29 13:42:52','2017-09-29 13:42:52'),(5,'laudantiumet','2017-09-29 13:42:52','2017-09-29 13:42:52'),(6,'autveritatismaiores','2017-09-29 13:42:52','2017-09-29 13:42:52'),(7,'natusodit','2017-09-29 13:42:52','2017-09-29 13:42:52'),(8,'temporibusprovidentpraesentiumestet','2017-09-29 13:42:52','2017-09-29 13:42:52'),(9,'temporaducimusfuga','2017-09-29 13:42:52','2017-09-29 13:42:52'),(10,'natusfacerefugitconsequaturbeatae','2017-09-29 13:42:52','2017-09-29 13:42:52'),(11,'quaesequiautoditnam','2017-09-29 13:42:52','2017-09-29 13:42:52'),(12,'utqui','2017-09-29 13:42:52','2017-09-29 13:42:52'),(13,'estestquiasimilique','2017-09-29 13:42:52','2017-09-29 13:42:52'),(14,'etliberopossimusducimus','2017-09-29 13:42:52','2017-09-29 13:42:52'),(15,'consequaturquiet','2017-09-29 13:42:52','2017-09-29 13:42:52'),(16,'reprehenderitcorruptirepellatautdistinctio','2017-09-29 13:42:52','2017-09-29 13:42:52'),(17,'iurevelrerumqui','2017-09-29 13:42:52','2017-09-29 13:42:52'),(18,'nisiautet','2017-09-29 13:42:52','2017-09-29 13:42:52'),(19,'optiodictalibero','2017-09-29 13:42:52','2017-09-29 13:42:52'),(20,'estadipiscierroresse','2017-09-29 13:42:52','2017-09-29 13:42:52'),(21,'eumnamanimiutaut','2017-09-29 13:42:52','2017-09-29 13:42:52'),(22,'nequeaspernaturfacilis','2017-09-29 13:42:52','2017-09-29 13:42:52'),(23,'eteum','2017-09-29 13:42:52','2017-09-29 13:42:52'),(24,'facilisquoquibusdamquae','2017-09-29 13:42:52','2017-09-29 13:42:52'),(25,'doloresexercitationemtemporesitenim','2017-09-29 13:42:52','2017-09-29 13:42:52'),(26,'ipsumquiamaiores','2017-09-29 13:42:52','2017-09-29 13:42:52'),(27,'commodiblanditiis','2017-09-29 13:42:52','2017-09-29 13:42:52'),(28,'nemodolorumducimus','2017-09-29 13:42:52','2017-09-29 13:42:52'),(29,'porrofacereomnisvoluptatemtempora','2017-09-29 13:42:52','2017-09-29 13:42:52'),(30,'doloremadipiscinon','2017-09-29 13:42:52','2017-09-29 13:42:52'),(31,'veritatislaboriosam','2017-09-29 13:42:52','2017-09-29 13:42:52'),(32,'voluptatererumaspernaturcumque','2017-09-29 13:42:52','2017-09-29 13:42:52'),(33,'minusutquiavoluptatumodio','2017-09-29 13:42:52','2017-09-29 13:42:52'),(34,'facilisunde','2017-09-29 13:42:52','2017-09-29 13:42:52'),(35,'officiaomnisnon','2017-09-29 13:42:52','2017-09-29 13:42:52'),(36,'necessitatibusquasi','2017-09-29 13:42:52','2017-09-29 13:42:52'),(37,'voluptatumnam','2017-09-29 13:42:52','2017-09-29 13:42:52'),(38,'doloressed','2017-09-29 13:42:52','2017-09-29 13:42:52'),(39,'delenitiquiafacereenimdicta','2017-09-29 13:42:52','2017-09-29 13:42:52'),(40,'estmagni','2017-09-29 13:42:52','2017-09-29 13:42:52'),(41,'molestiaeeum','2017-09-29 13:42:52','2017-09-29 13:42:52'),(42,'velitettemporenulla','2017-09-29 13:42:52','2017-09-29 13:42:52'),(43,'autemrepudiandaeut','2017-09-29 13:42:52','2017-09-29 13:42:52'),(44,'natusodio','2017-09-29 13:42:52','2017-09-29 13:42:52'),(45,'doloremadipisciducimusodit','2017-09-29 13:42:52','2017-09-29 13:42:52'),(46,'aliquamvoluptateetconsequatur','2017-09-29 13:42:52','2017-09-29 13:42:52'),(47,'indolorad','2017-09-29 13:42:52','2017-09-29 13:42:52'),(48,'inomnisautemundevitae','2017-09-29 13:42:52','2017-09-29 13:42:52'),(49,'voluptatumodionullaconsectetur','2017-09-29 13:42:52','2017-09-29 13:42:52'),(50,'nisietetat','2017-09-29 13:42:52','2017-09-29 13:42:52'),(51,'estvoluptatesmodi','2017-09-29 13:42:52','2017-09-29 13:42:52'),(52,'quidemdoloremsapientequisquam','2017-09-29 13:42:52','2017-09-29 13:42:52'),(53,'voluptaspariatur','2017-09-29 13:42:52','2017-09-29 13:42:52'),(54,'distinctioea','2017-09-29 13:42:52','2017-09-29 13:42:52'),(55,'etcumque','2017-09-29 13:42:52','2017-09-29 13:42:52'),(56,'itaquequis','2017-09-29 13:42:52','2017-09-29 13:42:52'),(57,'oditrepudiandaeiurenostrum','2017-09-29 13:42:52','2017-09-29 13:42:52'),(58,'commodivoluptatemnisinihil','2017-09-29 13:42:52','2017-09-29 13:42:52'),(59,'sapientererumlaborumiustorerum','2017-09-29 13:42:52','2017-09-29 13:42:52'),(60,'sitcommodiab','2017-09-29 13:42:52','2017-09-29 13:42:52'),(61,'rerumhicquiasitmolestias','2017-09-29 13:42:52','2017-09-29 13:42:52'),(62,'ducimuslaborequisutsit','2017-09-29 13:42:52','2017-09-29 13:42:52'),(63,'etetaccusamustemporibusdicta','2017-09-29 13:42:52','2017-09-29 13:42:52'),(64,'estet','2017-09-29 13:42:52','2017-09-29 13:42:52'),(65,'utminimadelectus','2017-09-29 13:42:52','2017-09-29 13:42:52'),(66,'laudantiumquasvoluptatemdelenitirerum','2017-09-29 13:42:52','2017-09-29 13:42:52'),(67,'aliaserrorquiadoloribus','2017-09-29 13:42:52','2017-09-29 13:42:52'),(68,'ametsaepevoluptatibusutculpa','2017-09-29 13:42:52','2017-09-29 13:42:52'),(69,'sinteosvoluptasomnisquo','2017-09-29 13:42:52','2017-09-29 13:42:52'),(70,'veritatisevenietoptioipsaquasi','2017-09-29 13:42:52','2017-09-29 13:42:52'),(71,'quibusdamcupiditateasperioreset','2017-09-29 13:42:52','2017-09-29 13:42:52'),(72,'istevoluptatemvelreprehenderit','2017-09-29 13:42:52','2017-09-29 13:42:52'),(73,'natusnullanihil','2017-09-29 13:42:52','2017-09-29 13:42:52'),(74,'iustoofficianobis','2017-09-29 13:42:52','2017-09-29 13:42:52'),(75,'consecteturnatus','2017-09-29 13:42:52','2017-09-29 13:42:52'),(76,'illumab','2017-09-29 13:42:52','2017-09-29 13:42:52'),(77,'voluptasquam','2017-09-29 13:42:52','2017-09-29 13:42:52'),(78,'sintanimidoloroditneque','2017-09-29 13:42:52','2017-09-29 13:42:52'),(79,'atquedeseruntdoloremqui','2017-09-29 13:42:52','2017-09-29 13:42:52'),(80,'facerequod','2017-09-29 13:42:52','2017-09-29 13:42:52'),(81,'dolorfacere','2017-09-29 13:42:52','2017-09-29 13:42:52'),(82,'rationeex','2017-09-29 13:42:52','2017-09-29 13:42:52'),(83,'evenietutsedtenetur','2017-09-29 13:42:52','2017-09-29 13:42:52'),(84,'debitisnamautemin','2017-09-29 13:42:52','2017-09-29 13:42:52'),(85,'quidemexplicabo','2017-09-29 13:42:52','2017-09-29 13:42:52'),(86,'etomnis','2017-09-29 13:42:52','2017-09-29 13:42:52'),(87,'corporismagnisuscipit','2017-09-29 13:42:52','2017-09-29 13:42:52'),(88,'sitet','2017-09-29 13:42:52','2017-09-29 13:42:52'),(89,'laboreutmodiquialibero','2017-09-29 13:42:52','2017-09-29 13:42:52'),(90,'teneturreiciendisetpossimus','2017-09-29 13:42:52','2017-09-29 13:42:52'),(91,'consecteturautex','2017-09-29 13:42:52','2017-09-29 13:42:52'),(92,'molestiasvelit','2017-09-29 13:42:52','2017-09-29 13:42:52'),(93,'repudiandaeincidunt','2017-09-29 13:42:52','2017-09-29 13:42:52'),(94,'consequunturtemporasitmagnamet','2017-09-29 13:42:52','2017-09-29 13:42:52'),(95,'aharumestseddistinctio','2017-09-29 13:42:52','2017-09-29 13:42:52'),(96,'necessitatibusautemexcepturimaxime','2017-09-29 13:42:52','2017-09-29 13:42:52'),(97,'aliasdoloresquisvelit','2017-09-29 13:42:52','2017-09-29 13:42:52'),(98,'doloremvoluptatemvoluptasrerum','2017-09-29 13:42:52','2017-09-29 13:42:52'),(99,'exdelectus','2017-09-29 13:42:52','2017-09-29 13:42:52'),(100,'quinonaut','2017-09-29 13:42:52','2017-09-29 13:42:52'),(101,'autquaeratvitaedoloribusvelit','2017-09-29 13:42:52','2017-09-29 13:42:52'),(102,'sitprovidentlaboriosamexearum','2017-09-29 13:42:52','2017-09-29 13:42:52'),(103,'facerevoluptatibusvoluptatemporro','2017-09-29 13:42:52','2017-09-29 13:42:52'),(104,'velquidolorum','2017-09-29 13:42:52','2017-09-29 13:42:52'),(105,'atperspiciatisnumquamvoluptatumnecessitatibus','2017-09-29 13:42:52','2017-09-29 13:42:52'),(106,'blanditiisdoloreeos','2017-09-29 13:42:52','2017-09-29 13:42:52'),(107,'delenitioptio','2017-09-29 13:42:52','2017-09-29 13:42:52'),(108,'voluptatesedquiaconsectetur','2017-09-29 13:42:52','2017-09-29 13:42:52'),(109,'estestlaboreaccusantiumcumque','2017-09-29 13:42:52','2017-09-29 13:42:52'),(110,'nihildolorevoluptaseaassumenda','2017-09-29 13:42:52','2017-09-29 13:42:52'),(111,'sedblanditiismaioreshicnihil','2017-09-29 13:42:52','2017-09-29 13:42:52'),(112,'consecteturomnisquoquidolore','2017-09-29 13:42:52','2017-09-29 13:42:52'),(113,'ipsamquisessererumvelit','2017-09-29 13:42:52','2017-09-29 13:42:52'),(114,'sedquiplaceat','2017-09-29 13:42:52','2017-09-29 13:42:52'),(115,'sintitaquedelenitiquiavel','2017-09-29 13:42:52','2017-09-29 13:42:52'),(116,'officiaut','2017-09-29 13:42:52','2017-09-29 13:42:52'),(117,'dolorinventorequod','2017-09-29 13:42:52','2017-09-29 13:42:52'),(118,'corruptifuganisiquaerat','2017-09-29 13:42:52','2017-09-29 13:42:52'),(119,'inmolestiasofficiisducimus','2017-09-29 13:42:52','2017-09-29 13:42:52'),(120,'liberoidnecessitatibusmagni','2017-09-29 13:42:52','2017-09-29 13:42:52'),(121,'eanobisvoluptates','2017-09-29 13:42:52','2017-09-29 13:42:52'),(122,'exercitationemvoluptatemnobis','2017-09-29 13:42:52','2017-09-29 13:42:52'),(123,'sitveroconsequatur','2017-09-29 13:42:52','2017-09-29 13:42:52'),(124,'beataeeosrepellendusminus','2017-09-29 13:42:52','2017-09-29 13:42:52'),(125,'mollitiasapienteesseetaccusamus','2017-09-29 13:42:52','2017-09-29 13:42:52'),(126,'aperiamsunt','2017-09-29 13:42:52','2017-09-29 13:42:52'),(127,'nesciuntimpeditnihilvoluptatibusmolestiae','2017-09-29 13:42:52','2017-09-29 13:42:52'),(128,'velitmolestiaefugitadipisciaccusantium','2017-09-29 13:42:52','2017-09-29 13:42:52'),(129,'cumquedignissimoscupiditatedolores','2017-09-29 13:42:52','2017-09-29 13:42:52'),(130,'illomollitiaet','2017-09-29 13:42:52','2017-09-29 13:42:52'),(131,'rerumsit','2017-09-29 13:42:52','2017-09-29 13:42:52'),(132,'modinonet','2017-09-29 13:42:52','2017-09-29 13:42:52'),(133,'nesciuntesse','2017-09-29 13:42:52','2017-09-29 13:42:52'),(134,'dolorestemporeliberonemopossimus','2017-09-29 13:42:52','2017-09-29 13:42:52'),(135,'velquibusdamrecusandae','2017-09-24 13:42:52','2017-09-24 13:42:52'),(136,'asperioresdoloremmodi','2017-09-24 13:42:52','2017-09-24 13:42:52'),(137,'doloresut','2017-09-24 13:42:52','2017-09-24 13:42:52'),(138,'consequaturreprehenderitillumautrerum','2017-09-24 13:42:52','2017-09-24 13:42:52'),(139,'molestiaeprovidentdolorelibero','2017-09-29 13:42:52','2017-09-29 13:42:52'),(140,'nisinequeinetsuscipit','2017-09-29 13:42:52','2017-09-29 13:42:52'),(141,'etconsequaturconsectetur','2017-09-29 13:42:52','2017-09-29 13:42:52'),(142,'autetsedreiciendis','2017-09-29 13:42:52','2017-09-29 13:42:52'),(143,'facereinventore','2017-09-29 13:42:52','2017-09-29 13:42:52'),(144,'quidemautemdignissimosisteaut','2017-09-29 13:42:52','2017-09-29 13:42:52'),(145,'consequatursolutaaspernatureiuscumque','2017-09-29 13:42:52','2017-09-29 13:42:52'),(146,'esthicvoluptatumquoeaque','2017-09-29 13:42:52','2017-09-29 13:42:52'),(147,'quisquamdoloresvoluptatemlaudantiumpraesentium','2017-09-29 13:42:52','2017-09-29 13:42:52'),(148,'eaincidunt','2017-09-29 13:42:52','2017-09-29 13:42:52'),(149,'impeditprovident','2017-09-29 13:42:52','2017-09-29 13:42:52'),(150,'temporelaborum','2017-09-29 13:42:52','2017-09-29 13:42:52'),(151,'voluptatemconsequuntur','2017-09-29 13:42:52','2017-09-29 13:42:52'),(152,'quiaquisquamautem','2017-09-29 13:42:52','2017-09-29 13:42:52'),(153,'exercitationemcumlaboriosam','2017-09-29 13:42:52','2017-09-29 13:42:52'),(154,'nonet','2017-09-28 13:42:52','2017-09-28 13:42:52'),(155,'omnisanimi','2017-09-28 13:42:52','2017-09-28 13:42:52'),(156,'aspernatursuntteneturcommodideserunt','2017-09-28 13:42:52','2017-09-28 13:42:52'),(157,'isteeosminus','2017-09-28 13:42:52','2017-09-28 13:42:52'),(158,'quaeratutvoluptasetquia','2017-09-22 13:42:52','2017-09-22 13:42:52'),(159,'iustoest','2017-09-22 13:42:52','2017-09-22 13:42:52'),(160,'sedsitdignissimosdolorquae','2017-09-22 13:42:52','2017-09-22 13:42:52'),(161,'laboriosamminusnisibeatae','2017-09-29 13:42:52','2017-09-29 13:42:52'),(162,'suscipitinciduntquaeadipsa','2017-09-29 13:42:52','2017-09-29 13:42:52'),(163,'fugitsaepevoluptatibusnumquam','2017-09-29 13:42:52','2017-09-29 13:42:52'),(164,'idlaudantiumreiciendismolestiae','2017-09-29 13:42:52','2017-09-29 13:42:52'),(165,'sintsitvel','2017-09-29 13:42:52','2017-09-29 13:42:52'),(166,'voluptatumrerum','2017-09-29 13:42:52','2017-09-29 13:42:52'),(167,'utdistinctiocommodi','2017-09-29 13:42:52','2017-09-29 13:42:52'),(168,'quodetsoluta','2017-09-29 13:42:52','2017-09-29 13:42:52'),(169,'autquialiasvoluptassaepe','2017-09-29 13:42:52','2017-09-29 13:42:52'),(170,'quiquiaomnis','2017-09-29 13:42:52','2017-09-29 13:42:52'),(171,'nobisveritatis','2017-09-29 13:42:52','2017-09-29 13:42:52'),(172,'voluptatemquaerat','2017-09-29 13:42:52','2017-09-29 13:42:52'),(173,'asperioresut','2017-09-29 13:42:52','2017-09-29 13:42:52'),(174,'utlaboriosamexercitationem','2017-09-29 13:42:52','2017-09-29 13:42:52'),(175,'consequunturofficiisea','2017-09-29 13:42:52','2017-09-29 13:42:52'),(176,'reiciendisa','2017-09-29 13:42:52','2017-09-29 13:42:52'),(177,'quaeratomniscupiditate','2017-09-29 13:42:52','2017-09-29 13:42:52'),(178,'enimculpa','2017-09-29 13:42:52','2017-09-29 13:42:52'),(179,'laboriosamestaccusantium','2017-09-29 13:42:52','2017-09-29 13:42:52'),(180,'etsuntminimaea','2017-09-29 13:42:52','2017-09-29 13:42:52'),(181,'quaeratrationeestbeatae','2017-09-29 13:42:52','2017-09-29 13:42:52'),(182,'molestiaealiquamest','2017-09-29 13:42:52','2017-09-29 13:42:52'),(183,'consequunturcommodinihilfacilis','2017-09-29 13:42:52','2017-09-29 13:42:52'),(184,'etsimilique','2017-09-29 13:42:52','2017-09-29 13:42:52'),(185,'commodiquisquamullamnatusfugiat','2017-09-29 13:42:52','2017-09-29 13:42:52'),(186,'nemopraesentiumsitutest','2017-09-29 13:42:52','2017-09-29 13:42:52'),(187,'pariaturconsequatur','2017-09-29 13:42:52','2017-09-29 13:42:52'),(188,'quiafugitdignissimosdistinctio','2017-09-29 13:42:52','2017-09-29 13:42:52'),(189,'facilisaliquamquo','2017-09-29 13:42:52','2017-09-29 13:42:52'),(190,'placeatetetaut','2017-09-29 13:42:52','2017-09-29 13:42:52'),(191,'aliasquonisilaborum','2017-09-29 13:42:52','2017-09-29 13:42:52'),(192,'ipsamquiaipsaquosautem','2017-09-29 13:42:52','2017-09-29 13:42:52'),(193,'utipsumaliquam','2017-09-29 13:42:52','2017-09-29 13:42:52'),(194,'consequaturminimabeataecum','2017-09-29 13:42:52','2017-09-29 13:42:52'),(195,'quidemoccaecaticumvoluptas','2017-09-29 13:42:52','2017-09-29 13:42:52'),(196,'doloremrepudiandaeiusto','2017-09-29 13:42:52','2017-09-29 13:42:52'),(197,'nobisideaqueautsequi','2017-09-29 13:42:52','2017-09-29 13:42:52'),(198,'etculpasuscipita','2017-09-29 13:42:52','2017-09-29 13:42:52'),(199,'etvoluptaseaqueodio','2017-09-29 13:42:52','2017-09-29 13:42:52'),(200,'voluptasestharumducimusquia','2017-09-29 13:42:52','2017-09-29 13:42:52'),(201,'sitsuntautemamet','2017-09-29 13:42:52','2017-09-29 13:42:52'),(202,'liberomodiet','2017-09-25 13:42:52','2017-09-25 13:42:52'),(203,'remvoluptasoptioassumenda','2017-09-25 13:42:52','2017-09-25 13:42:52'),(204,'blanditiisnecessitatibusveritatisconsequatur','2017-09-25 13:42:52','2017-09-25 13:42:52'),(205,'quisest','2017-09-29 13:42:52','2017-09-29 13:42:52'),(206,'repellatiddolorumquia','2017-09-24 13:42:52','2017-09-24 13:42:52'),(207,'commodilaboriosamenim','2017-09-29 13:42:52','2017-09-29 13:42:52'),(208,'laboriosamutrerumvoluptatem','2017-09-29 13:42:52','2017-09-29 13:42:52'),(209,'aperiamtemporealiquid','2017-09-29 13:42:52','2017-09-29 13:42:52'),(210,'ipsamconsequatur','2017-09-29 13:42:52','2017-09-29 13:42:52'),(211,'exercitationemeosexcepturi','2017-09-29 13:42:52','2017-09-29 13:42:52'),(212,'utpraesentiumaccusamusea','2017-09-29 13:42:52','2017-09-29 13:42:52'),(213,'etvoluptasvoluptatumvoluptasvel','2017-09-29 13:42:52','2017-09-29 13:42:52'),(214,'oditratione','2017-09-29 13:42:52','2017-09-29 13:42:52'),(215,'pariatursedsapientenihil','2017-09-29 13:42:52','2017-09-29 13:42:52'),(216,'doloresaccusantium','2017-09-29 13:42:52','2017-09-29 13:42:52'),(217,'velaliquidrerumqui','2017-09-29 13:42:52','2017-09-29 13:42:52'),(218,'sintnecessitatibus','2017-09-29 13:42:52','2017-09-29 13:42:52'),(219,'perspiciatisoditminus','2017-09-29 13:42:52','2017-09-29 13:42:52'),(220,'laboriosamtenetur','2017-09-29 13:42:52','2017-09-29 13:42:52'),(221,'aliquidaut','2017-09-29 13:42:52','2017-09-29 13:42:52'),(222,'iurealiquid','2017-09-29 13:42:52','2017-09-29 13:42:52'),(223,'animiquiearumsaepequia','2017-09-29 13:42:52','2017-09-29 13:42:52'),(224,'doloremquemolestiasfacereminusest','2017-09-29 13:42:52','2017-09-29 13:42:52'),(225,'optioducimussintiureincidunt','2017-09-29 13:42:52','2017-09-29 13:42:52'),(226,'remducimustotamiusto','2017-09-29 13:42:52','2017-09-29 13:42:52'),(227,'mollitiaetfacilisnonaccusamus','2017-09-29 13:42:52','2017-09-29 13:42:52'),(228,'officiisautemipsapariaturreprehenderit','2017-09-24 13:42:52','2017-09-24 13:42:52'),(229,'vitaequia','2017-09-24 13:42:52','2017-09-24 13:42:52'),(230,'quisedperferendisconsecteturquos','2017-09-24 13:42:52','2017-09-24 13:42:52'),(231,'nesciuntinnamid','2017-09-24 13:42:52','2017-09-24 13:42:52'),(232,'autdelectusdeseruntnihildolor','2017-09-24 13:42:52','2017-09-24 13:42:52'),(233,'atqueesse','2017-09-22 13:42:52','2017-09-22 13:42:52'),(234,'laborenemovelitomnisoptio','2017-09-22 13:42:52','2017-09-22 13:42:52'),(235,'velitiustosedsaepeab','2017-09-22 13:42:52','2017-09-22 13:42:52'),(236,'estdoloremetin','2017-09-22 13:42:52','2017-09-22 13:42:52');
/*!40000 ALTER TABLE `suppliers` ENABLE KEYS */;
UNLOCK TABLES;

--
-- Table structure for table `users`
--

DROP TABLE IF EXISTS `users`;
/*!40101 SET @saved_cs_client     = @@character_set_client */;
/*!40101 SET character_set_client = utf8 */;
CREATE TABLE `users` (
  `id` int(11) NOT NULL AUTO_INCREMENT,
  `login` varchar(255) COLLATE utf8_unicode_ci DEFAULT NULL,
  `firstname` varchar(255) COLLATE utf8_unicode_ci DEFAULT NULL,
  `lastname` varchar(255) COLLATE utf8_unicode_ci DEFAULT NULL,
  `phone` varchar(255) COLLATE utf8_unicode_ci DEFAULT NULL,
  `authentication_system_id` int(11) DEFAULT '1',
  `unique_id` varchar(255) COLLATE utf8_unicode_ci DEFAULT NULL,
  `email` varchar(255) COLLATE utf8_unicode_ci DEFAULT NULL,
  `badge_id` varchar(255) COLLATE utf8_unicode_ci DEFAULT NULL,
  `address` varchar(255) COLLATE utf8_unicode_ci DEFAULT NULL,
  `city` varchar(255) COLLATE utf8_unicode_ci DEFAULT NULL,
  `zip` varchar(255) COLLATE utf8_unicode_ci DEFAULT NULL,
  `country` varchar(255) COLLATE utf8_unicode_ci DEFAULT NULL,
  `language_id` int(11) DEFAULT NULL,
  `extended_info` text COLLATE utf8_unicode_ci,
  `settings` varchar(1024) COLLATE utf8_unicode_ci DEFAULT NULL,
  `created_at` datetime DEFAULT NULL,
  `updated_at` datetime DEFAULT NULL,
  `delegator_user_id` int(11) DEFAULT NULL,
  PRIMARY KEY (`id`),
  KEY `index_users_on_authentication_system_id` (`authentication_system_id`),
  KEY `users_language_id_fk` (`language_id`),
  KEY `users_delegator_user_id_fk` (`delegator_user_id`),
  CONSTRAINT `users_delegator_user_id_fk` FOREIGN KEY (`delegator_user_id`) REFERENCES `users` (`id`),
  CONSTRAINT `users_authentication_system_id_fk` FOREIGN KEY (`authentication_system_id`) REFERENCES `authentication_systems` (`id`),
  CONSTRAINT `users_language_id_fk` FOREIGN KEY (`language_id`) REFERENCES `languages` (`id`)
) ENGINE=InnoDB AUTO_INCREMENT=38 DEFAULT CHARSET=utf8 COLLATE=utf8_unicode_ci;
/*!40101 SET character_set_client = @saved_cs_client */;

--
-- Dumping data for table `users`
--

LOCK TABLES `users` WRITE;
/*!40000 ALTER TABLE `users` DISABLE KEYS */;
INSERT INTO `users` VALUES (1,'gino','Gino','Schowalter','03469634609',1,'o3rr8vtdui9n27quio','gino@zhdk.ch','12rfvwc2h582lrp8sl',NULL,'Wilberfurt','S-O8 1JA','Senegal',1,NULL,'--- !ruby/hash:ActiveSupport::HashWithIndifferentAccess {}\n','2017-09-29 13:42:52','2017-09-29 13:42:52',NULL),(2,'ramon','Ramon','Lind','0500677038',1,'kr6qa454njc8fjib2o','ramon@zhdk.ch','ecix5i7i56pgexxu1j',NULL,'East Johnnyville','S-G2V 7PW','Saint Lucia',1,NULL,'--- !ruby/hash:ActiveSupport::HashWithIndifferentAccess {}\n','2017-09-29 13:42:52','2017-09-29 13:42:52',NULL),(3,'matti','Matti','Schuster','09890664829',1,'auifenmk95nhzcd168','matti@zhdk.ch','mpzyqcm8uasje4cfxl',NULL,'Lake Paulaview','S-ZH3P 5ZL','Saint Kitts and Nevis',1,NULL,'--- !ruby/hash:ActiveSupport::HashWithIndifferentAccess {}\n','2017-09-29 13:42:52','2017-09-29 13:42:52',NULL),(4,'mike','Mike','Blanda','01716709935',1,'mi01rvaycyy2qyfwr6','mike@zhdk.ch','b16gabwg3s6baqn6s9',NULL,'New Carolyne','A-Z9A 4LB','Azerbaijan',1,NULL,'--- !ruby/hash:ActiveSupport::HashWithIndifferentAccess {}\n','2017-09-29 13:42:52','2017-09-29 13:42:52',NULL),(5,'pius','Pius','Kuhic','0169773170',1,'z3vnli07f55d610q35','pius@zhdk.ch','9szp8hyvwz6gay5yep',NULL,'Cecilfort','D-EX1 6AF','Djibouti',1,NULL,'--- !ruby/hash:ActiveSupport::HashWithIndifferentAccess {}\n','2017-09-29 13:42:52','2017-09-29 13:42:52',NULL),(6,'normin','Normin','Normalo','0145309095',1,'6s40by8rqcuki3y6sa','normin@zhdk.ch','1rjgvpiw25zramnik1',NULL,'Port Zula','U-O3M 6JY','Uruguay',1,NULL,'--- !ruby/hash:ActiveSupport::HashWithIndifferentAccess {}\n','2017-09-29 13:42:52','2017-09-29 13:42:52',NULL),(7,'janiya','Janiya','Berge','0169778529',1,'ciplx1jq6s8bxl3ogv','lending_manager1@zhdk.ch','aieksje0sfqqtonr5n',NULL,'South Arnaldobury','M-Z3P 1LB','Macao',1,NULL,'--- !ruby/hash:ActiveSupport::HashWithIndifferentAccess {}\n','2017-09-29 13:42:52','2017-09-29 13:42:52',NULL),(8,'peter','Peter','Silie','0170539754',1,'35wanoji3tl21vczp2','peter@silie.com','hv5iaj0hvlmvejut6g',NULL,'East Antoniofurt','B-SS3 1BB','Bahrain',1,NULL,'--- !ruby/hash:ActiveSupport::HashWithIndifferentAccess {}\n','2017-09-29 13:42:52','2017-09-29 13:42:52',NULL),(9,'andi','Andi','Rempel','0169779937',1,'4uccl4vslk7zy7rr67','andi@zhdk.ch','3itx520htay716veiq',NULL,'Colemanchester','S-Y5 0ZJ','Saudi Arabia',1,NULL,'--- !ruby/hash:ActiveSupport::HashWithIndifferentAccess {}\n','2017-09-29 13:42:52','2017-09-29 13:42:52',NULL),(10,'mina','Mina','Ankunding','05612017153',1,'7rksu6jmep6htundcx','mina@zhdk.ch','pgp5oj83a8eneyzudt',NULL,'South Estelbury','A-Y3 0BL','Aruba',1,NULL,'--- !ruby/hash:ActiveSupport::HashWithIndifferentAccess {}\n','2017-09-29 13:42:52','2017-09-29 13:42:52',NULL),(11,'petra','Petra','O\'Connell','05563394968',1,'p5775km7jilzl9srpp','petra@zhdk.ch','a2f2yrr1s6ns2pvchs','638 Jeanie Lane, ','Giaborough','B-Z9 1GL','Belgium',1,NULL,'--- !ruby/hash:ActiveSupport::HashWithIndifferentAccess {}\n','2017-09-29 13:42:52','2017-09-29 13:42:52',NULL),(12,'julie','Julie','Gaylord','0169771953',1,'jzyw9nsfz323djznvb','julie@zhdk.ch','nuj7x4rvd56kl8m7tn',NULL,'Matildestad','U-W91 3TF','Uganda',1,NULL,'--- !ruby/hash:ActiveSupport::HashWithIndifferentAccess {}\n','2017-09-29 13:42:52','2017-09-29 13:42:52',NULL),(13,'lisa','Lisa','Corwin','09805755212',1,'x2un351zd1wvrsu6gq','lisa@zhdk.ch','fqqd81j91pf0vmcmju',NULL,'Beauside','A-Z9 6QW','Australia',1,NULL,'--- !ruby/hash:ActiveSupport::HashWithIndifferentAccess {}\n','2017-09-29 13:42:52','2017-09-29 13:42:52',NULL),(14,'travis','Travis','Gorczany','02454043568',1,'qzjajkh9c55ykjx65s','customer1@zhdk.ch','t6t4nvhpnzajgd8x6n',NULL,'Lake Abagail','I-W2X 3YA','Isle of Man',1,NULL,'--- !ruby/hash:ActiveSupport::HashWithIndifferentAccess {}\n','2017-09-29 13:42:52','2017-09-29 13:42:52',NULL),(15,'shayne','Shayne','Roob','03734450521',1,'uwvug3ckl3xgm96zaj','customer2@zhdk.ch','tg80ausj40h5mxu8z8',NULL,'Gaylordmouth','A-ZH7 6AN','Australia',1,NULL,'--- !ruby/hash:ActiveSupport::HashWithIndifferentAccess {}\n','2017-09-29 13:42:52','2017-09-29 13:42:52',NULL),(16,'damien','Damien','Block','05599405804',1,'b0295hcrkjzx0klba4','customer3@zhdk.ch','npw410qn8pl0ld4hwq',NULL,'Susanville','S-YA8B 2WL','Solomon Islands',1,NULL,'--- !ruby/hash:ActiveSupport::HashWithIndifferentAccess {}\n','2017-09-29 13:42:52','2017-09-29 13:42:52',NULL),(17,'lucy','Lucy','Von','0137953988',1,'nsng94d5u415xj5gpk','customer4@zhdk.ch','m11nediltb17v2g92w',NULL,'Aribury','A-UD33 1JN','Antarctica (the territory South of 60 deg S)',1,NULL,'--- !ruby/hash:ActiveSupport::HashWithIndifferentAccess {}\n','2017-09-29 13:42:52','2017-09-29 13:42:52',NULL),(18,'kristina','Kristina','Grimes','03230914980',1,'pjs42i6vhd37phz6gj','customer5@zhdk.ch','eizv8jykpzwqiuv50v',NULL,'Claudineton','N-ID9 1AB','Niue',1,NULL,'--- !ruby/hash:ActiveSupport::HashWithIndifferentAccess {}\n','2017-09-29 13:42:52','2017-09-29 13:42:52',NULL),(19,'haven','Haven','Paucek','01414495134',1,'g9lrhm9gnepde5e5uo','customer6@zhdk.ch','dq86erscw8a1clqyp1',NULL,'South Crawford','A-G3Y 6OA','Andorra',1,NULL,'--- !ruby/hash:ActiveSupport::HashWithIndifferentAccess {}\n','2017-09-29 13:42:52','2017-09-29 13:42:52',NULL),(20,'abelardo','Abelardo','Nitzsche','05676285805',1,'rmoc8ebbd20fp4dc7a','customer7@zhdk.ch','gx07jk2q8crqfldcpc',NULL,'Larkinchester','K-T3E 5TL','Kuwait',1,NULL,'--- !ruby/hash:ActiveSupport::HashWithIndifferentAccess {}\n','2017-09-29 13:42:52','2017-09-29 13:42:52',NULL),(21,'zachariah','Zachariah','Gleason','0169773528',1,'fnq11uo0mwesxwcsno','customer8@zhdk.ch','eab29maoelo7bmws0y',NULL,'Mrazborough','M-U3 9JA','Macao',1,NULL,'--- !ruby/hash:ActiveSupport::HashWithIndifferentAccess {}\n','2017-09-29 13:42:52','2017-09-29 13:42:52',NULL),(22,'rafael','Rafael','Feest','05586257519',1,'rhk7lnecytz3fxv33h','customer9@zhdk.ch','k52dznhte3fsmva5cl',NULL,'Emiebury','C-W1R 1LA','Croatia',1,NULL,'--- !ruby/hash:ActiveSupport::HashWithIndifferentAccess {}\n','2017-09-29 13:42:52','2017-09-29 13:42:52',NULL),(23,'orval','Orval','Dietrich','02449261299',1,'3conyxjgijpqcysi31','delegator1@zhdk.ch','71gcd1hp7oka859st4',NULL,'South Darrinside','I-YP2R 4HA','Italy',1,NULL,'--- !ruby/hash:ActiveSupport::HashWithIndifferentAccess {}\n','2017-09-29 13:42:52','2017-09-29 13:42:52',NULL),(24,'westley','Westley','Daniel','05523461978',1,'jv4xsjiy7ddfb9i1p1','delegated1@zhdk.ch','xwsyxeme093764jwej',NULL,'Lake Wilsonmouth','C-WO16 2WW','Costa Rica',1,NULL,'--- !ruby/hash:ActiveSupport::HashWithIndifferentAccess {}\n','2017-09-29 13:42:52','2017-09-29 13:42:52',NULL),(25,'layla_7106','Cristina','Bruen','05592208323',1,'bz3pcbbjs5yk5gmxbb','celestino@kohler.info','wo4fqew480khvnlyhx','178 Floyd Springs','Hadleybury','S-W7P 5PB','Suriname',1,NULL,'--- !ruby/hash:ActiveSupport::HashWithIndifferentAccess {}\n','2017-09-29 13:42:52','2017-09-29 13:42:52',NULL),(26,NULL,'Delegation 1',NULL,NULL,NULL,NULL,NULL,NULL,NULL,NULL,NULL,NULL,1,NULL,'--- !ruby/hash:ActiveSupport::HashWithIndifferentAccess {}\n','2017-09-29 13:42:52','2017-09-29 13:42:52',12),(27,NULL,'Delegation 2',NULL,NULL,NULL,NULL,NULL,NULL,NULL,NULL,NULL,NULL,1,NULL,'--- !ruby/hash:ActiveSupport::HashWithIndifferentAccess {}\n','2017-09-29 13:42:52','2017-09-29 13:42:52',10),(28,NULL,'Delegation 3',NULL,NULL,NULL,NULL,NULL,NULL,NULL,NULL,NULL,NULL,1,NULL,'--- !ruby/hash:ActiveSupport::HashWithIndifferentAccess {}\n','2017-09-29 13:42:52','2017-09-29 13:42:52',10),(29,NULL,'Delegation 4',NULL,NULL,NULL,NULL,NULL,NULL,NULL,NULL,NULL,NULL,1,NULL,'--- !ruby/hash:ActiveSupport::HashWithIndifferentAccess {}\n','2017-09-29 13:42:52','2017-09-29 13:42:52',10),(30,NULL,'Delegation 5',NULL,NULL,NULL,NULL,NULL,NULL,NULL,NULL,NULL,NULL,1,NULL,'--- !ruby/hash:ActiveSupport::HashWithIndifferentAccess {}\n','2017-09-29 13:42:52','2017-09-29 13:42:52',23),(31,'autumn_2994','Clyde','Waelchi','09644015357',1,'apvyvwhnve0fex49me','darrel_rice@kuhic.info','8vnnhmp572l4fw8uek','743 Jenifer Union','South Emeliastad','F-S6X 4QA','Faroe Islands',1,NULL,'--- !ruby/hash:ActiveSupport::HashWithIndifferentAccess {}\n','2017-09-29 13:42:52','2017-09-29 13:42:52',NULL),(32,'sigrid_jones_2005','Saige','Boyle','09842430935',1,'j8nqimr8s4rpmuncmj','alexandrea.harris@fay.biz','8z8c3a31u9p5c970m9','7582 Ethel Walk','Jaredchester','H-W50 5SY','Hungary',1,NULL,'--- !ruby/hash:ActiveSupport::HashWithIndifferentAccess {}\n','2017-09-29 13:42:52','2017-09-29 13:42:52',NULL),(33,'theodore_1981','Nicole','Greenfelder','09306877870',1,'4snr7blihvdlz051tr','rex_turner@klingbarton.name','wq444a72ccinjlofgf','186 Nigel Grove','North Claudia','C-ZS1A 2JQ','Cayman Islands',1,NULL,'--- !ruby/hash:ActiveSupport::HashWithIndifferentAccess {}\n','2017-09-29 13:42:52','2017-09-29 13:42:52',NULL),(34,'mitchel_spinka_7122','Rosanna','Hagenes','02418344622',1,'1mnqui6srfkp4cgr1e','leann@stammdoyle.com','8paoiu5t5k0aq6k63x','55085 Rogahn Junctions','Jerdeville','B-YR8M 9NQ','Bahrain',1,NULL,'--- !ruby/hash:ActiveSupport::HashWithIndifferentAccess {}\n','2017-09-29 13:42:52','2017-09-29 13:42:52',NULL),(35,'hailie.keler_6902','Paige','Harvey','0169773437',1,'s71e84yd39j0wiyv3y','amelie@schmitt.co.uk','fnbsoutqcdtxclukry','967 Turcotte Tunnel','Marionhaven','S-ZF9 8BL','Saint Lucia',1,NULL,'--- !ruby/hash:ActiveSupport::HashWithIndifferentAccess {}\n','2017-09-29 13:42:52','2017-09-29 13:42:52',NULL),(36,'hillard_jast_5873','Rod','Johnson','01183319551',1,'f3qetsh8grdbdy81ro','fred.terry@maggio.com','0lgku2kyaad99yb9am','3889 Moen Fort','South Marcosland','S-WV8 4AY','Seychelles',1,NULL,'--- !ruby/hash:ActiveSupport::HashWithIndifferentAccess {}\n','2017-09-29 13:42:52','2017-09-29 13:42:52',NULL),(37,'claria_gibson_588','Hollis','Dicki','01761427021',1,'knqyeut4ttjmvtf7e4','fidel@stehr.name','p88po3yxasjyx48rze','179 Malcolm Ports','North Carlie','W-UU5 9QR','Western Sahara',1,NULL,'--- !ruby/hash:ActiveSupport::HashWithIndifferentAccess {}\n','2017-09-29 13:42:52','2017-09-29 13:42:52',NULL);
/*!40000 ALTER TABLE `users` ENABLE KEYS */;
UNLOCK TABLES;

--
-- Table structure for table `workdays`
--

DROP TABLE IF EXISTS `workdays`;
/*!40101 SET @saved_cs_client     = @@character_set_client */;
/*!40101 SET character_set_client = utf8 */;
CREATE TABLE `workdays` (
  `id` int(11) NOT NULL AUTO_INCREMENT,
  `inventory_pool_id` int(11) DEFAULT NULL,
  `monday` tinyint(1) DEFAULT '1',
  `tuesday` tinyint(1) DEFAULT '1',
  `wednesday` tinyint(1) DEFAULT '1',
  `thursday` tinyint(1) DEFAULT '1',
  `friday` tinyint(1) DEFAULT '1',
  `saturday` tinyint(1) DEFAULT '0',
  `sunday` tinyint(1) DEFAULT '0',
  `reservation_advance_days` int(11) DEFAULT '0',
  `max_visits` text COLLATE utf8_unicode_ci,
  PRIMARY KEY (`id`),
  KEY `index_workdays_on_inventory_pool_id` (`inventory_pool_id`),
  CONSTRAINT `workdays_inventory_pool_id_fk` FOREIGN KEY (`inventory_pool_id`) REFERENCES `inventory_pools` (`id`) ON DELETE CASCADE
) ENGINE=InnoDB AUTO_INCREMENT=14 DEFAULT CHARSET=utf8 COLLATE=utf8_unicode_ci;
/*!40101 SET character_set_client = @saved_cs_client */;

--
-- Dumping data for table `workdays`
--

LOCK TABLES `workdays` WRITE;
/*!40000 ALTER TABLE `workdays` DISABLE KEYS */;
INSERT INTO `workdays` VALUES (1,1,1,1,1,1,1,0,0,0,'---\n\'1\': 10\n\'2\': 20\n\'3\': 30\n'),(2,2,1,1,1,1,1,0,0,0,'--- {}\n'),(3,3,1,1,1,1,1,0,0,0,'--- {}\n'),(4,4,1,1,1,1,1,0,0,0,'--- {}\n'),(5,5,1,1,1,1,1,0,0,0,'--- {}\n'),(6,6,1,1,1,1,1,0,0,0,'--- {}\n'),(7,7,1,1,1,1,1,0,0,0,'--- {}\n'),(8,8,1,1,1,1,1,0,0,0,'--- {}\n'),(9,9,1,1,1,1,1,0,0,0,'--- {}\n'),(10,10,1,1,1,1,1,0,0,0,'--- {}\n'),(11,11,1,1,1,1,1,0,0,0,'--- {}\n'),(12,12,1,1,1,1,1,0,0,0,'--- {}\n'),(13,13,1,1,1,1,1,0,0,0,'--- {}\n');
/*!40000 ALTER TABLE `workdays` ENABLE KEYS */;
UNLOCK TABLES;

--
-- Final view structure for view `contract_lines_bundles`
--

/*!50001 DROP TABLE IF EXISTS `contract_lines_bundles`*/;
/*!50001 DROP VIEW IF EXISTS `contract_lines_bundles`*/;
/*!50001 SET @saved_cs_client          = @@character_set_client */;
/*!50001 SET @saved_cs_results         = @@character_set_results */;
/*!50001 SET @saved_col_connection     = @@collation_connection */;
/*!50001 SET character_set_client      = utf8 */;
/*!50001 SET character_set_results     = utf8 */;
/*!50001 SET collation_connection      = utf8_general_ci */;
/*!50001 CREATE ALGORITHM=UNDEFINED */
/*!50001 VIEW `contract_lines_bundles` AS select ifnull(`cl`.`contract_id`,concat_ws('_',`cl`.`status`,`cl`.`user_id`,`cl`.`inventory_pool_id`)) AS `id`,`cl`.`user_id` AS `user_id`,`cl`.`inventory_pool_id` AS `inventory_pool_id`,`cl`.`status` AS `status`,if((`cl`.`status` = 'approved'),`cl`.`start_date`,if((`cl`.`status` = 'signed'),`cl`.`end_date`,NULL)) AS `visit_date`,sum(`cl`.`quantity`) AS `quantity`,if((sum(`groups`.`is_verification_required`) > 0),1,0) AS `verifiable_user`,(count(`partitions`.`id`) > 0) AS `verifiable_user_and_model`,max(`cl`.`created_at`) AS `created_at` from (((`contract_lines` `cl` left join `groups_users` on((`groups_users`.`user_id` = `cl`.`user_id`))) left join `groups` on(((`groups`.`id` = `groups_users`.`group_id`) and (`groups`.`inventory_pool_id` = `cl`.`inventory_pool_id`)))) left join `partitions` on(((`partitions`.`group_id` = `groups`.`id`) and (`partitions`.`model_id` = `cl`.`model_id`) and (`groups`.`is_verification_required` = 1)))) where (`cl`.`status` <> 'closed') group by ifnull(`cl`.`contract_id`,`cl`.`status`),`cl`.`user_id`,`cl`.`inventory_pool_id`,if((`cl`.`status` = 'signed'),`cl`.`end_date`,if((`cl`.`status` = 'approved'),`cl`.`start_date`,NULL)) order by if((`cl`.`status` = 'approved'),`cl`.`start_date`,if((`cl`.`status` = 'signed'),`cl`.`end_date`,NULL)) */;
/*!50001 SET character_set_client      = @saved_cs_client */;
/*!50001 SET character_set_results     = @saved_cs_results */;
/*!50001 SET collation_connection      = @saved_col_connection */;

--
-- Final view structure for view `partitions_with_generals`
--

/*!50001 DROP TABLE IF EXISTS `partitions_with_generals`*/;
/*!50001 DROP VIEW IF EXISTS `partitions_with_generals`*/;
/*!50001 SET @saved_cs_client          = @@character_set_client */;
/*!50001 SET @saved_cs_results         = @@character_set_results */;
/*!50001 SET @saved_col_connection     = @@collation_connection */;
/*!50001 SET character_set_client      = utf8 */;
/*!50001 SET character_set_results     = utf8 */;
/*!50001 SET collation_connection      = utf8_general_ci */;
/*!50001 CREATE ALGORITHM=UNDEFINED */
/*!50001 VIEW `partitions_with_generals` AS select `partitions`.`model_id` AS `model_id`,`partitions`.`inventory_pool_id` AS `inventory_pool_id`,`partitions`.`group_id` AS `group_id`,`partitions`.`quantity` AS `quantity` from `partitions` union select `i`.`model_id` AS `model_id`,`i`.`inventory_pool_id` AS `inventory_pool_id`,NULL AS `group_id`,(count(`i`.`id`) - ifnull((select sum(`p`.`quantity`) from `partitions` `p` where ((`p`.`model_id` = `i`.`model_id`) and (`p`.`inventory_pool_id` = `i`.`inventory_pool_id`)) group by `p`.`inventory_pool_id`,`p`.`model_id`),0)) AS `quantity` from `items` `i` where (isnull(`i`.`retired`) and (`i`.`is_borrowable` = 1) and isnull(`i`.`parent_id`)) group by `i`.`inventory_pool_id`,`i`.`model_id` */;
/*!50001 SET character_set_client      = @saved_cs_client */;
/*!50001 SET character_set_results     = @saved_cs_results */;
/*!50001 SET collation_connection      = @saved_col_connection */;
/*!40103 SET TIME_ZONE=@OLD_TIME_ZONE */;

/*!40101 SET SQL_MODE=@OLD_SQL_MODE */;
/*!40014 SET FOREIGN_KEY_CHECKS=@OLD_FOREIGN_KEY_CHECKS */;
/*!40014 SET UNIQUE_CHECKS=@OLD_UNIQUE_CHECKS */;
/*!40101 SET CHARACTER_SET_CLIENT=@OLD_CHARACTER_SET_CLIENT */;
/*!40101 SET CHARACTER_SET_RESULTS=@OLD_CHARACTER_SET_RESULTS */;
/*!40101 SET COLLATION_CONNECTION=@OLD_COLLATION_CONNECTION */;
/*!40111 SET SQL_NOTES=@OLD_SQL_NOTES */;

-- Dump completed on 2015-03-24 21:11:29
