-- MySQL dump 10.13  Distrib 5.1.48, for apple-darwin10.3.0 (i386)
--
-- Host: localhost    Database: leihs2_test
-- ------------------------------------------------------
-- Server version	5.1.48

/*!40101 SET @OLD_CHARACTER_SET_CLIENT=@@CHARACTER_SET_CLIENT */;
/*!40101 SET @OLD_CHARACTER_SET_RESULTS=@@CHARACTER_SET_RESULTS */;
/*!40101 SET @OLD_COLLATION_CONNECTION=@@COLLATION_CONNECTION */;
/*!40101 SET NAMES utf8 */;
/*!40103 SET @OLD_TIME_ZONE=@@TIME_ZONE */;
/*!40103 SET TIME_ZONE='+00:00' */;
/*!40014 SET @OLD_UNIQUE_CHECKS=@@UNIQUE_CHECKS, UNIQUE_CHECKS=0 */;
/*!40014 SET @OLD_FOREIGN_KEY_CHECKS=@@FOREIGN_KEY_CHECKS, FOREIGN_KEY_CHECKS=0 */;
/*!40101 SET @OLD_SQL_MODE=@@SQL_MODE, SQL_MODE='NO_AUTO_VALUE_ON_ZERO' */;
/*!40111 SET @OLD_SQL_NOTES=@@SQL_NOTES, SQL_NOTES=0 */;

--
-- Table structure for table `access_rights`
--

DROP TABLE IF EXISTS `access_rights`;
/*!40101 SET @saved_cs_client     = @@character_set_client */;
/*!40101 SET character_set_client = utf8 */;
CREATE TABLE `access_rights` (
  `id` int(11) NOT NULL AUTO_INCREMENT,
  `user_id` int(11) DEFAULT NULL,
  `inventory_pool_id` int(11) DEFAULT NULL,
  `suspended_until` date DEFAULT NULL,
  `suspended_reason` text COLLATE utf8_unicode_ci,
  `deleted_at` date DEFAULT NULL,
  `created_at` datetime DEFAULT NULL,
  `updated_at` datetime DEFAULT NULL,
  `role` enum('customer','group_manager','lending_manager','inventory_manager','admin') COLLATE utf8_unicode_ci NOT NULL,
  PRIMARY KEY (`id`),
  KEY `index_access_rights_on_suspended_until` (`suspended_until`),
  KEY `index_access_rights_on_deleted_at` (`deleted_at`),
  KEY `index_access_rights_on_inventory_pool_id` (`inventory_pool_id`),
  KEY `index_access_rights_on_role` (`role`),
  KEY `index_on_user_id_and_inventory_pool_id_and_deleted_at` (`user_id`,`inventory_pool_id`,`deleted_at`),
  CONSTRAINT `access_rights_user_id_fk` FOREIGN KEY (`user_id`) REFERENCES `users` (`id`),
  CONSTRAINT `access_rights_inventory_pool_id_fk` FOREIGN KEY (`inventory_pool_id`) REFERENCES `inventory_pools` (`id`) ON DELETE CASCADE
) ENGINE=InnoDB AUTO_INCREMENT=46 DEFAULT CHARSET=utf8 COLLATE=utf8_unicode_ci;
/*!40101 SET character_set_client = @saved_cs_client */;

--
-- Dumping data for table `access_rights`
--

LOCK TABLES `access_rights` WRITE;
/*!40000 ALTER TABLE `access_rights` DISABLE KEYS */;
INSERT INTO `access_rights` VALUES (1,1,NULL,NULL,NULL,NULL,'2012-08-30 01:06:03','2012-08-30 01:06:03','admin'),(2,2,NULL,NULL,NULL,NULL,'2012-08-30 01:06:03','2012-08-30 01:06:03','admin'),(3,2,1,NULL,NULL,NULL,'2012-08-30 01:06:03','2012-08-30 01:06:03','customer'),(4,3,2,NULL,NULL,NULL,'2012-08-30 01:06:03','2012-08-30 01:06:03','inventory_manager'),(5,4,1,NULL,NULL,NULL,'2012-08-30 01:06:03','2012-08-30 01:06:03','inventory_manager'),(6,4,4,NULL,NULL,NULL,'2012-08-30 01:06:03','2012-08-30 01:06:03','inventory_manager'),(7,5,1,NULL,NULL,NULL,'2012-08-30 01:06:03','2012-08-30 01:06:03','lending_manager'),(8,5,2,NULL,NULL,NULL,'2012-08-30 01:06:03','2012-08-30 01:06:03','lending_manager'),(9,7,1,NULL,NULL,NULL,'2012-08-30 01:06:03','2012-08-30 01:06:03','lending_manager'),(10,7,2,NULL,NULL,NULL,'2012-08-30 01:06:03','2012-08-30 01:06:03','lending_manager'),(11,8,1,NULL,NULL,NULL,'2012-08-30 01:06:03','2012-08-30 01:06:03','customer'),(12,6,1,NULL,NULL,NULL,'2012-08-30 01:06:03','2012-08-30 01:06:03','customer'),(13,6,2,NULL,NULL,NULL,'2012-08-30 01:06:03','2012-08-30 01:06:03','customer'),(14,6,3,NULL,NULL,NULL,'2012-08-30 01:06:03','2012-08-30 01:06:03','customer'),(15,6,4,NULL,NULL,'2012-08-29','2012-08-30 01:06:03','2012-08-30 01:06:03','customer'),(16,9,1,NULL,NULL,NULL,'2012-08-30 01:06:03','2012-08-30 01:06:03','group_manager'),(17,9,2,NULL,NULL,NULL,'2012-08-30 01:06:03','2012-08-30 01:06:03','group_manager'),(18,9,3,NULL,NULL,NULL,'2012-08-30 01:06:03','2012-08-30 01:06:03','group_manager'),(19,10,1,NULL,NULL,NULL,'2012-08-30 01:06:03','2012-08-30 01:06:03','customer'),(20,11,1,NULL,NULL,NULL,'2012-08-30 01:06:03','2012-08-30 01:06:03','customer'),(21,12,1,NULL,NULL,NULL,'2012-08-30 01:06:03','2012-08-30 01:06:03','customer'),(22,13,1,NULL,NULL,NULL,'2012-08-30 01:06:03','2012-08-30 01:06:03','customer'),(23,26,1,NULL,NULL,NULL,'2012-08-30 01:06:03','2012-08-30 01:06:03','customer'),(24,27,1,NULL,NULL,NULL,'2012-08-30 01:06:03','2012-08-30 01:06:03','customer'),(25,27,2,NULL,NULL,NULL,'2012-08-30 01:06:03','2012-08-30 01:06:03','customer'),(26,29,1,NULL,NULL,NULL,'2012-08-30 01:06:03','2012-08-30 01:06:03','customer'),(27,29,5,NULL,NULL,NULL,'2012-08-30 01:06:03','2012-08-30 01:06:03','customer'),(28,29,6,NULL,NULL,NULL,'2012-08-30 01:06:03','2012-08-30 01:06:03','customer'),(29,30,1,NULL,NULL,NULL,'2012-08-30 01:06:03','2012-08-30 01:06:03','customer'),(30,23,1,NULL,NULL,NULL,'2012-08-30 01:06:03','2012-08-30 01:06:03','customer'),(31,24,1,NULL,NULL,NULL,'2012-08-30 01:06:03','2012-08-30 01:06:03','customer'),(32,14,1,NULL,NULL,NULL,'2012-08-30 01:06:03','2012-08-30 01:06:03','customer'),(33,15,1,'2012-08-30','Molestiae minima nisi occaecati.',NULL,'2012-08-30 01:06:03','2012-08-30 01:06:03','customer'),(34,16,1,NULL,NULL,NULL,'2012-08-30 01:06:03','2012-08-30 01:06:03','customer'),(35,17,1,NULL,NULL,NULL,'2012-08-30 01:06:03','2012-08-30 01:06:03','customer'),(36,18,1,NULL,NULL,NULL,'2012-08-30 01:06:03','2012-08-30 01:06:03','customer'),(37,19,1,NULL,NULL,NULL,'2012-08-30 01:06:03','2012-08-30 01:06:03','customer'),(38,20,1,NULL,NULL,'2012-08-30','2012-08-30 01:06:03','2012-08-30 01:06:03','customer'),(39,21,1,NULL,NULL,NULL,'2012-08-30 01:06:03','2012-08-30 01:06:03','customer'),(40,22,1,NULL,NULL,NULL,'2012-08-30 01:06:03','2012-08-30 01:06:03','customer'),(41,31,3,NULL,NULL,NULL,'2012-08-30 01:06:03','2012-08-30 01:06:03','customer'),(42,32,1,NULL,NULL,NULL,'2012-08-30 01:06:03','2012-08-30 01:06:03','lending_manager'),(43,33,1,NULL,NULL,NULL,'2012-08-30 01:06:03','2012-08-30 01:06:03','group_manager'),(44,34,7,NULL,NULL,NULL,'2012-08-30 01:06:03','2012-08-30 01:06:03','customer'),(45,35,12,NULL,NULL,NULL,'2012-08-30 01:06:03','2012-08-30 01:06:03','customer');
/*!40000 ALTER TABLE `access_rights` ENABLE KEYS */;
UNLOCK TABLES;

--
-- Table structure for table `accessories`
--

DROP TABLE IF EXISTS `accessories`;
/*!40101 SET @saved_cs_client     = @@character_set_client */;
/*!40101 SET character_set_client = utf8 */;
CREATE TABLE `accessories` (
  `id` int(11) NOT NULL AUTO_INCREMENT,
  `model_id` int(11) DEFAULT NULL,
  `name` varchar(255) COLLATE utf8_unicode_ci DEFAULT NULL,
  `quantity` int(11) DEFAULT NULL,
  PRIMARY KEY (`id`),
  KEY `index_accessories_on_model_id` (`model_id`),
  CONSTRAINT `accessories_model_id_fk` FOREIGN KEY (`model_id`) REFERENCES `models` (`id`) ON DELETE CASCADE
) ENGINE=InnoDB AUTO_INCREMENT=207 DEFAULT CHARSET=utf8 COLLATE=utf8_unicode_ci;
/*!40101 SET character_set_client = @saved_cs_client */;

--
-- Dumping data for table `accessories`
--

LOCK TABLES `accessories` WRITE;
/*!40000 ALTER TABLE `accessories` DISABLE KEYS */;
INSERT INTO `accessories` VALUES (1,1,'Malachi Padberg',NULL),(2,2,'Lisette Hagenes',NULL),(3,3,'Kacey Dooley',NULL),(4,3,'Emory Mraz Jr.',NULL),(5,4,'Zackery O\'Keefe',NULL),(6,5,'Kelsi Hand',NULL),(7,5,'Garry Ankunding',NULL),(8,5,'Sandy Kertzmann',NULL),(9,5,'Elsa Huel',NULL),(10,6,'Wava Gerhold III',NULL),(11,6,'Camron Botsford',NULL),(12,6,'Maximillia Wisozk',NULL),(13,6,'Beryl Hirthe Jr.',NULL),(14,7,'Lexi O\'Keefe',NULL),(15,7,'Mr. Jacques Klocko',NULL),(16,7,'Dr. Aubrey Moen',NULL),(17,7,'Sunny Botsford',NULL),(18,8,'Coy MacGyver',NULL),(19,9,'Miss Royal Langosh',NULL),(20,10,'Deshawn Hahn',NULL),(21,10,'Verna Legros Sr.',NULL),(22,11,'Adan Murphy',NULL),(23,12,'Miss Jayson Ferry',NULL),(24,12,'Jimmy Konopelski',NULL),(25,12,'Kim Doyle',NULL),(26,12,'Nigel Vandervort',NULL),(27,12,'Spencer Grimes',NULL),(28,13,'Darian Haley',NULL),(29,13,'Mrs. Geoffrey Gutmann',NULL),(30,14,'Donato Heaney',NULL),(31,15,'Mrs. Rafaela Huel',NULL),(32,15,'Osbaldo Heidenreich',NULL),(33,15,'Frankie Ebert',NULL),(34,15,'Kaleb Bauch Jr.',NULL),(35,16,'Armani Muller',NULL),(36,17,'Royal Will',NULL),(37,17,'Chelsey Stokes',NULL),(38,17,'Mr. Earl Vandervort',NULL),(39,17,'Kali Cole',NULL),(40,18,'Kaley Rohan',NULL),(41,18,'Jaquelin Schumm II',NULL),(42,18,'Christelle Ullrich I',NULL),(43,18,'Terrill Weimann',NULL),(44,18,'Mrs. Carmine Kuvalis',NULL),(45,19,'Dedrick Ernser',NULL),(46,19,'Etha Torphy',NULL),(47,19,'Grayce Strosin',NULL),(48,19,'Aidan Renner',NULL),(49,20,'Charlotte Kreiger DVM',NULL),(50,21,'Dr. Alexane Osinski',NULL),(51,21,'Felix Tillman',NULL),(52,21,'Elisha Schinner',NULL),(53,21,'Mr. Donato Beatty',NULL),(54,21,'Willard Roob',NULL),(55,22,'Brice Schneider',NULL),(56,22,'Makenzie Ankunding',NULL),(57,22,'Winston Bradtke II',NULL),(58,22,'Stanley Braun',NULL),(59,22,'Margarette Kovacek',NULL),(60,23,'Annette Dietrich',NULL),(61,23,'Clemens D\'Amore',NULL),(62,23,'Quinton Beahan',NULL),(63,23,'Carey Heathcote',NULL),(64,24,'Heaven Boyle',NULL),(65,24,'Marcos Nader',NULL),(66,24,'Walter Zboncak',NULL),(67,24,'Reilly Hilpert',NULL),(68,24,'Mrs. Dolly Toy',NULL),(69,25,'Leopoldo Pfannerstill',NULL),(70,25,'Miss Matilde Stanton',NULL),(71,25,'Albin Stroman',NULL),(72,25,'Dr. Devon Connelly',NULL),(73,25,'Robb Sawayn',NULL),(74,26,'Jocelyn Beatty',NULL),(75,26,'Anabel Beer',NULL),(76,26,'Alene Douglas',NULL),(77,27,'Fannie Watsica IV',NULL),(78,28,'Ms. Aileen Koepp',NULL),(79,28,'Mrs. Vito Strosin',NULL),(80,28,'Maryse Schowalter Jr.',NULL),(81,28,'Garrick Zieme',NULL),(82,28,'Milan Kessler',NULL),(83,29,'Lexus Haag',NULL),(84,29,'Elbert Harvey',NULL),(85,30,'Bridget Ryan MD',NULL),(86,30,'Randall Prosacco',NULL),(87,30,'Jayden Will I',NULL),(88,31,'Jennifer Schneider',NULL),(89,32,'Garrison Dicki',NULL),(90,33,'Cyril Ruecker IV',NULL),(91,33,'Arnaldo Pollich',NULL),(92,33,'Miss Joany Kertzmann',NULL),(93,34,'Enrico Beier',NULL),(94,34,'Edwardo Altenwerth',NULL),(95,34,'Jovan Stiedemann',NULL),(96,34,'Akeem Murphy II',NULL),(97,35,'Jasen Berge',NULL),(98,36,'Mr. Lacey Stoltenberg',NULL),(99,36,'Telly Paucek',NULL),(100,36,'Sammy Gleason',NULL),(101,37,'Miss Elvie Franecki',NULL),(102,38,'Lonie Paucek',NULL),(103,38,'Bernhard Heller',NULL),(104,38,'Abigale Wilkinson',NULL),(105,39,'Marcelo Grady',NULL),(106,39,'Raven Hammes',NULL),(107,39,'Carolanne Price PhD',NULL),(108,40,'Jammie Morissette MD',NULL),(109,40,'Brennon Dach',NULL),(110,41,'Hailie Gottlieb',NULL),(111,41,'Jarrett Parisian',NULL),(112,41,'Mr. Enola Herman',NULL),(113,41,'Rosalyn Gerlach',NULL),(114,42,'Bart Carter',NULL),(115,42,'Dudley Halvorson MD',NULL),(116,42,'Elizabeth Reinger',NULL),(117,43,'Stanton Torp',NULL),(118,43,'Eloy Prosacco',NULL),(119,43,'Jonathon Price',NULL),(120,43,'Ms. Oscar Reichel',NULL),(121,43,'Kay Hagenes',NULL),(122,44,'Jack Harris',NULL),(123,44,'Riley Keebler',NULL),(124,45,'Mrs. Kaley Marquardt',NULL),(125,46,'Ines O\'Conner',NULL),(126,46,'Luisa Walsh',NULL),(127,46,'Kristofer Kemmer',NULL),(128,46,'Mariano Reichert I',NULL),(129,47,'Georgiana Deckow',NULL),(130,47,'Cameron Hudson Sr.',NULL),(131,48,'Felipe Blanda',NULL),(132,48,'Salvatore Bogisich',NULL),(133,49,'Maggie Cronin',NULL),(134,50,'Miss Alena Schneider',NULL),(135,50,'Misael Jacobi',NULL),(136,50,'Amy Luettgen',NULL),(137,50,'Shyanne Bernhard IV',NULL),(138,51,'Mellie Beer',NULL),(139,51,'Lowell Bruen',NULL),(140,51,'Miss Rodger Gaylord',NULL),(141,52,'Jamey Schowalter',NULL),(142,52,'Hermina Morissette II',NULL),(143,52,'Amos Swaniawski',NULL),(144,53,'Ms. Caitlyn Kerluke',NULL),(145,53,'Ms. Dovie Heaney',NULL),(146,53,'Isaiah Dickens',NULL),(147,54,'Shyanne Schmeler',NULL),(148,54,'Jordi Brown',NULL),(149,54,'Miss Jillian Ferry',NULL),(150,54,'Frank Larson',NULL),(151,54,'Roberto O\'Conner I',NULL),(152,55,'Cecelia Kilback PhD',NULL),(153,55,'Ms. Harvey Pollich',NULL),(154,56,'Laron Murray',NULL),(155,56,'Antonio Heaney',NULL),(156,57,'Madalyn Kautzer V',NULL),(157,57,'Cruz Parker',NULL),(158,57,'Briana Ankunding IV',NULL),(159,57,'Maye Howell',NULL),(160,57,'Cedrick Jacobi',NULL),(161,58,'Wendell Ziemann IV',NULL),(162,58,'Emily Schaefer',NULL),(163,58,'Jermey Wisozk II',NULL),(164,59,'Kara Grimes',NULL),(165,59,'Alexis Stark III',NULL),(166,59,'Hershel Toy',NULL),(167,59,'Adolphus Greenfelder',NULL),(168,59,'Mrs. Fredrick Swift',NULL),(169,60,'Miss Trystan Strosin',NULL),(170,60,'Toy Powlowski',NULL),(171,61,'Tabitha Hickle',NULL),(172,62,'Pat Blick',NULL),(173,62,'Janis Breitenberg',NULL),(174,62,'Mrs. Johnson Stehr',NULL),(175,62,'Mr. Stanton Volkman',NULL),(176,62,'Dr. Nakia Little',NULL),(177,63,'Maverick Jast MD',NULL),(178,63,'Unique Stokes',NULL),(179,64,'Missouri Marquardt IV',NULL),(180,64,'Ayana Buckridge',NULL),(181,65,'London Ondricka',NULL),(182,65,'Una Schaefer',NULL),(183,66,'Arnoldo Reinger',NULL),(184,66,'Mr. Yasmeen Lemke',NULL),(185,66,'Adolphus Schowalter III',NULL),(186,66,'Ms. Rebeka Hirthe',NULL),(187,67,'Emilio Douglas',NULL),(188,67,'Robb Connelly',NULL),(189,68,'Jaqueline Parker DVM',NULL),(190,68,'Darrell Schuppe',NULL),(191,68,'Ms. Brandy Rempel',NULL),(192,69,'Colt Hettinger',NULL),(193,70,'Hyman Marvin',NULL),(194,70,'Jaron Jacobs',NULL),(195,70,'Lyric Brown',NULL),(196,71,'Roselyn Williamson',NULL),(197,71,'Will Hintz',NULL),(198,71,'Zelda Legros',NULL),(199,71,'Una Harvey Sr.',NULL),(200,72,'Loy Hessel',NULL),(201,72,'Davonte Tromp',NULL),(202,73,'Garnet Hodkiewicz',NULL),(203,73,'Claudine Hauck',NULL),(204,73,'Shanna Schroeder',NULL),(205,73,'Maybell Kub',NULL),(206,73,'Kacey Davis',NULL);
/*!40000 ALTER TABLE `accessories` ENABLE KEYS */;
UNLOCK TABLES;

--
-- Table structure for table `accessories_inventory_pools`
--

DROP TABLE IF EXISTS `accessories_inventory_pools`;
/*!40101 SET @saved_cs_client     = @@character_set_client */;
/*!40101 SET character_set_client = utf8 */;
CREATE TABLE `accessories_inventory_pools` (
  `accessory_id` int(11) DEFAULT NULL,
  `inventory_pool_id` int(11) DEFAULT NULL,
  UNIQUE KEY `index_accessories_inventory_pools` (`accessory_id`,`inventory_pool_id`),
  KEY `index_accessories_inventory_pools_on_inventory_pool_id` (`inventory_pool_id`),
  CONSTRAINT `accessories_inventory_pools_inventory_pool_id_fk` FOREIGN KEY (`inventory_pool_id`) REFERENCES `inventory_pools` (`id`),
  CONSTRAINT `accessories_inventory_pools_accessory_id_fk` FOREIGN KEY (`accessory_id`) REFERENCES `accessories` (`id`)
) ENGINE=InnoDB DEFAULT CHARSET=utf8 COLLATE=utf8_unicode_ci;
/*!40101 SET character_set_client = @saved_cs_client */;

--
-- Dumping data for table `accessories_inventory_pools`
--

LOCK TABLES `accessories_inventory_pools` WRITE;
/*!40000 ALTER TABLE `accessories_inventory_pools` DISABLE KEYS */;
INSERT INTO `accessories_inventory_pools` VALUES (1,1),(7,1),(8,1),(15,1),(16,1),(19,1),(21,1),(27,1),(28,1),(29,1),(34,1),(36,1),(38,1),(42,1),(44,1),(48,1),(51,1),(54,1),(61,1),(62,1),(64,1),(65,1),(66,1),(67,1),(70,1),(71,1),(73,1),(78,1),(79,1),(81,1),(84,1),(86,1),(87,1),(89,1),(90,1),(93,1),(94,1),(95,1),(96,1),(97,1),(98,1),(99,1),(100,1),(101,1),(102,1),(103,1),(105,1),(108,1),(109,1),(110,1),(111,1),(112,1),(113,1),(114,1),(115,1),(117,1),(118,1),(119,1),(121,1),(122,1),(124,1),(125,1),(127,1),(128,1),(129,1),(130,1),(131,1),(133,1),(135,1),(136,1),(137,1),(138,1),(139,1),(141,1),(142,1),(144,1),(145,1),(147,1),(150,1),(152,1),(154,1),(155,1),(157,1),(159,1),(160,1),(163,1),(164,1),(166,1),(167,1),(169,1),(170,1),(171,1),(175,1),(176,1),(177,1),(179,1),(180,1),(181,1),(182,1),(185,1),(189,1),(190,1),(192,1),(193,1),(194,1),(196,1),(197,1),(198,1),(199,1),(202,1),(203,1),(204,1),(205,1),(206,1);
/*!40000 ALTER TABLE `accessories_inventory_pools` ENABLE KEYS */;
UNLOCK TABLES;

--
-- Table structure for table `addresses`
--

DROP TABLE IF EXISTS `addresses`;
/*!40101 SET @saved_cs_client     = @@character_set_client */;
/*!40101 SET character_set_client = utf8 */;
CREATE TABLE `addresses` (
  `id` int(11) NOT NULL AUTO_INCREMENT,
  `street` varchar(255) COLLATE utf8_unicode_ci DEFAULT NULL,
  `zip_code` varchar(255) COLLATE utf8_unicode_ci DEFAULT NULL,
  `city` varchar(255) COLLATE utf8_unicode_ci DEFAULT NULL,
  `country_code` varchar(255) COLLATE utf8_unicode_ci DEFAULT NULL,
  `latitude` float DEFAULT NULL,
  `longitude` float DEFAULT NULL,
  PRIMARY KEY (`id`),
  UNIQUE KEY `index_addresses_on_street_and_zip_code_and_city_and_country_code` (`street`,`zip_code`,`city`,`country_code`)
) ENGINE=InnoDB DEFAULT CHARSET=utf8 COLLATE=utf8_unicode_ci;
/*!40101 SET character_set_client = @saved_cs_client */;

--
-- Dumping data for table `addresses`
--

LOCK TABLES `addresses` WRITE;
/*!40000 ALTER TABLE `addresses` DISABLE KEYS */;
/*!40000 ALTER TABLE `addresses` ENABLE KEYS */;
UNLOCK TABLES;

--
-- Table structure for table `attachments`
--

DROP TABLE IF EXISTS `attachments`;
/*!40101 SET @saved_cs_client     = @@character_set_client */;
/*!40101 SET character_set_client = utf8 */;
CREATE TABLE `attachments` (
  `id` int(11) NOT NULL AUTO_INCREMENT,
  `model_id` int(11) DEFAULT NULL,
  `is_main` tinyint(1) DEFAULT '0',
  `content_type` varchar(255) COLLATE utf8_unicode_ci DEFAULT NULL,
  `filename` varchar(255) COLLATE utf8_unicode_ci DEFAULT NULL,
  `size` int(11) DEFAULT NULL,
  PRIMARY KEY (`id`),
  KEY `index_attachments_on_model_id` (`model_id`),
  CONSTRAINT `attachments_model_id_fk` FOREIGN KEY (`model_id`) REFERENCES `models` (`id`) ON DELETE CASCADE
) ENGINE=InnoDB AUTO_INCREMENT=7 DEFAULT CHARSET=utf8 COLLATE=utf8_unicode_ci;
/*!40101 SET character_set_client = @saved_cs_client */;

--
-- Dumping data for table `attachments`
--

LOCK TABLES `attachments` WRITE;
/*!40000 ALTER TABLE `attachments` DISABLE KEYS */;
INSERT INTO `attachments` VALUES (1,16,0,'image/jpeg','ut',NULL),(2,17,0,'image/jpeg','itaque',NULL),(3,74,0,'image/jpeg','cumque',NULL),(4,75,0,'image/jpeg','distinctio',NULL),(5,75,0,'image/jpeg','qui',NULL),(6,75,0,'image/jpeg','iure',NULL);
/*!40000 ALTER TABLE `attachments` ENABLE KEYS */;
UNLOCK TABLES;

--
-- Table structure for table `authentication_systems`
--

DROP TABLE IF EXISTS `authentication_systems`;
/*!40101 SET @saved_cs_client     = @@character_set_client */;
/*!40101 SET character_set_client = utf8 */;
CREATE TABLE `authentication_systems` (
  `id` int(11) NOT NULL AUTO_INCREMENT,
  `name` varchar(255) COLLATE utf8_unicode_ci DEFAULT NULL,
  `class_name` varchar(255) COLLATE utf8_unicode_ci DEFAULT NULL,
  `is_default` tinyint(1) DEFAULT '0',
  `is_active` tinyint(1) DEFAULT '0',
  PRIMARY KEY (`id`)
) ENGINE=InnoDB AUTO_INCREMENT=4 DEFAULT CHARSET=utf8 COLLATE=utf8_unicode_ci;
/*!40101 SET character_set_client = @saved_cs_client */;

--
-- Dumping data for table `authentication_systems`
--

LOCK TABLES `authentication_systems` WRITE;
/*!40000 ALTER TABLE `authentication_systems` DISABLE KEYS */;
INSERT INTO `authentication_systems` VALUES (1,'Database Authentication','DatabaseAuthentication',1,1),(2,'LDAP Authentication','LdapAuthentication',0,0),(3,'ZHDK Authentication','Zhdk',0,0);
/*!40000 ALTER TABLE `authentication_systems` ENABLE KEYS */;
UNLOCK TABLES;

--
-- Table structure for table `buildings`
--

DROP TABLE IF EXISTS `buildings`;
/*!40101 SET @saved_cs_client     = @@character_set_client */;
/*!40101 SET character_set_client = utf8 */;
CREATE TABLE `buildings` (
  `id` int(11) NOT NULL AUTO_INCREMENT,
  `name` varchar(255) COLLATE utf8_unicode_ci DEFAULT NULL,
  `code` varchar(255) COLLATE utf8_unicode_ci DEFAULT NULL,
  PRIMARY KEY (`id`)
) ENGINE=InnoDB AUTO_INCREMENT=193 DEFAULT CHARSET=utf8 COLLATE=utf8_unicode_ci;
/*!40101 SET character_set_client = @saved_cs_client */;

--
-- Dumping data for table `buildings`
--

LOCK TABLES `buildings` WRITE;
/*!40000 ALTER TABLE `buildings` DISABLE KEYS */;
INSERT INTO `buildings` VALUES (1,'Ausstellungsstrasse 60','AU60'),(2,'Atautfacere','sed'),(3,'Temporibussintrepudiandae','rer'),(4,'Dictaatqueet','ete'),(5,'Voluptatemidex','uta'),(6,'Liberodelenitiquia','cum'),(7,'Architectoquosvoluptatem','del'),(8,'Nonminusoccaecati','qui'),(9,'Accusamuseaquos','qui'),(10,'Utducimusfacilis','tem'),(11,'Doloribusinciduntnon','sin'),(12,'Voluptasitaqueet','per'),(13,'Essealiquiddolor','dol'),(14,'Autconsecteturquos','aut'),(15,'Quialaboreodio','etp'),(16,'Quisminimaconsequuntur','cum'),(17,'Sedquiaquo','dol'),(18,'Aliasipsumipsa','dol'),(19,'Iustofacereut','aut'),(20,'Nonsequiest','del'),(21,'Estessemollitia','asp'),(22,'Rerumnostrumet','dig'),(23,'Vitaesednisi','tem'),(24,'Repudiandaesintiste','lab'),(25,'Absuscipitea','rat'),(26,'Dignissimosvoluptassint','sit'),(27,'Molestiaesedducimus','aut'),(28,'Quoquosaut','num'),(29,'Quideseruntnon','quo'),(30,'Nobisnesciuntminima','qui'),(31,'Aliasvoluptatemdistinctio','sim'),(32,'Atdebitisquae','com'),(33,'Evenietharumqui','ine'),(34,'Nisiautid','aut'),(35,'Providentinventoreexercitationem','vel'),(36,'Nequerepellatsit','non'),(37,'Nostrumminimablanditiis','sit'),(38,'Hicilloeum','rep'),(39,'Etquisvitae','omn'),(40,'Teneturetaut','omn'),(41,'Quomodilaudantium','nem'),(42,'Exrationeest','uta'),(43,'Vitaelaborequibusdam','aut'),(44,'Etenimsimilique','ets'),(45,'Etdistinctiodolor','vol'),(46,'Cumautemqui','eau'),(47,'Quifugiatest','rep'),(48,'Autmaioresbeatae','vel'),(49,'Asperioresquisquam','rep'),(50,'Ullamcorporisvitae','arc'),(51,'Rerumlaboremodi','atn'),(52,'Verosinteum','lab'),(53,'Quasdistinctioqui','ear'),(54,'Sitvoluptatummaxime','nes'),(55,'Corruptiundenihil','del'),(56,'Dolorevenietvero','est'),(57,'Voluptatemeosvoluptas','aut'),(58,'Quisofficiismagnam','dis'),(59,'Autemnostrumrepellendus','por'),(60,'Nonvoluptatemet','duc'),(61,'Inetveritatis','mag'),(62,'Etcumsimilique','hic'),(63,'Autquidemveritatis','omn'),(64,'Debitisipsaquis','ear'),(65,'Asperioresminimaunde','acc'),(66,'Nihileapossimus','eti'),(67,'Culpaducimusvel','ius'),(68,'Expeditapariatureaque','dol'),(69,'Nobisadet','lab'),(70,'Culpaestet','etv'),(71,'Ipsadoloremcorporis','vel'),(72,'Utanimiblanditiis','con'),(73,'Excepturicommodimaxime','seq'),(74,'Voluptatibusperspiciatisrerum','tot'),(75,'Utfacerelaudantium','nos'),(76,'Exaliasquisquam','sed'),(77,'Eaquesedomnis','quo'),(78,'Placeatautaspernatur','bla'),(79,'Addoloresea','vel'),(80,'Recusandaequisquamqui','lab'),(81,'Magnametmolestiae','vel'),(82,'Maximesaepedolorem','rep'),(83,'Nonnoneligendi','qui'),(84,'Reprehenderitdoloremquetenetur','odi'),(85,'Sintsediusto','sun'),(86,'Providentnecessitatibusvoluptatem','nat'),(87,'Illoplaceatquis','bla'),(88,'Maioresvoluptaseum','fug'),(89,'Voluptatemdoloresvel','inq'),(90,'Quasetet','nes'),(91,'Rerumdoloremquenon','sun'),(92,'Earumideligendi','ali'),(93,'Ullamquiaet','num'),(94,'Nequeofficiisalias','con'),(95,'Idvelassumenda','etf'),(96,'Quiomnisdoloremque','etc'),(97,'Laborumofficiaut','con'),(98,'Vitaeaspernaturdolores','sin'),(99,'Maioresdelectusdolorem','exp'),(100,'Consequaturveropariatur','hic'),(101,'Providentetaut','ete'),(102,'Aspernaturrepellendusnostrum','nes'),(103,'Quiaaliquamest','rep'),(104,'Quasvoluptatibusveritatis','pla'),(105,'Eosearumut','omn'),(106,'Sitremdebitis','eos'),(107,'Molestiaealiquiddolore','mol'),(108,'Providentaspernaturconsequatur','del'),(109,'Sinttotamut','vol'),(110,'Nemoiureblanditiis','eos'),(111,'Veritatisuttemporibus','aut'),(112,'Temporacorruptivelit','nul'),(113,'Autlaborequi','eaq'),(114,'Providentutqui','lib'),(115,'Abtotamest','inc'),(116,'Sintenimimpedit','con'),(117,'Nostrumsapientesint','lau'),(118,'Fugiattemporibuset','max'),(119,'Quiaetdolores','con'),(120,'Placeatvoluptatemquam','ame'),(121,'Consecteturautvoluptas','per'),(122,'Fugitofficiisminima','bea'),(123,'Voluptatesporroiusto','duc'),(124,'Aliaseaautem','lab'),(125,'Nemoquoeum','adi'),(126,'Eligendidoloret','qui'),(127,'Etculpacommodi','nih'),(128,'Veroquiporro','qui'),(129,'Etmolestiaseos','inv'),(130,'Explicabotemporaut','inc'),(131,'Exercitationemeligendifacere','tem'),(132,'Estconsecteturdolores','est'),(133,'Maioresquirepudiandae','adi'),(134,'Doloremcorporisbeatae','tem'),(135,'Perspiciatisnisiminima','rer'),(136,'Etautemiusto','mai'),(137,'Dictaeaamet','est'),(138,'Praesentiumexercitationemratione','idm'),(139,'Commodinostrumunde','sit'),(140,'Consequaturutvoluptas','sun'),(141,'Utquiadolores','nos'),(142,'Eacupiditaterepudiandae','utn'),(143,'Minusdoloresin','ass'),(144,'Doloremqueinea','omn'),(145,'Deseruntinciduntqui','quo'),(146,'Eaquisint','acc'),(147,'Inventoredolorumet','con'),(148,'Nihilofficiaculpa','abn'),(149,'Utquasidolores','lau'),(150,'Vitaeeligendifacere','fug'),(151,'Rerumnonenim','cor'),(152,'Delectusevenietaliquam','vol'),(153,'Voluptasabcum','sol'),(154,'Consequaturvitaeminus','con'),(155,'Etomnisodio','eum'),(156,'Vitaequiadolor','vol'),(157,'Officiisvoluptatemoccaecati','dol'),(158,'Doloremsedvel','arc'),(159,'Vitaeomnisin','aut'),(160,'Etplaceatiusto','utd'),(161,'Possimusetvoluptatem','qui'),(162,'Asperioresatqueaut','exe'),(163,'Adametratione','nul'),(164,'Ututaliquid','pra'),(165,'Quieoslaboriosam','rep'),(166,'Estexcepturinon','per'),(167,'Autnatuset','rep'),(168,'Etquosaut','mol'),(169,'Aliasfacilissapiente','uts'),(170,'Possimusnobisea','mol'),(171,'Saepeatqueoptio','eve'),(172,'Estpariatureveniet','utq'),(173,'Suntrepellatlabore','sit'),(174,'Optioautvoluptatem','ess'),(175,'Aliquidquosuscipit','qua'),(176,'Solutaenimquo','ape'),(177,'Autetmagni','tem'),(178,'Eosmaximeexercitationem','vol'),(179,'Inciduntetomnis','mol'),(180,'Magnioccaecatiofficiis','ass'),(181,'Repellatnihilrerum','qua'),(182,'Etaperiamvero','sap'),(183,'Quiaquosequi','off'),(184,'Autemutquas','qui'),(185,'Veniamrepudiandaevoluptatum','mol'),(186,'Acumquedoloribus','inl'),(187,'Rationeliberodoloribus','eum'),(188,'Suntautquia','arc'),(189,'Eosdelenitivelit','cul'),(190,'Quidemconsequaturet','sed'),(191,'Enimvoluptassed','vol'),(192,'Corruptifugiatdolorem','cul');
/*!40000 ALTER TABLE `buildings` ENABLE KEYS */;
UNLOCK TABLES;

--
-- Table structure for table `contract_lines`
--

DROP TABLE IF EXISTS `contract_lines`;
/*!40101 SET @saved_cs_client     = @@character_set_client */;
/*!40101 SET character_set_client = utf8 */;
CREATE TABLE `contract_lines` (
  `id` int(11) NOT NULL AUTO_INCREMENT,
  `contract_id` int(11) DEFAULT NULL,
  `type` varchar(255) COLLATE utf8_unicode_ci NOT NULL DEFAULT 'ItemLine',
  `item_id` int(11) DEFAULT NULL,
  `model_id` int(11) DEFAULT NULL,
  `quantity` int(11) DEFAULT '1',
  `start_date` date DEFAULT NULL,
  `end_date` date DEFAULT NULL,
  `returned_date` date DEFAULT NULL,
  `option_id` int(11) DEFAULT NULL,
  `purpose_id` int(11) DEFAULT NULL,
  `returned_to_user_id` int(11) DEFAULT NULL,
  `created_at` datetime DEFAULT NULL,
  `updated_at` datetime DEFAULT NULL,
  PRIMARY KEY (`id`),
  KEY `index_contract_lines_on_start_date` (`start_date`),
  KEY `index_contract_lines_on_end_date` (`end_date`),
  KEY `index_contract_lines_on_option_id` (`option_id`),
  KEY `index_contract_lines_on_contract_id` (`contract_id`),
  KEY `index_contract_lines_on_item_id` (`item_id`),
  KEY `index_contract_lines_on_model_id` (`model_id`),
  KEY `index_contract_lines_on_returned_date_and_contract_id` (`returned_date`,`contract_id`),
  KEY `index_contract_lines_on_type_and_contract_id` (`type`,`contract_id`),
  KEY `contract_lines_purpose_id_fk` (`purpose_id`),
  KEY `contract_lines_returned_to_user_id_fk` (`returned_to_user_id`),
  CONSTRAINT `contract_lines_returned_to_user_id_fk` FOREIGN KEY (`returned_to_user_id`) REFERENCES `users` (`id`),
  CONSTRAINT `contract_lines_contract_id_fk` FOREIGN KEY (`contract_id`) REFERENCES `contracts` (`id`) ON DELETE CASCADE,
  CONSTRAINT `contract_lines_item_id_fk` FOREIGN KEY (`item_id`) REFERENCES `items` (`id`),
  CONSTRAINT `contract_lines_model_id_fk` FOREIGN KEY (`model_id`) REFERENCES `models` (`id`),
  CONSTRAINT `contract_lines_option_id_fk` FOREIGN KEY (`option_id`) REFERENCES `options` (`id`),
  CONSTRAINT `contract_lines_purpose_id_fk` FOREIGN KEY (`purpose_id`) REFERENCES `purposes` (`id`)
) ENGINE=InnoDB AUTO_INCREMENT=192 DEFAULT CHARSET=utf8 COLLATE=utf8_unicode_ci;
/*!40101 SET character_set_client = @saved_cs_client */;

--
-- Dumping data for table `contract_lines`
--

LOCK TABLES `contract_lines` WRITE;
/*!40000 ALTER TABLE `contract_lines` DISABLE KEYS */;
INSERT INTO `contract_lines` VALUES (1,1,'ItemLine',NULL,111,1,'2012-08-30','2012-08-30',NULL,NULL,NULL,NULL,'2012-08-30 01:06:03','2012-08-30 01:06:03'),(2,1,'ItemLine',NULL,115,1,'2012-08-30','2012-08-30',NULL,NULL,NULL,NULL,'2012-08-30 01:06:03','2012-08-30 01:06:03'),(3,1,'ItemLine',NULL,119,1,'2012-08-30','2012-08-30',NULL,NULL,NULL,NULL,'2012-08-30 01:06:03','2012-08-30 01:06:03'),(4,2,'ItemLine',NULL,4,1,'2012-08-30','2012-08-30',NULL,NULL,NULL,NULL,'2012-08-30 01:06:03','2012-08-30 01:06:03'),(5,2,'ItemLine',NULL,12,1,'2012-08-30','2012-08-30',NULL,NULL,NULL,NULL,'2012-08-30 01:06:03','2012-08-30 01:06:03'),(6,2,'ItemLine',NULL,41,1,'2012-08-30','2012-08-30',NULL,NULL,NULL,NULL,'2012-08-30 01:06:03','2012-08-30 01:06:03'),(7,2,'ItemLine',NULL,46,1,'2012-08-30','2012-08-30',NULL,NULL,NULL,NULL,'2012-08-30 01:06:03','2012-08-30 01:06:03'),(8,3,'ItemLine',NULL,8,1,'2012-09-06','2012-09-09',NULL,NULL,1,NULL,'2012-08-30 01:06:03','2012-08-30 01:06:03'),(9,3,'ItemLine',NULL,8,1,'2012-09-06','2012-09-09',NULL,NULL,1,NULL,'2012-08-30 01:06:03','2012-08-30 01:06:03'),(10,3,'ItemLine',NULL,8,1,'2012-09-06','2012-09-09',NULL,NULL,1,NULL,'2012-08-30 01:06:03','2012-08-30 01:06:03'),(11,3,'ItemLine',NULL,8,1,'2012-09-06','2012-09-09',NULL,NULL,1,NULL,'2012-08-30 01:06:03','2012-08-30 01:06:03'),(12,3,'ItemLine',NULL,8,1,'2012-09-06','2012-09-09',NULL,NULL,1,NULL,'2012-08-30 01:06:03','2012-08-30 01:06:03'),(13,3,'ItemLine',NULL,9,1,'2012-09-06','2012-09-09',NULL,NULL,2,NULL,'2012-08-30 01:06:03','2012-08-30 01:06:03'),(14,3,'ItemLine',NULL,9,1,'2012-09-06','2012-09-09',NULL,NULL,2,NULL,'2012-08-30 01:06:03','2012-08-30 01:06:03'),(15,3,'ItemLine',NULL,9,1,'2012-09-06','2012-09-09',NULL,NULL,2,NULL,'2012-08-30 01:06:03','2012-08-30 01:06:03'),(16,3,'ItemLine',NULL,9,1,'2012-09-06','2012-09-09',NULL,NULL,2,NULL,'2012-08-30 01:06:03','2012-08-30 01:06:03'),(17,3,'ItemLine',NULL,9,1,'2012-09-06','2012-09-09',NULL,NULL,2,NULL,'2012-08-30 01:06:03','2012-08-30 01:06:03'),(18,4,'ItemLine',NULL,22,1,'2012-08-30','2012-08-31',NULL,NULL,3,NULL,'2012-08-30 01:06:03','2012-08-30 01:06:03'),(19,5,'ItemLine',NULL,4,1,'2012-08-30','2012-08-30',NULL,NULL,4,NULL,'2012-08-30 01:06:03','2012-08-30 01:06:03'),(20,5,'ItemLine',NULL,123,1,'2012-08-30','2012-08-30',NULL,NULL,4,NULL,'2012-08-30 01:06:03','2012-08-30 01:06:03'),(21,5,'ItemLine',NULL,127,1,'2012-08-30','2012-08-30',NULL,NULL,4,NULL,'2012-08-30 01:06:03','2012-08-30 01:06:03'),(22,5,'ItemLine',NULL,131,1,'2012-08-30','2012-08-30',NULL,NULL,4,NULL,'2012-08-30 01:06:03','2012-08-30 01:06:03'),(23,5,'ItemLine',NULL,135,1,'2012-08-30','2012-08-30',NULL,NULL,4,NULL,'2012-08-30 01:06:03','2012-08-30 01:06:03'),(24,6,'ItemLine',NULL,85,1,'2012-08-30','2012-08-30',NULL,NULL,5,NULL,'2012-08-30 01:06:03','2012-08-30 01:06:03'),(25,6,'ItemLine',NULL,58,1,'2012-08-30','2012-08-30',NULL,NULL,5,NULL,'2012-08-30 01:06:03','2012-08-30 01:06:03'),(26,6,'ItemLine',NULL,101,1,'2012-08-30','2012-08-30',NULL,NULL,5,NULL,'2012-08-30 01:06:03','2012-08-30 01:06:03'),(27,7,'ItemLine',NULL,139,1,'2012-08-30','2012-08-30',NULL,NULL,6,NULL,'2012-08-30 01:06:03','2012-08-30 01:06:03'),(28,7,'ItemLine',NULL,143,1,'2012-08-30','2012-08-30',NULL,NULL,6,NULL,'2012-08-30 01:06:03','2012-08-30 01:06:03'),(29,7,'ItemLine',NULL,147,1,'2012-08-30','2012-08-30',NULL,NULL,6,NULL,'2012-08-30 01:06:03','2012-08-30 01:06:03'),(30,7,'ItemLine',NULL,151,1,'2012-08-30','2012-08-30',NULL,NULL,6,NULL,'2012-08-30 01:06:03','2012-08-30 01:06:03'),(31,7,'ItemLine',NULL,155,1,'2012-08-30','2012-08-30',NULL,NULL,6,NULL,'2012-08-30 01:06:03','2012-08-30 01:06:03'),(32,7,'ItemLine',NULL,159,1,'2012-08-30','2012-08-30',NULL,NULL,6,NULL,'2012-08-30 01:06:03','2012-08-30 01:06:03'),(33,8,'ItemLine',NULL,163,1,'2012-08-30','2012-08-30',NULL,NULL,7,NULL,'2012-08-30 01:06:03','2012-08-30 01:06:03'),(34,8,'ItemLine',NULL,167,1,'2012-08-30','2012-08-30',NULL,NULL,7,NULL,'2012-08-30 01:06:03','2012-08-30 01:06:03'),(35,8,'ItemLine',NULL,171,1,'2012-08-30','2012-08-30',NULL,NULL,7,NULL,'2012-08-30 01:06:03','2012-08-30 01:06:03'),(36,8,'ItemLine',NULL,175,1,'2012-08-30','2012-08-30',NULL,NULL,7,NULL,'2012-08-30 01:06:03','2012-08-30 01:06:03'),(37,9,'ItemLine',NULL,179,1,'2012-08-23','2012-08-23',NULL,NULL,8,NULL,'2012-08-23 01:06:03','2012-08-23 01:06:03'),(38,9,'ItemLine',NULL,180,1,'2012-08-23','2012-08-23',NULL,NULL,8,NULL,'2012-08-23 01:06:03','2012-08-23 01:06:03'),(39,9,'ItemLine',NULL,181,1,'2012-08-23','2012-08-23',NULL,NULL,8,NULL,'2012-08-23 01:06:03','2012-08-23 01:06:03'),(40,9,'ItemLine',NULL,182,1,'2012-08-23','2012-08-23',NULL,NULL,8,NULL,'2012-08-23 01:06:03','2012-08-23 01:06:03'),(41,9,'ItemLine',NULL,183,1,'2012-08-23','2012-08-23',NULL,NULL,8,NULL,'2012-08-23 01:06:03','2012-08-23 01:06:03'),(42,9,'ItemLine',NULL,19,1,'2012-08-23','2012-08-23',NULL,NULL,9,NULL,'2012-08-23 01:06:03','2012-08-23 01:06:03'),(43,10,'ItemLine',NULL,184,1,'2012-08-30','2012-08-30',NULL,NULL,10,NULL,'2012-08-30 01:06:03','2012-08-30 01:06:03'),(44,10,'ItemLine',NULL,185,1,'2012-08-30','2012-08-30',NULL,NULL,10,NULL,'2012-08-30 01:06:03','2012-08-30 01:06:03'),(45,10,'ItemLine',NULL,186,1,'2012-08-30','2012-08-30',NULL,NULL,10,NULL,'2012-08-30 01:06:03','2012-08-30 01:06:03'),(46,10,'ItemLine',NULL,21,1,'2012-08-30','2012-08-30',NULL,NULL,11,NULL,'2012-08-30 01:06:03','2012-08-30 01:06:03'),(47,11,'ItemLine',NULL,187,1,'2012-08-30','2012-08-30',NULL,NULL,12,NULL,'2012-08-30 01:06:03','2012-08-30 01:06:03'),(48,11,'ItemLine',NULL,188,1,'2012-08-30','2012-08-30',NULL,NULL,12,NULL,'2012-08-30 01:06:03','2012-08-30 01:06:03'),(49,11,'ItemLine',NULL,189,1,'2012-08-30','2012-08-30',NULL,NULL,12,NULL,'2012-08-30 01:06:03','2012-08-30 01:06:03'),(50,11,'ItemLine',NULL,190,1,'2012-08-30','2012-08-30',NULL,NULL,12,NULL,'2012-08-30 01:06:03','2012-08-30 01:06:03'),(51,11,'ItemLine',NULL,191,1,'2012-08-30','2012-08-30',NULL,NULL,12,NULL,'2012-08-30 01:06:03','2012-08-30 01:06:03'),(52,12,'ItemLine',NULL,192,1,'2012-08-30','2012-08-30',NULL,NULL,13,NULL,'2012-08-30 01:06:03','2012-08-30 01:06:03'),(53,12,'ItemLine',NULL,193,1,'2012-08-30','2012-08-30',NULL,NULL,13,NULL,'2012-08-30 01:06:03','2012-08-30 01:06:03'),(54,12,'ItemLine',NULL,194,1,'2012-08-30','2012-08-30',NULL,NULL,13,NULL,'2012-08-30 01:06:03','2012-08-30 01:06:03'),(55,13,'ItemLine',NULL,195,1,'2012-08-30','2012-08-30',NULL,NULL,14,NULL,'2012-08-30 01:06:03','2012-08-30 01:06:03'),(56,13,'ItemLine',NULL,196,1,'2012-08-30','2012-08-30',NULL,NULL,14,NULL,'2012-08-30 01:06:03','2012-08-30 01:06:03'),(57,13,'ItemLine',NULL,197,1,'2012-08-30','2012-08-30',NULL,NULL,14,NULL,'2012-08-30 01:06:03','2012-08-30 01:06:03'),(58,13,'ItemLine',NULL,198,1,'2012-08-30','2012-08-30',NULL,NULL,14,NULL,'2012-08-30 01:06:03','2012-08-30 01:06:03'),(59,13,'ItemLine',NULL,199,1,'2012-08-30','2012-08-30',NULL,NULL,14,NULL,'2012-08-30 01:06:03','2012-08-30 01:06:03'),(60,14,'ItemLine',NULL,200,1,'2012-08-27','2012-08-27',NULL,NULL,15,NULL,'2012-08-25 01:06:03','2012-08-25 01:06:03'),(61,14,'ItemLine',NULL,201,1,'2012-08-27','2012-08-27',NULL,NULL,15,NULL,'2012-08-25 01:06:03','2012-08-25 01:06:03'),(62,14,'ItemLine',NULL,202,1,'2012-08-27','2012-08-27',NULL,NULL,15,NULL,'2012-08-25 01:06:03','2012-08-25 01:06:03'),(63,14,'ItemLine',NULL,203,1,'2012-08-27','2012-08-27',NULL,NULL,15,NULL,'2012-08-25 01:06:03','2012-08-25 01:06:03'),(64,14,'ItemLine',NULL,204,1,'2012-08-27','2012-08-27',NULL,NULL,15,NULL,'2012-08-25 01:06:03','2012-08-25 01:06:03'),(65,14,'ItemLine',NULL,20,1,'2012-08-27','2012-08-27',NULL,NULL,16,NULL,'2012-08-25 01:06:03','2012-08-25 01:06:03'),(66,14,'ItemLine',NULL,20,1,'2012-08-27','2012-08-27',NULL,NULL,16,NULL,'2012-08-25 01:06:03','2012-08-25 01:06:03'),(67,15,'ItemLine',NULL,205,1,'2012-08-29','2012-08-29',NULL,NULL,17,NULL,'2012-08-29 01:06:03','2012-08-29 01:06:03'),(68,15,'ItemLine',NULL,206,1,'2012-08-29','2012-08-29',NULL,NULL,17,NULL,'2012-08-29 01:06:03','2012-08-29 01:06:03'),(69,15,'ItemLine',NULL,207,1,'2012-08-29','2012-08-29',NULL,NULL,17,NULL,'2012-08-29 01:06:03','2012-08-29 01:06:03'),(70,15,'ItemLine',NULL,208,1,'2012-08-29','2012-08-29',NULL,NULL,17,NULL,'2012-08-29 01:06:03','2012-08-29 01:06:03'),(71,15,'ItemLine',NULL,209,1,'2012-08-29','2012-08-29',NULL,NULL,17,NULL,'2012-08-29 01:06:03','2012-08-29 01:06:03'),(72,16,'ItemLine',NULL,8,1,'2012-09-06','2012-09-09',NULL,NULL,18,NULL,'2012-08-30 01:06:03','2012-08-30 01:06:03'),(73,16,'ItemLine',NULL,9,1,'2012-09-06','2012-09-09',NULL,NULL,19,NULL,'2012-08-30 01:06:03','2012-08-30 01:06:03'),(74,16,'ItemLine',NULL,9,1,'2012-09-07','2012-09-10',NULL,NULL,20,NULL,'2012-08-30 01:06:03','2012-08-30 01:06:03'),(75,17,'ItemLine',NULL,6,1,'2012-08-30','2012-08-31',NULL,NULL,21,NULL,'2012-08-30 01:06:03','2012-08-30 01:06:03'),(76,18,'ItemLine',NULL,210,1,'2012-08-30','2012-08-30',NULL,NULL,22,NULL,'2012-08-30 01:06:03','2012-08-30 01:06:03'),(77,18,'ItemLine',NULL,214,1,'2012-08-30','2012-08-30',NULL,NULL,22,NULL,'2012-08-30 01:06:03','2012-08-30 01:06:03'),(78,18,'ItemLine',NULL,218,1,'2012-08-30','2012-08-30',NULL,NULL,22,NULL,'2012-08-30 01:06:03','2012-08-30 01:06:03'),(79,18,'ItemLine',NULL,222,1,'2012-08-30','2012-08-30',NULL,NULL,22,NULL,'2012-08-30 01:06:03','2012-08-30 01:06:03'),(80,18,'ItemLine',NULL,226,1,'2012-08-30','2012-08-30',NULL,NULL,22,NULL,'2012-08-30 01:06:03','2012-08-30 01:06:03'),(81,19,'ItemLine',233,230,1,'2012-08-30','2012-08-30',NULL,NULL,23,NULL,'2012-08-30 01:06:03','2012-08-30 01:06:03'),(82,19,'ItemLine',234,231,1,'2012-08-30','2012-08-30',NULL,NULL,23,NULL,'2012-08-30 01:06:03','2012-08-30 01:06:03'),(83,19,'ItemLine',235,232,1,'2012-08-30','2012-08-30',NULL,NULL,23,NULL,'2012-08-30 01:06:03','2012-08-30 01:06:03'),(84,19,'ItemLine',236,233,1,'2012-08-30','2012-08-30',NULL,NULL,23,NULL,'2012-08-30 01:06:03','2012-08-30 01:06:03'),(85,19,'ItemLine',237,234,1,'2012-08-30','2012-08-30',NULL,NULL,23,NULL,'2012-08-30 01:06:03','2012-08-30 01:06:03'),(86,19,'ItemLine',238,235,1,'2012-08-30','2012-08-30',NULL,NULL,23,NULL,'2012-08-30 01:06:03','2012-08-30 01:06:03'),(87,19,'ItemLine',239,236,1,'2012-08-30','2012-08-30',NULL,NULL,23,NULL,'2012-08-30 01:06:03','2012-08-30 01:06:03'),(88,19,'ItemLine',240,237,1,'2012-08-30','2012-08-30',NULL,NULL,23,NULL,'2012-08-30 01:06:03','2012-08-30 01:06:03'),(89,19,'ItemLine',241,238,1,'2012-08-30','2012-08-30',NULL,NULL,23,NULL,'2012-08-30 01:06:03','2012-08-30 01:06:03'),(90,19,'ItemLine',242,239,1,'2012-08-30','2012-08-30',NULL,NULL,23,NULL,'2012-08-30 01:06:03','2012-08-30 01:06:03'),(91,19,'ItemLine',243,240,1,'2012-08-30','2012-08-30',NULL,NULL,23,NULL,'2012-08-30 01:06:03','2012-08-30 01:06:03'),(92,19,'ItemLine',244,241,1,'2012-08-30','2012-08-30',NULL,NULL,23,NULL,'2012-08-30 01:06:03','2012-08-30 01:06:03'),(93,19,'ItemLine',245,242,1,'2012-08-30','2012-08-30',NULL,NULL,23,NULL,'2012-08-30 01:06:03','2012-08-30 01:06:03'),(94,19,'ItemLine',246,243,1,'2012-08-30','2012-08-30',NULL,NULL,23,NULL,'2012-08-30 01:06:03','2012-08-30 01:06:03'),(95,19,'ItemLine',247,244,1,'2012-08-30','2012-08-30',NULL,NULL,23,NULL,'2012-08-30 01:06:03','2012-08-30 01:06:03'),(96,19,'ItemLine',248,245,1,'2012-08-30','2012-08-30',NULL,NULL,23,NULL,'2012-08-30 01:06:03','2012-08-30 01:06:03'),(97,19,'ItemLine',249,246,1,'2012-08-30','2012-08-30',NULL,NULL,23,NULL,'2012-08-30 01:06:03','2012-08-30 01:06:03'),(98,19,'ItemLine',250,247,1,'2012-08-30','2012-08-30',NULL,NULL,23,NULL,'2012-08-30 01:06:03','2012-08-30 01:06:03'),(99,19,'ItemLine',251,248,1,'2012-08-30','2012-08-30',NULL,NULL,23,NULL,'2012-08-30 01:06:03','2012-08-30 01:06:03'),(100,19,'ItemLine',252,249,1,'2012-08-30','2012-08-30',NULL,NULL,23,NULL,'2012-08-30 01:06:03','2012-08-30 01:06:03'),(101,19,'ItemLine',253,250,1,'2012-08-30','2012-08-30',NULL,NULL,23,NULL,'2012-08-30 01:06:03','2012-08-30 01:06:03'),(102,19,'ItemLine',254,251,1,'2012-08-30','2012-08-30',NULL,NULL,23,NULL,'2012-08-30 01:06:03','2012-08-30 01:06:03'),(103,19,'ItemLine',255,252,1,'2012-08-30','2012-08-30',NULL,NULL,23,NULL,'2012-08-30 01:06:03','2012-08-30 01:06:03'),(104,19,'ItemLine',256,253,1,'2012-08-30','2012-08-30',NULL,NULL,23,NULL,'2012-08-30 01:06:03','2012-08-30 01:06:03'),(105,19,'ItemLine',257,254,1,'2012-08-30','2012-08-30',NULL,NULL,23,NULL,'2012-08-30 01:06:03','2012-08-30 01:06:03'),(106,19,'ItemLine',258,255,1,'2012-08-30','2012-08-30',NULL,NULL,23,NULL,'2012-08-30 01:06:03','2012-08-30 01:06:03'),(107,19,'ItemLine',259,256,1,'2012-08-30','2012-08-30',NULL,NULL,23,NULL,'2012-08-30 01:06:03','2012-08-30 01:06:03'),(108,19,'ItemLine',260,257,1,'2012-08-30','2012-08-30',NULL,NULL,23,NULL,'2012-08-30 01:06:03','2012-08-30 01:06:03'),(109,19,'ItemLine',261,258,1,'2012-08-30','2012-08-30',NULL,NULL,23,NULL,'2012-08-30 01:06:03','2012-08-30 01:06:03'),(110,19,'ItemLine',262,259,1,'2012-08-30','2012-08-30',NULL,NULL,23,NULL,'2012-08-30 01:06:03','2012-08-30 01:06:03'),(111,19,'ItemLine',263,260,1,'2012-08-30','2012-08-30',NULL,NULL,23,NULL,'2012-08-30 01:06:03','2012-08-30 01:06:03'),(112,19,'ItemLine',264,261,1,'2012-08-30','2012-08-30',NULL,NULL,23,NULL,'2012-08-30 01:06:03','2012-08-30 01:06:03'),(113,19,'ItemLine',NULL,262,1,'2012-08-30','2012-08-30',NULL,NULL,24,NULL,'2012-08-30 01:06:03','2012-08-30 01:06:03'),(114,20,'ItemLine',NULL,263,1,'2012-08-27','2012-08-27',NULL,NULL,25,NULL,'2012-08-25 01:06:03','2012-08-25 01:06:03'),(115,20,'ItemLine',NULL,264,1,'2012-08-27','2012-08-27',NULL,NULL,25,NULL,'2012-08-25 01:06:03','2012-08-25 01:06:03'),(116,20,'ItemLine',NULL,265,1,'2012-08-27','2012-08-27',NULL,NULL,25,NULL,'2012-08-25 01:06:03','2012-08-25 01:06:03'),(117,20,'ItemLine',NULL,266,1,'2012-08-27','2012-08-27',NULL,NULL,25,NULL,'2012-08-25 01:06:03','2012-08-25 01:06:03'),(118,20,'ItemLine',NULL,19,1,'2012-08-27','2012-08-27',NULL,NULL,26,NULL,'2012-08-25 01:06:03','2012-08-25 01:06:03'),(119,21,'ItemLine',88,19,1,'2012-03-30','2012-03-30','2012-03-30',NULL,27,NULL,'2012-03-30 01:06:03','2012-03-30 01:06:03'),(120,22,'ItemLine',270,267,1,'2012-08-30','2012-08-30',NULL,NULL,28,NULL,'2012-08-30 01:06:03','2012-08-30 01:06:03'),(121,22,'OptionLine',NULL,NULL,2,'2012-08-30','2012-08-30',NULL,5,29,NULL,'2012-08-30 01:06:03','2012-08-30 01:06:03'),(122,23,'OptionLine',NULL,NULL,2,'2012-08-30','2012-08-30',NULL,4,30,NULL,'2012-08-30 01:06:03','2012-08-30 01:06:03'),(123,23,'OptionLine',NULL,NULL,1,'2012-08-30','2012-09-30',NULL,4,31,NULL,'2012-08-30 01:06:03','2012-08-30 01:06:03'),(124,24,'ItemLine',271,268,1,'2012-08-30','2012-08-30',NULL,NULL,32,NULL,'2012-08-30 01:06:03','2012-08-30 01:06:03'),(125,25,'ItemLine',NULL,269,1,'2012-08-25','2012-08-29',NULL,NULL,33,NULL,'2012-08-25 01:06:03','2012-08-25 01:06:03'),(126,25,'OptionLine',NULL,NULL,1,'2012-08-25','2012-08-29',NULL,6,34,NULL,'2012-08-25 01:06:03','2012-08-25 01:06:03'),(127,26,'ItemLine',86,4,1,'2012-08-30','2012-08-30','2012-08-30',NULL,35,NULL,'2012-08-30 01:06:03','2012-08-30 01:06:03'),(128,27,'ItemLine',87,4,1,'2012-08-30','2012-08-30','2012-08-30',NULL,36,NULL,'2012-08-30 01:06:03','2012-08-30 01:06:03'),(129,28,'ItemLine',273,270,1,'2012-08-30','2012-08-30','2012-08-30',NULL,37,NULL,'2012-08-30 01:06:03','2012-08-30 01:06:03'),(130,29,'ItemLine',124,101,1,'2012-08-30','2012-08-30','2012-08-30',NULL,38,NULL,'2012-08-30 01:06:03','2012-08-30 01:06:03'),(131,30,'ItemLine',NULL,9,1,'2012-08-30','2012-08-30',NULL,NULL,39,NULL,'2012-08-30 01:06:03','2012-08-30 01:06:03'),(132,31,'ItemLine',NULL,9,1,'2012-08-30','2012-08-30',NULL,NULL,40,NULL,'2012-08-30 01:06:03','2012-08-30 01:06:03'),(133,31,'ItemLine',NULL,2,1,'2012-08-30','2012-08-30',NULL,NULL,41,NULL,'2012-08-30 01:06:03','2012-08-30 01:06:03'),(134,32,'ItemLine',NULL,9,1,'2012-09-06','2012-09-07',NULL,NULL,42,NULL,'2012-08-30 01:06:03','2012-08-30 01:06:03'),(135,33,'ItemLine',NULL,2,1,'2012-08-30','2012-08-30',NULL,NULL,43,NULL,'2012-08-30 01:06:03','2012-08-30 01:06:03'),(136,33,'ItemLine',NULL,2,1,'2012-08-30','2012-08-30',NULL,NULL,43,NULL,'2012-08-30 01:06:03','2012-08-30 01:06:03'),(137,33,'ItemLine',NULL,2,1,'2012-08-30','2012-08-30',NULL,NULL,43,NULL,'2012-08-30 01:06:03','2012-08-30 01:06:03'),(138,34,'ItemLine',NULL,8,1,'2012-08-30','2012-08-30',NULL,NULL,44,NULL,'2012-08-30 01:06:03','2012-08-30 01:06:03'),(139,34,'ItemLine',NULL,8,1,'2012-08-30','2012-08-30',NULL,NULL,44,NULL,'2012-08-30 01:06:03','2012-08-30 01:06:03'),(140,34,'ItemLine',NULL,8,1,'2012-08-30','2012-08-30',NULL,NULL,44,NULL,'2012-08-30 01:06:03','2012-08-30 01:06:03'),(141,34,'ItemLine',NULL,9,1,'2012-08-30','2012-08-30',NULL,NULL,45,NULL,'2012-08-30 01:06:03','2012-08-30 01:06:03'),(142,34,'ItemLine',NULL,9,1,'2012-08-30','2012-08-30',NULL,NULL,45,NULL,'2012-08-30 01:06:03','2012-08-30 01:06:03'),(143,34,'ItemLine',NULL,9,1,'2012-08-30','2012-08-30',NULL,NULL,45,NULL,'2012-08-30 01:06:03','2012-08-30 01:06:03'),(144,34,'OptionLine',NULL,NULL,5,'2012-08-30','2012-08-30',NULL,1,46,NULL,'2012-08-30 01:06:03','2012-08-30 01:06:03'),(145,35,'ItemLine',NULL,271,1,'2012-08-30','2012-08-30',NULL,NULL,47,NULL,'2012-08-30 01:06:03','2012-08-30 01:06:03'),(146,36,'ItemLine',275,272,1,'2012-08-30','2012-08-30',NULL,NULL,48,NULL,'2012-08-30 01:06:03','2012-08-30 01:06:03'),(147,37,'ItemLine',60,8,1,'2012-08-30','2012-08-30',NULL,NULL,49,NULL,'2012-08-30 01:06:03','2012-08-30 01:06:03'),(148,38,'ItemLine',93,23,1,'2012-08-25','2012-08-29',NULL,NULL,50,NULL,'2012-08-25 01:06:03','2012-08-25 01:06:03'),(149,38,'OptionLine',NULL,NULL,1,'2012-08-25','2012-08-27',NULL,7,51,NULL,'2012-08-25 01:06:03','2012-08-25 01:06:03'),(150,39,'ItemLine',276,273,1,'2012-08-30','2012-08-30',NULL,NULL,52,NULL,'2012-08-30 01:06:03','2012-08-30 01:06:03'),(151,40,'ItemLine',277,274,1,'2012-08-30','2012-08-30',NULL,NULL,53,NULL,'2012-08-30 01:06:03','2012-08-30 01:06:03'),(152,40,'ItemLine',278,275,1,'2012-08-30','2012-08-30','2012-08-30',NULL,54,5,'2012-08-30 01:06:03','2012-08-30 01:06:03'),(153,41,'ItemLine',106,86,1,'2012-08-30','2012-08-30',NULL,NULL,55,NULL,'2012-08-30 01:06:03','2012-08-30 01:06:03'),(154,41,'ItemLine',56,2,1,'2012-08-30','2012-08-30',NULL,NULL,56,NULL,'2012-08-30 01:06:03','2012-08-30 01:06:03'),(155,42,'ItemLine',279,276,1,'2012-08-30','2012-08-30',NULL,NULL,57,NULL,'2012-08-30 01:06:03','2012-08-30 01:06:03'),(156,43,'ItemLine',108,88,1,'2012-08-30','2012-08-30',NULL,NULL,58,NULL,'2012-08-30 01:06:03','2012-08-30 01:06:03'),(157,44,'ItemLine',NULL,2,1,'2012-08-28','2012-08-31',NULL,NULL,59,NULL,'2012-08-30 01:06:03','2012-08-30 01:06:03'),(158,44,'ItemLine',NULL,277,1,'2012-08-28','2012-08-31',NULL,NULL,60,NULL,'2012-08-30 01:06:03','2012-08-30 01:06:03'),(159,45,'ItemLine',NULL,22,1,'2012-08-30','2012-08-30',NULL,NULL,61,NULL,'2012-08-30 01:06:03','2012-08-30 01:06:03'),(160,45,'ItemLine',NULL,22,1,'2012-08-30','2012-08-30',NULL,NULL,61,NULL,'2012-08-30 01:06:03','2012-08-30 01:06:03'),(161,46,'ItemLine',53,2,1,'2012-08-30','2012-08-30',NULL,NULL,62,NULL,'2012-08-30 01:06:03','2012-08-30 01:06:03'),(162,46,'OptionLine',NULL,NULL,1,'2012-08-30','2012-08-30',NULL,1,63,NULL,'2012-08-30 01:06:03','2012-08-30 01:06:03'),(163,47,'ItemLine',NULL,8,1,'2012-10-06','2012-10-14',NULL,NULL,64,NULL,'2012-08-30 01:06:03','2012-08-30 01:06:03'),(164,48,'ItemLine',NULL,8,1,'2012-10-21','2012-10-24',NULL,NULL,65,NULL,'2012-08-30 01:06:03','2012-08-30 01:06:03'),(165,48,'ItemLine',NULL,8,1,'2012-10-21','2012-10-24',NULL,NULL,65,NULL,'2012-08-30 01:06:03','2012-08-30 01:06:03'),(166,48,'ItemLine',NULL,8,1,'2012-10-21','2012-10-24',NULL,NULL,65,NULL,'2012-08-30 01:06:03','2012-08-30 01:06:03'),(167,48,'ItemLine',NULL,8,1,'2012-10-21','2012-10-24',NULL,NULL,65,NULL,'2012-08-30 01:06:03','2012-08-30 01:06:03'),(168,48,'ItemLine',NULL,8,1,'2012-10-21','2012-10-24',NULL,NULL,65,NULL,'2012-08-30 01:06:03','2012-08-30 01:06:03'),(169,48,'ItemLine',NULL,8,1,'2012-10-21','2012-10-24',NULL,NULL,65,NULL,'2012-08-30 01:06:03','2012-08-30 01:06:03'),(170,49,'ItemLine',NULL,278,1,'2012-08-30','2012-08-30',NULL,NULL,66,NULL,'2012-08-30 01:06:03','2012-08-30 01:06:03'),(171,49,'ItemLine',NULL,279,1,'2012-08-30','2012-08-30',NULL,NULL,66,NULL,'2012-08-30 01:06:03','2012-08-30 01:06:03'),(172,49,'ItemLine',NULL,280,1,'2012-08-30','2012-08-30',NULL,NULL,66,NULL,'2012-08-30 01:06:03','2012-08-30 01:06:03'),(173,49,'ItemLine',NULL,281,1,'2012-08-30','2012-08-30',NULL,NULL,66,NULL,'2012-08-30 01:06:03','2012-08-30 01:06:03'),(174,50,'ItemLine',NULL,282,1,'2012-08-30','2012-08-30',NULL,NULL,67,NULL,'2012-08-30 01:06:03','2012-08-30 01:06:03'),(175,50,'ItemLine',NULL,283,1,'2012-08-30','2012-08-30',NULL,NULL,67,NULL,'2012-08-30 01:06:03','2012-08-30 01:06:03'),(176,50,'ItemLine',NULL,284,1,'2012-08-30','2012-08-30',NULL,NULL,67,NULL,'2012-08-30 01:06:03','2012-08-30 01:06:03'),(177,51,'ItemLine',288,285,1,'2012-08-30','2012-08-30',NULL,NULL,68,NULL,'2012-08-30 01:06:03','2012-08-30 01:06:03'),(178,51,'ItemLine',289,286,1,'2012-08-30','2012-08-30',NULL,NULL,68,NULL,'2012-08-30 01:06:03','2012-08-30 01:06:03'),(179,51,'ItemLine',290,287,1,'2012-08-30','2012-08-30',NULL,NULL,68,NULL,'2012-08-30 01:06:03','2012-08-30 01:06:03'),(180,51,'ItemLine',291,288,1,'2012-08-30','2012-08-30',NULL,NULL,68,NULL,'2012-08-30 01:06:03','2012-08-30 01:06:03'),(181,52,'ItemLine',292,289,1,'2012-08-30','2012-08-30',NULL,NULL,69,NULL,'2012-08-30 01:06:03','2012-08-30 01:06:03'),(182,52,'ItemLine',293,290,1,'2012-08-30','2012-08-30',NULL,NULL,69,NULL,'2012-08-30 01:06:03','2012-08-30 01:06:03'),(183,52,'ItemLine',294,291,1,'2012-08-30','2012-08-30',NULL,NULL,69,NULL,'2012-08-30 01:06:03','2012-08-30 01:06:03'),(184,53,'ItemLine',295,292,1,'2012-08-25','2012-08-27',NULL,NULL,70,NULL,'2012-08-25 01:06:03','2012-08-25 01:06:03'),(185,53,'ItemLine',296,293,1,'2012-08-25','2012-08-27',NULL,NULL,70,NULL,'2012-08-25 01:06:03','2012-08-25 01:06:03'),(186,53,'ItemLine',297,294,1,'2012-08-25','2012-08-27',NULL,NULL,70,NULL,'2012-08-25 01:06:03','2012-08-25 01:06:03'),(187,53,'ItemLine',298,295,1,'2012-08-25','2012-08-27',NULL,NULL,70,NULL,'2012-08-25 01:06:03','2012-08-25 01:06:03'),(188,54,'ItemLine',NULL,296,1,'2012-08-27','2012-08-27',NULL,NULL,71,NULL,'2012-08-26 01:06:03','2012-08-26 01:06:03'),(189,54,'ItemLine',NULL,297,1,'2012-08-27','2012-08-27',NULL,NULL,71,NULL,'2012-08-26 01:06:03','2012-08-26 01:06:03'),(190,54,'ItemLine',NULL,298,1,'2012-08-27','2012-08-27',NULL,NULL,71,NULL,'2012-08-26 01:06:03','2012-08-26 01:06:03'),(191,54,'ItemLine',NULL,19,1,'2012-08-27','2012-08-27',NULL,NULL,72,NULL,'2012-08-26 01:06:03','2012-08-26 01:06:03');
/*!40000 ALTER TABLE `contract_lines` ENABLE KEYS */;
UNLOCK TABLES;

--
-- Table structure for table `contracts`
--

DROP TABLE IF EXISTS `contracts`;
/*!40101 SET @saved_cs_client     = @@character_set_client */;
/*!40101 SET character_set_client = utf8 */;
CREATE TABLE `contracts` (
  `id` int(11) NOT NULL AUTO_INCREMENT,
  `user_id` int(11) DEFAULT NULL,
  `delegated_user_id` int(11) DEFAULT NULL,
  `inventory_pool_id` int(11) DEFAULT NULL,
  `note` text COLLATE utf8_unicode_ci,
  `handed_over_by_user_id` int(11) DEFAULT NULL,
  `created_at` datetime DEFAULT NULL,
  `updated_at` datetime DEFAULT NULL,
  `status` enum('unsubmitted','submitted','rejected','approved','signed','closed') COLLATE utf8_unicode_ci NOT NULL,
  PRIMARY KEY (`id`),
  KEY `index_contracts_on_inventory_pool_id` (`inventory_pool_id`),
  KEY `index_contracts_on_status` (`status`),
  KEY `index_contracts_on_user_id` (`user_id`),
  KEY `contracts_delegated_user_id_fk` (`delegated_user_id`),
  KEY `contracts_handed_over_by_user_id_fk` (`handed_over_by_user_id`),
  CONSTRAINT `contracts_handed_over_by_user_id_fk` FOREIGN KEY (`handed_over_by_user_id`) REFERENCES `users` (`id`),
  CONSTRAINT `contracts_delegated_user_id_fk` FOREIGN KEY (`delegated_user_id`) REFERENCES `users` (`id`),
  CONSTRAINT `contracts_inventory_pool_id_fk` FOREIGN KEY (`inventory_pool_id`) REFERENCES `inventory_pools` (`id`),
  CONSTRAINT `contracts_user_id_fk` FOREIGN KEY (`user_id`) REFERENCES `users` (`id`)
) ENGINE=InnoDB AUTO_INCREMENT=55 DEFAULT CHARSET=utf8 COLLATE=utf8_unicode_ci;
/*!40101 SET character_set_client = @saved_cs_client */;

--
-- Dumping data for table `contracts`
--

LOCK TABLES `contracts` WRITE;
/*!40000 ALTER TABLE `contracts` DISABLE KEYS */;
INSERT INTO `contracts` VALUES (1,34,NULL,7,NULL,NULL,'2012-08-30 01:06:03','2012-08-30 01:06:03','unsubmitted'),(2,6,NULL,1,NULL,NULL,'2012-08-30 01:06:03','2012-08-30 01:06:03','unsubmitted'),(3,6,NULL,1,NULL,NULL,'2012-08-30 01:06:03','2012-08-30 01:06:03','submitted'),(4,19,NULL,1,NULL,NULL,'2012-08-30 01:06:03','2012-08-30 01:06:03','submitted'),(5,6,NULL,3,NULL,NULL,'2012-08-30 01:06:03','2012-08-30 01:06:03','submitted'),(6,6,NULL,1,NULL,NULL,'2012-08-30 01:06:03','2012-08-30 01:06:03','submitted'),(7,6,NULL,3,NULL,NULL,'2012-08-30 01:06:03','2012-08-30 01:06:03','submitted'),(8,6,NULL,3,NULL,NULL,'2012-08-30 01:06:03','2012-08-30 01:06:03','submitted'),(9,14,NULL,1,NULL,NULL,'2012-08-23 01:06:03','2012-08-23 01:06:03','submitted'),(10,15,NULL,1,NULL,NULL,'2012-08-30 01:06:03','2012-08-30 01:06:03','submitted'),(11,16,NULL,1,NULL,NULL,'2012-08-30 01:06:03','2012-08-30 01:06:03','submitted'),(12,17,NULL,1,NULL,NULL,'2012-08-30 01:06:03','2012-08-30 01:06:03','submitted'),(13,18,NULL,1,NULL,NULL,'2012-08-30 01:06:03','2012-08-30 01:06:03','submitted'),(14,14,NULL,1,NULL,NULL,'2012-08-25 01:06:03','2012-08-25 01:06:03','submitted'),(15,14,NULL,1,NULL,NULL,'2012-08-29 01:06:03','2012-08-29 01:06:03','submitted'),(16,11,NULL,1,NULL,NULL,'2012-08-30 01:06:03','2012-08-30 01:06:03','submitted'),(17,11,NULL,1,NULL,NULL,'2012-08-30 01:06:03','2012-08-30 01:06:03','submitted'),(18,35,NULL,12,NULL,NULL,'2012-08-30 01:06:03','2012-08-30 01:06:03','approved'),(19,22,NULL,1,NULL,NULL,'2012-08-30 01:06:03','2012-08-30 01:06:03','approved'),(20,14,NULL,1,NULL,NULL,'2012-08-25 01:06:03','2012-08-25 01:06:03','approved'),(21,14,NULL,1,NULL,5,'2012-03-30 01:06:03','2012-03-30 01:06:03','closed'),(22,21,NULL,1,NULL,5,'2012-08-30 01:06:03','2012-08-30 01:06:03','signed'),(23,8,NULL,1,NULL,5,'2012-08-30 01:06:03','2012-08-30 01:06:03','signed'),(24,6,NULL,1,NULL,5,'2012-08-30 01:06:03','2012-08-30 01:06:03','signed'),(25,27,10,2,NULL,NULL,'2012-08-25 01:06:03','2012-08-25 01:06:03','approved'),(26,16,NULL,1,NULL,5,'2012-08-30 01:06:03','2012-08-30 01:06:03','closed'),(27,13,NULL,1,NULL,5,'2012-08-30 01:06:03','2012-08-30 01:06:03','closed'),(28,20,NULL,1,NULL,5,'2012-08-30 01:06:03','2012-08-30 01:06:03','closed'),(29,20,NULL,1,NULL,5,'2012-08-30 01:06:03','2012-08-30 01:06:03','closed'),(30,6,NULL,1,NULL,NULL,'2012-08-30 01:06:03','2012-08-30 01:06:03','approved'),(31,6,NULL,1,NULL,NULL,'2012-08-30 01:06:03','2012-08-30 01:06:03','approved'),(32,6,NULL,1,NULL,NULL,'2012-08-30 01:06:03','2012-08-30 01:06:03','approved'),(33,6,NULL,1,NULL,NULL,'2012-08-30 01:06:03','2012-08-30 01:06:03','approved'),(34,6,NULL,1,NULL,NULL,'2012-08-30 01:06:03','2012-08-30 01:06:03','approved'),(35,6,NULL,1,NULL,NULL,'2012-08-30 01:06:03','2012-08-30 01:06:03','approved'),(36,6,NULL,1,NULL,NULL,'2012-08-30 01:06:03','2012-08-30 01:06:03','approved'),(37,6,NULL,1,NULL,5,'2012-08-30 01:06:03','2012-08-30 01:06:03','signed'),(38,13,NULL,1,NULL,5,'2012-08-25 01:06:03','2012-08-25 01:06:03','signed'),(39,6,NULL,1,NULL,5,'2012-08-30 01:06:03','2012-08-30 01:06:03','signed'),(40,6,NULL,2,NULL,5,'2012-08-30 01:06:03','2012-08-30 01:06:03','signed'),(41,6,NULL,2,NULL,5,'2012-08-30 01:06:03','2012-08-30 01:06:03','signed'),(42,6,NULL,2,NULL,5,'2012-08-30 01:06:03','2012-08-30 01:06:03','signed'),(43,6,NULL,1,NULL,5,'2012-08-30 01:06:03','2012-08-30 01:06:03','signed'),(44,11,NULL,1,NULL,NULL,'2012-08-30 01:06:03','2012-08-30 01:06:03','approved'),(45,13,NULL,1,NULL,NULL,'2012-08-30 01:06:03','2012-08-30 01:06:03','submitted'),(46,11,NULL,1,NULL,5,'2012-08-30 01:06:03','2012-08-30 01:06:03','signed'),(47,13,NULL,1,NULL,NULL,'2012-08-30 01:06:03','2012-08-30 01:06:03','submitted'),(48,13,NULL,1,NULL,NULL,'2012-08-30 01:06:03','2012-08-30 01:06:03','submitted'),(49,26,10,1,NULL,NULL,'2012-08-30 01:06:03','2012-08-30 01:06:03','submitted'),(50,26,12,1,NULL,NULL,'2012-08-30 01:06:03','2012-08-30 01:06:03','approved'),(51,30,24,1,NULL,NULL,'2012-08-30 01:06:03','2012-08-30 01:06:03','approved'),(52,26,10,1,NULL,5,'2012-08-30 01:06:03','2012-08-30 01:06:03','signed'),(53,26,10,1,NULL,5,'2012-08-25 01:06:03','2012-08-25 01:06:03','signed'),(54,14,NULL,1,NULL,NULL,'2012-08-26 01:06:03','2012-08-26 01:06:03','rejected');
/*!40000 ALTER TABLE `contracts` ENABLE KEYS */;
UNLOCK TABLES;

--
-- Table structure for table `database_authentications`
--

DROP TABLE IF EXISTS `database_authentications`;
/*!40101 SET @saved_cs_client     = @@character_set_client */;
/*!40101 SET character_set_client = utf8 */;
CREATE TABLE `database_authentications` (
  `id` int(11) NOT NULL AUTO_INCREMENT,
  `login` varchar(255) COLLATE utf8_unicode_ci DEFAULT NULL,
  `crypted_password` varchar(40) COLLATE utf8_unicode_ci DEFAULT NULL,
  `salt` varchar(40) COLLATE utf8_unicode_ci DEFAULT NULL,
  `user_id` int(11) DEFAULT NULL,
  `created_at` datetime DEFAULT NULL,
  `updated_at` datetime DEFAULT NULL,
  PRIMARY KEY (`id`),
  KEY `database_authentications_user_id_fk` (`user_id`),
  CONSTRAINT `database_authentications_user_id_fk` FOREIGN KEY (`user_id`) REFERENCES `users` (`id`) ON DELETE CASCADE
) ENGINE=InnoDB AUTO_INCREMENT=31 DEFAULT CHARSET=utf8 COLLATE=utf8_unicode_ci;
/*!40101 SET character_set_client = @saved_cs_client */;

--
-- Dumping data for table `database_authentications`
--

LOCK TABLES `database_authentications` WRITE;
/*!40000 ALTER TABLE `database_authentications` DISABLE KEYS */;
INSERT INTO `database_authentications` VALUES (1,'gino','c13ed19f5a353efbb36b5600ea99da17ba8094aa','7c68d24e837fd5fdd6c836ed4a3ad0fa31e3438a',1,'2012-08-30 01:06:03','2012-08-30 01:06:03'),(2,'ramon','79ad674fc100a09c6fa35ab71d322f0508449d6b','ebf4fe28c243e46fc04c9a54e3340312c1274dab',2,'2012-08-30 01:06:03','2012-08-30 01:06:03'),(3,'matti','3fc5cc0ec6b1926e9a51b3397593f2f2a13865dc','836c54fcddbb69e83b5911e19505952f7472590b',3,'2012-08-30 01:06:03','2012-08-30 01:06:03'),(4,'mike','7204b2ea85db944aab907c03aab67a585ff1ef50','1ed7db8d579d1f03e02e0704c5b578c7a529606b',4,'2012-08-30 01:06:03','2012-08-30 01:06:03'),(5,'pius','2c35536a5f00f56e528e51a74aa6207da2a064e1','363063a69f350b295a1579fbe7651f01bb87c6ed',5,'2012-08-30 01:06:03','2012-08-30 01:06:03'),(6,'normin','f901f6f204282f53d9a3ff333801625aee139e32','3739fbc3d9e497ba5bff1b32605f46304bd699e4',6,'2012-08-30 01:06:03','2012-08-30 01:06:03'),(7,'estelle','06ed852ebba6e7aaf887c7521db501c08ed7e7bf','e7a67cfa0ffb7637369aca0fb8cf4e60f4653904',7,'2012-08-30 01:06:03','2012-08-30 01:06:03'),(8,'peter','d716fd292272ed1566a0861937cd5c6f2087bd9e','c81557d70f4c8b8828964768001e9216a2ed2b32',8,'2012-08-30 01:06:03','2012-08-30 01:06:03'),(9,'andi','e755bcce0be017437cd49ed3eebf53cc0fb8583d','d36a138fa877924174d101148ffa3b0d5dbc13e7',9,'2012-08-30 01:06:03','2012-08-30 01:06:03'),(10,'mina','59388ab8c8d5f0747047ff218628f4ad54fa0b06','0a8af99b02844a48111b41353f65e135dd4b9a3a',10,'2012-08-30 01:06:03','2012-08-30 01:06:03'),(11,'petra','4b77e89d420a4b8da1510395bb479c7b99a35f21','e66babb403232cc0a9a0d2f2615b603e17ad448d',11,'2012-08-30 01:06:03','2012-08-30 01:06:03'),(12,'julie','45fad574ea522fd8a611ec8196cdea4f27d42170','ceaa2c8af4baf2a01cb27215a1bc614c43470e20',12,'2012-08-30 01:06:03','2012-08-30 01:06:03'),(13,'lisa','092933bb6fab86f615d748b7860c6f4b54975ff7','26f430895cc40eb926943b5be02176b2f5c084d9',13,'2012-08-30 01:06:03','2012-08-30 01:06:03'),(14,'kendall','77413c95a92db75253ac492051775131a64febc1','49c8324836fcf32526d9ef26a96eae2427a206a3',14,'2012-08-30 01:06:03','2012-08-30 01:06:03'),(15,'mossie','e1bf98259484054003e6aa8560fa52f18d993a1f','33bf5c868fe41fcc691197141cf91405dd2f8511',15,'2012-08-30 01:06:03','2012-08-30 01:06:03'),(16,'ivory','92e598349ae1199fb757b0f6336c0336b963047a','a183ed555f10a1225b15ebf60c86ca21bdd60906',16,'2012-08-30 01:06:03','2012-08-30 01:06:03'),(17,'eugene','33fe05a7d8ba4795b303b2809738ad152a831e70','b1a3b9f85eaa6d6c2639dc8bef3febda84fa72bc',17,'2012-08-30 01:06:03','2012-08-30 01:06:03'),(18,'lavinia','ab5af1e381e92ef5ffb088542632116aa6f9f71d','450ca692f4a4fb7708626147cc8b68902637759f',18,'2012-08-30 01:06:03','2012-08-30 01:06:03'),(19,'estrella','9caf2a541a3ec7ea7bfc0175cac75bc83ff36128','25e1f39d293e4b010d3ea8e1bc89c7a63b1411d8',19,'2012-08-30 01:06:03','2012-08-30 01:06:03'),(20,'leopold','964e1cbbda09447cf47c4117e8b72f895c8b5792','043688d4168e5b43fd3100c391d827197b238fcc',20,'2012-08-30 01:06:03','2012-08-30 01:06:03'),(21,'katelynn','3a6ec49c2fccca40c6fcf3757f4cbd61e1d9faf0','60dd4e2fbcc87ab3ba401cf639b16a2a1653e13f',21,'2012-08-30 01:06:03','2012-08-30 01:06:03'),(22,'raheem','806c37efade1c8025964d6542a2a4f6a8b5c2321','58d154fb7275bf4524eae6ce3c5e2cae65d6cfbc',22,'2012-08-30 01:06:03','2012-08-30 01:06:03'),(23,'ford','2474745d12078642149ccef8b5bb0c125848f0a3','df10003c9e7a96ca28c2c946ef110d3d9b3122a8',23,'2012-08-30 01:06:03','2012-08-30 01:06:03'),(24,'elijah','fb756364038003f5b50a1482eecf198b9c0bf57c','3a891bcc89dfc3969584956f561d2518218e69c6',24,'2012-08-30 01:06:03','2012-08-30 01:06:03'),(25,'fay_1297','5fdcb85fdc4a90f0f151a6509dd9bb62cdb7b810','0470c7b7acc97953bfbd0d579e2bf4557021c0c6',25,'2012-08-30 01:06:03','2012-08-30 01:06:03'),(26,'neoma_7177','a95f94ec51ffcf3c0983af526f9352a67e898f85','d5e3e0636e205395ef5e372d0060bedbddb15667',31,'2012-08-30 01:06:03','2012-08-30 01:06:03'),(27,'camryn.hammes_7372','c48951a90be3dca23f104fb94585e74905689456','4ed70c3c251c8ec290090291d12e14137846f6d5',32,'2012-08-30 01:06:03','2012-08-30 01:06:03'),(28,'alycia.weinat_9623','3f3c1a6be5c54e8b2b7f24ccc9bedbecd04bdb6c','7dfc1583693c26f4d4dad09cfcbd3fadca4da24e',33,'2012-08-30 01:06:03','2012-08-30 01:06:03'),(29,'cali.marvin_2744','7d79cc046e97fec71c728f2f21e84466402d5b79','41d7cb6f8c9fc3de5bda909400bf8b8861dc2a64',34,'2012-08-30 01:06:03','2012-08-30 01:06:03'),(30,'angie.dicki_161','a3177fce9dacd2d701b10be83dd5f48e7f4e60d0','0750fd22190e0652ce2cd4574ebba9b26b634116',35,'2012-08-30 01:06:03','2012-08-30 01:06:03');
/*!40000 ALTER TABLE `database_authentications` ENABLE KEYS */;
UNLOCK TABLES;

--
-- Table structure for table `delegations_users`
--

DROP TABLE IF EXISTS `delegations_users`;
/*!40101 SET @saved_cs_client     = @@character_set_client */;
/*!40101 SET character_set_client = utf8 */;
CREATE TABLE `delegations_users` (
  `delegation_id` int(11) DEFAULT NULL,
  `user_id` int(11) DEFAULT NULL,
  UNIQUE KEY `index_delegations_users_on_user_id_and_delegation_id` (`user_id`,`delegation_id`),
  KEY `index_delegations_users_on_delegation_id` (`delegation_id`),
  CONSTRAINT `delegations_users_delegation_id_fk` FOREIGN KEY (`delegation_id`) REFERENCES `users` (`id`),
  CONSTRAINT `delegations_users_user_id_fk` FOREIGN KEY (`user_id`) REFERENCES `users` (`id`)
) ENGINE=InnoDB DEFAULT CHARSET=utf8 COLLATE=utf8_unicode_ci;
/*!40101 SET character_set_client = @saved_cs_client */;

--
-- Dumping data for table `delegations_users`
--

LOCK TABLES `delegations_users` WRITE;
/*!40000 ALTER TABLE `delegations_users` DISABLE KEYS */;
INSERT INTO `delegations_users` VALUES (26,10),(27,10),(28,10),(29,10),(26,12),(27,12),(28,12),(29,12),(30,23),(30,24);
/*!40000 ALTER TABLE `delegations_users` ENABLE KEYS */;
UNLOCK TABLES;

--
-- Table structure for table `groups`
--

DROP TABLE IF EXISTS `groups`;
/*!40101 SET @saved_cs_client     = @@character_set_client */;
/*!40101 SET character_set_client = utf8 */;
CREATE TABLE `groups` (
  `id` int(11) NOT NULL AUTO_INCREMENT,
  `name` varchar(255) COLLATE utf8_unicode_ci DEFAULT NULL,
  `inventory_pool_id` int(11) DEFAULT NULL,
  `is_verification_required` tinyint(1) DEFAULT '0',
  `created_at` datetime DEFAULT NULL,
  `updated_at` datetime DEFAULT NULL,
  PRIMARY KEY (`id`),
  KEY `index_groups_on_inventory_pool_id` (`inventory_pool_id`),
  KEY `index_groups_on_is_verification_required` (`is_verification_required`),
  CONSTRAINT `groups_inventory_pool_id_fk` FOREIGN KEY (`inventory_pool_id`) REFERENCES `inventory_pools` (`id`)
) ENGINE=InnoDB AUTO_INCREMENT=11 DEFAULT CHARSET=utf8 COLLATE=utf8_unicode_ci;
/*!40101 SET character_set_client = @saved_cs_client */;

--
-- Dumping data for table `groups`
--

LOCK TABLES `groups` WRITE;
/*!40000 ALTER TABLE `groups` DISABLE KEYS */;
INSERT INTO `groups` VALUES (1,'Cast',1,0,'2012-08-30 01:06:03','2012-08-30 01:06:03'),(2,'IAD',1,0,'2012-08-30 01:06:03','2012-08-30 01:06:03'),(3,'Wu',1,0,'2012-08-30 01:06:03','2012-08-30 01:06:03'),(4,'Group Hifi',1,0,'2012-08-30 01:06:03','2012-08-30 01:06:03'),(5,'Group A',1,0,'2012-08-30 01:06:03','2012-08-30 01:06:03'),(6,'Group B',1,0,'2012-08-30 01:06:03','2012-08-30 01:06:03'),(7,'FFI',1,1,'2012-08-30 01:06:03','2012-08-30 01:06:03'),(8,'VTO',1,1,'2012-08-30 01:06:03','2012-08-30 01:06:03'),(9,'1. Semester',2,1,'2012-08-30 01:06:03','2012-08-30 01:06:03'),(10,'Group C',1,0,'2012-08-30 01:06:03','2012-08-30 01:06:03');
/*!40000 ALTER TABLE `groups` ENABLE KEYS */;
UNLOCK TABLES;

--
-- Table structure for table `groups_users`
--

DROP TABLE IF EXISTS `groups_users`;
/*!40101 SET @saved_cs_client     = @@character_set_client */;
/*!40101 SET character_set_client = utf8 */;
CREATE TABLE `groups_users` (
  `user_id` int(11) DEFAULT NULL,
  `group_id` int(11) DEFAULT NULL,
  UNIQUE KEY `index_groups_users_on_user_id_and_group_id` (`user_id`,`group_id`),
  KEY `index_groups_users_on_group_id` (`group_id`),
  CONSTRAINT `groups_users_user_id_fk` FOREIGN KEY (`user_id`) REFERENCES `users` (`id`),
  CONSTRAINT `groups_users_group_id_fk` FOREIGN KEY (`group_id`) REFERENCES `groups` (`id`)
) ENGINE=InnoDB DEFAULT CHARSET=utf8 COLLATE=utf8_unicode_ci;
/*!40101 SET character_set_client = @saved_cs_client */;

--
-- Dumping data for table `groups_users`
--

LOCK TABLES `groups_users` WRITE;
/*!40000 ALTER TABLE `groups_users` DISABLE KEYS */;
INSERT INTO `groups_users` VALUES (6,1),(13,1),(14,7),(14,8),(15,7),(16,7),(16,8),(17,7),(17,9),(18,7),(19,10);
/*!40000 ALTER TABLE `groups_users` ENABLE KEYS */;
UNLOCK TABLES;

--
-- Table structure for table `histories`
--

DROP TABLE IF EXISTS `histories`;
/*!40101 SET @saved_cs_client     = @@character_set_client */;
/*!40101 SET character_set_client = utf8 */;
CREATE TABLE `histories` (
  `id` int(11) NOT NULL AUTO_INCREMENT,
  `text` varchar(255) COLLATE utf8_unicode_ci DEFAULT '',
  `type_const` int(11) DEFAULT NULL,
  `created_at` datetime NOT NULL,
  `target_id` int(11) NOT NULL,
  `target_type` varchar(255) COLLATE utf8_unicode_ci NOT NULL,
  `user_id` int(11) DEFAULT NULL,
  PRIMARY KEY (`id`),
  KEY `index_histories_on_target_type_and_target_id` (`target_type`,`target_id`),
  KEY `index_histories_on_type_const` (`type_const`),
  KEY `index_histories_on_user_id` (`user_id`),
  CONSTRAINT `histories_user_id_fk` FOREIGN KEY (`user_id`) REFERENCES `users` (`id`)
) ENGINE=InnoDB AUTO_INCREMENT=19 DEFAULT CHARSET=utf8 COLLATE=utf8_unicode_ci;
/*!40101 SET character_set_client = @saved_cs_client */;

--
-- Dumping data for table `histories`
--

LOCK TABLES `histories` WRITE;
/*!40000 ALTER TABLE `histories` DISABLE KEYS */;
INSERT INTO `histories` VALUES (1,'Contract 21 has been signed by Kendall Hessel',1,'2012-03-30 01:06:03',21,'Contract',5),(2,'Contract 22 has been signed by Katelynn Satterfield',1,'2012-08-30 01:06:03',22,'Contract',5),(3,'Contract 23 has been signed by Peter Silie',1,'2012-08-30 01:06:03',23,'Contract',5),(4,'Contract 24 has been signed by Normin Normalo',1,'2012-08-30 01:06:03',24,'Contract',5),(5,'Contract 26 has been signed by Ivory Padberg',1,'2012-08-30 01:06:03',26,'Contract',5),(6,'Contract 27 has been signed by Lisa Rice',1,'2012-08-30 01:06:03',27,'Contract',5),(7,'Contract 28 has been signed by Leopold Gottlieb',1,'2012-08-30 01:06:03',28,'Contract',5),(8,'Contract 29 has been signed by Leopold Gottlieb',1,'2012-08-30 01:06:03',29,'Contract',5),(9,'Contract 37 has been signed by Normin Normalo',1,'2012-08-30 01:06:03',37,'Contract',5),(10,'Contract 38 has been signed by Lisa Rice',1,'2012-08-25 01:06:03',38,'Contract',5),(11,'Contract 39 has been signed by Normin Normalo',1,'2012-08-30 01:06:03',39,'Contract',5),(12,'Contract 40 has been signed by Normin Normalo',1,'2012-08-30 01:06:03',40,'Contract',5),(13,'Contract 41 has been signed by Normin Normalo',1,'2012-08-30 01:06:03',41,'Contract',5),(14,'Contract 42 has been signed by Normin Normalo',1,'2012-08-30 01:06:03',42,'Contract',5),(15,'Contract 43 has been signed by Normin Normalo',1,'2012-08-30 01:06:03',43,'Contract',5),(16,'Contract 46 has been signed by Petra Dickens',1,'2012-08-30 01:06:03',46,'Contract',5),(17,'Contract 52 has been signed by Delegation 1',1,'2012-08-30 01:06:03',52,'Contract',5),(18,'Contract 53 has been signed by Delegation 1',1,'2012-08-25 01:06:03',53,'Contract',5);
/*!40000 ALTER TABLE `histories` ENABLE KEYS */;
UNLOCK TABLES;

--
-- Table structure for table `holidays`
--

DROP TABLE IF EXISTS `holidays`;
/*!40101 SET @saved_cs_client     = @@character_set_client */;
/*!40101 SET character_set_client = utf8 */;
CREATE TABLE `holidays` (
  `id` int(11) NOT NULL AUTO_INCREMENT,
  `inventory_pool_id` int(11) DEFAULT NULL,
  `start_date` date DEFAULT NULL,
  `end_date` date DEFAULT NULL,
  `name` varchar(255) COLLATE utf8_unicode_ci DEFAULT NULL,
  PRIMARY KEY (`id`),
  KEY `index_holidays_on_inventory_pool_id` (`inventory_pool_id`),
  KEY `index_holidays_on_start_date_and_end_date` (`start_date`,`end_date`),
  CONSTRAINT `holidays_inventory_pool_id_fk` FOREIGN KEY (`inventory_pool_id`) REFERENCES `inventory_pools` (`id`) ON DELETE CASCADE
) ENGINE=InnoDB AUTO_INCREMENT=7 DEFAULT CHARSET=utf8 COLLATE=utf8_unicode_ci;
/*!40101 SET character_set_client = @saved_cs_client */;

--
-- Dumping data for table `holidays`
--

LOCK TABLES `holidays` WRITE;
/*!40000 ALTER TABLE `holidays` DISABLE KEYS */;
INSERT INTO `holidays` VALUES (1,1,'2012-12-24','2012-12-26','Christmas'),(2,1,'2013-12-24','2013-12-26','Christmas'),(3,2,'2012-12-24','2012-12-26','Christmas'),(4,2,'2013-12-24','2013-12-26','Christmas'),(5,3,'2012-12-24','2012-12-26','Christmas'),(6,3,'2013-12-24','2013-12-26','Christmas');
/*!40000 ALTER TABLE `holidays` ENABLE KEYS */;
UNLOCK TABLES;

--
-- Table structure for table `images`
--

DROP TABLE IF EXISTS `images`;
/*!40101 SET @saved_cs_client     = @@character_set_client */;
/*!40101 SET character_set_client = utf8 */;
CREATE TABLE `images` (
  `id` int(11) NOT NULL AUTO_INCREMENT,
  `is_main` tinyint(1) DEFAULT '0',
  `content_type` varchar(255) COLLATE utf8_unicode_ci DEFAULT NULL,
  `filename` varchar(255) COLLATE utf8_unicode_ci DEFAULT NULL,
  `size` int(11) DEFAULT NULL,
  `height` int(11) DEFAULT NULL,
  `width` int(11) DEFAULT NULL,
  `parent_id` int(11) DEFAULT NULL,
  `thumbnail` varchar(255) COLLATE utf8_unicode_ci DEFAULT NULL,
  `target_id` int(11) DEFAULT NULL,
  `target_type` varchar(255) COLLATE utf8_unicode_ci DEFAULT NULL,
  PRIMARY KEY (`id`),
  KEY `index_images_on_target_id_and_target_type` (`target_id`,`target_type`)
) ENGINE=InnoDB AUTO_INCREMENT=5 DEFAULT CHARSET=utf8 COLLATE=utf8_unicode_ci;
/*!40101 SET character_set_client = @saved_cs_client */;

--
-- Dumping data for table `images`
--

LOCK TABLES `images` WRITE;
/*!40000 ALTER TABLE `images` DISABLE KEYS */;
INSERT INTO `images` VALUES (1,0,'image/jpeg','eligendi',NULL,NULL,NULL,NULL,NULL,2,'ModelGroup'),(2,0,'image/jpeg','itaque',NULL,NULL,NULL,NULL,NULL,16,'Model'),(3,0,'image/jpeg','iste',NULL,NULL,NULL,NULL,NULL,16,'Model'),(4,0,'image/jpeg','saepe',NULL,NULL,NULL,NULL,NULL,17,'Model');
/*!40000 ALTER TABLE `images` ENABLE KEYS */;
UNLOCK TABLES;

--
-- Table structure for table `inventory_pools`
--

DROP TABLE IF EXISTS `inventory_pools`;
/*!40101 SET @saved_cs_client     = @@character_set_client */;
/*!40101 SET character_set_client = utf8 */;
CREATE TABLE `inventory_pools` (
  `id` int(11) NOT NULL AUTO_INCREMENT,
  `name` varchar(255) COLLATE utf8_unicode_ci DEFAULT NULL,
  `description` text COLLATE utf8_unicode_ci,
  `contact_details` varchar(255) COLLATE utf8_unicode_ci DEFAULT NULL,
  `contract_description` varchar(255) COLLATE utf8_unicode_ci DEFAULT NULL,
  `contract_url` varchar(255) COLLATE utf8_unicode_ci DEFAULT NULL,
  `logo_url` varchar(255) COLLATE utf8_unicode_ci DEFAULT NULL,
  `default_contract_note` text COLLATE utf8_unicode_ci,
  `shortname` varchar(255) COLLATE utf8_unicode_ci DEFAULT NULL,
  `email` varchar(255) COLLATE utf8_unicode_ci DEFAULT NULL,
  `color` text COLLATE utf8_unicode_ci,
  `print_contracts` tinyint(1) DEFAULT '1',
  `opening_hours` text COLLATE utf8_unicode_ci,
  `address_id` int(11) DEFAULT NULL,
  `automatic_suspension` tinyint(1) NOT NULL DEFAULT '0',
  `automatic_suspension_reason` text COLLATE utf8_unicode_ci,
  `automatic_access` tinyint(1) DEFAULT NULL,
  PRIMARY KEY (`id`),
  UNIQUE KEY `index_inventory_pools_on_name` (`name`),
  KEY `inventory_pools_address_id_fk` (`address_id`),
  CONSTRAINT `inventory_pools_address_id_fk` FOREIGN KEY (`address_id`) REFERENCES `addresses` (`id`)
) ENGINE=InnoDB AUTO_INCREMENT=13 DEFAULT CHARSET=utf8 COLLATE=utf8_unicode_ci;
/*!40101 SET character_set_client = @saved_cs_client */;

--
-- Dumping data for table `inventory_pools`
--

LOCK TABLES `inventory_pools` WRITE;
/*!40000 ALTER TABLE `inventory_pools` DISABLE KEYS */;
INSERT INTO `inventory_pools` VALUES (1,'A-Ausleihe','Wichtige Hinweise...\n\nBitte die Gegenstnde rechtzeitig zurckbringen','A Verleih  /  ZHdK\na@zh-dk.ch\n\n+41 00 00 00 00',NULL,'a@zhdk.ch',NULL,'Quaerat sit et eos.','A','a@zhdk.ch',NULL,1,NULL,NULL,1,'Quas ipsa molestiae officiis at velit.',NULL),(2,'IT-Ausleihe','Bringt die Gerte bitte rechtzeitig zurck','IT Verleih  /  ZHdK\nit@zh-dk.ch\n\n+41 00 00 00 00',NULL,'it@zhdk.ch',NULL,'Qui ut qui aspernatur repellat.','IT','it@zhdk.ch',NULL,1,NULL,NULL,1,'Nulla ab ratione excepturi fugiat sequi qui.',NULL),(3,'AV-Technik','Bringt die Gerte bitte rechtzeitig zurck','AV Verleih  /  ZHdK\nav@zh-dk.ch\n\n+41 00 00 00 00',NULL,'av@zhdk.ch',NULL,'Quibusdam optio velit ad non.','AV','av@zhdk.ch',NULL,1,NULL,NULL,0,NULL,NULL),(4,'DT deletable',NULL,NULL,NULL,'it@zhdk.ch',NULL,'Omnis qui fugit ratione eius aut dolores distinctio.','DT','it@zhdk.ch',NULL,1,NULL,NULL,0,NULL,NULL),(5,'Sittemporibussitnumquam','Nihil facilis culpa sequi.','Cum est quam est.','Sittemporibussitnumquam','nelle.effertz@johnsonko.biz',NULL,NULL,'60853Q','nelle.effertz@johnsonko.biz',NULL,1,NULL,NULL,0,NULL,NULL),(6,'Quoitaqueconsequaturdolor','Sit quia quaerat saepe expedita incidunt quae.','Et quod ut porro sed voluptate non.','Quoitaqueconsequaturdolor','demetrius.parker@bartoletti.name',NULL,NULL,'RNHJQC','demetrius.parker@bartoletti.name',NULL,1,NULL,NULL,0,NULL,NULL),(7,'Suscipitquopossimusinventore','Voluptas quos ducimus et.','Vitae dignissimos ex voluptatem aut.','Suscipitquopossimusinventore','sophia@stamm.name',NULL,NULL,'NYLNAJ','sophia@stamm.name',NULL,1,NULL,NULL,0,NULL,NULL),(8,'Repellatbeataeipsanisi','Dolores sequi aut veniam.','Qui animi voluptas et aut.','Repellatbeataeipsanisi','katherine_moriette@hagenes.biz',NULL,NULL,'6XVL61','katherine_moriette@hagenes.biz',NULL,1,NULL,NULL,0,NULL,NULL),(9,'Animiilloinlaborum','Quisquam consequuntur facere ut dolores sint.','Temporibus odio officia ut quod est dolor quisquam ut.','Animiilloinlaborum','matteo@johnstonmills.name',NULL,NULL,'VGLUGX','matteo@johnstonmills.name',NULL,1,NULL,NULL,0,NULL,NULL),(10,'Etdoloreautemexcepturi','Ut nulla dolor molestiae dolore consectetur sint deserunt eveniet.','Adipisci est delectus eligendi aut alias tempore enim.','Etdoloreautemexcepturi','monica@morar.co.uk',NULL,NULL,'N2J5PF','monica@morar.co.uk',NULL,1,NULL,NULL,0,NULL,NULL),(11,'Oditetoptiototam','Ad necessitatibus laboriosam sit harum et rerum.','Voluptates ut pariatur porro rerum voluptas accusantium sed.','Oditetoptiototam','maxwell.schaden@bartell.com',NULL,NULL,'463URW','maxwell.schaden@bartell.com',NULL,1,NULL,NULL,0,NULL,NULL),(12,'Voluptatevoluptatemliberosit','Odit nesciunt ab aut quo qui mollitia.','Voluptas nostrum harum quia odio eius aut.','Voluptatevoluptatemliberosit','miguel@hagenes.biz',NULL,NULL,'SBHEXE','miguel@hagenes.biz',NULL,1,NULL,NULL,0,NULL,NULL);
/*!40000 ALTER TABLE `inventory_pools` ENABLE KEYS */;
UNLOCK TABLES;

--
-- Table structure for table `inventory_pools_model_groups`
--

DROP TABLE IF EXISTS `inventory_pools_model_groups`;
/*!40101 SET @saved_cs_client     = @@character_set_client */;
/*!40101 SET character_set_client = utf8 */;
CREATE TABLE `inventory_pools_model_groups` (
  `inventory_pool_id` int(11) DEFAULT NULL,
  `model_group_id` int(11) DEFAULT NULL,
  KEY `index_inventory_pools_model_groups_on_inventory_pool_id` (`inventory_pool_id`),
  KEY `index_inventory_pools_model_groups_on_model_group_id` (`model_group_id`),
  CONSTRAINT `inventory_pools_model_groups_model_group_id_fk` FOREIGN KEY (`model_group_id`) REFERENCES `model_groups` (`id`),
  CONSTRAINT `inventory_pools_model_groups_inventory_pool_id_fk` FOREIGN KEY (`inventory_pool_id`) REFERENCES `inventory_pools` (`id`)
) ENGINE=InnoDB DEFAULT CHARSET=utf8 COLLATE=utf8_unicode_ci;
/*!40101 SET character_set_client = @saved_cs_client */;

--
-- Dumping data for table `inventory_pools_model_groups`
--

LOCK TABLES `inventory_pools_model_groups` WRITE;
/*!40000 ALTER TABLE `inventory_pools_model_groups` DISABLE KEYS */;
INSERT INTO `inventory_pools_model_groups` VALUES (1,12),(1,13),(1,14);
/*!40000 ALTER TABLE `inventory_pools_model_groups` ENABLE KEYS */;
UNLOCK TABLES;

--
-- Table structure for table `items`
--

DROP TABLE IF EXISTS `items`;
/*!40101 SET @saved_cs_client     = @@character_set_client */;
/*!40101 SET character_set_client = utf8 */;
CREATE TABLE `items` (
  `id` int(11) NOT NULL AUTO_INCREMENT,
  `inventory_code` varchar(255) COLLATE utf8_unicode_ci DEFAULT NULL,
  `serial_number` varchar(255) COLLATE utf8_unicode_ci DEFAULT NULL,
  `model_id` int(11) DEFAULT NULL,
  `location_id` int(11) DEFAULT NULL,
  `supplier_id` int(11) DEFAULT NULL,
  `owner_id` int(11) NOT NULL,
  `parent_id` int(11) DEFAULT NULL,
  `invoice_number` varchar(255) COLLATE utf8_unicode_ci DEFAULT NULL,
  `invoice_date` date DEFAULT NULL,
  `last_check` date DEFAULT NULL,
  `retired` date DEFAULT NULL,
  `retired_reason` varchar(255) COLLATE utf8_unicode_ci DEFAULT NULL,
  `price` decimal(8,2) DEFAULT NULL,
  `is_broken` tinyint(1) DEFAULT '0',
  `is_incomplete` tinyint(1) DEFAULT '0',
  `is_borrowable` tinyint(1) DEFAULT '0',
  `needs_permission` tinyint(1) DEFAULT '0',
  `inventory_pool_id` int(11) NOT NULL,
  `is_inventory_relevant` tinyint(1) DEFAULT '0',
  `responsible` varchar(255) COLLATE utf8_unicode_ci DEFAULT NULL,
  `insurance_number` varchar(255) COLLATE utf8_unicode_ci DEFAULT NULL,
  `note` text COLLATE utf8_unicode_ci,
  `name` text COLLATE utf8_unicode_ci,
  `user_name` varchar(255) COLLATE utf8_unicode_ci DEFAULT NULL,
  `properties` text COLLATE utf8_unicode_ci,
  `created_at` datetime DEFAULT NULL,
  `updated_at` datetime DEFAULT NULL,
  `status_note` text COLLATE utf8_unicode_ci,
  PRIMARY KEY (`id`),
  UNIQUE KEY `index_items_on_inventory_code` (`inventory_code`),
  KEY `index_items_on_inventory_pool_id` (`inventory_pool_id`),
  KEY `index_items_on_retired` (`retired`),
  KEY `index_items_on_is_borrowable` (`is_borrowable`),
  KEY `index_items_on_is_broken` (`is_broken`),
  KEY `index_items_on_is_incomplete` (`is_incomplete`),
  KEY `index_items_on_location_id` (`location_id`),
  KEY `index_items_on_owner_id` (`owner_id`),
  KEY `index_items_on_parent_id_and_retired` (`parent_id`,`retired`),
  KEY `index_items_on_model_id_and_retired_and_inventory_pool_id` (`model_id`,`retired`,`inventory_pool_id`),
  KEY `items_supplier_id_fk` (`supplier_id`),
  CONSTRAINT `items_inventory_pool_id_fk` FOREIGN KEY (`inventory_pool_id`) REFERENCES `inventory_pools` (`id`),
  CONSTRAINT `items_location_id_fk` FOREIGN KEY (`location_id`) REFERENCES `locations` (`id`),
  CONSTRAINT `items_model_id_fk` FOREIGN KEY (`model_id`) REFERENCES `models` (`id`),
  CONSTRAINT `items_owner_id_fk` FOREIGN KEY (`owner_id`) REFERENCES `inventory_pools` (`id`),
  CONSTRAINT `items_parent_id_fk` FOREIGN KEY (`parent_id`) REFERENCES `items` (`id`) ON DELETE SET NULL,
  CONSTRAINT `items_supplier_id_fk` FOREIGN KEY (`supplier_id`) REFERENCES `suppliers` (`id`)
) ENGINE=InnoDB AUTO_INCREMENT=302 DEFAULT CHARSET=utf8 COLLATE=utf8_unicode_ci;
/*!40101 SET character_set_client = @saved_cs_client */;

--
-- Dumping data for table `items`
--

LOCK TABLES `items` WRITE;
/*!40000 ALTER TABLE `items` DISABLE KEYS */;
INSERT INTO `items` VALUES (1,'kz32l6vlhqydzn2e7l901','44:f6:8c:78:31:d9-05:d1:6b:99:64:fd-68:9e:c6:db:dd:24',24,NULL,1,1,NULL,NULL,'2010-10-18','2012-08-30',NULL,NULL,'1.00',0,0,1,0,1,1,NULL,NULL,NULL,NULL,NULL,'--- !ruby/hash:ActiveSupport::HashWithIndifferentAccess\nanschaffungskategorie: AV-Technik\nreference: invoice\numzug: zgeln\nankunftszustand: intakt\n','2012-08-30 01:06:03','2012-08-30 01:06:03',NULL),(2,'cf2lnlvt17n5dr7r8lbx2','cf:e6:39:9d:75:4f-36:6b:3e:4b:f6:16-87:92:d1:a4:9a:ba',25,NULL,2,1,NULL,NULL,'2009-02-17','2012-08-30',NULL,NULL,'44.00',0,0,1,0,1,1,NULL,NULL,NULL,NULL,NULL,'--- !ruby/hash:ActiveSupport::HashWithIndifferentAccess\nanschaffungskategorie: AV-Technik\nreference: invoice\numzug: zgeln\nankunftszustand: intakt\n','2012-08-30 01:06:03','2012-08-30 01:06:03',NULL),(3,'bfen9einenpbvmhhgbdl3','b9:7f:f8:5c:c1:3c-85:04:49:d3:4c:61-65:06:ca:48:77:de',26,NULL,3,1,NULL,NULL,'2010-12-26','2012-08-30',NULL,NULL,'1221.00',0,0,1,0,1,1,NULL,NULL,NULL,NULL,NULL,'--- !ruby/hash:ActiveSupport::HashWithIndifferentAccess\nanschaffungskategorie: AV-Technik\nreference: invoice\numzug: zgeln\nankunftszustand: intakt\n','2012-08-30 01:06:03','2012-08-30 01:06:03',NULL),(4,'x4z0nci7wj6gstfcs52c4','44:b5:9c:ff:31:40-74:4a:5e:49:e3:37-dd:49:13:93:17:e3',27,NULL,4,1,NULL,NULL,'2011-01-07','2012-08-30',NULL,NULL,'1424.00',0,0,1,0,1,1,NULL,NULL,NULL,NULL,NULL,'--- !ruby/hash:ActiveSupport::HashWithIndifferentAccess\nanschaffungskategorie: AV-Technik\nreference: invoice\numzug: zgeln\nankunftszustand: intakt\n','2012-08-30 01:06:03','2012-08-30 01:06:03',NULL),(5,'ms7hs03ghxn5m4hjg7hy5','a9:92:dd:b5:00:01-a6:93:c5:72:0e:74-82:8a:05:4c:00:e4',28,NULL,5,1,NULL,NULL,'2011-03-26','2012-08-30',NULL,NULL,'115.00',0,0,1,0,1,1,NULL,NULL,NULL,NULL,NULL,'--- !ruby/hash:ActiveSupport::HashWithIndifferentAccess\nanschaffungskategorie: AV-Technik\nreference: invoice\numzug: zgeln\nankunftszustand: intakt\n','2012-08-30 01:06:03','2012-08-30 01:06:03',NULL),(6,'vognmgzr7phf4snx9q3l6','02:5d:a3:ef:a4:b6-79:0b:3d:21:ed:d3-9c:6e:8b:3d:a2:d4',29,NULL,6,1,NULL,NULL,'2010-12-20','2012-08-30',NULL,NULL,'1005.00',0,0,1,0,1,1,NULL,NULL,NULL,NULL,NULL,'--- !ruby/hash:ActiveSupport::HashWithIndifferentAccess\nanschaffungskategorie: AV-Technik\nreference: invoice\numzug: zgeln\nankunftszustand: intakt\n','2012-08-30 01:06:03','2012-08-30 01:06:03',NULL),(7,'6k1pprqtp0f8r1hhhggv7','ce:86:1f:71:b8:d4-82:c4:7d:af:1a:11-3b:3e:30:85:bd:86',30,NULL,7,1,NULL,NULL,'2010-02-23','2012-08-30',NULL,NULL,'1192.00',0,0,1,0,1,1,NULL,NULL,NULL,NULL,NULL,'--- !ruby/hash:ActiveSupport::HashWithIndifferentAccess\nanschaffungskategorie: AV-Technik\nreference: invoice\numzug: zgeln\nankunftszustand: intakt\n','2012-08-30 01:06:03','2012-08-30 01:06:03',NULL),(8,'80i6c8t9qx1sezd68keq8','86:cf:5b:ce:4e:1d-8b:6d:19:99:72:65-98:6d:53:1d:ff:e1',31,NULL,8,1,NULL,NULL,'2008-06-10','2012-08-30',NULL,NULL,'1089.00',0,0,1,0,1,1,NULL,NULL,NULL,NULL,NULL,'--- !ruby/hash:ActiveSupport::HashWithIndifferentAccess\nanschaffungskategorie: AV-Technik\nreference: invoice\numzug: zgeln\nankunftszustand: intakt\n','2012-08-30 01:06:03','2012-08-30 01:06:03',NULL),(9,'8ko3afocthnpw3ozvub79','98:38:db:7d:1f:8a-27:0a:0b:26:37:96-ff:5a:87:74:e3:f3',32,NULL,9,1,NULL,NULL,'2010-06-05','2012-08-30',NULL,NULL,'967.00',0,0,1,0,1,1,NULL,NULL,NULL,NULL,NULL,'--- !ruby/hash:ActiveSupport::HashWithIndifferentAccess\nanschaffungskategorie: AV-Technik\nreference: invoice\numzug: zgeln\nankunftszustand: intakt\n','2012-08-30 01:06:03','2012-08-30 01:06:03',NULL),(10,'g21n9vblnyf0krj0u4xl10','65:54:65:f5:b0:56-00:35:49:8f:0e:97-a6:28:c6:32:b3:6a',33,NULL,10,1,NULL,NULL,'2011-04-24','2012-08-30',NULL,NULL,'701.00',0,0,1,0,1,1,NULL,NULL,NULL,NULL,NULL,'--- !ruby/hash:ActiveSupport::HashWithIndifferentAccess\nanschaffungskategorie: AV-Technik\nreference: invoice\numzug: zgeln\nankunftszustand: intakt\n','2012-08-30 01:06:03','2012-08-30 01:06:03',NULL),(11,'y4ub3jkg9r8tj6q1hx1011','8b:4c:96:7d:c2:f4-e6:87:a7:bf:d5:71-f4:8e:83:57:62:4e',34,NULL,11,1,NULL,NULL,'2008-05-24','2012-08-30',NULL,NULL,'1272.00',0,0,1,0,1,1,NULL,NULL,NULL,NULL,NULL,'--- !ruby/hash:ActiveSupport::HashWithIndifferentAccess\nanschaffungskategorie: AV-Technik\nreference: invoice\numzug: zgeln\nankunftszustand: intakt\n','2012-08-30 01:06:03','2012-08-30 01:06:03',NULL),(12,'jy0voyixbn7x33u88ebi12','6c:ca:24:00:54:21-ac:c6:91:71:de:24-8d:a2:22:79:5e:c4',35,NULL,12,1,NULL,NULL,'2009-08-21','2012-08-30',NULL,NULL,'532.00',0,0,1,0,1,1,NULL,NULL,NULL,NULL,NULL,'--- !ruby/hash:ActiveSupport::HashWithIndifferentAccess\nanschaffungskategorie: AV-Technik\nreference: invoice\numzug: zgeln\nankunftszustand: intakt\n','2012-08-30 01:06:03','2012-08-30 01:06:03',NULL),(13,'mevynzfpvb495dsijut613','fe:99:43:bc:86:1b-28:c3:4b:33:16:8b-d5:4e:6a:73:31:a6',36,NULL,13,1,NULL,NULL,'2007-05-29','2012-08-30',NULL,NULL,'439.00',0,0,1,0,1,1,NULL,NULL,NULL,NULL,NULL,'--- !ruby/hash:ActiveSupport::HashWithIndifferentAccess\nanschaffungskategorie: AV-Technik\nreference: invoice\numzug: zgeln\nankunftszustand: intakt\n','2012-08-30 01:06:03','2012-08-30 01:06:03',NULL),(14,'183idu7e6cyhab7mhti914','cd:32:c8:81:20:dd-b5:06:c3:d3:dd:1e-b4:be:48:f1:9e:45',37,NULL,14,1,NULL,NULL,'2008-10-13','2012-08-30',NULL,NULL,'922.00',0,0,1,0,1,1,NULL,NULL,NULL,NULL,NULL,'--- !ruby/hash:ActiveSupport::HashWithIndifferentAccess\nanschaffungskategorie: AV-Technik\nreference: invoice\numzug: zgeln\nankunftszustand: intakt\n','2012-08-30 01:06:03','2012-08-30 01:06:03',NULL),(15,'ossuqh9z7oxe6hs65ita15','a9:ba:00:35:9a:41-ec:be:4c:74:15:ef-79:de:b3:04:fd:0d',38,NULL,15,1,NULL,NULL,'2007-05-06','2012-08-30',NULL,NULL,'437.00',0,0,1,0,1,1,NULL,NULL,NULL,NULL,NULL,'--- !ruby/hash:ActiveSupport::HashWithIndifferentAccess\nanschaffungskategorie: AV-Technik\nreference: invoice\numzug: zgeln\nankunftszustand: intakt\n','2012-08-30 01:06:03','2012-08-30 01:06:03',NULL),(16,'dxlioad4w4r21vdr9v3616','c8:ae:ba:b0:44:c7-2f:ff:0e:ee:96:19-72:21:d8:5c:20:03',39,NULL,16,1,NULL,NULL,'2007-07-22','2012-08-30',NULL,NULL,'812.00',0,0,1,0,1,1,NULL,NULL,NULL,NULL,NULL,'--- !ruby/hash:ActiveSupport::HashWithIndifferentAccess\nanschaffungskategorie: AV-Technik\nreference: invoice\numzug: zgeln\nankunftszustand: intakt\n','2012-08-30 01:06:03','2012-08-30 01:06:03',NULL),(17,'1rfxn8b3saklc5mtuz3f17','1c:f4:57:6f:b6:cc-40:bd:f6:8d:70:cc-a2:7f:27:20:f7:e7',40,NULL,17,1,NULL,NULL,'2007-03-01','2012-08-30',NULL,NULL,'22.00',0,0,1,0,1,1,NULL,NULL,NULL,NULL,NULL,'--- !ruby/hash:ActiveSupport::HashWithIndifferentAccess\nanschaffungskategorie: AV-Technik\nreference: invoice\numzug: zgeln\nankunftszustand: intakt\n','2012-08-30 01:06:03','2012-08-30 01:06:03',NULL),(18,'gjzh6pim148chgqw2ije18','f1:a9:0e:55:9f:4b-3e:bf:a3:1a:b5:91-c0:ef:ba:a6:9c:d4',41,NULL,18,1,NULL,NULL,'2009-02-20','2012-08-30',NULL,NULL,'3.00',0,0,1,0,1,1,NULL,NULL,NULL,NULL,NULL,'--- !ruby/hash:ActiveSupport::HashWithIndifferentAccess\nanschaffungskategorie: AV-Technik\nreference: invoice\numzug: zgeln\nankunftszustand: intakt\n','2012-08-30 01:06:03','2012-08-30 01:06:03',NULL),(19,'cri5lxak7yphmu70ggfc19','07:dc:a6:7d:d2:76-74:f1:32:7a:c5:ae-28:da:fa:ed:6c:88',42,NULL,19,1,NULL,NULL,'2008-04-11','2012-08-30',NULL,NULL,'803.00',0,0,1,0,1,1,NULL,NULL,NULL,NULL,NULL,'--- !ruby/hash:ActiveSupport::HashWithIndifferentAccess\nanschaffungskategorie: AV-Technik\nreference: invoice\numzug: zgeln\nankunftszustand: intakt\n','2012-08-30 01:06:03','2012-08-30 01:06:03',NULL),(20,'5dan02lpktko6zrq9uo420','71:78:d1:b3:96:ac-73:e6:a7:ba:b3:6e-e0:e4:90:81:b4:c2',43,NULL,20,1,NULL,NULL,'2007-04-08','2012-08-30',NULL,NULL,'1018.00',0,0,1,0,1,1,NULL,NULL,NULL,NULL,NULL,'--- !ruby/hash:ActiveSupport::HashWithIndifferentAccess\nanschaffungskategorie: AV-Technik\nreference: invoice\numzug: zgeln\nankunftszustand: intakt\n','2012-08-30 01:06:03','2012-08-30 01:06:03',NULL),(21,'0xhc9o66eaqb0uddsov921','36:fc:3c:9f:c8:cf-f5:ac:7d:98:55:84-33:71:c3:76:70:71',44,NULL,21,1,NULL,NULL,'2009-09-18','2012-08-30',NULL,NULL,'4.00',0,0,1,0,1,1,NULL,NULL,NULL,NULL,NULL,'--- !ruby/hash:ActiveSupport::HashWithIndifferentAccess\nanschaffungskategorie: AV-Technik\nreference: invoice\numzug: zgeln\nankunftszustand: intakt\n','2012-08-30 01:06:03','2012-08-30 01:06:03',NULL),(22,'yfsv0r9utv8s3unp6obh22','0d:de:22:f1:a0:a1-3d:85:18:32:d6:2a-8c:d4:ce:3a:ea:97',45,NULL,22,1,NULL,NULL,'2009-10-13','2012-08-30',NULL,NULL,'295.00',0,0,1,0,1,1,NULL,NULL,NULL,NULL,NULL,'--- !ruby/hash:ActiveSupport::HashWithIndifferentAccess\nanschaffungskategorie: AV-Technik\nreference: invoice\numzug: zgeln\nankunftszustand: intakt\n','2012-08-30 01:06:03','2012-08-30 01:06:03',NULL),(23,'wkzd1589qxcvg4mqe8hi23','45:a0:42:1c:35:fd-18:32:d2:fd:2f:bf-17:8a:e4:59:2c:99',46,NULL,23,1,NULL,NULL,'2009-03-25','2012-08-30',NULL,NULL,'995.00',0,0,1,0,1,1,NULL,NULL,NULL,NULL,NULL,'--- !ruby/hash:ActiveSupport::HashWithIndifferentAccess\nanschaffungskategorie: AV-Technik\nreference: invoice\numzug: zgeln\nankunftszustand: intakt\n','2012-08-30 01:06:03','2012-08-30 01:06:03',NULL),(24,'mt5zjyi7s84aa0467ndt24','ab:2a:85:53:08:e4-04:61:fa:cd:95:ce-97:e3:44:d2:21:da',47,NULL,24,1,NULL,NULL,'2007-11-12','2012-08-30',NULL,NULL,'58.00',0,0,1,0,1,1,NULL,NULL,NULL,NULL,NULL,'--- !ruby/hash:ActiveSupport::HashWithIndifferentAccess\nanschaffungskategorie: AV-Technik\nreference: invoice\numzug: zgeln\nankunftszustand: intakt\n','2012-08-30 01:06:03','2012-08-30 01:06:03',NULL),(25,'q9mrd8719sa4t3atkub625','43:dc:4a:f0:0d:bb-11:b8:82:a7:f0:a2-92:47:55:26:d3:90',48,NULL,25,1,NULL,NULL,'2008-08-13','2012-08-30',NULL,NULL,'912.00',0,0,1,0,1,1,NULL,NULL,NULL,NULL,NULL,'--- !ruby/hash:ActiveSupport::HashWithIndifferentAccess\nanschaffungskategorie: AV-Technik\nreference: invoice\numzug: zgeln\nankunftszustand: intakt\n','2012-08-30 01:06:03','2012-08-30 01:06:03',NULL),(26,'d3rfi15kp7qpkg9b6m5e26','66:6d:a8:ba:f2:67-22:ec:54:f7:cb:f9-0b:4e:d2:62:0d:ef',49,NULL,26,1,NULL,NULL,'2010-02-25','2012-08-30',NULL,NULL,'1017.00',0,0,1,0,1,1,NULL,NULL,NULL,NULL,NULL,'--- !ruby/hash:ActiveSupport::HashWithIndifferentAccess\nanschaffungskategorie: AV-Technik\nreference: invoice\numzug: zgeln\nankunftszustand: intakt\n','2012-08-30 01:06:03','2012-08-30 01:06:03',NULL),(27,'uik8y4zc457m39qxlhty27','46:0f:f0:26:bd:6b-5d:a1:9b:9e:a6:71-05:09:e9:3a:76:cc',50,NULL,27,1,NULL,NULL,'2009-08-14','2012-08-30',NULL,NULL,'1492.00',0,0,1,0,1,1,NULL,NULL,NULL,NULL,NULL,'--- !ruby/hash:ActiveSupport::HashWithIndifferentAccess\nanschaffungskategorie: AV-Technik\nreference: invoice\numzug: zgeln\nankunftszustand: intakt\n','2012-08-30 01:06:03','2012-08-30 01:06:03',NULL),(28,'q2gmy8p38f3g5c6pqz3d28','59:64:08:b0:b6:42-d0:be:0d:10:1d:76-da:34:54:58:c5:7f',51,NULL,28,1,NULL,NULL,'2010-09-11','2012-08-30',NULL,NULL,'111.00',0,0,1,0,1,1,NULL,NULL,NULL,NULL,NULL,'--- !ruby/hash:ActiveSupport::HashWithIndifferentAccess\nanschaffungskategorie: AV-Technik\nreference: invoice\numzug: zgeln\nankunftszustand: intakt\n','2012-08-30 01:06:03','2012-08-30 01:06:03',NULL),(29,'2poxodcl8cjgcv3ny32l29','db:b1:97:54:ed:c2-af:75:75:b3:01:99-65:d8:ea:76:13:4d',52,NULL,29,1,NULL,NULL,'2007-12-18','2012-08-30',NULL,NULL,'1381.00',0,0,1,0,1,1,NULL,NULL,NULL,NULL,NULL,'--- !ruby/hash:ActiveSupport::HashWithIndifferentAccess\nanschaffungskategorie: AV-Technik\nreference: invoice\numzug: zgeln\nankunftszustand: intakt\n','2012-08-30 01:06:03','2012-08-30 01:06:03',NULL),(30,'fwjbrmzu4bsskl2vkv8830','ce:0f:cd:2e:9d:12-dc:71:f3:c7:05:c4-a9:6a:32:ad:8c:f5',53,NULL,30,1,NULL,NULL,'2007-05-23','2012-08-30',NULL,NULL,'673.00',0,0,1,0,1,1,NULL,NULL,NULL,NULL,NULL,'--- !ruby/hash:ActiveSupport::HashWithIndifferentAccess\nanschaffungskategorie: AV-Technik\nreference: invoice\numzug: zgeln\nankunftszustand: intakt\n','2012-08-30 01:06:03','2012-08-30 01:06:03',NULL),(31,'7t42px0xjydnu7ol4euq31','28:bb:15:de:a0:31-2e:0a:08:bd:f6:05-0d:ca:b0:3f:09:57',54,NULL,31,1,NULL,NULL,'2010-11-11','2012-08-30',NULL,NULL,'985.00',0,0,1,0,1,1,NULL,NULL,NULL,NULL,NULL,'--- !ruby/hash:ActiveSupport::HashWithIndifferentAccess\nanschaffungskategorie: AV-Technik\nreference: invoice\numzug: zgeln\nankunftszustand: intakt\n','2012-08-30 01:06:03','2012-08-30 01:06:03',NULL),(32,'pspepmib6ri8xotqfdqj32','e4:eb:28:62:bc:c5-f3:8a:3e:27:2d:6b-8c:40:56:ee:e8:8e',55,NULL,32,1,NULL,NULL,'2009-12-01','2012-08-30',NULL,NULL,'1441.00',0,0,1,0,1,1,NULL,NULL,NULL,NULL,NULL,'--- !ruby/hash:ActiveSupport::HashWithIndifferentAccess\nanschaffungskategorie: AV-Technik\nreference: invoice\numzug: zgeln\nankunftszustand: intakt\n','2012-08-30 01:06:03','2012-08-30 01:06:03',NULL),(33,'aau0klx9dkvo6f2my6mi33','d7:da:22:a3:37:7d-aa:5f:61:7f:e2:ed-52:41:2a:17:7a:69',56,NULL,33,1,NULL,NULL,'2010-12-16','2012-08-30',NULL,NULL,'1069.00',0,0,1,0,1,1,NULL,NULL,NULL,NULL,NULL,'--- !ruby/hash:ActiveSupport::HashWithIndifferentAccess\nanschaffungskategorie: AV-Technik\nreference: invoice\numzug: zgeln\nankunftszustand: intakt\n','2012-08-30 01:06:03','2012-08-30 01:06:03',NULL),(34,'3yobm7p10aje17q6yypf34','87:a3:52:0b:c2:74-25:94:80:7f:fb:ad-24:91:11:e9:c1:dd',57,NULL,34,1,NULL,NULL,'2011-10-23','2012-08-30',NULL,NULL,'1266.00',0,0,1,0,1,1,NULL,NULL,NULL,NULL,NULL,'--- !ruby/hash:ActiveSupport::HashWithIndifferentAccess\nanschaffungskategorie: AV-Technik\nreference: invoice\numzug: zgeln\nankunftszustand: intakt\n','2012-08-30 01:06:03','2012-08-30 01:06:03',NULL),(35,'8luyc3rqgxt13722uxhm35','b3:99:96:94:2f:a0-86:26:0b:c3:91:6a-f5:69:2d:63:31:90',58,NULL,35,1,NULL,NULL,'2007-07-19','2012-08-30',NULL,NULL,'396.00',0,0,1,0,1,1,NULL,NULL,NULL,NULL,NULL,'--- !ruby/hash:ActiveSupport::HashWithIndifferentAccess\nanschaffungskategorie: AV-Technik\nreference: invoice\numzug: zgeln\nankunftszustand: intakt\n','2012-08-30 01:06:03','2012-08-30 01:06:03',NULL),(36,'xkxr7yhmxqn1432a6qgs36','50:13:f8:45:21:c7-d3:7b:6c:6d:3d:85-2a:88:fb:c5:7d:60',59,NULL,36,1,NULL,NULL,'2009-06-06','2012-08-30',NULL,NULL,'1019.00',0,0,1,0,1,1,NULL,NULL,NULL,NULL,NULL,'--- !ruby/hash:ActiveSupport::HashWithIndifferentAccess\nanschaffungskategorie: AV-Technik\nreference: invoice\numzug: zgeln\nankunftszustand: intakt\n','2012-08-30 01:06:03','2012-08-30 01:06:03',NULL),(37,'3nze4l9tu4tkw892rx0v37','96:07:c8:14:74:8c-3e:1a:f7:9f:93:45-d0:6f:20:95:ed:d4',60,NULL,37,1,NULL,NULL,'2010-05-09','2012-08-30',NULL,NULL,'676.00',0,0,1,0,1,1,NULL,NULL,NULL,NULL,NULL,'--- !ruby/hash:ActiveSupport::HashWithIndifferentAccess\nanschaffungskategorie: AV-Technik\nreference: invoice\numzug: zgeln\nankunftszustand: intakt\n','2012-08-30 01:06:03','2012-08-30 01:06:03',NULL),(38,'aitzblhd7tgcupween8638','c9:d6:5b:88:96:de-30:31:95:e9:0f:a7-01:3a:65:16:37:c5',61,NULL,38,1,NULL,NULL,'2007-03-06','2012-08-30',NULL,NULL,'85.00',0,0,1,0,1,1,NULL,NULL,NULL,NULL,NULL,'--- !ruby/hash:ActiveSupport::HashWithIndifferentAccess\nanschaffungskategorie: AV-Technik\nreference: invoice\numzug: zgeln\nankunftszustand: intakt\n','2012-08-30 01:06:03','2012-08-30 01:06:03',NULL),(39,'65swpm0rsmld4hnzfjpt39','61:eb:aa:e8:35:7f-dc:bc:72:b3:8a:26-10:95:83:b5:91:a8',62,NULL,39,1,NULL,NULL,'2007-04-11','2012-08-30',NULL,NULL,'110.00',0,0,1,0,1,1,NULL,NULL,NULL,NULL,NULL,'--- !ruby/hash:ActiveSupport::HashWithIndifferentAccess\nanschaffungskategorie: AV-Technik\nreference: invoice\numzug: zgeln\nankunftszustand: intakt\n','2012-08-30 01:06:03','2012-08-30 01:06:03',NULL),(40,'4winc2fz5ug9vh20ire440','05:23:59:36:99:cc-ee:d6:3a:3b:8a:cb-b1:26:3d:34:62:b7',63,NULL,40,1,NULL,NULL,'2008-12-01','2012-08-30',NULL,NULL,'550.00',0,0,1,0,1,1,NULL,NULL,NULL,NULL,NULL,'--- !ruby/hash:ActiveSupport::HashWithIndifferentAccess\nanschaffungskategorie: AV-Technik\nreference: invoice\numzug: zgeln\nankunftszustand: intakt\n','2012-08-30 01:06:03','2012-08-30 01:06:03',NULL),(41,'01vtavm3c6epg2e35a4p41','51:0b:69:4b:f9:56-e1:1b:25:93:e6:d5-b2:68:f8:71:7a:90',64,NULL,41,1,NULL,NULL,'2011-12-29','2012-08-30',NULL,NULL,'268.00',0,0,1,0,1,1,NULL,NULL,NULL,NULL,NULL,'--- !ruby/hash:ActiveSupport::HashWithIndifferentAccess\nanschaffungskategorie: AV-Technik\nreference: invoice\numzug: zgeln\nankunftszustand: intakt\n','2012-08-30 01:06:03','2012-08-30 01:06:03',NULL),(42,'y1l3wrq2lr98udolx4e242','30:fa:b7:4a:14:98-2e:38:85:c7:e1:08-6b:06:1d:9c:a1:65',65,NULL,42,1,NULL,NULL,'2007-03-13','2012-08-30',NULL,NULL,'1140.00',0,0,1,0,1,1,NULL,NULL,NULL,NULL,NULL,'--- !ruby/hash:ActiveSupport::HashWithIndifferentAccess\nanschaffungskategorie: AV-Technik\nreference: invoice\numzug: zgeln\nankunftszustand: intakt\n','2012-08-30 01:06:03','2012-08-30 01:06:03',NULL),(43,'mh97orziq3c1m7a9fv6143','b8:a3:2a:da:2b:d3-90:25:24:48:03:33-71:b1:65:cc:a3:86',66,NULL,43,1,NULL,NULL,'2011-11-16','2012-08-30',NULL,NULL,'514.00',0,0,1,0,1,1,NULL,NULL,NULL,NULL,NULL,'--- !ruby/hash:ActiveSupport::HashWithIndifferentAccess\nanschaffungskategorie: AV-Technik\nreference: invoice\numzug: zgeln\nankunftszustand: intakt\n','2012-08-30 01:06:03','2012-08-30 01:06:03',NULL),(44,'ekdz2570sd3f8r7g6dnx44','c7:6d:20:75:98:59-96:a2:cc:e3:67:b2-11:6e:1e:3b:47:68',67,NULL,44,1,NULL,NULL,'2011-01-05','2012-08-30',NULL,NULL,'351.00',0,0,1,0,1,1,NULL,NULL,NULL,NULL,NULL,'--- !ruby/hash:ActiveSupport::HashWithIndifferentAccess\nanschaffungskategorie: AV-Technik\nreference: invoice\numzug: zgeln\nankunftszustand: intakt\n','2012-08-30 01:06:03','2012-08-30 01:06:03',NULL),(45,'0lf6mffr01qybvpxx55p45','51:ff:05:88:3d:9a-e4:42:e2:03:a5:2c-a9:d6:f2:4d:b0:63',68,NULL,45,1,NULL,NULL,'2008-05-26','2012-08-30',NULL,NULL,'1051.00',0,0,1,0,1,1,NULL,NULL,NULL,NULL,NULL,'--- !ruby/hash:ActiveSupport::HashWithIndifferentAccess\nanschaffungskategorie: AV-Technik\nreference: invoice\numzug: zgeln\nankunftszustand: intakt\n','2012-08-30 01:06:03','2012-08-30 01:06:03',NULL),(46,'arxe11e35jts291nvfkw46','cf:63:20:91:d6:80-13:63:fa:84:3b:17-be:a8:f9:4c:c3:b9',69,NULL,46,1,NULL,NULL,'2007-08-11','2012-08-30',NULL,NULL,'682.00',0,0,1,0,1,1,NULL,NULL,NULL,NULL,NULL,'--- !ruby/hash:ActiveSupport::HashWithIndifferentAccess\nanschaffungskategorie: AV-Technik\nreference: invoice\numzug: zgeln\nankunftszustand: intakt\n','2012-08-30 01:06:03','2012-08-30 01:06:03',NULL),(47,'xyqrnlrvxvsv4692pbjx47','5d:bc:50:ac:c5:f0-ee:e1:0d:24:b2:48-25:06:45:df:7a:ad',70,NULL,47,1,NULL,NULL,'2009-10-08','2012-08-30',NULL,NULL,'1262.00',0,0,1,0,1,1,NULL,NULL,NULL,NULL,NULL,'--- !ruby/hash:ActiveSupport::HashWithIndifferentAccess\nanschaffungskategorie: AV-Technik\nreference: invoice\numzug: zgeln\nankunftszustand: intakt\n','2012-08-30 01:06:03','2012-08-30 01:06:03',NULL),(48,'l4kn120fflci3izsuq6r48','8c:a6:53:5c:e3:58-12:b7:2c:7d:22:ae-85:72:2b:79:51:bd',71,NULL,48,1,NULL,NULL,'2010-06-20','2012-08-30',NULL,NULL,'1151.00',0,0,1,0,1,1,NULL,NULL,NULL,NULL,NULL,'--- !ruby/hash:ActiveSupport::HashWithIndifferentAccess\nanschaffungskategorie: AV-Technik\nreference: invoice\numzug: zgeln\nankunftszustand: intakt\n','2012-08-30 01:06:03','2012-08-30 01:06:03',NULL),(49,'q7az134f5oh05n96vosy49','3d:f6:e8:b7:0e:21-e7:0c:49:be:60:27-ea:a0:77:2f:b9:53',72,NULL,49,1,NULL,NULL,'2011-04-13','2012-08-30',NULL,NULL,'394.00',0,0,1,0,1,1,NULL,NULL,NULL,NULL,NULL,'--- !ruby/hash:ActiveSupport::HashWithIndifferentAccess\nanschaffungskategorie: AV-Technik\nreference: invoice\numzug: zgeln\nankunftszustand: intakt\n','2012-08-30 01:06:03','2012-08-30 01:06:03',NULL),(50,'wxwtypyyv98nzecywcs350','ee:16:12:be:ed:18-69:27:62:9b:c1:19-00:81:9e:07:d3:03',73,NULL,50,1,NULL,NULL,'2010-02-01','2012-08-30',NULL,NULL,'631.00',0,0,1,0,1,1,NULL,NULL,NULL,NULL,NULL,'--- !ruby/hash:ActiveSupport::HashWithIndifferentAccess\nanschaffungskategorie: AV-Technik\nreference: invoice\numzug: zgeln\nankunftszustand: intakt\n','2012-08-30 01:06:03','2012-08-30 01:06:03',NULL),(51,'book1','book1',1,1,51,2,NULL,NULL,'2010-11-29','2012-08-30',NULL,NULL,'1112.00',0,0,1,0,2,1,NULL,NULL,NULL,NULL,NULL,'--- !ruby/hash:ActiveSupport::HashWithIndifferentAccess\nanschaffungskategorie: AV-Technik\nreference: invoice\numzug: zgeln\nankunftszustand: intakt\n','2012-08-30 01:06:03','2012-08-30 01:06:03',NULL),(52,'book2','book2',1,1,52,2,NULL,NULL,'2007-05-10','2012-08-30',NULL,NULL,'200.00',0,0,1,0,2,1,NULL,NULL,NULL,NULL,NULL,'--- !ruby/hash:ActiveSupport::HashWithIndifferentAccess\nanschaffungskategorie: AV-Technik\nreference: invoice\numzug: zgeln\nankunftszustand: intakt\n','2012-08-30 01:06:03','2012-08-30 01:06:03',NULL),(53,'beam123','xyz456',2,1,53,1,NULL,NULL,'2009-01-04','2012-08-30',NULL,NULL,'440.00',0,0,1,0,1,1,NULL,NULL,NULL,NULL,NULL,'--- !ruby/hash:ActiveSupport::HashWithIndifferentAccess\nanschaffungskategorie: AV-Technik\nreference: invoice\numzug: zgeln\nankunftszustand: intakt\n','2012-08-30 01:06:03','2012-08-30 01:06:03',NULL),(54,'beam345','xyz890',2,1,54,1,NULL,NULL,'2011-12-12','2012-08-30',NULL,NULL,'907.00',0,0,1,0,1,1,NULL,NULL,NULL,NULL,NULL,'--- !ruby/hash:ActiveSupport::HashWithIndifferentAccess\nanschaffungskategorie: AV-Technik\nreference: invoice\numzug: zgeln\nankunftszustand: intakt\n','2012-08-30 01:06:03','2012-08-30 01:06:03',NULL),(55,'beam678','xyz678',3,1,55,1,NULL,NULL,'2010-02-18','2012-08-30',NULL,NULL,'93.00',0,0,1,0,1,1,NULL,NULL,NULL,NULL,NULL,'--- !ruby/hash:ActiveSupport::HashWithIndifferentAccess\nanschaffungskategorie: AV-Technik\nreference: invoice\numzug: zgeln\nankunftszustand: intakt\n','2012-08-30 01:06:03','2012-08-30 01:06:03',NULL),(56,'beam749','xyz749',2,1,56,1,NULL,NULL,'2011-10-22','2012-08-30',NULL,NULL,'448.00',0,0,1,0,2,1,NULL,NULL,NULL,NULL,NULL,'--- !ruby/hash:ActiveSupport::HashWithIndifferentAccess\nanschaffungskategorie: AV-Technik\nreference: invoice\numzug: zgeln\nankunftszustand: intakt\n','2012-08-30 01:06:03','2012-08-30 01:06:03',NULL),(57,'beamTest123','xyz74912',5,1,57,1,NULL,NULL,'2007-12-04','2012-08-30',NULL,NULL,'1295.00',0,0,1,0,1,1,NULL,NULL,NULL,NULL,NULL,'--- !ruby/hash:ActiveSupport::HashWithIndifferentAccess\nanschaffungskategorie: AV-Technik\nreference: invoice\numzug: zgeln\nankunftszustand: intakt\n','2012-08-30 01:06:03','2012-08-30 01:06:03',NULL),(58,'ucbeam1','minbeam1',6,1,58,1,NULL,NULL,'2011-08-12','2012-08-30',NULL,NULL,'1355.00',0,0,1,0,1,1,NULL,NULL,NULL,'ucbeam1',NULL,'--- !ruby/hash:ActiveSupport::HashWithIndifferentAccess\nanschaffungskategorie: AV-Technik\nreference: invoice\numzug: zgeln\nankunftszustand: intakt\n','2012-08-30 01:06:03','2012-08-30 01:06:03',NULL),(59,'microbeam1','microbeam1',7,1,59,1,NULL,NULL,'2010-07-15','2012-08-30',NULL,NULL,'436.00',0,0,1,0,1,1,NULL,NULL,NULL,'microbeam1',NULL,'--- !ruby/hash:ActiveSupport::HashWithIndifferentAccess\nanschaffungskategorie: AV-Technik\nreference: invoice\numzug: zgeln\nankunftszustand: intakt\n','2012-08-30 01:06:03','2012-08-30 01:06:03',NULL),(60,'cam123','abc234',8,1,60,1,NULL,NULL,'2010-02-20','2012-08-30',NULL,NULL,'610.00',0,0,1,0,1,1,NULL,NULL,NULL,NULL,NULL,'--- !ruby/hash:ActiveSupport::HashWithIndifferentAccess\nanschaffungskategorie: AV-Technik\nreference: invoice\numzug: zgeln\nankunftszustand: intakt\n','2012-08-30 01:06:03','2012-08-30 01:06:03',NULL),(61,'cam345','ab567',8,1,61,1,NULL,NULL,'2010-08-03','2012-08-30',NULL,NULL,'1137.00',0,0,1,0,1,1,NULL,NULL,NULL,NULL,NULL,'--- !ruby/hash:ActiveSupport::HashWithIndifferentAccess\nanschaffungskategorie: AV-Technik\nreference: invoice\numzug: zgeln\nankunftszustand: intakt\n','2012-08-30 01:06:03','2012-08-30 01:06:03',NULL),(62,'cam567','ab789',8,1,62,1,NULL,NULL,'2009-01-08','2012-08-30',NULL,NULL,'168.00',0,0,1,0,1,1,NULL,NULL,NULL,NULL,NULL,'--- !ruby/hash:ActiveSupport::HashWithIndifferentAccess\nanschaffungskategorie: AV-Technik\nreference: invoice\numzug: zgeln\nankunftszustand: intakt\n','2012-08-30 01:06:03','2012-08-30 01:06:03',NULL),(63,'cam53267','ab782129',8,1,63,1,NULL,NULL,'2009-10-03','2012-08-30',NULL,NULL,'361.00',0,0,1,0,1,1,NULL,NULL,NULL,NULL,NULL,'--- !ruby/hash:ActiveSupport::HashWithIndifferentAccess\nanschaffungskategorie: AV-Technik\nreference: invoice\numzug: zgeln\nankunftszustand: intakt\n','2012-08-30 01:06:03','2012-08-30 01:06:03',NULL),(64,'cam532asd67','ab78as2129',8,1,64,1,NULL,NULL,'2011-11-19','2012-08-30',NULL,NULL,'873.00',0,0,1,0,1,1,NULL,NULL,NULL,NULL,NULL,'--- !ruby/hash:ActiveSupport::HashWithIndifferentAccess\nanschaffungskategorie: AV-Technik\nreference: invoice\numzug: zgeln\nankunftszustand: intakt\n','2012-08-30 01:06:03','2012-08-30 01:06:03',NULL),(65,'tri789','fgh567',9,1,65,1,NULL,NULL,'2007-05-08','2012-08-30',NULL,NULL,'850.00',0,0,1,0,1,1,NULL,NULL,NULL,NULL,NULL,'--- !ruby/hash:ActiveSupport::HashWithIndifferentAccess\nanschaffungskategorie: AV-Technik\nreference: invoice\numzug: zgeln\nankunftszustand: intakt\n','2012-08-30 01:06:03','2012-08-30 01:06:03',NULL),(66,'tri123','fgh987',9,1,66,1,NULL,NULL,'2010-10-31','2012-08-30',NULL,NULL,'1335.00',0,0,1,0,1,1,NULL,NULL,NULL,NULL,NULL,'--- !ruby/hash:ActiveSupport::HashWithIndifferentAccess\nanschaffungskategorie: AV-Technik\nreference: invoice\numzug: zgeln\nankunftszustand: intakt\n','2012-08-30 01:06:03','2012-08-30 01:06:03',NULL),(67,'tri923','asd213',9,1,67,1,NULL,NULL,'2009-03-10','2012-08-30',NULL,NULL,'796.00',0,0,1,0,1,1,NULL,NULL,NULL,NULL,NULL,'--- !ruby/hash:ActiveSupport::HashWithIndifferentAccess\nanschaffungskategorie: AV-Technik\nreference: invoice\numzug: zgeln\nankunftszustand: intakt\n','2012-08-30 01:06:03','2012-08-30 01:06:03',NULL),(68,'tri212','tri212',9,1,68,1,NULL,NULL,'2011-05-08','2012-08-30',NULL,NULL,'1439.00',0,0,1,0,1,1,NULL,NULL,NULL,NULL,NULL,'--- !ruby/hash:ActiveSupport::HashWithIndifferentAccess\nanschaffungskategorie: AV-Technik\nreference: invoice\numzug: zgeln\nankunftszustand: intakt\n','2012-08-30 01:06:03','2012-08-30 01:06:03',NULL),(69,'hifi123','hifi123',10,1,69,1,NULL,NULL,'2010-05-19','2012-08-30',NULL,NULL,'428.00',0,0,1,0,1,1,NULL,NULL,NULL,NULL,NULL,'--- !ruby/hash:ActiveSupport::HashWithIndifferentAccess\nanschaffungskategorie: AV-Technik\nreference: invoice\numzug: zgeln\nankunftszustand: intakt\n','2012-08-30 01:06:03','2012-08-30 01:06:03',NULL),(70,'bose123','bose123',12,1,70,1,NULL,NULL,'2009-08-07','2012-08-30',NULL,NULL,'877.00',0,0,1,0,1,1,NULL,NULL,NULL,NULL,NULL,'--- !ruby/hash:ActiveSupport::HashWithIndifferentAccess\nanschaffungskategorie: AV-Technik\nreference: invoice\numzug: zgeln\nankunftszustand: intakt\n','2012-08-30 01:06:03','2012-08-30 01:06:03',NULL),(71,'cand5','cand5',8,1,71,1,NULL,NULL,'2010-02-09','2012-08-30',NULL,NULL,'858.00',0,0,0,0,1,1,NULL,NULL,NULL,NULL,NULL,'--- !ruby/hash:ActiveSupport::HashWithIndifferentAccess\nanschaffungskategorie: AV-Technik\nreference: invoice\numzug: zgeln\nankunftszustand: intakt\n','2012-08-30 01:06:03','2012-08-30 01:06:03',NULL),(72,'beam21231','beamas12312',2,1,72,1,NULL,NULL,'2007-06-30','2012-08-30',NULL,NULL,'1172.00',0,0,0,0,1,1,NULL,NULL,NULL,NULL,NULL,'--- !ruby/hash:ActiveSupport::HashWithIndifferentAccess\nanschaffungskategorie: AV-Technik\nreference: invoice\numzug: zgeln\nankunftszustand: intakt\n','2012-08-30 01:06:03','2012-08-30 01:06:03',NULL),(73,'hifi345','hifi345',10,1,73,1,NULL,NULL,'2007-05-01','2012-08-30',NULL,NULL,'741.00',0,0,0,0,1,1,NULL,NULL,NULL,NULL,NULL,'--- !ruby/hash:ActiveSupport::HashWithIndifferentAccess\nanschaffungskategorie: AV-Technik\nreference: invoice\numzug: zgeln\nankunftszustand: intakt\n','2012-08-30 01:06:03','2012-08-30 01:06:03',NULL),(74,'wlaptop1','wlaptop1',14,1,74,1,NULL,NULL,'2011-12-12','2012-08-30',NULL,NULL,'195.00',1,0,1,0,1,1,NULL,NULL,NULL,NULL,NULL,'--- !ruby/hash:ActiveSupport::HashWithIndifferentAccess\nanschaffungskategorie: AV-Technik\nreference: invoice\numzug: zgeln\nankunftszustand: intakt\n','2012-08-30 01:06:03','2012-08-30 01:06:03',NULL),(75,'v120d02','v120d02',15,1,75,1,NULL,NULL,'2010-11-04','2012-08-30',NULL,NULL,'311.00',0,1,1,0,1,1,NULL,NULL,NULL,NULL,NULL,'--- !ruby/hash:ActiveSupport::HashWithIndifferentAccess\nanschaffungskategorie: AV-Technik\nreference: invoice\numzug: zgeln\nankunftszustand: intakt\n','2012-08-30 01:06:03','2012-08-30 01:06:03',NULL),(76,'v120d11','v120d11',15,NULL,76,1,NULL,NULL,'2011-09-17','2012-08-30','2012-08-30','Sapiente repellat debitis impedit alias.','383.00',1,1,0,0,1,1,NULL,NULL,NULL,NULL,NULL,'--- !ruby/hash:ActiveSupport::HashWithIndifferentAccess\nanschaffungskategorie: AV-Technik\nreference: invoice\numzug: zgeln\nankunftszustand: intakt\n','2012-08-30 01:06:03','2012-08-30 01:06:03',NULL),(77,'v120d022g','v120d022g',16,1,77,1,NULL,NULL,'2010-08-11','2012-08-30',NULL,NULL,'1387.00',0,0,1,0,1,1,NULL,NULL,NULL,NULL,NULL,'--- !ruby/hash:ActiveSupport::HashWithIndifferentAccess\nanschaffungskategorie: AV-Technik\nreference: invoice\numzug: zgeln\nankunftszustand: intakt\n','2012-08-30 01:06:03','2012-08-30 01:06:03',NULL),(78,'v120d022g2','v120d022g2',16,1,78,1,NULL,NULL,'2007-01-05','2012-08-30',NULL,NULL,'54.00',0,0,1,0,1,1,NULL,NULL,NULL,NULL,NULL,'--- !ruby/hash:ActiveSupport::HashWithIndifferentAccess\nanschaffungskategorie: AV-Technik\nreference: invoice\numzug: zgeln\nankunftszustand: intakt\n','2012-08-30 01:06:03','2012-08-30 01:06:03',NULL),(79,'iMac1','iMac1',18,1,79,1,NULL,NULL,'2007-02-01','2012-08-30','2012-08-30','This item is gone.','209.00',0,0,1,0,1,1,NULL,NULL,NULL,NULL,NULL,'--- !ruby/hash:ActiveSupport::HashWithIndifferentAccess\nanschaffungskategorie: AV-Technik\nreference: invoice\numzug: zgeln\nankunftszustand: intakt\n','2012-08-30 01:06:03','2012-08-30 01:06:03',NULL),(80,'iMac2','iMac2',18,1,80,3,NULL,NULL,'2007-10-24','2012-08-30','2012-08-30','This item is gone.','408.00',0,0,1,0,1,1,NULL,NULL,NULL,NULL,NULL,'--- !ruby/hash:ActiveSupport::HashWithIndifferentAccess\nanschaffungskategorie: AV-Technik\nreference: invoice\numzug: zgeln\nankunftszustand: intakt\n','2012-08-30 01:06:03','2012-08-30 01:06:03',NULL),(81,'lpv3yc','lpv3yc',11,1,81,1,NULL,NULL,'2010-04-29','2012-08-30','2012-08-30','This item is gone.','139.00',0,0,1,0,1,1,NULL,NULL,NULL,NULL,NULL,'--- !ruby/hash:ActiveSupport::HashWithIndifferentAccess\nanschaffungskategorie: AV-Technik\nreference: invoice\numzug: zgeln\nankunftszustand: intakt\n','2012-08-30 01:06:03','2012-08-30 01:06:03',NULL),(82,'6cxjcs','6cxjcs',11,1,82,1,NULL,NULL,'2011-12-01','2012-08-30','2012-08-30','This item is gone.','1429.00',0,0,1,0,1,1,NULL,NULL,NULL,NULL,NULL,'--- !ruby/hash:ActiveSupport::HashWithIndifferentAccess\nanschaffungskategorie: AV-Technik\nreference: invoice\numzug: zgeln\nankunftszustand: intakt\n','2012-08-30 01:06:03','2012-08-30 01:06:03',NULL),(83,'beam897','beam897',2,1,83,2,NULL,NULL,'2009-06-11','2012-08-30',NULL,NULL,'1138.00',0,0,1,0,2,1,NULL,NULL,NULL,NULL,NULL,'--- !ruby/hash:ActiveSupport::HashWithIndifferentAccess\nanschaffungskategorie: AV-Technik\nreference: invoice\numzug: zgeln\nankunftszustand: intakt\n','2012-08-30 01:06:03','2012-08-30 01:06:03',NULL),(84,'minibeam12','minibeam12',4,1,84,2,NULL,NULL,'2007-10-20','2012-08-30',NULL,NULL,'465.00',0,0,1,0,2,1,NULL,NULL,NULL,NULL,NULL,'--- !ruby/hash:ActiveSupport::HashWithIndifferentAccess\nanschaffungskategorie: AV-Technik\nreference: invoice\numzug: zgeln\nankunftszustand: intakt\n','2012-08-30 01:06:03','2012-08-30 01:06:03',NULL),(85,'minibeam34','minibeam34',4,1,85,3,NULL,NULL,'2010-08-13','2012-08-30',NULL,NULL,'1132.00',0,0,1,0,3,1,NULL,NULL,NULL,NULL,NULL,'--- !ruby/hash:ActiveSupport::HashWithIndifferentAccess\nanschaffungskategorie: AV-Technik\nreference: invoice\numzug: zgeln\nankunftszustand: intakt\n','2012-08-30 01:06:03','2012-08-30 01:06:03',NULL),(86,'minibeam56','minibeam56',4,1,86,1,NULL,NULL,'2008-05-04','2012-08-30','2012-08-30','Omnis quo eveniet ut libero.','1362.00',0,0,1,0,1,1,NULL,NULL,NULL,NULL,NULL,'--- !ruby/hash:ActiveSupport::HashWithIndifferentAccess\nanschaffungskategorie: AV-Technik\nreference: invoice\numzug: zgeln\nankunftszustand: intakt\n','2012-08-30 01:06:03','2012-08-30 01:06:03',NULL),(87,'minibeam78','minibeam78',4,1,87,2,NULL,NULL,'2011-10-05','2012-08-30',NULL,NULL,'1057.00',0,0,1,0,2,1,NULL,NULL,NULL,NULL,NULL,'--- !ruby/hash:ActiveSupport::HashWithIndifferentAccess\nanschaffungskategorie: AV-Technik\nreference: invoice\numzug: zgeln\nankunftszustand: intakt\n','2012-08-30 01:06:03','2012-08-30 01:06:03',NULL),(88,'air123','air123',19,1,88,1,NULL,NULL,'2007-07-19','2012-08-30',NULL,NULL,'1203.00',0,0,1,0,1,1,NULL,NULL,NULL,NULL,NULL,'--- !ruby/hash:ActiveSupport::HashWithIndifferentAccess\nanschaffungskategorie: AV-Technik\nreference: invoice\numzug: zgeln\nankunftszustand: intakt\n','2012-08-30 01:06:03','2012-08-30 01:06:03',NULL),(89,'tp230','tp230',20,1,89,1,NULL,NULL,'2008-11-17','2012-08-30',NULL,NULL,'298.00',0,0,1,0,1,1,NULL,NULL,NULL,NULL,NULL,'--- !ruby/hash:ActiveSupport::HashWithIndifferentAccess\nanschaffungskategorie: AV-Technik\nreference: invoice\numzug: zgeln\nankunftszustand: intakt\n','2012-08-30 01:06:03','2012-08-30 01:06:03',NULL),(90,'tp301','tp301',21,1,90,1,NULL,NULL,'2011-09-13','2012-08-30',NULL,NULL,'625.00',0,0,1,0,1,1,NULL,NULL,NULL,NULL,NULL,'--- !ruby/hash:ActiveSupport::HashWithIndifferentAccess\nanschaffungskategorie: AV-Technik\nreference: invoice\numzug: zgeln\nankunftszustand: intakt\n','2012-08-30 01:06:03','2012-08-30 01:06:03',NULL),(91,'carbon1','carbon1',22,1,91,1,NULL,NULL,'2011-10-04','2012-08-30',NULL,NULL,'337.00',0,0,1,0,1,1,NULL,NULL,NULL,NULL,NULL,'--- !ruby/hash:ActiveSupport::HashWithIndifferentAccess\nanschaffungskategorie: AV-Technik\nreference: invoice\numzug: zgeln\nankunftszustand: intakt\n','2012-08-30 01:06:03','2012-08-30 01:06:03',NULL),(92,'carbon2','carbon2',22,1,92,1,NULL,NULL,'2011-07-16','2012-08-30',NULL,NULL,'246.00',0,0,1,0,1,1,NULL,NULL,NULL,NULL,NULL,'--- !ruby/hash:ActiveSupport::HashWithIndifferentAccess\nanschaffungskategorie: AV-Technik\nreference: invoice\numzug: zgeln\nankunftszustand: intakt\n','2012-08-30 01:06:03','2012-08-30 01:06:03',NULL),(93,'inspiron1','inspiron1',23,1,93,1,NULL,NULL,'2007-06-05','2012-08-30',NULL,NULL,'1418.00',0,0,1,0,1,1,NULL,NULL,NULL,NULL,NULL,'--- !ruby/hash:ActiveSupport::HashWithIndifferentAccess\nanschaffungskategorie: AV-Technik\nreference: invoice\numzug: zgeln\nankunftszustand: intakt\n','2012-08-30 01:06:03','2012-08-30 01:06:03',NULL),(94,'A902',NULL,1,1,94,1,NULL,NULL,'2007-09-19','2012-08-30',NULL,NULL,'126.00',0,0,1,0,2,1,NULL,NULL,NULL,NULL,NULL,'--- !ruby/hash:ActiveSupport::HashWithIndifferentAccess\nanschaffungskategorie: AV-Technik\nreference: invoice\numzug: zgeln\nankunftszustand: intakt\n','2012-08-30 01:06:03','2012-08-30 01:06:03',NULL),(95,'l18gjwc90balg9bjj1be51','ae:25:ce:53:d8:ba-da:7d:cc:94:45:4a-1d:6a:b0:95:73:64',76,NULL,NULL,1,NULL,NULL,NULL,NULL,NULL,NULL,NULL,0,0,1,0,1,0,NULL,NULL,NULL,NULL,NULL,'--- !ruby/hash:ActiveSupport::HashWithIndifferentAccess\nlicense_type: single_workplace\nactivation_type: serial_number\noperating_system:\n- windows\n- linux\ninstallation:\n- citrix\n- web\nreference: invoice\nmaintenance_contract: \'false\'\nmaintenance_currency: CHF\n','2012-08-30 01:06:03','2012-08-30 01:06:03',NULL),(96,'ky7302wjx28omtafz2pw52','20:9d:b9:a9:b0:a8-57:6d:15:63:2c:0b-3e:12:26:34:ce:d5',77,NULL,NULL,1,NULL,NULL,NULL,NULL,NULL,NULL,NULL,0,0,1,0,1,0,NULL,NULL,NULL,NULL,NULL,'--- !ruby/hash:ActiveSupport::HashWithIndifferentAccess\nlicense_type: single_workplace\nactivation_type: serial_number\noperating_system:\n- windows\n- linux\ninstallation:\n- citrix\n- web\nprocured_by: Estrella Mraz\nreference: invoice\nmaintenance_contract: \'false\'\nmaintenance_currency: CHF\n','2012-08-30 01:06:03','2012-08-30 01:06:03',NULL),(97,'l6u6bc3utlxcuggegnq653','1a:4c:b9:4d:bd:f3-f8:b4:55:9b:bc:94-e5:f5:c6:9a:db:dc',78,NULL,NULL,1,NULL,NULL,NULL,NULL,NULL,NULL,NULL,0,0,0,0,1,0,NULL,NULL,NULL,NULL,NULL,'--- !ruby/hash:ActiveSupport::HashWithIndifferentAccess\nlicense_type: single_workplace\nactivation_type: serial_number\noperating_system:\n- windows\n- linux\ninstallation:\n- citrix\n- web\nprocured_by: Ivory Padberg\nreference: invoice\nmaintenance_contract: \'false\'\nmaintenance_currency: CHF\n','2012-08-30 01:06:03','2012-08-30 01:06:03',NULL),(98,'gnlb26eripxonefir00x54','06:91:7d:5f:83:fe-34:a3:83:3e:ce:4b-2e:cc:10:15:c2:1e',79,NULL,NULL,1,NULL,NULL,NULL,NULL,NULL,NULL,NULL,0,0,0,0,1,0,NULL,NULL,NULL,NULL,NULL,'--- !ruby/hash:ActiveSupport::HashWithIndifferentAccess\nlicense_type: single_workplace\nactivation_type: serial_number\noperating_system:\n- windows\n- linux\ninstallation:\n- citrix\n- web\nreference: invoice\nmaintenance_contract: \'false\'\nmaintenance_currency: CHF\n','2012-08-30 01:06:03','2012-08-30 01:06:03',NULL),(99,'A903','bd:b1:57:4d:dd:89-ce:4a:82:18:89:e8-6d:fd:29:e9:7c:0d',80,NULL,NULL,1,NULL,NULL,NULL,NULL,NULL,NULL,NULL,0,0,1,0,2,0,NULL,NULL,NULL,NULL,NULL,'--- !ruby/hash:ActiveSupport::HashWithIndifferentAccess\nreference: invoice\nactivation_type: none\nlicense_type: free\nmaintenance_contract: \'false\'\nmaintenance_currency: CHF\n','2012-08-30 01:06:03','2012-08-30 01:06:03',NULL),(100,'A904','3e:8d:54:ae:43:2f-68:75:24:7a:7a:c3-da:42:2c:2b:a7:9d',81,NULL,NULL,1,NULL,NULL,NULL,NULL,'2012-08-30','Id ab possimus tempora id dolores ullam.',NULL,0,0,1,0,1,0,NULL,NULL,NULL,NULL,NULL,'--- !ruby/hash:ActiveSupport::HashWithIndifferentAccess\nreference: invoice\nactivation_type: none\nlicense_type: free\nmaintenance_contract: \'false\'\nmaintenance_currency: CHF\n','2012-08-30 01:06:03','2012-08-30 01:06:03',NULL),(101,'IT9','db:2a:d0:08:98:be-e7:b8:1b:b3:ab:bd-c5:ae:b6:96:3f:03',82,NULL,NULL,2,NULL,NULL,NULL,NULL,'2012-08-30','Debitis eaque qui qui.',NULL,0,0,0,0,1,0,NULL,NULL,NULL,NULL,NULL,'--- !ruby/hash:ActiveSupport::HashWithIndifferentAccess\nreference: invoice\nactivation_type: none\nlicense_type: free\nmaintenance_contract: \'false\'\nmaintenance_currency: CHF\n','2012-08-30 01:06:03','2012-08-30 01:06:03',NULL),(102,'IT13','b5:c2:1e:e7:4e:32-83:1c:fc:07:22:28-39:0e:85:ea:59:e0',83,NULL,NULL,2,NULL,NULL,NULL,NULL,NULL,NULL,NULL,0,0,1,0,2,0,NULL,NULL,NULL,NULL,NULL,'--- !ruby/hash:ActiveSupport::HashWithIndifferentAccess\nreference: invoice\nactivation_type: none\nlicense_type: free\nmaintenance_contract: \'false\'\nmaintenance_currency: CHF\n','2012-08-30 01:06:03','2012-08-30 01:06:03',NULL),(103,'A905','42:18:38:c1:73:3e-d3:b3:d9:c2:0d:6c-3f:40:fb:45:08:ec',84,NULL,NULL,1,NULL,NULL,'2012-08-30',NULL,NULL,NULL,NULL,0,0,1,0,1,0,NULL,NULL,NULL,NULL,NULL,'--- !ruby/hash:ActiveSupport::HashWithIndifferentAccess\nlicense_expiration: \'2012-08-30\'\nmaintenance_contract: \'true\'\nmaintenance_expiration: \'2012-08-30\'\nreference: invoice\nactivation_type: none\nlicense_type: free\nmaintenance_currency: CHF\n','2012-08-30 01:06:03','2012-08-30 01:06:03',NULL),(104,'acrobat123','4b:f5:6e:ee:0a:75-61:99:84:c0:04:8c-93:7c:2d:52:6a:c5',74,NULL,NULL,1,NULL,NULL,NULL,NULL,NULL,NULL,NULL,0,0,1,0,1,0,NULL,NULL,NULL,NULL,NULL,'--- !ruby/hash:ActiveSupport::HashWithIndifferentAccess\nreference: invoice\nactivation_type: none\nlicense_type: free\nmaintenance_contract: \'false\'\nmaintenance_currency: CHF\nquantity_allocations:\n- :room: maxime\n  :quantity: \'34\'\n- :room: at\n  :quantity: \'50\'\n','2012-08-30 01:06:03','2012-08-30 01:06:03',NULL),(105,'msword123','85:e6:55:e6:45:6e-f0:fa:97:ae:43:eb-ed:09:41:52:20:da',85,NULL,NULL,1,NULL,NULL,NULL,NULL,NULL,NULL,NULL,0,0,1,0,1,0,NULL,NULL,NULL,NULL,NULL,'--- !ruby/hash:ActiveSupport::HashWithIndifferentAccess\nlicense_type: site_license\noperating_system:\n- linux\n- windows\nreference: invoice\nactivation_type: none\nmaintenance_contract: \'false\'\nmaintenance_currency: CHF\nquantity_allocations:\n- :room: debitis\n  :quantity: \'25\'\n- :room: quos\n  :quantity: \'42\'\n','2012-08-30 01:06:03','2012-08-30 01:06:03',NULL),(106,'lic111','11:49:ac:c0:7d:35-34:bf:aa:f7:ac:cb-ca:0d:6e:fc:13:0e',86,NULL,NULL,1,NULL,NULL,NULL,NULL,NULL,NULL,NULL,0,0,0,0,2,0,NULL,NULL,NULL,NULL,NULL,'--- !ruby/hash:ActiveSupport::HashWithIndifferentAccess\nlicense_type: multiple_workplace\noperating_system:\n- mac_os_x\n- windows\nreference: invoice\nactivation_type: none\nmaintenance_contract: \'false\'\nmaintenance_currency: CHF\n','2012-08-30 01:06:03','2012-08-30 01:06:03',NULL),(107,'A906','6e:f4:6c:69:39:c2-45:67:a1:46:de:78-6b:b2:7c:63:a0:55',87,NULL,NULL,1,NULL,NULL,NULL,NULL,NULL,NULL,NULL,0,0,1,0,1,0,NULL,NULL,NULL,NULL,NULL,'--- !ruby/hash:ActiveSupport::HashWithIndifferentAccess\nlicense_type: site_license\noperating_system:\n- linux\nreference: invoice\nactivation_type: none\nmaintenance_contract: \'false\'\nmaintenance_currency: CHF\n','2012-08-30 01:06:03','2012-08-30 01:06:03',NULL),(108,'83ymy8iqjgogrku0jz2055','04:a4:46:44:88:38-e7:74:04:4b:91:b7-31:e4:b7:ed:e7:cb',88,3,95,1,NULL,NULL,'2010-03-30','2012-08-30',NULL,NULL,'151.00',0,0,1,0,1,1,NULL,NULL,NULL,NULL,NULL,'--- !ruby/hash:ActiveSupport::HashWithIndifferentAccess\nanschaffungskategorie: AV-Technik\nreference: invoice\numzug: zgeln\nankunftszustand: intakt\n','2012-08-30 01:06:03','2012-08-30 01:06:03',NULL),(109,'0g5f2fq2znvscrixaqjb56','05:1d:bf:00:11:de-05:b1:ba:d3:a9:b3-f2:2b:81:e6:7e:31',89,3,96,1,108,NULL,'2008-11-04','2012-08-30',NULL,NULL,'607.00',0,0,1,0,1,1,NULL,NULL,NULL,NULL,NULL,'--- !ruby/hash:ActiveSupport::HashWithIndifferentAccess\nanschaffungskategorie: AV-Technik\nreference: invoice\numzug: zgeln\nankunftszustand: intakt\n','2012-08-30 01:06:03','2012-08-30 01:06:03',NULL),(110,'i7njcup92mtk386heq1457','62:a6:2d:8e:af:fe-45:6b:6e:93:d4:a6-90:50:26:dc:a6:aa',90,3,97,1,108,NULL,'2008-04-04','2012-08-30',NULL,NULL,'1467.00',0,0,1,0,1,1,NULL,NULL,NULL,NULL,NULL,'--- !ruby/hash:ActiveSupport::HashWithIndifferentAccess\nanschaffungskategorie: AV-Technik\nreference: invoice\numzug: zgeln\nankunftszustand: intakt\n','2012-08-30 01:06:03','2012-08-30 01:06:03',NULL),(111,'q6upkcfhqgwu9h2apofv58','eb:2a:09:b3:d8:0d-f8:81:f0:ae:37:63-53:ce:54:33:63:e0',91,3,98,1,108,NULL,'2008-03-13','2012-08-30',NULL,NULL,'1466.00',0,0,1,0,1,1,NULL,NULL,NULL,NULL,NULL,'--- !ruby/hash:ActiveSupport::HashWithIndifferentAccess\nanschaffungskategorie: AV-Technik\nreference: invoice\numzug: zgeln\nankunftszustand: intakt\n','2012-08-30 01:06:03','2012-08-30 01:06:03',NULL),(112,'qiuj79i3eiy7yq9jbkvv59','4c:3a:e8:5c:46:9f-8e:02:d9:4f:96:7f-35:0a:e2:d7:ad:bc',88,7,99,1,NULL,NULL,'2008-10-18','2012-08-30',NULL,NULL,'171.00',0,0,1,0,1,1,NULL,NULL,NULL,NULL,NULL,'--- !ruby/hash:ActiveSupport::HashWithIndifferentAccess\nanschaffungskategorie: AV-Technik\nreference: invoice\numzug: zgeln\nankunftszustand: intakt\n','2012-08-30 01:06:03','2012-08-30 01:06:03',NULL),(113,'awrml9ey07hndqw91xa160','9c:73:3f:ad:f8:cf-d0:5e:32:29:9b:81-21:67:53:7e:f0:dc',92,7,100,1,112,NULL,'2007-09-12','2012-08-30',NULL,NULL,'1147.00',0,0,1,0,1,1,NULL,NULL,NULL,NULL,NULL,'--- !ruby/hash:ActiveSupport::HashWithIndifferentAccess\nanschaffungskategorie: AV-Technik\nreference: invoice\numzug: zgeln\nankunftszustand: intakt\n','2012-08-30 01:06:03','2012-08-30 01:06:03',NULL),(114,'u0tm1jcodgiw0xdu686m61','1a:d0:00:d4:25:36-2b:ba:0d:c1:48:63-40:ad:57:12:e5:5d',93,7,101,1,112,NULL,'2010-10-21','2012-08-30',NULL,NULL,'405.00',0,0,1,0,1,1,NULL,NULL,NULL,NULL,NULL,'--- !ruby/hash:ActiveSupport::HashWithIndifferentAccess\nanschaffungskategorie: AV-Technik\nreference: invoice\numzug: zgeln\nankunftszustand: intakt\n','2012-08-30 01:06:03','2012-08-30 01:06:03',NULL),(115,'gmxmqvsknhoyohvmzrpj62','87:63:c9:ff:9d:6d-11:1a:9b:3c:b6:7d-ba:f6:60:ec:fc:fb',94,7,102,1,112,NULL,'2010-05-14','2012-08-30',NULL,NULL,'82.00',0,0,1,0,1,1,NULL,NULL,NULL,NULL,NULL,'--- !ruby/hash:ActiveSupport::HashWithIndifferentAccess\nanschaffungskategorie: AV-Technik\nreference: invoice\numzug: zgeln\nankunftszustand: intakt\n','2012-08-30 01:06:03','2012-08-30 01:06:03',NULL),(116,'569o655nkxwlkqfawilv63','89:d5:e5:28:0d:dd-b4:ae:2a:e5:bc:0e-e6:d2:e9:01:29:bd',88,11,103,1,NULL,NULL,'2008-11-23','2012-08-30',NULL,NULL,'1345.00',0,0,1,0,1,1,NULL,NULL,NULL,NULL,NULL,'--- !ruby/hash:ActiveSupport::HashWithIndifferentAccess\nanschaffungskategorie: AV-Technik\nreference: invoice\numzug: zgeln\nankunftszustand: intakt\n','2012-08-30 01:06:03','2012-08-30 01:06:03',NULL),(117,'0kpnc0ix02k98x2iya0b64','87:81:47:a6:8b:65-18:99:41:4a:c4:6e-50:a3:91:73:d6:7f',95,11,104,1,116,NULL,'2007-08-08','2012-08-30',NULL,NULL,'1224.00',0,0,1,0,1,1,NULL,NULL,NULL,NULL,NULL,'--- !ruby/hash:ActiveSupport::HashWithIndifferentAccess\nanschaffungskategorie: AV-Technik\nreference: invoice\numzug: zgeln\nankunftszustand: intakt\n','2012-08-30 01:06:03','2012-08-30 01:06:03',NULL),(118,'q87raq42jr9pevvtvwcl65','66:d8:6f:63:e8:6d-1c:0d:21:c4:df:bc-59:d8:c2:88:f3:80',96,11,105,1,116,NULL,'2007-02-23','2012-08-30',NULL,NULL,'609.00',0,0,1,0,1,1,NULL,NULL,NULL,NULL,NULL,'--- !ruby/hash:ActiveSupport::HashWithIndifferentAccess\nanschaffungskategorie: AV-Technik\nreference: invoice\numzug: zgeln\nankunftszustand: intakt\n','2012-08-30 01:06:03','2012-08-30 01:06:03',NULL),(119,'vc7at9aj2d8qrnhkomgi66','2e:7c:7e:fa:02:74-44:0a:a0:95:7c:a5-ad:af:dd:28:e4:4d',97,11,106,1,116,NULL,'2009-04-29','2012-08-30',NULL,NULL,'594.00',0,0,1,0,1,1,NULL,NULL,NULL,NULL,NULL,'--- !ruby/hash:ActiveSupport::HashWithIndifferentAccess\nanschaffungskategorie: AV-Technik\nreference: invoice\numzug: zgeln\nankunftszustand: intakt\n','2012-08-30 01:06:03','2012-08-30 01:06:03',NULL),(120,'tswuz4xig2gdhntn79qc67','c0:98:b2:d3:32:56-02:2d:8a:2c:21:5f-1e:d8:bc:1e:80:5b',88,15,107,2,NULL,NULL,'2009-12-27','2012-08-30',NULL,NULL,'783.00',0,0,1,0,2,1,NULL,NULL,NULL,NULL,NULL,'--- !ruby/hash:ActiveSupport::HashWithIndifferentAccess\nanschaffungskategorie: AV-Technik\nreference: invoice\numzug: zgeln\nankunftszustand: intakt\n','2012-08-30 01:06:03','2012-08-30 01:06:03',NULL),(121,'5sg86tsb8mxq5yzpfgj568','7b:71:b3:cf:31:b1-af:59:83:02:33:34-c5:c2:e6:61:58:53',98,15,108,2,120,NULL,'2011-06-02','2012-08-30',NULL,NULL,'586.00',0,0,1,0,2,1,NULL,NULL,NULL,NULL,NULL,'--- !ruby/hash:ActiveSupport::HashWithIndifferentAccess\nanschaffungskategorie: AV-Technik\nreference: invoice\numzug: zgeln\nankunftszustand: intakt\n','2012-08-30 01:06:03','2012-08-30 01:06:03',NULL),(122,'p29la2tup9g4qaiyw1yb69','31:d4:4f:24:c6:f4-fa:aa:9f:6a:93:b2-f8:fd:c4:87:96:80',99,15,109,2,120,NULL,'2009-10-17','2012-08-30',NULL,NULL,'1310.00',0,0,1,0,2,1,NULL,NULL,NULL,NULL,NULL,'--- !ruby/hash:ActiveSupport::HashWithIndifferentAccess\nanschaffungskategorie: AV-Technik\nreference: invoice\numzug: zgeln\nankunftszustand: intakt\n','2012-08-30 01:06:03','2012-08-30 01:06:03',NULL),(123,'862quql9r5k8fvwsy7fb70','c2:e6:a1:d5:97:57-c7:95:8e:03:09:53-c1:9a:82:a2:43:28',100,15,110,2,120,NULL,'2010-10-20','2012-08-30',NULL,NULL,'805.00',0,0,1,0,2,1,NULL,NULL,NULL,NULL,NULL,'--- !ruby/hash:ActiveSupport::HashWithIndifferentAccess\nanschaffungskategorie: AV-Technik\nreference: invoice\numzug: zgeln\nankunftszustand: intakt\n','2012-08-30 01:06:03','2012-08-30 01:06:03',NULL),(124,'9t8l1i2vof4eei85bpr571','83:91:ab:ac:a2:ac-36:be:a6:18:ab:40-55:06:90:14:2f:9b',101,19,111,1,NULL,NULL,'2011-03-03','2012-08-30',NULL,NULL,'1481.00',0,0,1,0,1,1,NULL,NULL,NULL,NULL,NULL,'--- !ruby/hash:ActiveSupport::HashWithIndifferentAccess\nanschaffungskategorie: AV-Technik\nreference: invoice\numzug: zgeln\nankunftszustand: intakt\n','2012-08-30 01:06:03','2012-08-30 01:06:03',NULL),(125,'ibv9a6y2lfhptbjahc5i72','ee:7f:4f:57:3a:a9-02:12:8a:98:ff:40-b1:b9:3a:76:4e:2c',102,19,112,1,124,NULL,'2009-10-01','2012-08-30',NULL,NULL,'769.00',0,0,1,0,1,1,NULL,NULL,NULL,NULL,NULL,'--- !ruby/hash:ActiveSupport::HashWithIndifferentAccess\nanschaffungskategorie: AV-Technik\nreference: invoice\numzug: zgeln\nankunftszustand: intakt\n','2012-08-30 01:06:03','2012-08-30 01:06:03',NULL),(126,'mixk8grzhkgbkt8f32jv73','ec:8a:8f:8e:3b:b7-50:55:2b:5b:fe:94-35:62:8f:8d:97:ff',103,19,113,1,124,NULL,'2009-07-20','2012-08-30',NULL,NULL,'104.00',0,0,1,0,1,1,NULL,NULL,NULL,NULL,NULL,'--- !ruby/hash:ActiveSupport::HashWithIndifferentAccess\nanschaffungskategorie: AV-Technik\nreference: invoice\numzug: zgeln\nankunftszustand: intakt\n','2012-08-30 01:06:03','2012-08-30 01:06:03',NULL),(127,'jpohlgvc5udgnvecu52574','55:18:36:1b:6d:c1-59:f6:df:84:2a:78-63:64:59:1c:7d:18',104,19,114,1,124,NULL,'2007-10-01','2012-08-30',NULL,NULL,'965.00',0,0,1,0,1,1,NULL,NULL,NULL,NULL,NULL,'--- !ruby/hash:ActiveSupport::HashWithIndifferentAccess\nanschaffungskategorie: AV-Technik\nreference: invoice\numzug: zgeln\nankunftszustand: intakt\n','2012-08-30 01:06:03','2012-08-30 01:06:03',NULL),(128,'06stttghvamygvxsbfki75','db:5d:ff:2c:98:12-73:d7:32:99:41:e7-22:81:16:25:b9:c2',101,23,115,1,NULL,NULL,'2007-12-20','2012-08-30',NULL,NULL,'1209.00',0,0,1,0,1,1,NULL,NULL,NULL,NULL,NULL,'--- !ruby/hash:ActiveSupport::HashWithIndifferentAccess\nanschaffungskategorie: AV-Technik\nreference: invoice\numzug: zgeln\nankunftszustand: intakt\n','2012-08-30 01:06:03','2012-08-30 01:06:03',NULL),(129,'p0qtanei2qnyw96x2b8676','32:7c:f3:00:59:61-a7:cb:51:71:85:43-d4:10:b6:ce:09:d0',105,23,116,1,128,NULL,'2008-08-20','2012-08-30',NULL,NULL,'301.00',0,0,1,0,1,1,NULL,NULL,NULL,NULL,NULL,'--- !ruby/hash:ActiveSupport::HashWithIndifferentAccess\nanschaffungskategorie: AV-Technik\nreference: invoice\numzug: zgeln\nankunftszustand: intakt\n','2012-08-30 01:06:03','2012-08-30 01:06:03',NULL),(130,'gzbsd03avy4a483u39pb77','f0:a7:2b:48:4b:cb-cd:11:5b:59:3c:c5-a0:4f:3e:d1:ff:22',106,23,117,1,128,NULL,'2007-02-02','2012-08-30',NULL,NULL,'951.00',0,0,1,0,1,1,NULL,NULL,NULL,NULL,NULL,'--- !ruby/hash:ActiveSupport::HashWithIndifferentAccess\nanschaffungskategorie: AV-Technik\nreference: invoice\numzug: zgeln\nankunftszustand: intakt\n','2012-08-30 01:06:03','2012-08-30 01:06:03',NULL),(131,'jy1grpda7i634fn44c2p78','2e:aa:d8:fb:e8:87-cf:85:8b:cf:46:94-c4:82:dd:c0:f8:2f',107,23,118,1,128,NULL,'2007-12-01','2012-08-30',NULL,NULL,'219.00',0,0,1,0,1,1,NULL,NULL,NULL,NULL,NULL,'--- !ruby/hash:ActiveSupport::HashWithIndifferentAccess\nanschaffungskategorie: AV-Technik\nreference: invoice\numzug: zgeln\nankunftszustand: intakt\n','2012-08-30 01:06:03','2012-08-30 01:06:03',NULL),(132,'0dcmwrx8z6d9ajjoeg9179','74:32:7a:3c:48:25-10:1c:17:89:2e:15-27:e8:f5:6d:17:15',101,27,119,1,NULL,NULL,'2011-09-05','2012-08-30',NULL,NULL,'272.00',0,0,1,0,1,1,NULL,NULL,NULL,NULL,NULL,'--- !ruby/hash:ActiveSupport::HashWithIndifferentAccess\nanschaffungskategorie: AV-Technik\nreference: invoice\numzug: zgeln\nankunftszustand: intakt\n','2012-08-30 01:06:03','2012-08-30 01:06:03',NULL),(133,'ncklvgzi89s5qbftkiuj80','dd:b7:4d:ef:88:85-9c:f6:e4:26:d2:95-8e:08:5d:4d:98:44',108,27,120,1,132,NULL,'2007-10-07','2012-08-30',NULL,NULL,'788.00',0,0,1,0,1,1,NULL,NULL,NULL,NULL,NULL,'--- !ruby/hash:ActiveSupport::HashWithIndifferentAccess\nanschaffungskategorie: AV-Technik\nreference: invoice\numzug: zgeln\nankunftszustand: intakt\n','2012-08-30 01:06:03','2012-08-30 01:06:03',NULL),(134,'3qt6tx71wqmpgkrjsk9v81','0a:84:6f:99:df:b8-6b:b9:3a:c5:06:d9-55:5c:4d:12:f0:c6',109,27,121,1,132,NULL,'2011-02-02','2012-08-30',NULL,NULL,'634.00',0,0,1,0,1,1,NULL,NULL,NULL,NULL,NULL,'--- !ruby/hash:ActiveSupport::HashWithIndifferentAccess\nanschaffungskategorie: AV-Technik\nreference: invoice\numzug: zgeln\nankunftszustand: intakt\n','2012-08-30 01:06:03','2012-08-30 01:06:03',NULL),(135,'ukhgu8ci6ciqgsyox2un82','0f:f9:b4:01:6b:7c-5c:a6:b7:4e:a8:f0-9f:d3:18:06:e4:c2',110,27,122,1,132,NULL,'2009-06-09','2012-08-30',NULL,NULL,'880.00',0,0,1,0,1,1,NULL,NULL,NULL,NULL,NULL,'--- !ruby/hash:ActiveSupport::HashWithIndifferentAccess\nanschaffungskategorie: AV-Technik\nreference: invoice\numzug: zgeln\nankunftszustand: intakt\n','2012-08-30 01:06:03','2012-08-30 01:06:03',NULL),(136,'yvx2qhk42agsukl1ea7c83','24:20:c7:85:2d:6e-77:89:05:14:7c:a0-a2:0f:56:b8:b7:7c',111,31,123,6,NULL,NULL,'2009-02-16','2012-08-30',NULL,NULL,'499.00',0,0,1,0,7,1,NULL,NULL,NULL,NULL,NULL,'--- !ruby/hash:ActiveSupport::HashWithIndifferentAccess\nanschaffungskategorie: AV-Technik\nreference: invoice\numzug: zgeln\nankunftszustand: intakt\n','2012-08-30 01:06:03','2012-08-30 01:06:03',NULL),(137,'u5fegzhc76exryz0bav584','f4:ee:e9:c7:4c:de-ad:52:3d:73:cb:6e-f2:20:e2:a5:e8:5f',111,32,124,1,NULL,NULL,'2010-10-12','2012-08-30',NULL,NULL,'1354.00',0,0,1,0,7,1,NULL,NULL,NULL,NULL,NULL,'--- !ruby/hash:ActiveSupport::HashWithIndifferentAccess\nanschaffungskategorie: AV-Technik\nreference: invoice\numzug: zgeln\nankunftszustand: intakt\n','2012-08-30 01:06:03','2012-08-30 01:06:03',NULL),(138,'9ex0bs9h6gck6szqc8xu85','36:23:5c:21:a0:80-09:1d:1c:64:89:a5-6e:79:42:a5:22:3d',111,33,125,8,NULL,NULL,'2007-02-12','2012-08-30',NULL,NULL,'650.00',0,0,1,0,7,1,NULL,NULL,NULL,NULL,NULL,'--- !ruby/hash:ActiveSupport::HashWithIndifferentAccess\nanschaffungskategorie: AV-Technik\nreference: invoice\numzug: zgeln\nankunftszustand: intakt\n','2012-08-30 01:06:03','2012-08-30 01:06:03',NULL),(139,'4hgyx29nubuncmy5z4gb86','26:9b:ae:fc:67:0c-ba:fa:c5:75:6a:ad-fe:09:61:e4:d9:54',115,34,126,9,NULL,NULL,'2007-07-07','2012-08-30',NULL,NULL,'1211.00',0,0,1,0,7,1,NULL,NULL,NULL,NULL,NULL,'--- !ruby/hash:ActiveSupport::HashWithIndifferentAccess\nanschaffungskategorie: AV-Technik\nreference: invoice\numzug: zgeln\nankunftszustand: intakt\n','2012-08-30 01:06:03','2012-08-30 01:06:03',NULL),(140,'nx7taxqcu8hi2ktq6hjk87','2a:c3:9a:66:a5:36-1b:86:07:55:ab:8a-e0:e7:e7:e3:b2:c9',115,35,127,7,NULL,NULL,'2009-09-18','2012-08-30',NULL,NULL,'108.00',0,0,1,0,7,1,NULL,NULL,NULL,NULL,NULL,'--- !ruby/hash:ActiveSupport::HashWithIndifferentAccess\nanschaffungskategorie: AV-Technik\nreference: invoice\numzug: zgeln\nankunftszustand: intakt\n','2012-08-30 01:06:03','2012-08-30 01:06:03',NULL),(141,'3ttxilbdw924cqeo0p8b88','35:98:0e:77:80:6b-f2:f0:18:e6:de:9c-c8:6c:ef:96:c4:12',115,36,128,10,NULL,NULL,'2010-07-01','2012-08-30',NULL,NULL,'1243.00',0,0,1,0,7,1,NULL,NULL,NULL,NULL,NULL,'--- !ruby/hash:ActiveSupport::HashWithIndifferentAccess\nanschaffungskategorie: AV-Technik\nreference: invoice\numzug: zgeln\nankunftszustand: intakt\n','2012-08-30 01:06:03','2012-08-30 01:06:03',NULL),(142,'jr6tak8wmk8bwupm1kfx89','0d:c7:28:9e:76:44-fc:2e:23:c5:ca:fb-8d:37:17:02:da:8f',119,37,129,9,NULL,NULL,'2007-08-27','2012-08-30',NULL,NULL,'1247.00',0,0,1,0,7,1,NULL,NULL,NULL,NULL,NULL,'--- !ruby/hash:ActiveSupport::HashWithIndifferentAccess\nanschaffungskategorie: AV-Technik\nreference: invoice\numzug: zgeln\nankunftszustand: intakt\n','2012-08-30 01:06:03','2012-08-30 01:06:03',NULL),(143,'uab2ihluvvytbitbgoxz90','4e:57:19:ee:c6:fa-ac:91:66:f8:3e:ff-f9:f8:d8:fd:f2:92',119,38,130,4,NULL,NULL,'2007-10-28','2012-08-30',NULL,NULL,'898.00',0,0,1,0,7,1,NULL,NULL,NULL,NULL,NULL,'--- !ruby/hash:ActiveSupport::HashWithIndifferentAccess\nanschaffungskategorie: AV-Technik\nreference: invoice\numzug: zgeln\nankunftszustand: intakt\n','2012-08-30 01:06:03','2012-08-30 01:06:03',NULL),(144,'etj173chllniimauum9391','85:6d:4d:1b:5e:0a-1f:c5:3c:f5:4e:ae-e2:b6:b1:45:6c:b0',119,39,131,7,NULL,NULL,'2008-02-05','2012-08-30',NULL,NULL,'883.00',0,0,1,0,7,1,NULL,NULL,NULL,NULL,NULL,'--- !ruby/hash:ActiveSupport::HashWithIndifferentAccess\nanschaffungskategorie: AV-Technik\nreference: invoice\numzug: zgeln\nankunftszustand: intakt\n','2012-08-30 01:06:03','2012-08-30 01:06:03',NULL),(145,'l38l0yg2av2ncfp97dqa92','c1:24:c0:6d:1b:2b-ae:5e:05:5c:9b:cf-b7:73:0b:30:0b:85',123,40,132,3,NULL,NULL,'2007-01-27','2012-08-30',NULL,NULL,'898.00',0,0,1,0,3,1,NULL,NULL,NULL,NULL,NULL,'--- !ruby/hash:ActiveSupport::HashWithIndifferentAccess\nanschaffungskategorie: AV-Technik\nreference: invoice\numzug: zgeln\nankunftszustand: intakt\n','2012-08-30 01:06:03','2012-08-30 01:06:03',NULL),(146,'py8ptupred7k2oygtska93','6e:ad:e8:93:77:13-72:ba:69:c3:e7:15-64:36:d5:48:cc:db',123,41,133,3,NULL,NULL,'2011-04-04','2012-08-30',NULL,NULL,'608.00',0,0,1,0,3,1,NULL,NULL,NULL,NULL,NULL,'--- !ruby/hash:ActiveSupport::HashWithIndifferentAccess\nanschaffungskategorie: AV-Technik\nreference: invoice\numzug: zgeln\nankunftszustand: intakt\n','2012-08-30 01:06:03','2012-08-30 01:06:03',NULL),(147,'uzs3j5xofk3soel8avfa94','79:7b:44:15:50:3b-bb:13:14:c4:26:7a-b6:d3:c1:e8:e1:9c',123,42,134,10,NULL,NULL,'2011-03-02','2012-08-30',NULL,NULL,'1278.00',0,0,1,0,3,1,NULL,NULL,NULL,NULL,NULL,'--- !ruby/hash:ActiveSupport::HashWithIndifferentAccess\nanschaffungskategorie: AV-Technik\nreference: invoice\numzug: zgeln\nankunftszustand: intakt\n','2012-08-30 01:06:03','2012-08-30 01:06:03',NULL),(148,'c9mvl9sy7gxan1cku6dh95','20:93:3e:3f:c9:26-19:77:f5:59:ee:c8-d2:cd:8e:17:ce:34',127,43,135,10,NULL,NULL,'2010-03-16','2012-08-30',NULL,NULL,'775.00',0,0,1,0,3,1,NULL,NULL,NULL,NULL,NULL,'--- !ruby/hash:ActiveSupport::HashWithIndifferentAccess\nanschaffungskategorie: AV-Technik\nreference: invoice\numzug: zgeln\nankunftszustand: intakt\n','2012-08-30 01:06:03','2012-08-30 01:06:03',NULL),(149,'y5zd19dpsolhw744p63h96','39:df:34:fb:7c:a8-92:2a:50:1d:58:e2-7d:52:39:4c:92:c3',127,44,136,4,NULL,NULL,'2009-12-28','2012-08-30',NULL,NULL,'82.00',0,0,1,0,3,1,NULL,NULL,NULL,NULL,NULL,'--- !ruby/hash:ActiveSupport::HashWithIndifferentAccess\nanschaffungskategorie: AV-Technik\nreference: invoice\numzug: zgeln\nankunftszustand: intakt\n','2012-08-30 01:06:03','2012-08-30 01:06:03',NULL),(150,'clnkpxz5lfn6b2d7301197','bb:17:17:7c:59:a2-c4:17:0b:fe:b1:a8-0c:2f:e2:f2:00:28',127,45,137,9,NULL,NULL,'2007-01-06','2012-08-30',NULL,NULL,'736.00',0,0,1,0,3,1,NULL,NULL,NULL,NULL,NULL,'--- !ruby/hash:ActiveSupport::HashWithIndifferentAccess\nanschaffungskategorie: AV-Technik\nreference: invoice\numzug: zgeln\nankunftszustand: intakt\n','2012-08-30 01:06:03','2012-08-30 01:06:03',NULL),(151,'6l1ry4xnds6dygmjj5zs98','f5:e8:f8:f6:ef:4a-aa:92:c9:63:09:6f-99:ee:87:cd:9d:ea',131,46,138,6,NULL,NULL,'2010-03-10','2012-08-30',NULL,NULL,'174.00',0,0,1,0,3,1,NULL,NULL,NULL,NULL,NULL,'--- !ruby/hash:ActiveSupport::HashWithIndifferentAccess\nanschaffungskategorie: AV-Technik\nreference: invoice\numzug: zgeln\nankunftszustand: intakt\n','2012-08-30 01:06:03','2012-08-30 01:06:03',NULL),(152,'80u0l9d71hwtaczh2hrj99','69:8b:b2:45:5d:c8-d5:50:22:d1:e0:89-ea:14:e0:c9:e4:49',131,47,139,2,NULL,NULL,'2009-01-13','2012-08-30',NULL,NULL,'827.00',0,0,1,0,3,1,NULL,NULL,NULL,NULL,NULL,'--- !ruby/hash:ActiveSupport::HashWithIndifferentAccess\nanschaffungskategorie: AV-Technik\nreference: invoice\numzug: zgeln\nankunftszustand: intakt\n','2012-08-30 01:06:03','2012-08-30 01:06:03',NULL),(153,'466rbls0jhfuvfm007zt100','6d:f8:d6:19:4d:b8-8a:ae:8f:23:87:92-09:71:b8:1c:a9:51',131,48,140,2,NULL,NULL,'2007-03-01','2012-08-30',NULL,NULL,'323.00',0,0,1,0,3,1,NULL,NULL,NULL,NULL,NULL,'--- !ruby/hash:ActiveSupport::HashWithIndifferentAccess\nanschaffungskategorie: AV-Technik\nreference: invoice\numzug: zgeln\nankunftszustand: intakt\n','2012-08-30 01:06:03','2012-08-30 01:06:03',NULL),(154,'yo7h7rz4pq9inelwbc06101','52:2e:86:c9:ea:db-f1:9d:d7:8a:33:59-85:ad:b9:9d:e3:76',135,49,141,10,NULL,NULL,'2007-05-30','2012-08-30',NULL,NULL,'973.00',0,0,1,0,3,1,NULL,NULL,NULL,NULL,NULL,'--- !ruby/hash:ActiveSupport::HashWithIndifferentAccess\nanschaffungskategorie: AV-Technik\nreference: invoice\numzug: zgeln\nankunftszustand: intakt\n','2012-08-30 01:06:03','2012-08-30 01:06:03',NULL),(155,'lj5mlx4fv3b64m9jbya0102','ee:68:dd:4f:a4:fb-ec:86:58:0c:e2:c8-36:9c:0b:03:1f:4d',135,50,142,3,NULL,NULL,'2011-11-09','2012-08-30',NULL,NULL,'1475.00',0,0,1,0,3,1,NULL,NULL,NULL,NULL,NULL,'--- !ruby/hash:ActiveSupport::HashWithIndifferentAccess\nanschaffungskategorie: AV-Technik\nreference: invoice\numzug: zgeln\nankunftszustand: intakt\n','2012-08-30 01:06:03','2012-08-30 01:06:03',NULL),(156,'09n8vchyrvsr0axhxtz1103','37:ad:30:6d:fa:fa-04:8d:11:11:50:4f-b8:7d:f1:cb:47:f9',135,51,143,6,NULL,NULL,'2009-01-30','2012-08-30',NULL,NULL,'280.00',0,0,1,0,3,1,NULL,NULL,NULL,NULL,NULL,'--- !ruby/hash:ActiveSupport::HashWithIndifferentAccess\nanschaffungskategorie: AV-Technik\nreference: invoice\numzug: zgeln\nankunftszustand: intakt\n','2012-08-30 01:06:03','2012-08-30 01:06:03',NULL),(157,'iuv3ptk20lf8a0lcd3w7104','a8:2c:1a:ab:f9:2b-03:94:54:5d:78:03-71:0e:e3:02:74:ca',139,52,144,4,NULL,NULL,'2008-11-19','2012-08-30',NULL,NULL,'1061.00',0,0,1,0,3,1,NULL,NULL,NULL,NULL,NULL,'--- !ruby/hash:ActiveSupport::HashWithIndifferentAccess\nanschaffungskategorie: AV-Technik\nreference: invoice\numzug: zgeln\nankunftszustand: intakt\n','2012-08-30 01:06:03','2012-08-30 01:06:03',NULL),(158,'ecm3glgqcksdo6gchs6x105','6b:3d:d2:a5:55:aa-42:9b:ee:c9:ac:3c-7d:7e:a9:da:dc:5b',139,53,145,4,NULL,NULL,'2009-03-28','2012-08-30',NULL,NULL,'723.00',0,0,1,0,3,1,NULL,NULL,NULL,NULL,NULL,'--- !ruby/hash:ActiveSupport::HashWithIndifferentAccess\nanschaffungskategorie: AV-Technik\nreference: invoice\numzug: zgeln\nankunftszustand: intakt\n','2012-08-30 01:06:03','2012-08-30 01:06:03',NULL),(159,'v9z3fe05sm7l96w220pz106','bd:d4:67:ce:4d:94-57:4a:5d:47:d9:ec-a9:f7:ea:d3:01:3a',139,54,146,2,NULL,NULL,'2009-01-21','2012-08-30',NULL,NULL,'75.00',0,0,1,0,3,1,NULL,NULL,NULL,NULL,NULL,'--- !ruby/hash:ActiveSupport::HashWithIndifferentAccess\nanschaffungskategorie: AV-Technik\nreference: invoice\numzug: zgeln\nankunftszustand: intakt\n','2012-08-30 01:06:03','2012-08-30 01:06:03',NULL),(160,'d4yms09jertj0o4oiaku107','a9:4b:b1:23:15:50-5d:8b:1f:d4:26:7f-1a:b2:1f:5c:6f:e7',143,55,147,4,NULL,NULL,'2008-10-25','2012-08-30',NULL,NULL,'257.00',0,0,1,0,3,1,NULL,NULL,NULL,NULL,NULL,'--- !ruby/hash:ActiveSupport::HashWithIndifferentAccess\nanschaffungskategorie: AV-Technik\nreference: invoice\numzug: zgeln\nankunftszustand: intakt\n','2012-08-30 01:06:03','2012-08-30 01:06:03',NULL),(161,'dcv18ilbimsttbgpx9i1108','81:57:0b:2a:97:8a-c5:24:9c:c1:15:7a-d7:10:1a:8f:64:db',143,56,148,10,NULL,NULL,'2010-11-17','2012-08-30',NULL,NULL,'340.00',0,0,1,0,3,1,NULL,NULL,NULL,NULL,NULL,'--- !ruby/hash:ActiveSupport::HashWithIndifferentAccess\nanschaffungskategorie: AV-Technik\nreference: invoice\numzug: zgeln\nankunftszustand: intakt\n','2012-08-30 01:06:03','2012-08-30 01:06:03',NULL),(162,'xbg6i8zirlef7ilxbtrr109','28:b1:59:10:c6:24-10:43:87:fd:00:7a-4d:32:37:67:83:4c',143,57,149,5,NULL,NULL,'2008-12-18','2012-08-30',NULL,NULL,'537.00',0,0,1,0,3,1,NULL,NULL,NULL,NULL,NULL,'--- !ruby/hash:ActiveSupport::HashWithIndifferentAccess\nanschaffungskategorie: AV-Technik\nreference: invoice\numzug: zgeln\nankunftszustand: intakt\n','2012-08-30 01:06:03','2012-08-30 01:06:03',NULL),(163,'162jsucuvv6m2siuv5iy110','a7:64:5b:5c:4a:29-db:b8:17:d9:4d:13-12:b2:00:64:b5:09',147,58,150,11,NULL,NULL,'2010-12-22','2012-08-30',NULL,NULL,'93.00',0,0,1,0,3,1,NULL,NULL,NULL,NULL,NULL,'--- !ruby/hash:ActiveSupport::HashWithIndifferentAccess\nanschaffungskategorie: AV-Technik\nreference: invoice\numzug: zgeln\nankunftszustand: intakt\n','2012-08-30 01:06:03','2012-08-30 01:06:03',NULL),(164,'4raskxngamgl904h2cv5111','af:35:c8:d7:7c:b5-e9:f0:48:08:0c:21-0b:f3:d3:02:59:cb',147,59,151,9,NULL,NULL,'2010-10-22','2012-08-30',NULL,NULL,'1002.00',0,0,1,0,3,1,NULL,NULL,NULL,NULL,NULL,'--- !ruby/hash:ActiveSupport::HashWithIndifferentAccess\nanschaffungskategorie: AV-Technik\nreference: invoice\numzug: zgeln\nankunftszustand: intakt\n','2012-08-30 01:06:03','2012-08-30 01:06:03',NULL),(165,'lcqrd8fdhm63ut5o2sjd112','25:6f:30:2d:99:07-36:2a:c6:51:cd:ba-02:1b:35:6d:af:32',147,60,152,9,NULL,NULL,'2011-09-29','2012-08-30',NULL,NULL,'1481.00',0,0,1,0,3,1,NULL,NULL,NULL,NULL,NULL,'--- !ruby/hash:ActiveSupport::HashWithIndifferentAccess\nanschaffungskategorie: AV-Technik\nreference: invoice\numzug: zgeln\nankunftszustand: intakt\n','2012-08-30 01:06:03','2012-08-30 01:06:03',NULL),(166,'1uovzjs5r2s0pv7m4hd8113','cc:40:f8:4b:e2:c6-ad:2d:f8:1e:77:13-f9:d4:f8:e9:82:18',151,61,153,4,NULL,NULL,'2011-10-24','2012-08-30',NULL,NULL,'1277.00',0,0,1,0,3,1,NULL,NULL,NULL,NULL,NULL,'--- !ruby/hash:ActiveSupport::HashWithIndifferentAccess\nanschaffungskategorie: AV-Technik\nreference: invoice\numzug: zgeln\nankunftszustand: intakt\n','2012-08-30 01:06:03','2012-08-30 01:06:03',NULL),(167,'az7ieyjx8ca8ajz9ohmg114','28:95:69:11:dd:da-cd:d1:71:03:69:28-a3:f2:d2:c8:5d:02',151,62,154,1,NULL,NULL,'2011-01-05','2012-08-30',NULL,NULL,'521.00',0,0,1,0,3,1,NULL,NULL,NULL,NULL,NULL,'--- !ruby/hash:ActiveSupport::HashWithIndifferentAccess\nanschaffungskategorie: AV-Technik\nreference: invoice\numzug: zgeln\nankunftszustand: intakt\n','2012-08-30 01:06:03','2012-08-30 01:06:03',NULL),(168,'ahduucu9yathg697htb7115','1a:03:8f:bb:52:3a-b5:19:14:d4:48:3a-12:55:9a:3d:1c:d6',151,63,155,11,NULL,NULL,'2010-02-10','2012-08-30',NULL,NULL,'460.00',0,0,1,0,3,1,NULL,NULL,NULL,NULL,NULL,'--- !ruby/hash:ActiveSupport::HashWithIndifferentAccess\nanschaffungskategorie: AV-Technik\nreference: invoice\numzug: zgeln\nankunftszustand: intakt\n','2012-08-30 01:06:03','2012-08-30 01:06:03',NULL),(169,'ajj1vucb18vi5q88zild116','0d:04:e6:30:91:cd-06:a3:71:b3:93:58-93:5a:e2:ab:70:90',155,64,156,8,NULL,NULL,'2007-01-03','2012-08-30',NULL,NULL,'54.00',0,0,1,0,3,1,NULL,NULL,NULL,NULL,NULL,'--- !ruby/hash:ActiveSupport::HashWithIndifferentAccess\nanschaffungskategorie: AV-Technik\nreference: invoice\numzug: zgeln\nankunftszustand: intakt\n','2012-08-30 01:06:03','2012-08-30 01:06:03',NULL),(170,'ytn3nh8n6oml082946kz117','18:08:28:3e:f3:2e-3d:88:f8:8b:df:a6-26:93:70:6f:87:bb',155,65,157,9,NULL,NULL,'2010-06-23','2012-08-30',NULL,NULL,'553.00',0,0,1,0,3,1,NULL,NULL,NULL,NULL,NULL,'--- !ruby/hash:ActiveSupport::HashWithIndifferentAccess\nanschaffungskategorie: AV-Technik\nreference: invoice\numzug: zgeln\nankunftszustand: intakt\n','2012-08-30 01:06:03','2012-08-30 01:06:03',NULL),(171,'9ud6eruzl1vt22pc3a1v118','8e:67:50:bf:3e:40-28:f8:1a:94:a1:86-80:e1:b8:55:97:2b',155,66,158,11,NULL,NULL,'2007-04-27','2012-08-30',NULL,NULL,'136.00',0,0,1,0,3,1,NULL,NULL,NULL,NULL,NULL,'--- !ruby/hash:ActiveSupport::HashWithIndifferentAccess\nanschaffungskategorie: AV-Technik\nreference: invoice\numzug: zgeln\nankunftszustand: intakt\n','2012-08-30 01:06:03','2012-08-30 01:06:03',NULL),(172,'9f90izmw9eqybpddjozj119','7c:c0:80:78:0f:22-5a:60:d0:c0:7e:46-ce:ea:6a:f2:51:bd',159,67,159,8,NULL,NULL,'2009-12-27','2012-08-30',NULL,NULL,'325.00',0,0,1,0,3,1,NULL,NULL,NULL,NULL,NULL,'--- !ruby/hash:ActiveSupport::HashWithIndifferentAccess\nanschaffungskategorie: AV-Technik\nreference: invoice\numzug: zgeln\nankunftszustand: intakt\n','2012-08-30 01:06:03','2012-08-30 01:06:03',NULL),(173,'k0f7f0dd3ez5p1ysrrdh120','be:a3:36:85:3e:c5-85:1b:2d:6b:b4:38-a5:b6:d1:0e:8c:29',159,68,160,3,NULL,NULL,'2008-07-29','2012-08-30',NULL,NULL,'677.00',0,0,1,0,3,1,NULL,NULL,NULL,NULL,NULL,'--- !ruby/hash:ActiveSupport::HashWithIndifferentAccess\nanschaffungskategorie: AV-Technik\nreference: invoice\numzug: zgeln\nankunftszustand: intakt\n','2012-08-30 01:06:03','2012-08-30 01:06:03',NULL),(174,'ksolo0qb6gd8m3upms7m121','00:38:5f:81:dd:7d-25:af:03:41:1a:e5-9f:13:80:ab:ae:0f',159,69,161,4,NULL,NULL,'2008-08-12','2012-08-30',NULL,NULL,'41.00',0,0,1,0,3,1,NULL,NULL,NULL,NULL,NULL,'--- !ruby/hash:ActiveSupport::HashWithIndifferentAccess\nanschaffungskategorie: AV-Technik\nreference: invoice\numzug: zgeln\nankunftszustand: intakt\n','2012-08-30 01:06:03','2012-08-30 01:06:03',NULL),(175,'9zkxkqkt49738apav2zl122','4d:0d:63:88:70:43-25:2c:7c:3d:68:3d-34:ef:f6:28:62:8b',163,70,162,2,NULL,NULL,'2009-07-29','2012-08-30',NULL,NULL,'1130.00',0,0,1,0,3,1,NULL,NULL,NULL,NULL,NULL,'--- !ruby/hash:ActiveSupport::HashWithIndifferentAccess\nanschaffungskategorie: AV-Technik\nreference: invoice\numzug: zgeln\nankunftszustand: intakt\n','2012-08-30 01:06:03','2012-08-30 01:06:03',NULL),(176,'fiba4n075k7s2w1acd4r123','8a:2c:3a:84:64:31-e0:e4:0e:0f:da:7f-30:0d:f3:b7:10:41',163,71,163,7,NULL,NULL,'2008-01-23','2012-08-30',NULL,NULL,'329.00',0,0,1,0,3,1,NULL,NULL,NULL,NULL,NULL,'--- !ruby/hash:ActiveSupport::HashWithIndifferentAccess\nanschaffungskategorie: AV-Technik\nreference: invoice\numzug: zgeln\nankunftszustand: intakt\n','2012-08-30 01:06:03','2012-08-30 01:06:03',NULL),(177,'2tek3q1il1eh7jxuexlp124','00:5a:37:98:ed:30-82:23:78:a0:b7:cd-db:9a:33:bd:29:71',163,72,164,3,NULL,NULL,'2009-08-19','2012-08-30',NULL,NULL,'518.00',0,0,1,0,3,1,NULL,NULL,NULL,NULL,NULL,'--- !ruby/hash:ActiveSupport::HashWithIndifferentAccess\nanschaffungskategorie: AV-Technik\nreference: invoice\numzug: zgeln\nankunftszustand: intakt\n','2012-08-30 01:06:03','2012-08-30 01:06:03',NULL),(178,'xxll80zc07tq3txu8wue125','59:7f:20:36:9d:c1-30:95:f2:fd:f7:fa-3b:2a:7c:a1:f3:f8',167,73,165,1,NULL,NULL,'2008-10-16','2012-08-30',NULL,NULL,'1183.00',0,0,1,0,3,1,NULL,NULL,NULL,NULL,NULL,'--- !ruby/hash:ActiveSupport::HashWithIndifferentAccess\nanschaffungskategorie: AV-Technik\nreference: invoice\numzug: zgeln\nankunftszustand: intakt\n','2012-08-30 01:06:03','2012-08-30 01:06:03',NULL),(179,'knz7jhurk783jydehdkn126','45:1f:55:fb:30:5a-90:de:12:07:b4:7f-3a:48:a7:ad:a7:de',167,74,166,4,NULL,NULL,'2007-04-19','2012-08-30',NULL,NULL,'98.00',0,0,1,0,3,1,NULL,NULL,NULL,NULL,NULL,'--- !ruby/hash:ActiveSupport::HashWithIndifferentAccess\nanschaffungskategorie: AV-Technik\nreference: invoice\numzug: zgeln\nankunftszustand: intakt\n','2012-08-30 01:06:03','2012-08-30 01:06:03',NULL),(180,'5m31vgbjoiukt5npulnx127','ab:c3:a5:f5:23:24-8e:2f:ea:8b:ef:cb-5c:90:5a:4d:a0:cb',167,75,167,7,NULL,NULL,'2008-12-15','2012-08-30',NULL,NULL,'616.00',0,0,1,0,3,1,NULL,NULL,NULL,NULL,NULL,'--- !ruby/hash:ActiveSupport::HashWithIndifferentAccess\nanschaffungskategorie: AV-Technik\nreference: invoice\numzug: zgeln\nankunftszustand: intakt\n','2012-08-30 01:06:03','2012-08-30 01:06:03',NULL),(181,'y2kb04by582bj6i7hggs128','8d:ac:2e:19:a8:d5-03:2b:e0:3b:3b:22-c9:bb:0b:e3:8f:24',171,76,168,5,NULL,NULL,'2008-10-31','2012-08-30',NULL,NULL,'827.00',0,0,1,0,3,1,NULL,NULL,NULL,NULL,NULL,'--- !ruby/hash:ActiveSupport::HashWithIndifferentAccess\nanschaffungskategorie: AV-Technik\nreference: invoice\numzug: zgeln\nankunftszustand: intakt\n','2012-08-30 01:06:03','2012-08-30 01:06:03',NULL),(182,'tp48nfigctb2s268htf1129','45:ac:c1:3e:e4:84-68:5b:92:91:0a:76-6c:6f:33:78:66:62',171,77,169,1,NULL,NULL,'2010-03-04','2012-08-30',NULL,NULL,'537.00',0,0,1,0,3,1,NULL,NULL,NULL,NULL,NULL,'--- !ruby/hash:ActiveSupport::HashWithIndifferentAccess\nanschaffungskategorie: AV-Technik\nreference: invoice\numzug: zgeln\nankunftszustand: intakt\n','2012-08-30 01:06:03','2012-08-30 01:06:03',NULL),(183,'hyfdx0lgk1lgro4aqvel130','ca:93:ce:13:f8:aa-67:e3:53:b8:73:1f-f0:24:a0:7b:64:65',171,78,170,7,NULL,NULL,'2010-02-28','2012-08-30',NULL,NULL,'1422.00',0,0,1,0,3,1,NULL,NULL,NULL,NULL,NULL,'--- !ruby/hash:ActiveSupport::HashWithIndifferentAccess\nanschaffungskategorie: AV-Technik\nreference: invoice\numzug: zgeln\nankunftszustand: intakt\n','2012-08-30 01:06:03','2012-08-30 01:06:03',NULL),(184,'6kphq2gy1cxbr497jn1a131','61:10:2a:4c:6d:ac-a3:eb:6d:49:24:49-22:48:aa:e5:fb:2f',175,79,171,8,NULL,NULL,'2011-03-15','2012-08-30',NULL,NULL,'42.00',0,0,1,0,3,1,NULL,NULL,NULL,NULL,NULL,'--- !ruby/hash:ActiveSupport::HashWithIndifferentAccess\nanschaffungskategorie: AV-Technik\nreference: invoice\numzug: zgeln\nankunftszustand: intakt\n','2012-08-30 01:06:03','2012-08-30 01:06:03',NULL),(185,'wrui72qcwl6j5k7juv52132','60:1d:eb:f2:f3:eb-4e:c4:a0:0e:22:8f-54:e7:40:34:dc:d4',175,80,172,8,NULL,NULL,'2010-03-07','2012-08-30',NULL,NULL,'1268.00',0,0,1,0,3,1,NULL,NULL,NULL,NULL,NULL,'--- !ruby/hash:ActiveSupport::HashWithIndifferentAccess\nanschaffungskategorie: AV-Technik\nreference: invoice\numzug: zgeln\nankunftszustand: intakt\n','2012-08-30 01:06:03','2012-08-30 01:06:03',NULL),(186,'z5sajn06r6luxoon9qh8133','e2:ff:b9:52:f5:b2-5a:42:03:77:0a:43-d6:5d:9a:61:61:bd',175,81,173,4,NULL,NULL,'2011-08-24','2012-08-30',NULL,NULL,'1273.00',0,0,1,0,3,1,NULL,NULL,NULL,NULL,NULL,'--- !ruby/hash:ActiveSupport::HashWithIndifferentAccess\nanschaffungskategorie: AV-Technik\nreference: invoice\numzug: zgeln\nankunftszustand: intakt\n','2012-08-30 01:06:03','2012-08-30 01:06:03',NULL),(187,'2i5rzx2r3seaehnx8ubr134','66:fd:e0:7f:91:d0-73:31:78:df:a7:fa-12:6a:e3:d7:98:c8',179,82,174,5,NULL,NULL,'2008-12-07','2012-08-23',NULL,NULL,'298.00',0,0,1,0,1,1,NULL,NULL,NULL,NULL,NULL,'--- !ruby/hash:ActiveSupport::HashWithIndifferentAccess\nanschaffungskategorie: AV-Technik\nreference: invoice\numzug: zgeln\nankunftszustand: intakt\n','2012-08-23 01:06:03','2012-08-23 01:06:03',NULL),(188,'nio19359x5vqix10jah3135','48:9c:92:12:fc:b7-ef:3f:d7:2c:9d:3c-28:ea:ab:a2:35:8c',180,83,175,3,NULL,NULL,'2009-09-23','2012-08-23',NULL,NULL,'1033.00',0,0,1,0,1,1,NULL,NULL,NULL,NULL,NULL,'--- !ruby/hash:ActiveSupport::HashWithIndifferentAccess\nanschaffungskategorie: AV-Technik\nreference: invoice\numzug: zgeln\nankunftszustand: intakt\n','2012-08-23 01:06:03','2012-08-23 01:06:03',NULL),(189,'ybem4ixmb29ejrejpr0k136','cd:71:b3:85:12:23-2d:c4:4d:94:ba:4a-ad:2d:d8:ab:46:76',181,84,176,5,NULL,NULL,'2011-07-07','2012-08-23',NULL,NULL,'1399.00',0,0,1,0,1,1,NULL,NULL,NULL,NULL,NULL,'--- !ruby/hash:ActiveSupport::HashWithIndifferentAccess\nanschaffungskategorie: AV-Technik\nreference: invoice\numzug: zgeln\nankunftszustand: intakt\n','2012-08-23 01:06:03','2012-08-23 01:06:03',NULL),(190,'0ziur5itvjis6pdvnxc1137','34:54:48:e7:97:8f-dc:1f:a5:7b:68:2c-02:23:72:2f:4a:a2',182,85,177,10,NULL,NULL,'2007-03-29','2012-08-23',NULL,NULL,'1320.00',0,0,1,0,1,1,NULL,NULL,NULL,NULL,NULL,'--- !ruby/hash:ActiveSupport::HashWithIndifferentAccess\nanschaffungskategorie: AV-Technik\nreference: invoice\numzug: zgeln\nankunftszustand: intakt\n','2012-08-23 01:06:03','2012-08-23 01:06:03',NULL),(191,'mpqf1tfb3teg52ru72wt138','30:f8:c9:df:f6:1b-68:54:28:05:41:2f-64:20:40:19:ab:f1',183,86,178,5,NULL,NULL,'2007-02-15','2012-08-23',NULL,NULL,'803.00',0,0,1,0,1,1,NULL,NULL,NULL,NULL,NULL,'--- !ruby/hash:ActiveSupport::HashWithIndifferentAccess\nanschaffungskategorie: AV-Technik\nreference: invoice\numzug: zgeln\nankunftszustand: intakt\n','2012-08-23 01:06:03','2012-08-23 01:06:03',NULL),(192,'e3mfd7pz4z4tru7d0363139','d3:6c:5b:9c:82:40-03:78:94:e4:0d:09-ae:66:74:ee:a4:12',184,87,179,2,NULL,NULL,'2007-12-14','2012-08-30',NULL,NULL,'1284.00',0,0,1,0,1,1,NULL,NULL,NULL,NULL,NULL,'--- !ruby/hash:ActiveSupport::HashWithIndifferentAccess\nanschaffungskategorie: AV-Technik\nreference: invoice\numzug: zgeln\nankunftszustand: intakt\n','2012-08-30 01:06:03','2012-08-30 01:06:03',NULL),(193,'78s7nw7jrvcl7fpt6xxn140','9b:d1:0e:f3:b8:09-f7:7f:3b:e8:c6:5b-fa:72:79:ac:30:d1',185,88,180,7,NULL,NULL,'2009-04-25','2012-08-30',NULL,NULL,'367.00',0,0,1,0,1,1,NULL,NULL,NULL,NULL,NULL,'--- !ruby/hash:ActiveSupport::HashWithIndifferentAccess\nanschaffungskategorie: AV-Technik\nreference: invoice\numzug: zgeln\nankunftszustand: intakt\n','2012-08-30 01:06:03','2012-08-30 01:06:03',NULL),(194,'7bgikhy9q6ltjxll8r2e141','af:16:a6:7a:46:3e-22:e0:fe:d5:35:77-38:fa:bf:ae:a3:20',186,89,181,9,NULL,NULL,'2011-04-06','2012-08-30',NULL,NULL,'1019.00',0,0,1,0,1,1,NULL,NULL,NULL,NULL,NULL,'--- !ruby/hash:ActiveSupport::HashWithIndifferentAccess\nanschaffungskategorie: AV-Technik\nreference: invoice\numzug: zgeln\nankunftszustand: intakt\n','2012-08-30 01:06:03','2012-08-30 01:06:03',NULL),(195,'rgnmhfaxs8pgia1lcnu5142','18:d6:bb:2e:27:19-f1:ad:08:62:23:e7-e2:58:36:54:1b:d7',187,90,182,11,NULL,NULL,'2011-05-26','2012-08-30',NULL,NULL,'167.00',0,0,1,0,1,1,NULL,NULL,NULL,NULL,NULL,'--- !ruby/hash:ActiveSupport::HashWithIndifferentAccess\nanschaffungskategorie: AV-Technik\nreference: invoice\numzug: zgeln\nankunftszustand: intakt\n','2012-08-30 01:06:03','2012-08-30 01:06:03',NULL),(196,'v1ryvtnpg0zlyrw6sgph143','da:cc:3e:84:17:e3-32:59:ec:ed:ae:20-f7:17:39:6b:15:7f',188,91,183,3,NULL,NULL,'2010-04-02','2012-08-30',NULL,NULL,'295.00',0,0,1,0,1,1,NULL,NULL,NULL,NULL,NULL,'--- !ruby/hash:ActiveSupport::HashWithIndifferentAccess\nanschaffungskategorie: AV-Technik\nreference: invoice\numzug: zgeln\nankunftszustand: intakt\n','2012-08-30 01:06:03','2012-08-30 01:06:03',NULL),(197,'b7b3a911kfynoi2n3705144','29:b8:bf:37:7d:d5-26:a8:85:f8:d4:23-2e:63:91:c7:1a:15',189,92,184,3,NULL,NULL,'2009-10-18','2012-08-30',NULL,NULL,'967.00',0,0,1,0,1,1,NULL,NULL,NULL,NULL,NULL,'--- !ruby/hash:ActiveSupport::HashWithIndifferentAccess\nanschaffungskategorie: AV-Technik\nreference: invoice\numzug: zgeln\nankunftszustand: intakt\n','2012-08-30 01:06:03','2012-08-30 01:06:03',NULL),(198,'zc4e0dgo7pdml7zojm4o145','b3:62:25:2a:dd:73-58:6d:41:d1:53:54-88:7b:81:2e:86:26',190,93,185,10,NULL,NULL,'2010-08-21','2012-08-30',NULL,NULL,'465.00',0,0,1,0,1,1,NULL,NULL,NULL,NULL,NULL,'--- !ruby/hash:ActiveSupport::HashWithIndifferentAccess\nanschaffungskategorie: AV-Technik\nreference: invoice\numzug: zgeln\nankunftszustand: intakt\n','2012-08-30 01:06:03','2012-08-30 01:06:03',NULL),(199,'676qh4sam93ei7xbr5oi146','75:87:ed:cf:5f:3e-9c:50:6c:6c:7f:de-c0:c7:ad:07:23:76',191,94,186,4,NULL,NULL,'2011-12-06','2012-08-30',NULL,NULL,'394.00',0,0,1,0,1,1,NULL,NULL,NULL,NULL,NULL,'--- !ruby/hash:ActiveSupport::HashWithIndifferentAccess\nanschaffungskategorie: AV-Technik\nreference: invoice\numzug: zgeln\nankunftszustand: intakt\n','2012-08-30 01:06:03','2012-08-30 01:06:03',NULL),(200,'1130lb0ghbmghc9l76q2147','a7:dd:20:d2:ca:58-93:22:ef:83:b3:66-01:57:79:da:9e:1a',192,95,187,9,NULL,NULL,'2007-08-05','2012-08-30',NULL,NULL,'618.00',0,0,1,0,1,1,NULL,NULL,NULL,NULL,NULL,'--- !ruby/hash:ActiveSupport::HashWithIndifferentAccess\nanschaffungskategorie: AV-Technik\nreference: invoice\numzug: zgeln\nankunftszustand: intakt\n','2012-08-30 01:06:03','2012-08-30 01:06:03',NULL),(201,'3umj866koh2r9unuesgz148','a3:f8:21:ee:06:1a-5d:ea:f5:02:13:68-4c:8d:c9:bf:00:9b',193,96,188,9,NULL,NULL,'2010-07-25','2012-08-30',NULL,NULL,'1324.00',0,0,1,0,1,1,NULL,NULL,NULL,NULL,NULL,'--- !ruby/hash:ActiveSupport::HashWithIndifferentAccess\nanschaffungskategorie: AV-Technik\nreference: invoice\numzug: zgeln\nankunftszustand: intakt\n','2012-08-30 01:06:03','2012-08-30 01:06:03',NULL),(202,'vospnfqvdgwohelzcpo7149','65:9e:cd:c9:5c:7b-48:3d:53:df:16:fa-50:95:74:88:88:80',194,97,189,8,NULL,NULL,'2008-02-23','2012-08-30',NULL,NULL,'1097.00',0,0,1,0,1,1,NULL,NULL,NULL,NULL,NULL,'--- !ruby/hash:ActiveSupport::HashWithIndifferentAccess\nanschaffungskategorie: AV-Technik\nreference: invoice\numzug: zgeln\nankunftszustand: intakt\n','2012-08-30 01:06:03','2012-08-30 01:06:03',NULL),(203,'0raf98p5hl4dboc5cnp6150','78:f7:da:14:ec:bb-97:13:2b:e9:3b:1b-28:70:01:a8:ff:3b',195,98,190,10,NULL,NULL,'2011-11-03','2012-08-30',NULL,NULL,'335.00',0,0,1,0,1,1,NULL,NULL,NULL,NULL,NULL,'--- !ruby/hash:ActiveSupport::HashWithIndifferentAccess\nanschaffungskategorie: AV-Technik\nreference: invoice\numzug: zgeln\nankunftszustand: intakt\n','2012-08-30 01:06:03','2012-08-30 01:06:03',NULL),(204,'dvn9rjtx1tebeutki0pk151','ca:e3:10:40:ff:10-4f:f9:7e:1b:44:2f-20:bc:f9:02:c0:22',196,99,191,3,NULL,NULL,'2010-04-02','2012-08-30',NULL,NULL,'298.00',0,0,1,0,1,1,NULL,NULL,NULL,NULL,NULL,'--- !ruby/hash:ActiveSupport::HashWithIndifferentAccess\nanschaffungskategorie: AV-Technik\nreference: invoice\numzug: zgeln\nankunftszustand: intakt\n','2012-08-30 01:06:03','2012-08-30 01:06:03',NULL),(205,'7ik44qczd3aeau26zorf152','26:3d:2e:06:08:26-ae:f1:b1:27:1b:1b-27:4a:59:1e:d0:7f',197,100,192,3,NULL,NULL,'2011-02-12','2012-08-30',NULL,NULL,'1074.00',0,0,1,0,1,1,NULL,NULL,NULL,NULL,NULL,'--- !ruby/hash:ActiveSupport::HashWithIndifferentAccess\nanschaffungskategorie: AV-Technik\nreference: invoice\numzug: zgeln\nankunftszustand: intakt\n','2012-08-30 01:06:03','2012-08-30 01:06:03',NULL),(206,'p1f3idr7us9kcndqt3os153','36:64:a8:03:c0:1c-00:16:0f:df:71:1a-42:49:b1:49:cf:91',198,101,193,6,NULL,NULL,'2007-02-22','2012-08-30',NULL,NULL,'600.00',0,0,1,0,1,1,NULL,NULL,NULL,NULL,NULL,'--- !ruby/hash:ActiveSupport::HashWithIndifferentAccess\nanschaffungskategorie: AV-Technik\nreference: invoice\numzug: zgeln\nankunftszustand: intakt\n','2012-08-30 01:06:03','2012-08-30 01:06:03',NULL),(207,'7pww3vsjl5y6bixwvlsb154','45:e9:1c:30:df:61-8b:8a:bf:e2:3c:e8-23:12:4d:05:83:ca',199,102,194,3,NULL,NULL,'2010-05-17','2012-08-30',NULL,NULL,'686.00',0,0,1,0,1,1,NULL,NULL,NULL,NULL,NULL,'--- !ruby/hash:ActiveSupport::HashWithIndifferentAccess\nanschaffungskategorie: AV-Technik\nreference: invoice\numzug: zgeln\nankunftszustand: intakt\n','2012-08-30 01:06:03','2012-08-30 01:06:03',NULL),(208,'xb3hva9jfd6pd4fk3w7q155','8f:c9:06:07:74:bb-02:b8:6d:30:fe:b1-c1:73:25:b1:af:a2',200,103,195,6,NULL,NULL,'2010-02-13','2012-08-25',NULL,NULL,'21.00',0,0,1,0,1,1,NULL,NULL,NULL,NULL,NULL,'--- !ruby/hash:ActiveSupport::HashWithIndifferentAccess\nanschaffungskategorie: AV-Technik\nreference: invoice\numzug: zgeln\nankunftszustand: intakt\n','2012-08-25 01:06:03','2012-08-25 01:06:03',NULL),(209,'1bgjcwtqf6vwppg5fjor156','00:29:83:ad:21:e1-aa:d3:94:f7:96:cd-18:9d:9f:ee:43:d5',201,104,196,2,NULL,NULL,'2008-08-25','2012-08-25',NULL,NULL,'515.00',0,0,1,0,1,1,NULL,NULL,NULL,NULL,NULL,'--- !ruby/hash:ActiveSupport::HashWithIndifferentAccess\nanschaffungskategorie: AV-Technik\nreference: invoice\numzug: zgeln\nankunftszustand: intakt\n','2012-08-25 01:06:03','2012-08-25 01:06:03',NULL),(210,'ctp086ev4pvyfvw9876h157','a5:d8:2a:bb:f0:8a-f3:22:8f:97:df:ef-ce:88:e8:1d:5b:54',202,105,197,7,NULL,NULL,'2008-05-19','2012-08-25',NULL,NULL,'456.00',0,0,1,0,1,1,NULL,NULL,NULL,NULL,NULL,'--- !ruby/hash:ActiveSupport::HashWithIndifferentAccess\nanschaffungskategorie: AV-Technik\nreference: invoice\numzug: zgeln\nankunftszustand: intakt\n','2012-08-25 01:06:03','2012-08-25 01:06:03',NULL),(211,'8reeary7u7jxpbbficje158','cc:55:01:0e:e7:87-43:16:56:d2:ed:48-b5:0c:08:d9:2d:98',203,106,198,6,NULL,NULL,'2010-04-10','2012-08-25',NULL,NULL,'1041.00',0,0,1,0,1,1,NULL,NULL,NULL,NULL,NULL,'--- !ruby/hash:ActiveSupport::HashWithIndifferentAccess\nanschaffungskategorie: AV-Technik\nreference: invoice\numzug: zgeln\nankunftszustand: intakt\n','2012-08-25 01:06:03','2012-08-25 01:06:03',NULL),(212,'m7srhe6anxmtowd7n8gd159','fc:21:b5:cf:d6:9f-1f:18:3c:04:72:e4-c5:0b:b0:48:32:70',204,107,199,2,NULL,NULL,'2008-08-26','2012-08-25',NULL,NULL,'1132.00',0,0,1,0,1,1,NULL,NULL,NULL,NULL,NULL,'--- !ruby/hash:ActiveSupport::HashWithIndifferentAccess\nanschaffungskategorie: AV-Technik\nreference: invoice\numzug: zgeln\nankunftszustand: intakt\n','2012-08-25 01:06:03','2012-08-25 01:06:03',NULL),(213,'yjsut8fwn1pxybxtwccq160','46:37:c1:d8:6f:cb-d4:df:c3:58:f0:05-8f:45:df:6d:46:56',205,108,200,1,NULL,NULL,'2010-08-22','2012-08-29',NULL,NULL,'1333.00',0,0,1,0,1,1,NULL,NULL,NULL,NULL,NULL,'--- !ruby/hash:ActiveSupport::HashWithIndifferentAccess\nanschaffungskategorie: AV-Technik\nreference: invoice\numzug: zgeln\nankunftszustand: intakt\n','2012-08-29 01:06:03','2012-08-29 01:06:03',NULL),(214,'0beaq6xdkxros0nf60yx161','9c:79:d9:2f:14:5d-79:59:4e:01:d6:5d-82:2d:4f:01:b2:7e',206,109,201,4,NULL,NULL,'2008-10-01','2012-08-29',NULL,NULL,'1250.00',0,0,1,0,1,1,NULL,NULL,NULL,NULL,NULL,'--- !ruby/hash:ActiveSupport::HashWithIndifferentAccess\nanschaffungskategorie: AV-Technik\nreference: invoice\numzug: zgeln\nankunftszustand: intakt\n','2012-08-29 01:06:03','2012-08-29 01:06:03',NULL),(215,'2jvqbbz896uyu3wpee9s162','6f:9a:b6:59:05:48-c0:b3:84:59:e3:c2-ea:62:c8:3c:47:42',207,110,202,11,NULL,NULL,'2009-01-10','2012-08-29',NULL,NULL,'41.00',0,0,1,0,1,1,NULL,NULL,NULL,NULL,NULL,'--- !ruby/hash:ActiveSupport::HashWithIndifferentAccess\nanschaffungskategorie: AV-Technik\nreference: invoice\numzug: zgeln\nankunftszustand: intakt\n','2012-08-29 01:06:03','2012-08-29 01:06:03',NULL),(216,'vv8edrd4ylyejudk1xbg163','43:f6:8f:d5:73:ae-5f:13:7e:50:96:f1-21:4c:0a:60:9c:ba',208,111,203,2,NULL,NULL,'2010-01-29','2012-08-29',NULL,NULL,'419.00',0,0,1,0,1,1,NULL,NULL,NULL,NULL,NULL,'--- !ruby/hash:ActiveSupport::HashWithIndifferentAccess\nanschaffungskategorie: AV-Technik\nreference: invoice\numzug: zgeln\nankunftszustand: intakt\n','2012-08-29 01:06:03','2012-08-29 01:06:03',NULL),(217,'jww61x3flpv5xomywi87164','9e:94:31:5e:12:ee-ee:5c:a6:56:16:8c-8b:bf:6b:20:e9:67',209,112,204,8,NULL,NULL,'2009-08-08','2012-08-29',NULL,NULL,'1294.00',0,0,1,0,1,1,NULL,NULL,NULL,NULL,NULL,'--- !ruby/hash:ActiveSupport::HashWithIndifferentAccess\nanschaffungskategorie: AV-Technik\nreference: invoice\numzug: zgeln\nankunftszustand: intakt\n','2012-08-29 01:06:03','2012-08-29 01:06:03',NULL),(218,'v4hqxsh5mqam8lh3qp6i165','2d:ae:f1:a2:97:c8-31:14:9e:ff:2f:9a-08:b2:95:d0:61:08',210,113,205,8,NULL,NULL,'2010-12-25','2012-08-30',NULL,NULL,'332.00',0,0,1,0,12,1,NULL,NULL,NULL,NULL,NULL,'--- !ruby/hash:ActiveSupport::HashWithIndifferentAccess\nanschaffungskategorie: AV-Technik\nreference: invoice\numzug: zgeln\nankunftszustand: intakt\n','2012-08-30 01:06:03','2012-08-30 01:06:03',NULL),(219,'9gj1bpu49sbqlxyfyvcl166','fb:21:69:5d:f5:8c-00:d2:f0:2e:2c:b8-6c:5b:bd:74:88:44',210,114,206,9,NULL,NULL,'2007-12-21','2012-08-30',NULL,NULL,'1348.00',0,0,1,0,12,1,NULL,NULL,NULL,NULL,NULL,'--- !ruby/hash:ActiveSupport::HashWithIndifferentAccess\nanschaffungskategorie: AV-Technik\nreference: invoice\numzug: zgeln\nankunftszustand: intakt\n','2012-08-30 01:06:03','2012-08-30 01:06:03',NULL),(220,'q26of5570l1o2cqi1lzq167','c2:94:6c:da:66:61-25:3d:5b:2d:a5:88-ef:37:ec:b3:9e:04',210,115,207,9,NULL,NULL,'2009-02-21','2012-08-30',NULL,NULL,'1183.00',0,0,1,0,12,1,NULL,NULL,NULL,NULL,NULL,'--- !ruby/hash:ActiveSupport::HashWithIndifferentAccess\nanschaffungskategorie: AV-Technik\nreference: invoice\numzug: zgeln\nankunftszustand: intakt\n','2012-08-30 01:06:03','2012-08-30 01:06:03',NULL),(221,'47trv4zpvrehoxdzjs1k168','5f:fe:a1:6e:b4:c9-9f:48:d0:a7:d6:87-71:64:77:b7:30:ad',214,116,208,1,NULL,NULL,'2007-03-23','2012-08-30',NULL,NULL,'174.00',0,0,1,0,12,1,NULL,NULL,NULL,NULL,NULL,'--- !ruby/hash:ActiveSupport::HashWithIndifferentAccess\nanschaffungskategorie: AV-Technik\nreference: invoice\numzug: zgeln\nankunftszustand: intakt\n','2012-08-30 01:06:03','2012-08-30 01:06:03',NULL),(222,'yy2ubd8x0kyf0n6uaq79169','0e:71:6e:02:21:38-e3:7e:b1:ae:da:ba-18:64:f7:52:66:0c',214,117,209,3,NULL,NULL,'2011-03-25','2012-08-30',NULL,NULL,'845.00',0,0,1,0,12,1,NULL,NULL,NULL,NULL,NULL,'--- !ruby/hash:ActiveSupport::HashWithIndifferentAccess\nanschaffungskategorie: AV-Technik\nreference: invoice\numzug: zgeln\nankunftszustand: intakt\n','2012-08-30 01:06:03','2012-08-30 01:06:03',NULL),(223,'060542zk1rwxdvwhitb6170','7e:1a:b4:a9:ee:2d-a2:ca:07:3b:18:d7-70:a4:a7:dd:1e:35',214,118,210,9,NULL,NULL,'2009-01-12','2012-08-30',NULL,NULL,'730.00',0,0,1,0,12,1,NULL,NULL,NULL,NULL,NULL,'--- !ruby/hash:ActiveSupport::HashWithIndifferentAccess\nanschaffungskategorie: AV-Technik\nreference: invoice\numzug: zgeln\nankunftszustand: intakt\n','2012-08-30 01:06:03','2012-08-30 01:06:03',NULL),(224,'2xsr1svhvc69cmflqwmx171','e9:f8:71:75:3e:f2-39:f7:88:06:b7:d8-7e:01:66:2e:6d:60',218,119,211,10,NULL,NULL,'2010-11-24','2012-08-30',NULL,NULL,'238.00',0,0,1,0,12,1,NULL,NULL,NULL,NULL,NULL,'--- !ruby/hash:ActiveSupport::HashWithIndifferentAccess\nanschaffungskategorie: AV-Technik\nreference: invoice\numzug: zgeln\nankunftszustand: intakt\n','2012-08-30 01:06:03','2012-08-30 01:06:03',NULL),(225,'u69xkwc50e81zfpyzym3172','fb:7d:4d:f9:cc:63-fa:8b:52:2d:b6:c0-d7:6f:07:36:b1:d3',218,120,212,10,NULL,NULL,'2009-02-08','2012-08-30',NULL,NULL,'1018.00',0,0,1,0,12,1,NULL,NULL,NULL,NULL,NULL,'--- !ruby/hash:ActiveSupport::HashWithIndifferentAccess\nanschaffungskategorie: AV-Technik\nreference: invoice\numzug: zgeln\nankunftszustand: intakt\n','2012-08-30 01:06:03','2012-08-30 01:06:03',NULL),(226,'d1qf0ymp8rx39mbzzlp4173','aa:8f:02:ee:40:af-9e:88:10:63:39:e8-7b:0e:4c:0c:2d:e4',218,121,213,5,NULL,NULL,'2009-06-07','2012-08-30',NULL,NULL,'1225.00',0,0,1,0,12,1,NULL,NULL,NULL,NULL,NULL,'--- !ruby/hash:ActiveSupport::HashWithIndifferentAccess\nanschaffungskategorie: AV-Technik\nreference: invoice\numzug: zgeln\nankunftszustand: intakt\n','2012-08-30 01:06:03','2012-08-30 01:06:03',NULL),(227,'19ntsd4ekrtv1rfqsi9o174','04:2a:5a:71:bb:75-06:ec:c4:c3:a1:b2-99:04:fa:d0:53:f9',222,122,214,11,NULL,NULL,'2008-05-29','2012-08-30',NULL,NULL,'121.00',0,0,1,0,12,1,NULL,NULL,NULL,NULL,NULL,'--- !ruby/hash:ActiveSupport::HashWithIndifferentAccess\nanschaffungskategorie: AV-Technik\nreference: invoice\numzug: zgeln\nankunftszustand: intakt\n','2012-08-30 01:06:03','2012-08-30 01:06:03',NULL),(228,'oobzrh8e8bf7nrbkzw3c175','fc:5f:bc:5d:12:ef-df:fd:49:12:9c:f3-20:17:d6:b9:06:1f',222,123,215,12,NULL,NULL,'2009-03-10','2012-08-30',NULL,NULL,'860.00',0,0,1,0,12,1,NULL,NULL,NULL,NULL,NULL,'--- !ruby/hash:ActiveSupport::HashWithIndifferentAccess\nanschaffungskategorie: AV-Technik\nreference: invoice\numzug: zgeln\nankunftszustand: intakt\n','2012-08-30 01:06:03','2012-08-30 01:06:03',NULL),(229,'xer64n5h6pqxt6bhwh5p176','ae:7b:0d:1c:b9:87-b4:f9:c5:1d:08:b7-c7:3e:89:02:e6:fe',222,124,216,6,NULL,NULL,'2011-01-10','2012-08-30',NULL,NULL,'217.00',0,0,1,0,12,1,NULL,NULL,NULL,NULL,NULL,'--- !ruby/hash:ActiveSupport::HashWithIndifferentAccess\nanschaffungskategorie: AV-Technik\nreference: invoice\numzug: zgeln\nankunftszustand: intakt\n','2012-08-30 01:06:03','2012-08-30 01:06:03',NULL),(230,'clsezl6qzw481gke7zm4177','0b:cf:ac:e3:06:73-9c:6c:e8:57:db:12-90:6f:ea:be:09:44',226,125,217,6,NULL,NULL,'2008-12-04','2012-08-30',NULL,NULL,'1468.00',0,0,1,0,12,1,NULL,NULL,NULL,NULL,NULL,'--- !ruby/hash:ActiveSupport::HashWithIndifferentAccess\nanschaffungskategorie: AV-Technik\nreference: invoice\numzug: zgeln\nankunftszustand: intakt\n','2012-08-30 01:06:03','2012-08-30 01:06:03',NULL),(231,'7d5ckeokqhvvpzij4paa178','09:13:97:1d:9e:b5-82:b5:60:fb:91:2f-94:7c:dd:8c:cf:86',226,126,218,9,NULL,NULL,'2010-03-26','2012-08-30',NULL,NULL,'934.00',0,0,1,0,12,1,NULL,NULL,NULL,NULL,NULL,'--- !ruby/hash:ActiveSupport::HashWithIndifferentAccess\nanschaffungskategorie: AV-Technik\nreference: invoice\numzug: zgeln\nankunftszustand: intakt\n','2012-08-30 01:06:03','2012-08-30 01:06:03',NULL),(232,'e1jfp0c6v6i6ijn7xxku179','fc:d7:54:28:21:e6-16:29:d6:84:27:08-15:36:cc:dc:38:7a',226,127,219,8,NULL,NULL,'2011-05-01','2012-08-30',NULL,NULL,'616.00',0,0,1,0,12,1,NULL,NULL,NULL,NULL,NULL,'--- !ruby/hash:ActiveSupport::HashWithIndifferentAccess\nanschaffungskategorie: AV-Technik\nreference: invoice\numzug: zgeln\nankunftszustand: intakt\n','2012-08-30 01:06:03','2012-08-30 01:06:03',NULL),(233,'845wqih839vx7qpsb6du180','2a:cb:1b:0e:93:d7-8b:90:ec:17:cb:89-fc:ca:04:d5:6c:51',230,128,220,7,NULL,NULL,'2007-06-21','2012-08-30',NULL,NULL,'1453.00',0,0,1,0,1,1,NULL,NULL,NULL,NULL,NULL,'--- !ruby/hash:ActiveSupport::HashWithIndifferentAccess\nanschaffungskategorie: AV-Technik\nreference: invoice\numzug: zgeln\nankunftszustand: intakt\n','2012-08-30 01:06:03','2012-08-30 01:06:03',NULL),(234,'s9dy9l0jnxjsxcbm2je5181','d0:23:b9:fe:d8:08-55:f8:82:df:c7:ff-2b:c6:5c:1b:41:fa',231,129,221,6,NULL,NULL,'2008-07-09','2012-08-30',NULL,NULL,'719.00',0,0,1,0,1,1,NULL,NULL,NULL,NULL,NULL,'--- !ruby/hash:ActiveSupport::HashWithIndifferentAccess\nanschaffungskategorie: AV-Technik\nreference: invoice\numzug: zgeln\nankunftszustand: intakt\n','2012-08-30 01:06:03','2012-08-30 01:06:03',NULL),(235,'jqx3rw65lk32dp8x029g182','66:6e:3b:2d:65:27-b7:84:1a:46:d2:bb-b2:a1:18:65:39:9c',232,130,222,3,NULL,NULL,'2008-11-18','2012-08-30',NULL,NULL,'238.00',0,0,1,0,1,1,NULL,NULL,NULL,NULL,NULL,'--- !ruby/hash:ActiveSupport::HashWithIndifferentAccess\nanschaffungskategorie: AV-Technik\nreference: invoice\numzug: zgeln\nankunftszustand: intakt\n','2012-08-30 01:06:03','2012-08-30 01:06:03',NULL),(236,'ur9viflh807u6b1bvyur183','be:38:d8:52:05:9a-73:a8:e3:d5:81:0e-ae:52:f9:ad:73:dd',233,131,223,9,NULL,NULL,'2011-09-22','2012-08-30',NULL,NULL,'802.00',0,0,1,0,1,1,NULL,NULL,NULL,NULL,NULL,'--- !ruby/hash:ActiveSupport::HashWithIndifferentAccess\nanschaffungskategorie: AV-Technik\nreference: invoice\numzug: zgeln\nankunftszustand: intakt\n','2012-08-30 01:06:03','2012-08-30 01:06:03',NULL),(237,'6q5rt0mowltpnn9surgt184','43:ac:7c:d4:66:36-76:58:32:74:b4:ed-33:09:f0:a6:86:69',234,132,224,10,NULL,NULL,'2011-04-20','2012-08-30',NULL,NULL,'730.00',0,0,1,0,1,1,NULL,NULL,NULL,NULL,NULL,'--- !ruby/hash:ActiveSupport::HashWithIndifferentAccess\nanschaffungskategorie: AV-Technik\nreference: invoice\numzug: zgeln\nankunftszustand: intakt\n','2012-08-30 01:06:03','2012-08-30 01:06:03',NULL),(238,'twfbgq2kan6730o16ct5185','0e:5d:6d:a1:41:a2-3f:72:65:b4:f6:0f-eb:cb:3a:13:0b:77',235,133,225,2,NULL,NULL,'2009-08-29','2012-08-30',NULL,NULL,'1201.00',0,0,1,0,1,1,NULL,NULL,NULL,NULL,NULL,'--- !ruby/hash:ActiveSupport::HashWithIndifferentAccess\nanschaffungskategorie: AV-Technik\nreference: invoice\numzug: zgeln\nankunftszustand: intakt\n','2012-08-30 01:06:03','2012-08-30 01:06:03',NULL),(239,'hi3m40zv798e4dnapzdw186','b9:ae:e0:e4:97:77-5c:db:6a:a5:98:f8-4b:2d:13:58:bc:a9',236,134,226,8,NULL,NULL,'2010-03-29','2012-08-30',NULL,NULL,'485.00',0,0,1,0,1,1,NULL,NULL,NULL,NULL,NULL,'--- !ruby/hash:ActiveSupport::HashWithIndifferentAccess\nanschaffungskategorie: AV-Technik\nreference: invoice\numzug: zgeln\nankunftszustand: intakt\n','2012-08-30 01:06:03','2012-08-30 01:06:03',NULL),(240,'nkqookabcietiicmnwzd187','94:41:00:ab:3c:d5-9d:b2:3d:fd:01:1a-df:4c:41:eb:ce:49',237,135,227,3,NULL,NULL,'2009-08-18','2012-08-30',NULL,NULL,'480.00',0,0,1,0,1,1,NULL,NULL,NULL,NULL,NULL,'--- !ruby/hash:ActiveSupport::HashWithIndifferentAccess\nanschaffungskategorie: AV-Technik\nreference: invoice\numzug: zgeln\nankunftszustand: intakt\n','2012-08-30 01:06:03','2012-08-30 01:06:03',NULL),(241,'byxu3r4z6ndve9v3qjnj188','52:17:2a:9a:49:4e-25:93:86:85:9e:b1-25:da:a9:84:d8:74',238,136,228,4,NULL,NULL,'2010-09-28','2012-08-30',NULL,NULL,'95.00',0,0,1,0,1,1,NULL,NULL,NULL,NULL,NULL,'--- !ruby/hash:ActiveSupport::HashWithIndifferentAccess\nanschaffungskategorie: AV-Technik\nreference: invoice\numzug: zgeln\nankunftszustand: intakt\n','2012-08-30 01:06:03','2012-08-30 01:06:03',NULL),(242,'ef7bk1rf2mhc0v1ffgoe189','0f:12:11:60:84:0d-a1:e9:59:dc:6a:dc-a2:1c:47:3a:95:e5',239,137,229,10,NULL,NULL,'2011-09-05','2012-08-30',NULL,NULL,'173.00',0,0,1,0,1,1,NULL,NULL,NULL,NULL,NULL,'--- !ruby/hash:ActiveSupport::HashWithIndifferentAccess\nanschaffungskategorie: AV-Technik\nreference: invoice\numzug: zgeln\nankunftszustand: intakt\n','2012-08-30 01:06:03','2012-08-30 01:06:03',NULL),(243,'lqibd3bx3rqiwayzrnq4190','2f:c4:ef:b5:90:95-1a:5f:fa:47:d8:70-18:f1:47:f6:3a:6c',240,138,230,3,NULL,NULL,'2008-07-22','2012-08-30',NULL,NULL,'1323.00',0,0,1,0,1,1,NULL,NULL,NULL,NULL,NULL,'--- !ruby/hash:ActiveSupport::HashWithIndifferentAccess\nanschaffungskategorie: AV-Technik\nreference: invoice\numzug: zgeln\nankunftszustand: intakt\n','2012-08-30 01:06:03','2012-08-30 01:06:03',NULL),(244,'v6wdgmsn7kmu3xhb835b191','35:3b:2a:aa:c4:44-8f:0c:f7:a3:0b:4a-7c:a2:63:7e:62:cd',241,139,231,4,NULL,NULL,'2009-07-11','2012-08-30',NULL,NULL,'686.00',0,0,1,0,1,1,NULL,NULL,NULL,NULL,NULL,'--- !ruby/hash:ActiveSupport::HashWithIndifferentAccess\nanschaffungskategorie: AV-Technik\nreference: invoice\numzug: zgeln\nankunftszustand: intakt\n','2012-08-30 01:06:03','2012-08-30 01:06:03',NULL),(245,'35ojyx42uy728zpjscd6192','3b:41:8d:0f:05:67-42:bd:b1:4d:90:5b-62:dd:af:ea:9d:f6',242,140,232,3,NULL,NULL,'2011-07-04','2012-08-30',NULL,NULL,'1112.00',0,0,1,0,1,1,NULL,NULL,NULL,NULL,NULL,'--- !ruby/hash:ActiveSupport::HashWithIndifferentAccess\nanschaffungskategorie: AV-Technik\nreference: invoice\numzug: zgeln\nankunftszustand: intakt\n','2012-08-30 01:06:03','2012-08-30 01:06:03',NULL),(246,'16qxmmmmlui3nm191egg193','e0:10:f8:3d:37:7e-ee:0f:00:a9:7a:16-96:9b:3b:03:1b:ef',243,141,233,7,NULL,NULL,'2007-01-29','2012-08-30',NULL,NULL,'1146.00',0,0,1,0,1,1,NULL,NULL,NULL,NULL,NULL,'--- !ruby/hash:ActiveSupport::HashWithIndifferentAccess\nanschaffungskategorie: AV-Technik\nreference: invoice\numzug: zgeln\nankunftszustand: intakt\n','2012-08-30 01:06:03','2012-08-30 01:06:03',NULL),(247,'14kkdxz90lm2yj8pwqz2194','d1:0f:e3:b8:a7:43-91:bc:9c:29:4b:2d-74:93:e8:5e:2d:73',244,142,234,2,NULL,NULL,'2011-02-21','2012-08-30',NULL,NULL,'1371.00',0,0,1,0,1,1,NULL,NULL,NULL,NULL,NULL,'--- !ruby/hash:ActiveSupport::HashWithIndifferentAccess\nanschaffungskategorie: AV-Technik\nreference: invoice\numzug: zgeln\nankunftszustand: intakt\n','2012-08-30 01:06:03','2012-08-30 01:06:03',NULL),(248,'13z2ct6ra4um4chdupqi195','bd:84:7b:3c:c2:4e-d6:dd:62:43:e6:c9-a5:ba:aa:72:a4:ab',245,143,235,11,NULL,NULL,'2009-10-18','2012-08-30',NULL,NULL,'549.00',0,0,1,0,1,1,NULL,NULL,NULL,NULL,NULL,'--- !ruby/hash:ActiveSupport::HashWithIndifferentAccess\nanschaffungskategorie: AV-Technik\nreference: invoice\numzug: zgeln\nankunftszustand: intakt\n','2012-08-30 01:06:03','2012-08-30 01:06:03',NULL),(249,'dl4cmlbe73bkbi89zse5196','03:3d:e7:82:a4:16-93:f8:d1:3b:1c:02-f8:85:6b:ab:9a:22',246,144,236,10,NULL,NULL,'2008-08-12','2012-08-30',NULL,NULL,'471.00',0,0,1,0,1,1,NULL,NULL,NULL,NULL,NULL,'--- !ruby/hash:ActiveSupport::HashWithIndifferentAccess\nanschaffungskategorie: AV-Technik\nreference: invoice\numzug: zgeln\nankunftszustand: intakt\n','2012-08-30 01:06:03','2012-08-30 01:06:03',NULL),(250,'xzf1bnodez8wux0rcxs3197','df:c9:f0:69:13:0e-6d:bc:a5:bd:08:cb-81:8a:ba:ef:4d:27',247,145,237,5,NULL,NULL,'2007-05-20','2012-08-30',NULL,NULL,'1478.00',0,0,1,0,1,1,NULL,NULL,NULL,NULL,NULL,'--- !ruby/hash:ActiveSupport::HashWithIndifferentAccess\nanschaffungskategorie: AV-Technik\nreference: invoice\numzug: zgeln\nankunftszustand: intakt\n','2012-08-30 01:06:03','2012-08-30 01:06:03',NULL),(251,'b14vfi6gumcttdctdjiy198','95:43:5d:70:14:d3-8b:91:df:40:8b:a1-73:28:0c:2d:34:b2',248,146,238,11,NULL,NULL,'2009-12-08','2012-08-30',NULL,NULL,'685.00',0,0,1,0,1,1,NULL,NULL,NULL,NULL,NULL,'--- !ruby/hash:ActiveSupport::HashWithIndifferentAccess\nanschaffungskategorie: AV-Technik\nreference: invoice\numzug: zgeln\nankunftszustand: intakt\n','2012-08-30 01:06:03','2012-08-30 01:06:03',NULL),(252,'84fbg8m5hwprguo71mvi199','7b:c9:29:7b:e2:6f-91:98:f6:3f:ef:cd-95:d0:86:50:00:8a',249,147,239,3,NULL,NULL,'2009-12-22','2012-08-30',NULL,NULL,'1081.00',0,0,1,0,1,1,NULL,NULL,NULL,NULL,NULL,'--- !ruby/hash:ActiveSupport::HashWithIndifferentAccess\nanschaffungskategorie: AV-Technik\nreference: invoice\numzug: zgeln\nankunftszustand: intakt\n','2012-08-30 01:06:03','2012-08-30 01:06:03',NULL),(253,'gennh8v7u3x7c7yl4f5e200','1c:e8:b6:81:ea:84-fa:88:5d:8f:9b:90-1e:72:b1:51:c7:bb',250,148,240,9,NULL,NULL,'2010-04-28','2012-08-30',NULL,NULL,'233.00',0,0,1,0,1,1,NULL,NULL,NULL,NULL,NULL,'--- !ruby/hash:ActiveSupport::HashWithIndifferentAccess\nanschaffungskategorie: AV-Technik\nreference: invoice\numzug: zgeln\nankunftszustand: intakt\n','2012-08-30 01:06:03','2012-08-30 01:06:03',NULL),(254,'tezsp13nxh53yhqmnezu201','ac:88:3e:26:88:ee-b6:28:a5:4f:d5:c4-3c:26:f0:a7:9b:15',251,149,241,4,NULL,NULL,'2009-12-13','2012-08-30',NULL,NULL,'927.00',0,0,1,0,1,1,NULL,NULL,NULL,NULL,NULL,'--- !ruby/hash:ActiveSupport::HashWithIndifferentAccess\nanschaffungskategorie: AV-Technik\nreference: invoice\numzug: zgeln\nankunftszustand: intakt\n','2012-08-30 01:06:03','2012-08-30 01:06:03',NULL),(255,'ficop3hh9n1d4mldsr3l202','5a:38:7d:38:41:f9-a7:08:c3:13:b8:bf-90:2b:e1:63:05:08',252,150,242,1,NULL,NULL,'2007-06-07','2012-08-30',NULL,NULL,'209.00',0,0,1,0,1,1,NULL,NULL,NULL,NULL,NULL,'--- !ruby/hash:ActiveSupport::HashWithIndifferentAccess\nanschaffungskategorie: AV-Technik\nreference: invoice\numzug: zgeln\nankunftszustand: intakt\n','2012-08-30 01:06:03','2012-08-30 01:06:03',NULL),(256,'drww7jdfzh8b57cdbo77203','04:d2:23:18:31:e2-d2:f7:10:dd:fc:ce-a1:1b:43:30:99:4a',253,151,243,6,NULL,NULL,'2009-06-09','2012-08-30',NULL,NULL,'1374.00',0,0,1,0,1,1,NULL,NULL,NULL,NULL,NULL,'--- !ruby/hash:ActiveSupport::HashWithIndifferentAccess\nanschaffungskategorie: AV-Technik\nreference: invoice\numzug: zgeln\nankunftszustand: intakt\n','2012-08-30 01:06:03','2012-08-30 01:06:03',NULL),(257,'xy0lm6tamxw9nu268z95204','0e:6a:db:cd:dd:bc-24:26:2c:30:79:d3-03:df:b4:f4:91:c0',254,152,244,1,NULL,NULL,'2011-02-18','2012-08-30',NULL,NULL,'827.00',0,0,1,0,1,1,NULL,NULL,NULL,NULL,NULL,'--- !ruby/hash:ActiveSupport::HashWithIndifferentAccess\nanschaffungskategorie: AV-Technik\nreference: invoice\numzug: zgeln\nankunftszustand: intakt\n','2012-08-30 01:06:03','2012-08-30 01:06:03',NULL),(258,'136qb596cn4fqhlwajkr205','d4:c7:90:f5:53:27-44:1e:74:d1:95:75-24:0d:5f:c3:fa:50',255,153,245,6,NULL,NULL,'2007-11-06','2012-08-30',NULL,NULL,'595.00',0,0,1,0,1,1,NULL,NULL,NULL,NULL,NULL,'--- !ruby/hash:ActiveSupport::HashWithIndifferentAccess\nanschaffungskategorie: AV-Technik\nreference: invoice\numzug: zgeln\nankunftszustand: intakt\n','2012-08-30 01:06:03','2012-08-30 01:06:03',NULL),(259,'u0ydtqww1v1pefjuabw0206','58:a3:4b:9d:a5:7a-57:03:73:85:ab:52-b9:ab:bb:31:4e:85',256,154,246,9,NULL,NULL,'2007-02-04','2012-08-30',NULL,NULL,'609.00',0,0,1,0,1,1,NULL,NULL,NULL,NULL,NULL,'--- !ruby/hash:ActiveSupport::HashWithIndifferentAccess\nanschaffungskategorie: AV-Technik\nreference: invoice\numzug: zgeln\nankunftszustand: intakt\n','2012-08-30 01:06:03','2012-08-30 01:06:03',NULL),(260,'zh7u27tiddozw8lpq2uz207','93:35:91:6f:11:76-50:eb:c4:aa:9a:8b-31:38:21:13:98:4b',257,155,247,10,NULL,NULL,'2010-07-11','2012-08-30',NULL,NULL,'1304.00',0,0,1,0,1,1,NULL,NULL,NULL,NULL,NULL,'--- !ruby/hash:ActiveSupport::HashWithIndifferentAccess\nanschaffungskategorie: AV-Technik\nreference: invoice\numzug: zgeln\nankunftszustand: intakt\n','2012-08-30 01:06:03','2012-08-30 01:06:03',NULL),(261,'ajcfu1k9kjwq6x811tbc208','59:7e:9b:b4:92:b1-31:04:13:8f:47:d8-ae:12:6f:41:c7:ad',258,156,248,2,NULL,NULL,'2007-05-12','2012-08-30',NULL,NULL,'1311.00',0,0,1,0,1,1,NULL,NULL,NULL,NULL,NULL,'--- !ruby/hash:ActiveSupport::HashWithIndifferentAccess\nanschaffungskategorie: AV-Technik\nreference: invoice\numzug: zgeln\nankunftszustand: intakt\n','2012-08-30 01:06:03','2012-08-30 01:06:03',NULL),(262,'jcmbrrhpnmbqpaebfq83209','88:1f:33:c7:26:7a-ee:d2:fd:5e:6e:f2-d5:c6:a8:dd:ca:1d',259,157,249,11,NULL,NULL,'2011-02-09','2012-08-30',NULL,NULL,'568.00',0,0,1,0,1,1,NULL,NULL,NULL,NULL,NULL,'--- !ruby/hash:ActiveSupport::HashWithIndifferentAccess\nanschaffungskategorie: AV-Technik\nreference: invoice\numzug: zgeln\nankunftszustand: intakt\n','2012-08-30 01:06:03','2012-08-30 01:06:03',NULL),(263,'h0lfoof8bbebccniwh0h210','e5:1a:45:52:2f:0e-64:c1:90:dd:b2:c5-5f:be:8a:31:9a:1d',260,158,250,8,NULL,NULL,'2010-05-20','2012-08-30',NULL,NULL,'1105.00',0,0,1,0,1,1,NULL,NULL,NULL,NULL,NULL,'--- !ruby/hash:ActiveSupport::HashWithIndifferentAccess\nanschaffungskategorie: AV-Technik\nreference: invoice\numzug: zgeln\nankunftszustand: intakt\n','2012-08-30 01:06:03','2012-08-30 01:06:03',NULL),(264,'mpqa6ue1wam1f0mcw4kb211','0d:c8:09:36:78:10-68:2c:a3:d5:10:86-3d:ff:25:16:5c:00',261,159,251,8,NULL,NULL,'2007-04-06','2012-08-30',NULL,NULL,'778.00',0,0,1,0,1,1,NULL,NULL,NULL,NULL,NULL,'--- !ruby/hash:ActiveSupport::HashWithIndifferentAccess\nanschaffungskategorie: AV-Technik\nreference: invoice\numzug: zgeln\nankunftszustand: intakt\n','2012-08-30 01:06:03','2012-08-30 01:06:03',NULL),(265,'6ayq26wtxidsxbd6ctsa212','6b:da:7d:a6:60:2d-b8:48:b5:0c:1b:28-f0:0f:27:02:ec:71',262,160,252,4,NULL,NULL,'2008-10-04','2012-08-30',NULL,NULL,'156.00',0,0,1,0,1,1,NULL,NULL,NULL,NULL,NULL,'--- !ruby/hash:ActiveSupport::HashWithIndifferentAccess\nanschaffungskategorie: AV-Technik\nreference: invoice\numzug: zgeln\nankunftszustand: intakt\n','2012-08-30 01:06:03','2012-08-30 01:06:03',NULL),(266,'f55c4rr46s99gjczs295213','26:0e:10:38:37:68-6f:4a:ef:76:2c:8d-54:45:b5:f0:01:7a',263,161,253,11,NULL,NULL,'2011-08-17','2012-08-25',NULL,NULL,'1134.00',0,0,1,0,1,1,NULL,NULL,NULL,NULL,NULL,'--- !ruby/hash:ActiveSupport::HashWithIndifferentAccess\nanschaffungskategorie: AV-Technik\nreference: invoice\numzug: zgeln\nankunftszustand: intakt\n','2012-08-25 01:06:03','2012-08-25 01:06:03',NULL),(267,'1ub8t0lazvdeuhe5fl3y214','99:40:16:a8:38:f3-a2:d9:00:55:fc:87-a2:26:7f:04:5b:61',264,162,254,11,NULL,NULL,'2010-04-04','2012-08-25',NULL,NULL,'79.00',0,0,1,0,1,1,NULL,NULL,NULL,NULL,NULL,'--- !ruby/hash:ActiveSupport::HashWithIndifferentAccess\nanschaffungskategorie: AV-Technik\nreference: invoice\numzug: zgeln\nankunftszustand: intakt\n','2012-08-25 01:06:03','2012-08-25 01:06:03',NULL),(268,'1l9pdck6cm2uyj84r4hl215','1c:02:d6:ca:c4:18-54:81:20:d7:77:ee-40:c0:42:54:77:04',265,163,255,4,NULL,NULL,'2011-05-02','2012-08-25',NULL,NULL,'464.00',0,0,1,0,1,1,NULL,NULL,NULL,NULL,NULL,'--- !ruby/hash:ActiveSupport::HashWithIndifferentAccess\nanschaffungskategorie: AV-Technik\nreference: invoice\numzug: zgeln\nankunftszustand: intakt\n','2012-08-25 01:06:03','2012-08-25 01:06:03',NULL),(269,'2m40pshh33vt2n73p6ev216','43:40:c8:c3:78:66-a9:dd:b2:a3:56:7f-5a:03:4c:d6:02:8c',266,164,256,12,NULL,NULL,'2009-09-21','2012-08-25',NULL,NULL,'794.00',0,0,1,0,1,1,NULL,NULL,NULL,NULL,NULL,'--- !ruby/hash:ActiveSupport::HashWithIndifferentAccess\nanschaffungskategorie: AV-Technik\nreference: invoice\numzug: zgeln\nankunftszustand: intakt\n','2012-08-25 01:06:03','2012-08-25 01:06:03',NULL),(270,'hoz2r16ak4arrbftgk15217','42:68:ae:7d:d6:14-74:6e:72:db:4f:35-c0:0d:f8:29:25:63',267,165,257,9,NULL,NULL,'2009-05-25','2012-08-30',NULL,NULL,'1326.00',0,0,1,0,1,1,NULL,NULL,NULL,NULL,NULL,'--- !ruby/hash:ActiveSupport::HashWithIndifferentAccess\nanschaffungskategorie: AV-Technik\nreference: invoice\numzug: zgeln\nankunftszustand: intakt\n','2012-08-30 01:06:03','2012-08-30 01:06:03',NULL),(271,'vixwi9rez47gsweg8b27218','eb:4d:52:fa:12:1e-c5:73:35:b3:74:31-32:15:9c:88:a5:a3',268,NULL,NULL,9,NULL,NULL,NULL,NULL,NULL,NULL,NULL,0,0,0,0,1,0,NULL,NULL,NULL,NULL,NULL,'--- !ruby/hash:ActiveSupport::HashWithIndifferentAccess\nlicense_type: single_workplace\nactivation_type: serial_number\noperating_system:\n- windows\n- linux\ninstallation:\n- citrix\n- web\nprocured_by: Estelle Moore\nreference: invoice\nmaintenance_contract: \'false\'\nmaintenance_currency: CHF\n','2012-08-30 01:06:03','2012-08-30 01:06:03',NULL),(272,'5dhn4n57jges6fkr7m9f219','03:f9:4c:56:7d:67-77:6d:53:4a:f8:14-f0:9b:37:d4:1e:46',269,166,258,12,NULL,NULL,'2008-01-25','2012-08-25',NULL,NULL,'1006.00',0,0,1,0,2,1,NULL,NULL,NULL,NULL,NULL,'--- !ruby/hash:ActiveSupport::HashWithIndifferentAccess\nanschaffungskategorie: AV-Technik\nreference: invoice\numzug: zgeln\nankunftszustand: intakt\n','2012-08-25 01:06:03','2012-08-25 01:06:03',NULL),(273,'zhbi9m9e0g7eoj3v5iik220','eb:fb:44:b2:15:46-75:d4:db:88:ce:8a-09:86:bb:ba:e4:f9',270,167,259,2,NULL,NULL,'2008-04-12','2012-08-30',NULL,NULL,'577.00',0,0,1,0,1,1,NULL,NULL,NULL,NULL,NULL,'--- !ruby/hash:ActiveSupport::HashWithIndifferentAccess\nanschaffungskategorie: AV-Technik\nreference: invoice\numzug: zgeln\nankunftszustand: intakt\n','2012-08-30 01:06:03','2012-08-30 01:06:03',NULL),(274,'3dtx33kg1xo33v5mc87l221','cf:95:8f:c9:69:84-e4:35:f8:3a:81:31-21:c2:4f:ba:e7:45',271,NULL,NULL,6,NULL,NULL,NULL,NULL,NULL,NULL,NULL,0,0,0,0,1,0,NULL,NULL,NULL,NULL,NULL,'--- !ruby/hash:ActiveSupport::HashWithIndifferentAccess\nlicense_type: single_workplace\nactivation_type: serial_number\noperating_system:\n- windows\n- linux\ninstallation:\n- citrix\n- web\nreference: invoice\nmaintenance_contract: \'false\'\nmaintenance_currency: CHF\n','2012-08-30 01:06:03','2012-08-30 01:06:03',NULL),(275,'7xixobty0lcehn06xr7g222','3b:ac:70:bf:cb:4c-51:3f:ba:d2:fa:4c-52:2a:5f:27:a7:78',272,NULL,260,1,NULL,NULL,'2008-08-29','2012-08-30',NULL,NULL,'295.00',0,0,1,0,1,1,NULL,NULL,NULL,NULL,NULL,'--- !ruby/hash:ActiveSupport::HashWithIndifferentAccess\nanschaffungskategorie: AV-Technik\nreference: invoice\numzug: zgeln\nankunftszustand: intakt\n','2012-08-30 01:06:03','2012-08-30 01:06:03',NULL),(276,'stll9wkqqrwyo55bdpgq223','f3:b7:0b:9a:f0:02-3c:08:80:59:0f:0b-5b:c5:28:6c:9c:a9',273,168,261,1,NULL,NULL,'2008-12-27','2012-08-30',NULL,NULL,'55.00',0,0,1,0,1,1,NULL,NULL,NULL,NULL,NULL,'--- !ruby/hash:ActiveSupport::HashWithIndifferentAccess\nanschaffungskategorie: AV-Technik\nreference: invoice\numzug: zgeln\nankunftszustand: intakt\n','2012-08-30 01:06:03','2012-08-30 01:06:03',NULL),(277,'l6ul27mlvqr2h9dix27r224','1b:e9:2f:a1:20:b5-51:81:bc:b9:c9:1b-b6:c4:b2:24:5d:fd',274,169,262,2,NULL,NULL,'2008-08-21','2012-08-30',NULL,NULL,'1459.00',0,0,1,0,2,1,NULL,NULL,NULL,NULL,NULL,'--- !ruby/hash:ActiveSupport::HashWithIndifferentAccess\nanschaffungskategorie: AV-Technik\nreference: invoice\numzug: zgeln\nankunftszustand: intakt\n','2012-08-30 01:06:03','2012-08-30 01:06:03',NULL),(278,'j0s59amg33lsjoa0w4n1225','b3:00:df:97:f1:a4-94:7c:ff:68:6d:45-3a:86:97:9f:b6:bc',275,170,263,1,NULL,NULL,'2008-10-02','2012-08-30',NULL,NULL,'663.00',0,0,1,0,2,1,NULL,NULL,NULL,NULL,NULL,'--- !ruby/hash:ActiveSupport::HashWithIndifferentAccess\nanschaffungskategorie: AV-Technik\nreference: invoice\numzug: zgeln\nankunftszustand: intakt\n','2012-08-30 01:06:03','2012-08-30 01:06:03',NULL),(279,'9uh6hvpkv3k9x2w243vh226','05:36:4f:6a:cb:ed-92:2f:60:e7:c6:31-87:ae:4c:cd:95:b3',276,171,264,2,NULL,NULL,'2011-08-13','2012-08-30',NULL,NULL,'1207.00',0,0,1,0,2,1,NULL,NULL,NULL,NULL,NULL,'--- !ruby/hash:ActiveSupport::HashWithIndifferentAccess\nanschaffungskategorie: AV-Technik\nreference: invoice\numzug: zgeln\nankunftszustand: intakt\n','2012-08-30 01:06:03','2012-08-30 01:06:03',NULL),(280,'6u19xf1vrsfzhr041fbi227','8a:8c:89:d2:89:af-08:bd:e8:25:6a:9b-11:37:8a:2a:64:1f',277,172,265,7,NULL,NULL,'2010-09-06','2012-08-30',NULL,NULL,'1419.00',0,0,1,0,1,1,NULL,NULL,NULL,NULL,NULL,'--- !ruby/hash:ActiveSupport::HashWithIndifferentAccess\nanschaffungskategorie: AV-Technik\nreference: invoice\numzug: zgeln\nankunftszustand: intakt\n','2012-08-30 01:06:03','2012-08-30 01:06:03',NULL),(281,'jfnftj93dqm1owhmzxbg228','77:9a:0b:8e:d3:a7-0f:9f:8d:df:18:40-ec:7a:45:04:a2:28',278,173,266,4,NULL,NULL,'2009-05-20','2012-08-30',NULL,NULL,'1480.00',0,0,1,0,1,1,NULL,NULL,NULL,NULL,NULL,'--- !ruby/hash:ActiveSupport::HashWithIndifferentAccess\nanschaffungskategorie: AV-Technik\nreference: invoice\numzug: zgeln\nankunftszustand: intakt\n','2012-08-30 01:06:03','2012-08-30 01:06:03',NULL),(282,'txc2oeyc8mbq8h5cz6vp229','40:e7:25:42:6a:cf-fe:4a:d8:28:06:76-e8:b8:4a:a4:35:0e',279,174,267,5,NULL,NULL,'2010-12-14','2012-08-30',NULL,NULL,'1247.00',0,0,1,0,1,1,NULL,NULL,NULL,NULL,NULL,'--- !ruby/hash:ActiveSupport::HashWithIndifferentAccess\nanschaffungskategorie: AV-Technik\nreference: invoice\numzug: zgeln\nankunftszustand: intakt\n','2012-08-30 01:06:03','2012-08-30 01:06:03',NULL),(283,'81447hc9zdr9rjhdxji5230','59:70:89:f1:28:04-18:4e:c0:0e:10:77-60:a9:33:a1:2c:74',280,175,268,7,NULL,NULL,'2011-08-11','2012-08-30',NULL,NULL,'712.00',0,0,1,0,1,1,NULL,NULL,NULL,NULL,NULL,'--- !ruby/hash:ActiveSupport::HashWithIndifferentAccess\nanschaffungskategorie: AV-Technik\nreference: invoice\numzug: zgeln\nankunftszustand: intakt\n','2012-08-30 01:06:03','2012-08-30 01:06:03',NULL),(284,'g3p6vkjanb13mwrwir5r231','ca:5b:f9:19:9b:84-28:42:1e:02:a0:6c-1b:86:a2:f3:eb:1c',281,176,269,6,NULL,NULL,'2008-05-12','2012-08-30',NULL,NULL,'645.00',0,0,1,0,1,1,NULL,NULL,NULL,NULL,NULL,'--- !ruby/hash:ActiveSupport::HashWithIndifferentAccess\nanschaffungskategorie: AV-Technik\nreference: invoice\numzug: zgeln\nankunftszustand: intakt\n','2012-08-30 01:06:03','2012-08-30 01:06:03',NULL),(285,'6badqgzp92p628xdwe7z232','62:eb:f7:9e:24:6e-40:9d:cd:3a:58:cc-f4:c3:fc:1f:61:c4',282,177,270,1,NULL,NULL,'2008-05-13','2012-08-30',NULL,NULL,'122.00',0,0,1,0,1,1,NULL,NULL,NULL,NULL,NULL,'--- !ruby/hash:ActiveSupport::HashWithIndifferentAccess\nanschaffungskategorie: AV-Technik\nreference: invoice\numzug: zgeln\nankunftszustand: intakt\n','2012-08-30 01:06:03','2012-08-30 01:06:03',NULL),(286,'9ac3c811u2oee4vmbqv6233','85:05:08:71:6e:7a-47:65:0d:48:76:89-d0:d2:c1:0b:3a:97',283,178,271,10,NULL,NULL,'2008-01-03','2012-08-30',NULL,NULL,'675.00',0,0,1,0,1,1,NULL,NULL,NULL,NULL,NULL,'--- !ruby/hash:ActiveSupport::HashWithIndifferentAccess\nanschaffungskategorie: AV-Technik\nreference: invoice\numzug: zgeln\nankunftszustand: intakt\n','2012-08-30 01:06:03','2012-08-30 01:06:03',NULL),(287,'cvvkka2gh31xq9zj6ma3234','36:bb:f9:9f:3c:88-f8:f3:ca:14:c9:34-d7:ff:44:65:af:90',284,179,272,12,NULL,NULL,'2007-08-25','2012-08-30',NULL,NULL,'1131.00',0,0,1,0,1,1,NULL,NULL,NULL,NULL,NULL,'--- !ruby/hash:ActiveSupport::HashWithIndifferentAccess\nanschaffungskategorie: AV-Technik\nreference: invoice\numzug: zgeln\nankunftszustand: intakt\n','2012-08-30 01:06:03','2012-08-30 01:06:03',NULL),(288,'rt6f4hinw6akgm9ao7oz235','e6:15:11:46:8f:c2-a1:d5:f2:9b:5e:c0-c8:35:74:38:00:15',285,180,273,11,NULL,NULL,'2010-04-11','2012-08-30',NULL,NULL,'980.00',0,0,1,0,1,1,NULL,NULL,NULL,NULL,NULL,'--- !ruby/hash:ActiveSupport::HashWithIndifferentAccess\nanschaffungskategorie: AV-Technik\nreference: invoice\numzug: zgeln\nankunftszustand: intakt\n','2012-08-30 01:06:03','2012-08-30 01:06:03',NULL),(289,'78ydw6hn6c3ojwy9ydqq236','50:49:94:81:2b:16-cf:cc:f4:ec:e6:f3-d4:b9:36:42:b1:c2',286,181,274,8,NULL,NULL,'2009-03-01','2012-08-30',NULL,NULL,'557.00',0,0,1,0,1,1,NULL,NULL,NULL,NULL,NULL,'--- !ruby/hash:ActiveSupport::HashWithIndifferentAccess\nanschaffungskategorie: AV-Technik\nreference: invoice\numzug: zgeln\nankunftszustand: intakt\n','2012-08-30 01:06:03','2012-08-30 01:06:03',NULL),(290,'oecx1lpbw66apqwkft3x237','d8:23:88:73:63:dc-e6:17:0b:c3:46:f9-78:a7:2d:94:74:e3',287,182,275,1,NULL,NULL,'2009-10-15','2012-08-30',NULL,NULL,'428.00',0,0,1,0,1,1,NULL,NULL,NULL,NULL,NULL,'--- !ruby/hash:ActiveSupport::HashWithIndifferentAccess\nanschaffungskategorie: AV-Technik\nreference: invoice\numzug: zgeln\nankunftszustand: intakt\n','2012-08-30 01:06:03','2012-08-30 01:06:03',NULL),(291,'tm26kb8x9mzz5x4xzctl238','48:73:af:a2:56:4b-4d:9a:40:48:02:6c-08:fa:51:88:6f:ff',288,183,276,3,NULL,NULL,'2009-02-09','2012-08-30',NULL,NULL,'1400.00',0,0,1,0,1,1,NULL,NULL,NULL,NULL,NULL,'--- !ruby/hash:ActiveSupport::HashWithIndifferentAccess\nanschaffungskategorie: AV-Technik\nreference: invoice\numzug: zgeln\nankunftszustand: intakt\n','2012-08-30 01:06:03','2012-08-30 01:06:03',NULL),(292,'y5wmkus5am8v9l4krms4239','45:48:de:f5:64:ff-46:2a:a5:d8:5c:6f-e7:fd:07:15:b3:55',289,184,277,11,NULL,NULL,'2007-05-29','2012-08-30',NULL,NULL,'1329.00',0,0,1,0,1,1,NULL,NULL,NULL,NULL,NULL,'--- !ruby/hash:ActiveSupport::HashWithIndifferentAccess\nanschaffungskategorie: AV-Technik\nreference: invoice\numzug: zgeln\nankunftszustand: intakt\n','2012-08-30 01:06:03','2012-08-30 01:06:03',NULL),(293,'9r0b84bgxdyvwkvqia4z240','1f:2f:38:c2:a7:42-cb:c2:91:fe:8c:3c-6a:c2:97:00:db:d0',290,185,278,7,NULL,NULL,'2011-10-26','2012-08-30',NULL,NULL,'1454.00',0,0,1,0,1,1,NULL,NULL,NULL,NULL,NULL,'--- !ruby/hash:ActiveSupport::HashWithIndifferentAccess\nanschaffungskategorie: AV-Technik\nreference: invoice\numzug: zgeln\nankunftszustand: intakt\n','2012-08-30 01:06:03','2012-08-30 01:06:03',NULL),(294,'06t8bunadbeo1jh377i6241','1d:44:5e:a2:51:af-ff:9d:9d:c9:8f:e1-1a:4b:00:3b:b1:6a',291,186,279,3,NULL,NULL,'2010-01-23','2012-08-30',NULL,NULL,'1470.00',0,0,1,0,1,1,NULL,NULL,NULL,NULL,NULL,'--- !ruby/hash:ActiveSupport::HashWithIndifferentAccess\nanschaffungskategorie: AV-Technik\nreference: invoice\numzug: zgeln\nankunftszustand: intakt\n','2012-08-30 01:06:03','2012-08-30 01:06:03',NULL),(295,'mrg2grx0k70gz6krsqyo242','5d:39:b7:63:06:6b-98:d1:14:6f:63:46-1a:5d:a3:be:38:ca',292,187,280,6,NULL,NULL,'2009-07-30','2012-08-25',NULL,NULL,'956.00',0,0,1,0,1,1,NULL,NULL,NULL,NULL,NULL,'--- !ruby/hash:ActiveSupport::HashWithIndifferentAccess\nanschaffungskategorie: AV-Technik\nreference: invoice\numzug: zgeln\nankunftszustand: intakt\n','2012-08-25 01:06:03','2012-08-25 01:06:03',NULL),(296,'nnap1laeb9tm7gkxvx1y243','8b:29:8e:4f:d2:47-1b:ac:d3:2f:b2:6c-7c:eb:19:9d:1c:a5',293,188,281,10,NULL,NULL,'2007-09-07','2012-08-25',NULL,NULL,'824.00',0,0,1,0,1,1,NULL,NULL,NULL,NULL,NULL,'--- !ruby/hash:ActiveSupport::HashWithIndifferentAccess\nanschaffungskategorie: AV-Technik\nreference: invoice\numzug: zgeln\nankunftszustand: intakt\n','2012-08-25 01:06:03','2012-08-25 01:06:03',NULL),(297,'qhzkp3w186hou7qdci5r244','4e:9b:d0:62:8f:e3-a4:74:20:e5:b5:61-6a:e9:d4:f6:46:1d',294,189,282,8,NULL,NULL,'2011-07-19','2012-08-25',NULL,NULL,'40.00',0,0,1,0,1,1,NULL,NULL,NULL,NULL,NULL,'--- !ruby/hash:ActiveSupport::HashWithIndifferentAccess\nanschaffungskategorie: AV-Technik\nreference: invoice\numzug: zgeln\nankunftszustand: intakt\n','2012-08-25 01:06:03','2012-08-25 01:06:03',NULL),(298,'6481ckjnhlt6dr4lwmny245','04:e3:93:8c:56:a0-52:66:11:5c:09:d0-2e:57:b6:a7:a7:5b',295,190,283,1,NULL,NULL,'2011-12-31','2012-08-25',NULL,NULL,'325.00',0,0,1,0,1,1,NULL,NULL,NULL,NULL,NULL,'--- !ruby/hash:ActiveSupport::HashWithIndifferentAccess\nanschaffungskategorie: AV-Technik\nreference: invoice\numzug: zgeln\nankunftszustand: intakt\n','2012-08-25 01:06:03','2012-08-25 01:06:03',NULL),(299,'ls9ntpy1k00fxj4vi7xn246','aa:99:a8:47:68:2b-e8:39:c0:c9:9d:8e-4f:dd:92:2f:e5:2e',296,191,284,1,NULL,NULL,'2010-07-10','2012-08-26',NULL,NULL,'1290.00',0,0,1,0,1,1,NULL,NULL,NULL,NULL,NULL,'--- !ruby/hash:ActiveSupport::HashWithIndifferentAccess\nanschaffungskategorie: AV-Technik\nreference: invoice\numzug: zgeln\nankunftszustand: intakt\n','2012-08-26 01:06:03','2012-08-26 01:06:03',NULL),(300,'7a2t69f8chdj6j8117af247','9c:86:94:bd:cf:34-f4:c6:bf:0d:cc:c0-ea:24:ad:4a:0b:f4',297,192,285,9,NULL,NULL,'2010-04-17','2012-08-26',NULL,NULL,'115.00',0,0,1,0,1,1,NULL,NULL,NULL,NULL,NULL,'--- !ruby/hash:ActiveSupport::HashWithIndifferentAccess\nanschaffungskategorie: AV-Technik\nreference: invoice\numzug: zgeln\nankunftszustand: intakt\n','2012-08-26 01:06:03','2012-08-26 01:06:03',NULL),(301,'i8jd6sxd0z70oeh2iw9o248','69:b9:13:3c:76:0f-9a:34:4f:71:45:c6-ae:ef:7c:11:8e:13',298,193,286,3,NULL,NULL,'2009-01-21','2012-08-26',NULL,NULL,'707.00',0,0,1,0,1,1,NULL,NULL,NULL,NULL,NULL,'--- !ruby/hash:ActiveSupport::HashWithIndifferentAccess\nanschaffungskategorie: AV-Technik\nreference: invoice\numzug: zgeln\nankunftszustand: intakt\n','2012-08-26 01:06:03','2012-08-26 01:06:03',NULL);
/*!40000 ALTER TABLE `items` ENABLE KEYS */;
UNLOCK TABLES;

--
-- Table structure for table `languages`
--

DROP TABLE IF EXISTS `languages`;
/*!40101 SET @saved_cs_client     = @@character_set_client */;
/*!40101 SET character_set_client = utf8 */;
CREATE TABLE `languages` (
  `id` int(11) NOT NULL AUTO_INCREMENT,
  `name` varchar(255) COLLATE utf8_unicode_ci DEFAULT NULL,
  `locale_name` varchar(255) COLLATE utf8_unicode_ci DEFAULT NULL,
  `default` tinyint(1) DEFAULT NULL,
  `active` tinyint(1) DEFAULT NULL,
  PRIMARY KEY (`id`),
  UNIQUE KEY `index_languages_on_name` (`name`),
  KEY `index_languages_on_active_and_default` (`active`,`default`)
) ENGINE=InnoDB AUTO_INCREMENT=5 DEFAULT CHARSET=utf8 COLLATE=utf8_unicode_ci;
/*!40101 SET character_set_client = @saved_cs_client */;

--
-- Dumping data for table `languages`
--

LOCK TABLES `languages` WRITE;
/*!40000 ALTER TABLE `languages` DISABLE KEYS */;
INSERT INTO `languages` VALUES (1,'English (UK)','en-GB',1,1),(2,'English (US)','en-US',0,1),(3,'Deutsch','de-CH',0,1),(4,'Zrittsch','gsw-CH',0,1);
/*!40000 ALTER TABLE `languages` ENABLE KEYS */;
UNLOCK TABLES;

--
-- Table structure for table `locations`
--

DROP TABLE IF EXISTS `locations`;
/*!40101 SET @saved_cs_client     = @@character_set_client */;
/*!40101 SET character_set_client = utf8 */;
CREATE TABLE `locations` (
  `id` int(11) NOT NULL AUTO_INCREMENT,
  `room` varchar(255) COLLATE utf8_unicode_ci DEFAULT NULL,
  `shelf` varchar(255) COLLATE utf8_unicode_ci DEFAULT NULL,
  `building_id` int(11) DEFAULT NULL,
  PRIMARY KEY (`id`),
  KEY `index_locations_on_building_id` (`building_id`),
  CONSTRAINT `locations_building_id_fk` FOREIGN KEY (`building_id`) REFERENCES `buildings` (`id`)
) ENGINE=InnoDB AUTO_INCREMENT=194 DEFAULT CHARSET=utf8 COLLATE=utf8_unicode_ci;
/*!40101 SET character_set_client = @saved_cs_client */;

--
-- Dumping data for table `locations`
--

LOCK TABLES `locations` WRITE;
/*!40000 ALTER TABLE `locations` DISABLE KEYS */;
INSERT INTO `locations` VALUES (1,'SQ2','Desk',1),(2,'UG 13','Ausgabe',1),(3,'Veroaliquid','inet',2),(4,'Veroducimus','eaquecupiditate',3),(5,'Iustoaut','maioresvero',4),(6,'Ducimussuscipit','eiusqui',5),(7,'Autet','utsit',6),(8,'Consequaturfacilis','quiaautem',7),(9,'Etvelit','inventorerepudiandae',8),(10,'Exercitationemvero','utsed',9),(11,'Utaut','utofficia',10),(12,'Temporaest','delectusdolore',11),(13,'Rerumblanditiis','illumqui',12),(14,'Velitconsequatur','eosmagni',13),(15,'Namexcepturi','laboriosamvelit',14),(16,'Culpaconsequatur','dolorenisi',15),(17,'Oditblanditiis','beataepossimus',16),(18,'Nesciuntdoloremque','quaevero',17),(19,'Errorbeatae','molestiaefugiat',18),(20,'Utid','velqui',19),(21,'Pariaturvoluptatem','nesciuntpraesentium',20),(22,'Vitaereiciendis','omnisaut',21),(23,'Delectusconsectetur','namet',22),(24,'Velitanimi','hicfacere',23),(25,'Eummagni','estab',24),(26,'Sitnon','quinihil',25),(27,'Perferendisofficia','enimquis',26),(28,'Namqui','voluptatemest',27),(29,'Quiavel','quiadipisci',28),(30,'Mollitiamagnam','nihilvoluptates',29),(31,'Optioodit','suntquo',30),(32,'Eteum','maioresminus',31),(33,'Quiaest','hicet',32),(34,'Rationeut','autnon',33),(35,'Voluptateodio','eumsint',34),(36,'Molestiasesse','optiodoloribus',35),(37,'Utaliquid','itaquedignissimos',36),(38,'Enimipsa','adnon',37),(39,'Velvoluptatem','sapientevel',38),(40,'Laborumdolorem','nonporro',39),(41,'Cumvelit','beataequis',40),(42,'Quodolorem','quiaest',41),(43,'Expeditanihil','estmolestiae',42),(44,'Optioquam','quout',43),(45,'Etvoluptas','laboriosamomnis',44),(46,'Quosaepe','veroplaceat',45),(47,'Etvel','fugitreprehenderit',46),(48,'Etnihil','voluptatumvel',47),(49,'Autvelit','optioiure',48),(50,'Adfacilis','inventoreiure',49),(51,'Eumdolor','temporaodit',50),(52,'Ametet','omnisaperiam',51),(53,'Omnisaliquid','reiciendissed',52),(54,'Aliquamid','ablaborum',53),(55,'Possimussunt','harumdolorem',54),(56,'Autillo','voluptatemquia',55),(57,'Utaspernatur','etquis',56),(58,'Corruptiquaerat','laborumplaceat',57),(59,'Abquasi','exercitationemquia',58),(60,'Accusantiumnulla','adconsequuntur',59),(61,'Etratione','autplaceat',60),(62,'Nonquisquam','auteos',61),(63,'Dictadolor','corruptipossimus',62),(64,'Autemqui','ideum',63),(65,'Beataefugiat','pariaturperspiciatis',64),(66,'Velitquasi','quirem',65),(67,'Aculpa','explicabout',66),(68,'Molestiasaccusantium','undesaepe',67),(69,'Errorhic','eumconsequuntur',68),(70,'Consequaturid','nobisaccusantium',69),(71,'Ipsamsit','nulladeleniti',70),(72,'Eaex','providentconsectetur',71),(73,'Etminus','etaut',72),(74,'Nonquam','minustemporibus',73),(75,'Excepturised','odioquasi',74),(76,'Occaecatisit','teneturdolores',75),(77,'Dolorumnostrum','sedab',76),(78,'Quilaboriosam','veritatisofficiis',77),(79,'Etexplicabo','nihilquaerat',78),(80,'Quiaperiam','asperioresassumenda',79),(81,'Doloromnis','enimnon',80),(82,'Doloribusquia','voluptatumquisquam',81),(83,'Nobisanimi','iustoaliquam',82),(84,'Magnamconsequatur','voluptatemvoluptates',83),(85,'Pariaturdolor','etaliquam',84),(86,'Voluptasa','possimuscumque',85),(87,'Eosipsa','laboriosamqui',86),(88,'Velrecusandae','molestiaeeius',87),(89,'Aperiamquia','nemout',88),(90,'Veroconsectetur','velitrerum',89),(91,'Temporibustempora','iuredolorum',90),(92,'Necessitatibusex','quiaet',91),(93,'Dictadeleniti','harumeaque',92),(94,'Quidemenim','enimet',93),(95,'Earumodio','velitdebitis',94),(96,'Quisvero','velfugiat',95),(97,'Quamlaudantium','voluptateneque',96),(98,'Nihilassumenda','iureconsequuntur',97),(99,'Optioquibusdam','verout',98),(100,'Nesciuntenim','quosqui',99),(101,'Sedut','occaecatiet',100),(102,'Voluptatemet','enimsint',101),(103,'Dignissimosnon','quosveniam',102),(104,'Atiste','maximevel',103),(105,'Officiaperferendis','quisquamanimi',104),(106,'Nihilsoluta','expeditaaliquid',105),(107,'Voluptatemaliquam','eumautem',106),(108,'Utet','abautem',107),(109,'Nisifacilis','mollitiaodit',108),(110,'Voluptatemrerum','idsunt',109),(111,'Facerevero','earumquia',110),(112,'Cupiditaterepudiandae','quiamollitia',111),(113,'Magnamquia','expeditaut',112),(114,'Idcum','modialiquam',113),(115,'Deserunttempore','inquibusdam',114),(116,'Temporibusad','optiohic',115),(117,'Nonquibusdam','utnesciunt',116),(118,'Fugiatpossimus','rerumitaque',117),(119,'Quostotam','enimlaudantium',118),(120,'Quiset','quodmolestiae',119),(121,'Quasidolore','etut',120),(122,'Eumenim','asperioresdicta',121),(123,'Erroret','quisquamdeserunt',122),(124,'Inreiciendis','veniamaut',123),(125,'Fugaaut','quovoluptates',124),(126,'Architectomodi','accusantiumexcepturi',125),(127,'Repellendusquasi','idut',126),(128,'Utnon','modivoluptas',127),(129,'Etfacere','culpafugit',128),(130,'Veromaxime','quiaut',129),(131,'Minusquaerat','suscipitdolor',130),(132,'Quianobis','esteius',131),(133,'Inaccusantium','architectoquia',132),(134,'Consequunturipsum','eligendirerum',133),(135,'Harumipsum','utreprehenderit',134),(136,'Uttempora','utmaxime',135),(137,'Autveniam','autdoloribus',136),(138,'Ipsumplaceat','eumsit',137),(139,'Autab','molestiaecumque',138),(140,'Doloremqueid','sitarchitecto',139),(141,'Distinctioveniam','temporibusaut',140),(142,'Voluptatumut','veliteaque',141),(143,'Veniamvoluptate','suntnon',142),(144,'Adipiscidistinctio','expeditaeveniet',143),(145,'Consequaturvoluptatem','culpasaepe',144),(146,'Necessitatibusfacere','quienim',145),(147,'Dolorequos','quiavoluptas',146),(148,'Ducimusplaceat','voluptatemporro',147),(149,'Delectuset','etenim',148),(150,'Distinctiout','dignissimosaut',149),(151,'Perferendisrerum','quasiaspernatur',150),(152,'Sitautem','velsed',151),(153,'Doloreconsequatur','minussapiente',152),(154,'Voluptatibusid','quisit',153),(155,'Iustovoluptas','totamquia',154),(156,'Culparerum','quiquia',155),(157,'Impeditdelectus','molestiasimpedit',156),(158,'Quisest','natusodit',157),(159,'Estdebitis','delenitierror',158),(160,'Etexplicabo','etest',159),(161,'Quilaboriosam','nonconsequatur',160),(162,'Sitnostrum','exrerum',161),(163,'Illumincidunt','quirepellendus',162),(164,'Aperiamdeserunt','temporaesse',163),(165,'Quamminus','rerumullam',164),(166,'Molestiaevel','suntassumenda',165),(167,'Similiqueaut','nonodit',166),(168,'Sequifacilis','minimaex',167),(169,'Voluptasdelectus','suntunde',168),(170,'Laborefugit','enimvoluptatum',169),(171,'Earummolestiae','magniexpedita',170),(172,'Veliteligendi','autaut',171),(173,'Etdolor','doloresvoluptatem',172),(174,'Utfuga','delectusfugit',173),(175,'Assumendaet','voluptatesminima',174),(176,'Seddolorem','nihilea',175),(177,'Rerumqui','sedenim',176),(178,'Natusearum','utrepellat',177),(179,'Sitdolores','nemovoluptatum',178),(180,'Siteum','explicabovoluptas',179),(181,'Eaqueexplicabo','solutavero',180),(182,'Distinctiodicta','utaut',181),(183,'Voluptasomnis','eumexpedita',182),(184,'Ametquibusdam','etadipisci',183),(185,'Utsapiente','voluptasdolorem',184),(186,'Namcorporis','necessitatibussed',185),(187,'Illovelit','autin',186),(188,'Atharum','voluptatumsit',187),(189,'Voluptatesdistinctio','quodvoluptates',188),(190,'Commodiunde','aliquidtempora',189),(191,'Nequedolorem','estsit',190),(192,'Utqui','atqueest',191),(193,'Nihildignissimos','quaeet',192);
/*!40000 ALTER TABLE `locations` ENABLE KEYS */;
UNLOCK TABLES;

--
-- Table structure for table `mail_templates`
--

DROP TABLE IF EXISTS `mail_templates`;
/*!40101 SET @saved_cs_client     = @@character_set_client */;
/*!40101 SET character_set_client = utf8 */;
CREATE TABLE `mail_templates` (
  `id` int(11) NOT NULL AUTO_INCREMENT,
  `inventory_pool_id` int(11) DEFAULT NULL,
  `language_id` int(11) DEFAULT NULL,
  `name` varchar(255) COLLATE utf8_unicode_ci DEFAULT NULL,
  `format` varchar(255) COLLATE utf8_unicode_ci DEFAULT NULL,
  `body` text COLLATE utf8_unicode_ci,
  PRIMARY KEY (`id`)
) ENGINE=InnoDB DEFAULT CHARSET=utf8 COLLATE=utf8_unicode_ci;
/*!40101 SET character_set_client = @saved_cs_client */;

--
-- Dumping data for table `mail_templates`
--

LOCK TABLES `mail_templates` WRITE;
/*!40000 ALTER TABLE `mail_templates` DISABLE KEYS */;
/*!40000 ALTER TABLE `mail_templates` ENABLE KEYS */;
UNLOCK TABLES;

--
-- Table structure for table `model_group_links`
--

DROP TABLE IF EXISTS `model_group_links`;
/*!40101 SET @saved_cs_client     = @@character_set_client */;
/*!40101 SET character_set_client = utf8 */;
CREATE TABLE `model_group_links` (
  `id` int(11) NOT NULL AUTO_INCREMENT,
  `ancestor_id` int(11) DEFAULT NULL,
  `descendant_id` int(11) DEFAULT NULL,
  `direct` tinyint(1) DEFAULT NULL,
  `count` int(11) DEFAULT NULL,
  `label` varchar(255) COLLATE utf8_unicode_ci DEFAULT NULL,
  PRIMARY KEY (`id`),
  KEY `index_model_group_links_on_ancestor_id` (`ancestor_id`),
  KEY `index_model_group_links_on_direct` (`direct`),
  KEY `index_on_descendant_id_and_ancestor_id_and_direct` (`descendant_id`,`ancestor_id`,`direct`),
  CONSTRAINT `model_group_links_descendant_id_fk` FOREIGN KEY (`descendant_id`) REFERENCES `model_groups` (`id`) ON DELETE CASCADE,
  CONSTRAINT `model_group_links_ancestor_id_fk` FOREIGN KEY (`ancestor_id`) REFERENCES `model_groups` (`id`) ON DELETE CASCADE
) ENGINE=InnoDB AUTO_INCREMENT=9 DEFAULT CHARSET=utf8 COLLATE=utf8_unicode_ci;
/*!40101 SET character_set_client = @saved_cs_client */;

--
-- Dumping data for table `model_group_links`
--

LOCK TABLES `model_group_links` WRITE;
/*!40000 ALTER TABLE `model_group_links` DISABLE KEYS */;
INSERT INTO `model_group_links` VALUES (1,2,8,1,1,NULL),(2,5,9,1,1,NULL),(3,1,9,1,1,NULL),(4,2,10,1,1,NULL),(5,5,10,1,1,NULL),(6,1,11,0,1,NULL),(7,5,11,0,1,NULL),(8,9,11,1,1,NULL);
/*!40000 ALTER TABLE `model_group_links` ENABLE KEYS */;
UNLOCK TABLES;

--
-- Table structure for table `model_groups`
--

DROP TABLE IF EXISTS `model_groups`;
/*!40101 SET @saved_cs_client     = @@character_set_client */;
/*!40101 SET character_set_client = utf8 */;
CREATE TABLE `model_groups` (
  `id` int(11) NOT NULL AUTO_INCREMENT,
  `type` varchar(255) COLLATE utf8_unicode_ci DEFAULT NULL,
  `name` varchar(255) COLLATE utf8_unicode_ci DEFAULT NULL,
  `created_at` datetime DEFAULT NULL,
  `updated_at` datetime DEFAULT NULL,
  PRIMARY KEY (`id`),
  KEY `index_model_groups_on_type` (`type`)
) ENGINE=InnoDB AUTO_INCREMENT=15 DEFAULT CHARSET=utf8 COLLATE=utf8_unicode_ci;
/*!40101 SET character_set_client = @saved_cs_client */;

--
-- Dumping data for table `model_groups`
--

LOCK TABLES `model_groups` WRITE;
/*!40000 ALTER TABLE `model_groups` DISABLE KEYS */;
INSERT INTO `model_groups` VALUES (1,'Category','Beamer','2012-08-30 01:06:03','2012-08-30 01:06:03'),(2,'Category','Kameras','2012-08-30 01:06:03','2012-08-30 01:06:03'),(3,'Category','Stative','2012-08-30 01:06:03','2012-08-30 01:06:03'),(4,'Category','Hifi-Anlagen','2012-08-30 01:06:03','2012-08-30 01:06:03'),(5,'Category','Notebooks','2012-08-30 01:06:03','2012-08-30 01:06:03'),(6,'Category','RC Helikopter','2012-08-30 01:06:03','2012-08-30 01:06:03'),(7,'Category','Computer','2012-08-30 01:06:03','2012-08-30 01:06:03'),(8,'Category','Kurzdistanz','2012-08-30 01:06:03','2012-08-30 01:06:03'),(9,'Category','Portabel','2012-08-30 01:06:03','2012-08-30 01:06:03'),(10,'Category','Standard','2012-08-30 01:06:03','2012-08-30 01:06:03'),(11,'Category','Micro','2012-08-30 01:06:03','2012-08-30 01:06:03'),(12,'Template','Kamera & Stativ','2012-08-30 01:06:03','2012-08-30 01:06:03'),(13,'Template','Beamer & Hifi','2012-08-30 01:06:03','2012-08-30 01:06:03'),(14,'Template','Unaccomplishable template','2012-08-30 01:06:03','2012-08-30 01:06:03');
/*!40000 ALTER TABLE `model_groups` ENABLE KEYS */;
UNLOCK TABLES;

--
-- Table structure for table `model_links`
--

DROP TABLE IF EXISTS `model_links`;
/*!40101 SET @saved_cs_client     = @@character_set_client */;
/*!40101 SET character_set_client = utf8 */;
CREATE TABLE `model_links` (
  `id` int(11) NOT NULL AUTO_INCREMENT,
  `model_group_id` int(11) DEFAULT NULL,
  `model_id` int(11) DEFAULT NULL,
  `quantity` int(11) DEFAULT '1',
  PRIMARY KEY (`id`),
  KEY `index_model_links_on_model_id_and_model_group_id` (`model_id`,`model_group_id`),
  KEY `index_model_links_on_model_group_id_and_model_id` (`model_group_id`,`model_id`),
  CONSTRAINT `model_links_model_id_fk` FOREIGN KEY (`model_id`) REFERENCES `models` (`id`) ON DELETE CASCADE,
  CONSTRAINT `model_links_model_group_id_fk` FOREIGN KEY (`model_group_id`) REFERENCES `model_groups` (`id`) ON DELETE CASCADE
) ENGINE=InnoDB AUTO_INCREMENT=74 DEFAULT CHARSET=utf8 COLLATE=utf8_unicode_ci;
/*!40101 SET character_set_client = @saved_cs_client */;

--
-- Dumping data for table `model_links`
--

LOCK TABLES `model_links` WRITE;
/*!40000 ALTER TABLE `model_links` DISABLE KEYS */;
INSERT INTO `model_links` VALUES (1,1,24,1),(2,1,25,1),(3,1,26,1),(4,1,27,1),(5,1,28,1),(6,1,29,1),(7,1,30,1),(8,1,31,1),(9,1,32,1),(10,1,33,1),(11,1,34,1),(12,1,35,1),(13,1,36,1),(14,1,37,1),(15,1,38,1),(16,1,39,1),(17,1,40,1),(18,1,41,1),(19,1,42,1),(20,1,43,1),(21,2,44,1),(22,2,45,1),(23,2,46,1),(24,2,47,1),(25,2,48,1),(26,2,49,1),(27,2,50,1),(28,2,51,1),(29,2,52,1),(30,2,53,1),(31,2,54,1),(32,2,55,1),(33,2,56,1),(34,2,57,1),(35,2,58,1),(36,2,59,1),(37,2,60,1),(38,2,61,1),(39,2,62,1),(40,2,63,1),(41,2,64,1),(42,2,65,1),(43,2,66,1),(44,2,67,1),(45,2,68,1),(46,2,69,1),(47,2,70,1),(48,2,71,1),(49,2,72,1),(50,2,73,1),(51,5,1,1),(52,1,2,1),(53,9,2,1),(54,1,3,1),(55,1,4,1),(56,1,6,1),(57,9,6,1),(58,11,7,1),(59,2,8,1),(60,3,9,1),(61,4,10,1),(62,2,13,1),(63,5,14,1),(64,6,15,1),(65,6,16,1),(66,6,17,1),(67,7,18,1),(68,12,8,1),(69,12,9,1),(70,13,2,1),(71,13,10,1),(72,14,8,1),(73,14,9,1);
/*!40000 ALTER TABLE `model_links` ENABLE KEYS */;
UNLOCK TABLES;

--
-- Table structure for table `models`
--

DROP TABLE IF EXISTS `models`;
/*!40101 SET @saved_cs_client     = @@character_set_client */;
/*!40101 SET character_set_client = utf8 */;
CREATE TABLE `models` (
  `id` int(11) NOT NULL AUTO_INCREMENT,
  `type` varchar(255) COLLATE utf8_unicode_ci NOT NULL DEFAULT 'Model',
  `manufacturer` varchar(255) COLLATE utf8_unicode_ci DEFAULT NULL,
  `product` varchar(255) COLLATE utf8_unicode_ci NOT NULL,
  `version` varchar(255) COLLATE utf8_unicode_ci DEFAULT NULL,
  `description` text COLLATE utf8_unicode_ci,
  `internal_description` text COLLATE utf8_unicode_ci,
  `info_url` varchar(255) COLLATE utf8_unicode_ci DEFAULT NULL,
  `rental_price` decimal(8,2) DEFAULT NULL,
  `maintenance_period` int(11) DEFAULT '0',
  `is_package` tinyint(1) DEFAULT '0',
  `technical_detail` text COLLATE utf8_unicode_ci,
  `hand_over_note` text COLLATE utf8_unicode_ci,
  `created_at` datetime DEFAULT NULL,
  `updated_at` datetime DEFAULT NULL,
  PRIMARY KEY (`id`),
  KEY `index_models_on_is_package` (`is_package`),
  KEY `index_models_on_type` (`type`)
) ENGINE=InnoDB AUTO_INCREMENT=299 DEFAULT CHARSET=utf8 COLLATE=utf8_unicode_ci;
/*!40101 SET character_set_client = @saved_cs_client */;

--
-- Dumping data for table `models`
--

LOCK TABLES `models` WRITE;
/*!40000 ALTER TABLE `models` DISABLE KEYS */;
INSERT INTO `models` VALUES (1,'Model','Apple','MacBookPro',NULL,'Laptop fr Studis und Angestellte.','Consequatur nostrum non ipsam doloremque eum deleniti.',NULL,NULL,0,0,'Ratione doloribus quis blanditiis soluta nobis cupiditate est.','Mit Verpackung aushndigen.','2012-08-30 01:06:03','2012-08-30 01:06:03'),(2,'Model','Sharp','Sharp Beamer','123','Beamer, geeignet fr alle Verwendungszwecke.','Ab reiciendis officiis voluptates aperiam.',NULL,NULL,0,0,'Id sapiente voluptates excepturi.','Beamer braucht ein VGA Kabel!','2012-08-30 01:06:03','2012-08-30 01:06:03'),(3,'Model','Sharp','Sharp Beamer 2D',NULL,'Beamer, geeignet fr alle Verwendungszwecke.','Labore delectus consectetur ea aut consequatur dolores.',NULL,NULL,0,0,'Nobis nam sint repellat porro.','Dolor magnam eos est inventore.','2012-08-30 01:06:03','2012-08-30 01:06:03'),(4,'Model','Panasonic','Mini Beamer',NULL,'Beamer, geeignet fr alle Verwendungszwecke.','Animi neque sapiente possimus ut aut voluptatem minus.',NULL,NULL,0,0,'Earum consequatur omnis quia nostrum nihil.','Nostrum distinctio neque et.','2012-08-30 01:06:03','2012-08-30 01:06:03'),(5,'Model','Panasonic','Sharp Beamer','456','Beamer, geeignet fr alle Verwendungszwecke.','Dolor impedit natus dicta praesentium.',NULL,NULL,0,0,'Ut aut nobis itaque mollitia veniam fuga.','Beamer braucht ein VGA Kabel!','2012-08-30 01:06:03','2012-08-30 01:06:03'),(6,'Model','Sony','Ultra Compact Beamer',NULL,'Besonders kleiner Beamer.','Vel aut maxime non.',NULL,NULL,0,0,'Tempore dolores et sint veniam quasi laborum temporibus delectus.','Beamer braucht ein VGA Kabel!','2012-08-30 01:06:03','2012-08-30 01:06:03'),(7,'Model','Micro','Micro Beamer',NULL,'Besonders mikro kleiner Beamer.','Pariatur ut qui aliquid ad ut corporis expedita quos.',NULL,NULL,0,0,'Est corporis laborum quod cum veritatis quas.','Beamer braucht ein VGA Kabel!','2012-08-30 01:06:03','2012-08-30 01:06:03'),(8,'Model','Nikon','Kamera Nikon','X12','Super Kamera.','Ut ad est et voluptatibus.',NULL,NULL,0,0,'Modi assumenda magnam pariatur et voluptatibus.','Kamera braucht Akkus!','2012-08-30 01:06:03','2012-08-30 01:06:03'),(9,'Model','Feli','Kamera Stativ','123','Stabiles Kamera Stativ','Est debitis magni reiciendis.',NULL,NULL,0,0,'Provident est iure similique architecto eos qui rerum.','Stativ muss mit Stativtasche ausgehndigt werden.','2012-08-30 01:06:03','2012-08-30 01:06:03'),(10,'Model','Sony','Hifi Standard',NULL,'Rerum qui eos quia minus corrupti.','Provident accusamus deserunt odio ea ratione minima et.',NULL,NULL,3,0,'Totam esse rerum dolores dolorem voluptatum dicta maxime.','Qui id quia dolores.','2012-08-30 01:06:03','2012-08-30 01:06:03'),(11,'Model','Bose','Bose AE2W',NULL,'Nihil quo laborum. Soluta accusamus eligendi ipsa incidunt. Libero vero quis cumque ipsam et. Vero optio ex maiores ut molestiae sed doloribus.','Error enim fugiat ipsam.',NULL,NULL,2,0,'Non quia sapiente rerum et rerum autem doloribus.','Eveniet sed suscipit aut et doloribus debitis ut illo.','2012-08-30 01:06:03','2012-08-30 01:06:03'),(12,'Model','Bose','Bose XG4',NULL,'Blanditiis sunt cumque modi iusto commodi. Tenetur ut ex et animi vel debitis qui. Quo et asperiores sint a consectetur. Sed ea sit.','Voluptas sit a et architecto atque nesciunt earum.',NULL,NULL,1,0,'Repellendus aut velit voluptatibus minima non at.','Aperiam dolorum molestias quos inventore molestiae.','2012-08-30 01:06:03','2012-08-30 01:06:03'),(13,'Model','Canon','Kamera Canon D5',NULL,'Ganz teure Kamera','Quaerat et quo officia et praesentium repudiandae alias distinctio.',NULL,NULL,0,0,'Et eum error facilis praesentium rem.','Kamera braucht Akkus!','2012-08-30 01:06:03','2012-08-30 01:06:03'),(14,'Model','Microsoft','Windows Laptop',NULL,'Ein Laptop der Marke Microsoft','Quaerat nihil quae nesciunt fugiat nisi laborum reiciendis.',NULL,NULL,0,0,'Labore dolorum sit maiores at magnam.','Laptop mit Tasche ausgeben','2012-08-30 01:06:03','2012-08-30 01:06:03'),(15,'Model','Walkera','Walkera v120','1G','3D Helikopter','Quia optio est ipsa eum.',NULL,NULL,0,0,'Facilis consequatur velit nihil et laboriosam et.','Aut tempora ad tenetur fugit quam culpa.','2012-08-30 01:06:03','2012-08-30 01:06:03'),(16,'Model','Walkera','Walkera v120','2G','3D Helikopter','Omnis suscipit et nostrum sint quisquam dolorum aut.',NULL,NULL,0,0,'Quod sunt veritatis consectetur quas aut.','Autem earum ratione ex qui qui exercitationem ab aliquam.','2012-08-30 01:06:03','2012-08-30 01:06:03'),(17,'Model','Walkera','Walkera v120','3G','3D Helikopter','Eligendi itaque aut aut ipsum nisi dolorum.',NULL,NULL,0,0,'Quia et molestias totam iure fugiat.','Sed quod ipsa dolorem.','2012-08-30 01:06:03','2012-08-30 01:06:03'),(18,'Model','Apple','iMac',NULL,'Apples alter iMac','Qui est ea consequatur et ut facilis ut debitis.',NULL,NULL,0,0,'Voluptate aut voluptas exercitationem excepturi.','Architecto assumenda quis error voluptas eaque dolor voluptatibus provident.','2012-08-30 01:06:03','2012-08-30 01:06:03'),(19,'Model','Apple','MacBook Air',NULL,'Nam sapiente cumque placeat ut.','Ut tempore ipsa distinctio assumenda eveniet ab laudantium optio.',NULL,NULL,0,0,'Reprehenderit sunt voluptas perferendis animi est et voluptatem.','Dolor voluptatibus dicta quisquam quas et.','2012-08-30 01:06:03','2012-08-30 01:06:03'),(20,'Model','Lenovo','Thinkpad','X230','Iure temporibus et eveniet vel et omnis dolores sed.','Asperiores vel hic labore officia accusamus iusto.',NULL,NULL,0,0,'Nulla architecto hic eligendi dolores vero.','Nobis accusantium at quia beatae porro et rem omnis.','2012-08-30 01:06:03','2012-08-30 01:06:03'),(21,'Model','Lenovo','Thinkpad','X301','Minus et tempora quisquam est.','Cum explicabo odio quo.',NULL,NULL,0,0,'Deleniti aspernatur molestiae ea consequuntur nobis.','Facilis alias ullam sed.','2012-08-30 01:06:03','2012-08-30 01:06:03'),(22,'Model','Lenovo','Thinkpad','Carbon','Eligendi sed ea in rerum atque voluptatem.','Et et est quos sed itaque est atque.',NULL,NULL,0,0,'Dolores libero deserunt fugiat molestiae neque qui pariatur et.','Sequi est voluptate nostrum odio possimus ipsam.','2012-08-30 01:06:03','2012-08-30 01:06:03'),(23,'Model','Dell','Inspiron','7000','Ut nihil et nihil vitae laborum quaerat.','Quae incidunt ipsam voluptatum voluptatibus nulla.',NULL,NULL,0,0,'Alias et animi nostrum dolore iure.','Repellat amet omnis deleniti aut consequatur eum nobis excepturi.','2012-08-30 01:06:03','2012-08-30 01:06:03'),(24,'Model','Sony','Beamer 1 laboriosam','1','Accusamus quis doloribus ducimus et et.','Non doloribus eos dolores ab.',NULL,NULL,0,0,'Laborum quis numquam asperiores sit itaque omnis commodi.','Beamer braucht ein VGA Kabel!','2012-08-30 01:06:03','2012-08-30 01:06:03'),(25,'Model','Sony','Beamer 2 quia','2','Ex rerum voluptate ducimus ut.','Enim aut aut veniam qui iste.',NULL,NULL,0,0,'Ad perspiciatis atque vero.','Beamer braucht ein VGA Kabel!','2012-08-30 01:06:03','2012-08-30 01:06:03'),(26,'Model','Sony','Beamer 3 non','3','Eius deserunt molestias et aut velit blanditiis incidunt.','Et rerum nostrum voluptas magnam eos.',NULL,NULL,0,0,'Iusto fugiat dolore voluptatibus qui voluptas.','Beamer braucht ein VGA Kabel!','2012-08-30 01:06:03','2012-08-30 01:06:03'),(27,'Model','Sony','Beamer 4 enim','4','Vel aliquid in aut ut voluptatum ea.','Deserunt sint possimus quasi quaerat rerum.',NULL,NULL,0,0,'Illo quo magnam voluptatum.','Beamer braucht ein VGA Kabel!','2012-08-30 01:06:03','2012-08-30 01:06:03'),(28,'Model','Sony','Beamer 5 quia','5','Laboriosam et reprehenderit deleniti temporibus aut tempora.','Odit dolor voluptatibus voluptatem quidem illo inventore error sed.',NULL,NULL,0,0,'Ut et totam modi consequatur.','Beamer braucht ein VGA Kabel!','2012-08-30 01:06:03','2012-08-30 01:06:03'),(29,'Model','Sony','Beamer 6 similique','6','Et ut maxime quasi magnam at ut harum.','Numquam at voluptatibus et sit.',NULL,NULL,0,0,'Qui non id reprehenderit ut quis saepe molestiae.','Beamer braucht ein VGA Kabel!','2012-08-30 01:06:03','2012-08-30 01:06:03'),(30,'Model','Sony','Beamer 7 modi','7','Vel adipisci dignissimos cum nihil quo laboriosam illo explicabo.','Enim commodi unde voluptatum.',NULL,NULL,0,0,'A ea aut accusantium nisi et.','Beamer braucht ein VGA Kabel!','2012-08-30 01:06:03','2012-08-30 01:06:03'),(31,'Model','Sony','Beamer 8 maiores','8','Dolorum quibusdam expedita voluptatem.','Et quasi quia facere pariatur molestias.',NULL,NULL,0,0,'Laboriosam id asperiores fuga.','Beamer braucht ein VGA Kabel!','2012-08-30 01:06:03','2012-08-30 01:06:03'),(32,'Model','Sony','Beamer 9 magnam','9','Velit est est laboriosam sequi quia et.','Exercitationem quis provident et et voluptates.',NULL,NULL,0,0,'Autem reiciendis nihil dolorem aut sit nostrum.','Beamer braucht ein VGA Kabel!','2012-08-30 01:06:03','2012-08-30 01:06:03'),(33,'Model','Sony','Beamer 10 voluptatem','10','Velit aperiam explicabo et rem repellat.','Iure cumque ea doloribus qui inventore aut.',NULL,NULL,0,0,'Iure maiores repellat iste tenetur incidunt.','Beamer braucht ein VGA Kabel!','2012-08-30 01:06:03','2012-08-30 01:06:03'),(34,'Model','Sony','Beamer 11 a','11','Aut voluptas ducimus eaque neque nobis corrupti.','Perspiciatis quod et repellendus quia quis.',NULL,NULL,0,0,'Ipsam nemo autem et at impedit quae aliquam.','Beamer braucht ein VGA Kabel!','2012-08-30 01:06:03','2012-08-30 01:06:03'),(35,'Model','Sony','Beamer 12 iure','12','Et rerum sit consequatur iure quia quasi ut.','Aut odio deleniti omnis saepe sint.',NULL,NULL,0,0,'Suscipit dolorem distinctio mollitia pariatur ratione aliquid blanditiis.','Beamer braucht ein VGA Kabel!','2012-08-30 01:06:03','2012-08-30 01:06:03'),(36,'Model','Sony','Beamer 13 asperiores','13','Quis nam dolorem vel unde.','Et illo et atque alias est voluptatum dolores.',NULL,NULL,0,0,'Molestiae odit in est.','Beamer braucht ein VGA Kabel!','2012-08-30 01:06:03','2012-08-30 01:06:03'),(37,'Model','Sony','Beamer 14 doloremque','14','Illo sit consectetur dolores adipisci nam.','Est et voluptatem exercitationem sint qui maxime eveniet.',NULL,NULL,0,0,'Quis et voluptate sunt molestias ratione officiis.','Beamer braucht ein VGA Kabel!','2012-08-30 01:06:03','2012-08-30 01:06:03'),(38,'Model','Sony','Beamer 15 et','15','Eos assumenda est similique sint magnam consequuntur dignissimos aut.','Deleniti repellat omnis consequatur quibusdam voluptatem ut cumque.',NULL,NULL,0,0,'Voluptas odit ipsam dolores quasi beatae consequatur labore.','Beamer braucht ein VGA Kabel!','2012-08-30 01:06:03','2012-08-30 01:06:03'),(39,'Model','Sony','Beamer 16 porro','16','Qui earum repudiandae eos quam et tempora architecto accusantium.','Fugiat consequuntur eligendi voluptas commodi.',NULL,NULL,0,0,'Provident libero esse deserunt est.','Beamer braucht ein VGA Kabel!','2012-08-30 01:06:03','2012-08-30 01:06:03'),(40,'Model','Sony','Beamer 17 reprehenderit','17','Officiis qui voluptas alias omnis iure.','Beatae sint in numquam sequi.',NULL,NULL,0,0,'Vitae et placeat saepe voluptatem.','Beamer braucht ein VGA Kabel!','2012-08-30 01:06:03','2012-08-30 01:06:03'),(41,'Model','Sony','Beamer 18 et','18','Quia commodi est maxime.','Id qui explicabo facilis dolore ipsam voluptatum alias.',NULL,NULL,0,0,'Sequi id rerum et qui.','Beamer braucht ein VGA Kabel!','2012-08-30 01:06:03','2012-08-30 01:06:03'),(42,'Model','Sony','Beamer 19 eos','19','Dolorum cum perspiciatis nihil culpa ullam.','Et amet nostrum quam fugiat omnis ab sit occaecati.',NULL,NULL,0,0,'Hic eos excepturi odit tenetur expedita omnis.','Beamer braucht ein VGA Kabel!','2012-08-30 01:06:03','2012-08-30 01:06:03'),(43,'Model','Sony','Beamer 20 reiciendis','20','Vel adipisci provident eum sit est deserunt.','Aut nihil voluptatem facere autem.',NULL,NULL,0,0,'Tempora quo repellat itaque similique error ab nostrum est.','Beamer braucht ein VGA Kabel!','2012-08-30 01:06:03','2012-08-30 01:06:03'),(44,'Model','Nikon','Kameras 1 veritatis','21','Ut labore necessitatibus animi eveniet temporibus eaque eum.','Quasi vitae ipsum velit iure ad nulla.',NULL,NULL,0,0,'Nam cumque quae dignissimos voluptatem.',NULL,'2012-08-30 01:06:03','2012-08-30 01:06:03'),(45,'Model','Nikon','Kameras 2 sit','22','Dolores adipisci ea et quibusdam est non.','Tenetur sit recusandae quo a.',NULL,NULL,0,0,'Ratione perspiciatis nesciunt aliquid totam.',NULL,'2012-08-30 01:06:03','2012-08-30 01:06:03'),(46,'Model','Nikon','Kameras 3 sed','23','Debitis ut quasi rem saepe.','Aut occaecati harum omnis eum vitae voluptatem veritatis.',NULL,NULL,0,0,'Et aut mollitia cupiditate nobis assumenda dolor ducimus.',NULL,'2012-08-30 01:06:03','2012-08-30 01:06:03'),(47,'Model','Nikon','Kameras 4 deserunt','24','Earum exercitationem in similique.','Iste aliquam hic aliquid unde quasi.',NULL,NULL,0,0,'Sed alias enim praesentium ut.',NULL,'2012-08-30 01:06:03','2012-08-30 01:06:03'),(48,'Model','Nikon','Kameras 5 sed','25','Provident vel explicabo consectetur sequi.','Et facilis consectetur enim pariatur et est consequatur.',NULL,NULL,0,0,'Perspiciatis exercitationem repellendus officia minus totam sit.',NULL,'2012-08-30 01:06:03','2012-08-30 01:06:03'),(49,'Model','Nikon','Kameras 6 voluptatum','26','Minima dolore delectus consequuntur ullam aut.','Molestias dignissimos distinctio rerum qui suscipit ea.',NULL,NULL,0,0,'Architecto omnis voluptas sunt ut sed.',NULL,'2012-08-30 01:06:03','2012-08-30 01:06:03'),(50,'Model','Nikon','Kameras 7 quam','27','Ut rerum odio et quod assumenda est id.','Rerum molestiae amet rem commodi eum vel.',NULL,NULL,0,0,'Accusamus commodi officia reprehenderit quasi voluptatibus quia.',NULL,'2012-08-30 01:06:03','2012-08-30 01:06:03'),(51,'Model','Nikon','Kameras 8 unde','28','Enim et eos autem.','Ab laboriosam minus dolorem.',NULL,NULL,0,0,'Accusantium commodi minus sed.',NULL,'2012-08-30 01:06:03','2012-08-30 01:06:03'),(52,'Model','Nikon','Kameras 9 quam','29','Culpa voluptatem aut commodi in impedit perferendis consequatur ut.','Ad nisi nemo aut.',NULL,NULL,0,0,'Minus magnam voluptatem itaque.',NULL,'2012-08-30 01:06:03','2012-08-30 01:06:03'),(53,'Model','Nikon','Kameras 10 consequatur','30','Quaerat delectus ut vel et.','Libero placeat rerum quisquam aut eaque iure.',NULL,NULL,0,0,'Dolorum voluptas veniam aliquam autem aut et dolorem.',NULL,'2012-08-30 01:06:03','2012-08-30 01:06:03'),(54,'Model','Nikon','Kameras 11 sit','31','Necessitatibus sequi dolores quidem iusto accusamus.','Ut temporibus sapiente fugiat velit sed qui.',NULL,NULL,0,0,'Reprehenderit omnis quisquam et nulla.',NULL,'2012-08-30 01:06:03','2012-08-30 01:06:03'),(55,'Model','Nikon','Kameras 12 modi','32','Blanditiis dolores officiis et aliquid.','Aut optio dicta sed aut dolor.',NULL,NULL,0,0,'Incidunt et eum placeat eius.',NULL,'2012-08-30 01:06:03','2012-08-30 01:06:03'),(56,'Model','Nikon','Kameras 13 consequatur','33','Repudiandae dolorem in et.','Quia sed quod non illo aliquam quasi quia.',NULL,NULL,0,0,'Sapiente dolorem natus explicabo sunt quia atque omnis velit.',NULL,'2012-08-30 01:06:03','2012-08-30 01:06:03'),(57,'Model','Nikon','Kameras 14 sunt','34','Mollitia et deserunt explicabo et quam accusamus qui.','Eos exercitationem dolorem aperiam ut tenetur.',NULL,NULL,0,0,'Suscipit id dolorum assumenda quia voluptates possimus quibusdam.',NULL,'2012-08-30 01:06:03','2012-08-30 01:06:03'),(58,'Model','Nikon','Kameras 15 aut','35','Aperiam quia soluta nostrum numquam dolorum.','Tempora recusandae optio non et excepturi qui.',NULL,NULL,0,0,'Vel minus tenetur aperiam consequuntur doloremque ex.',NULL,'2012-08-30 01:06:03','2012-08-30 01:06:03'),(59,'Model','Nikon','Kameras 16 ut','36','Nobis qui perferendis quia ducimus velit non.','Voluptas consequatur quaerat fuga qui labore excepturi quas aspernatur.',NULL,NULL,0,0,'Commodi aut occaecati vero soluta beatae reiciendis minima.',NULL,'2012-08-30 01:06:03','2012-08-30 01:06:03'),(60,'Model','Nikon','Kameras 17 nam','37','Hic velit ratione vero.','Voluptas totam doloremque accusamus voluptatem.',NULL,NULL,0,0,'Perspiciatis adipisci autem earum dignissimos.',NULL,'2012-08-30 01:06:03','2012-08-30 01:06:03'),(61,'Model','Nikon','Kameras 18 corporis','38','Libero et laborum eos minima amet voluptatum qui.','Nihil non similique nam a ut alias.',NULL,NULL,0,0,'Optio debitis repellat laboriosam minima.',NULL,'2012-08-30 01:06:03','2012-08-30 01:06:03'),(62,'Model','Nikon','Kameras 19 id','39','Veniam suscipit saepe voluptas omnis amet culpa.','Ad dolores laudantium mollitia quis vel distinctio dolorem maxime.',NULL,NULL,0,0,'Alias dolorum animi quod vel nostrum et labore.',NULL,'2012-08-30 01:06:03','2012-08-30 01:06:03'),(63,'Model','Nikon','Kameras 20 id','40','Eveniet doloribus et ipsa quaerat ab.','Ipsam alias ullam rerum ducimus ipsa eaque.',NULL,NULL,0,0,'Necessitatibus tenetur deserunt dolorem at vitae est velit cumque.',NULL,'2012-08-30 01:06:03','2012-08-30 01:06:03'),(64,'Model','Nikon','Kameras 21 omnis','41','Dicta delectus sed culpa officiis.','Quia sint molestiae aspernatur eligendi.',NULL,NULL,0,0,'Qui nulla ut rem laborum.',NULL,'2012-08-30 01:06:03','2012-08-30 01:06:03'),(65,'Model','Nikon','Kameras 22 maiores','42','Minus temporibus consectetur reprehenderit nemo qui.','Voluptatem a maiores est sed doloremque voluptatem exercitationem tenetur.',NULL,NULL,0,0,'Pariatur commodi ea veniam eveniet est et eius ad.',NULL,'2012-08-30 01:06:03','2012-08-30 01:06:03'),(66,'Model','Nikon','Kameras 23 quo','43','Dolorum quia aut dolores.','Quasi tempora officia ea eius tenetur vero ea saepe.',NULL,NULL,0,0,'Id itaque sint voluptates atque voluptas corporis laudantium.',NULL,'2012-08-30 01:06:03','2012-08-30 01:06:03'),(67,'Model','Nikon','Kameras 24 pariatur','44','Eos molestiae qui ut dolor.','Distinctio et fuga voluptatem.',NULL,NULL,0,0,'Autem modi iusto omnis.',NULL,'2012-08-30 01:06:03','2012-08-30 01:06:03'),(68,'Model','Nikon','Kameras 25 suscipit','45','Quia repellat possimus dolores harum sit ea provident eum.','Aut eius sunt libero.',NULL,NULL,0,0,'Voluptates sed qui ea ad.',NULL,'2012-08-30 01:06:03','2012-08-30 01:06:03'),(69,'Model','Nikon','Kameras 26 tempora','46','Nulla sapiente quo accusamus qui unde fuga ipsam repudiandae.','Et nesciunt vel necessitatibus ullam.',NULL,NULL,0,0,'Sit quasi ipsum quod.',NULL,'2012-08-30 01:06:03','2012-08-30 01:06:03'),(70,'Model','Nikon','Kameras 27 id','47','Non est et dolorum reprehenderit dolore natus.','Maxime sed ipsa est.',NULL,NULL,0,0,'Veritatis quisquam tempore eum.',NULL,'2012-08-30 01:06:03','2012-08-30 01:06:03'),(71,'Model','Nikon','Kameras 28 accusamus','48','Velit natus sit vero sit inventore deleniti.','Perferendis veritatis et tenetur exercitationem quis provident id repudiandae.',NULL,NULL,0,0,'Consequatur necessitatibus magni autem autem alias.',NULL,'2012-08-30 01:06:03','2012-08-30 01:06:03'),(72,'Model','Nikon','Kameras 29 necessitatibus','49','Fugit quam mollitia temporibus non dicta iure eaque.','Magni qui quam quia commodi sequi recusandae.',NULL,NULL,0,0,'Quia vero perferendis officia.',NULL,'2012-08-30 01:06:03','2012-08-30 01:06:03'),(73,'Model','Nikon','Kameras 30 nemo','50','Voluptatum ipsum molestias et sint est minima.','Numquam asperiores facilis doloribus sed illum culpa.',NULL,NULL,0,0,'Aliquam neque voluptatem voluptatem corrupti.',NULL,'2012-08-30 01:06:03','2012-08-30 01:06:03'),(74,'Software','Wintheiser Inc','Adobe Acrobat','51',NULL,NULL,NULL,NULL,0,0,'test http://test.ch\\r\nwww.foo.ch\\r\njust a text',NULL,'2012-08-30 01:06:03','2012-08-30 01:06:03'),(75,'Software','Boyle-Torp','MS Word','52',NULL,NULL,NULL,NULL,0,0,'test http://test.ch\\r\nwww.foo.ch\\r\njust a text',NULL,'2012-08-30 01:06:03','2012-08-30 01:06:03'),(76,'Software','Gutmann-Beatty','Practical Cotton Hat','53',NULL,NULL,NULL,NULL,0,0,NULL,NULL,'2012-08-30 01:06:03','2012-08-30 01:06:03'),(77,'Software','Corwin, Torphy and Kuhic','Awesome Cotton Computer','54',NULL,NULL,NULL,NULL,0,0,NULL,NULL,'2012-08-30 01:06:03','2012-08-30 01:06:03'),(78,'Software','Hills, Yundt and Pacocha','Intelligent Rubber Table','55',NULL,NULL,NULL,NULL,0,0,NULL,NULL,'2012-08-30 01:06:03','2012-08-30 01:06:03'),(79,'Software','Upton LLC','Gorgeous Wooden Hat','56',NULL,NULL,NULL,NULL,0,0,NULL,NULL,'2012-08-30 01:06:03','2012-08-30 01:06:03'),(80,'Software','Effertz, Wiegand and Beier','Practical Cotton Car','57',NULL,NULL,NULL,NULL,0,0,NULL,NULL,'2012-08-30 01:06:03','2012-08-30 01:06:03'),(81,'Software','Ziemann-Klocko','Gorgeous Granite Chair','58',NULL,NULL,NULL,NULL,0,0,NULL,NULL,'2012-08-30 01:06:03','2012-08-30 01:06:03'),(82,'Software','Nicolas-Kutch','Intelligent Concrete Car','59',NULL,NULL,NULL,NULL,0,0,NULL,NULL,'2012-08-30 01:06:03','2012-08-30 01:06:03'),(83,'Software','Dickens-Ruecker','Fantastic Wooden Hat','60',NULL,NULL,NULL,NULL,0,0,NULL,NULL,'2012-08-30 01:06:03','2012-08-30 01:06:03'),(84,'Software','Jacobs LLC','Ergonomic Cotton Shirt','61',NULL,NULL,NULL,NULL,0,0,NULL,NULL,'2012-08-30 01:06:03','2012-08-30 01:06:03'),(85,'Software','Parker, Purdy and Goodwin','Gorgeous Steel Pants','62',NULL,NULL,NULL,NULL,0,0,NULL,NULL,'2012-08-30 01:06:03','2012-08-30 01:06:03'),(86,'Software','Krajcik-Blanda','Incredible Plastic Computer','63',NULL,NULL,NULL,NULL,0,0,NULL,NULL,'2012-08-30 01:06:03','2012-08-30 01:06:03'),(87,'Software','Treutel Inc','Small Rubber Shirt','64',NULL,NULL,NULL,NULL,0,0,NULL,NULL,'2012-08-30 01:06:03','2012-08-30 01:06:03'),(88,'Model','Beatty Group','Kamera Set','65','Quidem velit voluptas eum ipsa soluta et.','Quos enim fugiat dicta alias iste incidunt quo.',NULL,NULL,2,1,'Sit voluptatum enim quia impedit laudantium exercitationem quod.','Tempora iure quos aut quam quas non.','2012-08-30 01:06:03','2012-08-30 01:06:03'),(89,'Model','Kris Inc','Sleek Cotton Computer','66','Non velit error nostrum assumenda quis deleniti.','Quo qui corporis incidunt labore.',NULL,NULL,3,0,'Aut et aliquid consectetur non vel porro qui voluptatem.','Reprehenderit et soluta architecto.','2012-08-30 01:06:03','2012-08-30 01:06:03'),(90,'Model','Lakin, Kihn and Wilkinson','Practical Concrete Computer','67','Porro ipsam vitae ipsum perferendis voluptates non unde exercitationem.','Est ipsum id non repudiandae et omnis.',NULL,NULL,0,0,'Assumenda deserunt iusto et corporis.','Nulla aut voluptatum nemo.','2012-08-30 01:06:03','2012-08-30 01:06:03'),(91,'Model','Schaefer Inc','Ergonomic Granite Shoes','68','Eum consequuntur adipisci voluptatibus voluptatum animi enim ut.','Recusandae voluptatem ut odio eaque magnam quisquam qui qui.',NULL,NULL,2,0,'Voluptatem sit rem assumenda impedit quasi ut qui.','Eligendi velit et ut nisi.','2012-08-30 01:06:03','2012-08-30 01:06:03'),(92,'Model','Deckow-Nicolas','Small Rubber Shoes','69','Laborum corrupti molestiae voluptatem.','Accusantium sed ut sed et et fugit.',NULL,NULL,1,0,'Non et earum ab non dolores asperiores ea modi.','Nam quo quasi rerum quibusdam optio sint.','2012-08-30 01:06:03','2012-08-30 01:06:03'),(93,'Model','Kassulke-Ebert','Ergonomic Plastic Gloves','70','Et aut tempora eligendi dolor.','Et modi quo autem neque praesentium recusandae.',NULL,NULL,0,0,'Aliquid iste temporibus occaecati culpa quia iure aperiam.','Rerum dicta quisquam dolor.','2012-08-30 01:06:03','2012-08-30 01:06:03'),(94,'Model','Marquardt, Wiegand and Brown','Incredible Granite Shoes','71','Ut et et pariatur aut omnis ut.','Esse voluptas pariatur autem.',NULL,NULL,3,0,'Voluptatibus qui quod in.','Recusandae ea quasi temporibus.','2012-08-30 01:06:03','2012-08-30 01:06:03'),(95,'Model','Monahan-Spinka','Gorgeous Concrete Table','72','Pariatur ab adipisci incidunt itaque.','Quidem quaerat dolorum vel quae sapiente.',NULL,NULL,2,0,'Ut omnis harum exercitationem inventore consequatur.','Totam dicta aspernatur natus debitis rem dignissimos illum.','2012-08-30 01:06:03','2012-08-30 01:06:03'),(96,'Model','Schoen Inc','Intelligent Wooden Hat','73','Aut nisi sequi et officiis atque quis.','Aut omnis natus quos rerum nulla.',NULL,NULL,1,0,'Odio quia rem dolore.','Necessitatibus debitis et explicabo cum est sit est qui.','2012-08-30 01:06:03','2012-08-30 01:06:03'),(97,'Model','Turcotte Group','Sleek Cotton Chair','74','Eum qui natus non dicta.','Similique praesentium ad eius.',NULL,NULL,0,0,'A rem provident mollitia et ut qui ullam eos.','In corrupti laudantium amet velit iste ut.','2012-08-30 01:06:03','2012-08-30 01:06:03'),(98,'Model','Mayert Group','Practical Plastic Car','75','Beatae autem omnis molestiae quibusdam exercitationem id.','Eum error enim quo.',NULL,NULL,1,0,'Et quibusdam sequi ut corporis voluptatem.','Voluptatibus hic maiores dolore id itaque fuga nam.','2012-08-30 01:06:03','2012-08-30 01:06:03'),(99,'Model','Lynch Inc','Small Rubber Computer','76','Architecto quibusdam mollitia voluptates porro ex.','Sunt earum temporibus voluptatem voluptatum.',NULL,NULL,2,0,'Nostrum iste ea consectetur atque facilis.','Numquam velit vero rerum consequatur omnis et et quae.','2012-08-30 01:06:03','2012-08-30 01:06:03'),(100,'Model','Barton Inc','Intelligent Wooden Shirt','77','Non necessitatibus quam itaque.','Tempore ut qui iusto voluptas quod quia exercitationem.',NULL,NULL,1,0,'Aut voluptatem dolor dolorem et omnis accusamus.','Et ut ad harum ut sit quae voluptatem voluptatum.','2012-08-30 01:06:03','2012-08-30 01:06:03'),(101,'Model','Hane Inc','Kamera Set2','78','Est et consequatur iusto ea omnis qui.','Praesentium aut est ipsam consequatur consequatur iure ea.',NULL,NULL,3,1,'Necessitatibus sint id ab sit ut nam.','Tempora repellendus ad saepe et itaque.','2012-08-30 01:06:03','2012-08-30 01:06:03'),(102,'Model','Vandervort-Runolfsdottir','Sleek Plastic Hat','79','Id cumque expedita vero asperiores qui culpa odit.','Odio veniam voluptas sit natus totam quas autem consequuntur.',NULL,NULL,0,0,'Ipsa quia est at non laborum cum et.','Vitae laboriosam quisquam dolores facere voluptate laborum cupiditate et.','2012-08-30 01:06:03','2012-08-30 01:06:03'),(103,'Model','Hauck, McClure and Gottlieb','Incredible Wooden Car','80','Dolor ea quia qui autem officiis explicabo consectetur.','Eos veritatis enim quasi nihil qui qui ullam non.',NULL,NULL,2,0,'Eveniet vel et optio aut laborum.','Dignissimos cupiditate ipsa autem numquam at accusantium voluptatem.','2012-08-30 01:06:03','2012-08-30 01:06:03'),(104,'Model','Adams, Grant and Zemlak','Gorgeous Granite Shirt','81','Corporis reiciendis iusto dolorem.','Et quo voluptatem laudantium est consequatur aperiam.',NULL,NULL,0,0,'Sed voluptate explicabo et saepe voluptatem possimus animi autem.','Et expedita voluptas nobis.','2012-08-30 01:06:03','2012-08-30 01:06:03'),(105,'Model','Nikolaus-Goodwin','Practical Wooden Pants','82','Qui similique est repudiandae iure fugit asperiores ea aut.','Autem quisquam sequi hic voluptas et quaerat non officia.',NULL,NULL,1,0,'Officia labore quae nemo iusto amet maiores suscipit ipsa.','Veritatis aut eveniet placeat esse aut numquam nisi.','2012-08-30 01:06:03','2012-08-30 01:06:03'),(106,'Model','Wunsch, Graham and Rogahn','Fantastic Granite Shirt','83','Et qui harum provident non quasi consequatur.','Facere doloribus sed necessitatibus consequatur et.',NULL,NULL,1,0,'Doloribus enim labore iure facilis quibusdam mollitia.','Dolores aut quibusdam quaerat.','2012-08-30 01:06:03','2012-08-30 01:06:03'),(107,'Model','Mitchell-Little','Fantastic Granite Hat','84','Voluptate assumenda aliquam et.','Dolor ex quia aut voluptas ut repellat.',NULL,NULL,1,0,'Id soluta suscipit quasi voluptatum rerum exercitationem sit quibusdam.','Id laboriosam exercitationem est sint voluptatem aut dolores sed.','2012-08-30 01:06:03','2012-08-30 01:06:03'),(108,'Model','Hahn, Crooks and Daniel','Fantastic Cotton Car','85','Aut modi iste consequatur omnis eum veritatis eius.','Quia maiores iusto hic occaecati et perferendis neque.',NULL,NULL,0,0,'Eum et nostrum ullam voluptatem.','Repellat natus temporibus accusamus qui eligendi.','2012-08-30 01:06:03','2012-08-30 01:06:03'),(109,'Model','Bednar, Kling and Hammes','Rustic Cotton Table','86','Consequatur omnis totam quam maiores veniam atque minima.','Modi placeat quis possimus facere quod et illum.',NULL,NULL,1,0,'Distinctio aut laborum saepe tempora beatae minima.','Qui non ab veritatis dignissimos et doloremque maiores sit.','2012-08-30 01:06:03','2012-08-30 01:06:03'),(110,'Model','Waelchi, Conroy and Wolf','Practical Plastic Pants','87','Voluptatem est qui laborum.','Odio repellendus provident veritatis.',NULL,NULL,3,0,'Id aspernatur aut similique voluptatem voluptatem vero.','Ea ut velit iusto suscipit expedita beatae.','2012-08-30 01:06:03','2012-08-30 01:06:03'),(111,'Model','Rippin LLC','Small Rubber Hat','92','Consequuntur et facilis consequatur rerum.','Ipsam quasi voluptatibus voluptas praesentium perspiciatis eaque.',NULL,NULL,0,0,'Corporis maxime inventore qui doloremque est.','Ratione neque qui explicabo ea adipisci illo ut nihil.','2012-08-30 01:06:03','2012-08-30 01:06:03'),(112,'Model','Considine Group','Awesome Cotton Shoes','93','Excepturi magnam repellendus cum ea delectus consequatur ducimus hic.','Est sequi totam blanditiis et.',NULL,NULL,0,0,'Id molestiae et debitis alias.','Eius iure velit ut iusto voluptatibus et.','2012-08-30 01:06:03','2012-08-30 01:06:03'),(113,'Model','Reinger, Zemlak and Parker','Fantastic Wooden Computer','94','Ut impedit sint non quaerat pariatur nostrum.','Itaque beatae tempore magnam.',NULL,NULL,1,0,'Rerum rem et numquam.','Velit minima vero placeat quod officiis.','2012-08-30 01:06:03','2012-08-30 01:06:03'),(114,'Model','Koss-Nicolas','Practical Wooden Gloves','95','Accusamus similique hic culpa illo eum ea id.','Atque sapiente ut blanditiis reiciendis.',NULL,NULL,0,0,'Fugiat inventore qui eos quaerat voluptatum.','Quo totam enim voluptatem consequatur cumque ea quo.','2012-08-30 01:06:03','2012-08-30 01:06:03'),(115,'Model','Conroy LLC','Intelligent Steel Gloves','96','Ut sapiente facere voluptate praesentium nostrum id libero eos.','Ut deserunt illo odio corporis quas.',NULL,NULL,3,0,'Rerum ut ullam id.','Rerum sequi nostrum deserunt.','2012-08-30 01:06:03','2012-08-30 01:06:03'),(116,'Model','Hills-Brown','Small Concrete Hat','97','Excepturi et veniam ad architecto.','Numquam sed eos excepturi.',NULL,NULL,0,0,'Error est nostrum et.','Et quo soluta rerum ut dolorem nisi non.','2012-08-30 01:06:03','2012-08-30 01:06:03'),(117,'Model','Brown Group','Gorgeous Concrete Gloves','98','Labore repudiandae occaecati molestiae.','Harum et dolores fuga.',NULL,NULL,1,0,'Ea ipsum omnis dolores rerum enim aspernatur similique.','Id quae est consequatur velit reiciendis qui quo quo.','2012-08-30 01:06:03','2012-08-30 01:06:03'),(118,'Model','Mann-Bosco','Incredible Plastic Chair','99','Perferendis culpa in debitis accusantium.','Amet doloremque quibusdam et ex rerum quia ipsa pariatur.',NULL,NULL,1,0,'Beatae quis expedita aliquam reprehenderit et.','Deserunt repellendus soluta optio dignissimos eum.','2012-08-30 01:06:03','2012-08-30 01:06:03'),(119,'Model','Reichert LLC','Ergonomic Steel Shirt','100','Ut deleniti recusandae earum et nostrum.','Perspiciatis nihil quis eius incidunt.',NULL,NULL,2,0,'Aspernatur quasi temporibus alias quis adipisci.','Rerum porro eos temporibus nam laboriosam nihil sit eveniet.','2012-08-30 01:06:03','2012-08-30 01:06:03'),(120,'Model','Kutch-Kris','Rustic Cotton Car','101','Molestiae asperiores illum fugiat nesciunt ut rerum et perspiciatis.','Saepe explicabo laudantium quidem dolor dicta.',NULL,NULL,3,0,'Fugit voluptatem atque accusamus vitae similique.','Animi et debitis sapiente neque et et.','2012-08-30 01:06:03','2012-08-30 01:06:03'),(121,'Model','Zboncak, Kutch and Funk','Incredible Cotton Pants','102','Aut nam ea ratione.','Cumque rerum sapiente corporis.',NULL,NULL,1,0,'Tempora ab perspiciatis maxime ducimus porro.','Eos autem placeat quas rerum alias sit voluptatem.','2012-08-30 01:06:03','2012-08-30 01:06:03'),(122,'Model','Luettgen, Batz and O\'Kon','Gorgeous Rubber Chair','103','Nihil cupiditate facere natus illum voluptatem laborum est non.','Nisi consequuntur aliquid suscipit error deserunt.',NULL,NULL,3,0,'Possimus rerum facere quia eveniet aut aspernatur illo incidunt.','Voluptatum excepturi omnis et explicabo magnam.','2012-08-30 01:06:03','2012-08-30 01:06:03'),(123,'Model','Walter-Renner','Intelligent Steel Table','104','Magnam commodi fugiat quae sit veritatis corporis tempore nisi.','Sequi delectus aut distinctio in autem.',NULL,NULL,0,0,'Blanditiis repellat veniam harum esse non quia eaque.','Quis ut ut molestias.','2012-08-30 01:06:03','2012-08-30 01:06:03'),(124,'Model','Legros LLC','Intelligent Granite Car','105','Dolorem accusantium non dolorem adipisci officiis ut.','Vero unde et corrupti quaerat quo laborum.',NULL,NULL,3,0,'Vero et quia dolorem soluta.','Enim nisi magnam aliquid aut dignissimos quo aut.','2012-08-30 01:06:03','2012-08-30 01:06:03'),(125,'Model','Becker-Bogisich','Small Cotton Chair','106','Aut tenetur assumenda facilis nobis a quasi.','Voluptas est nisi natus corrupti quaerat corporis quia consequatur.',NULL,NULL,2,0,'Velit iste nam et.','Dolore recusandae enim saepe id ex error repellendus.','2012-08-30 01:06:03','2012-08-30 01:06:03'),(126,'Model','Zieme LLC','Ergonomic Rubber Car','107','Qui enim labore rerum id quam autem iste.','Ea est rerum quia et et nisi mollitia quae.',NULL,NULL,2,0,'Quis ad voluptas accusantium ipsa.','Asperiores quia eaque non libero blanditiis perspiciatis eum.','2012-08-30 01:06:03','2012-08-30 01:06:03'),(127,'Model','Rowe LLC','Rustic Plastic Table','108','Cupiditate dicta corrupti quae enim dolor nemo.','Fuga voluptatem iste non nam reprehenderit.',NULL,NULL,1,0,'Sed aperiam sunt corrupti voluptate.','Quae rerum ab repellendus fugit earum similique.','2012-08-30 01:06:03','2012-08-30 01:06:03'),(128,'Model','Huel, Hermiston and Armstrong','Incredible Cotton Table','109','Iste odio nihil hic quasi ipsum.','Minus provident deleniti iste.',NULL,NULL,3,0,'Deserunt aut laborum consequuntur in veniam voluptatibus non.','Sed deleniti aut et possimus est.','2012-08-30 01:06:03','2012-08-30 01:06:03'),(129,'Model','Mertz-Howe','Small Cotton Shirt','110','Cum qui aut id est.','Et quia et dolorum quis ut repellat qui.',NULL,NULL,1,0,'Quisquam reprehenderit libero et magnam nostrum distinctio illo.','Sint tenetur culpa est repudiandae.','2012-08-30 01:06:03','2012-08-30 01:06:03'),(130,'Model','Borer, Nikolaus and Flatley','Sleek Wooden Car','111','Veritatis enim impedit similique.','Voluptatem deserunt sint quidem minus.',NULL,NULL,2,0,'Voluptatem non vitae suscipit maxime dicta labore molestias.','Ut voluptas pariatur adipisci.','2012-08-30 01:06:03','2012-08-30 01:06:03'),(131,'Model','Gerlach Inc','Practical Concrete Chair','112','Et consequatur error et.','Sit mollitia tenetur dolorem.',NULL,NULL,0,0,'Ut reiciendis et sit perferendis.','Possimus cum sed reprehenderit sint qui et.','2012-08-30 01:06:03','2012-08-30 01:06:03'),(132,'Model','Armstrong, King and Braun','Rustic Wooden Car','113','Nulla rerum velit labore.','Molestiae quia iure et nobis voluptas consequatur.',NULL,NULL,3,0,'Et et mollitia similique aliquid.','Necessitatibus earum molestias voluptates atque distinctio sed velit dolorem.','2012-08-30 01:06:03','2012-08-30 01:06:03'),(133,'Model','Leannon Group','Small Plastic Gloves','114','Consequatur facilis harum in odit omnis est quas quod.','Aut mollitia ut possimus vel veniam quasi voluptatibus.',NULL,NULL,1,0,'Et omnis inventore sed officiis eligendi autem libero.','Eum autem recusandae atque dignissimos.','2012-08-30 01:06:03','2012-08-30 01:06:03'),(134,'Model','Hansen, Gutkowski and Stehr','Small Rubber Gloves','115','Eos totam possimus ut laudantium.','Aut dolorem vel eum nisi qui fugit ut repellat.',NULL,NULL,1,0,'Aliquam placeat aut voluptatem dolores.','Praesentium cumque blanditiis earum ratione qui consectetur dignissimos.','2012-08-30 01:06:03','2012-08-30 01:06:03'),(135,'Model','Wintheiser LLC','Awesome Cotton Hat','116','Aut earum dolor et blanditiis voluptas exercitationem quae.','Qui voluptates nihil suscipit sint non id molestiae vel.',NULL,NULL,1,0,'Corporis itaque consequatur voluptas.','Animi et pariatur quos quae explicabo odio velit quasi.','2012-08-30 01:06:03','2012-08-30 01:06:03'),(136,'Model','Gerlach, Konopelski and Kunde','Ergonomic Concrete Table','117','Dolor mollitia numquam voluptas aut.','Et consectetur rerum maxime.',NULL,NULL,1,0,'Consequatur et a quis.','Odio voluptatem sunt in.','2012-08-30 01:06:03','2012-08-30 01:06:03'),(137,'Model','Schowalter Inc','Intelligent Wooden Gloves','118','Quia voluptate accusantium aut perferendis atque assumenda sunt quos.','Occaecati et non quia distinctio aut quis aspernatur.',NULL,NULL,0,0,'Molestiae consequatur porro delectus aut quia nam dolores.','Quia ut voluptatibus totam corrupti voluptatem quia.','2012-08-30 01:06:03','2012-08-30 01:06:03'),(138,'Model','Okuneva-Wolf','Intelligent Wooden Computer','119','Id quasi earum maxime veniam.','Quos voluptas explicabo non nostrum id non.',NULL,NULL,1,0,'Et nostrum sed ut.','Et sit voluptates autem.','2012-08-30 01:06:03','2012-08-30 01:06:03'),(139,'Model','McClure and Sons','Practical Granite Shoes','120','Dolor perspiciatis eos sunt eum sapiente molestiae ab.','Laudantium est ut dolorum eum dicta cumque voluptatem.',NULL,NULL,3,0,'Dolores ipsa architecto omnis.','Non mollitia quae nobis nihil iusto aut.','2012-08-30 01:06:03','2012-08-30 01:06:03'),(140,'Model','O\'Hara, Johns and Ziemann','Sleek Rubber Shirt','121','Dolore et omnis maxime delectus amet recusandae quibusdam laudantium.','Quam minima quos deleniti aut numquam eum.',NULL,NULL,2,0,'Ipsum sit est porro consequatur quia.','Est eum et et.','2012-08-30 01:06:03','2012-08-30 01:06:03'),(141,'Model','Adams Group','Small Plastic Computer','122','Hic qui non quos similique est dolore labore.','Veniam non consequatur qui voluptates.',NULL,NULL,1,0,'Est rerum ipsam amet voluptatem rerum qui aliquam.','Officiis optio praesentium neque quam ut tempora perferendis aliquid.','2012-08-30 01:06:03','2012-08-30 01:06:03'),(142,'Model','Keeling, Bechtelar and Zieme','Intelligent Wooden Chair','123','In eaque minus a rerum nostrum asperiores provident fugiat.','Quo et distinctio sit ut voluptatum.',NULL,NULL,3,0,'Molestiae eius assumenda blanditiis molestias.','Fugiat animi ipsam quas et et perferendis qui.','2012-08-30 01:06:03','2012-08-30 01:06:03'),(143,'Model','Rau Inc','Practical Steel Table','124','Ut cum velit cumque.','Ipsam id rerum voluptatem id quos aliquam quam impedit.',NULL,NULL,2,0,'Quidem recusandae nisi eaque consequatur molestias est harum tempora.','Adipisci earum vero tempore est maxime.','2012-08-30 01:06:03','2012-08-30 01:06:03'),(144,'Model','Romaguera and Sons','Small Granite Chair','125','Excepturi repudiandae reiciendis eos provident animi itaque nulla.','Fugiat quod repellat nam.',NULL,NULL,2,0,'Nemo quibusdam dignissimos iste rem ut dolor.','Quas tenetur est quibusdam maxime.','2012-08-30 01:06:03','2012-08-30 01:06:03'),(145,'Model','Gerlach, Botsford and Will','Rustic Rubber Gloves','126','Vitae odit ut illum enim.','Laudantium exercitationem rerum aut dolorem optio.',NULL,NULL,1,0,'Aut quo temporibus voluptate facilis sapiente et aliquid eum.','Consequatur incidunt vel labore aut vitae possimus aperiam ipsam.','2012-08-30 01:06:03','2012-08-30 01:06:03'),(146,'Model','Kemmer, Schowalter and Rempel','Intelligent Steel Shoes','127','Maxime non quia tenetur ex iusto.','Qui occaecati ullam similique natus ut illum reiciendis minima.',NULL,NULL,1,0,'Dolor qui aliquam aut similique ducimus.','Quam sunt delectus est ut.','2012-08-30 01:06:03','2012-08-30 01:06:03'),(147,'Model','Harber and Sons','Sleek Plastic Pants','128','Blanditiis minus qui sint qui voluptas eos.','Harum consequatur nobis amet sed.',NULL,NULL,1,0,'Id aliquid in dolorum unde inventore excepturi.','Fugit quas provident repudiandae maxime quia eligendi enim.','2012-08-30 01:06:03','2012-08-30 01:06:03'),(148,'Model','Brown, Jakubowski and Konopelski','Small Rubber Table','129','In ipsum quibusdam exercitationem.','Sed nesciunt optio ipsam nulla ut.',NULL,NULL,0,0,'Facilis aut aliquam voluptas et debitis culpa itaque.','Ut possimus sed sint.','2012-08-30 01:06:03','2012-08-30 01:06:03'),(149,'Model','Howe-Krajcik','Ergonomic Rubber Pants','130','Minus deleniti mollitia aspernatur delectus qui neque dicta.','Similique quia reiciendis quaerat eaque voluptatem velit.',NULL,NULL,1,0,'Quia dolorem sapiente rerum aspernatur voluptas veritatis.','Repellat eveniet quod distinctio dolor.','2012-08-30 01:06:03','2012-08-30 01:06:03'),(150,'Model','Friesen Group','Sleek Steel Shoes','131','Quia dolor similique accusamus quidem omnis reprehenderit delectus cumque.','Sunt atque rerum nihil fugit illum.',NULL,NULL,0,0,'Asperiores corporis et sed ratione praesentium debitis omnis esse.','Id fugit sit sed.','2012-08-30 01:06:03','2012-08-30 01:06:03'),(151,'Model','Nikolaus-Morissette','Incredible Cotton Gloves','132','Similique voluptatem ducimus corrupti eum sit cupiditate sed optio.','Sed nemo repellat aut sunt reiciendis nostrum distinctio quo.',NULL,NULL,2,0,'Fugit molestiae veniam facere ratione incidunt.','Porro odit sed rem.','2012-08-30 01:06:03','2012-08-30 01:06:03'),(152,'Model','Trantow Group','Sleek Concrete Pants','133','Et autem illum sint cum ut.','Beatae consequuntur et et facere eligendi pariatur delectus voluptas.',NULL,NULL,1,0,'Sunt ullam debitis dolorum cum laboriosam voluptatem.','Enim vitae aut libero impedit itaque omnis id molestiae.','2012-08-30 01:06:03','2012-08-30 01:06:03'),(153,'Model','Stamm and Sons','Rustic Rubber Shoes','134','Aut nihil adipisci aut dolorem corrupti omnis a.','Numquam est consequatur dolorem non rerum.',NULL,NULL,1,0,'Aliquam beatae et atque ex ut.','Est quo velit expedita dolores ab.','2012-08-30 01:06:03','2012-08-30 01:06:03'),(154,'Model','Effertz-Dietrich','Small Plastic Car','135','Animi molestiae sint officia in.','Tempore dicta non dolorum.',NULL,NULL,1,0,'Rerum est atque sapiente totam est ab.','Autem optio sed id impedit dolore et dolor harum.','2012-08-30 01:06:03','2012-08-30 01:06:03'),(155,'Model','DuBuque-Runte','Rustic Wooden Shirt','136','Non non ipsam aut ipsum omnis.','Ut vel debitis rem fugiat minus porro blanditiis.',NULL,NULL,0,0,'Sit dolor velit unde dolorem.','Mollitia dolorem dolores veritatis qui suscipit amet.','2012-08-30 01:06:03','2012-08-30 01:06:03'),(156,'Model','Spinka-Turner','Rustic Cotton Shoes','137','Eum quia temporibus nihil aut et maxime maiores.','Modi est est esse.',NULL,NULL,3,0,'Placeat esse numquam eum deserunt ut.','Ut cupiditate optio nobis est voluptatem maiores.','2012-08-30 01:06:03','2012-08-30 01:06:03'),(157,'Model','Rice, Zboncak and Casper','Rustic Concrete Shirt','138','Magni et explicabo ducimus sint quis aut.','Aperiam non magni laborum harum.',NULL,NULL,1,0,'Dolorem est ut placeat asperiores eum.','Aut esse repellat error rem ut.','2012-08-30 01:06:03','2012-08-30 01:06:03'),(158,'Model','Kautzer, Weber and Conroy','Small Steel Gloves','139','Vel dolor labore eius aperiam.','Aut ut fugiat rerum iusto quisquam enim est.',NULL,NULL,0,0,'Ex reprehenderit maxime error facilis eveniet voluptatem.','Dolor repudiandae possimus labore porro ratione exercitationem perferendis.','2012-08-30 01:06:03','2012-08-30 01:06:03'),(159,'Model','Marquardt, Robel and Ullrich','Intelligent Rubber Car','140','Atque et facere sunt quaerat est cum ab.','Cupiditate voluptas illum nesciunt dolores et dolore eos.',NULL,NULL,2,0,'Vel odit quos numquam cum velit quis neque mollitia.','Hic quam pariatur amet cumque quae.','2012-08-30 01:06:03','2012-08-30 01:06:03'),(160,'Model','Abshire-Robel','Incredible Steel Hat','141','Ut ipsum placeat dignissimos quod.','Corporis ut omnis at laborum et mollitia sequi qui.',NULL,NULL,1,0,'Qui et sed quasi est est blanditiis.','Qui aut velit a ratione qui aliquid maiores aliquam.','2012-08-30 01:06:03','2012-08-30 01:06:03'),(161,'Model','Rice and Sons','Sleek Cotton Gloves','142','Asperiores corporis cumque ipsam temporibus.','Laudantium accusamus perspiciatis quo.',NULL,NULL,0,0,'Aliquam velit laboriosam cumque amet nihil nemo non est.','Occaecati repellendus omnis enim qui.','2012-08-30 01:06:03','2012-08-30 01:06:03'),(162,'Model','Stiedemann LLC','Small Rubber Chair','143','Qui quibusdam est adipisci facilis.','Aut culpa ipsum nisi quia.',NULL,NULL,3,0,'Nostrum velit et praesentium quia commodi quis qui corporis.','Deleniti numquam similique ullam natus amet eveniet.','2012-08-30 01:06:03','2012-08-30 01:06:03'),(163,'Model','Glover and Sons','Sleek Concrete Table','144','Repellendus impedit est doloribus.','Qui facilis pariatur blanditiis enim qui quaerat sequi suscipit.',NULL,NULL,0,0,'Vitae temporibus natus non.','Exercitationem dignissimos omnis veritatis est.','2012-08-30 01:06:03','2012-08-30 01:06:03'),(164,'Model','Bogan Inc','Fantastic Plastic Car','145','Et et ut atque consequatur.','Quos qui iste ex.',NULL,NULL,3,0,'Sit omnis quas pariatur impedit doloremque.','Vel aut nesciunt et sint quisquam aut.','2012-08-30 01:06:03','2012-08-30 01:06:03'),(165,'Model','Crona-Cummings','Fantastic Granite Chair','146','Ut accusantium id dolores quis ipsa sit.','Rerum officiis temporibus occaecati optio ut nam.',NULL,NULL,1,0,'Pariatur ut nobis qui nisi.','Ut quis quis rem porro consequatur atque ipsa.','2012-08-30 01:06:03','2012-08-30 01:06:03'),(166,'Model','Wunsch-D\'Amore','Rustic Granite Shirt','147','Voluptatem sed perspiciatis aut fugiat.','Enim doloribus quasi at saepe enim.',NULL,NULL,2,0,'Doloribus esse natus dolorem dicta asperiores.','Expedita iste aut vel eligendi molestiae et repellat voluptas.','2012-08-30 01:06:03','2012-08-30 01:06:03'),(167,'Model','Batz, Hessel and Zulauf','Ergonomic Steel Table','148','Qui earum omnis et ut eum sed.','At aspernatur iste officiis qui aut enim cupiditate.',NULL,NULL,2,0,'Sapiente eius architecto sit beatae sed magnam et.','Odio quo repellendus minima consectetur.','2012-08-30 01:06:03','2012-08-30 01:06:03'),(168,'Model','Jerde Group','Fantastic Cotton Hat','149','Ea commodi repellendus nihil.','Necessitatibus facilis voluptas inventore velit fugiat.',NULL,NULL,2,0,'Qui aut autem ratione facilis sit harum aut quas.','In et dolor tenetur.','2012-08-30 01:06:03','2012-08-30 01:06:03'),(169,'Model','Gutkowski-Sporer','Rustic Steel Table','150','Velit vero optio voluptas vitae quisquam.','Eligendi veniam perspiciatis velit aut.',NULL,NULL,2,0,'Velit ad similique molestiae qui quas ipsa.','Voluptatem dignissimos ex repellat repellendus non voluptas.','2012-08-30 01:06:03','2012-08-30 01:06:03'),(170,'Model','Swaniawski-Wilderman','Gorgeous Cotton Hat','151','Numquam aspernatur possimus quisquam minus est ut.','Molestiae quia ipsum distinctio est veritatis et.',NULL,NULL,0,0,'Velit est neque molestiae debitis qui.','Dolores facere sed sint magni voluptas accusantium.','2012-08-30 01:06:03','2012-08-30 01:06:03'),(171,'Model','Gutmann and Sons','Practical Steel Shirt','152','Nobis maiores quas consectetur vel voluptatem.','Iure voluptatem voluptatum et.',NULL,NULL,3,0,'Doloribus accusamus et tenetur et ea consequuntur maiores mollitia.','Distinctio est dolores nihil occaecati.','2012-08-30 01:06:03','2012-08-30 01:06:03'),(172,'Model','Schulist Inc','Fantastic Granite Computer','153','Quaerat velit officiis nobis dignissimos.','Enim quia accusantium et mollitia atque vero.',NULL,NULL,1,0,'Asperiores et est quis est.','Vitae ea et distinctio aut.','2012-08-30 01:06:03','2012-08-30 01:06:03'),(173,'Model','Rolfson Group','Awesome Granite Pants','154','Ut qui amet distinctio dolorem nemo rerum quo ad.','Dolore maiores aliquam eius cum omnis quibusdam.',NULL,NULL,2,0,'Explicabo quia deleniti voluptates placeat.','Culpa ab ea illum voluptas earum quia non est.','2012-08-30 01:06:03','2012-08-30 01:06:03'),(174,'Model','Schumm, Smitham and Schmitt','Gorgeous Concrete Shirt','155','Accusamus nulla vel qui molestiae dolores.','Eligendi voluptate architecto dolorem repellendus aut sint mollitia distinctio.',NULL,NULL,3,0,'Eaque quasi repellat voluptas ab ut.','Et est tenetur molestiae eaque ut.','2012-08-30 01:06:03','2012-08-30 01:06:03'),(175,'Model','Kautzer, Smitham and Fadel','Practical Cotton Shirt','156','Consequatur mollitia laboriosam sequi et quod voluptatem.','Cum ea delectus quidem.',NULL,NULL,2,0,'Et maxime perspiciatis ad voluptate non nesciunt similique.','Quis sed sequi et non eos.','2012-08-30 01:06:03','2012-08-30 01:06:03'),(176,'Model','Schowalter-Schaefer','Rustic Wooden Shoes','157','Expedita maiores eos deleniti.','Eligendi nisi iste ducimus perferendis.',NULL,NULL,1,0,'Reprehenderit libero explicabo ducimus molestiae commodi dolore beatae aut.','Quos numquam quis aperiam nisi quasi laborum cum cupiditate.','2012-08-30 01:06:03','2012-08-30 01:06:03'),(177,'Model','Kihn, Spinka and Haley','Intelligent Wooden Shoes','158','Impedit dignissimos omnis quo eum atque nobis ut voluptatum.','Voluptate iure accusamus id sequi totam.',NULL,NULL,3,0,'Non eaque et perferendis earum numquam ut ducimus.','Tempore distinctio et et sit ut ipsam.','2012-08-30 01:06:03','2012-08-30 01:06:03'),(178,'Model','Hills-Jaskolski','Ergonomic Wooden Car','159','Ut culpa et nisi et et.','Fuga ad illo nam voluptas aut id aliquam.',NULL,NULL,3,0,'Id aperiam debitis molestiae eos maiores.','Enim laboriosam in nemo dolores.','2012-08-30 01:06:03','2012-08-30 01:06:03'),(179,'Model','Bruen-Keebler','Incredible Granite Gloves','160','Magnam mollitia dolorem fugit exercitationem vel tempore.','Nostrum quos voluptatem est repellat ad consequatur nobis.',NULL,NULL,3,0,'Amet quam velit animi quos.','Consequuntur possimus et provident quae.','2012-08-23 01:06:03','2012-08-23 01:06:03'),(180,'Model','Block, Shanahan and Keebler','Awesome Steel Hat','161','Corrupti velit vel modi incidunt minus.','Tempora error autem qui natus consequatur dolorem.',NULL,NULL,1,0,'Nulla rerum eveniet est ut.','Quos aspernatur consequatur debitis aut.','2012-08-23 01:06:03','2012-08-23 01:06:03'),(181,'Model','Satterfield, Sipes and Steuber','Fantastic Plastic Table','162','Fuga tempore earum unde.','Veniam occaecati nisi quo similique quidem.',NULL,NULL,0,0,'Quia voluptatem eaque recusandae.','Facilis dicta deserunt vitae maxime esse qui.','2012-08-23 01:06:03','2012-08-23 01:06:03'),(182,'Model','Mills-Purdy','Awesome Cotton Car','163','Et voluptates ut cumque.','Pariatur occaecati est nam facere deleniti voluptate.',NULL,NULL,1,0,'Non tempora quis nesciunt omnis.','Accusamus quis ut omnis temporibus sint.','2012-08-23 01:06:03','2012-08-23 01:06:03'),(183,'Model','Lakin Inc','Practical Concrete Table','164','Sequi voluptas assumenda aut et illo.','Qui voluptatibus rerum est voluptas.',NULL,NULL,1,0,'Minus aut aut delectus sunt qui vitae accusamus.','Et doloribus perspiciatis laboriosam consequatur unde ut nulla.','2012-08-23 01:06:03','2012-08-23 01:06:03'),(184,'Model','Williamson Group','Fantastic Plastic Computer','165','Nobis quia sed tempore ab.','In incidunt veniam nam.',NULL,NULL,2,0,'Et omnis et illo occaecati aperiam autem voluptas est.','Sed nesciunt culpa voluptas.','2012-08-30 01:06:03','2012-08-30 01:06:03'),(185,'Model','Mayert Group','Gorgeous Granite Hat','166','Tenetur sed magnam minima tempore vel ducimus unde.','Placeat enim recusandae aut consequatur.',NULL,NULL,3,0,'Iure eligendi atque quo esse autem est.','Enim dolorum voluptatem hic dolores impedit et.','2012-08-30 01:06:03','2012-08-30 01:06:03'),(186,'Model','Kunde-Reichert','Small Cotton Gloves','167','Consequatur nobis blanditiis itaque.','Atque ut esse expedita magnam.',NULL,NULL,2,0,'Dolorum pariatur quia quasi explicabo est est voluptatem quas.','Ut et itaque modi et voluptatibus repellendus est.','2012-08-30 01:06:03','2012-08-30 01:06:03'),(187,'Model','Lind Inc','Intelligent Cotton Hat','168','Eum veritatis praesentium corrupti non.','Qui aut culpa quod nesciunt ut placeat mollitia sed.',NULL,NULL,0,0,'Labore vitae doloribus fugit corrupti veniam ea.','Tenetur quaerat assumenda totam.','2012-08-30 01:06:03','2012-08-30 01:06:03'),(188,'Model','McCullough, Osinski and Will','Incredible Plastic Car','169','Dolorum aut nulla quo fugit voluptates ullam consectetur.','Ullam at et laudantium sit.',NULL,NULL,0,0,'Natus id dolores atque libero.','Qui ratione rerum natus corporis totam.','2012-08-30 01:06:03','2012-08-30 01:06:03'),(189,'Model','Will Inc','Intelligent Concrete Computer','170','Neque aut quam ut ab molestias veritatis.','Quibusdam voluptas nihil ad hic quisquam ipsam id.',NULL,NULL,2,0,'Optio praesentium aspernatur autem magni.','Ut ea sint ex esse.','2012-08-30 01:06:03','2012-08-30 01:06:03'),(190,'Model','Pfannerstill-Wyman','Gorgeous Wooden Shoes','171','Veniam necessitatibus dolorum officia quas omnis ea.','Amet qui inventore vel et saepe.',NULL,NULL,0,0,'Officiis voluptatum minima ducimus neque voluptatibus sit sit soluta.','Illo velit ut quisquam error quis sunt sed eligendi.','2012-08-30 01:06:03','2012-08-30 01:06:03'),(191,'Model','Spinka and Sons','Intelligent Concrete Pants','172','Id molestiae dolor ducimus voluptatem voluptatem ea et tempora.','Maxime dolorem et saepe iure quasi aperiam laboriosam.',NULL,NULL,1,0,'Qui voluptatem eaque sunt dolor numquam rerum aut.','Error vel magni pariatur dolor nobis laudantium beatae.','2012-08-30 01:06:03','2012-08-30 01:06:03'),(192,'Model','Aufderhar LLC','Small Wooden Shirt','173','Ullam deserunt aut fugit.','Beatae necessitatibus consequuntur provident.',NULL,NULL,2,0,'Quis rem temporibus in ducimus aliquid consectetur nam.','Perferendis qui consequuntur et non est quae.','2012-08-30 01:06:03','2012-08-30 01:06:03'),(193,'Model','Kuhlman, Ferry and Nikolaus','Practical Plastic Computer','174','Asperiores ex voluptatem aut eos temporibus consequuntur iusto.','Sit qui ad illum fugit et sapiente.',NULL,NULL,1,0,'Rerum harum hic molestiae laborum consequatur eos.','Laborum eligendi enim illo voluptas et voluptatem.','2012-08-30 01:06:03','2012-08-30 01:06:03'),(194,'Model','Runolfsson Inc','Small Plastic Shirt','175','Omnis corporis quo laboriosam quam facere eum.','Nam voluptatem voluptatum qui.',NULL,NULL,2,0,'Aut minima dolorem sunt eos animi error.','Aut rerum itaque voluptatem est repudiandae non facilis.','2012-08-30 01:06:03','2012-08-30 01:06:03'),(195,'Model','Bins-Considine','Small Plastic Chair','176','Dicta vitae eligendi saepe hic sed.','Ut neque molestias incidunt nulla voluptas aperiam dolorem rem.',NULL,NULL,1,0,'Hic deleniti eius autem.','Hic voluptatum voluptate tempora.','2012-08-30 01:06:03','2012-08-30 01:06:03'),(196,'Model','Williamson-Gusikowski','Practical Concrete Hat','177','Alias ratione voluptate iste quia et modi a.','Nobis non consequatur aut sint enim modi suscipit delectus.',NULL,NULL,2,0,'Voluptatem assumenda rerum error et maiores molestias.','Ut officiis cupiditate ullam velit ducimus dolorem delectus.','2012-08-30 01:06:03','2012-08-30 01:06:03'),(197,'Model','Yundt Group','Sleek Steel Car','178','Perspiciatis voluptates ea praesentium.','Eos earum sunt repudiandae.',NULL,NULL,1,0,'Eum recusandae asperiores qui quia.','Qui fuga accusamus cupiditate suscipit autem eligendi voluptatem.','2012-08-30 01:06:03','2012-08-30 01:06:03'),(198,'Model','Kulas, Buckridge and Hauck','Small Cotton Hat','179','Et id sit iste occaecati exercitationem dolor sunt beatae.','Non aut et illo ipsam cupiditate facilis.',NULL,NULL,1,0,'Esse in beatae soluta.','Quis unde beatae ex eum qui ipsam.','2012-08-30 01:06:03','2012-08-30 01:06:03'),(199,'Model','Kemmer Group','Awesome Steel Shirt','180','Omnis quam veniam aut sunt.','Sequi hic ratione quia.',NULL,NULL,3,0,'Est illum voluptatem itaque.','Laudantium ullam repellendus suscipit quae voluptatum enim.','2012-08-30 01:06:03','2012-08-30 01:06:03'),(200,'Model','Bosco-Kunde','Awesome Steel Computer','181','Modi totam nostrum deserunt vel dolor sit optio.','Accusantium aut explicabo dolorem quisquam perspiciatis.',NULL,NULL,3,0,'Incidunt quidem minus aut adipisci repellendus quis.','Quisquam quo nihil qui.','2012-08-25 01:06:03','2012-08-25 01:06:03'),(201,'Model','Kozey Inc','Practical Steel Hat','182','Enim dolorum suscipit architecto.','Dignissimos laborum minima earum omnis a molestias.',NULL,NULL,0,0,'Ipsa nemo eum ea veniam quo voluptas.','Ut neque dolor sint voluptas eos iure.','2012-08-25 01:06:03','2012-08-25 01:06:03'),(202,'Model','Hagenes, Baumbach and Barrows','Ergonomic Granite Car','183','Est aliquam pariatur libero.','Amet adipisci voluptas alias quis est blanditiis qui dicta.',NULL,NULL,3,0,'Aperiam nihil illo dolorem.','Qui qui magnam sunt fuga velit ut.','2012-08-25 01:06:03','2012-08-25 01:06:03'),(203,'Model','Cummings-Gusikowski','Ergonomic Plastic Table','184','Ut dicta sed expedita omnis impedit officia.','Ab quo tempore doloribus magni facere eveniet voluptates et.',NULL,NULL,0,0,'Dolorem ea sint aut est enim officiis enim consequatur.','Aliquid repellendus maxime quidem accusantium.','2012-08-25 01:06:03','2012-08-25 01:06:03'),(204,'Model','Leffler-Lesch','Gorgeous Plastic Pants','185','Distinctio deserunt ut qui harum quidem delectus totam.','Nulla vero ut ad rerum.',NULL,NULL,1,0,'Cumque nobis consectetur sed omnis excepturi quis ut ut.','Aliquid architecto laboriosam autem eum minus blanditiis.','2012-08-25 01:06:03','2012-08-25 01:06:03'),(205,'Model','Robel, Stoltenberg and Hickle','Gorgeous Rubber Hat','186','Dolorum neque aut rerum.','Aspernatur corrupti tempore iusto.',NULL,NULL,2,0,'Eveniet labore est expedita id ut id.','Eum nobis necessitatibus optio impedit sit.','2012-08-29 01:06:03','2012-08-29 01:06:03'),(206,'Model','Abernathy, Hodkiewicz and Kiehn','Rustic Steel Shirt','187','Quos quia reiciendis molestias incidunt eaque autem reprehenderit consequatur.','Voluptatem quo dolor animi aut quam sed.',NULL,NULL,3,0,'Praesentium amet enim dolorum deserunt ut.','Optio sunt molestiae consequatur ea aut voluptatem sed.','2012-08-29 01:06:03','2012-08-29 01:06:03'),(207,'Model','Orn-Willms','Sleek Wooden Computer','188','Similique sequi modi aut odit id est.','Enim fugit qui ratione quo velit et.',NULL,NULL,0,0,'Iste aut similique nemo consectetur autem et temporibus non.','Consequatur cupiditate consequuntur eius autem dolor at officia.','2012-08-29 01:06:03','2012-08-29 01:06:03'),(208,'Model','Pagac-Gibson','Gorgeous Granite Car','189','Aut aut ex cumque vitae atque perferendis.','Dolorem perferendis laborum eum sed ut reprehenderit ratione.',NULL,NULL,0,0,'Perferendis tempora nesciunt deleniti culpa vel labore.','Commodi culpa magni quaerat dicta dolor.','2012-08-29 01:06:03','2012-08-29 01:06:03'),(209,'Model','Schaefer-Hegmann','Sleek Cotton Table','190','Amet quibusdam qui neque.','Perspiciatis eaque quod sint ut beatae.',NULL,NULL,0,0,'Excepturi corrupti ut perferendis iste aut unde eos est.','Autem magnam modi autem harum aut ipsum.','2012-08-29 01:06:03','2012-08-29 01:06:03'),(210,'Model','Hane and Sons','Rustic Plastic Computer','191','Necessitatibus amet esse nam fuga libero incidunt voluptate.','Incidunt non in iure perspiciatis cumque consequatur.',NULL,NULL,2,0,'Iure ut asperiores quam totam.','Eaque labore porro aliquid quis dolorem id ipsa incidunt.','2012-08-30 01:06:03','2012-08-30 01:06:03'),(211,'Model','Hegmann-O\'Conner','Intelligent Rubber Shirt','192','Facilis commodi ipsam error aspernatur officiis sit.','Est cumque illo repudiandae expedita.',NULL,NULL,1,0,'Porro culpa occaecati dolore odit voluptates eos.','Mollitia non autem dolorum assumenda occaecati.','2012-08-30 01:06:03','2012-08-30 01:06:03'),(212,'Model','Reichert and Sons','Intelligent Cotton Table','193','Recusandae saepe neque ut.','Ut et hic illum error odit.',NULL,NULL,0,0,'Quis et suscipit ut dicta molestiae itaque repellat.','Tenetur repellat ullam non aut nemo amet nihil asperiores.','2012-08-30 01:06:03','2012-08-30 01:06:03'),(213,'Model','Nikolaus Inc','Small Wooden Car','194','Ea iure dignissimos aut consequuntur esse inventore veniam totam.','Quas ut enim aut dolorum ab perferendis ea.',NULL,NULL,0,0,'Aut debitis autem quia autem recusandae voluptatem qui.','Perspiciatis assumenda velit animi sequi laborum eaque in perferendis.','2012-08-30 01:06:03','2012-08-30 01:06:03'),(214,'Model','Carter, Douglas and Stiedemann','Awesome Cotton Table','195','Expedita commodi et voluptatem maiores quisquam tempora ipsam.','Aspernatur id saepe inventore et reiciendis sunt voluptatem laudantium.',NULL,NULL,0,0,'Non corrupti aut unde ipsum occaecati velit labore.','Nam laudantium ipsam veritatis optio reiciendis atque.','2012-08-30 01:06:03','2012-08-30 01:06:03'),(215,'Model','Littel-Monahan','Practical Wooden Shirt','196','Maxime enim ut voluptatem.','Corrupti laudantium facilis modi reiciendis magnam adipisci ex magni.',NULL,NULL,3,0,'Reprehenderit et sed eos cumque.','Omnis dolore perferendis ut quas aspernatur.','2012-08-30 01:06:03','2012-08-30 01:06:03'),(216,'Model','Kovacek, Kuhlman and Heidenreich','Gorgeous Granite Gloves','197','Eligendi qui ut dolorem sit nulla voluptate est doloribus.','Quidem perferendis nihil harum ut quas magni ea.',NULL,NULL,0,0,'Laborum officiis totam et ullam.','Dolorem ipsum in ea.','2012-08-30 01:06:03','2012-08-30 01:06:03'),(217,'Model','Spencer, Larkin and Kiehn','Ergonomic Plastic Shirt','198','Autem voluptatem saepe voluptatum rerum nemo reiciendis voluptatem.','Consequatur et asperiores dolorem ut.',NULL,NULL,0,0,'Odio qui ut unde.','Voluptas aut neque qui soluta.','2012-08-30 01:06:03','2012-08-30 01:06:03'),(218,'Model','Mertz-Tromp','Intelligent Plastic Shirt','199','Est autem eligendi est aut.','Illo magnam in quo reprehenderit impedit non suscipit alias.',NULL,NULL,3,0,'Dignissimos unde dolorum sapiente optio.','Repudiandae aliquid praesentium eaque et doloremque voluptatem temporibus cupiditate.','2012-08-30 01:06:03','2012-08-30 01:06:03'),(219,'Model','Champlin LLC','Ergonomic Rubber Table','200','Quis provident laboriosam facere laborum ut eligendi.','Accusamus totam nobis voluptatem animi et sapiente eos dolorum.',NULL,NULL,2,0,'Quisquam minus consequatur exercitationem aut.','Perspiciatis totam quam aliquid voluptate sunt odit.','2012-08-30 01:06:03','2012-08-30 01:06:03'),(220,'Model','Prosacco, Schinner and Blanda','Awesome Rubber Shoes','201','Ex quaerat sunt et dolorem consequuntur.','Odio aspernatur suscipit consequuntur earum.',NULL,NULL,1,0,'Perspiciatis praesentium mollitia facere qui voluptatem exercitationem consectetur.','Voluptatum sequi qui est sit illum magnam optio.','2012-08-30 01:06:03','2012-08-30 01:06:03'),(221,'Model','Barrows-Volkman','Fantastic Rubber Shirt','202','Voluptatum dolores corporis earum voluptatibus.','Ut maxime error est aut vel voluptatem.',NULL,NULL,1,0,'Consequatur dolores enim sequi quasi voluptate.','Natus cum qui eum.','2012-08-30 01:06:03','2012-08-30 01:06:03'),(222,'Model','Kuvalis, Bergnaum and Balistreri','Ergonomic Granite Hat','203','Ipsum optio dolorem ullam.','Repellat nihil beatae facilis suscipit quibusdam quae molestiae.',NULL,NULL,3,0,'Quis sint culpa quae unde quia quisquam vero.','Saepe autem mollitia optio sunt unde rem facilis.','2012-08-30 01:06:03','2012-08-30 01:06:03'),(223,'Model','Brown and Sons','Ergonomic Granite Chair','204','Esse voluptates libero ut voluptas id in nihil sint.','Voluptates facilis a voluptatem illum.',NULL,NULL,0,0,'Qui reiciendis culpa praesentium nemo nihil.','Atque saepe quia molestias eveniet autem.','2012-08-30 01:06:03','2012-08-30 01:06:03'),(224,'Model','Welch Group','Fantastic Plastic Pants','205','Ex repellat consequatur laudantium.','Nihil animi non incidunt veniam.',NULL,NULL,1,0,'Quas et et quaerat odio.','Voluptatem similique quae perferendis.','2012-08-30 01:06:03','2012-08-30 01:06:03'),(225,'Model','Herzog Group','Sleek Plastic Table','206','Dolor assumenda voluptatem veniam ipsam quia molestiae.','Omnis vel sed dolor fugiat numquam eum aut recusandae.',NULL,NULL,2,0,'Autem officia animi ad rerum suscipit.','Accusantium aperiam inventore dolorem debitis modi optio.','2012-08-30 01:06:03','2012-08-30 01:06:03'),(226,'Model','O\'Hara-Stiedemann','Sleek Steel Gloves','207','Et voluptatibus doloremque impedit dolorem est.','Harum omnis et perferendis iusto quia sed eligendi sint.',NULL,NULL,0,0,'Explicabo autem blanditiis dolorem nesciunt cum odit dolor.','Excepturi eos quo esse.','2012-08-30 01:06:03','2012-08-30 01:06:03'),(227,'Model','Walsh-Mertz','Fantastic Rubber Chair','208','Enim laborum provident commodi voluptates excepturi.','Qui ipsam aut aut aut voluptatem impedit aliquid.',NULL,NULL,0,0,'Officia hic quia sunt.','Minus voluptatem aliquam consequatur velit.','2012-08-30 01:06:03','2012-08-30 01:06:03'),(228,'Model','Koelpin, Gaylord and Schimmel','Practical Steel Gloves','209','Architecto iure ipsam explicabo eos enim expedita non laudantium.','Excepturi officiis vel atque nesciunt qui molestias odit.',NULL,NULL,3,0,'Quidem distinctio sint qui sequi nostrum corporis et consequuntur.','Eum tempora aut qui iure velit soluta odit.','2012-08-30 01:06:03','2012-08-30 01:06:03'),(229,'Model','Stamm, Koepp and Langworth','Rustic Wooden Pants','210','Velit quo quia inventore.','At aperiam dignissimos et maxime soluta unde eum.',NULL,NULL,3,0,'Dolores fugit ut autem libero omnis fuga.','Necessitatibus quo est et maiores.','2012-08-30 01:06:03','2012-08-30 01:06:03'),(230,'Model','Stoltenberg Inc','Rustic Plastic Car','211','Voluptatibus officia qui placeat quibusdam rerum ut enim.','Sed reprehenderit dolores velit.',NULL,NULL,2,0,'Nisi vitae recusandae repellat sequi nesciunt repellendus excepturi earum.','Dolores a vitae facilis.','2012-08-30 01:06:03','2012-08-30 01:06:03'),(231,'Model','McCullough-Gulgowski','Awesome Steel Shoes','212','Aperiam quaerat aliquam eum dolorem fugiat.','Tenetur ut perspiciatis ut vitae itaque earum.',NULL,NULL,0,0,'Iusto unde minus dolores rerum sequi voluptas.','Id corporis et qui.','2012-08-30 01:06:03','2012-08-30 01:06:03'),(232,'Model','Tillman-Ernser','Ergonomic Granite Pants','213','Sint doloremque beatae enim.','Magni laudantium et sunt deleniti.',NULL,NULL,2,0,'Hic sit maxime accusantium.','Facere error placeat cum eum a laborum eius illo.','2012-08-30 01:06:03','2012-08-30 01:06:03'),(233,'Model','Bashirian Inc','Intelligent Concrete Gloves','214','Qui quia eligendi maiores.','Adipisci ratione architecto odit ex animi quaerat temporibus dignissimos.',NULL,NULL,0,0,'Non sunt error ipsam veniam quae.','Eos odio repellendus sapiente laudantium adipisci perferendis similique.','2012-08-30 01:06:03','2012-08-30 01:06:03'),(234,'Model','Upton, Daniel and Ankunding','Sleek Plastic Computer','215','Animi voluptas placeat dolorum quis ipsum et qui.','Laboriosam omnis qui dicta nihil nesciunt culpa.',NULL,NULL,0,0,'Perspiciatis fugiat voluptatem sint aut.','Eligendi molestiae est accusamus eum rem amet.','2012-08-30 01:06:03','2012-08-30 01:06:03'),(235,'Model','Nader Group','Rustic Cotton Computer','216','Impedit itaque qui est voluptatem a.','Libero quasi pariatur rem.',NULL,NULL,1,0,'Nulla aspernatur accusamus beatae eligendi est debitis est minima.','Officia voluptate sint sunt cum et iusto.','2012-08-30 01:06:03','2012-08-30 01:06:03'),(236,'Model','Hintz-Ebert','Awesome Steel Table','217','Saepe aut delectus provident.','Omnis quidem aliquid incidunt exercitationem eaque velit.',NULL,NULL,0,0,'Quam esse ex omnis ut qui iure aut quia.','Voluptatem ullam consectetur alias sint aliquam architecto illum earum.','2012-08-30 01:06:03','2012-08-30 01:06:03'),(237,'Model','Dibbert-Heathcote','Awesome Granite Car','218','Veniam ullam neque molestias.','Ipsam temporibus sunt consequatur vitae.',NULL,NULL,0,0,'Quis distinctio placeat nemo magnam qui est maiores veritatis.','Cum modi repellat omnis ut quia laborum.','2012-08-30 01:06:03','2012-08-30 01:06:03'),(238,'Model','Zulauf LLC','Intelligent Concrete Table','219','Placeat eos aut tempora possimus nihil fuga.','Sequi dolores nam molestiae.',NULL,NULL,0,0,'Et ex consequatur id provident sequi et.','Veniam cupiditate sed hic enim.','2012-08-30 01:06:03','2012-08-30 01:06:03'),(239,'Model','Hodkiewicz and Sons','Practical Steel Pants','220','Sapiente ad odit animi est.','Nam voluptatem occaecati asperiores est quis.',NULL,NULL,2,0,'Cum iste vitae qui.','Quibusdam repellat officiis dolor.','2012-08-30 01:06:03','2012-08-30 01:06:03'),(240,'Model','Ledner-Bosco','Ergonomic Steel Shoes','221','Sit dicta minima eveniet perspiciatis blanditiis quia facilis ullam.','Reprehenderit sunt quasi quisquam expedita maiores reiciendis hic totam.',NULL,NULL,0,0,'Cupiditate velit illum magnam laudantium.','Ut et incidunt fugit qui corrupti.','2012-08-30 01:06:03','2012-08-30 01:06:03'),(241,'Model','Marks, Brekke and Hauck','Fantastic Wooden Pants','222','Qui eius qui qui eum quos officiis laboriosam nihil.','Provident dolores excepturi quia.',NULL,NULL,3,0,'Quidem ut ut alias voluptates porro.','Dolores nostrum temporibus quasi rerum et perspiciatis voluptatem.','2012-08-30 01:06:03','2012-08-30 01:06:03'),(242,'Model','Berge, Grady and Kihn','Gorgeous Cotton Chair','223','Eligendi dolores mollitia adipisci qui deleniti.','Quae sed est praesentium a voluptatum.',NULL,NULL,3,0,'Perferendis saepe ut ut fugiat aut illo commodi.','Inventore eum rem est voluptas illo.','2012-08-30 01:06:03','2012-08-30 01:06:03'),(243,'Model','Greenholt Inc','Practical Granite Shirt','224','Soluta quae possimus veniam facilis sunt iusto.','Ut beatae officiis ab consequatur necessitatibus debitis.',NULL,NULL,3,0,'Aut ducimus eaque et nihil.','Quis enim qui ut.','2012-08-30 01:06:03','2012-08-30 01:06:03'),(244,'Model','Heller-Ferry','Gorgeous Steel Shirt','225','Exercitationem inventore qui quia a eos quia ut.','Quia voluptatem quo aut suscipit sint qui non nemo.',NULL,NULL,1,0,'Ut voluptate et dolores voluptatum et earum.','Expedita ut nisi architecto qui deleniti blanditiis repellat cupiditate.','2012-08-30 01:06:03','2012-08-30 01:06:03'),(245,'Model','Goldner-Gottlieb','Ergonomic Steel Computer','226','Voluptatum et rem suscipit velit.','Autem error iusto dolorem quas minima.',NULL,NULL,1,0,'Illum quis distinctio repudiandae.','Animi nisi qui nostrum incidunt ratione.','2012-08-30 01:06:03','2012-08-30 01:06:03'),(246,'Model','Wilderman LLC','Intelligent Wooden Pants','227','Odit voluptatem ipsa perspiciatis ut est natus.','Veniam facilis expedita in natus dolore aliquid.',NULL,NULL,2,0,'Nulla impedit rerum veniam excepturi.','Iure id aliquam est.','2012-08-30 01:06:03','2012-08-30 01:06:03'),(247,'Model','Roberts Inc','Ergonomic Plastic Chair','228','Odit totam quis recusandae.','Illum sequi saepe sed voluptatum.',NULL,NULL,0,0,'Quae consequatur consequatur earum nam et sint.','Ut nam vero ea necessitatibus.','2012-08-30 01:06:03','2012-08-30 01:06:03'),(248,'Model','Kuphal-Welch','Small Granite Car','229','Et esse nisi exercitationem ducimus.','Non amet saepe qui vero laboriosam tenetur cum ipsum.',NULL,NULL,0,0,'Corporis alias delectus quia.','Nisi saepe odit illo molestiae doloremque reprehenderit.','2012-08-30 01:06:03','2012-08-30 01:06:03'),(249,'Model','Bosco-Wuckert','Small Cotton Shoes','230','Velit repudiandae enim eius.','Placeat quis labore sed vel et.',NULL,NULL,3,0,'Id in eos consequuntur quaerat quia doloremque nam.','Dolores nihil molestiae vel totam mollitia.','2012-08-30 01:06:03','2012-08-30 01:06:03'),(250,'Model','Considine, Langworth and Graham','Rustic Rubber Hat','231','Maiores cumque dolore aspernatur error.','Laudantium eveniet deleniti eos voluptatem odit a dolorem.',NULL,NULL,2,0,'Quisquam sed cumque impedit alias repudiandae.','Et earum reprehenderit enim beatae quam est esse.','2012-08-30 01:06:03','2012-08-30 01:06:03'),(251,'Model','Hodkiewicz, Mann and Volkman','Fantastic Steel Shirt','232','Molestiae sunt accusantium porro libero commodi suscipit blanditiis.','Autem officia sunt tempore laudantium.',NULL,NULL,3,0,'Temporibus maiores aliquid architecto assumenda soluta molestias perferendis non.','Pariatur sint rem nemo eveniet quas eos natus doloremque.','2012-08-30 01:06:03','2012-08-30 01:06:03'),(252,'Model','Gibson-Breitenberg','Fantastic Wooden Table','233','Doloremque deserunt illo qui cupiditate eum eos rerum.','Corrupti nesciunt sit totam et nihil fugiat.',NULL,NULL,1,0,'Repellendus ut culpa ut veritatis aut a accusantium.','Qui voluptas assumenda et voluptatem voluptas.','2012-08-30 01:06:03','2012-08-30 01:06:03'),(253,'Model','Witting, Hartmann and Homenick','Gorgeous Rubber Pants','234','Beatae voluptate optio nemo eum amet rem.','Expedita quas et velit fugiat eum dolor id.',NULL,NULL,3,0,'Nobis illum a enim cupiditate et illo vero omnis.','Illo iusto voluptate ut veniam.','2012-08-30 01:06:03','2012-08-30 01:06:03'),(254,'Model','Hudson LLC','Rustic Granite Table','235','Sit eos qui nisi excepturi tenetur temporibus quia aut.','Vel dolores numquam voluptas tempora ut qui mollitia dicta.',NULL,NULL,1,0,'Debitis voluptatem corrupti fugit a.','Accusantium aliquam quisquam distinctio.','2012-08-30 01:06:03','2012-08-30 01:06:03'),(255,'Model','Kirlin-Batz','Practical Rubber Computer','236','Inventore fuga et maxime commodi accusamus.','Quia vel voluptatibus doloremque temporibus aspernatur nemo quam alias.',NULL,NULL,2,0,'Maxime ut neque sequi ratione id quis.','Ut aliquam quaerat eos cumque nulla iure facere.','2012-08-30 01:06:03','2012-08-30 01:06:03'),(256,'Model','Spinka-Pouros','Sleek Plastic Shirt','237','Recusandae perspiciatis in et id quasi asperiores quaerat nulla.','Incidunt autem ullam modi.',NULL,NULL,3,0,'Rerum non ipsum cum exercitationem.','Officiis quam dolor facere.','2012-08-30 01:06:03','2012-08-30 01:06:03'),(257,'Model','Conn Inc','Ergonomic Granite Computer','238','Ex omnis velit voluptatem voluptas.','Est possimus dolorum ut.',NULL,NULL,3,0,'Excepturi eum dicta molestiae iste aut velit sunt.','Sit sed velit vero commodi est ut quis.','2012-08-30 01:06:03','2012-08-30 01:06:03'),(258,'Model','Barton, Walsh and Crona','Rustic Granite Shoes','239','Consequatur est et adipisci assumenda amet molestias quas eum.','Alias qui ea tempore odio corporis consequuntur pariatur porro.',NULL,NULL,3,0,'Minima consequuntur mollitia cupiditate deleniti dolorum.','Perspiciatis quasi pariatur esse et sunt consequuntur.','2012-08-30 01:06:03','2012-08-30 01:06:03'),(259,'Model','Armstrong-Carroll','Awesome Granite Computer','240','Nostrum fugit ut necessitatibus facilis est.','Qui iste accusantium quia.',NULL,NULL,1,0,'Corporis quaerat in qui sunt dolor.','Quia consequuntur voluptates et sit aperiam.','2012-08-30 01:06:03','2012-08-30 01:06:03'),(260,'Model','Cassin-Lebsack','Gorgeous Cotton Computer','241','Quas voluptas omnis minus veritatis.','Ipsam odit aliquid pariatur voluptas in alias magnam.',NULL,NULL,1,0,'Iste ipsam neque sequi fugit.','Et velit dolorum corrupti.','2012-08-30 01:06:03','2012-08-30 01:06:03'),(261,'Model','Jacobson, Quitzon and Swaniawski','Practical Plastic Chair','242','Dolorem aut ut doloremque repellendus sunt voluptas placeat.','Doloribus velit quod eos labore expedita dolorem et.',NULL,NULL,2,0,'Vel dignissimos enim beatae molestiae cumque provident perferendis.','Sunt commodi provident voluptate quod vel aspernatur facilis aliquam.','2012-08-30 01:06:03','2012-08-30 01:06:03'),(262,'Model','Steuber, Casper and Gibson','Awesome Concrete Computer','243','Aliquam eos voluptatem ut tenetur.','Et error velit ex.',NULL,NULL,3,0,'Temporibus distinctio corporis qui dolor cum ut.','Et sapiente aut ad non omnis aut.','2012-08-30 01:06:03','2012-08-30 01:06:03'),(263,'Model','Runolfsdottir LLC','Ergonomic Cotton Computer','244','Dolorem alias molestiae aut similique.','Aliquid perspiciatis tempore nesciunt sed quia omnis.',NULL,NULL,0,0,'Esse eveniet doloremque eum quis eius.','Eveniet nemo et deleniti distinctio et odit unde corrupti.','2012-08-25 01:06:03','2012-08-25 01:06:03'),(264,'Model','Swift, Pollich and Anderson','Ergonomic Steel Gloves','245','Iusto aspernatur quas optio nisi velit.','Quas corporis nisi iusto ad nihil.',NULL,NULL,2,0,'Veniam nulla accusantium delectus.','Enim saepe et excepturi alias molestiae quo sed.','2012-08-25 01:06:03','2012-08-25 01:06:03'),(265,'Model','Heller, Ziemann and Bartell','Small Steel Shirt','246','Praesentium necessitatibus odit corrupti nobis.','Ad aut necessitatibus et.',NULL,NULL,0,0,'Saepe consequuntur cupiditate delectus nemo.','Quia repudiandae soluta a facilis voluptatem quia et delectus.','2012-08-25 01:06:03','2012-08-25 01:06:03'),(266,'Model','Leffler-Kulas','Practical Plastic Shirt','247','Voluptatum nesciunt sint qui saepe rem laudantium enim.','Aut consequatur officia asperiores quo.',NULL,NULL,3,0,'Et doloremque consectetur consequatur aut ut.','Praesentium tempora distinctio illum.','2012-08-25 01:06:03','2012-08-25 01:06:03'),(267,'Model','Walsh Inc','Small Granite Gloves','248','Culpa repellat molestias ratione veniam atque.','Qui eos sunt quod beatae.',NULL,NULL,2,0,'Sunt facilis minus voluptate et modi vitae quo omnis.','Aut dicta fugit qui et.','2012-08-30 01:06:03','2012-08-30 01:06:03'),(268,'Software','Lind, Leffler and Runte','Incredible Steel Shoes','250',NULL,NULL,NULL,NULL,0,0,NULL,NULL,'2012-08-30 01:06:03','2012-08-30 01:06:03'),(269,'Model','Beatty-Ratke','Sleek Granite Hat','251','Ut numquam ratione molestiae tempore sed in qui.','Eum nostrum ut dolorem et voluptatem aspernatur.',NULL,NULL,3,0,'Amet eum perferendis reprehenderit.','Et repellendus molestiae ut provident qui dolore officia pariatur.','2012-08-25 01:06:03','2012-08-25 01:06:03'),(270,'Model','Terry, Hagenes and Cronin','Intelligent Granite Table','253','Quia tempora recusandae aut doloribus est repudiandae.','Sit asperiores incidunt perspiciatis.',NULL,NULL,1,0,'Quia a rerum rem culpa omnis.','Quo molestiae pariatur sed cum nulla iste quia.','2012-08-30 01:06:03','2012-08-30 01:06:03'),(271,'Software','Toy-Hansen','Ergonomic Wooden Shirt','254',NULL,NULL,NULL,NULL,0,0,NULL,NULL,'2012-08-30 01:06:03','2012-08-30 01:06:03'),(272,'Model','Ankunding and Sons','Practical Rubber Car','255','Reiciendis maiores ut adipisci quod.','Pariatur nulla quis voluptates iusto sapiente.',NULL,NULL,3,0,'Sunt est voluptatem qui beatae.','Praesentium voluptates vitae atque voluptatem tenetur minima non molestiae.','2012-08-30 01:06:03','2012-08-30 01:06:03'),(273,'Model','Will-Sauer','Incredible Cotton Hat','257','Quis ullam tempora odit magnam possimus unde sed.','Et eligendi explicabo ducimus sit deserunt voluptas.',NULL,NULL,0,0,'Eius in deserunt quos soluta totam.','Facilis commodi est veritatis voluptatem totam.','2012-08-30 01:06:03','2012-08-30 01:06:03'),(274,'Model','Kihn, Halvorson and Barrows','Intelligent Plastic Car','258','Culpa deleniti qui iure odio quidem quas.','Facere ea mollitia illo tenetur similique atque.',NULL,NULL,0,0,'Esse minus ut non sit natus omnis.','Velit nemo qui minima inventore.','2012-08-30 01:06:03','2012-08-30 01:06:03'),(275,'Model','Graham Group','Sleek Wooden Pants','259','Molestiae consequatur distinctio sint.','Exercitationem porro in illum nemo modi est nisi omnis.',NULL,NULL,1,0,'Rerum occaecati quos qui ut voluptatem doloribus.','Non nemo dignissimos illum eveniet quod corporis cupiditate.','2012-08-30 01:06:03','2012-08-30 01:06:03'),(276,'Model','D\'Amore and Sons','Small Granite Shoes','260','Corrupti debitis dolores maiores.','Tenetur dolore sed quas sint sint iste sit aut.',NULL,NULL,1,0,'Occaecati alias aut facere exercitationem voluptas.','Minus quia molestiae quam.','2012-08-30 01:06:03','2012-08-30 01:06:03'),(277,'Model','Mante and Sons','Fantastic Rubber Hat','261','Nostrum aspernatur eius dolore voluptate officia et dignissimos perspiciatis.','Magni dicta ratione nam explicabo.',NULL,NULL,3,0,'Aliquam enim quos quaerat enim qui accusantium.','Repudiandae totam ipsum aut sit.','2012-08-30 01:06:03','2012-08-30 01:06:03'),(278,'Model','Spinka Group','Incredible Concrete Car','262','Quia facilis ipsa illo.','Minima sit nihil est.',NULL,NULL,0,0,'Blanditiis hic nulla explicabo sequi consequatur qui qui.','Exercitationem velit delectus molestiae.','2012-08-30 01:06:03','2012-08-30 01:06:03'),(279,'Model','Wisozk-Reichel','Incredible Cotton Shoes','263','Aut id voluptas quo dicta est rem.','Labore repudiandae consequatur nesciunt dolor porro.',NULL,NULL,1,0,'Voluptas exercitationem blanditiis tenetur soluta est rerum tempore recusandae.','Quo reiciendis omnis qui totam ipsa nesciunt.','2012-08-30 01:06:03','2012-08-30 01:06:03'),(280,'Model','Price, Cole and Price','Rustic Plastic Shirt','264','Similique incidunt ad eligendi et ea.','Esse voluptatem dolores occaecati dolor quisquam nesciunt tempora.',NULL,NULL,3,0,'Neque eveniet sint libero mollitia id incidunt.','Sit quos et temporibus nulla enim tempore ipsam.','2012-08-30 01:06:03','2012-08-30 01:06:03'),(281,'Model','White, Ankunding and Hettinger','Intelligent Granite Gloves','265','Amet rem et doloremque illum.','Provident illo est optio quia sed.',NULL,NULL,0,0,'Eum omnis et iure exercitationem et asperiores ut praesentium.','Dolorem rerum omnis sapiente nihil explicabo eaque asperiores.','2012-08-30 01:06:03','2012-08-30 01:06:03'),(282,'Model','Herzog Inc','Ergonomic Rubber Hat','266','Et sed cumque aut in cupiditate illo corporis rem.','Sit est explicabo sint sunt laborum optio inventore fugiat.',NULL,NULL,0,0,'A provident tenetur fugit eos.','Rerum adipisci nihil eos modi quo libero.','2012-08-30 01:06:03','2012-08-30 01:06:03'),(283,'Model','Dibbert-Roberts','Fantastic Concrete Shoes','267','Quia incidunt iste ut ad error quaerat.','Id aut voluptas vitae enim excepturi nisi dignissimos eius.',NULL,NULL,0,0,'Consequuntur nesciunt ipsum asperiores in alias.','Et ea aut eligendi totam velit consequatur.','2012-08-30 01:06:03','2012-08-30 01:06:03'),(284,'Model','Hahn LLC','Awesome Cotton Gloves','268','Hic dolorum quia tempora quis corporis.','Et molestiae in consequatur est hic et consectetur quis.',NULL,NULL,2,0,'Alias autem enim sed.','Nulla corrupti molestias laudantium consectetur quia enim.','2012-08-30 01:06:03','2012-08-30 01:06:03'),(285,'Model','Langosh, Hammes and Larson','Sleek Concrete Shirt','269','Nisi ut voluptates nostrum neque sed aliquam sunt velit.','Ut ut harum aut maxime maiores autem dignissimos.',NULL,NULL,2,0,'Consequatur et libero optio et explicabo.','Voluptatem soluta omnis aut et vel sunt consectetur a.','2012-08-30 01:06:03','2012-08-30 01:06:03'),(286,'Model','Nolan and Sons','Ergonomic Rubber Chair','270','A consequatur inventore quia quod numquam consectetur harum vel.','Ut illo numquam cumque ipsa et vero dolor earum.',NULL,NULL,0,0,'Assumenda voluptatem odio dolores aperiam ab.','Voluptatum qui nihil est aut.','2012-08-30 01:06:03','2012-08-30 01:06:03'),(287,'Model','Kohler Inc','Gorgeous Plastic Car','271','Neque aut facilis quis magnam.','Reprehenderit eius aut temporibus minus quas quaerat corrupti fugit.',NULL,NULL,3,0,'Fuga molestias consequuntur iusto.','Velit sequi provident sapiente eum voluptatem aliquid in.','2012-08-30 01:06:03','2012-08-30 01:06:03'),(288,'Model','Kunze and Sons','Incredible Granite Chair','272','Dolorem consequatur velit atque suscipit molestiae repellendus enim.','Omnis totam qui praesentium ipsum velit in.',NULL,NULL,1,0,'Ut iure error facilis aut.','Quis molestiae molestias suscipit tenetur et voluptas unde.','2012-08-30 01:06:03','2012-08-30 01:06:03'),(289,'Model','Hermann, Kshlerin and Goyette','Ergonomic Wooden Chair','273','Rerum sed dolorem numquam ut cum repellendus quasi.','Qui incidunt sapiente eaque facilis.',NULL,NULL,0,0,'Pariatur illo est velit vel.','Omnis quaerat est iste et temporibus ad.','2012-08-30 01:06:03','2012-08-30 01:06:03'),(290,'Model','Windler, Jerde and Weber','Incredible Wooden Hat','274','Ut veritatis consequatur nostrum et autem saepe occaecati eveniet.','Tenetur esse quas soluta sint.',NULL,NULL,1,0,'Autem qui fuga dolores nostrum dignissimos nihil et.','Deleniti aliquid id sint sed ea molestiae ad.','2012-08-30 01:06:03','2012-08-30 01:06:03'),(291,'Model','Hettinger LLC','Awesome Granite Hat','275','Harum qui voluptas tempora.','Qui animi consequuntur quia in deleniti dolores qui.',NULL,NULL,3,0,'Autem ut magni totam quia.','Sit doloribus quisquam dolores itaque autem perspiciatis.','2012-08-30 01:06:03','2012-08-30 01:06:03'),(292,'Model','Jerde-Haley','Incredible Wooden Table','276','Beatae illum sunt atque tempore quas eos esse.','Veniam et quam et voluptas qui nihil.',NULL,NULL,1,0,'Natus excepturi fuga facilis porro quia.','A ab quis est unde earum omnis ducimus.','2012-08-25 01:06:03','2012-08-25 01:06:03'),(293,'Model','Lebsack-Gorczany','Small Concrete Computer','277','Deserunt sequi eligendi nesciunt.','Atque quibusdam laboriosam quos dolor asperiores corrupti magnam cumque.',NULL,NULL,3,0,'Commodi cum maiores cupiditate cumque.','Nisi consequuntur voluptates cumque ullam.','2012-08-25 01:06:03','2012-08-25 01:06:03'),(294,'Model','Nader-Schaefer','Incredible Rubber Computer','278','Fuga saepe dicta harum.','Dicta aut suscipit alias et.',NULL,NULL,2,0,'Saepe neque sequi facilis architecto eaque maxime suscipit et.','Quae maxime molestiae officiis mollitia nemo.','2012-08-25 01:06:03','2012-08-25 01:06:03'),(295,'Model','Lehner, Marks and Schmidt','Gorgeous Plastic Table','279','Dolorem sit aperiam totam non iure ea.','Ipsum ad repellendus et fugiat id facere nihil.',NULL,NULL,3,0,'Nemo delectus rerum voluptas rerum aliquam.','Culpa quod ipsum vitae dolores suscipit.','2012-08-25 01:06:03','2012-08-25 01:06:03'),(296,'Model','Hodkiewicz-Hand','Small Plastic Hat','280','Molestias placeat molestiae velit.','Eligendi doloribus blanditiis rerum et omnis aliquam exercitationem.',NULL,NULL,0,0,'Maiores non nostrum quibusdam.','Sed possimus vel rerum consequatur.','2012-08-26 01:06:03','2012-08-26 01:06:03'),(297,'Model','Huel and Sons','Practical Wooden Chair','281','Voluptatem dicta id aperiam consequatur ullam est debitis.','Esse voluptates cumque qui.',NULL,NULL,2,0,'Quidem omnis nisi voluptate optio nobis tempora.','Nisi ipsa fuga officiis harum eaque.','2012-08-26 01:06:03','2012-08-26 01:06:03'),(298,'Model','Mills Inc','Rustic Granite Computer','282','Fuga officiis mollitia placeat accusamus modi veniam provident.','Omnis atque sunt minus accusamus eum est eligendi suscipit.',NULL,NULL,3,0,'Saepe mollitia numquam quam blanditiis quae maxime.','Est ea possimus quidem quam dignissimos illum fuga.','2012-08-26 01:06:03','2012-08-26 01:06:03');
/*!40000 ALTER TABLE `models` ENABLE KEYS */;
UNLOCK TABLES;

--
-- Table structure for table `models_compatibles`
--

DROP TABLE IF EXISTS `models_compatibles`;
/*!40101 SET @saved_cs_client     = @@character_set_client */;
/*!40101 SET character_set_client = utf8 */;
CREATE TABLE `models_compatibles` (
  `model_id` int(11) DEFAULT NULL,
  `compatible_id` int(11) DEFAULT NULL,
  KEY `index_models_compatibles_on_compatible_id` (`compatible_id`),
  KEY `index_models_compatibles_on_model_id` (`model_id`),
  CONSTRAINT `models_compatibles_compatible_id_fk` FOREIGN KEY (`compatible_id`) REFERENCES `models` (`id`),
  CONSTRAINT `models_compatibles_model_id_fk` FOREIGN KEY (`model_id`) REFERENCES `models` (`id`)
) ENGINE=InnoDB DEFAULT CHARSET=utf8 COLLATE=utf8_unicode_ci;
/*!40101 SET character_set_client = @saved_cs_client */;

--
-- Dumping data for table `models_compatibles`
--

LOCK TABLES `models_compatibles` WRITE;
/*!40000 ALTER TABLE `models_compatibles` DISABLE KEYS */;
INSERT INTO `models_compatibles` VALUES (15,14),(16,14),(17,14);
/*!40000 ALTER TABLE `models_compatibles` ENABLE KEYS */;
UNLOCK TABLES;

--
-- Table structure for table `notifications`
--

DROP TABLE IF EXISTS `notifications`;
/*!40101 SET @saved_cs_client     = @@character_set_client */;
/*!40101 SET character_set_client = utf8 */;
CREATE TABLE `notifications` (
  `id` int(11) NOT NULL AUTO_INCREMENT,
  `user_id` int(11) DEFAULT NULL,
  `title` varchar(255) COLLATE utf8_unicode_ci DEFAULT '',
  `created_at` datetime NOT NULL,
  PRIMARY KEY (`id`),
  KEY `index_notifications_on_user_id` (`user_id`),
  CONSTRAINT `notifications_user_id_fk` FOREIGN KEY (`user_id`) REFERENCES `users` (`id`) ON DELETE CASCADE
) ENGINE=InnoDB DEFAULT CHARSET=utf8 COLLATE=utf8_unicode_ci;
/*!40101 SET character_set_client = @saved_cs_client */;

--
-- Dumping data for table `notifications`
--

LOCK TABLES `notifications` WRITE;
/*!40000 ALTER TABLE `notifications` DISABLE KEYS */;
/*!40000 ALTER TABLE `notifications` ENABLE KEYS */;
UNLOCK TABLES;

--
-- Table structure for table `numerators`
--

DROP TABLE IF EXISTS `numerators`;
/*!40101 SET @saved_cs_client     = @@character_set_client */;
/*!40101 SET character_set_client = utf8 */;
CREATE TABLE `numerators` (
  `id` int(11) NOT NULL AUTO_INCREMENT,
  `item` int(11) DEFAULT NULL,
  PRIMARY KEY (`id`)
) ENGINE=InnoDB DEFAULT CHARSET=utf8 COLLATE=utf8_unicode_ci;
/*!40101 SET character_set_client = @saved_cs_client */;

--
-- Dumping data for table `numerators`
--

LOCK TABLES `numerators` WRITE;
/*!40000 ALTER TABLE `numerators` DISABLE KEYS */;
/*!40000 ALTER TABLE `numerators` ENABLE KEYS */;
UNLOCK TABLES;

--
-- Table structure for table `options`
--

DROP TABLE IF EXISTS `options`;
/*!40101 SET @saved_cs_client     = @@character_set_client */;
/*!40101 SET character_set_client = utf8 */;
CREATE TABLE `options` (
  `id` int(11) NOT NULL AUTO_INCREMENT,
  `inventory_pool_id` int(11) DEFAULT NULL,
  `inventory_code` varchar(255) COLLATE utf8_unicode_ci DEFAULT NULL,
  `manufacturer` varchar(255) COLLATE utf8_unicode_ci DEFAULT NULL,
  `product` varchar(255) COLLATE utf8_unicode_ci NOT NULL,
  `version` varchar(255) COLLATE utf8_unicode_ci DEFAULT NULL,
  `price` decimal(8,2) DEFAULT NULL,
  PRIMARY KEY (`id`),
  KEY `index_options_on_inventory_pool_id` (`inventory_pool_id`),
  CONSTRAINT `options_inventory_pool_id_fk` FOREIGN KEY (`inventory_pool_id`) REFERENCES `inventory_pools` (`id`)
) ENGINE=InnoDB AUTO_INCREMENT=8 DEFAULT CHARSET=utf8 COLLATE=utf8_unicode_ci;
/*!40101 SET character_set_client = @saved_cs_client */;

--
-- Dumping data for table `options`
--

LOCK TABLES `options` WRITE;
/*!40000 ALTER TABLE `options` DISABLE KEYS */;
INSERT INTO `options` VALUES (1,1,'akku-aa',NULL,'Akku AA','88','879.00'),(2,1,'akku-aaa',NULL,'Akku AAA','89','690.00'),(3,1,'usb',NULL,'USB Kabel','90','1309.00'),(4,1,'sandsack123',NULL,'Sandsack','91','1128.00'),(5,1,'odi2797',NULL,'Small Rubber Chair','249','527.00'),(6,2,'rep3923',NULL,'Ergonomic Cotton Computer','252','1163.00'),(7,1,'est7217',NULL,'Incredible Cotton Computer','256','162.00');
/*!40000 ALTER TABLE `options` ENABLE KEYS */;
UNLOCK TABLES;

--
-- Table structure for table `partitions`
--

DROP TABLE IF EXISTS `partitions`;
/*!40101 SET @saved_cs_client     = @@character_set_client */;
/*!40101 SET character_set_client = utf8 */;
CREATE TABLE `partitions` (
  `id` int(11) NOT NULL AUTO_INCREMENT,
  `model_id` int(11) DEFAULT NULL,
  `inventory_pool_id` int(11) DEFAULT NULL,
  `group_id` int(11) DEFAULT NULL,
  `quantity` int(11) DEFAULT NULL,
  PRIMARY KEY (`id`),
  UNIQUE KEY `index_partitions_on_model_id_and_inventory_pool_id_and_group_id` (`model_id`,`inventory_pool_id`,`group_id`),
  KEY `partitions_group_id_fk` (`group_id`),
  KEY `partitions_inventory_pool_id_fk` (`inventory_pool_id`),
  CONSTRAINT `partitions_model_id_fk` FOREIGN KEY (`model_id`) REFERENCES `models` (`id`) ON DELETE CASCADE,
  CONSTRAINT `partitions_group_id_fk` FOREIGN KEY (`group_id`) REFERENCES `groups` (`id`),
  CONSTRAINT `partitions_inventory_pool_id_fk` FOREIGN KEY (`inventory_pool_id`) REFERENCES `inventory_pools` (`id`)
) ENGINE=InnoDB AUTO_INCREMENT=11 DEFAULT CHARSET=utf8 COLLATE=utf8_unicode_ci;
/*!40101 SET character_set_client = @saved_cs_client */;

--
-- Dumping data for table `partitions`
--

LOCK TABLES `partitions` WRITE;
/*!40000 ALTER TABLE `partitions` DISABLE KEYS */;
INSERT INTO `partitions` VALUES (1,10,1,4,1),(2,8,1,1,1),(3,8,1,2,1),(4,15,1,1,1),(5,16,1,5,1),(6,17,1,6,1),(7,19,1,7,1),(8,21,1,7,1),(9,20,1,8,1),(10,22,1,10,1);
/*!40000 ALTER TABLE `partitions` ENABLE KEYS */;
UNLOCK TABLES;

--
-- Temporary table structure for view `partitions_with_generals`
--

DROP TABLE IF EXISTS `partitions_with_generals`;
/*!50001 DROP VIEW IF EXISTS `partitions_with_generals`*/;
SET @saved_cs_client     = @@character_set_client;
SET character_set_client = utf8;
/*!50001 CREATE TABLE `partitions_with_generals` (
  `model_id` int(11),
  `inventory_pool_id` int(11),
  `group_id` int(11),
  `quantity` decimal(33,0)
) ENGINE=MyISAM */;
SET character_set_client = @saved_cs_client;

--
-- Table structure for table `properties`
--

DROP TABLE IF EXISTS `properties`;
/*!40101 SET @saved_cs_client     = @@character_set_client */;
/*!40101 SET character_set_client = utf8 */;
CREATE TABLE `properties` (
  `id` int(11) NOT NULL AUTO_INCREMENT,
  `model_id` int(11) DEFAULT NULL,
  `key` varchar(255) COLLATE utf8_unicode_ci DEFAULT NULL,
  `value` varchar(255) COLLATE utf8_unicode_ci DEFAULT NULL,
  PRIMARY KEY (`id`),
  KEY `index_properties_on_model_id` (`model_id`),
  CONSTRAINT `properties_model_id_fk` FOREIGN KEY (`model_id`) REFERENCES `models` (`id`) ON DELETE CASCADE
) ENGINE=InnoDB AUTO_INCREMENT=13 DEFAULT CHARSET=utf8 COLLATE=utf8_unicode_ci;
/*!40101 SET character_set_client = @saved_cs_client */;

--
-- Dumping data for table `properties`
--

LOCK TABLES `properties` WRITE;
/*!40000 ALTER TABLE `properties` DISABLE KEYS */;
INSERT INTO `properties` VALUES (1,15,'Rotordurchmesser','120'),(2,15,'Akkus','2'),(3,15,'Farbe','Rot'),(4,16,'Rotordurchmesser','120'),(5,16,'Akkus','2'),(6,16,'Farbe','Rot'),(7,16,'max. Speed','80 kmh'),(8,16,'Gyro','Ja'),(9,16,'Achsen','3-Achsen'),(10,17,'Rotordurchmesser','120'),(11,17,'Akkus','2'),(12,17,'Farbe','Rot');
/*!40000 ALTER TABLE `properties` ENABLE KEYS */;
UNLOCK TABLES;

--
-- Table structure for table `purposes`
--

DROP TABLE IF EXISTS `purposes`;
/*!40101 SET @saved_cs_client     = @@character_set_client */;
/*!40101 SET character_set_client = utf8 */;
CREATE TABLE `purposes` (
  `id` int(11) NOT NULL AUTO_INCREMENT,
  `description` text COLLATE utf8_unicode_ci,
  PRIMARY KEY (`id`)
) ENGINE=InnoDB AUTO_INCREMENT=73 DEFAULT CHARSET=utf8 COLLATE=utf8_unicode_ci;
/*!40101 SET character_set_client = @saved_cs_client */;

--
-- Dumping data for table `purposes`
--

LOCK TABLES `purposes` WRITE;
/*!40000 ALTER TABLE `purposes` DISABLE KEYS */;
INSERT INTO `purposes` VALUES (1,'Bentige ich fr die Aufnahmen meiner Abschlussarbeit.'),(2,'Bentige ich fr die Aufnahmen meiner Abschlussarbeit.'),(3,'A itaque eum est explicabo quaerat voluptas.'),(4,'Rerum eos reprehenderit natus.'),(5,'Voluptatem et qui aut voluptates sed.'),(6,'Eveniet totam dignissimos qui.'),(7,'Et provident aut voluptatem quisquam.'),(8,'Ersatzstativ fr die Ausstellung.'),(9,'Ersatzstativ fr die Ausstellung.'),(10,'Ersatzstativ fr die Ausstellung.'),(11,'Ersatzstativ fr die Ausstellung.'),(12,'Ersatzstativ fr die Ausstellung.'),(13,'Ersatzstativ fr die Ausstellung.'),(14,'Ersatzstativ fr die Ausstellung.'),(15,'Ersatzstativ fr die Ausstellung.'),(16,'Ersatzstativ fr die Ausstellung.'),(17,'Ersatzstativ fr die Ausstellung.'),(18,'Fr meinen aktuellen Kurs.'),(19,'Fr meinen aktuellen Kurs.'),(20,'Fr meinen aktuellen Kurs.'),(21,'Fr meinen aktuellen Kurs.'),(22,'Ab voluptatibus non earum quod explicabo.'),(23,'Eveniet atque aut non.'),(24,'Qui autem possimus nulla officia ab molestias fuga molestiae.'),(25,'Ersatzstativ fr die Ausstellung.'),(26,'Ersatzstativ fr die Ausstellung.'),(27,'Ersatzstativ fr die Ausstellung.'),(28,'Numquam minima dignissimos officiis cupiditate harum.'),(29,'Nobis voluptatibus nesciunt beatae.'),(30,'Molestias consequatur enim maiores incidunt omnis est vel sint.'),(31,'Illum et doloremque aut veniam cupiditate nam.'),(32,'Consequatur id tenetur sit ex.'),(33,'Cupiditate dolore aut corrupti.'),(34,'Atque non consequatur repellat sed eius adipisci totam.'),(35,'Est ut laborum nemo.'),(36,'Est sed quasi exercitationem eveniet.'),(37,'Nihil eligendi pariatur ex voluptatem cum illum quia doloremque.'),(38,'Fugit voluptatem adipisci libero tempora veritatis ea.'),(39,'Ersatzstativ fr die Ausstellung.'),(40,'Fr das zweite Austellungswochenende.'),(41,'Fr das zweite Austellungswochenende.'),(42,'Fr das dritte Austellungswochenende.'),(43,'Fr die Abschlussarbeit.'),(44,'Ersatzstativ fr die Ausstellung.'),(45,'Ersatzstativ fr die Ausstellung.'),(46,'Ersatzstativ fr die Ausstellung.'),(47,'Bestellung mit Software'),(48,'Bestellung mit Gegenstand ohne Ort'),(49,'Um meine Abschlussarbeit zu fotografieren.'),(50,'Als Ersatz.'),(51,'Iusto at tenetur eum quas enim illum.'),(52,'Odit enim perspiciatis iste minus rem natus.'),(53,'Um meine Abschlussarbeit zu fotografieren.'),(54,'Um meine Abschlussarbeit zu fotografieren.'),(55,'Um meine Abschlussarbeit zu fotografieren.'),(56,'Atque officiis quia voluptatem nobis odio non omnis.'),(57,'Aut quam nostrum similique aspernatur alias.'),(58,'Paketausgabe'),(59,'Ersatzstativ fr die Ausstellung.'),(60,'Ersatzstativ fr die Ausstellung.'),(61,'Ganz dringend bentigt fr meine Abschlussarbeit.'),(62,'Um meine Abschlussarbeit zu fotografieren.'),(63,'Um meine Abschlussarbeit zu fotografieren.'),(64,'Fotoshooting (Kurs Fotografie).'),(65,'Brauche ich zwingend fr meinen Kurs.'),(66,'Doloremque excepturi harum sint.'),(67,'Qui nesciunt aut sequi quia blanditiis voluptates doloribus.'),(68,'Et voluptas nostrum fugit magni quae repellendus quisquam possimus.'),(69,'Aut et modi atque quibusdam repellat omnis quos aspernatur.'),(70,'Aut qui dolorum voluptatem.'),(71,'Ersatzstativ fr die Ausstellung.'),(72,'Ersatzstativ fr die Ausstellung.');
/*!40000 ALTER TABLE `purposes` ENABLE KEYS */;
UNLOCK TABLES;

--
-- Table structure for table `schema_migrations`
--

DROP TABLE IF EXISTS `schema_migrations`;
/*!40101 SET @saved_cs_client     = @@character_set_client */;
/*!40101 SET character_set_client = utf8 */;
CREATE TABLE `schema_migrations` (
  `version` varchar(255) COLLATE utf8_unicode_ci NOT NULL,
  UNIQUE KEY `unique_schema_migrations` (`version`)
) ENGINE=InnoDB DEFAULT CHARSET=utf8 COLLATE=utf8_unicode_ci;
/*!40101 SET character_set_client = @saved_cs_client */;

--
-- Dumping data for table `schema_migrations`
--

LOCK TABLES `schema_migrations` WRITE;
/*!40000 ALTER TABLE `schema_migrations` DISABLE KEYS */;
INSERT INTO `schema_migrations` VALUES ('20140410180000'),('20140414100000'),('20140415083535'),('20140417113831'),('20140428092844'),('20140515131025'),('20140812132326'),('20140820100242'),('20140828082448'),('20140901141016'),('20140903105715'),('20140905091014'),('20141110113231'),('20141212132127'),('20150113215946'),('20150127203913');
/*!40000 ALTER TABLE `schema_migrations` ENABLE KEYS */;
UNLOCK TABLES;

--
-- Table structure for table `settings`
--

DROP TABLE IF EXISTS `settings`;
/*!40101 SET @saved_cs_client     = @@character_set_client */;
/*!40101 SET character_set_client = utf8 */;
CREATE TABLE `settings` (
  `id` int(11) NOT NULL AUTO_INCREMENT,
  `smtp_address` varchar(255) COLLATE utf8_unicode_ci DEFAULT NULL,
  `smtp_port` int(11) DEFAULT NULL,
  `smtp_domain` varchar(255) COLLATE utf8_unicode_ci DEFAULT NULL,
  `local_currency_string` varchar(255) COLLATE utf8_unicode_ci DEFAULT NULL,
  `contract_terms` text COLLATE utf8_unicode_ci,
  `contract_lending_party_string` text COLLATE utf8_unicode_ci,
  `email_signature` varchar(255) COLLATE utf8_unicode_ci DEFAULT NULL,
  `default_email` varchar(255) COLLATE utf8_unicode_ci DEFAULT NULL,
  `deliver_order_notifications` tinyint(1) DEFAULT NULL,
  `user_image_url` varchar(255) COLLATE utf8_unicode_ci DEFAULT NULL,
  `ldap_config` varchar(255) COLLATE utf8_unicode_ci DEFAULT NULL,
  `logo_url` varchar(255) COLLATE utf8_unicode_ci DEFAULT NULL,
  `mail_delivery_method` varchar(255) COLLATE utf8_unicode_ci DEFAULT NULL,
  `smtp_username` varchar(255) COLLATE utf8_unicode_ci DEFAULT NULL,
  `smtp_password` varchar(255) COLLATE utf8_unicode_ci DEFAULT NULL,
  `smtp_enable_starttls_auto` tinyint(1) NOT NULL DEFAULT '0',
  `smtp_openssl_verify_mode` varchar(255) COLLATE utf8_unicode_ci NOT NULL DEFAULT 'none',
  `time_zone` varchar(255) COLLATE utf8_unicode_ci NOT NULL DEFAULT 'Bern',
  `disable_manage_section` tinyint(1) NOT NULL DEFAULT '0',
  `disable_manage_section_message` text COLLATE utf8_unicode_ci,
  `disable_borrow_section` tinyint(1) NOT NULL DEFAULT '0',
  `disable_borrow_section_message` text COLLATE utf8_unicode_ci,
  `text` text COLLATE utf8_unicode_ci,
  PRIMARY KEY (`id`)
) ENGINE=InnoDB AUTO_INCREMENT=2 DEFAULT CHARSET=utf8 COLLATE=utf8_unicode_ci;
/*!40101 SET character_set_client = @saved_cs_client */;

--
-- Dumping data for table `settings`
--

LOCK TABLES `settings` WRITE;
/*!40000 ALTER TABLE `settings` DISABLE KEYS */;
INSERT INTO `settings` VALUES (1,'smtp.zhdk.ch',25,'beta.ausleihe.zhdk.ch','CHF','Die Benutzerin/der Benutzer ist bei unsachgemsser Handhabung oder Verlust schadenersatzpflichtig. Sie/Er verpflichtet sich, das Material sorgfltig zu behandeln und gereinigt zu retournieren. Bei mangelbehafteter oder verspteter Rckgabe kann eine Ausleihsperre (bis zu 6 Monaten) verhngt werden. Das geliehene Material bleibt jederzeit uneingeschrnktes Eigentum der Zrcher Hochschule der Knste und darf ausschliesslich fr schulische Zwecke eingesetzt werden. Mit ihrer/seiner Unterschrift akzeptiert die Benutzerin/der Benutzer diese Bedingungen sowie die \'Richtlinie zur Ausleihe von Sachen\' der ZHdK und etwaige abteilungsspezifische Ausleih-Richtlinien.','Your\nAddress\nHere','Das PZ-leihs Team','sender@example.com',0,'http://www.zhdk.ch/?person/foto&width=100&compressionlevel=0&id={:id}',NULL,'/assets/image-logo-zhdk.png','test',NULL,NULL,0,'none','Bern',0,NULL,0,NULL,NULL);
/*!40000 ALTER TABLE `settings` ENABLE KEYS */;
UNLOCK TABLES;

--
-- Table structure for table `suppliers`
--

DROP TABLE IF EXISTS `suppliers`;
/*!40101 SET @saved_cs_client     = @@character_set_client */;
/*!40101 SET character_set_client = utf8 */;
CREATE TABLE `suppliers` (
  `id` int(11) NOT NULL AUTO_INCREMENT,
  `name` varchar(255) COLLATE utf8_unicode_ci NOT NULL,
  `created_at` datetime DEFAULT NULL,
  `updated_at` datetime DEFAULT NULL,
  PRIMARY KEY (`id`),
  UNIQUE KEY `index_suppliers_on_name` (`name`)
) ENGINE=InnoDB AUTO_INCREMENT=287 DEFAULT CHARSET=utf8 COLLATE=utf8_unicode_ci;
/*!40101 SET character_set_client = @saved_cs_client */;

--
-- Dumping data for table `suppliers`
--

LOCK TABLES `suppliers` WRITE;
/*!40000 ALTER TABLE `suppliers` DISABLE KEYS */;
INSERT INTO `suppliers` VALUES (1,'maioressolutaet','2012-08-30 01:06:03','2012-08-30 01:06:03'),(2,'inventoreducimusvel','2012-08-30 01:06:03','2012-08-30 01:06:03'),(3,'nemodeleniti','2012-08-30 01:06:03','2012-08-30 01:06:03'),(4,'facilisasperioresodiohicet','2012-08-30 01:06:03','2012-08-30 01:06:03'),(5,'temporenihilconsequatur','2012-08-30 01:06:03','2012-08-30 01:06:03'),(6,'nobisquamest','2012-08-30 01:06:03','2012-08-30 01:06:03'),(7,'necessitatibussit','2012-08-30 01:06:03','2012-08-30 01:06:03'),(8,'voluptateautharum','2012-08-30 01:06:03','2012-08-30 01:06:03'),(9,'quiveritatis','2012-08-30 01:06:03','2012-08-30 01:06:03'),(10,'suscipitasperioressimilique','2012-08-30 01:06:03','2012-08-30 01:06:03'),(11,'autemutconsequatursit','2012-08-30 01:06:03','2012-08-30 01:06:03'),(12,'pariaturevenietestharuma','2012-08-30 01:06:03','2012-08-30 01:06:03'),(13,'inciduntsinttemporaducimus','2012-08-30 01:06:03','2012-08-30 01:06:03'),(14,'perspiciatisreiciendisveritatis','2012-08-30 01:06:03','2012-08-30 01:06:03'),(15,'voluptatemetut','2012-08-30 01:06:03','2012-08-30 01:06:03'),(16,'laborepraesentium','2012-08-30 01:06:03','2012-08-30 01:06:03'),(17,'expeditadistinctioautnemout','2012-08-30 01:06:03','2012-08-30 01:06:03'),(18,'numquamistequi','2012-08-30 01:06:03','2012-08-30 01:06:03'),(19,'harumenimquiblanditiisautem','2012-08-30 01:06:03','2012-08-30 01:06:03'),(20,'aetdoloresipsumreprehenderit','2012-08-30 01:06:03','2012-08-30 01:06:03'),(21,'quiin','2012-08-30 01:06:03','2012-08-30 01:06:03'),(22,'nequesitsunt','2012-08-30 01:06:03','2012-08-30 01:06:03'),(23,'illumvoluptate','2012-08-30 01:06:03','2012-08-30 01:06:03'),(24,'atsapienteplaceatundepraesentium','2012-08-30 01:06:03','2012-08-30 01:06:03'),(25,'omnisdistinctioaccusamusiureunde','2012-08-30 01:06:03','2012-08-30 01:06:03'),(26,'voluptatemvoluptas','2012-08-30 01:06:03','2012-08-30 01:06:03'),(27,'voluptatestemporibus','2012-08-30 01:06:03','2012-08-30 01:06:03'),(28,'dictadoloribus','2012-08-30 01:06:03','2012-08-30 01:06:03'),(29,'doloreunde','2012-08-30 01:06:03','2012-08-30 01:06:03'),(30,'accusantiumvoluptates','2012-08-30 01:06:03','2012-08-30 01:06:03'),(31,'omnisverotemporibus','2012-08-30 01:06:03','2012-08-30 01:06:03'),(32,'quiaetculpa','2012-08-30 01:06:03','2012-08-30 01:06:03'),(33,'doloremquemagnamblanditiis','2012-08-30 01:06:03','2012-08-30 01:06:03'),(34,'minusquiaillopariatur','2012-08-30 01:06:03','2012-08-30 01:06:03'),(35,'autemetreprehenderitetaccusantium','2012-08-30 01:06:03','2012-08-30 01:06:03'),(36,'sitnon','2012-08-30 01:06:03','2012-08-30 01:06:03'),(37,'sedquodpraesentiumaliasquibusdam','2012-08-30 01:06:03','2012-08-30 01:06:03'),(38,'eaquequodofficia','2012-08-30 01:06:03','2012-08-30 01:06:03'),(39,'nemoveldoloremrerum','2012-08-30 01:06:03','2012-08-30 01:06:03'),(40,'fugaconsequaturunde','2012-08-30 01:06:03','2012-08-30 01:06:03'),(41,'quiutculpa','2012-08-30 01:06:03','2012-08-30 01:06:03'),(42,'teneturasperioressuscipitrerumnumquam','2012-08-30 01:06:03','2012-08-30 01:06:03'),(43,'estdoloremvoluptatibus','2012-08-30 01:06:03','2012-08-30 01:06:03'),(44,'sitaccusantiumblanditiisetqui','2012-08-30 01:06:03','2012-08-30 01:06:03'),(45,'expeditamollitiaquos','2012-08-30 01:06:03','2012-08-30 01:06:03'),(46,'exercitationemquietnamquos','2012-08-30 01:06:03','2012-08-30 01:06:03'),(47,'sedabnecessitatibusmaxime','2012-08-30 01:06:03','2012-08-30 01:06:03'),(48,'utnecessitatibusconsequaturnullaomnis','2012-08-30 01:06:03','2012-08-30 01:06:03'),(49,'rerumut','2012-08-30 01:06:03','2012-08-30 01:06:03'),(50,'rerumquia','2012-08-30 01:06:03','2012-08-30 01:06:03'),(51,'molestiaealiquid','2012-08-30 01:06:03','2012-08-30 01:06:03'),(52,'natusreiciendisdolores','2012-08-30 01:06:03','2012-08-30 01:06:03'),(53,'temporerepellendusearumdoloremqui','2012-08-30 01:06:03','2012-08-30 01:06:03'),(54,'delectusquoeumquiaeaque','2012-08-30 01:06:03','2012-08-30 01:06:03'),(55,'necessitatibusquiasimiliqueofficia','2012-08-30 01:06:03','2012-08-30 01:06:03'),(56,'nesciuntevenietin','2012-08-30 01:06:03','2012-08-30 01:06:03'),(57,'voluptasquasiautest','2012-08-30 01:06:03','2012-08-30 01:06:03'),(58,'asuntmolestiae','2012-08-30 01:06:03','2012-08-30 01:06:03'),(59,'ullamest','2012-08-30 01:06:03','2012-08-30 01:06:03'),(60,'etomnismaioresvoluptatumfugiat','2012-08-30 01:06:03','2012-08-30 01:06:03'),(61,'etestsitdolor','2012-08-30 01:06:03','2012-08-30 01:06:03'),(62,'voluptatumconsequaturtemporevoluptatem','2012-08-30 01:06:03','2012-08-30 01:06:03'),(63,'atautminima','2012-08-30 01:06:03','2012-08-30 01:06:03'),(64,'ullamitaque','2012-08-30 01:06:03','2012-08-30 01:06:03'),(65,'voluptatenobisnostrumnesciuntqui','2012-08-30 01:06:03','2012-08-30 01:06:03'),(66,'quisvoluptates','2012-08-30 01:06:03','2012-08-30 01:06:03'),(67,'rerumdoloribusquiomnis','2012-08-30 01:06:03','2012-08-30 01:06:03'),(68,'estnamnostrumneque','2012-08-30 01:06:03','2012-08-30 01:06:03'),(69,'laudantiumutveniam','2012-08-30 01:06:03','2012-08-30 01:06:03'),(70,'explicabodignissimosdelenitiinciduntporro','2012-08-30 01:06:03','2012-08-30 01:06:03'),(71,'aspernaturquiperspiciatissint','2012-08-30 01:06:03','2012-08-30 01:06:03'),(72,'utquidemetlaborumsed','2012-08-30 01:06:03','2012-08-30 01:06:03'),(73,'laborumnonrerum','2012-08-30 01:06:03','2012-08-30 01:06:03'),(74,'etqui','2012-08-30 01:06:03','2012-08-30 01:06:03'),(75,'aliasautneque','2012-08-30 01:06:03','2012-08-30 01:06:03'),(76,'dictasitquisquamullam','2012-08-30 01:06:03','2012-08-30 01:06:03'),(77,'temporesitconsequuntureosquos','2012-08-30 01:06:03','2012-08-30 01:06:03'),(78,'quaeratmolestiae','2012-08-30 01:06:03','2012-08-30 01:06:03'),(79,'quiacupiditate','2012-08-30 01:06:03','2012-08-30 01:06:03'),(80,'omnisdeseruntquiasit','2012-08-30 01:06:03','2012-08-30 01:06:03'),(81,'quiarem','2012-08-30 01:06:03','2012-08-30 01:06:03'),(82,'perferendisutfacereducimus','2012-08-30 01:06:03','2012-08-30 01:06:03'),(83,'accusantiumnon','2012-08-30 01:06:03','2012-08-30 01:06:03'),(84,'itaqueametnecessitatibusuteum','2012-08-30 01:06:03','2012-08-30 01:06:03'),(85,'officiiseaipsum','2012-08-30 01:06:03','2012-08-30 01:06:03'),(86,'repellatoccaecatiliberonecessitatibusincidunt','2012-08-30 01:06:03','2012-08-30 01:06:03'),(87,'hicauteminventore','2012-08-30 01:06:03','2012-08-30 01:06:03'),(88,'ipsamsedsedsuscipit','2012-08-30 01:06:03','2012-08-30 01:06:03'),(89,'iureearum','2012-08-30 01:06:03','2012-08-30 01:06:03'),(90,'velitvoluptatem','2012-08-30 01:06:03','2012-08-30 01:06:03'),(91,'ullamdolordeserunt','2012-08-30 01:06:03','2012-08-30 01:06:03'),(92,'doloreetab','2012-08-30 01:06:03','2012-08-30 01:06:03'),(93,'iustorerumsitsapientesoluta','2012-08-30 01:06:03','2012-08-30 01:06:03'),(94,'odiosequi','2012-08-30 01:06:03','2012-08-30 01:06:03'),(95,'assumendavoluptatesaccusamus','2012-08-30 01:06:03','2012-08-30 01:06:03'),(96,'repellatfugitsolutaenim','2012-08-30 01:06:03','2012-08-30 01:06:03'),(97,'solutaeoseosquos','2012-08-30 01:06:03','2012-08-30 01:06:03'),(98,'voluptatumtemporibus','2012-08-30 01:06:03','2012-08-30 01:06:03'),(99,'autquisquamducimus','2012-08-30 01:06:03','2012-08-30 01:06:03'),(100,'quamnontotamofficia','2012-08-30 01:06:03','2012-08-30 01:06:03'),(101,'sintvoluptasanimiplaceatveniam','2012-08-30 01:06:03','2012-08-30 01:06:03'),(102,'voluptastotamquiat','2012-08-30 01:06:03','2012-08-30 01:06:03'),(103,'autipsased','2012-08-30 01:06:03','2012-08-30 01:06:03'),(104,'quasicorporis','2012-08-30 01:06:03','2012-08-30 01:06:03'),(105,'eumvoluptatesvitaeassumenda','2012-08-30 01:06:03','2012-08-30 01:06:03'),(106,'undesuntquiscupiditateconsequatur','2012-08-30 01:06:03','2012-08-30 01:06:03'),(107,'estexcepturisapientemodivoluptatem','2012-08-30 01:06:03','2012-08-30 01:06:03'),(108,'illovelitoptioliberomollitia','2012-08-30 01:06:03','2012-08-30 01:06:03'),(109,'dolorestrationeeligendimolestias','2012-08-30 01:06:03','2012-08-30 01:06:03'),(110,'dolorumenimasperiores','2012-08-30 01:06:03','2012-08-30 01:06:03'),(111,'idautem','2012-08-30 01:06:03','2012-08-30 01:06:03'),(112,'quitemporadistinctio','2012-08-30 01:06:03','2012-08-30 01:06:03'),(113,'temporibusnostrum','2012-08-30 01:06:03','2012-08-30 01:06:03'),(114,'dolorumcommodi','2012-08-30 01:06:03','2012-08-30 01:06:03'),(115,'solutadignissimosexpeditaquos','2012-08-30 01:06:03','2012-08-30 01:06:03'),(116,'dignissimoslaborumid','2012-08-30 01:06:03','2012-08-30 01:06:03'),(117,'consequaturliberobeatae','2012-08-30 01:06:03','2012-08-30 01:06:03'),(118,'nihildelectus','2012-08-30 01:06:03','2012-08-30 01:06:03'),(119,'fugitrationequiaaut','2012-08-30 01:06:03','2012-08-30 01:06:03'),(120,'asperioresvoluptateexercitationemdeseruntconsequatur','2012-08-30 01:06:03','2012-08-30 01:06:03'),(121,'idetid','2012-08-30 01:06:03','2012-08-30 01:06:03'),(122,'isteoptiomagni','2012-08-30 01:06:03','2012-08-30 01:06:03'),(123,'autquasinihilasperioresdelectus','2012-08-30 01:06:03','2012-08-30 01:06:03'),(124,'esteavoluptatibus','2012-08-30 01:06:03','2012-08-30 01:06:03'),(125,'optioquiassumendadoloremquererum','2012-08-30 01:06:03','2012-08-30 01:06:03'),(126,'sedconsequaturcupiditate','2012-08-30 01:06:03','2012-08-30 01:06:03'),(127,'eossitmodinon','2012-08-30 01:06:03','2012-08-30 01:06:03'),(128,'asperioresqui','2012-08-30 01:06:03','2012-08-30 01:06:03'),(129,'eossintreiciendis','2012-08-30 01:06:03','2012-08-30 01:06:03'),(130,'utquasi','2012-08-30 01:06:03','2012-08-30 01:06:03'),(131,'autvoluptatem','2012-08-30 01:06:03','2012-08-30 01:06:03'),(132,'oditvoluptatibusvitaemaioresest','2012-08-30 01:06:03','2012-08-30 01:06:03'),(133,'providentdoloremqueconsequaturharumut','2012-08-30 01:06:03','2012-08-30 01:06:03'),(134,'veniamnonisteeos','2012-08-30 01:06:03','2012-08-30 01:06:03'),(135,'etminusveritatis','2012-08-30 01:06:03','2012-08-30 01:06:03'),(136,'quissitut','2012-08-30 01:06:03','2012-08-30 01:06:03'),(137,'nisiplaceat','2012-08-30 01:06:03','2012-08-30 01:06:03'),(138,'sedexharumet','2012-08-30 01:06:03','2012-08-30 01:06:03'),(139,'adfugapariaturodit','2012-08-30 01:06:03','2012-08-30 01:06:03'),(140,'enimquasicumqueteneturaut','2012-08-30 01:06:03','2012-08-30 01:06:03'),(141,'istenam','2012-08-30 01:06:03','2012-08-30 01:06:03'),(142,'minimaametducimusidlaboriosam','2012-08-30 01:06:03','2012-08-30 01:06:03'),(143,'laborumvoluptatibus','2012-08-30 01:06:03','2012-08-30 01:06:03'),(144,'harumvelitadipisci','2012-08-30 01:06:03','2012-08-30 01:06:03'),(145,'eligendierrormodietqui','2012-08-30 01:06:03','2012-08-30 01:06:03'),(146,'etearum','2012-08-30 01:06:03','2012-08-30 01:06:03'),(147,'cupiditatedignissimosminusnihilquis','2012-08-30 01:06:03','2012-08-30 01:06:03'),(148,'veliteaquemolestiaeveniamsuscipit','2012-08-30 01:06:03','2012-08-30 01:06:03'),(149,'reiciendisdolorescupiditatereprehenderitquos','2012-08-30 01:06:03','2012-08-30 01:06:03'),(150,'etquia','2012-08-30 01:06:03','2012-08-30 01:06:03'),(151,'atdictanam','2012-08-30 01:06:03','2012-08-30 01:06:03'),(152,'teneturdolorem','2012-08-30 01:06:03','2012-08-30 01:06:03'),(153,'dolorea','2012-08-30 01:06:03','2012-08-30 01:06:03'),(154,'recusandaenostrumexpeditaconsequaturculpa','2012-08-30 01:06:03','2012-08-30 01:06:03'),(155,'rerumaut','2012-08-30 01:06:03','2012-08-30 01:06:03'),(156,'sitetdicta','2012-08-30 01:06:03','2012-08-30 01:06:03'),(157,'etcorporis','2012-08-30 01:06:03','2012-08-30 01:06:03'),(158,'voluptasrepellat','2012-08-30 01:06:03','2012-08-30 01:06:03'),(159,'accusantiumetmaioresmagniest','2012-08-30 01:06:03','2012-08-30 01:06:03'),(160,'voluptatema','2012-08-30 01:06:03','2012-08-30 01:06:03'),(161,'ipsaiustominimavelitducimus','2012-08-30 01:06:03','2012-08-30 01:06:03'),(162,'quodveritatisdebitis','2012-08-30 01:06:03','2012-08-30 01:06:03'),(163,'exercitationemdolor','2012-08-30 01:06:03','2012-08-30 01:06:03'),(164,'quodebitisodit','2012-08-30 01:06:03','2012-08-30 01:06:03'),(165,'deseruntmolestiaeoptiocum','2012-08-30 01:06:03','2012-08-30 01:06:03'),(166,'corruptilaboriosam','2012-08-30 01:06:03','2012-08-30 01:06:03'),(167,'eteaetvero','2012-08-30 01:06:03','2012-08-30 01:06:03'),(168,'seddoloribus','2012-08-30 01:06:03','2012-08-30 01:06:03'),(169,'omnisrepellendus','2012-08-30 01:06:03','2012-08-30 01:06:03'),(170,'accusantiumvoluptatemiusto','2012-08-30 01:06:03','2012-08-30 01:06:03'),(171,'voluptatumipsumexcepturivitae','2012-08-30 01:06:03','2012-08-30 01:06:03'),(172,'magnamvoluptas','2012-08-30 01:06:03','2012-08-30 01:06:03'),(173,'corporissuntnoncupiditate','2012-08-30 01:06:03','2012-08-30 01:06:03'),(174,'laborenoneiusut','2012-08-23 01:06:03','2012-08-23 01:06:03'),(175,'etdicta','2012-08-23 01:06:03','2012-08-23 01:06:03'),(176,'idaccusantium','2012-08-23 01:06:03','2012-08-23 01:06:03'),(177,'quiaenimquo','2012-08-23 01:06:03','2012-08-23 01:06:03'),(178,'eumdolorefugiatdignissimos','2012-08-23 01:06:03','2012-08-23 01:06:03'),(179,'exercitationemlaborumcorruptifugiat','2012-08-30 01:06:03','2012-08-30 01:06:03'),(180,'velvero','2012-08-30 01:06:03','2012-08-30 01:06:03'),(181,'ducimusnesciuntvoluptatibushic','2012-08-30 01:06:03','2012-08-30 01:06:03'),(182,'voluptatesdolores','2012-08-30 01:06:03','2012-08-30 01:06:03'),(183,'quiaeumest','2012-08-30 01:06:03','2012-08-30 01:06:03'),(184,'nihilrerum','2012-08-30 01:06:03','2012-08-30 01:06:03'),(185,'autemvoluptasconsequatur','2012-08-30 01:06:03','2012-08-30 01:06:03'),(186,'omnisvoluptasutdistinctioet','2012-08-30 01:06:03','2012-08-30 01:06:03'),(187,'minusperspiciatis','2012-08-30 01:06:03','2012-08-30 01:06:03'),(188,'voluptatemnonporroa','2012-08-30 01:06:03','2012-08-30 01:06:03'),(189,'doloraspernaturvoluptateeos','2012-08-30 01:06:03','2012-08-30 01:06:03'),(190,'esseprovidentquiaenimdebitis','2012-08-30 01:06:03','2012-08-30 01:06:03'),(191,'liberopraesentiumsinteaquevoluptatem','2012-08-30 01:06:03','2012-08-30 01:06:03'),(192,'earumnonexplicabo','2012-08-30 01:06:03','2012-08-30 01:06:03'),(193,'rerumbeatae','2012-08-30 01:06:03','2012-08-30 01:06:03'),(194,'quibusdamrepudiandae','2012-08-30 01:06:03','2012-08-30 01:06:03'),(195,'suscipituteiusenim','2012-08-25 01:06:03','2012-08-25 01:06:03'),(196,'veniamnon','2012-08-25 01:06:03','2012-08-25 01:06:03'),(197,'consequunturquosimilique','2012-08-25 01:06:03','2012-08-25 01:06:03'),(198,'deseruntaspernatur','2012-08-25 01:06:03','2012-08-25 01:06:03'),(199,'quiet','2012-08-25 01:06:03','2012-08-25 01:06:03'),(200,'nobisharumvoluptatem','2012-08-29 01:06:03','2012-08-29 01:06:03'),(201,'estid','2012-08-29 01:06:03','2012-08-29 01:06:03'),(202,'atqueconsequaturaccusamusofficiis','2012-08-29 01:06:03','2012-08-29 01:06:03'),(203,'etmolestiaedignissimosneque','2012-08-29 01:06:03','2012-08-29 01:06:03'),(204,'accusantiumet','2012-08-29 01:06:03','2012-08-29 01:06:03'),(205,'dolorumeaque','2012-08-30 01:06:03','2012-08-30 01:06:03'),(206,'sintofficiamolestiaevoluptatibusmollitia','2012-08-30 01:06:03','2012-08-30 01:06:03'),(207,'laborumquisdoloresetdolor','2012-08-30 01:06:03','2012-08-30 01:06:03'),(208,'facilisporro','2012-08-30 01:06:03','2012-08-30 01:06:03'),(209,'rationeautcumdebitis','2012-08-30 01:06:03','2012-08-30 01:06:03'),(210,'fugarecusandae','2012-08-30 01:06:03','2012-08-30 01:06:03'),(211,'corruptiut','2012-08-30 01:06:03','2012-08-30 01:06:03'),(212,'etetremunde','2012-08-30 01:06:03','2012-08-30 01:06:03'),(213,'temporalaborumaut','2012-08-30 01:06:03','2012-08-30 01:06:03'),(214,'eligendiomnis','2012-08-30 01:06:03','2012-08-30 01:06:03'),(215,'estetofficiis','2012-08-30 01:06:03','2012-08-30 01:06:03'),(216,'estauttotamdolorumnihil','2012-08-30 01:06:03','2012-08-30 01:06:03'),(217,'etcupiditateinventorein','2012-08-30 01:06:03','2012-08-30 01:06:03'),(218,'dignissimosquasi','2012-08-30 01:06:03','2012-08-30 01:06:03'),(219,'nisidistinctiolaborumvoluptatepossimus','2012-08-30 01:06:03','2012-08-30 01:06:03'),(220,'idsinteoseumpossimus','2012-08-30 01:06:03','2012-08-30 01:06:03'),(221,'harumvoluptate','2012-08-30 01:06:03','2012-08-30 01:06:03'),(222,'etlaboriosamomnisanimi','2012-08-30 01:06:03','2012-08-30 01:06:03'),(223,'consequunturmollitiasimilique','2012-08-30 01:06:03','2012-08-30 01:06:03'),(224,'consequaturoditvoluptasquibusdamaut','2012-08-30 01:06:03','2012-08-30 01:06:03'),(225,'quiaetut','2012-08-30 01:06:03','2012-08-30 01:06:03'),(226,'enimtenetur','2012-08-30 01:06:03','2012-08-30 01:06:03'),(227,'nobisomnisexpeditarerum','2012-08-30 01:06:03','2012-08-30 01:06:03'),(228,'velitet','2012-08-30 01:06:03','2012-08-30 01:06:03'),(229,'eamagni','2012-08-30 01:06:03','2012-08-30 01:06:03'),(230,'etcumque','2012-08-30 01:06:03','2012-08-30 01:06:03'),(231,'quiofficiatotam','2012-08-30 01:06:03','2012-08-30 01:06:03'),(232,'quosuntfugitet','2012-08-30 01:06:03','2012-08-30 01:06:03'),(233,'corporisquiquipraesentium','2012-08-30 01:06:03','2012-08-30 01:06:03'),(234,'dolorconsequunturdictaoptio','2012-08-30 01:06:03','2012-08-30 01:06:03'),(235,'suntsimilique','2012-08-30 01:06:03','2012-08-30 01:06:03'),(236,'explicaboaut','2012-08-30 01:06:03','2012-08-30 01:06:03'),(237,'laborelaudantiumetlaborum','2012-08-30 01:06:03','2012-08-30 01:06:03'),(238,'earumdoloremqueassumenda','2012-08-30 01:06:03','2012-08-30 01:06:03'),(239,'voluptatemdolorum','2012-08-30 01:06:03','2012-08-30 01:06:03'),(240,'natusdoloremetdebitis','2012-08-30 01:06:03','2012-08-30 01:06:03'),(241,'quamsapienteatbeataeatque','2012-08-30 01:06:03','2012-08-30 01:06:03'),(242,'eaquenonquidemutoccaecati','2012-08-30 01:06:03','2012-08-30 01:06:03'),(243,'utomnisquia','2012-08-30 01:06:03','2012-08-30 01:06:03'),(244,'voluptassapientesequi','2012-08-30 01:06:03','2012-08-30 01:06:03'),(245,'repellendushicofficiis','2012-08-30 01:06:03','2012-08-30 01:06:03'),(246,'autemvoluptatemcommodialiassuscipit','2012-08-30 01:06:03','2012-08-30 01:06:03'),(247,'molestiaeaccusamusetodio','2012-08-30 01:06:03','2012-08-30 01:06:03'),(248,'architectodignissimosipsum','2012-08-30 01:06:03','2012-08-30 01:06:03'),(249,'nesciuntsed','2012-08-30 01:06:03','2012-08-30 01:06:03'),(250,'utveniamassumendaofficia','2012-08-30 01:06:03','2012-08-30 01:06:03'),(251,'idquasimagnieum','2012-08-30 01:06:03','2012-08-30 01:06:03'),(252,'estut','2012-08-30 01:06:03','2012-08-30 01:06:03'),(253,'atqueminuslaudantiumfugiatut','2012-08-25 01:06:03','2012-08-25 01:06:03'),(254,'accusantiumatquedolorut','2012-08-25 01:06:03','2012-08-25 01:06:03'),(255,'enimducimus','2012-08-25 01:06:03','2012-08-25 01:06:03'),(256,'omnisquia','2012-08-25 01:06:03','2012-08-25 01:06:03'),(257,'nonnatusculpalaboriosamofficiis','2012-08-30 01:06:03','2012-08-30 01:06:03'),(258,'delenitilaboriosamconsequatur','2012-08-25 01:06:03','2012-08-25 01:06:03'),(259,'exaperiam','2012-08-30 01:06:03','2012-08-30 01:06:03'),(260,'veloccaecatiametet','2012-08-30 01:06:03','2012-08-30 01:06:03'),(261,'sintut','2012-08-30 01:06:03','2012-08-30 01:06:03'),(262,'idharumtemporibus','2012-08-30 01:06:03','2012-08-30 01:06:03'),(263,'suntquorepellendusconsequatur','2012-08-30 01:06:03','2012-08-30 01:06:03'),(264,'sintdoloresapiente','2012-08-30 01:06:03','2012-08-30 01:06:03'),(265,'etveritatisoditeum','2012-08-30 01:06:03','2012-08-30 01:06:03'),(266,'quisquiaaliquamaperiam','2012-08-30 01:06:03','2012-08-30 01:06:03'),(267,'laudantiumvoluptatemdignissimos','2012-08-30 01:06:03','2012-08-30 01:06:03'),(268,'temporeunde','2012-08-30 01:06:03','2012-08-30 01:06:03'),(269,'temporaeumetsolutaquis','2012-08-30 01:06:03','2012-08-30 01:06:03'),(270,'quosnonnulla','2012-08-30 01:06:03','2012-08-30 01:06:03'),(271,'debitisdoloremque','2012-08-30 01:06:03','2012-08-30 01:06:03'),(272,'dictaconsequaturestsedomnis','2012-08-30 01:06:03','2012-08-30 01:06:03'),(273,'repellataliquidpraesentiumvoluptatem','2012-08-30 01:06:03','2012-08-30 01:06:03'),(274,'nisinihilperferendisofficia','2012-08-30 01:06:03','2012-08-30 01:06:03'),(275,'officiisdolorumilloex','2012-08-30 01:06:03','2012-08-30 01:06:03'),(276,'iniustoofficia','2012-08-30 01:06:03','2012-08-30 01:06:03'),(277,'voluptatemestconsectetureosperspiciatis','2012-08-30 01:06:03','2012-08-30 01:06:03'),(278,'etaperiam','2012-08-30 01:06:03','2012-08-30 01:06:03'),(279,'perferendisaliasdistinctionisiquaerat','2012-08-30 01:06:03','2012-08-30 01:06:03'),(280,'istedolore','2012-08-25 01:06:03','2012-08-25 01:06:03'),(281,'quiadoloripsam','2012-08-25 01:06:03','2012-08-25 01:06:03'),(282,'harumquiutarchitecto','2012-08-25 01:06:03','2012-08-25 01:06:03'),(283,'temporedoloresex','2012-08-25 01:06:03','2012-08-25 01:06:03'),(284,'quaserrorquiavero','2012-08-26 01:06:03','2012-08-26 01:06:03'),(285,'animietdolor','2012-08-26 01:06:03','2012-08-26 01:06:03'),(286,'temporibusnumquam','2012-08-26 01:06:03','2012-08-26 01:06:03');
/*!40000 ALTER TABLE `suppliers` ENABLE KEYS */;
UNLOCK TABLES;

--
-- Table structure for table `users`
--

DROP TABLE IF EXISTS `users`;
/*!40101 SET @saved_cs_client     = @@character_set_client */;
/*!40101 SET character_set_client = utf8 */;
CREATE TABLE `users` (
  `id` int(11) NOT NULL AUTO_INCREMENT,
  `login` varchar(255) COLLATE utf8_unicode_ci DEFAULT NULL,
  `firstname` varchar(255) COLLATE utf8_unicode_ci DEFAULT NULL,
  `lastname` varchar(255) COLLATE utf8_unicode_ci DEFAULT NULL,
  `phone` varchar(255) COLLATE utf8_unicode_ci DEFAULT NULL,
  `authentication_system_id` int(11) DEFAULT '1',
  `unique_id` varchar(255) COLLATE utf8_unicode_ci DEFAULT NULL,
  `email` varchar(255) COLLATE utf8_unicode_ci DEFAULT NULL,
  `badge_id` varchar(255) COLLATE utf8_unicode_ci DEFAULT NULL,
  `address` varchar(255) COLLATE utf8_unicode_ci DEFAULT NULL,
  `city` varchar(255) COLLATE utf8_unicode_ci DEFAULT NULL,
  `zip` varchar(255) COLLATE utf8_unicode_ci DEFAULT NULL,
  `country` varchar(255) COLLATE utf8_unicode_ci DEFAULT NULL,
  `language_id` int(11) DEFAULT NULL,
  `extended_info` text COLLATE utf8_unicode_ci,
  `settings` varchar(1024) COLLATE utf8_unicode_ci DEFAULT NULL,
  `created_at` datetime DEFAULT NULL,
  `updated_at` datetime DEFAULT NULL,
  `delegator_user_id` int(11) DEFAULT NULL,
  PRIMARY KEY (`id`),
  KEY `index_users_on_authentication_system_id` (`authentication_system_id`),
  KEY `users_language_id_fk` (`language_id`),
  KEY `users_delegator_user_id_fk` (`delegator_user_id`),
  CONSTRAINT `users_delegator_user_id_fk` FOREIGN KEY (`delegator_user_id`) REFERENCES `users` (`id`),
  CONSTRAINT `users_authentication_system_id_fk` FOREIGN KEY (`authentication_system_id`) REFERENCES `authentication_systems` (`id`),
  CONSTRAINT `users_language_id_fk` FOREIGN KEY (`language_id`) REFERENCES `languages` (`id`)
) ENGINE=InnoDB AUTO_INCREMENT=36 DEFAULT CHARSET=utf8 COLLATE=utf8_unicode_ci;
/*!40101 SET character_set_client = @saved_cs_client */;

--
-- Dumping data for table `users`
--

LOCK TABLES `users` WRITE;
/*!40000 ALTER TABLE `users` DISABLE KEYS */;
INSERT INTO `users` VALUES (1,'gino','Gino','Wisoky','0169779196',1,'ypami4x9w0dh4cwrxc','gino@zhdk.ch','sagl7w8ce6h5oo6e7c',NULL,'South Aron','M-U4V 2JA','Mozambique',1,NULL,'--- !ruby/hash:ActiveSupport::HashWithIndifferentAccess {}\n','2012-08-30 01:06:03','2012-08-30 01:06:03',NULL),(2,'ramon','Ramon','McKenzie','0169772198',1,'b78kif3m6x0dcyoqez','ramon@zhdk.ch','xygdahdnjwd2j2p6v1',NULL,'Collinsmouth','G-DN2 1YA','Grenada',1,NULL,'--- !ruby/hash:ActiveSupport::HashWithIndifferentAccess {}\n','2012-08-30 01:06:03','2012-08-30 01:06:03',NULL),(3,'matti','Matti','Okuneva','08517960242',1,'67p2lvwbxpcle2c4zh','matti@zhdk.ch','m1u5k0n0k8h1emgpd2',NULL,'East Brock','U-YD3A 0JE','Ukraine',1,NULL,'--- !ruby/hash:ActiveSupport::HashWithIndifferentAccess {}\n','2012-08-30 01:06:03','2012-08-30 01:06:03',NULL),(4,'mike','Mike','Morissette','02436666639',1,'c507omj13nly8cf676','mike@zhdk.ch','3ch63qdqjiry980xe6',NULL,'Bernierfurt','L-SC9 0DY','Libyan Arab Jamahiriya',1,NULL,'--- !ruby/hash:ActiveSupport::HashWithIndifferentAccess {}\n','2012-08-30 01:06:03','2012-08-30 01:06:03',NULL),(5,'pius','Pius','Rutherford','0144539804',1,'gq1to9xxx1nrsv7jbv','pius@zhdk.ch','w69jga61gyetzjh8fz',NULL,'South Colbyfort','C-W5 7LA','Congo',1,NULL,'--- !ruby/hash:ActiveSupport::HashWithIndifferentAccess {}\n','2012-08-30 01:06:03','2012-08-30 01:06:03',NULL),(6,'normin','Normin','Normalo','08006617329',1,'a6utrvr32ksxsigr8c','normin@zhdk.ch','yu2hnnwho80vbve0a7',NULL,'Gudrunton','V-WD2 6LX','Vanuatu',1,NULL,'--- !ruby/hash:ActiveSupport::HashWithIndifferentAccess {}\n','2012-08-30 01:06:03','2012-08-30 01:06:03',NULL),(7,'estelle','Estelle','Moore','01731390345',1,'dfe7uad5gf67v46bp9','lending_manager1@zhdk.ch','gwhoi9th382554occs',NULL,'West Maye','C-TE6Y 7YL','Cote d\'Ivoire',1,NULL,'--- !ruby/hash:ActiveSupport::HashWithIndifferentAccess {}\n','2012-08-30 01:06:03','2012-08-30 01:06:03',NULL),(8,'peter','Peter','Silie','01513890363',1,'kdfz7iny32aswamelo','peter@silie.com','7xe5urzinsc2yvwmkq',NULL,'Lake Dion','P-ZP2V 1GD','Papua New Guinea',1,NULL,'--- !ruby/hash:ActiveSupport::HashWithIndifferentAccess {}\n','2012-08-30 01:06:03','2012-08-30 01:06:03',NULL),(9,'andi','Andi','Daniel','03765161482',1,'cfdcpbnj72dqktr9s0','andi@zhdk.ch','6q88p8sbu8vx6h093z',NULL,'Roycestad','T-TR6 3RA','Turkmenistan',1,NULL,'--- !ruby/hash:ActiveSupport::HashWithIndifferentAccess {}\n','2012-08-30 01:06:03','2012-08-30 01:06:03',NULL),(10,'mina','Mina','Halvorson','08006303537',1,'dg064q1c2jjh0qkrzd','mina@zhdk.ch','dh24nbs7qepehi6ma9',NULL,'Dibbertbury','D-W0 0GB','Djibouti',1,NULL,'--- !ruby/hash:ActiveSupport::HashWithIndifferentAccess {}\n','2012-08-30 01:06:03','2012-08-30 01:06:03',NULL),(11,'petra','Petra','Dickens','0118747587',1,'8ayb3kif0yl9clznw4','petra@zhdk.ch','wph7ga7z1behgl4is0','88961 Kale Throughway, ','Kanefort','G-RD9V 1XA','Gibraltar',1,NULL,'--- !ruby/hash:ActiveSupport::HashWithIndifferentAccess {}\n','2012-08-30 01:06:03','2012-08-30 01:06:03',NULL),(12,'julie','Julie','Christiansen','05525258205',1,'q5mbhocx1s0z285ujk','julie@zhdk.ch','7s8byti054mexi14f8',NULL,'West Roxannestad','S-WE2N 6ZB','Singapore',1,NULL,'--- !ruby/hash:ActiveSupport::HashWithIndifferentAccess {}\n','2012-08-30 01:06:03','2012-08-30 01:06:03',NULL),(13,'lisa','Lisa','Rice','01941235808',1,'owzq14uexyau4cimoz','lisa@zhdk.ch','dq6szt5w1wuh3oa2pz',NULL,'New Ruthie','E-YC0 0BZ','Ethiopia',1,NULL,'--- !ruby/hash:ActiveSupport::HashWithIndifferentAccess {}\n','2012-08-30 01:06:03','2012-08-30 01:06:03',NULL),(14,'kendall','Kendall','Hessel','0169776518',1,'xb26yrxo1cv8etd6m6','customer1@zhdk.ch','m3vuouu28sxvil387l',NULL,'Alejandrahaven','A-N1N 9AB','Austria',1,NULL,'--- !ruby/hash:ActiveSupport::HashWithIndifferentAccess {}\n','2012-08-30 01:06:03','2012-08-30 01:06:03',NULL),(15,'mossie','Mossie','Murray','0141950331',1,'mf2stgvgnm7gikdqps','customer2@zhdk.ch','5dlais0k40jzgtz19b',NULL,'Anniestad','M-W2 4LD','Madagascar',1,NULL,'--- !ruby/hash:ActiveSupport::HashWithIndifferentAccess {}\n','2012-08-30 01:06:03','2012-08-30 01:06:03',NULL),(16,'ivory','Ivory','Padberg','01114258850',1,'5owkcin7xkxxofymbq','customer3@zhdk.ch','bpvdm4ohero2d2biy1',NULL,'Mittiefurt','L-WN7X 8LJ','Lao People\'s Democratic Republic',1,NULL,'--- !ruby/hash:ActiveSupport::HashWithIndifferentAccess {}\n','2012-08-30 01:06:03','2012-08-30 01:06:03',NULL),(17,'eugene','Eugene','Ryan','08008466880',1,'vqqq09a3lwjdxbyk68','customer4@zhdk.ch','bxoz92iwnpldr5v931',NULL,'Howellbury','A-YM4W 3QA','Afghanistan',1,NULL,'--- !ruby/hash:ActiveSupport::HashWithIndifferentAccess {}\n','2012-08-30 01:06:03','2012-08-30 01:06:03',NULL),(18,'lavinia','Lavinia','Schmidt','01312582873',1,'0h3ovzypxfm60wnekt','customer5@zhdk.ch','0bmwcqwzq38omcd8e8',NULL,'Satterfieldhaven','B-ZR0 5WE','British Indian Ocean Territory (Chagos Archipelago)',1,NULL,'--- !ruby/hash:ActiveSupport::HashWithIndifferentAccess {}\n','2012-08-30 01:06:03','2012-08-30 01:06:03',NULL),(19,'estrella','Estrella','Mraz','0500663505',1,'omqexc1nz5wj1d3dpp','customer6@zhdk.ch','5hkbp9begqubrkbtir',NULL,'Marcview','M-Z5E 7DL','Maldives',1,NULL,'--- !ruby/hash:ActiveSupport::HashWithIndifferentAccess {}\n','2012-08-30 01:06:03','2012-08-30 01:06:03',NULL),(20,'leopold','Leopold','Gottlieb','02685669018',1,'3m5b0ayeellv745ygi','customer7@zhdk.ch','dbwk8kq8ubk3xot4gx',NULL,'Predovicfort','G-ZG1 0GJ','Guadeloupe',1,NULL,'--- !ruby/hash:ActiveSupport::HashWithIndifferentAccess {}\n','2012-08-30 01:06:03','2012-08-30 01:06:03',NULL),(21,'katelynn','Katelynn','Satterfield','0169771180',1,'syjxd77jyi9n63kf3g','customer8@zhdk.ch','hs8dsperayrb729d8m',NULL,'Daphneville','M-WV1 3LA','Martinique',1,NULL,'--- !ruby/hash:ActiveSupport::HashWithIndifferentAccess {}\n','2012-08-30 01:06:03','2012-08-30 01:06:03',NULL),(22,'raheem','Raheem','Aufderhar','02774144420',1,'9hbhz7h4nnoqpnoy7t','customer9@zhdk.ch','1wx9tswp17lks1ez6b',NULL,'Port Lue','A-AH6R 9AS','Armenia',1,NULL,'--- !ruby/hash:ActiveSupport::HashWithIndifferentAccess {}\n','2012-08-30 01:06:03','2012-08-30 01:06:03',NULL),(23,'ford','Ford','Daniel','05639201739',1,'xz4peodl7x6xnz2xyp','delegator1@zhdk.ch','9hgry25zbzegu6bjin',NULL,'North Dayne','D-RR54 8LT','Dominican Republic',1,NULL,'--- !ruby/hash:ActiveSupport::HashWithIndifferentAccess {}\n','2012-08-30 01:06:03','2012-08-30 01:06:03',NULL),(24,'elijah','Elijah','Trantow','0800199197',1,'22q63uo0lp0krli19n','delegated1@zhdk.ch','0h4k3a5upbqhe7dufy',NULL,'South Henrietteton','E-YD7X 7XZ','Egypt',1,NULL,'--- !ruby/hash:ActiveSupport::HashWithIndifferentAccess {}\n','2012-08-30 01:06:03','2012-08-30 01:06:03',NULL),(25,'fay_1297','Shanel','Kautzer','01186576370',1,'kxaeijkx3ylguib2ls','blair_skiles@gulgowskireinger.name','to8x79cx84ake9fbt3','934 Casper Green','Arnoldport','T-W2N 8HR','Turkmenistan',1,NULL,'--- !ruby/hash:ActiveSupport::HashWithIndifferentAccess {}\n','2012-08-30 01:06:03','2012-08-30 01:06:03',NULL),(26,NULL,'Delegation 1',NULL,NULL,NULL,NULL,NULL,NULL,NULL,NULL,NULL,NULL,1,NULL,'--- !ruby/hash:ActiveSupport::HashWithIndifferentAccess {}\n','2012-08-30 01:06:03','2012-08-30 01:06:03',12),(27,NULL,'Delegation 2',NULL,NULL,NULL,NULL,NULL,NULL,NULL,NULL,NULL,NULL,1,NULL,'--- !ruby/hash:ActiveSupport::HashWithIndifferentAccess {}\n','2012-08-30 01:06:03','2012-08-30 01:06:03',10),(28,NULL,'Delegation 3',NULL,NULL,NULL,NULL,NULL,NULL,NULL,NULL,NULL,NULL,1,NULL,'--- !ruby/hash:ActiveSupport::HashWithIndifferentAccess {}\n','2012-08-30 01:06:03','2012-08-30 01:06:03',10),(29,NULL,'Delegation 4',NULL,NULL,NULL,NULL,NULL,NULL,NULL,NULL,NULL,NULL,1,NULL,'--- !ruby/hash:ActiveSupport::HashWithIndifferentAccess {}\n','2012-08-30 01:06:03','2012-08-30 01:06:03',10),(30,NULL,'Delegation 5',NULL,NULL,NULL,NULL,NULL,NULL,NULL,NULL,NULL,NULL,1,NULL,'--- !ruby/hash:ActiveSupport::HashWithIndifferentAccess {}\n','2012-08-30 01:06:03','2012-08-30 01:06:03',23),(31,'neoma_7177','Vergie','Cassin','01695659370',1,'cukokbsha5uzgtptoy','rachelle@zboncakabernathy.co.uk','nq7lavg430ti4ud300','71259 Jermain Landing','South Alexandria','C-U55 6LB','Cyprus',1,NULL,'--- !ruby/hash:ActiveSupport::HashWithIndifferentAccess {}\n','2012-08-30 01:06:03','2012-08-30 01:06:03',NULL),(32,'camryn.hammes_7372','Mandy','Ortiz','01181207599',1,'f26ykzqaezh8w38alf','ignatius@swaniawskischimmel.com','ou28lkjkwlq02je5a3','1962 Becker Ferry','West Lorenz','D-ZP3P 6LL','Dominica',1,NULL,'--- !ruby/hash:ActiveSupport::HashWithIndifferentAccess {}\n','2012-08-30 01:06:03','2012-08-30 01:06:03',NULL),(33,'alycia.weinat_9623','Maximillia','Huels','0169774775',1,'12vu3e3ufkbqcsao5n','fatima@cruickshank.name','sy77cqavpabqsi6l7k','6291 Emmerich Turnpike','Friesenmouth','S-MG8 8BB','Saint Helena',1,NULL,'--- !ruby/hash:ActiveSupport::HashWithIndifferentAccess {}\n','2012-08-30 01:06:03','2012-08-30 01:06:03',NULL),(34,'cali.marvin_2744','Briana','Hand','01797954265',1,'bjauljg0x6vbkmitc5','jaron_mckenzie@stroman.info','kadbiedq7txhnr8xb4','437 Bernita Parkways','Ryanmouth','B-F3 4LJ','Burkina Faso',1,NULL,'--- !ruby/hash:ActiveSupport::HashWithIndifferentAccess {}\n','2012-08-30 01:06:03','2012-08-30 01:06:03',NULL),(35,'angie.dicki_161','Hester','Padberg','02288529539',1,'6pqdct67d32yzu4c5m','daisy_aufderhar@nikolaus.com','vqpd0utk4l2q4d7qy3','2704 Ward Court','North Ivoryside','D-Z1 5LG','Democratic People\\\'s Republic of Korea',1,NULL,'--- !ruby/hash:ActiveSupport::HashWithIndifferentAccess {}\n','2012-08-30 01:06:03','2012-08-30 01:06:03',NULL);
/*!40000 ALTER TABLE `users` ENABLE KEYS */;
UNLOCK TABLES;

--
-- Temporary table structure for view `visit_lines`
--

DROP TABLE IF EXISTS `visit_lines`;
/*!50001 DROP VIEW IF EXISTS `visit_lines`*/;
SET @saved_cs_client     = @@character_set_client;
SET character_set_client = utf8;
/*!50001 CREATE TABLE `visit_lines` (
  `visit_id` varchar(148),
  `inventory_pool_id` int(11),
  `user_id` int(11),
  `delegated_user_id` int(11),
  `status` enum('unsubmitted','submitted','rejected','approved','signed','closed'),
  `action` varchar(9),
  `date` date,
  `quantity` int(11),
  `contract_line_id` int(11)
) ENGINE=MyISAM */;
SET character_set_client = @saved_cs_client;

--
-- Temporary table structure for view `visits`
--

DROP TABLE IF EXISTS `visits`;
/*!50001 DROP VIEW IF EXISTS `visits`*/;
SET @saved_cs_client     = @@character_set_client;
SET character_set_client = utf8;
/*!50001 CREATE TABLE `visits` (
  `id` varchar(148),
  `inventory_pool_id` int(11),
  `user_id` int(11),
  `status` enum('unsubmitted','submitted','rejected','approved','signed','closed'),
  `action` varchar(9),
  `date` date,
  `quantity` decimal(32,0)
) ENGINE=MyISAM */;
SET character_set_client = @saved_cs_client;

--
-- Table structure for table `workdays`
--

DROP TABLE IF EXISTS `workdays`;
/*!40101 SET @saved_cs_client     = @@character_set_client */;
/*!40101 SET character_set_client = utf8 */;
CREATE TABLE `workdays` (
  `id` int(11) NOT NULL AUTO_INCREMENT,
  `inventory_pool_id` int(11) DEFAULT NULL,
  `monday` tinyint(1) DEFAULT '1',
  `tuesday` tinyint(1) DEFAULT '1',
  `wednesday` tinyint(1) DEFAULT '1',
  `thursday` tinyint(1) DEFAULT '1',
  `friday` tinyint(1) DEFAULT '1',
  `saturday` tinyint(1) DEFAULT '0',
  `sunday` tinyint(1) DEFAULT '0',
  `reservation_advance_days` int(11) DEFAULT '0',
  `max_visits` text COLLATE utf8_unicode_ci,
  PRIMARY KEY (`id`),
  KEY `index_workdays_on_inventory_pool_id` (`inventory_pool_id`),
  CONSTRAINT `workdays_inventory_pool_id_fk` FOREIGN KEY (`inventory_pool_id`) REFERENCES `inventory_pools` (`id`) ON DELETE CASCADE
) ENGINE=InnoDB AUTO_INCREMENT=13 DEFAULT CHARSET=utf8 COLLATE=utf8_unicode_ci;
/*!40101 SET character_set_client = @saved_cs_client */;

--
-- Dumping data for table `workdays`
--

LOCK TABLES `workdays` WRITE;
/*!40000 ALTER TABLE `workdays` DISABLE KEYS */;
INSERT INTO `workdays` VALUES (1,1,1,1,1,1,1,0,0,0,'---\n\'1\': 10\n\'2\': 20\n\'3\': 30\n'),(2,2,1,1,1,1,1,0,0,0,'--- {}\n'),(3,3,1,1,1,1,1,0,0,0,'--- {}\n'),(4,4,1,1,1,1,1,0,0,0,'--- {}\n'),(5,5,1,1,1,1,1,0,0,0,'--- {}\n'),(6,6,1,1,1,1,1,0,0,0,'--- {}\n'),(7,7,1,1,1,1,1,0,0,0,'--- {}\n'),(8,8,1,1,1,1,1,0,0,0,'--- {}\n'),(9,9,1,1,1,1,1,0,0,0,'--- {}\n'),(10,10,1,1,1,1,1,0,0,0,'--- {}\n'),(11,11,1,1,1,1,1,0,0,0,'--- {}\n'),(12,12,1,1,1,1,1,0,0,0,'--- {}\n');
/*!40000 ALTER TABLE `workdays` ENABLE KEYS */;
UNLOCK TABLES;

--
-- Final view structure for view `partitions_with_generals`
--

/*!50001 DROP TABLE IF EXISTS `partitions_with_generals`*/;
/*!50001 DROP VIEW IF EXISTS `partitions_with_generals`*/;
/*!50001 SET @saved_cs_client          = @@character_set_client */;
/*!50001 SET @saved_cs_results         = @@character_set_results */;
/*!50001 SET @saved_col_connection     = @@collation_connection */;
/*!50001 SET character_set_client      = utf8 */;
/*!50001 SET character_set_results     = utf8 */;
/*!50001 SET collation_connection      = utf8_general_ci */;
/*!50001 CREATE ALGORITHM=UNDEFINED */
/*!50001 VIEW `partitions_with_generals` AS select `partitions`.`model_id` AS `model_id`,`partitions`.`inventory_pool_id` AS `inventory_pool_id`,`partitions`.`group_id` AS `group_id`,`partitions`.`quantity` AS `quantity` from `partitions` union select `i`.`model_id` AS `model_id`,`i`.`inventory_pool_id` AS `inventory_pool_id`,NULL AS `group_id`,(count(`i`.`id`) - ifnull((select sum(`p`.`quantity`) from `partitions` `p` where ((`p`.`model_id` = `i`.`model_id`) and (`p`.`inventory_pool_id` = `i`.`inventory_pool_id`)) group by `p`.`inventory_pool_id`,`p`.`model_id`),0)) AS `quantity` from `items` `i` where (isnull(`i`.`retired`) and (`i`.`is_borrowable` = 1) and isnull(`i`.`parent_id`)) group by `i`.`inventory_pool_id`,`i`.`model_id` */;
/*!50001 SET character_set_client      = @saved_cs_client */;
/*!50001 SET character_set_results     = @saved_cs_results */;
/*!50001 SET collation_connection      = @saved_col_connection */;

--
-- Final view structure for view `visit_lines`
--

/*!50001 DROP TABLE IF EXISTS `visit_lines`*/;
/*!50001 DROP VIEW IF EXISTS `visit_lines`*/;
/*!50001 SET @saved_cs_client          = @@character_set_client */;
/*!50001 SET @saved_cs_results         = @@character_set_results */;
/*!50001 SET @saved_col_connection     = @@collation_connection */;
/*!50001 SET character_set_client      = utf8 */;
/*!50001 SET character_set_results     = utf8 */;
/*!50001 SET collation_connection      = utf8_general_ci */;
/*!50001 CREATE ALGORITHM=UNDEFINED */
/*!50001 VIEW `visit_lines` AS select hex(concat_ws('_',if((`c`.`status` = 'approved'),`cl`.`start_date`,`cl`.`end_date`),`c`.`inventory_pool_id`,`c`.`user_id`,`c`.`status`)) AS `visit_id`,`c`.`inventory_pool_id` AS `inventory_pool_id`,`c`.`user_id` AS `user_id`,`c`.`delegated_user_id` AS `delegated_user_id`,`c`.`status` AS `status`,if((`c`.`status` = 'approved'),'hand_over','take_back') AS `action`,if((`c`.`status` = 'approved'),`cl`.`start_date`,`cl`.`end_date`) AS `date`,`cl`.`quantity` AS `quantity`,`cl`.`id` AS `contract_line_id` from (`contract_lines` `cl` join `contracts` `c` on((`cl`.`contract_id` = `c`.`id`))) where ((`c`.`status` in ('approved','signed')) and isnull(`cl`.`returned_date`)) order by if((`c`.`status` = 'approved'),`cl`.`start_date`,`cl`.`end_date`) */;
/*!50001 SET character_set_client      = @saved_cs_client */;
/*!50001 SET character_set_results     = @saved_cs_results */;
/*!50001 SET collation_connection      = @saved_col_connection */;

--
-- Final view structure for view `visits`
--

/*!50001 DROP TABLE IF EXISTS `visits`*/;
/*!50001 DROP VIEW IF EXISTS `visits`*/;
/*!50001 SET @saved_cs_client          = @@character_set_client */;
/*!50001 SET @saved_cs_results         = @@character_set_results */;
/*!50001 SET @saved_col_connection     = @@collation_connection */;
/*!50001 SET character_set_client      = utf8 */;
/*!50001 SET character_set_results     = utf8 */;
/*!50001 SET collation_connection      = utf8_general_ci */;
/*!50001 CREATE ALGORITHM=UNDEFINED */
/*!50001 VIEW `visits` AS select hex(concat_ws('_',`visit_lines`.`date`,`visit_lines`.`inventory_pool_id`,`visit_lines`.`user_id`,`visit_lines`.`status`)) AS `id`,`visit_lines`.`inventory_pool_id` AS `inventory_pool_id`,`visit_lines`.`user_id` AS `user_id`,`visit_lines`.`status` AS `status`,`visit_lines`.`action` AS `action`,`visit_lines`.`date` AS `date`,sum(`visit_lines`.`quantity`) AS `quantity` from `visit_lines` group by `visit_lines`.`user_id`,`visit_lines`.`status`,`visit_lines`.`date`,`visit_lines`.`inventory_pool_id` */;
/*!50001 SET character_set_client      = @saved_cs_client */;
/*!50001 SET character_set_results     = @saved_cs_results */;
/*!50001 SET collation_connection      = @saved_col_connection */;
/*!40103 SET TIME_ZONE=@OLD_TIME_ZONE */;

/*!40101 SET SQL_MODE=@OLD_SQL_MODE */;
/*!40014 SET FOREIGN_KEY_CHECKS=@OLD_FOREIGN_KEY_CHECKS */;
/*!40014 SET UNIQUE_CHECKS=@OLD_UNIQUE_CHECKS */;
/*!40101 SET CHARACTER_SET_CLIENT=@OLD_CHARACTER_SET_CLIENT */;
/*!40101 SET CHARACTER_SET_RESULTS=@OLD_CHARACTER_SET_RESULTS */;
/*!40101 SET COLLATION_CONNECTION=@OLD_COLLATION_CONNECTION */;
/*!40111 SET SQL_NOTES=@OLD_SQL_NOTES */;

-- Dump completed on 2015-01-29 17:11:00
