-- MySQL dump 10.13  Distrib 5.1.48, for apple-darwin10.3.0 (i386)
--
-- Host: localhost    Database: leihs2_test
-- ------------------------------------------------------
-- Server version	5.1.48

/*!40101 SET @OLD_CHARACTER_SET_CLIENT=@@CHARACTER_SET_CLIENT */;
/*!40101 SET @OLD_CHARACTER_SET_RESULTS=@@CHARACTER_SET_RESULTS */;
/*!40101 SET @OLD_COLLATION_CONNECTION=@@COLLATION_CONNECTION */;
/*!40101 SET NAMES utf8 */;
/*!40103 SET @OLD_TIME_ZONE=@@TIME_ZONE */;
/*!40103 SET TIME_ZONE='+00:00' */;
/*!40014 SET @OLD_UNIQUE_CHECKS=@@UNIQUE_CHECKS, UNIQUE_CHECKS=0 */;
/*!40014 SET @OLD_FOREIGN_KEY_CHECKS=@@FOREIGN_KEY_CHECKS, FOREIGN_KEY_CHECKS=0 */;
/*!40101 SET @OLD_SQL_MODE=@@SQL_MODE, SQL_MODE='NO_AUTO_VALUE_ON_ZERO' */;
/*!40111 SET @OLD_SQL_NOTES=@@SQL_NOTES, SQL_NOTES=0 */;

--
-- Table structure for table `access_rights`
--

DROP TABLE IF EXISTS `access_rights`;
/*!40101 SET @saved_cs_client     = @@character_set_client */;
/*!40101 SET character_set_client = utf8 */;
CREATE TABLE `access_rights` (
  `id` int(11) NOT NULL AUTO_INCREMENT,
  `user_id` int(11) DEFAULT NULL,
  `inventory_pool_id` int(11) DEFAULT NULL,
  `suspended_until` date DEFAULT NULL,
  `suspended_reason` text COLLATE utf8_unicode_ci,
  `deleted_at` date DEFAULT NULL,
  `created_at` datetime DEFAULT NULL,
  `updated_at` datetime DEFAULT NULL,
  `role` enum('customer','group_manager','lending_manager','inventory_manager','admin') COLLATE utf8_unicode_ci NOT NULL,
  PRIMARY KEY (`id`),
  KEY `index_access_rights_on_suspended_until` (`suspended_until`),
  KEY `index_access_rights_on_deleted_at` (`deleted_at`),
  KEY `index_access_rights_on_inventory_pool_id` (`inventory_pool_id`),
  KEY `index_access_rights_on_role` (`role`),
  KEY `index_on_user_id_and_inventory_pool_id_and_deleted_at` (`user_id`,`inventory_pool_id`,`deleted_at`),
  CONSTRAINT `access_rights_user_id_fk` FOREIGN KEY (`user_id`) REFERENCES `users` (`id`),
  CONSTRAINT `access_rights_inventory_pool_id_fk` FOREIGN KEY (`inventory_pool_id`) REFERENCES `inventory_pools` (`id`) ON DELETE CASCADE
) ENGINE=InnoDB AUTO_INCREMENT=46 DEFAULT CHARSET=utf8 COLLATE=utf8_unicode_ci;
/*!40101 SET character_set_client = @saved_cs_client */;

--
-- Dumping data for table `access_rights`
--

LOCK TABLES `access_rights` WRITE;
/*!40000 ALTER TABLE `access_rights` DISABLE KEYS */;
INSERT INTO `access_rights` VALUES (1,1,NULL,NULL,NULL,NULL,'2016-02-25 06:53:20','2016-02-25 06:53:20','admin'),(2,2,NULL,NULL,NULL,NULL,'2016-02-25 06:53:20','2016-02-25 06:53:20','admin'),(3,2,1,NULL,NULL,NULL,'2016-02-25 06:53:20','2016-02-25 06:53:20','customer'),(4,3,2,NULL,NULL,NULL,'2016-02-25 06:53:20','2016-02-25 06:53:20','inventory_manager'),(5,4,1,NULL,NULL,NULL,'2016-02-25 06:53:20','2016-02-25 06:53:20','inventory_manager'),(6,4,4,NULL,NULL,NULL,'2016-02-25 06:53:20','2016-02-25 06:53:20','inventory_manager'),(7,5,1,NULL,NULL,NULL,'2016-02-25 06:53:20','2016-02-25 06:53:20','lending_manager'),(8,5,2,NULL,NULL,NULL,'2016-02-25 06:53:20','2016-02-25 06:53:20','lending_manager'),(9,7,1,NULL,NULL,NULL,'2016-02-25 06:53:20','2016-02-25 06:53:20','lending_manager'),(10,7,2,NULL,NULL,NULL,'2016-02-25 06:53:20','2016-02-25 06:53:20','lending_manager'),(11,8,1,NULL,NULL,NULL,'2016-02-25 06:53:20','2016-02-25 06:53:20','customer'),(12,6,1,NULL,NULL,NULL,'2016-02-25 06:53:20','2016-02-25 06:53:20','customer'),(13,6,2,NULL,NULL,NULL,'2016-02-25 06:53:20','2016-02-25 06:53:20','customer'),(14,6,3,NULL,NULL,NULL,'2016-02-25 06:53:20','2016-02-25 06:53:20','customer'),(15,6,4,NULL,NULL,'2016-02-24','2016-02-25 06:53:20','2016-02-25 06:53:20','customer'),(16,9,1,NULL,NULL,NULL,'2016-02-25 06:53:20','2016-02-25 06:53:20','group_manager'),(17,9,2,NULL,NULL,NULL,'2016-02-25 06:53:20','2016-02-25 06:53:20','group_manager'),(18,9,3,NULL,NULL,NULL,'2016-02-25 06:53:20','2016-02-25 06:53:20','group_manager'),(19,10,1,NULL,NULL,NULL,'2016-02-25 06:53:20','2016-02-25 06:53:20','customer'),(20,11,1,NULL,NULL,NULL,'2016-02-25 06:53:20','2016-02-25 06:53:20','customer'),(21,12,1,NULL,NULL,NULL,'2016-02-25 06:53:20','2016-02-25 06:53:20','customer'),(22,13,1,NULL,NULL,NULL,'2016-02-25 06:53:20','2016-02-25 06:53:20','customer'),(23,26,1,NULL,NULL,NULL,'2016-02-25 06:53:20','2016-02-25 06:53:20','customer'),(24,27,1,NULL,NULL,NULL,'2016-02-25 06:53:20','2016-02-25 06:53:20','customer'),(25,27,2,NULL,NULL,NULL,'2016-02-25 06:53:20','2016-02-25 06:53:20','customer'),(26,29,1,NULL,NULL,NULL,'2016-02-25 06:53:20','2016-02-25 06:53:20','customer'),(27,29,5,NULL,NULL,NULL,'2016-02-25 06:53:20','2016-02-25 06:53:20','customer'),(28,29,6,NULL,NULL,NULL,'2016-02-25 06:53:20','2016-02-25 06:53:20','customer'),(29,30,1,NULL,NULL,NULL,'2016-02-25 06:53:20','2016-02-25 06:53:20','customer'),(30,23,1,NULL,NULL,NULL,'2016-02-25 06:53:20','2016-02-25 06:53:20','customer'),(31,24,1,NULL,NULL,NULL,'2016-02-25 06:53:20','2016-02-25 06:53:20','customer'),(32,14,1,NULL,NULL,NULL,'2016-02-25 06:53:20','2016-02-25 06:53:20','customer'),(33,15,1,'2016-02-25','Aperiam occaecati ea officia quia facilis ad voluptas.',NULL,'2016-02-25 06:53:20','2016-02-25 06:53:20','customer'),(34,16,1,NULL,NULL,NULL,'2016-02-25 06:53:20','2016-02-25 06:53:20','customer'),(35,17,1,NULL,NULL,NULL,'2016-02-25 06:53:20','2016-02-25 06:53:20','customer'),(36,18,1,NULL,NULL,NULL,'2016-02-25 06:53:20','2016-02-25 06:53:20','customer'),(37,19,1,NULL,NULL,NULL,'2016-02-25 06:53:20','2016-02-25 06:53:20','customer'),(38,20,1,NULL,NULL,'2016-02-25','2016-02-25 06:53:20','2016-02-25 06:53:20','customer'),(39,21,1,NULL,NULL,NULL,'2016-02-25 06:53:20','2016-02-25 06:53:20','customer'),(40,22,1,NULL,NULL,NULL,'2016-02-25 06:53:20','2016-02-25 06:53:20','customer'),(41,31,3,NULL,NULL,NULL,'2016-02-25 06:53:20','2016-02-25 06:53:20','customer'),(42,32,1,NULL,NULL,NULL,'2016-02-25 06:53:20','2016-02-25 06:53:20','lending_manager'),(43,33,1,NULL,NULL,NULL,'2016-02-25 06:53:20','2016-02-25 06:53:20','group_manager'),(44,34,7,NULL,NULL,NULL,'2016-02-25 06:53:20','2016-02-25 06:53:20','customer'),(45,35,12,NULL,NULL,NULL,'2016-02-25 06:53:20','2016-02-25 06:53:20','customer');
/*!40000 ALTER TABLE `access_rights` ENABLE KEYS */;
UNLOCK TABLES;

--
-- Table structure for table `accessories`
--

DROP TABLE IF EXISTS `accessories`;
/*!40101 SET @saved_cs_client     = @@character_set_client */;
/*!40101 SET character_set_client = utf8 */;
CREATE TABLE `accessories` (
  `id` int(11) NOT NULL AUTO_INCREMENT,
  `model_id` int(11) DEFAULT NULL,
  `name` varchar(255) COLLATE utf8_unicode_ci DEFAULT NULL,
  `quantity` int(11) DEFAULT NULL,
  PRIMARY KEY (`id`),
  KEY `index_accessories_on_model_id` (`model_id`),
  CONSTRAINT `accessories_model_id_fk` FOREIGN KEY (`model_id`) REFERENCES `models` (`id`) ON DELETE CASCADE
) ENGINE=InnoDB AUTO_INCREMENT=224 DEFAULT CHARSET=utf8 COLLATE=utf8_unicode_ci;
/*!40101 SET character_set_client = @saved_cs_client */;

--
-- Dumping data for table `accessories`
--

LOCK TABLES `accessories` WRITE;
/*!40000 ALTER TABLE `accessories` DISABLE KEYS */;
INSERT INTO `accessories` VALUES (1,1,'Mr. Marlen Johnston',NULL),(2,1,'Raymundo Monahan',NULL),(3,1,'Lilliana Will',NULL),(4,1,'Malcolm Lesch',NULL),(5,2,'Lambert Carroll III',NULL),(6,2,'Marisol Kerluke',NULL),(7,2,'Laney Swift',NULL),(8,2,'Noah Wolff',NULL),(9,2,'Miss Karianne Nikolaus',NULL),(10,3,'Mr. Raymond Ledner',NULL),(11,3,'Keven Wiegand',NULL),(12,4,'Marta O\'Conner',NULL),(13,5,'Aliza Lindgren',NULL),(14,5,'Ofelia Tromp',NULL),(15,5,'Ms. Roger Mosciski',NULL),(16,6,'Mark Rutherford',NULL),(17,7,'Dolores Reichert',NULL),(18,7,'Janelle Walker',NULL),(19,7,'Jerod Erdman',NULL),(20,7,'Mary Reinger',NULL),(21,7,'Miss Cathy Murphy',NULL),(22,8,'Alan Kertzmann V',NULL),(23,9,'Nona Kuvalis',NULL),(24,9,'Jarod Reinger',NULL),(25,10,'Florence Wiegand',NULL),(26,10,'Ofelia Schmitt',NULL),(27,10,'Alexys Kris',NULL),(28,11,'Jaden Bartell',NULL),(29,11,'Amparo Jones',NULL),(30,11,'Ms. Golda Rutherford',NULL),(31,12,'Marques Wiegand',NULL),(32,12,'Arlene D\'Amore',NULL),(33,12,'Mrs. Caleb Renner',NULL),(34,12,'Eugene Gislason',NULL),(35,12,'Ava Gerhold',NULL),(36,13,'Ola Reynolds',NULL),(37,13,'Una Lowe II',NULL),(38,13,'Amalia Weissnat',NULL),(39,13,'Reginald Stracke',NULL),(40,14,'Joanne Parker',NULL),(41,14,'Tess Kessler IV',NULL),(42,14,'Gilbert Becker',NULL),(43,14,'Luigi Herzog',NULL),(44,14,'Lavon Skiles',NULL),(45,15,'Ed Hauck Sr.',NULL),(46,16,'Taryn Champlin',NULL),(47,16,'Ottilie Ankunding',NULL),(48,16,'Freddie O\'Kon',NULL),(49,17,'Roscoe Dietrich Sr.',NULL),(50,17,'Adele Bauch MD',NULL),(51,17,'Dereck Weimann II',NULL),(52,17,'Elwin Jacobs MD',NULL),(53,17,'Wendell Kovacek',NULL),(54,18,'Karianne Weimann',NULL),(55,18,'Raegan Schumm',NULL),(56,18,'Ms. Virginia Waelchi',NULL),(57,18,'Curt Trantow',NULL),(58,18,'Catharine Koss',NULL),(59,19,'Rudolph Hills',NULL),(60,19,'Maudie Paucek',NULL),(61,19,'Mrs. Donavon Gusikowski',NULL),(62,19,'Dr. Geovanni Hickle',NULL),(63,20,'Tre Batz',NULL),(64,20,'Brody Mitchell',NULL),(65,20,'Mrs. Marcella Dooley',NULL),(66,21,'Christopher McDermott',NULL),(67,21,'Tiffany Bosco',NULL),(68,21,'Darren Fadel',NULL),(69,21,'Lizzie Cassin',NULL),(70,22,'Anya Schumm MD',NULL),(71,22,'Jaime Satterfield',NULL),(72,22,'Rhea Gusikowski IV',NULL),(73,23,'Kenyatta Rohan',NULL),(74,24,'Mr. Myriam Walter',NULL),(75,24,'Octavia Hammes',NULL),(76,24,'Lora Douglas',NULL),(77,24,'Helen Gerhold',NULL),(78,24,'Emery Huels',NULL),(79,25,'Bette Koelpin',NULL),(80,25,'Cole Price',NULL),(81,25,'Jarred Hermann',NULL),(82,25,'Tianna Kshlerin II',NULL),(83,25,'Karolann Langosh',NULL),(84,26,'Jeanne Goldner',NULL),(85,26,'Miss Lyric Strosin',NULL),(86,26,'Arlo Altenwerth V',NULL),(87,27,'Daniella Hickle',NULL),(88,27,'Godfrey Nolan',NULL),(89,28,'Hilbert Mertz',NULL),(90,28,'Vernon Skiles PhD',NULL),(91,28,'Arturo Gorczany',NULL),(92,28,'Constantin Labadie',NULL),(93,29,'Dr. Zelma Leannon',NULL),(94,29,'Yasmine Corkery',NULL),(95,29,'Sedrick Cormier MD',NULL),(96,29,'Marquis Bernhard',NULL),(97,29,'Cathryn Schroeder',NULL),(98,30,'Chadd Ondricka V',NULL),(99,30,'Yvonne Sipes',NULL),(100,31,'Mrs. Waylon Cummerata',NULL),(101,31,'Leopoldo Langosh',NULL),(102,31,'Luciano McKenzie',NULL),(103,31,'Eleanora Schneider',NULL),(104,31,'Alysha Davis PhD',NULL),(105,32,'Clay Williamson',NULL),(106,33,'Percy Legros',NULL),(107,34,'Tiffany Hansen',NULL),(108,34,'Miss Makenzie Kuhlman',NULL),(109,34,'Bobbie Ullrich',NULL),(110,34,'Terence Purdy',NULL),(111,35,'Pedro Welch',NULL),(112,35,'Grady Klein',NULL),(113,35,'Morgan Brown IV',NULL),(114,35,'Dangelo Douglas',NULL),(115,35,'Alana Lind',NULL),(116,36,'Efrain Considine',NULL),(117,36,'Ariane Trantow',NULL),(118,36,'Alford Simonis',NULL),(119,36,'Zane Rippin',NULL),(120,37,'Eugene Koch',NULL),(121,37,'Mr. German King',NULL),(122,37,'Mylene Lehner V',NULL),(123,38,'Rodrick Treutel',NULL),(124,38,'Tremayne Kuhlman',NULL),(125,38,'Trinity Jones',NULL),(126,38,'Westley Bernier',NULL),(127,39,'Emmett Stark MD',NULL),(128,39,'Stephany Feest',NULL),(129,39,'Velma Mante I',NULL),(130,40,'Alison Paucek',NULL),(131,40,'Mrs. Emmalee Krajcik',NULL),(132,40,'Preston Willms',NULL),(133,40,'Kenyatta Tromp',NULL),(134,41,'Gilberto Herzog',NULL),(135,41,'Elyse Schuster',NULL),(136,41,'Lucy Keebler',NULL),(137,41,'Mario Schinner',NULL),(138,42,'Tommie Krajcik',NULL),(139,42,'Sherwood Stark',NULL),(140,42,'Ansel Marvin',NULL),(141,43,'Amparo Stark',NULL),(142,43,'Emmie Nitzsche MD',NULL),(143,44,'Jules Brekke DVM',NULL),(144,44,'Franco Terry',NULL),(145,44,'Angie Ratke',NULL),(146,44,'Mackenzie Bauch',NULL),(147,45,'Lou Stroman',NULL),(148,45,'Sven Schaefer DDS',NULL),(149,46,'Krista Zulauf',NULL),(150,47,'Haylie Weimann',NULL),(151,48,'Dr. Jeanie Osinski',NULL),(152,48,'Nedra Wyman',NULL),(153,48,'Mavis Dooley',NULL),(154,48,'Ashton Prohaska II',NULL),(155,49,'Eric Bayer',NULL),(156,49,'Hortense Quitzon',NULL),(157,49,'Miss Lorenz Cummings',NULL),(158,49,'Gino Schimmel',NULL),(159,49,'Jaime Russel',NULL),(160,50,'Rhoda Cummerata',NULL),(161,50,'Paul Wisoky',NULL),(162,51,'Dr. Trever Swift',NULL),(163,51,'Dr. Rozella Walsh',NULL),(164,51,'Brody Farrell',NULL),(165,51,'Mr. Hyman Reichel',NULL),(166,52,'Ian Considine',NULL),(167,53,'Jamie Roberts',NULL),(168,54,'Mr. Ansley Reinger',NULL),(169,54,'Brionna Paucek DVM',NULL),(170,54,'Tyra Kulas',NULL),(171,55,'Ewell Runolfsdottir',NULL),(172,55,'Kurt Wiza',NULL),(173,55,'Cheyenne Von',NULL),(174,56,'Quinton Krajcik MD',NULL),(175,56,'Kendra Eichmann',NULL),(176,56,'Ms. Fannie Marvin',NULL),(177,56,'Grace White II',NULL),(178,56,'Loyce Boyer',NULL),(179,57,'Kenton Dach',NULL),(180,58,'Mr. Matt Eichmann',NULL),(181,59,'Loy Price',NULL),(182,59,'Ms. Marjorie Auer',NULL),(183,59,'Pink Frami',NULL),(184,59,'Noelia Bernier',NULL),(185,60,'Carli Walter III',NULL),(186,61,'Mckenna Gibson',NULL),(187,62,'Ms. Joelle Kunze',NULL),(188,62,'Bernard Pagac',NULL),(189,62,'Stephany Rath',NULL),(190,63,'Ms. Amara Bayer',NULL),(191,63,'Watson Romaguera MD',NULL),(192,64,'Libbie Kutch',NULL),(193,65,'Jaquan Zemlak',NULL),(194,65,'Mr. Earlene Swaniawski',NULL),(195,65,'Javonte Fadel',NULL),(196,65,'Philip Morar',NULL),(197,65,'Oma Rosenbaum',NULL),(198,66,'Kip Parker',NULL),(199,66,'Casey Pollich',NULL),(200,66,'Alene McDermott',NULL),(201,67,'Mr. Alvis Konopelski',NULL),(202,68,'Vladimir Fay',NULL),(203,68,'Kira Larson',NULL),(204,68,'Delpha Kuhn',NULL),(205,68,'Liza McKenzie',NULL),(206,68,'Ms. Rafael Olson',NULL),(207,69,'Emmanuelle Rau',NULL),(208,69,'Garnet Hills',NULL),(209,70,'Delphia Botsford',NULL),(210,70,'Joanne Connelly',NULL),(211,71,'Terry Williamson PhD',NULL),(212,71,'Rae Nitzsche',NULL),(213,71,'Mr. Sven O\'Keefe',NULL),(214,71,'Earl Schmitt',NULL),(215,71,'Otis Sanford',NULL),(216,72,'Dahlia Grimes PhD',NULL),(217,72,'Darwin Schulist',NULL),(218,72,'Ms. Trystan Rodriguez',NULL),(219,72,'Brenda Olson V',NULL),(220,72,'Bernadine Green',NULL),(221,73,'Trisha Huel',NULL),(222,73,'Kellen Torp',NULL),(223,73,'Dr. Julie Gusikowski',NULL);
/*!40000 ALTER TABLE `accessories` ENABLE KEYS */;
UNLOCK TABLES;

--
-- Table structure for table `accessories_inventory_pools`
--

DROP TABLE IF EXISTS `accessories_inventory_pools`;
/*!40101 SET @saved_cs_client     = @@character_set_client */;
/*!40101 SET character_set_client = utf8 */;
CREATE TABLE `accessories_inventory_pools` (
  `accessory_id` int(11) DEFAULT NULL,
  `inventory_pool_id` int(11) DEFAULT NULL,
  UNIQUE KEY `index_accessories_inventory_pools` (`accessory_id`,`inventory_pool_id`),
  KEY `index_accessories_inventory_pools_on_inventory_pool_id` (`inventory_pool_id`),
  CONSTRAINT `accessories_inventory_pools_inventory_pool_id_fk` FOREIGN KEY (`inventory_pool_id`) REFERENCES `inventory_pools` (`id`),
  CONSTRAINT `accessories_inventory_pools_accessory_id_fk` FOREIGN KEY (`accessory_id`) REFERENCES `accessories` (`id`)
) ENGINE=InnoDB DEFAULT CHARSET=utf8 COLLATE=utf8_unicode_ci;
/*!40101 SET character_set_client = @saved_cs_client */;

--
-- Dumping data for table `accessories_inventory_pools`
--

LOCK TABLES `accessories_inventory_pools` WRITE;
/*!40000 ALTER TABLE `accessories_inventory_pools` DISABLE KEYS */;
INSERT INTO `accessories_inventory_pools` VALUES (1,1),(2,1),(5,1),(6,1),(7,1),(8,1),(10,1),(11,1),(14,1),(15,1),(18,1),(19,1),(20,1),(21,1),(22,1),(25,1),(26,1),(27,1),(28,1),(30,1),(32,1),(33,1),(34,1),(35,1),(36,1),(38,1),(39,1),(41,1),(42,1),(44,1),(52,1),(53,1),(54,1),(56,1),(57,1),(61,1),(62,1),(63,1),(68,1),(69,1),(71,1),(73,1),(74,1),(75,1),(76,1),(77,1),(80,1),(81,1),(83,1),(84,1),(85,1),(86,1),(88,1),(90,1),(91,1),(92,1),(94,1),(95,1),(96,1),(98,1),(99,1),(101,1),(102,1),(103,1),(104,1),(105,1),(107,1),(108,1),(109,1),(111,1),(112,1),(114,1),(115,1),(116,1),(117,1),(121,1),(122,1),(123,1),(124,1),(125,1),(126,1),(132,1),(133,1),(134,1),(135,1),(136,1),(137,1),(138,1),(139,1),(142,1),(143,1),(145,1),(146,1),(147,1),(148,1),(149,1),(150,1),(154,1),(156,1),(158,1),(159,1),(161,1),(164,1),(167,1),(168,1),(169,1),(170,1),(175,1),(176,1),(179,1),(180,1),(181,1),(187,1),(189,1),(190,1),(192,1),(193,1),(196,1),(197,1),(199,1),(201,1),(204,1),(205,1),(207,1),(211,1),(213,1),(214,1),(218,1),(219,1),(222,1);
/*!40000 ALTER TABLE `accessories_inventory_pools` ENABLE KEYS */;
UNLOCK TABLES;

--
-- Table structure for table `addresses`
--

DROP TABLE IF EXISTS `addresses`;
/*!40101 SET @saved_cs_client     = @@character_set_client */;
/*!40101 SET character_set_client = utf8 */;
CREATE TABLE `addresses` (
  `id` int(11) NOT NULL AUTO_INCREMENT,
  `street` varchar(255) COLLATE utf8_unicode_ci DEFAULT NULL,
  `zip_code` varchar(255) COLLATE utf8_unicode_ci DEFAULT NULL,
  `city` varchar(255) COLLATE utf8_unicode_ci DEFAULT NULL,
  `country_code` varchar(255) COLLATE utf8_unicode_ci DEFAULT NULL,
  `latitude` float DEFAULT NULL,
  `longitude` float DEFAULT NULL,
  PRIMARY KEY (`id`),
  UNIQUE KEY `index_addresses_on_street_and_zip_code_and_city_and_country_code` (`street`,`zip_code`,`city`,`country_code`)
) ENGINE=InnoDB DEFAULT CHARSET=utf8 COLLATE=utf8_unicode_ci;
/*!40101 SET character_set_client = @saved_cs_client */;

--
-- Dumping data for table `addresses`
--

LOCK TABLES `addresses` WRITE;
/*!40000 ALTER TABLE `addresses` DISABLE KEYS */;
/*!40000 ALTER TABLE `addresses` ENABLE KEYS */;
UNLOCK TABLES;

--
-- Table structure for table `attachments`
--

DROP TABLE IF EXISTS `attachments`;
/*!40101 SET @saved_cs_client     = @@character_set_client */;
/*!40101 SET character_set_client = utf8 */;
CREATE TABLE `attachments` (
  `id` int(11) NOT NULL AUTO_INCREMENT,
  `model_id` int(11) DEFAULT NULL,
  `is_main` tinyint(1) DEFAULT '0',
  `content_type` varchar(255) COLLATE utf8_unicode_ci DEFAULT NULL,
  `filename` varchar(255) COLLATE utf8_unicode_ci DEFAULT NULL,
  `size` int(11) DEFAULT NULL,
  PRIMARY KEY (`id`),
  KEY `index_attachments_on_model_id` (`model_id`),
  CONSTRAINT `attachments_model_id_fk` FOREIGN KEY (`model_id`) REFERENCES `models` (`id`) ON DELETE CASCADE
) ENGINE=InnoDB AUTO_INCREMENT=7 DEFAULT CHARSET=utf8 COLLATE=utf8_unicode_ci;
/*!40101 SET character_set_client = @saved_cs_client */;

--
-- Dumping data for table `attachments`
--

LOCK TABLES `attachments` WRITE;
/*!40000 ALTER TABLE `attachments` DISABLE KEYS */;
INSERT INTO `attachments` VALUES (1,16,0,'image/jpeg','quaerat',NULL),(2,17,0,'image/jpeg','dicta',NULL),(3,74,0,'image/jpeg','mollitia',NULL),(4,74,0,'image/jpeg','omnis',NULL),(5,74,0,'image/jpeg','cumque',NULL),(6,75,0,'image/jpeg','quidem',NULL);
/*!40000 ALTER TABLE `attachments` ENABLE KEYS */;
UNLOCK TABLES;

--
-- Table structure for table `authentication_systems`
--

DROP TABLE IF EXISTS `authentication_systems`;
/*!40101 SET @saved_cs_client     = @@character_set_client */;
/*!40101 SET character_set_client = utf8 */;
CREATE TABLE `authentication_systems` (
  `id` int(11) NOT NULL AUTO_INCREMENT,
  `name` varchar(255) COLLATE utf8_unicode_ci DEFAULT NULL,
  `class_name` varchar(255) COLLATE utf8_unicode_ci DEFAULT NULL,
  `is_default` tinyint(1) DEFAULT '0',
  `is_active` tinyint(1) DEFAULT '0',
  PRIMARY KEY (`id`)
) ENGINE=InnoDB AUTO_INCREMENT=4 DEFAULT CHARSET=utf8 COLLATE=utf8_unicode_ci;
/*!40101 SET character_set_client = @saved_cs_client */;

--
-- Dumping data for table `authentication_systems`
--

LOCK TABLES `authentication_systems` WRITE;
/*!40000 ALTER TABLE `authentication_systems` DISABLE KEYS */;
INSERT INTO `authentication_systems` VALUES (1,'Database Authentication','DatabaseAuthentication',1,1),(2,'LDAP Authentication','LdapAuthentication',0,0),(3,'ZHDK Authentication','Zhdk',0,0);
/*!40000 ALTER TABLE `authentication_systems` ENABLE KEYS */;
UNLOCK TABLES;

--
-- Table structure for table `buildings`
--

DROP TABLE IF EXISTS `buildings`;
/*!40101 SET @saved_cs_client     = @@character_set_client */;
/*!40101 SET character_set_client = utf8 */;
CREATE TABLE `buildings` (
  `id` int(11) NOT NULL AUTO_INCREMENT,
  `name` varchar(255) COLLATE utf8_unicode_ci DEFAULT NULL,
  `code` varchar(255) COLLATE utf8_unicode_ci DEFAULT NULL,
  PRIMARY KEY (`id`)
) ENGINE=InnoDB AUTO_INCREMENT=181 DEFAULT CHARSET=utf8 COLLATE=utf8_unicode_ci;
/*!40101 SET character_set_client = @saved_cs_client */;

--
-- Dumping data for table `buildings`
--

LOCK TABLES `buildings` WRITE;
/*!40000 ALTER TABLE `buildings` DISABLE KEYS */;
INSERT INTO `buildings` VALUES (1,'Ausstellungsstrasse 60','AU60'),(2,'Pariaturconsequatureum','sol'),(3,'Quiquodomnis','est'),(4,'Autetrerum','deb'),(5,'Quasdoloremminima','vol'),(6,'Asperioresnesciuntnon','dol'),(7,'Enimsititaque','min'),(8,'Omnisreprehenderitofficiis','par'),(9,'Nostrumevenietest','omn'),(10,'Rerumplaceatet','nec'),(11,'Sapienteetest','asp'),(12,'Necessitatibusarchitectofacere','per'),(13,'Inaccusamusimpedit','rer'),(14,'Quaeratexcepturiitaque','dol'),(15,'Atquesapientevel','dis'),(16,'Doloresestbeatae','off'),(17,'Utoptionam','vol'),(18,'Numquamdolorin','exr'),(19,'Quiafacilisqui','qui'),(20,'Doloremaspernaturet','cor'),(21,'Nequeconsectetursit','ips'),(22,'Maioresnequeunde','eiu'),(23,'Quireiciendistotam','tem'),(24,'Nonquiaconsequatur','iur'),(25,'Eosdignissimosquo','abn'),(26,'Molestiaeplaceataliquid','inc'),(27,'Autquodassumenda','vol'),(28,'Nobisetea','omn'),(29,'Porrorepudiandaeiste','acc'),(30,'Sedvelitvel','vol'),(31,'Quianonipsa','atr'),(32,'Euminventorepraesentium','nih'),(33,'Fugamodivoluptate','etf'),(34,'Quameosest','rat'),(35,'Corruptiquiasimilique','num'),(36,'Providentnobisvoluptate','rer'),(37,'Voluptatemvoluptasodio','atq'),(38,'Delenitietincidunt','ute'),(39,'Autvoluptateeos','off'),(40,'Blanditiisrerumnihil','ver'),(41,'Doloresvelitnam','ute'),(42,'Ametcupiditatein','vel'),(43,'Quisnecessitatibusdolores','lab'),(44,'Iurenequeet','vol'),(45,'Inventoreeiusmollitia','qui'),(46,'Beataequisquamexplicabo','sap'),(47,'Verosapienteconsequatur','inm'),(48,'Quaeratfugiatea','mai'),(49,'Officiissedmaxime','par'),(50,'Exercitationemsedmaxime','nih'),(51,'Animiestsint','est'),(52,'Autemnihilblanditiis','pro'),(53,'Inciduntquidemofficia','har'),(54,'Estvitaevoluptatibus','etp'),(55,'Natuspariaturdignissimos','sit'),(56,'Reprehenderituteum','qui'),(57,'Voluptatesverorepudiandae','err'),(58,'Magnivoluptatumest','dol'),(59,'Quisnatusassumenda','qui'),(60,'Aliquamoccaecatiquia','uta'),(61,'Dolorumquasconsequatur','ear'),(62,'Cupiditateporromaxime','acc'),(63,'Cumsimiliquevoluptatum','rep'),(64,'Laboresintearum','ali'),(65,'Laboriosamrationepossimus','ati'),(66,'Reprehenderitdelenitiassumenda','abv'),(67,'Reiciendisrationeaperiam','qui'),(68,'Perspiciatisexut','par'),(69,'Quonullavoluptatibus','qua'),(70,'Officiavelaccusamus','nob'),(71,'Veritatismodiassumenda','dol'),(72,'Utestaccusantium','qui'),(73,'Expeditaeumunde','dol'),(74,'Inrerumsoluta','neq'),(75,'Uteteaque','sus'),(76,'Fugaautemdolores','eve'),(77,'Commodivoluptateset','con'),(78,'Quamsintdolorum','mod'),(79,'Velautemimpedit','pla'),(80,'Quisquametcupiditate','ver'),(81,'Laborumsintvoluptatum','ips'),(82,'Deseruntesttempore','quo'),(83,'Suscipitconsequaturvel','vit'),(84,'Temporeliberoquo','omn'),(85,'Modiadipiscivoluptate','imp'),(86,'Magnimodireprehenderit','non'),(87,'Blanditiisrepudiandaeaut','aut'),(88,'Errormodivoluptatem','exp'),(89,'Estporrodolorum','vel'),(90,'Doloresitaquepossimus','rat'),(91,'Uteaqueanimi','dol'),(92,'Exercitationemutut','inc'),(93,'Quidemprovidentpariatur','opt'),(94,'Doloreconsequaturrerum','ill'),(95,'Estmagnamaccusantium','quo'),(96,'Laudantiumquimagni','qui'),(97,'Atqueautquidem','rer'),(98,'Hicnequeculpa','rat'),(99,'Mollitiasedfuga','qui'),(100,'Nobisistesapiente','pos'),(101,'Velsednostrum','ame'),(102,'Maximevoluptatumratione','dol'),(103,'Sintdelectustenetur','asp'),(104,'Totamenimmollitia','eni'),(105,'Veltemporeconsequatur','fac'),(106,'Etfacilisnulla','nat'),(107,'Omnisbeataeet','ips'),(108,'Doloremperspiciatisfacere','ute'),(109,'Ipsaconsequaturaspernatur','sit'),(110,'Utverovitae','nih'),(111,'Errormolestiaeporro','mol'),(112,'Saepeassumendanisi','con'),(113,'Totamaliquamaut','vel'),(114,'Odioquaeratearum','adi'),(115,'Autemprovidentsapiente','ita'),(116,'Idquienim','qui'),(117,'Corporisevenietsed','ali'),(118,'Voluptateminventoredicta','rer'),(119,'Autemdelenitiut','est'),(120,'Eiusvelsaepe','sin'),(121,'Voluptasquiaet','ill'),(122,'Consequaturquisquamfuga','tem'),(123,'Quiaperiamut','und'),(124,'Eaquedolordeleniti','per'),(125,'Etautvoluptatem','imp'),(126,'Aspernaturculpaenim','qui'),(127,'Reiciendisexpeditaofficiis','pla'),(128,'Nihildolorex','cup'),(129,'Architectosintquia','ips'),(130,'Doloremveroexercitationem','ver'),(131,'Quivoluptatibusquas','ads'),(132,'Dolorescupiditateconsequatur','nam'),(133,'Similiqueevenietcumque','sae'),(134,'Accusantiumenimsint','sed'),(135,'Vitaetotamsit','eta'),(136,'Odiopariaturaut','eum'),(137,'Suntsintodio','acc'),(138,'Temporaaperiamvoluptas','sun'),(139,'Autemminimaillo','vel'),(140,'Laudantiumtemporibusvitae','eta'),(141,'Utminimapariatur','atq'),(142,'Veniameiusillum','ali'),(143,'Idnecessitatibuset','ali'),(144,'Rationeestquo','nih'),(145,'Quaeratvoluptatemnesciunt','fac'),(146,'Ipsasintvoluptas','abe'),(147,'Nemoquoofficia','nem'),(148,'Temporevoluptatemest','utm'),(149,'Voluptasetquasi','vel'),(150,'Adipisciautemest','omn'),(151,'Perspiciatisadassumenda','non'),(152,'Eaeossequi','ute'),(153,'Doloreaccusantiumvelit','utq'),(154,'Ineositaque','qui'),(155,'Perspiciatisataccusantium','dol'),(156,'Quiaetconsequatur','vol'),(157,'Doloremqueaccusantiumerror','qui'),(158,'Dolorexmodi','dol'),(159,'Nihileaquedistinctio','eni'),(160,'Voluptasquirerum','ull'),(161,'Omnisofficianihil','vol'),(162,'Temporeaspernaturmagnam','und'),(163,'Liberovoluptatemconsectetur','rem'),(164,'Ipsumquisquamomnis','nih'),(165,'Autemsinttenetur','ide'),(166,'Accusamusoditad','nec'),(167,'Cumconsequaturlaborum','err'),(168,'Culparerumnecessitatibus','qui'),(169,'Enimconsequaturdignissimos','dol'),(170,'Veritatisvoluptatemaut','del'),(171,'Etutlaboriosam','mag'),(172,'Voluptatemcorporisautem','dol'),(173,'Perferendisofficiisnon','atq'),(174,'Voluptasvelid','qui'),(175,'Reiciendisquosquam','dol'),(176,'Nonvelitsint','dol'),(177,'Illolaboriosamin','lab'),(178,'Mollitiadelectusillo','num'),(179,'Etveniammaxime','bea'),(180,'Sapienteexquasi','sun');
/*!40000 ALTER TABLE `buildings` ENABLE KEYS */;
UNLOCK TABLES;

--
-- Table structure for table `contract_lines`
--

DROP TABLE IF EXISTS `contract_lines`;
/*!40101 SET @saved_cs_client     = @@character_set_client */;
/*!40101 SET character_set_client = utf8 */;
CREATE TABLE `contract_lines` (
  `id` int(11) NOT NULL AUTO_INCREMENT,
  `contract_id` int(11) DEFAULT NULL,
  `type` varchar(255) COLLATE utf8_unicode_ci NOT NULL DEFAULT 'ItemLine',
  `item_id` int(11) DEFAULT NULL,
  `model_id` int(11) DEFAULT NULL,
  `quantity` int(11) DEFAULT '1',
  `start_date` date DEFAULT NULL,
  `end_date` date DEFAULT NULL,
  `returned_date` date DEFAULT NULL,
  `option_id` int(11) DEFAULT NULL,
  `purpose_id` int(11) DEFAULT NULL,
  `returned_to_user_id` int(11) DEFAULT NULL,
  `created_at` datetime DEFAULT NULL,
  `updated_at` datetime DEFAULT NULL,
  PRIMARY KEY (`id`),
  KEY `index_contract_lines_on_start_date` (`start_date`),
  KEY `index_contract_lines_on_end_date` (`end_date`),
  KEY `index_contract_lines_on_option_id` (`option_id`),
  KEY `index_contract_lines_on_contract_id` (`contract_id`),
  KEY `index_contract_lines_on_item_id` (`item_id`),
  KEY `index_contract_lines_on_model_id` (`model_id`),
  KEY `index_contract_lines_on_returned_date_and_contract_id` (`returned_date`,`contract_id`),
  KEY `index_contract_lines_on_type_and_contract_id` (`type`,`contract_id`),
  KEY `contract_lines_purpose_id_fk` (`purpose_id`),
  KEY `contract_lines_returned_to_user_id_fk` (`returned_to_user_id`),
  CONSTRAINT `contract_lines_returned_to_user_id_fk` FOREIGN KEY (`returned_to_user_id`) REFERENCES `users` (`id`),
  CONSTRAINT `contract_lines_contract_id_fk` FOREIGN KEY (`contract_id`) REFERENCES `contracts` (`id`) ON DELETE CASCADE,
  CONSTRAINT `contract_lines_item_id_fk` FOREIGN KEY (`item_id`) REFERENCES `items` (`id`),
  CONSTRAINT `contract_lines_model_id_fk` FOREIGN KEY (`model_id`) REFERENCES `models` (`id`),
  CONSTRAINT `contract_lines_option_id_fk` FOREIGN KEY (`option_id`) REFERENCES `options` (`id`),
  CONSTRAINT `contract_lines_purpose_id_fk` FOREIGN KEY (`purpose_id`) REFERENCES `purposes` (`id`)
) ENGINE=InnoDB AUTO_INCREMENT=188 DEFAULT CHARSET=utf8 COLLATE=utf8_unicode_ci;
/*!40101 SET character_set_client = @saved_cs_client */;

--
-- Dumping data for table `contract_lines`
--

LOCK TABLES `contract_lines` WRITE;
/*!40000 ALTER TABLE `contract_lines` DISABLE KEYS */;
INSERT INTO `contract_lines` VALUES (1,1,'ItemLine',NULL,116,1,'2016-02-25','2016-02-25',NULL,NULL,NULL,NULL,'2016-02-25 06:53:20','2016-02-25 06:53:20'),(2,1,'ItemLine',NULL,120,1,'2016-02-25','2016-02-25',NULL,NULL,NULL,NULL,'2016-02-25 06:53:20','2016-02-25 06:53:20'),(3,1,'ItemLine',NULL,124,1,'2016-02-25','2016-02-25',NULL,NULL,NULL,NULL,'2016-02-25 06:53:20','2016-02-25 06:53:20'),(4,2,'ItemLine',NULL,4,1,'2016-02-25','2016-02-25',NULL,NULL,NULL,NULL,'2016-02-25 06:53:20','2016-02-25 06:53:20'),(5,2,'ItemLine',NULL,128,1,'2016-02-25','2016-02-25',NULL,NULL,NULL,NULL,'2016-02-25 06:53:20','2016-02-25 06:53:20'),(6,2,'ItemLine',NULL,132,1,'2016-02-25','2016-02-25',NULL,NULL,NULL,NULL,'2016-02-25 06:53:20','2016-02-25 06:53:20'),(7,3,'ItemLine',NULL,8,1,'2016-03-03','2016-03-06',NULL,NULL,1,NULL,'2016-02-25 06:53:20','2016-02-25 06:53:20'),(8,3,'ItemLine',NULL,8,1,'2016-03-03','2016-03-06',NULL,NULL,1,NULL,'2016-02-25 06:53:20','2016-02-25 06:53:20'),(9,3,'ItemLine',NULL,8,1,'2016-03-03','2016-03-06',NULL,NULL,1,NULL,'2016-02-25 06:53:20','2016-02-25 06:53:20'),(10,3,'ItemLine',NULL,8,1,'2016-03-03','2016-03-06',NULL,NULL,1,NULL,'2016-02-25 06:53:20','2016-02-25 06:53:20'),(11,3,'ItemLine',NULL,9,1,'2016-03-03','2016-03-06',NULL,NULL,2,NULL,'2016-02-25 06:53:20','2016-02-25 06:53:20'),(12,3,'ItemLine',NULL,9,1,'2016-03-03','2016-03-06',NULL,NULL,2,NULL,'2016-02-25 06:53:20','2016-02-25 06:53:20'),(13,3,'ItemLine',NULL,9,1,'2016-03-03','2016-03-06',NULL,NULL,2,NULL,'2016-02-25 06:53:20','2016-02-25 06:53:20'),(14,4,'ItemLine',NULL,22,1,'2016-02-25','2016-02-26',NULL,NULL,3,NULL,'2016-02-25 06:53:20','2016-02-25 06:53:20'),(15,5,'ItemLine',NULL,136,1,'2016-02-25','2016-02-25',NULL,NULL,4,NULL,'2016-02-25 06:53:20','2016-02-25 06:53:20'),(16,5,'ItemLine',NULL,140,1,'2016-02-25','2016-02-25',NULL,NULL,4,NULL,'2016-02-25 06:53:20','2016-02-25 06:53:20'),(17,5,'ItemLine',NULL,144,1,'2016-02-25','2016-02-25',NULL,NULL,4,NULL,'2016-02-25 06:53:20','2016-02-25 06:53:20'),(18,6,'ItemLine',NULL,33,1,'2016-02-25','2016-02-25',NULL,NULL,5,NULL,'2016-02-25 06:53:20','2016-02-25 06:53:20'),(19,6,'ItemLine',NULL,7,1,'2016-02-25','2016-02-25',NULL,NULL,5,NULL,'2016-02-25 06:53:20','2016-02-25 06:53:20'),(20,6,'ItemLine',NULL,40,1,'2016-02-25','2016-02-25',NULL,NULL,5,NULL,'2016-02-25 06:53:20','2016-02-25 06:53:20'),(21,6,'ItemLine',NULL,6,1,'2016-02-25','2016-02-25',NULL,NULL,5,NULL,'2016-02-25 06:53:20','2016-02-25 06:53:20'),(22,7,'ItemLine',NULL,148,1,'2016-02-25','2016-02-25',NULL,NULL,6,NULL,'2016-02-25 06:53:20','2016-02-25 06:53:20'),(23,7,'ItemLine',NULL,152,1,'2016-02-25','2016-02-25',NULL,NULL,6,NULL,'2016-02-25 06:53:20','2016-02-25 06:53:20'),(24,7,'ItemLine',NULL,156,1,'2016-02-25','2016-02-25',NULL,NULL,6,NULL,'2016-02-25 06:53:20','2016-02-25 06:53:20'),(25,8,'ItemLine',NULL,52,1,'2016-02-25','2016-02-25',NULL,NULL,7,NULL,'2016-02-25 06:53:20','2016-02-25 06:53:20'),(26,8,'ItemLine',NULL,63,1,'2016-02-25','2016-02-25',NULL,NULL,7,NULL,'2016-02-25 06:53:20','2016-02-25 06:53:20'),(27,8,'ItemLine',NULL,65,1,'2016-02-25','2016-02-25',NULL,NULL,7,NULL,'2016-02-25 06:53:20','2016-02-25 06:53:20'),(28,8,'ItemLine',NULL,69,1,'2016-02-25','2016-02-25',NULL,NULL,7,NULL,'2016-02-25 06:53:20','2016-02-25 06:53:20'),(29,8,'ItemLine',NULL,68,1,'2016-02-25','2016-02-25',NULL,NULL,7,NULL,'2016-02-25 06:53:20','2016-02-25 06:53:20'),(30,9,'ItemLine',NULL,160,1,'2016-02-19','2016-02-19',NULL,NULL,8,NULL,'2016-02-19 06:53:20','2016-02-19 06:53:20'),(31,9,'ItemLine',NULL,161,1,'2016-02-19','2016-02-19',NULL,NULL,8,NULL,'2016-02-19 06:53:20','2016-02-19 06:53:20'),(32,9,'ItemLine',NULL,162,1,'2016-02-19','2016-02-19',NULL,NULL,8,NULL,'2016-02-19 06:53:20','2016-02-19 06:53:20'),(33,9,'ItemLine',NULL,163,1,'2016-02-19','2016-02-19',NULL,NULL,8,NULL,'2016-02-19 06:53:20','2016-02-19 06:53:20'),(34,9,'ItemLine',NULL,19,1,'2016-02-19','2016-02-19',NULL,NULL,9,NULL,'2016-02-19 06:53:20','2016-02-19 06:53:20'),(35,10,'ItemLine',NULL,164,1,'2016-02-25','2016-02-25',NULL,NULL,10,NULL,'2016-02-25 06:53:20','2016-02-25 06:53:20'),(36,10,'ItemLine',NULL,165,1,'2016-02-25','2016-02-25',NULL,NULL,10,NULL,'2016-02-25 06:53:20','2016-02-25 06:53:20'),(37,10,'ItemLine',NULL,166,1,'2016-02-25','2016-02-25',NULL,NULL,10,NULL,'2016-02-25 06:53:20','2016-02-25 06:53:20'),(38,10,'ItemLine',NULL,167,1,'2016-02-25','2016-02-25',NULL,NULL,10,NULL,'2016-02-25 06:53:20','2016-02-25 06:53:20'),(39,10,'ItemLine',NULL,168,1,'2016-02-25','2016-02-25',NULL,NULL,10,NULL,'2016-02-25 06:53:20','2016-02-25 06:53:20'),(40,10,'ItemLine',NULL,21,1,'2016-02-25','2016-02-25',NULL,NULL,11,NULL,'2016-02-25 06:53:20','2016-02-25 06:53:20'),(41,11,'ItemLine',NULL,169,1,'2016-02-25','2016-02-25',NULL,NULL,12,NULL,'2016-02-25 06:53:20','2016-02-25 06:53:20'),(42,11,'ItemLine',NULL,170,1,'2016-02-25','2016-02-25',NULL,NULL,12,NULL,'2016-02-25 06:53:20','2016-02-25 06:53:20'),(43,11,'ItemLine',NULL,171,1,'2016-02-25','2016-02-25',NULL,NULL,12,NULL,'2016-02-25 06:53:20','2016-02-25 06:53:20'),(44,12,'ItemLine',NULL,172,1,'2016-02-25','2016-02-25',NULL,NULL,13,NULL,'2016-02-25 06:53:20','2016-02-25 06:53:20'),(45,12,'ItemLine',NULL,173,1,'2016-02-25','2016-02-25',NULL,NULL,13,NULL,'2016-02-25 06:53:20','2016-02-25 06:53:20'),(46,12,'ItemLine',NULL,174,1,'2016-02-25','2016-02-25',NULL,NULL,13,NULL,'2016-02-25 06:53:20','2016-02-25 06:53:20'),(47,12,'ItemLine',NULL,175,1,'2016-02-25','2016-02-25',NULL,NULL,13,NULL,'2016-02-25 06:53:20','2016-02-25 06:53:20'),(48,12,'ItemLine',NULL,176,1,'2016-02-25','2016-02-25',NULL,NULL,13,NULL,'2016-02-25 06:53:20','2016-02-25 06:53:20'),(49,13,'ItemLine',NULL,177,1,'2016-02-25','2016-02-25',NULL,NULL,14,NULL,'2016-02-25 06:53:20','2016-02-25 06:53:20'),(50,13,'ItemLine',NULL,178,1,'2016-02-25','2016-02-25',NULL,NULL,14,NULL,'2016-02-25 06:53:20','2016-02-25 06:53:20'),(51,13,'ItemLine',NULL,179,1,'2016-02-25','2016-02-25',NULL,NULL,14,NULL,'2016-02-25 06:53:20','2016-02-25 06:53:20'),(52,14,'ItemLine',NULL,180,1,'2016-02-24','2016-02-24',NULL,NULL,15,NULL,'2016-02-24 06:53:20','2016-02-24 06:53:20'),(53,14,'ItemLine',NULL,181,1,'2016-02-24','2016-02-24',NULL,NULL,15,NULL,'2016-02-24 06:53:20','2016-02-24 06:53:20'),(54,14,'ItemLine',NULL,182,1,'2016-02-24','2016-02-24',NULL,NULL,15,NULL,'2016-02-24 06:53:20','2016-02-24 06:53:20'),(55,14,'ItemLine',NULL,183,1,'2016-02-24','2016-02-24',NULL,NULL,15,NULL,'2016-02-24 06:53:20','2016-02-24 06:53:20'),(56,14,'ItemLine',NULL,184,1,'2016-02-24','2016-02-24',NULL,NULL,15,NULL,'2016-02-24 06:53:20','2016-02-24 06:53:20'),(57,14,'ItemLine',NULL,20,1,'2016-02-24','2016-02-24',NULL,NULL,16,NULL,'2016-02-24 06:53:20','2016-02-24 06:53:20'),(58,14,'ItemLine',NULL,20,1,'2016-02-24','2016-02-24',NULL,NULL,16,NULL,'2016-02-24 06:53:20','2016-02-24 06:53:20'),(59,15,'ItemLine',NULL,185,1,'2016-02-22','2016-02-22',NULL,NULL,17,NULL,'2016-02-21 06:53:20','2016-02-21 06:53:20'),(60,15,'ItemLine',NULL,186,1,'2016-02-22','2016-02-22',NULL,NULL,17,NULL,'2016-02-21 06:53:20','2016-02-21 06:53:20'),(61,15,'ItemLine',NULL,187,1,'2016-02-22','2016-02-22',NULL,NULL,17,NULL,'2016-02-21 06:53:20','2016-02-21 06:53:20'),(62,16,'ItemLine',NULL,8,1,'2016-03-03','2016-03-06',NULL,NULL,18,NULL,'2016-02-25 06:53:20','2016-02-25 06:53:20'),(63,16,'ItemLine',NULL,9,1,'2016-03-03','2016-03-06',NULL,NULL,19,NULL,'2016-02-25 06:53:20','2016-02-25 06:53:20'),(64,16,'ItemLine',NULL,9,1,'2016-03-04','2016-03-07',NULL,NULL,20,NULL,'2016-02-25 06:53:20','2016-02-25 06:53:20'),(65,17,'ItemLine',NULL,6,1,'2016-02-25','2016-02-26',NULL,NULL,21,NULL,'2016-02-25 06:53:20','2016-02-25 06:53:20'),(66,18,'ItemLine',NULL,188,1,'2016-02-25','2016-02-25',NULL,NULL,22,NULL,'2016-02-25 06:53:20','2016-02-25 06:53:20'),(67,18,'ItemLine',NULL,192,1,'2016-02-25','2016-02-25',NULL,NULL,22,NULL,'2016-02-25 06:53:20','2016-02-25 06:53:20'),(68,18,'ItemLine',NULL,196,1,'2016-02-25','2016-02-25',NULL,NULL,22,NULL,'2016-02-25 06:53:20','2016-02-25 06:53:20'),(69,18,'ItemLine',NULL,200,1,'2016-02-25','2016-02-25',NULL,NULL,22,NULL,'2016-02-25 06:53:20','2016-02-25 06:53:20'),(70,18,'ItemLine',NULL,204,1,'2016-02-25','2016-02-25',NULL,NULL,22,NULL,'2016-02-25 06:53:20','2016-02-25 06:53:20'),(71,18,'ItemLine',NULL,208,1,'2016-02-25','2016-02-25',NULL,NULL,22,NULL,'2016-02-25 06:53:20','2016-02-25 06:53:20'),(72,19,'ItemLine',213,212,1,'2016-02-25','2016-02-25',NULL,NULL,23,NULL,'2016-02-25 06:53:20','2016-02-25 06:53:20'),(73,19,'ItemLine',214,213,1,'2016-02-25','2016-02-25',NULL,NULL,23,NULL,'2016-02-25 06:53:20','2016-02-25 06:53:20'),(74,19,'ItemLine',215,214,1,'2016-02-25','2016-02-25',NULL,NULL,23,NULL,'2016-02-25 06:53:20','2016-02-25 06:53:20'),(75,19,'ItemLine',216,215,1,'2016-02-25','2016-02-25',NULL,NULL,23,NULL,'2016-02-25 06:53:20','2016-02-25 06:53:20'),(76,19,'ItemLine',217,216,1,'2016-02-25','2016-02-25',NULL,NULL,23,NULL,'2016-02-25 06:53:20','2016-02-25 06:53:20'),(77,19,'ItemLine',218,217,1,'2016-02-25','2016-02-25',NULL,NULL,23,NULL,'2016-02-25 06:53:20','2016-02-25 06:53:20'),(78,19,'ItemLine',219,218,1,'2016-02-25','2016-02-25',NULL,NULL,23,NULL,'2016-02-25 06:53:20','2016-02-25 06:53:20'),(79,19,'ItemLine',220,219,1,'2016-02-25','2016-02-25',NULL,NULL,23,NULL,'2016-02-25 06:53:20','2016-02-25 06:53:20'),(80,19,'ItemLine',221,220,1,'2016-02-25','2016-02-25',NULL,NULL,23,NULL,'2016-02-25 06:53:20','2016-02-25 06:53:20'),(81,19,'ItemLine',222,221,1,'2016-02-25','2016-02-25',NULL,NULL,23,NULL,'2016-02-25 06:53:20','2016-02-25 06:53:20'),(82,19,'ItemLine',223,222,1,'2016-02-25','2016-02-25',NULL,NULL,23,NULL,'2016-02-25 06:53:20','2016-02-25 06:53:20'),(83,19,'ItemLine',224,223,1,'2016-02-25','2016-02-25',NULL,NULL,23,NULL,'2016-02-25 06:53:20','2016-02-25 06:53:20'),(84,19,'ItemLine',225,224,1,'2016-02-25','2016-02-25',NULL,NULL,23,NULL,'2016-02-25 06:53:20','2016-02-25 06:53:20'),(85,19,'ItemLine',226,225,1,'2016-02-25','2016-02-25',NULL,NULL,23,NULL,'2016-02-25 06:53:20','2016-02-25 06:53:20'),(86,19,'ItemLine',227,226,1,'2016-02-25','2016-02-25',NULL,NULL,23,NULL,'2016-02-25 06:53:20','2016-02-25 06:53:20'),(87,19,'ItemLine',228,227,1,'2016-02-25','2016-02-25',NULL,NULL,23,NULL,'2016-02-25 06:53:20','2016-02-25 06:53:20'),(88,19,'ItemLine',229,228,1,'2016-02-25','2016-02-25',NULL,NULL,23,NULL,'2016-02-25 06:53:20','2016-02-25 06:53:20'),(89,19,'ItemLine',230,229,1,'2016-02-25','2016-02-25',NULL,NULL,23,NULL,'2016-02-25 06:53:20','2016-02-25 06:53:20'),(90,19,'ItemLine',231,230,1,'2016-02-25','2016-02-25',NULL,NULL,23,NULL,'2016-02-25 06:53:20','2016-02-25 06:53:20'),(91,19,'ItemLine',232,231,1,'2016-02-25','2016-02-25',NULL,NULL,23,NULL,'2016-02-25 06:53:20','2016-02-25 06:53:20'),(92,19,'ItemLine',233,232,1,'2016-02-25','2016-02-25',NULL,NULL,23,NULL,'2016-02-25 06:53:20','2016-02-25 06:53:20'),(93,19,'ItemLine',234,233,1,'2016-02-25','2016-02-25',NULL,NULL,23,NULL,'2016-02-25 06:53:20','2016-02-25 06:53:20'),(94,19,'ItemLine',235,234,1,'2016-02-25','2016-02-25',NULL,NULL,23,NULL,'2016-02-25 06:53:20','2016-02-25 06:53:20'),(95,19,'ItemLine',236,235,1,'2016-02-25','2016-02-25',NULL,NULL,23,NULL,'2016-02-25 06:53:20','2016-02-25 06:53:20'),(96,19,'ItemLine',237,236,1,'2016-02-25','2016-02-25',NULL,NULL,23,NULL,'2016-02-25 06:53:20','2016-02-25 06:53:20'),(97,19,'ItemLine',238,237,1,'2016-02-25','2016-02-25',NULL,NULL,23,NULL,'2016-02-25 06:53:20','2016-02-25 06:53:20'),(98,19,'ItemLine',239,238,1,'2016-02-25','2016-02-25',NULL,NULL,23,NULL,'2016-02-25 06:53:20','2016-02-25 06:53:20'),(99,19,'ItemLine',240,239,1,'2016-02-25','2016-02-25',NULL,NULL,23,NULL,'2016-02-25 06:53:20','2016-02-25 06:53:20'),(100,19,'ItemLine',241,240,1,'2016-02-25','2016-02-25',NULL,NULL,23,NULL,'2016-02-25 06:53:20','2016-02-25 06:53:20'),(101,19,'ItemLine',242,241,1,'2016-02-25','2016-02-25',NULL,NULL,23,NULL,'2016-02-25 06:53:20','2016-02-25 06:53:20'),(102,19,'ItemLine',243,242,1,'2016-02-25','2016-02-25',NULL,NULL,23,NULL,'2016-02-25 06:53:20','2016-02-25 06:53:20'),(103,19,'ItemLine',244,243,1,'2016-02-25','2016-02-25',NULL,NULL,23,NULL,'2016-02-25 06:53:20','2016-02-25 06:53:20'),(104,19,'ItemLine',245,244,1,'2016-02-25','2016-02-25',NULL,NULL,23,NULL,'2016-02-25 06:53:20','2016-02-25 06:53:20'),(105,19,'ItemLine',246,245,1,'2016-02-25','2016-02-25',NULL,NULL,23,NULL,'2016-02-25 06:53:20','2016-02-25 06:53:20'),(106,19,'ItemLine',NULL,246,1,'2016-02-25','2016-02-25',NULL,NULL,24,NULL,'2016-02-25 06:53:20','2016-02-25 06:53:20'),(107,20,'ItemLine',NULL,247,1,'2016-02-19','2016-02-19',NULL,NULL,25,NULL,'2016-02-19 06:53:20','2016-02-19 06:53:20'),(108,20,'ItemLine',NULL,248,1,'2016-02-19','2016-02-19',NULL,NULL,25,NULL,'2016-02-19 06:53:20','2016-02-19 06:53:20'),(109,20,'ItemLine',NULL,249,1,'2016-02-19','2016-02-19',NULL,NULL,25,NULL,'2016-02-19 06:53:20','2016-02-19 06:53:20'),(110,20,'ItemLine',NULL,250,1,'2016-02-19','2016-02-19',NULL,NULL,25,NULL,'2016-02-19 06:53:20','2016-02-19 06:53:20'),(111,20,'ItemLine',NULL,251,1,'2016-02-19','2016-02-19',NULL,NULL,25,NULL,'2016-02-19 06:53:20','2016-02-19 06:53:20'),(112,20,'ItemLine',NULL,19,1,'2016-02-19','2016-02-19',NULL,NULL,26,NULL,'2016-02-19 06:53:20','2016-02-19 06:53:20'),(113,21,'ItemLine',88,19,1,'2015-10-25','2015-10-26','2015-10-25',NULL,27,NULL,'2015-10-25 06:53:20','2015-10-25 06:53:20'),(114,22,'ItemLine',253,252,1,'2016-02-25','2016-02-25',NULL,NULL,28,NULL,'2016-02-25 06:53:20','2016-02-25 06:53:20'),(115,22,'OptionLine',NULL,NULL,2,'2016-02-25','2016-02-25',NULL,5,29,NULL,'2016-02-25 06:53:20','2016-02-25 06:53:20'),(116,23,'OptionLine',NULL,NULL,2,'2016-02-25','2016-02-25',NULL,4,30,NULL,'2016-02-25 06:53:20','2016-02-25 06:53:20'),(117,23,'OptionLine',NULL,NULL,1,'2016-02-25','2016-03-25',NULL,4,31,NULL,'2016-02-25 06:53:20','2016-02-25 06:53:20'),(118,24,'ItemLine',254,253,1,'2016-02-25','2016-02-25',NULL,NULL,32,NULL,'2016-02-25 06:53:20','2016-02-25 06:53:20'),(119,25,'ItemLine',NULL,254,1,'2016-02-20','2016-02-24',NULL,NULL,33,NULL,'2016-02-20 06:53:20','2016-02-20 06:53:20'),(120,25,'OptionLine',NULL,NULL,1,'2016-02-20','2016-02-24',NULL,6,34,NULL,'2016-02-20 06:53:20','2016-02-20 06:53:20'),(121,26,'ItemLine',86,4,1,'2016-02-25','2016-02-25','2016-02-25',NULL,35,NULL,'2016-02-25 06:53:20','2016-02-25 06:53:20'),(122,27,'ItemLine',87,4,1,'2016-02-25','2016-02-25','2016-02-25',NULL,36,NULL,'2016-02-25 06:53:20','2016-02-25 06:53:20'),(123,28,'ItemLine',256,255,1,'2016-02-25','2016-02-25','2016-02-25',NULL,37,NULL,'2016-02-25 06:53:20','2016-02-25 06:53:20'),(124,29,'ItemLine',NULL,9,1,'2016-02-25','2016-02-25',NULL,NULL,38,NULL,'2016-02-25 06:53:20','2016-02-25 06:53:20'),(125,30,'ItemLine',NULL,9,1,'2016-02-25','2016-02-25',NULL,NULL,39,NULL,'2016-02-25 06:53:20','2016-02-25 06:53:20'),(126,30,'ItemLine',NULL,2,1,'2016-02-25','2016-02-25',NULL,NULL,40,NULL,'2016-02-25 06:53:20','2016-02-25 06:53:20'),(127,31,'ItemLine',NULL,9,1,'2016-03-03','2016-03-04',NULL,NULL,41,NULL,'2016-02-25 06:53:20','2016-02-25 06:53:20'),(128,32,'ItemLine',NULL,2,1,'2016-02-25','2016-02-25',NULL,NULL,42,NULL,'2016-02-25 06:53:20','2016-02-25 06:53:20'),(129,32,'ItemLine',NULL,2,1,'2016-02-25','2016-02-25',NULL,NULL,42,NULL,'2016-02-25 06:53:20','2016-02-25 06:53:20'),(130,32,'ItemLine',NULL,2,1,'2016-02-25','2016-02-25',NULL,NULL,42,NULL,'2016-02-25 06:53:20','2016-02-25 06:53:20'),(131,33,'ItemLine',NULL,8,1,'2016-02-25','2016-02-25',NULL,NULL,43,NULL,'2016-02-25 06:53:20','2016-02-25 06:53:20'),(132,33,'ItemLine',NULL,8,1,'2016-02-25','2016-02-25',NULL,NULL,43,NULL,'2016-02-25 06:53:20','2016-02-25 06:53:20'),(133,33,'ItemLine',NULL,8,1,'2016-02-25','2016-02-25',NULL,NULL,43,NULL,'2016-02-25 06:53:20','2016-02-25 06:53:20'),(134,33,'ItemLine',NULL,9,1,'2016-02-25','2016-02-25',NULL,NULL,44,NULL,'2016-02-25 06:53:20','2016-02-25 06:53:20'),(135,33,'ItemLine',NULL,9,1,'2016-02-25','2016-02-25',NULL,NULL,44,NULL,'2016-02-25 06:53:20','2016-02-25 06:53:20'),(136,33,'ItemLine',NULL,9,1,'2016-02-25','2016-02-25',NULL,NULL,44,NULL,'2016-02-25 06:53:20','2016-02-25 06:53:20'),(137,33,'OptionLine',NULL,NULL,5,'2016-02-25','2016-02-25',NULL,1,45,NULL,'2016-02-25 06:53:20','2016-02-25 06:53:20'),(138,34,'ItemLine',NULL,256,1,'2016-02-25','2016-02-25',NULL,NULL,46,NULL,'2016-02-25 06:53:20','2016-02-25 06:53:20'),(139,35,'ItemLine',258,257,1,'2016-02-25','2016-02-25',NULL,NULL,47,NULL,'2016-02-25 06:53:20','2016-02-25 06:53:20'),(140,36,'ItemLine',60,8,1,'2016-02-25','2016-02-25',NULL,NULL,48,NULL,'2016-02-25 06:53:20','2016-02-25 06:53:20'),(141,37,'ItemLine',93,23,1,'2016-02-20','2016-02-24',NULL,NULL,49,NULL,'2016-02-20 06:53:20','2016-02-20 06:53:20'),(142,37,'OptionLine',NULL,NULL,1,'2016-02-20','2016-02-22',NULL,7,50,NULL,'2016-02-20 06:53:20','2016-02-20 06:53:20'),(143,38,'ItemLine',259,258,1,'2016-02-25','2016-02-25',NULL,NULL,51,NULL,'2016-02-25 06:53:20','2016-02-25 06:53:20'),(144,39,'ItemLine',260,259,1,'2016-02-25','2016-02-25',NULL,NULL,52,NULL,'2016-02-25 06:53:20','2016-02-25 06:53:20'),(145,39,'ItemLine',261,260,1,'2016-02-25','2016-02-25','2016-02-25',NULL,53,5,'2016-02-25 06:53:20','2016-02-25 06:53:20'),(146,40,'ItemLine',104,84,1,'2016-02-25','2016-02-25',NULL,NULL,54,NULL,'2016-02-25 06:53:20','2016-02-25 06:53:20'),(147,40,'ItemLine',56,2,1,'2016-02-25','2016-02-25',NULL,NULL,55,NULL,'2016-02-25 06:53:20','2016-02-25 06:53:20'),(148,41,'ItemLine',262,261,1,'2016-02-25','2016-02-25',NULL,NULL,56,NULL,'2016-02-25 06:53:20','2016-02-25 06:53:20'),(149,42,'ItemLine',106,86,1,'2016-02-25','2016-02-25',NULL,NULL,57,NULL,'2016-02-25 06:53:20','2016-02-25 06:53:20'),(150,43,'ItemLine',NULL,2,1,'2016-02-23','2016-02-26',NULL,NULL,58,NULL,'2016-02-25 06:53:20','2016-02-25 06:53:20'),(151,43,'ItemLine',NULL,262,1,'2016-02-23','2016-02-26',NULL,NULL,59,NULL,'2016-02-25 06:53:20','2016-02-25 06:53:20'),(152,44,'ItemLine',NULL,22,1,'2016-02-25','2016-02-25',NULL,NULL,60,NULL,'2016-02-25 06:53:20','2016-02-25 06:53:20'),(153,44,'ItemLine',NULL,22,1,'2016-02-25','2016-02-25',NULL,NULL,60,NULL,'2016-02-25 06:53:20','2016-02-25 06:53:20'),(154,45,'ItemLine',53,2,1,'2016-02-25','2016-02-25',NULL,NULL,61,NULL,'2016-02-25 06:53:20','2016-02-25 06:53:20'),(155,45,'OptionLine',NULL,NULL,1,'2016-02-25','2016-02-25',NULL,1,62,NULL,'2016-02-25 06:53:20','2016-02-25 06:53:20'),(156,46,'ItemLine',NULL,8,1,'2016-04-02','2016-04-10',NULL,NULL,63,NULL,'2016-02-25 06:53:20','2016-02-25 06:53:20'),(157,47,'ItemLine',NULL,8,1,'2016-04-17','2016-04-20',NULL,NULL,64,NULL,'2016-02-25 06:53:20','2016-02-25 06:53:20'),(158,47,'ItemLine',NULL,8,1,'2016-04-17','2016-04-20',NULL,NULL,64,NULL,'2016-02-25 06:53:20','2016-02-25 06:53:20'),(159,47,'ItemLine',NULL,8,1,'2016-04-17','2016-04-20',NULL,NULL,64,NULL,'2016-02-25 06:53:20','2016-02-25 06:53:20'),(160,47,'ItemLine',NULL,8,1,'2016-04-17','2016-04-20',NULL,NULL,64,NULL,'2016-02-25 06:53:20','2016-02-25 06:53:20'),(161,47,'ItemLine',NULL,8,1,'2016-04-17','2016-04-20',NULL,NULL,64,NULL,'2016-02-25 06:53:20','2016-02-25 06:53:20'),(162,47,'ItemLine',NULL,8,1,'2016-04-17','2016-04-20',NULL,NULL,64,NULL,'2016-02-25 06:53:20','2016-02-25 06:53:20'),(163,48,'ItemLine',NULL,263,1,'2016-02-25','2016-02-25',NULL,NULL,65,NULL,'2016-02-25 06:53:20','2016-02-25 06:53:20'),(164,48,'ItemLine',NULL,264,1,'2016-02-25','2016-02-25',NULL,NULL,65,NULL,'2016-02-25 06:53:20','2016-02-25 06:53:20'),(165,48,'ItemLine',NULL,265,1,'2016-02-25','2016-02-25',NULL,NULL,65,NULL,'2016-02-25 06:53:20','2016-02-25 06:53:20'),(166,48,'ItemLine',NULL,266,1,'2016-02-25','2016-02-25',NULL,NULL,65,NULL,'2016-02-25 06:53:20','2016-02-25 06:53:20'),(167,49,'ItemLine',NULL,267,1,'2016-02-25','2016-02-25',NULL,NULL,66,NULL,'2016-02-25 06:53:20','2016-02-25 06:53:20'),(168,49,'ItemLine',NULL,268,1,'2016-02-25','2016-02-25',NULL,NULL,66,NULL,'2016-02-25 06:53:20','2016-02-25 06:53:20'),(169,49,'ItemLine',NULL,269,1,'2016-02-25','2016-02-25',NULL,NULL,66,NULL,'2016-02-25 06:53:20','2016-02-25 06:53:20'),(170,49,'ItemLine',NULL,270,1,'2016-02-25','2016-02-25',NULL,NULL,66,NULL,'2016-02-25 06:53:20','2016-02-25 06:53:20'),(171,50,'ItemLine',272,271,1,'2016-02-25','2016-02-25',NULL,NULL,67,NULL,'2016-02-25 06:53:20','2016-02-25 06:53:20'),(172,50,'ItemLine',273,272,1,'2016-02-25','2016-02-25',NULL,NULL,67,NULL,'2016-02-25 06:53:20','2016-02-25 06:53:20'),(173,50,'ItemLine',274,273,1,'2016-02-25','2016-02-25',NULL,NULL,67,NULL,'2016-02-25 06:53:20','2016-02-25 06:53:20'),(174,50,'ItemLine',275,274,1,'2016-02-25','2016-02-25',NULL,NULL,67,NULL,'2016-02-25 06:53:20','2016-02-25 06:53:20'),(175,51,'ItemLine',276,275,1,'2016-02-25','2016-02-25',NULL,NULL,68,NULL,'2016-02-25 06:53:20','2016-02-25 06:53:20'),(176,51,'ItemLine',277,276,1,'2016-02-25','2016-02-25',NULL,NULL,68,NULL,'2016-02-25 06:53:20','2016-02-25 06:53:20'),(177,51,'ItemLine',278,277,1,'2016-02-25','2016-02-25',NULL,NULL,68,NULL,'2016-02-25 06:53:20','2016-02-25 06:53:20'),(178,51,'ItemLine',279,278,1,'2016-02-25','2016-02-25',NULL,NULL,68,NULL,'2016-02-25 06:53:20','2016-02-25 06:53:20'),(179,52,'ItemLine',280,279,1,'2016-02-20','2016-02-22',NULL,NULL,69,NULL,'2016-02-20 06:53:20','2016-02-20 06:53:20'),(180,52,'ItemLine',281,280,1,'2016-02-20','2016-02-22',NULL,NULL,69,NULL,'2016-02-20 06:53:20','2016-02-20 06:53:20'),(181,52,'ItemLine',282,281,1,'2016-02-20','2016-02-22',NULL,NULL,69,NULL,'2016-02-20 06:53:20','2016-02-20 06:53:20'),(182,52,'ItemLine',283,282,1,'2016-02-20','2016-02-22',NULL,NULL,69,NULL,'2016-02-20 06:53:20','2016-02-20 06:53:20'),(183,53,'ItemLine',NULL,283,1,'2016-02-23','2016-02-23',NULL,NULL,70,NULL,'2016-02-23 06:53:20','2016-02-23 06:53:20'),(184,53,'ItemLine',NULL,284,1,'2016-02-23','2016-02-23',NULL,NULL,70,NULL,'2016-02-23 06:53:20','2016-02-23 06:53:20'),(185,53,'ItemLine',NULL,285,1,'2016-02-23','2016-02-23',NULL,NULL,70,NULL,'2016-02-23 06:53:20','2016-02-23 06:53:20'),(186,53,'ItemLine',NULL,286,1,'2016-02-23','2016-02-23',NULL,NULL,70,NULL,'2016-02-23 06:53:20','2016-02-23 06:53:20'),(187,53,'ItemLine',NULL,19,1,'2016-02-23','2016-02-23',NULL,NULL,71,NULL,'2016-02-23 06:53:20','2016-02-23 06:53:20');
/*!40000 ALTER TABLE `contract_lines` ENABLE KEYS */;
UNLOCK TABLES;

--
-- Table structure for table `contracts`
--

DROP TABLE IF EXISTS `contracts`;
/*!40101 SET @saved_cs_client     = @@character_set_client */;
/*!40101 SET character_set_client = utf8 */;
CREATE TABLE `contracts` (
  `id` int(11) NOT NULL AUTO_INCREMENT,
  `user_id` int(11) DEFAULT NULL,
  `delegated_user_id` int(11) DEFAULT NULL,
  `inventory_pool_id` int(11) DEFAULT NULL,
  `note` text COLLATE utf8_unicode_ci,
  `handed_over_by_user_id` int(11) DEFAULT NULL,
  `created_at` datetime DEFAULT NULL,
  `updated_at` datetime DEFAULT NULL,
  `status` enum('unsubmitted','submitted','rejected','approved','signed','closed') COLLATE utf8_unicode_ci NOT NULL,
  PRIMARY KEY (`id`),
  KEY `index_contracts_on_inventory_pool_id` (`inventory_pool_id`),
  KEY `index_contracts_on_status` (`status`),
  KEY `index_contracts_on_user_id` (`user_id`),
  KEY `contracts_delegated_user_id_fk` (`delegated_user_id`),
  KEY `contracts_handed_over_by_user_id_fk` (`handed_over_by_user_id`),
  CONSTRAINT `contracts_handed_over_by_user_id_fk` FOREIGN KEY (`handed_over_by_user_id`) REFERENCES `users` (`id`),
  CONSTRAINT `contracts_delegated_user_id_fk` FOREIGN KEY (`delegated_user_id`) REFERENCES `users` (`id`),
  CONSTRAINT `contracts_inventory_pool_id_fk` FOREIGN KEY (`inventory_pool_id`) REFERENCES `inventory_pools` (`id`),
  CONSTRAINT `contracts_user_id_fk` FOREIGN KEY (`user_id`) REFERENCES `users` (`id`)
) ENGINE=InnoDB AUTO_INCREMENT=54 DEFAULT CHARSET=utf8 COLLATE=utf8_unicode_ci;
/*!40101 SET character_set_client = @saved_cs_client */;

--
-- Dumping data for table `contracts`
--

LOCK TABLES `contracts` WRITE;
/*!40000 ALTER TABLE `contracts` DISABLE KEYS */;
INSERT INTO `contracts` VALUES (1,34,NULL,7,NULL,NULL,'2016-02-25 06:53:20','2016-02-25 06:53:20','unsubmitted'),(2,6,NULL,3,NULL,NULL,'2016-02-25 06:53:20','2016-02-25 06:53:20','unsubmitted'),(3,6,NULL,1,NULL,NULL,'2016-02-25 06:53:20','2016-02-25 06:53:20','submitted'),(4,19,NULL,1,NULL,NULL,'2016-02-25 06:53:20','2016-02-25 06:53:20','submitted'),(5,6,NULL,3,NULL,NULL,'2016-02-25 06:53:20','2016-02-25 06:53:20','submitted'),(6,6,NULL,1,NULL,NULL,'2016-02-25 06:53:20','2016-02-25 06:53:20','submitted'),(7,6,NULL,3,NULL,NULL,'2016-02-25 06:53:20','2016-02-25 06:53:20','submitted'),(8,6,NULL,1,NULL,NULL,'2016-02-25 06:53:20','2016-02-25 06:53:20','submitted'),(9,14,NULL,1,NULL,NULL,'2016-02-19 06:53:20','2016-02-19 06:53:20','submitted'),(10,15,NULL,1,NULL,NULL,'2016-02-25 06:53:20','2016-02-25 06:53:20','submitted'),(11,16,NULL,1,NULL,NULL,'2016-02-25 06:53:20','2016-02-25 06:53:20','submitted'),(12,17,NULL,1,NULL,NULL,'2016-02-25 06:53:20','2016-02-25 06:53:20','submitted'),(13,18,NULL,1,NULL,NULL,'2016-02-25 06:53:20','2016-02-25 06:53:20','submitted'),(14,14,NULL,1,NULL,NULL,'2016-02-24 06:53:20','2016-02-24 06:53:20','submitted'),(15,14,NULL,1,NULL,NULL,'2016-02-21 06:53:20','2016-02-21 06:53:20','submitted'),(16,11,NULL,1,NULL,NULL,'2016-02-25 06:53:20','2016-02-25 06:53:20','submitted'),(17,11,NULL,1,NULL,NULL,'2016-02-25 06:53:20','2016-02-25 06:53:20','submitted'),(18,35,NULL,12,NULL,NULL,'2016-02-25 06:53:20','2016-02-25 06:53:20','approved'),(19,22,NULL,1,NULL,NULL,'2016-02-25 06:53:20','2016-02-25 06:53:20','approved'),(20,14,NULL,1,NULL,NULL,'2016-02-19 06:53:20','2016-02-19 06:53:20','approved'),(21,14,NULL,1,NULL,5,'2015-10-25 06:53:20','2015-10-25 06:53:20','closed'),(22,21,NULL,1,NULL,5,'2016-02-25 06:53:20','2016-02-25 06:53:20','signed'),(23,8,NULL,1,NULL,5,'2016-02-25 06:53:20','2016-02-25 06:53:20','signed'),(24,10,NULL,1,NULL,5,'2016-02-25 06:53:20','2016-02-25 06:53:20','signed'),(25,6,NULL,2,NULL,NULL,'2016-02-20 06:53:20','2016-02-20 06:53:20','approved'),(26,14,NULL,1,NULL,5,'2016-02-25 06:53:20','2016-02-25 06:53:20','closed'),(27,12,NULL,1,NULL,5,'2016-02-25 06:53:20','2016-02-25 06:53:20','closed'),(28,20,NULL,1,NULL,5,'2016-02-25 06:53:20','2016-02-25 06:53:20','closed'),(29,6,NULL,1,NULL,NULL,'2016-02-25 06:53:20','2016-02-25 06:53:20','approved'),(30,6,NULL,1,NULL,NULL,'2016-02-25 06:53:20','2016-02-25 06:53:20','approved'),(31,6,NULL,1,NULL,NULL,'2016-02-25 06:53:20','2016-02-25 06:53:20','approved'),(32,6,NULL,1,NULL,NULL,'2016-02-25 06:53:20','2016-02-25 06:53:20','approved'),(33,6,NULL,1,NULL,NULL,'2016-02-25 06:53:20','2016-02-25 06:53:20','approved'),(34,6,NULL,1,NULL,NULL,'2016-02-25 06:53:20','2016-02-25 06:53:20','approved'),(35,6,NULL,1,NULL,NULL,'2016-02-25 06:53:20','2016-02-25 06:53:20','approved'),(36,6,NULL,1,NULL,5,'2016-02-25 06:53:20','2016-02-25 06:53:20','signed'),(37,13,NULL,1,NULL,5,'2016-02-20 06:53:20','2016-02-20 06:53:20','signed'),(38,6,NULL,1,NULL,5,'2016-02-25 06:53:20','2016-02-25 06:53:20','signed'),(39,6,NULL,2,NULL,5,'2016-02-25 06:53:20','2016-02-25 06:53:20','signed'),(40,6,NULL,2,NULL,5,'2016-02-25 06:53:20','2016-02-25 06:53:20','signed'),(41,6,NULL,2,NULL,5,'2016-02-25 06:53:20','2016-02-25 06:53:20','signed'),(42,6,NULL,1,NULL,5,'2016-02-25 06:53:20','2016-02-25 06:53:20','signed'),(43,11,NULL,1,NULL,NULL,'2016-02-25 06:53:20','2016-02-25 06:53:20','approved'),(44,13,NULL,1,NULL,NULL,'2016-02-25 06:53:20','2016-02-25 06:53:20','submitted'),(45,11,NULL,1,NULL,5,'2016-02-25 06:53:20','2016-02-25 06:53:20','signed'),(46,13,NULL,1,NULL,NULL,'2016-02-25 06:53:20','2016-02-25 06:53:20','submitted'),(47,13,NULL,1,NULL,NULL,'2016-02-25 06:53:20','2016-02-25 06:53:20','submitted'),(48,26,10,1,NULL,NULL,'2016-02-25 06:53:20','2016-02-25 06:53:20','submitted'),(49,26,12,1,NULL,NULL,'2016-02-25 06:53:20','2016-02-25 06:53:20','approved'),(50,30,24,1,NULL,NULL,'2016-02-25 06:53:20','2016-02-25 06:53:20','approved'),(51,26,10,1,NULL,5,'2016-02-25 06:53:20','2016-02-25 06:53:20','signed'),(52,26,10,1,NULL,5,'2016-02-20 06:53:20','2016-02-20 06:53:20','signed'),(53,14,NULL,1,NULL,NULL,'2016-02-23 06:53:20','2016-02-23 06:53:20','rejected');
/*!40000 ALTER TABLE `contracts` ENABLE KEYS */;
UNLOCK TABLES;

--
-- Table structure for table `database_authentications`
--

DROP TABLE IF EXISTS `database_authentications`;
/*!40101 SET @saved_cs_client     = @@character_set_client */;
/*!40101 SET character_set_client = utf8 */;
CREATE TABLE `database_authentications` (
  `id` int(11) NOT NULL AUTO_INCREMENT,
  `login` varchar(255) COLLATE utf8_unicode_ci DEFAULT NULL,
  `crypted_password` varchar(40) COLLATE utf8_unicode_ci DEFAULT NULL,
  `salt` varchar(40) COLLATE utf8_unicode_ci DEFAULT NULL,
  `user_id` int(11) DEFAULT NULL,
  `created_at` datetime DEFAULT NULL,
  `updated_at` datetime DEFAULT NULL,
  PRIMARY KEY (`id`),
  KEY `database_authentications_user_id_fk` (`user_id`),
  CONSTRAINT `database_authentications_user_id_fk` FOREIGN KEY (`user_id`) REFERENCES `users` (`id`) ON DELETE CASCADE
) ENGINE=InnoDB AUTO_INCREMENT=31 DEFAULT CHARSET=utf8 COLLATE=utf8_unicode_ci;
/*!40101 SET character_set_client = @saved_cs_client */;

--
-- Dumping data for table `database_authentications`
--

LOCK TABLES `database_authentications` WRITE;
/*!40000 ALTER TABLE `database_authentications` DISABLE KEYS */;
INSERT INTO `database_authentications` VALUES (1,'gino','0a606b599829baf240ed7ffe1ff4568ce3506c55','8fe2138fb72536f152a345f1856d50beda3ffae3',1,'2016-02-25 06:53:20','2016-02-25 06:53:20'),(2,'ramon','8fbf80898f2d553172b62f21e67bb399674e4923','1e5d1161a7c8f7a1edf830903714bd61ed3a70ea',2,'2016-02-25 06:53:20','2016-02-25 06:53:20'),(3,'matti','aa1c5cd14b7a7bbe2f7785a785e1fc544b93c4c8','46701960b11b486af3c57fa7c362d204c8d3c1d9',3,'2016-02-25 06:53:20','2016-02-25 06:53:20'),(4,'mike','3114cec711ac052bce8c5f0cbb162e7864f7e4d0','f9003b02e7f075dc08ac7fd0cf60a2983f36083b',4,'2016-02-25 06:53:20','2016-02-25 06:53:20'),(5,'pius','08831c93ee1ae3e738e755499f5cd3a0020a1d75','fdf63ee49cff0995ce11377613006a258944029f',5,'2016-02-25 06:53:20','2016-02-25 06:53:20'),(6,'normin','1775be184209396e95c9aabb56fcbd88233d42df','b63c6a8d8f9f044efb474d00fbd25a8d5bb46faa',6,'2016-02-25 06:53:20','2016-02-25 06:53:20'),(7,'myrna','b32da96543d8df6f7a7194ae025e9d008a507da2','47f958f74b8010680363a19106967c97af515a9b',7,'2016-02-25 06:53:20','2016-02-25 06:53:20'),(8,'peter','ec917da2534cb9e1c732829f3b63722ff95d9fdc','38e28e560fb1e1ec24b4e83a7d612ecf6d4b1adf',8,'2016-02-25 06:53:20','2016-02-25 06:53:20'),(9,'andi','e29a0b1426bd6b2470d03ae2f4f84e539da36b11','4223c883e2f68a908b6de3df4d2814328e90520c',9,'2016-02-25 06:53:20','2016-02-25 06:53:20'),(10,'mina','0dd998c59669d5780a1a566b876b532d2cc0d151','5805cc32d56a604088131df22efd3a185f8775ba',10,'2016-02-25 06:53:20','2016-02-25 06:53:20'),(11,'petra','f07dc3aec449da88a5e660b70af55f9d36d25461','9270ffac85ce427bcdc60328b6d982b2f54a4ab8',11,'2016-02-25 06:53:20','2016-02-25 06:53:20'),(12,'julie','31e11bc8930224da25770a3e8e173608b7ad20f7','c78885b7296f4ce364371f31c9fbea54dd593167',12,'2016-02-25 06:53:20','2016-02-25 06:53:20'),(13,'lisa','8553f6b338b7b7a3b9c165c4310f924dbceeda8b','a3e84d1c505d7f9fe3441c1e85ca7dc52c7136d9',13,'2016-02-25 06:53:20','2016-02-25 06:53:20'),(14,'scot','d6231a85bf7656372f807d9f60040005cb6c5ce5','8ef25deab092f4ce000b20196555007ee63782c5',14,'2016-02-25 06:53:20','2016-02-25 06:53:20'),(15,'alec','11869f7b7be3344b2881f5a740f7c9b5f517164c','dcc5ff9d68521dcbc8cd3d0da463d4810fda96fd',15,'2016-02-25 06:53:20','2016-02-25 06:53:20'),(16,'autumn','365257da83d1e56db7b6d6c0ec4322528b02bb09','4ca991caf24b49c02f53b190e95f5953c82bc6b1',16,'2016-02-25 06:53:20','2016-02-25 06:53:20'),(17,'haylee','08c7f433be8ff1042e12ba384071d1893cbf78b3','01f05923e4cb299686c087d125df9c6f3c564000',17,'2016-02-25 06:53:20','2016-02-25 06:53:20'),(18,'christian','a4f6ac4d1454ff7f0ced0ffffeec0e5dd34903c0','3f867138584aa3c726435550a1512bb1cdc16869',18,'2016-02-25 06:53:20','2016-02-25 06:53:20'),(19,'timothy','8299731bd289c1f2edf6f219a41e0d289e3e5b5a','58f78e9879c921359f09d302729a4370713df7c1',19,'2016-02-25 06:53:20','2016-02-25 06:53:20'),(20,'davion','48022e425f377a191bedf1e6ba65744036a8d3ff','6997ce45db3f9c1f63b1bd420cf44c0f613000e6',20,'2016-02-25 06:53:20','2016-02-25 06:53:20'),(21,'mae','0d8a7e193f0814e8917ae4460147c1ca469c624f','62cce6820bd605e39eabba4b1e123581f39e4bb9',21,'2016-02-25 06:53:20','2016-02-25 06:53:20'),(22,'sid','c16bafb9862ad6705b19e8cdf2b51cb69ce98eb4','f5a6f2d0e0e9eb1dd5780dc39d209cd455223597',22,'2016-02-25 06:53:20','2016-02-25 06:53:20'),(23,'vito','e77350da1b9e71351a158b80810b3e2251cc722b','a20cc760416dd29b7ef760da8e4d862808b4c510',23,'2016-02-25 06:53:20','2016-02-25 06:53:20'),(24,'larue','6f7353f429cd7a8aed58f2f7b40b43754aad7ec3','07cc99f1109407aa0b838f427ca8cb7d7fde0a45',24,'2016-02-25 06:53:20','2016-02-25 06:53:20'),(25,'bernardo.hills_5705','673c001578d251ff34dee902fc8f739e25c528eb','79f3a9362a5c11a305b44f934ad9cabfc9c3d19f',25,'2016-02-25 06:53:20','2016-02-25 06:53:20'),(26,'weston_3791','9849242aa0b316726d64ac72f19c055dc8ffa4b1','f6f31f9f87f8231e7ce436253acad2e0f4bcdf36',31,'2016-02-25 06:53:20','2016-02-25 06:53:20'),(27,'summer_9669','15b96a1b6c80ed4aa5e651ab8ee7536f21ca934e','a01dd4891aee76b063783a7656fba60e34c12e80',32,'2016-02-25 06:53:20','2016-02-25 06:53:20'),(28,'ronny_2442','60c21b1d13f0afee310aa04de4cd7234dd56d11b','cd344201aeabd86e565acdc87c26ca6f0e53b729',33,'2016-02-25 06:53:20','2016-02-25 06:53:20'),(29,'dayton.grant_8813','4fe66d091dcad9d326be2c3cb29764ed9433fd0d','04d07c60215e7db29f7d41059bed67cc67ef9091',34,'2016-02-25 06:53:20','2016-02-25 06:53:20'),(30,'celia.bogan_9893','bcf8ba04a4ba57459cb5d9839ac2ddc5952c8966','39fd841007db5285cf33211c06f68330a2fd8ede',35,'2016-02-25 06:53:20','2016-02-25 06:53:20');
/*!40000 ALTER TABLE `database_authentications` ENABLE KEYS */;
UNLOCK TABLES;

--
-- Table structure for table `delegations_users`
--

DROP TABLE IF EXISTS `delegations_users`;
/*!40101 SET @saved_cs_client     = @@character_set_client */;
/*!40101 SET character_set_client = utf8 */;
CREATE TABLE `delegations_users` (
  `delegation_id` int(11) DEFAULT NULL,
  `user_id` int(11) DEFAULT NULL,
  UNIQUE KEY `index_delegations_users_on_user_id_and_delegation_id` (`user_id`,`delegation_id`),
  KEY `index_delegations_users_on_delegation_id` (`delegation_id`),
  CONSTRAINT `delegations_users_delegation_id_fk` FOREIGN KEY (`delegation_id`) REFERENCES `users` (`id`),
  CONSTRAINT `delegations_users_user_id_fk` FOREIGN KEY (`user_id`) REFERENCES `users` (`id`)
) ENGINE=InnoDB DEFAULT CHARSET=utf8 COLLATE=utf8_unicode_ci;
/*!40101 SET character_set_client = @saved_cs_client */;

--
-- Dumping data for table `delegations_users`
--

LOCK TABLES `delegations_users` WRITE;
/*!40000 ALTER TABLE `delegations_users` DISABLE KEYS */;
INSERT INTO `delegations_users` VALUES (26,10),(27,10),(28,10),(29,10),(26,12),(27,12),(28,12),(29,12),(30,23),(30,24);
/*!40000 ALTER TABLE `delegations_users` ENABLE KEYS */;
UNLOCK TABLES;

--
-- Table structure for table `groups`
--

DROP TABLE IF EXISTS `groups`;
/*!40101 SET @saved_cs_client     = @@character_set_client */;
/*!40101 SET character_set_client = utf8 */;
CREATE TABLE `groups` (
  `id` int(11) NOT NULL AUTO_INCREMENT,
  `name` varchar(255) COLLATE utf8_unicode_ci DEFAULT NULL,
  `inventory_pool_id` int(11) DEFAULT NULL,
  `is_verification_required` tinyint(1) DEFAULT '0',
  `created_at` datetime DEFAULT NULL,
  `updated_at` datetime DEFAULT NULL,
  PRIMARY KEY (`id`),
  KEY `index_groups_on_inventory_pool_id` (`inventory_pool_id`),
  KEY `index_groups_on_is_verification_required` (`is_verification_required`),
  CONSTRAINT `groups_inventory_pool_id_fk` FOREIGN KEY (`inventory_pool_id`) REFERENCES `inventory_pools` (`id`)
) ENGINE=InnoDB AUTO_INCREMENT=11 DEFAULT CHARSET=utf8 COLLATE=utf8_unicode_ci;
/*!40101 SET character_set_client = @saved_cs_client */;

--
-- Dumping data for table `groups`
--

LOCK TABLES `groups` WRITE;
/*!40000 ALTER TABLE `groups` DISABLE KEYS */;
INSERT INTO `groups` VALUES (1,'Cast',1,0,'2016-02-25 06:53:20','2016-02-25 06:53:20'),(2,'IAD',1,0,'2016-02-25 06:53:20','2016-02-25 06:53:20'),(3,'Wu',1,0,'2016-02-25 06:53:20','2016-02-25 06:53:20'),(4,'Group Hifi',1,0,'2016-02-25 06:53:20','2016-02-25 06:53:20'),(5,'Group A',1,0,'2016-02-25 06:53:20','2016-02-25 06:53:20'),(6,'Group B',1,0,'2016-02-25 06:53:20','2016-02-25 06:53:20'),(7,'FFI',1,1,'2016-02-25 06:53:20','2016-02-25 06:53:20'),(8,'VTO',1,1,'2016-02-25 06:53:20','2016-02-25 06:53:20'),(9,'1. Semester',2,1,'2016-02-25 06:53:20','2016-02-25 06:53:20'),(10,'Group C',1,0,'2016-02-25 06:53:20','2016-02-25 06:53:20');
/*!40000 ALTER TABLE `groups` ENABLE KEYS */;
UNLOCK TABLES;

--
-- Table structure for table `groups_users`
--

DROP TABLE IF EXISTS `groups_users`;
/*!40101 SET @saved_cs_client     = @@character_set_client */;
/*!40101 SET character_set_client = utf8 */;
CREATE TABLE `groups_users` (
  `user_id` int(11) DEFAULT NULL,
  `group_id` int(11) DEFAULT NULL,
  UNIQUE KEY `index_groups_users_on_user_id_and_group_id` (`user_id`,`group_id`),
  KEY `index_groups_users_on_group_id` (`group_id`),
  CONSTRAINT `groups_users_user_id_fk` FOREIGN KEY (`user_id`) REFERENCES `users` (`id`),
  CONSTRAINT `groups_users_group_id_fk` FOREIGN KEY (`group_id`) REFERENCES `groups` (`id`)
) ENGINE=InnoDB DEFAULT CHARSET=utf8 COLLATE=utf8_unicode_ci;
/*!40101 SET character_set_client = @saved_cs_client */;

--
-- Dumping data for table `groups_users`
--

LOCK TABLES `groups_users` WRITE;
/*!40000 ALTER TABLE `groups_users` DISABLE KEYS */;
INSERT INTO `groups_users` VALUES (6,1),(13,1),(14,7),(14,8),(15,7),(16,7),(16,8),(17,7),(17,9),(18,7),(19,10);
/*!40000 ALTER TABLE `groups_users` ENABLE KEYS */;
UNLOCK TABLES;

--
-- Table structure for table `histories`
--

DROP TABLE IF EXISTS `histories`;
/*!40101 SET @saved_cs_client     = @@character_set_client */;
/*!40101 SET character_set_client = utf8 */;
CREATE TABLE `histories` (
  `id` int(11) NOT NULL AUTO_INCREMENT,
  `text` varchar(255) COLLATE utf8_unicode_ci DEFAULT '',
  `type_const` int(11) DEFAULT NULL,
  `created_at` datetime NOT NULL,
  `target_id` int(11) NOT NULL,
  `target_type` varchar(255) COLLATE utf8_unicode_ci NOT NULL,
  `user_id` int(11) DEFAULT NULL,
  PRIMARY KEY (`id`),
  KEY `index_histories_on_target_type_and_target_id` (`target_type`,`target_id`),
  KEY `index_histories_on_type_const` (`type_const`),
  KEY `index_histories_on_user_id` (`user_id`),
  CONSTRAINT `histories_user_id_fk` FOREIGN KEY (`user_id`) REFERENCES `users` (`id`)
) ENGINE=InnoDB AUTO_INCREMENT=18 DEFAULT CHARSET=utf8 COLLATE=utf8_unicode_ci;
/*!40101 SET character_set_client = @saved_cs_client */;

--
-- Dumping data for table `histories`
--

LOCK TABLES `histories` WRITE;
/*!40000 ALTER TABLE `histories` DISABLE KEYS */;
INSERT INTO `histories` VALUES (1,'Contract 21 has been signed by Scot Torphy',1,'2015-10-25 06:53:20',21,'Contract',5),(2,'Contract 22 has been signed by Mae Weber',1,'2016-02-25 06:53:20',22,'Contract',5),(3,'Contract 23 has been signed by Peter Silie',1,'2016-02-25 06:53:20',23,'Contract',5),(4,'Contract 24 has been signed by Mina Spinka',1,'2016-02-25 06:53:20',24,'Contract',5),(5,'Contract 26 has been signed by Scot Torphy',1,'2016-02-25 06:53:20',26,'Contract',5),(6,'Contract 27 has been signed by Julie Bartell',1,'2016-02-25 06:53:20',27,'Contract',5),(7,'Contract 28 has been signed by Davion Padberg',1,'2016-02-25 06:53:20',28,'Contract',5),(8,'Contract 36 has been signed by Normin Prosacco',1,'2016-02-25 06:53:20',36,'Contract',5),(9,'Contract 37 has been signed by Lisa Fritsch',1,'2016-02-20 06:53:20',37,'Contract',5),(10,'Contract 38 has been signed by Normin Prosacco',1,'2016-02-25 06:53:20',38,'Contract',5),(11,'Contract 39 has been signed by Normin Prosacco',1,'2016-02-25 06:53:20',39,'Contract',5),(12,'Contract 40 has been signed by Normin Prosacco',1,'2016-02-25 06:53:20',40,'Contract',5),(13,'Contract 41 has been signed by Normin Prosacco',1,'2016-02-25 06:53:20',41,'Contract',5),(14,'Contract 42 has been signed by Normin Prosacco',1,'2016-02-25 06:53:20',42,'Contract',5),(15,'Contract 45 has been signed by Petra Batz',1,'2016-02-25 06:53:20',45,'Contract',5),(16,'Contract 51 has been signed by Delegation 1',1,'2016-02-25 06:53:20',51,'Contract',5),(17,'Contract 52 has been signed by Delegation 1',1,'2016-02-20 06:53:20',52,'Contract',5);
/*!40000 ALTER TABLE `histories` ENABLE KEYS */;
UNLOCK TABLES;

--
-- Table structure for table `holidays`
--

DROP TABLE IF EXISTS `holidays`;
/*!40101 SET @saved_cs_client     = @@character_set_client */;
/*!40101 SET character_set_client = utf8 */;
CREATE TABLE `holidays` (
  `id` int(11) NOT NULL AUTO_INCREMENT,
  `inventory_pool_id` int(11) DEFAULT NULL,
  `start_date` date DEFAULT NULL,
  `end_date` date DEFAULT NULL,
  `name` varchar(255) COLLATE utf8_unicode_ci DEFAULT NULL,
  PRIMARY KEY (`id`),
  KEY `index_holidays_on_inventory_pool_id` (`inventory_pool_id`),
  KEY `index_holidays_on_start_date_and_end_date` (`start_date`,`end_date`),
  CONSTRAINT `holidays_inventory_pool_id_fk` FOREIGN KEY (`inventory_pool_id`) REFERENCES `inventory_pools` (`id`) ON DELETE CASCADE
) ENGINE=InnoDB AUTO_INCREMENT=7 DEFAULT CHARSET=utf8 COLLATE=utf8_unicode_ci;
/*!40101 SET character_set_client = @saved_cs_client */;

--
-- Dumping data for table `holidays`
--

LOCK TABLES `holidays` WRITE;
/*!40000 ALTER TABLE `holidays` DISABLE KEYS */;
INSERT INTO `holidays` VALUES (1,1,'2016-12-24','2016-12-26','Christmas'),(2,1,'2017-12-24','2017-12-26','Christmas'),(3,2,'2016-12-24','2016-12-26','Christmas'),(4,2,'2017-12-24','2017-12-26','Christmas'),(5,3,'2016-12-24','2016-12-26','Christmas'),(6,3,'2017-12-24','2017-12-26','Christmas');
/*!40000 ALTER TABLE `holidays` ENABLE KEYS */;
UNLOCK TABLES;

--
-- Table structure for table `images`
--

DROP TABLE IF EXISTS `images`;
/*!40101 SET @saved_cs_client     = @@character_set_client */;
/*!40101 SET character_set_client = utf8 */;
CREATE TABLE `images` (
  `id` int(11) NOT NULL AUTO_INCREMENT,
  `is_main` tinyint(1) DEFAULT '0',
  `content_type` varchar(255) COLLATE utf8_unicode_ci DEFAULT NULL,
  `filename` varchar(255) COLLATE utf8_unicode_ci DEFAULT NULL,
  `size` int(11) DEFAULT NULL,
  `height` int(11) DEFAULT NULL,
  `width` int(11) DEFAULT NULL,
  `parent_id` int(11) DEFAULT NULL,
  `thumbnail` varchar(255) COLLATE utf8_unicode_ci DEFAULT NULL,
  `target_id` int(11) DEFAULT NULL,
  `target_type` varchar(255) COLLATE utf8_unicode_ci DEFAULT NULL,
  PRIMARY KEY (`id`),
  KEY `index_images_on_target_id_and_target_type` (`target_id`,`target_type`)
) ENGINE=InnoDB AUTO_INCREMENT=5 DEFAULT CHARSET=utf8 COLLATE=utf8_unicode_ci;
/*!40101 SET character_set_client = @saved_cs_client */;

--
-- Dumping data for table `images`
--

LOCK TABLES `images` WRITE;
/*!40000 ALTER TABLE `images` DISABLE KEYS */;
INSERT INTO `images` VALUES (1,0,'image/jpeg','eius',NULL,NULL,NULL,NULL,NULL,2,'ModelGroup'),(2,0,'image/jpeg','dolor',NULL,NULL,NULL,NULL,NULL,16,'Model'),(3,0,'image/jpeg','dolor',NULL,NULL,NULL,NULL,NULL,16,'Model'),(4,0,'image/jpeg','saepe',NULL,NULL,NULL,NULL,NULL,17,'Model');
/*!40000 ALTER TABLE `images` ENABLE KEYS */;
UNLOCK TABLES;

--
-- Table structure for table `inventory_pools`
--

DROP TABLE IF EXISTS `inventory_pools`;
/*!40101 SET @saved_cs_client     = @@character_set_client */;
/*!40101 SET character_set_client = utf8 */;
CREATE TABLE `inventory_pools` (
  `id` int(11) NOT NULL AUTO_INCREMENT,
  `name` varchar(255) COLLATE utf8_unicode_ci DEFAULT NULL,
  `description` text COLLATE utf8_unicode_ci,
  `contact_details` varchar(255) COLLATE utf8_unicode_ci DEFAULT NULL,
  `contract_description` varchar(255) COLLATE utf8_unicode_ci DEFAULT NULL,
  `contract_url` varchar(255) COLLATE utf8_unicode_ci DEFAULT NULL,
  `logo_url` varchar(255) COLLATE utf8_unicode_ci DEFAULT NULL,
  `default_contract_note` text COLLATE utf8_unicode_ci,
  `shortname` varchar(255) COLLATE utf8_unicode_ci DEFAULT NULL,
  `email` varchar(255) COLLATE utf8_unicode_ci DEFAULT NULL,
  `color` text COLLATE utf8_unicode_ci,
  `print_contracts` tinyint(1) DEFAULT '1',
  `opening_hours` text COLLATE utf8_unicode_ci,
  `address_id` int(11) DEFAULT NULL,
  `automatic_suspension` tinyint(1) NOT NULL DEFAULT '0',
  `automatic_suspension_reason` text COLLATE utf8_unicode_ci,
  `automatic_access` tinyint(1) DEFAULT NULL,
  PRIMARY KEY (`id`),
  UNIQUE KEY `index_inventory_pools_on_name` (`name`),
  KEY `inventory_pools_address_id_fk` (`address_id`),
  CONSTRAINT `inventory_pools_address_id_fk` FOREIGN KEY (`address_id`) REFERENCES `addresses` (`id`)
) ENGINE=InnoDB AUTO_INCREMENT=13 DEFAULT CHARSET=utf8 COLLATE=utf8_unicode_ci;
/*!40101 SET character_set_client = @saved_cs_client */;

--
-- Dumping data for table `inventory_pools`
--

LOCK TABLES `inventory_pools` WRITE;
/*!40000 ALTER TABLE `inventory_pools` DISABLE KEYS */;
INSERT INTO `inventory_pools` VALUES (1,'A-Ausleihe','Wichtige Hinweise...\n\nBitte die Gegenstnde rechtzeitig zurckbringen','A Verleih  /  ZHdK\na@zh-dk.ch\n\n+41 00 00 00 00',NULL,'a@zhdk.ch',NULL,'A molestiae maiores laborum voluptatem.','A','a@zhdk.ch',NULL,1,NULL,NULL,1,'Similique quis maiores ut non quo explicabo accusamus quam.',NULL),(2,'IT-Ausleihe','Bringt die Gerte bitte rechtzeitig zurck','IT Verleih  /  ZHdK\nit@zh-dk.ch\n\n+41 00 00 00 00',NULL,'it@zhdk.ch',NULL,'Aliquid beatae fugit neque porro sint cumque impedit.','IT','it@zhdk.ch',NULL,1,NULL,NULL,1,'Dolor at nihil aut.',NULL),(3,'AV-Technik','Bringt die Gerte bitte rechtzeitig zurck','AV Verleih  /  ZHdK\nav@zh-dk.ch\n\n+41 00 00 00 00',NULL,'av@zhdk.ch',NULL,'Dicta qui delectus non accusantium ut perspiciatis.','AV','av@zhdk.ch',NULL,1,NULL,NULL,0,NULL,NULL),(4,'DT deletable',NULL,NULL,NULL,'it@zhdk.ch',NULL,'Vel facere autem facilis.','DT','it@zhdk.ch',NULL,1,NULL,NULL,0,NULL,NULL),(5,'Exiureautquia','Tenetur porro ea maiores voluptatem.','Debitis labore qui dolores nobis molestiae corrupti.','Exiureautquia','dedrick@koch.name',NULL,NULL,'2WIVSO','dedrick@koch.name',NULL,1,NULL,NULL,0,NULL,NULL),(6,'Adoditatqui','Blanditiis eos ipsam molestiae cupiditate.','Laudantium est dolorem reprehenderit vitae ut quas.','Adoditatqui','oda@kilbackquitzon.name',NULL,NULL,'VDEG0W','oda@kilbackquitzon.name',NULL,1,NULL,NULL,0,NULL,NULL),(7,'Optiodoloredebitisut','Nesciunt et amet sunt aut facere.','Minus et est doloremque.','Optiodoloredebitisut','loren@collins.co.uk',NULL,NULL,'J2BGGS','loren@collins.co.uk',NULL,1,NULL,NULL,0,NULL,NULL),(8,'Suntautquaeratquibusdam','A sequi ad illum doloribus minus qui suscipit fugiat.','Quasi voluptatem dignissimos sunt.','Suntautquaeratquibusdam','devon@nikolausdare.name',NULL,NULL,'50IIEV','devon@nikolausdare.name',NULL,1,NULL,NULL,0,NULL,NULL),(9,'Iureomnisatqueerror','Vitae dignissimos fugit libero perspiciatis aspernatur omnis.','Voluptatem nostrum sint magni quia.','Iureomnisatqueerror','stephan@funk.co.uk',NULL,NULL,'TTCT3X','stephan@funk.co.uk',NULL,1,NULL,NULL,0,NULL,NULL),(10,'Sequitemporeexcepturiea','Expedita aut dignissimos soluta rerum ipsum quia magni deserunt.','Iusto impedit doloremque exercitationem.','Sequitemporeexcepturiea','keven_gusikowski@walter.biz',NULL,NULL,'8PUWHG','keven_gusikowski@walter.biz',NULL,1,NULL,NULL,0,NULL,NULL),(11,'Corruptiearuminciduntest','Eius laudantium sunt omnis repellat possimus ut ducimus.','In vero sed temporibus.','Corruptiearuminciduntest','ciara@shields.name',NULL,NULL,'Y0T9XD','ciara@shields.name',NULL,1,NULL,NULL,0,NULL,NULL),(12,'Etperspiciatissitsed','Quia maiores natus nam.','Qui eum sunt libero et optio reprehenderit maiores.','Etperspiciatissitsed','mckayla_stamm@nicolas.biz',NULL,NULL,'FLZXFN','mckayla_stamm@nicolas.biz',NULL,1,NULL,NULL,0,NULL,NULL);
/*!40000 ALTER TABLE `inventory_pools` ENABLE KEYS */;
UNLOCK TABLES;

--
-- Table structure for table `inventory_pools_model_groups`
--

DROP TABLE IF EXISTS `inventory_pools_model_groups`;
/*!40101 SET @saved_cs_client     = @@character_set_client */;
/*!40101 SET character_set_client = utf8 */;
CREATE TABLE `inventory_pools_model_groups` (
  `inventory_pool_id` int(11) DEFAULT NULL,
  `model_group_id` int(11) DEFAULT NULL,
  KEY `index_inventory_pools_model_groups_on_inventory_pool_id` (`inventory_pool_id`),
  KEY `index_inventory_pools_model_groups_on_model_group_id` (`model_group_id`),
  CONSTRAINT `inventory_pools_model_groups_model_group_id_fk` FOREIGN KEY (`model_group_id`) REFERENCES `model_groups` (`id`),
  CONSTRAINT `inventory_pools_model_groups_inventory_pool_id_fk` FOREIGN KEY (`inventory_pool_id`) REFERENCES `inventory_pools` (`id`)
) ENGINE=InnoDB DEFAULT CHARSET=utf8 COLLATE=utf8_unicode_ci;
/*!40101 SET character_set_client = @saved_cs_client */;

--
-- Dumping data for table `inventory_pools_model_groups`
--

LOCK TABLES `inventory_pools_model_groups` WRITE;
/*!40000 ALTER TABLE `inventory_pools_model_groups` DISABLE KEYS */;
INSERT INTO `inventory_pools_model_groups` VALUES (1,12),(1,13),(1,14);
/*!40000 ALTER TABLE `inventory_pools_model_groups` ENABLE KEYS */;
UNLOCK TABLES;

--
-- Table structure for table `items`
--

DROP TABLE IF EXISTS `items`;
/*!40101 SET @saved_cs_client     = @@character_set_client */;
/*!40101 SET character_set_client = utf8 */;
CREATE TABLE `items` (
  `id` int(11) NOT NULL AUTO_INCREMENT,
  `inventory_code` varchar(255) COLLATE utf8_unicode_ci DEFAULT NULL,
  `serial_number` varchar(255) COLLATE utf8_unicode_ci DEFAULT NULL,
  `model_id` int(11) DEFAULT NULL,
  `location_id` int(11) DEFAULT NULL,
  `supplier_id` int(11) DEFAULT NULL,
  `owner_id` int(11) NOT NULL,
  `parent_id` int(11) DEFAULT NULL,
  `invoice_number` varchar(255) COLLATE utf8_unicode_ci DEFAULT NULL,
  `invoice_date` date DEFAULT NULL,
  `last_check` date DEFAULT NULL,
  `retired` date DEFAULT NULL,
  `retired_reason` varchar(255) COLLATE utf8_unicode_ci DEFAULT NULL,
  `price` decimal(8,2) DEFAULT NULL,
  `is_broken` tinyint(1) DEFAULT '0',
  `is_incomplete` tinyint(1) DEFAULT '0',
  `is_borrowable` tinyint(1) DEFAULT '0',
  `needs_permission` tinyint(1) DEFAULT '0',
  `inventory_pool_id` int(11) NOT NULL,
  `is_inventory_relevant` tinyint(1) DEFAULT '0',
  `responsible` varchar(255) COLLATE utf8_unicode_ci DEFAULT NULL,
  `insurance_number` varchar(255) COLLATE utf8_unicode_ci DEFAULT NULL,
  `note` text COLLATE utf8_unicode_ci,
  `name` text COLLATE utf8_unicode_ci,
  `user_name` varchar(255) COLLATE utf8_unicode_ci DEFAULT NULL,
  `properties` varchar(2048) COLLATE utf8_unicode_ci DEFAULT NULL,
  `created_at` datetime DEFAULT NULL,
  `updated_at` datetime DEFAULT NULL,
  PRIMARY KEY (`id`),
  UNIQUE KEY `index_items_on_inventory_code` (`inventory_code`),
  KEY `index_items_on_inventory_pool_id` (`inventory_pool_id`),
  KEY `index_items_on_retired` (`retired`),
  KEY `index_items_on_is_borrowable` (`is_borrowable`),
  KEY `index_items_on_is_broken` (`is_broken`),
  KEY `index_items_on_is_incomplete` (`is_incomplete`),
  KEY `index_items_on_location_id` (`location_id`),
  KEY `index_items_on_owner_id` (`owner_id`),
  KEY `index_items_on_parent_id_and_retired` (`parent_id`,`retired`),
  KEY `index_items_on_model_id_and_retired_and_inventory_pool_id` (`model_id`,`retired`,`inventory_pool_id`),
  KEY `items_supplier_id_fk` (`supplier_id`),
  CONSTRAINT `items_supplier_id_fk` FOREIGN KEY (`supplier_id`) REFERENCES `suppliers` (`id`),
  CONSTRAINT `items_inventory_pool_id_fk` FOREIGN KEY (`inventory_pool_id`) REFERENCES `inventory_pools` (`id`),
  CONSTRAINT `items_location_id_fk` FOREIGN KEY (`location_id`) REFERENCES `locations` (`id`),
  CONSTRAINT `items_model_id_fk` FOREIGN KEY (`model_id`) REFERENCES `models` (`id`),
  CONSTRAINT `items_owner_id_fk` FOREIGN KEY (`owner_id`) REFERENCES `inventory_pools` (`id`),
  CONSTRAINT `items_parent_id_fk` FOREIGN KEY (`parent_id`) REFERENCES `items` (`id`) ON DELETE SET NULL
) ENGINE=InnoDB AUTO_INCREMENT=288 DEFAULT CHARSET=utf8 COLLATE=utf8_unicode_ci;
/*!40101 SET character_set_client = @saved_cs_client */;

--
-- Dumping data for table `items`
--

LOCK TABLES `items` WRITE;
/*!40000 ALTER TABLE `items` DISABLE KEYS */;
INSERT INTO `items` VALUES (1,'f68hawj5ssb8s2cklbsg1','2e:bc:49:2b:63:52-dc:11:a2:08:13:d4-85:71:03:13:f4:d6',24,NULL,1,1,NULL,NULL,'2014-08-14','2016-02-25',NULL,NULL,'1381.00',0,0,1,0,1,1,NULL,NULL,NULL,NULL,NULL,'--- !ruby/hash:ActiveSupport::HashWithIndifferentAccess\nanschaffungskategorie: AV-Technik\nreference: invoice\numzug: zgeln\nankunftszustand: intakt\n','2016-02-25 06:53:20','2016-02-25 06:53:20'),(2,'x1wkyk2u9r9os5i1mmk32','7a:e8:78:12:26:15-13:30:c6:32:46:20-be:55:68:1a:ad:73',25,NULL,2,1,NULL,NULL,'2012-12-11','2016-02-25',NULL,NULL,'1038.00',0,0,1,0,1,1,NULL,NULL,NULL,NULL,NULL,'--- !ruby/hash:ActiveSupport::HashWithIndifferentAccess\nanschaffungskategorie: AV-Technik\nreference: invoice\numzug: zgeln\nankunftszustand: intakt\n','2016-02-25 06:53:20','2016-02-25 06:53:20'),(3,'j351nwus9cimgoutjlnw3','ca:52:b8:74:fd:4f-ce:05:65:ae:b4:78-26:ed:f7:e8:e4:71',26,NULL,3,1,NULL,NULL,'2014-11-21','2016-02-25',NULL,NULL,'391.00',0,0,1,0,1,1,NULL,NULL,NULL,NULL,NULL,'--- !ruby/hash:ActiveSupport::HashWithIndifferentAccess\nanschaffungskategorie: AV-Technik\nreference: invoice\numzug: zgeln\nankunftszustand: intakt\n','2016-02-25 06:53:20','2016-02-25 06:53:20'),(4,'a0ou75yzpefugo64kc0f4','0d:9b:00:59:63:bb-19:7b:09:07:92:90-2b:67:d1:f5:2e:2f',27,NULL,4,1,NULL,NULL,'2015-11-20','2016-02-25',NULL,NULL,'198.00',0,0,1,0,1,1,NULL,NULL,NULL,NULL,NULL,'--- !ruby/hash:ActiveSupport::HashWithIndifferentAccess\nanschaffungskategorie: AV-Technik\nreference: invoice\numzug: zgeln\nankunftszustand: intakt\n','2016-02-25 06:53:20','2016-02-25 06:53:20'),(5,'11kgbes4adgpxt6jrgqs5','d4:bd:b5:49:84:37-72:93:32:51:2b:8e-a2:cc:ac:55:c6:6c',28,NULL,5,1,NULL,NULL,'2011-11-28','2016-02-25',NULL,NULL,'41.00',0,0,1,0,1,1,NULL,NULL,NULL,NULL,NULL,'--- !ruby/hash:ActiveSupport::HashWithIndifferentAccess\nanschaffungskategorie: AV-Technik\nreference: invoice\numzug: zgeln\nankunftszustand: intakt\n','2016-02-25 06:53:20','2016-02-25 06:53:20'),(6,'0grvtbhprfoejtb5lmww6','b8:84:96:2e:e9:60-ed:0a:5f:e7:94:a0-16:56:be:60:ed:8b',29,NULL,6,1,NULL,NULL,'2012-12-27','2016-02-25',NULL,NULL,'985.00',0,0,1,0,1,1,NULL,NULL,NULL,NULL,NULL,'--- !ruby/hash:ActiveSupport::HashWithIndifferentAccess\nanschaffungskategorie: AV-Technik\nreference: invoice\numzug: zgeln\nankunftszustand: intakt\n','2016-02-25 06:53:20','2016-02-25 06:53:20'),(7,'c9af6ouo8um0abyjenmz7','98:b4:c8:79:f3:14-fb:ed:72:2a:dd:67-0c:78:ff:bc:e2:e7',30,NULL,7,1,NULL,NULL,'2011-09-15','2016-02-25',NULL,NULL,'1026.00',0,0,1,0,1,1,NULL,NULL,NULL,NULL,NULL,'--- !ruby/hash:ActiveSupport::HashWithIndifferentAccess\nanschaffungskategorie: AV-Technik\nreference: invoice\numzug: zgeln\nankunftszustand: intakt\n','2016-02-25 06:53:20','2016-02-25 06:53:20'),(8,'jxjskwcph7vyzcpx2xtq8','54:92:71:f5:cd:73-14:ca:3a:9c:0e:e8-ab:3a:f2:2c:e1:44',31,NULL,8,1,NULL,NULL,'2011-01-07','2016-02-25',NULL,NULL,'8.00',0,0,1,0,1,1,NULL,NULL,NULL,NULL,NULL,'--- !ruby/hash:ActiveSupport::HashWithIndifferentAccess\nanschaffungskategorie: AV-Technik\nreference: invoice\numzug: zgeln\nankunftszustand: intakt\n','2016-02-25 06:53:20','2016-02-25 06:53:20'),(9,'h98p7wq0kqecs7nuecwp9','6f:ee:78:55:43:97-ca:29:03:e0:6e:cd-0a:46:ca:2f:e0:2d',32,NULL,9,1,NULL,NULL,'2011-04-19','2016-02-25',NULL,NULL,'759.00',0,0,1,0,1,1,NULL,NULL,NULL,NULL,NULL,'--- !ruby/hash:ActiveSupport::HashWithIndifferentAccess\nanschaffungskategorie: AV-Technik\nreference: invoice\numzug: zgeln\nankunftszustand: intakt\n','2016-02-25 06:53:20','2016-02-25 06:53:20'),(10,'rw0wkkk9kz82p7owe1sm10','39:8b:6f:5a:09:89-40:f3:e1:c1:53:ed-b3:8f:b1:69:51:b2',33,NULL,10,1,NULL,NULL,'2012-01-15','2016-02-25',NULL,NULL,'1218.00',0,0,1,0,1,1,NULL,NULL,NULL,NULL,NULL,'--- !ruby/hash:ActiveSupport::HashWithIndifferentAccess\nanschaffungskategorie: AV-Technik\nreference: invoice\numzug: zgeln\nankunftszustand: intakt\n','2016-02-25 06:53:20','2016-02-25 06:53:20'),(11,'9j42nw1y5264nm3nmkk611','c7:06:38:6a:77:4a-67:3a:9f:1e:78:9f-06:d9:5c:cd:20:91',34,NULL,11,1,NULL,NULL,'2012-05-12','2016-02-25',NULL,NULL,'18.00',0,0,1,0,1,1,NULL,NULL,NULL,NULL,NULL,'--- !ruby/hash:ActiveSupport::HashWithIndifferentAccess\nanschaffungskategorie: AV-Technik\nreference: invoice\numzug: zgeln\nankunftszustand: intakt\n','2016-02-25 06:53:20','2016-02-25 06:53:20'),(12,'q6bsb1ovqpumx91b0ki012','e2:c7:c7:8f:79:0f-31:d1:b8:00:34:db-74:20:57:a1:0e:f7',35,NULL,12,1,NULL,NULL,'2013-05-22','2016-02-25',NULL,NULL,'971.00',0,0,1,0,1,1,NULL,NULL,NULL,NULL,NULL,'--- !ruby/hash:ActiveSupport::HashWithIndifferentAccess\nanschaffungskategorie: AV-Technik\nreference: invoice\numzug: zgeln\nankunftszustand: intakt\n','2016-02-25 06:53:20','2016-02-25 06:53:20'),(13,'02uplk8qguae6ustwm3i13','83:7f:cb:d4:f1:68-c7:9a:a1:e8:d7:6a-26:84:9e:d8:54:41',36,NULL,13,1,NULL,NULL,'2015-02-10','2016-02-25',NULL,NULL,'1232.00',0,0,1,0,1,1,NULL,NULL,NULL,NULL,NULL,'--- !ruby/hash:ActiveSupport::HashWithIndifferentAccess\nanschaffungskategorie: AV-Technik\nreference: invoice\numzug: zgeln\nankunftszustand: intakt\n','2016-02-25 06:53:20','2016-02-25 06:53:20'),(14,'h0vrm474do1ezd8hejcg14','8a:54:01:ee:83:4e-6d:6c:18:e7:bf:3f-d9:9f:69:18:b8:6d',37,NULL,14,1,NULL,NULL,'2015-08-16','2016-02-25',NULL,NULL,'1017.00',0,0,1,0,1,1,NULL,NULL,NULL,NULL,NULL,'--- !ruby/hash:ActiveSupport::HashWithIndifferentAccess\nanschaffungskategorie: AV-Technik\nreference: invoice\numzug: zgeln\nankunftszustand: intakt\n','2016-02-25 06:53:20','2016-02-25 06:53:20'),(15,'bms0wsysmnka8kf1uyjg15','ac:4c:93:8d:aa:3f-05:5f:6a:02:bb:c9-29:1e:61:0f:e5:f0',38,NULL,15,1,NULL,NULL,'2013-01-14','2016-02-25',NULL,NULL,'1499.00',0,0,1,0,1,1,NULL,NULL,NULL,NULL,NULL,'--- !ruby/hash:ActiveSupport::HashWithIndifferentAccess\nanschaffungskategorie: AV-Technik\nreference: invoice\numzug: zgeln\nankunftszustand: intakt\n','2016-02-25 06:53:20','2016-02-25 06:53:20'),(16,'ysmjx7oqodbagm0r7pno16','44:8f:9d:09:b1:17-c6:b7:62:b7:7c:3d-94:18:64:cf:67:8c',39,NULL,16,1,NULL,NULL,'2014-06-17','2016-02-25',NULL,NULL,'23.00',0,0,1,0,1,1,NULL,NULL,NULL,NULL,NULL,'--- !ruby/hash:ActiveSupport::HashWithIndifferentAccess\nanschaffungskategorie: AV-Technik\nreference: invoice\numzug: zgeln\nankunftszustand: intakt\n','2016-02-25 06:53:20','2016-02-25 06:53:20'),(17,'4e59ak4ro346jjzocm3217','00:6b:c1:d2:36:ec-64:79:f1:bf:e1:ea-71:3f:c1:de:df:32',40,NULL,17,1,NULL,NULL,'2014-06-28','2016-02-25',NULL,NULL,'1357.00',0,0,1,0,1,1,NULL,NULL,NULL,NULL,NULL,'--- !ruby/hash:ActiveSupport::HashWithIndifferentAccess\nanschaffungskategorie: AV-Technik\nreference: invoice\numzug: zgeln\nankunftszustand: intakt\n','2016-02-25 06:53:20','2016-02-25 06:53:20'),(18,'jpxh3bz4evoue9h2ohh818','1b:62:7d:15:c3:29-4b:43:c3:8e:e9:c7-09:8f:e6:cd:5f:9c',41,NULL,18,1,NULL,NULL,'2011-04-23','2016-02-25',NULL,NULL,'58.00',0,0,1,0,1,1,NULL,NULL,NULL,NULL,NULL,'--- !ruby/hash:ActiveSupport::HashWithIndifferentAccess\nanschaffungskategorie: AV-Technik\nreference: invoice\numzug: zgeln\nankunftszustand: intakt\n','2016-02-25 06:53:20','2016-02-25 06:53:20'),(19,'et3lpo7ad9g1qs2vp0lm19','e3:37:3b:bb:a1:2e-bc:7c:09:9c:ab:a2-eb:de:e7:65:17:57',42,NULL,19,1,NULL,NULL,'2013-03-09','2016-02-25',NULL,NULL,'1285.00',0,0,1,0,1,1,NULL,NULL,NULL,NULL,NULL,'--- !ruby/hash:ActiveSupport::HashWithIndifferentAccess\nanschaffungskategorie: AV-Technik\nreference: invoice\numzug: zgeln\nankunftszustand: intakt\n','2016-02-25 06:53:20','2016-02-25 06:53:20'),(20,'rdagba1e95nzfcpxf65x20','72:1a:3c:5f:da:5b-6c:ca:1b:d5:b8:2e-e1:46:0e:4e:54:a1',43,NULL,20,1,NULL,NULL,'2013-12-02','2016-02-25',NULL,NULL,'755.00',0,0,1,0,1,1,NULL,NULL,NULL,NULL,NULL,'--- !ruby/hash:ActiveSupport::HashWithIndifferentAccess\nanschaffungskategorie: AV-Technik\nreference: invoice\numzug: zgeln\nankunftszustand: intakt\n','2016-02-25 06:53:20','2016-02-25 06:53:20'),(21,'9yhflcrva6aeq5bd7x5v21','f8:c4:82:41:74:de-9a:03:1c:f7:b1:d5-ee:b4:b6:17:35:21',44,NULL,21,1,NULL,NULL,'2015-12-11','2016-02-25',NULL,NULL,'1333.00',0,0,1,0,1,1,NULL,NULL,NULL,NULL,NULL,'--- !ruby/hash:ActiveSupport::HashWithIndifferentAccess\nanschaffungskategorie: AV-Technik\nreference: invoice\numzug: zgeln\nankunftszustand: intakt\n','2016-02-25 06:53:20','2016-02-25 06:53:20'),(22,'21cvhxmmj686arj8272922','c8:76:33:8f:b9:23-4a:d3:be:74:4f:47-fb:58:43:f6:bd:9d',45,NULL,22,1,NULL,NULL,'2013-08-22','2016-02-25',NULL,NULL,'1441.00',0,0,1,0,1,1,NULL,NULL,NULL,NULL,NULL,'--- !ruby/hash:ActiveSupport::HashWithIndifferentAccess\nanschaffungskategorie: AV-Technik\nreference: invoice\numzug: zgeln\nankunftszustand: intakt\n','2016-02-25 06:53:20','2016-02-25 06:53:20'),(23,'eqz340vq5r6fwlvcfve923','24:96:23:a9:fa:88-51:28:d5:22:cc:84-12:fb:22:e5:92:d1',46,NULL,23,1,NULL,NULL,'2013-12-21','2016-02-25',NULL,NULL,'791.00',0,0,1,0,1,1,NULL,NULL,NULL,NULL,NULL,'--- !ruby/hash:ActiveSupport::HashWithIndifferentAccess\nanschaffungskategorie: AV-Technik\nreference: invoice\numzug: zgeln\nankunftszustand: intakt\n','2016-02-25 06:53:20','2016-02-25 06:53:20'),(24,'ncugk6qfjosl6tr3lzrq24','b2:f7:ce:01:f6:97-85:1c:b7:77:26:7d-83:6d:e7:12:ef:f5',47,NULL,24,1,NULL,NULL,'2012-02-20','2016-02-25',NULL,NULL,'914.00',0,0,1,0,1,1,NULL,NULL,NULL,NULL,NULL,'--- !ruby/hash:ActiveSupport::HashWithIndifferentAccess\nanschaffungskategorie: AV-Technik\nreference: invoice\numzug: zgeln\nankunftszustand: intakt\n','2016-02-25 06:53:20','2016-02-25 06:53:20'),(25,'m46d5u0i51k60v6mykah25','34:96:fe:fc:11:1a-3d:37:6e:28:6f:8a-5f:63:cd:f7:0e:ac',48,NULL,25,1,NULL,NULL,'2014-12-13','2016-02-25',NULL,NULL,'45.00',0,0,1,0,1,1,NULL,NULL,NULL,NULL,NULL,'--- !ruby/hash:ActiveSupport::HashWithIndifferentAccess\nanschaffungskategorie: AV-Technik\nreference: invoice\numzug: zgeln\nankunftszustand: intakt\n','2016-02-25 06:53:20','2016-02-25 06:53:20'),(26,'z945exc1y8h2tvg355bj26','12:56:2d:bc:41:c6-62:f7:58:81:1e:0c-6a:3a:00:0a:c5:28',49,NULL,26,1,NULL,NULL,'2011-11-11','2016-02-25',NULL,NULL,'1095.00',0,0,1,0,1,1,NULL,NULL,NULL,NULL,NULL,'--- !ruby/hash:ActiveSupport::HashWithIndifferentAccess\nanschaffungskategorie: AV-Technik\nreference: invoice\numzug: zgeln\nankunftszustand: intakt\n','2016-02-25 06:53:20','2016-02-25 06:53:20'),(27,'c717y2m0tx81f9jivetx27','02:a8:75:d9:64:bd-97:26:cd:fb:bf:88-55:e2:7c:cb:48:70',50,NULL,27,1,NULL,NULL,'2015-03-06','2016-02-25',NULL,NULL,'20.00',0,0,1,0,1,1,NULL,NULL,NULL,NULL,NULL,'--- !ruby/hash:ActiveSupport::HashWithIndifferentAccess\nanschaffungskategorie: AV-Technik\nreference: invoice\numzug: zgeln\nankunftszustand: intakt\n','2016-02-25 06:53:20','2016-02-25 06:53:20'),(28,'6idewrz021yavsd2j9z328','1c:3c:54:4b:b8:f2-b2:b4:45:c9:11:2e-58:53:3b:86:e0:c7',51,NULL,28,1,NULL,NULL,'2012-05-06','2016-02-25',NULL,NULL,'214.00',0,0,1,0,1,1,NULL,NULL,NULL,NULL,NULL,'--- !ruby/hash:ActiveSupport::HashWithIndifferentAccess\nanschaffungskategorie: AV-Technik\nreference: invoice\numzug: zgeln\nankunftszustand: intakt\n','2016-02-25 06:53:20','2016-02-25 06:53:20'),(29,'sugz5c11w5hlzy5tjdbx29','a0:7e:c3:65:96:39-00:e8:53:69:d2:f4-78:c8:aa:9b:2c:be',52,NULL,29,1,NULL,NULL,'2013-07-05','2016-02-25',NULL,NULL,'590.00',0,0,1,0,1,1,NULL,NULL,NULL,NULL,NULL,'--- !ruby/hash:ActiveSupport::HashWithIndifferentAccess\nanschaffungskategorie: AV-Technik\nreference: invoice\numzug: zgeln\nankunftszustand: intakt\n','2016-02-25 06:53:20','2016-02-25 06:53:20'),(30,'l6wtq9ckmbi3c4a1xqj430','3f:7f:20:bb:e6:a7-4e:6b:c6:b7:e4:97-f4:93:3e:9c:83:e8',53,NULL,30,1,NULL,NULL,'2012-09-27','2016-02-25',NULL,NULL,'1440.00',0,0,1,0,1,1,NULL,NULL,NULL,NULL,NULL,'--- !ruby/hash:ActiveSupport::HashWithIndifferentAccess\nanschaffungskategorie: AV-Technik\nreference: invoice\numzug: zgeln\nankunftszustand: intakt\n','2016-02-25 06:53:20','2016-02-25 06:53:20'),(31,'csemneyszsyh49gvkog731','39:6e:8e:5b:c7:3b-12:b0:b8:e3:39:7f-d4:ea:e6:91:b1:65',54,NULL,31,1,NULL,NULL,'2013-03-02','2016-02-25',NULL,NULL,'1155.00',0,0,1,0,1,1,NULL,NULL,NULL,NULL,NULL,'--- !ruby/hash:ActiveSupport::HashWithIndifferentAccess\nanschaffungskategorie: AV-Technik\nreference: invoice\numzug: zgeln\nankunftszustand: intakt\n','2016-02-25 06:53:20','2016-02-25 06:53:20'),(32,'dwg6kway7lvv6h4myi7a32','16:01:b8:f2:b0:2e-d5:bb:b7:7a:f3:c2-26:99:73:77:e7:94',55,NULL,32,1,NULL,NULL,'2012-12-21','2016-02-25',NULL,NULL,'1123.00',0,0,1,0,1,1,NULL,NULL,NULL,NULL,NULL,'--- !ruby/hash:ActiveSupport::HashWithIndifferentAccess\nanschaffungskategorie: AV-Technik\nreference: invoice\numzug: zgeln\nankunftszustand: intakt\n','2016-02-25 06:53:20','2016-02-25 06:53:20'),(33,'pe5afc5uxe5i85grgh0o33','ad:89:5b:55:38:50-a6:c7:07:6c:88:ba-c3:0d:53:0c:b2:54',56,NULL,33,1,NULL,NULL,'2014-07-21','2016-02-25',NULL,NULL,'1224.00',0,0,1,0,1,1,NULL,NULL,NULL,NULL,NULL,'--- !ruby/hash:ActiveSupport::HashWithIndifferentAccess\nanschaffungskategorie: AV-Technik\nreference: invoice\numzug: zgeln\nankunftszustand: intakt\n','2016-02-25 06:53:20','2016-02-25 06:53:20'),(34,'30f7k5f6gwre2c166z5t34','a7:e2:02:5f:81:13-e1:5f:bd:a5:a9:e5-c5:f1:6a:05:04:ed',57,NULL,34,1,NULL,NULL,'2013-03-05','2016-02-25',NULL,NULL,'1326.00',0,0,1,0,1,1,NULL,NULL,NULL,NULL,NULL,'--- !ruby/hash:ActiveSupport::HashWithIndifferentAccess\nanschaffungskategorie: AV-Technik\nreference: invoice\numzug: zgeln\nankunftszustand: intakt\n','2016-02-25 06:53:20','2016-02-25 06:53:20'),(35,'fni5ysvntznslyx0fn5e35','0e:6d:84:f5:ee:de-d8:b1:65:5a:df:36-b9:dc:2f:b9:fc:a0',58,NULL,35,1,NULL,NULL,'2014-07-16','2016-02-25',NULL,NULL,'578.00',0,0,1,0,1,1,NULL,NULL,NULL,NULL,NULL,'--- !ruby/hash:ActiveSupport::HashWithIndifferentAccess\nanschaffungskategorie: AV-Technik\nreference: invoice\numzug: zgeln\nankunftszustand: intakt\n','2016-02-25 06:53:20','2016-02-25 06:53:20'),(36,'y1804ypl1rbmpkpvdexs36','5e:21:e1:00:88:38-a4:01:70:69:e6:ee-bf:fc:e8:45:67:31',59,NULL,36,1,NULL,NULL,'2013-11-10','2016-02-25',NULL,NULL,'1055.00',0,0,1,0,1,1,NULL,NULL,NULL,NULL,NULL,'--- !ruby/hash:ActiveSupport::HashWithIndifferentAccess\nanschaffungskategorie: AV-Technik\nreference: invoice\numzug: zgeln\nankunftszustand: intakt\n','2016-02-25 06:53:20','2016-02-25 06:53:20'),(37,'uqq7hilm2huu1biqy93z37','73:73:a3:3b:d2:7f-af:b5:80:11:d6:22-21:fa:ec:d0:56:fe',60,NULL,37,1,NULL,NULL,'2013-08-08','2016-02-25',NULL,NULL,'941.00',0,0,1,0,1,1,NULL,NULL,NULL,NULL,NULL,'--- !ruby/hash:ActiveSupport::HashWithIndifferentAccess\nanschaffungskategorie: AV-Technik\nreference: invoice\numzug: zgeln\nankunftszustand: intakt\n','2016-02-25 06:53:20','2016-02-25 06:53:20'),(38,'fyh5646cwlg21vqxelbr38','c9:fe:6b:b4:3d:cf-39:4d:15:5d:98:de-eb:6f:05:21:77:b9',61,NULL,38,1,NULL,NULL,'2012-02-18','2016-02-25',NULL,NULL,'70.00',0,0,1,0,1,1,NULL,NULL,NULL,NULL,NULL,'--- !ruby/hash:ActiveSupport::HashWithIndifferentAccess\nanschaffungskategorie: AV-Technik\nreference: invoice\numzug: zgeln\nankunftszustand: intakt\n','2016-02-25 06:53:20','2016-02-25 06:53:20'),(39,'gjxs6843qks0g65s2m7d39','2e:78:ce:e1:62:6b-8f:c2:8d:aa:10:4d-22:ea:1e:64:a2:39',62,NULL,39,1,NULL,NULL,'2012-10-26','2016-02-25',NULL,NULL,'6.00',0,0,1,0,1,1,NULL,NULL,NULL,NULL,NULL,'--- !ruby/hash:ActiveSupport::HashWithIndifferentAccess\nanschaffungskategorie: AV-Technik\nreference: invoice\numzug: zgeln\nankunftszustand: intakt\n','2016-02-25 06:53:20','2016-02-25 06:53:20'),(40,'xqhzfuh842uktbrxbyfx40','cf:70:e0:53:ab:e9-5a:f9:88:2a:21:91-e4:a2:b6:6d:28:08',63,NULL,40,1,NULL,NULL,'2012-07-25','2016-02-25',NULL,NULL,'903.00',0,0,1,0,1,1,NULL,NULL,NULL,NULL,NULL,'--- !ruby/hash:ActiveSupport::HashWithIndifferentAccess\nanschaffungskategorie: AV-Technik\nreference: invoice\numzug: zgeln\nankunftszustand: intakt\n','2016-02-25 06:53:20','2016-02-25 06:53:20'),(41,'x0401o67gn9aqm07ebd641','4f:82:db:70:98:5d-47:72:3c:12:b8:2c-a5:fd:b1:65:34:63',64,NULL,41,1,NULL,NULL,'2015-09-01','2016-02-25',NULL,NULL,'1363.00',0,0,1,0,1,1,NULL,NULL,NULL,NULL,NULL,'--- !ruby/hash:ActiveSupport::HashWithIndifferentAccess\nanschaffungskategorie: AV-Technik\nreference: invoice\numzug: zgeln\nankunftszustand: intakt\n','2016-02-25 06:53:20','2016-02-25 06:53:20'),(42,'057l4fj4ubzmpldj0myx42','84:c6:c6:35:31:47-56:5e:2a:ad:e8:df-79:d9:ac:77:55:fc',65,NULL,42,1,NULL,NULL,'2012-04-05','2016-02-25',NULL,NULL,'804.00',0,0,1,0,1,1,NULL,NULL,NULL,NULL,NULL,'--- !ruby/hash:ActiveSupport::HashWithIndifferentAccess\nanschaffungskategorie: AV-Technik\nreference: invoice\numzug: zgeln\nankunftszustand: intakt\n','2016-02-25 06:53:20','2016-02-25 06:53:20'),(43,'zomlbq7axzzsymz024nw43','d2:a5:ed:15:94:7b-f1:a9:5e:87:62:02-16:45:c5:fb:19:ab',66,NULL,43,1,NULL,NULL,'2015-09-22','2016-02-25',NULL,NULL,'1273.00',0,0,1,0,1,1,NULL,NULL,NULL,NULL,NULL,'--- !ruby/hash:ActiveSupport::HashWithIndifferentAccess\nanschaffungskategorie: AV-Technik\nreference: invoice\numzug: zgeln\nankunftszustand: intakt\n','2016-02-25 06:53:20','2016-02-25 06:53:20'),(44,'j85ofcl5c52jm6zvsyix44','bf:81:db:61:20:25-b6:9f:e0:56:51:9f-4c:da:1e:92:c0:2e',67,NULL,44,1,NULL,NULL,'2015-04-23','2016-02-25',NULL,NULL,'302.00',0,0,1,0,1,1,NULL,NULL,NULL,NULL,NULL,'--- !ruby/hash:ActiveSupport::HashWithIndifferentAccess\nanschaffungskategorie: AV-Technik\nreference: invoice\numzug: zgeln\nankunftszustand: intakt\n','2016-02-25 06:53:20','2016-02-25 06:53:20'),(45,'25bncqm1kxufi33gk9v045','2d:fd:26:a2:81:b6-b4:f4:f3:a4:20:69-ee:88:08:c7:7f:a5',68,NULL,45,1,NULL,NULL,'2015-03-13','2016-02-25',NULL,NULL,'481.00',0,0,1,0,1,1,NULL,NULL,NULL,NULL,NULL,'--- !ruby/hash:ActiveSupport::HashWithIndifferentAccess\nanschaffungskategorie: AV-Technik\nreference: invoice\numzug: zgeln\nankunftszustand: intakt\n','2016-02-25 06:53:20','2016-02-25 06:53:20'),(46,'hyaz7weimm5y2uvls96c46','ae:4e:82:bc:4e:c8-d2:ff:46:9c:b5:e2-8e:a3:67:3a:8b:86',69,NULL,46,1,NULL,NULL,'2015-12-21','2016-02-25',NULL,NULL,'979.00',0,0,1,0,1,1,NULL,NULL,NULL,NULL,NULL,'--- !ruby/hash:ActiveSupport::HashWithIndifferentAccess\nanschaffungskategorie: AV-Technik\nreference: invoice\numzug: zgeln\nankunftszustand: intakt\n','2016-02-25 06:53:20','2016-02-25 06:53:20'),(47,'37ep813bwew9lu2wdwvm47','b9:d4:e4:02:bd:00-ac:7e:cd:79:57:2b-5e:0a:1f:99:ee:15',70,NULL,47,1,NULL,NULL,'2013-03-01','2016-02-25',NULL,NULL,'534.00',0,0,1,0,1,1,NULL,NULL,NULL,NULL,NULL,'--- !ruby/hash:ActiveSupport::HashWithIndifferentAccess\nanschaffungskategorie: AV-Technik\nreference: invoice\numzug: zgeln\nankunftszustand: intakt\n','2016-02-25 06:53:20','2016-02-25 06:53:20'),(48,'xth8irnkqp750fqzzjf248','8f:62:51:59:26:68-57:15:81:31:0e:49-e7:dc:90:b6:9e:05',71,NULL,48,1,NULL,NULL,'2011-09-15','2016-02-25',NULL,NULL,'24.00',0,0,1,0,1,1,NULL,NULL,NULL,NULL,NULL,'--- !ruby/hash:ActiveSupport::HashWithIndifferentAccess\nanschaffungskategorie: AV-Technik\nreference: invoice\numzug: zgeln\nankunftszustand: intakt\n','2016-02-25 06:53:20','2016-02-25 06:53:20'),(49,'whgx0ckjl7pnbd9f89cv49','f8:02:37:d8:a3:5a-e5:87:93:cf:18:e9-c6:eb:65:62:03:b6',72,NULL,49,1,NULL,NULL,'2013-09-12','2016-02-25',NULL,NULL,'1001.00',0,0,1,0,1,1,NULL,NULL,NULL,NULL,NULL,'--- !ruby/hash:ActiveSupport::HashWithIndifferentAccess\nanschaffungskategorie: AV-Technik\nreference: invoice\numzug: zgeln\nankunftszustand: intakt\n','2016-02-25 06:53:20','2016-02-25 06:53:20'),(50,'b9nrui238fwefhy2waao50','d5:cd:0e:4a:81:33-4b:c9:71:a4:8c:ee-2a:11:47:6e:31:75',73,NULL,50,1,NULL,NULL,'2013-01-09','2016-02-25',NULL,NULL,'239.00',0,0,1,0,1,1,NULL,NULL,NULL,NULL,NULL,'--- !ruby/hash:ActiveSupport::HashWithIndifferentAccess\nanschaffungskategorie: AV-Technik\nreference: invoice\numzug: zgeln\nankunftszustand: intakt\n','2016-02-25 06:53:20','2016-02-25 06:53:20'),(51,'book1','book1',1,1,51,2,NULL,NULL,'2011-06-16','2016-02-25',NULL,NULL,'1444.00',0,0,1,0,2,1,NULL,NULL,NULL,NULL,NULL,'--- !ruby/hash:ActiveSupport::HashWithIndifferentAccess\nanschaffungskategorie: AV-Technik\nreference: invoice\numzug: zgeln\nankunftszustand: intakt\n','2016-02-25 06:53:20','2016-02-25 06:53:20'),(52,'book2','book2',1,1,52,2,NULL,NULL,'2015-11-05','2016-02-25',NULL,NULL,'698.00',0,0,1,0,2,1,NULL,NULL,NULL,NULL,NULL,'--- !ruby/hash:ActiveSupport::HashWithIndifferentAccess\nanschaffungskategorie: AV-Technik\nreference: invoice\numzug: zgeln\nankunftszustand: intakt\n','2016-02-25 06:53:20','2016-02-25 06:53:20'),(53,'beam123','xyz456',2,1,53,1,NULL,NULL,'2012-03-30','2016-02-25',NULL,NULL,'116.00',0,0,1,0,1,1,NULL,NULL,NULL,NULL,NULL,'--- !ruby/hash:ActiveSupport::HashWithIndifferentAccess\nanschaffungskategorie: AV-Technik\nreference: invoice\numzug: zgeln\nankunftszustand: intakt\n','2016-02-25 06:53:20','2016-02-25 06:53:20'),(54,'beam345','xyz890',2,1,54,1,NULL,NULL,'2015-04-21','2016-02-25',NULL,NULL,'372.00',0,0,1,0,1,1,NULL,NULL,NULL,NULL,NULL,'--- !ruby/hash:ActiveSupport::HashWithIndifferentAccess\nanschaffungskategorie: AV-Technik\nreference: invoice\numzug: zgeln\nankunftszustand: intakt\n','2016-02-25 06:53:20','2016-02-25 06:53:20'),(55,'beam678','xyz678',3,1,55,1,NULL,NULL,'2014-06-15','2016-02-25',NULL,NULL,'745.00',0,0,1,0,1,1,NULL,NULL,NULL,NULL,NULL,'--- !ruby/hash:ActiveSupport::HashWithIndifferentAccess\nanschaffungskategorie: AV-Technik\nreference: invoice\numzug: zgeln\nankunftszustand: intakt\n','2016-02-25 06:53:20','2016-02-25 06:53:20'),(56,'beam749','xyz749',2,1,56,1,NULL,NULL,'2011-09-29','2016-02-25',NULL,NULL,'587.00',0,0,1,0,2,1,NULL,NULL,NULL,NULL,NULL,'--- !ruby/hash:ActiveSupport::HashWithIndifferentAccess\nanschaffungskategorie: AV-Technik\nreference: invoice\numzug: zgeln\nankunftszustand: intakt\n','2016-02-25 06:53:20','2016-02-25 06:53:20'),(57,'beamTest123','xyz74912',5,1,57,1,NULL,NULL,'2013-01-25','2016-02-25',NULL,NULL,'421.00',0,0,1,0,1,1,NULL,NULL,NULL,NULL,NULL,'--- !ruby/hash:ActiveSupport::HashWithIndifferentAccess\nanschaffungskategorie: AV-Technik\nreference: invoice\numzug: zgeln\nankunftszustand: intakt\n','2016-02-25 06:53:20','2016-02-25 06:53:20'),(58,'ucbeam1','minbeam1',6,1,58,1,NULL,NULL,'2014-11-11','2016-02-25',NULL,NULL,'1279.00',0,0,1,0,1,1,NULL,NULL,NULL,'ucbeam1',NULL,'--- !ruby/hash:ActiveSupport::HashWithIndifferentAccess\nanschaffungskategorie: AV-Technik\nreference: invoice\numzug: zgeln\nankunftszustand: intakt\n','2016-02-25 06:53:20','2016-02-25 06:53:20'),(59,'microbeam1','microbeam1',7,1,59,1,NULL,NULL,'2015-09-17','2016-02-25',NULL,NULL,'293.00',0,0,1,0,1,1,NULL,NULL,NULL,'microbeam1',NULL,'--- !ruby/hash:ActiveSupport::HashWithIndifferentAccess\nanschaffungskategorie: AV-Technik\nreference: invoice\numzug: zgeln\nankunftszustand: intakt\n','2016-02-25 06:53:20','2016-02-25 06:53:20'),(60,'cam123','abc234',8,1,60,1,NULL,NULL,'2013-06-19','2016-02-25',NULL,NULL,'583.00',0,0,1,0,1,1,NULL,NULL,NULL,NULL,NULL,'--- !ruby/hash:ActiveSupport::HashWithIndifferentAccess\nanschaffungskategorie: AV-Technik\nreference: invoice\numzug: zgeln\nankunftszustand: intakt\n','2016-02-25 06:53:20','2016-02-25 06:53:20'),(61,'cam345','ab567',8,1,61,1,NULL,NULL,'2011-12-15','2016-02-25',NULL,NULL,'281.00',0,0,1,0,1,1,NULL,NULL,NULL,NULL,NULL,'--- !ruby/hash:ActiveSupport::HashWithIndifferentAccess\nanschaffungskategorie: AV-Technik\nreference: invoice\numzug: zgeln\nankunftszustand: intakt\n','2016-02-25 06:53:20','2016-02-25 06:53:20'),(62,'cam567','ab789',8,1,62,1,NULL,NULL,'2011-08-05','2016-02-25',NULL,NULL,'615.00',0,0,1,0,1,1,NULL,NULL,NULL,NULL,NULL,'--- !ruby/hash:ActiveSupport::HashWithIndifferentAccess\nanschaffungskategorie: AV-Technik\nreference: invoice\numzug: zgeln\nankunftszustand: intakt\n','2016-02-25 06:53:20','2016-02-25 06:53:20'),(63,'cam53267','ab782129',8,1,63,1,NULL,NULL,'2015-07-29','2016-02-25',NULL,NULL,'681.00',0,0,1,0,1,1,NULL,NULL,NULL,NULL,NULL,'--- !ruby/hash:ActiveSupport::HashWithIndifferentAccess\nanschaffungskategorie: AV-Technik\nreference: invoice\numzug: zgeln\nankunftszustand: intakt\n','2016-02-25 06:53:20','2016-02-25 06:53:20'),(64,'cam532asd67','ab78as2129',8,1,64,1,NULL,NULL,'2014-01-06','2016-02-25',NULL,NULL,'525.00',0,0,1,0,1,1,NULL,NULL,NULL,NULL,NULL,'--- !ruby/hash:ActiveSupport::HashWithIndifferentAccess\nanschaffungskategorie: AV-Technik\nreference: invoice\numzug: zgeln\nankunftszustand: intakt\n','2016-02-25 06:53:20','2016-02-25 06:53:20'),(65,'tri789','fgh567',9,1,65,1,NULL,NULL,'2011-09-19','2016-02-25',NULL,NULL,'1450.00',0,0,1,0,1,1,NULL,NULL,NULL,NULL,NULL,'--- !ruby/hash:ActiveSupport::HashWithIndifferentAccess\nanschaffungskategorie: AV-Technik\nreference: invoice\numzug: zgeln\nankunftszustand: intakt\n','2016-02-25 06:53:20','2016-02-25 06:53:20'),(66,'tri123','fgh987',9,1,66,1,NULL,NULL,'2015-08-27','2016-02-25',NULL,NULL,'49.00',0,0,1,0,1,1,NULL,NULL,NULL,NULL,NULL,'--- !ruby/hash:ActiveSupport::HashWithIndifferentAccess\nanschaffungskategorie: AV-Technik\nreference: invoice\numzug: zgeln\nankunftszustand: intakt\n','2016-02-25 06:53:20','2016-02-25 06:53:20'),(67,'tri923','asd213',9,1,67,1,NULL,NULL,'2011-02-23','2016-02-25',NULL,NULL,'623.00',0,0,1,0,1,1,NULL,NULL,NULL,NULL,NULL,'--- !ruby/hash:ActiveSupport::HashWithIndifferentAccess\nanschaffungskategorie: AV-Technik\nreference: invoice\numzug: zgeln\nankunftszustand: intakt\n','2016-02-25 06:53:20','2016-02-25 06:53:20'),(68,'tri212','tri212',9,1,68,1,NULL,NULL,'2012-08-22','2016-02-25',NULL,NULL,'1431.00',0,0,1,0,1,1,NULL,NULL,NULL,NULL,NULL,'--- !ruby/hash:ActiveSupport::HashWithIndifferentAccess\nanschaffungskategorie: AV-Technik\nreference: invoice\numzug: zgeln\nankunftszustand: intakt\n','2016-02-25 06:53:20','2016-02-25 06:53:20'),(69,'hifi123','hifi123',10,1,69,1,NULL,NULL,'2015-08-26','2016-02-25',NULL,NULL,'1066.00',0,0,1,0,1,1,NULL,NULL,NULL,NULL,NULL,'--- !ruby/hash:ActiveSupport::HashWithIndifferentAccess\nanschaffungskategorie: AV-Technik\nreference: invoice\numzug: zgeln\nankunftszustand: intakt\n','2016-02-25 06:53:20','2016-02-25 06:53:20'),(70,'bose123','bose123',12,1,70,1,NULL,NULL,'2014-06-02','2016-02-25',NULL,NULL,'1494.00',0,0,1,0,1,1,NULL,NULL,NULL,NULL,NULL,'--- !ruby/hash:ActiveSupport::HashWithIndifferentAccess\nanschaffungskategorie: AV-Technik\nreference: invoice\numzug: zgeln\nankunftszustand: intakt\n','2016-02-25 06:53:20','2016-02-25 06:53:20'),(71,'cand5','cand5',8,1,71,1,NULL,NULL,'2011-11-19','2016-02-25',NULL,NULL,'632.00',0,0,0,0,1,1,NULL,NULL,NULL,NULL,NULL,'--- !ruby/hash:ActiveSupport::HashWithIndifferentAccess\nanschaffungskategorie: AV-Technik\nreference: invoice\numzug: zgeln\nankunftszustand: intakt\n','2016-02-25 06:53:20','2016-02-25 06:53:20'),(72,'beam21231','beamas12312',2,1,72,1,NULL,NULL,'2014-07-02','2016-02-25',NULL,NULL,'644.00',0,0,0,0,1,1,NULL,NULL,NULL,NULL,NULL,'--- !ruby/hash:ActiveSupport::HashWithIndifferentAccess\nanschaffungskategorie: AV-Technik\nreference: invoice\numzug: zgeln\nankunftszustand: intakt\n','2016-02-25 06:53:20','2016-02-25 06:53:20'),(73,'hifi345','hifi345',10,1,73,1,NULL,NULL,'2015-07-24','2016-02-25',NULL,NULL,'1144.00',0,0,0,0,1,1,NULL,NULL,NULL,NULL,NULL,'--- !ruby/hash:ActiveSupport::HashWithIndifferentAccess\nanschaffungskategorie: AV-Technik\nreference: invoice\numzug: zgeln\nankunftszustand: intakt\n','2016-02-25 06:53:20','2016-02-25 06:53:20'),(74,'wlaptop1','wlaptop1',14,1,74,1,NULL,NULL,'2015-09-11','2016-02-25',NULL,NULL,'620.00',1,0,1,0,1,1,NULL,NULL,NULL,NULL,NULL,'--- !ruby/hash:ActiveSupport::HashWithIndifferentAccess\nanschaffungskategorie: AV-Technik\nreference: invoice\numzug: zgeln\nankunftszustand: intakt\n','2016-02-25 06:53:20','2016-02-25 06:53:20'),(75,'v120d02','v120d02',15,1,75,1,NULL,NULL,'2013-06-07','2016-02-25',NULL,NULL,'339.00',0,1,1,0,1,1,NULL,NULL,NULL,NULL,NULL,'--- !ruby/hash:ActiveSupport::HashWithIndifferentAccess\nanschaffungskategorie: AV-Technik\nreference: invoice\numzug: zgeln\nankunftszustand: intakt\n','2016-02-25 06:53:20','2016-02-25 06:53:20'),(76,'v120d11','v120d11',15,NULL,76,1,NULL,NULL,'2012-07-18','2016-02-25','2016-02-25','Aspernatur et tenetur ut error et explicabo id doloremque.','90.00',1,1,0,0,1,1,NULL,NULL,NULL,NULL,NULL,'--- !ruby/hash:ActiveSupport::HashWithIndifferentAccess\nanschaffungskategorie: AV-Technik\nreference: invoice\numzug: zgeln\nankunftszustand: intakt\n','2016-02-25 06:53:20','2016-02-25 06:53:20'),(77,'v120d022g','v120d022g',16,1,77,1,NULL,NULL,'2013-12-09','2016-02-25',NULL,NULL,'968.00',0,0,1,0,1,1,NULL,NULL,NULL,NULL,NULL,'--- !ruby/hash:ActiveSupport::HashWithIndifferentAccess\nanschaffungskategorie: AV-Technik\nreference: invoice\numzug: zgeln\nankunftszustand: intakt\n','2016-02-25 06:53:20','2016-02-25 06:53:20'),(78,'v120d022g2','v120d022g2',16,1,78,1,NULL,NULL,'2015-04-26','2016-02-25',NULL,NULL,'989.00',0,0,1,0,1,1,NULL,NULL,NULL,NULL,NULL,'--- !ruby/hash:ActiveSupport::HashWithIndifferentAccess\nanschaffungskategorie: AV-Technik\nreference: invoice\numzug: zgeln\nankunftszustand: intakt\n','2016-02-25 06:53:20','2016-02-25 06:53:20'),(79,'iMac1','iMac1',18,1,79,1,NULL,NULL,'2014-11-29','2016-02-25','2016-02-25','This item is gone.','788.00',0,0,1,0,1,1,NULL,NULL,NULL,NULL,NULL,'--- !ruby/hash:ActiveSupport::HashWithIndifferentAccess\nanschaffungskategorie: AV-Technik\nreference: invoice\numzug: zgeln\nankunftszustand: intakt\n','2016-02-25 06:53:20','2016-02-25 06:53:20'),(80,'iMac2','iMac2',18,1,80,3,NULL,NULL,'2014-12-07','2016-02-25','2016-02-25','This item is gone.','510.00',0,0,1,0,1,1,NULL,NULL,NULL,NULL,NULL,'--- !ruby/hash:ActiveSupport::HashWithIndifferentAccess\nanschaffungskategorie: AV-Technik\nreference: invoice\numzug: zgeln\nankunftszustand: intakt\n','2016-02-25 06:53:20','2016-02-25 06:53:20'),(81,'lpv3yc','lpv3yc',11,1,81,1,NULL,NULL,'2014-08-20','2016-02-25','2016-02-25','This item is gone.','751.00',0,0,1,0,1,1,NULL,NULL,NULL,NULL,NULL,'--- !ruby/hash:ActiveSupport::HashWithIndifferentAccess\nanschaffungskategorie: AV-Technik\nreference: invoice\numzug: zgeln\nankunftszustand: intakt\n','2016-02-25 06:53:20','2016-02-25 06:53:20'),(82,'6cxjcs','6cxjcs',11,1,82,1,NULL,NULL,'2015-08-01','2016-02-25','2016-02-25','This item is gone.','1200.00',0,0,1,0,1,1,NULL,NULL,NULL,NULL,NULL,'--- !ruby/hash:ActiveSupport::HashWithIndifferentAccess\nanschaffungskategorie: AV-Technik\nreference: invoice\numzug: zgeln\nankunftszustand: intakt\n','2016-02-25 06:53:20','2016-02-25 06:53:20'),(83,'beam897','beam897',2,1,83,2,NULL,NULL,'2013-07-23','2016-02-25',NULL,NULL,'624.00',0,0,1,0,2,1,NULL,NULL,NULL,NULL,NULL,'--- !ruby/hash:ActiveSupport::HashWithIndifferentAccess\nanschaffungskategorie: AV-Technik\nreference: invoice\numzug: zgeln\nankunftszustand: intakt\n','2016-02-25 06:53:20','2016-02-25 06:53:20'),(84,'minibeam12','minibeam12',4,1,84,2,NULL,NULL,'2013-11-28','2016-02-25',NULL,NULL,'1021.00',0,0,1,0,2,1,NULL,NULL,NULL,NULL,NULL,'--- !ruby/hash:ActiveSupport::HashWithIndifferentAccess\nanschaffungskategorie: AV-Technik\nreference: invoice\numzug: zgeln\nankunftszustand: intakt\n','2016-02-25 06:53:20','2016-02-25 06:53:20'),(85,'minibeam34','minibeam34',4,1,85,3,NULL,NULL,'2012-04-04','2016-02-25',NULL,NULL,'1083.00',0,0,1,0,3,1,NULL,NULL,NULL,NULL,NULL,'--- !ruby/hash:ActiveSupport::HashWithIndifferentAccess\nanschaffungskategorie: AV-Technik\nreference: invoice\numzug: zgeln\nankunftszustand: intakt\n','2016-02-25 06:53:20','2016-02-25 06:53:20'),(86,'minibeam56','minibeam56',4,1,86,1,NULL,NULL,'2013-12-26','2016-02-25','2016-02-25','Qui molestiae voluptatibus perspiciatis mollitia minus perferendis.','448.00',0,0,1,0,1,1,NULL,NULL,NULL,NULL,NULL,'--- !ruby/hash:ActiveSupport::HashWithIndifferentAccess\nanschaffungskategorie: AV-Technik\nreference: invoice\numzug: zgeln\nankunftszustand: intakt\n','2016-02-25 06:53:20','2016-02-25 06:53:20'),(87,'minibeam78','minibeam78',4,1,87,2,NULL,NULL,'2011-11-17','2016-02-25',NULL,NULL,'1171.00',0,0,1,0,2,1,NULL,NULL,NULL,NULL,NULL,'--- !ruby/hash:ActiveSupport::HashWithIndifferentAccess\nanschaffungskategorie: AV-Technik\nreference: invoice\numzug: zgeln\nankunftszustand: intakt\n','2016-02-25 06:53:20','2016-02-25 06:53:20'),(88,'air123','air123',19,1,88,1,NULL,NULL,'2015-07-15','2016-02-25',NULL,NULL,'823.00',0,0,1,0,1,1,NULL,NULL,NULL,NULL,NULL,'--- !ruby/hash:ActiveSupport::HashWithIndifferentAccess\nanschaffungskategorie: AV-Technik\nreference: invoice\numzug: zgeln\nankunftszustand: intakt\n','2016-02-25 06:53:20','2016-02-25 06:53:20'),(89,'tp230','tp230',20,1,89,1,NULL,NULL,'2014-08-14','2016-02-25',NULL,NULL,'590.00',0,0,1,0,1,1,NULL,NULL,NULL,NULL,NULL,'--- !ruby/hash:ActiveSupport::HashWithIndifferentAccess\nanschaffungskategorie: AV-Technik\nreference: invoice\numzug: zgeln\nankunftszustand: intakt\n','2016-02-25 06:53:20','2016-02-25 06:53:20'),(90,'tp301','tp301',21,1,90,1,NULL,NULL,'2011-03-18','2016-02-25',NULL,NULL,'751.00',0,0,1,0,1,1,NULL,NULL,NULL,NULL,NULL,'--- !ruby/hash:ActiveSupport::HashWithIndifferentAccess\nanschaffungskategorie: AV-Technik\nreference: invoice\numzug: zgeln\nankunftszustand: intakt\n','2016-02-25 06:53:20','2016-02-25 06:53:20'),(91,'carbon1','carbon1',22,1,91,1,NULL,NULL,'2015-07-06','2016-02-25',NULL,NULL,'1448.00',0,0,1,0,1,1,NULL,NULL,NULL,NULL,NULL,'--- !ruby/hash:ActiveSupport::HashWithIndifferentAccess\nanschaffungskategorie: AV-Technik\nreference: invoice\numzug: zgeln\nankunftszustand: intakt\n','2016-02-25 06:53:20','2016-02-25 06:53:20'),(92,'carbon2','carbon2',22,1,92,1,NULL,NULL,'2013-01-18','2016-02-25',NULL,NULL,'977.00',0,0,1,0,1,1,NULL,NULL,NULL,NULL,NULL,'--- !ruby/hash:ActiveSupport::HashWithIndifferentAccess\nanschaffungskategorie: AV-Technik\nreference: invoice\numzug: zgeln\nankunftszustand: intakt\n','2016-02-25 06:53:20','2016-02-25 06:53:20'),(93,'inspiron1','inspiron1',23,1,93,1,NULL,NULL,'2015-11-12','2016-02-25',NULL,NULL,'956.00',0,0,1,0,1,1,NULL,NULL,NULL,NULL,NULL,'--- !ruby/hash:ActiveSupport::HashWithIndifferentAccess\nanschaffungskategorie: AV-Technik\nreference: invoice\numzug: zgeln\nankunftszustand: intakt\n','2016-02-25 06:53:20','2016-02-25 06:53:20'),(94,'A17',NULL,1,1,94,1,NULL,NULL,'2011-04-11','2016-02-25',NULL,NULL,'744.00',0,0,1,0,2,1,NULL,NULL,NULL,NULL,NULL,'--- !ruby/hash:ActiveSupport::HashWithIndifferentAccess\nanschaffungskategorie: AV-Technik\nreference: invoice\numzug: zgeln\nankunftszustand: intakt\n','2016-02-25 06:53:20','2016-02-25 06:53:20'),(95,'6xk4yrilx83xnwqpqkw051','0f:2e:16:ca:d9:51-9a:b5:7e:4f:4d:a2-e0:2a:6b:5c:2b:a5',76,NULL,NULL,1,NULL,NULL,NULL,NULL,NULL,NULL,NULL,0,0,0,0,1,0,NULL,NULL,NULL,NULL,NULL,'--- !ruby/hash:ActiveSupport::HashWithIndifferentAccess\nlicense_type: single_workplace\nactivation_type: serial_number\noperating_system:\n- windows\n- linux\ninstallation:\n- citrix\n- web\nprocured_by: Delegation 1\nreference: invoice\nmaintenance_contract: \'false\'\n','2016-02-25 06:53:20','2016-02-25 06:53:20'),(96,'eqxu0t1ah7qomeb6zwvn52','16:4e:3a:f7:c5:44-b5:bb:e1:96:a0:b9-9e:04:d2:60:5a:c5',77,NULL,NULL,1,NULL,NULL,NULL,NULL,NULL,NULL,NULL,0,0,0,0,1,0,NULL,NULL,NULL,NULL,NULL,'--- !ruby/hash:ActiveSupport::HashWithIndifferentAccess\nlicense_type: single_workplace\nactivation_type: serial_number\noperating_system:\n- windows\n- linux\ninstallation:\n- citrix\n- web\nprocured_by: Angela Tremblay\nreference: invoice\nmaintenance_contract: \'false\'\n','2016-02-25 06:53:20','2016-02-25 06:53:20'),(97,'A18','16:35:f2:04:94:30-d7:a0:22:1d:e5:b1-b8:fa:b1:2d:a1:db',78,NULL,NULL,1,NULL,NULL,NULL,NULL,NULL,NULL,NULL,0,0,1,0,2,0,NULL,NULL,NULL,NULL,NULL,'--- !ruby/hash:ActiveSupport::HashWithIndifferentAccess\nreference: invoice\nactivation_type: none\nlicense_type: free\nmaintenance_contract: \'false\'\n','2016-02-25 06:53:20','2016-02-25 06:53:20'),(98,'A23','9e:e3:b4:c8:d9:87-52:90:aa:99:e7:dc-03:4d:63:c1:a5:f5',79,NULL,NULL,1,NULL,NULL,NULL,NULL,'2016-02-25','Rerum eveniet ullam tempora dolor.',NULL,0,0,1,0,1,0,NULL,NULL,NULL,NULL,NULL,'--- !ruby/hash:ActiveSupport::HashWithIndifferentAccess\nreference: invoice\nactivation_type: none\nlicense_type: free\nmaintenance_contract: \'false\'\n','2016-02-25 06:53:20','2016-02-25 06:53:20'),(99,'IT28','6e:60:cb:11:0a:ef-26:25:8b:cb:93:5b-1a:ac:ea:6a:d4:f3',80,NULL,NULL,2,NULL,NULL,NULL,NULL,'2016-02-25','Quidem aut eius similique nesciunt ratione.',NULL,0,0,0,0,1,0,NULL,NULL,NULL,NULL,NULL,'--- !ruby/hash:ActiveSupport::HashWithIndifferentAccess\nreference: invoice\nactivation_type: none\nlicense_type: free\nmaintenance_contract: \'false\'\n','2016-02-25 06:53:20','2016-02-25 06:53:20'),(100,'IT30','4d:c0:86:a3:54:ac-d2:95:3b:da:89:2a-f8:48:32:f0:3c:e7',81,NULL,NULL,2,NULL,NULL,NULL,NULL,NULL,NULL,NULL,0,0,1,0,2,0,NULL,NULL,NULL,NULL,NULL,'--- !ruby/hash:ActiveSupport::HashWithIndifferentAccess\nreference: invoice\nactivation_type: none\nlicense_type: free\nmaintenance_contract: \'false\'\n','2016-02-25 06:53:20','2016-02-25 06:53:20'),(101,'A31','ca:09:53:a3:ef:d8-77:98:ed:c6:5e:14-a3:a0:90:d7:a0:c9',82,NULL,NULL,1,NULL,NULL,'2016-02-25',NULL,NULL,NULL,NULL,0,0,1,0,1,0,NULL,NULL,NULL,NULL,NULL,'--- !ruby/hash:ActiveSupport::HashWithIndifferentAccess\nlicense_expiration: \'2016-02-25\'\nmaintenance_contract: \'true\'\nmaintenance_expiration: \'2016-02-25\'\nreference: invoice\nactivation_type: none\nlicense_type: free\n','2016-02-25 06:53:20','2016-02-25 06:53:20'),(102,'acrobat123','cc:36:ab:91:f5:f6-45:10:a8:95:7e:a0-60:57:85:df:4b:9f',74,NULL,NULL,1,NULL,NULL,NULL,NULL,NULL,NULL,NULL,0,0,1,0,1,0,NULL,NULL,NULL,NULL,NULL,'--- !ruby/hash:ActiveSupport::HashWithIndifferentAccess\nreference: invoice\nactivation_type: none\nlicense_type: free\nmaintenance_contract: \'false\'\nquantity_allocations:\n- :room: ratione\n  :quantity: \'27\'\n- :room: id\n  :quantity: \'6\'\n','2016-02-25 06:53:20','2016-02-25 06:53:20'),(103,'msword123','e4:33:cc:85:c5:93-b5:78:59:e4:45:fd-2c:21:34:98:aa:4c',83,NULL,NULL,1,NULL,NULL,NULL,NULL,NULL,NULL,NULL,0,0,0,0,1,0,NULL,NULL,NULL,NULL,NULL,'--- !ruby/hash:ActiveSupport::HashWithIndifferentAccess\nlicense_type: multiple_workplace\noperating_system:\n- windows\n- linux\nreference: invoice\nactivation_type: none\nmaintenance_contract: \'false\'\nquantity_allocations:\n- :room: quisquam\n  :quantity: \'32\'\n- :room: qui\n  :quantity: \'16\'\n','2016-02-25 06:53:20','2016-02-25 06:53:20'),(104,'lic111','71:29:eb:c4:88:a7-65:9c:d1:49:59:f3-c9:ee:f6:00:28:5a',84,NULL,NULL,1,NULL,NULL,NULL,NULL,NULL,NULL,NULL,0,0,1,0,2,0,NULL,NULL,NULL,NULL,NULL,'--- !ruby/hash:ActiveSupport::HashWithIndifferentAccess\nlicense_type: multiple_workplace\noperating_system:\n- windows\nreference: invoice\nactivation_type: none\nmaintenance_contract: \'false\'\n','2016-02-25 06:53:20','2016-02-25 06:53:20'),(105,'A41','30:f1:27:3a:69:a9-34:62:bc:9b:af:17-3e:c3:24:0b:4c:bd',85,NULL,NULL,1,NULL,NULL,NULL,NULL,NULL,NULL,NULL,0,0,1,0,1,0,NULL,NULL,NULL,NULL,NULL,'--- !ruby/hash:ActiveSupport::HashWithIndifferentAccess\nlicense_type: multiple_workplace\noperating_system:\n- mac_os_x\nreference: invoice\nactivation_type: none\nmaintenance_contract: \'false\'\n','2016-02-25 06:53:20','2016-02-25 06:53:20'),(106,'44ndncql4huixefx1gjy53','8b:53:37:4d:43:2a-84:4d:0e:5b:be:cd-89:da:bd:ca:28:2a',86,3,95,1,NULL,NULL,'2014-06-19','2016-02-25',NULL,NULL,'648.00',0,0,1,0,1,1,NULL,NULL,NULL,NULL,NULL,'--- !ruby/hash:ActiveSupport::HashWithIndifferentAccess\nanschaffungskategorie: AV-Technik\nreference: invoice\numzug: zgeln\nankunftszustand: intakt\n','2016-02-25 06:53:20','2016-02-25 06:53:20'),(107,'0j7wem4l8k7o4ebqu4z754','9c:28:b8:40:47:8a-b8:5f:f5:81:3b:91-11:9a:a9:a9:4e:a2',88,3,96,1,106,NULL,'2013-08-18','2016-02-25',NULL,NULL,'132.00',0,0,1,0,1,1,NULL,NULL,NULL,NULL,NULL,'--- !ruby/hash:ActiveSupport::HashWithIndifferentAccess\nanschaffungskategorie: AV-Technik\nreference: invoice\numzug: zgeln\nankunftszustand: intakt\n','2016-02-25 06:53:20','2016-02-25 06:53:20'),(108,'7in9sa5o78q5qwjs16bh55','35:14:ac:96:47:77-10:c8:62:e6:d4:30-90:55:b8:14:a7:f6',89,3,97,1,106,NULL,'2014-10-14','2016-02-25',NULL,NULL,'1378.00',0,0,1,0,1,1,NULL,NULL,NULL,NULL,NULL,'--- !ruby/hash:ActiveSupport::HashWithIndifferentAccess\nanschaffungskategorie: AV-Technik\nreference: invoice\numzug: zgeln\nankunftszustand: intakt\n','2016-02-25 06:53:20','2016-02-25 06:53:20'),(109,'34mpevkp88jeourubhef56','64:e4:c6:cd:14:71-a9:95:4c:e7:0d:f2-53:bf:90:d5:0c:33',90,3,98,1,106,NULL,'2011-08-20','2016-02-25',NULL,NULL,'934.00',0,0,1,0,1,1,NULL,NULL,NULL,NULL,NULL,'--- !ruby/hash:ActiveSupport::HashWithIndifferentAccess\nanschaffungskategorie: AV-Technik\nreference: invoice\numzug: zgeln\nankunftszustand: intakt\n','2016-02-25 06:53:20','2016-02-25 06:53:20'),(110,'m3zox2fmrj9g673kipxd57','30:2c:7e:a2:21:5c-8b:6b:48:2b:58:a0-d5:ef:1f:c3:f3:f8',86,7,99,1,NULL,NULL,'2012-10-17','2016-02-25',NULL,NULL,'1402.00',0,0,1,0,1,1,NULL,NULL,NULL,NULL,NULL,'--- !ruby/hash:ActiveSupport::HashWithIndifferentAccess\nanschaffungskategorie: AV-Technik\nreference: invoice\numzug: zgeln\nankunftszustand: intakt\n','2016-02-25 06:53:20','2016-02-25 06:53:20'),(111,'6uw5a280sy8og229tvf358','1b:e2:ed:18:14:e9-e8:9c:58:84:8e:08-3f:c2:e4:a9:21:95',92,7,100,1,110,NULL,'2012-02-14','2016-02-25',NULL,NULL,'1434.00',0,0,1,0,1,1,NULL,NULL,NULL,NULL,NULL,'--- !ruby/hash:ActiveSupport::HashWithIndifferentAccess\nanschaffungskategorie: AV-Technik\nreference: invoice\numzug: zgeln\nankunftszustand: intakt\n','2016-02-25 06:53:20','2016-02-25 06:53:20'),(112,'apl53p50lbtxuz3pmkyc59','32:b6:b0:28:b1:a9-7a:9e:9b:50:38:0c-5f:d0:62:b1:54:b7',93,7,101,1,110,NULL,'2015-01-07','2016-02-25',NULL,NULL,'1061.00',0,0,1,0,1,1,NULL,NULL,NULL,NULL,NULL,'--- !ruby/hash:ActiveSupport::HashWithIndifferentAccess\nanschaffungskategorie: AV-Technik\nreference: invoice\numzug: zgeln\nankunftszustand: intakt\n','2016-02-25 06:53:20','2016-02-25 06:53:20'),(113,'dmww8vx2jz6c73p5p0l560','3b:33:a1:5d:10:1d-b9:cf:c1:1d:16:ad-29:ef:05:ed:80:7a',94,7,102,1,110,NULL,'2014-08-23','2016-02-25',NULL,NULL,'1035.00',0,0,1,0,1,1,NULL,NULL,NULL,NULL,NULL,'--- !ruby/hash:ActiveSupport::HashWithIndifferentAccess\nanschaffungskategorie: AV-Technik\nreference: invoice\numzug: zgeln\nankunftszustand: intakt\n','2016-02-25 06:53:20','2016-02-25 06:53:20'),(114,'mm9qd4m1yisolvmjl3so61','ed:42:8c:bd:29:58-e5:21:27:0d:b8:4b-2f:30:60:6a:13:50',86,11,103,1,NULL,NULL,'2012-07-30','2016-02-25',NULL,NULL,'940.00',0,0,1,0,1,1,NULL,NULL,NULL,NULL,NULL,'--- !ruby/hash:ActiveSupport::HashWithIndifferentAccess\nanschaffungskategorie: AV-Technik\nreference: invoice\numzug: zgeln\nankunftszustand: intakt\n','2016-02-25 06:53:20','2016-02-25 06:53:20'),(115,'ghfkvy17osx36giyvutj62','ae:f4:4e:c3:6f:3f-3c:5f:24:ee:46:18-32:73:cd:c2:90:90',96,11,104,1,114,NULL,'2011-11-15','2016-02-25',NULL,NULL,'1267.00',0,0,1,0,1,1,NULL,NULL,NULL,NULL,NULL,'--- !ruby/hash:ActiveSupport::HashWithIndifferentAccess\nanschaffungskategorie: AV-Technik\nreference: invoice\numzug: zgeln\nankunftszustand: intakt\n','2016-02-25 06:53:20','2016-02-25 06:53:20'),(116,'ys8gqolguqbrxv34eqqg63','49:13:1a:e7:88:22-4a:df:1d:3f:80:d8-7a:0e:bd:83:32:ba',97,11,105,1,114,NULL,'2011-03-10','2016-02-25',NULL,NULL,'261.00',0,0,1,0,1,1,NULL,NULL,NULL,NULL,NULL,'--- !ruby/hash:ActiveSupport::HashWithIndifferentAccess\nanschaffungskategorie: AV-Technik\nreference: invoice\numzug: zgeln\nankunftszustand: intakt\n','2016-02-25 06:53:20','2016-02-25 06:53:20'),(117,'u7w7z6lgxd4fizdvy4bw64','d3:92:b3:77:25:e8-25:c6:18:8b:7a:f3-e2:18:a4:24:e2:96',98,11,106,1,114,NULL,'2015-11-27','2016-02-25',NULL,NULL,'426.00',0,0,1,0,1,1,NULL,NULL,NULL,NULL,NULL,'--- !ruby/hash:ActiveSupport::HashWithIndifferentAccess\nanschaffungskategorie: AV-Technik\nreference: invoice\numzug: zgeln\nankunftszustand: intakt\n','2016-02-25 06:53:20','2016-02-25 06:53:20'),(118,'56tuw5cc87pnqhsdfxkn65','a5:4b:b6:25:cb:df-d0:f1:66:ee:f3:aa-0d:2f:25:43:6e:9e',86,15,107,2,NULL,NULL,'2013-12-25','2016-02-25',NULL,NULL,'204.00',0,0,1,0,2,1,NULL,NULL,NULL,NULL,NULL,'--- !ruby/hash:ActiveSupport::HashWithIndifferentAccess\nanschaffungskategorie: AV-Technik\nreference: invoice\numzug: zgeln\nankunftszustand: intakt\n','2016-02-25 06:53:20','2016-02-25 06:53:20'),(119,'7556cs42j1gdkxuw294866','68:5d:5b:5e:20:15-7f:dd:2a:0f:10:16-af:3a:88:66:6f:13',100,15,108,2,118,NULL,'2013-05-28','2016-02-25',NULL,NULL,'890.00',0,0,1,0,2,1,NULL,NULL,NULL,NULL,NULL,'--- !ruby/hash:ActiveSupport::HashWithIndifferentAccess\nanschaffungskategorie: AV-Technik\nreference: invoice\numzug: zgeln\nankunftszustand: intakt\n','2016-02-25 06:53:20','2016-02-25 06:53:20'),(120,'zvmfqk5bmm5e8m3kn7ch67','f1:5c:a9:1b:14:d9-67:66:e5:aa:70:2a-67:a7:a1:91:4b:a6',101,15,109,2,118,NULL,'2015-12-07','2016-02-25',NULL,NULL,'788.00',0,0,1,0,2,1,NULL,NULL,NULL,NULL,NULL,'--- !ruby/hash:ActiveSupport::HashWithIndifferentAccess\nanschaffungskategorie: AV-Technik\nreference: invoice\numzug: zgeln\nankunftszustand: intakt\n','2016-02-25 06:53:20','2016-02-25 06:53:20'),(121,'bjsli6scmbj7qjshiqma68','e3:99:d1:6c:9e:18-82:b9:13:e3:5b:c4-40:ed:b0:be:b9:d9',102,15,110,2,118,NULL,'2011-10-08','2016-02-25',NULL,NULL,'914.00',0,0,1,0,2,1,NULL,NULL,NULL,NULL,NULL,'--- !ruby/hash:ActiveSupport::HashWithIndifferentAccess\nanschaffungskategorie: AV-Technik\nreference: invoice\numzug: zgeln\nankunftszustand: intakt\n','2016-02-25 06:53:20','2016-02-25 06:53:20'),(122,'fgo14961ggsvada8bl8q69','06:a3:2c:05:38:53-f2:a4:e5:28:b9:8e-18:a3:2b:ea:e0:83',103,19,111,1,NULL,NULL,'2011-03-19','2016-02-25',NULL,NULL,'516.00',0,0,1,0,1,1,NULL,NULL,NULL,NULL,NULL,'--- !ruby/hash:ActiveSupport::HashWithIndifferentAccess\nanschaffungskategorie: AV-Technik\nreference: invoice\numzug: zgeln\nankunftszustand: intakt\n','2016-02-25 06:53:20','2016-02-25 06:53:20'),(123,'7mze1ek047cgbtqcen0070','93:67:f5:27:26:ea-6a:a6:1c:22:c9:8b-04:22:9b:0a:bc:59',105,19,112,1,122,NULL,'2015-02-13','2016-02-25',NULL,NULL,'190.00',0,0,1,0,1,1,NULL,NULL,NULL,NULL,NULL,'--- !ruby/hash:ActiveSupport::HashWithIndifferentAccess\nanschaffungskategorie: AV-Technik\nreference: invoice\numzug: zgeln\nankunftszustand: intakt\n','2016-02-25 06:53:20','2016-02-25 06:53:20'),(124,'uzezmh7w0gn75d17hrp271','d5:cd:12:7a:7b:d8-97:90:b5:5d:1c:86-1c:28:8b:48:15:00',106,19,113,1,122,NULL,'2013-11-16','2016-02-25',NULL,NULL,'1433.00',0,0,1,0,1,1,NULL,NULL,NULL,NULL,NULL,'--- !ruby/hash:ActiveSupport::HashWithIndifferentAccess\nanschaffungskategorie: AV-Technik\nreference: invoice\numzug: zgeln\nankunftszustand: intakt\n','2016-02-25 06:53:20','2016-02-25 06:53:20'),(125,'t12k4tb75d97ol5q5p6472','8b:fa:89:46:8c:b2-be:2f:94:50:4b:99-b7:dc:56:35:42:24',107,19,114,1,122,NULL,'2011-04-26','2016-02-25',NULL,NULL,'1129.00',0,0,1,0,1,1,NULL,NULL,NULL,NULL,NULL,'--- !ruby/hash:ActiveSupport::HashWithIndifferentAccess\nanschaffungskategorie: AV-Technik\nreference: invoice\numzug: zgeln\nankunftszustand: intakt\n','2016-02-25 06:53:20','2016-02-25 06:53:20'),(126,'eg67by0tgztu1h4l9zne73','39:ac:9e:a7:b8:73-33:29:0d:f9:e8:6e-dd:d7:d4:27:0f:d2',103,23,115,1,NULL,NULL,'2015-12-24','2016-02-25',NULL,NULL,'799.00',0,0,1,0,1,1,NULL,NULL,NULL,NULL,NULL,'--- !ruby/hash:ActiveSupport::HashWithIndifferentAccess\nanschaffungskategorie: AV-Technik\nreference: invoice\numzug: zgeln\nankunftszustand: intakt\n','2016-02-25 06:53:20','2016-02-25 06:53:20'),(127,'bxfqj4mknl42o30lgyzb74','0d:14:7e:bf:ef:bb-d0:6a:f0:c1:f7:f5-98:b2:c2:0b:0e:03',109,23,116,1,126,NULL,'2014-08-14','2016-02-25',NULL,NULL,'1447.00',0,0,1,0,1,1,NULL,NULL,NULL,NULL,NULL,'--- !ruby/hash:ActiveSupport::HashWithIndifferentAccess\nanschaffungskategorie: AV-Technik\nreference: invoice\numzug: zgeln\nankunftszustand: intakt\n','2016-02-25 06:53:20','2016-02-25 06:53:20'),(128,'8ep45beyx7k0xue36dyi75','1a:a8:ab:7d:5a:02-27:dd:06:89:bf:14-b0:b2:61:ab:aa:94',110,23,117,1,126,NULL,'2015-05-24','2016-02-25',NULL,NULL,'259.00',0,0,1,0,1,1,NULL,NULL,NULL,NULL,NULL,'--- !ruby/hash:ActiveSupport::HashWithIndifferentAccess\nanschaffungskategorie: AV-Technik\nreference: invoice\numzug: zgeln\nankunftszustand: intakt\n','2016-02-25 06:53:20','2016-02-25 06:53:20'),(129,'ik8viulpuhmzx9jdygux76','64:90:f4:82:f7:c8-e4:c9:73:63:b4:eb-bd:9a:7a:a7:45:6e',111,23,118,1,126,NULL,'2015-12-04','2016-02-25',NULL,NULL,'18.00',0,0,1,0,1,1,NULL,NULL,NULL,NULL,NULL,'--- !ruby/hash:ActiveSupport::HashWithIndifferentAccess\nanschaffungskategorie: AV-Technik\nreference: invoice\numzug: zgeln\nankunftszustand: intakt\n','2016-02-25 06:53:20','2016-02-25 06:53:20'),(130,'e4wrxfhdrabc1ih6vk6e77','ad:1f:0d:90:6e:ae-71:b0:98:08:e1:e2-85:4b:f1:6a:c6:5d',103,27,119,1,NULL,NULL,'2013-04-15','2016-02-25',NULL,NULL,'512.00',0,0,1,0,1,1,NULL,NULL,NULL,NULL,NULL,'--- !ruby/hash:ActiveSupport::HashWithIndifferentAccess\nanschaffungskategorie: AV-Technik\nreference: invoice\numzug: zgeln\nankunftszustand: intakt\n','2016-02-25 06:53:20','2016-02-25 06:53:20'),(131,'q5ai19sje969yftksvgo78','a6:8b:3b:c6:6b:73-39:a4:8e:85:53:3a-3f:69:72:cb:83:0a',113,27,120,1,130,NULL,'2012-12-25','2016-02-25',NULL,NULL,'1268.00',0,0,1,0,1,1,NULL,NULL,NULL,NULL,NULL,'--- !ruby/hash:ActiveSupport::HashWithIndifferentAccess\nanschaffungskategorie: AV-Technik\nreference: invoice\numzug: zgeln\nankunftszustand: intakt\n','2016-02-25 06:53:20','2016-02-25 06:53:20'),(132,'mh3gz0m5lz8sajcku0tp79','b2:21:3d:75:ac:91-95:84:f3:a8:90:a6-d5:9f:e7:b3:06:6a',114,27,121,1,130,NULL,'2013-07-26','2016-02-25',NULL,NULL,'605.00',0,0,1,0,1,1,NULL,NULL,NULL,NULL,NULL,'--- !ruby/hash:ActiveSupport::HashWithIndifferentAccess\nanschaffungskategorie: AV-Technik\nreference: invoice\numzug: zgeln\nankunftszustand: intakt\n','2016-02-25 06:53:20','2016-02-25 06:53:20'),(133,'rkdh7ak7h4wlqfyssjvx80','03:49:30:7a:97:58-93:50:7f:71:01:d5-9c:cd:fd:9f:3e:52',115,27,122,1,130,NULL,'2015-04-20','2016-02-25',NULL,NULL,'242.00',0,0,1,0,1,1,NULL,NULL,NULL,NULL,NULL,'--- !ruby/hash:ActiveSupport::HashWithIndifferentAccess\nanschaffungskategorie: AV-Technik\nreference: invoice\numzug: zgeln\nankunftszustand: intakt\n','2016-02-25 06:53:20','2016-02-25 06:53:20'),(134,'zg9d0o775puskxwqrvnb81','ab:2e:85:88:ca:d3-9f:fd:8e:bd:8d:eb-34:4b:6a:53:c4:3c',116,31,123,5,NULL,NULL,'2013-01-13','2016-02-25',NULL,NULL,'896.00',0,0,1,0,7,1,NULL,NULL,NULL,NULL,NULL,'--- !ruby/hash:ActiveSupport::HashWithIndifferentAccess\nanschaffungskategorie: AV-Technik\nreference: invoice\numzug: zgeln\nankunftszustand: intakt\n','2016-02-25 06:53:20','2016-02-25 06:53:20'),(135,'1fcg8wcivdw5hjqf1p4i82','37:f9:0d:84:27:be-a4:11:bf:e8:79:29-03:94:a8:af:85:2e',116,32,124,8,NULL,NULL,'2015-10-17','2016-02-25',NULL,NULL,'816.00',0,0,1,0,7,1,NULL,NULL,NULL,NULL,NULL,'--- !ruby/hash:ActiveSupport::HashWithIndifferentAccess\nanschaffungskategorie: AV-Technik\nreference: invoice\numzug: zgeln\nankunftszustand: intakt\n','2016-02-25 06:53:20','2016-02-25 06:53:20'),(136,'v1e7p4vn8v60ch2ktnft83','72:40:e1:0b:3d:a7-31:71:db:31:d1:f2-66:59:ca:ab:73:3c',116,33,125,8,NULL,NULL,'2011-12-20','2016-02-25',NULL,NULL,'1290.00',0,0,1,0,7,1,NULL,NULL,NULL,NULL,NULL,'--- !ruby/hash:ActiveSupport::HashWithIndifferentAccess\nanschaffungskategorie: AV-Technik\nreference: invoice\numzug: zgeln\nankunftszustand: intakt\n','2016-02-25 06:53:20','2016-02-25 06:53:20'),(137,'yiga9is6gd0ish0f37h484','f6:43:85:c8:06:c5-f1:08:fa:fc:28:cc-d0:04:34:76:c9:8e',120,34,126,7,NULL,NULL,'2011-06-07','2016-02-25',NULL,NULL,'1063.00',0,0,1,0,7,1,NULL,NULL,NULL,NULL,NULL,'--- !ruby/hash:ActiveSupport::HashWithIndifferentAccess\nanschaffungskategorie: AV-Technik\nreference: invoice\numzug: zgeln\nankunftszustand: intakt\n','2016-02-25 06:53:20','2016-02-25 06:53:20'),(138,'4szipwwitoc5oczwwr0y85','e3:6e:5c:67:19:22-41:45:de:85:b7:03-85:a5:a7:23:ee:31',120,35,127,5,NULL,NULL,'2014-12-18','2016-02-25',NULL,NULL,'536.00',0,0,1,0,7,1,NULL,NULL,NULL,NULL,NULL,'--- !ruby/hash:ActiveSupport::HashWithIndifferentAccess\nanschaffungskategorie: AV-Technik\nreference: invoice\numzug: zgeln\nankunftszustand: intakt\n','2016-02-25 06:53:20','2016-02-25 06:53:20'),(139,'r11mk6bzjdp4s9tjnvmz86','ab:bb:5b:c1:35:bc-eb:65:3a:c0:60:62-ac:4a:fd:f2:0a:8c',120,36,128,6,NULL,NULL,'2011-02-21','2016-02-25',NULL,NULL,'598.00',0,0,1,0,7,1,NULL,NULL,NULL,NULL,NULL,'--- !ruby/hash:ActiveSupport::HashWithIndifferentAccess\nanschaffungskategorie: AV-Technik\nreference: invoice\numzug: zgeln\nankunftszustand: intakt\n','2016-02-25 06:53:20','2016-02-25 06:53:20'),(140,'1zjy60v5ks64v4iu6hyb87','7a:d6:63:b1:10:31-c1:66:2b:7c:7f:9e-65:cf:4e:63:1f:6e',124,37,129,3,NULL,NULL,'2011-05-12','2016-02-25',NULL,NULL,'99.00',0,0,1,0,7,1,NULL,NULL,NULL,NULL,NULL,'--- !ruby/hash:ActiveSupport::HashWithIndifferentAccess\nanschaffungskategorie: AV-Technik\nreference: invoice\numzug: zgeln\nankunftszustand: intakt\n','2016-02-25 06:53:20','2016-02-25 06:53:20'),(141,'tz343gno6184n7hblyib88','7c:7a:8b:bf:d4:3e-4c:d0:b6:4b:f4:a0-66:51:98:a6:eb:2a',124,38,130,3,NULL,NULL,'2014-12-23','2016-02-25',NULL,NULL,'257.00',0,0,1,0,7,1,NULL,NULL,NULL,NULL,NULL,'--- !ruby/hash:ActiveSupport::HashWithIndifferentAccess\nanschaffungskategorie: AV-Technik\nreference: invoice\numzug: zgeln\nankunftszustand: intakt\n','2016-02-25 06:53:20','2016-02-25 06:53:20'),(142,'00ekgkjsswex57xmpp7989','25:cc:ec:fa:26:81-28:ba:70:3d:24:4a-e9:f9:e8:eb:b5:9f',124,39,131,9,NULL,NULL,'2015-01-16','2016-02-25',NULL,NULL,'539.00',0,0,1,0,7,1,NULL,NULL,NULL,NULL,NULL,'--- !ruby/hash:ActiveSupport::HashWithIndifferentAccess\nanschaffungskategorie: AV-Technik\nreference: invoice\numzug: zgeln\nankunftszustand: intakt\n','2016-02-25 06:53:20','2016-02-25 06:53:20'),(143,'2v7ypznrladkm8r40vx490','08:f8:fb:a9:e2:15-8b:ae:e7:9a:92:4e-91:d9:44:79:66:41',128,40,132,10,NULL,NULL,'2015-07-07','2016-02-25',NULL,NULL,'1418.00',0,0,1,0,3,1,NULL,NULL,NULL,NULL,NULL,'--- !ruby/hash:ActiveSupport::HashWithIndifferentAccess\nanschaffungskategorie: AV-Technik\nreference: invoice\numzug: zgeln\nankunftszustand: intakt\n','2016-02-25 06:53:20','2016-02-25 06:53:20'),(144,'xvdj5r4dtvhwtmv6nwru91','3c:9c:62:ce:6e:93-07:26:00:94:f0:eb-42:56:bf:ba:fd:8f',128,41,133,5,NULL,NULL,'2013-03-31','2016-02-25',NULL,NULL,'673.00',0,0,1,0,3,1,NULL,NULL,NULL,NULL,NULL,'--- !ruby/hash:ActiveSupport::HashWithIndifferentAccess\nanschaffungskategorie: AV-Technik\nreference: invoice\numzug: zgeln\nankunftszustand: intakt\n','2016-02-25 06:53:20','2016-02-25 06:53:20'),(145,'w6jpiycpwpnfv5u5wh0t92','3f:f8:f4:74:7f:a9-71:4e:03:20:1d:42-76:04:95:a7:8e:2a',128,42,134,6,NULL,NULL,'2014-10-07','2016-02-25',NULL,NULL,'361.00',0,0,1,0,3,1,NULL,NULL,NULL,NULL,NULL,'--- !ruby/hash:ActiveSupport::HashWithIndifferentAccess\nanschaffungskategorie: AV-Technik\nreference: invoice\numzug: zgeln\nankunftszustand: intakt\n','2016-02-25 06:53:20','2016-02-25 06:53:20'),(146,'y5j4h72rhrvggoqa2nlk93','a0:c2:97:b3:8d:a5-78:ca:8a:30:85:4c-7a:c8:39:3a:bf:fa',132,43,135,10,NULL,NULL,'2013-12-05','2016-02-25',NULL,NULL,'159.00',0,0,1,0,3,1,NULL,NULL,NULL,NULL,NULL,'--- !ruby/hash:ActiveSupport::HashWithIndifferentAccess\nanschaffungskategorie: AV-Technik\nreference: invoice\numzug: zgeln\nankunftszustand: intakt\n','2016-02-25 06:53:20','2016-02-25 06:53:20'),(147,'l87fge8bfnrj0npr0ybv94','33:4d:28:69:cd:fb-ad:3e:52:c7:26:36-cb:0c:56:28:7e:95',132,44,136,8,NULL,NULL,'2012-09-20','2016-02-25',NULL,NULL,'786.00',0,0,1,0,3,1,NULL,NULL,NULL,NULL,NULL,'--- !ruby/hash:ActiveSupport::HashWithIndifferentAccess\nanschaffungskategorie: AV-Technik\nreference: invoice\numzug: zgeln\nankunftszustand: intakt\n','2016-02-25 06:53:20','2016-02-25 06:53:20'),(148,'bbp3p6oso7zpsqoj9h8695','b4:c2:e8:88:f7:f1-ee:ba:c4:b6:2b:18-b9:09:47:a8:69:d1',132,45,137,6,NULL,NULL,'2011-09-15','2016-02-25',NULL,NULL,'49.00',0,0,1,0,3,1,NULL,NULL,NULL,NULL,NULL,'--- !ruby/hash:ActiveSupport::HashWithIndifferentAccess\nanschaffungskategorie: AV-Technik\nreference: invoice\numzug: zgeln\nankunftszustand: intakt\n','2016-02-25 06:53:20','2016-02-25 06:53:20'),(149,'6854brszjdlp6msxa8d896','7b:46:56:38:36:8f-aa:37:ac:79:fa:fb-b3:60:26:27:a3:b7',136,46,138,5,NULL,NULL,'2015-07-25','2016-02-25',NULL,NULL,'634.00',0,0,1,0,3,1,NULL,NULL,NULL,NULL,NULL,'--- !ruby/hash:ActiveSupport::HashWithIndifferentAccess\nanschaffungskategorie: AV-Technik\nreference: invoice\numzug: zgeln\nankunftszustand: intakt\n','2016-02-25 06:53:20','2016-02-25 06:53:20'),(150,'el5u11t5upwtfvm57wdy97','3d:85:59:7d:a3:5a-aa:d0:91:00:20:6a-35:f3:1f:7b:b9:d2',136,47,139,6,NULL,NULL,'2014-11-15','2016-02-25',NULL,NULL,'459.00',0,0,1,0,3,1,NULL,NULL,NULL,NULL,NULL,'--- !ruby/hash:ActiveSupport::HashWithIndifferentAccess\nanschaffungskategorie: AV-Technik\nreference: invoice\numzug: zgeln\nankunftszustand: intakt\n','2016-02-25 06:53:20','2016-02-25 06:53:20'),(151,'csb8mutak7gy4avfrike98','6f:0a:8b:b0:ff:ac-d6:f5:7a:c2:71:a9-30:a8:f6:2a:8e:e6',136,48,140,7,NULL,NULL,'2015-10-12','2016-02-25',NULL,NULL,'338.00',0,0,1,0,3,1,NULL,NULL,NULL,NULL,NULL,'--- !ruby/hash:ActiveSupport::HashWithIndifferentAccess\nanschaffungskategorie: AV-Technik\nreference: invoice\numzug: zgeln\nankunftszustand: intakt\n','2016-02-25 06:53:20','2016-02-25 06:53:20'),(152,'akvsdo2fefgtny2aw5o199','e5:6d:08:64:d3:29-8c:a2:ae:11:a9:a6-ae:c6:6d:7d:3c:9b',140,49,141,5,NULL,NULL,'2012-04-08','2016-02-25',NULL,NULL,'812.00',0,0,1,0,3,1,NULL,NULL,NULL,NULL,NULL,'--- !ruby/hash:ActiveSupport::HashWithIndifferentAccess\nanschaffungskategorie: AV-Technik\nreference: invoice\numzug: zgeln\nankunftszustand: intakt\n','2016-02-25 06:53:20','2016-02-25 06:53:20'),(153,'l4y88ob6ebcd3v5wlqw7100','47:67:24:d4:0d:0c-00:3c:8c:a9:ec:42-0a:64:7f:39:27:55',140,50,142,10,NULL,NULL,'2014-04-22','2016-02-25',NULL,NULL,'22.00',0,0,1,0,3,1,NULL,NULL,NULL,NULL,NULL,'--- !ruby/hash:ActiveSupport::HashWithIndifferentAccess\nanschaffungskategorie: AV-Technik\nreference: invoice\numzug: zgeln\nankunftszustand: intakt\n','2016-02-25 06:53:20','2016-02-25 06:53:20'),(154,'ntdbtir1koq9fituydfj101','85:87:d1:9c:e4:e1-e2:2e:16:76:f8:ec-77:57:96:34:f6:6c',140,51,143,6,NULL,NULL,'2012-04-09','2016-02-25',NULL,NULL,'1477.00',0,0,1,0,3,1,NULL,NULL,NULL,NULL,NULL,'--- !ruby/hash:ActiveSupport::HashWithIndifferentAccess\nanschaffungskategorie: AV-Technik\nreference: invoice\numzug: zgeln\nankunftszustand: intakt\n','2016-02-25 06:53:20','2016-02-25 06:53:20'),(155,'nsisejzj6r8kmpk0fxop102','ce:ad:b2:7a:9a:3c-12:67:bb:d3:b4:07-4b:81:ee:a4:d9:0a',144,52,144,1,NULL,NULL,'2014-11-23','2016-02-25',NULL,NULL,'579.00',0,0,1,0,3,1,NULL,NULL,NULL,NULL,NULL,'--- !ruby/hash:ActiveSupport::HashWithIndifferentAccess\nanschaffungskategorie: AV-Technik\nreference: invoice\numzug: zgeln\nankunftszustand: intakt\n','2016-02-25 06:53:20','2016-02-25 06:53:20'),(156,'hx83yrwrz77tw4752849103','e5:21:83:09:04:a2-db:df:32:37:20:2d-db:68:7c:5b:00:10',144,53,145,7,NULL,NULL,'2013-01-02','2016-02-25',NULL,NULL,'61.00',0,0,1,0,3,1,NULL,NULL,NULL,NULL,NULL,'--- !ruby/hash:ActiveSupport::HashWithIndifferentAccess\nanschaffungskategorie: AV-Technik\nreference: invoice\numzug: zgeln\nankunftszustand: intakt\n','2016-02-25 06:53:20','2016-02-25 06:53:20'),(157,'kd0jtf3hqk201hkh7gb2104','0f:d1:48:11:2b:63-ee:23:8a:a3:77:a0-03:30:49:1b:ba:98',144,54,146,9,NULL,NULL,'2014-05-08','2016-02-25',NULL,NULL,'356.00',0,0,1,0,3,1,NULL,NULL,NULL,NULL,NULL,'--- !ruby/hash:ActiveSupport::HashWithIndifferentAccess\nanschaffungskategorie: AV-Technik\nreference: invoice\numzug: zgeln\nankunftszustand: intakt\n','2016-02-25 06:53:20','2016-02-25 06:53:20'),(158,'0vsiany3iuvktynp4yvu105','9a:ed:cc:46:46:ec-2b:ef:c1:8c:29:1e-67:62:0b:d7:11:e6',148,55,147,11,NULL,NULL,'2012-09-28','2016-02-25',NULL,NULL,'1038.00',0,0,1,0,3,1,NULL,NULL,NULL,NULL,NULL,'--- !ruby/hash:ActiveSupport::HashWithIndifferentAccess\nanschaffungskategorie: AV-Technik\nreference: invoice\numzug: zgeln\nankunftszustand: intakt\n','2016-02-25 06:53:20','2016-02-25 06:53:20'),(159,'9y1bglyfk0pe1ub7v4kg106','6b:78:43:4c:a1:95-92:e6:9c:1f:ba:8e-99:86:b0:4a:c5:4c',148,56,148,4,NULL,NULL,'2012-12-25','2016-02-25',NULL,NULL,'513.00',0,0,1,0,3,1,NULL,NULL,NULL,NULL,NULL,'--- !ruby/hash:ActiveSupport::HashWithIndifferentAccess\nanschaffungskategorie: AV-Technik\nreference: invoice\numzug: zgeln\nankunftszustand: intakt\n','2016-02-25 06:53:20','2016-02-25 06:53:20'),(160,'zrgbettc6rzw9bjy4nqj107','61:2a:ec:b8:cd:65-52:70:e8:5c:13:64-eb:ce:2d:7e:54:cf',148,57,149,4,NULL,NULL,'2014-03-25','2016-02-25',NULL,NULL,'492.00',0,0,1,0,3,1,NULL,NULL,NULL,NULL,NULL,'--- !ruby/hash:ActiveSupport::HashWithIndifferentAccess\nanschaffungskategorie: AV-Technik\nreference: invoice\numzug: zgeln\nankunftszustand: intakt\n','2016-02-25 06:53:20','2016-02-25 06:53:20'),(161,'fizs3k30ztu6leh3o2rh108','da:9f:0c:e6:1e:1f-0b:10:f5:ab:db:79-37:6e:bd:e1:ee:a5',152,58,150,6,NULL,NULL,'2013-05-19','2016-02-25',NULL,NULL,'1452.00',0,0,1,0,3,1,NULL,NULL,NULL,NULL,NULL,'--- !ruby/hash:ActiveSupport::HashWithIndifferentAccess\nanschaffungskategorie: AV-Technik\nreference: invoice\numzug: zgeln\nankunftszustand: intakt\n','2016-02-25 06:53:20','2016-02-25 06:53:20'),(162,'c4w2x19j3tpcpe0sk3fn109','ab:76:18:65:c5:86-97:98:df:13:45:ac-39:1f:b1:33:50:5b',152,59,151,4,NULL,NULL,'2014-08-14','2016-02-25',NULL,NULL,'899.00',0,0,1,0,3,1,NULL,NULL,NULL,NULL,NULL,'--- !ruby/hash:ActiveSupport::HashWithIndifferentAccess\nanschaffungskategorie: AV-Technik\nreference: invoice\numzug: zgeln\nankunftszustand: intakt\n','2016-02-25 06:53:20','2016-02-25 06:53:20'),(163,'ccp1wwwllbfk8zik0d7y110','01:5b:a7:fd:6d:d2-0b:e7:ab:de:b3:34-94:86:4a:60:7e:a8',152,60,152,6,NULL,NULL,'2015-12-16','2016-02-25',NULL,NULL,'471.00',0,0,1,0,3,1,NULL,NULL,NULL,NULL,NULL,'--- !ruby/hash:ActiveSupport::HashWithIndifferentAccess\nanschaffungskategorie: AV-Technik\nreference: invoice\numzug: zgeln\nankunftszustand: intakt\n','2016-02-25 06:53:20','2016-02-25 06:53:20'),(164,'g9jimp7798ajqpvfputy111','96:f5:7b:7b:c3:64-36:91:d9:6f:85:fe-37:03:57:43:92:8b',156,61,153,7,NULL,NULL,'2011-07-01','2016-02-25',NULL,NULL,'1118.00',0,0,1,0,3,1,NULL,NULL,NULL,NULL,NULL,'--- !ruby/hash:ActiveSupport::HashWithIndifferentAccess\nanschaffungskategorie: AV-Technik\nreference: invoice\numzug: zgeln\nankunftszustand: intakt\n','2016-02-25 06:53:20','2016-02-25 06:53:20'),(165,'19zmqkva3twz6nw8u57p112','c4:08:27:42:24:df-80:4f:d8:39:df:ba-e8:82:d2:25:97:b3',156,62,154,4,NULL,NULL,'2011-02-01','2016-02-25',NULL,NULL,'1045.00',0,0,1,0,3,1,NULL,NULL,NULL,NULL,NULL,'--- !ruby/hash:ActiveSupport::HashWithIndifferentAccess\nanschaffungskategorie: AV-Technik\nreference: invoice\numzug: zgeln\nankunftszustand: intakt\n','2016-02-25 06:53:20','2016-02-25 06:53:20'),(166,'lzt50ou6sgh2y2f4nt6x113','2c:84:77:3a:7c:e5-a6:31:bf:f2:c4:42-bc:5f:a2:85:7d:f6',156,63,155,7,NULL,NULL,'2015-12-15','2016-02-25',NULL,NULL,'290.00',0,0,1,0,3,1,NULL,NULL,NULL,NULL,NULL,'--- !ruby/hash:ActiveSupport::HashWithIndifferentAccess\nanschaffungskategorie: AV-Technik\nreference: invoice\numzug: zgeln\nankunftszustand: intakt\n','2016-02-25 06:53:20','2016-02-25 06:53:20'),(167,'pjfhr7ofectzfuf7u5uz114','4e:44:37:89:79:d6-72:27:67:0f:a8:23-13:ed:ae:82:26:a4',160,64,156,8,NULL,NULL,'2011-08-08','2016-02-19',NULL,NULL,'1136.00',0,0,1,0,1,1,NULL,NULL,NULL,NULL,NULL,'--- !ruby/hash:ActiveSupport::HashWithIndifferentAccess\nanschaffungskategorie: AV-Technik\nreference: invoice\numzug: zgeln\nankunftszustand: intakt\n','2016-02-19 06:53:20','2016-02-19 06:53:20'),(168,'r7x3983vbdrsxa4e5y5y115','ca:da:30:68:b7:3e-96:14:1f:84:3c:b0-91:52:e9:b1:b0:bb',161,65,157,9,NULL,NULL,'2012-08-12','2016-02-19',NULL,NULL,'668.00',0,0,1,0,1,1,NULL,NULL,NULL,NULL,NULL,'--- !ruby/hash:ActiveSupport::HashWithIndifferentAccess\nanschaffungskategorie: AV-Technik\nreference: invoice\numzug: zgeln\nankunftszustand: intakt\n','2016-02-19 06:53:20','2016-02-19 06:53:20'),(169,'54y5qksr9q2utir892r9116','84:92:56:10:dd:ef-aa:a8:36:9c:4d:3d-86:88:df:96:8b:69',162,66,158,11,NULL,NULL,'2011-11-01','2016-02-19',NULL,NULL,'341.00',0,0,1,0,1,1,NULL,NULL,NULL,NULL,NULL,'--- !ruby/hash:ActiveSupport::HashWithIndifferentAccess\nanschaffungskategorie: AV-Technik\nreference: invoice\numzug: zgeln\nankunftszustand: intakt\n','2016-02-19 06:53:20','2016-02-19 06:53:20'),(170,'e0lo96rgp1e6k4tl932v117','f0:41:58:39:04:d9-89:95:92:da:c7:a8-6b:7b:c7:3e:a5:ae',163,67,159,7,NULL,NULL,'2015-07-11','2016-02-19',NULL,NULL,'899.00',0,0,1,0,1,1,NULL,NULL,NULL,NULL,NULL,'--- !ruby/hash:ActiveSupport::HashWithIndifferentAccess\nanschaffungskategorie: AV-Technik\nreference: invoice\numzug: zgeln\nankunftszustand: intakt\n','2016-02-19 06:53:20','2016-02-19 06:53:20'),(171,'2dtrlp0u1nqjroltcfv5118','ef:98:50:b8:f7:1b-9c:18:7d:fc:45:cc-a4:ec:6a:f5:b7:20',164,68,160,3,NULL,NULL,'2012-01-22','2016-02-25',NULL,NULL,'1234.00',0,0,1,0,1,1,NULL,NULL,NULL,NULL,NULL,'--- !ruby/hash:ActiveSupport::HashWithIndifferentAccess\nanschaffungskategorie: AV-Technik\nreference: invoice\numzug: zgeln\nankunftszustand: intakt\n','2016-02-25 06:53:20','2016-02-25 06:53:20'),(172,'8g2i49x02k5zx7agwch8119','30:a1:2c:97:c0:24-b9:47:42:ff:c3:ec-2a:21:b0:8c:e8:6c',165,69,161,7,NULL,NULL,'2015-04-09','2016-02-25',NULL,NULL,'968.00',0,0,1,0,1,1,NULL,NULL,NULL,NULL,NULL,'--- !ruby/hash:ActiveSupport::HashWithIndifferentAccess\nanschaffungskategorie: AV-Technik\nreference: invoice\numzug: zgeln\nankunftszustand: intakt\n','2016-02-25 06:53:20','2016-02-25 06:53:20'),(173,'mhnorxv8wor40c6wh2od120','90:32:e5:9f:a0:e7-70:a4:95:f7:39:a9-6f:c4:64:af:55:ac',166,70,162,6,NULL,NULL,'2014-11-23','2016-02-25',NULL,NULL,'1120.00',0,0,1,0,1,1,NULL,NULL,NULL,NULL,NULL,'--- !ruby/hash:ActiveSupport::HashWithIndifferentAccess\nanschaffungskategorie: AV-Technik\nreference: invoice\numzug: zgeln\nankunftszustand: intakt\n','2016-02-25 06:53:20','2016-02-25 06:53:20'),(174,'osk3w2qi5md1r8mtetax121','e8:01:a1:91:81:3d-3c:11:0d:02:3c:26-8a:9c:c1:5e:9f:2f',167,71,163,2,NULL,NULL,'2015-02-16','2016-02-25',NULL,NULL,'1217.00',0,0,1,0,1,1,NULL,NULL,NULL,NULL,NULL,'--- !ruby/hash:ActiveSupport::HashWithIndifferentAccess\nanschaffungskategorie: AV-Technik\nreference: invoice\numzug: zgeln\nankunftszustand: intakt\n','2016-02-25 06:53:20','2016-02-25 06:53:20'),(175,'nos5a8cqhddif44zpu19122','34:18:71:73:6f:ee-08:fb:a6:98:a5:e0-f8:6c:68:15:0b:b7',168,72,164,7,NULL,NULL,'2015-02-04','2016-02-25',NULL,NULL,'77.00',0,0,1,0,1,1,NULL,NULL,NULL,NULL,NULL,'--- !ruby/hash:ActiveSupport::HashWithIndifferentAccess\nanschaffungskategorie: AV-Technik\nreference: invoice\numzug: zgeln\nankunftszustand: intakt\n','2016-02-25 06:53:20','2016-02-25 06:53:20'),(176,'0m517y9q6tp7wc2e0gti123','fe:bb:61:12:fa:71-d4:c9:6b:a1:ec:78-66:80:0b:b9:70:cc',169,73,165,2,NULL,NULL,'2013-08-29','2016-02-25',NULL,NULL,'1100.00',0,0,1,0,1,1,NULL,NULL,NULL,NULL,NULL,'--- !ruby/hash:ActiveSupport::HashWithIndifferentAccess\nanschaffungskategorie: AV-Technik\nreference: invoice\numzug: zgeln\nankunftszustand: intakt\n','2016-02-25 06:53:20','2016-02-25 06:53:20'),(177,'30zg6tphwoqc5qqshu5t124','66:68:9e:38:fa:02-ba:b2:35:1a:4c:66-67:6c:02:09:95:a5',170,74,166,2,NULL,NULL,'2013-11-03','2016-02-25',NULL,NULL,'741.00',0,0,1,0,1,1,NULL,NULL,NULL,NULL,NULL,'--- !ruby/hash:ActiveSupport::HashWithIndifferentAccess\nanschaffungskategorie: AV-Technik\nreference: invoice\numzug: zgeln\nankunftszustand: intakt\n','2016-02-25 06:53:20','2016-02-25 06:53:20'),(178,'epc4d8d3xv0my2hjwteb125','43:d4:34:4f:b0:f4-55:44:3a:2f:4d:d3-90:cc:9a:61:98:5a',171,75,167,7,NULL,NULL,'2012-12-31','2016-02-25',NULL,NULL,'900.00',0,0,1,0,1,1,NULL,NULL,NULL,NULL,NULL,'--- !ruby/hash:ActiveSupport::HashWithIndifferentAccess\nanschaffungskategorie: AV-Technik\nreference: invoice\numzug: zgeln\nankunftszustand: intakt\n','2016-02-25 06:53:20','2016-02-25 06:53:20'),(179,'vhuseatlfh1zna57m9s6126','d4:b3:e6:92:ef:35-3e:1a:61:1c:7d:03-13:83:f9:99:45:40',172,76,168,8,NULL,NULL,'2014-12-23','2016-02-25',NULL,NULL,'281.00',0,0,1,0,1,1,NULL,NULL,NULL,NULL,NULL,'--- !ruby/hash:ActiveSupport::HashWithIndifferentAccess\nanschaffungskategorie: AV-Technik\nreference: invoice\numzug: zgeln\nankunftszustand: intakt\n','2016-02-25 06:53:20','2016-02-25 06:53:20'),(180,'nkblygo132meqcrvdlgg127','a2:30:1c:1c:79:9c-66:bb:3a:fc:8c:be-ee:72:13:12:be:4b',173,77,169,3,NULL,NULL,'2015-11-16','2016-02-25',NULL,NULL,'783.00',0,0,1,0,1,1,NULL,NULL,NULL,NULL,NULL,'--- !ruby/hash:ActiveSupport::HashWithIndifferentAccess\nanschaffungskategorie: AV-Technik\nreference: invoice\numzug: zgeln\nankunftszustand: intakt\n','2016-02-25 06:53:20','2016-02-25 06:53:20'),(181,'lpbu96j93v40oqql56i7128','c7:0f:e4:df:6e:5d-bf:69:b3:7f:6f:76-a3:39:74:c0:38:fb',174,78,170,5,NULL,NULL,'2015-12-26','2016-02-25',NULL,NULL,'160.00',0,0,1,0,1,1,NULL,NULL,NULL,NULL,NULL,'--- !ruby/hash:ActiveSupport::HashWithIndifferentAccess\nanschaffungskategorie: AV-Technik\nreference: invoice\numzug: zgeln\nankunftszustand: intakt\n','2016-02-25 06:53:20','2016-02-25 06:53:20'),(182,'txqptbkze5uohuieb4h2129','23:90:df:38:e4:4f-ba:3c:12:d2:56:dd-5c:b6:ff:4e:3b:d8',175,79,171,4,NULL,NULL,'2014-10-11','2016-02-25',NULL,NULL,'166.00',0,0,1,0,1,1,NULL,NULL,NULL,NULL,NULL,'--- !ruby/hash:ActiveSupport::HashWithIndifferentAccess\nanschaffungskategorie: AV-Technik\nreference: invoice\numzug: zgeln\nankunftszustand: intakt\n','2016-02-25 06:53:20','2016-02-25 06:53:20'),(183,'e5sy7ur4apq44s4s963d130','fc:88:44:62:be:af-c1:c2:27:a0:30:2c-57:4f:63:13:a8:a4',176,80,172,10,NULL,NULL,'2012-12-31','2016-02-25',NULL,NULL,'1249.00',0,0,1,0,1,1,NULL,NULL,NULL,NULL,NULL,'--- !ruby/hash:ActiveSupport::HashWithIndifferentAccess\nanschaffungskategorie: AV-Technik\nreference: invoice\numzug: zgeln\nankunftszustand: intakt\n','2016-02-25 06:53:20','2016-02-25 06:53:20'),(184,'4v47ttpe4nj28bt3zd71131','ea:3e:37:5b:1f:82-ce:42:a1:8e:f8:d4-46:27:81:06:7b:5b',177,81,173,11,NULL,NULL,'2015-01-29','2016-02-25',NULL,NULL,'11.00',0,0,1,0,1,1,NULL,NULL,NULL,NULL,NULL,'--- !ruby/hash:ActiveSupport::HashWithIndifferentAccess\nanschaffungskategorie: AV-Technik\nreference: invoice\numzug: zgeln\nankunftszustand: intakt\n','2016-02-25 06:53:20','2016-02-25 06:53:20'),(185,'u9iq3uuq9m5jfhsq2tg2132','ea:19:38:32:a9:c5-31:8c:e4:2f:f5:a4-2d:b5:8f:65:83:65',178,82,174,4,NULL,NULL,'2013-09-24','2016-02-25',NULL,NULL,'1063.00',0,0,1,0,1,1,NULL,NULL,NULL,NULL,NULL,'--- !ruby/hash:ActiveSupport::HashWithIndifferentAccess\nanschaffungskategorie: AV-Technik\nreference: invoice\numzug: zgeln\nankunftszustand: intakt\n','2016-02-25 06:53:20','2016-02-25 06:53:20'),(186,'b5rlyyfge8znhbbgo84i133','28:7c:ee:1f:2d:3f-df:92:fe:7d:7b:8e-dc:94:27:d6:c1:9b',179,83,175,1,NULL,NULL,'2014-10-02','2016-02-25',NULL,NULL,'1441.00',0,0,1,0,1,1,NULL,NULL,NULL,NULL,NULL,'--- !ruby/hash:ActiveSupport::HashWithIndifferentAccess\nanschaffungskategorie: AV-Technik\nreference: invoice\numzug: zgeln\nankunftszustand: intakt\n','2016-02-25 06:53:20','2016-02-25 06:53:20'),(187,'sl7ar52ehlpbfjcefut1134','c5:93:7d:fb:ca:ec-8d:dc:0e:3b:13:a6-b4:b3:cc:0c:ea:0e',180,84,176,4,NULL,NULL,'2011-09-04','2016-02-24',NULL,NULL,'1214.00',0,0,1,0,1,1,NULL,NULL,NULL,NULL,NULL,'--- !ruby/hash:ActiveSupport::HashWithIndifferentAccess\nanschaffungskategorie: AV-Technik\nreference: invoice\numzug: zgeln\nankunftszustand: intakt\n','2016-02-24 06:53:20','2016-02-24 06:53:20'),(188,'zsz2gizeflxbio56bv9b135','76:5d:90:70:a9:a4-da:7b:07:b1:7b:e4-2c:8f:42:37:89:17',181,85,177,4,NULL,NULL,'2014-02-26','2016-02-24',NULL,NULL,'1074.00',0,0,1,0,1,1,NULL,NULL,NULL,NULL,NULL,'--- !ruby/hash:ActiveSupport::HashWithIndifferentAccess\nanschaffungskategorie: AV-Technik\nreference: invoice\numzug: zgeln\nankunftszustand: intakt\n','2016-02-24 06:53:20','2016-02-24 06:53:20'),(189,'v5yfuelyug6fq6oi4buy136','fb:e4:5c:09:ef:3e-25:dc:b2:40:86:4b-fb:a2:70:71:24:2e',182,86,178,5,NULL,NULL,'2011-07-08','2016-02-24',NULL,NULL,'474.00',0,0,1,0,1,1,NULL,NULL,NULL,NULL,NULL,'--- !ruby/hash:ActiveSupport::HashWithIndifferentAccess\nanschaffungskategorie: AV-Technik\nreference: invoice\numzug: zgeln\nankunftszustand: intakt\n','2016-02-24 06:53:20','2016-02-24 06:53:20'),(190,'nkh9m3rw74tbdusu4e2b137','48:9f:76:aa:0f:51-54:3b:2d:8d:96:9a-8b:63:0a:70:ac:6f',183,87,179,5,NULL,NULL,'2012-05-09','2016-02-24',NULL,NULL,'1310.00',0,0,1,0,1,1,NULL,NULL,NULL,NULL,NULL,'--- !ruby/hash:ActiveSupport::HashWithIndifferentAccess\nanschaffungskategorie: AV-Technik\nreference: invoice\numzug: zgeln\nankunftszustand: intakt\n','2016-02-24 06:53:20','2016-02-24 06:53:20'),(191,'q4n162p4stwa9oac3fdu138','90:f8:2c:dc:ab:20-86:3b:91:bb:f7:d4-55:98:0f:4f:d7:5c',184,88,180,1,NULL,NULL,'2015-08-10','2016-02-24',NULL,NULL,'860.00',0,0,1,0,1,1,NULL,NULL,NULL,NULL,NULL,'--- !ruby/hash:ActiveSupport::HashWithIndifferentAccess\nanschaffungskategorie: AV-Technik\nreference: invoice\numzug: zgeln\nankunftszustand: intakt\n','2016-02-24 06:53:20','2016-02-24 06:53:20'),(192,'cestrswzj3a3esmo77bx139','26:9b:a7:e9:66:c7-b8:e2:50:74:5c:d0-4e:f9:05:ea:fc:5c',185,89,181,7,NULL,NULL,'2013-07-11','2016-02-21',NULL,NULL,'375.00',0,0,1,0,1,1,NULL,NULL,NULL,NULL,NULL,'--- !ruby/hash:ActiveSupport::HashWithIndifferentAccess\nanschaffungskategorie: AV-Technik\nreference: invoice\numzug: zgeln\nankunftszustand: intakt\n','2016-02-21 06:53:20','2016-02-21 06:53:20'),(193,'20vawg4tn2exwod3s8hm140','ee:b4:7e:d4:03:b7-b3:eb:a9:59:0b:6a-f5:bb:f7:09:a2:3b',186,90,182,2,NULL,NULL,'2013-12-08','2016-02-21',NULL,NULL,'581.00',0,0,1,0,1,1,NULL,NULL,NULL,NULL,NULL,'--- !ruby/hash:ActiveSupport::HashWithIndifferentAccess\nanschaffungskategorie: AV-Technik\nreference: invoice\numzug: zgeln\nankunftszustand: intakt\n','2016-02-21 06:53:20','2016-02-21 06:53:20'),(194,'y8tsdzvayh7my5ig5qyi141','33:45:c0:e9:15:31-63:6e:fd:ac:b0:2c-c6:45:8f:5d:80:04',187,91,183,8,NULL,NULL,'2012-12-12','2016-02-21',NULL,NULL,'1247.00',0,0,1,0,1,1,NULL,NULL,NULL,NULL,NULL,'--- !ruby/hash:ActiveSupport::HashWithIndifferentAccess\nanschaffungskategorie: AV-Technik\nreference: invoice\numzug: zgeln\nankunftszustand: intakt\n','2016-02-21 06:53:20','2016-02-21 06:53:20'),(195,'6chlpqsynqxwyiyo0gct142','f7:39:f8:00:15:4d-3d:c9:3e:ed:aa:23-96:2c:29:3a:90:a1',188,92,184,9,NULL,NULL,'2012-03-08','2016-02-25',NULL,NULL,'967.00',0,0,1,0,12,1,NULL,NULL,NULL,NULL,NULL,'--- !ruby/hash:ActiveSupport::HashWithIndifferentAccess\nanschaffungskategorie: AV-Technik\nreference: invoice\numzug: zgeln\nankunftszustand: intakt\n','2016-02-25 06:53:20','2016-02-25 06:53:20'),(196,'t2enbibfaw4woywop7c1143','44:c8:7d:0e:e2:dd-0e:1a:a3:95:ec:bf-6f:e6:b2:a7:59:43',188,93,185,3,NULL,NULL,'2014-08-22','2016-02-25',NULL,NULL,'1036.00',0,0,1,0,12,1,NULL,NULL,NULL,NULL,NULL,'--- !ruby/hash:ActiveSupport::HashWithIndifferentAccess\nanschaffungskategorie: AV-Technik\nreference: invoice\numzug: zgeln\nankunftszustand: intakt\n','2016-02-25 06:53:20','2016-02-25 06:53:20'),(197,'24th549wjuc518ls56iz144','6f:7a:ed:2b:ab:f2-e3:f3:a4:ad:9f:5b-86:d6:0c:cf:f4:81',188,94,186,9,NULL,NULL,'2013-12-17','2016-02-25',NULL,NULL,'1056.00',0,0,1,0,12,1,NULL,NULL,NULL,NULL,NULL,'--- !ruby/hash:ActiveSupport::HashWithIndifferentAccess\nanschaffungskategorie: AV-Technik\nreference: invoice\numzug: zgeln\nankunftszustand: intakt\n','2016-02-25 06:53:20','2016-02-25 06:53:20'),(198,'qr3ez7g4jm1281a3w191145','9a:dd:74:89:48:7f-3b:50:16:04:93:9d-88:a1:b5:44:7b:48',192,95,187,3,NULL,NULL,'2014-04-01','2016-02-25',NULL,NULL,'687.00',0,0,1,0,12,1,NULL,NULL,NULL,NULL,NULL,'--- !ruby/hash:ActiveSupport::HashWithIndifferentAccess\nanschaffungskategorie: AV-Technik\nreference: invoice\numzug: zgeln\nankunftszustand: intakt\n','2016-02-25 06:53:20','2016-02-25 06:53:20'),(199,'wxub6i1tp7bqsu6j1u4d146','f0:8d:30:1c:20:5d-5e:eb:5d:18:a0:03-fc:d7:4c:1f:64:54',192,96,188,12,NULL,NULL,'2011-04-25','2016-02-25',NULL,NULL,'831.00',0,0,1,0,12,1,NULL,NULL,NULL,NULL,NULL,'--- !ruby/hash:ActiveSupport::HashWithIndifferentAccess\nanschaffungskategorie: AV-Technik\nreference: invoice\numzug: zgeln\nankunftszustand: intakt\n','2016-02-25 06:53:20','2016-02-25 06:53:20'),(200,'0ka9v5wxl0i488437xcm147','5a:64:82:0f:05:08-ef:1e:0f:13:98:3f-f3:9c:3f:03:c7:66',192,97,189,9,NULL,NULL,'2011-03-19','2016-02-25',NULL,NULL,'386.00',0,0,1,0,12,1,NULL,NULL,NULL,NULL,NULL,'--- !ruby/hash:ActiveSupport::HashWithIndifferentAccess\nanschaffungskategorie: AV-Technik\nreference: invoice\numzug: zgeln\nankunftszustand: intakt\n','2016-02-25 06:53:20','2016-02-25 06:53:20'),(201,'2bap1ywy935qd6c000xy148','1e:98:cb:5c:1c:24-c4:26:6a:cf:31:d0-22:54:ed:1a:87:14',196,98,190,12,NULL,NULL,'2011-08-06','2016-02-25',NULL,NULL,'417.00',0,0,1,0,12,1,NULL,NULL,NULL,NULL,NULL,'--- !ruby/hash:ActiveSupport::HashWithIndifferentAccess\nanschaffungskategorie: AV-Technik\nreference: invoice\numzug: zgeln\nankunftszustand: intakt\n','2016-02-25 06:53:20','2016-02-25 06:53:20'),(202,'u5nzt4dbnkev05cixja4149','4c:a7:ca:93:08:e0-0b:28:c2:ba:a0:f0-86:5f:c4:73:8f:f2',196,99,191,11,NULL,NULL,'2015-12-16','2016-02-25',NULL,NULL,'1160.00',0,0,1,0,12,1,NULL,NULL,NULL,NULL,NULL,'--- !ruby/hash:ActiveSupport::HashWithIndifferentAccess\nanschaffungskategorie: AV-Technik\nreference: invoice\numzug: zgeln\nankunftszustand: intakt\n','2016-02-25 06:53:20','2016-02-25 06:53:20'),(203,'iik5hyphqyqce8bfg37f150','d8:d1:9c:71:9b:ac-7f:eb:ba:0e:c7:fe-1b:08:07:b8:dc:e1',196,100,192,9,NULL,NULL,'2012-04-01','2016-02-25',NULL,NULL,'36.00',0,0,1,0,12,1,NULL,NULL,NULL,NULL,NULL,'--- !ruby/hash:ActiveSupport::HashWithIndifferentAccess\nanschaffungskategorie: AV-Technik\nreference: invoice\numzug: zgeln\nankunftszustand: intakt\n','2016-02-25 06:53:20','2016-02-25 06:53:20'),(204,'lnn7p4dkzx6jmtqtjpbb151','53:a7:e6:99:b6:67-ac:ce:a5:e1:0f:b2-58:af:12:a7:f2:38',200,101,193,10,NULL,NULL,'2012-04-22','2016-02-25',NULL,NULL,'829.00',0,0,1,0,12,1,NULL,NULL,NULL,NULL,NULL,'--- !ruby/hash:ActiveSupport::HashWithIndifferentAccess\nanschaffungskategorie: AV-Technik\nreference: invoice\numzug: zgeln\nankunftszustand: intakt\n','2016-02-25 06:53:20','2016-02-25 06:53:20'),(205,'whyui1xtj50xp10n2ai2152','9b:fe:d9:c8:d3:c5-5a:be:80:fc:d4:d7-bd:3a:93:43:49:85',200,102,194,4,NULL,NULL,'2012-01-08','2016-02-25',NULL,NULL,'1291.00',0,0,1,0,12,1,NULL,NULL,NULL,NULL,NULL,'--- !ruby/hash:ActiveSupport::HashWithIndifferentAccess\nanschaffungskategorie: AV-Technik\nreference: invoice\numzug: zgeln\nankunftszustand: intakt\n','2016-02-25 06:53:20','2016-02-25 06:53:20'),(206,'adc547vwhwc44wfgby4o153','06:34:d2:ba:38:d8-f0:78:ba:c9:46:f1-67:24:4c:4a:6f:3a',200,103,195,5,NULL,NULL,'2013-06-03','2016-02-25',NULL,NULL,'872.00',0,0,1,0,12,1,NULL,NULL,NULL,NULL,NULL,'--- !ruby/hash:ActiveSupport::HashWithIndifferentAccess\nanschaffungskategorie: AV-Technik\nreference: invoice\numzug: zgeln\nankunftszustand: intakt\n','2016-02-25 06:53:20','2016-02-25 06:53:20'),(207,'qwfiqofusks7p6to937v154','cb:e1:4a:45:f7:0c-33:f7:ee:f0:04:6c-0c:5f:02:5a:29:bf',204,104,196,8,NULL,NULL,'2013-09-27','2016-02-25',NULL,NULL,'1382.00',0,0,1,0,12,1,NULL,NULL,NULL,NULL,NULL,'--- !ruby/hash:ActiveSupport::HashWithIndifferentAccess\nanschaffungskategorie: AV-Technik\nreference: invoice\numzug: zgeln\nankunftszustand: intakt\n','2016-02-25 06:53:20','2016-02-25 06:53:20'),(208,'npgfix1731pn7ynbvizd155','6e:df:c1:71:2b:54-ff:b5:d3:97:a7:21-23:8a:09:fe:45:88',204,105,197,10,NULL,NULL,'2014-08-12','2016-02-25',NULL,NULL,'532.00',0,0,1,0,12,1,NULL,NULL,NULL,NULL,NULL,'--- !ruby/hash:ActiveSupport::HashWithIndifferentAccess\nanschaffungskategorie: AV-Technik\nreference: invoice\numzug: zgeln\nankunftszustand: intakt\n','2016-02-25 06:53:20','2016-02-25 06:53:20'),(209,'un4kr64ulk112038nk9g156','88:7c:cb:38:e5:97-98:b9:79:39:e5:50-e4:37:c9:38:e4:63',204,106,198,5,NULL,NULL,'2012-07-01','2016-02-25',NULL,NULL,'40.00',0,0,1,0,12,1,NULL,NULL,NULL,NULL,NULL,'--- !ruby/hash:ActiveSupport::HashWithIndifferentAccess\nanschaffungskategorie: AV-Technik\nreference: invoice\numzug: zgeln\nankunftszustand: intakt\n','2016-02-25 06:53:20','2016-02-25 06:53:20'),(210,'t4dpa35up6j30zbiy5dc157','e4:fa:b7:0c:a7:ec-bb:52:b2:ab:93:2f-50:a7:07:34:36:a3',208,107,199,1,NULL,NULL,'2012-11-08','2016-02-25',NULL,NULL,'816.00',0,0,1,0,12,1,NULL,NULL,NULL,NULL,NULL,'--- !ruby/hash:ActiveSupport::HashWithIndifferentAccess\nanschaffungskategorie: AV-Technik\nreference: invoice\numzug: zgeln\nankunftszustand: intakt\n','2016-02-25 06:53:20','2016-02-25 06:53:20'),(211,'qlsvvdr43980z975dpzq158','cb:39:25:2e:f4:4b-72:1b:7c:2e:54:02-b2:7e:f9:e3:57:0c',208,108,200,1,NULL,NULL,'2014-11-18','2016-02-25',NULL,NULL,'141.00',0,0,1,0,12,1,NULL,NULL,NULL,NULL,NULL,'--- !ruby/hash:ActiveSupport::HashWithIndifferentAccess\nanschaffungskategorie: AV-Technik\nreference: invoice\numzug: zgeln\nankunftszustand: intakt\n','2016-02-25 06:53:20','2016-02-25 06:53:20'),(212,'vun5jgbglnz0w7cb4yf9159','20:d6:c6:b0:33:b8-b8:4b:60:16:b0:8c-cf:f3:33:5e:2e:c9',208,109,201,1,NULL,NULL,'2013-06-24','2016-02-25',NULL,NULL,'909.00',0,0,1,0,12,1,NULL,NULL,NULL,NULL,NULL,'--- !ruby/hash:ActiveSupport::HashWithIndifferentAccess\nanschaffungskategorie: AV-Technik\nreference: invoice\numzug: zgeln\nankunftszustand: intakt\n','2016-02-25 06:53:20','2016-02-25 06:53:20'),(213,'pv9hfl8g3gma422hh0h8160','6d:0c:b1:64:72:8c-9a:a5:d4:31:cb:8c-05:5b:68:4a:f4:79',212,110,202,5,NULL,NULL,'2011-03-10','2016-02-25',NULL,NULL,'938.00',0,0,1,0,1,1,NULL,NULL,NULL,NULL,NULL,'--- !ruby/hash:ActiveSupport::HashWithIndifferentAccess\nanschaffungskategorie: AV-Technik\nreference: invoice\numzug: zgeln\nankunftszustand: intakt\n','2016-02-25 06:53:20','2016-02-25 06:53:20'),(214,'03895c9rzbt8mva19rrq161','1d:bd:39:9e:b2:b3-86:48:57:aa:98:bd-c5:05:59:99:d8:6d',213,111,203,10,NULL,NULL,'2014-05-28','2016-02-25',NULL,NULL,'711.00',0,0,1,0,1,1,NULL,NULL,NULL,NULL,NULL,'--- !ruby/hash:ActiveSupport::HashWithIndifferentAccess\nanschaffungskategorie: AV-Technik\nreference: invoice\numzug: zgeln\nankunftszustand: intakt\n','2016-02-25 06:53:20','2016-02-25 06:53:20'),(215,'qc5a3skirgiag6b0h5fs162','55:4d:3d:03:c3:c8-03:d1:38:96:9c:8d-78:26:c2:15:86:e3',214,112,204,3,NULL,NULL,'2014-10-12','2016-02-25',NULL,NULL,'824.00',0,0,1,0,1,1,NULL,NULL,NULL,NULL,NULL,'--- !ruby/hash:ActiveSupport::HashWithIndifferentAccess\nanschaffungskategorie: AV-Technik\nreference: invoice\numzug: zgeln\nankunftszustand: intakt\n','2016-02-25 06:53:20','2016-02-25 06:53:20'),(216,'kbc1gnfqrlboi69aeu8y163','cd:b9:b5:3d:6d:4f-6c:d3:ee:43:e3:a0-5b:7e:29:a0:5c:b4',215,113,205,2,NULL,NULL,'2015-07-01','2016-02-25',NULL,NULL,'39.00',0,0,1,0,1,1,NULL,NULL,NULL,NULL,NULL,'--- !ruby/hash:ActiveSupport::HashWithIndifferentAccess\nanschaffungskategorie: AV-Technik\nreference: invoice\numzug: zgeln\nankunftszustand: intakt\n','2016-02-25 06:53:20','2016-02-25 06:53:20'),(217,'flpnbuq0t1en5umqccht164','58:e5:bd:13:f6:cc-e7:fd:0b:e6:a2:51-f2:48:24:3a:c5:23',216,114,206,8,NULL,NULL,'2013-03-30','2016-02-25',NULL,NULL,'1150.00',0,0,1,0,1,1,NULL,NULL,NULL,NULL,NULL,'--- !ruby/hash:ActiveSupport::HashWithIndifferentAccess\nanschaffungskategorie: AV-Technik\nreference: invoice\numzug: zgeln\nankunftszustand: intakt\n','2016-02-25 06:53:20','2016-02-25 06:53:20'),(218,'00x64mkt04gy8g85lmnh165','eb:9d:9f:e7:c2:eb-bf:c5:0a:62:43:a4-4e:e7:92:30:18:88',217,115,207,2,NULL,NULL,'2013-06-24','2016-02-25',NULL,NULL,'100.00',0,0,1,0,1,1,NULL,NULL,NULL,NULL,NULL,'--- !ruby/hash:ActiveSupport::HashWithIndifferentAccess\nanschaffungskategorie: AV-Technik\nreference: invoice\numzug: zgeln\nankunftszustand: intakt\n','2016-02-25 06:53:20','2016-02-25 06:53:20'),(219,'8jvgtac9fg46adh9pjuq166','b8:68:d8:e3:32:3b-f7:60:3c:1e:b2:fd-54:24:2c:8d:d3:d3',218,116,208,2,NULL,NULL,'2012-07-09','2016-02-25',NULL,NULL,'181.00',0,0,1,0,1,1,NULL,NULL,NULL,NULL,NULL,'--- !ruby/hash:ActiveSupport::HashWithIndifferentAccess\nanschaffungskategorie: AV-Technik\nreference: invoice\numzug: zgeln\nankunftszustand: intakt\n','2016-02-25 06:53:20','2016-02-25 06:53:20'),(220,'gokfeg0cfnk817nzr8qc167','df:80:93:09:78:87-56:9c:91:8b:81:4d-9d:68:40:b0:30:1d',219,117,209,10,NULL,NULL,'2015-03-19','2016-02-25',NULL,NULL,'860.00',0,0,1,0,1,1,NULL,NULL,NULL,NULL,NULL,'--- !ruby/hash:ActiveSupport::HashWithIndifferentAccess\nanschaffungskategorie: AV-Technik\nreference: invoice\numzug: zgeln\nankunftszustand: intakt\n','2016-02-25 06:53:20','2016-02-25 06:53:20'),(221,'14ojs7unnkxp1al93jg0168','2c:2d:ed:80:b4:1d-7c:23:7b:56:37:a4-a7:78:44:07:5e:4e',220,118,210,6,NULL,NULL,'2012-07-31','2016-02-25',NULL,NULL,'1265.00',0,0,1,0,1,1,NULL,NULL,NULL,NULL,NULL,'--- !ruby/hash:ActiveSupport::HashWithIndifferentAccess\nanschaffungskategorie: AV-Technik\nreference: invoice\numzug: zgeln\nankunftszustand: intakt\n','2016-02-25 06:53:20','2016-02-25 06:53:20'),(222,'akh1iknxzpf81t1ceu2z169','fa:e8:b7:24:7d:0d-5e:20:92:08:e2:dd-aa:fe:67:ab:fa:5e',221,119,211,11,NULL,NULL,'2013-03-17','2016-02-25',NULL,NULL,'785.00',0,0,1,0,1,1,NULL,NULL,NULL,NULL,NULL,'--- !ruby/hash:ActiveSupport::HashWithIndifferentAccess\nanschaffungskategorie: AV-Technik\nreference: invoice\numzug: zgeln\nankunftszustand: intakt\n','2016-02-25 06:53:20','2016-02-25 06:53:20'),(223,'h5ilooskcrn4grpbmaaa170','31:19:0d:ff:cd:ba-82:a8:a4:51:56:49-0d:aa:26:a4:79:0a',222,120,212,5,NULL,NULL,'2014-10-27','2016-02-25',NULL,NULL,'640.00',0,0,1,0,1,1,NULL,NULL,NULL,NULL,NULL,'--- !ruby/hash:ActiveSupport::HashWithIndifferentAccess\nanschaffungskategorie: AV-Technik\nreference: invoice\numzug: zgeln\nankunftszustand: intakt\n','2016-02-25 06:53:20','2016-02-25 06:53:20'),(224,'resi8dsv7nl1kemwcj44171','9d:90:af:9f:9a:f6-ce:57:2f:c1:7c:4d-20:2e:fe:3f:9c:54',223,121,213,2,NULL,NULL,'2014-05-09','2016-02-25',NULL,NULL,'1427.00',0,0,1,0,1,1,NULL,NULL,NULL,NULL,NULL,'--- !ruby/hash:ActiveSupport::HashWithIndifferentAccess\nanschaffungskategorie: AV-Technik\nreference: invoice\numzug: zgeln\nankunftszustand: intakt\n','2016-02-25 06:53:20','2016-02-25 06:53:20'),(225,'euwytmehzmtohxqttx36172','67:7a:2c:8d:49:85-b9:83:8d:b0:bb:ff-f1:f7:f9:e6:a0:83',224,122,214,5,NULL,NULL,'2013-10-07','2016-02-25',NULL,NULL,'950.00',0,0,1,0,1,1,NULL,NULL,NULL,NULL,NULL,'--- !ruby/hash:ActiveSupport::HashWithIndifferentAccess\nanschaffungskategorie: AV-Technik\nreference: invoice\numzug: zgeln\nankunftszustand: intakt\n','2016-02-25 06:53:20','2016-02-25 06:53:20'),(226,'ximvaa7oday89pu0gxqo173','3a:f1:ea:79:85:91-33:dc:60:3f:f7:95-c2:0f:b5:b7:d0:29',225,123,215,6,NULL,NULL,'2011-04-22','2016-02-25',NULL,NULL,'740.00',0,0,1,0,1,1,NULL,NULL,NULL,NULL,NULL,'--- !ruby/hash:ActiveSupport::HashWithIndifferentAccess\nanschaffungskategorie: AV-Technik\nreference: invoice\numzug: zgeln\nankunftszustand: intakt\n','2016-02-25 06:53:20','2016-02-25 06:53:20'),(227,'h8obkj2gyyobqsxndej7174','68:4d:c5:ef:43:4b-93:41:bf:41:77:a5-a6:00:4d:df:e4:23',226,124,216,6,NULL,NULL,'2014-05-21','2016-02-25',NULL,NULL,'1307.00',0,0,1,0,1,1,NULL,NULL,NULL,NULL,NULL,'--- !ruby/hash:ActiveSupport::HashWithIndifferentAccess\nanschaffungskategorie: AV-Technik\nreference: invoice\numzug: zgeln\nankunftszustand: intakt\n','2016-02-25 06:53:20','2016-02-25 06:53:20'),(228,'fw38fhbabinm6mvorssf175','70:64:af:7a:42:d3-00:c5:41:41:c9:61-70:a2:2e:5f:f9:7b',227,125,217,4,NULL,NULL,'2013-12-10','2016-02-25',NULL,NULL,'491.00',0,0,1,0,1,1,NULL,NULL,NULL,NULL,NULL,'--- !ruby/hash:ActiveSupport::HashWithIndifferentAccess\nanschaffungskategorie: AV-Technik\nreference: invoice\numzug: zgeln\nankunftszustand: intakt\n','2016-02-25 06:53:20','2016-02-25 06:53:20'),(229,'owtcyd9oe8v2kz6wsowo176','c9:98:7a:9f:42:ae-92:18:2e:4e:bd:30-93:59:3e:ec:40:c9',228,126,218,7,NULL,NULL,'2014-01-26','2016-02-25',NULL,NULL,'641.00',0,0,1,0,1,1,NULL,NULL,NULL,NULL,NULL,'--- !ruby/hash:ActiveSupport::HashWithIndifferentAccess\nanschaffungskategorie: AV-Technik\nreference: invoice\numzug: zgeln\nankunftszustand: intakt\n','2016-02-25 06:53:20','2016-02-25 06:53:20'),(230,'yxuqs4wabc5i34r8jk9d177','7e:e2:78:21:6f:99-97:1c:a7:3d:a0:77-55:83:e5:b9:19:82',229,127,219,3,NULL,NULL,'2015-07-29','2016-02-25',NULL,NULL,'1450.00',0,0,1,0,1,1,NULL,NULL,NULL,NULL,NULL,'--- !ruby/hash:ActiveSupport::HashWithIndifferentAccess\nanschaffungskategorie: AV-Technik\nreference: invoice\numzug: zgeln\nankunftszustand: intakt\n','2016-02-25 06:53:20','2016-02-25 06:53:20'),(231,'35lksco7fskqpmy3g1z6178','5c:d3:aa:87:ad:1a-10:12:c1:30:b0:c4-48:04:fc:01:3e:d3',230,128,220,6,NULL,NULL,'2012-08-20','2016-02-25',NULL,NULL,'324.00',0,0,1,0,1,1,NULL,NULL,NULL,NULL,NULL,'--- !ruby/hash:ActiveSupport::HashWithIndifferentAccess\nanschaffungskategorie: AV-Technik\nreference: invoice\numzug: zgeln\nankunftszustand: intakt\n','2016-02-25 06:53:20','2016-02-25 06:53:20'),(232,'rnzasgztj2572v23jweb179','62:ec:6a:a0:74:48-f7:b9:3a:6f:3f:5f-5a:16:61:f6:81:2f',231,129,221,9,NULL,NULL,'2012-07-11','2016-02-25',NULL,NULL,'1385.00',0,0,1,0,1,1,NULL,NULL,NULL,NULL,NULL,'--- !ruby/hash:ActiveSupport::HashWithIndifferentAccess\nanschaffungskategorie: AV-Technik\nreference: invoice\numzug: zgeln\nankunftszustand: intakt\n','2016-02-25 06:53:20','2016-02-25 06:53:20'),(233,'0hsgllr5rgw9qqrrn52d180','bd:66:e2:23:8c:cd-08:90:85:58:35:47-6a:da:57:cc:c2:49',232,130,222,5,NULL,NULL,'2014-10-15','2016-02-25',NULL,NULL,'189.00',0,0,1,0,1,1,NULL,NULL,NULL,NULL,NULL,'--- !ruby/hash:ActiveSupport::HashWithIndifferentAccess\nanschaffungskategorie: AV-Technik\nreference: invoice\numzug: zgeln\nankunftszustand: intakt\n','2016-02-25 06:53:20','2016-02-25 06:53:20'),(234,'tyatqe2oyxoletk2f7xf181','da:d5:2e:8f:da:47-9b:f1:41:2b:2b:dd-8a:b8:4c:17:2c:ca',233,131,223,1,NULL,NULL,'2015-11-11','2016-02-25',NULL,NULL,'1183.00',0,0,1,0,1,1,NULL,NULL,NULL,NULL,NULL,'--- !ruby/hash:ActiveSupport::HashWithIndifferentAccess\nanschaffungskategorie: AV-Technik\nreference: invoice\numzug: zgeln\nankunftszustand: intakt\n','2016-02-25 06:53:20','2016-02-25 06:53:20'),(235,'203jdcynqe19opo71ums182','4b:be:71:5b:ad:22-3b:5d:5f:6c:c5:88-f3:4a:ed:00:f8:cf',234,132,224,5,NULL,NULL,'2012-03-14','2016-02-25',NULL,NULL,'819.00',0,0,1,0,1,1,NULL,NULL,NULL,NULL,NULL,'--- !ruby/hash:ActiveSupport::HashWithIndifferentAccess\nanschaffungskategorie: AV-Technik\nreference: invoice\numzug: zgeln\nankunftszustand: intakt\n','2016-02-25 06:53:20','2016-02-25 06:53:20'),(236,'1x84ukepbsjp30p5igzd183','29:88:60:1f:04:9c-ff:dd:60:a9:0b:ab-0c:55:cb:c1:8e:51',235,133,225,10,NULL,NULL,'2014-11-20','2016-02-25',NULL,NULL,'1298.00',0,0,1,0,1,1,NULL,NULL,NULL,NULL,NULL,'--- !ruby/hash:ActiveSupport::HashWithIndifferentAccess\nanschaffungskategorie: AV-Technik\nreference: invoice\numzug: zgeln\nankunftszustand: intakt\n','2016-02-25 06:53:20','2016-02-25 06:53:20'),(237,'4th8f1umt640dnv0nnpz184','5a:fb:21:94:35:1a-84:be:82:0b:e9:0e-50:05:39:f4:12:a2',236,134,226,6,NULL,NULL,'2015-02-25','2016-02-25',NULL,NULL,'1075.00',0,0,1,0,1,1,NULL,NULL,NULL,NULL,NULL,'--- !ruby/hash:ActiveSupport::HashWithIndifferentAccess\nanschaffungskategorie: AV-Technik\nreference: invoice\numzug: zgeln\nankunftszustand: intakt\n','2016-02-25 06:53:20','2016-02-25 06:53:20'),(238,'94dzryv1lt30w6hyb7x9185','72:bf:4c:4a:4a:1c-f1:fd:ff:42:a0:c9-c8:04:fa:ca:88:67',237,135,227,1,NULL,NULL,'2013-06-08','2016-02-25',NULL,NULL,'826.00',0,0,1,0,1,1,NULL,NULL,NULL,NULL,NULL,'--- !ruby/hash:ActiveSupport::HashWithIndifferentAccess\nanschaffungskategorie: AV-Technik\nreference: invoice\numzug: zgeln\nankunftszustand: intakt\n','2016-02-25 06:53:20','2016-02-25 06:53:20'),(239,'3f5esazonhlcqc0kmmm2186','77:20:4f:bf:e3:93-92:6b:15:cc:db:60-ff:b2:0a:43:76:c9',238,136,228,6,NULL,NULL,'2014-06-20','2016-02-25',NULL,NULL,'1066.00',0,0,1,0,1,1,NULL,NULL,NULL,NULL,NULL,'--- !ruby/hash:ActiveSupport::HashWithIndifferentAccess\nanschaffungskategorie: AV-Technik\nreference: invoice\numzug: zgeln\nankunftszustand: intakt\n','2016-02-25 06:53:20','2016-02-25 06:53:20'),(240,'ibp4bqt9flnpe1qfdw1v187','32:d8:85:da:ba:8b-bd:e7:36:00:6e:58-24:c0:79:c0:69:20',239,137,229,6,NULL,NULL,'2011-05-05','2016-02-25',NULL,NULL,'491.00',0,0,1,0,1,1,NULL,NULL,NULL,NULL,NULL,'--- !ruby/hash:ActiveSupport::HashWithIndifferentAccess\nanschaffungskategorie: AV-Technik\nreference: invoice\numzug: zgeln\nankunftszustand: intakt\n','2016-02-25 06:53:20','2016-02-25 06:53:20'),(241,'a004rmyvnmxzjt85jxnl188','d2:34:08:e2:d2:d9-61:4c:77:96:40:61-51:99:23:05:5e:a0',240,138,230,8,NULL,NULL,'2013-01-22','2016-02-25',NULL,NULL,'175.00',0,0,1,0,1,1,NULL,NULL,NULL,NULL,NULL,'--- !ruby/hash:ActiveSupport::HashWithIndifferentAccess\nanschaffungskategorie: AV-Technik\nreference: invoice\numzug: zgeln\nankunftszustand: intakt\n','2016-02-25 06:53:20','2016-02-25 06:53:20'),(242,'os20jtshclrwrbjsxitu189','b5:51:92:d0:90:84-4c:c1:00:11:86:17-ef:90:05:68:d3:dc',241,139,231,2,NULL,NULL,'2014-07-28','2016-02-25',NULL,NULL,'992.00',0,0,1,0,1,1,NULL,NULL,NULL,NULL,NULL,'--- !ruby/hash:ActiveSupport::HashWithIndifferentAccess\nanschaffungskategorie: AV-Technik\nreference: invoice\numzug: zgeln\nankunftszustand: intakt\n','2016-02-25 06:53:20','2016-02-25 06:53:20'),(243,'i7sao5vp76whnrlvmn3l190','69:93:b5:82:bc:9d-af:a1:3e:53:ad:20-72:13:5b:a6:95:0e',242,140,232,5,NULL,NULL,'2015-02-13','2016-02-25',NULL,NULL,'57.00',0,0,1,0,1,1,NULL,NULL,NULL,NULL,NULL,'--- !ruby/hash:ActiveSupport::HashWithIndifferentAccess\nanschaffungskategorie: AV-Technik\nreference: invoice\numzug: zgeln\nankunftszustand: intakt\n','2016-02-25 06:53:20','2016-02-25 06:53:20'),(244,'6j2yfcya16g8249hf8o7191','d0:88:b2:7a:5d:c5-9a:bd:5f:3b:2b:fd-48:e5:65:3c:69:9a',243,141,233,11,NULL,NULL,'2015-01-18','2016-02-25',NULL,NULL,'1022.00',0,0,1,0,1,1,NULL,NULL,NULL,NULL,NULL,'--- !ruby/hash:ActiveSupport::HashWithIndifferentAccess\nanschaffungskategorie: AV-Technik\nreference: invoice\numzug: zgeln\nankunftszustand: intakt\n','2016-02-25 06:53:20','2016-02-25 06:53:20'),(245,'ght11n5p4dq0d6qpiltm192','7d:73:75:b0:4a:04-9f:31:8b:ba:78:6c-c1:cc:cd:30:00:2f',244,142,234,6,NULL,NULL,'2015-08-29','2016-02-25',NULL,NULL,'1409.00',0,0,1,0,1,1,NULL,NULL,NULL,NULL,NULL,'--- !ruby/hash:ActiveSupport::HashWithIndifferentAccess\nanschaffungskategorie: AV-Technik\nreference: invoice\numzug: zgeln\nankunftszustand: intakt\n','2016-02-25 06:53:20','2016-02-25 06:53:20'),(246,'ai8epptj25xxkqyldqp7193','94:1f:bc:7b:40:73-c2:63:2b:ab:ae:97-4c:aa:d1:f5:7e:20',245,143,235,6,NULL,NULL,'2012-02-18','2016-02-25',NULL,NULL,'181.00',0,0,1,0,1,1,NULL,NULL,NULL,NULL,NULL,'--- !ruby/hash:ActiveSupport::HashWithIndifferentAccess\nanschaffungskategorie: AV-Technik\nreference: invoice\numzug: zgeln\nankunftszustand: intakt\n','2016-02-25 06:53:20','2016-02-25 06:53:20'),(247,'fmagcbwtx8fc7shl0ewu194','0a:8b:d6:86:9a:e7-80:46:59:6a:e8:68-9b:7c:2b:de:34:f4',246,144,236,9,NULL,NULL,'2014-09-22','2016-02-25',NULL,NULL,'31.00',0,0,1,0,1,1,NULL,NULL,NULL,NULL,NULL,'--- !ruby/hash:ActiveSupport::HashWithIndifferentAccess\nanschaffungskategorie: AV-Technik\nreference: invoice\numzug: zgeln\nankunftszustand: intakt\n','2016-02-25 06:53:20','2016-02-25 06:53:20'),(248,'2uq49j1or3zgziglu016195','de:16:66:ed:83:82-4a:39:3f:3d:90:8b-a2:24:ea:d0:42:ac',247,145,237,11,NULL,NULL,'2011-12-20','2016-02-19',NULL,NULL,'1207.00',0,0,1,0,1,1,NULL,NULL,NULL,NULL,NULL,'--- !ruby/hash:ActiveSupport::HashWithIndifferentAccess\nanschaffungskategorie: AV-Technik\nreference: invoice\numzug: zgeln\nankunftszustand: intakt\n','2016-02-19 06:53:20','2016-02-19 06:53:20'),(249,'aumkaoadg4i9rw3awdty196','2f:6c:79:10:75:a4-e1:4e:4e:a5:89:5b-57:ad:47:e1:84:69',248,146,238,2,NULL,NULL,'2011-09-09','2016-02-19',NULL,NULL,'577.00',0,0,1,0,1,1,NULL,NULL,NULL,NULL,NULL,'--- !ruby/hash:ActiveSupport::HashWithIndifferentAccess\nanschaffungskategorie: AV-Technik\nreference: invoice\numzug: zgeln\nankunftszustand: intakt\n','2016-02-19 06:53:20','2016-02-19 06:53:20'),(250,'8eke4obmc7308e4ebpls197','8c:c1:24:12:f5:f5-c1:66:57:48:36:2a-fe:18:41:63:18:e1',249,147,239,3,NULL,NULL,'2015-12-06','2016-02-19',NULL,NULL,'899.00',0,0,1,0,1,1,NULL,NULL,NULL,NULL,NULL,'--- !ruby/hash:ActiveSupport::HashWithIndifferentAccess\nanschaffungskategorie: AV-Technik\nreference: invoice\numzug: zgeln\nankunftszustand: intakt\n','2016-02-19 06:53:20','2016-02-19 06:53:20'),(251,'uhk46s8yfrpxvb7no31z198','ab:0c:45:74:bf:e9-9e:d0:73:1c:4f:d4-d9:df:69:71:13:80',250,148,240,5,NULL,NULL,'2012-10-31','2016-02-19',NULL,NULL,'1040.00',0,0,1,0,1,1,NULL,NULL,NULL,NULL,NULL,'--- !ruby/hash:ActiveSupport::HashWithIndifferentAccess\nanschaffungskategorie: AV-Technik\nreference: invoice\numzug: zgeln\nankunftszustand: intakt\n','2016-02-19 06:53:20','2016-02-19 06:53:20'),(252,'w234ifi505q8hus2ucdn199','6b:f9:65:a6:81:8d-cb:42:b7:7a:ba:ed-fb:e5:a7:17:0e:a2',251,149,241,9,NULL,NULL,'2014-04-05','2016-02-19',NULL,NULL,'897.00',0,0,1,0,1,1,NULL,NULL,NULL,NULL,NULL,'--- !ruby/hash:ActiveSupport::HashWithIndifferentAccess\nanschaffungskategorie: AV-Technik\nreference: invoice\numzug: zgeln\nankunftszustand: intakt\n','2016-02-19 06:53:20','2016-02-19 06:53:20'),(253,'janw5x9iwiwxw8f2ey7e200','9f:64:75:1c:a1:0d-4e:43:e1:d3:1d:f0-f1:5f:57:7a:6b:67',252,150,242,4,NULL,NULL,'2011-07-01','2016-02-25',NULL,NULL,'314.00',0,0,1,0,1,1,NULL,NULL,NULL,NULL,NULL,'--- !ruby/hash:ActiveSupport::HashWithIndifferentAccess\nanschaffungskategorie: AV-Technik\nreference: invoice\numzug: zgeln\nankunftszustand: intakt\n','2016-02-25 06:53:20','2016-02-25 06:53:20'),(254,'h8az9i2imttbqj7bxdpz201','e6:86:bc:b1:22:4b-d7:5b:54:a2:2f:c0-44:e3:c7:87:52:7f',253,NULL,NULL,7,NULL,NULL,NULL,NULL,NULL,NULL,NULL,0,0,0,0,1,0,NULL,NULL,NULL,NULL,NULL,'--- !ruby/hash:ActiveSupport::HashWithIndifferentAccess\nlicense_type: single_workplace\nactivation_type: serial_number\noperating_system:\n- windows\n- linux\ninstallation:\n- citrix\n- web\nprocured_by: Normin Prosacco\nreference: invoice\nmaintenance_contract: \'false\'\n','2016-02-25 06:53:20','2016-02-25 06:53:20'),(255,'ky07z235boa87lb281bb202','4a:3c:f2:3c:86:3b-65:94:44:7e:ee:53-19:4e:3f:3b:a9:3f',254,151,243,11,NULL,NULL,'2012-02-09','2016-02-20',NULL,NULL,'229.00',0,0,1,0,2,1,NULL,NULL,NULL,NULL,NULL,'--- !ruby/hash:ActiveSupport::HashWithIndifferentAccess\nanschaffungskategorie: AV-Technik\nreference: invoice\numzug: zgeln\nankunftszustand: intakt\n','2016-02-20 06:53:20','2016-02-20 06:53:20'),(256,'a965nqz407tfzli2nrfr203','6f:a9:cd:21:2e:b6-db:8e:d7:99:05:b1-5f:df:95:c5:d2:bb',255,152,244,8,NULL,NULL,'2014-06-23','2016-02-25',NULL,NULL,'1089.00',0,0,1,0,1,1,NULL,NULL,NULL,NULL,NULL,'--- !ruby/hash:ActiveSupport::HashWithIndifferentAccess\nanschaffungskategorie: AV-Technik\nreference: invoice\numzug: zgeln\nankunftszustand: intakt\n','2016-02-25 06:53:20','2016-02-25 06:53:20'),(257,'5kbfbxjnbf8m81pcng1y204','66:75:20:1f:f4:c0-a9:00:eb:79:50:33-11:c5:5d:df:e8:ae',256,NULL,NULL,7,NULL,NULL,NULL,NULL,NULL,NULL,NULL,0,0,0,0,1,0,NULL,NULL,NULL,NULL,NULL,'--- !ruby/hash:ActiveSupport::HashWithIndifferentAccess\nlicense_type: single_workplace\nactivation_type: serial_number\noperating_system:\n- windows\n- linux\ninstallation:\n- citrix\n- web\nprocured_by: Andi Smith\nreference: invoice\nmaintenance_contract: \'false\'\n','2016-02-25 06:53:20','2016-02-25 06:53:20'),(258,'6w9p8hv1iefm5n5tkq4g205','39:5f:97:29:be:31-15:08:03:a5:bc:93-74:a4:2b:19:41:ce',257,NULL,245,1,NULL,NULL,'2011-01-19','2016-02-25',NULL,NULL,'196.00',0,0,1,0,1,1,NULL,NULL,NULL,NULL,NULL,'--- !ruby/hash:ActiveSupport::HashWithIndifferentAccess\nanschaffungskategorie: AV-Technik\nreference: invoice\numzug: zgeln\nankunftszustand: intakt\n','2016-02-25 06:53:20','2016-02-25 06:53:20'),(259,'uhjm85bbjlmukbh6eclg206','6a:fb:56:27:c1:bb-f3:78:ae:7e:d3:62-89:6e:7a:50:fc:4d',258,153,246,1,NULL,NULL,'2012-01-29','2016-02-25',NULL,NULL,'1249.00',0,0,1,0,1,1,NULL,NULL,NULL,NULL,NULL,'--- !ruby/hash:ActiveSupport::HashWithIndifferentAccess\nanschaffungskategorie: AV-Technik\nreference: invoice\numzug: zgeln\nankunftszustand: intakt\n','2016-02-25 06:53:20','2016-02-25 06:53:20'),(260,'48ksg57yhmiwocpqzrxx207','83:46:87:97:c2:d0-c3:e4:21:dc:ba:08-c7:1a:bf:a3:1b:cd',259,154,247,5,NULL,NULL,'2011-09-28','2016-02-25',NULL,NULL,'189.00',0,0,1,0,2,1,NULL,NULL,NULL,NULL,NULL,'--- !ruby/hash:ActiveSupport::HashWithIndifferentAccess\nanschaffungskategorie: AV-Technik\nreference: invoice\numzug: zgeln\nankunftszustand: intakt\n','2016-02-25 06:53:20','2016-02-25 06:53:20'),(261,'xar8ah26k7eh9jp2zi2v208','73:37:c2:b1:42:3e-84:5e:10:82:1f:86-b0:6b:43:d9:99:62',260,155,248,7,NULL,NULL,'2011-05-01','2016-02-25',NULL,NULL,'102.00',0,0,1,0,2,1,NULL,NULL,NULL,NULL,NULL,'--- !ruby/hash:ActiveSupport::HashWithIndifferentAccess\nanschaffungskategorie: AV-Technik\nreference: invoice\numzug: zgeln\nankunftszustand: intakt\n','2016-02-25 06:53:20','2016-02-25 06:53:20'),(262,'rv52r01rurk58caf7qwc209','fe:a2:a0:82:e6:54-0d:7c:67:9c:56:3f-ea:a8:d2:f7:63:f8',261,156,249,2,NULL,NULL,'2012-01-26','2016-02-25',NULL,NULL,'999.00',0,0,1,0,2,1,NULL,NULL,NULL,NULL,NULL,'--- !ruby/hash:ActiveSupport::HashWithIndifferentAccess\nanschaffungskategorie: AV-Technik\nreference: invoice\numzug: zgeln\nankunftszustand: intakt\n','2016-02-25 06:53:20','2016-02-25 06:53:20'),(263,'3tw2nqf18fhvacsr2oto210','25:4e:05:ec:c6:86-81:55:9e:b9:c4:b4-31:3a:89:88:21:ab',262,157,250,8,NULL,NULL,'2015-03-24','2016-02-25',NULL,NULL,'507.00',0,0,1,0,1,1,NULL,NULL,NULL,NULL,NULL,'--- !ruby/hash:ActiveSupport::HashWithIndifferentAccess\nanschaffungskategorie: AV-Technik\nreference: invoice\numzug: zgeln\nankunftszustand: intakt\n','2016-02-25 06:53:20','2016-02-25 06:53:20'),(264,'bbjvahqgd312bb9ilqtq211','0b:59:ae:cc:94:31-28:40:21:85:16:67-1f:68:a6:39:c0:67',263,158,251,5,NULL,NULL,'2011-11-30','2016-02-25',NULL,NULL,'712.00',0,0,1,0,1,1,NULL,NULL,NULL,NULL,NULL,'--- !ruby/hash:ActiveSupport::HashWithIndifferentAccess\nanschaffungskategorie: AV-Technik\nreference: invoice\numzug: zgeln\nankunftszustand: intakt\n','2016-02-25 06:53:20','2016-02-25 06:53:20'),(265,'bcrdnnxnwcsp5i4zw236212','52:97:9c:c3:99:74-0b:55:43:4d:50:05-8d:e5:59:d5:08:05',264,159,252,1,NULL,NULL,'2015-07-24','2016-02-25',NULL,NULL,'753.00',0,0,1,0,1,1,NULL,NULL,NULL,NULL,NULL,'--- !ruby/hash:ActiveSupport::HashWithIndifferentAccess\nanschaffungskategorie: AV-Technik\nreference: invoice\numzug: zgeln\nankunftszustand: intakt\n','2016-02-25 06:53:20','2016-02-25 06:53:20'),(266,'gmtz0kyjmu2whk2ekica213','db:e2:8c:d7:7f:75-3f:2b:94:90:44:60-68:f9:f9:fa:2d:bf',265,160,253,5,NULL,NULL,'2015-04-05','2016-02-25',NULL,NULL,'1056.00',0,0,1,0,1,1,NULL,NULL,NULL,NULL,NULL,'--- !ruby/hash:ActiveSupport::HashWithIndifferentAccess\nanschaffungskategorie: AV-Technik\nreference: invoice\numzug: zgeln\nankunftszustand: intakt\n','2016-02-25 06:53:20','2016-02-25 06:53:20'),(267,'1rgsb9v7aw837wyemy8g214','03:b6:4d:ee:09:19-bc:4f:2c:d5:6e:72-f7:d8:ed:9f:89:07',266,161,254,12,NULL,NULL,'2011-09-12','2016-02-25',NULL,NULL,'67.00',0,0,1,0,1,1,NULL,NULL,NULL,NULL,NULL,'--- !ruby/hash:ActiveSupport::HashWithIndifferentAccess\nanschaffungskategorie: AV-Technik\nreference: invoice\numzug: zgeln\nankunftszustand: intakt\n','2016-02-25 06:53:20','2016-02-25 06:53:20'),(268,'yhxxjq1m0fmdr8xv4g2c215','42:d9:f5:89:6a:d1-d5:9f:85:b0:de:2f-82:ba:35:0b:57:c1',267,162,255,3,NULL,NULL,'2015-02-17','2016-02-25',NULL,NULL,'990.00',0,0,1,0,1,1,NULL,NULL,NULL,NULL,NULL,'--- !ruby/hash:ActiveSupport::HashWithIndifferentAccess\nanschaffungskategorie: AV-Technik\nreference: invoice\numzug: zgeln\nankunftszustand: intakt\n','2016-02-25 06:53:20','2016-02-25 06:53:20'),(269,'xu4ezxwm5xu3vwk6zeu7216','64:29:32:b1:68:7c-af:78:94:72:4e:7d-b1:da:e4:df:31:14',268,163,256,5,NULL,NULL,'2014-01-01','2016-02-25',NULL,NULL,'819.00',0,0,1,0,1,1,NULL,NULL,NULL,NULL,NULL,'--- !ruby/hash:ActiveSupport::HashWithIndifferentAccess\nanschaffungskategorie: AV-Technik\nreference: invoice\numzug: zgeln\nankunftszustand: intakt\n','2016-02-25 06:53:20','2016-02-25 06:53:20'),(270,'nwjfcag933rcczr4nfdk217','84:f0:6f:26:ae:7b-83:c3:ac:7b:b2:f4-03:0a:9e:19:2b:1d',269,164,257,11,NULL,NULL,'2011-03-04','2016-02-25',NULL,NULL,'1359.00',0,0,1,0,1,1,NULL,NULL,NULL,NULL,NULL,'--- !ruby/hash:ActiveSupport::HashWithIndifferentAccess\nanschaffungskategorie: AV-Technik\nreference: invoice\numzug: zgeln\nankunftszustand: intakt\n','2016-02-25 06:53:20','2016-02-25 06:53:20'),(271,'u7xo0nqihtv69rgdj6ge218','40:d1:d0:4e:11:23-0e:12:6c:5c:d2:2f-9b:7f:30:f6:20:32',270,165,258,7,NULL,NULL,'2011-09-09','2016-02-25',NULL,NULL,'1182.00',0,0,1,0,1,1,NULL,NULL,NULL,NULL,NULL,'--- !ruby/hash:ActiveSupport::HashWithIndifferentAccess\nanschaffungskategorie: AV-Technik\nreference: invoice\numzug: zgeln\nankunftszustand: intakt\n','2016-02-25 06:53:20','2016-02-25 06:53:20'),(272,'mq4ck338ai4ra310yzsc219','69:d1:1d:cf:3c:8f-8b:d5:8f:92:19:74-5d:43:9d:7a:68:9b',271,166,259,1,NULL,NULL,'2012-01-21','2016-02-25',NULL,NULL,'93.00',0,0,1,0,1,1,NULL,NULL,NULL,NULL,NULL,'--- !ruby/hash:ActiveSupport::HashWithIndifferentAccess\nanschaffungskategorie: AV-Technik\nreference: invoice\numzug: zgeln\nankunftszustand: intakt\n','2016-02-25 06:53:20','2016-02-25 06:53:20'),(273,'kg6t203dpqms64eujvfh220','21:47:78:dc:62:e5-37:18:e8:91:6f:7e-5a:d2:04:8f:82:65',272,167,260,11,NULL,NULL,'2012-04-19','2016-02-25',NULL,NULL,'564.00',0,0,1,0,1,1,NULL,NULL,NULL,NULL,NULL,'--- !ruby/hash:ActiveSupport::HashWithIndifferentAccess\nanschaffungskategorie: AV-Technik\nreference: invoice\numzug: zgeln\nankunftszustand: intakt\n','2016-02-25 06:53:20','2016-02-25 06:53:20'),(274,'6w90p3r6t5i85o5xnv0o221','db:a2:94:b7:b2:01-8e:cd:be:90:53:e5-de:b1:2c:a3:fe:8c',273,168,261,1,NULL,NULL,'2011-11-15','2016-02-25',NULL,NULL,'1430.00',0,0,1,0,1,1,NULL,NULL,NULL,NULL,NULL,'--- !ruby/hash:ActiveSupport::HashWithIndifferentAccess\nanschaffungskategorie: AV-Technik\nreference: invoice\numzug: zgeln\nankunftszustand: intakt\n','2016-02-25 06:53:20','2016-02-25 06:53:20'),(275,'fu295udh91nqjbpspcx7222','13:5d:6a:88:24:86-10:f8:5b:8a:fa:4e-8d:65:5d:f0:f2:bd',274,169,262,8,NULL,NULL,'2013-09-27','2016-02-25',NULL,NULL,'1241.00',0,0,1,0,1,1,NULL,NULL,NULL,NULL,NULL,'--- !ruby/hash:ActiveSupport::HashWithIndifferentAccess\nanschaffungskategorie: AV-Technik\nreference: invoice\numzug: zgeln\nankunftszustand: intakt\n','2016-02-25 06:53:20','2016-02-25 06:53:20'),(276,'sdt2xypagglmzj0hwa05223','ab:58:79:2f:82:5a-0b:79:e0:f0:7e:4f-9a:aa:1c:31:6e:6f',275,170,263,10,NULL,NULL,'2015-02-27','2016-02-25',NULL,NULL,'795.00',0,0,1,0,1,1,NULL,NULL,NULL,NULL,NULL,'--- !ruby/hash:ActiveSupport::HashWithIndifferentAccess\nanschaffungskategorie: AV-Technik\nreference: invoice\numzug: zgeln\nankunftszustand: intakt\n','2016-02-25 06:53:20','2016-02-25 06:53:20'),(277,'e58iz0ym7vfq3kgkyufp224','e1:07:83:f6:4f:83-15:3f:e6:07:08:d2-31:49:4f:0c:33:5c',276,171,264,11,NULL,NULL,'2015-11-05','2016-02-25',NULL,NULL,'969.00',0,0,1,0,1,1,NULL,NULL,NULL,NULL,NULL,'--- !ruby/hash:ActiveSupport::HashWithIndifferentAccess\nanschaffungskategorie: AV-Technik\nreference: invoice\numzug: zgeln\nankunftszustand: intakt\n','2016-02-25 06:53:20','2016-02-25 06:53:20'),(278,'2rxp6didvkzratse10kb225','6c:01:2d:e8:05:2d-38:9b:d7:e0:4d:d1-3a:52:e6:a5:87:f2',277,172,265,2,NULL,NULL,'2012-07-22','2016-02-25',NULL,NULL,'1204.00',0,0,1,0,1,1,NULL,NULL,NULL,NULL,NULL,'--- !ruby/hash:ActiveSupport::HashWithIndifferentAccess\nanschaffungskategorie: AV-Technik\nreference: invoice\numzug: zgeln\nankunftszustand: intakt\n','2016-02-25 06:53:20','2016-02-25 06:53:20'),(279,'myk1yw1u8asrc2phoikb226','8c:3c:ac:6b:e6:e4-ef:34:81:e2:92:e8-c6:3c:48:ce:d6:00',278,173,266,11,NULL,NULL,'2013-03-01','2016-02-25',NULL,NULL,'1340.00',0,0,1,0,1,1,NULL,NULL,NULL,NULL,NULL,'--- !ruby/hash:ActiveSupport::HashWithIndifferentAccess\nanschaffungskategorie: AV-Technik\nreference: invoice\numzug: zgeln\nankunftszustand: intakt\n','2016-02-25 06:53:20','2016-02-25 06:53:20'),(280,'bnsnbcmlxevp5hepntdy227','98:34:98:72:61:70-b7:a3:d8:dd:38:5c-71:35:95:e4:50:e5',279,174,267,9,NULL,NULL,'2014-07-23','2016-02-20',NULL,NULL,'1492.00',0,0,1,0,1,1,NULL,NULL,NULL,NULL,NULL,'--- !ruby/hash:ActiveSupport::HashWithIndifferentAccess\nanschaffungskategorie: AV-Technik\nreference: invoice\numzug: zgeln\nankunftszustand: intakt\n','2016-02-20 06:53:20','2016-02-20 06:53:20'),(281,'578215bvmiaup47amq0k228','cd:07:9e:ea:f0:71-7d:2e:00:6a:bf:d0-8e:25:c7:85:41:21',280,175,268,3,NULL,NULL,'2014-04-23','2016-02-20',NULL,NULL,'1426.00',0,0,1,0,1,1,NULL,NULL,NULL,NULL,NULL,'--- !ruby/hash:ActiveSupport::HashWithIndifferentAccess\nanschaffungskategorie: AV-Technik\nreference: invoice\numzug: zgeln\nankunftszustand: intakt\n','2016-02-20 06:53:20','2016-02-20 06:53:20'),(282,'16jlfjj4x5hf9gq3jd86229','cc:0f:26:ba:9e:5f-33:93:07:33:be:99-51:9b:8b:30:11:03',281,176,269,2,NULL,NULL,'2013-07-19','2016-02-20',NULL,NULL,'801.00',0,0,1,0,1,1,NULL,NULL,NULL,NULL,NULL,'--- !ruby/hash:ActiveSupport::HashWithIndifferentAccess\nanschaffungskategorie: AV-Technik\nreference: invoice\numzug: zgeln\nankunftszustand: intakt\n','2016-02-20 06:53:20','2016-02-20 06:53:20'),(283,'urk216c0xqfjqinu4kwa230','66:b4:a8:36:a3:0a-e4:15:10:d1:38:96-83:fd:3b:8b:30:37',282,177,270,9,NULL,NULL,'2011-03-27','2016-02-20',NULL,NULL,'172.00',0,0,1,0,1,1,NULL,NULL,NULL,NULL,NULL,'--- !ruby/hash:ActiveSupport::HashWithIndifferentAccess\nanschaffungskategorie: AV-Technik\nreference: invoice\numzug: zgeln\nankunftszustand: intakt\n','2016-02-20 06:53:20','2016-02-20 06:53:20'),(284,'1c2o4ik49vt0z95fg1rr231','da:6a:e2:6f:a9:0a-56:66:e1:89:28:9a-83:d4:dd:cf:8a:23',283,178,271,3,NULL,NULL,'2013-07-09','2016-02-23',NULL,NULL,'446.00',0,0,1,0,1,1,NULL,NULL,NULL,NULL,NULL,'--- !ruby/hash:ActiveSupport::HashWithIndifferentAccess\nanschaffungskategorie: AV-Technik\nreference: invoice\numzug: zgeln\nankunftszustand: intakt\n','2016-02-23 06:53:20','2016-02-23 06:53:20'),(285,'0duml9ntfqm6ofouch9w232','1f:2c:27:00:41:0f-e7:78:2b:a6:fc:23-a2:08:94:e5:ec:7e',284,179,272,9,NULL,NULL,'2011-08-29','2016-02-23',NULL,NULL,'53.00',0,0,1,0,1,1,NULL,NULL,NULL,NULL,NULL,'--- !ruby/hash:ActiveSupport::HashWithIndifferentAccess\nanschaffungskategorie: AV-Technik\nreference: invoice\numzug: zgeln\nankunftszustand: intakt\n','2016-02-23 06:53:20','2016-02-23 06:53:20'),(286,'hasmpa75kedz1p6qdzr2233','a5:51:bd:77:af:89-8a:65:b8:7b:10:e0-b0:d3:5b:20:3c:83',285,180,273,7,NULL,NULL,'2013-03-23','2016-02-23',NULL,NULL,'915.00',0,0,1,0,1,1,NULL,NULL,NULL,NULL,NULL,'--- !ruby/hash:ActiveSupport::HashWithIndifferentAccess\nanschaffungskategorie: AV-Technik\nreference: invoice\numzug: zgeln\nankunftszustand: intakt\n','2016-02-23 06:53:20','2016-02-23 06:53:20'),(287,'ju8n49ucghg69jsb9ne6234','31:cb:92:03:68:94-07:61:f0:31:ab:b8-1f:75:a9:fb:85:f2',286,181,274,6,NULL,NULL,'2013-12-10','2016-02-23',NULL,NULL,'274.00',0,0,1,0,1,1,NULL,NULL,NULL,NULL,NULL,'--- !ruby/hash:ActiveSupport::HashWithIndifferentAccess\nanschaffungskategorie: AV-Technik\nreference: invoice\numzug: zgeln\nankunftszustand: intakt\n','2016-02-23 06:53:20','2016-02-23 06:53:20');
/*!40000 ALTER TABLE `items` ENABLE KEYS */;
UNLOCK TABLES;

--
-- Table structure for table `languages`
--

DROP TABLE IF EXISTS `languages`;
/*!40101 SET @saved_cs_client     = @@character_set_client */;
/*!40101 SET character_set_client = utf8 */;
CREATE TABLE `languages` (
  `id` int(11) NOT NULL AUTO_INCREMENT,
  `name` varchar(255) COLLATE utf8_unicode_ci DEFAULT NULL,
  `locale_name` varchar(255) COLLATE utf8_unicode_ci DEFAULT NULL,
  `default` tinyint(1) DEFAULT NULL,
  `active` tinyint(1) DEFAULT NULL,
  PRIMARY KEY (`id`),
  UNIQUE KEY `index_languages_on_name` (`name`),
  KEY `index_languages_on_active_and_default` (`active`,`default`)
) ENGINE=InnoDB AUTO_INCREMENT=5 DEFAULT CHARSET=utf8 COLLATE=utf8_unicode_ci;
/*!40101 SET character_set_client = @saved_cs_client */;

--
-- Dumping data for table `languages`
--

LOCK TABLES `languages` WRITE;
/*!40000 ALTER TABLE `languages` DISABLE KEYS */;
INSERT INTO `languages` VALUES (1,'English (UK)','en-GB',1,1),(2,'English (US)','en-US',0,1),(3,'Deutsch','de-CH',0,1),(4,'Zrittsch','gsw-CH',0,1);
/*!40000 ALTER TABLE `languages` ENABLE KEYS */;
UNLOCK TABLES;

--
-- Table structure for table `locations`
--

DROP TABLE IF EXISTS `locations`;
/*!40101 SET @saved_cs_client     = @@character_set_client */;
/*!40101 SET character_set_client = utf8 */;
CREATE TABLE `locations` (
  `id` int(11) NOT NULL AUTO_INCREMENT,
  `room` varchar(255) COLLATE utf8_unicode_ci DEFAULT NULL,
  `shelf` varchar(255) COLLATE utf8_unicode_ci DEFAULT NULL,
  `building_id` int(11) DEFAULT NULL,
  PRIMARY KEY (`id`),
  KEY `index_locations_on_building_id` (`building_id`),
  CONSTRAINT `locations_building_id_fk` FOREIGN KEY (`building_id`) REFERENCES `buildings` (`id`)
) ENGINE=InnoDB AUTO_INCREMENT=182 DEFAULT CHARSET=utf8 COLLATE=utf8_unicode_ci;
/*!40101 SET character_set_client = @saved_cs_client */;

--
-- Dumping data for table `locations`
--

LOCK TABLES `locations` WRITE;
/*!40000 ALTER TABLE `locations` DISABLE KEYS */;
INSERT INTO `locations` VALUES (1,'SQ2','Desk',1),(2,'UG 13','Ausgabe',1),(3,'Doloremdeserunt','fugiatconsequuntur',2),(4,'Cumqueautem','ipsumaut',3),(5,'Dolorumducimus','eumat',4),(6,'Veroaut','quaeratitaque',5),(7,'Etipsa','sedtempora',6),(8,'Utitaque','quisoluta',7),(9,'Sintpraesentium','numquamquae',8),(10,'Quiautem','omnisveritatis',9),(11,'Nemoodit','fugitdicta',10),(12,'Idomnis','beataesit',11),(13,'Doloribusquasi','exercitationemeos',12),(14,'Teneturipsa','distinctioomnis',13),(15,'Quaehic','praesentiumin',14),(16,'Mollitiadolor','uteos',15),(17,'Corporissoluta','corporismodi',16),(18,'Porroaliquid','architectoet',17),(19,'Quiacommodi','totamnam',18),(20,'Cumquibusdam','quaeillo',19),(21,'Temporadebitis','voluptatibusofficia',20),(22,'Quidolorem','inventoreiusto',21),(23,'Rerumesse','doloremarchitecto',22),(24,'Autconsequatur','cupiditateearum',23),(25,'Illoquos','sitvel',24),(26,'Etharum','optioalias',25),(27,'Noncupiditate','nihilea',26),(28,'Quasiipsa','accusantiumvoluptatem',27),(29,'Illumqui','beataesit',28),(30,'Sequialiquid','delenitidolorem',29),(31,'Voluptatemet','quasivitae',30),(32,'Voluptatemmolestiae','autemassumenda',31),(33,'Laudantiumqui','remat',32),(34,'Sequiid','nobisnumquam',33),(35,'Fugitlaudantium','atempora',34),(36,'Voluptatibusdebitis','voluptashic',35),(37,'Quidistinctio','veritatissint',36),(38,'Delectusveritatis','molestiaeoptio',37),(39,'Solutarem','sitnihil',38),(40,'Providentvitae','quiadebitis',39),(41,'Voluptatemenim','perspiciatisest',40),(42,'Aliquideum','quodrecusandae',41),(43,'Earumtotam','quislibero',42),(44,'Suntquia','atquequo',43),(45,'Utexercitationem','eligendisint',44),(46,'Nihildignissimos','commodisit',45),(47,'Voluptatemet','utofficiis',46),(48,'Dolorumqui','involuptatibus',47),(49,'Etdignissimos','nemoofficia',48),(50,'Ipsaomnis','voluptatematque',49),(51,'Eaquedignissimos','architectoconsequuntur',50),(52,'Etquis','rerumvitae',51),(53,'Utaccusamus','pariaturaliquid',52),(54,'Inciduntin','isteodit',53),(55,'Laboriosamtemporibus','suntaccusantium',54),(56,'Voluptasaccusamus','sintvoluptatum',55),(57,'Estdolore','idet',56),(58,'Nonconsectetur','exdolore',57),(59,'Eoset','rationefacilis',58),(60,'Nequeipsum','doloremmolestiae',59),(61,'Asperioreserror','suntet',60),(62,'Doloremdelectus','consequunturaccusamus',61),(63,'Hiccommodi','veroporro',62),(64,'Laborumquia','utex',63),(65,'Vellibero','ametfugit',64),(66,'Expeditaqui','officiahic',65),(67,'Abitaque','quiaest',66),(68,'Temporead','voluptatumducimus',67),(69,'Etlaudantium','atenetur',68),(70,'Sitincidunt','aliastempore',69),(71,'Beataelaboriosam','iurerecusandae',70),(72,'Velculpa','quibusdamdolores',71),(73,'Velitvoluptatem','reiciendismaxime',72),(74,'Remnihil','ipsamsunt',73),(75,'Sitqui','porrovoluptas',74),(76,'Autadipisci','veritatisomnis',75),(77,'Voluptatemet','repellendusquia',76),(78,'Laudantiumporro','consequaturet',77),(79,'Officiaex','quodadipisci',78),(80,'Assumendaeaque','omnisesse',79),(81,'Sunthic','saepeexplicabo',80),(82,'Autsed','cumqueamet',81),(83,'Abexercitationem','dignissimosaut',82),(84,'Aliquidatque','voluptatedolor',83),(85,'Eiussed','quicupiditate',84),(86,'Utveniam','quossint',85),(87,'Accusantiumnam','vitaesed',86),(88,'Perferendisvero','abofficiis',87),(89,'Pariaturlaboriosam','inciduntexplicabo',88),(90,'Magnamvoluptatem','omnisa',89),(91,'Estdolor','eosmaxime',90),(92,'Eiusmollitia','minimasuscipit',91),(93,'Rerumprovident','temporibusqui',92),(94,'Sedquod','reruminventore',93),(95,'Rerumducimus','dolornemo',94),(96,'Aliquiddolores','illumvoluptatum',95),(97,'Etmodi','nihiltenetur',96),(98,'Commodioptio','nisinihil',97),(99,'Eligendiarchitecto','laboreaccusantium',98),(100,'Natuset','voluptatemnostrum',99),(101,'Voluptatemsit','dictamolestiae',100),(102,'Etquos','rerumut',101),(103,'Remsaepe','rerumaut',102),(104,'Inciduntqui','aliquamoccaecati',103),(105,'Voluptateodio','totamsed',104),(106,'Possimusadipisci','nonvoluptates',105),(107,'Etsapiente','quoplaceat',106),(108,'Placeatmolestiae','consequunturtotam',107),(109,'Temporaqui','teneturvoluptatem',108),(110,'Sapienteexpedita','facereasperiores',109),(111,'Excepturiut','repudiandaesint',110),(112,'Omnisasperiores','magnimaiores',111),(113,'Abvoluptas','placeataut',112),(114,'Utillo','quosqui',113),(115,'Istelabore','magnamlaudantium',114),(116,'Quassit','dolorumea',115),(117,'Rationeomnis','maioreslaborum',116),(118,'Totamea','utarchitecto',117),(119,'Noneius','eiusvel',118),(120,'Molestiaequi','estunde',119),(121,'Quiaexpedita','voluptasquia',120),(122,'Sintvoluptate','estvoluptatem',121),(123,'Etsunt','deseruntsit',122),(124,'Enimdistinctio','enimdolores',123),(125,'Quisdolorum','fugita',124),(126,'Perferendiscommodi','molestiaeeveniet',125),(127,'Ipsumincidunt','occaecatiautem',126),(128,'Etamet','repudiandaefuga',127),(129,'Eaquia','iureipsum',128),(130,'Officiisrerum','reprehenderitsunt',129),(131,'Eumenim','inpossimus',130),(132,'Velexpedita','magnamaliquam',131),(133,'Errorest','praesentiumvoluptatibus',132),(134,'Nonlabore','voluptatemad',133),(135,'Nequeat','tenetureligendi',134),(136,'Voluptatemut','illumaut',135),(137,'Etest','dolorumsaepe',136),(138,'Explicabocum','laboriosamiste',137),(139,'Omnisratione','voluptatesdolorum',138),(140,'Minimanecessitatibus','exercitationemnon',139),(141,'Fugareiciendis','etqui',140),(142,'Aliquidmolestiae','repellendusest',141),(143,'Repellatet','utmaiores',142),(144,'Voluptasaccusantium','etnemo',143),(145,'Namnihil','utut',144),(146,'Sitmagni','quascumque',145),(147,'Cumquenecessitatibus','utexercitationem',146),(148,'Nihiltempore','illocum',147),(149,'Architectoexplicabo','fugiatea',148),(150,'Consequaturducimus','quiaet',149),(151,'Odiodoloremque','fugaillum',150),(152,'Consequaturvoluptas','etvero',151),(153,'Nonipsam','etatque',152),(154,'Veniamvoluptatem','inet',153),(155,'Dolorerror','laborumquasi',154),(156,'Itaquelabore','etdolores',155),(157,'Velex','molestiasdolore',156),(158,'Consequatursit','autdeserunt',157),(159,'Veroquisquam','facilissimilique',158),(160,'Nesciuntitaque','ipsatotam',159),(161,'Earumqui','estea',160),(162,'Quodaperiam','evenietsed',161),(163,'Ducimusnostrum','earumquidem',162),(164,'Illout','totamesse',163),(165,'Aspernatursequi','istecupiditate',164),(166,'Sedassumenda','eosearum',165),(167,'Voluptatibusvel','utsit',166),(168,'Quinon','sapienteut',167),(169,'Molestiasvel','minusrerum',168),(170,'Aperiamquibusdam','estdignissimos',169),(171,'Explicabosunt','molestiaequibusdam',170),(172,'Temporeest','ducimusquis',171),(173,'Earumculpa','eumeaque',172),(174,'Uteligendi','estperferendis',173),(175,'Estenim','laborevoluptates',174),(176,'Delenitivelit','maioresest',175),(177,'Repellendusaut','magnamvoluptatum',176),(178,'Etcorrupti','commodiqui',177),(179,'Nonut','ipsumasperiores',178),(180,'Eiusnihil','corruptidoloremque',179),(181,'Optiominima','harumratione',180);
/*!40000 ALTER TABLE `locations` ENABLE KEYS */;
UNLOCK TABLES;

--
-- Table structure for table `model_group_links`
--

DROP TABLE IF EXISTS `model_group_links`;
/*!40101 SET @saved_cs_client     = @@character_set_client */;
/*!40101 SET character_set_client = utf8 */;
CREATE TABLE `model_group_links` (
  `id` int(11) NOT NULL AUTO_INCREMENT,
  `ancestor_id` int(11) DEFAULT NULL,
  `descendant_id` int(11) DEFAULT NULL,
  `direct` tinyint(1) DEFAULT NULL,
  `count` int(11) DEFAULT NULL,
  `label` varchar(255) COLLATE utf8_unicode_ci DEFAULT NULL,
  PRIMARY KEY (`id`),
  KEY `index_model_group_links_on_ancestor_id` (`ancestor_id`),
  KEY `index_model_group_links_on_direct` (`direct`),
  KEY `index_on_descendant_id_and_ancestor_id_and_direct` (`descendant_id`,`ancestor_id`,`direct`),
  CONSTRAINT `model_group_links_descendant_id_fk` FOREIGN KEY (`descendant_id`) REFERENCES `model_groups` (`id`) ON DELETE CASCADE,
  CONSTRAINT `model_group_links_ancestor_id_fk` FOREIGN KEY (`ancestor_id`) REFERENCES `model_groups` (`id`) ON DELETE CASCADE
) ENGINE=InnoDB AUTO_INCREMENT=9 DEFAULT CHARSET=utf8 COLLATE=utf8_unicode_ci;
/*!40101 SET character_set_client = @saved_cs_client */;

--
-- Dumping data for table `model_group_links`
--

LOCK TABLES `model_group_links` WRITE;
/*!40000 ALTER TABLE `model_group_links` DISABLE KEYS */;
INSERT INTO `model_group_links` VALUES (1,2,8,1,1,NULL),(2,5,9,1,1,NULL),(3,1,9,1,1,NULL),(4,2,10,1,1,NULL),(5,5,10,1,1,NULL),(6,1,11,0,1,NULL),(7,5,11,0,1,NULL),(8,9,11,1,1,NULL);
/*!40000 ALTER TABLE `model_group_links` ENABLE KEYS */;
UNLOCK TABLES;

--
-- Table structure for table `model_groups`
--

DROP TABLE IF EXISTS `model_groups`;
/*!40101 SET @saved_cs_client     = @@character_set_client */;
/*!40101 SET character_set_client = utf8 */;
CREATE TABLE `model_groups` (
  `id` int(11) NOT NULL AUTO_INCREMENT,
  `type` varchar(255) COLLATE utf8_unicode_ci DEFAULT NULL,
  `name` varchar(255) COLLATE utf8_unicode_ci DEFAULT NULL,
  `created_at` datetime DEFAULT NULL,
  `updated_at` datetime DEFAULT NULL,
  PRIMARY KEY (`id`),
  KEY `index_model_groups_on_type` (`type`)
) ENGINE=InnoDB AUTO_INCREMENT=15 DEFAULT CHARSET=utf8 COLLATE=utf8_unicode_ci;
/*!40101 SET character_set_client = @saved_cs_client */;

--
-- Dumping data for table `model_groups`
--

LOCK TABLES `model_groups` WRITE;
/*!40000 ALTER TABLE `model_groups` DISABLE KEYS */;
INSERT INTO `model_groups` VALUES (1,'Category','Beamer','2016-02-25 06:53:20','2016-02-25 06:53:20'),(2,'Category','Kameras','2016-02-25 06:53:20','2016-02-25 06:53:20'),(3,'Category','Stative','2016-02-25 06:53:20','2016-02-25 06:53:20'),(4,'Category','Hifi-Anlagen','2016-02-25 06:53:20','2016-02-25 06:53:20'),(5,'Category','Notebooks','2016-02-25 06:53:20','2016-02-25 06:53:20'),(6,'Category','RC Helikopter','2016-02-25 06:53:20','2016-02-25 06:53:20'),(7,'Category','Computer','2016-02-25 06:53:20','2016-02-25 06:53:20'),(8,'Category','Kurzdistanz','2016-02-25 06:53:20','2016-02-25 06:53:20'),(9,'Category','Portabel','2016-02-25 06:53:20','2016-02-25 06:53:20'),(10,'Category','Standard','2016-02-25 06:53:20','2016-02-25 06:53:20'),(11,'Category','Micro','2016-02-25 06:53:20','2016-02-25 06:53:20'),(12,'Template','Kamera & Stativ','2016-02-25 06:53:20','2016-02-25 06:53:20'),(13,'Template','Beamer & Hifi','2016-02-25 06:53:20','2016-02-25 06:53:20'),(14,'Template','Unaccomplishable template','2016-02-25 06:53:20','2016-02-25 06:53:20');
/*!40000 ALTER TABLE `model_groups` ENABLE KEYS */;
UNLOCK TABLES;

--
-- Table structure for table `model_links`
--

DROP TABLE IF EXISTS `model_links`;
/*!40101 SET @saved_cs_client     = @@character_set_client */;
/*!40101 SET character_set_client = utf8 */;
CREATE TABLE `model_links` (
  `id` int(11) NOT NULL AUTO_INCREMENT,
  `model_group_id` int(11) DEFAULT NULL,
  `model_id` int(11) DEFAULT NULL,
  `quantity` int(11) DEFAULT '1',
  PRIMARY KEY (`id`),
  KEY `index_model_links_on_model_id_and_model_group_id` (`model_id`,`model_group_id`),
  KEY `index_model_links_on_model_group_id_and_model_id` (`model_group_id`,`model_id`),
  CONSTRAINT `model_links_model_id_fk` FOREIGN KEY (`model_id`) REFERENCES `models` (`id`) ON DELETE CASCADE,
  CONSTRAINT `model_links_model_group_id_fk` FOREIGN KEY (`model_group_id`) REFERENCES `model_groups` (`id`) ON DELETE CASCADE
) ENGINE=InnoDB AUTO_INCREMENT=74 DEFAULT CHARSET=utf8 COLLATE=utf8_unicode_ci;
/*!40101 SET character_set_client = @saved_cs_client */;

--
-- Dumping data for table `model_links`
--

LOCK TABLES `model_links` WRITE;
/*!40000 ALTER TABLE `model_links` DISABLE KEYS */;
INSERT INTO `model_links` VALUES (1,1,24,1),(2,1,25,1),(3,1,26,1),(4,1,27,1),(5,1,28,1),(6,1,29,1),(7,1,30,1),(8,1,31,1),(9,1,32,1),(10,1,33,1),(11,1,34,1),(12,1,35,1),(13,1,36,1),(14,1,37,1),(15,1,38,1),(16,1,39,1),(17,1,40,1),(18,1,41,1),(19,1,42,1),(20,1,43,1),(21,2,44,1),(22,2,45,1),(23,2,46,1),(24,2,47,1),(25,2,48,1),(26,2,49,1),(27,2,50,1),(28,2,51,1),(29,2,52,1),(30,2,53,1),(31,2,54,1),(32,2,55,1),(33,2,56,1),(34,2,57,1),(35,2,58,1),(36,2,59,1),(37,2,60,1),(38,2,61,1),(39,2,62,1),(40,2,63,1),(41,2,64,1),(42,2,65,1),(43,2,66,1),(44,2,67,1),(45,2,68,1),(46,2,69,1),(47,2,70,1),(48,2,71,1),(49,2,72,1),(50,2,73,1),(51,5,1,1),(52,1,2,1),(53,9,2,1),(54,1,3,1),(55,1,4,1),(56,1,6,1),(57,9,6,1),(58,11,7,1),(59,2,8,1),(60,3,9,1),(61,4,10,1),(62,2,13,1),(63,5,14,1),(64,6,15,1),(65,6,16,1),(66,6,17,1),(67,7,18,1),(68,12,8,1),(69,12,9,1),(70,13,2,1),(71,13,10,1),(72,14,8,1),(73,14,9,1);
/*!40000 ALTER TABLE `model_links` ENABLE KEYS */;
UNLOCK TABLES;

--
-- Table structure for table `models`
--

DROP TABLE IF EXISTS `models`;
/*!40101 SET @saved_cs_client     = @@character_set_client */;
/*!40101 SET character_set_client = utf8 */;
CREATE TABLE `models` (
  `id` int(11) NOT NULL AUTO_INCREMENT,
  `type` varchar(255) COLLATE utf8_unicode_ci NOT NULL DEFAULT 'Model',
  `manufacturer` varchar(255) COLLATE utf8_unicode_ci DEFAULT NULL,
  `product` varchar(255) COLLATE utf8_unicode_ci NOT NULL,
  `version` varchar(255) COLLATE utf8_unicode_ci DEFAULT NULL,
  `description` text COLLATE utf8_unicode_ci,
  `internal_description` text COLLATE utf8_unicode_ci,
  `info_url` varchar(255) COLLATE utf8_unicode_ci DEFAULT NULL,
  `rental_price` decimal(8,2) DEFAULT NULL,
  `maintenance_period` int(11) DEFAULT '0',
  `is_package` tinyint(1) DEFAULT '0',
  `technical_detail` text COLLATE utf8_unicode_ci,
  `hand_over_note` text COLLATE utf8_unicode_ci,
  `created_at` datetime DEFAULT NULL,
  `updated_at` datetime DEFAULT NULL,
  PRIMARY KEY (`id`),
  KEY `index_models_on_is_package` (`is_package`),
  KEY `index_models_on_type` (`type`)
) ENGINE=InnoDB AUTO_INCREMENT=287 DEFAULT CHARSET=utf8 COLLATE=utf8_unicode_ci;
/*!40101 SET character_set_client = @saved_cs_client */;

--
-- Dumping data for table `models`
--

LOCK TABLES `models` WRITE;
/*!40000 ALTER TABLE `models` DISABLE KEYS */;
INSERT INTO `models` VALUES (1,'Model','Apple','MacBookPro',NULL,'Laptop fr Studis und Angestellte.','Delectus occaecati itaque doloribus minus quia qui aut adipisci.',NULL,NULL,0,0,'Voluptatem aut corporis voluptas ipsa magni autem eum.','Mit Verpackung aushndigen.','2016-02-25 06:53:20','2016-02-25 06:53:20'),(2,'Model','Sharp','Sharp Beamer','123','Beamer, geeignet fr alle Verwendungszwecke.','Repellat eius consectetur necessitatibus repudiandae minima sed fuga repellendus.',NULL,NULL,0,0,'Qui impedit et nihil laborum vero sed.','Beamer braucht ein VGA Kabel!','2016-02-25 06:53:20','2016-02-25 06:53:20'),(3,'Model','Sharp','Sharp Beamer 2D',NULL,'Beamer, geeignet fr alle Verwendungszwecke.','Cum aut laboriosam quia id aut quia.',NULL,NULL,0,0,'Corporis in accusantium harum ipsam porro voluptate.','Ut tenetur sequi voluptatem accusamus.','2016-02-25 06:53:20','2016-02-25 06:53:20'),(4,'Model','Panasonic','Mini Beamer',NULL,'Beamer, geeignet fr alle Verwendungszwecke.','Architecto harum alias facere asperiores.',NULL,NULL,0,0,'Voluptas ut architecto et qui ea eligendi consequatur atque.','Quod repudiandae vel quo.','2016-02-25 06:53:20','2016-02-25 06:53:20'),(5,'Model','Panasonic','Sharp Beamer','456','Beamer, geeignet fr alle Verwendungszwecke.','Sint et eum ducimus nam est doloremque.',NULL,NULL,0,0,'Aut sit necessitatibus reprehenderit sint ipsum doloribus voluptate.','Beamer braucht ein VGA Kabel!','2016-02-25 06:53:20','2016-02-25 06:53:20'),(6,'Model','Sony','Ultra Compact Beamer',NULL,'Besonders kleiner Beamer.','Dolorem occaecati voluptatibus sit odio dolores molestiae enim rem.',NULL,NULL,0,0,'Sit temporibus totam voluptatum sit sed impedit vel.','Beamer braucht ein VGA Kabel!','2016-02-25 06:53:20','2016-02-25 06:53:20'),(7,'Model','Micro','Micro Beamer',NULL,'Besonders mikro kleiner Beamer.','Minus quia voluptas id est est blanditiis quis.',NULL,NULL,0,0,'Deserunt sit fugit et dolor atque velit a.','Beamer braucht ein VGA Kabel!','2016-02-25 06:53:20','2016-02-25 06:53:20'),(8,'Model','Nikon','Kamera Nikon','X12','Super Kamera.','Illum impedit sed saepe.',NULL,NULL,0,0,'Sit ad molestiae eos ullam.','Kamera braucht Akkus!','2016-02-25 06:53:20','2016-02-25 06:53:20'),(9,'Model','Feli','Kamera Stativ','123','Stabiles Kamera Stativ','Aliquam ea voluptatibus in saepe.',NULL,NULL,0,0,'Repellat ducimus non eius veniam fugit iure totam.','Stativ muss mit Stativtasche ausgehndigt werden.','2016-02-25 06:53:20','2016-02-25 06:53:20'),(10,'Model','Sony','Hifi Standard',NULL,'Fuga cupiditate tempora blanditiis est neque.','Rerum error molestiae deleniti cum.',NULL,NULL,0,0,'Commodi nam aut architecto quos et exercitationem.','Blanditiis nobis eaque facilis et.','2016-02-25 06:53:20','2016-02-25 06:53:20'),(11,'Model','Bose','Bose AE2W',NULL,'Minima id sapiente architecto quo quia. Veniam alias eius molestiae ex perspiciatis. Doloremque exercitationem ut.','Iste eaque non voluptatem aperiam sit eum.',NULL,NULL,0,0,'Omnis et ut et ut.','Omnis reiciendis et molestias consequatur velit.','2016-02-25 06:53:20','2016-02-25 06:53:20'),(12,'Model','Bose','Bose XG4',NULL,'Suscipit magnam enim. Officia at laudantium quae. Non natus voluptas esse odio qui. Culpa dignissimos ut explicabo sapiente officia voluptas rerum. Eos dolores consectetur.','Aut deserunt minus incidunt quos quia.',NULL,NULL,3,0,'Iure et et aut earum voluptatem voluptas suscipit dicta.','Sint est eaque velit amet excepturi delectus iste dolorem.','2016-02-25 06:53:20','2016-02-25 06:53:20'),(13,'Model','Canon','Kamera Canon D5',NULL,'Ganz teure Kamera','Expedita quasi perspiciatis quam omnis odio.',NULL,NULL,0,0,'Mollitia et animi ut dolor explicabo.','Kamera braucht Akkus!','2016-02-25 06:53:20','2016-02-25 06:53:20'),(14,'Model','Microsoft','Windows Laptop',NULL,'Ein Laptop der Marke Microsoft','Doloribus itaque veritatis ea sit ex dolorem eos.',NULL,NULL,0,0,'Laboriosam quia eligendi repudiandae et eveniet ut.','Laptop mit Tasche ausgeben','2016-02-25 06:53:20','2016-02-25 06:53:20'),(15,'Model','Walkera','Walkera v120','1G','3D Helikopter','Placeat a nam sapiente eum harum quo magni.',NULL,NULL,0,0,'Exercitationem tempore ad amet similique cumque quidem iusto.','Et ut deserunt maiores dolorum magnam placeat ullam repellendus.','2016-02-25 06:53:20','2016-02-25 06:53:20'),(16,'Model','Walkera','Walkera v120','2G','3D Helikopter','Nemo voluptas temporibus omnis libero distinctio magnam nesciunt.',NULL,NULL,0,0,'Soluta et et expedita voluptas necessitatibus omnis rem eum.','Non consequatur quod harum ut.','2016-02-25 06:53:20','2016-02-25 06:53:20'),(17,'Model','Walkera','Walkera v120','3G','3D Helikopter','Quia facilis doloremque laudantium tempora ut.',NULL,NULL,0,0,'Sunt deserunt qui sed aliquam enim repellat dolor.','Earum quae ut quam ad dolorem.','2016-02-25 06:53:20','2016-02-25 06:53:20'),(18,'Model','Apple','iMac',NULL,'Apples alter iMac','Laudantium minus eum praesentium vero nihil.',NULL,NULL,0,0,'Reprehenderit et voluptatem velit provident enim.','Vero adipisci consequuntur qui ducimus commodi rerum reprehenderit voluptas.','2016-02-25 06:53:20','2016-02-25 06:53:20'),(19,'Model','Apple','MacBook Air',NULL,'Sit consequatur eum autem aut.','Est dolor id illum.',NULL,NULL,0,0,'Sed dolorum cupiditate odit est qui amet repudiandae qui.','Saepe voluptatem officia modi quidem accusamus vel.','2016-02-25 06:53:20','2016-02-25 06:53:20'),(20,'Model','Lenovo','Thinkpad','X230','Ut inventore nostrum quisquam voluptas unde et.','Voluptatem accusantium neque voluptate necessitatibus exercitationem.',NULL,NULL,0,0,'Occaecati voluptatem minus recusandae.','Reiciendis et ea nemo delectus ullam quo.','2016-02-25 06:53:20','2016-02-25 06:53:20'),(21,'Model','Lenovo','Thinkpad','X301','Repudiandae dolorem dolore sed aut quam et vel.','Dolor earum quas illum dolor vel autem distinctio.',NULL,NULL,0,0,'Neque est est dolor et commodi voluptas quasi.','Rerum labore perspiciatis saepe.','2016-02-25 06:53:20','2016-02-25 06:53:20'),(22,'Model','Lenovo','Thinkpad','Carbon','Vel hic unde consequatur debitis nam expedita doloribus eius.','Vel sed quod est sit accusantium sed inventore.',NULL,NULL,0,0,'Quaerat quia sit dolor dolorem sint culpa.','Rerum perspiciatis dolor nesciunt ducimus debitis facere amet.','2016-02-25 06:53:20','2016-02-25 06:53:20'),(23,'Model','Dell','Inspiron','7000','Voluptas voluptate dolor omnis dolores consequatur.','Qui quo itaque tempora.',NULL,NULL,0,0,'Dignissimos blanditiis laborum cumque.','Rerum et commodi eius est minus ut.','2016-02-25 06:53:20','2016-02-25 06:53:20'),(24,'Model','Sony','Beamer 1 recusandae','1','Voluptatem repellat dolor nihil voluptas commodi in et sit.','Ut ut perspiciatis reprehenderit consequatur sit eaque nesciunt.',NULL,NULL,0,0,'Esse voluptates est culpa iste nisi fuga autem ut.','Beamer braucht ein VGA Kabel!','2016-02-25 06:53:20','2016-02-25 06:53:20'),(25,'Model','Sony','Beamer 2 molestiae','2','Nam sed aut est sapiente exercitationem.','Aliquam quam sed maiores.',NULL,NULL,0,0,'Tenetur placeat sit commodi quia dignissimos totam ducimus corrupti.','Beamer braucht ein VGA Kabel!','2016-02-25 06:53:20','2016-02-25 06:53:20'),(26,'Model','Sony','Beamer 3 quam','3','Aspernatur dolore asperiores temporibus amet vero ab.','Earum dolorum assumenda accusantium maxime iusto.',NULL,NULL,0,0,'Vitae eveniet asperiores qui aut.','Beamer braucht ein VGA Kabel!','2016-02-25 06:53:20','2016-02-25 06:53:20'),(27,'Model','Sony','Beamer 4 aut','4','Consequuntur et a est ut nemo quia.','Et quae consectetur quisquam mollitia vel iste perferendis quis.',NULL,NULL,0,0,'Aut quae aperiam omnis reprehenderit.','Beamer braucht ein VGA Kabel!','2016-02-25 06:53:20','2016-02-25 06:53:20'),(28,'Model','Sony','Beamer 5 officiis','5','Pariatur vitae aliquam omnis quis.','Qui autem ut ratione enim.',NULL,NULL,0,0,'Eius voluptatem molestias natus.','Beamer braucht ein VGA Kabel!','2016-02-25 06:53:20','2016-02-25 06:53:20'),(29,'Model','Sony','Beamer 6 eaque','6','Impedit soluta optio qui aperiam sint rerum nam.','Fugiat nulla velit repudiandae dolor debitis ullam et.',NULL,NULL,0,0,'Praesentium numquam ipsam laboriosam qui velit dolor neque nulla.','Beamer braucht ein VGA Kabel!','2016-02-25 06:53:20','2016-02-25 06:53:20'),(30,'Model','Sony','Beamer 7 nesciunt','7','Sed aut sit libero blanditiis placeat.','Ratione nostrum iusto qui dolores facere.',NULL,NULL,0,0,'Labore in consequuntur beatae porro libero atque.','Beamer braucht ein VGA Kabel!','2016-02-25 06:53:20','2016-02-25 06:53:20'),(31,'Model','Sony','Beamer 8 laborum','8','Enim placeat sint sit.','Nemo necessitatibus ipsa ea delectus omnis.',NULL,NULL,0,0,'Et delectus quam sunt tenetur facilis.','Beamer braucht ein VGA Kabel!','2016-02-25 06:53:20','2016-02-25 06:53:20'),(32,'Model','Sony','Beamer 9 vero','9','Aut dolore veritatis quod quis quo esse.','Dicta saepe neque blanditiis delectus.',NULL,NULL,0,0,'Excepturi impedit corporis dicta voluptatem voluptatibus perferendis esse aut.','Beamer braucht ein VGA Kabel!','2016-02-25 06:53:20','2016-02-25 06:53:20'),(33,'Model','Sony','Beamer 10 explicabo','10','Mollitia aperiam dignissimos repudiandae et.','Tempore at ex deleniti quos ea magnam voluptate adipisci.',NULL,NULL,0,0,'Quaerat placeat rem dignissimos repellendus.','Beamer braucht ein VGA Kabel!','2016-02-25 06:53:20','2016-02-25 06:53:20'),(34,'Model','Sony','Beamer 11 est','11','Ab dolore tempore magni et.','Quasi ratione eos quam ad consectetur.',NULL,NULL,0,0,'Eligendi soluta molestias non in beatae.','Beamer braucht ein VGA Kabel!','2016-02-25 06:53:20','2016-02-25 06:53:20'),(35,'Model','Sony','Beamer 12 saepe','12','Labore non sed tempore quibusdam sint.','Ut non et dolore eius repellendus quis.',NULL,NULL,0,0,'Dolor distinctio porro magnam quisquam sunt.','Beamer braucht ein VGA Kabel!','2016-02-25 06:53:20','2016-02-25 06:53:20'),(36,'Model','Sony','Beamer 13 suscipit','13','Veniam fugit reprehenderit ex officiis culpa.','Ad fugit quia rerum animi et molestiae quo ea.',NULL,NULL,0,0,'Aut odio iste magni quos sed atque repudiandae.','Beamer braucht ein VGA Kabel!','2016-02-25 06:53:20','2016-02-25 06:53:20'),(37,'Model','Sony','Beamer 14 autem','14','Quo a qui illo unde eveniet.','Similique mollitia expedita et.',NULL,NULL,0,0,'Aut id possimus nam quae dolore atque.','Beamer braucht ein VGA Kabel!','2016-02-25 06:53:20','2016-02-25 06:53:20'),(38,'Model','Sony','Beamer 15 consequatur','15','Provident velit expedita magnam in debitis qui molestias occaecati.','Doloremque aut consequatur fuga animi dolore sunt non.',NULL,NULL,0,0,'Repellendus magnam beatae qui.','Beamer braucht ein VGA Kabel!','2016-02-25 06:53:20','2016-02-25 06:53:20'),(39,'Model','Sony','Beamer 16 illum','16','Eum assumenda qui nam possimus quam dicta a.','Et quod sint facere consequatur rem enim consequatur.',NULL,NULL,0,0,'Nemo tempora cumque repudiandae voluptas incidunt rem vero voluptatem.','Beamer braucht ein VGA Kabel!','2016-02-25 06:53:20','2016-02-25 06:53:20'),(40,'Model','Sony','Beamer 17 illum','17','Unde repudiandae et perspiciatis.','Animi et nulla non libero aspernatur esse.',NULL,NULL,0,0,'Dolorem consectetur eaque ut soluta illo ut veniam.','Beamer braucht ein VGA Kabel!','2016-02-25 06:53:20','2016-02-25 06:53:20'),(41,'Model','Sony','Beamer 18 adipisci','18','Et distinctio rerum debitis dicta.','Delectus repellendus eveniet est consequatur et ipsam totam molestiae.',NULL,NULL,0,0,'Tenetur est doloremque dolor est ratione.','Beamer braucht ein VGA Kabel!','2016-02-25 06:53:20','2016-02-25 06:53:20'),(42,'Model','Sony','Beamer 19 natus','19','Voluptatem qui facilis est explicabo quos qui sequi.','Omnis ex deserunt eligendi rerum alias ut.',NULL,NULL,0,0,'Deleniti suscipit molestias a eum illum reprehenderit cupiditate.','Beamer braucht ein VGA Kabel!','2016-02-25 06:53:20','2016-02-25 06:53:20'),(43,'Model','Sony','Beamer 20 vel','20','Soluta omnis quia et delectus sunt totam aliquid sint.','Distinctio suscipit soluta deleniti.',NULL,NULL,0,0,'Qui enim pariatur numquam ipsam reprehenderit reiciendis repellat saepe.','Beamer braucht ein VGA Kabel!','2016-02-25 06:53:20','2016-02-25 06:53:20'),(44,'Model','Nikon','Kameras 1 vitae','21','Iure sed vel consequuntur tempore magnam.','Quo fuga culpa provident blanditiis voluptatem molestias est.',NULL,NULL,0,0,'Id eos id molestias.',NULL,'2016-02-25 06:53:20','2016-02-25 06:53:20'),(45,'Model','Nikon','Kameras 2 culpa','22','Doloremque molestias dolores soluta asperiores sit.','Repudiandae ut non ex eum id qui.',NULL,NULL,0,0,'Aliquam consequatur dolore architecto voluptatibus.',NULL,'2016-02-25 06:53:20','2016-02-25 06:53:20'),(46,'Model','Nikon','Kameras 3 dolor','23','Voluptas eligendi iste animi nisi ut voluptatem.','Cumque vel ullam et.',NULL,NULL,0,0,'Tempora voluptatem nam amet et sed quam reprehenderit quibusdam.',NULL,'2016-02-25 06:53:20','2016-02-25 06:53:20'),(47,'Model','Nikon','Kameras 4 autem','24','Doloremque ea qui nisi ut laborum.','Excepturi et perferendis consequuntur similique atque.',NULL,NULL,0,0,'Magni aut nihil minima qui omnis voluptates.',NULL,'2016-02-25 06:53:20','2016-02-25 06:53:20'),(48,'Model','Nikon','Kameras 5 est','25','Eos incidunt magnam enim molestiae nesciunt.','Quasi saepe quo earum aut voluptas blanditiis.',NULL,NULL,0,0,'Ad facere et voluptas maxime error tempora blanditiis sequi.',NULL,'2016-02-25 06:53:20','2016-02-25 06:53:20'),(49,'Model','Nikon','Kameras 6 sit','26','Qui eveniet minima quas.','Voluptatem similique earum qui et.',NULL,NULL,0,0,'Molestias recusandae voluptatum illo aut ratione eum non omnis.',NULL,'2016-02-25 06:53:20','2016-02-25 06:53:20'),(50,'Model','Nikon','Kameras 7 qui','27','Quos aut fugiat similique possimus fuga minus eos.','Quod suscipit error iusto.',NULL,NULL,0,0,'Quia assumenda fugit rerum.',NULL,'2016-02-25 06:53:20','2016-02-25 06:53:20'),(51,'Model','Nikon','Kameras 8 corrupti','28','Ut et sit cumque dolore hic.','Quis commodi architecto atque excepturi repellendus harum.',NULL,NULL,0,0,'Quia ea eveniet consequuntur facere tempora.',NULL,'2016-02-25 06:53:20','2016-02-25 06:53:20'),(52,'Model','Nikon','Kameras 9 et','29','Repellat sint consequatur et incidunt placeat doloribus asperiores.','Quisquam veritatis quia voluptatem.',NULL,NULL,0,0,'Alias ipsa fugiat non minus exercitationem.',NULL,'2016-02-25 06:53:20','2016-02-25 06:53:20'),(53,'Model','Nikon','Kameras 10 velit','30','Ratione aliquid nulla qui atque quam.','Similique quaerat non maiores autem.',NULL,NULL,0,0,'Mollitia consectetur accusantium in explicabo.',NULL,'2016-02-25 06:53:20','2016-02-25 06:53:20'),(54,'Model','Nikon','Kameras 11 et','31','Iusto necessitatibus enim aliquid.','Repellat ipsum est molestiae necessitatibus et vel asperiores sequi.',NULL,NULL,0,0,'Beatae nesciunt ut deserunt perspiciatis vel corrupti quia.',NULL,'2016-02-25 06:53:20','2016-02-25 06:53:20'),(55,'Model','Nikon','Kameras 12 non','32','Ut molestiae quas cupiditate quo.','Rem est nobis ea ad nihil occaecati.',NULL,NULL,0,0,'Officiis voluptas ea suscipit provident quia.',NULL,'2016-02-25 06:53:20','2016-02-25 06:53:20'),(56,'Model','Nikon','Kameras 13 cum','33','Similique sit inventore sit voluptate maxime deleniti.','Sit libero enim veniam et.',NULL,NULL,0,0,'Quidem qui aut expedita possimus.',NULL,'2016-02-25 06:53:20','2016-02-25 06:53:20'),(57,'Model','Nikon','Kameras 14 dicta','34','Soluta aperiam optio a tempore.','Voluptatem voluptas expedita sed et.',NULL,NULL,0,0,'Ut est rerum provident ex et quibusdam.',NULL,'2016-02-25 06:53:20','2016-02-25 06:53:20'),(58,'Model','Nikon','Kameras 15 nobis','35','Voluptatibus suscipit voluptates et rem.','Iusto nobis id nihil est atque quam odit perferendis.',NULL,NULL,0,0,'Dolor vel consequatur cum in ipsam labore commodi iste.',NULL,'2016-02-25 06:53:20','2016-02-25 06:53:20'),(59,'Model','Nikon','Kameras 16 quis','36','Molestiae quaerat maxime iure et ut est.','Sint ipsum dolorem aut et consequuntur vel in recusandae.',NULL,NULL,0,0,'Ipsa libero velit est fugit necessitatibus quam.',NULL,'2016-02-25 06:53:20','2016-02-25 06:53:20'),(60,'Model','Nikon','Kameras 17 et','37','Minus facere repellendus aut et aliquam ad ratione.','Assumenda animi aut nihil a.',NULL,NULL,0,0,'Voluptatem ut repellat quia quia sint laboriosam aliquid.',NULL,'2016-02-25 06:53:20','2016-02-25 06:53:20'),(61,'Model','Nikon','Kameras 18 sunt','38','Est sed sunt quisquam debitis provident porro sed.','Non soluta est sunt ut nostrum reprehenderit.',NULL,NULL,0,0,'Enim illum sunt eaque non ullam aut tempore.',NULL,'2016-02-25 06:53:20','2016-02-25 06:53:20'),(62,'Model','Nikon','Kameras 19 aut','39','Maiores consectetur autem officiis.','Autem qui voluptate et.',NULL,NULL,0,0,'Esse eos sequi aut omnis dolor repudiandae dolorem.',NULL,'2016-02-25 06:53:20','2016-02-25 06:53:20'),(63,'Model','Nikon','Kameras 20 reiciendis','40','Laboriosam odit qui et aut minus dolorem provident qui.','Quo aut suscipit magnam fuga sint.',NULL,NULL,0,0,'Rerum qui omnis quam aut accusantium est.',NULL,'2016-02-25 06:53:20','2016-02-25 06:53:20'),(64,'Model','Nikon','Kameras 21 voluptatem','41','Cupiditate quibusdam quo ad pariatur amet magnam.','Nostrum eum nihil quibusdam voluptatibus nulla numquam quam eos.',NULL,NULL,0,0,'Suscipit sint perferendis magnam voluptatibus aut et.',NULL,'2016-02-25 06:53:20','2016-02-25 06:53:20'),(65,'Model','Nikon','Kameras 22 labore','42','In et laudantium repellendus quia voluptatem est numquam voluptatibus.','Exercitationem autem ut soluta corrupti qui ut optio aliquam.',NULL,NULL,0,0,'Qui sit molestiae facere rerum.',NULL,'2016-02-25 06:53:20','2016-02-25 06:53:20'),(66,'Model','Nikon','Kameras 23 dolore','43','Nostrum voluptas perferendis et laboriosam.','Ut et eos reiciendis voluptas et ut qui.',NULL,NULL,0,0,'Accusantium cumque consequatur voluptatem.',NULL,'2016-02-25 06:53:20','2016-02-25 06:53:20'),(67,'Model','Nikon','Kameras 24 consequatur','44','Laboriosam vel perferendis labore enim nemo error facere.','Deserunt hic sed qui iusto illum.',NULL,NULL,0,0,'Dolores accusamus qui quia.',NULL,'2016-02-25 06:53:20','2016-02-25 06:53:20'),(68,'Model','Nikon','Kameras 25 tempora','45','Consequatur non consequatur quod qui occaecati dolores error.','Omnis voluptatem unde vel reiciendis praesentium ut a.',NULL,NULL,0,0,'Soluta est nemo suscipit corrupti.',NULL,'2016-02-25 06:53:20','2016-02-25 06:53:20'),(69,'Model','Nikon','Kameras 26 expedita','46','Eaque dolor temporibus est maxime illum sit.','Ex sed quas doloribus adipisci debitis nihil delectus.',NULL,NULL,0,0,'Et soluta explicabo reiciendis cum quia quis inventore.',NULL,'2016-02-25 06:53:20','2016-02-25 06:53:20'),(70,'Model','Nikon','Kameras 27 ut','47','Illum laborum natus dolores praesentium eius.','Aperiam perspiciatis corporis adipisci voluptas temporibus.',NULL,NULL,0,0,'Qui quisquam voluptas modi ex inventore esse et et.',NULL,'2016-02-25 06:53:20','2016-02-25 06:53:20'),(71,'Model','Nikon','Kameras 28 nesciunt','48','Provident similique laboriosam eligendi voluptatibus officia.','Et excepturi distinctio quia amet.',NULL,NULL,0,0,'Laudantium saepe officia id eveniet aut.',NULL,'2016-02-25 06:53:20','2016-02-25 06:53:20'),(72,'Model','Nikon','Kameras 29 voluptas','49','Vel quas molestias alias et reiciendis debitis et.','Nostrum porro dicta odio voluptatem perferendis id.',NULL,NULL,0,0,'Impedit nesciunt ut nam aliquam eius maxime eaque est.',NULL,'2016-02-25 06:53:20','2016-02-25 06:53:20'),(73,'Model','Nikon','Kameras 30 harum','50','Ex aperiam ut distinctio.','Non et dolores necessitatibus.',NULL,NULL,0,0,'Perspiciatis laboriosam quis voluptas assumenda et repudiandae.',NULL,'2016-02-25 06:53:20','2016-02-25 06:53:20'),(74,'Software','Bogisich, Franecki and Bruen','Adobe Acrobat','51',NULL,NULL,NULL,NULL,0,0,'test http://test.ch\\r\nwww.foo.ch\\r\njust a text',NULL,'2016-02-25 06:53:20','2016-02-25 06:53:20'),(75,'Software','Veum Group','MS Word','52',NULL,NULL,NULL,NULL,0,0,'test http://test.ch\\r\nwww.foo.ch\\r\njust a text',NULL,'2016-02-25 06:53:20','2016-02-25 06:53:20'),(76,'Software','Barton-Zboncak','Intelligent Wooden Shoes','53',NULL,NULL,NULL,NULL,0,0,NULL,NULL,'2016-02-25 06:53:20','2016-02-25 06:53:20'),(77,'Software','Barton, Johnson and Orn','Rustic Cotton Chair','54',NULL,NULL,NULL,NULL,0,0,NULL,NULL,'2016-02-25 06:53:20','2016-02-25 06:53:20'),(78,'Software','Hand-Collier','Practical Wooden Chair','55',NULL,NULL,NULL,NULL,0,0,NULL,NULL,'2016-02-25 06:53:20','2016-02-25 06:53:20'),(79,'Software','Kozey-Rutherford','Sleek Concrete Shirt','56',NULL,NULL,NULL,NULL,0,0,NULL,NULL,'2016-02-25 06:53:20','2016-02-25 06:53:20'),(80,'Software','Maggio, Muller and Kerluke','Practical Cotton Shoes','57',NULL,NULL,NULL,NULL,0,0,NULL,NULL,'2016-02-25 06:53:20','2016-02-25 06:53:20'),(81,'Software','Dare and Sons','Sleek Granite Chair','58',NULL,NULL,NULL,NULL,0,0,NULL,NULL,'2016-02-25 06:53:20','2016-02-25 06:53:20'),(82,'Software','Ward and Sons','Ergonomic Wooden Pants','59',NULL,NULL,NULL,NULL,0,0,NULL,NULL,'2016-02-25 06:53:20','2016-02-25 06:53:20'),(83,'Software','Jerde-Schmidt','Rustic Rubber Gloves','60',NULL,NULL,NULL,NULL,0,0,NULL,NULL,'2016-02-25 06:53:20','2016-02-25 06:53:20'),(84,'Software','Kohler-Reinger','Awesome Rubber Table','61',NULL,NULL,NULL,NULL,0,0,NULL,NULL,'2016-02-25 06:53:20','2016-02-25 06:53:20'),(85,'Software','Beahan Inc','Awesome Concrete Gloves','62',NULL,NULL,NULL,NULL,0,0,NULL,NULL,'2016-02-25 06:53:20','2016-02-25 06:53:20'),(86,'Model','Medhurst and Sons','Kamera Set','63','Quod et expedita quasi ea delectus rerum deleniti neque.','Et repellat aut corrupti dolor a rerum.',NULL,NULL,2,1,'Quia eius et voluptatum harum.','Cumque similique quia ratione ad.','2016-02-25 06:53:20','2016-02-25 06:53:20'),(87,'Model','Konopelski Inc','Rustic Granite Table','64','Eligendi dolorem quis impedit odio accusamus et ut cupiditate.','Temporibus et nihil sit occaecati dignissimos.',NULL,NULL,0,0,'Deleniti deserunt libero laboriosam.','Ullam labore aut exercitationem dolore.','2016-02-25 06:53:20','2016-02-25 06:53:20'),(88,'Model','Wolf and Sons','Practical Granite Pants','65','Hic saepe voluptatem consequatur ratione repudiandae est.','Dolore vel ut soluta.',NULL,NULL,1,0,'Neque temporibus est et autem id quas illum laboriosam.','Atque praesentium debitis saepe eum alias id.','2016-02-25 06:53:20','2016-02-25 06:53:20'),(89,'Model','Streich-Smitham','Incredible Granite Car','66','Praesentium quaerat sunt aut commodi alias necessitatibus omnis dolorem.','Omnis eos deleniti in animi quia.',NULL,NULL,0,0,'Odio omnis nisi dolores quisquam.','Rem suscipit voluptas vero ut deserunt autem.','2016-02-25 06:53:20','2016-02-25 06:53:20'),(90,'Model','Schneider-Howe','Practical Concrete Table','67','Hic ex voluptatum id dolores molestiae autem eligendi.','Nihil molestias ea quibusdam molestiae.',NULL,NULL,2,0,'Officiis molestiae ex quia quasi.','Ut natus qui neque ut possimus qui a.','2016-02-25 06:53:20','2016-02-25 06:53:20'),(91,'Model','Steuber Group','Rustic Granite Hat','68','Similique animi ut blanditiis enim impedit.','Odit eius assumenda consequatur nemo fugiat alias iusto.',NULL,NULL,1,0,'Non distinctio aut optio dolor laborum quia.','Minus accusamus voluptates earum quae consequuntur doloremque incidunt.','2016-02-25 06:53:20','2016-02-25 06:53:20'),(92,'Model','O\'Kon and Sons','Ergonomic Concrete Shirt','69','Nobis eveniet nisi accusamus et.','Laboriosam et nemo cupiditate et nobis officia.',NULL,NULL,0,0,'Dolorem debitis aut officia rerum tenetur.','Quos quisquam ea quibusdam sed aut repellat.','2016-02-25 06:53:20','2016-02-25 06:53:20'),(93,'Model','Gusikowski LLC','Ergonomic Steel Computer','70','Quia id nulla qui.','Consequuntur natus modi ullam harum perferendis voluptatum deleniti.',NULL,NULL,2,0,'Praesentium autem voluptas voluptate quo.','Dolorum repellat minima laboriosam exercitationem autem illo.','2016-02-25 06:53:20','2016-02-25 06:53:20'),(94,'Model','Flatley, Schumm and Balistreri','Awesome Granite Shoes','71','Vitae ut aut commodi molestias eos a.','Eligendi et placeat non autem.',NULL,NULL,3,0,'Quis nobis sequi veritatis distinctio voluptatem quam.','Aperiam omnis excepturi voluptatem.','2016-02-25 06:53:20','2016-02-25 06:53:20'),(95,'Model','Dibbert Group','Awesome Granite Hat','72','Blanditiis dolores rerum aut ea maxime illo et earum.','Consectetur veniam assumenda quaerat.',NULL,NULL,2,0,'Vero voluptatem qui et voluptatibus.','Ducimus voluptas sed totam nesciunt omnis eaque facere.','2016-02-25 06:53:20','2016-02-25 06:53:20'),(96,'Model','Luettgen, Kunde and Lang','Gorgeous Cotton Shoes','73','Dolorem ut sequi rerum aliquam minima exercitationem iure vitae.','Iure facilis laborum iste eos.',NULL,NULL,3,0,'Quo quis dolorem officia omnis.','Eos saepe qui quia modi molestias tenetur et itaque.','2016-02-25 06:53:20','2016-02-25 06:53:20'),(97,'Model','Schneider-Ratke','Gorgeous Steel Car','74','Aliquam sint qui facilis voluptatem quo consequatur mollitia.','Sed tenetur aut atque culpa qui et.',NULL,NULL,1,0,'Quis voluptatum sunt consectetur ad nisi neque suscipit at.','Delectus id dolore iusto.','2016-02-25 06:53:20','2016-02-25 06:53:20'),(98,'Model','Jaskolski Group','Practical Wooden Shirt','75','Consequatur ipsam modi a vel similique perspiciatis sequi.','Odit natus dolorem laboriosam velit ut voluptatibus cupiditate.',NULL,NULL,2,0,'Eveniet ut autem est nostrum et eum iusto blanditiis.','Sunt tenetur facere quos est debitis est expedita.','2016-02-25 06:53:20','2016-02-25 06:53:20'),(99,'Model','Bauch-Ratke','Fantastic Rubber Car','76','Et repellat provident esse ab accusantium.','Quis neque id aut eos.',NULL,NULL,1,0,'Debitis consectetur perferendis assumenda soluta veniam dolor cum ut.','Sint et vel reprehenderit dignissimos perspiciatis.','2016-02-25 06:53:20','2016-02-25 06:53:20'),(100,'Model','Homenick, Windler and Rice','Small Wooden Shirt','77','Ut magnam tempore quod quo porro tempora placeat.','Laudantium optio cumque sed enim eos perferendis autem saepe.',NULL,NULL,1,0,'Numquam voluptates fugiat ut ipsum magnam saepe debitis.','Totam quia praesentium voluptatem fuga.','2016-02-25 06:53:20','2016-02-25 06:53:20'),(101,'Model','Ritchie, Will and Weber','Awesome Plastic Car','78','Dicta qui quo porro.','Ad voluptas nam quia.',NULL,NULL,3,0,'Neque amet maiores ex consequatur.','Reiciendis eos provident nihil possimus sint.','2016-02-25 06:53:20','2016-02-25 06:53:20'),(102,'Model','Toy-Schroeder','Gorgeous Steel Chair','79','Et amet omnis et blanditiis dicta voluptatem animi.','Qui beatae recusandae similique.',NULL,NULL,1,0,'Voluptatem et a officiis.','Ut nulla harum fugit est.','2016-02-25 06:53:20','2016-02-25 06:53:20'),(103,'Model','Bahringer-Lebsack','Kamera Set2','80','Debitis in ea odit dignissimos consequatur et ut numquam.','Pariatur qui debitis corrupti magni.',NULL,NULL,2,1,'Voluptate est qui nostrum porro a aliquam eligendi itaque.','Quasi tempore quibusdam incidunt ipsam suscipit consequatur.','2016-02-25 06:53:20','2016-02-25 06:53:20'),(104,'Model','White, Cole and Howell','Ergonomic Concrete Gloves','81','Exercitationem excepturi eos perspiciatis et ullam alias sit.','Itaque possimus id aspernatur assumenda.',NULL,NULL,0,0,'Velit eum eveniet tempora maxime.','Veritatis in dolores iusto nihil velit eos aut.','2016-02-25 06:53:20','2016-02-25 06:53:20'),(105,'Model','Reichel-Hermann','Ergonomic Plastic Hat','82','Iusto et quo tempora et dolor distinctio molestiae.','Assumenda et atque molestias in.',NULL,NULL,1,0,'Atque quis et accusantium ut.','Aut quia dignissimos facilis illo expedita.','2016-02-25 06:53:20','2016-02-25 06:53:20'),(106,'Model','Reichert and Sons','Intelligent Granite Car','83','Aut aliquam sint cum molestias cupiditate.','Maiores eius enim porro eos quis asperiores eaque pariatur.',NULL,NULL,1,0,'Molestiae laudantium hic mollitia est.','Esse temporibus similique deserunt magnam et ducimus.','2016-02-25 06:53:20','2016-02-25 06:53:20'),(107,'Model','Marvin LLC','Gorgeous Wooden Gloves','84','In odio voluptatem modi fugit dolor quibusdam quam.','Odio alias minima consectetur ad enim sint.',NULL,NULL,3,0,'Distinctio dicta mollitia tenetur ea.','Nulla tempore dolores voluptatem excepturi vel ut modi reiciendis.','2016-02-25 06:53:20','2016-02-25 06:53:20'),(108,'Model','Jast, Zboncak and Feeney','Ergonomic Cotton Pants','85','Minima sit voluptatem eos numquam quibusdam consequatur.','Et est corrupti ipsa.',NULL,NULL,2,0,'Sed aut quia cum culpa cupiditate fuga dignissimos.','Voluptate sit ad placeat sapiente soluta.','2016-02-25 06:53:20','2016-02-25 06:53:20'),(109,'Model','Jakubowski, Eichmann and Kuhn','Intelligent Concrete Chair','86','Sit sit laboriosam unde.','Voluptates sed deleniti consequuntur quis aperiam minima.',NULL,NULL,2,0,'Tenetur rem consequuntur ea quas ut mollitia quia.','Excepturi tempora dolorem ad dicta nobis.','2016-02-25 06:53:20','2016-02-25 06:53:20'),(110,'Model','Christiansen-Keebler','Small Steel Computer','87','Magnam neque magni doloremque voluptatem qui voluptas eligendi.','Temporibus sed qui a itaque sint aut aperiam est.',NULL,NULL,0,0,'Autem pariatur qui vel quasi totam autem a aut.','Non voluptatem ea eius rerum iusto eum ut.','2016-02-25 06:53:20','2016-02-25 06:53:20'),(111,'Model','Auer, Prosacco and Denesik','Intelligent Granite Shoes','88','Vero sint accusantium accusamus in temporibus amet.','Deleniti reiciendis asperiores molestias neque aperiam.',NULL,NULL,0,0,'Quae itaque odio molestias et qui illum amet dignissimos.','Accusamus tempora sit non eius.','2016-02-25 06:53:20','2016-02-25 06:53:20'),(112,'Model','O\'Connell and Sons','Practical Concrete Shirt','89','Dolorem sed id ea.','Ut dignissimos error debitis et et ipsum laboriosam.',NULL,NULL,3,0,'Nemo aut molestiae temporibus dolores cupiditate voluptates.','Adipisci culpa voluptas dolores tenetur.','2016-02-25 06:53:20','2016-02-25 06:53:20'),(113,'Model','Paucek LLC','Ergonomic Rubber Computer','90','Alias non dolor explicabo ut beatae est voluptatem dolores.','Voluptas et reiciendis est eos et.',NULL,NULL,2,0,'Rerum ipsum sint tempora maxime optio facere.','In explicabo deserunt similique cum.','2016-02-25 06:53:20','2016-02-25 06:53:20'),(114,'Model','Cummings, Okuneva and Krajcik','Gorgeous Granite Shirt','91','Possimus libero qui omnis provident beatae quae earum voluptas.','Velit voluptatem quia minima.',NULL,NULL,1,0,'Enim exercitationem dolores minus maxime.','Sed nulla optio commodi tempora quasi nemo laudantium.','2016-02-25 06:53:20','2016-02-25 06:53:20'),(115,'Model','Dooley LLC','Gorgeous Wooden Shirt','92','Distinctio a voluptas quia.','Qui autem nihil quia vero.',NULL,NULL,1,0,'Accusantium perferendis non aliquid quibusdam nobis dolorum expedita aut.','Molestias quisquam dicta laudantium officia non minima quia.','2016-02-25 06:53:20','2016-02-25 06:53:20'),(116,'Model','Wintheiser, Funk and Lubowitz','Fantastic Wooden Hat','97','Minus ut ea rerum aut temporibus ullam.','Est dignissimos culpa vero et.',NULL,NULL,1,0,'Quibusdam consequuntur sed est.','Quia facere exercitationem ipsa quia tenetur quia aliquid doloremque.','2016-02-25 06:53:20','2016-02-25 06:53:20'),(117,'Model','Mitchell, Haag and Lueilwitz','Fantastic Concrete Table','98','Impedit omnis amet voluptate.','Animi ea eum in.',NULL,NULL,2,0,'Rem accusantium saepe aspernatur et omnis quos provident.','Optio quis qui mollitia voluptatem suscipit autem sed nisi.','2016-02-25 06:53:20','2016-02-25 06:53:20'),(118,'Model','Sporer, Collins and Veum','Practical Concrete Pants','99','Voluptate recusandae tempore error aut dolorem eligendi tempora rem.','Repellendus adipisci ipsum fugit et consequatur voluptate est.',NULL,NULL,2,0,'Explicabo est ipsum sit qui reiciendis voluptatem.','Culpa ipsam eaque architecto.','2016-02-25 06:53:20','2016-02-25 06:53:20'),(119,'Model','Sanford-Howell','Practical Wooden Pants','100','Ratione quo et nesciunt sunt.','Perspiciatis nihil esse ipsa eveniet.',NULL,NULL,1,0,'Est asperiores et minus.','Iusto corrupti temporibus odio facilis neque.','2016-02-25 06:53:20','2016-02-25 06:53:20'),(120,'Model','Dibbert-Hilll','Awesome Rubber Pants','101','Nobis voluptatum nostrum saepe architecto iure officia eveniet et.','Rerum et voluptatem vel perspiciatis eum aut rerum quia.',NULL,NULL,0,0,'Mollitia accusantium praesentium sed animi vel repudiandae ipsum.','Laboriosam exercitationem veritatis sit.','2016-02-25 06:53:20','2016-02-25 06:53:20'),(121,'Model','Corkery, Conn and Lang','Gorgeous Wooden Chair','102','Harum possimus sint fugiat.','Quibusdam necessitatibus architecto sint quas esse reprehenderit.',NULL,NULL,2,0,'Quos delectus quia eum consequuntur magni.','Qui pariatur aut ea magnam ducimus placeat ea.','2016-02-25 06:53:20','2016-02-25 06:53:20'),(122,'Model','Reichel, Armstrong and Greenfelder','Fantastic Plastic Hat','103','Ducimus at repellendus in voluptatum.','Quos mollitia quae libero.',NULL,NULL,3,0,'Sint vel aut rerum.','Est molestiae ut atque.','2016-02-25 06:53:20','2016-02-25 06:53:20'),(123,'Model','Kuvalis, Hirthe and Goldner','Sleek Rubber Shoes','104','Rerum ut odit veniam facilis recusandae iure.','Id adipisci nostrum quam.',NULL,NULL,0,0,'Ab numquam voluptatem tenetur et mollitia aut.','Mollitia eos illo quae qui quia.','2016-02-25 06:53:20','2016-02-25 06:53:20'),(124,'Model','Rolfson Inc','Awesome Plastic Shoes','105','Est qui eaque excepturi accusantium est culpa expedita eum.','Molestiae laudantium dolorem aliquid accusamus optio earum.',NULL,NULL,3,0,'Asperiores repellendus in esse sapiente et vel voluptatum.','Qui non est deserunt qui.','2016-02-25 06:53:20','2016-02-25 06:53:20'),(125,'Model','Willms, Klein and Hermiston','Incredible Steel Chair','106','Sint explicabo a ea exercitationem vel eius ab.','Ut minima non explicabo sunt magnam.',NULL,NULL,3,0,'Quia aut est magnam veniam dolorem quis praesentium.','Aut est eaque ipsam libero.','2016-02-25 06:53:20','2016-02-25 06:53:20'),(126,'Model','Ernser-Bashirian','Rustic Wooden Computer','107','Quia est et aperiam rem nihil placeat ut sunt.','Commodi quo vero autem aut aut nesciunt debitis.',NULL,NULL,1,0,'Quo occaecati qui velit ipsa.','Nam vel modi ad.','2016-02-25 06:53:20','2016-02-25 06:53:20'),(127,'Model','Murphy Group','Small Concrete Shirt','108','Repudiandae quisquam recusandae aut.','Libero voluptas ea accusantium sint enim laborum illum aut.',NULL,NULL,0,0,'Quasi totam quo possimus occaecati.','Repellat sed vero eligendi sit ea quisquam dicta.','2016-02-25 06:53:20','2016-02-25 06:53:20'),(128,'Model','Robel, Durgan and Feest','Ergonomic Rubber Car','109','Aut provident eaque incidunt ea assumenda perferendis enim consectetur.','Quas voluptatum eligendi ut.',NULL,NULL,0,0,'Dolorem enim ut aut dolorum voluptas a qui sit.','Ipsa dolore ea sapiente aut veniam aliquam eaque.','2016-02-25 06:53:20','2016-02-25 06:53:20'),(129,'Model','Grimes-McLaughlin','Sleek Cotton Shirt','110','Dolorem eligendi voluptas dolor.','Dolor ut aut ipsa quisquam beatae harum velit sapiente.',NULL,NULL,2,0,'Atque quod occaecati deserunt ad consequatur quos hic modi.','Soluta ducimus quod nisi porro.','2016-02-25 06:53:20','2016-02-25 06:53:20'),(130,'Model','Tromp Group','Awesome Cotton Computer','111','Nihil ea eveniet ut nihil exercitationem adipisci mollitia.','Modi aliquid beatae et.',NULL,NULL,2,0,'Magni sit sit sunt ut quibusdam magnam aut.','Doloribus voluptatum minima doloremque eaque velit sint eveniet ab.','2016-02-25 06:53:20','2016-02-25 06:53:20'),(131,'Model','Bartoletti-Ortiz','Small Granite Gloves','112','Voluptas cupiditate animi quia et consequatur exercitationem dolores doloremque.','Aliquid quaerat error hic non libero qui et.',NULL,NULL,3,0,'Dolorem perferendis velit dolor.','Sint nostrum modi magni.','2016-02-25 06:53:20','2016-02-25 06:53:20'),(132,'Model','Cassin Inc','Small Steel Hat','113','Officia est qui magni odit enim molestiae ab fuga.','Et nam perferendis repellendus aliquam recusandae omnis magni vitae.',NULL,NULL,0,0,'Alias sed fugit est laborum.','Aut ullam ratione qui sequi molestiae voluptatem.','2016-02-25 06:53:20','2016-02-25 06:53:20'),(133,'Model','Medhurst, Rau and Johnson','Incredible Wooden Table','114','Officiis autem sed voluptatibus.','Aut et sed deserunt magni officia eos.',NULL,NULL,1,0,'Est recusandae dicta in est sed nihil earum.','Aut eveniet numquam ut earum cumque quia consequatur accusantium.','2016-02-25 06:53:20','2016-02-25 06:53:20'),(134,'Model','Herzog-Dicki','Fantastic Plastic Computer','115','Nostrum dignissimos expedita dolorem quo quos.','At nulla eum sed molestiae aut.',NULL,NULL,2,0,'Aliquid doloribus soluta dignissimos at nostrum.','Quibusdam reiciendis ut est quia.','2016-02-25 06:53:20','2016-02-25 06:53:20'),(135,'Model','Bruen-Waters','Gorgeous Cotton Pants','116','Voluptas et ipsum dolor sequi.','Provident nostrum fugit at perferendis et totam.',NULL,NULL,3,0,'Saepe dignissimos neque rerum architecto dolore officia sint.','Amet ut deleniti eaque consequatur ratione nostrum.','2016-02-25 06:53:20','2016-02-25 06:53:20'),(136,'Model','Vandervort-Johnston','Fantastic Concrete Car','117','Sed autem itaque tempora.','Nesciunt unde fuga perferendis id eos nemo distinctio qui.',NULL,NULL,0,0,'Aut dolore non quia incidunt vel eligendi expedita.','Incidunt qui ab eius optio enim consequuntur.','2016-02-25 06:53:20','2016-02-25 06:53:20'),(137,'Model','Howe-Bogisich','Intelligent Wooden Chair','118','Est quo facere voluptas est.','Rerum magnam cum pariatur nisi asperiores.',NULL,NULL,2,0,'Sed optio repudiandae maiores.','Laborum illo numquam quia a vitae.','2016-02-25 06:53:20','2016-02-25 06:53:20'),(138,'Model','Ryan, Klocko and Mosciski','Fantastic Concrete Gloves','119','Non corporis hic officia deserunt soluta quasi explicabo.','Enim reiciendis natus placeat libero quisquam sint sint.',NULL,NULL,1,0,'Culpa fugit magnam pariatur deserunt aut.','Id eligendi quo sunt vero reiciendis aut similique.','2016-02-25 06:53:20','2016-02-25 06:53:20'),(139,'Model','Lueilwitz Inc','Ergonomic Wooden Car','120','Iure quidem et est blanditiis dolor omnis.','In eveniet qui dolores debitis quia.',NULL,NULL,0,0,'Aliquid omnis voluptatem vel nam molestiae.','Quo enim blanditiis eum.','2016-02-25 06:53:20','2016-02-25 06:53:20'),(140,'Model','Larson, Crona and Metz','Gorgeous Wooden Computer','121','Et sit qui iusto aut voluptas quidem quia necessitatibus.','Cumque velit cupiditate quos ad.',NULL,NULL,1,0,'Et libero voluptatem officiis quam.','Officia rem ducimus sapiente nihil.','2016-02-25 06:53:20','2016-02-25 06:53:20'),(141,'Model','Windler-Ledner','Gorgeous Concrete Shoes','122','Id sed distinctio ut qui exercitationem est recusandae.','Odit velit vel sint.',NULL,NULL,0,0,'Culpa voluptate veritatis ex architecto velit.','Ab doloribus beatae pariatur eius quo incidunt.','2016-02-25 06:53:20','2016-02-25 06:53:20'),(142,'Model','Yost, Bailey and Reichert','Awesome Concrete Pants','123','Similique est eos nisi distinctio id ut ut delectus.','Sunt consectetur rerum laudantium eos similique ab dignissimos.',NULL,NULL,1,0,'Et dolor est non eligendi vel repellendus omnis.','Iure nihil sequi consequatur quod minus itaque dolorem.','2016-02-25 06:53:20','2016-02-25 06:53:20'),(143,'Model','Crist LLC','Incredible Concrete Computer','124','Omnis animi ipsa aliquid est eaque sit.','Dolorum ea adipisci atque labore consequatur iusto.',NULL,NULL,3,0,'Nesciunt natus accusamus maxime.','Veritatis repellat quis inventore blanditiis.','2016-02-25 06:53:20','2016-02-25 06:53:20'),(144,'Model','Bahringer, Schuster and Goyette','Gorgeous Plastic Chair','125','Culpa id et temporibus.','Maxime qui tempore ipsum aut dolorum perferendis omnis.',NULL,NULL,0,0,'Dolor porro doloremque vel commodi blanditiis mollitia ut iusto.','Iure libero atque nesciunt.','2016-02-25 06:53:20','2016-02-25 06:53:20'),(145,'Model','Wuckert-Tromp','Ergonomic Plastic Gloves','126','Consectetur debitis exercitationem illo id non eligendi quod.','Quia qui ad animi esse ea.',NULL,NULL,2,0,'Nulla iste doloribus laudantium enim adipisci.','Voluptatem eius nisi in esse possimus ut nulla ullam.','2016-02-25 06:53:20','2016-02-25 06:53:20'),(146,'Model','Bauch Group','Ergonomic Steel Car','127','Beatae ut quos autem nemo voluptatem eum atque.','Architecto impedit cupiditate sunt.',NULL,NULL,2,0,'Quasi enim eligendi deserunt odio.','Molestiae officia est dolore vero similique recusandae veritatis fugiat.','2016-02-25 06:53:20','2016-02-25 06:53:20'),(147,'Model','Dach-Mertz','Rustic Cotton Table','128','Vel quidem accusantium ad iste.','Et aut aspernatur laudantium modi cumque consequuntur ut.',NULL,NULL,1,0,'Quidem voluptatum quam sed omnis vel ex non iure.','Optio nostrum nulla et corrupti qui autem.','2016-02-25 06:53:20','2016-02-25 06:53:20'),(148,'Model','Gusikowski-Rutherford','Intelligent Wooden Hat','129','Harum beatae neque ducimus accusamus corrupti consequatur voluptas.','Molestias ratione aut molestiae ducimus non cupiditate eum exercitationem.',NULL,NULL,1,0,'Ipsa quia et voluptate at.','Quia totam provident ipsum est architecto tempora.','2016-02-25 06:53:20','2016-02-25 06:53:20'),(149,'Model','Kuhn Group','Intelligent Concrete Pants','130','Esse quisquam dignissimos deserunt accusantium consequatur autem sunt.','Maiores eos saepe voluptas quae odit harum et aperiam.',NULL,NULL,2,0,'Quia explicabo qui dignissimos aliquam.','Molestias in expedita aliquid distinctio autem deserunt.','2016-02-25 06:53:20','2016-02-25 06:53:20'),(150,'Model','Wunsch-Upton','Gorgeous Rubber Shoes','131','Adipisci expedita non voluptate quibusdam perspiciatis sint.','Enim facilis amet est natus quia autem animi.',NULL,NULL,3,0,'Libero dolorum fugiat aliquid omnis.','Eum error ea accusantium ea molestias.','2016-02-25 06:53:20','2016-02-25 06:53:20'),(151,'Model','Kertzmann-Parker','Ergonomic Concrete Computer','132','Recusandae excepturi provident rerum.','In aliquam non debitis explicabo architecto saepe.',NULL,NULL,3,0,'Qui iste voluptas dolorem temporibus.','Rerum sint nam quo voluptas repellendus non vel laborum.','2016-02-25 06:53:20','2016-02-25 06:53:20'),(152,'Model','Kassulke LLC','Incredible Granite Gloves','133','Et sit ut labore harum officia aut.','Aspernatur blanditiis assumenda harum porro laudantium est numquam.',NULL,NULL,3,0,'Laboriosam vitae possimus et itaque officia adipisci soluta.','Recusandae tenetur quis est quo.','2016-02-25 06:53:20','2016-02-25 06:53:20'),(153,'Model','Gaylord-Parisian','Small Wooden Pants','134','Excepturi nihil amet quia ex quia atque sint sed.','Porro animi enim ipsa.',NULL,NULL,1,0,'Voluptatem facere quo suscipit incidunt atque voluptas.','Repudiandae possimus necessitatibus ipsa quia.','2016-02-25 06:53:20','2016-02-25 06:53:20'),(154,'Model','Considine, Runolfsson and Johnston','Awesome Steel Gloves','135','Perspiciatis suscipit nobis ut nostrum quia quo.','Placeat est nihil dolorem quo qui dolores accusamus in.',NULL,NULL,0,0,'Consequatur dolore libero rerum aspernatur.','Consequatur deserunt distinctio optio vero voluptates.','2016-02-25 06:53:20','2016-02-25 06:53:20'),(155,'Model','Jenkins, Turner and Pollich','Small Plastic Chair','136','Libero unde fugit esse.','Enim vel ut laborum.',NULL,NULL,2,0,'Dolores non molestiae ipsum ex quas aut placeat rerum.','Iure accusantium porro amet nostrum rem.','2016-02-25 06:53:20','2016-02-25 06:53:20'),(156,'Model','Herman-Sauer','Sleek Plastic Car','137','Vitae totam ut laboriosam velit eaque quia consequatur est.','Adipisci deserunt totam sit.',NULL,NULL,1,0,'Placeat non nobis beatae reprehenderit cum.','Officiis occaecati voluptatem a.','2016-02-25 06:53:20','2016-02-25 06:53:20'),(157,'Model','Cormier Group','Gorgeous Wooden Pants','138','Qui molestiae at rem adipisci accusamus totam.','Accusamus non voluptatibus recusandae assumenda eius non.',NULL,NULL,3,0,'Illo dolores itaque ullam ab laudantium unde sed.','Est error deserunt iure consequatur aperiam eos.','2016-02-25 06:53:20','2016-02-25 06:53:20'),(158,'Model','Ward LLC','Intelligent Steel Shoes','139','Et iste facere aut vitae dolores tempore adipisci.','Eius adipisci et et.',NULL,NULL,0,0,'Illo quos ipsum facere quisquam quam accusamus.','Placeat accusamus beatae magnam possimus cumque.','2016-02-25 06:53:20','2016-02-25 06:53:20'),(159,'Model','MacGyver and Sons','Fantastic Cotton Computer','140','Dignissimos odit accusamus eligendi explicabo ullam.','Natus enim voluptates harum odit neque aliquid enim iure.',NULL,NULL,0,0,'Eos neque illum maiores nobis facilis repudiandae.','Consequatur nostrum natus ea dolorem.','2016-02-25 06:53:20','2016-02-25 06:53:20'),(160,'Model','Brekke-Walker','Rustic Rubber Pants','141','Neque nobis laudantium dolorum quod.','Ut mollitia quia unde quisquam eveniet sint.',NULL,NULL,0,0,'Sunt in est magnam.','Quia ut sunt ipsa hic.','2016-02-19 06:53:20','2016-02-19 06:53:20'),(161,'Model','Nitzsche-Mueller','Small Wooden Car','142','Fuga et nesciunt qui qui placeat accusantium quod aut.','Dolores quam modi doloribus suscipit officia sequi.',NULL,NULL,1,0,'Est voluptate distinctio ut voluptatem exercitationem ut ipsum.','Corrupti nostrum rerum enim autem aliquid.','2016-02-19 06:53:20','2016-02-19 06:53:20'),(162,'Model','Kozey, Wilkinson and Grant','Incredible Granite Pants','143','Esse rerum eum quasi ad omnis quia.','Nihil eos iure consequatur.',NULL,NULL,1,0,'Ut eveniet asperiores aut aut neque ut.','Rerum reiciendis officiis ut doloremque soluta fugiat libero voluptates.','2016-02-19 06:53:20','2016-02-19 06:53:20'),(163,'Model','Waelchi LLC','Sleek Concrete Gloves','144','Quae voluptas consequatur et reprehenderit alias qui labore quia.','Quibusdam doloremque non sit et.',NULL,NULL,1,0,'Enim minus voluptatum corrupti eos.','Et corporis quas numquam aliquam earum qui.','2016-02-19 06:53:20','2016-02-19 06:53:20'),(164,'Model','Parisian-Renner','Incredible Plastic Gloves','145','Expedita deserunt facere hic corporis.','Deserunt voluptatem repellat in et doloribus minus ab est.',NULL,NULL,3,0,'Sed et nulla labore voluptas.','Officiis facilis itaque quod necessitatibus sed et quia fuga.','2016-02-25 06:53:20','2016-02-25 06:53:20'),(165,'Model','Kilback, Orn and Ratke','Incredible Rubber Shoes','146','Vitae id et numquam odio consectetur cum.','Dignissimos nulla aut sit.',NULL,NULL,3,0,'Tempore soluta sed sequi impedit.','Itaque corrupti sint doloribus earum culpa quis explicabo eaque.','2016-02-25 06:53:20','2016-02-25 06:53:20'),(166,'Model','Johnston, Jenkins and Herzog','Sleek Plastic Computer','147','Minus totam fuga et sint reiciendis quae doloribus est.','Est facilis eos reiciendis libero rerum.',NULL,NULL,1,0,'Iusto adipisci nihil officiis.','Similique sunt atque sit.','2016-02-25 06:53:20','2016-02-25 06:53:20'),(167,'Model','Erdman Inc','Practical Steel Shoes','148','Sed voluptatem laudantium adipisci expedita autem consequatur rerum.','Fugit omnis earum laudantium architecto aliquid aut doloremque.',NULL,NULL,3,0,'Ratione molestiae natus impedit aut.','Necessitatibus omnis distinctio unde quae et amet.','2016-02-25 06:53:20','2016-02-25 06:53:20'),(168,'Model','Mann LLC','Rustic Steel Computer','149','Perspiciatis aut et qui veniam inventore doloremque.','Perferendis molestias eveniet omnis et minus mollitia ratione.',NULL,NULL,3,0,'Quo aut aspernatur vel et incidunt.','Odio molestias placeat exercitationem quis illo.','2016-02-25 06:53:20','2016-02-25 06:53:20'),(169,'Model','Dibbert, Bauch and Durgan','Awesome Concrete Table','150','Excepturi recusandae nisi officiis vitae accusamus.','Laudantium ipsum voluptatum deleniti expedita ut ducimus quia dolor.',NULL,NULL,0,0,'Qui voluptates qui sit veritatis facilis veniam.','In natus est culpa illo dolor rerum nihil iste.','2016-02-25 06:53:20','2016-02-25 06:53:20'),(170,'Model','Cassin and Sons','Ergonomic Concrete Chair','151','Et ipsa non ullam voluptatem nesciunt.','Quidem est quibusdam et.',NULL,NULL,3,0,'Nihil facilis sunt consequuntur sit a ea dolore facere.','Consequatur sunt dolores quibusdam delectus optio ipsa.','2016-02-25 06:53:20','2016-02-25 06:53:20'),(171,'Model','Howell-Sanford','Rustic Cotton Shirt','152','Eaque dolor quae et nisi sit et.','Rerum sed ullam repellat corporis dignissimos laudantium ipsa ut.',NULL,NULL,0,0,'Nesciunt quod debitis quia qui.','Mollitia nostrum unde non est.','2016-02-25 06:53:20','2016-02-25 06:53:20'),(172,'Model','Pouros Group','Small Steel Car','153','Necessitatibus aliquid cum sapiente et ad saepe.','Voluptate dolorem rerum aut ipsa molestias.',NULL,NULL,0,0,'Aut exercitationem sequi rerum tempore tenetur non ducimus.','Labore maiores sit officia.','2016-02-25 06:53:20','2016-02-25 06:53:20'),(173,'Model','Okuneva Group','Intelligent Plastic Computer','154','Delectus corrupti porro ut veniam.','Ab quia quis sunt reprehenderit sed in autem.',NULL,NULL,1,0,'Qui voluptatibus eos incidunt doloribus.','Deleniti soluta quidem recusandae modi iusto.','2016-02-25 06:53:20','2016-02-25 06:53:20'),(174,'Model','Bernhard-Spinka','Practical Rubber Hat','155','Aperiam amet ducimus nam iste reiciendis.','Delectus voluptatem eos voluptate eum ut aut.',NULL,NULL,1,0,'Explicabo perferendis consequatur et animi.','Dolorem voluptatibus ut soluta voluptate quis illo.','2016-02-25 06:53:20','2016-02-25 06:53:20'),(175,'Model','Romaguera-Waelchi','Rustic Concrete Table','156','Dolor consequuntur in ut voluptates quas.','Cum quia doloremque quod deserunt assumenda nostrum nihil.',NULL,NULL,2,0,'Eaque eum dolor harum veritatis.','Quos necessitatibus non fuga velit.','2016-02-25 06:53:20','2016-02-25 06:53:20'),(176,'Model','Bernier, Raynor and McClure','Ergonomic Rubber Hat','157','Deserunt debitis non incidunt iusto ea.','Eum ea tempora et neque aut fugit.',NULL,NULL,3,0,'Sit molestiae nemo odit odio qui.','Unde voluptas cumque ut perspiciatis.','2016-02-25 06:53:20','2016-02-25 06:53:20'),(177,'Model','Fisher LLC','Rustic Granite Computer','158','Natus ad repellendus rerum laborum.','Consequatur quia et vel rem dolorum eveniet laudantium.',NULL,NULL,2,0,'Sapiente aut accusamus dolores sunt natus harum provident.','Est est dolorem asperiores et saepe pariatur iure amet.','2016-02-25 06:53:20','2016-02-25 06:53:20'),(178,'Model','Lesch, Jacobi and Mayert','Small Steel Shoes','159','Quia fugit eius nesciunt vitae dolor impedit odit.','Distinctio consequuntur earum nam.',NULL,NULL,2,0,'Sed temporibus voluptate omnis laudantium rem perferendis non iusto.','Similique enim impedit quo explicabo quas beatae sit consectetur.','2016-02-25 06:53:20','2016-02-25 06:53:20'),(179,'Model','Bradtke, Baumbach and Hahn','Rustic Steel Shoes','160','Placeat libero at odio corrupti mollitia aperiam fugiat in.','Hic recusandae minus aut.',NULL,NULL,2,0,'Quia error corrupti vitae inventore dolores ipsam.','Aut fugiat vitae et quisquam.','2016-02-25 06:53:20','2016-02-25 06:53:20'),(180,'Model','Ruecker, McClure and Kozey','Sleek Plastic Shirt','161','Voluptates quis consectetur quia consequuntur fugiat aut.','Molestiae consequatur unde velit provident.',NULL,NULL,1,0,'Est expedita sit sed quia aspernatur labore.','Iste enim eum id delectus qui nulla.','2016-02-24 06:53:20','2016-02-24 06:53:20'),(181,'Model','Blanda Inc','Ergonomic Granite Shirt','162','Voluptatem mollitia qui est voluptas.','Eaque in fugit quo.',NULL,NULL,3,0,'Ipsum sint asperiores et.','Voluptatem porro doloremque qui ab nihil sed maiores enim.','2016-02-24 06:53:20','2016-02-24 06:53:20'),(182,'Model','Schultz LLC','Sleek Concrete Computer','163','Modi voluptas vero ut enim.','Ab odio molestias velit et et dolorem.',NULL,NULL,0,0,'Quam dolorem aut eos labore quae.','Sed occaecati sunt mollitia quia iusto et.','2016-02-24 06:53:20','2016-02-24 06:53:20'),(183,'Model','Pacocha-Leffler','Sleek Concrete Hat','164','Magni quo nihil et ipsam.','Sapiente id et voluptatem enim.',NULL,NULL,1,0,'Asperiores eos dolores quis.','Omnis nemo molestiae alias non magni cumque id est.','2016-02-24 06:53:20','2016-02-24 06:53:20'),(184,'Model','Gaylord LLC','Intelligent Granite Gloves','165','Sunt assumenda accusantium iusto deserunt.','Et ea quasi suscipit ut dolore et quia cum.',NULL,NULL,1,0,'Placeat et blanditiis quaerat quia cupiditate qui consequatur quas.','Neque nesciunt officiis unde voluptatem voluptates.','2016-02-24 06:53:20','2016-02-24 06:53:20'),(185,'Model','Bergnaum-O\'Kon','Ergonomic Concrete Pants','166','Consectetur quisquam asperiores quia inventore sequi.','Ut saepe laboriosam numquam et.',NULL,NULL,3,0,'Ut et deleniti aut et praesentium et eum est.','Eum non voluptatem dolore dignissimos laboriosam consequuntur amet.','2016-02-21 06:53:20','2016-02-21 06:53:20'),(186,'Model','Bruen LLC','Incredible Concrete Shirt','167','Eveniet repudiandae qui et.','Dolorem qui ut aut.',NULL,NULL,1,0,'Voluptatem dignissimos eaque ea iusto laborum delectus molestiae quae.','Voluptate officiis in incidunt.','2016-02-21 06:53:20','2016-02-21 06:53:20'),(187,'Model','Goyette-Greenholt','Awesome Wooden Car','168','Qui illo animi incidunt quod et doloremque quia.','Rerum excepturi molestiae vel in aut unde.',NULL,NULL,0,0,'Inventore dolores saepe repellat quisquam.','Pariatur ab aut tenetur explicabo consequuntur autem.','2016-02-21 06:53:20','2016-02-21 06:53:20'),(188,'Model','Collins, Collier and Price','Incredible Rubber Table','169','Quia cum omnis veritatis omnis.','Ipsa quos vel numquam sed et corrupti assumenda.',NULL,NULL,2,0,'Sint qui dolores nostrum.','Reprehenderit qui et magnam sint sunt dolores repellat.','2016-02-25 06:53:20','2016-02-25 06:53:20'),(189,'Model','Tromp Group','Awesome Rubber Car','170','Maiores natus rerum delectus ut.','Molestiae officiis eius aliquid.',NULL,NULL,0,0,'Asperiores veritatis impedit ut et ea.','Est iure voluptatem et rerum earum nihil dolores.','2016-02-25 06:53:20','2016-02-25 06:53:20'),(190,'Model','Considine Group','Incredible Steel Computer','171','Id rerum aut necessitatibus et.','Vel tempore et aut incidunt culpa sequi consectetur.',NULL,NULL,2,0,'Ad illo et nihil rerum.','Eos officiis quo est exercitationem similique praesentium officia ab.','2016-02-25 06:53:20','2016-02-25 06:53:20'),(191,'Model','Romaguera-Zulauf','Fantastic Cotton Table','172','Mollitia est nihil quas qui.','Saepe exercitationem sint possimus est cupiditate.',NULL,NULL,2,0,'Eveniet explicabo autem nihil.','Sunt saepe et accusamus mollitia adipisci perferendis non.','2016-02-25 06:53:20','2016-02-25 06:53:20'),(192,'Model','Rutherford and Sons','Small Plastic Table','173','Omnis iste qui sed.','Ex suscipit nesciunt sed a cumque repudiandae labore adipisci.',NULL,NULL,2,0,'Provident dolor necessitatibus occaecati recusandae aliquid illo ut et.','Et hic quisquam dolorum.','2016-02-25 06:53:20','2016-02-25 06:53:20'),(193,'Model','Cassin, Trantow and Franecki','Awesome Rubber Gloves','174','Et provident doloremque quidem laboriosam magni.','Laboriosam accusantium molestiae deserunt sapiente qui.',NULL,NULL,0,0,'Labore at sit autem.','Architecto beatae placeat laborum maiores quia fugit sapiente.','2016-02-25 06:53:20','2016-02-25 06:53:20'),(194,'Model','Mayert, Blick and Wyman','Gorgeous Plastic Table','175','Maxime alias soluta modi voluptas nihil.','Commodi qui cum voluptatibus itaque atque.',NULL,NULL,1,0,'Nemo doloribus velit laboriosam in aut.','Nulla voluptatibus incidunt sed eius vel.','2016-02-25 06:53:20','2016-02-25 06:53:20'),(195,'Model','Strosin and Sons','Small Concrete Gloves','176','Possimus molestias aspernatur repudiandae.','Voluptatem soluta et deserunt ut qui.',NULL,NULL,3,0,'Repudiandae incidunt consequatur et vel est aut.','Enim incidunt sed sunt rerum quasi in qui consequatur.','2016-02-25 06:53:20','2016-02-25 06:53:20'),(196,'Model','Grady-Bosco','Intelligent Rubber Shoes','177','Itaque distinctio doloribus consequatur nam amet accusamus sed nihil.','Non et sequi ad repellendus laudantium.',NULL,NULL,2,0,'Optio quos sunt id dolor.','Ipsum quo voluptas quod minima aperiam ducimus consequuntur veritatis.','2016-02-25 06:53:20','2016-02-25 06:53:20'),(197,'Model','Walsh, Ruecker and Fritsch','Gorgeous Concrete Table','178','Magni dolorum voluptatem amet.','Cum ut dolor ratione totam quidem qui.',NULL,NULL,1,0,'Aliquam accusamus labore quo et quia ullam eligendi.','Ea libero in explicabo.','2016-02-25 06:53:20','2016-02-25 06:53:20'),(198,'Model','Rau, Schoen and Mayer','Sleek Cotton Table','179','Hic commodi ducimus magni saepe itaque et.','Ipsam sapiente et amet dolores molestiae.',NULL,NULL,3,0,'Autem laborum ipsam assumenda unde pariatur.','Esse amet quo sit neque excepturi natus asperiores sint.','2016-02-25 06:53:20','2016-02-25 06:53:20'),(199,'Model','Murray, Reichert and Brekke','Awesome Steel Hat','180','Porro nostrum voluptas illo non enim ut.','Et quia ut quod excepturi enim doloribus earum.',NULL,NULL,1,0,'Et in porro voluptatem voluptatem sed.','Animi ea molestiae doloremque vero porro rerum nam.','2016-02-25 06:53:20','2016-02-25 06:53:20'),(200,'Model','Cole LLC','Gorgeous Steel Shoes','181','Dicta dignissimos itaque sint libero explicabo.','Beatae amet dolore consequatur sed delectus.',NULL,NULL,1,0,'Magni est harum sit maxime veritatis provident vitae.','Eum voluptatem dolores repellendus ipsa magnam.','2016-02-25 06:53:20','2016-02-25 06:53:20'),(201,'Model','Olson-Spencer','Awesome Rubber Chair','182','Quo magnam consequuntur id recusandae sunt inventore atque autem.','Harum expedita sunt voluptatem id a et.',NULL,NULL,1,0,'Non magni sint voluptatem modi.','Omnis et unde architecto quaerat quidem.','2016-02-25 06:53:20','2016-02-25 06:53:20'),(202,'Model','Marvin and Sons','Gorgeous Granite Car','183','At dolor facere fuga architecto numquam.','Rem aut debitis id.',NULL,NULL,2,0,'In et quo beatae fugiat commodi ut.','Sint velit ut magni amet illum.','2016-02-25 06:53:20','2016-02-25 06:53:20'),(203,'Model','Lindgren and Sons','Small Rubber Gloves','184','Iste repudiandae omnis harum deserunt enim quis.','Sed iusto eligendi est sequi veniam rerum aspernatur quae.',NULL,NULL,0,0,'Similique consequuntur eligendi et nobis qui quis.','Natus enim quaerat nobis fugit deserunt.','2016-02-25 06:53:20','2016-02-25 06:53:20'),(204,'Model','Bashirian, Hartmann and Kerluke','Fantastic Granite Gloves','185','Ducimus saepe at vel sequi quae.','Voluptatem omnis cumque consectetur et voluptatem aspernatur sequi.',NULL,NULL,1,0,'Perspiciatis repellendus commodi autem quia similique exercitationem.','Odit esse non est corrupti.','2016-02-25 06:53:20','2016-02-25 06:53:20'),(205,'Model','Fritsch-Ortiz','Small Cotton Chair','186','Tenetur aliquam mollitia libero error tempore et repellendus qui.','Voluptatem qui itaque blanditiis aut consequuntur consequatur molestias dicta.',NULL,NULL,0,0,'Repellendus iste qui autem exercitationem at ad.','Tenetur et voluptatem et culpa dolorum facere voluptate facilis.','2016-02-25 06:53:20','2016-02-25 06:53:20'),(206,'Model','Frami LLC','Awesome Plastic Shirt','187','Nostrum expedita beatae vero ipsam fugit ipsa cum eum.','Excepturi rerum quaerat provident iure culpa corrupti.',NULL,NULL,1,0,'Corporis quae sint quia.','Est ex natus itaque quia molestiae perferendis accusantium.','2016-02-25 06:53:20','2016-02-25 06:53:20'),(207,'Model','Howe and Sons','Fantastic Steel Shirt','188','Et provident voluptatem nobis sunt dolorem eius molestias.','Qui voluptate tenetur quis.',NULL,NULL,2,0,'Omnis est eius blanditiis.','Qui mollitia deserunt maxime.','2016-02-25 06:53:20','2016-02-25 06:53:20'),(208,'Model','Koch Inc','Practical Cotton Gloves','189','Omnis occaecati neque libero possimus nihil ea eius.','Magni veniam omnis nesciunt voluptate velit.',NULL,NULL,3,0,'Ab voluptatem enim eum deleniti.','Quibusdam porro dignissimos consequatur sequi illum amet.','2016-02-25 06:53:20','2016-02-25 06:53:20'),(209,'Model','Lockman-Leuschke','Fantastic Steel Chair','190','Illo laborum quis nihil qui voluptas.','Odit et at harum fugit magni ullam.',NULL,NULL,0,0,'Laborum corrupti impedit eaque voluptates.','Voluptatem fugit necessitatibus eveniet.','2016-02-25 06:53:20','2016-02-25 06:53:20'),(210,'Model','Sauer, Konopelski and Schowalter','Fantastic Rubber Gloves','191','Laborum sapiente rem omnis fuga.','Veniam magnam architecto molestiae eum.',NULL,NULL,1,0,'Exercitationem dolor est placeat sequi.','Inventore blanditiis perspiciatis dolores culpa labore maiores.','2016-02-25 06:53:20','2016-02-25 06:53:20'),(211,'Model','Becker, Ortiz and Jacobson','Small Wooden Computer','192','Pariatur est nemo voluptas.','Perspiciatis sed sequi labore vel illum aut temporibus.',NULL,NULL,2,0,'Quas minus assumenda reiciendis nihil.','Animi earum id nobis sint alias.','2016-02-25 06:53:20','2016-02-25 06:53:20'),(212,'Model','Torphy-Casper','Small Cotton Shirt','193','Repudiandae reprehenderit voluptatum dolores ullam voluptas voluptatem.','Magni aut ut quae autem suscipit repellat.',NULL,NULL,0,0,'Quisquam quo natus consequatur asperiores sit et ratione.','Recusandae ducimus est dolores autem dicta.','2016-02-25 06:53:20','2016-02-25 06:53:20'),(213,'Model','Lesch-Mante','Incredible Wooden Hat','194','Quia commodi eos alias natus quisquam eaque minima et.','Vel dolores nam voluptatum assumenda et dolorem beatae esse.',NULL,NULL,3,0,'Molestiae reprehenderit perspiciatis inventore debitis voluptatem voluptatibus id.','Provident cupiditate atque ut ipsum et libero porro.','2016-02-25 06:53:20','2016-02-25 06:53:20'),(214,'Model','Howe-Romaguera','Ergonomic Steel Hat','195','Voluptas expedita et assumenda laboriosam quod labore saepe aut.','Quae voluptatem illo voluptas itaque in perferendis possimus.',NULL,NULL,1,0,'Illum et labore ab a laudantium nihil molestias.','Ut optio deleniti sit est.','2016-02-25 06:53:20','2016-02-25 06:53:20'),(215,'Model','Boehm, Tromp and Schinner','Rustic Plastic Computer','196','Illo sit et modi vero eveniet non.','Dolorum eos enim aliquam perferendis aut dolorem ut a.',NULL,NULL,1,0,'Ipsam atque explicabo dicta veritatis quia ea corporis quo.','Iste non qui est accusamus consequatur cumque facilis id.','2016-02-25 06:53:20','2016-02-25 06:53:20'),(216,'Model','Jacobs-Konopelski','Awesome Granite Chair','197','Quisquam rerum facere fugit.','Sequi laboriosam nobis non.',NULL,NULL,0,0,'Fugit explicabo impedit accusantium eum nesciunt.','Qui est ut voluptas nulla.','2016-02-25 06:53:20','2016-02-25 06:53:20'),(217,'Model','Kulas Group','Intelligent Rubber Pants','198','Aliquid qui sequi soluta voluptatem quaerat aspernatur ut minus.','Fuga itaque exercitationem et repudiandae velit.',NULL,NULL,0,0,'Ducimus et ut velit et qui.','Sint perspiciatis eum quae repellat error.','2016-02-25 06:53:20','2016-02-25 06:53:20'),(218,'Model','Nicolas-Adams','Small Cotton Shoes','199','Et porro ea ut adipisci quam id illum quaerat.','Incidunt aut est facere vel mollitia omnis voluptatibus ullam.',NULL,NULL,1,0,'Eius rerum deleniti aut tenetur ut.','Dolor similique earum neque iusto voluptatem.','2016-02-25 06:53:20','2016-02-25 06:53:20'),(219,'Model','Glover, Barton and Terry','Small Concrete Shoes','200','Voluptates culpa est ea.','Voluptatibus dolorem libero earum at aspernatur.',NULL,NULL,2,0,'Provident totam modi explicabo minima quia ut aspernatur.','Itaque inventore voluptatem facilis sit quasi.','2016-02-25 06:53:20','2016-02-25 06:53:20'),(220,'Model','Rippin Inc','Intelligent Rubber Chair','201','Tempore facilis architecto magnam vel.','Natus eum qui soluta.',NULL,NULL,1,0,'Cum nisi deserunt fuga aut placeat.','Omnis culpa consequuntur delectus qui nesciunt ratione repellat voluptatum.','2016-02-25 06:53:20','2016-02-25 06:53:20'),(221,'Model','Swift-Paucek','Rustic Concrete Shoes','202','Nihil nihil eos rem assumenda aut quod consequuntur.','Sed sit molestiae nam sed aut.',NULL,NULL,2,0,'Cumque occaecati non perferendis cum temporibus corporis sapiente.','Aut ex molestiae non assumenda.','2016-02-25 06:53:20','2016-02-25 06:53:20'),(222,'Model','Kirlin, Sipes and Torphy','Incredible Steel Car','203','Non laboriosam pariatur consequatur alias et qui.','Consequatur commodi est eum.',NULL,NULL,0,0,'Qui quia et ipsum nesciunt eaque delectus.','Ipsa suscipit et tenetur.','2016-02-25 06:53:20','2016-02-25 06:53:20'),(223,'Model','Konopelski, Johnston and Corwin','Fantastic Cotton Gloves','204','Eveniet ut ea mollitia sunt sit.','Quasi nemo autem vel sed.',NULL,NULL,1,0,'Laudantium a repudiandae odit labore tempore.','Ducimus assumenda odio earum nobis praesentium.','2016-02-25 06:53:20','2016-02-25 06:53:20'),(224,'Model','Lind-Thompson','Fantastic Concrete Hat','205','Dicta fuga qui error quam similique recusandae consequatur.','A deserunt ut et harum molestiae.',NULL,NULL,3,0,'Dignissimos quas similique magni mollitia illo rerum id.','Distinctio et debitis qui.','2016-02-25 06:53:20','2016-02-25 06:53:20'),(225,'Model','Kunze-Wiegand','Intelligent Cotton Hat','206','Qui voluptatem non quibusdam nobis.','Totam debitis voluptatum eveniet fuga.',NULL,NULL,1,0,'Nihil accusantium eveniet ipsum placeat nihil provident sapiente inventore.','Quidem ipsam cumque ut dolores voluptatem deleniti numquam.','2016-02-25 06:53:20','2016-02-25 06:53:20'),(226,'Model','Lakin Inc','Fantastic Rubber Shoes','207','Tenetur delectus nihil ipsa illum voluptatibus omnis aperiam.','Rerum culpa aliquid ex eos.',NULL,NULL,1,0,'Nemo sint sed perspiciatis esse eligendi et eaque.','Repudiandae dolorem recusandae totam est consequatur quis labore.','2016-02-25 06:53:20','2016-02-25 06:53:20'),(227,'Model','Terry, Stark and Turcotte','Practical Plastic Shoes','208','Perspiciatis voluptates consectetur nihil non omnis quia cupiditate doloremque.','Excepturi dolor voluptatem ab alias ut et.',NULL,NULL,1,0,'Voluptatem voluptates reprehenderit facilis autem esse dolorum ea officiis.','Rerum placeat magni sunt.','2016-02-25 06:53:20','2016-02-25 06:53:20'),(228,'Model','Lemke, Howe and McLaughlin','Intelligent Steel Computer','209','Dolor nobis est debitis accusamus culpa tempore.','Quae magni in sed cupiditate.',NULL,NULL,0,0,'Qui dolorem voluptatem cumque sit quia quia.','Non tenetur neque atque sint explicabo magni sit quia.','2016-02-25 06:53:20','2016-02-25 06:53:20'),(229,'Model','Littel, King and Sauer','Fantastic Cotton Shoes','210','A quis et perspiciatis suscipit harum dolore.','Consequatur placeat numquam et amet.',NULL,NULL,1,0,'Ut quia reprehenderit excepturi accusamus non dignissimos corrupti.','Nisi perferendis in beatae aliquid sit est similique.','2016-02-25 06:53:20','2016-02-25 06:53:20'),(230,'Model','Price-Pollich','Fantastic Plastic Shoes','211','Nulla voluptates deserunt sint necessitatibus blanditiis.','Voluptate sint a nemo.',NULL,NULL,0,0,'Accusamus totam perspiciatis ut ut est praesentium recusandae similique.','Ducimus illum facilis est animi repudiandae sit est debitis.','2016-02-25 06:53:20','2016-02-25 06:53:20'),(231,'Model','Ernser-Daniel','Incredible Granite Shirt','212','Dolorem repellat est cupiditate dolor ex unde aut qui.','Sit et est et labore.',NULL,NULL,2,0,'Maxime itaque maiores nostrum animi et numquam vel est.','Quas nihil vel ut.','2016-02-25 06:53:20','2016-02-25 06:53:20'),(232,'Model','Stehr LLC','Ergonomic Granite Pants','213','Et dolores odit laudantium recusandae nobis excepturi dolorem.','Voluptas reprehenderit quia voluptates officiis animi.',NULL,NULL,1,0,'Et labore voluptas cumque aut occaecati eveniet.','Nostrum voluptas impedit omnis.','2016-02-25 06:53:20','2016-02-25 06:53:20'),(233,'Model','Raynor and Sons','Incredible Wooden Car','214','Voluptas voluptas sapiente consequatur fugiat.','Omnis et nemo autem neque laborum excepturi.',NULL,NULL,2,0,'Et dicta et voluptate perspiciatis accusantium optio alias repellendus.','Voluptas iure sequi excepturi.','2016-02-25 06:53:20','2016-02-25 06:53:20'),(234,'Model','Frami-Casper','Sleek Concrete Shoes','215','Non dolorem nisi dolor quo neque sed voluptatem voluptates.','Similique sequi tenetur harum beatae eos.',NULL,NULL,0,0,'Illo fugiat tempore est omnis magni.','Nobis vel illum tenetur hic sint sed.','2016-02-25 06:53:20','2016-02-25 06:53:20'),(235,'Model','Denesik-Tromp','Fantastic Steel Pants','216','Eos necessitatibus suscipit quis.','Quis itaque qui quod.',NULL,NULL,0,0,'Illo nostrum quae libero doloremque sequi est.','Consequatur aperiam et est.','2016-02-25 06:53:20','2016-02-25 06:53:20'),(236,'Model','Medhurst Group','Intelligent Steel Gloves','217','Ut dolor doloribus et id at.','Aut est natus quisquam.',NULL,NULL,0,0,'Sint illum culpa neque et et omnis.','Architecto quis quia dolor libero eius rerum expedita.','2016-02-25 06:53:20','2016-02-25 06:53:20'),(237,'Model','Gorczany, Johnson and Kutch','Gorgeous Cotton Hat','218','Qui eius vitae delectus et aspernatur.','Omnis asperiores error unde perspiciatis dolorem velit a.',NULL,NULL,2,0,'Vel iste voluptates ab.','Magnam inventore consequatur natus.','2016-02-25 06:53:20','2016-02-25 06:53:20'),(238,'Model','Crist, Schuppe and Shields','Sleek Rubber Table','219','Aut debitis voluptatem beatae eos.','Illum ut aut qui voluptatum dolorum sint labore sit.',NULL,NULL,0,0,'Aut sapiente et qui.','Ut dolores nisi quas corrupti placeat dolor perferendis.','2016-02-25 06:53:20','2016-02-25 06:53:20'),(239,'Model','Dooley and Sons','Awesome Rubber Shoes','220','Harum eius animi molestias illum placeat.','Ut expedita iusto eum odit voluptas aut voluptatem.',NULL,NULL,3,0,'Aliquam ut autem qui.','Voluptatibus voluptatem vero minima culpa exercitationem architecto.','2016-02-25 06:53:20','2016-02-25 06:53:20'),(240,'Model','Lubowitz, Wehner and Hoeger','Incredible Cotton Table','221','Repellendus perferendis quam error odit quia quod voluptatem.','Eum est dolor esse aperiam ipsam voluptatem doloremque dolores.',NULL,NULL,1,0,'Eligendi rerum et consequuntur aspernatur.','Consectetur ad eaque cum laudantium.','2016-02-25 06:53:20','2016-02-25 06:53:20'),(241,'Model','Metz, Balistreri and Fahey','Practical Steel Table','222','Dolor vitae qui quisquam repellendus consequatur maxime optio.','Esse temporibus est dolorem velit.',NULL,NULL,1,0,'Inventore modi placeat doloremque est.','Nobis mollitia eaque consequatur dolor eligendi et qui et.','2016-02-25 06:53:20','2016-02-25 06:53:20'),(242,'Model','Abbott-Leffler','Small Concrete Pants','223','Ipsa rerum et possimus quae repellendus.','Est quod et numquam maiores quo soluta similique.',NULL,NULL,2,0,'Sed sint qui consequatur veniam.','Recusandae dolor itaque magni et nulla magnam aut.','2016-02-25 06:53:20','2016-02-25 06:53:20'),(243,'Model','Blick LLC','Incredible Plastic Hat','224','Omnis exercitationem esse sed dignissimos rerum dicta sit.','Et dolor officiis blanditiis a eaque qui.',NULL,NULL,0,0,'Nesciunt omnis voluptate soluta quibusdam debitis voluptatem.','Est voluptatibus doloremque est quo et vel dignissimos.','2016-02-25 06:53:20','2016-02-25 06:53:20'),(244,'Model','Beer-Auer','Sleek Steel Table','225','Eaque sequi ut atque cumque et rerum.','Rerum qui ut est minima sed.',NULL,NULL,1,0,'Sint est consectetur odit quia consequatur dolores.','Distinctio quia rem ducimus cum.','2016-02-25 06:53:20','2016-02-25 06:53:20'),(245,'Model','Turner, Jerde and Kozey','Sleek Cotton Computer','226','Numquam aut quos sed in eaque assumenda et earum.','Earum in ea aut vero.',NULL,NULL,2,0,'Itaque laborum est est.','Consectetur minus maxime rerum veniam.','2016-02-25 06:53:20','2016-02-25 06:53:20'),(246,'Model','Zieme Inc','Rustic Concrete Chair','227','Magnam recusandae rem illo.','In voluptatibus qui placeat ut officiis ut omnis hic.',NULL,NULL,1,0,'Veniam repudiandae et et.','Consequatur suscipit repellat ut quos cum rem quibusdam.','2016-02-25 06:53:20','2016-02-25 06:53:20'),(247,'Model','Stanton and Sons','Practical Cotton Shirt','228','Voluptatem aliquam atque occaecati quia earum eos.','Fuga culpa est voluptas.',NULL,NULL,2,0,'Animi rerum labore delectus qui fuga.','Natus eos fuga doloremque repellat nihil saepe dicta totam.','2016-02-19 06:53:20','2016-02-19 06:53:20'),(248,'Model','Kozey Group','Fantastic Granite Table','229','Vero laborum maiores quisquam excepturi.','Est sed autem dolores et qui consequuntur dolor.',NULL,NULL,2,0,'Et aspernatur perferendis quo velit.','Adipisci impedit excepturi qui sit libero dignissimos.','2016-02-19 06:53:20','2016-02-19 06:53:20'),(249,'Model','Runte, Farrell and Kertzmann','Gorgeous Plastic Hat','230','Rerum quis saepe ea beatae eligendi placeat.','Cum iure illo occaecati harum sapiente veniam nisi.',NULL,NULL,2,0,'Labore earum rerum quis occaecati molestias aperiam.','Et dolorum magni porro non.','2016-02-19 06:53:20','2016-02-19 06:53:20'),(250,'Model','Waters-Schuppe','Awesome Cotton Shoes','231','Beatae autem est non quia voluptatum magni qui expedita.','Eveniet cumque voluptate quibusdam minus odit nihil sit aliquam.',NULL,NULL,0,0,'Minus porro eius magnam ullam quod esse facere.','Ipsam atque non ipsa eum.','2016-02-19 06:53:20','2016-02-19 06:53:20'),(251,'Model','Leffler and Sons','Small Granite Shoes','232','Impedit rem officia recusandae quis voluptatem qui nemo ut.','Porro natus eos quis.',NULL,NULL,0,0,'Est quod voluptas dignissimos sint.','Architecto blanditiis impedit sed ut.','2016-02-19 06:53:20','2016-02-19 06:53:20'),(252,'Model','Spencer-Lynch','Sleek Rubber Car','233','Quisquam deleniti nobis aliquam.','Excepturi quasi tenetur est.',NULL,NULL,1,0,'Repellendus dicta sit sequi iusto dolorem consequatur cupiditate architecto.','Ratione voluptas debitis ea sed autem quos et.','2016-02-25 06:53:20','2016-02-25 06:53:20'),(253,'Software','Doyle-Kunde','Awesome Wooden Shoes','235',NULL,NULL,NULL,NULL,0,0,NULL,NULL,'2016-02-25 06:53:20','2016-02-25 06:53:20'),(254,'Model','Ullrich, Batz and Mills','Ergonomic Plastic Shoes','236','Cum rem doloribus et est.','Quisquam quidem dolore voluptas.',NULL,NULL,3,0,'Id nam libero eaque rem reiciendis labore quia maxime.','Ut in quia quibusdam aut aut voluptatem iusto.','2016-02-20 06:53:20','2016-02-20 06:53:20'),(255,'Model','Donnelly, Moore and Kirlin','Sleek Steel Car','238','Aperiam sit temporibus nisi corporis.','Alias asperiores voluptas atque vitae sit.',NULL,NULL,1,0,'Necessitatibus nesciunt dolores quia harum consectetur omnis.','Est ratione illo corrupti nostrum.','2016-02-25 06:53:20','2016-02-25 06:53:20'),(256,'Software','Stanton-Jerde','Sleek Plastic Pants','239',NULL,NULL,NULL,NULL,0,0,NULL,NULL,'2016-02-25 06:53:20','2016-02-25 06:53:20'),(257,'Model','Weimann-Kerluke','Small Rubber Shoes','240','Et nemo laudantium sed enim.','Et optio ratione reiciendis dolore voluptatem beatae.',NULL,NULL,0,0,'Voluptatem ut neque nisi harum.','Tempore minima sint dolores minus commodi dolorem.','2016-02-25 06:53:20','2016-02-25 06:53:20'),(258,'Model','Mills-Jones','Sleek Granite Computer','242','Perspiciatis delectus libero velit ullam.','Voluptates neque odio dolores.',NULL,NULL,1,0,'Et ad quos eius voluptatem ut velit.','Officia et ut atque quia explicabo libero.','2016-02-25 06:53:20','2016-02-25 06:53:20'),(259,'Model','Hodkiewicz, Gutkowski and Wunsch','Intelligent Steel Hat','243','Et eveniet tenetur consectetur non sed corrupti omnis.','Nostrum nesciunt temporibus quidem blanditiis.',NULL,NULL,2,0,'Similique qui est nobis illo.','At eaque omnis odio.','2016-02-25 06:53:20','2016-02-25 06:53:20'),(260,'Model','Bergstrom, Weimann and Mills','Rustic Rubber Table','244','Et nemo facilis earum qui inventore doloremque ut.','Et recusandae debitis aut.',NULL,NULL,3,0,'Tempore quam fuga soluta maxime et.','Minus dolorem aut doloribus.','2016-02-25 06:53:20','2016-02-25 06:53:20'),(261,'Model','Runte, Weissnat and Dare','Ergonomic Cotton Computer','245','Consequuntur voluptatem deserunt itaque natus quisquam.','Magnam dignissimos omnis sunt quam est aliquid ipsam.',NULL,NULL,2,0,'Ratione officiis quaerat aut veniam sequi nihil.','Ipsum repudiandae earum voluptates incidunt est sint facere.','2016-02-25 06:53:20','2016-02-25 06:53:20'),(262,'Model','Johnson, Robel and Rosenbaum','Sleek Plastic Gloves','246','Eligendi dolorem quae corrupti.','Nemo voluptates velit reiciendis labore est aperiam recusandae.',NULL,NULL,2,0,'Quo corporis aspernatur enim nemo facere qui.','Eum excepturi saepe incidunt illum officia.','2016-02-25 06:53:20','2016-02-25 06:53:20'),(263,'Model','Cole LLC','Awesome Granite Gloves','247','Illo sapiente aut necessitatibus molestias ducimus voluptatibus eaque quidem.','Odit autem aut amet iusto non quae est et.',NULL,NULL,1,0,'Nobis aspernatur ut rerum.','Veritatis aut hic vitae est aut.','2016-02-25 06:53:20','2016-02-25 06:53:20'),(264,'Model','Koch LLC','Rustic Cotton Gloves','248','Aperiam cum ut odit fugiat provident.','Quia aspernatur quisquam corporis error voluptatem.',NULL,NULL,2,0,'Quasi quaerat deserunt omnis.','Vero quam velit distinctio.','2016-02-25 06:53:20','2016-02-25 06:53:20'),(265,'Model','Kohler Group','Ergonomic Cotton Gloves','249','Quia et dicta facere.','Tempora quasi voluptatem et necessitatibus et.',NULL,NULL,3,0,'Rem sed consequatur totam nihil animi laboriosam et incidunt.','Explicabo nihil sed sed maiores.','2016-02-25 06:53:20','2016-02-25 06:53:20'),(266,'Model','Spencer-Ullrich','Practical Plastic Car','250','Temporibus sed consectetur laboriosam pariatur.','Deleniti quia neque repellendus.',NULL,NULL,0,0,'Distinctio et atque minima optio fugit cum.','Ut quam explicabo magni sit et rerum fugiat consequuntur.','2016-02-25 06:53:20','2016-02-25 06:53:20'),(267,'Model','Gaylord Inc','Fantastic Plastic Pants','251','Quas et ut natus nihil.','Laudantium quam suscipit commodi ea.',NULL,NULL,3,0,'Nisi et eos deleniti dignissimos pariatur error ut facilis.','Ex est molestiae delectus.','2016-02-25 06:53:20','2016-02-25 06:53:20'),(268,'Model','Paucek-Borer','Gorgeous Rubber Shirt','252','Et in accusantium dolores quisquam.','In nostrum tenetur sunt.',NULL,NULL,3,0,'Quibusdam sit et ratione reiciendis ex.','Dolores porro quae quasi et quo quo sequi.','2016-02-25 06:53:20','2016-02-25 06:53:20'),(269,'Model','McDermott, Mayert and Miller','Incredible Steel Gloves','253','Est quasi magnam et at iusto.','Sit maxime asperiores modi cumque delectus porro nisi ab.',NULL,NULL,1,0,'Et corrupti adipisci temporibus sit dolores eaque totam.','Sed iure rerum et recusandae.','2016-02-25 06:53:20','2016-02-25 06:53:20'),(270,'Model','Denesik Inc','Practical Steel Computer','254','Eveniet facere praesentium laudantium ea nihil est consequatur.','Voluptatem perspiciatis fuga error iusto voluptatem.',NULL,NULL,1,0,'Rerum non ea qui.','Consectetur quod in quibusdam quos et aut quis.','2016-02-25 06:53:20','2016-02-25 06:53:20'),(271,'Model','Bins LLC','Awesome Wooden Pants','255','Placeat tenetur eaque veniam est rem ut.','Veniam delectus repellendus est repudiandae omnis.',NULL,NULL,3,0,'Beatae officia aperiam ratione doloremque.','Cupiditate et molestiae deserunt consectetur.','2016-02-25 06:53:20','2016-02-25 06:53:20'),(272,'Model','Huels-Durgan','Sleek Rubber Pants','256','Eveniet unde omnis temporibus ipsum quaerat aperiam modi adipisci.','Temporibus tempore nostrum qui eveniet.',NULL,NULL,3,0,'Nam asperiores amet ad earum dolor molestiae.','Aperiam impedit corporis quis.','2016-02-25 06:53:20','2016-02-25 06:53:20'),(273,'Model','Beer-Schuppe','Practical Concrete Shoes','257','Tempore nobis quis pariatur cupiditate unde.','Corporis et consequatur necessitatibus numquam voluptatibus tenetur.',NULL,NULL,0,0,'Nobis minima explicabo ea repudiandae cumque consequatur.','Quas ad dolores dicta non aut vero cum vel.','2016-02-25 06:53:20','2016-02-25 06:53:20'),(274,'Model','Vandervort and Sons','Fantastic Plastic Car','258','Velit sit perspiciatis voluptas.','Nisi excepturi qui est omnis.',NULL,NULL,0,0,'Ad velit quas excepturi.','Temporibus quam et consequuntur neque sunt harum exercitationem labore.','2016-02-25 06:53:20','2016-02-25 06:53:20'),(275,'Model','Heathcote, Jenkins and Olson','Awesome Steel Shirt','259','Quo a officiis sed iste suscipit.','Nihil nemo fuga perspiciatis quae facere.',NULL,NULL,1,0,'Fugit quas fuga consectetur.','Magnam nam quo at beatae omnis.','2016-02-25 06:53:20','2016-02-25 06:53:20'),(276,'Model','Boyle-Wiza','Sleek Concrete Table','260','Sit quisquam dolorem in est omnis modi.','Est a accusantium quam sunt.',NULL,NULL,2,0,'Eos ut sapiente neque sed.','Error nisi sed est ipsam et deleniti.','2016-02-25 06:53:20','2016-02-25 06:53:20'),(277,'Model','Becker and Sons','Sleek Granite Shoes','261','In sapiente consequatur doloribus.','Aperiam non repellat incidunt soluta sint.',NULL,NULL,1,0,'Porro suscipit non corrupti voluptatem cupiditate aut.','Eius at ut voluptatem reiciendis minus ut aperiam.','2016-02-25 06:53:20','2016-02-25 06:53:20'),(278,'Model','O\'Keefe Group','Fantastic Steel Hat','262','Sed autem iste dolorem.','Sit fuga eaque tempora praesentium eius laudantium sunt itaque.',NULL,NULL,1,0,'Animi omnis quo voluptatem eligendi omnis consectetur.','Facilis minus aliquid recusandae velit occaecati.','2016-02-25 06:53:20','2016-02-25 06:53:20'),(279,'Model','Gutkowski and Sons','Incredible Rubber Chair','263','Odio odit et ratione.','Quo repellendus quisquam rem nisi mollitia.',NULL,NULL,2,0,'Quia voluptatem provident laborum corporis aliquam ea laboriosam quos.','Aut facilis earum libero.','2016-02-20 06:53:20','2016-02-20 06:53:20'),(280,'Model','Corkery-Ortiz','Incredible Concrete Table','264','Libero alias similique est.','Occaecati architecto qui aut quia harum vero aut.',NULL,NULL,0,0,'Maxime illum libero mollitia hic ea eveniet rem.','Consequatur molestiae placeat in voluptatibus.','2016-02-20 06:53:20','2016-02-20 06:53:20'),(281,'Model','Williamson, Bins and Huel','Awesome Concrete Computer','265','Ullam temporibus eveniet voluptatem quo reprehenderit.','Ea labore deleniti deserunt pariatur omnis molestiae iusto nostrum.',NULL,NULL,1,0,'Magnam aut quae et ut vel.','Et magnam consequatur aperiam minima et ex voluptas itaque.','2016-02-20 06:53:20','2016-02-20 06:53:20'),(282,'Model','Sipes, Morissette and Ferry','Practical Rubber Chair','266','Corrupti quasi neque dolorum doloribus.','Eius est incidunt sit molestiae et possimus autem.',NULL,NULL,3,0,'Voluptatibus rem maxime facilis.','Repellendus perferendis aliquid qui.','2016-02-20 06:53:20','2016-02-20 06:53:20'),(283,'Model','Borer Group','Rustic Wooden Shoes','267','Repellendus aspernatur et amet consequuntur.','Quaerat eligendi debitis voluptatum veniam laborum.',NULL,NULL,3,0,'Ducimus quasi perspiciatis sunt cupiditate ut quod.','Eius atque nihil id est et.','2016-02-23 06:53:20','2016-02-23 06:53:20'),(284,'Model','Kunde, Grimes and Spencer','Rustic Cotton Shoes','268','Dignissimos hic ipsa officiis.','Porro vitae suscipit rerum et tempora.',NULL,NULL,0,0,'Ipsum quis ducimus odio.','Doloremque eligendi ipsam voluptas eaque omnis consequatur.','2016-02-23 06:53:20','2016-02-23 06:53:20'),(285,'Model','Lueilwitz Group','Gorgeous Cotton Chair','269','Repudiandae non architecto necessitatibus ut qui.','Voluptatem saepe sequi iure at voluptatibus quia.',NULL,NULL,2,0,'Molestias dolor sit ut.','Ut aliquid nihil dolor est enim.','2016-02-23 06:53:20','2016-02-23 06:53:20'),(286,'Model','Lueilwitz, Mosciski and Stanton','Sleek Plastic Hat','270','Reprehenderit porro doloremque odit accusamus.','Et sapiente culpa aspernatur.',NULL,NULL,3,0,'Mollitia ut ab pariatur sit dicta quidem omnis.','Qui tempora consequatur perferendis.','2016-02-23 06:53:20','2016-02-23 06:53:20');
/*!40000 ALTER TABLE `models` ENABLE KEYS */;
UNLOCK TABLES;

--
-- Table structure for table `models_compatibles`
--

DROP TABLE IF EXISTS `models_compatibles`;
/*!40101 SET @saved_cs_client     = @@character_set_client */;
/*!40101 SET character_set_client = utf8 */;
CREATE TABLE `models_compatibles` (
  `model_id` int(11) DEFAULT NULL,
  `compatible_id` int(11) DEFAULT NULL,
  KEY `index_models_compatibles_on_compatible_id` (`compatible_id`),
  KEY `index_models_compatibles_on_model_id` (`model_id`),
  CONSTRAINT `models_compatibles_compatible_id_fk` FOREIGN KEY (`compatible_id`) REFERENCES `models` (`id`),
  CONSTRAINT `models_compatibles_model_id_fk` FOREIGN KEY (`model_id`) REFERENCES `models` (`id`)
) ENGINE=InnoDB DEFAULT CHARSET=utf8 COLLATE=utf8_unicode_ci;
/*!40101 SET character_set_client = @saved_cs_client */;

--
-- Dumping data for table `models_compatibles`
--

LOCK TABLES `models_compatibles` WRITE;
/*!40000 ALTER TABLE `models_compatibles` DISABLE KEYS */;
INSERT INTO `models_compatibles` VALUES (15,14),(16,14),(17,14);
/*!40000 ALTER TABLE `models_compatibles` ENABLE KEYS */;
UNLOCK TABLES;

--
-- Table structure for table `notifications`
--

DROP TABLE IF EXISTS `notifications`;
/*!40101 SET @saved_cs_client     = @@character_set_client */;
/*!40101 SET character_set_client = utf8 */;
CREATE TABLE `notifications` (
  `id` int(11) NOT NULL AUTO_INCREMENT,
  `user_id` int(11) DEFAULT NULL,
  `title` varchar(255) COLLATE utf8_unicode_ci DEFAULT '',
  `created_at` datetime NOT NULL,
  PRIMARY KEY (`id`),
  KEY `index_notifications_on_user_id` (`user_id`),
  CONSTRAINT `notifications_user_id_fk` FOREIGN KEY (`user_id`) REFERENCES `users` (`id`) ON DELETE CASCADE
) ENGINE=InnoDB DEFAULT CHARSET=utf8 COLLATE=utf8_unicode_ci;
/*!40101 SET character_set_client = @saved_cs_client */;

--
-- Dumping data for table `notifications`
--

LOCK TABLES `notifications` WRITE;
/*!40000 ALTER TABLE `notifications` DISABLE KEYS */;
/*!40000 ALTER TABLE `notifications` ENABLE KEYS */;
UNLOCK TABLES;

--
-- Table structure for table `numerators`
--

DROP TABLE IF EXISTS `numerators`;
/*!40101 SET @saved_cs_client     = @@character_set_client */;
/*!40101 SET character_set_client = utf8 */;
CREATE TABLE `numerators` (
  `id` int(11) NOT NULL AUTO_INCREMENT,
  `item` int(11) DEFAULT NULL,
  PRIMARY KEY (`id`)
) ENGINE=InnoDB DEFAULT CHARSET=utf8 COLLATE=utf8_unicode_ci;
/*!40101 SET character_set_client = @saved_cs_client */;

--
-- Dumping data for table `numerators`
--

LOCK TABLES `numerators` WRITE;
/*!40000 ALTER TABLE `numerators` DISABLE KEYS */;
/*!40000 ALTER TABLE `numerators` ENABLE KEYS */;
UNLOCK TABLES;

--
-- Table structure for table `options`
--

DROP TABLE IF EXISTS `options`;
/*!40101 SET @saved_cs_client     = @@character_set_client */;
/*!40101 SET character_set_client = utf8 */;
CREATE TABLE `options` (
  `id` int(11) NOT NULL AUTO_INCREMENT,
  `inventory_pool_id` int(11) DEFAULT NULL,
  `inventory_code` varchar(255) COLLATE utf8_unicode_ci DEFAULT NULL,
  `manufacturer` varchar(255) COLLATE utf8_unicode_ci DEFAULT NULL,
  `product` varchar(255) COLLATE utf8_unicode_ci NOT NULL,
  `version` varchar(255) COLLATE utf8_unicode_ci DEFAULT NULL,
  `price` decimal(8,2) DEFAULT NULL,
  PRIMARY KEY (`id`),
  KEY `index_options_on_inventory_pool_id` (`inventory_pool_id`),
  CONSTRAINT `options_inventory_pool_id_fk` FOREIGN KEY (`inventory_pool_id`) REFERENCES `inventory_pools` (`id`)
) ENGINE=InnoDB AUTO_INCREMENT=8 DEFAULT CHARSET=utf8 COLLATE=utf8_unicode_ci;
/*!40101 SET character_set_client = @saved_cs_client */;

--
-- Dumping data for table `options`
--

LOCK TABLES `options` WRITE;
/*!40000 ALTER TABLE `options` DISABLE KEYS */;
INSERT INTO `options` VALUES (1,1,'akku-aa',NULL,'Akku AA','93','166.00'),(2,1,'akku-aaa',NULL,'Akku AAA','94','128.00'),(3,1,'usb',NULL,'USB Kabel','95','346.00'),(4,1,'sandsack123',NULL,'Sandsack','96','1436.00'),(5,1,'vel5159',NULL,'Intelligent Wooden Computer','234','1418.00'),(6,2,'qua5350',NULL,'Sleek Rubber Car','237','413.00'),(7,1,'qui4009',NULL,'Small Cotton Table','241','877.00');
/*!40000 ALTER TABLE `options` ENABLE KEYS */;
UNLOCK TABLES;

--
-- Table structure for table `partitions`
--

DROP TABLE IF EXISTS `partitions`;
/*!40101 SET @saved_cs_client     = @@character_set_client */;
/*!40101 SET character_set_client = utf8 */;
CREATE TABLE `partitions` (
  `id` int(11) NOT NULL AUTO_INCREMENT,
  `model_id` int(11) DEFAULT NULL,
  `inventory_pool_id` int(11) DEFAULT NULL,
  `group_id` int(11) DEFAULT NULL,
  `quantity` int(11) DEFAULT NULL,
  PRIMARY KEY (`id`),
  UNIQUE KEY `index_partitions_on_model_id_and_inventory_pool_id_and_group_id` (`model_id`,`inventory_pool_id`,`group_id`),
  KEY `partitions_group_id_fk` (`group_id`),
  KEY `partitions_inventory_pool_id_fk` (`inventory_pool_id`),
  CONSTRAINT `partitions_model_id_fk` FOREIGN KEY (`model_id`) REFERENCES `models` (`id`) ON DELETE CASCADE,
  CONSTRAINT `partitions_group_id_fk` FOREIGN KEY (`group_id`) REFERENCES `groups` (`id`),
  CONSTRAINT `partitions_inventory_pool_id_fk` FOREIGN KEY (`inventory_pool_id`) REFERENCES `inventory_pools` (`id`)
) ENGINE=InnoDB AUTO_INCREMENT=11 DEFAULT CHARSET=utf8 COLLATE=utf8_unicode_ci;
/*!40101 SET character_set_client = @saved_cs_client */;

--
-- Dumping data for table `partitions`
--

LOCK TABLES `partitions` WRITE;
/*!40000 ALTER TABLE `partitions` DISABLE KEYS */;
INSERT INTO `partitions` VALUES (1,10,1,4,1),(2,8,1,1,1),(3,8,1,2,1),(4,15,1,1,1),(5,16,1,5,1),(6,17,1,6,1),(7,19,1,7,1),(8,21,1,7,1),(9,20,1,8,1),(10,22,1,10,1);
/*!40000 ALTER TABLE `partitions` ENABLE KEYS */;
UNLOCK TABLES;

--
-- Temporary table structure for view `partitions_with_generals`
--

DROP TABLE IF EXISTS `partitions_with_generals`;
/*!50001 DROP VIEW IF EXISTS `partitions_with_generals`*/;
SET @saved_cs_client     = @@character_set_client;
SET character_set_client = utf8;
/*!50001 CREATE TABLE `partitions_with_generals` (
  `model_id` int(11),
  `inventory_pool_id` int(11),
  `group_id` int(11),
  `quantity` decimal(33,0)
) ENGINE=MyISAM */;
SET character_set_client = @saved_cs_client;

--
-- Table structure for table `properties`
--

DROP TABLE IF EXISTS `properties`;
/*!40101 SET @saved_cs_client     = @@character_set_client */;
/*!40101 SET character_set_client = utf8 */;
CREATE TABLE `properties` (
  `id` int(11) NOT NULL AUTO_INCREMENT,
  `model_id` int(11) DEFAULT NULL,
  `key` varchar(255) COLLATE utf8_unicode_ci DEFAULT NULL,
  `value` varchar(255) COLLATE utf8_unicode_ci DEFAULT NULL,
  PRIMARY KEY (`id`),
  KEY `index_properties_on_model_id` (`model_id`),
  CONSTRAINT `properties_model_id_fk` FOREIGN KEY (`model_id`) REFERENCES `models` (`id`) ON DELETE CASCADE
) ENGINE=InnoDB AUTO_INCREMENT=13 DEFAULT CHARSET=utf8 COLLATE=utf8_unicode_ci;
/*!40101 SET character_set_client = @saved_cs_client */;

--
-- Dumping data for table `properties`
--

LOCK TABLES `properties` WRITE;
/*!40000 ALTER TABLE `properties` DISABLE KEYS */;
INSERT INTO `properties` VALUES (1,15,'Rotordurchmesser','120'),(2,15,'Akkus','2'),(3,15,'Farbe','Rot'),(4,16,'Rotordurchmesser','120'),(5,16,'Akkus','2'),(6,16,'Farbe','Rot'),(7,16,'max. Speed','80 kmh'),(8,16,'Gyro','Ja'),(9,16,'Achsen','3-Achsen'),(10,17,'Rotordurchmesser','120'),(11,17,'Akkus','2'),(12,17,'Farbe','Rot');
/*!40000 ALTER TABLE `properties` ENABLE KEYS */;
UNLOCK TABLES;

--
-- Table structure for table `purposes`
--

DROP TABLE IF EXISTS `purposes`;
/*!40101 SET @saved_cs_client     = @@character_set_client */;
/*!40101 SET character_set_client = utf8 */;
CREATE TABLE `purposes` (
  `id` int(11) NOT NULL AUTO_INCREMENT,
  `description` text COLLATE utf8_unicode_ci,
  PRIMARY KEY (`id`)
) ENGINE=InnoDB AUTO_INCREMENT=72 DEFAULT CHARSET=utf8 COLLATE=utf8_unicode_ci;
/*!40101 SET character_set_client = @saved_cs_client */;

--
-- Dumping data for table `purposes`
--

LOCK TABLES `purposes` WRITE;
/*!40000 ALTER TABLE `purposes` DISABLE KEYS */;
INSERT INTO `purposes` VALUES (1,'Bentige ich fr die Aufnahmen meiner Abschlussarbeit.'),(2,'Bentige ich fr die Aufnahmen meiner Abschlussarbeit.'),(3,'Vel deserunt in fuga velit provident.'),(4,'Suscipit aut rerum quia minima perferendis reiciendis.'),(5,'Nesciunt alias ab magni eum nam.'),(6,'Rerum corrupti a cupiditate saepe rem alias et.'),(7,'Rem ut placeat sit ratione aut facilis.'),(8,'Ersatzstativ fr die Ausstellung.'),(9,'Ersatzstativ fr die Ausstellung.'),(10,'Ersatzstativ fr die Ausstellung.'),(11,'Ersatzstativ fr die Ausstellung.'),(12,'Ersatzstativ fr die Ausstellung.'),(13,'Ersatzstativ fr die Ausstellung.'),(14,'Ersatzstativ fr die Ausstellung.'),(15,'Ersatzstativ fr die Ausstellung.'),(16,'Ersatzstativ fr die Ausstellung.'),(17,'Ersatzstativ fr die Ausstellung.'),(18,'Fr meinen aktuellen Kurs.'),(19,'Fr meinen aktuellen Kurs.'),(20,'Fr meinen aktuellen Kurs.'),(21,'Fr meinen aktuellen Kurs.'),(22,'Eum facere aut maxime qui quo.'),(23,'Modi fugiat aut cumque optio.'),(24,'Qui deserunt qui voluptatibus nihil quia quo et optio.'),(25,'Ersatzstativ fr die Ausstellung.'),(26,'Ersatzstativ fr die Ausstellung.'),(27,'Ersatzstativ fr die Ausstellung.'),(28,'Excepturi voluptatem ut maiores consectetur harum.'),(29,'Vel explicabo aperiam qui aut veritatis sed rerum.'),(30,'Eos totam vel libero sunt quod incidunt error eaque.'),(31,'Voluptas quis omnis voluptatum a.'),(32,'Itaque dolores maiores saepe commodi et iure tempore nemo.'),(33,'Odit modi perferendis aut in soluta.'),(34,'Et illum tenetur numquam ipsum.'),(35,'Delectus sunt quasi dolor repudiandae magni iste et.'),(36,'Maxime est omnis libero.'),(37,'Modi molestiae voluptas dolor rerum architecto dolore.'),(38,'Ersatzstativ fr die Ausstellung.'),(39,'Fr das zweite Austellungswochenende.'),(40,'Fr das zweite Austellungswochenende.'),(41,'Fr das dritte Austellungswochenende.'),(42,'Fr die Abschlussarbeit.'),(43,'Ersatzstativ fr die Ausstellung.'),(44,'Ersatzstativ fr die Ausstellung.'),(45,'Ersatzstativ fr die Ausstellung.'),(46,'Bestellung mit Software'),(47,'Bestellung mit Gegenstand ohne Ort'),(48,'Um meine Abschlussarbeit zu fotografieren.'),(49,'Als Ersatz.'),(50,'Eaque nobis omnis iusto similique optio labore.'),(51,'Deleniti consequuntur quas commodi ad ex.'),(52,'Um meine Abschlussarbeit zu fotografieren.'),(53,'Um meine Abschlussarbeit zu fotografieren.'),(54,'Um meine Abschlussarbeit zu fotografieren.'),(55,'Eum soluta consequatur itaque ducimus dolores et aperiam.'),(56,'Magnam est quisquam minima rem molestiae maiores vero.'),(57,'Paketausgabe'),(58,'Ersatzstativ fr die Ausstellung.'),(59,'Ersatzstativ fr die Ausstellung.'),(60,'Ganz dringend bentigt fr meine Abschlussarbeit.'),(61,'Um meine Abschlussarbeit zu fotografieren.'),(62,'Um meine Abschlussarbeit zu fotografieren.'),(63,'Fotoshooting (Kurs Fotografie).'),(64,'Brauche ich zwingend fr meinen Kurs.'),(65,'Et mollitia aspernatur totam aut.'),(66,'Et ex ut suscipit optio.'),(67,'Labore corrupti iure nemo dolorum sint.'),(68,'Nostrum architecto et qui sequi totam necessitatibus adipisci nihil.'),(69,'Voluptatem praesentium laboriosam eaque omnis ratione.'),(70,'Ersatzstativ fr die Ausstellung.'),(71,'Ersatzstativ fr die Ausstellung.');
/*!40000 ALTER TABLE `purposes` ENABLE KEYS */;
UNLOCK TABLES;

--
-- Table structure for table `schema_migrations`
--

DROP TABLE IF EXISTS `schema_migrations`;
/*!40101 SET @saved_cs_client     = @@character_set_client */;
/*!40101 SET character_set_client = utf8 */;
CREATE TABLE `schema_migrations` (
  `version` varchar(255) COLLATE utf8_unicode_ci NOT NULL,
  UNIQUE KEY `unique_schema_migrations` (`version`)
) ENGINE=InnoDB DEFAULT CHARSET=utf8 COLLATE=utf8_unicode_ci;
/*!40101 SET character_set_client = @saved_cs_client */;

--
-- Dumping data for table `schema_migrations`
--

LOCK TABLES `schema_migrations` WRITE;
/*!40000 ALTER TABLE `schema_migrations` DISABLE KEYS */;
INSERT INTO `schema_migrations` VALUES ('20140410180000'),('20140414100000'),('20140415083535'),('20140417113831'),('20140428092844'),('20140515131025'),('20140812132326'),('20140820100242'),('20140828082448'),('20140901141016'),('20140903105715'),('20140905091014'),('20141110113231');
/*!40000 ALTER TABLE `schema_migrations` ENABLE KEYS */;
UNLOCK TABLES;

--
-- Table structure for table `settings`
--

DROP TABLE IF EXISTS `settings`;
/*!40101 SET @saved_cs_client     = @@character_set_client */;
/*!40101 SET character_set_client = utf8 */;
CREATE TABLE `settings` (
  `id` int(11) NOT NULL AUTO_INCREMENT,
  `smtp_address` varchar(255) COLLATE utf8_unicode_ci DEFAULT NULL,
  `smtp_port` int(11) DEFAULT NULL,
  `smtp_domain` varchar(255) COLLATE utf8_unicode_ci DEFAULT NULL,
  `local_currency_string` varchar(255) COLLATE utf8_unicode_ci DEFAULT NULL,
  `contract_terms` text COLLATE utf8_unicode_ci,
  `contract_lending_party_string` text COLLATE utf8_unicode_ci,
  `email_signature` varchar(255) COLLATE utf8_unicode_ci DEFAULT NULL,
  `default_email` varchar(255) COLLATE utf8_unicode_ci DEFAULT NULL,
  `deliver_order_notifications` tinyint(1) DEFAULT NULL,
  `user_image_url` varchar(255) COLLATE utf8_unicode_ci DEFAULT NULL,
  `ldap_config` varchar(255) COLLATE utf8_unicode_ci DEFAULT NULL,
  `logo_url` varchar(255) COLLATE utf8_unicode_ci DEFAULT NULL,
  `mail_delivery_method` varchar(255) COLLATE utf8_unicode_ci DEFAULT NULL,
  `smtp_username` varchar(255) COLLATE utf8_unicode_ci DEFAULT NULL,
  `smtp_password` varchar(255) COLLATE utf8_unicode_ci DEFAULT NULL,
  `smtp_enable_starttls_auto` tinyint(1) NOT NULL DEFAULT '0',
  `smtp_openssl_verify_mode` varchar(255) COLLATE utf8_unicode_ci NOT NULL DEFAULT 'none',
  `time_zone` varchar(255) COLLATE utf8_unicode_ci NOT NULL DEFAULT 'Bern',
  `disable_manage_section` tinyint(1) NOT NULL DEFAULT '0',
  `disable_manage_section_message` text COLLATE utf8_unicode_ci,
  `disable_borrow_section` tinyint(1) NOT NULL DEFAULT '0',
  `disable_borrow_section_message` text COLLATE utf8_unicode_ci,
  `text` text COLLATE utf8_unicode_ci,
  PRIMARY KEY (`id`)
) ENGINE=InnoDB AUTO_INCREMENT=2 DEFAULT CHARSET=utf8 COLLATE=utf8_unicode_ci;
/*!40101 SET character_set_client = @saved_cs_client */;

--
-- Dumping data for table `settings`
--

LOCK TABLES `settings` WRITE;
/*!40000 ALTER TABLE `settings` DISABLE KEYS */;
INSERT INTO `settings` VALUES (1,'smtp.zhdk.ch',25,'beta.ausleihe.zhdk.ch','CHF','Die Benutzerin/der Benutzer ist bei unsachgemsser Handhabung oder Verlust schadenersatzpflichtig. Sie/Er verpflichtet sich, das Material sorgfltig zu behandeln und gereinigt zu retournieren. Bei mangelbehafteter oder verspteter Rckgabe kann eine Ausleihsperre (bis zu 6 Monaten) verhngt werden. Das geliehene Material bleibt jederzeit uneingeschrnktes Eigentum der Zrcher Hochschule der Knste und darf ausschliesslich fr schulische Zwecke eingesetzt werden. Mit ihrer/seiner Unterschrift akzeptiert die Benutzerin/der Benutzer diese Bedingungen sowie die \'Richtlinie zur Ausleihe von Sachen\' der ZHdK und etwaige abteilungsspezifische Ausleih-Richtlinien.','Your\nAddress\nHere','Das PZ-leihs Team','sender@example.com',0,'http://www.zhdk.ch/?person/foto&width=100&compressionlevel=0&id={:id}',NULL,'/assets/image-logo-zhdk.png','test',NULL,NULL,0,'none','Bern',0,NULL,0,NULL,NULL);
/*!40000 ALTER TABLE `settings` ENABLE KEYS */;
UNLOCK TABLES;

--
-- Table structure for table `suppliers`
--

DROP TABLE IF EXISTS `suppliers`;
/*!40101 SET @saved_cs_client     = @@character_set_client */;
/*!40101 SET character_set_client = utf8 */;
CREATE TABLE `suppliers` (
  `id` int(11) NOT NULL AUTO_INCREMENT,
  `name` varchar(255) COLLATE utf8_unicode_ci NOT NULL,
  `created_at` datetime DEFAULT NULL,
  `updated_at` datetime DEFAULT NULL,
  PRIMARY KEY (`id`),
  UNIQUE KEY `index_suppliers_on_name` (`name`)
) ENGINE=InnoDB AUTO_INCREMENT=275 DEFAULT CHARSET=utf8 COLLATE=utf8_unicode_ci;
/*!40101 SET character_set_client = @saved_cs_client */;

--
-- Dumping data for table `suppliers`
--

LOCK TABLES `suppliers` WRITE;
/*!40000 ALTER TABLE `suppliers` DISABLE KEYS */;
INSERT INTO `suppliers` VALUES (1,'aliquamrerumullamdignissimos','2016-02-25 06:53:20','2016-02-25 06:53:20'),(2,'delectuseosquosporro','2016-02-25 06:53:20','2016-02-25 06:53:20'),(3,'temporabeatae','2016-02-25 06:53:20','2016-02-25 06:53:20'),(4,'porroadrationeet','2016-02-25 06:53:20','2016-02-25 06:53:20'),(5,'enimeiusnam','2016-02-25 06:53:20','2016-02-25 06:53:20'),(6,'quamautmaximefugitmolestiae','2016-02-25 06:53:20','2016-02-25 06:53:20'),(7,'ullamdicta','2016-02-25 06:53:20','2016-02-25 06:53:20'),(8,'placeatlaudantiumetofficia','2016-02-25 06:53:20','2016-02-25 06:53:20'),(9,'cupiditateestcorruptiutnon','2016-02-25 06:53:20','2016-02-25 06:53:20'),(10,'earumautofficiis','2016-02-25 06:53:20','2016-02-25 06:53:20'),(11,'voluptatumconsequaturexpedita','2016-02-25 06:53:20','2016-02-25 06:53:20'),(12,'quimodirerum','2016-02-25 06:53:20','2016-02-25 06:53:20'),(13,'teneturmolestiasestconsecteturcommodi','2016-02-25 06:53:20','2016-02-25 06:53:20'),(14,'rerumeveniet','2016-02-25 06:53:20','2016-02-25 06:53:20'),(15,'repellendusdoloresplaceataliquidaut','2016-02-25 06:53:20','2016-02-25 06:53:20'),(16,'solutaundeet','2016-02-25 06:53:20','2016-02-25 06:53:20'),(17,'utesseassumendaatquereiciendis','2016-02-25 06:53:20','2016-02-25 06:53:20'),(18,'etcum','2016-02-25 06:53:20','2016-02-25 06:53:20'),(19,'suntexplicabodeleniti','2016-02-25 06:53:20','2016-02-25 06:53:20'),(20,'nostrumquaevoluptasrerumomnis','2016-02-25 06:53:20','2016-02-25 06:53:20'),(21,'voluptasut','2016-02-25 06:53:20','2016-02-25 06:53:20'),(22,'asitodio','2016-02-25 06:53:20','2016-02-25 06:53:20'),(23,'repellateaerrorculpaest','2016-02-25 06:53:20','2016-02-25 06:53:20'),(24,'corruptiatvoluptatibussit','2016-02-25 06:53:20','2016-02-25 06:53:20'),(25,'etundeutdolorem','2016-02-25 06:53:20','2016-02-25 06:53:20'),(26,'ipsaerrorsapienteinciduntvelit','2016-02-25 06:53:20','2016-02-25 06:53:20'),(27,'sedpariaturcumcumque','2016-02-25 06:53:20','2016-02-25 06:53:20'),(28,'placeatullam','2016-02-25 06:53:20','2016-02-25 06:53:20'),(29,'omnisdistinctio','2016-02-25 06:53:20','2016-02-25 06:53:20'),(30,'utquiasitenimperspiciatis','2016-02-25 06:53:20','2016-02-25 06:53:20'),(31,'autnemopossimus','2016-02-25 06:53:20','2016-02-25 06:53:20'),(32,'doloremmollitianobis','2016-02-25 06:53:20','2016-02-25 06:53:20'),(33,'teneturassumendaquaerat','2016-02-25 06:53:20','2016-02-25 06:53:20'),(34,'voluptatemsitenimnisiipsam','2016-02-25 06:53:20','2016-02-25 06:53:20'),(35,'aipsumvelitet','2016-02-25 06:53:20','2016-02-25 06:53:20'),(36,'etvoluptatum','2016-02-25 06:53:20','2016-02-25 06:53:20'),(37,'idblanditiisnecessitatibus','2016-02-25 06:53:20','2016-02-25 06:53:20'),(38,'reprehenderitfugiatsequiutullam','2016-02-25 06:53:20','2016-02-25 06:53:20'),(39,'velitquoeaquos','2016-02-25 06:53:20','2016-02-25 06:53:20'),(40,'nonbeataeutexplicabo','2016-02-25 06:53:20','2016-02-25 06:53:20'),(41,'iustononfugaeligendi','2016-02-25 06:53:20','2016-02-25 06:53:20'),(42,'utaut','2016-02-25 06:53:20','2016-02-25 06:53:20'),(43,'nemovoluptateomnis','2016-02-25 06:53:20','2016-02-25 06:53:20'),(44,'harumsaepenisi','2016-02-25 06:53:20','2016-02-25 06:53:20'),(45,'quiporroautcorporismodi','2016-02-25 06:53:20','2016-02-25 06:53:20'),(46,'eaquisquamdolorem','2016-02-25 06:53:20','2016-02-25 06:53:20'),(47,'cupiditatevoluptatumiddoloremque','2016-02-25 06:53:20','2016-02-25 06:53:20'),(48,'eaquedolorautemexercitationemet','2016-02-25 06:53:20','2016-02-25 06:53:20'),(49,'magniveronisidoloribus','2016-02-25 06:53:20','2016-02-25 06:53:20'),(50,'perspiciatisaut','2016-02-25 06:53:20','2016-02-25 06:53:20'),(51,'fugitteneturatquepraesentium','2016-02-25 06:53:20','2016-02-25 06:53:20'),(52,'natusplaceateosnesciunt','2016-02-25 06:53:20','2016-02-25 06:53:20'),(53,'adsedeossimilique','2016-02-25 06:53:20','2016-02-25 06:53:20'),(54,'temporadoloredolorumdignissimosquo','2016-02-25 06:53:20','2016-02-25 06:53:20'),(55,'quideseruntquasicumque','2016-02-25 06:53:20','2016-02-25 06:53:20'),(56,'reprehenderiteaqueutfugiat','2016-02-25 06:53:20','2016-02-25 06:53:20'),(57,'reiciendisundeaccusantium','2016-02-25 06:53:20','2016-02-25 06:53:20'),(58,'sintlaboriosamautsunt','2016-02-25 06:53:20','2016-02-25 06:53:20'),(59,'sitofficiaexpeditaprovidentsint','2016-02-25 06:53:20','2016-02-25 06:53:20'),(60,'iustoqui','2016-02-25 06:53:20','2016-02-25 06:53:20'),(61,'veroharumnumquamplaceat','2016-02-25 06:53:20','2016-02-25 06:53:20'),(62,'quisit','2016-02-25 06:53:20','2016-02-25 06:53:20'),(63,'voluptatibuserrorsitincidunt','2016-02-25 06:53:20','2016-02-25 06:53:20'),(64,'utatquedeleniti','2016-02-25 06:53:20','2016-02-25 06:53:20'),(65,'eumconsequatur','2016-02-25 06:53:20','2016-02-25 06:53:20'),(66,'nobisvoluptatemrationeest','2016-02-25 06:53:20','2016-02-25 06:53:20'),(67,'autmaximesunt','2016-02-25 06:53:20','2016-02-25 06:53:20'),(68,'suscipitvoluptatemreprehenderitsequitenetur','2016-02-25 06:53:20','2016-02-25 06:53:20'),(69,'vitaeeligendivoluptatibus','2016-02-25 06:53:20','2016-02-25 06:53:20'),(70,'magnamexplicaboitaqueseddicta','2016-02-25 06:53:20','2016-02-25 06:53:20'),(71,'aspernaturveritatisomnisreprehenderit','2016-02-25 06:53:20','2016-02-25 06:53:20'),(72,'remaspernatur','2016-02-25 06:53:20','2016-02-25 06:53:20'),(73,'reprehenderitrerum','2016-02-25 06:53:20','2016-02-25 06:53:20'),(74,'nullacumutdicta','2016-02-25 06:53:20','2016-02-25 06:53:20'),(75,'architectoquibusdamducimussitdolor','2016-02-25 06:53:20','2016-02-25 06:53:20'),(76,'temporesaepesuntdistinctio','2016-02-25 06:53:20','2016-02-25 06:53:20'),(77,'voluptatedoloremprovident','2016-02-25 06:53:20','2016-02-25 06:53:20'),(78,'abipsahicet','2016-02-25 06:53:20','2016-02-25 06:53:20'),(79,'nonvelitoccaecatiut','2016-02-25 06:53:20','2016-02-25 06:53:20'),(80,'quiacorruptiperferendis','2016-02-25 06:53:20','2016-02-25 06:53:20'),(81,'etdolorumutcumqueminima','2016-02-25 06:53:20','2016-02-25 06:53:20'),(82,'fugiatrecusandaeeum','2016-02-25 06:53:20','2016-02-25 06:53:20'),(83,'veritatisbeataeidessehic','2016-02-25 06:53:20','2016-02-25 06:53:20'),(84,'etcorporisvoluptatibusdicta','2016-02-25 06:53:20','2016-02-25 06:53:20'),(85,'dolorumdoloresaut','2016-02-25 06:53:20','2016-02-25 06:53:20'),(86,'atquenullamaximeautem','2016-02-25 06:53:20','2016-02-25 06:53:20'),(87,'nobisreiciendis','2016-02-25 06:53:20','2016-02-25 06:53:20'),(88,'reiciendissolutadeseruntporroaspernatur','2016-02-25 06:53:20','2016-02-25 06:53:20'),(89,'deseruntistefugitquasiautem','2016-02-25 06:53:20','2016-02-25 06:53:20'),(90,'nonblanditiisperferendis','2016-02-25 06:53:20','2016-02-25 06:53:20'),(91,'dignissimosliberoratione','2016-02-25 06:53:20','2016-02-25 06:53:20'),(92,'architectobeataeetsed','2016-02-25 06:53:20','2016-02-25 06:53:20'),(93,'velitsunt','2016-02-25 06:53:20','2016-02-25 06:53:20'),(94,'eamodiofficiis','2016-02-25 06:53:20','2016-02-25 06:53:20'),(95,'sitnoninventorevoluptatemet','2016-02-25 06:53:20','2016-02-25 06:53:20'),(96,'utenim','2016-02-25 06:53:20','2016-02-25 06:53:20'),(97,'illumipsumomniset','2016-02-25 06:53:20','2016-02-25 06:53:20'),(98,'nihildoloremquiin','2016-02-25 06:53:20','2016-02-25 06:53:20'),(99,'velitnullaadipisci','2016-02-25 06:53:20','2016-02-25 06:53:20'),(100,'etiustoquofacilisquibusdam','2016-02-25 06:53:20','2016-02-25 06:53:20'),(101,'praesentiumetreiciendisinsit','2016-02-25 06:53:20','2016-02-25 06:53:20'),(102,'aspernatureumullamconsequatur','2016-02-25 06:53:20','2016-02-25 06:53:20'),(103,'aperiamfugitimpeditconsequaturiste','2016-02-25 06:53:20','2016-02-25 06:53:20'),(104,'autetsolutaexcepturisint','2016-02-25 06:53:20','2016-02-25 06:53:20'),(105,'mollitiaitaqueeligendi','2016-02-25 06:53:20','2016-02-25 06:53:20'),(106,'sedaliquammolestias','2016-02-25 06:53:20','2016-02-25 06:53:20'),(107,'esteos','2016-02-25 06:53:20','2016-02-25 06:53:20'),(108,'autculpaaut','2016-02-25 06:53:20','2016-02-25 06:53:20'),(109,'enimad','2016-02-25 06:53:20','2016-02-25 06:53:20'),(110,'quodetitaque','2016-02-25 06:53:20','2016-02-25 06:53:20'),(111,'recusandaetenetursedundedolorem','2016-02-25 06:53:20','2016-02-25 06:53:20'),(112,'vitaevelexplicaboconsequaturrecusandae','2016-02-25 06:53:20','2016-02-25 06:53:20'),(113,'earumcorruptipossimus','2016-02-25 06:53:20','2016-02-25 06:53:20'),(114,'adipisciconsequunturdolorem','2016-02-25 06:53:20','2016-02-25 06:53:20'),(115,'consecteturplaceatquoaut','2016-02-25 06:53:20','2016-02-25 06:53:20'),(116,'excepturiestinnostrum','2016-02-25 06:53:20','2016-02-25 06:53:20'),(117,'ametutetmaiorescommodi','2016-02-25 06:53:20','2016-02-25 06:53:20'),(118,'natusperferendis','2016-02-25 06:53:20','2016-02-25 06:53:20'),(119,'etcupiditatefacilisvoluptatem','2016-02-25 06:53:20','2016-02-25 06:53:20'),(120,'iustoet','2016-02-25 06:53:20','2016-02-25 06:53:20'),(121,'teneturmodi','2016-02-25 06:53:20','2016-02-25 06:53:20'),(122,'aliquamquiaa','2016-02-25 06:53:20','2016-02-25 06:53:20'),(123,'eumautautquidem','2016-02-25 06:53:20','2016-02-25 06:53:20'),(124,'accusamusrecusandae','2016-02-25 06:53:20','2016-02-25 06:53:20'),(125,'corporisrem','2016-02-25 06:53:20','2016-02-25 06:53:20'),(126,'doloreututmagnamvoluptatem','2016-02-25 06:53:20','2016-02-25 06:53:20'),(127,'veritatisexcepturirepellendus','2016-02-25 06:53:20','2016-02-25 06:53:20'),(128,'harumidut','2016-02-25 06:53:20','2016-02-25 06:53:20'),(129,'doloremaspernatursunt','2016-02-25 06:53:20','2016-02-25 06:53:20'),(130,'maximenonutdolores','2016-02-25 06:53:20','2016-02-25 06:53:20'),(131,'temporibusomnisetquos','2016-02-25 06:53:20','2016-02-25 06:53:20'),(132,'ipsametimpedit','2016-02-25 06:53:20','2016-02-25 06:53:20'),(133,'aliquamsuscipit','2016-02-25 06:53:20','2016-02-25 06:53:20'),(134,'nostrumsit','2016-02-25 06:53:20','2016-02-25 06:53:20'),(135,'voluptatumatqueprovident','2016-02-25 06:53:20','2016-02-25 06:53:20'),(136,'enimcumque','2016-02-25 06:53:20','2016-02-25 06:53:20'),(137,'inciduntvoluptatemaut','2016-02-25 06:53:20','2016-02-25 06:53:20'),(138,'quibusdammodiexplicabofugaasperiores','2016-02-25 06:53:20','2016-02-25 06:53:20'),(139,'estlibero','2016-02-25 06:53:20','2016-02-25 06:53:20'),(140,'dignissimosmagnam','2016-02-25 06:53:20','2016-02-25 06:53:20'),(141,'voluptasautvoluptatemveniamullam','2016-02-25 06:53:20','2016-02-25 06:53:20'),(142,'velitquiaperspiciatis','2016-02-25 06:53:20','2016-02-25 06:53:20'),(143,'quiquosin','2016-02-25 06:53:20','2016-02-25 06:53:20'),(144,'voluptateshicqui','2016-02-25 06:53:20','2016-02-25 06:53:20'),(145,'nullaenimenimdoloremquis','2016-02-25 06:53:20','2016-02-25 06:53:20'),(146,'cumqueperferendisaut','2016-02-25 06:53:20','2016-02-25 06:53:20'),(147,'repellenduscorruptivoluptatesdistinctiosimilique','2016-02-25 06:53:20','2016-02-25 06:53:20'),(148,'recusandaefaceredoloremque','2016-02-25 06:53:20','2016-02-25 06:53:20'),(149,'sintaliquametsitdignissimos','2016-02-25 06:53:20','2016-02-25 06:53:20'),(150,'quisquamsimiliquetotamconsequuntur','2016-02-25 06:53:20','2016-02-25 06:53:20'),(151,'quibusdamminimanihilest','2016-02-25 06:53:20','2016-02-25 06:53:20'),(152,'omnisnequeautem','2016-02-25 06:53:20','2016-02-25 06:53:20'),(153,'autemasperioresiuredoloremrepellat','2016-02-25 06:53:20','2016-02-25 06:53:20'),(154,'doloresvero','2016-02-25 06:53:20','2016-02-25 06:53:20'),(155,'inventoresapienteutoptiorepellat','2016-02-25 06:53:20','2016-02-25 06:53:20'),(156,'nisirepellatmagniquiscupiditate','2016-02-19 06:53:20','2016-02-19 06:53:20'),(157,'voluptassequietpraesentium','2016-02-19 06:53:20','2016-02-19 06:53:20'),(158,'maximeeosipsumid','2016-02-19 06:53:20','2016-02-19 06:53:20'),(159,'omnisutharum','2016-02-19 06:53:20','2016-02-19 06:53:20'),(160,'illumoditaccusamus','2016-02-25 06:53:20','2016-02-25 06:53:20'),(161,'namdolorumaliasporro','2016-02-25 06:53:20','2016-02-25 06:53:20'),(162,'cumquenonrerumquia','2016-02-25 06:53:20','2016-02-25 06:53:20'),(163,'nullareprehenderit','2016-02-25 06:53:20','2016-02-25 06:53:20'),(164,'etdolorumerror','2016-02-25 06:53:20','2016-02-25 06:53:20'),(165,'quisquamabipsamculpaaut','2016-02-25 06:53:20','2016-02-25 06:53:20'),(166,'doloremdoloremquenumquamautvoluptatibus','2016-02-25 06:53:20','2016-02-25 06:53:20'),(167,'autemeligendiquidemcupiditate','2016-02-25 06:53:20','2016-02-25 06:53:20'),(168,'corporisquianobis','2016-02-25 06:53:20','2016-02-25 06:53:20'),(169,'quisquamnamodio','2016-02-25 06:53:20','2016-02-25 06:53:20'),(170,'sintomniserror','2016-02-25 06:53:20','2016-02-25 06:53:20'),(171,'nisivoluptatibusabreiciendis','2016-02-25 06:53:20','2016-02-25 06:53:20'),(172,'sedrepellendusquisedet','2016-02-25 06:53:20','2016-02-25 06:53:20'),(173,'enimenimrerumsit','2016-02-25 06:53:20','2016-02-25 06:53:20'),(174,'molestiasdolores','2016-02-25 06:53:20','2016-02-25 06:53:20'),(175,'dolorest','2016-02-25 06:53:20','2016-02-25 06:53:20'),(176,'perspiciatishicnesciuntvoluptatibusblanditiis','2016-02-24 06:53:20','2016-02-24 06:53:20'),(177,'consequaturaliquidarchitectosedoccaecati','2016-02-24 06:53:20','2016-02-24 06:53:20'),(178,'eiusaaut','2016-02-24 06:53:20','2016-02-24 06:53:20'),(179,'etquonesciuntoptioquia','2016-02-24 06:53:20','2016-02-24 06:53:20'),(180,'oditpraesentiumutquia','2016-02-24 06:53:20','2016-02-24 06:53:20'),(181,'undearchitectodolorevel','2016-02-21 06:53:20','2016-02-21 06:53:20'),(182,'auttemporeipsumrerumexpedita','2016-02-21 06:53:20','2016-02-21 06:53:20'),(183,'isterationesitvoluptas','2016-02-21 06:53:20','2016-02-21 06:53:20'),(184,'fugitperferendistemporesoluta','2016-02-25 06:53:20','2016-02-25 06:53:20'),(185,'nondelectusatqueexcepturiea','2016-02-25 06:53:20','2016-02-25 06:53:20'),(186,'doloresvoluptatemdebitis','2016-02-25 06:53:20','2016-02-25 06:53:20'),(187,'sitautemlaborum','2016-02-25 06:53:20','2016-02-25 06:53:20'),(188,'nihiletvitaenamaccusantium','2016-02-25 06:53:20','2016-02-25 06:53:20'),(189,'animisuscipitmolestiae','2016-02-25 06:53:20','2016-02-25 06:53:20'),(190,'corruptiaccusantiummagniautemrecusandae','2016-02-25 06:53:20','2016-02-25 06:53:20'),(191,'veritatisadipisci','2016-02-25 06:53:20','2016-02-25 06:53:20'),(192,'debitisestconsecteturipsaaspernatur','2016-02-25 06:53:20','2016-02-25 06:53:20'),(193,'quiestculpaipsaet','2016-02-25 06:53:20','2016-02-25 06:53:20'),(194,'estteneturevenietnostrumexcepturi','2016-02-25 06:53:20','2016-02-25 06:53:20'),(195,'nihilquasautinciduntreprehenderit','2016-02-25 06:53:20','2016-02-25 06:53:20'),(196,'consequaturquaeratprovidentessedolorem','2016-02-25 06:53:20','2016-02-25 06:53:20'),(197,'etsedvitae','2016-02-25 06:53:20','2016-02-25 06:53:20'),(198,'magnamipsamidin','2016-02-25 06:53:20','2016-02-25 06:53:20'),(199,'autfacilis','2016-02-25 06:53:20','2016-02-25 06:53:20'),(200,'quibusdamconsequaturdoloremrepudiandaenihil','2016-02-25 06:53:20','2016-02-25 06:53:20'),(201,'earumdolores','2016-02-25 06:53:20','2016-02-25 06:53:20'),(202,'laborumtemporibus','2016-02-25 06:53:20','2016-02-25 06:53:20'),(203,'autatquedelenitinostrumid','2016-02-25 06:53:20','2016-02-25 06:53:20'),(204,'repudiandaeeosnisialias','2016-02-25 06:53:20','2016-02-25 06:53:20'),(205,'omnisrerum','2016-02-25 06:53:20','2016-02-25 06:53:20'),(206,'modimagnamenimplaceatrepellendus','2016-02-25 06:53:20','2016-02-25 06:53:20'),(207,'dolorumet','2016-02-25 06:53:20','2016-02-25 06:53:20'),(208,'sitiustonam','2016-02-25 06:53:20','2016-02-25 06:53:20'),(209,'placeatexercitationemrecusandaeassumendadebitis','2016-02-25 06:53:20','2016-02-25 06:53:20'),(210,'sintcommodimagni','2016-02-25 06:53:20','2016-02-25 06:53:20'),(211,'nihiloccaecati','2016-02-25 06:53:20','2016-02-25 06:53:20'),(212,'laudantiumaquas','2016-02-25 06:53:20','2016-02-25 06:53:20'),(213,'quoadipisci','2016-02-25 06:53:20','2016-02-25 06:53:20'),(214,'architectoquasiinventore','2016-02-25 06:53:20','2016-02-25 06:53:20'),(215,'explicaboquoomnis','2016-02-25 06:53:20','2016-02-25 06:53:20'),(216,'atveritatisarchitectosuntea','2016-02-25 06:53:20','2016-02-25 06:53:20'),(217,'idblanditiisexpeditadoloribusquasi','2016-02-25 06:53:20','2016-02-25 06:53:20'),(218,'etsequirepudiandaedelenitiet','2016-02-25 06:53:20','2016-02-25 06:53:20'),(219,'voluptatibustemporelaudantiumtenetur','2016-02-25 06:53:20','2016-02-25 06:53:20'),(220,'numquamipsamautsedplaceat','2016-02-25 06:53:20','2016-02-25 06:53:20'),(221,'providentamet','2016-02-25 06:53:20','2016-02-25 06:53:20'),(222,'velitrerumodioquo','2016-02-25 06:53:20','2016-02-25 06:53:20'),(223,'autteneturadipiscinon','2016-02-25 06:53:20','2016-02-25 06:53:20'),(224,'saepeoptio','2016-02-25 06:53:20','2016-02-25 06:53:20'),(225,'nonminusquiaquidem','2016-02-25 06:53:20','2016-02-25 06:53:20'),(226,'minusaspernatur','2016-02-25 06:53:20','2016-02-25 06:53:20'),(227,'ametsedetdolorem','2016-02-25 06:53:20','2016-02-25 06:53:20'),(228,'excepturianimiindolorsit','2016-02-25 06:53:20','2016-02-25 06:53:20'),(229,'quidictaquiaeumillo','2016-02-25 06:53:20','2016-02-25 06:53:20'),(230,'utmodiaut','2016-02-25 06:53:20','2016-02-25 06:53:20'),(231,'ipsamlaborumsunteaque','2016-02-25 06:53:20','2016-02-25 06:53:20'),(232,'eteaqueaperiam','2016-02-25 06:53:20','2016-02-25 06:53:20'),(233,'consequaturnequeperferendisofficiis','2016-02-25 06:53:20','2016-02-25 06:53:20'),(234,'debitisutreprehenderit','2016-02-25 06:53:20','2016-02-25 06:53:20'),(235,'placeatquia','2016-02-25 06:53:20','2016-02-25 06:53:20'),(236,'saepefaceresedcupiditateillum','2016-02-25 06:53:20','2016-02-25 06:53:20'),(237,'saepeetmaximesint','2016-02-19 06:53:20','2016-02-19 06:53:20'),(238,'necessitatibusitaqueimpeditreprehenderitdolorem','2016-02-19 06:53:20','2016-02-19 06:53:20'),(239,'quodidmagnidolorereprehenderit','2016-02-19 06:53:20','2016-02-19 06:53:20'),(240,'oditomniset','2016-02-19 06:53:20','2016-02-19 06:53:20'),(241,'quovoluptasfacere','2016-02-19 06:53:20','2016-02-19 06:53:20'),(242,'quiodio','2016-02-25 06:53:20','2016-02-25 06:53:20'),(243,'exercitationeminut','2016-02-20 06:53:20','2016-02-20 06:53:20'),(244,'utharumvelsapienteest','2016-02-25 06:53:20','2016-02-25 06:53:20'),(245,'illoseddoloremqueblanditiiseligendi','2016-02-25 06:53:20','2016-02-25 06:53:20'),(246,'autoccaecatiassumendadeserunt','2016-02-25 06:53:20','2016-02-25 06:53:20'),(247,'debitissimiliquedoloribus','2016-02-25 06:53:20','2016-02-25 06:53:20'),(248,'eosvoluptatemvoluptatibus','2016-02-25 06:53:20','2016-02-25 06:53:20'),(249,'doloresducimuseiustenetur','2016-02-25 06:53:20','2016-02-25 06:53:20'),(250,'omnisvoluptas','2016-02-25 06:53:20','2016-02-25 06:53:20'),(251,'sitharumveniamquo','2016-02-25 06:53:20','2016-02-25 06:53:20'),(252,'animivoluptatemvoluptatibuset','2016-02-25 06:53:20','2016-02-25 06:53:20'),(253,'autemsit','2016-02-25 06:53:20','2016-02-25 06:53:20'),(254,'blanditiisenim','2016-02-25 06:53:20','2016-02-25 06:53:20'),(255,'esterrorexpeditaconsequaturut','2016-02-25 06:53:20','2016-02-25 06:53:20'),(256,'nullaveniamnemosuntnon','2016-02-25 06:53:20','2016-02-25 06:53:20'),(257,'eadolor','2016-02-25 06:53:20','2016-02-25 06:53:20'),(258,'sapienteut','2016-02-25 06:53:20','2016-02-25 06:53:20'),(259,'autemillo','2016-02-25 06:53:20','2016-02-25 06:53:20'),(260,'occaecatiprovidenteumetnon','2016-02-25 06:53:20','2016-02-25 06:53:20'),(261,'quicommodialiquam','2016-02-25 06:53:20','2016-02-25 06:53:20'),(262,'quisimpeditet','2016-02-25 06:53:20','2016-02-25 06:53:20'),(263,'quisdelectusmaioresautemsimilique','2016-02-25 06:53:20','2016-02-25 06:53:20'),(264,'harumquiaetoccaecativoluptatem','2016-02-25 06:53:20','2016-02-25 06:53:20'),(265,'molestiaedolores','2016-02-25 06:53:20','2016-02-25 06:53:20'),(266,'corporisestquifacere','2016-02-25 06:53:20','2016-02-25 06:53:20'),(267,'odiodoloribusplaceat','2016-02-20 06:53:20','2016-02-20 06:53:20'),(268,'ipsamdolor','2016-02-20 06:53:20','2016-02-20 06:53:20'),(269,'perspiciatisdignissimosoptiovoluptatesautem','2016-02-20 06:53:20','2016-02-20 06:53:20'),(270,'maximeexcepturi','2016-02-20 06:53:20','2016-02-20 06:53:20'),(271,'voluptatemvelalias','2016-02-23 06:53:20','2016-02-23 06:53:20'),(272,'voluptatemmolestiaefuga','2016-02-23 06:53:20','2016-02-23 06:53:20'),(273,'quoset','2016-02-23 06:53:20','2016-02-23 06:53:20'),(274,'consequunturcupiditatesinttempora','2016-02-23 06:53:20','2016-02-23 06:53:20');
/*!40000 ALTER TABLE `suppliers` ENABLE KEYS */;
UNLOCK TABLES;

--
-- Table structure for table `users`
--

DROP TABLE IF EXISTS `users`;
/*!40101 SET @saved_cs_client     = @@character_set_client */;
/*!40101 SET character_set_client = utf8 */;
CREATE TABLE `users` (
  `id` int(11) NOT NULL AUTO_INCREMENT,
  `login` varchar(255) COLLATE utf8_unicode_ci DEFAULT NULL,
  `firstname` varchar(255) COLLATE utf8_unicode_ci DEFAULT NULL,
  `lastname` varchar(255) COLLATE utf8_unicode_ci DEFAULT NULL,
  `phone` varchar(255) COLLATE utf8_unicode_ci DEFAULT NULL,
  `authentication_system_id` int(11) DEFAULT '1',
  `unique_id` varchar(255) COLLATE utf8_unicode_ci DEFAULT NULL,
  `email` varchar(255) COLLATE utf8_unicode_ci DEFAULT NULL,
  `badge_id` varchar(255) COLLATE utf8_unicode_ci DEFAULT NULL,
  `address` varchar(255) COLLATE utf8_unicode_ci DEFAULT NULL,
  `city` varchar(255) COLLATE utf8_unicode_ci DEFAULT NULL,
  `zip` varchar(255) COLLATE utf8_unicode_ci DEFAULT NULL,
  `country` varchar(255) COLLATE utf8_unicode_ci DEFAULT NULL,
  `language_id` int(11) DEFAULT NULL,
  `extended_info` text COLLATE utf8_unicode_ci,
  `settings` varchar(1024) COLLATE utf8_unicode_ci DEFAULT NULL,
  `created_at` datetime DEFAULT NULL,
  `updated_at` datetime DEFAULT NULL,
  `delegator_user_id` int(11) DEFAULT NULL,
  PRIMARY KEY (`id`),
  KEY `index_users_on_authentication_system_id` (`authentication_system_id`),
  KEY `users_language_id_fk` (`language_id`),
  KEY `users_delegator_user_id_fk` (`delegator_user_id`),
  CONSTRAINT `users_delegator_user_id_fk` FOREIGN KEY (`delegator_user_id`) REFERENCES `users` (`id`),
  CONSTRAINT `users_authentication_system_id_fk` FOREIGN KEY (`authentication_system_id`) REFERENCES `authentication_systems` (`id`),
  CONSTRAINT `users_language_id_fk` FOREIGN KEY (`language_id`) REFERENCES `languages` (`id`)
) ENGINE=InnoDB AUTO_INCREMENT=36 DEFAULT CHARSET=utf8 COLLATE=utf8_unicode_ci;
/*!40101 SET character_set_client = @saved_cs_client */;

--
-- Dumping data for table `users`
--

LOCK TABLES `users` WRITE;
/*!40000 ALTER TABLE `users` DISABLE KEYS */;
INSERT INTO `users` VALUES (1,'gino','Gino','Gottlieb','0169779714',1,'bb8o6e9mu6rpm7bwye','gino@zhdk.ch','6olsck1r3v8aczuc6i',NULL,'Lake Javier','M-T2W 5LF','Mongolia',1,NULL,'--- !ruby/hash:ActiveSupport::HashWithIndifferentAccess {}\n','2016-02-25 06:53:20','2016-02-25 06:53:20',NULL),(2,'ramon','Ramon','Fahey','0500622417',1,'pipujxuj2kk80nblg7','ramon@zhdk.ch','unqsi32pl05v64d2w4',NULL,'Bergstromberg','M-ZH0M 9LQ','Myanmar',1,NULL,'--- !ruby/hash:ActiveSupport::HashWithIndifferentAccess {}\n','2016-02-25 06:53:20','2016-02-25 06:53:20',NULL),(3,'matti','Matti','Russel','05680851269',1,'26a57ju88852t3pbns','matti@zhdk.ch','1fl3uc41nqnje1hums',NULL,'Cletusmouth','T-W2A 1BL','Taiwan',1,NULL,'--- !ruby/hash:ActiveSupport::HashWithIndifferentAccess {}\n','2016-02-25 06:53:20','2016-02-25 06:53:20',NULL),(4,'mike','Mike','Ortiz','0800557825',1,'b6yl8atxhf6gb42f0g','mike@zhdk.ch','2n4j4pxe19x6z4fj5j',NULL,'South Ivory','S-Y5 5AJ','Saint Martin',1,NULL,'--- !ruby/hash:ActiveSupport::HashWithIndifferentAccess {}\n','2016-02-25 06:53:20','2016-02-25 06:53:20',NULL),(5,'pius','Pius','Schowalter','0131066341',1,'2r2qmfrbu4x5ddrlsh','pius@zhdk.ch','kgxgotq7byzbcd8j1a',NULL,'West Edythefort','K-U4 8AN','Kenya',1,NULL,'--- !ruby/hash:ActiveSupport::HashWithIndifferentAccess {}\n','2016-02-25 06:53:20','2016-02-25 06:53:20',NULL),(6,'normin','Normin','Prosacco','01666579137',1,'0ryw1q3drjvpblyvs7','normin@zhdk.ch','pqyxp2jurrk6dsff4s',NULL,'Port Reyberg','M-ZD0R 2JB','Maldives',1,NULL,'--- !ruby/hash:ActiveSupport::HashWithIndifferentAccess {}\n','2016-02-25 06:53:20','2016-02-25 06:53:20',NULL),(7,'myrna','Myrna','Daugherty','01132081764',1,'lgqggz5h1rmuz02a75','lending_manager1@zhdk.ch','tqtvfeoc07i38pt1xx',NULL,'Marleyland','J-R6 9LA','Jamaica',1,NULL,'--- !ruby/hash:ActiveSupport::HashWithIndifferentAccess {}\n','2016-02-25 06:53:20','2016-02-25 06:53:20',NULL),(8,'peter','Peter','Silie','0169284102',1,'87wrham9j2eys15jza','peter@silie.com','040egq2mkgwwezrmyt',NULL,'Albinfurt','I-TN4 1BJ','Isle of Man',1,NULL,'--- !ruby/hash:ActiveSupport::HashWithIndifferentAccess {}\n','2016-02-25 06:53:20','2016-02-25 06:53:20',NULL),(9,'andi','Andi','Smith','0500125143',1,'1qw0ul85yodxmxlrt0','andi@zhdk.ch','ela8ootwqt91kv8l9x',NULL,'Dickinsonshire','L-Z3 1LB','Liberia',1,NULL,'--- !ruby/hash:ActiveSupport::HashWithIndifferentAccess {}\n','2016-02-25 06:53:20','2016-02-25 06:53:20',NULL),(10,'mina','Mina','Spinka','01419596107',1,'hgn2ijtlhxx3rq2e55','mina@zhdk.ch','fk8u0k1wl7ef34c74x',NULL,'Lake Santos','M-Z0A 8LB','Mali',1,NULL,'--- !ruby/hash:ActiveSupport::HashWithIndifferentAccess {}\n','2016-02-25 06:53:20','2016-02-25 06:53:20',NULL),(11,'petra','Petra','Batz','01493733413',1,'2z63s97sfimnplo4x5','petra@zhdk.ch','1lg60lh6rnemlznd5x','31299 Crona Corners, ','Lake Lonnie','N-WS7P 3LR','Niue',1,NULL,'--- !ruby/hash:ActiveSupport::HashWithIndifferentAccess {}\n','2016-02-25 06:53:20','2016-02-25 06:53:20',NULL),(12,'julie','Julie','Bartell','01764466514',1,'noajs3cqthg9jmvndd','julie@zhdk.ch','r89ihjzi954gebgsg9',NULL,'West Estrellafort','P-W4Y 7FA','Paraguay',1,NULL,'--- !ruby/hash:ActiveSupport::HashWithIndifferentAccess {}\n','2016-02-25 06:53:20','2016-02-25 06:53:20',NULL),(13,'lisa','Lisa','Fritsch','05664884262',1,'3xxr9g964tzj3fcgbs','lisa@zhdk.ch','ipp3ydcyk71czgloro',NULL,'Keelingmouth','W-KG2 9LA','Western Sahara',1,NULL,'--- !ruby/hash:ActiveSupport::HashWithIndifferentAccess {}\n','2016-02-25 06:53:20','2016-02-25 06:53:20',NULL),(14,'scot','Scot','Torphy','01526472573',1,'s4saj2lq0j1590e9ip','customer1@zhdk.ch','wf4vaanw4n3xwfn7ul',NULL,'Melanyside','S-LM1 0XZ','Saint Barthelemy',1,NULL,'--- !ruby/hash:ActiveSupport::HashWithIndifferentAccess {}\n','2016-02-25 06:53:20','2016-02-25 06:53:20',NULL),(15,'alec','Alec','Satterfield','08001315854',1,'5ne6bm3oc0wrc1cobe','customer2@zhdk.ch','4sjj1492djzgd9pxtn',NULL,'Lake Frankport','B-YT1X 6AJ','Bouvet Island (Bouvetoya)',1,NULL,'--- !ruby/hash:ActiveSupport::HashWithIndifferentAccess {}\n','2016-02-25 06:53:20','2016-02-25 06:53:20',NULL),(16,'autumn','Autumn','Ortiz','09373480802',1,'0kdl4d3w6se51aoqhu','customer3@zhdk.ch','hzrvduoij8vavv1phc',NULL,'O\'Connellview','B-SH1A 5BB','Bangladesh',1,NULL,'--- !ruby/hash:ActiveSupport::HashWithIndifferentAccess {}\n','2016-02-25 06:53:20','2016-02-25 06:53:20',NULL),(17,'haylee','Haylee','Smitham','09440293811',1,'13bkb5ixxwu4ao3sp9','customer4@zhdk.ch','vur5lys580ifzupzby',NULL,'North Timmothy','K-O0 5EP','Kenya',1,NULL,'--- !ruby/hash:ActiveSupport::HashWithIndifferentAccess {}\n','2016-02-25 06:53:20','2016-02-25 06:53:20',NULL),(18,'christian','Christian','Bruen','09669277658',1,'8j98srioi1d126wo2t','customer5@zhdk.ch','zbwxhspbbc6za7alfj',NULL,'Lake Juddburgh','K-R9W 3AJ','Kenya',1,NULL,'--- !ruby/hash:ActiveSupport::HashWithIndifferentAccess {}\n','2016-02-25 06:53:20','2016-02-25 06:53:20',NULL),(19,'timothy','Timothy','Krajcik','0800426060',1,'4jrpnu4767zi5581sy','customer6@zhdk.ch','hgdgkb19ghlzqet4id',NULL,'East Litzyview','E-Y3N 4LP','Equatorial Guinea',1,NULL,'--- !ruby/hash:ActiveSupport::HashWithIndifferentAccess {}\n','2016-02-25 06:53:20','2016-02-25 06:53:20',NULL),(20,'davion','Davion','Padberg','08584522362',1,'kf7o5sf1fbazrlugnh','customer7@zhdk.ch','x8su36yeq87iq9bt0j',NULL,'Alexandromouth','S-Z0R 5XR','Solomon Islands',1,NULL,'--- !ruby/hash:ActiveSupport::HashWithIndifferentAccess {}\n','2016-02-25 06:53:20','2016-02-25 06:53:20',NULL),(21,'mae','Mae','Weber','01221916945',1,'gppm1iuwm9tn8zccpr','customer8@zhdk.ch','p8yn7eyv45wkoe981m',NULL,'Nedraland','E-AB5 7LO','Egypt',1,NULL,'--- !ruby/hash:ActiveSupport::HashWithIndifferentAccess {}\n','2016-02-25 06:53:20','2016-02-25 06:53:20',NULL),(22,'sid','Sid','Stoltenberg','0500567438',1,'y0wb1j2n2kdxv2xfkw','customer9@zhdk.ch','qt9o7cy3i7v121syi0',NULL,'Yundtport','C-Z9M 2GJ','Colombia',1,NULL,'--- !ruby/hash:ActiveSupport::HashWithIndifferentAccess {}\n','2016-02-25 06:53:20','2016-02-25 06:53:20',NULL),(23,'vito','Vito','Rohan','0500183154',1,'4zfetknkhxc9txfnzs','delegator1@zhdk.ch','yuvbsad15sxtokn94c',NULL,'Port Akeemville','M-RL3 8DB','Micronesia',1,NULL,'--- !ruby/hash:ActiveSupport::HashWithIndifferentAccess {}\n','2016-02-25 06:53:20','2016-02-25 06:53:20',NULL),(24,'larue','Larue','Larkin','02513697415',1,'p1cd9vpes5qp4mwe2v','delegated1@zhdk.ch','ur22zxl8rxessebtan',NULL,'Joshuahchester','M-U7 5BU','Mauritius',1,NULL,'--- !ruby/hash:ActiveSupport::HashWithIndifferentAccess {}\n','2016-02-25 06:53:20','2016-02-25 06:53:20',NULL),(25,'bernardo.hills_5705','Vernice','Grant','0169773108',1,'wi9602mukv0q93mlj3','baylee_hirthe@lang.name','y35a6fkkjo4ke6pvmg','9974 Corkery Unions','East Jaydenville','P-W5 5YJ','Paraguay',1,NULL,'--- !ruby/hash:ActiveSupport::HashWithIndifferentAccess {}\n','2016-02-25 06:53:20','2016-02-25 06:53:20',NULL),(26,NULL,'Delegation 1',NULL,NULL,NULL,NULL,NULL,NULL,NULL,NULL,NULL,NULL,1,NULL,'--- !ruby/hash:ActiveSupport::HashWithIndifferentAccess {}\n','2016-02-25 06:53:20','2016-02-25 06:53:20',12),(27,NULL,'Delegation 2',NULL,NULL,NULL,NULL,NULL,NULL,NULL,NULL,NULL,NULL,1,NULL,'--- !ruby/hash:ActiveSupport::HashWithIndifferentAccess {}\n','2016-02-25 06:53:20','2016-02-25 06:53:20',10),(28,NULL,'Delegation 3',NULL,NULL,NULL,NULL,NULL,NULL,NULL,NULL,NULL,NULL,1,NULL,'--- !ruby/hash:ActiveSupport::HashWithIndifferentAccess {}\n','2016-02-25 06:53:20','2016-02-25 06:53:20',10),(29,NULL,'Delegation 4',NULL,NULL,NULL,NULL,NULL,NULL,NULL,NULL,NULL,NULL,1,NULL,'--- !ruby/hash:ActiveSupport::HashWithIndifferentAccess {}\n','2016-02-25 06:53:20','2016-02-25 06:53:20',10),(30,NULL,'Delegation 5',NULL,NULL,NULL,NULL,NULL,NULL,NULL,NULL,NULL,NULL,1,NULL,'--- !ruby/hash:ActiveSupport::HashWithIndifferentAccess {}\n','2016-02-25 06:53:20','2016-02-25 06:53:20',23),(31,'weston_3791','Kathryne','Toy','01185509065',1,'ydyraumw56u8w2ipq9','corene@connelly.info','bchm28bnig365wbe7h','78286 Mohamed Cape','East Leonorton','G-Z4 8GD','Gabon',1,NULL,'--- !ruby/hash:ActiveSupport::HashWithIndifferentAccess {}\n','2016-02-25 06:53:20','2016-02-25 06:53:20',NULL),(32,'summer_9669','Lillian','Witting','08237989056',1,'30bjv03gxa7qg9a8zw','ryan@graham.co.uk','ifkebs73t8wnphticu','274 Ettie Run','Bashirianville','C-YC8 9LJ','Cambodia',1,NULL,'--- !ruby/hash:ActiveSupport::HashWithIndifferentAccess {}\n','2016-02-25 06:53:20','2016-02-25 06:53:20',NULL),(33,'ronny_2442','Angela','Tremblay','08003542605',1,'xsh5emqlskjrgu0cgn','arch_rice@stromanadams.co.uk','r7innb46g3hnu71570','8257 Kurtis Junction','New Johannaville','J-S9E 0AN','Japan',1,NULL,'--- !ruby/hash:ActiveSupport::HashWithIndifferentAccess {}\n','2016-02-25 06:53:20','2016-02-25 06:53:20',NULL),(34,'dayton.grant_8813','Katlyn','Morissette','0178472434',1,'hszox4rmj5ru8a73zk','kevon.sauer@lehnerabernathy.co.uk','5m2k1lsmvdukkwr97o','33934 Feeney Lake','Allisonland','I-ZF6H 4LL','Iran',1,NULL,'--- !ruby/hash:ActiveSupport::HashWithIndifferentAccess {}\n','2016-02-25 06:53:20','2016-02-25 06:53:20',NULL),(35,'celia.bogan_9893','Elijah','Rutherford','03324823645',1,'udxnw9t9vbetg2ettw','may@emmerichhansen.co.uk','d2wl78l0mdcla8pc1g','959 Wuckert Motorway','Lake Coryberg','U-UN4 2LY','Ukraine',1,NULL,'--- !ruby/hash:ActiveSupport::HashWithIndifferentAccess {}\n','2016-02-25 06:53:20','2016-02-25 06:53:20',NULL);
/*!40000 ALTER TABLE `users` ENABLE KEYS */;
UNLOCK TABLES;

--
-- Temporary table structure for view `visit_lines`
--

DROP TABLE IF EXISTS `visit_lines`;
/*!50001 DROP VIEW IF EXISTS `visit_lines`*/;
SET @saved_cs_client     = @@character_set_client;
SET character_set_client = utf8;
/*!50001 CREATE TABLE `visit_lines` (
  `visit_id` varchar(148),
  `inventory_pool_id` int(11),
  `user_id` int(11),
  `delegated_user_id` int(11),
  `status` enum('unsubmitted','submitted','rejected','approved','signed','closed'),
  `action` varchar(9),
  `date` date,
  `quantity` int(11),
  `contract_line_id` int(11)
) ENGINE=MyISAM */;
SET character_set_client = @saved_cs_client;

--
-- Temporary table structure for view `visits`
--

DROP TABLE IF EXISTS `visits`;
/*!50001 DROP VIEW IF EXISTS `visits`*/;
SET @saved_cs_client     = @@character_set_client;
SET character_set_client = utf8;
/*!50001 CREATE TABLE `visits` (
  `id` varchar(148),
  `inventory_pool_id` int(11),
  `user_id` int(11),
  `status` enum('unsubmitted','submitted','rejected','approved','signed','closed'),
  `action` varchar(9),
  `date` date,
  `quantity` decimal(32,0)
) ENGINE=MyISAM */;
SET character_set_client = @saved_cs_client;

--
-- Table structure for table `workdays`
--

DROP TABLE IF EXISTS `workdays`;
/*!40101 SET @saved_cs_client     = @@character_set_client */;
/*!40101 SET character_set_client = utf8 */;
CREATE TABLE `workdays` (
  `id` int(11) NOT NULL AUTO_INCREMENT,
  `inventory_pool_id` int(11) DEFAULT NULL,
  `monday` tinyint(1) DEFAULT '1',
  `tuesday` tinyint(1) DEFAULT '1',
  `wednesday` tinyint(1) DEFAULT '1',
  `thursday` tinyint(1) DEFAULT '1',
  `friday` tinyint(1) DEFAULT '1',
  `saturday` tinyint(1) DEFAULT '0',
  `sunday` tinyint(1) DEFAULT '0',
  `reservation_advance_days` int(11) DEFAULT '0',
  `max_visits` text COLLATE utf8_unicode_ci,
  PRIMARY KEY (`id`),
  KEY `index_workdays_on_inventory_pool_id` (`inventory_pool_id`),
  CONSTRAINT `workdays_inventory_pool_id_fk` FOREIGN KEY (`inventory_pool_id`) REFERENCES `inventory_pools` (`id`) ON DELETE CASCADE
) ENGINE=InnoDB AUTO_INCREMENT=13 DEFAULT CHARSET=utf8 COLLATE=utf8_unicode_ci;
/*!40101 SET character_set_client = @saved_cs_client */;

--
-- Dumping data for table `workdays`
--

LOCK TABLES `workdays` WRITE;
/*!40000 ALTER TABLE `workdays` DISABLE KEYS */;
INSERT INTO `workdays` VALUES (1,1,1,1,1,1,1,0,0,0,'---\n\'1\': 10\n\'2\': 20\n\'3\': 30\n'),(2,2,1,1,1,1,1,0,0,0,'--- {}\n'),(3,3,1,1,1,1,1,0,0,0,'--- {}\n'),(4,4,1,1,1,1,1,0,0,0,'--- {}\n'),(5,5,1,1,1,1,1,0,0,0,'--- {}\n'),(6,6,1,1,1,1,1,0,0,0,'--- {}\n'),(7,7,1,1,1,1,1,0,0,0,'--- {}\n'),(8,8,1,1,1,1,1,0,0,0,'--- {}\n'),(9,9,1,1,1,1,1,0,0,0,'--- {}\n'),(10,10,1,1,1,1,1,0,0,0,'--- {}\n'),(11,11,1,1,1,1,1,0,0,0,'--- {}\n'),(12,12,1,1,1,1,1,0,0,0,'--- {}\n');
/*!40000 ALTER TABLE `workdays` ENABLE KEYS */;
UNLOCK TABLES;

--
-- Final view structure for view `partitions_with_generals`
--

/*!50001 DROP TABLE IF EXISTS `partitions_with_generals`*/;
/*!50001 DROP VIEW IF EXISTS `partitions_with_generals`*/;
/*!50001 SET @saved_cs_client          = @@character_set_client */;
/*!50001 SET @saved_cs_results         = @@character_set_results */;
/*!50001 SET @saved_col_connection     = @@collation_connection */;
/*!50001 SET character_set_client      = utf8 */;
/*!50001 SET character_set_results     = utf8 */;
/*!50001 SET collation_connection      = utf8_general_ci */;
/*!50001 CREATE ALGORITHM=UNDEFINED */
/*!50001 VIEW `partitions_with_generals` AS select `partitions`.`model_id` AS `model_id`,`partitions`.`inventory_pool_id` AS `inventory_pool_id`,`partitions`.`group_id` AS `group_id`,`partitions`.`quantity` AS `quantity` from `partitions` union select `i`.`model_id` AS `model_id`,`i`.`inventory_pool_id` AS `inventory_pool_id`,NULL AS `group_id`,(count(`i`.`id`) - ifnull((select sum(`p`.`quantity`) from `partitions` `p` where ((`p`.`model_id` = `i`.`model_id`) and (`p`.`inventory_pool_id` = `i`.`inventory_pool_id`)) group by `p`.`inventory_pool_id`,`p`.`model_id`),0)) AS `quantity` from `items` `i` where (isnull(`i`.`retired`) and (`i`.`is_borrowable` = 1) and isnull(`i`.`parent_id`)) group by `i`.`inventory_pool_id`,`i`.`model_id` */;
/*!50001 SET character_set_client      = @saved_cs_client */;
/*!50001 SET character_set_results     = @saved_cs_results */;
/*!50001 SET collation_connection      = @saved_col_connection */;

--
-- Final view structure for view `visit_lines`
--

/*!50001 DROP TABLE IF EXISTS `visit_lines`*/;
/*!50001 DROP VIEW IF EXISTS `visit_lines`*/;
/*!50001 SET @saved_cs_client          = @@character_set_client */;
/*!50001 SET @saved_cs_results         = @@character_set_results */;
/*!50001 SET @saved_col_connection     = @@collation_connection */;
/*!50001 SET character_set_client      = utf8 */;
/*!50001 SET character_set_results     = utf8 */;
/*!50001 SET collation_connection      = utf8_general_ci */;
/*!50001 CREATE ALGORITHM=UNDEFINED */
/*!50001 VIEW `visit_lines` AS select hex(concat_ws('_',if((`c`.`status` = 'approved'),`cl`.`start_date`,`cl`.`end_date`),`c`.`inventory_pool_id`,`c`.`user_id`,`c`.`status`)) AS `visit_id`,`c`.`inventory_pool_id` AS `inventory_pool_id`,`c`.`user_id` AS `user_id`,`c`.`delegated_user_id` AS `delegated_user_id`,`c`.`status` AS `status`,if((`c`.`status` = 'approved'),'hand_over','take_back') AS `action`,if((`c`.`status` = 'approved'),`cl`.`start_date`,`cl`.`end_date`) AS `date`,`cl`.`quantity` AS `quantity`,`cl`.`id` AS `contract_line_id` from (`contract_lines` `cl` join `contracts` `c` on((`cl`.`contract_id` = `c`.`id`))) where ((`c`.`status` in ('approved','signed')) and isnull(`cl`.`returned_date`)) order by if((`c`.`status` = 'approved'),`cl`.`start_date`,`cl`.`end_date`) */;
/*!50001 SET character_set_client      = @saved_cs_client */;
/*!50001 SET character_set_results     = @saved_cs_results */;
/*!50001 SET collation_connection      = @saved_col_connection */;

--
-- Final view structure for view `visits`
--

/*!50001 DROP TABLE IF EXISTS `visits`*/;
/*!50001 DROP VIEW IF EXISTS `visits`*/;
/*!50001 SET @saved_cs_client          = @@character_set_client */;
/*!50001 SET @saved_cs_results         = @@character_set_results */;
/*!50001 SET @saved_col_connection     = @@collation_connection */;
/*!50001 SET character_set_client      = utf8 */;
/*!50001 SET character_set_results     = utf8 */;
/*!50001 SET collation_connection      = utf8_general_ci */;
/*!50001 CREATE ALGORITHM=UNDEFINED */
/*!50001 VIEW `visits` AS select hex(concat_ws('_',`visit_lines`.`date`,`visit_lines`.`inventory_pool_id`,`visit_lines`.`user_id`,`visit_lines`.`status`)) AS `id`,`visit_lines`.`inventory_pool_id` AS `inventory_pool_id`,`visit_lines`.`user_id` AS `user_id`,`visit_lines`.`status` AS `status`,`visit_lines`.`action` AS `action`,`visit_lines`.`date` AS `date`,sum(`visit_lines`.`quantity`) AS `quantity` from `visit_lines` group by `visit_lines`.`user_id`,`visit_lines`.`status`,`visit_lines`.`date`,`visit_lines`.`inventory_pool_id` */;
/*!50001 SET character_set_client      = @saved_cs_client */;
/*!50001 SET character_set_results     = @saved_cs_results */;
/*!50001 SET collation_connection      = @saved_col_connection */;
/*!40103 SET TIME_ZONE=@OLD_TIME_ZONE */;

/*!40101 SET SQL_MODE=@OLD_SQL_MODE */;
/*!40014 SET FOREIGN_KEY_CHECKS=@OLD_FOREIGN_KEY_CHECKS */;
/*!40014 SET UNIQUE_CHECKS=@OLD_UNIQUE_CHECKS */;
/*!40101 SET CHARACTER_SET_CLIENT=@OLD_CHARACTER_SET_CLIENT */;
/*!40101 SET CHARACTER_SET_RESULTS=@OLD_CHARACTER_SET_RESULTS */;
/*!40101 SET COLLATION_CONNECTION=@OLD_COLLATION_CONNECTION */;
/*!40111 SET SQL_NOTES=@OLD_SQL_NOTES */;

-- Dump completed on 2014-11-17 14:14:40
