-- MySQL dump 10.13  Distrib 5.1.48, for apple-darwin10.3.0 (i386)
--
-- Host: localhost    Database: leihs2_test
-- ------------------------------------------------------
-- Server version	5.1.48

/*!40101 SET @OLD_CHARACTER_SET_CLIENT=@@CHARACTER_SET_CLIENT */;
/*!40101 SET @OLD_CHARACTER_SET_RESULTS=@@CHARACTER_SET_RESULTS */;
/*!40101 SET @OLD_COLLATION_CONNECTION=@@COLLATION_CONNECTION */;
/*!40101 SET NAMES utf8 */;
/*!40103 SET @OLD_TIME_ZONE=@@TIME_ZONE */;
/*!40103 SET TIME_ZONE='+00:00' */;
/*!40014 SET @OLD_UNIQUE_CHECKS=@@UNIQUE_CHECKS, UNIQUE_CHECKS=0 */;
/*!40014 SET @OLD_FOREIGN_KEY_CHECKS=@@FOREIGN_KEY_CHECKS, FOREIGN_KEY_CHECKS=0 */;
/*!40101 SET @OLD_SQL_MODE=@@SQL_MODE, SQL_MODE='NO_AUTO_VALUE_ON_ZERO' */;
/*!40111 SET @OLD_SQL_NOTES=@@SQL_NOTES, SQL_NOTES=0 */;

--
-- Table structure for table `access_rights`
--

DROP TABLE IF EXISTS `access_rights`;
/*!40101 SET @saved_cs_client     = @@character_set_client */;
/*!40101 SET character_set_client = utf8 */;
CREATE TABLE `access_rights` (
  `id` int(11) NOT NULL AUTO_INCREMENT,
  `user_id` int(11) DEFAULT NULL,
  `inventory_pool_id` int(11) DEFAULT NULL,
  `suspended_until` date DEFAULT NULL,
  `suspended_reason` text COLLATE utf8_unicode_ci,
  `deleted_at` date DEFAULT NULL,
  `created_at` datetime DEFAULT NULL,
  `updated_at` datetime DEFAULT NULL,
  `role` enum('customer','group_manager','lending_manager','inventory_manager','admin') COLLATE utf8_unicode_ci NOT NULL,
  PRIMARY KEY (`id`),
  KEY `index_access_rights_on_suspended_until` (`suspended_until`),
  KEY `index_access_rights_on_deleted_at` (`deleted_at`),
  KEY `index_access_rights_on_inventory_pool_id` (`inventory_pool_id`),
  KEY `index_access_rights_on_role` (`role`),
  KEY `index_on_user_id_and_inventory_pool_id_and_deleted_at` (`user_id`,`inventory_pool_id`,`deleted_at`),
  CONSTRAINT `access_rights_user_id_fk` FOREIGN KEY (`user_id`) REFERENCES `users` (`id`),
  CONSTRAINT `access_rights_inventory_pool_id_fk` FOREIGN KEY (`inventory_pool_id`) REFERENCES `inventory_pools` (`id`) ON DELETE CASCADE
) ENGINE=InnoDB AUTO_INCREMENT=46 DEFAULT CHARSET=utf8 COLLATE=utf8_unicode_ci;
/*!40101 SET character_set_client = @saved_cs_client */;

--
-- Dumping data for table `access_rights`
--

LOCK TABLES `access_rights` WRITE;
/*!40000 ALTER TABLE `access_rights` DISABLE KEYS */;
INSERT INTO `access_rights` VALUES (1,1,NULL,NULL,NULL,NULL,'2015-01-30 10:01:39','2015-01-30 10:01:39','admin'),(2,2,NULL,NULL,NULL,NULL,'2015-01-30 10:01:39','2015-01-30 10:01:39','admin'),(3,2,1,NULL,NULL,NULL,'2015-01-30 10:01:39','2015-01-30 10:01:39','customer'),(4,3,2,NULL,NULL,NULL,'2015-01-30 10:01:39','2015-01-30 10:01:39','inventory_manager'),(5,4,1,NULL,NULL,NULL,'2015-01-30 10:01:39','2015-01-30 10:01:39','inventory_manager'),(6,4,4,NULL,NULL,NULL,'2015-01-30 10:01:39','2015-01-30 10:01:39','inventory_manager'),(7,5,1,NULL,NULL,NULL,'2015-01-30 10:01:39','2015-01-30 10:01:39','lending_manager'),(8,5,2,NULL,NULL,NULL,'2015-01-30 10:01:39','2015-01-30 10:01:39','lending_manager'),(9,7,1,NULL,NULL,NULL,'2015-01-30 10:01:39','2015-01-30 10:01:39','lending_manager'),(10,7,2,NULL,NULL,NULL,'2015-01-30 10:01:39','2015-01-30 10:01:39','lending_manager'),(11,8,1,NULL,NULL,NULL,'2015-01-30 10:01:39','2015-01-30 10:01:39','customer'),(12,6,1,NULL,NULL,NULL,'2015-01-30 10:01:39','2015-01-30 10:01:39','customer'),(13,6,2,NULL,NULL,NULL,'2015-01-30 10:01:39','2015-01-30 10:01:39','customer'),(14,6,3,NULL,NULL,NULL,'2015-01-30 10:01:39','2015-01-30 10:01:39','customer'),(15,6,4,NULL,NULL,'2015-01-29','2015-01-30 10:01:39','2015-01-30 10:01:39','customer'),(16,9,1,NULL,NULL,NULL,'2015-01-30 10:01:39','2015-01-30 10:01:39','group_manager'),(17,9,2,NULL,NULL,NULL,'2015-01-30 10:01:39','2015-01-30 10:01:39','group_manager'),(18,9,3,NULL,NULL,NULL,'2015-01-30 10:01:39','2015-01-30 10:01:39','group_manager'),(19,10,1,NULL,NULL,NULL,'2015-01-30 10:01:39','2015-01-30 10:01:39','customer'),(20,11,1,NULL,NULL,NULL,'2015-01-30 10:01:39','2015-01-30 10:01:39','customer'),(21,12,1,NULL,NULL,NULL,'2015-01-30 10:01:39','2015-01-30 10:01:39','customer'),(22,13,1,NULL,NULL,NULL,'2015-01-30 10:01:39','2015-01-30 10:01:39','customer'),(23,26,1,NULL,NULL,NULL,'2015-01-30 10:01:39','2015-01-30 10:01:39','customer'),(24,27,1,NULL,NULL,NULL,'2015-01-30 10:01:39','2015-01-30 10:01:39','customer'),(25,27,2,NULL,NULL,NULL,'2015-01-30 10:01:39','2015-01-30 10:01:39','customer'),(26,29,1,NULL,NULL,NULL,'2015-01-30 10:01:39','2015-01-30 10:01:39','customer'),(27,29,5,NULL,NULL,NULL,'2015-01-30 10:01:39','2015-01-30 10:01:39','customer'),(28,29,6,NULL,NULL,NULL,'2015-01-30 10:01:39','2015-01-30 10:01:39','customer'),(29,30,1,NULL,NULL,NULL,'2015-01-30 10:01:39','2015-01-30 10:01:39','customer'),(30,23,1,NULL,NULL,NULL,'2015-01-30 10:01:39','2015-01-30 10:01:39','customer'),(31,24,1,NULL,NULL,NULL,'2015-01-30 10:01:39','2015-01-30 10:01:39','customer'),(32,14,1,NULL,NULL,NULL,'2015-01-30 10:01:39','2015-01-30 10:01:39','customer'),(33,15,1,'2015-01-30','Quis modi totam aperiam id suscipit quas sit corporis.',NULL,'2015-01-30 10:01:39','2015-01-30 10:01:39','customer'),(34,16,1,NULL,NULL,NULL,'2015-01-30 10:01:39','2015-01-30 10:01:39','customer'),(35,17,1,NULL,NULL,NULL,'2015-01-30 10:01:39','2015-01-30 10:01:39','customer'),(36,18,1,NULL,NULL,NULL,'2015-01-30 10:01:39','2015-01-30 10:01:39','customer'),(37,19,1,NULL,NULL,NULL,'2015-01-30 10:01:39','2015-01-30 10:01:39','customer'),(38,20,1,NULL,NULL,'2015-01-30','2015-01-30 10:01:39','2015-01-30 10:01:39','customer'),(39,21,1,NULL,NULL,NULL,'2015-01-30 10:01:39','2015-01-30 10:01:39','customer'),(40,22,1,NULL,NULL,NULL,'2015-01-30 10:01:39','2015-01-30 10:01:39','customer'),(41,31,3,NULL,NULL,NULL,'2015-01-30 10:01:39','2015-01-30 10:01:39','customer'),(42,32,1,NULL,NULL,NULL,'2015-01-30 10:01:39','2015-01-30 10:01:39','lending_manager'),(43,33,1,NULL,NULL,NULL,'2015-01-30 10:01:39','2015-01-30 10:01:39','group_manager'),(44,34,7,NULL,NULL,NULL,'2015-01-30 10:01:39','2015-01-30 10:01:39','customer'),(45,35,12,NULL,NULL,NULL,'2015-01-30 10:01:39','2015-01-30 10:01:39','customer');
/*!40000 ALTER TABLE `access_rights` ENABLE KEYS */;
UNLOCK TABLES;

--
-- Table structure for table `accessories`
--

DROP TABLE IF EXISTS `accessories`;
/*!40101 SET @saved_cs_client     = @@character_set_client */;
/*!40101 SET character_set_client = utf8 */;
CREATE TABLE `accessories` (
  `id` int(11) NOT NULL AUTO_INCREMENT,
  `model_id` int(11) DEFAULT NULL,
  `name` varchar(255) COLLATE utf8_unicode_ci DEFAULT NULL,
  `quantity` int(11) DEFAULT NULL,
  PRIMARY KEY (`id`),
  KEY `index_accessories_on_model_id` (`model_id`),
  CONSTRAINT `accessories_model_id_fk` FOREIGN KEY (`model_id`) REFERENCES `models` (`id`) ON DELETE CASCADE
) ENGINE=InnoDB AUTO_INCREMENT=223 DEFAULT CHARSET=utf8 COLLATE=utf8_unicode_ci;
/*!40101 SET character_set_client = @saved_cs_client */;

--
-- Dumping data for table `accessories`
--

LOCK TABLES `accessories` WRITE;
/*!40000 ALTER TABLE `accessories` DISABLE KEYS */;
INSERT INTO `accessories` VALUES (1,1,'Mr. Coleman Hammes',NULL),(2,2,'Trevor Koelpin',NULL),(3,2,'Mrs. Susana White',NULL),(4,2,'Demetris Pfannerstill',NULL),(5,2,'Darion Morissette Jr.',NULL),(6,2,'Roosevelt Keeling',NULL),(7,3,'Constantin Schroeder',NULL),(8,3,'Anya Davis',NULL),(9,4,'Dr. Abel Wintheiser',NULL),(10,4,'Mrs. Sister Greenfelder',NULL),(11,5,'Ms. Amya Kuvalis',NULL),(12,5,'Duncan Ratke',NULL),(13,5,'Brianne Maggio',NULL),(14,6,'Miss Shana Littel',NULL),(15,6,'Emie Walter',NULL),(16,7,'Kaylah Kessler PhD',NULL),(17,7,'Mr. Easter Strosin',NULL),(18,7,'Tess Lebsack',NULL),(19,7,'Logan Weimann',NULL),(20,8,'Ms. Rosella Hamill',NULL),(21,8,'Clotilde Smitham',NULL),(22,8,'Winona Dooley Sr.',NULL),(23,8,'Mr. Maeve Davis',NULL),(24,8,'Jewell Hahn Jr.',NULL),(25,9,'Kendall Friesen II',NULL),(26,10,'Rhea Leffler',NULL),(27,11,'Cortney Parisian',NULL),(28,11,'Broderick Gusikowski',NULL),(29,11,'Gerhard Doyle Sr.',NULL),(30,11,'Shanon Hartmann',NULL),(31,11,'Janiya Krajcik',NULL),(32,12,'Mathilde Frami',NULL),(33,13,'Rubye Runolfsdottir V',NULL),(34,13,'Beryl Fay II',NULL),(35,14,'Gunner Toy',NULL),(36,14,'Icie Koch',NULL),(37,15,'Laury Dooley DDS',NULL),(38,15,'Annabelle Prohaska',NULL),(39,16,'Amelie Kunze PhD',NULL),(40,16,'Geoffrey Bogan Jr.',NULL),(41,16,'Candice Thiel',NULL),(42,17,'Ms. Pauline Heathcote',NULL),(43,17,'Chelsie McCullough',NULL),(44,17,'Nedra Johnston',NULL),(45,17,'Vicente Barrows',NULL),(46,18,'Alba Bernier I',NULL),(47,18,'Werner Ratke',NULL),(48,19,'Maynard Altenwerth',NULL),(49,19,'Mrs. Adelbert Reichel',NULL),(50,20,'Sydnie Wilderman',NULL),(51,20,'Rose Keeling',NULL),(52,20,'Cynthia Boehm DDS',NULL),(53,20,'Erna Schinner DDS',NULL),(54,20,'Vivien Dickens',NULL),(55,21,'Ms. Jamil Botsford',NULL),(56,21,'Gustave Friesen',NULL),(57,21,'Dr. Myrtis Orn',NULL),(58,21,'Dillon Schoen',NULL),(59,21,'Kelsie Roob',NULL),(60,22,'Caitlyn Zulauf',NULL),(61,22,'Jett Renner',NULL),(62,22,'Hunter Kohler',NULL),(63,22,'Deontae Huels',NULL),(64,22,'Dexter Ebert',NULL),(65,23,'Domenic Treutel',NULL),(66,23,'Mr. Juanita Kerluke',NULL),(67,23,'Jessyca Hagenes DDS',NULL),(68,23,'Frankie Hegmann III',NULL),(69,24,'Edwin Walker',NULL),(70,24,'Mariano Schroeder',NULL),(71,25,'Josefa Lockman',NULL),(72,25,'Micaela Lynch',NULL),(73,25,'Shaniya Borer',NULL),(74,25,'Miss Marlen Pfeffer',NULL),(75,26,'Rebecca Eichmann Sr.',NULL),(76,26,'Earnestine Rutherford III',NULL),(77,26,'Mrs. Declan Heaney',NULL),(78,26,'Elizabeth Dickens',NULL),(79,26,'Camren Beahan',NULL),(80,27,'Leola Schumm',NULL),(81,27,'Madelynn Kuhn Sr.',NULL),(82,27,'Zelda Dickinson PhD',NULL),(83,27,'Jadyn Schinner DDS',NULL),(84,27,'Alford Kassulke',NULL),(85,28,'Ladarius Feil Jr.',NULL),(86,29,'Grayson McDermott',NULL),(87,29,'Cedrick Sawayn',NULL),(88,30,'Adalberto Bahringer',NULL),(89,30,'Elvis Langworth',NULL),(90,31,'Lizzie Glover',NULL),(91,31,'Ms. Shayne Schamberger',NULL),(92,31,'Kaia Kemmer',NULL),(93,31,'Davion Crona I',NULL),(94,31,'Teagan Walker DVM',NULL),(95,32,'Katrine Pacocha',NULL),(96,32,'Miguel Batz',NULL),(97,32,'Rachel Kling MD',NULL),(98,32,'Martine Goldner',NULL),(99,32,'Ms. Trey Monahan',NULL),(100,33,'Mr. Ada Ruecker',NULL),(101,33,'Mrs. Genesis Wuckert',NULL),(102,34,'Tyshawn Lehner',NULL),(103,35,'Burnice Morar',NULL),(104,35,'Evan Sipes',NULL),(105,35,'Dwight Shanahan',NULL),(106,35,'Margarett Goyette',NULL),(107,36,'Jazlyn Muller DDS',NULL),(108,36,'Ashlynn Jenkins',NULL),(109,36,'Tavares Altenwerth',NULL),(110,36,'Miss Kyle Jaskolski',NULL),(111,37,'Ms. Modesta West',NULL),(112,37,'Verlie Jast',NULL),(113,37,'Ms. Richie Bradtke',NULL),(114,38,'Mr. Samson Quigley',NULL),(115,38,'Mr. Rosalee Ziemann',NULL),(116,38,'Stephanie Batz I',NULL),(117,38,'Mrs. Joana Balistreri',NULL),(118,38,'Alice Toy',NULL),(119,39,'Mrs. Alexandrine Watsica',NULL),(120,39,'Geo Brown',NULL),(121,39,'Santos Lueilwitz',NULL),(122,39,'Dr. Merlin Price',NULL),(123,39,'Samara Daniel',NULL),(124,40,'Ms. Harold Kuhn',NULL),(125,40,'Jovani Schinner',NULL),(126,40,'Micheal Turcotte',NULL),(127,40,'Miss Romaine Casper',NULL),(128,40,'Gabriel Emard',NULL),(129,41,'Estrella Hilpert',NULL),(130,41,'Delbert Kerluke DDS',NULL),(131,41,'Ari Feeney V',NULL),(132,41,'Kenny Marquardt',NULL),(133,41,'Heloise Toy I',NULL),(134,42,'Miss Alek Kohler',NULL),(135,42,'Miss Retha Barton',NULL),(136,42,'Armand Kling',NULL),(137,43,'Bell Hirthe',NULL),(138,44,'Queen Kuphal',NULL),(139,45,'Garnet Ullrich',NULL),(140,45,'Mara Walker',NULL),(141,45,'Milan Swaniawski',NULL),(142,45,'Rosina Boyle',NULL),(143,46,'Miss Preston Farrell',NULL),(144,46,'Adeline Kulas',NULL),(145,47,'Junius Koch',NULL),(146,48,'Leonel Schowalter',NULL),(147,48,'Akeem Macejkovic Jr.',NULL),(148,49,'Francisca Beahan',NULL),(149,49,'Lillie Veum',NULL),(150,49,'Tia Hegmann',NULL),(151,49,'Ms. Annalise Jones',NULL),(152,50,'Jaleel Hermann',NULL),(153,50,'Ms. Ricardo Kertzmann',NULL),(154,50,'Brayan Toy',NULL),(155,51,'Forest Oberbrunner',NULL),(156,51,'Alphonso Rowe',NULL),(157,51,'Berneice Daniel',NULL),(158,51,'Leonora Gleichner',NULL),(159,52,'Abbey Hansen',NULL),(160,53,'Antonetta Weissnat',NULL),(161,54,'Mrs. Jacinthe Spencer',NULL),(162,54,'Mae Medhurst MD',NULL),(163,54,'Otha Carter',NULL),(164,55,'Mr. Araceli Goldner',NULL),(165,56,'Elliott Torphy',NULL),(166,56,'Randi Cole',NULL),(167,56,'Griffin Hermiston',NULL),(168,56,'Gerhard Kohler I',NULL),(169,56,'Libbie Stehr I',NULL),(170,57,'Mrs. Donato Cronin',NULL),(171,57,'Dr. Selina Buckridge',NULL),(172,57,'Mrs. Don Lowe',NULL),(173,57,'Magnolia Macejkovic',NULL),(174,58,'Mrs. Kellie Padberg',NULL),(175,58,'Lance Boyer',NULL),(176,58,'Blaze Monahan',NULL),(177,58,'Jamie Murazik',NULL),(178,59,'Zelma Huel',NULL),(179,60,'Jett Swift',NULL),(180,60,'Carolina Homenick',NULL),(181,60,'Myrna Kilback Jr.',NULL),(182,60,'Spencer O\'Kon',NULL),(183,61,'Barney Daugherty',NULL),(184,61,'Rocky Kshlerin',NULL),(185,61,'Durward Ernser II',NULL),(186,61,'Graciela Marks',NULL),(187,62,'Earlene Jones',NULL),(188,62,'Deanna Fahey Sr.',NULL),(189,62,'Arjun Ebert',NULL),(190,62,'Elouise Kessler',NULL),(191,62,'Frida Skiles I',NULL),(192,63,'Darrick Emard',NULL),(193,64,'Anastacio Kshlerin',NULL),(194,64,'Nakia Stark DDS',NULL),(195,64,'Mr. Donavon Konopelski',NULL),(196,65,'Jameson Doyle PhD',NULL),(197,65,'Valentin Roberts',NULL),(198,66,'Heath Walker IV',NULL),(199,66,'Beryl Bechtelar',NULL),(200,66,'Miss Reyes Mosciski',NULL),(201,66,'Vicente Stoltenberg PhD',NULL),(202,67,'Howard Braun',NULL),(203,67,'Dolores Orn',NULL),(204,68,'Vladimir Gutmann',NULL),(205,69,'Mr. Earl Hyatt',NULL),(206,70,'Estevan Brekke',NULL),(207,70,'Leta Hahn',NULL),(208,70,'Clementina Williamson',NULL),(209,70,'Ms. Delores Shields',NULL),(210,71,'Mallory Ritchie',NULL),(211,71,'Arturo Ankunding PhD',NULL),(212,71,'Miss Wilmer Reichert',NULL),(213,72,'Evangeline Keebler DDS',NULL),(214,72,'Kian Effertz',NULL),(215,72,'Ida Gutmann',NULL),(216,72,'Leonora Rosenbaum III',NULL),(217,72,'Dr. Rylan Wiegand',NULL),(218,73,'Miss Makenzie Cruickshank',NULL),(219,73,'Gudrun Mueller DDS',NULL),(220,73,'Jermey Schimmel DVM',NULL),(221,73,'Colleen Moen',NULL),(222,73,'Blake Greenfelder',NULL);
/*!40000 ALTER TABLE `accessories` ENABLE KEYS */;
UNLOCK TABLES;

--
-- Table structure for table `accessories_inventory_pools`
--

DROP TABLE IF EXISTS `accessories_inventory_pools`;
/*!40101 SET @saved_cs_client     = @@character_set_client */;
/*!40101 SET character_set_client = utf8 */;
CREATE TABLE `accessories_inventory_pools` (
  `accessory_id` int(11) DEFAULT NULL,
  `inventory_pool_id` int(11) DEFAULT NULL,
  UNIQUE KEY `index_accessories_inventory_pools` (`accessory_id`,`inventory_pool_id`),
  KEY `index_accessories_inventory_pools_on_inventory_pool_id` (`inventory_pool_id`),
  CONSTRAINT `accessories_inventory_pools_inventory_pool_id_fk` FOREIGN KEY (`inventory_pool_id`) REFERENCES `inventory_pools` (`id`),
  CONSTRAINT `accessories_inventory_pools_accessory_id_fk` FOREIGN KEY (`accessory_id`) REFERENCES `accessories` (`id`)
) ENGINE=InnoDB DEFAULT CHARSET=utf8 COLLATE=utf8_unicode_ci;
/*!40101 SET character_set_client = @saved_cs_client */;

--
-- Dumping data for table `accessories_inventory_pools`
--

LOCK TABLES `accessories_inventory_pools` WRITE;
/*!40000 ALTER TABLE `accessories_inventory_pools` DISABLE KEYS */;
INSERT INTO `accessories_inventory_pools` VALUES (2,1),(6,1),(9,1),(10,1),(12,1),(14,1),(15,1),(16,1),(19,1),(20,1),(21,1),(23,1),(24,1),(25,1),(26,1),(29,1),(30,1),(33,1),(34,1),(36,1),(37,1),(38,1),(39,1),(44,1),(45,1),(46,1),(49,1),(50,1),(51,1),(55,1),(56,1),(57,1),(58,1),(62,1),(63,1),(64,1),(65,1),(66,1),(67,1),(69,1),(70,1),(71,1),(72,1),(73,1),(74,1),(76,1),(77,1),(78,1),(80,1),(81,1),(82,1),(83,1),(85,1),(87,1),(89,1),(92,1),(93,1),(96,1),(97,1),(98,1),(102,1),(105,1),(108,1),(109,1),(110,1),(111,1),(112,1),(113,1),(114,1),(116,1),(117,1),(119,1),(122,1),(124,1),(125,1),(126,1),(128,1),(130,1),(131,1),(132,1),(134,1),(136,1),(137,1),(139,1),(140,1),(141,1),(143,1),(145,1),(149,1),(150,1),(151,1),(154,1),(159,1),(160,1),(162,1),(164,1),(165,1),(167,1),(168,1),(169,1),(173,1),(176,1),(177,1),(178,1),(181,1),(182,1),(185,1),(187,1),(189,1),(190,1),(194,1),(198,1),(199,1),(200,1),(201,1),(202,1),(204,1),(205,1),(209,1),(211,1),(215,1),(220,1);
/*!40000 ALTER TABLE `accessories_inventory_pools` ENABLE KEYS */;
UNLOCK TABLES;

--
-- Table structure for table `addresses`
--

DROP TABLE IF EXISTS `addresses`;
/*!40101 SET @saved_cs_client     = @@character_set_client */;
/*!40101 SET character_set_client = utf8 */;
CREATE TABLE `addresses` (
  `id` int(11) NOT NULL AUTO_INCREMENT,
  `street` varchar(255) COLLATE utf8_unicode_ci DEFAULT NULL,
  `zip_code` varchar(255) COLLATE utf8_unicode_ci DEFAULT NULL,
  `city` varchar(255) COLLATE utf8_unicode_ci DEFAULT NULL,
  `country_code` varchar(255) COLLATE utf8_unicode_ci DEFAULT NULL,
  `latitude` float DEFAULT NULL,
  `longitude` float DEFAULT NULL,
  PRIMARY KEY (`id`),
  UNIQUE KEY `index_addresses_on_street_and_zip_code_and_city_and_country_code` (`street`,`zip_code`,`city`,`country_code`)
) ENGINE=InnoDB DEFAULT CHARSET=utf8 COLLATE=utf8_unicode_ci;
/*!40101 SET character_set_client = @saved_cs_client */;

--
-- Dumping data for table `addresses`
--

LOCK TABLES `addresses` WRITE;
/*!40000 ALTER TABLE `addresses` DISABLE KEYS */;
/*!40000 ALTER TABLE `addresses` ENABLE KEYS */;
UNLOCK TABLES;

--
-- Table structure for table `attachments`
--

DROP TABLE IF EXISTS `attachments`;
/*!40101 SET @saved_cs_client     = @@character_set_client */;
/*!40101 SET character_set_client = utf8 */;
CREATE TABLE `attachments` (
  `id` int(11) NOT NULL AUTO_INCREMENT,
  `model_id` int(11) DEFAULT NULL,
  `is_main` tinyint(1) DEFAULT '0',
  `content_type` varchar(255) COLLATE utf8_unicode_ci DEFAULT NULL,
  `filename` varchar(255) COLLATE utf8_unicode_ci DEFAULT NULL,
  `size` int(11) DEFAULT NULL,
  PRIMARY KEY (`id`),
  KEY `index_attachments_on_model_id` (`model_id`),
  CONSTRAINT `attachments_model_id_fk` FOREIGN KEY (`model_id`) REFERENCES `models` (`id`) ON DELETE CASCADE
) ENGINE=InnoDB AUTO_INCREMENT=5 DEFAULT CHARSET=utf8 COLLATE=utf8_unicode_ci;
/*!40101 SET character_set_client = @saved_cs_client */;

--
-- Dumping data for table `attachments`
--

LOCK TABLES `attachments` WRITE;
/*!40000 ALTER TABLE `attachments` DISABLE KEYS */;
INSERT INTO `attachments` VALUES (1,16,0,'image/jpeg','cupiditate',NULL),(2,17,0,'image/jpeg','delectus',NULL),(3,74,0,'image/jpeg','eveniet',NULL),(4,75,0,'image/jpeg','laborum',NULL);
/*!40000 ALTER TABLE `attachments` ENABLE KEYS */;
UNLOCK TABLES;

--
-- Table structure for table `authentication_systems`
--

DROP TABLE IF EXISTS `authentication_systems`;
/*!40101 SET @saved_cs_client     = @@character_set_client */;
/*!40101 SET character_set_client = utf8 */;
CREATE TABLE `authentication_systems` (
  `id` int(11) NOT NULL AUTO_INCREMENT,
  `name` varchar(255) COLLATE utf8_unicode_ci DEFAULT NULL,
  `class_name` varchar(255) COLLATE utf8_unicode_ci DEFAULT NULL,
  `is_default` tinyint(1) DEFAULT '0',
  `is_active` tinyint(1) DEFAULT '0',
  PRIMARY KEY (`id`)
) ENGINE=InnoDB AUTO_INCREMENT=4 DEFAULT CHARSET=utf8 COLLATE=utf8_unicode_ci;
/*!40101 SET character_set_client = @saved_cs_client */;

--
-- Dumping data for table `authentication_systems`
--

LOCK TABLES `authentication_systems` WRITE;
/*!40000 ALTER TABLE `authentication_systems` DISABLE KEYS */;
INSERT INTO `authentication_systems` VALUES (1,'Database Authentication','DatabaseAuthentication',1,1),(2,'LDAP Authentication','LdapAuthentication',0,0),(3,'ZHDK Authentication','Zhdk',0,0);
/*!40000 ALTER TABLE `authentication_systems` ENABLE KEYS */;
UNLOCK TABLES;

--
-- Table structure for table `buildings`
--

DROP TABLE IF EXISTS `buildings`;
/*!40101 SET @saved_cs_client     = @@character_set_client */;
/*!40101 SET character_set_client = utf8 */;
CREATE TABLE `buildings` (
  `id` int(11) NOT NULL AUTO_INCREMENT,
  `name` varchar(255) COLLATE utf8_unicode_ci DEFAULT NULL,
  `code` varchar(255) COLLATE utf8_unicode_ci DEFAULT NULL,
  PRIMARY KEY (`id`)
) ENGINE=InnoDB AUTO_INCREMENT=173 DEFAULT CHARSET=utf8 COLLATE=utf8_unicode_ci;
/*!40101 SET character_set_client = @saved_cs_client */;

--
-- Dumping data for table `buildings`
--

LOCK TABLES `buildings` WRITE;
/*!40000 ALTER TABLE `buildings` DISABLE KEYS */;
INSERT INTO `buildings` VALUES (1,'Ausstellungsstrasse 60','AU60'),(2,'Culpanesciuntnisi','arc'),(3,'Expeditadoloresin','dol'),(4,'Possimuseosin','por'),(5,'Quodignissimosrecusandae','cum'),(6,'Architectoidipsum','dol'),(7,'Perferendiseumveniam','nih'),(8,'Harumquiacommodi','eve'),(9,'Teneturessedolorum','dol'),(10,'Minusvelquisquam','qua'),(11,'Repudiandaeinest','qui'),(12,'Noneumest','occ'),(13,'Architectoexcepturia','iur'),(14,'Etexpeditaplaceat','fac'),(15,'Voluptatefugiatad','cum'),(16,'Inabdolores','quo'),(17,'Quismagnameum','vol'),(18,'Sedeaut','num'),(19,'Voluptatumdelenitiin','ess'),(20,'Optioautnon','vol'),(21,'Eumexpeditarepellendus','seq'),(22,'Etetvero','qui'),(23,'Utsolutavoluptatem','vel'),(24,'Autipsumerror','sit'),(25,'Voluptateveroquis','err'),(26,'Eiuscorruptianimi','per'),(27,'Rerumitaqueaut','seq'),(28,'Illoarchitectominus','qui'),(29,'Rerumeiuseveniet','seq'),(30,'Etetdolore','ten'),(31,'Odioullameius','etq'),(32,'Estporroquia','sap'),(33,'Natusetalias','pra'),(34,'Solutaquiadolor','utc'),(35,'Minusoccaecaticonsectetur','off'),(36,'Harumethic','dol'),(37,'Iurequoeum','off'),(38,'Estevenietrem','eve'),(39,'Quisequiquis','dol'),(40,'Harumanimidoloremque','ver'),(41,'Temporeexplicabofacilis','dol'),(42,'Eaquecorporissunt','atq'),(43,'Excepturivelassumenda','ate'),(44,'Estquissed','adi'),(45,'Hicnihilquidem','vol'),(46,'Porroutlibero','fug'),(47,'Sintfugaeveniet','qui'),(48,'Debitisnonest','nat'),(49,'Quismaximeasperiores','aut'),(50,'Utbeataequibusdam','dol'),(51,'Autitaquesed','ass'),(52,'Quiaperiamet','com'),(53,'Fugitsitin','off'),(54,'Eumrerumest','max'),(55,'Eumodiofuga','ear'),(56,'Veniamquascorrupti','eti'),(57,'Beataesapientequi','tem'),(58,'Doloribusarchitectoiusto','cum'),(59,'Dolorcupiditateassumenda','qui'),(60,'Rationecumqueaccusamus','idr'),(61,'Velitiustoat','abb'),(62,'Excepturiquiavelit','mai'),(63,'Ipsummolestiaefugiat','sun'),(64,'Quisquout','pos'),(65,'Ipsamconsequunturqui','eli'),(66,'Quaeratsedlibero','ver'),(67,'Sequiutcum','mol'),(68,'Perspiciatisnamea','lib'),(69,'Autquiest','sit'),(70,'Incidunteumrepellendus','qui'),(71,'Facereutquia','nih'),(72,'Explicabooccaecatiet','dol'),(73,'Distinctiorationemaiores','eos'),(74,'Delectusautemmolestias','qui'),(75,'Accusamusexmodi','mag'),(76,'Aliquidvoluptateseos','lab'),(77,'Excepturiipsummollitia','utn'),(78,'Delenitiquisquamut','mag'),(79,'Quaelaborumfuga','ala'),(80,'Adautemaut','exe'),(81,'Quibusdamilloratione','asp'),(82,'Eaquealiascorrupti','rec'),(83,'Aliasquiaimpedit','ius'),(84,'Magniveritatisunde','vit'),(85,'Abipsaquos','eab'),(86,'Eaquequiut','nih'),(87,'Adipiscietminus','omn'),(88,'Omnisexpeditanon','odi'),(89,'Sintetdicta','fug'),(90,'Quisutquidem','ids'),(91,'Erroraperiammaxime','sed'),(92,'Cumqueautin','sed'),(93,'Autrepellenduspraesentium','exe'),(94,'Doloribusateius','sol'),(95,'Liberoisteest','rat'),(96,'Utexpeditacupiditate','dig'),(97,'Doloribusodioqui','sin'),(98,'Corporispariaturoptio','dol'),(99,'Dignissimosaliasdebitis','eos'),(100,'Undeexercitationemut','qui'),(101,'Quiaasperioresid','dol'),(102,'Accusamusdelenitiquis','con'),(103,'Enimvoluptasquas','etc'),(104,'Molestiaeautest','qui'),(105,'Autemvoluptatemvoluptate','mol'),(106,'Autemquitenetur','eos'),(107,'Sitnequeipsam','eti'),(108,'Mollitiaestofficiis','vol'),(109,'Rerumveniamquia','adi'),(110,'Idquisvoluptate','dol'),(111,'Etsolutapossimus','sim'),(112,'Remsapienteut','inq'),(113,'Sedsedducimus','eav'),(114,'Laboriosamestet','vol'),(115,'Iniddolorum','omn'),(116,'Quianequecorrupti','num'),(117,'Enimporroquibusdam','eiu'),(118,'Excepturiporrocorporis','aut'),(119,'Totamenimdelectus','sit'),(120,'Inventoredoloresdebitis','vol'),(121,'Ipsammagnamvoluptatem','rep'),(122,'Rerumquaecumque','sit'),(123,'Repudiandaesitaliquid','rec'),(124,'Aututadipisci','ame'),(125,'Inauteos','dol'),(126,'Temporeliberoenim','ape'),(127,'Officiistemporibussimilique','ips'),(128,'Utquivoluptas','dol'),(129,'Molestiasullameum','rep'),(130,'Voluptasquovoluptatem','quo'),(131,'Rationereprehenderitad','mol'),(132,'Autindelectus','eth'),(133,'Istehicvoluptatum','par'),(134,'Utnonodit','nul'),(135,'Odiosaepeducimus','tem'),(136,'Remnisivoluptate','qua'),(137,'Hicistefuga','eni'),(138,'Sednostrumhic','dol'),(139,'Nequeporroquod','dol'),(140,'Sedbeataevelit','cul'),(141,'Officiaconsequaturplaceat','per'),(142,'Uteumbeatae','sap'),(143,'Totamminuset','sin'),(144,'Enimconsecteturaperiam','num'),(145,'Quimagnamipsa','odi'),(146,'Inventorenobisnemo','nis'),(147,'Eaconsequunturaperiam','vel'),(148,'Placeatvitaerepellendus','aut'),(149,'Aliquidillumaccusamus','dol'),(150,'Rationeexexercitationem','max'),(151,'Voluptatesdoloremqueut','dis'),(152,'Officiisvoluptatedolor','rec'),(153,'Suntsitvoluptatem','sed'),(154,'Temporibusdoloredicta','vol'),(155,'Cumqueaccusamusrerum','pra'),(156,'Etipsumsapiente','occ'),(157,'Magnidoloresab','omn'),(158,'Inventorevoluptatemculpa','sun'),(159,'Utautconsequuntur','adp'),(160,'Rationeabdistinctio','fac'),(161,'Abnobisdeleniti','lab'),(162,'Dolorumutveniam','pos'),(163,'Consequaturquisminus','qua'),(164,'Porroullamquo','asp'),(165,'Ducimuspariaturveritatis','utn'),(166,'Accusamusipsumnon','sun'),(167,'Aveniamrecusandae','eac'),(168,'Teneturetqui','omn'),(169,'Doloremqueadipisciqui','vol'),(170,'Voluptatibusnondolores','vel'),(171,'Etvelitsunt','sit'),(172,'Accusantiumatrerum','rat');
/*!40000 ALTER TABLE `buildings` ENABLE KEYS */;
UNLOCK TABLES;

--
-- Table structure for table `contract_lines`
--

DROP TABLE IF EXISTS `contract_lines`;
/*!40101 SET @saved_cs_client     = @@character_set_client */;
/*!40101 SET character_set_client = utf8 */;
CREATE TABLE `contract_lines` (
  `id` int(11) NOT NULL AUTO_INCREMENT,
  `contract_id` int(11) DEFAULT NULL,
  `type` varchar(255) COLLATE utf8_unicode_ci NOT NULL DEFAULT 'ItemLine',
  `item_id` int(11) DEFAULT NULL,
  `model_id` int(11) DEFAULT NULL,
  `quantity` int(11) DEFAULT '1',
  `start_date` date DEFAULT NULL,
  `end_date` date DEFAULT NULL,
  `returned_date` date DEFAULT NULL,
  `option_id` int(11) DEFAULT NULL,
  `purpose_id` int(11) DEFAULT NULL,
  `returned_to_user_id` int(11) DEFAULT NULL,
  `created_at` datetime DEFAULT NULL,
  `updated_at` datetime DEFAULT NULL,
  PRIMARY KEY (`id`),
  KEY `index_contract_lines_on_start_date` (`start_date`),
  KEY `index_contract_lines_on_end_date` (`end_date`),
  KEY `index_contract_lines_on_option_id` (`option_id`),
  KEY `index_contract_lines_on_contract_id` (`contract_id`),
  KEY `index_contract_lines_on_item_id` (`item_id`),
  KEY `index_contract_lines_on_model_id` (`model_id`),
  KEY `index_contract_lines_on_returned_date_and_contract_id` (`returned_date`,`contract_id`),
  KEY `index_contract_lines_on_type_and_contract_id` (`type`,`contract_id`),
  KEY `contract_lines_purpose_id_fk` (`purpose_id`),
  KEY `contract_lines_returned_to_user_id_fk` (`returned_to_user_id`),
  CONSTRAINT `contract_lines_returned_to_user_id_fk` FOREIGN KEY (`returned_to_user_id`) REFERENCES `users` (`id`),
  CONSTRAINT `contract_lines_contract_id_fk` FOREIGN KEY (`contract_id`) REFERENCES `contracts` (`id`) ON DELETE CASCADE,
  CONSTRAINT `contract_lines_item_id_fk` FOREIGN KEY (`item_id`) REFERENCES `items` (`id`),
  CONSTRAINT `contract_lines_model_id_fk` FOREIGN KEY (`model_id`) REFERENCES `models` (`id`),
  CONSTRAINT `contract_lines_option_id_fk` FOREIGN KEY (`option_id`) REFERENCES `options` (`id`),
  CONSTRAINT `contract_lines_purpose_id_fk` FOREIGN KEY (`purpose_id`) REFERENCES `purposes` (`id`)
) ENGINE=InnoDB AUTO_INCREMENT=185 DEFAULT CHARSET=utf8 COLLATE=utf8_unicode_ci;
/*!40101 SET character_set_client = @saved_cs_client */;

--
-- Dumping data for table `contract_lines`
--

LOCK TABLES `contract_lines` WRITE;
/*!40000 ALTER TABLE `contract_lines` DISABLE KEYS */;
INSERT INTO `contract_lines` VALUES (1,1,'ItemLine',NULL,113,1,'2015-01-30','2015-01-30',NULL,NULL,NULL,NULL,'2015-01-30 10:01:39','2015-01-30 10:01:39'),(2,1,'ItemLine',NULL,117,1,'2015-01-30','2015-01-30',NULL,NULL,NULL,NULL,'2015-01-30 10:01:39','2015-01-30 10:01:39'),(3,1,'ItemLine',NULL,121,1,'2015-01-30','2015-01-30',NULL,NULL,NULL,NULL,'2015-01-30 10:01:39','2015-01-30 10:01:39'),(4,1,'ItemLine',NULL,125,1,'2015-01-30','2015-01-30',NULL,NULL,NULL,NULL,'2015-01-30 10:01:39','2015-01-30 10:01:39'),(5,1,'ItemLine',NULL,129,1,'2015-01-30','2015-01-30',NULL,NULL,NULL,NULL,'2015-01-30 10:01:39','2015-01-30 10:01:39'),(6,2,'ItemLine',NULL,78,1,'2015-01-30','2015-01-30',NULL,NULL,NULL,NULL,'2015-01-30 10:01:39','2015-01-30 10:01:39'),(7,2,'ItemLine',NULL,43,1,'2015-01-30','2015-01-30',NULL,NULL,NULL,NULL,'2015-01-30 10:01:39','2015-01-30 10:01:39'),(8,2,'ItemLine',NULL,44,1,'2015-01-30','2015-01-30',NULL,NULL,NULL,NULL,'2015-01-30 10:01:39','2015-01-30 10:01:39'),(9,3,'ItemLine',NULL,8,1,'2015-02-06','2015-02-09',NULL,NULL,1,NULL,'2015-01-30 10:01:39','2015-01-30 10:01:39'),(10,3,'ItemLine',NULL,8,1,'2015-02-06','2015-02-09',NULL,NULL,1,NULL,'2015-01-30 10:01:39','2015-01-30 10:01:39'),(11,3,'ItemLine',NULL,8,1,'2015-02-06','2015-02-09',NULL,NULL,1,NULL,'2015-01-30 10:01:39','2015-01-30 10:01:39'),(12,3,'ItemLine',NULL,8,1,'2015-02-06','2015-02-09',NULL,NULL,1,NULL,'2015-01-30 10:01:39','2015-01-30 10:01:39'),(13,3,'ItemLine',NULL,9,1,'2015-02-06','2015-02-09',NULL,NULL,2,NULL,'2015-01-30 10:01:39','2015-01-30 10:01:39'),(14,3,'ItemLine',NULL,9,1,'2015-02-06','2015-02-09',NULL,NULL,2,NULL,'2015-01-30 10:01:39','2015-01-30 10:01:39'),(15,3,'ItemLine',NULL,9,1,'2015-02-06','2015-02-09',NULL,NULL,2,NULL,'2015-01-30 10:01:39','2015-01-30 10:01:39'),(16,3,'ItemLine',NULL,9,1,'2015-02-06','2015-02-09',NULL,NULL,2,NULL,'2015-01-30 10:01:39','2015-01-30 10:01:39'),(17,4,'ItemLine',NULL,22,1,'2015-01-30','2015-01-31',NULL,NULL,3,NULL,'2015-01-30 10:01:39','2015-01-30 10:01:39'),(18,5,'ItemLine',NULL,88,1,'2015-01-30','2015-01-30',NULL,NULL,4,NULL,'2015-01-30 10:01:39','2015-01-30 10:01:39'),(19,5,'ItemLine',NULL,4,1,'2015-01-30','2015-01-30',NULL,NULL,4,NULL,'2015-01-30 10:01:39','2015-01-30 10:01:39'),(20,5,'ItemLine',NULL,1,1,'2015-01-30','2015-01-30',NULL,NULL,4,NULL,'2015-01-30 10:01:39','2015-01-30 10:01:39'),(21,5,'ItemLine',NULL,90,1,'2015-01-30','2015-01-30',NULL,NULL,4,NULL,'2015-01-30 10:01:39','2015-01-30 10:01:39'),(22,5,'ItemLine',NULL,2,1,'2015-01-30','2015-01-30',NULL,NULL,4,NULL,'2015-01-30 10:01:39','2015-01-30 10:01:39'),(23,6,'ItemLine',NULL,85,1,'2015-01-30','2015-01-30',NULL,NULL,5,NULL,'2015-01-30 10:01:39','2015-01-30 10:01:39'),(24,6,'ItemLine',NULL,133,1,'2015-01-30','2015-01-30',NULL,NULL,5,NULL,'2015-01-30 10:01:39','2015-01-30 10:01:39'),(25,6,'ItemLine',NULL,137,1,'2015-01-30','2015-01-30',NULL,NULL,5,NULL,'2015-01-30 10:01:39','2015-01-30 10:01:39'),(26,6,'ItemLine',NULL,141,1,'2015-01-30','2015-01-30',NULL,NULL,5,NULL,'2015-01-30 10:01:39','2015-01-30 10:01:39'),(27,6,'ItemLine',NULL,145,1,'2015-01-30','2015-01-30',NULL,NULL,5,NULL,'2015-01-30 10:01:39','2015-01-30 10:01:39'),(28,6,'ItemLine',NULL,149,1,'2015-01-30','2015-01-30',NULL,NULL,5,NULL,'2015-01-30 10:01:39','2015-01-30 10:01:39'),(29,7,'ItemLine',NULL,153,1,'2015-01-30','2015-01-30',NULL,NULL,6,NULL,'2015-01-30 10:01:39','2015-01-30 10:01:39'),(30,7,'ItemLine',NULL,157,1,'2015-01-30','2015-01-30',NULL,NULL,6,NULL,'2015-01-30 10:01:39','2015-01-30 10:01:39'),(31,7,'ItemLine',NULL,161,1,'2015-01-30','2015-01-30',NULL,NULL,6,NULL,'2015-01-30 10:01:39','2015-01-30 10:01:39'),(32,8,'ItemLine',NULL,70,1,'2015-01-30','2015-01-30',NULL,NULL,7,NULL,'2015-01-30 10:01:39','2015-01-30 10:01:39'),(33,8,'ItemLine',NULL,42,1,'2015-01-30','2015-01-30',NULL,NULL,7,NULL,'2015-01-30 10:01:39','2015-01-30 10:01:39'),(34,8,'ItemLine',NULL,57,1,'2015-01-30','2015-01-30',NULL,NULL,7,NULL,'2015-01-30 10:01:39','2015-01-30 10:01:39'),(35,8,'ItemLine',NULL,4,1,'2015-01-30','2015-01-30',NULL,NULL,7,NULL,'2015-01-30 10:01:39','2015-01-30 10:01:39'),(36,9,'ItemLine',NULL,165,1,'2015-01-27','2015-01-27',NULL,NULL,8,NULL,'2015-01-27 10:01:39','2015-01-27 10:01:39'),(37,9,'ItemLine',NULL,166,1,'2015-01-27','2015-01-27',NULL,NULL,8,NULL,'2015-01-27 10:01:39','2015-01-27 10:01:39'),(38,9,'ItemLine',NULL,167,1,'2015-01-27','2015-01-27',NULL,NULL,8,NULL,'2015-01-27 10:01:39','2015-01-27 10:01:39'),(39,9,'ItemLine',NULL,19,1,'2015-01-27','2015-01-27',NULL,NULL,9,NULL,'2015-01-27 10:01:39','2015-01-27 10:01:39'),(40,10,'ItemLine',NULL,168,1,'2015-01-30','2015-01-30',NULL,NULL,10,NULL,'2015-01-30 10:01:39','2015-01-30 10:01:39'),(41,10,'ItemLine',NULL,169,1,'2015-01-30','2015-01-30',NULL,NULL,10,NULL,'2015-01-30 10:01:39','2015-01-30 10:01:39'),(42,10,'ItemLine',NULL,170,1,'2015-01-30','2015-01-30',NULL,NULL,10,NULL,'2015-01-30 10:01:39','2015-01-30 10:01:39'),(43,10,'ItemLine',NULL,21,1,'2015-01-30','2015-01-30',NULL,NULL,11,NULL,'2015-01-30 10:01:39','2015-01-30 10:01:39'),(44,11,'ItemLine',NULL,171,1,'2015-01-30','2015-01-30',NULL,NULL,12,NULL,'2015-01-30 10:01:39','2015-01-30 10:01:39'),(45,11,'ItemLine',NULL,172,1,'2015-01-30','2015-01-30',NULL,NULL,12,NULL,'2015-01-30 10:01:39','2015-01-30 10:01:39'),(46,11,'ItemLine',NULL,173,1,'2015-01-30','2015-01-30',NULL,NULL,12,NULL,'2015-01-30 10:01:39','2015-01-30 10:01:39'),(47,11,'ItemLine',NULL,174,1,'2015-01-30','2015-01-30',NULL,NULL,12,NULL,'2015-01-30 10:01:39','2015-01-30 10:01:39'),(48,11,'ItemLine',NULL,175,1,'2015-01-30','2015-01-30',NULL,NULL,12,NULL,'2015-01-30 10:01:39','2015-01-30 10:01:39'),(49,12,'ItemLine',NULL,176,1,'2015-01-30','2015-01-30',NULL,NULL,13,NULL,'2015-01-30 10:01:39','2015-01-30 10:01:39'),(50,12,'ItemLine',NULL,177,1,'2015-01-30','2015-01-30',NULL,NULL,13,NULL,'2015-01-30 10:01:39','2015-01-30 10:01:39'),(51,12,'ItemLine',NULL,178,1,'2015-01-30','2015-01-30',NULL,NULL,13,NULL,'2015-01-30 10:01:39','2015-01-30 10:01:39'),(52,12,'ItemLine',NULL,179,1,'2015-01-30','2015-01-30',NULL,NULL,13,NULL,'2015-01-30 10:01:39','2015-01-30 10:01:39'),(53,12,'ItemLine',NULL,180,1,'2015-01-30','2015-01-30',NULL,NULL,13,NULL,'2015-01-30 10:01:39','2015-01-30 10:01:39'),(54,13,'ItemLine',NULL,181,1,'2015-01-30','2015-01-30',NULL,NULL,14,NULL,'2015-01-30 10:01:39','2015-01-30 10:01:39'),(55,13,'ItemLine',NULL,182,1,'2015-01-30','2015-01-30',NULL,NULL,14,NULL,'2015-01-30 10:01:39','2015-01-30 10:01:39'),(56,13,'ItemLine',NULL,183,1,'2015-01-30','2015-01-30',NULL,NULL,14,NULL,'2015-01-30 10:01:39','2015-01-30 10:01:39'),(57,13,'ItemLine',NULL,184,1,'2015-01-30','2015-01-30',NULL,NULL,14,NULL,'2015-01-30 10:01:39','2015-01-30 10:01:39'),(58,14,'ItemLine',NULL,185,1,'2015-01-29','2015-01-29',NULL,NULL,15,NULL,'2015-01-29 10:01:39','2015-01-29 10:01:39'),(59,14,'ItemLine',NULL,186,1,'2015-01-29','2015-01-29',NULL,NULL,15,NULL,'2015-01-29 10:01:39','2015-01-29 10:01:39'),(60,14,'ItemLine',NULL,187,1,'2015-01-29','2015-01-29',NULL,NULL,15,NULL,'2015-01-29 10:01:39','2015-01-29 10:01:39'),(61,14,'ItemLine',NULL,20,1,'2015-01-29','2015-01-29',NULL,NULL,16,NULL,'2015-01-29 10:01:39','2015-01-29 10:01:39'),(62,14,'ItemLine',NULL,20,1,'2015-01-29','2015-01-29',NULL,NULL,16,NULL,'2015-01-29 10:01:39','2015-01-29 10:01:39'),(63,15,'ItemLine',NULL,188,1,'2015-01-29','2015-01-29',NULL,NULL,17,NULL,'2015-01-29 10:01:39','2015-01-29 10:01:39'),(64,15,'ItemLine',NULL,189,1,'2015-01-29','2015-01-29',NULL,NULL,17,NULL,'2015-01-29 10:01:39','2015-01-29 10:01:39'),(65,15,'ItemLine',NULL,190,1,'2015-01-29','2015-01-29',NULL,NULL,17,NULL,'2015-01-29 10:01:39','2015-01-29 10:01:39'),(66,15,'ItemLine',NULL,191,1,'2015-01-29','2015-01-29',NULL,NULL,17,NULL,'2015-01-29 10:01:39','2015-01-29 10:01:39'),(67,15,'ItemLine',NULL,192,1,'2015-01-29','2015-01-29',NULL,NULL,17,NULL,'2015-01-29 10:01:39','2015-01-29 10:01:39'),(68,16,'ItemLine',NULL,8,1,'2015-02-06','2015-02-09',NULL,NULL,18,NULL,'2015-01-30 10:01:39','2015-01-30 10:01:39'),(69,16,'ItemLine',NULL,9,1,'2015-02-06','2015-02-09',NULL,NULL,19,NULL,'2015-01-30 10:01:39','2015-01-30 10:01:39'),(70,16,'ItemLine',NULL,9,1,'2015-02-07','2015-02-10',NULL,NULL,20,NULL,'2015-01-30 10:01:39','2015-01-30 10:01:39'),(71,17,'ItemLine',NULL,6,1,'2015-01-30','2015-01-31',NULL,NULL,21,NULL,'2015-01-30 10:01:39','2015-01-30 10:01:39'),(72,18,'ItemLine',NULL,193,1,'2015-01-30','2015-01-30',NULL,NULL,22,NULL,'2015-01-30 10:01:39','2015-01-30 10:01:39'),(73,18,'ItemLine',NULL,197,1,'2015-01-30','2015-01-30',NULL,NULL,22,NULL,'2015-01-30 10:01:39','2015-01-30 10:01:39'),(74,18,'ItemLine',NULL,201,1,'2015-01-30','2015-01-30',NULL,NULL,22,NULL,'2015-01-30 10:01:39','2015-01-30 10:01:39'),(75,18,'ItemLine',NULL,205,1,'2015-01-30','2015-01-30',NULL,NULL,22,NULL,'2015-01-30 10:01:39','2015-01-30 10:01:39'),(76,19,'ItemLine',217,209,1,'2015-01-30','2015-01-30',NULL,NULL,23,NULL,'2015-01-30 10:01:39','2015-01-30 10:01:39'),(77,19,'ItemLine',218,210,1,'2015-01-30','2015-01-30',NULL,NULL,23,NULL,'2015-01-30 10:01:39','2015-01-30 10:01:39'),(78,19,'ItemLine',219,211,1,'2015-01-30','2015-01-30',NULL,NULL,23,NULL,'2015-01-30 10:01:39','2015-01-30 10:01:39'),(79,19,'ItemLine',220,212,1,'2015-01-30','2015-01-30',NULL,NULL,23,NULL,'2015-01-30 10:01:39','2015-01-30 10:01:39'),(80,19,'ItemLine',221,213,1,'2015-01-30','2015-01-30',NULL,NULL,23,NULL,'2015-01-30 10:01:39','2015-01-30 10:01:39'),(81,19,'ItemLine',222,214,1,'2015-01-30','2015-01-30',NULL,NULL,23,NULL,'2015-01-30 10:01:39','2015-01-30 10:01:39'),(82,19,'ItemLine',223,215,1,'2015-01-30','2015-01-30',NULL,NULL,23,NULL,'2015-01-30 10:01:39','2015-01-30 10:01:39'),(83,19,'ItemLine',224,216,1,'2015-01-30','2015-01-30',NULL,NULL,23,NULL,'2015-01-30 10:01:39','2015-01-30 10:01:39'),(84,19,'ItemLine',225,217,1,'2015-01-30','2015-01-30',NULL,NULL,23,NULL,'2015-01-30 10:01:39','2015-01-30 10:01:39'),(85,19,'ItemLine',226,218,1,'2015-01-30','2015-01-30',NULL,NULL,23,NULL,'2015-01-30 10:01:39','2015-01-30 10:01:39'),(86,19,'ItemLine',227,219,1,'2015-01-30','2015-01-30',NULL,NULL,23,NULL,'2015-01-30 10:01:39','2015-01-30 10:01:39'),(87,19,'ItemLine',228,220,1,'2015-01-30','2015-01-30',NULL,NULL,23,NULL,'2015-01-30 10:01:39','2015-01-30 10:01:39'),(88,19,'ItemLine',229,221,1,'2015-01-30','2015-01-30',NULL,NULL,23,NULL,'2015-01-30 10:01:39','2015-01-30 10:01:39'),(89,19,'ItemLine',230,222,1,'2015-01-30','2015-01-30',NULL,NULL,23,NULL,'2015-01-30 10:01:39','2015-01-30 10:01:39'),(90,19,'ItemLine',231,223,1,'2015-01-30','2015-01-30',NULL,NULL,23,NULL,'2015-01-30 10:01:39','2015-01-30 10:01:39'),(91,19,'ItemLine',232,224,1,'2015-01-30','2015-01-30',NULL,NULL,23,NULL,'2015-01-30 10:01:39','2015-01-30 10:01:39'),(92,19,'ItemLine',233,225,1,'2015-01-30','2015-01-30',NULL,NULL,23,NULL,'2015-01-30 10:01:39','2015-01-30 10:01:39'),(93,19,'ItemLine',234,226,1,'2015-01-30','2015-01-30',NULL,NULL,23,NULL,'2015-01-30 10:01:39','2015-01-30 10:01:39'),(94,19,'ItemLine',235,227,1,'2015-01-30','2015-01-30',NULL,NULL,23,NULL,'2015-01-30 10:01:39','2015-01-30 10:01:39'),(95,19,'ItemLine',236,228,1,'2015-01-30','2015-01-30',NULL,NULL,23,NULL,'2015-01-30 10:01:39','2015-01-30 10:01:39'),(96,19,'ItemLine',237,229,1,'2015-01-30','2015-01-30',NULL,NULL,23,NULL,'2015-01-30 10:01:39','2015-01-30 10:01:39'),(97,19,'ItemLine',238,230,1,'2015-01-30','2015-01-30',NULL,NULL,23,NULL,'2015-01-30 10:01:39','2015-01-30 10:01:39'),(98,19,'ItemLine',239,231,1,'2015-01-30','2015-01-30',NULL,NULL,23,NULL,'2015-01-30 10:01:39','2015-01-30 10:01:39'),(99,19,'ItemLine',240,232,1,'2015-01-30','2015-01-30',NULL,NULL,23,NULL,'2015-01-30 10:01:39','2015-01-30 10:01:39'),(100,19,'ItemLine',241,233,1,'2015-01-30','2015-01-30',NULL,NULL,23,NULL,'2015-01-30 10:01:39','2015-01-30 10:01:39'),(101,19,'ItemLine',242,234,1,'2015-01-30','2015-01-30',NULL,NULL,23,NULL,'2015-01-30 10:01:39','2015-01-30 10:01:39'),(102,19,'ItemLine',243,235,1,'2015-01-30','2015-01-30',NULL,NULL,23,NULL,'2015-01-30 10:01:39','2015-01-30 10:01:39'),(103,19,'ItemLine',244,236,1,'2015-01-30','2015-01-30',NULL,NULL,23,NULL,'2015-01-30 10:01:39','2015-01-30 10:01:39'),(104,19,'ItemLine',245,237,1,'2015-01-30','2015-01-30',NULL,NULL,23,NULL,'2015-01-30 10:01:39','2015-01-30 10:01:39'),(105,19,'ItemLine',246,238,1,'2015-01-30','2015-01-30',NULL,NULL,23,NULL,'2015-01-30 10:01:39','2015-01-30 10:01:39'),(106,19,'ItemLine',NULL,239,1,'2015-01-30','2015-01-30',NULL,NULL,24,NULL,'2015-01-30 10:01:39','2015-01-30 10:01:39'),(107,20,'ItemLine',NULL,240,1,'2015-01-29','2015-01-29',NULL,NULL,25,NULL,'2015-01-29 10:01:39','2015-01-29 10:01:39'),(108,20,'ItemLine',NULL,241,1,'2015-01-29','2015-01-29',NULL,NULL,25,NULL,'2015-01-29 10:01:39','2015-01-29 10:01:39'),(109,20,'ItemLine',NULL,242,1,'2015-01-29','2015-01-29',NULL,NULL,25,NULL,'2015-01-29 10:01:39','2015-01-29 10:01:39'),(110,20,'ItemLine',NULL,19,1,'2015-01-29','2015-01-29',NULL,NULL,26,NULL,'2015-01-29 10:01:39','2015-01-29 10:01:39'),(111,21,'ItemLine',88,19,1,'2014-09-30','2014-09-30','2014-09-30',NULL,27,NULL,'2014-09-30 09:01:39','2014-09-30 09:01:39'),(112,22,'ItemLine',251,243,1,'2015-01-30','2015-01-30',NULL,NULL,28,NULL,'2015-01-30 10:01:39','2015-01-30 10:01:39'),(113,22,'OptionLine',NULL,NULL,2,'2015-01-30','2015-01-30',NULL,5,29,NULL,'2015-01-30 10:01:39','2015-01-30 10:01:39'),(114,23,'OptionLine',NULL,NULL,2,'2015-01-30','2015-01-30',NULL,4,30,NULL,'2015-01-30 10:01:39','2015-01-30 10:01:39'),(115,23,'OptionLine',NULL,NULL,1,'2015-01-30','2015-02-28',NULL,4,31,NULL,'2015-01-30 10:01:39','2015-01-30 10:01:39'),(116,24,'ItemLine',252,244,1,'2015-01-30','2015-01-30',NULL,NULL,32,NULL,'2015-01-30 10:01:39','2015-01-30 10:01:39'),(117,25,'ItemLine',NULL,245,1,'2015-01-25','2015-01-29',NULL,NULL,33,NULL,'2015-01-25 10:01:39','2015-01-25 10:01:39'),(118,25,'OptionLine',NULL,NULL,1,'2015-01-25','2015-01-29',NULL,6,34,NULL,'2015-01-25 10:01:39','2015-01-25 10:01:39'),(119,26,'ItemLine',86,4,1,'2015-01-30','2015-01-30','2015-01-30',NULL,35,NULL,'2015-01-30 10:01:39','2015-01-30 10:01:39'),(120,27,'ItemLine',87,4,1,'2015-01-30','2015-01-30','2015-01-30',NULL,36,NULL,'2015-01-30 10:01:39','2015-01-30 10:01:39'),(121,28,'ItemLine',254,246,1,'2015-01-30','2015-01-30','2015-01-30',NULL,37,NULL,'2015-01-30 10:01:39','2015-01-30 10:01:39'),(122,29,'ItemLine',126,103,1,'2015-01-30','2015-01-30','2015-01-30',NULL,38,NULL,'2015-01-30 10:01:39','2015-01-30 10:01:39'),(123,30,'ItemLine',NULL,9,1,'2015-01-30','2015-01-30',NULL,NULL,39,NULL,'2015-01-30 10:01:39','2015-01-30 10:01:39'),(124,31,'ItemLine',NULL,9,1,'2015-01-30','2015-01-30',NULL,NULL,40,NULL,'2015-01-30 10:01:39','2015-01-30 10:01:39'),(125,31,'ItemLine',NULL,2,1,'2015-01-30','2015-01-30',NULL,NULL,41,NULL,'2015-01-30 10:01:39','2015-01-30 10:01:39'),(126,32,'ItemLine',NULL,9,1,'2015-02-06','2015-02-07',NULL,NULL,42,NULL,'2015-01-30 10:01:39','2015-01-30 10:01:39'),(127,33,'ItemLine',NULL,2,1,'2015-01-30','2015-01-30',NULL,NULL,43,NULL,'2015-01-30 10:01:39','2015-01-30 10:01:39'),(128,33,'ItemLine',NULL,2,1,'2015-01-30','2015-01-30',NULL,NULL,43,NULL,'2015-01-30 10:01:39','2015-01-30 10:01:39'),(129,33,'ItemLine',NULL,2,1,'2015-01-30','2015-01-30',NULL,NULL,43,NULL,'2015-01-30 10:01:39','2015-01-30 10:01:39'),(130,34,'ItemLine',NULL,8,1,'2015-01-30','2015-01-30',NULL,NULL,44,NULL,'2015-01-30 10:01:39','2015-01-30 10:01:39'),(131,34,'ItemLine',NULL,8,1,'2015-01-30','2015-01-30',NULL,NULL,44,NULL,'2015-01-30 10:01:39','2015-01-30 10:01:39'),(132,34,'ItemLine',NULL,8,1,'2015-01-30','2015-01-30',NULL,NULL,44,NULL,'2015-01-30 10:01:39','2015-01-30 10:01:39'),(133,34,'ItemLine',NULL,9,1,'2015-01-30','2015-01-30',NULL,NULL,45,NULL,'2015-01-30 10:01:39','2015-01-30 10:01:39'),(134,34,'ItemLine',NULL,9,1,'2015-01-30','2015-01-30',NULL,NULL,45,NULL,'2015-01-30 10:01:39','2015-01-30 10:01:39'),(135,34,'ItemLine',NULL,9,1,'2015-01-30','2015-01-30',NULL,NULL,45,NULL,'2015-01-30 10:01:39','2015-01-30 10:01:39'),(136,34,'OptionLine',NULL,NULL,5,'2015-01-30','2015-01-30',NULL,1,46,NULL,'2015-01-30 10:01:39','2015-01-30 10:01:39'),(137,35,'ItemLine',NULL,247,1,'2015-01-30','2015-01-30',NULL,NULL,47,NULL,'2015-01-30 10:01:39','2015-01-30 10:01:39'),(138,36,'ItemLine',256,248,1,'2015-01-30','2015-01-30',NULL,NULL,48,NULL,'2015-01-30 10:01:39','2015-01-30 10:01:39'),(139,37,'ItemLine',60,8,1,'2015-01-30','2015-01-30',NULL,NULL,49,NULL,'2015-01-30 10:01:39','2015-01-30 10:01:39'),(140,38,'ItemLine',93,23,1,'2015-01-25','2015-01-29',NULL,NULL,50,NULL,'2015-01-25 10:01:39','2015-01-25 10:01:39'),(141,38,'OptionLine',NULL,NULL,1,'2015-01-25','2015-01-26',NULL,7,51,NULL,'2015-01-25 10:01:39','2015-01-25 10:01:39'),(142,39,'ItemLine',257,249,1,'2015-01-30','2015-01-30',NULL,NULL,52,NULL,'2015-01-30 10:01:39','2015-01-30 10:01:39'),(143,40,'ItemLine',258,250,1,'2015-01-30','2015-01-30',NULL,NULL,53,NULL,'2015-01-30 10:01:39','2015-01-30 10:01:39'),(144,40,'ItemLine',259,251,1,'2015-01-30','2015-01-30','2015-01-30',NULL,54,5,'2015-01-30 10:01:39','2015-01-30 10:01:39'),(145,41,'ItemLine',108,88,1,'2015-01-30','2015-01-30',NULL,NULL,55,NULL,'2015-01-30 10:01:39','2015-01-30 10:01:39'),(146,41,'ItemLine',56,2,1,'2015-01-30','2015-01-30',NULL,NULL,56,NULL,'2015-01-30 10:01:39','2015-01-30 10:01:39'),(147,42,'ItemLine',260,252,1,'2015-01-30','2015-01-30',NULL,NULL,57,NULL,'2015-01-30 10:01:39','2015-01-30 10:01:39'),(148,43,'ItemLine',110,90,1,'2015-01-30','2015-01-30',NULL,NULL,58,NULL,'2015-01-30 10:01:39','2015-01-30 10:01:39'),(149,44,'ItemLine',NULL,2,1,'2015-01-28','2015-01-31',NULL,NULL,59,NULL,'2015-01-30 10:01:39','2015-01-30 10:01:39'),(150,44,'ItemLine',NULL,253,1,'2015-01-28','2015-01-31',NULL,NULL,60,NULL,'2015-01-30 10:01:39','2015-01-30 10:01:39'),(151,45,'ItemLine',NULL,22,1,'2015-01-30','2015-01-30',NULL,NULL,61,NULL,'2015-01-30 10:01:39','2015-01-30 10:01:39'),(152,45,'ItemLine',NULL,22,1,'2015-01-30','2015-01-30',NULL,NULL,61,NULL,'2015-01-30 10:01:39','2015-01-30 10:01:39'),(153,46,'ItemLine',53,2,1,'2015-01-30','2015-01-30',NULL,NULL,62,NULL,'2015-01-30 10:01:39','2015-01-30 10:01:39'),(154,46,'OptionLine',NULL,NULL,1,'2015-01-30','2015-01-30',NULL,1,63,NULL,'2015-01-30 10:01:39','2015-01-30 10:01:39'),(155,47,'ItemLine',NULL,8,1,'2015-03-08','2015-03-16',NULL,NULL,64,NULL,'2015-01-30 10:01:39','2015-01-30 10:01:39'),(156,48,'ItemLine',NULL,8,1,'2015-03-23','2015-03-26',NULL,NULL,65,NULL,'2015-01-30 10:01:39','2015-01-30 10:01:39'),(157,48,'ItemLine',NULL,8,1,'2015-03-23','2015-03-26',NULL,NULL,65,NULL,'2015-01-30 10:01:39','2015-01-30 10:01:39'),(158,48,'ItemLine',NULL,8,1,'2015-03-23','2015-03-26',NULL,NULL,65,NULL,'2015-01-30 10:01:39','2015-01-30 10:01:39'),(159,48,'ItemLine',NULL,8,1,'2015-03-23','2015-03-26',NULL,NULL,65,NULL,'2015-01-30 10:01:39','2015-01-30 10:01:39'),(160,48,'ItemLine',NULL,8,1,'2015-03-23','2015-03-26',NULL,NULL,65,NULL,'2015-01-30 10:01:39','2015-01-30 10:01:39'),(161,48,'ItemLine',NULL,8,1,'2015-03-23','2015-03-26',NULL,NULL,65,NULL,'2015-01-30 10:01:39','2015-01-30 10:01:39'),(162,49,'ItemLine',NULL,254,1,'2015-01-30','2015-01-30',NULL,NULL,66,NULL,'2015-01-30 10:01:39','2015-01-30 10:01:39'),(163,49,'ItemLine',NULL,255,1,'2015-01-30','2015-01-30',NULL,NULL,66,NULL,'2015-01-30 10:01:39','2015-01-30 10:01:39'),(164,49,'ItemLine',NULL,256,1,'2015-01-30','2015-01-30',NULL,NULL,66,NULL,'2015-01-30 10:01:39','2015-01-30 10:01:39'),(165,50,'ItemLine',NULL,257,1,'2015-01-30','2015-01-30',NULL,NULL,67,NULL,'2015-01-30 10:01:39','2015-01-30 10:01:39'),(166,50,'ItemLine',NULL,258,1,'2015-01-30','2015-01-30',NULL,NULL,67,NULL,'2015-01-30 10:01:39','2015-01-30 10:01:39'),(167,50,'ItemLine',NULL,259,1,'2015-01-30','2015-01-30',NULL,NULL,67,NULL,'2015-01-30 10:01:39','2015-01-30 10:01:39'),(168,51,'ItemLine',268,260,1,'2015-01-30','2015-01-30',NULL,NULL,68,NULL,'2015-01-30 10:01:39','2015-01-30 10:01:39'),(169,51,'ItemLine',269,261,1,'2015-01-30','2015-01-30',NULL,NULL,68,NULL,'2015-01-30 10:01:39','2015-01-30 10:01:39'),(170,51,'ItemLine',270,262,1,'2015-01-30','2015-01-30',NULL,NULL,68,NULL,'2015-01-30 10:01:39','2015-01-30 10:01:39'),(171,51,'ItemLine',271,263,1,'2015-01-30','2015-01-30',NULL,NULL,68,NULL,'2015-01-30 10:01:39','2015-01-30 10:01:39'),(172,51,'ItemLine',272,264,1,'2015-01-30','2015-01-30',NULL,NULL,68,NULL,'2015-01-30 10:01:39','2015-01-30 10:01:39'),(173,52,'ItemLine',273,265,1,'2015-01-30','2015-01-30',NULL,NULL,69,NULL,'2015-01-30 10:01:39','2015-01-30 10:01:39'),(174,52,'ItemLine',274,266,1,'2015-01-30','2015-01-30',NULL,NULL,69,NULL,'2015-01-30 10:01:39','2015-01-30 10:01:39'),(175,52,'ItemLine',275,267,1,'2015-01-30','2015-01-30',NULL,NULL,69,NULL,'2015-01-30 10:01:39','2015-01-30 10:01:39'),(176,53,'ItemLine',276,268,1,'2015-01-25','2015-01-26',NULL,NULL,70,NULL,'2015-01-25 10:01:39','2015-01-25 10:01:39'),(177,53,'ItemLine',277,269,1,'2015-01-25','2015-01-26',NULL,NULL,70,NULL,'2015-01-25 10:01:39','2015-01-25 10:01:39'),(178,53,'ItemLine',278,270,1,'2015-01-25','2015-01-26',NULL,NULL,70,NULL,'2015-01-25 10:01:39','2015-01-25 10:01:39'),(179,54,'ItemLine',NULL,271,1,'2015-01-29','2015-01-29',NULL,NULL,71,NULL,'2015-01-29 10:01:39','2015-01-29 10:01:39'),(180,54,'ItemLine',NULL,272,1,'2015-01-29','2015-01-29',NULL,NULL,71,NULL,'2015-01-29 10:01:39','2015-01-29 10:01:39'),(181,54,'ItemLine',NULL,273,1,'2015-01-29','2015-01-29',NULL,NULL,71,NULL,'2015-01-29 10:01:39','2015-01-29 10:01:39'),(182,54,'ItemLine',NULL,274,1,'2015-01-29','2015-01-29',NULL,NULL,71,NULL,'2015-01-29 10:01:39','2015-01-29 10:01:39'),(183,54,'ItemLine',NULL,275,1,'2015-01-29','2015-01-29',NULL,NULL,71,NULL,'2015-01-29 10:01:39','2015-01-29 10:01:39'),(184,54,'ItemLine',NULL,19,1,'2015-01-29','2015-01-29',NULL,NULL,72,NULL,'2015-01-29 10:01:39','2015-01-29 10:01:39');
/*!40000 ALTER TABLE `contract_lines` ENABLE KEYS */;
UNLOCK TABLES;

--
-- Table structure for table `contracts`
--

DROP TABLE IF EXISTS `contracts`;
/*!40101 SET @saved_cs_client     = @@character_set_client */;
/*!40101 SET character_set_client = utf8 */;
CREATE TABLE `contracts` (
  `id` int(11) NOT NULL AUTO_INCREMENT,
  `user_id` int(11) DEFAULT NULL,
  `delegated_user_id` int(11) DEFAULT NULL,
  `inventory_pool_id` int(11) DEFAULT NULL,
  `note` text COLLATE utf8_unicode_ci,
  `handed_over_by_user_id` int(11) DEFAULT NULL,
  `created_at` datetime DEFAULT NULL,
  `updated_at` datetime DEFAULT NULL,
  `status` enum('unsubmitted','submitted','rejected','approved','signed','closed') COLLATE utf8_unicode_ci NOT NULL,
  PRIMARY KEY (`id`),
  KEY `index_contracts_on_inventory_pool_id` (`inventory_pool_id`),
  KEY `index_contracts_on_status` (`status`),
  KEY `index_contracts_on_user_id` (`user_id`),
  KEY `contracts_delegated_user_id_fk` (`delegated_user_id`),
  KEY `contracts_handed_over_by_user_id_fk` (`handed_over_by_user_id`),
  CONSTRAINT `contracts_handed_over_by_user_id_fk` FOREIGN KEY (`handed_over_by_user_id`) REFERENCES `users` (`id`),
  CONSTRAINT `contracts_delegated_user_id_fk` FOREIGN KEY (`delegated_user_id`) REFERENCES `users` (`id`),
  CONSTRAINT `contracts_inventory_pool_id_fk` FOREIGN KEY (`inventory_pool_id`) REFERENCES `inventory_pools` (`id`),
  CONSTRAINT `contracts_user_id_fk` FOREIGN KEY (`user_id`) REFERENCES `users` (`id`)
) ENGINE=InnoDB AUTO_INCREMENT=55 DEFAULT CHARSET=utf8 COLLATE=utf8_unicode_ci;
/*!40101 SET character_set_client = @saved_cs_client */;

--
-- Dumping data for table `contracts`
--

LOCK TABLES `contracts` WRITE;
/*!40000 ALTER TABLE `contracts` DISABLE KEYS */;
INSERT INTO `contracts` VALUES (1,34,NULL,7,NULL,NULL,'2015-01-30 10:01:39','2015-01-30 10:01:39','unsubmitted'),(2,6,NULL,1,NULL,NULL,'2015-01-30 10:01:39','2015-01-30 10:01:39','unsubmitted'),(3,6,NULL,1,NULL,NULL,'2015-01-30 10:01:39','2015-01-30 10:01:39','submitted'),(4,19,NULL,1,NULL,NULL,'2015-01-30 10:01:39','2015-01-30 10:01:39','submitted'),(5,6,NULL,2,NULL,NULL,'2015-01-30 10:01:39','2015-01-30 10:01:39','submitted'),(6,6,NULL,2,NULL,NULL,'2015-01-30 10:01:39','2015-01-30 10:01:39','submitted'),(7,6,NULL,2,NULL,NULL,'2015-01-30 10:01:39','2015-01-30 10:01:39','submitted'),(8,6,NULL,1,NULL,NULL,'2015-01-30 10:01:39','2015-01-30 10:01:39','submitted'),(9,14,NULL,1,NULL,NULL,'2015-01-27 10:01:39','2015-01-27 10:01:39','submitted'),(10,15,NULL,1,NULL,NULL,'2015-01-30 10:01:39','2015-01-30 10:01:39','submitted'),(11,16,NULL,1,NULL,NULL,'2015-01-30 10:01:39','2015-01-30 10:01:39','submitted'),(12,17,NULL,1,NULL,NULL,'2015-01-30 10:01:39','2015-01-30 10:01:39','submitted'),(13,18,NULL,1,NULL,NULL,'2015-01-30 10:01:39','2015-01-30 10:01:39','submitted'),(14,14,NULL,1,NULL,NULL,'2015-01-29 10:01:39','2015-01-29 10:01:39','submitted'),(15,14,NULL,1,NULL,NULL,'2015-01-29 10:01:39','2015-01-29 10:01:39','submitted'),(16,11,NULL,1,NULL,NULL,'2015-01-30 10:01:39','2015-01-30 10:01:39','submitted'),(17,11,NULL,1,NULL,NULL,'2015-01-30 10:01:39','2015-01-30 10:01:39','submitted'),(18,35,NULL,12,NULL,NULL,'2015-01-30 10:01:39','2015-01-30 10:01:39','approved'),(19,22,NULL,1,NULL,NULL,'2015-01-30 10:01:39','2015-01-30 10:01:39','approved'),(20,14,NULL,1,NULL,NULL,'2015-01-29 10:01:39','2015-01-29 10:01:39','approved'),(21,14,NULL,1,NULL,5,'2014-09-30 09:01:39','2014-09-30 09:01:39','closed'),(22,21,NULL,1,NULL,5,'2015-01-30 10:01:39','2015-01-30 10:01:39','signed'),(23,8,NULL,1,NULL,5,'2015-01-30 10:01:39','2015-01-30 10:01:39','signed'),(24,18,NULL,1,NULL,5,'2015-01-30 10:01:39','2015-01-30 10:01:39','signed'),(25,6,NULL,2,NULL,NULL,'2015-01-25 10:01:39','2015-01-25 10:01:39','approved'),(26,23,NULL,1,NULL,5,'2015-01-30 10:01:39','2015-01-30 10:01:39','closed'),(27,26,12,1,NULL,5,'2015-01-30 10:01:39','2015-01-30 10:01:39','closed'),(28,20,NULL,1,NULL,5,'2015-01-30 10:01:39','2015-01-30 10:01:39','closed'),(29,20,NULL,1,NULL,5,'2015-01-30 10:01:39','2015-01-30 10:01:39','closed'),(30,6,NULL,1,NULL,NULL,'2015-01-30 10:01:39','2015-01-30 10:01:39','approved'),(31,6,NULL,1,NULL,NULL,'2015-01-30 10:01:39','2015-01-30 10:01:39','approved'),(32,6,NULL,1,NULL,NULL,'2015-01-30 10:01:39','2015-01-30 10:01:39','approved'),(33,6,NULL,1,NULL,NULL,'2015-01-30 10:01:39','2015-01-30 10:01:39','approved'),(34,6,NULL,1,NULL,NULL,'2015-01-30 10:01:39','2015-01-30 10:01:39','approved'),(35,6,NULL,1,NULL,NULL,'2015-01-30 10:01:39','2015-01-30 10:01:39','approved'),(36,6,NULL,1,NULL,NULL,'2015-01-30 10:01:39','2015-01-30 10:01:39','approved'),(37,6,NULL,1,NULL,5,'2015-01-30 10:01:39','2015-01-30 10:01:39','signed'),(38,13,NULL,1,NULL,5,'2015-01-25 10:01:39','2015-01-25 10:01:39','signed'),(39,6,NULL,1,NULL,5,'2015-01-30 10:01:39','2015-01-30 10:01:39','signed'),(40,6,NULL,2,NULL,5,'2015-01-30 10:01:39','2015-01-30 10:01:39','signed'),(41,6,NULL,2,NULL,5,'2015-01-30 10:01:39','2015-01-30 10:01:39','signed'),(42,6,NULL,2,NULL,5,'2015-01-30 10:01:39','2015-01-30 10:01:39','signed'),(43,6,NULL,1,NULL,5,'2015-01-30 10:01:39','2015-01-30 10:01:39','signed'),(44,11,NULL,1,NULL,NULL,'2015-01-30 10:01:39','2015-01-30 10:01:39','approved'),(45,13,NULL,1,NULL,NULL,'2015-01-30 10:01:39','2015-01-30 10:01:39','submitted'),(46,11,NULL,1,NULL,5,'2015-01-30 10:01:39','2015-01-30 10:01:39','signed'),(47,13,NULL,1,NULL,NULL,'2015-01-30 10:01:39','2015-01-30 10:01:39','submitted'),(48,13,NULL,1,NULL,NULL,'2015-01-30 10:01:39','2015-01-30 10:01:39','submitted'),(49,26,10,1,NULL,NULL,'2015-01-30 10:01:39','2015-01-30 10:01:39','submitted'),(50,26,12,1,NULL,NULL,'2015-01-30 10:01:39','2015-01-30 10:01:39','approved'),(51,30,24,1,NULL,NULL,'2015-01-30 10:01:39','2015-01-30 10:01:39','approved'),(52,26,10,1,NULL,5,'2015-01-30 10:01:39','2015-01-30 10:01:39','signed'),(53,26,10,1,NULL,5,'2015-01-25 10:01:39','2015-01-25 10:01:39','signed'),(54,14,NULL,1,NULL,NULL,'2015-01-29 10:01:39','2015-01-29 10:01:39','rejected');
/*!40000 ALTER TABLE `contracts` ENABLE KEYS */;
UNLOCK TABLES;

--
-- Table structure for table `database_authentications`
--

DROP TABLE IF EXISTS `database_authentications`;
/*!40101 SET @saved_cs_client     = @@character_set_client */;
/*!40101 SET character_set_client = utf8 */;
CREATE TABLE `database_authentications` (
  `id` int(11) NOT NULL AUTO_INCREMENT,
  `login` varchar(255) COLLATE utf8_unicode_ci DEFAULT NULL,
  `crypted_password` varchar(40) COLLATE utf8_unicode_ci DEFAULT NULL,
  `salt` varchar(40) COLLATE utf8_unicode_ci DEFAULT NULL,
  `user_id` int(11) DEFAULT NULL,
  `created_at` datetime DEFAULT NULL,
  `updated_at` datetime DEFAULT NULL,
  PRIMARY KEY (`id`),
  KEY `database_authentications_user_id_fk` (`user_id`),
  CONSTRAINT `database_authentications_user_id_fk` FOREIGN KEY (`user_id`) REFERENCES `users` (`id`) ON DELETE CASCADE
) ENGINE=InnoDB AUTO_INCREMENT=31 DEFAULT CHARSET=utf8 COLLATE=utf8_unicode_ci;
/*!40101 SET character_set_client = @saved_cs_client */;

--
-- Dumping data for table `database_authentications`
--

LOCK TABLES `database_authentications` WRITE;
/*!40000 ALTER TABLE `database_authentications` DISABLE KEYS */;
INSERT INTO `database_authentications` VALUES (1,'gino','1154b435b818e4d5a091e3653c24d564fa4b55aa','e2fa4eecd29c53e4ff2d9212d7f50187e04f73a6',1,'2015-01-30 10:01:39','2015-01-30 10:01:39'),(2,'ramon','3ca314ad9bf8a5df4124eebe16accc59ee70088b','b660e4e0874905de698ffb7ee6a68987c740bb12',2,'2015-01-30 10:01:39','2015-01-30 10:01:39'),(3,'matti','11e45c49282015d642d12f1bd3b37d5d1af99e83','e446f98ed59a4f488bbc8cda8c1ffcf2dc2644db',3,'2015-01-30 10:01:39','2015-01-30 10:01:39'),(4,'mike','141de20c42cd28f232897691e17baec0071f016c','c7eef0ae0a758a10b16ec34fd387be3e3e322f35',4,'2015-01-30 10:01:39','2015-01-30 10:01:39'),(5,'pius','e75c6a19283d7e7dbd30289a047a03ee83183a56','c0ba01bae7873fe3fbc0da73bea4b02e86b98dad',5,'2015-01-30 10:01:39','2015-01-30 10:01:39'),(6,'normin','f0c23e00784274f1d455e803ad41c1dd3b7b5bb5','9c15360c30216ecf85480c99607343a3ccf8835f',6,'2015-01-30 10:01:39','2015-01-30 10:01:39'),(7,'norval','b6d4ea5095a80a4aee2b5188e43e18400d692b1f','0f9429a86138e3c20aa38b957b107b1a8289ba9a',7,'2015-01-30 10:01:39','2015-01-30 10:01:39'),(8,'peter','939abe081f088cf254e56437cbceca3de5c622cb','0eec4dab58c0622a77c353242c6be77f1281654b',8,'2015-01-30 10:01:39','2015-01-30 10:01:39'),(9,'andi','9e3d90aa2cfceeda052ef850fb03ebdb383441f1','fa817ec4952cb0e55a74466ae630516b049e25aa',9,'2015-01-30 10:01:39','2015-01-30 10:01:39'),(10,'mina','ca37746a5148b2e39f360b49be27d696b4e5b0fd','8fb813de269aacbc98b0035f2c81bf1b090d5be8',10,'2015-01-30 10:01:39','2015-01-30 10:01:39'),(11,'petra','e293e28104e3788ff15013edbb2ee6302622d0c9','9a96020e6bc04d38f14116a05fca55c7dc6ee83f',11,'2015-01-30 10:01:39','2015-01-30 10:01:39'),(12,'julie','8743b667f693aa6daafa30e5952cb9ad41f9ef9a','788f0096e2a35caef7c9510d052c699f303a8443',12,'2015-01-30 10:01:39','2015-01-30 10:01:39'),(13,'lisa','c2a2e61a0bde0c07b34c3785234ee8cbed88c9f9','b8053096280054257f3945f21badffab198580fa',13,'2015-01-30 10:01:39','2015-01-30 10:01:39'),(14,'delphine','30026330a96fc2ee8c445e6251f33265ffcacee6','843e8847aea0761c14b8ef932cffd1be556c2c45',14,'2015-01-30 10:01:39','2015-01-30 10:01:39'),(15,'raina','390c8d108d3962baf587126d7c4715485e8ad6b7','a2447e69ad390a7eae9f6061ca45e304535e0906',15,'2015-01-30 10:01:39','2015-01-30 10:01:39'),(16,'mireya','1eac301326d41e6667b877b600032910be87daf6','efc7a96cc11b69a0aa8067c61860fb27cb0bdb21',16,'2015-01-30 10:01:39','2015-01-30 10:01:39'),(17,'corine','35c169850df4b77c8254667bcae17861c1c3d851','d6ca17a39e74d1a885321e679ef9c68bacca3522',17,'2015-01-30 10:01:39','2015-01-30 10:01:39'),(18,'keaton','20d8efa1dba3be598048aa7b365f2b26cb61c160','6c1a44ca4466f2c8c2a59a6428a2a2f8c06cf833',18,'2015-01-30 10:01:39','2015-01-30 10:01:39'),(19,'rubie','9c584054eb7343e62d1c22e53b7ae2c0fd5adad2','ebd500ed573f08e6c03c3d8e3bded1c5123319c3',19,'2015-01-30 10:01:39','2015-01-30 10:01:39'),(20,'emiliano','3d09c24e8b56f350733dbf72a78c2661fa5c27de','6045b0b29263f3b1a68c10ab0ab1a61ae9e92f55',20,'2015-01-30 10:01:39','2015-01-30 10:01:39'),(21,'karina','0c293aaa7b18384df168ced90287ff40cb3fe215','629534250f33a228d901ea9041054f304af93c81',21,'2015-01-30 10:01:39','2015-01-30 10:01:39'),(22,'wilfred','ca8fa7277fda818e721a530299368e55d8679c10','5d5903ffcaea33b63a0ab717a9c1dc85b1b4ffb9',22,'2015-01-30 10:01:39','2015-01-30 10:01:39'),(23,'kennedy','4f16cf70a0ee7b81a4ba224fcc56764c7de07e8d','a54e5278a71962a2f82add04483afce42f4ba8f2',23,'2015-01-30 10:01:39','2015-01-30 10:01:39'),(24,'bernadette','1a372ebf6815899563200325faeb7305d4e79564','8f954865e2f6625aa87ecff188d916dee85750eb',24,'2015-01-30 10:01:39','2015-01-30 10:01:39'),(25,'keshawn_7047','15d4f3882caa395e39ca34c0c7551a1fcf6894b4','f1b039951be0b0488e8692da18aa965166436c04',25,'2015-01-30 10:01:39','2015-01-30 10:01:39'),(26,'jalon_2413','55bc99258e9b7afd992a60fee9bf4c35ecac6ea1','264759322192aa5c5e5c8f74890900e0561a5364',31,'2015-01-30 10:01:39','2015-01-30 10:01:39'),(27,'august.hilll_3598','1bc6f23687cdfe827cf0ff0fcf3953e489212900','2d7e4444e9f45731bb89624c468af7cdcf269df9',32,'2015-01-30 10:01:39','2015-01-30 10:01:39'),(28,'zachary.spencer_9357','3a51ec7ef58633629b6287be488d08e5c79105a8','cdd0779e385a4fbdec2b06eea284952373f47ac0',33,'2015-01-30 10:01:39','2015-01-30 10:01:39'),(29,'ania_1268','c9007fe307b26e68905c508b03c19bfa6f08a87c','f1ab52de2006ade0ad108f17b7b02825e3e960ba',34,'2015-01-30 10:01:39','2015-01-30 10:01:39'),(30,'golda_7840','22df7468240d15a8dd9f82b672a78e3df78e8a76','cc90fa988009d10df24b912c8743ff4e1c13130a',35,'2015-01-30 10:01:39','2015-01-30 10:01:39');
/*!40000 ALTER TABLE `database_authentications` ENABLE KEYS */;
UNLOCK TABLES;

--
-- Table structure for table `delegations_users`
--

DROP TABLE IF EXISTS `delegations_users`;
/*!40101 SET @saved_cs_client     = @@character_set_client */;
/*!40101 SET character_set_client = utf8 */;
CREATE TABLE `delegations_users` (
  `delegation_id` int(11) DEFAULT NULL,
  `user_id` int(11) DEFAULT NULL,
  UNIQUE KEY `index_delegations_users_on_user_id_and_delegation_id` (`user_id`,`delegation_id`),
  KEY `index_delegations_users_on_delegation_id` (`delegation_id`),
  CONSTRAINT `delegations_users_delegation_id_fk` FOREIGN KEY (`delegation_id`) REFERENCES `users` (`id`),
  CONSTRAINT `delegations_users_user_id_fk` FOREIGN KEY (`user_id`) REFERENCES `users` (`id`)
) ENGINE=InnoDB DEFAULT CHARSET=utf8 COLLATE=utf8_unicode_ci;
/*!40101 SET character_set_client = @saved_cs_client */;

--
-- Dumping data for table `delegations_users`
--

LOCK TABLES `delegations_users` WRITE;
/*!40000 ALTER TABLE `delegations_users` DISABLE KEYS */;
INSERT INTO `delegations_users` VALUES (26,10),(27,10),(28,10),(29,10),(26,12),(27,12),(28,12),(29,12),(30,23),(30,24);
/*!40000 ALTER TABLE `delegations_users` ENABLE KEYS */;
UNLOCK TABLES;

--
-- Table structure for table `groups`
--

DROP TABLE IF EXISTS `groups`;
/*!40101 SET @saved_cs_client     = @@character_set_client */;
/*!40101 SET character_set_client = utf8 */;
CREATE TABLE `groups` (
  `id` int(11) NOT NULL AUTO_INCREMENT,
  `name` varchar(255) COLLATE utf8_unicode_ci DEFAULT NULL,
  `inventory_pool_id` int(11) DEFAULT NULL,
  `is_verification_required` tinyint(1) DEFAULT '0',
  `created_at` datetime DEFAULT NULL,
  `updated_at` datetime DEFAULT NULL,
  PRIMARY KEY (`id`),
  KEY `index_groups_on_inventory_pool_id` (`inventory_pool_id`),
  KEY `index_groups_on_is_verification_required` (`is_verification_required`),
  CONSTRAINT `groups_inventory_pool_id_fk` FOREIGN KEY (`inventory_pool_id`) REFERENCES `inventory_pools` (`id`)
) ENGINE=InnoDB AUTO_INCREMENT=11 DEFAULT CHARSET=utf8 COLLATE=utf8_unicode_ci;
/*!40101 SET character_set_client = @saved_cs_client */;

--
-- Dumping data for table `groups`
--

LOCK TABLES `groups` WRITE;
/*!40000 ALTER TABLE `groups` DISABLE KEYS */;
INSERT INTO `groups` VALUES (1,'Cast',1,0,'2015-01-30 10:01:39','2015-01-30 10:01:39'),(2,'IAD',1,0,'2015-01-30 10:01:39','2015-01-30 10:01:39'),(3,'Wu',1,0,'2015-01-30 10:01:39','2015-01-30 10:01:39'),(4,'Group Hifi',1,0,'2015-01-30 10:01:39','2015-01-30 10:01:39'),(5,'Group A',1,0,'2015-01-30 10:01:39','2015-01-30 10:01:39'),(6,'Group B',1,0,'2015-01-30 10:01:39','2015-01-30 10:01:39'),(7,'FFI',1,1,'2015-01-30 10:01:39','2015-01-30 10:01:39'),(8,'VTO',1,1,'2015-01-30 10:01:39','2015-01-30 10:01:39'),(9,'1. Semester',2,1,'2015-01-30 10:01:39','2015-01-30 10:01:39'),(10,'Group C',1,0,'2015-01-30 10:01:39','2015-01-30 10:01:39');
/*!40000 ALTER TABLE `groups` ENABLE KEYS */;
UNLOCK TABLES;

--
-- Table structure for table `groups_users`
--

DROP TABLE IF EXISTS `groups_users`;
/*!40101 SET @saved_cs_client     = @@character_set_client */;
/*!40101 SET character_set_client = utf8 */;
CREATE TABLE `groups_users` (
  `user_id` int(11) DEFAULT NULL,
  `group_id` int(11) DEFAULT NULL,
  UNIQUE KEY `index_groups_users_on_user_id_and_group_id` (`user_id`,`group_id`),
  KEY `index_groups_users_on_group_id` (`group_id`),
  CONSTRAINT `groups_users_user_id_fk` FOREIGN KEY (`user_id`) REFERENCES `users` (`id`),
  CONSTRAINT `groups_users_group_id_fk` FOREIGN KEY (`group_id`) REFERENCES `groups` (`id`)
) ENGINE=InnoDB DEFAULT CHARSET=utf8 COLLATE=utf8_unicode_ci;
/*!40101 SET character_set_client = @saved_cs_client */;

--
-- Dumping data for table `groups_users`
--

LOCK TABLES `groups_users` WRITE;
/*!40000 ALTER TABLE `groups_users` DISABLE KEYS */;
INSERT INTO `groups_users` VALUES (6,1),(13,1),(14,7),(14,8),(15,7),(16,7),(16,8),(17,7),(17,9),(18,7),(19,10);
/*!40000 ALTER TABLE `groups_users` ENABLE KEYS */;
UNLOCK TABLES;

--
-- Table structure for table `histories`
--

DROP TABLE IF EXISTS `histories`;
/*!40101 SET @saved_cs_client     = @@character_set_client */;
/*!40101 SET character_set_client = utf8 */;
CREATE TABLE `histories` (
  `id` int(11) NOT NULL AUTO_INCREMENT,
  `text` varchar(255) COLLATE utf8_unicode_ci DEFAULT '',
  `type_const` int(11) DEFAULT NULL,
  `created_at` datetime NOT NULL,
  `target_id` int(11) NOT NULL,
  `target_type` varchar(255) COLLATE utf8_unicode_ci NOT NULL,
  `user_id` int(11) DEFAULT NULL,
  PRIMARY KEY (`id`),
  KEY `index_histories_on_target_type_and_target_id` (`target_type`,`target_id`),
  KEY `index_histories_on_type_const` (`type_const`),
  KEY `index_histories_on_user_id` (`user_id`),
  CONSTRAINT `histories_user_id_fk` FOREIGN KEY (`user_id`) REFERENCES `users` (`id`)
) ENGINE=InnoDB AUTO_INCREMENT=19 DEFAULT CHARSET=utf8 COLLATE=utf8_unicode_ci;
/*!40101 SET character_set_client = @saved_cs_client */;

--
-- Dumping data for table `histories`
--

LOCK TABLES `histories` WRITE;
/*!40000 ALTER TABLE `histories` DISABLE KEYS */;
INSERT INTO `histories` VALUES (1,'Contract 21 has been signed by Delphine Powlowski',1,'2014-09-30 09:01:39',21,'Contract',5),(2,'Contract 22 has been signed by Karina Doyle',1,'2015-01-30 10:01:39',22,'Contract',5),(3,'Contract 23 has been signed by Peter Silie',1,'2015-01-30 10:01:39',23,'Contract',5),(4,'Contract 24 has been signed by Keaton McDermott',1,'2015-01-30 10:01:39',24,'Contract',5),(5,'Contract 26 has been signed by Kennedy Mante',1,'2015-01-30 10:01:39',26,'Contract',5),(6,'Contract 27 has been signed by Delegation 1',1,'2015-01-30 10:01:39',27,'Contract',5),(7,'Contract 28 has been signed by Emiliano Rohan',1,'2015-01-30 10:01:39',28,'Contract',5),(8,'Contract 29 has been signed by Emiliano Rohan',1,'2015-01-30 10:01:39',29,'Contract',5),(9,'Contract 37 has been signed by Normin Normalo',1,'2015-01-30 10:01:39',37,'Contract',5),(10,'Contract 38 has been signed by Lisa Boyle',1,'2015-01-25 10:01:39',38,'Contract',5),(11,'Contract 39 has been signed by Normin Normalo',1,'2015-01-30 10:01:39',39,'Contract',5),(12,'Contract 40 has been signed by Normin Normalo',1,'2015-01-30 10:01:39',40,'Contract',5),(13,'Contract 41 has been signed by Normin Normalo',1,'2015-01-30 10:01:39',41,'Contract',5),(14,'Contract 42 has been signed by Normin Normalo',1,'2015-01-30 10:01:39',42,'Contract',5),(15,'Contract 43 has been signed by Normin Normalo',1,'2015-01-30 10:01:39',43,'Contract',5),(16,'Contract 46 has been signed by Petra Borer',1,'2015-01-30 10:01:39',46,'Contract',5),(17,'Contract 52 has been signed by Delegation 1',1,'2015-01-30 10:01:39',52,'Contract',5),(18,'Contract 53 has been signed by Delegation 1',1,'2015-01-25 10:01:39',53,'Contract',5);
/*!40000 ALTER TABLE `histories` ENABLE KEYS */;
UNLOCK TABLES;

--
-- Table structure for table `holidays`
--

DROP TABLE IF EXISTS `holidays`;
/*!40101 SET @saved_cs_client     = @@character_set_client */;
/*!40101 SET character_set_client = utf8 */;
CREATE TABLE `holidays` (
  `id` int(11) NOT NULL AUTO_INCREMENT,
  `inventory_pool_id` int(11) DEFAULT NULL,
  `start_date` date DEFAULT NULL,
  `end_date` date DEFAULT NULL,
  `name` varchar(255) COLLATE utf8_unicode_ci DEFAULT NULL,
  PRIMARY KEY (`id`),
  KEY `index_holidays_on_inventory_pool_id` (`inventory_pool_id`),
  KEY `index_holidays_on_start_date_and_end_date` (`start_date`,`end_date`),
  CONSTRAINT `holidays_inventory_pool_id_fk` FOREIGN KEY (`inventory_pool_id`) REFERENCES `inventory_pools` (`id`) ON DELETE CASCADE
) ENGINE=InnoDB AUTO_INCREMENT=7 DEFAULT CHARSET=utf8 COLLATE=utf8_unicode_ci;
/*!40101 SET character_set_client = @saved_cs_client */;

--
-- Dumping data for table `holidays`
--

LOCK TABLES `holidays` WRITE;
/*!40000 ALTER TABLE `holidays` DISABLE KEYS */;
INSERT INTO `holidays` VALUES (1,1,'2015-12-24','2015-12-26','Christmas'),(2,1,'2016-12-24','2016-12-26','Christmas'),(3,2,'2015-12-24','2015-12-26','Christmas'),(4,2,'2016-12-24','2016-12-26','Christmas'),(5,3,'2015-12-24','2015-12-26','Christmas'),(6,3,'2016-12-24','2016-12-26','Christmas');
/*!40000 ALTER TABLE `holidays` ENABLE KEYS */;
UNLOCK TABLES;

--
-- Table structure for table `images`
--

DROP TABLE IF EXISTS `images`;
/*!40101 SET @saved_cs_client     = @@character_set_client */;
/*!40101 SET character_set_client = utf8 */;
CREATE TABLE `images` (
  `id` int(11) NOT NULL AUTO_INCREMENT,
  `is_main` tinyint(1) DEFAULT '0',
  `content_type` varchar(255) COLLATE utf8_unicode_ci DEFAULT NULL,
  `filename` varchar(255) COLLATE utf8_unicode_ci DEFAULT NULL,
  `size` int(11) DEFAULT NULL,
  `height` int(11) DEFAULT NULL,
  `width` int(11) DEFAULT NULL,
  `parent_id` int(11) DEFAULT NULL,
  `thumbnail` varchar(255) COLLATE utf8_unicode_ci DEFAULT NULL,
  `target_id` int(11) DEFAULT NULL,
  `target_type` varchar(255) COLLATE utf8_unicode_ci DEFAULT NULL,
  PRIMARY KEY (`id`),
  KEY `index_images_on_target_id_and_target_type` (`target_id`,`target_type`)
) ENGINE=InnoDB AUTO_INCREMENT=5 DEFAULT CHARSET=utf8 COLLATE=utf8_unicode_ci;
/*!40101 SET character_set_client = @saved_cs_client */;

--
-- Dumping data for table `images`
--

LOCK TABLES `images` WRITE;
/*!40000 ALTER TABLE `images` DISABLE KEYS */;
INSERT INTO `images` VALUES (1,0,'image/jpeg','quisquam',NULL,NULL,NULL,NULL,NULL,2,'ModelGroup'),(2,0,'image/jpeg','pariatur',NULL,NULL,NULL,NULL,NULL,16,'Model'),(3,0,'image/jpeg','hic',NULL,NULL,NULL,NULL,NULL,16,'Model'),(4,0,'image/jpeg','porro',NULL,NULL,NULL,NULL,NULL,17,'Model');
/*!40000 ALTER TABLE `images` ENABLE KEYS */;
UNLOCK TABLES;

--
-- Table structure for table `inventory_pools`
--

DROP TABLE IF EXISTS `inventory_pools`;
/*!40101 SET @saved_cs_client     = @@character_set_client */;
/*!40101 SET character_set_client = utf8 */;
CREATE TABLE `inventory_pools` (
  `id` int(11) NOT NULL AUTO_INCREMENT,
  `name` varchar(255) COLLATE utf8_unicode_ci DEFAULT NULL,
  `description` text COLLATE utf8_unicode_ci,
  `contact_details` varchar(255) COLLATE utf8_unicode_ci DEFAULT NULL,
  `contract_description` varchar(255) COLLATE utf8_unicode_ci DEFAULT NULL,
  `contract_url` varchar(255) COLLATE utf8_unicode_ci DEFAULT NULL,
  `logo_url` varchar(255) COLLATE utf8_unicode_ci DEFAULT NULL,
  `default_contract_note` text COLLATE utf8_unicode_ci,
  `shortname` varchar(255) COLLATE utf8_unicode_ci DEFAULT NULL,
  `email` varchar(255) COLLATE utf8_unicode_ci DEFAULT NULL,
  `color` text COLLATE utf8_unicode_ci,
  `print_contracts` tinyint(1) DEFAULT '1',
  `opening_hours` text COLLATE utf8_unicode_ci,
  `address_id` int(11) DEFAULT NULL,
  `automatic_suspension` tinyint(1) NOT NULL DEFAULT '0',
  `automatic_suspension_reason` text COLLATE utf8_unicode_ci,
  `automatic_access` tinyint(1) DEFAULT NULL,
  PRIMARY KEY (`id`),
  UNIQUE KEY `index_inventory_pools_on_name` (`name`),
  KEY `inventory_pools_address_id_fk` (`address_id`),
  CONSTRAINT `inventory_pools_address_id_fk` FOREIGN KEY (`address_id`) REFERENCES `addresses` (`id`)
) ENGINE=InnoDB AUTO_INCREMENT=13 DEFAULT CHARSET=utf8 COLLATE=utf8_unicode_ci;
/*!40101 SET character_set_client = @saved_cs_client */;

--
-- Dumping data for table `inventory_pools`
--

LOCK TABLES `inventory_pools` WRITE;
/*!40000 ALTER TABLE `inventory_pools` DISABLE KEYS */;
INSERT INTO `inventory_pools` VALUES (1,'A-Ausleihe','Wichtige Hinweise...\n\nBitte die Gegenstnde rechtzeitig zurckbringen','A Verleih  /  ZHdK\na@zh-dk.ch\n\n+41 00 00 00 00',NULL,'a@zhdk.ch',NULL,'Debitis maxime occaecati commodi.','A','a@zhdk.ch',NULL,1,NULL,NULL,1,'Suscipit expedita aliquam numquam nisi.',NULL),(2,'IT-Ausleihe','Bringt die Gerte bitte rechtzeitig zurck','IT Verleih  /  ZHdK\nit@zh-dk.ch\n\n+41 00 00 00 00',NULL,'it@zhdk.ch',NULL,'Commodi labore cum molestiae sed quasi sint recusandae.','IT','it@zhdk.ch',NULL,1,NULL,NULL,1,'Id molestiae cum adipisci et perspiciatis.',NULL),(3,'AV-Technik','Bringt die Gerte bitte rechtzeitig zurck','AV Verleih  /  ZHdK\nav@zh-dk.ch\n\n+41 00 00 00 00',NULL,'av@zhdk.ch',NULL,'Vel nobis fugiat iure impedit nam.','AV','av@zhdk.ch',NULL,1,NULL,NULL,0,NULL,NULL),(4,'DT deletable',NULL,NULL,NULL,'it@zhdk.ch',NULL,'Voluptas temporibus maiores velit tempora dolorem.','DT','it@zhdk.ch',NULL,1,NULL,NULL,0,NULL,NULL),(5,'Minussequinonmolestiae','Consequatur id ullam aut sint accusamus quam soluta aut.','Dolor veniam perferendis beatae.','Minussequinonmolestiae','chelsea.pfeffer@gerlachrippin.name',NULL,NULL,'GJ5SGL','chelsea.pfeffer@gerlachrippin.name',NULL,1,NULL,NULL,0,NULL,NULL),(6,'Voluptatemaliasullamaut','Similique ut qui voluptate cumque eum ullam aperiam necessitatibus.','Delectus ab quia facilis fugiat labore incidunt aliquid accusamus.','Voluptatemaliasullamaut','randall_mueller@cartwrightcormier.name',NULL,NULL,'3R0CKZ','randall_mueller@cartwrightcormier.name',NULL,1,NULL,NULL,0,NULL,NULL),(7,'Voluptasetpraesentiumporro','Sed qui rerum neque optio dolorem quibusdam.','Quia blanditiis dolorem deserunt soluta qui delectus nostrum.','Voluptasetpraesentiumporro','giovani_schowalter@boyer.name',NULL,NULL,'1KN7ZC','giovani_schowalter@boyer.name',NULL,1,NULL,NULL,0,NULL,NULL),(8,'Corporiscumqueautveniam','Inventore quam perferendis sunt non sint sit officiis mollitia.','Autem sequi ipsa non sed voluptates rerum quaerat.','Corporiscumqueautveniam','adrain.leuschke@crona.com',NULL,NULL,'M9Q9AV','adrain.leuschke@crona.com',NULL,1,NULL,NULL,0,NULL,NULL),(9,'Sitdoloresconsequaturrepudiandae','Sed ipsum commodi eaque magni rerum quod aut.','Provident ipsum autem repudiandae qui omnis velit.','Sitdoloresconsequaturrepudiandae','melyna@ruelwisoky.biz',NULL,NULL,'LBP8KU','melyna@ruelwisoky.biz',NULL,1,NULL,NULL,0,NULL,NULL),(10,'Nobisettemporibuslaboriosam','Voluptate autem voluptatem et facere nemo ut iusto quasi.','Expedita tempora dolorem distinctio.','Nobisettemporibuslaboriosam','haley_kiehn@jaskolski.co.uk',NULL,NULL,'NYZVDF','haley_kiehn@jaskolski.co.uk',NULL,1,NULL,NULL,0,NULL,NULL),(11,'Ullametreprehenderitiste','Maiores culpa dolore aut totam possimus deserunt.','Nisi dolore saepe harum reprehenderit.','Ullametreprehenderitiste','mikayla_sauer@rodriguezstrosin.info',NULL,NULL,'QXPG4D','mikayla_sauer@rodriguezstrosin.info',NULL,1,NULL,NULL,0,NULL,NULL),(12,'Aliasquidebitiscumque','Magni dignissimos praesentium veniam corrupti voluptatum et.','Voluptas aliquam sint dolores.','Aliasquidebitiscumque','dalton@botsford.info',NULL,NULL,'01T3UD','dalton@botsford.info',NULL,1,NULL,NULL,0,NULL,NULL);
/*!40000 ALTER TABLE `inventory_pools` ENABLE KEYS */;
UNLOCK TABLES;

--
-- Table structure for table `inventory_pools_model_groups`
--

DROP TABLE IF EXISTS `inventory_pools_model_groups`;
/*!40101 SET @saved_cs_client     = @@character_set_client */;
/*!40101 SET character_set_client = utf8 */;
CREATE TABLE `inventory_pools_model_groups` (
  `inventory_pool_id` int(11) DEFAULT NULL,
  `model_group_id` int(11) DEFAULT NULL,
  KEY `index_inventory_pools_model_groups_on_inventory_pool_id` (`inventory_pool_id`),
  KEY `index_inventory_pools_model_groups_on_model_group_id` (`model_group_id`),
  CONSTRAINT `inventory_pools_model_groups_model_group_id_fk` FOREIGN KEY (`model_group_id`) REFERENCES `model_groups` (`id`),
  CONSTRAINT `inventory_pools_model_groups_inventory_pool_id_fk` FOREIGN KEY (`inventory_pool_id`) REFERENCES `inventory_pools` (`id`)
) ENGINE=InnoDB DEFAULT CHARSET=utf8 COLLATE=utf8_unicode_ci;
/*!40101 SET character_set_client = @saved_cs_client */;

--
-- Dumping data for table `inventory_pools_model_groups`
--

LOCK TABLES `inventory_pools_model_groups` WRITE;
/*!40000 ALTER TABLE `inventory_pools_model_groups` DISABLE KEYS */;
INSERT INTO `inventory_pools_model_groups` VALUES (1,12),(1,13),(1,14);
/*!40000 ALTER TABLE `inventory_pools_model_groups` ENABLE KEYS */;
UNLOCK TABLES;

--
-- Table structure for table `items`
--

DROP TABLE IF EXISTS `items`;
/*!40101 SET @saved_cs_client     = @@character_set_client */;
/*!40101 SET character_set_client = utf8 */;
CREATE TABLE `items` (
  `id` int(11) NOT NULL AUTO_INCREMENT,
  `inventory_code` varchar(255) COLLATE utf8_unicode_ci DEFAULT NULL,
  `serial_number` varchar(255) COLLATE utf8_unicode_ci DEFAULT NULL,
  `model_id` int(11) DEFAULT NULL,
  `location_id` int(11) DEFAULT NULL,
  `supplier_id` int(11) DEFAULT NULL,
  `owner_id` int(11) NOT NULL,
  `parent_id` int(11) DEFAULT NULL,
  `invoice_number` varchar(255) COLLATE utf8_unicode_ci DEFAULT NULL,
  `invoice_date` date DEFAULT NULL,
  `last_check` date DEFAULT NULL,
  `retired` date DEFAULT NULL,
  `retired_reason` varchar(255) COLLATE utf8_unicode_ci DEFAULT NULL,
  `price` decimal(8,2) DEFAULT NULL,
  `is_broken` tinyint(1) DEFAULT '0',
  `is_incomplete` tinyint(1) DEFAULT '0',
  `is_borrowable` tinyint(1) DEFAULT '0',
  `needs_permission` tinyint(1) DEFAULT '0',
  `inventory_pool_id` int(11) NOT NULL,
  `is_inventory_relevant` tinyint(1) DEFAULT '0',
  `responsible` varchar(255) COLLATE utf8_unicode_ci DEFAULT NULL,
  `insurance_number` varchar(255) COLLATE utf8_unicode_ci DEFAULT NULL,
  `note` text COLLATE utf8_unicode_ci,
  `name` text COLLATE utf8_unicode_ci,
  `user_name` varchar(255) COLLATE utf8_unicode_ci DEFAULT NULL,
  `properties` varchar(2048) COLLATE utf8_unicode_ci DEFAULT NULL,
  `created_at` datetime DEFAULT NULL,
  `updated_at` datetime DEFAULT NULL,
  `status_note` text COLLATE utf8_unicode_ci,
  PRIMARY KEY (`id`),
  UNIQUE KEY `index_items_on_inventory_code` (`inventory_code`),
  KEY `index_items_on_inventory_pool_id` (`inventory_pool_id`),
  KEY `index_items_on_retired` (`retired`),
  KEY `index_items_on_is_borrowable` (`is_borrowable`),
  KEY `index_items_on_is_broken` (`is_broken`),
  KEY `index_items_on_is_incomplete` (`is_incomplete`),
  KEY `index_items_on_location_id` (`location_id`),
  KEY `index_items_on_owner_id` (`owner_id`),
  KEY `index_items_on_parent_id_and_retired` (`parent_id`,`retired`),
  KEY `index_items_on_model_id_and_retired_and_inventory_pool_id` (`model_id`,`retired`,`inventory_pool_id`),
  KEY `items_supplier_id_fk` (`supplier_id`),
  CONSTRAINT `items_inventory_pool_id_fk` FOREIGN KEY (`inventory_pool_id`) REFERENCES `inventory_pools` (`id`),
  CONSTRAINT `items_location_id_fk` FOREIGN KEY (`location_id`) REFERENCES `locations` (`id`),
  CONSTRAINT `items_model_id_fk` FOREIGN KEY (`model_id`) REFERENCES `models` (`id`),
  CONSTRAINT `items_owner_id_fk` FOREIGN KEY (`owner_id`) REFERENCES `inventory_pools` (`id`),
  CONSTRAINT `items_parent_id_fk` FOREIGN KEY (`parent_id`) REFERENCES `items` (`id`) ON DELETE SET NULL,
  CONSTRAINT `items_supplier_id_fk` FOREIGN KEY (`supplier_id`) REFERENCES `suppliers` (`id`)
) ENGINE=InnoDB AUTO_INCREMENT=284 DEFAULT CHARSET=utf8 COLLATE=utf8_unicode_ci;
/*!40101 SET character_set_client = @saved_cs_client */;

--
-- Dumping data for table `items`
--

LOCK TABLES `items` WRITE;
/*!40000 ALTER TABLE `items` DISABLE KEYS */;
INSERT INTO `items` VALUES (1,'3x707bb8v8ylkm4bixx61','21:05:49:20:46:9e-7f:a0:a5:66:c6:af-2b:41:83:52:f2:4e',24,NULL,1,1,NULL,NULL,'2011-12-10','2015-01-30',NULL,NULL,'893.00',0,0,1,0,1,1,NULL,NULL,NULL,NULL,NULL,'--- !ruby/hash:ActiveSupport::HashWithIndifferentAccess\nanschaffungskategorie: AV-Technik\nreference: invoice\numzug: zgeln\nankunftszustand: intakt\n','2015-01-30 10:01:39','2015-01-30 10:01:39',NULL),(2,'f4kuh1tjmn5am547us5o2','55:bd:85:40:9d:88-92:ee:bc:76:9c:e5-1b:d8:04:7d:be:41',25,NULL,2,1,NULL,NULL,'2014-03-17','2015-01-30',NULL,NULL,'325.00',0,0,1,0,1,1,NULL,NULL,NULL,NULL,NULL,'--- !ruby/hash:ActiveSupport::HashWithIndifferentAccess\nanschaffungskategorie: AV-Technik\nreference: invoice\numzug: zgeln\nankunftszustand: intakt\n','2015-01-30 10:01:39','2015-01-30 10:01:39',NULL),(3,'m0n2893hwiij6rpq66jw3','4c:6f:0d:5b:26:0e-da:48:23:24:e0:78-dc:16:6e:4a:8a:3b',26,NULL,3,1,NULL,NULL,'2012-09-17','2015-01-30',NULL,NULL,'544.00',0,0,1,0,1,1,NULL,NULL,NULL,NULL,NULL,'--- !ruby/hash:ActiveSupport::HashWithIndifferentAccess\nanschaffungskategorie: AV-Technik\nreference: invoice\numzug: zgeln\nankunftszustand: intakt\n','2015-01-30 10:01:39','2015-01-30 10:01:39',NULL),(4,'82zkgxx6f2jdii9r6geo4','c0:69:09:20:9a:78-57:b6:15:bb:1f:27-8c:1f:b9:34:1d:97',27,NULL,4,1,NULL,NULL,'2010-05-31','2015-01-30',NULL,NULL,'420.00',0,0,1,0,1,1,NULL,NULL,NULL,NULL,NULL,'--- !ruby/hash:ActiveSupport::HashWithIndifferentAccess\nanschaffungskategorie: AV-Technik\nreference: invoice\numzug: zgeln\nankunftszustand: intakt\n','2015-01-30 10:01:39','2015-01-30 10:01:39',NULL),(5,'lq2nr7qiy1pjz2mr14rx5','81:ca:6b:d3:b3:9e-e8:e5:9f:53:ed:b7-32:5c:6f:f6:32:fb',28,NULL,5,1,NULL,NULL,'2011-04-12','2015-01-30',NULL,NULL,'528.00',0,0,1,0,1,1,NULL,NULL,NULL,NULL,NULL,'--- !ruby/hash:ActiveSupport::HashWithIndifferentAccess\nanschaffungskategorie: AV-Technik\nreference: invoice\numzug: zgeln\nankunftszustand: intakt\n','2015-01-30 10:01:39','2015-01-30 10:01:39',NULL),(6,'80tzpxodvfcnyil3mrx46','db:36:73:16:7d:cb-01:41:25:0c:13:f5-e4:7d:3f:a4:f2:36',29,NULL,6,1,NULL,NULL,'2013-09-21','2015-01-30',NULL,NULL,'1480.00',0,0,1,0,1,1,NULL,NULL,NULL,NULL,NULL,'--- !ruby/hash:ActiveSupport::HashWithIndifferentAccess\nanschaffungskategorie: AV-Technik\nreference: invoice\numzug: zgeln\nankunftszustand: intakt\n','2015-01-30 10:01:39','2015-01-30 10:01:39',NULL),(7,'dmapt1fnkk5i8sa173qn7','64:8c:ee:e2:c7:e9-1e:51:4b:c8:fa:e9-0e:a2:40:99:96:72',30,NULL,7,1,NULL,NULL,'2012-02-21','2015-01-30',NULL,NULL,'136.00',0,0,1,0,1,1,NULL,NULL,NULL,NULL,NULL,'--- !ruby/hash:ActiveSupport::HashWithIndifferentAccess\nanschaffungskategorie: AV-Technik\nreference: invoice\numzug: zgeln\nankunftszustand: intakt\n','2015-01-30 10:01:39','2015-01-30 10:01:39',NULL),(8,'in78sp997uk3eqafqx7v8','33:e9:d4:d8:ca:18-b7:3d:cc:c0:7e:e6-b1:aa:f9:10:b4:2d',31,NULL,8,1,NULL,NULL,'2012-05-01','2015-01-30',NULL,NULL,'616.00',0,0,1,0,1,1,NULL,NULL,NULL,NULL,NULL,'--- !ruby/hash:ActiveSupport::HashWithIndifferentAccess\nanschaffungskategorie: AV-Technik\nreference: invoice\numzug: zgeln\nankunftszustand: intakt\n','2015-01-30 10:01:39','2015-01-30 10:01:39',NULL),(9,'96yl3mur4pshbhxg9h9u9','4e:06:ab:4a:f2:18-ff:f9:7d:f3:e5:da-54:d8:df:df:8b:45',32,NULL,9,1,NULL,NULL,'2012-03-31','2015-01-30',NULL,NULL,'445.00',0,0,1,0,1,1,NULL,NULL,NULL,NULL,NULL,'--- !ruby/hash:ActiveSupport::HashWithIndifferentAccess\nanschaffungskategorie: AV-Technik\nreference: invoice\numzug: zgeln\nankunftszustand: intakt\n','2015-01-30 10:01:39','2015-01-30 10:01:39',NULL),(10,'e0ituwd241r6gaeqvhol10','23:45:8c:7c:cb:57-01:bd:fd:4d:23:16-dd:26:5f:ae:a8:f6',33,NULL,10,1,NULL,NULL,'2013-08-13','2015-01-30',NULL,NULL,'753.00',0,0,1,0,1,1,NULL,NULL,NULL,NULL,NULL,'--- !ruby/hash:ActiveSupport::HashWithIndifferentAccess\nanschaffungskategorie: AV-Technik\nreference: invoice\numzug: zgeln\nankunftszustand: intakt\n','2015-01-30 10:01:39','2015-01-30 10:01:39',NULL),(11,'cgp53z8gzli3lo8qg7cn11','77:9e:93:61:ce:9a-c6:c5:7b:6a:cd:8f-c6:0a:96:3d:ac:28',34,NULL,11,1,NULL,NULL,'2012-09-23','2015-01-30',NULL,NULL,'918.00',0,0,1,0,1,1,NULL,NULL,NULL,NULL,NULL,'--- !ruby/hash:ActiveSupport::HashWithIndifferentAccess\nanschaffungskategorie: AV-Technik\nreference: invoice\numzug: zgeln\nankunftszustand: intakt\n','2015-01-30 10:01:39','2015-01-30 10:01:39',NULL),(12,'pq8rmpj5dv3hpfxwf59912','72:67:05:71:30:f1-eb:cb:68:a8:c1:fa-98:37:06:9c:02:ad',35,NULL,12,1,NULL,NULL,'2013-03-05','2015-01-30',NULL,NULL,'768.00',0,0,1,0,1,1,NULL,NULL,NULL,NULL,NULL,'--- !ruby/hash:ActiveSupport::HashWithIndifferentAccess\nanschaffungskategorie: AV-Technik\nreference: invoice\numzug: zgeln\nankunftszustand: intakt\n','2015-01-30 10:01:39','2015-01-30 10:01:39',NULL),(13,'81snaoybrl5wnyb4026y13','c1:2c:29:1b:a3:5a-a5:96:d9:60:0e:1e-96:9e:e0:59:54:13',36,NULL,13,1,NULL,NULL,'2011-09-12','2015-01-30',NULL,NULL,'446.00',0,0,1,0,1,1,NULL,NULL,NULL,NULL,NULL,'--- !ruby/hash:ActiveSupport::HashWithIndifferentAccess\nanschaffungskategorie: AV-Technik\nreference: invoice\numzug: zgeln\nankunftszustand: intakt\n','2015-01-30 10:01:39','2015-01-30 10:01:39',NULL),(14,'b4n1qv2ecf5ob858wysg14','9a:4e:6b:15:cb:3f-ac:88:98:27:12:67-90:3e:ab:1a:e1:cf',37,NULL,14,1,NULL,NULL,'2014-07-18','2015-01-30',NULL,NULL,'943.00',0,0,1,0,1,1,NULL,NULL,NULL,NULL,NULL,'--- !ruby/hash:ActiveSupport::HashWithIndifferentAccess\nanschaffungskategorie: AV-Technik\nreference: invoice\numzug: zgeln\nankunftszustand: intakt\n','2015-01-30 10:01:39','2015-01-30 10:01:39',NULL),(15,'8z555u5f470vro118dud15','ff:3c:b5:87:38:96-d2:3a:07:8d:af:a4-c0:66:5c:46:d3:aa',38,NULL,15,1,NULL,NULL,'2011-06-06','2015-01-30',NULL,NULL,'1444.00',0,0,1,0,1,1,NULL,NULL,NULL,NULL,NULL,'--- !ruby/hash:ActiveSupport::HashWithIndifferentAccess\nanschaffungskategorie: AV-Technik\nreference: invoice\numzug: zgeln\nankunftszustand: intakt\n','2015-01-30 10:01:39','2015-01-30 10:01:39',NULL),(16,'2g6s6ir8g3nuptgi8qpe16','a3:c5:ff:39:45:1f-75:40:48:11:87:a9-21:36:cb:c7:4d:03',39,NULL,16,1,NULL,NULL,'2012-02-09','2015-01-30',NULL,NULL,'539.00',0,0,1,0,1,1,NULL,NULL,NULL,NULL,NULL,'--- !ruby/hash:ActiveSupport::HashWithIndifferentAccess\nanschaffungskategorie: AV-Technik\nreference: invoice\numzug: zgeln\nankunftszustand: intakt\n','2015-01-30 10:01:39','2015-01-30 10:01:39',NULL),(17,'smhby0gvv8ayargg6sf717','1c:3f:13:01:26:76-04:2f:3e:57:83:43-87:ca:29:af:f6:10',40,NULL,17,1,NULL,NULL,'2013-05-28','2015-01-30',NULL,NULL,'1228.00',0,0,1,0,1,1,NULL,NULL,NULL,NULL,NULL,'--- !ruby/hash:ActiveSupport::HashWithIndifferentAccess\nanschaffungskategorie: AV-Technik\nreference: invoice\numzug: zgeln\nankunftszustand: intakt\n','2015-01-30 10:01:39','2015-01-30 10:01:39',NULL),(18,'ycsoe3mzsfbnmoepcg8a18','6f:c2:b5:df:fc:65-fe:e6:2b:63:36:eb-9f:a8:99:52:bd:28',41,NULL,18,1,NULL,NULL,'2011-05-12','2015-01-30',NULL,NULL,'583.00',0,0,1,0,1,1,NULL,NULL,NULL,NULL,NULL,'--- !ruby/hash:ActiveSupport::HashWithIndifferentAccess\nanschaffungskategorie: AV-Technik\nreference: invoice\numzug: zgeln\nankunftszustand: intakt\n','2015-01-30 10:01:39','2015-01-30 10:01:39',NULL),(19,'kb2sm40cj7shsv56e3il19','2c:9b:54:de:96:08-52:91:68:6a:29:4b-22:38:f3:78:4e:d9',42,NULL,19,1,NULL,NULL,'2012-07-27','2015-01-30',NULL,NULL,'324.00',0,0,1,0,1,1,NULL,NULL,NULL,NULL,NULL,'--- !ruby/hash:ActiveSupport::HashWithIndifferentAccess\nanschaffungskategorie: AV-Technik\nreference: invoice\numzug: zgeln\nankunftszustand: intakt\n','2015-01-30 10:01:39','2015-01-30 10:01:39',NULL),(20,'olixd40e8ym4r2s1c30k20','84:22:bf:54:ff:6d-9c:45:84:da:26:38-d2:6e:67:c7:bb:cb',43,NULL,20,1,NULL,NULL,'2011-12-26','2015-01-30',NULL,NULL,'586.00',0,0,1,0,1,1,NULL,NULL,NULL,NULL,NULL,'--- !ruby/hash:ActiveSupport::HashWithIndifferentAccess\nanschaffungskategorie: AV-Technik\nreference: invoice\numzug: zgeln\nankunftszustand: intakt\n','2015-01-30 10:01:39','2015-01-30 10:01:39',NULL),(21,'eghqfplqf8uzdob2so5o21','02:a0:42:2f:74:7b-2c:a3:40:24:fc:03-44:97:09:39:51:dd',44,NULL,21,1,NULL,NULL,'2014-02-12','2015-01-30',NULL,NULL,'545.00',0,0,1,0,1,1,NULL,NULL,NULL,NULL,NULL,'--- !ruby/hash:ActiveSupport::HashWithIndifferentAccess\nanschaffungskategorie: AV-Technik\nreference: invoice\numzug: zgeln\nankunftszustand: intakt\n','2015-01-30 10:01:39','2015-01-30 10:01:39',NULL),(22,'ofudevjb6ff0qoj6mstc22','f4:37:02:c9:4b:66-2d:eb:a5:ff:9c:78-ee:65:e6:d9:54:d6',45,NULL,22,1,NULL,NULL,'2012-11-23','2015-01-30',NULL,NULL,'272.00',0,0,1,0,1,1,NULL,NULL,NULL,NULL,NULL,'--- !ruby/hash:ActiveSupport::HashWithIndifferentAccess\nanschaffungskategorie: AV-Technik\nreference: invoice\numzug: zgeln\nankunftszustand: intakt\n','2015-01-30 10:01:39','2015-01-30 10:01:39',NULL),(23,'lu4uw0g5px4ic03jkt7c23','09:f3:f0:7a:42:6a-8c:f3:0c:35:22:0e-7b:eb:c1:2b:e8:d6',46,NULL,23,1,NULL,NULL,'2012-09-02','2015-01-30',NULL,NULL,'185.00',0,0,1,0,1,1,NULL,NULL,NULL,NULL,NULL,'--- !ruby/hash:ActiveSupport::HashWithIndifferentAccess\nanschaffungskategorie: AV-Technik\nreference: invoice\numzug: zgeln\nankunftszustand: intakt\n','2015-01-30 10:01:39','2015-01-30 10:01:39',NULL),(24,'ji8shtbk5z1ym1hre11h24','fb:13:30:fe:f8:c5-80:83:39:be:88:95-ec:77:05:7b:ee:24',47,NULL,24,1,NULL,NULL,'2014-02-27','2015-01-30',NULL,NULL,'1237.00',0,0,1,0,1,1,NULL,NULL,NULL,NULL,NULL,'--- !ruby/hash:ActiveSupport::HashWithIndifferentAccess\nanschaffungskategorie: AV-Technik\nreference: invoice\numzug: zgeln\nankunftszustand: intakt\n','2015-01-30 10:01:39','2015-01-30 10:01:39',NULL),(25,'p2815r6cy3oqjuzcu92w25','36:8b:fa:18:78:12-79:5c:d1:08:43:6f-a2:57:af:15:49:22',48,NULL,25,1,NULL,NULL,'2014-11-14','2015-01-30',NULL,NULL,'654.00',0,0,1,0,1,1,NULL,NULL,NULL,NULL,NULL,'--- !ruby/hash:ActiveSupport::HashWithIndifferentAccess\nanschaffungskategorie: AV-Technik\nreference: invoice\numzug: zgeln\nankunftszustand: intakt\n','2015-01-30 10:01:39','2015-01-30 10:01:39',NULL),(26,'wijizy7j35ubeumywsf626','46:8a:72:6e:c8:99-ba:d2:a8:57:76:c9-1b:f0:1a:53:58:1c',49,NULL,26,1,NULL,NULL,'2014-02-17','2015-01-30',NULL,NULL,'370.00',0,0,1,0,1,1,NULL,NULL,NULL,NULL,NULL,'--- !ruby/hash:ActiveSupport::HashWithIndifferentAccess\nanschaffungskategorie: AV-Technik\nreference: invoice\numzug: zgeln\nankunftszustand: intakt\n','2015-01-30 10:01:39','2015-01-30 10:01:39',NULL),(27,'oypw67uexetp1bjd6jbx27','99:d7:73:c7:20:83-d0:fc:25:e2:35:41-fb:24:57:68:60:7c',50,NULL,27,1,NULL,NULL,'2010-05-07','2015-01-30',NULL,NULL,'802.00',0,0,1,0,1,1,NULL,NULL,NULL,NULL,NULL,'--- !ruby/hash:ActiveSupport::HashWithIndifferentAccess\nanschaffungskategorie: AV-Technik\nreference: invoice\numzug: zgeln\nankunftszustand: intakt\n','2015-01-30 10:01:39','2015-01-30 10:01:39',NULL),(28,'h0c2kfkhad8lyevden8028','7b:2b:23:93:bb:e3-fd:05:35:67:4d:3c-8a:2b:9c:75:1b:75',51,NULL,28,1,NULL,NULL,'2013-12-16','2015-01-30',NULL,NULL,'1024.00',0,0,1,0,1,1,NULL,NULL,NULL,NULL,NULL,'--- !ruby/hash:ActiveSupport::HashWithIndifferentAccess\nanschaffungskategorie: AV-Technik\nreference: invoice\numzug: zgeln\nankunftszustand: intakt\n','2015-01-30 10:01:39','2015-01-30 10:01:39',NULL),(29,'io22j9hqkqtxizb4qxle29','2d:94:3f:37:2f:69-34:46:d8:99:1c:4b-75:65:e7:e2:67:35',52,NULL,29,1,NULL,NULL,'2013-10-19','2015-01-30',NULL,NULL,'807.00',0,0,1,0,1,1,NULL,NULL,NULL,NULL,NULL,'--- !ruby/hash:ActiveSupport::HashWithIndifferentAccess\nanschaffungskategorie: AV-Technik\nreference: invoice\numzug: zgeln\nankunftszustand: intakt\n','2015-01-30 10:01:39','2015-01-30 10:01:39',NULL),(30,'044tgh1c0ou0678wclpp30','32:ac:82:ff:14:5a-4d:fb:1f:70:2a:e1-43:02:66:dc:5f:f9',53,NULL,30,1,NULL,NULL,'2014-02-03','2015-01-30',NULL,NULL,'1437.00',0,0,1,0,1,1,NULL,NULL,NULL,NULL,NULL,'--- !ruby/hash:ActiveSupport::HashWithIndifferentAccess\nanschaffungskategorie: AV-Technik\nreference: invoice\numzug: zgeln\nankunftszustand: intakt\n','2015-01-30 10:01:39','2015-01-30 10:01:39',NULL),(31,'it5ffcvf7jlitgisnizh31','bf:fc:99:80:29:ec-c2:0e:cd:36:e1:80-be:22:4d:f4:33:23',54,NULL,31,1,NULL,NULL,'2013-03-02','2015-01-30',NULL,NULL,'679.00',0,0,1,0,1,1,NULL,NULL,NULL,NULL,NULL,'--- !ruby/hash:ActiveSupport::HashWithIndifferentAccess\nanschaffungskategorie: AV-Technik\nreference: invoice\numzug: zgeln\nankunftszustand: intakt\n','2015-01-30 10:01:39','2015-01-30 10:01:39',NULL),(32,'2jiphp5xym9p9z53u2mv32','db:0b:42:60:47:36-24:9b:ad:96:75:3a-ac:ab:fd:16:40:91',55,NULL,32,1,NULL,NULL,'2011-03-22','2015-01-30',NULL,NULL,'314.00',0,0,1,0,1,1,NULL,NULL,NULL,NULL,NULL,'--- !ruby/hash:ActiveSupport::HashWithIndifferentAccess\nanschaffungskategorie: AV-Technik\nreference: invoice\numzug: zgeln\nankunftszustand: intakt\n','2015-01-30 10:01:39','2015-01-30 10:01:39',NULL),(33,'l7o8yw2urfteiugce2pa33','10:37:a4:e6:70:c9-fe:b2:88:aa:a4:20-57:35:ef:97:11:f6',56,NULL,33,1,NULL,NULL,'2012-11-01','2015-01-30',NULL,NULL,'14.00',0,0,1,0,1,1,NULL,NULL,NULL,NULL,NULL,'--- !ruby/hash:ActiveSupport::HashWithIndifferentAccess\nanschaffungskategorie: AV-Technik\nreference: invoice\numzug: zgeln\nankunftszustand: intakt\n','2015-01-30 10:01:39','2015-01-30 10:01:39',NULL),(34,'8ixfnfxz5c9l1et0fdh034','13:25:65:fa:ad:d6-d8:02:b4:08:e2:5e-b6:b5:e9:b7:6e:e2',57,NULL,34,1,NULL,NULL,'2010-01-01','2015-01-30',NULL,NULL,'1292.00',0,0,1,0,1,1,NULL,NULL,NULL,NULL,NULL,'--- !ruby/hash:ActiveSupport::HashWithIndifferentAccess\nanschaffungskategorie: AV-Technik\nreference: invoice\numzug: zgeln\nankunftszustand: intakt\n','2015-01-30 10:01:39','2015-01-30 10:01:39',NULL),(35,'m65k1gg38t67rlwr1x5135','26:91:c1:83:68:01-b4:13:78:29:81:8e-00:f3:d9:c2:49:d0',58,NULL,35,1,NULL,NULL,'2013-03-20','2015-01-30',NULL,NULL,'1275.00',0,0,1,0,1,1,NULL,NULL,NULL,NULL,NULL,'--- !ruby/hash:ActiveSupport::HashWithIndifferentAccess\nanschaffungskategorie: AV-Technik\nreference: invoice\numzug: zgeln\nankunftszustand: intakt\n','2015-01-30 10:01:39','2015-01-30 10:01:39',NULL),(36,'b2rk7eqisectiey5jlos36','c2:f6:17:4e:17:88-99:fb:d7:12:e4:c0-4b:75:24:2a:d4:6d',59,NULL,36,1,NULL,NULL,'2010-12-05','2015-01-30',NULL,NULL,'1425.00',0,0,1,0,1,1,NULL,NULL,NULL,NULL,NULL,'--- !ruby/hash:ActiveSupport::HashWithIndifferentAccess\nanschaffungskategorie: AV-Technik\nreference: invoice\numzug: zgeln\nankunftszustand: intakt\n','2015-01-30 10:01:39','2015-01-30 10:01:39',NULL),(37,'3dsc95w2hx5sr6frv8sp37','3f:4e:0e:84:3a:5d-95:e0:55:ba:25:7f-b9:4c:65:79:68:47',60,NULL,37,1,NULL,NULL,'2010-03-21','2015-01-30',NULL,NULL,'1359.00',0,0,1,0,1,1,NULL,NULL,NULL,NULL,NULL,'--- !ruby/hash:ActiveSupport::HashWithIndifferentAccess\nanschaffungskategorie: AV-Technik\nreference: invoice\numzug: zgeln\nankunftszustand: intakt\n','2015-01-30 10:01:39','2015-01-30 10:01:39',NULL),(38,'ngima6krp6wln0utetxl38','df:fa:40:48:be:64-1e:64:db:31:87:de-ac:59:da:6d:81:4e',61,NULL,38,1,NULL,NULL,'2014-01-27','2015-01-30',NULL,NULL,'668.00',0,0,1,0,1,1,NULL,NULL,NULL,NULL,NULL,'--- !ruby/hash:ActiveSupport::HashWithIndifferentAccess\nanschaffungskategorie: AV-Technik\nreference: invoice\numzug: zgeln\nankunftszustand: intakt\n','2015-01-30 10:01:39','2015-01-30 10:01:39',NULL),(39,'gx0sav7z145ecuyaa47239','ed:34:4b:7b:2f:fc-cf:cb:3d:9f:73:e0-b3:86:e5:d5:2f:4f',62,NULL,39,1,NULL,NULL,'2012-09-01','2015-01-30',NULL,NULL,'1233.00',0,0,1,0,1,1,NULL,NULL,NULL,NULL,NULL,'--- !ruby/hash:ActiveSupport::HashWithIndifferentAccess\nanschaffungskategorie: AV-Technik\nreference: invoice\numzug: zgeln\nankunftszustand: intakt\n','2015-01-30 10:01:39','2015-01-30 10:01:39',NULL),(40,'nwr0f6yt1fl1liocau2j40','05:7e:0d:23:0a:8f-e0:f8:ee:2d:74:a9-b4:d0:d3:a5:e5:e0',63,NULL,40,1,NULL,NULL,'2014-10-28','2015-01-30',NULL,NULL,'1164.00',0,0,1,0,1,1,NULL,NULL,NULL,NULL,NULL,'--- !ruby/hash:ActiveSupport::HashWithIndifferentAccess\nanschaffungskategorie: AV-Technik\nreference: invoice\numzug: zgeln\nankunftszustand: intakt\n','2015-01-30 10:01:39','2015-01-30 10:01:39',NULL),(41,'0bdwggunehrucncu9qjy41','cb:c7:49:f8:a4:a4-07:1c:c0:c8:4e:4e-b5:6a:83:01:56:5b',64,NULL,41,1,NULL,NULL,'2014-05-25','2015-01-30',NULL,NULL,'558.00',0,0,1,0,1,1,NULL,NULL,NULL,NULL,NULL,'--- !ruby/hash:ActiveSupport::HashWithIndifferentAccess\nanschaffungskategorie: AV-Technik\nreference: invoice\numzug: zgeln\nankunftszustand: intakt\n','2015-01-30 10:01:39','2015-01-30 10:01:39',NULL),(42,'wpbbra115k6lx1mpfilk42','95:20:6b:13:ec:84-93:60:58:12:73:d8-d8:99:80:b4:b5:bf',65,NULL,42,1,NULL,NULL,'2012-12-18','2015-01-30',NULL,NULL,'869.00',0,0,1,0,1,1,NULL,NULL,NULL,NULL,NULL,'--- !ruby/hash:ActiveSupport::HashWithIndifferentAccess\nanschaffungskategorie: AV-Technik\nreference: invoice\numzug: zgeln\nankunftszustand: intakt\n','2015-01-30 10:01:39','2015-01-30 10:01:39',NULL),(43,'46p9uiislnwb0qf2ewye43','62:b0:ec:d2:ab:bb-64:30:09:8b:80:2f-4a:c4:f2:9b:ef:a8',66,NULL,43,1,NULL,NULL,'2014-10-23','2015-01-30',NULL,NULL,'734.00',0,0,1,0,1,1,NULL,NULL,NULL,NULL,NULL,'--- !ruby/hash:ActiveSupport::HashWithIndifferentAccess\nanschaffungskategorie: AV-Technik\nreference: invoice\numzug: zgeln\nankunftszustand: intakt\n','2015-01-30 10:01:39','2015-01-30 10:01:39',NULL),(44,'8l949f1qnoowugt58nup44','84:88:ca:6c:09:3c-b3:0f:c6:15:2d:cf-0b:df:3c:b0:f1:aa',67,NULL,44,1,NULL,NULL,'2010-09-18','2015-01-30',NULL,NULL,'1408.00',0,0,1,0,1,1,NULL,NULL,NULL,NULL,NULL,'--- !ruby/hash:ActiveSupport::HashWithIndifferentAccess\nanschaffungskategorie: AV-Technik\nreference: invoice\numzug: zgeln\nankunftszustand: intakt\n','2015-01-30 10:01:39','2015-01-30 10:01:39',NULL),(45,'c0nrhtey32gqn99hg9pz45','b3:1e:68:6a:c7:da-c9:0b:e0:42:05:5f-d3:0e:9f:75:27:d2',68,NULL,45,1,NULL,NULL,'2010-10-10','2015-01-30',NULL,NULL,'1493.00',0,0,1,0,1,1,NULL,NULL,NULL,NULL,NULL,'--- !ruby/hash:ActiveSupport::HashWithIndifferentAccess\nanschaffungskategorie: AV-Technik\nreference: invoice\numzug: zgeln\nankunftszustand: intakt\n','2015-01-30 10:01:39','2015-01-30 10:01:39',NULL),(46,'8xnzvrs0tsz4zndiepuu46','e6:2a:87:21:a6:03-fd:05:e7:04:46:0c-7f:b1:5b:a9:f8:f5',69,NULL,46,1,NULL,NULL,'2013-06-27','2015-01-30',NULL,NULL,'638.00',0,0,1,0,1,1,NULL,NULL,NULL,NULL,NULL,'--- !ruby/hash:ActiveSupport::HashWithIndifferentAccess\nanschaffungskategorie: AV-Technik\nreference: invoice\numzug: zgeln\nankunftszustand: intakt\n','2015-01-30 10:01:39','2015-01-30 10:01:39',NULL),(47,'vqlqnm4y1c284op7vbfi47','87:f1:aa:e2:61:aa-15:5f:94:34:4f:ae-0f:9c:46:98:ad:66',70,NULL,47,1,NULL,NULL,'2012-11-27','2015-01-30',NULL,NULL,'718.00',0,0,1,0,1,1,NULL,NULL,NULL,NULL,NULL,'--- !ruby/hash:ActiveSupport::HashWithIndifferentAccess\nanschaffungskategorie: AV-Technik\nreference: invoice\numzug: zgeln\nankunftszustand: intakt\n','2015-01-30 10:01:39','2015-01-30 10:01:39',NULL),(48,'fo9opb25u758wvcyi3kw48','13:90:20:82:64:f1-18:29:b2:b6:60:17-f7:27:a0:51:46:0f',71,NULL,48,1,NULL,NULL,'2014-06-12','2015-01-30',NULL,NULL,'977.00',0,0,1,0,1,1,NULL,NULL,NULL,NULL,NULL,'--- !ruby/hash:ActiveSupport::HashWithIndifferentAccess\nanschaffungskategorie: AV-Technik\nreference: invoice\numzug: zgeln\nankunftszustand: intakt\n','2015-01-30 10:01:39','2015-01-30 10:01:39',NULL),(49,'boaeirrwz3urlx7lgn4749','14:30:10:8a:8c:c3-91:37:7f:e1:66:ef-67:ab:36:46:d3:81',72,NULL,49,1,NULL,NULL,'2011-12-26','2015-01-30',NULL,NULL,'1246.00',0,0,1,0,1,1,NULL,NULL,NULL,NULL,NULL,'--- !ruby/hash:ActiveSupport::HashWithIndifferentAccess\nanschaffungskategorie: AV-Technik\nreference: invoice\numzug: zgeln\nankunftszustand: intakt\n','2015-01-30 10:01:39','2015-01-30 10:01:39',NULL),(50,'0tq7uvzawjuddb8v1p4l50','67:d1:40:57:e7:5c-68:52:42:bc:e5:a1-cf:82:05:7e:67:f7',73,NULL,50,1,NULL,NULL,'2013-05-25','2015-01-30',NULL,NULL,'194.00',0,0,1,0,1,1,NULL,NULL,NULL,NULL,NULL,'--- !ruby/hash:ActiveSupport::HashWithIndifferentAccess\nanschaffungskategorie: AV-Technik\nreference: invoice\numzug: zgeln\nankunftszustand: intakt\n','2015-01-30 10:01:39','2015-01-30 10:01:39',NULL),(51,'book1','book1',1,1,51,2,NULL,NULL,'2014-03-03','2015-01-30',NULL,NULL,'1233.00',0,0,1,0,2,1,NULL,NULL,NULL,NULL,NULL,'--- !ruby/hash:ActiveSupport::HashWithIndifferentAccess\nanschaffungskategorie: AV-Technik\nreference: invoice\numzug: zgeln\nankunftszustand: intakt\n','2015-01-30 10:01:39','2015-01-30 10:01:39',NULL),(52,'book2','book2',1,1,52,2,NULL,NULL,'2014-05-02','2015-01-30',NULL,NULL,'472.00',0,0,1,0,2,1,NULL,NULL,NULL,NULL,NULL,'--- !ruby/hash:ActiveSupport::HashWithIndifferentAccess\nanschaffungskategorie: AV-Technik\nreference: invoice\numzug: zgeln\nankunftszustand: intakt\n','2015-01-30 10:01:39','2015-01-30 10:01:39',NULL),(53,'beam123','xyz456',2,1,53,1,NULL,NULL,'2013-11-05','2015-01-30',NULL,NULL,'893.00',0,0,1,0,1,1,NULL,NULL,NULL,NULL,NULL,'--- !ruby/hash:ActiveSupport::HashWithIndifferentAccess\nanschaffungskategorie: AV-Technik\nreference: invoice\numzug: zgeln\nankunftszustand: intakt\n','2015-01-30 10:01:39','2015-01-30 10:01:39',NULL),(54,'beam345','xyz890',2,1,54,1,NULL,NULL,'2014-03-27','2015-01-30',NULL,NULL,'68.00',0,0,1,0,1,1,NULL,NULL,NULL,NULL,NULL,'--- !ruby/hash:ActiveSupport::HashWithIndifferentAccess\nanschaffungskategorie: AV-Technik\nreference: invoice\numzug: zgeln\nankunftszustand: intakt\n','2015-01-30 10:01:39','2015-01-30 10:01:39',NULL),(55,'beam678','xyz678',3,1,55,1,NULL,NULL,'2013-07-06','2015-01-30',NULL,NULL,'397.00',0,0,1,0,1,1,NULL,NULL,NULL,NULL,NULL,'--- !ruby/hash:ActiveSupport::HashWithIndifferentAccess\nanschaffungskategorie: AV-Technik\nreference: invoice\numzug: zgeln\nankunftszustand: intakt\n','2015-01-30 10:01:39','2015-01-30 10:01:39',NULL),(56,'beam749','xyz749',2,1,56,1,NULL,NULL,'2011-07-11','2015-01-30',NULL,NULL,'421.00',0,0,1,0,2,1,NULL,NULL,NULL,NULL,NULL,'--- !ruby/hash:ActiveSupport::HashWithIndifferentAccess\nanschaffungskategorie: AV-Technik\nreference: invoice\numzug: zgeln\nankunftszustand: intakt\n','2015-01-30 10:01:39','2015-01-30 10:01:39',NULL),(57,'beamTest123','xyz74912',5,1,57,1,NULL,NULL,'2014-02-15','2015-01-30',NULL,NULL,'1436.00',0,0,1,0,1,1,NULL,NULL,NULL,NULL,NULL,'--- !ruby/hash:ActiveSupport::HashWithIndifferentAccess\nanschaffungskategorie: AV-Technik\nreference: invoice\numzug: zgeln\nankunftszustand: intakt\n','2015-01-30 10:01:39','2015-01-30 10:01:39',NULL),(58,'ucbeam1','minbeam1',6,1,58,1,NULL,NULL,'2012-09-04','2015-01-30',NULL,NULL,'1350.00',0,0,1,0,1,1,NULL,NULL,NULL,'ucbeam1',NULL,'--- !ruby/hash:ActiveSupport::HashWithIndifferentAccess\nanschaffungskategorie: AV-Technik\nreference: invoice\numzug: zgeln\nankunftszustand: intakt\n','2015-01-30 10:01:39','2015-01-30 10:01:39',NULL),(59,'microbeam1','microbeam1',7,1,59,1,NULL,NULL,'2014-11-23','2015-01-30',NULL,NULL,'1034.00',0,0,1,0,1,1,NULL,NULL,NULL,'microbeam1',NULL,'--- !ruby/hash:ActiveSupport::HashWithIndifferentAccess\nanschaffungskategorie: AV-Technik\nreference: invoice\numzug: zgeln\nankunftszustand: intakt\n','2015-01-30 10:01:39','2015-01-30 10:01:39',NULL),(60,'cam123','abc234',8,1,60,1,NULL,NULL,'2012-03-04','2015-01-30',NULL,NULL,'22.00',0,0,1,0,1,1,NULL,NULL,NULL,NULL,NULL,'--- !ruby/hash:ActiveSupport::HashWithIndifferentAccess\nanschaffungskategorie: AV-Technik\nreference: invoice\numzug: zgeln\nankunftszustand: intakt\n','2015-01-30 10:01:39','2015-01-30 10:01:39',NULL),(61,'cam345','ab567',8,1,61,1,NULL,NULL,'2012-08-15','2015-01-30',NULL,NULL,'1146.00',0,0,1,0,1,1,NULL,NULL,NULL,NULL,NULL,'--- !ruby/hash:ActiveSupport::HashWithIndifferentAccess\nanschaffungskategorie: AV-Technik\nreference: invoice\numzug: zgeln\nankunftszustand: intakt\n','2015-01-30 10:01:39','2015-01-30 10:01:39',NULL),(62,'cam567','ab789',8,1,62,1,NULL,NULL,'2010-08-13','2015-01-30',NULL,NULL,'744.00',0,0,1,0,1,1,NULL,NULL,NULL,NULL,NULL,'--- !ruby/hash:ActiveSupport::HashWithIndifferentAccess\nanschaffungskategorie: AV-Technik\nreference: invoice\numzug: zgeln\nankunftszustand: intakt\n','2015-01-30 10:01:39','2015-01-30 10:01:39',NULL),(63,'cam53267','ab782129',8,1,63,1,NULL,NULL,'2011-10-27','2015-01-30',NULL,NULL,'925.00',0,0,1,0,1,1,NULL,NULL,NULL,NULL,NULL,'--- !ruby/hash:ActiveSupport::HashWithIndifferentAccess\nanschaffungskategorie: AV-Technik\nreference: invoice\numzug: zgeln\nankunftszustand: intakt\n','2015-01-30 10:01:39','2015-01-30 10:01:39',NULL),(64,'cam532asd67','ab78as2129',8,1,64,1,NULL,NULL,'2014-05-18','2015-01-30',NULL,NULL,'180.00',0,0,1,0,1,1,NULL,NULL,NULL,NULL,NULL,'--- !ruby/hash:ActiveSupport::HashWithIndifferentAccess\nanschaffungskategorie: AV-Technik\nreference: invoice\numzug: zgeln\nankunftszustand: intakt\n','2015-01-30 10:01:39','2015-01-30 10:01:39',NULL),(65,'tri789','fgh567',9,1,65,1,NULL,NULL,'2010-01-29','2015-01-30',NULL,NULL,'1220.00',0,0,1,0,1,1,NULL,NULL,NULL,NULL,NULL,'--- !ruby/hash:ActiveSupport::HashWithIndifferentAccess\nanschaffungskategorie: AV-Technik\nreference: invoice\numzug: zgeln\nankunftszustand: intakt\n','2015-01-30 10:01:39','2015-01-30 10:01:39',NULL),(66,'tri123','fgh987',9,1,66,1,NULL,NULL,'2014-09-03','2015-01-30',NULL,NULL,'968.00',0,0,1,0,1,1,NULL,NULL,NULL,NULL,NULL,'--- !ruby/hash:ActiveSupport::HashWithIndifferentAccess\nanschaffungskategorie: AV-Technik\nreference: invoice\numzug: zgeln\nankunftszustand: intakt\n','2015-01-30 10:01:39','2015-01-30 10:01:39',NULL),(67,'tri923','asd213',9,1,67,1,NULL,NULL,'2010-02-08','2015-01-30',NULL,NULL,'1083.00',0,0,1,0,1,1,NULL,NULL,NULL,NULL,NULL,'--- !ruby/hash:ActiveSupport::HashWithIndifferentAccess\nanschaffungskategorie: AV-Technik\nreference: invoice\numzug: zgeln\nankunftszustand: intakt\n','2015-01-30 10:01:39','2015-01-30 10:01:39',NULL),(68,'tri212','tri212',9,1,68,1,NULL,NULL,'2013-01-06','2015-01-30',NULL,NULL,'818.00',0,0,1,0,1,1,NULL,NULL,NULL,NULL,NULL,'--- !ruby/hash:ActiveSupport::HashWithIndifferentAccess\nanschaffungskategorie: AV-Technik\nreference: invoice\numzug: zgeln\nankunftszustand: intakt\n','2015-01-30 10:01:39','2015-01-30 10:01:39',NULL),(69,'hifi123','hifi123',10,1,69,1,NULL,NULL,'2013-07-29','2015-01-30',NULL,NULL,'920.00',0,0,1,0,1,1,NULL,NULL,NULL,NULL,NULL,'--- !ruby/hash:ActiveSupport::HashWithIndifferentAccess\nanschaffungskategorie: AV-Technik\nreference: invoice\numzug: zgeln\nankunftszustand: intakt\n','2015-01-30 10:01:39','2015-01-30 10:01:39',NULL),(70,'bose123','bose123',12,1,70,1,NULL,NULL,'2011-01-31','2015-01-30',NULL,NULL,'201.00',0,0,1,0,1,1,NULL,NULL,NULL,NULL,NULL,'--- !ruby/hash:ActiveSupport::HashWithIndifferentAccess\nanschaffungskategorie: AV-Technik\nreference: invoice\numzug: zgeln\nankunftszustand: intakt\n','2015-01-30 10:01:39','2015-01-30 10:01:39',NULL),(71,'cand5','cand5',8,1,71,1,NULL,NULL,'2013-01-07','2015-01-30',NULL,NULL,'959.00',0,0,0,0,1,1,NULL,NULL,NULL,NULL,NULL,'--- !ruby/hash:ActiveSupport::HashWithIndifferentAccess\nanschaffungskategorie: AV-Technik\nreference: invoice\numzug: zgeln\nankunftszustand: intakt\n','2015-01-30 10:01:39','2015-01-30 10:01:39',NULL),(72,'beam21231','beamas12312',2,1,72,1,NULL,NULL,'2012-08-05','2015-01-30',NULL,NULL,'790.00',0,0,0,0,1,1,NULL,NULL,NULL,NULL,NULL,'--- !ruby/hash:ActiveSupport::HashWithIndifferentAccess\nanschaffungskategorie: AV-Technik\nreference: invoice\numzug: zgeln\nankunftszustand: intakt\n','2015-01-30 10:01:39','2015-01-30 10:01:39',NULL),(73,'hifi345','hifi345',10,1,73,1,NULL,NULL,'2010-12-28','2015-01-30',NULL,NULL,'1173.00',0,0,0,0,1,1,NULL,NULL,NULL,NULL,NULL,'--- !ruby/hash:ActiveSupport::HashWithIndifferentAccess\nanschaffungskategorie: AV-Technik\nreference: invoice\numzug: zgeln\nankunftszustand: intakt\n','2015-01-30 10:01:39','2015-01-30 10:01:39',NULL),(74,'wlaptop1','wlaptop1',14,1,74,1,NULL,NULL,'2013-09-08','2015-01-30',NULL,NULL,'1481.00',1,0,1,0,1,1,NULL,NULL,NULL,NULL,NULL,'--- !ruby/hash:ActiveSupport::HashWithIndifferentAccess\nanschaffungskategorie: AV-Technik\nreference: invoice\numzug: zgeln\nankunftszustand: intakt\n','2015-01-30 10:01:39','2015-01-30 10:01:39',NULL),(75,'v120d02','v120d02',15,1,75,1,NULL,NULL,'2014-11-20','2015-01-30',NULL,NULL,'85.00',0,1,1,0,1,1,NULL,NULL,NULL,NULL,NULL,'--- !ruby/hash:ActiveSupport::HashWithIndifferentAccess\nanschaffungskategorie: AV-Technik\nreference: invoice\numzug: zgeln\nankunftszustand: intakt\n','2015-01-30 10:01:39','2015-01-30 10:01:39',NULL),(76,'v120d11','v120d11',15,NULL,76,1,NULL,NULL,'2014-09-04','2015-01-30','2015-01-30','Qui vero cumque et vel dolores aliquam corrupti.','1217.00',1,1,0,0,1,1,NULL,NULL,NULL,NULL,NULL,'--- !ruby/hash:ActiveSupport::HashWithIndifferentAccess\nanschaffungskategorie: AV-Technik\nreference: invoice\numzug: zgeln\nankunftszustand: intakt\n','2015-01-30 10:01:39','2015-01-30 10:01:39',NULL),(77,'v120d022g','v120d022g',16,1,77,1,NULL,NULL,'2013-06-01','2015-01-30',NULL,NULL,'330.00',0,0,1,0,1,1,NULL,NULL,NULL,NULL,NULL,'--- !ruby/hash:ActiveSupport::HashWithIndifferentAccess\nanschaffungskategorie: AV-Technik\nreference: invoice\numzug: zgeln\nankunftszustand: intakt\n','2015-01-30 10:01:39','2015-01-30 10:01:39',NULL),(78,'v120d022g2','v120d022g2',16,1,78,1,NULL,NULL,'2014-09-29','2015-01-30',NULL,NULL,'106.00',0,0,1,0,1,1,NULL,NULL,NULL,NULL,NULL,'--- !ruby/hash:ActiveSupport::HashWithIndifferentAccess\nanschaffungskategorie: AV-Technik\nreference: invoice\numzug: zgeln\nankunftszustand: intakt\n','2015-01-30 10:01:39','2015-01-30 10:01:39',NULL),(79,'iMac1','iMac1',18,1,79,1,NULL,NULL,'2011-01-31','2015-01-30','2015-01-30','This item is gone.','1306.00',0,0,1,0,1,1,NULL,NULL,NULL,NULL,NULL,'--- !ruby/hash:ActiveSupport::HashWithIndifferentAccess\nanschaffungskategorie: AV-Technik\nreference: invoice\numzug: zgeln\nankunftszustand: intakt\n','2015-01-30 10:01:39','2015-01-30 10:01:39',NULL),(80,'iMac2','iMac2',18,1,80,3,NULL,NULL,'2013-09-10','2015-01-30','2015-01-30','This item is gone.','897.00',0,0,1,0,1,1,NULL,NULL,NULL,NULL,NULL,'--- !ruby/hash:ActiveSupport::HashWithIndifferentAccess\nanschaffungskategorie: AV-Technik\nreference: invoice\numzug: zgeln\nankunftszustand: intakt\n','2015-01-30 10:01:39','2015-01-30 10:01:39',NULL),(81,'lpv3yc','lpv3yc',11,1,81,1,NULL,NULL,'2010-07-06','2015-01-30','2015-01-30','This item is gone.','1208.00',0,0,1,0,1,1,NULL,NULL,NULL,NULL,NULL,'--- !ruby/hash:ActiveSupport::HashWithIndifferentAccess\nanschaffungskategorie: AV-Technik\nreference: invoice\numzug: zgeln\nankunftszustand: intakt\n','2015-01-30 10:01:39','2015-01-30 10:01:39',NULL),(82,'6cxjcs','6cxjcs',11,1,82,1,NULL,NULL,'2011-07-15','2015-01-30','2015-01-30','This item is gone.','1373.00',0,0,1,0,1,1,NULL,NULL,NULL,NULL,NULL,'--- !ruby/hash:ActiveSupport::HashWithIndifferentAccess\nanschaffungskategorie: AV-Technik\nreference: invoice\numzug: zgeln\nankunftszustand: intakt\n','2015-01-30 10:01:39','2015-01-30 10:01:39',NULL),(83,'beam897','beam897',2,1,83,2,NULL,NULL,'2013-05-06','2015-01-30',NULL,NULL,'769.00',0,0,1,0,2,1,NULL,NULL,NULL,NULL,NULL,'--- !ruby/hash:ActiveSupport::HashWithIndifferentAccess\nanschaffungskategorie: AV-Technik\nreference: invoice\numzug: zgeln\nankunftszustand: intakt\n','2015-01-30 10:01:39','2015-01-30 10:01:39',NULL),(84,'minibeam12','minibeam12',4,1,84,2,NULL,NULL,'2011-04-02','2015-01-30',NULL,NULL,'1479.00',0,0,1,0,2,1,NULL,NULL,NULL,NULL,NULL,'--- !ruby/hash:ActiveSupport::HashWithIndifferentAccess\nanschaffungskategorie: AV-Technik\nreference: invoice\numzug: zgeln\nankunftszustand: intakt\n','2015-01-30 10:01:39','2015-01-30 10:01:39',NULL),(85,'minibeam34','minibeam34',4,1,85,3,NULL,NULL,'2011-02-21','2015-01-30',NULL,NULL,'1150.00',0,0,1,0,3,1,NULL,NULL,NULL,NULL,NULL,'--- !ruby/hash:ActiveSupport::HashWithIndifferentAccess\nanschaffungskategorie: AV-Technik\nreference: invoice\numzug: zgeln\nankunftszustand: intakt\n','2015-01-30 10:01:39','2015-01-30 10:01:39',NULL),(86,'minibeam56','minibeam56',4,1,86,1,NULL,NULL,'2013-07-11','2015-01-30','2015-01-30','Magnam deleniti non culpa labore et consequatur.','1460.00',0,0,1,0,1,1,NULL,NULL,NULL,NULL,NULL,'--- !ruby/hash:ActiveSupport::HashWithIndifferentAccess\nanschaffungskategorie: AV-Technik\nreference: invoice\numzug: zgeln\nankunftszustand: intakt\n','2015-01-30 10:01:39','2015-01-30 10:01:39',NULL),(87,'minibeam78','minibeam78',4,1,87,2,NULL,NULL,'2014-05-31','2015-01-30',NULL,NULL,'529.00',0,0,1,0,2,1,NULL,NULL,NULL,NULL,NULL,'--- !ruby/hash:ActiveSupport::HashWithIndifferentAccess\nanschaffungskategorie: AV-Technik\nreference: invoice\numzug: zgeln\nankunftszustand: intakt\n','2015-01-30 10:01:39','2015-01-30 10:01:39',NULL),(88,'air123','air123',19,1,88,1,NULL,NULL,'2010-06-15','2015-01-30',NULL,NULL,'1355.00',0,0,1,0,1,1,NULL,NULL,NULL,NULL,NULL,'--- !ruby/hash:ActiveSupport::HashWithIndifferentAccess\nanschaffungskategorie: AV-Technik\nreference: invoice\numzug: zgeln\nankunftszustand: intakt\n','2015-01-30 10:01:39','2015-01-30 10:01:39',NULL),(89,'tp230','tp230',20,1,89,1,NULL,NULL,'2011-05-23','2015-01-30',NULL,NULL,'701.00',0,0,1,0,1,1,NULL,NULL,NULL,NULL,NULL,'--- !ruby/hash:ActiveSupport::HashWithIndifferentAccess\nanschaffungskategorie: AV-Technik\nreference: invoice\numzug: zgeln\nankunftszustand: intakt\n','2015-01-30 10:01:39','2015-01-30 10:01:39',NULL),(90,'tp301','tp301',21,1,90,1,NULL,NULL,'2010-08-15','2015-01-30',NULL,NULL,'1112.00',0,0,1,0,1,1,NULL,NULL,NULL,NULL,NULL,'--- !ruby/hash:ActiveSupport::HashWithIndifferentAccess\nanschaffungskategorie: AV-Technik\nreference: invoice\numzug: zgeln\nankunftszustand: intakt\n','2015-01-30 10:01:39','2015-01-30 10:01:39',NULL),(91,'carbon1','carbon1',22,1,91,1,NULL,NULL,'2012-01-06','2015-01-30',NULL,NULL,'288.00',0,0,1,0,1,1,NULL,NULL,NULL,NULL,NULL,'--- !ruby/hash:ActiveSupport::HashWithIndifferentAccess\nanschaffungskategorie: AV-Technik\nreference: invoice\numzug: zgeln\nankunftszustand: intakt\n','2015-01-30 10:01:39','2015-01-30 10:01:39',NULL),(92,'carbon2','carbon2',22,1,92,1,NULL,NULL,'2013-01-19','2015-01-30',NULL,NULL,'303.00',0,0,1,0,1,1,NULL,NULL,NULL,NULL,NULL,'--- !ruby/hash:ActiveSupport::HashWithIndifferentAccess\nanschaffungskategorie: AV-Technik\nreference: invoice\numzug: zgeln\nankunftszustand: intakt\n','2015-01-30 10:01:39','2015-01-30 10:01:39',NULL),(93,'inspiron1','inspiron1',23,1,93,1,NULL,NULL,'2010-12-07','2015-01-30',NULL,NULL,'796.00',0,0,1,0,1,1,NULL,NULL,NULL,NULL,NULL,'--- !ruby/hash:ActiveSupport::HashWithIndifferentAccess\nanschaffungskategorie: AV-Technik\nreference: invoice\numzug: zgeln\nankunftszustand: intakt\n','2015-01-30 10:01:39','2015-01-30 10:01:39',NULL),(94,'A62',NULL,1,1,94,1,NULL,NULL,'2013-05-17','2015-01-30',NULL,NULL,'222.00',0,0,1,0,2,1,NULL,NULL,NULL,NULL,NULL,'--- !ruby/hash:ActiveSupport::HashWithIndifferentAccess\nanschaffungskategorie: AV-Technik\nreference: invoice\numzug: zgeln\nankunftszustand: intakt\n','2015-01-30 10:01:39','2015-01-30 10:01:39',NULL),(95,'8ijpqyuw8zbf3ynpbabv51','f6:76:f8:27:17:88-31:dc:7b:05:5f:53-da:aa:c6:a6:fb:87',76,NULL,NULL,1,NULL,NULL,NULL,NULL,NULL,NULL,NULL,0,0,1,0,1,0,NULL,NULL,NULL,NULL,NULL,'--- !ruby/hash:ActiveSupport::HashWithIndifferentAccess\nlicense_type: single_workplace\nactivation_type: serial_number\noperating_system:\n- windows\n- linux\ninstallation:\n- citrix\n- web\nprocured_by: Gino Johnston\nreference: invoice\nmaintenance_contract: \'false\'\nmaintenance_currency: CHF\n','2015-01-30 10:01:39','2015-01-30 10:01:39',NULL),(96,'psa3levhb37ohlbwp25c52','45:85:14:14:d1:cb-ae:f4:d0:86:58:fc-70:4a:6c:25:80:68',77,NULL,NULL,1,NULL,NULL,NULL,NULL,NULL,NULL,NULL,0,0,0,0,1,0,NULL,NULL,NULL,NULL,NULL,'--- !ruby/hash:ActiveSupport::HashWithIndifferentAccess\nlicense_type: single_workplace\nactivation_type: serial_number\noperating_system:\n- windows\n- linux\ninstallation:\n- citrix\n- web\nreference: invoice\nmaintenance_contract: \'false\'\nmaintenance_currency: CHF\n','2015-01-30 10:01:39','2015-01-30 10:01:39',NULL),(97,'5fyj1p71za8e9holo8ck53','fb:fa:71:7e:f1:58-70:93:b5:89:65:9b-5b:8d:5c:b2:ff:df',78,NULL,NULL,1,NULL,NULL,NULL,NULL,NULL,NULL,NULL,0,0,1,0,1,0,NULL,NULL,NULL,NULL,NULL,'--- !ruby/hash:ActiveSupport::HashWithIndifferentAccess\nlicense_type: single_workplace\nactivation_type: serial_number\noperating_system:\n- windows\n- linux\ninstallation:\n- citrix\n- web\nreference: invoice\nmaintenance_contract: \'false\'\nmaintenance_currency: CHF\n','2015-01-30 10:01:39','2015-01-30 10:01:39',NULL),(98,'m4mod2gl9rknp4wxr8sh54','97:ea:d0:9b:ef:cf-a3:ce:9c:96:e4:1f-2e:2d:89:e0:0b:1f',79,NULL,NULL,1,NULL,NULL,NULL,NULL,NULL,NULL,NULL,0,0,0,0,1,0,NULL,NULL,NULL,NULL,NULL,'--- !ruby/hash:ActiveSupport::HashWithIndifferentAccess\nlicense_type: single_workplace\nactivation_type: serial_number\noperating_system:\n- windows\n- linux\ninstallation:\n- citrix\n- web\nreference: invoice\nmaintenance_contract: \'false\'\nmaintenance_currency: CHF\n','2015-01-30 10:01:39','2015-01-30 10:01:39',NULL),(99,'fq2zfw5ufcvzb2g8yx4o55','ff:22:f9:b0:32:4b-d7:d4:4e:b3:fb:4f-96:95:b2:05:56:29',80,NULL,NULL,1,NULL,NULL,NULL,NULL,NULL,NULL,NULL,0,0,0,0,1,0,NULL,NULL,NULL,NULL,NULL,'--- !ruby/hash:ActiveSupport::HashWithIndifferentAccess\nlicense_type: single_workplace\nactivation_type: serial_number\noperating_system:\n- windows\n- linux\ninstallation:\n- citrix\n- web\nprocured_by: Normin Normalo\nreference: invoice\nmaintenance_contract: \'false\'\nmaintenance_currency: CHF\n','2015-01-30 10:01:39','2015-01-30 10:01:39',NULL),(100,'5c8hmmepcneu5oj1cy4y56','51:db:a4:b8:4e:03-69:a3:7c:e2:c4:93-6e:35:9d:ca:28:46',81,NULL,NULL,1,NULL,NULL,NULL,NULL,NULL,NULL,NULL,0,0,0,0,1,0,NULL,NULL,NULL,NULL,NULL,'--- !ruby/hash:ActiveSupport::HashWithIndifferentAccess\nlicense_type: single_workplace\nactivation_type: serial_number\noperating_system:\n- windows\n- linux\ninstallation:\n- citrix\n- web\nreference: invoice\nmaintenance_contract: \'false\'\nmaintenance_currency: CHF\n','2015-01-30 10:01:39','2015-01-30 10:01:39',NULL),(101,'A63','ce:3c:d6:3a:23:66-07:75:83:23:33:ee-03:67:82:77:15:60',82,NULL,NULL,1,NULL,NULL,NULL,NULL,NULL,NULL,NULL,0,0,0,0,2,0,NULL,NULL,NULL,NULL,NULL,'--- !ruby/hash:ActiveSupport::HashWithIndifferentAccess\nreference: invoice\nactivation_type: none\nlicense_type: free\nmaintenance_contract: \'false\'\nmaintenance_currency: CHF\n','2015-01-30 10:01:39','2015-01-30 10:01:39',NULL),(102,'A64','f0:14:de:de:12:02-c9:7e:eb:7e:56:36-34:12:97:73:16:ae',83,NULL,NULL,1,NULL,NULL,NULL,NULL,'2015-01-30','Voluptas vero est tempore odit.',NULL,0,0,1,0,1,0,NULL,NULL,NULL,NULL,NULL,'--- !ruby/hash:ActiveSupport::HashWithIndifferentAccess\nreference: invoice\nactivation_type: none\nlicense_type: free\nmaintenance_contract: \'false\'\nmaintenance_currency: CHF\n','2015-01-30 10:01:39','2015-01-30 10:01:39',NULL),(103,'IT17','87:bd:91:1e:d9:15-2a:db:f1:7e:61:b1-31:be:d5:3a:ac:e7',84,NULL,NULL,2,NULL,NULL,NULL,NULL,'2015-01-30','Aut molestiae praesentium rerum est iusto voluptates nulla.',NULL,0,0,0,0,1,0,NULL,NULL,NULL,NULL,NULL,'--- !ruby/hash:ActiveSupport::HashWithIndifferentAccess\nreference: invoice\nactivation_type: none\nlicense_type: free\nmaintenance_contract: \'false\'\nmaintenance_currency: CHF\n','2015-01-30 10:01:39','2015-01-30 10:01:39',NULL),(104,'IT26','6d:e5:84:90:6a:e0-00:0e:e1:0d:6d:da-86:31:a0:95:3c:db',85,NULL,NULL,2,NULL,NULL,NULL,NULL,NULL,NULL,NULL,0,0,1,0,2,0,NULL,NULL,NULL,NULL,NULL,'--- !ruby/hash:ActiveSupport::HashWithIndifferentAccess\nreference: invoice\nactivation_type: none\nlicense_type: free\nmaintenance_contract: \'false\'\nmaintenance_currency: CHF\n','2015-01-30 10:01:39','2015-01-30 10:01:39',NULL),(105,'A65','61:27:a3:c9:80:af-ba:08:45:6c:9d:ed-d0:a6:56:10:15:e8',86,NULL,NULL,1,NULL,NULL,'2015-01-30',NULL,NULL,NULL,NULL,0,0,0,0,1,0,NULL,NULL,NULL,NULL,NULL,'--- !ruby/hash:ActiveSupport::HashWithIndifferentAccess\nlicense_expiration: \'2015-01-30\'\nmaintenance_contract: \'true\'\nmaintenance_expiration: \'2015-01-30\'\nreference: invoice\nactivation_type: none\nlicense_type: free\nmaintenance_currency: CHF\n','2015-01-30 10:01:39','2015-01-30 10:01:39',NULL),(106,'acrobat123','27:a4:10:41:15:2b-3b:78:4e:e5:19:72-ea:76:31:f8:69:e7',74,NULL,NULL,1,NULL,NULL,NULL,NULL,NULL,NULL,NULL,0,0,0,0,1,0,NULL,NULL,NULL,NULL,NULL,'--- !ruby/hash:ActiveSupport::HashWithIndifferentAccess\nreference: invoice\nactivation_type: none\nlicense_type: free\nmaintenance_contract: \'false\'\nmaintenance_currency: CHF\nquantity_allocations:\n- :room: vel\n  :quantity: \'16\'\n- :room: qui\n  :quantity: \'48\'\n','2015-01-30 10:01:39','2015-01-30 10:01:39',NULL),(107,'msword123','7e:f7:6d:e0:6c:74-3d:20:df:f2:7b:ce-43:5c:96:ed:55:16',87,NULL,NULL,1,NULL,NULL,NULL,NULL,NULL,NULL,NULL,0,0,1,0,1,0,NULL,NULL,NULL,NULL,NULL,'--- !ruby/hash:ActiveSupport::HashWithIndifferentAccess\nlicense_type: multiple_workplace\noperating_system:\n- windows\nreference: invoice\nactivation_type: none\nmaintenance_contract: \'false\'\nmaintenance_currency: CHF\nquantity_allocations:\n- :room: perferendis\n  :quantity: \'45\'\n- :room: sapiente\n  :quantity: \'15\'\n','2015-01-30 10:01:39','2015-01-30 10:01:39',NULL),(108,'lic111','21:d8:bb:27:c6:34-d9:3f:dd:9a:8a:17-aa:81:b7:d6:4e:a1',88,NULL,NULL,1,NULL,NULL,NULL,NULL,NULL,NULL,NULL,0,0,1,0,2,0,NULL,NULL,NULL,NULL,NULL,'--- !ruby/hash:ActiveSupport::HashWithIndifferentAccess\nlicense_type: multiple_workplace\noperating_system:\n- linux\n- mac_os_x\nreference: invoice\nactivation_type: none\nmaintenance_contract: \'false\'\nmaintenance_currency: CHF\n','2015-01-30 10:01:39','2015-01-30 10:01:39',NULL),(109,'A66','d2:a6:ec:5b:a0:98-fb:53:3a:00:1d:0d-09:9e:2e:89:bf:c5',89,NULL,NULL,1,NULL,NULL,NULL,NULL,NULL,NULL,NULL,0,0,0,0,1,0,NULL,NULL,NULL,NULL,NULL,'--- !ruby/hash:ActiveSupport::HashWithIndifferentAccess\nlicense_type: multiple_workplace\noperating_system:\n- linux\nreference: invoice\nactivation_type: none\nmaintenance_contract: \'false\'\nmaintenance_currency: CHF\n','2015-01-30 10:01:39','2015-01-30 10:01:39',NULL),(110,'0d2goai1ttqbcusi6eug57','8b:2e:d1:ed:bf:6d-74:21:12:cf:c7:4d-3e:6f:a5:01:8b:ae',90,3,95,1,NULL,NULL,'2013-10-23','2015-01-30',NULL,NULL,'118.00',0,0,1,0,1,1,NULL,NULL,NULL,NULL,NULL,'--- !ruby/hash:ActiveSupport::HashWithIndifferentAccess\nanschaffungskategorie: AV-Technik\nreference: invoice\numzug: zgeln\nankunftszustand: intakt\n','2015-01-30 10:01:39','2015-01-30 10:01:39',NULL),(111,'9yaor0gcwtwo5gbj3nvr58','c3:0f:b6:97:74:a4-54:75:c7:16:5d:b0-65:b1:77:80:51:4c',91,3,96,1,110,NULL,'2014-09-22','2015-01-30',NULL,NULL,'353.00',0,0,1,0,1,1,NULL,NULL,NULL,NULL,NULL,'--- !ruby/hash:ActiveSupport::HashWithIndifferentAccess\nanschaffungskategorie: AV-Technik\nreference: invoice\numzug: zgeln\nankunftszustand: intakt\n','2015-01-30 10:01:39','2015-01-30 10:01:39',NULL),(112,'xc6em67li9ivl6n9prp259','79:dc:fb:2b:40:b1-30:41:c5:a7:cd:c1-24:d9:47:ab:f8:fb',92,3,97,1,110,NULL,'2011-05-20','2015-01-30',NULL,NULL,'540.00',0,0,1,0,1,1,NULL,NULL,NULL,NULL,NULL,'--- !ruby/hash:ActiveSupport::HashWithIndifferentAccess\nanschaffungskategorie: AV-Technik\nreference: invoice\numzug: zgeln\nankunftszustand: intakt\n','2015-01-30 10:01:39','2015-01-30 10:01:39',NULL),(113,'9kikpwmxgvo8fxh1n8bl60','62:dc:a9:35:b2:1b-c0:4a:ae:a6:27:db-d6:5e:9c:0c:01:42',93,3,98,1,110,NULL,'2013-03-30','2015-01-30',NULL,NULL,'869.00',0,0,1,0,1,1,NULL,NULL,NULL,NULL,NULL,'--- !ruby/hash:ActiveSupport::HashWithIndifferentAccess\nanschaffungskategorie: AV-Technik\nreference: invoice\numzug: zgeln\nankunftszustand: intakt\n','2015-01-30 10:01:39','2015-01-30 10:01:39',NULL),(114,'qdrf2x0urivtoi543prz61','b4:fc:a0:a9:12:c1-2b:e4:96:28:4c:04-c1:95:aa:c5:ee:b0',90,7,99,1,NULL,NULL,'2013-05-02','2015-01-30',NULL,NULL,'157.00',0,0,1,0,1,1,NULL,NULL,NULL,NULL,NULL,'--- !ruby/hash:ActiveSupport::HashWithIndifferentAccess\nanschaffungskategorie: AV-Technik\nreference: invoice\numzug: zgeln\nankunftszustand: intakt\n','2015-01-30 10:01:39','2015-01-30 10:01:39',NULL),(115,'hfz6jv7ld8d9amf5ye1k62','db:70:f5:8e:41:02-3b:1f:36:d6:c4:34-ac:bd:ca:71:df:d2',94,7,100,1,114,NULL,'2014-04-29','2015-01-30',NULL,NULL,'80.00',0,0,1,0,1,1,NULL,NULL,NULL,NULL,NULL,'--- !ruby/hash:ActiveSupport::HashWithIndifferentAccess\nanschaffungskategorie: AV-Technik\nreference: invoice\numzug: zgeln\nankunftszustand: intakt\n','2015-01-30 10:01:39','2015-01-30 10:01:39',NULL),(116,'7jx9h8lajpz7lk3ezbg163','a0:94:69:90:30:0c-59:7e:95:bd:ec:5a-52:90:b9:5f:e9:2a',95,7,101,1,114,NULL,'2012-05-18','2015-01-30',NULL,NULL,'952.00',0,0,1,0,1,1,NULL,NULL,NULL,NULL,NULL,'--- !ruby/hash:ActiveSupport::HashWithIndifferentAccess\nanschaffungskategorie: AV-Technik\nreference: invoice\numzug: zgeln\nankunftszustand: intakt\n','2015-01-30 10:01:39','2015-01-30 10:01:39',NULL),(117,'w5uexevnlrrb572vot9h64','3b:ad:c2:44:3b:d7-a1:78:f6:5d:3c:9c-d4:0f:10:36:d9:25',96,7,102,1,114,NULL,'2012-11-03','2015-01-30',NULL,NULL,'1354.00',0,0,1,0,1,1,NULL,NULL,NULL,NULL,NULL,'--- !ruby/hash:ActiveSupport::HashWithIndifferentAccess\nanschaffungskategorie: AV-Technik\nreference: invoice\numzug: zgeln\nankunftszustand: intakt\n','2015-01-30 10:01:39','2015-01-30 10:01:39',NULL),(118,'uj8m87786k8hq6axaqxe65','69:06:24:c8:3c:a2-82:d1:0d:8d:90:59-8d:9b:60:f1:2f:76',90,11,103,1,NULL,NULL,'2011-08-24','2015-01-30',NULL,NULL,'466.00',0,0,1,0,1,1,NULL,NULL,NULL,NULL,NULL,'--- !ruby/hash:ActiveSupport::HashWithIndifferentAccess\nanschaffungskategorie: AV-Technik\nreference: invoice\numzug: zgeln\nankunftszustand: intakt\n','2015-01-30 10:01:39','2015-01-30 10:01:39',NULL),(119,'t8608d0nbemrtxalxk3h66','b8:3c:4a:ff:93:06-ed:2f:fb:9f:8f:76-c3:df:a0:fd:fa:af',97,11,104,1,118,NULL,'2012-10-16','2015-01-30',NULL,NULL,'1411.00',0,0,1,0,1,1,NULL,NULL,NULL,NULL,NULL,'--- !ruby/hash:ActiveSupport::HashWithIndifferentAccess\nanschaffungskategorie: AV-Technik\nreference: invoice\numzug: zgeln\nankunftszustand: intakt\n','2015-01-30 10:01:39','2015-01-30 10:01:39',NULL),(120,'j2ahlpk9kmx53xnbxsc767','4a:35:17:df:6b:90-7a:b0:86:de:ac:6c-f3:d0:25:ce:b0:66',98,11,105,1,118,NULL,'2014-07-01','2015-01-30',NULL,NULL,'60.00',0,0,1,0,1,1,NULL,NULL,NULL,NULL,NULL,'--- !ruby/hash:ActiveSupport::HashWithIndifferentAccess\nanschaffungskategorie: AV-Technik\nreference: invoice\numzug: zgeln\nankunftszustand: intakt\n','2015-01-30 10:01:39','2015-01-30 10:01:39',NULL),(121,'6vzk656wyhiaw9oouj4z68','65:4d:d1:47:ec:ac-3a:17:ae:b5:ca:53-00:31:f6:ef:e6:03',99,11,106,1,118,NULL,'2011-08-11','2015-01-30',NULL,NULL,'1166.00',0,0,1,0,1,1,NULL,NULL,NULL,NULL,NULL,'--- !ruby/hash:ActiveSupport::HashWithIndifferentAccess\nanschaffungskategorie: AV-Technik\nreference: invoice\numzug: zgeln\nankunftszustand: intakt\n','2015-01-30 10:01:39','2015-01-30 10:01:39',NULL),(122,'vdj57j0cqhv8tns45qg669','d4:d7:c5:4a:5d:da-26:99:35:1c:aa:b2-0e:bb:f6:25:39:30',90,15,107,2,NULL,NULL,'2010-01-25','2015-01-30',NULL,NULL,'774.00',0,0,1,0,2,1,NULL,NULL,NULL,NULL,NULL,'--- !ruby/hash:ActiveSupport::HashWithIndifferentAccess\nanschaffungskategorie: AV-Technik\nreference: invoice\numzug: zgeln\nankunftszustand: intakt\n','2015-01-30 10:01:39','2015-01-30 10:01:39',NULL),(123,'w9rznmpgqbt1p6gljj5p70','55:53:af:76:04:ca-a0:67:ac:f1:b4:71-7a:c7:0f:88:77:0e',100,15,108,2,122,NULL,'2011-01-16','2015-01-30',NULL,NULL,'1293.00',0,0,1,0,2,1,NULL,NULL,NULL,NULL,NULL,'--- !ruby/hash:ActiveSupport::HashWithIndifferentAccess\nanschaffungskategorie: AV-Technik\nreference: invoice\numzug: zgeln\nankunftszustand: intakt\n','2015-01-30 10:01:39','2015-01-30 10:01:39',NULL),(124,'ndzl46i7l5lgjz3ol39e71','ea:97:74:83:0e:44-d5:ac:ae:f8:58:13-ca:3e:a5:fe:97:00',101,15,109,2,122,NULL,'2010-09-03','2015-01-30',NULL,NULL,'1319.00',0,0,1,0,2,1,NULL,NULL,NULL,NULL,NULL,'--- !ruby/hash:ActiveSupport::HashWithIndifferentAccess\nanschaffungskategorie: AV-Technik\nreference: invoice\numzug: zgeln\nankunftszustand: intakt\n','2015-01-30 10:01:39','2015-01-30 10:01:39',NULL),(125,'1wt66bbfo2woxqrgg0o872','2f:75:eb:a9:d7:b8-5c:52:4c:f9:99:78-83:8e:63:2e:9c:f7',102,15,110,2,122,NULL,'2014-08-22','2015-01-30',NULL,NULL,'140.00',0,0,1,0,2,1,NULL,NULL,NULL,NULL,NULL,'--- !ruby/hash:ActiveSupport::HashWithIndifferentAccess\nanschaffungskategorie: AV-Technik\nreference: invoice\numzug: zgeln\nankunftszustand: intakt\n','2015-01-30 10:01:39','2015-01-30 10:01:39',NULL),(126,'fq6808aywkc1j4ro8xad73','0d:54:44:f9:19:61-99:6c:8b:08:f9:39-19:4d:88:ac:a0:69',103,19,111,1,NULL,NULL,'2014-09-27','2015-01-30',NULL,NULL,'22.00',0,0,1,0,1,1,NULL,NULL,NULL,NULL,NULL,'--- !ruby/hash:ActiveSupport::HashWithIndifferentAccess\nanschaffungskategorie: AV-Technik\nreference: invoice\numzug: zgeln\nankunftszustand: intakt\n','2015-01-30 10:01:39','2015-01-30 10:01:39',NULL),(127,'xa134ajcwtaauulwipoo74','1d:69:e3:00:8b:44-86:ea:01:12:c0:97-d8:2f:dd:70:b4:0b',104,19,112,1,126,NULL,'2010-09-28','2015-01-30',NULL,NULL,'1479.00',0,0,1,0,1,1,NULL,NULL,NULL,NULL,NULL,'--- !ruby/hash:ActiveSupport::HashWithIndifferentAccess\nanschaffungskategorie: AV-Technik\nreference: invoice\numzug: zgeln\nankunftszustand: intakt\n','2015-01-30 10:01:39','2015-01-30 10:01:39',NULL),(128,'ydhymxpjqrm4sz8zbzve75','73:fb:31:5e:c4:c2-ad:f4:45:a2:6f:ad-00:a7:88:db:d7:b3',105,19,113,1,126,NULL,'2013-03-13','2015-01-30',NULL,NULL,'425.00',0,0,1,0,1,1,NULL,NULL,NULL,NULL,NULL,'--- !ruby/hash:ActiveSupport::HashWithIndifferentAccess\nanschaffungskategorie: AV-Technik\nreference: invoice\numzug: zgeln\nankunftszustand: intakt\n','2015-01-30 10:01:39','2015-01-30 10:01:39',NULL),(129,'1htb5eo33w45sbbkw55v76','c0:0f:35:a9:48:84-dc:c2:b6:e8:8c:d5-dd:fe:30:01:0c:16',106,19,114,1,126,NULL,'2011-04-25','2015-01-30',NULL,NULL,'42.00',0,0,1,0,1,1,NULL,NULL,NULL,NULL,NULL,'--- !ruby/hash:ActiveSupport::HashWithIndifferentAccess\nanschaffungskategorie: AV-Technik\nreference: invoice\numzug: zgeln\nankunftszustand: intakt\n','2015-01-30 10:01:39','2015-01-30 10:01:39',NULL),(130,'3mfh580kobhu5yos5m4k77','86:50:45:ae:88:04-46:97:3a:ed:31:51-c0:87:7e:51:ba:7d',103,23,115,1,NULL,NULL,'2011-10-25','2015-01-30',NULL,NULL,'1267.00',0,0,1,0,1,1,NULL,NULL,NULL,NULL,NULL,'--- !ruby/hash:ActiveSupport::HashWithIndifferentAccess\nanschaffungskategorie: AV-Technik\nreference: invoice\numzug: zgeln\nankunftszustand: intakt\n','2015-01-30 10:01:39','2015-01-30 10:01:39',NULL),(131,'nadm1pu609u5f6px5k8g78','fe:e9:03:a2:86:65-e1:15:f2:98:11:3c-f9:08:20:7d:52:2c',107,23,116,1,130,NULL,'2013-06-28','2015-01-30',NULL,NULL,'140.00',0,0,1,0,1,1,NULL,NULL,NULL,NULL,NULL,'--- !ruby/hash:ActiveSupport::HashWithIndifferentAccess\nanschaffungskategorie: AV-Technik\nreference: invoice\numzug: zgeln\nankunftszustand: intakt\n','2015-01-30 10:01:39','2015-01-30 10:01:39',NULL),(132,'q6dwrutjzz10ledovmls79','f8:7e:4e:34:c5:67-6f:98:8b:df:bc:08-58:94:b4:bf:17:e2',108,23,117,1,130,NULL,'2012-07-06','2015-01-30',NULL,NULL,'1448.00',0,0,1,0,1,1,NULL,NULL,NULL,NULL,NULL,'--- !ruby/hash:ActiveSupport::HashWithIndifferentAccess\nanschaffungskategorie: AV-Technik\nreference: invoice\numzug: zgeln\nankunftszustand: intakt\n','2015-01-30 10:01:39','2015-01-30 10:01:39',NULL),(133,'mih9q7gdkantgymue61e80','54:a2:7d:a2:66:76-08:85:f3:1e:37:13-2a:a5:9e:0f:7e:a5',109,23,118,1,130,NULL,'2013-02-20','2015-01-30',NULL,NULL,'634.00',0,0,1,0,1,1,NULL,NULL,NULL,NULL,NULL,'--- !ruby/hash:ActiveSupport::HashWithIndifferentAccess\nanschaffungskategorie: AV-Technik\nreference: invoice\numzug: zgeln\nankunftszustand: intakt\n','2015-01-30 10:01:39','2015-01-30 10:01:39',NULL),(134,'ccw2jgp8ubpcofxo9ifs81','c8:f9:a3:c2:ab:1f-c9:6d:8f:dd:f4:ce-c9:d7:9b:3f:21:bb',103,27,119,1,NULL,NULL,'2011-11-07','2015-01-30',NULL,NULL,'488.00',0,0,1,0,1,1,NULL,NULL,NULL,NULL,NULL,'--- !ruby/hash:ActiveSupport::HashWithIndifferentAccess\nanschaffungskategorie: AV-Technik\nreference: invoice\numzug: zgeln\nankunftszustand: intakt\n','2015-01-30 10:01:39','2015-01-30 10:01:39',NULL),(135,'dyenh9x5ooc19qeqmkrs82','24:57:1b:3d:37:3b-b2:c0:76:45:b9:1f-8b:4a:6f:d8:ab:c7',110,27,120,1,134,NULL,'2011-01-18','2015-01-30',NULL,NULL,'1080.00',0,0,1,0,1,1,NULL,NULL,NULL,NULL,NULL,'--- !ruby/hash:ActiveSupport::HashWithIndifferentAccess\nanschaffungskategorie: AV-Technik\nreference: invoice\numzug: zgeln\nankunftszustand: intakt\n','2015-01-30 10:01:39','2015-01-30 10:01:39',NULL),(136,'yresdhld10aklgx6w95z83','18:b8:ef:5e:e1:29-bf:1b:10:0a:9a:d1-6c:6c:e6:07:bc:36',111,27,121,1,134,NULL,'2014-08-19','2015-01-30',NULL,NULL,'637.00',0,0,1,0,1,1,NULL,NULL,NULL,NULL,NULL,'--- !ruby/hash:ActiveSupport::HashWithIndifferentAccess\nanschaffungskategorie: AV-Technik\nreference: invoice\numzug: zgeln\nankunftszustand: intakt\n','2015-01-30 10:01:39','2015-01-30 10:01:39',NULL),(137,'43qvckwp5ytp2et98ks284','03:27:9f:f1:b9:13-37:1e:74:a3:cc:72-a7:df:ba:a8:eb:51',112,27,122,1,134,NULL,'2013-10-01','2015-01-30',NULL,NULL,'585.00',0,0,1,0,1,1,NULL,NULL,NULL,NULL,NULL,'--- !ruby/hash:ActiveSupport::HashWithIndifferentAccess\nanschaffungskategorie: AV-Technik\nreference: invoice\numzug: zgeln\nankunftszustand: intakt\n','2015-01-30 10:01:39','2015-01-30 10:01:39',NULL),(138,'ke1oi5g6twped3no5zxa85','05:e3:61:8a:e9:37-e9:3a:22:a7:fd:d1-91:4a:f0:e6:88:96',113,31,123,5,NULL,NULL,'2011-08-12','2015-01-30',NULL,NULL,'1064.00',0,0,1,0,7,1,NULL,NULL,NULL,NULL,NULL,'--- !ruby/hash:ActiveSupport::HashWithIndifferentAccess\nanschaffungskategorie: AV-Technik\nreference: invoice\numzug: zgeln\nankunftszustand: intakt\n','2015-01-30 10:01:39','2015-01-30 10:01:39',NULL),(139,'81xv9unj0mxj7gnlmeol86','23:c1:10:bf:ae:97-4b:93:1f:5d:71:4b-dc:79:6a:de:43:db',113,32,124,2,NULL,NULL,'2013-10-20','2015-01-30',NULL,NULL,'1388.00',0,0,1,0,7,1,NULL,NULL,NULL,NULL,NULL,'--- !ruby/hash:ActiveSupport::HashWithIndifferentAccess\nanschaffungskategorie: AV-Technik\nreference: invoice\numzug: zgeln\nankunftszustand: intakt\n','2015-01-30 10:01:39','2015-01-30 10:01:39',NULL),(140,'x8r766eyif84migkrwke87','d4:e1:c2:21:64:a0-80:be:7f:f9:c8:fb-60:ca:36:8c:a6:c2',113,33,125,4,NULL,NULL,'2011-12-26','2015-01-30',NULL,NULL,'895.00',0,0,1,0,7,1,NULL,NULL,NULL,NULL,NULL,'--- !ruby/hash:ActiveSupport::HashWithIndifferentAccess\nanschaffungskategorie: AV-Technik\nreference: invoice\numzug: zgeln\nankunftszustand: intakt\n','2015-01-30 10:01:39','2015-01-30 10:01:39',NULL),(141,'qsvykqtnywszfkebh7tu88','d4:28:a5:e6:ba:ac-61:dc:45:26:42:48-e0:d7:9d:41:9f:9f',117,34,126,8,NULL,NULL,'2010-06-22','2015-01-30',NULL,NULL,'1079.00',0,0,1,0,7,1,NULL,NULL,NULL,NULL,NULL,'--- !ruby/hash:ActiveSupport::HashWithIndifferentAccess\nanschaffungskategorie: AV-Technik\nreference: invoice\numzug: zgeln\nankunftszustand: intakt\n','2015-01-30 10:01:39','2015-01-30 10:01:39',NULL),(142,'mqnfq9g9m8lokxops3f489','d4:cf:7c:f8:f8:41-51:bf:86:d9:c0:dd-b1:35:fd:2f:62:df',117,35,127,9,NULL,NULL,'2014-07-18','2015-01-30',NULL,NULL,'710.00',0,0,1,0,7,1,NULL,NULL,NULL,NULL,NULL,'--- !ruby/hash:ActiveSupport::HashWithIndifferentAccess\nanschaffungskategorie: AV-Technik\nreference: invoice\numzug: zgeln\nankunftszustand: intakt\n','2015-01-30 10:01:39','2015-01-30 10:01:39',NULL),(143,'mu0cyk8bv6281nlip98o90','1e:ba:b8:5d:24:c8-c8:21:e3:95:db:d7-f5:3c:31:3b:23:64',117,36,128,2,NULL,NULL,'2014-03-01','2015-01-30',NULL,NULL,'1035.00',0,0,1,0,7,1,NULL,NULL,NULL,NULL,NULL,'--- !ruby/hash:ActiveSupport::HashWithIndifferentAccess\nanschaffungskategorie: AV-Technik\nreference: invoice\numzug: zgeln\nankunftszustand: intakt\n','2015-01-30 10:01:39','2015-01-30 10:01:39',NULL),(144,'4i3eexrwjq729e9mwx1e91','31:b7:e6:df:7f:49-ba:9d:dc:11:8f:73-cb:bf:6e:14:41:f5',121,37,129,2,NULL,NULL,'2010-12-09','2015-01-30',NULL,NULL,'982.00',0,0,1,0,7,1,NULL,NULL,NULL,NULL,NULL,'--- !ruby/hash:ActiveSupport::HashWithIndifferentAccess\nanschaffungskategorie: AV-Technik\nreference: invoice\numzug: zgeln\nankunftszustand: intakt\n','2015-01-30 10:01:39','2015-01-30 10:01:39',NULL),(145,'dazwzxw0kibwj2694qi892','58:a4:ec:f7:98:ee-cc:df:23:10:f3:64-f2:08:5c:19:d9:5b',121,38,130,10,NULL,NULL,'2010-05-20','2015-01-30',NULL,NULL,'553.00',0,0,1,0,7,1,NULL,NULL,NULL,NULL,NULL,'--- !ruby/hash:ActiveSupport::HashWithIndifferentAccess\nanschaffungskategorie: AV-Technik\nreference: invoice\numzug: zgeln\nankunftszustand: intakt\n','2015-01-30 10:01:39','2015-01-30 10:01:39',NULL),(146,'urpz6wpamghhypqmpjgj93','63:56:8b:da:f6:f6-65:ea:91:63:98:3f-6f:39:ff:ee:8f:49',121,39,131,3,NULL,NULL,'2011-11-15','2015-01-30',NULL,NULL,'546.00',0,0,1,0,7,1,NULL,NULL,NULL,NULL,NULL,'--- !ruby/hash:ActiveSupport::HashWithIndifferentAccess\nanschaffungskategorie: AV-Technik\nreference: invoice\numzug: zgeln\nankunftszustand: intakt\n','2015-01-30 10:01:39','2015-01-30 10:01:39',NULL),(147,'jwjvlrgdcop3z3pm826v94','da:98:fc:81:9a:2d-ff:16:13:49:14:a2-e7:ba:fe:18:62:56',125,40,132,3,NULL,NULL,'2011-03-31','2015-01-30',NULL,NULL,'4.00',0,0,1,0,7,1,NULL,NULL,NULL,NULL,NULL,'--- !ruby/hash:ActiveSupport::HashWithIndifferentAccess\nanschaffungskategorie: AV-Technik\nreference: invoice\numzug: zgeln\nankunftszustand: intakt\n','2015-01-30 10:01:39','2015-01-30 10:01:39',NULL),(148,'a80u0f55wfmu6qmgrsif95','e3:9a:50:b6:f0:37-d0:af:01:cb:df:07-c2:45:37:28:54:f8',125,41,133,2,NULL,NULL,'2011-03-03','2015-01-30',NULL,NULL,'1055.00',0,0,1,0,7,1,NULL,NULL,NULL,NULL,NULL,'--- !ruby/hash:ActiveSupport::HashWithIndifferentAccess\nanschaffungskategorie: AV-Technik\nreference: invoice\numzug: zgeln\nankunftszustand: intakt\n','2015-01-30 10:01:39','2015-01-30 10:01:39',NULL),(149,'cq67lclbs80w4g97by3z96','eb:d6:00:a4:4f:b5-90:30:62:85:d4:50-d3:79:e5:16:db:a4',125,42,134,10,NULL,NULL,'2012-09-10','2015-01-30',NULL,NULL,'332.00',0,0,1,0,7,1,NULL,NULL,NULL,NULL,NULL,'--- !ruby/hash:ActiveSupport::HashWithIndifferentAccess\nanschaffungskategorie: AV-Technik\nreference: invoice\numzug: zgeln\nankunftszustand: intakt\n','2015-01-30 10:01:39','2015-01-30 10:01:39',NULL),(150,'x3lsaezrvuua7cof6eke97','c9:76:0b:49:81:48-f6:ea:fd:90:78:d5-60:58:03:2c:a4:95',129,43,135,10,NULL,NULL,'2010-07-22','2015-01-30',NULL,NULL,'1082.00',0,0,1,0,7,1,NULL,NULL,NULL,NULL,NULL,'--- !ruby/hash:ActiveSupport::HashWithIndifferentAccess\nanschaffungskategorie: AV-Technik\nreference: invoice\numzug: zgeln\nankunftszustand: intakt\n','2015-01-30 10:01:39','2015-01-30 10:01:39',NULL),(151,'8ulxvj4da67fcd9b9qpf98','8a:b1:32:b8:db:c5-56:88:e2:26:03:83-b8:bc:aa:4b:0f:0f',129,44,136,1,NULL,NULL,'2013-11-09','2015-01-30',NULL,NULL,'972.00',0,0,1,0,7,1,NULL,NULL,NULL,NULL,NULL,'--- !ruby/hash:ActiveSupport::HashWithIndifferentAccess\nanschaffungskategorie: AV-Technik\nreference: invoice\numzug: zgeln\nankunftszustand: intakt\n','2015-01-30 10:01:39','2015-01-30 10:01:39',NULL),(152,'29r60e9yacrehehhrunu99','4f:52:70:c1:8f:fa-84:12:ae:bd:b6:e1-df:5c:38:d5:ed:29',129,45,137,2,NULL,NULL,'2014-01-12','2015-01-30',NULL,NULL,'551.00',0,0,1,0,7,1,NULL,NULL,NULL,NULL,NULL,'--- !ruby/hash:ActiveSupport::HashWithIndifferentAccess\nanschaffungskategorie: AV-Technik\nreference: invoice\numzug: zgeln\nankunftszustand: intakt\n','2015-01-30 10:01:39','2015-01-30 10:01:39',NULL),(153,'ne592tnkmrnz0vjjuco8100','0b:3d:7c:63:76:87-fb:ea:02:c9:8f:c8-50:58:79:78:84:f1',133,46,138,2,NULL,NULL,'2010-10-27','2015-01-30',NULL,NULL,'712.00',0,0,1,0,2,1,NULL,NULL,NULL,NULL,NULL,'--- !ruby/hash:ActiveSupport::HashWithIndifferentAccess\nanschaffungskategorie: AV-Technik\nreference: invoice\numzug: zgeln\nankunftszustand: intakt\n','2015-01-30 10:01:39','2015-01-30 10:01:39',NULL),(154,'le0ai2no3omzophqcu59101','fe:8b:b9:a7:78:f0-cc:14:8c:a4:61:e3-47:fd:d9:ce:72:36',133,47,139,10,NULL,NULL,'2012-04-13','2015-01-30',NULL,NULL,'967.00',0,0,1,0,2,1,NULL,NULL,NULL,NULL,NULL,'--- !ruby/hash:ActiveSupport::HashWithIndifferentAccess\nanschaffungskategorie: AV-Technik\nreference: invoice\numzug: zgeln\nankunftszustand: intakt\n','2015-01-30 10:01:39','2015-01-30 10:01:39',NULL),(155,'w2h6wz28ccvf7h6tc7qh102','2d:b6:55:e9:d3:50-10:d1:1a:54:b6:58-ab:55:13:0f:73:80',133,48,140,9,NULL,NULL,'2011-11-02','2015-01-30',NULL,NULL,'333.00',0,0,1,0,2,1,NULL,NULL,NULL,NULL,NULL,'--- !ruby/hash:ActiveSupport::HashWithIndifferentAccess\nanschaffungskategorie: AV-Technik\nreference: invoice\numzug: zgeln\nankunftszustand: intakt\n','2015-01-30 10:01:39','2015-01-30 10:01:39',NULL),(156,'t2ty4007vrf5mascsbq0103','12:f7:19:f0:9e:88-49:80:90:25:f1:47-16:ca:00:d8:82:cc',137,49,141,1,NULL,NULL,'2010-10-12','2015-01-30',NULL,NULL,'1305.00',0,0,1,0,2,1,NULL,NULL,NULL,NULL,NULL,'--- !ruby/hash:ActiveSupport::HashWithIndifferentAccess\nanschaffungskategorie: AV-Technik\nreference: invoice\numzug: zgeln\nankunftszustand: intakt\n','2015-01-30 10:01:39','2015-01-30 10:01:39',NULL),(157,'9obx6ig1cs7z1zxu1v84104','a3:02:62:a5:b8:b6-8a:e0:12:09:55:ce-e4:be:94:e0:c9:fe',137,50,142,10,NULL,NULL,'2013-11-18','2015-01-30',NULL,NULL,'769.00',0,0,1,0,2,1,NULL,NULL,NULL,NULL,NULL,'--- !ruby/hash:ActiveSupport::HashWithIndifferentAccess\nanschaffungskategorie: AV-Technik\nreference: invoice\numzug: zgeln\nankunftszustand: intakt\n','2015-01-30 10:01:39','2015-01-30 10:01:39',NULL),(158,'9ffxc9dx4xojte7n2c28105','59:7b:32:62:5f:a4-00:ac:74:5a:37:81-65:1e:2c:91:93:92',137,51,143,7,NULL,NULL,'2011-02-22','2015-01-30',NULL,NULL,'1220.00',0,0,1,0,2,1,NULL,NULL,NULL,NULL,NULL,'--- !ruby/hash:ActiveSupport::HashWithIndifferentAccess\nanschaffungskategorie: AV-Technik\nreference: invoice\numzug: zgeln\nankunftszustand: intakt\n','2015-01-30 10:01:39','2015-01-30 10:01:39',NULL),(159,'qmd0hyqfn31156ngymsj106','77:a1:a5:ad:2e:64-80:cf:4a:0b:22:3d-fd:ee:84:e6:10:62',141,52,144,1,NULL,NULL,'2013-03-10','2015-01-30',NULL,NULL,'1116.00',0,0,1,0,2,1,NULL,NULL,NULL,NULL,NULL,'--- !ruby/hash:ActiveSupport::HashWithIndifferentAccess\nanschaffungskategorie: AV-Technik\nreference: invoice\numzug: zgeln\nankunftszustand: intakt\n','2015-01-30 10:01:39','2015-01-30 10:01:39',NULL),(160,'okiflk714lhfoz6otvn5107','42:1c:65:42:a3:aa-8b:7c:50:64:d3:d7-b2:3c:77:9b:95:c7',141,53,145,8,NULL,NULL,'2010-06-07','2015-01-30',NULL,NULL,'374.00',0,0,1,0,2,1,NULL,NULL,NULL,NULL,NULL,'--- !ruby/hash:ActiveSupport::HashWithIndifferentAccess\nanschaffungskategorie: AV-Technik\nreference: invoice\numzug: zgeln\nankunftszustand: intakt\n','2015-01-30 10:01:39','2015-01-30 10:01:39',NULL),(161,'fm1wcjfyb4pvtu59rtm4108','26:0b:42:60:39:98-c5:e0:6d:9c:be:b3-76:a8:ae:97:f9:ad',141,54,146,5,NULL,NULL,'2013-06-18','2015-01-30',NULL,NULL,'1254.00',0,0,1,0,2,1,NULL,NULL,NULL,NULL,NULL,'--- !ruby/hash:ActiveSupport::HashWithIndifferentAccess\nanschaffungskategorie: AV-Technik\nreference: invoice\numzug: zgeln\nankunftszustand: intakt\n','2015-01-30 10:01:39','2015-01-30 10:01:39',NULL),(162,'m8mcjarpha1sp6pa5zza109','1d:fc:5e:aa:dd:dd-5e:49:1d:3d:31:72-fb:44:b3:c0:83:0e',145,55,147,2,NULL,NULL,'2014-12-21','2015-01-30',NULL,NULL,'206.00',0,0,1,0,2,1,NULL,NULL,NULL,NULL,NULL,'--- !ruby/hash:ActiveSupport::HashWithIndifferentAccess\nanschaffungskategorie: AV-Technik\nreference: invoice\numzug: zgeln\nankunftszustand: intakt\n','2015-01-30 10:01:39','2015-01-30 10:01:39',NULL),(163,'kq6rbxhstc6oc57ppw24110','0e:11:82:2e:e0:1f-ba:8e:99:99:93:99-e9:dd:3c:c2:bd:4f',145,56,148,11,NULL,NULL,'2014-05-01','2015-01-30',NULL,NULL,'1188.00',0,0,1,0,2,1,NULL,NULL,NULL,NULL,NULL,'--- !ruby/hash:ActiveSupport::HashWithIndifferentAccess\nanschaffungskategorie: AV-Technik\nreference: invoice\numzug: zgeln\nankunftszustand: intakt\n','2015-01-30 10:01:39','2015-01-30 10:01:39',NULL),(164,'kklcch3aq1qifhurz1an111','8f:1c:31:00:b7:36-82:2b:2e:a3:b9:46-dc:80:ad:e3:cf:d7',145,57,149,3,NULL,NULL,'2013-12-18','2015-01-30',NULL,NULL,'111.00',0,0,1,0,2,1,NULL,NULL,NULL,NULL,NULL,'--- !ruby/hash:ActiveSupport::HashWithIndifferentAccess\nanschaffungskategorie: AV-Technik\nreference: invoice\numzug: zgeln\nankunftszustand: intakt\n','2015-01-30 10:01:39','2015-01-30 10:01:39',NULL),(165,'gru7sqfo3ogsfe2dgm8x112','e8:c9:e1:b4:3a:ef-73:1f:08:01:2f:f5-80:c9:01:74:d4:91',149,58,150,9,NULL,NULL,'2012-06-23','2015-01-30',NULL,NULL,'892.00',0,0,1,0,2,1,NULL,NULL,NULL,NULL,NULL,'--- !ruby/hash:ActiveSupport::HashWithIndifferentAccess\nanschaffungskategorie: AV-Technik\nreference: invoice\numzug: zgeln\nankunftszustand: intakt\n','2015-01-30 10:01:39','2015-01-30 10:01:39',NULL),(166,'epuiuanecqk6wnmyxt1s113','8a:e3:39:94:8f:e6-26:0e:09:6b:8f:1c-be:55:34:5e:d5:f3',149,59,151,2,NULL,NULL,'2013-07-26','2015-01-30',NULL,NULL,'389.00',0,0,1,0,2,1,NULL,NULL,NULL,NULL,NULL,'--- !ruby/hash:ActiveSupport::HashWithIndifferentAccess\nanschaffungskategorie: AV-Technik\nreference: invoice\numzug: zgeln\nankunftszustand: intakt\n','2015-01-30 10:01:39','2015-01-30 10:01:39',NULL),(167,'3andxyki9ixk6sfaim8l114','c3:01:28:a7:c7:b0-68:c4:88:3e:1d:f2-50:84:bf:95:4c:f9',149,60,152,1,NULL,NULL,'2013-09-20','2015-01-30',NULL,NULL,'1340.00',0,0,1,0,2,1,NULL,NULL,NULL,NULL,NULL,'--- !ruby/hash:ActiveSupport::HashWithIndifferentAccess\nanschaffungskategorie: AV-Technik\nreference: invoice\numzug: zgeln\nankunftszustand: intakt\n','2015-01-30 10:01:39','2015-01-30 10:01:39',NULL),(168,'5x5rbvvfw9xenb8zoknb115','17:0d:88:ec:45:a5-78:4e:60:81:92:1e-17:be:96:ad:5b:72',153,61,153,3,NULL,NULL,'2010-10-15','2015-01-30',NULL,NULL,'101.00',0,0,1,0,2,1,NULL,NULL,NULL,NULL,NULL,'--- !ruby/hash:ActiveSupport::HashWithIndifferentAccess\nanschaffungskategorie: AV-Technik\nreference: invoice\numzug: zgeln\nankunftszustand: intakt\n','2015-01-30 10:01:39','2015-01-30 10:01:39',NULL),(169,'496ckcya0nx9xecx18rx116','5f:30:79:2a:be:5e-f2:7c:31:03:e7:b7-24:51:69:42:ef:f9',153,62,154,8,NULL,NULL,'2010-07-28','2015-01-30',NULL,NULL,'1322.00',0,0,1,0,2,1,NULL,NULL,NULL,NULL,NULL,'--- !ruby/hash:ActiveSupport::HashWithIndifferentAccess\nanschaffungskategorie: AV-Technik\nreference: invoice\numzug: zgeln\nankunftszustand: intakt\n','2015-01-30 10:01:39','2015-01-30 10:01:39',NULL),(170,'53c0kz9eud8dpx1pg2yv117','78:88:9a:1e:67:5a-66:b5:d6:76:a4:23-4d:53:a6:a8:79:de',153,63,155,1,NULL,NULL,'2013-02-18','2015-01-30',NULL,NULL,'409.00',0,0,1,0,2,1,NULL,NULL,NULL,NULL,NULL,'--- !ruby/hash:ActiveSupport::HashWithIndifferentAccess\nanschaffungskategorie: AV-Technik\nreference: invoice\numzug: zgeln\nankunftszustand: intakt\n','2015-01-30 10:01:39','2015-01-30 10:01:39',NULL),(171,'0j82zb2zvxfitiwb76qa118','46:2d:a8:e6:59:4e-c4:c4:f2:92:89:72-b3:0d:c8:d1:78:c6',157,64,156,2,NULL,NULL,'2014-06-14','2015-01-30',NULL,NULL,'904.00',0,0,1,0,2,1,NULL,NULL,NULL,NULL,NULL,'--- !ruby/hash:ActiveSupport::HashWithIndifferentAccess\nanschaffungskategorie: AV-Technik\nreference: invoice\numzug: zgeln\nankunftszustand: intakt\n','2015-01-30 10:01:39','2015-01-30 10:01:39',NULL),(172,'lpg5osbxvsa1kax837pl119','6d:77:7f:4d:39:42-85:e8:fd:ea:2e:6b-47:ed:51:26:e1:12',157,65,157,6,NULL,NULL,'2012-04-20','2015-01-30',NULL,NULL,'48.00',0,0,1,0,2,1,NULL,NULL,NULL,NULL,NULL,'--- !ruby/hash:ActiveSupport::HashWithIndifferentAccess\nanschaffungskategorie: AV-Technik\nreference: invoice\numzug: zgeln\nankunftszustand: intakt\n','2015-01-30 10:01:39','2015-01-30 10:01:39',NULL),(173,'8c7i5znriaea127roty8120','23:cc:5a:c5:6e:33-fa:69:be:f4:4d:91-a9:21:4b:41:fa:db',157,66,158,10,NULL,NULL,'2014-11-29','2015-01-30',NULL,NULL,'1467.00',0,0,1,0,2,1,NULL,NULL,NULL,NULL,NULL,'--- !ruby/hash:ActiveSupport::HashWithIndifferentAccess\nanschaffungskategorie: AV-Technik\nreference: invoice\numzug: zgeln\nankunftszustand: intakt\n','2015-01-30 10:01:39','2015-01-30 10:01:39',NULL),(174,'wgvwbjymseekkjl3c2go121','41:eb:26:15:cb:b4-9d:58:ca:d1:4e:79-14:12:10:c4:b9:41',161,67,159,4,NULL,NULL,'2014-01-24','2015-01-30',NULL,NULL,'515.00',0,0,1,0,2,1,NULL,NULL,NULL,NULL,NULL,'--- !ruby/hash:ActiveSupport::HashWithIndifferentAccess\nanschaffungskategorie: AV-Technik\nreference: invoice\numzug: zgeln\nankunftszustand: intakt\n','2015-01-30 10:01:39','2015-01-30 10:01:39',NULL),(175,'bbexnshsmvcfyrs1p7w1122','1a:82:84:ce:49:a9-55:81:03:5b:79:32-4d:05:fa:a9:cb:17',161,68,160,10,NULL,NULL,'2013-12-22','2015-01-30',NULL,NULL,'549.00',0,0,1,0,2,1,NULL,NULL,NULL,NULL,NULL,'--- !ruby/hash:ActiveSupport::HashWithIndifferentAccess\nanschaffungskategorie: AV-Technik\nreference: invoice\numzug: zgeln\nankunftszustand: intakt\n','2015-01-30 10:01:39','2015-01-30 10:01:39',NULL),(176,'gc19psxo6ue8o4an17bt123','55:63:59:be:46:54-61:e3:2e:24:70:63-fc:f9:cb:1e:c4:b2',161,69,161,6,NULL,NULL,'2010-08-14','2015-01-30',NULL,NULL,'328.00',0,0,1,0,2,1,NULL,NULL,NULL,NULL,NULL,'--- !ruby/hash:ActiveSupport::HashWithIndifferentAccess\nanschaffungskategorie: AV-Technik\nreference: invoice\numzug: zgeln\nankunftszustand: intakt\n','2015-01-30 10:01:39','2015-01-30 10:01:39',NULL),(177,'fsdrnm1ikhp4k8rucyxy124','bb:d2:d1:8a:28:b5-02:62:14:11:aa:ad-c0:4e:ac:35:80:f2',165,70,162,8,NULL,NULL,'2013-11-05','2015-01-27',NULL,NULL,'512.00',0,0,1,0,1,1,NULL,NULL,NULL,NULL,NULL,'--- !ruby/hash:ActiveSupport::HashWithIndifferentAccess\nanschaffungskategorie: AV-Technik\nreference: invoice\numzug: zgeln\nankunftszustand: intakt\n','2015-01-27 10:01:39','2015-01-27 10:01:39',NULL),(178,'2hcpa4i5apsltx45eld2125','73:e9:bd:3e:3c:f5-70:8a:b6:c1:f7:a6-c4:e8:ec:2d:54:03',166,71,163,10,NULL,NULL,'2014-03-09','2015-01-27',NULL,NULL,'1019.00',0,0,1,0,1,1,NULL,NULL,NULL,NULL,NULL,'--- !ruby/hash:ActiveSupport::HashWithIndifferentAccess\nanschaffungskategorie: AV-Technik\nreference: invoice\numzug: zgeln\nankunftszustand: intakt\n','2015-01-27 10:01:39','2015-01-27 10:01:39',NULL),(179,'h5b5hb4k601z4sfccx8z126','33:fe:2f:0c:f2:c1-17:b1:9b:6a:6a:5d-e2:3d:30:b4:aa:5f',167,72,164,11,NULL,NULL,'2014-07-06','2015-01-27',NULL,NULL,'889.00',0,0,1,0,1,1,NULL,NULL,NULL,NULL,NULL,'--- !ruby/hash:ActiveSupport::HashWithIndifferentAccess\nanschaffungskategorie: AV-Technik\nreference: invoice\numzug: zgeln\nankunftszustand: intakt\n','2015-01-27 10:01:39','2015-01-27 10:01:39',NULL),(180,'p5i9e4tz82ft1aosx2wt127','ce:8e:5a:3b:c5:bc-c0:66:3d:4e:fe:e5-01:72:81:49:1a:5b',168,73,165,9,NULL,NULL,'2011-05-14','2015-01-30',NULL,NULL,'101.00',0,0,1,0,1,1,NULL,NULL,NULL,NULL,NULL,'--- !ruby/hash:ActiveSupport::HashWithIndifferentAccess\nanschaffungskategorie: AV-Technik\nreference: invoice\numzug: zgeln\nankunftszustand: intakt\n','2015-01-30 10:01:39','2015-01-30 10:01:39',NULL),(181,'mk7ptzhlh05knw602oei128','10:f6:01:8f:f4:c2-77:f0:c9:7b:50:25-5b:87:e9:09:b9:b2',169,74,166,2,NULL,NULL,'2011-08-24','2015-01-30',NULL,NULL,'1032.00',0,0,1,0,1,1,NULL,NULL,NULL,NULL,NULL,'--- !ruby/hash:ActiveSupport::HashWithIndifferentAccess\nanschaffungskategorie: AV-Technik\nreference: invoice\numzug: zgeln\nankunftszustand: intakt\n','2015-01-30 10:01:39','2015-01-30 10:01:39',NULL),(182,'8vt7wl4e7sfohk5saydi129','2f:82:ba:92:03:9f-9a:58:29:b7:94:86-46:bf:e6:af:4b:8f',170,75,167,7,NULL,NULL,'2014-12-23','2015-01-30',NULL,NULL,'532.00',0,0,1,0,1,1,NULL,NULL,NULL,NULL,NULL,'--- !ruby/hash:ActiveSupport::HashWithIndifferentAccess\nanschaffungskategorie: AV-Technik\nreference: invoice\numzug: zgeln\nankunftszustand: intakt\n','2015-01-30 10:01:39','2015-01-30 10:01:39',NULL),(183,'c02htfx3hzsh1ole413s130','43:82:c5:22:a9:f8-bb:d7:c7:33:87:4e-ca:f6:9a:7e:e5:c9',171,76,168,1,NULL,NULL,'2013-12-23','2015-01-30',NULL,NULL,'628.00',0,0,1,0,1,1,NULL,NULL,NULL,NULL,NULL,'--- !ruby/hash:ActiveSupport::HashWithIndifferentAccess\nanschaffungskategorie: AV-Technik\nreference: invoice\numzug: zgeln\nankunftszustand: intakt\n','2015-01-30 10:01:39','2015-01-30 10:01:39',NULL),(184,'u502ediwg5zikszscze8131','cc:99:3c:f3:45:28-a0:38:f0:f8:e6:e8-a0:ad:86:54:39:86',172,77,169,6,NULL,NULL,'2014-09-13','2015-01-30',NULL,NULL,'964.00',0,0,1,0,1,1,NULL,NULL,NULL,NULL,NULL,'--- !ruby/hash:ActiveSupport::HashWithIndifferentAccess\nanschaffungskategorie: AV-Technik\nreference: invoice\numzug: zgeln\nankunftszustand: intakt\n','2015-01-30 10:01:39','2015-01-30 10:01:39',NULL),(185,'229yotmhqr3ww990vtp9132','49:c5:6a:a0:7a:f6-20:98:e3:ac:ff:94-af:c1:9d:2a:aa:23',173,78,170,10,NULL,NULL,'2010-06-26','2015-01-30',NULL,NULL,'1176.00',0,0,1,0,1,1,NULL,NULL,NULL,NULL,NULL,'--- !ruby/hash:ActiveSupport::HashWithIndifferentAccess\nanschaffungskategorie: AV-Technik\nreference: invoice\numzug: zgeln\nankunftszustand: intakt\n','2015-01-30 10:01:39','2015-01-30 10:01:39',NULL),(186,'z0bngkqt8c9k6xn1nq64133','95:65:f9:67:12:f7-39:80:9c:2f:8b:55-dd:64:3a:65:f8:b3',174,79,171,8,NULL,NULL,'2011-03-22','2015-01-30',NULL,NULL,'244.00',0,0,1,0,1,1,NULL,NULL,NULL,NULL,NULL,'--- !ruby/hash:ActiveSupport::HashWithIndifferentAccess\nanschaffungskategorie: AV-Technik\nreference: invoice\numzug: zgeln\nankunftszustand: intakt\n','2015-01-30 10:01:39','2015-01-30 10:01:39',NULL),(187,'c37ne3ca3ac1pxr091yb134','dd:21:4d:d6:ea:82-22:8d:62:22:38:e7-70:92:af:ed:a8:94',175,80,172,9,NULL,NULL,'2012-10-09','2015-01-30',NULL,NULL,'221.00',0,0,1,0,1,1,NULL,NULL,NULL,NULL,NULL,'--- !ruby/hash:ActiveSupport::HashWithIndifferentAccess\nanschaffungskategorie: AV-Technik\nreference: invoice\numzug: zgeln\nankunftszustand: intakt\n','2015-01-30 10:01:39','2015-01-30 10:01:39',NULL),(188,'qzbec0omm7fsahmb4wvu135','26:cb:8d:f1:be:e4-1f:32:bf:b3:be:25-fa:0d:61:d2:ea:b1',176,81,173,7,NULL,NULL,'2014-04-06','2015-01-30',NULL,NULL,'346.00',0,0,1,0,1,1,NULL,NULL,NULL,NULL,NULL,'--- !ruby/hash:ActiveSupport::HashWithIndifferentAccess\nanschaffungskategorie: AV-Technik\nreference: invoice\numzug: zgeln\nankunftszustand: intakt\n','2015-01-30 10:01:39','2015-01-30 10:01:39',NULL),(189,'qbaagtip1o07368elwwj136','9b:23:8f:67:61:bd-cd:8d:d8:eb:90:e2-68:71:b8:84:8c:70',177,82,174,9,NULL,NULL,'2013-07-23','2015-01-30',NULL,NULL,'1437.00',0,0,1,0,1,1,NULL,NULL,NULL,NULL,NULL,'--- !ruby/hash:ActiveSupport::HashWithIndifferentAccess\nanschaffungskategorie: AV-Technik\nreference: invoice\numzug: zgeln\nankunftszustand: intakt\n','2015-01-30 10:01:39','2015-01-30 10:01:39',NULL),(190,'p3sgqd91edbeijipx084137','de:d4:fd:dd:f7:4e-96:1e:d4:7b:9e:fb-08:c8:53:84:df:24',178,83,175,11,NULL,NULL,'2012-06-26','2015-01-30',NULL,NULL,'1315.00',0,0,1,0,1,1,NULL,NULL,NULL,NULL,NULL,'--- !ruby/hash:ActiveSupport::HashWithIndifferentAccess\nanschaffungskategorie: AV-Technik\nreference: invoice\numzug: zgeln\nankunftszustand: intakt\n','2015-01-30 10:01:39','2015-01-30 10:01:39',NULL),(191,'dr3dq9yk0v7ngzyqri8q138','74:b6:b5:74:bc:0a-ce:59:3d:1f:86:55-d6:91:3a:ed:17:52',179,84,176,5,NULL,NULL,'2014-08-21','2015-01-30',NULL,NULL,'680.00',0,0,1,0,1,1,NULL,NULL,NULL,NULL,NULL,'--- !ruby/hash:ActiveSupport::HashWithIndifferentAccess\nanschaffungskategorie: AV-Technik\nreference: invoice\numzug: zgeln\nankunftszustand: intakt\n','2015-01-30 10:01:39','2015-01-30 10:01:39',NULL),(192,'o46y23mqatuew5qwft08139','fa:37:83:da:dd:c0-15:9a:0f:a0:c8:40-aa:4e:63:32:e6:ee',180,85,177,4,NULL,NULL,'2012-12-06','2015-01-30',NULL,NULL,'1447.00',0,0,1,0,1,1,NULL,NULL,NULL,NULL,NULL,'--- !ruby/hash:ActiveSupport::HashWithIndifferentAccess\nanschaffungskategorie: AV-Technik\nreference: invoice\numzug: zgeln\nankunftszustand: intakt\n','2015-01-30 10:01:39','2015-01-30 10:01:39',NULL),(193,'2a6isn8m7426xj14x34n140','1a:8d:56:dd:cd:ed-92:d2:1b:1c:dd:91-86:0a:3c:14:66:a5',181,86,178,10,NULL,NULL,'2011-07-18','2015-01-30',NULL,NULL,'689.00',0,0,1,0,1,1,NULL,NULL,NULL,NULL,NULL,'--- !ruby/hash:ActiveSupport::HashWithIndifferentAccess\nanschaffungskategorie: AV-Technik\nreference: invoice\numzug: zgeln\nankunftszustand: intakt\n','2015-01-30 10:01:39','2015-01-30 10:01:39',NULL),(194,'j8tvrfrzjgmxn9o6z1p5141','18:26:56:1a:7f:8d-25:32:5d:13:c7:db-cf:9c:5c:8b:19:64',182,87,179,8,NULL,NULL,'2013-12-21','2015-01-30',NULL,NULL,'774.00',0,0,1,0,1,1,NULL,NULL,NULL,NULL,NULL,'--- !ruby/hash:ActiveSupport::HashWithIndifferentAccess\nanschaffungskategorie: AV-Technik\nreference: invoice\numzug: zgeln\nankunftszustand: intakt\n','2015-01-30 10:01:39','2015-01-30 10:01:39',NULL),(195,'tg172uvxpy7s9ia3jds3142','b9:98:5b:d1:94:5e-cf:97:e5:b7:fe:60-5b:34:d4:8c:27:b0',183,88,180,8,NULL,NULL,'2014-09-27','2015-01-30',NULL,NULL,'764.00',0,0,1,0,1,1,NULL,NULL,NULL,NULL,NULL,'--- !ruby/hash:ActiveSupport::HashWithIndifferentAccess\nanschaffungskategorie: AV-Technik\nreference: invoice\numzug: zgeln\nankunftszustand: intakt\n','2015-01-30 10:01:39','2015-01-30 10:01:39',NULL),(196,'wx9lot7i487b783kw54w143','86:75:95:d7:34:4c-c2:b6:0a:9e:28:01-0d:27:4b:74:70:28',184,89,181,2,NULL,NULL,'2013-01-01','2015-01-30',NULL,NULL,'432.00',0,0,1,0,1,1,NULL,NULL,NULL,NULL,NULL,'--- !ruby/hash:ActiveSupport::HashWithIndifferentAccess\nanschaffungskategorie: AV-Technik\nreference: invoice\numzug: zgeln\nankunftszustand: intakt\n','2015-01-30 10:01:39','2015-01-30 10:01:39',NULL),(197,'wloogjel0pjhxd1jwh9z144','5d:73:74:d9:2a:4c-85:89:4c:81:77:3c-7a:28:3e:3d:4c:cb',185,90,182,5,NULL,NULL,'2014-03-04','2015-01-29',NULL,NULL,'181.00',0,0,1,0,1,1,NULL,NULL,NULL,NULL,NULL,'--- !ruby/hash:ActiveSupport::HashWithIndifferentAccess\nanschaffungskategorie: AV-Technik\nreference: invoice\numzug: zgeln\nankunftszustand: intakt\n','2015-01-29 10:01:39','2015-01-29 10:01:39',NULL),(198,'0aayfvvpbtdoc4o4wcrb145','9e:cb:cf:6a:41:8d-a9:3c:72:23:1a:e9-f5:b3:ab:64:c7:ac',186,91,183,8,NULL,NULL,'2012-03-09','2015-01-29',NULL,NULL,'794.00',0,0,1,0,1,1,NULL,NULL,NULL,NULL,NULL,'--- !ruby/hash:ActiveSupport::HashWithIndifferentAccess\nanschaffungskategorie: AV-Technik\nreference: invoice\numzug: zgeln\nankunftszustand: intakt\n','2015-01-29 10:01:39','2015-01-29 10:01:39',NULL),(199,'5wh3k8lxhg0y7qdz5wya146','0c:b9:20:ae:06:de-ba:1e:9f:41:a6:f7-cc:66:95:84:6d:bd',187,92,184,10,NULL,NULL,'2011-09-27','2015-01-29',NULL,NULL,'142.00',0,0,1,0,1,1,NULL,NULL,NULL,NULL,NULL,'--- !ruby/hash:ActiveSupport::HashWithIndifferentAccess\nanschaffungskategorie: AV-Technik\nreference: invoice\numzug: zgeln\nankunftszustand: intakt\n','2015-01-29 10:01:39','2015-01-29 10:01:39',NULL),(200,'azo1q8y1eynym8c95byw147','65:55:63:dd:63:d4-ba:04:53:b5:c7:c6-0a:cd:5b:3e:fc:8c',188,93,185,7,NULL,NULL,'2011-08-11','2015-01-29',NULL,NULL,'1477.00',0,0,1,0,1,1,NULL,NULL,NULL,NULL,NULL,'--- !ruby/hash:ActiveSupport::HashWithIndifferentAccess\nanschaffungskategorie: AV-Technik\nreference: invoice\numzug: zgeln\nankunftszustand: intakt\n','2015-01-29 10:01:39','2015-01-29 10:01:39',NULL),(201,'ii3hmh77mw4ds86zm8vu148','ed:f6:3d:c3:77:90-38:38:61:1b:5d:33-af:9c:e9:b3:3e:49',189,94,186,7,NULL,NULL,'2012-12-13','2015-01-29',NULL,NULL,'1130.00',0,0,1,0,1,1,NULL,NULL,NULL,NULL,NULL,'--- !ruby/hash:ActiveSupport::HashWithIndifferentAccess\nanschaffungskategorie: AV-Technik\nreference: invoice\numzug: zgeln\nankunftszustand: intakt\n','2015-01-29 10:01:39','2015-01-29 10:01:39',NULL),(202,'d7n4rp29q6dmmciepkuw149','4f:37:e8:09:4e:90-c5:a7:7a:9f:ff:d2-de:4f:5b:c5:6f:8d',190,95,187,2,NULL,NULL,'2013-03-25','2015-01-29',NULL,NULL,'200.00',0,0,1,0,1,1,NULL,NULL,NULL,NULL,NULL,'--- !ruby/hash:ActiveSupport::HashWithIndifferentAccess\nanschaffungskategorie: AV-Technik\nreference: invoice\numzug: zgeln\nankunftszustand: intakt\n','2015-01-29 10:01:39','2015-01-29 10:01:39',NULL),(203,'ryvdpspalayklzegd2hb150','bb:53:1d:8f:11:df-21:38:4b:b2:87:ae-48:7f:b2:dc:5e:43',191,96,188,2,NULL,NULL,'2011-05-15','2015-01-29',NULL,NULL,'539.00',0,0,1,0,1,1,NULL,NULL,NULL,NULL,NULL,'--- !ruby/hash:ActiveSupport::HashWithIndifferentAccess\nanschaffungskategorie: AV-Technik\nreference: invoice\numzug: zgeln\nankunftszustand: intakt\n','2015-01-29 10:01:39','2015-01-29 10:01:39',NULL),(204,'y71v38kx96fppwhw5ah1151','24:48:bd:ab:cd:0c-dc:86:de:38:ae:fd-c4:89:ce:6f:a1:f6',192,97,189,1,NULL,NULL,'2012-10-29','2015-01-29',NULL,NULL,'851.00',0,0,1,0,1,1,NULL,NULL,NULL,NULL,NULL,'--- !ruby/hash:ActiveSupport::HashWithIndifferentAccess\nanschaffungskategorie: AV-Technik\nreference: invoice\numzug: zgeln\nankunftszustand: intakt\n','2015-01-29 10:01:39','2015-01-29 10:01:39',NULL),(205,'if54eqjnxe4vv7gzq90s152','2d:3b:0a:ed:19:45-bf:0c:1f:97:e2:92-20:e3:e2:e7:23:aa',193,98,190,4,NULL,NULL,'2014-02-08','2015-01-30',NULL,NULL,'638.00',0,0,1,0,12,1,NULL,NULL,NULL,NULL,NULL,'--- !ruby/hash:ActiveSupport::HashWithIndifferentAccess\nanschaffungskategorie: AV-Technik\nreference: invoice\numzug: zgeln\nankunftszustand: intakt\n','2015-01-30 10:01:39','2015-01-30 10:01:39',NULL),(206,'3idwkvoq1hz0ow0ji4ub153','fb:ba:af:58:e6:a1-9a:cc:d5:97:9a:2a-6a:a5:d9:64:e3:dc',193,99,191,3,NULL,NULL,'2010-11-07','2015-01-30',NULL,NULL,'815.00',0,0,1,0,12,1,NULL,NULL,NULL,NULL,NULL,'--- !ruby/hash:ActiveSupport::HashWithIndifferentAccess\nanschaffungskategorie: AV-Technik\nreference: invoice\numzug: zgeln\nankunftszustand: intakt\n','2015-01-30 10:01:39','2015-01-30 10:01:39',NULL),(207,'36tamg3mmwsx8k3fols5154','22:26:d4:23:af:14-c0:d7:ac:72:47:33-81:2f:52:cf:1d:40',193,100,192,4,NULL,NULL,'2011-10-06','2015-01-30',NULL,NULL,'440.00',0,0,1,0,12,1,NULL,NULL,NULL,NULL,NULL,'--- !ruby/hash:ActiveSupport::HashWithIndifferentAccess\nanschaffungskategorie: AV-Technik\nreference: invoice\numzug: zgeln\nankunftszustand: intakt\n','2015-01-30 10:01:39','2015-01-30 10:01:39',NULL),(208,'9dr799zvia8mrsbpnyxd155','8f:60:f7:ae:c6:15-fd:52:f7:33:cd:f2-b0:d0:0e:d3:8c:ad',197,101,193,7,NULL,NULL,'2012-11-26','2015-01-30',NULL,NULL,'57.00',0,0,1,0,12,1,NULL,NULL,NULL,NULL,NULL,'--- !ruby/hash:ActiveSupport::HashWithIndifferentAccess\nanschaffungskategorie: AV-Technik\nreference: invoice\numzug: zgeln\nankunftszustand: intakt\n','2015-01-30 10:01:39','2015-01-30 10:01:39',NULL),(209,'9rzsutda5vmfinrm81bk156','4a:45:5c:dc:87:cc-3b:c3:ea:54:3b:68-fc:81:d3:39:9a:f1',197,102,194,1,NULL,NULL,'2010-03-02','2015-01-30',NULL,NULL,'1140.00',0,0,1,0,12,1,NULL,NULL,NULL,NULL,NULL,'--- !ruby/hash:ActiveSupport::HashWithIndifferentAccess\nanschaffungskategorie: AV-Technik\nreference: invoice\numzug: zgeln\nankunftszustand: intakt\n','2015-01-30 10:01:39','2015-01-30 10:01:39',NULL),(210,'hkp1drgmoci6c8upo42k157','9d:b1:13:d7:44:54-98:f1:a7:6a:4f:f5-b7:c7:69:4e:a2:f4',197,103,195,6,NULL,NULL,'2012-02-11','2015-01-30',NULL,NULL,'1349.00',0,0,1,0,12,1,NULL,NULL,NULL,NULL,NULL,'--- !ruby/hash:ActiveSupport::HashWithIndifferentAccess\nanschaffungskategorie: AV-Technik\nreference: invoice\numzug: zgeln\nankunftszustand: intakt\n','2015-01-30 10:01:39','2015-01-30 10:01:39',NULL),(211,'1dygbn0fguymf08lbtdh158','f0:40:e1:22:69:56-ad:31:c8:44:25:45-15:93:96:35:32:69',201,104,196,12,NULL,NULL,'2012-12-23','2015-01-30',NULL,NULL,'1453.00',0,0,1,0,12,1,NULL,NULL,NULL,NULL,NULL,'--- !ruby/hash:ActiveSupport::HashWithIndifferentAccess\nanschaffungskategorie: AV-Technik\nreference: invoice\numzug: zgeln\nankunftszustand: intakt\n','2015-01-30 10:01:39','2015-01-30 10:01:39',NULL),(212,'fbex9mp9k7xi6vqvjb20159','0e:55:dd:f7:3a:ae-90:e6:26:1c:ca:f5-44:41:2b:2b:d3:f5',201,105,197,3,NULL,NULL,'2011-05-01','2015-01-30',NULL,NULL,'420.00',0,0,1,0,12,1,NULL,NULL,NULL,NULL,NULL,'--- !ruby/hash:ActiveSupport::HashWithIndifferentAccess\nanschaffungskategorie: AV-Technik\nreference: invoice\numzug: zgeln\nankunftszustand: intakt\n','2015-01-30 10:01:39','2015-01-30 10:01:39',NULL),(213,'74s05cwld3tkpvln6ukc160','e5:fb:4c:64:de:98-fa:7c:b8:36:b2:12-ad:b2:5c:11:fc:8a',201,106,198,5,NULL,NULL,'2014-06-20','2015-01-30',NULL,NULL,'478.00',0,0,1,0,12,1,NULL,NULL,NULL,NULL,NULL,'--- !ruby/hash:ActiveSupport::HashWithIndifferentAccess\nanschaffungskategorie: AV-Technik\nreference: invoice\numzug: zgeln\nankunftszustand: intakt\n','2015-01-30 10:01:39','2015-01-30 10:01:39',NULL),(214,'jinmz6f3jm0ocyclr4s0161','bd:7c:94:ba:2d:a5-9e:c5:74:36:1a:46-a6:08:2d:a1:c6:31',205,107,199,6,NULL,NULL,'2011-09-29','2015-01-30',NULL,NULL,'1240.00',0,0,1,0,12,1,NULL,NULL,NULL,NULL,NULL,'--- !ruby/hash:ActiveSupport::HashWithIndifferentAccess\nanschaffungskategorie: AV-Technik\nreference: invoice\numzug: zgeln\nankunftszustand: intakt\n','2015-01-30 10:01:39','2015-01-30 10:01:39',NULL),(215,'5vbpmov3bhw7zi5yi4k0162','82:77:0d:b3:fa:dc-43:28:9a:56:30:1d-b7:ae:6f:4b:ae:14',205,108,200,6,NULL,NULL,'2013-10-13','2015-01-30',NULL,NULL,'875.00',0,0,1,0,12,1,NULL,NULL,NULL,NULL,NULL,'--- !ruby/hash:ActiveSupport::HashWithIndifferentAccess\nanschaffungskategorie: AV-Technik\nreference: invoice\numzug: zgeln\nankunftszustand: intakt\n','2015-01-30 10:01:39','2015-01-30 10:01:39',NULL),(216,'4q1kedodwpcchwyi0pec163','c5:22:e8:a8:2f:bb-f0:5f:e2:23:38:bc-91:28:4b:6f:ef:f9',205,109,201,5,NULL,NULL,'2011-11-02','2015-01-30',NULL,NULL,'785.00',0,0,1,0,12,1,NULL,NULL,NULL,NULL,NULL,'--- !ruby/hash:ActiveSupport::HashWithIndifferentAccess\nanschaffungskategorie: AV-Technik\nreference: invoice\numzug: zgeln\nankunftszustand: intakt\n','2015-01-30 10:01:39','2015-01-30 10:01:39',NULL),(217,'f77o7uqhwubr27ahfbph164','43:61:eb:f6:b4:bf-76:6d:8b:65:84:0f-48:08:70:e2:0f:c5',209,110,202,9,NULL,NULL,'2013-01-28','2015-01-30',NULL,NULL,'827.00',0,0,1,0,1,1,NULL,NULL,NULL,NULL,NULL,'--- !ruby/hash:ActiveSupport::HashWithIndifferentAccess\nanschaffungskategorie: AV-Technik\nreference: invoice\numzug: zgeln\nankunftszustand: intakt\n','2015-01-30 10:01:39','2015-01-30 10:01:39',NULL),(218,'0a01an1dzsr7ltywcpxs165','29:50:23:5f:12:c2-93:b0:32:70:62:d7-b2:4f:e3:6c:4b:ea',210,111,203,7,NULL,NULL,'2011-09-16','2015-01-30',NULL,NULL,'250.00',0,0,1,0,1,1,NULL,NULL,NULL,NULL,NULL,'--- !ruby/hash:ActiveSupport::HashWithIndifferentAccess\nanschaffungskategorie: AV-Technik\nreference: invoice\numzug: zgeln\nankunftszustand: intakt\n','2015-01-30 10:01:39','2015-01-30 10:01:39',NULL),(219,'i3bwbxkpo7u2gem71wmp166','84:54:4e:9f:93:ed-f8:c0:5d:79:00:e9-e6:2a:7f:37:0c:6b',211,112,204,6,NULL,NULL,'2011-12-26','2015-01-30',NULL,NULL,'759.00',0,0,1,0,1,1,NULL,NULL,NULL,NULL,NULL,'--- !ruby/hash:ActiveSupport::HashWithIndifferentAccess\nanschaffungskategorie: AV-Technik\nreference: invoice\numzug: zgeln\nankunftszustand: intakt\n','2015-01-30 10:01:39','2015-01-30 10:01:39',NULL),(220,'otyrt81njg0o5pwefpc9167','f8:c7:cc:d7:b7:ec-5a:99:73:5f:20:d3-8b:5d:79:0e:cd:cc',212,113,205,10,NULL,NULL,'2012-10-03','2015-01-30',NULL,NULL,'1080.00',0,0,1,0,1,1,NULL,NULL,NULL,NULL,NULL,'--- !ruby/hash:ActiveSupport::HashWithIndifferentAccess\nanschaffungskategorie: AV-Technik\nreference: invoice\numzug: zgeln\nankunftszustand: intakt\n','2015-01-30 10:01:39','2015-01-30 10:01:39',NULL),(221,'0m0f94lbf33uaindfwd4168','98:41:30:c8:2b:03-04:c4:52:39:8c:d8-79:ca:fe:e9:b7:68',213,114,206,10,NULL,NULL,'2013-03-29','2015-01-30',NULL,NULL,'272.00',0,0,1,0,1,1,NULL,NULL,NULL,NULL,NULL,'--- !ruby/hash:ActiveSupport::HashWithIndifferentAccess\nanschaffungskategorie: AV-Technik\nreference: invoice\numzug: zgeln\nankunftszustand: intakt\n','2015-01-30 10:01:39','2015-01-30 10:01:39',NULL),(222,'c1ekkhx75wxobdkplbsw169','df:b7:35:5d:3f:fc-ae:13:fc:77:6d:da-84:15:a2:ad:8b:a5',214,115,207,1,NULL,NULL,'2013-11-10','2015-01-30',NULL,NULL,'336.00',0,0,1,0,1,1,NULL,NULL,NULL,NULL,NULL,'--- !ruby/hash:ActiveSupport::HashWithIndifferentAccess\nanschaffungskategorie: AV-Technik\nreference: invoice\numzug: zgeln\nankunftszustand: intakt\n','2015-01-30 10:01:39','2015-01-30 10:01:39',NULL),(223,'5bqffde65pk9s5ox0ox8170','5f:b9:9c:92:8d:2f-89:1f:b6:05:9f:86-61:e2:46:c7:56:87',215,116,208,1,NULL,NULL,'2010-01-08','2015-01-30',NULL,NULL,'56.00',0,0,1,0,1,1,NULL,NULL,NULL,NULL,NULL,'--- !ruby/hash:ActiveSupport::HashWithIndifferentAccess\nanschaffungskategorie: AV-Technik\nreference: invoice\numzug: zgeln\nankunftszustand: intakt\n','2015-01-30 10:01:39','2015-01-30 10:01:39',NULL),(224,'qgrvbg80yejea1r9myr9171','d6:3e:db:4e:58:7f-35:49:e5:89:80:b2-8e:72:b3:84:56:53',216,117,209,11,NULL,NULL,'2011-03-26','2015-01-30',NULL,NULL,'657.00',0,0,1,0,1,1,NULL,NULL,NULL,NULL,NULL,'--- !ruby/hash:ActiveSupport::HashWithIndifferentAccess\nanschaffungskategorie: AV-Technik\nreference: invoice\numzug: zgeln\nankunftszustand: intakt\n','2015-01-30 10:01:39','2015-01-30 10:01:39',NULL),(225,'heo86e4s3o0r3wowzqzu172','eb:b6:22:b1:90:5e-e0:3c:e2:4d:98:4f-f6:07:6b:3e:43:91',217,118,210,9,NULL,NULL,'2011-02-16','2015-01-30',NULL,NULL,'1041.00',0,0,1,0,1,1,NULL,NULL,NULL,NULL,NULL,'--- !ruby/hash:ActiveSupport::HashWithIndifferentAccess\nanschaffungskategorie: AV-Technik\nreference: invoice\numzug: zgeln\nankunftszustand: intakt\n','2015-01-30 10:01:39','2015-01-30 10:01:39',NULL),(226,'78zheibjvexdsatsxuya173','56:11:e7:35:0d:a7-7b:72:39:9f:87:d6-da:27:f9:7e:87:71',218,119,211,3,NULL,NULL,'2010-07-26','2015-01-30',NULL,NULL,'1439.00',0,0,1,0,1,1,NULL,NULL,NULL,NULL,NULL,'--- !ruby/hash:ActiveSupport::HashWithIndifferentAccess\nanschaffungskategorie: AV-Technik\nreference: invoice\numzug: zgeln\nankunftszustand: intakt\n','2015-01-30 10:01:39','2015-01-30 10:01:39',NULL),(227,'gw02fmqz8k2c31hkeiqp174','84:00:1e:b8:cf:d5-ce:c5:b8:3a:0a:53-67:1b:07:02:df:be',219,120,212,10,NULL,NULL,'2013-06-03','2015-01-30',NULL,NULL,'495.00',0,0,1,0,1,1,NULL,NULL,NULL,NULL,NULL,'--- !ruby/hash:ActiveSupport::HashWithIndifferentAccess\nanschaffungskategorie: AV-Technik\nreference: invoice\numzug: zgeln\nankunftszustand: intakt\n','2015-01-30 10:01:39','2015-01-30 10:01:39',NULL),(228,'u0ndfakb5zioizenpu7e175','94:d2:b2:d4:a6:08-d0:9e:bb:da:3b:09-c9:83:28:f9:4d:e2',220,121,213,10,NULL,NULL,'2014-07-04','2015-01-30',NULL,NULL,'1478.00',0,0,1,0,1,1,NULL,NULL,NULL,NULL,NULL,'--- !ruby/hash:ActiveSupport::HashWithIndifferentAccess\nanschaffungskategorie: AV-Technik\nreference: invoice\numzug: zgeln\nankunftszustand: intakt\n','2015-01-30 10:01:39','2015-01-30 10:01:39',NULL),(229,'y8c2mdrwjkp6ot2y5vvx176','7a:20:0f:57:e3:6d-a9:16:87:06:df:f6-c1:6b:5b:92:6e:b4',221,122,214,11,NULL,NULL,'2013-02-11','2015-01-30',NULL,NULL,'733.00',0,0,1,0,1,1,NULL,NULL,NULL,NULL,NULL,'--- !ruby/hash:ActiveSupport::HashWithIndifferentAccess\nanschaffungskategorie: AV-Technik\nreference: invoice\numzug: zgeln\nankunftszustand: intakt\n','2015-01-30 10:01:39','2015-01-30 10:01:39',NULL),(230,'b3bbn3gheyafkwemijh7177','0c:00:31:fc:93:55-bc:97:99:71:21:d6-07:90:a5:14:b0:57',222,123,215,3,NULL,NULL,'2010-03-07','2015-01-30',NULL,NULL,'1007.00',0,0,1,0,1,1,NULL,NULL,NULL,NULL,NULL,'--- !ruby/hash:ActiveSupport::HashWithIndifferentAccess\nanschaffungskategorie: AV-Technik\nreference: invoice\numzug: zgeln\nankunftszustand: intakt\n','2015-01-30 10:01:39','2015-01-30 10:01:39',NULL),(231,'cwdxhc9773vralpuksxz178','f4:47:e5:b3:1d:06-5e:c8:56:d7:88:aa-6d:24:a2:e4:35:25',223,124,216,5,NULL,NULL,'2012-04-20','2015-01-30',NULL,NULL,'1165.00',0,0,1,0,1,1,NULL,NULL,NULL,NULL,NULL,'--- !ruby/hash:ActiveSupport::HashWithIndifferentAccess\nanschaffungskategorie: AV-Technik\nreference: invoice\numzug: zgeln\nankunftszustand: intakt\n','2015-01-30 10:01:39','2015-01-30 10:01:39',NULL),(232,'6vn4uplkwn4wgya01nuh179','4d:c3:57:b4:7d:a4-6b:75:aa:83:cb:04-ec:95:c5:e7:b2:65',224,125,217,10,NULL,NULL,'2014-08-28','2015-01-30',NULL,NULL,'1017.00',0,0,1,0,1,1,NULL,NULL,NULL,NULL,NULL,'--- !ruby/hash:ActiveSupport::HashWithIndifferentAccess\nanschaffungskategorie: AV-Technik\nreference: invoice\numzug: zgeln\nankunftszustand: intakt\n','2015-01-30 10:01:39','2015-01-30 10:01:39',NULL),(233,'0mu2ybf2pfamu80l0y4g180','4c:cf:a7:f5:b0:f3-0c:d9:dd:2c:42:35-51:05:74:7d:ff:d9',225,126,218,1,NULL,NULL,'2012-06-10','2015-01-30',NULL,NULL,'45.00',0,0,1,0,1,1,NULL,NULL,NULL,NULL,NULL,'--- !ruby/hash:ActiveSupport::HashWithIndifferentAccess\nanschaffungskategorie: AV-Technik\nreference: invoice\numzug: zgeln\nankunftszustand: intakt\n','2015-01-30 10:01:39','2015-01-30 10:01:39',NULL),(234,'dti21ffae0v2obsjknrs181','43:f3:b9:d6:c3:26-1c:87:4e:65:de:2b-fd:b7:4e:70:d9:56',226,127,219,4,NULL,NULL,'2013-06-04','2015-01-30',NULL,NULL,'378.00',0,0,1,0,1,1,NULL,NULL,NULL,NULL,NULL,'--- !ruby/hash:ActiveSupport::HashWithIndifferentAccess\nanschaffungskategorie: AV-Technik\nreference: invoice\numzug: zgeln\nankunftszustand: intakt\n','2015-01-30 10:01:39','2015-01-30 10:01:39',NULL),(235,'hyxl58g2isvxmli33yj8182','25:c4:86:91:69:46-03:4b:e8:8a:65:dc-9f:fe:dc:e6:7c:3f',227,128,220,9,NULL,NULL,'2010-05-09','2015-01-30',NULL,NULL,'284.00',0,0,1,0,1,1,NULL,NULL,NULL,NULL,NULL,'--- !ruby/hash:ActiveSupport::HashWithIndifferentAccess\nanschaffungskategorie: AV-Technik\nreference: invoice\numzug: zgeln\nankunftszustand: intakt\n','2015-01-30 10:01:39','2015-01-30 10:01:39',NULL),(236,'qp1ioapcdtw2qgx9de28183','73:d4:45:0d:c7:8a-e0:6c:7e:ff:55:3e-72:6d:c6:95:a9:29',228,129,221,10,NULL,NULL,'2012-07-09','2015-01-30',NULL,NULL,'800.00',0,0,1,0,1,1,NULL,NULL,NULL,NULL,NULL,'--- !ruby/hash:ActiveSupport::HashWithIndifferentAccess\nanschaffungskategorie: AV-Technik\nreference: invoice\numzug: zgeln\nankunftszustand: intakt\n','2015-01-30 10:01:39','2015-01-30 10:01:39',NULL),(237,'w2qfh1xcsf9ruhndv1as184','39:1d:28:38:5a:17-d0:e2:8b:23:47:d3-37:91:78:42:b8:44',229,130,222,5,NULL,NULL,'2013-08-09','2015-01-30',NULL,NULL,'745.00',0,0,1,0,1,1,NULL,NULL,NULL,NULL,NULL,'--- !ruby/hash:ActiveSupport::HashWithIndifferentAccess\nanschaffungskategorie: AV-Technik\nreference: invoice\numzug: zgeln\nankunftszustand: intakt\n','2015-01-30 10:01:39','2015-01-30 10:01:39',NULL),(238,'yh2wntjy88275wdpaud0185','83:51:6a:1a:64:92-2f:32:f4:64:2e:f9-b9:02:d5:da:70:b9',230,131,223,11,NULL,NULL,'2013-02-04','2015-01-30',NULL,NULL,'480.00',0,0,1,0,1,1,NULL,NULL,NULL,NULL,NULL,'--- !ruby/hash:ActiveSupport::HashWithIndifferentAccess\nanschaffungskategorie: AV-Technik\nreference: invoice\numzug: zgeln\nankunftszustand: intakt\n','2015-01-30 10:01:39','2015-01-30 10:01:39',NULL),(239,'h5yl9w9rqgk873hbs9oo186','a7:d7:1b:25:12:b3-17:76:cb:3f:be:1a-d6:91:80:d1:31:53',231,132,224,9,NULL,NULL,'2012-05-18','2015-01-30',NULL,NULL,'986.00',0,0,1,0,1,1,NULL,NULL,NULL,NULL,NULL,'--- !ruby/hash:ActiveSupport::HashWithIndifferentAccess\nanschaffungskategorie: AV-Technik\nreference: invoice\numzug: zgeln\nankunftszustand: intakt\n','2015-01-30 10:01:39','2015-01-30 10:01:39',NULL),(240,'exk669lxp1thc8tldkae187','31:f2:6d:8f:cd:c6-44:4c:0b:07:d4:63-8e:ef:18:f7:48:45',232,133,225,10,NULL,NULL,'2010-06-24','2015-01-30',NULL,NULL,'1167.00',0,0,1,0,1,1,NULL,NULL,NULL,NULL,NULL,'--- !ruby/hash:ActiveSupport::HashWithIndifferentAccess\nanschaffungskategorie: AV-Technik\nreference: invoice\numzug: zgeln\nankunftszustand: intakt\n','2015-01-30 10:01:39','2015-01-30 10:01:39',NULL),(241,'iku9jtb7yjrlveb2freh188','0e:10:a5:74:50:d1-34:58:58:4a:f7:da-33:8d:d1:cd:d6:7e',233,134,226,12,NULL,NULL,'2014-06-30','2015-01-30',NULL,NULL,'231.00',0,0,1,0,1,1,NULL,NULL,NULL,NULL,NULL,'--- !ruby/hash:ActiveSupport::HashWithIndifferentAccess\nanschaffungskategorie: AV-Technik\nreference: invoice\numzug: zgeln\nankunftszustand: intakt\n','2015-01-30 10:01:39','2015-01-30 10:01:39',NULL),(242,'6i5sg60ys7ykwjxug8kl189','3a:ce:44:44:24:b9-4c:36:e2:b3:fd:6f-4d:d9:bb:fe:e0:06',234,135,227,8,NULL,NULL,'2014-03-02','2015-01-30',NULL,NULL,'1209.00',0,0,1,0,1,1,NULL,NULL,NULL,NULL,NULL,'--- !ruby/hash:ActiveSupport::HashWithIndifferentAccess\nanschaffungskategorie: AV-Technik\nreference: invoice\numzug: zgeln\nankunftszustand: intakt\n','2015-01-30 10:01:39','2015-01-30 10:01:39',NULL),(243,'ngpqcf8bp711atsj9s2v190','a3:62:af:c8:e8:2e-38:04:5c:af:04:d1-ca:0e:46:f0:ed:06',235,136,228,10,NULL,NULL,'2012-03-02','2015-01-30',NULL,NULL,'941.00',0,0,1,0,1,1,NULL,NULL,NULL,NULL,NULL,'--- !ruby/hash:ActiveSupport::HashWithIndifferentAccess\nanschaffungskategorie: AV-Technik\nreference: invoice\numzug: zgeln\nankunftszustand: intakt\n','2015-01-30 10:01:39','2015-01-30 10:01:39',NULL),(244,'ftaifks523augt3jlvfc191','ad:94:29:0c:d5:14-64:fe:b6:d2:4e:f2-7b:5f:14:9b:57:69',236,137,229,2,NULL,NULL,'2014-06-26','2015-01-30',NULL,NULL,'313.00',0,0,1,0,1,1,NULL,NULL,NULL,NULL,NULL,'--- !ruby/hash:ActiveSupport::HashWithIndifferentAccess\nanschaffungskategorie: AV-Technik\nreference: invoice\numzug: zgeln\nankunftszustand: intakt\n','2015-01-30 10:01:39','2015-01-30 10:01:39',NULL),(245,'7tgdhj9tzut6nt6n8i17192','b8:fc:69:3e:18:cc-0c:ac:55:26:36:c5-dc:8f:92:03:c6:00',237,138,230,7,NULL,NULL,'2011-02-07','2015-01-30',NULL,NULL,'1154.00',0,0,1,0,1,1,NULL,NULL,NULL,NULL,NULL,'--- !ruby/hash:ActiveSupport::HashWithIndifferentAccess\nanschaffungskategorie: AV-Technik\nreference: invoice\numzug: zgeln\nankunftszustand: intakt\n','2015-01-30 10:01:39','2015-01-30 10:01:39',NULL),(246,'cswterz037j9np7cenn2193','db:10:51:6f:3f:0e-dd:cb:96:f9:a5:ad-45:ad:eb:34:5c:e5',238,139,231,6,NULL,NULL,'2010-03-20','2015-01-30',NULL,NULL,'754.00',0,0,1,0,1,1,NULL,NULL,NULL,NULL,NULL,'--- !ruby/hash:ActiveSupport::HashWithIndifferentAccess\nanschaffungskategorie: AV-Technik\nreference: invoice\numzug: zgeln\nankunftszustand: intakt\n','2015-01-30 10:01:39','2015-01-30 10:01:39',NULL),(247,'rim24ge0wg0e7vqsolsd194','e2:85:80:74:33:09-16:b2:bf:16:23:72-0c:4c:9b:d1:04:13',239,140,232,11,NULL,NULL,'2011-05-24','2015-01-30',NULL,NULL,'368.00',0,0,1,0,1,1,NULL,NULL,NULL,NULL,NULL,'--- !ruby/hash:ActiveSupport::HashWithIndifferentAccess\nanschaffungskategorie: AV-Technik\nreference: invoice\numzug: zgeln\nankunftszustand: intakt\n','2015-01-30 10:01:39','2015-01-30 10:01:39',NULL),(248,'lqaa3odk4ngsp7wia464195','11:4a:b0:1b:a3:ad-12:5c:af:63:9c:f4-43:01:53:f7:2b:f6',240,141,233,2,NULL,NULL,'2012-05-27','2015-01-29',NULL,NULL,'1093.00',0,0,1,0,1,1,NULL,NULL,NULL,NULL,NULL,'--- !ruby/hash:ActiveSupport::HashWithIndifferentAccess\nanschaffungskategorie: AV-Technik\nreference: invoice\numzug: zgeln\nankunftszustand: intakt\n','2015-01-29 10:01:39','2015-01-29 10:01:39',NULL),(249,'stcv1qpyvoz1nqj8kgss196','50:71:59:22:b8:e3-68:ce:c3:76:38:92-6b:a9:d0:e8:7a:78',241,142,234,10,NULL,NULL,'2012-07-25','2015-01-29',NULL,NULL,'269.00',0,0,1,0,1,1,NULL,NULL,NULL,NULL,NULL,'--- !ruby/hash:ActiveSupport::HashWithIndifferentAccess\nanschaffungskategorie: AV-Technik\nreference: invoice\numzug: zgeln\nankunftszustand: intakt\n','2015-01-29 10:01:39','2015-01-29 10:01:39',NULL),(250,'fh0kav510gpj3yczr6jl197','7a:ba:04:5a:32:f3-ce:13:ef:3c:7a:e3-b1:ce:c6:3a:94:d5',242,143,235,3,NULL,NULL,'2010-01-11','2015-01-29',NULL,NULL,'155.00',0,0,1,0,1,1,NULL,NULL,NULL,NULL,NULL,'--- !ruby/hash:ActiveSupport::HashWithIndifferentAccess\nanschaffungskategorie: AV-Technik\nreference: invoice\numzug: zgeln\nankunftszustand: intakt\n','2015-01-29 10:01:39','2015-01-29 10:01:39',NULL),(251,'dtzdj0apx9riqvry3o3u198','b1:ae:13:3f:15:48-ea:9e:ac:3d:c4:9b-79:ce:b6:c4:99:e9',243,144,236,4,NULL,NULL,'2013-11-05','2015-01-30',NULL,NULL,'694.00',0,0,1,0,1,1,NULL,NULL,NULL,NULL,NULL,'--- !ruby/hash:ActiveSupport::HashWithIndifferentAccess\nanschaffungskategorie: AV-Technik\nreference: invoice\numzug: zgeln\nankunftszustand: intakt\n','2015-01-30 10:01:39','2015-01-30 10:01:39',NULL),(252,'anexpumgb3cyu6z0mv8n199','2b:56:f8:50:8d:91-b8:1b:37:cd:ce:e9-a0:ae:72:c8:8a:f2',244,NULL,NULL,10,NULL,NULL,NULL,NULL,NULL,NULL,NULL,0,0,0,0,1,0,NULL,NULL,NULL,NULL,NULL,'--- !ruby/hash:ActiveSupport::HashWithIndifferentAccess\nlicense_type: single_workplace\nactivation_type: serial_number\noperating_system:\n- windows\n- linux\ninstallation:\n- citrix\n- web\nreference: invoice\nmaintenance_contract: \'false\'\nmaintenance_currency: CHF\n','2015-01-30 10:01:39','2015-01-30 10:01:39',NULL),(253,'yf79f5e80t4cmuk3bexs200','ba:29:46:fb:af:a5-ab:0d:a6:b8:e4:e7-a9:0e:27:c4:0e:1c',245,145,237,8,NULL,NULL,'2010-03-10','2015-01-25',NULL,NULL,'493.00',0,0,1,0,2,1,NULL,NULL,NULL,NULL,NULL,'--- !ruby/hash:ActiveSupport::HashWithIndifferentAccess\nanschaffungskategorie: AV-Technik\nreference: invoice\numzug: zgeln\nankunftszustand: intakt\n','2015-01-25 10:01:39','2015-01-25 10:01:39',NULL),(254,'kqhm00344bbu9s9vjc8z201','12:3c:f7:f6:cc:ce-de:0a:85:dc:c9:7b-5b:b4:b7:c5:58:b4',246,146,238,11,NULL,NULL,'2013-01-06','2015-01-30',NULL,NULL,'784.00',0,0,1,0,1,1,NULL,NULL,NULL,NULL,NULL,'--- !ruby/hash:ActiveSupport::HashWithIndifferentAccess\nanschaffungskategorie: AV-Technik\nreference: invoice\numzug: zgeln\nankunftszustand: intakt\n','2015-01-30 10:01:39','2015-01-30 10:01:39',NULL),(255,'d3d8596jpwn47qc5twbd202','7a:d2:6f:5b:f5:ad-8e:8c:1f:02:2a:d1-b3:2a:d6:90:b8:6e',247,NULL,NULL,9,NULL,NULL,NULL,NULL,NULL,NULL,NULL,0,0,0,0,1,0,NULL,NULL,NULL,NULL,NULL,'--- !ruby/hash:ActiveSupport::HashWithIndifferentAccess\nlicense_type: single_workplace\nactivation_type: serial_number\noperating_system:\n- windows\n- linux\ninstallation:\n- citrix\n- web\nreference: invoice\nmaintenance_contract: \'false\'\nmaintenance_currency: CHF\n','2015-01-30 10:01:39','2015-01-30 10:01:39',NULL),(256,'hu2p3er842gx0d3ai6iw203','cf:b9:b4:24:3f:93-ec:3a:ad:31:42:c1-a3:b8:a0:80:46:40',248,NULL,239,1,NULL,NULL,'2012-07-24','2015-01-30',NULL,NULL,'1395.00',0,0,1,0,1,1,NULL,NULL,NULL,NULL,NULL,'--- !ruby/hash:ActiveSupport::HashWithIndifferentAccess\nanschaffungskategorie: AV-Technik\nreference: invoice\numzug: zgeln\nankunftszustand: intakt\n','2015-01-30 10:01:39','2015-01-30 10:01:39',NULL),(257,'c9m318rn92vsj2dka3lj204','c8:81:a1:70:cf:7e-33:07:89:fa:b0:3b-9a:91:a9:f6:3e:5a',249,147,240,1,NULL,NULL,'2011-02-11','2015-01-30',NULL,NULL,'787.00',0,0,1,0,1,1,NULL,NULL,NULL,NULL,NULL,'--- !ruby/hash:ActiveSupport::HashWithIndifferentAccess\nanschaffungskategorie: AV-Technik\nreference: invoice\numzug: zgeln\nankunftszustand: intakt\n','2015-01-30 10:01:39','2015-01-30 10:01:39',NULL),(258,'trhl2psx2qxcospucuia205','4e:cf:3a:a8:4d:ee-62:82:06:ad:c2:d3-81:e5:5c:69:4d:af',250,148,241,3,NULL,NULL,'2014-07-01','2015-01-30',NULL,NULL,'1215.00',0,0,1,0,2,1,NULL,NULL,NULL,NULL,NULL,'--- !ruby/hash:ActiveSupport::HashWithIndifferentAccess\nanschaffungskategorie: AV-Technik\nreference: invoice\numzug: zgeln\nankunftszustand: intakt\n','2015-01-30 10:01:39','2015-01-30 10:01:39',NULL),(259,'ft3bfby61z6q2nc5hcrz206','d0:e7:ef:39:e9:55-9d:21:6a:f7:74:e6-8f:55:c4:69:dd:86',251,149,242,2,NULL,NULL,'2012-01-04','2015-01-30',NULL,NULL,'1498.00',0,0,1,0,2,1,NULL,NULL,NULL,NULL,NULL,'--- !ruby/hash:ActiveSupport::HashWithIndifferentAccess\nanschaffungskategorie: AV-Technik\nreference: invoice\numzug: zgeln\nankunftszustand: intakt\n','2015-01-30 10:01:39','2015-01-30 10:01:39',NULL),(260,'3cm7g2qlq2psa1fk3j6c207','8e:65:73:2a:58:ce-1f:87:5d:9e:03:e1-aa:6d:67:25:ab:e9',252,150,243,2,NULL,NULL,'2011-08-11','2015-01-30',NULL,NULL,'1434.00',0,0,1,0,2,1,NULL,NULL,NULL,NULL,NULL,'--- !ruby/hash:ActiveSupport::HashWithIndifferentAccess\nanschaffungskategorie: AV-Technik\nreference: invoice\numzug: zgeln\nankunftszustand: intakt\n','2015-01-30 10:01:39','2015-01-30 10:01:39',NULL),(261,'7nodffb9ey2b6lgfzimo208','ae:4d:5f:46:8d:82-f8:a1:69:39:4d:62-d5:72:56:fe:19:f7',253,151,244,11,NULL,NULL,'2010-12-23','2015-01-30',NULL,NULL,'601.00',0,0,1,0,1,1,NULL,NULL,NULL,NULL,NULL,'--- !ruby/hash:ActiveSupport::HashWithIndifferentAccess\nanschaffungskategorie: AV-Technik\nreference: invoice\numzug: zgeln\nankunftszustand: intakt\n','2015-01-30 10:01:39','2015-01-30 10:01:39',NULL),(262,'mbi13k41beowmzxv9uz5209','74:e2:86:3b:17:c3-cb:b2:da:d5:f1:ec-64:01:10:74:09:1f',254,152,245,6,NULL,NULL,'2012-12-10','2015-01-30',NULL,NULL,'925.00',0,0,1,0,1,1,NULL,NULL,NULL,NULL,NULL,'--- !ruby/hash:ActiveSupport::HashWithIndifferentAccess\nanschaffungskategorie: AV-Technik\nreference: invoice\numzug: zgeln\nankunftszustand: intakt\n','2015-01-30 10:01:39','2015-01-30 10:01:39',NULL),(263,'5ybe91tcoiz1ac00qgvn210','80:46:f1:c7:48:40-79:f6:e2:1a:20:d2-b6:a7:72:78:74:dd',255,153,246,8,NULL,NULL,'2011-09-28','2015-01-30',NULL,NULL,'216.00',0,0,1,0,1,1,NULL,NULL,NULL,NULL,NULL,'--- !ruby/hash:ActiveSupport::HashWithIndifferentAccess\nanschaffungskategorie: AV-Technik\nreference: invoice\numzug: zgeln\nankunftszustand: intakt\n','2015-01-30 10:01:39','2015-01-30 10:01:39',NULL),(264,'76kphzzqvvdjv8gz8wug211','e4:92:fa:d6:5c:93-fb:3c:a2:65:69:bd-5e:f5:53:7e:09:8a',256,154,247,6,NULL,NULL,'2014-02-19','2015-01-30',NULL,NULL,'1218.00',0,0,1,0,1,1,NULL,NULL,NULL,NULL,NULL,'--- !ruby/hash:ActiveSupport::HashWithIndifferentAccess\nanschaffungskategorie: AV-Technik\nreference: invoice\numzug: zgeln\nankunftszustand: intakt\n','2015-01-30 10:01:39','2015-01-30 10:01:39',NULL),(265,'81j01kyao0z06nbfa0bz212','ec:02:12:de:1a:ac-6e:db:93:7e:30:b4-cd:01:fa:57:7d:68',257,155,248,8,NULL,NULL,'2014-03-02','2015-01-30',NULL,NULL,'124.00',0,0,1,0,1,1,NULL,NULL,NULL,NULL,NULL,'--- !ruby/hash:ActiveSupport::HashWithIndifferentAccess\nanschaffungskategorie: AV-Technik\nreference: invoice\numzug: zgeln\nankunftszustand: intakt\n','2015-01-30 10:01:39','2015-01-30 10:01:39',NULL),(266,'fwy23p39xkjmd79i9m6g213','09:2c:59:29:6e:4d-3a:c3:db:4b:c4:5f-c1:e0:7c:dc:b3:00',258,156,249,3,NULL,NULL,'2014-07-31','2015-01-30',NULL,NULL,'1240.00',0,0,1,0,1,1,NULL,NULL,NULL,NULL,NULL,'--- !ruby/hash:ActiveSupport::HashWithIndifferentAccess\nanschaffungskategorie: AV-Technik\nreference: invoice\numzug: zgeln\nankunftszustand: intakt\n','2015-01-30 10:01:39','2015-01-30 10:01:39',NULL),(267,'jh0axhvsgwezqofhlj2w214','12:97:31:10:07:6a-15:1d:05:b7:ec:e4-7c:cb:d6:56:c4:e7',259,157,250,6,NULL,NULL,'2014-05-29','2015-01-30',NULL,NULL,'760.00',0,0,1,0,1,1,NULL,NULL,NULL,NULL,NULL,'--- !ruby/hash:ActiveSupport::HashWithIndifferentAccess\nanschaffungskategorie: AV-Technik\nreference: invoice\numzug: zgeln\nankunftszustand: intakt\n','2015-01-30 10:01:39','2015-01-30 10:01:39',NULL),(268,'o8uiksfh7j9fi73ekq90215','a9:ee:cd:89:f8:ab-7e:a1:a4:76:9e:7e-72:ac:18:c9:ea:da',260,158,251,10,NULL,NULL,'2011-09-16','2015-01-30',NULL,NULL,'59.00',0,0,1,0,1,1,NULL,NULL,NULL,NULL,NULL,'--- !ruby/hash:ActiveSupport::HashWithIndifferentAccess\nanschaffungskategorie: AV-Technik\nreference: invoice\numzug: zgeln\nankunftszustand: intakt\n','2015-01-30 10:01:39','2015-01-30 10:01:39',NULL),(269,'1o9bija7bg0emkac3jrn216','ae:00:6f:b5:a4:d1-1d:c1:46:5a:74:e6-b4:39:d5:c6:7d:20',261,159,252,1,NULL,NULL,'2011-10-27','2015-01-30',NULL,NULL,'1423.00',0,0,1,0,1,1,NULL,NULL,NULL,NULL,NULL,'--- !ruby/hash:ActiveSupport::HashWithIndifferentAccess\nanschaffungskategorie: AV-Technik\nreference: invoice\numzug: zgeln\nankunftszustand: intakt\n','2015-01-30 10:01:39','2015-01-30 10:01:39',NULL),(270,'22a5njdoqkshcspq5p6p217','f9:b5:61:e3:cd:e9-76:65:5d:5b:57:15-75:1e:9b:30:54:51',262,160,253,5,NULL,NULL,'2013-10-18','2015-01-30',NULL,NULL,'66.00',0,0,1,0,1,1,NULL,NULL,NULL,NULL,NULL,'--- !ruby/hash:ActiveSupport::HashWithIndifferentAccess\nanschaffungskategorie: AV-Technik\nreference: invoice\numzug: zgeln\nankunftszustand: intakt\n','2015-01-30 10:01:39','2015-01-30 10:01:39',NULL),(271,'amn0uzshocdpz2yt7zda218','5b:7c:62:ec:b2:50-39:8e:b7:5d:21:8e-d2:e4:87:34:86:6b',263,161,254,9,NULL,NULL,'2013-07-04','2015-01-30',NULL,NULL,'1091.00',0,0,1,0,1,1,NULL,NULL,NULL,NULL,NULL,'--- !ruby/hash:ActiveSupport::HashWithIndifferentAccess\nanschaffungskategorie: AV-Technik\nreference: invoice\numzug: zgeln\nankunftszustand: intakt\n','2015-01-30 10:01:39','2015-01-30 10:01:39',NULL),(272,'0lerlamihoyjrxov9ci2219','94:06:c6:65:d9:9a-35:fc:31:15:a5:41-a1:6c:dd:75:f6:ab',264,162,255,11,NULL,NULL,'2011-04-19','2015-01-30',NULL,NULL,'531.00',0,0,1,0,1,1,NULL,NULL,NULL,NULL,NULL,'--- !ruby/hash:ActiveSupport::HashWithIndifferentAccess\nanschaffungskategorie: AV-Technik\nreference: invoice\numzug: zgeln\nankunftszustand: intakt\n','2015-01-30 10:01:39','2015-01-30 10:01:39',NULL),(273,'mja6bsgx167x1gqkigra220','7c:f1:dd:44:cb:c2-0a:d5:ce:af:8e:72-ae:c2:d4:83:ec:12',265,163,256,8,NULL,NULL,'2011-07-07','2015-01-30',NULL,NULL,'857.00',0,0,1,0,1,1,NULL,NULL,NULL,NULL,NULL,'--- !ruby/hash:ActiveSupport::HashWithIndifferentAccess\nanschaffungskategorie: AV-Technik\nreference: invoice\numzug: zgeln\nankunftszustand: intakt\n','2015-01-30 10:01:39','2015-01-30 10:01:39',NULL),(274,'vjz0d2t5wy1pmkt4szt3221','ee:2b:a6:1f:45:e9-c2:3a:58:07:98:d8-d1:2f:4d:38:b5:ad',266,164,257,8,NULL,NULL,'2011-10-05','2015-01-30',NULL,NULL,'494.00',0,0,1,0,1,1,NULL,NULL,NULL,NULL,NULL,'--- !ruby/hash:ActiveSupport::HashWithIndifferentAccess\nanschaffungskategorie: AV-Technik\nreference: invoice\numzug: zgeln\nankunftszustand: intakt\n','2015-01-30 10:01:39','2015-01-30 10:01:39',NULL),(275,'o5o6ljnut37v681y9uqb222','75:52:95:ae:37:02-76:5f:88:f4:b7:11-1c:24:84:43:be:ae',267,165,258,9,NULL,NULL,'2013-09-26','2015-01-30',NULL,NULL,'1095.00',0,0,1,0,1,1,NULL,NULL,NULL,NULL,NULL,'--- !ruby/hash:ActiveSupport::HashWithIndifferentAccess\nanschaffungskategorie: AV-Technik\nreference: invoice\numzug: zgeln\nankunftszustand: intakt\n','2015-01-30 10:01:39','2015-01-30 10:01:39',NULL),(276,'scqjlgr3oevks0g2s5xr223','62:97:16:5b:d1:2d-ff:ab:4f:80:0d:62-d3:f0:f0:6b:49:2b',268,166,259,2,NULL,NULL,'2012-02-06','2015-01-25',NULL,NULL,'1230.00',0,0,1,0,1,1,NULL,NULL,NULL,NULL,NULL,'--- !ruby/hash:ActiveSupport::HashWithIndifferentAccess\nanschaffungskategorie: AV-Technik\nreference: invoice\numzug: zgeln\nankunftszustand: intakt\n','2015-01-25 10:01:39','2015-01-25 10:01:39',NULL),(277,'trr89wsef19fqywj243v224','ad:b1:9c:71:3e:af-1d:fd:65:22:78:00-1a:2c:57:45:43:2f',269,167,260,9,NULL,NULL,'2010-09-03','2015-01-25',NULL,NULL,'737.00',0,0,1,0,1,1,NULL,NULL,NULL,NULL,NULL,'--- !ruby/hash:ActiveSupport::HashWithIndifferentAccess\nanschaffungskategorie: AV-Technik\nreference: invoice\numzug: zgeln\nankunftszustand: intakt\n','2015-01-25 10:01:39','2015-01-25 10:01:39',NULL),(278,'kvdgwljo313v4arq6p6a225','76:40:c3:63:f7:99-29:11:56:59:1f:9e-88:80:06:7f:72:8a',270,168,261,10,NULL,NULL,'2014-05-18','2015-01-25',NULL,NULL,'1461.00',0,0,1,0,1,1,NULL,NULL,NULL,NULL,NULL,'--- !ruby/hash:ActiveSupport::HashWithIndifferentAccess\nanschaffungskategorie: AV-Technik\nreference: invoice\numzug: zgeln\nankunftszustand: intakt\n','2015-01-25 10:01:39','2015-01-25 10:01:39',NULL),(279,'g4z4odtfho9n8ubzegpe226','55:ac:65:5a:79:05-f4:83:7d:a9:4f:3b-4b:67:62:f9:32:ab',271,169,262,9,NULL,NULL,'2014-09-07','2015-01-29',NULL,NULL,'195.00',0,0,1,0,1,1,NULL,NULL,NULL,NULL,NULL,'--- !ruby/hash:ActiveSupport::HashWithIndifferentAccess\nanschaffungskategorie: AV-Technik\nreference: invoice\numzug: zgeln\nankunftszustand: intakt\n','2015-01-29 10:01:39','2015-01-29 10:01:39',NULL),(280,'nkrho40k9dl5fcj7dpkr227','3f:6d:f6:c9:92:d0-0f:c3:3a:06:77:6e-22:41:2c:9e:51:8e',272,170,263,10,NULL,NULL,'2013-12-04','2015-01-29',NULL,NULL,'867.00',0,0,1,0,1,1,NULL,NULL,NULL,NULL,NULL,'--- !ruby/hash:ActiveSupport::HashWithIndifferentAccess\nanschaffungskategorie: AV-Technik\nreference: invoice\numzug: zgeln\nankunftszustand: intakt\n','2015-01-29 10:01:39','2015-01-29 10:01:39',NULL),(281,'604wr7tamh5ixouw71i7228','69:b7:8b:22:e4:b8-06:1c:f5:cb:f1:b7-c7:e4:61:83:7d:51',273,171,264,5,NULL,NULL,'2012-07-13','2015-01-29',NULL,NULL,'151.00',0,0,1,0,1,1,NULL,NULL,NULL,NULL,NULL,'--- !ruby/hash:ActiveSupport::HashWithIndifferentAccess\nanschaffungskategorie: AV-Technik\nreference: invoice\numzug: zgeln\nankunftszustand: intakt\n','2015-01-29 10:01:39','2015-01-29 10:01:39',NULL),(282,'jul8sco5ckgngwll3bgv229','8a:05:c5:88:70:81-cc:67:77:31:ce:69-12:90:f5:95:5a:14',274,172,265,12,NULL,NULL,'2010-11-04','2015-01-29',NULL,NULL,'212.00',0,0,1,0,1,1,NULL,NULL,NULL,NULL,NULL,'--- !ruby/hash:ActiveSupport::HashWithIndifferentAccess\nanschaffungskategorie: AV-Technik\nreference: invoice\numzug: zgeln\nankunftszustand: intakt\n','2015-01-29 10:01:39','2015-01-29 10:01:39',NULL),(283,'ippbmngprzqteslnwxcb230','26:94:21:e4:2d:d5-14:74:00:6f:eb:be-78:eb:a3:a9:bb:17',275,173,266,1,NULL,NULL,'2013-03-16','2015-01-29',NULL,NULL,'1018.00',0,0,1,0,1,1,NULL,NULL,NULL,NULL,NULL,'--- !ruby/hash:ActiveSupport::HashWithIndifferentAccess\nanschaffungskategorie: AV-Technik\nreference: invoice\numzug: zgeln\nankunftszustand: intakt\n','2015-01-29 10:01:39','2015-01-29 10:01:39',NULL);
/*!40000 ALTER TABLE `items` ENABLE KEYS */;
UNLOCK TABLES;

--
-- Table structure for table `languages`
--

DROP TABLE IF EXISTS `languages`;
/*!40101 SET @saved_cs_client     = @@character_set_client */;
/*!40101 SET character_set_client = utf8 */;
CREATE TABLE `languages` (
  `id` int(11) NOT NULL AUTO_INCREMENT,
  `name` varchar(255) COLLATE utf8_unicode_ci DEFAULT NULL,
  `locale_name` varchar(255) COLLATE utf8_unicode_ci DEFAULT NULL,
  `default` tinyint(1) DEFAULT NULL,
  `active` tinyint(1) DEFAULT NULL,
  PRIMARY KEY (`id`),
  UNIQUE KEY `index_languages_on_name` (`name`),
  KEY `index_languages_on_active_and_default` (`active`,`default`)
) ENGINE=InnoDB AUTO_INCREMENT=5 DEFAULT CHARSET=utf8 COLLATE=utf8_unicode_ci;
/*!40101 SET character_set_client = @saved_cs_client */;

--
-- Dumping data for table `languages`
--

LOCK TABLES `languages` WRITE;
/*!40000 ALTER TABLE `languages` DISABLE KEYS */;
INSERT INTO `languages` VALUES (1,'English (UK)','en-GB',1,1),(2,'English (US)','en-US',0,1),(3,'Deutsch','de-CH',0,1),(4,'Zrittsch','gsw-CH',0,1);
/*!40000 ALTER TABLE `languages` ENABLE KEYS */;
UNLOCK TABLES;

--
-- Table structure for table `locations`
--

DROP TABLE IF EXISTS `locations`;
/*!40101 SET @saved_cs_client     = @@character_set_client */;
/*!40101 SET character_set_client = utf8 */;
CREATE TABLE `locations` (
  `id` int(11) NOT NULL AUTO_INCREMENT,
  `room` varchar(255) COLLATE utf8_unicode_ci DEFAULT NULL,
  `shelf` varchar(255) COLLATE utf8_unicode_ci DEFAULT NULL,
  `building_id` int(11) DEFAULT NULL,
  PRIMARY KEY (`id`),
  KEY `index_locations_on_building_id` (`building_id`),
  CONSTRAINT `locations_building_id_fk` FOREIGN KEY (`building_id`) REFERENCES `buildings` (`id`)
) ENGINE=InnoDB AUTO_INCREMENT=174 DEFAULT CHARSET=utf8 COLLATE=utf8_unicode_ci;
/*!40101 SET character_set_client = @saved_cs_client */;

--
-- Dumping data for table `locations`
--

LOCK TABLES `locations` WRITE;
/*!40000 ALTER TABLE `locations` DISABLE KEYS */;
INSERT INTO `locations` VALUES (1,'SQ2','Desk',1),(2,'UG 13','Ausgabe',1),(3,'Inex','etquibusdam',2),(4,'Accusantiumtenetur','sedlaboriosam',3),(5,'Voluptasautem','voluptasratione',4),(6,'Itaquequo','quamarchitecto',5),(7,'Rerumdebitis','solutaaut',6),(8,'Sapienteet','necessitatibusa',7),(9,'Autvoluptatibus','delectusoptio',8),(10,'Eaeos','utomnis',9),(11,'Suntexplicabo','veroratione',10),(12,'Necessitatibusnon','quameum',11),(13,'Teneturquia','dolorumconsequatur',12),(14,'Facilisporro','quiaquisquam',13),(15,'Autin','nameveniet',14),(16,'Quidemdolores','sedconsequatur',15),(17,'Eiusodio','repellatconsequatur',16),(18,'Estminima','voluptatemiste',17),(19,'Temporaex','itaquelaboriosam',18),(20,'Modiin','dictavoluptatum',19),(21,'Fugiatqui','quisimpedit',20),(22,'Explicaboperferendis','etvero',21),(23,'Minimavoluptas','utodio',22),(24,'Odiomolestiae','etquam',23),(25,'Exercitationemrecusandae','consequaturlabore',24),(26,'Occaecatiet','velitmodi',25),(27,'Possimusut','etaccusamus',26),(28,'Corporisunde','voluptatumdelectus',27),(29,'Veniamoccaecati','eosrerum',28),(30,'Veniameos','eosneque',29),(31,'Omnisipsum','consecteturdoloribus',30),(32,'Nonomnis','fugiatassumenda',31),(33,'Nequenon','sapientenostrum',32),(34,'Velharum','quiomnis',33),(35,'Animieos','doloreset',34),(36,'Atquevoluptatum','temporibusdelectus',35),(37,'Fugitcum','quaeratut',36),(38,'Consequatura','hicveritatis',37),(39,'Undenesciunt','doloribusautem',38),(40,'Veromolestias','nobisquibusdam',39),(41,'Fugitnatus','voluptatemdolor',40),(42,'Voluptatemnumquam','ullamnihil',41),(43,'Sapienteadipisci','etin',42),(44,'Veroanimi','accusamusaliquam',43),(45,'Totamsunt','autmolestias',44),(46,'Quimaiores','quoddolor',45),(47,'Nullaea','cummaxime',46),(48,'Necessitatibusvoluptatibus','asperioressoluta',47),(49,'Quamblanditiis','voluptasrem',48),(50,'Inaliquam','quoqui',49),(51,'Facilisasperiores','voluptateeligendi',50),(52,'Reiciendismagni','doloresmollitia',51),(53,'Quiquidem','recusandaeiste',52),(54,'Possimusarchitecto','utporro',53),(55,'Ametenim','maximenemo',54),(56,'Eaquererum','sintvoluptatem',55),(57,'Earumminima','eosin',56),(58,'Quieligendi','ametdolor',57),(59,'Commodiquis','rerumut',58),(60,'Veniammollitia','autexcepturi',59),(61,'Assumendaillo','veniamet',60),(62,'Necessitatibusquis','esttenetur',61),(63,'Quidemnihil','eaqueaut',62),(64,'Dignissimosnemo','abreprehenderit',63),(65,'Voluptatesveritatis','utiure',64),(66,'Porrohic','consequaturnatus',65),(67,'Liberoesse','quiexcepturi',66),(68,'Quiconsequatur','porroitaque',67),(69,'Providentdistinctio','sapienteassumenda',68),(70,'Autsuscipit','nesciuntipsum',69),(71,'Laborumquas','corporiset',70),(72,'Consequunturmodi','pariaturplaceat',71),(73,'Sintaut','debitisqui',72),(74,'Voluptatemofficiis','sedsed',73),(75,'Quaspossimus','quiadipisci',74),(76,'Idet','erroromnis',75),(77,'Undevitae','animieveniet',76),(78,'Quiqui','quisnon',77),(79,'Quinihil','sedodit',78),(80,'Verout','exblanditiis',79),(81,'Iureveniam','quipraesentium',80),(82,'Sedarchitecto','saepeveritatis',81),(83,'Ducimusiste','temporaaccusantium',82),(84,'Quisquamsoluta','quidemcupiditate',83),(85,'Asperioresitaque','molestiaeadipisci',84),(86,'Laboriosamerror','sedasperiores',85),(87,'Errordebitis','voluptatemut',86),(88,'Officiaquaerat','veniamvoluptatem',87),(89,'Eosomnis','laborumadipisci',88),(90,'Repellatrepudiandae','eaquisquam',89),(91,'Itaquererum','cupiditateearum',90),(92,'Suntsunt','saepeerror',91),(93,'Quiaquo','quinon',92),(94,'Repellatvoluptates','animiiusto',93),(95,'Eiusconsequatur','quisprovident',94),(96,'Exercitationemadipisci','exexpedita',95),(97,'Utiste','minimaeius',96),(98,'Eosaccusamus','quiarepellendus',97),(99,'Autquasi','velitrepudiandae',98),(100,'Laboriosammaxime','occaecatiqui',99),(101,'Quocupiditate','doloribusquia',100),(102,'Teneturexcepturi','nihiltotam',101),(103,'Molestiaeut','temporaharum',102),(104,'Sequiaccusantium','porroat',103),(105,'Suntharum','esseeum',104),(106,'Uteos','voluptateslabore',105),(107,'Eaquequisquam','quoesse',106),(108,'Sedvoluptatem','utnatus',107),(109,'Estet','perferendisaut',108),(110,'Utet','molestiaealiquid',109),(111,'Dolorumipsum','commodiquia',110),(112,'Assumendaquasi','quiaut',111),(113,'Temporaducimus','quaehic',112),(114,'Solutahic','idea',113),(115,'Voluptasvero','praesentiumsuscipit',114),(116,'Cumquemollitia','nullaitaque',115),(117,'Quidemsint','blanditiisdolorem',116),(118,'Abeos','autqui',117),(119,'Earumarchitecto','aliquidreprehenderit',118),(120,'Utet','quasisint',119),(121,'Etvoluptatem','quisconsequatur',120),(122,'Corporisdolores','eiusdolor',121),(123,'Nulladelectus','nonipsum',122),(124,'Adodit','excepturiet',123),(125,'Earumvoluptas','accusamusodio',124),(126,'Occaecatiquaerat','doloremquemollitia',125),(127,'Asperioresmolestiae','nonveniam',126),(128,'Voluptasullam','adveritatis',127),(129,'Teneturdoloribus','mollitiaexplicabo',128),(130,'Velpraesentium','etbeatae',129),(131,'Exercitationemrerum','velitasperiores',130),(132,'Debitisaccusamus','iustoquis',131),(133,'Sedodio','enimet',132),(134,'Temporeminus','itaqueet',133),(135,'Isteconsequatur','distinctioquia',134),(136,'Sintreiciendis','autnisi',135),(137,'Molestiasfacere','optionobis',136),(138,'Rationeducimus','voluptatemea',137),(139,'Harumcumque','quisalias',138),(140,'Exercitationemtemporibus','minusdolor',139),(141,'Sapienteoptio','numquamdebitis',140),(142,'Dictatotam','quiaquas',141),(143,'Voluptatemiusto','autenim',142),(144,'Nihilipsa','cumlaboriosam',143),(145,'Adipisciest','veritatisid',144),(146,'Aperiamut','minusdolor',145),(147,'Liberolabore','sapienteet',146),(148,'Natusporro','omnisillo',147),(149,'Autoccaecati','voluptatesut',148),(150,'Quaenostrum','harumvoluptas',149),(151,'Estquo','velnisi',150),(152,'Modirepellendus','iustoneque',151),(153,'Doloremmolestiae','cumillo',152),(154,'Ipsumsapiente','consecteturatque',153),(155,'Rerumunde','laudantiumlibero',154),(156,'Utvoluptas','quiillum',155),(157,'Omnisnatus','oditeum',156),(158,'Quiadicta','dictacorporis',157),(159,'Velvoluptas','maioressed',158),(160,'Sitamet','istererum',159),(161,'Molestiaeeos','voluptatevoluptatum',160),(162,'Voluptatesea','voluptatumlaboriosam',161),(163,'Numquamvitae','aliquamvelit',162),(164,'Utnon','quiaut',163),(165,'Accusantiumerror','magnamqui',164),(166,'Molestiasiure','ametdistinctio',165),(167,'Doloraut','quamtempora',166),(168,'Delenitiexercitationem','verovoluptatem',167),(169,'Culpavoluptatem','omnisofficiis',168),(170,'Quidemdelectus','sitvoluptatem',169),(171,'Debitisrepudiandae','consequaturnulla',170),(172,'Ettemporibus','consequunturlaudantium',171),(173,'Perspiciatisaut','modiporro',172);
/*!40000 ALTER TABLE `locations` ENABLE KEYS */;
UNLOCK TABLES;

--
-- Table structure for table `mail_templates`
--

DROP TABLE IF EXISTS `mail_templates`;
/*!40101 SET @saved_cs_client     = @@character_set_client */;
/*!40101 SET character_set_client = utf8 */;
CREATE TABLE `mail_templates` (
  `id` int(11) NOT NULL AUTO_INCREMENT,
  `inventory_pool_id` int(11) DEFAULT NULL,
  `language_id` int(11) DEFAULT NULL,
  `name` varchar(255) COLLATE utf8_unicode_ci DEFAULT NULL,
  `format` varchar(255) COLLATE utf8_unicode_ci DEFAULT NULL,
  `body` text COLLATE utf8_unicode_ci,
  PRIMARY KEY (`id`)
) ENGINE=InnoDB DEFAULT CHARSET=utf8 COLLATE=utf8_unicode_ci;
/*!40101 SET character_set_client = @saved_cs_client */;

--
-- Dumping data for table `mail_templates`
--

LOCK TABLES `mail_templates` WRITE;
/*!40000 ALTER TABLE `mail_templates` DISABLE KEYS */;
/*!40000 ALTER TABLE `mail_templates` ENABLE KEYS */;
UNLOCK TABLES;

--
-- Table structure for table `model_group_links`
--

DROP TABLE IF EXISTS `model_group_links`;
/*!40101 SET @saved_cs_client     = @@character_set_client */;
/*!40101 SET character_set_client = utf8 */;
CREATE TABLE `model_group_links` (
  `id` int(11) NOT NULL AUTO_INCREMENT,
  `ancestor_id` int(11) DEFAULT NULL,
  `descendant_id` int(11) DEFAULT NULL,
  `direct` tinyint(1) DEFAULT NULL,
  `count` int(11) DEFAULT NULL,
  `label` varchar(255) COLLATE utf8_unicode_ci DEFAULT NULL,
  PRIMARY KEY (`id`),
  KEY `index_model_group_links_on_ancestor_id` (`ancestor_id`),
  KEY `index_model_group_links_on_direct` (`direct`),
  KEY `index_on_descendant_id_and_ancestor_id_and_direct` (`descendant_id`,`ancestor_id`,`direct`),
  CONSTRAINT `model_group_links_descendant_id_fk` FOREIGN KEY (`descendant_id`) REFERENCES `model_groups` (`id`) ON DELETE CASCADE,
  CONSTRAINT `model_group_links_ancestor_id_fk` FOREIGN KEY (`ancestor_id`) REFERENCES `model_groups` (`id`) ON DELETE CASCADE
) ENGINE=InnoDB AUTO_INCREMENT=9 DEFAULT CHARSET=utf8 COLLATE=utf8_unicode_ci;
/*!40101 SET character_set_client = @saved_cs_client */;

--
-- Dumping data for table `model_group_links`
--

LOCK TABLES `model_group_links` WRITE;
/*!40000 ALTER TABLE `model_group_links` DISABLE KEYS */;
INSERT INTO `model_group_links` VALUES (1,2,8,1,1,NULL),(2,5,9,1,1,NULL),(3,1,9,1,1,NULL),(4,2,10,1,1,NULL),(5,5,10,1,1,NULL),(6,1,11,0,1,NULL),(7,5,11,0,1,NULL),(8,9,11,1,1,NULL);
/*!40000 ALTER TABLE `model_group_links` ENABLE KEYS */;
UNLOCK TABLES;

--
-- Table structure for table `model_groups`
--

DROP TABLE IF EXISTS `model_groups`;
/*!40101 SET @saved_cs_client     = @@character_set_client */;
/*!40101 SET character_set_client = utf8 */;
CREATE TABLE `model_groups` (
  `id` int(11) NOT NULL AUTO_INCREMENT,
  `type` varchar(255) COLLATE utf8_unicode_ci DEFAULT NULL,
  `name` varchar(255) COLLATE utf8_unicode_ci DEFAULT NULL,
  `created_at` datetime DEFAULT NULL,
  `updated_at` datetime DEFAULT NULL,
  PRIMARY KEY (`id`),
  KEY `index_model_groups_on_type` (`type`)
) ENGINE=InnoDB AUTO_INCREMENT=15 DEFAULT CHARSET=utf8 COLLATE=utf8_unicode_ci;
/*!40101 SET character_set_client = @saved_cs_client */;

--
-- Dumping data for table `model_groups`
--

LOCK TABLES `model_groups` WRITE;
/*!40000 ALTER TABLE `model_groups` DISABLE KEYS */;
INSERT INTO `model_groups` VALUES (1,'Category','Beamer','2015-01-30 10:01:39','2015-01-30 10:01:39'),(2,'Category','Kameras','2015-01-30 10:01:39','2015-01-30 10:01:39'),(3,'Category','Stative','2015-01-30 10:01:39','2015-01-30 10:01:39'),(4,'Category','Hifi-Anlagen','2015-01-30 10:01:39','2015-01-30 10:01:39'),(5,'Category','Notebooks','2015-01-30 10:01:39','2015-01-30 10:01:39'),(6,'Category','RC Helikopter','2015-01-30 10:01:39','2015-01-30 10:01:39'),(7,'Category','Computer','2015-01-30 10:01:39','2015-01-30 10:01:39'),(8,'Category','Kurzdistanz','2015-01-30 10:01:39','2015-01-30 10:01:39'),(9,'Category','Portabel','2015-01-30 10:01:39','2015-01-30 10:01:39'),(10,'Category','Standard','2015-01-30 10:01:39','2015-01-30 10:01:39'),(11,'Category','Micro','2015-01-30 10:01:39','2015-01-30 10:01:39'),(12,'Template','Kamera & Stativ','2015-01-30 10:01:39','2015-01-30 10:01:39'),(13,'Template','Beamer & Hifi','2015-01-30 10:01:39','2015-01-30 10:01:39'),(14,'Template','Unaccomplishable template','2015-01-30 10:01:39','2015-01-30 10:01:39');
/*!40000 ALTER TABLE `model_groups` ENABLE KEYS */;
UNLOCK TABLES;

--
-- Table structure for table `model_links`
--

DROP TABLE IF EXISTS `model_links`;
/*!40101 SET @saved_cs_client     = @@character_set_client */;
/*!40101 SET character_set_client = utf8 */;
CREATE TABLE `model_links` (
  `id` int(11) NOT NULL AUTO_INCREMENT,
  `model_group_id` int(11) DEFAULT NULL,
  `model_id` int(11) DEFAULT NULL,
  `quantity` int(11) DEFAULT '1',
  PRIMARY KEY (`id`),
  KEY `index_model_links_on_model_id_and_model_group_id` (`model_id`,`model_group_id`),
  KEY `index_model_links_on_model_group_id_and_model_id` (`model_group_id`,`model_id`),
  CONSTRAINT `model_links_model_id_fk` FOREIGN KEY (`model_id`) REFERENCES `models` (`id`) ON DELETE CASCADE,
  CONSTRAINT `model_links_model_group_id_fk` FOREIGN KEY (`model_group_id`) REFERENCES `model_groups` (`id`) ON DELETE CASCADE
) ENGINE=InnoDB AUTO_INCREMENT=74 DEFAULT CHARSET=utf8 COLLATE=utf8_unicode_ci;
/*!40101 SET character_set_client = @saved_cs_client */;

--
-- Dumping data for table `model_links`
--

LOCK TABLES `model_links` WRITE;
/*!40000 ALTER TABLE `model_links` DISABLE KEYS */;
INSERT INTO `model_links` VALUES (1,1,24,1),(2,1,25,1),(3,1,26,1),(4,1,27,1),(5,1,28,1),(6,1,29,1),(7,1,30,1),(8,1,31,1),(9,1,32,1),(10,1,33,1),(11,1,34,1),(12,1,35,1),(13,1,36,1),(14,1,37,1),(15,1,38,1),(16,1,39,1),(17,1,40,1),(18,1,41,1),(19,1,42,1),(20,1,43,1),(21,2,44,1),(22,2,45,1),(23,2,46,1),(24,2,47,1),(25,2,48,1),(26,2,49,1),(27,2,50,1),(28,2,51,1),(29,2,52,1),(30,2,53,1),(31,2,54,1),(32,2,55,1),(33,2,56,1),(34,2,57,1),(35,2,58,1),(36,2,59,1),(37,2,60,1),(38,2,61,1),(39,2,62,1),(40,2,63,1),(41,2,64,1),(42,2,65,1),(43,2,66,1),(44,2,67,1),(45,2,68,1),(46,2,69,1),(47,2,70,1),(48,2,71,1),(49,2,72,1),(50,2,73,1),(51,5,1,1),(52,1,2,1),(53,9,2,1),(54,1,3,1),(55,1,4,1),(56,1,6,1),(57,9,6,1),(58,11,7,1),(59,2,8,1),(60,3,9,1),(61,4,10,1),(62,2,13,1),(63,5,14,1),(64,6,15,1),(65,6,16,1),(66,6,17,1),(67,7,18,1),(68,12,8,1),(69,12,9,1),(70,13,2,1),(71,13,10,1),(72,14,8,1),(73,14,9,1);
/*!40000 ALTER TABLE `model_links` ENABLE KEYS */;
UNLOCK TABLES;

--
-- Table structure for table `models`
--

DROP TABLE IF EXISTS `models`;
/*!40101 SET @saved_cs_client     = @@character_set_client */;
/*!40101 SET character_set_client = utf8 */;
CREATE TABLE `models` (
  `id` int(11) NOT NULL AUTO_INCREMENT,
  `type` varchar(255) COLLATE utf8_unicode_ci NOT NULL DEFAULT 'Model',
  `manufacturer` varchar(255) COLLATE utf8_unicode_ci DEFAULT NULL,
  `product` varchar(255) COLLATE utf8_unicode_ci NOT NULL,
  `version` varchar(255) COLLATE utf8_unicode_ci DEFAULT NULL,
  `description` text COLLATE utf8_unicode_ci,
  `internal_description` text COLLATE utf8_unicode_ci,
  `info_url` varchar(255) COLLATE utf8_unicode_ci DEFAULT NULL,
  `rental_price` decimal(8,2) DEFAULT NULL,
  `maintenance_period` int(11) DEFAULT '0',
  `is_package` tinyint(1) DEFAULT '0',
  `technical_detail` text COLLATE utf8_unicode_ci,
  `hand_over_note` text COLLATE utf8_unicode_ci,
  `created_at` datetime DEFAULT NULL,
  `updated_at` datetime DEFAULT NULL,
  PRIMARY KEY (`id`),
  KEY `index_models_on_is_package` (`is_package`),
  KEY `index_models_on_type` (`type`)
) ENGINE=InnoDB AUTO_INCREMENT=276 DEFAULT CHARSET=utf8 COLLATE=utf8_unicode_ci;
/*!40101 SET character_set_client = @saved_cs_client */;

--
-- Dumping data for table `models`
--

LOCK TABLES `models` WRITE;
/*!40000 ALTER TABLE `models` DISABLE KEYS */;
INSERT INTO `models` VALUES (1,'Model','Apple','MacBookPro',NULL,'Laptop fr Studis und Angestellte.','Aut et quasi deleniti facilis dolorem.',NULL,NULL,0,0,'Ut provident non placeat similique ullam quia.','Mit Verpackung aushndigen.','2015-01-30 10:01:39','2015-01-30 10:01:39'),(2,'Model','Sharp','Sharp Beamer','123','Beamer, geeignet fr alle Verwendungszwecke.','Et et sequi omnis voluptatibus aut libero exercitationem.',NULL,NULL,0,0,'Qui ratione qui impedit aperiam rerum in omnis.','Beamer braucht ein VGA Kabel!','2015-01-30 10:01:39','2015-01-30 10:01:39'),(3,'Model','Sharp','Sharp Beamer 2D',NULL,'Beamer, geeignet fr alle Verwendungszwecke.','Amet corporis magnam qui distinctio harum dolor consequatur perferendis.',NULL,NULL,0,0,'Occaecati blanditiis mollitia eius illo non exercitationem beatae.','At quisquam voluptatem libero esse doloremque autem est.','2015-01-30 10:01:39','2015-01-30 10:01:39'),(4,'Model','Panasonic','Mini Beamer',NULL,'Beamer, geeignet fr alle Verwendungszwecke.','Suscipit voluptas voluptas architecto voluptatem iusto quaerat.',NULL,NULL,0,0,'Voluptatum ducimus aut vero dolore.','Assumenda quisquam reiciendis neque sint.','2015-01-30 10:01:39','2015-01-30 10:01:39'),(5,'Model','Panasonic','Sharp Beamer','456','Beamer, geeignet fr alle Verwendungszwecke.','Et rerum voluptates qui.',NULL,NULL,0,0,'Nulla cum aut fugiat.','Beamer braucht ein VGA Kabel!','2015-01-30 10:01:39','2015-01-30 10:01:39'),(6,'Model','Sony','Ultra Compact Beamer',NULL,'Besonders kleiner Beamer.','Nobis omnis nihil qui et molestias repellendus vel.',NULL,NULL,0,0,'Doloremque sed cumque sit et magnam impedit illo cum.','Beamer braucht ein VGA Kabel!','2015-01-30 10:01:39','2015-01-30 10:01:39'),(7,'Model','Micro','Micro Beamer',NULL,'Besonders mikro kleiner Beamer.','Non qui enim quo animi suscipit.',NULL,NULL,0,0,'Commodi et sint veritatis vitae temporibus facilis.','Beamer braucht ein VGA Kabel!','2015-01-30 10:01:39','2015-01-30 10:01:39'),(8,'Model','Nikon','Kamera Nikon','X12','Super Kamera.','Enim aperiam magnam architecto eum mollitia est.',NULL,NULL,0,0,'Ut aperiam omnis rerum sequi animi facilis exercitationem sit.','Kamera braucht Akkus!','2015-01-30 10:01:39','2015-01-30 10:01:39'),(9,'Model','Feli','Kamera Stativ','123','Stabiles Kamera Stativ','Esse aperiam distinctio nemo cum enim et unde.',NULL,NULL,0,0,'Exercitationem ipsa doloremque atque cupiditate et.','Stativ muss mit Stativtasche ausgehndigt werden.','2015-01-30 10:01:39','2015-01-30 10:01:39'),(10,'Model','Sony','Hifi Standard',NULL,'Qui aliquam dolores porro.','Est eos doloremque aut.',NULL,NULL,0,0,'Alias temporibus dolorem vel est vitae eaque earum ratione.','Neque quia nam inventore ut omnis.','2015-01-30 10:01:39','2015-01-30 10:01:39'),(11,'Model','Bose','Bose AE2W',NULL,'Voluptas ipsa quod. Et hic aspernatur nobis cum. Natus non ut ut accusamus.','Est assumenda officia deleniti sint.',NULL,NULL,0,0,'Consequatur corrupti velit consequuntur minus et perspiciatis et cupiditate.','Sed veniam temporibus reprehenderit quibusdam quisquam voluptas fuga.','2015-01-30 10:01:39','2015-01-30 10:01:39'),(12,'Model','Bose','Bose XG4',NULL,'Labore in placeat distinctio et sint. Soluta laborum eveniet consequatur ipsa. Eum ex possimus repellat. Magnam qui omnis voluptates quo odio nulla. Aut deleniti quia rerum cupiditate.','Non dolorem praesentium minima.',NULL,NULL,2,0,'Dolorum voluptas minima quia quasi.','Beatae temporibus sit aut omnis tenetur doloribus.','2015-01-30 10:01:39','2015-01-30 10:01:39'),(13,'Model','Canon','Kamera Canon D5',NULL,'Ganz teure Kamera','Necessitatibus ipsam deleniti voluptatum ut itaque sunt similique perferendis.',NULL,NULL,0,0,'Voluptatem minus occaecati et in est at praesentium.','Kamera braucht Akkus!','2015-01-30 10:01:39','2015-01-30 10:01:39'),(14,'Model','Microsoft','Windows Laptop',NULL,'Ein Laptop der Marke Microsoft','Neque dolor provident sint quos et.',NULL,NULL,0,0,'Officiis minima ipsa id culpa.','Laptop mit Tasche ausgeben','2015-01-30 10:01:39','2015-01-30 10:01:39'),(15,'Model','Walkera','Walkera v120','1G','3D Helikopter','Impedit ea voluptatum voluptatem id repellat.',NULL,NULL,0,0,'Omnis molestiae id quis.','Iste dolorem officia vel voluptates non optio.','2015-01-30 10:01:39','2015-01-30 10:01:39'),(16,'Model','Walkera','Walkera v120','2G','3D Helikopter','Occaecati rerum porro iusto.',NULL,NULL,0,0,'Voluptas et est quidem quisquam.','Perferendis iure exercitationem accusamus.','2015-01-30 10:01:39','2015-01-30 10:01:39'),(17,'Model','Walkera','Walkera v120','3G','3D Helikopter','Nisi recusandae voluptas porro sed ut consequatur id ipsa.',NULL,NULL,0,0,'Sed sint voluptate dolores excepturi aliquam quas quae.','Exercitationem ut sed provident non at.','2015-01-30 10:01:39','2015-01-30 10:01:39'),(18,'Model','Apple','iMac',NULL,'Apples alter iMac','Eos assumenda iste quas.',NULL,NULL,0,0,'Nam veritatis vel voluptatibus ducimus iste illum esse repellendus.','Aut et eos esse laborum.','2015-01-30 10:01:39','2015-01-30 10:01:39'),(19,'Model','Apple','MacBook Air',NULL,'Aliquam velit iusto ut est earum.','Est iste aut ipsa ad ipsam sunt.',NULL,NULL,0,0,'Non repellendus harum sed suscipit molestiae deleniti.','Et velit nobis sit.','2015-01-30 10:01:39','2015-01-30 10:01:39'),(20,'Model','Lenovo','Thinkpad','X230','Pariatur dolorem magnam labore rerum ut ab quis.','Non eum a vel dolores aut in qui voluptatem.',NULL,NULL,0,0,'Dolor vitae tempora sapiente voluptas.','Voluptas expedita odit unde architecto.','2015-01-30 10:01:39','2015-01-30 10:01:39'),(21,'Model','Lenovo','Thinkpad','X301','Ut alias sit est dolor.','Eos voluptatem voluptatem temporibus omnis.',NULL,NULL,0,0,'Hic odio aliquam qui libero quasi error.','Aut earum dolor quam nam dolores assumenda iure est.','2015-01-30 10:01:39','2015-01-30 10:01:39'),(22,'Model','Lenovo','Thinkpad','Carbon','Recusandae quas omnis et ea veniam voluptatem totam tempora.','Sequi et harum soluta voluptas neque sapiente ducimus.',NULL,NULL,0,0,'Laboriosam maxime dolores cumque atque.','Et debitis eos nihil.','2015-01-30 10:01:39','2015-01-30 10:01:39'),(23,'Model','Dell','Inspiron','7000','Recusandae ut deserunt odio voluptas aut sit dolorem.','Ad quia illum impedit tempora ut.',NULL,NULL,0,0,'Et accusantium distinctio numquam aut aliquam consequuntur iste.','Sunt deserunt nulla fuga cumque quaerat explicabo ullam.','2015-01-30 10:01:39','2015-01-30 10:01:39'),(24,'Model','Sony','Beamer 1 facilis','1','Autem nisi aut voluptas quas nihil fugit ut qui.','Minima ut doloribus voluptatum voluptates et ducimus.',NULL,NULL,0,0,'Consequatur maxime aut sit unde facilis.','Beamer braucht ein VGA Kabel!','2015-01-30 10:01:39','2015-01-30 10:01:39'),(25,'Model','Sony','Beamer 2 porro','2','Accusantium repudiandae unde aut pariatur nemo ipsam.','Laborum quaerat voluptate ut aspernatur.',NULL,NULL,0,0,'Reprehenderit et et at quam.','Beamer braucht ein VGA Kabel!','2015-01-30 10:01:39','2015-01-30 10:01:39'),(26,'Model','Sony','Beamer 3 eum','3','Velit maxime nihil laudantium.','Odit eum et iste sint.',NULL,NULL,0,0,'Nihil pariatur minima non adipisci.','Beamer braucht ein VGA Kabel!','2015-01-30 10:01:39','2015-01-30 10:01:39'),(27,'Model','Sony','Beamer 4 ratione','4','Cupiditate nobis vero dolor.','Nisi minima qui repellat placeat reiciendis.',NULL,NULL,0,0,'Fugiat est nobis voluptas modi.','Beamer braucht ein VGA Kabel!','2015-01-30 10:01:39','2015-01-30 10:01:39'),(28,'Model','Sony','Beamer 5 aliquid','5','Molestias exercitationem sit expedita necessitatibus alias quam occaecati.','Laudantium aliquam possimus sed magni sed aliquid.',NULL,NULL,0,0,'Incidunt possimus aliquid repudiandae.','Beamer braucht ein VGA Kabel!','2015-01-30 10:01:39','2015-01-30 10:01:39'),(29,'Model','Sony','Beamer 6 magnam','6','Accusamus maiores nesciunt qui tenetur similique quam.','Doloremque amet id rerum nihil accusantium.',NULL,NULL,0,0,'Nesciunt corporis sapiente sint iste.','Beamer braucht ein VGA Kabel!','2015-01-30 10:01:39','2015-01-30 10:01:39'),(30,'Model','Sony','Beamer 7 cum','7','Molestiae odio et perspiciatis adipisci.','Vel exercitationem unde odio error commodi accusantium iure.',NULL,NULL,0,0,'Perferendis at tempore perspiciatis.','Beamer braucht ein VGA Kabel!','2015-01-30 10:01:39','2015-01-30 10:01:39'),(31,'Model','Sony','Beamer 8 maiores','8','Qui quo rerum modi aut.','Aliquam voluptas magnam sunt nostrum.',NULL,NULL,0,0,'Ex sed veritatis nostrum autem saepe quas.','Beamer braucht ein VGA Kabel!','2015-01-30 10:01:39','2015-01-30 10:01:39'),(32,'Model','Sony','Beamer 9 cupiditate','9','Eaque accusantium molestiae iste distinctio expedita.','Dolores tenetur et quidem odio odit voluptatem sit mollitia.',NULL,NULL,0,0,'Sunt nemo qui placeat culpa illum alias.','Beamer braucht ein VGA Kabel!','2015-01-30 10:01:39','2015-01-30 10:01:39'),(33,'Model','Sony','Beamer 10 dolores','10','Ab placeat quisquam dolores natus qui voluptatem.','Harum suscipit consequatur voluptates veniam asperiores aut distinctio.',NULL,NULL,0,0,'Mollitia vero eius minima veritatis blanditiis accusantium est adipisci.','Beamer braucht ein VGA Kabel!','2015-01-30 10:01:39','2015-01-30 10:01:39'),(34,'Model','Sony','Beamer 11 autem','11','Enim dolor ea qui voluptatem velit eum modi.','Dolor ea laboriosam repudiandae.',NULL,NULL,0,0,'Quidem vero sed possimus eum recusandae.','Beamer braucht ein VGA Kabel!','2015-01-30 10:01:39','2015-01-30 10:01:39'),(35,'Model','Sony','Beamer 12 sed','12','Ut non dignissimos et at necessitatibus.','Qui laudantium quidem vel ut voluptas consequatur.',NULL,NULL,0,0,'Est rerum illo ipsam accusamus omnis aut suscipit quibusdam.','Beamer braucht ein VGA Kabel!','2015-01-30 10:01:39','2015-01-30 10:01:39'),(36,'Model','Sony','Beamer 13 qui','13','Totam et quisquam magni sed fugiat dolorum aperiam qui.','Ea voluptates soluta ipsam quidem.',NULL,NULL,0,0,'Molestiae et aliquid qui esse debitis asperiores.','Beamer braucht ein VGA Kabel!','2015-01-30 10:01:39','2015-01-30 10:01:39'),(37,'Model','Sony','Beamer 14 qui','14','Enim quae quo est culpa quis magni officia aut.','Omnis aut non et voluptatibus autem consequatur ut nam.',NULL,NULL,0,0,'Porro quidem non veniam perspiciatis consequatur.','Beamer braucht ein VGA Kabel!','2015-01-30 10:01:39','2015-01-30 10:01:39'),(38,'Model','Sony','Beamer 15 neque','15','Hic numquam eveniet dolores.','Temporibus quas consequatur est aperiam.',NULL,NULL,0,0,'Sed voluptatum debitis ut magni voluptas non necessitatibus.','Beamer braucht ein VGA Kabel!','2015-01-30 10:01:39','2015-01-30 10:01:39'),(39,'Model','Sony','Beamer 16 rerum','16','Nisi inventore rerum itaque aperiam nostrum quia aut.','Amet quasi non molestiae quia.',NULL,NULL,0,0,'Sequi voluptatem fugiat aut necessitatibus.','Beamer braucht ein VGA Kabel!','2015-01-30 10:01:39','2015-01-30 10:01:39'),(40,'Model','Sony','Beamer 17 vitae','17','Animi et tempora voluptates neque blanditiis.','Ut quae placeat odio delectus quia blanditiis quidem.',NULL,NULL,0,0,'Excepturi delectus rerum iusto.','Beamer braucht ein VGA Kabel!','2015-01-30 10:01:39','2015-01-30 10:01:39'),(41,'Model','Sony','Beamer 18 magnam','18','Voluptate sed nulla ea doloremque voluptatem voluptatum atque incidunt.','Sit doloribus assumenda eum facere.',NULL,NULL,0,0,'Harum odit consequatur voluptate eum quidem.','Beamer braucht ein VGA Kabel!','2015-01-30 10:01:39','2015-01-30 10:01:39'),(42,'Model','Sony','Beamer 19 laudantium','19','Ipsum asperiores dolorem nesciunt et.','Deleniti animi tempore quia maiores inventore aperiam aut.',NULL,NULL,0,0,'Tempora exercitationem quos laborum nemo consectetur.','Beamer braucht ein VGA Kabel!','2015-01-30 10:01:39','2015-01-30 10:01:39'),(43,'Model','Sony','Beamer 20 illo','20','Quia dolorum aut minima magni illum omnis temporibus animi.','Nam facilis nostrum totam reiciendis occaecati rerum.',NULL,NULL,0,0,'Eum laboriosam assumenda nihil.','Beamer braucht ein VGA Kabel!','2015-01-30 10:01:39','2015-01-30 10:01:39'),(44,'Model','Nikon','Kameras 1 et','21','Perspiciatis tenetur eligendi odit consectetur quam repudiandae.','Incidunt laudantium magni enim quod aut minima.',NULL,NULL,0,0,'Est sit non reprehenderit numquam nesciunt dolore pariatur perspiciatis.',NULL,'2015-01-30 10:01:39','2015-01-30 10:01:39'),(45,'Model','Nikon','Kameras 2 et','22','Voluptates vero ut eos.','Consequatur tempore et incidunt at.',NULL,NULL,0,0,'Rerum officiis autem consequatur.',NULL,'2015-01-30 10:01:39','2015-01-30 10:01:39'),(46,'Model','Nikon','Kameras 3 esse','23','Sit ad non rem.','Ratione aut eaque ut aut illum.',NULL,NULL,0,0,'Provident nulla esse voluptas tenetur repudiandae et minus cumque.',NULL,'2015-01-30 10:01:39','2015-01-30 10:01:39'),(47,'Model','Nikon','Kameras 4 quo','24','Culpa rem est asperiores itaque iure nobis velit facere.','Non earum autem rem accusantium.',NULL,NULL,0,0,'Ut distinctio doloremque dolore aut et dolores.',NULL,'2015-01-30 10:01:39','2015-01-30 10:01:39'),(48,'Model','Nikon','Kameras 5 consectetur','25','Veritatis qui ipsum hic maxime.','Non quam ut dolorem iste veniam.',NULL,NULL,0,0,'Modi rem ut facilis ut qui maxime fugit.',NULL,'2015-01-30 10:01:39','2015-01-30 10:01:39'),(49,'Model','Nikon','Kameras 6 magni','26','Eum error suscipit ad et.','Suscipit quibusdam est ullam maxime hic perferendis aut.',NULL,NULL,0,0,'Blanditiis eos sint error labore ipsa.',NULL,'2015-01-30 10:01:39','2015-01-30 10:01:39'),(50,'Model','Nikon','Kameras 7 rerum','27','Vitae dolor animi fugiat ea odit quidem.','Quia porro qui nemo.',NULL,NULL,0,0,'Aut adipisci similique deserunt occaecati iste deleniti ipsam non.',NULL,'2015-01-30 10:01:39','2015-01-30 10:01:39'),(51,'Model','Nikon','Kameras 8 at','28','Cum mollitia quibusdam nulla id assumenda.','Et unde dignissimos numquam perferendis.',NULL,NULL,0,0,'Quas veritatis nostrum vel enim.',NULL,'2015-01-30 10:01:39','2015-01-30 10:01:39'),(52,'Model','Nikon','Kameras 9 ut','29','Consequuntur ea rem voluptatibus tenetur praesentium sit.','Magnam amet id omnis ut saepe vero nesciunt.',NULL,NULL,0,0,'Fuga corrupti non enim ipsa rem in optio.',NULL,'2015-01-30 10:01:39','2015-01-30 10:01:39'),(53,'Model','Nikon','Kameras 10 fugiat','30','Recusandae possimus voluptatem cum sit.','Eum aliquam doloribus id non et enim corrupti.',NULL,NULL,0,0,'Distinctio ea quasi illum.',NULL,'2015-01-30 10:01:39','2015-01-30 10:01:39'),(54,'Model','Nikon','Kameras 11 explicabo','31','Officia nisi voluptatem enim quis deleniti in.','Et assumenda ut excepturi architecto.',NULL,NULL,0,0,'Esse voluptatem fuga voluptatem vel non ut.',NULL,'2015-01-30 10:01:39','2015-01-30 10:01:39'),(55,'Model','Nikon','Kameras 12 earum','32','Et laudantium qui fugit laboriosam eos enim facere et.','Nulla odit veritatis numquam nam est ullam consequatur iste.',NULL,NULL,0,0,'Inventore ipsam nihil voluptatum.',NULL,'2015-01-30 10:01:39','2015-01-30 10:01:39'),(56,'Model','Nikon','Kameras 13 saepe','33','Molestias officiis in occaecati.','Laudantium et quibusdam debitis officia.',NULL,NULL,0,0,'Rerum consectetur nesciunt suscipit repellendus quis illum atque.',NULL,'2015-01-30 10:01:39','2015-01-30 10:01:39'),(57,'Model','Nikon','Kameras 14 optio','34','Harum cupiditate autem rerum voluptatibus reiciendis impedit.','Consectetur commodi voluptate libero est dolor accusamus modi.',NULL,NULL,0,0,'Ut pariatur qui sit.',NULL,'2015-01-30 10:01:39','2015-01-30 10:01:39'),(58,'Model','Nikon','Kameras 15 recusandae','35','Voluptatibus sunt sint iure.','Est dolores non voluptates voluptas repudiandae nostrum necessitatibus.',NULL,NULL,0,0,'Quia et perspiciatis minima sit eveniet consequatur autem provident.',NULL,'2015-01-30 10:01:39','2015-01-30 10:01:39'),(59,'Model','Nikon','Kameras 16 sed','36','Inventore consequatur alias ratione ut.','Quo non libero nisi.',NULL,NULL,0,0,'Aliquid libero ea distinctio sit magni.',NULL,'2015-01-30 10:01:39','2015-01-30 10:01:39'),(60,'Model','Nikon','Kameras 17 et','37','Rerum quae soluta nobis.','Iure suscipit ut ut.',NULL,NULL,0,0,'Sed ratione excepturi quo consequuntur placeat perspiciatis doloribus nihil.',NULL,'2015-01-30 10:01:39','2015-01-30 10:01:39'),(61,'Model','Nikon','Kameras 18 velit','38','Placeat libero atque quisquam et occaecati natus aut.','Enim magnam iusto culpa eius ut.',NULL,NULL,0,0,'Tempora architecto nisi et nihil atque.',NULL,'2015-01-30 10:01:39','2015-01-30 10:01:39'),(62,'Model','Nikon','Kameras 19 quibusdam','39','Aliquid dolore et sunt enim aperiam quia quo nesciunt.','Dolores provident vero voluptatem aliquid esse id eligendi.',NULL,NULL,0,0,'Aut magnam id est sit inventore.',NULL,'2015-01-30 10:01:39','2015-01-30 10:01:39'),(63,'Model','Nikon','Kameras 20 hic','40','Sit voluptatem ipsa eligendi rem sit.','Architecto est aut et iste et nulla.',NULL,NULL,0,0,'Totam culpa in nesciunt eos adipisci earum.',NULL,'2015-01-30 10:01:39','2015-01-30 10:01:39'),(64,'Model','Nikon','Kameras 21 et','41','Laudantium et sint perspiciatis.','Culpa magni vitae laboriosam.',NULL,NULL,0,0,'Quidem id minus aperiam quae architecto.',NULL,'2015-01-30 10:01:39','2015-01-30 10:01:39'),(65,'Model','Nikon','Kameras 22 aut','42','Beatae qui ipsa aut nobis voluptas maxime asperiores sunt.','Doloribus quaerat ea ad unde quidem perferendis fugiat.',NULL,NULL,0,0,'Consectetur accusamus voluptas harum officiis molestiae.',NULL,'2015-01-30 10:01:39','2015-01-30 10:01:39'),(66,'Model','Nikon','Kameras 23 molestiae','43','Sunt quis sit voluptate consequatur ab.','Facere molestiae quas eos aliquid accusamus numquam.',NULL,NULL,0,0,'In reiciendis consectetur facilis consequatur in tenetur ut rerum.',NULL,'2015-01-30 10:01:39','2015-01-30 10:01:39'),(67,'Model','Nikon','Kameras 24 dolores','44','Voluptatem non ut molestiae repellendus eos ipsum minima.','Id qui ex soluta.',NULL,NULL,0,0,'Illum possimus aspernatur odit blanditiis maiores.',NULL,'2015-01-30 10:01:39','2015-01-30 10:01:39'),(68,'Model','Nikon','Kameras 25 nesciunt','45','Eligendi praesentium rem accusamus magnam qui aut et.','Qui omnis temporibus reprehenderit et commodi.',NULL,NULL,0,0,'Illum ipsa quod qui modi beatae mollitia commodi ducimus.',NULL,'2015-01-30 10:01:39','2015-01-30 10:01:39'),(69,'Model','Nikon','Kameras 26 corporis','46','Eum nesciunt sapiente velit.','Sint repudiandae ipsa illum recusandae voluptatem ab nobis natus.',NULL,NULL,0,0,'Officiis consequatur dolorem iste sit aut.',NULL,'2015-01-30 10:01:39','2015-01-30 10:01:39'),(70,'Model','Nikon','Kameras 27 sunt','47','Iste veniam sed eaque reprehenderit fugit impedit optio.','Ut nulla consequatur explicabo enim aliquam ducimus consequatur.',NULL,NULL,0,0,'Veritatis est nihil voluptas cumque consequatur qui animi debitis.',NULL,'2015-01-30 10:01:39','2015-01-30 10:01:39'),(71,'Model','Nikon','Kameras 28 rem','48','Voluptas et itaque rerum odit deserunt consectetur ad.','Incidunt error est repudiandae in ut ea.',NULL,NULL,0,0,'Reprehenderit qui mollitia distinctio alias cum quia.',NULL,'2015-01-30 10:01:39','2015-01-30 10:01:39'),(72,'Model','Nikon','Kameras 29 et','49','Vitae similique asperiores assumenda voluptatem.','Vel ipsam quibusdam distinctio aliquid perferendis quia rerum.',NULL,NULL,0,0,'Commodi et omnis possimus ad cumque enim qui dolores.',NULL,'2015-01-30 10:01:39','2015-01-30 10:01:39'),(73,'Model','Nikon','Kameras 30 aliquam','50','Et veritatis molestiae dolore saepe.','Eos alias sequi veritatis labore et occaecati et ut.',NULL,NULL,0,0,'Dolor itaque nihil quo cumque omnis.',NULL,'2015-01-30 10:01:39','2015-01-30 10:01:39'),(74,'Software','Ruecker, Batz and Douglas','Adobe Acrobat','51',NULL,NULL,NULL,NULL,0,0,'test http://test.ch\\r\nwww.foo.ch\\r\njust a text',NULL,'2015-01-30 10:01:39','2015-01-30 10:01:39'),(75,'Software','Bartoletti, Kunze and Champlin','MS Word','52',NULL,NULL,NULL,NULL,0,0,'test http://test.ch\\r\nwww.foo.ch\\r\njust a text',NULL,'2015-01-30 10:01:39','2015-01-30 10:01:39'),(76,'Software','Ferry-Graham','Practical Concrete Gloves','53',NULL,NULL,NULL,NULL,0,0,NULL,NULL,'2015-01-30 10:01:39','2015-01-30 10:01:39'),(77,'Software','Buckridge, Wiza and Streich','Rustic Cotton Table','54',NULL,NULL,NULL,NULL,0,0,NULL,NULL,'2015-01-30 10:01:39','2015-01-30 10:01:39'),(78,'Software','Rippin and Sons','Intelligent Plastic Chair','55',NULL,NULL,NULL,NULL,0,0,NULL,NULL,'2015-01-30 10:01:39','2015-01-30 10:01:39'),(79,'Software','Bosco, Adams and Mueller','Ergonomic Plastic Chair','56',NULL,NULL,NULL,NULL,0,0,NULL,NULL,'2015-01-30 10:01:39','2015-01-30 10:01:39'),(80,'Software','Greenholt, Legros and Bradtke','Small Steel Table','57',NULL,NULL,NULL,NULL,0,0,NULL,NULL,'2015-01-30 10:01:39','2015-01-30 10:01:39'),(81,'Software','Fisher-Roob','Awesome Cotton Chair','58',NULL,NULL,NULL,NULL,0,0,NULL,NULL,'2015-01-30 10:01:39','2015-01-30 10:01:39'),(82,'Software','Hahn, Jacobs and Kulas','Intelligent Wooden Hat','59',NULL,NULL,NULL,NULL,0,0,NULL,NULL,'2015-01-30 10:01:39','2015-01-30 10:01:39'),(83,'Software','Toy-Macejkovic','Incredible Wooden Shirt','60',NULL,NULL,NULL,NULL,0,0,NULL,NULL,'2015-01-30 10:01:39','2015-01-30 10:01:39'),(84,'Software','Mosciski, Haag and Rutherford','Fantastic Granite Shoes','61',NULL,NULL,NULL,NULL,0,0,NULL,NULL,'2015-01-30 10:01:39','2015-01-30 10:01:39'),(85,'Software','Wisozk-Mertz','Incredible Rubber Table','62',NULL,NULL,NULL,NULL,0,0,NULL,NULL,'2015-01-30 10:01:39','2015-01-30 10:01:39'),(86,'Software','Schmeler LLC','Small Granite Shoes','63',NULL,NULL,NULL,NULL,0,0,NULL,NULL,'2015-01-30 10:01:39','2015-01-30 10:01:39'),(87,'Software','Walker Inc','Gorgeous Concrete Chair','64',NULL,NULL,NULL,NULL,0,0,NULL,NULL,'2015-01-30 10:01:39','2015-01-30 10:01:39'),(88,'Software','Gibson, Schultz and Jast','Fantastic Steel Shirt','65',NULL,NULL,NULL,NULL,0,0,NULL,NULL,'2015-01-30 10:01:39','2015-01-30 10:01:39'),(89,'Software','Mills-Harber','Practical Plastic Shirt','66',NULL,NULL,NULL,NULL,0,0,NULL,NULL,'2015-01-30 10:01:39','2015-01-30 10:01:39'),(90,'Model','Conn-Vandervort','Kamera Set','67','Aut repudiandae dolor nulla mollitia consequatur.','Cupiditate sed vel pariatur libero et.',NULL,NULL,0,1,'Qui est molestiae qui et sunt totam.','Aut est commodi qui quos molestiae quia suscipit quaerat.','2015-01-30 10:01:39','2015-01-30 10:01:39'),(91,'Model','Vandervort Group','Practical Rubber Car','68','Sed maxime in qui tempora magni ut.','Necessitatibus recusandae ut ut asperiores consequuntur.',NULL,NULL,3,0,'Alias occaecati consectetur qui.','Illum architecto perspiciatis quia assumenda dolorem sunt dolor dolorem.','2015-01-30 10:01:39','2015-01-30 10:01:39'),(92,'Model','Dare-Reynolds','Fantastic Rubber Pants','69','Qui vero nemo dolor ab quod doloremque.','Sunt doloremque commodi non quibusdam voluptatibus quia.',NULL,NULL,0,0,'Illo occaecati reiciendis ipsa.','Nostrum voluptatum aut ut asperiores.','2015-01-30 10:01:39','2015-01-30 10:01:39'),(93,'Model','Krajcik-Schaden','Awesome Plastic Shoes','70','Omnis voluptatem soluta facilis.','Illum in id impedit aperiam dolores nihil.',NULL,NULL,1,0,'Est nesciunt ratione molestiae.','Soluta doloribus eum occaecati porro.','2015-01-30 10:01:39','2015-01-30 10:01:39'),(94,'Model','Stroman Group','Small Plastic Table','71','Ex inventore soluta aut laboriosam.','Nostrum corrupti totam tempora numquam.',NULL,NULL,3,0,'Sed et cumque et fugit blanditiis.','Autem suscipit corporis eum.','2015-01-30 10:01:39','2015-01-30 10:01:39'),(95,'Model','Welch LLC','Incredible Concrete Hat','72','Dolor laborum aut dolores iure consequuntur provident doloribus eos.','Ullam voluptates libero quia autem ab eligendi molestias.',NULL,NULL,2,0,'Eligendi et non harum laborum possimus.','Reiciendis et ut rerum aspernatur earum non.','2015-01-30 10:01:39','2015-01-30 10:01:39'),(96,'Model','Gleichner-Bechtelar','Incredible Cotton Pants','73','Ipsa est quis dignissimos eveniet.','Velit qui non iusto molestiae.',NULL,NULL,3,0,'Expedita distinctio enim eveniet nemo cupiditate.','Corrupti harum sint qui repellendus omnis ut.','2015-01-30 10:01:39','2015-01-30 10:01:39'),(97,'Model','Weber-Reichert','Intelligent Steel Gloves','74','Quo quos consequatur ratione corrupti est.','Molestias in et vel voluptate similique.',NULL,NULL,0,0,'Sapiente tempore perferendis explicabo deserunt porro autem.','Odio occaecati molestiae voluptatibus.','2015-01-30 10:01:39','2015-01-30 10:01:39'),(98,'Model','Boyle-Larkin','Practical Granite Hat','75','Laudantium et ut est.','Rem velit deleniti quas qui suscipit.',NULL,NULL,2,0,'Tenetur illo odit sint.','Illo qui voluptatem harum et.','2015-01-30 10:01:39','2015-01-30 10:01:39'),(99,'Model','Herman Inc','Incredible Plastic Table','76','Sequi ut quam autem mollitia veniam necessitatibus beatae.','Optio pariatur impedit explicabo.',NULL,NULL,0,0,'A quaerat doloribus ducimus itaque et voluptas sint qui.','Hic in quidem voluptas natus excepturi.','2015-01-30 10:01:39','2015-01-30 10:01:39'),(100,'Model','Renner, Rutherford and Schneider','Gorgeous Rubber Gloves','77','Eum alias at maiores magni et numquam ut blanditiis.','Unde et ducimus soluta.',NULL,NULL,1,0,'Deserunt architecto ad quia vitae aspernatur dolorem necessitatibus.','Eum aliquid voluptatibus itaque expedita reprehenderit voluptas voluptas nihil.','2015-01-30 10:01:39','2015-01-30 10:01:39'),(101,'Model','Keebler, Powlowski and Okuneva','Incredible Cotton Gloves','78','Repudiandae architecto accusamus atque tempora.','Voluptas temporibus ab veritatis.',NULL,NULL,3,0,'Blanditiis et tempora placeat quis error quas sunt.','Ducimus et qui ut sed dolores voluptates quaerat.','2015-01-30 10:01:39','2015-01-30 10:01:39'),(102,'Model','Howell LLC','Gorgeous Concrete Computer','79','Id est beatae enim error.','Consectetur earum et cupiditate occaecati quidem ut magni qui.',NULL,NULL,0,0,'Est accusantium et dicta in numquam inventore.','Unde doloribus voluptatibus ut occaecati non temporibus nobis quo.','2015-01-30 10:01:39','2015-01-30 10:01:39'),(103,'Model','Bosco and Sons','Kamera Set2','80','Non cumque repellat id neque id quia maxime.','Dolor est omnis cum enim.',NULL,NULL,3,1,'Ipsa rem sed quos qui aut cumque libero.','Eum eligendi ut vel illum totam temporibus voluptas.','2015-01-30 10:01:39','2015-01-30 10:01:39'),(104,'Model','Ankunding-Waelchi','Intelligent Granite Shoes','81','Omnis ea aut ut perferendis aspernatur voluptatem.','Fuga rerum quam magni minus cumque.',NULL,NULL,3,0,'Aut voluptatibus natus quos explicabo quis sunt at earum.','Qui dolor modi sint.','2015-01-30 10:01:39','2015-01-30 10:01:39'),(105,'Model','Braun LLC','Incredible Granite Chair','82','Adipisci inventore autem cum quod fugiat cumque.','Doloremque quia sed aut enim nisi excepturi.',NULL,NULL,2,0,'Aut et enim repudiandae.','Possimus voluptas qui quod qui.','2015-01-30 10:01:39','2015-01-30 10:01:39'),(106,'Model','Stanton LLC','Intelligent Steel Hat','83','Magnam ducimus aut dolor eius recusandae.','Est ratione possimus sed omnis expedita omnis rerum consequatur.',NULL,NULL,2,0,'Voluptatibus et quidem similique aperiam porro qui.','Quod quia facilis optio atque harum aperiam dicta natus.','2015-01-30 10:01:39','2015-01-30 10:01:39'),(107,'Model','Kub, Conroy and Weimann','Rustic Plastic Chair','84','Et et a porro quia.','Tenetur blanditiis consequatur id soluta.',NULL,NULL,2,0,'Aut perferendis quidem et.','Sit non soluta corporis.','2015-01-30 10:01:39','2015-01-30 10:01:39'),(108,'Model','Dickinson Group','Intelligent Plastic Car','85','Ea quis aliquid id iste.','Consequatur deserunt harum consectetur rerum.',NULL,NULL,3,0,'Dolorem ut amet sit ad recusandae enim.','Excepturi facilis at dolores molestiae.','2015-01-30 10:01:39','2015-01-30 10:01:39'),(109,'Model','Feil, Schultz and Hickle','Fantastic Cotton Computer','86','Ut optio corrupti culpa deleniti mollitia voluptates.','Quae quod sint qui.',NULL,NULL,1,0,'Quaerat aut qui rerum sed magnam alias non maxime.','Fugit rerum consequatur voluptatem error delectus.','2015-01-30 10:01:39','2015-01-30 10:01:39'),(110,'Model','Haag, Kassulke and Kozey','Fantastic Plastic Table','87','Recusandae nobis dolorem minus.','Vel nobis est laborum nesciunt qui.',NULL,NULL,3,0,'Reprehenderit voluptatem sed reiciendis.','Aut sint libero voluptatem.','2015-01-30 10:01:39','2015-01-30 10:01:39'),(111,'Model','Hayes LLC','Intelligent Steel Computer','88','Deserunt asperiores dolorem voluptatem consectetur vero illum at maxime.','Sunt odio occaecati perferendis.',NULL,NULL,0,0,'Repellat vel cupiditate voluptatem et distinctio magni.','Voluptatem occaecati ut voluptatem culpa.','2015-01-30 10:01:39','2015-01-30 10:01:39'),(112,'Model','Hamill, Rempel and Lang','Small Cotton Pants','89','Aut enim repellat libero sapiente commodi repudiandae iusto nostrum.','Voluptates deserunt quam voluptate est eligendi iure ut.',NULL,NULL,2,0,'Accusamus sequi provident sint dolorum.','Provident cumque dignissimos nostrum sed architecto.','2015-01-30 10:01:39','2015-01-30 10:01:39'),(113,'Model','Schneider-Friesen','Small Concrete Shoes','94','In aut consequatur sapiente quae.','Ea nesciunt nam aspernatur explicabo voluptate harum.',NULL,NULL,2,0,'Quo cupiditate at nostrum id cum rerum.','Ea voluptas omnis et illo tempora.','2015-01-30 10:01:39','2015-01-30 10:01:39'),(114,'Model','Bruen, Hilll and Schamberger','Rustic Steel Computer','95','Sint veritatis facilis doloremque qui nihil ut voluptatibus dolores.','Maiores quos accusamus ut in officiis non sed.',NULL,NULL,0,0,'Deleniti ipsa dolorum dolores ullam earum.','Sed quia et dolorem ut.','2015-01-30 10:01:39','2015-01-30 10:01:39'),(115,'Model','Barrows-Huels','Fantastic Granite Gloves','96','Adipisci corporis quo veritatis est.','Ab culpa quis facere temporibus explicabo.',NULL,NULL,3,0,'Et sunt ex commodi iure ea tempore.','A est rerum tempore natus praesentium sed et modi.','2015-01-30 10:01:39','2015-01-30 10:01:39'),(116,'Model','D\'Amore Inc','Incredible Steel Shoes','97','Aut et voluptates recusandae sequi.','Ut rerum incidunt eum vel aliquam laudantium reprehenderit.',NULL,NULL,0,0,'Voluptates molestias voluptatum ut.','Nemo non temporibus commodi asperiores aut.','2015-01-30 10:01:39','2015-01-30 10:01:39'),(117,'Model','Adams, Shanahan and Collier','Ergonomic Wooden Hat','98','Natus animi rerum est in sunt.','Rerum ex iusto impedit quo laborum ut.',NULL,NULL,0,0,'Ea corporis atque sed ratione magni.','Laborum ea molestiae et cumque dignissimos sed.','2015-01-30 10:01:39','2015-01-30 10:01:39'),(118,'Model','D\'Amore and Sons','Rustic Rubber Computer','99','Vel dolore inventore et consequatur.','Labore illum sed laudantium perferendis in quaerat.',NULL,NULL,1,0,'Accusantium asperiores quasi qui.','Eos dolorem quis nemo in.','2015-01-30 10:01:39','2015-01-30 10:01:39'),(119,'Model','Mayert Group','Gorgeous Cotton Hat','100','Vel accusamus alias dolor aut dolor provident voluptas.','Porro consectetur placeat ut.',NULL,NULL,2,0,'Voluptate eum rerum voluptatem.','Et temporibus quam ut voluptatem necessitatibus laborum explicabo.','2015-01-30 10:01:39','2015-01-30 10:01:39'),(120,'Model','Ratke LLC','Gorgeous Granite Shoes','101','Magni eaque non aut.','Nihil porro eum molestiae et iusto cum dolores.',NULL,NULL,2,0,'Ipsa necessitatibus repudiandae eos est non voluptatum qui.','Doloremque aperiam corrupti occaecati suscipit non.','2015-01-30 10:01:39','2015-01-30 10:01:39'),(121,'Model','Hermann Group','Intelligent Wooden Chair','102','Soluta excepturi ea amet omnis perferendis sit aut ut.','Tenetur vero illum quisquam blanditiis quia nemo.',NULL,NULL,3,0,'Aut sit ipsum ipsam magni aperiam aut voluptatibus aut.','Voluptatum consequatur recusandae deleniti quidem.','2015-01-30 10:01:39','2015-01-30 10:01:39'),(122,'Model','Bogan-Schroeder','Practical Cotton Shoes','103','Voluptas voluptatem qui repellendus veritatis.','Esse assumenda cum velit quo dicta dignissimos in.',NULL,NULL,3,0,'Eaque quo dicta quis officia est voluptate et.','Nobis sapiente sequi voluptas nihil necessitatibus sit blanditiis.','2015-01-30 10:01:39','2015-01-30 10:01:39'),(123,'Model','Monahan, Beier and Kautzer','Gorgeous Rubber Pants','104','Dignissimos laudantium sint provident corporis.','Et iste sequi sit voluptate vitae sit quis sint.',NULL,NULL,2,0,'Ratione vel beatae iusto ipsam eaque incidunt asperiores temporibus.','Nobis et quibusdam ut ut adipisci corporis hic.','2015-01-30 10:01:39','2015-01-30 10:01:39'),(124,'Model','Hermiston, Von and Carroll','Fantastic Granite Hat','105','Autem quo culpa voluptatem qui amet temporibus est consectetur.','Harum et eum sequi ipsum molestiae autem quaerat placeat.',NULL,NULL,0,0,'Quae ab nesciunt doloremque est eveniet.','Similique enim quo ad et dolores.','2015-01-30 10:01:39','2015-01-30 10:01:39'),(125,'Model','Haley-Keeling','Fantastic Plastic Car','106','Dolorem id repellat quis fugiat id molestias.','Id et aut minima expedita nisi et doloribus.',NULL,NULL,1,0,'Molestias aut ut maxime omnis.','Fuga facilis sit ea expedita et consectetur.','2015-01-30 10:01:39','2015-01-30 10:01:39'),(126,'Model','Cassin Inc','Sleek Wooden Chair','107','Incidunt ab fugit commodi et.','Ea id in labore architecto dolorum.',NULL,NULL,3,0,'Et rem modi aspernatur voluptatum odio voluptatem est error.','Veniam pariatur voluptatum quia impedit perferendis voluptatem et.','2015-01-30 10:01:39','2015-01-30 10:01:39'),(127,'Model','Williamson Inc','Incredible Cotton Car','108','Officiis ullam in accusantium qui.','Doloribus laudantium autem quibusdam suscipit sint officia qui.',NULL,NULL,1,0,'Est vel et qui.','Nostrum sed voluptatibus aut.','2015-01-30 10:01:39','2015-01-30 10:01:39'),(128,'Model','Predovic LLC','Fantastic Steel Car','109','Quae aliquid numquam voluptas.','Ut ex nisi libero explicabo id commodi.',NULL,NULL,2,0,'Omnis ea laboriosam vero aliquam et temporibus.','Iure pariatur nesciunt dolor omnis eius laboriosam.','2015-01-30 10:01:39','2015-01-30 10:01:39'),(129,'Model','Lang-Mueller','Awesome Concrete Computer','110','Pariatur mollitia eum aspernatur est.','Minima delectus voluptas totam et dolorum.',NULL,NULL,2,0,'Quas rerum laborum ad quibusdam.','Sit et eligendi at esse omnis a.','2015-01-30 10:01:39','2015-01-30 10:01:39'),(130,'Model','Flatley-Pollich','Incredible Steel Table','111','Molestiae velit non qui quasi.','Voluptas et pariatur eos dolore.',NULL,NULL,2,0,'Accusantium culpa impedit qui voluptas molestiae voluptatibus quis.','Illo saepe nihil ullam.','2015-01-30 10:01:39','2015-01-30 10:01:39'),(131,'Model','Dicki-Gutmann','Incredible Cotton Shoes','112','Quam quo est officiis distinctio aperiam.','Beatae ab maxime voluptatum eius animi.',NULL,NULL,1,0,'Quam ullam aut similique eos.','Unde quia sunt accusamus.','2015-01-30 10:01:39','2015-01-30 10:01:39'),(132,'Model','Schmidt-Koch','Sleek Wooden Pants','113','Eligendi eum sit quis ratione delectus iusto.','Voluptatem dignissimos laudantium beatae in recusandae neque ratione minima.',NULL,NULL,3,0,'Excepturi reprehenderit quam illum.','Dicta quo officiis in magnam aut qui dolor.','2015-01-30 10:01:39','2015-01-30 10:01:39'),(133,'Model','Rau-Konopelski','Awesome Concrete Shirt','114','Enim voluptates omnis eaque.','Soluta in voluptatem ab laudantium quo fuga et ea.',NULL,NULL,3,0,'Corrupti qui vel odit totam exercitationem repellendus.','Est quia laboriosam dolorem.','2015-01-30 10:01:39','2015-01-30 10:01:39'),(134,'Model','Schimmel-Gulgowski','Small Wooden Chair','115','Dolore et corporis inventore est illum sed omnis expedita.','Dicta odio nemo totam quidem sed.',NULL,NULL,1,0,'Eos est consequatur praesentium sed sint et qui.','Explicabo repellat est est minima quod.','2015-01-30 10:01:39','2015-01-30 10:01:39'),(135,'Model','Boyle, Gaylord and Cormier','Incredible Rubber Shirt','116','Blanditiis dolorem et qui est assumenda officia quasi.','Voluptate numquam ipsam repellat.',NULL,NULL,0,0,'Est delectus aut consectetur aut itaque ad dicta sed.','Rerum dolor vero animi.','2015-01-30 10:01:39','2015-01-30 10:01:39'),(136,'Model','Klein-Borer','Incredible Steel Pants','117','Dolor dolor fugiat sed commodi.','Est dignissimos maiores rerum tempore consequatur.',NULL,NULL,3,0,'Non omnis autem consequuntur labore nihil autem dignissimos.','Velit excepturi in reiciendis porro quis officia consectetur.','2015-01-30 10:01:39','2015-01-30 10:01:39'),(137,'Model','Streich, Satterfield and Boyle','Awesome Plastic Pants','118','Sed harum molestias distinctio reiciendis dolore.','Facere soluta ratione et qui doloremque sed in.',NULL,NULL,3,0,'Reiciendis pariatur qui enim neque ex ut.','Cupiditate voluptas eum accusantium temporibus totam distinctio nesciunt veritatis.','2015-01-30 10:01:39','2015-01-30 10:01:39'),(138,'Model','Osinski and Sons','Gorgeous Concrete Shoes','119','Assumenda quas quia aut quo ea.','Inventore sed omnis ullam atque delectus qui occaecati.',NULL,NULL,2,0,'Voluptates dolorem corporis corrupti sed sed similique accusantium.','Quisquam totam ex at adipisci qui est est sint.','2015-01-30 10:01:39','2015-01-30 10:01:39'),(139,'Model','Heidenreich-Doyle','Sleek Rubber Car','120','Voluptatibus hic velit voluptas eius temporibus ut totam recusandae.','Ut rerum consequatur aut quas praesentium et optio culpa.',NULL,NULL,3,0,'Maxime praesentium voluptas necessitatibus.','Eius aliquam numquam nihil.','2015-01-30 10:01:39','2015-01-30 10:01:39'),(140,'Model','King Inc','Rustic Concrete Shirt','121','Omnis ad nihil commodi at tempore impedit error assumenda.','Beatae impedit fuga nostrum placeat sed occaecati ea.',NULL,NULL,3,0,'Quo veniam quis quaerat distinctio ratione.','Quibusdam vitae ut eius doloremque eveniet neque non a.','2015-01-30 10:01:39','2015-01-30 10:01:39'),(141,'Model','Lebsack-Gerhold','Practical Wooden Computer','122','Nam consequuntur rem praesentium voluptatibus.','Sed laudantium voluptates delectus error similique rerum quibusdam inventore.',NULL,NULL,1,0,'Ipsam sed quia consequuntur et nisi enim optio labore.','Cumque vel eum dolor qui sunt eos.','2015-01-30 10:01:39','2015-01-30 10:01:39'),(142,'Model','Wunsch-Schimmel','Awesome Granite Shoes','123','Fugit laboriosam facere eos enim earum perspiciatis et quisquam.','Rerum ut ut quo.',NULL,NULL,1,0,'Recusandae cupiditate beatae quia consequatur voluptatem est qui quo.','Esse molestiae possimus quia voluptatem qui et quia doloribus.','2015-01-30 10:01:39','2015-01-30 10:01:39'),(143,'Model','Eichmann and Sons','Intelligent Steel Shirt','124','Occaecati ad veritatis ea aliquid molestiae aut nostrum.','Excepturi doloribus dolor ab in distinctio.',NULL,NULL,3,0,'Soluta et numquam aliquid.','Rerum aut sit dolorem expedita quis consequatur.','2015-01-30 10:01:39','2015-01-30 10:01:39'),(144,'Model','Zieme Inc','Sleek Concrete Computer','125','Hic inventore nemo iste provident suscipit non et eum.','Dolorem illum animi ut voluptate accusamus eos distinctio exercitationem.',NULL,NULL,2,0,'Velit eos praesentium nihil sunt eius porro voluptatum.','Laboriosam delectus eaque quaerat quisquam sapiente voluptate optio.','2015-01-30 10:01:39','2015-01-30 10:01:39'),(145,'Model','Schowalter-Shanahan','Sleek Plastic Computer','126','Laboriosam vitae dolor distinctio velit ipsam nisi.','Labore sunt dolorem porro assumenda distinctio laudantium explicabo.',NULL,NULL,1,0,'Illum non deleniti aut molestias sed et quos.','Fuga sequi a quam aut aliquid non aperiam voluptatum.','2015-01-30 10:01:39','2015-01-30 10:01:39'),(146,'Model','Effertz, Rolfson and Thiel','Sleek Steel Shoes','127','Provident tempore ab natus quidem quia sint ut sed.','Maxime est quasi consequatur et aut voluptatem sed dolores.',NULL,NULL,0,0,'Qui debitis vero est quasi repudiandae consequuntur omnis nisi.','Nihil at voluptas beatae quam dicta.','2015-01-30 10:01:39','2015-01-30 10:01:39'),(147,'Model','Lesch, Mann and Turner','Sleek Rubber Pants','128','Maiores vitae doloribus numquam id tempore quaerat.','Id laborum repellendus est ut et.',NULL,NULL,2,0,'Nihil vel fugit ut omnis sint voluptatem natus rem.','Error ullam sint deleniti harum dolores.','2015-01-30 10:01:39','2015-01-30 10:01:39'),(148,'Model','Kub-Gleichner','Small Granite Shirt','129','Optio et exercitationem nisi quas aut quo autem fugit.','Delectus ut fugit dolore accusantium.',NULL,NULL,2,0,'Hic blanditiis maxime necessitatibus.','Eum voluptate libero eaque.','2015-01-30 10:01:39','2015-01-30 10:01:39'),(149,'Model','Harber-Boyle','Small Wooden Shoes','130','Voluptatem ab qui eaque nisi laudantium.','Fugit corporis dolore modi voluptatibus animi.',NULL,NULL,0,0,'Atque amet beatae rerum excepturi porro suscipit reprehenderit.','Ut asperiores velit ex.','2015-01-30 10:01:39','2015-01-30 10:01:39'),(150,'Model','Ondricka-Dietrich','Practical Concrete Hat','131','Corporis at consequatur mollitia cum sit et.','Nisi id voluptatibus reiciendis nesciunt ab ratione omnis.',NULL,NULL,1,0,'Dicta debitis ut corrupti.','Et sit assumenda iusto quibusdam vitae commodi.','2015-01-30 10:01:39','2015-01-30 10:01:39'),(151,'Model','Sipes Inc','Awesome Granite Shirt','132','Aliquam ut expedita est ut aut sit molestiae temporibus.','Dicta velit aut sint ut repudiandae vero enim.',NULL,NULL,2,0,'Omnis consectetur recusandae dolor qui et impedit dolores.','Blanditiis dolores et qui et dicta consectetur dolore animi.','2015-01-30 10:01:39','2015-01-30 10:01:39'),(152,'Model','Reichel-Bradtke','Ergonomic Plastic Car','133','Itaque enim molestias saepe sint a sint impedit.','Beatae voluptatum sint repellendus.',NULL,NULL,1,0,'Sit sit similique quis molestiae.','Sint qui qui minima doloremque eligendi quia quisquam.','2015-01-30 10:01:39','2015-01-30 10:01:39'),(153,'Model','Kulas-Deckow','Awesome Wooden Car','134','Quidem est sed voluptate.','Vel beatae sunt repudiandae sit consequatur nihil.',NULL,NULL,2,0,'Unde reprehenderit illum quos voluptate eum non ullam.','Qui ab saepe rerum totam placeat voluptatem rerum.','2015-01-30 10:01:39','2015-01-30 10:01:39'),(154,'Model','Russel and Sons','Practical Granite Computer','135','Quidem aut maxime sunt nulla quisquam.','Impedit qui perferendis maxime repudiandae et provident.',NULL,NULL,3,0,'Nulla similique ut ipsa quasi quia et voluptates.','Voluptatem nihil eligendi debitis necessitatibus ratione voluptate.','2015-01-30 10:01:39','2015-01-30 10:01:39'),(155,'Model','Aufderhar, Ritchie and Stiedemann','Sleek Cotton Chair','136','Qui et debitis quia porro.','Voluptas quod cumque quo.',NULL,NULL,0,0,'Hic facilis ut soluta.','Quisquam fuga sunt culpa ea ipsa et quis sed.','2015-01-30 10:01:39','2015-01-30 10:01:39'),(156,'Model','Kerluke and Sons','Practical Plastic Shoes','137','Voluptates neque ut doloribus placeat qui.','Architecto vero commodi quisquam sit sequi aut id nostrum.',NULL,NULL,3,0,'Ducimus iste aut quo qui velit ut.','Ut qui non sint quo inventore non sed.','2015-01-30 10:01:39','2015-01-30 10:01:39'),(157,'Model','Mueller, Marvin and Hodkiewicz','Practical Plastic Gloves','138','Nihil ut sed occaecati rerum mollitia doloremque voluptatem.','Explicabo deleniti aliquam quisquam nisi ab.',NULL,NULL,0,0,'Id temporibus sint adipisci sit nobis enim quo nemo.','Ad voluptatem asperiores vel illo qui.','2015-01-30 10:01:39','2015-01-30 10:01:39'),(158,'Model','Parker, Hamill and Kuhlman','Practical Granite Pants','139','Beatae qui a consequatur facere labore.','Sed delectus suscipit quod ipsam non quae accusamus quia.',NULL,NULL,0,0,'Qui voluptatibus et asperiores alias.','Asperiores dolor magni aut dolorem inventore quos quasi cum.','2015-01-30 10:01:39','2015-01-30 10:01:39'),(159,'Model','Leannon, Jerde and Strosin','Sleek Cotton Shirt','140','Sunt placeat qui quidem et omnis.','Illo non deserunt et quis quas autem.',NULL,NULL,2,0,'Quasi eius deserunt nihil ea et consequatur quidem cumque.','Et rerum quasi et libero vel voluptatibus.','2015-01-30 10:01:39','2015-01-30 10:01:39'),(160,'Model','Mitchell Inc','Practical Concrete Pants','141','Ut illo non consequatur sapiente.','Quidem animi perferendis necessitatibus error ipsa.',NULL,NULL,0,0,'Ducimus quia voluptas quaerat dolorum ab vero.','Ut praesentium aut cupiditate consectetur repellendus et occaecati nihil.','2015-01-30 10:01:39','2015-01-30 10:01:39'),(161,'Model','Quigley Inc','Incredible Concrete Gloves','142','Nulla perferendis reprehenderit animi eius sint aspernatur a et.','Quis placeat qui ratione distinctio optio et recusandae.',NULL,NULL,0,0,'Rerum aut ab dolor quasi.','Dolorem pariatur voluptate minus recusandae soluta dolores nostrum veniam.','2015-01-30 10:01:39','2015-01-30 10:01:39'),(162,'Model','Nolan Inc','Small Plastic Shoes','143','Libero architecto sequi consequuntur quo commodi quod perspiciatis.','Cupiditate totam ipsa quia incidunt aut.',NULL,NULL,2,0,'Molestiae amet fuga tempore.','Blanditiis ea et consequuntur ut voluptas dolorem.','2015-01-30 10:01:39','2015-01-30 10:01:39'),(163,'Model','Gaylord LLC','Incredible Cotton Table','144','Ex fuga mollitia ducimus facilis quaerat repellat doloremque.','Illo sint ab doloribus.',NULL,NULL,3,0,'Ea autem vel quasi rerum voluptas.','Consectetur quidem ut rem ut porro sit quas.','2015-01-30 10:01:39','2015-01-30 10:01:39'),(164,'Model','Keebler-Monahan','Incredible Rubber Chair','145','Tempora earum iure deleniti est quibusdam ut.','In dolorem occaecati culpa facilis qui.',NULL,NULL,1,0,'Sequi fuga eligendi amet laborum et distinctio esse dicta.','Non est aut totam sint.','2015-01-30 10:01:39','2015-01-30 10:01:39'),(165,'Model','Larson, Howell and Ernser','Ergonomic Concrete Table','146','Consequuntur nostrum iure sed et iste.','Consequuntur omnis hic tempore autem.',NULL,NULL,2,0,'Suscipit rem incidunt ab explicabo tempore.','Nesciunt omnis maiores accusamus quis quia porro inventore.','2015-01-27 10:01:39','2015-01-27 10:01:39'),(166,'Model','Heller, Ferry and Purdy','Incredible Plastic Shirt','147','Voluptas minus soluta quia laborum et tempore doloribus est.','Magni quasi vel numquam officia et doloremque perspiciatis non.',NULL,NULL,2,0,'Aut repellendus earum suscipit reiciendis vel facilis.','Et corporis impedit animi iusto quia laborum.','2015-01-27 10:01:39','2015-01-27 10:01:39'),(167,'Model','Hackett, Hegmann and Cruickshank','Sleek Steel Chair','148','Laborum animi omnis ea eum earum sint perspiciatis.','Sunt et illum aliquam.',NULL,NULL,3,0,'Dolorum fugiat repellat architecto commodi consequatur.','Harum asperiores nostrum reiciendis.','2015-01-27 10:01:39','2015-01-27 10:01:39'),(168,'Model','Heaney, Boyer and Turcotte','Sleek Concrete Car','149','Quae nesciunt est doloribus quibusdam quia.','Dolores est doloremque vel exercitationem harum.',NULL,NULL,2,0,'Veritatis quia placeat voluptas tenetur accusantium veniam est.','Rerum exercitationem possimus et in.','2015-01-30 10:01:39','2015-01-30 10:01:39'),(169,'Model','Feeney, Sawayn and Wilderman','Small Granite Pants','150','Explicabo autem sequi porro repudiandae mollitia.','Voluptatem dolores et quia eligendi.',NULL,NULL,2,0,'Quas aperiam dolor aut iure aspernatur qui.','Unde dolorem ab eius incidunt deleniti voluptatibus.','2015-01-30 10:01:39','2015-01-30 10:01:39'),(170,'Model','Lynch, Okuneva and Dicki','Fantastic Wooden Chair','151','Voluptates quo impedit soluta in et consequatur corrupti sint.','Enim velit quidem hic ut placeat nihil.',NULL,NULL,0,0,'Consequatur sint maiores nihil dolores a.','Voluptas ut omnis fugit ex.','2015-01-30 10:01:39','2015-01-30 10:01:39'),(171,'Model','Lehner-Kovacek','Fantastic Rubber Table','152','Consequuntur voluptatem culpa enim autem qui.','Veniam accusantium praesentium provident ratione nisi nulla laborum.',NULL,NULL,0,0,'Nulla saepe tenetur officia sunt dicta ut.','Voluptas ut sit earum aut.','2015-01-30 10:01:39','2015-01-30 10:01:39'),(172,'Model','Lemke and Sons','Gorgeous Steel Shoes','153','Officiis quae officia aut et cupiditate saepe fuga et.','Quis blanditiis eos omnis sunt incidunt voluptates ea et.',NULL,NULL,2,0,'Adipisci error soluta sed officiis.','Enim qui eligendi rerum.','2015-01-30 10:01:39','2015-01-30 10:01:39'),(173,'Model','Harber-Osinski','Incredible Plastic Chair','154','Voluptates ut impedit autem sed.','Omnis voluptas ex facere et ullam.',NULL,NULL,1,0,'Est eos dolorem facere nihil.','At accusantium et tenetur enim beatae ut.','2015-01-30 10:01:39','2015-01-30 10:01:39'),(174,'Model','Franecki, Hagenes and Orn','Rustic Wooden Computer','155','Asperiores qui repudiandae quas sed.','Deleniti placeat consectetur laudantium aspernatur aut.',NULL,NULL,0,0,'Id est culpa harum labore et in nesciunt.','Assumenda repellendus corrupti eum.','2015-01-30 10:01:39','2015-01-30 10:01:39'),(175,'Model','Ruecker, Grady and Towne','Gorgeous Wooden Gloves','156','Sed ut at vero.','Molestiae aliquam dolor vel blanditiis.',NULL,NULL,2,0,'Ut nisi rerum quidem repellendus error.','Architecto similique eius sunt incidunt cum fugiat vel.','2015-01-30 10:01:39','2015-01-30 10:01:39'),(176,'Model','Corwin, Balistreri and Marks','Gorgeous Wooden Table','157','Ducimus sapiente dolores rerum accusamus corrupti laboriosam et atque.','Cupiditate libero et et eum sed nostrum dolores.',NULL,NULL,3,0,'Ut totam reiciendis doloremque sunt quasi nobis repellat.','Eum rerum sint voluptas et aut quisquam.','2015-01-30 10:01:39','2015-01-30 10:01:39'),(177,'Model','Osinski, Treutel and Koss','Sleek Concrete Chair','158','Et voluptas quas iusto ut.','Quia accusamus ipsam totam adipisci fugit iure dolorem.',NULL,NULL,3,0,'Natus nostrum aperiam eaque dolor magni.','Necessitatibus adipisci qui repellat aliquam non repellendus.','2015-01-30 10:01:39','2015-01-30 10:01:39'),(178,'Model','Mante-Ullrich','Practical Wooden Chair','159','Provident perferendis dolor dolor quasi quisquam consectetur.','Qui nesciunt nisi quaerat cumque ipsam facere.',NULL,NULL,0,0,'Occaecati illum quam ipsum.','Ea rerum et provident nam minus aut nemo.','2015-01-30 10:01:39','2015-01-30 10:01:39'),(179,'Model','Kirlin-Bradtke','Ergonomic Wooden Shirt','160','Iure minima porro vel dolorum non corrupti velit.','Voluptatibus molestias voluptatem qui architecto ab.',NULL,NULL,3,0,'Qui est consectetur sit officia qui.','Odit est sed facilis dolores quae rerum.','2015-01-30 10:01:39','2015-01-30 10:01:39'),(180,'Model','Jacobi Group','Ergonomic Plastic Shirt','161','Voluptatem ipsum et libero vel.','Nihil magnam ad nulla ducimus ut corporis eos.',NULL,NULL,1,0,'Pariatur libero tempora dolore voluptate quo.','Esse eveniet ad necessitatibus.','2015-01-30 10:01:39','2015-01-30 10:01:39'),(181,'Model','Strosin, Herzog and Goldner','Intelligent Steel Chair','162','Autem sed incidunt aut deserunt.','Consequatur quos qui ratione numquam quo et sunt voluptatem.',NULL,NULL,0,0,'Porro veritatis eveniet laboriosam error beatae eos ducimus.','Enim eum sint amet.','2015-01-30 10:01:39','2015-01-30 10:01:39'),(182,'Model','Schinner, Balistreri and Bernhard','Rustic Wooden Shirt','163','Vero officiis amet expedita qui culpa inventore.','Illo nihil quis quo incidunt.',NULL,NULL,2,0,'Ad blanditiis beatae officia maiores officiis ut nisi cumque.','Illum odit quaerat debitis aliquam dicta porro.','2015-01-30 10:01:39','2015-01-30 10:01:39'),(183,'Model','Veum-Gutkowski','Small Rubber Shirt','164','Totam architecto consequatur dignissimos iste et laudantium nulla.','Sapiente necessitatibus et recusandae ipsum dolores sed odio.',NULL,NULL,3,0,'Fugiat sit omnis iusto vero.','At modi eos dicta id est fuga.','2015-01-30 10:01:39','2015-01-30 10:01:39'),(184,'Model','Green, Bergstrom and Leffler','Practical Granite Table','165','Expedita voluptatem quae quia suscipit non.','Ipsa quia fuga aut.',NULL,NULL,1,0,'Et ut quo omnis aut quis.','Dolorum optio et debitis ipsam.','2015-01-30 10:01:39','2015-01-30 10:01:39'),(185,'Model','Turcotte, Reinger and West','Fantastic Plastic Chair','166','Ipsam necessitatibus eos veniam recusandae in ea qui omnis.','Officiis molestiae magnam molestiae nostrum.',NULL,NULL,0,0,'Molestiae natus ut quam consequuntur est.','Illo placeat hic qui nulla tenetur consequuntur laboriosam.','2015-01-29 10:01:39','2015-01-29 10:01:39'),(186,'Model','Goldner and Sons','Awesome Granite Pants','167','Porro nulla sit fugit aspernatur consequatur qui sapiente voluptatem.','Vel corrupti quas et porro qui et aliquam.',NULL,NULL,3,0,'Soluta quo repellat nulla et aut ut.','Ab eaque rerum numquam accusantium dignissimos corporis.','2015-01-29 10:01:39','2015-01-29 10:01:39'),(187,'Model','Schoen LLC','Awesome Concrete Shoes','168','Sunt sint vitae est quasi placeat.','Ut a quod adipisci quia dolorem et.',NULL,NULL,2,0,'Pariatur maxime facilis quibusdam laudantium facere eos.','Quo animi et nobis sit repellendus nihil.','2015-01-29 10:01:39','2015-01-29 10:01:39'),(188,'Model','Thompson, Murazik and Sanford','Ergonomic Granite Gloves','169','Sit cum et dolor corporis ut voluptas illo.','Dolor sed dolore saepe animi consequatur.',NULL,NULL,3,0,'Odio non eum ex sunt voluptates soluta.','At ullam earum corporis ad.','2015-01-29 10:01:39','2015-01-29 10:01:39'),(189,'Model','Barton-Mann','Sleek Steel Table','170','Eaque nisi voluptatem nobis tempore est.','Veritatis id nisi et sit sit nostrum.',NULL,NULL,3,0,'Cum minima excepturi dignissimos consequatur animi dolores eius.','Perferendis illo incidunt ab.','2015-01-29 10:01:39','2015-01-29 10:01:39'),(190,'Model','Gibson and Sons','Rustic Wooden Shoes','171','Consectetur pariatur et labore error illo delectus at.','Quaerat iste quis nam.',NULL,NULL,0,0,'Eveniet animi error laborum cum adipisci velit qui autem.','Rerum in eum eos dolorem et doloribus.','2015-01-29 10:01:39','2015-01-29 10:01:39'),(191,'Model','Marquardt and Sons','Awesome Cotton Hat','172','Voluptatem et harum et.','Dolorem architecto eos velit.',NULL,NULL,3,0,'Qui consequatur et ab deleniti.','Fugiat animi labore autem sit fugit et.','2015-01-29 10:01:39','2015-01-29 10:01:39'),(192,'Model','Grady Group','Intelligent Concrete Computer','173','Nostrum corrupti consequuntur sequi cumque dolor totam voluptate incidunt.','Iure tempora a sequi ut consequatur voluptatem.',NULL,NULL,0,0,'Et molestiae occaecati aliquid nobis dolor.','Qui earum reiciendis quia fugiat est.','2015-01-29 10:01:39','2015-01-29 10:01:39'),(193,'Model','Becker-Oberbrunner','Incredible Concrete Table','174','Voluptatum et quos dolorum nobis architecto aut veniam est.','Dolor enim officiis soluta quam.',NULL,NULL,1,0,'Ex est nihil necessitatibus sequi.','Ut sapiente ut qui error quam.','2015-01-30 10:01:39','2015-01-30 10:01:39'),(194,'Model','Mitchell, Bashirian and Macejkovic','Intelligent Rubber Car','175','Aut omnis atque cupiditate aut sint.','Consequatur sit sint rem sed repellendus et qui quis.',NULL,NULL,0,0,'Autem unde sapiente assumenda quaerat qui sequi.','Unde quia a ullam iusto.','2015-01-30 10:01:39','2015-01-30 10:01:39'),(195,'Model','Lind Inc','Small Wooden Gloves','176','Ullam inventore ut ea quibusdam dignissimos reprehenderit.','Explicabo in debitis quia totam harum voluptatem dignissimos quidem.',NULL,NULL,0,0,'Voluptate excepturi totam doloremque nihil labore quia odio.','Quidem est explicabo perferendis a dolor accusamus quia qui.','2015-01-30 10:01:39','2015-01-30 10:01:39'),(196,'Model','Quigley, Weber and Jerde','Fantastic Steel Pants','177','Delectus cupiditate distinctio enim quibusdam beatae vero.','Dignissimos accusantium enim dolorum dolorem est voluptatem veniam eos.',NULL,NULL,1,0,'Quis quaerat voluptas vel et eligendi hic non.','Sit adipisci voluptate repudiandae dolor.','2015-01-30 10:01:39','2015-01-30 10:01:39'),(197,'Model','Lubowitz-Gaylord','Gorgeous Plastic Car','178','Et vitae et et molestias ipsam ut blanditiis.','Dolor tempora libero consectetur facilis officiis sapiente.',NULL,NULL,3,0,'Et deserunt repudiandae iste reprehenderit tempore.','Magnam magni sint aut labore.','2015-01-30 10:01:39','2015-01-30 10:01:39'),(198,'Model','Crona, VonRueden and Cole','Small Wooden Car','179','Quibusdam impedit autem qui quaerat voluptas animi sit.','Corporis illum quae ex.',NULL,NULL,1,0,'Dolorem aut rerum veritatis inventore at.','Ea est voluptas aut cumque.','2015-01-30 10:01:39','2015-01-30 10:01:39'),(199,'Model','Kshlerin, Wunsch and Marvin','Ergonomic Steel Chair','180','Ex dolorum quasi vero quis ipsum harum.','Qui magnam est occaecati quidem laborum sit rem modi.',NULL,NULL,3,0,'Ex dignissimos tempora explicabo quasi occaecati iste temporibus ullam.','Deserunt in aut blanditiis qui repellat.','2015-01-30 10:01:39','2015-01-30 10:01:39'),(200,'Model','Willms-Ankunding','Awesome Wooden Chair','181','Qui eius voluptas est est.','Reiciendis temporibus quod similique.',NULL,NULL,1,0,'Est dicta quo tenetur nihil expedita.','Temporibus expedita aut non quaerat officiis suscipit earum maiores.','2015-01-30 10:01:39','2015-01-30 10:01:39'),(201,'Model','Romaguera-Kozey','Awesome Concrete Pants','182','Quo porro vel eum dicta corrupti hic qui.','Provident temporibus nam autem non.',NULL,NULL,3,0,'Vitae nihil dolorem doloremque consequatur iusto ab.','Quam totam quos est.','2015-01-30 10:01:39','2015-01-30 10:01:39'),(202,'Model','Schiller, Lueilwitz and Brekke','Ergonomic Steel Table','183','Et aut aliquid quia consequuntur autem sunt eaque totam.','Soluta perspiciatis et eligendi.',NULL,NULL,1,0,'Tempore at saepe quaerat placeat.','Ratione voluptatem eius fugit exercitationem dolorem.','2015-01-30 10:01:39','2015-01-30 10:01:39'),(203,'Model','Greenholt-Herzog','Fantastic Plastic Computer','184','Libero laborum voluptatem iure deleniti.','Neque beatae asperiores saepe nesciunt enim.',NULL,NULL,3,0,'Molestiae aut molestiae sint totam.','Est quia et delectus magnam est rem.','2015-01-30 10:01:39','2015-01-30 10:01:39'),(204,'Model','Moore Group','Practical Cotton Hat','185','Placeat sed unde molestiae maxime tempora.','Maiores est odio omnis minus qui similique.',NULL,NULL,0,0,'Incidunt vel temporibus sed ad officiis eaque.','Minima vel rerum ipsam doloremque unde qui.','2015-01-30 10:01:39','2015-01-30 10:01:39'),(205,'Model','Kunze-Cartwright','Practical Steel Gloves','186','Est ullam perferendis dolorum dolor at.','Sapiente illum ipsum veritatis perspiciatis nam culpa quia.',NULL,NULL,1,0,'Facilis dolore odit non expedita.','Ut est id quibusdam a.','2015-01-30 10:01:39','2015-01-30 10:01:39'),(206,'Model','McKenzie-Kihn','Incredible Cotton Computer','187','Vitae voluptates occaecati rerum architecto et.','Eius mollitia porro qui minima molestias aut quasi.',NULL,NULL,0,0,'Et debitis rerum illo.','Est illo fuga voluptatem vero corporis itaque.','2015-01-30 10:01:39','2015-01-30 10:01:39'),(207,'Model','Berge and Sons','Practical Granite Shoes','188','Aut autem dolorem illum.','Ipsam qui est sint rem aut vitae omnis.',NULL,NULL,1,0,'Nisi id ea eos cupiditate aliquam porro assumenda qui.','Temporibus nam sit distinctio et ullam hic illum vitae.','2015-01-30 10:01:39','2015-01-30 10:01:39'),(208,'Model','Watsica-Cartwright','Practical Cotton Table','189','Velit fugit voluptas voluptatem.','Deleniti atque qui facilis quidem est aut vel.',NULL,NULL,2,0,'Tempore excepturi ut nulla.','Dolor fuga corporis consectetur itaque laboriosam magnam.','2015-01-30 10:01:39','2015-01-30 10:01:39'),(209,'Model','Lueilwitz Group','Intelligent Plastic Shoes','190','Vel illum numquam cumque suscipit.','Earum voluptas quia cum sapiente perferendis unde consequatur beatae.',NULL,NULL,0,0,'Incidunt numquam nesciunt natus.','Aut qui ad nisi nobis est dolore aliquid accusantium.','2015-01-30 10:01:39','2015-01-30 10:01:39'),(210,'Model','Jones and Sons','Sleek Plastic Shoes','191','Commodi sint dicta vero eos ut accusantium dolorum.','Quia rerum voluptas labore odit aut optio quia dicta.',NULL,NULL,0,0,'Consectetur neque veritatis quos molestiae voluptas iure fugiat odio.','Odit quae explicabo iusto.','2015-01-30 10:01:39','2015-01-30 10:01:39'),(211,'Model','Hodkiewicz Group','Practical Rubber Chair','192','Repellat aut recusandae fuga et.','Maxime odio qui alias itaque impedit nostrum dignissimos.',NULL,NULL,1,0,'Ipsum soluta modi voluptatum voluptatibus eos.','Quaerat voluptates fugit magni.','2015-01-30 10:01:39','2015-01-30 10:01:39'),(212,'Model','Metz LLC','Practical Plastic Car','193','Sed architecto temporibus est qui.','Voluptatum consectetur rerum dolor voluptas ratione molestiae aliquam.',NULL,NULL,0,0,'Ea in et sit non voluptas.','Est et corrupti animi nostrum.','2015-01-30 10:01:39','2015-01-30 10:01:39'),(213,'Model','Collier Group','Incredible Concrete Chair','194','Veniam dolores vero eum doloribus eligendi laborum.','Dolores recusandae animi corrupti rerum culpa.',NULL,NULL,1,0,'In dolorum voluptatibus laudantium.','Molestiae numquam aut mollitia occaecati minus aliquam.','2015-01-30 10:01:39','2015-01-30 10:01:39'),(214,'Model','Reichert, Blanda and White','Incredible Steel Computer','195','Vitae dolorum facilis et quos occaecati.','Repudiandae voluptas fugiat quasi.',NULL,NULL,0,0,'Itaque sit iure molestiae sapiente minus tempora corrupti.','Incidunt sed aspernatur facilis.','2015-01-30 10:01:39','2015-01-30 10:01:39'),(215,'Model','Gottlieb, Ondricka and Pollich','Small Granite Hat','196','Laborum a libero voluptatibus temporibus amet.','Et recusandae placeat quo modi eveniet et accusamus.',NULL,NULL,3,0,'Debitis voluptates dolorem quia aut sed architecto.','Rerum placeat veniam sed quos eum.','2015-01-30 10:01:39','2015-01-30 10:01:39'),(216,'Model','Jones Group','Gorgeous Plastic Table','197','Et ut rerum et eum asperiores est dolores ut.','Laudantium soluta repellendus est qui.',NULL,NULL,2,0,'Saepe et cum et autem et.','Laboriosam sequi quo eveniet dolorum.','2015-01-30 10:01:39','2015-01-30 10:01:39'),(217,'Model','Kulas, Christiansen and McLaughlin','Intelligent Wooden Shirt','198','Molestiae exercitationem quia odit accusantium ut.','Veniam quaerat est quo aut voluptates iure fugiat sequi.',NULL,NULL,2,0,'Deserunt nisi quod dolores qui rerum maiores quaerat.','Autem et sed adipisci ab consequatur.','2015-01-30 10:01:39','2015-01-30 10:01:39'),(218,'Model','Bechtelar LLC','Rustic Plastic Table','199','Et molestiae sit illum sequi accusantium adipisci.','Occaecati dolorem harum doloribus corrupti qui.',NULL,NULL,2,0,'Est consectetur id placeat et unde et.','Omnis voluptate provident accusamus nihil rerum quas qui.','2015-01-30 10:01:39','2015-01-30 10:01:39'),(219,'Model','Murphy Inc','Ergonomic Wooden Gloves','200','Beatae aut excepturi sed iure.','Et molestiae ratione repellendus doloribus.',NULL,NULL,3,0,'Deserunt culpa ut quia ipsum.','Blanditiis quidem quia et tempore.','2015-01-30 10:01:39','2015-01-30 10:01:39'),(220,'Model','Reynolds and Sons','Sleek Steel Computer','201','Illum sit consequuntur aut ea.','Dolor eligendi aut ut a quia.',NULL,NULL,3,0,'Consequatur ut similique est quia dicta.','Quis magni omnis delectus facere.','2015-01-30 10:01:39','2015-01-30 10:01:39'),(221,'Model','Mills, Brown and Kertzmann','Ergonomic Concrete Pants','202','Qui aperiam vel doloribus id.','Perferendis illum sunt deserunt vel quisquam quo non et.',NULL,NULL,0,0,'Nihil blanditiis quisquam odio laborum ipsa dolores iusto.','Voluptatibus eos sint tempora delectus ipsa quibusdam.','2015-01-30 10:01:39','2015-01-30 10:01:39'),(222,'Model','Metz-Daugherty','Practical Cotton Pants','203','Blanditiis qui voluptatem amet aut.','Dolorem aliquid animi beatae.',NULL,NULL,1,0,'Deserunt qui qui incidunt.','Ut optio necessitatibus et aut maxime.','2015-01-30 10:01:39','2015-01-30 10:01:39'),(223,'Model','VonRueden and Sons','Small Rubber Table','204','Quasi ea veniam incidunt culpa at dolores.','Fugiat sunt itaque et et eum.',NULL,NULL,1,0,'Amet rerum est dolorum labore.','At nemo quisquam cupiditate et soluta saepe voluptas assumenda.','2015-01-30 10:01:39','2015-01-30 10:01:39'),(224,'Model','Bechtelar, Reinger and Deckow','Small Steel Hat','205','Accusantium animi in provident aut minus aut debitis.','Libero enim beatae ut.',NULL,NULL,0,0,'Atque ut et aut laborum cupiditate assumenda explicabo rerum.','Totam rerum assumenda molestias alias provident numquam aut dolorem.','2015-01-30 10:01:39','2015-01-30 10:01:39'),(225,'Model','Berge Inc','Sleek Concrete Table','206','Eum eaque dolorem dolorem repellendus adipisci tempora.','Autem pariatur impedit quisquam facere.',NULL,NULL,2,0,'Autem quas consequuntur explicabo perferendis.','Eius sint voluptatem vero sapiente qui at.','2015-01-30 10:01:39','2015-01-30 10:01:39'),(226,'Model','Fisher, Jakubowski and Bruen','Rustic Rubber Gloves','207','Et impedit non in fugit minus.','Itaque qui cumque officiis porro.',NULL,NULL,0,0,'Recusandae dignissimos ex iusto sunt.','Voluptatem rerum perferendis est ipsa quia exercitationem quo vero.','2015-01-30 10:01:39','2015-01-30 10:01:39'),(227,'Model','Collier Inc','Fantastic Cotton Pants','208','Est autem et optio.','Repellat et eveniet magnam aut.',NULL,NULL,1,0,'Quis provident ad debitis quae eligendi impedit.','Vitae in officiis et quo rerum quia saepe.','2015-01-30 10:01:39','2015-01-30 10:01:39'),(228,'Model','Champlin-Purdy','Incredible Steel Gloves','209','Pariatur est harum possimus animi ut saepe minima distinctio.','Unde voluptas voluptatum nobis ut enim.',NULL,NULL,2,0,'Tempora est blanditiis dolore qui atque et repellendus autem.','Autem hic expedita nulla vitae.','2015-01-30 10:01:39','2015-01-30 10:01:39'),(229,'Model','Ryan, Kessler and Russel','Practical Plastic Computer','210','Aut dolore sunt ipsam animi alias sint omnis.','Tempora ut unde est sequi.',NULL,NULL,1,0,'Dolorum placeat odio sunt sed ut nihil necessitatibus.','Sunt cum natus tempore perferendis quia officiis.','2015-01-30 10:01:39','2015-01-30 10:01:39'),(230,'Model','Goyette LLC','Small Steel Computer','211','Earum dicta id at ipsam dolor quia.','Ratione ut doloribus laboriosam nam et.',NULL,NULL,1,0,'Consequuntur qui sint qui corporis facilis ullam.','Dolore laudantium voluptatum qui.','2015-01-30 10:01:39','2015-01-30 10:01:39'),(231,'Model','Lakin LLC','Small Cotton Shoes','212','Aliquid vel blanditiis vero alias.','Aut quo similique ullam molestiae rerum.',NULL,NULL,3,0,'Inventore architecto et non excepturi sed laboriosam beatae.','Voluptas nesciunt est aliquam rem pariatur ea eligendi qui.','2015-01-30 10:01:39','2015-01-30 10:01:39'),(232,'Model','Prosacco-Macejkovic','Fantastic Wooden Shirt','213','Illum eos aut eaque eum delectus.','Tempore velit sed adipisci voluptas occaecati.',NULL,NULL,2,0,'Quas fugit tempore molestiae.','Itaque omnis vel quia nostrum deserunt facilis consequatur expedita.','2015-01-30 10:01:39','2015-01-30 10:01:39'),(233,'Model','Hickle, Becker and Anderson','Practical Concrete Shirt','214','Dolor vel laudantium inventore quis eius fugiat expedita corporis.','Officiis laudantium occaecati ut magni illum velit dicta maxime.',NULL,NULL,0,0,'Et eligendi dolorem nobis quis ut velit.','Amet suscipit rerum esse occaecati.','2015-01-30 10:01:39','2015-01-30 10:01:39'),(234,'Model','Kovacek-Kulas','Rustic Cotton Shirt','215','A magni fugiat accusamus.','Aut iusto eveniet eaque molestiae voluptatibus.',NULL,NULL,0,0,'Ut est tempora earum.','Placeat enim natus asperiores voluptatem maxime.','2015-01-30 10:01:39','2015-01-30 10:01:39'),(235,'Model','Breitenberg Inc','Rustic Plastic Hat','216','Facilis omnis saepe quia.','Autem inventore vero culpa dignissimos eaque.',NULL,NULL,1,0,'Earum non labore rerum.','Perspiciatis eius sit tempora reiciendis alias aut provident.','2015-01-30 10:01:39','2015-01-30 10:01:39'),(236,'Model','Lehner-Bruen','Ergonomic Cotton Pants','217','Rem velit quibusdam maiores quisquam corrupti odit et.','Dolor provident illum tenetur cumque aliquid.',NULL,NULL,3,0,'Consequuntur quod totam ducimus harum.','Repellat vel dolor et consequatur.','2015-01-30 10:01:39','2015-01-30 10:01:39'),(237,'Model','Runte LLC','Ergonomic Wooden Computer','218','Et est quidem beatae dolor saepe ex ratione.','Omnis quo est id quasi qui ipsum.',NULL,NULL,0,0,'Voluptates eos vel quaerat.','Reprehenderit laboriosam sed qui iure.','2015-01-30 10:01:39','2015-01-30 10:01:39'),(238,'Model','Douglas LLC','Fantastic Steel Chair','219','Unde nesciunt dignissimos autem commodi esse.','Mollitia ipsam cum a vitae nulla velit saepe dolor.',NULL,NULL,0,0,'Sit adipisci corrupti quis exercitationem.','Ad itaque veniam qui.','2015-01-30 10:01:39','2015-01-30 10:01:39'),(239,'Model','MacGyver Group','Ergonomic Granite Table','220','Aut aspernatur quia saepe aliquam.','Atque perferendis dolores amet voluptatem consequatur dolor animi.',NULL,NULL,2,0,'Eos voluptas voluptatem laboriosam facilis ut reprehenderit esse praesentium.','Beatae qui voluptates occaecati quibusdam id sit a.','2015-01-30 10:01:39','2015-01-30 10:01:39'),(240,'Model','Konopelski, Wuckert and Daniel','Ergonomic Granite Car','221','Optio et veniam voluptas id praesentium ratione sint.','Sit dolor provident sequi odio sunt hic aut.',NULL,NULL,1,0,'Tempore suscipit quaerat omnis ipsa laudantium.','Quos porro et quaerat et dolorum quas voluptas qui.','2015-01-29 10:01:39','2015-01-29 10:01:39'),(241,'Model','Cartwright-Braun','Practical Wooden Table','222','Nostrum commodi ea modi explicabo.','Consequatur quaerat nostrum cum impedit vel beatae ratione.',NULL,NULL,0,0,'Ex et nostrum ut voluptatum est molestiae saepe.','Eum in soluta porro in.','2015-01-29 10:01:39','2015-01-29 10:01:39'),(242,'Model','Lesch-Schneider','Incredible Wooden Table','223','Illo quisquam aut aut magnam cumque.','Suscipit eligendi harum quia ratione eveniet ducimus praesentium.',NULL,NULL,2,0,'Consequatur qui suscipit nihil tenetur iusto in.','Qui laboriosam ad natus fuga sint molestiae minima ab.','2015-01-29 10:01:39','2015-01-29 10:01:39'),(243,'Model','Howell Inc','Small Granite Car','224','Omnis cumque sed ad.','Enim est officia odio quasi ea.',NULL,NULL,3,0,'Explicabo ea voluptatem sunt totam quos et quam et.','Eaque dolor qui explicabo.','2015-01-30 10:01:39','2015-01-30 10:01:39'),(244,'Software','Stroman LLC','Awesome Granite Gloves','226',NULL,NULL,NULL,NULL,0,0,NULL,NULL,'2015-01-30 10:01:39','2015-01-30 10:01:39'),(245,'Model','Jones Group','Incredible Rubber Computer','227','Quas doloribus eligendi temporibus et voluptas voluptatem.','Eum perferendis veniam quaerat maiores aut.',NULL,NULL,2,0,'Numquam aliquid molestiae repellat corrupti.','Optio animi non quasi.','2015-01-25 10:01:39','2015-01-25 10:01:39'),(246,'Model','Davis-Dach','Intelligent Cotton Shirt','229','Velit est similique sapiente enim illum quia.','Dolorem amet unde ut recusandae.',NULL,NULL,3,0,'Quas harum qui iste non neque voluptas.','Similique ea temporibus sit nulla inventore earum.','2015-01-30 10:01:39','2015-01-30 10:01:39'),(247,'Software','Heidenreich Inc','Ergonomic Wooden Pants','230',NULL,NULL,NULL,NULL,0,0,NULL,NULL,'2015-01-30 10:01:39','2015-01-30 10:01:39'),(248,'Model','Gottlieb Group','Sleek Wooden Hat','231','Non adipisci iste alias doloremque ipsum.','Cumque et eum et voluptatem.',NULL,NULL,0,0,'Ut dolor vel error enim id suscipit et.','Occaecati eos quasi harum voluptates aspernatur dolor aut dolores.','2015-01-30 10:01:39','2015-01-30 10:01:39'),(249,'Model','Koss, Durgan and Abernathy','Rustic Plastic Shoes','233','Dignissimos adipisci quia occaecati ad iste dolorum libero.','Architecto ut inventore a quia veritatis.',NULL,NULL,0,0,'Est et consequatur vel dolorum.','Qui debitis maxime pariatur.','2015-01-30 10:01:39','2015-01-30 10:01:39'),(250,'Model','McCullough Inc','Ergonomic Concrete Car','234','Quis cumque quo magnam fugit laboriosam.','Aut delectus eos esse tempore provident.',NULL,NULL,0,0,'Quia voluptas in dolorum autem est non nisi.','Corrupti ut quia occaecati ipsa sed sint cupiditate qui.','2015-01-30 10:01:39','2015-01-30 10:01:39'),(251,'Model','Boehm-Braun','Fantastic Concrete Shirt','235','Voluptas perspiciatis quis vero quod odit quis.','Facere consequuntur voluptatem quas hic numquam illo voluptas.',NULL,NULL,0,0,'Quia excepturi sit aspernatur tempore vitae consequuntur pariatur cum.','Magni nihil minus suscipit aut sed quia et expedita.','2015-01-30 10:01:39','2015-01-30 10:01:39'),(252,'Model','Gleichner-Rippin','Awesome Cotton Car','236','Porro adipisci accusamus deleniti omnis eum dicta.','In tempore vel ut quae vitae deleniti rerum.',NULL,NULL,2,0,'Debitis nulla tenetur voluptatem.','Voluptas fuga dolor consequatur hic.','2015-01-30 10:01:39','2015-01-30 10:01:39'),(253,'Model','Bauch, Herman and Paucek','Incredible Granite Shoes','237','Perspiciatis ex nostrum est eligendi rerum autem.','Magnam iusto commodi quidem.',NULL,NULL,3,0,'Pariatur neque laudantium sunt nostrum quam et unde.','Neque et illo debitis quis.','2015-01-30 10:01:39','2015-01-30 10:01:39'),(254,'Model','Gaylord, Balistreri and Lebsack','Awesome Wooden Shirt','238','Velit officiis hic placeat magnam dolores rerum.','Quasi minima veniam rerum.',NULL,NULL,0,0,'Sit reprehenderit tempore consequuntur dolorum animi qui consequatur.','Minima sunt corporis voluptas.','2015-01-30 10:01:39','2015-01-30 10:01:39'),(255,'Model','Kertzmann and Sons','Incredible Concrete Car','239','Recusandae sed iure aut.','Unde quaerat porro deserunt voluptatem sed.',NULL,NULL,2,0,'Vel velit aut totam optio.','Est non ipsum sed ratione non exercitationem cumque et.','2015-01-30 10:01:39','2015-01-30 10:01:39'),(256,'Model','Wiza-Grimes','Intelligent Granite Hat','240','Aut blanditiis similique aut delectus.','Enim aut ullam dolores officiis.',NULL,NULL,3,0,'Ipsum incidunt dolorum omnis sunt.','Praesentium temporibus ad dolores.','2015-01-30 10:01:39','2015-01-30 10:01:39'),(257,'Model','Koss, Quigley and Fadel','Ergonomic Wooden Chair','241','Eaque sint deleniti itaque dolore exercitationem.','Atque nobis magni blanditiis accusantium.',NULL,NULL,0,0,'Illo et mollitia optio autem molestiae est quae.','Et commodi laudantium dolorum expedita alias.','2015-01-30 10:01:39','2015-01-30 10:01:39'),(258,'Model','Ziemann LLC','Rustic Granite Gloves','242','Quia eaque architecto alias ut tempore veniam.','Magnam illum similique odio id voluptates molestias consequuntur et.',NULL,NULL,0,0,'Animi aspernatur voluptatem aut magni rerum esse.','Dolor quis quia qui voluptates iste laudantium dolorem adipisci.','2015-01-30 10:01:39','2015-01-30 10:01:39'),(259,'Model','Herzog Group','Small Rubber Hat','243','Nam commodi velit fugit et ea dolor facilis blanditiis.','Quae nesciunt dolor dolor voluptatem quia eius vero.',NULL,NULL,3,0,'Quaerat aut enim error.','Aut consectetur magni facere.','2015-01-30 10:01:39','2015-01-30 10:01:39'),(260,'Model','Kutch Inc','Small Steel Pants','244','Nam perspiciatis ut reprehenderit fugit velit.','Consectetur omnis alias architecto magnam.',NULL,NULL,3,0,'Maiores est quis vero sed delectus dolorum ut mollitia.','Autem quaerat inventore vel.','2015-01-30 10:01:39','2015-01-30 10:01:39'),(261,'Model','Greenholt LLC','Rustic Plastic Gloves','245','In eligendi voluptates voluptatibus.','Tempore quod voluptatem dolorem voluptatem voluptatibus.',NULL,NULL,1,0,'Veritatis voluptatibus harum labore molestiae amet.','Molestias modi explicabo et.','2015-01-30 10:01:39','2015-01-30 10:01:39'),(262,'Model','Marquardt, Balistreri and Stroman','Sleek Steel Car','246','Debitis est facere repudiandae.','Dolores voluptas qui ex occaecati nihil quia hic.',NULL,NULL,3,0,'Laboriosam explicabo qui unde magnam praesentium.','Voluptatibus deleniti dolor explicabo dolores totam animi est tempora.','2015-01-30 10:01:39','2015-01-30 10:01:39'),(263,'Model','Bechtelar LLC','Sleek Plastic Car','247','Quis harum sit doloribus.','In repellat alias facilis voluptas perspiciatis.',NULL,NULL,0,0,'Qui fugit fugiat molestias hic consequatur laudantium quam doloribus.','Ut odit adipisci sed quos mollitia perferendis nostrum.','2015-01-30 10:01:39','2015-01-30 10:01:39'),(264,'Model','Wintheiser-Rice','Fantastic Rubber Chair','248','Minus ratione dolorem qui.','Id eius non labore.',NULL,NULL,0,0,'Voluptatum qui eum id.','Provident temporibus voluptatem enim quo incidunt molestiae qui.','2015-01-30 10:01:39','2015-01-30 10:01:39'),(265,'Model','Auer-Hammes','Intelligent Cotton Chair','249','Fugiat aperiam sapiente officia sed reiciendis.','Accusantium quidem ab laboriosam velit est.',NULL,NULL,3,0,'Officiis id quam inventore.','Consectetur et quidem et nobis dicta vel iusto.','2015-01-30 10:01:39','2015-01-30 10:01:39'),(266,'Model','Daniel and Sons','Gorgeous Granite Car','250','Aut officiis et consequuntur nulla necessitatibus omnis.','Occaecati accusamus tenetur culpa in voluptas aut sit.',NULL,NULL,0,0,'Eligendi vero accusantium odit nostrum et atque quo.','Dicta eligendi eos odio qui nobis.','2015-01-30 10:01:39','2015-01-30 10:01:39'),(267,'Model','Friesen-Harvey','Small Granite Table','251','Consectetur occaecati cupiditate minima aut culpa officiis voluptatem consequuntur.','Sint laborum eum unde eum.',NULL,NULL,3,0,'Qui voluptatum vel aut est in ullam.','Sapiente cumque sunt voluptate nam maiores unde qui et.','2015-01-30 10:01:39','2015-01-30 10:01:39'),(268,'Model','Jenkins, Beier and Grimes','Small Steel Chair','252','Sunt sint ad modi dolorum ducimus.','Ratione aliquam quibusdam at occaecati et.',NULL,NULL,1,0,'Explicabo natus ducimus voluptatem cumque eligendi.','Rerum consectetur voluptatem dignissimos fugit incidunt corporis voluptas.','2015-01-25 10:01:39','2015-01-25 10:01:39'),(269,'Model','Upton, Auer and Hoeger','Sleek Cotton Car','253','Eligendi vel excepturi sint odio blanditiis ratione reiciendis sed.','Ducimus ad est illum nostrum possimus odio.',NULL,NULL,2,0,'Ab dignissimos est repudiandae.','Esse omnis iusto dignissimos.','2015-01-25 10:01:39','2015-01-25 10:01:39'),(270,'Model','DuBuque-Hammes','Intelligent Cotton Gloves','254','Culpa fugit aut dolorem quibusdam.','Dolorum at harum explicabo minus temporibus nulla consequatur deserunt.',NULL,NULL,1,0,'Repellendus asperiores cumque id impedit sunt est.','Sit laudantium in exercitationem velit nesciunt vitae voluptas.','2015-01-25 10:01:39','2015-01-25 10:01:39'),(271,'Model','Littel, Waelchi and Cartwright','Small Wooden Computer','255','Consequatur deserunt quis aut nisi autem dolor quisquam autem.','Dolor voluptatem impedit ut non eos dolores doloribus ea.',NULL,NULL,0,0,'Qui consequatur aliquid id maiores voluptatem.','Voluptatem autem reprehenderit rerum nesciunt perspiciatis commodi.','2015-01-29 10:01:39','2015-01-29 10:01:39'),(272,'Model','Raynor, Raynor and White','Rustic Wooden Gloves','256','Laudantium cum voluptatem sunt.','Magni alias cumque ut pariatur nobis non non.',NULL,NULL,3,0,'Qui corrupti quam tempora nihil.','Suscipit dignissimos dolorem sint alias.','2015-01-29 10:01:39','2015-01-29 10:01:39'),(273,'Model','Aufderhar LLC','Sleek Wooden Car','257','Vel qui dolores laudantium cupiditate magni pariatur.','Aut quam omnis dolores et doloremque enim harum error.',NULL,NULL,1,0,'Magnam quibusdam laboriosam blanditiis nostrum ea rerum veritatis omnis.','Minima non minus sit.','2015-01-29 10:01:39','2015-01-29 10:01:39'),(274,'Model','Bradtke, Robel and Schimmel','Practical Wooden Shirt','258','Omnis non et sed odio voluptatem corporis.','Ex molestiae placeat laborum nostrum ut.',NULL,NULL,3,0,'Deleniti quisquam sunt quo error doloribus velit rerum dolore.','Nostrum voluptatem quam quia.','2015-01-29 10:01:39','2015-01-29 10:01:39'),(275,'Model','Reichert, Grant and Zboncak','Ergonomic Concrete Chair','259','Vero est distinctio commodi rerum soluta tempora nam magnam.','Eveniet id adipisci error.',NULL,NULL,2,0,'Laudantium consequatur minima quas magnam explicabo sunt cupiditate.','Cum saepe et maxime ea.','2015-01-29 10:01:39','2015-01-29 10:01:39');
/*!40000 ALTER TABLE `models` ENABLE KEYS */;
UNLOCK TABLES;

--
-- Table structure for table `models_compatibles`
--

DROP TABLE IF EXISTS `models_compatibles`;
/*!40101 SET @saved_cs_client     = @@character_set_client */;
/*!40101 SET character_set_client = utf8 */;
CREATE TABLE `models_compatibles` (
  `model_id` int(11) DEFAULT NULL,
  `compatible_id` int(11) DEFAULT NULL,
  KEY `index_models_compatibles_on_compatible_id` (`compatible_id`),
  KEY `index_models_compatibles_on_model_id` (`model_id`),
  CONSTRAINT `models_compatibles_compatible_id_fk` FOREIGN KEY (`compatible_id`) REFERENCES `models` (`id`),
  CONSTRAINT `models_compatibles_model_id_fk` FOREIGN KEY (`model_id`) REFERENCES `models` (`id`)
) ENGINE=InnoDB DEFAULT CHARSET=utf8 COLLATE=utf8_unicode_ci;
/*!40101 SET character_set_client = @saved_cs_client */;

--
-- Dumping data for table `models_compatibles`
--

LOCK TABLES `models_compatibles` WRITE;
/*!40000 ALTER TABLE `models_compatibles` DISABLE KEYS */;
INSERT INTO `models_compatibles` VALUES (15,14),(16,14),(17,14);
/*!40000 ALTER TABLE `models_compatibles` ENABLE KEYS */;
UNLOCK TABLES;

--
-- Table structure for table `notifications`
--

DROP TABLE IF EXISTS `notifications`;
/*!40101 SET @saved_cs_client     = @@character_set_client */;
/*!40101 SET character_set_client = utf8 */;
CREATE TABLE `notifications` (
  `id` int(11) NOT NULL AUTO_INCREMENT,
  `user_id` int(11) DEFAULT NULL,
  `title` varchar(255) COLLATE utf8_unicode_ci DEFAULT '',
  `created_at` datetime NOT NULL,
  PRIMARY KEY (`id`),
  KEY `index_notifications_on_user_id` (`user_id`),
  CONSTRAINT `notifications_user_id_fk` FOREIGN KEY (`user_id`) REFERENCES `users` (`id`) ON DELETE CASCADE
) ENGINE=InnoDB DEFAULT CHARSET=utf8 COLLATE=utf8_unicode_ci;
/*!40101 SET character_set_client = @saved_cs_client */;

--
-- Dumping data for table `notifications`
--

LOCK TABLES `notifications` WRITE;
/*!40000 ALTER TABLE `notifications` DISABLE KEYS */;
/*!40000 ALTER TABLE `notifications` ENABLE KEYS */;
UNLOCK TABLES;

--
-- Table structure for table `numerators`
--

DROP TABLE IF EXISTS `numerators`;
/*!40101 SET @saved_cs_client     = @@character_set_client */;
/*!40101 SET character_set_client = utf8 */;
CREATE TABLE `numerators` (
  `id` int(11) NOT NULL AUTO_INCREMENT,
  `item` int(11) DEFAULT NULL,
  PRIMARY KEY (`id`)
) ENGINE=InnoDB DEFAULT CHARSET=utf8 COLLATE=utf8_unicode_ci;
/*!40101 SET character_set_client = @saved_cs_client */;

--
-- Dumping data for table `numerators`
--

LOCK TABLES `numerators` WRITE;
/*!40000 ALTER TABLE `numerators` DISABLE KEYS */;
/*!40000 ALTER TABLE `numerators` ENABLE KEYS */;
UNLOCK TABLES;

--
-- Table structure for table `options`
--

DROP TABLE IF EXISTS `options`;
/*!40101 SET @saved_cs_client     = @@character_set_client */;
/*!40101 SET character_set_client = utf8 */;
CREATE TABLE `options` (
  `id` int(11) NOT NULL AUTO_INCREMENT,
  `inventory_pool_id` int(11) DEFAULT NULL,
  `inventory_code` varchar(255) COLLATE utf8_unicode_ci DEFAULT NULL,
  `manufacturer` varchar(255) COLLATE utf8_unicode_ci DEFAULT NULL,
  `product` varchar(255) COLLATE utf8_unicode_ci NOT NULL,
  `version` varchar(255) COLLATE utf8_unicode_ci DEFAULT NULL,
  `price` decimal(8,2) DEFAULT NULL,
  PRIMARY KEY (`id`),
  KEY `index_options_on_inventory_pool_id` (`inventory_pool_id`),
  CONSTRAINT `options_inventory_pool_id_fk` FOREIGN KEY (`inventory_pool_id`) REFERENCES `inventory_pools` (`id`)
) ENGINE=InnoDB AUTO_INCREMENT=8 DEFAULT CHARSET=utf8 COLLATE=utf8_unicode_ci;
/*!40101 SET character_set_client = @saved_cs_client */;

--
-- Dumping data for table `options`
--

LOCK TABLES `options` WRITE;
/*!40000 ALTER TABLE `options` DISABLE KEYS */;
INSERT INTO `options` VALUES (1,1,'akku-aa',NULL,'Akku AA','90','823.00'),(2,1,'akku-aaa',NULL,'Akku AAA','91','1364.00'),(3,1,'usb',NULL,'USB Kabel','92','74.00'),(4,1,'sandsack123',NULL,'Sandsack','93','331.00'),(5,1,'sol9881',NULL,'Small Cotton Car','225','1328.00'),(6,2,'vol1050',NULL,'Incredible Concrete Shirt','228','762.00'),(7,1,'inc8692',NULL,'Practical Steel Shirt','232','1345.00');
/*!40000 ALTER TABLE `options` ENABLE KEYS */;
UNLOCK TABLES;

--
-- Table structure for table `partitions`
--

DROP TABLE IF EXISTS `partitions`;
/*!40101 SET @saved_cs_client     = @@character_set_client */;
/*!40101 SET character_set_client = utf8 */;
CREATE TABLE `partitions` (
  `id` int(11) NOT NULL AUTO_INCREMENT,
  `model_id` int(11) DEFAULT NULL,
  `inventory_pool_id` int(11) DEFAULT NULL,
  `group_id` int(11) DEFAULT NULL,
  `quantity` int(11) DEFAULT NULL,
  PRIMARY KEY (`id`),
  UNIQUE KEY `index_partitions_on_model_id_and_inventory_pool_id_and_group_id` (`model_id`,`inventory_pool_id`,`group_id`),
  KEY `partitions_group_id_fk` (`group_id`),
  KEY `partitions_inventory_pool_id_fk` (`inventory_pool_id`),
  CONSTRAINT `partitions_model_id_fk` FOREIGN KEY (`model_id`) REFERENCES `models` (`id`) ON DELETE CASCADE,
  CONSTRAINT `partitions_group_id_fk` FOREIGN KEY (`group_id`) REFERENCES `groups` (`id`),
  CONSTRAINT `partitions_inventory_pool_id_fk` FOREIGN KEY (`inventory_pool_id`) REFERENCES `inventory_pools` (`id`)
) ENGINE=InnoDB AUTO_INCREMENT=11 DEFAULT CHARSET=utf8 COLLATE=utf8_unicode_ci;
/*!40101 SET character_set_client = @saved_cs_client */;

--
-- Dumping data for table `partitions`
--

LOCK TABLES `partitions` WRITE;
/*!40000 ALTER TABLE `partitions` DISABLE KEYS */;
INSERT INTO `partitions` VALUES (1,10,1,4,1),(2,8,1,1,1),(3,8,1,2,1),(4,15,1,1,1),(5,16,1,5,1),(6,17,1,6,1),(7,19,1,7,1),(8,21,1,7,1),(9,20,1,8,1),(10,22,1,10,1);
/*!40000 ALTER TABLE `partitions` ENABLE KEYS */;
UNLOCK TABLES;

--
-- Temporary table structure for view `partitions_with_generals`
--

DROP TABLE IF EXISTS `partitions_with_generals`;
/*!50001 DROP VIEW IF EXISTS `partitions_with_generals`*/;
SET @saved_cs_client     = @@character_set_client;
SET character_set_client = utf8;
/*!50001 CREATE TABLE `partitions_with_generals` (
  `model_id` int(11),
  `inventory_pool_id` int(11),
  `group_id` int(11),
  `quantity` decimal(33,0)
) ENGINE=MyISAM */;
SET character_set_client = @saved_cs_client;

--
-- Table structure for table `properties`
--

DROP TABLE IF EXISTS `properties`;
/*!40101 SET @saved_cs_client     = @@character_set_client */;
/*!40101 SET character_set_client = utf8 */;
CREATE TABLE `properties` (
  `id` int(11) NOT NULL AUTO_INCREMENT,
  `model_id` int(11) DEFAULT NULL,
  `key` varchar(255) COLLATE utf8_unicode_ci DEFAULT NULL,
  `value` varchar(255) COLLATE utf8_unicode_ci DEFAULT NULL,
  PRIMARY KEY (`id`),
  KEY `index_properties_on_model_id` (`model_id`),
  CONSTRAINT `properties_model_id_fk` FOREIGN KEY (`model_id`) REFERENCES `models` (`id`) ON DELETE CASCADE
) ENGINE=InnoDB AUTO_INCREMENT=13 DEFAULT CHARSET=utf8 COLLATE=utf8_unicode_ci;
/*!40101 SET character_set_client = @saved_cs_client */;

--
-- Dumping data for table `properties`
--

LOCK TABLES `properties` WRITE;
/*!40000 ALTER TABLE `properties` DISABLE KEYS */;
INSERT INTO `properties` VALUES (1,15,'Rotordurchmesser','120'),(2,15,'Akkus','2'),(3,15,'Farbe','Rot'),(4,16,'Rotordurchmesser','120'),(5,16,'Akkus','2'),(6,16,'Farbe','Rot'),(7,16,'max. Speed','80 kmh'),(8,16,'Gyro','Ja'),(9,16,'Achsen','3-Achsen'),(10,17,'Rotordurchmesser','120'),(11,17,'Akkus','2'),(12,17,'Farbe','Rot');
/*!40000 ALTER TABLE `properties` ENABLE KEYS */;
UNLOCK TABLES;

--
-- Table structure for table `purposes`
--

DROP TABLE IF EXISTS `purposes`;
/*!40101 SET @saved_cs_client     = @@character_set_client */;
/*!40101 SET character_set_client = utf8 */;
CREATE TABLE `purposes` (
  `id` int(11) NOT NULL AUTO_INCREMENT,
  `description` text COLLATE utf8_unicode_ci,
  PRIMARY KEY (`id`)
) ENGINE=InnoDB AUTO_INCREMENT=73 DEFAULT CHARSET=utf8 COLLATE=utf8_unicode_ci;
/*!40101 SET character_set_client = @saved_cs_client */;

--
-- Dumping data for table `purposes`
--

LOCK TABLES `purposes` WRITE;
/*!40000 ALTER TABLE `purposes` DISABLE KEYS */;
INSERT INTO `purposes` VALUES (1,'Bentige ich fr die Aufnahmen meiner Abschlussarbeit.'),(2,'Bentige ich fr die Aufnahmen meiner Abschlussarbeit.'),(3,'Quo eum placeat dolores animi id ut.'),(4,'Assumenda molestiae neque quis mollitia magnam saepe.'),(5,'Expedita rerum voluptatum quia et et consequuntur.'),(6,'Voluptate odio labore natus ex.'),(7,'Quo ipsa eligendi nesciunt eaque corporis dicta deserunt nam.'),(8,'Ersatzstativ fr die Ausstellung.'),(9,'Ersatzstativ fr die Ausstellung.'),(10,'Ersatzstativ fr die Ausstellung.'),(11,'Ersatzstativ fr die Ausstellung.'),(12,'Ersatzstativ fr die Ausstellung.'),(13,'Ersatzstativ fr die Ausstellung.'),(14,'Ersatzstativ fr die Ausstellung.'),(15,'Ersatzstativ fr die Ausstellung.'),(16,'Ersatzstativ fr die Ausstellung.'),(17,'Ersatzstativ fr die Ausstellung.'),(18,'Fr meinen aktuellen Kurs.'),(19,'Fr meinen aktuellen Kurs.'),(20,'Fr meinen aktuellen Kurs.'),(21,'Fr meinen aktuellen Kurs.'),(22,'Fuga vel exercitationem qui eos est quis.'),(23,'Rerum maiores ipsum harum quia nihil excepturi.'),(24,'Aut quia est aliquam dolor ut natus excepturi.'),(25,'Ersatzstativ fr die Ausstellung.'),(26,'Ersatzstativ fr die Ausstellung.'),(27,'Ersatzstativ fr die Ausstellung.'),(28,'Esse aut dolores sint qui incidunt ipsa voluptate.'),(29,'Voluptate non est dolorem ut.'),(30,'Eos ipsa repudiandae aut eum.'),(31,'Voluptate labore at optio nemo qui.'),(32,'Sunt eveniet aperiam sint cum ea reprehenderit asperiores.'),(33,'Pariatur modi eos iste et et minima voluptatem.'),(34,'Itaque recusandae ad ratione blanditiis quisquam officiis illum.'),(35,'Repellendus eveniet laborum maiores.'),(36,'Quia dolorem et est omnis commodi quis rerum esse.'),(37,'Ut cumque eos deserunt officiis velit est dolore velit.'),(38,'In quam non sed tenetur.'),(39,'Ersatzstativ fr die Ausstellung.'),(40,'Fr das zweite Austellungswochenende.'),(41,'Fr das zweite Austellungswochenende.'),(42,'Fr das dritte Austellungswochenende.'),(43,'Fr die Abschlussarbeit.'),(44,'Ersatzstativ fr die Ausstellung.'),(45,'Ersatzstativ fr die Ausstellung.'),(46,'Ersatzstativ fr die Ausstellung.'),(47,'Bestellung mit Software'),(48,'Bestellung mit Gegenstand ohne Ort'),(49,'Um meine Abschlussarbeit zu fotografieren.'),(50,'Als Ersatz.'),(51,'Enim ut assumenda recusandae.'),(52,'Incidunt non vero neque non eos.'),(53,'Um meine Abschlussarbeit zu fotografieren.'),(54,'Um meine Abschlussarbeit zu fotografieren.'),(55,'Um meine Abschlussarbeit zu fotografieren.'),(56,'Distinctio provident non voluptatem.'),(57,'Quibusdam eaque veritatis eligendi est consectetur sapiente.'),(58,'Paketausgabe'),(59,'Ersatzstativ fr die Ausstellung.'),(60,'Ersatzstativ fr die Ausstellung.'),(61,'Ganz dringend bentigt fr meine Abschlussarbeit.'),(62,'Um meine Abschlussarbeit zu fotografieren.'),(63,'Um meine Abschlussarbeit zu fotografieren.'),(64,'Fotoshooting (Kurs Fotografie).'),(65,'Brauche ich zwingend fr meinen Kurs.'),(66,'Accusantium nulla sunt sint aut optio adipisci ut dolores.'),(67,'Neque repellat placeat consequuntur beatae qui.'),(68,'Maxime ut eum unde accusamus et ratione consequuntur.'),(69,'Laboriosam temporibus expedita animi recusandae asperiores excepturi dicta eos.'),(70,'Dolor necessitatibus qui molestiae in praesentium quibusdam.'),(71,'Ersatzstativ fr die Ausstellung.'),(72,'Ersatzstativ fr die Ausstellung.');
/*!40000 ALTER TABLE `purposes` ENABLE KEYS */;
UNLOCK TABLES;

--
-- Table structure for table `schema_migrations`
--

DROP TABLE IF EXISTS `schema_migrations`;
/*!40101 SET @saved_cs_client     = @@character_set_client */;
/*!40101 SET character_set_client = utf8 */;
CREATE TABLE `schema_migrations` (
  `version` varchar(255) COLLATE utf8_unicode_ci NOT NULL,
  UNIQUE KEY `unique_schema_migrations` (`version`)
) ENGINE=InnoDB DEFAULT CHARSET=utf8 COLLATE=utf8_unicode_ci;
/*!40101 SET character_set_client = @saved_cs_client */;

--
-- Dumping data for table `schema_migrations`
--

LOCK TABLES `schema_migrations` WRITE;
/*!40000 ALTER TABLE `schema_migrations` DISABLE KEYS */;
INSERT INTO `schema_migrations` VALUES ('20140410180000'),('20140414100000'),('20140415083535'),('20140417113831'),('20140428092844'),('20140515131025'),('20140812132326'),('20140820100242'),('20140828082448'),('20140901141016'),('20140903105715'),('20140905091014'),('20141110113231'),('20141212132127'),('20150113215946');
/*!40000 ALTER TABLE `schema_migrations` ENABLE KEYS */;
UNLOCK TABLES;

--
-- Table structure for table `settings`
--

DROP TABLE IF EXISTS `settings`;
/*!40101 SET @saved_cs_client     = @@character_set_client */;
/*!40101 SET character_set_client = utf8 */;
CREATE TABLE `settings` (
  `id` int(11) NOT NULL AUTO_INCREMENT,
  `smtp_address` varchar(255) COLLATE utf8_unicode_ci DEFAULT NULL,
  `smtp_port` int(11) DEFAULT NULL,
  `smtp_domain` varchar(255) COLLATE utf8_unicode_ci DEFAULT NULL,
  `local_currency_string` varchar(255) COLLATE utf8_unicode_ci DEFAULT NULL,
  `contract_terms` text COLLATE utf8_unicode_ci,
  `contract_lending_party_string` text COLLATE utf8_unicode_ci,
  `email_signature` varchar(255) COLLATE utf8_unicode_ci DEFAULT NULL,
  `default_email` varchar(255) COLLATE utf8_unicode_ci DEFAULT NULL,
  `deliver_order_notifications` tinyint(1) DEFAULT NULL,
  `user_image_url` varchar(255) COLLATE utf8_unicode_ci DEFAULT NULL,
  `ldap_config` varchar(255) COLLATE utf8_unicode_ci DEFAULT NULL,
  `logo_url` varchar(255) COLLATE utf8_unicode_ci DEFAULT NULL,
  `mail_delivery_method` varchar(255) COLLATE utf8_unicode_ci DEFAULT NULL,
  `smtp_username` varchar(255) COLLATE utf8_unicode_ci DEFAULT NULL,
  `smtp_password` varchar(255) COLLATE utf8_unicode_ci DEFAULT NULL,
  `smtp_enable_starttls_auto` tinyint(1) NOT NULL DEFAULT '0',
  `smtp_openssl_verify_mode` varchar(255) COLLATE utf8_unicode_ci NOT NULL DEFAULT 'none',
  `time_zone` varchar(255) COLLATE utf8_unicode_ci NOT NULL DEFAULT 'Bern',
  `disable_manage_section` tinyint(1) NOT NULL DEFAULT '0',
  `disable_manage_section_message` text COLLATE utf8_unicode_ci,
  `disable_borrow_section` tinyint(1) NOT NULL DEFAULT '0',
  `disable_borrow_section_message` text COLLATE utf8_unicode_ci,
  `text` text COLLATE utf8_unicode_ci,
  PRIMARY KEY (`id`)
) ENGINE=InnoDB AUTO_INCREMENT=2 DEFAULT CHARSET=utf8 COLLATE=utf8_unicode_ci;
/*!40101 SET character_set_client = @saved_cs_client */;

--
-- Dumping data for table `settings`
--

LOCK TABLES `settings` WRITE;
/*!40000 ALTER TABLE `settings` DISABLE KEYS */;
INSERT INTO `settings` VALUES (1,'smtp.zhdk.ch',25,'beta.ausleihe.zhdk.ch','CHF','Die Benutzerin/der Benutzer ist bei unsachgemsser Handhabung oder Verlust schadenersatzpflichtig. Sie/Er verpflichtet sich, das Material sorgfltig zu behandeln und gereinigt zu retournieren. Bei mangelbehafteter oder verspteter Rckgabe kann eine Ausleihsperre (bis zu 6 Monaten) verhngt werden. Das geliehene Material bleibt jederzeit uneingeschrnktes Eigentum der Zrcher Hochschule der Knste und darf ausschliesslich fr schulische Zwecke eingesetzt werden. Mit ihrer/seiner Unterschrift akzeptiert die Benutzerin/der Benutzer diese Bedingungen sowie die \'Richtlinie zur Ausleihe von Sachen\' der ZHdK und etwaige abteilungsspezifische Ausleih-Richtlinien.','Your\nAddress\nHere','Das PZ-leihs Team','sender@example.com',0,'http://www.zhdk.ch/?person/foto&width=100&compressionlevel=0&id={:id}',NULL,'/assets/image-logo-zhdk.png','test',NULL,NULL,0,'none','Bern',0,NULL,0,NULL,NULL);
/*!40000 ALTER TABLE `settings` ENABLE KEYS */;
UNLOCK TABLES;

--
-- Table structure for table `suppliers`
--

DROP TABLE IF EXISTS `suppliers`;
/*!40101 SET @saved_cs_client     = @@character_set_client */;
/*!40101 SET character_set_client = utf8 */;
CREATE TABLE `suppliers` (
  `id` int(11) NOT NULL AUTO_INCREMENT,
  `name` varchar(255) COLLATE utf8_unicode_ci NOT NULL,
  `created_at` datetime DEFAULT NULL,
  `updated_at` datetime DEFAULT NULL,
  PRIMARY KEY (`id`),
  UNIQUE KEY `index_suppliers_on_name` (`name`)
) ENGINE=InnoDB AUTO_INCREMENT=267 DEFAULT CHARSET=utf8 COLLATE=utf8_unicode_ci;
/*!40101 SET character_set_client = @saved_cs_client */;

--
-- Dumping data for table `suppliers`
--

LOCK TABLES `suppliers` WRITE;
/*!40000 ALTER TABLE `suppliers` DISABLE KEYS */;
INSERT INTO `suppliers` VALUES (1,'nobisrationeeaque','2015-01-30 10:01:39','2015-01-30 10:01:39'),(2,'veniaminearumnecessitatibusquas','2015-01-30 10:01:39','2015-01-30 10:01:39'),(3,'veritatisporro','2015-01-30 10:01:39','2015-01-30 10:01:39'),(4,'dolorexpeditavoluptas','2015-01-30 10:01:39','2015-01-30 10:01:39'),(5,'doloribuscorporis','2015-01-30 10:01:39','2015-01-30 10:01:39'),(6,'distinctiosintdictaeiusrerum','2015-01-30 10:01:39','2015-01-30 10:01:39'),(7,'quasinesciuntsedinventoremaxime','2015-01-30 10:01:39','2015-01-30 10:01:39'),(8,'pariaturvoluptatemodidoloribuset','2015-01-30 10:01:39','2015-01-30 10:01:39'),(9,'atrerum','2015-01-30 10:01:39','2015-01-30 10:01:39'),(10,'etmolestiaeetin','2015-01-30 10:01:39','2015-01-30 10:01:39'),(11,'ablaborelaudantiumplaceatconsequatur','2015-01-30 10:01:39','2015-01-30 10:01:39'),(12,'voluptasoccaecatiaut','2015-01-30 10:01:39','2015-01-30 10:01:39'),(13,'voluptatesea','2015-01-30 10:01:39','2015-01-30 10:01:39'),(14,'nobisquosvoluptatibus','2015-01-30 10:01:39','2015-01-30 10:01:39'),(15,'inventoreprovidenttemporibussuscipit','2015-01-30 10:01:39','2015-01-30 10:01:39'),(16,'odioetnequevoluptateexpedita','2015-01-30 10:01:39','2015-01-30 10:01:39'),(17,'enimcorporis','2015-01-30 10:01:39','2015-01-30 10:01:39'),(18,'quodprovident','2015-01-30 10:01:39','2015-01-30 10:01:39'),(19,'sittemporibussuntodiovelit','2015-01-30 10:01:39','2015-01-30 10:01:39'),(20,'consequaturexplicaboeaid','2015-01-30 10:01:39','2015-01-30 10:01:39'),(21,'laboriosamsedsequi','2015-01-30 10:01:39','2015-01-30 10:01:39'),(22,'eaquevelitdelenitipraesentiumvoluptas','2015-01-30 10:01:39','2015-01-30 10:01:39'),(23,'quisex','2015-01-30 10:01:39','2015-01-30 10:01:39'),(24,'quaedoloresmagniillo','2015-01-30 10:01:39','2015-01-30 10:01:39'),(25,'quiatemporibusetprovidentillo','2015-01-30 10:01:39','2015-01-30 10:01:39'),(26,'corruptiexquosdoloromnis','2015-01-30 10:01:39','2015-01-30 10:01:39'),(27,'velitex','2015-01-30 10:01:39','2015-01-30 10:01:39'),(28,'inoditvoluptatemoccaecati','2015-01-30 10:01:39','2015-01-30 10:01:39'),(29,'delenitiutnihileosodit','2015-01-30 10:01:39','2015-01-30 10:01:39'),(30,'insuntlaborum','2015-01-30 10:01:39','2015-01-30 10:01:39'),(31,'teneturcorruptiquiaaccusantiumaut','2015-01-30 10:01:39','2015-01-30 10:01:39'),(32,'voluptatemet','2015-01-30 10:01:39','2015-01-30 10:01:39'),(33,'essesuntatiure','2015-01-30 10:01:39','2015-01-30 10:01:39'),(34,'ataut','2015-01-30 10:01:39','2015-01-30 10:01:39'),(35,'explicaboexcepturiestperferendis','2015-01-30 10:01:39','2015-01-30 10:01:39'),(36,'voluptasdoloremque','2015-01-30 10:01:39','2015-01-30 10:01:39'),(37,'distinctioundeanimi','2015-01-30 10:01:39','2015-01-30 10:01:39'),(38,'exenimquis','2015-01-30 10:01:39','2015-01-30 10:01:39'),(39,'rerumetautperferendisrepellat','2015-01-30 10:01:39','2015-01-30 10:01:39'),(40,'suscipitplaceatcumqueautin','2015-01-30 10:01:39','2015-01-30 10:01:39'),(41,'dolorabetautemex','2015-01-30 10:01:39','2015-01-30 10:01:39'),(42,'etcumverovelitaut','2015-01-30 10:01:39','2015-01-30 10:01:39'),(43,'cupiditateminimatemporadolorumtenetur','2015-01-30 10:01:39','2015-01-30 10:01:39'),(44,'consequaturculpaquisquamminus','2015-01-30 10:01:39','2015-01-30 10:01:39'),(45,'etvoluptateenimdictaquod','2015-01-30 10:01:39','2015-01-30 10:01:39'),(46,'assumendaquodmodifacilis','2015-01-30 10:01:39','2015-01-30 10:01:39'),(47,'omnisrepellat','2015-01-30 10:01:39','2015-01-30 10:01:39'),(48,'accusamusexcepturietquaerat','2015-01-30 10:01:39','2015-01-30 10:01:39'),(49,'expeditavoluptate','2015-01-30 10:01:39','2015-01-30 10:01:39'),(50,'doloribusvoluptatibusiurenumquam','2015-01-30 10:01:39','2015-01-30 10:01:39'),(51,'sedblanditiisquos','2015-01-30 10:01:39','2015-01-30 10:01:39'),(52,'laboriosamrepudiandaemolestiaesuntest','2015-01-30 10:01:39','2015-01-30 10:01:39'),(53,'quiaautcorporisnon','2015-01-30 10:01:39','2015-01-30 10:01:39'),(54,'quiaut','2015-01-30 10:01:39','2015-01-30 10:01:39'),(55,'fugiatnesciuntdolore','2015-01-30 10:01:39','2015-01-30 10:01:39'),(56,'laboresint','2015-01-30 10:01:39','2015-01-30 10:01:39'),(57,'illumquas','2015-01-30 10:01:39','2015-01-30 10:01:39'),(58,'eainciduntutmolestiae','2015-01-30 10:01:39','2015-01-30 10:01:39'),(59,'accusantiumetnonveniamaspernatur','2015-01-30 10:01:39','2015-01-30 10:01:39'),(60,'quoetporroqui','2015-01-30 10:01:39','2015-01-30 10:01:39'),(61,'aspernaturdolores','2015-01-30 10:01:39','2015-01-30 10:01:39'),(62,'oditcorruptiearumquaerat','2015-01-30 10:01:39','2015-01-30 10:01:39'),(63,'doloribussapientequod','2015-01-30 10:01:39','2015-01-30 10:01:39'),(64,'adipiscierror','2015-01-30 10:01:39','2015-01-30 10:01:39'),(65,'voluptatibusomnisaspernaturvoluptatumatque','2015-01-30 10:01:39','2015-01-30 10:01:39'),(66,'laboreutaspernaturmollitia','2015-01-30 10:01:39','2015-01-30 10:01:39'),(67,'etaliquamaliassuntenim','2015-01-30 10:01:39','2015-01-30 10:01:39'),(68,'quissequinobisquos','2015-01-30 10:01:39','2015-01-30 10:01:39'),(69,'nonperspiciatis','2015-01-30 10:01:39','2015-01-30 10:01:39'),(70,'sedrepellatneque','2015-01-30 10:01:39','2015-01-30 10:01:39'),(71,'laudantiumofficiissaepe','2015-01-30 10:01:39','2015-01-30 10:01:39'),(72,'perspiciatissitistesuntpariatur','2015-01-30 10:01:39','2015-01-30 10:01:39'),(73,'impeditautemblanditiisundenihil','2015-01-30 10:01:39','2015-01-30 10:01:39'),(74,'saepequiasperioresdebitisrem','2015-01-30 10:01:39','2015-01-30 10:01:39'),(75,'reprehenderitnatus','2015-01-30 10:01:39','2015-01-30 10:01:39'),(76,'earumdoloremquevoluptas','2015-01-30 10:01:39','2015-01-30 10:01:39'),(77,'autsuntquiaoditaut','2015-01-30 10:01:39','2015-01-30 10:01:39'),(78,'asperioressuntbeataequi','2015-01-30 10:01:39','2015-01-30 10:01:39'),(79,'debitisvoluptate','2015-01-30 10:01:39','2015-01-30 10:01:39'),(80,'quietdolorestotam','2015-01-30 10:01:39','2015-01-30 10:01:39'),(81,'quiarepellendusetlabore','2015-01-30 10:01:39','2015-01-30 10:01:39'),(82,'deseruntquosintharumtemporibus','2015-01-30 10:01:39','2015-01-30 10:01:39'),(83,'evenietvoluptatumut','2015-01-30 10:01:39','2015-01-30 10:01:39'),(84,'acommodidistinctioquiaid','2015-01-30 10:01:39','2015-01-30 10:01:39'),(85,'nequequiaanimi','2015-01-30 10:01:39','2015-01-30 10:01:39'),(86,'ametrepellenduslabore','2015-01-30 10:01:39','2015-01-30 10:01:39'),(87,'officiisinventoremaioresodio','2015-01-30 10:01:39','2015-01-30 10:01:39'),(88,'voluptatemadnon','2015-01-30 10:01:39','2015-01-30 10:01:39'),(89,'autemipsum','2015-01-30 10:01:39','2015-01-30 10:01:39'),(90,'ipsumhic','2015-01-30 10:01:39','2015-01-30 10:01:39'),(91,'etiste','2015-01-30 10:01:39','2015-01-30 10:01:39'),(92,'dignissimossuntea','2015-01-30 10:01:39','2015-01-30 10:01:39'),(93,'quasiremvelit','2015-01-30 10:01:39','2015-01-30 10:01:39'),(94,'involuptatem','2015-01-30 10:01:39','2015-01-30 10:01:39'),(95,'doloremautsolutanatus','2015-01-30 10:01:39','2015-01-30 10:01:39'),(96,'reiciendisquia','2015-01-30 10:01:39','2015-01-30 10:01:39'),(97,'veniamvoluptatemvoluptateitaque','2015-01-30 10:01:39','2015-01-30 10:01:39'),(98,'magnisint','2015-01-30 10:01:39','2015-01-30 10:01:39'),(99,'facilisadipisci','2015-01-30 10:01:39','2015-01-30 10:01:39'),(100,'modiet','2015-01-30 10:01:39','2015-01-30 10:01:39'),(101,'odiosimilique','2015-01-30 10:01:39','2015-01-30 10:01:39'),(102,'dolorumassumendasuntaperiamnesciunt','2015-01-30 10:01:39','2015-01-30 10:01:39'),(103,'nihilquiculpanonfugit','2015-01-30 10:01:39','2015-01-30 10:01:39'),(104,'utadipiscietincidunt','2015-01-30 10:01:39','2015-01-30 10:01:39'),(105,'possimusveritatis','2015-01-30 10:01:39','2015-01-30 10:01:39'),(106,'ullamdeserunt','2015-01-30 10:01:39','2015-01-30 10:01:39'),(107,'iustodelectusdoloresvitaehic','2015-01-30 10:01:39','2015-01-30 10:01:39'),(108,'magnietcumnonveritatis','2015-01-30 10:01:39','2015-01-30 10:01:39'),(109,'culpaperspiciatisomniscum','2015-01-30 10:01:39','2015-01-30 10:01:39'),(110,'suntminussed','2015-01-30 10:01:39','2015-01-30 10:01:39'),(111,'nonrem','2015-01-30 10:01:39','2015-01-30 10:01:39'),(112,'commodietmolestiae','2015-01-30 10:01:39','2015-01-30 10:01:39'),(113,'repellatut','2015-01-30 10:01:39','2015-01-30 10:01:39'),(114,'nihilteneturet','2015-01-30 10:01:39','2015-01-30 10:01:39'),(115,'eniminducimus','2015-01-30 10:01:39','2015-01-30 10:01:39'),(116,'aliquamvoluptasrerum','2015-01-30 10:01:39','2015-01-30 10:01:39'),(117,'enimmagniquaeratipsum','2015-01-30 10:01:39','2015-01-30 10:01:39'),(118,'corruptieosveldistinctio','2015-01-30 10:01:39','2015-01-30 10:01:39'),(119,'blanditiisvoluptascumquia','2015-01-30 10:01:39','2015-01-30 10:01:39'),(120,'rerumetfacere','2015-01-30 10:01:39','2015-01-30 10:01:39'),(121,'estassumenda','2015-01-30 10:01:39','2015-01-30 10:01:39'),(122,'quifugiatquiutsit','2015-01-30 10:01:39','2015-01-30 10:01:39'),(123,'dolorumsuscipitconsequaturplaceatvoluptas','2015-01-30 10:01:39','2015-01-30 10:01:39'),(124,'voluptasnesciuntin','2015-01-30 10:01:39','2015-01-30 10:01:39'),(125,'delectusunde','2015-01-30 10:01:39','2015-01-30 10:01:39'),(126,'eosid','2015-01-30 10:01:39','2015-01-30 10:01:39'),(127,'utbeataequamaspernaturet','2015-01-30 10:01:39','2015-01-30 10:01:39'),(128,'nobismodisequi','2015-01-30 10:01:39','2015-01-30 10:01:39'),(129,'veritatisbeataevoluptatumsimiliquead','2015-01-30 10:01:39','2015-01-30 10:01:39'),(130,'laborequae','2015-01-30 10:01:39','2015-01-30 10:01:39'),(131,'earumprovidenteosnesciuntvoluptatem','2015-01-30 10:01:39','2015-01-30 10:01:39'),(132,'autdebitis','2015-01-30 10:01:39','2015-01-30 10:01:39'),(133,'iustoquisquivitaeet','2015-01-30 10:01:39','2015-01-30 10:01:39'),(134,'modiearumbeataedelectus','2015-01-30 10:01:39','2015-01-30 10:01:39'),(135,'dictapraesentiummaxime','2015-01-30 10:01:39','2015-01-30 10:01:39'),(136,'nequea','2015-01-30 10:01:39','2015-01-30 10:01:39'),(137,'rationevoluptatesquae','2015-01-30 10:01:39','2015-01-30 10:01:39'),(138,'idperferendisilloanimi','2015-01-30 10:01:39','2015-01-30 10:01:39'),(139,'earumvelit','2015-01-30 10:01:39','2015-01-30 10:01:39'),(140,'etquisequialiasasperiores','2015-01-30 10:01:39','2015-01-30 10:01:39'),(141,'nihilquiisteprovidentnisi','2015-01-30 10:01:39','2015-01-30 10:01:39'),(142,'maioresfugiat','2015-01-30 10:01:39','2015-01-30 10:01:39'),(143,'distinctioitaque','2015-01-30 10:01:39','2015-01-30 10:01:39'),(144,'necessitatibuseaeosaut','2015-01-30 10:01:39','2015-01-30 10:01:39'),(145,'sintestvoluptasest','2015-01-30 10:01:39','2015-01-30 10:01:39'),(146,'velitexpedita','2015-01-30 10:01:39','2015-01-30 10:01:39'),(147,'minimanihilaccusamusin','2015-01-30 10:01:39','2015-01-30 10:01:39'),(148,'ullamnecessitatibusetid','2015-01-30 10:01:39','2015-01-30 10:01:39'),(149,'perspiciatisoditarchitectoanimi','2015-01-30 10:01:39','2015-01-30 10:01:39'),(150,'pariaturvoluptas','2015-01-30 10:01:39','2015-01-30 10:01:39'),(151,'exautea','2015-01-30 10:01:39','2015-01-30 10:01:39'),(152,'eligendiconsequaturaut','2015-01-30 10:01:39','2015-01-30 10:01:39'),(153,'aeaprovident','2015-01-30 10:01:39','2015-01-30 10:01:39'),(154,'illumblanditiisminimaaccusamusa','2015-01-30 10:01:39','2015-01-30 10:01:39'),(155,'nobisnonquoinaut','2015-01-30 10:01:39','2015-01-30 10:01:39'),(156,'quosnobisnumquam','2015-01-30 10:01:39','2015-01-30 10:01:39'),(157,'etcorrupti','2015-01-30 10:01:39','2015-01-30 10:01:39'),(158,'quasiutoditmaiores','2015-01-30 10:01:39','2015-01-30 10:01:39'),(159,'adametofficiaeacupiditate','2015-01-30 10:01:39','2015-01-30 10:01:39'),(160,'excepturinonerrorlaudantiumqui','2015-01-30 10:01:39','2015-01-30 10:01:39'),(161,'etaperiameavoluptatem','2015-01-30 10:01:39','2015-01-30 10:01:39'),(162,'inmaximenoneteum','2015-01-27 10:01:39','2015-01-27 10:01:39'),(163,'quaerateumidfacerequi','2015-01-27 10:01:39','2015-01-27 10:01:39'),(164,'velitcommodi','2015-01-27 10:01:39','2015-01-27 10:01:39'),(165,'eligendiuteanumquamquibusdam','2015-01-30 10:01:39','2015-01-30 10:01:39'),(166,'autemidestrepellatqui','2015-01-30 10:01:39','2015-01-30 10:01:39'),(167,'temporibusquas','2015-01-30 10:01:39','2015-01-30 10:01:39'),(168,'adsinteumetmaiores','2015-01-30 10:01:39','2015-01-30 10:01:39'),(169,'ipsaet','2015-01-30 10:01:39','2015-01-30 10:01:39'),(170,'eiustemporenullaplaceat','2015-01-30 10:01:39','2015-01-30 10:01:39'),(171,'voluptatemomnisdoloreligendi','2015-01-30 10:01:39','2015-01-30 10:01:39'),(172,'doloremquetempora','2015-01-30 10:01:39','2015-01-30 10:01:39'),(173,'molestiasquaeasperioreset','2015-01-30 10:01:39','2015-01-30 10:01:39'),(174,'voluptaslaudantiumbeataepraesentiumquia','2015-01-30 10:01:39','2015-01-30 10:01:39'),(175,'oditcorruptiipsaofficiisa','2015-01-30 10:01:39','2015-01-30 10:01:39'),(176,'enimaliquid','2015-01-30 10:01:39','2015-01-30 10:01:39'),(177,'quosiste','2015-01-30 10:01:39','2015-01-30 10:01:39'),(178,'doloraccusamusquisest','2015-01-30 10:01:39','2015-01-30 10:01:39'),(179,'laborumaspernaturnequererum','2015-01-30 10:01:39','2015-01-30 10:01:39'),(180,'praesentiumvitae','2015-01-30 10:01:39','2015-01-30 10:01:39'),(181,'optiodictadolorem','2015-01-30 10:01:39','2015-01-30 10:01:39'),(182,'nullaimpeditquasisapientequas','2015-01-29 10:01:39','2015-01-29 10:01:39'),(183,'aperiameteosdolores','2015-01-29 10:01:39','2015-01-29 10:01:39'),(184,'velitreiciendisvoluptatem','2015-01-29 10:01:39','2015-01-29 10:01:39'),(185,'officiavoluptatumut','2015-01-29 10:01:39','2015-01-29 10:01:39'),(186,'facereinventore','2015-01-29 10:01:39','2015-01-29 10:01:39'),(187,'assumendaquifugit','2015-01-29 10:01:39','2015-01-29 10:01:39'),(188,'blanditiisnon','2015-01-29 10:01:39','2015-01-29 10:01:39'),(189,'errornostrum','2015-01-29 10:01:39','2015-01-29 10:01:39'),(190,'repellendusfacereeumsimiliqueaccusantium','2015-01-30 10:01:39','2015-01-30 10:01:39'),(191,'aditaqueametquised','2015-01-30 10:01:39','2015-01-30 10:01:39'),(192,'voluptasaspernatur','2015-01-30 10:01:39','2015-01-30 10:01:39'),(193,'consequunturmolestiaset','2015-01-30 10:01:39','2015-01-30 10:01:39'),(194,'itaquequisquamestvoluptate','2015-01-30 10:01:39','2015-01-30 10:01:39'),(195,'suscipitmolestiae','2015-01-30 10:01:39','2015-01-30 10:01:39'),(196,'veniamquasiaperiamminima','2015-01-30 10:01:39','2015-01-30 10:01:39'),(197,'addolores','2015-01-30 10:01:39','2015-01-30 10:01:39'),(198,'sittempore','2015-01-30 10:01:39','2015-01-30 10:01:39'),(199,'quiaquosrecusandaeestet','2015-01-30 10:01:39','2015-01-30 10:01:39'),(200,'voluptatemquamimpeditidfacilis','2015-01-30 10:01:39','2015-01-30 10:01:39'),(201,'quisuntiste','2015-01-30 10:01:39','2015-01-30 10:01:39'),(202,'aututaspernatur','2015-01-30 10:01:39','2015-01-30 10:01:39'),(203,'assumendaoditquodnon','2015-01-30 10:01:39','2015-01-30 10:01:39'),(204,'idaliquamaliquid','2015-01-30 10:01:39','2015-01-30 10:01:39'),(205,'accusantiumatsedestaut','2015-01-30 10:01:39','2015-01-30 10:01:39'),(206,'autofficiisesseeosrepellendus','2015-01-30 10:01:39','2015-01-30 10:01:39'),(207,'accusamussequi','2015-01-30 10:01:39','2015-01-30 10:01:39'),(208,'praesentiumculpa','2015-01-30 10:01:39','2015-01-30 10:01:39'),(209,'vitaedolore','2015-01-30 10:01:39','2015-01-30 10:01:39'),(210,'quiaarchitecto','2015-01-30 10:01:39','2015-01-30 10:01:39'),(211,'quidemeumsapienteatanimi','2015-01-30 10:01:39','2015-01-30 10:01:39'),(212,'consequaturnonmodialiquam','2015-01-30 10:01:39','2015-01-30 10:01:39'),(213,'utdolorem','2015-01-30 10:01:39','2015-01-30 10:01:39'),(214,'reiciendisdoloressunt','2015-01-30 10:01:39','2015-01-30 10:01:39'),(215,'essenatusutquod','2015-01-30 10:01:39','2015-01-30 10:01:39'),(216,'officiisiste','2015-01-30 10:01:39','2015-01-30 10:01:39'),(217,'ullamvoluptatemvelpraesentiumet','2015-01-30 10:01:39','2015-01-30 10:01:39'),(218,'omnisoptio','2015-01-30 10:01:39','2015-01-30 10:01:39'),(219,'animirerum','2015-01-30 10:01:39','2015-01-30 10:01:39'),(220,'nesciuntvoluptatemcorporisbeatae','2015-01-30 10:01:39','2015-01-30 10:01:39'),(221,'consequatursunt','2015-01-30 10:01:39','2015-01-30 10:01:39'),(222,'illumomnisconsequatur','2015-01-30 10:01:39','2015-01-30 10:01:39'),(223,'quoquiaidetmolestiae','2015-01-30 10:01:39','2015-01-30 10:01:39'),(224,'corruptiquissedquidemautem','2015-01-30 10:01:39','2015-01-30 10:01:39'),(225,'voluptasexpeditaquodcorrupti','2015-01-30 10:01:39','2015-01-30 10:01:39'),(226,'quirepellatqui','2015-01-30 10:01:39','2015-01-30 10:01:39'),(227,'molestiaeminimaculpaiureeligendi','2015-01-30 10:01:39','2015-01-30 10:01:39'),(228,'estvoluptatemcumetsunt','2015-01-30 10:01:39','2015-01-30 10:01:39'),(229,'sintestomnis','2015-01-30 10:01:39','2015-01-30 10:01:39'),(230,'doloribusidinsintat','2015-01-30 10:01:39','2015-01-30 10:01:39'),(231,'estdolorumnullaestimpedit','2015-01-30 10:01:39','2015-01-30 10:01:39'),(232,'seddistinctioincidunt','2015-01-30 10:01:39','2015-01-30 10:01:39'),(233,'rerumsintquia','2015-01-29 10:01:39','2015-01-29 10:01:39'),(234,'quianimiquasivoluptatemmolestiae','2015-01-29 10:01:39','2015-01-29 10:01:39'),(235,'fugaeius','2015-01-29 10:01:39','2015-01-29 10:01:39'),(236,'temporibusmolestiaedolores','2015-01-30 10:01:39','2015-01-30 10:01:39'),(237,'quirem','2015-01-25 10:01:39','2015-01-25 10:01:39'),(238,'fugitetetatqueducimus','2015-01-30 10:01:39','2015-01-30 10:01:39'),(239,'autquisiusto','2015-01-30 10:01:39','2015-01-30 10:01:39'),(240,'quibusdamrationeporro','2015-01-30 10:01:39','2015-01-30 10:01:39'),(241,'evenietaliasexplicaboaccusamus','2015-01-30 10:01:39','2015-01-30 10:01:39'),(242,'inciduntrerumsedutrerum','2015-01-30 10:01:39','2015-01-30 10:01:39'),(243,'magnidoloresporro','2015-01-30 10:01:39','2015-01-30 10:01:39'),(244,'voluptasnostrumadipisciquaetempora','2015-01-30 10:01:39','2015-01-30 10:01:39'),(245,'optioabpossimusperferendis','2015-01-30 10:01:39','2015-01-30 10:01:39'),(246,'nonquisdoloribusvoluptas','2015-01-30 10:01:39','2015-01-30 10:01:39'),(247,'idvoluptatemrepellendus','2015-01-30 10:01:39','2015-01-30 10:01:39'),(248,'molestiaeexautquisminus','2015-01-30 10:01:39','2015-01-30 10:01:39'),(249,'earumporroinillo','2015-01-30 10:01:39','2015-01-30 10:01:39'),(250,'quidistinctionihilid','2015-01-30 10:01:39','2015-01-30 10:01:39'),(251,'omnisitaquenemoodit','2015-01-30 10:01:39','2015-01-30 10:01:39'),(252,'magniut','2015-01-30 10:01:39','2015-01-30 10:01:39'),(253,'aspernaturquosvoluptatemblanditiisalias','2015-01-30 10:01:39','2015-01-30 10:01:39'),(254,'voluptasatquedolor','2015-01-30 10:01:39','2015-01-30 10:01:39'),(255,'nequedoloribusnemositnesciunt','2015-01-30 10:01:39','2015-01-30 10:01:39'),(256,'etminusvoluptatem','2015-01-30 10:01:39','2015-01-30 10:01:39'),(257,'facerequasdolor','2015-01-30 10:01:39','2015-01-30 10:01:39'),(258,'maioresfacereomnis','2015-01-30 10:01:39','2015-01-30 10:01:39'),(259,'vitaefugit','2015-01-25 10:01:39','2015-01-25 10:01:39'),(260,'delectusquisdolores','2015-01-25 10:01:39','2015-01-25 10:01:39'),(261,'undeexpeditauttotamcum','2015-01-25 10:01:39','2015-01-25 10:01:39'),(262,'autnisiarchitectototamet','2015-01-29 10:01:39','2015-01-29 10:01:39'),(263,'perferendisdolores','2015-01-29 10:01:39','2015-01-29 10:01:39'),(264,'estenimipsumlaborum','2015-01-29 10:01:39','2015-01-29 10:01:39'),(265,'adipiscidolorutea','2015-01-29 10:01:39','2015-01-29 10:01:39'),(266,'omnissuntinventore','2015-01-29 10:01:39','2015-01-29 10:01:39');
/*!40000 ALTER TABLE `suppliers` ENABLE KEYS */;
UNLOCK TABLES;

--
-- Table structure for table `users`
--

DROP TABLE IF EXISTS `users`;
/*!40101 SET @saved_cs_client     = @@character_set_client */;
/*!40101 SET character_set_client = utf8 */;
CREATE TABLE `users` (
  `id` int(11) NOT NULL AUTO_INCREMENT,
  `login` varchar(255) COLLATE utf8_unicode_ci DEFAULT NULL,
  `firstname` varchar(255) COLLATE utf8_unicode_ci DEFAULT NULL,
  `lastname` varchar(255) COLLATE utf8_unicode_ci DEFAULT NULL,
  `phone` varchar(255) COLLATE utf8_unicode_ci DEFAULT NULL,
  `authentication_system_id` int(11) DEFAULT '1',
  `unique_id` varchar(255) COLLATE utf8_unicode_ci DEFAULT NULL,
  `email` varchar(255) COLLATE utf8_unicode_ci DEFAULT NULL,
  `badge_id` varchar(255) COLLATE utf8_unicode_ci DEFAULT NULL,
  `address` varchar(255) COLLATE utf8_unicode_ci DEFAULT NULL,
  `city` varchar(255) COLLATE utf8_unicode_ci DEFAULT NULL,
  `zip` varchar(255) COLLATE utf8_unicode_ci DEFAULT NULL,
  `country` varchar(255) COLLATE utf8_unicode_ci DEFAULT NULL,
  `language_id` int(11) DEFAULT NULL,
  `extended_info` text COLLATE utf8_unicode_ci,
  `settings` varchar(1024) COLLATE utf8_unicode_ci DEFAULT NULL,
  `created_at` datetime DEFAULT NULL,
  `updated_at` datetime DEFAULT NULL,
  `delegator_user_id` int(11) DEFAULT NULL,
  PRIMARY KEY (`id`),
  KEY `index_users_on_authentication_system_id` (`authentication_system_id`),
  KEY `users_language_id_fk` (`language_id`),
  KEY `users_delegator_user_id_fk` (`delegator_user_id`),
  CONSTRAINT `users_delegator_user_id_fk` FOREIGN KEY (`delegator_user_id`) REFERENCES `users` (`id`),
  CONSTRAINT `users_authentication_system_id_fk` FOREIGN KEY (`authentication_system_id`) REFERENCES `authentication_systems` (`id`),
  CONSTRAINT `users_language_id_fk` FOREIGN KEY (`language_id`) REFERENCES `languages` (`id`)
) ENGINE=InnoDB AUTO_INCREMENT=36 DEFAULT CHARSET=utf8 COLLATE=utf8_unicode_ci;
/*!40101 SET character_set_client = @saved_cs_client */;

--
-- Dumping data for table `users`
--

LOCK TABLES `users` WRITE;
/*!40000 ALTER TABLE `users` DISABLE KEYS */;
INSERT INTO `users` VALUES (1,'gino','Gino','Johnston','03322663153',1,'c2yyketfecv4hd1ucc','gino@zhdk.ch','l6g9wl6bn4pqyuyhdi',NULL,'Lake Cordie','L-Y6V 4QG','Liberia',1,NULL,'--- !ruby/hash:ActiveSupport::HashWithIndifferentAccess {}\n','2015-01-30 10:01:39','2015-01-30 10:01:39',NULL),(2,'ramon','Ramon','Mraz','08215065253',1,'lfit3txeilgp5bvn69','ramon@zhdk.ch','cz9tucjcr6dqtlo4rx',NULL,'East Drewbury','D-WE4 3GW','Denmark',1,NULL,'--- !ruby/hash:ActiveSupport::HashWithIndifferentAccess {}\n','2015-01-30 10:01:39','2015-01-30 10:01:39',NULL),(3,'matti','Matti','Thompson','05592815485',1,'gf8aoup02gteyae23w','matti@zhdk.ch','rnt7ac0arzbojbvzzm',NULL,'Lake Ariane','L-FB1E 4AJ','Libyan Arab Jamahiriya',1,NULL,'--- !ruby/hash:ActiveSupport::HashWithIndifferentAccess {}\n','2015-01-30 10:01:39','2015-01-30 10:01:39',NULL),(4,'mike','Mike','Hayes','01149192968',1,'97yor3xq6j7e6x6o3g','mike@zhdk.ch','uzwya3siit3s9eia2m',NULL,'New Esther','E-W14 9BA','Egypt',1,NULL,'--- !ruby/hash:ActiveSupport::HashWithIndifferentAccess {}\n','2015-01-30 10:01:39','2015-01-30 10:01:39',NULL),(5,'pius','Pius','Buckridge','08003756229',1,'130mgqy6ads82gh2ty','pius@zhdk.ch','o7r5uwbl6kd4izdrlp',NULL,'Schimmelport','B-Y9 3JU','Brunei Darussalam',1,NULL,'--- !ruby/hash:ActiveSupport::HashWithIndifferentAccess {}\n','2015-01-30 10:01:39','2015-01-30 10:01:39',NULL),(6,'normin','Normin','Normalo','01279118150',1,'q2bn4hg4cjupsgofq3','normin@zhdk.ch','kh6pagb5jxt6c4xgxa',NULL,'Lauryville','N-WE6 4LW','Niue',1,NULL,'--- !ruby/hash:ActiveSupport::HashWithIndifferentAccess {}\n','2015-01-30 10:01:39','2015-01-30 10:01:39',NULL),(7,'norval','Norval','Kulas','0182320551',1,'xawo0aioz9wkttxiik','lending_manager1@zhdk.ch','ka3p1jxjlmh14j599h',NULL,'Oralland','S-OH6R 0JJ','South Africa',1,NULL,'--- !ruby/hash:ActiveSupport::HashWithIndifferentAccess {}\n','2015-01-30 10:01:39','2015-01-30 10:01:39',NULL),(8,'peter','Peter','Silie','08989996064',1,'xsr1xb9mjqo2krgs6s','peter@silie.com','hjw7lxt7cmdjgvn69b',NULL,'Richardside','A-S5Y 7BB','Armenia',1,NULL,'--- !ruby/hash:ActiveSupport::HashWithIndifferentAccess {}\n','2015-01-30 10:01:39','2015-01-30 10:01:39',NULL),(9,'andi','Andi','Keeling','01911847388',1,'425ztr18d71zm1hl5w','andi@zhdk.ch','424z1zejgpr2jwadiq',NULL,'South Charlotte','S-K5A 4AJ','Serbia',1,NULL,'--- !ruby/hash:ActiveSupport::HashWithIndifferentAccess {}\n','2015-01-30 10:01:39','2015-01-30 10:01:39',NULL),(10,'mina','Mina','Vandervort','0169775576',1,'cfjfczxar26v4l3xrk','mina@zhdk.ch','au2nqzf4lyi45s57rj',NULL,'Juwantown','I-TA5 6AB','Italy',1,NULL,'--- !ruby/hash:ActiveSupport::HashWithIndifferentAccess {}\n','2015-01-30 10:01:39','2015-01-30 10:01:39',NULL),(11,'petra','Petra','Borer','09573546322',1,'qclk6bu3djnj10vyvq','petra@zhdk.ch','0uvjggol4aaszj901c','110 Gregoria Summit, ','New Archibald','E-F5A 6AA','Egypt',1,NULL,'--- !ruby/hash:ActiveSupport::HashWithIndifferentAccess {}\n','2015-01-30 10:01:39','2015-01-30 10:01:39',NULL),(12,'julie','Julie','Schuster','0169776848',1,'jpnbd0jrdvgyqi8zfr','julie@zhdk.ch','bqpquy2b6pr5zf6owc',NULL,'Alysonchester','T-MR8 0WJ','Timor-Leste',1,NULL,'--- !ruby/hash:ActiveSupport::HashWithIndifferentAccess {}\n','2015-01-30 10:01:39','2015-01-30 10:01:39',NULL),(13,'lisa','Lisa','Boyle','01111131935',1,'qtp1twwspici0cwlk1','lisa@zhdk.ch','0hel6366wq7459ztf6',NULL,'Lake Reyesfort','A-D6 1JY','Azerbaijan',1,NULL,'--- !ruby/hash:ActiveSupport::HashWithIndifferentAccess {}\n','2015-01-30 10:01:39','2015-01-30 10:01:39',NULL),(14,'delphine','Delphine','Powlowski','0169777705',1,'udfkg9ziwps2dt212m','customer1@zhdk.ch','3fi6z8s3ssoyr6kgih',NULL,'East Kayley','C-R1 2TS','Comoros',1,NULL,'--- !ruby/hash:ActiveSupport::HashWithIndifferentAccess {}\n','2015-01-30 10:01:39','2015-01-30 10:01:39',NULL),(15,'raina','Raina','Stiedemann','0134613030',1,'x996twhqo3i4l0ceyc','customer2@zhdk.ch','dnpj2ctm8mn2ta796k',NULL,'New Citlalli','C-H9 0OA','Christmas Island',1,NULL,'--- !ruby/hash:ActiveSupport::HashWithIndifferentAccess {}\n','2015-01-30 10:01:39','2015-01-30 10:01:39',NULL),(16,'mireya','Mireya','Huel','01311816583',1,'ggwj41dyc7fvd61hjm','customer3@zhdk.ch','dzdcn1bu8hl3v7xi4c',NULL,'New Mustafastad','M-B2M 3LL','Martinique',1,NULL,'--- !ruby/hash:ActiveSupport::HashWithIndifferentAccess {}\n','2015-01-30 10:01:39','2015-01-30 10:01:39',NULL),(17,'corine','Corine','Kunze','05519723122',1,'xrc8z09hnpvzznojnf','customer4@zhdk.ch','itfmimipa9ka6s274u',NULL,'North Camylle','P-U7 5PZ','Panama',1,NULL,'--- !ruby/hash:ActiveSupport::HashWithIndifferentAccess {}\n','2015-01-30 10:01:39','2015-01-30 10:01:39',NULL),(18,'keaton','Keaton','McDermott','0800114283',1,'6tjxbnh8p27s42zvop','customer5@zhdk.ch','sjtmu2unpbn9y18le5',NULL,'Kingfort','C-KY7 4GD','Congo',1,NULL,'--- !ruby/hash:ActiveSupport::HashWithIndifferentAccess {}\n','2015-01-30 10:01:39','2015-01-30 10:01:39',NULL),(19,'rubie','Rubie','Gottlieb','0169777812',1,'7tknh8izxodm8l86m8','customer6@zhdk.ch','pzv7rvnpa3i5byukc2',NULL,'North Roxaneton','V-TE1 5LY','Vanuatu',1,NULL,'--- !ruby/hash:ActiveSupport::HashWithIndifferentAccess {}\n','2015-01-30 10:01:39','2015-01-30 10:01:39',NULL),(20,'emiliano','Emiliano','Rohan','0500544405',1,'raha0rcgspuocsku3x','customer7@zhdk.ch','vp1uy42kq3vqj4x4ee',NULL,'Ulisesberg','L-RH1 5AB','Luxembourg',1,NULL,'--- !ruby/hash:ActiveSupport::HashWithIndifferentAccess {}\n','2015-01-30 10:01:39','2015-01-30 10:01:39',NULL),(21,'karina','Karina','Doyle','01217986552',1,'1hfpacdtum6lpii3vf','customer8@zhdk.ch','lc19lwkb56glfnznbj',NULL,'Danbury','C-W3A 7ZA','Christmas Island',1,NULL,'--- !ruby/hash:ActiveSupport::HashWithIndifferentAccess {}\n','2015-01-30 10:01:39','2015-01-30 10:01:39',NULL),(22,'wilfred','Wilfred','Hoppe','0500902847',1,'17hr571qvpcjty87aw','customer9@zhdk.ch','cb73xvh85wp5dfp304',NULL,'Soledadside','N-W1 3JL','Norfolk Island',1,NULL,'--- !ruby/hash:ActiveSupport::HashWithIndifferentAccess {}\n','2015-01-30 10:01:39','2015-01-30 10:01:39',NULL),(23,'kennedy','Kennedy','Mante','01818404718',1,'cmjzv5etrzgy82x99y','delegator1@zhdk.ch','02ukaqpou5xwytwwzj',NULL,'Onahaven','G-WP6V 9AN','Germany',1,NULL,'--- !ruby/hash:ActiveSupport::HashWithIndifferentAccess {}\n','2015-01-30 10:01:39','2015-01-30 10:01:39',NULL),(24,'bernadette','Bernadette','Schamberger','05616982776',1,'9moo6kcbhtgo32g0ps','delegated1@zhdk.ch','hddw13ktb7hscd5m73',NULL,'Gutkowskiton','V-YB1 5YA','Vietnam',1,NULL,'--- !ruby/hash:ActiveSupport::HashWithIndifferentAccess {}\n','2015-01-30 10:01:39','2015-01-30 10:01:39',NULL),(25,'keshawn_7047','Anna','Considine','01938377416',1,'bycca5s6did5ceyp7w','jovan@gleichnernikolaus.biz','hmom10epwrzcnruqcu','181 Bogan Land','Nitzscheland','G-R5B 5BF','Guatemala',1,NULL,'--- !ruby/hash:ActiveSupport::HashWithIndifferentAccess {}\n','2015-01-30 10:01:39','2015-01-30 10:01:39',NULL),(26,NULL,'Delegation 1',NULL,NULL,NULL,NULL,NULL,NULL,NULL,NULL,NULL,NULL,1,NULL,'--- !ruby/hash:ActiveSupport::HashWithIndifferentAccess {}\n','2015-01-30 10:01:39','2015-01-30 10:01:39',12),(27,NULL,'Delegation 2',NULL,NULL,NULL,NULL,NULL,NULL,NULL,NULL,NULL,NULL,1,NULL,'--- !ruby/hash:ActiveSupport::HashWithIndifferentAccess {}\n','2015-01-30 10:01:39','2015-01-30 10:01:39',10),(28,NULL,'Delegation 3',NULL,NULL,NULL,NULL,NULL,NULL,NULL,NULL,NULL,NULL,1,NULL,'--- !ruby/hash:ActiveSupport::HashWithIndifferentAccess {}\n','2015-01-30 10:01:39','2015-01-30 10:01:39',10),(29,NULL,'Delegation 4',NULL,NULL,NULL,NULL,NULL,NULL,NULL,NULL,NULL,NULL,1,NULL,'--- !ruby/hash:ActiveSupport::HashWithIndifferentAccess {}\n','2015-01-30 10:01:39','2015-01-30 10:01:39',10),(30,NULL,'Delegation 5',NULL,NULL,NULL,NULL,NULL,NULL,NULL,NULL,NULL,NULL,1,NULL,'--- !ruby/hash:ActiveSupport::HashWithIndifferentAccess {}\n','2015-01-30 10:01:39','2015-01-30 10:01:39',23),(31,'jalon_2413','Cecelia','Oberbrunner','0169773633',1,'zypbvmnakdmmh60clw','mara@corkerybode.com','je5szsgxg7tqro7qi8','317 Hermann Valleys','Emilianoberg','M-Z1A 2RX','Moldova',1,NULL,'--- !ruby/hash:ActiveSupport::HashWithIndifferentAccess {}\n','2015-01-30 10:01:39','2015-01-30 10:01:39',NULL),(32,'august.hilll_3598','Destiny','Hansen','01318173099',1,'mj0qit9di2tevelhzk','fausto@wiza.name','y1qtn0w1q267r28kp0','10789 Bergnaum Lodge','Virginiashire','T-R1 9JB','Tonga',1,NULL,'--- !ruby/hash:ActiveSupport::HashWithIndifferentAccess {}\n','2015-01-30 10:01:39','2015-01-30 10:01:39',NULL),(33,'zachary.spencer_9357','Lillian','Ebert','03514642510',1,'ga89frhtzi017pg0wu','gennaro@kautzer.info','2kiyqm3kzytokqtogs','672 Kassandra Shoals','Simeonshire','N-Z9H 2BA','Namibia',1,NULL,'--- !ruby/hash:ActiveSupport::HashWithIndifferentAccess {}\n','2015-01-30 10:01:39','2015-01-30 10:01:39',NULL),(34,'ania_1268','Leone','McGlynn','01740034230',1,'9wfg7o2ig18jjaesrv','camylle.nitzsche@hoppe.name','dbjn3ve8o1334lazjn','84462 Estevan Loop','Boyerburgh','F-UA5A 9LB','Fiji',1,NULL,'--- !ruby/hash:ActiveSupport::HashWithIndifferentAccess {}\n','2015-01-30 10:01:39','2015-01-30 10:01:39',NULL),(35,'golda_7840','Reece','Stiedemann','08632760545',1,'jedvde3jfgyjlqkx8w','christelle_johns@witting.biz','0t3w5rmurgn69nl4o0','3521 Gulgowski Freeway','Nellemouth','C-J8Y 4RL','Cote d\'Ivoire',1,NULL,'--- !ruby/hash:ActiveSupport::HashWithIndifferentAccess {}\n','2015-01-30 10:01:39','2015-01-30 10:01:39',NULL);
/*!40000 ALTER TABLE `users` ENABLE KEYS */;
UNLOCK TABLES;

--
-- Temporary table structure for view `visit_lines`
--

DROP TABLE IF EXISTS `visit_lines`;
/*!50001 DROP VIEW IF EXISTS `visit_lines`*/;
SET @saved_cs_client     = @@character_set_client;
SET character_set_client = utf8;
/*!50001 CREATE TABLE `visit_lines` (
  `visit_id` varchar(148),
  `inventory_pool_id` int(11),
  `user_id` int(11),
  `delegated_user_id` int(11),
  `status` enum('unsubmitted','submitted','rejected','approved','signed','closed'),
  `action` varchar(9),
  `date` date,
  `quantity` int(11),
  `contract_line_id` int(11)
) ENGINE=MyISAM */;
SET character_set_client = @saved_cs_client;

--
-- Temporary table structure for view `visits`
--

DROP TABLE IF EXISTS `visits`;
/*!50001 DROP VIEW IF EXISTS `visits`*/;
SET @saved_cs_client     = @@character_set_client;
SET character_set_client = utf8;
/*!50001 CREATE TABLE `visits` (
  `id` varchar(148),
  `inventory_pool_id` int(11),
  `user_id` int(11),
  `status` enum('unsubmitted','submitted','rejected','approved','signed','closed'),
  `action` varchar(9),
  `date` date,
  `quantity` decimal(32,0)
) ENGINE=MyISAM */;
SET character_set_client = @saved_cs_client;

--
-- Table structure for table `workdays`
--

DROP TABLE IF EXISTS `workdays`;
/*!40101 SET @saved_cs_client     = @@character_set_client */;
/*!40101 SET character_set_client = utf8 */;
CREATE TABLE `workdays` (
  `id` int(11) NOT NULL AUTO_INCREMENT,
  `inventory_pool_id` int(11) DEFAULT NULL,
  `monday` tinyint(1) DEFAULT '1',
  `tuesday` tinyint(1) DEFAULT '1',
  `wednesday` tinyint(1) DEFAULT '1',
  `thursday` tinyint(1) DEFAULT '1',
  `friday` tinyint(1) DEFAULT '1',
  `saturday` tinyint(1) DEFAULT '0',
  `sunday` tinyint(1) DEFAULT '0',
  `reservation_advance_days` int(11) DEFAULT '0',
  `max_visits` text COLLATE utf8_unicode_ci,
  PRIMARY KEY (`id`),
  KEY `index_workdays_on_inventory_pool_id` (`inventory_pool_id`),
  CONSTRAINT `workdays_inventory_pool_id_fk` FOREIGN KEY (`inventory_pool_id`) REFERENCES `inventory_pools` (`id`) ON DELETE CASCADE
) ENGINE=InnoDB AUTO_INCREMENT=13 DEFAULT CHARSET=utf8 COLLATE=utf8_unicode_ci;
/*!40101 SET character_set_client = @saved_cs_client */;

--
-- Dumping data for table `workdays`
--

LOCK TABLES `workdays` WRITE;
/*!40000 ALTER TABLE `workdays` DISABLE KEYS */;
INSERT INTO `workdays` VALUES (1,1,1,1,1,1,1,0,0,0,'---\n\'1\': 10\n\'2\': 20\n\'3\': 30\n'),(2,2,1,1,1,1,1,0,0,0,'--- {}\n'),(3,3,1,1,1,1,1,0,0,0,'--- {}\n'),(4,4,1,1,1,1,1,0,0,0,'--- {}\n'),(5,5,1,1,1,1,1,0,0,0,'--- {}\n'),(6,6,1,1,1,1,1,0,0,0,'--- {}\n'),(7,7,1,1,1,1,1,0,0,0,'--- {}\n'),(8,8,1,1,1,1,1,0,0,0,'--- {}\n'),(9,9,1,1,1,1,1,0,0,0,'--- {}\n'),(10,10,1,1,1,1,1,0,0,0,'--- {}\n'),(11,11,1,1,1,1,1,0,0,0,'--- {}\n'),(12,12,1,1,1,1,1,0,0,0,'--- {}\n');
/*!40000 ALTER TABLE `workdays` ENABLE KEYS */;
UNLOCK TABLES;

--
-- Final view structure for view `partitions_with_generals`
--

/*!50001 DROP TABLE IF EXISTS `partitions_with_generals`*/;
/*!50001 DROP VIEW IF EXISTS `partitions_with_generals`*/;
/*!50001 SET @saved_cs_client          = @@character_set_client */;
/*!50001 SET @saved_cs_results         = @@character_set_results */;
/*!50001 SET @saved_col_connection     = @@collation_connection */;
/*!50001 SET character_set_client      = utf8 */;
/*!50001 SET character_set_results     = utf8 */;
/*!50001 SET collation_connection      = utf8_general_ci */;
/*!50001 CREATE ALGORITHM=UNDEFINED */
/*!50001 VIEW `partitions_with_generals` AS select `partitions`.`model_id` AS `model_id`,`partitions`.`inventory_pool_id` AS `inventory_pool_id`,`partitions`.`group_id` AS `group_id`,`partitions`.`quantity` AS `quantity` from `partitions` union select `i`.`model_id` AS `model_id`,`i`.`inventory_pool_id` AS `inventory_pool_id`,NULL AS `group_id`,(count(`i`.`id`) - ifnull((select sum(`p`.`quantity`) from `partitions` `p` where ((`p`.`model_id` = `i`.`model_id`) and (`p`.`inventory_pool_id` = `i`.`inventory_pool_id`)) group by `p`.`inventory_pool_id`,`p`.`model_id`),0)) AS `quantity` from `items` `i` where (isnull(`i`.`retired`) and (`i`.`is_borrowable` = 1) and isnull(`i`.`parent_id`)) group by `i`.`inventory_pool_id`,`i`.`model_id` */;
/*!50001 SET character_set_client      = @saved_cs_client */;
/*!50001 SET character_set_results     = @saved_cs_results */;
/*!50001 SET collation_connection      = @saved_col_connection */;

--
-- Final view structure for view `visit_lines`
--

/*!50001 DROP TABLE IF EXISTS `visit_lines`*/;
/*!50001 DROP VIEW IF EXISTS `visit_lines`*/;
/*!50001 SET @saved_cs_client          = @@character_set_client */;
/*!50001 SET @saved_cs_results         = @@character_set_results */;
/*!50001 SET @saved_col_connection     = @@collation_connection */;
/*!50001 SET character_set_client      = utf8 */;
/*!50001 SET character_set_results     = utf8 */;
/*!50001 SET collation_connection      = utf8_general_ci */;
/*!50001 CREATE ALGORITHM=UNDEFINED */
/*!50001 VIEW `visit_lines` AS select hex(concat_ws('_',if((`c`.`status` = 'approved'),`cl`.`start_date`,`cl`.`end_date`),`c`.`inventory_pool_id`,`c`.`user_id`,`c`.`status`)) AS `visit_id`,`c`.`inventory_pool_id` AS `inventory_pool_id`,`c`.`user_id` AS `user_id`,`c`.`delegated_user_id` AS `delegated_user_id`,`c`.`status` AS `status`,if((`c`.`status` = 'approved'),'hand_over','take_back') AS `action`,if((`c`.`status` = 'approved'),`cl`.`start_date`,`cl`.`end_date`) AS `date`,`cl`.`quantity` AS `quantity`,`cl`.`id` AS `contract_line_id` from (`contract_lines` `cl` join `contracts` `c` on((`cl`.`contract_id` = `c`.`id`))) where ((`c`.`status` in ('approved','signed')) and isnull(`cl`.`returned_date`)) order by if((`c`.`status` = 'approved'),`cl`.`start_date`,`cl`.`end_date`) */;
/*!50001 SET character_set_client      = @saved_cs_client */;
/*!50001 SET character_set_results     = @saved_cs_results */;
/*!50001 SET collation_connection      = @saved_col_connection */;

--
-- Final view structure for view `visits`
--

/*!50001 DROP TABLE IF EXISTS `visits`*/;
/*!50001 DROP VIEW IF EXISTS `visits`*/;
/*!50001 SET @saved_cs_client          = @@character_set_client */;
/*!50001 SET @saved_cs_results         = @@character_set_results */;
/*!50001 SET @saved_col_connection     = @@collation_connection */;
/*!50001 SET character_set_client      = utf8 */;
/*!50001 SET character_set_results     = utf8 */;
/*!50001 SET collation_connection      = utf8_general_ci */;
/*!50001 CREATE ALGORITHM=UNDEFINED */
/*!50001 VIEW `visits` AS select hex(concat_ws('_',`visit_lines`.`date`,`visit_lines`.`inventory_pool_id`,`visit_lines`.`user_id`,`visit_lines`.`status`)) AS `id`,`visit_lines`.`inventory_pool_id` AS `inventory_pool_id`,`visit_lines`.`user_id` AS `user_id`,`visit_lines`.`status` AS `status`,`visit_lines`.`action` AS `action`,`visit_lines`.`date` AS `date`,sum(`visit_lines`.`quantity`) AS `quantity` from `visit_lines` group by `visit_lines`.`user_id`,`visit_lines`.`status`,`visit_lines`.`date`,`visit_lines`.`inventory_pool_id` */;
/*!50001 SET character_set_client      = @saved_cs_client */;
/*!50001 SET character_set_results     = @saved_cs_results */;
/*!50001 SET collation_connection      = @saved_col_connection */;
/*!40103 SET TIME_ZONE=@OLD_TIME_ZONE */;

/*!40101 SET SQL_MODE=@OLD_SQL_MODE */;
/*!40014 SET FOREIGN_KEY_CHECKS=@OLD_FOREIGN_KEY_CHECKS */;
/*!40014 SET UNIQUE_CHECKS=@OLD_UNIQUE_CHECKS */;
/*!40101 SET CHARACTER_SET_CLIENT=@OLD_CHARACTER_SET_CLIENT */;
/*!40101 SET CHARACTER_SET_RESULTS=@OLD_CHARACTER_SET_RESULTS */;
/*!40101 SET COLLATION_CONNECTION=@OLD_COLLATION_CONNECTION */;
/*!40111 SET SQL_NOTES=@OLD_SQL_NOTES */;

-- Dump completed on 2015-01-22 16:10:30
