-- MySQL dump 10.13  Distrib 5.1.48, for apple-darwin10.3.0 (i386)
--
-- Host: localhost    Database: leihs2_test
-- ------------------------------------------------------
-- Server version	5.1.48

/*!40101 SET @OLD_CHARACTER_SET_CLIENT=@@CHARACTER_SET_CLIENT */;
/*!40101 SET @OLD_CHARACTER_SET_RESULTS=@@CHARACTER_SET_RESULTS */;
/*!40101 SET @OLD_COLLATION_CONNECTION=@@COLLATION_CONNECTION */;
/*!40101 SET NAMES utf8 */;
/*!40103 SET @OLD_TIME_ZONE=@@TIME_ZONE */;
/*!40103 SET TIME_ZONE='+00:00' */;
/*!40014 SET @OLD_UNIQUE_CHECKS=@@UNIQUE_CHECKS, UNIQUE_CHECKS=0 */;
/*!40014 SET @OLD_FOREIGN_KEY_CHECKS=@@FOREIGN_KEY_CHECKS, FOREIGN_KEY_CHECKS=0 */;
/*!40101 SET @OLD_SQL_MODE=@@SQL_MODE, SQL_MODE='NO_AUTO_VALUE_ON_ZERO' */;
/*!40111 SET @OLD_SQL_NOTES=@@SQL_NOTES, SQL_NOTES=0 */;

--
-- Table structure for table `access_rights`
--

DROP TABLE IF EXISTS `access_rights`;
/*!40101 SET @saved_cs_client     = @@character_set_client */;
/*!40101 SET character_set_client = utf8 */;
CREATE TABLE `access_rights` (
  `id` int(11) NOT NULL AUTO_INCREMENT,
  `user_id` int(11) DEFAULT NULL,
  `inventory_pool_id` int(11) DEFAULT NULL,
  `suspended_until` date DEFAULT NULL,
  `suspended_reason` text COLLATE utf8_unicode_ci,
  `deleted_at` date DEFAULT NULL,
  `created_at` datetime DEFAULT NULL,
  `updated_at` datetime DEFAULT NULL,
  `role` enum('customer','group_manager','lending_manager','inventory_manager','admin') COLLATE utf8_unicode_ci NOT NULL,
  PRIMARY KEY (`id`),
  KEY `index_access_rights_on_suspended_until` (`suspended_until`),
  KEY `index_access_rights_on_deleted_at` (`deleted_at`),
  KEY `index_access_rights_on_inventory_pool_id` (`inventory_pool_id`),
  KEY `index_access_rights_on_role` (`role`),
  KEY `index_on_user_id_and_inventory_pool_id_and_deleted_at` (`user_id`,`inventory_pool_id`,`deleted_at`),
  CONSTRAINT `access_rights_user_id_fk` FOREIGN KEY (`user_id`) REFERENCES `users` (`id`),
  CONSTRAINT `access_rights_inventory_pool_id_fk` FOREIGN KEY (`inventory_pool_id`) REFERENCES `inventory_pools` (`id`) ON DELETE CASCADE
) ENGINE=InnoDB AUTO_INCREMENT=46 DEFAULT CHARSET=utf8 COLLATE=utf8_unicode_ci;
/*!40101 SET character_set_client = @saved_cs_client */;

--
-- Dumping data for table `access_rights`
--

LOCK TABLES `access_rights` WRITE;
/*!40000 ALTER TABLE `access_rights` DISABLE KEYS */;
INSERT INTO `access_rights` VALUES (1,1,NULL,NULL,NULL,NULL,'2015-02-05 07:50:18','2015-02-05 07:50:18','admin'),(2,2,NULL,NULL,NULL,NULL,'2015-02-05 07:50:18','2015-02-05 07:50:18','admin'),(3,2,1,NULL,NULL,NULL,'2015-02-05 07:50:18','2015-02-05 07:50:18','customer'),(4,3,2,NULL,NULL,NULL,'2015-02-05 07:50:18','2015-02-05 07:50:18','inventory_manager'),(5,4,1,NULL,NULL,NULL,'2015-02-05 07:50:18','2015-02-05 07:50:18','inventory_manager'),(6,4,4,NULL,NULL,NULL,'2015-02-05 07:50:18','2015-02-05 07:50:18','inventory_manager'),(7,5,1,NULL,NULL,NULL,'2015-02-05 07:50:18','2015-02-05 07:50:18','lending_manager'),(8,5,2,NULL,NULL,NULL,'2015-02-05 07:50:18','2015-02-05 07:50:18','lending_manager'),(9,7,1,NULL,NULL,NULL,'2015-02-05 07:50:18','2015-02-05 07:50:18','lending_manager'),(10,7,2,NULL,NULL,NULL,'2015-02-05 07:50:18','2015-02-05 07:50:18','lending_manager'),(11,8,1,NULL,NULL,NULL,'2015-02-05 07:50:18','2015-02-05 07:50:18','customer'),(12,6,1,NULL,NULL,NULL,'2015-02-05 07:50:18','2015-02-05 07:50:18','customer'),(13,6,2,NULL,NULL,NULL,'2015-02-05 07:50:18','2015-02-05 07:50:18','customer'),(14,6,3,NULL,NULL,NULL,'2015-02-05 07:50:18','2015-02-05 07:50:18','customer'),(15,6,4,NULL,NULL,'2015-02-04','2015-02-05 07:50:18','2015-02-05 07:50:18','customer'),(16,9,1,NULL,NULL,NULL,'2015-02-05 07:50:18','2015-02-05 07:50:18','group_manager'),(17,9,2,NULL,NULL,NULL,'2015-02-05 07:50:18','2015-02-05 07:50:18','group_manager'),(18,9,3,NULL,NULL,NULL,'2015-02-05 07:50:18','2015-02-05 07:50:18','group_manager'),(19,10,1,NULL,NULL,NULL,'2015-02-05 07:50:18','2015-02-05 07:50:18','customer'),(20,11,1,NULL,NULL,NULL,'2015-02-05 07:50:18','2015-02-05 07:50:18','customer'),(21,12,1,NULL,NULL,NULL,'2015-02-05 07:50:18','2015-02-05 07:50:18','customer'),(22,13,1,NULL,NULL,NULL,'2015-02-05 07:50:18','2015-02-05 07:50:18','customer'),(23,26,1,NULL,NULL,NULL,'2015-02-05 07:50:18','2015-02-05 07:50:18','customer'),(24,27,1,NULL,NULL,NULL,'2015-02-05 07:50:18','2015-02-05 07:50:18','customer'),(25,27,2,NULL,NULL,NULL,'2015-02-05 07:50:18','2015-02-05 07:50:18','customer'),(26,29,1,NULL,NULL,NULL,'2015-02-05 07:50:18','2015-02-05 07:50:18','customer'),(27,29,5,NULL,NULL,NULL,'2015-02-05 07:50:18','2015-02-05 07:50:18','customer'),(28,29,6,NULL,NULL,NULL,'2015-02-05 07:50:18','2015-02-05 07:50:18','customer'),(29,30,1,NULL,NULL,NULL,'2015-02-05 07:50:18','2015-02-05 07:50:18','customer'),(30,23,1,NULL,NULL,NULL,'2015-02-05 07:50:18','2015-02-05 07:50:18','customer'),(31,24,1,NULL,NULL,NULL,'2015-02-05 07:50:18','2015-02-05 07:50:18','customer'),(32,14,1,NULL,NULL,NULL,'2015-02-05 07:50:18','2015-02-05 07:50:18','customer'),(33,15,1,'2015-02-05','Repudiandae vero rerum iusto quis est sed odit.',NULL,'2015-02-05 07:50:18','2015-02-05 07:50:18','customer'),(34,16,1,NULL,NULL,NULL,'2015-02-05 07:50:18','2015-02-05 07:50:18','customer'),(35,17,1,NULL,NULL,NULL,'2015-02-05 07:50:18','2015-02-05 07:50:18','customer'),(36,18,1,NULL,NULL,NULL,'2015-02-05 07:50:18','2015-02-05 07:50:18','customer'),(37,19,1,NULL,NULL,NULL,'2015-02-05 07:50:18','2015-02-05 07:50:18','customer'),(38,20,1,NULL,NULL,'2015-02-05','2015-02-05 07:50:18','2015-02-05 07:50:18','customer'),(39,21,1,NULL,NULL,NULL,'2015-02-05 07:50:18','2015-02-05 07:50:18','customer'),(40,22,1,NULL,NULL,NULL,'2015-02-05 07:50:18','2015-02-05 07:50:18','customer'),(41,31,3,NULL,NULL,NULL,'2015-02-05 07:50:18','2015-02-05 07:50:18','customer'),(42,32,1,NULL,NULL,NULL,'2015-02-05 07:50:18','2015-02-05 07:50:18','lending_manager'),(43,33,1,NULL,NULL,NULL,'2015-02-05 07:50:18','2015-02-05 07:50:18','group_manager'),(44,34,7,NULL,NULL,NULL,'2015-02-05 07:50:18','2015-02-05 07:50:18','customer'),(45,35,12,NULL,NULL,NULL,'2015-02-05 07:50:18','2015-02-05 07:50:18','customer');
/*!40000 ALTER TABLE `access_rights` ENABLE KEYS */;
UNLOCK TABLES;

--
-- Table structure for table `accessories`
--

DROP TABLE IF EXISTS `accessories`;
/*!40101 SET @saved_cs_client     = @@character_set_client */;
/*!40101 SET character_set_client = utf8 */;
CREATE TABLE `accessories` (
  `id` int(11) NOT NULL AUTO_INCREMENT,
  `model_id` int(11) DEFAULT NULL,
  `name` varchar(255) COLLATE utf8_unicode_ci DEFAULT NULL,
  `quantity` int(11) DEFAULT NULL,
  PRIMARY KEY (`id`),
  KEY `index_accessories_on_model_id` (`model_id`),
  CONSTRAINT `accessories_model_id_fk` FOREIGN KEY (`model_id`) REFERENCES `models` (`id`) ON DELETE CASCADE
) ENGINE=InnoDB AUTO_INCREMENT=225 DEFAULT CHARSET=utf8 COLLATE=utf8_unicode_ci;
/*!40101 SET character_set_client = @saved_cs_client */;

--
-- Dumping data for table `accessories`
--

LOCK TABLES `accessories` WRITE;
/*!40000 ALTER TABLE `accessories` DISABLE KEYS */;
INSERT INTO `accessories` VALUES (1,1,'Princess Emard',NULL),(2,1,'Sandy Ward V',NULL),(3,2,'Mr. Loyce Luettgen',NULL),(4,2,'Eric Champlin',NULL),(5,2,'Davon Jaskolski',NULL),(6,2,'Nigel Pacocha',NULL),(7,3,'Tania Grady',NULL),(8,4,'Loren O\'Kon V',NULL),(9,4,'Eloisa Grant',NULL),(10,5,'Marquise Ankunding',NULL),(11,5,'Carmine Hoeger',NULL),(12,5,'Rosie Hirthe',NULL),(13,6,'Kaitlyn Dooley',NULL),(14,6,'Nella Schimmel',NULL),(15,6,'Miss Archibald Boehm',NULL),(16,6,'Dolly Nader',NULL),(17,7,'Rachel Pagac',NULL),(18,7,'Justen Wehner',NULL),(19,7,'Miss Tatyana Tremblay',NULL),(20,7,'Sedrick Buckridge',NULL),(21,7,'Caden Kemmer',NULL),(22,8,'Adriel Kunze',NULL),(23,9,'Ayden Bogan',NULL),(24,10,'Mr. Caroline Kuphal',NULL),(25,10,'Christy Bahringer',NULL),(26,10,'Evan Aufderhar',NULL),(27,11,'Julie Nikolaus Sr.',NULL),(28,11,'Dandre Parker',NULL),(29,11,'Melba Barton',NULL),(30,11,'Freeda Douglas',NULL),(31,11,'Filomena Beatty',NULL),(32,12,'Marianna Hermiston',NULL),(33,12,'Araceli Kirlin',NULL),(34,13,'Mrs. Boris Veum',NULL),(35,14,'Juston Nader',NULL),(36,14,'Rozella Heller',NULL),(37,14,'Chyna Casper',NULL),(38,14,'Carissa Kub',NULL),(39,14,'Ms. Ardella Hessel',NULL),(40,15,'Dr. Sabryna O\'Hara',NULL),(41,16,'Lempi Raynor III',NULL),(42,16,'Ms. Isobel Weimann',NULL),(43,16,'Jennings Prohaska',NULL),(44,16,'Hailey Senger',NULL),(45,16,'Rashad Batz',NULL),(46,17,'Terry Deckow',NULL),(47,17,'Khalid Bashirian',NULL),(48,17,'Carolyne Lockman',NULL),(49,17,'Danial Dibbert',NULL),(50,17,'Baby Larson',NULL),(51,18,'Rosamond Nitzsche',NULL),(52,18,'Miss Sanford Stracke',NULL),(53,18,'Berenice Will',NULL),(54,18,'Salvador Aufderhar',NULL),(55,18,'Ms. Rosendo Lynch',NULL),(56,19,'Jena Green',NULL),(57,19,'Sydney Walker',NULL),(58,20,'Bill West',NULL),(59,21,'Keenan Skiles DVM',NULL),(60,21,'Mrs. Marianne Kerluke',NULL),(61,21,'Mohammad Anderson',NULL),(62,21,'Dr. Camila Predovic',NULL),(63,22,'Jennie Conn',NULL),(64,22,'Lacey Bashirian',NULL),(65,22,'Alda Kunde',NULL),(66,23,'Elijah Larkin',NULL),(67,23,'Vinnie DuBuque II',NULL),(68,23,'Mrs. Kyle Marquardt',NULL),(69,23,'Zachery Bergstrom',NULL),(70,24,'Ms. Johnpaul Graham',NULL),(71,25,'Raphaelle Maggio',NULL),(72,25,'Sydnee Reichel',NULL),(73,26,'Vada Torp Sr.',NULL),(74,26,'Micaela Fritsch',NULL),(75,26,'Lillian Hilpert',NULL),(76,26,'Bernie Harris',NULL),(77,26,'Annamae Torp',NULL),(78,27,'Frieda Schulist',NULL),(79,28,'Dr. Reid Carroll',NULL),(80,28,'Margarete Hickle',NULL),(81,28,'Jesus Fritsch',NULL),(82,28,'Karina Hayes',NULL),(83,28,'Raphael Carter',NULL),(84,29,'Lucious Kirlin DVM',NULL),(85,29,'Ariane Glover Jr.',NULL),(86,29,'Dr. Katarina Koss',NULL),(87,30,'Dillon Altenwerth',NULL),(88,30,'Enoch Hoppe',NULL),(89,30,'Ms. Steve Lesch',NULL),(90,30,'Alanna Robel',NULL),(91,30,'Jayde Graham',NULL),(92,31,'Destany Waters II',NULL),(93,31,'Heloise Bogisich',NULL),(94,31,'Bradford Swaniawski',NULL),(95,31,'Kobe Crona',NULL),(96,32,'Miss Dalton Franecki',NULL),(97,32,'Wyman Beier',NULL),(98,32,'Bianka Jerde',NULL),(99,32,'Keaton Ebert II',NULL),(100,33,'Mr. Madisyn Fritsch',NULL),(101,34,'Simone Ryan MD',NULL),(102,34,'Dr. Jaylon Rogahn',NULL),(103,34,'Thad McCullough',NULL),(104,35,'Zena Sipes V',NULL),(105,35,'Emmalee Cassin',NULL),(106,36,'Athena Ferry',NULL),(107,36,'Jaron Dibbert',NULL),(108,36,'Arden Kozey',NULL),(109,36,'Emmitt Bernier IV',NULL),(110,36,'Chaya Rohan',NULL),(111,37,'Eula Fadel',NULL),(112,37,'Maximillia Fay',NULL),(113,37,'Antonia Abbott',NULL),(114,38,'Eleanore Schuppe',NULL),(115,38,'Ms. Gregory Schinner',NULL),(116,38,'Mr. Mina Maggio',NULL),(117,38,'Lowell Kovacek DVM',NULL),(118,38,'Jaydon Renner',NULL),(119,39,'Buck Bins',NULL),(120,39,'Malcolm Vandervort Jr.',NULL),(121,39,'Tomas Champlin IV',NULL),(122,40,'Mrs. Shannon Zulauf',NULL),(123,40,'Amparo Graham',NULL),(124,40,'Eve Prohaska II',NULL),(125,40,'Richmond Herzog',NULL),(126,40,'Mrs. Maddison DuBuque',NULL),(127,41,'Izaiah Grady PhD',NULL),(128,41,'Miss Lonie Prosacco',NULL),(129,42,'Richie Crist DVM',NULL),(130,42,'Marie Schowalter',NULL),(131,43,'Ms. Dorothea Lang',NULL),(132,43,'Herta Donnelly',NULL),(133,43,'Lourdes Parker',NULL),(134,43,'Gretchen Miller',NULL),(135,44,'Miss Keegan Reichel',NULL),(136,44,'Susana Kihn',NULL),(137,44,'Lilian Daugherty',NULL),(138,44,'Joe Ritchie Jr.',NULL),(139,44,'Tyree Cartwright',NULL),(140,45,'Skylar Kirlin',NULL),(141,45,'Chase Champlin V',NULL),(142,45,'Kurtis Maggio',NULL),(143,46,'Bernice Dach',NULL),(144,46,'Rowland Fritsch',NULL),(145,47,'Carmella Schaden',NULL),(146,47,'Arden Schoen',NULL),(147,47,'Taurean Lehner',NULL),(148,47,'Dasia Hauck',NULL),(149,48,'Karley Kertzmann',NULL),(150,48,'Cielo Wunsch Sr.',NULL),(151,49,'Veronica Howell',NULL),(152,49,'Laron Brown',NULL),(153,50,'Mrs. Rusty Ferry',NULL),(154,51,'Carley Feest',NULL),(155,51,'Dillon Aufderhar',NULL),(156,51,'Filomena Pfeffer III',NULL),(157,51,'Mrs. Lydia Frami',NULL),(158,51,'Talia Walter II',NULL),(159,52,'Pascale Schuster',NULL),(160,52,'Fae Wilderman Sr.',NULL),(161,52,'Alisha Ward',NULL),(162,52,'Marques Carroll',NULL),(163,53,'Alvera Rogahn',NULL),(164,53,'Trycia Kuphal',NULL),(165,54,'Waldo Green DVM',NULL),(166,54,'Freeda Ledner',NULL),(167,55,'George Runolfsdottir IV',NULL),(168,56,'Vilma Fritsch',NULL),(169,56,'Rubie Metz II',NULL),(170,56,'Mr. Alberto Rippin',NULL),(171,57,'Alberta Gislason',NULL),(172,57,'Zoila D\'Amore',NULL),(173,57,'Summer Fadel',NULL),(174,58,'Talon Gleichner',NULL),(175,58,'Janet Brown',NULL),(176,58,'Sunny Dietrich',NULL),(177,58,'Emilia Haag',NULL),(178,58,'Alex Harvey',NULL),(179,59,'Anais Harber',NULL),(180,59,'Genesis Daniel II',NULL),(181,59,'Mervin Rodriguez',NULL),(182,59,'Miss Else Braun',NULL),(183,60,'Samara Kuhic',NULL),(184,60,'Vilma Koss DDS',NULL),(185,60,'Collin Haley',NULL),(186,60,'Verdie Jacobi',NULL),(187,61,'Nestor Berge MD',NULL),(188,61,'Monserrat Rosenbaum PhD',NULL),(189,61,'Miss Earline Orn',NULL),(190,62,'Laurel Johnson',NULL),(191,63,'Murray Sauer',NULL),(192,63,'Nicklaus Stokes',NULL),(193,63,'Kyle Abbott',NULL),(194,64,'Bobby Runte PhD',NULL),(195,64,'Elian Mohr III',NULL),(196,64,'Mr. Erick O\'Connell',NULL),(197,65,'Aurelia Denesik',NULL),(198,65,'Jamal Moore',NULL),(199,65,'Melyna Abernathy Sr.',NULL),(200,66,'Willa Halvorson DVM',NULL),(201,66,'Cynthia Rau',NULL),(202,67,'Sherman Blick III',NULL),(203,67,'Linnie Haag',NULL),(204,67,'Arno Mohr',NULL),(205,67,'Bradford Simonis',NULL),(206,67,'Carrie Kreiger',NULL),(207,68,'Lonie Towne',NULL),(208,68,'Josephine Murazik I',NULL),(209,69,'Garnett Medhurst',NULL),(210,70,'Jerod Buckridge',NULL),(211,70,'Mrs. Ivory Mann',NULL),(212,70,'Miss Rachel Botsford',NULL),(213,70,'Wilburn Stokes',NULL),(214,71,'Emie Witting',NULL),(215,71,'Aleen Eichmann V',NULL),(216,71,'Eliezer Gerlach',NULL),(217,72,'Walter Luettgen I',NULL),(218,72,'Shad Legros',NULL),(219,72,'Dr. Brisa Considine',NULL),(220,72,'Enrico Johnson',NULL),(221,72,'Leanne McKenzie',NULL),(222,73,'Joanny Carroll PhD',NULL),(223,73,'Jedidiah Cronin',NULL),(224,73,'Darien Langosh MD',NULL);
/*!40000 ALTER TABLE `accessories` ENABLE KEYS */;
UNLOCK TABLES;

--
-- Table structure for table `accessories_inventory_pools`
--

DROP TABLE IF EXISTS `accessories_inventory_pools`;
/*!40101 SET @saved_cs_client     = @@character_set_client */;
/*!40101 SET character_set_client = utf8 */;
CREATE TABLE `accessories_inventory_pools` (
  `accessory_id` int(11) DEFAULT NULL,
  `inventory_pool_id` int(11) DEFAULT NULL,
  UNIQUE KEY `index_accessories_inventory_pools` (`accessory_id`,`inventory_pool_id`),
  KEY `index_accessories_inventory_pools_on_inventory_pool_id` (`inventory_pool_id`),
  CONSTRAINT `accessories_inventory_pools_inventory_pool_id_fk` FOREIGN KEY (`inventory_pool_id`) REFERENCES `inventory_pools` (`id`),
  CONSTRAINT `accessories_inventory_pools_accessory_id_fk` FOREIGN KEY (`accessory_id`) REFERENCES `accessories` (`id`)
) ENGINE=InnoDB DEFAULT CHARSET=utf8 COLLATE=utf8_unicode_ci;
/*!40101 SET character_set_client = @saved_cs_client */;

--
-- Dumping data for table `accessories_inventory_pools`
--

LOCK TABLES `accessories_inventory_pools` WRITE;
/*!40000 ALTER TABLE `accessories_inventory_pools` DISABLE KEYS */;
INSERT INTO `accessories_inventory_pools` VALUES (1,1),(4,1),(7,1),(10,1),(12,1),(13,1),(15,1),(16,1),(20,1),(22,1),(23,1),(24,1),(25,1),(26,1),(31,1),(33,1),(34,1),(36,1),(40,1),(41,1),(43,1),(44,1),(48,1),(49,1),(50,1),(51,1),(52,1),(53,1),(56,1),(59,1),(62,1),(63,1),(64,1),(67,1),(68,1),(70,1),(71,1),(75,1),(76,1),(77,1),(81,1),(83,1),(84,1),(87,1),(88,1),(90,1),(94,1),(98,1),(99,1),(100,1),(101,1),(103,1),(104,1),(105,1),(108,1),(109,1),(112,1),(113,1),(115,1),(117,1),(118,1),(119,1),(123,1),(126,1),(128,1),(129,1),(131,1),(132,1),(135,1),(136,1),(138,1),(139,1),(142,1),(143,1),(148,1),(149,1),(151,1),(153,1),(157,1),(160,1),(163,1),(165,1),(166,1),(168,1),(169,1),(171,1),(172,1),(173,1),(174,1),(175,1),(176,1),(177,1),(180,1),(181,1),(182,1),(183,1),(187,1),(191,1),(192,1),(193,1),(194,1),(195,1),(198,1),(199,1),(203,1),(204,1),(207,1),(208,1),(210,1),(213,1),(215,1),(216,1),(217,1),(219,1),(220,1),(221,1),(222,1);
/*!40000 ALTER TABLE `accessories_inventory_pools` ENABLE KEYS */;
UNLOCK TABLES;

--
-- Table structure for table `addresses`
--

DROP TABLE IF EXISTS `addresses`;
/*!40101 SET @saved_cs_client     = @@character_set_client */;
/*!40101 SET character_set_client = utf8 */;
CREATE TABLE `addresses` (
  `id` int(11) NOT NULL AUTO_INCREMENT,
  `street` varchar(255) COLLATE utf8_unicode_ci DEFAULT NULL,
  `zip_code` varchar(255) COLLATE utf8_unicode_ci DEFAULT NULL,
  `city` varchar(255) COLLATE utf8_unicode_ci DEFAULT NULL,
  `country_code` varchar(255) COLLATE utf8_unicode_ci DEFAULT NULL,
  `latitude` float DEFAULT NULL,
  `longitude` float DEFAULT NULL,
  PRIMARY KEY (`id`),
  UNIQUE KEY `index_addresses_on_street_and_zip_code_and_city_and_country_code` (`street`,`zip_code`,`city`,`country_code`)
) ENGINE=InnoDB DEFAULT CHARSET=utf8 COLLATE=utf8_unicode_ci;
/*!40101 SET character_set_client = @saved_cs_client */;

--
-- Dumping data for table `addresses`
--

LOCK TABLES `addresses` WRITE;
/*!40000 ALTER TABLE `addresses` DISABLE KEYS */;
/*!40000 ALTER TABLE `addresses` ENABLE KEYS */;
UNLOCK TABLES;

--
-- Table structure for table `attachments`
--

DROP TABLE IF EXISTS `attachments`;
/*!40101 SET @saved_cs_client     = @@character_set_client */;
/*!40101 SET character_set_client = utf8 */;
CREATE TABLE `attachments` (
  `id` int(11) NOT NULL AUTO_INCREMENT,
  `model_id` int(11) DEFAULT NULL,
  `is_main` tinyint(1) DEFAULT '0',
  `content_type` varchar(255) COLLATE utf8_unicode_ci DEFAULT NULL,
  `filename` varchar(255) COLLATE utf8_unicode_ci DEFAULT NULL,
  `size` int(11) DEFAULT NULL,
  PRIMARY KEY (`id`),
  KEY `index_attachments_on_model_id` (`model_id`),
  CONSTRAINT `attachments_model_id_fk` FOREIGN KEY (`model_id`) REFERENCES `models` (`id`) ON DELETE CASCADE
) ENGINE=InnoDB AUTO_INCREMENT=6 DEFAULT CHARSET=utf8 COLLATE=utf8_unicode_ci;
/*!40101 SET character_set_client = @saved_cs_client */;

--
-- Dumping data for table `attachments`
--

LOCK TABLES `attachments` WRITE;
/*!40000 ALTER TABLE `attachments` DISABLE KEYS */;
INSERT INTO `attachments` VALUES (1,16,0,'image/jpeg','nihil',NULL),(2,17,0,'image/jpeg','sit',NULL),(3,74,0,'image/jpeg','non',NULL),(4,75,0,'image/jpeg','commodi',NULL),(5,75,0,'image/jpeg','nihil',NULL);
/*!40000 ALTER TABLE `attachments` ENABLE KEYS */;
UNLOCK TABLES;

--
-- Table structure for table `authentication_systems`
--

DROP TABLE IF EXISTS `authentication_systems`;
/*!40101 SET @saved_cs_client     = @@character_set_client */;
/*!40101 SET character_set_client = utf8 */;
CREATE TABLE `authentication_systems` (
  `id` int(11) NOT NULL AUTO_INCREMENT,
  `name` varchar(255) COLLATE utf8_unicode_ci DEFAULT NULL,
  `class_name` varchar(255) COLLATE utf8_unicode_ci DEFAULT NULL,
  `is_default` tinyint(1) DEFAULT '0',
  `is_active` tinyint(1) DEFAULT '0',
  PRIMARY KEY (`id`)
) ENGINE=InnoDB AUTO_INCREMENT=4 DEFAULT CHARSET=utf8 COLLATE=utf8_unicode_ci;
/*!40101 SET character_set_client = @saved_cs_client */;

--
-- Dumping data for table `authentication_systems`
--

LOCK TABLES `authentication_systems` WRITE;
/*!40000 ALTER TABLE `authentication_systems` DISABLE KEYS */;
INSERT INTO `authentication_systems` VALUES (1,'Database Authentication','DatabaseAuthentication',1,1),(2,'LDAP Authentication','LdapAuthentication',0,0),(3,'ZHDK Authentication','Zhdk',0,0);
/*!40000 ALTER TABLE `authentication_systems` ENABLE KEYS */;
UNLOCK TABLES;

--
-- Table structure for table `buildings`
--

DROP TABLE IF EXISTS `buildings`;
/*!40101 SET @saved_cs_client     = @@character_set_client */;
/*!40101 SET character_set_client = utf8 */;
CREATE TABLE `buildings` (
  `id` int(11) NOT NULL AUTO_INCREMENT,
  `name` varchar(255) COLLATE utf8_unicode_ci DEFAULT NULL,
  `code` varchar(255) COLLATE utf8_unicode_ci DEFAULT NULL,
  PRIMARY KEY (`id`)
) ENGINE=InnoDB AUTO_INCREMENT=175 DEFAULT CHARSET=utf8 COLLATE=utf8_unicode_ci;
/*!40101 SET character_set_client = @saved_cs_client */;

--
-- Dumping data for table `buildings`
--

LOCK TABLES `buildings` WRITE;
/*!40000 ALTER TABLE `buildings` DISABLE KEYS */;
INSERT INTO `buildings` VALUES (1,'Ausstellungsstrasse 60','AU60'),(2,'Estharumducimus','vol'),(3,'Delectusrerummolestiae','ten'),(4,'Incidunteaomnis','qui'),(5,'Magnamenimlaboriosam','est'),(6,'Modianimiexcepturi','ali'),(7,'Distinctiomollitiaminus','dol'),(8,'Liberosuntnatus','qui'),(9,'Autemvoluptaterem','lab'),(10,'Nonautsimilique','eos'),(11,'Autullamid','cum'),(12,'Temporibusaperiammolestias','eni'),(13,'Sitsitet','ame'),(14,'Nequenatusdignissimos','arc'),(15,'Rerumestaliquid','sae'),(16,'Autetpraesentium','vel'),(17,'Quiharumnumquam','add'),(18,'Evenietpraesentiumiusto','dis'),(19,'Rerumautaccusamus','dol'),(20,'Maximenesciuntvel','ips'),(21,'Doloremquiscommodi','utr'),(22,'Excepturieterror','sit'),(23,'Distinctioestcorporis','dig'),(24,'Autreiciendiseos','asi'),(25,'Eosdoloribuseveniet','vel'),(26,'Ipsamdelenitiasperiores','ten'),(27,'Nonaccusantiumcupiditate','mod'),(28,'Quibusdamrerumitaque','sed'),(29,'Inventoreperferendiseum','ame'),(30,'Etitaqueet','acc'),(31,'Quidemadesse','des'),(32,'Quibusdamametlaborum','max'),(33,'Cumquenonid','rer'),(34,'Sedlaborumconsequatur','max'),(35,'Nisiutneque','pro'),(36,'Indoloribusrecusandae','etm'),(37,'Facilispossimusaperiam','exp'),(38,'Dolorcumquequo','ats'),(39,'Istemagnamtenetur','aut'),(40,'Voluptatemtemporibusesse','nob'),(41,'Autvitaequi','mai'),(42,'Minusprovidentomnis','nih'),(43,'Etblanditiissit','ver'),(44,'Sapienteipsasoluta','sol'),(45,'Possimusfugitmolestias','off'),(46,'Utsedearum','utq'),(47,'Consequaturquisut','pos'),(48,'Blanditiisestquod','eli'),(49,'Aliquamperspiciatisut','min'),(50,'Eumipsumea','con'),(51,'Oditrepellendusoptio','vol'),(52,'Officiaatsunt','tem'),(53,'Consequunturnequeimpedit','rem'),(54,'Aspernaturmaximesit','iur'),(55,'Animirerumincidunt','exp'),(56,'Praesentiumetsed','rep'),(57,'Asperioresiderror','vol'),(58,'Velitdoloreseos','acc'),(59,'Culpaadipiscidelectus','del'),(60,'Estetdeleniti','rei'),(61,'Velitaqueest','omn'),(62,'Adquidemnatus','vol'),(63,'Blanditiissolutadolorum','aut'),(64,'Expeditafacilislaborum','inc'),(65,'Consequaturarchitectoquasi','aut'),(66,'Harumvoluptatemducimus','ali'),(67,'Recusandaebeataeest','deb'),(68,'Etautvoluptatum','qui'),(69,'Inciduntexodio','sae'),(70,'Inconsecteturveniam','etf'),(71,'Porrosaepenon','lib'),(72,'Doloremvoluptasexplicabo','eli'),(73,'Etcupiditatesaepe','pla'),(74,'Quianihilducimus','idi'),(75,'Voluptassitdolore','aut'),(76,'Abidquia','qui'),(77,'Autidaut','uto'),(78,'Quasiquisarchitecto','tem'),(79,'Etesteius','occ'),(80,'Doloraperiamquia','qui'),(81,'Rerumanimisapiente','vol'),(82,'Solutaeumat','eve'),(83,'Repudiandaesimiliqueoptio','uta'),(84,'Etautemsapiente','idn'),(85,'Etrerumfugiat','cup'),(86,'Quinumquamid','eni'),(87,'Architectoconsecteturodio','dol'),(88,'Remofficiavoluptatum','aut'),(89,'Adipisciestpariatur','inc'),(90,'Veritatisaesse','bla'),(91,'Evenietodioconsequatur','eac'),(92,'Debitisquamconsequuntur','qui'),(93,'Repellatinquia','mai'),(94,'Rerumminusvoluptate','nul'),(95,'Iustoeaqueea','dic'),(96,'Eniminnihil','inc'),(97,'Laboriosameumipsa','sed'),(98,'Eumutiste','com'),(99,'Molestiaetemporeest','dol'),(100,'Ullamestaut','mol'),(101,'Velomnisautem','cum'),(102,'Doloribusveritatispossimus','con'),(103,'Autnamat','nul'),(104,'Officiisquoddicta','mol'),(105,'Aliasestlaborum','per'),(106,'Repellendusquiaperferendis','rep'),(107,'Inquimaiores','pla'),(108,'Solutaabipsum','nam'),(109,'Quascumut','aut'),(110,'Cumareprehenderit','qui'),(111,'Velitquaeratarchitecto','utd'),(112,'Voluptatemiddolorem','ete'),(113,'Similiqueistealias','mag'),(114,'Earumfacereut','neq'),(115,'Verorepudiandaelaboriosam','vol'),(116,'Consequaturnamomnis','eti'),(117,'Quierrorminima','nos'),(118,'Ipsamdoloremvoluptate','ade'),(119,'Nequenisioccaecati','rep'),(120,'Eaqueetsuscipit','ess'),(121,'Suscipitveritatiseos','dol'),(122,'Etetqui','mag'),(123,'Delectusquamveritatis','del'),(124,'Nostrumlaborumeius','dig'),(125,'Iustositunde','vel'),(126,'Autmodisunt','omn'),(127,'Molestiaemagnamsed','omn'),(128,'Etsapientetempore','etn'),(129,'Undetemporibusin','ips'),(130,'Autinciduntvoluptatem','tem'),(131,'Sedrerumdolorum','del'),(132,'Eiusdictaadipisci','dol'),(133,'Nisidoloreamet','mag'),(134,'Optiooditvoluptas','rep'),(135,'Velcumquequi','deb'),(136,'Reiciendisullamest','rep'),(137,'Dictaperferendisest','opt'),(138,'Ipsaestexcepturi','sin'),(139,'Optiosolutaquia','qua'),(140,'Nonquidemesse','dic'),(141,'Quaeratveniamvoluptatum','eni'),(142,'Quasiasperioresaut','etd'),(143,'Eiuseaquebeatae','eve'),(144,'Reiciendisillodoloremque','occ'),(145,'Suscipitidvoluptatibus','con'),(146,'Estrerumaut','mol'),(147,'Voluptatemrecusandaevoluptas','ess'),(148,'Atcommodiqui','vel'),(149,'Inciduntundeeligendi','mol'),(150,'Repellendusdoloresqui','mai'),(151,'Utinnisi','ips'),(152,'Numquamnesciuntrepellendus','per'),(153,'Doloremutexercitationem','qui'),(154,'Accusamuseligendiautem','con'),(155,'Officiisquiamagnam','dis'),(156,'Omnisvoluptatesiste','aut'),(157,'Rerumiurequos','ten'),(158,'Quiofficiaaut','err'),(159,'Aquiaut','qui'),(160,'Enimmollitiaquo','sin'),(161,'Dolorumporroipsam','des'),(162,'Velitnatusenim','quo'),(163,'Nisiplaceatconsequatur','ips'),(164,'Etfacerevelit','ass'),(165,'Quiutdeleniti','mol'),(166,'Etprovidentnecessitatibus','ita'),(167,'Reprehenderitipsaqui','dol'),(168,'Iureessevel','atq'),(169,'Etbeataequia','exp'),(170,'Impeditmagniesse','arc'),(171,'Asperioressuscipitconsequatur','max'),(172,'Quismolestiaesunt','ven'),(173,'Solutaetdebitis','vol'),(174,'Consequunturquiaiste','rep');
/*!40000 ALTER TABLE `buildings` ENABLE KEYS */;
UNLOCK TABLES;

--
-- Table structure for table `contract_lines`
--

DROP TABLE IF EXISTS `contract_lines`;
/*!40101 SET @saved_cs_client     = @@character_set_client */;
/*!40101 SET character_set_client = utf8 */;
CREATE TABLE `contract_lines` (
  `id` int(11) NOT NULL AUTO_INCREMENT,
  `contract_id` int(11) DEFAULT NULL,
  `type` varchar(255) COLLATE utf8_unicode_ci NOT NULL DEFAULT 'ItemLine',
  `item_id` int(11) DEFAULT NULL,
  `model_id` int(11) DEFAULT NULL,
  `quantity` int(11) DEFAULT '1',
  `start_date` date DEFAULT NULL,
  `end_date` date DEFAULT NULL,
  `returned_date` date DEFAULT NULL,
  `option_id` int(11) DEFAULT NULL,
  `purpose_id` int(11) DEFAULT NULL,
  `returned_to_user_id` int(11) DEFAULT NULL,
  `created_at` datetime DEFAULT NULL,
  `updated_at` datetime DEFAULT NULL,
  PRIMARY KEY (`id`),
  KEY `index_contract_lines_on_start_date` (`start_date`),
  KEY `index_contract_lines_on_end_date` (`end_date`),
  KEY `index_contract_lines_on_option_id` (`option_id`),
  KEY `index_contract_lines_on_contract_id` (`contract_id`),
  KEY `index_contract_lines_on_item_id` (`item_id`),
  KEY `index_contract_lines_on_model_id` (`model_id`),
  KEY `index_contract_lines_on_returned_date_and_contract_id` (`returned_date`,`contract_id`),
  KEY `index_contract_lines_on_type_and_contract_id` (`type`,`contract_id`),
  KEY `contract_lines_purpose_id_fk` (`purpose_id`),
  KEY `contract_lines_returned_to_user_id_fk` (`returned_to_user_id`),
  CONSTRAINT `contract_lines_returned_to_user_id_fk` FOREIGN KEY (`returned_to_user_id`) REFERENCES `users` (`id`),
  CONSTRAINT `contract_lines_contract_id_fk` FOREIGN KEY (`contract_id`) REFERENCES `contracts` (`id`) ON DELETE CASCADE,
  CONSTRAINT `contract_lines_item_id_fk` FOREIGN KEY (`item_id`) REFERENCES `items` (`id`),
  CONSTRAINT `contract_lines_model_id_fk` FOREIGN KEY (`model_id`) REFERENCES `models` (`id`),
  CONSTRAINT `contract_lines_option_id_fk` FOREIGN KEY (`option_id`) REFERENCES `options` (`id`),
  CONSTRAINT `contract_lines_purpose_id_fk` FOREIGN KEY (`purpose_id`) REFERENCES `purposes` (`id`)
) ENGINE=InnoDB AUTO_INCREMENT=202 DEFAULT CHARSET=utf8 COLLATE=utf8_unicode_ci;
/*!40101 SET character_set_client = @saved_cs_client */;

--
-- Dumping data for table `contract_lines`
--

LOCK TABLES `contract_lines` WRITE;
/*!40000 ALTER TABLE `contract_lines` DISABLE KEYS */;
INSERT INTO `contract_lines` VALUES (1,1,'ItemLine',NULL,120,1,'2015-02-05','2015-02-05',NULL,NULL,NULL,NULL,'2015-02-05 07:50:18','2015-02-05 07:50:18'),(2,1,'ItemLine',NULL,124,1,'2015-02-05','2015-02-05',NULL,NULL,NULL,NULL,'2015-02-05 07:50:18','2015-02-05 07:50:18'),(3,1,'ItemLine',NULL,128,1,'2015-02-05','2015-02-05',NULL,NULL,NULL,NULL,'2015-02-05 07:50:18','2015-02-05 07:50:18'),(4,1,'ItemLine',NULL,132,1,'2015-02-05','2015-02-05',NULL,NULL,NULL,NULL,'2015-02-05 07:50:18','2015-02-05 07:50:18'),(5,2,'ItemLine',NULL,1,1,'2015-02-05','2015-02-05',NULL,NULL,NULL,NULL,'2015-02-05 07:50:18','2015-02-05 07:50:18'),(6,2,'ItemLine',NULL,82,1,'2015-02-05','2015-02-05',NULL,NULL,NULL,NULL,'2015-02-05 07:50:18','2015-02-05 07:50:18'),(7,2,'ItemLine',NULL,85,1,'2015-02-05','2015-02-05',NULL,NULL,NULL,NULL,'2015-02-05 07:50:18','2015-02-05 07:50:18'),(8,2,'ItemLine',NULL,4,1,'2015-02-05','2015-02-05',NULL,NULL,NULL,NULL,'2015-02-05 07:50:18','2015-02-05 07:50:18'),(9,2,'ItemLine',NULL,90,1,'2015-02-05','2015-02-05',NULL,NULL,NULL,NULL,'2015-02-05 07:50:18','2015-02-05 07:50:18'),(10,3,'ItemLine',NULL,8,1,'2015-02-12','2015-02-15',NULL,NULL,1,NULL,'2015-02-05 07:50:18','2015-02-05 07:50:18'),(11,3,'ItemLine',NULL,8,1,'2015-02-12','2015-02-15',NULL,NULL,1,NULL,'2015-02-05 07:50:18','2015-02-05 07:50:18'),(12,3,'ItemLine',NULL,8,1,'2015-02-12','2015-02-15',NULL,NULL,1,NULL,'2015-02-05 07:50:18','2015-02-05 07:50:18'),(13,3,'ItemLine',NULL,8,1,'2015-02-12','2015-02-15',NULL,NULL,1,NULL,'2015-02-05 07:50:18','2015-02-05 07:50:18'),(14,3,'ItemLine',NULL,8,1,'2015-02-12','2015-02-15',NULL,NULL,1,NULL,'2015-02-05 07:50:18','2015-02-05 07:50:18'),(15,3,'ItemLine',NULL,9,1,'2015-02-12','2015-02-15',NULL,NULL,2,NULL,'2015-02-05 07:50:18','2015-02-05 07:50:18'),(16,3,'ItemLine',NULL,9,1,'2015-02-12','2015-02-15',NULL,NULL,2,NULL,'2015-02-05 07:50:18','2015-02-05 07:50:18'),(17,3,'ItemLine',NULL,9,1,'2015-02-12','2015-02-15',NULL,NULL,2,NULL,'2015-02-05 07:50:18','2015-02-05 07:50:18'),(18,3,'ItemLine',NULL,9,1,'2015-02-12','2015-02-15',NULL,NULL,2,NULL,'2015-02-05 07:50:18','2015-02-05 07:50:18'),(19,4,'ItemLine',NULL,22,1,'2015-02-05','2015-02-06',NULL,NULL,3,NULL,'2015-02-05 07:50:18','2015-02-05 07:50:18'),(20,5,'ItemLine',NULL,29,1,'2015-02-05','2015-02-05',NULL,NULL,4,NULL,'2015-02-05 07:50:18','2015-02-05 07:50:18'),(21,5,'ItemLine',NULL,51,1,'2015-02-05','2015-02-05',NULL,NULL,4,NULL,'2015-02-05 07:50:18','2015-02-05 07:50:18'),(22,5,'ItemLine',NULL,42,1,'2015-02-05','2015-02-05',NULL,NULL,4,NULL,'2015-02-05 07:50:18','2015-02-05 07:50:18'),(23,5,'ItemLine',NULL,33,1,'2015-02-05','2015-02-05',NULL,NULL,4,NULL,'2015-02-05 07:50:18','2015-02-05 07:50:18'),(24,6,'ItemLine',NULL,57,1,'2015-02-05','2015-02-05',NULL,NULL,5,NULL,'2015-02-05 07:50:18','2015-02-05 07:50:18'),(25,6,'ItemLine',NULL,49,1,'2015-02-05','2015-02-05',NULL,NULL,5,NULL,'2015-02-05 07:50:18','2015-02-05 07:50:18'),(26,6,'ItemLine',NULL,53,1,'2015-02-05','2015-02-05',NULL,NULL,5,NULL,'2015-02-05 07:50:18','2015-02-05 07:50:18'),(27,6,'ItemLine',NULL,27,1,'2015-02-05','2015-02-05',NULL,NULL,5,NULL,'2015-02-05 07:50:18','2015-02-05 07:50:18'),(28,6,'ItemLine',NULL,47,1,'2015-02-05','2015-02-05',NULL,NULL,5,NULL,'2015-02-05 07:50:18','2015-02-05 07:50:18'),(29,7,'ItemLine',NULL,4,1,'2015-02-05','2015-02-05',NULL,NULL,6,NULL,'2015-02-05 07:50:18','2015-02-05 07:50:18'),(30,7,'ItemLine',NULL,136,1,'2015-02-05','2015-02-05',NULL,NULL,6,NULL,'2015-02-05 07:50:18','2015-02-05 07:50:18'),(31,7,'ItemLine',NULL,140,1,'2015-02-05','2015-02-05',NULL,NULL,6,NULL,'2015-02-05 07:50:18','2015-02-05 07:50:18'),(32,7,'ItemLine',NULL,144,1,'2015-02-05','2015-02-05',NULL,NULL,6,NULL,'2015-02-05 07:50:18','2015-02-05 07:50:18'),(33,7,'ItemLine',NULL,148,1,'2015-02-05','2015-02-05',NULL,NULL,6,NULL,'2015-02-05 07:50:18','2015-02-05 07:50:18'),(34,8,'ItemLine',NULL,68,1,'2015-02-05','2015-02-05',NULL,NULL,7,NULL,'2015-02-05 07:50:18','2015-02-05 07:50:18'),(35,8,'ItemLine',NULL,74,1,'2015-02-05','2015-02-05',NULL,NULL,7,NULL,'2015-02-05 07:50:18','2015-02-05 07:50:18'),(36,8,'ItemLine',NULL,34,1,'2015-02-05','2015-02-05',NULL,NULL,7,NULL,'2015-02-05 07:50:18','2015-02-05 07:50:18'),(37,8,'ItemLine',NULL,72,1,'2015-02-05','2015-02-05',NULL,NULL,7,NULL,'2015-02-05 07:50:18','2015-02-05 07:50:18'),(38,8,'ItemLine',NULL,58,1,'2015-02-05','2015-02-05',NULL,NULL,7,NULL,'2015-02-05 07:50:18','2015-02-05 07:50:18'),(39,9,'ItemLine',NULL,152,1,'2015-02-02','2015-02-02',NULL,NULL,8,NULL,'2015-02-01 07:50:18','2015-02-01 07:50:18'),(40,9,'ItemLine',NULL,153,1,'2015-02-02','2015-02-02',NULL,NULL,8,NULL,'2015-02-01 07:50:18','2015-02-01 07:50:18'),(41,9,'ItemLine',NULL,154,1,'2015-02-02','2015-02-02',NULL,NULL,8,NULL,'2015-02-01 07:50:18','2015-02-01 07:50:18'),(42,9,'ItemLine',NULL,155,1,'2015-02-02','2015-02-02',NULL,NULL,8,NULL,'2015-02-01 07:50:18','2015-02-01 07:50:18'),(43,9,'ItemLine',NULL,19,1,'2015-02-02','2015-02-02',NULL,NULL,9,NULL,'2015-02-01 07:50:18','2015-02-01 07:50:18'),(44,10,'ItemLine',NULL,156,1,'2015-02-05','2015-02-05',NULL,NULL,10,NULL,'2015-02-05 07:50:18','2015-02-05 07:50:18'),(45,10,'ItemLine',NULL,157,1,'2015-02-05','2015-02-05',NULL,NULL,10,NULL,'2015-02-05 07:50:18','2015-02-05 07:50:18'),(46,10,'ItemLine',NULL,158,1,'2015-02-05','2015-02-05',NULL,NULL,10,NULL,'2015-02-05 07:50:18','2015-02-05 07:50:18'),(47,10,'ItemLine',NULL,159,1,'2015-02-05','2015-02-05',NULL,NULL,10,NULL,'2015-02-05 07:50:18','2015-02-05 07:50:18'),(48,10,'ItemLine',NULL,160,1,'2015-02-05','2015-02-05',NULL,NULL,10,NULL,'2015-02-05 07:50:18','2015-02-05 07:50:18'),(49,10,'ItemLine',NULL,21,1,'2015-02-05','2015-02-05',NULL,NULL,11,NULL,'2015-02-05 07:50:18','2015-02-05 07:50:18'),(50,11,'ItemLine',NULL,161,1,'2015-02-05','2015-02-05',NULL,NULL,12,NULL,'2015-02-05 07:50:18','2015-02-05 07:50:18'),(51,11,'ItemLine',NULL,162,1,'2015-02-05','2015-02-05',NULL,NULL,12,NULL,'2015-02-05 07:50:18','2015-02-05 07:50:18'),(52,11,'ItemLine',NULL,163,1,'2015-02-05','2015-02-05',NULL,NULL,12,NULL,'2015-02-05 07:50:18','2015-02-05 07:50:18'),(53,11,'ItemLine',NULL,164,1,'2015-02-05','2015-02-05',NULL,NULL,12,NULL,'2015-02-05 07:50:18','2015-02-05 07:50:18'),(54,12,'ItemLine',NULL,165,1,'2015-02-05','2015-02-05',NULL,NULL,13,NULL,'2015-02-05 07:50:18','2015-02-05 07:50:18'),(55,12,'ItemLine',NULL,166,1,'2015-02-05','2015-02-05',NULL,NULL,13,NULL,'2015-02-05 07:50:18','2015-02-05 07:50:18'),(56,12,'ItemLine',NULL,167,1,'2015-02-05','2015-02-05',NULL,NULL,13,NULL,'2015-02-05 07:50:18','2015-02-05 07:50:18'),(57,12,'ItemLine',NULL,168,1,'2015-02-05','2015-02-05',NULL,NULL,13,NULL,'2015-02-05 07:50:18','2015-02-05 07:50:18'),(58,13,'ItemLine',NULL,169,1,'2015-02-05','2015-02-05',NULL,NULL,14,NULL,'2015-02-05 07:50:18','2015-02-05 07:50:18'),(59,13,'ItemLine',NULL,170,1,'2015-02-05','2015-02-05',NULL,NULL,14,NULL,'2015-02-05 07:50:18','2015-02-05 07:50:18'),(60,13,'ItemLine',NULL,171,1,'2015-02-05','2015-02-05',NULL,NULL,14,NULL,'2015-02-05 07:50:18','2015-02-05 07:50:18'),(61,13,'ItemLine',NULL,172,1,'2015-02-05','2015-02-05',NULL,NULL,14,NULL,'2015-02-05 07:50:18','2015-02-05 07:50:18'),(62,13,'ItemLine',NULL,173,1,'2015-02-05','2015-02-05',NULL,NULL,14,NULL,'2015-02-05 07:50:18','2015-02-05 07:50:18'),(63,14,'ItemLine',NULL,174,1,'2015-02-04','2015-02-04',NULL,NULL,15,NULL,'2015-02-04 07:50:18','2015-02-04 07:50:18'),(64,14,'ItemLine',NULL,175,1,'2015-02-04','2015-02-04',NULL,NULL,15,NULL,'2015-02-04 07:50:18','2015-02-04 07:50:18'),(65,14,'ItemLine',NULL,176,1,'2015-02-04','2015-02-04',NULL,NULL,15,NULL,'2015-02-04 07:50:18','2015-02-04 07:50:18'),(66,14,'ItemLine',NULL,20,1,'2015-02-04','2015-02-04',NULL,NULL,16,NULL,'2015-02-04 07:50:18','2015-02-04 07:50:18'),(67,14,'ItemLine',NULL,20,1,'2015-02-04','2015-02-04',NULL,NULL,16,NULL,'2015-02-04 07:50:18','2015-02-04 07:50:18'),(68,15,'ItemLine',NULL,177,1,'2015-01-29','2015-01-29',NULL,NULL,17,NULL,'2015-01-29 07:50:18','2015-01-29 07:50:18'),(69,15,'ItemLine',NULL,178,1,'2015-01-29','2015-01-29',NULL,NULL,17,NULL,'2015-01-29 07:50:18','2015-01-29 07:50:18'),(70,15,'ItemLine',NULL,179,1,'2015-01-29','2015-01-29',NULL,NULL,17,NULL,'2015-01-29 07:50:18','2015-01-29 07:50:18'),(71,15,'ItemLine',NULL,180,1,'2015-01-29','2015-01-29',NULL,NULL,17,NULL,'2015-01-29 07:50:18','2015-01-29 07:50:18'),(72,16,'ItemLine',NULL,8,1,'2015-02-12','2015-02-15',NULL,NULL,18,NULL,'2015-02-05 07:50:18','2015-02-05 07:50:18'),(73,16,'ItemLine',NULL,9,1,'2015-02-12','2015-02-15',NULL,NULL,19,NULL,'2015-02-05 07:50:18','2015-02-05 07:50:18'),(74,16,'ItemLine',NULL,9,1,'2015-02-13','2015-02-16',NULL,NULL,20,NULL,'2015-02-05 07:50:18','2015-02-05 07:50:18'),(75,17,'ItemLine',NULL,6,1,'2015-02-05','2015-02-06',NULL,NULL,21,NULL,'2015-02-05 07:50:18','2015-02-05 07:50:18'),(76,18,'ItemLine',NULL,181,1,'2015-02-05','2015-02-05',NULL,NULL,22,NULL,'2015-02-05 07:50:18','2015-02-05 07:50:18'),(77,18,'ItemLine',NULL,185,1,'2015-02-05','2015-02-05',NULL,NULL,22,NULL,'2015-02-05 07:50:18','2015-02-05 07:50:18'),(78,18,'ItemLine',NULL,189,1,'2015-02-05','2015-02-05',NULL,NULL,22,NULL,'2015-02-05 07:50:18','2015-02-05 07:50:18'),(79,18,'ItemLine',NULL,193,1,'2015-02-05','2015-02-05',NULL,NULL,22,NULL,'2015-02-05 07:50:18','2015-02-05 07:50:18'),(80,18,'ItemLine',NULL,197,1,'2015-02-05','2015-02-05',NULL,NULL,22,NULL,'2015-02-05 07:50:18','2015-02-05 07:50:18'),(81,19,'ItemLine',206,201,1,'2015-02-05','2015-02-05',NULL,NULL,23,NULL,'2015-02-05 07:50:18','2015-02-05 07:50:18'),(82,19,'ItemLine',207,202,1,'2015-02-05','2015-02-05',NULL,NULL,23,NULL,'2015-02-05 07:50:18','2015-02-05 07:50:18'),(83,19,'ItemLine',208,203,1,'2015-02-05','2015-02-05',NULL,NULL,23,NULL,'2015-02-05 07:50:18','2015-02-05 07:50:18'),(84,19,'ItemLine',209,204,1,'2015-02-05','2015-02-05',NULL,NULL,23,NULL,'2015-02-05 07:50:18','2015-02-05 07:50:18'),(85,19,'ItemLine',210,205,1,'2015-02-05','2015-02-05',NULL,NULL,23,NULL,'2015-02-05 07:50:18','2015-02-05 07:50:18'),(86,19,'ItemLine',211,206,1,'2015-02-05','2015-02-05',NULL,NULL,23,NULL,'2015-02-05 07:50:18','2015-02-05 07:50:18'),(87,19,'ItemLine',212,207,1,'2015-02-05','2015-02-05',NULL,NULL,23,NULL,'2015-02-05 07:50:18','2015-02-05 07:50:18'),(88,19,'ItemLine',213,208,1,'2015-02-05','2015-02-05',NULL,NULL,23,NULL,'2015-02-05 07:50:18','2015-02-05 07:50:18'),(89,19,'ItemLine',214,209,1,'2015-02-05','2015-02-05',NULL,NULL,23,NULL,'2015-02-05 07:50:18','2015-02-05 07:50:18'),(90,19,'ItemLine',215,210,1,'2015-02-05','2015-02-05',NULL,NULL,23,NULL,'2015-02-05 07:50:18','2015-02-05 07:50:18'),(91,19,'ItemLine',216,211,1,'2015-02-05','2015-02-05',NULL,NULL,23,NULL,'2015-02-05 07:50:18','2015-02-05 07:50:18'),(92,19,'ItemLine',217,212,1,'2015-02-05','2015-02-05',NULL,NULL,23,NULL,'2015-02-05 07:50:18','2015-02-05 07:50:18'),(93,19,'ItemLine',218,213,1,'2015-02-05','2015-02-05',NULL,NULL,23,NULL,'2015-02-05 07:50:18','2015-02-05 07:50:18'),(94,19,'ItemLine',219,214,1,'2015-02-05','2015-02-05',NULL,NULL,23,NULL,'2015-02-05 07:50:18','2015-02-05 07:50:18'),(95,19,'ItemLine',220,215,1,'2015-02-05','2015-02-05',NULL,NULL,23,NULL,'2015-02-05 07:50:18','2015-02-05 07:50:18'),(96,19,'ItemLine',221,216,1,'2015-02-05','2015-02-05',NULL,NULL,23,NULL,'2015-02-05 07:50:18','2015-02-05 07:50:18'),(97,19,'ItemLine',222,217,1,'2015-02-05','2015-02-05',NULL,NULL,23,NULL,'2015-02-05 07:50:18','2015-02-05 07:50:18'),(98,19,'ItemLine',223,218,1,'2015-02-05','2015-02-05',NULL,NULL,23,NULL,'2015-02-05 07:50:18','2015-02-05 07:50:18'),(99,19,'ItemLine',224,219,1,'2015-02-05','2015-02-05',NULL,NULL,23,NULL,'2015-02-05 07:50:18','2015-02-05 07:50:18'),(100,19,'ItemLine',225,220,1,'2015-02-05','2015-02-05',NULL,NULL,23,NULL,'2015-02-05 07:50:18','2015-02-05 07:50:18'),(101,19,'ItemLine',226,221,1,'2015-02-05','2015-02-05',NULL,NULL,23,NULL,'2015-02-05 07:50:18','2015-02-05 07:50:18'),(102,19,'ItemLine',227,222,1,'2015-02-05','2015-02-05',NULL,NULL,23,NULL,'2015-02-05 07:50:18','2015-02-05 07:50:18'),(103,19,'ItemLine',228,223,1,'2015-02-05','2015-02-05',NULL,NULL,23,NULL,'2015-02-05 07:50:18','2015-02-05 07:50:18'),(104,19,'ItemLine',229,224,1,'2015-02-05','2015-02-05',NULL,NULL,23,NULL,'2015-02-05 07:50:18','2015-02-05 07:50:18'),(105,19,'ItemLine',230,225,1,'2015-02-05','2015-02-05',NULL,NULL,23,NULL,'2015-02-05 07:50:18','2015-02-05 07:50:18'),(106,19,'ItemLine',231,226,1,'2015-02-05','2015-02-05',NULL,NULL,23,NULL,'2015-02-05 07:50:18','2015-02-05 07:50:18'),(107,19,'ItemLine',232,227,1,'2015-02-05','2015-02-05',NULL,NULL,23,NULL,'2015-02-05 07:50:18','2015-02-05 07:50:18'),(108,19,'ItemLine',233,228,1,'2015-02-05','2015-02-05',NULL,NULL,23,NULL,'2015-02-05 07:50:18','2015-02-05 07:50:18'),(109,19,'ItemLine',234,229,1,'2015-02-05','2015-02-05',NULL,NULL,23,NULL,'2015-02-05 07:50:18','2015-02-05 07:50:18'),(110,19,'ItemLine',235,230,1,'2015-02-05','2015-02-05',NULL,NULL,23,NULL,'2015-02-05 07:50:18','2015-02-05 07:50:18'),(111,19,'ItemLine',236,231,1,'2015-02-05','2015-02-05',NULL,NULL,23,NULL,'2015-02-05 07:50:18','2015-02-05 07:50:18'),(112,19,'ItemLine',237,232,1,'2015-02-05','2015-02-05',NULL,NULL,23,NULL,'2015-02-05 07:50:18','2015-02-05 07:50:18'),(113,19,'ItemLine',238,233,1,'2015-02-05','2015-02-05',NULL,NULL,23,NULL,'2015-02-05 07:50:18','2015-02-05 07:50:18'),(114,19,'ItemLine',239,234,1,'2015-02-05','2015-02-05',NULL,NULL,23,NULL,'2015-02-05 07:50:18','2015-02-05 07:50:18'),(115,19,'ItemLine',240,235,1,'2015-02-05','2015-02-05',NULL,NULL,23,NULL,'2015-02-05 07:50:18','2015-02-05 07:50:18'),(116,19,'ItemLine',241,236,1,'2015-02-05','2015-02-05',NULL,NULL,23,NULL,'2015-02-05 07:50:18','2015-02-05 07:50:18'),(117,19,'ItemLine',242,237,1,'2015-02-05','2015-02-05',NULL,NULL,23,NULL,'2015-02-05 07:50:18','2015-02-05 07:50:18'),(118,19,'ItemLine',243,238,1,'2015-02-05','2015-02-05',NULL,NULL,23,NULL,'2015-02-05 07:50:18','2015-02-05 07:50:18'),(119,19,'ItemLine',NULL,239,1,'2015-02-05','2015-02-05',NULL,NULL,24,NULL,'2015-02-05 07:50:18','2015-02-05 07:50:18'),(120,20,'ItemLine',NULL,240,1,'2015-02-03','2015-02-03',NULL,NULL,25,NULL,'2015-02-03 07:50:18','2015-02-03 07:50:18'),(121,20,'ItemLine',NULL,241,1,'2015-02-03','2015-02-03',NULL,NULL,25,NULL,'2015-02-03 07:50:18','2015-02-03 07:50:18'),(122,20,'ItemLine',NULL,242,1,'2015-02-03','2015-02-03',NULL,NULL,25,NULL,'2015-02-03 07:50:18','2015-02-03 07:50:18'),(123,20,'ItemLine',NULL,243,1,'2015-02-03','2015-02-03',NULL,NULL,25,NULL,'2015-02-03 07:50:18','2015-02-03 07:50:18'),(124,20,'ItemLine',NULL,244,1,'2015-02-03','2015-02-03',NULL,NULL,25,NULL,'2015-02-03 07:50:18','2015-02-03 07:50:18'),(125,20,'ItemLine',NULL,19,1,'2015-02-03','2015-02-03',NULL,NULL,26,NULL,'2015-02-03 07:50:18','2015-02-03 07:50:18'),(126,21,'ItemLine',88,19,1,'2014-09-05','2014-09-05','2014-09-05',NULL,27,NULL,'2014-09-05 06:50:18','2014-09-05 06:50:18'),(127,22,'ItemLine',250,245,1,'2015-02-05','2015-02-05',NULL,NULL,28,NULL,'2015-02-05 07:50:18','2015-02-05 07:50:18'),(128,22,'OptionLine',NULL,NULL,2,'2015-02-05','2015-02-05',NULL,5,29,NULL,'2015-02-05 07:50:18','2015-02-05 07:50:18'),(129,23,'OptionLine',NULL,NULL,2,'2015-02-05','2015-02-05',NULL,4,30,NULL,'2015-02-05 07:50:18','2015-02-05 07:50:18'),(130,23,'OptionLine',NULL,NULL,1,'2015-02-05','2015-03-05',NULL,4,31,NULL,'2015-02-05 07:50:18','2015-02-05 07:50:18'),(131,24,'ItemLine',251,246,1,'2015-02-05','2015-02-05',NULL,NULL,32,NULL,'2015-02-05 07:50:18','2015-02-05 07:50:18'),(132,25,'ItemLine',NULL,247,1,'2015-01-31','2015-02-04',NULL,NULL,33,NULL,'2015-01-31 07:50:18','2015-01-31 07:50:18'),(133,25,'OptionLine',NULL,NULL,1,'2015-01-31','2015-02-04',NULL,6,34,NULL,'2015-01-31 07:50:18','2015-01-31 07:50:18'),(134,26,'ItemLine',86,4,1,'2015-02-05','2015-02-05','2015-02-05',NULL,35,NULL,'2015-02-05 07:50:18','2015-02-05 07:50:18'),(135,27,'ItemLine',87,4,1,'2015-02-05','2015-02-05','2015-02-05',NULL,36,NULL,'2015-02-05 07:50:18','2015-02-05 07:50:18'),(136,28,'ItemLine',253,248,1,'2015-02-05','2015-02-05','2015-02-05',NULL,37,NULL,'2015-02-05 07:50:18','2015-02-05 07:50:18'),(137,29,'ItemLine',NULL,9,1,'2015-02-05','2015-02-05',NULL,NULL,38,NULL,'2015-02-05 07:50:18','2015-02-05 07:50:18'),(138,30,'ItemLine',NULL,9,1,'2015-02-05','2015-02-05',NULL,NULL,39,NULL,'2015-02-05 07:50:18','2015-02-05 07:50:18'),(139,30,'ItemLine',NULL,2,1,'2015-02-05','2015-02-05',NULL,NULL,40,NULL,'2015-02-05 07:50:18','2015-02-05 07:50:18'),(140,31,'ItemLine',NULL,9,1,'2015-02-12','2015-02-13',NULL,NULL,41,NULL,'2015-02-05 07:50:18','2015-02-05 07:50:18'),(141,32,'ItemLine',NULL,2,1,'2015-02-05','2015-02-05',NULL,NULL,42,NULL,'2015-02-05 07:50:18','2015-02-05 07:50:18'),(142,32,'ItemLine',NULL,2,1,'2015-02-05','2015-02-05',NULL,NULL,42,NULL,'2015-02-05 07:50:18','2015-02-05 07:50:18'),(143,32,'ItemLine',NULL,2,1,'2015-02-05','2015-02-05',NULL,NULL,42,NULL,'2015-02-05 07:50:18','2015-02-05 07:50:18'),(144,33,'ItemLine',NULL,8,1,'2015-02-05','2015-02-05',NULL,NULL,43,NULL,'2015-02-05 07:50:18','2015-02-05 07:50:18'),(145,33,'ItemLine',NULL,8,1,'2015-02-05','2015-02-05',NULL,NULL,43,NULL,'2015-02-05 07:50:18','2015-02-05 07:50:18'),(146,33,'ItemLine',NULL,8,1,'2015-02-05','2015-02-05',NULL,NULL,43,NULL,'2015-02-05 07:50:18','2015-02-05 07:50:18'),(147,33,'ItemLine',NULL,9,1,'2015-02-05','2015-02-05',NULL,NULL,44,NULL,'2015-02-05 07:50:18','2015-02-05 07:50:18'),(148,33,'ItemLine',NULL,9,1,'2015-02-05','2015-02-05',NULL,NULL,44,NULL,'2015-02-05 07:50:18','2015-02-05 07:50:18'),(149,33,'ItemLine',NULL,9,1,'2015-02-05','2015-02-05',NULL,NULL,44,NULL,'2015-02-05 07:50:18','2015-02-05 07:50:18'),(150,33,'OptionLine',NULL,NULL,5,'2015-02-05','2015-02-05',NULL,1,45,NULL,'2015-02-05 07:50:18','2015-02-05 07:50:18'),(151,34,'ItemLine',NULL,249,1,'2015-02-05','2015-02-05',NULL,NULL,46,NULL,'2015-02-05 07:50:18','2015-02-05 07:50:18'),(152,35,'ItemLine',255,250,1,'2015-02-05','2015-02-05',NULL,NULL,47,NULL,'2015-02-05 07:50:18','2015-02-05 07:50:18'),(153,36,'ItemLine',60,8,1,'2015-02-05','2015-02-05',NULL,NULL,48,NULL,'2015-02-05 07:50:18','2015-02-05 07:50:18'),(154,37,'ItemLine',93,23,1,'2015-01-31','2015-02-04',NULL,NULL,49,NULL,'2015-01-31 07:50:18','2015-01-31 07:50:18'),(155,37,'OptionLine',NULL,NULL,1,'2015-01-31','2015-02-02',NULL,7,50,NULL,'2015-01-31 07:50:18','2015-01-31 07:50:18'),(156,38,'ItemLine',256,251,1,'2015-02-05','2015-02-05',NULL,NULL,51,NULL,'2015-02-05 07:50:18','2015-02-05 07:50:18'),(157,39,'ItemLine',257,252,1,'2015-02-05','2015-02-05',NULL,NULL,52,NULL,'2015-02-05 07:50:18','2015-02-05 07:50:18'),(158,39,'ItemLine',258,253,1,'2015-02-05','2015-02-05','2015-02-05',NULL,53,5,'2015-02-05 07:50:18','2015-02-05 07:50:18'),(159,40,'ItemLine',108,88,1,'2015-02-05','2015-02-05',NULL,NULL,54,NULL,'2015-02-05 07:50:18','2015-02-05 07:50:18'),(160,40,'ItemLine',56,2,1,'2015-02-05','2015-02-05',NULL,NULL,55,NULL,'2015-02-05 07:50:18','2015-02-05 07:50:18'),(161,41,'ItemLine',259,254,1,'2015-02-05','2015-02-05',NULL,NULL,56,NULL,'2015-02-05 07:50:18','2015-02-05 07:50:18'),(162,42,'ItemLine',110,90,1,'2015-02-05','2015-02-05',NULL,NULL,57,NULL,'2015-02-05 07:50:18','2015-02-05 07:50:18'),(163,43,'ItemLine',NULL,2,1,'2015-02-03','2015-02-06',NULL,NULL,58,NULL,'2015-02-05 07:50:18','2015-02-05 07:50:18'),(164,43,'ItemLine',NULL,255,1,'2015-02-03','2015-02-06',NULL,NULL,59,NULL,'2015-02-05 07:50:18','2015-02-05 07:50:18'),(165,44,'ItemLine',NULL,22,1,'2015-02-05','2015-02-05',NULL,NULL,60,NULL,'2015-02-05 07:50:18','2015-02-05 07:50:18'),(166,44,'ItemLine',NULL,22,1,'2015-02-05','2015-02-05',NULL,NULL,60,NULL,'2015-02-05 07:50:18','2015-02-05 07:50:18'),(167,45,'ItemLine',53,2,1,'2015-02-05','2015-02-05',NULL,NULL,61,NULL,'2015-02-05 07:50:18','2015-02-05 07:50:18'),(168,45,'OptionLine',NULL,NULL,1,'2015-02-05','2015-02-05',NULL,1,62,NULL,'2015-02-05 07:50:18','2015-02-05 07:50:18'),(169,46,'ItemLine',NULL,8,1,'2015-03-14','2015-03-22',NULL,NULL,63,NULL,'2015-02-05 07:50:18','2015-02-05 07:50:18'),(170,47,'ItemLine',NULL,8,1,'2015-03-29','2015-04-01',NULL,NULL,64,NULL,'2015-02-05 07:50:18','2015-02-05 07:50:18'),(171,47,'ItemLine',NULL,8,1,'2015-03-29','2015-04-01',NULL,NULL,64,NULL,'2015-02-05 07:50:18','2015-02-05 07:50:18'),(172,47,'ItemLine',NULL,8,1,'2015-03-29','2015-04-01',NULL,NULL,64,NULL,'2015-02-05 07:50:18','2015-02-05 07:50:18'),(173,47,'ItemLine',NULL,8,1,'2015-03-29','2015-04-01',NULL,NULL,64,NULL,'2015-02-05 07:50:18','2015-02-05 07:50:18'),(174,47,'ItemLine',NULL,8,1,'2015-03-29','2015-04-01',NULL,NULL,64,NULL,'2015-02-05 07:50:18','2015-02-05 07:50:18'),(175,47,'ItemLine',NULL,8,1,'2015-03-29','2015-04-01',NULL,NULL,64,NULL,'2015-02-05 07:50:18','2015-02-05 07:50:18'),(176,48,'ItemLine',NULL,256,1,'2015-02-05','2015-02-05',NULL,NULL,65,NULL,'2015-02-05 07:50:18','2015-02-05 07:50:18'),(177,48,'ItemLine',NULL,257,1,'2015-02-05','2015-02-05',NULL,NULL,65,NULL,'2015-02-05 07:50:18','2015-02-05 07:50:18'),(178,48,'ItemLine',NULL,258,1,'2015-02-05','2015-02-05',NULL,NULL,65,NULL,'2015-02-05 07:50:18','2015-02-05 07:50:18'),(179,49,'ItemLine',NULL,259,1,'2015-02-05','2015-02-05',NULL,NULL,66,NULL,'2015-02-05 07:50:18','2015-02-05 07:50:18'),(180,49,'ItemLine',NULL,260,1,'2015-02-05','2015-02-05',NULL,NULL,66,NULL,'2015-02-05 07:50:18','2015-02-05 07:50:18'),(181,49,'ItemLine',NULL,261,1,'2015-02-05','2015-02-05',NULL,NULL,66,NULL,'2015-02-05 07:50:18','2015-02-05 07:50:18'),(182,49,'ItemLine',NULL,262,1,'2015-02-05','2015-02-05',NULL,NULL,66,NULL,'2015-02-05 07:50:18','2015-02-05 07:50:18'),(183,50,'ItemLine',268,263,1,'2015-02-05','2015-02-05',NULL,NULL,67,NULL,'2015-02-05 07:50:18','2015-02-05 07:50:18'),(184,50,'ItemLine',269,264,1,'2015-02-05','2015-02-05',NULL,NULL,67,NULL,'2015-02-05 07:50:18','2015-02-05 07:50:18'),(185,50,'ItemLine',270,265,1,'2015-02-05','2015-02-05',NULL,NULL,67,NULL,'2015-02-05 07:50:18','2015-02-05 07:50:18'),(186,50,'ItemLine',271,266,1,'2015-02-05','2015-02-05',NULL,NULL,67,NULL,'2015-02-05 07:50:18','2015-02-05 07:50:18'),(187,50,'ItemLine',272,267,1,'2015-02-05','2015-02-05',NULL,NULL,67,NULL,'2015-02-05 07:50:18','2015-02-05 07:50:18'),(188,51,'ItemLine',273,268,1,'2015-02-05','2015-02-05',NULL,NULL,68,NULL,'2015-02-05 07:50:18','2015-02-05 07:50:18'),(189,51,'ItemLine',274,269,1,'2015-02-05','2015-02-05',NULL,NULL,68,NULL,'2015-02-05 07:50:18','2015-02-05 07:50:18'),(190,51,'ItemLine',275,270,1,'2015-02-05','2015-02-05',NULL,NULL,68,NULL,'2015-02-05 07:50:18','2015-02-05 07:50:18'),(191,51,'ItemLine',276,271,1,'2015-02-05','2015-02-05',NULL,NULL,68,NULL,'2015-02-05 07:50:18','2015-02-05 07:50:18'),(192,51,'ItemLine',277,272,1,'2015-02-05','2015-02-05',NULL,NULL,68,NULL,'2015-02-05 07:50:18','2015-02-05 07:50:18'),(193,52,'ItemLine',278,273,1,'2015-01-31','2015-02-02',NULL,NULL,69,NULL,'2015-01-31 07:50:18','2015-01-31 07:50:18'),(194,52,'ItemLine',279,274,1,'2015-01-31','2015-02-02',NULL,NULL,69,NULL,'2015-01-31 07:50:18','2015-01-31 07:50:18'),(195,52,'ItemLine',280,275,1,'2015-01-31','2015-02-02',NULL,NULL,69,NULL,'2015-01-31 07:50:18','2015-01-31 07:50:18'),(196,52,'ItemLine',281,276,1,'2015-01-31','2015-02-02',NULL,NULL,69,NULL,'2015-01-31 07:50:18','2015-01-31 07:50:18'),(197,53,'ItemLine',NULL,277,1,'2015-02-02','2015-02-02',NULL,NULL,70,NULL,'2015-01-31 07:50:18','2015-01-31 07:50:18'),(198,53,'ItemLine',NULL,278,1,'2015-02-02','2015-02-02',NULL,NULL,70,NULL,'2015-01-31 07:50:18','2015-01-31 07:50:18'),(199,53,'ItemLine',NULL,279,1,'2015-02-02','2015-02-02',NULL,NULL,70,NULL,'2015-01-31 07:50:18','2015-01-31 07:50:18'),(200,53,'ItemLine',NULL,280,1,'2015-02-02','2015-02-02',NULL,NULL,70,NULL,'2015-01-31 07:50:18','2015-01-31 07:50:18'),(201,53,'ItemLine',NULL,19,1,'2015-02-02','2015-02-02',NULL,NULL,71,NULL,'2015-01-31 07:50:18','2015-01-31 07:50:18');
/*!40000 ALTER TABLE `contract_lines` ENABLE KEYS */;
UNLOCK TABLES;

--
-- Table structure for table `contracts`
--

DROP TABLE IF EXISTS `contracts`;
/*!40101 SET @saved_cs_client     = @@character_set_client */;
/*!40101 SET character_set_client = utf8 */;
CREATE TABLE `contracts` (
  `id` int(11) NOT NULL AUTO_INCREMENT,
  `user_id` int(11) DEFAULT NULL,
  `delegated_user_id` int(11) DEFAULT NULL,
  `inventory_pool_id` int(11) DEFAULT NULL,
  `note` text COLLATE utf8_unicode_ci,
  `handed_over_by_user_id` int(11) DEFAULT NULL,
  `created_at` datetime DEFAULT NULL,
  `updated_at` datetime DEFAULT NULL,
  `status` enum('unsubmitted','submitted','rejected','approved','signed','closed') COLLATE utf8_unicode_ci NOT NULL,
  PRIMARY KEY (`id`),
  KEY `index_contracts_on_inventory_pool_id` (`inventory_pool_id`),
  KEY `index_contracts_on_status` (`status`),
  KEY `index_contracts_on_user_id` (`user_id`),
  KEY `contracts_delegated_user_id_fk` (`delegated_user_id`),
  KEY `contracts_handed_over_by_user_id_fk` (`handed_over_by_user_id`),
  CONSTRAINT `contracts_handed_over_by_user_id_fk` FOREIGN KEY (`handed_over_by_user_id`) REFERENCES `users` (`id`),
  CONSTRAINT `contracts_delegated_user_id_fk` FOREIGN KEY (`delegated_user_id`) REFERENCES `users` (`id`),
  CONSTRAINT `contracts_inventory_pool_id_fk` FOREIGN KEY (`inventory_pool_id`) REFERENCES `inventory_pools` (`id`),
  CONSTRAINT `contracts_user_id_fk` FOREIGN KEY (`user_id`) REFERENCES `users` (`id`)
) ENGINE=InnoDB AUTO_INCREMENT=54 DEFAULT CHARSET=utf8 COLLATE=utf8_unicode_ci;
/*!40101 SET character_set_client = @saved_cs_client */;

--
-- Dumping data for table `contracts`
--

LOCK TABLES `contracts` WRITE;
/*!40000 ALTER TABLE `contracts` DISABLE KEYS */;
INSERT INTO `contracts` VALUES (1,34,NULL,7,NULL,NULL,'2015-02-05 07:50:18','2015-02-05 07:50:18','unsubmitted'),(2,6,NULL,2,NULL,NULL,'2015-02-05 07:50:18','2015-02-05 07:50:18','unsubmitted'),(3,6,NULL,1,NULL,NULL,'2015-02-05 07:50:18','2015-02-05 07:50:18','submitted'),(4,19,NULL,1,NULL,NULL,'2015-02-05 07:50:18','2015-02-05 07:50:18','submitted'),(5,6,NULL,1,NULL,NULL,'2015-02-05 07:50:18','2015-02-05 07:50:18','submitted'),(6,6,NULL,1,NULL,NULL,'2015-02-05 07:50:18','2015-02-05 07:50:18','submitted'),(7,6,NULL,3,NULL,NULL,'2015-02-05 07:50:18','2015-02-05 07:50:18','submitted'),(8,6,NULL,1,NULL,NULL,'2015-02-05 07:50:18','2015-02-05 07:50:18','submitted'),(9,14,NULL,1,NULL,NULL,'2015-02-01 07:50:18','2015-02-01 07:50:18','submitted'),(10,15,NULL,1,NULL,NULL,'2015-02-05 07:50:18','2015-02-05 07:50:18','submitted'),(11,16,NULL,1,NULL,NULL,'2015-02-05 07:50:18','2015-02-05 07:50:18','submitted'),(12,17,NULL,1,NULL,NULL,'2015-02-05 07:50:18','2015-02-05 07:50:18','submitted'),(13,18,NULL,1,NULL,NULL,'2015-02-05 07:50:18','2015-02-05 07:50:18','submitted'),(14,14,NULL,1,NULL,NULL,'2015-02-04 07:50:18','2015-02-04 07:50:18','submitted'),(15,14,NULL,1,NULL,NULL,'2015-01-29 07:50:18','2015-01-29 07:50:18','submitted'),(16,11,NULL,1,NULL,NULL,'2015-02-05 07:50:18','2015-02-05 07:50:18','submitted'),(17,11,NULL,1,NULL,NULL,'2015-02-05 07:50:18','2015-02-05 07:50:18','submitted'),(18,35,NULL,12,NULL,NULL,'2015-02-05 07:50:18','2015-02-05 07:50:18','approved'),(19,22,NULL,1,NULL,NULL,'2015-02-05 07:50:18','2015-02-05 07:50:18','approved'),(20,14,NULL,1,NULL,NULL,'2015-02-03 07:50:18','2015-02-03 07:50:18','approved'),(21,14,NULL,1,NULL,5,'2014-09-05 06:50:18','2014-09-05 06:50:18','closed'),(22,21,NULL,1,NULL,5,'2015-02-05 07:50:18','2015-02-05 07:50:18','signed'),(23,8,NULL,1,NULL,5,'2015-02-05 07:50:18','2015-02-05 07:50:18','signed'),(24,27,10,1,NULL,5,'2015-02-05 07:50:18','2015-02-05 07:50:18','signed'),(25,6,NULL,2,NULL,NULL,'2015-01-31 07:50:18','2015-01-31 07:50:18','approved'),(26,15,NULL,1,NULL,5,'2015-02-05 07:50:18','2015-02-05 07:50:18','closed'),(27,19,NULL,1,NULL,5,'2015-02-05 07:50:18','2015-02-05 07:50:18','closed'),(28,20,NULL,1,NULL,5,'2015-02-05 07:50:18','2015-02-05 07:50:18','closed'),(29,6,NULL,1,NULL,NULL,'2015-02-05 07:50:18','2015-02-05 07:50:18','approved'),(30,6,NULL,1,NULL,NULL,'2015-02-05 07:50:18','2015-02-05 07:50:18','approved'),(31,6,NULL,1,NULL,NULL,'2015-02-05 07:50:18','2015-02-05 07:50:18','approved'),(32,6,NULL,1,NULL,NULL,'2015-02-05 07:50:18','2015-02-05 07:50:18','approved'),(33,6,NULL,1,NULL,NULL,'2015-02-05 07:50:18','2015-02-05 07:50:18','approved'),(34,6,NULL,1,NULL,NULL,'2015-02-05 07:50:18','2015-02-05 07:50:18','approved'),(35,6,NULL,1,NULL,NULL,'2015-02-05 07:50:18','2015-02-05 07:50:18','approved'),(36,6,NULL,1,NULL,5,'2015-02-05 07:50:18','2015-02-05 07:50:18','signed'),(37,13,NULL,1,NULL,5,'2015-01-31 07:50:18','2015-01-31 07:50:18','signed'),(38,6,NULL,1,NULL,5,'2015-02-05 07:50:18','2015-02-05 07:50:18','signed'),(39,6,NULL,2,NULL,5,'2015-02-05 07:50:18','2015-02-05 07:50:18','signed'),(40,6,NULL,2,NULL,5,'2015-02-05 07:50:18','2015-02-05 07:50:18','signed'),(41,6,NULL,2,NULL,5,'2015-02-05 07:50:18','2015-02-05 07:50:18','signed'),(42,6,NULL,1,NULL,5,'2015-02-05 07:50:18','2015-02-05 07:50:18','signed'),(43,11,NULL,1,NULL,NULL,'2015-02-05 07:50:18','2015-02-05 07:50:18','approved'),(44,13,NULL,1,NULL,NULL,'2015-02-05 07:50:18','2015-02-05 07:50:18','submitted'),(45,11,NULL,1,NULL,5,'2015-02-05 07:50:18','2015-02-05 07:50:18','signed'),(46,13,NULL,1,NULL,NULL,'2015-02-05 07:50:18','2015-02-05 07:50:18','submitted'),(47,13,NULL,1,NULL,NULL,'2015-02-05 07:50:18','2015-02-05 07:50:18','submitted'),(48,26,10,1,NULL,NULL,'2015-02-05 07:50:18','2015-02-05 07:50:18','submitted'),(49,26,12,1,NULL,NULL,'2015-02-05 07:50:18','2015-02-05 07:50:18','approved'),(50,30,24,1,NULL,NULL,'2015-02-05 07:50:18','2015-02-05 07:50:18','approved'),(51,26,10,1,NULL,5,'2015-02-05 07:50:18','2015-02-05 07:50:18','signed'),(52,26,10,1,NULL,5,'2015-01-31 07:50:18','2015-01-31 07:50:18','signed'),(53,14,NULL,1,NULL,NULL,'2015-01-31 07:50:18','2015-01-31 07:50:18','rejected');
/*!40000 ALTER TABLE `contracts` ENABLE KEYS */;
UNLOCK TABLES;

--
-- Table structure for table `database_authentications`
--

DROP TABLE IF EXISTS `database_authentications`;
/*!40101 SET @saved_cs_client     = @@character_set_client */;
/*!40101 SET character_set_client = utf8 */;
CREATE TABLE `database_authentications` (
  `id` int(11) NOT NULL AUTO_INCREMENT,
  `login` varchar(255) COLLATE utf8_unicode_ci DEFAULT NULL,
  `crypted_password` varchar(40) COLLATE utf8_unicode_ci DEFAULT NULL,
  `salt` varchar(40) COLLATE utf8_unicode_ci DEFAULT NULL,
  `user_id` int(11) DEFAULT NULL,
  `created_at` datetime DEFAULT NULL,
  `updated_at` datetime DEFAULT NULL,
  PRIMARY KEY (`id`),
  KEY `database_authentications_user_id_fk` (`user_id`),
  CONSTRAINT `database_authentications_user_id_fk` FOREIGN KEY (`user_id`) REFERENCES `users` (`id`) ON DELETE CASCADE
) ENGINE=InnoDB AUTO_INCREMENT=31 DEFAULT CHARSET=utf8 COLLATE=utf8_unicode_ci;
/*!40101 SET character_set_client = @saved_cs_client */;

--
-- Dumping data for table `database_authentications`
--

LOCK TABLES `database_authentications` WRITE;
/*!40000 ALTER TABLE `database_authentications` DISABLE KEYS */;
INSERT INTO `database_authentications` VALUES (1,'gino','9d74fa1a03b12cdefc377a2cd7c13fcca05a8930','73d19e4a686c7712ad119456df93ec8e03da45c9',1,'2015-02-05 07:50:18','2015-02-05 07:50:18'),(2,'ramon','c8e7402059f2b2e4eedf630ce5ea246ee040af9c','09eab767e921a50483c3a9bf683ced6f3548524c',2,'2015-02-05 07:50:18','2015-02-05 07:50:18'),(3,'matti','c63df7e1602fed3b229248475cc3d5779b2e161e','151314a3fa2cff6ba07855cec3bb2d3660514066',3,'2015-02-05 07:50:18','2015-02-05 07:50:18'),(4,'mike','3cf3a49aee0f2f84be474d45d79b47d1c65b44ed','ef567ae1a843f38d95783a5314b46be0584b2d4a',4,'2015-02-05 07:50:18','2015-02-05 07:50:18'),(5,'pius','31f5e19b76d55e076d5a34008f34e7d200bbd346','73ee235ff79e46b8d2931606eabf1b8746f74a82',5,'2015-02-05 07:50:18','2015-02-05 07:50:18'),(6,'normin','bc3186ba6d2a0403335992caae2051e293771091','281b87fa7142a4fd972376e9981d89ad9cf903fc',6,'2015-02-05 07:50:18','2015-02-05 07:50:18'),(7,'torrance','73c7e763dc672614cb6bdefc36ae2643bb022dca','4960a7b0d581789e77fb2f936641f2f278c0925e',7,'2015-02-05 07:50:18','2015-02-05 07:50:18'),(8,'peter','506390e124ee73e7914ee6e9031c72e7d48c68c6','058abaa533b683206c3efb6a8baacf3dc29a6ef6',8,'2015-02-05 07:50:18','2015-02-05 07:50:18'),(9,'andi','03bfe549690b5259c309a274e8b913c4ba87cf7e','391a05a697e3445e21a36404f32e1a9de9288daa',9,'2015-02-05 07:50:18','2015-02-05 07:50:18'),(10,'mina','5c34204e5526b9b81dd583bbba184f80340f30ba','0da26a1ef5192d77f228deaacdcb1e2020ec7994',10,'2015-02-05 07:50:18','2015-02-05 07:50:18'),(11,'petra','92fe2118ec33246ef318d62ba06df1662a8cffd5','b031900fe94e9d1cb7d29fab89184b0bcfb3316e',11,'2015-02-05 07:50:18','2015-02-05 07:50:18'),(12,'julie','591543e7a04003380eda76847e70903a56796e3a','d2e23e7b43ef7c3d5b6fd3c154d2124d53d436eb',12,'2015-02-05 07:50:18','2015-02-05 07:50:18'),(13,'lisa','c13d750c94aa4c4672f56af1e75b5cc3fb5b55d5','655facbc21d6cb6d62b85d86c0a4eadbf3daa9fe',13,'2015-02-05 07:50:18','2015-02-05 07:50:18'),(14,'madonna','003035c94079af2aea4927bbf1969814a779043f','4e9ea49256427973695f51c2011efa281868a48e',14,'2015-02-05 07:50:18','2015-02-05 07:50:18'),(15,'trycia','cd516adb5b7761345558d2cff41c0d833f7eb8c2','65637b73a0870806ff79791f8d1c782d5ad32340',15,'2015-02-05 07:50:18','2015-02-05 07:50:18'),(16,'addie','f672024ed5ae77e0ecc1013b5f9b543a32a3d255','1f2736b8a48f5117c469d66340a893e6c7b1d9b3',16,'2015-02-05 07:50:18','2015-02-05 07:50:18'),(17,'david','dc79480c301d8d41c769a26b0fedc816945f1321','59c687d03633937ddf70e96eb70bbaaaa9fd13d6',17,'2015-02-05 07:50:18','2015-02-05 07:50:18'),(18,'aglae','99ee1cbfadcf59c903632d376edee6930ca46d75','8449cf671ac2a7664564eec6f72f4d460b9f5d30',18,'2015-02-05 07:50:18','2015-02-05 07:50:18'),(19,'elza','63326275bce6eca7c7a1cad1f92923ce3875d9f5','ab220a5d1140d60d3b59740e10804ca055242d72',19,'2015-02-05 07:50:18','2015-02-05 07:50:18'),(20,'pierre','55d643a44e8826b9a32b1593482796f3443c4e42','d6f469a0087d9095d747f425fab082c13631450f',20,'2015-02-05 07:50:18','2015-02-05 07:50:18'),(21,'nella','c376b88d47f8c0fb4946ce8d8be964a42697f910','14710b4f0aa4411371cf0a635b4ae3f751928c02',21,'2015-02-05 07:50:18','2015-02-05 07:50:18'),(22,'claudia','0c0b41cf953a975c767d30d0496caa06c7cf130b','f3ae7e30c4ea3df3461042f0639045b23545b13e',22,'2015-02-05 07:50:18','2015-02-05 07:50:18'),(23,'simeon','41123866c5a7346bc8b4508eff89378e71749272','bfab4c49e21a06efc7700ba593c7a77b686129b6',23,'2015-02-05 07:50:18','2015-02-05 07:50:18'),(24,'ayla','d2b554085aff4e8ed1329a84687c8bfb86294e24','b7545a31c8aac80fcfee6cb6b9d187d6e0cbe080',24,'2015-02-05 07:50:18','2015-02-05 07:50:18'),(25,'raphael.williamson_6157','03a8762e6829b70f1ca91f4b27de6ed36bbb5873','e125e973d4ddc7cce353cabebfeabeaa4c26d2e9',25,'2015-02-05 07:50:18','2015-02-05 07:50:18'),(26,'malachi.hansen_6986','94a2892ea1a4328016633975486bc378f40af70a','330b8906e146f2b10a39b3db78501cb67237747e',31,'2015-02-05 07:50:18','2015-02-05 07:50:18'),(27,'otha_6898','b645f0a65554bce52aa3ea3c88c314f48059d340','95779326791632ffad8a6e2a5b03b0216ccaa0c1',32,'2015-02-05 07:50:18','2015-02-05 07:50:18'),(28,'zander.toy_7149','80dd42fc188f1f1d4a98bc484145bec6b91efe3d','f0caeeac5676847e3e53b4a98e1a65cb1f131001',33,'2015-02-05 07:50:18','2015-02-05 07:50:18'),(29,'alden.veum_905','7a7941ddab7dc628e2d701162831392dd0b6823c','2b3c204cbd6f7bebb12510e6558fe27d8cc26873',34,'2015-02-05 07:50:18','2015-02-05 07:50:18'),(30,'lillie_9995','ee9806fc02303c93bd5eb99efbc471f71c335fe9','0ed1e9f18410c67b7e4d547de22d753cbbba2546',35,'2015-02-05 07:50:18','2015-02-05 07:50:18');
/*!40000 ALTER TABLE `database_authentications` ENABLE KEYS */;
UNLOCK TABLES;

--
-- Table structure for table `delegations_users`
--

DROP TABLE IF EXISTS `delegations_users`;
/*!40101 SET @saved_cs_client     = @@character_set_client */;
/*!40101 SET character_set_client = utf8 */;
CREATE TABLE `delegations_users` (
  `delegation_id` int(11) DEFAULT NULL,
  `user_id` int(11) DEFAULT NULL,
  UNIQUE KEY `index_delegations_users_on_user_id_and_delegation_id` (`user_id`,`delegation_id`),
  KEY `index_delegations_users_on_delegation_id` (`delegation_id`),
  CONSTRAINT `delegations_users_delegation_id_fk` FOREIGN KEY (`delegation_id`) REFERENCES `users` (`id`),
  CONSTRAINT `delegations_users_user_id_fk` FOREIGN KEY (`user_id`) REFERENCES `users` (`id`)
) ENGINE=InnoDB DEFAULT CHARSET=utf8 COLLATE=utf8_unicode_ci;
/*!40101 SET character_set_client = @saved_cs_client */;

--
-- Dumping data for table `delegations_users`
--

LOCK TABLES `delegations_users` WRITE;
/*!40000 ALTER TABLE `delegations_users` DISABLE KEYS */;
INSERT INTO `delegations_users` VALUES (26,10),(27,10),(28,10),(29,10),(26,12),(27,12),(28,12),(29,12),(30,23),(30,24);
/*!40000 ALTER TABLE `delegations_users` ENABLE KEYS */;
UNLOCK TABLES;

--
-- Table structure for table `groups`
--

DROP TABLE IF EXISTS `groups`;
/*!40101 SET @saved_cs_client     = @@character_set_client */;
/*!40101 SET character_set_client = utf8 */;
CREATE TABLE `groups` (
  `id` int(11) NOT NULL AUTO_INCREMENT,
  `name` varchar(255) COLLATE utf8_unicode_ci DEFAULT NULL,
  `inventory_pool_id` int(11) DEFAULT NULL,
  `is_verification_required` tinyint(1) DEFAULT '0',
  `created_at` datetime DEFAULT NULL,
  `updated_at` datetime DEFAULT NULL,
  PRIMARY KEY (`id`),
  KEY `index_groups_on_inventory_pool_id` (`inventory_pool_id`),
  KEY `index_groups_on_is_verification_required` (`is_verification_required`),
  CONSTRAINT `groups_inventory_pool_id_fk` FOREIGN KEY (`inventory_pool_id`) REFERENCES `inventory_pools` (`id`)
) ENGINE=InnoDB AUTO_INCREMENT=11 DEFAULT CHARSET=utf8 COLLATE=utf8_unicode_ci;
/*!40101 SET character_set_client = @saved_cs_client */;

--
-- Dumping data for table `groups`
--

LOCK TABLES `groups` WRITE;
/*!40000 ALTER TABLE `groups` DISABLE KEYS */;
INSERT INTO `groups` VALUES (1,'Cast',1,0,'2015-02-05 07:50:18','2015-02-05 07:50:18'),(2,'IAD',1,0,'2015-02-05 07:50:18','2015-02-05 07:50:18'),(3,'Wu',1,0,'2015-02-05 07:50:18','2015-02-05 07:50:18'),(4,'Group Hifi',1,0,'2015-02-05 07:50:18','2015-02-05 07:50:18'),(5,'Group A',1,0,'2015-02-05 07:50:18','2015-02-05 07:50:18'),(6,'Group B',1,0,'2015-02-05 07:50:18','2015-02-05 07:50:18'),(7,'FFI',1,1,'2015-02-05 07:50:18','2015-02-05 07:50:18'),(8,'VTO',1,1,'2015-02-05 07:50:18','2015-02-05 07:50:18'),(9,'1. Semester',2,1,'2015-02-05 07:50:18','2015-02-05 07:50:18'),(10,'Group C',1,0,'2015-02-05 07:50:18','2015-02-05 07:50:18');
/*!40000 ALTER TABLE `groups` ENABLE KEYS */;
UNLOCK TABLES;

--
-- Table structure for table `groups_users`
--

DROP TABLE IF EXISTS `groups_users`;
/*!40101 SET @saved_cs_client     = @@character_set_client */;
/*!40101 SET character_set_client = utf8 */;
CREATE TABLE `groups_users` (
  `user_id` int(11) DEFAULT NULL,
  `group_id` int(11) DEFAULT NULL,
  UNIQUE KEY `index_groups_users_on_user_id_and_group_id` (`user_id`,`group_id`),
  KEY `index_groups_users_on_group_id` (`group_id`),
  CONSTRAINT `groups_users_user_id_fk` FOREIGN KEY (`user_id`) REFERENCES `users` (`id`),
  CONSTRAINT `groups_users_group_id_fk` FOREIGN KEY (`group_id`) REFERENCES `groups` (`id`)
) ENGINE=InnoDB DEFAULT CHARSET=utf8 COLLATE=utf8_unicode_ci;
/*!40101 SET character_set_client = @saved_cs_client */;

--
-- Dumping data for table `groups_users`
--

LOCK TABLES `groups_users` WRITE;
/*!40000 ALTER TABLE `groups_users` DISABLE KEYS */;
INSERT INTO `groups_users` VALUES (6,1),(13,1),(14,7),(14,8),(15,7),(16,7),(16,8),(17,7),(17,9),(18,7),(19,10);
/*!40000 ALTER TABLE `groups_users` ENABLE KEYS */;
UNLOCK TABLES;

--
-- Table structure for table `histories`
--

DROP TABLE IF EXISTS `histories`;
/*!40101 SET @saved_cs_client     = @@character_set_client */;
/*!40101 SET character_set_client = utf8 */;
CREATE TABLE `histories` (
  `id` int(11) NOT NULL AUTO_INCREMENT,
  `text` varchar(255) COLLATE utf8_unicode_ci DEFAULT '',
  `type_const` int(11) DEFAULT NULL,
  `created_at` datetime NOT NULL,
  `target_id` int(11) NOT NULL,
  `target_type` varchar(255) COLLATE utf8_unicode_ci NOT NULL,
  `user_id` int(11) DEFAULT NULL,
  PRIMARY KEY (`id`),
  KEY `index_histories_on_target_type_and_target_id` (`target_type`,`target_id`),
  KEY `index_histories_on_type_const` (`type_const`),
  KEY `index_histories_on_user_id` (`user_id`),
  CONSTRAINT `histories_user_id_fk` FOREIGN KEY (`user_id`) REFERENCES `users` (`id`)
) ENGINE=InnoDB AUTO_INCREMENT=18 DEFAULT CHARSET=utf8 COLLATE=utf8_unicode_ci;
/*!40101 SET character_set_client = @saved_cs_client */;

--
-- Dumping data for table `histories`
--

LOCK TABLES `histories` WRITE;
/*!40000 ALTER TABLE `histories` DISABLE KEYS */;
INSERT INTO `histories` VALUES (1,'Contract 21 has been signed by Madonna Dare',1,'2014-09-05 06:50:18',21,'Contract',5),(2,'Contract 22 has been signed by Nella Langworth',1,'2015-02-05 07:50:18',22,'Contract',5),(3,'Contract 23 has been signed by Peter Silie',1,'2015-02-05 07:50:18',23,'Contract',5),(4,'Contract 24 has been signed by Delegation 2',1,'2015-02-05 07:50:18',24,'Contract',5),(5,'Contract 26 has been signed by Trycia Bayer',1,'2015-02-05 07:50:18',26,'Contract',5),(6,'Contract 27 has been signed by Elza Johnson',1,'2015-02-05 07:50:18',27,'Contract',5),(7,'Contract 28 has been signed by Pierre Marvin',1,'2015-02-05 07:50:18',28,'Contract',5),(8,'Contract 36 has been signed by Normin Dickens',1,'2015-02-05 07:50:18',36,'Contract',5),(9,'Contract 37 has been signed by Lisa Beier',1,'2015-01-31 07:50:18',37,'Contract',5),(10,'Contract 38 has been signed by Normin Dickens',1,'2015-02-05 07:50:18',38,'Contract',5),(11,'Contract 39 has been signed by Normin Dickens',1,'2015-02-05 07:50:18',39,'Contract',5),(12,'Contract 40 has been signed by Normin Dickens',1,'2015-02-05 07:50:18',40,'Contract',5),(13,'Contract 41 has been signed by Normin Dickens',1,'2015-02-05 07:50:18',41,'Contract',5),(14,'Contract 42 has been signed by Normin Dickens',1,'2015-02-05 07:50:18',42,'Contract',5),(15,'Contract 45 has been signed by Petra Kris',1,'2015-02-05 07:50:18',45,'Contract',5),(16,'Contract 51 has been signed by Delegation 1',1,'2015-02-05 07:50:18',51,'Contract',5),(17,'Contract 52 has been signed by Delegation 1',1,'2015-01-31 07:50:18',52,'Contract',5);
/*!40000 ALTER TABLE `histories` ENABLE KEYS */;
UNLOCK TABLES;

--
-- Table structure for table `holidays`
--

DROP TABLE IF EXISTS `holidays`;
/*!40101 SET @saved_cs_client     = @@character_set_client */;
/*!40101 SET character_set_client = utf8 */;
CREATE TABLE `holidays` (
  `id` int(11) NOT NULL AUTO_INCREMENT,
  `inventory_pool_id` int(11) DEFAULT NULL,
  `start_date` date DEFAULT NULL,
  `end_date` date DEFAULT NULL,
  `name` varchar(255) COLLATE utf8_unicode_ci DEFAULT NULL,
  PRIMARY KEY (`id`),
  KEY `index_holidays_on_inventory_pool_id` (`inventory_pool_id`),
  KEY `index_holidays_on_start_date_and_end_date` (`start_date`,`end_date`),
  CONSTRAINT `holidays_inventory_pool_id_fk` FOREIGN KEY (`inventory_pool_id`) REFERENCES `inventory_pools` (`id`) ON DELETE CASCADE
) ENGINE=InnoDB AUTO_INCREMENT=7 DEFAULT CHARSET=utf8 COLLATE=utf8_unicode_ci;
/*!40101 SET character_set_client = @saved_cs_client */;

--
-- Dumping data for table `holidays`
--

LOCK TABLES `holidays` WRITE;
/*!40000 ALTER TABLE `holidays` DISABLE KEYS */;
INSERT INTO `holidays` VALUES (1,1,'2015-12-24','2015-12-26','Christmas'),(2,1,'2016-12-24','2016-12-26','Christmas'),(3,2,'2015-12-24','2015-12-26','Christmas'),(4,2,'2016-12-24','2016-12-26','Christmas'),(5,3,'2015-12-24','2015-12-26','Christmas'),(6,3,'2016-12-24','2016-12-26','Christmas');
/*!40000 ALTER TABLE `holidays` ENABLE KEYS */;
UNLOCK TABLES;

--
-- Table structure for table `images`
--

DROP TABLE IF EXISTS `images`;
/*!40101 SET @saved_cs_client     = @@character_set_client */;
/*!40101 SET character_set_client = utf8 */;
CREATE TABLE `images` (
  `id` int(11) NOT NULL AUTO_INCREMENT,
  `is_main` tinyint(1) DEFAULT '0',
  `content_type` varchar(255) COLLATE utf8_unicode_ci DEFAULT NULL,
  `filename` varchar(255) COLLATE utf8_unicode_ci DEFAULT NULL,
  `size` int(11) DEFAULT NULL,
  `height` int(11) DEFAULT NULL,
  `width` int(11) DEFAULT NULL,
  `parent_id` int(11) DEFAULT NULL,
  `thumbnail` varchar(255) COLLATE utf8_unicode_ci DEFAULT NULL,
  `target_id` int(11) DEFAULT NULL,
  `target_type` varchar(255) COLLATE utf8_unicode_ci DEFAULT NULL,
  PRIMARY KEY (`id`),
  KEY `index_images_on_target_id_and_target_type` (`target_id`,`target_type`)
) ENGINE=InnoDB AUTO_INCREMENT=5 DEFAULT CHARSET=utf8 COLLATE=utf8_unicode_ci;
/*!40101 SET character_set_client = @saved_cs_client */;

--
-- Dumping data for table `images`
--

LOCK TABLES `images` WRITE;
/*!40000 ALTER TABLE `images` DISABLE KEYS */;
INSERT INTO `images` VALUES (1,0,'image/jpeg','voluptas',NULL,NULL,NULL,NULL,NULL,2,'ModelGroup'),(2,0,'image/jpeg','aut',NULL,NULL,NULL,NULL,NULL,16,'Model'),(3,0,'image/jpeg','aut',NULL,NULL,NULL,NULL,NULL,16,'Model'),(4,0,'image/jpeg','expedita',NULL,NULL,NULL,NULL,NULL,17,'Model');
/*!40000 ALTER TABLE `images` ENABLE KEYS */;
UNLOCK TABLES;

--
-- Table structure for table `inventory_pools`
--

DROP TABLE IF EXISTS `inventory_pools`;
/*!40101 SET @saved_cs_client     = @@character_set_client */;
/*!40101 SET character_set_client = utf8 */;
CREATE TABLE `inventory_pools` (
  `id` int(11) NOT NULL AUTO_INCREMENT,
  `name` varchar(255) COLLATE utf8_unicode_ci DEFAULT NULL,
  `description` text COLLATE utf8_unicode_ci,
  `contact_details` varchar(255) COLLATE utf8_unicode_ci DEFAULT NULL,
  `contract_description` varchar(255) COLLATE utf8_unicode_ci DEFAULT NULL,
  `contract_url` varchar(255) COLLATE utf8_unicode_ci DEFAULT NULL,
  `logo_url` varchar(255) COLLATE utf8_unicode_ci DEFAULT NULL,
  `default_contract_note` text COLLATE utf8_unicode_ci,
  `shortname` varchar(255) COLLATE utf8_unicode_ci DEFAULT NULL,
  `email` varchar(255) COLLATE utf8_unicode_ci DEFAULT NULL,
  `color` text COLLATE utf8_unicode_ci,
  `print_contracts` tinyint(1) DEFAULT '1',
  `opening_hours` text COLLATE utf8_unicode_ci,
  `address_id` int(11) DEFAULT NULL,
  `automatic_suspension` tinyint(1) NOT NULL DEFAULT '0',
  `automatic_suspension_reason` text COLLATE utf8_unicode_ci,
  `automatic_access` tinyint(1) DEFAULT NULL,
  PRIMARY KEY (`id`),
  UNIQUE KEY `index_inventory_pools_on_name` (`name`),
  KEY `inventory_pools_address_id_fk` (`address_id`),
  CONSTRAINT `inventory_pools_address_id_fk` FOREIGN KEY (`address_id`) REFERENCES `addresses` (`id`)
) ENGINE=InnoDB AUTO_INCREMENT=13 DEFAULT CHARSET=utf8 COLLATE=utf8_unicode_ci;
/*!40101 SET character_set_client = @saved_cs_client */;

--
-- Dumping data for table `inventory_pools`
--

LOCK TABLES `inventory_pools` WRITE;
/*!40000 ALTER TABLE `inventory_pools` DISABLE KEYS */;
INSERT INTO `inventory_pools` VALUES (1,'A-Ausleihe','Wichtige Hinweise...\n\nBitte die Gegenstnde rechtzeitig zurckbringen','A Verleih  /  ZHdK\na@zh-dk.ch\n\n+41 00 00 00 00',NULL,'a@zhdk.ch',NULL,'Optio dolores sunt blanditiis sed reiciendis et dolores est.','A','a@zhdk.ch',NULL,1,NULL,NULL,1,'Consequatur et provident ab.',NULL),(2,'IT-Ausleihe','Bringt die Gerte bitte rechtzeitig zurck','IT Verleih  /  ZHdK\nit@zh-dk.ch\n\n+41 00 00 00 00',NULL,'it@zhdk.ch',NULL,'Atque maiores molestias veniam odit aut sed et quasi.','IT','it@zhdk.ch',NULL,1,NULL,NULL,1,'Molestias eligendi commodi aut molestiae sit nesciunt fugit nulla.',NULL),(3,'AV-Technik','Bringt die Gerte bitte rechtzeitig zurck','AV Verleih  /  ZHdK\nav@zh-dk.ch\n\n+41 00 00 00 00',NULL,'av@zhdk.ch',NULL,'Consequatur rerum veritatis enim.','AV','av@zhdk.ch',NULL,1,NULL,NULL,0,NULL,NULL),(4,'DT deletable',NULL,NULL,NULL,'it@zhdk.ch',NULL,'Molestiae alias provident quibusdam enim veritatis omnis.','DT','it@zhdk.ch',NULL,1,NULL,NULL,0,NULL,NULL),(5,'Sedvoluptasmollitiasoluta','Ipsam fugiat nihil voluptatem autem molestiae.','Ut eum corrupti est quo.','Sedvoluptasmollitiasoluta','caterina@predovicnolan.com',NULL,NULL,'680POZ','caterina@predovicnolan.com',NULL,1,NULL,NULL,0,NULL,NULL),(6,'Delectusperspiciatissaepeeius','Inventore tenetur ipsa culpa molestiae et laboriosam nesciunt.','Accusantium aperiam magnam porro omnis corporis voluptas iste.','Delectusperspiciatissaepeeius','merle_macejkovic@bartell.co.uk',NULL,NULL,'GDMUDW','merle_macejkovic@bartell.co.uk',NULL,1,NULL,NULL,0,NULL,NULL),(7,'Corporisdolorveroeius','Accusamus non quae quas.','Impedit adipisci facere sint ea aliquam architecto.','Corporisdolorveroeius','jacey_upton@balistreri.co.uk',NULL,NULL,'E1XX2U','jacey_upton@balistreri.co.uk',NULL,1,NULL,NULL,0,NULL,NULL),(8,'Etautimpeditsuscipit','Quam suscipit voluptates veritatis modi quos est id.','A facilis veniam delectus dolorem nihil sint.','Etautimpeditsuscipit','randi.schroeder@moenbergnaum.co.uk',NULL,NULL,'MI66WA','randi.schroeder@moenbergnaum.co.uk',NULL,1,NULL,NULL,0,NULL,NULL),(9,'Quosrecusandaequoest','Corrupti assumenda necessitatibus omnis nesciunt.','Debitis esse sit similique.','Quosrecusandaequoest','chad@kiehn.com',NULL,NULL,'X936TK','chad@kiehn.com',NULL,1,NULL,NULL,0,NULL,NULL),(10,'Nullafugateneturaliquam','Debitis velit sunt consectetur sint.','Harum totam aperiam quia ut cupiditate.','Nullafugateneturaliquam','bernadine.rogahn@heathcote.com',NULL,NULL,'5TDFTW','bernadine.rogahn@heathcote.com',NULL,1,NULL,NULL,0,NULL,NULL),(11,'Omnisinciduntvelperferendis','Ea quia non voluptatum impedit quia velit.','Molestiae aliquam quis et id exercitationem modi.','Omnisinciduntvelperferendis','lavinia@koepp.info',NULL,NULL,'00LADT','lavinia@koepp.info',NULL,1,NULL,NULL,0,NULL,NULL),(12,'Dignissimoslaboriosamseddolorem','Ut et consequatur quidem.','Molestiae non est minus.','Dignissimoslaboriosamseddolorem','corine@klein.co.uk',NULL,NULL,'SMSS50','corine@klein.co.uk',NULL,1,NULL,NULL,0,NULL,NULL);
/*!40000 ALTER TABLE `inventory_pools` ENABLE KEYS */;
UNLOCK TABLES;

--
-- Table structure for table `inventory_pools_model_groups`
--

DROP TABLE IF EXISTS `inventory_pools_model_groups`;
/*!40101 SET @saved_cs_client     = @@character_set_client */;
/*!40101 SET character_set_client = utf8 */;
CREATE TABLE `inventory_pools_model_groups` (
  `inventory_pool_id` int(11) DEFAULT NULL,
  `model_group_id` int(11) DEFAULT NULL,
  KEY `index_inventory_pools_model_groups_on_inventory_pool_id` (`inventory_pool_id`),
  KEY `index_inventory_pools_model_groups_on_model_group_id` (`model_group_id`),
  CONSTRAINT `inventory_pools_model_groups_model_group_id_fk` FOREIGN KEY (`model_group_id`) REFERENCES `model_groups` (`id`),
  CONSTRAINT `inventory_pools_model_groups_inventory_pool_id_fk` FOREIGN KEY (`inventory_pool_id`) REFERENCES `inventory_pools` (`id`)
) ENGINE=InnoDB DEFAULT CHARSET=utf8 COLLATE=utf8_unicode_ci;
/*!40101 SET character_set_client = @saved_cs_client */;

--
-- Dumping data for table `inventory_pools_model_groups`
--

LOCK TABLES `inventory_pools_model_groups` WRITE;
/*!40000 ALTER TABLE `inventory_pools_model_groups` DISABLE KEYS */;
INSERT INTO `inventory_pools_model_groups` VALUES (1,12),(1,13),(1,14);
/*!40000 ALTER TABLE `inventory_pools_model_groups` ENABLE KEYS */;
UNLOCK TABLES;

--
-- Table structure for table `items`
--

DROP TABLE IF EXISTS `items`;
/*!40101 SET @saved_cs_client     = @@character_set_client */;
/*!40101 SET character_set_client = utf8 */;
CREATE TABLE `items` (
  `id` int(11) NOT NULL AUTO_INCREMENT,
  `inventory_code` varchar(255) COLLATE utf8_unicode_ci DEFAULT NULL,
  `serial_number` varchar(255) COLLATE utf8_unicode_ci DEFAULT NULL,
  `model_id` int(11) DEFAULT NULL,
  `location_id` int(11) DEFAULT NULL,
  `supplier_id` int(11) DEFAULT NULL,
  `owner_id` int(11) NOT NULL,
  `parent_id` int(11) DEFAULT NULL,
  `invoice_number` varchar(255) COLLATE utf8_unicode_ci DEFAULT NULL,
  `invoice_date` date DEFAULT NULL,
  `last_check` date DEFAULT NULL,
  `retired` date DEFAULT NULL,
  `retired_reason` varchar(255) COLLATE utf8_unicode_ci DEFAULT NULL,
  `price` decimal(8,2) DEFAULT NULL,
  `is_broken` tinyint(1) DEFAULT '0',
  `is_incomplete` tinyint(1) DEFAULT '0',
  `is_borrowable` tinyint(1) DEFAULT '0',
  `needs_permission` tinyint(1) DEFAULT '0',
  `inventory_pool_id` int(11) NOT NULL,
  `is_inventory_relevant` tinyint(1) DEFAULT '0',
  `responsible` varchar(255) COLLATE utf8_unicode_ci DEFAULT NULL,
  `insurance_number` varchar(255) COLLATE utf8_unicode_ci DEFAULT NULL,
  `note` text COLLATE utf8_unicode_ci,
  `name` text COLLATE utf8_unicode_ci,
  `user_name` varchar(255) COLLATE utf8_unicode_ci DEFAULT NULL,
  `properties` varchar(2048) COLLATE utf8_unicode_ci DEFAULT NULL,
  `created_at` datetime DEFAULT NULL,
  `updated_at` datetime DEFAULT NULL,
  PRIMARY KEY (`id`),
  UNIQUE KEY `index_items_on_inventory_code` (`inventory_code`),
  KEY `index_items_on_inventory_pool_id` (`inventory_pool_id`),
  KEY `index_items_on_retired` (`retired`),
  KEY `index_items_on_is_borrowable` (`is_borrowable`),
  KEY `index_items_on_is_broken` (`is_broken`),
  KEY `index_items_on_is_incomplete` (`is_incomplete`),
  KEY `index_items_on_location_id` (`location_id`),
  KEY `index_items_on_owner_id` (`owner_id`),
  KEY `index_items_on_parent_id_and_retired` (`parent_id`,`retired`),
  KEY `index_items_on_model_id_and_retired_and_inventory_pool_id` (`model_id`,`retired`,`inventory_pool_id`),
  KEY `items_supplier_id_fk` (`supplier_id`),
  CONSTRAINT `items_supplier_id_fk` FOREIGN KEY (`supplier_id`) REFERENCES `suppliers` (`id`),
  CONSTRAINT `items_inventory_pool_id_fk` FOREIGN KEY (`inventory_pool_id`) REFERENCES `inventory_pools` (`id`),
  CONSTRAINT `items_location_id_fk` FOREIGN KEY (`location_id`) REFERENCES `locations` (`id`),
  CONSTRAINT `items_model_id_fk` FOREIGN KEY (`model_id`) REFERENCES `models` (`id`),
  CONSTRAINT `items_owner_id_fk` FOREIGN KEY (`owner_id`) REFERENCES `inventory_pools` (`id`),
  CONSTRAINT `items_parent_id_fk` FOREIGN KEY (`parent_id`) REFERENCES `items` (`id`) ON DELETE SET NULL
) ENGINE=InnoDB AUTO_INCREMENT=286 DEFAULT CHARSET=utf8 COLLATE=utf8_unicode_ci;
/*!40101 SET character_set_client = @saved_cs_client */;

--
-- Dumping data for table `items`
--

LOCK TABLES `items` WRITE;
/*!40000 ALTER TABLE `items` DISABLE KEYS */;
INSERT INTO `items` VALUES (1,'o1ztk1qlwigdt4v10whd1','72:24:6d:3a:31:0e-c5:29:0e:b3:af:a1-69:69:c2:8a:af:76',24,NULL,1,1,NULL,NULL,'2012-05-03','2015-02-05',NULL,NULL,'204.00',0,0,1,0,1,1,NULL,NULL,NULL,NULL,NULL,'--- !ruby/hash:ActiveSupport::HashWithIndifferentAccess\nanschaffungskategorie: AV-Technik\nreference: invoice\numzug: zgeln\nankunftszustand: intakt\n','2015-02-05 07:50:18','2015-02-05 07:50:18'),(2,'q6mrzm5x9im2up0zqe7o2','03:76:39:0d:68:0d-67:22:f0:d5:78:bc-25:59:81:e3:69:52',25,NULL,2,1,NULL,NULL,'2011-12-06','2015-02-05',NULL,NULL,'58.00',0,0,1,0,1,1,NULL,NULL,NULL,NULL,NULL,'--- !ruby/hash:ActiveSupport::HashWithIndifferentAccess\nanschaffungskategorie: AV-Technik\nreference: invoice\numzug: zgeln\nankunftszustand: intakt\n','2015-02-05 07:50:18','2015-02-05 07:50:18'),(3,'zor7u9plvsl3zvhny0qa3','80:3d:e2:d4:80:e4-ab:30:b2:28:35:66-26:fd:04:be:ab:cb',26,NULL,3,1,NULL,NULL,'2010-02-08','2015-02-05',NULL,NULL,'674.00',0,0,1,0,1,1,NULL,NULL,NULL,NULL,NULL,'--- !ruby/hash:ActiveSupport::HashWithIndifferentAccess\nanschaffungskategorie: AV-Technik\nreference: invoice\numzug: zgeln\nankunftszustand: intakt\n','2015-02-05 07:50:18','2015-02-05 07:50:18'),(4,'5vwoubpef5njnmiciiir4','23:4d:c5:e8:4a:97-ce:63:aa:ac:a4:64-6f:d2:b3:10:0b:18',27,NULL,4,1,NULL,NULL,'2012-08-23','2015-02-05',NULL,NULL,'807.00',0,0,1,0,1,1,NULL,NULL,NULL,NULL,NULL,'--- !ruby/hash:ActiveSupport::HashWithIndifferentAccess\nanschaffungskategorie: AV-Technik\nreference: invoice\numzug: zgeln\nankunftszustand: intakt\n','2015-02-05 07:50:18','2015-02-05 07:50:18'),(5,'rin39i6eal4h1wwzhdhg5','3f:03:3d:da:aa:69-5b:51:53:e8:34:e9-f6:71:b4:77:dd:ab',28,NULL,5,1,NULL,NULL,'2013-08-25','2015-02-05',NULL,NULL,'1296.00',0,0,1,0,1,1,NULL,NULL,NULL,NULL,NULL,'--- !ruby/hash:ActiveSupport::HashWithIndifferentAccess\nanschaffungskategorie: AV-Technik\nreference: invoice\numzug: zgeln\nankunftszustand: intakt\n','2015-02-05 07:50:18','2015-02-05 07:50:18'),(6,'rgao7udq13wa0lv1j97u6','85:7c:b7:92:14:ae-ac:4a:27:bd:e1:2a-b9:c2:94:52:41:ee',29,NULL,6,1,NULL,NULL,'2010-06-06','2015-02-05',NULL,NULL,'391.00',0,0,1,0,1,1,NULL,NULL,NULL,NULL,NULL,'--- !ruby/hash:ActiveSupport::HashWithIndifferentAccess\nanschaffungskategorie: AV-Technik\nreference: invoice\numzug: zgeln\nankunftszustand: intakt\n','2015-02-05 07:50:18','2015-02-05 07:50:18'),(7,'sawxjj1rkhf6kpmcmndm7','2f:7a:69:8f:88:95-ad:4f:53:e3:a4:a2-58:e1:b7:6c:3f:fd',30,NULL,7,1,NULL,NULL,'2014-12-26','2015-02-05',NULL,NULL,'162.00',0,0,1,0,1,1,NULL,NULL,NULL,NULL,NULL,'--- !ruby/hash:ActiveSupport::HashWithIndifferentAccess\nanschaffungskategorie: AV-Technik\nreference: invoice\numzug: zgeln\nankunftszustand: intakt\n','2015-02-05 07:50:18','2015-02-05 07:50:18'),(8,'ja30ndlbgc5agw9ubivm8','b0:af:06:84:73:a8-00:ea:21:29:ed:b7-07:8c:18:94:ae:09',31,NULL,8,1,NULL,NULL,'2011-01-11','2015-02-05',NULL,NULL,'384.00',0,0,1,0,1,1,NULL,NULL,NULL,NULL,NULL,'--- !ruby/hash:ActiveSupport::HashWithIndifferentAccess\nanschaffungskategorie: AV-Technik\nreference: invoice\numzug: zgeln\nankunftszustand: intakt\n','2015-02-05 07:50:18','2015-02-05 07:50:18'),(9,'klxw735w1vabw9bpjuj39','16:e1:22:85:ad:ce-e3:d0:15:64:d3:e6-9b:fd:ef:6e:03:24',32,NULL,9,1,NULL,NULL,'2011-01-31','2015-02-05',NULL,NULL,'290.00',0,0,1,0,1,1,NULL,NULL,NULL,NULL,NULL,'--- !ruby/hash:ActiveSupport::HashWithIndifferentAccess\nanschaffungskategorie: AV-Technik\nreference: invoice\numzug: zgeln\nankunftszustand: intakt\n','2015-02-05 07:50:18','2015-02-05 07:50:18'),(10,'ar2kl5r9j8du78cha2wz10','15:0a:bf:70:26:bd-f1:ee:f3:5d:dc:28-d4:20:61:00:cc:07',33,NULL,10,1,NULL,NULL,'2012-11-07','2015-02-05',NULL,NULL,'416.00',0,0,1,0,1,1,NULL,NULL,NULL,NULL,NULL,'--- !ruby/hash:ActiveSupport::HashWithIndifferentAccess\nanschaffungskategorie: AV-Technik\nreference: invoice\numzug: zgeln\nankunftszustand: intakt\n','2015-02-05 07:50:18','2015-02-05 07:50:18'),(11,'qkh0473ddkew60xa33ua11','01:5d:6b:46:13:65-47:82:ff:58:e0:b0-ee:59:e8:f0:49:14',34,NULL,11,1,NULL,NULL,'2012-03-12','2015-02-05',NULL,NULL,'607.00',0,0,1,0,1,1,NULL,NULL,NULL,NULL,NULL,'--- !ruby/hash:ActiveSupport::HashWithIndifferentAccess\nanschaffungskategorie: AV-Technik\nreference: invoice\numzug: zgeln\nankunftszustand: intakt\n','2015-02-05 07:50:18','2015-02-05 07:50:18'),(12,'iy38obg7tywctghd9ly412','3a:1f:74:cd:e4:9f-ed:46:55:dd:06:45-8d:93:ed:74:d6:0e',35,NULL,12,1,NULL,NULL,'2011-05-14','2015-02-05',NULL,NULL,'985.00',0,0,1,0,1,1,NULL,NULL,NULL,NULL,NULL,'--- !ruby/hash:ActiveSupport::HashWithIndifferentAccess\nanschaffungskategorie: AV-Technik\nreference: invoice\numzug: zgeln\nankunftszustand: intakt\n','2015-02-05 07:50:18','2015-02-05 07:50:18'),(13,'18vno7hicgi9ccmby9b413','17:07:87:d6:23:e0-5b:5a:4c:50:72:6e-1a:9f:9b:f5:39:c1',36,NULL,13,1,NULL,NULL,'2012-03-03','2015-02-05',NULL,NULL,'719.00',0,0,1,0,1,1,NULL,NULL,NULL,NULL,NULL,'--- !ruby/hash:ActiveSupport::HashWithIndifferentAccess\nanschaffungskategorie: AV-Technik\nreference: invoice\numzug: zgeln\nankunftszustand: intakt\n','2015-02-05 07:50:18','2015-02-05 07:50:18'),(14,'npqo4i4nl3ya9x1a9w1u14','f5:f3:e3:ca:db:d7-a7:a5:c0:3d:93:5d-72:a2:0f:7c:ed:3e',37,NULL,14,1,NULL,NULL,'2012-01-27','2015-02-05',NULL,NULL,'1216.00',0,0,1,0,1,1,NULL,NULL,NULL,NULL,NULL,'--- !ruby/hash:ActiveSupport::HashWithIndifferentAccess\nanschaffungskategorie: AV-Technik\nreference: invoice\numzug: zgeln\nankunftszustand: intakt\n','2015-02-05 07:50:18','2015-02-05 07:50:18'),(15,'up9amriywpjfr00yxn9u15','f4:c9:65:98:9f:4b-1f:03:f3:2f:61:4b-ed:14:30:c6:19:87',38,NULL,15,1,NULL,NULL,'2012-08-06','2015-02-05',NULL,NULL,'714.00',0,0,1,0,1,1,NULL,NULL,NULL,NULL,NULL,'--- !ruby/hash:ActiveSupport::HashWithIndifferentAccess\nanschaffungskategorie: AV-Technik\nreference: invoice\numzug: zgeln\nankunftszustand: intakt\n','2015-02-05 07:50:18','2015-02-05 07:50:18'),(16,'yfoqv8fyrj8w8eyy8h1n16','c8:82:8e:6a:b2:4b-8d:10:aa:41:1d:c2-4e:2c:5f:4b:53:56',39,NULL,16,1,NULL,NULL,'2012-01-02','2015-02-05',NULL,NULL,'454.00',0,0,1,0,1,1,NULL,NULL,NULL,NULL,NULL,'--- !ruby/hash:ActiveSupport::HashWithIndifferentAccess\nanschaffungskategorie: AV-Technik\nreference: invoice\numzug: zgeln\nankunftszustand: intakt\n','2015-02-05 07:50:18','2015-02-05 07:50:18'),(17,'70yobm17zytppv961k7117','ba:3f:26:3d:0d:a2-6d:f8:1e:c2:e9:c5-b8:ff:3c:91:5c:f5',40,NULL,17,1,NULL,NULL,'2014-01-06','2015-02-05',NULL,NULL,'815.00',0,0,1,0,1,1,NULL,NULL,NULL,NULL,NULL,'--- !ruby/hash:ActiveSupport::HashWithIndifferentAccess\nanschaffungskategorie: AV-Technik\nreference: invoice\numzug: zgeln\nankunftszustand: intakt\n','2015-02-05 07:50:18','2015-02-05 07:50:18'),(18,'7mp2fzvi38u62c4hhmvi18','90:25:75:b4:1b:71-f8:c6:c4:3c:26:8a-c5:a4:42:4b:8e:61',41,NULL,18,1,NULL,NULL,'2013-01-08','2015-02-05',NULL,NULL,'1042.00',0,0,1,0,1,1,NULL,NULL,NULL,NULL,NULL,'--- !ruby/hash:ActiveSupport::HashWithIndifferentAccess\nanschaffungskategorie: AV-Technik\nreference: invoice\numzug: zgeln\nankunftszustand: intakt\n','2015-02-05 07:50:18','2015-02-05 07:50:18'),(19,'80jt0zssgakiwq9d3c3s19','85:bf:c6:ba:90:4e-fa:db:a6:f1:8c:f8-53:cd:2c:e5:52:61',42,NULL,19,1,NULL,NULL,'2010-10-17','2015-02-05',NULL,NULL,'1042.00',0,0,1,0,1,1,NULL,NULL,NULL,NULL,NULL,'--- !ruby/hash:ActiveSupport::HashWithIndifferentAccess\nanschaffungskategorie: AV-Technik\nreference: invoice\numzug: zgeln\nankunftszustand: intakt\n','2015-02-05 07:50:18','2015-02-05 07:50:18'),(20,'lbif0hibp81lzqhv68kc20','9d:b6:65:86:51:2e-ee:ea:10:76:66:42-d1:f1:6a:3c:f7:fc',43,NULL,20,1,NULL,NULL,'2011-02-04','2015-02-05',NULL,NULL,'396.00',0,0,1,0,1,1,NULL,NULL,NULL,NULL,NULL,'--- !ruby/hash:ActiveSupport::HashWithIndifferentAccess\nanschaffungskategorie: AV-Technik\nreference: invoice\numzug: zgeln\nankunftszustand: intakt\n','2015-02-05 07:50:18','2015-02-05 07:50:18'),(21,'idr52ivo9dibzxregwnt21','4f:df:74:9f:eb:d5-e7:66:9c:41:25:b4-32:ba:a3:f4:21:25',44,NULL,21,1,NULL,NULL,'2010-08-09','2015-02-05',NULL,NULL,'973.00',0,0,1,0,1,1,NULL,NULL,NULL,NULL,NULL,'--- !ruby/hash:ActiveSupport::HashWithIndifferentAccess\nanschaffungskategorie: AV-Technik\nreference: invoice\numzug: zgeln\nankunftszustand: intakt\n','2015-02-05 07:50:18','2015-02-05 07:50:18'),(22,'ll6bey53up1gpqbl7ghy22','2d:81:8a:f4:81:64-2d:c1:8b:eb:80:50-e7:b1:82:df:31:db',45,NULL,22,1,NULL,NULL,'2014-02-05','2015-02-05',NULL,NULL,'258.00',0,0,1,0,1,1,NULL,NULL,NULL,NULL,NULL,'--- !ruby/hash:ActiveSupport::HashWithIndifferentAccess\nanschaffungskategorie: AV-Technik\nreference: invoice\numzug: zgeln\nankunftszustand: intakt\n','2015-02-05 07:50:18','2015-02-05 07:50:18'),(23,'inofhcvsxvda0mh232jm23','39:dc:ea:d8:6e:0c-91:c5:e5:ec:d9:d6-3f:a7:98:36:d6:7d',46,NULL,23,1,NULL,NULL,'2014-12-06','2015-02-05',NULL,NULL,'10.00',0,0,1,0,1,1,NULL,NULL,NULL,NULL,NULL,'--- !ruby/hash:ActiveSupport::HashWithIndifferentAccess\nanschaffungskategorie: AV-Technik\nreference: invoice\numzug: zgeln\nankunftszustand: intakt\n','2015-02-05 07:50:18','2015-02-05 07:50:18'),(24,'jqqwc2ciqdegui3y0o3r24','4a:15:2a:25:e8:5e-cd:95:2f:12:90:f9-bb:5a:5d:54:3e:15',47,NULL,24,1,NULL,NULL,'2010-04-10','2015-02-05',NULL,NULL,'905.00',0,0,1,0,1,1,NULL,NULL,NULL,NULL,NULL,'--- !ruby/hash:ActiveSupport::HashWithIndifferentAccess\nanschaffungskategorie: AV-Technik\nreference: invoice\numzug: zgeln\nankunftszustand: intakt\n','2015-02-05 07:50:18','2015-02-05 07:50:18'),(25,'16kkal3m9crank0jsr5225','48:18:be:78:5b:aa-02:a7:17:cf:f4:20-82:01:7d:d9:66:3e',48,NULL,25,1,NULL,NULL,'2012-04-13','2015-02-05',NULL,NULL,'1155.00',0,0,1,0,1,1,NULL,NULL,NULL,NULL,NULL,'--- !ruby/hash:ActiveSupport::HashWithIndifferentAccess\nanschaffungskategorie: AV-Technik\nreference: invoice\numzug: zgeln\nankunftszustand: intakt\n','2015-02-05 07:50:18','2015-02-05 07:50:18'),(26,'yg7e0kx4tv1ujrmbcjpc26','cc:82:5e:af:92:9d-de:9f:9a:52:8d:ce-60:bc:04:89:5d:03',49,NULL,26,1,NULL,NULL,'2010-07-20','2015-02-05',NULL,NULL,'1487.00',0,0,1,0,1,1,NULL,NULL,NULL,NULL,NULL,'--- !ruby/hash:ActiveSupport::HashWithIndifferentAccess\nanschaffungskategorie: AV-Technik\nreference: invoice\numzug: zgeln\nankunftszustand: intakt\n','2015-02-05 07:50:18','2015-02-05 07:50:18'),(27,'xyhwiivg201vl7imu2dt27','44:1d:1d:00:0e:82-2d:de:4d:4e:84:ca-34:0d:5e:5b:a5:8a',50,NULL,27,1,NULL,NULL,'2012-03-10','2015-02-05',NULL,NULL,'1170.00',0,0,1,0,1,1,NULL,NULL,NULL,NULL,NULL,'--- !ruby/hash:ActiveSupport::HashWithIndifferentAccess\nanschaffungskategorie: AV-Technik\nreference: invoice\numzug: zgeln\nankunftszustand: intakt\n','2015-02-05 07:50:18','2015-02-05 07:50:18'),(28,'2l7gl0g5li3ptp0fazl328','9e:f0:e2:9c:d7:44-9a:7a:8d:7e:ff:cf-cc:8e:bd:6d:5d:6d',51,NULL,28,1,NULL,NULL,'2014-01-19','2015-02-05',NULL,NULL,'1261.00',0,0,1,0,1,1,NULL,NULL,NULL,NULL,NULL,'--- !ruby/hash:ActiveSupport::HashWithIndifferentAccess\nanschaffungskategorie: AV-Technik\nreference: invoice\numzug: zgeln\nankunftszustand: intakt\n','2015-02-05 07:50:18','2015-02-05 07:50:18'),(29,'bgqrgs2z5ra02iltiw6p29','2e:b4:c0:34:f9:c5-c5:71:18:9b:38:95-3e:f2:65:6b:a3:73',52,NULL,29,1,NULL,NULL,'2013-01-08','2015-02-05',NULL,NULL,'1452.00',0,0,1,0,1,1,NULL,NULL,NULL,NULL,NULL,'--- !ruby/hash:ActiveSupport::HashWithIndifferentAccess\nanschaffungskategorie: AV-Technik\nreference: invoice\numzug: zgeln\nankunftszustand: intakt\n','2015-02-05 07:50:18','2015-02-05 07:50:18'),(30,'5wg9tjt7euwa2n2qt5ue30','a1:22:26:84:be:6e-73:63:52:e9:58:b3-48:4d:ea:ca:af:55',53,NULL,30,1,NULL,NULL,'2012-08-20','2015-02-05',NULL,NULL,'1241.00',0,0,1,0,1,1,NULL,NULL,NULL,NULL,NULL,'--- !ruby/hash:ActiveSupport::HashWithIndifferentAccess\nanschaffungskategorie: AV-Technik\nreference: invoice\numzug: zgeln\nankunftszustand: intakt\n','2015-02-05 07:50:18','2015-02-05 07:50:18'),(31,'orw2fh5jruvcqhl4w1i831','28:9d:c9:ad:5a:3d-cc:27:bd:45:31:04-88:b3:10:c2:31:6c',54,NULL,31,1,NULL,NULL,'2014-12-07','2015-02-05',NULL,NULL,'1175.00',0,0,1,0,1,1,NULL,NULL,NULL,NULL,NULL,'--- !ruby/hash:ActiveSupport::HashWithIndifferentAccess\nanschaffungskategorie: AV-Technik\nreference: invoice\numzug: zgeln\nankunftszustand: intakt\n','2015-02-05 07:50:18','2015-02-05 07:50:18'),(32,'d46rh3tu2yc95xjbw9j532','d1:fb:bc:5b:1f:b3-32:eb:9f:65:ca:42-f2:fe:4d:84:5f:67',55,NULL,32,1,NULL,NULL,'2010-12-10','2015-02-05',NULL,NULL,'1074.00',0,0,1,0,1,1,NULL,NULL,NULL,NULL,NULL,'--- !ruby/hash:ActiveSupport::HashWithIndifferentAccess\nanschaffungskategorie: AV-Technik\nreference: invoice\numzug: zgeln\nankunftszustand: intakt\n','2015-02-05 07:50:18','2015-02-05 07:50:18'),(33,'m7bmbp12fpb7fjiwt4wk33','43:b2:7f:8e:07:03-d6:b5:11:c3:6a:64-7c:ae:b7:59:11:27',56,NULL,33,1,NULL,NULL,'2014-05-19','2015-02-05',NULL,NULL,'395.00',0,0,1,0,1,1,NULL,NULL,NULL,NULL,NULL,'--- !ruby/hash:ActiveSupport::HashWithIndifferentAccess\nanschaffungskategorie: AV-Technik\nreference: invoice\numzug: zgeln\nankunftszustand: intakt\n','2015-02-05 07:50:18','2015-02-05 07:50:18'),(34,'7kqnpvhpga2yuyezap9w34','38:01:a3:e0:47:38-e9:0a:a7:93:5f:0e-4e:ae:99:62:e9:53',57,NULL,34,1,NULL,NULL,'2010-02-25','2015-02-05',NULL,NULL,'358.00',0,0,1,0,1,1,NULL,NULL,NULL,NULL,NULL,'--- !ruby/hash:ActiveSupport::HashWithIndifferentAccess\nanschaffungskategorie: AV-Technik\nreference: invoice\numzug: zgeln\nankunftszustand: intakt\n','2015-02-05 07:50:18','2015-02-05 07:50:18'),(35,'20zyv0xv5omnaxsm37nw35','25:75:0e:7e:95:7e-e2:0d:3a:74:0c:fa-7e:39:9c:cd:5c:ac',58,NULL,35,1,NULL,NULL,'2010-12-15','2015-02-05',NULL,NULL,'50.00',0,0,1,0,1,1,NULL,NULL,NULL,NULL,NULL,'--- !ruby/hash:ActiveSupport::HashWithIndifferentAccess\nanschaffungskategorie: AV-Technik\nreference: invoice\numzug: zgeln\nankunftszustand: intakt\n','2015-02-05 07:50:18','2015-02-05 07:50:18'),(36,'2rpekycl4hxsbpf8hd3t36','25:35:9b:3e:d0:c9-07:9a:b6:ac:0f:a9-0c:b1:2d:42:61:c0',59,NULL,36,1,NULL,NULL,'2013-06-20','2015-02-05',NULL,NULL,'1366.00',0,0,1,0,1,1,NULL,NULL,NULL,NULL,NULL,'--- !ruby/hash:ActiveSupport::HashWithIndifferentAccess\nanschaffungskategorie: AV-Technik\nreference: invoice\numzug: zgeln\nankunftszustand: intakt\n','2015-02-05 07:50:18','2015-02-05 07:50:18'),(37,'ltrt9w0fdfq280zqtzg537','bf:d0:a6:1d:fb:5d-9a:be:df:95:1e:b4-c0:72:85:64:6c:35',60,NULL,37,1,NULL,NULL,'2011-03-07','2015-02-05',NULL,NULL,'1115.00',0,0,1,0,1,1,NULL,NULL,NULL,NULL,NULL,'--- !ruby/hash:ActiveSupport::HashWithIndifferentAccess\nanschaffungskategorie: AV-Technik\nreference: invoice\numzug: zgeln\nankunftszustand: intakt\n','2015-02-05 07:50:18','2015-02-05 07:50:18'),(38,'cdkv7m3uxaoemycddqe538','b0:ca:9c:12:e7:34-a8:6b:dd:a7:06:47-4f:d2:1a:4d:76:ee',61,NULL,38,1,NULL,NULL,'2014-06-23','2015-02-05',NULL,NULL,'1205.00',0,0,1,0,1,1,NULL,NULL,NULL,NULL,NULL,'--- !ruby/hash:ActiveSupport::HashWithIndifferentAccess\nanschaffungskategorie: AV-Technik\nreference: invoice\numzug: zgeln\nankunftszustand: intakt\n','2015-02-05 07:50:18','2015-02-05 07:50:18'),(39,'k1php3kqs31ea8dyjuwb39','03:86:77:a5:a6:0d-85:ac:d5:4e:47:1b-89:76:b6:30:79:f0',62,NULL,39,1,NULL,NULL,'2014-07-15','2015-02-05',NULL,NULL,'1175.00',0,0,1,0,1,1,NULL,NULL,NULL,NULL,NULL,'--- !ruby/hash:ActiveSupport::HashWithIndifferentAccess\nanschaffungskategorie: AV-Technik\nreference: invoice\numzug: zgeln\nankunftszustand: intakt\n','2015-02-05 07:50:18','2015-02-05 07:50:18'),(40,'4p6z30rmj6u92o0pod7c40','70:43:9a:4d:89:c4-e8:70:71:93:56:4c-65:a2:f8:a0:00:f0',63,NULL,40,1,NULL,NULL,'2012-03-02','2015-02-05',NULL,NULL,'619.00',0,0,1,0,1,1,NULL,NULL,NULL,NULL,NULL,'--- !ruby/hash:ActiveSupport::HashWithIndifferentAccess\nanschaffungskategorie: AV-Technik\nreference: invoice\numzug: zgeln\nankunftszustand: intakt\n','2015-02-05 07:50:18','2015-02-05 07:50:18'),(41,'7uxfka4u1a6y7xrf1acy41','e6:92:8d:a9:c8:e7-34:ef:c7:8c:e3:63-1f:9d:af:6d:22:a7',64,NULL,41,1,NULL,NULL,'2013-07-12','2015-02-05',NULL,NULL,'49.00',0,0,1,0,1,1,NULL,NULL,NULL,NULL,NULL,'--- !ruby/hash:ActiveSupport::HashWithIndifferentAccess\nanschaffungskategorie: AV-Technik\nreference: invoice\numzug: zgeln\nankunftszustand: intakt\n','2015-02-05 07:50:18','2015-02-05 07:50:18'),(42,'5erf4frzlio1yh8bmml442','aa:76:07:fb:8e:46-bf:e2:36:54:e6:12-46:0c:13:af:b0:9d',65,NULL,42,1,NULL,NULL,'2014-02-20','2015-02-05',NULL,NULL,'728.00',0,0,1,0,1,1,NULL,NULL,NULL,NULL,NULL,'--- !ruby/hash:ActiveSupport::HashWithIndifferentAccess\nanschaffungskategorie: AV-Technik\nreference: invoice\numzug: zgeln\nankunftszustand: intakt\n','2015-02-05 07:50:18','2015-02-05 07:50:18'),(43,'120424fcw72zyygnqukj43','3d:f9:bd:d4:69:ce-73:bb:19:65:9c:3d-d1:f4:d6:fe:75:af',66,NULL,43,1,NULL,NULL,'2010-03-31','2015-02-05',NULL,NULL,'975.00',0,0,1,0,1,1,NULL,NULL,NULL,NULL,NULL,'--- !ruby/hash:ActiveSupport::HashWithIndifferentAccess\nanschaffungskategorie: AV-Technik\nreference: invoice\numzug: zgeln\nankunftszustand: intakt\n','2015-02-05 07:50:18','2015-02-05 07:50:18'),(44,'v8hiz71jyd41bkzrnrzr44','69:16:09:9b:d6:12-d9:43:af:4f:a5:c5-e9:62:9a:93:55:c6',67,NULL,44,1,NULL,NULL,'2010-08-16','2015-02-05',NULL,NULL,'1295.00',0,0,1,0,1,1,NULL,NULL,NULL,NULL,NULL,'--- !ruby/hash:ActiveSupport::HashWithIndifferentAccess\nanschaffungskategorie: AV-Technik\nreference: invoice\numzug: zgeln\nankunftszustand: intakt\n','2015-02-05 07:50:18','2015-02-05 07:50:18'),(45,'vly3cx8v5fwnlx2mhy1k45','fa:bb:d0:71:40:9b-5a:08:06:a6:79:71-3b:eb:1b:cd:09:54',68,NULL,45,1,NULL,NULL,'2014-08-12','2015-02-05',NULL,NULL,'542.00',0,0,1,0,1,1,NULL,NULL,NULL,NULL,NULL,'--- !ruby/hash:ActiveSupport::HashWithIndifferentAccess\nanschaffungskategorie: AV-Technik\nreference: invoice\numzug: zgeln\nankunftszustand: intakt\n','2015-02-05 07:50:18','2015-02-05 07:50:18'),(46,'g4z1x26ls83hwc41dj3646','be:69:2d:2b:06:e4-f0:45:68:48:90:53-27:04:93:23:5d:6a',69,NULL,46,1,NULL,NULL,'2014-04-18','2015-02-05',NULL,NULL,'1138.00',0,0,1,0,1,1,NULL,NULL,NULL,NULL,NULL,'--- !ruby/hash:ActiveSupport::HashWithIndifferentAccess\nanschaffungskategorie: AV-Technik\nreference: invoice\numzug: zgeln\nankunftszustand: intakt\n','2015-02-05 07:50:18','2015-02-05 07:50:18'),(47,'01pxjbysy35ao157lgfx47','b7:76:29:1a:90:95-e8:36:52:2b:80:f8-5c:5a:d1:35:4a:f3',70,NULL,47,1,NULL,NULL,'2013-11-21','2015-02-05',NULL,NULL,'761.00',0,0,1,0,1,1,NULL,NULL,NULL,NULL,NULL,'--- !ruby/hash:ActiveSupport::HashWithIndifferentAccess\nanschaffungskategorie: AV-Technik\nreference: invoice\numzug: zgeln\nankunftszustand: intakt\n','2015-02-05 07:50:18','2015-02-05 07:50:18'),(48,'grk2aojsyjrmxqbx31ay48','7b:8b:4e:d4:91:4c-d7:95:10:8a:92:b2-43:f7:82:16:4b:be',71,NULL,48,1,NULL,NULL,'2011-06-14','2015-02-05',NULL,NULL,'204.00',0,0,1,0,1,1,NULL,NULL,NULL,NULL,NULL,'--- !ruby/hash:ActiveSupport::HashWithIndifferentAccess\nanschaffungskategorie: AV-Technik\nreference: invoice\numzug: zgeln\nankunftszustand: intakt\n','2015-02-05 07:50:18','2015-02-05 07:50:18'),(49,'9kza526s590jzbo3xjr949','d5:d6:12:7e:4c:05-6f:13:79:fb:ff:d9-69:db:91:d6:eb:39',72,NULL,49,1,NULL,NULL,'2013-07-05','2015-02-05',NULL,NULL,'807.00',0,0,1,0,1,1,NULL,NULL,NULL,NULL,NULL,'--- !ruby/hash:ActiveSupport::HashWithIndifferentAccess\nanschaffungskategorie: AV-Technik\nreference: invoice\numzug: zgeln\nankunftszustand: intakt\n','2015-02-05 07:50:18','2015-02-05 07:50:18'),(50,'z9tq5k3z1uin460d1c7o50','07:bb:b5:be:24:7e-42:19:c9:ff:42:1b-b9:a2:b9:9c:c3:0e',73,NULL,50,1,NULL,NULL,'2010-11-25','2015-02-05',NULL,NULL,'519.00',0,0,1,0,1,1,NULL,NULL,NULL,NULL,NULL,'--- !ruby/hash:ActiveSupport::HashWithIndifferentAccess\nanschaffungskategorie: AV-Technik\nreference: invoice\numzug: zgeln\nankunftszustand: intakt\n','2015-02-05 07:50:18','2015-02-05 07:50:18'),(51,'book1','book1',1,1,51,2,NULL,NULL,'2014-05-16','2015-02-05',NULL,NULL,'1447.00',0,0,1,0,2,1,NULL,NULL,NULL,NULL,NULL,'--- !ruby/hash:ActiveSupport::HashWithIndifferentAccess\nanschaffungskategorie: AV-Technik\nreference: invoice\numzug: zgeln\nankunftszustand: intakt\n','2015-02-05 07:50:18','2015-02-05 07:50:18'),(52,'book2','book2',1,1,52,2,NULL,NULL,'2011-03-02','2015-02-05',NULL,NULL,'934.00',0,0,1,0,2,1,NULL,NULL,NULL,NULL,NULL,'--- !ruby/hash:ActiveSupport::HashWithIndifferentAccess\nanschaffungskategorie: AV-Technik\nreference: invoice\numzug: zgeln\nankunftszustand: intakt\n','2015-02-05 07:50:18','2015-02-05 07:50:18'),(53,'beam123','xyz456',2,1,53,1,NULL,NULL,'2011-03-06','2015-02-05',NULL,NULL,'118.00',0,0,1,0,1,1,NULL,NULL,NULL,NULL,NULL,'--- !ruby/hash:ActiveSupport::HashWithIndifferentAccess\nanschaffungskategorie: AV-Technik\nreference: invoice\numzug: zgeln\nankunftszustand: intakt\n','2015-02-05 07:50:18','2015-02-05 07:50:18'),(54,'beam345','xyz890',2,1,54,1,NULL,NULL,'2011-06-02','2015-02-05',NULL,NULL,'670.00',0,0,1,0,1,1,NULL,NULL,NULL,NULL,NULL,'--- !ruby/hash:ActiveSupport::HashWithIndifferentAccess\nanschaffungskategorie: AV-Technik\nreference: invoice\numzug: zgeln\nankunftszustand: intakt\n','2015-02-05 07:50:18','2015-02-05 07:50:18'),(55,'beam678','xyz678',3,1,55,1,NULL,NULL,'2012-01-26','2015-02-05',NULL,NULL,'748.00',0,0,1,0,1,1,NULL,NULL,NULL,NULL,NULL,'--- !ruby/hash:ActiveSupport::HashWithIndifferentAccess\nanschaffungskategorie: AV-Technik\nreference: invoice\numzug: zgeln\nankunftszustand: intakt\n','2015-02-05 07:50:18','2015-02-05 07:50:18'),(56,'beam749','xyz749',2,1,56,1,NULL,NULL,'2012-11-06','2015-02-05',NULL,NULL,'1272.00',0,0,1,0,2,1,NULL,NULL,NULL,NULL,NULL,'--- !ruby/hash:ActiveSupport::HashWithIndifferentAccess\nanschaffungskategorie: AV-Technik\nreference: invoice\numzug: zgeln\nankunftszustand: intakt\n','2015-02-05 07:50:18','2015-02-05 07:50:18'),(57,'beamTest123','xyz74912',5,1,57,1,NULL,NULL,'2012-06-21','2015-02-05',NULL,NULL,'465.00',0,0,1,0,1,1,NULL,NULL,NULL,NULL,NULL,'--- !ruby/hash:ActiveSupport::HashWithIndifferentAccess\nanschaffungskategorie: AV-Technik\nreference: invoice\numzug: zgeln\nankunftszustand: intakt\n','2015-02-05 07:50:18','2015-02-05 07:50:18'),(58,'ucbeam1','minbeam1',6,1,58,1,NULL,NULL,'2013-08-01','2015-02-05',NULL,NULL,'511.00',0,0,1,0,1,1,NULL,NULL,NULL,'ucbeam1',NULL,'--- !ruby/hash:ActiveSupport::HashWithIndifferentAccess\nanschaffungskategorie: AV-Technik\nreference: invoice\numzug: zgeln\nankunftszustand: intakt\n','2015-02-05 07:50:18','2015-02-05 07:50:18'),(59,'microbeam1','microbeam1',7,1,59,1,NULL,NULL,'2010-02-18','2015-02-05',NULL,NULL,'477.00',0,0,1,0,1,1,NULL,NULL,NULL,'microbeam1',NULL,'--- !ruby/hash:ActiveSupport::HashWithIndifferentAccess\nanschaffungskategorie: AV-Technik\nreference: invoice\numzug: zgeln\nankunftszustand: intakt\n','2015-02-05 07:50:18','2015-02-05 07:50:18'),(60,'cam123','abc234',8,1,60,1,NULL,NULL,'2011-10-11','2015-02-05',NULL,NULL,'170.00',0,0,1,0,1,1,NULL,NULL,NULL,NULL,NULL,'--- !ruby/hash:ActiveSupport::HashWithIndifferentAccess\nanschaffungskategorie: AV-Technik\nreference: invoice\numzug: zgeln\nankunftszustand: intakt\n','2015-02-05 07:50:18','2015-02-05 07:50:18'),(61,'cam345','ab567',8,1,61,1,NULL,NULL,'2012-12-07','2015-02-05',NULL,NULL,'1185.00',0,0,1,0,1,1,NULL,NULL,NULL,NULL,NULL,'--- !ruby/hash:ActiveSupport::HashWithIndifferentAccess\nanschaffungskategorie: AV-Technik\nreference: invoice\numzug: zgeln\nankunftszustand: intakt\n','2015-02-05 07:50:18','2015-02-05 07:50:18'),(62,'cam567','ab789',8,1,62,1,NULL,NULL,'2014-01-01','2015-02-05',NULL,NULL,'329.00',0,0,1,0,1,1,NULL,NULL,NULL,NULL,NULL,'--- !ruby/hash:ActiveSupport::HashWithIndifferentAccess\nanschaffungskategorie: AV-Technik\nreference: invoice\numzug: zgeln\nankunftszustand: intakt\n','2015-02-05 07:50:18','2015-02-05 07:50:18'),(63,'cam53267','ab782129',8,1,63,1,NULL,NULL,'2010-06-14','2015-02-05',NULL,NULL,'887.00',0,0,1,0,1,1,NULL,NULL,NULL,NULL,NULL,'--- !ruby/hash:ActiveSupport::HashWithIndifferentAccess\nanschaffungskategorie: AV-Technik\nreference: invoice\numzug: zgeln\nankunftszustand: intakt\n','2015-02-05 07:50:18','2015-02-05 07:50:18'),(64,'cam532asd67','ab78as2129',8,1,64,1,NULL,NULL,'2011-12-11','2015-02-05',NULL,NULL,'1324.00',0,0,1,0,1,1,NULL,NULL,NULL,NULL,NULL,'--- !ruby/hash:ActiveSupport::HashWithIndifferentAccess\nanschaffungskategorie: AV-Technik\nreference: invoice\numzug: zgeln\nankunftszustand: intakt\n','2015-02-05 07:50:18','2015-02-05 07:50:18'),(65,'tri789','fgh567',9,1,65,1,NULL,NULL,'2012-11-01','2015-02-05',NULL,NULL,'1391.00',0,0,1,0,1,1,NULL,NULL,NULL,NULL,NULL,'--- !ruby/hash:ActiveSupport::HashWithIndifferentAccess\nanschaffungskategorie: AV-Technik\nreference: invoice\numzug: zgeln\nankunftszustand: intakt\n','2015-02-05 07:50:18','2015-02-05 07:50:18'),(66,'tri123','fgh987',9,1,66,1,NULL,NULL,'2011-12-29','2015-02-05',NULL,NULL,'951.00',0,0,1,0,1,1,NULL,NULL,NULL,NULL,NULL,'--- !ruby/hash:ActiveSupport::HashWithIndifferentAccess\nanschaffungskategorie: AV-Technik\nreference: invoice\numzug: zgeln\nankunftszustand: intakt\n','2015-02-05 07:50:18','2015-02-05 07:50:18'),(67,'tri923','asd213',9,1,67,1,NULL,NULL,'2013-03-31','2015-02-05',NULL,NULL,'809.00',0,0,1,0,1,1,NULL,NULL,NULL,NULL,NULL,'--- !ruby/hash:ActiveSupport::HashWithIndifferentAccess\nanschaffungskategorie: AV-Technik\nreference: invoice\numzug: zgeln\nankunftszustand: intakt\n','2015-02-05 07:50:18','2015-02-05 07:50:18'),(68,'tri212','tri212',9,1,68,1,NULL,NULL,'2010-03-31','2015-02-05',NULL,NULL,'575.00',0,0,1,0,1,1,NULL,NULL,NULL,NULL,NULL,'--- !ruby/hash:ActiveSupport::HashWithIndifferentAccess\nanschaffungskategorie: AV-Technik\nreference: invoice\numzug: zgeln\nankunftszustand: intakt\n','2015-02-05 07:50:18','2015-02-05 07:50:18'),(69,'hifi123','hifi123',10,1,69,1,NULL,NULL,'2011-07-02','2015-02-05',NULL,NULL,'1242.00',0,0,1,0,1,1,NULL,NULL,NULL,NULL,NULL,'--- !ruby/hash:ActiveSupport::HashWithIndifferentAccess\nanschaffungskategorie: AV-Technik\nreference: invoice\numzug: zgeln\nankunftszustand: intakt\n','2015-02-05 07:50:18','2015-02-05 07:50:18'),(70,'bose123','bose123',12,1,70,1,NULL,NULL,'2012-02-02','2015-02-05',NULL,NULL,'1041.00',0,0,1,0,1,1,NULL,NULL,NULL,NULL,NULL,'--- !ruby/hash:ActiveSupport::HashWithIndifferentAccess\nanschaffungskategorie: AV-Technik\nreference: invoice\numzug: zgeln\nankunftszustand: intakt\n','2015-02-05 07:50:18','2015-02-05 07:50:18'),(71,'cand5','cand5',8,1,71,1,NULL,NULL,'2010-04-26','2015-02-05',NULL,NULL,'250.00',0,0,0,0,1,1,NULL,NULL,NULL,NULL,NULL,'--- !ruby/hash:ActiveSupport::HashWithIndifferentAccess\nanschaffungskategorie: AV-Technik\nreference: invoice\numzug: zgeln\nankunftszustand: intakt\n','2015-02-05 07:50:18','2015-02-05 07:50:18'),(72,'beam21231','beamas12312',2,1,72,1,NULL,NULL,'2012-11-05','2015-02-05',NULL,NULL,'92.00',0,0,0,0,1,1,NULL,NULL,NULL,NULL,NULL,'--- !ruby/hash:ActiveSupport::HashWithIndifferentAccess\nanschaffungskategorie: AV-Technik\nreference: invoice\numzug: zgeln\nankunftszustand: intakt\n','2015-02-05 07:50:18','2015-02-05 07:50:18'),(73,'hifi345','hifi345',10,1,73,1,NULL,NULL,'2010-06-07','2015-02-05',NULL,NULL,'1423.00',0,0,0,0,1,1,NULL,NULL,NULL,NULL,NULL,'--- !ruby/hash:ActiveSupport::HashWithIndifferentAccess\nanschaffungskategorie: AV-Technik\nreference: invoice\numzug: zgeln\nankunftszustand: intakt\n','2015-02-05 07:50:18','2015-02-05 07:50:18'),(74,'wlaptop1','wlaptop1',14,1,74,1,NULL,NULL,'2012-02-21','2015-02-05',NULL,NULL,'1337.00',1,0,1,0,1,1,NULL,NULL,NULL,NULL,NULL,'--- !ruby/hash:ActiveSupport::HashWithIndifferentAccess\nanschaffungskategorie: AV-Technik\nreference: invoice\numzug: zgeln\nankunftszustand: intakt\n','2015-02-05 07:50:18','2015-02-05 07:50:18'),(75,'v120d02','v120d02',15,1,75,1,NULL,NULL,'2012-01-30','2015-02-05',NULL,NULL,'678.00',0,1,1,0,1,1,NULL,NULL,NULL,NULL,NULL,'--- !ruby/hash:ActiveSupport::HashWithIndifferentAccess\nanschaffungskategorie: AV-Technik\nreference: invoice\numzug: zgeln\nankunftszustand: intakt\n','2015-02-05 07:50:18','2015-02-05 07:50:18'),(76,'v120d11','v120d11',15,NULL,76,1,NULL,NULL,'2011-05-12','2015-02-05','2015-02-05','Dolore aliquam officia et aut exercitationem dolores.','741.00',1,1,0,0,1,1,NULL,NULL,NULL,NULL,NULL,'--- !ruby/hash:ActiveSupport::HashWithIndifferentAccess\nanschaffungskategorie: AV-Technik\nreference: invoice\numzug: zgeln\nankunftszustand: intakt\n','2015-02-05 07:50:18','2015-02-05 07:50:18'),(77,'v120d022g','v120d022g',16,1,77,1,NULL,NULL,'2014-02-17','2015-02-05',NULL,NULL,'811.00',0,0,1,0,1,1,NULL,NULL,NULL,NULL,NULL,'--- !ruby/hash:ActiveSupport::HashWithIndifferentAccess\nanschaffungskategorie: AV-Technik\nreference: invoice\numzug: zgeln\nankunftszustand: intakt\n','2015-02-05 07:50:18','2015-02-05 07:50:18'),(78,'v120d022g2','v120d022g2',16,1,78,1,NULL,NULL,'2010-07-03','2015-02-05',NULL,NULL,'1499.00',0,0,1,0,1,1,NULL,NULL,NULL,NULL,NULL,'--- !ruby/hash:ActiveSupport::HashWithIndifferentAccess\nanschaffungskategorie: AV-Technik\nreference: invoice\numzug: zgeln\nankunftszustand: intakt\n','2015-02-05 07:50:18','2015-02-05 07:50:18'),(79,'iMac1','iMac1',18,1,79,1,NULL,NULL,'2013-06-02','2015-02-05','2015-02-05','This item is gone.','1491.00',0,0,1,0,1,1,NULL,NULL,NULL,NULL,NULL,'--- !ruby/hash:ActiveSupport::HashWithIndifferentAccess\nanschaffungskategorie: AV-Technik\nreference: invoice\numzug: zgeln\nankunftszustand: intakt\n','2015-02-05 07:50:18','2015-02-05 07:50:18'),(80,'iMac2','iMac2',18,1,80,3,NULL,NULL,'2011-05-12','2015-02-05','2015-02-05','This item is gone.','913.00',0,0,1,0,1,1,NULL,NULL,NULL,NULL,NULL,'--- !ruby/hash:ActiveSupport::HashWithIndifferentAccess\nanschaffungskategorie: AV-Technik\nreference: invoice\numzug: zgeln\nankunftszustand: intakt\n','2015-02-05 07:50:18','2015-02-05 07:50:18'),(81,'lpv3yc','lpv3yc',11,1,81,1,NULL,NULL,'2011-10-04','2015-02-05','2015-02-05','This item is gone.','1172.00',0,0,1,0,1,1,NULL,NULL,NULL,NULL,NULL,'--- !ruby/hash:ActiveSupport::HashWithIndifferentAccess\nanschaffungskategorie: AV-Technik\nreference: invoice\numzug: zgeln\nankunftszustand: intakt\n','2015-02-05 07:50:18','2015-02-05 07:50:18'),(82,'6cxjcs','6cxjcs',11,1,82,1,NULL,NULL,'2011-01-22','2015-02-05','2015-02-05','This item is gone.','1372.00',0,0,1,0,1,1,NULL,NULL,NULL,NULL,NULL,'--- !ruby/hash:ActiveSupport::HashWithIndifferentAccess\nanschaffungskategorie: AV-Technik\nreference: invoice\numzug: zgeln\nankunftszustand: intakt\n','2015-02-05 07:50:18','2015-02-05 07:50:18'),(83,'beam897','beam897',2,1,83,2,NULL,NULL,'2014-01-09','2015-02-05',NULL,NULL,'226.00',0,0,1,0,2,1,NULL,NULL,NULL,NULL,NULL,'--- !ruby/hash:ActiveSupport::HashWithIndifferentAccess\nanschaffungskategorie: AV-Technik\nreference: invoice\numzug: zgeln\nankunftszustand: intakt\n','2015-02-05 07:50:18','2015-02-05 07:50:18'),(84,'minibeam12','minibeam12',4,1,84,2,NULL,NULL,'2011-09-08','2015-02-05',NULL,NULL,'103.00',0,0,1,0,2,1,NULL,NULL,NULL,NULL,NULL,'--- !ruby/hash:ActiveSupport::HashWithIndifferentAccess\nanschaffungskategorie: AV-Technik\nreference: invoice\numzug: zgeln\nankunftszustand: intakt\n','2015-02-05 07:50:18','2015-02-05 07:50:18'),(85,'minibeam34','minibeam34',4,1,85,3,NULL,NULL,'2013-03-03','2015-02-05',NULL,NULL,'1184.00',0,0,1,0,3,1,NULL,NULL,NULL,NULL,NULL,'--- !ruby/hash:ActiveSupport::HashWithIndifferentAccess\nanschaffungskategorie: AV-Technik\nreference: invoice\numzug: zgeln\nankunftszustand: intakt\n','2015-02-05 07:50:18','2015-02-05 07:50:18'),(86,'minibeam56','minibeam56',4,1,86,1,NULL,NULL,'2014-10-13','2015-02-05','2015-02-05','Eos ea rerum eius.','898.00',0,0,1,0,1,1,NULL,NULL,NULL,NULL,NULL,'--- !ruby/hash:ActiveSupport::HashWithIndifferentAccess\nanschaffungskategorie: AV-Technik\nreference: invoice\numzug: zgeln\nankunftszustand: intakt\n','2015-02-05 07:50:18','2015-02-05 07:50:18'),(87,'minibeam78','minibeam78',4,1,87,2,NULL,NULL,'2011-03-18','2015-02-05',NULL,NULL,'1432.00',0,0,1,0,2,1,NULL,NULL,NULL,NULL,NULL,'--- !ruby/hash:ActiveSupport::HashWithIndifferentAccess\nanschaffungskategorie: AV-Technik\nreference: invoice\numzug: zgeln\nankunftszustand: intakt\n','2015-02-05 07:50:18','2015-02-05 07:50:18'),(88,'air123','air123',19,1,88,1,NULL,NULL,'2014-01-07','2015-02-05',NULL,NULL,'1127.00',0,0,1,0,1,1,NULL,NULL,NULL,NULL,NULL,'--- !ruby/hash:ActiveSupport::HashWithIndifferentAccess\nanschaffungskategorie: AV-Technik\nreference: invoice\numzug: zgeln\nankunftszustand: intakt\n','2015-02-05 07:50:18','2015-02-05 07:50:18'),(89,'tp230','tp230',20,1,89,1,NULL,NULL,'2010-09-25','2015-02-05',NULL,NULL,'1285.00',0,0,1,0,1,1,NULL,NULL,NULL,NULL,NULL,'--- !ruby/hash:ActiveSupport::HashWithIndifferentAccess\nanschaffungskategorie: AV-Technik\nreference: invoice\numzug: zgeln\nankunftszustand: intakt\n','2015-02-05 07:50:18','2015-02-05 07:50:18'),(90,'tp301','tp301',21,1,90,1,NULL,NULL,'2014-01-10','2015-02-05',NULL,NULL,'180.00',0,0,1,0,1,1,NULL,NULL,NULL,NULL,NULL,'--- !ruby/hash:ActiveSupport::HashWithIndifferentAccess\nanschaffungskategorie: AV-Technik\nreference: invoice\numzug: zgeln\nankunftszustand: intakt\n','2015-02-05 07:50:18','2015-02-05 07:50:18'),(91,'carbon1','carbon1',22,1,91,1,NULL,NULL,'2013-05-25','2015-02-05',NULL,NULL,'59.00',0,0,1,0,1,1,NULL,NULL,NULL,NULL,NULL,'--- !ruby/hash:ActiveSupport::HashWithIndifferentAccess\nanschaffungskategorie: AV-Technik\nreference: invoice\numzug: zgeln\nankunftszustand: intakt\n','2015-02-05 07:50:18','2015-02-05 07:50:18'),(92,'carbon2','carbon2',22,1,92,1,NULL,NULL,'2014-07-01','2015-02-05',NULL,NULL,'310.00',0,0,1,0,1,1,NULL,NULL,NULL,NULL,NULL,'--- !ruby/hash:ActiveSupport::HashWithIndifferentAccess\nanschaffungskategorie: AV-Technik\nreference: invoice\numzug: zgeln\nankunftszustand: intakt\n','2015-02-05 07:50:18','2015-02-05 07:50:18'),(93,'inspiron1','inspiron1',23,1,93,1,NULL,NULL,'2012-09-12','2015-02-05',NULL,NULL,'212.00',0,0,1,0,1,1,NULL,NULL,NULL,NULL,NULL,'--- !ruby/hash:ActiveSupport::HashWithIndifferentAccess\nanschaffungskategorie: AV-Technik\nreference: invoice\numzug: zgeln\nankunftszustand: intakt\n','2015-02-05 07:50:18','2015-02-05 07:50:18'),(94,'A9',NULL,1,1,94,1,NULL,NULL,'2010-09-04','2015-02-05',NULL,NULL,'1055.00',0,0,1,0,2,1,NULL,NULL,NULL,NULL,NULL,'--- !ruby/hash:ActiveSupport::HashWithIndifferentAccess\nanschaffungskategorie: AV-Technik\nreference: invoice\numzug: zgeln\nankunftszustand: intakt\n','2015-02-05 07:50:18','2015-02-05 07:50:18'),(95,'xhe5gkupyfvvsf5ggv5a51','e6:46:ee:99:cd:09-03:4b:0d:f6:f7:f7-8f:28:22:cf:e2:14',76,NULL,NULL,1,NULL,NULL,NULL,NULL,NULL,NULL,NULL,0,0,0,0,1,0,NULL,NULL,NULL,NULL,NULL,'--- !ruby/hash:ActiveSupport::HashWithIndifferentAccess\nlicense_type: single_workplace\nactivation_type: serial_number\noperating_system:\n- windows\n- linux\ninstallation:\n- citrix\n- web\nreference: invoice\nmaintenance_contract: \'false\'\nmaintenance_currency: CHF\n','2015-02-05 07:50:18','2015-02-05 07:50:18'),(96,'u0exmad0ulvtiml0lkg952','06:bf:0a:b1:9e:82-27:10:bc:8e:3b:d8-2a:1f:53:0f:bd:71',77,NULL,NULL,1,NULL,NULL,NULL,NULL,NULL,NULL,NULL,0,0,1,0,1,0,NULL,NULL,NULL,NULL,NULL,'--- !ruby/hash:ActiveSupport::HashWithIndifferentAccess\nlicense_type: single_workplace\nactivation_type: serial_number\noperating_system:\n- windows\n- linux\ninstallation:\n- citrix\n- web\nreference: invoice\nmaintenance_contract: \'false\'\nmaintenance_currency: CHF\n','2015-02-05 07:50:18','2015-02-05 07:50:18'),(97,'310r8nspad6mr7yuepw653','11:16:e3:5e:c3:ef-5a:07:fb:cf:d0:13-c8:a0:92:9a:20:c8',78,NULL,NULL,1,NULL,NULL,NULL,NULL,NULL,NULL,NULL,0,0,0,0,1,0,NULL,NULL,NULL,NULL,NULL,'--- !ruby/hash:ActiveSupport::HashWithIndifferentAccess\nlicense_type: single_workplace\nactivation_type: serial_number\noperating_system:\n- windows\n- linux\ninstallation:\n- citrix\n- web\nreference: invoice\nmaintenance_contract: \'false\'\nmaintenance_currency: CHF\n','2015-02-05 07:50:18','2015-02-05 07:50:18'),(98,'j1kxvr348s58bb49xu8z54','b1:7e:75:2d:1c:95-ab:25:79:b2:64:0a-fc:50:03:66:ce:05',79,NULL,NULL,1,NULL,NULL,NULL,NULL,NULL,NULL,NULL,0,0,0,0,1,0,NULL,NULL,NULL,NULL,NULL,'--- !ruby/hash:ActiveSupport::HashWithIndifferentAccess\nlicense_type: single_workplace\nactivation_type: serial_number\noperating_system:\n- windows\n- linux\ninstallation:\n- citrix\n- web\nreference: invoice\nmaintenance_contract: \'false\'\nmaintenance_currency: CHF\n','2015-02-05 07:50:18','2015-02-05 07:50:18'),(99,'1m1ba19190cetqewnfaq55','e3:fd:40:38:6a:84-ea:1e:7c:df:92:de-18:25:37:cd:a7:e4',80,NULL,NULL,1,NULL,NULL,NULL,NULL,NULL,NULL,NULL,0,0,0,0,1,0,NULL,NULL,NULL,NULL,NULL,'--- !ruby/hash:ActiveSupport::HashWithIndifferentAccess\nlicense_type: single_workplace\nactivation_type: serial_number\noperating_system:\n- windows\n- linux\ninstallation:\n- citrix\n- web\nprocured_by: Nella Langworth\nreference: invoice\nmaintenance_contract: \'false\'\nmaintenance_currency: CHF\n','2015-02-05 07:50:18','2015-02-05 07:50:18'),(100,'6t0aohd9j4imamlozskz56','3c:9c:03:11:5d:ed-29:5b:b8:e7:8b:f5-87:13:eb:73:7a:d4',81,NULL,NULL,1,NULL,NULL,NULL,NULL,NULL,NULL,NULL,0,0,0,0,1,0,NULL,NULL,NULL,NULL,NULL,'--- !ruby/hash:ActiveSupport::HashWithIndifferentAccess\nlicense_type: single_workplace\nactivation_type: serial_number\noperating_system:\n- windows\n- linux\ninstallation:\n- citrix\n- web\nreference: invoice\nmaintenance_contract: \'false\'\nmaintenance_currency: CHF\n','2015-02-05 07:50:18','2015-02-05 07:50:18'),(101,'A13','4b:72:a3:c8:fd:0a-99:ad:8a:06:be:e0-b4:dd:b6:e8:a7:fe',82,NULL,NULL,1,NULL,NULL,NULL,NULL,NULL,NULL,NULL,0,0,1,0,2,0,NULL,NULL,NULL,NULL,NULL,'--- !ruby/hash:ActiveSupport::HashWithIndifferentAccess\nreference: invoice\nactivation_type: none\nlicense_type: free\nmaintenance_contract: \'false\'\nmaintenance_currency: CHF\n','2015-02-05 07:50:18','2015-02-05 07:50:18'),(102,'A17','9b:e5:39:e5:fa:b5-e6:a8:c2:e4:11:a0-e2:fd:f5:9c:a3:35',83,NULL,NULL,1,NULL,NULL,NULL,NULL,'2015-02-05','Illum quasi consequatur libero magni corrupti sapiente debitis blanditiis.',NULL,0,0,1,0,1,0,NULL,NULL,NULL,NULL,NULL,'--- !ruby/hash:ActiveSupport::HashWithIndifferentAccess\nreference: invoice\nactivation_type: none\nlicense_type: free\nmaintenance_contract: \'false\'\nmaintenance_currency: CHF\n','2015-02-05 07:50:18','2015-02-05 07:50:18'),(103,'IT25','18:e5:c6:3b:e8:54-a4:07:cb:6d:59:37-ac:55:75:99:b7:63',84,NULL,NULL,2,NULL,NULL,NULL,NULL,'2015-02-05','Repudiandae nisi iusto quisquam eum et rerum dolor.',NULL,0,0,1,0,1,0,NULL,NULL,NULL,NULL,NULL,'--- !ruby/hash:ActiveSupport::HashWithIndifferentAccess\nreference: invoice\nactivation_type: none\nlicense_type: free\nmaintenance_contract: \'false\'\nmaintenance_currency: CHF\n','2015-02-05 07:50:18','2015-02-05 07:50:18'),(104,'IT28','86:5b:f4:3e:54:a8-e0:fc:e5:d0:11:5c-8a:bd:5c:6b:81:17',85,NULL,NULL,2,NULL,NULL,NULL,NULL,NULL,NULL,NULL,0,0,1,0,2,0,NULL,NULL,NULL,NULL,NULL,'--- !ruby/hash:ActiveSupport::HashWithIndifferentAccess\nreference: invoice\nactivation_type: none\nlicense_type: free\nmaintenance_contract: \'false\'\nmaintenance_currency: CHF\n','2015-02-05 07:50:18','2015-02-05 07:50:18'),(105,'A31','bd:22:7c:f6:11:c6-fc:db:3f:65:73:ad-b4:b2:bc:ef:56:9b',86,NULL,NULL,1,NULL,NULL,'2015-02-05',NULL,NULL,NULL,NULL,0,0,0,0,1,0,NULL,NULL,NULL,NULL,NULL,'--- !ruby/hash:ActiveSupport::HashWithIndifferentAccess\nlicense_expiration: \'2015-02-05\'\nmaintenance_contract: \'true\'\nmaintenance_expiration: \'2015-02-05\'\nreference: invoice\nactivation_type: none\nlicense_type: free\nmaintenance_currency: CHF\n','2015-02-05 07:50:18','2015-02-05 07:50:18'),(106,'acrobat123','d0:68:a6:25:e6:7a-89:ad:5c:0e:e8:2a-f2:d7:f2:f3:62:26',74,NULL,NULL,1,NULL,NULL,NULL,NULL,NULL,NULL,NULL,0,0,1,0,1,0,NULL,NULL,NULL,NULL,NULL,'--- !ruby/hash:ActiveSupport::HashWithIndifferentAccess\nreference: invoice\nactivation_type: none\nlicense_type: free\nmaintenance_contract: \'false\'\nmaintenance_currency: CHF\nquantity_allocations:\n- :room: totam\n  :quantity: \'49\'\n- :room: qui\n  :quantity: \'31\'\n','2015-02-05 07:50:18','2015-02-05 07:50:18'),(107,'msword123','7e:57:8b:25:7a:3b-b1:24:a9:6a:a7:40-2f:3a:bd:4e:e1:2b',87,NULL,NULL,1,NULL,NULL,NULL,NULL,NULL,NULL,NULL,0,0,0,0,1,0,NULL,NULL,NULL,NULL,NULL,'--- !ruby/hash:ActiveSupport::HashWithIndifferentAccess\nlicense_type: multiple_workplace\noperating_system:\n- windows\n- linux\nreference: invoice\nactivation_type: none\nmaintenance_contract: \'false\'\nmaintenance_currency: CHF\nquantity_allocations:\n- :room: dolorem\n  :quantity: \'17\'\n- :room: repellat\n  :quantity: \'29\'\n','2015-02-05 07:50:18','2015-02-05 07:50:18'),(108,'lic111','c7:8e:16:5d:48:77-47:ef:13:f7:3f:6f-d1:d8:8f:b6:3f:ab',88,NULL,NULL,1,NULL,NULL,NULL,NULL,NULL,NULL,NULL,0,0,1,0,2,0,NULL,NULL,NULL,NULL,NULL,'--- !ruby/hash:ActiveSupport::HashWithIndifferentAccess\nlicense_type: site_license\noperating_system:\n- windows\nreference: invoice\nactivation_type: none\nmaintenance_contract: \'false\'\nmaintenance_currency: CHF\n','2015-02-05 07:50:18','2015-02-05 07:50:18'),(109,'A32','34:99:75:9d:f8:a2-b2:f6:bd:70:1f:de-08:2e:44:b9:db:19',89,NULL,NULL,1,NULL,NULL,NULL,NULL,NULL,NULL,NULL,0,0,0,0,1,0,NULL,NULL,NULL,NULL,NULL,'--- !ruby/hash:ActiveSupport::HashWithIndifferentAccess\nlicense_type: site_license\noperating_system:\n- linux\n- windows\nreference: invoice\nactivation_type: none\nmaintenance_contract: \'false\'\nmaintenance_currency: CHF\n','2015-02-05 07:50:18','2015-02-05 07:50:18'),(110,'ktmihomqqm7sd5p4yzu057','fd:1c:23:8f:3e:36-08:eb:7b:2c:9f:13-8c:4a:17:bf:98:36',90,3,95,1,NULL,NULL,'2012-08-28','2015-02-05',NULL,NULL,'943.00',0,0,1,0,1,1,NULL,NULL,NULL,NULL,NULL,'--- !ruby/hash:ActiveSupport::HashWithIndifferentAccess\nanschaffungskategorie: AV-Technik\nreference: invoice\numzug: zgeln\nankunftszustand: intakt\n','2015-02-05 07:50:18','2015-02-05 07:50:18'),(111,'vrn2pyp5qzxenxh5wqum58','b0:6e:d2:1f:b4:dc-f6:4c:57:33:4c:77-85:33:44:03:28:cb',92,3,96,1,110,NULL,'2013-09-07','2015-02-05',NULL,NULL,'1287.00',0,0,1,0,1,1,NULL,NULL,NULL,NULL,NULL,'--- !ruby/hash:ActiveSupport::HashWithIndifferentAccess\nanschaffungskategorie: AV-Technik\nreference: invoice\numzug: zgeln\nankunftszustand: intakt\n','2015-02-05 07:50:18','2015-02-05 07:50:18'),(112,'zhehpzrs5e9fxia27jw659','ec:ab:ad:46:40:ef-3a:ca:7a:88:cd:7c-fe:7e:e0:e4:7b:48',93,3,97,1,110,NULL,'2013-12-22','2015-02-05',NULL,NULL,'181.00',0,0,1,0,1,1,NULL,NULL,NULL,NULL,NULL,'--- !ruby/hash:ActiveSupport::HashWithIndifferentAccess\nanschaffungskategorie: AV-Technik\nreference: invoice\numzug: zgeln\nankunftszustand: intakt\n','2015-02-05 07:50:18','2015-02-05 07:50:18'),(113,'yt2m2curowk5hsm97kyb60','56:95:4f:ea:59:26-59:d6:f2:02:8b:a2-ea:f2:91:5c:b9:d3',94,3,98,1,110,NULL,'2013-02-26','2015-02-05',NULL,NULL,'636.00',0,0,1,0,1,1,NULL,NULL,NULL,NULL,NULL,'--- !ruby/hash:ActiveSupport::HashWithIndifferentAccess\nanschaffungskategorie: AV-Technik\nreference: invoice\numzug: zgeln\nankunftszustand: intakt\n','2015-02-05 07:50:18','2015-02-05 07:50:18'),(114,'gkkpd780sxsxqdnopxvj61','4f:0f:ad:39:65:3e-e2:1b:c6:7e:bd:6e-f3:ba:50:49:8e:dc',90,7,99,1,NULL,NULL,'2014-08-12','2015-02-05',NULL,NULL,'662.00',0,0,1,0,1,1,NULL,NULL,NULL,NULL,NULL,'--- !ruby/hash:ActiveSupport::HashWithIndifferentAccess\nanschaffungskategorie: AV-Technik\nreference: invoice\numzug: zgeln\nankunftszustand: intakt\n','2015-02-05 07:50:18','2015-02-05 07:50:18'),(115,'fmk72lufjmh8bowldwmr62','80:16:69:86:78:67-d6:3e:b0:fd:96:ef-17:a0:87:b7:9c:e1',96,7,100,1,114,NULL,'2013-07-28','2015-02-05',NULL,NULL,'327.00',0,0,1,0,1,1,NULL,NULL,NULL,NULL,NULL,'--- !ruby/hash:ActiveSupport::HashWithIndifferentAccess\nanschaffungskategorie: AV-Technik\nreference: invoice\numzug: zgeln\nankunftszustand: intakt\n','2015-02-05 07:50:18','2015-02-05 07:50:18'),(116,'7xl5goblftpgfdj49vsh63','e5:85:2f:b6:bf:2c-30:f2:41:97:57:ee-3d:c0:b0:f6:8d:a8',97,7,101,1,114,NULL,'2014-06-24','2015-02-05',NULL,NULL,'1419.00',0,0,1,0,1,1,NULL,NULL,NULL,NULL,NULL,'--- !ruby/hash:ActiveSupport::HashWithIndifferentAccess\nanschaffungskategorie: AV-Technik\nreference: invoice\numzug: zgeln\nankunftszustand: intakt\n','2015-02-05 07:50:18','2015-02-05 07:50:18'),(117,'dk13v9b7rbfpnwc4dza664','b8:c3:bf:86:31:98-0e:00:3a:f4:75:d9-3c:c5:fd:7b:38:79',98,7,102,1,114,NULL,'2013-02-25','2015-02-05',NULL,NULL,'377.00',0,0,1,0,1,1,NULL,NULL,NULL,NULL,NULL,'--- !ruby/hash:ActiveSupport::HashWithIndifferentAccess\nanschaffungskategorie: AV-Technik\nreference: invoice\numzug: zgeln\nankunftszustand: intakt\n','2015-02-05 07:50:18','2015-02-05 07:50:18'),(118,'w19aojkqjt523z4a2b7f65','19:1e:07:4b:90:65-0a:e8:72:50:c2:9e-89:fc:7a:8e:01:44',90,11,103,1,NULL,NULL,'2012-03-15','2015-02-05',NULL,NULL,'754.00',0,0,1,0,1,1,NULL,NULL,NULL,NULL,NULL,'--- !ruby/hash:ActiveSupport::HashWithIndifferentAccess\nanschaffungskategorie: AV-Technik\nreference: invoice\numzug: zgeln\nankunftszustand: intakt\n','2015-02-05 07:50:18','2015-02-05 07:50:18'),(119,'siv4j76xf3g2h9jimc1066','81:28:f3:3d:35:a4-58:b4:05:48:27:38-1b:f8:fa:a0:79:05',100,11,104,1,118,NULL,'2010-08-04','2015-02-05',NULL,NULL,'800.00',0,0,1,0,1,1,NULL,NULL,NULL,NULL,NULL,'--- !ruby/hash:ActiveSupport::HashWithIndifferentAccess\nanschaffungskategorie: AV-Technik\nreference: invoice\numzug: zgeln\nankunftszustand: intakt\n','2015-02-05 07:50:18','2015-02-05 07:50:18'),(120,'goqawvegj4bqc5m89jvl67','72:f9:a7:9f:ba:50-53:19:52:e6:6a:e0-d7:e5:d7:23:e0:ff',101,11,105,1,118,NULL,'2013-03-18','2015-02-05',NULL,NULL,'960.00',0,0,1,0,1,1,NULL,NULL,NULL,NULL,NULL,'--- !ruby/hash:ActiveSupport::HashWithIndifferentAccess\nanschaffungskategorie: AV-Technik\nreference: invoice\numzug: zgeln\nankunftszustand: intakt\n','2015-02-05 07:50:18','2015-02-05 07:50:18'),(121,'v0pitk6tiat051tlvvqx68','d7:3c:06:0d:d0:4a-42:97:9f:8e:28:7b-9f:f3:fe:f0:45:cd',102,11,106,1,118,NULL,'2013-04-24','2015-02-05',NULL,NULL,'419.00',0,0,1,0,1,1,NULL,NULL,NULL,NULL,NULL,'--- !ruby/hash:ActiveSupport::HashWithIndifferentAccess\nanschaffungskategorie: AV-Technik\nreference: invoice\numzug: zgeln\nankunftszustand: intakt\n','2015-02-05 07:50:18','2015-02-05 07:50:18'),(122,'chjdsxlwmhxh7c0ctv8s69','51:8a:c2:6b:b9:a6-d9:2e:75:b9:dc:3b-b2:0c:6a:93:74:9f',90,15,107,2,NULL,NULL,'2012-04-10','2015-02-05',NULL,NULL,'1019.00',0,0,1,0,2,1,NULL,NULL,NULL,NULL,NULL,'--- !ruby/hash:ActiveSupport::HashWithIndifferentAccess\nanschaffungskategorie: AV-Technik\nreference: invoice\numzug: zgeln\nankunftszustand: intakt\n','2015-02-05 07:50:18','2015-02-05 07:50:18'),(123,'mn9x32rzvg0sa4abqg9870','97:c2:b7:db:59:97-cc:14:ef:af:9e:16-0b:cb:74:42:0b:2d',104,15,108,2,122,NULL,'2010-09-22','2015-02-05',NULL,NULL,'856.00',0,0,1,0,2,1,NULL,NULL,NULL,NULL,NULL,'--- !ruby/hash:ActiveSupport::HashWithIndifferentAccess\nanschaffungskategorie: AV-Technik\nreference: invoice\numzug: zgeln\nankunftszustand: intakt\n','2015-02-05 07:50:18','2015-02-05 07:50:18'),(124,'usknrbsgeofz54w4dlo371','a8:bb:5f:e8:ae:d1-f7:52:2c:f1:a7:b3-0d:a4:d3:38:43:92',105,15,109,2,122,NULL,'2010-04-16','2015-02-05',NULL,NULL,'24.00',0,0,1,0,2,1,NULL,NULL,NULL,NULL,NULL,'--- !ruby/hash:ActiveSupport::HashWithIndifferentAccess\nanschaffungskategorie: AV-Technik\nreference: invoice\numzug: zgeln\nankunftszustand: intakt\n','2015-02-05 07:50:18','2015-02-05 07:50:18'),(125,'rrcug0l4a2x4699y0kdf72','c0:43:03:cf:56:8f-3c:93:fd:be:84:80-5c:42:03:28:ac:4a',106,15,110,2,122,NULL,'2012-08-09','2015-02-05',NULL,NULL,'276.00',0,0,1,0,2,1,NULL,NULL,NULL,NULL,NULL,'--- !ruby/hash:ActiveSupport::HashWithIndifferentAccess\nanschaffungskategorie: AV-Technik\nreference: invoice\numzug: zgeln\nankunftszustand: intakt\n','2015-02-05 07:50:18','2015-02-05 07:50:18'),(126,'w7c3ix0ec3nr4trdgc1973','ba:60:de:5a:70:86-53:49:1f:98:63:ee-1a:da:67:e2:7b:03',107,19,111,1,NULL,NULL,'2010-07-01','2015-02-05',NULL,NULL,'1279.00',0,0,1,0,1,1,NULL,NULL,NULL,NULL,NULL,'--- !ruby/hash:ActiveSupport::HashWithIndifferentAccess\nanschaffungskategorie: AV-Technik\nreference: invoice\numzug: zgeln\nankunftszustand: intakt\n','2015-02-05 07:50:18','2015-02-05 07:50:18'),(127,'u5wdhx1endwo82mwful574','91:91:04:57:d4:21-4b:64:21:1b:c6:fc-01:c3:ea:d7:b7:01',109,19,112,1,126,NULL,'2013-07-02','2015-02-05',NULL,NULL,'1201.00',0,0,1,0,1,1,NULL,NULL,NULL,NULL,NULL,'--- !ruby/hash:ActiveSupport::HashWithIndifferentAccess\nanschaffungskategorie: AV-Technik\nreference: invoice\numzug: zgeln\nankunftszustand: intakt\n','2015-02-05 07:50:18','2015-02-05 07:50:18'),(128,'8rqtpy1qxhkny0wmm2z675','67:56:4e:82:77:a7-ef:79:96:b2:8c:17-f4:e9:c6:53:9b:e3',110,19,113,1,126,NULL,'2012-01-21','2015-02-05',NULL,NULL,'163.00',0,0,1,0,1,1,NULL,NULL,NULL,NULL,NULL,'--- !ruby/hash:ActiveSupport::HashWithIndifferentAccess\nanschaffungskategorie: AV-Technik\nreference: invoice\numzug: zgeln\nankunftszustand: intakt\n','2015-02-05 07:50:18','2015-02-05 07:50:18'),(129,'tsqutb0yjsbixptumvap76','0c:6b:c8:b2:9d:ba-40:d6:a5:53:a4:2a-ab:05:ac:63:60:88',111,19,114,1,126,NULL,'2013-12-05','2015-02-05',NULL,NULL,'657.00',0,0,1,0,1,1,NULL,NULL,NULL,NULL,NULL,'--- !ruby/hash:ActiveSupport::HashWithIndifferentAccess\nanschaffungskategorie: AV-Technik\nreference: invoice\numzug: zgeln\nankunftszustand: intakt\n','2015-02-05 07:50:18','2015-02-05 07:50:18'),(130,'ipz36quebl9yx2bcefi777','26:4c:1a:b3:5a:e5-5c:63:43:37:6b:e9-d2:3f:4e:63:7c:cf',107,23,115,1,NULL,NULL,'2010-02-24','2015-02-05',NULL,NULL,'1047.00',0,0,1,0,1,1,NULL,NULL,NULL,NULL,NULL,'--- !ruby/hash:ActiveSupport::HashWithIndifferentAccess\nanschaffungskategorie: AV-Technik\nreference: invoice\numzug: zgeln\nankunftszustand: intakt\n','2015-02-05 07:50:18','2015-02-05 07:50:18'),(131,'8i8psmsse7wgvc309czf78','83:64:2b:11:ea:ea-2b:e6:bc:06:55:db-f3:f3:34:75:a8:93',113,23,116,1,130,NULL,'2010-02-17','2015-02-05',NULL,NULL,'1088.00',0,0,1,0,1,1,NULL,NULL,NULL,NULL,NULL,'--- !ruby/hash:ActiveSupport::HashWithIndifferentAccess\nanschaffungskategorie: AV-Technik\nreference: invoice\numzug: zgeln\nankunftszustand: intakt\n','2015-02-05 07:50:18','2015-02-05 07:50:18'),(132,'1z0b5luybco3i9k4bnza79','77:00:e0:70:f9:7b-32:98:8b:a9:85:4e-a8:f3:f0:64:b0:31',114,23,117,1,130,NULL,'2010-07-16','2015-02-05',NULL,NULL,'1246.00',0,0,1,0,1,1,NULL,NULL,NULL,NULL,NULL,'--- !ruby/hash:ActiveSupport::HashWithIndifferentAccess\nanschaffungskategorie: AV-Technik\nreference: invoice\numzug: zgeln\nankunftszustand: intakt\n','2015-02-05 07:50:18','2015-02-05 07:50:18'),(133,'ru2ofajjgb0rcu20672f80','15:53:e6:e3:cd:91-6c:fd:24:31:f8:01-38:0b:29:a8:fb:29',115,23,118,1,130,NULL,'2014-10-27','2015-02-05',NULL,NULL,'784.00',0,0,1,0,1,1,NULL,NULL,NULL,NULL,NULL,'--- !ruby/hash:ActiveSupport::HashWithIndifferentAccess\nanschaffungskategorie: AV-Technik\nreference: invoice\numzug: zgeln\nankunftszustand: intakt\n','2015-02-05 07:50:18','2015-02-05 07:50:18'),(134,'tpvd5supo2ab03c7fido81','26:fd:85:4a:fc:43-30:22:bd:10:8e:eb-59:05:70:f1:99:d9',107,27,119,1,NULL,NULL,'2012-04-06','2015-02-05',NULL,NULL,'382.00',0,0,1,0,1,1,NULL,NULL,NULL,NULL,NULL,'--- !ruby/hash:ActiveSupport::HashWithIndifferentAccess\nanschaffungskategorie: AV-Technik\nreference: invoice\numzug: zgeln\nankunftszustand: intakt\n','2015-02-05 07:50:18','2015-02-05 07:50:18'),(135,'bra9v27733w7tdrb2hgu82','db:ab:1c:61:28:fa-ac:e0:c3:59:7d:7f-b4:0e:5d:42:26:88',117,27,120,1,134,NULL,'2014-05-23','2015-02-05',NULL,NULL,'1023.00',0,0,1,0,1,1,NULL,NULL,NULL,NULL,NULL,'--- !ruby/hash:ActiveSupport::HashWithIndifferentAccess\nanschaffungskategorie: AV-Technik\nreference: invoice\numzug: zgeln\nankunftszustand: intakt\n','2015-02-05 07:50:18','2015-02-05 07:50:18'),(136,'bkd7c6n9m866n9lj8q8v83','a4:81:a7:72:5d:20-62:e3:92:9b:9a:9d-2b:2d:d6:df:fd:9b',118,27,121,1,134,NULL,'2011-10-29','2015-02-05',NULL,NULL,'1278.00',0,0,1,0,1,1,NULL,NULL,NULL,NULL,NULL,'--- !ruby/hash:ActiveSupport::HashWithIndifferentAccess\nanschaffungskategorie: AV-Technik\nreference: invoice\numzug: zgeln\nankunftszustand: intakt\n','2015-02-05 07:50:18','2015-02-05 07:50:18'),(137,'6g04990a06qbk40fzdaj84','60:e8:41:1d:ca:61-78:6f:3a:54:81:f9-97:07:41:ae:f3:be',119,27,122,1,134,NULL,'2013-05-11','2015-02-05',NULL,NULL,'583.00',0,0,1,0,1,1,NULL,NULL,NULL,NULL,NULL,'--- !ruby/hash:ActiveSupport::HashWithIndifferentAccess\nanschaffungskategorie: AV-Technik\nreference: invoice\numzug: zgeln\nankunftszustand: intakt\n','2015-02-05 07:50:18','2015-02-05 07:50:18'),(138,'m3qn0wjgo9ex488j76y885','17:42:fd:4b:ef:4e-5e:5b:21:22:41:db-0e:49:3a:19:3a:49',120,31,123,3,NULL,NULL,'2014-02-13','2015-02-05',NULL,NULL,'916.00',0,0,1,0,7,1,NULL,NULL,NULL,NULL,NULL,'--- !ruby/hash:ActiveSupport::HashWithIndifferentAccess\nanschaffungskategorie: AV-Technik\nreference: invoice\numzug: zgeln\nankunftszustand: intakt\n','2015-02-05 07:50:18','2015-02-05 07:50:18'),(139,'x436o7qe505o67c7uwyv86','f1:e8:ed:32:e8:d9-2f:73:7d:f9:dd:65-c1:57:b4:fc:f1:7f',120,32,124,1,NULL,NULL,'2012-09-10','2015-02-05',NULL,NULL,'404.00',0,0,1,0,7,1,NULL,NULL,NULL,NULL,NULL,'--- !ruby/hash:ActiveSupport::HashWithIndifferentAccess\nanschaffungskategorie: AV-Technik\nreference: invoice\numzug: zgeln\nankunftszustand: intakt\n','2015-02-05 07:50:18','2015-02-05 07:50:18'),(140,'1kprrdo8z5dbm2b6domv87','f8:a2:8d:2a:7a:0f-d5:1f:58:a2:43:78-73:29:b1:fa:89:31',120,33,125,6,NULL,NULL,'2010-09-08','2015-02-05',NULL,NULL,'1488.00',0,0,1,0,7,1,NULL,NULL,NULL,NULL,NULL,'--- !ruby/hash:ActiveSupport::HashWithIndifferentAccess\nanschaffungskategorie: AV-Technik\nreference: invoice\numzug: zgeln\nankunftszustand: intakt\n','2015-02-05 07:50:18','2015-02-05 07:50:18'),(141,'sn2q31agd4saxub9i7v088','6f:3e:24:03:70:9a-6f:55:1f:79:26:10-dd:cd:aa:90:b7:57',124,34,126,5,NULL,NULL,'2013-02-09','2015-02-05',NULL,NULL,'1287.00',0,0,1,0,7,1,NULL,NULL,NULL,NULL,NULL,'--- !ruby/hash:ActiveSupport::HashWithIndifferentAccess\nanschaffungskategorie: AV-Technik\nreference: invoice\numzug: zgeln\nankunftszustand: intakt\n','2015-02-05 07:50:18','2015-02-05 07:50:18'),(142,'mzswc7xeldmoi54fmesb89','cd:c0:3d:a2:76:a6-89:31:0e:ad:b9:c0-a1:63:25:b7:cd:d6',124,35,127,8,NULL,NULL,'2014-12-10','2015-02-05',NULL,NULL,'1265.00',0,0,1,0,7,1,NULL,NULL,NULL,NULL,NULL,'--- !ruby/hash:ActiveSupport::HashWithIndifferentAccess\nanschaffungskategorie: AV-Technik\nreference: invoice\numzug: zgeln\nankunftszustand: intakt\n','2015-02-05 07:50:18','2015-02-05 07:50:18'),(143,'tze39o4ppbml2q4740oz90','7d:f4:c9:ea:d2:1f-c3:3a:c1:ad:6c:4b-b7:7a:63:06:66:03',124,36,128,9,NULL,NULL,'2014-07-03','2015-02-05',NULL,NULL,'706.00',0,0,1,0,7,1,NULL,NULL,NULL,NULL,NULL,'--- !ruby/hash:ActiveSupport::HashWithIndifferentAccess\nanschaffungskategorie: AV-Technik\nreference: invoice\numzug: zgeln\nankunftszustand: intakt\n','2015-02-05 07:50:18','2015-02-05 07:50:18'),(144,'ow8n9waa800y96z1c4be91','e0:92:51:d1:18:0f-ae:7f:d2:f9:81:db-50:9c:97:f2:b4:c8',128,37,129,2,NULL,NULL,'2010-09-22','2015-02-05',NULL,NULL,'1452.00',0,0,1,0,7,1,NULL,NULL,NULL,NULL,NULL,'--- !ruby/hash:ActiveSupport::HashWithIndifferentAccess\nanschaffungskategorie: AV-Technik\nreference: invoice\numzug: zgeln\nankunftszustand: intakt\n','2015-02-05 07:50:18','2015-02-05 07:50:18'),(145,'msy6hdfx7aiuw1fnywjg92','19:b9:7b:a7:44:a6-56:ee:04:70:21:27-a9:36:90:ac:9e:c8',128,38,130,6,NULL,NULL,'2014-03-15','2015-02-05',NULL,NULL,'74.00',0,0,1,0,7,1,NULL,NULL,NULL,NULL,NULL,'--- !ruby/hash:ActiveSupport::HashWithIndifferentAccess\nanschaffungskategorie: AV-Technik\nreference: invoice\numzug: zgeln\nankunftszustand: intakt\n','2015-02-05 07:50:18','2015-02-05 07:50:18'),(146,'qkmwfjmkddauyg613asn93','74:fe:66:99:5b:79-2e:e7:b9:af:b8:a1-9d:20:fe:61:4e:cc',128,39,131,2,NULL,NULL,'2014-11-14','2015-02-05',NULL,NULL,'506.00',0,0,1,0,7,1,NULL,NULL,NULL,NULL,NULL,'--- !ruby/hash:ActiveSupport::HashWithIndifferentAccess\nanschaffungskategorie: AV-Technik\nreference: invoice\numzug: zgeln\nankunftszustand: intakt\n','2015-02-05 07:50:18','2015-02-05 07:50:18'),(147,'m87ndeawsdndcangl8wp94','00:7c:f6:de:a1:a9-7e:16:75:19:e3:0b-5b:26:24:c4:f5:36',132,40,132,3,NULL,NULL,'2010-01-03','2015-02-05',NULL,NULL,'997.00',0,0,1,0,7,1,NULL,NULL,NULL,NULL,NULL,'--- !ruby/hash:ActiveSupport::HashWithIndifferentAccess\nanschaffungskategorie: AV-Technik\nreference: invoice\numzug: zgeln\nankunftszustand: intakt\n','2015-02-05 07:50:18','2015-02-05 07:50:18'),(148,'gxugiba1p3wyksmeft9l95','60:d8:2b:5f:78:3b-9a:08:cd:9c:01:08-8a:e2:28:e8:a6:be',132,41,133,1,NULL,NULL,'2013-04-17','2015-02-05',NULL,NULL,'604.00',0,0,1,0,7,1,NULL,NULL,NULL,NULL,NULL,'--- !ruby/hash:ActiveSupport::HashWithIndifferentAccess\nanschaffungskategorie: AV-Technik\nreference: invoice\numzug: zgeln\nankunftszustand: intakt\n','2015-02-05 07:50:18','2015-02-05 07:50:18'),(149,'c54clrifjinftlela6nk96','81:05:4f:93:f5:c8-2f:ee:88:00:3a:f9-65:48:03:88:96:fe',132,42,134,9,NULL,NULL,'2013-08-02','2015-02-05',NULL,NULL,'252.00',0,0,1,0,7,1,NULL,NULL,NULL,NULL,NULL,'--- !ruby/hash:ActiveSupport::HashWithIndifferentAccess\nanschaffungskategorie: AV-Technik\nreference: invoice\numzug: zgeln\nankunftszustand: intakt\n','2015-02-05 07:50:18','2015-02-05 07:50:18'),(150,'bym8dtqemoi1t48d085897','0c:03:df:b3:92:8f-39:c1:87:09:d4:4d-e2:e4:17:81:5e:90',136,43,135,3,NULL,NULL,'2010-01-26','2015-02-05',NULL,NULL,'829.00',0,0,1,0,3,1,NULL,NULL,NULL,NULL,NULL,'--- !ruby/hash:ActiveSupport::HashWithIndifferentAccess\nanschaffungskategorie: AV-Technik\nreference: invoice\numzug: zgeln\nankunftszustand: intakt\n','2015-02-05 07:50:18','2015-02-05 07:50:18'),(151,'1vfqyt5kbwhutm04xjx098','bb:8b:05:6d:f6:45-77:cc:3f:47:50:4c-6b:59:61:34:e1:fb',136,44,136,9,NULL,NULL,'2014-09-13','2015-02-05',NULL,NULL,'481.00',0,0,1,0,3,1,NULL,NULL,NULL,NULL,NULL,'--- !ruby/hash:ActiveSupport::HashWithIndifferentAccess\nanschaffungskategorie: AV-Technik\nreference: invoice\numzug: zgeln\nankunftszustand: intakt\n','2015-02-05 07:50:18','2015-02-05 07:50:18'),(152,'hvn626kzlz9imq3is0kf99','0a:73:93:b8:89:76-1b:8c:d1:b1:ac:98-50:00:c9:0c:bc:ca',136,45,137,7,NULL,NULL,'2012-01-08','2015-02-05',NULL,NULL,'1221.00',0,0,1,0,3,1,NULL,NULL,NULL,NULL,NULL,'--- !ruby/hash:ActiveSupport::HashWithIndifferentAccess\nanschaffungskategorie: AV-Technik\nreference: invoice\numzug: zgeln\nankunftszustand: intakt\n','2015-02-05 07:50:18','2015-02-05 07:50:18'),(153,'7pxa2rkn8edph93kyohi100','f3:b7:cd:09:da:6b-19:77:fc:13:a3:f3-80:c1:07:1e:f9:21',140,46,138,10,NULL,NULL,'2014-01-27','2015-02-05',NULL,NULL,'1076.00',0,0,1,0,3,1,NULL,NULL,NULL,NULL,NULL,'--- !ruby/hash:ActiveSupport::HashWithIndifferentAccess\nanschaffungskategorie: AV-Technik\nreference: invoice\numzug: zgeln\nankunftszustand: intakt\n','2015-02-05 07:50:18','2015-02-05 07:50:18'),(154,'ou01aunpylo654njz9ii101','bb:4b:5c:2b:e3:9c-d8:53:be:d0:db:07-f5:be:9c:ee:6d:f0',140,47,139,3,NULL,NULL,'2013-02-12','2015-02-05',NULL,NULL,'541.00',0,0,1,0,3,1,NULL,NULL,NULL,NULL,NULL,'--- !ruby/hash:ActiveSupport::HashWithIndifferentAccess\nanschaffungskategorie: AV-Technik\nreference: invoice\numzug: zgeln\nankunftszustand: intakt\n','2015-02-05 07:50:18','2015-02-05 07:50:18'),(155,'wjex8j8jmb1myl2c57ka102','14:98:f5:38:26:a2-cd:57:77:3e:f9:9b-14:62:81:4d:13:0c',140,48,140,5,NULL,NULL,'2012-02-28','2015-02-05',NULL,NULL,'1196.00',0,0,1,0,3,1,NULL,NULL,NULL,NULL,NULL,'--- !ruby/hash:ActiveSupport::HashWithIndifferentAccess\nanschaffungskategorie: AV-Technik\nreference: invoice\numzug: zgeln\nankunftszustand: intakt\n','2015-02-05 07:50:18','2015-02-05 07:50:18'),(156,'r9e2oy0a9gir3ocxh6g8103','f4:2c:f9:91:d1:59-f7:b5:ce:2e:73:68-7f:bd:05:f2:a9:1a',144,49,141,1,NULL,NULL,'2011-06-08','2015-02-05',NULL,NULL,'384.00',0,0,1,0,3,1,NULL,NULL,NULL,NULL,NULL,'--- !ruby/hash:ActiveSupport::HashWithIndifferentAccess\nanschaffungskategorie: AV-Technik\nreference: invoice\numzug: zgeln\nankunftszustand: intakt\n','2015-02-05 07:50:18','2015-02-05 07:50:18'),(157,'b7u48k6fspxf2952q1wi104','04:ff:8d:b6:ae:86-56:e7:30:0c:6e:d4-8a:06:a4:d6:87:84',144,50,142,8,NULL,NULL,'2012-05-19','2015-02-05',NULL,NULL,'499.00',0,0,1,0,3,1,NULL,NULL,NULL,NULL,NULL,'--- !ruby/hash:ActiveSupport::HashWithIndifferentAccess\nanschaffungskategorie: AV-Technik\nreference: invoice\numzug: zgeln\nankunftszustand: intakt\n','2015-02-05 07:50:18','2015-02-05 07:50:18'),(158,'kgy0l8vysyxtn9gbnpfm105','d6:45:a1:21:aa:05-b3:8f:35:e4:82:10-03:23:ae:bf:df:ae',144,51,143,8,NULL,NULL,'2014-06-09','2015-02-05',NULL,NULL,'1057.00',0,0,1,0,3,1,NULL,NULL,NULL,NULL,NULL,'--- !ruby/hash:ActiveSupport::HashWithIndifferentAccess\nanschaffungskategorie: AV-Technik\nreference: invoice\numzug: zgeln\nankunftszustand: intakt\n','2015-02-05 07:50:18','2015-02-05 07:50:18'),(159,'fzbsztin1k4kgy044lo5106','85:b4:39:36:df:4e-e3:95:29:9b:4f:c9-cd:66:e9:04:46:dd',148,52,144,4,NULL,NULL,'2013-08-08','2015-02-05',NULL,NULL,'1412.00',0,0,1,0,3,1,NULL,NULL,NULL,NULL,NULL,'--- !ruby/hash:ActiveSupport::HashWithIndifferentAccess\nanschaffungskategorie: AV-Technik\nreference: invoice\numzug: zgeln\nankunftszustand: intakt\n','2015-02-05 07:50:18','2015-02-05 07:50:18'),(160,'3qwmnc2qrqehsjaq5mit107','87:67:4f:92:b7:2c-b3:9f:87:fb:b8:75-c6:41:a8:b5:76:d8',148,53,145,3,NULL,NULL,'2011-02-14','2015-02-05',NULL,NULL,'18.00',0,0,1,0,3,1,NULL,NULL,NULL,NULL,NULL,'--- !ruby/hash:ActiveSupport::HashWithIndifferentAccess\nanschaffungskategorie: AV-Technik\nreference: invoice\numzug: zgeln\nankunftszustand: intakt\n','2015-02-05 07:50:18','2015-02-05 07:50:18'),(161,'7ngjbiya4y59rqn4hi1c108','90:29:f5:d6:36:e3-e6:a6:26:e5:89:19-76:f5:c1:5d:2c:ec',148,54,146,5,NULL,NULL,'2013-01-18','2015-02-05',NULL,NULL,'509.00',0,0,1,0,3,1,NULL,NULL,NULL,NULL,NULL,'--- !ruby/hash:ActiveSupport::HashWithIndifferentAccess\nanschaffungskategorie: AV-Technik\nreference: invoice\numzug: zgeln\nankunftszustand: intakt\n','2015-02-05 07:50:18','2015-02-05 07:50:18'),(162,'vnyjfmp149mmg8b7cftr109','cd:a1:44:60:c1:93-44:eb:42:97:27:2b-3d:96:aa:29:6a:4c',152,55,147,1,NULL,NULL,'2012-12-07','2015-02-01',NULL,NULL,'556.00',0,0,1,0,1,1,NULL,NULL,NULL,NULL,NULL,'--- !ruby/hash:ActiveSupport::HashWithIndifferentAccess\nanschaffungskategorie: AV-Technik\nreference: invoice\numzug: zgeln\nankunftszustand: intakt\n','2015-02-01 07:50:18','2015-02-01 07:50:18'),(163,'31r22ssj5cildc840qbx110','f4:c8:48:ad:6e:7a-8f:e6:c0:59:43:f3-ea:ac:09:ca:74:a7',153,56,148,11,NULL,NULL,'2013-06-27','2015-02-01',NULL,NULL,'1402.00',0,0,1,0,1,1,NULL,NULL,NULL,NULL,NULL,'--- !ruby/hash:ActiveSupport::HashWithIndifferentAccess\nanschaffungskategorie: AV-Technik\nreference: invoice\numzug: zgeln\nankunftszustand: intakt\n','2015-02-01 07:50:18','2015-02-01 07:50:18'),(164,'ym36qfwe7p46qi6mypzd111','51:90:88:f6:c5:31-cc:d3:2f:7f:9a:40-2e:c1:13:d5:69:5a',154,57,149,9,NULL,NULL,'2013-09-21','2015-02-01',NULL,NULL,'955.00',0,0,1,0,1,1,NULL,NULL,NULL,NULL,NULL,'--- !ruby/hash:ActiveSupport::HashWithIndifferentAccess\nanschaffungskategorie: AV-Technik\nreference: invoice\numzug: zgeln\nankunftszustand: intakt\n','2015-02-01 07:50:18','2015-02-01 07:50:18'),(165,'m0vd4yskivv9hrwgo93q112','76:a9:18:e0:37:79-b7:7b:92:df:c6:db-0e:59:ce:13:b0:df',155,58,150,5,NULL,NULL,'2010-12-15','2015-02-01',NULL,NULL,'1488.00',0,0,1,0,1,1,NULL,NULL,NULL,NULL,NULL,'--- !ruby/hash:ActiveSupport::HashWithIndifferentAccess\nanschaffungskategorie: AV-Technik\nreference: invoice\numzug: zgeln\nankunftszustand: intakt\n','2015-02-01 07:50:18','2015-02-01 07:50:18'),(166,'hhpfgihg5f8i4fnaqt0m113','b3:39:92:4f:de:13-39:ee:33:e6:8f:87-86:aa:f4:f6:60:41',156,59,151,4,NULL,NULL,'2012-08-01','2015-02-05',NULL,NULL,'1114.00',0,0,1,0,1,1,NULL,NULL,NULL,NULL,NULL,'--- !ruby/hash:ActiveSupport::HashWithIndifferentAccess\nanschaffungskategorie: AV-Technik\nreference: invoice\numzug: zgeln\nankunftszustand: intakt\n','2015-02-05 07:50:18','2015-02-05 07:50:18'),(167,'gf5syhfjp5aw5jfsbhsq114','ca:c6:10:1e:d3:a2-09:2f:87:b6:6d:57-59:ac:9f:9a:e7:8d',157,60,152,6,NULL,NULL,'2010-07-27','2015-02-05',NULL,NULL,'838.00',0,0,1,0,1,1,NULL,NULL,NULL,NULL,NULL,'--- !ruby/hash:ActiveSupport::HashWithIndifferentAccess\nanschaffungskategorie: AV-Technik\nreference: invoice\numzug: zgeln\nankunftszustand: intakt\n','2015-02-05 07:50:18','2015-02-05 07:50:18'),(168,'mprpo2f7u6lci6u92rz1115','25:5c:14:1e:a8:a1-ef:99:e6:f5:a5:2d-c7:3b:ba:a9:73:2f',158,61,153,10,NULL,NULL,'2011-09-25','2015-02-05',NULL,NULL,'245.00',0,0,1,0,1,1,NULL,NULL,NULL,NULL,NULL,'--- !ruby/hash:ActiveSupport::HashWithIndifferentAccess\nanschaffungskategorie: AV-Technik\nreference: invoice\numzug: zgeln\nankunftszustand: intakt\n','2015-02-05 07:50:18','2015-02-05 07:50:18'),(169,'he68rkxpcrhk645gzjjr116','84:0a:b3:64:7a:ca-d0:cf:34:25:d5:31-af:a6:b5:82:c4:22',159,62,154,2,NULL,NULL,'2011-09-24','2015-02-05',NULL,NULL,'252.00',0,0,1,0,1,1,NULL,NULL,NULL,NULL,NULL,'--- !ruby/hash:ActiveSupport::HashWithIndifferentAccess\nanschaffungskategorie: AV-Technik\nreference: invoice\numzug: zgeln\nankunftszustand: intakt\n','2015-02-05 07:50:18','2015-02-05 07:50:18'),(170,'3nuter11n17sey7wehs0117','b2:c7:03:4b:5a:dd-6f:e2:4e:b5:88:7e-65:eb:05:fc:19:a3',160,63,155,2,NULL,NULL,'2013-05-11','2015-02-05',NULL,NULL,'469.00',0,0,1,0,1,1,NULL,NULL,NULL,NULL,NULL,'--- !ruby/hash:ActiveSupport::HashWithIndifferentAccess\nanschaffungskategorie: AV-Technik\nreference: invoice\numzug: zgeln\nankunftszustand: intakt\n','2015-02-05 07:50:18','2015-02-05 07:50:18'),(171,'ljin8wv7pixk1kzrbq8z118','dd:98:a5:8d:d8:d5-fb:6b:98:de:bd:a5-5a:ca:16:41:5e:53',161,64,156,8,NULL,NULL,'2013-04-23','2015-02-05',NULL,NULL,'1316.00',0,0,1,0,1,1,NULL,NULL,NULL,NULL,NULL,'--- !ruby/hash:ActiveSupport::HashWithIndifferentAccess\nanschaffungskategorie: AV-Technik\nreference: invoice\numzug: zgeln\nankunftszustand: intakt\n','2015-02-05 07:50:18','2015-02-05 07:50:18'),(172,'ftfik4g4nvuglekxhpwl119','ff:43:b5:0e:2c:c1-58:f4:77:44:7e:2d-3f:ff:2f:ad:99:6a',162,65,157,3,NULL,NULL,'2014-04-21','2015-02-05',NULL,NULL,'944.00',0,0,1,0,1,1,NULL,NULL,NULL,NULL,NULL,'--- !ruby/hash:ActiveSupport::HashWithIndifferentAccess\nanschaffungskategorie: AV-Technik\nreference: invoice\numzug: zgeln\nankunftszustand: intakt\n','2015-02-05 07:50:18','2015-02-05 07:50:18'),(173,'eiufx0q64uemiuliwgcn120','00:24:7e:46:c1:f2-b9:86:c2:9a:d4:db-f6:87:c2:16:93:cd',163,66,158,6,NULL,NULL,'2014-06-28','2015-02-05',NULL,NULL,'1187.00',0,0,1,0,1,1,NULL,NULL,NULL,NULL,NULL,'--- !ruby/hash:ActiveSupport::HashWithIndifferentAccess\nanschaffungskategorie: AV-Technik\nreference: invoice\numzug: zgeln\nankunftszustand: intakt\n','2015-02-05 07:50:18','2015-02-05 07:50:18'),(174,'d7h5a4wnrk17kum7tjca121','c5:38:b7:b8:a5:4d-b0:3b:03:cd:52:0c-ab:fd:0c:d9:66:6a',164,67,159,6,NULL,NULL,'2010-01-18','2015-02-05',NULL,NULL,'302.00',0,0,1,0,1,1,NULL,NULL,NULL,NULL,NULL,'--- !ruby/hash:ActiveSupport::HashWithIndifferentAccess\nanschaffungskategorie: AV-Technik\nreference: invoice\numzug: zgeln\nankunftszustand: intakt\n','2015-02-05 07:50:18','2015-02-05 07:50:18'),(175,'xljzrcs8w21rw8opgzbk122','5e:95:b2:e2:6a:f9-ae:a7:ed:ed:5a:0e-e5:7c:ef:d0:ca:57',165,68,160,7,NULL,NULL,'2014-03-07','2015-02-05',NULL,NULL,'790.00',0,0,1,0,1,1,NULL,NULL,NULL,NULL,NULL,'--- !ruby/hash:ActiveSupport::HashWithIndifferentAccess\nanschaffungskategorie: AV-Technik\nreference: invoice\numzug: zgeln\nankunftszustand: intakt\n','2015-02-05 07:50:18','2015-02-05 07:50:18'),(176,'bf5juzol5zwqn6mnq2a0123','f7:3b:55:4f:68:61-e0:87:e6:33:98:b0-1e:1f:7c:a8:1c:f7',166,69,161,9,NULL,NULL,'2010-06-11','2015-02-05',NULL,NULL,'1187.00',0,0,1,0,1,1,NULL,NULL,NULL,NULL,NULL,'--- !ruby/hash:ActiveSupport::HashWithIndifferentAccess\nanschaffungskategorie: AV-Technik\nreference: invoice\numzug: zgeln\nankunftszustand: intakt\n','2015-02-05 07:50:18','2015-02-05 07:50:18'),(177,'fjv9ok6h5s65av7cg4l2124','ff:26:6e:49:cd:ff-1c:17:c2:6f:c1:f9-b6:7f:f3:51:28:fb',167,70,162,10,NULL,NULL,'2012-02-22','2015-02-05',NULL,NULL,'1350.00',0,0,1,0,1,1,NULL,NULL,NULL,NULL,NULL,'--- !ruby/hash:ActiveSupport::HashWithIndifferentAccess\nanschaffungskategorie: AV-Technik\nreference: invoice\numzug: zgeln\nankunftszustand: intakt\n','2015-02-05 07:50:18','2015-02-05 07:50:18'),(178,'8mwbfhgv2061jl41xv77125','78:a2:39:eb:9d:c4-49:04:68:80:42:f0-81:bf:27:e3:a8:9e',168,71,163,4,NULL,NULL,'2010-12-27','2015-02-05',NULL,NULL,'881.00',0,0,1,0,1,1,NULL,NULL,NULL,NULL,NULL,'--- !ruby/hash:ActiveSupport::HashWithIndifferentAccess\nanschaffungskategorie: AV-Technik\nreference: invoice\numzug: zgeln\nankunftszustand: intakt\n','2015-02-05 07:50:18','2015-02-05 07:50:18'),(179,'le4gm3cmgps59636l4d1126','af:0d:49:9d:41:ab-c3:a1:62:f0:0e:be-06:2a:85:fd:15:f3',169,72,164,1,NULL,NULL,'2013-08-29','2015-02-05',NULL,NULL,'835.00',0,0,1,0,1,1,NULL,NULL,NULL,NULL,NULL,'--- !ruby/hash:ActiveSupport::HashWithIndifferentAccess\nanschaffungskategorie: AV-Technik\nreference: invoice\numzug: zgeln\nankunftszustand: intakt\n','2015-02-05 07:50:18','2015-02-05 07:50:18'),(180,'jy1zu7c7twlijlecvu68127','dd:a3:c7:ed:f1:4c-81:0e:59:4a:79:be-38:9d:1f:4e:ec:52',170,73,165,2,NULL,NULL,'2013-02-01','2015-02-05',NULL,NULL,'175.00',0,0,1,0,1,1,NULL,NULL,NULL,NULL,NULL,'--- !ruby/hash:ActiveSupport::HashWithIndifferentAccess\nanschaffungskategorie: AV-Technik\nreference: invoice\numzug: zgeln\nankunftszustand: intakt\n','2015-02-05 07:50:18','2015-02-05 07:50:18'),(181,'8kkiqo7wdw9auedkthv3128','0a:0f:49:70:bb:6a-c5:76:a2:d8:e5:d0-45:1e:cf:5c:5d:d4',171,74,166,1,NULL,NULL,'2014-10-06','2015-02-05',NULL,NULL,'1382.00',0,0,1,0,1,1,NULL,NULL,NULL,NULL,NULL,'--- !ruby/hash:ActiveSupport::HashWithIndifferentAccess\nanschaffungskategorie: AV-Technik\nreference: invoice\numzug: zgeln\nankunftszustand: intakt\n','2015-02-05 07:50:18','2015-02-05 07:50:18'),(182,'yy8zgkv3vxy9lg027a23129','4c:e8:07:67:13:a6-23:46:d5:55:d6:c6-e3:e6:c9:6f:83:e0',172,75,167,2,NULL,NULL,'2014-05-01','2015-02-05',NULL,NULL,'197.00',0,0,1,0,1,1,NULL,NULL,NULL,NULL,NULL,'--- !ruby/hash:ActiveSupport::HashWithIndifferentAccess\nanschaffungskategorie: AV-Technik\nreference: invoice\numzug: zgeln\nankunftszustand: intakt\n','2015-02-05 07:50:18','2015-02-05 07:50:18'),(183,'31r6zidstubzc38eu4bf130','32:a2:ea:41:bf:2e-11:9b:2d:a3:eb:cb-f0:f8:3c:19:bb:6c',173,76,168,6,NULL,NULL,'2012-12-10','2015-02-05',NULL,NULL,'87.00',0,0,1,0,1,1,NULL,NULL,NULL,NULL,NULL,'--- !ruby/hash:ActiveSupport::HashWithIndifferentAccess\nanschaffungskategorie: AV-Technik\nreference: invoice\numzug: zgeln\nankunftszustand: intakt\n','2015-02-05 07:50:18','2015-02-05 07:50:18'),(184,'e6gbdd9eogmsjybv7wl6131','4d:07:15:ed:69:97-f9:59:5d:6d:4e:62-4f:dd:8a:55:16:84',174,77,169,3,NULL,NULL,'2011-11-13','2015-02-04',NULL,NULL,'1371.00',0,0,1,0,1,1,NULL,NULL,NULL,NULL,NULL,'--- !ruby/hash:ActiveSupport::HashWithIndifferentAccess\nanschaffungskategorie: AV-Technik\nreference: invoice\numzug: zgeln\nankunftszustand: intakt\n','2015-02-04 07:50:18','2015-02-04 07:50:18'),(185,'4jra9gk6wyjw8jrdvye0132','57:7d:f5:e6:f9:25-c8:be:22:d4:13:74-16:80:5f:3b:1b:a7',175,78,170,1,NULL,NULL,'2010-07-15','2015-02-04',NULL,NULL,'535.00',0,0,1,0,1,1,NULL,NULL,NULL,NULL,NULL,'--- !ruby/hash:ActiveSupport::HashWithIndifferentAccess\nanschaffungskategorie: AV-Technik\nreference: invoice\numzug: zgeln\nankunftszustand: intakt\n','2015-02-04 07:50:18','2015-02-04 07:50:18'),(186,'4uwz9l2zzfxnow34rjym133','b5:1e:df:f3:0a:6d-8e:5e:e1:df:a1:e7-67:5b:ab:d8:49:74',176,79,171,8,NULL,NULL,'2011-03-15','2015-02-04',NULL,NULL,'1075.00',0,0,1,0,1,1,NULL,NULL,NULL,NULL,NULL,'--- !ruby/hash:ActiveSupport::HashWithIndifferentAccess\nanschaffungskategorie: AV-Technik\nreference: invoice\numzug: zgeln\nankunftszustand: intakt\n','2015-02-04 07:50:18','2015-02-04 07:50:18'),(187,'5lufsia70q47a0obtmc0134','f4:85:fc:63:d1:37-cc:24:e4:cc:63:14-6c:5d:85:9b:98:bf',177,80,172,10,NULL,NULL,'2012-11-05','2015-01-29',NULL,NULL,'501.00',0,0,1,0,1,1,NULL,NULL,NULL,NULL,NULL,'--- !ruby/hash:ActiveSupport::HashWithIndifferentAccess\nanschaffungskategorie: AV-Technik\nreference: invoice\numzug: zgeln\nankunftszustand: intakt\n','2015-01-29 07:50:18','2015-01-29 07:50:18'),(188,'dgm1zjxcg4vhgdalsv3q135','76:05:c0:61:1d:57-5f:fc:b9:26:d4:a1-5c:7a:1a:76:90:46',178,81,173,6,NULL,NULL,'2011-09-19','2015-01-29',NULL,NULL,'58.00',0,0,1,0,1,1,NULL,NULL,NULL,NULL,NULL,'--- !ruby/hash:ActiveSupport::HashWithIndifferentAccess\nanschaffungskategorie: AV-Technik\nreference: invoice\numzug: zgeln\nankunftszustand: intakt\n','2015-01-29 07:50:18','2015-01-29 07:50:18'),(189,'7xzloe4wlzb0aopv5s1e136','4c:0c:ed:cc:fe:17-72:12:5f:92:64:ce-f4:09:2c:f0:57:52',179,82,174,7,NULL,NULL,'2014-04-11','2015-01-29',NULL,NULL,'310.00',0,0,1,0,1,1,NULL,NULL,NULL,NULL,NULL,'--- !ruby/hash:ActiveSupport::HashWithIndifferentAccess\nanschaffungskategorie: AV-Technik\nreference: invoice\numzug: zgeln\nankunftszustand: intakt\n','2015-01-29 07:50:18','2015-01-29 07:50:18'),(190,'g9crzwrvb4u8q6zkypb6137','24:bb:ef:c7:75:c4-19:7f:24:54:36:dd-d0:ee:91:86:a1:05',180,83,175,9,NULL,NULL,'2012-02-22','2015-01-29',NULL,NULL,'1170.00',0,0,1,0,1,1,NULL,NULL,NULL,NULL,NULL,'--- !ruby/hash:ActiveSupport::HashWithIndifferentAccess\nanschaffungskategorie: AV-Technik\nreference: invoice\numzug: zgeln\nankunftszustand: intakt\n','2015-01-29 07:50:18','2015-01-29 07:50:18'),(191,'75m1ecdhf14mf9q8em29138','d6:d6:36:4e:24:e1-08:39:21:ab:2b:04-81:73:50:b0:5b:b5',181,84,176,11,NULL,NULL,'2011-11-13','2015-02-05',NULL,NULL,'205.00',0,0,1,0,12,1,NULL,NULL,NULL,NULL,NULL,'--- !ruby/hash:ActiveSupport::HashWithIndifferentAccess\nanschaffungskategorie: AV-Technik\nreference: invoice\numzug: zgeln\nankunftszustand: intakt\n','2015-02-05 07:50:18','2015-02-05 07:50:18'),(192,'xaa32x2oh8vx66hcs80n139','bb:df:b8:84:48:ed-31:56:ad:4c:b6:17-b3:6d:a3:84:f9:68',181,85,177,3,NULL,NULL,'2012-10-22','2015-02-05',NULL,NULL,'801.00',0,0,1,0,12,1,NULL,NULL,NULL,NULL,NULL,'--- !ruby/hash:ActiveSupport::HashWithIndifferentAccess\nanschaffungskategorie: AV-Technik\nreference: invoice\numzug: zgeln\nankunftszustand: intakt\n','2015-02-05 07:50:18','2015-02-05 07:50:18'),(193,'67w2wljfbzo9g0qj3ow1140','c3:c5:81:b1:8f:27-7a:48:b0:f2:39:82-67:76:99:49:3b:92',181,86,178,10,NULL,NULL,'2011-03-19','2015-02-05',NULL,NULL,'1362.00',0,0,1,0,12,1,NULL,NULL,NULL,NULL,NULL,'--- !ruby/hash:ActiveSupport::HashWithIndifferentAccess\nanschaffungskategorie: AV-Technik\nreference: invoice\numzug: zgeln\nankunftszustand: intakt\n','2015-02-05 07:50:18','2015-02-05 07:50:18'),(194,'59mcree8mw1ww3mpq3o3141','c1:d1:7e:23:76:e3-14:ff:60:e2:7f:a8-24:07:54:de:7c:c9',185,87,179,7,NULL,NULL,'2014-03-11','2015-02-05',NULL,NULL,'281.00',0,0,1,0,12,1,NULL,NULL,NULL,NULL,NULL,'--- !ruby/hash:ActiveSupport::HashWithIndifferentAccess\nanschaffungskategorie: AV-Technik\nreference: invoice\numzug: zgeln\nankunftszustand: intakt\n','2015-02-05 07:50:18','2015-02-05 07:50:18'),(195,'uavptja7ka9jt0dy8f9x142','69:ef:0e:bc:73:82-8e:94:3c:10:0c:5a-24:a7:d9:91:ad:f5',185,88,180,11,NULL,NULL,'2011-07-15','2015-02-05',NULL,NULL,'945.00',0,0,1,0,12,1,NULL,NULL,NULL,NULL,NULL,'--- !ruby/hash:ActiveSupport::HashWithIndifferentAccess\nanschaffungskategorie: AV-Technik\nreference: invoice\numzug: zgeln\nankunftszustand: intakt\n','2015-02-05 07:50:18','2015-02-05 07:50:18'),(196,'azilmoy46dmvtyl8nryz143','94:fa:3b:cc:fb:91-f9:44:76:93:cd:58-75:02:b5:9c:a1:79',185,89,181,3,NULL,NULL,'2012-07-18','2015-02-05',NULL,NULL,'149.00',0,0,1,0,12,1,NULL,NULL,NULL,NULL,NULL,'--- !ruby/hash:ActiveSupport::HashWithIndifferentAccess\nanschaffungskategorie: AV-Technik\nreference: invoice\numzug: zgeln\nankunftszustand: intakt\n','2015-02-05 07:50:18','2015-02-05 07:50:18'),(197,'y7siko1osbvu93q0pqji144','31:f4:aa:9f:49:2e-40:21:ed:70:db:d2-ea:60:16:97:60:34',189,90,182,4,NULL,NULL,'2013-02-08','2015-02-05',NULL,NULL,'1375.00',0,0,1,0,12,1,NULL,NULL,NULL,NULL,NULL,'--- !ruby/hash:ActiveSupport::HashWithIndifferentAccess\nanschaffungskategorie: AV-Technik\nreference: invoice\numzug: zgeln\nankunftszustand: intakt\n','2015-02-05 07:50:18','2015-02-05 07:50:18'),(198,'jgtmqb7284xnxey5l10p145','e1:11:c5:e4:ff:51-2c:e7:3f:90:69:62-82:24:4e:62:1d:39',189,91,183,8,NULL,NULL,'2013-08-03','2015-02-05',NULL,NULL,'387.00',0,0,1,0,12,1,NULL,NULL,NULL,NULL,NULL,'--- !ruby/hash:ActiveSupport::HashWithIndifferentAccess\nanschaffungskategorie: AV-Technik\nreference: invoice\numzug: zgeln\nankunftszustand: intakt\n','2015-02-05 07:50:18','2015-02-05 07:50:18'),(199,'ft3m33qoawru7vw698d8146','b8:fd:b3:f8:4d:76-43:aa:b0:4a:c9:07-6e:c2:95:b7:95:db',189,92,184,2,NULL,NULL,'2014-01-08','2015-02-05',NULL,NULL,'858.00',0,0,1,0,12,1,NULL,NULL,NULL,NULL,NULL,'--- !ruby/hash:ActiveSupport::HashWithIndifferentAccess\nanschaffungskategorie: AV-Technik\nreference: invoice\numzug: zgeln\nankunftszustand: intakt\n','2015-02-05 07:50:18','2015-02-05 07:50:18'),(200,'qpbyfygw0sr3chb9mwhk147','8c:91:c1:75:e6:d9-c2:20:22:69:1d:d8-f6:c8:81:71:ad:af',193,93,185,8,NULL,NULL,'2012-05-26','2015-02-05',NULL,NULL,'958.00',0,0,1,0,12,1,NULL,NULL,NULL,NULL,NULL,'--- !ruby/hash:ActiveSupport::HashWithIndifferentAccess\nanschaffungskategorie: AV-Technik\nreference: invoice\numzug: zgeln\nankunftszustand: intakt\n','2015-02-05 07:50:18','2015-02-05 07:50:18'),(201,'weumnabk9a9ekbymch7h148','df:3a:93:ab:cc:01-8a:46:23:0e:ca:43-7d:9d:7a:53:6a:b9',193,94,186,8,NULL,NULL,'2010-11-27','2015-02-05',NULL,NULL,'348.00',0,0,1,0,12,1,NULL,NULL,NULL,NULL,NULL,'--- !ruby/hash:ActiveSupport::HashWithIndifferentAccess\nanschaffungskategorie: AV-Technik\nreference: invoice\numzug: zgeln\nankunftszustand: intakt\n','2015-02-05 07:50:18','2015-02-05 07:50:18'),(202,'gkre2fw4kktzc98dqi36149','03:1f:ae:84:aa:22-be:9a:5b:e8:e1:a7-ed:83:32:28:a7:77',193,95,187,7,NULL,NULL,'2012-05-22','2015-02-05',NULL,NULL,'642.00',0,0,1,0,12,1,NULL,NULL,NULL,NULL,NULL,'--- !ruby/hash:ActiveSupport::HashWithIndifferentAccess\nanschaffungskategorie: AV-Technik\nreference: invoice\numzug: zgeln\nankunftszustand: intakt\n','2015-02-05 07:50:18','2015-02-05 07:50:18'),(203,'tkexg171qlkk5m8g96yc150','b9:0e:72:71:81:81-be:c0:72:11:af:08-5a:47:c7:1c:7d:fb',197,96,188,6,NULL,NULL,'2012-01-05','2015-02-05',NULL,NULL,'1413.00',0,0,1,0,12,1,NULL,NULL,NULL,NULL,NULL,'--- !ruby/hash:ActiveSupport::HashWithIndifferentAccess\nanschaffungskategorie: AV-Technik\nreference: invoice\numzug: zgeln\nankunftszustand: intakt\n','2015-02-05 07:50:18','2015-02-05 07:50:18'),(204,'uvd9xbnha35djmrdg7p6151','f6:0f:1a:52:d7:af-77:af:0a:69:a4:e3-ae:69:ba:06:13:41',197,97,189,11,NULL,NULL,'2011-06-29','2015-02-05',NULL,NULL,'930.00',0,0,1,0,12,1,NULL,NULL,NULL,NULL,NULL,'--- !ruby/hash:ActiveSupport::HashWithIndifferentAccess\nanschaffungskategorie: AV-Technik\nreference: invoice\numzug: zgeln\nankunftszustand: intakt\n','2015-02-05 07:50:18','2015-02-05 07:50:18'),(205,'5xtw7vw2yg1lfii12g3u152','f8:fd:ea:18:4a:21-f2:0d:fa:58:a3:7e-4a:d6:d0:c4:52:09',197,98,190,9,NULL,NULL,'2014-11-30','2015-02-05',NULL,NULL,'1368.00',0,0,1,0,12,1,NULL,NULL,NULL,NULL,NULL,'--- !ruby/hash:ActiveSupport::HashWithIndifferentAccess\nanschaffungskategorie: AV-Technik\nreference: invoice\numzug: zgeln\nankunftszustand: intakt\n','2015-02-05 07:50:18','2015-02-05 07:50:18'),(206,'nmg230nqfpatb28gc7pj153','43:7b:05:57:33:9f-c5:5d:aa:75:97:ad-83:af:53:9a:e9:58',201,99,191,3,NULL,NULL,'2011-07-18','2015-02-05',NULL,NULL,'824.00',0,0,1,0,1,1,NULL,NULL,NULL,NULL,NULL,'--- !ruby/hash:ActiveSupport::HashWithIndifferentAccess\nanschaffungskategorie: AV-Technik\nreference: invoice\numzug: zgeln\nankunftszustand: intakt\n','2015-02-05 07:50:18','2015-02-05 07:50:18'),(207,'0rdd0ol73ljlxeg96kgf154','60:04:69:57:94:53-1a:1a:8b:4a:f7:68-6a:2d:1f:f2:d0:ca',202,100,192,1,NULL,NULL,'2014-04-04','2015-02-05',NULL,NULL,'870.00',0,0,1,0,1,1,NULL,NULL,NULL,NULL,NULL,'--- !ruby/hash:ActiveSupport::HashWithIndifferentAccess\nanschaffungskategorie: AV-Technik\nreference: invoice\numzug: zgeln\nankunftszustand: intakt\n','2015-02-05 07:50:18','2015-02-05 07:50:18'),(208,'y0kuxtygn5o91ir7n8jc155','ef:43:46:f0:7f:d9-02:ef:49:a8:7a:8e-f3:f7:8d:32:44:0d',203,101,193,6,NULL,NULL,'2014-02-17','2015-02-05',NULL,NULL,'1056.00',0,0,1,0,1,1,NULL,NULL,NULL,NULL,NULL,'--- !ruby/hash:ActiveSupport::HashWithIndifferentAccess\nanschaffungskategorie: AV-Technik\nreference: invoice\numzug: zgeln\nankunftszustand: intakt\n','2015-02-05 07:50:18','2015-02-05 07:50:18'),(209,'hcih7ohojspi4n8g844b156','a2:37:3a:7e:63:ab-21:12:6e:5a:9e:01-cd:26:7d:75:97:ad',204,102,194,5,NULL,NULL,'2012-04-24','2015-02-05',NULL,NULL,'409.00',0,0,1,0,1,1,NULL,NULL,NULL,NULL,NULL,'--- !ruby/hash:ActiveSupport::HashWithIndifferentAccess\nanschaffungskategorie: AV-Technik\nreference: invoice\numzug: zgeln\nankunftszustand: intakt\n','2015-02-05 07:50:18','2015-02-05 07:50:18'),(210,'d7wgf4rs408hkgdmczxn157','7f:01:b4:e3:46:6b-a9:91:7b:2e:25:6b-78:30:8b:92:7b:7a',205,103,195,8,NULL,NULL,'2012-05-01','2015-02-05',NULL,NULL,'1471.00',0,0,1,0,1,1,NULL,NULL,NULL,NULL,NULL,'--- !ruby/hash:ActiveSupport::HashWithIndifferentAccess\nanschaffungskategorie: AV-Technik\nreference: invoice\numzug: zgeln\nankunftszustand: intakt\n','2015-02-05 07:50:18','2015-02-05 07:50:18'),(211,'707jnjgg2qy751bbetps158','61:e1:b6:8f:06:1f-d2:96:e3:d8:25:18-4b:0f:9e:14:79:52',206,104,196,9,NULL,NULL,'2014-11-23','2015-02-05',NULL,NULL,'467.00',0,0,1,0,1,1,NULL,NULL,NULL,NULL,NULL,'--- !ruby/hash:ActiveSupport::HashWithIndifferentAccess\nanschaffungskategorie: AV-Technik\nreference: invoice\numzug: zgeln\nankunftszustand: intakt\n','2015-02-05 07:50:18','2015-02-05 07:50:18'),(212,'0fimykg0g54hgyanvy24159','1b:bb:df:69:6a:03-33:32:ae:d3:97:02-a2:80:e9:8c:76:a1',207,105,197,5,NULL,NULL,'2011-06-19','2015-02-05',NULL,NULL,'167.00',0,0,1,0,1,1,NULL,NULL,NULL,NULL,NULL,'--- !ruby/hash:ActiveSupport::HashWithIndifferentAccess\nanschaffungskategorie: AV-Technik\nreference: invoice\numzug: zgeln\nankunftszustand: intakt\n','2015-02-05 07:50:18','2015-02-05 07:50:18'),(213,'sw0a6d85xxk8p2hylu56160','d5:2c:0a:18:4a:8e-b6:a5:c9:71:83:ff-e7:f7:21:08:f8:9e',208,106,198,1,NULL,NULL,'2014-06-03','2015-02-05',NULL,NULL,'225.00',0,0,1,0,1,1,NULL,NULL,NULL,NULL,NULL,'--- !ruby/hash:ActiveSupport::HashWithIndifferentAccess\nanschaffungskategorie: AV-Technik\nreference: invoice\numzug: zgeln\nankunftszustand: intakt\n','2015-02-05 07:50:18','2015-02-05 07:50:18'),(214,'jolws1clhok7gg5x66jt161','aa:87:3a:e4:2e:54-78:e0:99:71:08:f3-72:dc:ba:d4:21:3c',209,107,199,12,NULL,NULL,'2010-06-08','2015-02-05',NULL,NULL,'1066.00',0,0,1,0,1,1,NULL,NULL,NULL,NULL,NULL,'--- !ruby/hash:ActiveSupport::HashWithIndifferentAccess\nanschaffungskategorie: AV-Technik\nreference: invoice\numzug: zgeln\nankunftszustand: intakt\n','2015-02-05 07:50:18','2015-02-05 07:50:18'),(215,'80esmgyxk0mv71ul30tt162','78:e5:b5:7e:73:6c-ab:6a:02:da:34:66-76:36:96:f4:06:dc',210,108,200,12,NULL,NULL,'2014-11-18','2015-02-05',NULL,NULL,'568.00',0,0,1,0,1,1,NULL,NULL,NULL,NULL,NULL,'--- !ruby/hash:ActiveSupport::HashWithIndifferentAccess\nanschaffungskategorie: AV-Technik\nreference: invoice\numzug: zgeln\nankunftszustand: intakt\n','2015-02-05 07:50:18','2015-02-05 07:50:18'),(216,'s081f2fxb7q5nm9f1o5d163','d3:2e:54:36:d5:47-ee:84:76:a8:72:09-20:45:4a:30:09:55',211,109,201,4,NULL,NULL,'2014-10-05','2015-02-05',NULL,NULL,'164.00',0,0,1,0,1,1,NULL,NULL,NULL,NULL,NULL,'--- !ruby/hash:ActiveSupport::HashWithIndifferentAccess\nanschaffungskategorie: AV-Technik\nreference: invoice\numzug: zgeln\nankunftszustand: intakt\n','2015-02-05 07:50:18','2015-02-05 07:50:18'),(217,'xv1k1t0ttqjflr6qbs68164','9f:dc:23:55:8c:48-d7:0d:32:82:80:6b-00:ce:c6:99:a5:c2',212,110,202,1,NULL,NULL,'2014-02-16','2015-02-05',NULL,NULL,'563.00',0,0,1,0,1,1,NULL,NULL,NULL,NULL,NULL,'--- !ruby/hash:ActiveSupport::HashWithIndifferentAccess\nanschaffungskategorie: AV-Technik\nreference: invoice\numzug: zgeln\nankunftszustand: intakt\n','2015-02-05 07:50:18','2015-02-05 07:50:18'),(218,'uekry3h5svn8ex4man8d165','ed:7e:63:27:1d:c7-96:8d:54:0b:da:db-69:aa:7f:9a:a5:c7',213,111,203,5,NULL,NULL,'2012-02-06','2015-02-05',NULL,NULL,'388.00',0,0,1,0,1,1,NULL,NULL,NULL,NULL,NULL,'--- !ruby/hash:ActiveSupport::HashWithIndifferentAccess\nanschaffungskategorie: AV-Technik\nreference: invoice\numzug: zgeln\nankunftszustand: intakt\n','2015-02-05 07:50:18','2015-02-05 07:50:18'),(219,'56c1uyxu13n7hn1xsd95166','9b:56:a2:91:72:9c-a1:66:02:17:74:6d-3d:5c:55:d7:66:9e',214,112,204,1,NULL,NULL,'2014-11-15','2015-02-05',NULL,NULL,'171.00',0,0,1,0,1,1,NULL,NULL,NULL,NULL,NULL,'--- !ruby/hash:ActiveSupport::HashWithIndifferentAccess\nanschaffungskategorie: AV-Technik\nreference: invoice\numzug: zgeln\nankunftszustand: intakt\n','2015-02-05 07:50:18','2015-02-05 07:50:18'),(220,'dbnm0skqvy7tr0b62nc4167','33:11:5a:60:35:3e-c7:30:56:9a:a1:f3-ed:8c:71:d4:cf:95',215,113,205,5,NULL,NULL,'2014-11-01','2015-02-05',NULL,NULL,'477.00',0,0,1,0,1,1,NULL,NULL,NULL,NULL,NULL,'--- !ruby/hash:ActiveSupport::HashWithIndifferentAccess\nanschaffungskategorie: AV-Technik\nreference: invoice\numzug: zgeln\nankunftszustand: intakt\n','2015-02-05 07:50:18','2015-02-05 07:50:18'),(221,'0os381j0dfu1hipzmbms168','8a:70:73:92:7e:e5-8c:8f:0b:15:62:08-b5:83:92:ae:ad:0c',216,114,206,10,NULL,NULL,'2010-11-02','2015-02-05',NULL,NULL,'1438.00',0,0,1,0,1,1,NULL,NULL,NULL,NULL,NULL,'--- !ruby/hash:ActiveSupport::HashWithIndifferentAccess\nanschaffungskategorie: AV-Technik\nreference: invoice\numzug: zgeln\nankunftszustand: intakt\n','2015-02-05 07:50:18','2015-02-05 07:50:18'),(222,'9uvy1qr059y220yp6m1b169','eb:94:72:f2:70:18-09:33:fe:11:d8:f7-24:f2:c2:fd:e8:69',217,115,207,10,NULL,NULL,'2010-08-27','2015-02-05',NULL,NULL,'1320.00',0,0,1,0,1,1,NULL,NULL,NULL,NULL,NULL,'--- !ruby/hash:ActiveSupport::HashWithIndifferentAccess\nanschaffungskategorie: AV-Technik\nreference: invoice\numzug: zgeln\nankunftszustand: intakt\n','2015-02-05 07:50:18','2015-02-05 07:50:18'),(223,'esgcr6d8mqlmje3zz3vk170','df:eb:53:17:da:fd-0a:26:27:ac:a8:ac-8c:3b:a8:61:4c:98',218,116,208,10,NULL,NULL,'2014-04-29','2015-02-05',NULL,NULL,'6.00',0,0,1,0,1,1,NULL,NULL,NULL,NULL,NULL,'--- !ruby/hash:ActiveSupport::HashWithIndifferentAccess\nanschaffungskategorie: AV-Technik\nreference: invoice\numzug: zgeln\nankunftszustand: intakt\n','2015-02-05 07:50:18','2015-02-05 07:50:18'),(224,'h10ywvfxehtyq7zf4t8o171','5a:37:db:d2:c7:f2-48:5c:2f:ca:52:ee-15:1f:93:6c:9f:42',219,117,209,8,NULL,NULL,'2011-10-04','2015-02-05',NULL,NULL,'291.00',0,0,1,0,1,1,NULL,NULL,NULL,NULL,NULL,'--- !ruby/hash:ActiveSupport::HashWithIndifferentAccess\nanschaffungskategorie: AV-Technik\nreference: invoice\numzug: zgeln\nankunftszustand: intakt\n','2015-02-05 07:50:18','2015-02-05 07:50:18'),(225,'rwokxas4ykkczn52qje8172','74:e1:dd:06:51:1e-7f:54:a7:69:e4:47-82:fb:84:93:d8:00',220,118,210,2,NULL,NULL,'2012-07-19','2015-02-05',NULL,NULL,'820.00',0,0,1,0,1,1,NULL,NULL,NULL,NULL,NULL,'--- !ruby/hash:ActiveSupport::HashWithIndifferentAccess\nanschaffungskategorie: AV-Technik\nreference: invoice\numzug: zgeln\nankunftszustand: intakt\n','2015-02-05 07:50:18','2015-02-05 07:50:18'),(226,'u5gqm1eplla91vahvh6s173','e0:7f:c8:d1:d9:e3-d3:cf:dc:12:10:5d-d2:f1:c6:4c:78:cc',221,119,211,2,NULL,NULL,'2014-04-07','2015-02-05',NULL,NULL,'3.00',0,0,1,0,1,1,NULL,NULL,NULL,NULL,NULL,'--- !ruby/hash:ActiveSupport::HashWithIndifferentAccess\nanschaffungskategorie: AV-Technik\nreference: invoice\numzug: zgeln\nankunftszustand: intakt\n','2015-02-05 07:50:18','2015-02-05 07:50:18'),(227,'a5v4ooz3rac6cd60k3by174','8e:29:f6:5a:08:60-dc:2c:97:12:cf:91-a4:6a:1b:45:f9:35',222,120,212,3,NULL,NULL,'2014-09-20','2015-02-05',NULL,NULL,'1305.00',0,0,1,0,1,1,NULL,NULL,NULL,NULL,NULL,'--- !ruby/hash:ActiveSupport::HashWithIndifferentAccess\nanschaffungskategorie: AV-Technik\nreference: invoice\numzug: zgeln\nankunftszustand: intakt\n','2015-02-05 07:50:18','2015-02-05 07:50:18'),(228,'oo5b3gzruivsm8o7mntr175','f3:d8:63:f3:1b:80-ea:64:e8:0e:da:96-f1:e2:dc:bc:72:6a',223,121,213,6,NULL,NULL,'2012-12-01','2015-02-05',NULL,NULL,'853.00',0,0,1,0,1,1,NULL,NULL,NULL,NULL,NULL,'--- !ruby/hash:ActiveSupport::HashWithIndifferentAccess\nanschaffungskategorie: AV-Technik\nreference: invoice\numzug: zgeln\nankunftszustand: intakt\n','2015-02-05 07:50:18','2015-02-05 07:50:18'),(229,'s7v6rp6xu48tlacvwikn176','02:57:c0:4c:7c:e4-2f:f2:c2:57:ce:3d-69:b1:df:cc:43:8d',224,122,214,5,NULL,NULL,'2011-11-13','2015-02-05',NULL,NULL,'889.00',0,0,1,0,1,1,NULL,NULL,NULL,NULL,NULL,'--- !ruby/hash:ActiveSupport::HashWithIndifferentAccess\nanschaffungskategorie: AV-Technik\nreference: invoice\numzug: zgeln\nankunftszustand: intakt\n','2015-02-05 07:50:18','2015-02-05 07:50:18'),(230,'58u4rz4mw05zvbo12m0h177','ff:a5:1f:a7:fb:73-5e:d8:f8:c3:fe:e4-a3:2f:ad:d2:95:de',225,123,215,6,NULL,NULL,'2014-02-04','2015-02-05',NULL,NULL,'291.00',0,0,1,0,1,1,NULL,NULL,NULL,NULL,NULL,'--- !ruby/hash:ActiveSupport::HashWithIndifferentAccess\nanschaffungskategorie: AV-Technik\nreference: invoice\numzug: zgeln\nankunftszustand: intakt\n','2015-02-05 07:50:18','2015-02-05 07:50:18'),(231,'p9a1bw31biy3j60cl7r9178','b1:fc:02:c5:ec:ba-46:ce:8d:db:cf:b1-15:dd:7b:62:bd:57',226,124,216,6,NULL,NULL,'2010-08-18','2015-02-05',NULL,NULL,'699.00',0,0,1,0,1,1,NULL,NULL,NULL,NULL,NULL,'--- !ruby/hash:ActiveSupport::HashWithIndifferentAccess\nanschaffungskategorie: AV-Technik\nreference: invoice\numzug: zgeln\nankunftszustand: intakt\n','2015-02-05 07:50:18','2015-02-05 07:50:18'),(232,'ejldnor3l6pp1ck0akhq179','46:6c:83:9e:69:02-7e:37:07:30:de:2e-05:91:5e:f4:41:f7',227,125,217,12,NULL,NULL,'2012-11-18','2015-02-05',NULL,NULL,'454.00',0,0,1,0,1,1,NULL,NULL,NULL,NULL,NULL,'--- !ruby/hash:ActiveSupport::HashWithIndifferentAccess\nanschaffungskategorie: AV-Technik\nreference: invoice\numzug: zgeln\nankunftszustand: intakt\n','2015-02-05 07:50:18','2015-02-05 07:50:18'),(233,'05pnsvholn7f1p24swok180','02:ca:fb:3c:0d:20-90:6f:9f:5f:1a:6a-fe:26:46:31:dc:1e',228,126,218,4,NULL,NULL,'2013-07-24','2015-02-05',NULL,NULL,'1044.00',0,0,1,0,1,1,NULL,NULL,NULL,NULL,NULL,'--- !ruby/hash:ActiveSupport::HashWithIndifferentAccess\nanschaffungskategorie: AV-Technik\nreference: invoice\numzug: zgeln\nankunftszustand: intakt\n','2015-02-05 07:50:18','2015-02-05 07:50:18'),(234,'152l7rn47fm32pz265w2181','55:46:a4:20:9f:8e-09:7f:f3:ab:32:09-cf:53:95:9f:4f:b9',229,127,219,11,NULL,NULL,'2012-11-16','2015-02-05',NULL,NULL,'429.00',0,0,1,0,1,1,NULL,NULL,NULL,NULL,NULL,'--- !ruby/hash:ActiveSupport::HashWithIndifferentAccess\nanschaffungskategorie: AV-Technik\nreference: invoice\numzug: zgeln\nankunftszustand: intakt\n','2015-02-05 07:50:18','2015-02-05 07:50:18'),(235,'yz9vq38vpywfpaatbhcl182','15:02:9b:26:23:e5-f9:dd:4e:ae:68:53-99:03:b0:d7:d0:7f',230,128,220,11,NULL,NULL,'2010-07-01','2015-02-05',NULL,NULL,'365.00',0,0,1,0,1,1,NULL,NULL,NULL,NULL,NULL,'--- !ruby/hash:ActiveSupport::HashWithIndifferentAccess\nanschaffungskategorie: AV-Technik\nreference: invoice\numzug: zgeln\nankunftszustand: intakt\n','2015-02-05 07:50:18','2015-02-05 07:50:18'),(236,'p4ylwfte8qeiabp2nxf3183','be:76:43:5b:d0:7a-dc:94:01:db:f0:6c-9e:fb:25:9a:b9:25',231,129,221,5,NULL,NULL,'2012-11-03','2015-02-05',NULL,NULL,'790.00',0,0,1,0,1,1,NULL,NULL,NULL,NULL,NULL,'--- !ruby/hash:ActiveSupport::HashWithIndifferentAccess\nanschaffungskategorie: AV-Technik\nreference: invoice\numzug: zgeln\nankunftszustand: intakt\n','2015-02-05 07:50:18','2015-02-05 07:50:18'),(237,'bugeqeqhikjxd56cb4pd184','a2:ab:c9:f1:7c:fc-88:a1:e5:9f:30:9f-a4:f5:bf:75:72:b5',232,130,222,2,NULL,NULL,'2013-04-20','2015-02-05',NULL,NULL,'75.00',0,0,1,0,1,1,NULL,NULL,NULL,NULL,NULL,'--- !ruby/hash:ActiveSupport::HashWithIndifferentAccess\nanschaffungskategorie: AV-Technik\nreference: invoice\numzug: zgeln\nankunftszustand: intakt\n','2015-02-05 07:50:18','2015-02-05 07:50:18'),(238,'jjfxbnz261myulf4lda6185','b6:b1:dd:4a:28:2e-57:86:19:ac:fa:43-0f:48:65:27:1d:f1',233,131,223,10,NULL,NULL,'2013-03-20','2015-02-05',NULL,NULL,'1051.00',0,0,1,0,1,1,NULL,NULL,NULL,NULL,NULL,'--- !ruby/hash:ActiveSupport::HashWithIndifferentAccess\nanschaffungskategorie: AV-Technik\nreference: invoice\numzug: zgeln\nankunftszustand: intakt\n','2015-02-05 07:50:18','2015-02-05 07:50:18'),(239,'iqtbnqmrdrdlnix10h6w186','cb:97:c8:e9:1a:59-30:bd:49:56:23:5b-09:29:90:75:8a:c7',234,132,224,4,NULL,NULL,'2014-11-05','2015-02-05',NULL,NULL,'1233.00',0,0,1,0,1,1,NULL,NULL,NULL,NULL,NULL,'--- !ruby/hash:ActiveSupport::HashWithIndifferentAccess\nanschaffungskategorie: AV-Technik\nreference: invoice\numzug: zgeln\nankunftszustand: intakt\n','2015-02-05 07:50:18','2015-02-05 07:50:18'),(240,'pbu1gt8vzyjouyojktuu187','b2:b3:01:82:4f:3a-9c:7e:2d:79:14:84-70:b2:93:76:ca:92',235,133,225,2,NULL,NULL,'2012-11-16','2015-02-05',NULL,NULL,'438.00',0,0,1,0,1,1,NULL,NULL,NULL,NULL,NULL,'--- !ruby/hash:ActiveSupport::HashWithIndifferentAccess\nanschaffungskategorie: AV-Technik\nreference: invoice\numzug: zgeln\nankunftszustand: intakt\n','2015-02-05 07:50:18','2015-02-05 07:50:18'),(241,'a2qdq47wks1srcz4aci4188','12:14:e0:f1:c3:49-8c:05:3b:3b:61:c7-ce:d1:3a:27:18:79',236,134,226,6,NULL,NULL,'2011-11-23','2015-02-05',NULL,NULL,'388.00',0,0,1,0,1,1,NULL,NULL,NULL,NULL,NULL,'--- !ruby/hash:ActiveSupport::HashWithIndifferentAccess\nanschaffungskategorie: AV-Technik\nreference: invoice\numzug: zgeln\nankunftszustand: intakt\n','2015-02-05 07:50:18','2015-02-05 07:50:18'),(242,'fdanam79yk4rfwxm816q189','fc:5e:1a:6a:19:9d-09:97:02:f3:f5:1d-e8:9c:72:8f:16:78',237,135,227,1,NULL,NULL,'2012-05-13','2015-02-05',NULL,NULL,'1404.00',0,0,1,0,1,1,NULL,NULL,NULL,NULL,NULL,'--- !ruby/hash:ActiveSupport::HashWithIndifferentAccess\nanschaffungskategorie: AV-Technik\nreference: invoice\numzug: zgeln\nankunftszustand: intakt\n','2015-02-05 07:50:18','2015-02-05 07:50:18'),(243,'mmmppdmaxxbaxj6gtggc190','cd:65:b6:c9:09:67-f3:92:0e:14:2e:de-72:3d:e6:99:cd:82',238,136,228,7,NULL,NULL,'2014-06-11','2015-02-05',NULL,NULL,'375.00',0,0,1,0,1,1,NULL,NULL,NULL,NULL,NULL,'--- !ruby/hash:ActiveSupport::HashWithIndifferentAccess\nanschaffungskategorie: AV-Technik\nreference: invoice\numzug: zgeln\nankunftszustand: intakt\n','2015-02-05 07:50:18','2015-02-05 07:50:18'),(244,'oy7keunrj6xn1r8c4for191','d0:88:ef:ff:21:9d-eb:ba:75:9c:5f:c3-c3:84:51:00:6a:8f',239,137,229,12,NULL,NULL,'2012-05-05','2015-02-05',NULL,NULL,'1417.00',0,0,1,0,1,1,NULL,NULL,NULL,NULL,NULL,'--- !ruby/hash:ActiveSupport::HashWithIndifferentAccess\nanschaffungskategorie: AV-Technik\nreference: invoice\numzug: zgeln\nankunftszustand: intakt\n','2015-02-05 07:50:18','2015-02-05 07:50:18'),(245,'73kmecckczjc8vyv8ixb192','b4:12:3a:b1:b8:1f-b1:9d:1c:eb:d1:05-bf:e7:c3:22:35:7d',240,138,230,2,NULL,NULL,'2010-06-26','2015-02-03',NULL,NULL,'1432.00',0,0,1,0,1,1,NULL,NULL,NULL,NULL,NULL,'--- !ruby/hash:ActiveSupport::HashWithIndifferentAccess\nanschaffungskategorie: AV-Technik\nreference: invoice\numzug: zgeln\nankunftszustand: intakt\n','2015-02-03 07:50:18','2015-02-03 07:50:18'),(246,'thcxxiym4896qlxz0aoj193','03:8d:1b:c9:c4:e9-ed:3b:cc:8d:d3:b2-8c:1b:22:49:e9:54',241,139,231,11,NULL,NULL,'2010-06-23','2015-02-03',NULL,NULL,'1016.00',0,0,1,0,1,1,NULL,NULL,NULL,NULL,NULL,'--- !ruby/hash:ActiveSupport::HashWithIndifferentAccess\nanschaffungskategorie: AV-Technik\nreference: invoice\numzug: zgeln\nankunftszustand: intakt\n','2015-02-03 07:50:18','2015-02-03 07:50:18'),(247,'ohz4lbv9nl4lnoxl1sx7194','99:87:ac:ef:97:fa-2d:e6:14:12:9e:0f-be:f8:6a:3e:e3:88',242,140,232,2,NULL,NULL,'2014-12-31','2015-02-03',NULL,NULL,'1473.00',0,0,1,0,1,1,NULL,NULL,NULL,NULL,NULL,'--- !ruby/hash:ActiveSupport::HashWithIndifferentAccess\nanschaffungskategorie: AV-Technik\nreference: invoice\numzug: zgeln\nankunftszustand: intakt\n','2015-02-03 07:50:18','2015-02-03 07:50:18'),(248,'hchyptx7h6u8jadgvzt7195','d5:d2:89:f2:24:dd-56:c1:c2:3a:26:b2-a1:9d:be:5b:f7:7c',243,141,233,7,NULL,NULL,'2014-03-04','2015-02-03',NULL,NULL,'635.00',0,0,1,0,1,1,NULL,NULL,NULL,NULL,NULL,'--- !ruby/hash:ActiveSupport::HashWithIndifferentAccess\nanschaffungskategorie: AV-Technik\nreference: invoice\numzug: zgeln\nankunftszustand: intakt\n','2015-02-03 07:50:18','2015-02-03 07:50:18'),(249,'lmczowq7ixbo5qm17plk196','8f:bb:06:63:75:34-eb:2f:ed:b2:3e:19-8f:1b:62:5f:2a:5b',244,142,234,3,NULL,NULL,'2010-08-30','2015-02-03',NULL,NULL,'719.00',0,0,1,0,1,1,NULL,NULL,NULL,NULL,NULL,'--- !ruby/hash:ActiveSupport::HashWithIndifferentAccess\nanschaffungskategorie: AV-Technik\nreference: invoice\numzug: zgeln\nankunftszustand: intakt\n','2015-02-03 07:50:18','2015-02-03 07:50:18'),(250,'pyxxae0pojtpacim00vq197','12:a9:b6:3b:5e:5b-bb:a2:dc:cc:ff:bf-80:b2:79:be:e2:bc',245,143,235,1,NULL,NULL,'2010-12-18','2015-02-05',NULL,NULL,'596.00',0,0,1,0,1,1,NULL,NULL,NULL,NULL,NULL,'--- !ruby/hash:ActiveSupport::HashWithIndifferentAccess\nanschaffungskategorie: AV-Technik\nreference: invoice\numzug: zgeln\nankunftszustand: intakt\n','2015-02-05 07:50:18','2015-02-05 07:50:18'),(251,'80bw0whnarhmp033t9or198','88:07:bc:3b:b1:d9-5d:4f:58:81:85:33-e9:33:ca:16:69:8a',246,NULL,NULL,2,NULL,NULL,NULL,NULL,NULL,NULL,NULL,0,0,0,0,1,0,NULL,NULL,NULL,NULL,NULL,'--- !ruby/hash:ActiveSupport::HashWithIndifferentAccess\nlicense_type: single_workplace\nactivation_type: serial_number\noperating_system:\n- windows\n- linux\ninstallation:\n- citrix\n- web\nprocured_by: Ayla Kunde\nreference: invoice\nmaintenance_contract: \'false\'\nmaintenance_currency: CHF\n','2015-02-05 07:50:18','2015-02-05 07:50:18'),(252,'zfxaszw5w9d0nj9muf8p199','21:ca:e0:27:16:53-27:3d:a9:eb:57:6b-3d:5c:5e:81:ad:b5',247,144,236,6,NULL,NULL,'2011-03-21','2015-01-31',NULL,NULL,'650.00',0,0,1,0,2,1,NULL,NULL,NULL,NULL,NULL,'--- !ruby/hash:ActiveSupport::HashWithIndifferentAccess\nanschaffungskategorie: AV-Technik\nreference: invoice\numzug: zgeln\nankunftszustand: intakt\n','2015-01-31 07:50:18','2015-01-31 07:50:18'),(253,'nfq2nm4v045r7b1xa8vw200','d8:91:20:02:1e:49-90:d3:0b:1e:d3:c2-19:fb:e4:57:39:2c',248,145,237,2,NULL,NULL,'2010-11-19','2015-02-05',NULL,NULL,'840.00',0,0,1,0,1,1,NULL,NULL,NULL,NULL,NULL,'--- !ruby/hash:ActiveSupport::HashWithIndifferentAccess\nanschaffungskategorie: AV-Technik\nreference: invoice\numzug: zgeln\nankunftszustand: intakt\n','2015-02-05 07:50:18','2015-02-05 07:50:18'),(254,'kql3y5avwporhmxkyep1201','f6:a4:70:ab:e8:a8-b8:fe:ca:c8:5e:a8-5a:9a:a7:75:1c:db',249,NULL,NULL,10,NULL,NULL,NULL,NULL,NULL,NULL,NULL,0,0,0,0,1,0,NULL,NULL,NULL,NULL,NULL,'--- !ruby/hash:ActiveSupport::HashWithIndifferentAccess\nlicense_type: single_workplace\nactivation_type: serial_number\noperating_system:\n- windows\n- linux\ninstallation:\n- citrix\n- web\nreference: invoice\nmaintenance_contract: \'false\'\nmaintenance_currency: CHF\n','2015-02-05 07:50:18','2015-02-05 07:50:18'),(255,'pna05c46de54gh534c0h202','f8:d5:5a:70:38:89-5a:fe:48:48:84:11-79:a3:2c:01:ff:c1',250,NULL,238,1,NULL,NULL,'2012-02-15','2015-02-05',NULL,NULL,'109.00',0,0,1,0,1,1,NULL,NULL,NULL,NULL,NULL,'--- !ruby/hash:ActiveSupport::HashWithIndifferentAccess\nanschaffungskategorie: AV-Technik\nreference: invoice\numzug: zgeln\nankunftszustand: intakt\n','2015-02-05 07:50:18','2015-02-05 07:50:18'),(256,'bstesj4hk9q9af1lha5f203','85:95:40:2a:38:4a-bb:d7:e5:34:74:59-7a:3e:b0:33:2b:90',251,146,239,1,NULL,NULL,'2011-05-21','2015-02-05',NULL,NULL,'170.00',0,0,1,0,1,1,NULL,NULL,NULL,NULL,NULL,'--- !ruby/hash:ActiveSupport::HashWithIndifferentAccess\nanschaffungskategorie: AV-Technik\nreference: invoice\numzug: zgeln\nankunftszustand: intakt\n','2015-02-05 07:50:18','2015-02-05 07:50:18'),(257,'7pbx6qoazndt1hikx4jc204','5a:0b:0a:cb:df:6a-53:42:63:71:8e:62-73:16:d0:2a:3d:51',252,147,240,11,NULL,NULL,'2010-12-24','2015-02-05',NULL,NULL,'37.00',0,0,1,0,2,1,NULL,NULL,NULL,NULL,NULL,'--- !ruby/hash:ActiveSupport::HashWithIndifferentAccess\nanschaffungskategorie: AV-Technik\nreference: invoice\numzug: zgeln\nankunftszustand: intakt\n','2015-02-05 07:50:18','2015-02-05 07:50:18'),(258,'d20yf99ft324qhu9ry9t205','2a:27:63:87:36:23-ad:03:2b:65:6c:fe-67:ad:d2:b7:ce:9d',253,148,241,2,NULL,NULL,'2011-03-16','2015-02-05',NULL,NULL,'217.00',0,0,1,0,2,1,NULL,NULL,NULL,NULL,NULL,'--- !ruby/hash:ActiveSupport::HashWithIndifferentAccess\nanschaffungskategorie: AV-Technik\nreference: invoice\numzug: zgeln\nankunftszustand: intakt\n','2015-02-05 07:50:18','2015-02-05 07:50:18'),(259,'k27nax4539o5oj5pom7o206','96:e5:d8:1c:2f:17-70:a8:fc:a2:de:74-b8:30:dc:d4:c0:47',254,149,242,2,NULL,NULL,'2012-09-18','2015-02-05',NULL,NULL,'93.00',0,0,1,0,2,1,NULL,NULL,NULL,NULL,NULL,'--- !ruby/hash:ActiveSupport::HashWithIndifferentAccess\nanschaffungskategorie: AV-Technik\nreference: invoice\numzug: zgeln\nankunftszustand: intakt\n','2015-02-05 07:50:18','2015-02-05 07:50:18'),(260,'hkrxwwtfafwcuvsvl0o7207','1f:07:f3:de:fd:3b-6f:f1:47:67:97:86-2c:29:45:ba:b7:c9',255,150,243,1,NULL,NULL,'2012-11-18','2015-02-05',NULL,NULL,'427.00',0,0,1,0,1,1,NULL,NULL,NULL,NULL,NULL,'--- !ruby/hash:ActiveSupport::HashWithIndifferentAccess\nanschaffungskategorie: AV-Technik\nreference: invoice\numzug: zgeln\nankunftszustand: intakt\n','2015-02-05 07:50:18','2015-02-05 07:50:18'),(261,'o0w1cn77kvw8charc0m2208','5e:7f:d2:3f:27:d4-a9:a6:9d:34:b4:6b-65:f8:31:76:7d:7e',256,151,244,12,NULL,NULL,'2014-04-19','2015-02-05',NULL,NULL,'700.00',0,0,1,0,1,1,NULL,NULL,NULL,NULL,NULL,'--- !ruby/hash:ActiveSupport::HashWithIndifferentAccess\nanschaffungskategorie: AV-Technik\nreference: invoice\numzug: zgeln\nankunftszustand: intakt\n','2015-02-05 07:50:18','2015-02-05 07:50:18'),(262,'2glt0oewyyg8zre655dy209','3f:01:3c:b5:45:04-b5:18:9d:f8:20:e4-0d:67:cd:ca:b6:2d',257,152,245,8,NULL,NULL,'2014-10-21','2015-02-05',NULL,NULL,'468.00',0,0,1,0,1,1,NULL,NULL,NULL,NULL,NULL,'--- !ruby/hash:ActiveSupport::HashWithIndifferentAccess\nanschaffungskategorie: AV-Technik\nreference: invoice\numzug: zgeln\nankunftszustand: intakt\n','2015-02-05 07:50:18','2015-02-05 07:50:18'),(263,'lggzhsw3ycqkxnamekcl210','96:94:e9:ee:87:9c-1c:1f:66:99:f6:3c-72:c6:68:47:5d:43',258,153,246,9,NULL,NULL,'2012-11-24','2015-02-05',NULL,NULL,'320.00',0,0,1,0,1,1,NULL,NULL,NULL,NULL,NULL,'--- !ruby/hash:ActiveSupport::HashWithIndifferentAccess\nanschaffungskategorie: AV-Technik\nreference: invoice\numzug: zgeln\nankunftszustand: intakt\n','2015-02-05 07:50:18','2015-02-05 07:50:18'),(264,'zymzlsezphdhspnfuvyi211','4b:fb:98:bf:6f:c7-ee:cc:32:4b:89:32-c2:50:84:8f:9e:98',259,154,247,10,NULL,NULL,'2013-10-29','2015-02-05',NULL,NULL,'1370.00',0,0,1,0,1,1,NULL,NULL,NULL,NULL,NULL,'--- !ruby/hash:ActiveSupport::HashWithIndifferentAccess\nanschaffungskategorie: AV-Technik\nreference: invoice\numzug: zgeln\nankunftszustand: intakt\n','2015-02-05 07:50:18','2015-02-05 07:50:18'),(265,'ifi4j1x3fr30qnqmlvt6212','bb:f4:10:87:2f:6d-fe:73:00:ce:ad:6a-e2:25:9e:fc:4f:5f',260,155,248,6,NULL,NULL,'2013-11-05','2015-02-05',NULL,NULL,'192.00',0,0,1,0,1,1,NULL,NULL,NULL,NULL,NULL,'--- !ruby/hash:ActiveSupport::HashWithIndifferentAccess\nanschaffungskategorie: AV-Technik\nreference: invoice\numzug: zgeln\nankunftszustand: intakt\n','2015-02-05 07:50:18','2015-02-05 07:50:18'),(266,'97pceeyjpvfbfqlvcg39213','89:23:11:42:6c:af-2e:5a:82:db:b7:e7-f4:53:90:af:3c:3a',261,156,249,10,NULL,NULL,'2013-05-07','2015-02-05',NULL,NULL,'1012.00',0,0,1,0,1,1,NULL,NULL,NULL,NULL,NULL,'--- !ruby/hash:ActiveSupport::HashWithIndifferentAccess\nanschaffungskategorie: AV-Technik\nreference: invoice\numzug: zgeln\nankunftszustand: intakt\n','2015-02-05 07:50:18','2015-02-05 07:50:18'),(267,'g5flfl5do4gd5z34tnqi214','58:df:85:78:a5:6d-d8:b3:fd:6f:ab:15-a7:f1:07:62:e3:a5',262,157,250,9,NULL,NULL,'2010-10-19','2015-02-05',NULL,NULL,'1007.00',0,0,1,0,1,1,NULL,NULL,NULL,NULL,NULL,'--- !ruby/hash:ActiveSupport::HashWithIndifferentAccess\nanschaffungskategorie: AV-Technik\nreference: invoice\numzug: zgeln\nankunftszustand: intakt\n','2015-02-05 07:50:18','2015-02-05 07:50:18'),(268,'utzsk787bx20o6bysksl215','cf:f8:da:e1:2f:cd-2a:5f:c3:5a:51:24-57:0a:2d:16:b0:f1',263,158,251,12,NULL,NULL,'2013-05-22','2015-02-05',NULL,NULL,'174.00',0,0,1,0,1,1,NULL,NULL,NULL,NULL,NULL,'--- !ruby/hash:ActiveSupport::HashWithIndifferentAccess\nanschaffungskategorie: AV-Technik\nreference: invoice\numzug: zgeln\nankunftszustand: intakt\n','2015-02-05 07:50:18','2015-02-05 07:50:18'),(269,'9p4b111h1iw6b7l8j9f7216','be:c4:b3:52:eb:82-26:e6:82:7a:fc:60-e4:7a:c0:2b:f7:a2',264,159,252,10,NULL,NULL,'2011-01-28','2015-02-05',NULL,NULL,'946.00',0,0,1,0,1,1,NULL,NULL,NULL,NULL,NULL,'--- !ruby/hash:ActiveSupport::HashWithIndifferentAccess\nanschaffungskategorie: AV-Technik\nreference: invoice\numzug: zgeln\nankunftszustand: intakt\n','2015-02-05 07:50:18','2015-02-05 07:50:18'),(270,'1sy3r0ejw6cvbskq1fsu217','23:77:4a:39:61:1f-d3:c7:77:37:cc:bf-a9:57:d1:3f:6e:7e',265,160,253,1,NULL,NULL,'2012-04-22','2015-02-05',NULL,NULL,'573.00',0,0,1,0,1,1,NULL,NULL,NULL,NULL,NULL,'--- !ruby/hash:ActiveSupport::HashWithIndifferentAccess\nanschaffungskategorie: AV-Technik\nreference: invoice\numzug: zgeln\nankunftszustand: intakt\n','2015-02-05 07:50:18','2015-02-05 07:50:18'),(271,'jrg6tv6muugkk236bpnf218','58:30:c4:1b:6b:f3-31:bd:a2:e4:c4:fd-fa:b4:05:15:ed:0f',266,161,254,1,NULL,NULL,'2014-07-25','2015-02-05',NULL,NULL,'45.00',0,0,1,0,1,1,NULL,NULL,NULL,NULL,NULL,'--- !ruby/hash:ActiveSupport::HashWithIndifferentAccess\nanschaffungskategorie: AV-Technik\nreference: invoice\numzug: zgeln\nankunftszustand: intakt\n','2015-02-05 07:50:18','2015-02-05 07:50:18'),(272,'fmfy8vuq06xcjg2o999t219','af:0d:18:f9:bd:36-d5:b0:45:55:f0:8d-7a:1c:a4:6e:60:f3',267,162,255,5,NULL,NULL,'2011-01-21','2015-02-05',NULL,NULL,'47.00',0,0,1,0,1,1,NULL,NULL,NULL,NULL,NULL,'--- !ruby/hash:ActiveSupport::HashWithIndifferentAccess\nanschaffungskategorie: AV-Technik\nreference: invoice\numzug: zgeln\nankunftszustand: intakt\n','2015-02-05 07:50:18','2015-02-05 07:50:18'),(273,'rhvpket8xnyenreliy3f220','8a:29:8d:b4:9e:1c-ea:f2:bd:fc:9a:53-99:6a:05:39:55:e0',268,163,256,7,NULL,NULL,'2011-04-11','2015-02-05',NULL,NULL,'810.00',0,0,1,0,1,1,NULL,NULL,NULL,NULL,NULL,'--- !ruby/hash:ActiveSupport::HashWithIndifferentAccess\nanschaffungskategorie: AV-Technik\nreference: invoice\numzug: zgeln\nankunftszustand: intakt\n','2015-02-05 07:50:18','2015-02-05 07:50:18'),(274,'dgmj7zwa0ndwiu9cm0dr221','a7:a6:3d:4e:76:e2-bd:f7:a9:ea:45:5f-1c:73:59:70:0f:c2',269,164,257,6,NULL,NULL,'2014-02-24','2015-02-05',NULL,NULL,'1345.00',0,0,1,0,1,1,NULL,NULL,NULL,NULL,NULL,'--- !ruby/hash:ActiveSupport::HashWithIndifferentAccess\nanschaffungskategorie: AV-Technik\nreference: invoice\numzug: zgeln\nankunftszustand: intakt\n','2015-02-05 07:50:18','2015-02-05 07:50:18'),(275,'kb1tgs5s2m6fh1lmrkvv222','3e:01:4b:e7:2a:ab-1a:28:48:e6:41:7a-6f:4f:e5:df:aa:cb',270,165,258,12,NULL,NULL,'2012-01-20','2015-02-05',NULL,NULL,'735.00',0,0,1,0,1,1,NULL,NULL,NULL,NULL,NULL,'--- !ruby/hash:ActiveSupport::HashWithIndifferentAccess\nanschaffungskategorie: AV-Technik\nreference: invoice\numzug: zgeln\nankunftszustand: intakt\n','2015-02-05 07:50:18','2015-02-05 07:50:18'),(276,'xregpsx11z0drbljxdha223','5c:f5:a0:79:87:f9-8c:23:b6:e0:c3:9d-f0:2c:6a:43:d5:fd',271,166,259,10,NULL,NULL,'2013-06-12','2015-02-05',NULL,NULL,'594.00',0,0,1,0,1,1,NULL,NULL,NULL,NULL,NULL,'--- !ruby/hash:ActiveSupport::HashWithIndifferentAccess\nanschaffungskategorie: AV-Technik\nreference: invoice\numzug: zgeln\nankunftszustand: intakt\n','2015-02-05 07:50:18','2015-02-05 07:50:18'),(277,'mjs3vddi0vrwuywyhckm224','52:96:77:44:c0:3f-49:d5:b6:8f:81:ce-3d:56:ae:73:5d:46',272,167,260,8,NULL,NULL,'2010-12-12','2015-02-05',NULL,NULL,'971.00',0,0,1,0,1,1,NULL,NULL,NULL,NULL,NULL,'--- !ruby/hash:ActiveSupport::HashWithIndifferentAccess\nanschaffungskategorie: AV-Technik\nreference: invoice\numzug: zgeln\nankunftszustand: intakt\n','2015-02-05 07:50:18','2015-02-05 07:50:18'),(278,'97tstciog5iv0e213dks225','ed:58:c5:33:a0:50-24:2c:c2:1d:55:90-d0:41:65:4c:de:24',273,168,261,4,NULL,NULL,'2010-11-04','2015-01-31',NULL,NULL,'603.00',0,0,1,0,1,1,NULL,NULL,NULL,NULL,NULL,'--- !ruby/hash:ActiveSupport::HashWithIndifferentAccess\nanschaffungskategorie: AV-Technik\nreference: invoice\numzug: zgeln\nankunftszustand: intakt\n','2015-01-31 07:50:18','2015-01-31 07:50:18'),(279,'bhz02pplv5iqn7jvd26b226','79:09:14:31:54:b5-0c:f7:c1:71:21:de-a7:6e:f8:b0:13:b7',274,169,262,7,NULL,NULL,'2013-07-26','2015-01-31',NULL,NULL,'68.00',0,0,1,0,1,1,NULL,NULL,NULL,NULL,NULL,'--- !ruby/hash:ActiveSupport::HashWithIndifferentAccess\nanschaffungskategorie: AV-Technik\nreference: invoice\numzug: zgeln\nankunftszustand: intakt\n','2015-01-31 07:50:18','2015-01-31 07:50:18'),(280,'nwwwmrtlsh8zoj238azv227','3c:d4:db:76:7c:94-b6:b6:de:9b:a9:f1-f4:e2:dc:80:01:a3',275,170,263,3,NULL,NULL,'2011-02-25','2015-01-31',NULL,NULL,'439.00',0,0,1,0,1,1,NULL,NULL,NULL,NULL,NULL,'--- !ruby/hash:ActiveSupport::HashWithIndifferentAccess\nanschaffungskategorie: AV-Technik\nreference: invoice\numzug: zgeln\nankunftszustand: intakt\n','2015-01-31 07:50:18','2015-01-31 07:50:18'),(281,'wajpr3ehcnot8otvs189228','0e:a5:0a:d1:f9:39-9e:f9:d7:0b:c1:e0-fc:0e:fe:db:a9:1b',276,171,264,4,NULL,NULL,'2012-11-09','2015-01-31',NULL,NULL,'917.00',0,0,1,0,1,1,NULL,NULL,NULL,NULL,NULL,'--- !ruby/hash:ActiveSupport::HashWithIndifferentAccess\nanschaffungskategorie: AV-Technik\nreference: invoice\numzug: zgeln\nankunftszustand: intakt\n','2015-01-31 07:50:18','2015-01-31 07:50:18'),(282,'pcrw5bkcfg9kcglwhg85229','76:9c:01:00:03:71-ef:d8:3b:51:7d:65-d2:29:b0:29:ae:d1',277,172,265,10,NULL,NULL,'2012-06-25','2015-01-31',NULL,NULL,'1022.00',0,0,1,0,1,1,NULL,NULL,NULL,NULL,NULL,'--- !ruby/hash:ActiveSupport::HashWithIndifferentAccess\nanschaffungskategorie: AV-Technik\nreference: invoice\numzug: zgeln\nankunftszustand: intakt\n','2015-01-31 07:50:18','2015-01-31 07:50:18'),(283,'jtxykzmzjh08dahobp48230','86:a6:60:08:2e:34-19:66:70:3c:14:40-33:d1:3b:26:9b:82',278,173,266,6,NULL,NULL,'2014-07-16','2015-01-31',NULL,NULL,'1328.00',0,0,1,0,1,1,NULL,NULL,NULL,NULL,NULL,'--- !ruby/hash:ActiveSupport::HashWithIndifferentAccess\nanschaffungskategorie: AV-Technik\nreference: invoice\numzug: zgeln\nankunftszustand: intakt\n','2015-01-31 07:50:18','2015-01-31 07:50:18'),(284,'tj3sevxv8ogaw8vryfko231','50:b7:7e:ef:c7:41-15:3e:ad:00:85:1b-4d:66:4a:95:33:6b',279,174,267,11,NULL,NULL,'2010-04-01','2015-01-31',NULL,NULL,'1072.00',0,0,1,0,1,1,NULL,NULL,NULL,NULL,NULL,'--- !ruby/hash:ActiveSupport::HashWithIndifferentAccess\nanschaffungskategorie: AV-Technik\nreference: invoice\numzug: zgeln\nankunftszustand: intakt\n','2015-01-31 07:50:18','2015-01-31 07:50:18'),(285,'umx6qsgur01y9wxpmwvk232','ab:28:68:de:3d:2f-6e:b7:4d:eb:9b:d8-44:85:e9:5c:8a:49',280,175,268,4,NULL,NULL,'2012-02-29','2015-01-31',NULL,NULL,'75.00',0,0,1,0,1,1,NULL,NULL,NULL,NULL,NULL,'--- !ruby/hash:ActiveSupport::HashWithIndifferentAccess\nanschaffungskategorie: AV-Technik\nreference: invoice\numzug: zgeln\nankunftszustand: intakt\n','2015-01-31 07:50:18','2015-01-31 07:50:18');
/*!40000 ALTER TABLE `items` ENABLE KEYS */;
UNLOCK TABLES;

--
-- Table structure for table `languages`
--

DROP TABLE IF EXISTS `languages`;
/*!40101 SET @saved_cs_client     = @@character_set_client */;
/*!40101 SET character_set_client = utf8 */;
CREATE TABLE `languages` (
  `id` int(11) NOT NULL AUTO_INCREMENT,
  `name` varchar(255) COLLATE utf8_unicode_ci DEFAULT NULL,
  `locale_name` varchar(255) COLLATE utf8_unicode_ci DEFAULT NULL,
  `default` tinyint(1) DEFAULT NULL,
  `active` tinyint(1) DEFAULT NULL,
  PRIMARY KEY (`id`),
  UNIQUE KEY `index_languages_on_name` (`name`),
  KEY `index_languages_on_active_and_default` (`active`,`default`)
) ENGINE=InnoDB AUTO_INCREMENT=5 DEFAULT CHARSET=utf8 COLLATE=utf8_unicode_ci;
/*!40101 SET character_set_client = @saved_cs_client */;

--
-- Dumping data for table `languages`
--

LOCK TABLES `languages` WRITE;
/*!40000 ALTER TABLE `languages` DISABLE KEYS */;
INSERT INTO `languages` VALUES (1,'English (UK)','en-GB',1,1),(2,'English (US)','en-US',0,1),(3,'Deutsch','de-CH',0,1),(4,'Zrittsch','gsw-CH',0,1);
/*!40000 ALTER TABLE `languages` ENABLE KEYS */;
UNLOCK TABLES;

--
-- Table structure for table `locations`
--

DROP TABLE IF EXISTS `locations`;
/*!40101 SET @saved_cs_client     = @@character_set_client */;
/*!40101 SET character_set_client = utf8 */;
CREATE TABLE `locations` (
  `id` int(11) NOT NULL AUTO_INCREMENT,
  `room` varchar(255) COLLATE utf8_unicode_ci DEFAULT NULL,
  `shelf` varchar(255) COLLATE utf8_unicode_ci DEFAULT NULL,
  `building_id` int(11) DEFAULT NULL,
  PRIMARY KEY (`id`),
  KEY `index_locations_on_building_id` (`building_id`),
  CONSTRAINT `locations_building_id_fk` FOREIGN KEY (`building_id`) REFERENCES `buildings` (`id`)
) ENGINE=InnoDB AUTO_INCREMENT=176 DEFAULT CHARSET=utf8 COLLATE=utf8_unicode_ci;
/*!40101 SET character_set_client = @saved_cs_client */;

--
-- Dumping data for table `locations`
--

LOCK TABLES `locations` WRITE;
/*!40000 ALTER TABLE `locations` DISABLE KEYS */;
INSERT INTO `locations` VALUES (1,'SQ2','Desk',1),(2,'UG 13','Ausgabe',1),(3,'Estcorrupti','facerererum',2),(4,'Quibusdammolestias','asperioresqui',3),(5,'Cupiditatesoluta','quasivero',4),(6,'Sintest','ipsaad',5),(7,'Etcorrupti','dictaest',6),(8,'Liberosapiente','dolorumasperiores',7),(9,'Sintullam','velet',8),(10,'Blanditiiseligendi','beataequia',9),(11,'Velnemo','ipsumin',10),(12,'Possimusomnis','ametdeserunt',11),(13,'Utaperiam','fugalaborum',12),(14,'Enimomnis','repellendusautem',13),(15,'Quiaexplicabo','enimaccusantium',14),(16,'Suntaut','aperiameum',15),(17,'Remquidem','quostotam',16),(18,'Quidemitaque','minimaquas',17),(19,'Perspiciatisofficia','doloribusquidem',18),(20,'Nonut','sapientequi',19),(21,'Eumomnis','autpraesentium',20),(22,'Etest','utsunt',21),(23,'Etcumque','etqui',22),(24,'Ipsumdeserunt','etin',23),(25,'Perspiciatisanimi','mollitiaveniam',24),(26,'Quirecusandae','vitaequidem',25),(27,'Necessitatibusvoluptas','voluptatemvelit',26),(28,'Undedicta','maximeimpedit',27),(29,'Consequaturautem','blanditiisquae',28),(30,'Placeatad','eterror',29),(31,'Doloribusqui','teneturnihil',30),(32,'Atquesed','eumtenetur',31),(33,'Omnisrerum','cumdoloribus',32),(34,'Voluptatemassumenda','quodvoluptate',33),(35,'Pariaturautem','quoexpedita',34),(36,'Utsunt','remautem',35),(37,'Hictotam','eareiciendis',36),(38,'Atnobis','natusut',37),(39,'Porroest','dolorescum',38),(40,'Natusut','sednisi',39),(41,'Sedmollitia','officiismaxime',40),(42,'Quivoluptatum','voluptasquas',41),(43,'Nequeeaque','sedvoluptatem',42),(44,'Fugitut','quasiquia',43),(45,'Facerebeatae','maximeexercitationem',44),(46,'Estnon','inciduntpariatur',45),(47,'Omniset','temporesequi',46),(48,'Doloremquecum','etdebitis',47),(49,'Voluptasassumenda','ipsamodi',48),(50,'Explicaboin','sitet',49),(51,'Adipisciet','consequaturaliquam',50),(52,'Quisquod','aliasquia',51),(53,'Deseruntneque','etrepudiandae',52),(54,'Teneturdolorem','undeconsequatur',53),(55,'Etillum','inventoread',54),(56,'Quasquia','placeateius',55),(57,'Atquia','dolorecommodi',56),(58,'Adipisciporro','doloreexcepturi',57),(59,'Perferendisvero','hicodit',58),(60,'Culpaautem','evenietlabore',59),(61,'Autodit','quodlaudantium',60),(62,'Similiquevoluptatem','itaqueexpedita',61),(63,'Nihileaque','sedtempore',62),(64,'Namlaborum','voluptatesautem',63),(65,'Accusamuset','facereaut',64),(66,'Aliquidnobis','quaeinventore',65),(67,'Omnisesse','explicaboipsam',66),(68,'Modifuga','dolordicta',67),(69,'Quamaut','temporefugit',68),(70,'Veritatislaborum','exsuscipit',69),(71,'Quisquamreiciendis','ametquia',70),(72,'Estipsam','quiarerum',71),(73,'Eligendidolores','nonrepellendus',72),(74,'Dignissimoslaborum','etprovident',73),(75,'Suntconsectetur','nonhic',74),(76,'Quonam','etassumenda',75),(77,'Eaqueaut','laboresaepe',76),(78,'Utomnis','sintiure',77),(79,'Aspernaturvoluptas','placeatet',78),(80,'Sequidolores','estofficiis',79),(81,'Saepefacilis','commodiet',80),(82,'Nullasint','sapientemaiores',81),(83,'Quosporro','minimaeum',82),(84,'Rerumquam','quasinon',83),(85,'Fugiatrepudiandae','suntad',84),(86,'Distinctioipsum','blanditiisalias',85),(87,'Omnisaccusantium','dolortempora',86),(88,'Veritatisconsectetur','sequimolestiae',87),(89,'Voluptatemporro','ipsamsit',88),(90,'Inut','cupiditateaut',89),(91,'Errordignissimos','fugitquae',90),(92,'Rerumquisquam','eaqueet',91),(93,'Etminus','doloresomnis',92),(94,'Commodiodit','suscipitvoluptas',93),(95,'Nobisvoluptate','nullaut',94),(96,'Utodit','doloremcumque',95),(97,'Autvoluptatibus','temporeaut',96),(98,'Incidunteaque','similiquevoluptatum',97),(99,'Expeditapossimus','voluptatemtempora',98),(100,'Voluptatibusnemo','quiab',99),(101,'Earumatque','quodsint',100),(102,'Velitbeatae','rationedeleniti',101),(103,'Doloreserror','consequunturexplicabo',102),(104,'Quireprehenderit','quamveritatis',103),(105,'Quaeiste','possimussed',104),(106,'Utipsam','enimeveniet',105),(107,'Etut','doloremomnis',106),(108,'Perferendisdeserunt','fugitautem',107),(109,'Remadipisci','iustounde',108),(110,'Quosqui','modiest',109),(111,'Fugiatsunt','nihilcorporis',110),(112,'Doloresunde','nemovel',111),(113,'Fugiataliquam','estrerum',112),(114,'Velquod','autdolorem',113),(115,'Quiabeatae','expeditamagnam',114),(116,'Accusamusofficia','istevoluptas',115),(117,'Liberoqui','reiciendisharum',116),(118,'Voluptatumut','quiaculpa',117),(119,'Etdoloribus','dolorquasi',118),(120,'Sitnesciunt','ametvoluptates',119),(121,'Illoperspiciatis','liberonecessitatibus',120),(122,'Voluptasest','dolorumnon',121),(123,'Enimest','remoptio',122),(124,'Repudiandaevelit','doloribusquo',123),(125,'Voluptatequasi','sitquibusdam',124),(126,'Utrepudiandae','abrepudiandae',125),(127,'Exercitationemminus','nihileum',126),(128,'Quoet','veritatisaut',127),(129,'Omnisaliquam','inciduntrem',128),(130,'Quamnon','debitisipsum',129),(131,'Magniest','maioreseum',130),(132,'Dolorumlaborum','ipsamnon',131),(133,'Quiillum','voluptatibusab',132),(134,'Minusamet','rerumaperiam',133),(135,'Expeditaad','aspernaturab',134),(136,'Doloremquequi','voluptasexpedita',135),(137,'Aperiamquae','nisiquos',136),(138,'Illumblanditiis','fugasimilique',137),(139,'Consequaturipsam','autemeum',138),(140,'Exercitationemqui','consequatureum',139),(141,'Sapientefacilis','ethic',140),(142,'Laborumdolor','aliquamest',141),(143,'Autculpa','blanditiisinventore',142),(144,'Inventoredeleniti','etoptio',143),(145,'Dolorumbeatae','impeditquod',144),(146,'Eaquis','molestiasullam',145),(147,'Eteum','aliquidnumquam',146),(148,'Eosqui','veniamfuga',147),(149,'Velitdolor','quoet',148),(150,'Autsit','istedeserunt',149),(151,'Etmolestiae','autemducimus',150),(152,'Blanditiisperspiciatis','idminus',151),(153,'Insoluta','fugaexcepturi',152),(154,'Enimsunt','omnispraesentium',153),(155,'Quiearum','utquae',154),(156,'Doloremsint','officiissuscipit',155),(157,'Perspiciatisodio','istequasi',156),(158,'Idquis','maximenam',157),(159,'Quiquia','enimquae',158),(160,'Tenetursed','nihilillo',159),(161,'Suntpraesentium','adminus',160),(162,'Dignissimossequi','dolorefugiat',161),(163,'Sequinon','utquis',162),(164,'Enimculpa','corrupticonsequatur',163),(165,'Teneturaccusantium','eumprovident',164),(166,'Corporissint','nemosapiente',165),(167,'Absimilique','mollitiaconsectetur',166),(168,'Inciduntnulla','maximecupiditate',167),(169,'Magnammollitia','laborumalias',168),(170,'Saepevoluptate','cumqueiste',169),(171,'Nihilfugiat','aperiameum',170),(172,'Delectusquidem','evenietrepellat',171),(173,'Oditvoluptate','omnisdolores',172),(174,'Molestiaequi','fugiatillum',173),(175,'Quiquaerat','sedeum',174);
/*!40000 ALTER TABLE `locations` ENABLE KEYS */;
UNLOCK TABLES;

--
-- Table structure for table `model_group_links`
--

DROP TABLE IF EXISTS `model_group_links`;
/*!40101 SET @saved_cs_client     = @@character_set_client */;
/*!40101 SET character_set_client = utf8 */;
CREATE TABLE `model_group_links` (
  `id` int(11) NOT NULL AUTO_INCREMENT,
  `ancestor_id` int(11) DEFAULT NULL,
  `descendant_id` int(11) DEFAULT NULL,
  `direct` tinyint(1) DEFAULT NULL,
  `count` int(11) DEFAULT NULL,
  `label` varchar(255) COLLATE utf8_unicode_ci DEFAULT NULL,
  PRIMARY KEY (`id`),
  KEY `index_model_group_links_on_ancestor_id` (`ancestor_id`),
  KEY `index_model_group_links_on_direct` (`direct`),
  KEY `index_on_descendant_id_and_ancestor_id_and_direct` (`descendant_id`,`ancestor_id`,`direct`),
  CONSTRAINT `model_group_links_descendant_id_fk` FOREIGN KEY (`descendant_id`) REFERENCES `model_groups` (`id`) ON DELETE CASCADE,
  CONSTRAINT `model_group_links_ancestor_id_fk` FOREIGN KEY (`ancestor_id`) REFERENCES `model_groups` (`id`) ON DELETE CASCADE
) ENGINE=InnoDB AUTO_INCREMENT=9 DEFAULT CHARSET=utf8 COLLATE=utf8_unicode_ci;
/*!40101 SET character_set_client = @saved_cs_client */;

--
-- Dumping data for table `model_group_links`
--

LOCK TABLES `model_group_links` WRITE;
/*!40000 ALTER TABLE `model_group_links` DISABLE KEYS */;
INSERT INTO `model_group_links` VALUES (1,2,8,1,1,NULL),(2,5,9,1,1,NULL),(3,1,9,1,1,NULL),(4,2,10,1,1,NULL),(5,5,10,1,1,NULL),(6,1,11,0,1,NULL),(7,5,11,0,1,NULL),(8,9,11,1,1,NULL);
/*!40000 ALTER TABLE `model_group_links` ENABLE KEYS */;
UNLOCK TABLES;

--
-- Table structure for table `model_groups`
--

DROP TABLE IF EXISTS `model_groups`;
/*!40101 SET @saved_cs_client     = @@character_set_client */;
/*!40101 SET character_set_client = utf8 */;
CREATE TABLE `model_groups` (
  `id` int(11) NOT NULL AUTO_INCREMENT,
  `type` varchar(255) COLLATE utf8_unicode_ci DEFAULT NULL,
  `name` varchar(255) COLLATE utf8_unicode_ci DEFAULT NULL,
  `created_at` datetime DEFAULT NULL,
  `updated_at` datetime DEFAULT NULL,
  PRIMARY KEY (`id`),
  KEY `index_model_groups_on_type` (`type`)
) ENGINE=InnoDB AUTO_INCREMENT=15 DEFAULT CHARSET=utf8 COLLATE=utf8_unicode_ci;
/*!40101 SET character_set_client = @saved_cs_client */;

--
-- Dumping data for table `model_groups`
--

LOCK TABLES `model_groups` WRITE;
/*!40000 ALTER TABLE `model_groups` DISABLE KEYS */;
INSERT INTO `model_groups` VALUES (1,'Category','Beamer','2015-02-05 07:50:18','2015-02-05 07:50:18'),(2,'Category','Kameras','2015-02-05 07:50:18','2015-02-05 07:50:18'),(3,'Category','Stative','2015-02-05 07:50:18','2015-02-05 07:50:18'),(4,'Category','Hifi-Anlagen','2015-02-05 07:50:18','2015-02-05 07:50:18'),(5,'Category','Notebooks','2015-02-05 07:50:18','2015-02-05 07:50:18'),(6,'Category','RC Helikopter','2015-02-05 07:50:18','2015-02-05 07:50:18'),(7,'Category','Computer','2015-02-05 07:50:18','2015-02-05 07:50:18'),(8,'Category','Kurzdistanz','2015-02-05 07:50:18','2015-02-05 07:50:18'),(9,'Category','Portabel','2015-02-05 07:50:18','2015-02-05 07:50:18'),(10,'Category','Standard','2015-02-05 07:50:18','2015-02-05 07:50:18'),(11,'Category','Micro','2015-02-05 07:50:18','2015-02-05 07:50:18'),(12,'Template','Kamera & Stativ','2015-02-05 07:50:18','2015-02-05 07:50:18'),(13,'Template','Beamer & Hifi','2015-02-05 07:50:18','2015-02-05 07:50:18'),(14,'Template','Unaccomplishable template','2015-02-05 07:50:18','2015-02-05 07:50:18');
/*!40000 ALTER TABLE `model_groups` ENABLE KEYS */;
UNLOCK TABLES;

--
-- Table structure for table `model_links`
--

DROP TABLE IF EXISTS `model_links`;
/*!40101 SET @saved_cs_client     = @@character_set_client */;
/*!40101 SET character_set_client = utf8 */;
CREATE TABLE `model_links` (
  `id` int(11) NOT NULL AUTO_INCREMENT,
  `model_group_id` int(11) DEFAULT NULL,
  `model_id` int(11) DEFAULT NULL,
  `quantity` int(11) DEFAULT '1',
  PRIMARY KEY (`id`),
  KEY `index_model_links_on_model_id_and_model_group_id` (`model_id`,`model_group_id`),
  KEY `index_model_links_on_model_group_id_and_model_id` (`model_group_id`,`model_id`),
  CONSTRAINT `model_links_model_id_fk` FOREIGN KEY (`model_id`) REFERENCES `models` (`id`) ON DELETE CASCADE,
  CONSTRAINT `model_links_model_group_id_fk` FOREIGN KEY (`model_group_id`) REFERENCES `model_groups` (`id`) ON DELETE CASCADE
) ENGINE=InnoDB AUTO_INCREMENT=74 DEFAULT CHARSET=utf8 COLLATE=utf8_unicode_ci;
/*!40101 SET character_set_client = @saved_cs_client */;

--
-- Dumping data for table `model_links`
--

LOCK TABLES `model_links` WRITE;
/*!40000 ALTER TABLE `model_links` DISABLE KEYS */;
INSERT INTO `model_links` VALUES (1,1,24,1),(2,1,25,1),(3,1,26,1),(4,1,27,1),(5,1,28,1),(6,1,29,1),(7,1,30,1),(8,1,31,1),(9,1,32,1),(10,1,33,1),(11,1,34,1),(12,1,35,1),(13,1,36,1),(14,1,37,1),(15,1,38,1),(16,1,39,1),(17,1,40,1),(18,1,41,1),(19,1,42,1),(20,1,43,1),(21,2,44,1),(22,2,45,1),(23,2,46,1),(24,2,47,1),(25,2,48,1),(26,2,49,1),(27,2,50,1),(28,2,51,1),(29,2,52,1),(30,2,53,1),(31,2,54,1),(32,2,55,1),(33,2,56,1),(34,2,57,1),(35,2,58,1),(36,2,59,1),(37,2,60,1),(38,2,61,1),(39,2,62,1),(40,2,63,1),(41,2,64,1),(42,2,65,1),(43,2,66,1),(44,2,67,1),(45,2,68,1),(46,2,69,1),(47,2,70,1),(48,2,71,1),(49,2,72,1),(50,2,73,1),(51,5,1,1),(52,1,2,1),(53,9,2,1),(54,1,3,1),(55,1,4,1),(56,1,6,1),(57,9,6,1),(58,11,7,1),(59,2,8,1),(60,3,9,1),(61,4,10,1),(62,2,13,1),(63,5,14,1),(64,6,15,1),(65,6,16,1),(66,6,17,1),(67,7,18,1),(68,12,8,1),(69,12,9,1),(70,13,2,1),(71,13,10,1),(72,14,8,1),(73,14,9,1);
/*!40000 ALTER TABLE `model_links` ENABLE KEYS */;
UNLOCK TABLES;

--
-- Table structure for table `models`
--

DROP TABLE IF EXISTS `models`;
/*!40101 SET @saved_cs_client     = @@character_set_client */;
/*!40101 SET character_set_client = utf8 */;
CREATE TABLE `models` (
  `id` int(11) NOT NULL AUTO_INCREMENT,
  `type` varchar(255) COLLATE utf8_unicode_ci NOT NULL DEFAULT 'Model',
  `manufacturer` varchar(255) COLLATE utf8_unicode_ci DEFAULT NULL,
  `product` varchar(255) COLLATE utf8_unicode_ci NOT NULL,
  `version` varchar(255) COLLATE utf8_unicode_ci DEFAULT NULL,
  `description` text COLLATE utf8_unicode_ci,
  `internal_description` text COLLATE utf8_unicode_ci,
  `info_url` varchar(255) COLLATE utf8_unicode_ci DEFAULT NULL,
  `rental_price` decimal(8,2) DEFAULT NULL,
  `maintenance_period` int(11) DEFAULT '0',
  `is_package` tinyint(1) DEFAULT '0',
  `technical_detail` text COLLATE utf8_unicode_ci,
  `hand_over_note` text COLLATE utf8_unicode_ci,
  `created_at` datetime DEFAULT NULL,
  `updated_at` datetime DEFAULT NULL,
  PRIMARY KEY (`id`),
  KEY `index_models_on_is_package` (`is_package`),
  KEY `index_models_on_type` (`type`)
) ENGINE=InnoDB AUTO_INCREMENT=281 DEFAULT CHARSET=utf8 COLLATE=utf8_unicode_ci;
/*!40101 SET character_set_client = @saved_cs_client */;

--
-- Dumping data for table `models`
--

LOCK TABLES `models` WRITE;
/*!40000 ALTER TABLE `models` DISABLE KEYS */;
INSERT INTO `models` VALUES (1,'Model','Apple','MacBookPro',NULL,'Laptop fr Studis und Angestellte.','Dicta cum eum ex voluptate in repellendus reprehenderit.',NULL,NULL,0,0,'Cupiditate libero odio nihil non nihil dolores optio.','Mit Verpackung aushndigen.','2015-02-05 07:50:18','2015-02-05 07:50:18'),(2,'Model','Sharp','Sharp Beamer','123','Beamer, geeignet fr alle Verwendungszwecke.','Dicta nobis quis quibusdam dolores quia quas.',NULL,NULL,0,0,'Voluptatem minima iste rerum assumenda est.','Beamer braucht ein VGA Kabel!','2015-02-05 07:50:18','2015-02-05 07:50:18'),(3,'Model','Sharp','Sharp Beamer 2D',NULL,'Beamer, geeignet fr alle Verwendungszwecke.','Praesentium repellat itaque quam facere earum quo minima.',NULL,NULL,0,0,'Repellendus consectetur impedit dolorem ducimus.','Et laboriosam in delectus non asperiores doloribus.','2015-02-05 07:50:18','2015-02-05 07:50:18'),(4,'Model','Panasonic','Mini Beamer',NULL,'Beamer, geeignet fr alle Verwendungszwecke.','In aut sed quis voluptas.',NULL,NULL,0,0,'Quas at consectetur minus.','Impedit quo dolorum odit eum.','2015-02-05 07:50:18','2015-02-05 07:50:18'),(5,'Model','Panasonic','Sharp Beamer','456','Beamer, geeignet fr alle Verwendungszwecke.','Voluptas aut quia impedit eos.',NULL,NULL,0,0,'Nihil sed omnis aut rerum rerum atque perferendis.','Beamer braucht ein VGA Kabel!','2015-02-05 07:50:18','2015-02-05 07:50:18'),(6,'Model','Sony','Ultra Compact Beamer',NULL,'Besonders kleiner Beamer.','Aperiam ut asperiores animi est ipsa sit sint.',NULL,NULL,0,0,'Sed aut a autem facere.','Beamer braucht ein VGA Kabel!','2015-02-05 07:50:18','2015-02-05 07:50:18'),(7,'Model','Micro','Micro Beamer',NULL,'Besonders mikro kleiner Beamer.','Cumque unde accusamus in est ut debitis.',NULL,NULL,0,0,'Ad doloremque magnam nesciunt laboriosam officiis suscipit eius aliquid.','Beamer braucht ein VGA Kabel!','2015-02-05 07:50:18','2015-02-05 07:50:18'),(8,'Model','Nikon','Kamera Nikon','X12','Super Kamera.','Ad laboriosam nisi est eligendi repellendus.',NULL,NULL,0,0,'Iure ut sit cumque quaerat.','Kamera braucht Akkus!','2015-02-05 07:50:18','2015-02-05 07:50:18'),(9,'Model','Feli','Kamera Stativ','123','Stabiles Kamera Stativ','Vel voluptatibus assumenda sed aspernatur.',NULL,NULL,0,0,'Alias quia excepturi et non inventore deleniti eligendi expedita.','Stativ muss mit Stativtasche ausgehndigt werden.','2015-02-05 07:50:18','2015-02-05 07:50:18'),(10,'Model','Sony','Hifi Standard',NULL,'Maxime iusto pariatur tempore reprehenderit totam est nesciunt.','Culpa corrupti fugit deleniti et voluptatem natus.',NULL,NULL,1,0,'Voluptas aut velit in deleniti.','Aliquam et sunt maiores dolor.','2015-02-05 07:50:18','2015-02-05 07:50:18'),(11,'Model','Bose','Bose AE2W',NULL,'Voluptatem magni ut. Numquam quis autem vero. Nulla aliquid voluptatem ea rem dolorum.','Deleniti ut aut minus earum qui.',NULL,NULL,3,0,'Non soluta quia tempore sunt voluptas unde.','Id ad qui ab ut cum necessitatibus ipsam impedit.','2015-02-05 07:50:18','2015-02-05 07:50:18'),(12,'Model','Bose','Bose XG4',NULL,'Quidem cum veniam. Ab quam nulla fugiat voluptas nam autem. Earum ut molestiae magni.','Omnis animi est rem.',NULL,NULL,3,0,'Laborum consectetur asperiores deserunt non qui soluta.','Dolorem quas iure sapiente architecto atque illo.','2015-02-05 07:50:18','2015-02-05 07:50:18'),(13,'Model','Canon','Kamera Canon D5',NULL,'Ganz teure Kamera','Doloremque vel dolorum debitis sequi tempore nihil.',NULL,NULL,0,0,'Eius quisquam nulla nihil harum quod quia.','Kamera braucht Akkus!','2015-02-05 07:50:18','2015-02-05 07:50:18'),(14,'Model','Microsoft','Windows Laptop',NULL,'Ein Laptop der Marke Microsoft','Illum sit laborum laboriosam nihil sequi provident perspiciatis.',NULL,NULL,0,0,'Nisi illum aut dolore omnis dolor repellat praesentium exercitationem.','Laptop mit Tasche ausgeben','2015-02-05 07:50:18','2015-02-05 07:50:18'),(15,'Model','Walkera','Walkera v120','1G','3D Helikopter','Quos officiis facilis et.',NULL,NULL,0,0,'Rerum ab quam deleniti dolorum dolores velit.','Ad neque iusto voluptatem.','2015-02-05 07:50:18','2015-02-05 07:50:18'),(16,'Model','Walkera','Walkera v120','2G','3D Helikopter','Voluptatem mollitia quos voluptate occaecati vitae.',NULL,NULL,0,0,'Est omnis id unde.','Sunt et autem omnis ut.','2015-02-05 07:50:18','2015-02-05 07:50:18'),(17,'Model','Walkera','Walkera v120','3G','3D Helikopter','Quia distinctio nihil earum qui repudiandae libero quod.',NULL,NULL,0,0,'Illum sequi maiores nemo est dolores tenetur.','Et velit cumque in modi nobis accusantium cupiditate.','2015-02-05 07:50:18','2015-02-05 07:50:18'),(18,'Model','Apple','iMac',NULL,'Apples alter iMac','Non ut optio praesentium itaque et aut aut aut.',NULL,NULL,0,0,'Aperiam sint magni est eum.','Commodi ex nam ratione voluptas officiis.','2015-02-05 07:50:18','2015-02-05 07:50:18'),(19,'Model','Apple','MacBook Air',NULL,'Explicabo iure eum nihil officiis.','Est veritatis eos magni aut.',NULL,NULL,0,0,'Id iusto inventore velit vero cupiditate voluptatem odit.','Velit voluptatibus voluptatem facilis est modi quis neque.','2015-02-05 07:50:18','2015-02-05 07:50:18'),(20,'Model','Lenovo','Thinkpad','X230','In aut fugit voluptas minima.','Rerum fugiat dolor est eius enim animi.',NULL,NULL,0,0,'Recusandae dolor reiciendis voluptatem.','Optio id culpa molestias aut reprehenderit quisquam ratione.','2015-02-05 07:50:18','2015-02-05 07:50:18'),(21,'Model','Lenovo','Thinkpad','X301','Et maiores ut quam autem nesciunt cum.','Quia delectus placeat officia consequatur dolor molestiae.',NULL,NULL,0,0,'Exercitationem provident odio pariatur nesciunt corrupti.','Corrupti molestias et rerum omnis est ratione.','2015-02-05 07:50:18','2015-02-05 07:50:18'),(22,'Model','Lenovo','Thinkpad','Carbon','Esse odio aut sint dolor et.','Voluptas enim quo enim eveniet.',NULL,NULL,0,0,'Iure cumque et omnis.','Nemo incidunt ullam quas voluptatem.','2015-02-05 07:50:18','2015-02-05 07:50:18'),(23,'Model','Dell','Inspiron','7000','Ipsa voluptas non sint eligendi ullam laudantium quo non.','Earum quia et quam qui est in corrupti.',NULL,NULL,0,0,'Necessitatibus non tempora iure quisquam veritatis et ullam fuga.','Vel odio nihil voluptatem sunt.','2015-02-05 07:50:18','2015-02-05 07:50:18'),(24,'Model','Sony','Beamer 1 excepturi','1','Quas quia consequatur id facere velit nulla sequi.','Voluptas alias et expedita voluptas quibusdam ut placeat facere.',NULL,NULL,0,0,'Quis assumenda quia sequi animi eaque voluptatibus fuga provident.','Beamer braucht ein VGA Kabel!','2015-02-05 07:50:18','2015-02-05 07:50:18'),(25,'Model','Sony','Beamer 2 ab','2','Modi in beatae at.','Unde est expedita labore nesciunt fugit.',NULL,NULL,0,0,'Vero cupiditate error eos accusamus fugiat natus aliquid quidem.','Beamer braucht ein VGA Kabel!','2015-02-05 07:50:18','2015-02-05 07:50:18'),(26,'Model','Sony','Beamer 3 iste','3','Sed ut mollitia voluptatum illum tempora aspernatur est.','Et ut fugiat sint.',NULL,NULL,0,0,'Fugit natus omnis ab tenetur dolor a odit dolores.','Beamer braucht ein VGA Kabel!','2015-02-05 07:50:18','2015-02-05 07:50:18'),(27,'Model','Sony','Beamer 4 alias','4','Quidem et qui non expedita quo.','Aliquam repellat est atque molestiae et qui.',NULL,NULL,0,0,'Eos modi perspiciatis distinctio.','Beamer braucht ein VGA Kabel!','2015-02-05 07:50:18','2015-02-05 07:50:18'),(28,'Model','Sony','Beamer 5 et','5','Aut aperiam repudiandae natus eos tempore quis non voluptate.','Ducimus enim veritatis et quae culpa.',NULL,NULL,0,0,'Sunt adipisci quisquam et dolor vel nihil.','Beamer braucht ein VGA Kabel!','2015-02-05 07:50:18','2015-02-05 07:50:18'),(29,'Model','Sony','Beamer 6 maiores','6','Qui in atque molestias dicta sunt sequi.','Molestiae modi aliquam fuga a.',NULL,NULL,0,0,'Inventore labore velit deserunt repellat fuga ipsam perferendis voluptatibus.','Beamer braucht ein VGA Kabel!','2015-02-05 07:50:18','2015-02-05 07:50:18'),(30,'Model','Sony','Beamer 7 odio','7','Quis sed et maxime.','Aut qui qui excepturi.',NULL,NULL,0,0,'Velit sunt corporis quis voluptas repellat.','Beamer braucht ein VGA Kabel!','2015-02-05 07:50:18','2015-02-05 07:50:18'),(31,'Model','Sony','Beamer 8 numquam','8','Nostrum deleniti aut est illum nobis ut doloremque consequatur.','Numquam qui suscipit nulla et pariatur rem quod nobis.',NULL,NULL,0,0,'In odit placeat enim voluptatum.','Beamer braucht ein VGA Kabel!','2015-02-05 07:50:18','2015-02-05 07:50:18'),(32,'Model','Sony','Beamer 9 consectetur','9','Rerum repudiandae ad dolore fugiat qui ex dicta.','Eligendi deleniti et vero commodi blanditiis.',NULL,NULL,0,0,'Repellendus aut aliquid rem quos omnis facere aut reprehenderit.','Beamer braucht ein VGA Kabel!','2015-02-05 07:50:18','2015-02-05 07:50:18'),(33,'Model','Sony','Beamer 10 quia','10','Sint laborum sit laudantium corrupti sint sit aspernatur rerum.','Fugit eos recusandae iure veritatis.',NULL,NULL,0,0,'Voluptas voluptatum tempora qui sed.','Beamer braucht ein VGA Kabel!','2015-02-05 07:50:18','2015-02-05 07:50:18'),(34,'Model','Sony','Beamer 11 ut','11','Natus facilis assumenda reprehenderit ipsa sed repellendus.','Eum quas sed dolorem nulla enim.',NULL,NULL,0,0,'Dolorum est ducimus praesentium minima.','Beamer braucht ein VGA Kabel!','2015-02-05 07:50:18','2015-02-05 07:50:18'),(35,'Model','Sony','Beamer 12 velit','12','Possimus magnam consequatur laborum voluptas voluptatem atque nemo aliquam.','Corrupti architecto facere illo consequatur nobis ut est.',NULL,NULL,0,0,'Facilis minus velit illum nam cum possimus quis.','Beamer braucht ein VGA Kabel!','2015-02-05 07:50:18','2015-02-05 07:50:18'),(36,'Model','Sony','Beamer 13 commodi','13','Quia ratione delectus autem accusantium explicabo.','A illum magnam reprehenderit ex.',NULL,NULL,0,0,'Ullam sed maxime et.','Beamer braucht ein VGA Kabel!','2015-02-05 07:50:18','2015-02-05 07:50:18'),(37,'Model','Sony','Beamer 14 facere','14','Sed aut quod accusamus placeat dolorem.','Ad sed dolor tempora.',NULL,NULL,0,0,'Possimus ea dolorum eos in vitae placeat.','Beamer braucht ein VGA Kabel!','2015-02-05 07:50:18','2015-02-05 07:50:18'),(38,'Model','Sony','Beamer 15 dolorem','15','Non sint corrupti nihil dolorum nihil ipsa earum.','Veniam est voluptates fuga aut nobis eaque libero.',NULL,NULL,0,0,'Maiores ipsa alias aut repellat.','Beamer braucht ein VGA Kabel!','2015-02-05 07:50:18','2015-02-05 07:50:18'),(39,'Model','Sony','Beamer 16 iure','16','Repellendus aut qui necessitatibus voluptatem sapiente est voluptatem.','Molestias eius et voluptatum reprehenderit.',NULL,NULL,0,0,'Optio molestiae fuga a sequi exercitationem quia.','Beamer braucht ein VGA Kabel!','2015-02-05 07:50:18','2015-02-05 07:50:18'),(40,'Model','Sony','Beamer 17 deleniti','17','Et ad doloremque quis.','Harum reiciendis cumque ea rerum at debitis est perspiciatis.',NULL,NULL,0,0,'Quia quos sit quis.','Beamer braucht ein VGA Kabel!','2015-02-05 07:50:18','2015-02-05 07:50:18'),(41,'Model','Sony','Beamer 18 atque','18','Dolores a repellat rem distinctio.','Nemo omnis omnis tempore aut cum explicabo ipsam.',NULL,NULL,0,0,'Itaque voluptatem quo placeat doloribus occaecati iusto.','Beamer braucht ein VGA Kabel!','2015-02-05 07:50:18','2015-02-05 07:50:18'),(42,'Model','Sony','Beamer 19 vel','19','Harum blanditiis et et libero consequuntur voluptas aut.','Sunt qui facilis sequi minima excepturi error veritatis molestias.',NULL,NULL,0,0,'Sed nihil quos blanditiis consequatur consequuntur cum odio.','Beamer braucht ein VGA Kabel!','2015-02-05 07:50:18','2015-02-05 07:50:18'),(43,'Model','Sony','Beamer 20 aliquam','20','Eum quam molestiae provident voluptatibus expedita minus.','Et ut incidunt fuga harum.',NULL,NULL,0,0,'Tempore ut dolor ut laboriosam suscipit ut aut.','Beamer braucht ein VGA Kabel!','2015-02-05 07:50:18','2015-02-05 07:50:18'),(44,'Model','Nikon','Kameras 1 sit','21','Aut est veniam natus quia eos fuga maxime.','Et harum error quibusdam voluptas.',NULL,NULL,0,0,'Molestias et error adipisci amet.',NULL,'2015-02-05 07:50:18','2015-02-05 07:50:18'),(45,'Model','Nikon','Kameras 2 porro','22','Maxime impedit minus autem veritatis provident blanditiis.','Vel eaque dolorem libero molestiae.',NULL,NULL,0,0,'Eligendi voluptatem sed sunt quis iusto adipisci ut nobis.',NULL,'2015-02-05 07:50:18','2015-02-05 07:50:18'),(46,'Model','Nikon','Kameras 3 consequatur','23','Laudantium recusandae voluptatem facere omnis sapiente.','Quam rerum aut vero sequi omnis et.',NULL,NULL,0,0,'Eos aliquid nostrum perferendis ea doloremque ad et incidunt.',NULL,'2015-02-05 07:50:18','2015-02-05 07:50:18'),(47,'Model','Nikon','Kameras 4 temporibus','24','Perferendis doloribus adipisci aut molestiae.','Dolor cupiditate eum temporibus odio voluptatum.',NULL,NULL,0,0,'Est temporibus omnis et.',NULL,'2015-02-05 07:50:18','2015-02-05 07:50:18'),(48,'Model','Nikon','Kameras 5 iure','25','Sit vel soluta sit et voluptatem magnam dolor reprehenderit.','Sed voluptatibus pariatur repellat ut consequuntur aperiam.',NULL,NULL,0,0,'Ab molestiae libero temporibus magnam voluptas voluptatem aut.',NULL,'2015-02-05 07:50:18','2015-02-05 07:50:18'),(49,'Model','Nikon','Kameras 6 quia','26','Incidunt maiores maxime doloremque fuga accusamus in dolores et.','Ipsum aut perferendis et sed velit sit.',NULL,NULL,0,0,'Optio animi est veritatis quo velit et non non.',NULL,'2015-02-05 07:50:18','2015-02-05 07:50:18'),(50,'Model','Nikon','Kameras 7 autem','27','Magnam ut quaerat eum molestiae.','Facere dolorum saepe architecto qui et omnis porro odio.',NULL,NULL,0,0,'Earum quaerat voluptate consectetur quia animi.',NULL,'2015-02-05 07:50:18','2015-02-05 07:50:18'),(51,'Model','Nikon','Kameras 8 ut','28','Nesciunt omnis rem minima beatae reprehenderit consequatur accusantium nisi.','Voluptate voluptatem quia eum aut.',NULL,NULL,0,0,'Quos ab sint doloremque iure eum.',NULL,'2015-02-05 07:50:18','2015-02-05 07:50:18'),(52,'Model','Nikon','Kameras 9 sint','29','Et ut commodi a.','Eos tenetur ratione maxime numquam accusamus ex.',NULL,NULL,0,0,'Vitae soluta quos sunt.',NULL,'2015-02-05 07:50:18','2015-02-05 07:50:18'),(53,'Model','Nikon','Kameras 10 velit','30','A doloremque cumque expedita temporibus et aut qui in.','Sint vel voluptas non repellendus et.',NULL,NULL,0,0,'Voluptas odit quidem repellat quisquam laudantium aliquam.',NULL,'2015-02-05 07:50:18','2015-02-05 07:50:18'),(54,'Model','Nikon','Kameras 11 id','31','Consectetur et aut dolores.','Possimus praesentium et et porro veniam temporibus laborum.',NULL,NULL,0,0,'Perferendis in modi dolorem quis incidunt fuga ut sunt.',NULL,'2015-02-05 07:50:18','2015-02-05 07:50:18'),(55,'Model','Nikon','Kameras 12 vero','32','Quis aut doloribus voluptate libero nam in.','Atque quos aspernatur quia quasi ut.',NULL,NULL,0,0,'Illo vel debitis illum et numquam.',NULL,'2015-02-05 07:50:18','2015-02-05 07:50:18'),(56,'Model','Nikon','Kameras 13 quam','33','Voluptatem placeat rerum aut molestiae sed asperiores repellendus dolores.','Provident suscipit aut vel ullam qui distinctio.',NULL,NULL,0,0,'Molestias aliquid eligendi totam.',NULL,'2015-02-05 07:50:18','2015-02-05 07:50:18'),(57,'Model','Nikon','Kameras 14 ad','34','Quidem explicabo qui voluptas optio.','Voluptatibus laboriosam sed et aut corrupti soluta hic voluptatem.',NULL,NULL,0,0,'Facilis quibusdam aut qui eos a possimus sunt odio.',NULL,'2015-02-05 07:50:18','2015-02-05 07:50:18'),(58,'Model','Nikon','Kameras 15 enim','35','Iure in iusto mollitia repellendus omnis enim.','Corrupti consectetur nostrum harum quo architecto eaque.',NULL,NULL,0,0,'Nam ut dolores aut.',NULL,'2015-02-05 07:50:18','2015-02-05 07:50:18'),(59,'Model','Nikon','Kameras 16 et','36','Repellendus alias veritatis neque non est consequatur dolore.','Id non officiis natus sint doloribus atque velit.',NULL,NULL,0,0,'Et eum accusantium molestiae maiores optio sed.',NULL,'2015-02-05 07:50:18','2015-02-05 07:50:18'),(60,'Model','Nikon','Kameras 17 qui','37','At soluta non illum qui ea.','Inventore temporibus ab et aut veniam odit veritatis.',NULL,NULL,0,0,'Sit qui iusto ut.',NULL,'2015-02-05 07:50:18','2015-02-05 07:50:18'),(61,'Model','Nikon','Kameras 18 quia','38','Sint non dolorem quod magni voluptas vero voluptas.','Beatae ratione ipsa dolor.',NULL,NULL,0,0,'Mollitia iste iusto sint rem.',NULL,'2015-02-05 07:50:18','2015-02-05 07:50:18'),(62,'Model','Nikon','Kameras 19 natus','39','Sunt dolores iste ut voluptatibus est rem.','Eius et qui quisquam enim est sunt ut ratione.',NULL,NULL,0,0,'Non aut ducimus ut voluptatem consequatur quia.',NULL,'2015-02-05 07:50:18','2015-02-05 07:50:18'),(63,'Model','Nikon','Kameras 20 temporibus','40','Ut dicta unde molestias quis consequuntur inventore.','Qui velit quis corrupti expedita et eos.',NULL,NULL,0,0,'Sed dolorem sapiente quasi est.',NULL,'2015-02-05 07:50:18','2015-02-05 07:50:18'),(64,'Model','Nikon','Kameras 21 vel','41','Mollitia nam occaecati sequi tenetur harum voluptas.','Porro ea dolorem ratione nihil consectetur reprehenderit molestiae.',NULL,NULL,0,0,'Aut minima unde aliquam est.',NULL,'2015-02-05 07:50:18','2015-02-05 07:50:18'),(65,'Model','Nikon','Kameras 22 quaerat','42','Repellendus repudiandae eos temporibus.','Atque mollitia dolorem reprehenderit necessitatibus eum sapiente voluptatibus.',NULL,NULL,0,0,'Fuga impedit rem est eos nisi ex.',NULL,'2015-02-05 07:50:18','2015-02-05 07:50:18'),(66,'Model','Nikon','Kameras 23 laborum','43','Rerum eum accusamus perferendis ut ut excepturi.','Id quia labore dolores ducimus quae hic tempora odio.',NULL,NULL,0,0,'Eius suscipit quia recusandae rerum error culpa excepturi.',NULL,'2015-02-05 07:50:18','2015-02-05 07:50:18'),(67,'Model','Nikon','Kameras 24 ut','44','Similique sit voluptates numquam necessitatibus ipsam tempora.','Ut ullam adipisci veritatis in qui.',NULL,NULL,0,0,'Quia et fuga non beatae pariatur nostrum.',NULL,'2015-02-05 07:50:18','2015-02-05 07:50:18'),(68,'Model','Nikon','Kameras 25 sunt','45','Autem qui qui earum facilis nesciunt aut.','Voluptatum qui voluptatibus vitae vel culpa voluptatem.',NULL,NULL,0,0,'Ut beatae qui maxime rerum similique asperiores vitae at.',NULL,'2015-02-05 07:50:18','2015-02-05 07:50:18'),(69,'Model','Nikon','Kameras 26 rerum','46','Iusto qui minima quidem consequuntur illum quisquam.','Et eveniet et blanditiis quaerat nihil dolores.',NULL,NULL,0,0,'Sed totam omnis quo aperiam magni.',NULL,'2015-02-05 07:50:18','2015-02-05 07:50:18'),(70,'Model','Nikon','Kameras 27 error','47','Magni incidunt aut illum sequi.','Ut similique consectetur blanditiis quas et.',NULL,NULL,0,0,'Consequatur explicabo quia ea pariatur non debitis qui.',NULL,'2015-02-05 07:50:18','2015-02-05 07:50:18'),(71,'Model','Nikon','Kameras 28 molestias','48','Minus non enim eos voluptatem nihil rerum quia quod.','Temporibus debitis blanditiis dicta aut vel rerum recusandae.',NULL,NULL,0,0,'Saepe provident natus et earum voluptas quisquam.',NULL,'2015-02-05 07:50:18','2015-02-05 07:50:18'),(72,'Model','Nikon','Kameras 29 inventore','49','Quod rerum dolor excepturi.','Possimus ipsam rem et repellat.',NULL,NULL,0,0,'Quia quae quidem voluptatum et minus explicabo vel.',NULL,'2015-02-05 07:50:18','2015-02-05 07:50:18'),(73,'Model','Nikon','Kameras 30 earum','50','Voluptas praesentium provident et in.','Non eius voluptas odit quis rem molestias.',NULL,NULL,0,0,'Qui labore reiciendis consequatur nesciunt repellendus quia.',NULL,'2015-02-05 07:50:18','2015-02-05 07:50:18'),(74,'Software','Runolfsdottir and Sons','Adobe Acrobat','51',NULL,NULL,NULL,NULL,0,0,'test http://test.ch\\r\nwww.foo.ch\\r\njust a text',NULL,'2015-02-05 07:50:18','2015-02-05 07:50:18'),(75,'Software','Ankunding, Grady and Turcotte','MS Word','52',NULL,NULL,NULL,NULL,0,0,'test http://test.ch\\r\nwww.foo.ch\\r\njust a text',NULL,'2015-02-05 07:50:18','2015-02-05 07:50:18'),(76,'Software','Buckridge LLC','Fantastic Rubber Table','53',NULL,NULL,NULL,NULL,0,0,NULL,NULL,'2015-02-05 07:50:18','2015-02-05 07:50:18'),(77,'Software','Grady Inc','Sleek Cotton Table','54',NULL,NULL,NULL,NULL,0,0,NULL,NULL,'2015-02-05 07:50:18','2015-02-05 07:50:18'),(78,'Software','Douglas, Pfannerstill and Schuster','Incredible Cotton Hat','55',NULL,NULL,NULL,NULL,0,0,NULL,NULL,'2015-02-05 07:50:18','2015-02-05 07:50:18'),(79,'Software','Cruickshank LLC','Rustic Wooden Computer','56',NULL,NULL,NULL,NULL,0,0,NULL,NULL,'2015-02-05 07:50:18','2015-02-05 07:50:18'),(80,'Software','Miller LLC','Fantastic Plastic Shirt','57',NULL,NULL,NULL,NULL,0,0,NULL,NULL,'2015-02-05 07:50:18','2015-02-05 07:50:18'),(81,'Software','Towne, Hessel and Altenwerth','Awesome Steel Table','58',NULL,NULL,NULL,NULL,0,0,NULL,NULL,'2015-02-05 07:50:18','2015-02-05 07:50:18'),(82,'Software','Mohr Group','Incredible Wooden Pants','59',NULL,NULL,NULL,NULL,0,0,NULL,NULL,'2015-02-05 07:50:18','2015-02-05 07:50:18'),(83,'Software','Graham, Kuphal and Luettgen','Small Steel Table','60',NULL,NULL,NULL,NULL,0,0,NULL,NULL,'2015-02-05 07:50:18','2015-02-05 07:50:18'),(84,'Software','Ernser, Price and Crooks','Fantastic Concrete Pants','61',NULL,NULL,NULL,NULL,0,0,NULL,NULL,'2015-02-05 07:50:18','2015-02-05 07:50:18'),(85,'Software','Koepp-Rau','Awesome Plastic Computer','62',NULL,NULL,NULL,NULL,0,0,NULL,NULL,'2015-02-05 07:50:18','2015-02-05 07:50:18'),(86,'Software','Champlin-Gleason','Intelligent Wooden Chair','63',NULL,NULL,NULL,NULL,0,0,NULL,NULL,'2015-02-05 07:50:18','2015-02-05 07:50:18'),(87,'Software','Kassulke-Schneider','Awesome Concrete Pants','64',NULL,NULL,NULL,NULL,0,0,NULL,NULL,'2015-02-05 07:50:18','2015-02-05 07:50:18'),(88,'Software','Herman and Sons','Gorgeous Granite Car','65',NULL,NULL,NULL,NULL,0,0,NULL,NULL,'2015-02-05 07:50:18','2015-02-05 07:50:18'),(89,'Software','Rodriguez LLC','Awesome Steel Shirt','66',NULL,NULL,NULL,NULL,0,0,NULL,NULL,'2015-02-05 07:50:18','2015-02-05 07:50:18'),(90,'Model','Rosenbaum-Ruecker','Kamera Set','67','Corrupti impedit dolores autem velit.','Doloremque qui error asperiores dolorum aspernatur exercitationem cumque.',NULL,NULL,1,1,'Fugit eaque vitae quam omnis.','Autem voluptatem veritatis nulla non repellendus dolores aut voluptas.','2015-02-05 07:50:18','2015-02-05 07:50:18'),(91,'Model','Wiegand-Swift','Ergonomic Concrete Table','68','Sint saepe nemo modi optio.','Quo blanditiis natus nesciunt.',NULL,NULL,0,0,'Rerum assumenda doloribus rem.','Sint enim quo autem sint nemo officiis eius.','2015-02-05 07:50:18','2015-02-05 07:50:18'),(92,'Model','Osinski, Ferry and Leuschke','Sleek Plastic Table','69','Alias iste culpa voluptate eum vero mollitia.','Ullam officiis vel praesentium veritatis quos.',NULL,NULL,3,0,'Facere ullam est laudantium illo.','Dolore dolor nihil autem qui est.','2015-02-05 07:50:18','2015-02-05 07:50:18'),(93,'Model','Schimmel-Abernathy','Awesome Rubber Car','70','Omnis nemo accusantium asperiores velit ipsum vel saepe.','Possimus et sapiente nisi tempore mollitia repudiandae ratione.',NULL,NULL,3,0,'Harum quia neque numquam sint.','In natus commodi assumenda.','2015-02-05 07:50:18','2015-02-05 07:50:18'),(94,'Model','MacGyver, Howe and Bergnaum','Incredible Plastic Hat','71','Et id voluptatem laboriosam enim inventore quisquam qui vel.','Soluta autem aut illum iusto officiis ut debitis nostrum.',NULL,NULL,2,0,'Voluptates et esse rem mollitia odio sint.','Mollitia fugiat minima corrupti quisquam.','2015-02-05 07:50:18','2015-02-05 07:50:18'),(95,'Model','Pagac, Sanford and Wuckert','Small Granite Hat','72','Fugiat ea qui vel a ipsam.','Error aut culpa fugit officia provident consequatur repudiandae.',NULL,NULL,1,0,'Maxime eum voluptatibus vel quaerat omnis et minima fugiat.','Blanditiis amet veritatis et sed et voluptatibus voluptatem.','2015-02-05 07:50:18','2015-02-05 07:50:18'),(96,'Model','Oberbrunner-Satterfield','Awesome Wooden Gloves','73','Voluptatem voluptatum sed quidem.','Nihil deleniti repellat consectetur ipsum nisi illum delectus.',NULL,NULL,0,0,'Esse aut iusto qui molestiae quos.','Accusamus suscipit rerum ullam magnam neque quisquam aut velit.','2015-02-05 07:50:18','2015-02-05 07:50:18'),(97,'Model','Dibbert LLC','Awesome Wooden Shoes','74','Dicta suscipit tempore ullam consectetur porro natus velit.','Quidem sequi exercitationem iure.',NULL,NULL,3,0,'Autem aut est delectus dolore.','Placeat animi officiis ab dolores amet est.','2015-02-05 07:50:18','2015-02-05 07:50:18'),(98,'Model','Leffler-Fritsch','Practical Wooden Shoes','75','Facilis molestias odio eveniet et consequuntur qui sequi quis.','Enim sit cumque inventore suscipit alias.',NULL,NULL,3,0,'Odit incidunt nam porro sit veniam.','Provident est aliquam nihil quae enim consequatur.','2015-02-05 07:50:18','2015-02-05 07:50:18'),(99,'Model','Gibson Group','Small Cotton Gloves','76','Corporis accusamus voluptas quaerat qui qui libero dicta soluta.','Rerum cupiditate culpa dolore et aut nisi.',NULL,NULL,0,0,'Vitae praesentium ipsa voluptatem voluptatem et eligendi deserunt dolorem.','Veniam non sed est totam quam repudiandae quis.','2015-02-05 07:50:18','2015-02-05 07:50:18'),(100,'Model','Kessler Inc','Rustic Rubber Car','77','Fugiat quam ratione quisquam cumque quae rem.','Id eius sunt culpa non.',NULL,NULL,1,0,'Aspernatur est minima atque necessitatibus quam eum dicta.','Illo ut sunt labore delectus eveniet.','2015-02-05 07:50:18','2015-02-05 07:50:18'),(101,'Model','Schaden-Roob','Small Plastic Computer','78','Ut est rerum libero aut culpa et nobis.','Rerum vel excepturi qui voluptatem odio voluptas fugit.',NULL,NULL,0,0,'Et nulla sit quis aut.','Et laboriosam aliquid alias saepe.','2015-02-05 07:50:18','2015-02-05 07:50:18'),(102,'Model','Pfeffer LLC','Rustic Plastic Shoes','79','Et autem numquam optio minus incidunt blanditiis quisquam sint.','Consequatur in tempore numquam ut.',NULL,NULL,0,0,'Nisi nobis aperiam vero quis atque voluptatem facere.','Distinctio tempora sunt et ut sit aut unde.','2015-02-05 07:50:18','2015-02-05 07:50:18'),(103,'Model','Muller-O\'Connell','Sleek Cotton Car','80','Neque sint explicabo voluptatem.','Repudiandae et cupiditate odit.',NULL,NULL,2,0,'Vel assumenda nostrum minima voluptate numquam et debitis.','Natus eos accusamus nisi.','2015-02-05 07:50:18','2015-02-05 07:50:18'),(104,'Model','Bahringer-Gutmann','Ergonomic Steel Computer','81','Facere qui officia iste aperiam molestias.','Voluptates quos nam temporibus ex nulla qui architecto adipisci.',NULL,NULL,0,0,'Vitae reprehenderit alias ut.','Molestiae magni iure sint nobis quia mollitia repellendus.','2015-02-05 07:50:18','2015-02-05 07:50:18'),(105,'Model','Ritchie, Paucek and Veum','Ergonomic Granite Pants','82','Et neque sed in placeat cum.','Eos ut cupiditate sed excepturi.',NULL,NULL,1,0,'Consequuntur et minus doloribus.','Ut repellendus sed repellat dolorem ut dolorum eveniet ullam.','2015-02-05 07:50:18','2015-02-05 07:50:18'),(106,'Model','Howe, Hyatt and Rohan','Sleek Steel Shoes','83','Quia aut incidunt cumque quam dolore quaerat facilis.','Eligendi modi laboriosam dolores.',NULL,NULL,3,0,'Vel facere similique excepturi et quam rerum autem.','Et voluptas temporibus itaque corrupti ut.','2015-02-05 07:50:18','2015-02-05 07:50:18'),(107,'Model','Dickens-Kshlerin','Kamera Set2','84','Ut voluptatem aperiam ad.','Consectetur quia voluptatum incidunt optio dicta.',NULL,NULL,3,1,'Et est doloribus ipsa.','Pariatur suscipit voluptatem rem sunt et ut.','2015-02-05 07:50:18','2015-02-05 07:50:18'),(108,'Model','Steuber Inc','Practical Rubber Gloves','85','Dolores sed illo deserunt molestias.','Quasi illo possimus cum ut ipsum.',NULL,NULL,1,0,'Aspernatur sed enim soluta ad et ab eaque velit.','Temporibus officiis quo recusandae.','2015-02-05 07:50:18','2015-02-05 07:50:18'),(109,'Model','Bradtke LLC','Fantastic Wooden Car','86','Libero porro facere et aut ab deserunt veniam.','Itaque sit voluptatem et aut non cum qui.',NULL,NULL,2,0,'Omnis consectetur ut expedita quo.','Pariatur animi similique et est tenetur.','2015-02-05 07:50:18','2015-02-05 07:50:18'),(110,'Model','Wiza and Sons','Fantastic Rubber Shoes','87','Assumenda ratione accusamus hic exercitationem sit.','Id facere laborum delectus inventore et iusto et voluptatem.',NULL,NULL,0,0,'Quidem expedita beatae veritatis velit molestias mollitia quos sed.','Dolorem qui corrupti ratione sapiente.','2015-02-05 07:50:18','2015-02-05 07:50:18'),(111,'Model','Trantow, Veum and Kuvalis','Ergonomic Plastic Gloves','88','Exercitationem perferendis et itaque doloribus earum eligendi ratione.','Iusto quia fuga perferendis aut numquam et quaerat nulla.',NULL,NULL,0,0,'Earum optio exercitationem voluptates veritatis omnis.','Voluptate fugiat in animi accusamus magnam consequatur.','2015-02-05 07:50:18','2015-02-05 07:50:18'),(112,'Model','Walker Group','Incredible Cotton Shoes','89','Consectetur inventore aut et dolor ab assumenda cum natus.','Ut reprehenderit enim facilis repellendus molestiae.',NULL,NULL,3,0,'Eum sunt accusamus laudantium dolorum.','Odio corrupti recusandae mollitia incidunt enim atque aut.','2015-02-05 07:50:18','2015-02-05 07:50:18'),(113,'Model','Tromp Group','Sleek Concrete Car','90','Adipisci omnis minus doloribus.','Molestiae tempora asperiores molestiae.',NULL,NULL,3,0,'Autem adipisci harum quidem.','Officia iste et autem ut placeat ipsum sunt provident.','2015-02-05 07:50:18','2015-02-05 07:50:18'),(114,'Model','Sauer, Murray and Predovic','Incredible Concrete Shirt','91','Aut corrupti nostrum quis sit id accusantium aut rerum.','Quo ut qui temporibus quasi.',NULL,NULL,3,0,'Rerum delectus fugiat quia et aspernatur eius non.','Atque suscipit dicta ipsam eius aut.','2015-02-05 07:50:18','2015-02-05 07:50:18'),(115,'Model','Murphy, Wolf and Hahn','Practical Granite Shirt','92','Alias autem nulla aut cumque.','Aut alias eos laudantium reprehenderit ut.',NULL,NULL,3,0,'Molestias quo maxime vel error dolor.','Eum et et voluptates autem ducimus doloremque.','2015-02-05 07:50:18','2015-02-05 07:50:18'),(116,'Model','Casper-Nader','Incredible Concrete Gloves','93','Animi assumenda aliquid quo dolore.','Rerum vel et consequatur qui qui.',NULL,NULL,2,0,'Autem qui hic mollitia consequatur excepturi earum.','Qui quos qui dolor.','2015-02-05 07:50:18','2015-02-05 07:50:18'),(117,'Model','Feest and Sons','Ergonomic Granite Table','94','Vel voluptate atque et autem eos et.','Sunt eos dolorem saepe et possimus et veritatis et.',NULL,NULL,3,0,'Id nihil nisi iste quibusdam.','Reiciendis blanditiis iste nihil culpa.','2015-02-05 07:50:18','2015-02-05 07:50:18'),(118,'Model','Deckow Inc','Fantastic Steel Table','95','Nemo dolor perferendis sit.','Recusandae et eos voluptatum autem rerum voluptatem soluta.',NULL,NULL,1,0,'Error dolorum qui repellat eum.','Sunt quam quo in voluptas illo.','2015-02-05 07:50:18','2015-02-05 07:50:18'),(119,'Model','Marks, Kshlerin and Wintheiser','Rustic Wooden Shirt','96','Eius dolore rem qui voluptate exercitationem soluta quae.','Qui consequatur nemo qui non assumenda pariatur veritatis.',NULL,NULL,3,0,'Rerum voluptas animi magnam qui non.','Sunt eveniet numquam nihil tempore quo.','2015-02-05 07:50:18','2015-02-05 07:50:18'),(120,'Model','Crona LLC','Practical Concrete Shirt','101','Aut iure aut expedita blanditiis vitae non et sit.','Voluptatem dolor qui quas earum voluptatem sint.',NULL,NULL,1,0,'Quidem et quia ut necessitatibus alias sint dignissimos est.','Tempore ut earum labore nobis odit voluptas sunt.','2015-02-05 07:50:18','2015-02-05 07:50:18'),(121,'Model','Kessler-Witting','Practical Concrete Car','102','Fugiat at et non non magnam exercitationem.','Rem optio aspernatur natus.',NULL,NULL,3,0,'Dolores voluptatem non nostrum officiis et placeat.','Cumque ut omnis culpa.','2015-02-05 07:50:18','2015-02-05 07:50:18'),(122,'Model','Koepp, Torp and Rutherford','Sleek Wooden Table','103','Optio vitae sed sed eius.','Voluptate enim non veniam fugit qui animi.',NULL,NULL,2,0,'Omnis quis officiis repellat a.','Illum nemo non illo rerum.','2015-02-05 07:50:18','2015-02-05 07:50:18'),(123,'Model','Rodriguez and Sons','Sleek Wooden Computer','104','Voluptatum sit illo libero.','Dolores tenetur quia et ut quibusdam.',NULL,NULL,0,0,'Qui rem ut atque eos dolor maxime aut id.','Ex eligendi ut nisi sunt est doloribus.','2015-02-05 07:50:18','2015-02-05 07:50:18'),(124,'Model','Sporer, Walker and Douglas','Awesome Wooden Hat','105','Vero nihil quidem est doloremque perspiciatis consequatur.','Aut consectetur modi tempora.',NULL,NULL,2,0,'Aut eos sunt minus.','Reiciendis error perspiciatis quo.','2015-02-05 07:50:18','2015-02-05 07:50:18'),(125,'Model','Harvey LLC','Gorgeous Plastic Computer','106','Natus id et dolore occaecati voluptatem accusamus voluptas voluptas.','Facilis repudiandae qui nemo et.',NULL,NULL,0,0,'Ipsa et distinctio eos.','Distinctio eaque blanditiis nihil quia debitis explicabo expedita eius.','2015-02-05 07:50:18','2015-02-05 07:50:18'),(126,'Model','Hirthe, Thompson and Hyatt','Fantastic Concrete Car','107','Consequatur quo nisi magnam odio quia repellendus.','Quam excepturi consequatur iusto perferendis ipsum asperiores quaerat exercitationem.',NULL,NULL,1,0,'Enim provident commodi qui culpa voluptatum.','Explicabo dolores molestiae sint accusamus.','2015-02-05 07:50:18','2015-02-05 07:50:18'),(127,'Model','Will Inc','Small Steel Shoes','108','Mollitia aspernatur numquam recusandae quia accusantium provident.','Rerum impedit dignissimos voluptas autem accusamus ducimus.',NULL,NULL,0,0,'Eaque perspiciatis rem aperiam aut sequi vel iusto tempora.','Quam et neque eveniet.','2015-02-05 07:50:18','2015-02-05 07:50:18'),(128,'Model','Larkin-DuBuque','Incredible Rubber Table','109','Aut et voluptatum ullam cum aut voluptate voluptatem.','Commodi repellat maiores cumque aliquam non voluptatem non recusandae.',NULL,NULL,3,0,'Est et commodi qui ut cumque.','Non sed blanditiis aliquam culpa impedit molestiae esse ad.','2015-02-05 07:50:18','2015-02-05 07:50:18'),(129,'Model','Grant-Marvin','Intelligent Wooden Gloves','110','Id omnis iste aut et.','Odit asperiores est odio laboriosam.',NULL,NULL,1,0,'Sit perspiciatis maxime et.','Dolor sed quia ipsa.','2015-02-05 07:50:18','2015-02-05 07:50:18'),(130,'Model','Cronin-Dickinson','Ergonomic Plastic Shoes','111','Saepe dolor blanditiis iste aut ea inventore.','Numquam odit sed est.',NULL,NULL,3,0,'Laboriosam eum occaecati qui aut quaerat.','Voluptatibus facilis facere dignissimos quidem aut.','2015-02-05 07:50:18','2015-02-05 07:50:18'),(131,'Model','O\'Kon, Ritchie and Kovacek','Incredible Concrete Shoes','112','Velit repellat ea numquam.','In eum quas iste atque.',NULL,NULL,3,0,'Adipisci voluptas deserunt nihil.','Sapiente ullam corporis sunt quis aspernatur.','2015-02-05 07:50:18','2015-02-05 07:50:18'),(132,'Model','Senger Group','Fantastic Rubber Chair','113','Officiis est explicabo beatae enim mollitia.','Et eligendi facere iure.',NULL,NULL,3,0,'Odio occaecati odit voluptates sed qui omnis illo quasi.','Consequuntur est eum doloremque id.','2015-02-05 07:50:18','2015-02-05 07:50:18'),(133,'Model','Runolfsdottir-Hickle','Rustic Granite Pants','114','Non inventore rerum voluptatem perspiciatis consequatur rem nisi tempora.','Quod sed in aperiam ad ut optio.',NULL,NULL,1,0,'Consectetur mollitia quod sunt.','Aut qui nemo qui cum debitis a nihil.','2015-02-05 07:50:18','2015-02-05 07:50:18'),(134,'Model','Stark, Hilpert and MacGyver','Practical Steel Chair','115','Velit dolor rerum vel explicabo et.','Et provident sapiente quia ullam quo et saepe ut.',NULL,NULL,1,0,'Recusandae mollitia aperiam est iste ipsum.','Provident omnis odit et.','2015-02-05 07:50:18','2015-02-05 07:50:18'),(135,'Model','Hessel-Friesen','Rustic Wooden Hat','116','Nam molestiae odio perspiciatis sunt unde.','Et aperiam odio nam rem ea.',NULL,NULL,2,0,'Ea eligendi repellendus autem provident vero.','Et est voluptatem odit quae est illum est cumque.','2015-02-05 07:50:18','2015-02-05 07:50:18'),(136,'Model','Zulauf, Emmerich and Pollich','Practical Granite Hat','117','Quaerat cupiditate accusamus sed cum non debitis doloribus.','Quod id non quibusdam eligendi odit saepe ut.',NULL,NULL,3,0,'Sunt officia quod repudiandae sit voluptate tempore.','Cum totam inventore voluptates doloremque aut.','2015-02-05 07:50:18','2015-02-05 07:50:18'),(137,'Model','Breitenberg, Parker and Medhurst','Sleek Granite Computer','118','Nemo recusandae velit repudiandae sapiente harum ut quae dolore.','Est odit laborum blanditiis eius.',NULL,NULL,0,0,'Molestiae ab nihil consequuntur dolorem fuga.','Voluptates doloribus ad cupiditate minima nostrum ex.','2015-02-05 07:50:18','2015-02-05 07:50:18'),(138,'Model','Jacobi-Powlowski','Fantastic Steel Shirt','119','Deserunt libero officiis voluptatem rem omnis aut ipsam.','Ipsam et cumque voluptas labore impedit optio.',NULL,NULL,1,0,'Veritatis distinctio harum praesentium dignissimos accusantium dolorum blanditiis libero.','Occaecati esse deleniti nulla.','2015-02-05 07:50:18','2015-02-05 07:50:18'),(139,'Model','Deckow and Sons','Sleek Plastic Car','120','Sint illo earum reiciendis.','Et ipsum maiores quos.',NULL,NULL,2,0,'Consequatur enim rerum odio est sit atque est iste.','Sit qui eum voluptatem.','2015-02-05 07:50:18','2015-02-05 07:50:18'),(140,'Model','Harris, Friesen and Bashirian','Fantastic Wooden Shoes','121','Facere illum est culpa ut.','Et labore autem quaerat.',NULL,NULL,2,0,'Quis sequi et totam ratione molestiae non recusandae quia.','Est enim dolor in perferendis quia nemo aut et.','2015-02-05 07:50:18','2015-02-05 07:50:18'),(141,'Model','Kuhn Inc','Intelligent Steel Chair','122','Perferendis quasi adipisci saepe quas.','Id autem quos culpa consequuntur numquam.',NULL,NULL,3,0,'Perferendis ut molestiae delectus sint ab quia eligendi.','Dolores dolorem cum aspernatur nihil.','2015-02-05 07:50:18','2015-02-05 07:50:18'),(142,'Model','Hermiston and Sons','Practical Wooden Car','123','Tenetur repudiandae ut dolorum illo.','Est dolorem quos eum pariatur aut minus nihil.',NULL,NULL,0,0,'Ducimus odio repudiandae dolores accusantium.','Possimus sunt quibusdam nesciunt minima.','2015-02-05 07:50:18','2015-02-05 07:50:18'),(143,'Model','Bogan Inc','Gorgeous Plastic Car','124','Quo qui fuga est quaerat occaecati quo et magnam.','Et aliquid tempore consequatur eligendi et natus perspiciatis rerum.',NULL,NULL,2,0,'Autem est qui laboriosam.','Magni beatae autem nam.','2015-02-05 07:50:18','2015-02-05 07:50:18'),(144,'Model','Stoltenberg-Rosenbaum','Small Granite Computer','125','Sit ipsam voluptas necessitatibus.','Praesentium assumenda occaecati repellat et eum.',NULL,NULL,0,0,'Modi sint culpa et autem.','Ut quae dolorum fugiat consectetur nesciunt dolores est.','2015-02-05 07:50:18','2015-02-05 07:50:18'),(145,'Model','Schoen, Davis and Gottlieb','Ergonomic Wooden Shirt','126','A id et in fugit neque consequatur.','Voluptatum excepturi pariatur ea et non enim possimus et.',NULL,NULL,1,0,'Voluptatibus optio dolores sunt illum.','Dolor vitae commodi dolores.','2015-02-05 07:50:18','2015-02-05 07:50:18'),(146,'Model','Homenick, Rath and Robel','Incredible Wooden Chair','127','Molestias aut labore neque libero quia molestiae nulla aut.','Nam sint sequi incidunt rerum est cum.',NULL,NULL,0,0,'Ut et rerum est doloremque veritatis.','Ipsum natus et quasi laborum.','2015-02-05 07:50:18','2015-02-05 07:50:18'),(147,'Model','Krajcik LLC','Awesome Wooden Table','128','Et fugit eum non ut sit praesentium et.','Rerum a enim neque.',NULL,NULL,0,0,'Odio vitae quae veritatis omnis ab atque.','Quaerat quia quod cupiditate nesciunt repellat distinctio et repellendus.','2015-02-05 07:50:18','2015-02-05 07:50:18'),(148,'Model','Welch, Bradtke and Johnson','Rustic Rubber Table','129','Laudantium minus omnis repellendus ipsam.','Dolorem eos itaque amet sit consequatur ad quam.',NULL,NULL,2,0,'Sunt nobis dicta est.','Tenetur distinctio amet labore ut sapiente.','2015-02-05 07:50:18','2015-02-05 07:50:18'),(149,'Model','Feil-Dooley','Sleek Wooden Car','130','Voluptatum sint sit quo dolorum cupiditate.','Consequatur dolores voluptatibus occaecati dolor odit ipsa cum nam.',NULL,NULL,2,0,'Molestias ea praesentium nihil illum.','Veniam corrupti enim quis sit.','2015-02-05 07:50:18','2015-02-05 07:50:18'),(150,'Model','Nicolas, Ritchie and Hane','Incredible Wooden Shoes','131','Possimus expedita aut et impedit inventore laborum qui.','Repellendus sint perspiciatis rerum.',NULL,NULL,3,0,'Facere qui id ipsum voluptatibus.','Modi nihil excepturi id laboriosam recusandae.','2015-02-05 07:50:18','2015-02-05 07:50:18'),(151,'Model','Kub, Gulgowski and Hane','Intelligent Cotton Computer','132','Optio et voluptatem et aliquam quam.','Explicabo autem facere est est ea.',NULL,NULL,1,0,'Et optio quod fugiat quaerat molestiae et sit culpa.','Quidem odit maxime sint qui sint.','2015-02-05 07:50:18','2015-02-05 07:50:18'),(152,'Model','McClure Group','Sleek Wooden Pants','133','Tempore hic cumque deserunt consequatur commodi.','Fugit quas sequi temporibus voluptates neque pariatur.',NULL,NULL,2,0,'Neque magnam ullam voluptatibus numquam fugit et provident.','Labore perferendis reiciendis minima tempore.','2015-02-01 07:50:18','2015-02-01 07:50:18'),(153,'Model','Franecki, Rowe and Zboncak','Practical Rubber Car','134','Est maiores non porro assumenda quasi incidunt.','Perspiciatis dolor in voluptatem qui odit sint sit.',NULL,NULL,0,0,'Enim id eum laborum ut veritatis sit sequi.','Tenetur tempora quo voluptas omnis ut.','2015-02-01 07:50:18','2015-02-01 07:50:18'),(154,'Model','Wilderman, Maggio and Boyer','Sleek Cotton Pants','135','Enim illo a enim et accusantium.','Aspernatur eum quaerat enim.',NULL,NULL,2,0,'Et eum cupiditate fuga ut facere.','Consequuntur iste tenetur officia voluptas quia praesentium.','2015-02-01 07:50:18','2015-02-01 07:50:18'),(155,'Model','Koch-Conroy','Gorgeous Concrete Chair','136','Quae quis magni quisquam quasi.','Aut sit quo ut.',NULL,NULL,3,0,'Nam et vitae dignissimos est rerum.','Quas ut aut iste dolor fuga.','2015-02-01 07:50:18','2015-02-01 07:50:18'),(156,'Model','Bechtelar, Nolan and Dickinson','Incredible Granite Pants','137','Delectus et voluptatem quam distinctio ut.','Beatae sunt et eaque in voluptatum commodi vel.',NULL,NULL,1,0,'Dolor vel illo amet dolore qui ea qui libero.','Amet neque sed sunt.','2015-02-05 07:50:18','2015-02-05 07:50:18'),(157,'Model','Gleichner and Sons','Awesome Steel Chair','138','At quas maiores iste minus aspernatur sunt sint impedit.','Ea excepturi aperiam earum perspiciatis eum praesentium eos at.',NULL,NULL,2,0,'Voluptatem ut ea inventore dignissimos non tempora.','Consequatur sint tempora qui eaque eligendi corrupti omnis ut.','2015-02-05 07:50:18','2015-02-05 07:50:18'),(158,'Model','Rutherford-MacGyver','Gorgeous Granite Table','139','Et voluptatibus quia quos aut rerum et.','Voluptatem ab iure labore molestiae odit facilis est ut.',NULL,NULL,3,0,'Autem dignissimos repellendus mollitia aut sit eum.','Et ducimus perspiciatis aut molestias.','2015-02-05 07:50:18','2015-02-05 07:50:18'),(159,'Model','Raynor-Lindgren','Awesome Wooden Car','140','Aut vitae aspernatur sunt sint quis qui.','Animi reprehenderit voluptas natus modi autem ut reiciendis illum.',NULL,NULL,0,0,'Omnis voluptatem autem aut.','Perferendis sint ea odio distinctio.','2015-02-05 07:50:18','2015-02-05 07:50:18'),(160,'Model','McKenzie-Cormier','Ergonomic Wooden Table','141','Quo consequatur ut sed consequatur et velit eum porro.','Illum suscipit assumenda nam maiores eum expedita nesciunt soluta.',NULL,NULL,2,0,'Inventore deleniti aut voluptatem rerum rerum sit.','Est sit modi ab cum voluptatibus doloribus non.','2015-02-05 07:50:18','2015-02-05 07:50:18'),(161,'Model','Kiehn-Johnston','Incredible Steel Hat','142','Quo sit soluta et vitae.','Enim quis qui aliquam nam laborum consequuntur.',NULL,NULL,2,0,'Suscipit quidem in ut repudiandae soluta vel maiores.','Harum sint officia sapiente voluptatem ipsa.','2015-02-05 07:50:18','2015-02-05 07:50:18'),(162,'Model','Waelchi LLC','Fantastic Plastic Car','143','Nulla eos suscipit rem veritatis eveniet vero.','Qui sapiente dolor ad quo consectetur in.',NULL,NULL,0,0,'A dolorum voluptatem adipisci.','Sit vitae quod sapiente facere natus ut alias.','2015-02-05 07:50:18','2015-02-05 07:50:18'),(163,'Model','Heidenreich, Reinger and Gerlach','Sleek Wooden Shoes','144','Quis fugiat molestiae molestias commodi ex minima est rerum.','Dolor necessitatibus velit minima est quis.',NULL,NULL,2,0,'Omnis ut consequatur voluptatibus.','Incidunt officiis amet explicabo eligendi non et ut.','2015-02-05 07:50:18','2015-02-05 07:50:18'),(164,'Model','McGlynn Inc','Small Rubber Chair','145','Laborum id aspernatur velit qui quidem.','Vel quaerat et perspiciatis omnis et enim.',NULL,NULL,1,0,'Rerum fugiat ipsam quia non.','Illum omnis et iste.','2015-02-05 07:50:18','2015-02-05 07:50:18'),(165,'Model','Lubowitz-Parisian','Awesome Rubber Hat','146','Animi et quos est quia est.','Culpa atque autem dolores necessitatibus aliquid placeat reiciendis a.',NULL,NULL,0,0,'Eveniet quas quia soluta quos eum sequi.','Qui distinctio accusantium et suscipit qui.','2015-02-05 07:50:18','2015-02-05 07:50:18'),(166,'Model','Lubowitz, Boyle and Kiehn','Ergonomic Plastic Table','147','Et sunt illum eum qui.','Voluptatem reiciendis in officia inventore voluptas porro autem molestiae.',NULL,NULL,0,0,'Delectus quo libero incidunt praesentium facere non.','Distinctio repellendus fuga qui eos asperiores sint harum.','2015-02-05 07:50:18','2015-02-05 07:50:18'),(167,'Model','Tillman, Bruen and Baumbach','Fantastic Granite Shirt','148','Inventore molestias ut consequatur debitis quis eveniet veniam.','Occaecati eaque eos autem nemo eum modi.',NULL,NULL,3,0,'Non suscipit laborum iure vel ipsam corporis.','Ipsum perferendis debitis officia sit tempore.','2015-02-05 07:50:18','2015-02-05 07:50:18'),(168,'Model','McGlynn, Stracke and MacGyver','Practical Wooden Hat','149','Inventore dolorum praesentium quos.','Delectus nam rem quos nisi officia voluptatem.',NULL,NULL,0,0,'Quia laboriosam quis beatae.','Occaecati incidunt labore sed laborum.','2015-02-05 07:50:18','2015-02-05 07:50:18'),(169,'Model','Zemlak LLC','Gorgeous Concrete Gloves','150','Perspiciatis quo et quam saepe in.','Doloribus minus labore voluptatibus magni.',NULL,NULL,1,0,'Ipsum quae nihil corporis eveniet dignissimos eum fuga vel.','Laboriosam incidunt qui veniam aut voluptatum dignissimos.','2015-02-05 07:50:18','2015-02-05 07:50:18'),(170,'Model','Ebert, Schaefer and Prosacco','Intelligent Cotton Table','151','Ex ipsam qui id earum soluta veritatis officiis.','Vero nesciunt ut quaerat.',NULL,NULL,3,0,'Dignissimos fugit perferendis labore voluptas quo omnis possimus error.','Qui occaecati repellendus veniam quia magnam optio.','2015-02-05 07:50:18','2015-02-05 07:50:18'),(171,'Model','Bosco, Homenick and Reinger','Gorgeous Rubber Table','152','Similique odio ut officiis quas aut atque.','Iusto ex dolor facilis numquam accusantium ab.',NULL,NULL,3,0,'Omnis voluptatem nemo voluptatum provident cupiditate.','Totam perferendis iusto rerum consectetur a.','2015-02-05 07:50:18','2015-02-05 07:50:18'),(172,'Model','Carroll, Kuhlman and Adams','Sleek Steel Hat','153','Soluta nisi suscipit quia velit minima dolor a laboriosam.','Totam et deleniti sapiente saepe.',NULL,NULL,2,0,'Voluptatum nihil labore enim eius non.','Nobis veniam qui et earum.','2015-02-05 07:50:18','2015-02-05 07:50:18'),(173,'Model','Schaden Inc','Awesome Granite Shirt','154','Laudantium sit rerum aspernatur.','Quibusdam eos id eaque libero.',NULL,NULL,2,0,'In maiores quos aut et eos qui.','Recusandae delectus et saepe illo sunt et.','2015-02-05 07:50:18','2015-02-05 07:50:18'),(174,'Model','Lowe, Metz and Von','Fantastic Plastic Hat','155','Impedit facere sapiente voluptates blanditiis omnis incidunt.','Quis ut et fugiat voluptatibus molestiae sunt consectetur nulla.',NULL,NULL,0,0,'Esse nam maxime et in laudantium amet aut.','Tenetur enim magnam officia at enim et maxime et.','2015-02-04 07:50:18','2015-02-04 07:50:18'),(175,'Model','Hyatt, Ankunding and Lehner','Gorgeous Concrete Table','156','Qui molestiae et nam.','Temporibus voluptatem dolores vel at eos exercitationem.',NULL,NULL,0,0,'Dolorem qui nesciunt laborum.','Quae eaque quia labore laborum quod.','2015-02-04 07:50:18','2015-02-04 07:50:18'),(176,'Model','Yundt-Jenkins','Sleek Granite Table','157','Nihil corrupti unde nulla provident voluptate in autem perspiciatis.','Placeat iure aliquam atque maxime.',NULL,NULL,2,0,'Sunt est qui distinctio ut velit harum.','Eveniet praesentium commodi neque repellendus.','2015-02-04 07:50:18','2015-02-04 07:50:18'),(177,'Model','Dicki, Miller and Wolff','Awesome Rubber Pants','158','Voluptatem accusantium unde totam.','Unde commodi quam molestiae laborum aut consequatur eaque perferendis.',NULL,NULL,3,0,'Delectus qui ipsam qui saepe sunt ut.','Et aliquam quia consequatur.','2015-01-29 07:50:18','2015-01-29 07:50:18'),(178,'Model','Stanton-Hettinger','Practical Rubber Pants','159','Quibusdam at eos id.','Ut asperiores voluptatem in voluptas impedit quidem.',NULL,NULL,0,0,'Porro sint voluptate sapiente molestiae nam.','Dolor quis tempora nihil.','2015-01-29 07:50:18','2015-01-29 07:50:18'),(179,'Model','Stroman, Bernier and Corwin','Incredible Granite Car','160','Labore recusandae rerum quibusdam quod earum libero illo at.','Saepe ipsam tempore adipisci qui et.',NULL,NULL,2,0,'Quia quo eum fugit incidunt dicta repellat veniam.','Perferendis qui iste rem ut consequatur.','2015-01-29 07:50:18','2015-01-29 07:50:18'),(180,'Model','Koepp-Walsh','Fantastic Granite Computer','161','Commodi tenetur est sint id.','Voluptas nesciunt labore corporis eum.',NULL,NULL,1,0,'Iusto non qui distinctio placeat dolores mollitia omnis.','Et cupiditate dicta nostrum.','2015-01-29 07:50:18','2015-01-29 07:50:18'),(181,'Model','Hessel, Weber and Pfannerstill','Intelligent Rubber Shirt','162','Facilis nulla perspiciatis id est est sit quod.','Velit aut minus aut.',NULL,NULL,0,0,'Consequatur perspiciatis omnis excepturi veniam.','Minus ut labore non aliquam.','2015-02-05 07:50:18','2015-02-05 07:50:18'),(182,'Model','Grimes-Brown','Gorgeous Concrete Pants','163','Ut enim iste est.','Explicabo placeat temporibus est cupiditate.',NULL,NULL,0,0,'Ab officiis quasi maxime velit expedita nesciunt iusto quas.','Esse asperiores nisi soluta dolor.','2015-02-05 07:50:18','2015-02-05 07:50:18'),(183,'Model','Dickens Group','Sleek Wooden Hat','164','Dolores ex mollitia iusto ut quis.','Molestiae a est culpa provident.',NULL,NULL,0,0,'Eligendi ea reiciendis repudiandae qui voluptatem tenetur aut.','Tempore culpa in cupiditate et vel necessitatibus ipsam.','2015-02-05 07:50:18','2015-02-05 07:50:18'),(184,'Model','Bergstrom-Bins','Gorgeous Wooden Shirt','165','Rem facere aperiam aut nesciunt repellat rerum.','Et totam consequatur esse enim inventore cum.',NULL,NULL,1,0,'Quidem sed ex voluptatem.','Eaque est non et.','2015-02-05 07:50:18','2015-02-05 07:50:18'),(185,'Model','Stanton, Franecki and Weimann','Sleek Rubber Table','166','Qui dolorem exercitationem sed.','Consequatur voluptas vero explicabo fugit ea sunt.',NULL,NULL,3,0,'Omnis non adipisci velit.','Nam ipsum sed neque voluptas commodi est amet.','2015-02-05 07:50:18','2015-02-05 07:50:18'),(186,'Model','Zboncak, Botsford and Lebsack','Gorgeous Cotton Shoes','167','Sed eos reprehenderit dignissimos corporis enim ut sed.','Mollitia magnam ut et recusandae deserunt impedit quasi.',NULL,NULL,2,0,'Tempora quia necessitatibus voluptas rem dolor neque.','In quidem alias dignissimos quia doloremque.','2015-02-05 07:50:18','2015-02-05 07:50:18'),(187,'Model','Hartmann-Collins','Incredible Granite Hat','168','Magnam quibusdam iusto quos dolorem itaque reprehenderit fugiat sapiente.','Nostrum dolor voluptatem ut.',NULL,NULL,0,0,'Corporis dicta dolor quibusdam ad quia nihil tempore est.','Inventore aliquid in nisi et dolor.','2015-02-05 07:50:18','2015-02-05 07:50:18'),(188,'Model','Dicki, Kozey and Okuneva','Fantastic Concrete Chair','169','Provident nesciunt ab veniam.','Quia veniam ipsum accusamus nemo sit quibusdam deserunt.',NULL,NULL,2,0,'Reprehenderit ex et ullam sint sapiente consequatur et hic.','Error in qui voluptatem repellat ipsam nam.','2015-02-05 07:50:18','2015-02-05 07:50:18'),(189,'Model','Halvorson, Ward and Franecki','Small Steel Gloves','170','Ut molestias laudantium voluptatibus accusamus consectetur ducimus.','Ratione eum quo ex officia pariatur odit.',NULL,NULL,3,0,'Atque ullam reiciendis facere dicta perspiciatis hic.','Optio minus nihil nulla alias eligendi ut quis.','2015-02-05 07:50:18','2015-02-05 07:50:18'),(190,'Model','Hickle-Hermann','Sleek Steel Car','171','Sint non dolorum et repellendus atque assumenda.','Ea natus aperiam ut laborum quo eaque perspiciatis.',NULL,NULL,0,0,'Quas non omnis cupiditate recusandae ea.','Debitis quae unde tenetur officia.','2015-02-05 07:50:18','2015-02-05 07:50:18'),(191,'Model','Graham Group','Intelligent Concrete Gloves','172','Beatae odio enim deleniti animi.','Minima doloribus exercitationem quibusdam perferendis nemo laborum molestiae voluptas.',NULL,NULL,3,0,'Architecto aut itaque possimus.','Esse asperiores illo minus voluptatum.','2015-02-05 07:50:18','2015-02-05 07:50:18'),(192,'Model','McClure Inc','Rustic Rubber Shoes','173','Facilis labore laudantium qui nulla et rerum aut.','Nostrum tenetur velit sunt aliquid non velit modi.',NULL,NULL,2,0,'Qui velit quia modi labore.','Eius eum molestiae eum pariatur.','2015-02-05 07:50:18','2015-02-05 07:50:18'),(193,'Model','Conn-Oberbrunner','Rustic Steel Gloves','174','Inventore qui dolores et quia.','Deleniti accusamus eos et autem praesentium aliquam qui.',NULL,NULL,1,0,'Officia inventore deserunt nulla accusamus laboriosam.','Itaque sed sit accusamus tenetur molestias quibusdam fugiat.','2015-02-05 07:50:18','2015-02-05 07:50:18'),(194,'Model','Lindgren, Pfannerstill and Lind','Small Wooden Shoes','175','Sunt veritatis ex veniam nobis quia quidem.','Molestiae corporis occaecati voluptatem atque facere.',NULL,NULL,3,0,'Ut sed incidunt et voluptas dolores.','Ratione dolorem blanditiis quis aut consequatur id ducimus dolores.','2015-02-05 07:50:18','2015-02-05 07:50:18'),(195,'Model','Dare-Mohr','Practical Concrete Table','176','Earum consequatur nemo iusto ex tempore est molestiae quia.','Aliquam numquam rerum mollitia earum voluptatem consequatur.',NULL,NULL,3,0,'Cupiditate quisquam dolores et ab amet.','Aut provident molestiae id in ad praesentium.','2015-02-05 07:50:18','2015-02-05 07:50:18'),(196,'Model','Heller-Wunsch','Rustic Plastic Table','177','Vero ducimus est est aliquam quidem inventore iste quo.','Nihil suscipit enim ea dolorem porro est.',NULL,NULL,3,0,'Est sed laboriosam harum voluptatum autem neque sit sit.','Iste natus sed et excepturi tempore ut eum.','2015-02-05 07:50:18','2015-02-05 07:50:18'),(197,'Model','Howe, Crist and Gottlieb','Incredible Plastic Computer','178','Consequuntur dolorem reprehenderit nam magnam quo autem doloribus neque.','Temporibus consequatur ut modi numquam esse.',NULL,NULL,1,0,'Numquam unde non ut dolorum quibusdam.','Incidunt dolorem ex consequatur expedita veritatis ratione corrupti natus.','2015-02-05 07:50:18','2015-02-05 07:50:18'),(198,'Model','Kuhic LLC','Gorgeous Wooden Hat','179','Exercitationem provident laudantium voluptatum.','Libero voluptas similique porro omnis.',NULL,NULL,1,0,'Amet dignissimos officiis nulla vel qui.','Fuga eius quia non possimus perspiciatis.','2015-02-05 07:50:18','2015-02-05 07:50:18'),(199,'Model','Hoeger Inc','Gorgeous Wooden Table','180','Libero laboriosam dolorem sed voluptatem inventore aliquid earum.','Consequatur qui voluptatem quasi dolores aspernatur saepe incidunt.',NULL,NULL,0,0,'Incidunt repellendus fugit rerum quas et soluta est itaque.','Sapiente repudiandae quia qui molestiae sit optio voluptates.','2015-02-05 07:50:18','2015-02-05 07:50:18'),(200,'Model','Orn, Greenfelder and Collins','Incredible Steel Pants','181','Est et temporibus voluptatibus.','Laudantium perspiciatis et natus minima.',NULL,NULL,3,0,'Cupiditate omnis nihil amet aut fugiat est.','A tempora dolorum aspernatur suscipit cupiditate dignissimos.','2015-02-05 07:50:18','2015-02-05 07:50:18'),(201,'Model','Shanahan-Hayes','Incredible Granite Computer','182','Nesciunt veritatis nostrum sit non quos.','Neque aut dolorem consequuntur optio nam.',NULL,NULL,1,0,'Voluptatem soluta et et qui et non quam.','A distinctio quia expedita.','2015-02-05 07:50:18','2015-02-05 07:50:18'),(202,'Model','Adams-Schuppe','Intelligent Steel Computer','183','Odit nam sequi saepe iusto veritatis modi aut.','Rerum harum et accusantium ea perferendis et id enim.',NULL,NULL,3,0,'Quia facilis qui consectetur vel sed qui laboriosam maiores.','Atque modi minima molestiae id quas rerum nesciunt quis.','2015-02-05 07:50:18','2015-02-05 07:50:18'),(203,'Model','Howe-Hessel','Rustic Plastic Hat','184','Sapiente voluptatem voluptatem voluptatem tempore omnis.','Dolorem dolores autem est ut soluta voluptatem.',NULL,NULL,3,0,'Officiis debitis rem ut.','Ea eum aliquid nisi eligendi quasi ea.','2015-02-05 07:50:18','2015-02-05 07:50:18'),(204,'Model','Corwin-Ankunding','Ergonomic Granite Chair','185','Minima perferendis nulla voluptate.','Accusamus enim libero saepe ad ea.',NULL,NULL,3,0,'Quasi modi cupiditate consequatur est.','Est corporis quae minima voluptatem cumque illum consequatur.','2015-02-05 07:50:18','2015-02-05 07:50:18'),(205,'Model','Denesik-Parisian','Ergonomic Steel Chair','186','Officia excepturi ex voluptatum sunt ea animi.','Et magni voluptatibus amet.',NULL,NULL,2,0,'Voluptatem sit explicabo id.','Minima quisquam ea voluptas possimus dolor.','2015-02-05 07:50:18','2015-02-05 07:50:18'),(206,'Model','Nienow and Sons','Gorgeous Plastic Pants','187','Voluptatem consequatur sed aspernatur reprehenderit enim voluptatem.','Quo sed impedit hic.',NULL,NULL,2,0,'Aut cumque ullam dolore voluptatem qui.','Eum nisi eum eos architecto ullam.','2015-02-05 07:50:18','2015-02-05 07:50:18'),(207,'Model','DuBuque-Gusikowski','Practical Cotton Hat','188','Incidunt laudantium aut eos et tenetur sit provident reprehenderit.','Modi eum et quis laboriosam quibusdam aliquam quaerat sed.',NULL,NULL,0,0,'Quia a nemo reprehenderit aut.','Non dolores soluta ut at.','2015-02-05 07:50:18','2015-02-05 07:50:18'),(208,'Model','Ward, Brown and Nolan','Small Granite Pants','189','Ipsa iure fugiat tenetur et ex perferendis magni iste.','Voluptas occaecati nihil beatae officia veritatis nesciunt.',NULL,NULL,1,0,'Voluptatem dolorem magnam ut accusamus recusandae.','Fugit eaque esse hic neque quia.','2015-02-05 07:50:18','2015-02-05 07:50:18'),(209,'Model','Thompson, Gorczany and Nienow','Practical Cotton Computer','190','Atque aut voluptas et fuga voluptates.','Autem nostrum officiis sed similique optio voluptas consequatur.',NULL,NULL,2,0,'Excepturi ut rerum corporis rem natus non quibusdam.','Error dolorum laboriosam eos sunt minima est consequatur.','2015-02-05 07:50:18','2015-02-05 07:50:18'),(210,'Model','Luettgen Inc','Incredible Steel Shirt','191','Sed repellat maxime quia consequatur perspiciatis qui.','Facilis cum similique dolores hic quas necessitatibus autem.',NULL,NULL,0,0,'Illum voluptas in ea eaque.','Reprehenderit odio dolorem non ipsam occaecati.','2015-02-05 07:50:18','2015-02-05 07:50:18'),(211,'Model','Mante Group','Small Concrete Shoes','192','Consequatur pariatur labore corporis iusto tenetur qui.','Est itaque sit eum.',NULL,NULL,1,0,'Ad laborum nulla architecto voluptas.','Cumque quia voluptas sed.','2015-02-05 07:50:18','2015-02-05 07:50:18'),(212,'Model','Hagenes-Flatley','Rustic Concrete Pants','193','Possimus qui doloribus quo dolor.','Eum et modi dolorem molestias dolor.',NULL,NULL,3,0,'Qui a consequatur voluptatem est et.','Omnis inventore est ex dolorum tenetur omnis est.','2015-02-05 07:50:18','2015-02-05 07:50:18'),(213,'Model','Beer and Sons','Small Concrete Computer','194','Neque quae tempora modi omnis officia voluptatem labore non.','Quia quis voluptates accusamus magnam et.',NULL,NULL,0,0,'In maxime possimus voluptate enim ut est autem.','Accusamus tempore qui voluptas.','2015-02-05 07:50:18','2015-02-05 07:50:18'),(214,'Model','Heaney Group','Intelligent Granite Shirt','195','Maxime ducimus dolores voluptas nulla voluptatem cupiditate dolorem impedit.','Nulla voluptas officia nostrum.',NULL,NULL,3,0,'Sit ea dolore occaecati doloremque.','Dicta ducimus possimus nam.','2015-02-05 07:50:18','2015-02-05 07:50:18'),(215,'Model','Hane Inc','Gorgeous Steel Computer','196','Dolorum cum veniam ipsam corporis in soluta atque.','Dolorem recusandae pariatur omnis quis sint eos et ut.',NULL,NULL,0,0,'Non ea libero optio qui in labore.','Voluptates molestias facere officiis deserunt praesentium.','2015-02-05 07:50:18','2015-02-05 07:50:18'),(216,'Model','Kling, Gleichner and Rippin','Rustic Cotton Shoes','197','Dolores aliquid laudantium qui sed natus officiis consequatur ullam.','Fugiat nam iste inventore et laboriosam.',NULL,NULL,3,0,'Dolore qui voluptas omnis ex eum suscipit sed nobis.','Animi nihil id autem culpa voluptatem itaque vitae magni.','2015-02-05 07:50:18','2015-02-05 07:50:18'),(217,'Model','Langworth-Schamberger','Awesome Steel Shoes','198','Earum consectetur voluptas nihil voluptates quod et sit quia.','Fugiat et distinctio ducimus.',NULL,NULL,3,0,'Natus assumenda et illum ipsam numquam magni nobis consequatur.','Iusto sit ut enim.','2015-02-05 07:50:18','2015-02-05 07:50:18'),(218,'Model','Oberbrunner-Funk','Ergonomic Steel Gloves','199','Amet cupiditate quo ut delectus cum eos rerum facilis.','Corrupti recusandae dolor accusantium modi voluptatibus.',NULL,NULL,0,0,'Est maiores nesciunt sint fugit officiis doloremque sunt sapiente.','Et ut id harum quo.','2015-02-05 07:50:18','2015-02-05 07:50:18'),(219,'Model','Gusikowski, Leuschke and Koepp','Awesome Granite Pants','200','Fugiat possimus quisquam est ut.','Ad corrupti molestiae accusamus ut laboriosam tenetur et.',NULL,NULL,0,0,'Assumenda corrupti at aut.','Non quia dolorum nemo omnis unde tenetur voluptatem debitis.','2015-02-05 07:50:18','2015-02-05 07:50:18'),(220,'Model','Feeney-Stamm','Sleek Rubber Gloves','201','Soluta sed unde maiores possimus et nihil quia ducimus.','Nam omnis et aliquam perferendis animi est.',NULL,NULL,2,0,'Rerum ea dignissimos dolores.','Molestias et veniam aut sit aut perspiciatis.','2015-02-05 07:50:18','2015-02-05 07:50:18'),(221,'Model','Carroll Group','Intelligent Plastic Hat','202','Ex nihil rerum vel voluptatem repellat distinctio et quod.','Eum blanditiis commodi ipsa voluptatem cumque non quos.',NULL,NULL,2,0,'Dolore quam omnis aliquid.','Ipsam voluptatem repellendus asperiores.','2015-02-05 07:50:18','2015-02-05 07:50:18'),(222,'Model','Haley, Hammes and Kub','Intelligent Steel Car','203','Cumque accusantium voluptatem excepturi perferendis totam sint atque.','Eveniet quo eum nostrum ut est autem id est.',NULL,NULL,0,0,'Sequi nihil dolores dolor accusamus sint.','Reprehenderit eum dolorum consequatur magni non libero incidunt et.','2015-02-05 07:50:18','2015-02-05 07:50:18'),(223,'Model','McClure Group','Practical Cotton Car','204','Illum perspiciatis dolorem quisquam.','Nam quaerat sequi itaque fugit deserunt incidunt eius.',NULL,NULL,0,0,'Quibusdam molestiae nostrum quia sit nihil consectetur rerum quis.','Tempore possimus eos dolorum.','2015-02-05 07:50:18','2015-02-05 07:50:18'),(224,'Model','Wisoky-Dietrich','Incredible Rubber Shirt','205','Optio enim animi sequi maiores sit sint distinctio et.','Similique mollitia harum accusamus ad in enim aperiam rem.',NULL,NULL,2,0,'Optio repellat voluptate quia sit ut.','Aperiam eveniet quasi quae.','2015-02-05 07:50:18','2015-02-05 07:50:18'),(225,'Model','Herzog Inc','Practical Concrete Hat','206','Aut natus quibusdam labore.','Rerum sit adipisci eaque nobis at aut.',NULL,NULL,1,0,'Ut vel sed officiis repellendus reiciendis molestiae corporis enim.','Incidunt necessitatibus commodi tempore.','2015-02-05 07:50:18','2015-02-05 07:50:18'),(226,'Model','Lynch Inc','Small Steel Hat','207','Unde harum rerum incidunt alias aut.','Ullam voluptatem sapiente dolor ipsum fuga officia quisquam porro.',NULL,NULL,0,0,'Id dolorem et sit aut omnis.','Velit quis similique et dolores exercitationem.','2015-02-05 07:50:18','2015-02-05 07:50:18'),(227,'Model','Huels Group','Small Rubber Shoes','208','Consectetur quia voluptatem tenetur sint est debitis.','Eum reprehenderit similique maiores ab officia.',NULL,NULL,0,0,'Perspiciatis commodi ut suscipit explicabo odio aut.','Ea qui quasi architecto laudantium.','2015-02-05 07:50:18','2015-02-05 07:50:18'),(228,'Model','Reichel, Strosin and Klocko','Intelligent Rubber Shoes','209','Animi libero voluptas perspiciatis quas.','Ipsam aut aliquid temporibus.',NULL,NULL,2,0,'Omnis rerum voluptas ipsa praesentium.','Quia accusantium aliquam natus doloremque reprehenderit a omnis necessitatibus.','2015-02-05 07:50:18','2015-02-05 07:50:18'),(229,'Model','Kuvalis Group','Fantastic Wooden Chair','210','Est ut laudantium ullam qui quae iure soluta consequatur.','Ut aut ad sit est distinctio consectetur accusamus omnis.',NULL,NULL,2,0,'Quos sint quia sunt.','Placeat molestiae sit perspiciatis provident sit asperiores dicta id.','2015-02-05 07:50:18','2015-02-05 07:50:18'),(230,'Model','Dibbert, McCullough and Windler','Sleek Steel Shirt','211','Et optio sint in.','Doloribus et qui voluptatem sed inventore odio esse.',NULL,NULL,2,0,'Minus beatae incidunt aut error eum.','Ut dicta accusamus occaecati aut facere quo.','2015-02-05 07:50:18','2015-02-05 07:50:18'),(231,'Model','Hirthe and Sons','Sleek Steel Computer','212','Ut voluptatem architecto voluptas accusantium maxime.','Voluptas cupiditate iure ut labore ipsa libero sit est.',NULL,NULL,2,0,'Est impedit placeat quisquam nisi reprehenderit.','Et ut quia nihil voluptate.','2015-02-05 07:50:18','2015-02-05 07:50:18'),(232,'Model','Gutmann, Lehner and Bartoletti','Rustic Concrete Table','213','Repellendus exercitationem ex inventore pariatur consequatur.','Optio qui veritatis consequatur sed modi voluptate.',NULL,NULL,1,0,'Amet minima magni dignissimos omnis consequuntur enim quia at.','Nisi esse beatae aut fuga.','2015-02-05 07:50:18','2015-02-05 07:50:18'),(233,'Model','Medhurst-Wolff','Ergonomic Steel Table','214','Quod similique totam consectetur dolores.','Dolor id distinctio aut aut qui.',NULL,NULL,1,0,'Ut ratione dolores corporis saepe dolor est.','Fugiat placeat reiciendis quas.','2015-02-05 07:50:18','2015-02-05 07:50:18'),(234,'Model','Jaskolski, Blanda and Kovacek','Fantastic Cotton Chair','215','Eaque vero vel sequi temporibus ut mollitia voluptatum ratione.','Reiciendis aut quia et quae et.',NULL,NULL,2,0,'Ipsa quia repellendus nulla dolorum.','Vitae recusandae architecto in ducimus expedita corporis.','2015-02-05 07:50:18','2015-02-05 07:50:18'),(235,'Model','Cremin, Kris and Runolfsson','Sleek Plastic Shoes','216','Exercitationem impedit optio soluta assumenda minima sint ut.','Perferendis quis maxime ratione dolore et a.',NULL,NULL,2,0,'Quisquam voluptatibus eveniet qui aut magnam sint.','Et laborum eum natus minima.','2015-02-05 07:50:18','2015-02-05 07:50:18'),(236,'Model','Dooley, Pacocha and Swaniawski','Incredible Cotton Gloves','217','Et animi ducimus et eum qui repudiandae.','Illo sunt repellat suscipit id.',NULL,NULL,2,0,'Laboriosam dolorem voluptatem numquam et.','Nostrum cupiditate debitis et ea est placeat.','2015-02-05 07:50:18','2015-02-05 07:50:18'),(237,'Model','Leuschke, Schaden and O\'Keefe','Intelligent Concrete Hat','218','Enim dolores quam vel dolorem provident et.','Quod quis rerum molestiae sit dolorum aliquid.',NULL,NULL,3,0,'Quisquam ut nostrum quia in.','Illo quisquam sunt doloremque rerum quibusdam voluptatem sed veritatis.','2015-02-05 07:50:18','2015-02-05 07:50:18'),(238,'Model','Weber-McCullough','Rustic Plastic Shirt','219','Et non dicta ratione.','Consequuntur qui non maxime non nulla debitis quia.',NULL,NULL,2,0,'Sint omnis et occaecati.','Ducimus ratione sunt molestiae odit beatae voluptates cumque laborum.','2015-02-05 07:50:18','2015-02-05 07:50:18'),(239,'Model','Gottlieb, Bahringer and Gutkowski','Intelligent Wooden Hat','220','Repellat minima eum occaecati.','Aut quae earum nihil nostrum et officiis.',NULL,NULL,2,0,'Autem amet est ad sint voluptatem voluptas.','Voluptatem quia ipsum ut doloribus.','2015-02-05 07:50:18','2015-02-05 07:50:18'),(240,'Model','Boyer, O\'Hara and Aufderhar','Intelligent Granite Computer','221','Et alias aspernatur sed dolorem.','Id ut fuga sed officiis sapiente.',NULL,NULL,2,0,'Dolores harum et maiores sed qui.','Dolorem voluptatem corrupti sit qui blanditiis iusto animi.','2015-02-03 07:50:18','2015-02-03 07:50:18'),(241,'Model','Johnston Inc','Fantastic Cotton Car','222','Minus nihil ab alias at dolores dolorem incidunt.','Sed rerum sunt omnis officiis vitae tempore asperiores.',NULL,NULL,0,0,'Voluptatem provident nesciunt ea quisquam molestias velit.','Eos nihil excepturi voluptas culpa cum eum earum.','2015-02-03 07:50:18','2015-02-03 07:50:18'),(242,'Model','Wisozk Inc','Incredible Steel Computer','223','Ea officiis voluptas est omnis a architecto libero commodi.','Optio nihil commodi est eaque aspernatur molestiae non.',NULL,NULL,1,0,'Quasi consequatur dolorum sit.','Amet corporis numquam repudiandae reiciendis eos.','2015-02-03 07:50:18','2015-02-03 07:50:18'),(243,'Model','Fay Inc','Sleek Concrete Shirt','224','Placeat consectetur atque sed qui quidem nesciunt sequi.','Tenetur et reprehenderit quia voluptatem quisquam numquam sunt sit.',NULL,NULL,2,0,'Veniam sequi culpa consequatur.','Voluptas et voluptatum ex tempore corrupti temporibus.','2015-02-03 07:50:18','2015-02-03 07:50:18'),(244,'Model','Keeling, Ritchie and Greenfelder','Practical Plastic Table','225','Voluptatem quo enim ut.','Nostrum neque amet sed error deserunt laboriosam repudiandae.',NULL,NULL,0,0,'Iste nemo illo doloremque non qui vitae distinctio.','Est et velit qui nam beatae enim.','2015-02-03 07:50:18','2015-02-03 07:50:18'),(245,'Model','Heaney, Streich and Wuckert','Gorgeous Wooden Computer','226','Cupiditate harum quis optio.','Amet at excepturi voluptatem recusandae vero dolor id optio.',NULL,NULL,1,0,'Quis qui ipsum minima dolor voluptas ex laborum non.','Nihil et doloremque excepturi.','2015-02-05 07:50:18','2015-02-05 07:50:18'),(246,'Software','Tremblay-Kuhn','Sleek Wooden Shirt','228',NULL,NULL,NULL,NULL,0,0,NULL,NULL,'2015-02-05 07:50:18','2015-02-05 07:50:18'),(247,'Model','O\'Kon-Fay','Intelligent Granite Car','229','Quo quia placeat nam est aut dolorem.','Vero delectus nihil et dignissimos eum ut quae.',NULL,NULL,0,0,'Cum fugit in tempora.','A minus atque eos.','2015-01-31 07:50:18','2015-01-31 07:50:18'),(248,'Model','Gutkowski and Sons','Gorgeous Wooden Pants','231','Natus et ipsam ratione maiores alias perspiciatis eveniet voluptatem.','Quidem suscipit ut vitae.',NULL,NULL,3,0,'Rerum reiciendis fugiat ullam corrupti dignissimos voluptatem.','Quibusdam minus molestiae molestiae impedit.','2015-02-05 07:50:18','2015-02-05 07:50:18'),(249,'Software','Schmidt, Bashirian and Zulauf','Incredible Wooden Computer','232',NULL,NULL,NULL,NULL,0,0,NULL,NULL,'2015-02-05 07:50:18','2015-02-05 07:50:18'),(250,'Model','Green, Fisher and Hermiston','Small Wooden Hat','233','Aut quos eius in placeat nesciunt.','Qui quas iusto sunt.',NULL,NULL,3,0,'Veniam dignissimos aut vel.','Modi eum pariatur fugiat et ut vero nulla saepe.','2015-02-05 07:50:18','2015-02-05 07:50:18'),(251,'Model','Labadie-Kuhic','Intelligent Concrete Table','235','Sunt est veritatis quidem ad alias commodi dolorum.','Eveniet unde quis voluptate omnis autem facere officiis distinctio.',NULL,NULL,2,0,'Ut voluptas saepe odio laborum expedita recusandae soluta.','Et exercitationem harum similique.','2015-02-05 07:50:18','2015-02-05 07:50:18'),(252,'Model','Lang, Gibson and Mitchell','Rustic Steel Chair','236','Illo dicta corrupti ea quia sunt.','Sint expedita dicta dolorem eum doloribus architecto non id.',NULL,NULL,3,0,'Culpa temporibus voluptatem hic ut aut.','Optio praesentium repellendus earum animi explicabo aut.','2015-02-05 07:50:18','2015-02-05 07:50:18'),(253,'Model','Schuster Group','Rustic Cotton Shirt','237','Excepturi cum dolores eius quia consequuntur culpa.','Minus natus vitae dolore eos dolorum saepe accusantium.',NULL,NULL,3,0,'Eveniet ipsam tempora quas iusto magni atque reiciendis repellat.','Atque ut aliquam sint accusantium eos.','2015-02-05 07:50:18','2015-02-05 07:50:18'),(254,'Model','Dare, Dicki and Hudson','Practical Wooden Computer','238','Perferendis autem consequuntur esse illo praesentium.','Deleniti est rerum cupiditate in qui consequatur aut.',NULL,NULL,1,0,'Laudantium harum doloremque repellendus et necessitatibus cupiditate.','Et deserunt dolor aliquid vel eligendi.','2015-02-05 07:50:18','2015-02-05 07:50:18'),(255,'Model','Lang Group','Gorgeous Cotton Hat','239','Natus maxime omnis ipsum ipsa beatae reprehenderit at.','Sapiente deleniti unde aut.',NULL,NULL,1,0,'Accusamus vero ea eius aperiam impedit velit aspernatur.','Temporibus voluptates corporis neque eveniet asperiores.','2015-02-05 07:50:18','2015-02-05 07:50:18'),(256,'Model','Raynor, Wehner and Stark','Ergonomic Rubber Pants','240','Similique quia expedita aut in iste reiciendis nostrum harum.','Iste et voluptatum rerum occaecati.',NULL,NULL,1,0,'Praesentium similique saepe voluptas exercitationem ea.','Similique est deserunt fuga temporibus rerum ducimus ipsam quo.','2015-02-05 07:50:18','2015-02-05 07:50:18'),(257,'Model','Gibson-Blanda','Incredible Granite Table','241','Aut eligendi debitis ipsum esse.','Nemo molestiae animi aut.',NULL,NULL,2,0,'Pariatur aut vel quia.','Unde est ducimus quis quisquam et similique.','2015-02-05 07:50:18','2015-02-05 07:50:18'),(258,'Model','Murray-Friesen','Intelligent Steel Gloves','242','Corporis natus eum porro fugit nihil quis eum.','Ut nesciunt natus et.',NULL,NULL,2,0,'Mollitia nemo beatae aut.','Quidem saepe sint praesentium.','2015-02-05 07:50:18','2015-02-05 07:50:18'),(259,'Model','Reichel-Nienow','Ergonomic Plastic Shirt','243','Omnis vitae dolore vel.','Consectetur dolorum mollitia et ipsam in doloremque culpa nulla.',NULL,NULL,3,0,'Facere voluptas temporibus quidem ut eveniet.','Nesciunt corporis et occaecati non enim sequi nam.','2015-02-05 07:50:18','2015-02-05 07:50:18'),(260,'Model','Reinger and Sons','Practical Wooden Shirt','244','Provident libero illum reprehenderit.','Nesciunt voluptas quia a dolores quidem ut.',NULL,NULL,2,0,'Blanditiis inventore saepe aut molestiae.','Et omnis aut esse.','2015-02-05 07:50:18','2015-02-05 07:50:18'),(261,'Model','Roberts-Konopelski','Incredible Granite Chair','245','Aperiam asperiores omnis aut eum quia deserunt sapiente.','Molestias dolores officiis ut alias odio corporis quos consequatur.',NULL,NULL,2,0,'Eum officiis ut repellat inventore architecto dignissimos impedit doloremque.','Doloribus quas rerum suscipit ut distinctio sunt nam minima.','2015-02-05 07:50:18','2015-02-05 07:50:18'),(262,'Model','Weimann and Sons','Awesome Cotton Pants','246','Repellat fugiat qui laborum molestiae eligendi sit et et.','Enim expedita deserunt eligendi unde quibusdam est vitae exercitationem.',NULL,NULL,3,0,'Autem aut et et mollitia aperiam modi.','Quisquam repudiandae vitae ad quis quos illo molestias sit.','2015-02-05 07:50:18','2015-02-05 07:50:18'),(263,'Model','Reichel-MacGyver','Small Cotton Table','247','Reprehenderit voluptatem et fuga ut magni eveniet aut.','Aut facilis et accusamus totam et non enim officiis.',NULL,NULL,1,0,'Voluptas sed atque aut occaecati non et et.','Sed sequi sint omnis ipsa omnis accusantium vero.','2015-02-05 07:50:18','2015-02-05 07:50:18'),(264,'Model','Tillman, Block and Kohler','Small Steel Computer','248','Quia debitis necessitatibus dolorem aspernatur.','Officiis in ex pariatur.',NULL,NULL,0,0,'Et error et autem.','Quasi nisi tenetur ut magnam vel cum et pariatur.','2015-02-05 07:50:18','2015-02-05 07:50:18'),(265,'Model','Weissnat, Botsford and Bashirian','Rustic Cotton Computer','249','Adipisci reiciendis repellat suscipit quasi sit id.','Atque ea rerum necessitatibus distinctio.',NULL,NULL,0,0,'Dolore commodi velit blanditiis tempore sint ab error iste.','Quisquam ut consequuntur sit odit vero dolores quis.','2015-02-05 07:50:18','2015-02-05 07:50:18'),(266,'Model','Krajcik, Prohaska and Reynolds','Awesome Cotton Hat','250','Omnis sunt illum beatae.','Est perferendis atque quia aut nihil.',NULL,NULL,3,0,'Optio rerum pariatur iure.','Illo omnis iure quas natus dicta.','2015-02-05 07:50:18','2015-02-05 07:50:18'),(267,'Model','Torphy, Boehm and Crooks','Intelligent Concrete Pants','251','In corrupti libero voluptatem ullam aut.','Pariatur inventore ratione nesciunt et.',NULL,NULL,0,0,'Nihil et laborum autem possimus quaerat consequatur est.','Rerum sed sit harum fugit eos deserunt.','2015-02-05 07:50:18','2015-02-05 07:50:18'),(268,'Model','Thompson, Rodriguez and Cole','Intelligent Plastic Computer','252','Repudiandae voluptatum id delectus.','Suscipit pariatur provident et et dignissimos repellendus minus ad.',NULL,NULL,2,0,'Molestiae saepe corrupti commodi qui non.','Ipsum quasi ut sed quibusdam.','2015-02-05 07:50:18','2015-02-05 07:50:18'),(269,'Model','Wolf, Swift and Kshlerin','Sleek Concrete Pants','253','Suscipit fugit voluptatem non debitis voluptatem soluta et.','Praesentium ut quia nesciunt veniam.',NULL,NULL,1,0,'Voluptate est eius consequuntur occaecati dolorem ipsa deleniti quia.','Consequuntur non quaerat dicta facilis dolorem minima.','2015-02-05 07:50:18','2015-02-05 07:50:18'),(270,'Model','Bauch-Harris','Small Rubber Car','254','Eveniet pariatur quas excepturi velit.','Consequatur adipisci libero ducimus cupiditate suscipit est.',NULL,NULL,3,0,'Et ratione quasi ipsam libero voluptatem unde eligendi numquam.','Quasi quas nihil necessitatibus esse.','2015-02-05 07:50:18','2015-02-05 07:50:18'),(271,'Model','VonRueden-Spinka','Gorgeous Steel Table','255','Qui nisi blanditiis dolorum.','Et labore dignissimos consequatur cupiditate reiciendis.',NULL,NULL,3,0,'Ut rerum rem consequatur consequuntur officiis eveniet esse nesciunt.','Ratione dolorem eligendi facilis.','2015-02-05 07:50:18','2015-02-05 07:50:18'),(272,'Model','Gutkowski LLC','Small Rubber Gloves','256','Corporis architecto modi qui et est eum occaecati voluptas.','Quia qui in aliquam illo odit placeat voluptatem.',NULL,NULL,0,0,'Et ut quia aspernatur adipisci.','Quia enim dolorum eum esse.','2015-02-05 07:50:18','2015-02-05 07:50:18'),(273,'Model','Bode-Rempel','Awesome Steel Computer','257','Sequi dolores vel est soluta voluptates beatae.','Qui eaque dolorum repellendus fugiat.',NULL,NULL,2,0,'Earum error voluptatem voluptas quas blanditiis.','Harum quae asperiores animi fugit illo dicta.','2015-01-31 07:50:18','2015-01-31 07:50:18'),(274,'Model','Romaguera-Stroman','Fantastic Steel Computer','258','In enim a animi necessitatibus quis sit aspernatur.','Voluptatum velit eligendi voluptatem qui nihil nostrum.',NULL,NULL,1,0,'Explicabo dolorem quis et ut quis quod deserunt praesentium.','Consequuntur nihil et sapiente et.','2015-01-31 07:50:18','2015-01-31 07:50:18'),(275,'Model','Kulas-Collier','Sleek Steel Chair','259','Ipsam doloremque ex possimus quis optio.','Voluptatum iure et dolores et expedita itaque.',NULL,NULL,3,0,'Illo perspiciatis quia tempora sapiente corrupti modi impedit voluptatem.','Iure temporibus qui nam in.','2015-01-31 07:50:18','2015-01-31 07:50:18'),(276,'Model','Parisian, Effertz and Hand','Rustic Concrete Shoes','260','Pariatur dignissimos nam quo temporibus.','Et ea aspernatur aliquid dolores.',NULL,NULL,3,0,'Aut cum autem voluptatem.','Et eveniet nesciunt nam et beatae voluptates.','2015-01-31 07:50:18','2015-01-31 07:50:18'),(277,'Model','Altenwerth LLC','Small Steel Chair','261','Ipsa deleniti aperiam numquam.','Necessitatibus repellendus accusamus quisquam et aut dignissimos corrupti.',NULL,NULL,1,0,'Voluptate molestias architecto occaecati soluta earum.','Omnis repellendus autem quo commodi cum nihil.','2015-01-31 07:50:18','2015-01-31 07:50:18'),(278,'Model','Bosco, Bergnaum and Wisozk','Fantastic Granite Shoes','262','Reprehenderit est distinctio dolor quia.','Incidunt ut quia dicta et id ducimus eveniet.',NULL,NULL,2,0,'Nemo ut quo ea laudantium voluptatibus.','Impedit aliquid et nesciunt a.','2015-01-31 07:50:18','2015-01-31 07:50:18'),(279,'Model','Kutch-Koelpin','Ergonomic Plastic Chair','263','Assumenda possimus error in.','Aut tenetur delectus aspernatur id ea.',NULL,NULL,2,0,'Rerum qui dolor rem.','Fuga eos ut rerum nihil sint qui ea.','2015-01-31 07:50:18','2015-01-31 07:50:18'),(280,'Model','Tillman Inc','Gorgeous Plastic Hat','264','Vitae pariatur amet molestias.','Eveniet hic quidem officia tenetur.',NULL,NULL,2,0,'Ut odio ut quia vel repellat commodi.','Qui eius nihil earum impedit sint deleniti.','2015-01-31 07:50:18','2015-01-31 07:50:18');
/*!40000 ALTER TABLE `models` ENABLE KEYS */;
UNLOCK TABLES;

--
-- Table structure for table `models_compatibles`
--

DROP TABLE IF EXISTS `models_compatibles`;
/*!40101 SET @saved_cs_client     = @@character_set_client */;
/*!40101 SET character_set_client = utf8 */;
CREATE TABLE `models_compatibles` (
  `model_id` int(11) DEFAULT NULL,
  `compatible_id` int(11) DEFAULT NULL,
  KEY `index_models_compatibles_on_compatible_id` (`compatible_id`),
  KEY `index_models_compatibles_on_model_id` (`model_id`),
  CONSTRAINT `models_compatibles_compatible_id_fk` FOREIGN KEY (`compatible_id`) REFERENCES `models` (`id`),
  CONSTRAINT `models_compatibles_model_id_fk` FOREIGN KEY (`model_id`) REFERENCES `models` (`id`)
) ENGINE=InnoDB DEFAULT CHARSET=utf8 COLLATE=utf8_unicode_ci;
/*!40101 SET character_set_client = @saved_cs_client */;

--
-- Dumping data for table `models_compatibles`
--

LOCK TABLES `models_compatibles` WRITE;
/*!40000 ALTER TABLE `models_compatibles` DISABLE KEYS */;
INSERT INTO `models_compatibles` VALUES (15,14),(16,14),(17,14);
/*!40000 ALTER TABLE `models_compatibles` ENABLE KEYS */;
UNLOCK TABLES;

--
-- Table structure for table `notifications`
--

DROP TABLE IF EXISTS `notifications`;
/*!40101 SET @saved_cs_client     = @@character_set_client */;
/*!40101 SET character_set_client = utf8 */;
CREATE TABLE `notifications` (
  `id` int(11) NOT NULL AUTO_INCREMENT,
  `user_id` int(11) DEFAULT NULL,
  `title` varchar(255) COLLATE utf8_unicode_ci DEFAULT '',
  `created_at` datetime NOT NULL,
  PRIMARY KEY (`id`),
  KEY `index_notifications_on_user_id` (`user_id`),
  CONSTRAINT `notifications_user_id_fk` FOREIGN KEY (`user_id`) REFERENCES `users` (`id`) ON DELETE CASCADE
) ENGINE=InnoDB DEFAULT CHARSET=utf8 COLLATE=utf8_unicode_ci;
/*!40101 SET character_set_client = @saved_cs_client */;

--
-- Dumping data for table `notifications`
--

LOCK TABLES `notifications` WRITE;
/*!40000 ALTER TABLE `notifications` DISABLE KEYS */;
/*!40000 ALTER TABLE `notifications` ENABLE KEYS */;
UNLOCK TABLES;

--
-- Table structure for table `numerators`
--

DROP TABLE IF EXISTS `numerators`;
/*!40101 SET @saved_cs_client     = @@character_set_client */;
/*!40101 SET character_set_client = utf8 */;
CREATE TABLE `numerators` (
  `id` int(11) NOT NULL AUTO_INCREMENT,
  `item` int(11) DEFAULT NULL,
  PRIMARY KEY (`id`)
) ENGINE=InnoDB DEFAULT CHARSET=utf8 COLLATE=utf8_unicode_ci;
/*!40101 SET character_set_client = @saved_cs_client */;

--
-- Dumping data for table `numerators`
--

LOCK TABLES `numerators` WRITE;
/*!40000 ALTER TABLE `numerators` DISABLE KEYS */;
/*!40000 ALTER TABLE `numerators` ENABLE KEYS */;
UNLOCK TABLES;

--
-- Table structure for table `options`
--

DROP TABLE IF EXISTS `options`;
/*!40101 SET @saved_cs_client     = @@character_set_client */;
/*!40101 SET character_set_client = utf8 */;
CREATE TABLE `options` (
  `id` int(11) NOT NULL AUTO_INCREMENT,
  `inventory_pool_id` int(11) DEFAULT NULL,
  `inventory_code` varchar(255) COLLATE utf8_unicode_ci DEFAULT NULL,
  `manufacturer` varchar(255) COLLATE utf8_unicode_ci DEFAULT NULL,
  `product` varchar(255) COLLATE utf8_unicode_ci NOT NULL,
  `version` varchar(255) COLLATE utf8_unicode_ci DEFAULT NULL,
  `price` decimal(8,2) DEFAULT NULL,
  PRIMARY KEY (`id`),
  KEY `index_options_on_inventory_pool_id` (`inventory_pool_id`),
  CONSTRAINT `options_inventory_pool_id_fk` FOREIGN KEY (`inventory_pool_id`) REFERENCES `inventory_pools` (`id`)
) ENGINE=InnoDB AUTO_INCREMENT=8 DEFAULT CHARSET=utf8 COLLATE=utf8_unicode_ci;
/*!40101 SET character_set_client = @saved_cs_client */;

--
-- Dumping data for table `options`
--

LOCK TABLES `options` WRITE;
/*!40000 ALTER TABLE `options` DISABLE KEYS */;
INSERT INTO `options` VALUES (1,1,'akku-aa',NULL,'Akku AA','97','1348.00'),(2,1,'akku-aaa',NULL,'Akku AAA','98','1209.00'),(3,1,'usb',NULL,'USB Kabel','99','495.00'),(4,1,'sandsack123',NULL,'Sandsack','100','1404.00'),(5,1,'neq7437',NULL,'Fantastic Steel Computer','227','970.00'),(6,2,'qua6097',NULL,'Incredible Plastic Table','230','961.00'),(7,1,'rer8826',NULL,'Small Granite Pants','234','858.00');
/*!40000 ALTER TABLE `options` ENABLE KEYS */;
UNLOCK TABLES;

--
-- Table structure for table `partitions`
--

DROP TABLE IF EXISTS `partitions`;
/*!40101 SET @saved_cs_client     = @@character_set_client */;
/*!40101 SET character_set_client = utf8 */;
CREATE TABLE `partitions` (
  `id` int(11) NOT NULL AUTO_INCREMENT,
  `model_id` int(11) DEFAULT NULL,
  `inventory_pool_id` int(11) DEFAULT NULL,
  `group_id` int(11) DEFAULT NULL,
  `quantity` int(11) DEFAULT NULL,
  PRIMARY KEY (`id`),
  UNIQUE KEY `index_partitions_on_model_id_and_inventory_pool_id_and_group_id` (`model_id`,`inventory_pool_id`,`group_id`),
  KEY `partitions_group_id_fk` (`group_id`),
  KEY `partitions_inventory_pool_id_fk` (`inventory_pool_id`),
  CONSTRAINT `partitions_model_id_fk` FOREIGN KEY (`model_id`) REFERENCES `models` (`id`) ON DELETE CASCADE,
  CONSTRAINT `partitions_group_id_fk` FOREIGN KEY (`group_id`) REFERENCES `groups` (`id`),
  CONSTRAINT `partitions_inventory_pool_id_fk` FOREIGN KEY (`inventory_pool_id`) REFERENCES `inventory_pools` (`id`)
) ENGINE=InnoDB AUTO_INCREMENT=11 DEFAULT CHARSET=utf8 COLLATE=utf8_unicode_ci;
/*!40101 SET character_set_client = @saved_cs_client */;

--
-- Dumping data for table `partitions`
--

LOCK TABLES `partitions` WRITE;
/*!40000 ALTER TABLE `partitions` DISABLE KEYS */;
INSERT INTO `partitions` VALUES (1,10,1,4,1),(2,8,1,1,1),(3,8,1,2,1),(4,15,1,1,1),(5,16,1,5,1),(6,17,1,6,1),(7,19,1,7,1),(8,21,1,7,1),(9,20,1,8,1),(10,22,1,10,1);
/*!40000 ALTER TABLE `partitions` ENABLE KEYS */;
UNLOCK TABLES;

--
-- Temporary table structure for view `partitions_with_generals`
--

DROP TABLE IF EXISTS `partitions_with_generals`;
/*!50001 DROP VIEW IF EXISTS `partitions_with_generals`*/;
SET @saved_cs_client     = @@character_set_client;
SET character_set_client = utf8;
/*!50001 CREATE TABLE `partitions_with_generals` (
  `model_id` int(11),
  `inventory_pool_id` int(11),
  `group_id` int(11),
  `quantity` decimal(33,0)
) ENGINE=MyISAM */;
SET character_set_client = @saved_cs_client;

--
-- Table structure for table `properties`
--

DROP TABLE IF EXISTS `properties`;
/*!40101 SET @saved_cs_client     = @@character_set_client */;
/*!40101 SET character_set_client = utf8 */;
CREATE TABLE `properties` (
  `id` int(11) NOT NULL AUTO_INCREMENT,
  `model_id` int(11) DEFAULT NULL,
  `key` varchar(255) COLLATE utf8_unicode_ci DEFAULT NULL,
  `value` varchar(255) COLLATE utf8_unicode_ci DEFAULT NULL,
  PRIMARY KEY (`id`),
  KEY `index_properties_on_model_id` (`model_id`),
  CONSTRAINT `properties_model_id_fk` FOREIGN KEY (`model_id`) REFERENCES `models` (`id`) ON DELETE CASCADE
) ENGINE=InnoDB AUTO_INCREMENT=13 DEFAULT CHARSET=utf8 COLLATE=utf8_unicode_ci;
/*!40101 SET character_set_client = @saved_cs_client */;

--
-- Dumping data for table `properties`
--

LOCK TABLES `properties` WRITE;
/*!40000 ALTER TABLE `properties` DISABLE KEYS */;
INSERT INTO `properties` VALUES (1,15,'Rotordurchmesser','120'),(2,15,'Akkus','2'),(3,15,'Farbe','Rot'),(4,16,'Rotordurchmesser','120'),(5,16,'Akkus','2'),(6,16,'Farbe','Rot'),(7,16,'max. Speed','80 kmh'),(8,16,'Gyro','Ja'),(9,16,'Achsen','3-Achsen'),(10,17,'Rotordurchmesser','120'),(11,17,'Akkus','2'),(12,17,'Farbe','Rot');
/*!40000 ALTER TABLE `properties` ENABLE KEYS */;
UNLOCK TABLES;

--
-- Table structure for table `purposes`
--

DROP TABLE IF EXISTS `purposes`;
/*!40101 SET @saved_cs_client     = @@character_set_client */;
/*!40101 SET character_set_client = utf8 */;
CREATE TABLE `purposes` (
  `id` int(11) NOT NULL AUTO_INCREMENT,
  `description` text COLLATE utf8_unicode_ci,
  PRIMARY KEY (`id`)
) ENGINE=InnoDB AUTO_INCREMENT=72 DEFAULT CHARSET=utf8 COLLATE=utf8_unicode_ci;
/*!40101 SET character_set_client = @saved_cs_client */;

--
-- Dumping data for table `purposes`
--

LOCK TABLES `purposes` WRITE;
/*!40000 ALTER TABLE `purposes` DISABLE KEYS */;
INSERT INTO `purposes` VALUES (1,'Bentige ich fr die Aufnahmen meiner Abschlussarbeit.'),(2,'Bentige ich fr die Aufnahmen meiner Abschlussarbeit.'),(3,'Tempore ratione architecto praesentium culpa dicta maxime necessitatibus quaerat.'),(4,'Quis incidunt neque magni.'),(5,'Et enim odit iste distinctio totam perspiciatis provident vel.'),(6,'Fugit blanditiis expedita beatae cumque eum omnis.'),(7,'Incidunt iusto quia laudantium laboriosam neque labore.'),(8,'Ersatzstativ fr die Ausstellung.'),(9,'Ersatzstativ fr die Ausstellung.'),(10,'Ersatzstativ fr die Ausstellung.'),(11,'Ersatzstativ fr die Ausstellung.'),(12,'Ersatzstativ fr die Ausstellung.'),(13,'Ersatzstativ fr die Ausstellung.'),(14,'Ersatzstativ fr die Ausstellung.'),(15,'Ersatzstativ fr die Ausstellung.'),(16,'Ersatzstativ fr die Ausstellung.'),(17,'Ersatzstativ fr die Ausstellung.'),(18,'Fr meinen aktuellen Kurs.'),(19,'Fr meinen aktuellen Kurs.'),(20,'Fr meinen aktuellen Kurs.'),(21,'Fr meinen aktuellen Kurs.'),(22,'Sit nihil at ut delectus iusto.'),(23,'Rem eius qui facilis quam accusamus aut et.'),(24,'Dolores laborum accusamus fugit quo inventore voluptas unde in.'),(25,'Ersatzstativ fr die Ausstellung.'),(26,'Ersatzstativ fr die Ausstellung.'),(27,'Ersatzstativ fr die Ausstellung.'),(28,'Repellendus quo voluptatibus esse doloremque.'),(29,'Est doloremque et quis veniam blanditiis officia nemo.'),(30,'Eos consequatur eius nihil.'),(31,'Soluta rem architecto nostrum recusandae commodi.'),(32,'Minus esse incidunt illo perferendis unde dolorem error.'),(33,'Veniam accusamus facilis ipsum ipsa possimus earum.'),(34,'Omnis corrupti quis eveniet fugiat eum est molestiae provident.'),(35,'Fugit ut rerum eos.'),(36,'Voluptatem sit rerum necessitatibus.'),(37,'Voluptates reiciendis dolorum qui et voluptatum voluptate autem.'),(38,'Ersatzstativ fr die Ausstellung.'),(39,'Fr das zweite Austellungswochenende.'),(40,'Fr das zweite Austellungswochenende.'),(41,'Fr das dritte Austellungswochenende.'),(42,'Fr die Abschlussarbeit.'),(43,'Ersatzstativ fr die Ausstellung.'),(44,'Ersatzstativ fr die Ausstellung.'),(45,'Ersatzstativ fr die Ausstellung.'),(46,'Bestellung mit Software'),(47,'Bestellung mit Gegenstand ohne Ort'),(48,'Um meine Abschlussarbeit zu fotografieren.'),(49,'Als Ersatz.'),(50,'Ipsam minima pariatur et accusantium voluptatem eligendi perspiciatis.'),(51,'Sint accusantium voluptatum aperiam laboriosam harum eos dolores.'),(52,'Um meine Abschlussarbeit zu fotografieren.'),(53,'Um meine Abschlussarbeit zu fotografieren.'),(54,'Um meine Abschlussarbeit zu fotografieren.'),(55,'Eligendi qui dolorum numquam earum quis.'),(56,'At aut similique nesciunt repudiandae sed qui quia voluptas.'),(57,'Paketausgabe'),(58,'Ersatzstativ fr die Ausstellung.'),(59,'Ersatzstativ fr die Ausstellung.'),(60,'Ganz dringend bentigt fr meine Abschlussarbeit.'),(61,'Um meine Abschlussarbeit zu fotografieren.'),(62,'Um meine Abschlussarbeit zu fotografieren.'),(63,'Fotoshooting (Kurs Fotografie).'),(64,'Brauche ich zwingend fr meinen Kurs.'),(65,'Dolores harum ipsam aut.'),(66,'Voluptas sequi neque illo.'),(67,'Assumenda quisquam vitae repudiandae alias modi.'),(68,'Id unde temporibus nulla ipsum provident rerum.'),(69,'Sit vel odio provident minima perferendis rerum.'),(70,'Ersatzstativ fr die Ausstellung.'),(71,'Ersatzstativ fr die Ausstellung.');
/*!40000 ALTER TABLE `purposes` ENABLE KEYS */;
UNLOCK TABLES;

--
-- Table structure for table `schema_migrations`
--

DROP TABLE IF EXISTS `schema_migrations`;
/*!40101 SET @saved_cs_client     = @@character_set_client */;
/*!40101 SET character_set_client = utf8 */;
CREATE TABLE `schema_migrations` (
  `version` varchar(255) COLLATE utf8_unicode_ci NOT NULL,
  UNIQUE KEY `unique_schema_migrations` (`version`)
) ENGINE=InnoDB DEFAULT CHARSET=utf8 COLLATE=utf8_unicode_ci;
/*!40101 SET character_set_client = @saved_cs_client */;

--
-- Dumping data for table `schema_migrations`
--

LOCK TABLES `schema_migrations` WRITE;
/*!40000 ALTER TABLE `schema_migrations` DISABLE KEYS */;
INSERT INTO `schema_migrations` VALUES ('20140410180000'),('20140414100000'),('20140415083535'),('20140417113831'),('20140428092844'),('20140515131025'),('20140812132326'),('20140820100242'),('20140828082448'),('20140901141016'),('20140903105715'),('20140905091014'),('20141110113231');
/*!40000 ALTER TABLE `schema_migrations` ENABLE KEYS */;
UNLOCK TABLES;

--
-- Table structure for table `settings`
--

DROP TABLE IF EXISTS `settings`;
/*!40101 SET @saved_cs_client     = @@character_set_client */;
/*!40101 SET character_set_client = utf8 */;
CREATE TABLE `settings` (
  `id` int(11) NOT NULL AUTO_INCREMENT,
  `smtp_address` varchar(255) COLLATE utf8_unicode_ci DEFAULT NULL,
  `smtp_port` int(11) DEFAULT NULL,
  `smtp_domain` varchar(255) COLLATE utf8_unicode_ci DEFAULT NULL,
  `local_currency_string` varchar(255) COLLATE utf8_unicode_ci DEFAULT NULL,
  `contract_terms` text COLLATE utf8_unicode_ci,
  `contract_lending_party_string` text COLLATE utf8_unicode_ci,
  `email_signature` varchar(255) COLLATE utf8_unicode_ci DEFAULT NULL,
  `default_email` varchar(255) COLLATE utf8_unicode_ci DEFAULT NULL,
  `deliver_order_notifications` tinyint(1) DEFAULT NULL,
  `user_image_url` varchar(255) COLLATE utf8_unicode_ci DEFAULT NULL,
  `ldap_config` varchar(255) COLLATE utf8_unicode_ci DEFAULT NULL,
  `logo_url` varchar(255) COLLATE utf8_unicode_ci DEFAULT NULL,
  `mail_delivery_method` varchar(255) COLLATE utf8_unicode_ci DEFAULT NULL,
  `smtp_username` varchar(255) COLLATE utf8_unicode_ci DEFAULT NULL,
  `smtp_password` varchar(255) COLLATE utf8_unicode_ci DEFAULT NULL,
  `smtp_enable_starttls_auto` tinyint(1) NOT NULL DEFAULT '0',
  `smtp_openssl_verify_mode` varchar(255) COLLATE utf8_unicode_ci NOT NULL DEFAULT 'none',
  `time_zone` varchar(255) COLLATE utf8_unicode_ci NOT NULL DEFAULT 'Bern',
  `disable_manage_section` tinyint(1) NOT NULL DEFAULT '0',
  `disable_manage_section_message` text COLLATE utf8_unicode_ci,
  `disable_borrow_section` tinyint(1) NOT NULL DEFAULT '0',
  `disable_borrow_section_message` text COLLATE utf8_unicode_ci,
  `text` text COLLATE utf8_unicode_ci,
  PRIMARY KEY (`id`)
) ENGINE=InnoDB AUTO_INCREMENT=2 DEFAULT CHARSET=utf8 COLLATE=utf8_unicode_ci;
/*!40101 SET character_set_client = @saved_cs_client */;

--
-- Dumping data for table `settings`
--

LOCK TABLES `settings` WRITE;
/*!40000 ALTER TABLE `settings` DISABLE KEYS */;
INSERT INTO `settings` VALUES (1,'smtp.zhdk.ch',25,'beta.ausleihe.zhdk.ch','CHF','Die Benutzerin/der Benutzer ist bei unsachgemsser Handhabung oder Verlust schadenersatzpflichtig. Sie/Er verpflichtet sich, das Material sorgfltig zu behandeln und gereinigt zu retournieren. Bei mangelbehafteter oder verspteter Rckgabe kann eine Ausleihsperre (bis zu 6 Monaten) verhngt werden. Das geliehene Material bleibt jederzeit uneingeschrnktes Eigentum der Zrcher Hochschule der Knste und darf ausschliesslich fr schulische Zwecke eingesetzt werden. Mit ihrer/seiner Unterschrift akzeptiert die Benutzerin/der Benutzer diese Bedingungen sowie die \'Richtlinie zur Ausleihe von Sachen\' der ZHdK und etwaige abteilungsspezifische Ausleih-Richtlinien.','Your\nAddress\nHere','Das PZ-leihs Team','sender@example.com',0,'http://www.zhdk.ch/?person/foto&width=100&compressionlevel=0&id={:id}',NULL,'/assets/image-logo-zhdk.png','test',NULL,NULL,0,'none','Bern',0,NULL,0,NULL,NULL);
/*!40000 ALTER TABLE `settings` ENABLE KEYS */;
UNLOCK TABLES;

--
-- Table structure for table `suppliers`
--

DROP TABLE IF EXISTS `suppliers`;
/*!40101 SET @saved_cs_client     = @@character_set_client */;
/*!40101 SET character_set_client = utf8 */;
CREATE TABLE `suppliers` (
  `id` int(11) NOT NULL AUTO_INCREMENT,
  `name` varchar(255) COLLATE utf8_unicode_ci NOT NULL,
  `created_at` datetime DEFAULT NULL,
  `updated_at` datetime DEFAULT NULL,
  PRIMARY KEY (`id`),
  UNIQUE KEY `index_suppliers_on_name` (`name`)
) ENGINE=InnoDB AUTO_INCREMENT=269 DEFAULT CHARSET=utf8 COLLATE=utf8_unicode_ci;
/*!40101 SET character_set_client = @saved_cs_client */;

--
-- Dumping data for table `suppliers`
--

LOCK TABLES `suppliers` WRITE;
/*!40000 ALTER TABLE `suppliers` DISABLE KEYS */;
INSERT INTO `suppliers` VALUES (1,'dolorecommodi','2015-02-05 07:50:18','2015-02-05 07:50:18'),(2,'inventorequiminusnecessitatibussit','2015-02-05 07:50:18','2015-02-05 07:50:18'),(3,'voluptascumqueprovidentlaborumeos','2015-02-05 07:50:18','2015-02-05 07:50:18'),(4,'namtotam','2015-02-05 07:50:18','2015-02-05 07:50:18'),(5,'animiautem','2015-02-05 07:50:18','2015-02-05 07:50:18'),(6,'beataedignissimosrecusandaeevenietut','2015-02-05 07:50:18','2015-02-05 07:50:18'),(7,'rationequosrecusandaenesciunt','2015-02-05 07:50:18','2015-02-05 07:50:18'),(8,'molestiaeconsequatur','2015-02-05 07:50:18','2015-02-05 07:50:18'),(9,'quidistinctioearum','2015-02-05 07:50:18','2015-02-05 07:50:18'),(10,'enimsequi','2015-02-05 07:50:18','2015-02-05 07:50:18'),(11,'quibusdamassumendaquisquia','2015-02-05 07:50:18','2015-02-05 07:50:18'),(12,'voluptatemeaquiharum','2015-02-05 07:50:18','2015-02-05 07:50:18'),(13,'odiosaepe','2015-02-05 07:50:18','2015-02-05 07:50:18'),(14,'harumconsectetur','2015-02-05 07:50:18','2015-02-05 07:50:18'),(15,'eiusdistinctioeapossimusnecessitatibus','2015-02-05 07:50:18','2015-02-05 07:50:18'),(16,'adipiscienimsed','2015-02-05 07:50:18','2015-02-05 07:50:18'),(17,'totamsimilique','2015-02-05 07:50:18','2015-02-05 07:50:18'),(18,'teneturvoluptas','2015-02-05 07:50:18','2015-02-05 07:50:18'),(19,'autipsam','2015-02-05 07:50:18','2015-02-05 07:50:18'),(20,'autemsintrepellat','2015-02-05 07:50:18','2015-02-05 07:50:18'),(21,'laborumdelectusquivoluptatemautem','2015-02-05 07:50:18','2015-02-05 07:50:18'),(22,'voluptatematque','2015-02-05 07:50:18','2015-02-05 07:50:18'),(23,'occaecatisit','2015-02-05 07:50:18','2015-02-05 07:50:18'),(24,'eosetbeatae','2015-02-05 07:50:18','2015-02-05 07:50:18'),(25,'verosapienteimpeditqui','2015-02-05 07:50:18','2015-02-05 07:50:18'),(26,'dignissimossequiconsectetur','2015-02-05 07:50:18','2015-02-05 07:50:18'),(27,'utnam','2015-02-05 07:50:18','2015-02-05 07:50:18'),(28,'rerumlaborecommodi','2015-02-05 07:50:18','2015-02-05 07:50:18'),(29,'etestrerum','2015-02-05 07:50:18','2015-02-05 07:50:18'),(30,'nesciuntrerum','2015-02-05 07:50:18','2015-02-05 07:50:18'),(31,'quiaquissitinventore','2015-02-05 07:50:18','2015-02-05 07:50:18'),(32,'magnamenimatet','2015-02-05 07:50:18','2015-02-05 07:50:18'),(33,'nisidoloremautest','2015-02-05 07:50:18','2015-02-05 07:50:18'),(34,'aperiamrerumnumquamquas','2015-02-05 07:50:18','2015-02-05 07:50:18'),(35,'quidemsitautempariatur','2015-02-05 07:50:18','2015-02-05 07:50:18'),(36,'utrecusandaeeosconsequuntur','2015-02-05 07:50:18','2015-02-05 07:50:18'),(37,'consequaturadipiscieaque','2015-02-05 07:50:18','2015-02-05 07:50:18'),(38,'cumqueiurereiciendismolestiaequia','2015-02-05 07:50:18','2015-02-05 07:50:18'),(39,'quinon','2015-02-05 07:50:18','2015-02-05 07:50:18'),(40,'etofficiisinventoreiste','2015-02-05 07:50:18','2015-02-05 07:50:18'),(41,'sapienteistererumerror','2015-02-05 07:50:18','2015-02-05 07:50:18'),(42,'omnisestet','2015-02-05 07:50:18','2015-02-05 07:50:18'),(43,'quiasitfugitquia','2015-02-05 07:50:18','2015-02-05 07:50:18'),(44,'ipsareiciendistemporeautsit','2015-02-05 07:50:18','2015-02-05 07:50:18'),(45,'asperioresconsequunturaspernatureos','2015-02-05 07:50:18','2015-02-05 07:50:18'),(46,'veliteosarchitectoeaquevero','2015-02-05 07:50:18','2015-02-05 07:50:18'),(47,'quiipsum','2015-02-05 07:50:18','2015-02-05 07:50:18'),(48,'autmolestiaeodit','2015-02-05 07:50:18','2015-02-05 07:50:18'),(49,'dignissimoscorruptioditexpedita','2015-02-05 07:50:18','2015-02-05 07:50:18'),(50,'nihiletquosomnispariatur','2015-02-05 07:50:18','2015-02-05 07:50:18'),(51,'laboriosamnatusaliquam','2015-02-05 07:50:18','2015-02-05 07:50:18'),(52,'quissedquiasedet','2015-02-05 07:50:18','2015-02-05 07:50:18'),(53,'remteneturessemolestiae','2015-02-05 07:50:18','2015-02-05 07:50:18'),(54,'nequemolestias','2015-02-05 07:50:18','2015-02-05 07:50:18'),(55,'optiouttemporealiquid','2015-02-05 07:50:18','2015-02-05 07:50:18'),(56,'odiovoluptas','2015-02-05 07:50:18','2015-02-05 07:50:18'),(57,'remquia','2015-02-05 07:50:18','2015-02-05 07:50:18'),(58,'consequuntursit','2015-02-05 07:50:18','2015-02-05 07:50:18'),(59,'accusantiumdelenitiut','2015-02-05 07:50:18','2015-02-05 07:50:18'),(60,'abestdoloremque','2015-02-05 07:50:18','2015-02-05 07:50:18'),(61,'sintnihildolorquoet','2015-02-05 07:50:18','2015-02-05 07:50:18'),(62,'invelitsequi','2015-02-05 07:50:18','2015-02-05 07:50:18'),(63,'nostrumisteetdolorerepellat','2015-02-05 07:50:18','2015-02-05 07:50:18'),(64,'etneque','2015-02-05 07:50:18','2015-02-05 07:50:18'),(65,'numquamest','2015-02-05 07:50:18','2015-02-05 07:50:18'),(66,'ipsumquod','2015-02-05 07:50:18','2015-02-05 07:50:18'),(67,'estipsumqui','2015-02-05 07:50:18','2015-02-05 07:50:18'),(68,'rerumestremautipsam','2015-02-05 07:50:18','2015-02-05 07:50:18'),(69,'rerumdoloremidsapientequi','2015-02-05 07:50:18','2015-02-05 07:50:18'),(70,'minimaquifacilis','2015-02-05 07:50:18','2015-02-05 07:50:18'),(71,'aliquidquosaspernatureoset','2015-02-05 07:50:18','2015-02-05 07:50:18'),(72,'idtemporaeum','2015-02-05 07:50:18','2015-02-05 07:50:18'),(73,'rerumliberoquoeiusitaque','2015-02-05 07:50:18','2015-02-05 07:50:18'),(74,'commodinullarepellatsolutaconsectetur','2015-02-05 07:50:18','2015-02-05 07:50:18'),(75,'etnisi','2015-02-05 07:50:18','2015-02-05 07:50:18'),(76,'temporibusliberoquo','2015-02-05 07:50:18','2015-02-05 07:50:18'),(77,'quiaestquasi','2015-02-05 07:50:18','2015-02-05 07:50:18'),(78,'utlibero','2015-02-05 07:50:18','2015-02-05 07:50:18'),(79,'impeditundeconsequatur','2015-02-05 07:50:18','2015-02-05 07:50:18'),(80,'quiaaliasmollitiacumque','2015-02-05 07:50:18','2015-02-05 07:50:18'),(81,'quiomnisquamquisquamdolorem','2015-02-05 07:50:18','2015-02-05 07:50:18'),(82,'autlabore','2015-02-05 07:50:18','2015-02-05 07:50:18'),(83,'undeet','2015-02-05 07:50:18','2015-02-05 07:50:18'),(84,'beataeaspernaturquihic','2015-02-05 07:50:18','2015-02-05 07:50:18'),(85,'estnostrumdictavoluptasqui','2015-02-05 07:50:18','2015-02-05 07:50:18'),(86,'velitnobis','2015-02-05 07:50:18','2015-02-05 07:50:18'),(87,'nemomolestias','2015-02-05 07:50:18','2015-02-05 07:50:18'),(88,'debitisauteminodio','2015-02-05 07:50:18','2015-02-05 07:50:18'),(89,'officianostrum','2015-02-05 07:50:18','2015-02-05 07:50:18'),(90,'quodilloeumsunt','2015-02-05 07:50:18','2015-02-05 07:50:18'),(91,'reprehenderitneque','2015-02-05 07:50:18','2015-02-05 07:50:18'),(92,'doloreseaillum','2015-02-05 07:50:18','2015-02-05 07:50:18'),(93,'laboriosamteneturquisillumperspiciatis','2015-02-05 07:50:18','2015-02-05 07:50:18'),(94,'quiacupiditatesed','2015-02-05 07:50:18','2015-02-05 07:50:18'),(95,'magnamutvoluptasquisquamest','2015-02-05 07:50:18','2015-02-05 07:50:18'),(96,'liberoipsam','2015-02-05 07:50:18','2015-02-05 07:50:18'),(97,'quibusdamsunt','2015-02-05 07:50:18','2015-02-05 07:50:18'),(98,'liberoreprehenderitremblanditiis','2015-02-05 07:50:18','2015-02-05 07:50:18'),(99,'sintrepudiandaenumquamnonquasi','2015-02-05 07:50:18','2015-02-05 07:50:18'),(100,'velnihil','2015-02-05 07:50:18','2015-02-05 07:50:18'),(101,'adiustoautofficia','2015-02-05 07:50:18','2015-02-05 07:50:18'),(102,'quibusdamipsaporrosed','2015-02-05 07:50:18','2015-02-05 07:50:18'),(103,'solutasitexercitationem','2015-02-05 07:50:18','2015-02-05 07:50:18'),(104,'perferendisipsumfugaamet','2015-02-05 07:50:18','2015-02-05 07:50:18'),(105,'veritatiscupiditatequis','2015-02-05 07:50:18','2015-02-05 07:50:18'),(106,'maximedeserunt','2015-02-05 07:50:18','2015-02-05 07:50:18'),(107,'commodiundepariaturlaboriosamvoluptatibus','2015-02-05 07:50:18','2015-02-05 07:50:18'),(108,'occaecatiomnisquodaliquam','2015-02-05 07:50:18','2015-02-05 07:50:18'),(109,'consequaturquibusdamvoluptatibus','2015-02-05 07:50:18','2015-02-05 07:50:18'),(110,'idullamassumenda','2015-02-05 07:50:18','2015-02-05 07:50:18'),(111,'autestlaboriosamconsequuntureligendi','2015-02-05 07:50:18','2015-02-05 07:50:18'),(112,'fugamodimolestiae','2015-02-05 07:50:18','2015-02-05 07:50:18'),(113,'necessitatibusea','2015-02-05 07:50:18','2015-02-05 07:50:18'),(114,'fugitetquiacommodilaborum','2015-02-05 07:50:18','2015-02-05 07:50:18'),(115,'nonnisietsit','2015-02-05 07:50:18','2015-02-05 07:50:18'),(116,'quinonvelitveroqui','2015-02-05 07:50:18','2015-02-05 07:50:18'),(117,'autemdeserunt','2015-02-05 07:50:18','2015-02-05 07:50:18'),(118,'magnamtemporibusoditsimiliqueiusto','2015-02-05 07:50:18','2015-02-05 07:50:18'),(119,'minusvoluptatemquasi','2015-02-05 07:50:18','2015-02-05 07:50:18'),(120,'maioresautarchitecto','2015-02-05 07:50:18','2015-02-05 07:50:18'),(121,'iustounde','2015-02-05 07:50:18','2015-02-05 07:50:18'),(122,'estmodi','2015-02-05 07:50:18','2015-02-05 07:50:18'),(123,'animialiasfacereveniam','2015-02-05 07:50:18','2015-02-05 07:50:18'),(124,'sedexercitationemsuntculpa','2015-02-05 07:50:18','2015-02-05 07:50:18'),(125,'etvoluptasvoluptatem','2015-02-05 07:50:18','2015-02-05 07:50:18'),(126,'molestiaerepellenduseligendibeatae','2015-02-05 07:50:18','2015-02-05 07:50:18'),(127,'quoslaboriosam','2015-02-05 07:50:18','2015-02-05 07:50:18'),(128,'eumet','2015-02-05 07:50:18','2015-02-05 07:50:18'),(129,'voluptatemet','2015-02-05 07:50:18','2015-02-05 07:50:18'),(130,'quasiquae','2015-02-05 07:50:18','2015-02-05 07:50:18'),(131,'eosconsequunturametnihilimpedit','2015-02-05 07:50:18','2015-02-05 07:50:18'),(132,'blanditiistemporibusad','2015-02-05 07:50:18','2015-02-05 07:50:18'),(133,'sitrepudiandaesintminima','2015-02-05 07:50:18','2015-02-05 07:50:18'),(134,'aspernatureum','2015-02-05 07:50:18','2015-02-05 07:50:18'),(135,'ipsumquisoluta','2015-02-05 07:50:18','2015-02-05 07:50:18'),(136,'beataedolorererumvoluptatem','2015-02-05 07:50:18','2015-02-05 07:50:18'),(137,'voluptatemestautemest','2015-02-05 07:50:18','2015-02-05 07:50:18'),(138,'repellatassumendadolor','2015-02-05 07:50:18','2015-02-05 07:50:18'),(139,'voluptaset','2015-02-05 07:50:18','2015-02-05 07:50:18'),(140,'eligendinisiofficiadelectus','2015-02-05 07:50:18','2015-02-05 07:50:18'),(141,'velitsuntperspiciatis','2015-02-05 07:50:18','2015-02-05 07:50:18'),(142,'providentvoluptatevoluptatem','2015-02-05 07:50:18','2015-02-05 07:50:18'),(143,'beataereprehenderit','2015-02-05 07:50:18','2015-02-05 07:50:18'),(144,'ducimusquaein','2015-02-05 07:50:18','2015-02-05 07:50:18'),(145,'cupiditateducimussimilique','2015-02-05 07:50:18','2015-02-05 07:50:18'),(146,'rerumetofficiisquasiest','2015-02-05 07:50:18','2015-02-05 07:50:18'),(147,'etharumatque','2015-02-01 07:50:18','2015-02-01 07:50:18'),(148,'natusiurequovelquasi','2015-02-01 07:50:18','2015-02-01 07:50:18'),(149,'ipsumexcepturinihildolores','2015-02-01 07:50:18','2015-02-01 07:50:18'),(150,'quidemetnecessitatibussunt','2015-02-01 07:50:18','2015-02-01 07:50:18'),(151,'maioresenimassumenda','2015-02-05 07:50:18','2015-02-05 07:50:18'),(152,'sintasperioresautearum','2015-02-05 07:50:18','2015-02-05 07:50:18'),(153,'corruptireiciendis','2015-02-05 07:50:18','2015-02-05 07:50:18'),(154,'enimlaborumest','2015-02-05 07:50:18','2015-02-05 07:50:18'),(155,'laborenobissimiliqueutqui','2015-02-05 07:50:18','2015-02-05 07:50:18'),(156,'quisdoloremeiusnostrumvoluptates','2015-02-05 07:50:18','2015-02-05 07:50:18'),(157,'utquaeeius','2015-02-05 07:50:18','2015-02-05 07:50:18'),(158,'sedliberoeiusnecessitatibusomnis','2015-02-05 07:50:18','2015-02-05 07:50:18'),(159,'eamodiutquos','2015-02-05 07:50:18','2015-02-05 07:50:18'),(160,'architectodoloribussolutasintearum','2015-02-05 07:50:18','2015-02-05 07:50:18'),(161,'etvelitexercitationemea','2015-02-05 07:50:18','2015-02-05 07:50:18'),(162,'eaqueeosdebitiseius','2015-02-05 07:50:18','2015-02-05 07:50:18'),(163,'explicabonostrumrerumaut','2015-02-05 07:50:18','2015-02-05 07:50:18'),(164,'explicaboexercitationemquodqui','2015-02-05 07:50:18','2015-02-05 07:50:18'),(165,'ameteum','2015-02-05 07:50:18','2015-02-05 07:50:18'),(166,'quifuga','2015-02-05 07:50:18','2015-02-05 07:50:18'),(167,'consecteturdelectus','2015-02-05 07:50:18','2015-02-05 07:50:18'),(168,'estmaiores','2015-02-05 07:50:18','2015-02-05 07:50:18'),(169,'sednonillum','2015-02-04 07:50:18','2015-02-04 07:50:18'),(170,'aliasseddoloreomnisveritatis','2015-02-04 07:50:18','2015-02-04 07:50:18'),(171,'fugitmolestiaeexcepturi','2015-02-04 07:50:18','2015-02-04 07:50:18'),(172,'accusantiumetearumetlibero','2015-01-29 07:50:18','2015-01-29 07:50:18'),(173,'doloribussoluta','2015-01-29 07:50:18','2015-01-29 07:50:18'),(174,'voluptatemdignissimos','2015-01-29 07:50:18','2015-01-29 07:50:18'),(175,'fugavoluptatem','2015-01-29 07:50:18','2015-01-29 07:50:18'),(176,'doloribusdoloremquisarchitectout','2015-02-05 07:50:18','2015-02-05 07:50:18'),(177,'facereipsanihiletesse','2015-02-05 07:50:18','2015-02-05 07:50:18'),(178,'providentvoluptatestempora','2015-02-05 07:50:18','2015-02-05 07:50:18'),(179,'exquasi','2015-02-05 07:50:18','2015-02-05 07:50:18'),(180,'architectooptiopraesentium','2015-02-05 07:50:18','2015-02-05 07:50:18'),(181,'nonminima','2015-02-05 07:50:18','2015-02-05 07:50:18'),(182,'animisedexercitationemsaepe','2015-02-05 07:50:18','2015-02-05 07:50:18'),(183,'excepturicumitaque','2015-02-05 07:50:18','2015-02-05 07:50:18'),(184,'utquam','2015-02-05 07:50:18','2015-02-05 07:50:18'),(185,'quiexercitationem','2015-02-05 07:50:18','2015-02-05 07:50:18'),(186,'veniamipsamesta','2015-02-05 07:50:18','2015-02-05 07:50:18'),(187,'ullamomnisetquiexpedita','2015-02-05 07:50:18','2015-02-05 07:50:18'),(188,'voluptatemestoditsedet','2015-02-05 07:50:18','2015-02-05 07:50:18'),(189,'estmolestiaehicquam','2015-02-05 07:50:18','2015-02-05 07:50:18'),(190,'iureautvoluptatemtemporibus','2015-02-05 07:50:18','2015-02-05 07:50:18'),(191,'laudantiumquovelit','2015-02-05 07:50:18','2015-02-05 07:50:18'),(192,'quodquiamolestiasporroest','2015-02-05 07:50:18','2015-02-05 07:50:18'),(193,'dictaetdeleniti','2015-02-05 07:50:18','2015-02-05 07:50:18'),(194,'exidrepudiandae','2015-02-05 07:50:18','2015-02-05 07:50:18'),(195,'maioresinciduntmolestiae','2015-02-05 07:50:18','2015-02-05 07:50:18'),(196,'delenititemporibusvitaeidinventore','2015-02-05 07:50:18','2015-02-05 07:50:18'),(197,'magniautet','2015-02-05 07:50:18','2015-02-05 07:50:18'),(198,'excepturicupiditateremvoluptatemquia','2015-02-05 07:50:18','2015-02-05 07:50:18'),(199,'nihilmaxime','2015-02-05 07:50:18','2015-02-05 07:50:18'),(200,'etaspernatursunt','2015-02-05 07:50:18','2015-02-05 07:50:18'),(201,'beataevelitearum','2015-02-05 07:50:18','2015-02-05 07:50:18'),(202,'facereutea','2015-02-05 07:50:18','2015-02-05 07:50:18'),(203,'undecumsapiente','2015-02-05 07:50:18','2015-02-05 07:50:18'),(204,'maioresquibusdamnihilfacilis','2015-02-05 07:50:18','2015-02-05 07:50:18'),(205,'repellatnesciuntpariaturexexcepturi','2015-02-05 07:50:18','2015-02-05 07:50:18'),(206,'corporisimpedit','2015-02-05 07:50:18','2015-02-05 07:50:18'),(207,'etestquaeautab','2015-02-05 07:50:18','2015-02-05 07:50:18'),(208,'nobisveniamblanditiisconsequaturrerum','2015-02-05 07:50:18','2015-02-05 07:50:18'),(209,'utundeautquipraesentium','2015-02-05 07:50:18','2015-02-05 07:50:18'),(210,'sedsolutaquoquibusdam','2015-02-05 07:50:18','2015-02-05 07:50:18'),(211,'nihilquiaexcepturisimiliquererum','2015-02-05 07:50:18','2015-02-05 07:50:18'),(212,'suntmolestiae','2015-02-05 07:50:18','2015-02-05 07:50:18'),(213,'errorquimaximeetmagnam','2015-02-05 07:50:18','2015-02-05 07:50:18'),(214,'quiautreprehenderitexcepturi','2015-02-05 07:50:18','2015-02-05 07:50:18'),(215,'nonestplaceatcupiditate','2015-02-05 07:50:18','2015-02-05 07:50:18'),(216,'eligendinumquamofficia','2015-02-05 07:50:18','2015-02-05 07:50:18'),(217,'quiquaequasi','2015-02-05 07:50:18','2015-02-05 07:50:18'),(218,'omnisdoloremdeseruntoditfugit','2015-02-05 07:50:18','2015-02-05 07:50:18'),(219,'impeditaperiam','2015-02-05 07:50:18','2015-02-05 07:50:18'),(220,'maximealiquid','2015-02-05 07:50:18','2015-02-05 07:50:18'),(221,'aliquamexpeditanesciuntomnis','2015-02-05 07:50:18','2015-02-05 07:50:18'),(222,'autinquialaborumnostrum','2015-02-05 07:50:18','2015-02-05 07:50:18'),(223,'possimusimpedit','2015-02-05 07:50:18','2015-02-05 07:50:18'),(224,'quiabquisautemtenetur','2015-02-05 07:50:18','2015-02-05 07:50:18'),(225,'etinsintautem','2015-02-05 07:50:18','2015-02-05 07:50:18'),(226,'etnequeharum','2015-02-05 07:50:18','2015-02-05 07:50:18'),(227,'eatemporibusmagnamdictavoluptas','2015-02-05 07:50:18','2015-02-05 07:50:18'),(228,'velitautaliquamquilaboriosam','2015-02-05 07:50:18','2015-02-05 07:50:18'),(229,'sedsintmolestiae','2015-02-05 07:50:18','2015-02-05 07:50:18'),(230,'estquasdignissimosmaiores','2015-02-03 07:50:18','2015-02-03 07:50:18'),(231,'estreprehenderit','2015-02-03 07:50:18','2015-02-03 07:50:18'),(232,'consequunturdolores','2015-02-03 07:50:18','2015-02-03 07:50:18'),(233,'sitetporro','2015-02-03 07:50:18','2015-02-03 07:50:18'),(234,'consequatureaquepossimusetvel','2015-02-03 07:50:18','2015-02-03 07:50:18'),(235,'illoofficiispraesentiumnamautem','2015-02-05 07:50:18','2015-02-05 07:50:18'),(236,'omnisquicupiditate','2015-01-31 07:50:18','2015-01-31 07:50:18'),(237,'ataccusantiumtempore','2015-02-05 07:50:18','2015-02-05 07:50:18'),(238,'veniamminus','2015-02-05 07:50:18','2015-02-05 07:50:18'),(239,'voluptatemnihilveritatis','2015-02-05 07:50:18','2015-02-05 07:50:18'),(240,'autdoloremquemolestiasdolor','2015-02-05 07:50:18','2015-02-05 07:50:18'),(241,'eafugiatblanditiisneque','2015-02-05 07:50:18','2015-02-05 07:50:18'),(242,'voluptasettotamquiut','2015-02-05 07:50:18','2015-02-05 07:50:18'),(243,'assumendalaudantiumessesit','2015-02-05 07:50:18','2015-02-05 07:50:18'),(244,'etreiciendisdeleniti','2015-02-05 07:50:18','2015-02-05 07:50:18'),(245,'istedoloremquesuscipitimpeditiure','2015-02-05 07:50:18','2015-02-05 07:50:18'),(246,'beataecumqueaut','2015-02-05 07:50:18','2015-02-05 07:50:18'),(247,'aliasquiminimasunt','2015-02-05 07:50:18','2015-02-05 07:50:18'),(248,'nondignissimos','2015-02-05 07:50:18','2015-02-05 07:50:18'),(249,'estfugiat','2015-02-05 07:50:18','2015-02-05 07:50:18'),(250,'autemvoluptasin','2015-02-05 07:50:18','2015-02-05 07:50:18'),(251,'numquamenim','2015-02-05 07:50:18','2015-02-05 07:50:18'),(252,'sintarchitectoestofficiis','2015-02-05 07:50:18','2015-02-05 07:50:18'),(253,'autinfugiatsoluta','2015-02-05 07:50:18','2015-02-05 07:50:18'),(254,'delectuspossimusrem','2015-02-05 07:50:18','2015-02-05 07:50:18'),(255,'cumquequaerecusandaeid','2015-02-05 07:50:18','2015-02-05 07:50:18'),(256,'consequaturreprehenderitculpaeveniet','2015-02-05 07:50:18','2015-02-05 07:50:18'),(257,'utpraesentium','2015-02-05 07:50:18','2015-02-05 07:50:18'),(258,'beataesedveniam','2015-02-05 07:50:18','2015-02-05 07:50:18'),(259,'doloribusdignissimosquis','2015-02-05 07:50:18','2015-02-05 07:50:18'),(260,'temporibusatcorrupticummagni','2015-02-05 07:50:18','2015-02-05 07:50:18'),(261,'nequeest','2015-01-31 07:50:18','2015-01-31 07:50:18'),(262,'doloresetrepudiandaefacilissunt','2015-01-31 07:50:18','2015-01-31 07:50:18'),(263,'autemeiusquos','2015-01-31 07:50:18','2015-01-31 07:50:18'),(264,'estsuntsequia','2015-01-31 07:50:18','2015-01-31 07:50:18'),(265,'ipsumtotamexplicaboat','2015-01-31 07:50:18','2015-01-31 07:50:18'),(266,'utrerumnesciuntdoloresdistinctio','2015-01-31 07:50:18','2015-01-31 07:50:18'),(267,'teneturnostrumquisquamconsequatur','2015-01-31 07:50:18','2015-01-31 07:50:18'),(268,'teneturidvoluptatemdolor','2015-01-31 07:50:18','2015-01-31 07:50:18');
/*!40000 ALTER TABLE `suppliers` ENABLE KEYS */;
UNLOCK TABLES;

--
-- Table structure for table `users`
--

DROP TABLE IF EXISTS `users`;
/*!40101 SET @saved_cs_client     = @@character_set_client */;
/*!40101 SET character_set_client = utf8 */;
CREATE TABLE `users` (
  `id` int(11) NOT NULL AUTO_INCREMENT,
  `login` varchar(255) COLLATE utf8_unicode_ci DEFAULT NULL,
  `firstname` varchar(255) COLLATE utf8_unicode_ci DEFAULT NULL,
  `lastname` varchar(255) COLLATE utf8_unicode_ci DEFAULT NULL,
  `phone` varchar(255) COLLATE utf8_unicode_ci DEFAULT NULL,
  `authentication_system_id` int(11) DEFAULT '1',
  `unique_id` varchar(255) COLLATE utf8_unicode_ci DEFAULT NULL,
  `email` varchar(255) COLLATE utf8_unicode_ci DEFAULT NULL,
  `badge_id` varchar(255) COLLATE utf8_unicode_ci DEFAULT NULL,
  `address` varchar(255) COLLATE utf8_unicode_ci DEFAULT NULL,
  `city` varchar(255) COLLATE utf8_unicode_ci DEFAULT NULL,
  `zip` varchar(255) COLLATE utf8_unicode_ci DEFAULT NULL,
  `country` varchar(255) COLLATE utf8_unicode_ci DEFAULT NULL,
  `language_id` int(11) DEFAULT NULL,
  `extended_info` text COLLATE utf8_unicode_ci,
  `settings` varchar(1024) COLLATE utf8_unicode_ci DEFAULT NULL,
  `created_at` datetime DEFAULT NULL,
  `updated_at` datetime DEFAULT NULL,
  `delegator_user_id` int(11) DEFAULT NULL,
  PRIMARY KEY (`id`),
  KEY `index_users_on_authentication_system_id` (`authentication_system_id`),
  KEY `users_language_id_fk` (`language_id`),
  KEY `users_delegator_user_id_fk` (`delegator_user_id`),
  CONSTRAINT `users_delegator_user_id_fk` FOREIGN KEY (`delegator_user_id`) REFERENCES `users` (`id`),
  CONSTRAINT `users_authentication_system_id_fk` FOREIGN KEY (`authentication_system_id`) REFERENCES `authentication_systems` (`id`),
  CONSTRAINT `users_language_id_fk` FOREIGN KEY (`language_id`) REFERENCES `languages` (`id`)
) ENGINE=InnoDB AUTO_INCREMENT=36 DEFAULT CHARSET=utf8 COLLATE=utf8_unicode_ci;
/*!40101 SET character_set_client = @saved_cs_client */;

--
-- Dumping data for table `users`
--

LOCK TABLES `users` WRITE;
/*!40000 ALTER TABLE `users` DISABLE KEYS */;
INSERT INTO `users` VALUES (1,'gino','Gino','Toy','02123988549',1,'hi568322ubsb3jijw5','gino@zhdk.ch','tv7zubw8ma55cwpl2i',NULL,'Starkview','B-R5E 8UJ','Burkina Faso',3,NULL,'--- !ruby/hash:ActiveSupport::HashWithIndifferentAccess {}\n','2015-02-05 07:50:18','2015-02-05 07:50:18',NULL),(2,'ramon','Ramon','Ward','08005385896',1,'4942punvmx2o9i4z2w','ramon@zhdk.ch','l6278kbth383c2smb6',NULL,'Croninhaven','R-Z5 4JA','Reunion',3,NULL,'--- !ruby/hash:ActiveSupport::HashWithIndifferentAccess {}\n','2015-02-05 07:50:18','2015-02-05 07:50:18',NULL),(3,'matti','Matti','Bartell','01617340347',1,'tmcrxt6yy4tuhostv8','matti@zhdk.ch','ixuqgq9h3am9r1sp2x',NULL,'Juliahaven','U-TE3 0PB','United Arab Emirates',3,NULL,'--- !ruby/hash:ActiveSupport::HashWithIndifferentAccess {}\n','2015-02-05 07:50:18','2015-02-05 07:50:18',NULL),(4,'mike','Mike','Brakus','02398854093',1,'2jeyn34tkyekuhmu5d','mike@zhdk.ch','7nk68ft45x4wlcdr2x',NULL,'New Arlene','A-U8X 8TL','Antigua and Barbuda',3,NULL,'--- !ruby/hash:ActiveSupport::HashWithIndifferentAccess {}\n','2015-02-05 07:50:18','2015-02-05 07:50:18',NULL),(5,'pius','Pius','Becker','01124002634',1,'rkasl574y1swqvlvnp','pius@zhdk.ch','48qokne4wn4r85lclb',NULL,'New Sandy','Q-Z8W 2SR','Qatar',3,NULL,'--- !ruby/hash:ActiveSupport::HashWithIndifferentAccess {}\n','2015-02-05 07:50:18','2015-02-05 07:50:18',NULL),(6,'normin','Normin','Dickens','0147295284',1,'zhjsnguotyg9c4fxgn','normin@zhdk.ch','hy9vkfnbtuwnjhqgek',NULL,'Osinskiland','B-TA1B 7YA','Bouvet Island (Bouvetoya)',3,NULL,'--- !ruby/hash:ActiveSupport::HashWithIndifferentAccess {}\n','2015-02-05 07:50:18','2015-02-05 07:50:18',NULL),(7,'torrance','Torrance','Bode','05645703696',1,'ggtkezowyuinixvwd8','lending_manager1@zhdk.ch','nfr8npt73yg13fsar5',NULL,'North Trevor','B-B7 5AQ','Bouvet Island (Bouvetoya)',3,NULL,'--- !ruby/hash:ActiveSupport::HashWithIndifferentAccess {}\n','2015-02-05 07:50:18','2015-02-05 07:50:18',NULL),(8,'peter','Peter','Silie','0800857788',1,'i5i1ohzdslltt2j855','peter@silie.com','61rx2inukjjcf7hom9',NULL,'Port Melyna','C-SH5 2JL','Christmas Island',3,NULL,'--- !ruby/hash:ActiveSupport::HashWithIndifferentAccess {}\n','2015-02-05 07:50:18','2015-02-05 07:50:18',NULL),(9,'andi','Andi','Abbott','01613717088',1,'nhhaq2j3x61e5b73a7','andi@zhdk.ch','8lpm6ap9jgrxv5b6dy',NULL,'Mrazville','N-I0M 6RL','Namibia',3,NULL,'--- !ruby/hash:ActiveSupport::HashWithIndifferentAccess {}\n','2015-02-05 07:50:18','2015-02-05 07:50:18',NULL),(10,'mina','Mina','Champlin','03673618484',1,'0l4j9tu6dzgjgoxzh3','mina@zhdk.ch','212nctergr3wlbgo2u',NULL,'Lake Filiberto','W-O9 9UZ','Western Sahara',3,NULL,'--- !ruby/hash:ActiveSupport::HashWithIndifferentAccess {}\n','2015-02-05 07:50:18','2015-02-05 07:50:18',NULL),(11,'petra','Petra','Kris','0800498466',1,'1ywcexvl8p40q8ug0t','petra@zhdk.ch','9xa13dt1m09rw7vslk','977 Bernie Corner, ','East Harvey','N-EB4B 9AF','Nicaragua',3,NULL,'--- !ruby/hash:ActiveSupport::HashWithIndifferentAccess {}\n','2015-02-05 07:50:18','2015-02-05 07:50:18',NULL),(12,'julie','Julie','Harber','01279472774',1,'auhrpn9gulrpppmwj4','julie@zhdk.ch','gyehkq6938pgcdzwfm',NULL,'Carolannemouth','M-UA3W 2LB','Macedonia',1,NULL,'--- !ruby/hash:ActiveSupport::HashWithIndifferentAccess {}\n','2015-02-05 07:50:18','2015-02-05 07:50:18',NULL),(13,'lisa','Lisa','Beier','01185998951',1,'t1p02fxytaqqanoews','lisa@zhdk.ch','79dal6n293gc28cg32',NULL,'Ericaburgh','V-TW5 2JY','Virgin Islands, British',3,NULL,'--- !ruby/hash:ActiveSupport::HashWithIndifferentAccess {}\n','2015-02-05 07:50:18','2015-02-05 07:50:18',NULL),(14,'madonna','Madonna','Dare','05589154119',1,'iymuvnleel3e0z1tkt','customer1@zhdk.ch','dgmfe6zh3b7lygcexu',NULL,'West Margarettfort','C-T2 7JL','Cocos (Keeling) Islands',1,NULL,'--- !ruby/hash:ActiveSupport::HashWithIndifferentAccess {}\n','2015-02-05 07:50:18','2015-02-05 07:50:18',NULL),(15,'trycia','Trycia','Bayer','01123609033',1,'ate44m71eno6ix5sb0','customer2@zhdk.ch','7nw2m83gn8j9yy22d9',NULL,'Port Stanton','J-WE8 9WB','Jersey',1,NULL,'--- !ruby/hash:ActiveSupport::HashWithIndifferentAccess {}\n','2015-02-05 07:50:18','2015-02-05 07:50:18',NULL),(16,'addie','Addie','Collins','09679328856',1,'vhqrrddeu8gygez598','customer3@zhdk.ch','qmh8b4jmje7mhh8jbd',NULL,'Faheystad','M-W2N 3JL','Montenegro',1,NULL,'--- !ruby/hash:ActiveSupport::HashWithIndifferentAccess {}\n','2015-02-05 07:50:18','2015-02-05 07:50:18',NULL),(17,'david','David','Hamill','0800692230',1,'aq8ipabdanvr62tqqr','customer4@zhdk.ch','papd02xwqrdqsm2x7t',NULL,'Milanborough','K-CB3 6AL','Kazakhstan',1,NULL,'--- !ruby/hash:ActiveSupport::HashWithIndifferentAccess {}\n','2015-02-05 07:50:18','2015-02-05 07:50:18',NULL),(18,'aglae','Aglae','Kessler','0800253349',1,'tpwnovnw1virgc9s05','customer5@zhdk.ch','y898efjyqez4or1wnn',NULL,'Collinstown','T-J9 1AJ','Taiwan',1,NULL,'--- !ruby/hash:ActiveSupport::HashWithIndifferentAccess {}\n','2015-02-05 07:50:18','2015-02-05 07:50:18',NULL),(19,'elza','Elza','Johnson','0169778071',1,'3qxbcu9uepv6axvdvf','customer6@zhdk.ch','rsqjze3ym7qzdex2b5',NULL,'South Gwendolynmouth','G-YN0 4BE','Guyana',1,NULL,'--- !ruby/hash:ActiveSupport::HashWithIndifferentAccess {}\n','2015-02-05 07:50:18','2015-02-05 07:50:18',NULL),(20,'pierre','Pierre','Marvin','01814242987',1,'sraw05j31intqsgjx3','customer7@zhdk.ch','37waz26juwdqmxsp8h',NULL,'New Nicole','C-Y6 8OH','Chad',1,NULL,'--- !ruby/hash:ActiveSupport::HashWithIndifferentAccess {}\n','2015-02-05 07:50:18','2015-02-05 07:50:18',NULL),(21,'nella','Nella','Langworth','09837840825',1,'rmd0tzt41tj7x3ugbs','customer8@zhdk.ch','0oo5miz2ei76bvwopd',NULL,'Collierborough','A-YT5 7SB','Antigua and Barbuda',1,NULL,'--- !ruby/hash:ActiveSupport::HashWithIndifferentAccess {}\n','2015-02-05 07:50:18','2015-02-05 07:50:18',NULL),(22,'claudia','Claudia','Brekke','0800293130',1,'1yu2804ttog1u7z8en','customer9@zhdk.ch','67yb5e3nt9o38oh1lj',NULL,'North Mandymouth','I-W7N 3HL','Iceland',1,NULL,'--- !ruby/hash:ActiveSupport::HashWithIndifferentAccess {}\n','2015-02-05 07:50:18','2015-02-05 07:50:18',NULL),(23,'simeon','Simeon','Kunze','03467334512',1,'vstfnup0j4l1klqexo','delegator1@zhdk.ch','4jxi644g3evf98jrc5',NULL,'Brisashire','N-Y7N 7JB','New Zealand',1,NULL,'--- !ruby/hash:ActiveSupport::HashWithIndifferentAccess {}\n','2015-02-05 07:50:18','2015-02-05 07:50:18',NULL),(24,'ayla','Ayla','Kunde','0190786379',1,'12l600sy9mmup1n0os','delegated1@zhdk.ch','2voewuj9tnhid03zrw',NULL,'Lake Rosemary','S-Z6V 7LA','Senegal',1,NULL,'--- !ruby/hash:ActiveSupport::HashWithIndifferentAccess {}\n','2015-02-05 07:50:18','2015-02-05 07:50:18',NULL),(25,'raphael.williamson_6157','Kianna','McClure','05516763207',1,'8s1zzo7ggb8mf0aihx','elwin.mohr@medhurst.com','kf71c2ffn9596i3750','67094 Reinger Tunnel','East Eulaliastad','M-W6 0ND','Macao',1,NULL,'--- !ruby/hash:ActiveSupport::HashWithIndifferentAccess {}\n','2015-02-05 07:50:18','2015-02-05 07:50:18',NULL),(26,NULL,'Delegation 1',NULL,NULL,NULL,NULL,NULL,NULL,NULL,NULL,NULL,NULL,1,NULL,'--- !ruby/hash:ActiveSupport::HashWithIndifferentAccess {}\n','2015-02-05 07:50:18','2015-02-05 07:50:18',12),(27,NULL,'Delegation 2',NULL,NULL,NULL,NULL,NULL,NULL,NULL,NULL,NULL,NULL,1,NULL,'--- !ruby/hash:ActiveSupport::HashWithIndifferentAccess {}\n','2015-02-05 07:50:18','2015-02-05 07:50:18',10),(28,NULL,'Delegation 3',NULL,NULL,NULL,NULL,NULL,NULL,NULL,NULL,NULL,NULL,1,NULL,'--- !ruby/hash:ActiveSupport::HashWithIndifferentAccess {}\n','2015-02-05 07:50:18','2015-02-05 07:50:18',10),(29,NULL,'Delegation 4',NULL,NULL,NULL,NULL,NULL,NULL,NULL,NULL,NULL,NULL,1,NULL,'--- !ruby/hash:ActiveSupport::HashWithIndifferentAccess {}\n','2015-02-05 07:50:18','2015-02-05 07:50:18',10),(30,NULL,'Delegation 5',NULL,NULL,NULL,NULL,NULL,NULL,NULL,NULL,NULL,NULL,1,NULL,'--- !ruby/hash:ActiveSupport::HashWithIndifferentAccess {}\n','2015-02-05 07:50:18','2015-02-05 07:50:18',23),(31,'malachi.hansen_6986','Andres','Goyette','08008740564',1,'y697jkoh3fr7y67xmp','robin@berge.name','b0o6mbdpad1kn5pmv6','975 Ernser Radial','Colliershire','F-Y6 4AG','Fiji',1,NULL,'--- !ruby/hash:ActiveSupport::HashWithIndifferentAccess {}\n','2015-02-05 07:50:18','2015-02-05 07:50:18',NULL),(32,'otha_6898','Elijah','Sauer','03799170429',1,'86j1bngvzjq6og1rtv','minnie_gerlach@collinsferry.com','tygwq5qb98htdgzmgn','760 Lindgren Lake','West Jayden','N-ZU5 0BL','New Caledonia',1,NULL,'--- !ruby/hash:ActiveSupport::HashWithIndifferentAccess {}\n','2015-02-05 07:50:18','2015-02-05 07:50:18',NULL),(33,'zander.toy_7149','Mikel','Flatley','09906392429',1,'buf9dwnfpxky06esem','alayna@wintheiser.biz','zw4u78vemdzj0jgs2k','3702 Olson Station','Lake Julesmouth','N-YR5 3AA','Netherlands',1,NULL,'--- !ruby/hash:ActiveSupport::HashWithIndifferentAccess {}\n','2015-02-05 07:50:18','2015-02-05 07:50:18',NULL),(34,'alden.veum_905','Tad','Jacobs','0500670261',1,'apx0jtp5bde63qq9hd','katheryn@nicolas.info','gk95tj4lo3zm9mebui','7312 Arnold Centers','Camilamouth','U-M4 5BA','Uruguay',1,NULL,'--- !ruby/hash:ActiveSupport::HashWithIndifferentAccess {}\n','2015-02-05 07:50:18','2015-02-05 07:50:18',NULL),(35,'lillie_9995','Felton','Carter','03146774088',1,'x99itkogm6h0u2m4v5','destin.moen@sawayn.biz','bz3aexi5fwqsum1oq6','63136 Wuckert Highway','Madalinehaven','A-Z9M 0LX','Australia',1,NULL,'--- !ruby/hash:ActiveSupport::HashWithIndifferentAccess {}\n','2015-02-05 07:50:18','2015-02-05 07:50:18',NULL);
/*!40000 ALTER TABLE `users` ENABLE KEYS */;
UNLOCK TABLES;

--
-- Temporary table structure for view `visit_lines`
--

DROP TABLE IF EXISTS `visit_lines`;
/*!50001 DROP VIEW IF EXISTS `visit_lines`*/;
SET @saved_cs_client     = @@character_set_client;
SET character_set_client = utf8;
/*!50001 CREATE TABLE `visit_lines` (
  `visit_id` varchar(148),
  `inventory_pool_id` int(11),
  `user_id` int(11),
  `delegated_user_id` int(11),
  `status` enum('unsubmitted','submitted','rejected','approved','signed','closed'),
  `action` varchar(9),
  `date` date,
  `quantity` int(11),
  `contract_line_id` int(11)
) ENGINE=MyISAM */;
SET character_set_client = @saved_cs_client;

--
-- Temporary table structure for view `visits`
--

DROP TABLE IF EXISTS `visits`;
/*!50001 DROP VIEW IF EXISTS `visits`*/;
SET @saved_cs_client     = @@character_set_client;
SET character_set_client = utf8;
/*!50001 CREATE TABLE `visits` (
  `id` varchar(148),
  `inventory_pool_id` int(11),
  `user_id` int(11),
  `status` enum('unsubmitted','submitted','rejected','approved','signed','closed'),
  `action` varchar(9),
  `date` date,
  `quantity` decimal(32,0)
) ENGINE=MyISAM */;
SET character_set_client = @saved_cs_client;

--
-- Table structure for table `workdays`
--

DROP TABLE IF EXISTS `workdays`;
/*!40101 SET @saved_cs_client     = @@character_set_client */;
/*!40101 SET character_set_client = utf8 */;
CREATE TABLE `workdays` (
  `id` int(11) NOT NULL AUTO_INCREMENT,
  `inventory_pool_id` int(11) DEFAULT NULL,
  `monday` tinyint(1) DEFAULT '1',
  `tuesday` tinyint(1) DEFAULT '1',
  `wednesday` tinyint(1) DEFAULT '1',
  `thursday` tinyint(1) DEFAULT '1',
  `friday` tinyint(1) DEFAULT '1',
  `saturday` tinyint(1) DEFAULT '0',
  `sunday` tinyint(1) DEFAULT '0',
  `reservation_advance_days` int(11) DEFAULT '0',
  `max_visits` text COLLATE utf8_unicode_ci,
  PRIMARY KEY (`id`),
  KEY `index_workdays_on_inventory_pool_id` (`inventory_pool_id`),
  CONSTRAINT `workdays_inventory_pool_id_fk` FOREIGN KEY (`inventory_pool_id`) REFERENCES `inventory_pools` (`id`) ON DELETE CASCADE
) ENGINE=InnoDB AUTO_INCREMENT=13 DEFAULT CHARSET=utf8 COLLATE=utf8_unicode_ci;
/*!40101 SET character_set_client = @saved_cs_client */;

--
-- Dumping data for table `workdays`
--

LOCK TABLES `workdays` WRITE;
/*!40000 ALTER TABLE `workdays` DISABLE KEYS */;
INSERT INTO `workdays` VALUES (1,1,1,1,1,1,1,0,0,0,'---\n\'1\': 10\n\'2\': 20\n\'3\': 30\n'),(2,2,1,1,1,1,1,0,0,0,'--- {}\n'),(3,3,1,1,1,1,1,0,0,0,'--- {}\n'),(4,4,1,1,1,1,1,0,0,0,'--- {}\n'),(5,5,1,1,1,1,1,0,0,0,'--- {}\n'),(6,6,1,1,1,1,1,0,0,0,'--- {}\n'),(7,7,1,1,1,1,1,0,0,0,'--- {}\n'),(8,8,1,1,1,1,1,0,0,0,'--- {}\n'),(9,9,1,1,1,1,1,0,0,0,'--- {}\n'),(10,10,1,1,1,1,1,0,0,0,'--- {}\n'),(11,11,1,1,1,1,1,0,0,0,'--- {}\n'),(12,12,1,1,1,1,1,0,0,0,'--- {}\n');
/*!40000 ALTER TABLE `workdays` ENABLE KEYS */;
UNLOCK TABLES;

--
-- Final view structure for view `partitions_with_generals`
--

/*!50001 DROP TABLE IF EXISTS `partitions_with_generals`*/;
/*!50001 DROP VIEW IF EXISTS `partitions_with_generals`*/;
/*!50001 SET @saved_cs_client          = @@character_set_client */;
/*!50001 SET @saved_cs_results         = @@character_set_results */;
/*!50001 SET @saved_col_connection     = @@collation_connection */;
/*!50001 SET character_set_client      = utf8 */;
/*!50001 SET character_set_results     = utf8 */;
/*!50001 SET collation_connection      = utf8_general_ci */;
/*!50001 CREATE ALGORITHM=UNDEFINED */
/*!50001 VIEW `partitions_with_generals` AS select `partitions`.`model_id` AS `model_id`,`partitions`.`inventory_pool_id` AS `inventory_pool_id`,`partitions`.`group_id` AS `group_id`,`partitions`.`quantity` AS `quantity` from `partitions` union select `i`.`model_id` AS `model_id`,`i`.`inventory_pool_id` AS `inventory_pool_id`,NULL AS `group_id`,(count(`i`.`id`) - ifnull((select sum(`p`.`quantity`) from `partitions` `p` where ((`p`.`model_id` = `i`.`model_id`) and (`p`.`inventory_pool_id` = `i`.`inventory_pool_id`)) group by `p`.`inventory_pool_id`,`p`.`model_id`),0)) AS `quantity` from `items` `i` where (isnull(`i`.`retired`) and (`i`.`is_borrowable` = 1) and isnull(`i`.`parent_id`)) group by `i`.`inventory_pool_id`,`i`.`model_id` */;
/*!50001 SET character_set_client      = @saved_cs_client */;
/*!50001 SET character_set_results     = @saved_cs_results */;
/*!50001 SET collation_connection      = @saved_col_connection */;

--
-- Final view structure for view `visit_lines`
--

/*!50001 DROP TABLE IF EXISTS `visit_lines`*/;
/*!50001 DROP VIEW IF EXISTS `visit_lines`*/;
/*!50001 SET @saved_cs_client          = @@character_set_client */;
/*!50001 SET @saved_cs_results         = @@character_set_results */;
/*!50001 SET @saved_col_connection     = @@collation_connection */;
/*!50001 SET character_set_client      = utf8 */;
/*!50001 SET character_set_results     = utf8 */;
/*!50001 SET collation_connection      = utf8_general_ci */;
/*!50001 CREATE ALGORITHM=UNDEFINED */
/*!50001 VIEW `visit_lines` AS select hex(concat_ws('_',if((`c`.`status` = 'approved'),`cl`.`start_date`,`cl`.`end_date`),`c`.`inventory_pool_id`,`c`.`user_id`,`c`.`status`)) AS `visit_id`,`c`.`inventory_pool_id` AS `inventory_pool_id`,`c`.`user_id` AS `user_id`,`c`.`delegated_user_id` AS `delegated_user_id`,`c`.`status` AS `status`,if((`c`.`status` = 'approved'),'hand_over','take_back') AS `action`,if((`c`.`status` = 'approved'),`cl`.`start_date`,`cl`.`end_date`) AS `date`,`cl`.`quantity` AS `quantity`,`cl`.`id` AS `contract_line_id` from (`contract_lines` `cl` join `contracts` `c` on((`cl`.`contract_id` = `c`.`id`))) where ((`c`.`status` in ('approved','signed')) and isnull(`cl`.`returned_date`)) order by if((`c`.`status` = 'approved'),`cl`.`start_date`,`cl`.`end_date`) */;
/*!50001 SET character_set_client      = @saved_cs_client */;
/*!50001 SET character_set_results     = @saved_cs_results */;
/*!50001 SET collation_connection      = @saved_col_connection */;

--
-- Final view structure for view `visits`
--

/*!50001 DROP TABLE IF EXISTS `visits`*/;
/*!50001 DROP VIEW IF EXISTS `visits`*/;
/*!50001 SET @saved_cs_client          = @@character_set_client */;
/*!50001 SET @saved_cs_results         = @@character_set_results */;
/*!50001 SET @saved_col_connection     = @@collation_connection */;
/*!50001 SET character_set_client      = utf8 */;
/*!50001 SET character_set_results     = utf8 */;
/*!50001 SET collation_connection      = utf8_general_ci */;
/*!50001 CREATE ALGORITHM=UNDEFINED */
/*!50001 VIEW `visits` AS select hex(concat_ws('_',`visit_lines`.`date`,`visit_lines`.`inventory_pool_id`,`visit_lines`.`user_id`,`visit_lines`.`status`)) AS `id`,`visit_lines`.`inventory_pool_id` AS `inventory_pool_id`,`visit_lines`.`user_id` AS `user_id`,`visit_lines`.`status` AS `status`,`visit_lines`.`action` AS `action`,`visit_lines`.`date` AS `date`,sum(`visit_lines`.`quantity`) AS `quantity` from `visit_lines` group by `visit_lines`.`user_id`,`visit_lines`.`status`,`visit_lines`.`date`,`visit_lines`.`inventory_pool_id` */;
/*!50001 SET character_set_client      = @saved_cs_client */;
/*!50001 SET character_set_results     = @saved_cs_results */;
/*!50001 SET collation_connection      = @saved_col_connection */;
/*!40103 SET TIME_ZONE=@OLD_TIME_ZONE */;

/*!40101 SET SQL_MODE=@OLD_SQL_MODE */;
/*!40014 SET FOREIGN_KEY_CHECKS=@OLD_FOREIGN_KEY_CHECKS */;
/*!40014 SET UNIQUE_CHECKS=@OLD_UNIQUE_CHECKS */;
/*!40101 SET CHARACTER_SET_CLIENT=@OLD_CHARACTER_SET_CLIENT */;
/*!40101 SET CHARACTER_SET_RESULTS=@OLD_CHARACTER_SET_RESULTS */;
/*!40101 SET COLLATION_CONNECTION=@OLD_COLLATION_CONNECTION */;
/*!40111 SET SQL_NOTES=@OLD_SQL_NOTES */;

-- Dump completed on 2014-12-02  8:44:07
