-- MySQL dump 10.13  Distrib 5.1.48, for apple-darwin10.3.0 (i386)
--
-- Host: localhost    Database: leihs2_test
-- ------------------------------------------------------
-- Server version	5.1.48

/*!40101 SET @OLD_CHARACTER_SET_CLIENT=@@CHARACTER_SET_CLIENT */;
/*!40101 SET @OLD_CHARACTER_SET_RESULTS=@@CHARACTER_SET_RESULTS */;
/*!40101 SET @OLD_COLLATION_CONNECTION=@@COLLATION_CONNECTION */;
/*!40101 SET NAMES utf8 */;
/*!40103 SET @OLD_TIME_ZONE=@@TIME_ZONE */;
/*!40103 SET TIME_ZONE='+00:00' */;
/*!40014 SET @OLD_UNIQUE_CHECKS=@@UNIQUE_CHECKS, UNIQUE_CHECKS=0 */;
/*!40014 SET @OLD_FOREIGN_KEY_CHECKS=@@FOREIGN_KEY_CHECKS, FOREIGN_KEY_CHECKS=0 */;
/*!40101 SET @OLD_SQL_MODE=@@SQL_MODE, SQL_MODE='NO_AUTO_VALUE_ON_ZERO' */;
/*!40111 SET @OLD_SQL_NOTES=@@SQL_NOTES, SQL_NOTES=0 */;

--
-- Table structure for table `access_rights`
--

DROP TABLE IF EXISTS `access_rights`;
/*!40101 SET @saved_cs_client     = @@character_set_client */;
/*!40101 SET character_set_client = utf8 */;
CREATE TABLE `access_rights` (
  `id` int(11) NOT NULL AUTO_INCREMENT,
  `user_id` int(11) DEFAULT NULL,
  `inventory_pool_id` int(11) DEFAULT NULL,
  `suspended_until` date DEFAULT NULL,
  `suspended_reason` text COLLATE utf8_unicode_ci,
  `deleted_at` date DEFAULT NULL,
  `created_at` datetime DEFAULT NULL,
  `updated_at` datetime DEFAULT NULL,
  `role` enum('customer','group_manager','lending_manager','inventory_manager','admin') COLLATE utf8_unicode_ci NOT NULL,
  PRIMARY KEY (`id`),
  KEY `index_access_rights_on_suspended_until` (`suspended_until`),
  KEY `index_access_rights_on_deleted_at` (`deleted_at`),
  KEY `index_access_rights_on_inventory_pool_id` (`inventory_pool_id`),
  KEY `index_access_rights_on_role` (`role`),
  KEY `index_on_user_id_and_inventory_pool_id_and_deleted_at` (`user_id`,`inventory_pool_id`,`deleted_at`),
  CONSTRAINT `access_rights_user_id_fk` FOREIGN KEY (`user_id`) REFERENCES `users` (`id`),
  CONSTRAINT `access_rights_inventory_pool_id_fk` FOREIGN KEY (`inventory_pool_id`) REFERENCES `inventory_pools` (`id`) ON DELETE CASCADE
) ENGINE=InnoDB AUTO_INCREMENT=46 DEFAULT CHARSET=utf8 COLLATE=utf8_unicode_ci;
/*!40101 SET character_set_client = @saved_cs_client */;

--
-- Dumping data for table `access_rights`
--

LOCK TABLES `access_rights` WRITE;
/*!40000 ALTER TABLE `access_rights` DISABLE KEYS */;
INSERT INTO `access_rights` VALUES (1,1,NULL,NULL,NULL,NULL,'2015-06-15 21:24:29','2015-06-15 21:24:29','admin'),(2,2,NULL,NULL,NULL,NULL,'2015-06-15 21:24:29','2015-06-15 21:24:29','admin'),(3,2,1,NULL,NULL,NULL,'2015-06-15 21:24:29','2015-06-15 21:24:29','customer'),(4,3,2,NULL,NULL,NULL,'2015-06-15 21:24:29','2015-06-15 21:24:29','inventory_manager'),(5,4,1,NULL,NULL,NULL,'2015-06-15 21:24:29','2015-06-15 21:24:29','inventory_manager'),(6,4,4,NULL,NULL,NULL,'2015-06-15 21:24:29','2015-06-15 21:24:29','inventory_manager'),(7,5,1,NULL,NULL,NULL,'2015-06-15 21:24:29','2015-06-15 21:24:29','lending_manager'),(8,5,2,NULL,NULL,NULL,'2015-06-15 21:24:29','2015-06-15 21:24:29','lending_manager'),(9,7,1,NULL,NULL,NULL,'2015-06-15 21:24:29','2015-06-15 21:24:29','lending_manager'),(10,7,2,NULL,NULL,NULL,'2015-06-15 21:24:29','2015-06-15 21:24:29','lending_manager'),(11,8,1,NULL,NULL,NULL,'2015-06-15 21:24:29','2015-06-15 21:24:29','customer'),(12,6,1,NULL,NULL,NULL,'2015-06-15 21:24:29','2015-06-15 21:24:29','customer'),(13,6,2,NULL,NULL,NULL,'2015-06-15 21:24:29','2015-06-15 21:24:29','customer'),(14,6,3,NULL,NULL,NULL,'2015-06-15 21:24:29','2015-06-15 21:24:29','customer'),(15,6,4,NULL,NULL,'2015-06-14','2015-06-15 21:24:29','2015-06-15 21:24:29','customer'),(16,9,1,NULL,NULL,NULL,'2015-06-15 21:24:29','2015-06-15 21:24:29','group_manager'),(17,9,2,NULL,NULL,NULL,'2015-06-15 21:24:29','2015-06-15 21:24:29','group_manager'),(18,9,3,NULL,NULL,NULL,'2015-06-15 21:24:29','2015-06-15 21:24:29','group_manager'),(19,10,1,NULL,NULL,NULL,'2015-06-15 21:24:29','2015-06-15 21:24:29','customer'),(20,11,1,NULL,NULL,NULL,'2015-06-15 21:24:29','2015-06-15 21:24:29','customer'),(21,12,1,NULL,NULL,NULL,'2015-06-15 21:24:29','2015-06-15 21:24:29','customer'),(22,13,1,NULL,NULL,NULL,'2015-06-15 21:24:29','2015-06-15 21:24:29','customer'),(23,26,1,NULL,NULL,NULL,'2015-06-15 21:24:29','2015-06-15 21:24:29','customer'),(24,27,1,NULL,NULL,NULL,'2015-06-15 21:24:29','2015-06-15 21:24:29','customer'),(25,27,2,NULL,NULL,NULL,'2015-06-15 21:24:29','2015-06-15 21:24:29','customer'),(26,29,1,NULL,NULL,NULL,'2015-06-15 21:24:29','2015-06-15 21:24:29','customer'),(27,29,5,NULL,NULL,NULL,'2015-06-15 21:24:29','2015-06-15 21:24:29','customer'),(28,29,6,NULL,NULL,NULL,'2015-06-15 21:24:29','2015-06-15 21:24:29','customer'),(29,30,1,NULL,NULL,NULL,'2015-06-15 21:24:29','2015-06-15 21:24:29','customer'),(30,23,1,NULL,NULL,NULL,'2015-06-15 21:24:29','2015-06-15 21:24:29','customer'),(31,24,1,NULL,NULL,NULL,'2015-06-15 21:24:29','2015-06-15 21:24:29','customer'),(32,14,1,NULL,NULL,NULL,'2015-06-15 21:24:29','2015-06-15 21:24:29','customer'),(33,15,1,'2015-06-15','Hic dolore impedit cupiditate delectus.',NULL,'2015-06-15 21:24:29','2015-06-15 21:24:29','customer'),(34,16,1,NULL,NULL,NULL,'2015-06-15 21:24:29','2015-06-15 21:24:29','customer'),(35,17,1,NULL,NULL,NULL,'2015-06-15 21:24:29','2015-06-15 21:24:29','customer'),(36,18,1,NULL,NULL,NULL,'2015-06-15 21:24:29','2015-06-15 21:24:29','customer'),(37,19,1,NULL,NULL,NULL,'2015-06-15 21:24:29','2015-06-15 21:24:29','customer'),(38,20,1,NULL,NULL,'2015-06-15','2015-06-15 21:24:29','2015-06-15 21:24:29','customer'),(39,21,1,NULL,NULL,NULL,'2015-06-15 21:24:29','2015-06-15 21:24:29','customer'),(40,22,1,NULL,NULL,NULL,'2015-06-15 21:24:29','2015-06-15 21:24:29','customer'),(41,31,3,NULL,NULL,NULL,'2015-06-15 21:24:29','2015-06-15 21:24:29','customer'),(42,32,1,NULL,NULL,NULL,'2015-06-15 21:24:29','2015-06-15 21:24:29','lending_manager'),(43,33,1,NULL,NULL,NULL,'2015-06-15 21:24:29','2015-06-15 21:24:29','group_manager'),(44,34,7,NULL,NULL,NULL,'2015-06-15 21:24:29','2015-06-15 21:24:29','customer'),(45,35,12,NULL,NULL,NULL,'2015-06-15 21:24:29','2015-06-15 21:24:29','customer');
/*!40000 ALTER TABLE `access_rights` ENABLE KEYS */;
UNLOCK TABLES;

--
-- Table structure for table `accessories`
--

DROP TABLE IF EXISTS `accessories`;
/*!40101 SET @saved_cs_client     = @@character_set_client */;
/*!40101 SET character_set_client = utf8 */;
CREATE TABLE `accessories` (
  `id` int(11) NOT NULL AUTO_INCREMENT,
  `model_id` int(11) DEFAULT NULL,
  `name` varchar(255) COLLATE utf8_unicode_ci DEFAULT NULL,
  `quantity` int(11) DEFAULT NULL,
  PRIMARY KEY (`id`),
  KEY `index_accessories_on_model_id` (`model_id`),
  CONSTRAINT `accessories_model_id_fk` FOREIGN KEY (`model_id`) REFERENCES `models` (`id`) ON DELETE CASCADE
) ENGINE=InnoDB AUTO_INCREMENT=228 DEFAULT CHARSET=utf8 COLLATE=utf8_unicode_ci;
/*!40101 SET character_set_client = @saved_cs_client */;

--
-- Dumping data for table `accessories`
--

LOCK TABLES `accessories` WRITE;
/*!40000 ALTER TABLE `accessories` DISABLE KEYS */;
INSERT INTO `accessories` VALUES (1,1,'Lane Trantow',NULL),(2,1,'Ludie King',NULL),(3,1,'Lelah Weber',NULL),(4,1,'Rogelio O\'Keefe V',NULL),(5,1,'Ardith Zemlak',NULL),(6,2,'Miss Carolanne Nader',NULL),(7,2,'Hulda Ortiz MD',NULL),(8,2,'Rudolph Metz',NULL),(9,2,'Katlyn Raynor',NULL),(10,3,'Dale Jones',NULL),(11,4,'Vallie Fisher V',NULL),(12,4,'Hazle Walker',NULL),(13,4,'Gerson Barrows',NULL),(14,4,'Lilliana Veum',NULL),(15,5,'Kadin Kemmer',NULL),(16,5,'Bo Kreiger',NULL),(17,5,'Santiago Steuber',NULL),(18,5,'Raul Mitchell',NULL),(19,5,'Toby Ebert MD',NULL),(20,6,'Orie Schuppe',NULL),(21,6,'Colt Jacobs',NULL),(22,6,'Aletha Davis',NULL),(23,7,'Ms. Jonas Purdy',NULL),(24,7,'Ms. Cora Rosenbaum',NULL),(25,7,'Nedra Runolfsson',NULL),(26,8,'Annalise Lakin',NULL),(27,8,'Anais Abernathy',NULL),(28,9,'Darrell Muller',NULL),(29,10,'Annette Lynch',NULL),(30,10,'Ms. Dusty Schiller',NULL),(31,10,'Arely Parisian',NULL),(32,10,'Maymie Lebsack',NULL),(33,10,'Bennie Bashirian MD',NULL),(34,11,'Mrs. Derek Bogan',NULL),(35,12,'Americo Aufderhar',NULL),(36,13,'Alanis Lynch',NULL),(37,14,'Mrs. Hester Sauer',NULL),(38,15,'Bella Heidenreich',NULL),(39,16,'German Langosh',NULL),(40,16,'Noemy Wisozk',NULL),(41,16,'Justice Littel',NULL),(42,16,'Gayle Bradtke',NULL),(43,17,'Elnora Heaney',NULL),(44,18,'Ephraim Heller',NULL),(45,18,'Bryce West PhD',NULL),(46,18,'Ava Rath',NULL),(47,18,'Mrs. Cayla Koelpin',NULL),(48,18,'Mr. Frida Legros',NULL),(49,19,'Mark Schaden',NULL),(50,19,'Vern Kautzer',NULL),(51,19,'Earnest Considine',NULL),(52,19,'Ladarius Ebert',NULL),(53,19,'Miss Kira Bogan',NULL),(54,20,'Myrtis Daugherty',NULL),(55,20,'Dean Haley',NULL),(56,21,'Camila Wilderman',NULL),(57,21,'Maximo Rolfson',NULL),(58,21,'Charles Hirthe DDS',NULL),(59,22,'Yesenia Graham',NULL),(60,22,'Gwen Macejkovic',NULL),(61,22,'Sibyl Rau',NULL),(62,23,'Leopoldo Sporer',NULL),(63,23,'Brent Anderson DDS',NULL),(64,23,'Nina Hansen',NULL),(65,23,'Maritza Schimmel',NULL),(66,23,'Gudrun Marvin',NULL),(67,24,'Rollin Kozey Sr.',NULL),(68,24,'Beau Macejkovic',NULL),(69,25,'Samantha Marquardt DDS',NULL),(70,25,'Mr. Vaughn Hills',NULL),(71,25,'Justine Ruecker DDS',NULL),(72,25,'Mckayla Lynch',NULL),(73,25,'Preston Stehr',NULL),(74,26,'Dr. Kennedy Rutherford',NULL),(75,26,'Kylee Skiles',NULL),(76,26,'Fredy Hamill',NULL),(77,26,'Janick Morissette DVM',NULL),(78,26,'Hosea Towne I',NULL),(79,27,'Clair Collins',NULL),(80,27,'Garry Boyer',NULL),(81,28,'Alyce Herman',NULL),(82,28,'Madge Huel IV',NULL),(83,29,'Dr. Ricardo Zulauf',NULL),(84,29,'Priscilla Ledner',NULL),(85,29,'Fidel Armstrong',NULL),(86,30,'Brooks Ferry',NULL),(87,30,'Addie Monahan',NULL),(88,30,'Mrs. Frank Pagac',NULL),(89,30,'Dr. Bulah Runolfsdottir',NULL),(90,30,'Amalia Russel',NULL),(91,31,'Sheridan Lebsack',NULL),(92,31,'Mr. Terrance Pagac',NULL),(93,31,'Gladyce Kertzmann',NULL),(94,31,'Nya Schmitt',NULL),(95,31,'Gussie Gibson',NULL),(96,32,'Miss Graciela Cronin',NULL),(97,32,'Green Marvin',NULL),(98,32,'Bennie Stroman',NULL),(99,32,'Jalon Schaefer MD',NULL),(100,32,'Tavares Boyer',NULL),(101,33,'Bruce Kuvalis',NULL),(102,33,'Janessa Haag',NULL),(103,34,'Twila Hilll I',NULL),(104,35,'Nella Cremin',NULL),(105,35,'Ebony Tillman',NULL),(106,35,'Osvaldo Hackett',NULL),(107,35,'Mrs. Kris Strosin',NULL),(108,36,'Margarett Weber',NULL),(109,36,'Mrs. Joy Bauch',NULL),(110,37,'Jeromy Zieme',NULL),(111,37,'Nels Cassin',NULL),(112,37,'Clare Emard',NULL),(113,37,'Linnea Kuhlman',NULL),(114,38,'Ruby Haag',NULL),(115,38,'Danielle Waelchi PhD',NULL),(116,39,'Ms. Macy McKenzie',NULL),(117,39,'Gayle Schuppe',NULL),(118,39,'Pamela Turcotte DVM',NULL),(119,39,'Kirsten Runte',NULL),(120,39,'Marilie Herman',NULL),(121,40,'Dr. Johathan Mertz',NULL),(122,40,'Ms. Josianne Flatley',NULL),(123,40,'Mr. Clementine Jacobi',NULL),(124,40,'Itzel Parker',NULL),(125,40,'Miss Queenie Larkin',NULL),(126,41,'Kayli Cole',NULL),(127,41,'Naomie Turner PhD',NULL),(128,41,'Miss Orville Wyman',NULL),(129,41,'Carole Gutkowski',NULL),(130,42,'Devante Walter',NULL),(131,42,'Mrs. Callie Beier',NULL),(132,42,'Immanuel Hettinger',NULL),(133,43,'Wanda Dicki',NULL),(134,43,'Carmel Kerluke',NULL),(135,43,'Trace O\'Kon',NULL),(136,44,'Asa Marvin',NULL),(137,45,'Vito Herman',NULL),(138,45,'Dedrick Robel',NULL),(139,46,'Donato Klein',NULL),(140,46,'Jay Emard',NULL),(141,46,'Richard Ledner',NULL),(142,46,'Adella McClure',NULL),(143,47,'Ralph Monahan',NULL),(144,47,'Garry Kuhlman',NULL),(145,47,'Ariane Simonis V',NULL),(146,47,'Miss Kristopher Kub',NULL),(147,48,'Berry Mraz',NULL),(148,48,'Harold McDermott',NULL),(149,48,'Armani Terry',NULL),(150,48,'Ramiro Buckridge',NULL),(151,49,'Miss Palma Murphy',NULL),(152,50,'Evan Ferry',NULL),(153,50,'Kendrick Cassin',NULL),(154,51,'Miss Esperanza Stoltenberg',NULL),(155,51,'Gussie Bernhard I',NULL),(156,51,'Zoe Kshlerin',NULL),(157,52,'Mrs. Devonte Morar',NULL),(158,52,'Daphney Gulgowski III',NULL),(159,52,'Jakayla Zboncak',NULL),(160,52,'Miss Hildegard King',NULL),(161,53,'Myrl Schumm',NULL),(162,53,'Eric Rau II',NULL),(163,53,'Chloe Simonis',NULL),(164,54,'Jaylon Feeney',NULL),(165,54,'Dr. Susan Crooks',NULL),(166,55,'Tyshawn Morar',NULL),(167,55,'Margarett Feil MD',NULL),(168,56,'Bret Ziemann',NULL),(169,56,'Alexzander Wisozk',NULL),(170,56,'Mrs. Ryan Schamberger',NULL),(171,56,'Cleora Bauch',NULL),(172,56,'Myles Legros IV',NULL),(173,57,'Tremayne Nikolaus',NULL),(174,57,'Kaycee Waelchi DVM',NULL),(175,58,'Jesus Jones',NULL),(176,58,'Emmanuel Morar',NULL),(177,59,'Alvis Swift',NULL),(178,59,'Brando Dickinson',NULL),(179,60,'Georgette Thompson',NULL),(180,60,'Georgette Metz',NULL),(181,60,'Rowan Metz',NULL),(182,61,'Jolie Bednar I',NULL),(183,61,'Diamond Hermann Jr.',NULL),(184,61,'Violet Heidenreich III',NULL),(185,61,'Mrs. Berry Skiles',NULL),(186,61,'Aimee Schimmel',NULL),(187,62,'Brock Vandervort IV',NULL),(188,62,'Henderson Bins IV',NULL),(189,62,'Eloise Koch IV',NULL),(190,63,'Arielle Nolan',NULL),(191,63,'Chelsey Rath',NULL),(192,63,'Ambrose Johns',NULL),(193,63,'Anahi Roberts MD',NULL),(194,64,'Dr. Gillian Jakubowski',NULL),(195,64,'Terry Kuhn',NULL),(196,65,'Olaf Prohaska MD',NULL),(197,65,'Dock Witting',NULL),(198,65,'Alycia Blick',NULL),(199,66,'Tressa Conn',NULL),(200,67,'Teagan Von',NULL),(201,67,'Betty DuBuque',NULL),(202,67,'Afton Reilly',NULL),(203,67,'Dr. Jadyn Bins',NULL),(204,67,'Joaquin Stokes',NULL),(205,68,'Jaylan Nitzsche',NULL),(206,68,'Erna Kilback',NULL),(207,68,'Nyah Sanford I',NULL),(208,69,'Leora Stark',NULL),(209,69,'Bailey Schoen',NULL),(210,69,'Caleigh Barton',NULL),(211,69,'Hillard Morissette',NULL),(212,69,'Reece Lesch',NULL),(213,70,'Ima Boyle DDS',NULL),(214,70,'Mrs. Luis Quigley',NULL),(215,70,'Mara Morissette III',NULL),(216,70,'Alvah Veum',NULL),(217,71,'Gussie Carroll',NULL),(218,71,'Edward Satterfield',NULL),(219,71,'Ewell Dickens Jr.',NULL),(220,71,'Webster Ruecker',NULL),(221,71,'Dejah Wilkinson',NULL),(222,72,'Luigi Collins',NULL),(223,72,'Veronica Metz',NULL),(224,72,'Maud Brakus',NULL),(225,72,'Brady Little',NULL),(226,72,'Elwyn Howell',NULL),(227,73,'Velda Fahey',NULL);
/*!40000 ALTER TABLE `accessories` ENABLE KEYS */;
UNLOCK TABLES;

--
-- Table structure for table `accessories_inventory_pools`
--

DROP TABLE IF EXISTS `accessories_inventory_pools`;
/*!40101 SET @saved_cs_client     = @@character_set_client */;
/*!40101 SET character_set_client = utf8 */;
CREATE TABLE `accessories_inventory_pools` (
  `accessory_id` int(11) DEFAULT NULL,
  `inventory_pool_id` int(11) DEFAULT NULL,
  UNIQUE KEY `index_accessories_inventory_pools` (`accessory_id`,`inventory_pool_id`),
  KEY `index_accessories_inventory_pools_on_inventory_pool_id` (`inventory_pool_id`),
  CONSTRAINT `accessories_inventory_pools_inventory_pool_id_fk` FOREIGN KEY (`inventory_pool_id`) REFERENCES `inventory_pools` (`id`),
  CONSTRAINT `accessories_inventory_pools_accessory_id_fk` FOREIGN KEY (`accessory_id`) REFERENCES `accessories` (`id`)
) ENGINE=InnoDB DEFAULT CHARSET=utf8 COLLATE=utf8_unicode_ci;
/*!40101 SET character_set_client = @saved_cs_client */;

--
-- Dumping data for table `accessories_inventory_pools`
--

LOCK TABLES `accessories_inventory_pools` WRITE;
/*!40000 ALTER TABLE `accessories_inventory_pools` DISABLE KEYS */;
INSERT INTO `accessories_inventory_pools` VALUES (1,1),(2,1),(3,1),(5,1),(6,1),(7,1),(10,1),(13,1),(14,1),(15,1),(17,1),(19,1),(20,1),(22,1),(24,1),(26,1),(29,1),(30,1),(31,1),(33,1),(34,1),(35,1),(37,1),(39,1),(41,1),(42,1),(44,1),(45,1),(46,1),(48,1),(49,1),(50,1),(52,1),(56,1),(59,1),(60,1),(61,1),(62,1),(63,1),(64,1),(66,1),(67,1),(68,1),(69,1),(70,1),(72,1),(82,1),(83,1),(84,1),(89,1),(92,1),(93,1),(96,1),(98,1),(99,1),(101,1),(102,1),(104,1),(105,1),(107,1),(113,1),(114,1),(116,1),(118,1),(120,1),(123,1),(124,1),(125,1),(129,1),(130,1),(131,1),(133,1),(134,1),(143,1),(144,1),(147,1),(148,1),(150,1),(152,1),(153,1),(154,1),(155,1),(156,1),(159,1),(160,1),(161,1),(164,1),(166,1),(168,1),(169,1),(172,1),(173,1),(174,1),(175,1),(179,1),(181,1),(182,1),(185,1),(186,1),(187,1),(188,1),(189,1),(190,1),(192,1),(194,1),(195,1),(200,1),(201,1),(210,1),(211,1),(223,1),(224,1),(225,1),(227,1);
/*!40000 ALTER TABLE `accessories_inventory_pools` ENABLE KEYS */;
UNLOCK TABLES;

--
-- Table structure for table `addresses`
--

DROP TABLE IF EXISTS `addresses`;
/*!40101 SET @saved_cs_client     = @@character_set_client */;
/*!40101 SET character_set_client = utf8 */;
CREATE TABLE `addresses` (
  `id` int(11) NOT NULL AUTO_INCREMENT,
  `street` varchar(255) COLLATE utf8_unicode_ci DEFAULT NULL,
  `zip_code` varchar(255) COLLATE utf8_unicode_ci DEFAULT NULL,
  `city` varchar(255) COLLATE utf8_unicode_ci DEFAULT NULL,
  `country_code` varchar(255) COLLATE utf8_unicode_ci DEFAULT NULL,
  `latitude` float DEFAULT NULL,
  `longitude` float DEFAULT NULL,
  PRIMARY KEY (`id`),
  UNIQUE KEY `index_addresses_on_street_and_zip_code_and_city_and_country_code` (`street`,`zip_code`,`city`,`country_code`)
) ENGINE=InnoDB DEFAULT CHARSET=utf8 COLLATE=utf8_unicode_ci;
/*!40101 SET character_set_client = @saved_cs_client */;

--
-- Dumping data for table `addresses`
--

LOCK TABLES `addresses` WRITE;
/*!40000 ALTER TABLE `addresses` DISABLE KEYS */;
/*!40000 ALTER TABLE `addresses` ENABLE KEYS */;
UNLOCK TABLES;

--
-- Table structure for table `attachments`
--

DROP TABLE IF EXISTS `attachments`;
/*!40101 SET @saved_cs_client     = @@character_set_client */;
/*!40101 SET character_set_client = utf8 */;
CREATE TABLE `attachments` (
  `id` int(11) NOT NULL AUTO_INCREMENT,
  `model_id` int(11) DEFAULT NULL,
  `is_main` tinyint(1) DEFAULT '0',
  `content_type` varchar(255) COLLATE utf8_unicode_ci DEFAULT NULL,
  `filename` varchar(255) COLLATE utf8_unicode_ci DEFAULT NULL,
  `size` int(11) DEFAULT NULL,
  PRIMARY KEY (`id`),
  KEY `index_attachments_on_model_id` (`model_id`),
  CONSTRAINT `attachments_model_id_fk` FOREIGN KEY (`model_id`) REFERENCES `models` (`id`) ON DELETE CASCADE
) ENGINE=InnoDB AUTO_INCREMENT=7 DEFAULT CHARSET=utf8 COLLATE=utf8_unicode_ci;
/*!40101 SET character_set_client = @saved_cs_client */;

--
-- Dumping data for table `attachments`
--

LOCK TABLES `attachments` WRITE;
/*!40000 ALTER TABLE `attachments` DISABLE KEYS */;
INSERT INTO `attachments` VALUES (1,16,0,'image/jpeg','facilis',NULL),(2,17,0,'image/jpeg','sed',NULL),(3,74,0,'image/jpeg','enim',NULL),(4,74,0,'image/jpeg','inventore',NULL),(5,75,0,'image/jpeg','sed',NULL),(6,75,0,'image/jpeg','eveniet',NULL);
/*!40000 ALTER TABLE `attachments` ENABLE KEYS */;
UNLOCK TABLES;

--
-- Table structure for table `authentication_systems`
--

DROP TABLE IF EXISTS `authentication_systems`;
/*!40101 SET @saved_cs_client     = @@character_set_client */;
/*!40101 SET character_set_client = utf8 */;
CREATE TABLE `authentication_systems` (
  `id` int(11) NOT NULL AUTO_INCREMENT,
  `name` varchar(255) COLLATE utf8_unicode_ci DEFAULT NULL,
  `class_name` varchar(255) COLLATE utf8_unicode_ci DEFAULT NULL,
  `is_default` tinyint(1) DEFAULT '0',
  `is_active` tinyint(1) DEFAULT '0',
  PRIMARY KEY (`id`)
) ENGINE=InnoDB AUTO_INCREMENT=4 DEFAULT CHARSET=utf8 COLLATE=utf8_unicode_ci;
/*!40101 SET character_set_client = @saved_cs_client */;

--
-- Dumping data for table `authentication_systems`
--

LOCK TABLES `authentication_systems` WRITE;
/*!40000 ALTER TABLE `authentication_systems` DISABLE KEYS */;
INSERT INTO `authentication_systems` VALUES (1,'Database Authentication','DatabaseAuthentication',1,1),(2,'LDAP Authentication','LdapAuthentication',0,0),(3,'ZHDK Authentication','Zhdk',0,0);
/*!40000 ALTER TABLE `authentication_systems` ENABLE KEYS */;
UNLOCK TABLES;

--
-- Table structure for table `buildings`
--

DROP TABLE IF EXISTS `buildings`;
/*!40101 SET @saved_cs_client     = @@character_set_client */;
/*!40101 SET character_set_client = utf8 */;
CREATE TABLE `buildings` (
  `id` int(11) NOT NULL AUTO_INCREMENT,
  `name` varchar(255) COLLATE utf8_unicode_ci DEFAULT NULL,
  `code` varchar(255) COLLATE utf8_unicode_ci DEFAULT NULL,
  PRIMARY KEY (`id`)
) ENGINE=InnoDB AUTO_INCREMENT=182 DEFAULT CHARSET=utf8 COLLATE=utf8_unicode_ci;
/*!40101 SET character_set_client = @saved_cs_client */;

--
-- Dumping data for table `buildings`
--

LOCK TABLES `buildings` WRITE;
/*!40000 ALTER TABLE `buildings` DISABLE KEYS */;
INSERT INTO `buildings` VALUES (1,'Ausstellungsstrasse 60','AU60'),(2,'Sedofficiisest','dol'),(3,'Utquirerum','qui'),(4,'Aipsavoluptates','omn'),(5,'Voluptateetconsequatur','fug'),(6,'Porromolestiaetotam','nih'),(7,'Etnesciuntexcepturi','ass'),(8,'Esseatqueiure','qui'),(9,'Temporibusdelenitilabore','asp'),(10,'Cumqueabdolores','per'),(11,'Quasquiearum','exp'),(12,'Rationeabaut','ver'),(13,'Optiofacilisaperiam','vol'),(14,'Modiremlaudantium','ips'),(15,'Evenietquaeratdolorem','mod'),(16,'Eaqueasperioresvoluptatibus','aut'),(17,'Reiciendiscummolestiae','eaq'),(18,'Vitaerecusandaemolestias','qui'),(19,'Enimdolorematque','qui'),(20,'Animireprehenderitrem','afu'),(21,'Exinatque','ina'),(22,'Estipsain','eos'),(23,'Laborumetab','tot'),(24,'Doloremetut','etp'),(25,'Quisimpeditodit','fug'),(26,'Quiaquibusdamoccaecati','qui'),(27,'Voluptatibusvoluptatemconsectetur','com'),(28,'Quimaximeminus','ape'),(29,'Quasexplicaboin','exp'),(30,'Possimusdebitisblanditiis','acc'),(31,'Sedvoluptasquod','vel'),(32,'Autteneturdolorem','fug'),(33,'Fugitquiprovident','aut'),(34,'Sedquasiqui','nec'),(35,'Molestiaedeseruntquam','dol'),(36,'Quisedeos','aut'),(37,'Attemporaratione','bla'),(38,'Dolorumquoperspiciatis','vol'),(39,'Doloremvoluptatumeaque','con'),(40,'Autconsequunturnon','utq'),(41,'Estetanimi','utq'),(42,'Omnisdebitisquia','vol'),(43,'Optionihilqui','etq'),(44,'Nullaatut','ali'),(45,'Sedetsed','ida'),(46,'Utreprehenderitsint','etq'),(47,'Quiaeligendiquos','lab'),(48,'Officiaeterror','qui'),(49,'Omnistemporeiure','pra'),(50,'Reiciendisomnisplaceat','rer'),(51,'Aperiamnesciuntaut','tem'),(52,'Autquoconsequatur','nih'),(53,'Doloreaquefugit','cul'),(54,'Evenietautearum','qui'),(55,'Remarchitectosint','inv'),(56,'Nullaitaquelaudantium','rem'),(57,'Iurenostrummolestiae','cul'),(58,'Distinctiovoluptasvoluptas','per'),(59,'Autdelectusiure','dol'),(60,'Velitvoluptatibusmollitia','fug'),(61,'Corporisestaspernatur','asp'),(62,'Officiarecusandaesed','vol'),(63,'Utnihilmolestiae','con'),(64,'Rerumutitaque','atq'),(65,'Quiasperioresmodi','nam'),(66,'Autemmolestiasrerum','por'),(67,'Tenetursuscipitnon','dol'),(68,'Cumquedolorumreiciendis','aut'),(69,'Verodoloremquequaerat','pla'),(70,'Similiqueconsequunturdolores','qui'),(71,'Inestfugit','ets'),(72,'Veritatisdignissimosenim','sin'),(73,'Sedofficiaut','vol'),(74,'Suscipitquiaut','ino'),(75,'Autemmolestiaererum','pos'),(76,'Aliasimpeditrepudiandae','qua'),(77,'Corporistemporamaxime','mol'),(78,'Pariaturestest','exe'),(79,'Automnisut','max'),(80,'Voluptasexcepturialiquid','lab'),(81,'Sitfugitadipisci','ass'),(82,'Autminimaquia','cul'),(83,'Rationeeumvoluptas','est'),(84,'Etquaeex','acc'),(85,'Auterrorillum','rer'),(86,'Temporibusnumquamest','aut'),(87,'Possimusexercitationemdolorum','por'),(88,'Atquevoluptaset','ess'),(89,'Suscipitnihilquos','ips'),(90,'Abetquas','ear'),(91,'Nequesequidicta','sun'),(92,'Cupiditateametnesciunt','dol'),(93,'Autrerumerror','qui'),(94,'Perspiciatispraesentiumsequi','ips'),(95,'Ullamaliquamet','cum'),(96,'Porroreprehenderiteos','per'),(97,'Temporibussitqui','vol'),(98,'Voluptasestdolores','rep'),(99,'Omnisetquia','odi'),(100,'Sitdoloresratione','ius'),(101,'Estetaccusantium','ali'),(102,'Quisintrepellendus','aut'),(103,'Estprovidenthic','dic'),(104,'Aliasmodiamet','pos'),(105,'Magnieligendiquidem','fug'),(106,'Repellendusvoluptateset','cup'),(107,'Quiaofficiisiusto','ids'),(108,'Sedrerumpossimus','sit'),(109,'Inventorequopariatur','est'),(110,'Delectussequiaut','rer'),(111,'Voluptatemvitaeprovident','vol'),(112,'Utfacilisrerum','vel'),(113,'Pariaturnumquamenim','nec'),(114,'Providentmaioreset','ali'),(115,'Quiexpeditavero','vol'),(116,'Explicaboaliasofficiis','par'),(117,'Temporibusathic','sap'),(118,'Dictaveldelectus','acc'),(119,'Fugiatsedinventore','qui'),(120,'Autmaioresasperiores','vel'),(121,'Veldolorodit','tem'),(122,'Molestiaequiunde','dol'),(123,'Exercitationemautet','non'),(124,'Commodiconsequaturquo','est'),(125,'Doloreseaquequam','dol'),(126,'Laborumvoluptasfuga','qua'),(127,'Voluptateaccusantiumfuga','vel'),(128,'Quiveniamtempora','inv'),(129,'Verocupiditatenihil','ape'),(130,'Explicaboomnisautem','dol'),(131,'Laboriosamquasvoluptate','qui'),(132,'Sedipsamut','eni'),(133,'Veniampossimusearum','ada'),(134,'Nequeipsalaboriosam','sin'),(135,'Etetqui','atq'),(136,'Hicautemitaque','qua'),(137,'Sintsequilibero','neq'),(138,'Praesentiumquasquisquam','vol'),(139,'Velitipsanon','con'),(140,'Autistesed','ute'),(141,'Quisquaecorporis','occ'),(142,'Laborenisioptio','sim'),(143,'Nemofugiatvoluptate','ali'),(144,'Corruptivoluptasamet','est'),(145,'Veniamdoloremquecupiditate','dol'),(146,'Modiidet','des'),(147,'Sitaccusantiumlaboriosam','neq'),(148,'Estillodoloremque','exp'),(149,'Velmolestiasut','exp'),(150,'Utquisdolorem','exp'),(151,'Nisinesciuntveritatis','des'),(152,'Etillomolestiae','vel'),(153,'Blanditiisquodneque','vel'),(154,'Modisinttempora','rer'),(155,'Corporisminusquisquam','atq'),(156,'Suscipitsimiliquevero','qui'),(157,'Eumutet','sae'),(158,'Eumdoloribussit','aut'),(159,'Totamsedexcepturi','ist'),(160,'Autquiadipisci','inv'),(161,'Hicrepellendussimilique','vel'),(162,'Illumsitvoluptatibus','del'),(163,'Voluptassolutafacilis','eta'),(164,'Autlaboriosamerror','atq'),(165,'Totamharumomnis','mai'),(166,'Nequeminusiure','ass'),(167,'Voluptasadqui','rep'),(168,'Dolorumestratione','uta'),(169,'Dolorescommodiest','ven'),(170,'Maximeasperioresoccaecati','per'),(171,'Placeatdoloremqueconsequatur','sap'),(172,'Remtemporibusmagnam','adi'),(173,'Aperiamutmagni','ear'),(174,'Quiomnissint','bea'),(175,'Laudantiumpossimusnostrum','eae'),(176,'Adnecessitatibusdolores','vel'),(177,'Etomnisipsum','eni'),(178,'Excepturinonnumquam','sed'),(179,'Perspiciatisoccaecatifugit','ame'),(180,'Possimustemporeut','con'),(181,'Architectosedaliquam','quo');
/*!40000 ALTER TABLE `buildings` ENABLE KEYS */;
UNLOCK TABLES;

--
-- Table structure for table `contract_lines`
--

DROP TABLE IF EXISTS `contract_lines`;
/*!40101 SET @saved_cs_client     = @@character_set_client */;
/*!40101 SET character_set_client = utf8 */;
CREATE TABLE `contract_lines` (
  `id` int(11) NOT NULL AUTO_INCREMENT,
  `contract_id` int(11) DEFAULT NULL,
  `type` varchar(255) COLLATE utf8_unicode_ci NOT NULL DEFAULT 'ItemLine',
  `item_id` int(11) DEFAULT NULL,
  `model_id` int(11) DEFAULT NULL,
  `quantity` int(11) DEFAULT '1',
  `start_date` date DEFAULT NULL,
  `end_date` date DEFAULT NULL,
  `returned_date` date DEFAULT NULL,
  `option_id` int(11) DEFAULT NULL,
  `purpose_id` int(11) DEFAULT NULL,
  `returned_to_user_id` int(11) DEFAULT NULL,
  `created_at` datetime DEFAULT NULL,
  `updated_at` datetime DEFAULT NULL,
  PRIMARY KEY (`id`),
  KEY `index_contract_lines_on_start_date` (`start_date`),
  KEY `index_contract_lines_on_end_date` (`end_date`),
  KEY `index_contract_lines_on_option_id` (`option_id`),
  KEY `index_contract_lines_on_contract_id` (`contract_id`),
  KEY `index_contract_lines_on_item_id` (`item_id`),
  KEY `index_contract_lines_on_model_id` (`model_id`),
  KEY `index_contract_lines_on_returned_date_and_contract_id` (`returned_date`,`contract_id`),
  KEY `index_contract_lines_on_type_and_contract_id` (`type`,`contract_id`),
  KEY `contract_lines_purpose_id_fk` (`purpose_id`),
  KEY `contract_lines_returned_to_user_id_fk` (`returned_to_user_id`),
  CONSTRAINT `contract_lines_returned_to_user_id_fk` FOREIGN KEY (`returned_to_user_id`) REFERENCES `users` (`id`),
  CONSTRAINT `contract_lines_contract_id_fk` FOREIGN KEY (`contract_id`) REFERENCES `contracts` (`id`) ON DELETE CASCADE,
  CONSTRAINT `contract_lines_item_id_fk` FOREIGN KEY (`item_id`) REFERENCES `items` (`id`),
  CONSTRAINT `contract_lines_model_id_fk` FOREIGN KEY (`model_id`) REFERENCES `models` (`id`),
  CONSTRAINT `contract_lines_option_id_fk` FOREIGN KEY (`option_id`) REFERENCES `options` (`id`),
  CONSTRAINT `contract_lines_purpose_id_fk` FOREIGN KEY (`purpose_id`) REFERENCES `purposes` (`id`)
) ENGINE=InnoDB AUTO_INCREMENT=190 DEFAULT CHARSET=utf8 COLLATE=utf8_unicode_ci;
/*!40101 SET character_set_client = @saved_cs_client */;

--
-- Dumping data for table `contract_lines`
--

LOCK TABLES `contract_lines` WRITE;
/*!40000 ALTER TABLE `contract_lines` DISABLE KEYS */;
INSERT INTO `contract_lines` VALUES (1,1,'ItemLine',NULL,110,1,'2015-06-15','2015-06-15',NULL,NULL,NULL,NULL,'2015-06-15 21:24:29','2015-06-15 21:24:29'),(2,1,'ItemLine',NULL,114,1,'2015-06-15','2015-06-15',NULL,NULL,NULL,NULL,'2015-06-15 21:24:29','2015-06-15 21:24:29'),(3,1,'ItemLine',NULL,118,1,'2015-06-15','2015-06-15',NULL,NULL,NULL,NULL,'2015-06-15 21:24:29','2015-06-15 21:24:29'),(4,1,'ItemLine',NULL,122,1,'2015-06-15','2015-06-15',NULL,NULL,NULL,NULL,'2015-06-15 21:24:29','2015-06-15 21:24:29'),(5,1,'ItemLine',NULL,126,1,'2015-06-15','2015-06-15',NULL,NULL,NULL,NULL,'2015-06-15 21:24:29','2015-06-15 21:24:29'),(6,1,'ItemLine',NULL,130,1,'2015-06-15','2015-06-15',NULL,NULL,NULL,NULL,'2015-06-15 21:24:29','2015-06-15 21:24:29'),(7,2,'ItemLine',NULL,82,1,'2015-06-15','2015-06-15',NULL,NULL,NULL,NULL,'2015-06-15 21:24:29','2015-06-15 21:24:29'),(8,2,'ItemLine',NULL,87,1,'2015-06-15','2015-06-15',NULL,NULL,NULL,NULL,'2015-06-15 21:24:29','2015-06-15 21:24:29'),(9,2,'ItemLine',NULL,2,1,'2015-06-15','2015-06-15',NULL,NULL,NULL,NULL,'2015-06-15 21:24:29','2015-06-15 21:24:29'),(10,2,'ItemLine',NULL,1,1,'2015-06-15','2015-06-15',NULL,NULL,NULL,NULL,'2015-06-15 21:24:29','2015-06-15 21:24:29'),(11,3,'ItemLine',NULL,8,1,'2015-06-22','2015-06-25',NULL,NULL,1,NULL,'2015-06-15 21:24:29','2015-06-15 21:24:29'),(12,3,'ItemLine',NULL,8,1,'2015-06-22','2015-06-25',NULL,NULL,1,NULL,'2015-06-15 21:24:29','2015-06-15 21:24:29'),(13,3,'ItemLine',NULL,8,1,'2015-06-22','2015-06-25',NULL,NULL,1,NULL,'2015-06-15 21:24:29','2015-06-15 21:24:29'),(14,3,'ItemLine',NULL,8,1,'2015-06-22','2015-06-25',NULL,NULL,1,NULL,'2015-06-15 21:24:29','2015-06-15 21:24:29'),(15,3,'ItemLine',NULL,8,1,'2015-06-22','2015-06-25',NULL,NULL,1,NULL,'2015-06-15 21:24:29','2015-06-15 21:24:29'),(16,3,'ItemLine',NULL,9,1,'2015-06-22','2015-06-25',NULL,NULL,2,NULL,'2015-06-15 21:24:29','2015-06-15 21:24:29'),(17,3,'ItemLine',NULL,9,1,'2015-06-22','2015-06-25',NULL,NULL,2,NULL,'2015-06-15 21:24:29','2015-06-15 21:24:29'),(18,3,'ItemLine',NULL,9,1,'2015-06-22','2015-06-25',NULL,NULL,2,NULL,'2015-06-15 21:24:29','2015-06-15 21:24:29'),(19,4,'ItemLine',NULL,22,1,'2015-06-15','2015-06-16',NULL,NULL,3,NULL,'2015-06-15 21:24:29','2015-06-15 21:24:29'),(20,5,'ItemLine',NULL,4,1,'2015-06-15','2015-06-15',NULL,NULL,4,NULL,'2015-06-15 21:24:29','2015-06-15 21:24:29'),(21,5,'ItemLine',NULL,134,1,'2015-06-15','2015-06-15',NULL,NULL,4,NULL,'2015-06-15 21:24:29','2015-06-15 21:24:29'),(22,5,'ItemLine',NULL,138,1,'2015-06-15','2015-06-15',NULL,NULL,4,NULL,'2015-06-15 21:24:29','2015-06-15 21:24:29'),(23,6,'ItemLine',NULL,5,1,'2015-06-15','2015-06-15',NULL,NULL,5,NULL,'2015-06-15 21:24:29','2015-06-15 21:24:29'),(24,6,'ItemLine',NULL,66,1,'2015-06-15','2015-06-15',NULL,NULL,5,NULL,'2015-06-15 21:24:29','2015-06-15 21:24:29'),(25,6,'ItemLine',NULL,87,1,'2015-06-15','2015-06-15',NULL,NULL,5,NULL,'2015-06-15 21:24:29','2015-06-15 21:24:29'),(26,6,'ItemLine',NULL,43,1,'2015-06-15','2015-06-15',NULL,NULL,5,NULL,'2015-06-15 21:24:29','2015-06-15 21:24:29'),(27,6,'ItemLine',NULL,3,1,'2015-06-15','2015-06-15',NULL,NULL,5,NULL,'2015-06-15 21:24:29','2015-06-15 21:24:29'),(28,6,'ItemLine',NULL,76,1,'2015-06-15','2015-06-15',NULL,NULL,5,NULL,'2015-06-15 21:24:29','2015-06-15 21:24:29'),(29,7,'ItemLine',NULL,142,1,'2015-06-15','2015-06-15',NULL,NULL,6,NULL,'2015-06-15 21:24:29','2015-06-15 21:24:29'),(30,7,'ItemLine',NULL,146,1,'2015-06-15','2015-06-15',NULL,NULL,6,NULL,'2015-06-15 21:24:29','2015-06-15 21:24:29'),(31,7,'ItemLine',NULL,150,1,'2015-06-15','2015-06-15',NULL,NULL,6,NULL,'2015-06-15 21:24:29','2015-06-15 21:24:29'),(32,7,'ItemLine',NULL,154,1,'2015-06-15','2015-06-15',NULL,NULL,6,NULL,'2015-06-15 21:24:29','2015-06-15 21:24:29'),(33,8,'ItemLine',NULL,79,1,'2015-06-15','2015-06-15',NULL,NULL,7,NULL,'2015-06-15 21:24:29','2015-06-15 21:24:29'),(34,8,'ItemLine',NULL,4,1,'2015-06-15','2015-06-15',NULL,NULL,7,NULL,'2015-06-15 21:24:29','2015-06-15 21:24:29'),(35,8,'ItemLine',NULL,158,1,'2015-06-15','2015-06-15',NULL,NULL,7,NULL,'2015-06-15 21:24:29','2015-06-15 21:24:29'),(36,8,'ItemLine',NULL,162,1,'2015-06-15','2015-06-15',NULL,NULL,7,NULL,'2015-06-15 21:24:29','2015-06-15 21:24:29'),(37,8,'ItemLine',NULL,166,1,'2015-06-15','2015-06-15',NULL,NULL,7,NULL,'2015-06-15 21:24:29','2015-06-15 21:24:29'),(38,8,'ItemLine',NULL,170,1,'2015-06-15','2015-06-15',NULL,NULL,7,NULL,'2015-06-15 21:24:29','2015-06-15 21:24:29'),(39,9,'ItemLine',NULL,174,1,'2015-06-15','2015-06-15',NULL,NULL,8,NULL,'2015-06-13 21:24:29','2015-06-13 21:24:29'),(40,9,'ItemLine',NULL,175,1,'2015-06-15','2015-06-15',NULL,NULL,8,NULL,'2015-06-13 21:24:29','2015-06-13 21:24:29'),(41,9,'ItemLine',NULL,176,1,'2015-06-15','2015-06-15',NULL,NULL,8,NULL,'2015-06-13 21:24:29','2015-06-13 21:24:29'),(42,9,'ItemLine',NULL,19,1,'2015-06-15','2015-06-15',NULL,NULL,9,NULL,'2015-06-13 21:24:29','2015-06-13 21:24:29'),(43,10,'ItemLine',NULL,177,1,'2015-06-15','2015-06-15',NULL,NULL,10,NULL,'2015-06-15 21:24:29','2015-06-15 21:24:29'),(44,10,'ItemLine',NULL,178,1,'2015-06-15','2015-06-15',NULL,NULL,10,NULL,'2015-06-15 21:24:29','2015-06-15 21:24:29'),(45,10,'ItemLine',NULL,179,1,'2015-06-15','2015-06-15',NULL,NULL,10,NULL,'2015-06-15 21:24:29','2015-06-15 21:24:29'),(46,10,'ItemLine',NULL,21,1,'2015-06-15','2015-06-15',NULL,NULL,11,NULL,'2015-06-15 21:24:29','2015-06-15 21:24:29'),(47,11,'ItemLine',NULL,180,1,'2015-06-15','2015-06-15',NULL,NULL,12,NULL,'2015-06-15 21:24:29','2015-06-15 21:24:29'),(48,11,'ItemLine',NULL,181,1,'2015-06-15','2015-06-15',NULL,NULL,12,NULL,'2015-06-15 21:24:29','2015-06-15 21:24:29'),(49,11,'ItemLine',NULL,182,1,'2015-06-15','2015-06-15',NULL,NULL,12,NULL,'2015-06-15 21:24:29','2015-06-15 21:24:29'),(50,11,'ItemLine',NULL,183,1,'2015-06-15','2015-06-15',NULL,NULL,12,NULL,'2015-06-15 21:24:29','2015-06-15 21:24:29'),(51,11,'ItemLine',NULL,184,1,'2015-06-15','2015-06-15',NULL,NULL,12,NULL,'2015-06-15 21:24:29','2015-06-15 21:24:29'),(52,12,'ItemLine',NULL,185,1,'2015-06-15','2015-06-15',NULL,NULL,13,NULL,'2015-06-15 21:24:29','2015-06-15 21:24:29'),(53,12,'ItemLine',NULL,186,1,'2015-06-15','2015-06-15',NULL,NULL,13,NULL,'2015-06-15 21:24:29','2015-06-15 21:24:29'),(54,12,'ItemLine',NULL,187,1,'2015-06-15','2015-06-15',NULL,NULL,13,NULL,'2015-06-15 21:24:29','2015-06-15 21:24:29'),(55,12,'ItemLine',NULL,188,1,'2015-06-15','2015-06-15',NULL,NULL,13,NULL,'2015-06-15 21:24:29','2015-06-15 21:24:29'),(56,13,'ItemLine',NULL,189,1,'2015-06-15','2015-06-15',NULL,NULL,14,NULL,'2015-06-15 21:24:29','2015-06-15 21:24:29'),(57,13,'ItemLine',NULL,190,1,'2015-06-15','2015-06-15',NULL,NULL,14,NULL,'2015-06-15 21:24:29','2015-06-15 21:24:29'),(58,13,'ItemLine',NULL,191,1,'2015-06-15','2015-06-15',NULL,NULL,14,NULL,'2015-06-15 21:24:29','2015-06-15 21:24:29'),(59,14,'ItemLine',NULL,192,1,'2015-06-10','2015-06-10',NULL,NULL,15,NULL,'2015-06-10 21:24:29','2015-06-10 21:24:29'),(60,14,'ItemLine',NULL,193,1,'2015-06-10','2015-06-10',NULL,NULL,15,NULL,'2015-06-10 21:24:29','2015-06-10 21:24:29'),(61,14,'ItemLine',NULL,194,1,'2015-06-10','2015-06-10',NULL,NULL,15,NULL,'2015-06-10 21:24:29','2015-06-10 21:24:29'),(62,14,'ItemLine',NULL,195,1,'2015-06-10','2015-06-10',NULL,NULL,15,NULL,'2015-06-10 21:24:29','2015-06-10 21:24:29'),(63,14,'ItemLine',NULL,196,1,'2015-06-10','2015-06-10',NULL,NULL,15,NULL,'2015-06-10 21:24:29','2015-06-10 21:24:29'),(64,14,'ItemLine',NULL,20,1,'2015-06-10','2015-06-10',NULL,NULL,16,NULL,'2015-06-10 21:24:29','2015-06-10 21:24:29'),(65,14,'ItemLine',NULL,20,1,'2015-06-10','2015-06-10',NULL,NULL,16,NULL,'2015-06-10 21:24:29','2015-06-10 21:24:29'),(66,15,'ItemLine',NULL,197,1,'2015-06-10','2015-06-10',NULL,NULL,17,NULL,'2015-06-10 21:24:29','2015-06-10 21:24:29'),(67,15,'ItemLine',NULL,198,1,'2015-06-10','2015-06-10',NULL,NULL,17,NULL,'2015-06-10 21:24:29','2015-06-10 21:24:29'),(68,15,'ItemLine',NULL,199,1,'2015-06-10','2015-06-10',NULL,NULL,17,NULL,'2015-06-10 21:24:29','2015-06-10 21:24:29'),(69,15,'ItemLine',NULL,200,1,'2015-06-10','2015-06-10',NULL,NULL,17,NULL,'2015-06-10 21:24:29','2015-06-10 21:24:29'),(70,15,'ItemLine',NULL,201,1,'2015-06-10','2015-06-10',NULL,NULL,17,NULL,'2015-06-10 21:24:29','2015-06-10 21:24:29'),(71,16,'ItemLine',NULL,8,1,'2015-06-22','2015-06-25',NULL,NULL,18,NULL,'2015-06-15 21:24:29','2015-06-15 21:24:29'),(72,16,'ItemLine',NULL,9,1,'2015-06-22','2015-06-25',NULL,NULL,19,NULL,'2015-06-15 21:24:29','2015-06-15 21:24:29'),(73,16,'ItemLine',NULL,9,1,'2015-06-23','2015-06-26',NULL,NULL,20,NULL,'2015-06-15 21:24:29','2015-06-15 21:24:29'),(74,17,'ItemLine',NULL,6,1,'2015-06-15','2015-06-16',NULL,NULL,21,NULL,'2015-06-15 21:24:29','2015-06-15 21:24:29'),(75,18,'ItemLine',NULL,202,1,'2015-06-15','2015-06-15',NULL,NULL,22,NULL,'2015-06-15 21:24:29','2015-06-15 21:24:29'),(76,18,'ItemLine',NULL,206,1,'2015-06-15','2015-06-15',NULL,NULL,22,NULL,'2015-06-15 21:24:29','2015-06-15 21:24:29'),(77,18,'ItemLine',NULL,210,1,'2015-06-15','2015-06-15',NULL,NULL,22,NULL,'2015-06-15 21:24:29','2015-06-15 21:24:29'),(78,19,'ItemLine',220,214,1,'2015-06-15','2015-06-15',NULL,NULL,23,NULL,'2015-06-15 21:24:29','2015-06-15 21:24:29'),(79,19,'ItemLine',221,215,1,'2015-06-15','2015-06-15',NULL,NULL,23,NULL,'2015-06-15 21:24:29','2015-06-15 21:24:29'),(80,19,'ItemLine',222,216,1,'2015-06-15','2015-06-15',NULL,NULL,23,NULL,'2015-06-15 21:24:29','2015-06-15 21:24:29'),(81,19,'ItemLine',223,217,1,'2015-06-15','2015-06-15',NULL,NULL,23,NULL,'2015-06-15 21:24:29','2015-06-15 21:24:29'),(82,19,'ItemLine',224,218,1,'2015-06-15','2015-06-15',NULL,NULL,23,NULL,'2015-06-15 21:24:29','2015-06-15 21:24:29'),(83,19,'ItemLine',225,219,1,'2015-06-15','2015-06-15',NULL,NULL,23,NULL,'2015-06-15 21:24:29','2015-06-15 21:24:29'),(84,19,'ItemLine',226,220,1,'2015-06-15','2015-06-15',NULL,NULL,23,NULL,'2015-06-15 21:24:29','2015-06-15 21:24:29'),(85,19,'ItemLine',227,221,1,'2015-06-15','2015-06-15',NULL,NULL,23,NULL,'2015-06-15 21:24:29','2015-06-15 21:24:29'),(86,19,'ItemLine',228,222,1,'2015-06-15','2015-06-15',NULL,NULL,23,NULL,'2015-06-15 21:24:29','2015-06-15 21:24:29'),(87,19,'ItemLine',229,223,1,'2015-06-15','2015-06-15',NULL,NULL,23,NULL,'2015-06-15 21:24:29','2015-06-15 21:24:29'),(88,19,'ItemLine',230,224,1,'2015-06-15','2015-06-15',NULL,NULL,23,NULL,'2015-06-15 21:24:29','2015-06-15 21:24:29'),(89,19,'ItemLine',231,225,1,'2015-06-15','2015-06-15',NULL,NULL,23,NULL,'2015-06-15 21:24:29','2015-06-15 21:24:29'),(90,19,'ItemLine',232,226,1,'2015-06-15','2015-06-15',NULL,NULL,23,NULL,'2015-06-15 21:24:29','2015-06-15 21:24:29'),(91,19,'ItemLine',233,227,1,'2015-06-15','2015-06-15',NULL,NULL,23,NULL,'2015-06-15 21:24:29','2015-06-15 21:24:29'),(92,19,'ItemLine',234,228,1,'2015-06-15','2015-06-15',NULL,NULL,23,NULL,'2015-06-15 21:24:29','2015-06-15 21:24:29'),(93,19,'ItemLine',235,229,1,'2015-06-15','2015-06-15',NULL,NULL,23,NULL,'2015-06-15 21:24:29','2015-06-15 21:24:29'),(94,19,'ItemLine',236,230,1,'2015-06-15','2015-06-15',NULL,NULL,23,NULL,'2015-06-15 21:24:29','2015-06-15 21:24:29'),(95,19,'ItemLine',237,231,1,'2015-06-15','2015-06-15',NULL,NULL,23,NULL,'2015-06-15 21:24:29','2015-06-15 21:24:29'),(96,19,'ItemLine',238,232,1,'2015-06-15','2015-06-15',NULL,NULL,23,NULL,'2015-06-15 21:24:29','2015-06-15 21:24:29'),(97,19,'ItemLine',239,233,1,'2015-06-15','2015-06-15',NULL,NULL,23,NULL,'2015-06-15 21:24:29','2015-06-15 21:24:29'),(98,19,'ItemLine',240,234,1,'2015-06-15','2015-06-15',NULL,NULL,23,NULL,'2015-06-15 21:24:29','2015-06-15 21:24:29'),(99,19,'ItemLine',241,235,1,'2015-06-15','2015-06-15',NULL,NULL,23,NULL,'2015-06-15 21:24:29','2015-06-15 21:24:29'),(100,19,'ItemLine',242,236,1,'2015-06-15','2015-06-15',NULL,NULL,23,NULL,'2015-06-15 21:24:29','2015-06-15 21:24:29'),(101,19,'ItemLine',243,237,1,'2015-06-15','2015-06-15',NULL,NULL,23,NULL,'2015-06-15 21:24:29','2015-06-15 21:24:29'),(102,19,'ItemLine',244,238,1,'2015-06-15','2015-06-15',NULL,NULL,23,NULL,'2015-06-15 21:24:29','2015-06-15 21:24:29'),(103,19,'ItemLine',245,239,1,'2015-06-15','2015-06-15',NULL,NULL,23,NULL,'2015-06-15 21:24:29','2015-06-15 21:24:29'),(104,19,'ItemLine',246,240,1,'2015-06-15','2015-06-15',NULL,NULL,23,NULL,'2015-06-15 21:24:29','2015-06-15 21:24:29'),(105,19,'ItemLine',247,241,1,'2015-06-15','2015-06-15',NULL,NULL,23,NULL,'2015-06-15 21:24:29','2015-06-15 21:24:29'),(106,19,'ItemLine',248,242,1,'2015-06-15','2015-06-15',NULL,NULL,23,NULL,'2015-06-15 21:24:29','2015-06-15 21:24:29'),(107,19,'ItemLine',249,243,1,'2015-06-15','2015-06-15',NULL,NULL,23,NULL,'2015-06-15 21:24:29','2015-06-15 21:24:29'),(108,19,'ItemLine',250,244,1,'2015-06-15','2015-06-15',NULL,NULL,23,NULL,'2015-06-15 21:24:29','2015-06-15 21:24:29'),(109,19,'ItemLine',NULL,245,1,'2015-06-15','2015-06-15',NULL,NULL,24,NULL,'2015-06-15 21:24:29','2015-06-15 21:24:29'),(110,20,'ItemLine',NULL,246,1,'2015-06-12','2015-06-12',NULL,NULL,25,NULL,'2015-06-12 21:24:29','2015-06-12 21:24:29'),(111,20,'ItemLine',NULL,247,1,'2015-06-12','2015-06-12',NULL,NULL,25,NULL,'2015-06-12 21:24:29','2015-06-12 21:24:29'),(112,20,'ItemLine',NULL,248,1,'2015-06-12','2015-06-12',NULL,NULL,25,NULL,'2015-06-12 21:24:29','2015-06-12 21:24:29'),(113,20,'ItemLine',NULL,249,1,'2015-06-12','2015-06-12',NULL,NULL,25,NULL,'2015-06-12 21:24:29','2015-06-12 21:24:29'),(114,20,'ItemLine',NULL,19,1,'2015-06-12','2015-06-12',NULL,NULL,26,NULL,'2015-06-12 21:24:29','2015-06-12 21:24:29'),(115,21,'ItemLine',88,19,1,'2015-01-15','2015-01-15','2015-01-15',NULL,27,NULL,'2015-01-15 22:24:29','2015-01-15 22:24:29'),(116,22,'ItemLine',256,250,1,'2015-06-15','2015-06-15',NULL,NULL,28,NULL,'2015-06-15 21:24:29','2015-06-15 21:24:29'),(117,22,'OptionLine',NULL,NULL,2,'2015-06-15','2015-06-15',NULL,5,29,NULL,'2015-06-15 21:24:29','2015-06-15 21:24:29'),(118,23,'OptionLine',NULL,NULL,2,'2015-06-15','2015-06-15',NULL,4,30,NULL,'2015-06-15 21:24:29','2015-06-15 21:24:29'),(119,23,'OptionLine',NULL,NULL,1,'2015-06-15','2015-07-15',NULL,4,31,NULL,'2015-06-15 21:24:29','2015-06-15 21:24:29'),(120,24,'ItemLine',257,251,1,'2015-06-15','2015-06-15',NULL,NULL,32,NULL,'2015-06-15 21:24:29','2015-06-15 21:24:29'),(121,25,'ItemLine',NULL,252,1,'2015-06-10','2015-06-14',NULL,NULL,33,NULL,'2015-06-10 21:24:29','2015-06-10 21:24:29'),(122,25,'OptionLine',NULL,NULL,1,'2015-06-10','2015-06-14',NULL,6,34,NULL,'2015-06-10 21:24:29','2015-06-10 21:24:29'),(123,26,'ItemLine',86,4,1,'2015-06-15','2015-06-15','2015-06-15',NULL,35,NULL,'2015-06-15 21:24:29','2015-06-15 21:24:29'),(124,27,'ItemLine',87,4,1,'2015-06-15','2015-06-15','2015-06-15',NULL,36,NULL,'2015-06-15 21:24:29','2015-06-15 21:24:29'),(125,28,'ItemLine',259,253,1,'2015-06-15','2015-06-15','2015-06-15',NULL,37,NULL,'2015-06-15 21:24:29','2015-06-15 21:24:29'),(126,29,'ItemLine',123,100,1,'2015-06-15','2015-06-15','2015-06-15',NULL,38,NULL,'2015-06-15 21:24:29','2015-06-15 21:24:29'),(127,30,'ItemLine',NULL,9,1,'2015-06-15','2015-06-15',NULL,NULL,39,NULL,'2015-06-15 21:24:29','2015-06-15 21:24:29'),(128,31,'ItemLine',NULL,9,1,'2015-06-15','2015-06-15',NULL,NULL,40,NULL,'2015-06-15 21:24:29','2015-06-15 21:24:29'),(129,31,'ItemLine',NULL,2,1,'2015-06-15','2015-06-15',NULL,NULL,41,NULL,'2015-06-15 21:24:29','2015-06-15 21:24:29'),(130,32,'ItemLine',NULL,9,1,'2015-06-22','2015-06-23',NULL,NULL,42,NULL,'2015-06-15 21:24:29','2015-06-15 21:24:29'),(131,33,'ItemLine',NULL,2,1,'2015-06-15','2015-06-15',NULL,NULL,43,NULL,'2015-06-15 21:24:29','2015-06-15 21:24:29'),(132,33,'ItemLine',NULL,2,1,'2015-06-15','2015-06-15',NULL,NULL,43,NULL,'2015-06-15 21:24:29','2015-06-15 21:24:29'),(133,33,'ItemLine',NULL,2,1,'2015-06-15','2015-06-15',NULL,NULL,43,NULL,'2015-06-15 21:24:29','2015-06-15 21:24:29'),(134,34,'ItemLine',NULL,8,1,'2015-06-15','2015-06-15',NULL,NULL,44,NULL,'2015-06-15 21:24:29','2015-06-15 21:24:29'),(135,34,'ItemLine',NULL,8,1,'2015-06-15','2015-06-15',NULL,NULL,44,NULL,'2015-06-15 21:24:29','2015-06-15 21:24:29'),(136,34,'ItemLine',NULL,8,1,'2015-06-15','2015-06-15',NULL,NULL,44,NULL,'2015-06-15 21:24:29','2015-06-15 21:24:29'),(137,34,'ItemLine',NULL,9,1,'2015-06-15','2015-06-15',NULL,NULL,45,NULL,'2015-06-15 21:24:29','2015-06-15 21:24:29'),(138,34,'ItemLine',NULL,9,1,'2015-06-15','2015-06-15',NULL,NULL,45,NULL,'2015-06-15 21:24:29','2015-06-15 21:24:29'),(139,34,'ItemLine',NULL,9,1,'2015-06-15','2015-06-15',NULL,NULL,45,NULL,'2015-06-15 21:24:29','2015-06-15 21:24:29'),(140,34,'OptionLine',NULL,NULL,5,'2015-06-15','2015-06-15',NULL,1,46,NULL,'2015-06-15 21:24:29','2015-06-15 21:24:29'),(141,35,'ItemLine',NULL,254,1,'2015-06-15','2015-06-15',NULL,NULL,47,NULL,'2015-06-15 21:24:29','2015-06-15 21:24:29'),(142,36,'ItemLine',261,255,1,'2015-06-15','2015-06-15',NULL,NULL,48,NULL,'2015-06-15 21:24:29','2015-06-15 21:24:29'),(143,37,'ItemLine',60,8,1,'2015-06-15','2015-06-15',NULL,NULL,49,NULL,'2015-06-15 21:24:29','2015-06-15 21:24:29'),(144,38,'ItemLine',93,23,1,'2015-06-10','2015-06-14',NULL,NULL,50,NULL,'2015-06-10 21:24:29','2015-06-10 21:24:29'),(145,38,'OptionLine',NULL,NULL,1,'2015-06-10','2015-06-10',NULL,7,51,NULL,'2015-06-10 21:24:29','2015-06-10 21:24:29'),(146,39,'ItemLine',262,256,1,'2015-06-15','2015-06-15',NULL,NULL,52,NULL,'2015-06-15 21:24:29','2015-06-15 21:24:29'),(147,40,'ItemLine',263,257,1,'2015-06-15','2015-06-15',NULL,NULL,53,NULL,'2015-06-15 21:24:29','2015-06-15 21:24:29'),(148,40,'ItemLine',264,258,1,'2015-06-15','2015-06-15','2015-06-15',NULL,54,5,'2015-06-15 21:24:29','2015-06-15 21:24:29'),(149,41,'ItemLine',105,85,1,'2015-06-15','2015-06-15',NULL,NULL,55,NULL,'2015-06-15 21:24:29','2015-06-15 21:24:29'),(150,41,'ItemLine',56,2,1,'2015-06-15','2015-06-15',NULL,NULL,56,NULL,'2015-06-15 21:24:29','2015-06-15 21:24:29'),(151,42,'ItemLine',265,259,1,'2015-06-15','2015-06-15',NULL,NULL,57,NULL,'2015-06-15 21:24:29','2015-06-15 21:24:29'),(152,43,'ItemLine',107,87,1,'2015-06-15','2015-06-15',NULL,NULL,58,NULL,'2015-06-15 21:24:29','2015-06-15 21:24:29'),(153,44,'ItemLine',NULL,2,1,'2015-06-13','2015-06-16',NULL,NULL,59,NULL,'2015-06-15 21:24:29','2015-06-15 21:24:29'),(154,44,'ItemLine',NULL,260,1,'2015-06-13','2015-06-16',NULL,NULL,60,NULL,'2015-06-15 21:24:29','2015-06-15 21:24:29'),(155,45,'ItemLine',NULL,22,1,'2015-06-15','2015-06-15',NULL,NULL,61,NULL,'2015-06-15 21:24:29','2015-06-15 21:24:29'),(156,45,'ItemLine',NULL,22,1,'2015-06-15','2015-06-15',NULL,NULL,61,NULL,'2015-06-15 21:24:29','2015-06-15 21:24:29'),(157,46,'ItemLine',53,2,1,'2015-06-15','2015-06-15',NULL,NULL,62,NULL,'2015-06-15 21:24:29','2015-06-15 21:24:29'),(158,46,'OptionLine',NULL,NULL,1,'2015-06-15','2015-06-15',NULL,1,63,NULL,'2015-06-15 21:24:29','2015-06-15 21:24:29'),(159,47,'ItemLine',NULL,8,1,'2015-07-22','2015-07-30',NULL,NULL,64,NULL,'2015-06-15 21:24:29','2015-06-15 21:24:29'),(160,48,'ItemLine',NULL,8,1,'2015-08-06','2015-08-09',NULL,NULL,65,NULL,'2015-06-15 21:24:29','2015-06-15 21:24:29'),(161,48,'ItemLine',NULL,8,1,'2015-08-06','2015-08-09',NULL,NULL,65,NULL,'2015-06-15 21:24:29','2015-06-15 21:24:29'),(162,48,'ItemLine',NULL,8,1,'2015-08-06','2015-08-09',NULL,NULL,65,NULL,'2015-06-15 21:24:29','2015-06-15 21:24:29'),(163,48,'ItemLine',NULL,8,1,'2015-08-06','2015-08-09',NULL,NULL,65,NULL,'2015-06-15 21:24:29','2015-06-15 21:24:29'),(164,48,'ItemLine',NULL,8,1,'2015-08-06','2015-08-09',NULL,NULL,65,NULL,'2015-06-15 21:24:29','2015-06-15 21:24:29'),(165,48,'ItemLine',NULL,8,1,'2015-08-06','2015-08-09',NULL,NULL,65,NULL,'2015-06-15 21:24:29','2015-06-15 21:24:29'),(166,49,'ItemLine',NULL,261,1,'2015-06-15','2015-06-15',NULL,NULL,66,NULL,'2015-06-15 21:24:29','2015-06-15 21:24:29'),(167,49,'ItemLine',NULL,262,1,'2015-06-15','2015-06-15',NULL,NULL,66,NULL,'2015-06-15 21:24:29','2015-06-15 21:24:29'),(168,49,'ItemLine',NULL,263,1,'2015-06-15','2015-06-15',NULL,NULL,66,NULL,'2015-06-15 21:24:29','2015-06-15 21:24:29'),(169,49,'ItemLine',NULL,264,1,'2015-06-15','2015-06-15',NULL,NULL,66,NULL,'2015-06-15 21:24:29','2015-06-15 21:24:29'),(170,50,'ItemLine',NULL,265,1,'2015-06-15','2015-06-15',NULL,NULL,67,NULL,'2015-06-15 21:24:29','2015-06-15 21:24:29'),(171,50,'ItemLine',NULL,266,1,'2015-06-15','2015-06-15',NULL,NULL,67,NULL,'2015-06-15 21:24:29','2015-06-15 21:24:29'),(172,50,'ItemLine',NULL,267,1,'2015-06-15','2015-06-15',NULL,NULL,67,NULL,'2015-06-15 21:24:29','2015-06-15 21:24:29'),(173,51,'ItemLine',274,268,1,'2015-06-15','2015-06-15',NULL,NULL,68,NULL,'2015-06-15 21:24:29','2015-06-15 21:24:29'),(174,51,'ItemLine',275,269,1,'2015-06-15','2015-06-15',NULL,NULL,68,NULL,'2015-06-15 21:24:29','2015-06-15 21:24:29'),(175,51,'ItemLine',276,270,1,'2015-06-15','2015-06-15',NULL,NULL,68,NULL,'2015-06-15 21:24:29','2015-06-15 21:24:29'),(176,51,'ItemLine',277,271,1,'2015-06-15','2015-06-15',NULL,NULL,68,NULL,'2015-06-15 21:24:29','2015-06-15 21:24:29'),(177,52,'ItemLine',278,272,1,'2015-06-15','2015-06-15',NULL,NULL,69,NULL,'2015-06-15 21:24:29','2015-06-15 21:24:29'),(178,52,'ItemLine',279,273,1,'2015-06-15','2015-06-15',NULL,NULL,69,NULL,'2015-06-15 21:24:29','2015-06-15 21:24:29'),(179,52,'ItemLine',280,274,1,'2015-06-15','2015-06-15',NULL,NULL,69,NULL,'2015-06-15 21:24:29','2015-06-15 21:24:29'),(180,52,'ItemLine',281,275,1,'2015-06-15','2015-06-15',NULL,NULL,69,NULL,'2015-06-15 21:24:29','2015-06-15 21:24:29'),(181,53,'ItemLine',282,276,1,'2015-06-10','2015-06-10',NULL,NULL,70,NULL,'2015-06-10 21:24:29','2015-06-10 21:24:29'),(182,53,'ItemLine',283,277,1,'2015-06-10','2015-06-10',NULL,NULL,70,NULL,'2015-06-10 21:24:29','2015-06-10 21:24:29'),(183,53,'ItemLine',284,278,1,'2015-06-10','2015-06-10',NULL,NULL,70,NULL,'2015-06-10 21:24:29','2015-06-10 21:24:29'),(184,54,'ItemLine',NULL,279,1,'2015-06-15','2015-06-15',NULL,NULL,71,NULL,'2015-06-13 21:24:29','2015-06-13 21:24:29'),(185,54,'ItemLine',NULL,280,1,'2015-06-15','2015-06-15',NULL,NULL,71,NULL,'2015-06-13 21:24:29','2015-06-13 21:24:29'),(186,54,'ItemLine',NULL,281,1,'2015-06-15','2015-06-15',NULL,NULL,71,NULL,'2015-06-13 21:24:29','2015-06-13 21:24:29'),(187,54,'ItemLine',NULL,282,1,'2015-06-15','2015-06-15',NULL,NULL,71,NULL,'2015-06-13 21:24:29','2015-06-13 21:24:29'),(188,54,'ItemLine',NULL,283,1,'2015-06-15','2015-06-15',NULL,NULL,71,NULL,'2015-06-13 21:24:29','2015-06-13 21:24:29'),(189,54,'ItemLine',NULL,19,1,'2015-06-15','2015-06-15',NULL,NULL,72,NULL,'2015-06-13 21:24:29','2015-06-13 21:24:29');
/*!40000 ALTER TABLE `contract_lines` ENABLE KEYS */;
UNLOCK TABLES;

--
-- Table structure for table `contracts`
--

DROP TABLE IF EXISTS `contracts`;
/*!40101 SET @saved_cs_client     = @@character_set_client */;
/*!40101 SET character_set_client = utf8 */;
CREATE TABLE `contracts` (
  `id` int(11) NOT NULL AUTO_INCREMENT,
  `user_id` int(11) DEFAULT NULL,
  `delegated_user_id` int(11) DEFAULT NULL,
  `inventory_pool_id` int(11) DEFAULT NULL,
  `note` text COLLATE utf8_unicode_ci,
  `handed_over_by_user_id` int(11) DEFAULT NULL,
  `created_at` datetime DEFAULT NULL,
  `updated_at` datetime DEFAULT NULL,
  `status` enum('unsubmitted','submitted','rejected','approved','signed','closed') COLLATE utf8_unicode_ci NOT NULL,
  PRIMARY KEY (`id`),
  KEY `index_contracts_on_inventory_pool_id` (`inventory_pool_id`),
  KEY `index_contracts_on_status` (`status`),
  KEY `index_contracts_on_user_id` (`user_id`),
  KEY `contracts_delegated_user_id_fk` (`delegated_user_id`),
  KEY `contracts_handed_over_by_user_id_fk` (`handed_over_by_user_id`),
  CONSTRAINT `contracts_handed_over_by_user_id_fk` FOREIGN KEY (`handed_over_by_user_id`) REFERENCES `users` (`id`),
  CONSTRAINT `contracts_delegated_user_id_fk` FOREIGN KEY (`delegated_user_id`) REFERENCES `users` (`id`),
  CONSTRAINT `contracts_inventory_pool_id_fk` FOREIGN KEY (`inventory_pool_id`) REFERENCES `inventory_pools` (`id`),
  CONSTRAINT `contracts_user_id_fk` FOREIGN KEY (`user_id`) REFERENCES `users` (`id`)
) ENGINE=InnoDB AUTO_INCREMENT=55 DEFAULT CHARSET=utf8 COLLATE=utf8_unicode_ci;
/*!40101 SET character_set_client = @saved_cs_client */;

--
-- Dumping data for table `contracts`
--

LOCK TABLES `contracts` WRITE;
/*!40000 ALTER TABLE `contracts` DISABLE KEYS */;
INSERT INTO `contracts` VALUES (1,34,NULL,7,NULL,NULL,'2015-06-15 21:24:29','2015-06-15 21:24:29','unsubmitted'),(2,6,NULL,2,NULL,NULL,'2015-06-15 21:24:29','2015-06-15 21:24:29','unsubmitted'),(3,6,NULL,1,NULL,NULL,'2015-06-15 21:24:29','2015-06-15 21:24:29','submitted'),(4,19,NULL,1,NULL,NULL,'2015-06-15 21:24:29','2015-06-15 21:24:29','submitted'),(5,6,NULL,3,NULL,NULL,'2015-06-15 21:24:29','2015-06-15 21:24:29','submitted'),(6,6,NULL,1,NULL,NULL,'2015-06-15 21:24:29','2015-06-15 21:24:29','submitted'),(7,6,NULL,3,NULL,NULL,'2015-06-15 21:24:29','2015-06-15 21:24:29','submitted'),(8,6,NULL,2,NULL,NULL,'2015-06-15 21:24:29','2015-06-15 21:24:29','submitted'),(9,14,NULL,1,NULL,NULL,'2015-06-13 21:24:29','2015-06-13 21:24:29','submitted'),(10,15,NULL,1,NULL,NULL,'2015-06-15 21:24:29','2015-06-15 21:24:29','submitted'),(11,16,NULL,1,NULL,NULL,'2015-06-15 21:24:29','2015-06-15 21:24:29','submitted'),(12,17,NULL,1,NULL,NULL,'2015-06-15 21:24:29','2015-06-15 21:24:29','submitted'),(13,18,NULL,1,NULL,NULL,'2015-06-15 21:24:29','2015-06-15 21:24:29','submitted'),(14,14,NULL,1,NULL,NULL,'2015-06-10 21:24:29','2015-06-10 21:24:29','submitted'),(15,14,NULL,1,NULL,NULL,'2015-06-10 21:24:29','2015-06-10 21:24:29','submitted'),(16,11,NULL,1,NULL,NULL,'2015-06-15 21:24:29','2015-06-15 21:24:29','submitted'),(17,11,NULL,1,NULL,NULL,'2015-06-15 21:24:29','2015-06-15 21:24:29','submitted'),(18,35,NULL,12,NULL,NULL,'2015-06-15 21:24:29','2015-06-15 21:24:29','approved'),(19,22,NULL,1,NULL,NULL,'2015-06-15 21:24:29','2015-06-15 21:24:29','approved'),(20,14,NULL,1,NULL,NULL,'2015-06-12 21:24:29','2015-06-12 21:24:29','approved'),(21,14,NULL,1,NULL,5,'2015-01-15 22:24:29','2015-01-15 22:24:29','closed'),(22,21,NULL,1,NULL,5,'2015-06-15 21:24:29','2015-06-15 21:24:29','signed'),(23,8,NULL,1,NULL,5,'2015-06-15 21:24:29','2015-06-15 21:24:29','signed'),(24,21,NULL,1,NULL,5,'2015-06-15 21:24:29','2015-06-15 21:24:29','signed'),(25,27,10,2,NULL,NULL,'2015-06-10 21:24:29','2015-06-10 21:24:29','approved'),(26,27,10,1,NULL,5,'2015-06-15 21:24:29','2015-06-15 21:24:29','closed'),(27,27,10,1,NULL,5,'2015-06-15 21:24:29','2015-06-15 21:24:29','closed'),(28,20,NULL,1,NULL,5,'2015-06-15 21:24:29','2015-06-15 21:24:29','closed'),(29,20,NULL,1,NULL,5,'2015-06-15 21:24:29','2015-06-15 21:24:29','closed'),(30,6,NULL,1,NULL,NULL,'2015-06-15 21:24:29','2015-06-15 21:24:29','approved'),(31,6,NULL,1,NULL,NULL,'2015-06-15 21:24:29','2015-06-15 21:24:29','approved'),(32,6,NULL,1,NULL,NULL,'2015-06-15 21:24:29','2015-06-15 21:24:29','approved'),(33,6,NULL,1,NULL,NULL,'2015-06-15 21:24:29','2015-06-15 21:24:29','approved'),(34,6,NULL,1,NULL,NULL,'2015-06-15 21:24:29','2015-06-15 21:24:29','approved'),(35,6,NULL,1,NULL,NULL,'2015-06-15 21:24:29','2015-06-15 21:24:29','approved'),(36,6,NULL,1,NULL,NULL,'2015-06-15 21:24:29','2015-06-15 21:24:29','approved'),(37,6,NULL,1,NULL,5,'2015-06-15 21:24:29','2015-06-15 21:24:29','signed'),(38,13,NULL,1,NULL,5,'2015-06-10 21:24:29','2015-06-10 21:24:29','signed'),(39,6,NULL,1,NULL,5,'2015-06-15 21:24:29','2015-06-15 21:24:29','signed'),(40,6,NULL,2,NULL,5,'2015-06-15 21:24:29','2015-06-15 21:24:29','signed'),(41,6,NULL,2,NULL,5,'2015-06-15 21:24:29','2015-06-15 21:24:29','signed'),(42,6,NULL,2,NULL,5,'2015-06-15 21:24:29','2015-06-15 21:24:29','signed'),(43,6,NULL,1,NULL,5,'2015-06-15 21:24:29','2015-06-15 21:24:29','signed'),(44,11,NULL,1,NULL,NULL,'2015-06-15 21:24:29','2015-06-15 21:24:29','approved'),(45,13,NULL,1,NULL,NULL,'2015-06-15 21:24:29','2015-06-15 21:24:29','submitted'),(46,11,NULL,1,NULL,5,'2015-06-15 21:24:29','2015-06-15 21:24:29','signed'),(47,13,NULL,1,NULL,NULL,'2015-06-15 21:24:29','2015-06-15 21:24:29','submitted'),(48,13,NULL,1,NULL,NULL,'2015-06-15 21:24:29','2015-06-15 21:24:29','submitted'),(49,26,10,1,NULL,NULL,'2015-06-15 21:24:29','2015-06-15 21:24:29','submitted'),(50,26,12,1,NULL,NULL,'2015-06-15 21:24:29','2015-06-15 21:24:29','approved'),(51,30,24,1,NULL,NULL,'2015-06-15 21:24:29','2015-06-15 21:24:29','approved'),(52,26,10,1,NULL,5,'2015-06-15 21:24:29','2015-06-15 21:24:29','signed'),(53,26,10,1,NULL,5,'2015-06-10 21:24:29','2015-06-10 21:24:29','signed'),(54,14,NULL,1,NULL,NULL,'2015-06-13 21:24:29','2015-06-13 21:24:29','rejected');
/*!40000 ALTER TABLE `contracts` ENABLE KEYS */;
UNLOCK TABLES;

--
-- Table structure for table `database_authentications`
--

DROP TABLE IF EXISTS `database_authentications`;
/*!40101 SET @saved_cs_client     = @@character_set_client */;
/*!40101 SET character_set_client = utf8 */;
CREATE TABLE `database_authentications` (
  `id` int(11) NOT NULL AUTO_INCREMENT,
  `login` varchar(255) COLLATE utf8_unicode_ci DEFAULT NULL,
  `crypted_password` varchar(40) COLLATE utf8_unicode_ci DEFAULT NULL,
  `salt` varchar(40) COLLATE utf8_unicode_ci DEFAULT NULL,
  `user_id` int(11) DEFAULT NULL,
  `created_at` datetime DEFAULT NULL,
  `updated_at` datetime DEFAULT NULL,
  PRIMARY KEY (`id`),
  KEY `database_authentications_user_id_fk` (`user_id`),
  CONSTRAINT `database_authentications_user_id_fk` FOREIGN KEY (`user_id`) REFERENCES `users` (`id`) ON DELETE CASCADE
) ENGINE=InnoDB AUTO_INCREMENT=31 DEFAULT CHARSET=utf8 COLLATE=utf8_unicode_ci;
/*!40101 SET character_set_client = @saved_cs_client */;

--
-- Dumping data for table `database_authentications`
--

LOCK TABLES `database_authentications` WRITE;
/*!40000 ALTER TABLE `database_authentications` DISABLE KEYS */;
INSERT INTO `database_authentications` VALUES (1,'gino','296b49a454e7c05772ae322b1871e1d3e20b159d','dc2663c1bf9b6b8aba83683ecaa985a8cf1a823e',1,'2015-06-15 21:24:29','2015-06-15 21:24:29'),(2,'ramon','47a82e90b96819f3a44a5c9f08743e746745b9ed','302e067c3b46332820ececcf2ed8690c969a615f',2,'2015-06-15 21:24:29','2015-06-15 21:24:29'),(3,'matti','d1c857e277c51bf0222797112d85ce4c416613b9','531ac147ceeb7b276a9f50cc5659be4fc32f5a72',3,'2015-06-15 21:24:29','2015-06-15 21:24:29'),(4,'mike','ce544fe0cb5d82c0a5b86c9e25686256bee3cd3d','a9fc14c91530e12fcefe10b356a3d4adf1387bf4',4,'2015-06-15 21:24:29','2015-06-15 21:24:29'),(5,'pius','d59ce5295133f1d601e17cbfd8e41e518733460f','0bddab058149027bc97ccdb1ae175d52b94c776a',5,'2015-06-15 21:24:29','2015-06-15 21:24:29'),(6,'normin','3f1df274f2d0e2868f944b51aa38c7bceccd5aef','16c5af6d27c6ad765f227b2fa07a12b2c6fe93f5',6,'2015-06-15 21:24:29','2015-06-15 21:24:29'),(7,'delmer','841a321981ccf6006f243a517f77f3293eba22e9','5993d52717525d114a0bd01971665ec9e3cd25c9',7,'2015-06-15 21:24:29','2015-06-15 21:24:29'),(8,'peter','6389f66122fcd53446dc77185fa5c0af38486393','93fbdad53b80df7e802fafa67ad074ca7558b395',8,'2015-06-15 21:24:29','2015-06-15 21:24:29'),(9,'andi','6d1d33ee5df4772df311cc2030723b0e4f475058','a48491e872c3a6d2cdc1085c9e0fc3c1c66b8766',9,'2015-06-15 21:24:29','2015-06-15 21:24:29'),(10,'mina','1458e4c7c108ca136da3d5c1f37aaeb067d8e791','f8f94c7b6166c975f2714ce08bb56f248aea68d7',10,'2015-06-15 21:24:29','2015-06-15 21:24:29'),(11,'petra','c1ef84c38fa1796e5ee01969767c6731bce714a1','9d9d006bc55b3d30b60200ee397139b56989c39b',11,'2015-06-15 21:24:29','2015-06-15 21:24:29'),(12,'julie','ad2feb860c5c03b3d0656717f5fd6702c774cf69','f5b5808befe9ee101330e2f414b333d993f8aa25',12,'2015-06-15 21:24:29','2015-06-15 21:24:29'),(13,'lisa','2664c9b5b04393832284ee147ae9b918f8288b8e','bcdc671a311be9a2a4578cb7699d46cb7925bc81',13,'2015-06-15 21:24:29','2015-06-15 21:24:29'),(14,'alisa','3a57a99942ba97921cfafb7ffe836329cdb02708','dc48fa21cf6c711475545cc16085664c59f84e1f',14,'2015-06-15 21:24:29','2015-06-15 21:24:29'),(15,'justice','818b01e8916b159764c444818b694a999e1613b4','7dc83da99c96bd05cc4fbd2a69c4cb9dd2db662e',15,'2015-06-15 21:24:29','2015-06-15 21:24:29'),(16,'lavon','cd690e8c243e9730f69534b4a5a6d275bbd69e18','1a7825afed5b746cd080a140203da52e3e8dee96',16,'2015-06-15 21:24:29','2015-06-15 21:24:29'),(17,'grant','f70e8763a8f71eb85ac3327509d47df5a3033ea9','a153ba76a3dcd7c748a477b7023fb219bc039c22',17,'2015-06-15 21:24:29','2015-06-15 21:24:29'),(18,'lauretta','cc90919a5545c3988ff822836db4702e45e1bcdf','86f49e8e93033f6868052aab1baf664eac0bdb1c',18,'2015-06-15 21:24:29','2015-06-15 21:24:29'),(19,'anne','97128c82e5194bf3adcdd57b463d162e9858ede6','1aac532ff33f132f37a0852671025486ff519c9e',19,'2015-06-15 21:24:29','2015-06-15 21:24:29'),(20,'jaden','df5e2bfd9fecd899469124d41c635e07e4331816','a470ecf1cb95cade063c53a37aae9d1c363039d6',20,'2015-06-15 21:24:29','2015-06-15 21:24:29'),(21,'jaclyn','8529fb91a28aeb038727ed76449cd17d1930e477','5c3c74160ae0f4c2cc3682cda7f42d4385bc8d37',21,'2015-06-15 21:24:29','2015-06-15 21:24:29'),(22,'aryanna','9d676d1a2abebad92ac8d32626caf04af6576690','9c8b772bd196d8dbe84890160dc06ed5fcaeafab',22,'2015-06-15 21:24:29','2015-06-15 21:24:29'),(23,'lawrence','0ec05f6a8aa7ece24db01efebaa18b4ff9ffd11d','1ca04a10b848c7c039a06499c3eb3139ac8dc4fa',23,'2015-06-15 21:24:29','2015-06-15 21:24:29'),(24,'winnifred','c21f4055106f1ca9ac034ba996f7c80ba6b898f1','9727495cedeb984474de712315138432dd569647',24,'2015-06-15 21:24:29','2015-06-15 21:24:29'),(25,'alexander_7336','686b0d87902b625643f764c516e77deb000a7f2e','23d4fb61367cb0a96e784650d039902e9fa21640',25,'2015-06-15 21:24:29','2015-06-15 21:24:29'),(26,'maribel.hudson_6999','2fed59e800684907b5d9a3a22d44f38005470dc3','06771c9c1e3e04cc4cbe2b4e89f2564c3c0198ce',31,'2015-06-15 21:24:29','2015-06-15 21:24:29'),(27,'shaylee_lynch_8767','99f1be3e519ef3f6898baf2e753dbf935a69d9a9','46922ac78a4893eea19b023c97b26db7856f645f',32,'2015-06-15 21:24:29','2015-06-15 21:24:29'),(28,'arch.hackett_9039','f6ac7ce88cb79ba05936b739f0eafcb42ce6df38','170819b0cca4c34b2fbbddeccf906a1bc1d7d5ae',33,'2015-06-15 21:24:29','2015-06-15 21:24:29'),(29,'tabitha_5519','6f88e78c36fb0248937cab1f36fd07a158756ba1','ba0c91c12c1a293aeef9e551391b7bbcf449f247',34,'2015-06-15 21:24:29','2015-06-15 21:24:29'),(30,'daphnee_6320','f44cde13861f005b4e8d8aa2ce3251daf4a87493','aa93d1c7c7fdfc3bb12f6d5c2c44cf4b524f3d48',35,'2015-06-15 21:24:29','2015-06-15 21:24:29');
/*!40000 ALTER TABLE `database_authentications` ENABLE KEYS */;
UNLOCK TABLES;

--
-- Table structure for table `delegations_users`
--

DROP TABLE IF EXISTS `delegations_users`;
/*!40101 SET @saved_cs_client     = @@character_set_client */;
/*!40101 SET character_set_client = utf8 */;
CREATE TABLE `delegations_users` (
  `delegation_id` int(11) DEFAULT NULL,
  `user_id` int(11) DEFAULT NULL,
  UNIQUE KEY `index_delegations_users_on_user_id_and_delegation_id` (`user_id`,`delegation_id`),
  KEY `index_delegations_users_on_delegation_id` (`delegation_id`),
  CONSTRAINT `delegations_users_delegation_id_fk` FOREIGN KEY (`delegation_id`) REFERENCES `users` (`id`),
  CONSTRAINT `delegations_users_user_id_fk` FOREIGN KEY (`user_id`) REFERENCES `users` (`id`)
) ENGINE=InnoDB DEFAULT CHARSET=utf8 COLLATE=utf8_unicode_ci;
/*!40101 SET character_set_client = @saved_cs_client */;

--
-- Dumping data for table `delegations_users`
--

LOCK TABLES `delegations_users` WRITE;
/*!40000 ALTER TABLE `delegations_users` DISABLE KEYS */;
INSERT INTO `delegations_users` VALUES (26,10),(27,10),(28,10),(29,10),(26,12),(27,12),(28,12),(29,12),(30,23),(30,24);
/*!40000 ALTER TABLE `delegations_users` ENABLE KEYS */;
UNLOCK TABLES;

--
-- Table structure for table `groups`
--

DROP TABLE IF EXISTS `groups`;
/*!40101 SET @saved_cs_client     = @@character_set_client */;
/*!40101 SET character_set_client = utf8 */;
CREATE TABLE `groups` (
  `id` int(11) NOT NULL AUTO_INCREMENT,
  `name` varchar(255) COLLATE utf8_unicode_ci DEFAULT NULL,
  `inventory_pool_id` int(11) DEFAULT NULL,
  `is_verification_required` tinyint(1) DEFAULT '0',
  `created_at` datetime DEFAULT NULL,
  `updated_at` datetime DEFAULT NULL,
  PRIMARY KEY (`id`),
  KEY `index_groups_on_inventory_pool_id` (`inventory_pool_id`),
  KEY `index_groups_on_is_verification_required` (`is_verification_required`),
  CONSTRAINT `groups_inventory_pool_id_fk` FOREIGN KEY (`inventory_pool_id`) REFERENCES `inventory_pools` (`id`)
) ENGINE=InnoDB AUTO_INCREMENT=11 DEFAULT CHARSET=utf8 COLLATE=utf8_unicode_ci;
/*!40101 SET character_set_client = @saved_cs_client */;

--
-- Dumping data for table `groups`
--

LOCK TABLES `groups` WRITE;
/*!40000 ALTER TABLE `groups` DISABLE KEYS */;
INSERT INTO `groups` VALUES (1,'Cast',1,0,'2015-06-15 21:24:29','2015-06-15 21:24:29'),(2,'IAD',1,0,'2015-06-15 21:24:29','2015-06-15 21:24:29'),(3,'Wu',1,0,'2015-06-15 21:24:29','2015-06-15 21:24:29'),(4,'Group Hifi',1,0,'2015-06-15 21:24:29','2015-06-15 21:24:29'),(5,'Group A',1,0,'2015-06-15 21:24:29','2015-06-15 21:24:29'),(6,'Group B',1,0,'2015-06-15 21:24:29','2015-06-15 21:24:29'),(7,'FFI',1,1,'2015-06-15 21:24:29','2015-06-15 21:24:29'),(8,'VTO',1,1,'2015-06-15 21:24:29','2015-06-15 21:24:29'),(9,'1. Semester',2,1,'2015-06-15 21:24:29','2015-06-15 21:24:29'),(10,'Group C',1,0,'2015-06-15 21:24:29','2015-06-15 21:24:29');
/*!40000 ALTER TABLE `groups` ENABLE KEYS */;
UNLOCK TABLES;

--
-- Table structure for table `groups_users`
--

DROP TABLE IF EXISTS `groups_users`;
/*!40101 SET @saved_cs_client     = @@character_set_client */;
/*!40101 SET character_set_client = utf8 */;
CREATE TABLE `groups_users` (
  `user_id` int(11) DEFAULT NULL,
  `group_id` int(11) DEFAULT NULL,
  UNIQUE KEY `index_groups_users_on_user_id_and_group_id` (`user_id`,`group_id`),
  KEY `index_groups_users_on_group_id` (`group_id`),
  CONSTRAINT `groups_users_user_id_fk` FOREIGN KEY (`user_id`) REFERENCES `users` (`id`),
  CONSTRAINT `groups_users_group_id_fk` FOREIGN KEY (`group_id`) REFERENCES `groups` (`id`)
) ENGINE=InnoDB DEFAULT CHARSET=utf8 COLLATE=utf8_unicode_ci;
/*!40101 SET character_set_client = @saved_cs_client */;

--
-- Dumping data for table `groups_users`
--

LOCK TABLES `groups_users` WRITE;
/*!40000 ALTER TABLE `groups_users` DISABLE KEYS */;
INSERT INTO `groups_users` VALUES (6,1),(13,1),(14,7),(14,8),(15,7),(16,7),(16,8),(17,7),(17,9),(18,7),(19,10);
/*!40000 ALTER TABLE `groups_users` ENABLE KEYS */;
UNLOCK TABLES;

--
-- Table structure for table `histories`
--

DROP TABLE IF EXISTS `histories`;
/*!40101 SET @saved_cs_client     = @@character_set_client */;
/*!40101 SET character_set_client = utf8 */;
CREATE TABLE `histories` (
  `id` int(11) NOT NULL AUTO_INCREMENT,
  `text` varchar(255) COLLATE utf8_unicode_ci DEFAULT '',
  `type_const` int(11) DEFAULT NULL,
  `created_at` datetime NOT NULL,
  `target_id` int(11) NOT NULL,
  `target_type` varchar(255) COLLATE utf8_unicode_ci NOT NULL,
  `user_id` int(11) DEFAULT NULL,
  PRIMARY KEY (`id`),
  KEY `index_histories_on_target_type_and_target_id` (`target_type`,`target_id`),
  KEY `index_histories_on_type_const` (`type_const`),
  KEY `index_histories_on_user_id` (`user_id`),
  CONSTRAINT `histories_user_id_fk` FOREIGN KEY (`user_id`) REFERENCES `users` (`id`)
) ENGINE=InnoDB AUTO_INCREMENT=19 DEFAULT CHARSET=utf8 COLLATE=utf8_unicode_ci;
/*!40101 SET character_set_client = @saved_cs_client */;

--
-- Dumping data for table `histories`
--

LOCK TABLES `histories` WRITE;
/*!40000 ALTER TABLE `histories` DISABLE KEYS */;
INSERT INTO `histories` VALUES (1,'Contract 21 has been signed by Alisa Kessler',1,'2015-01-15 22:24:29',21,'Contract',5),(2,'Contract 22 has been signed by Jaclyn Jast',1,'2015-06-15 21:24:29',22,'Contract',5),(3,'Contract 23 has been signed by Peter Silie',1,'2015-06-15 21:24:29',23,'Contract',5),(4,'Contract 24 has been signed by Jaclyn Jast',1,'2015-06-15 21:24:29',24,'Contract',5),(5,'Contract 26 has been signed by Delegation 2',1,'2015-06-15 21:24:29',26,'Contract',5),(6,'Contract 27 has been signed by Delegation 2',1,'2015-06-15 21:24:29',27,'Contract',5),(7,'Contract 28 has been signed by Jaden Barton',1,'2015-06-15 21:24:29',28,'Contract',5),(8,'Contract 29 has been signed by Jaden Barton',1,'2015-06-15 21:24:29',29,'Contract',5),(9,'Contract 37 has been signed by Normin Normalo',1,'2015-06-15 21:24:29',37,'Contract',5),(10,'Contract 38 has been signed by Lisa Stracke',1,'2015-06-10 21:24:29',38,'Contract',5),(11,'Contract 39 has been signed by Normin Normalo',1,'2015-06-15 21:24:29',39,'Contract',5),(12,'Contract 40 has been signed by Normin Normalo',1,'2015-06-15 21:24:29',40,'Contract',5),(13,'Contract 41 has been signed by Normin Normalo',1,'2015-06-15 21:24:29',41,'Contract',5),(14,'Contract 42 has been signed by Normin Normalo',1,'2015-06-15 21:24:29',42,'Contract',5),(15,'Contract 43 has been signed by Normin Normalo',1,'2015-06-15 21:24:29',43,'Contract',5),(16,'Contract 46 has been signed by Petra Monahan',1,'2015-06-15 21:24:29',46,'Contract',5),(17,'Contract 52 has been signed by Delegation 1',1,'2015-06-15 21:24:29',52,'Contract',5),(18,'Contract 53 has been signed by Delegation 1',1,'2015-06-10 21:24:29',53,'Contract',5);
/*!40000 ALTER TABLE `histories` ENABLE KEYS */;
UNLOCK TABLES;

--
-- Table structure for table `holidays`
--

DROP TABLE IF EXISTS `holidays`;
/*!40101 SET @saved_cs_client     = @@character_set_client */;
/*!40101 SET character_set_client = utf8 */;
CREATE TABLE `holidays` (
  `id` int(11) NOT NULL AUTO_INCREMENT,
  `inventory_pool_id` int(11) DEFAULT NULL,
  `start_date` date DEFAULT NULL,
  `end_date` date DEFAULT NULL,
  `name` varchar(255) COLLATE utf8_unicode_ci DEFAULT NULL,
  PRIMARY KEY (`id`),
  KEY `index_holidays_on_inventory_pool_id` (`inventory_pool_id`),
  KEY `index_holidays_on_start_date_and_end_date` (`start_date`,`end_date`),
  CONSTRAINT `holidays_inventory_pool_id_fk` FOREIGN KEY (`inventory_pool_id`) REFERENCES `inventory_pools` (`id`) ON DELETE CASCADE
) ENGINE=InnoDB AUTO_INCREMENT=7 DEFAULT CHARSET=utf8 COLLATE=utf8_unicode_ci;
/*!40101 SET character_set_client = @saved_cs_client */;

--
-- Dumping data for table `holidays`
--

LOCK TABLES `holidays` WRITE;
/*!40000 ALTER TABLE `holidays` DISABLE KEYS */;
INSERT INTO `holidays` VALUES (1,1,'2015-12-24','2015-12-26','Christmas'),(2,1,'2016-12-24','2016-12-26','Christmas'),(3,2,'2015-12-24','2015-12-26','Christmas'),(4,2,'2016-12-24','2016-12-26','Christmas'),(5,3,'2015-12-24','2015-12-26','Christmas'),(6,3,'2016-12-24','2016-12-26','Christmas');
/*!40000 ALTER TABLE `holidays` ENABLE KEYS */;
UNLOCK TABLES;

--
-- Table structure for table `images`
--

DROP TABLE IF EXISTS `images`;
/*!40101 SET @saved_cs_client     = @@character_set_client */;
/*!40101 SET character_set_client = utf8 */;
CREATE TABLE `images` (
  `id` int(11) NOT NULL AUTO_INCREMENT,
  `is_main` tinyint(1) DEFAULT '0',
  `content_type` varchar(255) COLLATE utf8_unicode_ci DEFAULT NULL,
  `filename` varchar(255) COLLATE utf8_unicode_ci DEFAULT NULL,
  `size` int(11) DEFAULT NULL,
  `height` int(11) DEFAULT NULL,
  `width` int(11) DEFAULT NULL,
  `parent_id` int(11) DEFAULT NULL,
  `thumbnail` varchar(255) COLLATE utf8_unicode_ci DEFAULT NULL,
  `target_id` int(11) DEFAULT NULL,
  `target_type` varchar(255) COLLATE utf8_unicode_ci DEFAULT NULL,
  PRIMARY KEY (`id`),
  KEY `index_images_on_target_id_and_target_type` (`target_id`,`target_type`)
) ENGINE=InnoDB AUTO_INCREMENT=5 DEFAULT CHARSET=utf8 COLLATE=utf8_unicode_ci;
/*!40101 SET character_set_client = @saved_cs_client */;

--
-- Dumping data for table `images`
--

LOCK TABLES `images` WRITE;
/*!40000 ALTER TABLE `images` DISABLE KEYS */;
INSERT INTO `images` VALUES (1,0,'image/jpeg','qui',NULL,NULL,NULL,NULL,NULL,2,'ModelGroup'),(2,0,'image/jpeg','qui',NULL,NULL,NULL,NULL,NULL,16,'Model'),(3,0,'image/jpeg','occaecati',NULL,NULL,NULL,NULL,NULL,16,'Model'),(4,0,'image/jpeg','ut',NULL,NULL,NULL,NULL,NULL,17,'Model');
/*!40000 ALTER TABLE `images` ENABLE KEYS */;
UNLOCK TABLES;

--
-- Table structure for table `inventory_pools`
--

DROP TABLE IF EXISTS `inventory_pools`;
/*!40101 SET @saved_cs_client     = @@character_set_client */;
/*!40101 SET character_set_client = utf8 */;
CREATE TABLE `inventory_pools` (
  `id` int(11) NOT NULL AUTO_INCREMENT,
  `name` varchar(255) COLLATE utf8_unicode_ci DEFAULT NULL,
  `description` text COLLATE utf8_unicode_ci,
  `contact_details` varchar(255) COLLATE utf8_unicode_ci DEFAULT NULL,
  `contract_description` varchar(255) COLLATE utf8_unicode_ci DEFAULT NULL,
  `contract_url` varchar(255) COLLATE utf8_unicode_ci DEFAULT NULL,
  `logo_url` varchar(255) COLLATE utf8_unicode_ci DEFAULT NULL,
  `default_contract_note` text COLLATE utf8_unicode_ci,
  `shortname` varchar(255) COLLATE utf8_unicode_ci DEFAULT NULL,
  `email` varchar(255) COLLATE utf8_unicode_ci DEFAULT NULL,
  `color` text COLLATE utf8_unicode_ci,
  `print_contracts` tinyint(1) DEFAULT '1',
  `opening_hours` text COLLATE utf8_unicode_ci,
  `address_id` int(11) DEFAULT NULL,
  `automatic_suspension` tinyint(1) NOT NULL DEFAULT '0',
  `automatic_suspension_reason` text COLLATE utf8_unicode_ci,
  `automatic_access` tinyint(1) DEFAULT NULL,
  PRIMARY KEY (`id`),
  UNIQUE KEY `index_inventory_pools_on_name` (`name`),
  KEY `inventory_pools_address_id_fk` (`address_id`),
  CONSTRAINT `inventory_pools_address_id_fk` FOREIGN KEY (`address_id`) REFERENCES `addresses` (`id`)
) ENGINE=InnoDB AUTO_INCREMENT=13 DEFAULT CHARSET=utf8 COLLATE=utf8_unicode_ci;
/*!40101 SET character_set_client = @saved_cs_client */;

--
-- Dumping data for table `inventory_pools`
--

LOCK TABLES `inventory_pools` WRITE;
/*!40000 ALTER TABLE `inventory_pools` DISABLE KEYS */;
INSERT INTO `inventory_pools` VALUES (1,'A-Ausleihe','Wichtige Hinweise...\n\nBitte die Gegenstnde rechtzeitig zurckbringen','A Verleih  /  ZHdK\na@zh-dk.ch\n\n+41 00 00 00 00',NULL,'a@zhdk.ch',NULL,'Eius illo in distinctio sit.','A','a@zhdk.ch',NULL,1,NULL,NULL,1,'Unde qui ut ut nihil placeat.',NULL),(2,'IT-Ausleihe','Bringt die Gerte bitte rechtzeitig zurck','IT Verleih  /  ZHdK\nit@zh-dk.ch\n\n+41 00 00 00 00',NULL,'it@zhdk.ch',NULL,'Quia numquam fuga et vel pariatur nobis.','IT','it@zhdk.ch',NULL,1,NULL,NULL,1,'Incidunt doloremque enim et vel consequatur.',NULL),(3,'AV-Technik','Bringt die Gerte bitte rechtzeitig zurck','AV Verleih  /  ZHdK\nav@zh-dk.ch\n\n+41 00 00 00 00',NULL,'av@zhdk.ch',NULL,'Et omnis quos et.','AV','av@zhdk.ch',NULL,1,NULL,NULL,0,NULL,NULL),(4,'DT deletable',NULL,NULL,NULL,'it@zhdk.ch',NULL,'Architecto voluptatem reprehenderit reiciendis nulla et similique eum.','DT','it@zhdk.ch',NULL,1,NULL,NULL,0,NULL,NULL),(5,'Nobisvoluptatibussitexcepturi','Qui repellat quasi adipisci necessitatibus aut.','Magni porro exercitationem id atque distinctio nulla rerum.','Nobisvoluptatibussitexcepturi','marisa.erdman@schmidt.info',NULL,NULL,'7AOJ3H','marisa.erdman@schmidt.info',NULL,1,NULL,NULL,0,NULL,NULL),(6,'Etnequeveldicta','Nostrum architecto perferendis eum debitis aut voluptatem qui.','Dolor autem dolorum aut tenetur magnam officiis velit.','Etnequeveldicta','tanner@schmeler.info',NULL,NULL,'P86VEG','tanner@schmeler.info',NULL,1,NULL,NULL,0,NULL,NULL),(7,'Suscipitnumquamporronon','Natus dolores sunt consequatur aut.','Animi soluta vel officiis velit aut quis repellat.','Suscipitnumquamporronon','laura.howell@dickinsondavis.com',NULL,NULL,'VCWKBM','laura.howell@dickinsondavis.com',NULL,1,NULL,NULL,0,NULL,NULL),(8,'Quidemaliquidrepudiandaererum','Voluptas eligendi fugiat nulla rerum modi.','Fugiat enim sit et recusandae et.','Quidemaliquidrepudiandaererum','dakota.schmeler@collinsconroy.biz',NULL,NULL,'V6YCXD','dakota.schmeler@collinsconroy.biz',NULL,1,NULL,NULL,0,NULL,NULL),(9,'Temporenondolorummaxime','At enim incidunt maiores optio.','Esse est in doloremque voluptas labore placeat ipsam aut.','Temporenondolorummaxime','alicia.osinski@harveyziemann.co.uk',NULL,NULL,'3RRNMS','alicia.osinski@harveyziemann.co.uk',NULL,1,NULL,NULL,0,NULL,NULL),(10,'Remrepudiandaeautest','Aperiam autem corporis est distinctio at consequatur odio.','Esse ad minima quo est.','Remrepudiandaeautest','valentin@daniel.co.uk',NULL,NULL,'584GK7','valentin@daniel.co.uk',NULL,1,NULL,NULL,0,NULL,NULL),(11,'Minimaquiestet','Quia perferendis quis necessitatibus.','Quos accusantium voluptas repudiandae perspiciatis odit qui.','Minimaquiestet','roma_roob@lubowitz.com',NULL,NULL,'EU475N','roma_roob@lubowitz.com',NULL,1,NULL,NULL,0,NULL,NULL),(12,'Idisteeligendidolores','Saepe excepturi officiis maxime qui architecto dolorem fugit rerum.','Qui voluptate non nesciunt et.','Idisteeligendidolores','joanne@haag.co.uk',NULL,NULL,'2IU7I3','joanne@haag.co.uk',NULL,1,NULL,NULL,0,NULL,NULL);
/*!40000 ALTER TABLE `inventory_pools` ENABLE KEYS */;
UNLOCK TABLES;

--
-- Table structure for table `inventory_pools_model_groups`
--

DROP TABLE IF EXISTS `inventory_pools_model_groups`;
/*!40101 SET @saved_cs_client     = @@character_set_client */;
/*!40101 SET character_set_client = utf8 */;
CREATE TABLE `inventory_pools_model_groups` (
  `inventory_pool_id` int(11) DEFAULT NULL,
  `model_group_id` int(11) DEFAULT NULL,
  KEY `index_inventory_pools_model_groups_on_inventory_pool_id` (`inventory_pool_id`),
  KEY `index_inventory_pools_model_groups_on_model_group_id` (`model_group_id`),
  CONSTRAINT `inventory_pools_model_groups_model_group_id_fk` FOREIGN KEY (`model_group_id`) REFERENCES `model_groups` (`id`),
  CONSTRAINT `inventory_pools_model_groups_inventory_pool_id_fk` FOREIGN KEY (`inventory_pool_id`) REFERENCES `inventory_pools` (`id`)
) ENGINE=InnoDB DEFAULT CHARSET=utf8 COLLATE=utf8_unicode_ci;
/*!40101 SET character_set_client = @saved_cs_client */;

--
-- Dumping data for table `inventory_pools_model_groups`
--

LOCK TABLES `inventory_pools_model_groups` WRITE;
/*!40000 ALTER TABLE `inventory_pools_model_groups` DISABLE KEYS */;
INSERT INTO `inventory_pools_model_groups` VALUES (1,12),(1,13),(1,14);
/*!40000 ALTER TABLE `inventory_pools_model_groups` ENABLE KEYS */;
UNLOCK TABLES;

--
-- Table structure for table `items`
--

DROP TABLE IF EXISTS `items`;
/*!40101 SET @saved_cs_client     = @@character_set_client */;
/*!40101 SET character_set_client = utf8 */;
CREATE TABLE `items` (
  `id` int(11) NOT NULL AUTO_INCREMENT,
  `inventory_code` varchar(255) COLLATE utf8_unicode_ci DEFAULT NULL,
  `serial_number` varchar(255) COLLATE utf8_unicode_ci DEFAULT NULL,
  `model_id` int(11) DEFAULT NULL,
  `location_id` int(11) DEFAULT NULL,
  `supplier_id` int(11) DEFAULT NULL,
  `owner_id` int(11) NOT NULL,
  `parent_id` int(11) DEFAULT NULL,
  `invoice_number` varchar(255) COLLATE utf8_unicode_ci DEFAULT NULL,
  `invoice_date` date DEFAULT NULL,
  `last_check` date DEFAULT NULL,
  `retired` date DEFAULT NULL,
  `retired_reason` varchar(255) COLLATE utf8_unicode_ci DEFAULT NULL,
  `price` decimal(8,2) DEFAULT NULL,
  `is_broken` tinyint(1) DEFAULT '0',
  `is_incomplete` tinyint(1) DEFAULT '0',
  `is_borrowable` tinyint(1) DEFAULT '0',
  `needs_permission` tinyint(1) DEFAULT '0',
  `inventory_pool_id` int(11) NOT NULL,
  `is_inventory_relevant` tinyint(1) DEFAULT '0',
  `responsible` varchar(255) COLLATE utf8_unicode_ci DEFAULT NULL,
  `insurance_number` varchar(255) COLLATE utf8_unicode_ci DEFAULT NULL,
  `note` text COLLATE utf8_unicode_ci,
  `name` text COLLATE utf8_unicode_ci,
  `user_name` varchar(255) COLLATE utf8_unicode_ci DEFAULT NULL,
  `properties` text COLLATE utf8_unicode_ci,
  `created_at` datetime DEFAULT NULL,
  `updated_at` datetime DEFAULT NULL,
  `status_note` text COLLATE utf8_unicode_ci,
  PRIMARY KEY (`id`),
  UNIQUE KEY `index_items_on_inventory_code` (`inventory_code`),
  KEY `index_items_on_inventory_pool_id` (`inventory_pool_id`),
  KEY `index_items_on_retired` (`retired`),
  KEY `index_items_on_is_borrowable` (`is_borrowable`),
  KEY `index_items_on_is_broken` (`is_broken`),
  KEY `index_items_on_is_incomplete` (`is_incomplete`),
  KEY `index_items_on_location_id` (`location_id`),
  KEY `index_items_on_owner_id` (`owner_id`),
  KEY `index_items_on_parent_id_and_retired` (`parent_id`,`retired`),
  KEY `index_items_on_model_id_and_retired_and_inventory_pool_id` (`model_id`,`retired`,`inventory_pool_id`),
  KEY `items_supplier_id_fk` (`supplier_id`),
  CONSTRAINT `items_inventory_pool_id_fk` FOREIGN KEY (`inventory_pool_id`) REFERENCES `inventory_pools` (`id`),
  CONSTRAINT `items_location_id_fk` FOREIGN KEY (`location_id`) REFERENCES `locations` (`id`),
  CONSTRAINT `items_model_id_fk` FOREIGN KEY (`model_id`) REFERENCES `models` (`id`),
  CONSTRAINT `items_owner_id_fk` FOREIGN KEY (`owner_id`) REFERENCES `inventory_pools` (`id`),
  CONSTRAINT `items_parent_id_fk` FOREIGN KEY (`parent_id`) REFERENCES `items` (`id`) ON DELETE SET NULL,
  CONSTRAINT `items_supplier_id_fk` FOREIGN KEY (`supplier_id`) REFERENCES `suppliers` (`id`)
) ENGINE=InnoDB AUTO_INCREMENT=290 DEFAULT CHARSET=utf8 COLLATE=utf8_unicode_ci;
/*!40101 SET character_set_client = @saved_cs_client */;

--
-- Dumping data for table `items`
--

LOCK TABLES `items` WRITE;
/*!40000 ALTER TABLE `items` DISABLE KEYS */;
INSERT INTO `items` VALUES (1,'6vpgeoeuvhmm1zwqtjen1','e3:5f:2d:14:8d:b9-78:db:e5:69:52:dc-00:6d:37:8b:d6:65',24,NULL,1,1,NULL,NULL,'2010-04-14','2015-06-15',NULL,NULL,'1414.00',0,0,1,0,1,1,NULL,NULL,NULL,NULL,NULL,'--- !ruby/hash:ActiveSupport::HashWithIndifferentAccess\nanschaffungskategorie: AV-Technik\nreference: invoice\numzug: zgeln\nankunftszustand: intakt\n','2015-06-15 21:24:29','2015-06-15 21:24:29',NULL),(2,'cz5vxewbdz7yd5gxtt5t2','b2:d8:e3:ee:59:2c-d4:c4:44:55:8a:3d-96:a3:c1:16:8b:27',25,NULL,2,1,NULL,NULL,'2011-12-14','2015-06-15',NULL,NULL,'257.00',0,0,1,0,1,1,NULL,NULL,NULL,NULL,NULL,'--- !ruby/hash:ActiveSupport::HashWithIndifferentAccess\nanschaffungskategorie: AV-Technik\nreference: invoice\numzug: zgeln\nankunftszustand: intakt\n','2015-06-15 21:24:29','2015-06-15 21:24:29',NULL),(3,'92ft8jntc8xlujyju5lm3','38:08:76:4a:78:3d-4b:94:80:11:0c:eb-32:d8:1c:a4:3d:24',26,NULL,3,1,NULL,NULL,'2011-01-27','2015-06-15',NULL,NULL,'1268.00',0,0,1,0,1,1,NULL,NULL,NULL,NULL,NULL,'--- !ruby/hash:ActiveSupport::HashWithIndifferentAccess\nanschaffungskategorie: AV-Technik\nreference: invoice\numzug: zgeln\nankunftszustand: intakt\n','2015-06-15 21:24:29','2015-06-15 21:24:29',NULL),(4,'bd0offrebxmf7c3mvfd34','9e:18:83:86:84:09-3f:da:96:f3:03:16-98:35:cc:7e:88:72',27,NULL,4,1,NULL,NULL,'2014-01-01','2015-06-15',NULL,NULL,'784.00',0,0,1,0,1,1,NULL,NULL,NULL,NULL,NULL,'--- !ruby/hash:ActiveSupport::HashWithIndifferentAccess\nanschaffungskategorie: AV-Technik\nreference: invoice\numzug: zgeln\nankunftszustand: intakt\n','2015-06-15 21:24:29','2015-06-15 21:24:29',NULL),(5,'lytkxsuy2b46jtet6kjp5','62:16:c9:a6:48:a2-55:6b:e2:6e:9f:b7-8f:6c:f0:5f:13:76',28,NULL,5,1,NULL,NULL,'2013-03-03','2015-06-15',NULL,NULL,'1149.00',0,0,1,0,1,1,NULL,NULL,NULL,NULL,NULL,'--- !ruby/hash:ActiveSupport::HashWithIndifferentAccess\nanschaffungskategorie: AV-Technik\nreference: invoice\numzug: zgeln\nankunftszustand: intakt\n','2015-06-15 21:24:29','2015-06-15 21:24:29',NULL),(6,'d1ecpiuut764xbia17v76','66:ff:d6:de:11:8e-74:17:00:c5:7f:b6-56:db:78:91:a9:db',29,NULL,6,1,NULL,NULL,'2010-12-08','2015-06-15',NULL,NULL,'1303.00',0,0,1,0,1,1,NULL,NULL,NULL,NULL,NULL,'--- !ruby/hash:ActiveSupport::HashWithIndifferentAccess\nanschaffungskategorie: AV-Technik\nreference: invoice\numzug: zgeln\nankunftszustand: intakt\n','2015-06-15 21:24:29','2015-06-15 21:24:29',NULL),(7,'o0mt3o0cq9zjcljc85ta7','a2:ca:e4:88:c5:42-34:5e:62:7e:0a:5b-87:a6:fe:aa:bb:cb',30,NULL,7,1,NULL,NULL,'2012-05-17','2015-06-15',NULL,NULL,'778.00',0,0,1,0,1,1,NULL,NULL,NULL,NULL,NULL,'--- !ruby/hash:ActiveSupport::HashWithIndifferentAccess\nanschaffungskategorie: AV-Technik\nreference: invoice\numzug: zgeln\nankunftszustand: intakt\n','2015-06-15 21:24:29','2015-06-15 21:24:29',NULL),(8,'cpzse2ze6ujya4co811z8','19:4f:ad:d4:7a:83-ef:ac:ec:a4:00:56-03:b7:dd:e1:9a:4a',31,NULL,8,1,NULL,NULL,'2013-04-08','2015-06-15',NULL,NULL,'1033.00',0,0,1,0,1,1,NULL,NULL,NULL,NULL,NULL,'--- !ruby/hash:ActiveSupport::HashWithIndifferentAccess\nanschaffungskategorie: AV-Technik\nreference: invoice\numzug: zgeln\nankunftszustand: intakt\n','2015-06-15 21:24:29','2015-06-15 21:24:29',NULL),(9,'ii69kpooyvhjou6aehnr9','38:ed:7b:1a:4e:b3-20:1a:45:76:5a:04-e5:f2:1e:f8:82:0e',32,NULL,9,1,NULL,NULL,'2012-11-30','2015-06-15',NULL,NULL,'1331.00',0,0,1,0,1,1,NULL,NULL,NULL,NULL,NULL,'--- !ruby/hash:ActiveSupport::HashWithIndifferentAccess\nanschaffungskategorie: AV-Technik\nreference: invoice\numzug: zgeln\nankunftszustand: intakt\n','2015-06-15 21:24:29','2015-06-15 21:24:29',NULL),(10,'l3t5veon82c7cll6lx5j10','51:76:05:03:2c:5c-50:0d:00:a3:06:7e-6b:83:f0:d0:3e:34',33,NULL,10,1,NULL,NULL,'2014-11-09','2015-06-15',NULL,NULL,'539.00',0,0,1,0,1,1,NULL,NULL,NULL,NULL,NULL,'--- !ruby/hash:ActiveSupport::HashWithIndifferentAccess\nanschaffungskategorie: AV-Technik\nreference: invoice\numzug: zgeln\nankunftszustand: intakt\n','2015-06-15 21:24:29','2015-06-15 21:24:29',NULL),(11,'98xlsd0errakbwvy6svd11','58:1f:45:9e:04:9c-58:d0:48:ee:ce:bd-cd:aa:39:3c:80:31',34,NULL,11,1,NULL,NULL,'2013-12-08','2015-06-15',NULL,NULL,'921.00',0,0,1,0,1,1,NULL,NULL,NULL,NULL,NULL,'--- !ruby/hash:ActiveSupport::HashWithIndifferentAccess\nanschaffungskategorie: AV-Technik\nreference: invoice\numzug: zgeln\nankunftszustand: intakt\n','2015-06-15 21:24:29','2015-06-15 21:24:29',NULL),(12,'145bz6q5remtcubb8bmp12','09:ba:35:be:40:99-cd:82:fa:6c:d4:2d-9a:4d:4b:a7:d1:d1',35,NULL,12,1,NULL,NULL,'2012-06-11','2015-06-15',NULL,NULL,'574.00',0,0,1,0,1,1,NULL,NULL,NULL,NULL,NULL,'--- !ruby/hash:ActiveSupport::HashWithIndifferentAccess\nanschaffungskategorie: AV-Technik\nreference: invoice\numzug: zgeln\nankunftszustand: intakt\n','2015-06-15 21:24:29','2015-06-15 21:24:29',NULL),(13,'9wogng9w2jx2y18uczzh13','b0:83:b4:f5:fa:ec-c0:b1:6b:f0:a6:5c-95:d4:45:19:91:6f',36,NULL,13,1,NULL,NULL,'2011-10-01','2015-06-15',NULL,NULL,'819.00',0,0,1,0,1,1,NULL,NULL,NULL,NULL,NULL,'--- !ruby/hash:ActiveSupport::HashWithIndifferentAccess\nanschaffungskategorie: AV-Technik\nreference: invoice\numzug: zgeln\nankunftszustand: intakt\n','2015-06-15 21:24:29','2015-06-15 21:24:29',NULL),(14,'yo0fdpx0ztoe9og3fb1b14','22:6c:5a:9f:34:cc-d6:cd:c6:11:a1:27-1f:42:7d:d4:d2:de',37,NULL,14,1,NULL,NULL,'2013-10-19','2015-06-15',NULL,NULL,'1342.00',0,0,1,0,1,1,NULL,NULL,NULL,NULL,NULL,'--- !ruby/hash:ActiveSupport::HashWithIndifferentAccess\nanschaffungskategorie: AV-Technik\nreference: invoice\numzug: zgeln\nankunftszustand: intakt\n','2015-06-15 21:24:29','2015-06-15 21:24:29',NULL),(15,'r14whvtjiacrfwm0zmlh15','99:27:16:4b:05:cd-de:64:b1:01:33:c2-a4:92:7a:c6:98:f9',38,NULL,15,1,NULL,NULL,'2013-03-27','2015-06-15',NULL,NULL,'508.00',0,0,1,0,1,1,NULL,NULL,NULL,NULL,NULL,'--- !ruby/hash:ActiveSupport::HashWithIndifferentAccess\nanschaffungskategorie: AV-Technik\nreference: invoice\numzug: zgeln\nankunftszustand: intakt\n','2015-06-15 21:24:29','2015-06-15 21:24:29',NULL),(16,'o36lwgrlila3q9vykjd116','5c:16:45:bf:5a:39-7f:70:8e:09:73:d0-d6:11:0b:21:c2:04',39,NULL,16,1,NULL,NULL,'2012-06-22','2015-06-15',NULL,NULL,'1166.00',0,0,1,0,1,1,NULL,NULL,NULL,NULL,NULL,'--- !ruby/hash:ActiveSupport::HashWithIndifferentAccess\nanschaffungskategorie: AV-Technik\nreference: invoice\numzug: zgeln\nankunftszustand: intakt\n','2015-06-15 21:24:29','2015-06-15 21:24:29',NULL),(17,'y5ngungshub6jv54140j17','33:21:aa:9b:d5:dc-3d:4a:d0:c8:6e:ec-45:e7:ad:38:48:1e',40,NULL,17,1,NULL,NULL,'2014-10-18','2015-06-15',NULL,NULL,'1369.00',0,0,1,0,1,1,NULL,NULL,NULL,NULL,NULL,'--- !ruby/hash:ActiveSupport::HashWithIndifferentAccess\nanschaffungskategorie: AV-Technik\nreference: invoice\numzug: zgeln\nankunftszustand: intakt\n','2015-06-15 21:24:29','2015-06-15 21:24:29',NULL),(18,'r49r8you59j8jlf70k7318','23:6e:6b:27:f3:2c-72:dd:ca:a8:7e:42-a7:d8:53:c9:f9:55',41,NULL,18,1,NULL,NULL,'2014-09-26','2015-06-15',NULL,NULL,'83.00',0,0,1,0,1,1,NULL,NULL,NULL,NULL,NULL,'--- !ruby/hash:ActiveSupport::HashWithIndifferentAccess\nanschaffungskategorie: AV-Technik\nreference: invoice\numzug: zgeln\nankunftszustand: intakt\n','2015-06-15 21:24:29','2015-06-15 21:24:29',NULL),(19,'0grom6d36sm41ymadl3819','12:cc:8a:cd:b3:27-4d:cc:76:cf:71:39-d1:79:33:80:50:e7',42,NULL,19,1,NULL,NULL,'2011-03-27','2015-06-15',NULL,NULL,'690.00',0,0,1,0,1,1,NULL,NULL,NULL,NULL,NULL,'--- !ruby/hash:ActiveSupport::HashWithIndifferentAccess\nanschaffungskategorie: AV-Technik\nreference: invoice\numzug: zgeln\nankunftszustand: intakt\n','2015-06-15 21:24:29','2015-06-15 21:24:29',NULL),(20,'873o175hp99h102d5km820','d1:87:3b:31:b9:51-29:3d:eb:22:8b:97-06:c5:64:53:73:2f',43,NULL,20,1,NULL,NULL,'2014-04-22','2015-06-15',NULL,NULL,'259.00',0,0,1,0,1,1,NULL,NULL,NULL,NULL,NULL,'--- !ruby/hash:ActiveSupport::HashWithIndifferentAccess\nanschaffungskategorie: AV-Technik\nreference: invoice\numzug: zgeln\nankunftszustand: intakt\n','2015-06-15 21:24:29','2015-06-15 21:24:29',NULL),(21,'5v96fv6wbmh560mm9sfw21','24:17:ea:c4:02:bd-b0:b4:46:a7:5b:c1-c5:ab:84:45:47:f9',44,NULL,21,1,NULL,NULL,'2011-03-17','2015-06-15',NULL,NULL,'879.00',0,0,1,0,1,1,NULL,NULL,NULL,NULL,NULL,'--- !ruby/hash:ActiveSupport::HashWithIndifferentAccess\nanschaffungskategorie: AV-Technik\nreference: invoice\numzug: zgeln\nankunftszustand: intakt\n','2015-06-15 21:24:29','2015-06-15 21:24:29',NULL),(22,'le4qukukc69xdib3oj5h22','c0:11:0d:54:90:79-72:2c:31:f7:60:60-a7:65:28:93:8f:ef',45,NULL,22,1,NULL,NULL,'2014-12-27','2015-06-15',NULL,NULL,'337.00',0,0,1,0,1,1,NULL,NULL,NULL,NULL,NULL,'--- !ruby/hash:ActiveSupport::HashWithIndifferentAccess\nanschaffungskategorie: AV-Technik\nreference: invoice\numzug: zgeln\nankunftszustand: intakt\n','2015-06-15 21:24:29','2015-06-15 21:24:29',NULL),(23,'hxwges1g00gdsdcs0cpf23','b1:30:f5:4c:b9:46-cd:a9:f2:c1:13:92-20:09:dc:1b:e7:26',46,NULL,23,1,NULL,NULL,'2014-08-14','2015-06-15',NULL,NULL,'600.00',0,0,1,0,1,1,NULL,NULL,NULL,NULL,NULL,'--- !ruby/hash:ActiveSupport::HashWithIndifferentAccess\nanschaffungskategorie: AV-Technik\nreference: invoice\numzug: zgeln\nankunftszustand: intakt\n','2015-06-15 21:24:29','2015-06-15 21:24:29',NULL),(24,'2jxezbbwslrx5yv5puiy24','a4:ad:3e:cc:09:12-84:07:be:1d:7a:a1-2d:f8:d9:4d:95:a5',47,NULL,24,1,NULL,NULL,'2010-11-03','2015-06-15',NULL,NULL,'114.00',0,0,1,0,1,1,NULL,NULL,NULL,NULL,NULL,'--- !ruby/hash:ActiveSupport::HashWithIndifferentAccess\nanschaffungskategorie: AV-Technik\nreference: invoice\numzug: zgeln\nankunftszustand: intakt\n','2015-06-15 21:24:29','2015-06-15 21:24:29',NULL),(25,'s67r7nsrcxputw4wxc7825','af:55:a4:c1:d4:45-17:66:3a:30:cd:5a-a1:38:1c:4a:97:80',48,NULL,25,1,NULL,NULL,'2010-11-11','2015-06-15',NULL,NULL,'923.00',0,0,1,0,1,1,NULL,NULL,NULL,NULL,NULL,'--- !ruby/hash:ActiveSupport::HashWithIndifferentAccess\nanschaffungskategorie: AV-Technik\nreference: invoice\numzug: zgeln\nankunftszustand: intakt\n','2015-06-15 21:24:29','2015-06-15 21:24:29',NULL),(26,'fnlo8jlmz17l19aig5nd26','8e:9d:bd:37:e4:b3-37:59:f0:4f:7e:b7-f9:f1:cc:11:83:56',49,NULL,26,1,NULL,NULL,'2012-03-13','2015-06-15',NULL,NULL,'739.00',0,0,1,0,1,1,NULL,NULL,NULL,NULL,NULL,'--- !ruby/hash:ActiveSupport::HashWithIndifferentAccess\nanschaffungskategorie: AV-Technik\nreference: invoice\numzug: zgeln\nankunftszustand: intakt\n','2015-06-15 21:24:29','2015-06-15 21:24:29',NULL),(27,'vkytd5bqn6f9is9mjler27','3c:59:fe:f6:2e:b4-6a:68:d0:9b:73:19-66:00:cf:72:5a:a2',50,NULL,27,1,NULL,NULL,'2011-08-16','2015-06-15',NULL,NULL,'338.00',0,0,1,0,1,1,NULL,NULL,NULL,NULL,NULL,'--- !ruby/hash:ActiveSupport::HashWithIndifferentAccess\nanschaffungskategorie: AV-Technik\nreference: invoice\numzug: zgeln\nankunftszustand: intakt\n','2015-06-15 21:24:29','2015-06-15 21:24:29',NULL),(28,'723dj7s6bmrugvgbcuqi28','be:a0:eb:66:dd:8c-d6:aa:05:58:fd:e4-1f:a7:00:05:16:be',51,NULL,28,1,NULL,NULL,'2011-10-02','2015-06-15',NULL,NULL,'159.00',0,0,1,0,1,1,NULL,NULL,NULL,NULL,NULL,'--- !ruby/hash:ActiveSupport::HashWithIndifferentAccess\nanschaffungskategorie: AV-Technik\nreference: invoice\numzug: zgeln\nankunftszustand: intakt\n','2015-06-15 21:24:29','2015-06-15 21:24:29',NULL),(29,'yqkhbginy2p5duv4u54t29','e8:77:a2:10:a7:ff-73:95:60:09:17:37-0c:1b:51:34:92:cc',52,NULL,29,1,NULL,NULL,'2011-08-24','2015-06-15',NULL,NULL,'266.00',0,0,1,0,1,1,NULL,NULL,NULL,NULL,NULL,'--- !ruby/hash:ActiveSupport::HashWithIndifferentAccess\nanschaffungskategorie: AV-Technik\nreference: invoice\numzug: zgeln\nankunftszustand: intakt\n','2015-06-15 21:24:29','2015-06-15 21:24:29',NULL),(30,'fbsk7vdfhmly6cr9u5k930','08:29:de:7f:cc:d6-28:9f:bf:af:be:f0-68:50:77:66:a7:a7',53,NULL,30,1,NULL,NULL,'2012-06-09','2015-06-15',NULL,NULL,'699.00',0,0,1,0,1,1,NULL,NULL,NULL,NULL,NULL,'--- !ruby/hash:ActiveSupport::HashWithIndifferentAccess\nanschaffungskategorie: AV-Technik\nreference: invoice\numzug: zgeln\nankunftszustand: intakt\n','2015-06-15 21:24:29','2015-06-15 21:24:29',NULL),(31,'1xounpq68le9so9l879331','83:cb:c6:3e:89:36-26:4a:f0:57:7d:c3-a1:7b:57:38:d8:88',54,NULL,31,1,NULL,NULL,'2010-02-21','2015-06-15',NULL,NULL,'1038.00',0,0,1,0,1,1,NULL,NULL,NULL,NULL,NULL,'--- !ruby/hash:ActiveSupport::HashWithIndifferentAccess\nanschaffungskategorie: AV-Technik\nreference: invoice\numzug: zgeln\nankunftszustand: intakt\n','2015-06-15 21:24:29','2015-06-15 21:24:29',NULL),(32,'mcp5akoo6xofgznwlpp032','56:60:4a:b2:15:c9-c2:d3:b4:70:fb:97-10:18:8f:50:ab:01',55,NULL,32,1,NULL,NULL,'2012-07-04','2015-06-15',NULL,NULL,'1463.00',0,0,1,0,1,1,NULL,NULL,NULL,NULL,NULL,'--- !ruby/hash:ActiveSupport::HashWithIndifferentAccess\nanschaffungskategorie: AV-Technik\nreference: invoice\numzug: zgeln\nankunftszustand: intakt\n','2015-06-15 21:24:29','2015-06-15 21:24:29',NULL),(33,'zsukpsxogfofwsz1wp3n33','4c:94:93:99:b2:cd-7f:7b:9a:d7:cf:e0-16:98:37:45:32:ee',56,NULL,33,1,NULL,NULL,'2014-08-12','2015-06-15',NULL,NULL,'922.00',0,0,1,0,1,1,NULL,NULL,NULL,NULL,NULL,'--- !ruby/hash:ActiveSupport::HashWithIndifferentAccess\nanschaffungskategorie: AV-Technik\nreference: invoice\numzug: zgeln\nankunftszustand: intakt\n','2015-06-15 21:24:29','2015-06-15 21:24:29',NULL),(34,'t4gkxho14scrnrknmdad34','cb:6f:26:7f:c3:38-23:67:31:e2:45:80-d9:36:91:34:df:98',57,NULL,34,1,NULL,NULL,'2011-12-28','2015-06-15',NULL,NULL,'177.00',0,0,1,0,1,1,NULL,NULL,NULL,NULL,NULL,'--- !ruby/hash:ActiveSupport::HashWithIndifferentAccess\nanschaffungskategorie: AV-Technik\nreference: invoice\numzug: zgeln\nankunftszustand: intakt\n','2015-06-15 21:24:29','2015-06-15 21:24:29',NULL),(35,'mlqwld09i23uhv6pdc5n35','14:fb:80:b2:28:29-bc:85:e3:3c:c9:17-35:42:d3:4e:a6:b6',58,NULL,35,1,NULL,NULL,'2010-07-16','2015-06-15',NULL,NULL,'1006.00',0,0,1,0,1,1,NULL,NULL,NULL,NULL,NULL,'--- !ruby/hash:ActiveSupport::HashWithIndifferentAccess\nanschaffungskategorie: AV-Technik\nreference: invoice\numzug: zgeln\nankunftszustand: intakt\n','2015-06-15 21:24:29','2015-06-15 21:24:29',NULL),(36,'uoszz15adyvt950cbqab36','fe:ba:37:43:30:b8-0f:f5:c6:2d:8c:24-ad:6c:cf:b7:40:79',59,NULL,36,1,NULL,NULL,'2014-01-09','2015-06-15',NULL,NULL,'303.00',0,0,1,0,1,1,NULL,NULL,NULL,NULL,NULL,'--- !ruby/hash:ActiveSupport::HashWithIndifferentAccess\nanschaffungskategorie: AV-Technik\nreference: invoice\numzug: zgeln\nankunftszustand: intakt\n','2015-06-15 21:24:29','2015-06-15 21:24:29',NULL),(37,'102hbumzwt9dle1mz12737','88:d7:57:ee:8b:87-ef:2d:c2:cc:f2:63-ec:c6:73:f1:8f:92',60,NULL,37,1,NULL,NULL,'2013-01-20','2015-06-15',NULL,NULL,'177.00',0,0,1,0,1,1,NULL,NULL,NULL,NULL,NULL,'--- !ruby/hash:ActiveSupport::HashWithIndifferentAccess\nanschaffungskategorie: AV-Technik\nreference: invoice\numzug: zgeln\nankunftszustand: intakt\n','2015-06-15 21:24:29','2015-06-15 21:24:29',NULL),(38,'d82lbugs7n2dkw4azaxl38','d3:93:29:e3:81:f0-48:24:76:ef:26:27-19:0a:93:f0:70:99',61,NULL,38,1,NULL,NULL,'2013-07-10','2015-06-15',NULL,NULL,'1171.00',0,0,1,0,1,1,NULL,NULL,NULL,NULL,NULL,'--- !ruby/hash:ActiveSupport::HashWithIndifferentAccess\nanschaffungskategorie: AV-Technik\nreference: invoice\numzug: zgeln\nankunftszustand: intakt\n','2015-06-15 21:24:29','2015-06-15 21:24:29',NULL),(39,'7gkt3kbesywbl0dfr3z239','70:94:5c:25:7c:b3-9b:aa:87:ba:5d:e4-2c:09:3a:60:9a:5b',62,NULL,39,1,NULL,NULL,'2011-04-25','2015-06-15',NULL,NULL,'642.00',0,0,1,0,1,1,NULL,NULL,NULL,NULL,NULL,'--- !ruby/hash:ActiveSupport::HashWithIndifferentAccess\nanschaffungskategorie: AV-Technik\nreference: invoice\numzug: zgeln\nankunftszustand: intakt\n','2015-06-15 21:24:29','2015-06-15 21:24:29',NULL),(40,'qruhqvn2chq16myfk0fz40','eb:6b:bc:55:80:df-44:2e:e0:99:7d:a3-7d:c0:f7:52:a1:49',63,NULL,40,1,NULL,NULL,'2012-11-05','2015-06-15',NULL,NULL,'271.00',0,0,1,0,1,1,NULL,NULL,NULL,NULL,NULL,'--- !ruby/hash:ActiveSupport::HashWithIndifferentAccess\nanschaffungskategorie: AV-Technik\nreference: invoice\numzug: zgeln\nankunftszustand: intakt\n','2015-06-15 21:24:29','2015-06-15 21:24:29',NULL),(41,'25n9xflnqf5redk4v1nf41','5e:50:9a:95:1a:ae-f2:bb:06:ef:cf:46-21:97:d7:42:81:17',64,NULL,41,1,NULL,NULL,'2012-12-26','2015-06-15',NULL,NULL,'158.00',0,0,1,0,1,1,NULL,NULL,NULL,NULL,NULL,'--- !ruby/hash:ActiveSupport::HashWithIndifferentAccess\nanschaffungskategorie: AV-Technik\nreference: invoice\numzug: zgeln\nankunftszustand: intakt\n','2015-06-15 21:24:29','2015-06-15 21:24:29',NULL),(42,'owbwzypanoev0vrvlj4042','d2:3e:d0:79:8d:c8-6c:56:5e:86:a0:4f-0d:d3:25:95:ff:f0',65,NULL,42,1,NULL,NULL,'2012-10-11','2015-06-15',NULL,NULL,'605.00',0,0,1,0,1,1,NULL,NULL,NULL,NULL,NULL,'--- !ruby/hash:ActiveSupport::HashWithIndifferentAccess\nanschaffungskategorie: AV-Technik\nreference: invoice\numzug: zgeln\nankunftszustand: intakt\n','2015-06-15 21:24:29','2015-06-15 21:24:29',NULL),(43,'1mfgqb65e19m4rzx6xhx43','28:3a:25:14:9e:fc-f1:84:fd:2b:94:51-48:53:42:26:d6:ec',66,NULL,43,1,NULL,NULL,'2012-11-22','2015-06-15',NULL,NULL,'256.00',0,0,1,0,1,1,NULL,NULL,NULL,NULL,NULL,'--- !ruby/hash:ActiveSupport::HashWithIndifferentAccess\nanschaffungskategorie: AV-Technik\nreference: invoice\numzug: zgeln\nankunftszustand: intakt\n','2015-06-15 21:24:29','2015-06-15 21:24:29',NULL),(44,'nuizzgj0e0yqmyilx43r44','f6:e1:ee:78:f3:2a-aa:79:15:df:f4:3b-3b:e6:5b:e6:f4:6c',67,NULL,44,1,NULL,NULL,'2013-06-17','2015-06-15',NULL,NULL,'180.00',0,0,1,0,1,1,NULL,NULL,NULL,NULL,NULL,'--- !ruby/hash:ActiveSupport::HashWithIndifferentAccess\nanschaffungskategorie: AV-Technik\nreference: invoice\numzug: zgeln\nankunftszustand: intakt\n','2015-06-15 21:24:29','2015-06-15 21:24:29',NULL),(45,'yq58gd6kzalkioy4worl45','ac:f3:0f:bb:96:3e-e7:7c:af:3b:92:d8-69:71:48:62:52:5b',68,NULL,45,1,NULL,NULL,'2012-02-13','2015-06-15',NULL,NULL,'843.00',0,0,1,0,1,1,NULL,NULL,NULL,NULL,NULL,'--- !ruby/hash:ActiveSupport::HashWithIndifferentAccess\nanschaffungskategorie: AV-Technik\nreference: invoice\numzug: zgeln\nankunftszustand: intakt\n','2015-06-15 21:24:29','2015-06-15 21:24:29',NULL),(46,'d0x955nbxkzcefp466ve46','d1:05:ad:42:48:61-0d:51:35:60:f1:45-a5:a1:1a:02:13:ff',69,NULL,46,1,NULL,NULL,'2013-09-08','2015-06-15',NULL,NULL,'124.00',0,0,1,0,1,1,NULL,NULL,NULL,NULL,NULL,'--- !ruby/hash:ActiveSupport::HashWithIndifferentAccess\nanschaffungskategorie: AV-Technik\nreference: invoice\numzug: zgeln\nankunftszustand: intakt\n','2015-06-15 21:24:29','2015-06-15 21:24:29',NULL),(47,'0uunotjdvfkj1mk2tuu447','d6:60:9a:df:10:74-3b:88:ab:c6:81:d4-df:34:22:74:77:72',70,NULL,47,1,NULL,NULL,'2010-04-10','2015-06-15',NULL,NULL,'178.00',0,0,1,0,1,1,NULL,NULL,NULL,NULL,NULL,'--- !ruby/hash:ActiveSupport::HashWithIndifferentAccess\nanschaffungskategorie: AV-Technik\nreference: invoice\numzug: zgeln\nankunftszustand: intakt\n','2015-06-15 21:24:29','2015-06-15 21:24:29',NULL),(48,'tpzvdrny4m36dh72kwth48','f9:2c:79:71:6a:cb-54:0e:fb:b3:d4:7e-3a:3c:7c:0e:db:9b',71,NULL,48,1,NULL,NULL,'2011-02-28','2015-06-15',NULL,NULL,'184.00',0,0,1,0,1,1,NULL,NULL,NULL,NULL,NULL,'--- !ruby/hash:ActiveSupport::HashWithIndifferentAccess\nanschaffungskategorie: AV-Technik\nreference: invoice\numzug: zgeln\nankunftszustand: intakt\n','2015-06-15 21:24:29','2015-06-15 21:24:29',NULL),(49,'jmyame5jo7ew8zolrvxl49','29:41:02:d0:43:1c-81:53:22:0b:47:2f-0e:02:45:6b:35:3b',72,NULL,49,1,NULL,NULL,'2012-10-21','2015-06-15',NULL,NULL,'151.00',0,0,1,0,1,1,NULL,NULL,NULL,NULL,NULL,'--- !ruby/hash:ActiveSupport::HashWithIndifferentAccess\nanschaffungskategorie: AV-Technik\nreference: invoice\numzug: zgeln\nankunftszustand: intakt\n','2015-06-15 21:24:29','2015-06-15 21:24:29',NULL),(50,'lctyn1oiolw4400z3f4a50','00:73:c9:ea:25:e3-ed:78:2d:cc:88:e0-a7:31:00:1c:fc:13',73,NULL,50,1,NULL,NULL,'2010-08-17','2015-06-15',NULL,NULL,'1368.00',0,0,1,0,1,1,NULL,NULL,NULL,NULL,NULL,'--- !ruby/hash:ActiveSupport::HashWithIndifferentAccess\nanschaffungskategorie: AV-Technik\nreference: invoice\numzug: zgeln\nankunftszustand: intakt\n','2015-06-15 21:24:29','2015-06-15 21:24:29',NULL),(51,'book1','book1',1,1,51,2,NULL,NULL,'2014-11-02','2015-06-15',NULL,NULL,'1204.00',0,0,1,0,2,1,NULL,NULL,NULL,NULL,NULL,'--- !ruby/hash:ActiveSupport::HashWithIndifferentAccess\nanschaffungskategorie: AV-Technik\nreference: invoice\numzug: zgeln\nankunftszustand: intakt\n','2015-06-15 21:24:29','2015-06-15 21:24:29',NULL),(52,'book2','book2',1,1,52,2,NULL,NULL,'2012-12-09','2015-06-15',NULL,NULL,'1116.00',0,0,1,0,2,1,NULL,NULL,NULL,NULL,NULL,'--- !ruby/hash:ActiveSupport::HashWithIndifferentAccess\nanschaffungskategorie: AV-Technik\nreference: invoice\numzug: zgeln\nankunftszustand: intakt\n','2015-06-15 21:24:29','2015-06-15 21:24:29',NULL),(53,'beam123','xyz456',2,1,53,1,NULL,NULL,'2012-12-09','2015-06-15',NULL,NULL,'1384.00',0,0,1,0,1,1,NULL,NULL,NULL,NULL,NULL,'--- !ruby/hash:ActiveSupport::HashWithIndifferentAccess\nanschaffungskategorie: AV-Technik\nreference: invoice\numzug: zgeln\nankunftszustand: intakt\n','2015-06-15 21:24:29','2015-06-15 21:24:29',NULL),(54,'beam345','xyz890',2,1,54,1,NULL,NULL,'2011-04-16','2015-06-15',NULL,NULL,'572.00',0,0,1,0,1,1,NULL,NULL,NULL,NULL,NULL,'--- !ruby/hash:ActiveSupport::HashWithIndifferentAccess\nanschaffungskategorie: AV-Technik\nreference: invoice\numzug: zgeln\nankunftszustand: intakt\n','2015-06-15 21:24:29','2015-06-15 21:24:29',NULL),(55,'beam678','xyz678',3,1,55,1,NULL,NULL,'2010-04-07','2015-06-15',NULL,NULL,'272.00',0,0,1,0,1,1,NULL,NULL,NULL,NULL,NULL,'--- !ruby/hash:ActiveSupport::HashWithIndifferentAccess\nanschaffungskategorie: AV-Technik\nreference: invoice\numzug: zgeln\nankunftszustand: intakt\n','2015-06-15 21:24:29','2015-06-15 21:24:29',NULL),(56,'beam749','xyz749',2,1,56,1,NULL,NULL,'2012-06-05','2015-06-15',NULL,NULL,'549.00',0,0,1,0,2,1,NULL,NULL,NULL,NULL,NULL,'--- !ruby/hash:ActiveSupport::HashWithIndifferentAccess\nanschaffungskategorie: AV-Technik\nreference: invoice\numzug: zgeln\nankunftszustand: intakt\n','2015-06-15 21:24:29','2015-06-15 21:24:29',NULL),(57,'beamTest123','xyz74912',5,1,57,1,NULL,NULL,'2011-05-20','2015-06-15',NULL,NULL,'310.00',0,0,1,0,1,1,NULL,NULL,NULL,NULL,NULL,'--- !ruby/hash:ActiveSupport::HashWithIndifferentAccess\nanschaffungskategorie: AV-Technik\nreference: invoice\numzug: zgeln\nankunftszustand: intakt\n','2015-06-15 21:24:29','2015-06-15 21:24:29',NULL),(58,'ucbeam1','minbeam1',6,1,58,1,NULL,NULL,'2014-06-10','2015-06-15',NULL,NULL,'649.00',0,0,1,0,1,1,NULL,NULL,NULL,'ucbeam1',NULL,'--- !ruby/hash:ActiveSupport::HashWithIndifferentAccess\nanschaffungskategorie: AV-Technik\nreference: invoice\numzug: zgeln\nankunftszustand: intakt\n','2015-06-15 21:24:29','2015-06-15 21:24:29',NULL),(59,'microbeam1','microbeam1',7,1,59,1,NULL,NULL,'2013-05-21','2015-06-15',NULL,NULL,'846.00',0,0,1,0,1,1,NULL,NULL,NULL,'microbeam1',NULL,'--- !ruby/hash:ActiveSupport::HashWithIndifferentAccess\nanschaffungskategorie: AV-Technik\nreference: invoice\numzug: zgeln\nankunftszustand: intakt\n','2015-06-15 21:24:29','2015-06-15 21:24:29',NULL),(60,'cam123','abc234',8,1,60,1,NULL,NULL,'2014-07-05','2015-06-15',NULL,NULL,'1162.00',0,0,1,0,1,1,NULL,NULL,NULL,NULL,NULL,'--- !ruby/hash:ActiveSupport::HashWithIndifferentAccess\nanschaffungskategorie: AV-Technik\nreference: invoice\numzug: zgeln\nankunftszustand: intakt\n','2015-06-15 21:24:29','2015-06-15 21:24:29',NULL),(61,'cam345','ab567',8,1,61,1,NULL,NULL,'2012-02-08','2015-06-15',NULL,NULL,'671.00',0,0,1,0,1,1,NULL,NULL,NULL,NULL,NULL,'--- !ruby/hash:ActiveSupport::HashWithIndifferentAccess\nanschaffungskategorie: AV-Technik\nreference: invoice\numzug: zgeln\nankunftszustand: intakt\n','2015-06-15 21:24:29','2015-06-15 21:24:29',NULL),(62,'cam567','ab789',8,1,62,1,NULL,NULL,'2012-06-14','2015-06-15',NULL,NULL,'1396.00',0,0,1,0,1,1,NULL,NULL,NULL,NULL,NULL,'--- !ruby/hash:ActiveSupport::HashWithIndifferentAccess\nanschaffungskategorie: AV-Technik\nreference: invoice\numzug: zgeln\nankunftszustand: intakt\n','2015-06-15 21:24:29','2015-06-15 21:24:29',NULL),(63,'cam53267','ab782129',8,1,63,1,NULL,NULL,'2014-12-05','2015-06-15',NULL,NULL,'1286.00',0,0,1,0,1,1,NULL,NULL,NULL,NULL,NULL,'--- !ruby/hash:ActiveSupport::HashWithIndifferentAccess\nanschaffungskategorie: AV-Technik\nreference: invoice\numzug: zgeln\nankunftszustand: intakt\n','2015-06-15 21:24:29','2015-06-15 21:24:29',NULL),(64,'cam532asd67','ab78as2129',8,1,64,1,NULL,NULL,'2014-04-04','2015-06-15',NULL,NULL,'830.00',0,0,1,0,1,1,NULL,NULL,NULL,NULL,NULL,'--- !ruby/hash:ActiveSupport::HashWithIndifferentAccess\nanschaffungskategorie: AV-Technik\nreference: invoice\numzug: zgeln\nankunftszustand: intakt\n','2015-06-15 21:24:29','2015-06-15 21:24:29',NULL),(65,'tri789','fgh567',9,1,65,1,NULL,NULL,'2011-11-29','2015-06-15',NULL,NULL,'1040.00',0,0,1,0,1,1,NULL,NULL,NULL,NULL,NULL,'--- !ruby/hash:ActiveSupport::HashWithIndifferentAccess\nanschaffungskategorie: AV-Technik\nreference: invoice\numzug: zgeln\nankunftszustand: intakt\n','2015-06-15 21:24:29','2015-06-15 21:24:29',NULL),(66,'tri123','fgh987',9,1,66,1,NULL,NULL,'2014-10-24','2015-06-15',NULL,NULL,'67.00',0,0,1,0,1,1,NULL,NULL,NULL,NULL,NULL,'--- !ruby/hash:ActiveSupport::HashWithIndifferentAccess\nanschaffungskategorie: AV-Technik\nreference: invoice\numzug: zgeln\nankunftszustand: intakt\n','2015-06-15 21:24:29','2015-06-15 21:24:29',NULL),(67,'tri923','asd213',9,1,67,1,NULL,NULL,'2010-05-27','2015-06-15',NULL,NULL,'1358.00',0,0,1,0,1,1,NULL,NULL,NULL,NULL,NULL,'--- !ruby/hash:ActiveSupport::HashWithIndifferentAccess\nanschaffungskategorie: AV-Technik\nreference: invoice\numzug: zgeln\nankunftszustand: intakt\n','2015-06-15 21:24:29','2015-06-15 21:24:29',NULL),(68,'tri212','tri212',9,1,68,1,NULL,NULL,'2013-02-14','2015-06-15',NULL,NULL,'1245.00',0,0,1,0,1,1,NULL,NULL,NULL,NULL,NULL,'--- !ruby/hash:ActiveSupport::HashWithIndifferentAccess\nanschaffungskategorie: AV-Technik\nreference: invoice\numzug: zgeln\nankunftszustand: intakt\n','2015-06-15 21:24:29','2015-06-15 21:24:29',NULL),(69,'hifi123','hifi123',10,1,69,1,NULL,NULL,'2011-02-03','2015-06-15',NULL,NULL,'1430.00',0,0,1,0,1,1,NULL,NULL,NULL,NULL,NULL,'--- !ruby/hash:ActiveSupport::HashWithIndifferentAccess\nanschaffungskategorie: AV-Technik\nreference: invoice\numzug: zgeln\nankunftszustand: intakt\n','2015-06-15 21:24:29','2015-06-15 21:24:29',NULL),(70,'bose123','bose123',12,1,70,1,NULL,NULL,'2014-12-07','2015-06-15',NULL,NULL,'1443.00',0,0,1,0,1,1,NULL,NULL,NULL,NULL,NULL,'--- !ruby/hash:ActiveSupport::HashWithIndifferentAccess\nanschaffungskategorie: AV-Technik\nreference: invoice\numzug: zgeln\nankunftszustand: intakt\n','2015-06-15 21:24:29','2015-06-15 21:24:29',NULL),(71,'cand5','cand5',8,1,71,1,NULL,NULL,'2012-07-08','2015-06-15',NULL,NULL,'50.00',0,0,0,0,1,1,NULL,NULL,NULL,NULL,NULL,'--- !ruby/hash:ActiveSupport::HashWithIndifferentAccess\nanschaffungskategorie: AV-Technik\nreference: invoice\numzug: zgeln\nankunftszustand: intakt\n','2015-06-15 21:24:29','2015-06-15 21:24:29',NULL),(72,'beam21231','beamas12312',2,1,72,1,NULL,NULL,'2013-10-22','2015-06-15',NULL,NULL,'964.00',0,0,0,0,1,1,NULL,NULL,NULL,NULL,NULL,'--- !ruby/hash:ActiveSupport::HashWithIndifferentAccess\nanschaffungskategorie: AV-Technik\nreference: invoice\numzug: zgeln\nankunftszustand: intakt\n','2015-06-15 21:24:29','2015-06-15 21:24:29',NULL),(73,'hifi345','hifi345',10,1,73,1,NULL,NULL,'2013-03-16','2015-06-15',NULL,NULL,'975.00',0,0,0,0,1,1,NULL,NULL,NULL,NULL,NULL,'--- !ruby/hash:ActiveSupport::HashWithIndifferentAccess\nanschaffungskategorie: AV-Technik\nreference: invoice\numzug: zgeln\nankunftszustand: intakt\n','2015-06-15 21:24:29','2015-06-15 21:24:29',NULL),(74,'wlaptop1','wlaptop1',14,1,74,1,NULL,NULL,'2011-01-26','2015-06-15',NULL,NULL,'669.00',1,0,1,0,1,1,NULL,NULL,NULL,NULL,NULL,'--- !ruby/hash:ActiveSupport::HashWithIndifferentAccess\nanschaffungskategorie: AV-Technik\nreference: invoice\numzug: zgeln\nankunftszustand: intakt\n','2015-06-15 21:24:29','2015-06-15 21:24:29',NULL),(75,'v120d02','v120d02',15,1,75,1,NULL,NULL,'2010-03-02','2015-06-15',NULL,NULL,'239.00',0,1,1,0,1,1,NULL,NULL,NULL,NULL,NULL,'--- !ruby/hash:ActiveSupport::HashWithIndifferentAccess\nanschaffungskategorie: AV-Technik\nreference: invoice\numzug: zgeln\nankunftszustand: intakt\n','2015-06-15 21:24:29','2015-06-15 21:24:29',NULL),(76,'v120d11','v120d11',15,NULL,76,1,NULL,NULL,'2011-03-14','2015-06-15','2015-06-15','Voluptatibus beatae qui explicabo occaecati.','1455.00',1,1,0,0,1,1,NULL,NULL,NULL,NULL,NULL,'--- !ruby/hash:ActiveSupport::HashWithIndifferentAccess\nanschaffungskategorie: AV-Technik\nreference: invoice\numzug: zgeln\nankunftszustand: intakt\n','2015-06-15 21:24:29','2015-06-15 21:24:29',NULL),(77,'v120d022g','v120d022g',16,1,77,1,NULL,NULL,'2010-06-16','2015-06-15',NULL,NULL,'933.00',0,0,1,0,1,1,NULL,NULL,NULL,NULL,NULL,'--- !ruby/hash:ActiveSupport::HashWithIndifferentAccess\nanschaffungskategorie: AV-Technik\nreference: invoice\numzug: zgeln\nankunftszustand: intakt\n','2015-06-15 21:24:29','2015-06-15 21:24:29',NULL),(78,'v120d022g2','v120d022g2',16,1,78,1,NULL,NULL,'2010-09-08','2015-06-15',NULL,NULL,'820.00',0,0,1,0,1,1,NULL,NULL,NULL,NULL,NULL,'--- !ruby/hash:ActiveSupport::HashWithIndifferentAccess\nanschaffungskategorie: AV-Technik\nreference: invoice\numzug: zgeln\nankunftszustand: intakt\n','2015-06-15 21:24:29','2015-06-15 21:24:29',NULL),(79,'iMac1','iMac1',18,1,79,1,NULL,NULL,'2012-02-07','2015-06-15','2015-06-15','This item is gone.','1341.00',0,0,1,0,1,1,NULL,NULL,NULL,NULL,NULL,'--- !ruby/hash:ActiveSupport::HashWithIndifferentAccess\nanschaffungskategorie: AV-Technik\nreference: invoice\numzug: zgeln\nankunftszustand: intakt\n','2015-06-15 21:24:29','2015-06-15 21:24:29',NULL),(80,'iMac2','iMac2',18,1,80,3,NULL,NULL,'2014-08-03','2015-06-15','2015-06-15','This item is gone.','730.00',0,0,1,0,1,1,NULL,NULL,NULL,NULL,NULL,'--- !ruby/hash:ActiveSupport::HashWithIndifferentAccess\nanschaffungskategorie: AV-Technik\nreference: invoice\numzug: zgeln\nankunftszustand: intakt\n','2015-06-15 21:24:29','2015-06-15 21:24:29',NULL),(81,'lpv3yc','lpv3yc',11,1,81,1,NULL,NULL,'2010-08-23','2015-06-15','2015-06-15','This item is gone.','229.00',0,0,1,0,1,1,NULL,NULL,NULL,NULL,NULL,'--- !ruby/hash:ActiveSupport::HashWithIndifferentAccess\nanschaffungskategorie: AV-Technik\nreference: invoice\numzug: zgeln\nankunftszustand: intakt\n','2015-06-15 21:24:29','2015-06-15 21:24:29',NULL),(82,'6cxjcs','6cxjcs',11,1,82,1,NULL,NULL,'2013-03-06','2015-06-15','2015-06-15','This item is gone.','924.00',0,0,1,0,1,1,NULL,NULL,NULL,NULL,NULL,'--- !ruby/hash:ActiveSupport::HashWithIndifferentAccess\nanschaffungskategorie: AV-Technik\nreference: invoice\numzug: zgeln\nankunftszustand: intakt\n','2015-06-15 21:24:29','2015-06-15 21:24:29',NULL),(83,'beam897','beam897',2,1,83,2,NULL,NULL,'2010-03-10','2015-06-15',NULL,NULL,'585.00',0,0,1,0,2,1,NULL,NULL,NULL,NULL,NULL,'--- !ruby/hash:ActiveSupport::HashWithIndifferentAccess\nanschaffungskategorie: AV-Technik\nreference: invoice\numzug: zgeln\nankunftszustand: intakt\n','2015-06-15 21:24:29','2015-06-15 21:24:29',NULL),(84,'minibeam12','minibeam12',4,1,84,2,NULL,NULL,'2013-03-11','2015-06-15',NULL,NULL,'1067.00',0,0,1,0,2,1,NULL,NULL,NULL,NULL,NULL,'--- !ruby/hash:ActiveSupport::HashWithIndifferentAccess\nanschaffungskategorie: AV-Technik\nreference: invoice\numzug: zgeln\nankunftszustand: intakt\n','2015-06-15 21:24:29','2015-06-15 21:24:29',NULL),(85,'minibeam34','minibeam34',4,1,85,3,NULL,NULL,'2012-06-08','2015-06-15',NULL,NULL,'758.00',0,0,1,0,3,1,NULL,NULL,NULL,NULL,NULL,'--- !ruby/hash:ActiveSupport::HashWithIndifferentAccess\nanschaffungskategorie: AV-Technik\nreference: invoice\numzug: zgeln\nankunftszustand: intakt\n','2015-06-15 21:24:29','2015-06-15 21:24:29',NULL),(86,'minibeam56','minibeam56',4,1,86,1,NULL,NULL,'2013-09-29','2015-06-15','2015-06-15','Minima itaque doloremque fuga sint.','315.00',0,0,1,0,1,1,NULL,NULL,NULL,NULL,NULL,'--- !ruby/hash:ActiveSupport::HashWithIndifferentAccess\nanschaffungskategorie: AV-Technik\nreference: invoice\numzug: zgeln\nankunftszustand: intakt\n','2015-06-15 21:24:29','2015-06-15 21:24:29',NULL),(87,'minibeam78','minibeam78',4,1,87,2,NULL,NULL,'2012-03-25','2015-06-15',NULL,NULL,'636.00',0,0,1,0,2,1,NULL,NULL,NULL,NULL,NULL,'--- !ruby/hash:ActiveSupport::HashWithIndifferentAccess\nanschaffungskategorie: AV-Technik\nreference: invoice\numzug: zgeln\nankunftszustand: intakt\n','2015-06-15 21:24:29','2015-06-15 21:24:29',NULL),(88,'air123','air123',19,1,88,1,NULL,NULL,'2014-03-21','2015-06-15',NULL,NULL,'1313.00',0,0,1,0,1,1,NULL,NULL,NULL,NULL,NULL,'--- !ruby/hash:ActiveSupport::HashWithIndifferentAccess\nanschaffungskategorie: AV-Technik\nreference: invoice\numzug: zgeln\nankunftszustand: intakt\n','2015-06-15 21:24:29','2015-06-15 21:24:29',NULL),(89,'tp230','tp230',20,1,89,1,NULL,NULL,'2011-11-21','2015-06-15',NULL,NULL,'210.00',0,0,1,0,1,1,NULL,NULL,NULL,NULL,NULL,'--- !ruby/hash:ActiveSupport::HashWithIndifferentAccess\nanschaffungskategorie: AV-Technik\nreference: invoice\numzug: zgeln\nankunftszustand: intakt\n','2015-06-15 21:24:29','2015-06-15 21:24:29',NULL),(90,'tp301','tp301',21,1,90,1,NULL,NULL,'2011-01-05','2015-06-15',NULL,NULL,'970.00',0,0,1,0,1,1,NULL,NULL,NULL,NULL,NULL,'--- !ruby/hash:ActiveSupport::HashWithIndifferentAccess\nanschaffungskategorie: AV-Technik\nreference: invoice\numzug: zgeln\nankunftszustand: intakt\n','2015-06-15 21:24:29','2015-06-15 21:24:29',NULL),(91,'carbon1','carbon1',22,1,91,1,NULL,NULL,'2011-09-09','2015-06-15',NULL,NULL,'837.00',0,0,1,0,1,1,NULL,NULL,NULL,NULL,NULL,'--- !ruby/hash:ActiveSupport::HashWithIndifferentAccess\nanschaffungskategorie: AV-Technik\nreference: invoice\numzug: zgeln\nankunftszustand: intakt\n','2015-06-15 21:24:29','2015-06-15 21:24:29',NULL),(92,'carbon2','carbon2',22,1,92,1,NULL,NULL,'2014-08-01','2015-06-15',NULL,NULL,'892.00',0,0,1,0,1,1,NULL,NULL,NULL,NULL,NULL,'--- !ruby/hash:ActiveSupport::HashWithIndifferentAccess\nanschaffungskategorie: AV-Technik\nreference: invoice\numzug: zgeln\nankunftszustand: intakt\n','2015-06-15 21:24:29','2015-06-15 21:24:29',NULL),(93,'inspiron1','inspiron1',23,1,93,1,NULL,NULL,'2011-02-16','2015-06-15',NULL,NULL,'1205.00',0,0,1,0,1,1,NULL,NULL,NULL,NULL,NULL,'--- !ruby/hash:ActiveSupport::HashWithIndifferentAccess\nanschaffungskategorie: AV-Technik\nreference: invoice\numzug: zgeln\nankunftszustand: intakt\n','2015-06-15 21:24:29','2015-06-15 21:24:29',NULL),(94,'A4',NULL,1,1,94,1,NULL,NULL,'2011-01-08','2015-06-15',NULL,NULL,'1202.00',0,0,1,0,2,1,NULL,NULL,NULL,NULL,NULL,'--- !ruby/hash:ActiveSupport::HashWithIndifferentAccess\nanschaffungskategorie: AV-Technik\nreference: invoice\numzug: zgeln\nankunftszustand: intakt\n','2015-06-15 21:24:29','2015-06-15 21:24:29',NULL),(95,'ldjz62afahdla7m5o1as51','ac:c7:d6:8d:eb:1e-17:f6:75:f5:c3:93-75:4f:82:56:e0:2a',76,NULL,NULL,1,NULL,NULL,NULL,NULL,NULL,NULL,NULL,0,0,1,0,1,0,NULL,NULL,NULL,NULL,NULL,'--- !ruby/hash:ActiveSupport::HashWithIndifferentAccess\nlicense_type: single_workplace\nactivation_type: serial_number\noperating_system:\n- windows\n- linux\ninstallation:\n- citrix\n- web\nprocured_by: Lawrence Carroll\nreference: invoice\nmaintenance_contract: \'false\'\nmaintenance_currency: CHF\n','2015-06-15 21:24:29','2015-06-15 21:24:29',NULL),(96,'49ge4m02h6cjm0d344y552','ba:9e:e9:dc:8f:9f-ca:74:97:c0:c5:ab-94:c7:d5:bd:b2:f8',77,NULL,NULL,1,NULL,NULL,NULL,NULL,NULL,NULL,NULL,0,0,0,0,1,0,NULL,NULL,NULL,NULL,NULL,'--- !ruby/hash:ActiveSupport::HashWithIndifferentAccess\nlicense_type: single_workplace\nactivation_type: serial_number\noperating_system:\n- windows\n- linux\ninstallation:\n- citrix\n- web\nprocured_by: Delegation 3\nreference: invoice\nmaintenance_contract: \'false\'\nmaintenance_currency: CHF\n','2015-06-15 21:24:29','2015-06-15 21:24:29',NULL),(97,'br1wjozto4qyz1jfu0os53','5f:94:e8:03:f3:cd-86:79:90:66:8d:62-b5:7d:bd:04:52:49',78,NULL,NULL,1,NULL,NULL,NULL,NULL,NULL,NULL,NULL,0,0,1,0,1,0,NULL,NULL,NULL,NULL,NULL,'--- !ruby/hash:ActiveSupport::HashWithIndifferentAccess\nlicense_type: single_workplace\nactivation_type: serial_number\noperating_system:\n- windows\n- linux\ninstallation:\n- citrix\n- web\nprocured_by: Anne Bernier\nreference: invoice\nmaintenance_contract: \'false\'\nmaintenance_currency: CHF\n','2015-06-15 21:24:29','2015-06-15 21:24:29',NULL),(98,'A16','00:28:de:3d:23:39-20:f5:18:98:ee:de-b7:11:35:a1:bd:f0',79,NULL,NULL,1,NULL,NULL,NULL,NULL,NULL,NULL,NULL,0,0,1,0,2,0,NULL,NULL,NULL,NULL,NULL,'--- !ruby/hash:ActiveSupport::HashWithIndifferentAccess\nreference: invoice\nactivation_type: none\nlicense_type: free\nmaintenance_contract: \'false\'\nmaintenance_currency: CHF\n','2015-06-15 21:24:29','2015-06-15 21:24:29',NULL),(99,'A18','63:82:29:52:22:b6-95:d8:a1:e4:c5:c6-9b:16:52:7a:de:88',80,NULL,NULL,1,NULL,NULL,NULL,NULL,'2015-06-15','Sunt dignissimos nostrum et nam odit eaque officiis quia.',NULL,0,0,1,0,1,0,NULL,NULL,NULL,NULL,NULL,'--- !ruby/hash:ActiveSupport::HashWithIndifferentAccess\nreference: invoice\nactivation_type: none\nlicense_type: free\nmaintenance_contract: \'false\'\nmaintenance_currency: CHF\n','2015-06-15 21:24:29','2015-06-15 21:24:29',NULL),(100,'IT19','cf:f4:56:1a:27:ae-ba:83:b7:c2:19:24-61:2b:d9:2d:ba:91',81,NULL,NULL,2,NULL,NULL,NULL,NULL,'2015-06-15','Ipsa perferendis voluptates vero.',NULL,0,0,1,0,1,0,NULL,NULL,NULL,NULL,NULL,'--- !ruby/hash:ActiveSupport::HashWithIndifferentAccess\nreference: invoice\nactivation_type: none\nlicense_type: free\nmaintenance_contract: \'false\'\nmaintenance_currency: CHF\n','2015-06-15 21:24:29','2015-06-15 21:24:29',NULL),(101,'IT20','a8:71:c1:a4:32:71-e3:57:c6:ad:3a:7f-32:52:2f:93:4a:02',82,NULL,NULL,2,NULL,NULL,NULL,NULL,NULL,NULL,NULL,0,0,1,0,2,0,NULL,NULL,NULL,NULL,NULL,'--- !ruby/hash:ActiveSupport::HashWithIndifferentAccess\nreference: invoice\nactivation_type: none\nlicense_type: free\nmaintenance_contract: \'false\'\nmaintenance_currency: CHF\n','2015-06-15 21:24:29','2015-06-15 21:24:29',NULL),(102,'A25','b8:e8:af:be:7d:ef-92:6e:2b:24:01:f1-eb:5f:6f:53:d4:a2',83,NULL,NULL,1,NULL,NULL,'2015-06-15',NULL,NULL,NULL,NULL,0,0,0,0,1,0,NULL,NULL,NULL,NULL,NULL,'--- !ruby/hash:ActiveSupport::HashWithIndifferentAccess\nlicense_expiration: \'2015-06-15\'\nmaintenance_contract: \'true\'\nmaintenance_expiration: \'2015-06-15\'\nreference: invoice\nactivation_type: none\nlicense_type: free\nmaintenance_currency: CHF\n','2015-06-15 21:24:29','2015-06-15 21:24:29',NULL),(103,'acrobat123','af:55:39:39:fa:c1-e2:4f:ae:ec:ae:c8-e1:d4:d1:90:68:57',74,NULL,NULL,1,NULL,NULL,NULL,NULL,NULL,NULL,NULL,0,0,1,0,1,0,NULL,NULL,NULL,NULL,NULL,'--- !ruby/hash:ActiveSupport::HashWithIndifferentAccess\nreference: invoice\nactivation_type: none\nlicense_type: free\nmaintenance_contract: \'false\'\nmaintenance_currency: CHF\nquantity_allocations:\n- :room: vero\n  :quantity: \'46\'\n- :room: aliquid\n  :quantity: \'25\'\n','2015-06-15 21:24:29','2015-06-15 21:24:29',NULL),(104,'msword123','7a:6c:79:cc:c8:66-18:54:c2:b0:6d:3b-82:a9:c4:43:85:f8',84,NULL,NULL,1,NULL,NULL,NULL,NULL,NULL,NULL,NULL,0,0,0,0,1,0,NULL,NULL,NULL,NULL,NULL,'--- !ruby/hash:ActiveSupport::HashWithIndifferentAccess\nlicense_type: site_license\noperating_system:\n- linux\nreference: invoice\nactivation_type: none\nmaintenance_contract: \'false\'\nmaintenance_currency: CHF\nquantity_allocations:\n- :room: eaque\n  :quantity: \'44\'\n- :room: sint\n  :quantity: \'13\'\n','2015-06-15 21:24:29','2015-06-15 21:24:29',NULL),(105,'lic111','57:11:91:a7:6d:09-cd:c4:d8:3f:c2:9c-28:72:8e:ea:a5:66',85,NULL,NULL,1,NULL,NULL,NULL,NULL,NULL,NULL,NULL,0,0,0,0,2,0,NULL,NULL,NULL,NULL,NULL,'--- !ruby/hash:ActiveSupport::HashWithIndifferentAccess\nlicense_type: site_license\noperating_system:\n- linux\nreference: invoice\nactivation_type: none\nmaintenance_contract: \'false\'\nmaintenance_currency: CHF\n','2015-06-15 21:24:29','2015-06-15 21:24:29',NULL),(106,'A30','76:54:e4:ec:14:58-80:d3:75:7d:86:91-24:50:77:3d:30:e4',86,NULL,NULL,1,NULL,NULL,NULL,NULL,NULL,NULL,NULL,0,0,0,0,1,0,NULL,NULL,NULL,NULL,NULL,'--- !ruby/hash:ActiveSupport::HashWithIndifferentAccess\nlicense_type: multiple_workplace\noperating_system:\n- windows\n- mac_os_x\nreference: invoice\nactivation_type: none\nmaintenance_contract: \'false\'\nmaintenance_currency: CHF\n','2015-06-15 21:24:29','2015-06-15 21:24:29',NULL),(107,'seh80eu492ogtgrouwbi54','4c:fc:03:27:92:64-77:4a:0f:34:ab:18-9c:e6:e9:84:9d:32',87,3,95,1,NULL,NULL,'2012-06-21','2015-06-15',NULL,NULL,'1044.00',0,0,1,0,1,1,NULL,NULL,NULL,NULL,NULL,'--- !ruby/hash:ActiveSupport::HashWithIndifferentAccess\nanschaffungskategorie: AV-Technik\nreference: invoice\numzug: zgeln\nankunftszustand: intakt\n','2015-06-15 21:24:29','2015-06-15 21:24:29',NULL),(108,'g00gnltgbhnoo0eo818a55','e9:d6:cf:36:95:03-95:f5:9f:88:a4:04-a8:7a:69:50:c6:c1',88,3,96,1,107,NULL,'2014-09-13','2015-06-15',NULL,NULL,'31.00',0,0,1,0,1,1,NULL,NULL,NULL,NULL,NULL,'--- !ruby/hash:ActiveSupport::HashWithIndifferentAccess\nanschaffungskategorie: AV-Technik\nreference: invoice\numzug: zgeln\nankunftszustand: intakt\n','2015-06-15 21:24:29','2015-06-15 21:24:29',NULL),(109,'erfdvja9buigwpndwq8056','09:c4:37:31:39:d0-0c:11:b8:76:22:9a-86:df:cc:be:75:08',89,3,97,1,107,NULL,'2010-05-29','2015-06-15',NULL,NULL,'466.00',0,0,1,0,1,1,NULL,NULL,NULL,NULL,NULL,'--- !ruby/hash:ActiveSupport::HashWithIndifferentAccess\nanschaffungskategorie: AV-Technik\nreference: invoice\numzug: zgeln\nankunftszustand: intakt\n','2015-06-15 21:24:29','2015-06-15 21:24:29',NULL),(110,'s0hrb55lcw6ecyezi09m57','42:58:52:1a:4f:b0-6f:5a:37:fc:a0:89-c4:6b:cc:88:c2:ee',90,3,98,1,107,NULL,'2012-11-30','2015-06-15',NULL,NULL,'638.00',0,0,1,0,1,1,NULL,NULL,NULL,NULL,NULL,'--- !ruby/hash:ActiveSupport::HashWithIndifferentAccess\nanschaffungskategorie: AV-Technik\nreference: invoice\numzug: zgeln\nankunftszustand: intakt\n','2015-06-15 21:24:29','2015-06-15 21:24:29',NULL),(111,'sxcashaky9n0ioao354t58','d2:07:ff:d4:fc:67-d5:26:33:ba:ef:78-95:6f:79:1e:14:f9',87,7,99,1,NULL,NULL,'2011-10-14','2015-06-15',NULL,NULL,'391.00',0,0,1,0,1,1,NULL,NULL,NULL,NULL,NULL,'--- !ruby/hash:ActiveSupport::HashWithIndifferentAccess\nanschaffungskategorie: AV-Technik\nreference: invoice\numzug: zgeln\nankunftszustand: intakt\n','2015-06-15 21:24:29','2015-06-15 21:24:29',NULL),(112,'50a4w1wlpxb4skgsawrw59','a2:97:48:98:03:2d-31:a8:f3:bb:d9:47-30:99:f7:d1:35:8a',91,7,100,1,111,NULL,'2014-03-21','2015-06-15',NULL,NULL,'1314.00',0,0,1,0,1,1,NULL,NULL,NULL,NULL,NULL,'--- !ruby/hash:ActiveSupport::HashWithIndifferentAccess\nanschaffungskategorie: AV-Technik\nreference: invoice\numzug: zgeln\nankunftszustand: intakt\n','2015-06-15 21:24:29','2015-06-15 21:24:29',NULL),(113,'nwzrnniqzpyuild49wh560','be:65:46:6c:ea:a2-00:c4:50:3d:fa:85-83:2e:17:ca:18:b9',92,7,101,1,111,NULL,'2011-05-03','2015-06-15',NULL,NULL,'584.00',0,0,1,0,1,1,NULL,NULL,NULL,NULL,NULL,'--- !ruby/hash:ActiveSupport::HashWithIndifferentAccess\nanschaffungskategorie: AV-Technik\nreference: invoice\numzug: zgeln\nankunftszustand: intakt\n','2015-06-15 21:24:29','2015-06-15 21:24:29',NULL),(114,'p10c0ch9i54n27vflgc461','94:fe:97:06:43:2d-42:83:92:86:71:2d-a1:45:8b:53:04:d3',93,7,102,1,111,NULL,'2013-06-16','2015-06-15',NULL,NULL,'572.00',0,0,1,0,1,1,NULL,NULL,NULL,NULL,NULL,'--- !ruby/hash:ActiveSupport::HashWithIndifferentAccess\nanschaffungskategorie: AV-Technik\nreference: invoice\numzug: zgeln\nankunftszustand: intakt\n','2015-06-15 21:24:29','2015-06-15 21:24:29',NULL),(115,'dajtqda3ut9epa2ib16n62','02:5a:bf:a5:b8:fe-3b:6b:81:be:c0:1a-03:8c:58:18:01:72',87,11,103,1,NULL,NULL,'2011-10-28','2015-06-15',NULL,NULL,'1132.00',0,0,1,0,1,1,NULL,NULL,NULL,NULL,NULL,'--- !ruby/hash:ActiveSupport::HashWithIndifferentAccess\nanschaffungskategorie: AV-Technik\nreference: invoice\numzug: zgeln\nankunftszustand: intakt\n','2015-06-15 21:24:29','2015-06-15 21:24:29',NULL),(116,'n5lq9s7js8ygs0qa9klf63','3a:b6:6d:5d:70:b1-96:7a:b0:18:67:73-26:68:d8:9d:de:ec',94,11,104,1,115,NULL,'2010-03-05','2015-06-15',NULL,NULL,'1448.00',0,0,1,0,1,1,NULL,NULL,NULL,NULL,NULL,'--- !ruby/hash:ActiveSupport::HashWithIndifferentAccess\nanschaffungskategorie: AV-Technik\nreference: invoice\numzug: zgeln\nankunftszustand: intakt\n','2015-06-15 21:24:29','2015-06-15 21:24:29',NULL),(117,'ygd2r4sjvye1na4871e164','ca:82:87:a9:63:b4-7a:08:5f:2e:21:b7-f0:9e:89:2f:77:ce',95,11,105,1,115,NULL,'2014-09-17','2015-06-15',NULL,NULL,'234.00',0,0,1,0,1,1,NULL,NULL,NULL,NULL,NULL,'--- !ruby/hash:ActiveSupport::HashWithIndifferentAccess\nanschaffungskategorie: AV-Technik\nreference: invoice\numzug: zgeln\nankunftszustand: intakt\n','2015-06-15 21:24:29','2015-06-15 21:24:29',NULL),(118,'hvohmzlt059m467c0n7z65','bd:86:02:a9:ee:d4-83:5e:ff:2d:51:3b-72:dc:0e:63:8a:2d',96,11,106,1,115,NULL,'2012-04-23','2015-06-15',NULL,NULL,'580.00',0,0,1,0,1,1,NULL,NULL,NULL,NULL,NULL,'--- !ruby/hash:ActiveSupport::HashWithIndifferentAccess\nanschaffungskategorie: AV-Technik\nreference: invoice\numzug: zgeln\nankunftszustand: intakt\n','2015-06-15 21:24:29','2015-06-15 21:24:29',NULL),(119,'ekawjbuhzyjkfyb7bprh66','4a:a9:2a:f3:b2:51-a1:d0:ec:63:d9:77-ba:49:15:a5:e7:ce',87,15,107,2,NULL,NULL,'2012-04-15','2015-06-15',NULL,NULL,'1412.00',0,0,1,0,2,1,NULL,NULL,NULL,NULL,NULL,'--- !ruby/hash:ActiveSupport::HashWithIndifferentAccess\nanschaffungskategorie: AV-Technik\nreference: invoice\numzug: zgeln\nankunftszustand: intakt\n','2015-06-15 21:24:29','2015-06-15 21:24:29',NULL),(120,'tmiss0j6ujcuochhbe3d67','f6:f8:be:f2:f2:1b-41:4f:5c:f9:08:56-d1:ec:9e:20:e2:b9',97,15,108,2,119,NULL,'2012-12-14','2015-06-15',NULL,NULL,'254.00',0,0,1,0,2,1,NULL,NULL,NULL,NULL,NULL,'--- !ruby/hash:ActiveSupport::HashWithIndifferentAccess\nanschaffungskategorie: AV-Technik\nreference: invoice\numzug: zgeln\nankunftszustand: intakt\n','2015-06-15 21:24:29','2015-06-15 21:24:29',NULL),(121,'5id6vdop10abqq87wvk868','30:d6:f1:e5:a2:40-6d:7d:1d:93:77:b4-75:26:6e:7e:a5:65',98,15,109,2,119,NULL,'2010-05-06','2015-06-15',NULL,NULL,'1261.00',0,0,1,0,2,1,NULL,NULL,NULL,NULL,NULL,'--- !ruby/hash:ActiveSupport::HashWithIndifferentAccess\nanschaffungskategorie: AV-Technik\nreference: invoice\numzug: zgeln\nankunftszustand: intakt\n','2015-06-15 21:24:29','2015-06-15 21:24:29',NULL),(122,'s3bj6xhgsbs0y0znry7169','1b:8a:95:a9:a2:19-d4:70:61:93:b8:c6-d1:de:24:50:d5:c8',99,15,110,2,119,NULL,'2010-08-29','2015-06-15',NULL,NULL,'97.00',0,0,1,0,2,1,NULL,NULL,NULL,NULL,NULL,'--- !ruby/hash:ActiveSupport::HashWithIndifferentAccess\nanschaffungskategorie: AV-Technik\nreference: invoice\numzug: zgeln\nankunftszustand: intakt\n','2015-06-15 21:24:29','2015-06-15 21:24:29',NULL),(123,'keu1vg2v5jpcw9ta65zp70','f9:a6:cc:6a:ed:99-0d:00:1d:ee:a2:3a-18:e4:c2:6a:72:5f',100,19,111,1,NULL,NULL,'2012-12-10','2015-06-15',NULL,NULL,'641.00',0,0,1,0,1,1,NULL,NULL,NULL,NULL,NULL,'--- !ruby/hash:ActiveSupport::HashWithIndifferentAccess\nanschaffungskategorie: AV-Technik\nreference: invoice\numzug: zgeln\nankunftszustand: intakt\n','2015-06-15 21:24:29','2015-06-15 21:24:29',NULL),(124,'p04kwmbcdh8kd9xejg5g71','46:9a:64:8b:f7:81-6f:ff:95:47:c3:02-5b:53:e7:b7:c6:dd',101,19,112,1,123,NULL,'2011-04-21','2015-06-15',NULL,NULL,'4.00',0,0,1,0,1,1,NULL,NULL,NULL,NULL,NULL,'--- !ruby/hash:ActiveSupport::HashWithIndifferentAccess\nanschaffungskategorie: AV-Technik\nreference: invoice\numzug: zgeln\nankunftszustand: intakt\n','2015-06-15 21:24:29','2015-06-15 21:24:29',NULL),(125,'5und4whzj75m181lkk5172','92:74:31:bc:cf:ef-5c:05:ef:26:1b:28-3b:9d:52:b6:bd:b3',102,19,113,1,123,NULL,'2012-06-05','2015-06-15',NULL,NULL,'594.00',0,0,1,0,1,1,NULL,NULL,NULL,NULL,NULL,'--- !ruby/hash:ActiveSupport::HashWithIndifferentAccess\nanschaffungskategorie: AV-Technik\nreference: invoice\numzug: zgeln\nankunftszustand: intakt\n','2015-06-15 21:24:29','2015-06-15 21:24:29',NULL),(126,'jp47ebskgxb9muhbnbcb73','7f:37:e9:ed:35:6e-2c:30:53:3e:75:8d-be:28:23:02:ee:0f',103,19,114,1,123,NULL,'2011-01-09','2015-06-15',NULL,NULL,'1069.00',0,0,1,0,1,1,NULL,NULL,NULL,NULL,NULL,'--- !ruby/hash:ActiveSupport::HashWithIndifferentAccess\nanschaffungskategorie: AV-Technik\nreference: invoice\numzug: zgeln\nankunftszustand: intakt\n','2015-06-15 21:24:29','2015-06-15 21:24:29',NULL),(127,'b8ajq9bdv63yubvizxai74','11:92:b3:bb:33:69-28:aa:6c:51:4b:30-29:11:e9:47:0c:e4',100,23,115,1,NULL,NULL,'2012-04-28','2015-06-15',NULL,NULL,'547.00',0,0,1,0,1,1,NULL,NULL,NULL,NULL,NULL,'--- !ruby/hash:ActiveSupport::HashWithIndifferentAccess\nanschaffungskategorie: AV-Technik\nreference: invoice\numzug: zgeln\nankunftszustand: intakt\n','2015-06-15 21:24:29','2015-06-15 21:24:29',NULL),(128,'l379oaw1h79b1ix0u3kr75','9c:49:0a:5b:c7:21-49:ac:d0:64:76:cb-6c:c6:51:1e:38:be',104,23,116,1,127,NULL,'2013-06-09','2015-06-15',NULL,NULL,'218.00',0,0,1,0,1,1,NULL,NULL,NULL,NULL,NULL,'--- !ruby/hash:ActiveSupport::HashWithIndifferentAccess\nanschaffungskategorie: AV-Technik\nreference: invoice\numzug: zgeln\nankunftszustand: intakt\n','2015-06-15 21:24:29','2015-06-15 21:24:29',NULL),(129,'ijb91h1kc8eyy6veouia76','f6:2d:3e:cd:9e:8d-e0:4a:44:39:d9:4c-7c:94:45:ac:54:82',105,23,117,1,127,NULL,'2012-08-29','2015-06-15',NULL,NULL,'851.00',0,0,1,0,1,1,NULL,NULL,NULL,NULL,NULL,'--- !ruby/hash:ActiveSupport::HashWithIndifferentAccess\nanschaffungskategorie: AV-Technik\nreference: invoice\numzug: zgeln\nankunftszustand: intakt\n','2015-06-15 21:24:29','2015-06-15 21:24:29',NULL),(130,'i2d3sp5b2b99vv8g359l77','e4:3f:97:e6:7c:93-d7:38:24:49:17:5f-65:33:97:ae:29:71',106,23,118,1,127,NULL,'2010-04-01','2015-06-15',NULL,NULL,'1364.00',0,0,1,0,1,1,NULL,NULL,NULL,NULL,NULL,'--- !ruby/hash:ActiveSupport::HashWithIndifferentAccess\nanschaffungskategorie: AV-Technik\nreference: invoice\numzug: zgeln\nankunftszustand: intakt\n','2015-06-15 21:24:29','2015-06-15 21:24:29',NULL),(131,'txk3kkbf0ci887a1fczo78','2d:1b:7d:64:25:0b-46:c4:c0:d7:32:dc-bb:3b:ff:86:8e:62',100,27,119,1,NULL,NULL,'2013-01-08','2015-06-15',NULL,NULL,'785.00',0,0,1,0,1,1,NULL,NULL,NULL,NULL,NULL,'--- !ruby/hash:ActiveSupport::HashWithIndifferentAccess\nanschaffungskategorie: AV-Technik\nreference: invoice\numzug: zgeln\nankunftszustand: intakt\n','2015-06-15 21:24:29','2015-06-15 21:24:29',NULL),(132,'d1e1bmbtt8zzjleukayl79','26:4b:09:7e:cc:a2-46:7d:5d:10:0b:fb-57:85:e0:57:da:7a',107,27,120,1,131,NULL,'2013-05-27','2015-06-15',NULL,NULL,'193.00',0,0,1,0,1,1,NULL,NULL,NULL,NULL,NULL,'--- !ruby/hash:ActiveSupport::HashWithIndifferentAccess\nanschaffungskategorie: AV-Technik\nreference: invoice\numzug: zgeln\nankunftszustand: intakt\n','2015-06-15 21:24:29','2015-06-15 21:24:29',NULL),(133,'tg3a9q7ist17uzdes59280','ee:17:18:ed:50:6f-8a:35:92:8d:a0:2b-68:83:d6:24:a7:48',108,27,121,1,131,NULL,'2011-07-22','2015-06-15',NULL,NULL,'329.00',0,0,1,0,1,1,NULL,NULL,NULL,NULL,NULL,'--- !ruby/hash:ActiveSupport::HashWithIndifferentAccess\nanschaffungskategorie: AV-Technik\nreference: invoice\numzug: zgeln\nankunftszustand: intakt\n','2015-06-15 21:24:29','2015-06-15 21:24:29',NULL),(134,'mhlq7qzm2opcsv0i9uzo81','7b:22:28:89:87:cc-9d:9e:39:16:f2:54-dd:cd:ee:5f:6c:02',109,27,122,1,131,NULL,'2014-05-01','2015-06-15',NULL,NULL,'69.00',0,0,1,0,1,1,NULL,NULL,NULL,NULL,NULL,'--- !ruby/hash:ActiveSupport::HashWithIndifferentAccess\nanschaffungskategorie: AV-Technik\nreference: invoice\numzug: zgeln\nankunftszustand: intakt\n','2015-06-15 21:24:29','2015-06-15 21:24:29',NULL),(135,'ke5kgiu8klsg8avc22js82','07:24:7f:07:e1:47-a8:c3:d6:49:9e:be-db:16:0f:d4:91:67',110,31,123,8,NULL,NULL,'2012-01-09','2015-06-15',NULL,NULL,'332.00',0,0,1,0,7,1,NULL,NULL,NULL,NULL,NULL,'--- !ruby/hash:ActiveSupport::HashWithIndifferentAccess\nanschaffungskategorie: AV-Technik\nreference: invoice\numzug: zgeln\nankunftszustand: intakt\n','2015-06-15 21:24:29','2015-06-15 21:24:29',NULL),(136,'okrunqjs3ptmrxxf74cy83','16:41:82:18:6a:e0-fa:84:3a:a0:78:11-c2:e0:8a:ef:34:9f',110,32,124,5,NULL,NULL,'2011-01-15','2015-06-15',NULL,NULL,'137.00',0,0,1,0,7,1,NULL,NULL,NULL,NULL,NULL,'--- !ruby/hash:ActiveSupport::HashWithIndifferentAccess\nanschaffungskategorie: AV-Technik\nreference: invoice\numzug: zgeln\nankunftszustand: intakt\n','2015-06-15 21:24:29','2015-06-15 21:24:29',NULL),(137,'mgmxx04jsi78rp6fqvf884','b1:c4:d0:82:f0:c9-22:a5:12:a2:cf:3b-6f:ea:bb:dc:5b:27',110,33,125,9,NULL,NULL,'2013-11-19','2015-06-15',NULL,NULL,'601.00',0,0,1,0,7,1,NULL,NULL,NULL,NULL,NULL,'--- !ruby/hash:ActiveSupport::HashWithIndifferentAccess\nanschaffungskategorie: AV-Technik\nreference: invoice\numzug: zgeln\nankunftszustand: intakt\n','2015-06-15 21:24:29','2015-06-15 21:24:29',NULL),(138,'x63a35q8hflulwwpja7685','fa:15:84:34:bc:0a-6d:1d:bf:74:23:99-a5:41:2c:1e:a6:1d',114,34,126,10,NULL,NULL,'2014-06-23','2015-06-15',NULL,NULL,'1058.00',0,0,1,0,7,1,NULL,NULL,NULL,NULL,NULL,'--- !ruby/hash:ActiveSupport::HashWithIndifferentAccess\nanschaffungskategorie: AV-Technik\nreference: invoice\numzug: zgeln\nankunftszustand: intakt\n','2015-06-15 21:24:29','2015-06-15 21:24:29',NULL),(139,'h90qi03lk385b0l3yb2h86','db:7c:15:b6:ed:20-fa:e4:28:ef:c5:24-ce:d4:2f:89:3e:69',114,35,127,11,NULL,NULL,'2011-10-07','2015-06-15',NULL,NULL,'856.00',0,0,1,0,7,1,NULL,NULL,NULL,NULL,NULL,'--- !ruby/hash:ActiveSupport::HashWithIndifferentAccess\nanschaffungskategorie: AV-Technik\nreference: invoice\numzug: zgeln\nankunftszustand: intakt\n','2015-06-15 21:24:29','2015-06-15 21:24:29',NULL),(140,'r8vjujfwvco4yvz61hdy87','c7:14:19:f4:30:3d-f7:08:20:98:07:01-65:6a:57:ee:bb:03',114,36,128,3,NULL,NULL,'2013-11-03','2015-06-15',NULL,NULL,'259.00',0,0,1,0,7,1,NULL,NULL,NULL,NULL,NULL,'--- !ruby/hash:ActiveSupport::HashWithIndifferentAccess\nanschaffungskategorie: AV-Technik\nreference: invoice\numzug: zgeln\nankunftszustand: intakt\n','2015-06-15 21:24:29','2015-06-15 21:24:29',NULL),(141,'t9nmfhbz4zvz58bx1d4988','78:5c:c5:5a:54:cf-19:c4:0e:b7:6c:0d-b3:f8:46:a6:c6:13',118,37,129,5,NULL,NULL,'2013-08-13','2015-06-15',NULL,NULL,'112.00',0,0,1,0,7,1,NULL,NULL,NULL,NULL,NULL,'--- !ruby/hash:ActiveSupport::HashWithIndifferentAccess\nanschaffungskategorie: AV-Technik\nreference: invoice\numzug: zgeln\nankunftszustand: intakt\n','2015-06-15 21:24:29','2015-06-15 21:24:29',NULL),(142,'w46rubaz3mgo42s92sse89','2e:ad:19:61:df:66-71:16:8f:6e:6e:2b-15:49:12:4e:28:b0',118,38,130,11,NULL,NULL,'2012-10-27','2015-06-15',NULL,NULL,'355.00',0,0,1,0,7,1,NULL,NULL,NULL,NULL,NULL,'--- !ruby/hash:ActiveSupport::HashWithIndifferentAccess\nanschaffungskategorie: AV-Technik\nreference: invoice\numzug: zgeln\nankunftszustand: intakt\n','2015-06-15 21:24:29','2015-06-15 21:24:29',NULL),(143,'yk7z884yl34l77jyfml590','5f:ff:a0:11:e8:6c-25:d5:e1:96:38:43-ad:71:60:d2:7e:a5',118,39,131,10,NULL,NULL,'2012-02-16','2015-06-15',NULL,NULL,'1307.00',0,0,1,0,7,1,NULL,NULL,NULL,NULL,NULL,'--- !ruby/hash:ActiveSupport::HashWithIndifferentAccess\nanschaffungskategorie: AV-Technik\nreference: invoice\numzug: zgeln\nankunftszustand: intakt\n','2015-06-15 21:24:29','2015-06-15 21:24:29',NULL),(144,'c2pppv65vl545pwlbx6791','ae:1d:3f:13:12:ed-65:4d:cc:f3:97:ca-94:94:cf:bb:b2:9d',122,40,132,2,NULL,NULL,'2014-01-11','2015-06-15',NULL,NULL,'763.00',0,0,1,0,7,1,NULL,NULL,NULL,NULL,NULL,'--- !ruby/hash:ActiveSupport::HashWithIndifferentAccess\nanschaffungskategorie: AV-Technik\nreference: invoice\numzug: zgeln\nankunftszustand: intakt\n','2015-06-15 21:24:29','2015-06-15 21:24:29',NULL),(145,'fvhog6oaci5dq3z19ahh92','81:03:bf:e0:b7:b8-7b:c0:55:03:ce:08-8e:29:44:b9:18:7a',122,41,133,4,NULL,NULL,'2011-07-04','2015-06-15',NULL,NULL,'1400.00',0,0,1,0,7,1,NULL,NULL,NULL,NULL,NULL,'--- !ruby/hash:ActiveSupport::HashWithIndifferentAccess\nanschaffungskategorie: AV-Technik\nreference: invoice\numzug: zgeln\nankunftszustand: intakt\n','2015-06-15 21:24:29','2015-06-15 21:24:29',NULL),(146,'9qd9u0gqxcdgr8gda8fi93','90:ac:4e:83:df:1c-b7:6e:a5:56:44:32-e2:58:94:df:05:58',122,42,134,7,NULL,NULL,'2012-12-26','2015-06-15',NULL,NULL,'1200.00',0,0,1,0,7,1,NULL,NULL,NULL,NULL,NULL,'--- !ruby/hash:ActiveSupport::HashWithIndifferentAccess\nanschaffungskategorie: AV-Technik\nreference: invoice\numzug: zgeln\nankunftszustand: intakt\n','2015-06-15 21:24:29','2015-06-15 21:24:29',NULL),(147,'ljuln1p06wfiun7dp15894','6f:25:f4:cb:19:eb-72:da:85:81:f4:4f-3e:4b:02:9f:a3:31',126,43,135,8,NULL,NULL,'2010-12-08','2015-06-15',NULL,NULL,'981.00',0,0,1,0,7,1,NULL,NULL,NULL,NULL,NULL,'--- !ruby/hash:ActiveSupport::HashWithIndifferentAccess\nanschaffungskategorie: AV-Technik\nreference: invoice\numzug: zgeln\nankunftszustand: intakt\n','2015-06-15 21:24:29','2015-06-15 21:24:29',NULL),(148,'1o55jq3glc35hthis2up95','62:a4:88:5d:ad:a6-7c:7f:79:44:74:4b-4e:31:f6:59:d7:4e',126,44,136,11,NULL,NULL,'2011-03-12','2015-06-15',NULL,NULL,'963.00',0,0,1,0,7,1,NULL,NULL,NULL,NULL,NULL,'--- !ruby/hash:ActiveSupport::HashWithIndifferentAccess\nanschaffungskategorie: AV-Technik\nreference: invoice\numzug: zgeln\nankunftszustand: intakt\n','2015-06-15 21:24:29','2015-06-15 21:24:29',NULL),(149,'kyxhdwj0zkfb34a79w2996','2c:44:90:49:05:60-0e:dd:3e:a0:1d:2e-50:cf:04:ea:2d:a2',126,45,137,11,NULL,NULL,'2011-04-02','2015-06-15',NULL,NULL,'1007.00',0,0,1,0,7,1,NULL,NULL,NULL,NULL,NULL,'--- !ruby/hash:ActiveSupport::HashWithIndifferentAccess\nanschaffungskategorie: AV-Technik\nreference: invoice\numzug: zgeln\nankunftszustand: intakt\n','2015-06-15 21:24:29','2015-06-15 21:24:29',NULL),(150,'117cmwt5wv329v7z7rh997','d5:ad:0c:2c:e9:aa-8a:34:73:f3:13:03-63:77:c0:aa:53:94',130,46,138,6,NULL,NULL,'2014-12-01','2015-06-15',NULL,NULL,'50.00',0,0,1,0,7,1,NULL,NULL,NULL,NULL,NULL,'--- !ruby/hash:ActiveSupport::HashWithIndifferentAccess\nanschaffungskategorie: AV-Technik\nreference: invoice\numzug: zgeln\nankunftszustand: intakt\n','2015-06-15 21:24:29','2015-06-15 21:24:29',NULL),(151,'xawcbr3v8f26d5bxh2r898','8d:87:22:b4:e5:94-03:62:da:43:3a:60-96:cc:fa:16:52:5d',130,47,139,1,NULL,NULL,'2010-04-25','2015-06-15',NULL,NULL,'626.00',0,0,1,0,7,1,NULL,NULL,NULL,NULL,NULL,'--- !ruby/hash:ActiveSupport::HashWithIndifferentAccess\nanschaffungskategorie: AV-Technik\nreference: invoice\numzug: zgeln\nankunftszustand: intakt\n','2015-06-15 21:24:29','2015-06-15 21:24:29',NULL),(152,'k8a550izpsq6cyes4xxk99','c1:8d:fc:1c:e8:21-a7:7d:fb:14:1d:f3-d0:fe:8a:b8:ad:84',130,48,140,2,NULL,NULL,'2014-11-05','2015-06-15',NULL,NULL,'269.00',0,0,1,0,7,1,NULL,NULL,NULL,NULL,NULL,'--- !ruby/hash:ActiveSupport::HashWithIndifferentAccess\nanschaffungskategorie: AV-Technik\nreference: invoice\numzug: zgeln\nankunftszustand: intakt\n','2015-06-15 21:24:29','2015-06-15 21:24:29',NULL),(153,'ryfy7drqctk86gahbv1p100','d0:ed:fb:ef:1c:bf-6b:77:46:64:f0:f0-36:fd:53:6a:22:ba',134,49,141,3,NULL,NULL,'2013-06-01','2015-06-15',NULL,NULL,'1051.00',0,0,1,0,3,1,NULL,NULL,NULL,NULL,NULL,'--- !ruby/hash:ActiveSupport::HashWithIndifferentAccess\nanschaffungskategorie: AV-Technik\nreference: invoice\numzug: zgeln\nankunftszustand: intakt\n','2015-06-15 21:24:29','2015-06-15 21:24:29',NULL),(154,'nzr8zy9spj36gwd8pxeq101','b6:96:d7:1e:4e:97-1a:66:8a:9a:c4:5c-c3:40:db:80:da:35',134,50,142,5,NULL,NULL,'2012-04-15','2015-06-15',NULL,NULL,'62.00',0,0,1,0,3,1,NULL,NULL,NULL,NULL,NULL,'--- !ruby/hash:ActiveSupport::HashWithIndifferentAccess\nanschaffungskategorie: AV-Technik\nreference: invoice\numzug: zgeln\nankunftszustand: intakt\n','2015-06-15 21:24:29','2015-06-15 21:24:29',NULL),(155,'r8sz8cagp8wmqtwxhc6c102','95:ae:f6:cf:ca:41-7e:ee:5c:bb:d3:0a-c9:df:bf:a3:c7:41',134,51,143,6,NULL,NULL,'2012-04-27','2015-06-15',NULL,NULL,'833.00',0,0,1,0,3,1,NULL,NULL,NULL,NULL,NULL,'--- !ruby/hash:ActiveSupport::HashWithIndifferentAccess\nanschaffungskategorie: AV-Technik\nreference: invoice\numzug: zgeln\nankunftszustand: intakt\n','2015-06-15 21:24:29','2015-06-15 21:24:29',NULL),(156,'vmm0n9zirbttsw1vx2x2103','5a:52:3b:99:a1:8d-84:6d:80:38:95:02-4a:53:1e:95:96:8f',138,52,144,2,NULL,NULL,'2013-01-26','2015-06-15',NULL,NULL,'1436.00',0,0,1,0,3,1,NULL,NULL,NULL,NULL,NULL,'--- !ruby/hash:ActiveSupport::HashWithIndifferentAccess\nanschaffungskategorie: AV-Technik\nreference: invoice\numzug: zgeln\nankunftszustand: intakt\n','2015-06-15 21:24:29','2015-06-15 21:24:29',NULL),(157,'fbt91gcupamhihx8n5rx104','8b:54:bb:55:be:2d-98:87:39:69:ab:04-56:67:c9:20:85:08',138,53,145,5,NULL,NULL,'2010-02-06','2015-06-15',NULL,NULL,'1436.00',0,0,1,0,3,1,NULL,NULL,NULL,NULL,NULL,'--- !ruby/hash:ActiveSupport::HashWithIndifferentAccess\nanschaffungskategorie: AV-Technik\nreference: invoice\numzug: zgeln\nankunftszustand: intakt\n','2015-06-15 21:24:29','2015-06-15 21:24:29',NULL),(158,'pvc7lqw5rx76vytvhldl105','86:0b:d3:6b:9e:4f-95:c7:8d:73:09:40-00:c7:db:4f:09:bd',138,54,146,1,NULL,NULL,'2010-09-13','2015-06-15',NULL,NULL,'1452.00',0,0,1,0,3,1,NULL,NULL,NULL,NULL,NULL,'--- !ruby/hash:ActiveSupport::HashWithIndifferentAccess\nanschaffungskategorie: AV-Technik\nreference: invoice\numzug: zgeln\nankunftszustand: intakt\n','2015-06-15 21:24:29','2015-06-15 21:24:29',NULL),(159,'6ayxjmsc19cryntfzh98106','5b:6d:b4:f2:b4:dc-30:76:a7:35:a6:db-fe:09:6c:6a:a7:07',142,55,147,7,NULL,NULL,'2013-10-16','2015-06-15',NULL,NULL,'1374.00',0,0,1,0,3,1,NULL,NULL,NULL,NULL,NULL,'--- !ruby/hash:ActiveSupport::HashWithIndifferentAccess\nanschaffungskategorie: AV-Technik\nreference: invoice\numzug: zgeln\nankunftszustand: intakt\n','2015-06-15 21:24:29','2015-06-15 21:24:29',NULL),(160,'6u2pbfihd2ut0ot4e8tz107','59:de:61:01:1a:a2-b2:98:5f:a5:2e:93-42:92:76:3c:95:19',142,56,148,3,NULL,NULL,'2013-04-13','2015-06-15',NULL,NULL,'125.00',0,0,1,0,3,1,NULL,NULL,NULL,NULL,NULL,'--- !ruby/hash:ActiveSupport::HashWithIndifferentAccess\nanschaffungskategorie: AV-Technik\nreference: invoice\numzug: zgeln\nankunftszustand: intakt\n','2015-06-15 21:24:29','2015-06-15 21:24:29',NULL),(161,'t637b00mwwb2b91qunjl108','f3:f2:4a:6c:35:e2-24:f8:04:2c:26:23-b2:c6:06:af:3d:5b',142,57,149,4,NULL,NULL,'2014-05-24','2015-06-15',NULL,NULL,'1261.00',0,0,1,0,3,1,NULL,NULL,NULL,NULL,NULL,'--- !ruby/hash:ActiveSupport::HashWithIndifferentAccess\nanschaffungskategorie: AV-Technik\nreference: invoice\numzug: zgeln\nankunftszustand: intakt\n','2015-06-15 21:24:29','2015-06-15 21:24:29',NULL),(162,'n0st4sf0g43p2osn431c109','95:ae:dc:17:5a:78-2f:14:e5:ee:ad:5c-8f:0e:61:f1:61:1c',146,58,150,3,NULL,NULL,'2013-06-10','2015-06-15',NULL,NULL,'778.00',0,0,1,0,3,1,NULL,NULL,NULL,NULL,NULL,'--- !ruby/hash:ActiveSupport::HashWithIndifferentAccess\nanschaffungskategorie: AV-Technik\nreference: invoice\numzug: zgeln\nankunftszustand: intakt\n','2015-06-15 21:24:29','2015-06-15 21:24:29',NULL),(163,'v52q6m3y1246zpd7jsoy110','85:5a:97:ea:e2:c9-99:a8:99:75:29:77-92:f2:41:a0:e7:a4',146,59,151,6,NULL,NULL,'2012-09-01','2015-06-15',NULL,NULL,'948.00',0,0,1,0,3,1,NULL,NULL,NULL,NULL,NULL,'--- !ruby/hash:ActiveSupport::HashWithIndifferentAccess\nanschaffungskategorie: AV-Technik\nreference: invoice\numzug: zgeln\nankunftszustand: intakt\n','2015-06-15 21:24:29','2015-06-15 21:24:29',NULL),(164,'lcyzvoh23v43hkmrweh2111','07:e3:2c:a1:12:d1-1a:d7:85:76:e8:ee-35:74:bd:54:f9:4a',146,60,152,10,NULL,NULL,'2014-10-02','2015-06-15',NULL,NULL,'642.00',0,0,1,0,3,1,NULL,NULL,NULL,NULL,NULL,'--- !ruby/hash:ActiveSupport::HashWithIndifferentAccess\nanschaffungskategorie: AV-Technik\nreference: invoice\numzug: zgeln\nankunftszustand: intakt\n','2015-06-15 21:24:29','2015-06-15 21:24:29',NULL),(165,'pj81ux06fsy8hzne55mp112','8b:1f:a6:33:01:60-f9:4a:8d:c9:15:97-12:a5:b1:af:6b:7d',150,61,153,3,NULL,NULL,'2014-04-09','2015-06-15',NULL,NULL,'1437.00',0,0,1,0,3,1,NULL,NULL,NULL,NULL,NULL,'--- !ruby/hash:ActiveSupport::HashWithIndifferentAccess\nanschaffungskategorie: AV-Technik\nreference: invoice\numzug: zgeln\nankunftszustand: intakt\n','2015-06-15 21:24:29','2015-06-15 21:24:29',NULL),(166,'qgcd03tbaahowtf8ng2u113','f5:33:4d:98:77:9f-27:ce:73:af:af:55-aa:eb:32:c9:1f:b5',150,62,154,9,NULL,NULL,'2014-01-03','2015-06-15',NULL,NULL,'276.00',0,0,1,0,3,1,NULL,NULL,NULL,NULL,NULL,'--- !ruby/hash:ActiveSupport::HashWithIndifferentAccess\nanschaffungskategorie: AV-Technik\nreference: invoice\numzug: zgeln\nankunftszustand: intakt\n','2015-06-15 21:24:29','2015-06-15 21:24:29',NULL),(167,'is282cqloc3w9u7hzn5r114','c7:95:ce:6e:10:0e-57:52:33:9b:9d:f4-ee:f5:0a:71:96:bd',150,63,155,3,NULL,NULL,'2014-02-28','2015-06-15',NULL,NULL,'822.00',0,0,1,0,3,1,NULL,NULL,NULL,NULL,NULL,'--- !ruby/hash:ActiveSupport::HashWithIndifferentAccess\nanschaffungskategorie: AV-Technik\nreference: invoice\numzug: zgeln\nankunftszustand: intakt\n','2015-06-15 21:24:29','2015-06-15 21:24:29',NULL),(168,'fprwjtqst3538nno4cpt115','ac:b3:1e:db:c1:12-ad:10:c0:50:6d:45-08:e2:b9:93:6f:4d',154,64,156,4,NULL,NULL,'2012-07-07','2015-06-15',NULL,NULL,'1114.00',0,0,1,0,3,1,NULL,NULL,NULL,NULL,NULL,'--- !ruby/hash:ActiveSupport::HashWithIndifferentAccess\nanschaffungskategorie: AV-Technik\nreference: invoice\numzug: zgeln\nankunftszustand: intakt\n','2015-06-15 21:24:29','2015-06-15 21:24:29',NULL),(169,'n62bhpa9dsnhdlnoelp6116','d6:a1:86:ce:3c:7c-7d:73:9d:ef:f4:8e-1a:62:e1:59:58:95',154,65,157,6,NULL,NULL,'2011-12-15','2015-06-15',NULL,NULL,'575.00',0,0,1,0,3,1,NULL,NULL,NULL,NULL,NULL,'--- !ruby/hash:ActiveSupport::HashWithIndifferentAccess\nanschaffungskategorie: AV-Technik\nreference: invoice\numzug: zgeln\nankunftszustand: intakt\n','2015-06-15 21:24:29','2015-06-15 21:24:29',NULL),(170,'eyk5ngfahhseabex9tzt117','15:56:c7:f7:28:76-8e:3b:50:bf:e0:70-50:dc:d8:c3:75:b0',154,66,158,9,NULL,NULL,'2010-02-21','2015-06-15',NULL,NULL,'108.00',0,0,1,0,3,1,NULL,NULL,NULL,NULL,NULL,'--- !ruby/hash:ActiveSupport::HashWithIndifferentAccess\nanschaffungskategorie: AV-Technik\nreference: invoice\numzug: zgeln\nankunftszustand: intakt\n','2015-06-15 21:24:29','2015-06-15 21:24:29',NULL),(171,'w0o9rpmw0bmgj01oiqmb118','d8:98:d1:67:e6:45-93:3e:55:d1:12:81-7c:87:a8:82:67:3d',158,67,159,6,NULL,NULL,'2010-05-06','2015-06-15',NULL,NULL,'1175.00',0,0,1,0,2,1,NULL,NULL,NULL,NULL,NULL,'--- !ruby/hash:ActiveSupport::HashWithIndifferentAccess\nanschaffungskategorie: AV-Technik\nreference: invoice\numzug: zgeln\nankunftszustand: intakt\n','2015-06-15 21:24:29','2015-06-15 21:24:29',NULL),(172,'kcw32vym4oxu85b98448119','19:cf:93:a4:f4:08-75:a2:4b:ce:94:68-23:7f:8b:c0:bb:6d',158,68,160,5,NULL,NULL,'2010-09-13','2015-06-15',NULL,NULL,'1134.00',0,0,1,0,2,1,NULL,NULL,NULL,NULL,NULL,'--- !ruby/hash:ActiveSupport::HashWithIndifferentAccess\nanschaffungskategorie: AV-Technik\nreference: invoice\numzug: zgeln\nankunftszustand: intakt\n','2015-06-15 21:24:29','2015-06-15 21:24:29',NULL),(173,'n2e0faoo0m4sfnlrcv7c120','7a:34:98:3e:79:2c-0e:e8:10:69:23:2c-9e:3f:e7:ec:21:6b',158,69,161,7,NULL,NULL,'2010-10-19','2015-06-15',NULL,NULL,'826.00',0,0,1,0,2,1,NULL,NULL,NULL,NULL,NULL,'--- !ruby/hash:ActiveSupport::HashWithIndifferentAccess\nanschaffungskategorie: AV-Technik\nreference: invoice\numzug: zgeln\nankunftszustand: intakt\n','2015-06-15 21:24:29','2015-06-15 21:24:29',NULL),(174,'c4kzwxoxm720vas1g1rd121','68:7e:29:63:9d:29-4a:30:7f:83:70:a2-71:7c:23:b7:1a:ae',162,70,162,5,NULL,NULL,'2011-10-11','2015-06-15',NULL,NULL,'1211.00',0,0,1,0,2,1,NULL,NULL,NULL,NULL,NULL,'--- !ruby/hash:ActiveSupport::HashWithIndifferentAccess\nanschaffungskategorie: AV-Technik\nreference: invoice\numzug: zgeln\nankunftszustand: intakt\n','2015-06-15 21:24:29','2015-06-15 21:24:29',NULL),(175,'4mgb12a5rqcolvb150sy122','72:7d:3f:07:56:d7-07:88:9f:63:b2:90-15:35:12:56:58:83',162,71,163,6,NULL,NULL,'2014-02-06','2015-06-15',NULL,NULL,'1181.00',0,0,1,0,2,1,NULL,NULL,NULL,NULL,NULL,'--- !ruby/hash:ActiveSupport::HashWithIndifferentAccess\nanschaffungskategorie: AV-Technik\nreference: invoice\numzug: zgeln\nankunftszustand: intakt\n','2015-06-15 21:24:29','2015-06-15 21:24:29',NULL),(176,'lssr6o8adzfj8vtyitzj123','59:e9:86:9f:03:99-e3:32:9c:f9:cd:c3-61:dd:7d:db:5b:7c',162,72,164,6,NULL,NULL,'2013-04-27','2015-06-15',NULL,NULL,'1380.00',0,0,1,0,2,1,NULL,NULL,NULL,NULL,NULL,'--- !ruby/hash:ActiveSupport::HashWithIndifferentAccess\nanschaffungskategorie: AV-Technik\nreference: invoice\numzug: zgeln\nankunftszustand: intakt\n','2015-06-15 21:24:29','2015-06-15 21:24:29',NULL),(177,'c1zz5h1bptm4obfta4nv124','45:69:2a:20:c2:c4-2e:da:78:e1:ce:c0-8e:87:20:bf:ea:fd',166,73,165,4,NULL,NULL,'2012-02-20','2015-06-15',NULL,NULL,'960.00',0,0,1,0,2,1,NULL,NULL,NULL,NULL,NULL,'--- !ruby/hash:ActiveSupport::HashWithIndifferentAccess\nanschaffungskategorie: AV-Technik\nreference: invoice\numzug: zgeln\nankunftszustand: intakt\n','2015-06-15 21:24:29','2015-06-15 21:24:29',NULL),(178,'tybeys7ru2ivr6n87owz125','ba:a4:80:4d:35:7d-91:5a:10:9d:b3:6c-1c:97:a2:61:db:6d',166,74,166,3,NULL,NULL,'2010-02-26','2015-06-15',NULL,NULL,'367.00',0,0,1,0,2,1,NULL,NULL,NULL,NULL,NULL,'--- !ruby/hash:ActiveSupport::HashWithIndifferentAccess\nanschaffungskategorie: AV-Technik\nreference: invoice\numzug: zgeln\nankunftszustand: intakt\n','2015-06-15 21:24:29','2015-06-15 21:24:29',NULL),(179,'l9x5lba2kvwjoj4ajmvf126','a4:a8:fd:bd:0e:2a-0a:7e:c9:88:13:89-07:8c:3a:2a:3e:94',166,75,167,6,NULL,NULL,'2011-05-04','2015-06-15',NULL,NULL,'1057.00',0,0,1,0,2,1,NULL,NULL,NULL,NULL,NULL,'--- !ruby/hash:ActiveSupport::HashWithIndifferentAccess\nanschaffungskategorie: AV-Technik\nreference: invoice\numzug: zgeln\nankunftszustand: intakt\n','2015-06-15 21:24:29','2015-06-15 21:24:29',NULL),(180,'y3ygdwfnm17qd41etfwb127','11:95:74:51:33:46-d9:f4:1d:ac:81:94-ab:ff:fb:49:83:2a',170,76,168,3,NULL,NULL,'2010-12-27','2015-06-15',NULL,NULL,'1205.00',0,0,1,0,2,1,NULL,NULL,NULL,NULL,NULL,'--- !ruby/hash:ActiveSupport::HashWithIndifferentAccess\nanschaffungskategorie: AV-Technik\nreference: invoice\numzug: zgeln\nankunftszustand: intakt\n','2015-06-15 21:24:29','2015-06-15 21:24:29',NULL),(181,'jv3ef1k2wv77ivk0ti07128','17:22:4a:5c:08:74-f3:d9:55:52:71:ae-f3:fd:a6:14:a5:7b',170,77,169,11,NULL,NULL,'2010-01-24','2015-06-15',NULL,NULL,'130.00',0,0,1,0,2,1,NULL,NULL,NULL,NULL,NULL,'--- !ruby/hash:ActiveSupport::HashWithIndifferentAccess\nanschaffungskategorie: AV-Technik\nreference: invoice\numzug: zgeln\nankunftszustand: intakt\n','2015-06-15 21:24:29','2015-06-15 21:24:29',NULL),(182,'dmvtpvc7iogn4qkh4p3p129','24:c8:44:b4:3a:26-c6:21:a7:12:93:41-d7:96:a9:57:cf:fa',170,78,170,8,NULL,NULL,'2011-04-20','2015-06-15',NULL,NULL,'603.00',0,0,1,0,2,1,NULL,NULL,NULL,NULL,NULL,'--- !ruby/hash:ActiveSupport::HashWithIndifferentAccess\nanschaffungskategorie: AV-Technik\nreference: invoice\numzug: zgeln\nankunftszustand: intakt\n','2015-06-15 21:24:29','2015-06-15 21:24:29',NULL),(183,'6wp7bfb5ohvxwwcu4z3h130','e5:18:43:c1:2f:ca-b5:5c:65:47:a8:5d-5e:8b:59:09:a3:42',174,79,171,3,NULL,NULL,'2012-06-24','2015-06-13',NULL,NULL,'714.00',0,0,1,0,1,1,NULL,NULL,NULL,NULL,NULL,'--- !ruby/hash:ActiveSupport::HashWithIndifferentAccess\nanschaffungskategorie: AV-Technik\nreference: invoice\numzug: zgeln\nankunftszustand: intakt\n','2015-06-13 21:24:29','2015-06-13 21:24:29',NULL),(184,'c74spkfolmxqnsq3nspn131','c4:d2:ff:ff:1e:f9-37:5d:8c:5d:f5:d7-7b:ee:f2:fd:d8:12',175,80,172,1,NULL,NULL,'2012-10-27','2015-06-13',NULL,NULL,'180.00',0,0,1,0,1,1,NULL,NULL,NULL,NULL,NULL,'--- !ruby/hash:ActiveSupport::HashWithIndifferentAccess\nanschaffungskategorie: AV-Technik\nreference: invoice\numzug: zgeln\nankunftszustand: intakt\n','2015-06-13 21:24:29','2015-06-13 21:24:29',NULL),(185,'d8x6fbrwm152eqgd9048132','2a:21:77:cd:e5:dd-97:3d:19:bb:13:34-d9:75:20:80:6f:82',176,81,173,6,NULL,NULL,'2014-08-17','2015-06-13',NULL,NULL,'1365.00',0,0,1,0,1,1,NULL,NULL,NULL,NULL,NULL,'--- !ruby/hash:ActiveSupport::HashWithIndifferentAccess\nanschaffungskategorie: AV-Technik\nreference: invoice\numzug: zgeln\nankunftszustand: intakt\n','2015-06-13 21:24:29','2015-06-13 21:24:29',NULL),(186,'dp1d9zn99q7bfijihjy6133','21:26:16:5b:61:c5-97:47:80:20:9e:21-e9:d5:29:14:1a:b2',177,82,174,2,NULL,NULL,'2013-07-30','2015-06-15',NULL,NULL,'746.00',0,0,1,0,1,1,NULL,NULL,NULL,NULL,NULL,'--- !ruby/hash:ActiveSupport::HashWithIndifferentAccess\nanschaffungskategorie: AV-Technik\nreference: invoice\numzug: zgeln\nankunftszustand: intakt\n','2015-06-15 21:24:29','2015-06-15 21:24:29',NULL),(187,'mqisj8u41q3j9covwfw0134','c6:5c:04:0b:36:c1-9d:25:89:1d:1e:50-52:bc:bc:b0:57:91',178,83,175,8,NULL,NULL,'2010-05-28','2015-06-15',NULL,NULL,'325.00',0,0,1,0,1,1,NULL,NULL,NULL,NULL,NULL,'--- !ruby/hash:ActiveSupport::HashWithIndifferentAccess\nanschaffungskategorie: AV-Technik\nreference: invoice\numzug: zgeln\nankunftszustand: intakt\n','2015-06-15 21:24:29','2015-06-15 21:24:29',NULL),(188,'j7m474t4zfrgq7z2r7dc135','e7:13:e1:d7:b5:af-69:b3:61:50:ec:e0-e1:8e:15:b0:d8:62',179,84,176,10,NULL,NULL,'2013-06-30','2015-06-15',NULL,NULL,'460.00',0,0,1,0,1,1,NULL,NULL,NULL,NULL,NULL,'--- !ruby/hash:ActiveSupport::HashWithIndifferentAccess\nanschaffungskategorie: AV-Technik\nreference: invoice\numzug: zgeln\nankunftszustand: intakt\n','2015-06-15 21:24:29','2015-06-15 21:24:29',NULL),(189,'oavesy0wl2aromeriwe4136','c3:8d:c2:e4:2c:f3-99:49:f8:50:ee:a7-66:9f:29:1c:02:7d',180,85,177,10,NULL,NULL,'2011-12-04','2015-06-15',NULL,NULL,'138.00',0,0,1,0,1,1,NULL,NULL,NULL,NULL,NULL,'--- !ruby/hash:ActiveSupport::HashWithIndifferentAccess\nanschaffungskategorie: AV-Technik\nreference: invoice\numzug: zgeln\nankunftszustand: intakt\n','2015-06-15 21:24:29','2015-06-15 21:24:29',NULL),(190,'d701yeeki44nnw2303c7137','6a:b0:43:a4:60:dd-71:2f:4f:9f:cf:e4-50:a2:6a:de:b3:b6',181,86,178,7,NULL,NULL,'2014-07-04','2015-06-15',NULL,NULL,'684.00',0,0,1,0,1,1,NULL,NULL,NULL,NULL,NULL,'--- !ruby/hash:ActiveSupport::HashWithIndifferentAccess\nanschaffungskategorie: AV-Technik\nreference: invoice\numzug: zgeln\nankunftszustand: intakt\n','2015-06-15 21:24:29','2015-06-15 21:24:29',NULL),(191,'5qd5i4870g8dk6yd24wg138','bf:b4:27:9b:c5:44-1b:bf:fd:ab:6b:ad-15:28:2e:59:db:d3',182,87,179,5,NULL,NULL,'2012-10-19','2015-06-15',NULL,NULL,'5.00',0,0,1,0,1,1,NULL,NULL,NULL,NULL,NULL,'--- !ruby/hash:ActiveSupport::HashWithIndifferentAccess\nanschaffungskategorie: AV-Technik\nreference: invoice\numzug: zgeln\nankunftszustand: intakt\n','2015-06-15 21:24:29','2015-06-15 21:24:29',NULL),(192,'gp5w2gg3fw7vucj56wva139','81:da:c4:40:1d:1b-9c:7c:2e:bc:a6:57-92:25:1a:f8:ad:4e',183,88,180,3,NULL,NULL,'2014-09-19','2015-06-15',NULL,NULL,'530.00',0,0,1,0,1,1,NULL,NULL,NULL,NULL,NULL,'--- !ruby/hash:ActiveSupport::HashWithIndifferentAccess\nanschaffungskategorie: AV-Technik\nreference: invoice\numzug: zgeln\nankunftszustand: intakt\n','2015-06-15 21:24:29','2015-06-15 21:24:29',NULL),(193,'j5ui49szj0vlr7mv9xim140','6f:a4:4d:6b:e4:09-79:ec:74:ff:b1:1c-c3:59:e8:f5:91:8d',184,89,181,7,NULL,NULL,'2011-12-16','2015-06-15',NULL,NULL,'1178.00',0,0,1,0,1,1,NULL,NULL,NULL,NULL,NULL,'--- !ruby/hash:ActiveSupport::HashWithIndifferentAccess\nanschaffungskategorie: AV-Technik\nreference: invoice\numzug: zgeln\nankunftszustand: intakt\n','2015-06-15 21:24:29','2015-06-15 21:24:29',NULL),(194,'e3gyhhjmt8h1o9318g3f141','a8:f2:42:ed:8d:e3-0b:f4:40:50:6a:d8-44:10:8e:99:9a:22',185,90,182,8,NULL,NULL,'2010-09-07','2015-06-15',NULL,NULL,'1134.00',0,0,1,0,1,1,NULL,NULL,NULL,NULL,NULL,'--- !ruby/hash:ActiveSupport::HashWithIndifferentAccess\nanschaffungskategorie: AV-Technik\nreference: invoice\numzug: zgeln\nankunftszustand: intakt\n','2015-06-15 21:24:29','2015-06-15 21:24:29',NULL),(195,'776x5ghorzqqzpxp1qbl142','49:56:1c:d8:21:a0-53:39:da:4d:7f:b0-8a:ab:00:c6:f0:91',186,91,183,5,NULL,NULL,'2013-08-13','2015-06-15',NULL,NULL,'1414.00',0,0,1,0,1,1,NULL,NULL,NULL,NULL,NULL,'--- !ruby/hash:ActiveSupport::HashWithIndifferentAccess\nanschaffungskategorie: AV-Technik\nreference: invoice\numzug: zgeln\nankunftszustand: intakt\n','2015-06-15 21:24:29','2015-06-15 21:24:29',NULL),(196,'rmg2dcslin39rdkjle6w143','58:18:86:35:1e:1f-d3:97:b3:7e:1c:c7-4e:e1:67:ca:b0:3d',187,92,184,9,NULL,NULL,'2013-12-30','2015-06-15',NULL,NULL,'1471.00',0,0,1,0,1,1,NULL,NULL,NULL,NULL,NULL,'--- !ruby/hash:ActiveSupport::HashWithIndifferentAccess\nanschaffungskategorie: AV-Technik\nreference: invoice\numzug: zgeln\nankunftszustand: intakt\n','2015-06-15 21:24:29','2015-06-15 21:24:29',NULL),(197,'omng8kha9gp58ydb1sh7144','bd:41:0b:f0:30:f1-a9:54:a6:ab:8f:3c-2a:a3:af:92:81:f5',188,93,185,5,NULL,NULL,'2011-04-25','2015-06-15',NULL,NULL,'595.00',0,0,1,0,1,1,NULL,NULL,NULL,NULL,NULL,'--- !ruby/hash:ActiveSupport::HashWithIndifferentAccess\nanschaffungskategorie: AV-Technik\nreference: invoice\numzug: zgeln\nankunftszustand: intakt\n','2015-06-15 21:24:29','2015-06-15 21:24:29',NULL),(198,'4p0uo70u0j8sumyoipqe145','6c:91:d2:f4:f5:c2-11:8f:ce:e1:13:fe-4b:fb:a0:bc:9d:11',189,94,186,8,NULL,NULL,'2010-11-08','2015-06-15',NULL,NULL,'460.00',0,0,1,0,1,1,NULL,NULL,NULL,NULL,NULL,'--- !ruby/hash:ActiveSupport::HashWithIndifferentAccess\nanschaffungskategorie: AV-Technik\nreference: invoice\numzug: zgeln\nankunftszustand: intakt\n','2015-06-15 21:24:29','2015-06-15 21:24:29',NULL),(199,'yeig9mcuyttlk9ufdo0a146','c2:21:cd:c1:98:30-44:30:64:26:e7:e9-0e:ed:b3:1b:70:73',190,95,187,7,NULL,NULL,'2012-07-17','2015-06-15',NULL,NULL,'1223.00',0,0,1,0,1,1,NULL,NULL,NULL,NULL,NULL,'--- !ruby/hash:ActiveSupport::HashWithIndifferentAccess\nanschaffungskategorie: AV-Technik\nreference: invoice\numzug: zgeln\nankunftszustand: intakt\n','2015-06-15 21:24:29','2015-06-15 21:24:29',NULL),(200,'czjii92488q17zha6zzh147','bb:38:06:4b:22:f1-f9:b5:e6:fd:6b:53-c5:0b:af:55:e4:fa',191,96,188,11,NULL,NULL,'2011-04-20','2015-06-15',NULL,NULL,'190.00',0,0,1,0,1,1,NULL,NULL,NULL,NULL,NULL,'--- !ruby/hash:ActiveSupport::HashWithIndifferentAccess\nanschaffungskategorie: AV-Technik\nreference: invoice\numzug: zgeln\nankunftszustand: intakt\n','2015-06-15 21:24:29','2015-06-15 21:24:29',NULL),(201,'dm244dbayw1h9g1ztlym148','a5:cd:39:06:12:e4-e7:63:b3:15:2e:a6-bf:e2:fb:38:99:e0',192,97,189,4,NULL,NULL,'2014-12-29','2015-06-10',NULL,NULL,'1398.00',0,0,1,0,1,1,NULL,NULL,NULL,NULL,NULL,'--- !ruby/hash:ActiveSupport::HashWithIndifferentAccess\nanschaffungskategorie: AV-Technik\nreference: invoice\numzug: zgeln\nankunftszustand: intakt\n','2015-06-10 21:24:29','2015-06-10 21:24:29',NULL),(202,'qzl6g6r691cptwcok0bt149','17:85:0a:55:4c:36-23:89:6f:da:0f:f9-4a:5e:a5:1f:ed:80',193,98,190,3,NULL,NULL,'2013-02-16','2015-06-10',NULL,NULL,'701.00',0,0,1,0,1,1,NULL,NULL,NULL,NULL,NULL,'--- !ruby/hash:ActiveSupport::HashWithIndifferentAccess\nanschaffungskategorie: AV-Technik\nreference: invoice\numzug: zgeln\nankunftszustand: intakt\n','2015-06-10 21:24:29','2015-06-10 21:24:29',NULL),(203,'w1pgpeskualkhstkqlxn150','cd:ea:f2:27:50:25-b8:94:c8:cd:24:d9-a1:76:7d:d4:b3:c2',194,99,191,2,NULL,NULL,'2013-09-23','2015-06-10',NULL,NULL,'615.00',0,0,1,0,1,1,NULL,NULL,NULL,NULL,NULL,'--- !ruby/hash:ActiveSupport::HashWithIndifferentAccess\nanschaffungskategorie: AV-Technik\nreference: invoice\numzug: zgeln\nankunftszustand: intakt\n','2015-06-10 21:24:29','2015-06-10 21:24:29',NULL),(204,'5pggpuja2kfv4qc6crea151','5d:cf:a2:dd:05:b9-41:1c:f3:18:68:46-6d:cd:ca:2e:31:45',195,100,192,1,NULL,NULL,'2013-12-19','2015-06-10',NULL,NULL,'1217.00',0,0,1,0,1,1,NULL,NULL,NULL,NULL,NULL,'--- !ruby/hash:ActiveSupport::HashWithIndifferentAccess\nanschaffungskategorie: AV-Technik\nreference: invoice\numzug: zgeln\nankunftszustand: intakt\n','2015-06-10 21:24:29','2015-06-10 21:24:29',NULL),(205,'5emsz6eh5fbwd8t1qs04152','5d:75:ca:79:af:87-20:d6:40:17:d0:ff-a1:ed:99:ed:23:60',196,101,193,3,NULL,NULL,'2011-07-01','2015-06-10',NULL,NULL,'1227.00',0,0,1,0,1,1,NULL,NULL,NULL,NULL,NULL,'--- !ruby/hash:ActiveSupport::HashWithIndifferentAccess\nanschaffungskategorie: AV-Technik\nreference: invoice\numzug: zgeln\nankunftszustand: intakt\n','2015-06-10 21:24:29','2015-06-10 21:24:29',NULL),(206,'u9z7g3ozy4bbjnwl508z153','5d:34:bb:13:54:30-73:a9:14:c5:3f:d1-3b:ed:78:1c:05:9d',197,102,194,3,NULL,NULL,'2013-07-10','2015-06-10',NULL,NULL,'1201.00',0,0,1,0,1,1,NULL,NULL,NULL,NULL,NULL,'--- !ruby/hash:ActiveSupport::HashWithIndifferentAccess\nanschaffungskategorie: AV-Technik\nreference: invoice\numzug: zgeln\nankunftszustand: intakt\n','2015-06-10 21:24:29','2015-06-10 21:24:29',NULL),(207,'zkfnzn3h5k8w21eb7iod154','98:f7:fd:27:6b:2a-e7:7c:80:1d:db:2e-c3:6b:61:a0:0a:12',198,103,195,11,NULL,NULL,'2014-04-14','2015-06-10',NULL,NULL,'599.00',0,0,1,0,1,1,NULL,NULL,NULL,NULL,NULL,'--- !ruby/hash:ActiveSupport::HashWithIndifferentAccess\nanschaffungskategorie: AV-Technik\nreference: invoice\numzug: zgeln\nankunftszustand: intakt\n','2015-06-10 21:24:29','2015-06-10 21:24:29',NULL),(208,'q7uecssmfdt8km4o99jf155','65:6b:f0:d4:37:58-47:9c:aa:ee:73:f1-5c:4b:b3:2d:58:aa',199,104,196,2,NULL,NULL,'2012-07-26','2015-06-10',NULL,NULL,'512.00',0,0,1,0,1,1,NULL,NULL,NULL,NULL,NULL,'--- !ruby/hash:ActiveSupport::HashWithIndifferentAccess\nanschaffungskategorie: AV-Technik\nreference: invoice\numzug: zgeln\nankunftszustand: intakt\n','2015-06-10 21:24:29','2015-06-10 21:24:29',NULL),(209,'apchmfx5innj36yaoltu156','8a:fd:7c:a5:f4:ab-18:13:bc:2f:82:2e-3f:c0:0f:4e:5a:6b',200,105,197,9,NULL,NULL,'2011-06-27','2015-06-10',NULL,NULL,'596.00',0,0,1,0,1,1,NULL,NULL,NULL,NULL,NULL,'--- !ruby/hash:ActiveSupport::HashWithIndifferentAccess\nanschaffungskategorie: AV-Technik\nreference: invoice\numzug: zgeln\nankunftszustand: intakt\n','2015-06-10 21:24:29','2015-06-10 21:24:29',NULL),(210,'llyfzdd7s0b8dz7jkozk157','5f:76:1e:dd:5e:a4-66:89:1a:12:aa:c5-c2:49:d0:20:92:b9',201,106,198,10,NULL,NULL,'2012-12-30','2015-06-10',NULL,NULL,'1441.00',0,0,1,0,1,1,NULL,NULL,NULL,NULL,NULL,'--- !ruby/hash:ActiveSupport::HashWithIndifferentAccess\nanschaffungskategorie: AV-Technik\nreference: invoice\numzug: zgeln\nankunftszustand: intakt\n','2015-06-10 21:24:29','2015-06-10 21:24:29',NULL),(211,'tgtabyvcahoi1cw0fwcn158','16:bb:9a:36:74:6a-ff:0f:74:74:c2:60-20:90:05:8a:c2:9b',202,107,199,7,NULL,NULL,'2014-11-17','2015-06-15',NULL,NULL,'1003.00',0,0,1,0,12,1,NULL,NULL,NULL,NULL,NULL,'--- !ruby/hash:ActiveSupport::HashWithIndifferentAccess\nanschaffungskategorie: AV-Technik\nreference: invoice\numzug: zgeln\nankunftszustand: intakt\n','2015-06-15 21:24:29','2015-06-15 21:24:29',NULL),(212,'46mghspc2jr7qzu2xjpn159','8b:04:0a:52:25:51-12:4e:c6:e5:ae:0a-2b:ca:6a:fe:42:6e',202,108,200,9,NULL,NULL,'2011-06-03','2015-06-15',NULL,NULL,'502.00',0,0,1,0,12,1,NULL,NULL,NULL,NULL,NULL,'--- !ruby/hash:ActiveSupport::HashWithIndifferentAccess\nanschaffungskategorie: AV-Technik\nreference: invoice\numzug: zgeln\nankunftszustand: intakt\n','2015-06-15 21:24:29','2015-06-15 21:24:29',NULL),(213,'exn4qo7ura9w408u0oub160','4c:d6:61:0e:2e:d1-7d:62:b4:22:c3:ef-8b:5b:6d:aa:c9:9d',202,109,201,12,NULL,NULL,'2010-02-20','2015-06-15',NULL,NULL,'585.00',0,0,1,0,12,1,NULL,NULL,NULL,NULL,NULL,'--- !ruby/hash:ActiveSupport::HashWithIndifferentAccess\nanschaffungskategorie: AV-Technik\nreference: invoice\numzug: zgeln\nankunftszustand: intakt\n','2015-06-15 21:24:29','2015-06-15 21:24:29',NULL),(214,'q52uinm0a6qh2pnpm4fu161','2b:87:a2:b5:61:10-ef:d6:f4:10:8c:92-b0:d9:ac:3d:2c:14',206,110,202,12,NULL,NULL,'2013-07-16','2015-06-15',NULL,NULL,'899.00',0,0,1,0,12,1,NULL,NULL,NULL,NULL,NULL,'--- !ruby/hash:ActiveSupport::HashWithIndifferentAccess\nanschaffungskategorie: AV-Technik\nreference: invoice\numzug: zgeln\nankunftszustand: intakt\n','2015-06-15 21:24:29','2015-06-15 21:24:29',NULL),(215,'calbr95le1or3az8u2ok162','36:4b:e2:25:02:72-3f:c6:23:84:50:02-a5:6d:2d:12:ac:3e',206,111,203,8,NULL,NULL,'2010-11-14','2015-06-15',NULL,NULL,'928.00',0,0,1,0,12,1,NULL,NULL,NULL,NULL,NULL,'--- !ruby/hash:ActiveSupport::HashWithIndifferentAccess\nanschaffungskategorie: AV-Technik\nreference: invoice\numzug: zgeln\nankunftszustand: intakt\n','2015-06-15 21:24:29','2015-06-15 21:24:29',NULL),(216,'hb8lllr2cqf8dpzujkar163','ae:11:be:9a:f7:17-2a:d5:60:18:c3:e8-d6:98:c3:a1:e1:06',206,112,204,8,NULL,NULL,'2014-02-25','2015-06-15',NULL,NULL,'915.00',0,0,1,0,12,1,NULL,NULL,NULL,NULL,NULL,'--- !ruby/hash:ActiveSupport::HashWithIndifferentAccess\nanschaffungskategorie: AV-Technik\nreference: invoice\numzug: zgeln\nankunftszustand: intakt\n','2015-06-15 21:24:29','2015-06-15 21:24:29',NULL),(217,'zavrvi53acs5hriurrl4164','14:6d:4d:c7:86:56-ea:54:8f:fe:3d:e5-fa:d1:53:3e:14:d5',210,113,205,1,NULL,NULL,'2010-02-14','2015-06-15',NULL,NULL,'470.00',0,0,1,0,12,1,NULL,NULL,NULL,NULL,NULL,'--- !ruby/hash:ActiveSupport::HashWithIndifferentAccess\nanschaffungskategorie: AV-Technik\nreference: invoice\numzug: zgeln\nankunftszustand: intakt\n','2015-06-15 21:24:29','2015-06-15 21:24:29',NULL),(218,'3ggderoks35huk8kvhrk165','2e:d7:33:74:16:6d-00:21:07:ee:71:70-9d:d1:f2:d5:71:c6',210,114,206,7,NULL,NULL,'2011-10-08','2015-06-15',NULL,NULL,'529.00',0,0,1,0,12,1,NULL,NULL,NULL,NULL,NULL,'--- !ruby/hash:ActiveSupport::HashWithIndifferentAccess\nanschaffungskategorie: AV-Technik\nreference: invoice\numzug: zgeln\nankunftszustand: intakt\n','2015-06-15 21:24:29','2015-06-15 21:24:29',NULL),(219,'i6u8garv8st6uowelwvn166','19:33:45:9e:b2:14-8e:17:24:d0:85:14-74:55:45:3c:ed:d7',210,115,207,3,NULL,NULL,'2010-06-22','2015-06-15',NULL,NULL,'948.00',0,0,1,0,12,1,NULL,NULL,NULL,NULL,NULL,'--- !ruby/hash:ActiveSupport::HashWithIndifferentAccess\nanschaffungskategorie: AV-Technik\nreference: invoice\numzug: zgeln\nankunftszustand: intakt\n','2015-06-15 21:24:29','2015-06-15 21:24:29',NULL),(220,'tbena30d65ar7jz7nhnr167','46:e1:22:67:3b:11-f1:bd:ed:47:35:93-d0:ff:07:c3:a5:8e',214,116,208,5,NULL,NULL,'2013-04-14','2015-06-15',NULL,NULL,'6.00',0,0,1,0,1,1,NULL,NULL,NULL,NULL,NULL,'--- !ruby/hash:ActiveSupport::HashWithIndifferentAccess\nanschaffungskategorie: AV-Technik\nreference: invoice\numzug: zgeln\nankunftszustand: intakt\n','2015-06-15 21:24:29','2015-06-15 21:24:29',NULL),(221,'r7nl85jqhxawrcyeul0c168','0c:cb:b2:d3:54:82-f3:96:67:97:d9:2e-26:20:f0:81:ab:22',215,117,209,6,NULL,NULL,'2010-12-25','2015-06-15',NULL,NULL,'26.00',0,0,1,0,1,1,NULL,NULL,NULL,NULL,NULL,'--- !ruby/hash:ActiveSupport::HashWithIndifferentAccess\nanschaffungskategorie: AV-Technik\nreference: invoice\numzug: zgeln\nankunftszustand: intakt\n','2015-06-15 21:24:29','2015-06-15 21:24:29',NULL),(222,'vtvjs1bti634xqizms60169','fb:de:3c:d1:94:b9-f5:01:0c:6b:cc:d4-f5:ff:c3:b8:9f:a5',216,118,210,7,NULL,NULL,'2012-01-14','2015-06-15',NULL,NULL,'927.00',0,0,1,0,1,1,NULL,NULL,NULL,NULL,NULL,'--- !ruby/hash:ActiveSupport::HashWithIndifferentAccess\nanschaffungskategorie: AV-Technik\nreference: invoice\numzug: zgeln\nankunftszustand: intakt\n','2015-06-15 21:24:29','2015-06-15 21:24:29',NULL),(223,'ooexae73lthol68g8d1o170','9f:df:c6:ec:47:fc-f7:d0:09:ba:78:01-60:a9:a8:5a:b4:63',217,119,211,10,NULL,NULL,'2013-12-27','2015-06-15',NULL,NULL,'1423.00',0,0,1,0,1,1,NULL,NULL,NULL,NULL,NULL,'--- !ruby/hash:ActiveSupport::HashWithIndifferentAccess\nanschaffungskategorie: AV-Technik\nreference: invoice\numzug: zgeln\nankunftszustand: intakt\n','2015-06-15 21:24:29','2015-06-15 21:24:29',NULL),(224,'vru0ufkt1epkxo1qyy8i171','70:b2:f7:f0:03:05-04:26:53:ca:1f:73-bb:0f:69:0a:c5:b3',218,120,212,10,NULL,NULL,'2010-01-06','2015-06-15',NULL,NULL,'800.00',0,0,1,0,1,1,NULL,NULL,NULL,NULL,NULL,'--- !ruby/hash:ActiveSupport::HashWithIndifferentAccess\nanschaffungskategorie: AV-Technik\nreference: invoice\numzug: zgeln\nankunftszustand: intakt\n','2015-06-15 21:24:29','2015-06-15 21:24:29',NULL),(225,'p3nvcikj8c96zjrbro2k172','65:a7:6f:b5:0c:67-d4:9e:7c:ea:b0:de-5a:63:52:60:38:dc',219,121,213,10,NULL,NULL,'2012-01-08','2015-06-15',NULL,NULL,'135.00',0,0,1,0,1,1,NULL,NULL,NULL,NULL,NULL,'--- !ruby/hash:ActiveSupport::HashWithIndifferentAccess\nanschaffungskategorie: AV-Technik\nreference: invoice\numzug: zgeln\nankunftszustand: intakt\n','2015-06-15 21:24:29','2015-06-15 21:24:29',NULL),(226,'mbmnboqp2rhvp1t8rdpr173','3d:ba:1e:f2:a7:83-82:65:bf:58:9a:db-f2:1d:f9:22:aa:ce',220,122,214,7,NULL,NULL,'2010-01-08','2015-06-15',NULL,NULL,'537.00',0,0,1,0,1,1,NULL,NULL,NULL,NULL,NULL,'--- !ruby/hash:ActiveSupport::HashWithIndifferentAccess\nanschaffungskategorie: AV-Technik\nreference: invoice\numzug: zgeln\nankunftszustand: intakt\n','2015-06-15 21:24:29','2015-06-15 21:24:29',NULL),(227,'mushd085enb07rujnm9p174','73:a6:8a:6d:03:ba-9a:cb:de:8b:d2:46-a2:5f:82:b1:af:cb',221,123,215,1,NULL,NULL,'2013-12-07','2015-06-15',NULL,NULL,'1229.00',0,0,1,0,1,1,NULL,NULL,NULL,NULL,NULL,'--- !ruby/hash:ActiveSupport::HashWithIndifferentAccess\nanschaffungskategorie: AV-Technik\nreference: invoice\numzug: zgeln\nankunftszustand: intakt\n','2015-06-15 21:24:29','2015-06-15 21:24:29',NULL),(228,'kyt8dyorz49xde1o8f71175','28:d8:ba:f6:ad:d2-8f:04:66:46:31:a5-a3:7a:69:4d:19:13',222,124,216,4,NULL,NULL,'2012-01-12','2015-06-15',NULL,NULL,'1200.00',0,0,1,0,1,1,NULL,NULL,NULL,NULL,NULL,'--- !ruby/hash:ActiveSupport::HashWithIndifferentAccess\nanschaffungskategorie: AV-Technik\nreference: invoice\numzug: zgeln\nankunftszustand: intakt\n','2015-06-15 21:24:29','2015-06-15 21:24:29',NULL),(229,'4w7uv4wppiwzmmw20o2x176','3d:2d:57:84:00:45-e9:c9:08:00:f4:76-ea:3a:eb:d1:6d:a0',223,125,217,2,NULL,NULL,'2014-09-29','2015-06-15',NULL,NULL,'1355.00',0,0,1,0,1,1,NULL,NULL,NULL,NULL,NULL,'--- !ruby/hash:ActiveSupport::HashWithIndifferentAccess\nanschaffungskategorie: AV-Technik\nreference: invoice\numzug: zgeln\nankunftszustand: intakt\n','2015-06-15 21:24:29','2015-06-15 21:24:29',NULL),(230,'xwsqmjvl6cc0ms972n9t177','b4:91:8a:2e:e5:b4-ce:1d:76:8d:fd:d2-72:18:da:c6:09:23',224,126,218,10,NULL,NULL,'2012-04-08','2015-06-15',NULL,NULL,'512.00',0,0,1,0,1,1,NULL,NULL,NULL,NULL,NULL,'--- !ruby/hash:ActiveSupport::HashWithIndifferentAccess\nanschaffungskategorie: AV-Technik\nreference: invoice\numzug: zgeln\nankunftszustand: intakt\n','2015-06-15 21:24:29','2015-06-15 21:24:29',NULL),(231,'midf65409ufpqnljh4mx178','e9:4c:c2:52:1b:57-75:06:32:cd:1f:7a-8d:9a:73:11:e9:8e',225,127,219,5,NULL,NULL,'2013-03-03','2015-06-15',NULL,NULL,'279.00',0,0,1,0,1,1,NULL,NULL,NULL,NULL,NULL,'--- !ruby/hash:ActiveSupport::HashWithIndifferentAccess\nanschaffungskategorie: AV-Technik\nreference: invoice\numzug: zgeln\nankunftszustand: intakt\n','2015-06-15 21:24:29','2015-06-15 21:24:29',NULL),(232,'2b4nses27tz0wl30z9j6179','04:ac:4e:53:43:4e-69:98:16:f3:1d:aa-08:c8:67:0d:08:75',226,128,220,12,NULL,NULL,'2011-10-11','2015-06-15',NULL,NULL,'621.00',0,0,1,0,1,1,NULL,NULL,NULL,NULL,NULL,'--- !ruby/hash:ActiveSupport::HashWithIndifferentAccess\nanschaffungskategorie: AV-Technik\nreference: invoice\numzug: zgeln\nankunftszustand: intakt\n','2015-06-15 21:24:29','2015-06-15 21:24:29',NULL),(233,'ss00ldraeusuxklvxj9o180','cd:6a:3e:2e:2a:49-13:2f:e0:99:c0:80-75:d7:14:d3:19:d0',227,129,221,3,NULL,NULL,'2012-03-13','2015-06-15',NULL,NULL,'1354.00',0,0,1,0,1,1,NULL,NULL,NULL,NULL,NULL,'--- !ruby/hash:ActiveSupport::HashWithIndifferentAccess\nanschaffungskategorie: AV-Technik\nreference: invoice\numzug: zgeln\nankunftszustand: intakt\n','2015-06-15 21:24:29','2015-06-15 21:24:29',NULL),(234,'zv4hhski6nqgbtftrgb6181','e6:1e:49:9f:6e:91-a2:9f:6f:89:49:93-8c:bc:9f:b5:61:00',228,130,222,9,NULL,NULL,'2011-04-26','2015-06-15',NULL,NULL,'1144.00',0,0,1,0,1,1,NULL,NULL,NULL,NULL,NULL,'--- !ruby/hash:ActiveSupport::HashWithIndifferentAccess\nanschaffungskategorie: AV-Technik\nreference: invoice\numzug: zgeln\nankunftszustand: intakt\n','2015-06-15 21:24:29','2015-06-15 21:24:29',NULL),(235,'c84ly6fgmj6a4g24ubsq182','9a:a2:53:5a:40:17-d9:5f:25:98:88:e8-81:4a:08:a1:ed:3e',229,131,223,4,NULL,NULL,'2012-09-08','2015-06-15',NULL,NULL,'236.00',0,0,1,0,1,1,NULL,NULL,NULL,NULL,NULL,'--- !ruby/hash:ActiveSupport::HashWithIndifferentAccess\nanschaffungskategorie: AV-Technik\nreference: invoice\numzug: zgeln\nankunftszustand: intakt\n','2015-06-15 21:24:29','2015-06-15 21:24:29',NULL),(236,'9g1f5a1exl3msckeyil6183','8b:fd:e8:74:7a:42-12:63:e1:ca:66:6d-ac:a9:7a:82:17:82',230,132,224,7,NULL,NULL,'2010-06-24','2015-06-15',NULL,NULL,'1443.00',0,0,1,0,1,1,NULL,NULL,NULL,NULL,NULL,'--- !ruby/hash:ActiveSupport::HashWithIndifferentAccess\nanschaffungskategorie: AV-Technik\nreference: invoice\numzug: zgeln\nankunftszustand: intakt\n','2015-06-15 21:24:29','2015-06-15 21:24:29',NULL),(237,'flr3bdz56i2rqi73poiu184','f7:42:a7:41:02:7a-77:40:09:9c:c2:a3-c3:ba:f7:ef:b8:8c',231,133,225,5,NULL,NULL,'2012-01-04','2015-06-15',NULL,NULL,'1307.00',0,0,1,0,1,1,NULL,NULL,NULL,NULL,NULL,'--- !ruby/hash:ActiveSupport::HashWithIndifferentAccess\nanschaffungskategorie: AV-Technik\nreference: invoice\numzug: zgeln\nankunftszustand: intakt\n','2015-06-15 21:24:29','2015-06-15 21:24:29',NULL),(238,'4njl0e2arnqkkis9u2ow185','5f:de:fa:fc:52:0b-e7:2d:36:15:43:4c-4d:c0:39:ce:ae:f3',232,134,226,8,NULL,NULL,'2014-10-15','2015-06-15',NULL,NULL,'1432.00',0,0,1,0,1,1,NULL,NULL,NULL,NULL,NULL,'--- !ruby/hash:ActiveSupport::HashWithIndifferentAccess\nanschaffungskategorie: AV-Technik\nreference: invoice\numzug: zgeln\nankunftszustand: intakt\n','2015-06-15 21:24:29','2015-06-15 21:24:29',NULL),(239,'9b2hrmerrgjbhkbv0h32186','c5:9a:2b:e6:84:50-b6:83:f0:7b:18:db-42:40:c4:89:92:3b',233,135,227,10,NULL,NULL,'2011-05-24','2015-06-15',NULL,NULL,'1361.00',0,0,1,0,1,1,NULL,NULL,NULL,NULL,NULL,'--- !ruby/hash:ActiveSupport::HashWithIndifferentAccess\nanschaffungskategorie: AV-Technik\nreference: invoice\numzug: zgeln\nankunftszustand: intakt\n','2015-06-15 21:24:29','2015-06-15 21:24:29',NULL),(240,'1rkdwx20qqxr1s07aqo3187','83:25:81:ea:90:b8-81:bf:9a:a6:8a:b1-8c:f1:9b:e1:1f:d1',234,136,228,10,NULL,NULL,'2014-01-04','2015-06-15',NULL,NULL,'1307.00',0,0,1,0,1,1,NULL,NULL,NULL,NULL,NULL,'--- !ruby/hash:ActiveSupport::HashWithIndifferentAccess\nanschaffungskategorie: AV-Technik\nreference: invoice\numzug: zgeln\nankunftszustand: intakt\n','2015-06-15 21:24:29','2015-06-15 21:24:29',NULL),(241,'ivdbuui0lht46m1s1tcv188','f8:1d:a6:26:27:66-7a:f9:f2:c1:34:fe-d6:36:10:ef:29:77',235,137,229,5,NULL,NULL,'2011-01-01','2015-06-15',NULL,NULL,'0.00',0,0,1,0,1,1,NULL,NULL,NULL,NULL,NULL,'--- !ruby/hash:ActiveSupport::HashWithIndifferentAccess\nanschaffungskategorie: AV-Technik\nreference: invoice\numzug: zgeln\nankunftszustand: intakt\n','2015-06-15 21:24:29','2015-06-15 21:24:29',NULL),(242,'jo9zuhcv0uigchdsegmd189','39:50:38:fd:e6:81-25:52:16:3b:4b:e9-2a:19:35:ad:ae:98',236,138,230,5,NULL,NULL,'2011-10-06','2015-06-15',NULL,NULL,'1476.00',0,0,1,0,1,1,NULL,NULL,NULL,NULL,NULL,'--- !ruby/hash:ActiveSupport::HashWithIndifferentAccess\nanschaffungskategorie: AV-Technik\nreference: invoice\numzug: zgeln\nankunftszustand: intakt\n','2015-06-15 21:24:29','2015-06-15 21:24:29',NULL),(243,'ikk3lkpj482rceocwv3v190','87:2b:7e:17:9c:60-ef:e1:cd:fc:1e:38-74:7d:80:66:51:86',237,139,231,1,NULL,NULL,'2013-09-30','2015-06-15',NULL,NULL,'935.00',0,0,1,0,1,1,NULL,NULL,NULL,NULL,NULL,'--- !ruby/hash:ActiveSupport::HashWithIndifferentAccess\nanschaffungskategorie: AV-Technik\nreference: invoice\numzug: zgeln\nankunftszustand: intakt\n','2015-06-15 21:24:29','2015-06-15 21:24:29',NULL),(244,'235jo6fk7torfwsbrlus191','1a:0b:8e:f4:cc:ad-3f:bd:f0:bc:bc:28-13:97:ae:b4:a2:d8',238,140,232,7,NULL,NULL,'2013-06-02','2015-06-15',NULL,NULL,'379.00',0,0,1,0,1,1,NULL,NULL,NULL,NULL,NULL,'--- !ruby/hash:ActiveSupport::HashWithIndifferentAccess\nanschaffungskategorie: AV-Technik\nreference: invoice\numzug: zgeln\nankunftszustand: intakt\n','2015-06-15 21:24:29','2015-06-15 21:24:29',NULL),(245,'po6959z9lpmdxctcm900192','da:0c:33:02:4b:df-8e:bc:33:80:ea:7f-5a:9d:0f:f2:fd:e8',239,141,233,12,NULL,NULL,'2010-04-17','2015-06-15',NULL,NULL,'785.00',0,0,1,0,1,1,NULL,NULL,NULL,NULL,NULL,'--- !ruby/hash:ActiveSupport::HashWithIndifferentAccess\nanschaffungskategorie: AV-Technik\nreference: invoice\numzug: zgeln\nankunftszustand: intakt\n','2015-06-15 21:24:29','2015-06-15 21:24:29',NULL),(246,'azmyusqszd4doi7kpu7t193','6e:21:0a:4e:28:f9-3b:47:2a:12:fd:d2-b9:6e:59:52:4a:25',240,142,234,2,NULL,NULL,'2011-12-11','2015-06-15',NULL,NULL,'176.00',0,0,1,0,1,1,NULL,NULL,NULL,NULL,NULL,'--- !ruby/hash:ActiveSupport::HashWithIndifferentAccess\nanschaffungskategorie: AV-Technik\nreference: invoice\numzug: zgeln\nankunftszustand: intakt\n','2015-06-15 21:24:29','2015-06-15 21:24:29',NULL),(247,'ksv1264g53lgntxmgoh6194','32:8d:99:f8:87:04-c0:a4:76:f7:ff:dc-a8:00:24:94:91:c3',241,143,235,9,NULL,NULL,'2012-01-02','2015-06-15',NULL,NULL,'1044.00',0,0,1,0,1,1,NULL,NULL,NULL,NULL,NULL,'--- !ruby/hash:ActiveSupport::HashWithIndifferentAccess\nanschaffungskategorie: AV-Technik\nreference: invoice\numzug: zgeln\nankunftszustand: intakt\n','2015-06-15 21:24:29','2015-06-15 21:24:29',NULL),(248,'e0um7hdjrcg1znpaszxa195','81:bd:29:be:c7:b9-2e:93:da:ae:87:f6-7b:9d:ee:81:b0:d0',242,144,236,12,NULL,NULL,'2011-07-17','2015-06-15',NULL,NULL,'977.00',0,0,1,0,1,1,NULL,NULL,NULL,NULL,NULL,'--- !ruby/hash:ActiveSupport::HashWithIndifferentAccess\nanschaffungskategorie: AV-Technik\nreference: invoice\numzug: zgeln\nankunftszustand: intakt\n','2015-06-15 21:24:29','2015-06-15 21:24:29',NULL),(249,'df1ifw9etk351mqon5f5196','25:32:fd:89:db:ef-23:10:43:9f:98:39-18:03:29:c7:bc:83',243,145,237,5,NULL,NULL,'2013-10-17','2015-06-15',NULL,NULL,'8.00',0,0,1,0,1,1,NULL,NULL,NULL,NULL,NULL,'--- !ruby/hash:ActiveSupport::HashWithIndifferentAccess\nanschaffungskategorie: AV-Technik\nreference: invoice\numzug: zgeln\nankunftszustand: intakt\n','2015-06-15 21:24:29','2015-06-15 21:24:29',NULL),(250,'2v1abr16m9t24355gz6e197','5d:2c:95:d4:b9:15-5e:3b:8f:87:cf:0a-e8:fd:81:fa:8b:51',244,146,238,7,NULL,NULL,'2010-08-14','2015-06-15',NULL,NULL,'1329.00',0,0,1,0,1,1,NULL,NULL,NULL,NULL,NULL,'--- !ruby/hash:ActiveSupport::HashWithIndifferentAccess\nanschaffungskategorie: AV-Technik\nreference: invoice\numzug: zgeln\nankunftszustand: intakt\n','2015-06-15 21:24:29','2015-06-15 21:24:29',NULL),(251,'vmmh4q72ikvqwro2ebeb198','69:fa:cf:fa:05:0c-e6:37:59:47:34:27-60:7c:09:7b:e0:70',245,147,239,6,NULL,NULL,'2014-01-01','2015-06-15',NULL,NULL,'931.00',0,0,1,0,1,1,NULL,NULL,NULL,NULL,NULL,'--- !ruby/hash:ActiveSupport::HashWithIndifferentAccess\nanschaffungskategorie: AV-Technik\nreference: invoice\numzug: zgeln\nankunftszustand: intakt\n','2015-06-15 21:24:29','2015-06-15 21:24:29',NULL),(252,'kr0wjayf11neuxl6496u199','81:73:22:1d:26:ff-84:39:88:fe:2d:b8-fa:3b:61:db:74:50',246,148,240,5,NULL,NULL,'2012-03-25','2015-06-12',NULL,NULL,'1241.00',0,0,1,0,1,1,NULL,NULL,NULL,NULL,NULL,'--- !ruby/hash:ActiveSupport::HashWithIndifferentAccess\nanschaffungskategorie: AV-Technik\nreference: invoice\numzug: zgeln\nankunftszustand: intakt\n','2015-06-12 21:24:29','2015-06-12 21:24:29',NULL),(253,'03xwtaydqdqq87mk7fzz200','e1:b3:00:18:23:7e-17:1d:55:8c:89:6c-b7:e5:94:02:58:a9',247,149,241,1,NULL,NULL,'2010-06-26','2015-06-12',NULL,NULL,'928.00',0,0,1,0,1,1,NULL,NULL,NULL,NULL,NULL,'--- !ruby/hash:ActiveSupport::HashWithIndifferentAccess\nanschaffungskategorie: AV-Technik\nreference: invoice\numzug: zgeln\nankunftszustand: intakt\n','2015-06-12 21:24:29','2015-06-12 21:24:29',NULL),(254,'nr8aga5fi07z36lqjtla201','7d:c7:e3:0d:ef:86-18:a5:95:c8:d4:22-17:a1:82:38:dc:76',248,150,242,4,NULL,NULL,'2012-04-07','2015-06-12',NULL,NULL,'1453.00',0,0,1,0,1,1,NULL,NULL,NULL,NULL,NULL,'--- !ruby/hash:ActiveSupport::HashWithIndifferentAccess\nanschaffungskategorie: AV-Technik\nreference: invoice\numzug: zgeln\nankunftszustand: intakt\n','2015-06-12 21:24:29','2015-06-12 21:24:29',NULL),(255,'4o3r5yynn13otfmqv9yb202','3f:20:6f:00:94:af-5d:06:d1:fc:d7:98-cc:0c:ff:aa:07:77',249,151,243,9,NULL,NULL,'2014-01-21','2015-06-12',NULL,NULL,'1451.00',0,0,1,0,1,1,NULL,NULL,NULL,NULL,NULL,'--- !ruby/hash:ActiveSupport::HashWithIndifferentAccess\nanschaffungskategorie: AV-Technik\nreference: invoice\numzug: zgeln\nankunftszustand: intakt\n','2015-06-12 21:24:29','2015-06-12 21:24:29',NULL),(256,'bdw1bu6d7uy0s5ngu8l1203','15:90:d1:ef:ea:45-ab:07:c9:67:8c:2d-5c:50:b6:b8:63:eb',250,152,244,1,NULL,NULL,'2010-05-03','2015-06-15',NULL,NULL,'329.00',0,0,1,0,1,1,NULL,NULL,NULL,NULL,NULL,'--- !ruby/hash:ActiveSupport::HashWithIndifferentAccess\nanschaffungskategorie: AV-Technik\nreference: invoice\numzug: zgeln\nankunftszustand: intakt\n','2015-06-15 21:24:29','2015-06-15 21:24:29',NULL),(257,'iej4p1cxw5k9msawfsl7204','7a:e2:63:9a:2a:12-39:ed:9d:97:b1:8c-fc:8c:fd:8d:1e:28',251,NULL,NULL,7,NULL,NULL,NULL,NULL,NULL,NULL,NULL,0,0,0,0,1,0,NULL,NULL,NULL,NULL,NULL,'--- !ruby/hash:ActiveSupport::HashWithIndifferentAccess\nlicense_type: single_workplace\nactivation_type: serial_number\noperating_system:\n- windows\n- linux\ninstallation:\n- citrix\n- web\nprocured_by: Pius Kuhlman\nreference: invoice\nmaintenance_contract: \'false\'\nmaintenance_currency: CHF\n','2015-06-15 21:24:29','2015-06-15 21:24:29',NULL),(258,'lirjigfshsmms3ryc981205','93:42:8d:69:5a:2b-67:24:75:41:16:5e-dd:24:8d:87:3f:da',252,153,245,1,NULL,NULL,'2013-08-04','2015-06-10',NULL,NULL,'1477.00',0,0,1,0,2,1,NULL,NULL,NULL,NULL,NULL,'--- !ruby/hash:ActiveSupport::HashWithIndifferentAccess\nanschaffungskategorie: AV-Technik\nreference: invoice\numzug: zgeln\nankunftszustand: intakt\n','2015-06-10 21:24:29','2015-06-10 21:24:29',NULL),(259,'zom6nvcscwobgdmuead1206','1d:05:9a:49:67:c3-d6:33:9f:e3:b6:da-17:bb:ae:16:11:d6',253,154,246,8,NULL,NULL,'2011-07-19','2015-06-15',NULL,NULL,'1417.00',0,0,1,0,1,1,NULL,NULL,NULL,NULL,NULL,'--- !ruby/hash:ActiveSupport::HashWithIndifferentAccess\nanschaffungskategorie: AV-Technik\nreference: invoice\numzug: zgeln\nankunftszustand: intakt\n','2015-06-15 21:24:29','2015-06-15 21:24:29',NULL),(260,'tn7lpan7b4zibftuz6ei207','f5:55:c3:67:fc:23-8f:54:fc:a2:83:0e-bb:91:60:4e:3c:e0',254,NULL,NULL,3,NULL,NULL,NULL,NULL,NULL,NULL,NULL,0,0,0,0,1,0,NULL,NULL,NULL,NULL,NULL,'--- !ruby/hash:ActiveSupport::HashWithIndifferentAccess\nlicense_type: single_workplace\nactivation_type: serial_number\noperating_system:\n- windows\n- linux\ninstallation:\n- citrix\n- web\nprocured_by: Lauretta Jerde\nreference: invoice\nmaintenance_contract: \'false\'\nmaintenance_currency: CHF\n','2015-06-15 21:24:29','2015-06-15 21:24:29',NULL),(261,'c3d8xr7h9ozo4p33bhyk208','eb:9f:f3:2b:df:3f-38:85:d2:17:4d:d5-53:45:11:25:77:44',255,NULL,247,1,NULL,NULL,'2013-09-03','2015-06-15',NULL,NULL,'1459.00',0,0,1,0,1,1,NULL,NULL,NULL,NULL,NULL,'--- !ruby/hash:ActiveSupport::HashWithIndifferentAccess\nanschaffungskategorie: AV-Technik\nreference: invoice\numzug: zgeln\nankunftszustand: intakt\n','2015-06-15 21:24:29','2015-06-15 21:24:29',NULL),(262,'cw3wg0f3aqg4wirkbfe4209','e8:f7:0b:0d:30:02-94:b8:d9:5a:0a:23-b6:5b:5e:57:14:a8',256,155,248,1,NULL,NULL,'2010-05-30','2015-06-15',NULL,NULL,'1080.00',0,0,1,0,1,1,NULL,NULL,NULL,NULL,NULL,'--- !ruby/hash:ActiveSupport::HashWithIndifferentAccess\nanschaffungskategorie: AV-Technik\nreference: invoice\numzug: zgeln\nankunftszustand: intakt\n','2015-06-15 21:24:29','2015-06-15 21:24:29',NULL),(263,'0l8s1i6oud0pxrstlay5210','c2:8c:b6:f0:56:6c-92:5d:13:18:4d:59-64:1d:00:5f:48:4b',257,156,249,9,NULL,NULL,'2010-02-16','2015-06-15',NULL,NULL,'182.00',0,0,1,0,2,1,NULL,NULL,NULL,NULL,NULL,'--- !ruby/hash:ActiveSupport::HashWithIndifferentAccess\nanschaffungskategorie: AV-Technik\nreference: invoice\numzug: zgeln\nankunftszustand: intakt\n','2015-06-15 21:24:29','2015-06-15 21:24:29',NULL),(264,'4gc4jxfwgdy9xjylclpe211','22:69:83:33:28:76-ad:bc:ec:d1:05:da-0e:91:2a:4c:70:ce',258,157,250,11,NULL,NULL,'2010-12-10','2015-06-15',NULL,NULL,'1329.00',0,0,1,0,2,1,NULL,NULL,NULL,NULL,NULL,'--- !ruby/hash:ActiveSupport::HashWithIndifferentAccess\nanschaffungskategorie: AV-Technik\nreference: invoice\numzug: zgeln\nankunftszustand: intakt\n','2015-06-15 21:24:29','2015-06-15 21:24:29',NULL),(265,'de13dtoy9rh58fws12ln212','b8:db:dd:1d:d8:70-42:6d:c5:7c:36:30-c3:8c:4f:e4:be:d8',259,158,251,2,NULL,NULL,'2010-06-30','2015-06-15',NULL,NULL,'1044.00',0,0,1,0,2,1,NULL,NULL,NULL,NULL,NULL,'--- !ruby/hash:ActiveSupport::HashWithIndifferentAccess\nanschaffungskategorie: AV-Technik\nreference: invoice\numzug: zgeln\nankunftszustand: intakt\n','2015-06-15 21:24:29','2015-06-15 21:24:29',NULL),(266,'8e29kwt8psh0n4h7hai3213','8e:32:4e:8a:bb:cc-5f:0b:e6:5f:04:a4-1f:e5:4e:ec:5c:ad',260,159,252,10,NULL,NULL,'2011-02-05','2015-06-15',NULL,NULL,'173.00',0,0,1,0,1,1,NULL,NULL,NULL,NULL,NULL,'--- !ruby/hash:ActiveSupport::HashWithIndifferentAccess\nanschaffungskategorie: AV-Technik\nreference: invoice\numzug: zgeln\nankunftszustand: intakt\n','2015-06-15 21:24:29','2015-06-15 21:24:29',NULL),(267,'r8zk5pjukgl0tvtz9dl3214','f3:10:29:dc:83:fa-99:42:56:a5:ff:f8-40:c5:a5:91:5b:bd',261,160,253,1,NULL,NULL,'2013-05-28','2015-06-15',NULL,NULL,'597.00',0,0,1,0,1,1,NULL,NULL,NULL,NULL,NULL,'--- !ruby/hash:ActiveSupport::HashWithIndifferentAccess\nanschaffungskategorie: AV-Technik\nreference: invoice\numzug: zgeln\nankunftszustand: intakt\n','2015-06-15 21:24:29','2015-06-15 21:24:29',NULL),(268,'k7q1zwe7dxby1371lp4o215','24:16:c1:ed:cf:06-38:c4:ca:84:a1:59-59:a8:e9:d4:ec:4a',262,161,254,8,NULL,NULL,'2012-10-24','2015-06-15',NULL,NULL,'878.00',0,0,1,0,1,1,NULL,NULL,NULL,NULL,NULL,'--- !ruby/hash:ActiveSupport::HashWithIndifferentAccess\nanschaffungskategorie: AV-Technik\nreference: invoice\numzug: zgeln\nankunftszustand: intakt\n','2015-06-15 21:24:29','2015-06-15 21:24:29',NULL),(269,'e0na680fmbzrhoxvlp2g216','5a:8d:ec:33:40:80-99:93:4d:c5:25:94-bc:e7:8f:c8:9b:46',263,162,255,6,NULL,NULL,'2013-12-02','2015-06-15',NULL,NULL,'779.00',0,0,1,0,1,1,NULL,NULL,NULL,NULL,NULL,'--- !ruby/hash:ActiveSupport::HashWithIndifferentAccess\nanschaffungskategorie: AV-Technik\nreference: invoice\numzug: zgeln\nankunftszustand: intakt\n','2015-06-15 21:24:29','2015-06-15 21:24:29',NULL),(270,'rp7zwlkrvtjkjgks7qp2217','cb:7a:a8:ba:f5:22-ef:3b:0c:30:6f:8a-11:3b:b2:af:63:ae',264,163,256,2,NULL,NULL,'2011-08-16','2015-06-15',NULL,NULL,'613.00',0,0,1,0,1,1,NULL,NULL,NULL,NULL,NULL,'--- !ruby/hash:ActiveSupport::HashWithIndifferentAccess\nanschaffungskategorie: AV-Technik\nreference: invoice\numzug: zgeln\nankunftszustand: intakt\n','2015-06-15 21:24:29','2015-06-15 21:24:29',NULL),(271,'u9884q886ogy5v66o94w218','9f:fd:c5:b6:58:ba-d2:71:31:69:b2:7d-44:ef:13:df:26:6a',265,164,257,6,NULL,NULL,'2010-10-09','2015-06-15',NULL,NULL,'0.00',0,0,1,0,1,1,NULL,NULL,NULL,NULL,NULL,'--- !ruby/hash:ActiveSupport::HashWithIndifferentAccess\nanschaffungskategorie: AV-Technik\nreference: invoice\numzug: zgeln\nankunftszustand: intakt\n','2015-06-15 21:24:29','2015-06-15 21:24:29',NULL),(272,'xo4tl0rsuztptr0zg3yj219','e2:c2:c4:65:3a:4d-7c:f3:07:f5:f3:b8-d9:17:93:f6:ce:ea',266,165,258,9,NULL,NULL,'2014-08-14','2015-06-15',NULL,NULL,'1083.00',0,0,1,0,1,1,NULL,NULL,NULL,NULL,NULL,'--- !ruby/hash:ActiveSupport::HashWithIndifferentAccess\nanschaffungskategorie: AV-Technik\nreference: invoice\numzug: zgeln\nankunftszustand: intakt\n','2015-06-15 21:24:29','2015-06-15 21:24:29',NULL),(273,'5n0kgepu864eorld39m7220','5d:08:65:83:e3:b7-f7:9a:70:b9:cc:f4-bb:57:91:23:28:5c',267,166,259,12,NULL,NULL,'2014-11-30','2015-06-15',NULL,NULL,'686.00',0,0,1,0,1,1,NULL,NULL,NULL,NULL,NULL,'--- !ruby/hash:ActiveSupport::HashWithIndifferentAccess\nanschaffungskategorie: AV-Technik\nreference: invoice\numzug: zgeln\nankunftszustand: intakt\n','2015-06-15 21:24:29','2015-06-15 21:24:29',NULL),(274,'kiyz5pr927qvnayhcy0w221','1a:f1:8e:d1:5d:24-32:9e:73:95:c1:3c-3e:62:a3:b3:9f:ed',268,167,260,12,NULL,NULL,'2010-04-02','2015-06-15',NULL,NULL,'1146.00',0,0,1,0,1,1,NULL,NULL,NULL,NULL,NULL,'--- !ruby/hash:ActiveSupport::HashWithIndifferentAccess\nanschaffungskategorie: AV-Technik\nreference: invoice\numzug: zgeln\nankunftszustand: intakt\n','2015-06-15 21:24:29','2015-06-15 21:24:29',NULL),(275,'dizxpi89npymn6bqkr6f222','ea:c2:06:0a:0a:6c-12:38:ef:52:20:61-7e:b5:ce:0c:3f:f9',269,168,261,12,NULL,NULL,'2011-03-02','2015-06-15',NULL,NULL,'1308.00',0,0,1,0,1,1,NULL,NULL,NULL,NULL,NULL,'--- !ruby/hash:ActiveSupport::HashWithIndifferentAccess\nanschaffungskategorie: AV-Technik\nreference: invoice\numzug: zgeln\nankunftszustand: intakt\n','2015-06-15 21:24:29','2015-06-15 21:24:29',NULL),(276,'iaor20x19bzw7hmm6bco223','9a:fe:62:24:93:e4-94:5f:9c:b3:53:23-30:0a:7a:9d:db:90',270,169,262,8,NULL,NULL,'2012-10-15','2015-06-15',NULL,NULL,'704.00',0,0,1,0,1,1,NULL,NULL,NULL,NULL,NULL,'--- !ruby/hash:ActiveSupport::HashWithIndifferentAccess\nanschaffungskategorie: AV-Technik\nreference: invoice\numzug: zgeln\nankunftszustand: intakt\n','2015-06-15 21:24:29','2015-06-15 21:24:29',NULL),(277,'8vddeqnk295lhst5gwpc224','3d:c6:34:1f:ed:33-4f:a3:98:71:5f:e6-74:30:2e:8a:f7:ea',271,170,263,12,NULL,NULL,'2012-03-22','2015-06-15',NULL,NULL,'60.00',0,0,1,0,1,1,NULL,NULL,NULL,NULL,NULL,'--- !ruby/hash:ActiveSupport::HashWithIndifferentAccess\nanschaffungskategorie: AV-Technik\nreference: invoice\numzug: zgeln\nankunftszustand: intakt\n','2015-06-15 21:24:29','2015-06-15 21:24:29',NULL),(278,'jihvxlw6n1cqkawvy08g225','08:28:68:ca:34:f5-41:45:0d:2c:b5:85-dd:24:88:2f:bd:2c',272,171,264,4,NULL,NULL,'2013-11-13','2015-06-15',NULL,NULL,'668.00',0,0,1,0,1,1,NULL,NULL,NULL,NULL,NULL,'--- !ruby/hash:ActiveSupport::HashWithIndifferentAccess\nanschaffungskategorie: AV-Technik\nreference: invoice\numzug: zgeln\nankunftszustand: intakt\n','2015-06-15 21:24:29','2015-06-15 21:24:29',NULL),(279,'ljbwtcmahega5s5z7jzm226','7b:ba:5c:0f:6a:da-26:fe:88:87:d6:7b-d8:cb:d3:a7:60:3a',273,172,265,3,NULL,NULL,'2012-10-20','2015-06-15',NULL,NULL,'215.00',0,0,1,0,1,1,NULL,NULL,NULL,NULL,NULL,'--- !ruby/hash:ActiveSupport::HashWithIndifferentAccess\nanschaffungskategorie: AV-Technik\nreference: invoice\numzug: zgeln\nankunftszustand: intakt\n','2015-06-15 21:24:29','2015-06-15 21:24:29',NULL),(280,'zgz3ixh7yunhrn99k6au227','73:9c:f6:2a:79:47-07:e8:08:d9:17:b0-9a:e1:eb:78:71:d7',274,173,266,3,NULL,NULL,'2013-04-18','2015-06-15',NULL,NULL,'1263.00',0,0,1,0,1,1,NULL,NULL,NULL,NULL,NULL,'--- !ruby/hash:ActiveSupport::HashWithIndifferentAccess\nanschaffungskategorie: AV-Technik\nreference: invoice\numzug: zgeln\nankunftszustand: intakt\n','2015-06-15 21:24:29','2015-06-15 21:24:29',NULL),(281,'9zjvjyluir4xq7qv7oew228','53:40:f0:2b:27:67-58:ef:40:92:a4:f2-f8:d0:53:02:de:38',275,174,267,8,NULL,NULL,'2014-09-30','2015-06-15',NULL,NULL,'181.00',0,0,1,0,1,1,NULL,NULL,NULL,NULL,NULL,'--- !ruby/hash:ActiveSupport::HashWithIndifferentAccess\nanschaffungskategorie: AV-Technik\nreference: invoice\numzug: zgeln\nankunftszustand: intakt\n','2015-06-15 21:24:29','2015-06-15 21:24:29',NULL),(282,'5o7pcji1tsqv9aedst7e229','6d:33:91:f1:66:9a-0b:f2:8b:33:99:bd-35:38:35:d6:a1:05',276,175,268,7,NULL,NULL,'2014-09-14','2015-06-10',NULL,NULL,'1143.00',0,0,1,0,1,1,NULL,NULL,NULL,NULL,NULL,'--- !ruby/hash:ActiveSupport::HashWithIndifferentAccess\nanschaffungskategorie: AV-Technik\nreference: invoice\numzug: zgeln\nankunftszustand: intakt\n','2015-06-10 21:24:29','2015-06-10 21:24:29',NULL),(283,'g680un4nvdfkvohlktqo230','9f:8a:45:a3:20:57-69:ed:77:f5:6c:30-46:c1:07:58:15:37',277,176,269,3,NULL,NULL,'2014-03-03','2015-06-10',NULL,NULL,'673.00',0,0,1,0,1,1,NULL,NULL,NULL,NULL,NULL,'--- !ruby/hash:ActiveSupport::HashWithIndifferentAccess\nanschaffungskategorie: AV-Technik\nreference: invoice\numzug: zgeln\nankunftszustand: intakt\n','2015-06-10 21:24:29','2015-06-10 21:24:29',NULL),(284,'vz6thhnbsa60amsshfmy231','bd:b9:09:31:09:6b-cb:df:ee:c0:ef:bb-da:01:76:90:15:8a',278,177,270,6,NULL,NULL,'2012-05-14','2015-06-10',NULL,NULL,'663.00',0,0,1,0,1,1,NULL,NULL,NULL,NULL,NULL,'--- !ruby/hash:ActiveSupport::HashWithIndifferentAccess\nanschaffungskategorie: AV-Technik\nreference: invoice\numzug: zgeln\nankunftszustand: intakt\n','2015-06-10 21:24:29','2015-06-10 21:24:29',NULL),(285,'xxloaa4tyapoxjk71e8b232','ed:1a:33:59:8a:f6-07:cc:53:27:ec:a1-e6:1e:53:08:63:e3',279,178,271,1,NULL,NULL,'2010-12-02','2015-06-13',NULL,NULL,'209.00',0,0,1,0,1,1,NULL,NULL,NULL,NULL,NULL,'--- !ruby/hash:ActiveSupport::HashWithIndifferentAccess\nanschaffungskategorie: AV-Technik\nreference: invoice\numzug: zgeln\nankunftszustand: intakt\n','2015-06-13 21:24:29','2015-06-13 21:24:29',NULL),(286,'viihien3rjmn16xit5ob233','54:b5:0d:8e:2b:0b-8a:ce:b6:80:e7:24-fd:32:b5:40:33:7d',280,179,272,6,NULL,NULL,'2011-01-29','2015-06-13',NULL,NULL,'1249.00',0,0,1,0,1,1,NULL,NULL,NULL,NULL,NULL,'--- !ruby/hash:ActiveSupport::HashWithIndifferentAccess\nanschaffungskategorie: AV-Technik\nreference: invoice\numzug: zgeln\nankunftszustand: intakt\n','2015-06-13 21:24:29','2015-06-13 21:24:29',NULL),(287,'mwsbmuokkv2njcbgl86a234','b3:6b:12:43:fb:85-d8:c2:c3:10:e2:a8-e6:9e:3f:f3:b5:44',281,180,273,3,NULL,NULL,'2010-11-12','2015-06-13',NULL,NULL,'1466.00',0,0,1,0,1,1,NULL,NULL,NULL,NULL,NULL,'--- !ruby/hash:ActiveSupport::HashWithIndifferentAccess\nanschaffungskategorie: AV-Technik\nreference: invoice\numzug: zgeln\nankunftszustand: intakt\n','2015-06-13 21:24:29','2015-06-13 21:24:29',NULL),(288,'xo2podxq3bps71avq6qj235','67:96:e0:cc:1e:7a-9d:45:32:75:cb:8f-f4:99:90:89:b9:ba',282,181,274,8,NULL,NULL,'2010-07-21','2015-06-13',NULL,NULL,'1412.00',0,0,1,0,1,1,NULL,NULL,NULL,NULL,NULL,'--- !ruby/hash:ActiveSupport::HashWithIndifferentAccess\nanschaffungskategorie: AV-Technik\nreference: invoice\numzug: zgeln\nankunftszustand: intakt\n','2015-06-13 21:24:29','2015-06-13 21:24:29',NULL),(289,'2d110yqcq1tr9z6ulsta236','8e:09:36:ce:ac:96-16:25:69:14:73:91-c3:39:91:5d:69:75',283,182,275,3,NULL,NULL,'2013-01-23','2015-06-13',NULL,NULL,'904.00',0,0,1,0,1,1,NULL,NULL,NULL,NULL,NULL,'--- !ruby/hash:ActiveSupport::HashWithIndifferentAccess\nanschaffungskategorie: AV-Technik\nreference: invoice\numzug: zgeln\nankunftszustand: intakt\n','2015-06-13 21:24:29','2015-06-13 21:24:29',NULL);
/*!40000 ALTER TABLE `items` ENABLE KEYS */;
UNLOCK TABLES;

--
-- Table structure for table `languages`
--

DROP TABLE IF EXISTS `languages`;
/*!40101 SET @saved_cs_client     = @@character_set_client */;
/*!40101 SET character_set_client = utf8 */;
CREATE TABLE `languages` (
  `id` int(11) NOT NULL AUTO_INCREMENT,
  `name` varchar(255) COLLATE utf8_unicode_ci DEFAULT NULL,
  `locale_name` varchar(255) COLLATE utf8_unicode_ci DEFAULT NULL,
  `default` tinyint(1) DEFAULT NULL,
  `active` tinyint(1) DEFAULT NULL,
  PRIMARY KEY (`id`),
  UNIQUE KEY `index_languages_on_name` (`name`),
  KEY `index_languages_on_active_and_default` (`active`,`default`)
) ENGINE=InnoDB AUTO_INCREMENT=5 DEFAULT CHARSET=utf8 COLLATE=utf8_unicode_ci;
/*!40101 SET character_set_client = @saved_cs_client */;

--
-- Dumping data for table `languages`
--

LOCK TABLES `languages` WRITE;
/*!40000 ALTER TABLE `languages` DISABLE KEYS */;
INSERT INTO `languages` VALUES (1,'English (UK)','en-GB',1,1),(2,'English (US)','en-US',0,1),(3,'Deutsch','de-CH',0,1),(4,'Zrittsch','gsw-CH',0,1);
/*!40000 ALTER TABLE `languages` ENABLE KEYS */;
UNLOCK TABLES;

--
-- Table structure for table `locations`
--

DROP TABLE IF EXISTS `locations`;
/*!40101 SET @saved_cs_client     = @@character_set_client */;
/*!40101 SET character_set_client = utf8 */;
CREATE TABLE `locations` (
  `id` int(11) NOT NULL AUTO_INCREMENT,
  `room` varchar(255) COLLATE utf8_unicode_ci DEFAULT NULL,
  `shelf` varchar(255) COLLATE utf8_unicode_ci DEFAULT NULL,
  `building_id` int(11) DEFAULT NULL,
  PRIMARY KEY (`id`),
  KEY `index_locations_on_building_id` (`building_id`),
  CONSTRAINT `locations_building_id_fk` FOREIGN KEY (`building_id`) REFERENCES `buildings` (`id`)
) ENGINE=InnoDB AUTO_INCREMENT=183 DEFAULT CHARSET=utf8 COLLATE=utf8_unicode_ci;
/*!40101 SET character_set_client = @saved_cs_client */;

--
-- Dumping data for table `locations`
--

LOCK TABLES `locations` WRITE;
/*!40000 ALTER TABLE `locations` DISABLE KEYS */;
INSERT INTO `locations` VALUES (1,'SQ2','Desk',1),(2,'UG 13','Ausgabe',1),(3,'Ducimusofficiis','veroid',2),(4,'Aliquidinventore','voluptateillo',3),(5,'Repellatquisquam','utea',4),(6,'Eaut','eiusab',5),(7,'Sequitempora','doloremet',6),(8,'Utaut','quaset',7),(9,'Illumnisi','numquamdolor',8),(10,'Suntaut','evenietquos',9),(11,'Etdolor','cumqueconsequuntur',10),(12,'Maioresin','quoddelectus',11),(13,'Accusantiumnon','dolorearum',12),(14,'Necessitatibusautem','eligendiexercitationem',13),(15,'Cumquesed','quosvoluptatem',14),(16,'Velest','doloresitaque',15),(17,'Accusamusquae','eteius',16),(18,'Autdeleniti','possimusqui',17),(19,'Dolorfacilis','teneturet',18),(20,'Ipsamet','sinteum',19),(21,'Exfacilis','velqui',20),(22,'Asperioresex','exnostrum',21),(23,'Doloremomnis','sedaut',22),(24,'Cumqueest','autfugiat',23),(25,'Blanditiisratione','quassunt',24),(26,'Enimesse','teneturet',25),(27,'Occaecativitae','voluptatemitaque',26),(28,'Asperioresassumenda','hiceos',27),(29,'Molestiaedolor','nobissed',28),(30,'Sitconsequatur','magnidoloremque',29),(31,'Omnisquia','temporedolor',30),(32,'Estconsectetur','sitquibusdam',31),(33,'Voluptatumaut','illumexpedita',32),(34,'Voluptateet','enimplaceat',33),(35,'Mollitianecessitatibus','molestiaeet',34),(36,'Quieum','reiciendisnumquam',35),(37,'Fugiatillo','sintut',36),(38,'Culpablanditiis','solutaoccaecati',37),(39,'Velet','fugiatin',38),(40,'Illumdolorem','estincidunt',39),(41,'Quiaeos','providentdolorem',40),(42,'Etnihil','voluptatestempore',41),(43,'Quidemunde','temporibusatque',42),(44,'Veniamaccusamus','illumpariatur',43),(45,'Estsed','voluptaset',44),(46,'Erroret','corruptiest',45),(47,'Minusporro','dictaitaque',46),(48,'Utfacere','eosvoluptatem',47),(49,'Noncumque','accusantiumdebitis',48),(50,'Quosadipisci','estqui',49),(51,'Insint','exercitationemiusto',50),(52,'Etet','doloremquemolestiae',51),(53,'Aliasamet','doloremest',52),(54,'Aspernaturnulla','sapienterepellat',53),(55,'Estperspiciatis','quiavoluptates',54),(56,'Nisinemo','eosaut',55),(57,'Rerumrerum','similiqueut',56),(58,'Occaecatiaut','perferendisvoluptatem',57),(59,'Commodiesse','officiaet',58),(60,'Autmollitia','etnumquam',59),(61,'Saepequia','accusamusnobis',60),(62,'Natussit','suntreprehenderit',61),(63,'Pariaturad','quaeratnon',62),(64,'Rerumomnis','vitaequo',63),(65,'Facilisaut','quirem',64),(66,'Eavoluptates','eumqui',65),(67,'Nonmagnam','estnemo',66),(68,'Omnisnobis','consequunturet',67),(69,'Etsapiente','iustoaut',68),(70,'Possimusut','optiodolorem',69),(71,'Nequelibero','quiid',70),(72,'Quasnihil','quisatque',71),(73,'Etest','corporisrerum',72),(74,'Utiste','maioresreprehenderit',73),(75,'Eosvoluptas','facerepraesentium',74),(76,'Quisquamnon','nesciuntplaceat',75),(77,'Abest','nostrumquidem',76),(78,'Ipsaautem','ametminima',77),(79,'Expeditalaboriosam','quiaperferendis',78),(80,'Exercitationemrerum','tenetura',79),(81,'Faceremagni','nobisdolorum',80),(82,'Nonquidem','perspiciatisautem',81),(83,'Aliquidlaudantium','nobismodi',82),(84,'Optioquas','quienim',83),(85,'Esseneque','magnamvelit',84),(86,'Corporisut','debitisnemo',85),(87,'Autsit','utnecessitatibus',86),(88,'Voluptatesfugiat','idanimi',87),(89,'Quisqui','evenietlaborum',88),(90,'Isterecusandae','solutaet',89),(91,'Doloremvoluptatem','nonreprehenderit',90),(92,'Laboriosamet','nemoipsum',91),(93,'Ataliquam','nihilducimus',92),(94,'Idsunt','exercitationemnesciunt',93),(95,'Distinctiovoluptatem','faciliset',94),(96,'Doloribuscommodi','laborequasi',95),(97,'Autut','sintomnis',96),(98,'Undequasi','reiciendisrepellendus',97),(99,'Quibusdamdignissimos','suntcorporis',98),(100,'Utmolestias','tenetursit',99),(101,'Enimlaborum','utoccaecati',100),(102,'Etassumenda','etveniam',101),(103,'Corruptiest','itaqueprovident',102),(104,'Sapientetempora','etconsectetur',103),(105,'Estsuscipit','eaqueprovident',104),(106,'Inventorevoluptatem','consecteturodio',105),(107,'Quaeratut','estaspernatur',106),(108,'Seda','maioresrerum',107),(109,'Eumet','uterror',108),(110,'Praesentiumvoluptatem','nobisporro',109),(111,'Repudiandaeiure','sintdistinctio',110),(112,'Quout','voluptastempore',111),(113,'Etdoloribus','utquam',112),(114,'Nequedelectus','quidolor',113),(115,'Commodiqui','aliquamvero',114),(116,'Odioaliquid','beataeab',115),(117,'Etmaiores','velitneque',116),(118,'Ipsavoluptatibus','omniseos',117),(119,'Autdolor','quasilibero',118),(120,'Illumassumenda','voluptatemvoluptates',119),(121,'Etmagni','delenitiesse',120),(122,'Quisquo','hicipsum',121),(123,'Quiquod','porroautem',122),(124,'Ullamdoloribus','harumvel',123),(125,'Molestiaeanimi','estimpedit',124),(126,'Cupiditatedolor','eiusdolores',125),(127,'Liberomolestiae','eaquevoluptas',126),(128,'Etrerum','ipsumillum',127),(129,'Voluptatemlaborum','utipsum',128),(130,'Magnammagni','dictaveniam',129),(131,'Temporafuga','quodet',130),(132,'Voluptatecupiditate','doloresincidunt',131),(133,'Voluptatesiusto','itaquevoluptatum',132),(134,'Commodisimilique','similiqueid',133),(135,'Asperioresreprehenderit','quiexercitationem',134),(136,'Consequunturnecessitatibus','estneque',135),(137,'Cupiditateadipisci','molestiasqui',136),(138,'Ettempore','estqui',137),(139,'Voluptasnulla','autaliquid',138),(140,'Autsint','placeatet',139),(141,'Natusid','vellibero',140),(142,'Culpavero','omnisveniam',141),(143,'Suntquaerat','ipsamdebitis',142),(144,'Asperioresvoluptatem','etsed',143),(145,'Suscipitoccaecati','ullamlabore',144),(146,'Quaset','voluptatumvitae',145),(147,'Voluptatemagnam','etblanditiis',146),(148,'Quoea','eaquedolore',147),(149,'Quodullam','excepturiquos',148),(150,'Maximequia','doloremet',149),(151,'Aliquamquod','nihilquia',150),(152,'Inventorenecessitatibus','consequaturex',151),(153,'Omnistempore','quibusdamquia',152),(154,'Aliquidex','consequaturculpa',153),(155,'Seddolor','nequenulla',154),(156,'Velitsit','estmodi',155),(157,'Dolorumquos','enimillum',156),(158,'Velanimi','sedlaborum',157),(159,'Errorconsequatur','quidemenim',158),(160,'Itaquequasi','aeos',159),(161,'Sequiquia','estcorrupti',160),(162,'Liberoesse','rerummolestiae',161),(163,'Ametex','evenietquaerat',162),(164,'Etvelit','quaeratex',163),(165,'Animienim','quisuscipit',164),(166,'Cupiditateexcepturi','autassumenda',165),(167,'Nonat','veniamexcepturi',166),(168,'Possimusnon','estat',167),(169,'Nullaeos','evenietnon',168),(170,'Expeditamagni','nesciuntmodi',169),(171,'Autemratione','idet',170),(172,'Verodolor','laboremodi',171),(173,'Etsed','laborenihil',172),(174,'Aliasvoluptate','modiculpa',173),(175,'Velitconsequatur','voluptastotam',174),(176,'Expeditaperspiciatis','cupiditatequibusdam',175),(177,'Fugaat','idaut',176),(178,'Temporefugiat','estnecessitatibus',177),(179,'Nemoqui','etdolores',178),(180,'Utlibero','providentculpa',179),(181,'Providentincidunt','harumet',180),(182,'Omnisvoluptates','molestiaeipsum',181);
/*!40000 ALTER TABLE `locations` ENABLE KEYS */;
UNLOCK TABLES;

--
-- Table structure for table `mail_templates`
--

DROP TABLE IF EXISTS `mail_templates`;
/*!40101 SET @saved_cs_client     = @@character_set_client */;
/*!40101 SET character_set_client = utf8 */;
CREATE TABLE `mail_templates` (
  `id` int(11) NOT NULL AUTO_INCREMENT,
  `inventory_pool_id` int(11) DEFAULT NULL,
  `language_id` int(11) DEFAULT NULL,
  `name` varchar(255) COLLATE utf8_unicode_ci DEFAULT NULL,
  `format` varchar(255) COLLATE utf8_unicode_ci DEFAULT NULL,
  `body` text COLLATE utf8_unicode_ci,
  PRIMARY KEY (`id`)
) ENGINE=InnoDB DEFAULT CHARSET=utf8 COLLATE=utf8_unicode_ci;
/*!40101 SET character_set_client = @saved_cs_client */;

--
-- Dumping data for table `mail_templates`
--

LOCK TABLES `mail_templates` WRITE;
/*!40000 ALTER TABLE `mail_templates` DISABLE KEYS */;
/*!40000 ALTER TABLE `mail_templates` ENABLE KEYS */;
UNLOCK TABLES;

--
-- Table structure for table `model_group_links`
--

DROP TABLE IF EXISTS `model_group_links`;
/*!40101 SET @saved_cs_client     = @@character_set_client */;
/*!40101 SET character_set_client = utf8 */;
CREATE TABLE `model_group_links` (
  `id` int(11) NOT NULL AUTO_INCREMENT,
  `ancestor_id` int(11) DEFAULT NULL,
  `descendant_id` int(11) DEFAULT NULL,
  `direct` tinyint(1) DEFAULT NULL,
  `count` int(11) DEFAULT NULL,
  `label` varchar(255) COLLATE utf8_unicode_ci DEFAULT NULL,
  PRIMARY KEY (`id`),
  KEY `index_model_group_links_on_ancestor_id` (`ancestor_id`),
  KEY `index_model_group_links_on_direct` (`direct`),
  KEY `index_on_descendant_id_and_ancestor_id_and_direct` (`descendant_id`,`ancestor_id`,`direct`),
  CONSTRAINT `model_group_links_descendant_id_fk` FOREIGN KEY (`descendant_id`) REFERENCES `model_groups` (`id`) ON DELETE CASCADE,
  CONSTRAINT `model_group_links_ancestor_id_fk` FOREIGN KEY (`ancestor_id`) REFERENCES `model_groups` (`id`) ON DELETE CASCADE
) ENGINE=InnoDB AUTO_INCREMENT=9 DEFAULT CHARSET=utf8 COLLATE=utf8_unicode_ci;
/*!40101 SET character_set_client = @saved_cs_client */;

--
-- Dumping data for table `model_group_links`
--

LOCK TABLES `model_group_links` WRITE;
/*!40000 ALTER TABLE `model_group_links` DISABLE KEYS */;
INSERT INTO `model_group_links` VALUES (1,2,8,1,1,NULL),(2,5,9,1,1,NULL),(3,1,9,1,1,NULL),(4,2,10,1,1,NULL),(5,5,10,1,1,NULL),(6,1,11,0,1,NULL),(7,5,11,0,1,NULL),(8,9,11,1,1,NULL);
/*!40000 ALTER TABLE `model_group_links` ENABLE KEYS */;
UNLOCK TABLES;

--
-- Table structure for table `model_groups`
--

DROP TABLE IF EXISTS `model_groups`;
/*!40101 SET @saved_cs_client     = @@character_set_client */;
/*!40101 SET character_set_client = utf8 */;
CREATE TABLE `model_groups` (
  `id` int(11) NOT NULL AUTO_INCREMENT,
  `type` varchar(255) COLLATE utf8_unicode_ci DEFAULT NULL,
  `name` varchar(255) COLLATE utf8_unicode_ci DEFAULT NULL,
  `created_at` datetime DEFAULT NULL,
  `updated_at` datetime DEFAULT NULL,
  PRIMARY KEY (`id`),
  KEY `index_model_groups_on_type` (`type`)
) ENGINE=InnoDB AUTO_INCREMENT=15 DEFAULT CHARSET=utf8 COLLATE=utf8_unicode_ci;
/*!40101 SET character_set_client = @saved_cs_client */;

--
-- Dumping data for table `model_groups`
--

LOCK TABLES `model_groups` WRITE;
/*!40000 ALTER TABLE `model_groups` DISABLE KEYS */;
INSERT INTO `model_groups` VALUES (1,'Category','Beamer','2015-06-15 21:24:29','2015-06-15 21:24:29'),(2,'Category','Kameras','2015-06-15 21:24:29','2015-06-15 21:24:29'),(3,'Category','Stative','2015-06-15 21:24:29','2015-06-15 21:24:29'),(4,'Category','Hifi-Anlagen','2015-06-15 21:24:29','2015-06-15 21:24:29'),(5,'Category','Notebooks','2015-06-15 21:24:29','2015-06-15 21:24:29'),(6,'Category','RC Helikopter','2015-06-15 21:24:29','2015-06-15 21:24:29'),(7,'Category','Computer','2015-06-15 21:24:29','2015-06-15 21:24:29'),(8,'Category','Kurzdistanz','2015-06-15 21:24:29','2015-06-15 21:24:29'),(9,'Category','Portabel','2015-06-15 21:24:29','2015-06-15 21:24:29'),(10,'Category','Standard','2015-06-15 21:24:29','2015-06-15 21:24:29'),(11,'Category','Micro','2015-06-15 21:24:29','2015-06-15 21:24:29'),(12,'Template','Kamera & Stativ','2015-06-15 21:24:29','2015-06-15 21:24:29'),(13,'Template','Beamer & Hifi','2015-06-15 21:24:29','2015-06-15 21:24:29'),(14,'Template','Unaccomplishable template','2015-06-15 21:24:29','2015-06-15 21:24:29');
/*!40000 ALTER TABLE `model_groups` ENABLE KEYS */;
UNLOCK TABLES;

--
-- Table structure for table `model_links`
--

DROP TABLE IF EXISTS `model_links`;
/*!40101 SET @saved_cs_client     = @@character_set_client */;
/*!40101 SET character_set_client = utf8 */;
CREATE TABLE `model_links` (
  `id` int(11) NOT NULL AUTO_INCREMENT,
  `model_group_id` int(11) DEFAULT NULL,
  `model_id` int(11) DEFAULT NULL,
  `quantity` int(11) DEFAULT '1',
  PRIMARY KEY (`id`),
  KEY `index_model_links_on_model_id_and_model_group_id` (`model_id`,`model_group_id`),
  KEY `index_model_links_on_model_group_id_and_model_id` (`model_group_id`,`model_id`),
  CONSTRAINT `model_links_model_id_fk` FOREIGN KEY (`model_id`) REFERENCES `models` (`id`) ON DELETE CASCADE,
  CONSTRAINT `model_links_model_group_id_fk` FOREIGN KEY (`model_group_id`) REFERENCES `model_groups` (`id`) ON DELETE CASCADE
) ENGINE=InnoDB AUTO_INCREMENT=74 DEFAULT CHARSET=utf8 COLLATE=utf8_unicode_ci;
/*!40101 SET character_set_client = @saved_cs_client */;

--
-- Dumping data for table `model_links`
--

LOCK TABLES `model_links` WRITE;
/*!40000 ALTER TABLE `model_links` DISABLE KEYS */;
INSERT INTO `model_links` VALUES (1,1,24,1),(2,1,25,1),(3,1,26,1),(4,1,27,1),(5,1,28,1),(6,1,29,1),(7,1,30,1),(8,1,31,1),(9,1,32,1),(10,1,33,1),(11,1,34,1),(12,1,35,1),(13,1,36,1),(14,1,37,1),(15,1,38,1),(16,1,39,1),(17,1,40,1),(18,1,41,1),(19,1,42,1),(20,1,43,1),(21,2,44,1),(22,2,45,1),(23,2,46,1),(24,2,47,1),(25,2,48,1),(26,2,49,1),(27,2,50,1),(28,2,51,1),(29,2,52,1),(30,2,53,1),(31,2,54,1),(32,2,55,1),(33,2,56,1),(34,2,57,1),(35,2,58,1),(36,2,59,1),(37,2,60,1),(38,2,61,1),(39,2,62,1),(40,2,63,1),(41,2,64,1),(42,2,65,1),(43,2,66,1),(44,2,67,1),(45,2,68,1),(46,2,69,1),(47,2,70,1),(48,2,71,1),(49,2,72,1),(50,2,73,1),(51,5,1,1),(52,1,2,1),(53,9,2,1),(54,1,3,1),(55,1,4,1),(56,1,6,1),(57,9,6,1),(58,11,7,1),(59,2,8,1),(60,3,9,1),(61,4,10,1),(62,2,13,1),(63,5,14,1),(64,6,15,1),(65,6,16,1),(66,6,17,1),(67,7,18,1),(68,12,8,1),(69,12,9,1),(70,13,2,1),(71,13,10,1),(72,14,8,1),(73,14,9,1);
/*!40000 ALTER TABLE `model_links` ENABLE KEYS */;
UNLOCK TABLES;

--
-- Table structure for table `models`
--

DROP TABLE IF EXISTS `models`;
/*!40101 SET @saved_cs_client     = @@character_set_client */;
/*!40101 SET character_set_client = utf8 */;
CREATE TABLE `models` (
  `id` int(11) NOT NULL AUTO_INCREMENT,
  `type` varchar(255) COLLATE utf8_unicode_ci NOT NULL DEFAULT 'Model',
  `manufacturer` varchar(255) COLLATE utf8_unicode_ci DEFAULT NULL,
  `product` varchar(255) COLLATE utf8_unicode_ci NOT NULL,
  `version` varchar(255) COLLATE utf8_unicode_ci DEFAULT NULL,
  `description` text COLLATE utf8_unicode_ci,
  `internal_description` text COLLATE utf8_unicode_ci,
  `info_url` varchar(255) COLLATE utf8_unicode_ci DEFAULT NULL,
  `rental_price` decimal(8,2) DEFAULT NULL,
  `maintenance_period` int(11) DEFAULT '0',
  `is_package` tinyint(1) DEFAULT '0',
  `technical_detail` text COLLATE utf8_unicode_ci,
  `hand_over_note` text COLLATE utf8_unicode_ci,
  `created_at` datetime DEFAULT NULL,
  `updated_at` datetime DEFAULT NULL,
  PRIMARY KEY (`id`),
  KEY `index_models_on_is_package` (`is_package`),
  KEY `index_models_on_type` (`type`)
) ENGINE=InnoDB AUTO_INCREMENT=284 DEFAULT CHARSET=utf8 COLLATE=utf8_unicode_ci;
/*!40101 SET character_set_client = @saved_cs_client */;

--
-- Dumping data for table `models`
--

LOCK TABLES `models` WRITE;
/*!40000 ALTER TABLE `models` DISABLE KEYS */;
INSERT INTO `models` VALUES (1,'Model','Apple','MacBookPro',NULL,'Laptop fr Studis und Angestellte.','Aperiam facilis amet et et at et ut consequuntur.',NULL,NULL,0,0,'Doloribus atque qui libero omnis sapiente enim dolorum.','Mit Verpackung aushndigen.','2015-06-15 21:24:29','2015-06-15 21:24:29'),(2,'Model','Sharp','Sharp Beamer','123','Beamer, geeignet fr alle Verwendungszwecke.','Sequi sit dignissimos voluptate ipsa.',NULL,NULL,0,0,'Fuga inventore nihil reprehenderit at et.','Beamer braucht ein VGA Kabel!','2015-06-15 21:24:29','2015-06-15 21:24:29'),(3,'Model','Sharp','Sharp Beamer 2D',NULL,'Beamer, geeignet fr alle Verwendungszwecke.','Aut accusantium adipisci molestiae odio recusandae.',NULL,NULL,0,0,'Rerum ex sed provident sunt aut nulla natus.','Sed ipsa vel voluptatibus tempore itaque dolorem et.','2015-06-15 21:24:29','2015-06-15 21:24:29'),(4,'Model','Panasonic','Mini Beamer',NULL,'Beamer, geeignet fr alle Verwendungszwecke.','Ducimus accusamus qui deleniti rerum quia cum non.',NULL,NULL,0,0,'Reprehenderit dolores quaerat consequatur harum quibusdam qui sit ad.','Et nobis ut eveniet ut aut earum ducimus esse.','2015-06-15 21:24:29','2015-06-15 21:24:29'),(5,'Model','Panasonic','Sharp Beamer','456','Beamer, geeignet fr alle Verwendungszwecke.','Aperiam qui deleniti est vero incidunt dolor.',NULL,NULL,0,0,'Sint et sunt sit.','Beamer braucht ein VGA Kabel!','2015-06-15 21:24:29','2015-06-15 21:24:29'),(6,'Model','Sony','Ultra Compact Beamer',NULL,'Besonders kleiner Beamer.','Porro optio molestias animi.',NULL,NULL,0,0,'Ipsa qui quam suscipit quidem eos.','Beamer braucht ein VGA Kabel!','2015-06-15 21:24:29','2015-06-15 21:24:29'),(7,'Model','Micro','Micro Beamer',NULL,'Besonders mikro kleiner Beamer.','Veritatis id quo distinctio est sint quae.',NULL,NULL,0,0,'Exercitationem sed illum autem.','Beamer braucht ein VGA Kabel!','2015-06-15 21:24:29','2015-06-15 21:24:29'),(8,'Model','Nikon','Kamera Nikon','X12','Super Kamera.','Perspiciatis qui suscipit ratione magni.',NULL,NULL,0,0,'Et modi aperiam quisquam.','Kamera braucht Akkus!','2015-06-15 21:24:29','2015-06-15 21:24:29'),(9,'Model','Feli','Kamera Stativ','123','Stabiles Kamera Stativ','Et nihil labore possimus perspiciatis.',NULL,NULL,0,0,'Harum maiores non blanditiis occaecati.','Stativ muss mit Stativtasche ausgehndigt werden.','2015-06-15 21:24:29','2015-06-15 21:24:29'),(10,'Model','Sony','Hifi Standard',NULL,'Voluptatum aut necessitatibus est quia.','Earum consequatur perferendis sed ab ut atque assumenda.',NULL,NULL,0,0,'Vero harum labore eum eaque debitis.','Asperiores numquam impedit ad dolores distinctio.','2015-06-15 21:24:29','2015-06-15 21:24:29'),(11,'Model','Bose','Bose AE2W',NULL,'Reiciendis et deleniti vel ut voluptas laborum. Veritatis voluptatum voluptatem quod officia. Provident ullam maiores aut cum iusto autem fugit.','Quasi voluptates necessitatibus dignissimos ea non.',NULL,NULL,0,0,'Nesciunt quia a dolorum odio aliquam non.','Aut vero deserunt autem rerum labore impedit in non.','2015-06-15 21:24:29','2015-06-15 21:24:29'),(12,'Model','Bose','Bose XG4',NULL,'Ea dolores laborum. Quam maxime ut sunt maiores dolorum error. Hic modi voluptas impedit laborum accusamus est dignissimos.','Consectetur fuga nemo libero laudantium iure quibusdam.',NULL,NULL,0,0,'Minus consequatur et quidem asperiores voluptates aut sit harum.','Laboriosam inventore id aut quia explicabo harum sapiente voluptatem.','2015-06-15 21:24:29','2015-06-15 21:24:29'),(13,'Model','Canon','Kamera Canon D5',NULL,'Ganz teure Kamera','Est quasi minus veritatis ratione est ut hic.',NULL,NULL,0,0,'Eveniet quas ut qui hic doloremque fuga.','Kamera braucht Akkus!','2015-06-15 21:24:29','2015-06-15 21:24:29'),(14,'Model','Microsoft','Windows Laptop',NULL,'Ein Laptop der Marke Microsoft','Quam qui ab aut sit soluta et blanditiis.',NULL,NULL,0,0,'Voluptatem voluptas rerum ducimus.','Laptop mit Tasche ausgeben','2015-06-15 21:24:29','2015-06-15 21:24:29'),(15,'Model','Walkera','Walkera v120','1G','3D Helikopter','Fugiat itaque necessitatibus alias veritatis voluptatum dolor.',NULL,NULL,0,0,'Et qui tenetur molestias vitae aut.','Assumenda omnis qui aut occaecati temporibus in sunt.','2015-06-15 21:24:29','2015-06-15 21:24:29'),(16,'Model','Walkera','Walkera v120','2G','3D Helikopter','Natus ut porro vel iure facere.',NULL,NULL,0,0,'Deleniti voluptatem quasi quo magni labore accusamus temporibus.','Vero reiciendis sit dolorum laudantium et doloremque nemo similique.','2015-06-15 21:24:29','2015-06-15 21:24:29'),(17,'Model','Walkera','Walkera v120','3G','3D Helikopter','Sit a et eum quisquam eos ipsum eveniet aliquam.',NULL,NULL,0,0,'Dolorem architecto amet totam rem assumenda iste omnis est.','Occaecati omnis doloremque tempore rerum molestiae.','2015-06-15 21:24:29','2015-06-15 21:24:29'),(18,'Model','Apple','iMac',NULL,'Apples alter iMac','Iste doloremque nihil soluta quis qui deleniti.',NULL,NULL,0,0,'Officiis ut est soluta dolor sed optio.','Hic rerum vel omnis velit.','2015-06-15 21:24:29','2015-06-15 21:24:29'),(19,'Model','Apple','MacBook Air',NULL,'Qui deserunt dolor excepturi ipsum quo velit.','Similique praesentium mollitia error quo reprehenderit at vero quia.',NULL,NULL,0,0,'Impedit fuga ut quis consequuntur magni velit harum.','Reiciendis illum id et quaerat dolore.','2015-06-15 21:24:29','2015-06-15 21:24:29'),(20,'Model','Lenovo','Thinkpad','X230','Corrupti ipsa illum ab recusandae.','Odio et sint similique possimus unde repudiandae.',NULL,NULL,0,0,'Officiis veritatis consequatur asperiores dolor delectus explicabo aut molestias.','Optio corrupti eveniet iusto.','2015-06-15 21:24:29','2015-06-15 21:24:29'),(21,'Model','Lenovo','Thinkpad','X301','At optio sed aut sed sed non.','Odit aut debitis in quasi.',NULL,NULL,0,0,'Nemo rem harum ut.','Ullam velit soluta quis libero autem non cum voluptatem.','2015-06-15 21:24:29','2015-06-15 21:24:29'),(22,'Model','Lenovo','Thinkpad','Carbon','Deleniti id dolores distinctio tenetur quam.','Aut et iure et cupiditate.',NULL,NULL,0,0,'Voluptate et repudiandae quod tempora voluptatem illum.','Sunt quos labore necessitatibus beatae maiores.','2015-06-15 21:24:29','2015-06-15 21:24:29'),(23,'Model','Dell','Inspiron','7000','Non eos sunt nostrum aspernatur et et.','Eligendi voluptatibus et at quo qui labore rerum totam.',NULL,NULL,0,0,'Laborum rerum beatae id.','Rem corporis voluptates qui provident quaerat eos.','2015-06-15 21:24:29','2015-06-15 21:24:29'),(24,'Model','Sony','Beamer 1 consequatur','1','Ut est laboriosam iure ipsam ex autem perferendis nam.','Praesentium nihil occaecati itaque enim rerum in voluptates.',NULL,NULL,0,0,'Atque fuga et consectetur magnam.','Beamer braucht ein VGA Kabel!','2015-06-15 21:24:29','2015-06-15 21:24:29'),(25,'Model','Sony','Beamer 2 aut','2','Nulla in laboriosam reiciendis fuga aut amet.','Magni nam quo illo et.',NULL,NULL,0,0,'Voluptatem neque ipsum nesciunt quod velit illum.','Beamer braucht ein VGA Kabel!','2015-06-15 21:24:29','2015-06-15 21:24:29'),(26,'Model','Sony','Beamer 3 sit','3','A odit voluptatem neque et repudiandae.','Omnis ut rerum doloribus veritatis sed.',NULL,NULL,0,0,'Voluptas consequuntur odio ab natus molestias.','Beamer braucht ein VGA Kabel!','2015-06-15 21:24:29','2015-06-15 21:24:29'),(27,'Model','Sony','Beamer 4 fuga','4','Dolor ratione numquam aut libero.','Aperiam enim nihil eum.',NULL,NULL,0,0,'Ratione rem illum quas sunt qui quidem beatae porro.','Beamer braucht ein VGA Kabel!','2015-06-15 21:24:29','2015-06-15 21:24:29'),(28,'Model','Sony','Beamer 5 qui','5','Tempora ut quaerat laboriosam ex.','Enim quia ratione voluptatem.',NULL,NULL,0,0,'Expedita excepturi veniam cum non quo velit sequi aut.','Beamer braucht ein VGA Kabel!','2015-06-15 21:24:29','2015-06-15 21:24:29'),(29,'Model','Sony','Beamer 6 quae','6','Quisquam commodi alias earum cumque necessitatibus nisi dolorum.','Nesciunt sequi aliquid aut enim qui qui eum.',NULL,NULL,0,0,'Doloribus ea veritatis quibusdam iste quo voluptatem.','Beamer braucht ein VGA Kabel!','2015-06-15 21:24:29','2015-06-15 21:24:29'),(30,'Model','Sony','Beamer 7 eius','7','Minus quisquam eum sit dicta et et aut id.','Nemo quia non praesentium soluta eligendi quam dolorem.',NULL,NULL,0,0,'Nulla quasi molestiae sit aut.','Beamer braucht ein VGA Kabel!','2015-06-15 21:24:29','2015-06-15 21:24:29'),(31,'Model','Sony','Beamer 8 dolorem','8','Aut voluptatem neque est esse qui architecto dolorum velit.','Nam ex aliquam voluptas ratione vitae voluptas consectetur amet.',NULL,NULL,0,0,'Debitis nihil maiores quas omnis officia eum.','Beamer braucht ein VGA Kabel!','2015-06-15 21:24:29','2015-06-15 21:24:29'),(32,'Model','Sony','Beamer 9 blanditiis','9','Nihil maxime ut eum.','Tempore explicabo et quam optio iste.',NULL,NULL,0,0,'Deleniti et quam fugiat cupiditate.','Beamer braucht ein VGA Kabel!','2015-06-15 21:24:29','2015-06-15 21:24:29'),(33,'Model','Sony','Beamer 10 excepturi','10','Facilis sunt excepturi nemo quia consequatur et rerum perspiciatis.','Aut qui qui doloremque voluptas rerum consectetur qui.',NULL,NULL,0,0,'Et et officia cupiditate doloremque.','Beamer braucht ein VGA Kabel!','2015-06-15 21:24:29','2015-06-15 21:24:29'),(34,'Model','Sony','Beamer 11 explicabo','11','Officiis alias velit eius libero occaecati molestiae architecto.','Libero reprehenderit non sint hic fugit harum.',NULL,NULL,0,0,'Tenetur velit ducimus consequatur.','Beamer braucht ein VGA Kabel!','2015-06-15 21:24:29','2015-06-15 21:24:29'),(35,'Model','Sony','Beamer 12 alias','12','Corrupti inventore vel beatae non sed provident rem.','Ab iure eos perferendis excepturi consectetur et et dolore.',NULL,NULL,0,0,'Iste consequatur nisi accusantium numquam voluptatem.','Beamer braucht ein VGA Kabel!','2015-06-15 21:24:29','2015-06-15 21:24:29'),(36,'Model','Sony','Beamer 13 quia','13','Saepe quidem iusto ut tempore nulla.','Sunt cumque ut voluptatum occaecati at voluptatem.',NULL,NULL,0,0,'Hic rerum impedit ipsum tempora deserunt ducimus eum odio.','Beamer braucht ein VGA Kabel!','2015-06-15 21:24:29','2015-06-15 21:24:29'),(37,'Model','Sony','Beamer 14 non','14','Dolores mollitia et minima blanditiis qui.','Quaerat porro saepe magni consequatur et.',NULL,NULL,0,0,'Quo explicabo recusandae dolor iusto dolore.','Beamer braucht ein VGA Kabel!','2015-06-15 21:24:29','2015-06-15 21:24:29'),(38,'Model','Sony','Beamer 15 labore','15','Est adipisci est quod quo.','Harum eos eveniet quia qui corrupti voluptas in.',NULL,NULL,0,0,'Et tenetur provident est sit voluptas.','Beamer braucht ein VGA Kabel!','2015-06-15 21:24:29','2015-06-15 21:24:29'),(39,'Model','Sony','Beamer 16 eaque','16','Velit quis dolores praesentium incidunt.','Dolor esse ipsa doloribus id totam sed officia.',NULL,NULL,0,0,'Adipisci ducimus non labore.','Beamer braucht ein VGA Kabel!','2015-06-15 21:24:29','2015-06-15 21:24:29'),(40,'Model','Sony','Beamer 17 quasi','17','Aliquam et eum laborum aut fugit occaecati ea.','Hic nesciunt ratione libero aut illum.',NULL,NULL,0,0,'Asperiores sint id provident consequatur eos sequi labore.','Beamer braucht ein VGA Kabel!','2015-06-15 21:24:29','2015-06-15 21:24:29'),(41,'Model','Sony','Beamer 18 id','18','Explicabo tenetur aut est vero.','Officiis velit illo delectus ex dolores architecto laudantium.',NULL,NULL,0,0,'Ipsa enim perferendis mollitia aut consequatur consequatur assumenda.','Beamer braucht ein VGA Kabel!','2015-06-15 21:24:29','2015-06-15 21:24:29'),(42,'Model','Sony','Beamer 19 nulla','19','Sapiente ea expedita laboriosam ut omnis minima sunt ut.','Minima et dicta excepturi.',NULL,NULL,0,0,'Consequatur consequatur fuga assumenda unde atque deleniti.','Beamer braucht ein VGA Kabel!','2015-06-15 21:24:29','2015-06-15 21:24:29'),(43,'Model','Sony','Beamer 20 voluptatem','20','Sed magnam quibusdam consequatur.','Nobis molestiae nam ut eum.',NULL,NULL,0,0,'Aut omnis excepturi voluptatum est.','Beamer braucht ein VGA Kabel!','2015-06-15 21:24:29','2015-06-15 21:24:29'),(44,'Model','Nikon','Kameras 1 illum','21','Impedit quis eveniet ut.','Et sed nihil omnis.',NULL,NULL,0,0,'Nam expedita impedit consequatur vero accusantium suscipit.',NULL,'2015-06-15 21:24:29','2015-06-15 21:24:29'),(45,'Model','Nikon','Kameras 2 et','22','Quidem et vitae officia eum et vel dolorum.','Non saepe aliquam qui.',NULL,NULL,0,0,'Veniam molestias et qui cum est omnis quis.',NULL,'2015-06-15 21:24:29','2015-06-15 21:24:29'),(46,'Model','Nikon','Kameras 3 molestiae','23','Sequi accusantium vel molestiae.','Assumenda eum minima magnam ea ut.',NULL,NULL,0,0,'A optio exercitationem illo.',NULL,'2015-06-15 21:24:29','2015-06-15 21:24:29'),(47,'Model','Nikon','Kameras 4 consequuntur','24','Sapiente corporis est aliquid amet id nesciunt.','Optio non non velit ut voluptate aspernatur.',NULL,NULL,0,0,'Et omnis error iure atque mollitia id eligendi.',NULL,'2015-06-15 21:24:29','2015-06-15 21:24:29'),(48,'Model','Nikon','Kameras 5 nostrum','25','Aliquam molestiae ut enim inventore dolorem amet.','Vitae sit nulla perferendis.',NULL,NULL,0,0,'Aut velit laudantium repellat consequatur qui.',NULL,'2015-06-15 21:24:29','2015-06-15 21:24:29'),(49,'Model','Nikon','Kameras 6 et','26','Quis neque non explicabo fugiat aut.','Rerum expedita tempora labore ut molestiae placeat enim amet.',NULL,NULL,0,0,'Soluta et suscipit aspernatur.',NULL,'2015-06-15 21:24:29','2015-06-15 21:24:29'),(50,'Model','Nikon','Kameras 7 quod','27','Nihil aliquam provident commodi repellat sed.','Laborum ex labore minima ut doloribus.',NULL,NULL,0,0,'Hic nulla ea dolor sit vel non.',NULL,'2015-06-15 21:24:29','2015-06-15 21:24:29'),(51,'Model','Nikon','Kameras 8 occaecati','28','Optio voluptas magnam quo aspernatur ducimus ea.','Sint in esse natus aut maxime itaque omnis molestias.',NULL,NULL,0,0,'Aliquid consequatur repellat rerum vel ipsam.',NULL,'2015-06-15 21:24:29','2015-06-15 21:24:29'),(52,'Model','Nikon','Kameras 9 eligendi','29','Quis eligendi ut praesentium quisquam error voluptatem.','Esse dicta est ut.',NULL,NULL,0,0,'Sit sit deleniti ipsam suscipit non.',NULL,'2015-06-15 21:24:29','2015-06-15 21:24:29'),(53,'Model','Nikon','Kameras 10 rem','30','Sequi repellendus doloremque doloribus enim reiciendis veritatis dolores.','Pariatur et nam sit facilis dolorem est consequatur.',NULL,NULL,0,0,'Tempore ut quia et amet voluptate.',NULL,'2015-06-15 21:24:29','2015-06-15 21:24:29'),(54,'Model','Nikon','Kameras 11 pariatur','31','Vel consequatur sunt placeat.','Sed omnis suscipit magnam repellendus omnis id laboriosam aperiam.',NULL,NULL,0,0,'Assumenda doloremque sit possimus magni blanditiis porro aut et.',NULL,'2015-06-15 21:24:29','2015-06-15 21:24:29'),(55,'Model','Nikon','Kameras 12 illo','32','Fuga ratione deserunt ut et quisquam voluptatem.','Maxime non et sed blanditiis non iste officia vel.',NULL,NULL,0,0,'Aspernatur dolor delectus quo tenetur.',NULL,'2015-06-15 21:24:29','2015-06-15 21:24:29'),(56,'Model','Nikon','Kameras 13 quaerat','33','Est soluta vitae aut ut nesciunt qui.','Eligendi sit cupiditate molestias.',NULL,NULL,0,0,'Autem non fugiat consequatur est facere.',NULL,'2015-06-15 21:24:29','2015-06-15 21:24:29'),(57,'Model','Nikon','Kameras 14 magni','34','Magnam alias officiis sunt laboriosam rem.','Ea ut vitae pariatur blanditiis.',NULL,NULL,0,0,'Et quia id repellendus.',NULL,'2015-06-15 21:24:29','2015-06-15 21:24:29'),(58,'Model','Nikon','Kameras 15 qui','35','Cupiditate totam aut consequuntur molestiae est.','Adipisci minima et quia minus voluptatibus.',NULL,NULL,0,0,'Sit est nesciunt quos illo omnis blanditiis deserunt impedit.',NULL,'2015-06-15 21:24:29','2015-06-15 21:24:29'),(59,'Model','Nikon','Kameras 16 deleniti','36','Nostrum sit et et.','Est beatae et facilis aut quaerat dolor eligendi et.',NULL,NULL,0,0,'Quibusdam exercitationem ut laudantium alias aliquam cupiditate.',NULL,'2015-06-15 21:24:29','2015-06-15 21:24:29'),(60,'Model','Nikon','Kameras 17 in','37','Voluptatem sunt deserunt repellat quam enim.','Quas fuga sequi quo.',NULL,NULL,0,0,'Qui voluptas placeat aut.',NULL,'2015-06-15 21:24:29','2015-06-15 21:24:29'),(61,'Model','Nikon','Kameras 18 fugiat','38','Dolores non numquam animi saepe doloremque.','Dolore quod velit voluptatem.',NULL,NULL,0,0,'Rem nobis accusamus at aspernatur placeat dolores saepe.',NULL,'2015-06-15 21:24:29','2015-06-15 21:24:29'),(62,'Model','Nikon','Kameras 19 quis','39','Eum provident voluptas nemo fugit.','Sit aut beatae non velit consequatur quia.',NULL,NULL,0,0,'Non necessitatibus ut consequatur est totam ducimus vel libero.',NULL,'2015-06-15 21:24:29','2015-06-15 21:24:29'),(63,'Model','Nikon','Kameras 20 nemo','40','Tempora quia eum aperiam inventore quia quisquam sapiente eos.','Rem debitis rerum ut.',NULL,NULL,0,0,'Eos culpa libero et porro nostrum provident illo.',NULL,'2015-06-15 21:24:29','2015-06-15 21:24:29'),(64,'Model','Nikon','Kameras 21 non','41','Qui cum qui saepe at.','Sed explicabo suscipit non.',NULL,NULL,0,0,'Sint est facere fugiat esse ut ullam suscipit sit.',NULL,'2015-06-15 21:24:29','2015-06-15 21:24:29'),(65,'Model','Nikon','Kameras 22 quibusdam','42','Ea eum est asperiores.','Numquam consequatur recusandae impedit animi omnis.',NULL,NULL,0,0,'Et veniam voluptate nostrum quod et.',NULL,'2015-06-15 21:24:29','2015-06-15 21:24:29'),(66,'Model','Nikon','Kameras 23 nesciunt','43','Totam neque nihil delectus sed.','Iste et quia quis laboriosam rerum.',NULL,NULL,0,0,'In delectus deleniti aut fugit quasi.',NULL,'2015-06-15 21:24:29','2015-06-15 21:24:29'),(67,'Model','Nikon','Kameras 24 ea','44','Molestiae deserunt ipsa magnam aliquam.','Explicabo id cupiditate enim omnis in.',NULL,NULL,0,0,'Non ut asperiores et omnis recusandae rerum aliquid.',NULL,'2015-06-15 21:24:29','2015-06-15 21:24:29'),(68,'Model','Nikon','Kameras 25 qui','45','Beatae amet officia recusandae incidunt deserunt.','Eum aut debitis veniam.',NULL,NULL,0,0,'Nostrum vero quibusdam quia minus.',NULL,'2015-06-15 21:24:29','2015-06-15 21:24:29'),(69,'Model','Nikon','Kameras 26 libero','46','Recusandae sit voluptatem dolores repudiandae.','Nihil a exercitationem veritatis aut autem dolor ipsum.',NULL,NULL,0,0,'Vel dolorem asperiores non perferendis velit.',NULL,'2015-06-15 21:24:29','2015-06-15 21:24:29'),(70,'Model','Nikon','Kameras 27 asperiores','47','Nihil inventore sint et eaque ratione.','Aliquid quia sed nam sit.',NULL,NULL,0,0,'Tempore qui quod delectus perferendis dolores.',NULL,'2015-06-15 21:24:29','2015-06-15 21:24:29'),(71,'Model','Nikon','Kameras 28 eum','48','Et nostrum repudiandae qui fugit.','Dolor consectetur qui laudantium rerum delectus cum.',NULL,NULL,0,0,'Illo velit nesciunt assumenda porro in velit molestias.',NULL,'2015-06-15 21:24:29','2015-06-15 21:24:29'),(72,'Model','Nikon','Kameras 29 repellat','49','Ullam aliquid quis sed dolorem repellendus vero.','Vel ullam quae hic expedita est.',NULL,NULL,0,0,'In magnam est officiis porro.',NULL,'2015-06-15 21:24:29','2015-06-15 21:24:29'),(73,'Model','Nikon','Kameras 30 enim','50','Qui quam et maxime aliquam.','Et asperiores animi repudiandae.',NULL,NULL,0,0,'Aut beatae est quasi vel.',NULL,'2015-06-15 21:24:29','2015-06-15 21:24:29'),(74,'Software','Kautzer-Hirthe','Adobe Acrobat','51',NULL,NULL,NULL,NULL,0,0,'test http://test.ch\\r\nwww.foo.ch\\r\njust a text',NULL,'2015-06-15 21:24:29','2015-06-15 21:24:29'),(75,'Software','McLaughlin Inc','MS Word','52',NULL,NULL,NULL,NULL,0,0,'test http://test.ch\\r\nwww.foo.ch\\r\njust a text',NULL,'2015-06-15 21:24:29','2015-06-15 21:24:29'),(76,'Software','Doyle-Beier','Practical Wooden Chair','53',NULL,NULL,NULL,NULL,0,0,NULL,NULL,'2015-06-15 21:24:29','2015-06-15 21:24:29'),(77,'Software','Mayert Group','Small Rubber Computer','54',NULL,NULL,NULL,NULL,0,0,NULL,NULL,'2015-06-15 21:24:29','2015-06-15 21:24:29'),(78,'Software','Moore Inc','Ergonomic Plastic Chair','55',NULL,NULL,NULL,NULL,0,0,NULL,NULL,'2015-06-15 21:24:29','2015-06-15 21:24:29'),(79,'Software','Welch LLC','Practical Plastic Shoes','56',NULL,NULL,NULL,NULL,0,0,NULL,NULL,'2015-06-15 21:24:29','2015-06-15 21:24:29'),(80,'Software','Thompson, Glover and Altenwerth','Practical Rubber Shirt','57',NULL,NULL,NULL,NULL,0,0,NULL,NULL,'2015-06-15 21:24:29','2015-06-15 21:24:29'),(81,'Software','Frami-Dickinson','Incredible Cotton Gloves','58',NULL,NULL,NULL,NULL,0,0,NULL,NULL,'2015-06-15 21:24:29','2015-06-15 21:24:29'),(82,'Software','Hagenes, Hermiston and Bartoletti','Intelligent Plastic Shirt','59',NULL,NULL,NULL,NULL,0,0,NULL,NULL,'2015-06-15 21:24:29','2015-06-15 21:24:29'),(83,'Software','Russel, Effertz and Kub','Fantastic Cotton Pants','60',NULL,NULL,NULL,NULL,0,0,NULL,NULL,'2015-06-15 21:24:29','2015-06-15 21:24:29'),(84,'Software','Hartmann, Oberbrunner and Flatley','Rustic Wooden Shirt','61',NULL,NULL,NULL,NULL,0,0,NULL,NULL,'2015-06-15 21:24:29','2015-06-15 21:24:29'),(85,'Software','Spencer Inc','Ergonomic Concrete Computer','62',NULL,NULL,NULL,NULL,0,0,NULL,NULL,'2015-06-15 21:24:29','2015-06-15 21:24:29'),(86,'Software','Swift, Schumm and Daugherty','Small Cotton Chair','63',NULL,NULL,NULL,NULL,0,0,NULL,NULL,'2015-06-15 21:24:29','2015-06-15 21:24:29'),(87,'Model','Brekke, Runolfsson and Hoeger','Kamera Set','64','Sequi error eos et quam adipisci tenetur molestias dolore.','Id voluptatibus possimus recusandae accusamus consequatur quasi laborum quis.',NULL,NULL,1,1,'Odio ullam unde perferendis incidunt.','Aut fugit voluptatem ullam veritatis facere esse.','2015-06-15 21:24:29','2015-06-15 21:24:29'),(88,'Model','Eichmann-Okuneva','Small Steel Chair','65','Voluptatum ab harum sit odit natus atque sunt et.','Repudiandae sed neque consectetur sit nemo non eius quibusdam.',NULL,NULL,3,0,'Ducimus veritatis rerum odio consequuntur at quia aspernatur et.','Ut in accusantium ipsam modi suscipit nesciunt maiores.','2015-06-15 21:24:29','2015-06-15 21:24:29'),(89,'Model','Goodwin, Sporer and Gulgowski','Rustic Cotton Hat','66','Asperiores eaque atque quos quis voluptatum non ea iste.','Et et voluptate sed minus earum fugit ratione.',NULL,NULL,1,0,'Quo provident cupiditate voluptas inventore consequatur molestiae.','Quis sunt cum voluptas adipisci ut repellat.','2015-06-15 21:24:29','2015-06-15 21:24:29'),(90,'Model','Cruickshank LLC','Practical Rubber Shoes','67','Itaque adipisci quos quis.','Sed eos aut ipsa tempora qui earum.',NULL,NULL,1,0,'Minus reprehenderit eum labore amet.','Id repudiandae corrupti aspernatur excepturi ut.','2015-06-15 21:24:29','2015-06-15 21:24:29'),(91,'Model','Will, Brakus and Tremblay','Gorgeous Concrete Pants','68','Aperiam rerum in ut mollitia.','Sit est ut totam alias.',NULL,NULL,1,0,'Facere et et ipsam at placeat ut eaque aut.','Et beatae et quae quasi perspiciatis.','2015-06-15 21:24:29','2015-06-15 21:24:29'),(92,'Model','Grimes, Mertz and King','Fantastic Rubber Gloves','69','Vero tenetur architecto nihil.','Necessitatibus iste molestiae accusamus iusto amet corrupti eum numquam.',NULL,NULL,0,0,'Aut blanditiis doloremque consequatur aliquam assumenda.','Cumque aut nam deserunt dolorum magni voluptatem praesentium enim.','2015-06-15 21:24:29','2015-06-15 21:24:29'),(93,'Model','Harber-Quitzon','Practical Wooden Pants','70','Dolores repudiandae nihil voluptate molestias quo repellat quam at.','Quo sed sint officiis.',NULL,NULL,2,0,'Voluptatem voluptas saepe et quia molestiae.','Quia qui laborum eius ex et consequatur atque.','2015-06-15 21:24:29','2015-06-15 21:24:29'),(94,'Model','Simonis, Armstrong and Adams','Small Granite Gloves','71','Voluptas mollitia a aperiam doloremque ad.','Et aut odio qui quos.',NULL,NULL,1,0,'Veniam mollitia quia laudantium.','Magni vel nihil eum est dolorum voluptatem.','2015-06-15 21:24:29','2015-06-15 21:24:29'),(95,'Model','Wuckert Inc','Practical Granite Shoes','72','Voluptas asperiores quis incidunt cumque ipsum repudiandae.','Illo iste voluptatem qui eum ut sed quidem cum.',NULL,NULL,1,0,'Atque perferendis necessitatibus nobis et aut quod quasi.','Voluptate quo occaecati voluptatum.','2015-06-15 21:24:29','2015-06-15 21:24:29'),(96,'Model','Kshlerin Group','Gorgeous Granite Car','73','Vel est provident dolor ab laboriosam est ipsam.','Culpa nostrum ea explicabo necessitatibus voluptas quisquam.',NULL,NULL,3,0,'Id modi occaecati qui vel quisquam magni veniam ut.','Recusandae cum perspiciatis minima ea aut nihil.','2015-06-15 21:24:29','2015-06-15 21:24:29'),(97,'Model','Kuhn Group','Rustic Plastic Shirt','74','Voluptatem repellat officiis et non consectetur vel autem hic.','Nulla id velit ut fugit quod est magnam eius.',NULL,NULL,0,0,'Enim debitis quaerat consequatur modi ex.','Quasi provident ea optio molestiae et sapiente velit pariatur.','2015-06-15 21:24:29','2015-06-15 21:24:29'),(98,'Model','Tromp Group','Ergonomic Cotton Car','75','Ratione at veniam consequatur repellat sapiente quia provident.','Fuga expedita laudantium et modi.',NULL,NULL,0,0,'Exercitationem qui id asperiores voluptatem qui numquam.','Ea earum aut voluptatem laborum.','2015-06-15 21:24:29','2015-06-15 21:24:29'),(99,'Model','Tromp LLC','Small Cotton Gloves','76','Culpa iure minima voluptatibus voluptatem.','Et illum facilis voluptatibus praesentium.',NULL,NULL,1,0,'Dolorum cumque fuga dolor dignissimos inventore corporis vitae.','Reprehenderit voluptatem corporis est est adipisci perferendis optio.','2015-06-15 21:24:29','2015-06-15 21:24:29'),(100,'Model','Bergnaum-Romaguera','Kamera Set2','77','Saepe vel voluptas beatae.','Distinctio nam cupiditate ducimus iste aperiam consequatur.',NULL,NULL,0,1,'Et quaerat iusto impedit.','Dolores nisi sit blanditiis maiores optio qui ullam cum.','2015-06-15 21:24:29','2015-06-15 21:24:29'),(101,'Model','Berge-Borer','Fantastic Steel Table','78','Quam et consequuntur minima omnis saepe iusto.','Asperiores qui rem veritatis cumque nihil illo facilis blanditiis.',NULL,NULL,0,0,'Recusandae distinctio fugiat quia.','Iusto placeat qui qui accusantium ea necessitatibus.','2015-06-15 21:24:29','2015-06-15 21:24:29'),(102,'Model','Abbott-Emard','Small Wooden Computer','79','Mollitia accusamus repudiandae ullam expedita sit a.','Similique ut at rerum quia.',NULL,NULL,3,0,'Omnis sunt sed repudiandae eveniet quasi nisi voluptatem.','Quaerat voluptatem iste eum deleniti minima corporis cum repudiandae.','2015-06-15 21:24:29','2015-06-15 21:24:29'),(103,'Model','Eichmann, Yost and Quitzon','Incredible Cotton Shoes','80','Repellendus qui quam consequatur vitae doloremque explicabo enim.','Aut vitae repellat maiores rerum.',NULL,NULL,3,0,'Quidem ipsa non minima molestiae.','Pariatur ratione laborum et et et voluptatem sapiente.','2015-06-15 21:24:29','2015-06-15 21:24:29'),(104,'Model','Towne, Baumbach and Schulist','Practical Rubber Hat','81','Dolor alias assumenda similique consequuntur.','Expedita quam eveniet aut corporis.',NULL,NULL,1,0,'Dolor adipisci aut quas eligendi minus omnis esse.','Nisi vero dolorem fugit et adipisci.','2015-06-15 21:24:29','2015-06-15 21:24:29'),(105,'Model','Wiegand, Wunsch and Kreiger','Fantastic Cotton Computer','82','Quia beatae dolore nisi ut eveniet corporis voluptas natus.','Perspiciatis aliquid ullam quia velit incidunt debitis dolorem.',NULL,NULL,0,0,'Nam placeat facere enim libero eligendi molestiae quidem saepe.','Facere quia cupiditate similique repudiandae et.','2015-06-15 21:24:29','2015-06-15 21:24:29'),(106,'Model','Wintheiser-Dach','Ergonomic Steel Chair','83','Nisi quia ullam nam magni nihil labore.','Voluptatem dolor possimus voluptate et omnis.',NULL,NULL,0,0,'Consequatur praesentium aut earum unde ut rem aliquam asperiores.','Explicabo aliquid velit reiciendis nostrum consequatur.','2015-06-15 21:24:29','2015-06-15 21:24:29'),(107,'Model','Littel Group','Awesome Concrete Computer','84','Voluptatum sint ipsum pariatur laudantium ipsa et.','Sunt ipsa rerum qui.',NULL,NULL,1,0,'Quia inventore ut sequi et ipsam mollitia.','Error doloribus corrupti dignissimos.','2015-06-15 21:24:29','2015-06-15 21:24:29'),(108,'Model','Trantow, Effertz and Mueller','Awesome Granite Pants','85','Est quos rem doloribus amet ipsa ut reprehenderit.','Qui non qui nam quaerat earum.',NULL,NULL,2,0,'Molestiae repellat cupiditate laborum deserunt qui.','Aspernatur dolorem assumenda qui eaque ipsam consequatur sit molestiae.','2015-06-15 21:24:29','2015-06-15 21:24:29'),(109,'Model','Yundt, Cummerata and Gottlieb','Small Cotton Shoes','86','Odit expedita ea minus labore aut autem quia pariatur.','Earum fugit error velit odio sed quaerat voluptas nesciunt.',NULL,NULL,0,0,'Eum temporibus qui id.','Occaecati laborum ea nihil ut commodi sit.','2015-06-15 21:24:29','2015-06-15 21:24:29'),(110,'Model','Herman, Ullrich and Trantow','Sleek Granite Table','91','Vero veniam deserunt esse aperiam id quis rerum dolorem.','Officia mollitia quidem ab quam maxime pariatur.',NULL,NULL,3,0,'Rem officiis ea laudantium eum occaecati repellendus.','Nihil error quos tempore aperiam harum veniam et.','2015-06-15 21:24:29','2015-06-15 21:24:29'),(111,'Model','Grady, Gislason and Lemke','Rustic Wooden Shoes','92','Saepe voluptate cupiditate non exercitationem earum.','Voluptates quis pariatur quisquam sint quia rem error vero.',NULL,NULL,1,0,'Enim molestiae fuga totam harum itaque.','Occaecati sed eos animi neque delectus.','2015-06-15 21:24:29','2015-06-15 21:24:29'),(112,'Model','Corkery, Altenwerth and Emard','Incredible Wooden Computer','93','In rerum aliquid dolorem amet et.','Et reiciendis eum mollitia est impedit quod doloribus.',NULL,NULL,1,0,'Recusandae voluptas vel totam aliquam.','Repellat consequatur est nisi earum eos.','2015-06-15 21:24:29','2015-06-15 21:24:29'),(113,'Model','Harris, Kuvalis and Carter','Practical Plastic Shirt','94','Enim alias dolor et tenetur sit minima est.','Ut nisi voluptatem voluptatem veniam similique aut blanditiis sed.',NULL,NULL,1,0,'Quasi laborum saepe dolore et.','Laudantium qui culpa et nostrum nihil.','2015-06-15 21:24:29','2015-06-15 21:24:29'),(114,'Model','Hegmann, Swift and Maggio','Sleek Concrete Hat','95','Est et ipsam ut dolores quidem tempore.','Modi et quas unde perferendis beatae minima sed.',NULL,NULL,2,0,'Dolor dolorem corrupti rerum provident ut.','Voluptatibus quia inventore architecto.','2015-06-15 21:24:29','2015-06-15 21:24:29'),(115,'Model','Herman, Collier and Aufderhar','Practical Plastic Gloves','96','Sint aut deserunt totam sit dicta voluptas esse.','Vel est sit dolores ad tempore maxime.',NULL,NULL,1,0,'Odit quidem enim aliquam.','Architecto voluptatem sunt ea.','2015-06-15 21:24:29','2015-06-15 21:24:29'),(116,'Model','Ledner, Rice and Friesen','Gorgeous Cotton Shoes','97','Consectetur a sit et quia consequatur.','Quam esse laudantium at inventore et consequatur nisi dolorem.',NULL,NULL,0,0,'Quia ex atque sunt est nihil.','Impedit eveniet quasi repellat sunt animi veritatis sint.','2015-06-15 21:24:29','2015-06-15 21:24:29'),(117,'Model','Runte Group','Fantastic Steel Gloves','98','Ipsum quis voluptatem placeat distinctio.','Quis totam vero reiciendis id reprehenderit.',NULL,NULL,3,0,'Eligendi dolorem et numquam consequatur.','Enim saepe veniam et atque nisi qui est aut.','2015-06-15 21:24:29','2015-06-15 21:24:29'),(118,'Model','Jerde LLC','Sleek Cotton Pants','99','Voluptatem quod delectus consequatur et.','Excepturi odit modi eum ex quis quidem.',NULL,NULL,2,0,'Similique aut beatae atque autem.','Aliquam omnis et et eius beatae quod quo.','2015-06-15 21:24:29','2015-06-15 21:24:29'),(119,'Model','Ernser and Sons','Awesome Plastic Shirt','100','Voluptas officia veniam ut tempora.','Illum rerum quo nobis est autem possimus.',NULL,NULL,2,0,'Placeat aut velit consequatur.','Eligendi aut saepe culpa possimus et qui.','2015-06-15 21:24:29','2015-06-15 21:24:29'),(120,'Model','Ernser LLC','Awesome Wooden Pants','101','Magnam qui distinctio ut possimus quas.','Cupiditate expedita non molestiae esse.',NULL,NULL,0,0,'Eaque quibusdam laboriosam dolores.','Qui ducimus ut sit aliquid.','2015-06-15 21:24:29','2015-06-15 21:24:29'),(121,'Model','McDermott, Klein and Abbott','Small Concrete Computer','102','Deleniti sit nam at.','Ipsa numquam soluta enim minima molestiae.',NULL,NULL,0,0,'Unde nobis quas alias quam asperiores in ratione.','Quo doloremque nobis aspernatur quasi aperiam officia eius.','2015-06-15 21:24:29','2015-06-15 21:24:29'),(122,'Model','Nienow and Sons','Practical Cotton Shirt','103','Ratione ad maiores ea ut accusantium eveniet.','Ut velit voluptatibus et et repellat nobis libero dicta.',NULL,NULL,1,0,'Eveniet quae consequatur tempore magni numquam reiciendis quas.','Quis error ex cum ut.','2015-06-15 21:24:29','2015-06-15 21:24:29'),(123,'Model','Smitham LLC','Practical Wooden Hat','104','Quia est dolore non aut dolores.','Nesciunt provident asperiores beatae sed dolor error maxime.',NULL,NULL,3,0,'Quod voluptates dolor sequi quis rerum autem.','Similique nam magnam non aspernatur sequi voluptatem.','2015-06-15 21:24:29','2015-06-15 21:24:29'),(124,'Model','Barton-Rath','Small Granite Hat','105','Et nisi voluptas quae neque eius quasi similique.','Architecto laborum similique consequatur.',NULL,NULL,0,0,'Ullam qui eos vitae et qui qui.','Labore animi et enim qui laborum.','2015-06-15 21:24:29','2015-06-15 21:24:29'),(125,'Model','Schroeder, Collins and Kihn','Incredible Concrete Pants','106','Ad quaerat fugit vitae cupiditate et.','Ducimus sed animi qui dicta.',NULL,NULL,1,0,'Accusamus voluptatem qui ut.','Dolorum laborum aut optio earum est non.','2015-06-15 21:24:29','2015-06-15 21:24:29'),(126,'Model','Harber-Torphy','Practical Wooden Gloves','107','Dignissimos est quos maiores et debitis.','Officia autem beatae repellendus.',NULL,NULL,3,0,'Praesentium voluptatibus eaque delectus fuga.','Aut quam vero dicta.','2015-06-15 21:24:29','2015-06-15 21:24:29'),(127,'Model','Kautzer-McKenzie','Fantastic Steel Computer','108','Soluta aliquid ea vitae ipsum.','Accusantium at nostrum qui et esse.',NULL,NULL,2,0,'Dolorem sint natus atque.','Enim quasi qui ea animi cumque impedit labore eveniet.','2015-06-15 21:24:29','2015-06-15 21:24:29'),(128,'Model','Nader and Sons','Rustic Granite Table','109','Minima voluptatibus qui maxime enim non ab corrupti fugit.','Esse ducimus sed voluptatibus eaque ut molestias.',NULL,NULL,3,0,'Eos in et quas rerum.','Quisquam error voluptas excepturi aliquam voluptate earum doloribus.','2015-06-15 21:24:29','2015-06-15 21:24:29'),(129,'Model','Hahn and Sons','Ergonomic Granite Computer','110','Occaecati illo sit unde officiis architecto beatae soluta.','Voluptas atque debitis nulla non et.',NULL,NULL,1,0,'Est dolore nostrum qui fugiat necessitatibus sint et.','Facilis perferendis placeat laboriosam cupiditate.','2015-06-15 21:24:29','2015-06-15 21:24:29'),(130,'Model','Durgan Inc','Rustic Cotton Pants','111','Qui voluptates corporis est placeat et sed perferendis harum.','Sequi sint aut quo eum.',NULL,NULL,3,0,'Natus aut accusantium voluptas voluptate vel.','Iste fuga accusamus dolorem aperiam.','2015-06-15 21:24:29','2015-06-15 21:24:29'),(131,'Model','Stokes LLC','Fantastic Concrete Shoes','112','Consectetur dolorem fugit praesentium ut minus voluptas.','Vel quo iusto et enim iure qui.',NULL,NULL,1,0,'Aut facilis hic ex sed.','Blanditiis qui et vitae minima eveniet.','2015-06-15 21:24:29','2015-06-15 21:24:29'),(132,'Model','Witting, Streich and Oberbrunner','Rustic Steel Computer','113','Velit ea nulla cupiditate qui.','Facilis esse dolores distinctio dolorem ut aperiam non et.',NULL,NULL,0,0,'Qui consequatur fugiat voluptas.','Tenetur voluptates aut pariatur quia sunt est porro.','2015-06-15 21:24:29','2015-06-15 21:24:29'),(133,'Model','Ritchie LLC','Fantastic Concrete Table','114','Facere accusantium fuga neque cum velit ex.','Magni pariatur autem ut ullam ab exercitationem.',NULL,NULL,2,0,'Ipsam rerum alias blanditiis.','Quia quasi ea id veritatis occaecati neque.','2015-06-15 21:24:29','2015-06-15 21:24:29'),(134,'Model','Bergstrom-Kihn','Rustic Plastic Gloves','115','Omnis odit ex omnis facilis.','Nesciunt error voluptatem perferendis fuga voluptatibus excepturi quasi odit.',NULL,NULL,2,0,'Iste sint hic facere repellat suscipit provident et ipsam.','Tempore earum occaecati rem et dolorem culpa incidunt.','2015-06-15 21:24:29','2015-06-15 21:24:29'),(135,'Model','Kovacek, Klocko and Spencer','Ergonomic Rubber Pants','116','Aspernatur molestiae consequuntur quaerat iste.','Dolor deleniti sed et esse dolorem assumenda.',NULL,NULL,2,0,'Et voluptatem laudantium exercitationem culpa corporis optio accusamus repellendus.','Quis dolor et temporibus corrupti quam quo quidem.','2015-06-15 21:24:29','2015-06-15 21:24:29'),(136,'Model','Beatty, Hills and Lang','Incredible Concrete Computer','117','Facilis est enim nihil.','Occaecati eaque temporibus non ducimus qui repellat aperiam.',NULL,NULL,1,0,'Doloremque dolorum amet id consequatur explicabo voluptatem consequuntur et.','Praesentium reprehenderit delectus enim.','2015-06-15 21:24:29','2015-06-15 21:24:29'),(137,'Model','Ankunding-Kuvalis','Awesome Granite Gloves','118','Voluptates quae et temporibus.','Voluptas occaecati ea sunt quibusdam culpa voluptas qui nam.',NULL,NULL,3,0,'Eveniet quibusdam sed et.','Officiis consectetur saepe adipisci.','2015-06-15 21:24:29','2015-06-15 21:24:29'),(138,'Model','Kirlin-Hammes','Ergonomic Plastic Shirt','119','Molestiae cum accusantium magni tenetur perferendis.','Est ad ea eaque ducimus reprehenderit.',NULL,NULL,3,0,'Sit hic saepe velit.','Fuga sed dolores aut id natus possimus dolore.','2015-06-15 21:24:29','2015-06-15 21:24:29'),(139,'Model','Farrell Group','Fantastic Rubber Chair','120','Officia iure nisi et ut inventore mollitia.','Veritatis ut dolore id consequatur mollitia.',NULL,NULL,1,0,'Maiores ea eos neque qui reprehenderit.','Ut expedita odit alias distinctio ut.','2015-06-15 21:24:29','2015-06-15 21:24:29'),(140,'Model','McGlynn, Hand and Gusikowski','Fantastic Cotton Gloves','121','Dignissimos itaque eligendi ut dolores labore eum quisquam quos.','Harum assumenda aut eius et quia.',NULL,NULL,0,0,'Mollitia et voluptatem illo.','Fuga molestiae consequatur dolorem.','2015-06-15 21:24:29','2015-06-15 21:24:29'),(141,'Model','Heller, O\'Reilly and Funk','Gorgeous Wooden Shirt','122','Voluptatibus doloremque ullam rem perferendis veniam repellat dolor.','Laborum eveniet earum eum.',NULL,NULL,2,0,'Ut tempora mollitia consequatur corrupti perferendis.','Reprehenderit rerum quisquam voluptate consequuntur dolores delectus repudiandae optio.','2015-06-15 21:24:29','2015-06-15 21:24:29'),(142,'Model','Feeney, Bernhard and Graham','Rustic Steel Shirt','123','Sequi blanditiis aliquid repudiandae.','Rerum voluptatem omnis nobis dolorum at sit ut.',NULL,NULL,3,0,'Quas nobis in rerum distinctio omnis sit ab praesentium.','Officiis et aut recusandae itaque qui tempore.','2015-06-15 21:24:29','2015-06-15 21:24:29'),(143,'Model','Labadie LLC','Small Rubber Car','124','Corporis eius et tempore.','Minus optio ratione quod est eos eveniet ea possimus.',NULL,NULL,3,0,'Et dolorem qui iste ex rerum.','Molestias non ab non fuga ex dolor est.','2015-06-15 21:24:29','2015-06-15 21:24:29'),(144,'Model','Green-Bauch','Rustic Rubber Hat','125','Ea dolorem doloribus eaque minus et labore eos.','Voluptatem veniam harum corporis ex occaecati iure necessitatibus voluptatibus.',NULL,NULL,2,0,'Deserunt facilis possimus reiciendis recusandae quo nesciunt quia.','Minima non a soluta in adipisci dolore modi.','2015-06-15 21:24:29','2015-06-15 21:24:29'),(145,'Model','Rau, Wiegand and Heidenreich','Incredible Concrete Chair','126','Quidem officiis dolor eum ipsum magnam iure eaque.','Consequuntur ipsa repudiandae quasi omnis natus reiciendis ut est.',NULL,NULL,0,0,'Laudantium soluta exercitationem nam rerum voluptate eum et nemo.','Tempore magnam totam impedit ducimus sit.','2015-06-15 21:24:29','2015-06-15 21:24:29'),(146,'Model','Bruen LLC','Rustic Wooden Car','127','Et in aspernatur doloremque eum rerum aut.','Quia sit at voluptatum architecto veniam facilis.',NULL,NULL,2,0,'Qui voluptas et vel in.','Ea consectetur dolores modi itaque laudantium deleniti quam.','2015-06-15 21:24:29','2015-06-15 21:24:29'),(147,'Model','Parisian and Sons','Incredible Granite Shirt','128','Voluptatem temporibus numquam quia sed.','Iste asperiores fugit aspernatur ut aut et placeat omnis.',NULL,NULL,0,0,'Dignissimos occaecati harum qui enim tempore et reiciendis.','Dolor in minus eum omnis.','2015-06-15 21:24:29','2015-06-15 21:24:29'),(148,'Model','Kunze-Welch','Small Wooden Chair','129','Odio sit reprehenderit soluta similique dolore dolorem.','Accusamus corrupti et beatae sed esse id.',NULL,NULL,2,0,'Culpa eius laboriosam eaque ut.','Corporis nihil ea id quod culpa sit sint.','2015-06-15 21:24:29','2015-06-15 21:24:29'),(149,'Model','Rowe and Sons','Rustic Wooden Pants','130','Veritatis praesentium facere ea numquam qui.','Delectus sapiente quis fuga inventore doloremque enim qui.',NULL,NULL,0,0,'Dolor commodi iure blanditiis consectetur libero atque quis.','Ex voluptatem et est consequuntur quas.','2015-06-15 21:24:29','2015-06-15 21:24:29'),(150,'Model','Kunze, Kessler and Prohaska','Fantastic Concrete Hat','131','Corrupti assumenda explicabo laboriosam eos ut dolorum.','Consequatur enim deserunt eos blanditiis sit qui ipsa.',NULL,NULL,3,0,'Dolor corrupti deleniti hic laboriosam dolor sed omnis.','Velit totam illum et numquam.','2015-06-15 21:24:29','2015-06-15 21:24:29'),(151,'Model','Leffler, Friesen and Rutherford','Rustic Rubber Table','132','Asperiores eos et velit voluptatem et voluptas sint nulla.','Ipsum sequi consectetur amet dolor quod.',NULL,NULL,1,0,'Fuga in atque ut expedita optio blanditiis tenetur.','Labore vitae earum et est.','2015-06-15 21:24:29','2015-06-15 21:24:29'),(152,'Model','Blanda, Waters and Runte','Incredible Rubber Pants','133','Magnam deserunt eum ut qui libero eaque.','Sed hic sunt fuga autem harum et accusantium alias.',NULL,NULL,2,0,'Voluptatem perspiciatis distinctio recusandae et qui occaecati.','Qui rerum voluptas voluptatem laudantium.','2015-06-15 21:24:29','2015-06-15 21:24:29'),(153,'Model','Lowe-Welch','Fantastic Granite Pants','134','Aut repellendus ullam error facilis et.','Corrupti quas dolorum necessitatibus voluptatem incidunt dolor non fuga.',NULL,NULL,3,0,'Cupiditate unde cumque architecto labore nihil dicta atque.','Inventore voluptatem et eos non omnis similique quia nobis.','2015-06-15 21:24:29','2015-06-15 21:24:29'),(154,'Model','Reichert Group','Practical Rubber Car','135','Iure est qui reiciendis provident.','Consequuntur molestias dolorem vel consequatur at est quia.',NULL,NULL,2,0,'Aliquam non ea ut.','Ut temporibus ex et quia dicta excepturi aliquam voluptatibus.','2015-06-15 21:24:29','2015-06-15 21:24:29'),(155,'Model','Kris, Oberbrunner and Sawayn','Practical Steel Shirt','136','Aperiam vel error culpa asperiores libero porro delectus ipsum.','Odio iure inventore eveniet.',NULL,NULL,3,0,'Et sit dolor vitae et explicabo quasi dolorum.','Delectus necessitatibus animi voluptatem cum ea.','2015-06-15 21:24:29','2015-06-15 21:24:29'),(156,'Model','Nader-Prohaska','Sleek Wooden Shoes','137','Officiis perferendis veritatis et accusamus nisi.','Maiores modi non dolorem est et.',NULL,NULL,0,0,'Quae voluptatem laboriosam deleniti voluptatibus ad.','Aspernatur ullam dolores doloremque molestiae qui.','2015-06-15 21:24:29','2015-06-15 21:24:29'),(157,'Model','Mante and Sons','Intelligent Concrete Shirt','138','Perspiciatis sed atque soluta fuga sit consequatur qui.','Labore quia et est ab exercitationem vero.',NULL,NULL,1,0,'Rerum distinctio exercitationem qui harum.','A amet quis ex earum quia vel.','2015-06-15 21:24:29','2015-06-15 21:24:29'),(158,'Model','Frami, Ruecker and Kohler','Ergonomic Rubber Chair','139','Ut necessitatibus sit ut non et excepturi cumque.','Non corrupti velit occaecati.',NULL,NULL,0,0,'Ut minus aut expedita excepturi ducimus inventore nulla voluptatibus.','Ducimus facilis est maxime officia.','2015-06-15 21:24:29','2015-06-15 21:24:29'),(159,'Model','Hettinger-Jerde','Ergonomic Steel Shoes','140','Sint et praesentium blanditiis ut quaerat commodi facere.','Quidem incidunt iure aut.',NULL,NULL,1,0,'Quidem incidunt aut dolorem quae.','Rerum tempore eveniet et voluptatibus iste sunt et aut.','2015-06-15 21:24:29','2015-06-15 21:24:29'),(160,'Model','Hansen, Larson and Casper','Intelligent Plastic Shoes','141','Ea qui in esse velit.','Quam ea fuga beatae minus nisi non rerum eveniet.',NULL,NULL,0,0,'Sed eos deleniti molestiae aliquid non incidunt.','Consequatur debitis et et nisi sunt vero.','2015-06-15 21:24:29','2015-06-15 21:24:29'),(161,'Model','Runolfsson LLC','Small Wooden Hat','142','Quas officiis quasi est voluptatem tempora corrupti.','Ut neque doloribus vitae atque aspernatur veniam reiciendis.',NULL,NULL,2,0,'Ea dolorum delectus facere suscipit ut.','Aut nesciunt sunt consectetur repellendus molestias dolorem quis et.','2015-06-15 21:24:29','2015-06-15 21:24:29'),(162,'Model','Cormier-Schiller','Intelligent Granite Gloves','143','Autem velit nihil pariatur.','Distinctio nostrum molestias id.',NULL,NULL,1,0,'Non laborum consequuntur excepturi sit.','Impedit consequatur est distinctio vitae dignissimos deserunt.','2015-06-15 21:24:29','2015-06-15 21:24:29'),(163,'Model','Durgan-Schowalter','Practical Wooden Shirt','144','Magni perferendis repellendus dolores et amet non deleniti.','Necessitatibus veritatis deserunt ea ut qui nihil sint.',NULL,NULL,1,0,'Voluptatem amet repudiandae vel minima quam.','Vitae voluptas iste quaerat ea accusamus.','2015-06-15 21:24:29','2015-06-15 21:24:29'),(164,'Model','Kuhlman, Gibson and Morissette','Fantastic Rubber Computer','145','Molestiae beatae commodi sit praesentium.','Fugit repellat corporis et dolores in totam.',NULL,NULL,2,0,'Quia quasi est et.','Esse eveniet voluptas alias pariatur animi qui.','2015-06-15 21:24:29','2015-06-15 21:24:29'),(165,'Model','Rolfson, Quigley and Nikolaus','Gorgeous Rubber Hat','146','Fugiat eaque soluta aut fugit sed nihil qui.','Modi culpa quo ratione asperiores quod.',NULL,NULL,2,0,'Debitis aut exercitationem optio perferendis qui voluptatibus.','Repellendus veritatis architecto voluptas nemo.','2015-06-15 21:24:29','2015-06-15 21:24:29'),(166,'Model','Okuneva and Sons','Sleek Steel Shirt','147','Fugit dicta eum dignissimos expedita eveniet aliquid repellendus nostrum.','Ut aspernatur quia fugit quasi est omnis.',NULL,NULL,3,0,'Optio eligendi repudiandae sed.','Iste ad quam dignissimos molestiae consectetur nostrum quaerat in.','2015-06-15 21:24:29','2015-06-15 21:24:29'),(167,'Model','Lueilwitz-Cummings','Practical Concrete Computer','148','Dolor laudantium itaque dolore eos.','Quidem eos cupiditate quae exercitationem voluptas molestias.',NULL,NULL,3,0,'Nihil temporibus a architecto iure nemo quasi eligendi nisi.','Non mollitia et harum voluptate explicabo nobis pariatur perferendis.','2015-06-15 21:24:29','2015-06-15 21:24:29'),(168,'Model','Hammes-Leffler','Practical Granite Table','149','Consectetur minus voluptatem odit corrupti eos omnis unde.','Aperiam quia a qui.',NULL,NULL,2,0,'Libero aliquam corporis maiores temporibus.','Nemo illum dicta ab qui magni aspernatur non molestiae.','2015-06-15 21:24:29','2015-06-15 21:24:29'),(169,'Model','Lubowitz LLC','Small Concrete Pants','150','Nobis vel saepe natus eaque tenetur.','Iusto eum officiis dolorem.',NULL,NULL,2,0,'Provident velit exercitationem quam vel.','Vel animi quo est nisi quam unde autem.','2015-06-15 21:24:29','2015-06-15 21:24:29'),(170,'Model','Lind, Willms and Nienow','Incredible Steel Chair','151','Suscipit velit nostrum nisi asperiores.','Quaerat et aut exercitationem.',NULL,NULL,2,0,'Iusto adipisci sunt doloribus quaerat similique.','Totam dolores molestias est.','2015-06-15 21:24:29','2015-06-15 21:24:29'),(171,'Model','Gerhold, Doyle and Sawayn','Small Concrete Table','152','Et voluptatum ut aut distinctio voluptatem veniam.','Fuga voluptates eveniet nulla quia.',NULL,NULL,3,0,'Totam quia suscipit quia aut quidem delectus.','Totam dolor minima ipsa quo id molestiae omnis et.','2015-06-15 21:24:29','2015-06-15 21:24:29'),(172,'Model','McCullough-Mante','Awesome Cotton Shirt','153','Delectus sed temporibus atque voluptatem voluptatum.','Voluptatem fuga ea et.',NULL,NULL,1,0,'Aut vel aut est eum.','Porro aliquam aut placeat.','2015-06-15 21:24:29','2015-06-15 21:24:29'),(173,'Model','Powlowski and Sons','Fantastic Wooden Shirt','154','Et nesciunt eius necessitatibus illum.','Assumenda ullam velit voluptate sed quia eum impedit.',NULL,NULL,0,0,'Atque id nobis dicta.','Magnam est eum veniam.','2015-06-15 21:24:29','2015-06-15 21:24:29'),(174,'Model','Hyatt-Rodriguez','Fantastic Wooden Chair','155','Maiores culpa et autem ipsum ullam corrupti eos.','Sed error saepe corporis non non reprehenderit nostrum id.',NULL,NULL,1,0,'Recusandae ducimus quae harum quidem a voluptas atque repellat.','Cupiditate tempore et maiores voluptatem et ullam quibusdam magnam.','2015-06-13 21:24:29','2015-06-13 21:24:29'),(175,'Model','Sporer Inc','Sleek Wooden Table','156','Ad eos dignissimos ut nulla quo rerum.','Vel beatae quos qui.',NULL,NULL,2,0,'Aut expedita quia molestiae.','Eum ab et sint numquam quaerat qui laborum.','2015-06-13 21:24:29','2015-06-13 21:24:29'),(176,'Model','Reichert, Ratke and Boehm','Rustic Plastic Shoes','157','Modi tempora fugit facere at fuga neque.','Consequuntur et et dolorem rerum repudiandae eum est ullam.',NULL,NULL,0,0,'Non modi eveniet consequatur quos et.','Quia vel dignissimos voluptatem aspernatur amet veniam.','2015-06-13 21:24:29','2015-06-13 21:24:29'),(177,'Model','Turner, Kohler and Schimmel','Rustic Plastic Pants','158','Maxime quia rerum nihil incidunt.','Ut ea laborum facere dolorem reprehenderit quos.',NULL,NULL,1,0,'Autem modi minima error ut mollitia tempora voluptatem facere.','Voluptatibus nobis voluptas asperiores at.','2015-06-15 21:24:29','2015-06-15 21:24:29'),(178,'Model','Harber LLC','Sleek Cotton Gloves','159','Doloremque aspernatur quibusdam debitis.','Cumque cupiditate facere tenetur officiis dicta.',NULL,NULL,0,0,'Ullam officia atque quia voluptate quod.','Omnis aut in quia.','2015-06-15 21:24:29','2015-06-15 21:24:29'),(179,'Model','Toy-Waters','Incredible Steel Gloves','160','Aperiam corporis quis neque culpa quisquam ad sunt quam.','Ea voluptatem architecto id assumenda unde commodi.',NULL,NULL,3,0,'Quos qui qui inventore modi quia sed accusantium aut.','Magnam in eum quis.','2015-06-15 21:24:29','2015-06-15 21:24:29'),(180,'Model','Hessel, Emmerich and Fisher','Sleek Cotton Shirt','161','Nobis cumque inventore reiciendis.','Iste sed et dolores quae molestias et.',NULL,NULL,0,0,'Rerum et aut beatae occaecati.','Modi adipisci ipsum laboriosam recusandae ullam quas dolorum.','2015-06-15 21:24:29','2015-06-15 21:24:29'),(181,'Model','Treutel Group','Intelligent Wooden Hat','162','Vel beatae numquam distinctio.','Rem iure id enim.',NULL,NULL,2,0,'Officia omnis a unde et.','Est enim aliquid inventore nulla magni molestiae.','2015-06-15 21:24:29','2015-06-15 21:24:29'),(182,'Model','Zulauf, Keebler and Wolff','Ergonomic Concrete Shirt','163','Minus tempore et aut quia.','Reiciendis sint sit aut provident incidunt temporibus.',NULL,NULL,2,0,'Velit praesentium harum quam rerum incidunt.','Ex illo rerum maxime voluptate consequatur aut.','2015-06-15 21:24:29','2015-06-15 21:24:29'),(183,'Model','Towne Inc','Sleek Granite Gloves','164','Voluptate dolores excepturi ratione ut.','Praesentium consequatur et earum laboriosam aliquam voluptatem perspiciatis rerum.',NULL,NULL,0,0,'Commodi explicabo dolorem est.','Harum quidem voluptas non nisi veritatis.','2015-06-15 21:24:29','2015-06-15 21:24:29'),(184,'Model','Harber, McKenzie and Rowe','Ergonomic Steel Car','165','Impedit facere consequatur reprehenderit et et necessitatibus est ex.','Vel sapiente quia consequuntur recusandae.',NULL,NULL,0,0,'Voluptatem dicta doloribus et ipsum ut incidunt.','Perferendis molestiae natus iure veritatis optio.','2015-06-15 21:24:29','2015-06-15 21:24:29'),(185,'Model','Hartmann, Labadie and Homenick','Incredible Concrete Shirt','166','Reprehenderit quia fugiat vitae modi ut qui optio.','Aperiam fugit reiciendis tempore et.',NULL,NULL,2,0,'Saepe expedita nulla culpa sapiente architecto sed.','Rerum veniam nihil sit hic eos eos officiis sed.','2015-06-15 21:24:29','2015-06-15 21:24:29'),(186,'Model','Schmidt Group','Ergonomic Rubber Hat','167','Et voluptatibus reiciendis maxime tempore molestiae dignissimos dolorum nostrum.','Fugit ratione accusamus facilis itaque omnis.',NULL,NULL,1,0,'Ullam et iste atque quidem eum.','Velit optio ea est pariatur.','2015-06-15 21:24:29','2015-06-15 21:24:29'),(187,'Model','Schowalter-Nolan','Awesome Cotton Shoes','168','Quia quidem dolores cum doloribus culpa hic ut odit.','Perferendis quaerat voluptas qui natus reprehenderit non.',NULL,NULL,1,0,'Quibusdam consequatur placeat et voluptas veniam dignissimos officiis minima.','Eaque suscipit quidem similique eum error provident doloremque.','2015-06-15 21:24:29','2015-06-15 21:24:29'),(188,'Model','Kuhlman, Schultz and Strosin','Sleek Rubber Shoes','169','Sint voluptas accusamus velit et rerum.','Sed dolorum accusamus adipisci quasi ipsa.',NULL,NULL,0,0,'Repellat ut perferendis labore consequatur quas vel dicta dolore.','Consequatur ab error totam ipsum.','2015-06-15 21:24:29','2015-06-15 21:24:29'),(189,'Model','Parisian and Sons','Rustic Wooden Chair','170','Voluptates consequatur dolores est voluptas qui quia ut consectetur.','Labore optio velit beatae doloribus.',NULL,NULL,1,0,'Quia natus distinctio qui voluptas consequatur suscipit odio.','Neque quia voluptatum expedita magni ut enim fugit.','2015-06-15 21:24:29','2015-06-15 21:24:29'),(190,'Model','Nicolas and Sons','Sleek Concrete Table','171','Fugit consequuntur temporibus error.','Similique at voluptatem sint explicabo tempora molestiae est.',NULL,NULL,3,0,'A aliquam est quae error esse exercitationem dolorem.','Quis dolorem ratione et nihil cupiditate quasi accusantium.','2015-06-15 21:24:29','2015-06-15 21:24:29'),(191,'Model','Kemmer, Kunde and Shanahan','Incredible Plastic Hat','172','Placeat rerum voluptas quia necessitatibus recusandae debitis minima.','Officia quidem eum id repellendus error ullam est.',NULL,NULL,3,0,'Placeat enim tempora iste et et facilis autem.','Distinctio at aut doloremque voluptatem natus et dolore et.','2015-06-15 21:24:29','2015-06-15 21:24:29'),(192,'Model','O\'Keefe LLC','Gorgeous Granite Hat','173','Officiis cupiditate praesentium similique.','Deleniti deserunt ipsum qui vel veritatis et dolor et.',NULL,NULL,1,0,'Corporis tenetur qui cum.','Iure repudiandae ut qui voluptatem aspernatur minima.','2015-06-10 21:24:29','2015-06-10 21:24:29'),(193,'Model','Wisozk, Sanford and Maggio','Fantastic Granite Car','174','Aut sit est et.','Quam qui fugiat sequi.',NULL,NULL,3,0,'Sit consectetur quis et quidem vitae tempora.','Natus aut deleniti sed.','2015-06-10 21:24:29','2015-06-10 21:24:29'),(194,'Model','Schinner and Sons','Incredible Plastic Gloves','175','Dolore voluptatem et eum facilis aut.','Exercitationem beatae qui accusantium.',NULL,NULL,3,0,'Aut reiciendis doloremque autem.','Quasi unde id nulla.','2015-06-10 21:24:29','2015-06-10 21:24:29'),(195,'Model','Haag-Streich','Intelligent Steel Shirt','176','Reiciendis unde cum quidem est amet non.','Incidunt enim sint quos ut.',NULL,NULL,1,0,'Possimus tenetur quia voluptas pariatur ullam error.','Eius quia blanditiis aut qui.','2015-06-10 21:24:29','2015-06-10 21:24:29'),(196,'Model','Gislason Inc','Fantastic Plastic Shoes','177','Nam quod voluptatem ut quis est voluptates consequatur eos.','Ratione aliquam ut quia enim libero eius.',NULL,NULL,3,0,'Commodi sequi ut quos voluptate distinctio et qui quia.','Quis nihil voluptatem quia aperiam.','2015-06-10 21:24:29','2015-06-10 21:24:29'),(197,'Model','Kuphal-Borer','Intelligent Steel Car','178','Non sequi doloribus molestias et.','Eum rerum impedit dolores quae sint consectetur quos adipisci.',NULL,NULL,3,0,'Et similique voluptate distinctio nostrum quia cumque et delectus.','Excepturi cumque animi esse.','2015-06-10 21:24:29','2015-06-10 21:24:29'),(198,'Model','Klein Inc','Sleek Rubber Hat','179','Aliquid perferendis autem maxime itaque.','Ut iste ipsum facere vero laudantium omnis.',NULL,NULL,3,0,'Provident minus consequatur laudantium.','Autem ab blanditiis perferendis omnis illo.','2015-06-10 21:24:29','2015-06-10 21:24:29'),(199,'Model','Carter-Parisian','Small Wooden Car','180','Eaque aspernatur non ut quaerat repudiandae.','Ea et tempora praesentium dolorum quasi maxime dignissimos quia.',NULL,NULL,2,0,'Sed ipsum aut tenetur ut placeat omnis.','Aut asperiores nostrum quia rerum minima id cupiditate magnam.','2015-06-10 21:24:29','2015-06-10 21:24:29'),(200,'Model','Collins-Little','Fantastic Cotton Hat','181','Hic officia vel qui rerum autem.','Rerum fugit iusto ea maxime voluptatem.',NULL,NULL,3,0,'Consequatur repudiandae iusto voluptates.','Est est dolore accusantium sequi architecto qui consequuntur illo.','2015-06-10 21:24:29','2015-06-10 21:24:29'),(201,'Model','Tromp-Doyle','Small Cotton Hat','182','Culpa minus sed eveniet quam voluptas non aut quis.','Ducimus accusantium rerum enim similique maxime fugiat assumenda.',NULL,NULL,3,0,'Consequatur quam est quos excepturi quidem.','Ex voluptas dolorum sapiente itaque et et quae ab.','2015-06-10 21:24:29','2015-06-10 21:24:29'),(202,'Model','Bechtelar, Cremin and Marquardt','Fantastic Plastic Hat','183','Est ullam officiis enim ut non voluptatem.','Nesciunt cupiditate sed eos beatae iure.',NULL,NULL,3,0,'Totam dolor molestiae ut porro.','Pariatur aut ut quod eum.','2015-06-15 21:24:29','2015-06-15 21:24:29'),(203,'Model','Block, Kshlerin and Hegmann','Intelligent Steel Chair','184','Quia accusamus aliquid excepturi pariatur.','Omnis eos sit sunt autem voluptas iusto.',NULL,NULL,2,0,'Ea similique commodi qui.','Occaecati laboriosam sunt corporis ut reiciendis.','2015-06-15 21:24:29','2015-06-15 21:24:29'),(204,'Model','Skiles, Nitzsche and Strosin','Ergonomic Concrete Gloves','185','Aut culpa rem temporibus possimus.','Consectetur consequuntur quo qui ipsam.',NULL,NULL,3,0,'Sit dignissimos eos quod non numquam qui vel.','Dolor fuga minima voluptatem eos.','2015-06-15 21:24:29','2015-06-15 21:24:29'),(205,'Model','Hane, Gutkowski and Leuschke','Incredible Granite Shoes','186','Itaque doloribus natus est dignissimos dolorem error est.','Totam saepe consequuntur eos praesentium dolorum corporis nesciunt molestias.',NULL,NULL,3,0,'Inventore odit nihil maiores est.','Eos est ducimus non nesciunt odio ipsum.','2015-06-15 21:24:29','2015-06-15 21:24:29'),(206,'Model','Feest, Fay and Ward','Fantastic Cotton Shoes','187','Sed asperiores temporibus non omnis sed architecto.','Neque ad sapiente amet molestiae.',NULL,NULL,1,0,'Ab quisquam fugit natus ipsa vitae.','Perspiciatis et sunt rem asperiores minus neque.','2015-06-15 21:24:29','2015-06-15 21:24:29'),(207,'Model','Jaskolski-Bosco','Intelligent Cotton Chair','188','Architecto est explicabo deleniti ea vero qui inventore natus.','Voluptatem non illum beatae dicta et ipsam sapiente dolores.',NULL,NULL,0,0,'Voluptate tempore aspernatur dignissimos facilis libero consequatur.','Ducimus quo aliquam iure.','2015-06-15 21:24:29','2015-06-15 21:24:29'),(208,'Model','Sawayn-Moen','Ergonomic Concrete Hat','189','Est laborum aperiam qui voluptas qui accusantium.','Incidunt hic nemo voluptatem.',NULL,NULL,1,0,'Dolore fugiat rerum a voluptates expedita.','Magnam voluptatem similique porro ducimus atque dolorem.','2015-06-15 21:24:29','2015-06-15 21:24:29'),(209,'Model','Adams, Kunde and Bednar','Practical Wooden Table','190','Voluptas aspernatur alias est amet.','Sapiente quasi commodi ut corrupti asperiores aut.',NULL,NULL,3,0,'Accusantium consequatur dicta ducimus ea vel.','Pariatur sed et temporibus.','2015-06-15 21:24:29','2015-06-15 21:24:29'),(210,'Model','Weissnat LLC','Rustic Plastic Computer','191','Ut et deserunt inventore exercitationem quibusdam voluptatum repellat error.','In repellat quia aperiam qui expedita totam.',NULL,NULL,1,0,'Minus at quis nisi nam.','Expedita autem a consequuntur sapiente unde quam iure saepe.','2015-06-15 21:24:29','2015-06-15 21:24:29'),(211,'Model','Price and Sons','Small Concrete Shoes','192','Et est sed ut sequi.','Et voluptatum qui asperiores.',NULL,NULL,1,0,'Ea porro quis rerum esse eum.','Cum enim molestias ut.','2015-06-15 21:24:29','2015-06-15 21:24:29'),(212,'Model','Schamberger, Gottlieb and O\'Keefe','Gorgeous Granite Gloves','193','At dolore exercitationem eaque voluptate qui quibusdam.','Aut ducimus quia necessitatibus ut similique iure.',NULL,NULL,0,0,'Inventore corporis atque provident qui eos asperiores vel voluptatibus.','Aut vel aut consequuntur reprehenderit necessitatibus.','2015-06-15 21:24:29','2015-06-15 21:24:29'),(213,'Model','Lehner, Ledner and Doyle','Ergonomic Cotton Shoes','194','Et molestias iusto ut et aspernatur molestiae hic neque.','Omnis sit esse cum corrupti possimus aliquam odio.',NULL,NULL,0,0,'Autem distinctio debitis ut voluptatem enim.','Quia veritatis ullam aspernatur voluptatum.','2015-06-15 21:24:29','2015-06-15 21:24:29'),(214,'Model','Bailey, Walter and Leuschke','Gorgeous Wooden Pants','195','Pariatur sint et qui error voluptatem.','Praesentium iusto distinctio enim expedita veritatis eos ea non.',NULL,NULL,2,0,'Quia quos recusandae debitis est odio in dolor.','Modi eos quisquam perspiciatis sunt.','2015-06-15 21:24:29','2015-06-15 21:24:29'),(215,'Model','Olson LLC','Rustic Granite Gloves','196','Fuga vel eaque iste optio.','Quas ut sed molestias earum molestiae.',NULL,NULL,1,0,'Deleniti qui aut ipsam quia est dolore.','Vel vero earum suscipit dicta vitae delectus.','2015-06-15 21:24:29','2015-06-15 21:24:29'),(216,'Model','Carroll Group','Incredible Wooden Gloves','197','Iure commodi nobis rerum beatae et quaerat tenetur ea.','Accusantium voluptate suscipit inventore odio sapiente corporis quia nemo.',NULL,NULL,0,0,'Ipsa eos tempore eum quae dolorem omnis rerum reprehenderit.','Sit cum accusantium ad sunt.','2015-06-15 21:24:29','2015-06-15 21:24:29'),(217,'Model','Hayes-Murazik','Rustic Steel Car','198','Ut illum itaque et distinctio fugit omnis.','Facilis qui incidunt delectus.',NULL,NULL,2,0,'Vitae rerum voluptate consequatur sed illo saepe sed autem.','Quibusdam adipisci vero rerum.','2015-06-15 21:24:29','2015-06-15 21:24:29'),(218,'Model','Wilkinson, Kutch and Cronin','Rustic Concrete Shirt','199','Ea dolorem quos at est quam omnis aut voluptatum.','Debitis est libero est.',NULL,NULL,2,0,'Et qui tempora amet laudantium officia ut expedita.','Sint occaecati a minima veniam cupiditate vel et.','2015-06-15 21:24:29','2015-06-15 21:24:29'),(219,'Model','West-Legros','Awesome Rubber Pants','200','Debitis hic laborum in eius sint enim provident.','Sunt natus velit cumque omnis blanditiis.',NULL,NULL,1,0,'Beatae dolorem et tempora voluptates.','Eos nihil corrupti quidem praesentium rem nisi.','2015-06-15 21:24:29','2015-06-15 21:24:29'),(220,'Model','Boyle Group','Rustic Cotton Shoes','201','Ea eveniet et deleniti voluptas alias tenetur qui minima.','Omnis ut sint et nesciunt iure.',NULL,NULL,1,0,'Non est et sint rerum.','Rerum perspiciatis deserunt voluptatibus aut labore.','2015-06-15 21:24:29','2015-06-15 21:24:29'),(221,'Model','Gorczany-Dach','Fantastic Cotton Car','202','Ipsum labore sed repellendus nesciunt sunt ut.','Ut laboriosam nobis sed.',NULL,NULL,3,0,'A recusandae porro aperiam magni sequi et.','Possimus ipsum reprehenderit consequatur minima exercitationem perspiciatis.','2015-06-15 21:24:29','2015-06-15 21:24:29'),(222,'Model','Harvey, Zieme and Gleason','Sleek Plastic Pants','203','Ad quae provident enim ea consectetur.','Qui sunt quibusdam dolorem qui veniam.',NULL,NULL,3,0,'Consequatur maxime nulla cumque eligendi doloremque cupiditate similique et.','Impedit praesentium quam voluptas quia consequuntur.','2015-06-15 21:24:29','2015-06-15 21:24:29'),(223,'Model','Sawayn and Sons','Ergonomic Wooden Car','204','Accusamus dolor rem quas expedita.','Beatae soluta fuga minima ab.',NULL,NULL,3,0,'Consequatur dolorum sed laboriosam quibusdam alias fugit minus.','Nulla nam dignissimos quae aut alias et.','2015-06-15 21:24:29','2015-06-15 21:24:29'),(224,'Model','Gutmann-Sipes','Awesome Plastic Gloves','205','Eius animi deserunt adipisci totam.','Itaque id voluptates omnis.',NULL,NULL,3,0,'Libero nihil deleniti optio reiciendis minima commodi aut adipisci.','Veniam beatae voluptatem et aut dolores dignissimos et veritatis.','2015-06-15 21:24:29','2015-06-15 21:24:29'),(225,'Model','Hettinger, Weimann and Wilkinson','Sleek Steel Hat','206','Excepturi et dolor et quasi adipisci est.','Dignissimos saepe fugiat quia et laborum asperiores et.',NULL,NULL,0,0,'Consequatur et quaerat dicta nostrum aut.','Ea possimus facere non magnam nulla rem.','2015-06-15 21:24:29','2015-06-15 21:24:29'),(226,'Model','Witting-Lynch','Intelligent Rubber Gloves','207','Et qui voluptatum mollitia labore doloribus.','Aliquid nesciunt adipisci voluptate et tenetur eos.',NULL,NULL,0,0,'Facere quis dolor natus sed.','Dolorum sint odit mollitia omnis sed nihil.','2015-06-15 21:24:29','2015-06-15 21:24:29'),(227,'Model','Greenfelder Group','Incredible Wooden Shirt','208','Dolor consequuntur est laboriosam aliquam.','Illum eius provident nobis veritatis qui.',NULL,NULL,1,0,'Repellendus quia voluptatem cupiditate sapiente sed.','Consectetur porro error pariatur reprehenderit.','2015-06-15 21:24:29','2015-06-15 21:24:29'),(228,'Model','Blick-Senger','Sleek Steel Pants','209','Quia repellendus velit voluptate.','Aut aliquid ea itaque vitae labore incidunt id.',NULL,NULL,3,0,'Accusamus soluta velit ea.','Aut rerum laboriosam quod.','2015-06-15 21:24:29','2015-06-15 21:24:29'),(229,'Model','Boyer-Kertzmann','Awesome Plastic Hat','210','Enim id cumque at est necessitatibus.','Earum laboriosam maxime eum cumque dolorem aut.',NULL,NULL,0,0,'Unde aut nobis consequatur.','Suscipit laborum in officiis ab eaque velit.','2015-06-15 21:24:29','2015-06-15 21:24:29'),(230,'Model','Rohan-Green','Small Cotton Computer','211','Quasi nemo cumque placeat.','Numquam quidem tenetur reprehenderit.',NULL,NULL,3,0,'Et deserunt ipsa soluta voluptatum enim.','Aut doloribus sit voluptate.','2015-06-15 21:24:29','2015-06-15 21:24:29'),(231,'Model','Kessler, Berge and Hickle','Gorgeous Concrete Shoes','212','Iste corrupti esse enim vel sunt.','Neque est quo voluptatem quis maxime.',NULL,NULL,3,0,'Sit magnam quos sit alias modi voluptatem facere.','Non fuga deserunt magni.','2015-06-15 21:24:29','2015-06-15 21:24:29'),(232,'Model','Welch, Jakubowski and Mann','Gorgeous Steel Shirt','213','Quibusdam dignissimos nulla consequatur veritatis.','Minima error sint velit modi molestias.',NULL,NULL,0,0,'Ratione dignissimos aliquid earum molestias ea eligendi quo.','Autem adipisci suscipit laborum.','2015-06-15 21:24:29','2015-06-15 21:24:29'),(233,'Model','Botsford Inc','Awesome Granite Chair','214','Velit iste modi est vel ut.','Consequatur voluptas nulla sed.',NULL,NULL,2,0,'Cum vel qui nisi eaque aperiam repellendus commodi dolore.','Qui ut fuga tenetur.','2015-06-15 21:24:29','2015-06-15 21:24:29'),(234,'Model','Pacocha, Barrows and Schroeder','Practical Cotton Table','215','Et voluptate quam eaque magni est molestiae voluptatem.','Aut fugit alias ut id veniam hic.',NULL,NULL,0,0,'Illo eveniet aut hic exercitationem eaque consequatur accusamus voluptatem.','Saepe illum eos assumenda ut qui eaque harum.','2015-06-15 21:24:29','2015-06-15 21:24:29'),(235,'Model','Hudson-Yundt','Awesome Plastic Shoes','216','Quo error quasi laudantium sit dicta deserunt voluptatem velit.','Sint aspernatur ipsum veniam.',NULL,NULL,3,0,'Exercitationem quia laboriosam qui magni dolorem est voluptatem.','Expedita necessitatibus corporis suscipit eius ut.','2015-06-15 21:24:29','2015-06-15 21:24:29'),(236,'Model','Bashirian LLC','Sleek Concrete Pants','217','Quia maxime veritatis accusamus.','Qui non aut dignissimos voluptas omnis consequatur.',NULL,NULL,2,0,'Similique vel quo non.','Vel fugiat consequatur tempore magnam quo quidem dolor recusandae.','2015-06-15 21:24:29','2015-06-15 21:24:29'),(237,'Model','Bergstrom Inc','Practical Concrete Pants','218','Est repellat et mollitia ipsam quis dicta commodi ab.','Minus iste deserunt harum itaque est.',NULL,NULL,1,0,'Sint nihil pariatur molestias laborum dolores placeat.','Accusamus quidem cupiditate veritatis sed quos fuga sit.','2015-06-15 21:24:29','2015-06-15 21:24:29'),(238,'Model','Torphy LLC','Small Wooden Gloves','219','Consectetur sed tempora atque.','Nisi adipisci in ipsam ipsa aut aut.',NULL,NULL,0,0,'Nulla consequatur cumque dolorem suscipit repudiandae qui.','Velit officia inventore ipsum cumque architecto illo consequatur praesentium.','2015-06-15 21:24:29','2015-06-15 21:24:29'),(239,'Model','Nader-Stehr','Intelligent Granite Computer','220','In ad reiciendis eos voluptatem quia nihil saepe quibusdam.','Tempore laudantium dolorem ad suscipit hic quisquam.',NULL,NULL,1,0,'Et animi quia unde ullam molestiae repellat quibusdam aut.','Corporis dolor molestiae reprehenderit ut nulla voluptas.','2015-06-15 21:24:29','2015-06-15 21:24:29'),(240,'Model','Price, Cruickshank and Hansen','Practical Cotton Computer','221','Saepe facilis dolorum repellendus.','A qui id omnis voluptatem nostrum est magnam molestias.',NULL,NULL,3,0,'Deserunt ut nihil nisi soluta minus enim at.','Qui dolore occaecati consequatur quas voluptatem laborum asperiores.','2015-06-15 21:24:29','2015-06-15 21:24:29'),(241,'Model','Grady, Beahan and Torp','Fantastic Steel Chair','222','Odit dolor natus maxime occaecati saepe mollitia aut.','Eum sint et et eum aut dolor.',NULL,NULL,2,0,'Enim ex laboriosam alias consequatur.','Laborum vitae rerum aut ullam cupiditate.','2015-06-15 21:24:29','2015-06-15 21:24:29'),(242,'Model','Larkin, Rosenbaum and Haley','Awesome Concrete Pants','223','Ut nihil omnis quo.','Consequatur nobis ex provident.',NULL,NULL,2,0,'Ullam voluptates minima tempore repudiandae at et fugiat.','Soluta et voluptas aut molestiae nam quia labore praesentium.','2015-06-15 21:24:29','2015-06-15 21:24:29'),(243,'Model','Homenick-Stanton','Practical Cotton Hat','224','Tempore vitae placeat in est.','Consequatur eos rerum a ipsa.',NULL,NULL,3,0,'Nulla minima neque voluptatibus reprehenderit deleniti.','Sed qui saepe quaerat debitis sunt enim est inventore.','2015-06-15 21:24:29','2015-06-15 21:24:29'),(244,'Model','Renner LLC','Sleek Rubber Gloves','225','Nihil reiciendis nesciunt sed repellat nemo voluptas.','Ea ut nihil et qui consequatur omnis dolores quia.',NULL,NULL,0,0,'Et assumenda accusantium velit provident in perspiciatis iste consequatur.','Molestiae rerum provident facere amet voluptatem.','2015-06-15 21:24:29','2015-06-15 21:24:29'),(245,'Model','Gleichner-Reichert','Ergonomic Steel Pants','226','Vel facere velit minus odit voluptatem.','Illo eum quae ullam excepturi.',NULL,NULL,1,0,'Dolorum rerum non molestias cumque.','Facere quas aspernatur possimus quidem quisquam dolorum similique reiciendis.','2015-06-15 21:24:29','2015-06-15 21:24:29'),(246,'Model','Schroeder-Legros','Awesome Cotton Hat','227','Rerum aut nesciunt iusto eum odio fugiat veniam.','Sit velit sunt et.',NULL,NULL,3,0,'Asperiores qui omnis et quo.','Odit accusantium quod quo sit ratione quia.','2015-06-12 21:24:29','2015-06-12 21:24:29'),(247,'Model','Shanahan Group','Gorgeous Cotton Gloves','228','Voluptas suscipit similique recusandae ut voluptatem.','Hic ducimus assumenda omnis explicabo libero repellendus id tempora.',NULL,NULL,1,0,'Ipsum qui exercitationem et et placeat.','Et perferendis at ea nisi.','2015-06-12 21:24:29','2015-06-12 21:24:29'),(248,'Model','Corwin, Johnston and Ernser','Awesome Steel Gloves','229','Voluptatem saepe et dicta.','Et quidem et porro.',NULL,NULL,2,0,'Libero distinctio explicabo quas voluptatem unde et ipsum.','Adipisci explicabo commodi sint id eveniet vel.','2015-06-12 21:24:29','2015-06-12 21:24:29'),(249,'Model','Gorczany-Mayer','Ergonomic Steel Computer','230','Eveniet rem quia eos explicabo ut dolor eaque.','Et perspiciatis assumenda voluptatem enim.',NULL,NULL,1,0,'Et voluptate voluptatem nesciunt eius quia.','Excepturi ducimus recusandae aut.','2015-06-12 21:24:29','2015-06-12 21:24:29'),(250,'Model','Mills and Sons','Fantastic Cotton Shirt','231','Aut accusamus quo maxime est sit expedita nobis.','Ad explicabo ipsa aut dolorem repellendus illo.',NULL,NULL,2,0,'Sit sed ad sunt rem et labore.','Consequatur facere reprehenderit ratione ut perspiciatis enim eaque facilis.','2015-06-15 21:24:29','2015-06-15 21:24:29'),(251,'Software','Hackett-Kulas','Sleek Rubber Pants','233',NULL,NULL,NULL,NULL,0,0,NULL,NULL,'2015-06-15 21:24:29','2015-06-15 21:24:29'),(252,'Model','Bergstrom, Kunde and Roberts','Intelligent Steel Shoes','234','Et rerum est a voluptatem maiores qui.','Perspiciatis quisquam voluptate aspernatur.',NULL,NULL,2,0,'Numquam aut nobis et id qui earum eum veniam.','Minus omnis aut molestias illo magni asperiores aut voluptates.','2015-06-10 21:24:29','2015-06-10 21:24:29'),(253,'Model','Goyette LLC','Fantastic Steel Pants','236','Cumque vel sint quia.','Optio error est dicta velit velit.',NULL,NULL,0,0,'Fugit iusto aliquam corporis ut placeat nulla sit.','Ducimus nemo beatae iure quo nulla consequuntur ipsa.','2015-06-15 21:24:29','2015-06-15 21:24:29'),(254,'Software','Bahringer, Littel and Nikolaus','Gorgeous Wooden Car','237',NULL,NULL,NULL,NULL,0,0,NULL,NULL,'2015-06-15 21:24:29','2015-06-15 21:24:29'),(255,'Model','Schmeler LLC','Sleek Steel Shoes','238','Non voluptas itaque neque necessitatibus.','Sit ut vero amet aliquid aperiam quam necessitatibus natus.',NULL,NULL,0,0,'Rerum est neque nihil.','Accusamus est esse nobis.','2015-06-15 21:24:29','2015-06-15 21:24:29'),(256,'Model','Thiel, Frami and Herzog','Fantastic Steel Shirt','240','Atque perspiciatis officiis id beatae error aspernatur.','Sed voluptas facere laboriosam odio sunt ratione molestias.',NULL,NULL,3,0,'Adipisci sunt totam dolor.','Voluptas quibusdam nisi laborum iusto.','2015-06-15 21:24:29','2015-06-15 21:24:29'),(257,'Model','Jacobi-Rogahn','Rustic Cotton Chair','241','Veritatis voluptatum vero hic veniam reiciendis.','Eos dignissimos voluptatum nihil quis qui temporibus laborum autem.',NULL,NULL,3,0,'Reprehenderit quae aut unde debitis qui.','Suscipit itaque aliquid quam aut nobis ea laborum.','2015-06-15 21:24:29','2015-06-15 21:24:29'),(258,'Model','Dickens, Keebler and Upton','Incredible Rubber Table','242','Explicabo repellat velit nostrum dolor consequatur in culpa quis.','Atque exercitationem fugit voluptas sed.',NULL,NULL,3,0,'Odit minus dolor quo.','Reprehenderit aut accusantium reiciendis nihil voluptatem assumenda dolorem eos.','2015-06-15 21:24:29','2015-06-15 21:24:29'),(259,'Model','Greenfelder, McKenzie and Towne','Incredible Granite Computer','243','Omnis asperiores repudiandae fugiat sit accusamus qui reprehenderit.','Ex aspernatur non alias.',NULL,NULL,0,0,'Cumque officiis quo nemo placeat magnam.','Dolores sunt architecto minima.','2015-06-15 21:24:29','2015-06-15 21:24:29'),(260,'Model','Abbott, Turcotte and Huel','Practical Concrete Car','244','Repudiandae quo architecto pariatur sit eos id rem laudantium.','Ea eius dolor quod maxime consequatur.',NULL,NULL,3,0,'Tempore ipsam nostrum tempora omnis et.','Et qui quod magnam occaecati magni.','2015-06-15 21:24:29','2015-06-15 21:24:29'),(261,'Model','Collier-Stehr','Intelligent Concrete Shoes','245','Voluptates ratione saepe non voluptatem.','Provident error qui pariatur et ullam libero.',NULL,NULL,1,0,'Minima similique laudantium tempora consequatur eaque impedit est omnis.','Voluptate aperiam harum eligendi voluptas accusamus aut ea.','2015-06-15 21:24:29','2015-06-15 21:24:29'),(262,'Model','Heathcote, Rodriguez and Bashirian','Intelligent Granite Pants','246','Nobis odio maiores eos amet.','Rerum id amet earum dolor quo atque sunt aspernatur.',NULL,NULL,3,0,'Ex ratione aut et praesentium rerum perspiciatis.','Aut quis totam omnis ducimus hic in occaecati.','2015-06-15 21:24:29','2015-06-15 21:24:29'),(263,'Model','Kemmer, Grady and Ullrich','Awesome Cotton Pants','247','Nesciunt molestiae omnis minus.','Nulla modi mollitia totam rerum eos illum at.',NULL,NULL,1,0,'Aut eligendi voluptas neque assumenda repellendus vero tenetur.','Enim numquam sed consequuntur.','2015-06-15 21:24:29','2015-06-15 21:24:29'),(264,'Model','Harris-Gorczany','Intelligent Concrete Hat','248','Dolorem tempora perferendis quis laborum.','Impedit aut accusantium id sit excepturi omnis consectetur.',NULL,NULL,0,0,'Eos velit molestias praesentium reiciendis illum at ad modi.','Ipsa cupiditate et et iure.','2015-06-15 21:24:29','2015-06-15 21:24:29'),(265,'Model','Leffler LLC','Small Concrete Shirt','249','Veritatis dolores ea praesentium quia soluta.','Neque dolores nobis ea sapiente.',NULL,NULL,1,0,'Eveniet qui tenetur corporis qui laudantium suscipit.','Voluptatibus ut dolore maiores et voluptas quia similique.','2015-06-15 21:24:29','2015-06-15 21:24:29'),(266,'Model','Feeney-Greenholt','Practical Plastic Chair','250','Cupiditate ad accusantium asperiores neque.','Quibusdam dignissimos vitae cupiditate laboriosam.',NULL,NULL,0,0,'Odit corrupti accusamus aut est aut reprehenderit qui.','Et accusantium nihil velit.','2015-06-15 21:24:29','2015-06-15 21:24:29'),(267,'Model','Bosco Inc','Intelligent Rubber Shirt','251','Voluptates nam et aliquam omnis ex quis.','Magni officia vero aut quis ea.',NULL,NULL,3,0,'Ducimus ea iusto unde nisi minus est.','Maxime reiciendis id dolorem a beatae.','2015-06-15 21:24:29','2015-06-15 21:24:29'),(268,'Model','Abbott-Hagenes','Sleek Cotton Table','252','Eos sint qui nostrum et dignissimos possimus inventore minima.','Ducimus ut natus eum in repellendus corrupti dolorem.',NULL,NULL,1,0,'Cum facere voluptatem dolores.','Hic quae nihil facere corporis et.','2015-06-15 21:24:29','2015-06-15 21:24:29'),(269,'Model','Wehner-Lindgren','Intelligent Plastic Car','253','Vel soluta at asperiores voluptatem dolorum est aut magni.','Et fuga voluptas nulla.',NULL,NULL,3,0,'Enim fugiat quibusdam tempora temporibus dicta.','Soluta eos occaecati voluptates.','2015-06-15 21:24:29','2015-06-15 21:24:29'),(270,'Model','Jaskolski, O\'Kon and Mueller','Fantastic Rubber Shoes','254','Ab omnis fugit rerum placeat dignissimos quis ratione.','Omnis nemo consequuntur iure id magnam.',NULL,NULL,0,0,'Vero est aut repudiandae adipisci.','Architecto sunt repudiandae et.','2015-06-15 21:24:29','2015-06-15 21:24:29'),(271,'Model','Gleason-Emmerich','Ergonomic Plastic Hat','255','Dolore non ipsum nam consequatur.','Incidunt officiis recusandae blanditiis ut occaecati cum.',NULL,NULL,3,0,'Et id impedit tempore optio quod enim.','Id deleniti eum nulla neque.','2015-06-15 21:24:29','2015-06-15 21:24:29'),(272,'Model','Stracke Group','Gorgeous Rubber Table','256','Non sunt doloribus enim expedita ut rerum.','Distinctio corrupti enim quo voluptate in sed.',NULL,NULL,1,0,'Ratione natus voluptates repudiandae ipsa.','Quidem voluptas enim sit excepturi ut possimus.','2015-06-15 21:24:29','2015-06-15 21:24:29'),(273,'Model','Moen, Ratke and Dare','Fantastic Granite Hat','257','Vero blanditiis illo quia.','Ab sint a et eaque in minus.',NULL,NULL,0,0,'Dicta consequatur repudiandae doloribus quam ad est voluptate deserunt.','Vitae ipsam ut ea laborum sunt velit quasi.','2015-06-15 21:24:29','2015-06-15 21:24:29'),(274,'Model','Carroll, Bernier and Moore','Fantastic Plastic Computer','258','Veritatis voluptatem quasi et.','Quo doloremque praesentium qui culpa.',NULL,NULL,2,0,'Ipsum in quia nulla.','Est aut impedit officiis repudiandae et laudantium.','2015-06-15 21:24:29','2015-06-15 21:24:29'),(275,'Model','Bruen Group','Gorgeous Rubber Car','259','Ducimus nesciunt quae dolores et quas quos.','Et architecto cupiditate autem et.',NULL,NULL,2,0,'Deleniti rerum delectus ipsum.','Et facilis voluptate et aut neque enim iste autem.','2015-06-15 21:24:29','2015-06-15 21:24:29'),(276,'Model','Bailey, Jakubowski and Hamill','Intelligent Wooden Chair','260','Tenetur dolorem molestiae temporibus optio cum perspiciatis ut.','Enim aut debitis reiciendis facere fuga sint inventore natus.',NULL,NULL,2,0,'Maiores nobis libero eum quia dolorem eos.','Vero voluptatem adipisci dolor veritatis porro quod sunt.','2015-06-10 21:24:29','2015-06-10 21:24:29'),(277,'Model','Tremblay Group','Small Rubber Table','261','Unde veritatis voluptatem rem adipisci.','Qui aut ex voluptate qui debitis accusantium necessitatibus.',NULL,NULL,3,0,'Saepe dolorem odit sapiente.','Dolore similique nam ad est modi autem ut doloremque.','2015-06-10 21:24:29','2015-06-10 21:24:29'),(278,'Model','Keeling Inc','Small Cotton Car','262','Autem perferendis sapiente provident placeat exercitationem similique.','Placeat est vitae et.',NULL,NULL,1,0,'Fugiat iste in eveniet aut beatae nostrum illum.','Alias est fugiat eius architecto.','2015-06-10 21:24:29','2015-06-10 21:24:29'),(279,'Model','Cormier Inc','Gorgeous Concrete Car','263','Distinctio sequi inventore incidunt omnis est quo labore in.','Quisquam quidem accusantium non nobis tenetur quod qui.',NULL,NULL,3,0,'Iusto impedit est voluptate.','Accusamus error et explicabo iste nam consequatur.','2015-06-13 21:24:29','2015-06-13 21:24:29'),(280,'Model','Baumbach, Lehner and Champlin','Incredible Wooden Car','264','Exercitationem debitis et voluptate ratione sint sequi totam.','Accusantium nisi dolorem consequatur quasi illo iusto voluptatum eos.',NULL,NULL,2,0,'Laudantium modi fuga omnis voluptate voluptas ut harum vitae.','Eos rerum cum adipisci eum.','2015-06-13 21:24:29','2015-06-13 21:24:29'),(281,'Model','Quitzon-Rice','Fantastic Plastic Pants','265','Rerum saepe ullam sed.','Sint eum eius repudiandae.',NULL,NULL,3,0,'Magnam cumque aut eligendi libero ratione occaecati mollitia aliquam.','Quis voluptas et debitis quo inventore delectus.','2015-06-13 21:24:29','2015-06-13 21:24:29'),(282,'Model','Reichel-Hane','Fantastic Plastic Table','266','Nemo ut ex eaque.','Et et qui distinctio quia nam.',NULL,NULL,3,0,'Cupiditate maiores id vero et possimus ullam quos delectus.','Minima ut sit tempora pariatur consequatur expedita voluptas.','2015-06-13 21:24:29','2015-06-13 21:24:29'),(283,'Model','Hilpert LLC','Ergonomic Cotton Pants','267','Quo quo eos excepturi occaecati quod aut sint.','Quod nemo deserunt enim magni dignissimos sunt a.',NULL,NULL,2,0,'Sit veniam nemo nihil eum voluptas facilis minima.','Delectus qui sit adipisci qui quas accusamus.','2015-06-13 21:24:29','2015-06-13 21:24:29');
/*!40000 ALTER TABLE `models` ENABLE KEYS */;
UNLOCK TABLES;

--
-- Table structure for table `models_compatibles`
--

DROP TABLE IF EXISTS `models_compatibles`;
/*!40101 SET @saved_cs_client     = @@character_set_client */;
/*!40101 SET character_set_client = utf8 */;
CREATE TABLE `models_compatibles` (
  `model_id` int(11) DEFAULT NULL,
  `compatible_id` int(11) DEFAULT NULL,
  KEY `index_models_compatibles_on_compatible_id` (`compatible_id`),
  KEY `index_models_compatibles_on_model_id` (`model_id`),
  CONSTRAINT `models_compatibles_compatible_id_fk` FOREIGN KEY (`compatible_id`) REFERENCES `models` (`id`),
  CONSTRAINT `models_compatibles_model_id_fk` FOREIGN KEY (`model_id`) REFERENCES `models` (`id`)
) ENGINE=InnoDB DEFAULT CHARSET=utf8 COLLATE=utf8_unicode_ci;
/*!40101 SET character_set_client = @saved_cs_client */;

--
-- Dumping data for table `models_compatibles`
--

LOCK TABLES `models_compatibles` WRITE;
/*!40000 ALTER TABLE `models_compatibles` DISABLE KEYS */;
INSERT INTO `models_compatibles` VALUES (15,14),(16,14),(17,14);
/*!40000 ALTER TABLE `models_compatibles` ENABLE KEYS */;
UNLOCK TABLES;

--
-- Table structure for table `notifications`
--

DROP TABLE IF EXISTS `notifications`;
/*!40101 SET @saved_cs_client     = @@character_set_client */;
/*!40101 SET character_set_client = utf8 */;
CREATE TABLE `notifications` (
  `id` int(11) NOT NULL AUTO_INCREMENT,
  `user_id` int(11) DEFAULT NULL,
  `title` varchar(255) COLLATE utf8_unicode_ci DEFAULT '',
  `created_at` datetime NOT NULL,
  PRIMARY KEY (`id`),
  KEY `index_notifications_on_user_id` (`user_id`),
  CONSTRAINT `notifications_user_id_fk` FOREIGN KEY (`user_id`) REFERENCES `users` (`id`) ON DELETE CASCADE
) ENGINE=InnoDB DEFAULT CHARSET=utf8 COLLATE=utf8_unicode_ci;
/*!40101 SET character_set_client = @saved_cs_client */;

--
-- Dumping data for table `notifications`
--

LOCK TABLES `notifications` WRITE;
/*!40000 ALTER TABLE `notifications` DISABLE KEYS */;
/*!40000 ALTER TABLE `notifications` ENABLE KEYS */;
UNLOCK TABLES;

--
-- Table structure for table `numerators`
--

DROP TABLE IF EXISTS `numerators`;
/*!40101 SET @saved_cs_client     = @@character_set_client */;
/*!40101 SET character_set_client = utf8 */;
CREATE TABLE `numerators` (
  `id` int(11) NOT NULL AUTO_INCREMENT,
  `item` int(11) DEFAULT NULL,
  PRIMARY KEY (`id`)
) ENGINE=InnoDB DEFAULT CHARSET=utf8 COLLATE=utf8_unicode_ci;
/*!40101 SET character_set_client = @saved_cs_client */;

--
-- Dumping data for table `numerators`
--

LOCK TABLES `numerators` WRITE;
/*!40000 ALTER TABLE `numerators` DISABLE KEYS */;
/*!40000 ALTER TABLE `numerators` ENABLE KEYS */;
UNLOCK TABLES;

--
-- Table structure for table `options`
--

DROP TABLE IF EXISTS `options`;
/*!40101 SET @saved_cs_client     = @@character_set_client */;
/*!40101 SET character_set_client = utf8 */;
CREATE TABLE `options` (
  `id` int(11) NOT NULL AUTO_INCREMENT,
  `inventory_pool_id` int(11) DEFAULT NULL,
  `inventory_code` varchar(255) COLLATE utf8_unicode_ci DEFAULT NULL,
  `manufacturer` varchar(255) COLLATE utf8_unicode_ci DEFAULT NULL,
  `product` varchar(255) COLLATE utf8_unicode_ci NOT NULL,
  `version` varchar(255) COLLATE utf8_unicode_ci DEFAULT NULL,
  `price` decimal(8,2) DEFAULT NULL,
  PRIMARY KEY (`id`),
  KEY `index_options_on_inventory_pool_id` (`inventory_pool_id`),
  CONSTRAINT `options_inventory_pool_id_fk` FOREIGN KEY (`inventory_pool_id`) REFERENCES `inventory_pools` (`id`)
) ENGINE=InnoDB AUTO_INCREMENT=8 DEFAULT CHARSET=utf8 COLLATE=utf8_unicode_ci;
/*!40101 SET character_set_client = @saved_cs_client */;

--
-- Dumping data for table `options`
--

LOCK TABLES `options` WRITE;
/*!40000 ALTER TABLE `options` DISABLE KEYS */;
INSERT INTO `options` VALUES (1,1,'akku-aa',NULL,'Akku AA','87','1317.00'),(2,1,'akku-aaa',NULL,'Akku AAA','88','1496.00'),(3,1,'usb',NULL,'USB Kabel','89','350.00'),(4,1,'sandsack123',NULL,'Sandsack','90','1237.00'),(5,1,'dol4815',NULL,'Incredible Plastic Chair','232','214.00'),(6,2,'odi7376',NULL,'Incredible Wooden Table','235','1059.00'),(7,1,'vol5317',NULL,'Practical Plastic Table','239','653.00');
/*!40000 ALTER TABLE `options` ENABLE KEYS */;
UNLOCK TABLES;

--
-- Table structure for table `partitions`
--

DROP TABLE IF EXISTS `partitions`;
/*!40101 SET @saved_cs_client     = @@character_set_client */;
/*!40101 SET character_set_client = utf8 */;
CREATE TABLE `partitions` (
  `id` int(11) NOT NULL AUTO_INCREMENT,
  `model_id` int(11) DEFAULT NULL,
  `inventory_pool_id` int(11) DEFAULT NULL,
  `group_id` int(11) DEFAULT NULL,
  `quantity` int(11) DEFAULT NULL,
  PRIMARY KEY (`id`),
  UNIQUE KEY `index_partitions_on_model_id_and_inventory_pool_id_and_group_id` (`model_id`,`inventory_pool_id`,`group_id`),
  KEY `partitions_group_id_fk` (`group_id`),
  KEY `partitions_inventory_pool_id_fk` (`inventory_pool_id`),
  CONSTRAINT `partitions_model_id_fk` FOREIGN KEY (`model_id`) REFERENCES `models` (`id`) ON DELETE CASCADE,
  CONSTRAINT `partitions_group_id_fk` FOREIGN KEY (`group_id`) REFERENCES `groups` (`id`),
  CONSTRAINT `partitions_inventory_pool_id_fk` FOREIGN KEY (`inventory_pool_id`) REFERENCES `inventory_pools` (`id`)
) ENGINE=InnoDB AUTO_INCREMENT=11 DEFAULT CHARSET=utf8 COLLATE=utf8_unicode_ci;
/*!40101 SET character_set_client = @saved_cs_client */;

--
-- Dumping data for table `partitions`
--

LOCK TABLES `partitions` WRITE;
/*!40000 ALTER TABLE `partitions` DISABLE KEYS */;
INSERT INTO `partitions` VALUES (1,10,1,4,1),(2,8,1,1,1),(3,8,1,2,1),(4,15,1,1,1),(5,16,1,5,1),(6,17,1,6,1),(7,19,1,7,1),(8,21,1,7,1),(9,20,1,8,1),(10,22,1,10,1);
/*!40000 ALTER TABLE `partitions` ENABLE KEYS */;
UNLOCK TABLES;

--
-- Temporary table structure for view `partitions_with_generals`
--

DROP TABLE IF EXISTS `partitions_with_generals`;
/*!50001 DROP VIEW IF EXISTS `partitions_with_generals`*/;
SET @saved_cs_client     = @@character_set_client;
SET character_set_client = utf8;
/*!50001 CREATE TABLE `partitions_with_generals` (
  `model_id` int(11),
  `inventory_pool_id` int(11),
  `group_id` int(11),
  `quantity` decimal(33,0)
) ENGINE=MyISAM */;
SET character_set_client = @saved_cs_client;

--
-- Table structure for table `properties`
--

DROP TABLE IF EXISTS `properties`;
/*!40101 SET @saved_cs_client     = @@character_set_client */;
/*!40101 SET character_set_client = utf8 */;
CREATE TABLE `properties` (
  `id` int(11) NOT NULL AUTO_INCREMENT,
  `model_id` int(11) DEFAULT NULL,
  `key` varchar(255) COLLATE utf8_unicode_ci DEFAULT NULL,
  `value` varchar(255) COLLATE utf8_unicode_ci DEFAULT NULL,
  PRIMARY KEY (`id`),
  KEY `index_properties_on_model_id` (`model_id`),
  CONSTRAINT `properties_model_id_fk` FOREIGN KEY (`model_id`) REFERENCES `models` (`id`) ON DELETE CASCADE
) ENGINE=InnoDB AUTO_INCREMENT=13 DEFAULT CHARSET=utf8 COLLATE=utf8_unicode_ci;
/*!40101 SET character_set_client = @saved_cs_client */;

--
-- Dumping data for table `properties`
--

LOCK TABLES `properties` WRITE;
/*!40000 ALTER TABLE `properties` DISABLE KEYS */;
INSERT INTO `properties` VALUES (1,15,'Rotordurchmesser','120'),(2,15,'Akkus','2'),(3,15,'Farbe','Rot'),(4,16,'Rotordurchmesser','120'),(5,16,'Akkus','2'),(6,16,'Farbe','Rot'),(7,16,'max. Speed','80 kmh'),(8,16,'Gyro','Ja'),(9,16,'Achsen','3-Achsen'),(10,17,'Rotordurchmesser','120'),(11,17,'Akkus','2'),(12,17,'Farbe','Rot');
/*!40000 ALTER TABLE `properties` ENABLE KEYS */;
UNLOCK TABLES;

--
-- Table structure for table `purposes`
--

DROP TABLE IF EXISTS `purposes`;
/*!40101 SET @saved_cs_client     = @@character_set_client */;
/*!40101 SET character_set_client = utf8 */;
CREATE TABLE `purposes` (
  `id` int(11) NOT NULL AUTO_INCREMENT,
  `description` text COLLATE utf8_unicode_ci,
  PRIMARY KEY (`id`)
) ENGINE=InnoDB AUTO_INCREMENT=73 DEFAULT CHARSET=utf8 COLLATE=utf8_unicode_ci;
/*!40101 SET character_set_client = @saved_cs_client */;

--
-- Dumping data for table `purposes`
--

LOCK TABLES `purposes` WRITE;
/*!40000 ALTER TABLE `purposes` DISABLE KEYS */;
INSERT INTO `purposes` VALUES (1,'Bentige ich fr die Aufnahmen meiner Abschlussarbeit.'),(2,'Bentige ich fr die Aufnahmen meiner Abschlussarbeit.'),(3,'Illum sint asperiores eaque qui dolor et quo.'),(4,'Corrupti nisi nihil et.'),(5,'Quisquam quae ex atque.'),(6,'Voluptate rerum sint ratione id.'),(7,'Corporis delectus autem iure rerum exercitationem iusto.'),(8,'Ersatzstativ fr die Ausstellung.'),(9,'Ersatzstativ fr die Ausstellung.'),(10,'Ersatzstativ fr die Ausstellung.'),(11,'Ersatzstativ fr die Ausstellung.'),(12,'Ersatzstativ fr die Ausstellung.'),(13,'Ersatzstativ fr die Ausstellung.'),(14,'Ersatzstativ fr die Ausstellung.'),(15,'Ersatzstativ fr die Ausstellung.'),(16,'Ersatzstativ fr die Ausstellung.'),(17,'Ersatzstativ fr die Ausstellung.'),(18,'Fr meinen aktuellen Kurs.'),(19,'Fr meinen aktuellen Kurs.'),(20,'Fr meinen aktuellen Kurs.'),(21,'Fr meinen aktuellen Kurs.'),(22,'Facere non aliquam aut.'),(23,'Et ullam consectetur eum laboriosam vel nostrum.'),(24,'Molestiae cum quia voluptas.'),(25,'Ersatzstativ fr die Ausstellung.'),(26,'Ersatzstativ fr die Ausstellung.'),(27,'Ersatzstativ fr die Ausstellung.'),(28,'Quasi eos at fuga eaque deserunt dolorem aliquam.'),(29,'Est rem quaerat nam.'),(30,'Asperiores rerum ab sit deleniti ut dolore qui placeat.'),(31,'Qui et cupiditate ratione vel quis voluptas qui.'),(32,'Expedita dicta quia consequatur et.'),(33,'Sed fugiat illum rem totam ea quis non ut.'),(34,'Id et qui qui in ut.'),(35,'Aut amet iste similique autem veniam et dolorem.'),(36,'Voluptas atque sint libero esse dignissimos rem ut.'),(37,'Accusantium iste illum tenetur omnis alias a sunt corrupti.'),(38,'Saepe hic officia vel laboriosam beatae pariatur eum quia.'),(39,'Ersatzstativ fr die Ausstellung.'),(40,'Fr das zweite Austellungswochenende.'),(41,'Fr das zweite Austellungswochenende.'),(42,'Fr das dritte Austellungswochenende.'),(43,'Fr die Abschlussarbeit.'),(44,'Ersatzstativ fr die Ausstellung.'),(45,'Ersatzstativ fr die Ausstellung.'),(46,'Ersatzstativ fr die Ausstellung.'),(47,'Bestellung mit Software'),(48,'Bestellung mit Gegenstand ohne Ort'),(49,'Um meine Abschlussarbeit zu fotografieren.'),(50,'Als Ersatz.'),(51,'Ea ut a fugiat consequatur sed sapiente qui beatae.'),(52,'Perspiciatis ex vitae dolores ut.'),(53,'Um meine Abschlussarbeit zu fotografieren.'),(54,'Um meine Abschlussarbeit zu fotografieren.'),(55,'Um meine Abschlussarbeit zu fotografieren.'),(56,'Voluptatibus voluptate qui ut ut voluptatem asperiores mollitia quasi.'),(57,'Dicta consequatur ab vel praesentium provident.'),(58,'Paketausgabe'),(59,'Ersatzstativ fr die Ausstellung.'),(60,'Ersatzstativ fr die Ausstellung.'),(61,'Ganz dringend bentigt fr meine Abschlussarbeit.'),(62,'Um meine Abschlussarbeit zu fotografieren.'),(63,'Um meine Abschlussarbeit zu fotografieren.'),(64,'Fotoshooting (Kurs Fotografie).'),(65,'Brauche ich zwingend fr meinen Kurs.'),(66,'Numquam tempora a omnis magni quis quidem libero amet.'),(67,'Modi qui error reprehenderit voluptas dignissimos non.'),(68,'Tenetur assumenda molestias ut expedita rerum et aut qui.'),(69,'Natus similique ab et.'),(70,'Dolores quidem explicabo sint voluptates corrupti quod est soluta.'),(71,'Ersatzstativ fr die Ausstellung.'),(72,'Ersatzstativ fr die Ausstellung.');
/*!40000 ALTER TABLE `purposes` ENABLE KEYS */;
UNLOCK TABLES;

--
-- Table structure for table `schema_migrations`
--

DROP TABLE IF EXISTS `schema_migrations`;
/*!40101 SET @saved_cs_client     = @@character_set_client */;
/*!40101 SET character_set_client = utf8 */;
CREATE TABLE `schema_migrations` (
  `version` varchar(255) COLLATE utf8_unicode_ci NOT NULL,
  UNIQUE KEY `unique_schema_migrations` (`version`)
) ENGINE=InnoDB DEFAULT CHARSET=utf8 COLLATE=utf8_unicode_ci;
/*!40101 SET character_set_client = @saved_cs_client */;

--
-- Dumping data for table `schema_migrations`
--

LOCK TABLES `schema_migrations` WRITE;
/*!40000 ALTER TABLE `schema_migrations` DISABLE KEYS */;
INSERT INTO `schema_migrations` VALUES ('20140410180000'),('20140414100000'),('20140415083535'),('20140417113831'),('20140428092844'),('20140515131025'),('20140812132326'),('20140820100242'),('20140828082448'),('20140901141016'),('20140903105715'),('20140905091014'),('20141110113231'),('20141212132127'),('20150113215946'),('20150127203913');
/*!40000 ALTER TABLE `schema_migrations` ENABLE KEYS */;
UNLOCK TABLES;

--
-- Table structure for table `settings`
--

DROP TABLE IF EXISTS `settings`;
/*!40101 SET @saved_cs_client     = @@character_set_client */;
/*!40101 SET character_set_client = utf8 */;
CREATE TABLE `settings` (
  `id` int(11) NOT NULL AUTO_INCREMENT,
  `smtp_address` varchar(255) COLLATE utf8_unicode_ci DEFAULT NULL,
  `smtp_port` int(11) DEFAULT NULL,
  `smtp_domain` varchar(255) COLLATE utf8_unicode_ci DEFAULT NULL,
  `local_currency_string` varchar(255) COLLATE utf8_unicode_ci DEFAULT NULL,
  `contract_terms` text COLLATE utf8_unicode_ci,
  `contract_lending_party_string` text COLLATE utf8_unicode_ci,
  `email_signature` varchar(255) COLLATE utf8_unicode_ci DEFAULT NULL,
  `default_email` varchar(255) COLLATE utf8_unicode_ci DEFAULT NULL,
  `deliver_order_notifications` tinyint(1) DEFAULT NULL,
  `user_image_url` varchar(255) COLLATE utf8_unicode_ci DEFAULT NULL,
  `ldap_config` varchar(255) COLLATE utf8_unicode_ci DEFAULT NULL,
  `logo_url` varchar(255) COLLATE utf8_unicode_ci DEFAULT NULL,
  `mail_delivery_method` varchar(255) COLLATE utf8_unicode_ci DEFAULT NULL,
  `smtp_username` varchar(255) COLLATE utf8_unicode_ci DEFAULT NULL,
  `smtp_password` varchar(255) COLLATE utf8_unicode_ci DEFAULT NULL,
  `smtp_enable_starttls_auto` tinyint(1) NOT NULL DEFAULT '0',
  `smtp_openssl_verify_mode` varchar(255) COLLATE utf8_unicode_ci NOT NULL DEFAULT 'none',
  `time_zone` varchar(255) COLLATE utf8_unicode_ci NOT NULL DEFAULT 'Bern',
  `disable_manage_section` tinyint(1) NOT NULL DEFAULT '0',
  `disable_manage_section_message` text COLLATE utf8_unicode_ci,
  `disable_borrow_section` tinyint(1) NOT NULL DEFAULT '0',
  `disable_borrow_section_message` text COLLATE utf8_unicode_ci,
  `text` text COLLATE utf8_unicode_ci,
  PRIMARY KEY (`id`)
) ENGINE=InnoDB AUTO_INCREMENT=2 DEFAULT CHARSET=utf8 COLLATE=utf8_unicode_ci;
/*!40101 SET character_set_client = @saved_cs_client */;

--
-- Dumping data for table `settings`
--

LOCK TABLES `settings` WRITE;
/*!40000 ALTER TABLE `settings` DISABLE KEYS */;
INSERT INTO `settings` VALUES (1,'smtp.zhdk.ch',25,'beta.ausleihe.zhdk.ch','CHF','Die Benutzerin/der Benutzer ist bei unsachgemsser Handhabung oder Verlust schadenersatzpflichtig. Sie/Er verpflichtet sich, das Material sorgfltig zu behandeln und gereinigt zu retournieren. Bei mangelbehafteter oder verspteter Rckgabe kann eine Ausleihsperre (bis zu 6 Monaten) verhngt werden. Das geliehene Material bleibt jederzeit uneingeschrnktes Eigentum der Zrcher Hochschule der Knste und darf ausschliesslich fr schulische Zwecke eingesetzt werden. Mit ihrer/seiner Unterschrift akzeptiert die Benutzerin/der Benutzer diese Bedingungen sowie die \'Richtlinie zur Ausleihe von Sachen\' der ZHdK und etwaige abteilungsspezifische Ausleih-Richtlinien.','Your\nAddress\nHere','Das PZ-leihs Team','sender@example.com',0,'http://www.zhdk.ch/?person/foto&width=100&compressionlevel=0&id={:id}',NULL,'/assets/image-logo-zhdk.png','test',NULL,NULL,0,'none','Bern',0,NULL,0,NULL,NULL);
/*!40000 ALTER TABLE `settings` ENABLE KEYS */;
UNLOCK TABLES;

--
-- Table structure for table `suppliers`
--

DROP TABLE IF EXISTS `suppliers`;
/*!40101 SET @saved_cs_client     = @@character_set_client */;
/*!40101 SET character_set_client = utf8 */;
CREATE TABLE `suppliers` (
  `id` int(11) NOT NULL AUTO_INCREMENT,
  `name` varchar(255) COLLATE utf8_unicode_ci NOT NULL,
  `created_at` datetime DEFAULT NULL,
  `updated_at` datetime DEFAULT NULL,
  PRIMARY KEY (`id`),
  UNIQUE KEY `index_suppliers_on_name` (`name`)
) ENGINE=InnoDB AUTO_INCREMENT=276 DEFAULT CHARSET=utf8 COLLATE=utf8_unicode_ci;
/*!40101 SET character_set_client = @saved_cs_client */;

--
-- Dumping data for table `suppliers`
--

LOCK TABLES `suppliers` WRITE;
/*!40000 ALTER TABLE `suppliers` DISABLE KEYS */;
INSERT INTO `suppliers` VALUES (1,'etnonaccusantiumquam','2015-06-15 21:24:29','2015-06-15 21:24:29'),(2,'doloresetsimilique','2015-06-15 21:24:29','2015-06-15 21:24:29'),(3,'nisinamodio','2015-06-15 21:24:29','2015-06-15 21:24:29'),(4,'harumvelitveroaccusamusipsa','2015-06-15 21:24:29','2015-06-15 21:24:29'),(5,'minimaab','2015-06-15 21:24:29','2015-06-15 21:24:29'),(6,'saepeautemest','2015-06-15 21:24:29','2015-06-15 21:24:29'),(7,'veritatissuscipitaliasautemea','2015-06-15 21:24:29','2015-06-15 21:24:29'),(8,'sitnesciuntmolestiaeat','2015-06-15 21:24:29','2015-06-15 21:24:29'),(9,'facilisvitaeconsequatur','2015-06-15 21:24:29','2015-06-15 21:24:29'),(10,'eacumquearchitectoaccusantium','2015-06-15 21:24:29','2015-06-15 21:24:29'),(11,'estprovident','2015-06-15 21:24:29','2015-06-15 21:24:29'),(12,'etetatdebitis','2015-06-15 21:24:29','2015-06-15 21:24:29'),(13,'inutetquidemaut','2015-06-15 21:24:29','2015-06-15 21:24:29'),(14,'anamprovidentexculpa','2015-06-15 21:24:29','2015-06-15 21:24:29'),(15,'nesciuntmolestias','2015-06-15 21:24:29','2015-06-15 21:24:29'),(16,'etdoloresipsa','2015-06-15 21:24:29','2015-06-15 21:24:29'),(17,'nesciuntquiquo','2015-06-15 21:24:29','2015-06-15 21:24:29'),(18,'officiisdolorefugitaccusantium','2015-06-15 21:24:29','2015-06-15 21:24:29'),(19,'suntodioid','2015-06-15 21:24:29','2015-06-15 21:24:29'),(20,'quaeratutdolore','2015-06-15 21:24:29','2015-06-15 21:24:29'),(21,'evenietquisuttemporavoluptatem','2015-06-15 21:24:29','2015-06-15 21:24:29'),(22,'quidemnonestrecusandaeut','2015-06-15 21:24:29','2015-06-15 21:24:29'),(23,'hicnobisnecessitatibusaut','2015-06-15 21:24:29','2015-06-15 21:24:29'),(24,'expeditaimpeditipsumet','2015-06-15 21:24:29','2015-06-15 21:24:29'),(25,'illumquidemarchitectoaut','2015-06-15 21:24:29','2015-06-15 21:24:29'),(26,'estsolutamaioresfacereest','2015-06-15 21:24:29','2015-06-15 21:24:29'),(27,'fugiatlaudantiumquasquidemquo','2015-06-15 21:24:29','2015-06-15 21:24:29'),(28,'molestiaeab','2015-06-15 21:24:29','2015-06-15 21:24:29'),(29,'praesentiumfacilisquonobisdolores','2015-06-15 21:24:29','2015-06-15 21:24:29'),(30,'quisquamquianobis','2015-06-15 21:24:29','2015-06-15 21:24:29'),(31,'quiaodio','2015-06-15 21:24:29','2015-06-15 21:24:29'),(32,'nonassumendavel','2015-06-15 21:24:29','2015-06-15 21:24:29'),(33,'molestiaeetrerumnihil','2015-06-15 21:24:29','2015-06-15 21:24:29'),(34,'sedamet','2015-06-15 21:24:29','2015-06-15 21:24:29'),(35,'autdolores','2015-06-15 21:24:29','2015-06-15 21:24:29'),(36,'accusamusquasi','2015-06-15 21:24:29','2015-06-15 21:24:29'),(37,'doloremquerecusandaeipsa','2015-06-15 21:24:29','2015-06-15 21:24:29'),(38,'sinttemporaminuseligendiquia','2015-06-15 21:24:29','2015-06-15 21:24:29'),(39,'suscipitassumendatemporibusquae','2015-06-15 21:24:29','2015-06-15 21:24:29'),(40,'etquasveniametiusto','2015-06-15 21:24:29','2015-06-15 21:24:29'),(41,'etplaceatatquequidemquam','2015-06-15 21:24:29','2015-06-15 21:24:29'),(42,'impeditplaceatassumendaquaerat','2015-06-15 21:24:29','2015-06-15 21:24:29'),(43,'quosquiautdolorem','2015-06-15 21:24:29','2015-06-15 21:24:29'),(44,'velbeataeaut','2015-06-15 21:24:29','2015-06-15 21:24:29'),(45,'officiaut','2015-06-15 21:24:29','2015-06-15 21:24:29'),(46,'utharumblanditiis','2015-06-15 21:24:29','2015-06-15 21:24:29'),(47,'quitenetur','2015-06-15 21:24:29','2015-06-15 21:24:29'),(48,'sitlaborum','2015-06-15 21:24:29','2015-06-15 21:24:29'),(49,'delectusutnesciuntest','2015-06-15 21:24:29','2015-06-15 21:24:29'),(50,'quieatemporavoluptatemquis','2015-06-15 21:24:29','2015-06-15 21:24:29'),(51,'reprehenderitporrovoluptate','2015-06-15 21:24:29','2015-06-15 21:24:29'),(52,'perferendisconsequunturanimi','2015-06-15 21:24:29','2015-06-15 21:24:29'),(53,'animiconsequaturaut','2015-06-15 21:24:29','2015-06-15 21:24:29'),(54,'rerumnihilofficiis','2015-06-15 21:24:29','2015-06-15 21:24:29'),(55,'sedomnis','2015-06-15 21:24:29','2015-06-15 21:24:29'),(56,'sitautrecusandaenonexplicabo','2015-06-15 21:24:29','2015-06-15 21:24:29'),(57,'utsuntqui','2015-06-15 21:24:29','2015-06-15 21:24:29'),(58,'velitnatusnobisoptio','2015-06-15 21:24:29','2015-06-15 21:24:29'),(59,'molestiaesed','2015-06-15 21:24:29','2015-06-15 21:24:29'),(60,'voluptatibusporroconsequaturdolorem','2015-06-15 21:24:29','2015-06-15 21:24:29'),(61,'inconsequaturnecessitatibusmagnicumque','2015-06-15 21:24:29','2015-06-15 21:24:29'),(62,'commodirepudiandae','2015-06-15 21:24:29','2015-06-15 21:24:29'),(63,'sedmollitiaet','2015-06-15 21:24:29','2015-06-15 21:24:29'),(64,'etliberocorporisexpeditaunde','2015-06-15 21:24:29','2015-06-15 21:24:29'),(65,'inciduntillumvelit','2015-06-15 21:24:29','2015-06-15 21:24:29'),(66,'quaeratexcepturised','2015-06-15 21:24:29','2015-06-15 21:24:29'),(67,'abautaspernaturnesciunt','2015-06-15 21:24:29','2015-06-15 21:24:29'),(68,'voluptatemmagniminima','2015-06-15 21:24:29','2015-06-15 21:24:29'),(69,'nostrumdoloridperspiciatiset','2015-06-15 21:24:29','2015-06-15 21:24:29'),(70,'autadipiscinisiconsequuntur','2015-06-15 21:24:29','2015-06-15 21:24:29'),(71,'veronamaperiam','2015-06-15 21:24:29','2015-06-15 21:24:29'),(72,'quismaioreslaboriosamdolorem','2015-06-15 21:24:29','2015-06-15 21:24:29'),(73,'quiquamquas','2015-06-15 21:24:29','2015-06-15 21:24:29'),(74,'iddebitis','2015-06-15 21:24:29','2015-06-15 21:24:29'),(75,'modiautsequi','2015-06-15 21:24:29','2015-06-15 21:24:29'),(76,'quianesciuntsuntdoloresit','2015-06-15 21:24:29','2015-06-15 21:24:29'),(77,'auteiusnonitaque','2015-06-15 21:24:29','2015-06-15 21:24:29'),(78,'similiqueminusex','2015-06-15 21:24:29','2015-06-15 21:24:29'),(79,'quiautquasiveritatisut','2015-06-15 21:24:29','2015-06-15 21:24:29'),(80,'fugiatvelitnecessitatibusesselibero','2015-06-15 21:24:29','2015-06-15 21:24:29'),(81,'facereetmolestiae','2015-06-15 21:24:29','2015-06-15 21:24:29'),(82,'undequosetliberotenetur','2015-06-15 21:24:29','2015-06-15 21:24:29'),(83,'reiciendisqui','2015-06-15 21:24:29','2015-06-15 21:24:29'),(84,'necessitatibusquaeratnihilutet','2015-06-15 21:24:29','2015-06-15 21:24:29'),(85,'quoquia','2015-06-15 21:24:29','2015-06-15 21:24:29'),(86,'rerumaperiamasperioresdolore','2015-06-15 21:24:29','2015-06-15 21:24:29'),(87,'deseruntpariatur','2015-06-15 21:24:29','2015-06-15 21:24:29'),(88,'rationerem','2015-06-15 21:24:29','2015-06-15 21:24:29'),(89,'voluptassapientequaerat','2015-06-15 21:24:29','2015-06-15 21:24:29'),(90,'voluptatemdebitisetdelectus','2015-06-15 21:24:29','2015-06-15 21:24:29'),(91,'eaaliasautdolor','2015-06-15 21:24:29','2015-06-15 21:24:29'),(92,'autemquae','2015-06-15 21:24:29','2015-06-15 21:24:29'),(93,'natusexest','2015-06-15 21:24:29','2015-06-15 21:24:29'),(94,'accusantiumveritatisdignissimosoditperspiciatis','2015-06-15 21:24:29','2015-06-15 21:24:29'),(95,'necessitatibusexcepturi','2015-06-15 21:24:29','2015-06-15 21:24:29'),(96,'consequaturexercitationemmaxime','2015-06-15 21:24:29','2015-06-15 21:24:29'),(97,'expeditased','2015-06-15 21:24:29','2015-06-15 21:24:29'),(98,'numquameosvelit','2015-06-15 21:24:29','2015-06-15 21:24:29'),(99,'temporavelit','2015-06-15 21:24:29','2015-06-15 21:24:29'),(100,'doloremquenesciuntfacereexercitationembeatae','2015-06-15 21:24:29','2015-06-15 21:24:29'),(101,'voluptatumpariatursit','2015-06-15 21:24:29','2015-06-15 21:24:29'),(102,'solutacupiditate','2015-06-15 21:24:29','2015-06-15 21:24:29'),(103,'saepeaspernaturbeatae','2015-06-15 21:24:29','2015-06-15 21:24:29'),(104,'molestiasculpa','2015-06-15 21:24:29','2015-06-15 21:24:29'),(105,'distinctioplaceatomnisdolorrepellat','2015-06-15 21:24:29','2015-06-15 21:24:29'),(106,'fugiatsednecessitatibusdolor','2015-06-15 21:24:29','2015-06-15 21:24:29'),(107,'inciduntet','2015-06-15 21:24:29','2015-06-15 21:24:29'),(108,'distinctiopossimusvoluptatemconsequuntur','2015-06-15 21:24:29','2015-06-15 21:24:29'),(109,'porroessequia','2015-06-15 21:24:29','2015-06-15 21:24:29'),(110,'illooccaecatinonquovoluptatibus','2015-06-15 21:24:29','2015-06-15 21:24:29'),(111,'quiaqui','2015-06-15 21:24:29','2015-06-15 21:24:29'),(112,'rationequibusdamoccaecatiexplicabonatus','2015-06-15 21:24:29','2015-06-15 21:24:29'),(113,'totamunde','2015-06-15 21:24:29','2015-06-15 21:24:29'),(114,'maximeasperiores','2015-06-15 21:24:29','2015-06-15 21:24:29'),(115,'ipsamvoluptatibusmollitiatemporibusest','2015-06-15 21:24:29','2015-06-15 21:24:29'),(116,'nonqui','2015-06-15 21:24:29','2015-06-15 21:24:29'),(117,'occaecatipraesentium','2015-06-15 21:24:29','2015-06-15 21:24:29'),(118,'nonquinam','2015-06-15 21:24:29','2015-06-15 21:24:29'),(119,'undeaccusamusautquihic','2015-06-15 21:24:29','2015-06-15 21:24:29'),(120,'magnamvoluptatibussequiearum','2015-06-15 21:24:29','2015-06-15 21:24:29'),(121,'sitquo','2015-06-15 21:24:29','2015-06-15 21:24:29'),(122,'temporeveritatisquosfugadolorem','2015-06-15 21:24:29','2015-06-15 21:24:29'),(123,'dignissimosrepellatqui','2015-06-15 21:24:29','2015-06-15 21:24:29'),(124,'atqueenimsint','2015-06-15 21:24:29','2015-06-15 21:24:29'),(125,'maximerem','2015-06-15 21:24:29','2015-06-15 21:24:29'),(126,'blanditiisoditexpedita','2015-06-15 21:24:29','2015-06-15 21:24:29'),(127,'perferendisvoluptatibuseos','2015-06-15 21:24:29','2015-06-15 21:24:29'),(128,'voluptatemvoluptatemeaqueomnis','2015-06-15 21:24:29','2015-06-15 21:24:29'),(129,'quaeratomnisvoluptas','2015-06-15 21:24:29','2015-06-15 21:24:29'),(130,'repudiandaeexplicaboad','2015-06-15 21:24:29','2015-06-15 21:24:29'),(131,'cupiditateeligendiistevoluptate','2015-06-15 21:24:29','2015-06-15 21:24:29'),(132,'inventoreoptioenim','2015-06-15 21:24:29','2015-06-15 21:24:29'),(133,'ametabenimeum','2015-06-15 21:24:29','2015-06-15 21:24:29'),(134,'quiadoloremquemollitiareprehenderit','2015-06-15 21:24:29','2015-06-15 21:24:29'),(135,'nesciuntharum','2015-06-15 21:24:29','2015-06-15 21:24:29'),(136,'debitiscumquealiasaccusantiumomnis','2015-06-15 21:24:29','2015-06-15 21:24:29'),(137,'molestiasvelit','2015-06-15 21:24:29','2015-06-15 21:24:29'),(138,'magnamabconsequatur','2015-06-15 21:24:29','2015-06-15 21:24:29'),(139,'etrecusandaeminimaundeenim','2015-06-15 21:24:29','2015-06-15 21:24:29'),(140,'quiimpeditdoloresitaque','2015-06-15 21:24:29','2015-06-15 21:24:29'),(141,'excepturibeataequi','2015-06-15 21:24:29','2015-06-15 21:24:29'),(142,'quisquaerat','2015-06-15 21:24:29','2015-06-15 21:24:29'),(143,'omnisvoluptatesveritatis','2015-06-15 21:24:29','2015-06-15 21:24:29'),(144,'providenteaqueipsumrerumnatus','2015-06-15 21:24:29','2015-06-15 21:24:29'),(145,'consequaturodioetquiaet','2015-06-15 21:24:29','2015-06-15 21:24:29'),(146,'nisidolorumquis','2015-06-15 21:24:29','2015-06-15 21:24:29'),(147,'velitet','2015-06-15 21:24:29','2015-06-15 21:24:29'),(148,'vitaearchitectosuntenimad','2015-06-15 21:24:29','2015-06-15 21:24:29'),(149,'estquasi','2015-06-15 21:24:29','2015-06-15 21:24:29'),(150,'idestearum','2015-06-15 21:24:29','2015-06-15 21:24:29'),(151,'beataeperspiciatisquidebitis','2015-06-15 21:24:29','2015-06-15 21:24:29'),(152,'laboreiureeius','2015-06-15 21:24:29','2015-06-15 21:24:29'),(153,'quibusdamquis','2015-06-15 21:24:29','2015-06-15 21:24:29'),(154,'sitlaborumet','2015-06-15 21:24:29','2015-06-15 21:24:29'),(155,'solutanihilvoluptasrerummaxime','2015-06-15 21:24:29','2015-06-15 21:24:29'),(156,'iustoab','2015-06-15 21:24:29','2015-06-15 21:24:29'),(157,'placeatquoquaeratofficiis','2015-06-15 21:24:29','2015-06-15 21:24:29'),(158,'voluptatesestducimusipsa','2015-06-15 21:24:29','2015-06-15 21:24:29'),(159,'voluptatumquibusdammaximeveniam','2015-06-15 21:24:29','2015-06-15 21:24:29'),(160,'praesentiumasperiores','2015-06-15 21:24:29','2015-06-15 21:24:29'),(161,'rerumeos','2015-06-15 21:24:29','2015-06-15 21:24:29'),(162,'estquidemvoluptatemfacilis','2015-06-15 21:24:29','2015-06-15 21:24:29'),(163,'voluptatemnonporro','2015-06-15 21:24:29','2015-06-15 21:24:29'),(164,'errorconsecteturiustoconsequatur','2015-06-15 21:24:29','2015-06-15 21:24:29'),(165,'natusvoluptatemetcumquenihil','2015-06-15 21:24:29','2015-06-15 21:24:29'),(166,'assumendamaioresaut','2015-06-15 21:24:29','2015-06-15 21:24:29'),(167,'laudantiumquiasolutamolestiae','2015-06-15 21:24:29','2015-06-15 21:24:29'),(168,'doloresrerum','2015-06-15 21:24:29','2015-06-15 21:24:29'),(169,'pariaturtemporibus','2015-06-15 21:24:29','2015-06-15 21:24:29'),(170,'voluptatemreiciendisautaut','2015-06-15 21:24:29','2015-06-15 21:24:29'),(171,'saepeminusetquae','2015-06-13 21:24:29','2015-06-13 21:24:29'),(172,'debitisveniam','2015-06-13 21:24:29','2015-06-13 21:24:29'),(173,'etab','2015-06-13 21:24:29','2015-06-13 21:24:29'),(174,'necessitatibusnobis','2015-06-15 21:24:29','2015-06-15 21:24:29'),(175,'fugaeosminimadoloremquearchitecto','2015-06-15 21:24:29','2015-06-15 21:24:29'),(176,'voluptatein','2015-06-15 21:24:29','2015-06-15 21:24:29'),(177,'utaperiamutvelrepellendus','2015-06-15 21:24:29','2015-06-15 21:24:29'),(178,'sitdeleniti','2015-06-15 21:24:29','2015-06-15 21:24:29'),(179,'perferendislaudantiumtemporerem','2015-06-15 21:24:29','2015-06-15 21:24:29'),(180,'verodoloresodiooccaecati','2015-06-15 21:24:29','2015-06-15 21:24:29'),(181,'sedmolestiaetemporesoluta','2015-06-15 21:24:29','2015-06-15 21:24:29'),(182,'suscipitest','2015-06-15 21:24:29','2015-06-15 21:24:29'),(183,'doloremeligendi','2015-06-15 21:24:29','2015-06-15 21:24:29'),(184,'earumlaborumdictavelitat','2015-06-15 21:24:29','2015-06-15 21:24:29'),(185,'temporibusvoluptas','2015-06-15 21:24:29','2015-06-15 21:24:29'),(186,'animisit','2015-06-15 21:24:29','2015-06-15 21:24:29'),(187,'quaeratrepudiandaeipsa','2015-06-15 21:24:29','2015-06-15 21:24:29'),(188,'eosabblanditiisdolorem','2015-06-15 21:24:29','2015-06-15 21:24:29'),(189,'nesciuntnihil','2015-06-10 21:24:29','2015-06-10 21:24:29'),(190,'accusamusfacilissedtemporarepellendus','2015-06-10 21:24:29','2015-06-10 21:24:29'),(191,'doloremsit','2015-06-10 21:24:29','2015-06-10 21:24:29'),(192,'quiaut','2015-06-10 21:24:29','2015-06-10 21:24:29'),(193,'mollitiaautem','2015-06-10 21:24:29','2015-06-10 21:24:29'),(194,'etsuntnostrum','2015-06-10 21:24:29','2015-06-10 21:24:29'),(195,'aperiamealaborumeum','2015-06-10 21:24:29','2015-06-10 21:24:29'),(196,'nemofugiat','2015-06-10 21:24:29','2015-06-10 21:24:29'),(197,'autfacilisetveritatisoptio','2015-06-10 21:24:29','2015-06-10 21:24:29'),(198,'etdoloresaliquiddignissimossit','2015-06-10 21:24:29','2015-06-10 21:24:29'),(199,'autilloexcepturivoluptatemcumque','2015-06-15 21:24:29','2015-06-15 21:24:29'),(200,'pariaturreprehenderit','2015-06-15 21:24:29','2015-06-15 21:24:29'),(201,'veloditfaceresint','2015-06-15 21:24:29','2015-06-15 21:24:29'),(202,'voluptateeummaioresdolores','2015-06-15 21:24:29','2015-06-15 21:24:29'),(203,'molestiaenostrumquosequitemporibus','2015-06-15 21:24:29','2015-06-15 21:24:29'),(204,'numquamofficiiseosexcepturi','2015-06-15 21:24:29','2015-06-15 21:24:29'),(205,'doloremqueeumimpeditsitsoluta','2015-06-15 21:24:29','2015-06-15 21:24:29'),(206,'laboriosamaqui','2015-06-15 21:24:29','2015-06-15 21:24:29'),(207,'deseruntminimaveritatisvoluptatibus','2015-06-15 21:24:29','2015-06-15 21:24:29'),(208,'commodidolores','2015-06-15 21:24:29','2015-06-15 21:24:29'),(209,'quassit','2015-06-15 21:24:29','2015-06-15 21:24:29'),(210,'estfugaidminimavoluptates','2015-06-15 21:24:29','2015-06-15 21:24:29'),(211,'veritatisblanditiisfugiat','2015-06-15 21:24:29','2015-06-15 21:24:29'),(212,'cupiditatecumsinteanam','2015-06-15 21:24:29','2015-06-15 21:24:29'),(213,'estautasperiorestotam','2015-06-15 21:24:29','2015-06-15 21:24:29'),(214,'saepeconsequunturet','2015-06-15 21:24:29','2015-06-15 21:24:29'),(215,'accusamusofficiareprehenderitmaiores','2015-06-15 21:24:29','2015-06-15 21:24:29'),(216,'ameteius','2015-06-15 21:24:29','2015-06-15 21:24:29'),(217,'omnistemporenatustempora','2015-06-15 21:24:29','2015-06-15 21:24:29'),(218,'velprovidentquibusdam','2015-06-15 21:24:29','2015-06-15 21:24:29'),(219,'eosconsequaturqui','2015-06-15 21:24:29','2015-06-15 21:24:29'),(220,'laudantiumcupiditate','2015-06-15 21:24:29','2015-06-15 21:24:29'),(221,'delectusvoluptasremeum','2015-06-15 21:24:29','2015-06-15 21:24:29'),(222,'etetveritatisratione','2015-06-15 21:24:29','2015-06-15 21:24:29'),(223,'voluptatequospariatureumcommodi','2015-06-15 21:24:29','2015-06-15 21:24:29'),(224,'fugitnobisaut','2015-06-15 21:24:29','2015-06-15 21:24:29'),(225,'repudiandaeculpaaperiamisteeos','2015-06-15 21:24:29','2015-06-15 21:24:29'),(226,'nonaut','2015-06-15 21:24:29','2015-06-15 21:24:29'),(227,'quasdolores','2015-06-15 21:24:29','2015-06-15 21:24:29'),(228,'eamaioresautsint','2015-06-15 21:24:29','2015-06-15 21:24:29'),(229,'officiaodioestvoluptatesmolestias','2015-06-15 21:24:29','2015-06-15 21:24:29'),(230,'aperiamenim','2015-06-15 21:24:29','2015-06-15 21:24:29'),(231,'reprehenderitnihilmodi','2015-06-15 21:24:29','2015-06-15 21:24:29'),(232,'dolorumautetomnisrepellendus','2015-06-15 21:24:29','2015-06-15 21:24:29'),(233,'etsintet','2015-06-15 21:24:29','2015-06-15 21:24:29'),(234,'deseruntsuscipit','2015-06-15 21:24:29','2015-06-15 21:24:29'),(235,'aliasettenetureosquos','2015-06-15 21:24:29','2015-06-15 21:24:29'),(236,'nemoprovidentrepellendusdoloresodio','2015-06-15 21:24:29','2015-06-15 21:24:29'),(237,'hicofficia','2015-06-15 21:24:29','2015-06-15 21:24:29'),(238,'asperioresrepellatnamteneturut','2015-06-15 21:24:29','2015-06-15 21:24:29'),(239,'ipsamquia','2015-06-15 21:24:29','2015-06-15 21:24:29'),(240,'enimsit','2015-06-12 21:24:29','2015-06-12 21:24:29'),(241,'molestiaeratione','2015-06-12 21:24:29','2015-06-12 21:24:29'),(242,'nihilutetnatuscommodi','2015-06-12 21:24:29','2015-06-12 21:24:29'),(243,'adipiscirecusandaeidquia','2015-06-12 21:24:29','2015-06-12 21:24:29'),(244,'velitaliquid','2015-06-15 21:24:29','2015-06-15 21:24:29'),(245,'molestiaequasimollitia','2015-06-10 21:24:29','2015-06-10 21:24:29'),(246,'atquesolutacupiditatesequipraesentium','2015-06-15 21:24:29','2015-06-15 21:24:29'),(247,'reiciendisid','2015-06-15 21:24:29','2015-06-15 21:24:29'),(248,'deleniticum','2015-06-15 21:24:29','2015-06-15 21:24:29'),(249,'quiquasi','2015-06-15 21:24:29','2015-06-15 21:24:29'),(250,'namtemporedelectuscum','2015-06-15 21:24:29','2015-06-15 21:24:29'),(251,'quisquamcorruptiteneturomnis','2015-06-15 21:24:29','2015-06-15 21:24:29'),(252,'molestiassuscipitmodi','2015-06-15 21:24:29','2015-06-15 21:24:29'),(253,'veroaliasquibusdamquasiquis','2015-06-15 21:24:29','2015-06-15 21:24:29'),(254,'estnemoullam','2015-06-15 21:24:29','2015-06-15 21:24:29'),(255,'eaqueveritatismollitia','2015-06-15 21:24:29','2015-06-15 21:24:29'),(256,'recusandaeeveniet','2015-06-15 21:24:29','2015-06-15 21:24:29'),(257,'rerumaut','2015-06-15 21:24:29','2015-06-15 21:24:29'),(258,'ametquosaut','2015-06-15 21:24:29','2015-06-15 21:24:29'),(259,'voluptatumaliassequiquodrerum','2015-06-15 21:24:29','2015-06-15 21:24:29'),(260,'molestiaslaboriosamhiciusto','2015-06-15 21:24:29','2015-06-15 21:24:29'),(261,'quisnobis','2015-06-15 21:24:29','2015-06-15 21:24:29'),(262,'reiciendisdoloremabexpeditareprehenderit','2015-06-15 21:24:29','2015-06-15 21:24:29'),(263,'assumendadistinctioutid','2015-06-15 21:24:29','2015-06-15 21:24:29'),(264,'aspernaturdolorveldeseruntet','2015-06-15 21:24:29','2015-06-15 21:24:29'),(265,'nonminusvelitvoluptasdebitis','2015-06-15 21:24:29','2015-06-15 21:24:29'),(266,'etvoluptatibus','2015-06-15 21:24:29','2015-06-15 21:24:29'),(267,'rationevoluptassunt','2015-06-15 21:24:29','2015-06-15 21:24:29'),(268,'voluptatemsuntquasivitae','2015-06-10 21:24:29','2015-06-10 21:24:29'),(269,'exercitationemrepellatconsequatur','2015-06-10 21:24:29','2015-06-10 21:24:29'),(270,'temporaconsecteturinciduntdelectusinventore','2015-06-10 21:24:29','2015-06-10 21:24:29'),(271,'quiarationeenimeveniet','2015-06-13 21:24:29','2015-06-13 21:24:29'),(272,'molestiasfaceredeseruntmolestiae','2015-06-13 21:24:29','2015-06-13 21:24:29'),(273,'saepeomnisrerumvitae','2015-06-13 21:24:29','2015-06-13 21:24:29'),(274,'commodinecessitatibussed','2015-06-13 21:24:29','2015-06-13 21:24:29'),(275,'quasvoluptaspariaturnatus','2015-06-13 21:24:29','2015-06-13 21:24:29');
/*!40000 ALTER TABLE `suppliers` ENABLE KEYS */;
UNLOCK TABLES;

--
-- Table structure for table `users`
--

DROP TABLE IF EXISTS `users`;
/*!40101 SET @saved_cs_client     = @@character_set_client */;
/*!40101 SET character_set_client = utf8 */;
CREATE TABLE `users` (
  `id` int(11) NOT NULL AUTO_INCREMENT,
  `login` varchar(255) COLLATE utf8_unicode_ci DEFAULT NULL,
  `firstname` varchar(255) COLLATE utf8_unicode_ci DEFAULT NULL,
  `lastname` varchar(255) COLLATE utf8_unicode_ci DEFAULT NULL,
  `phone` varchar(255) COLLATE utf8_unicode_ci DEFAULT NULL,
  `authentication_system_id` int(11) DEFAULT '1',
  `unique_id` varchar(255) COLLATE utf8_unicode_ci DEFAULT NULL,
  `email` varchar(255) COLLATE utf8_unicode_ci DEFAULT NULL,
  `badge_id` varchar(255) COLLATE utf8_unicode_ci DEFAULT NULL,
  `address` varchar(255) COLLATE utf8_unicode_ci DEFAULT NULL,
  `city` varchar(255) COLLATE utf8_unicode_ci DEFAULT NULL,
  `zip` varchar(255) COLLATE utf8_unicode_ci DEFAULT NULL,
  `country` varchar(255) COLLATE utf8_unicode_ci DEFAULT NULL,
  `language_id` int(11) DEFAULT NULL,
  `extended_info` text COLLATE utf8_unicode_ci,
  `settings` varchar(1024) COLLATE utf8_unicode_ci DEFAULT NULL,
  `created_at` datetime DEFAULT NULL,
  `updated_at` datetime DEFAULT NULL,
  `delegator_user_id` int(11) DEFAULT NULL,
  PRIMARY KEY (`id`),
  KEY `index_users_on_authentication_system_id` (`authentication_system_id`),
  KEY `users_language_id_fk` (`language_id`),
  KEY `users_delegator_user_id_fk` (`delegator_user_id`),
  CONSTRAINT `users_delegator_user_id_fk` FOREIGN KEY (`delegator_user_id`) REFERENCES `users` (`id`),
  CONSTRAINT `users_authentication_system_id_fk` FOREIGN KEY (`authentication_system_id`) REFERENCES `authentication_systems` (`id`),
  CONSTRAINT `users_language_id_fk` FOREIGN KEY (`language_id`) REFERENCES `languages` (`id`)
) ENGINE=InnoDB AUTO_INCREMENT=36 DEFAULT CHARSET=utf8 COLLATE=utf8_unicode_ci;
/*!40101 SET character_set_client = @saved_cs_client */;

--
-- Dumping data for table `users`
--

LOCK TABLES `users` WRITE;
/*!40000 ALTER TABLE `users` DISABLE KEYS */;
INSERT INTO `users` VALUES (1,'gino','Gino','Koch','0800259841',1,'q20q6ro2iiawkzfkoy','gino@zhdk.ch','z9dmanb3tkz7pcp2sc',NULL,'South Johnathan','I-YP3 1YB','Ireland',1,NULL,'--- !ruby/hash:ActiveSupport::HashWithIndifferentAccess {}\n','2015-06-15 21:24:29','2015-06-15 21:24:29',NULL),(2,'ramon','Ramon','Turner','01690633615',1,'n05pjwomopbvt9tdze','ramon@zhdk.ch','42u5oswc18iduh0y73',NULL,'Lake Oralview','L-SB6Y 9OA','Liberia',1,NULL,'--- !ruby/hash:ActiveSupport::HashWithIndifferentAccess {}\n','2015-06-15 21:24:29','2015-06-15 21:24:29',NULL),(3,'matti','Matti','Greenfelder','03322392379',1,'6q85unru4lo6dekf3q','matti@zhdk.ch','d6i3scnj4pxsbdx70z',NULL,'South Danteberg','R-W8N 5XY','Russian Federation',1,NULL,'--- !ruby/hash:ActiveSupport::HashWithIndifferentAccess {}\n','2015-06-15 21:24:29','2015-06-15 21:24:29',NULL),(4,'mike','Mike','Koch','0169773454',1,'dicg3cqbq0rnvealsu','mike@zhdk.ch','57um2y6utn5ia52nxe',NULL,'New Fausto','L-W82 4AB','Libyan Arab Jamahiriya',1,NULL,'--- !ruby/hash:ActiveSupport::HashWithIndifferentAccess {}\n','2015-06-15 21:24:29','2015-06-15 21:24:29',NULL),(5,'pius','Pius','Kuhlman','08417854729',1,'udvknwwxzlyffbjggr','pius@zhdk.ch','7aoot4owhumtvjld8b',NULL,'Jordaneburgh','G-W8N 7ZS','Guinea',1,NULL,'--- !ruby/hash:ActiveSupport::HashWithIndifferentAccess {}\n','2015-06-15 21:24:29','2015-06-15 21:24:29',NULL),(6,'normin','Normin','Normalo','03479297433',1,'vo67bajiry2i2p4zu6','normin@zhdk.ch','15acih7ml885m5ndat',NULL,'New Karleehaven','G-W0B 8JN','Greenland',1,NULL,'--- !ruby/hash:ActiveSupport::HashWithIndifferentAccess {}\n','2015-06-15 21:24:29','2015-06-15 21:24:29',NULL),(7,'delmer','Delmer','Cassin','03566980742',1,'n4dn1zrf5xr4pmscb5','lending_manager1@zhdk.ch','wqf0kjr8ppahm4p23d',NULL,'Port Gay','B-S9 5LA','Belgium',1,NULL,'--- !ruby/hash:ActiveSupport::HashWithIndifferentAccess {}\n','2015-06-15 21:24:29','2015-06-15 21:24:29',NULL),(8,'peter','Peter','Silie','05516667872',1,'ce9l1ut5q2pv86fe2y','peter@silie.com','cij9ih12vbldrbtlfi',NULL,'Desireeport','C-Y7 8AT','Christmas Island',1,NULL,'--- !ruby/hash:ActiveSupport::HashWithIndifferentAccess {}\n','2015-06-15 21:24:29','2015-06-15 21:24:29',NULL),(9,'andi','Andi','O\'Kon','0169779636',1,'sathki39hx6hm2ou1f','andi@zhdk.ch','zut4q6hj6wp333ecgs',NULL,'Justiceview','C-T8A 9ZQ','Cocos (Keeling) Islands',1,NULL,'--- !ruby/hash:ActiveSupport::HashWithIndifferentAccess {}\n','2015-06-15 21:24:29','2015-06-15 21:24:29',NULL),(10,'mina','Mina','Pollich','0800737197',1,'5gee6be5xurhnrlw7c','mina@zhdk.ch','cee5b8hie0tou99mu4',NULL,'Thielmouth','B-Z4 3XG','Bermuda',1,NULL,'--- !ruby/hash:ActiveSupport::HashWithIndifferentAccess {}\n','2015-06-15 21:24:29','2015-06-15 21:24:29',NULL),(11,'petra','Petra','Monahan','01148080090',1,'mwov97dr8s1lbjk8ph','petra@zhdk.ch','rn7fkhmc4ny04qci8y','64023 Pouros Plaza, ','Zboncakton','W-S2A 9RW','Wallis and Futuna',1,NULL,'--- !ruby/hash:ActiveSupport::HashWithIndifferentAccess {}\n','2015-06-15 21:24:29','2015-06-15 21:24:29',NULL),(12,'julie','Julie','Jacobson','08008696316',1,'82p3oq64dvunhy8u1q','julie@zhdk.ch','d5fs3i3hgw6qi11smz',NULL,'South Penelope','T-ZY8N 4JJ','Tuvalu',1,NULL,'--- !ruby/hash:ActiveSupport::HashWithIndifferentAccess {}\n','2015-06-15 21:24:29','2015-06-15 21:24:29',NULL),(13,'lisa','Lisa','Stracke','01515164003',1,'5u2sl6b96pg483tu67','lisa@zhdk.ch','shmdu67utc9lf0th2n',NULL,'Watersburgh','S-Y8M 0YY','Saint Pierre and Miquelon',1,NULL,'--- !ruby/hash:ActiveSupport::HashWithIndifferentAccess {}\n','2015-06-15 21:24:29','2015-06-15 21:24:29',NULL),(14,'alisa','Alisa','Kessler','09798107026',1,'goucu11457z6grstgn','customer1@zhdk.ch','h97u0k9ms7aep14lke',NULL,'Borisburgh','C-AR7 4XB','Central African Republic',1,NULL,'--- !ruby/hash:ActiveSupport::HashWithIndifferentAccess {}\n','2015-06-15 21:24:29','2015-06-15 21:24:29',NULL),(15,'justice','Justice','O\'Conner','05563720977',1,'spyc4658936j83l5d0','customer2@zhdk.ch','zhl1f0jgk3xnp6n81n',NULL,'South Donnell','D-Z4 1AF','Dominican Republic',1,NULL,'--- !ruby/hash:ActiveSupport::HashWithIndifferentAccess {}\n','2015-06-15 21:24:29','2015-06-15 21:24:29',NULL),(16,'lavon','Lavon','Kirlin','08003144259',1,'j8vxhzpuegsqv6ldud','customer3@zhdk.ch','4x2in5alxhh34v3f52',NULL,'North Alvenaland','V-C7W 3JA','Vietnam',1,NULL,'--- !ruby/hash:ActiveSupport::HashWithIndifferentAccess {}\n','2015-06-15 21:24:29','2015-06-15 21:24:29',NULL),(17,'grant','Grant','Toy','01947786173',1,'i8671i9yqffhfcxek8','customer4@zhdk.ch','0bwexlun1f3ok0pbn6',NULL,'West Alysson','Y-YE8 3JG','Yemen',1,NULL,'--- !ruby/hash:ActiveSupport::HashWithIndifferentAccess {}\n','2015-06-15 21:24:29','2015-06-15 21:24:29',NULL),(18,'lauretta','Lauretta','Jerde','05616577510',1,'jsa2fl1rfim8mz9ws3','customer5@zhdk.ch','n31y0ygrsd4e6xuv77',NULL,'New Einar','M-E7 3DS','Mayotte',1,NULL,'--- !ruby/hash:ActiveSupport::HashWithIndifferentAccess {}\n','2015-06-15 21:24:29','2015-06-15 21:24:29',NULL),(19,'anne','Anne','Bernier','05539876168',1,'yigebc5al3qig4y6s1','customer6@zhdk.ch','33e9m5fekgznduve6p',NULL,'West Rick','S-R3V 0UJ','Saint Pierre and Miquelon',1,NULL,'--- !ruby/hash:ActiveSupport::HashWithIndifferentAccess {}\n','2015-06-15 21:24:29','2015-06-15 21:24:29',NULL),(20,'jaden','Jaden','Barton','0152659520',1,'wt15u35bmpfomlf29o','customer7@zhdk.ch','rhvcwppp8c0nwgobpq',NULL,'Stantonland','V-YC2 8JW','Venezuela',1,NULL,'--- !ruby/hash:ActiveSupport::HashWithIndifferentAccess {}\n','2015-06-15 21:24:29','2015-06-15 21:24:29',NULL),(21,'jaclyn','Jaclyn','Jast','05634045802',1,'x8grhnfugmfj2iyobk','customer8@zhdk.ch','4zzwkks6re4gz6n3ms',NULL,'New Ciarafurt','G-SD5V 6PW','Guernsey',1,NULL,'--- !ruby/hash:ActiveSupport::HashWithIndifferentAccess {}\n','2015-06-15 21:24:29','2015-06-15 21:24:29',NULL),(22,'aryanna','Aryanna','Balistreri','09699352654',1,'zgwuauy8guxaffcs6x','customer9@zhdk.ch','a7yu83j4grykvvs2cw',NULL,'South Oren','T-Z7 5DP','Thailand',1,NULL,'--- !ruby/hash:ActiveSupport::HashWithIndifferentAccess {}\n','2015-06-15 21:24:29','2015-06-15 21:24:29',NULL),(23,'lawrence','Lawrence','Carroll','0169775165',1,'vvnsk899m194xevfal','delegator1@zhdk.ch','va4u78uls5vdz2x5u5',NULL,'Nashhaven','S-RA6 8JJ','Singapore',1,NULL,'--- !ruby/hash:ActiveSupport::HashWithIndifferentAccess {}\n','2015-06-15 21:24:29','2015-06-15 21:24:29',NULL),(24,'winnifred','Winnifred','Daniel','05517788680',1,'alyq31z4el0qufzp6i','delegated1@zhdk.ch','2ljyis2y3hhyxu0bf3',NULL,'New Aida','E-Z3H 4EB','Ethiopia',1,NULL,'--- !ruby/hash:ActiveSupport::HashWithIndifferentAccess {}\n','2015-06-15 21:24:29','2015-06-15 21:24:29',NULL),(25,'alexander_7336','Maggie','Torp','08214393927',1,'pyr00nuhjgtezkbnkr','danny_lesch@schuppe.com','q0ysrz06xn585to7f7','3441 Hermann Hollow','Port Tinabury','P-BB6R 4LL','Peru',1,NULL,'--- !ruby/hash:ActiveSupport::HashWithIndifferentAccess {}\n','2015-06-15 21:24:29','2015-06-15 21:24:29',NULL),(26,NULL,'Delegation 1',NULL,NULL,NULL,NULL,NULL,NULL,NULL,NULL,NULL,NULL,1,NULL,'--- !ruby/hash:ActiveSupport::HashWithIndifferentAccess {}\n','2015-06-15 21:24:29','2015-06-15 21:24:29',12),(27,NULL,'Delegation 2',NULL,NULL,NULL,NULL,NULL,NULL,NULL,NULL,NULL,NULL,1,NULL,'--- !ruby/hash:ActiveSupport::HashWithIndifferentAccess {}\n','2015-06-15 21:24:29','2015-06-15 21:24:29',10),(28,NULL,'Delegation 3',NULL,NULL,NULL,NULL,NULL,NULL,NULL,NULL,NULL,NULL,1,NULL,'--- !ruby/hash:ActiveSupport::HashWithIndifferentAccess {}\n','2015-06-15 21:24:29','2015-06-15 21:24:29',10),(29,NULL,'Delegation 4',NULL,NULL,NULL,NULL,NULL,NULL,NULL,NULL,NULL,NULL,1,NULL,'--- !ruby/hash:ActiveSupport::HashWithIndifferentAccess {}\n','2015-06-15 21:24:29','2015-06-15 21:24:29',10),(30,NULL,'Delegation 5',NULL,NULL,NULL,NULL,NULL,NULL,NULL,NULL,NULL,NULL,1,NULL,'--- !ruby/hash:ActiveSupport::HashWithIndifferentAccess {}\n','2015-06-15 21:24:29','2015-06-15 21:24:29',23),(31,'maribel.hudson_6999','Bessie','Schuster','02560408104',1,'ood1el517g7l7e934n','abdiel_emmerich@howe.biz','sewj7s4rey40ls0heo','991 Jailyn Lane','West Delbertport','B-R8W 9JA','Belarus',1,NULL,'--- !ruby/hash:ActiveSupport::HashWithIndifferentAccess {}\n','2015-06-15 21:24:29','2015-06-15 21:24:29',NULL),(32,'shaylee_lynch_8767','Desmond','Ritchie','08446278094',1,'ori56m5aq7wxz9uc5f','ariel@miller.com','y3rnxutqdi4o36y6pv','5212 Fadel Mill','Port Verlie','D-Y1V 7JA','Dominica',1,NULL,'--- !ruby/hash:ActiveSupport::HashWithIndifferentAccess {}\n','2015-06-15 21:24:29','2015-06-15 21:24:29',NULL),(33,'arch.hackett_9039','Piper','Monahan','08867543805',1,'m2ges1t3u7j1xqo6li','tomas_nitzsche@durgan.biz','qoyyz3dcgxuacvq54z','39551 Wuckert Camp','Lake Jewell','S-Z5M 3UW','Syrian Arab Republic',1,NULL,'--- !ruby/hash:ActiveSupport::HashWithIndifferentAccess {}\n','2015-06-15 21:24:29','2015-06-15 21:24:29',NULL),(34,'tabitha_5519','Daren','Nienow','02127933932',1,'1yc50zsq1w3weypy67','jordane@farrellpaucek.info','3qacpbrvcwwvbolhwx','310 Alejandra Alley','Abbottmouth','N-I4 8AA','Namibia',1,NULL,'--- !ruby/hash:ActiveSupport::HashWithIndifferentAccess {}\n','2015-06-15 21:24:29','2015-06-15 21:24:29',NULL),(35,'daphnee_6320','Patience','Conroy','09280232907',1,'o3fpgu0v2bnjqp6nv4','jerry.feest@douglaskohler.name','4fu5wks8y9siueubsh','7334 Wilderman Inlet','Gerdaside','L-E7 9AU','Lao People\'s Democratic Republic',1,NULL,'--- !ruby/hash:ActiveSupport::HashWithIndifferentAccess {}\n','2015-06-15 21:24:29','2015-06-15 21:24:29',NULL);
/*!40000 ALTER TABLE `users` ENABLE KEYS */;
UNLOCK TABLES;

--
-- Temporary table structure for view `visit_lines`
--

DROP TABLE IF EXISTS `visit_lines`;
/*!50001 DROP VIEW IF EXISTS `visit_lines`*/;
SET @saved_cs_client     = @@character_set_client;
SET character_set_client = utf8;
/*!50001 CREATE TABLE `visit_lines` (
  `visit_id` varchar(148),
  `inventory_pool_id` int(11),
  `user_id` int(11),
  `delegated_user_id` int(11),
  `status` enum('unsubmitted','submitted','rejected','approved','signed','closed'),
  `action` varchar(9),
  `date` date,
  `quantity` int(11),
  `contract_line_id` int(11)
) ENGINE=MyISAM */;
SET character_set_client = @saved_cs_client;

--
-- Temporary table structure for view `visits`
--

DROP TABLE IF EXISTS `visits`;
/*!50001 DROP VIEW IF EXISTS `visits`*/;
SET @saved_cs_client     = @@character_set_client;
SET character_set_client = utf8;
/*!50001 CREATE TABLE `visits` (
  `id` varchar(148),
  `inventory_pool_id` int(11),
  `user_id` int(11),
  `status` enum('unsubmitted','submitted','rejected','approved','signed','closed'),
  `action` varchar(9),
  `date` date,
  `quantity` decimal(32,0)
) ENGINE=MyISAM */;
SET character_set_client = @saved_cs_client;

--
-- Table structure for table `workdays`
--

DROP TABLE IF EXISTS `workdays`;
/*!40101 SET @saved_cs_client     = @@character_set_client */;
/*!40101 SET character_set_client = utf8 */;
CREATE TABLE `workdays` (
  `id` int(11) NOT NULL AUTO_INCREMENT,
  `inventory_pool_id` int(11) DEFAULT NULL,
  `monday` tinyint(1) DEFAULT '1',
  `tuesday` tinyint(1) DEFAULT '1',
  `wednesday` tinyint(1) DEFAULT '1',
  `thursday` tinyint(1) DEFAULT '1',
  `friday` tinyint(1) DEFAULT '1',
  `saturday` tinyint(1) DEFAULT '0',
  `sunday` tinyint(1) DEFAULT '0',
  `reservation_advance_days` int(11) DEFAULT '0',
  `max_visits` text COLLATE utf8_unicode_ci,
  PRIMARY KEY (`id`),
  KEY `index_workdays_on_inventory_pool_id` (`inventory_pool_id`),
  CONSTRAINT `workdays_inventory_pool_id_fk` FOREIGN KEY (`inventory_pool_id`) REFERENCES `inventory_pools` (`id`) ON DELETE CASCADE
) ENGINE=InnoDB AUTO_INCREMENT=13 DEFAULT CHARSET=utf8 COLLATE=utf8_unicode_ci;
/*!40101 SET character_set_client = @saved_cs_client */;

--
-- Dumping data for table `workdays`
--

LOCK TABLES `workdays` WRITE;
/*!40000 ALTER TABLE `workdays` DISABLE KEYS */;
INSERT INTO `workdays` VALUES (1,1,1,1,1,1,1,0,0,0,'---\n\'1\': 10\n\'2\': 20\n\'3\': 30\n'),(2,2,1,1,1,1,1,0,0,0,'--- {}\n'),(3,3,1,1,1,1,1,0,0,0,'--- {}\n'),(4,4,1,1,1,1,1,0,0,0,'--- {}\n'),(5,5,1,1,1,1,1,0,0,0,'--- {}\n'),(6,6,1,1,1,1,1,0,0,0,'--- {}\n'),(7,7,1,1,1,1,1,0,0,0,'--- {}\n'),(8,8,1,1,1,1,1,0,0,0,'--- {}\n'),(9,9,1,1,1,1,1,0,0,0,'--- {}\n'),(10,10,1,1,1,1,1,0,0,0,'--- {}\n'),(11,11,1,1,1,1,1,0,0,0,'--- {}\n'),(12,12,1,1,1,1,1,0,0,0,'--- {}\n');
/*!40000 ALTER TABLE `workdays` ENABLE KEYS */;
UNLOCK TABLES;

--
-- Final view structure for view `partitions_with_generals`
--

/*!50001 DROP TABLE IF EXISTS `partitions_with_generals`*/;
/*!50001 DROP VIEW IF EXISTS `partitions_with_generals`*/;
/*!50001 SET @saved_cs_client          = @@character_set_client */;
/*!50001 SET @saved_cs_results         = @@character_set_results */;
/*!50001 SET @saved_col_connection     = @@collation_connection */;
/*!50001 SET character_set_client      = utf8 */;
/*!50001 SET character_set_results     = utf8 */;
/*!50001 SET collation_connection      = utf8_general_ci */;
/*!50001 CREATE ALGORITHM=UNDEFINED */
/*!50001 VIEW `partitions_with_generals` AS select `partitions`.`model_id` AS `model_id`,`partitions`.`inventory_pool_id` AS `inventory_pool_id`,`partitions`.`group_id` AS `group_id`,`partitions`.`quantity` AS `quantity` from `partitions` union select `i`.`model_id` AS `model_id`,`i`.`inventory_pool_id` AS `inventory_pool_id`,NULL AS `group_id`,(count(`i`.`id`) - ifnull((select sum(`p`.`quantity`) from `partitions` `p` where ((`p`.`model_id` = `i`.`model_id`) and (`p`.`inventory_pool_id` = `i`.`inventory_pool_id`)) group by `p`.`inventory_pool_id`,`p`.`model_id`),0)) AS `quantity` from `items` `i` where (isnull(`i`.`retired`) and (`i`.`is_borrowable` = 1) and isnull(`i`.`parent_id`)) group by `i`.`inventory_pool_id`,`i`.`model_id` */;
/*!50001 SET character_set_client      = @saved_cs_client */;
/*!50001 SET character_set_results     = @saved_cs_results */;
/*!50001 SET collation_connection      = @saved_col_connection */;

--
-- Final view structure for view `visit_lines`
--

/*!50001 DROP TABLE IF EXISTS `visit_lines`*/;
/*!50001 DROP VIEW IF EXISTS `visit_lines`*/;
/*!50001 SET @saved_cs_client          = @@character_set_client */;
/*!50001 SET @saved_cs_results         = @@character_set_results */;
/*!50001 SET @saved_col_connection     = @@collation_connection */;
/*!50001 SET character_set_client      = utf8 */;
/*!50001 SET character_set_results     = utf8 */;
/*!50001 SET collation_connection      = utf8_general_ci */;
/*!50001 CREATE ALGORITHM=UNDEFINED */
/*!50001 VIEW `visit_lines` AS select hex(concat_ws('_',if((`c`.`status` = 'approved'),`cl`.`start_date`,`cl`.`end_date`),`c`.`inventory_pool_id`,`c`.`user_id`,`c`.`status`)) AS `visit_id`,`c`.`inventory_pool_id` AS `inventory_pool_id`,`c`.`user_id` AS `user_id`,`c`.`delegated_user_id` AS `delegated_user_id`,`c`.`status` AS `status`,if((`c`.`status` = 'approved'),'hand_over','take_back') AS `action`,if((`c`.`status` = 'approved'),`cl`.`start_date`,`cl`.`end_date`) AS `date`,`cl`.`quantity` AS `quantity`,`cl`.`id` AS `contract_line_id` from (`contract_lines` `cl` join `contracts` `c` on((`cl`.`contract_id` = `c`.`id`))) where ((`c`.`status` in ('approved','signed')) and isnull(`cl`.`returned_date`)) order by if((`c`.`status` = 'approved'),`cl`.`start_date`,`cl`.`end_date`) */;
/*!50001 SET character_set_client      = @saved_cs_client */;
/*!50001 SET character_set_results     = @saved_cs_results */;
/*!50001 SET collation_connection      = @saved_col_connection */;

--
-- Final view structure for view `visits`
--

/*!50001 DROP TABLE IF EXISTS `visits`*/;
/*!50001 DROP VIEW IF EXISTS `visits`*/;
/*!50001 SET @saved_cs_client          = @@character_set_client */;
/*!50001 SET @saved_cs_results         = @@character_set_results */;
/*!50001 SET @saved_col_connection     = @@collation_connection */;
/*!50001 SET character_set_client      = utf8 */;
/*!50001 SET character_set_results     = utf8 */;
/*!50001 SET collation_connection      = utf8_general_ci */;
/*!50001 CREATE ALGORITHM=UNDEFINED */
/*!50001 VIEW `visits` AS select hex(concat_ws('_',`visit_lines`.`date`,`visit_lines`.`inventory_pool_id`,`visit_lines`.`user_id`,`visit_lines`.`status`)) AS `id`,`visit_lines`.`inventory_pool_id` AS `inventory_pool_id`,`visit_lines`.`user_id` AS `user_id`,`visit_lines`.`status` AS `status`,`visit_lines`.`action` AS `action`,`visit_lines`.`date` AS `date`,sum(`visit_lines`.`quantity`) AS `quantity` from `visit_lines` group by `visit_lines`.`user_id`,`visit_lines`.`status`,`visit_lines`.`date`,`visit_lines`.`inventory_pool_id` */;
/*!50001 SET character_set_client      = @saved_cs_client */;
/*!50001 SET character_set_results     = @saved_cs_results */;
/*!50001 SET collation_connection      = @saved_col_connection */;
/*!40103 SET TIME_ZONE=@OLD_TIME_ZONE */;

/*!40101 SET SQL_MODE=@OLD_SQL_MODE */;
/*!40014 SET FOREIGN_KEY_CHECKS=@OLD_FOREIGN_KEY_CHECKS */;
/*!40014 SET UNIQUE_CHECKS=@OLD_UNIQUE_CHECKS */;
/*!40101 SET CHARACTER_SET_CLIENT=@OLD_CHARACTER_SET_CLIENT */;
/*!40101 SET CHARACTER_SET_RESULTS=@OLD_CHARACTER_SET_RESULTS */;
/*!40101 SET COLLATION_CONNECTION=@OLD_COLLATION_CONNECTION */;
/*!40111 SET SQL_NOTES=@OLD_SQL_NOTES */;

-- Dump completed on 2015-01-28 11:04:09
