-- MySQL dump 10.13  Distrib 5.1.48, for apple-darwin10.3.0 (i386)
--
-- Host: localhost    Database: leihs2_test
-- ------------------------------------------------------
-- Server version	5.1.48

/*!40101 SET @OLD_CHARACTER_SET_CLIENT=@@CHARACTER_SET_CLIENT */;
/*!40101 SET @OLD_CHARACTER_SET_RESULTS=@@CHARACTER_SET_RESULTS */;
/*!40101 SET @OLD_COLLATION_CONNECTION=@@COLLATION_CONNECTION */;
/*!40101 SET NAMES utf8 */;
/*!40103 SET @OLD_TIME_ZONE=@@TIME_ZONE */;
/*!40103 SET TIME_ZONE='+00:00' */;
/*!40014 SET @OLD_UNIQUE_CHECKS=@@UNIQUE_CHECKS, UNIQUE_CHECKS=0 */;
/*!40014 SET @OLD_FOREIGN_KEY_CHECKS=@@FOREIGN_KEY_CHECKS, FOREIGN_KEY_CHECKS=0 */;
/*!40101 SET @OLD_SQL_MODE=@@SQL_MODE, SQL_MODE='NO_AUTO_VALUE_ON_ZERO' */;
/*!40111 SET @OLD_SQL_NOTES=@@SQL_NOTES, SQL_NOTES=0 */;

--
-- Table structure for table `access_rights`
--

DROP TABLE IF EXISTS `access_rights`;
/*!40101 SET @saved_cs_client     = @@character_set_client */;
/*!40101 SET character_set_client = utf8 */;
CREATE TABLE `access_rights` (
  `id` int(11) NOT NULL AUTO_INCREMENT,
  `user_id` int(11) DEFAULT NULL,
  `inventory_pool_id` int(11) DEFAULT NULL,
  `suspended_until` date DEFAULT NULL,
  `suspended_reason` text COLLATE utf8_unicode_ci,
  `deleted_at` date DEFAULT NULL,
  `created_at` datetime DEFAULT NULL,
  `updated_at` datetime DEFAULT NULL,
  `role` enum('customer','group_manager','lending_manager','inventory_manager','admin') COLLATE utf8_unicode_ci NOT NULL,
  PRIMARY KEY (`id`),
  KEY `index_access_rights_on_suspended_until` (`suspended_until`),
  KEY `index_access_rights_on_deleted_at` (`deleted_at`),
  KEY `index_access_rights_on_inventory_pool_id` (`inventory_pool_id`),
  KEY `index_access_rights_on_role` (`role`),
  KEY `index_on_user_id_and_inventory_pool_id_and_deleted_at` (`user_id`,`inventory_pool_id`,`deleted_at`),
  CONSTRAINT `access_rights_user_id_fk` FOREIGN KEY (`user_id`) REFERENCES `users` (`id`),
  CONSTRAINT `access_rights_inventory_pool_id_fk` FOREIGN KEY (`inventory_pool_id`) REFERENCES `inventory_pools` (`id`) ON DELETE CASCADE
) ENGINE=InnoDB AUTO_INCREMENT=46 DEFAULT CHARSET=utf8 COLLATE=utf8_unicode_ci;
/*!40101 SET character_set_client = @saved_cs_client */;

--
-- Dumping data for table `access_rights`
--

LOCK TABLES `access_rights` WRITE;
/*!40000 ALTER TABLE `access_rights` DISABLE KEYS */;
INSERT INTO `access_rights` VALUES (1,1,NULL,NULL,NULL,NULL,'2013-01-24 08:52:49','2013-01-24 08:52:49','admin'),(2,2,NULL,NULL,NULL,NULL,'2013-01-24 08:52:49','2013-01-24 08:52:49','admin'),(3,2,1,NULL,NULL,NULL,'2013-01-24 08:52:49','2013-01-24 08:52:49','customer'),(4,3,2,NULL,NULL,NULL,'2013-01-24 08:52:49','2013-01-24 08:52:49','inventory_manager'),(5,4,1,NULL,NULL,NULL,'2013-01-24 08:52:49','2013-01-24 08:52:49','inventory_manager'),(6,4,4,NULL,NULL,NULL,'2013-01-24 08:52:49','2013-01-24 08:52:49','inventory_manager'),(7,5,1,NULL,NULL,NULL,'2013-01-24 08:52:49','2013-01-24 08:52:49','lending_manager'),(8,5,2,NULL,NULL,NULL,'2013-01-24 08:52:49','2013-01-24 08:52:49','lending_manager'),(9,7,1,NULL,NULL,NULL,'2013-01-24 08:52:49','2013-01-24 08:52:49','lending_manager'),(10,7,2,NULL,NULL,NULL,'2013-01-24 08:52:49','2013-01-24 08:52:49','lending_manager'),(11,8,1,NULL,NULL,NULL,'2013-01-24 08:52:49','2013-01-24 08:52:49','customer'),(12,6,1,NULL,NULL,NULL,'2013-01-24 08:52:49','2013-01-24 08:52:49','customer'),(13,6,2,NULL,NULL,NULL,'2013-01-24 08:52:49','2013-01-24 08:52:49','customer'),(14,6,3,NULL,NULL,NULL,'2013-01-24 08:52:49','2013-01-24 08:52:49','customer'),(15,6,4,NULL,NULL,'2013-01-23','2013-01-24 08:52:49','2013-01-24 08:52:49','customer'),(16,9,1,NULL,NULL,NULL,'2013-01-24 08:52:49','2013-01-24 08:52:49','group_manager'),(17,9,2,NULL,NULL,NULL,'2013-01-24 08:52:49','2013-01-24 08:52:49','group_manager'),(18,9,3,NULL,NULL,NULL,'2013-01-24 08:52:49','2013-01-24 08:52:49','group_manager'),(19,10,1,NULL,NULL,NULL,'2013-01-24 08:52:49','2013-01-24 08:52:49','customer'),(20,11,1,NULL,NULL,NULL,'2013-01-24 08:52:49','2013-01-24 08:52:49','customer'),(21,12,1,NULL,NULL,NULL,'2013-01-24 08:52:49','2013-01-24 08:52:49','customer'),(22,13,1,NULL,NULL,NULL,'2013-01-24 08:52:49','2013-01-24 08:52:49','customer'),(23,26,1,NULL,NULL,NULL,'2013-01-24 08:52:49','2013-01-24 08:52:49','customer'),(24,27,1,NULL,NULL,NULL,'2013-01-24 08:52:49','2013-01-24 08:52:49','customer'),(25,27,2,NULL,NULL,NULL,'2013-01-24 08:52:49','2013-01-24 08:52:49','customer'),(26,29,1,NULL,NULL,NULL,'2013-01-24 08:52:49','2013-01-24 08:52:49','customer'),(27,29,5,NULL,NULL,NULL,'2013-01-24 08:52:49','2013-01-24 08:52:49','customer'),(28,29,6,NULL,NULL,NULL,'2013-01-24 08:52:49','2013-01-24 08:52:49','customer'),(29,30,1,NULL,NULL,NULL,'2013-01-24 08:52:49','2013-01-24 08:52:49','customer'),(30,23,1,NULL,NULL,NULL,'2013-01-24 08:52:49','2013-01-24 08:52:49','customer'),(31,24,1,NULL,NULL,NULL,'2013-01-24 08:52:49','2013-01-24 08:52:49','customer'),(32,14,1,NULL,NULL,NULL,'2013-01-24 08:52:49','2013-01-24 08:52:49','customer'),(33,15,1,'2013-01-24','Ut corporis eveniet non eos quo.',NULL,'2013-01-24 08:52:49','2013-01-24 08:52:49','customer'),(34,16,1,NULL,NULL,NULL,'2013-01-24 08:52:49','2013-01-24 08:52:49','customer'),(35,17,1,NULL,NULL,NULL,'2013-01-24 08:52:49','2013-01-24 08:52:49','customer'),(36,18,1,NULL,NULL,NULL,'2013-01-24 08:52:49','2013-01-24 08:52:49','customer'),(37,19,1,NULL,NULL,NULL,'2013-01-24 08:52:49','2013-01-24 08:52:49','customer'),(38,20,1,NULL,NULL,'2013-01-24','2013-01-24 08:52:49','2013-01-24 08:52:49','customer'),(39,21,1,NULL,NULL,NULL,'2013-01-24 08:52:49','2013-01-24 08:52:49','customer'),(40,22,1,NULL,NULL,NULL,'2013-01-24 08:52:49','2013-01-24 08:52:49','customer'),(41,31,3,NULL,NULL,NULL,'2013-01-24 08:52:49','2013-01-24 08:52:49','customer'),(42,32,1,NULL,NULL,NULL,'2013-01-24 08:52:49','2013-01-24 08:52:49','lending_manager'),(43,33,1,NULL,NULL,NULL,'2013-01-24 08:52:49','2013-01-24 08:52:49','group_manager'),(44,34,7,NULL,NULL,NULL,'2013-01-24 08:52:49','2013-01-24 08:52:49','customer'),(45,35,12,NULL,NULL,NULL,'2013-01-24 08:52:49','2013-01-24 08:52:49','customer');
/*!40000 ALTER TABLE `access_rights` ENABLE KEYS */;
UNLOCK TABLES;

--
-- Table structure for table `accessories`
--

DROP TABLE IF EXISTS `accessories`;
/*!40101 SET @saved_cs_client     = @@character_set_client */;
/*!40101 SET character_set_client = utf8 */;
CREATE TABLE `accessories` (
  `id` int(11) NOT NULL AUTO_INCREMENT,
  `model_id` int(11) DEFAULT NULL,
  `name` varchar(255) COLLATE utf8_unicode_ci DEFAULT NULL,
  `quantity` int(11) DEFAULT NULL,
  PRIMARY KEY (`id`),
  KEY `index_accessories_on_model_id` (`model_id`),
  CONSTRAINT `accessories_model_id_fk` FOREIGN KEY (`model_id`) REFERENCES `models` (`id`) ON DELETE CASCADE
) ENGINE=InnoDB AUTO_INCREMENT=210 DEFAULT CHARSET=utf8 COLLATE=utf8_unicode_ci;
/*!40101 SET character_set_client = @saved_cs_client */;

--
-- Dumping data for table `accessories`
--

LOCK TABLES `accessories` WRITE;
/*!40000 ALTER TABLE `accessories` DISABLE KEYS */;
INSERT INTO `accessories` VALUES (1,1,'Jarrod Wintheiser',NULL),(2,1,'Glenda Stark',NULL),(3,2,'Allison Kuvalis',NULL),(4,2,'April Wunsch',NULL),(5,3,'Janae Yost',NULL),(6,3,'Miss Colten Eichmann',NULL),(7,3,'Rollin Collins',NULL),(8,3,'Alanis Halvorson',NULL),(9,4,'Danny Dooley',NULL),(10,4,'Hazel Metz',NULL),(11,4,'Dr. Jaydon Koepp',NULL),(12,4,'Joaquin Koss',NULL),(13,5,'Carmela Treutel',NULL),(14,5,'Lolita Lakin',NULL),(15,5,'Alize Weimann',NULL),(16,5,'Hilario Moen',NULL),(17,5,'Gustave Barton',NULL),(18,6,'Jacquelyn Dietrich',NULL),(19,6,'Lester Kihn',NULL),(20,6,'Miss Destiny Pollich',NULL),(21,6,'Zora Windler',NULL),(22,7,'Raoul Little',NULL),(23,8,'Estelle Bayer III',NULL),(24,9,'Rickie Ward',NULL),(25,9,'Beverly Heller',NULL),(26,9,'Rosalia Swaniawski',NULL),(27,9,'Jayde Heidenreich Jr.',NULL),(28,10,'Rafaela Anderson',NULL),(29,11,'Bessie Bode',NULL),(30,11,'Reuben Gulgowski',NULL),(31,11,'Devante Feil',NULL),(32,11,'Velda Runolfsson',NULL),(33,12,'Sophia Kunde',NULL),(34,12,'Clemmie Stamm',NULL),(35,12,'Annamarie Walter',NULL),(36,12,'Mariela Bosco V',NULL),(37,12,'Brisa Cartwright',NULL),(38,13,'Mabelle Bailey',NULL),(39,13,'Clifton Grady',NULL),(40,13,'Miss Priscilla Borer',NULL),(41,13,'Creola Schuster III',NULL),(42,13,'Joanne Kovacek Jr.',NULL),(43,14,'Vickie Johnston',NULL),(44,15,'Lia Willms',NULL),(45,15,'Melvin Stanton',NULL),(46,15,'Rasheed Skiles PhD',NULL),(47,16,'Rafael Kirlin',NULL),(48,16,'Torrance Luettgen III',NULL),(49,16,'Pansy Schultz',NULL),(50,16,'Russ Stiedemann',NULL),(51,16,'Chyna Welch',NULL),(52,17,'Maeve Schuppe',NULL),(53,17,'Elouise Kihn',NULL),(54,18,'Elisa Bins',NULL),(55,19,'Mr. Mossie Hessel',NULL),(56,19,'Dillan Rosenbaum',NULL),(57,19,'Mrs. Tyreek Stiedemann',NULL),(58,19,'Hector Lockman II',NULL),(59,19,'Trinity Kutch III',NULL),(60,20,'Dr. Joannie Torp',NULL),(61,20,'Kasandra Streich',NULL),(62,21,'Jaylen Herzog',NULL),(63,21,'Ashley Kutch III',NULL),(64,22,'Mrs. Monty Langworth',NULL),(65,22,'Austen Cassin',NULL),(66,22,'Yasmine Williamson',NULL),(67,23,'Gladyce Klocko',NULL),(68,23,'Mr. Adolphus Hessel',NULL),(69,23,'Eladio Collier',NULL),(70,23,'Rozella Herman',NULL),(71,24,'Carroll Harvey IV',NULL),(72,24,'Zelma Roberts',NULL),(73,25,'Hiram Batz',NULL),(74,25,'Clotilde Rippin IV',NULL),(75,25,'Jordyn Dietrich PhD',NULL),(76,25,'Ryder Tillman',NULL),(77,26,'Mrs. Georgette Sipes',NULL),(78,26,'Amalia Cronin DDS',NULL),(79,27,'Elsa Zemlak',NULL),(80,27,'Candida Padberg',NULL),(81,27,'Mr. Joe Conn',NULL),(82,27,'Dr. Juston Huels',NULL),(83,28,'Hiram Beahan',NULL),(84,29,'Sally Daugherty',NULL),(85,29,'Jackeline Donnelly',NULL),(86,30,'Mrs. Louvenia Cronin',NULL),(87,30,'Ignatius Jast DDS',NULL),(88,30,'Devonte Jerde I',NULL),(89,30,'Akeem Davis',NULL),(90,31,'Buck Skiles',NULL),(91,32,'Karley Schamberger',NULL),(92,32,'Marcia Macejkovic',NULL),(93,33,'Lon Schoen',NULL),(94,33,'Virginia Turner MD',NULL),(95,33,'Mr. Gregg Hodkiewicz',NULL),(96,33,'Nick Cronin DVM',NULL),(97,33,'Norris Miller II',NULL),(98,34,'Miss Newell Mosciski',NULL),(99,34,'Donny Heaney DVM',NULL),(100,34,'Dr. Araceli Kuvalis',NULL),(101,34,'Arjun Hartmann',NULL),(102,35,'Cindy Pouros',NULL),(103,35,'Mrs. Clovis Quigley',NULL),(104,35,'Damien Kovacek',NULL),(105,36,'Harold O\'Connell',NULL),(106,36,'Maximo Schuster Sr.',NULL),(107,36,'Gail Harris',NULL),(108,37,'Lila Kilback',NULL),(109,37,'Emiliano Graham Jr.',NULL),(110,37,'Justice Okuneva',NULL),(111,37,'Freda Denesik',NULL),(112,38,'Abdullah Weimann V',NULL),(113,39,'Glenda Hoppe',NULL),(114,40,'Bobby Olson II',NULL),(115,40,'Sylvia Bogisich DVM',NULL),(116,40,'Deonte Bailey DDS',NULL),(117,41,'Cheyanne Batz Jr.',NULL),(118,41,'Karlee Gorczany',NULL),(119,42,'Daron VonRueden',NULL),(120,43,'Marc Rippin MD',NULL),(121,43,'Juliet Wisozk',NULL),(122,43,'Dr. Addie Pagac',NULL),(123,44,'Charles Barrows',NULL),(124,45,'Dina Toy',NULL),(125,45,'Allison O\'Connell',NULL),(126,45,'Bart Fahey',NULL),(127,45,'Demetrius Veum',NULL),(128,45,'Briana Goldner',NULL),(129,46,'Madisyn Schroeder PhD',NULL),(130,46,'Kathryne Roberts',NULL),(131,46,'Trevion Gislason',NULL),(132,46,'Kenton Klein',NULL),(133,47,'Ted Witting',NULL),(134,47,'Laney Koelpin DVM',NULL),(135,47,'Van West',NULL),(136,48,'Mrs. Kim Emmerich',NULL),(137,48,'Phyllis Schulist',NULL),(138,49,'Alvena Wyman',NULL),(139,49,'Jalyn Hammes I',NULL),(140,49,'Kiley Lockman',NULL),(141,49,'Bobby Mueller',NULL),(142,50,'Dr. Rebekah Shanahan',NULL),(143,50,'Lawson Boyle Sr.',NULL),(144,50,'Mr. Jovan Cronin',NULL),(145,51,'Marlen Cummings DDS',NULL),(146,51,'Lura Kerluke',NULL),(147,51,'Mr. Kellen Doyle',NULL),(148,51,'Lucienne Mosciski',NULL),(149,52,'Okey Mante',NULL),(150,52,'Trystan McDermott',NULL),(151,52,'Dr. Napoleon Leffler',NULL),(152,53,'Wilma Wilkinson',NULL),(153,53,'Zena Kozey MD',NULL),(154,54,'Koby Prosacco',NULL),(155,54,'Virginie Halvorson',NULL),(156,54,'Royce Ortiz V',NULL),(157,54,'Brianne Orn',NULL),(158,55,'Mariano Schroeder',NULL),(159,55,'Alivia Ritchie Sr.',NULL),(160,55,'Miss Marielle Quitzon',NULL),(161,55,'Alexane McLaughlin II',NULL),(162,55,'Dawn Glover',NULL),(163,56,'Gardner Hettinger',NULL),(164,56,'Stewart Monahan',NULL),(165,56,'Omer McKenzie III',NULL),(166,57,'Penelope Terry',NULL),(167,57,'Issac Conn PhD',NULL),(168,57,'Joseph Jacobs',NULL),(169,58,'Dr. Jodie Wiza',NULL),(170,58,'Carissa Prohaska',NULL),(171,59,'Celestine Cummings II',NULL),(172,59,'Carlie Cole',NULL),(173,60,'Chesley DuBuque',NULL),(174,61,'Reta Gusikowski',NULL),(175,61,'Sabrina Breitenberg',NULL),(176,61,'Citlalli McCullough',NULL),(177,61,'Rowan Flatley',NULL),(178,62,'Kellie Von',NULL),(179,62,'Jerrod Wilkinson',NULL),(180,62,'Zack Cruickshank',NULL),(181,62,'Charlene Parisian',NULL),(182,63,'Alisha Gusikowski',NULL),(183,64,'Aliyah Kemmer',NULL),(184,64,'Sonya Volkman',NULL),(185,64,'Libby Hansen',NULL),(186,64,'Jovanny Hilpert',NULL),(187,64,'Augustus Labadie',NULL),(188,65,'Eli Leuschke',NULL),(189,65,'Lenora Carroll',NULL),(190,66,'Cathryn Gleason Sr.',NULL),(191,66,'Lorna Cassin Sr.',NULL),(192,67,'Holly Mueller',NULL),(193,67,'Dr. Fabiola Runolfsdottir',NULL),(194,67,'Bert Mraz',NULL),(195,67,'Rylan Heller',NULL),(196,68,'Miss Ricardo Ortiz',NULL),(197,68,'Mr. Elta Buckridge',NULL),(198,69,'Jensen Stark',NULL),(199,69,'Miss Rosalinda Ledner',NULL),(200,69,'Lorenzo Considine',NULL),(201,70,'Shanelle Zemlak',NULL),(202,70,'Mrs. Skye Schiller',NULL),(203,71,'Lori Kessler II',NULL),(204,71,'Patrick Harber',NULL),(205,72,'Maximillian Rempel',NULL),(206,73,'Mrs. Cecil Kunde',NULL),(207,73,'Meta Schmeler II',NULL),(208,73,'Javonte Williamson',NULL),(209,73,'Mrs. Carson Mohr',NULL);
/*!40000 ALTER TABLE `accessories` ENABLE KEYS */;
UNLOCK TABLES;

--
-- Table structure for table `accessories_inventory_pools`
--

DROP TABLE IF EXISTS `accessories_inventory_pools`;
/*!40101 SET @saved_cs_client     = @@character_set_client */;
/*!40101 SET character_set_client = utf8 */;
CREATE TABLE `accessories_inventory_pools` (
  `accessory_id` int(11) DEFAULT NULL,
  `inventory_pool_id` int(11) DEFAULT NULL,
  UNIQUE KEY `index_accessories_inventory_pools` (`accessory_id`,`inventory_pool_id`),
  KEY `index_accessories_inventory_pools_on_inventory_pool_id` (`inventory_pool_id`),
  CONSTRAINT `accessories_inventory_pools_inventory_pool_id_fk` FOREIGN KEY (`inventory_pool_id`) REFERENCES `inventory_pools` (`id`),
  CONSTRAINT `accessories_inventory_pools_accessory_id_fk` FOREIGN KEY (`accessory_id`) REFERENCES `accessories` (`id`)
) ENGINE=InnoDB DEFAULT CHARSET=utf8 COLLATE=utf8_unicode_ci;
/*!40101 SET character_set_client = @saved_cs_client */;

--
-- Dumping data for table `accessories_inventory_pools`
--

LOCK TABLES `accessories_inventory_pools` WRITE;
/*!40000 ALTER TABLE `accessories_inventory_pools` DISABLE KEYS */;
INSERT INTO `accessories_inventory_pools` VALUES (1,1),(4,1),(6,1),(7,1),(15,1),(17,1),(19,1),(21,1),(22,1),(23,1),(24,1),(25,1),(27,1),(28,1),(34,1),(35,1),(37,1),(41,1),(42,1),(43,1),(44,1),(45,1),(46,1),(49,1),(51,1),(56,1),(58,1),(59,1),(60,1),(64,1),(65,1),(66,1),(67,1),(69,1),(70,1),(71,1),(72,1),(73,1),(74,1),(75,1),(76,1),(77,1),(78,1),(80,1),(81,1),(82,1),(85,1),(87,1),(90,1),(91,1),(95,1),(96,1),(97,1),(102,1),(106,1),(109,1),(110,1),(114,1),(118,1),(119,1),(120,1),(121,1),(123,1),(125,1),(128,1),(129,1),(131,1),(135,1),(137,1),(138,1),(145,1),(146,1),(147,1),(151,1),(152,1),(153,1),(155,1),(159,1),(160,1),(161,1),(162,1),(163,1),(165,1),(166,1),(167,1),(170,1),(171,1),(172,1),(173,1),(175,1),(176,1),(178,1),(182,1),(184,1),(186,1),(187,1),(190,1),(191,1),(193,1),(194,1),(195,1),(196,1),(197,1),(198,1),(200,1),(201,1),(203,1),(204,1),(207,1),(208,1);
/*!40000 ALTER TABLE `accessories_inventory_pools` ENABLE KEYS */;
UNLOCK TABLES;

--
-- Table structure for table `addresses`
--

DROP TABLE IF EXISTS `addresses`;
/*!40101 SET @saved_cs_client     = @@character_set_client */;
/*!40101 SET character_set_client = utf8 */;
CREATE TABLE `addresses` (
  `id` int(11) NOT NULL AUTO_INCREMENT,
  `street` varchar(255) COLLATE utf8_unicode_ci DEFAULT NULL,
  `zip_code` varchar(255) COLLATE utf8_unicode_ci DEFAULT NULL,
  `city` varchar(255) COLLATE utf8_unicode_ci DEFAULT NULL,
  `country_code` varchar(255) COLLATE utf8_unicode_ci DEFAULT NULL,
  `latitude` float DEFAULT NULL,
  `longitude` float DEFAULT NULL,
  PRIMARY KEY (`id`),
  UNIQUE KEY `index_addresses_on_street_and_zip_code_and_city_and_country_code` (`street`,`zip_code`,`city`,`country_code`)
) ENGINE=InnoDB DEFAULT CHARSET=utf8 COLLATE=utf8_unicode_ci;
/*!40101 SET character_set_client = @saved_cs_client */;

--
-- Dumping data for table `addresses`
--

LOCK TABLES `addresses` WRITE;
/*!40000 ALTER TABLE `addresses` DISABLE KEYS */;
/*!40000 ALTER TABLE `addresses` ENABLE KEYS */;
UNLOCK TABLES;

--
-- Table structure for table `attachments`
--

DROP TABLE IF EXISTS `attachments`;
/*!40101 SET @saved_cs_client     = @@character_set_client */;
/*!40101 SET character_set_client = utf8 */;
CREATE TABLE `attachments` (
  `id` int(11) NOT NULL AUTO_INCREMENT,
  `model_id` int(11) DEFAULT NULL,
  `is_main` tinyint(1) DEFAULT '0',
  `content_type` varchar(255) COLLATE utf8_unicode_ci DEFAULT NULL,
  `filename` varchar(255) COLLATE utf8_unicode_ci DEFAULT NULL,
  `size` int(11) DEFAULT NULL,
  PRIMARY KEY (`id`),
  KEY `index_attachments_on_model_id` (`model_id`),
  CONSTRAINT `attachments_model_id_fk` FOREIGN KEY (`model_id`) REFERENCES `models` (`id`) ON DELETE CASCADE
) ENGINE=InnoDB AUTO_INCREMENT=7 DEFAULT CHARSET=utf8 COLLATE=utf8_unicode_ci;
/*!40101 SET character_set_client = @saved_cs_client */;

--
-- Dumping data for table `attachments`
--

LOCK TABLES `attachments` WRITE;
/*!40000 ALTER TABLE `attachments` DISABLE KEYS */;
INSERT INTO `attachments` VALUES (1,16,0,'image/jpeg','autem',NULL),(2,17,0,'image/jpeg','ut',NULL),(3,74,0,'image/jpeg','architecto',NULL),(4,75,0,'image/jpeg','dolore',NULL),(5,75,0,'image/jpeg','nam',NULL),(6,75,0,'image/jpeg','adipisci',NULL);
/*!40000 ALTER TABLE `attachments` ENABLE KEYS */;
UNLOCK TABLES;

--
-- Table structure for table `authentication_systems`
--

DROP TABLE IF EXISTS `authentication_systems`;
/*!40101 SET @saved_cs_client     = @@character_set_client */;
/*!40101 SET character_set_client = utf8 */;
CREATE TABLE `authentication_systems` (
  `id` int(11) NOT NULL AUTO_INCREMENT,
  `name` varchar(255) COLLATE utf8_unicode_ci DEFAULT NULL,
  `class_name` varchar(255) COLLATE utf8_unicode_ci DEFAULT NULL,
  `is_default` tinyint(1) DEFAULT '0',
  `is_active` tinyint(1) DEFAULT '0',
  PRIMARY KEY (`id`)
) ENGINE=InnoDB AUTO_INCREMENT=4 DEFAULT CHARSET=utf8 COLLATE=utf8_unicode_ci;
/*!40101 SET character_set_client = @saved_cs_client */;

--
-- Dumping data for table `authentication_systems`
--

LOCK TABLES `authentication_systems` WRITE;
/*!40000 ALTER TABLE `authentication_systems` DISABLE KEYS */;
INSERT INTO `authentication_systems` VALUES (1,'Database Authentication','DatabaseAuthentication',1,1),(2,'LDAP Authentication','LdapAuthentication',0,0),(3,'ZHDK Authentication','Zhdk',0,0);
/*!40000 ALTER TABLE `authentication_systems` ENABLE KEYS */;
UNLOCK TABLES;

--
-- Table structure for table `buildings`
--

DROP TABLE IF EXISTS `buildings`;
/*!40101 SET @saved_cs_client     = @@character_set_client */;
/*!40101 SET character_set_client = utf8 */;
CREATE TABLE `buildings` (
  `id` int(11) NOT NULL AUTO_INCREMENT,
  `name` varchar(255) COLLATE utf8_unicode_ci DEFAULT NULL,
  `code` varchar(255) COLLATE utf8_unicode_ci DEFAULT NULL,
  PRIMARY KEY (`id`)
) ENGINE=InnoDB AUTO_INCREMENT=199 DEFAULT CHARSET=utf8 COLLATE=utf8_unicode_ci;
/*!40101 SET character_set_client = @saved_cs_client */;

--
-- Dumping data for table `buildings`
--

LOCK TABLES `buildings` WRITE;
/*!40000 ALTER TABLE `buildings` DISABLE KEYS */;
INSERT INTO `buildings` VALUES (1,'Ausstellungsstrasse 60','AU60'),(2,'Dolorumvoluptasducimus','dol'),(3,'Nihilquaeratnisi','ame'),(4,'Nobisetquia','quo'),(5,'Nihilesttempora','ess'),(6,'Cupiditatequodipsa','exp'),(7,'Sintofficiissunt','ill'),(8,'Quiquisinventore','sin'),(9,'Reprehenderititaqueautem','deb'),(10,'Praesentiumnostrumrecusandae','tem'),(11,'Rationemollitiaomnis','con'),(12,'Deseruntnamdolor','inc'),(13,'Nobisveritatissed','eni'),(14,'Sitconsequunturmaxime','abv'),(15,'Nihilcorruptiaut','dol'),(16,'Eiusmolestiaslabore','ius'),(17,'Ipsamomnisducimus','mol'),(18,'Magnamvelitaut','num'),(19,'Asperioresevenietvelit','ist'),(20,'Sintaperiamet','sun'),(21,'Sitametmaxime','dol'),(22,'Explicaboeosnihil','qui'),(23,'Laboriosamatqueullam','ali'),(24,'Eadoloredignissimos','sol'),(25,'Quiaetfacere','utv'),(26,'Utquia','con'),(27,'Architectodebitisfugit','dol'),(28,'Totamoptioet','nam'),(29,'Nonettemporibus','quo'),(30,'Voluptatesducimusiure','mol'),(31,'Fugiatprovidentin','aut'),(32,'Faceresedquia','rep'),(33,'Blanditiisasperioresnon','qua'),(34,'Autconsecteturvoluptas','per'),(35,'Molestiasquaeratvero','hic'),(36,'Culpaporroaut','sed'),(37,'Ipsaveritatisomnis','num'),(38,'Animieaquia','qui'),(39,'Doloremquequisfacilis','opt'),(40,'Totammaximerepudiandae','etr'),(41,'Quidemsitveritatis','rer'),(42,'Sittemporaaperiam','dol'),(43,'Dolorumdoloribusillum','uta'),(44,'Reiciendisquidemaperiam','ame'),(45,'Quamconsequaturqui','eve'),(46,'Velaperiamdoloribus','uta'),(47,'Officiisvoluptatesut','abf'),(48,'Suscipitullamesse','ear'),(49,'Corporisipsumaut','eti'),(50,'Voluptasadrem','sun'),(51,'Explicaboeiusut','aut'),(52,'Similiqueautrerum','off'),(53,'Cupiditatedignissimositaque','odi'),(54,'Underepudiandaeet','qui'),(55,'Aliquidsintaut','est'),(56,'Veritatissolutaharum','aut'),(57,'Omnislaboriosamsed','nob'),(58,'Possimusnostrumqui','sit'),(59,'Eligendivoluptascommodi','seq'),(60,'Cummolestiaeaccusantium','ius'),(61,'Etdelenitiiste','adi'),(62,'Utsuscipitaliquam','qui'),(63,'Deseruntvoluptatemquis','rep'),(64,'Etrecusandaeeveniet','nat'),(65,'Voluptatemevenietaccusamus','imp'),(66,'Nonpraesentiumaliquid','fug'),(67,'Ameteaconsequatur','nem'),(68,'Aliquamdoloredoloribus','nec'),(69,'Fugaoccaecatisuscipit','lab'),(70,'Minusatquevelit','dol'),(71,'Faceresolutaconsequatur','ess'),(72,'Quossintut','sol'),(73,'Consecteturdebitissunt','eaq'),(74,'Reiciendisetaut','qui'),(75,'Oditquaeofficia','omn'),(76,'Undenamculpa','vol'),(77,'Eaquisreprehenderit','por'),(78,'Nequearchitectotempore','del'),(79,'Autemducimusdolor','dis'),(80,'Placeatquiadistinctio','omn'),(81,'Sapienteaspernaturbeatae','rer'),(82,'Consequaturremtempora','ips'),(83,'Deseruntquisminus','ven'),(84,'Veniamsuntquia','aut'),(85,'Quositconsequuntur','num'),(86,'Autfacilisut','tem'),(87,'Modiexercitationemvoluptate','fug'),(88,'Minimasimiliquesapiente','sol'),(89,'Incidunteosblanditiis','dol'),(90,'Etveroreprehenderit','con'),(91,'Etametquo','mod'),(92,'Sintvoluptatemdelectus','ips'),(93,'Sequiutet','ver'),(94,'Autautomnis','est'),(95,'Exculpasint','inq'),(96,'Suscipiteaasperiores','vol'),(97,'Doloressitillo','inm'),(98,'Natusveritatisearum','est'),(99,'Etnequeexpedita','sit'),(100,'Atqueconsecteturofficiis','lab'),(101,'Voluptasquidolor','lab'),(102,'Officiisitaqueexcepturi','fac'),(103,'Idiustosit','inq'),(104,'Quasestaccusantium','ani'),(105,'Placeatnatusquae','und'),(106,'Doloremquevelet','nul'),(107,'Etvoluptatemsit','eta'),(108,'Occaecatiametut','inm'),(109,'Commodialiquamratione','rep'),(110,'Etvelsuscipit','con'),(111,'Harumreprehenderitin','und'),(112,'Estperferendisunde','sae'),(113,'Asperiorespraesentiummollitia','etq'),(114,'Voluptatemfugitsit','ana'),(115,'Anecessitatibusofficiis','qui'),(116,'Undealiasculpa','ass'),(117,'Exmollitiaomnis','ips'),(118,'Nonnequefugiat','qui'),(119,'Necessitatibusdoloremprovident','odi'),(120,'Estquodnumquam','eos'),(121,'Explicaboipsamalias','err'),(122,'Enimlaboriosamsunt','mol'),(123,'Consequaturverosit','vel'),(124,'Molestiassintat','vol'),(125,'Rerumnullaquia','eiu'),(126,'Repudiandaefacilissit','rer'),(127,'Reiciendispossimuset','qui'),(128,'Sintsedest','del'),(129,'Dolorumminusperspiciatis','qui'),(130,'Estcupiditatesed','idq'),(131,'Etnihilqui','ull'),(132,'Quisenimaut','rep'),(133,'Suscipitsapientesit','und'),(134,'Doloreassumendaaut','vol'),(135,'Sequierrordolor','odi'),(136,'Autsedmollitia','nem'),(137,'Natusmolestiaedignissimos','est'),(138,'Estaspernatursoluta','sed'),(139,'Aliquidsolutaet','vol'),(140,'Voluptatemaliasamet','vol'),(141,'Quivoluptatemipsa','ali'),(142,'Quiacorporisaut','qua'),(143,'Oditlaboriosamconsequatur','rer'),(144,'Ullamveniamnatus','iur'),(145,'Minusetquo','sin'),(146,'Idculpaaccusantium','uta'),(147,'Voluptatibusliberorepellat','utn'),(148,'Occaecatiporrotenetur','des'),(149,'Utconsequaturrepellat','opt'),(150,'Etametillo','qui'),(151,'Quasaliassit','acc'),(152,'Veletporro','odi'),(153,'Necessitatibusvoluptascupiditate','etm'),(154,'Similiquenecessitatibusperspiciatis','min'),(155,'Etesseoptio','lab'),(156,'Quiipsumet','quo'),(157,'Verorerumqui','dis'),(158,'Quiconsequunturvel','rer'),(159,'Quiaquasieum','quo'),(160,'Praesentiumestquia','des'),(161,'Quasomnisillum','etr'),(162,'Etrecusandaesunt','nos'),(163,'Quidemdelectusconsequatur','sit'),(164,'Sitsedet','vol'),(165,'Namdeseruntut','asp'),(166,'Laborumofficiisautem','ass'),(167,'Etetlabore','ten'),(168,'Autautomnis','vol'),(169,'Eiusdolorodio','etn'),(170,'Autlaudantiumqui','qui'),(171,'Saepeeaquefacere','etv'),(172,'Sitenimconsectetur','fac'),(173,'Voluptasdistinctiocupiditate','qua'),(174,'Sequioditdolor','cor'),(175,'Architectodoloremquesed','aut'),(176,'Ullammodiomnis','eli'),(177,'Maximeautconsequatur','con'),(178,'Delenitiquivel','cum'),(179,'Magniauthic','tot'),(180,'Eummollitianecessitatibus','sim'),(181,'Adipiscicorporisvoluptas','omn'),(182,'Sapientequinemo','hic'),(183,'Quisdoloresnon','neq'),(184,'Ametmaioresfacilis','etq'),(185,'Nobisquisid','nul'),(186,'Maximequaeratsit','abd'),(187,'Etmolestiaemagni','nul'),(188,'Facerelaborumvoluptas','nih'),(189,'Dignissimosistesimilique','fac'),(190,'Atquenihilet','exc'),(191,'Eligendiexcepturiveniam','pos'),(192,'Quiadoloresdolorum','vol'),(193,'Facilisblanditiisfacere','dol'),(194,'Idexercitationemqui','mol'),(195,'Quivelquis','del'),(196,'Cumestreiciendis','aut'),(197,'Aliquidillovel','vol'),(198,'Etperspiciatisasperiores','fac');
/*!40000 ALTER TABLE `buildings` ENABLE KEYS */;
UNLOCK TABLES;

--
-- Table structure for table `contract_lines`
--

DROP TABLE IF EXISTS `contract_lines`;
/*!40101 SET @saved_cs_client     = @@character_set_client */;
/*!40101 SET character_set_client = utf8 */;
CREATE TABLE `contract_lines` (
  `id` int(11) NOT NULL AUTO_INCREMENT,
  `contract_id` int(11) DEFAULT NULL,
  `type` varchar(255) COLLATE utf8_unicode_ci NOT NULL DEFAULT 'ItemLine',
  `item_id` int(11) DEFAULT NULL,
  `model_id` int(11) DEFAULT NULL,
  `quantity` int(11) DEFAULT '1',
  `start_date` date DEFAULT NULL,
  `end_date` date DEFAULT NULL,
  `returned_date` date DEFAULT NULL,
  `option_id` int(11) DEFAULT NULL,
  `purpose_id` int(11) DEFAULT NULL,
  `returned_to_user_id` int(11) DEFAULT NULL,
  `created_at` datetime DEFAULT NULL,
  `updated_at` datetime DEFAULT NULL,
  PRIMARY KEY (`id`),
  KEY `index_contract_lines_on_start_date` (`start_date`),
  KEY `index_contract_lines_on_end_date` (`end_date`),
  KEY `index_contract_lines_on_option_id` (`option_id`),
  KEY `index_contract_lines_on_contract_id` (`contract_id`),
  KEY `index_contract_lines_on_item_id` (`item_id`),
  KEY `index_contract_lines_on_model_id` (`model_id`),
  KEY `index_contract_lines_on_returned_date_and_contract_id` (`returned_date`,`contract_id`),
  KEY `index_contract_lines_on_type_and_contract_id` (`type`,`contract_id`),
  KEY `contract_lines_purpose_id_fk` (`purpose_id`),
  KEY `contract_lines_returned_to_user_id_fk` (`returned_to_user_id`),
  CONSTRAINT `contract_lines_returned_to_user_id_fk` FOREIGN KEY (`returned_to_user_id`) REFERENCES `users` (`id`),
  CONSTRAINT `contract_lines_contract_id_fk` FOREIGN KEY (`contract_id`) REFERENCES `contracts` (`id`) ON DELETE CASCADE,
  CONSTRAINT `contract_lines_item_id_fk` FOREIGN KEY (`item_id`) REFERENCES `items` (`id`),
  CONSTRAINT `contract_lines_model_id_fk` FOREIGN KEY (`model_id`) REFERENCES `models` (`id`),
  CONSTRAINT `contract_lines_option_id_fk` FOREIGN KEY (`option_id`) REFERENCES `options` (`id`),
  CONSTRAINT `contract_lines_purpose_id_fk` FOREIGN KEY (`purpose_id`) REFERENCES `purposes` (`id`)
) ENGINE=InnoDB AUTO_INCREMENT=201 DEFAULT CHARSET=utf8 COLLATE=utf8_unicode_ci;
/*!40101 SET character_set_client = @saved_cs_client */;

--
-- Dumping data for table `contract_lines`
--

LOCK TABLES `contract_lines` WRITE;
/*!40000 ALTER TABLE `contract_lines` DISABLE KEYS */;
INSERT INTO `contract_lines` VALUES (1,1,'ItemLine',NULL,119,1,'2013-01-24','2013-01-24',NULL,NULL,NULL,NULL,'2013-01-24 08:52:49','2013-01-24 08:52:49'),(2,1,'ItemLine',NULL,123,1,'2013-01-24','2013-01-24',NULL,NULL,NULL,NULL,'2013-01-24 08:52:49','2013-01-24 08:52:49'),(3,1,'ItemLine',NULL,127,1,'2013-01-24','2013-01-24',NULL,NULL,NULL,NULL,'2013-01-24 08:52:49','2013-01-24 08:52:49'),(4,2,'ItemLine',NULL,79,1,'2013-01-24','2013-01-24',NULL,NULL,NULL,NULL,'2013-01-24 08:52:49','2013-01-24 08:52:49'),(5,2,'ItemLine',NULL,70,1,'2013-01-24','2013-01-24',NULL,NULL,NULL,NULL,'2013-01-24 08:52:49','2013-01-24 08:52:49'),(6,2,'ItemLine',NULL,40,1,'2013-01-24','2013-01-24',NULL,NULL,NULL,NULL,'2013-01-24 08:52:49','2013-01-24 08:52:49'),(7,2,'ItemLine',NULL,56,1,'2013-01-24','2013-01-24',NULL,NULL,NULL,NULL,'2013-01-24 08:52:49','2013-01-24 08:52:49'),(8,2,'ItemLine',NULL,16,1,'2013-01-24','2013-01-24',NULL,NULL,NULL,NULL,'2013-01-24 08:52:49','2013-01-24 08:52:49'),(9,3,'ItemLine',NULL,8,1,'2013-01-31','2013-02-03',NULL,NULL,1,NULL,'2013-01-24 08:52:49','2013-01-24 08:52:49'),(10,3,'ItemLine',NULL,8,1,'2013-01-31','2013-02-03',NULL,NULL,1,NULL,'2013-01-24 08:52:49','2013-01-24 08:52:49'),(11,3,'ItemLine',NULL,8,1,'2013-01-31','2013-02-03',NULL,NULL,1,NULL,'2013-01-24 08:52:49','2013-01-24 08:52:49'),(12,3,'ItemLine',NULL,8,1,'2013-01-31','2013-02-03',NULL,NULL,1,NULL,'2013-01-24 08:52:49','2013-01-24 08:52:49'),(13,3,'ItemLine',NULL,9,1,'2013-01-31','2013-02-03',NULL,NULL,2,NULL,'2013-01-24 08:52:49','2013-01-24 08:52:49'),(14,3,'ItemLine',NULL,9,1,'2013-01-31','2013-02-03',NULL,NULL,2,NULL,'2013-01-24 08:52:49','2013-01-24 08:52:49'),(15,3,'ItemLine',NULL,9,1,'2013-01-31','2013-02-03',NULL,NULL,2,NULL,'2013-01-24 08:52:49','2013-01-24 08:52:49'),(16,4,'ItemLine',NULL,22,1,'2013-01-24','2013-01-25',NULL,NULL,3,NULL,'2013-01-24 08:52:49','2013-01-24 08:52:49'),(17,5,'ItemLine',NULL,81,1,'2013-01-24','2013-01-24',NULL,NULL,4,NULL,'2013-01-24 08:52:49','2013-01-24 08:52:49'),(18,5,'ItemLine',NULL,1,1,'2013-01-24','2013-01-24',NULL,NULL,4,NULL,'2013-01-24 08:52:49','2013-01-24 08:52:49'),(19,5,'ItemLine',NULL,2,1,'2013-01-24','2013-01-24',NULL,NULL,4,NULL,'2013-01-24 08:52:49','2013-01-24 08:52:49'),(20,5,'ItemLine',NULL,87,1,'2013-01-24','2013-01-24',NULL,NULL,4,NULL,'2013-01-24 08:52:49','2013-01-24 08:52:49'),(21,5,'ItemLine',NULL,89,1,'2013-01-24','2013-01-24',NULL,NULL,4,NULL,'2013-01-24 08:52:49','2013-01-24 08:52:49'),(22,5,'ItemLine',NULL,4,1,'2013-01-24','2013-01-24',NULL,NULL,4,NULL,'2013-01-24 08:52:49','2013-01-24 08:52:49'),(23,6,'ItemLine',NULL,84,1,'2013-01-24','2013-01-24',NULL,NULL,5,NULL,'2013-01-24 08:52:49','2013-01-24 08:52:49'),(24,6,'ItemLine',NULL,131,1,'2013-01-24','2013-01-24',NULL,NULL,5,NULL,'2013-01-24 08:52:49','2013-01-24 08:52:49'),(25,6,'ItemLine',NULL,135,1,'2013-01-24','2013-01-24',NULL,NULL,5,NULL,'2013-01-24 08:52:49','2013-01-24 08:52:49'),(26,6,'ItemLine',NULL,139,1,'2013-01-24','2013-01-24',NULL,NULL,5,NULL,'2013-01-24 08:52:49','2013-01-24 08:52:49'),(27,6,'ItemLine',NULL,143,1,'2013-01-24','2013-01-24',NULL,NULL,5,NULL,'2013-01-24 08:52:49','2013-01-24 08:52:49'),(28,6,'ItemLine',NULL,147,1,'2013-01-24','2013-01-24',NULL,NULL,5,NULL,'2013-01-24 08:52:49','2013-01-24 08:52:49'),(29,7,'ItemLine',NULL,4,1,'2013-01-24','2013-01-24',NULL,NULL,6,NULL,'2013-01-24 08:52:49','2013-01-24 08:52:49'),(30,7,'ItemLine',NULL,151,1,'2013-01-24','2013-01-24',NULL,NULL,6,NULL,'2013-01-24 08:52:49','2013-01-24 08:52:49'),(31,7,'ItemLine',NULL,155,1,'2013-01-24','2013-01-24',NULL,NULL,6,NULL,'2013-01-24 08:52:49','2013-01-24 08:52:49'),(32,7,'ItemLine',NULL,159,1,'2013-01-24','2013-01-24',NULL,NULL,6,NULL,'2013-01-24 08:52:49','2013-01-24 08:52:49'),(33,8,'ItemLine',NULL,163,1,'2013-01-24','2013-01-24',NULL,NULL,7,NULL,'2013-01-24 08:52:49','2013-01-24 08:52:49'),(34,8,'ItemLine',NULL,167,1,'2013-01-24','2013-01-24',NULL,NULL,7,NULL,'2013-01-24 08:52:49','2013-01-24 08:52:49'),(35,8,'ItemLine',NULL,171,1,'2013-01-24','2013-01-24',NULL,NULL,7,NULL,'2013-01-24 08:52:49','2013-01-24 08:52:49'),(36,8,'ItemLine',NULL,175,1,'2013-01-24','2013-01-24',NULL,NULL,7,NULL,'2013-01-24 08:52:49','2013-01-24 08:52:49'),(37,8,'ItemLine',NULL,179,1,'2013-01-24','2013-01-24',NULL,NULL,7,NULL,'2013-01-24 08:52:49','2013-01-24 08:52:49'),(38,9,'ItemLine',NULL,183,1,'2013-01-23','2013-01-23',NULL,NULL,8,NULL,'2013-01-23 08:52:49','2013-01-23 08:52:49'),(39,9,'ItemLine',NULL,184,1,'2013-01-23','2013-01-23',NULL,NULL,8,NULL,'2013-01-23 08:52:49','2013-01-23 08:52:49'),(40,9,'ItemLine',NULL,185,1,'2013-01-23','2013-01-23',NULL,NULL,8,NULL,'2013-01-23 08:52:49','2013-01-23 08:52:49'),(41,9,'ItemLine',NULL,19,1,'2013-01-23','2013-01-23',NULL,NULL,9,NULL,'2013-01-23 08:52:49','2013-01-23 08:52:49'),(42,10,'ItemLine',NULL,186,1,'2013-01-24','2013-01-24',NULL,NULL,10,NULL,'2013-01-24 08:52:49','2013-01-24 08:52:49'),(43,10,'ItemLine',NULL,187,1,'2013-01-24','2013-01-24',NULL,NULL,10,NULL,'2013-01-24 08:52:49','2013-01-24 08:52:49'),(44,10,'ItemLine',NULL,188,1,'2013-01-24','2013-01-24',NULL,NULL,10,NULL,'2013-01-24 08:52:49','2013-01-24 08:52:49'),(45,10,'ItemLine',NULL,189,1,'2013-01-24','2013-01-24',NULL,NULL,10,NULL,'2013-01-24 08:52:49','2013-01-24 08:52:49'),(46,10,'ItemLine',NULL,190,1,'2013-01-24','2013-01-24',NULL,NULL,10,NULL,'2013-01-24 08:52:49','2013-01-24 08:52:49'),(47,10,'ItemLine',NULL,21,1,'2013-01-24','2013-01-24',NULL,NULL,11,NULL,'2013-01-24 08:52:49','2013-01-24 08:52:49'),(48,11,'ItemLine',NULL,191,1,'2013-01-24','2013-01-24',NULL,NULL,12,NULL,'2013-01-24 08:52:49','2013-01-24 08:52:49'),(49,11,'ItemLine',NULL,192,1,'2013-01-24','2013-01-24',NULL,NULL,12,NULL,'2013-01-24 08:52:49','2013-01-24 08:52:49'),(50,11,'ItemLine',NULL,193,1,'2013-01-24','2013-01-24',NULL,NULL,12,NULL,'2013-01-24 08:52:49','2013-01-24 08:52:49'),(51,11,'ItemLine',NULL,194,1,'2013-01-24','2013-01-24',NULL,NULL,12,NULL,'2013-01-24 08:52:49','2013-01-24 08:52:49'),(52,12,'ItemLine',NULL,195,1,'2013-01-24','2013-01-24',NULL,NULL,13,NULL,'2013-01-24 08:52:49','2013-01-24 08:52:49'),(53,12,'ItemLine',NULL,196,1,'2013-01-24','2013-01-24',NULL,NULL,13,NULL,'2013-01-24 08:52:49','2013-01-24 08:52:49'),(54,12,'ItemLine',NULL,197,1,'2013-01-24','2013-01-24',NULL,NULL,13,NULL,'2013-01-24 08:52:49','2013-01-24 08:52:49'),(55,13,'ItemLine',NULL,198,1,'2013-01-24','2013-01-24',NULL,NULL,14,NULL,'2013-01-24 08:52:49','2013-01-24 08:52:49'),(56,13,'ItemLine',NULL,199,1,'2013-01-24','2013-01-24',NULL,NULL,14,NULL,'2013-01-24 08:52:49','2013-01-24 08:52:49'),(57,13,'ItemLine',NULL,200,1,'2013-01-24','2013-01-24',NULL,NULL,14,NULL,'2013-01-24 08:52:49','2013-01-24 08:52:49'),(58,13,'ItemLine',NULL,201,1,'2013-01-24','2013-01-24',NULL,NULL,14,NULL,'2013-01-24 08:52:49','2013-01-24 08:52:49'),(59,14,'ItemLine',NULL,202,1,'2013-01-18','2013-01-18',NULL,NULL,15,NULL,'2013-01-18 08:52:49','2013-01-18 08:52:49'),(60,14,'ItemLine',NULL,203,1,'2013-01-18','2013-01-18',NULL,NULL,15,NULL,'2013-01-18 08:52:49','2013-01-18 08:52:49'),(61,14,'ItemLine',NULL,204,1,'2013-01-18','2013-01-18',NULL,NULL,15,NULL,'2013-01-18 08:52:49','2013-01-18 08:52:49'),(62,14,'ItemLine',NULL,205,1,'2013-01-18','2013-01-18',NULL,NULL,15,NULL,'2013-01-18 08:52:49','2013-01-18 08:52:49'),(63,14,'ItemLine',NULL,20,1,'2013-01-18','2013-01-18',NULL,NULL,16,NULL,'2013-01-18 08:52:49','2013-01-18 08:52:49'),(64,14,'ItemLine',NULL,20,1,'2013-01-18','2013-01-18',NULL,NULL,16,NULL,'2013-01-18 08:52:49','2013-01-18 08:52:49'),(65,15,'ItemLine',NULL,206,1,'2013-01-22','2013-01-22',NULL,NULL,17,NULL,'2013-01-22 08:52:49','2013-01-22 08:52:49'),(66,15,'ItemLine',NULL,207,1,'2013-01-22','2013-01-22',NULL,NULL,17,NULL,'2013-01-22 08:52:49','2013-01-22 08:52:49'),(67,15,'ItemLine',NULL,208,1,'2013-01-22','2013-01-22',NULL,NULL,17,NULL,'2013-01-22 08:52:49','2013-01-22 08:52:49'),(68,15,'ItemLine',NULL,209,1,'2013-01-22','2013-01-22',NULL,NULL,17,NULL,'2013-01-22 08:52:49','2013-01-22 08:52:49'),(69,15,'ItemLine',NULL,210,1,'2013-01-22','2013-01-22',NULL,NULL,17,NULL,'2013-01-22 08:52:49','2013-01-22 08:52:49'),(70,16,'ItemLine',NULL,8,1,'2013-01-31','2013-02-03',NULL,NULL,18,NULL,'2013-01-24 08:52:49','2013-01-24 08:52:49'),(71,16,'ItemLine',NULL,9,1,'2013-01-31','2013-02-03',NULL,NULL,19,NULL,'2013-01-24 08:52:49','2013-01-24 08:52:49'),(72,16,'ItemLine',NULL,9,1,'2013-02-01','2013-02-04',NULL,NULL,20,NULL,'2013-01-24 08:52:49','2013-01-24 08:52:49'),(73,17,'ItemLine',NULL,6,1,'2013-01-24','2013-01-25',NULL,NULL,21,NULL,'2013-01-24 08:52:49','2013-01-24 08:52:49'),(74,18,'ItemLine',NULL,211,1,'2013-01-24','2013-01-24',NULL,NULL,22,NULL,'2013-01-24 08:52:49','2013-01-24 08:52:49'),(75,18,'ItemLine',NULL,215,1,'2013-01-24','2013-01-24',NULL,NULL,22,NULL,'2013-01-24 08:52:49','2013-01-24 08:52:49'),(76,18,'ItemLine',NULL,219,1,'2013-01-24','2013-01-24',NULL,NULL,22,NULL,'2013-01-24 08:52:49','2013-01-24 08:52:49'),(77,18,'ItemLine',NULL,223,1,'2013-01-24','2013-01-24',NULL,NULL,22,NULL,'2013-01-24 08:52:49','2013-01-24 08:52:49'),(78,18,'ItemLine',NULL,227,1,'2013-01-24','2013-01-24',NULL,NULL,22,NULL,'2013-01-24 08:52:49','2013-01-24 08:52:49'),(79,19,'ItemLine',228,231,1,'2013-01-24','2013-01-24',NULL,NULL,23,NULL,'2013-01-24 08:52:49','2013-01-24 08:52:49'),(80,19,'ItemLine',229,232,1,'2013-01-24','2013-01-24',NULL,NULL,23,NULL,'2013-01-24 08:52:49','2013-01-24 08:52:49'),(81,19,'ItemLine',230,233,1,'2013-01-24','2013-01-24',NULL,NULL,23,NULL,'2013-01-24 08:52:49','2013-01-24 08:52:49'),(82,19,'ItemLine',231,234,1,'2013-01-24','2013-01-24',NULL,NULL,23,NULL,'2013-01-24 08:52:49','2013-01-24 08:52:49'),(83,19,'ItemLine',232,235,1,'2013-01-24','2013-01-24',NULL,NULL,23,NULL,'2013-01-24 08:52:49','2013-01-24 08:52:49'),(84,19,'ItemLine',233,236,1,'2013-01-24','2013-01-24',NULL,NULL,23,NULL,'2013-01-24 08:52:49','2013-01-24 08:52:49'),(85,19,'ItemLine',234,237,1,'2013-01-24','2013-01-24',NULL,NULL,23,NULL,'2013-01-24 08:52:49','2013-01-24 08:52:49'),(86,19,'ItemLine',235,238,1,'2013-01-24','2013-01-24',NULL,NULL,23,NULL,'2013-01-24 08:52:49','2013-01-24 08:52:49'),(87,19,'ItemLine',236,239,1,'2013-01-24','2013-01-24',NULL,NULL,23,NULL,'2013-01-24 08:52:49','2013-01-24 08:52:49'),(88,19,'ItemLine',237,240,1,'2013-01-24','2013-01-24',NULL,NULL,23,NULL,'2013-01-24 08:52:49','2013-01-24 08:52:49'),(89,19,'ItemLine',238,241,1,'2013-01-24','2013-01-24',NULL,NULL,23,NULL,'2013-01-24 08:52:49','2013-01-24 08:52:49'),(90,19,'ItemLine',239,242,1,'2013-01-24','2013-01-24',NULL,NULL,23,NULL,'2013-01-24 08:52:49','2013-01-24 08:52:49'),(91,19,'ItemLine',240,243,1,'2013-01-24','2013-01-24',NULL,NULL,23,NULL,'2013-01-24 08:52:49','2013-01-24 08:52:49'),(92,19,'ItemLine',241,244,1,'2013-01-24','2013-01-24',NULL,NULL,23,NULL,'2013-01-24 08:52:49','2013-01-24 08:52:49'),(93,19,'ItemLine',242,245,1,'2013-01-24','2013-01-24',NULL,NULL,23,NULL,'2013-01-24 08:52:49','2013-01-24 08:52:49'),(94,19,'ItemLine',243,246,1,'2013-01-24','2013-01-24',NULL,NULL,23,NULL,'2013-01-24 08:52:49','2013-01-24 08:52:49'),(95,19,'ItemLine',244,247,1,'2013-01-24','2013-01-24',NULL,NULL,23,NULL,'2013-01-24 08:52:49','2013-01-24 08:52:49'),(96,19,'ItemLine',245,248,1,'2013-01-24','2013-01-24',NULL,NULL,23,NULL,'2013-01-24 08:52:49','2013-01-24 08:52:49'),(97,19,'ItemLine',246,249,1,'2013-01-24','2013-01-24',NULL,NULL,23,NULL,'2013-01-24 08:52:49','2013-01-24 08:52:49'),(98,19,'ItemLine',247,250,1,'2013-01-24','2013-01-24',NULL,NULL,23,NULL,'2013-01-24 08:52:49','2013-01-24 08:52:49'),(99,19,'ItemLine',248,251,1,'2013-01-24','2013-01-24',NULL,NULL,23,NULL,'2013-01-24 08:52:49','2013-01-24 08:52:49'),(100,19,'ItemLine',249,252,1,'2013-01-24','2013-01-24',NULL,NULL,23,NULL,'2013-01-24 08:52:49','2013-01-24 08:52:49'),(101,19,'ItemLine',250,253,1,'2013-01-24','2013-01-24',NULL,NULL,23,NULL,'2013-01-24 08:52:49','2013-01-24 08:52:49'),(102,19,'ItemLine',251,254,1,'2013-01-24','2013-01-24',NULL,NULL,23,NULL,'2013-01-24 08:52:49','2013-01-24 08:52:49'),(103,19,'ItemLine',252,255,1,'2013-01-24','2013-01-24',NULL,NULL,23,NULL,'2013-01-24 08:52:49','2013-01-24 08:52:49'),(104,19,'ItemLine',253,256,1,'2013-01-24','2013-01-24',NULL,NULL,23,NULL,'2013-01-24 08:52:49','2013-01-24 08:52:49'),(105,19,'ItemLine',254,257,1,'2013-01-24','2013-01-24',NULL,NULL,23,NULL,'2013-01-24 08:52:49','2013-01-24 08:52:49'),(106,19,'ItemLine',255,258,1,'2013-01-24','2013-01-24',NULL,NULL,23,NULL,'2013-01-24 08:52:49','2013-01-24 08:52:49'),(107,19,'ItemLine',256,259,1,'2013-01-24','2013-01-24',NULL,NULL,23,NULL,'2013-01-24 08:52:49','2013-01-24 08:52:49'),(108,19,'ItemLine',257,260,1,'2013-01-24','2013-01-24',NULL,NULL,23,NULL,'2013-01-24 08:52:49','2013-01-24 08:52:49'),(109,19,'ItemLine',258,261,1,'2013-01-24','2013-01-24',NULL,NULL,23,NULL,'2013-01-24 08:52:49','2013-01-24 08:52:49'),(110,19,'ItemLine',259,262,1,'2013-01-24','2013-01-24',NULL,NULL,23,NULL,'2013-01-24 08:52:49','2013-01-24 08:52:49'),(111,19,'ItemLine',260,263,1,'2013-01-24','2013-01-24',NULL,NULL,23,NULL,'2013-01-24 08:52:49','2013-01-24 08:52:49'),(112,19,'ItemLine',261,264,1,'2013-01-24','2013-01-24',NULL,NULL,23,NULL,'2013-01-24 08:52:49','2013-01-24 08:52:49'),(113,19,'ItemLine',262,265,1,'2013-01-24','2013-01-24',NULL,NULL,23,NULL,'2013-01-24 08:52:49','2013-01-24 08:52:49'),(114,19,'ItemLine',263,266,1,'2013-01-24','2013-01-24',NULL,NULL,23,NULL,'2013-01-24 08:52:49','2013-01-24 08:52:49'),(115,19,'ItemLine',264,267,1,'2013-01-24','2013-01-24',NULL,NULL,23,NULL,'2013-01-24 08:52:49','2013-01-24 08:52:49'),(116,19,'ItemLine',265,268,1,'2013-01-24','2013-01-24',NULL,NULL,23,NULL,'2013-01-24 08:52:49','2013-01-24 08:52:49'),(117,19,'ItemLine',266,269,1,'2013-01-24','2013-01-24',NULL,NULL,23,NULL,'2013-01-24 08:52:49','2013-01-24 08:52:49'),(118,19,'ItemLine',NULL,270,1,'2013-01-24','2013-01-24',NULL,NULL,24,NULL,'2013-01-24 08:52:49','2013-01-24 08:52:49'),(119,19,'ItemLine',NULL,271,1,'2013-01-24','2013-01-24',NULL,NULL,24,NULL,'2013-01-24 08:52:49','2013-01-24 08:52:49'),(120,20,'ItemLine',NULL,272,1,'2013-01-18','2013-01-18',NULL,NULL,25,NULL,'2013-01-18 08:52:49','2013-01-18 08:52:49'),(121,20,'ItemLine',NULL,273,1,'2013-01-18','2013-01-18',NULL,NULL,25,NULL,'2013-01-18 08:52:49','2013-01-18 08:52:49'),(122,20,'ItemLine',NULL,274,1,'2013-01-18','2013-01-18',NULL,NULL,25,NULL,'2013-01-18 08:52:49','2013-01-18 08:52:49'),(123,20,'ItemLine',NULL,19,1,'2013-01-18','2013-01-18',NULL,NULL,26,NULL,'2013-01-18 08:52:49','2013-01-18 08:52:49'),(124,21,'ItemLine',88,19,1,'2012-10-24','2012-10-24','2012-10-24',NULL,27,NULL,'2012-10-24 07:52:49','2012-10-24 07:52:49'),(125,22,'ItemLine',272,275,1,'2013-01-24','2013-01-24',NULL,NULL,28,NULL,'2013-01-24 08:52:49','2013-01-24 08:52:49'),(126,22,'OptionLine',NULL,NULL,2,'2013-01-24','2013-01-24',NULL,5,29,NULL,'2013-01-24 08:52:49','2013-01-24 08:52:49'),(127,23,'OptionLine',NULL,NULL,2,'2013-01-24','2013-01-24',NULL,4,30,NULL,'2013-01-24 08:52:49','2013-01-24 08:52:49'),(128,23,'OptionLine',NULL,NULL,1,'2013-01-24','2013-02-24',NULL,4,31,NULL,'2013-01-24 08:52:49','2013-01-24 08:52:49'),(129,24,'ItemLine',273,276,1,'2013-01-24','2013-01-24',NULL,NULL,32,NULL,'2013-01-24 08:52:49','2013-01-24 08:52:49'),(130,25,'ItemLine',NULL,277,1,'2013-01-19','2013-01-23',NULL,NULL,33,NULL,'2013-01-19 08:52:49','2013-01-19 08:52:49'),(131,25,'OptionLine',NULL,NULL,1,'2013-01-19','2013-01-23',NULL,6,34,NULL,'2013-01-19 08:52:49','2013-01-19 08:52:49'),(132,26,'ItemLine',86,4,1,'2013-01-24','2013-01-24','2013-01-24',NULL,35,NULL,'2013-01-24 08:52:49','2013-01-24 08:52:49'),(133,27,'ItemLine',87,4,1,'2013-01-24','2013-01-24','2013-01-24',NULL,36,NULL,'2013-01-24 08:52:49','2013-01-24 08:52:49'),(134,28,'ItemLine',275,278,1,'2013-01-24','2013-01-24','2013-01-24',NULL,37,NULL,'2013-01-24 08:52:49','2013-01-24 08:52:49'),(135,29,'ItemLine',NULL,9,1,'2013-01-24','2013-01-24',NULL,NULL,38,NULL,'2013-01-24 08:52:49','2013-01-24 08:52:49'),(136,30,'ItemLine',NULL,9,1,'2013-01-24','2013-01-24',NULL,NULL,39,NULL,'2013-01-24 08:52:49','2013-01-24 08:52:49'),(137,30,'ItemLine',NULL,2,1,'2013-01-24','2013-01-24',NULL,NULL,40,NULL,'2013-01-24 08:52:49','2013-01-24 08:52:49'),(138,31,'ItemLine',NULL,9,1,'2013-01-31','2013-02-01',NULL,NULL,41,NULL,'2013-01-24 08:52:49','2013-01-24 08:52:49'),(139,32,'ItemLine',NULL,2,1,'2013-01-24','2013-01-24',NULL,NULL,42,NULL,'2013-01-24 08:52:49','2013-01-24 08:52:49'),(140,32,'ItemLine',NULL,2,1,'2013-01-24','2013-01-24',NULL,NULL,42,NULL,'2013-01-24 08:52:49','2013-01-24 08:52:49'),(141,32,'ItemLine',NULL,2,1,'2013-01-24','2013-01-24',NULL,NULL,42,NULL,'2013-01-24 08:52:49','2013-01-24 08:52:49'),(142,33,'ItemLine',NULL,8,1,'2013-01-24','2013-01-24',NULL,NULL,43,NULL,'2013-01-24 08:52:49','2013-01-24 08:52:49'),(143,33,'ItemLine',NULL,8,1,'2013-01-24','2013-01-24',NULL,NULL,43,NULL,'2013-01-24 08:52:49','2013-01-24 08:52:49'),(144,33,'ItemLine',NULL,8,1,'2013-01-24','2013-01-24',NULL,NULL,43,NULL,'2013-01-24 08:52:49','2013-01-24 08:52:49'),(145,33,'ItemLine',NULL,9,1,'2013-01-24','2013-01-24',NULL,NULL,44,NULL,'2013-01-24 08:52:49','2013-01-24 08:52:49'),(146,33,'ItemLine',NULL,9,1,'2013-01-24','2013-01-24',NULL,NULL,44,NULL,'2013-01-24 08:52:49','2013-01-24 08:52:49'),(147,33,'ItemLine',NULL,9,1,'2013-01-24','2013-01-24',NULL,NULL,44,NULL,'2013-01-24 08:52:49','2013-01-24 08:52:49'),(148,33,'OptionLine',NULL,NULL,5,'2013-01-24','2013-01-24',NULL,1,45,NULL,'2013-01-24 08:52:49','2013-01-24 08:52:49'),(149,34,'ItemLine',NULL,279,1,'2013-01-24','2013-01-24',NULL,NULL,46,NULL,'2013-01-24 08:52:49','2013-01-24 08:52:49'),(150,35,'ItemLine',277,280,1,'2013-01-24','2013-01-24',NULL,NULL,47,NULL,'2013-01-24 08:52:49','2013-01-24 08:52:49'),(151,36,'ItemLine',60,8,1,'2013-01-24','2013-01-24',NULL,NULL,48,NULL,'2013-01-24 08:52:49','2013-01-24 08:52:49'),(152,37,'ItemLine',93,23,1,'2013-01-19','2013-01-23',NULL,NULL,49,NULL,'2013-01-19 08:52:49','2013-01-19 08:52:49'),(153,37,'OptionLine',NULL,NULL,1,'2013-01-19','2013-01-21',NULL,7,50,NULL,'2013-01-19 08:52:49','2013-01-19 08:52:49'),(154,38,'ItemLine',278,281,1,'2013-01-24','2013-01-24',NULL,NULL,51,NULL,'2013-01-24 08:52:49','2013-01-24 08:52:49'),(155,39,'ItemLine',279,282,1,'2013-01-24','2013-01-24',NULL,NULL,52,NULL,'2013-01-24 08:52:49','2013-01-24 08:52:49'),(156,39,'ItemLine',280,283,1,'2013-01-24','2013-01-24','2013-01-24',NULL,53,5,'2013-01-24 08:52:49','2013-01-24 08:52:49'),(157,40,'ItemLine',107,87,1,'2013-01-24','2013-01-24',NULL,NULL,54,NULL,'2013-01-24 08:52:49','2013-01-24 08:52:49'),(158,40,'ItemLine',56,2,1,'2013-01-24','2013-01-24',NULL,NULL,55,NULL,'2013-01-24 08:52:49','2013-01-24 08:52:49'),(159,41,'ItemLine',281,284,1,'2013-01-24','2013-01-24',NULL,NULL,56,NULL,'2013-01-24 08:52:49','2013-01-24 08:52:49'),(160,42,'ItemLine',109,89,1,'2013-01-24','2013-01-24',NULL,NULL,57,NULL,'2013-01-24 08:52:49','2013-01-24 08:52:49'),(161,43,'ItemLine',NULL,2,1,'2013-01-22','2013-01-25',NULL,NULL,58,NULL,'2013-01-24 08:52:49','2013-01-24 08:52:49'),(162,43,'ItemLine',NULL,285,1,'2013-01-22','2013-01-25',NULL,NULL,59,NULL,'2013-01-24 08:52:49','2013-01-24 08:52:49'),(163,44,'ItemLine',NULL,22,1,'2013-01-24','2013-01-24',NULL,NULL,60,NULL,'2013-01-24 08:52:49','2013-01-24 08:52:49'),(164,44,'ItemLine',NULL,22,1,'2013-01-24','2013-01-24',NULL,NULL,60,NULL,'2013-01-24 08:52:49','2013-01-24 08:52:49'),(165,45,'ItemLine',53,2,1,'2013-01-24','2013-01-24',NULL,NULL,61,NULL,'2013-01-24 08:52:49','2013-01-24 08:52:49'),(166,45,'OptionLine',NULL,NULL,1,'2013-01-24','2013-01-24',NULL,1,62,NULL,'2013-01-24 08:52:49','2013-01-24 08:52:49'),(167,46,'ItemLine',NULL,8,1,'2013-03-02','2013-03-10',NULL,NULL,63,NULL,'2013-01-24 08:52:49','2013-01-24 08:52:49'),(168,47,'ItemLine',NULL,8,1,'2013-03-17','2013-03-20',NULL,NULL,64,NULL,'2013-01-24 08:52:49','2013-01-24 08:52:49'),(169,47,'ItemLine',NULL,8,1,'2013-03-17','2013-03-20',NULL,NULL,64,NULL,'2013-01-24 08:52:49','2013-01-24 08:52:49'),(170,47,'ItemLine',NULL,8,1,'2013-03-17','2013-03-20',NULL,NULL,64,NULL,'2013-01-24 08:52:49','2013-01-24 08:52:49'),(171,47,'ItemLine',NULL,8,1,'2013-03-17','2013-03-20',NULL,NULL,64,NULL,'2013-01-24 08:52:49','2013-01-24 08:52:49'),(172,47,'ItemLine',NULL,8,1,'2013-03-17','2013-03-20',NULL,NULL,64,NULL,'2013-01-24 08:52:49','2013-01-24 08:52:49'),(173,47,'ItemLine',NULL,8,1,'2013-03-17','2013-03-20',NULL,NULL,64,NULL,'2013-01-24 08:52:49','2013-01-24 08:52:49'),(174,48,'ItemLine',NULL,286,1,'2013-01-24','2013-01-24',NULL,NULL,65,NULL,'2013-01-24 08:52:49','2013-01-24 08:52:49'),(175,48,'ItemLine',NULL,287,1,'2013-01-24','2013-01-24',NULL,NULL,65,NULL,'2013-01-24 08:52:49','2013-01-24 08:52:49'),(176,48,'ItemLine',NULL,288,1,'2013-01-24','2013-01-24',NULL,NULL,65,NULL,'2013-01-24 08:52:49','2013-01-24 08:52:49'),(177,48,'ItemLine',NULL,289,1,'2013-01-24','2013-01-24',NULL,NULL,65,NULL,'2013-01-24 08:52:49','2013-01-24 08:52:49'),(178,49,'ItemLine',NULL,290,1,'2013-01-24','2013-01-24',NULL,NULL,66,NULL,'2013-01-24 08:52:49','2013-01-24 08:52:49'),(179,49,'ItemLine',NULL,291,1,'2013-01-24','2013-01-24',NULL,NULL,66,NULL,'2013-01-24 08:52:49','2013-01-24 08:52:49'),(180,49,'ItemLine',NULL,292,1,'2013-01-24','2013-01-24',NULL,NULL,66,NULL,'2013-01-24 08:52:49','2013-01-24 08:52:49'),(181,49,'ItemLine',NULL,293,1,'2013-01-24','2013-01-24',NULL,NULL,66,NULL,'2013-01-24 08:52:49','2013-01-24 08:52:49'),(182,50,'ItemLine',291,294,1,'2013-01-24','2013-01-24',NULL,NULL,67,NULL,'2013-01-24 08:52:49','2013-01-24 08:52:49'),(183,50,'ItemLine',292,295,1,'2013-01-24','2013-01-24',NULL,NULL,67,NULL,'2013-01-24 08:52:49','2013-01-24 08:52:49'),(184,50,'ItemLine',293,296,1,'2013-01-24','2013-01-24',NULL,NULL,67,NULL,'2013-01-24 08:52:49','2013-01-24 08:52:49'),(185,50,'ItemLine',294,297,1,'2013-01-24','2013-01-24',NULL,NULL,67,NULL,'2013-01-24 08:52:49','2013-01-24 08:52:49'),(186,50,'ItemLine',295,298,1,'2013-01-24','2013-01-24',NULL,NULL,67,NULL,'2013-01-24 08:52:49','2013-01-24 08:52:49'),(187,51,'ItemLine',296,299,1,'2013-01-24','2013-01-24',NULL,NULL,68,NULL,'2013-01-24 08:52:49','2013-01-24 08:52:49'),(188,51,'ItemLine',297,300,1,'2013-01-24','2013-01-24',NULL,NULL,68,NULL,'2013-01-24 08:52:49','2013-01-24 08:52:49'),(189,51,'ItemLine',298,301,1,'2013-01-24','2013-01-24',NULL,NULL,68,NULL,'2013-01-24 08:52:49','2013-01-24 08:52:49'),(190,51,'ItemLine',299,302,1,'2013-01-24','2013-01-24',NULL,NULL,68,NULL,'2013-01-24 08:52:49','2013-01-24 08:52:49'),(191,51,'ItemLine',300,303,1,'2013-01-24','2013-01-24',NULL,NULL,68,NULL,'2013-01-24 08:52:49','2013-01-24 08:52:49'),(192,52,'ItemLine',301,304,1,'2013-01-19','2013-01-21',NULL,NULL,69,NULL,'2013-01-19 08:52:49','2013-01-19 08:52:49'),(193,52,'ItemLine',302,305,1,'2013-01-19','2013-01-21',NULL,NULL,69,NULL,'2013-01-19 08:52:49','2013-01-19 08:52:49'),(194,52,'ItemLine',303,306,1,'2013-01-19','2013-01-21',NULL,NULL,69,NULL,'2013-01-19 08:52:49','2013-01-19 08:52:49'),(195,53,'ItemLine',NULL,307,1,'2013-01-22','2013-01-22',NULL,NULL,70,NULL,'2013-01-22 08:52:49','2013-01-22 08:52:49'),(196,53,'ItemLine',NULL,308,1,'2013-01-22','2013-01-22',NULL,NULL,70,NULL,'2013-01-22 08:52:49','2013-01-22 08:52:49'),(197,53,'ItemLine',NULL,309,1,'2013-01-22','2013-01-22',NULL,NULL,70,NULL,'2013-01-22 08:52:49','2013-01-22 08:52:49'),(198,53,'ItemLine',NULL,310,1,'2013-01-22','2013-01-22',NULL,NULL,70,NULL,'2013-01-22 08:52:49','2013-01-22 08:52:49'),(199,53,'ItemLine',NULL,311,1,'2013-01-22','2013-01-22',NULL,NULL,70,NULL,'2013-01-22 08:52:49','2013-01-22 08:52:49'),(200,53,'ItemLine',NULL,19,1,'2013-01-22','2013-01-22',NULL,NULL,71,NULL,'2013-01-22 08:52:49','2013-01-22 08:52:49');
/*!40000 ALTER TABLE `contract_lines` ENABLE KEYS */;
UNLOCK TABLES;

--
-- Table structure for table `contracts`
--

DROP TABLE IF EXISTS `contracts`;
/*!40101 SET @saved_cs_client     = @@character_set_client */;
/*!40101 SET character_set_client = utf8 */;
CREATE TABLE `contracts` (
  `id` int(11) NOT NULL AUTO_INCREMENT,
  `user_id` int(11) DEFAULT NULL,
  `delegated_user_id` int(11) DEFAULT NULL,
  `inventory_pool_id` int(11) DEFAULT NULL,
  `note` text COLLATE utf8_unicode_ci,
  `handed_over_by_user_id` int(11) DEFAULT NULL,
  `created_at` datetime DEFAULT NULL,
  `updated_at` datetime DEFAULT NULL,
  `status` enum('unsubmitted','submitted','rejected','approved','signed','closed') COLLATE utf8_unicode_ci NOT NULL,
  PRIMARY KEY (`id`),
  KEY `index_contracts_on_inventory_pool_id` (`inventory_pool_id`),
  KEY `index_contracts_on_status` (`status`),
  KEY `index_contracts_on_user_id` (`user_id`),
  KEY `contracts_delegated_user_id_fk` (`delegated_user_id`),
  KEY `contracts_handed_over_by_user_id_fk` (`handed_over_by_user_id`),
  CONSTRAINT `contracts_handed_over_by_user_id_fk` FOREIGN KEY (`handed_over_by_user_id`) REFERENCES `users` (`id`),
  CONSTRAINT `contracts_delegated_user_id_fk` FOREIGN KEY (`delegated_user_id`) REFERENCES `users` (`id`),
  CONSTRAINT `contracts_inventory_pool_id_fk` FOREIGN KEY (`inventory_pool_id`) REFERENCES `inventory_pools` (`id`),
  CONSTRAINT `contracts_user_id_fk` FOREIGN KEY (`user_id`) REFERENCES `users` (`id`)
) ENGINE=InnoDB AUTO_INCREMENT=54 DEFAULT CHARSET=utf8 COLLATE=utf8_unicode_ci;
/*!40101 SET character_set_client = @saved_cs_client */;

--
-- Dumping data for table `contracts`
--

LOCK TABLES `contracts` WRITE;
/*!40000 ALTER TABLE `contracts` DISABLE KEYS */;
INSERT INTO `contracts` VALUES (1,34,NULL,7,NULL,NULL,'2013-01-24 08:52:49','2013-01-24 08:52:49','unsubmitted'),(2,6,NULL,1,NULL,NULL,'2013-01-24 08:52:49','2013-01-24 08:52:49','unsubmitted'),(3,6,NULL,1,NULL,NULL,'2013-01-24 08:52:49','2013-01-24 08:52:49','submitted'),(4,19,NULL,1,NULL,NULL,'2013-01-24 08:52:49','2013-01-24 08:52:49','submitted'),(5,6,NULL,2,NULL,NULL,'2013-01-24 08:52:49','2013-01-24 08:52:49','submitted'),(6,6,NULL,2,NULL,NULL,'2013-01-24 08:52:49','2013-01-24 08:52:49','submitted'),(7,6,NULL,3,NULL,NULL,'2013-01-24 08:52:49','2013-01-24 08:52:49','submitted'),(8,6,NULL,3,NULL,NULL,'2013-01-24 08:52:49','2013-01-24 08:52:49','submitted'),(9,14,NULL,1,NULL,NULL,'2013-01-23 08:52:49','2013-01-23 08:52:49','submitted'),(10,15,NULL,1,NULL,NULL,'2013-01-24 08:52:49','2013-01-24 08:52:49','submitted'),(11,16,NULL,1,NULL,NULL,'2013-01-24 08:52:49','2013-01-24 08:52:49','submitted'),(12,17,NULL,1,NULL,NULL,'2013-01-24 08:52:49','2013-01-24 08:52:49','submitted'),(13,18,NULL,1,NULL,NULL,'2013-01-24 08:52:49','2013-01-24 08:52:49','submitted'),(14,14,NULL,1,NULL,NULL,'2013-01-18 08:52:49','2013-01-18 08:52:49','submitted'),(15,14,NULL,1,NULL,NULL,'2013-01-22 08:52:49','2013-01-22 08:52:49','submitted'),(16,11,NULL,1,NULL,NULL,'2013-01-24 08:52:49','2013-01-24 08:52:49','submitted'),(17,11,NULL,1,NULL,NULL,'2013-01-24 08:52:49','2013-01-24 08:52:49','submitted'),(18,35,NULL,12,NULL,NULL,'2013-01-24 08:52:49','2013-01-24 08:52:49','approved'),(19,22,NULL,1,NULL,NULL,'2013-01-24 08:52:49','2013-01-24 08:52:49','approved'),(20,14,NULL,1,NULL,NULL,'2013-01-18 08:52:49','2013-01-18 08:52:49','approved'),(21,14,NULL,1,NULL,5,'2012-10-24 07:52:49','2012-10-24 07:52:49','closed'),(22,21,NULL,1,NULL,5,'2013-01-24 08:52:49','2013-01-24 08:52:49','signed'),(23,8,NULL,1,NULL,5,'2013-01-24 08:52:49','2013-01-24 08:52:49','signed'),(24,12,NULL,1,NULL,5,'2013-01-24 08:52:49','2013-01-24 08:52:49','signed'),(25,27,12,2,NULL,NULL,'2013-01-19 08:52:49','2013-01-19 08:52:49','approved'),(26,6,NULL,1,NULL,5,'2013-01-24 08:52:49','2013-01-24 08:52:49','closed'),(27,18,NULL,1,NULL,5,'2013-01-24 08:52:49','2013-01-24 08:52:49','closed'),(28,20,NULL,1,NULL,5,'2013-01-24 08:52:49','2013-01-24 08:52:49','closed'),(29,6,NULL,1,NULL,NULL,'2013-01-24 08:52:49','2013-01-24 08:52:49','approved'),(30,6,NULL,1,NULL,NULL,'2013-01-24 08:52:49','2013-01-24 08:52:49','approved'),(31,6,NULL,1,NULL,NULL,'2013-01-24 08:52:49','2013-01-24 08:52:49','approved'),(32,6,NULL,1,NULL,NULL,'2013-01-24 08:52:49','2013-01-24 08:52:49','approved'),(33,6,NULL,1,NULL,NULL,'2013-01-24 08:52:49','2013-01-24 08:52:49','approved'),(34,6,NULL,1,NULL,NULL,'2013-01-24 08:52:49','2013-01-24 08:52:49','approved'),(35,6,NULL,1,NULL,NULL,'2013-01-24 08:52:49','2013-01-24 08:52:49','approved'),(36,6,NULL,1,NULL,5,'2013-01-24 08:52:49','2013-01-24 08:52:49','signed'),(37,13,NULL,1,NULL,5,'2013-01-19 08:52:49','2013-01-19 08:52:49','signed'),(38,6,NULL,1,NULL,5,'2013-01-24 08:52:49','2013-01-24 08:52:49','signed'),(39,6,NULL,2,NULL,5,'2013-01-24 08:52:49','2013-01-24 08:52:49','signed'),(40,6,NULL,2,NULL,5,'2013-01-24 08:52:49','2013-01-24 08:52:49','signed'),(41,6,NULL,2,NULL,5,'2013-01-24 08:52:49','2013-01-24 08:52:49','signed'),(42,6,NULL,1,NULL,5,'2013-01-24 08:52:49','2013-01-24 08:52:49','signed'),(43,11,NULL,1,NULL,NULL,'2013-01-24 08:52:49','2013-01-24 08:52:49','approved'),(44,13,NULL,1,NULL,NULL,'2013-01-24 08:52:49','2013-01-24 08:52:49','submitted'),(45,11,NULL,1,NULL,5,'2013-01-24 08:52:49','2013-01-24 08:52:49','signed'),(46,13,NULL,1,NULL,NULL,'2013-01-24 08:52:49','2013-01-24 08:52:49','submitted'),(47,13,NULL,1,NULL,NULL,'2013-01-24 08:52:49','2013-01-24 08:52:49','submitted'),(48,26,10,1,NULL,NULL,'2013-01-24 08:52:49','2013-01-24 08:52:49','submitted'),(49,26,12,1,NULL,NULL,'2013-01-24 08:52:49','2013-01-24 08:52:49','approved'),(50,30,24,1,NULL,NULL,'2013-01-24 08:52:49','2013-01-24 08:52:49','approved'),(51,26,10,1,NULL,5,'2013-01-24 08:52:49','2013-01-24 08:52:49','signed'),(52,26,10,1,NULL,5,'2013-01-19 08:52:49','2013-01-19 08:52:49','signed'),(53,14,NULL,1,NULL,NULL,'2013-01-22 08:52:49','2013-01-22 08:52:49','rejected');
/*!40000 ALTER TABLE `contracts` ENABLE KEYS */;
UNLOCK TABLES;

--
-- Table structure for table `database_authentications`
--

DROP TABLE IF EXISTS `database_authentications`;
/*!40101 SET @saved_cs_client     = @@character_set_client */;
/*!40101 SET character_set_client = utf8 */;
CREATE TABLE `database_authentications` (
  `id` int(11) NOT NULL AUTO_INCREMENT,
  `login` varchar(255) COLLATE utf8_unicode_ci DEFAULT NULL,
  `crypted_password` varchar(40) COLLATE utf8_unicode_ci DEFAULT NULL,
  `salt` varchar(40) COLLATE utf8_unicode_ci DEFAULT NULL,
  `user_id` int(11) DEFAULT NULL,
  `created_at` datetime DEFAULT NULL,
  `updated_at` datetime DEFAULT NULL,
  PRIMARY KEY (`id`),
  KEY `database_authentications_user_id_fk` (`user_id`),
  CONSTRAINT `database_authentications_user_id_fk` FOREIGN KEY (`user_id`) REFERENCES `users` (`id`) ON DELETE CASCADE
) ENGINE=InnoDB AUTO_INCREMENT=31 DEFAULT CHARSET=utf8 COLLATE=utf8_unicode_ci;
/*!40101 SET character_set_client = @saved_cs_client */;

--
-- Dumping data for table `database_authentications`
--

LOCK TABLES `database_authentications` WRITE;
/*!40000 ALTER TABLE `database_authentications` DISABLE KEYS */;
INSERT INTO `database_authentications` VALUES (1,'gino','2db90b36b12b2a4bd4ab9713b80bd2e27489b7ba','86ed606e8fdee9b5835f7a63dec02d6cc402c3a6',1,'2013-01-24 08:52:49','2013-01-24 08:52:49'),(2,'ramon','425a5e58eb5872067bc5cc0ada32adc204dabd4f','d596ae275d6d58b7f82ebfc11bf1209bc2af23f5',2,'2013-01-24 08:52:49','2013-01-24 08:52:49'),(3,'matti','a6748c03986d043cb0e78d817f2369ee1da74159','ab82f70565cd1133d3b0072d8a91bb8c4c639035',3,'2013-01-24 08:52:49','2013-01-24 08:52:49'),(4,'mike','0825e45fe8cfe5d2772d82049c4cb3a820167de0','ece1b68ea7e8f5dd485d82ced57eade3063dc90f',4,'2013-01-24 08:52:49','2013-01-24 08:52:49'),(5,'pius','6fc9ef89b9b8e087b145de40e8ee43c8b268028b','887e6bb3785cedaaa033b1e5f28353529ab8583d',5,'2013-01-24 08:52:49','2013-01-24 08:52:49'),(6,'normin','76af5b98fb9346b021f3f1f054e17086169f3899','464d1bc5332d809d37d381bf4878a61d91f50929',6,'2013-01-24 08:52:49','2013-01-24 08:52:49'),(7,'ronny','5e259313e77f4cbd58a09f64ac9bc3d9e09b86a7','0e594e991c72448e173ffe0d4c0667a36b276a84',7,'2013-01-24 08:52:49','2013-01-24 08:52:49'),(8,'peter','1942b8cbf512de4fc865d7941ed6813de3b6b727','335342695257308fa80962966c335ddf5ccc9563',8,'2013-01-24 08:52:49','2013-01-24 08:52:49'),(9,'andi','7f2231d99055001fa0d83f161c6a2b5e96bdbce3','3ea935019662863cc6c4f7dfbde080b3d8881ddd',9,'2013-01-24 08:52:49','2013-01-24 08:52:49'),(10,'mina','addea81b5e0107d23fac3f1dc0ba64954bd3aad3','65557ad8acdce3aead70711defb182519e4b5cbf',10,'2013-01-24 08:52:49','2013-01-24 08:52:49'),(11,'petra','3413f3360b383ca4b8df78a75b726ca79f710f95','c508562a82face44c1f95a984e71be0b59d68fc7',11,'2013-01-24 08:52:49','2013-01-24 08:52:49'),(12,'julie','2b9b4aaead59248163b1ef2c3b6281dbba74edae','eb633827fc56894e959c5587d92aaa74ecf147ea',12,'2013-01-24 08:52:49','2013-01-24 08:52:49'),(13,'lisa','718967308d7b96132e8d80e1d5998c8f1fa4d261','c3b1aee9d48fcde41a3a9daf37cb0c90c120a4d1',13,'2013-01-24 08:52:49','2013-01-24 08:52:49'),(14,'santa','5a0503c4cbe77de446e523afdffdfa4ea111bc65','cbd00d6eaa1328cf47c5f86a671a9b90ac196099',14,'2013-01-24 08:52:49','2013-01-24 08:52:49'),(15,'afton','e4de418bc03703b4f684f6e1380d2f931b32da22','d8d57d7fcd8a31a665dfb318a85d28b8bc3bf767',15,'2013-01-24 08:52:49','2013-01-24 08:52:49'),(16,'toni','abbb10087810bbfec3eae48f0ef24841a47965f8','cbb5105598d0a2532caf1b5786727473ab5ac1e1',16,'2013-01-24 08:52:49','2013-01-24 08:52:49'),(17,'stone','16996cf3d952f16d883ad574a786a607d942a044','bca6fa56303e2992e155c0449da32a64a3d12464',17,'2013-01-24 08:52:49','2013-01-24 08:52:49'),(18,'megane','400b682ec2bbbbbf9f61bc4c72300e73f655ec13','bcde778e32b3b15e990b02a96338c2e424145b34',18,'2013-01-24 08:52:49','2013-01-24 08:52:49'),(19,'leanna','d4dd8a1b9848e7f93fa1f821f95371e039fdd34d','2b063c55831cf8722bd4d85eda56e77b2713bb1e',19,'2013-01-24 08:52:49','2013-01-24 08:52:49'),(20,'jarvis','1e51fb9c5ba1533ed78253e8a903064a0129bb17','dae1395f3c3871e0b681559bf05516fdc02430b3',20,'2013-01-24 08:52:49','2013-01-24 08:52:49'),(21,'fleta','dd7021b38db93a6dd5557f3379d54a2a6382c443','5dc6e3d7abd471a355cc50b3acc9e58729cc6555',21,'2013-01-24 08:52:49','2013-01-24 08:52:49'),(22,'fidel','98583cf788e260f6a4498b90725f5a98a970938c','ea9e602e9a7565cd05ef31c0f38c829f61a9750f',22,'2013-01-24 08:52:49','2013-01-24 08:52:49'),(23,'chet','6e5bb3e996fabf5ef2706452a17568c799c2ecd8','59916eb466e4d5c875d24c7f82303f5ed78ba487',23,'2013-01-24 08:52:49','2013-01-24 08:52:49'),(24,'raymond','5fe4c0b09f351b714dbea7335d289b5ec812f2b3','5006336c5bed346ef0028f557a9311814ab83610',24,'2013-01-24 08:52:49','2013-01-24 08:52:49'),(25,'precious_129','9e29d0a68516f149dcc5463a0f1c8119cfb73224','6c4684d4d4745f8eb6b197206f69486604fdca71',25,'2013-01-24 08:52:49','2013-01-24 08:52:49'),(26,'kaden_5308','4025bd125864356fe0926b3b83fca46dcdcaf3bc','336cf49ff11e6811f3af79cbe93644b89a2cc489',31,'2013-01-24 08:52:49','2013-01-24 08:52:49'),(27,'horace.price_3948','0d1856f39be4bc2b12f1ccfb8cc56083776d3f65','1559e605ff83371b1214e12ccb2bf848051963d2',32,'2013-01-24 08:52:49','2013-01-24 08:52:49'),(28,'kaitlin.bashirian_8093','bf039bac515ba58233c7e440efa02dc06dd31be5','6d92e202d7c4ac97a1c2062b89f98c67e11c3988',33,'2013-01-24 08:52:49','2013-01-24 08:52:49'),(29,'angela_4130','24ca0200ef5153ebe4cd4138af47c2333bf1f820','10848b8eaa62c1413af9223ad5bc301f5e4990d0',34,'2013-01-24 08:52:49','2013-01-24 08:52:49'),(30,'jed_4346','64db2563b10a76eaa317f3588e03a83e1171d228','e0d825da62819272362f39ab0a578bc6478c74ef',35,'2013-01-24 08:52:49','2013-01-24 08:52:49');
/*!40000 ALTER TABLE `database_authentications` ENABLE KEYS */;
UNLOCK TABLES;

--
-- Table structure for table `delegations_users`
--

DROP TABLE IF EXISTS `delegations_users`;
/*!40101 SET @saved_cs_client     = @@character_set_client */;
/*!40101 SET character_set_client = utf8 */;
CREATE TABLE `delegations_users` (
  `delegation_id` int(11) DEFAULT NULL,
  `user_id` int(11) DEFAULT NULL,
  UNIQUE KEY `index_delegations_users_on_user_id_and_delegation_id` (`user_id`,`delegation_id`),
  KEY `index_delegations_users_on_delegation_id` (`delegation_id`),
  CONSTRAINT `delegations_users_delegation_id_fk` FOREIGN KEY (`delegation_id`) REFERENCES `users` (`id`),
  CONSTRAINT `delegations_users_user_id_fk` FOREIGN KEY (`user_id`) REFERENCES `users` (`id`)
) ENGINE=InnoDB DEFAULT CHARSET=utf8 COLLATE=utf8_unicode_ci;
/*!40101 SET character_set_client = @saved_cs_client */;

--
-- Dumping data for table `delegations_users`
--

LOCK TABLES `delegations_users` WRITE;
/*!40000 ALTER TABLE `delegations_users` DISABLE KEYS */;
INSERT INTO `delegations_users` VALUES (26,10),(27,10),(28,10),(29,10),(26,12),(27,12),(28,12),(29,12),(30,23),(30,24);
/*!40000 ALTER TABLE `delegations_users` ENABLE KEYS */;
UNLOCK TABLES;

--
-- Table structure for table `groups`
--

DROP TABLE IF EXISTS `groups`;
/*!40101 SET @saved_cs_client     = @@character_set_client */;
/*!40101 SET character_set_client = utf8 */;
CREATE TABLE `groups` (
  `id` int(11) NOT NULL AUTO_INCREMENT,
  `name` varchar(255) COLLATE utf8_unicode_ci DEFAULT NULL,
  `inventory_pool_id` int(11) DEFAULT NULL,
  `is_verification_required` tinyint(1) DEFAULT '0',
  `created_at` datetime DEFAULT NULL,
  `updated_at` datetime DEFAULT NULL,
  PRIMARY KEY (`id`),
  KEY `index_groups_on_inventory_pool_id` (`inventory_pool_id`),
  KEY `index_groups_on_is_verification_required` (`is_verification_required`),
  CONSTRAINT `groups_inventory_pool_id_fk` FOREIGN KEY (`inventory_pool_id`) REFERENCES `inventory_pools` (`id`)
) ENGINE=InnoDB AUTO_INCREMENT=11 DEFAULT CHARSET=utf8 COLLATE=utf8_unicode_ci;
/*!40101 SET character_set_client = @saved_cs_client */;

--
-- Dumping data for table `groups`
--

LOCK TABLES `groups` WRITE;
/*!40000 ALTER TABLE `groups` DISABLE KEYS */;
INSERT INTO `groups` VALUES (1,'Cast',1,0,'2013-01-24 08:52:49','2013-01-24 08:52:49'),(2,'IAD',1,0,'2013-01-24 08:52:49','2013-01-24 08:52:49'),(3,'Wu',1,0,'2013-01-24 08:52:49','2013-01-24 08:52:49'),(4,'Group Hifi',1,0,'2013-01-24 08:52:49','2013-01-24 08:52:49'),(5,'Group A',1,0,'2013-01-24 08:52:49','2013-01-24 08:52:49'),(6,'Group B',1,0,'2013-01-24 08:52:49','2013-01-24 08:52:49'),(7,'FFI',1,1,'2013-01-24 08:52:49','2013-01-24 08:52:49'),(8,'VTO',1,1,'2013-01-24 08:52:49','2013-01-24 08:52:49'),(9,'1. Semester',2,1,'2013-01-24 08:52:49','2013-01-24 08:52:49'),(10,'Group C',1,0,'2013-01-24 08:52:49','2013-01-24 08:52:49');
/*!40000 ALTER TABLE `groups` ENABLE KEYS */;
UNLOCK TABLES;

--
-- Table structure for table `groups_users`
--

DROP TABLE IF EXISTS `groups_users`;
/*!40101 SET @saved_cs_client     = @@character_set_client */;
/*!40101 SET character_set_client = utf8 */;
CREATE TABLE `groups_users` (
  `user_id` int(11) DEFAULT NULL,
  `group_id` int(11) DEFAULT NULL,
  UNIQUE KEY `index_groups_users_on_user_id_and_group_id` (`user_id`,`group_id`),
  KEY `index_groups_users_on_group_id` (`group_id`),
  CONSTRAINT `groups_users_user_id_fk` FOREIGN KEY (`user_id`) REFERENCES `users` (`id`),
  CONSTRAINT `groups_users_group_id_fk` FOREIGN KEY (`group_id`) REFERENCES `groups` (`id`)
) ENGINE=InnoDB DEFAULT CHARSET=utf8 COLLATE=utf8_unicode_ci;
/*!40101 SET character_set_client = @saved_cs_client */;

--
-- Dumping data for table `groups_users`
--

LOCK TABLES `groups_users` WRITE;
/*!40000 ALTER TABLE `groups_users` DISABLE KEYS */;
INSERT INTO `groups_users` VALUES (6,1),(13,1),(14,7),(14,8),(15,7),(16,7),(16,8),(17,7),(17,9),(18,7),(19,10);
/*!40000 ALTER TABLE `groups_users` ENABLE KEYS */;
UNLOCK TABLES;

--
-- Table structure for table `histories`
--

DROP TABLE IF EXISTS `histories`;
/*!40101 SET @saved_cs_client     = @@character_set_client */;
/*!40101 SET character_set_client = utf8 */;
CREATE TABLE `histories` (
  `id` int(11) NOT NULL AUTO_INCREMENT,
  `text` varchar(255) COLLATE utf8_unicode_ci DEFAULT '',
  `type_const` int(11) DEFAULT NULL,
  `created_at` datetime NOT NULL,
  `target_id` int(11) NOT NULL,
  `target_type` varchar(255) COLLATE utf8_unicode_ci NOT NULL,
  `user_id` int(11) DEFAULT NULL,
  PRIMARY KEY (`id`),
  KEY `index_histories_on_target_type_and_target_id` (`target_type`,`target_id`),
  KEY `index_histories_on_type_const` (`type_const`),
  KEY `index_histories_on_user_id` (`user_id`),
  CONSTRAINT `histories_user_id_fk` FOREIGN KEY (`user_id`) REFERENCES `users` (`id`)
) ENGINE=InnoDB AUTO_INCREMENT=18 DEFAULT CHARSET=utf8 COLLATE=utf8_unicode_ci;
/*!40101 SET character_set_client = @saved_cs_client */;

--
-- Dumping data for table `histories`
--

LOCK TABLES `histories` WRITE;
/*!40000 ALTER TABLE `histories` DISABLE KEYS */;
INSERT INTO `histories` VALUES (1,'Contract 21 has been signed by Santa Lind',1,'2012-10-24 07:52:49',21,'Contract',5),(2,'Contract 22 has been signed by Fleta Schmeler',1,'2013-01-24 08:52:49',22,'Contract',5),(3,'Contract 23 has been signed by Peter Silie',1,'2013-01-24 08:52:49',23,'Contract',5),(4,'Contract 24 has been signed by Julie Rohan',1,'2013-01-24 08:52:49',24,'Contract',5),(5,'Contract 26 has been signed by Normin Homenick',1,'2013-01-24 08:52:49',26,'Contract',5),(6,'Contract 27 has been signed by Megane Bradtke',1,'2013-01-24 08:52:49',27,'Contract',5),(7,'Contract 28 has been signed by Jarvis Tromp',1,'2013-01-24 08:52:49',28,'Contract',5),(8,'Contract 36 has been signed by Normin Homenick',1,'2013-01-24 08:52:49',36,'Contract',5),(9,'Contract 37 has been signed by Lisa Kirlin',1,'2013-01-19 08:52:49',37,'Contract',5),(10,'Contract 38 has been signed by Normin Homenick',1,'2013-01-24 08:52:49',38,'Contract',5),(11,'Contract 39 has been signed by Normin Homenick',1,'2013-01-24 08:52:49',39,'Contract',5),(12,'Contract 40 has been signed by Normin Homenick',1,'2013-01-24 08:52:49',40,'Contract',5),(13,'Contract 41 has been signed by Normin Homenick',1,'2013-01-24 08:52:49',41,'Contract',5),(14,'Contract 42 has been signed by Normin Homenick',1,'2013-01-24 08:52:49',42,'Contract',5),(15,'Contract 45 has been signed by Petra Hoppe',1,'2013-01-24 08:52:49',45,'Contract',5),(16,'Contract 51 has been signed by Delegation 1',1,'2013-01-24 08:52:49',51,'Contract',5),(17,'Contract 52 has been signed by Delegation 1',1,'2013-01-19 08:52:49',52,'Contract',5);
/*!40000 ALTER TABLE `histories` ENABLE KEYS */;
UNLOCK TABLES;

--
-- Table structure for table `holidays`
--

DROP TABLE IF EXISTS `holidays`;
/*!40101 SET @saved_cs_client     = @@character_set_client */;
/*!40101 SET character_set_client = utf8 */;
CREATE TABLE `holidays` (
  `id` int(11) NOT NULL AUTO_INCREMENT,
  `inventory_pool_id` int(11) DEFAULT NULL,
  `start_date` date DEFAULT NULL,
  `end_date` date DEFAULT NULL,
  `name` varchar(255) COLLATE utf8_unicode_ci DEFAULT NULL,
  PRIMARY KEY (`id`),
  KEY `index_holidays_on_inventory_pool_id` (`inventory_pool_id`),
  KEY `index_holidays_on_start_date_and_end_date` (`start_date`,`end_date`),
  CONSTRAINT `holidays_inventory_pool_id_fk` FOREIGN KEY (`inventory_pool_id`) REFERENCES `inventory_pools` (`id`) ON DELETE CASCADE
) ENGINE=InnoDB AUTO_INCREMENT=7 DEFAULT CHARSET=utf8 COLLATE=utf8_unicode_ci;
/*!40101 SET character_set_client = @saved_cs_client */;

--
-- Dumping data for table `holidays`
--

LOCK TABLES `holidays` WRITE;
/*!40000 ALTER TABLE `holidays` DISABLE KEYS */;
INSERT INTO `holidays` VALUES (1,1,'2013-12-24','2013-12-26','Christmas'),(2,1,'2014-12-24','2014-12-26','Christmas'),(3,2,'2013-12-24','2013-12-26','Christmas'),(4,2,'2014-12-24','2014-12-26','Christmas'),(5,3,'2013-12-24','2013-12-26','Christmas'),(6,3,'2014-12-24','2014-12-26','Christmas');
/*!40000 ALTER TABLE `holidays` ENABLE KEYS */;
UNLOCK TABLES;

--
-- Table structure for table `images`
--

DROP TABLE IF EXISTS `images`;
/*!40101 SET @saved_cs_client     = @@character_set_client */;
/*!40101 SET character_set_client = utf8 */;
CREATE TABLE `images` (
  `id` int(11) NOT NULL AUTO_INCREMENT,
  `is_main` tinyint(1) DEFAULT '0',
  `content_type` varchar(255) COLLATE utf8_unicode_ci DEFAULT NULL,
  `filename` varchar(255) COLLATE utf8_unicode_ci DEFAULT NULL,
  `size` int(11) DEFAULT NULL,
  `height` int(11) DEFAULT NULL,
  `width` int(11) DEFAULT NULL,
  `parent_id` int(11) DEFAULT NULL,
  `thumbnail` varchar(255) COLLATE utf8_unicode_ci DEFAULT NULL,
  `target_id` int(11) DEFAULT NULL,
  `target_type` varchar(255) COLLATE utf8_unicode_ci DEFAULT NULL,
  PRIMARY KEY (`id`),
  KEY `index_images_on_target_id_and_target_type` (`target_id`,`target_type`)
) ENGINE=InnoDB AUTO_INCREMENT=5 DEFAULT CHARSET=utf8 COLLATE=utf8_unicode_ci;
/*!40101 SET character_set_client = @saved_cs_client */;

--
-- Dumping data for table `images`
--

LOCK TABLES `images` WRITE;
/*!40000 ALTER TABLE `images` DISABLE KEYS */;
INSERT INTO `images` VALUES (1,0,'image/jpeg','ipsum',NULL,NULL,NULL,NULL,NULL,2,'ModelGroup'),(2,0,'image/jpeg','aut',NULL,NULL,NULL,NULL,NULL,16,'Model'),(3,0,'image/jpeg','molestiae',NULL,NULL,NULL,NULL,NULL,16,'Model'),(4,0,'image/jpeg','a',NULL,NULL,NULL,NULL,NULL,17,'Model');
/*!40000 ALTER TABLE `images` ENABLE KEYS */;
UNLOCK TABLES;

--
-- Table structure for table `inventory_pools`
--

DROP TABLE IF EXISTS `inventory_pools`;
/*!40101 SET @saved_cs_client     = @@character_set_client */;
/*!40101 SET character_set_client = utf8 */;
CREATE TABLE `inventory_pools` (
  `id` int(11) NOT NULL AUTO_INCREMENT,
  `name` varchar(255) COLLATE utf8_unicode_ci DEFAULT NULL,
  `description` text COLLATE utf8_unicode_ci,
  `contact_details` varchar(255) COLLATE utf8_unicode_ci DEFAULT NULL,
  `contract_description` varchar(255) COLLATE utf8_unicode_ci DEFAULT NULL,
  `contract_url` varchar(255) COLLATE utf8_unicode_ci DEFAULT NULL,
  `logo_url` varchar(255) COLLATE utf8_unicode_ci DEFAULT NULL,
  `default_contract_note` text COLLATE utf8_unicode_ci,
  `shortname` varchar(255) COLLATE utf8_unicode_ci DEFAULT NULL,
  `email` varchar(255) COLLATE utf8_unicode_ci DEFAULT NULL,
  `color` text COLLATE utf8_unicode_ci,
  `print_contracts` tinyint(1) DEFAULT '1',
  `opening_hours` text COLLATE utf8_unicode_ci,
  `address_id` int(11) DEFAULT NULL,
  `automatic_suspension` tinyint(1) NOT NULL DEFAULT '0',
  `automatic_suspension_reason` text COLLATE utf8_unicode_ci,
  `automatic_access` tinyint(1) DEFAULT NULL,
  PRIMARY KEY (`id`),
  UNIQUE KEY `index_inventory_pools_on_name` (`name`),
  KEY `inventory_pools_address_id_fk` (`address_id`),
  CONSTRAINT `inventory_pools_address_id_fk` FOREIGN KEY (`address_id`) REFERENCES `addresses` (`id`)
) ENGINE=InnoDB AUTO_INCREMENT=13 DEFAULT CHARSET=utf8 COLLATE=utf8_unicode_ci;
/*!40101 SET character_set_client = @saved_cs_client */;

--
-- Dumping data for table `inventory_pools`
--

LOCK TABLES `inventory_pools` WRITE;
/*!40000 ALTER TABLE `inventory_pools` DISABLE KEYS */;
INSERT INTO `inventory_pools` VALUES (1,'A-Ausleihe','Wichtige Hinweise...\n\nBitte die Gegenstnde rechtzeitig zurckbringen','A Verleih  /  ZHdK\na@zh-dk.ch\n\n+41 00 00 00 00',NULL,'a@zhdk.ch',NULL,'In officiis sequi sapiente dicta amet exercitationem velit.','A','a@zhdk.ch',NULL,1,NULL,NULL,1,'Omnis quo non rerum ullam quis sapiente.',NULL),(2,'IT-Ausleihe','Bringt die Gerte bitte rechtzeitig zurck','IT Verleih  /  ZHdK\nit@zh-dk.ch\n\n+41 00 00 00 00',NULL,'it@zhdk.ch',NULL,'Fuga veritatis eos ut perspiciatis aliquam.','IT','it@zhdk.ch',NULL,1,NULL,NULL,1,'Deserunt pariatur veniam nobis adipisci cum ut voluptas.',NULL),(3,'AV-Technik','Bringt die Gerte bitte rechtzeitig zurck','AV Verleih  /  ZHdK\nav@zh-dk.ch\n\n+41 00 00 00 00',NULL,'av@zhdk.ch',NULL,'Maiores quo nemo aut.','AV','av@zhdk.ch',NULL,1,NULL,NULL,0,NULL,NULL),(4,'DT deletable',NULL,NULL,NULL,'it@zhdk.ch',NULL,'Natus omnis fugiat rerum praesentium dicta velit omnis nam.','DT','it@zhdk.ch',NULL,1,NULL,NULL,0,NULL,NULL),(5,'Exidutmaxime','Qui ullam consequuntur odit pariatur dolor molestiae molestiae ut.','Natus velit vero voluptatem.','Exidutmaxime','lue@jacobi.info',NULL,NULL,'BC8Z8U','lue@jacobi.info',NULL,1,NULL,NULL,0,NULL,NULL),(6,'Aliquidatillumqui','Eius voluptatem corrupti soluta dolor est autem.','Maiores ab ipsa voluptates in facilis excepturi.','Aliquidatillumqui','colten_turcotte@windler.name',NULL,NULL,'JSAACF','colten_turcotte@windler.name',NULL,1,NULL,NULL,0,NULL,NULL),(7,'Omnisassumendaconsequaturconsequuntur','Omnis voluptate aperiam dolor temporibus dolores nihil harum quo.','Et rerum sunt distinctio rem fugiat quisquam consectetur modi.','Omnisassumendaconsequaturconsequuntur','green@kiehn.co.uk',NULL,NULL,'01HMVW','green@kiehn.co.uk',NULL,1,NULL,NULL,0,NULL,NULL),(8,'Aperiamsitarchitectoqui','Voluptatibus quia hic quidem omnis voluptas.','Expedita labore aut eaque fugiat quos ipsum aperiam.','Aperiamsitarchitectoqui','sophia@zboncak.com',NULL,NULL,'5WFKO1','sophia@zboncak.com',NULL,1,NULL,NULL,0,NULL,NULL),(9,'Autadmagniet','Itaque eum est qui occaecati.','Vel dolorem veritatis labore laudantium autem magni molestiae quia.','Autadmagniet','melba@mueller.com',NULL,NULL,'NYL9BH','melba@mueller.com',NULL,1,NULL,NULL,0,NULL,NULL),(10,'Cupiditateipsumsuscipitofficia','Facilis voluptas natus corrupti ad temporibus culpa.','Sunt corrupti ut ullam accusantium est dignissimos.','Cupiditateipsumsuscipitofficia','letitia.morar@ryanwhite.info',NULL,NULL,'B6FV40','letitia.morar@ryanwhite.info',NULL,1,NULL,NULL,0,NULL,NULL),(11,'Utcorruptiutexplicabo','Laudantium possimus explicabo laboriosam corporis.','Inventore ea deserunt dolorem dolorum.','Utcorruptiutexplicabo','dewitt@tillman.com',NULL,NULL,'BQKN63','dewitt@tillman.com',NULL,1,NULL,NULL,0,NULL,NULL),(12,'Perspiciatisetvoluptatemet','Repudiandae voluptate hic nisi autem aliquid dolorem.','Odio sed nesciunt expedita vitae cum repellat.','Perspiciatisetvoluptatemet','eino.gaylord@willms.biz',NULL,NULL,'CJ5DPS','eino.gaylord@willms.biz',NULL,1,NULL,NULL,0,NULL,NULL);
/*!40000 ALTER TABLE `inventory_pools` ENABLE KEYS */;
UNLOCK TABLES;

--
-- Table structure for table `inventory_pools_model_groups`
--

DROP TABLE IF EXISTS `inventory_pools_model_groups`;
/*!40101 SET @saved_cs_client     = @@character_set_client */;
/*!40101 SET character_set_client = utf8 */;
CREATE TABLE `inventory_pools_model_groups` (
  `inventory_pool_id` int(11) DEFAULT NULL,
  `model_group_id` int(11) DEFAULT NULL,
  KEY `index_inventory_pools_model_groups_on_inventory_pool_id` (`inventory_pool_id`),
  KEY `index_inventory_pools_model_groups_on_model_group_id` (`model_group_id`),
  CONSTRAINT `inventory_pools_model_groups_model_group_id_fk` FOREIGN KEY (`model_group_id`) REFERENCES `model_groups` (`id`),
  CONSTRAINT `inventory_pools_model_groups_inventory_pool_id_fk` FOREIGN KEY (`inventory_pool_id`) REFERENCES `inventory_pools` (`id`)
) ENGINE=InnoDB DEFAULT CHARSET=utf8 COLLATE=utf8_unicode_ci;
/*!40101 SET character_set_client = @saved_cs_client */;

--
-- Dumping data for table `inventory_pools_model_groups`
--

LOCK TABLES `inventory_pools_model_groups` WRITE;
/*!40000 ALTER TABLE `inventory_pools_model_groups` DISABLE KEYS */;
INSERT INTO `inventory_pools_model_groups` VALUES (1,12),(1,13),(1,14);
/*!40000 ALTER TABLE `inventory_pools_model_groups` ENABLE KEYS */;
UNLOCK TABLES;

--
-- Table structure for table `items`
--

DROP TABLE IF EXISTS `items`;
/*!40101 SET @saved_cs_client     = @@character_set_client */;
/*!40101 SET character_set_client = utf8 */;
CREATE TABLE `items` (
  `id` int(11) NOT NULL AUTO_INCREMENT,
  `inventory_code` varchar(255) COLLATE utf8_unicode_ci DEFAULT NULL,
  `serial_number` varchar(255) COLLATE utf8_unicode_ci DEFAULT NULL,
  `model_id` int(11) DEFAULT NULL,
  `location_id` int(11) DEFAULT NULL,
  `supplier_id` int(11) DEFAULT NULL,
  `owner_id` int(11) NOT NULL,
  `parent_id` int(11) DEFAULT NULL,
  `invoice_number` varchar(255) COLLATE utf8_unicode_ci DEFAULT NULL,
  `invoice_date` date DEFAULT NULL,
  `last_check` date DEFAULT NULL,
  `retired` date DEFAULT NULL,
  `retired_reason` varchar(255) COLLATE utf8_unicode_ci DEFAULT NULL,
  `price` decimal(8,2) DEFAULT NULL,
  `is_broken` tinyint(1) DEFAULT '0',
  `is_incomplete` tinyint(1) DEFAULT '0',
  `is_borrowable` tinyint(1) DEFAULT '0',
  `needs_permission` tinyint(1) DEFAULT '0',
  `inventory_pool_id` int(11) NOT NULL,
  `is_inventory_relevant` tinyint(1) DEFAULT '0',
  `responsible` varchar(255) COLLATE utf8_unicode_ci DEFAULT NULL,
  `insurance_number` varchar(255) COLLATE utf8_unicode_ci DEFAULT NULL,
  `note` text COLLATE utf8_unicode_ci,
  `name` text COLLATE utf8_unicode_ci,
  `user_name` varchar(255) COLLATE utf8_unicode_ci DEFAULT NULL,
  `properties` varchar(2048) COLLATE utf8_unicode_ci DEFAULT NULL,
  `created_at` datetime DEFAULT NULL,
  `updated_at` datetime DEFAULT NULL,
  PRIMARY KEY (`id`),
  UNIQUE KEY `index_items_on_inventory_code` (`inventory_code`),
  KEY `index_items_on_inventory_pool_id` (`inventory_pool_id`),
  KEY `index_items_on_retired` (`retired`),
  KEY `index_items_on_is_borrowable` (`is_borrowable`),
  KEY `index_items_on_is_broken` (`is_broken`),
  KEY `index_items_on_is_incomplete` (`is_incomplete`),
  KEY `index_items_on_location_id` (`location_id`),
  KEY `index_items_on_owner_id` (`owner_id`),
  KEY `index_items_on_parent_id_and_retired` (`parent_id`,`retired`),
  KEY `index_items_on_model_id_and_retired_and_inventory_pool_id` (`model_id`,`retired`,`inventory_pool_id`),
  KEY `items_supplier_id_fk` (`supplier_id`),
  CONSTRAINT `items_supplier_id_fk` FOREIGN KEY (`supplier_id`) REFERENCES `suppliers` (`id`),
  CONSTRAINT `items_inventory_pool_id_fk` FOREIGN KEY (`inventory_pool_id`) REFERENCES `inventory_pools` (`id`),
  CONSTRAINT `items_location_id_fk` FOREIGN KEY (`location_id`) REFERENCES `locations` (`id`),
  CONSTRAINT `items_model_id_fk` FOREIGN KEY (`model_id`) REFERENCES `models` (`id`),
  CONSTRAINT `items_owner_id_fk` FOREIGN KEY (`owner_id`) REFERENCES `inventory_pools` (`id`),
  CONSTRAINT `items_parent_id_fk` FOREIGN KEY (`parent_id`) REFERENCES `items` (`id`) ON DELETE SET NULL
) ENGINE=InnoDB AUTO_INCREMENT=309 DEFAULT CHARSET=utf8 COLLATE=utf8_unicode_ci;
/*!40101 SET character_set_client = @saved_cs_client */;

--
-- Dumping data for table `items`
--

LOCK TABLES `items` WRITE;
/*!40000 ALTER TABLE `items` DISABLE KEYS */;
INSERT INTO `items` VALUES (1,'s8dbbfz1m959nj1cxxme1','9a:29:60:0a:f7:a4-99:ba:dc:51:ed:18-bb:ab:2e:3e:9c:45',24,NULL,1,1,NULL,NULL,'2010-03-13','2013-01-24',NULL,NULL,'495.00',0,0,1,0,1,1,NULL,NULL,NULL,NULL,NULL,'--- !ruby/hash:ActiveSupport::HashWithIndifferentAccess\nanschaffungskategorie: AV-Technik\nreference: invoice\numzug: zgeln\nankunftszustand: intakt\n','2013-01-24 08:52:49','2013-01-24 08:52:49'),(2,'nn4zt6njcxzkdrxwvyk42','e5:ae:d2:55:26:3b-9b:6b:39:16:80:c7-da:dd:91:91:e2:0e',25,NULL,2,1,NULL,NULL,'2009-01-26','2013-01-24',NULL,NULL,'586.00',0,0,1,0,1,1,NULL,NULL,NULL,NULL,NULL,'--- !ruby/hash:ActiveSupport::HashWithIndifferentAccess\nanschaffungskategorie: AV-Technik\nreference: invoice\numzug: zgeln\nankunftszustand: intakt\n','2013-01-24 08:52:49','2013-01-24 08:52:49'),(3,'j6p2t2usrgazbr0pdbek3','04:38:8c:b5:70:66-97:44:dd:ed:71:2d-c5:8e:ca:29:fb:55',26,NULL,3,1,NULL,NULL,'2012-03-02','2013-01-24',NULL,NULL,'872.00',0,0,1,0,1,1,NULL,NULL,NULL,NULL,NULL,'--- !ruby/hash:ActiveSupport::HashWithIndifferentAccess\nanschaffungskategorie: AV-Technik\nreference: invoice\numzug: zgeln\nankunftszustand: intakt\n','2013-01-24 08:52:49','2013-01-24 08:52:49'),(4,'fo3hf3e3aohahvqb5ee04','93:2c:bc:66:ce:4e-37:eb:15:23:cb:6b-2b:46:7c:80:6d:1c',27,NULL,4,1,NULL,NULL,'2008-09-26','2013-01-24',NULL,NULL,'264.00',0,0,1,0,1,1,NULL,NULL,NULL,NULL,NULL,'--- !ruby/hash:ActiveSupport::HashWithIndifferentAccess\nanschaffungskategorie: AV-Technik\nreference: invoice\numzug: zgeln\nankunftszustand: intakt\n','2013-01-24 08:52:49','2013-01-24 08:52:49'),(5,'q1cb9rdinjtwsc2q8fvc5','fc:16:38:89:10:c2-8d:1d:d9:9b:45:74-52:87:cd:33:9a:06',28,NULL,5,1,NULL,NULL,'2011-08-23','2013-01-24',NULL,NULL,'1349.00',0,0,1,0,1,1,NULL,NULL,NULL,NULL,NULL,'--- !ruby/hash:ActiveSupport::HashWithIndifferentAccess\nanschaffungskategorie: AV-Technik\nreference: invoice\numzug: zgeln\nankunftszustand: intakt\n','2013-01-24 08:52:49','2013-01-24 08:52:49'),(6,'xwtbk3mwgwev2ba97j1e6','12:88:c5:90:58:7a-80:bb:56:31:82:34-8c:81:a6:48:5b:dc',29,NULL,6,1,NULL,NULL,'2010-01-02','2013-01-24',NULL,NULL,'768.00',0,0,1,0,1,1,NULL,NULL,NULL,NULL,NULL,'--- !ruby/hash:ActiveSupport::HashWithIndifferentAccess\nanschaffungskategorie: AV-Technik\nreference: invoice\numzug: zgeln\nankunftszustand: intakt\n','2013-01-24 08:52:49','2013-01-24 08:52:49'),(7,'eiwgjsr0p875t0rrxw2t7','79:fd:d8:3c:b5:44-8a:e0:71:21:89:a9-60:48:85:ce:03:af',30,NULL,7,1,NULL,NULL,'2010-01-28','2013-01-24',NULL,NULL,'307.00',0,0,1,0,1,1,NULL,NULL,NULL,NULL,NULL,'--- !ruby/hash:ActiveSupport::HashWithIndifferentAccess\nanschaffungskategorie: AV-Technik\nreference: invoice\numzug: zgeln\nankunftszustand: intakt\n','2013-01-24 08:52:49','2013-01-24 08:52:49'),(8,'9igxx7r2dqbqq4e0rz5y8','b4:71:fc:a7:bd:ac-a6:7f:aa:66:c1:8f-f9:79:75:09:1e:02',31,NULL,8,1,NULL,NULL,'2010-10-22','2013-01-24',NULL,NULL,'723.00',0,0,1,0,1,1,NULL,NULL,NULL,NULL,NULL,'--- !ruby/hash:ActiveSupport::HashWithIndifferentAccess\nanschaffungskategorie: AV-Technik\nreference: invoice\numzug: zgeln\nankunftszustand: intakt\n','2013-01-24 08:52:49','2013-01-24 08:52:49'),(9,'bv0yof7mkhxz8zp74v2x9','30:9c:1b:15:71:ca-ad:2f:22:04:d4:4c-88:8b:94:5f:50:66',32,NULL,9,1,NULL,NULL,'2008-12-18','2013-01-24',NULL,NULL,'1411.00',0,0,1,0,1,1,NULL,NULL,NULL,NULL,NULL,'--- !ruby/hash:ActiveSupport::HashWithIndifferentAccess\nanschaffungskategorie: AV-Technik\nreference: invoice\numzug: zgeln\nankunftszustand: intakt\n','2013-01-24 08:52:49','2013-01-24 08:52:49'),(10,'mltbnkrnqp9venhy9n6810','cf:38:2d:11:97:cd-b2:2e:72:a0:f4:e1-ad:e6:29:0b:80:5a',33,NULL,10,1,NULL,NULL,'2012-05-13','2013-01-24',NULL,NULL,'1363.00',0,0,1,0,1,1,NULL,NULL,NULL,NULL,NULL,'--- !ruby/hash:ActiveSupport::HashWithIndifferentAccess\nanschaffungskategorie: AV-Technik\nreference: invoice\numzug: zgeln\nankunftszustand: intakt\n','2013-01-24 08:52:49','2013-01-24 08:52:49'),(11,'0hbruum9c8mj1i6rv1qf11','d5:4f:32:a3:6f:f8-0f:75:65:02:b8:cf-e8:fb:79:88:e8:09',34,NULL,11,1,NULL,NULL,'2010-03-27','2013-01-24',NULL,NULL,'1337.00',0,0,1,0,1,1,NULL,NULL,NULL,NULL,NULL,'--- !ruby/hash:ActiveSupport::HashWithIndifferentAccess\nanschaffungskategorie: AV-Technik\nreference: invoice\numzug: zgeln\nankunftszustand: intakt\n','2013-01-24 08:52:49','2013-01-24 08:52:49'),(12,'8k6o7wb8a7g6hefklx1f12','72:88:c3:c2:6b:f5-90:10:80:bd:1a:b5-15:68:76:40:71:31',35,NULL,12,1,NULL,NULL,'2011-06-04','2013-01-24',NULL,NULL,'1190.00',0,0,1,0,1,1,NULL,NULL,NULL,NULL,NULL,'--- !ruby/hash:ActiveSupport::HashWithIndifferentAccess\nanschaffungskategorie: AV-Technik\nreference: invoice\numzug: zgeln\nankunftszustand: intakt\n','2013-01-24 08:52:49','2013-01-24 08:52:49'),(13,'njgfxm3yfpdzatwz497j13','c1:56:0c:f4:79:38-f5:cc:df:6b:a2:e6-54:5f:4e:c7:30:e5',36,NULL,13,1,NULL,NULL,'2012-09-03','2013-01-24',NULL,NULL,'703.00',0,0,1,0,1,1,NULL,NULL,NULL,NULL,NULL,'--- !ruby/hash:ActiveSupport::HashWithIndifferentAccess\nanschaffungskategorie: AV-Technik\nreference: invoice\numzug: zgeln\nankunftszustand: intakt\n','2013-01-24 08:52:49','2013-01-24 08:52:49'),(14,'qc6xzuv61wvz3hafzb1c14','cb:78:40:d9:5d:5a-e6:bb:88:20:9b:b1-4e:7e:44:5d:fd:8a',37,NULL,14,1,NULL,NULL,'2009-12-22','2013-01-24',NULL,NULL,'683.00',0,0,1,0,1,1,NULL,NULL,NULL,NULL,NULL,'--- !ruby/hash:ActiveSupport::HashWithIndifferentAccess\nanschaffungskategorie: AV-Technik\nreference: invoice\numzug: zgeln\nankunftszustand: intakt\n','2013-01-24 08:52:49','2013-01-24 08:52:49'),(15,'cptoub14e4gmcn2f3y4515','c8:be:1a:08:fc:ed-87:b4:62:7d:a9:03-26:83:e2:3a:21:de',38,NULL,15,1,NULL,NULL,'2012-05-20','2013-01-24',NULL,NULL,'1154.00',0,0,1,0,1,1,NULL,NULL,NULL,NULL,NULL,'--- !ruby/hash:ActiveSupport::HashWithIndifferentAccess\nanschaffungskategorie: AV-Technik\nreference: invoice\numzug: zgeln\nankunftszustand: intakt\n','2013-01-24 08:52:49','2013-01-24 08:52:49'),(16,'es7qobf7oqs600hosmtz16','c6:6f:55:85:92:8d-c9:41:48:e4:6c:af-7b:58:fd:38:fd:e6',39,NULL,16,1,NULL,NULL,'2009-09-01','2013-01-24',NULL,NULL,'1253.00',0,0,1,0,1,1,NULL,NULL,NULL,NULL,NULL,'--- !ruby/hash:ActiveSupport::HashWithIndifferentAccess\nanschaffungskategorie: AV-Technik\nreference: invoice\numzug: zgeln\nankunftszustand: intakt\n','2013-01-24 08:52:49','2013-01-24 08:52:49'),(17,'tz3vopkcev5coxaeshlh17','0b:6c:e0:af:c5:37-56:ff:01:4c:c8:3a-ed:f8:c3:30:81:8a',40,NULL,17,1,NULL,NULL,'2009-10-14','2013-01-24',NULL,NULL,'443.00',0,0,1,0,1,1,NULL,NULL,NULL,NULL,NULL,'--- !ruby/hash:ActiveSupport::HashWithIndifferentAccess\nanschaffungskategorie: AV-Technik\nreference: invoice\numzug: zgeln\nankunftszustand: intakt\n','2013-01-24 08:52:49','2013-01-24 08:52:49'),(18,'mpzwmy5lpu3zr80vt3cd18','24:a4:63:1c:da:41-29:e0:9e:05:6b:ff-6d:d1:b3:28:8b:33',41,NULL,18,1,NULL,NULL,'2010-07-12','2013-01-24',NULL,NULL,'1252.00',0,0,1,0,1,1,NULL,NULL,NULL,NULL,NULL,'--- !ruby/hash:ActiveSupport::HashWithIndifferentAccess\nanschaffungskategorie: AV-Technik\nreference: invoice\numzug: zgeln\nankunftszustand: intakt\n','2013-01-24 08:52:49','2013-01-24 08:52:49'),(19,'wzugks1h4254pk5dwbn719','8e:67:c6:02:94:67-ef:16:d7:b8:b6:01-1b:af:41:c3:ae:3b',42,NULL,19,1,NULL,NULL,'2011-12-30','2013-01-24',NULL,NULL,'461.00',0,0,1,0,1,1,NULL,NULL,NULL,NULL,NULL,'--- !ruby/hash:ActiveSupport::HashWithIndifferentAccess\nanschaffungskategorie: AV-Technik\nreference: invoice\numzug: zgeln\nankunftszustand: intakt\n','2013-01-24 08:52:49','2013-01-24 08:52:49'),(20,'zccbdtoehy8n2a2f09fo20','c9:1c:7d:41:57:13-d2:c0:d1:ca:89:5f-99:82:70:34:3d:60',43,NULL,20,1,NULL,NULL,'2008-10-17','2013-01-24',NULL,NULL,'142.00',0,0,1,0,1,1,NULL,NULL,NULL,NULL,NULL,'--- !ruby/hash:ActiveSupport::HashWithIndifferentAccess\nanschaffungskategorie: AV-Technik\nreference: invoice\numzug: zgeln\nankunftszustand: intakt\n','2013-01-24 08:52:49','2013-01-24 08:52:49'),(21,'n723dgk5n3p79i1gcphd21','38:30:05:e5:20:cb-08:87:7c:9d:08:a3-02:40:41:c4:c6:4e',44,NULL,21,1,NULL,NULL,'2009-01-06','2013-01-24',NULL,NULL,'547.00',0,0,1,0,1,1,NULL,NULL,NULL,NULL,NULL,'--- !ruby/hash:ActiveSupport::HashWithIndifferentAccess\nanschaffungskategorie: AV-Technik\nreference: invoice\numzug: zgeln\nankunftszustand: intakt\n','2013-01-24 08:52:49','2013-01-24 08:52:49'),(22,'ycsuv8vfpe4v2osqmfbs22','32:7f:02:27:80:7b-40:41:b2:07:d2:f8-60:3c:da:95:85:e6',45,NULL,22,1,NULL,NULL,'2010-10-29','2013-01-24',NULL,NULL,'568.00',0,0,1,0,1,1,NULL,NULL,NULL,NULL,NULL,'--- !ruby/hash:ActiveSupport::HashWithIndifferentAccess\nanschaffungskategorie: AV-Technik\nreference: invoice\numzug: zgeln\nankunftszustand: intakt\n','2013-01-24 08:52:49','2013-01-24 08:52:49'),(23,'0vyzrkt6epb48fadrzgp23','3b:8e:76:61:13:4d-10:de:bb:dc:9c:03-b0:e7:b1:9a:03:10',46,NULL,23,1,NULL,NULL,'2011-02-16','2013-01-24',NULL,NULL,'388.00',0,0,1,0,1,1,NULL,NULL,NULL,NULL,NULL,'--- !ruby/hash:ActiveSupport::HashWithIndifferentAccess\nanschaffungskategorie: AV-Technik\nreference: invoice\numzug: zgeln\nankunftszustand: intakt\n','2013-01-24 08:52:49','2013-01-24 08:52:49'),(24,'02quonennu3hv0ibk1xw24','c5:8f:6e:ec:7b:be-88:a2:30:37:6e:80-82:0e:fd:58:bb:ee',47,NULL,24,1,NULL,NULL,'2011-04-08','2013-01-24',NULL,NULL,'672.00',0,0,1,0,1,1,NULL,NULL,NULL,NULL,NULL,'--- !ruby/hash:ActiveSupport::HashWithIndifferentAccess\nanschaffungskategorie: AV-Technik\nreference: invoice\numzug: zgeln\nankunftszustand: intakt\n','2013-01-24 08:52:49','2013-01-24 08:52:49'),(25,'bnfibxdx4k4zfhmnh2dp25','0f:a6:06:49:06:31-91:f6:bc:f7:67:13-6a:b2:eb:d8:ff:43',48,NULL,25,1,NULL,NULL,'2012-08-06','2013-01-24',NULL,NULL,'408.00',0,0,1,0,1,1,NULL,NULL,NULL,NULL,NULL,'--- !ruby/hash:ActiveSupport::HashWithIndifferentAccess\nanschaffungskategorie: AV-Technik\nreference: invoice\numzug: zgeln\nankunftszustand: intakt\n','2013-01-24 08:52:49','2013-01-24 08:52:49'),(26,'eff65uw2gtuclbuqil2426','96:93:55:e8:f7:05-c9:5d:52:5c:4a:54-aa:52:b9:35:a8:57',49,NULL,26,1,NULL,NULL,'2008-08-16','2013-01-24',NULL,NULL,'44.00',0,0,1,0,1,1,NULL,NULL,NULL,NULL,NULL,'--- !ruby/hash:ActiveSupport::HashWithIndifferentAccess\nanschaffungskategorie: AV-Technik\nreference: invoice\numzug: zgeln\nankunftszustand: intakt\n','2013-01-24 08:52:49','2013-01-24 08:52:49'),(27,'0sxf4rh50yc0kynj1bjy27','d6:c2:6b:69:f5:3f-30:c9:0f:9d:8d:c3-e6:32:e5:7f:df:e1',50,NULL,27,1,NULL,NULL,'2009-03-24','2013-01-24',NULL,NULL,'210.00',0,0,1,0,1,1,NULL,NULL,NULL,NULL,NULL,'--- !ruby/hash:ActiveSupport::HashWithIndifferentAccess\nanschaffungskategorie: AV-Technik\nreference: invoice\numzug: zgeln\nankunftszustand: intakt\n','2013-01-24 08:52:49','2013-01-24 08:52:49'),(28,'9ji7buyxbasdoaipjrha28','a2:76:3c:c0:87:87-16:46:84:bc:34:c1-3e:11:45:af:83:11',51,NULL,28,1,NULL,NULL,'2012-12-11','2013-01-24',NULL,NULL,'928.00',0,0,1,0,1,1,NULL,NULL,NULL,NULL,NULL,'--- !ruby/hash:ActiveSupport::HashWithIndifferentAccess\nanschaffungskategorie: AV-Technik\nreference: invoice\numzug: zgeln\nankunftszustand: intakt\n','2013-01-24 08:52:49','2013-01-24 08:52:49'),(29,'zyvih77qj36vwiv7cwin29','38:02:66:f9:ca:9b-2b:da:04:ef:0c:3e-6e:28:bc:08:43:a0',52,NULL,29,1,NULL,NULL,'2009-01-16','2013-01-24',NULL,NULL,'458.00',0,0,1,0,1,1,NULL,NULL,NULL,NULL,NULL,'--- !ruby/hash:ActiveSupport::HashWithIndifferentAccess\nanschaffungskategorie: AV-Technik\nreference: invoice\numzug: zgeln\nankunftszustand: intakt\n','2013-01-24 08:52:49','2013-01-24 08:52:49'),(30,'lemtbgssf98rqjmw9vtp30','85:0d:a0:b4:13:13-5c:30:75:80:8a:c2-54:32:0d:e5:69:a4',53,NULL,30,1,NULL,NULL,'2009-02-12','2013-01-24',NULL,NULL,'473.00',0,0,1,0,1,1,NULL,NULL,NULL,NULL,NULL,'--- !ruby/hash:ActiveSupport::HashWithIndifferentAccess\nanschaffungskategorie: AV-Technik\nreference: invoice\numzug: zgeln\nankunftszustand: intakt\n','2013-01-24 08:52:49','2013-01-24 08:52:49'),(31,'h96mwe3ebw5aasyeichr31','6a:be:1b:33:c6:f9-c0:db:89:ce:6d:d7-43:4d:5f:4c:ae:8d',54,NULL,31,1,NULL,NULL,'2012-07-15','2013-01-24',NULL,NULL,'1209.00',0,0,1,0,1,1,NULL,NULL,NULL,NULL,NULL,'--- !ruby/hash:ActiveSupport::HashWithIndifferentAccess\nanschaffungskategorie: AV-Technik\nreference: invoice\numzug: zgeln\nankunftszustand: intakt\n','2013-01-24 08:52:49','2013-01-24 08:52:49'),(32,'rerrqk04o1i5z6xfjmee32','bf:a3:8f:06:90:35-14:31:ed:1e:f6:90-c5:0d:1c:36:36:e1',55,NULL,32,1,NULL,NULL,'2008-12-22','2013-01-24',NULL,NULL,'1294.00',0,0,1,0,1,1,NULL,NULL,NULL,NULL,NULL,'--- !ruby/hash:ActiveSupport::HashWithIndifferentAccess\nanschaffungskategorie: AV-Technik\nreference: invoice\numzug: zgeln\nankunftszustand: intakt\n','2013-01-24 08:52:49','2013-01-24 08:52:49'),(33,'dtzjz77ba3cusc2ahdhl33','85:53:fa:3f:a7:42-56:12:8a:ed:f4:45-a2:09:f5:5f:d7:76',56,NULL,33,1,NULL,NULL,'2009-01-13','2013-01-24',NULL,NULL,'600.00',0,0,1,0,1,1,NULL,NULL,NULL,NULL,NULL,'--- !ruby/hash:ActiveSupport::HashWithIndifferentAccess\nanschaffungskategorie: AV-Technik\nreference: invoice\numzug: zgeln\nankunftszustand: intakt\n','2013-01-24 08:52:49','2013-01-24 08:52:49'),(34,'9tlogjdc2vv5im0yt8ee34','61:37:d3:a9:2a:24-6e:a6:31:12:d7:3d-0c:80:e8:ad:25:18',57,NULL,34,1,NULL,NULL,'2012-11-30','2013-01-24',NULL,NULL,'254.00',0,0,1,0,1,1,NULL,NULL,NULL,NULL,NULL,'--- !ruby/hash:ActiveSupport::HashWithIndifferentAccess\nanschaffungskategorie: AV-Technik\nreference: invoice\numzug: zgeln\nankunftszustand: intakt\n','2013-01-24 08:52:49','2013-01-24 08:52:49'),(35,'widx4btn1l1s5u5cqfnp35','08:20:42:ea:9c:72-09:66:86:34:21:96-0d:86:fb:16:d1:b2',58,NULL,35,1,NULL,NULL,'2012-10-30','2013-01-24',NULL,NULL,'1332.00',0,0,1,0,1,1,NULL,NULL,NULL,NULL,NULL,'--- !ruby/hash:ActiveSupport::HashWithIndifferentAccess\nanschaffungskategorie: AV-Technik\nreference: invoice\numzug: zgeln\nankunftszustand: intakt\n','2013-01-24 08:52:49','2013-01-24 08:52:49'),(36,'94x8a2feswviefzi0qxc36','31:af:07:bb:36:7f-2b:c9:c2:b5:c3:4d-0b:1d:f9:d9:21:aa',59,NULL,36,1,NULL,NULL,'2008-11-14','2013-01-24',NULL,NULL,'971.00',0,0,1,0,1,1,NULL,NULL,NULL,NULL,NULL,'--- !ruby/hash:ActiveSupport::HashWithIndifferentAccess\nanschaffungskategorie: AV-Technik\nreference: invoice\numzug: zgeln\nankunftszustand: intakt\n','2013-01-24 08:52:49','2013-01-24 08:52:49'),(37,'v50bzyc0sc2kf5krz4ld37','a3:ce:ff:14:46:72-1b:ca:47:6a:cf:53-c7:02:a2:fb:8d:8b',60,NULL,37,1,NULL,NULL,'2010-01-24','2013-01-24',NULL,NULL,'1089.00',0,0,1,0,1,1,NULL,NULL,NULL,NULL,NULL,'--- !ruby/hash:ActiveSupport::HashWithIndifferentAccess\nanschaffungskategorie: AV-Technik\nreference: invoice\numzug: zgeln\nankunftszustand: intakt\n','2013-01-24 08:52:49','2013-01-24 08:52:49'),(38,'l0xap3kd77wegro4f7ty38','27:9d:19:67:c8:2e-b1:7e:21:7a:e8:cf-35:ea:8c:e5:cc:95',61,NULL,38,1,NULL,NULL,'2011-07-22','2013-01-24',NULL,NULL,'281.00',0,0,1,0,1,1,NULL,NULL,NULL,NULL,NULL,'--- !ruby/hash:ActiveSupport::HashWithIndifferentAccess\nanschaffungskategorie: AV-Technik\nreference: invoice\numzug: zgeln\nankunftszustand: intakt\n','2013-01-24 08:52:49','2013-01-24 08:52:49'),(39,'pfjuqqzgsn2s80pjcz1j39','9b:c6:74:91:6d:74-b5:d4:26:bf:bb:92-0b:bc:13:62:eb:e2',62,NULL,39,1,NULL,NULL,'2011-07-10','2013-01-24',NULL,NULL,'102.00',0,0,1,0,1,1,NULL,NULL,NULL,NULL,NULL,'--- !ruby/hash:ActiveSupport::HashWithIndifferentAccess\nanschaffungskategorie: AV-Technik\nreference: invoice\numzug: zgeln\nankunftszustand: intakt\n','2013-01-24 08:52:49','2013-01-24 08:52:49'),(40,'jl7rogsv42y7c03wzqhv40','49:0e:68:2a:ba:be-48:06:c7:45:c2:6a-8a:db:f0:11:fb:83',63,NULL,40,1,NULL,NULL,'2010-08-24','2013-01-24',NULL,NULL,'1116.00',0,0,1,0,1,1,NULL,NULL,NULL,NULL,NULL,'--- !ruby/hash:ActiveSupport::HashWithIndifferentAccess\nanschaffungskategorie: AV-Technik\nreference: invoice\numzug: zgeln\nankunftszustand: intakt\n','2013-01-24 08:52:49','2013-01-24 08:52:49'),(41,'jmc90yn6g6t0307s1m2l41','d8:84:4d:d2:9e:93-5c:11:5f:6e:13:14-10:c4:be:24:16:54',64,NULL,41,1,NULL,NULL,'2009-03-24','2013-01-24',NULL,NULL,'1201.00',0,0,1,0,1,1,NULL,NULL,NULL,NULL,NULL,'--- !ruby/hash:ActiveSupport::HashWithIndifferentAccess\nanschaffungskategorie: AV-Technik\nreference: invoice\numzug: zgeln\nankunftszustand: intakt\n','2013-01-24 08:52:49','2013-01-24 08:52:49'),(42,'9wev5xp0blat1pka9bw042','50:18:5b:bb:5a:f5-79:6f:56:2f:b6:05-d5:b7:74:08:a1:ea',65,NULL,42,1,NULL,NULL,'2011-06-15','2013-01-24',NULL,NULL,'1089.00',0,0,1,0,1,1,NULL,NULL,NULL,NULL,NULL,'--- !ruby/hash:ActiveSupport::HashWithIndifferentAccess\nanschaffungskategorie: AV-Technik\nreference: invoice\numzug: zgeln\nankunftszustand: intakt\n','2013-01-24 08:52:49','2013-01-24 08:52:49'),(43,'oay2kh6blxb02ffd7ai843','0b:64:a3:76:42:6a-09:dd:77:b5:f5:49-49:ac:d8:60:c5:6b',66,NULL,43,1,NULL,NULL,'2009-04-20','2013-01-24',NULL,NULL,'825.00',0,0,1,0,1,1,NULL,NULL,NULL,NULL,NULL,'--- !ruby/hash:ActiveSupport::HashWithIndifferentAccess\nanschaffungskategorie: AV-Technik\nreference: invoice\numzug: zgeln\nankunftszustand: intakt\n','2013-01-24 08:52:49','2013-01-24 08:52:49'),(44,'2g3x5algwqz8xvbi3oko44','1e:5b:76:fa:6f:67-fc:e8:c9:43:3f:ff-b6:ac:2e:32:d0:5b',67,NULL,44,1,NULL,NULL,'2011-03-14','2013-01-24',NULL,NULL,'584.00',0,0,1,0,1,1,NULL,NULL,NULL,NULL,NULL,'--- !ruby/hash:ActiveSupport::HashWithIndifferentAccess\nanschaffungskategorie: AV-Technik\nreference: invoice\numzug: zgeln\nankunftszustand: intakt\n','2013-01-24 08:52:49','2013-01-24 08:52:49'),(45,'mewzphus1z42vouiy7jv45','36:4a:0e:df:fb:44-2b:cd:a7:79:6d:2f-c9:d6:7c:14:5e:d5',68,NULL,45,1,NULL,NULL,'2011-11-06','2013-01-24',NULL,NULL,'295.00',0,0,1,0,1,1,NULL,NULL,NULL,NULL,NULL,'--- !ruby/hash:ActiveSupport::HashWithIndifferentAccess\nanschaffungskategorie: AV-Technik\nreference: invoice\numzug: zgeln\nankunftszustand: intakt\n','2013-01-24 08:52:49','2013-01-24 08:52:49'),(46,'b9uarxqkmncv0mqg0wti46','ac:44:33:d4:34:66-72:b0:ca:ca:39:2e-81:11:83:21:41:21',69,NULL,46,1,NULL,NULL,'2012-05-27','2013-01-24',NULL,NULL,'518.00',0,0,1,0,1,1,NULL,NULL,NULL,NULL,NULL,'--- !ruby/hash:ActiveSupport::HashWithIndifferentAccess\nanschaffungskategorie: AV-Technik\nreference: invoice\numzug: zgeln\nankunftszustand: intakt\n','2013-01-24 08:52:49','2013-01-24 08:52:49'),(47,'x9rnsva0iv1myrkxrv7k47','b4:e0:6c:50:59:76-4b:45:d1:39:ab:8e-f6:0f:f4:82:00:82',70,NULL,47,1,NULL,NULL,'2008-10-15','2013-01-24',NULL,NULL,'1319.00',0,0,1,0,1,1,NULL,NULL,NULL,NULL,NULL,'--- !ruby/hash:ActiveSupport::HashWithIndifferentAccess\nanschaffungskategorie: AV-Technik\nreference: invoice\numzug: zgeln\nankunftszustand: intakt\n','2013-01-24 08:52:49','2013-01-24 08:52:49'),(48,'mk7ft98cns1ms3iz737m48','07:e3:7b:09:2e:25-b1:4f:62:c3:cb:3d-19:6c:3a:bb:91:f0',71,NULL,48,1,NULL,NULL,'2011-04-11','2013-01-24',NULL,NULL,'16.00',0,0,1,0,1,1,NULL,NULL,NULL,NULL,NULL,'--- !ruby/hash:ActiveSupport::HashWithIndifferentAccess\nanschaffungskategorie: AV-Technik\nreference: invoice\numzug: zgeln\nankunftszustand: intakt\n','2013-01-24 08:52:49','2013-01-24 08:52:49'),(49,'4es8t0nxhe2yivelzta849','ff:cd:98:e5:6c:06-75:be:62:5e:b2:3b-dd:01:26:3d:c0:91',72,NULL,49,1,NULL,NULL,'2010-07-11','2013-01-24',NULL,NULL,'316.00',0,0,1,0,1,1,NULL,NULL,NULL,NULL,NULL,'--- !ruby/hash:ActiveSupport::HashWithIndifferentAccess\nanschaffungskategorie: AV-Technik\nreference: invoice\numzug: zgeln\nankunftszustand: intakt\n','2013-01-24 08:52:49','2013-01-24 08:52:49'),(50,'a8crm94cm4xtht09gnry50','1b:34:ed:a7:18:1d-e8:76:c8:c1:99:d8-43:93:f5:ed:cd:e1',73,NULL,50,1,NULL,NULL,'2009-04-14','2013-01-24',NULL,NULL,'198.00',0,0,1,0,1,1,NULL,NULL,NULL,NULL,NULL,'--- !ruby/hash:ActiveSupport::HashWithIndifferentAccess\nanschaffungskategorie: AV-Technik\nreference: invoice\numzug: zgeln\nankunftszustand: intakt\n','2013-01-24 08:52:49','2013-01-24 08:52:49'),(51,'book1','book1',1,1,51,2,NULL,NULL,'2011-03-14','2013-01-24',NULL,NULL,'99.00',0,0,1,0,2,1,NULL,NULL,NULL,NULL,NULL,'--- !ruby/hash:ActiveSupport::HashWithIndifferentAccess\nanschaffungskategorie: AV-Technik\nreference: invoice\numzug: zgeln\nankunftszustand: intakt\n','2013-01-24 08:52:49','2013-01-24 08:52:49'),(52,'book2','book2',1,1,52,2,NULL,NULL,'2009-06-11','2013-01-24',NULL,NULL,'912.00',0,0,1,0,2,1,NULL,NULL,NULL,NULL,NULL,'--- !ruby/hash:ActiveSupport::HashWithIndifferentAccess\nanschaffungskategorie: AV-Technik\nreference: invoice\numzug: zgeln\nankunftszustand: intakt\n','2013-01-24 08:52:49','2013-01-24 08:52:49'),(53,'beam123','xyz456',2,1,53,1,NULL,NULL,'2009-08-29','2013-01-24',NULL,NULL,'929.00',0,0,1,0,1,1,NULL,NULL,NULL,NULL,NULL,'--- !ruby/hash:ActiveSupport::HashWithIndifferentAccess\nanschaffungskategorie: AV-Technik\nreference: invoice\numzug: zgeln\nankunftszustand: intakt\n','2013-01-24 08:52:49','2013-01-24 08:52:49'),(54,'beam345','xyz890',2,1,54,1,NULL,NULL,'2010-03-20','2013-01-24',NULL,NULL,'420.00',0,0,1,0,1,1,NULL,NULL,NULL,NULL,NULL,'--- !ruby/hash:ActiveSupport::HashWithIndifferentAccess\nanschaffungskategorie: AV-Technik\nreference: invoice\numzug: zgeln\nankunftszustand: intakt\n','2013-01-24 08:52:49','2013-01-24 08:52:49'),(55,'beam678','xyz678',3,1,55,1,NULL,NULL,'2010-04-30','2013-01-24',NULL,NULL,'466.00',0,0,1,0,1,1,NULL,NULL,NULL,NULL,NULL,'--- !ruby/hash:ActiveSupport::HashWithIndifferentAccess\nanschaffungskategorie: AV-Technik\nreference: invoice\numzug: zgeln\nankunftszustand: intakt\n','2013-01-24 08:52:49','2013-01-24 08:52:49'),(56,'beam749','xyz749',2,1,56,1,NULL,NULL,'2009-04-12','2013-01-24',NULL,NULL,'1300.00',0,0,1,0,2,1,NULL,NULL,NULL,NULL,NULL,'--- !ruby/hash:ActiveSupport::HashWithIndifferentAccess\nanschaffungskategorie: AV-Technik\nreference: invoice\numzug: zgeln\nankunftszustand: intakt\n','2013-01-24 08:52:49','2013-01-24 08:52:49'),(57,'beamTest123','xyz74912',5,1,57,1,NULL,NULL,'2012-03-01','2013-01-24',NULL,NULL,'584.00',0,0,1,0,1,1,NULL,NULL,NULL,NULL,NULL,'--- !ruby/hash:ActiveSupport::HashWithIndifferentAccess\nanschaffungskategorie: AV-Technik\nreference: invoice\numzug: zgeln\nankunftszustand: intakt\n','2013-01-24 08:52:49','2013-01-24 08:52:49'),(58,'ucbeam1','minbeam1',6,1,58,1,NULL,NULL,'2011-05-25','2013-01-24',NULL,NULL,'682.00',0,0,1,0,1,1,NULL,NULL,NULL,'ucbeam1',NULL,'--- !ruby/hash:ActiveSupport::HashWithIndifferentAccess\nanschaffungskategorie: AV-Technik\nreference: invoice\numzug: zgeln\nankunftszustand: intakt\n','2013-01-24 08:52:49','2013-01-24 08:52:49'),(59,'microbeam1','microbeam1',7,1,59,1,NULL,NULL,'2009-06-24','2013-01-24',NULL,NULL,'480.00',0,0,1,0,1,1,NULL,NULL,NULL,'microbeam1',NULL,'--- !ruby/hash:ActiveSupport::HashWithIndifferentAccess\nanschaffungskategorie: AV-Technik\nreference: invoice\numzug: zgeln\nankunftszustand: intakt\n','2013-01-24 08:52:49','2013-01-24 08:52:49'),(60,'cam123','abc234',8,1,60,1,NULL,NULL,'2010-10-19','2013-01-24',NULL,NULL,'1196.00',0,0,1,0,1,1,NULL,NULL,NULL,NULL,NULL,'--- !ruby/hash:ActiveSupport::HashWithIndifferentAccess\nanschaffungskategorie: AV-Technik\nreference: invoice\numzug: zgeln\nankunftszustand: intakt\n','2013-01-24 08:52:49','2013-01-24 08:52:49'),(61,'cam345','ab567',8,1,61,1,NULL,NULL,'2011-05-18','2013-01-24',NULL,NULL,'894.00',0,0,1,0,1,1,NULL,NULL,NULL,NULL,NULL,'--- !ruby/hash:ActiveSupport::HashWithIndifferentAccess\nanschaffungskategorie: AV-Technik\nreference: invoice\numzug: zgeln\nankunftszustand: intakt\n','2013-01-24 08:52:49','2013-01-24 08:52:49'),(62,'cam567','ab789',8,1,62,1,NULL,NULL,'2011-05-06','2013-01-24',NULL,NULL,'1146.00',0,0,1,0,1,1,NULL,NULL,NULL,NULL,NULL,'--- !ruby/hash:ActiveSupport::HashWithIndifferentAccess\nanschaffungskategorie: AV-Technik\nreference: invoice\numzug: zgeln\nankunftszustand: intakt\n','2013-01-24 08:52:49','2013-01-24 08:52:49'),(63,'cam53267','ab782129',8,1,63,1,NULL,NULL,'2010-09-29','2013-01-24',NULL,NULL,'363.00',0,0,1,0,1,1,NULL,NULL,NULL,NULL,NULL,'--- !ruby/hash:ActiveSupport::HashWithIndifferentAccess\nanschaffungskategorie: AV-Technik\nreference: invoice\numzug: zgeln\nankunftszustand: intakt\n','2013-01-24 08:52:49','2013-01-24 08:52:49'),(64,'cam532asd67','ab78as2129',8,1,64,1,NULL,NULL,'2009-10-02','2013-01-24',NULL,NULL,'779.00',0,0,1,0,1,1,NULL,NULL,NULL,NULL,NULL,'--- !ruby/hash:ActiveSupport::HashWithIndifferentAccess\nanschaffungskategorie: AV-Technik\nreference: invoice\numzug: zgeln\nankunftszustand: intakt\n','2013-01-24 08:52:49','2013-01-24 08:52:49'),(65,'tri789','fgh567',9,1,65,1,NULL,NULL,'2012-03-24','2013-01-24',NULL,NULL,'1211.00',0,0,1,0,1,1,NULL,NULL,NULL,NULL,NULL,'--- !ruby/hash:ActiveSupport::HashWithIndifferentAccess\nanschaffungskategorie: AV-Technik\nreference: invoice\numzug: zgeln\nankunftszustand: intakt\n','2013-01-24 08:52:49','2013-01-24 08:52:49'),(66,'tri123','fgh987',9,1,66,1,NULL,NULL,'2008-05-13','2013-01-24',NULL,NULL,'120.00',0,0,1,0,1,1,NULL,NULL,NULL,NULL,NULL,'--- !ruby/hash:ActiveSupport::HashWithIndifferentAccess\nanschaffungskategorie: AV-Technik\nreference: invoice\numzug: zgeln\nankunftszustand: intakt\n','2013-01-24 08:52:49','2013-01-24 08:52:49'),(67,'tri923','asd213',9,1,67,1,NULL,NULL,'2012-03-07','2013-01-24',NULL,NULL,'1135.00',0,0,1,0,1,1,NULL,NULL,NULL,NULL,NULL,'--- !ruby/hash:ActiveSupport::HashWithIndifferentAccess\nanschaffungskategorie: AV-Technik\nreference: invoice\numzug: zgeln\nankunftszustand: intakt\n','2013-01-24 08:52:49','2013-01-24 08:52:49'),(68,'tri212','tri212',9,1,68,1,NULL,NULL,'2012-11-23','2013-01-24',NULL,NULL,'79.00',0,0,1,0,1,1,NULL,NULL,NULL,NULL,NULL,'--- !ruby/hash:ActiveSupport::HashWithIndifferentAccess\nanschaffungskategorie: AV-Technik\nreference: invoice\numzug: zgeln\nankunftszustand: intakt\n','2013-01-24 08:52:49','2013-01-24 08:52:49'),(69,'hifi123','hifi123',10,1,69,1,NULL,NULL,'2010-10-07','2013-01-24',NULL,NULL,'645.00',0,0,1,0,1,1,NULL,NULL,NULL,NULL,NULL,'--- !ruby/hash:ActiveSupport::HashWithIndifferentAccess\nanschaffungskategorie: AV-Technik\nreference: invoice\numzug: zgeln\nankunftszustand: intakt\n','2013-01-24 08:52:49','2013-01-24 08:52:49'),(70,'bose123','bose123',12,1,70,1,NULL,NULL,'2010-01-25','2013-01-24',NULL,NULL,'1072.00',0,0,1,0,1,1,NULL,NULL,NULL,NULL,NULL,'--- !ruby/hash:ActiveSupport::HashWithIndifferentAccess\nanschaffungskategorie: AV-Technik\nreference: invoice\numzug: zgeln\nankunftszustand: intakt\n','2013-01-24 08:52:49','2013-01-24 08:52:49'),(71,'cand5','cand5',8,1,71,1,NULL,NULL,'2012-12-08','2013-01-24',NULL,NULL,'439.00',0,0,0,0,1,1,NULL,NULL,NULL,NULL,NULL,'--- !ruby/hash:ActiveSupport::HashWithIndifferentAccess\nanschaffungskategorie: AV-Technik\nreference: invoice\numzug: zgeln\nankunftszustand: intakt\n','2013-01-24 08:52:49','2013-01-24 08:52:49'),(72,'beam21231','beamas12312',2,1,72,1,NULL,NULL,'2012-07-13','2013-01-24',NULL,NULL,'778.00',0,0,0,0,1,1,NULL,NULL,NULL,NULL,NULL,'--- !ruby/hash:ActiveSupport::HashWithIndifferentAccess\nanschaffungskategorie: AV-Technik\nreference: invoice\numzug: zgeln\nankunftszustand: intakt\n','2013-01-24 08:52:49','2013-01-24 08:52:49'),(73,'hifi345','hifi345',10,1,73,1,NULL,NULL,'2008-03-06','2013-01-24',NULL,NULL,'394.00',0,0,0,0,1,1,NULL,NULL,NULL,NULL,NULL,'--- !ruby/hash:ActiveSupport::HashWithIndifferentAccess\nanschaffungskategorie: AV-Technik\nreference: invoice\numzug: zgeln\nankunftszustand: intakt\n','2013-01-24 08:52:49','2013-01-24 08:52:49'),(74,'wlaptop1','wlaptop1',14,1,74,1,NULL,NULL,'2011-01-19','2013-01-24',NULL,NULL,'1412.00',1,0,1,0,1,1,NULL,NULL,NULL,NULL,NULL,'--- !ruby/hash:ActiveSupport::HashWithIndifferentAccess\nanschaffungskategorie: AV-Technik\nreference: invoice\numzug: zgeln\nankunftszustand: intakt\n','2013-01-24 08:52:49','2013-01-24 08:52:49'),(75,'v120d02','v120d02',15,1,75,1,NULL,NULL,'2009-01-24','2013-01-24',NULL,NULL,'715.00',0,1,1,0,1,1,NULL,NULL,NULL,NULL,NULL,'--- !ruby/hash:ActiveSupport::HashWithIndifferentAccess\nanschaffungskategorie: AV-Technik\nreference: invoice\numzug: zgeln\nankunftszustand: intakt\n','2013-01-24 08:52:49','2013-01-24 08:52:49'),(76,'v120d11','v120d11',15,NULL,76,1,NULL,NULL,'2012-06-24','2013-01-24','2013-01-24','Excepturi sint id et possimus corrupti odit et.','804.00',1,1,0,0,1,1,NULL,NULL,NULL,NULL,NULL,'--- !ruby/hash:ActiveSupport::HashWithIndifferentAccess\nanschaffungskategorie: AV-Technik\nreference: invoice\numzug: zgeln\nankunftszustand: intakt\n','2013-01-24 08:52:49','2013-01-24 08:52:49'),(77,'v120d022g','v120d022g',16,1,77,1,NULL,NULL,'2008-10-05','2013-01-24',NULL,NULL,'871.00',0,0,1,0,1,1,NULL,NULL,NULL,NULL,NULL,'--- !ruby/hash:ActiveSupport::HashWithIndifferentAccess\nanschaffungskategorie: AV-Technik\nreference: invoice\numzug: zgeln\nankunftszustand: intakt\n','2013-01-24 08:52:49','2013-01-24 08:52:49'),(78,'v120d022g2','v120d022g2',16,1,78,1,NULL,NULL,'2008-03-18','2013-01-24',NULL,NULL,'234.00',0,0,1,0,1,1,NULL,NULL,NULL,NULL,NULL,'--- !ruby/hash:ActiveSupport::HashWithIndifferentAccess\nanschaffungskategorie: AV-Technik\nreference: invoice\numzug: zgeln\nankunftszustand: intakt\n','2013-01-24 08:52:49','2013-01-24 08:52:49'),(79,'iMac1','iMac1',18,1,79,1,NULL,NULL,'2011-07-26','2013-01-24','2013-01-24','This item is gone.','379.00',0,0,1,0,1,1,NULL,NULL,NULL,NULL,NULL,'--- !ruby/hash:ActiveSupport::HashWithIndifferentAccess\nanschaffungskategorie: AV-Technik\nreference: invoice\numzug: zgeln\nankunftszustand: intakt\n','2013-01-24 08:52:49','2013-01-24 08:52:49'),(80,'iMac2','iMac2',18,1,80,3,NULL,NULL,'2008-02-04','2013-01-24','2013-01-24','This item is gone.','272.00',0,0,1,0,1,1,NULL,NULL,NULL,NULL,NULL,'--- !ruby/hash:ActiveSupport::HashWithIndifferentAccess\nanschaffungskategorie: AV-Technik\nreference: invoice\numzug: zgeln\nankunftszustand: intakt\n','2013-01-24 08:52:49','2013-01-24 08:52:49'),(81,'lpv3yc','lpv3yc',11,1,81,1,NULL,NULL,'2008-12-11','2013-01-24','2013-01-24','This item is gone.','995.00',0,0,1,0,1,1,NULL,NULL,NULL,NULL,NULL,'--- !ruby/hash:ActiveSupport::HashWithIndifferentAccess\nanschaffungskategorie: AV-Technik\nreference: invoice\numzug: zgeln\nankunftszustand: intakt\n','2013-01-24 08:52:49','2013-01-24 08:52:49'),(82,'6cxjcs','6cxjcs',11,1,82,1,NULL,NULL,'2008-07-06','2013-01-24','2013-01-24','This item is gone.','64.00',0,0,1,0,1,1,NULL,NULL,NULL,NULL,NULL,'--- !ruby/hash:ActiveSupport::HashWithIndifferentAccess\nanschaffungskategorie: AV-Technik\nreference: invoice\numzug: zgeln\nankunftszustand: intakt\n','2013-01-24 08:52:49','2013-01-24 08:52:49'),(83,'beam897','beam897',2,1,83,2,NULL,NULL,'2010-04-22','2013-01-24',NULL,NULL,'558.00',0,0,1,0,2,1,NULL,NULL,NULL,NULL,NULL,'--- !ruby/hash:ActiveSupport::HashWithIndifferentAccess\nanschaffungskategorie: AV-Technik\nreference: invoice\numzug: zgeln\nankunftszustand: intakt\n','2013-01-24 08:52:49','2013-01-24 08:52:49'),(84,'minibeam12','minibeam12',4,1,84,2,NULL,NULL,'2009-12-10','2013-01-24',NULL,NULL,'207.00',0,0,1,0,2,1,NULL,NULL,NULL,NULL,NULL,'--- !ruby/hash:ActiveSupport::HashWithIndifferentAccess\nanschaffungskategorie: AV-Technik\nreference: invoice\numzug: zgeln\nankunftszustand: intakt\n','2013-01-24 08:52:49','2013-01-24 08:52:49'),(85,'minibeam34','minibeam34',4,1,85,3,NULL,NULL,'2009-11-30','2013-01-24',NULL,NULL,'753.00',0,0,1,0,3,1,NULL,NULL,NULL,NULL,NULL,'--- !ruby/hash:ActiveSupport::HashWithIndifferentAccess\nanschaffungskategorie: AV-Technik\nreference: invoice\numzug: zgeln\nankunftszustand: intakt\n','2013-01-24 08:52:49','2013-01-24 08:52:49'),(86,'minibeam56','minibeam56',4,1,86,1,NULL,NULL,'2012-09-08','2013-01-24','2013-01-24','Fugit cumque cum omnis debitis voluptatibus fugiat excepturi tempora.','1202.00',0,0,1,0,1,1,NULL,NULL,NULL,NULL,NULL,'--- !ruby/hash:ActiveSupport::HashWithIndifferentAccess\nanschaffungskategorie: AV-Technik\nreference: invoice\numzug: zgeln\nankunftszustand: intakt\n','2013-01-24 08:52:49','2013-01-24 08:52:49'),(87,'minibeam78','minibeam78',4,1,87,2,NULL,NULL,'2009-02-23','2013-01-24',NULL,NULL,'376.00',0,0,1,0,2,1,NULL,NULL,NULL,NULL,NULL,'--- !ruby/hash:ActiveSupport::HashWithIndifferentAccess\nanschaffungskategorie: AV-Technik\nreference: invoice\numzug: zgeln\nankunftszustand: intakt\n','2013-01-24 08:52:49','2013-01-24 08:52:49'),(88,'air123','air123',19,1,88,1,NULL,NULL,'2011-01-23','2013-01-24',NULL,NULL,'655.00',0,0,1,0,1,1,NULL,NULL,NULL,NULL,NULL,'--- !ruby/hash:ActiveSupport::HashWithIndifferentAccess\nanschaffungskategorie: AV-Technik\nreference: invoice\numzug: zgeln\nankunftszustand: intakt\n','2013-01-24 08:52:49','2013-01-24 08:52:49'),(89,'tp230','tp230',20,1,89,1,NULL,NULL,'2010-01-23','2013-01-24',NULL,NULL,'1459.00',0,0,1,0,1,1,NULL,NULL,NULL,NULL,NULL,'--- !ruby/hash:ActiveSupport::HashWithIndifferentAccess\nanschaffungskategorie: AV-Technik\nreference: invoice\numzug: zgeln\nankunftszustand: intakt\n','2013-01-24 08:52:49','2013-01-24 08:52:49'),(90,'tp301','tp301',21,1,90,1,NULL,NULL,'2011-05-20','2013-01-24',NULL,NULL,'388.00',0,0,1,0,1,1,NULL,NULL,NULL,NULL,NULL,'--- !ruby/hash:ActiveSupport::HashWithIndifferentAccess\nanschaffungskategorie: AV-Technik\nreference: invoice\numzug: zgeln\nankunftszustand: intakt\n','2013-01-24 08:52:49','2013-01-24 08:52:49'),(91,'carbon1','carbon1',22,1,91,1,NULL,NULL,'2009-05-14','2013-01-24',NULL,NULL,'740.00',0,0,1,0,1,1,NULL,NULL,NULL,NULL,NULL,'--- !ruby/hash:ActiveSupport::HashWithIndifferentAccess\nanschaffungskategorie: AV-Technik\nreference: invoice\numzug: zgeln\nankunftszustand: intakt\n','2013-01-24 08:52:49','2013-01-24 08:52:49'),(92,'carbon2','carbon2',22,1,92,1,NULL,NULL,'2009-06-30','2013-01-24',NULL,NULL,'464.00',0,0,1,0,1,1,NULL,NULL,NULL,NULL,NULL,'--- !ruby/hash:ActiveSupport::HashWithIndifferentAccess\nanschaffungskategorie: AV-Technik\nreference: invoice\numzug: zgeln\nankunftszustand: intakt\n','2013-01-24 08:52:49','2013-01-24 08:52:49'),(93,'inspiron1','inspiron1',23,1,93,1,NULL,NULL,'2010-12-03','2013-01-24',NULL,NULL,'1290.00',0,0,1,0,1,1,NULL,NULL,NULL,NULL,NULL,'--- !ruby/hash:ActiveSupport::HashWithIndifferentAccess\nanschaffungskategorie: AV-Technik\nreference: invoice\numzug: zgeln\nankunftszustand: intakt\n','2013-01-24 08:52:49','2013-01-24 08:52:49'),(94,'A10',NULL,1,1,94,1,NULL,NULL,'2011-03-21','2013-01-24',NULL,NULL,'329.00',0,0,1,0,2,1,NULL,NULL,NULL,NULL,NULL,'--- !ruby/hash:ActiveSupport::HashWithIndifferentAccess\nanschaffungskategorie: AV-Technik\nreference: invoice\numzug: zgeln\nankunftszustand: intakt\n','2013-01-24 08:52:49','2013-01-24 08:52:49'),(95,'5tfc5w3cny4z8fpvzsme51','e7:d1:18:36:8b:04-81:5e:35:27:66:23-90:6d:58:e2:87:26',76,NULL,NULL,1,NULL,NULL,NULL,NULL,NULL,NULL,NULL,0,0,1,0,1,0,NULL,NULL,NULL,NULL,NULL,'--- !ruby/hash:ActiveSupport::HashWithIndifferentAccess\nlicense_type: single_workplace\nactivation_type: serial_number\noperating_system:\n- windows\n- linux\ninstallation:\n- citrix\n- web\nprocured_by: Andi Schaefer\nreference: invoice\nmaintenance_contract: \'false\'\nmaintenance_currency: CHF\n','2013-01-24 08:52:49','2013-01-24 08:52:49'),(96,'jk5eaei4h89ovm0cxdsi52','b5:03:6d:80:23:be-67:05:58:b2:f0:f6-01:b1:b1:c8:cb:a8',77,NULL,NULL,1,NULL,NULL,NULL,NULL,NULL,NULL,NULL,0,0,1,0,1,0,NULL,NULL,NULL,NULL,NULL,'--- !ruby/hash:ActiveSupport::HashWithIndifferentAccess\nlicense_type: single_workplace\nactivation_type: serial_number\noperating_system:\n- windows\n- linux\ninstallation:\n- citrix\n- web\nprocured_by: Toni Douglas\nreference: invoice\nmaintenance_contract: \'false\'\nmaintenance_currency: CHF\n','2013-01-24 08:52:49','2013-01-24 08:52:49'),(97,'nvz3f57xjebwfpfm7sjm53','4e:86:41:88:3b:92-33:19:60:9a:27:4f-ae:89:be:41:c4:8f',78,NULL,NULL,1,NULL,NULL,NULL,NULL,NULL,NULL,NULL,0,0,0,0,1,0,NULL,NULL,NULL,NULL,NULL,'--- !ruby/hash:ActiveSupport::HashWithIndifferentAccess\nlicense_type: single_workplace\nactivation_type: serial_number\noperating_system:\n- windows\n- linux\ninstallation:\n- citrix\n- web\nreference: invoice\nmaintenance_contract: \'false\'\nmaintenance_currency: CHF\n','2013-01-24 08:52:49','2013-01-24 08:52:49'),(98,'9dm92r1pydzbqgwf5cn854','87:c2:39:cf:c0:b8-64:f3:95:a1:a2:ad-85:76:89:cb:1e:e3',79,NULL,NULL,1,NULL,NULL,NULL,NULL,NULL,NULL,NULL,0,0,1,0,1,0,NULL,NULL,NULL,NULL,NULL,'--- !ruby/hash:ActiveSupport::HashWithIndifferentAccess\nlicense_type: single_workplace\nactivation_type: serial_number\noperating_system:\n- windows\n- linux\ninstallation:\n- citrix\n- web\nreference: invoice\nmaintenance_contract: \'false\'\nmaintenance_currency: CHF\n','2013-01-24 08:52:49','2013-01-24 08:52:49'),(99,'b3ehvb911m5xwzo3yfqm55','07:0c:80:dc:e6:e1-c2:b9:6d:28:d6:fa-5b:a8:fe:bb:44:c5',80,NULL,NULL,1,NULL,NULL,NULL,NULL,NULL,NULL,NULL,0,0,1,0,1,0,NULL,NULL,NULL,NULL,NULL,'--- !ruby/hash:ActiveSupport::HashWithIndifferentAccess\nlicense_type: single_workplace\nactivation_type: serial_number\noperating_system:\n- windows\n- linux\ninstallation:\n- citrix\n- web\nreference: invoice\nmaintenance_contract: \'false\'\nmaintenance_currency: CHF\n','2013-01-24 08:52:49','2013-01-24 08:52:49'),(100,'A15','1d:11:33:da:69:12-4b:80:10:81:5e:36-d3:3b:4c:98:ae:cf',81,NULL,NULL,1,NULL,NULL,NULL,NULL,NULL,NULL,NULL,0,0,1,0,2,0,NULL,NULL,NULL,NULL,NULL,'--- !ruby/hash:ActiveSupport::HashWithIndifferentAccess\nreference: invoice\nactivation_type: none\nlicense_type: free\nmaintenance_contract: \'false\'\nmaintenance_currency: CHF\n','2013-01-24 08:52:49','2013-01-24 08:52:49'),(101,'A19','ec:61:fa:2b:ea:6d-4f:d0:7f:74:23:be-94:4f:62:05:9e:6c',82,NULL,NULL,1,NULL,NULL,NULL,NULL,'2013-01-24','Optio tempore mollitia temporibus qui officia hic aliquam.',NULL,0,0,0,0,1,0,NULL,NULL,NULL,NULL,NULL,'--- !ruby/hash:ActiveSupport::HashWithIndifferentAccess\nreference: invoice\nactivation_type: none\nlicense_type: free\nmaintenance_contract: \'false\'\nmaintenance_currency: CHF\n','2013-01-24 08:52:49','2013-01-24 08:52:49'),(102,'IT26','a4:59:7b:c0:8e:b3-1f:d0:3e:22:75:49-0f:ab:2b:04:71:bb',83,NULL,NULL,2,NULL,NULL,NULL,NULL,'2013-01-24','Sunt laudantium dolorem sit.',NULL,0,0,1,0,1,0,NULL,NULL,NULL,NULL,NULL,'--- !ruby/hash:ActiveSupport::HashWithIndifferentAccess\nreference: invoice\nactivation_type: none\nlicense_type: free\nmaintenance_contract: \'false\'\nmaintenance_currency: CHF\n','2013-01-24 08:52:49','2013-01-24 08:52:49'),(103,'IT43','43:3b:3b:19:99:88-70:65:e3:df:e4:d0-92:9a:fc:91:8a:a2',84,NULL,NULL,2,NULL,NULL,NULL,NULL,NULL,NULL,NULL,0,0,1,0,2,0,NULL,NULL,NULL,NULL,NULL,'--- !ruby/hash:ActiveSupport::HashWithIndifferentAccess\nreference: invoice\nactivation_type: none\nlicense_type: free\nmaintenance_contract: \'false\'\nmaintenance_currency: CHF\n','2013-01-24 08:52:49','2013-01-24 08:52:49'),(104,'A49','4e:5d:62:2a:d7:79-51:c0:df:ff:7f:61-92:d7:b3:54:8a:a3',85,NULL,NULL,1,NULL,NULL,'2013-01-24',NULL,NULL,NULL,NULL,0,0,1,0,1,0,NULL,NULL,NULL,NULL,NULL,'--- !ruby/hash:ActiveSupport::HashWithIndifferentAccess\nlicense_expiration: \'2013-01-24\'\nmaintenance_contract: \'true\'\nmaintenance_expiration: \'2013-01-24\'\nreference: invoice\nactivation_type: none\nlicense_type: free\nmaintenance_currency: CHF\n','2013-01-24 08:52:49','2013-01-24 08:52:49'),(105,'acrobat123','c6:bf:94:b5:8a:35-2c:f9:42:e2:4e:5f-e7:f0:41:69:3b:bc',74,NULL,NULL,1,NULL,NULL,NULL,NULL,NULL,NULL,NULL,0,0,0,0,1,0,NULL,NULL,NULL,NULL,NULL,'--- !ruby/hash:ActiveSupport::HashWithIndifferentAccess\nreference: invoice\nactivation_type: none\nlicense_type: free\nmaintenance_contract: \'false\'\nmaintenance_currency: CHF\nquantity_allocations:\n- :room: rerum\n  :quantity: \'8\'\n- :room: necessitatibus\n  :quantity: \'15\'\n','2013-01-24 08:52:49','2013-01-24 08:52:49'),(106,'msword123','84:03:5c:6a:94:a5-37:9b:cf:ae:5a:3e-16:d8:7b:2e:7b:c0',86,NULL,NULL,1,NULL,NULL,NULL,NULL,NULL,NULL,NULL,0,0,0,0,1,0,NULL,NULL,NULL,NULL,NULL,'--- !ruby/hash:ActiveSupport::HashWithIndifferentAccess\nlicense_type: multiple_workplace\noperating_system:\n- windows\n- mac_os_x\nreference: invoice\nactivation_type: none\nmaintenance_contract: \'false\'\nmaintenance_currency: CHF\nquantity_allocations:\n- :room: adipisci\n  :quantity: \'6\'\n- :room: nam\n  :quantity: \'23\'\n','2013-01-24 08:52:49','2013-01-24 08:52:49'),(107,'lic111','d2:6c:aa:c7:07:17-25:d4:d7:98:8b:b9-4c:2a:c9:b1:c2:f8',87,NULL,NULL,1,NULL,NULL,NULL,NULL,NULL,NULL,NULL,0,0,1,0,2,0,NULL,NULL,NULL,NULL,NULL,'--- !ruby/hash:ActiveSupport::HashWithIndifferentAccess\nlicense_type: concurrent\noperating_system:\n- mac_os_x\nreference: invoice\nactivation_type: none\nmaintenance_contract: \'false\'\nmaintenance_currency: CHF\n','2013-01-24 08:52:49','2013-01-24 08:52:49'),(108,'A54','68:48:cf:5e:65:f8-74:36:ed:38:ae:88-e0:a7:d4:81:6f:d1',88,NULL,NULL,1,NULL,NULL,NULL,NULL,NULL,NULL,NULL,0,0,1,0,1,0,NULL,NULL,NULL,NULL,NULL,'--- !ruby/hash:ActiveSupport::HashWithIndifferentAccess\nlicense_type: concurrent\noperating_system:\n- windows\nreference: invoice\nactivation_type: none\nmaintenance_contract: \'false\'\nmaintenance_currency: CHF\n','2013-01-24 08:52:49','2013-01-24 08:52:49'),(109,'8fa274u1wajq562qryit56','39:ab:59:40:b8:ca-15:18:8b:c0:dc:c5-55:cf:88:dd:88:d9',89,3,95,1,NULL,NULL,'2011-05-22','2013-01-24',NULL,NULL,'459.00',0,0,1,0,1,1,NULL,NULL,NULL,NULL,NULL,'--- !ruby/hash:ActiveSupport::HashWithIndifferentAccess\nanschaffungskategorie: AV-Technik\nreference: invoice\numzug: zgeln\nankunftszustand: intakt\n','2013-01-24 08:52:49','2013-01-24 08:52:49'),(110,'zbpl2bzu65g3ib1vmfqa57','0d:78:7b:83:c2:78-64:2f:c5:45:7f:02-c7:c9:13:41:f0:4e',91,3,96,1,109,NULL,'2010-03-08','2013-01-24',NULL,NULL,'1330.00',0,0,1,0,1,1,NULL,NULL,NULL,NULL,NULL,'--- !ruby/hash:ActiveSupport::HashWithIndifferentAccess\nanschaffungskategorie: AV-Technik\nreference: invoice\numzug: zgeln\nankunftszustand: intakt\n','2013-01-24 08:52:49','2013-01-24 08:52:49'),(111,'lb80lftbngjmdx5qkl3g58','e2:0f:6b:74:07:e7-e7:f6:62:09:73:82-45:56:80:d1:de:5e',92,3,97,1,109,NULL,'2011-05-01','2013-01-24',NULL,NULL,'474.00',0,0,1,0,1,1,NULL,NULL,NULL,NULL,NULL,'--- !ruby/hash:ActiveSupport::HashWithIndifferentAccess\nanschaffungskategorie: AV-Technik\nreference: invoice\numzug: zgeln\nankunftszustand: intakt\n','2013-01-24 08:52:49','2013-01-24 08:52:49'),(112,'xb8obz5kwl0f43fr7ykt59','a0:53:ec:c9:39:17-b6:c0:b2:a4:4f:64-89:63:25:3a:c1:e2',93,3,98,1,109,NULL,'2009-03-13','2013-01-24',NULL,NULL,'1307.00',0,0,1,0,1,1,NULL,NULL,NULL,NULL,NULL,'--- !ruby/hash:ActiveSupport::HashWithIndifferentAccess\nanschaffungskategorie: AV-Technik\nreference: invoice\numzug: zgeln\nankunftszustand: intakt\n','2013-01-24 08:52:49','2013-01-24 08:52:49'),(113,'uk6skv3yyhrjvigeejl660','2a:5f:4f:50:18:e9-5e:56:4c:3d:c5:18-b8:87:35:ca:44:34',89,7,99,1,NULL,NULL,'2010-02-26','2013-01-24',NULL,NULL,'1201.00',0,0,1,0,1,1,NULL,NULL,NULL,NULL,NULL,'--- !ruby/hash:ActiveSupport::HashWithIndifferentAccess\nanschaffungskategorie: AV-Technik\nreference: invoice\numzug: zgeln\nankunftszustand: intakt\n','2013-01-24 08:52:49','2013-01-24 08:52:49'),(114,'9pj8yi7rhshevq7l4dvf61','2c:b7:a0:06:3f:b9-32:63:8c:12:df:cb-87:b8:00:3b:e3:5e',95,7,100,1,113,NULL,'2010-04-29','2013-01-24',NULL,NULL,'1275.00',0,0,1,0,1,1,NULL,NULL,NULL,NULL,NULL,'--- !ruby/hash:ActiveSupport::HashWithIndifferentAccess\nanschaffungskategorie: AV-Technik\nreference: invoice\numzug: zgeln\nankunftszustand: intakt\n','2013-01-24 08:52:49','2013-01-24 08:52:49'),(115,'hbppg9rqew64yf0mxv3y62','86:05:f5:d0:33:2c-66:be:83:61:f2:6c-0d:61:71:ad:c0:7d',96,7,101,1,113,NULL,'2011-04-06','2013-01-24',NULL,NULL,'292.00',0,0,1,0,1,1,NULL,NULL,NULL,NULL,NULL,'--- !ruby/hash:ActiveSupport::HashWithIndifferentAccess\nanschaffungskategorie: AV-Technik\nreference: invoice\numzug: zgeln\nankunftszustand: intakt\n','2013-01-24 08:52:49','2013-01-24 08:52:49'),(116,'zxn2henwd4s134yenymv63','f0:16:f7:3e:3e:86-f6:bb:41:d6:72:b4-22:6b:cd:93:6c:e5',97,7,102,1,113,NULL,'2010-04-21','2013-01-24',NULL,NULL,'878.00',0,0,1,0,1,1,NULL,NULL,NULL,NULL,NULL,'--- !ruby/hash:ActiveSupport::HashWithIndifferentAccess\nanschaffungskategorie: AV-Technik\nreference: invoice\numzug: zgeln\nankunftszustand: intakt\n','2013-01-24 08:52:49','2013-01-24 08:52:49'),(117,'gkcruw17tgk5mq4dgn8m64','06:bc:ea:d6:c0:88-f6:39:de:6e:21:b4-2f:a2:16:63:c5:a7',89,11,103,1,NULL,NULL,'2009-10-07','2013-01-24',NULL,NULL,'702.00',0,0,1,0,1,1,NULL,NULL,NULL,NULL,NULL,'--- !ruby/hash:ActiveSupport::HashWithIndifferentAccess\nanschaffungskategorie: AV-Technik\nreference: invoice\numzug: zgeln\nankunftszustand: intakt\n','2013-01-24 08:52:49','2013-01-24 08:52:49'),(118,'qp7aa7rj12cocjjy7hlk65','56:76:54:bc:0a:f8-4c:16:ab:21:35:a5-db:a1:a2:3f:d9:f9',99,11,104,1,117,NULL,'2008-03-27','2013-01-24',NULL,NULL,'51.00',0,0,1,0,1,1,NULL,NULL,NULL,NULL,NULL,'--- !ruby/hash:ActiveSupport::HashWithIndifferentAccess\nanschaffungskategorie: AV-Technik\nreference: invoice\numzug: zgeln\nankunftszustand: intakt\n','2013-01-24 08:52:49','2013-01-24 08:52:49'),(119,'0hsk8i1cpw0gc0k6aefi66','2c:c6:32:33:4b:05-c4:e1:32:76:fd:1a-db:aa:0b:24:4c:a9',100,11,105,1,117,NULL,'2012-01-27','2013-01-24',NULL,NULL,'837.00',0,0,1,0,1,1,NULL,NULL,NULL,NULL,NULL,'--- !ruby/hash:ActiveSupport::HashWithIndifferentAccess\nanschaffungskategorie: AV-Technik\nreference: invoice\numzug: zgeln\nankunftszustand: intakt\n','2013-01-24 08:52:49','2013-01-24 08:52:49'),(120,'oy5xg6im0gpyezck07wv67','da:3e:34:65:21:d6-19:63:1a:fb:0b:4d-72:a5:ba:38:17:ef',101,11,106,1,117,NULL,'2010-05-15','2013-01-24',NULL,NULL,'809.00',0,0,1,0,1,1,NULL,NULL,NULL,NULL,NULL,'--- !ruby/hash:ActiveSupport::HashWithIndifferentAccess\nanschaffungskategorie: AV-Technik\nreference: invoice\numzug: zgeln\nankunftszustand: intakt\n','2013-01-24 08:52:49','2013-01-24 08:52:49'),(121,'pbb8cht9qohxnkxxgggx68','81:ef:97:61:98:2c-0e:36:ab:80:df:2b-8f:40:27:33:fa:d0',89,15,107,2,NULL,NULL,'2009-05-07','2013-01-24',NULL,NULL,'298.00',0,0,1,0,2,1,NULL,NULL,NULL,NULL,NULL,'--- !ruby/hash:ActiveSupport::HashWithIndifferentAccess\nanschaffungskategorie: AV-Technik\nreference: invoice\numzug: zgeln\nankunftszustand: intakt\n','2013-01-24 08:52:49','2013-01-24 08:52:49'),(122,'lz7zau0fwbxl4gyb616s69','bc:53:02:f3:08:b5-7a:53:d1:2e:0c:95-63:c6:d4:70:2e:70',103,15,108,2,121,NULL,'2012-11-15','2013-01-24',NULL,NULL,'496.00',0,0,1,0,2,1,NULL,NULL,NULL,NULL,NULL,'--- !ruby/hash:ActiveSupport::HashWithIndifferentAccess\nanschaffungskategorie: AV-Technik\nreference: invoice\numzug: zgeln\nankunftszustand: intakt\n','2013-01-24 08:52:49','2013-01-24 08:52:49'),(123,'tqmgb3584ed2nfzq2frz70','6f:4b:76:3f:04:94-9e:21:05:51:55:f4-3b:da:0b:e6:0a:ed',104,15,109,2,121,NULL,'2008-12-09','2013-01-24',NULL,NULL,'3.00',0,0,1,0,2,1,NULL,NULL,NULL,NULL,NULL,'--- !ruby/hash:ActiveSupport::HashWithIndifferentAccess\nanschaffungskategorie: AV-Technik\nreference: invoice\numzug: zgeln\nankunftszustand: intakt\n','2013-01-24 08:52:49','2013-01-24 08:52:49'),(124,'dfbnjf64qbcmc5rte5nf71','70:4f:ad:e1:de:b9-85:88:58:45:1b:ce-55:9f:df:ca:2b:eb',105,15,110,2,121,NULL,'2008-03-24','2013-01-24',NULL,NULL,'1258.00',0,0,1,0,2,1,NULL,NULL,NULL,NULL,NULL,'--- !ruby/hash:ActiveSupport::HashWithIndifferentAccess\nanschaffungskategorie: AV-Technik\nreference: invoice\numzug: zgeln\nankunftszustand: intakt\n','2013-01-24 08:52:49','2013-01-24 08:52:49'),(125,'1998tfc6bytzch6fgou972','da:11:5c:6e:71:c0-71:74:0e:9d:ec:53-e2:5e:89:e8:00:df',106,19,111,1,NULL,NULL,'2011-11-13','2013-01-24',NULL,NULL,'1112.00',0,0,1,0,1,1,NULL,NULL,NULL,NULL,NULL,'--- !ruby/hash:ActiveSupport::HashWithIndifferentAccess\nanschaffungskategorie: AV-Technik\nreference: invoice\numzug: zgeln\nankunftszustand: intakt\n','2013-01-24 08:52:49','2013-01-24 08:52:49'),(126,'qtx7mkuwl3t746a5od2373','94:93:f1:e7:28:de-b6:fa:df:45:6b:98-ea:b6:41:c1:65:fc',108,19,112,1,125,NULL,'2012-01-27','2013-01-24',NULL,NULL,'1483.00',0,0,1,0,1,1,NULL,NULL,NULL,NULL,NULL,'--- !ruby/hash:ActiveSupport::HashWithIndifferentAccess\nanschaffungskategorie: AV-Technik\nreference: invoice\numzug: zgeln\nankunftszustand: intakt\n','2013-01-24 08:52:49','2013-01-24 08:52:49'),(127,'r95poojpnoe4gy37g9at74','4d:85:d1:42:49:6d-16:02:5f:8a:17:63-bd:81:7c:2b:35:7b',109,19,113,1,125,NULL,'2009-10-11','2013-01-24',NULL,NULL,'821.00',0,0,1,0,1,1,NULL,NULL,NULL,NULL,NULL,'--- !ruby/hash:ActiveSupport::HashWithIndifferentAccess\nanschaffungskategorie: AV-Technik\nreference: invoice\numzug: zgeln\nankunftszustand: intakt\n','2013-01-24 08:52:49','2013-01-24 08:52:49'),(128,'7ynd3ks42z5tv08o0y7175','f4:ae:d4:0e:33:a2-1b:9b:7c:c3:50:a5-05:bf:0e:eb:46:7e',110,19,114,1,125,NULL,'2008-10-24','2013-01-24',NULL,NULL,'1097.00',0,0,1,0,1,1,NULL,NULL,NULL,NULL,NULL,'--- !ruby/hash:ActiveSupport::HashWithIndifferentAccess\nanschaffungskategorie: AV-Technik\nreference: invoice\numzug: zgeln\nankunftszustand: intakt\n','2013-01-24 08:52:49','2013-01-24 08:52:49'),(129,'xywp7ocd9z7ho48xgekh76','0a:6f:cb:ca:e3:03-5c:a5:94:54:7a:88-c0:69:f9:b7:3b:d2',106,23,115,1,NULL,NULL,'2009-01-14','2013-01-24',NULL,NULL,'737.00',0,0,1,0,1,1,NULL,NULL,NULL,NULL,NULL,'--- !ruby/hash:ActiveSupport::HashWithIndifferentAccess\nanschaffungskategorie: AV-Technik\nreference: invoice\numzug: zgeln\nankunftszustand: intakt\n','2013-01-24 08:52:49','2013-01-24 08:52:49'),(130,'q7bzwkrtp4m8uupd8bl377','a4:27:07:6f:63:6f-aa:85:7e:94:0a:0c-d4:73:b0:b6:e8:36',112,23,116,1,129,NULL,'2012-05-21','2013-01-24',NULL,NULL,'490.00',0,0,1,0,1,1,NULL,NULL,NULL,NULL,NULL,'--- !ruby/hash:ActiveSupport::HashWithIndifferentAccess\nanschaffungskategorie: AV-Technik\nreference: invoice\numzug: zgeln\nankunftszustand: intakt\n','2013-01-24 08:52:49','2013-01-24 08:52:49'),(131,'tdt54cqqbwyvpepk6b7378','4e:39:75:e4:9d:a9-62:ca:38:bb:04:a0-76:66:b6:e1:18:4d',113,23,117,1,129,NULL,'2012-06-19','2013-01-24',NULL,NULL,'1004.00',0,0,1,0,1,1,NULL,NULL,NULL,NULL,NULL,'--- !ruby/hash:ActiveSupport::HashWithIndifferentAccess\nanschaffungskategorie: AV-Technik\nreference: invoice\numzug: zgeln\nankunftszustand: intakt\n','2013-01-24 08:52:49','2013-01-24 08:52:49'),(132,'fiz9e3vvacoqg953lkkp79','76:96:c1:16:6c:df-d9:19:86:8f:34:a6-5a:65:5b:5a:26:6f',114,23,118,1,129,NULL,'2012-03-05','2013-01-24',NULL,NULL,'1269.00',0,0,1,0,1,1,NULL,NULL,NULL,NULL,NULL,'--- !ruby/hash:ActiveSupport::HashWithIndifferentAccess\nanschaffungskategorie: AV-Technik\nreference: invoice\numzug: zgeln\nankunftszustand: intakt\n','2013-01-24 08:52:49','2013-01-24 08:52:49'),(133,'wwa1piu11dweop20k3l880','fa:ee:2b:8b:01:1a-20:5b:bb:ae:04:50-66:51:f6:31:0b:06',106,27,119,1,NULL,NULL,'2011-08-25','2013-01-24',NULL,NULL,'903.00',0,0,1,0,1,1,NULL,NULL,NULL,NULL,NULL,'--- !ruby/hash:ActiveSupport::HashWithIndifferentAccess\nanschaffungskategorie: AV-Technik\nreference: invoice\numzug: zgeln\nankunftszustand: intakt\n','2013-01-24 08:52:49','2013-01-24 08:52:49'),(134,'zram0j2ssng0zbkvte8x81','8b:04:af:29:76:e1-6c:93:a5:5e:7d:9f-7c:2e:50:57:56:ca',116,27,120,1,133,NULL,'2011-12-14','2013-01-24',NULL,NULL,'275.00',0,0,1,0,1,1,NULL,NULL,NULL,NULL,NULL,'--- !ruby/hash:ActiveSupport::HashWithIndifferentAccess\nanschaffungskategorie: AV-Technik\nreference: invoice\numzug: zgeln\nankunftszustand: intakt\n','2013-01-24 08:52:49','2013-01-24 08:52:49'),(135,'y8i5slk8ppapqtytb35w82','50:f9:d3:24:35:e4-0e:b6:93:07:39:82-d0:fb:32:4f:43:93',117,27,121,1,133,NULL,'2009-12-26','2013-01-24',NULL,NULL,'293.00',0,0,1,0,1,1,NULL,NULL,NULL,NULL,NULL,'--- !ruby/hash:ActiveSupport::HashWithIndifferentAccess\nanschaffungskategorie: AV-Technik\nreference: invoice\numzug: zgeln\nankunftszustand: intakt\n','2013-01-24 08:52:49','2013-01-24 08:52:49'),(136,'m39jv7jn55o2batwtkre83','06:3a:93:76:1e:71-76:ad:65:10:57:82-11:85:64:fa:87:38',118,27,122,1,133,NULL,'2012-08-27','2013-01-24',NULL,NULL,'660.00',0,0,1,0,1,1,NULL,NULL,NULL,NULL,NULL,'--- !ruby/hash:ActiveSupport::HashWithIndifferentAccess\nanschaffungskategorie: AV-Technik\nreference: invoice\numzug: zgeln\nankunftszustand: intakt\n','2013-01-24 08:52:49','2013-01-24 08:52:49'),(137,'koz9qyo1ltvi00tfopa484','09:35:9a:2e:10:36-9f:70:f3:1b:9b:4e-b8:84:4d:57:2d:ec',119,31,123,1,NULL,NULL,'2009-04-19','2013-01-24',NULL,NULL,'51.00',0,0,1,0,7,1,NULL,NULL,NULL,NULL,NULL,'--- !ruby/hash:ActiveSupport::HashWithIndifferentAccess\nanschaffungskategorie: AV-Technik\nreference: invoice\numzug: zgeln\nankunftszustand: intakt\n','2013-01-24 08:52:49','2013-01-24 08:52:49'),(138,'zb5u5u6kxb93xekkzzp985','b2:6d:b6:dd:6d:97-be:ba:19:a6:d3:84-6d:f4:5d:85:54:e8',119,32,124,8,NULL,NULL,'2011-04-08','2013-01-24',NULL,NULL,'77.00',0,0,1,0,7,1,NULL,NULL,NULL,NULL,NULL,'--- !ruby/hash:ActiveSupport::HashWithIndifferentAccess\nanschaffungskategorie: AV-Technik\nreference: invoice\numzug: zgeln\nankunftszustand: intakt\n','2013-01-24 08:52:49','2013-01-24 08:52:49'),(139,'dpa1nmtqm01twoqvsyfp86','80:2b:32:22:2e:f7-2c:f2:d1:9c:85:f8-f1:df:12:a9:8a:4f',119,33,125,9,NULL,NULL,'2012-06-10','2013-01-24',NULL,NULL,'666.00',0,0,1,0,7,1,NULL,NULL,NULL,NULL,NULL,'--- !ruby/hash:ActiveSupport::HashWithIndifferentAccess\nanschaffungskategorie: AV-Technik\nreference: invoice\numzug: zgeln\nankunftszustand: intakt\n','2013-01-24 08:52:49','2013-01-24 08:52:49'),(140,'t93nm7rytm8lxbok3yie87','94:10:26:64:ca:b5-ef:ae:27:a0:a9:27-17:45:75:2f:3e:00',123,34,126,3,NULL,NULL,'2012-11-16','2013-01-24',NULL,NULL,'1094.00',0,0,1,0,7,1,NULL,NULL,NULL,NULL,NULL,'--- !ruby/hash:ActiveSupport::HashWithIndifferentAccess\nanschaffungskategorie: AV-Technik\nreference: invoice\numzug: zgeln\nankunftszustand: intakt\n','2013-01-24 08:52:49','2013-01-24 08:52:49'),(141,'ayegygutkvra7i2pkzmt88','bd:e6:8d:98:04:e8-21:6e:0a:14:27:cc-a9:8e:40:e1:c2:6f',123,35,127,7,NULL,NULL,'2010-11-15','2013-01-24',NULL,NULL,'1193.00',0,0,1,0,7,1,NULL,NULL,NULL,NULL,NULL,'--- !ruby/hash:ActiveSupport::HashWithIndifferentAccess\nanschaffungskategorie: AV-Technik\nreference: invoice\numzug: zgeln\nankunftszustand: intakt\n','2013-01-24 08:52:49','2013-01-24 08:52:49'),(142,'5g6askvudp4toygdvj4e89','51:81:b7:ad:62:2f-36:6b:ad:ff:1c:44-ee:c4:e5:cf:17:e7',123,36,128,10,NULL,NULL,'2008-11-28','2013-01-24',NULL,NULL,'1245.00',0,0,1,0,7,1,NULL,NULL,NULL,NULL,NULL,'--- !ruby/hash:ActiveSupport::HashWithIndifferentAccess\nanschaffungskategorie: AV-Technik\nreference: invoice\numzug: zgeln\nankunftszustand: intakt\n','2013-01-24 08:52:49','2013-01-24 08:52:49'),(143,'li2rn0hqze0bbt6n4a1g90','59:37:59:34:8a:a0-88:37:3f:59:5c:8d-f7:69:39:4d:65:62',127,37,129,8,NULL,NULL,'2010-10-19','2013-01-24',NULL,NULL,'1056.00',0,0,1,0,7,1,NULL,NULL,NULL,NULL,NULL,'--- !ruby/hash:ActiveSupport::HashWithIndifferentAccess\nanschaffungskategorie: AV-Technik\nreference: invoice\numzug: zgeln\nankunftszustand: intakt\n','2013-01-24 08:52:49','2013-01-24 08:52:49'),(144,'e07eoa7morxf60z8ifzv91','a9:1f:66:03:b1:08-3b:bb:c8:e8:1b:b7-cf:91:a1:5d:1e:a4',127,38,130,3,NULL,NULL,'2011-12-10','2013-01-24',NULL,NULL,'1167.00',0,0,1,0,7,1,NULL,NULL,NULL,NULL,NULL,'--- !ruby/hash:ActiveSupport::HashWithIndifferentAccess\nanschaffungskategorie: AV-Technik\nreference: invoice\numzug: zgeln\nankunftszustand: intakt\n','2013-01-24 08:52:49','2013-01-24 08:52:49'),(145,'9eojg2z4sf886jl1nnw092','05:aa:89:07:83:81-f5:12:c1:9b:00:19-1a:67:3a:40:53:dd',127,39,131,3,NULL,NULL,'2008-06-08','2013-01-24',NULL,NULL,'572.00',0,0,1,0,7,1,NULL,NULL,NULL,NULL,NULL,'--- !ruby/hash:ActiveSupport::HashWithIndifferentAccess\nanschaffungskategorie: AV-Technik\nreference: invoice\numzug: zgeln\nankunftszustand: intakt\n','2013-01-24 08:52:49','2013-01-24 08:52:49'),(146,'fizolyz6gmb3kq1r5l5v93','e2:d9:6c:16:9b:cb-8f:8f:d0:59:24:66-50:0f:d8:19:ae:a1',131,40,132,6,NULL,NULL,'2010-09-25','2013-01-24',NULL,NULL,'506.00',0,0,1,0,2,1,NULL,NULL,NULL,NULL,NULL,'--- !ruby/hash:ActiveSupport::HashWithIndifferentAccess\nanschaffungskategorie: AV-Technik\nreference: invoice\numzug: zgeln\nankunftszustand: intakt\n','2013-01-24 08:52:49','2013-01-24 08:52:49'),(147,'d9xxgxe6n0v3zberodk894','fe:d1:8e:17:cf:84-d1:8d:0b:fa:03:26-63:1c:8e:01:89:cb',131,41,133,7,NULL,NULL,'2011-05-14','2013-01-24',NULL,NULL,'1164.00',0,0,1,0,2,1,NULL,NULL,NULL,NULL,NULL,'--- !ruby/hash:ActiveSupport::HashWithIndifferentAccess\nanschaffungskategorie: AV-Technik\nreference: invoice\numzug: zgeln\nankunftszustand: intakt\n','2013-01-24 08:52:49','2013-01-24 08:52:49'),(148,'g08zdizoc7vi08h93ulq95','c8:0b:84:82:57:57-21:d7:4e:e6:bb:34-4b:f8:98:2f:aa:47',131,42,134,1,NULL,NULL,'2008-09-16','2013-01-24',NULL,NULL,'22.00',0,0,1,0,2,1,NULL,NULL,NULL,NULL,NULL,'--- !ruby/hash:ActiveSupport::HashWithIndifferentAccess\nanschaffungskategorie: AV-Technik\nreference: invoice\numzug: zgeln\nankunftszustand: intakt\n','2013-01-24 08:52:49','2013-01-24 08:52:49'),(149,'78w5igtyl6ju46mb5xd096','29:81:46:66:3a:0c-e8:73:c0:6b:d8:1b-83:17:df:01:58:e9',135,43,135,9,NULL,NULL,'2010-11-14','2013-01-24',NULL,NULL,'124.00',0,0,1,0,2,1,NULL,NULL,NULL,NULL,NULL,'--- !ruby/hash:ActiveSupport::HashWithIndifferentAccess\nanschaffungskategorie: AV-Technik\nreference: invoice\numzug: zgeln\nankunftszustand: intakt\n','2013-01-24 08:52:49','2013-01-24 08:52:49'),(150,'jezk5vmupujfc3nrjbp097','81:f1:91:25:b9:2b-4f:de:d5:85:0f:8f-71:92:b3:c2:b2:c4',135,44,136,10,NULL,NULL,'2008-06-17','2013-01-24',NULL,NULL,'40.00',0,0,1,0,2,1,NULL,NULL,NULL,NULL,NULL,'--- !ruby/hash:ActiveSupport::HashWithIndifferentAccess\nanschaffungskategorie: AV-Technik\nreference: invoice\numzug: zgeln\nankunftszustand: intakt\n','2013-01-24 08:52:49','2013-01-24 08:52:49'),(151,'m7k038788km7zia1ry4m98','ea:cb:27:d3:8d:55-72:9e:54:77:30:be-06:76:97:43:d3:f2',135,45,137,2,NULL,NULL,'2011-06-12','2013-01-24',NULL,NULL,'1376.00',0,0,1,0,2,1,NULL,NULL,NULL,NULL,NULL,'--- !ruby/hash:ActiveSupport::HashWithIndifferentAccess\nanschaffungskategorie: AV-Technik\nreference: invoice\numzug: zgeln\nankunftszustand: intakt\n','2013-01-24 08:52:49','2013-01-24 08:52:49'),(152,'o4at4m6bx8u0wws900es99','23:85:ce:e1:a4:1a-58:f7:a3:54:fe:46-a5:b0:47:4b:9d:c8',139,46,138,3,NULL,NULL,'2010-09-17','2013-01-24',NULL,NULL,'198.00',0,0,1,0,2,1,NULL,NULL,NULL,NULL,NULL,'--- !ruby/hash:ActiveSupport::HashWithIndifferentAccess\nanschaffungskategorie: AV-Technik\nreference: invoice\numzug: zgeln\nankunftszustand: intakt\n','2013-01-24 08:52:49','2013-01-24 08:52:49'),(153,'eg19trxx8hiza96yvneb100','80:39:7b:b3:51:a7-a7:0a:24:07:12:d8-6f:90:f2:a3:9b:15',139,47,139,11,NULL,NULL,'2008-04-10','2013-01-24',NULL,NULL,'786.00',0,0,1,0,2,1,NULL,NULL,NULL,NULL,NULL,'--- !ruby/hash:ActiveSupport::HashWithIndifferentAccess\nanschaffungskategorie: AV-Technik\nreference: invoice\numzug: zgeln\nankunftszustand: intakt\n','2013-01-24 08:52:49','2013-01-24 08:52:49'),(154,'sidkiscb0k5pda1vw4fp101','b0:28:e8:c1:13:62-eb:4c:22:f9:32:71-d6:3f:b6:ac:6c:c7',139,48,140,9,NULL,NULL,'2010-12-26','2013-01-24',NULL,NULL,'1215.00',0,0,1,0,2,1,NULL,NULL,NULL,NULL,NULL,'--- !ruby/hash:ActiveSupport::HashWithIndifferentAccess\nanschaffungskategorie: AV-Technik\nreference: invoice\numzug: zgeln\nankunftszustand: intakt\n','2013-01-24 08:52:49','2013-01-24 08:52:49'),(155,'ntj2f1o3q6rar8bdl6cq102','8f:c9:05:f9:8b:91-27:2b:bc:94:3f:9d-09:2f:70:1b:b1:ef',143,49,141,9,NULL,NULL,'2010-06-26','2013-01-24',NULL,NULL,'455.00',0,0,1,0,2,1,NULL,NULL,NULL,NULL,NULL,'--- !ruby/hash:ActiveSupport::HashWithIndifferentAccess\nanschaffungskategorie: AV-Technik\nreference: invoice\numzug: zgeln\nankunftszustand: intakt\n','2013-01-24 08:52:49','2013-01-24 08:52:49'),(156,'qhb7er1tc06wevdeene9103','a1:97:26:1c:86:1f-24:73:93:cd:49:9e-64:ea:97:ff:8d:43',143,50,142,1,NULL,NULL,'2011-03-21','2013-01-24',NULL,NULL,'475.00',0,0,1,0,2,1,NULL,NULL,NULL,NULL,NULL,'--- !ruby/hash:ActiveSupport::HashWithIndifferentAccess\nanschaffungskategorie: AV-Technik\nreference: invoice\numzug: zgeln\nankunftszustand: intakt\n','2013-01-24 08:52:49','2013-01-24 08:52:49'),(157,'golj2a7ubxpxnqethi6s104','ca:cb:26:2c:da:89-2c:84:ce:f6:1b:27-7a:9d:7a:b1:f1:b9',143,51,143,5,NULL,NULL,'2009-01-16','2013-01-24',NULL,NULL,'1406.00',0,0,1,0,2,1,NULL,NULL,NULL,NULL,NULL,'--- !ruby/hash:ActiveSupport::HashWithIndifferentAccess\nanschaffungskategorie: AV-Technik\nreference: invoice\numzug: zgeln\nankunftszustand: intakt\n','2013-01-24 08:52:49','2013-01-24 08:52:49'),(158,'o2opix70kkn1lzrq36z1105','6a:d8:f6:30:bd:75-00:d9:5c:0f:6f:24-db:40:96:d0:88:c1',147,52,144,7,NULL,NULL,'2010-04-11','2013-01-24',NULL,NULL,'1288.00',0,0,1,0,2,1,NULL,NULL,NULL,NULL,NULL,'--- !ruby/hash:ActiveSupport::HashWithIndifferentAccess\nanschaffungskategorie: AV-Technik\nreference: invoice\numzug: zgeln\nankunftszustand: intakt\n','2013-01-24 08:52:49','2013-01-24 08:52:49'),(159,'qqly9q9bl50iyk1b8w12106','63:c6:3e:fd:06:7c-3c:da:12:71:51:0e-a2:5d:47:d9:86:42',147,53,145,5,NULL,NULL,'2009-10-23','2013-01-24',NULL,NULL,'858.00',0,0,1,0,2,1,NULL,NULL,NULL,NULL,NULL,'--- !ruby/hash:ActiveSupport::HashWithIndifferentAccess\nanschaffungskategorie: AV-Technik\nreference: invoice\numzug: zgeln\nankunftszustand: intakt\n','2013-01-24 08:52:49','2013-01-24 08:52:49'),(160,'zy06jjtgzkpymidyubjn107','08:39:6d:4b:51:e2-83:49:4f:36:e2:f2-1d:62:dc:06:77:b2',147,54,146,5,NULL,NULL,'2008-04-14','2013-01-24',NULL,NULL,'1119.00',0,0,1,0,2,1,NULL,NULL,NULL,NULL,NULL,'--- !ruby/hash:ActiveSupport::HashWithIndifferentAccess\nanschaffungskategorie: AV-Technik\nreference: invoice\numzug: zgeln\nankunftszustand: intakt\n','2013-01-24 08:52:49','2013-01-24 08:52:49'),(161,'r7alngwcgl703kzd5zpi108','c9:d7:2c:2d:9e:bd-e5:04:04:c2:07:d6-11:27:40:ec:9a:b4',151,55,147,5,NULL,NULL,'2011-10-30','2013-01-24',NULL,NULL,'1490.00',0,0,1,0,3,1,NULL,NULL,NULL,NULL,NULL,'--- !ruby/hash:ActiveSupport::HashWithIndifferentAccess\nanschaffungskategorie: AV-Technik\nreference: invoice\numzug: zgeln\nankunftszustand: intakt\n','2013-01-24 08:52:49','2013-01-24 08:52:49'),(162,'da1dwg1oa8kivfy23c9k109','ba:c4:36:86:a0:f7-45:c6:de:1a:55:34-05:0f:4c:92:96:0f',151,56,148,2,NULL,NULL,'2012-08-19','2013-01-24',NULL,NULL,'1122.00',0,0,1,0,3,1,NULL,NULL,NULL,NULL,NULL,'--- !ruby/hash:ActiveSupport::HashWithIndifferentAccess\nanschaffungskategorie: AV-Technik\nreference: invoice\numzug: zgeln\nankunftszustand: intakt\n','2013-01-24 08:52:49','2013-01-24 08:52:49'),(163,'1h5z6u9xyus5jx4x8qdv110','44:a7:d0:d6:0e:11-e9:63:cc:9d:91:89-2f:e1:89:b5:5a:e2',151,57,149,2,NULL,NULL,'2009-06-06','2013-01-24',NULL,NULL,'1330.00',0,0,1,0,3,1,NULL,NULL,NULL,NULL,NULL,'--- !ruby/hash:ActiveSupport::HashWithIndifferentAccess\nanschaffungskategorie: AV-Technik\nreference: invoice\numzug: zgeln\nankunftszustand: intakt\n','2013-01-24 08:52:49','2013-01-24 08:52:49'),(164,'r56bdwkhvugmu4hcwmdf111','18:48:5b:0e:55:b1-ce:5f:e5:26:c0:e8-67:21:2b:6f:13:c0',155,58,150,3,NULL,NULL,'2008-11-26','2013-01-24',NULL,NULL,'1389.00',0,0,1,0,3,1,NULL,NULL,NULL,NULL,NULL,'--- !ruby/hash:ActiveSupport::HashWithIndifferentAccess\nanschaffungskategorie: AV-Technik\nreference: invoice\numzug: zgeln\nankunftszustand: intakt\n','2013-01-24 08:52:49','2013-01-24 08:52:49'),(165,'jiqeeqrgin87ztjcfg4x112','9d:b3:17:03:23:64-1b:be:5c:01:33:69-39:b2:a5:17:04:28',155,59,151,8,NULL,NULL,'2012-10-17','2013-01-24',NULL,NULL,'1311.00',0,0,1,0,3,1,NULL,NULL,NULL,NULL,NULL,'--- !ruby/hash:ActiveSupport::HashWithIndifferentAccess\nanschaffungskategorie: AV-Technik\nreference: invoice\numzug: zgeln\nankunftszustand: intakt\n','2013-01-24 08:52:49','2013-01-24 08:52:49'),(166,'l7hts75uzgvagiyfxw28113','7a:5f:98:8f:ec:33-55:fd:15:64:f2:dd-72:53:9f:0a:63:58',155,60,152,8,NULL,NULL,'2011-09-29','2013-01-24',NULL,NULL,'414.00',0,0,1,0,3,1,NULL,NULL,NULL,NULL,NULL,'--- !ruby/hash:ActiveSupport::HashWithIndifferentAccess\nanschaffungskategorie: AV-Technik\nreference: invoice\numzug: zgeln\nankunftszustand: intakt\n','2013-01-24 08:52:49','2013-01-24 08:52:49'),(167,'0eenk0bs0gkzfj053kgc114','39:71:87:41:02:ea-53:40:fd:3a:21:9a-3d:5c:8b:ef:b2:61',159,61,153,2,NULL,NULL,'2008-02-09','2013-01-24',NULL,NULL,'476.00',0,0,1,0,3,1,NULL,NULL,NULL,NULL,NULL,'--- !ruby/hash:ActiveSupport::HashWithIndifferentAccess\nanschaffungskategorie: AV-Technik\nreference: invoice\numzug: zgeln\nankunftszustand: intakt\n','2013-01-24 08:52:49','2013-01-24 08:52:49'),(168,'l1uh6alqf2qjmlhpktdv115','c2:c7:d9:1b:ea:4c-dd:9f:0f:dc:e6:01-a0:df:ca:87:51:07',159,62,154,9,NULL,NULL,'2008-02-19','2013-01-24',NULL,NULL,'229.00',0,0,1,0,3,1,NULL,NULL,NULL,NULL,NULL,'--- !ruby/hash:ActiveSupport::HashWithIndifferentAccess\nanschaffungskategorie: AV-Technik\nreference: invoice\numzug: zgeln\nankunftszustand: intakt\n','2013-01-24 08:52:49','2013-01-24 08:52:49'),(169,'w4dgabjo3hvz06r7vgxs116','78:3c:56:66:73:6f-42:f7:a9:97:75:c9-f5:e5:0e:7b:16:4c',159,63,155,10,NULL,NULL,'2008-02-19','2013-01-24',NULL,NULL,'1000.00',0,0,1,0,3,1,NULL,NULL,NULL,NULL,NULL,'--- !ruby/hash:ActiveSupport::HashWithIndifferentAccess\nanschaffungskategorie: AV-Technik\nreference: invoice\numzug: zgeln\nankunftszustand: intakt\n','2013-01-24 08:52:49','2013-01-24 08:52:49'),(170,'i99g2kg4vl7kbp4srtre117','aa:e5:36:9c:3e:37-7b:a1:a1:ce:62:86-9a:16:15:eb:69:8b',163,64,156,2,NULL,NULL,'2011-01-30','2013-01-24',NULL,NULL,'1187.00',0,0,1,0,3,1,NULL,NULL,NULL,NULL,NULL,'--- !ruby/hash:ActiveSupport::HashWithIndifferentAccess\nanschaffungskategorie: AV-Technik\nreference: invoice\numzug: zgeln\nankunftszustand: intakt\n','2013-01-24 08:52:49','2013-01-24 08:52:49'),(171,'uoqiagzwvvtcdimgbhwc118','08:68:8d:ac:b8:23-1f:c7:d7:07:a8:3a-03:db:1a:96:c1:e1',163,65,157,5,NULL,NULL,'2008-10-14','2013-01-24',NULL,NULL,'191.00',0,0,1,0,3,1,NULL,NULL,NULL,NULL,NULL,'--- !ruby/hash:ActiveSupport::HashWithIndifferentAccess\nanschaffungskategorie: AV-Technik\nreference: invoice\numzug: zgeln\nankunftszustand: intakt\n','2013-01-24 08:52:49','2013-01-24 08:52:49'),(172,'z2cp9azyaskivkr4fx2d119','ac:3d:1d:7c:78:a4-83:de:95:b9:d1:b2-65:7c:f9:ce:7d:45',163,66,158,8,NULL,NULL,'2011-07-17','2013-01-24',NULL,NULL,'732.00',0,0,1,0,3,1,NULL,NULL,NULL,NULL,NULL,'--- !ruby/hash:ActiveSupport::HashWithIndifferentAccess\nanschaffungskategorie: AV-Technik\nreference: invoice\numzug: zgeln\nankunftszustand: intakt\n','2013-01-24 08:52:49','2013-01-24 08:52:49'),(173,'xypnylfsbxmmf2w1qlbs120','0e:50:2e:34:a9:35-fa:60:ad:19:fd:26-1e:5e:09:39:07:08',167,67,159,10,NULL,NULL,'2009-06-18','2013-01-24',NULL,NULL,'135.00',0,0,1,0,3,1,NULL,NULL,NULL,NULL,NULL,'--- !ruby/hash:ActiveSupport::HashWithIndifferentAccess\nanschaffungskategorie: AV-Technik\nreference: invoice\numzug: zgeln\nankunftszustand: intakt\n','2013-01-24 08:52:49','2013-01-24 08:52:49'),(174,'jflmtf2zirrlxsd451ha121','e8:25:50:91:15:8a-bf:a2:1f:e6:82:3d-5a:9c:ff:13:1a:a3',167,68,160,2,NULL,NULL,'2011-03-28','2013-01-24',NULL,NULL,'1058.00',0,0,1,0,3,1,NULL,NULL,NULL,NULL,NULL,'--- !ruby/hash:ActiveSupport::HashWithIndifferentAccess\nanschaffungskategorie: AV-Technik\nreference: invoice\numzug: zgeln\nankunftszustand: intakt\n','2013-01-24 08:52:49','2013-01-24 08:52:49'),(175,'l63rwfv5ziecpirim7dt122','56:c5:0c:9f:c3:34-04:89:89:27:b5:10-a7:6d:ea:bc:0c:6e',167,69,161,5,NULL,NULL,'2009-10-06','2013-01-24',NULL,NULL,'143.00',0,0,1,0,3,1,NULL,NULL,NULL,NULL,NULL,'--- !ruby/hash:ActiveSupport::HashWithIndifferentAccess\nanschaffungskategorie: AV-Technik\nreference: invoice\numzug: zgeln\nankunftszustand: intakt\n','2013-01-24 08:52:49','2013-01-24 08:52:49'),(176,'64awotf09gdbyfu4l0co123','c4:5a:81:f2:cc:c7-b4:4f:1c:da:dd:a3-e2:c1:3a:c6:1b:3e',171,70,162,2,NULL,NULL,'2012-03-01','2013-01-24',NULL,NULL,'863.00',0,0,1,0,3,1,NULL,NULL,NULL,NULL,NULL,'--- !ruby/hash:ActiveSupport::HashWithIndifferentAccess\nanschaffungskategorie: AV-Technik\nreference: invoice\numzug: zgeln\nankunftszustand: intakt\n','2013-01-24 08:52:49','2013-01-24 08:52:49'),(177,'n1ac1uoqzowbn2vl00sn124','3e:b3:be:5a:fe:6a-76:e5:e8:26:e6:83-7f:1e:8a:86:96:cd',171,71,163,6,NULL,NULL,'2008-07-01','2013-01-24',NULL,NULL,'605.00',0,0,1,0,3,1,NULL,NULL,NULL,NULL,NULL,'--- !ruby/hash:ActiveSupport::HashWithIndifferentAccess\nanschaffungskategorie: AV-Technik\nreference: invoice\numzug: zgeln\nankunftszustand: intakt\n','2013-01-24 08:52:49','2013-01-24 08:52:49'),(178,'0vh06am0dbbqbari6mlx125','84:78:8d:5d:38:b4-72:a3:14:74:c7:a5-6c:34:3f:c3:3d:b0',171,72,164,2,NULL,NULL,'2008-09-30','2013-01-24',NULL,NULL,'1488.00',0,0,1,0,3,1,NULL,NULL,NULL,NULL,NULL,'--- !ruby/hash:ActiveSupport::HashWithIndifferentAccess\nanschaffungskategorie: AV-Technik\nreference: invoice\numzug: zgeln\nankunftszustand: intakt\n','2013-01-24 08:52:49','2013-01-24 08:52:49'),(179,'ra5g0th4oba0mkb69012126','14:34:ec:67:80:52-61:a9:8b:27:0a:9d-04:a9:7e:dd:06:99',175,73,165,9,NULL,NULL,'2012-02-19','2013-01-24',NULL,NULL,'27.00',0,0,1,0,3,1,NULL,NULL,NULL,NULL,NULL,'--- !ruby/hash:ActiveSupport::HashWithIndifferentAccess\nanschaffungskategorie: AV-Technik\nreference: invoice\numzug: zgeln\nankunftszustand: intakt\n','2013-01-24 08:52:49','2013-01-24 08:52:49'),(180,'1dqzl757c8znbt5bfu89127','e9:ec:16:fd:c9:36-60:20:7a:cc:b5:2e-56:e4:09:02:ef:4b',175,74,166,8,NULL,NULL,'2012-05-03','2013-01-24',NULL,NULL,'199.00',0,0,1,0,3,1,NULL,NULL,NULL,NULL,NULL,'--- !ruby/hash:ActiveSupport::HashWithIndifferentAccess\nanschaffungskategorie: AV-Technik\nreference: invoice\numzug: zgeln\nankunftszustand: intakt\n','2013-01-24 08:52:49','2013-01-24 08:52:49'),(181,'0575ev4sl89g8umwut94128','51:96:54:40:14:2f-b1:51:d4:ea:6f:37-35:95:de:09:b6:2a',175,75,167,8,NULL,NULL,'2011-06-16','2013-01-24',NULL,NULL,'380.00',0,0,1,0,3,1,NULL,NULL,NULL,NULL,NULL,'--- !ruby/hash:ActiveSupport::HashWithIndifferentAccess\nanschaffungskategorie: AV-Technik\nreference: invoice\numzug: zgeln\nankunftszustand: intakt\n','2013-01-24 08:52:49','2013-01-24 08:52:49'),(182,'qcytxfu9dt9dpo3jn7x5129','ff:83:63:63:ec:97-ca:d3:fe:51:ac:b1-c8:38:44:b3:d9:e5',179,76,168,4,NULL,NULL,'2008-02-12','2013-01-24',NULL,NULL,'271.00',0,0,1,0,3,1,NULL,NULL,NULL,NULL,NULL,'--- !ruby/hash:ActiveSupport::HashWithIndifferentAccess\nanschaffungskategorie: AV-Technik\nreference: invoice\numzug: zgeln\nankunftszustand: intakt\n','2013-01-24 08:52:49','2013-01-24 08:52:49'),(183,'e3evqclnjij7q71vtv3z130','a6:8f:6f:39:67:0e-a4:79:ce:9c:96:9c-3f:01:a6:16:62:46',179,77,169,11,NULL,NULL,'2012-02-19','2013-01-24',NULL,NULL,'884.00',0,0,1,0,3,1,NULL,NULL,NULL,NULL,NULL,'--- !ruby/hash:ActiveSupport::HashWithIndifferentAccess\nanschaffungskategorie: AV-Technik\nreference: invoice\numzug: zgeln\nankunftszustand: intakt\n','2013-01-24 08:52:49','2013-01-24 08:52:49'),(184,'841g6espwu9cefw5k75j131','d5:f4:07:70:02:89-c4:0c:e2:10:e4:ec-78:00:d4:21:ac:8b',179,78,170,9,NULL,NULL,'2008-04-13','2013-01-24',NULL,NULL,'998.00',0,0,1,0,3,1,NULL,NULL,NULL,NULL,NULL,'--- !ruby/hash:ActiveSupport::HashWithIndifferentAccess\nanschaffungskategorie: AV-Technik\nreference: invoice\numzug: zgeln\nankunftszustand: intakt\n','2013-01-24 08:52:49','2013-01-24 08:52:49'),(185,'lm9cpkzrc5t2kqxrpd1q132','2c:d6:95:0a:9f:e6-cc:ed:78:35:2b:f8-ce:9c:4d:99:93:c8',183,79,171,6,NULL,NULL,'2008-08-10','2013-01-23',NULL,NULL,'1259.00',0,0,1,0,1,1,NULL,NULL,NULL,NULL,NULL,'--- !ruby/hash:ActiveSupport::HashWithIndifferentAccess\nanschaffungskategorie: AV-Technik\nreference: invoice\numzug: zgeln\nankunftszustand: intakt\n','2013-01-23 08:52:49','2013-01-23 08:52:49'),(186,'z6azw3dxami2bws49ynh133','64:fb:49:0a:76:0b-37:81:4e:8a:47:02-cf:08:af:35:c0:de',184,80,172,3,NULL,NULL,'2010-02-17','2013-01-23',NULL,NULL,'459.00',0,0,1,0,1,1,NULL,NULL,NULL,NULL,NULL,'--- !ruby/hash:ActiveSupport::HashWithIndifferentAccess\nanschaffungskategorie: AV-Technik\nreference: invoice\numzug: zgeln\nankunftszustand: intakt\n','2013-01-23 08:52:49','2013-01-23 08:52:49'),(187,'n6lgy1h9441kfg4xl4qu134','51:cf:6a:88:7e:0d-9b:63:3e:82:9b:28-ab:9e:13:f7:23:ae',185,81,173,5,NULL,NULL,'2008-09-14','2013-01-23',NULL,NULL,'1073.00',0,0,1,0,1,1,NULL,NULL,NULL,NULL,NULL,'--- !ruby/hash:ActiveSupport::HashWithIndifferentAccess\nanschaffungskategorie: AV-Technik\nreference: invoice\numzug: zgeln\nankunftszustand: intakt\n','2013-01-23 08:52:49','2013-01-23 08:52:49'),(188,'nkgprx57eo8klx3hwuof135','c7:6b:b4:64:c8:72-48:2b:42:f3:6a:66-cc:63:25:dd:3c:1a',186,82,174,5,NULL,NULL,'2009-12-02','2013-01-24',NULL,NULL,'520.00',0,0,1,0,1,1,NULL,NULL,NULL,NULL,NULL,'--- !ruby/hash:ActiveSupport::HashWithIndifferentAccess\nanschaffungskategorie: AV-Technik\nreference: invoice\numzug: zgeln\nankunftszustand: intakt\n','2013-01-24 08:52:49','2013-01-24 08:52:49'),(189,'0vqxhvgyfunmb2hbwex9136','0f:71:2c:15:a1:65-2d:b2:c4:3d:c4:96-68:b4:03:6f:fe:70',187,83,175,7,NULL,NULL,'2009-04-06','2013-01-24',NULL,NULL,'143.00',0,0,1,0,1,1,NULL,NULL,NULL,NULL,NULL,'--- !ruby/hash:ActiveSupport::HashWithIndifferentAccess\nanschaffungskategorie: AV-Technik\nreference: invoice\numzug: zgeln\nankunftszustand: intakt\n','2013-01-24 08:52:49','2013-01-24 08:52:49'),(190,'do7dpsjtspw28jzage54137','45:f3:71:aa:da:fb-91:8d:28:c8:82:85-59:4f:3e:f6:b6:92',188,84,176,9,NULL,NULL,'2008-07-17','2013-01-24',NULL,NULL,'717.00',0,0,1,0,1,1,NULL,NULL,NULL,NULL,NULL,'--- !ruby/hash:ActiveSupport::HashWithIndifferentAccess\nanschaffungskategorie: AV-Technik\nreference: invoice\numzug: zgeln\nankunftszustand: intakt\n','2013-01-24 08:52:49','2013-01-24 08:52:49'),(191,'9aq98lgml9ygbvp7zocr138','a2:68:0b:c7:37:15-04:7a:66:95:7d:22-01:55:3d:cb:d5:c2',189,85,177,9,NULL,NULL,'2010-08-27','2013-01-24',NULL,NULL,'392.00',0,0,1,0,1,1,NULL,NULL,NULL,NULL,NULL,'--- !ruby/hash:ActiveSupport::HashWithIndifferentAccess\nanschaffungskategorie: AV-Technik\nreference: invoice\numzug: zgeln\nankunftszustand: intakt\n','2013-01-24 08:52:49','2013-01-24 08:52:49'),(192,'y95d9vguqupl77ezkapl139','b8:a4:28:53:cf:fb-c7:dc:2a:53:b6:64-e1:91:3c:67:be:48',190,86,178,7,NULL,NULL,'2012-04-25','2013-01-24',NULL,NULL,'72.00',0,0,1,0,1,1,NULL,NULL,NULL,NULL,NULL,'--- !ruby/hash:ActiveSupport::HashWithIndifferentAccess\nanschaffungskategorie: AV-Technik\nreference: invoice\numzug: zgeln\nankunftszustand: intakt\n','2013-01-24 08:52:49','2013-01-24 08:52:49'),(193,'5g4chxg90eyln0ejh7ea140','75:4f:e3:77:73:37-15:7d:52:26:1c:f7-0d:18:c1:22:f0:d7',191,87,179,9,NULL,NULL,'2012-01-19','2013-01-24',NULL,NULL,'1291.00',0,0,1,0,1,1,NULL,NULL,NULL,NULL,NULL,'--- !ruby/hash:ActiveSupport::HashWithIndifferentAccess\nanschaffungskategorie: AV-Technik\nreference: invoice\numzug: zgeln\nankunftszustand: intakt\n','2013-01-24 08:52:49','2013-01-24 08:52:49'),(194,'ghr1tstm5173b3vqtmlz141','cc:f0:c2:a4:d0:6f-3d:cb:3c:87:a9:68-0a:cf:ff:11:2e:94',192,88,180,10,NULL,NULL,'2009-09-23','2013-01-24',NULL,NULL,'1327.00',0,0,1,0,1,1,NULL,NULL,NULL,NULL,NULL,'--- !ruby/hash:ActiveSupport::HashWithIndifferentAccess\nanschaffungskategorie: AV-Technik\nreference: invoice\numzug: zgeln\nankunftszustand: intakt\n','2013-01-24 08:52:49','2013-01-24 08:52:49'),(195,'47viouxezgbu94lke9yv142','1e:31:cb:9e:96:4c-32:d8:e1:45:1f:4f-5d:04:43:ae:10:b7',193,89,181,1,NULL,NULL,'2012-08-31','2013-01-24',NULL,NULL,'329.00',0,0,1,0,1,1,NULL,NULL,NULL,NULL,NULL,'--- !ruby/hash:ActiveSupport::HashWithIndifferentAccess\nanschaffungskategorie: AV-Technik\nreference: invoice\numzug: zgeln\nankunftszustand: intakt\n','2013-01-24 08:52:49','2013-01-24 08:52:49'),(196,'snvnpvcwakkb41q9oexa143','53:a0:e2:d7:4b:61-a0:73:a3:95:93:6f-b6:18:0a:1d:26:89',194,90,182,3,NULL,NULL,'2008-12-05','2013-01-24',NULL,NULL,'541.00',0,0,1,0,1,1,NULL,NULL,NULL,NULL,NULL,'--- !ruby/hash:ActiveSupport::HashWithIndifferentAccess\nanschaffungskategorie: AV-Technik\nreference: invoice\numzug: zgeln\nankunftszustand: intakt\n','2013-01-24 08:52:49','2013-01-24 08:52:49'),(197,'rez6uivpdz45tehcj4n3144','45:c2:5e:01:71:e0-4a:19:91:75:34:81-80:fe:76:6e:38:39',195,91,183,3,NULL,NULL,'2008-02-23','2013-01-24',NULL,NULL,'1048.00',0,0,1,0,1,1,NULL,NULL,NULL,NULL,NULL,'--- !ruby/hash:ActiveSupport::HashWithIndifferentAccess\nanschaffungskategorie: AV-Technik\nreference: invoice\numzug: zgeln\nankunftszustand: intakt\n','2013-01-24 08:52:49','2013-01-24 08:52:49'),(198,'bzq8fetrif2c55wysazq145','a7:14:dc:c4:5e:72-01:e1:f2:7e:4d:f2-64:56:8d:cb:dd:6a',196,92,184,1,NULL,NULL,'2009-06-01','2013-01-24',NULL,NULL,'1196.00',0,0,1,0,1,1,NULL,NULL,NULL,NULL,NULL,'--- !ruby/hash:ActiveSupport::HashWithIndifferentAccess\nanschaffungskategorie: AV-Technik\nreference: invoice\numzug: zgeln\nankunftszustand: intakt\n','2013-01-24 08:52:49','2013-01-24 08:52:49'),(199,'5be1qiu9jf95s9f3kzhc146','8e:51:80:e1:32:f2-ab:31:e2:fc:9b:3f-a9:1f:fb:a9:e2:39',197,93,185,8,NULL,NULL,'2011-06-01','2013-01-24',NULL,NULL,'475.00',0,0,1,0,1,1,NULL,NULL,NULL,NULL,NULL,'--- !ruby/hash:ActiveSupport::HashWithIndifferentAccess\nanschaffungskategorie: AV-Technik\nreference: invoice\numzug: zgeln\nankunftszustand: intakt\n','2013-01-24 08:52:49','2013-01-24 08:52:49'),(200,'33aen5lqwf761gx4kgjo147','b9:63:a9:26:e7:9c-7a:95:9a:da:3c:ea-1b:41:f8:b8:93:18',198,94,186,11,NULL,NULL,'2009-07-31','2013-01-24',NULL,NULL,'854.00',0,0,1,0,1,1,NULL,NULL,NULL,NULL,NULL,'--- !ruby/hash:ActiveSupport::HashWithIndifferentAccess\nanschaffungskategorie: AV-Technik\nreference: invoice\numzug: zgeln\nankunftszustand: intakt\n','2013-01-24 08:52:49','2013-01-24 08:52:49'),(201,'90w79idaspkopvu311be148','24:c7:57:56:d5:0a-26:67:30:d1:78:0e-95:f7:db:c9:55:63',199,95,187,6,NULL,NULL,'2012-03-19','2013-01-24',NULL,NULL,'1207.00',0,0,1,0,1,1,NULL,NULL,NULL,NULL,NULL,'--- !ruby/hash:ActiveSupport::HashWithIndifferentAccess\nanschaffungskategorie: AV-Technik\nreference: invoice\numzug: zgeln\nankunftszustand: intakt\n','2013-01-24 08:52:49','2013-01-24 08:52:49'),(202,'btg2yqq5u4hgqlybn6kv149','85:d3:5f:aa:ed:2d-23:b6:2a:72:1e:0b-74:d7:27:a8:18:78',200,96,188,1,NULL,NULL,'2010-01-19','2013-01-24',NULL,NULL,'748.00',0,0,1,0,1,1,NULL,NULL,NULL,NULL,NULL,'--- !ruby/hash:ActiveSupport::HashWithIndifferentAccess\nanschaffungskategorie: AV-Technik\nreference: invoice\numzug: zgeln\nankunftszustand: intakt\n','2013-01-24 08:52:49','2013-01-24 08:52:49'),(203,'y2uby70nv0he3nnwbnqp150','64:bb:13:1b:f7:97-73:7f:ca:23:35:0a-23:9b:bb:50:e2:45',201,97,189,8,NULL,NULL,'2009-10-31','2013-01-24',NULL,NULL,'1268.00',0,0,1,0,1,1,NULL,NULL,NULL,NULL,NULL,'--- !ruby/hash:ActiveSupport::HashWithIndifferentAccess\nanschaffungskategorie: AV-Technik\nreference: invoice\numzug: zgeln\nankunftszustand: intakt\n','2013-01-24 08:52:49','2013-01-24 08:52:49'),(204,'rskci0yd6t5p1t29xlfd151','61:24:2f:2f:44:5c-ca:bf:8e:7b:f1:39-77:bc:b3:2a:3e:c4',202,98,190,10,NULL,NULL,'2008-04-01','2013-01-18',NULL,NULL,'1132.00',0,0,1,0,1,1,NULL,NULL,NULL,NULL,NULL,'--- !ruby/hash:ActiveSupport::HashWithIndifferentAccess\nanschaffungskategorie: AV-Technik\nreference: invoice\numzug: zgeln\nankunftszustand: intakt\n','2013-01-18 08:52:49','2013-01-18 08:52:49'),(205,'7q6az625jnuv3bdoizuf152','1a:27:4b:f1:6b:98-7a:02:1b:45:b7:2b-9e:bf:09:dc:53:be',203,99,191,11,NULL,NULL,'2012-12-07','2013-01-18',NULL,NULL,'337.00',0,0,1,0,1,1,NULL,NULL,NULL,NULL,NULL,'--- !ruby/hash:ActiveSupport::HashWithIndifferentAccess\nanschaffungskategorie: AV-Technik\nreference: invoice\numzug: zgeln\nankunftszustand: intakt\n','2013-01-18 08:52:49','2013-01-18 08:52:49'),(206,'yksh545e34i2wmhrfkw6153','59:d9:91:5f:56:09-02:5b:d0:af:6c:68-ec:bd:a4:d5:27:76',204,100,192,6,NULL,NULL,'2011-09-20','2013-01-18',NULL,NULL,'147.00',0,0,1,0,1,1,NULL,NULL,NULL,NULL,NULL,'--- !ruby/hash:ActiveSupport::HashWithIndifferentAccess\nanschaffungskategorie: AV-Technik\nreference: invoice\numzug: zgeln\nankunftszustand: intakt\n','2013-01-18 08:52:49','2013-01-18 08:52:49'),(207,'41ynj8ivrzspz96re3js154','78:86:2f:46:2d:08-7d:28:14:64:bb:08-fc:5f:2b:01:86:19',205,101,193,11,NULL,NULL,'2011-12-01','2013-01-18',NULL,NULL,'1345.00',0,0,1,0,1,1,NULL,NULL,NULL,NULL,NULL,'--- !ruby/hash:ActiveSupport::HashWithIndifferentAccess\nanschaffungskategorie: AV-Technik\nreference: invoice\numzug: zgeln\nankunftszustand: intakt\n','2013-01-18 08:52:49','2013-01-18 08:52:49'),(208,'kd8qfe4ngmy2bvunwzpv155','24:85:fd:32:7b:84-f7:df:4c:38:4b:32-73:a2:db:72:2a:d0',206,102,194,11,NULL,NULL,'2009-06-18','2013-01-22',NULL,NULL,'419.00',0,0,1,0,1,1,NULL,NULL,NULL,NULL,NULL,'--- !ruby/hash:ActiveSupport::HashWithIndifferentAccess\nanschaffungskategorie: AV-Technik\nreference: invoice\numzug: zgeln\nankunftszustand: intakt\n','2013-01-22 08:52:49','2013-01-22 08:52:49'),(209,'z1sbmyagih5ok7wjapaq156','f2:b9:5c:c6:36:19-d2:b0:5b:96:f8:54-3f:f8:37:8b:86:0c',207,103,195,1,NULL,NULL,'2009-10-23','2013-01-22',NULL,NULL,'538.00',0,0,1,0,1,1,NULL,NULL,NULL,NULL,NULL,'--- !ruby/hash:ActiveSupport::HashWithIndifferentAccess\nanschaffungskategorie: AV-Technik\nreference: invoice\numzug: zgeln\nankunftszustand: intakt\n','2013-01-22 08:52:49','2013-01-22 08:52:49'),(210,'sta8xdkcii7urfej68q6157','a1:0f:54:e0:4d:f5-78:e8:81:c4:7b:4e-a2:be:41:f3:bd:e2',208,104,196,8,NULL,NULL,'2009-03-12','2013-01-22',NULL,NULL,'1268.00',0,0,1,0,1,1,NULL,NULL,NULL,NULL,NULL,'--- !ruby/hash:ActiveSupport::HashWithIndifferentAccess\nanschaffungskategorie: AV-Technik\nreference: invoice\numzug: zgeln\nankunftszustand: intakt\n','2013-01-22 08:52:49','2013-01-22 08:52:49'),(211,'ibnt3h1t12zauaiuldnh158','ce:a7:1b:1a:e7:ea-f7:85:ad:3b:f0:4b-5d:29:ea:eb:ed:fe',209,105,197,10,NULL,NULL,'2010-02-18','2013-01-22',NULL,NULL,'279.00',0,0,1,0,1,1,NULL,NULL,NULL,NULL,NULL,'--- !ruby/hash:ActiveSupport::HashWithIndifferentAccess\nanschaffungskategorie: AV-Technik\nreference: invoice\numzug: zgeln\nankunftszustand: intakt\n','2013-01-22 08:52:49','2013-01-22 08:52:49'),(212,'oeevkcdtfhu5r5ez8dp0159','88:e4:a2:c9:7b:79-93:38:15:4e:7a:62-87:40:e0:42:e5:e5',210,106,198,3,NULL,NULL,'2011-03-04','2013-01-22',NULL,NULL,'147.00',0,0,1,0,1,1,NULL,NULL,NULL,NULL,NULL,'--- !ruby/hash:ActiveSupport::HashWithIndifferentAccess\nanschaffungskategorie: AV-Technik\nreference: invoice\numzug: zgeln\nankunftszustand: intakt\n','2013-01-22 08:52:49','2013-01-22 08:52:49'),(213,'aow6yfygwd5r7rlq4ez3160','52:4f:0d:44:e1:3e-07:e2:5f:ec:c5:2e-2c:e3:e5:99:d4:40',211,107,199,9,NULL,NULL,'2008-02-08','2013-01-24',NULL,NULL,'463.00',0,0,1,0,12,1,NULL,NULL,NULL,NULL,NULL,'--- !ruby/hash:ActiveSupport::HashWithIndifferentAccess\nanschaffungskategorie: AV-Technik\nreference: invoice\numzug: zgeln\nankunftszustand: intakt\n','2013-01-24 08:52:49','2013-01-24 08:52:49'),(214,'kcg8237gud0uxbllurxb161','74:cd:11:6b:a2:fa-7a:a3:87:60:ce:5c-2d:bf:82:b0:6c:b3',211,108,200,11,NULL,NULL,'2008-07-27','2013-01-24',NULL,NULL,'1298.00',0,0,1,0,12,1,NULL,NULL,NULL,NULL,NULL,'--- !ruby/hash:ActiveSupport::HashWithIndifferentAccess\nanschaffungskategorie: AV-Technik\nreference: invoice\numzug: zgeln\nankunftszustand: intakt\n','2013-01-24 08:52:49','2013-01-24 08:52:49'),(215,'3su4sd74htuvw93y0elc162','78:09:48:49:c6:a3-27:a8:aa:b2:81:ee-52:71:95:33:7e:9d',211,109,201,8,NULL,NULL,'2008-08-04','2013-01-24',NULL,NULL,'1359.00',0,0,1,0,12,1,NULL,NULL,NULL,NULL,NULL,'--- !ruby/hash:ActiveSupport::HashWithIndifferentAccess\nanschaffungskategorie: AV-Technik\nreference: invoice\numzug: zgeln\nankunftszustand: intakt\n','2013-01-24 08:52:49','2013-01-24 08:52:49'),(216,'wmckqozuva5kupgitq7e163','85:e5:3e:1d:0e:14-9f:50:42:26:b5:32-6d:0f:a7:8f:c1:4d',215,110,202,11,NULL,NULL,'2009-03-25','2013-01-24',NULL,NULL,'945.00',0,0,1,0,12,1,NULL,NULL,NULL,NULL,NULL,'--- !ruby/hash:ActiveSupport::HashWithIndifferentAccess\nanschaffungskategorie: AV-Technik\nreference: invoice\numzug: zgeln\nankunftszustand: intakt\n','2013-01-24 08:52:49','2013-01-24 08:52:49'),(217,'nps86lq1ydqyiyfzioza164','40:21:b7:54:89:33-24:2d:51:66:e0:b2-31:e3:00:e3:4c:94',215,111,203,2,NULL,NULL,'2010-07-03','2013-01-24',NULL,NULL,'1160.00',0,0,1,0,12,1,NULL,NULL,NULL,NULL,NULL,'--- !ruby/hash:ActiveSupport::HashWithIndifferentAccess\nanschaffungskategorie: AV-Technik\nreference: invoice\numzug: zgeln\nankunftszustand: intakt\n','2013-01-24 08:52:49','2013-01-24 08:52:49'),(218,'n4878um2xy9rhkyng3rx165','1c:33:c4:15:94:44-13:85:ed:4b:80:cd-30:e3:b2:46:00:a8',215,112,204,2,NULL,NULL,'2010-11-11','2013-01-24',NULL,NULL,'653.00',0,0,1,0,12,1,NULL,NULL,NULL,NULL,NULL,'--- !ruby/hash:ActiveSupport::HashWithIndifferentAccess\nanschaffungskategorie: AV-Technik\nreference: invoice\numzug: zgeln\nankunftszustand: intakt\n','2013-01-24 08:52:49','2013-01-24 08:52:49'),(219,'1j8rc6lc5ha7qmhr8lzc166','7b:28:26:64:7e:72-29:b8:9c:66:79:c8-4d:80:80:6e:b1:e1',219,113,205,12,NULL,NULL,'2010-08-17','2013-01-24',NULL,NULL,'250.00',0,0,1,0,12,1,NULL,NULL,NULL,NULL,NULL,'--- !ruby/hash:ActiveSupport::HashWithIndifferentAccess\nanschaffungskategorie: AV-Technik\nreference: invoice\numzug: zgeln\nankunftszustand: intakt\n','2013-01-24 08:52:49','2013-01-24 08:52:49'),(220,'6slagjqpmfapllgujk06167','7c:03:6b:f2:23:5f-fe:dc:e3:18:13:c7-e9:7a:e0:58:4f:cb',219,114,206,6,NULL,NULL,'2012-10-27','2013-01-24',NULL,NULL,'878.00',0,0,1,0,12,1,NULL,NULL,NULL,NULL,NULL,'--- !ruby/hash:ActiveSupport::HashWithIndifferentAccess\nanschaffungskategorie: AV-Technik\nreference: invoice\numzug: zgeln\nankunftszustand: intakt\n','2013-01-24 08:52:49','2013-01-24 08:52:49'),(221,'gkvaqlejiuggahnysmp9168','88:53:80:2c:8c:23-97:d7:4c:d7:9a:cd-eb:7d:71:55:ff:9f',219,115,207,5,NULL,NULL,'2011-02-02','2013-01-24',NULL,NULL,'233.00',0,0,1,0,12,1,NULL,NULL,NULL,NULL,NULL,'--- !ruby/hash:ActiveSupport::HashWithIndifferentAccess\nanschaffungskategorie: AV-Technik\nreference: invoice\numzug: zgeln\nankunftszustand: intakt\n','2013-01-24 08:52:49','2013-01-24 08:52:49'),(222,'s0tdirt7kiabzcym3heg169','62:7a:fe:eb:79:cb-a9:1c:96:af:ac:4e-e4:4d:e6:8b:a6:ba',223,116,208,6,NULL,NULL,'2008-09-03','2013-01-24',NULL,NULL,'1475.00',0,0,1,0,12,1,NULL,NULL,NULL,NULL,NULL,'--- !ruby/hash:ActiveSupport::HashWithIndifferentAccess\nanschaffungskategorie: AV-Technik\nreference: invoice\numzug: zgeln\nankunftszustand: intakt\n','2013-01-24 08:52:49','2013-01-24 08:52:49'),(223,'czqyd4ngyk9gdhw5t6n6170','d1:14:bc:cb:ee:f6-6d:6b:57:87:ed:53-a4:7e:34:f7:60:e2',223,117,209,7,NULL,NULL,'2008-02-11','2013-01-24',NULL,NULL,'914.00',0,0,1,0,12,1,NULL,NULL,NULL,NULL,NULL,'--- !ruby/hash:ActiveSupport::HashWithIndifferentAccess\nanschaffungskategorie: AV-Technik\nreference: invoice\numzug: zgeln\nankunftszustand: intakt\n','2013-01-24 08:52:49','2013-01-24 08:52:49'),(224,'mxgb87vwdg78ysnhle1b171','1c:d2:b3:e9:31:8c-4c:ff:3f:e0:9e:8a-de:4b:85:55:ee:5b',223,118,210,8,NULL,NULL,'2011-03-04','2013-01-24',NULL,NULL,'622.00',0,0,1,0,12,1,NULL,NULL,NULL,NULL,NULL,'--- !ruby/hash:ActiveSupport::HashWithIndifferentAccess\nanschaffungskategorie: AV-Technik\nreference: invoice\numzug: zgeln\nankunftszustand: intakt\n','2013-01-24 08:52:49','2013-01-24 08:52:49'),(225,'q58eey3oansqpj7qs6rr172','c3:23:0b:6d:0d:7d-90:33:80:a8:5d:f5-c0:1d:f6:8e:24:85',227,119,211,7,NULL,NULL,'2008-03-30','2013-01-24',NULL,NULL,'817.00',0,0,1,0,12,1,NULL,NULL,NULL,NULL,NULL,'--- !ruby/hash:ActiveSupport::HashWithIndifferentAccess\nanschaffungskategorie: AV-Technik\nreference: invoice\numzug: zgeln\nankunftszustand: intakt\n','2013-01-24 08:52:49','2013-01-24 08:52:49'),(226,'0gsziuzo7gfiymygrm4p173','be:e8:f1:a0:de:2a-7a:52:08:fa:be:7e-64:f6:d4:4d:44:aa',227,120,212,4,NULL,NULL,'2011-07-06','2013-01-24',NULL,NULL,'1394.00',0,0,1,0,12,1,NULL,NULL,NULL,NULL,NULL,'--- !ruby/hash:ActiveSupport::HashWithIndifferentAccess\nanschaffungskategorie: AV-Technik\nreference: invoice\numzug: zgeln\nankunftszustand: intakt\n','2013-01-24 08:52:49','2013-01-24 08:52:49'),(227,'8s7pn2r4c2du89qfo4jb174','2e:7e:ee:c4:c1:e4-32:3c:ae:64:08:c7-ec:d9:92:4e:e6:e6',227,121,213,10,NULL,NULL,'2012-02-01','2013-01-24',NULL,NULL,'886.00',0,0,1,0,12,1,NULL,NULL,NULL,NULL,NULL,'--- !ruby/hash:ActiveSupport::HashWithIndifferentAccess\nanschaffungskategorie: AV-Technik\nreference: invoice\numzug: zgeln\nankunftszustand: intakt\n','2013-01-24 08:52:49','2013-01-24 08:52:49'),(228,'oat99v4i1dvmkfo6ll0x175','18:91:76:ea:a7:f0-0d:00:d7:ea:9d:63-7b:93:3e:0c:85:3c',231,122,214,9,NULL,NULL,'2008-01-21','2013-01-24',NULL,NULL,'1365.00',0,0,1,0,1,1,NULL,NULL,NULL,NULL,NULL,'--- !ruby/hash:ActiveSupport::HashWithIndifferentAccess\nanschaffungskategorie: AV-Technik\nreference: invoice\numzug: zgeln\nankunftszustand: intakt\n','2013-01-24 08:52:49','2013-01-24 08:52:49'),(229,'m2p67gw8ruftaxrle9ba176','fd:9a:6c:5c:84:43-5f:9f:29:65:f1:0c-b8:8e:72:66:de:43',232,123,215,11,NULL,NULL,'2008-08-21','2013-01-24',NULL,NULL,'1403.00',0,0,1,0,1,1,NULL,NULL,NULL,NULL,NULL,'--- !ruby/hash:ActiveSupport::HashWithIndifferentAccess\nanschaffungskategorie: AV-Technik\nreference: invoice\numzug: zgeln\nankunftszustand: intakt\n','2013-01-24 08:52:49','2013-01-24 08:52:49'),(230,'2lx7oo5nt3r1pnmjpk2z177','a0:b6:9b:df:20:77-5b:2b:7d:da:9f:90-50:29:dc:37:ce:dd',233,124,216,3,NULL,NULL,'2009-05-06','2013-01-24',NULL,NULL,'588.00',0,0,1,0,1,1,NULL,NULL,NULL,NULL,NULL,'--- !ruby/hash:ActiveSupport::HashWithIndifferentAccess\nanschaffungskategorie: AV-Technik\nreference: invoice\numzug: zgeln\nankunftszustand: intakt\n','2013-01-24 08:52:49','2013-01-24 08:52:49'),(231,'zi8p1ucdx0fjh84miwwk178','3b:d1:b4:cf:93:34-54:24:2b:10:aa:ba-f9:21:d1:f5:0e:af',234,125,217,2,NULL,NULL,'2010-03-15','2013-01-24',NULL,NULL,'104.00',0,0,1,0,1,1,NULL,NULL,NULL,NULL,NULL,'--- !ruby/hash:ActiveSupport::HashWithIndifferentAccess\nanschaffungskategorie: AV-Technik\nreference: invoice\numzug: zgeln\nankunftszustand: intakt\n','2013-01-24 08:52:49','2013-01-24 08:52:49'),(232,'ddkxs8cp0pgim6fs2xey179','95:ef:fa:c5:65:4f-b9:70:f6:2c:d8:7a-29:fa:39:d6:1d:e0',235,126,218,3,NULL,NULL,'2011-08-25','2013-01-24',NULL,NULL,'487.00',0,0,1,0,1,1,NULL,NULL,NULL,NULL,NULL,'--- !ruby/hash:ActiveSupport::HashWithIndifferentAccess\nanschaffungskategorie: AV-Technik\nreference: invoice\numzug: zgeln\nankunftszustand: intakt\n','2013-01-24 08:52:49','2013-01-24 08:52:49'),(233,'gseuhth1u4oqkyb4a8oy180','01:71:91:1e:a3:08-c0:1a:fb:7f:6f:c6-8a:c4:7e:ac:21:6f',236,127,219,4,NULL,NULL,'2008-02-09','2013-01-24',NULL,NULL,'33.00',0,0,1,0,1,1,NULL,NULL,NULL,NULL,NULL,'--- !ruby/hash:ActiveSupport::HashWithIndifferentAccess\nanschaffungskategorie: AV-Technik\nreference: invoice\numzug: zgeln\nankunftszustand: intakt\n','2013-01-24 08:52:49','2013-01-24 08:52:49'),(234,'p5m295h1hats79qaqjge181','98:e4:39:15:ee:b6-26:f4:67:de:00:23-f5:3a:a4:cb:c5:40',237,128,220,4,NULL,NULL,'2012-03-28','2013-01-24',NULL,NULL,'444.00',0,0,1,0,1,1,NULL,NULL,NULL,NULL,NULL,'--- !ruby/hash:ActiveSupport::HashWithIndifferentAccess\nanschaffungskategorie: AV-Technik\nreference: invoice\numzug: zgeln\nankunftszustand: intakt\n','2013-01-24 08:52:49','2013-01-24 08:52:49'),(235,'ajsiiwjlsx6f39e2kcvy182','cb:8e:fe:78:7f:32-c9:5d:67:0e:3f:ce-57:25:20:ce:c4:3f',238,129,221,10,NULL,NULL,'2010-11-11','2013-01-24',NULL,NULL,'864.00',0,0,1,0,1,1,NULL,NULL,NULL,NULL,NULL,'--- !ruby/hash:ActiveSupport::HashWithIndifferentAccess\nanschaffungskategorie: AV-Technik\nreference: invoice\numzug: zgeln\nankunftszustand: intakt\n','2013-01-24 08:52:49','2013-01-24 08:52:49'),(236,'n31fjcnaxoryi5mn0w6t183','5b:c5:fd:a8:4f:61-f1:05:0d:5e:c3:e3-9b:23:76:2a:f4:7e',239,130,222,10,NULL,NULL,'2011-03-03','2013-01-24',NULL,NULL,'1116.00',0,0,1,0,1,1,NULL,NULL,NULL,NULL,NULL,'--- !ruby/hash:ActiveSupport::HashWithIndifferentAccess\nanschaffungskategorie: AV-Technik\nreference: invoice\numzug: zgeln\nankunftszustand: intakt\n','2013-01-24 08:52:49','2013-01-24 08:52:49'),(237,'une5yhlh8c1q7q3yz25k184','98:fa:e9:5c:86:8f-70:56:fe:05:33:68-19:80:2e:8c:15:b3',240,131,223,5,NULL,NULL,'2008-08-12','2013-01-24',NULL,NULL,'74.00',0,0,1,0,1,1,NULL,NULL,NULL,NULL,NULL,'--- !ruby/hash:ActiveSupport::HashWithIndifferentAccess\nanschaffungskategorie: AV-Technik\nreference: invoice\numzug: zgeln\nankunftszustand: intakt\n','2013-01-24 08:52:49','2013-01-24 08:52:49'),(238,'vwvqhm7tah491errg4ak185','8f:45:fb:ec:6f:1a-5d:c1:1c:e2:c2:1d-d8:53:d5:6b:6d:af',241,132,224,6,NULL,NULL,'2011-01-20','2013-01-24',NULL,NULL,'667.00',0,0,1,0,1,1,NULL,NULL,NULL,NULL,NULL,'--- !ruby/hash:ActiveSupport::HashWithIndifferentAccess\nanschaffungskategorie: AV-Technik\nreference: invoice\numzug: zgeln\nankunftszustand: intakt\n','2013-01-24 08:52:49','2013-01-24 08:52:49'),(239,'0g6187y34cgwwrlfm6n6186','90:c7:16:4d:db:a5-ce:ae:d6:48:5f:2f-39:1d:4a:69:82:f6',242,133,225,2,NULL,NULL,'2012-04-28','2013-01-24',NULL,NULL,'24.00',0,0,1,0,1,1,NULL,NULL,NULL,NULL,NULL,'--- !ruby/hash:ActiveSupport::HashWithIndifferentAccess\nanschaffungskategorie: AV-Technik\nreference: invoice\numzug: zgeln\nankunftszustand: intakt\n','2013-01-24 08:52:49','2013-01-24 08:52:49'),(240,'wh5m6wn6w819lsetzuil187','c8:b7:d1:90:c7:b2-86:ed:d7:a7:66:a0-f1:13:4f:e0:7a:40',243,134,226,9,NULL,NULL,'2010-03-30','2013-01-24',NULL,NULL,'842.00',0,0,1,0,1,1,NULL,NULL,NULL,NULL,NULL,'--- !ruby/hash:ActiveSupport::HashWithIndifferentAccess\nanschaffungskategorie: AV-Technik\nreference: invoice\numzug: zgeln\nankunftszustand: intakt\n','2013-01-24 08:52:49','2013-01-24 08:52:49'),(241,'pi1t6ai9djbrh82cs5d7188','5c:d9:9f:97:61:8f-59:db:99:b3:a9:26-c1:47:38:03:94:cc',244,135,227,12,NULL,NULL,'2011-12-14','2013-01-24',NULL,NULL,'653.00',0,0,1,0,1,1,NULL,NULL,NULL,NULL,NULL,'--- !ruby/hash:ActiveSupport::HashWithIndifferentAccess\nanschaffungskategorie: AV-Technik\nreference: invoice\numzug: zgeln\nankunftszustand: intakt\n','2013-01-24 08:52:49','2013-01-24 08:52:49'),(242,'x6x8mmfhi3wrhkrpcx5h189','ec:00:6f:f0:0e:ad-74:62:52:ba:e0:e5-39:eb:b1:38:1d:ce',245,136,228,4,NULL,NULL,'2009-06-30','2013-01-24',NULL,NULL,'931.00',0,0,1,0,1,1,NULL,NULL,NULL,NULL,NULL,'--- !ruby/hash:ActiveSupport::HashWithIndifferentAccess\nanschaffungskategorie: AV-Technik\nreference: invoice\numzug: zgeln\nankunftszustand: intakt\n','2013-01-24 08:52:49','2013-01-24 08:52:49'),(243,'sicaycsk08mrp9virql6190','71:a0:d8:64:3f:55-1c:2f:65:6b:c5:ed-bc:ec:ea:7f:8e:8c',246,137,229,12,NULL,NULL,'2011-02-23','2013-01-24',NULL,NULL,'321.00',0,0,1,0,1,1,NULL,NULL,NULL,NULL,NULL,'--- !ruby/hash:ActiveSupport::HashWithIndifferentAccess\nanschaffungskategorie: AV-Technik\nreference: invoice\numzug: zgeln\nankunftszustand: intakt\n','2013-01-24 08:52:49','2013-01-24 08:52:49'),(244,'xaug1l7y9gvtr810vi69191','4e:22:66:95:a9:91-e9:fc:86:5f:ee:cc-fe:90:44:aa:ec:f7',247,138,230,3,NULL,NULL,'2008-11-08','2013-01-24',NULL,NULL,'118.00',0,0,1,0,1,1,NULL,NULL,NULL,NULL,NULL,'--- !ruby/hash:ActiveSupport::HashWithIndifferentAccess\nanschaffungskategorie: AV-Technik\nreference: invoice\numzug: zgeln\nankunftszustand: intakt\n','2013-01-24 08:52:49','2013-01-24 08:52:49'),(245,'rzpjog90s5ihr9gbllht192','49:1e:d9:e1:29:0e-ca:b1:d8:a5:ce:34-11:d7:b1:2c:31:4e',248,139,231,5,NULL,NULL,'2009-09-25','2013-01-24',NULL,NULL,'1434.00',0,0,1,0,1,1,NULL,NULL,NULL,NULL,NULL,'--- !ruby/hash:ActiveSupport::HashWithIndifferentAccess\nanschaffungskategorie: AV-Technik\nreference: invoice\numzug: zgeln\nankunftszustand: intakt\n','2013-01-24 08:52:49','2013-01-24 08:52:49'),(246,'pkfs78q4hny5d5bihlgf193','70:d9:ac:c7:57:c3-54:2f:63:4c:9f:41-6f:da:2a:aa:2e:b1',249,140,232,4,NULL,NULL,'2008-03-03','2013-01-24',NULL,NULL,'445.00',0,0,1,0,1,1,NULL,NULL,NULL,NULL,NULL,'--- !ruby/hash:ActiveSupport::HashWithIndifferentAccess\nanschaffungskategorie: AV-Technik\nreference: invoice\numzug: zgeln\nankunftszustand: intakt\n','2013-01-24 08:52:49','2013-01-24 08:52:49'),(247,'ykxgelh9adnyt4dd77k2194','de:55:2e:2e:72:d0-4a:62:82:56:eb:c7-06:13:03:a5:00:7a',250,141,233,4,NULL,NULL,'2009-08-08','2013-01-24',NULL,NULL,'841.00',0,0,1,0,1,1,NULL,NULL,NULL,NULL,NULL,'--- !ruby/hash:ActiveSupport::HashWithIndifferentAccess\nanschaffungskategorie: AV-Technik\nreference: invoice\numzug: zgeln\nankunftszustand: intakt\n','2013-01-24 08:52:49','2013-01-24 08:52:49'),(248,'utpc52zna480v8o1gmtb195','1f:9a:9d:db:93:2d-0b:bf:c7:8a:c5:d1-06:ea:43:ba:5d:91',251,142,234,10,NULL,NULL,'2010-10-08','2013-01-24',NULL,NULL,'340.00',0,0,1,0,1,1,NULL,NULL,NULL,NULL,NULL,'--- !ruby/hash:ActiveSupport::HashWithIndifferentAccess\nanschaffungskategorie: AV-Technik\nreference: invoice\numzug: zgeln\nankunftszustand: intakt\n','2013-01-24 08:52:49','2013-01-24 08:52:49'),(249,'qb94lftqvp0yvoz70o0v196','cf:d5:a7:47:49:b6-06:3f:bf:75:8a:c1-7b:5d:8a:3d:d1:b9',252,143,235,10,NULL,NULL,'2009-07-11','2013-01-24',NULL,NULL,'88.00',0,0,1,0,1,1,NULL,NULL,NULL,NULL,NULL,'--- !ruby/hash:ActiveSupport::HashWithIndifferentAccess\nanschaffungskategorie: AV-Technik\nreference: invoice\numzug: zgeln\nankunftszustand: intakt\n','2013-01-24 08:52:49','2013-01-24 08:52:49'),(250,'mmaxa2xydzokieil2gho197','8c:5b:75:0d:9f:09-b6:c3:f8:6a:ba:b9-4d:2b:2e:93:d1:25',253,144,236,6,NULL,NULL,'2009-11-26','2013-01-24',NULL,NULL,'1260.00',0,0,1,0,1,1,NULL,NULL,NULL,NULL,NULL,'--- !ruby/hash:ActiveSupport::HashWithIndifferentAccess\nanschaffungskategorie: AV-Technik\nreference: invoice\numzug: zgeln\nankunftszustand: intakt\n','2013-01-24 08:52:49','2013-01-24 08:52:49'),(251,'chhng493wgmfjd6f07ip198','00:d9:ef:48:d7:88-60:88:60:fd:ed:dd-16:dc:eb:ba:30:be',254,145,237,1,NULL,NULL,'2012-07-08','2013-01-24',NULL,NULL,'447.00',0,0,1,0,1,1,NULL,NULL,NULL,NULL,NULL,'--- !ruby/hash:ActiveSupport::HashWithIndifferentAccess\nanschaffungskategorie: AV-Technik\nreference: invoice\numzug: zgeln\nankunftszustand: intakt\n','2013-01-24 08:52:49','2013-01-24 08:52:49'),(252,'gqp9ocr5msqekzi67x0h199','dd:e1:0c:e0:9e:90-a9:04:55:4e:f2:ae-d2:28:94:aa:02:fc',255,146,238,12,NULL,NULL,'2010-04-06','2013-01-24',NULL,NULL,'936.00',0,0,1,0,1,1,NULL,NULL,NULL,NULL,NULL,'--- !ruby/hash:ActiveSupport::HashWithIndifferentAccess\nanschaffungskategorie: AV-Technik\nreference: invoice\numzug: zgeln\nankunftszustand: intakt\n','2013-01-24 08:52:49','2013-01-24 08:52:49'),(253,'4cm0wayr8rbhnr4qqogu200','76:2a:dd:12:a3:6c-65:17:01:e0:cb:ec-b3:d3:f1:26:fe:c3',256,147,239,9,NULL,NULL,'2008-07-20','2013-01-24',NULL,NULL,'840.00',0,0,1,0,1,1,NULL,NULL,NULL,NULL,NULL,'--- !ruby/hash:ActiveSupport::HashWithIndifferentAccess\nanschaffungskategorie: AV-Technik\nreference: invoice\numzug: zgeln\nankunftszustand: intakt\n','2013-01-24 08:52:49','2013-01-24 08:52:49'),(254,'d9de35efpp32t5lfsavd201','48:cf:27:ae:bd:6b-49:ad:28:56:c0:10-27:92:ab:9b:0f:7b',257,148,240,5,NULL,NULL,'2011-11-14','2013-01-24',NULL,NULL,'486.00',0,0,1,0,1,1,NULL,NULL,NULL,NULL,NULL,'--- !ruby/hash:ActiveSupport::HashWithIndifferentAccess\nanschaffungskategorie: AV-Technik\nreference: invoice\numzug: zgeln\nankunftszustand: intakt\n','2013-01-24 08:52:49','2013-01-24 08:52:49'),(255,'1nug6uvnubnmhyu3t3x8202','d3:64:0f:08:34:e0-43:30:e0:c6:5f:f4-fe:f0:47:8f:64:f9',258,149,241,5,NULL,NULL,'2012-02-26','2013-01-24',NULL,NULL,'882.00',0,0,1,0,1,1,NULL,NULL,NULL,NULL,NULL,'--- !ruby/hash:ActiveSupport::HashWithIndifferentAccess\nanschaffungskategorie: AV-Technik\nreference: invoice\numzug: zgeln\nankunftszustand: intakt\n','2013-01-24 08:52:49','2013-01-24 08:52:49'),(256,'d072g7l6worheqt5o6md203','9f:4d:5a:38:93:98-12:dc:e8:a3:30:10-07:cc:3f:1e:22:b8',259,150,242,12,NULL,NULL,'2008-12-13','2013-01-24',NULL,NULL,'1456.00',0,0,1,0,1,1,NULL,NULL,NULL,NULL,NULL,'--- !ruby/hash:ActiveSupport::HashWithIndifferentAccess\nanschaffungskategorie: AV-Technik\nreference: invoice\numzug: zgeln\nankunftszustand: intakt\n','2013-01-24 08:52:49','2013-01-24 08:52:49'),(257,'opshett108ipcmd0mvlw204','01:ad:18:bf:7d:81-2a:49:93:71:39:19-be:0f:32:9c:25:ed',260,151,243,12,NULL,NULL,'2010-10-06','2013-01-24',NULL,NULL,'177.00',0,0,1,0,1,1,NULL,NULL,NULL,NULL,NULL,'--- !ruby/hash:ActiveSupport::HashWithIndifferentAccess\nanschaffungskategorie: AV-Technik\nreference: invoice\numzug: zgeln\nankunftszustand: intakt\n','2013-01-24 08:52:49','2013-01-24 08:52:49'),(258,'5jo842zw96tf8mrat2mv205','62:17:47:94:71:32-a6:0b:e6:af:c7:ae-1b:78:3c:4a:88:b4',261,152,244,3,NULL,NULL,'2011-05-20','2013-01-24',NULL,NULL,'1428.00',0,0,1,0,1,1,NULL,NULL,NULL,NULL,NULL,'--- !ruby/hash:ActiveSupport::HashWithIndifferentAccess\nanschaffungskategorie: AV-Technik\nreference: invoice\numzug: zgeln\nankunftszustand: intakt\n','2013-01-24 08:52:49','2013-01-24 08:52:49'),(259,'cm86puax8vq9d1ahpfu5206','3f:0c:8e:2b:3f:a4-81:11:38:4d:1f:96-68:9b:f7:97:ad:a9',262,153,245,5,NULL,NULL,'2009-06-15','2013-01-24',NULL,NULL,'1244.00',0,0,1,0,1,1,NULL,NULL,NULL,NULL,NULL,'--- !ruby/hash:ActiveSupport::HashWithIndifferentAccess\nanschaffungskategorie: AV-Technik\nreference: invoice\numzug: zgeln\nankunftszustand: intakt\n','2013-01-24 08:52:49','2013-01-24 08:52:49'),(260,'7sd1trmicqqgygvze0u9207','61:a8:e2:39:d4:4e-8d:91:1c:6e:74:98-53:ae:5f:75:d1:66',263,154,246,5,NULL,NULL,'2012-04-08','2013-01-24',NULL,NULL,'55.00',0,0,1,0,1,1,NULL,NULL,NULL,NULL,NULL,'--- !ruby/hash:ActiveSupport::HashWithIndifferentAccess\nanschaffungskategorie: AV-Technik\nreference: invoice\numzug: zgeln\nankunftszustand: intakt\n','2013-01-24 08:52:49','2013-01-24 08:52:49'),(261,'cjcwebykeo0u8ouchoit208','35:c7:fc:bc:d7:5f-f4:7c:04:88:17:3a-0d:30:e7:0f:f7:2e',264,155,247,7,NULL,NULL,'2012-04-21','2013-01-24',NULL,NULL,'595.00',0,0,1,0,1,1,NULL,NULL,NULL,NULL,NULL,'--- !ruby/hash:ActiveSupport::HashWithIndifferentAccess\nanschaffungskategorie: AV-Technik\nreference: invoice\numzug: zgeln\nankunftszustand: intakt\n','2013-01-24 08:52:49','2013-01-24 08:52:49'),(262,'ivr0l9an2vn9o7qy6qxu209','ac:10:1e:70:34:09-38:bc:88:d7:11:cb-e1:de:c4:99:5f:ea',265,156,248,8,NULL,NULL,'2008-07-04','2013-01-24',NULL,NULL,'1343.00',0,0,1,0,1,1,NULL,NULL,NULL,NULL,NULL,'--- !ruby/hash:ActiveSupport::HashWithIndifferentAccess\nanschaffungskategorie: AV-Technik\nreference: invoice\numzug: zgeln\nankunftszustand: intakt\n','2013-01-24 08:52:49','2013-01-24 08:52:49'),(263,'4tdo5xl29my3rbse4cd5210','33:35:a4:6f:26:b5-35:1e:28:d5:f0:31-82:d5:85:59:24:f1',266,157,249,7,NULL,NULL,'2010-09-12','2013-01-24',NULL,NULL,'1116.00',0,0,1,0,1,1,NULL,NULL,NULL,NULL,NULL,'--- !ruby/hash:ActiveSupport::HashWithIndifferentAccess\nanschaffungskategorie: AV-Technik\nreference: invoice\numzug: zgeln\nankunftszustand: intakt\n','2013-01-24 08:52:49','2013-01-24 08:52:49'),(264,'hzm4j50izpq0s8gw30v9211','b9:a7:2a:83:c1:a8-65:3f:41:cf:52:87-74:e0:09:80:77:20',267,158,250,6,NULL,NULL,'2008-05-11','2013-01-24',NULL,NULL,'1345.00',0,0,1,0,1,1,NULL,NULL,NULL,NULL,NULL,'--- !ruby/hash:ActiveSupport::HashWithIndifferentAccess\nanschaffungskategorie: AV-Technik\nreference: invoice\numzug: zgeln\nankunftszustand: intakt\n','2013-01-24 08:52:49','2013-01-24 08:52:49'),(265,'93megkkl0toyvb4rt8cl212','06:e7:f9:39:06:32-9a:94:72:7c:bd:52-36:3a:bd:5f:0a:78',268,159,251,4,NULL,NULL,'2010-02-08','2013-01-24',NULL,NULL,'758.00',0,0,1,0,1,1,NULL,NULL,NULL,NULL,NULL,'--- !ruby/hash:ActiveSupport::HashWithIndifferentAccess\nanschaffungskategorie: AV-Technik\nreference: invoice\numzug: zgeln\nankunftszustand: intakt\n','2013-01-24 08:52:49','2013-01-24 08:52:49'),(266,'ya2oyoeeef999exb65zm213','8c:44:ec:00:68:f7-72:65:e4:76:b2:6f-f8:31:b9:64:9d:3c',269,160,252,12,NULL,NULL,'2008-03-03','2013-01-24',NULL,NULL,'703.00',0,0,1,0,1,1,NULL,NULL,NULL,NULL,NULL,'--- !ruby/hash:ActiveSupport::HashWithIndifferentAccess\nanschaffungskategorie: AV-Technik\nreference: invoice\numzug: zgeln\nankunftszustand: intakt\n','2013-01-24 08:52:49','2013-01-24 08:52:49'),(267,'lxwzz9xx35hl9eso8sap214','e9:de:98:ac:67:e6-db:79:e8:b5:6e:3c-3b:6c:96:a3:05:22',270,161,253,3,NULL,NULL,'2012-03-26','2013-01-24',NULL,NULL,'421.00',0,0,1,0,1,1,NULL,NULL,NULL,NULL,NULL,'--- !ruby/hash:ActiveSupport::HashWithIndifferentAccess\nanschaffungskategorie: AV-Technik\nreference: invoice\numzug: zgeln\nankunftszustand: intakt\n','2013-01-24 08:52:49','2013-01-24 08:52:49'),(268,'lh02y0c7wg5t042n84pu215','6e:93:ac:0b:01:d4-8c:93:f7:22:65:67-81:0b:62:b8:25:b1',271,162,254,8,NULL,NULL,'2009-10-10','2013-01-24',NULL,NULL,'583.00',0,0,1,0,1,1,NULL,NULL,NULL,NULL,NULL,'--- !ruby/hash:ActiveSupport::HashWithIndifferentAccess\nanschaffungskategorie: AV-Technik\nreference: invoice\numzug: zgeln\nankunftszustand: intakt\n','2013-01-24 08:52:49','2013-01-24 08:52:49'),(269,'g4ktxzct4oheriickb45216','07:56:dc:70:db:66-0a:0c:28:fd:2d:01-0b:d3:a3:08:fe:70',272,163,255,3,NULL,NULL,'2012-03-18','2013-01-18',NULL,NULL,'1487.00',0,0,1,0,1,1,NULL,NULL,NULL,NULL,NULL,'--- !ruby/hash:ActiveSupport::HashWithIndifferentAccess\nanschaffungskategorie: AV-Technik\nreference: invoice\numzug: zgeln\nankunftszustand: intakt\n','2013-01-18 08:52:49','2013-01-18 08:52:49'),(270,'pc0idsen93pjy7db9fk1217','e2:9a:f3:a7:cb:71-e6:e3:68:13:40:8e-47:f1:82:3a:96:36',273,164,256,1,NULL,NULL,'2012-01-27','2013-01-18',NULL,NULL,'135.00',0,0,1,0,1,1,NULL,NULL,NULL,NULL,NULL,'--- !ruby/hash:ActiveSupport::HashWithIndifferentAccess\nanschaffungskategorie: AV-Technik\nreference: invoice\numzug: zgeln\nankunftszustand: intakt\n','2013-01-18 08:52:49','2013-01-18 08:52:49'),(271,'2qpe4p50bgbou2d5d1vz218','37:72:17:92:85:bf-43:e0:db:c7:c7:f0-6b:32:40:41:dd:a6',274,165,257,1,NULL,NULL,'2012-05-11','2013-01-18',NULL,NULL,'3.00',0,0,1,0,1,1,NULL,NULL,NULL,NULL,NULL,'--- !ruby/hash:ActiveSupport::HashWithIndifferentAccess\nanschaffungskategorie: AV-Technik\nreference: invoice\numzug: zgeln\nankunftszustand: intakt\n','2013-01-18 08:52:49','2013-01-18 08:52:49'),(272,'9nabdckny5a39nwmuwdr219','4a:53:34:19:9e:10-27:0f:71:56:ba:8a-42:97:31:d0:11:ba',275,166,258,10,NULL,NULL,'2008-01-17','2013-01-24',NULL,NULL,'150.00',0,0,1,0,1,1,NULL,NULL,NULL,NULL,NULL,'--- !ruby/hash:ActiveSupport::HashWithIndifferentAccess\nanschaffungskategorie: AV-Technik\nreference: invoice\numzug: zgeln\nankunftszustand: intakt\n','2013-01-24 08:52:49','2013-01-24 08:52:49'),(273,'vndaelhzmkevlrfe7b6e220','01:7e:6a:24:1f:e5-eb:d6:df:d7:9f:80-3c:e2:1d:08:4f:b3',276,NULL,NULL,12,NULL,NULL,NULL,NULL,NULL,NULL,NULL,0,0,0,0,1,0,NULL,NULL,NULL,NULL,NULL,'--- !ruby/hash:ActiveSupport::HashWithIndifferentAccess\nlicense_type: single_workplace\nactivation_type: serial_number\noperating_system:\n- windows\n- linux\ninstallation:\n- citrix\n- web\nprocured_by: Nelson Labadie\nreference: invoice\nmaintenance_contract: \'false\'\nmaintenance_currency: CHF\n','2013-01-24 08:52:49','2013-01-24 08:52:49'),(274,'wcbjcgpk7x80q7hw3hf5221','a8:5a:c8:7c:16:78-b4:0d:36:f6:ef:69-5f:70:ee:19:ed:3e',277,167,259,10,NULL,NULL,'2011-11-07','2013-01-19',NULL,NULL,'947.00',0,0,1,0,2,1,NULL,NULL,NULL,NULL,NULL,'--- !ruby/hash:ActiveSupport::HashWithIndifferentAccess\nanschaffungskategorie: AV-Technik\nreference: invoice\numzug: zgeln\nankunftszustand: intakt\n','2013-01-19 08:52:49','2013-01-19 08:52:49'),(275,'42m9snbslw00null7bdj222','74:97:da:b2:07:a4-a5:f4:51:35:34:84-66:f9:41:91:39:6f',278,168,260,9,NULL,NULL,'2010-11-10','2013-01-24',NULL,NULL,'521.00',0,0,1,0,1,1,NULL,NULL,NULL,NULL,NULL,'--- !ruby/hash:ActiveSupport::HashWithIndifferentAccess\nanschaffungskategorie: AV-Technik\nreference: invoice\numzug: zgeln\nankunftszustand: intakt\n','2013-01-24 08:52:49','2013-01-24 08:52:49'),(276,'a7m3id5f0n7ftta5hhko223','c4:6c:d5:6b:66:fe-9c:ba:c6:bd:ce:b6-b0:b8:4d:3e:ec:8a',279,NULL,NULL,12,NULL,NULL,NULL,NULL,NULL,NULL,NULL,0,0,0,0,1,0,NULL,NULL,NULL,NULL,NULL,'--- !ruby/hash:ActiveSupport::HashWithIndifferentAccess\nlicense_type: single_workplace\nactivation_type: serial_number\noperating_system:\n- windows\n- linux\ninstallation:\n- citrix\n- web\nprocured_by: Delegation 2\nreference: invoice\nmaintenance_contract: \'false\'\nmaintenance_currency: CHF\n','2013-01-24 08:52:49','2013-01-24 08:52:49'),(277,'rv9kbagb9sdyo392eawc224','51:12:4b:83:b4:a1-3a:05:91:a9:10:f2-05:71:10:ec:ad:68',280,NULL,261,1,NULL,NULL,'2012-03-01','2013-01-24',NULL,NULL,'1347.00',0,0,1,0,1,1,NULL,NULL,NULL,NULL,NULL,'--- !ruby/hash:ActiveSupport::HashWithIndifferentAccess\nanschaffungskategorie: AV-Technik\nreference: invoice\numzug: zgeln\nankunftszustand: intakt\n','2013-01-24 08:52:49','2013-01-24 08:52:49'),(278,'3t47jkkplskuvpu1asaq225','0d:5f:c9:46:47:a0-49:3c:ea:3a:5c:89-7b:0a:73:53:ef:73',281,169,262,1,NULL,NULL,'2010-08-19','2013-01-24',NULL,NULL,'572.00',0,0,1,0,1,1,NULL,NULL,NULL,NULL,NULL,'--- !ruby/hash:ActiveSupport::HashWithIndifferentAccess\nanschaffungskategorie: AV-Technik\nreference: invoice\numzug: zgeln\nankunftszustand: intakt\n','2013-01-24 08:52:49','2013-01-24 08:52:49'),(279,'wt75unttzclcayolpu5o226','42:ee:93:f9:4f:aa-ea:08:96:26:02:ea-8a:d8:bb:b7:99:00',282,170,263,6,NULL,NULL,'2011-07-27','2013-01-24',NULL,NULL,'1397.00',0,0,1,0,2,1,NULL,NULL,NULL,NULL,NULL,'--- !ruby/hash:ActiveSupport::HashWithIndifferentAccess\nanschaffungskategorie: AV-Technik\nreference: invoice\numzug: zgeln\nankunftszustand: intakt\n','2013-01-24 08:52:49','2013-01-24 08:52:49'),(280,'14pssrnravgg3ibfmt3o227','f0:9c:46:77:bc:0f-3f:44:d1:f4:86:e8-db:36:2e:b5:be:80',283,171,264,10,NULL,NULL,'2009-02-26','2013-01-24',NULL,NULL,'217.00',0,0,1,0,2,1,NULL,NULL,NULL,NULL,NULL,'--- !ruby/hash:ActiveSupport::HashWithIndifferentAccess\nanschaffungskategorie: AV-Technik\nreference: invoice\numzug: zgeln\nankunftszustand: intakt\n','2013-01-24 08:52:49','2013-01-24 08:52:49'),(281,'tn5suctnruo32inhm6kx228','97:72:4b:4c:8c:15-48:39:96:70:ee:56-44:91:53:f3:bf:cf',284,172,265,2,NULL,NULL,'2011-06-02','2013-01-24',NULL,NULL,'710.00',0,0,1,0,2,1,NULL,NULL,NULL,NULL,NULL,'--- !ruby/hash:ActiveSupport::HashWithIndifferentAccess\nanschaffungskategorie: AV-Technik\nreference: invoice\numzug: zgeln\nankunftszustand: intakt\n','2013-01-24 08:52:49','2013-01-24 08:52:49'),(282,'go2ru41tsvj3n4q30egp229','3a:ee:96:4b:a7:5f-ad:0c:34:9e:fc:e3-07:e3:99:1b:f5:d5',285,173,266,2,NULL,NULL,'2012-04-06','2013-01-24',NULL,NULL,'973.00',0,0,1,0,1,1,NULL,NULL,NULL,NULL,NULL,'--- !ruby/hash:ActiveSupport::HashWithIndifferentAccess\nanschaffungskategorie: AV-Technik\nreference: invoice\numzug: zgeln\nankunftszustand: intakt\n','2013-01-24 08:52:49','2013-01-24 08:52:49'),(283,'3uw2nrrcs5fptavhayv4230','ba:b0:de:3a:8b:1a-af:ac:d9:52:97:a5-a4:8c:56:c1:a7:b0',286,174,267,2,NULL,NULL,'2010-07-21','2013-01-24',NULL,NULL,'599.00',0,0,1,0,1,1,NULL,NULL,NULL,NULL,NULL,'--- !ruby/hash:ActiveSupport::HashWithIndifferentAccess\nanschaffungskategorie: AV-Technik\nreference: invoice\numzug: zgeln\nankunftszustand: intakt\n','2013-01-24 08:52:49','2013-01-24 08:52:49'),(284,'3h7rgpxa1chmtzl3jzw9231','e0:41:22:cb:aa:bd-30:f4:a4:6b:58:a5-77:43:5c:57:52:d0',287,175,268,2,NULL,NULL,'2009-02-01','2013-01-24',NULL,NULL,'180.00',0,0,1,0,1,1,NULL,NULL,NULL,NULL,NULL,'--- !ruby/hash:ActiveSupport::HashWithIndifferentAccess\nanschaffungskategorie: AV-Technik\nreference: invoice\numzug: zgeln\nankunftszustand: intakt\n','2013-01-24 08:52:49','2013-01-24 08:52:49'),(285,'1myw3otfwgqoisd76uhy232','30:b0:ea:4e:98:da-b8:5f:3f:dc:43:e1-d2:cd:2b:fd:5e:a6',288,176,269,11,NULL,NULL,'2012-06-24','2013-01-24',NULL,NULL,'910.00',0,0,1,0,1,1,NULL,NULL,NULL,NULL,NULL,'--- !ruby/hash:ActiveSupport::HashWithIndifferentAccess\nanschaffungskategorie: AV-Technik\nreference: invoice\numzug: zgeln\nankunftszustand: intakt\n','2013-01-24 08:52:49','2013-01-24 08:52:49'),(286,'ouhjirt0z52otgw23ldk233','a1:cb:f1:f0:b3:6c-d8:4a:ac:1d:b6:96-81:b1:1a:8e:2f:19',289,177,270,10,NULL,NULL,'2011-05-30','2013-01-24',NULL,NULL,'479.00',0,0,1,0,1,1,NULL,NULL,NULL,NULL,NULL,'--- !ruby/hash:ActiveSupport::HashWithIndifferentAccess\nanschaffungskategorie: AV-Technik\nreference: invoice\numzug: zgeln\nankunftszustand: intakt\n','2013-01-24 08:52:49','2013-01-24 08:52:49'),(287,'h2dwi23xdnv56hyw6hjb234','8d:4e:37:b2:32:61-40:f5:b1:3c:df:61-a0:fb:82:72:56:5e',290,178,271,6,NULL,NULL,'2012-08-02','2013-01-24',NULL,NULL,'1142.00',0,0,1,0,1,1,NULL,NULL,NULL,NULL,NULL,'--- !ruby/hash:ActiveSupport::HashWithIndifferentAccess\nanschaffungskategorie: AV-Technik\nreference: invoice\numzug: zgeln\nankunftszustand: intakt\n','2013-01-24 08:52:49','2013-01-24 08:52:49'),(288,'osa9ie7hefix9du8u69d235','04:1d:1e:11:82:51-f5:09:fc:64:44:b5-82:d9:fd:7c:b8:cb',291,179,272,6,NULL,NULL,'2008-05-05','2013-01-24',NULL,NULL,'503.00',0,0,1,0,1,1,NULL,NULL,NULL,NULL,NULL,'--- !ruby/hash:ActiveSupport::HashWithIndifferentAccess\nanschaffungskategorie: AV-Technik\nreference: invoice\numzug: zgeln\nankunftszustand: intakt\n','2013-01-24 08:52:49','2013-01-24 08:52:49'),(289,'qi6rh64nkof6csukwc8o236','0c:97:f4:d8:39:5b-fe:7c:16:aa:01:eb-50:54:8c:3d:42:a8',292,180,273,11,NULL,NULL,'2012-07-10','2013-01-24',NULL,NULL,'840.00',0,0,1,0,1,1,NULL,NULL,NULL,NULL,NULL,'--- !ruby/hash:ActiveSupport::HashWithIndifferentAccess\nanschaffungskategorie: AV-Technik\nreference: invoice\numzug: zgeln\nankunftszustand: intakt\n','2013-01-24 08:52:49','2013-01-24 08:52:49'),(290,'053uw5iamd1rgyd015qz237','80:f0:f3:2a:05:46-37:ea:bc:f6:8f:26-7b:c0:ac:a9:65:f1',293,181,274,7,NULL,NULL,'2011-07-06','2013-01-24',NULL,NULL,'615.00',0,0,1,0,1,1,NULL,NULL,NULL,NULL,NULL,'--- !ruby/hash:ActiveSupport::HashWithIndifferentAccess\nanschaffungskategorie: AV-Technik\nreference: invoice\numzug: zgeln\nankunftszustand: intakt\n','2013-01-24 08:52:49','2013-01-24 08:52:49'),(291,'6xwkwwoxf75nph6ncv58238','3a:8e:7c:ad:a2:89-41:8c:42:7f:c4:45-be:17:df:c4:45:b5',294,182,275,9,NULL,NULL,'2012-04-07','2013-01-24',NULL,NULL,'434.00',0,0,1,0,1,1,NULL,NULL,NULL,NULL,NULL,'--- !ruby/hash:ActiveSupport::HashWithIndifferentAccess\nanschaffungskategorie: AV-Technik\nreference: invoice\numzug: zgeln\nankunftszustand: intakt\n','2013-01-24 08:52:49','2013-01-24 08:52:49'),(292,'tv5stl70jmimcqdl2du5239','9c:d7:38:90:65:e9-e2:32:72:0d:53:90-06:fe:f7:5b:b9:23',295,183,276,7,NULL,NULL,'2010-12-24','2013-01-24',NULL,NULL,'744.00',0,0,1,0,1,1,NULL,NULL,NULL,NULL,NULL,'--- !ruby/hash:ActiveSupport::HashWithIndifferentAccess\nanschaffungskategorie: AV-Technik\nreference: invoice\numzug: zgeln\nankunftszustand: intakt\n','2013-01-24 08:52:49','2013-01-24 08:52:49'),(293,'1m2nkgzmjfaz96ilneew240','ab:3d:57:24:41:19-6a:74:8d:b5:07:06-d9:7c:f6:38:e1:29',296,184,277,6,NULL,NULL,'2010-12-01','2013-01-24',NULL,NULL,'1447.00',0,0,1,0,1,1,NULL,NULL,NULL,NULL,NULL,'--- !ruby/hash:ActiveSupport::HashWithIndifferentAccess\nanschaffungskategorie: AV-Technik\nreference: invoice\numzug: zgeln\nankunftszustand: intakt\n','2013-01-24 08:52:49','2013-01-24 08:52:49'),(294,'xwx6wlshue2ea4x551gg241','20:38:06:94:94:94-0c:10:1c:49:34:6f-16:b3:b1:b2:4c:26',297,185,278,6,NULL,NULL,'2008-05-04','2013-01-24',NULL,NULL,'598.00',0,0,1,0,1,1,NULL,NULL,NULL,NULL,NULL,'--- !ruby/hash:ActiveSupport::HashWithIndifferentAccess\nanschaffungskategorie: AV-Technik\nreference: invoice\numzug: zgeln\nankunftszustand: intakt\n','2013-01-24 08:52:49','2013-01-24 08:52:49'),(295,'7lgfjkh9ngogmnviin5g242','9a:7f:6f:8f:5d:f8-8b:20:7a:ba:25:1b-1f:97:bb:d0:62:48',298,186,279,8,NULL,NULL,'2008-05-08','2013-01-24',NULL,NULL,'1315.00',0,0,1,0,1,1,NULL,NULL,NULL,NULL,NULL,'--- !ruby/hash:ActiveSupport::HashWithIndifferentAccess\nanschaffungskategorie: AV-Technik\nreference: invoice\numzug: zgeln\nankunftszustand: intakt\n','2013-01-24 08:52:49','2013-01-24 08:52:49'),(296,'6gx1t3pb0wxxj2zcz93p243','f6:8a:c7:ce:1f:13-e7:f6:f4:bf:5e:9b-d0:e4:40:a5:f2:79',299,187,280,1,NULL,NULL,'2012-09-30','2013-01-24',NULL,NULL,'972.00',0,0,1,0,1,1,NULL,NULL,NULL,NULL,NULL,'--- !ruby/hash:ActiveSupport::HashWithIndifferentAccess\nanschaffungskategorie: AV-Technik\nreference: invoice\numzug: zgeln\nankunftszustand: intakt\n','2013-01-24 08:52:49','2013-01-24 08:52:49'),(297,'fck6qjp414fcd589uif1244','95:9f:64:0c:92:bd-a2:c7:47:23:ec:8c-77:eb:c1:3e:47:f8',300,188,281,10,NULL,NULL,'2008-11-20','2013-01-24',NULL,NULL,'1248.00',0,0,1,0,1,1,NULL,NULL,NULL,NULL,NULL,'--- !ruby/hash:ActiveSupport::HashWithIndifferentAccess\nanschaffungskategorie: AV-Technik\nreference: invoice\numzug: zgeln\nankunftszustand: intakt\n','2013-01-24 08:52:49','2013-01-24 08:52:49'),(298,'47j731u1kwy22e2cqdj2245','10:8e:38:6c:af:a1-d6:69:f7:79:8d:3f-58:c8:fe:24:2d:a8',301,189,282,12,NULL,NULL,'2008-08-27','2013-01-24',NULL,NULL,'75.00',0,0,1,0,1,1,NULL,NULL,NULL,NULL,NULL,'--- !ruby/hash:ActiveSupport::HashWithIndifferentAccess\nanschaffungskategorie: AV-Technik\nreference: invoice\numzug: zgeln\nankunftszustand: intakt\n','2013-01-24 08:52:49','2013-01-24 08:52:49'),(299,'9ntle3nhkm2td2cmgue6246','9f:d2:85:73:87:78-c8:b0:fd:9c:b9:a8-85:6b:a2:7b:d5:4d',302,190,283,7,NULL,NULL,'2009-02-21','2013-01-24',NULL,NULL,'869.00',0,0,1,0,1,1,NULL,NULL,NULL,NULL,NULL,'--- !ruby/hash:ActiveSupport::HashWithIndifferentAccess\nanschaffungskategorie: AV-Technik\nreference: invoice\numzug: zgeln\nankunftszustand: intakt\n','2013-01-24 08:52:49','2013-01-24 08:52:49'),(300,'r7z2ryni31p3hadwfrod247','af:62:51:43:8e:54-06:c6:40:54:4f:e4-19:24:e3:a0:26:a5',303,191,284,7,NULL,NULL,'2010-01-14','2013-01-24',NULL,NULL,'929.00',0,0,1,0,1,1,NULL,NULL,NULL,NULL,NULL,'--- !ruby/hash:ActiveSupport::HashWithIndifferentAccess\nanschaffungskategorie: AV-Technik\nreference: invoice\numzug: zgeln\nankunftszustand: intakt\n','2013-01-24 08:52:49','2013-01-24 08:52:49'),(301,'hgnt0q1ax3ol6gf4arad248','03:b5:94:53:d7:0a-44:fc:26:90:2f:55-cd:dd:a5:bf:77:a9',304,192,285,10,NULL,NULL,'2010-01-24','2013-01-19',NULL,NULL,'835.00',0,0,1,0,1,1,NULL,NULL,NULL,NULL,NULL,'--- !ruby/hash:ActiveSupport::HashWithIndifferentAccess\nanschaffungskategorie: AV-Technik\nreference: invoice\numzug: zgeln\nankunftszustand: intakt\n','2013-01-19 08:52:49','2013-01-19 08:52:49'),(302,'fr0d48ehlg9rxcttziv4249','6d:3b:be:f0:79:53-a4:f3:24:84:d2:a1-09:c6:87:d9:e5:b5',305,193,286,3,NULL,NULL,'2009-05-02','2013-01-19',NULL,NULL,'215.00',0,0,1,0,1,1,NULL,NULL,NULL,NULL,NULL,'--- !ruby/hash:ActiveSupport::HashWithIndifferentAccess\nanschaffungskategorie: AV-Technik\nreference: invoice\numzug: zgeln\nankunftszustand: intakt\n','2013-01-19 08:52:49','2013-01-19 08:52:49'),(303,'y0d9agohc4ztdviyw70l250','74:0c:c4:77:68:37-c3:3b:d9:0e:9d:98-bf:c2:f1:1b:9c:5f',306,194,287,7,NULL,NULL,'2008-10-18','2013-01-19',NULL,NULL,'959.00',0,0,1,0,1,1,NULL,NULL,NULL,NULL,NULL,'--- !ruby/hash:ActiveSupport::HashWithIndifferentAccess\nanschaffungskategorie: AV-Technik\nreference: invoice\numzug: zgeln\nankunftszustand: intakt\n','2013-01-19 08:52:49','2013-01-19 08:52:49'),(304,'02m5y4c49cgjf5ji5jhc251','95:65:d0:c4:63:6d-56:6d:0f:64:25:6a-fe:f4:f4:8c:32:f2',307,195,288,3,NULL,NULL,'2012-11-06','2013-01-22',NULL,NULL,'967.00',0,0,1,0,1,1,NULL,NULL,NULL,NULL,NULL,'--- !ruby/hash:ActiveSupport::HashWithIndifferentAccess\nanschaffungskategorie: AV-Technik\nreference: invoice\numzug: zgeln\nankunftszustand: intakt\n','2013-01-22 08:52:49','2013-01-22 08:52:49'),(305,'l5mccdigg4g7jzr76ubi252','e1:52:fb:6f:f9:57-64:22:03:df:69:8a-7d:d2:85:77:a0:db',308,196,289,7,NULL,NULL,'2009-02-19','2013-01-22',NULL,NULL,'760.00',0,0,1,0,1,1,NULL,NULL,NULL,NULL,NULL,'--- !ruby/hash:ActiveSupport::HashWithIndifferentAccess\nanschaffungskategorie: AV-Technik\nreference: invoice\numzug: zgeln\nankunftszustand: intakt\n','2013-01-22 08:52:49','2013-01-22 08:52:49'),(306,'jqao2vvkz1srddhnmaa2253','17:55:4a:d0:48:42-02:67:4b:c0:91:d2-4d:c0:88:13:ef:1f',309,197,290,5,NULL,NULL,'2010-10-01','2013-01-22',NULL,NULL,'752.00',0,0,1,0,1,1,NULL,NULL,NULL,NULL,NULL,'--- !ruby/hash:ActiveSupport::HashWithIndifferentAccess\nanschaffungskategorie: AV-Technik\nreference: invoice\numzug: zgeln\nankunftszustand: intakt\n','2013-01-22 08:52:49','2013-01-22 08:52:49'),(307,'w857bemzrig8hlqnflv1254','8a:3d:5b:9a:7a:dc-f8:36:bf:ca:24:63-9f:54:2a:0c:e9:bd',310,198,291,8,NULL,NULL,'2008-12-06','2013-01-22',NULL,NULL,'1482.00',0,0,1,0,1,1,NULL,NULL,NULL,NULL,NULL,'--- !ruby/hash:ActiveSupport::HashWithIndifferentAccess\nanschaffungskategorie: AV-Technik\nreference: invoice\numzug: zgeln\nankunftszustand: intakt\n','2013-01-22 08:52:49','2013-01-22 08:52:49'),(308,'uhung8m85iphbsh1xd3t255','ca:f3:46:7e:8b:c6-da:06:ee:73:b7:7a-d7:65:df:91:93:1a',311,199,292,8,NULL,NULL,'2008-03-04','2013-01-22',NULL,NULL,'959.00',0,0,1,0,1,1,NULL,NULL,NULL,NULL,NULL,'--- !ruby/hash:ActiveSupport::HashWithIndifferentAccess\nanschaffungskategorie: AV-Technik\nreference: invoice\numzug: zgeln\nankunftszustand: intakt\n','2013-01-22 08:52:49','2013-01-22 08:52:49');
/*!40000 ALTER TABLE `items` ENABLE KEYS */;
UNLOCK TABLES;

--
-- Table structure for table `languages`
--

DROP TABLE IF EXISTS `languages`;
/*!40101 SET @saved_cs_client     = @@character_set_client */;
/*!40101 SET character_set_client = utf8 */;
CREATE TABLE `languages` (
  `id` int(11) NOT NULL AUTO_INCREMENT,
  `name` varchar(255) COLLATE utf8_unicode_ci DEFAULT NULL,
  `locale_name` varchar(255) COLLATE utf8_unicode_ci DEFAULT NULL,
  `default` tinyint(1) DEFAULT NULL,
  `active` tinyint(1) DEFAULT NULL,
  PRIMARY KEY (`id`),
  UNIQUE KEY `index_languages_on_name` (`name`),
  KEY `index_languages_on_active_and_default` (`active`,`default`)
) ENGINE=InnoDB AUTO_INCREMENT=5 DEFAULT CHARSET=utf8 COLLATE=utf8_unicode_ci;
/*!40101 SET character_set_client = @saved_cs_client */;

--
-- Dumping data for table `languages`
--

LOCK TABLES `languages` WRITE;
/*!40000 ALTER TABLE `languages` DISABLE KEYS */;
INSERT INTO `languages` VALUES (1,'English (UK)','en-GB',1,1),(2,'English (US)','en-US',0,1),(3,'Deutsch','de-CH',0,1),(4,'Zrittsch','gsw-CH',0,1);
/*!40000 ALTER TABLE `languages` ENABLE KEYS */;
UNLOCK TABLES;

--
-- Table structure for table `locations`
--

DROP TABLE IF EXISTS `locations`;
/*!40101 SET @saved_cs_client     = @@character_set_client */;
/*!40101 SET character_set_client = utf8 */;
CREATE TABLE `locations` (
  `id` int(11) NOT NULL AUTO_INCREMENT,
  `room` varchar(255) COLLATE utf8_unicode_ci DEFAULT NULL,
  `shelf` varchar(255) COLLATE utf8_unicode_ci DEFAULT NULL,
  `building_id` int(11) DEFAULT NULL,
  PRIMARY KEY (`id`),
  KEY `index_locations_on_building_id` (`building_id`),
  CONSTRAINT `locations_building_id_fk` FOREIGN KEY (`building_id`) REFERENCES `buildings` (`id`)
) ENGINE=InnoDB AUTO_INCREMENT=200 DEFAULT CHARSET=utf8 COLLATE=utf8_unicode_ci;
/*!40101 SET character_set_client = @saved_cs_client */;

--
-- Dumping data for table `locations`
--

LOCK TABLES `locations` WRITE;
/*!40000 ALTER TABLE `locations` DISABLE KEYS */;
INSERT INTO `locations` VALUES (1,'SQ2','Desk',1),(2,'UG 13','Ausgabe',1),(3,'Etneque','utmagnam',2),(4,'Exercitationemiusto','quiesse',3),(5,'Laboriosamenim','illoeos',4),(6,'Consecteturest','harumatque',5),(7,'Voluptatumut','adconsequatur',6),(8,'Eumrerum','ametinventore',7),(9,'Evenietpraesentium','molestiasaspernatur',8),(10,'Quisit','quaeest',9),(11,'Quia','remmaxime',10),(12,'Temporibussimilique','autamet',11),(13,'Fugiatautem','enimeum',12),(14,'Consecteturarchitecto','dolorunde',13),(15,'Etporro','uteum',14),(16,'Accusantiumaut','eterror',15),(17,'Doloreet','occaecatidolore',16),(18,'Recusandaevoluptas','sequilaudantium',17),(19,'Ullamfuga','voluptatesdolore',18),(20,'Quieaque','namcommodi',19),(21,'Repellatsint','velnon',20),(22,'Ducimussimilique','rerumut',21),(23,'Esseab','laudantiumconsequatur',22),(24,'Ducimusassumenda','solutatemporibus',23),(25,'Teneturbeatae','maioresdolorum',24),(26,'Nullaquae','necessitatibusiste',25),(27,'Quiatemporibus','doloremmolestias',26),(28,'Nonhic','delectusin',27),(29,'Quiaenim','nesciuntdolor',28),(30,'Quossit','laborumodio',29),(31,'Estconsequatur','cumqueet',30),(32,'Velitamet','quosmaxime',31),(33,'Autmaiores','nostrumsit',32),(34,'Facerereprehenderit','sintconsequatur',33),(35,'Estin','easunt',34),(36,'Nullasimilique','corruptifugiat',35),(37,'Veniamunde','fugitiusto',36),(38,'Mollitiasit','doloribustempore',37),(39,'Etdoloremque','autquasi',38),(40,'Eosaut','vitaeest',39),(41,'Nihila','excepturiullam',40),(42,'Nemoid','suscipitquia',41),(43,'Autemut','sitqui',42),(44,'Suntad','etexercitationem',43),(45,'Distinctioblanditiis','doloresquibusdam',44),(46,'Eanemo','enimquaerat',45),(47,'Distinctioillo','utexcepturi',46),(48,'Cumid','sitconsequatur',47),(49,'Nonmodi','temporeaut',48),(50,'Eumquisquam','veniamdoloribus',49),(51,'Consequaturipsa','quossit',50),(52,'Teneturqui','aliassint',51),(53,'Beataeut','culpaminus',52),(54,'Oditvoluptate','ipsamest',53),(55,'Fugitsit','quiaoptio',54),(56,'Etodit','modivelit',55),(57,'Enimaut','consequaturrepellat',56),(58,'Iureut','namqui',57),(59,'Utiste','doloresillum',58),(60,'Estin','autut',59),(61,'Quiaspernatur','nihilfacere',60),(62,'Autmolestiae','quisiure',61),(63,'Quiseligendi','utquia',62),(64,'Laborummollitia','beataesaepe',63),(65,'Undedolores','laudantiumrerum',64),(66,'Estvel','aliassint',65),(67,'Nemodoloremque','quiaeligendi',66),(68,'Eosexercitationem','consequatureveniet',67),(69,'Harumhic','nesciuntmolestiae',68),(70,'Voluptateaut','harumvitae',69),(71,'Quiamaiores','ipsumexcepturi',70),(72,'Veliteveniet','nisivoluptas',71),(73,'Erroromnis','mollitiadolorem',72),(74,'Culpacorporis','quiquia',73),(75,'Delectusvelit','estet',74),(76,'Asperioresarchitecto','suscipitincidunt',75),(77,'Ducimusasperiores','quiat',76),(78,'Dictaet','utmagni',77),(79,'Ullamin','autenim',78),(80,'Voluptateneque','temporibusquod',79),(81,'Mollitiadolorem','cupiditatenon',80),(82,'Aperiamerror','consecteturveniam',81),(83,'Natusesse','omniset',82),(84,'Eosnisi','consequunturlibero',83),(85,'Sedipsum','consequunturqui',84),(86,'Doloremqueoptio','suscipitpossimus',85),(87,'Doloremimpedit','sedut',86),(88,'Utquia','perspiciatisoccaecati',87),(89,'Repudiandaesunt','utut',88),(90,'Ullamet','utaut',89),(91,'Magniconsequuntur','recusandaeiure',90),(92,'Temporainventore','solutabeatae',91),(93,'Minusin','blanditiisnumquam',92),(94,'Enimexpedita','veritatisculpa',93),(95,'Nisinemo','eaquia',94),(96,'Cumexplicabo','suntdelectus',95),(97,'Blanditiisdolorum','exercitationemqui',96),(98,'Aalias','liberoillum',97),(99,'Minusenim','nonomnis',98),(100,'Velvitae','inunde',99),(101,'Debitisneque','accusamusvoluptatibus',100),(102,'Etqui','commodihic',101),(103,'Saepereiciendis','etet',102),(104,'Quiaeligendi','estquam',103),(105,'Velitquo','ipsumanimi',104),(106,'Etadipisci','saepequis',105),(107,'Laboriosamdolorum','natuscommodi',106),(108,'Providentaliquid','expeditaquasi',107),(109,'Estasperiores','corruptiquia',108),(110,'Magniillo','eiusbeatae',109),(111,'Sapienteperspiciatis','sitperferendis',110),(112,'Temporenisi','essesimilique',111),(113,'Explicaboullam','iurevelit',112),(114,'Istequia','nonconsequatur',113),(115,'Officiisitaque','eaqueconsequuntur',114),(116,'Quissit','nemoet',115),(117,'Corruptivoluptatem','itaquevoluptas',116),(118,'Consequatureaque','doloresnon',117),(119,'Velmagni','perspiciatisitaque',118),(120,'Etdolorem','aperiamnulla',119),(121,'Voluptasquia','aspernaturomnis',120),(122,'Recusandaecorporis','easequi',121),(123,'Sintsed','asperioresquod',122),(124,'Maximeesse','quodet',123),(125,'Quamvel','voluptasnemo',124),(126,'Officiiscum','commodiconsequuntur',125),(127,'Velitest','velita',126),(128,'Maioresautem','sitlibero',127),(129,'Facerequis','quibusdamet',128),(130,'Pariaturet','atquehic',129),(131,'Consequunturdicta','rationenihil',130),(132,'Isteoccaecati','earumanimi',131),(133,'Modiipsam','impeditdolor',132),(134,'Inquia','earumvoluptatem',133),(135,'Providentconsequuntur','quaeiure',134),(136,'Temporeest','repudiandaeea',135),(137,'Quiiusto','quinam',136),(138,'Aperiamreprehenderit','eaiure',137),(139,'Minusmaxime','autvoluptatibus',138),(140,'Debitislaudantium','doloremquelabore',139),(141,'Quasdolores','velitin',140),(142,'Commodivoluptatibus','consequunturperspiciatis',141),(143,'Laborenihil','suntnon',142),(144,'Etitaque','adut',143),(145,'Nihilmolestiae','cumqueenim',144),(146,'Rationeipsa','fugitsunt',145),(147,'Quiaconsequuntur','veniamconsequatur',146),(148,'Rerumfacere','nisiquas',147),(149,'Voluptasnihil','sapienteeveniet',148),(150,'Dictaaut','nobisnon',149),(151,'Omnisnihil','corrupticum',150),(152,'Laboremaiores','ullamprovident',151),(153,'Verout','quialiquid',152),(154,'Nihildolor','maximeaperiam',153),(155,'Earumodit','estnihil',154),(156,'Reiciendisvoluptatem','possimusnecessitatibus',155),(157,'Sequiiste','doloremcupiditate',156),(158,'Utautem','quibusdamporro',157),(159,'Voluptatumdolores','undedoloribus',158),(160,'Utqui','velquod',159),(161,'Occaecatiitaque','etqui',160),(162,'Voluptassaepe','quiased',161),(163,'Velitrepellendus','eiusnon',162),(164,'Etculpa','accusantiummagnam',163),(165,'Nequeerror','expeditaminima',164),(166,'Voluptatibusex','nullaadipisci',165),(167,'Ullamet','ullamplaceat',166),(168,'Faciliscorporis','velittenetur',167),(169,'Voluptatemplaceat','auttempora',168),(170,'Adet','eanemo',169),(171,'Etincidunt','dolorumodit',170),(172,'Eoseos','etsed',171),(173,'Perferendisreprehenderit','eaaliquam',172),(174,'Pariaturconsectetur','quisvoluptas',173),(175,'Rerumqui','laborequis',174),(176,'Reiciendisomnis','quamsimilique',175),(177,'Temporelaboriosam','quaedolores',176),(178,'Doloresvero','dolorempossimus',177),(179,'Ipsamaperiam','illosint',178),(180,'Consequunturaperiam','temporibussapiente',179),(181,'Etaut','oditfuga',180),(182,'Quamab','delectusfacilis',181),(183,'Abmollitia','enimomnis',182),(184,'Eumeos','consequatursaepe',183),(185,'Temporelibero','quiaminima',184),(186,'Exercitationemsunt','asperioresdolorem',185),(187,'Temporeaut','necessitatibusvoluptatibus',186),(188,'Laboretotam','autlibero',187),(189,'Quiamaiores','nesciuntesse',188),(190,'Adipsam','nullaa',189),(191,'Quisab','similiqueipsam',190),(192,'Etfugiat','estrepudiandae',191),(193,'Ducimusrepellendus','quisconsectetur',192),(194,'Veroquis','doloribusincidunt',193),(195,'Nameos','maximeet',194),(196,'Voluptatemdignissimos','uttemporibus',195),(197,'Architectoaut','sintunde',196),(198,'Minuscorrupti','etid',197),(199,'Eaqueaut','molestiasenim',198);
/*!40000 ALTER TABLE `locations` ENABLE KEYS */;
UNLOCK TABLES;

--
-- Table structure for table `model_group_links`
--

DROP TABLE IF EXISTS `model_group_links`;
/*!40101 SET @saved_cs_client     = @@character_set_client */;
/*!40101 SET character_set_client = utf8 */;
CREATE TABLE `model_group_links` (
  `id` int(11) NOT NULL AUTO_INCREMENT,
  `ancestor_id` int(11) DEFAULT NULL,
  `descendant_id` int(11) DEFAULT NULL,
  `direct` tinyint(1) DEFAULT NULL,
  `count` int(11) DEFAULT NULL,
  `label` varchar(255) COLLATE utf8_unicode_ci DEFAULT NULL,
  PRIMARY KEY (`id`),
  KEY `index_model_group_links_on_ancestor_id` (`ancestor_id`),
  KEY `index_model_group_links_on_direct` (`direct`),
  KEY `index_on_descendant_id_and_ancestor_id_and_direct` (`descendant_id`,`ancestor_id`,`direct`),
  CONSTRAINT `model_group_links_descendant_id_fk` FOREIGN KEY (`descendant_id`) REFERENCES `model_groups` (`id`) ON DELETE CASCADE,
  CONSTRAINT `model_group_links_ancestor_id_fk` FOREIGN KEY (`ancestor_id`) REFERENCES `model_groups` (`id`) ON DELETE CASCADE
) ENGINE=InnoDB AUTO_INCREMENT=9 DEFAULT CHARSET=utf8 COLLATE=utf8_unicode_ci;
/*!40101 SET character_set_client = @saved_cs_client */;

--
-- Dumping data for table `model_group_links`
--

LOCK TABLES `model_group_links` WRITE;
/*!40000 ALTER TABLE `model_group_links` DISABLE KEYS */;
INSERT INTO `model_group_links` VALUES (1,2,8,1,1,NULL),(2,5,9,1,1,NULL),(3,1,9,1,1,NULL),(4,2,10,1,1,NULL),(5,5,10,1,1,NULL),(6,1,11,0,1,NULL),(7,5,11,0,1,NULL),(8,9,11,1,1,NULL);
/*!40000 ALTER TABLE `model_group_links` ENABLE KEYS */;
UNLOCK TABLES;

--
-- Table structure for table `model_groups`
--

DROP TABLE IF EXISTS `model_groups`;
/*!40101 SET @saved_cs_client     = @@character_set_client */;
/*!40101 SET character_set_client = utf8 */;
CREATE TABLE `model_groups` (
  `id` int(11) NOT NULL AUTO_INCREMENT,
  `type` varchar(255) COLLATE utf8_unicode_ci DEFAULT NULL,
  `name` varchar(255) COLLATE utf8_unicode_ci DEFAULT NULL,
  `created_at` datetime DEFAULT NULL,
  `updated_at` datetime DEFAULT NULL,
  PRIMARY KEY (`id`),
  KEY `index_model_groups_on_type` (`type`)
) ENGINE=InnoDB AUTO_INCREMENT=15 DEFAULT CHARSET=utf8 COLLATE=utf8_unicode_ci;
/*!40101 SET character_set_client = @saved_cs_client */;

--
-- Dumping data for table `model_groups`
--

LOCK TABLES `model_groups` WRITE;
/*!40000 ALTER TABLE `model_groups` DISABLE KEYS */;
INSERT INTO `model_groups` VALUES (1,'Category','Beamer','2013-01-24 08:52:49','2013-01-24 08:52:49'),(2,'Category','Kameras','2013-01-24 08:52:49','2013-01-24 08:52:49'),(3,'Category','Stative','2013-01-24 08:52:49','2013-01-24 08:52:49'),(4,'Category','Hifi-Anlagen','2013-01-24 08:52:49','2013-01-24 08:52:49'),(5,'Category','Notebooks','2013-01-24 08:52:49','2013-01-24 08:52:49'),(6,'Category','RC Helikopter','2013-01-24 08:52:49','2013-01-24 08:52:49'),(7,'Category','Computer','2013-01-24 08:52:49','2013-01-24 08:52:49'),(8,'Category','Kurzdistanz','2013-01-24 08:52:49','2013-01-24 08:52:49'),(9,'Category','Portabel','2013-01-24 08:52:49','2013-01-24 08:52:49'),(10,'Category','Standard','2013-01-24 08:52:49','2013-01-24 08:52:49'),(11,'Category','Micro','2013-01-24 08:52:49','2013-01-24 08:52:49'),(12,'Template','Kamera & Stativ','2013-01-24 08:52:49','2013-01-24 08:52:49'),(13,'Template','Beamer & Hifi','2013-01-24 08:52:49','2013-01-24 08:52:49'),(14,'Template','Unaccomplishable template','2013-01-24 08:52:49','2013-01-24 08:52:49');
/*!40000 ALTER TABLE `model_groups` ENABLE KEYS */;
UNLOCK TABLES;

--
-- Table structure for table `model_links`
--

DROP TABLE IF EXISTS `model_links`;
/*!40101 SET @saved_cs_client     = @@character_set_client */;
/*!40101 SET character_set_client = utf8 */;
CREATE TABLE `model_links` (
  `id` int(11) NOT NULL AUTO_INCREMENT,
  `model_group_id` int(11) DEFAULT NULL,
  `model_id` int(11) DEFAULT NULL,
  `quantity` int(11) DEFAULT '1',
  PRIMARY KEY (`id`),
  KEY `index_model_links_on_model_id_and_model_group_id` (`model_id`,`model_group_id`),
  KEY `index_model_links_on_model_group_id_and_model_id` (`model_group_id`,`model_id`),
  CONSTRAINT `model_links_model_id_fk` FOREIGN KEY (`model_id`) REFERENCES `models` (`id`) ON DELETE CASCADE,
  CONSTRAINT `model_links_model_group_id_fk` FOREIGN KEY (`model_group_id`) REFERENCES `model_groups` (`id`) ON DELETE CASCADE
) ENGINE=InnoDB AUTO_INCREMENT=74 DEFAULT CHARSET=utf8 COLLATE=utf8_unicode_ci;
/*!40101 SET character_set_client = @saved_cs_client */;

--
-- Dumping data for table `model_links`
--

LOCK TABLES `model_links` WRITE;
/*!40000 ALTER TABLE `model_links` DISABLE KEYS */;
INSERT INTO `model_links` VALUES (1,1,24,1),(2,1,25,1),(3,1,26,1),(4,1,27,1),(5,1,28,1),(6,1,29,1),(7,1,30,1),(8,1,31,1),(9,1,32,1),(10,1,33,1),(11,1,34,1),(12,1,35,1),(13,1,36,1),(14,1,37,1),(15,1,38,1),(16,1,39,1),(17,1,40,1),(18,1,41,1),(19,1,42,1),(20,1,43,1),(21,2,44,1),(22,2,45,1),(23,2,46,1),(24,2,47,1),(25,2,48,1),(26,2,49,1),(27,2,50,1),(28,2,51,1),(29,2,52,1),(30,2,53,1),(31,2,54,1),(32,2,55,1),(33,2,56,1),(34,2,57,1),(35,2,58,1),(36,2,59,1),(37,2,60,1),(38,2,61,1),(39,2,62,1),(40,2,63,1),(41,2,64,1),(42,2,65,1),(43,2,66,1),(44,2,67,1),(45,2,68,1),(46,2,69,1),(47,2,70,1),(48,2,71,1),(49,2,72,1),(50,2,73,1),(51,5,1,1),(52,1,2,1),(53,9,2,1),(54,1,3,1),(55,1,4,1),(56,1,6,1),(57,9,6,1),(58,11,7,1),(59,2,8,1),(60,3,9,1),(61,4,10,1),(62,2,13,1),(63,5,14,1),(64,6,15,1),(65,6,16,1),(66,6,17,1),(67,7,18,1),(68,12,8,1),(69,12,9,1),(70,13,2,1),(71,13,10,1),(72,14,8,1),(73,14,9,1);
/*!40000 ALTER TABLE `model_links` ENABLE KEYS */;
UNLOCK TABLES;

--
-- Table structure for table `models`
--

DROP TABLE IF EXISTS `models`;
/*!40101 SET @saved_cs_client     = @@character_set_client */;
/*!40101 SET character_set_client = utf8 */;
CREATE TABLE `models` (
  `id` int(11) NOT NULL AUTO_INCREMENT,
  `type` varchar(255) COLLATE utf8_unicode_ci NOT NULL DEFAULT 'Model',
  `manufacturer` varchar(255) COLLATE utf8_unicode_ci DEFAULT NULL,
  `product` varchar(255) COLLATE utf8_unicode_ci NOT NULL,
  `version` varchar(255) COLLATE utf8_unicode_ci DEFAULT NULL,
  `description` text COLLATE utf8_unicode_ci,
  `internal_description` text COLLATE utf8_unicode_ci,
  `info_url` varchar(255) COLLATE utf8_unicode_ci DEFAULT NULL,
  `rental_price` decimal(8,2) DEFAULT NULL,
  `maintenance_period` int(11) DEFAULT '0',
  `is_package` tinyint(1) DEFAULT '0',
  `technical_detail` text COLLATE utf8_unicode_ci,
  `hand_over_note` text COLLATE utf8_unicode_ci,
  `created_at` datetime DEFAULT NULL,
  `updated_at` datetime DEFAULT NULL,
  PRIMARY KEY (`id`),
  KEY `index_models_on_is_package` (`is_package`),
  KEY `index_models_on_type` (`type`)
) ENGINE=InnoDB AUTO_INCREMENT=312 DEFAULT CHARSET=utf8 COLLATE=utf8_unicode_ci;
/*!40101 SET character_set_client = @saved_cs_client */;

--
-- Dumping data for table `models`
--

LOCK TABLES `models` WRITE;
/*!40000 ALTER TABLE `models` DISABLE KEYS */;
INSERT INTO `models` VALUES (1,'Model','Apple','MacBookPro',NULL,'Laptop fr Studis und Angestellte.','Quae deleniti dolores enim maxime aut pariatur.',NULL,NULL,0,0,'Voluptatem eligendi ducimus nemo quibusdam ullam eaque aut porro.','Mit Verpackung aushndigen.','2013-01-24 08:52:49','2013-01-24 08:52:49'),(2,'Model','Sharp','Sharp Beamer','123','Beamer, geeignet fr alle Verwendungszwecke.','Beatae et voluptas magni ut.',NULL,NULL,0,0,'Ullam quia enim et pariatur voluptate nihil tempora.','Beamer braucht ein VGA Kabel!','2013-01-24 08:52:49','2013-01-24 08:52:49'),(3,'Model','Sharp','Sharp Beamer 2D',NULL,'Beamer, geeignet fr alle Verwendungszwecke.','Illo ab voluptatem nesciunt.',NULL,NULL,0,0,'Pariatur in sed vel est ut ea.','Officiis assumenda deleniti corrupti omnis.','2013-01-24 08:52:49','2013-01-24 08:52:49'),(4,'Model','Panasonic','Mini Beamer',NULL,'Beamer, geeignet fr alle Verwendungszwecke.','Suscipit qui enim occaecati excepturi.',NULL,NULL,0,0,'Cupiditate placeat sunt molestias laborum quis error reiciendis.','Numquam blanditiis accusantium provident incidunt temporibus libero ullam.','2013-01-24 08:52:49','2013-01-24 08:52:49'),(5,'Model','Panasonic','Sharp Beamer','456','Beamer, geeignet fr alle Verwendungszwecke.','Totam soluta assumenda nam voluptas architecto rerum unde sit.',NULL,NULL,0,0,'Voluptate repudiandae eveniet qui voluptas voluptatem.','Beamer braucht ein VGA Kabel!','2013-01-24 08:52:49','2013-01-24 08:52:49'),(6,'Model','Sony','Ultra Compact Beamer',NULL,'Besonders kleiner Beamer.','Nisi sed doloribus commodi qui in soluta.',NULL,NULL,0,0,'Expedita sequi cum sapiente pariatur praesentium sed id aut.','Beamer braucht ein VGA Kabel!','2013-01-24 08:52:49','2013-01-24 08:52:49'),(7,'Model','Micro','Micro Beamer',NULL,'Besonders mikro kleiner Beamer.','Fuga velit molestiae mollitia ea dignissimos omnis error tenetur.',NULL,NULL,0,0,'Libero dolorem commodi voluptatem maxime.','Beamer braucht ein VGA Kabel!','2013-01-24 08:52:49','2013-01-24 08:52:49'),(8,'Model','Nikon','Kamera Nikon','X12','Super Kamera.','Numquam doloribus quae et reprehenderit hic.',NULL,NULL,0,0,'Aliquid id qui vel ex nihil laudantium odio.','Kamera braucht Akkus!','2013-01-24 08:52:49','2013-01-24 08:52:49'),(9,'Model','Feli','Kamera Stativ','123','Stabiles Kamera Stativ','Ut blanditiis beatae eveniet consequatur eos atque suscipit.',NULL,NULL,0,0,'Voluptatum quo omnis eaque totam aliquam voluptatibus quaerat.','Stativ muss mit Stativtasche ausgehndigt werden.','2013-01-24 08:52:49','2013-01-24 08:52:49'),(10,'Model','Sony','Hifi Standard',NULL,'Libero consequatur velit ut voluptates aliquam nobis eaque.','Consequatur adipisci doloremque perferendis repellat.',NULL,NULL,1,0,'Voluptatibus qui sunt fuga eum quasi accusantium.','Commodi dolorum debitis enim nostrum.','2013-01-24 08:52:49','2013-01-24 08:52:49'),(11,'Model','Bose','Bose AE2W',NULL,'Consequatur velit quas ducimus quae nobis eligendi. Quaerat id deserunt excepturi et vel ipsum laborum. Atque iste eos officiis debitis. Minus voluptatem consequatur itaque et rerum debitis enim.','Amet id qui libero omnis suscipit.',NULL,NULL,2,0,'Porro id explicabo consequatur error id.','Velit et maxime voluptas inventore voluptatem.','2013-01-24 08:52:49','2013-01-24 08:52:49'),(12,'Model','Bose','Bose XG4',NULL,'Incidunt odio voluptatem. Enim culpa consequuntur. Tempore consequatur quia est voluptatem quod.','Aut architecto consequuntur autem nesciunt impedit possimus.',NULL,NULL,3,0,'Ea cum alias impedit.','Quia et placeat natus repellendus.','2013-01-24 08:52:49','2013-01-24 08:52:49'),(13,'Model','Canon','Kamera Canon D5',NULL,'Ganz teure Kamera','Omnis omnis consequatur voluptatem aut.',NULL,NULL,0,0,'Minus pariatur et reiciendis maiores aut amet voluptatem.','Kamera braucht Akkus!','2013-01-24 08:52:49','2013-01-24 08:52:49'),(14,'Model','Microsoft','Windows Laptop',NULL,'Ein Laptop der Marke Microsoft','Sit eos id ut voluptatum ipsam occaecati ea.',NULL,NULL,0,0,'Omnis velit quam nulla impedit magnam praesentium enim.','Laptop mit Tasche ausgeben','2013-01-24 08:52:49','2013-01-24 08:52:49'),(15,'Model','Walkera','Walkera v120','1G','3D Helikopter','Et nam dicta doloremque.',NULL,NULL,0,0,'Ipsam facere doloremque porro.','Accusamus nihil maxime vitae eligendi et cupiditate quae quibusdam.','2013-01-24 08:52:49','2013-01-24 08:52:49'),(16,'Model','Walkera','Walkera v120','2G','3D Helikopter','Est ea rerum molestias et.',NULL,NULL,0,0,'Necessitatibus blanditiis eius placeat eos cum.','Omnis odio corporis eum quia tenetur quo.','2013-01-24 08:52:49','2013-01-24 08:52:49'),(17,'Model','Walkera','Walkera v120','3G','3D Helikopter','Autem temporibus quas labore velit totam consequatur omnis.',NULL,NULL,0,0,'Officiis asperiores magni facere velit.','Molestias voluptatem repudiandae possimus ea aspernatur est.','2013-01-24 08:52:49','2013-01-24 08:52:49'),(18,'Model','Apple','iMac',NULL,'Apples alter iMac','Nihil quae tempore natus harum occaecati quia explicabo.',NULL,NULL,0,0,'Voluptate aut quia et est voluptas.','Reprehenderit odio vitae id voluptas sit.','2013-01-24 08:52:49','2013-01-24 08:52:49'),(19,'Model','Apple','MacBook Air',NULL,'Repellendus adipisci magnam totam architecto.','Est ut totam minima.',NULL,NULL,0,0,'Eligendi aperiam ipsa non odit nihil ad nulla.','Est voluptatem quae molestiae.','2013-01-24 08:52:49','2013-01-24 08:52:49'),(20,'Model','Lenovo','Thinkpad','X230','Aut eaque sed sit autem consequatur iusto pariatur ex.','Aut sit non et voluptas occaecati laborum deleniti odio.',NULL,NULL,0,0,'Rerum ducimus qui rerum.','Ea omnis qui provident voluptas.','2013-01-24 08:52:49','2013-01-24 08:52:49'),(21,'Model','Lenovo','Thinkpad','X301','Voluptatibus vel voluptatem quaerat.','Alias ut quia debitis voluptatibus.',NULL,NULL,0,0,'Ipsam eos adipisci veritatis necessitatibus nam sed.','Perferendis dolorem explicabo sit.','2013-01-24 08:52:49','2013-01-24 08:52:49'),(22,'Model','Lenovo','Thinkpad','Carbon','Laudantium quaerat ducimus ad veniam asperiores eveniet placeat.','Voluptate impedit enim amet omnis error eveniet qui.',NULL,NULL,0,0,'Sit earum consequatur ipsa sed aspernatur temporibus.','In at provident voluptate culpa voluptatem.','2013-01-24 08:52:49','2013-01-24 08:52:49'),(23,'Model','Dell','Inspiron','7000','Repellendus blanditiis et quo tempora molestiae quisquam.','Ut enim quia laudantium facere laborum aperiam eaque.',NULL,NULL,0,0,'Occaecati provident consequatur doloremque et.','Quam quaerat quis repudiandae voluptatem.','2013-01-24 08:52:49','2013-01-24 08:52:49'),(24,'Model','Sony','Beamer 1 est','1','Ut recusandae assumenda quis nisi aliquam.','Provident necessitatibus adipisci officiis aspernatur.',NULL,NULL,0,0,'Nobis pariatur sed impedit aut tempora vel.','Beamer braucht ein VGA Kabel!','2013-01-24 08:52:49','2013-01-24 08:52:49'),(25,'Model','Sony','Beamer 2 et','2','Similique dolor vel dolores itaque repudiandae blanditiis ea.','Qui exercitationem totam non voluptatem molestias repellat.',NULL,NULL,0,0,'Voluptatum culpa beatae similique illum dolor dolores.','Beamer braucht ein VGA Kabel!','2013-01-24 08:52:49','2013-01-24 08:52:49'),(26,'Model','Sony','Beamer 3 omnis','3','Qui amet vero vel aliquam voluptas numquam id corrupti.','Quidem hic totam id sunt aliquam rerum fugiat.',NULL,NULL,0,0,'Non quae aliquid ut ducimus debitis et maxime.','Beamer braucht ein VGA Kabel!','2013-01-24 08:52:49','2013-01-24 08:52:49'),(27,'Model','Sony','Beamer 4 facilis','4','Praesentium dolor aut eos rerum quod et.','Rem ut sequi sint et.',NULL,NULL,0,0,'Corrupti non enim et ex libero et.','Beamer braucht ein VGA Kabel!','2013-01-24 08:52:49','2013-01-24 08:52:49'),(28,'Model','Sony','Beamer 5 et','5','Dolores voluptatem vitae consequatur vel reprehenderit eos sunt alias.','Quam beatae quas odit dolorem sunt aspernatur non excepturi.',NULL,NULL,0,0,'Magnam vero molestiae illum enim officia natus.','Beamer braucht ein VGA Kabel!','2013-01-24 08:52:49','2013-01-24 08:52:49'),(29,'Model','Sony','Beamer 6 qui','6','Nihil hic aut doloribus mollitia quam totam.','Rem eligendi et et nemo eum non quae.',NULL,NULL,0,0,'Ut quam deserunt quisquam velit.','Beamer braucht ein VGA Kabel!','2013-01-24 08:52:49','2013-01-24 08:52:49'),(30,'Model','Sony','Beamer 7 libero','7','Ut voluptas quisquam exercitationem velit aperiam sint.','Excepturi consequatur et facere laudantium et earum ipsam sit.',NULL,NULL,0,0,'Est et alias provident eaque.','Beamer braucht ein VGA Kabel!','2013-01-24 08:52:49','2013-01-24 08:52:49'),(31,'Model','Sony','Beamer 8 provident','8','Officia veritatis dolores ratione aut voluptatem voluptatem aut.','Accusantium sequi quos modi assumenda ratione sint atque.',NULL,NULL,0,0,'Sunt sit vel voluptas quae laborum unde enim amet.','Beamer braucht ein VGA Kabel!','2013-01-24 08:52:49','2013-01-24 08:52:49'),(32,'Model','Sony','Beamer 9 fugiat','9','Est et minima accusamus nostrum cumque.','Enim quis porro exercitationem quae placeat veniam eius cum.',NULL,NULL,0,0,'Labore et magni ducimus quis natus.','Beamer braucht ein VGA Kabel!','2013-01-24 08:52:49','2013-01-24 08:52:49'),(33,'Model','Sony','Beamer 10 non','10','Perspiciatis qui consequatur corporis ratione debitis occaecati.','Vitae dolore beatae aperiam perspiciatis quia sint incidunt.',NULL,NULL,0,0,'Similique quo eius itaque recusandae.','Beamer braucht ein VGA Kabel!','2013-01-24 08:52:49','2013-01-24 08:52:49'),(34,'Model','Sony','Beamer 11 tempore','11','Sit nisi vel ullam.','Maxime officia nostrum natus placeat accusamus esse dolore sit.',NULL,NULL,0,0,'Aliquam et quasi adipisci.','Beamer braucht ein VGA Kabel!','2013-01-24 08:52:49','2013-01-24 08:52:49'),(35,'Model','Sony','Beamer 12 quam','12','Qui minus praesentium aut magnam.','Exercitationem quidem at culpa quia rem mollitia ab.',NULL,NULL,0,0,'Saepe placeat mollitia veniam numquam est sit.','Beamer braucht ein VGA Kabel!','2013-01-24 08:52:49','2013-01-24 08:52:49'),(36,'Model','Sony','Beamer 13 et','13','Doloribus est quis minima ipsam.','Quae adipisci ullam aut repudiandae.',NULL,NULL,0,0,'Nesciunt aut totam corrupti cupiditate quia rem autem eos.','Beamer braucht ein VGA Kabel!','2013-01-24 08:52:49','2013-01-24 08:52:49'),(37,'Model','Sony','Beamer 14 quia','14','Velit id libero iste autem atque.','Autem sint voluptatem qui.',NULL,NULL,0,0,'Aut corrupti sequi nihil delectus.','Beamer braucht ein VGA Kabel!','2013-01-24 08:52:49','2013-01-24 08:52:49'),(38,'Model','Sony','Beamer 15 eum','15','Facere dolorum optio numquam et consequatur.','Pariatur nulla quia ut.',NULL,NULL,0,0,'Omnis vel perferendis id quas qui libero ut eos.','Beamer braucht ein VGA Kabel!','2013-01-24 08:52:49','2013-01-24 08:52:49'),(39,'Model','Sony','Beamer 16 ad','16','Non deleniti et consequatur.','Earum nostrum dolorum incidunt molestias laudantium enim repudiandae adipisci.',NULL,NULL,0,0,'Illo iste qui quaerat ducimus voluptas.','Beamer braucht ein VGA Kabel!','2013-01-24 08:52:49','2013-01-24 08:52:49'),(40,'Model','Sony','Beamer 17 cum','17','Et tempora praesentium eligendi et.','Illum voluptatem veniam quas repellendus dolores accusantium consequatur sequi.',NULL,NULL,0,0,'Distinctio soluta enim quia maxime suscipit.','Beamer braucht ein VGA Kabel!','2013-01-24 08:52:49','2013-01-24 08:52:49'),(41,'Model','Sony','Beamer 18 quis','18','Ipsa id est excepturi voluptas.','Maxime accusantium dicta atque tenetur corporis est.',NULL,NULL,0,0,'Ipsa dolorem quas ducimus delectus blanditiis.','Beamer braucht ein VGA Kabel!','2013-01-24 08:52:49','2013-01-24 08:52:49'),(42,'Model','Sony','Beamer 19 nihil','19','Laborum odio dignissimos voluptas voluptas sapiente voluptatem officia nostrum.','Ut non id quis blanditiis.',NULL,NULL,0,0,'Quis sunt et ducimus nesciunt.','Beamer braucht ein VGA Kabel!','2013-01-24 08:52:49','2013-01-24 08:52:49'),(43,'Model','Sony','Beamer 20 id','20','Tempora itaque deleniti corrupti qui harum.','Sed facilis cupiditate sunt culpa dignissimos qui.',NULL,NULL,0,0,'Reprehenderit eum eos voluptatibus vel libero culpa.','Beamer braucht ein VGA Kabel!','2013-01-24 08:52:49','2013-01-24 08:52:49'),(44,'Model','Nikon','Kameras 1 ea','21','Labore dolorem ea repellendus voluptas animi rerum iste voluptatum.','Nostrum ea distinctio fugit suscipit omnis ab et.',NULL,NULL,0,0,'Error at quia vero.',NULL,'2013-01-24 08:52:49','2013-01-24 08:52:49'),(45,'Model','Nikon','Kameras 2 molestiae','22','Vero maiores veritatis nobis quisquam perspiciatis.','Amet ducimus ad doloremque repellendus tempore ullam.',NULL,NULL,0,0,'Enim ex aut nihil omnis.',NULL,'2013-01-24 08:52:49','2013-01-24 08:52:49'),(46,'Model','Nikon','Kameras 3 ut','23','Consequatur maxime delectus laboriosam dolorem qui officia eos.','Maiores repellat nesciunt omnis similique.',NULL,NULL,0,0,'Saepe nobis sunt ut ab dolorem.',NULL,'2013-01-24 08:52:49','2013-01-24 08:52:49'),(47,'Model','Nikon','Kameras 4 quisquam','24','Quia non quidem quaerat quasi deleniti est et est.','Accusamus sapiente voluptas ad voluptatem autem.',NULL,NULL,0,0,'Explicabo eos temporibus vero vitae rem ut.',NULL,'2013-01-24 08:52:49','2013-01-24 08:52:49'),(48,'Model','Nikon','Kameras 5 unde','25','Maxime quasi ut et delectus ipsam quia tempore.','Nemo ut magnam numquam et quaerat.',NULL,NULL,0,0,'Dignissimos qui quaerat aut ut dolore dicta.',NULL,'2013-01-24 08:52:49','2013-01-24 08:52:49'),(49,'Model','Nikon','Kameras 6 rerum','26','Rerum est id minima.','Numquam qui exercitationem odio.',NULL,NULL,0,0,'Officiis minima dolor quae iure sunt ut reiciendis necessitatibus.',NULL,'2013-01-24 08:52:49','2013-01-24 08:52:49'),(50,'Model','Nikon','Kameras 7 quis','27','Repellendus natus inventore praesentium vitae.','Quo ratione voluptatum recusandae aut consectetur maxime ut provident.',NULL,NULL,0,0,'Praesentium voluptas laudantium mollitia sunt iusto et officia qui.',NULL,'2013-01-24 08:52:49','2013-01-24 08:52:49'),(51,'Model','Nikon','Kameras 8 ea','28','Et sit nihil iure repudiandae.','Perferendis vero optio ipsum enim quisquam sit eos.',NULL,NULL,0,0,'Aut nihil id quibusdam vero et dolores.',NULL,'2013-01-24 08:52:49','2013-01-24 08:52:49'),(52,'Model','Nikon','Kameras 9 sed','29','Nulla suscipit vero sed qui et quisquam distinctio.','Et cumque eos sapiente quia iure quis nulla.',NULL,NULL,0,0,'Aliquam veritatis aliquid illum delectus totam esse.',NULL,'2013-01-24 08:52:49','2013-01-24 08:52:49'),(53,'Model','Nikon','Kameras 10 possimus','30','Quo laudantium officiis beatae est minus.','Suscipit voluptatibus aut velit aut quod error rerum nihil.',NULL,NULL,0,0,'Possimus voluptatem exercitationem et maxime aut a accusantium.',NULL,'2013-01-24 08:52:49','2013-01-24 08:52:49'),(54,'Model','Nikon','Kameras 11 tempore','31','Facilis vitae neque voluptas at.','Minima ullam vel saepe et.',NULL,NULL,0,0,'Qui eum dolores rerum dignissimos sit enim.',NULL,'2013-01-24 08:52:49','2013-01-24 08:52:49'),(55,'Model','Nikon','Kameras 12 tempora','32','Earum veritatis molestiae maxime ut sint ad et.','Est ut voluptatem laborum et natus.',NULL,NULL,0,0,'Rem culpa sunt et dolor quia qui officia.',NULL,'2013-01-24 08:52:49','2013-01-24 08:52:49'),(56,'Model','Nikon','Kameras 13 laboriosam','33','Quo eum vel sunt.','Deserunt ab et modi quasi.',NULL,NULL,0,0,'Est itaque culpa doloribus alias totam incidunt voluptate reprehenderit.',NULL,'2013-01-24 08:52:49','2013-01-24 08:52:49'),(57,'Model','Nikon','Kameras 14 qui','34','Voluptate velit enim eum nesciunt provident.','Minima sunt autem et deleniti inventore recusandae aut ut.',NULL,NULL,0,0,'Possimus optio voluptate amet.',NULL,'2013-01-24 08:52:49','2013-01-24 08:52:49'),(58,'Model','Nikon','Kameras 15 omnis','35','Vitae aut nulla ut commodi quisquam necessitatibus.','Quis alias voluptatem accusamus.',NULL,NULL,0,0,'Deleniti et voluptate amet.',NULL,'2013-01-24 08:52:49','2013-01-24 08:52:49'),(59,'Model','Nikon','Kameras 16 non','36','Sint adipisci voluptatum quod est similique non reiciendis.','In excepturi nemo est totam aliquam quae fugit.',NULL,NULL,0,0,'Sit aut enim quia eaque iste.',NULL,'2013-01-24 08:52:49','2013-01-24 08:52:49'),(60,'Model','Nikon','Kameras 17 ipsum','37','Nisi nulla at quia sed qui.','Sit unde qui amet vel illum dolorem officiis maxime.',NULL,NULL,0,0,'Dolores quibusdam reprehenderit similique quo velit facere ut.',NULL,'2013-01-24 08:52:49','2013-01-24 08:52:49'),(61,'Model','Nikon','Kameras 18 in','38','Odio facilis error iure.','Dolorum in deserunt sed dolor suscipit nihil.',NULL,NULL,0,0,'Molestiae culpa reiciendis veritatis.',NULL,'2013-01-24 08:52:49','2013-01-24 08:52:49'),(62,'Model','Nikon','Kameras 19 omnis','39','Expedita nulla repellat dolorem adipisci nisi est ipsa.','Quis dolorem quod asperiores quo quidem non.',NULL,NULL,0,0,'Quis et voluptas suscipit.',NULL,'2013-01-24 08:52:49','2013-01-24 08:52:49'),(63,'Model','Nikon','Kameras 20 sunt','40','Earum quia aut nesciunt.','Provident sunt occaecati enim earum debitis molestias.',NULL,NULL,0,0,'Aut ullam distinctio dolor aut temporibus non voluptatem.',NULL,'2013-01-24 08:52:49','2013-01-24 08:52:49'),(64,'Model','Nikon','Kameras 21 quia','41','Totam autem quia ducimus similique aut inventore minus.','Voluptas deserunt odit officiis.',NULL,NULL,0,0,'Assumenda enim animi ut ipsam.',NULL,'2013-01-24 08:52:49','2013-01-24 08:52:49'),(65,'Model','Nikon','Kameras 22 non','42','Et deleniti eveniet ducimus sapiente maiores atque ut.','Ut sunt rerum et.',NULL,NULL,0,0,'Consequuntur fugiat ut sed id.',NULL,'2013-01-24 08:52:49','2013-01-24 08:52:49'),(66,'Model','Nikon','Kameras 23 quo','43','Qui nam quasi qui beatae numquam qui illo fugiat.','Possimus non alias enim.',NULL,NULL,0,0,'Rerum exercitationem adipisci dolores aliquam iste quam est consequatur.',NULL,'2013-01-24 08:52:49','2013-01-24 08:52:49'),(67,'Model','Nikon','Kameras 24 quia','44','Corrupti voluptatem voluptatum ut.','Accusantium ratione praesentium aut et.',NULL,NULL,0,0,'Omnis dolores qui corporis nemo iste voluptatum molestias ullam.',NULL,'2013-01-24 08:52:49','2013-01-24 08:52:49'),(68,'Model','Nikon','Kameras 25 non','45','Eos suscipit ab et eum ratione.','Natus et eius distinctio fugit cupiditate nihil porro sunt.',NULL,NULL,0,0,'Saepe a sint eius dolor et unde.',NULL,'2013-01-24 08:52:49','2013-01-24 08:52:49'),(69,'Model','Nikon','Kameras 26 esse','46','Dicta qui id est qui aliquid.','Atque maiores accusantium nisi ratione earum.',NULL,NULL,0,0,'Et est soluta velit ab ut vel voluptas dolores.',NULL,'2013-01-24 08:52:49','2013-01-24 08:52:49'),(70,'Model','Nikon','Kameras 27 ut','47','Expedita enim blanditiis minus eum laudantium.','Quod quam odio officiis placeat.',NULL,NULL,0,0,'Tempore reiciendis dicta sed quae similique doloremque.',NULL,'2013-01-24 08:52:49','2013-01-24 08:52:49'),(71,'Model','Nikon','Kameras 28 omnis','48','Temporibus quas est repellat.','Ratione quisquam ut reprehenderit.',NULL,NULL,0,0,'Sint sit error accusantium tenetur.',NULL,'2013-01-24 08:52:49','2013-01-24 08:52:49'),(72,'Model','Nikon','Kameras 29 dicta','49','Natus et enim illum laudantium.','Voluptatem ut optio doloremque.',NULL,NULL,0,0,'Consequatur dolores dignissimos reprehenderit unde vel.',NULL,'2013-01-24 08:52:49','2013-01-24 08:52:49'),(73,'Model','Nikon','Kameras 30 qui','50','Iusto ut reprehenderit et consectetur perferendis.','Magnam et dolorem possimus veritatis porro.',NULL,NULL,0,0,'Rerum veritatis fugiat libero nobis quae iusto reiciendis.',NULL,'2013-01-24 08:52:49','2013-01-24 08:52:49'),(74,'Software','Kiehn-Jones','Adobe Acrobat','51',NULL,NULL,NULL,NULL,0,0,'test http://test.ch\\r\nwww.foo.ch\\r\njust a text',NULL,'2013-01-24 08:52:49','2013-01-24 08:52:49'),(75,'Software','Spinka, Bins and Kemmer','MS Word','52',NULL,NULL,NULL,NULL,0,0,'test http://test.ch\\r\nwww.foo.ch\\r\njust a text',NULL,'2013-01-24 08:52:49','2013-01-24 08:52:49'),(76,'Software','Marquardt, Hahn and Steuber','Incredible Concrete Computer','53',NULL,NULL,NULL,NULL,0,0,NULL,NULL,'2013-01-24 08:52:49','2013-01-24 08:52:49'),(77,'Software','Muller-Welch','Gorgeous Plastic Computer','54',NULL,NULL,NULL,NULL,0,0,NULL,NULL,'2013-01-24 08:52:49','2013-01-24 08:52:49'),(78,'Software','Gutkowski-Zieme','Gorgeous Cotton Pants','55',NULL,NULL,NULL,NULL,0,0,NULL,NULL,'2013-01-24 08:52:49','2013-01-24 08:52:49'),(79,'Software','Kiehn and Sons','Practical Plastic Shoes','56',NULL,NULL,NULL,NULL,0,0,NULL,NULL,'2013-01-24 08:52:49','2013-01-24 08:52:49'),(80,'Software','Wiza Group','Incredible Rubber Chair','57',NULL,NULL,NULL,NULL,0,0,NULL,NULL,'2013-01-24 08:52:49','2013-01-24 08:52:49'),(81,'Software','Marvin, Schinner and Spencer','Intelligent Rubber Car','58',NULL,NULL,NULL,NULL,0,0,NULL,NULL,'2013-01-24 08:52:49','2013-01-24 08:52:49'),(82,'Software','Tremblay, West and Lesch','Sleek Granite Gloves','59',NULL,NULL,NULL,NULL,0,0,NULL,NULL,'2013-01-24 08:52:49','2013-01-24 08:52:49'),(83,'Software','Rice Group','Incredible Rubber Hat','60',NULL,NULL,NULL,NULL,0,0,NULL,NULL,'2013-01-24 08:52:49','2013-01-24 08:52:49'),(84,'Software','Fay-Harvey','Fantastic Granite Car','61',NULL,NULL,NULL,NULL,0,0,NULL,NULL,'2013-01-24 08:52:49','2013-01-24 08:52:49'),(85,'Software','Shanahan Inc','Incredible Plastic Shirt','62',NULL,NULL,NULL,NULL,0,0,NULL,NULL,'2013-01-24 08:52:49','2013-01-24 08:52:49'),(86,'Software','Fahey-Lubowitz','Awesome Wooden Car','63',NULL,NULL,NULL,NULL,0,0,NULL,NULL,'2013-01-24 08:52:49','2013-01-24 08:52:49'),(87,'Software','Farrell Inc','Practical Granite Gloves','64',NULL,NULL,NULL,NULL,0,0,NULL,NULL,'2013-01-24 08:52:49','2013-01-24 08:52:49'),(88,'Software','Douglas-Mertz','Practical Concrete Pants','65',NULL,NULL,NULL,NULL,0,0,NULL,NULL,'2013-01-24 08:52:49','2013-01-24 08:52:49'),(89,'Model','Runolfsson, Hodkiewicz and Torp','Kamera Set','66','Est labore rem soluta nobis non quo suscipit.','Quae eum officia odio.',NULL,NULL,0,1,'Sunt distinctio vel quo repellat blanditiis nemo quibusdam facilis.','Placeat dolorum aut quasi est recusandae dolor.','2013-01-24 08:52:49','2013-01-24 08:52:49'),(90,'Model','Block LLC','Awesome Rubber Gloves','67','Velit qui aspernatur sequi quis dolor voluptatem.','Ut voluptate esse et inventore fugiat.',NULL,NULL,1,0,'Quidem enim amet ut dignissimos perferendis mollitia est.','Ipsam consequatur distinctio voluptatum molestiae rerum illo non.','2013-01-24 08:52:49','2013-01-24 08:52:49'),(91,'Model','Bahringer LLC','Intelligent Plastic Computer','68','Dicta recusandae doloremque dolore non necessitatibus et.','Aliquid iure est nostrum quia mollitia qui vel.',NULL,NULL,3,0,'Debitis eius suscipit nam similique earum quas soluta.','Est soluta vitae maiores ipsam fugit.','2013-01-24 08:52:49','2013-01-24 08:52:49'),(92,'Model','Langworth-Batz','Intelligent Steel Shoes','69','Ex consectetur ab illum nihil autem.','Eum quas totam aliquam.',NULL,NULL,0,0,'Enim facilis quisquam sint qui sit.','Vel consequatur numquam quos doloremque excepturi et velit.','2013-01-24 08:52:49','2013-01-24 08:52:49'),(93,'Model','Dooley Inc','Gorgeous Granite Table','70','Ducimus veritatis debitis hic et laudantium ratione eligendi libero.','Nostrum ipsa corrupti sunt.',NULL,NULL,3,0,'Repellendus accusantium nihil reprehenderit.','Corrupti quaerat eligendi nisi vitae qui et.','2013-01-24 08:52:49','2013-01-24 08:52:49'),(94,'Model','Wilderman Group','Ergonomic Concrete Computer','71','Consectetur et aut molestiae error.','Et est dolorem repellat.',NULL,NULL,1,0,'Voluptas non cum consequatur fugiat necessitatibus voluptatem.','Molestiae ea reiciendis ut deleniti et dolore.','2013-01-24 08:52:49','2013-01-24 08:52:49'),(95,'Model','Hoppe Inc','Fantastic Plastic Gloves','72','Rem labore et dolore minus.','Provident quis quae reprehenderit neque fugiat consequatur.',NULL,NULL,3,0,'Sunt quaerat autem sed eum eveniet consequatur nesciunt earum.','Quis provident laudantium occaecati sed fugit eligendi repudiandae praesentium.','2013-01-24 08:52:49','2013-01-24 08:52:49'),(96,'Model','O\'Keefe-Spencer','Rustic Steel Shoes','73','Commodi qui placeat provident alias.','Vitae ea corporis architecto.',NULL,NULL,0,0,'Incidunt et quam corporis omnis consequuntur.','Temporibus pariatur minima aliquid.','2013-01-24 08:52:49','2013-01-24 08:52:49'),(97,'Model','Smitham-Jones','Rustic Concrete Car','74','Quidem minima omnis asperiores.','Debitis nesciunt magnam placeat alias.',NULL,NULL,1,0,'Accusantium perferendis dolor quo est porro.','Adipisci eum nemo corporis asperiores quibusdam est ut.','2013-01-24 08:52:49','2013-01-24 08:52:49'),(98,'Model','Murray Group','Awesome Steel Computer','75','Nemo et id enim id nobis rerum voluptate.','Accusantium numquam quo dolores.',NULL,NULL,3,0,'Qui et qui voluptates sequi ut nam ex at.','Sapiente vel ab corrupti adipisci quam perferendis.','2013-01-24 08:52:49','2013-01-24 08:52:49'),(99,'Model','Tremblay, Becker and Fisher','Gorgeous Wooden Computer','76','Aut error commodi ratione nostrum.','Vel sed quibusdam illum enim saepe.',NULL,NULL,3,0,'Distinctio sed alias dolorem dolores quia rerum dolor.','Est incidunt et nam ad qui ducimus qui.','2013-01-24 08:52:49','2013-01-24 08:52:49'),(100,'Model','Roob, Boyer and Bradtke','Small Concrete Chair','77','Praesentium aut eius eaque iure corrupti est quia voluptatem.','Laboriosam deleniti sint sed officiis odio et quaerat ducimus.',NULL,NULL,1,0,'Esse similique voluptate expedita consequatur rem.','Architecto provident blanditiis id aliquam animi dolores culpa consequuntur.','2013-01-24 08:52:49','2013-01-24 08:52:49'),(101,'Model','Green Inc','Awesome Steel Shirt','78','Temporibus omnis molestiae fuga doloremque sint quia.','Vero nostrum sunt enim omnis reprehenderit.',NULL,NULL,1,0,'Ut consectetur quis iure magni dolor corporis eligendi.','Et consequatur est labore.','2013-01-24 08:52:49','2013-01-24 08:52:49'),(102,'Model','Johns-Gislason','Practical Cotton Pants','79','Molestias dolore doloribus asperiores.','Voluptatem minima dignissimos fugiat.',NULL,NULL,0,0,'Quibusdam est at aut.','Non veritatis eveniet vero placeat qui quia ipsam accusamus.','2013-01-24 08:52:49','2013-01-24 08:52:49'),(103,'Model','Balistreri-Ortiz','Rustic Rubber Car','80','Aliquid consequatur at omnis.','Earum quia cumque molestiae ea.',NULL,NULL,1,0,'Numquam saepe commodi deserunt ut dolorem.','Asperiores quisquam aspernatur beatae quasi debitis aut.','2013-01-24 08:52:49','2013-01-24 08:52:49'),(104,'Model','VonRueden, Streich and Gottlieb','Practical Wooden Gloves','81','Quia facere eos distinctio voluptas vitae est omnis.','Occaecati quaerat neque totam dolorum ipsum qui voluptas.',NULL,NULL,1,0,'Omnis est laborum modi et sed.','Est quasi a hic aliquam.','2013-01-24 08:52:49','2013-01-24 08:52:49'),(105,'Model','Lindgren and Sons','Practical Rubber Gloves','82','Porro qui hic est aut.','Dicta repudiandae cum in dolorem exercitationem similique beatae.',NULL,NULL,1,0,'Quas itaque sed amet quia nesciunt reiciendis sed ipsum.','Omnis molestias aut praesentium cupiditate quis illo et.','2013-01-24 08:52:49','2013-01-24 08:52:49'),(106,'Model','Osinski-Shanahan','Kamera Set2','83','Et ut ex voluptas quae.','Autem iure et aliquam nihil totam.',NULL,NULL,1,1,'Error omnis aut commodi et blanditiis hic expedita.','Omnis excepturi sint nostrum placeat in tenetur quas qui.','2013-01-24 08:52:49','2013-01-24 08:52:49'),(107,'Model','Parisian-Hettinger','Incredible Cotton Car','84','Est maiores est cumque perspiciatis quos qui.','Eveniet autem laboriosam tempora eligendi.',NULL,NULL,3,0,'Modi in qui est necessitatibus.','Nihil aut voluptas voluptatibus nostrum.','2013-01-24 08:52:49','2013-01-24 08:52:49'),(108,'Model','Kohler-Quigley','Awesome Cotton Hat','85','Iusto non enim non fuga molestias voluptate.','Atque debitis eligendi fuga sint rerum inventore.',NULL,NULL,2,0,'Suscipit sequi et sit aliquam ipsum sed harum.','Eos similique est vitae maiores nulla eligendi aliquid dolorem.','2013-01-24 08:52:49','2013-01-24 08:52:49'),(109,'Model','Reinger-Kovacek','Intelligent Rubber Chair','86','Asperiores repellendus suscipit sed eum sunt corrupti.','Expedita eum est rerum fuga ipsum dolores nam.',NULL,NULL,1,0,'Iusto hic est ipsa et expedita eos non quaerat.','Iste perspiciatis tempora dignissimos amet sed debitis dicta facere.','2013-01-24 08:52:49','2013-01-24 08:52:49'),(110,'Model','Hintz-Casper','Incredible Wooden Table','87','Adipisci et alias aut.','Temporibus voluptas libero vitae ipsam est ipsum consequatur dolores.',NULL,NULL,0,0,'Voluptatem non consequatur perspiciatis numquam totam libero sed.','Possimus numquam tempora aut praesentium vel dolor.','2013-01-24 08:52:49','2013-01-24 08:52:49'),(111,'Model','Nolan-Hahn','Ergonomic Granite Gloves','88','Occaecati est eligendi ullam.','Praesentium nemo unde est sunt velit et.',NULL,NULL,3,0,'Consequatur voluptatem eveniet quia eum voluptas aperiam suscipit eum.','Et exercitationem ut voluptate iure.','2013-01-24 08:52:49','2013-01-24 08:52:49'),(112,'Model','Nicolas, Legros and Stracke','Practical Wooden Computer','89','Repudiandae autem cupiditate debitis blanditiis facere rerum maiores.','Est exercitationem perferendis odit quisquam.',NULL,NULL,0,0,'Aut aut odit corrupti autem.','Suscipit est assumenda nemo rerum dignissimos.','2013-01-24 08:52:49','2013-01-24 08:52:49'),(113,'Model','Kiehn-Quitzon','Intelligent Concrete Gloves','90','Eaque distinctio amet et incidunt tenetur non quod porro.','Hic dicta impedit velit.',NULL,NULL,2,0,'Suscipit enim quos deleniti odit.','Cumque quidem error totam explicabo veritatis.','2013-01-24 08:52:49','2013-01-24 08:52:49'),(114,'Model','Johnston and Sons','Intelligent Plastic Shoes','91','Eius repellendus cumque animi natus.','Non vero optio quia reiciendis.',NULL,NULL,0,0,'Voluptas facere veniam laudantium officia dolor.','Et esse voluptatem rem pariatur.','2013-01-24 08:52:49','2013-01-24 08:52:49'),(115,'Model','Wilkinson-Nikolaus','Fantastic Cotton Shirt','92','Sapiente vel ut blanditiis fuga nostrum omnis.','Autem earum rerum sint vero est qui.',NULL,NULL,2,0,'Quas ullam vel voluptates sint omnis.','Ut odit explicabo et beatae aut provident quod.','2013-01-24 08:52:49','2013-01-24 08:52:49'),(116,'Model','Bode, Wiegand and Langosh','Sleek Concrete Hat','93','Quibusdam dolor cum laboriosam sit eligendi aut.','Fugiat voluptates iure sint ullam.',NULL,NULL,3,0,'Consequatur minus libero aliquam aut vero voluptatum officiis.','Sint earum ipsum beatae omnis veritatis distinctio.','2013-01-24 08:52:49','2013-01-24 08:52:49'),(117,'Model','Ward, Greenholt and Rowe','Intelligent Cotton Car','94','Vero qui perspiciatis quos molestiae consequatur nam.','Harum corrupti ratione ut tempore reprehenderit et iure.',NULL,NULL,2,0,'Asperiores nemo veniam quas officiis.','Quisquam ut sequi itaque et numquam et.','2013-01-24 08:52:49','2013-01-24 08:52:49'),(118,'Model','Wintheiser, Howell and Howe','Fantastic Steel Hat','95','Necessitatibus voluptates dignissimos est consectetur ut voluptatem quisquam.','Odit deleniti dicta asperiores dignissimos distinctio quam.',NULL,NULL,1,0,'Praesentium incidunt corporis eos.','Velit perferendis et corrupti esse qui temporibus suscipit debitis.','2013-01-24 08:52:49','2013-01-24 08:52:49'),(119,'Model','Cremin, Glover and Little','Awesome Steel Car','100','Sunt et officiis ullam eum autem cum.','Ut perferendis ad voluptas error cum.',NULL,NULL,0,0,'Explicabo ipsam provident repudiandae nobis placeat et.','Consectetur dolor fugiat omnis nobis rerum.','2013-01-24 08:52:49','2013-01-24 08:52:49'),(120,'Model','Bins, Hirthe and Breitenberg','Gorgeous Cotton Chair','101','Veniam voluptatem veritatis accusantium eos iste.','Aut dolorem beatae est.',NULL,NULL,1,0,'Ipsa voluptatem aut maxime libero explicabo.','Neque aut enim odio.','2013-01-24 08:52:49','2013-01-24 08:52:49'),(121,'Model','Herzog-Kreiger','Fantastic Granite Shirt','102','Sed deleniti voluptas qui quia.','Molestias delectus molestiae quo non.',NULL,NULL,3,0,'Iusto aperiam deleniti perspiciatis esse quae velit et.','Illo id quo tenetur ipsa quasi.','2013-01-24 08:52:49','2013-01-24 08:52:49'),(122,'Model','Torphy-Swaniawski','Incredible Concrete Chair','103','Non ut omnis dolorem distinctio.','Unde nesciunt nihil sed itaque quia ipsa.',NULL,NULL,2,0,'Quo rerum molestiae eius velit aperiam esse vel.','Architecto dolorem molestiae non impedit.','2013-01-24 08:52:49','2013-01-24 08:52:49'),(123,'Model','Gerlach, Nikolaus and Witting','Fantastic Cotton Table','104','Nobis sint iusto ut.','Eveniet eius dolorem ut quas labore voluptate molestias.',NULL,NULL,2,0,'Velit sunt quos mollitia eos aut vel.','Labore accusantium ut nobis dolorem aut vel velit.','2013-01-24 08:52:49','2013-01-24 08:52:49'),(124,'Model','Becker and Sons','Gorgeous Steel Chair','105','Accusantium sit veniam magni et aliquid optio blanditiis nostrum.','Enim eum et necessitatibus dolores.',NULL,NULL,3,0,'Libero et ea consequatur est suscipit voluptatem.','Enim voluptatum est in nemo nobis corporis.','2013-01-24 08:52:49','2013-01-24 08:52:49'),(125,'Model','Schmitt Inc','Fantastic Plastic Shirt','106','Recusandae accusantium et qui nostrum est numquam.','Fuga velit laudantium tenetur tempore accusamus.',NULL,NULL,0,0,'Aliquam inventore voluptatem eos.','Deserunt veniam optio dolor.','2013-01-24 08:52:49','2013-01-24 08:52:49'),(126,'Model','Waters-Medhurst','Gorgeous Concrete Table','107','Doloremque ullam autem incidunt inventore.','Voluptatem ea ipsa accusamus cumque.',NULL,NULL,3,0,'Voluptatibus beatae et consequatur modi a similique.','Ut sint nam explicabo quos laboriosam.','2013-01-24 08:52:49','2013-01-24 08:52:49'),(127,'Model','Kirlin, Hodkiewicz and Lang','Awesome Plastic Gloves','108','Tempora officia blanditiis sit assumenda iste et ad repudiandae.','Ipsa eligendi enim vel nulla.',NULL,NULL,2,0,'Quod et nisi omnis.','Ad aut perferendis quo velit.','2013-01-24 08:52:49','2013-01-24 08:52:49'),(128,'Model','Roberts-Goyette','Practical Wooden Car','109','Magni pariatur quaerat dolore molestiae mollitia.','Officiis totam nam officia asperiores aut non soluta tenetur.',NULL,NULL,1,0,'Consequatur aliquid facilis veritatis et perspiciatis dolorem blanditiis.','Cum voluptate quaerat est eaque molestiae quia corrupti numquam.','2013-01-24 08:52:49','2013-01-24 08:52:49'),(129,'Model','Medhurst LLC','Ergonomic Concrete Car','110','Enim porro est autem eaque.','Esse enim sunt quas cumque omnis nobis fugit asperiores.',NULL,NULL,2,0,'Maxime quod ab voluptates voluptas odio qui quia.','Voluptates in est sunt sunt aperiam.','2013-01-24 08:52:49','2013-01-24 08:52:49'),(130,'Model','Stokes-Koelpin','Rustic Rubber Pants','111','Eos dignissimos iure itaque porro odio perspiciatis repellendus nisi.','Natus dicta et reiciendis non facere laborum.',NULL,NULL,0,0,'Impedit omnis veritatis illo.','Omnis est vel dolorem cumque ut repudiandae.','2013-01-24 08:52:49','2013-01-24 08:52:49'),(131,'Model','Crona LLC','Rustic Wooden Shoes','112','Voluptatem quam corporis cum qui at vitae fugit.','Suscipit sint id quas ut saepe itaque.',NULL,NULL,3,0,'Eius tempora corrupti unde.','Odit velit eaque quia quae omnis optio aut.','2013-01-24 08:52:49','2013-01-24 08:52:49'),(132,'Model','Barton-Kunde','Gorgeous Rubber Chair','113','Quibusdam omnis quis porro eius et ducimus officiis expedita.','Autem qui beatae quo est.',NULL,NULL,1,0,'Ipsum in aut id natus consequuntur qui necessitatibus consequatur.','Sed aperiam quia est corporis beatae accusantium in.','2013-01-24 08:52:49','2013-01-24 08:52:49'),(133,'Model','Hoeger Inc','Sleek Steel Hat','114','Magnam voluptas illum ad dignissimos quos sint.','Modi vel exercitationem sequi dolor ratione a.',NULL,NULL,0,0,'Voluptatem dolores sit officia et velit impedit.','Voluptatem unde sed sed aliquam.','2013-01-24 08:52:49','2013-01-24 08:52:49'),(134,'Model','Gutmann, Beatty and Medhurst','Intelligent Rubber Computer','115','Nihil voluptatem voluptas sapiente commodi.','Aliquam soluta non et explicabo vero.',NULL,NULL,1,0,'Quod provident placeat mollitia qui tempore.','Praesentium provident dolores quasi qui aut.','2013-01-24 08:52:49','2013-01-24 08:52:49'),(135,'Model','Ferry LLC','Fantastic Rubber Hat','116','Ut asperiores aut reprehenderit neque.','Accusamus eaque voluptatibus nemo qui dolorum provident.',NULL,NULL,2,0,'Cum labore sit laudantium.','Et ut sit enim eum nisi eligendi.','2013-01-24 08:52:49','2013-01-24 08:52:49'),(136,'Model','Kovacek and Sons','Sleek Granite Table','117','Est saepe quia est fuga aut.','Dolores soluta rerum et at qui assumenda facere.',NULL,NULL,1,0,'In aut et quisquam ad deserunt officiis.','At neque ipsum vel.','2013-01-24 08:52:49','2013-01-24 08:52:49'),(137,'Model','Kshlerin, Schimmel and Borer','Small Plastic Shoes','118','Maiores pariatur delectus rem atque.','Non molestiae aut vel velit odio necessitatibus.',NULL,NULL,2,0,'Fugiat pariatur minima aut inventore veniam.','Aut ut animi et mollitia ad.','2013-01-24 08:52:49','2013-01-24 08:52:49'),(138,'Model','Dicki-Oberbrunner','Ergonomic Plastic Computer','119','Repudiandae placeat voluptatem pariatur magnam laboriosam.','Aut atque maiores repellat qui et aspernatur rem.',NULL,NULL,1,0,'Fugiat aut quod eum tempore ex dolore.','Quidem enim amet temporibus ad sed quis qui quaerat.','2013-01-24 08:52:49','2013-01-24 08:52:49'),(139,'Model','Hartmann, Graham and Wilderman','Practical Cotton Hat','120','Earum assumenda perferendis delectus.','Corrupti dolor qui rem doloribus.',NULL,NULL,2,0,'Quo consequatur mollitia architecto et provident.','Eum ducimus qui qui et.','2013-01-24 08:52:49','2013-01-24 08:52:49'),(140,'Model','Koch-Gerlach','Ergonomic Steel Pants','121','Sed eligendi nobis recusandae nemo.','Nobis debitis odit eos in.',NULL,NULL,3,0,'Quis voluptatem vitae consectetur.','Est voluptates corporis dolorem.','2013-01-24 08:52:49','2013-01-24 08:52:49'),(141,'Model','O\'Reilly-Kihn','Rustic Wooden Hat','122','Doloribus nam totam velit cumque quidem voluptas odio harum.','Voluptas et nulla sapiente id nihil ut magni.',NULL,NULL,0,0,'Dignissimos perferendis est impedit.','Impedit rerum eum nam corrupti.','2013-01-24 08:52:49','2013-01-24 08:52:49'),(142,'Model','Lubowitz, Wolff and Sawayn','Incredible Wooden Computer','123','Quibusdam ut alias asperiores.','Tempore ut ipsa et soluta.',NULL,NULL,2,0,'Inventore rerum ut sit.','Nobis recusandae perferendis beatae quia.','2013-01-24 08:52:49','2013-01-24 08:52:49'),(143,'Model','Thompson-Sauer','Rustic Concrete Computer','124','Neque molestias quaerat consequatur repudiandae tempora in laudantium consequatur.','Sit et iure non quo vero rerum.',NULL,NULL,2,0,'Veniam provident aliquam facere voluptas maxime.','Ex et ea quasi ipsa ipsum.','2013-01-24 08:52:49','2013-01-24 08:52:49'),(144,'Model','Hermann LLC','Awesome Plastic Pants','125','Libero et nam et.','Maiores rem id nemo velit.',NULL,NULL,1,0,'Provident consequatur sint cupiditate aspernatur similique sunt.','Autem quo occaecati ex velit.','2013-01-24 08:52:49','2013-01-24 08:52:49'),(145,'Model','Ryan-Leuschke','Rustic Plastic Shoes','126','Alias perspiciatis iste iusto quam qui.','Sed laborum optio porro voluptates occaecati.',NULL,NULL,1,0,'Aut nam iure sunt voluptatum illum vel ab.','Ipsa non facere excepturi.','2013-01-24 08:52:49','2013-01-24 08:52:49'),(146,'Model','Abernathy, Roberts and Okuneva','Gorgeous Granite Car','127','Nesciunt doloribus sint error libero.','Aperiam veniam dolorum excepturi ullam magni.',NULL,NULL,3,0,'Quaerat ab consequatur nobis tempore quod.','Voluptatem ea in alias consequatur quidem voluptatem vero.','2013-01-24 08:52:49','2013-01-24 08:52:49'),(147,'Model','Hettinger-Lind','Awesome Steel Table','128','Consectetur ad non magnam autem.','Perferendis consequatur ipsa asperiores quae veniam aut dolorem sed.',NULL,NULL,2,0,'Assumenda non amet aut soluta.','Quisquam amet reprehenderit consequatur optio.','2013-01-24 08:52:49','2013-01-24 08:52:49'),(148,'Model','Towne-Wunsch','Small Granite Shoes','129','Doloribus minima laborum dolorum sint omnis ab nam.','Pariatur asperiores quia enim ipsa explicabo magni in.',NULL,NULL,3,0,'Cumque quis sint rerum accusantium ut voluptatem.','Asperiores magni nisi quia doloremque distinctio est.','2013-01-24 08:52:49','2013-01-24 08:52:49'),(149,'Model','Bernhard Group','Small Rubber Pants','130','Molestiae necessitatibus provident in eligendi.','Voluptatum suscipit deserunt voluptatem laboriosam porro.',NULL,NULL,3,0,'Placeat debitis impedit maxime ut non vel eius nam.','Nostrum quo fugiat nobis repudiandae accusamus non et.','2013-01-24 08:52:49','2013-01-24 08:52:49'),(150,'Model','Greenholt-Schmidt','Incredible Concrete Hat','131','Facere deserunt commodi harum temporibus sed et eveniet repudiandae.','Itaque omnis tenetur exercitationem est.',NULL,NULL,2,0,'Illum sed voluptas incidunt et nemo.','Non numquam rerum ab.','2013-01-24 08:52:49','2013-01-24 08:52:49'),(151,'Model','Doyle, Carroll and Rohan','Fantastic Plastic Pants','132','Recusandae delectus maiores laborum et quae.','Similique velit voluptatem asperiores reiciendis qui assumenda.',NULL,NULL,2,0,'Magnam animi voluptatem excepturi quis minima non reiciendis.','Voluptatem qui voluptatem qui nobis.','2013-01-24 08:52:49','2013-01-24 08:52:49'),(152,'Model','Hand, Powlowski and Thiel','Awesome Rubber Car','133','Cumque et dolore ex illum nam sed sit saepe.','Ipsam dolores id facilis asperiores eos quo officia.',NULL,NULL,0,0,'Ut rem harum tempora.','Optio nulla debitis a praesentium ipsam consectetur.','2013-01-24 08:52:49','2013-01-24 08:52:49'),(153,'Model','Stamm-Considine','Practical Rubber Hat','134','Et ut totam quibusdam ad quia odio et.','Facilis cupiditate sit sed adipisci sequi est ullam.',NULL,NULL,2,0,'Officiis quisquam veritatis dolore et harum enim error.','Eum quia ad sint voluptatem.','2013-01-24 08:52:49','2013-01-24 08:52:49'),(154,'Model','Nienow, Orn and Bednar','Fantastic Concrete Computer','135','Quisquam non error quasi recusandae.','Rerum voluptates harum illo dolor qui beatae.',NULL,NULL,2,0,'Aut a beatae labore.','Eius perspiciatis in quis sit enim optio.','2013-01-24 08:52:49','2013-01-24 08:52:49'),(155,'Model','Stamm, Batz and Klein','Incredible Plastic Hat','136','Veritatis at aut doloremque expedita.','Vero excepturi ut dolorem suscipit in aut amet rem.',NULL,NULL,2,0,'Est reprehenderit nesciunt et voluptates eveniet.','Dolorem ipsa at id odio facere.','2013-01-24 08:52:49','2013-01-24 08:52:49'),(156,'Model','Kessler-Quigley','Small Plastic Computer','137','Consequatur cupiditate saepe voluptatem non et.','Quisquam impedit qui aut numquam hic voluptas ea.',NULL,NULL,0,0,'Sit asperiores quam pariatur magni perspiciatis dolor.','Sit et ut nihil.','2013-01-24 08:52:49','2013-01-24 08:52:49'),(157,'Model','Nienow, Bartoletti and Walter','Sleek Concrete Shoes','138','Deserunt laudantium sit id.','Minima rerum deleniti placeat ea accusamus omnis eius.',NULL,NULL,0,0,'Rem non saepe quasi aut explicabo.','Velit sint omnis ullam facilis.','2013-01-24 08:52:49','2013-01-24 08:52:49'),(158,'Model','Beahan-Emard','Gorgeous Steel Shirt','139','Quia deleniti nemo ea qui eos.','Dolores nobis ea aliquam quod delectus et dolores et.',NULL,NULL,0,0,'Fuga quo quae vitae blanditiis aperiam sint.','Eos veniam quia eaque incidunt et.','2013-01-24 08:52:49','2013-01-24 08:52:49'),(159,'Model','Wehner Group','Sleek Rubber Hat','140','Quibusdam quis inventore tempore explicabo.','Assumenda quasi nihil quia quos.',NULL,NULL,3,0,'Debitis rerum sed aut et nihil dolores sint vel.','Asperiores aut corporis doloremque amet.','2013-01-24 08:52:49','2013-01-24 08:52:49'),(160,'Model','Ritchie, Doyle and Williamson','Practical Rubber Shirt','141','Rerum nesciunt corrupti ut delectus id eligendi.','Eum voluptatem dignissimos nemo placeat impedit harum quas culpa.',NULL,NULL,1,0,'Non officia qui nostrum aut sed.','Animi dolorum rerum maxime dolorem.','2013-01-24 08:52:49','2013-01-24 08:52:49'),(161,'Model','Williamson, White and Quitzon','Incredible Steel Computer','142','Inventore distinctio sint temporibus aut voluptas perferendis eligendi.','Ipsam doloremque natus id expedita dolores itaque aut.',NULL,NULL,3,0,'Incidunt molestiae corporis voluptas dolorem.','Sit porro suscipit eius et.','2013-01-24 08:52:49','2013-01-24 08:52:49'),(162,'Model','Kulas and Sons','Gorgeous Concrete Hat','143','Error nostrum id corporis.','Possimus consequuntur cupiditate neque voluptatem quae aut et.',NULL,NULL,1,0,'Voluptatem est et et labore.','Provident est asperiores et sunt laborum eum laudantium voluptatum.','2013-01-24 08:52:49','2013-01-24 08:52:49'),(163,'Model','Kerluke Inc','Ergonomic Rubber Shirt','144','Qui tempore commodi necessitatibus occaecati cum consequuntur minus et.','Aut quia sit quis ut consequatur deserunt debitis non.',NULL,NULL,2,0,'Similique praesentium voluptatem maxime et veritatis qui saepe nemo.','Veniam qui excepturi quos.','2013-01-24 08:52:49','2013-01-24 08:52:49'),(164,'Model','Mosciski-Beer','Rustic Wooden Chair','145','Doloremque voluptas placeat nulla cupiditate fugit nihil quas unde.','Expedita impedit et animi eum.',NULL,NULL,3,0,'Possimus tenetur et porro aperiam sapiente et voluptate.','Consequatur autem possimus omnis animi.','2013-01-24 08:52:49','2013-01-24 08:52:49'),(165,'Model','Hirthe-Shanahan','Rustic Rubber Computer','146','Nam quasi vel inventore voluptatibus.','Totam ut dolorem praesentium.',NULL,NULL,0,0,'Dolor ea explicabo praesentium assumenda eaque sapiente consequatur.','A quis tenetur et libero.','2013-01-24 08:52:49','2013-01-24 08:52:49'),(166,'Model','McKenzie Group','Practical Concrete Car','147','Voluptate velit impedit corrupti.','Minus explicabo at nesciunt quas sed et.',NULL,NULL,2,0,'Nobis quia reiciendis possimus.','Dolorem sint at et magni voluptas velit quae.','2013-01-24 08:52:49','2013-01-24 08:52:49'),(167,'Model','Olson Group','Practical Plastic Pants','148','Nemo sint qui est maiores.','Doloribus vel tempora reprehenderit suscipit rem.',NULL,NULL,0,0,'In est tenetur voluptatibus aut tempora et.','Et non sit id aut similique reiciendis qui qui.','2013-01-24 08:52:49','2013-01-24 08:52:49'),(168,'Model','Swaniawski-Blick','Gorgeous Plastic Shirt','149','Eos non maiores quia porro qui.','Recusandae aperiam occaecati qui.',NULL,NULL,0,0,'Quasi aliquam illo sint placeat.','Nihil natus est veritatis provident inventore harum aliquam consequuntur.','2013-01-24 08:52:49','2013-01-24 08:52:49'),(169,'Model','Johnson, DuBuque and Thompson','Intelligent Steel Hat','150','Doloribus soluta et accusamus tempore dignissimos aliquam.','Maxime deleniti nihil dolores sint.',NULL,NULL,1,0,'Officiis dolore aut aspernatur eaque.','Beatae omnis velit qui.','2013-01-24 08:52:49','2013-01-24 08:52:49'),(170,'Model','O\'Reilly, Keebler and Kozey','Small Steel Hat','151','Fuga accusantium ea omnis.','Sed repellat nulla officia voluptatem illum explicabo.',NULL,NULL,2,0,'Sequi pariatur distinctio placeat.','Voluptate quis repellendus aut error dicta consequatur et eos.','2013-01-24 08:52:49','2013-01-24 08:52:49'),(171,'Model','Donnelly-Volkman','Rustic Plastic Computer','152','Dolores atque error omnis doloremque.','Sapiente perspiciatis vel non veniam eos.',NULL,NULL,2,0,'Odit mollitia aut officia.','Sit consequatur voluptas numquam nobis quasi.','2013-01-24 08:52:49','2013-01-24 08:52:49'),(172,'Model','Hauck, Mraz and Howe','Incredible Concrete Shirt','153','Dolore laboriosam numquam ullam qui ex.','Totam alias odio quas impedit vitae saepe tempore.',NULL,NULL,3,0,'Aut nemo sunt qui rerum tenetur ab perspiciatis error.','Eius atque quis corrupti qui qui consequuntur.','2013-01-24 08:52:49','2013-01-24 08:52:49'),(173,'Model','Hilpert-Tremblay','Rustic Steel Table','154','Esse consequuntur qui et.','Rerum ducimus odit dolorem id placeat quas quasi.',NULL,NULL,0,0,'Vel est ut velit.','Sequi unde vel ratione veritatis.','2013-01-24 08:52:49','2013-01-24 08:52:49'),(174,'Model','Stracke, Herzog and Borer','Incredible Granite Shoes','155','Amet ipsam voluptatem vel recusandae dolore eum sit quia.','Voluptatem officia placeat ut dolor.',NULL,NULL,3,0,'Minima nihil totam molestias quo delectus eveniet voluptates harum.','Aut vel voluptates et deserunt.','2013-01-24 08:52:49','2013-01-24 08:52:49'),(175,'Model','Swaniawski and Sons','Awesome Rubber Computer','156','Earum nesciunt qui maxime explicabo iure illo inventore.','Repudiandae error laboriosam velit numquam ut facilis et quibusdam.',NULL,NULL,1,0,'Odio consequuntur in laborum impedit.','Porro ut et dicta eligendi.','2013-01-24 08:52:49','2013-01-24 08:52:49'),(176,'Model','Fadel-Frami','Sleek Steel Gloves','157','Necessitatibus rerum sit qui qui praesentium ipsa et dolores.','Laboriosam veniam repellendus alias est.',NULL,NULL,2,0,'Soluta officiis aspernatur quis qui nihil eaque optio officia.','Suscipit cumque ullam perferendis eum corporis voluptatibus excepturi.','2013-01-24 08:52:49','2013-01-24 08:52:49'),(177,'Model','Homenick-Dooley','Practical Plastic Car','158','At alias sapiente et ut rem ut eius quia.','Qui ullam impedit dolores animi id modi quos saepe.',NULL,NULL,3,0,'Corrupti nihil et et soluta officia quod.','Vero ullam doloribus exercitationem incidunt eum quia dolor veniam.','2013-01-24 08:52:49','2013-01-24 08:52:49'),(178,'Model','Stracke LLC','Small Rubber Shirt','159','Deserunt consequuntur qui omnis.','Nemo sed assumenda quod.',NULL,NULL,0,0,'Quo harum et iure consectetur.','Ipsum maiores aut magni ducimus.','2013-01-24 08:52:49','2013-01-24 08:52:49'),(179,'Model','Flatley-Haag','Gorgeous Granite Chair','160','Et et exercitationem excepturi ipsam.','Cum quam quae minus architecto sit.',NULL,NULL,0,0,'Praesentium cum et aut voluptatem.','Ipsum deleniti nihil sit qui alias necessitatibus animi.','2013-01-24 08:52:49','2013-01-24 08:52:49'),(180,'Model','Schmidt and Sons','Sleek Plastic Computer','161','Consequatur doloremque et repellendus sit voluptate ab adipisci.','Nisi qui esse occaecati.',NULL,NULL,2,0,'Et non omnis porro modi sed sit.','Illo odio eaque fuga.','2013-01-24 08:52:49','2013-01-24 08:52:49'),(181,'Model','Jakubowski, Jaskolski and Cole','Ergonomic Granite Computer','162','Dignissimos optio qui et et ut assumenda.','Facilis dolor dolor fuga culpa id ut quas optio.',NULL,NULL,1,0,'Non laboriosam est ex a.','Aut praesentium provident sint.','2013-01-24 08:52:49','2013-01-24 08:52:49'),(182,'Model','Wiza, Kozey and Marquardt','Intelligent Steel Computer','163','Quibusdam iste est ducimus qui laudantium impedit.','Voluptatem quo doloribus voluptatem libero non ut fugiat.',NULL,NULL,1,0,'Dolorem fuga eligendi perferendis.','Autem cumque explicabo aliquam.','2013-01-24 08:52:49','2013-01-24 08:52:49'),(183,'Model','Cruickshank, Abernathy and Parker','Sleek Cotton Chair','164','Tempore unde sit aut labore quibusdam adipisci.','Ipsa repudiandae aut illum occaecati architecto voluptatibus autem suscipit.',NULL,NULL,1,0,'Vero excepturi voluptatum deleniti architecto ipsum a tenetur ut.','Distinctio laboriosam sunt doloribus pariatur voluptatem voluptatem aut iste.','2013-01-23 08:52:49','2013-01-23 08:52:49'),(184,'Model','Murazik-Pfannerstill','Rustic Concrete Hat','165','Explicabo blanditiis exercitationem est ab.','Aliquid quas perferendis modi molestias.',NULL,NULL,1,0,'Quae sit beatae ut quia at facere.','Beatae ab iste qui et perspiciatis.','2013-01-23 08:52:49','2013-01-23 08:52:49'),(185,'Model','Jerde-Quitzon','Incredible Wooden Pants','166','Nisi ea autem repellat explicabo.','Quis tempora odio est placeat ut.',NULL,NULL,1,0,'Facere perferendis ut et.','Cum delectus non deserunt provident corporis nisi.','2013-01-23 08:52:49','2013-01-23 08:52:49'),(186,'Model','Halvorson-Kshlerin','Incredible Granite Pants','167','Laudantium eaque sapiente veniam dolorem id reiciendis.','Voluptatem explicabo dicta velit est praesentium sit commodi porro.',NULL,NULL,3,0,'Totam delectus ea dolores sint.','Voluptatum nisi quia alias.','2013-01-24 08:52:49','2013-01-24 08:52:49'),(187,'Model','Yost-Heidenreich','Practical Wooden Table','168','Tenetur quae aut ipsum.','Est soluta dolore et cum.',NULL,NULL,2,0,'Reprehenderit aut quis nemo voluptas atque voluptatem sequi.','Impedit consequatur sunt distinctio quis et qui nisi.','2013-01-24 08:52:49','2013-01-24 08:52:49'),(188,'Model','O\'Reilly and Sons','Sleek Cotton Hat','169','Dolor aut et ea quia veritatis.','Id sit hic porro accusantium iste quia est autem.',NULL,NULL,3,0,'Tenetur iusto ea nesciunt neque.','Natus et fuga rerum consequatur ex quia non enim.','2013-01-24 08:52:49','2013-01-24 08:52:49'),(189,'Model','Toy-Quitzon','Small Wooden Car','170','Enim ducimus sapiente eveniet excepturi cumque saepe ea.','Eligendi vel quasi velit ipsam enim.',NULL,NULL,2,0,'Nesciunt quod voluptatem inventore omnis.','Autem iure aut voluptatem.','2013-01-24 08:52:49','2013-01-24 08:52:49'),(190,'Model','Monahan Inc','Sleek Plastic Table','171','Sit nam praesentium iste inventore nobis et fugit omnis.','Et aut distinctio esse fugiat.',NULL,NULL,2,0,'Nemo dolorem nam nihil illum facere ut in laboriosam.','Enim saepe itaque ducimus.','2013-01-24 08:52:49','2013-01-24 08:52:49'),(191,'Model','Oberbrunner, Gutkowski and Doyle','Ergonomic Concrete Hat','172','Ipsa explicabo quod nobis repudiandae esse aut deleniti enim.','Culpa delectus ipsam ea.',NULL,NULL,3,0,'Possimus aut sunt repellat officiis molestias.','Illum cum illo molestias cupiditate.','2013-01-24 08:52:49','2013-01-24 08:52:49'),(192,'Model','Ernser Inc','Fantastic Steel Table','173','Dolor a qui illum vitae velit nostrum iste.','Aut sit quis iusto aspernatur.',NULL,NULL,1,0,'Rerum mollitia dicta voluptatem aut.','Voluptatem a facere voluptas omnis reprehenderit voluptatem recusandae autem.','2013-01-24 08:52:49','2013-01-24 08:52:49'),(193,'Model','Johnston, Lynch and Feeney','Intelligent Wooden Chair','174','Magnam sunt expedita commodi itaque.','Laboriosam voluptas voluptatem in labore et et quaerat debitis.',NULL,NULL,0,0,'Qui est in error vel et aut.','Rerum beatae dolor sed dolores id quas neque.','2013-01-24 08:52:49','2013-01-24 08:52:49'),(194,'Model','Stark, Cruickshank and Howe','Intelligent Granite Computer','175','Itaque necessitatibus nisi ducimus.','Eius quae sed ducimus.',NULL,NULL,0,0,'Vitae non optio quis quisquam molestiae ut voluptas voluptas.','Harum nemo dolorem exercitationem enim.','2013-01-24 08:52:49','2013-01-24 08:52:49'),(195,'Model','Fahey-Frami','Fantastic Plastic Chair','176','Doloribus iure et non accusamus quos impedit voluptatem.','Dolorem similique ipsum et fugiat quidem eveniet et quis.',NULL,NULL,0,0,'Alias earum sint temporibus consectetur voluptatibus assumenda ut.','Optio qui modi voluptatem facere consequatur mollitia et autem.','2013-01-24 08:52:49','2013-01-24 08:52:49'),(196,'Model','Rice Group','Ergonomic Wooden Table','177','Non quasi possimus rerum exercitationem eligendi ut.','Alias nulla perspiciatis maxime eveniet inventore.',NULL,NULL,3,0,'Molestias excepturi sit repellendus dolore.','Fugit corporis vel esse quos.','2013-01-24 08:52:49','2013-01-24 08:52:49'),(197,'Model','McDermott-Bradtke','Practical Granite Table','178','Tempora fuga nobis ducimus sed aliquid.','Aut commodi voluptates dolorem tempore libero quo rerum.',NULL,NULL,3,0,'Quaerat culpa ea eius repudiandae.','Eligendi et velit quaerat non.','2013-01-24 08:52:49','2013-01-24 08:52:49'),(198,'Model','Stark-Kuhn','Awesome Plastic Shoes','179','Doloribus debitis sapiente non dignissimos.','Aut iusto cum laudantium ut aspernatur vero sint totam.',NULL,NULL,3,0,'Quibusdam et magnam omnis eaque voluptatem commodi atque sint.','Nemo neque animi consequatur omnis voluptas nostrum harum odio.','2013-01-24 08:52:49','2013-01-24 08:52:49'),(199,'Model','Kihn and Sons','Gorgeous Granite Hat','180','Nihil qui aut atque tempore officia.','Nisi repellendus incidunt rerum dicta reprehenderit enim molestiae.',NULL,NULL,1,0,'Aut et voluptatem magnam ut adipisci odit dolore hic.','Necessitatibus praesentium porro voluptates cupiditate non sit.','2013-01-24 08:52:49','2013-01-24 08:52:49'),(200,'Model','Swift-Johnston','Gorgeous Concrete Shoes','181','Necessitatibus odit et consectetur dolores facere quia labore.','Consequuntur totam ratione omnis aut quidem accusamus.',NULL,NULL,0,0,'Dolor qui saepe sit minima voluptas dolorem labore rerum.','Omnis assumenda cupiditate beatae et.','2013-01-24 08:52:49','2013-01-24 08:52:49'),(201,'Model','Fisher-Schoen','Sleek Concrete Car','182','Tempore sit earum suscipit nostrum aut.','Porro natus est repudiandae quibusdam.',NULL,NULL,3,0,'Ut incidunt itaque fugiat et aliquid repudiandae quisquam.','Rerum ipsa rerum doloribus et.','2013-01-24 08:52:49','2013-01-24 08:52:49'),(202,'Model','Dickinson, O\'Hara and Hilll','Gorgeous Steel Hat','183','Recusandae voluptatem nostrum provident quidem est ut.','Ea rerum voluptates numquam repellendus inventore quaerat.',NULL,NULL,0,0,'Dicta corporis ut saepe sint odit voluptatum.','Est voluptate expedita minima nihil commodi quis qui.','2013-01-18 08:52:49','2013-01-18 08:52:49'),(203,'Model','Christiansen and Sons','Intelligent Wooden Shoes','184','Suscipit perferendis vel ex qui non dolorem nostrum.','Voluptates accusantium vero veritatis iure inventore iste ut adipisci.',NULL,NULL,3,0,'Soluta omnis corporis quo cupiditate incidunt.','Iusto accusamus accusantium aut quis inventore ducimus odit.','2013-01-18 08:52:49','2013-01-18 08:52:49'),(204,'Model','Blick-Ritchie','Sleek Plastic Gloves','185','Excepturi amet nemo ut cum quia.','Quos nam repudiandae perspiciatis molestiae minima iure omnis aliquid.',NULL,NULL,1,0,'Suscipit quaerat eaque autem pariatur.','Minus et illo ad.','2013-01-18 08:52:49','2013-01-18 08:52:49'),(205,'Model','Balistreri, Weber and Labadie','Ergonomic Plastic Table','186','Porro inventore aliquam omnis dolores id repudiandae quaerat.','Quasi ducimus dolore eaque et quidem vel corrupti officiis.',NULL,NULL,0,0,'Consequatur vero amet saepe nemo.','Soluta quibusdam odio reprehenderit aut aliquam voluptates sunt incidunt.','2013-01-18 08:52:49','2013-01-18 08:52:49'),(206,'Model','Rice-Bernhard','Rustic Concrete Shoes','187','Iure alias quo excepturi laborum ut dolores incidunt qui.','Cum quia neque et et id.',NULL,NULL,0,0,'Esse dolorem nihil aut magnam.','Et qui eos reprehenderit non non est quo unde.','2013-01-22 08:52:49','2013-01-22 08:52:49'),(207,'Model','Lueilwitz LLC','Ergonomic Concrete Pants','188','Cupiditate dolorem est quas laborum.','Ullam et tempora et veniam.',NULL,NULL,0,0,'Ratione odio architecto aut.','Est reiciendis veritatis velit numquam porro ut officia.','2013-01-22 08:52:49','2013-01-22 08:52:49'),(208,'Model','Jaskolski Inc','Intelligent Rubber Shoes','189','Ut modi dicta sed.','Eum harum assumenda sed enim natus.',NULL,NULL,0,0,'Qui dolor dolorum nemo.','Eveniet nisi aliquid et non molestiae consectetur.','2013-01-22 08:52:49','2013-01-22 08:52:49'),(209,'Model','Grant, Pouros and Gibson','Practical Cotton Shoes','190','Earum laudantium quo autem esse sunt ea sequi.','Modi et odio suscipit ratione quos optio et.',NULL,NULL,2,0,'Sit libero sint labore voluptatem eaque qui provident.','Numquam similique et nulla eaque aliquid non ex.','2013-01-22 08:52:49','2013-01-22 08:52:49'),(210,'Model','Mayer-Sporer','Awesome Rubber Pants','191','Eum distinctio tempora aliquid vitae molestiae.','Consequatur sapiente numquam ipsam veritatis velit.',NULL,NULL,0,0,'Est dolores porro necessitatibus sit.','Deserunt vel corporis illum consectetur.','2013-01-22 08:52:49','2013-01-22 08:52:49'),(211,'Model','Pfannerstill and Sons','Small Granite Computer','192','Ipsa sit quasi explicabo qui animi architecto.','Quis natus rerum debitis.',NULL,NULL,3,0,'Voluptatibus amet ipsa consectetur corporis.','Rerum ut ex incidunt harum.','2013-01-24 08:52:49','2013-01-24 08:52:49'),(212,'Model','Weimann-Hoeger','Practical Steel Shoes','193','Aut libero et enim natus maiores voluptate veritatis.','Facilis voluptatem ut aliquam.',NULL,NULL,2,0,'Accusamus ipsam est pariatur quidem est ea non id.','Fugiat non doloribus voluptatem quia enim debitis omnis in.','2013-01-24 08:52:49','2013-01-24 08:52:49'),(213,'Model','Rath, Stroman and Yundt','Incredible Concrete Shoes','194','Beatae dolorum enim et reiciendis voluptas facere.','Id fuga ipsum aut enim voluptatem sequi perspiciatis.',NULL,NULL,3,0,'Hic et quis vero et dolorem.','Et ex nam consequatur.','2013-01-24 08:52:49','2013-01-24 08:52:49'),(214,'Model','Goyette, Koss and Robel','Fantastic Wooden Shoes','195','Voluptate eligendi dignissimos aspernatur et sint doloremque.','Maxime iste cupiditate sint sit quo.',NULL,NULL,3,0,'Accusantium quibusdam et et aliquid nesciunt.','Facilis eveniet est aliquam vero qui ut enim molestiae.','2013-01-24 08:52:49','2013-01-24 08:52:49'),(215,'Model','Toy, Balistreri and Reichel','Incredible Rubber Pants','196','Ut at quis occaecati alias praesentium labore.','Sed alias dolorem eos.',NULL,NULL,2,0,'Quia est blanditiis officia aspernatur et.','Itaque repudiandae consequuntur sunt aspernatur non unde qui.','2013-01-24 08:52:49','2013-01-24 08:52:49'),(216,'Model','Gottlieb Inc','Intelligent Concrete Shirt','197','Distinctio nemo dolor excepturi quae.','Tenetur et error cumque ipsum saepe deserunt harum.',NULL,NULL,3,0,'Maiores neque ad dolorem.','Debitis excepturi exercitationem a dolores aut.','2013-01-24 08:52:49','2013-01-24 08:52:49'),(217,'Model','Beer, Cronin and Senger','Sleek Granite Shoes','198','Aut eaque rem quis facilis voluptate.','Sint harum eum minima iste enim deserunt quod laborum.',NULL,NULL,1,0,'Qui rerum impedit ut est.','Quia molestiae rerum aliquam deleniti.','2013-01-24 08:52:49','2013-01-24 08:52:49'),(218,'Model','Barton, Hahn and Cremin','Incredible Wooden Hat','199','Ullam sit cum ea magnam.','Est ad corrupti laudantium est temporibus nisi.',NULL,NULL,2,0,'At itaque tenetur animi.','Accusamus voluptatem tempore sapiente omnis occaecati rerum.','2013-01-24 08:52:49','2013-01-24 08:52:49'),(219,'Model','Lang and Sons','Sleek Cotton Gloves','200','Magnam quas aliquid quo quis tenetur.','Explicabo quis vel eius.',NULL,NULL,3,0,'Mollitia eligendi natus et quia perferendis atque.','Distinctio fugit ea aut qui voluptatum id cumque.','2013-01-24 08:52:49','2013-01-24 08:52:49'),(220,'Model','Stokes, Stanton and Green','Ergonomic Cotton Gloves','201','Harum placeat ducimus incidunt.','Recusandae quidem occaecati eum qui quae et.',NULL,NULL,3,0,'Qui sunt aut maxime aut veniam est.','Sed quia aut excepturi dignissimos eos occaecati.','2013-01-24 08:52:49','2013-01-24 08:52:49'),(221,'Model','Purdy, Bahringer and Gutmann','Fantastic Wooden Chair','202','Dolor dolor ipsam aut repellat commodi id.','Qui expedita enim vel sit.',NULL,NULL,2,0,'Veniam ut voluptas quasi.','Et iure dolores laudantium soluta aut quia voluptas.','2013-01-24 08:52:49','2013-01-24 08:52:49'),(222,'Model','Fay, Powlowski and Bergnaum','Sleek Steel Shirt','203','Et dolorem voluptatibus cum asperiores tenetur.','Similique pariatur magni sed.',NULL,NULL,2,0,'Qui est consequatur et ut sit et.','Veniam sunt magnam aliquid.','2013-01-24 08:52:49','2013-01-24 08:52:49'),(223,'Model','Turcotte Group','Ergonomic Rubber Hat','204','Commodi tempora mollitia laboriosam eos aspernatur sint culpa veniam.','Et libero veritatis asperiores excepturi tenetur nisi non.',NULL,NULL,1,0,'Est ipsum quo et a consequatur sit distinctio et.','Dignissimos eos numquam at cum voluptatem velit aliquam.','2013-01-24 08:52:49','2013-01-24 08:52:49'),(224,'Model','Goyette, Bode and Hills','Awesome Rubber Shoes','205','Modi quasi vitae reprehenderit autem illo sed.','Id quia voluptatibus dolore sapiente et odit repellat adipisci.',NULL,NULL,0,0,'Nulla deleniti perferendis sed sequi provident quasi.','Autem illo quia iste qui recusandae voluptatem.','2013-01-24 08:52:49','2013-01-24 08:52:49'),(225,'Model','Wisozk, King and Christiansen','Intelligent Cotton Pants','206','Mollitia excepturi est consequatur.','Vitae nemo enim assumenda voluptatibus.',NULL,NULL,1,0,'Consequuntur quas qui enim delectus consectetur nemo explicabo.','Sed ut rerum non est nihil dolor molestiae similique.','2013-01-24 08:52:49','2013-01-24 08:52:49'),(226,'Model','Gislason, Becker and Schmitt','Incredible Rubber Gloves','207','Laboriosam ea saepe atque velit.','Laborum in dolorem eos enim quaerat.',NULL,NULL,3,0,'Quia iste veritatis repudiandae aperiam.','Dolore exercitationem rerum qui doloremque.','2013-01-24 08:52:49','2013-01-24 08:52:49'),(227,'Model','Kozey-Ernser','Practical Granite Computer','208','At rem delectus maxime illo eos id veritatis.','Eius corrupti nesciunt sapiente veniam tenetur vitae odit incidunt.',NULL,NULL,1,0,'Dolores fugiat cum voluptatibus temporibus et.','Aut eveniet id sequi voluptatum dolore veritatis.','2013-01-24 08:52:49','2013-01-24 08:52:49'),(228,'Model','Bailey-Crooks','Gorgeous Steel Car','209','Voluptas ex magni quo atque inventore ab.','Voluptas voluptate a corporis eligendi id quia.',NULL,NULL,1,0,'Aliquam et distinctio exercitationem illo in qui quis est.','Exercitationem quis blanditiis nulla aut dolores sed reprehenderit.','2013-01-24 08:52:49','2013-01-24 08:52:49'),(229,'Model','Yundt Group','Small Wooden Shoes','210','Accusamus labore quam quia consequatur possimus repellat eveniet.','Laborum laboriosam ut ad officia sit placeat ex.',NULL,NULL,2,0,'Unde praesentium dolores suscipit cupiditate et.','Eveniet nesciunt enim excepturi autem ullam non neque.','2013-01-24 08:52:49','2013-01-24 08:52:49'),(230,'Model','Kuvalis-Muller','Fantastic Rubber Shirt','211','Et reiciendis harum in sint illum veniam sit.','Cum enim a quisquam.',NULL,NULL,0,0,'Dolorem quia adipisci excepturi eaque in.','Qui sunt perspiciatis quidem deserunt.','2013-01-24 08:52:49','2013-01-24 08:52:49'),(231,'Model','Satterfield and Sons','Awesome Cotton Computer','212','Voluptatibus et consequuntur ut dolorem aut dolorem repellat iste.','Sint veritatis eaque sint non quis iusto.',NULL,NULL,3,0,'Eos ad eaque quo et quia ullam sint aspernatur.','Inventore omnis incidunt excepturi quisquam consequatur sint non officiis.','2013-01-24 08:52:49','2013-01-24 08:52:49'),(232,'Model','Larson LLC','Awesome Granite Table','213','Dolorem provident culpa tempora incidunt possimus.','Et expedita tempore sit repellat numquam et.',NULL,NULL,2,0,'Labore at nisi necessitatibus culpa consectetur quas.','Velit sit unde aliquam.','2013-01-24 08:52:49','2013-01-24 08:52:49'),(233,'Model','Wolff, Schultz and Will','Fantastic Granite Pants','214','Suscipit dolores et fugit.','Est et labore ut hic eligendi doloremque enim.',NULL,NULL,2,0,'Officia laborum esse assumenda eius illum.','Consequatur hic soluta velit nulla in quas.','2013-01-24 08:52:49','2013-01-24 08:52:49'),(234,'Model','Howe, Schmidt and Hickle','Sleek Rubber Pants','215','Autem ut laudantium qui reiciendis eaque.','Optio laborum quis quis quisquam harum quia quo quia.',NULL,NULL,3,0,'Qui ad ea laborum magnam voluptatem et.','Ipsam et non rerum corporis reiciendis facere qui.','2013-01-24 08:52:49','2013-01-24 08:52:49'),(235,'Model','Heller and Sons','Ergonomic Granite Pants','216','Non minus hic quia quia dolor.','Recusandae aut molestiae maiores expedita inventore.',NULL,NULL,3,0,'Quo ea dicta laudantium velit illum modi.','Ut aliquam molestias veritatis ea voluptatem nostrum et recusandae.','2013-01-24 08:52:49','2013-01-24 08:52:49'),(236,'Model','Hudson Group','Awesome Concrete Table','217','Dolor iusto harum et nihil eos hic est.','Provident aut aut nihil magnam ut.',NULL,NULL,3,0,'Id aspernatur sed eius voluptas.','Modi et molestiae enim.','2013-01-24 08:52:49','2013-01-24 08:52:49'),(237,'Model','Lehner and Sons','Rustic Granite Pants','218','Accusantium quia ab error delectus consequatur odio tenetur possimus.','Iure blanditiis esse eum repudiandae nisi.',NULL,NULL,1,0,'Quod maxime illum et quae voluptatem.','Cupiditate quidem voluptatibus ea dignissimos ipsa.','2013-01-24 08:52:49','2013-01-24 08:52:49'),(238,'Model','Russel, Reichel and Stamm','Small Concrete Pants','219','Dignissimos molestias perspiciatis aut assumenda amet.','Sed quaerat consectetur eos quam velit qui odit.',NULL,NULL,0,0,'Voluptatem minima laudantium perferendis.','Fuga consectetur optio et iusto.','2013-01-24 08:52:49','2013-01-24 08:52:49'),(239,'Model','Ritchie and Sons','Rustic Concrete Pants','220','Iure dolorem similique enim aperiam ea est earum corrupti.','Nostrum earum dolore provident voluptas laborum molestiae iste.',NULL,NULL,0,0,'Voluptates in similique molestiae rem omnis explicabo.','Deleniti architecto in exercitationem officiis.','2013-01-24 08:52:49','2013-01-24 08:52:49'),(240,'Model','Treutel and Sons','Ergonomic Steel Gloves','221','Excepturi earum modi quis ut occaecati non iure.','Cumque qui doloribus quia debitis et sed.',NULL,NULL,0,0,'Eum cupiditate nihil rerum aut.','Quia qui distinctio sint dolores nisi minima aut quasi.','2013-01-24 08:52:49','2013-01-24 08:52:49'),(241,'Model','Pacocha LLC','Incredible Wooden Chair','222','Et et corporis aliquid est distinctio similique.','Rerum dolorem ut corrupti vel aut illum placeat voluptate.',NULL,NULL,3,0,'Perferendis unde deleniti maiores dolor.','Explicabo quam nemo molestiae at.','2013-01-24 08:52:49','2013-01-24 08:52:49'),(242,'Model','Wolff, VonRueden and Wisoky','Incredible Concrete Car','223','Blanditiis qui vel doloribus voluptas officiis consectetur culpa aut.','Quas enim laudantium ducimus.',NULL,NULL,2,0,'Earum excepturi minima possimus.','Earum sit aut accusantium ea pariatur et.','2013-01-24 08:52:49','2013-01-24 08:52:49'),(243,'Model','Lehner Inc','Ergonomic Plastic Chair','224','Perferendis debitis cum explicabo error ullam laudantium cumque.','Voluptas tempore sit consectetur non maiores dolores blanditiis iste.',NULL,NULL,2,0,'Vel aperiam nihil temporibus.','Quia voluptas numquam distinctio quibusdam consequatur.','2013-01-24 08:52:49','2013-01-24 08:52:49'),(244,'Model','Hodkiewicz, Abshire and Stoltenberg','Intelligent Granite Hat','225','Assumenda laudantium corporis hic a tenetur dicta.','Aspernatur aut est mollitia saepe ea explicabo.',NULL,NULL,3,0,'Culpa quaerat sed doloribus.','Ea reiciendis fuga eligendi.','2013-01-24 08:52:49','2013-01-24 08:52:49'),(245,'Model','Wisoky Inc','Small Granite Table','226','Voluptatum mollitia dolorum aut perspiciatis consequatur.','Maxime eligendi rerum rerum.',NULL,NULL,0,0,'Tempora nihil eveniet officia at vel sed inventore.','Exercitationem ducimus vitae nisi tempora eos asperiores natus et.','2013-01-24 08:52:49','2013-01-24 08:52:49'),(246,'Model','Schroeder, Kub and Swift','Practical Cotton Gloves','227','Repudiandae aliquam neque harum delectus qui sint illum vitae.','Est aut iure id ut.',NULL,NULL,1,0,'Omnis voluptatibus eius cum ea sint doloribus.','Temporibus quia et quia et distinctio.','2013-01-24 08:52:49','2013-01-24 08:52:49'),(247,'Model','Turcotte LLC','Small Plastic Car','228','Voluptas facere hic doloribus mollitia autem similique saepe officia.','Cumque impedit aut quo earum officia.',NULL,NULL,2,0,'Eum saepe impedit unde blanditiis tempore nihil.','Vel est non fugiat sit.','2013-01-24 08:52:49','2013-01-24 08:52:49'),(248,'Model','Thompson Inc','Incredible Cotton Pants','229','Ratione aperiam hic laudantium vero incidunt.','Omnis quas non est et voluptas quidem mollitia.',NULL,NULL,2,0,'Dolores sed omnis nulla quia hic odio facilis.','Hic dolores facilis blanditiis est quaerat.','2013-01-24 08:52:49','2013-01-24 08:52:49'),(249,'Model','Kuvalis Group','Ergonomic Wooden Chair','230','Dignissimos eligendi deleniti occaecati ad magnam omnis voluptas in.','Est rerum fugiat tempora voluptas nostrum velit.',NULL,NULL,3,0,'Et sequi nam sed sit voluptatibus.','Dolor dolore voluptatem harum ut minima et optio.','2013-01-24 08:52:49','2013-01-24 08:52:49'),(250,'Model','Miller, Pollich and Frami','Fantastic Wooden Car','231','Sed aliquid veniam libero assumenda possimus.','Delectus incidunt dignissimos nemo.',NULL,NULL,2,0,'Ab quia commodi sit amet et.','Consequatur nam saepe ut nisi quaerat sed ipsam.','2013-01-24 08:52:49','2013-01-24 08:52:49'),(251,'Model','Fay, Runolfsson and Blanda','Practical Concrete Hat','232','Est quisquam cupiditate voluptatem sunt aut.','Doloribus eos rem dignissimos quam eos labore esse quaerat.',NULL,NULL,3,0,'Harum et sit aspernatur consequatur officiis nobis possimus.','Consequuntur et voluptatem quibusdam ullam.','2013-01-24 08:52:49','2013-01-24 08:52:49'),(252,'Model','Wyman-Gutmann','Awesome Plastic Chair','233','Quis repellendus harum suscipit.','Sit voluptatem tenetur molestiae.',NULL,NULL,2,0,'Reprehenderit eum cupiditate voluptatem quas aut qui sed perspiciatis.','Voluptatem et veniam omnis consequatur doloribus id.','2013-01-24 08:52:49','2013-01-24 08:52:49'),(253,'Model','Morissette-Huel','Gorgeous Concrete Gloves','234','Est sit odit amet praesentium ducimus.','Nobis qui aut consequatur suscipit.',NULL,NULL,1,0,'Commodi quis molestias sed libero velit dolor.','Temporibus architecto odio doloremque excepturi veniam velit qui.','2013-01-24 08:52:49','2013-01-24 08:52:49'),(254,'Model','Kozey LLC','Incredible Steel Shirt','235','Debitis tempora vel perspiciatis dolor odio ut consequatur.','Maxime et architecto quia corrupti asperiores et sed voluptatem.',NULL,NULL,3,0,'Consequatur dolorum quia dolores qui ut accusantium.','Ut nostrum quo voluptatum tempora sit rerum sit non.','2013-01-24 08:52:49','2013-01-24 08:52:49'),(255,'Model','Jerde-Erdman','Fantastic Steel Shirt','236','Inventore quasi distinctio ut.','Corrupti aut nesciunt omnis placeat sint repellat eum et.',NULL,NULL,2,0,'Sed nisi molestias corporis sint commodi consequatur quam.','Nesciunt temporibus et sint.','2013-01-24 08:52:49','2013-01-24 08:52:49'),(256,'Model','Torphy LLC','Small Concrete Computer','237','Aut illum id facilis accusantium in qui.','Amet repudiandae itaque ut ratione modi hic.',NULL,NULL,1,0,'Pariatur nesciunt commodi exercitationem iste repellat.','Facilis earum beatae dignissimos et qui aut error.','2013-01-24 08:52:49','2013-01-24 08:52:49'),(257,'Model','Spinka, Pagac and Blanda','Practical Plastic Shirt','238','Exercitationem qui error occaecati voluptatum fuga voluptate enim.','Iure illo laboriosam dicta id incidunt corporis.',NULL,NULL,2,0,'Corporis officia ex voluptatem iste maiores.','Aut fugit nostrum qui corporis odit voluptatem nihil.','2013-01-24 08:52:49','2013-01-24 08:52:49'),(258,'Model','Kuhic, Hudson and Buckridge','Sleek Steel Shoes','239','Dolorem quasi et omnis commodi nam.','Voluptatem consequatur nemo doloremque.',NULL,NULL,0,0,'Est sequi illo voluptatum.','Rem voluptatem eius voluptatem.','2013-01-24 08:52:49','2013-01-24 08:52:49'),(259,'Model','Predovic Group','Incredible Cotton Computer','240','Cum sint et accusamus ut.','Ut quasi rerum tenetur.',NULL,NULL,1,0,'Deserunt voluptatum itaque consequatur velit cupiditate dolores occaecati rerum.','Laudantium amet assumenda maxime labore dolore excepturi ratione aut.','2013-01-24 08:52:49','2013-01-24 08:52:49'),(260,'Model','Larkin, Witting and Wyman','Intelligent Rubber Gloves','241','Natus magnam praesentium commodi est et.','Accusamus blanditiis culpa beatae error omnis dolor hic vitae.',NULL,NULL,1,0,'Sed deleniti impedit iste quam deserunt quia qui in.','Iure eveniet consequatur molestiae.','2013-01-24 08:52:49','2013-01-24 08:52:49'),(261,'Model','Toy Inc','Ergonomic Cotton Car','242','Eius ut quaerat accusamus repellat eveniet.','Ut consequatur molestias nobis est temporibus voluptatem qui sapiente.',NULL,NULL,3,0,'Sed eos enim aut.','Dolores hic eos nobis eum voluptate aut nam.','2013-01-24 08:52:49','2013-01-24 08:52:49'),(262,'Model','Collins, Batz and Buckridge','Gorgeous Wooden Pants','243','Itaque delectus officiis porro deserunt quae provident cum sint.','Eveniet recusandae quam rerum optio omnis corporis non.',NULL,NULL,3,0,'Tenetur nostrum ipsum perspiciatis aspernatur omnis.','Ipsum rem ex qui repudiandae quidem sunt nam.','2013-01-24 08:52:49','2013-01-24 08:52:49'),(263,'Model','Huels Inc','Ergonomic Wooden Shirt','244','Recusandae dolorem totam dolorem laboriosam aut ut.','Voluptates vel praesentium hic assumenda sed numquam dolore.',NULL,NULL,3,0,'Voluptatem eaque officia animi aut eligendi eum quidem.','Accusantium veniam maxime in nihil suscipit magnam.','2013-01-24 08:52:49','2013-01-24 08:52:49'),(264,'Model','Lebsack, Rodriguez and Bogan','Small Wooden Table','245','Quo aliquid dicta veritatis ratione hic quas.','Molestias repudiandae porro sint aut rem reprehenderit.',NULL,NULL,0,0,'Iste accusamus quis asperiores doloribus illum perferendis nostrum.','Et consectetur numquam accusantium.','2013-01-24 08:52:49','2013-01-24 08:52:49'),(265,'Model','Pollich-Fahey','Small Concrete Shoes','246','Sunt quia adipisci consequuntur ipsam.','Accusamus doloremque velit molestiae.',NULL,NULL,0,0,'Repellat quas enim consectetur.','Voluptas quidem accusantium aut qui quod omnis maxime.','2013-01-24 08:52:49','2013-01-24 08:52:49'),(266,'Model','Grimes, Daniel and Lynch','Awesome Concrete Shoes','247','Harum occaecati autem delectus assumenda.','Et est quia quia dolores modi libero odio.',NULL,NULL,2,0,'Quia provident temporibus qui quas.','Quasi doloremque enim similique ut.','2013-01-24 08:52:49','2013-01-24 08:52:49'),(267,'Model','Hickle-Spinka','Rustic Steel Shirt','248','Dolorem odio est tempore quo ut explicabo qui delectus.','Et laudantium velit exercitationem deleniti repudiandae fugiat.',NULL,NULL,2,0,'Architecto voluptatem id nostrum.','Non ut qui enim.','2013-01-24 08:52:49','2013-01-24 08:52:49'),(268,'Model','Streich, Sporer and Rowe','Incredible Plastic Table','249','Aliquid tempora eum ipsam beatae.','Ex modi voluptatem velit illum perferendis iure ullam.',NULL,NULL,0,0,'In ut iste odit.','Voluptates at blanditiis voluptate laborum officiis natus in.','2013-01-24 08:52:49','2013-01-24 08:52:49'),(269,'Model','Fadel-Shields','Ergonomic Steel Chair','250','Cum dignissimos enim in.','Dolorum enim aut qui debitis.',NULL,NULL,0,0,'Quis rem doloribus laboriosam at totam eum.','Quaerat eaque corrupti id exercitationem est suscipit delectus.','2013-01-24 08:52:49','2013-01-24 08:52:49'),(270,'Model','Brekke Inc','Practical Plastic Computer','251','Nihil enim nesciunt consequatur id.','Quasi soluta voluptatem qui maxime non.',NULL,NULL,3,0,'Beatae molestiae est magnam aut nam dicta dolorum.','Consequatur libero ullam non dolor est quia.','2013-01-24 08:52:49','2013-01-24 08:52:49'),(271,'Model','Deckow-Conn','Rustic Steel Pants','252','Ea similique consequatur et delectus ipsum.','Aspernatur quam quia iusto.',NULL,NULL,0,0,'Autem pariatur illo enim inventore.','Quasi exercitationem qui itaque dolorem.','2013-01-24 08:52:49','2013-01-24 08:52:49'),(272,'Model','Monahan-Green','Awesome Granite Shirt','253','Non quia autem eaque est quia illo.','Veritatis consequuntur voluptatem dolorem eum veniam.',NULL,NULL,0,0,'Et culpa qui aut voluptate doloribus impedit.','Beatae vel iste est vero recusandae quidem mollitia.','2013-01-18 08:52:49','2013-01-18 08:52:49'),(273,'Model','Turner-Ullrich','Practical Concrete Chair','254','Reiciendis doloremque alias numquam.','Facere in eius magni ut laborum dolore.',NULL,NULL,2,0,'Ratione cumque quaerat consequuntur similique eveniet.','Porro voluptas et et dolor enim odit ut.','2013-01-18 08:52:49','2013-01-18 08:52:49'),(274,'Model','Feeney, Schowalter and Gislason','Rustic Granite Shirt','255','Ratione nihil possimus omnis asperiores laboriosam enim voluptas.','Eos quos voluptatem molestiae.',NULL,NULL,2,0,'Quia repellat laboriosam et quam quia.','Odit suscipit ut molestias ex exercitationem iste.','2013-01-18 08:52:49','2013-01-18 08:52:49'),(275,'Model','Marks, Stamm and Fadel','Awesome Plastic Hat','256','Sequi delectus maiores ea quis ducimus qui sed.','Itaque libero incidunt labore doloribus unde.',NULL,NULL,3,0,'Omnis illum eligendi quia eius.','Tempora necessitatibus et maxime et.','2013-01-24 08:52:49','2013-01-24 08:52:49'),(276,'Software','Bins, Fay and Grant','Intelligent Steel Car','258',NULL,NULL,NULL,NULL,0,0,NULL,NULL,'2013-01-24 08:52:49','2013-01-24 08:52:49'),(277,'Model','Nikolaus-Lehner','Sleek Plastic Shoes','259','Esse aut velit optio tempore.','Laborum qui accusantium animi.',NULL,NULL,0,0,'Quod odit minus eos ab enim voluptas animi.','Sed vero eos odio unde.','2013-01-19 08:52:49','2013-01-19 08:52:49'),(278,'Model','Tillman Inc','Practical Steel Pants','261','Delectus alias rerum similique.','Non aliquam veritatis modi.',NULL,NULL,1,0,'Laboriosam earum mollitia esse.','Earum illo ut officia sapiente aspernatur.','2013-01-24 08:52:49','2013-01-24 08:52:49'),(279,'Software','Kessler Group','Incredible Steel Gloves','262',NULL,NULL,NULL,NULL,0,0,NULL,NULL,'2013-01-24 08:52:49','2013-01-24 08:52:49'),(280,'Model','Maggio, Bednar and Dietrich','Intelligent Plastic Pants','263','Odio quaerat pariatur exercitationem ut officiis vero sapiente magni.','Saepe voluptatem rerum et voluptas aliquid ab.',NULL,NULL,0,0,'Aliquid vel optio quam aliquam et totam ad.','Qui fugiat vitae magni dolores id est.','2013-01-24 08:52:49','2013-01-24 08:52:49'),(281,'Model','Feeney Group','Ergonomic Granite Hat','265','Cum sit in doloremque animi.','Veritatis et et consequatur voluptatum et ducimus qui.',NULL,NULL,1,0,'Ex quisquam harum aliquam ipsa iure beatae.','Et provident deserunt et.','2013-01-24 08:52:49','2013-01-24 08:52:49'),(282,'Model','Mosciski and Sons','Fantastic Granite Computer','266','Molestias nemo qui commodi neque doloremque natus voluptatem voluptates.','Unde alias aut magni repellat consequuntur molestiae dolorem nisi.',NULL,NULL,1,0,'Cum mollitia est ut libero illum et in.','Aut aut necessitatibus alias ut laborum.','2013-01-24 08:52:49','2013-01-24 08:52:49'),(283,'Model','Wiegand LLC','Incredible Wooden Car','267','Aspernatur quo sit itaque.','Quia vel temporibus ab sed illum placeat.',NULL,NULL,0,0,'Molestiae magni vel rerum ut velit.','Incidunt aspernatur est nobis ad odit.','2013-01-24 08:52:49','2013-01-24 08:52:49'),(284,'Model','Stroman, Lesch and Mohr','Practical Cotton Shirt','268','Nihil iste reiciendis incidunt ducimus.','Earum cumque ut optio sed nesciunt incidunt quod.',NULL,NULL,1,0,'Modi repellendus consequuntur asperiores.','Ut veritatis quidem et hic voluptas rem et rerum.','2013-01-24 08:52:49','2013-01-24 08:52:49'),(285,'Model','Prosacco Inc','Awesome Concrete Gloves','269','Suscipit eos officiis laudantium.','Quod quam cupiditate consequuntur harum eius.',NULL,NULL,3,0,'Aut eos pariatur nobis sed minus quia.','Necessitatibus minima iure repellendus non est error non.','2013-01-24 08:52:49','2013-01-24 08:52:49'),(286,'Model','Dibbert, Borer and Bradtke','Sleek Plastic Pants','270','Enim eaque ex tempora sunt architecto dicta incidunt sed.','Impedit quis ut id.',NULL,NULL,2,0,'Quaerat molestiae odio beatae.','Voluptatem dolor et enim neque.','2013-01-24 08:52:49','2013-01-24 08:52:49'),(287,'Model','Sipes and Sons','Awesome Rubber Table','271','Nulla voluptas corrupti in et non pariatur.','Ut cum et nemo cupiditate qui veniam quidem.',NULL,NULL,3,0,'Itaque est voluptatum aperiam voluptatem.','Fuga cupiditate quo velit dolores vero distinctio.','2013-01-24 08:52:49','2013-01-24 08:52:49'),(288,'Model','VonRueden, Kohler and Brakus','Rustic Concrete Table','272','Necessitatibus dolorem animi nobis.','Odit sit aut quidem voluptatem et.',NULL,NULL,3,0,'Et dolorem rerum quis sapiente.','Et est quasi earum dolores debitis ipsa quibusdam.','2013-01-24 08:52:49','2013-01-24 08:52:49'),(289,'Model','Padberg and Sons','Intelligent Wooden Car','273','Beatae nostrum odio id harum est magni qui asperiores.','Dolor assumenda saepe accusantium eos totam sit rerum ducimus.',NULL,NULL,2,0,'Soluta consequatur laudantium dolorem doloribus.','Quo veniam tenetur maiores in voluptatem distinctio.','2013-01-24 08:52:49','2013-01-24 08:52:49'),(290,'Model','Carroll-Muller','Practical Granite Hat','274','Sed quis maiores doloribus.','Aut consequatur ad atque blanditiis aliquid est laboriosam quas.',NULL,NULL,3,0,'Eum explicabo est qui minus doloremque.','Molestias dolores nisi dolore nihil quis.','2013-01-24 08:52:49','2013-01-24 08:52:49'),(291,'Model','Ryan LLC','Gorgeous Cotton Computer','275','Facilis perferendis suscipit omnis.','Eos exercitationem dignissimos qui ut consequuntur magnam.',NULL,NULL,2,0,'Quis praesentium dicta sed.','Sit ipsum sunt maiores eum est laborum nisi natus.','2013-01-24 08:52:49','2013-01-24 08:52:49'),(292,'Model','Schulist-Nader','Sleek Steel Computer','276','Velit voluptatem sequi hic totam.','Molestias magnam et tenetur et quisquam.',NULL,NULL,0,0,'Ut quibusdam fugit deleniti quod.','Harum inventore perspiciatis eos voluptatibus itaque sed.','2013-01-24 08:52:49','2013-01-24 08:52:49'),(293,'Model','Wunsch, Mann and Feil','Rustic Granite Table','277','Quo et qui laboriosam qui.','Laudantium corrupti totam illum dolore sit rerum labore dolorem.',NULL,NULL,0,0,'Iste magni eveniet aut voluptates.','Adipisci optio ut cupiditate aut quas voluptatem corporis et.','2013-01-24 08:52:49','2013-01-24 08:52:49'),(294,'Model','Grimes-Kozey','Intelligent Wooden Table','278','Ipsum dolores aspernatur dicta perspiciatis.','Dolore aut aut quasi officiis.',NULL,NULL,2,0,'Sequi omnis maxime similique aliquid maiores ratione odio et.','Incidunt est suscipit doloribus labore.','2013-01-24 08:52:49','2013-01-24 08:52:49'),(295,'Model','Franecki, Carter and Keebler','Ergonomic Plastic Car','279','Voluptatem atque impedit sit culpa consectetur velit.','Commodi nihil sed deleniti qui consequatur.',NULL,NULL,0,0,'Commodi eum eligendi quod molestias.','Nobis id recusandae qui aut ex atque explicabo.','2013-01-24 08:52:49','2013-01-24 08:52:49'),(296,'Model','Lemke LLC','Incredible Rubber Computer','280','Eius autem accusamus et cum voluptatem.','Ab reprehenderit excepturi soluta exercitationem enim est cupiditate nisi.',NULL,NULL,0,0,'Magni explicabo ut voluptates velit molestiae enim quo.','Aut dolorem qui esse veritatis ullam tempore.','2013-01-24 08:52:49','2013-01-24 08:52:49'),(297,'Model','Roob, Legros and Goyette','Rustic Cotton Shoes','281','Voluptatibus iste voluptatem nihil.','Fugiat quos illum asperiores voluptatem totam.',NULL,NULL,3,0,'Est excepturi quasi ut omnis occaecati non modi ipsa.','Quo et vel odit quasi esse quia neque.','2013-01-24 08:52:49','2013-01-24 08:52:49'),(298,'Model','Nicolas-Robel','Small Cotton Pants','282','Quaerat mollitia vel voluptas a porro magnam magni.','Ipsa facere perspiciatis odit laboriosam deserunt molestias.',NULL,NULL,3,0,'Quae fugit laboriosam quos.','Id quia consequuntur et dolores omnis nihil eos.','2013-01-24 08:52:49','2013-01-24 08:52:49'),(299,'Model','Stokes, Moore and Ryan','Practical Concrete Shirt','283','Optio voluptates et eligendi tenetur harum perspiciatis.','Aut amet quod ratione quis et ut dolores.',NULL,NULL,1,0,'Ea eum cumque rerum et.','Aspernatur ut deserunt sint non sed quis.','2013-01-24 08:52:49','2013-01-24 08:52:49'),(300,'Model','Schaden and Sons','Practical Wooden Shoes','284','Rerum culpa quia alias ea maxime rerum omnis et.','Aut sed sit odit natus dicta architecto est rerum.',NULL,NULL,3,0,'Ut assumenda explicabo molestiae inventore.','Non odio quam quos illum non eligendi et incidunt.','2013-01-24 08:52:49','2013-01-24 08:52:49'),(301,'Model','Barton Group','Fantastic Concrete Shoes','285','Quas est omnis eos eum officia incidunt dolores.','Eos dolores ab ut sed aut harum expedita est.',NULL,NULL,2,0,'Tempore ut impedit ut deserunt qui eum vel non.','Omnis distinctio porro doloribus iure voluptates velit.','2013-01-24 08:52:49','2013-01-24 08:52:49'),(302,'Model','Gottlieb Inc','Ergonomic Wooden Computer','286','Facere nihil architecto ipsa aliquam et.','Voluptatibus quasi sit placeat mollitia vel qui.',NULL,NULL,1,0,'Officiis reprehenderit ut sint culpa cumque.','Id voluptatem animi voluptate non earum aliquid.','2013-01-24 08:52:49','2013-01-24 08:52:49'),(303,'Model','Anderson Group','Rustic Wooden Car','287','Est et vero laudantium voluptates tenetur placeat quidem.','Maxime hic expedita aut in corrupti magnam.',NULL,NULL,3,0,'Eum sit et ut sapiente ipsum.','Velit amet sunt molestias ea molestiae similique.','2013-01-24 08:52:49','2013-01-24 08:52:49'),(304,'Model','Rodriguez and Sons','Practical Wooden Shirt','288','Molestiae molestias et et provident ut sit.','Vitae natus dolorem non corporis.',NULL,NULL,2,0,'Dolores aliquam et eos iusto soluta temporibus.','Culpa optio incidunt repellat accusamus tempore beatae.','2013-01-19 08:52:49','2013-01-19 08:52:49'),(305,'Model','Greenfelder-Marks','Gorgeous Concrete Car','289','Repellendus adipisci id magni delectus dicta totam sint.','Illo eligendi aut eius molestias.',NULL,NULL,1,0,'Est id iure voluptatem voluptatem est voluptate aut suscipit.','Exercitationem quas ea rerum eius nemo sit quia et.','2013-01-19 08:52:49','2013-01-19 08:52:49'),(306,'Model','Will and Sons','Awesome Granite Chair','290','Totam adipisci omnis officia ex sit.','Vel ad consequuntur vitae et.',NULL,NULL,1,0,'Perspiciatis et soluta vero occaecati voluptas.','Qui perferendis error sequi explicabo magnam.','2013-01-19 08:52:49','2013-01-19 08:52:49'),(307,'Model','Miller Group','Awesome Wooden Shoes','291','Sit et quae error illum a consectetur vel.','Mollitia quae autem veritatis et quaerat sed qui.',NULL,NULL,2,0,'Facilis expedita ea eum sit quam.','Quam atque recusandae eum sapiente.','2013-01-22 08:52:49','2013-01-22 08:52:49'),(308,'Model','Reichel Group','Small Cotton Hat','292','Dolore est sint ipsa alias quibusdam occaecati accusantium natus.','Aspernatur illum autem consequatur id.',NULL,NULL,1,0,'Soluta rerum aut aliquam sit.','Incidunt consequatur dignissimos quidem quia voluptates.','2013-01-22 08:52:49','2013-01-22 08:52:49'),(309,'Model','Rath, Konopelski and Morar','Gorgeous Granite Computer','293','Maxime eveniet voluptas dolor dolorem.','Quae asperiores consequatur est.',NULL,NULL,0,0,'Est accusamus fuga omnis omnis dolores.','Excepturi esse labore magnam et et animi voluptatem molestiae.','2013-01-22 08:52:49','2013-01-22 08:52:49'),(310,'Model','Kunde Group','Practical Steel Shirt','294','Eligendi corporis aspernatur velit quaerat.','Molestiae architecto autem provident quia.',NULL,NULL,2,0,'Corrupti fugit voluptas in sit ducimus mollitia nihil quia.','Ut sit sunt dignissimos deleniti id praesentium.','2013-01-22 08:52:49','2013-01-22 08:52:49'),(311,'Model','Beer, Russel and Veum','Awesome Concrete Computer','295','Eaque natus perspiciatis maxime beatae totam.','Repudiandae tempore et aspernatur vel quod.',NULL,NULL,2,0,'Voluptatem voluptas suscipit officia optio quo saepe nesciunt.','Rerum saepe accusamus ut.','2013-01-22 08:52:49','2013-01-22 08:52:49');
/*!40000 ALTER TABLE `models` ENABLE KEYS */;
UNLOCK TABLES;

--
-- Table structure for table `models_compatibles`
--

DROP TABLE IF EXISTS `models_compatibles`;
/*!40101 SET @saved_cs_client     = @@character_set_client */;
/*!40101 SET character_set_client = utf8 */;
CREATE TABLE `models_compatibles` (
  `model_id` int(11) DEFAULT NULL,
  `compatible_id` int(11) DEFAULT NULL,
  KEY `index_models_compatibles_on_compatible_id` (`compatible_id`),
  KEY `index_models_compatibles_on_model_id` (`model_id`),
  CONSTRAINT `models_compatibles_compatible_id_fk` FOREIGN KEY (`compatible_id`) REFERENCES `models` (`id`),
  CONSTRAINT `models_compatibles_model_id_fk` FOREIGN KEY (`model_id`) REFERENCES `models` (`id`)
) ENGINE=InnoDB DEFAULT CHARSET=utf8 COLLATE=utf8_unicode_ci;
/*!40101 SET character_set_client = @saved_cs_client */;

--
-- Dumping data for table `models_compatibles`
--

LOCK TABLES `models_compatibles` WRITE;
/*!40000 ALTER TABLE `models_compatibles` DISABLE KEYS */;
INSERT INTO `models_compatibles` VALUES (15,14),(16,14),(17,14);
/*!40000 ALTER TABLE `models_compatibles` ENABLE KEYS */;
UNLOCK TABLES;

--
-- Table structure for table `notifications`
--

DROP TABLE IF EXISTS `notifications`;
/*!40101 SET @saved_cs_client     = @@character_set_client */;
/*!40101 SET character_set_client = utf8 */;
CREATE TABLE `notifications` (
  `id` int(11) NOT NULL AUTO_INCREMENT,
  `user_id` int(11) DEFAULT NULL,
  `title` varchar(255) COLLATE utf8_unicode_ci DEFAULT '',
  `created_at` datetime NOT NULL,
  PRIMARY KEY (`id`),
  KEY `index_notifications_on_user_id` (`user_id`),
  CONSTRAINT `notifications_user_id_fk` FOREIGN KEY (`user_id`) REFERENCES `users` (`id`) ON DELETE CASCADE
) ENGINE=InnoDB DEFAULT CHARSET=utf8 COLLATE=utf8_unicode_ci;
/*!40101 SET character_set_client = @saved_cs_client */;

--
-- Dumping data for table `notifications`
--

LOCK TABLES `notifications` WRITE;
/*!40000 ALTER TABLE `notifications` DISABLE KEYS */;
/*!40000 ALTER TABLE `notifications` ENABLE KEYS */;
UNLOCK TABLES;

--
-- Table structure for table `numerators`
--

DROP TABLE IF EXISTS `numerators`;
/*!40101 SET @saved_cs_client     = @@character_set_client */;
/*!40101 SET character_set_client = utf8 */;
CREATE TABLE `numerators` (
  `id` int(11) NOT NULL AUTO_INCREMENT,
  `item` int(11) DEFAULT NULL,
  PRIMARY KEY (`id`)
) ENGINE=InnoDB DEFAULT CHARSET=utf8 COLLATE=utf8_unicode_ci;
/*!40101 SET character_set_client = @saved_cs_client */;

--
-- Dumping data for table `numerators`
--

LOCK TABLES `numerators` WRITE;
/*!40000 ALTER TABLE `numerators` DISABLE KEYS */;
/*!40000 ALTER TABLE `numerators` ENABLE KEYS */;
UNLOCK TABLES;

--
-- Table structure for table `options`
--

DROP TABLE IF EXISTS `options`;
/*!40101 SET @saved_cs_client     = @@character_set_client */;
/*!40101 SET character_set_client = utf8 */;
CREATE TABLE `options` (
  `id` int(11) NOT NULL AUTO_INCREMENT,
  `inventory_pool_id` int(11) DEFAULT NULL,
  `inventory_code` varchar(255) COLLATE utf8_unicode_ci DEFAULT NULL,
  `manufacturer` varchar(255) COLLATE utf8_unicode_ci DEFAULT NULL,
  `product` varchar(255) COLLATE utf8_unicode_ci NOT NULL,
  `version` varchar(255) COLLATE utf8_unicode_ci DEFAULT NULL,
  `price` decimal(8,2) DEFAULT NULL,
  PRIMARY KEY (`id`),
  KEY `index_options_on_inventory_pool_id` (`inventory_pool_id`),
  CONSTRAINT `options_inventory_pool_id_fk` FOREIGN KEY (`inventory_pool_id`) REFERENCES `inventory_pools` (`id`)
) ENGINE=InnoDB AUTO_INCREMENT=8 DEFAULT CHARSET=utf8 COLLATE=utf8_unicode_ci;
/*!40101 SET character_set_client = @saved_cs_client */;

--
-- Dumping data for table `options`
--

LOCK TABLES `options` WRITE;
/*!40000 ALTER TABLE `options` DISABLE KEYS */;
INSERT INTO `options` VALUES (1,1,'akku-aa',NULL,'Akku AA','96','1367.00'),(2,1,'akku-aaa',NULL,'Akku AAA','97','213.00'),(3,1,'usb',NULL,'USB Kabel','98','918.00'),(4,1,'sandsack123',NULL,'Sandsack','99','165.00'),(5,1,'nih1707',NULL,'Sleek Granite Gloves','257','1490.00'),(6,2,'odi6112',NULL,'Incredible Wooden Hat','260','650.00'),(7,1,'qui5445',NULL,'Small Concrete Gloves','264','1330.00');
/*!40000 ALTER TABLE `options` ENABLE KEYS */;
UNLOCK TABLES;

--
-- Table structure for table `partitions`
--

DROP TABLE IF EXISTS `partitions`;
/*!40101 SET @saved_cs_client     = @@character_set_client */;
/*!40101 SET character_set_client = utf8 */;
CREATE TABLE `partitions` (
  `id` int(11) NOT NULL AUTO_INCREMENT,
  `model_id` int(11) DEFAULT NULL,
  `inventory_pool_id` int(11) DEFAULT NULL,
  `group_id` int(11) DEFAULT NULL,
  `quantity` int(11) DEFAULT NULL,
  PRIMARY KEY (`id`),
  UNIQUE KEY `index_partitions_on_model_id_and_inventory_pool_id_and_group_id` (`model_id`,`inventory_pool_id`,`group_id`),
  KEY `partitions_group_id_fk` (`group_id`),
  KEY `partitions_inventory_pool_id_fk` (`inventory_pool_id`),
  CONSTRAINT `partitions_model_id_fk` FOREIGN KEY (`model_id`) REFERENCES `models` (`id`) ON DELETE CASCADE,
  CONSTRAINT `partitions_group_id_fk` FOREIGN KEY (`group_id`) REFERENCES `groups` (`id`),
  CONSTRAINT `partitions_inventory_pool_id_fk` FOREIGN KEY (`inventory_pool_id`) REFERENCES `inventory_pools` (`id`)
) ENGINE=InnoDB AUTO_INCREMENT=11 DEFAULT CHARSET=utf8 COLLATE=utf8_unicode_ci;
/*!40101 SET character_set_client = @saved_cs_client */;

--
-- Dumping data for table `partitions`
--

LOCK TABLES `partitions` WRITE;
/*!40000 ALTER TABLE `partitions` DISABLE KEYS */;
INSERT INTO `partitions` VALUES (1,10,1,4,1),(2,8,1,1,1),(3,8,1,2,1),(4,15,1,1,1),(5,16,1,5,1),(6,17,1,6,1),(7,19,1,7,1),(8,21,1,7,1),(9,20,1,8,1),(10,22,1,10,1);
/*!40000 ALTER TABLE `partitions` ENABLE KEYS */;
UNLOCK TABLES;

--
-- Temporary table structure for view `partitions_with_generals`
--

DROP TABLE IF EXISTS `partitions_with_generals`;
/*!50001 DROP VIEW IF EXISTS `partitions_with_generals`*/;
SET @saved_cs_client     = @@character_set_client;
SET character_set_client = utf8;
/*!50001 CREATE TABLE `partitions_with_generals` (
  `model_id` int(11),
  `inventory_pool_id` int(11),
  `group_id` int(11),
  `quantity` decimal(33,0)
) ENGINE=MyISAM */;
SET character_set_client = @saved_cs_client;

--
-- Table structure for table `properties`
--

DROP TABLE IF EXISTS `properties`;
/*!40101 SET @saved_cs_client     = @@character_set_client */;
/*!40101 SET character_set_client = utf8 */;
CREATE TABLE `properties` (
  `id` int(11) NOT NULL AUTO_INCREMENT,
  `model_id` int(11) DEFAULT NULL,
  `key` varchar(255) COLLATE utf8_unicode_ci DEFAULT NULL,
  `value` varchar(255) COLLATE utf8_unicode_ci DEFAULT NULL,
  PRIMARY KEY (`id`),
  KEY `index_properties_on_model_id` (`model_id`),
  CONSTRAINT `properties_model_id_fk` FOREIGN KEY (`model_id`) REFERENCES `models` (`id`) ON DELETE CASCADE
) ENGINE=InnoDB AUTO_INCREMENT=13 DEFAULT CHARSET=utf8 COLLATE=utf8_unicode_ci;
/*!40101 SET character_set_client = @saved_cs_client */;

--
-- Dumping data for table `properties`
--

LOCK TABLES `properties` WRITE;
/*!40000 ALTER TABLE `properties` DISABLE KEYS */;
INSERT INTO `properties` VALUES (1,15,'Rotordurchmesser','120'),(2,15,'Akkus','2'),(3,15,'Farbe','Rot'),(4,16,'Rotordurchmesser','120'),(5,16,'Akkus','2'),(6,16,'Farbe','Rot'),(7,16,'max. Speed','80 kmh'),(8,16,'Gyro','Ja'),(9,16,'Achsen','3-Achsen'),(10,17,'Rotordurchmesser','120'),(11,17,'Akkus','2'),(12,17,'Farbe','Rot');
/*!40000 ALTER TABLE `properties` ENABLE KEYS */;
UNLOCK TABLES;

--
-- Table structure for table `purposes`
--

DROP TABLE IF EXISTS `purposes`;
/*!40101 SET @saved_cs_client     = @@character_set_client */;
/*!40101 SET character_set_client = utf8 */;
CREATE TABLE `purposes` (
  `id` int(11) NOT NULL AUTO_INCREMENT,
  `description` text COLLATE utf8_unicode_ci,
  PRIMARY KEY (`id`)
) ENGINE=InnoDB AUTO_INCREMENT=72 DEFAULT CHARSET=utf8 COLLATE=utf8_unicode_ci;
/*!40101 SET character_set_client = @saved_cs_client */;

--
-- Dumping data for table `purposes`
--

LOCK TABLES `purposes` WRITE;
/*!40000 ALTER TABLE `purposes` DISABLE KEYS */;
INSERT INTO `purposes` VALUES (1,'Bentige ich fr die Aufnahmen meiner Abschlussarbeit.'),(2,'Bentige ich fr die Aufnahmen meiner Abschlussarbeit.'),(3,'Ut laboriosam similique voluptas itaque.'),(4,'Excepturi sit ducimus qui sequi sit dolores provident.'),(5,'Aliquam fugiat voluptatem voluptatem qui enim cupiditate aut eos.'),(6,'Cum porro aut accusamus vel corporis architecto.'),(7,'Sit consequatur rerum sunt exercitationem.'),(8,'Ersatzstativ fr die Ausstellung.'),(9,'Ersatzstativ fr die Ausstellung.'),(10,'Ersatzstativ fr die Ausstellung.'),(11,'Ersatzstativ fr die Ausstellung.'),(12,'Ersatzstativ fr die Ausstellung.'),(13,'Ersatzstativ fr die Ausstellung.'),(14,'Ersatzstativ fr die Ausstellung.'),(15,'Ersatzstativ fr die Ausstellung.'),(16,'Ersatzstativ fr die Ausstellung.'),(17,'Ersatzstativ fr die Ausstellung.'),(18,'Fr meinen aktuellen Kurs.'),(19,'Fr meinen aktuellen Kurs.'),(20,'Fr meinen aktuellen Kurs.'),(21,'Fr meinen aktuellen Kurs.'),(22,'Illum sit expedita voluptas facilis quis ut qui.'),(23,'Impedit cum dicta alias.'),(24,'Totam sit optio magni nesciunt.'),(25,'Ersatzstativ fr die Ausstellung.'),(26,'Ersatzstativ fr die Ausstellung.'),(27,'Ersatzstativ fr die Ausstellung.'),(28,'Facilis eum eaque itaque eligendi praesentium aut.'),(29,'Et omnis non voluptas ipsa.'),(30,'Porro omnis hic inventore ut.'),(31,'Mollitia fugit animi officia cupiditate sed pariatur sed.'),(32,'Quia labore accusamus ut in dignissimos.'),(33,'Aliquid rerum inventore occaecati incidunt.'),(34,'Esse doloribus fugiat amet magnam architecto tempora officiis.'),(35,'Ut provident illo dignissimos architecto.'),(36,'Possimus officia et ipsa tempora voluptas numquam.'),(37,'Omnis dolorem facere quo neque corrupti.'),(38,'Ersatzstativ fr die Ausstellung.'),(39,'Fr das zweite Austellungswochenende.'),(40,'Fr das zweite Austellungswochenende.'),(41,'Fr das dritte Austellungswochenende.'),(42,'Fr die Abschlussarbeit.'),(43,'Ersatzstativ fr die Ausstellung.'),(44,'Ersatzstativ fr die Ausstellung.'),(45,'Ersatzstativ fr die Ausstellung.'),(46,'Bestellung mit Software'),(47,'Bestellung mit Gegenstand ohne Ort'),(48,'Um meine Abschlussarbeit zu fotografieren.'),(49,'Als Ersatz.'),(50,'Architecto magni error non in.'),(51,'Aut sapiente soluta magni necessitatibus doloribus.'),(52,'Um meine Abschlussarbeit zu fotografieren.'),(53,'Um meine Abschlussarbeit zu fotografieren.'),(54,'Um meine Abschlussarbeit zu fotografieren.'),(55,'Tenetur ab provident voluptatibus.'),(56,'Et omnis neque ut culpa repellendus.'),(57,'Paketausgabe'),(58,'Ersatzstativ fr die Ausstellung.'),(59,'Ersatzstativ fr die Ausstellung.'),(60,'Ganz dringend bentigt fr meine Abschlussarbeit.'),(61,'Um meine Abschlussarbeit zu fotografieren.'),(62,'Um meine Abschlussarbeit zu fotografieren.'),(63,'Fotoshooting (Kurs Fotografie).'),(64,'Brauche ich zwingend fr meinen Kurs.'),(65,'Esse cumque minus quis doloremque nesciunt et similique.'),(66,'Magnam voluptate aut officiis eveniet.'),(67,'Dignissimos quod in error dolorum labore quaerat rerum.'),(68,'Officia est ut distinctio occaecati quisquam sed asperiores quia.'),(69,'Vitae nemo rerum esse et omnis.'),(70,'Ersatzstativ fr die Ausstellung.'),(71,'Ersatzstativ fr die Ausstellung.');
/*!40000 ALTER TABLE `purposes` ENABLE KEYS */;
UNLOCK TABLES;

--
-- Table structure for table `schema_migrations`
--

DROP TABLE IF EXISTS `schema_migrations`;
/*!40101 SET @saved_cs_client     = @@character_set_client */;
/*!40101 SET character_set_client = utf8 */;
CREATE TABLE `schema_migrations` (
  `version` varchar(255) COLLATE utf8_unicode_ci NOT NULL,
  UNIQUE KEY `unique_schema_migrations` (`version`)
) ENGINE=InnoDB DEFAULT CHARSET=utf8 COLLATE=utf8_unicode_ci;
/*!40101 SET character_set_client = @saved_cs_client */;

--
-- Dumping data for table `schema_migrations`
--

LOCK TABLES `schema_migrations` WRITE;
/*!40000 ALTER TABLE `schema_migrations` DISABLE KEYS */;
INSERT INTO `schema_migrations` VALUES ('20140410180000'),('20140414100000'),('20140415083535'),('20140417113831'),('20140428092844'),('20140515131025'),('20140812132326'),('20140820100242'),('20140828082448'),('20140901141016'),('20140903105715'),('20140905091014'),('20141110113231');
/*!40000 ALTER TABLE `schema_migrations` ENABLE KEYS */;
UNLOCK TABLES;

--
-- Table structure for table `settings`
--

DROP TABLE IF EXISTS `settings`;
/*!40101 SET @saved_cs_client     = @@character_set_client */;
/*!40101 SET character_set_client = utf8 */;
CREATE TABLE `settings` (
  `id` int(11) NOT NULL AUTO_INCREMENT,
  `smtp_address` varchar(255) COLLATE utf8_unicode_ci DEFAULT NULL,
  `smtp_port` int(11) DEFAULT NULL,
  `smtp_domain` varchar(255) COLLATE utf8_unicode_ci DEFAULT NULL,
  `local_currency_string` varchar(255) COLLATE utf8_unicode_ci DEFAULT NULL,
  `contract_terms` text COLLATE utf8_unicode_ci,
  `contract_lending_party_string` text COLLATE utf8_unicode_ci,
  `email_signature` varchar(255) COLLATE utf8_unicode_ci DEFAULT NULL,
  `default_email` varchar(255) COLLATE utf8_unicode_ci DEFAULT NULL,
  `deliver_order_notifications` tinyint(1) DEFAULT NULL,
  `user_image_url` varchar(255) COLLATE utf8_unicode_ci DEFAULT NULL,
  `ldap_config` varchar(255) COLLATE utf8_unicode_ci DEFAULT NULL,
  `logo_url` varchar(255) COLLATE utf8_unicode_ci DEFAULT NULL,
  `mail_delivery_method` varchar(255) COLLATE utf8_unicode_ci DEFAULT NULL,
  `smtp_username` varchar(255) COLLATE utf8_unicode_ci DEFAULT NULL,
  `smtp_password` varchar(255) COLLATE utf8_unicode_ci DEFAULT NULL,
  `smtp_enable_starttls_auto` tinyint(1) NOT NULL DEFAULT '0',
  `smtp_openssl_verify_mode` varchar(255) COLLATE utf8_unicode_ci NOT NULL DEFAULT 'none',
  `time_zone` varchar(255) COLLATE utf8_unicode_ci NOT NULL DEFAULT 'Bern',
  `disable_manage_section` tinyint(1) NOT NULL DEFAULT '0',
  `disable_manage_section_message` text COLLATE utf8_unicode_ci,
  `disable_borrow_section` tinyint(1) NOT NULL DEFAULT '0',
  `disable_borrow_section_message` text COLLATE utf8_unicode_ci,
  `text` text COLLATE utf8_unicode_ci,
  PRIMARY KEY (`id`)
) ENGINE=InnoDB AUTO_INCREMENT=2 DEFAULT CHARSET=utf8 COLLATE=utf8_unicode_ci;
/*!40101 SET character_set_client = @saved_cs_client */;

--
-- Dumping data for table `settings`
--

LOCK TABLES `settings` WRITE;
/*!40000 ALTER TABLE `settings` DISABLE KEYS */;
INSERT INTO `settings` VALUES (1,'smtp.zhdk.ch',25,'beta.ausleihe.zhdk.ch','CHF','Die Benutzerin/der Benutzer ist bei unsachgemsser Handhabung oder Verlust schadenersatzpflichtig. Sie/Er verpflichtet sich, das Material sorgfltig zu behandeln und gereinigt zu retournieren. Bei mangelbehafteter oder verspteter Rckgabe kann eine Ausleihsperre (bis zu 6 Monaten) verhngt werden. Das geliehene Material bleibt jederzeit uneingeschrnktes Eigentum der Zrcher Hochschule der Knste und darf ausschliesslich fr schulische Zwecke eingesetzt werden. Mit ihrer/seiner Unterschrift akzeptiert die Benutzerin/der Benutzer diese Bedingungen sowie die \'Richtlinie zur Ausleihe von Sachen\' der ZHdK und etwaige abteilungsspezifische Ausleih-Richtlinien.','Your\nAddress\nHere','Das PZ-leihs Team','sender@example.com',0,'http://www.zhdk.ch/?person/foto&width=100&compressionlevel=0&id={:id}',NULL,'/assets/image-logo-zhdk.png','test',NULL,NULL,0,'none','Bern',0,NULL,0,NULL,NULL);
/*!40000 ALTER TABLE `settings` ENABLE KEYS */;
UNLOCK TABLES;

--
-- Table structure for table `suppliers`
--

DROP TABLE IF EXISTS `suppliers`;
/*!40101 SET @saved_cs_client     = @@character_set_client */;
/*!40101 SET character_set_client = utf8 */;
CREATE TABLE `suppliers` (
  `id` int(11) NOT NULL AUTO_INCREMENT,
  `name` varchar(255) COLLATE utf8_unicode_ci NOT NULL,
  `created_at` datetime DEFAULT NULL,
  `updated_at` datetime DEFAULT NULL,
  PRIMARY KEY (`id`),
  UNIQUE KEY `index_suppliers_on_name` (`name`)
) ENGINE=InnoDB AUTO_INCREMENT=293 DEFAULT CHARSET=utf8 COLLATE=utf8_unicode_ci;
/*!40101 SET character_set_client = @saved_cs_client */;

--
-- Dumping data for table `suppliers`
--

LOCK TABLES `suppliers` WRITE;
/*!40000 ALTER TABLE `suppliers` DISABLE KEYS */;
INSERT INTO `suppliers` VALUES (1,'expeditadoloresetdeleniti','2013-01-24 08:52:49','2013-01-24 08:52:49'),(2,'ipsasiteiuset','2013-01-24 08:52:49','2013-01-24 08:52:49'),(3,'quosnequequi','2013-01-24 08:52:49','2013-01-24 08:52:49'),(4,'occaecatirerumquo','2013-01-24 08:52:49','2013-01-24 08:52:49'),(5,'praesentiumvoluptatemfugiatducimusaut','2013-01-24 08:52:49','2013-01-24 08:52:49'),(6,'iurepraesentiumratione','2013-01-24 08:52:49','2013-01-24 08:52:49'),(7,'impeditsint','2013-01-24 08:52:49','2013-01-24 08:52:49'),(8,'quiaimpeditnonaut','2013-01-24 08:52:49','2013-01-24 08:52:49'),(9,'utculpa','2013-01-24 08:52:49','2013-01-24 08:52:49'),(10,'quisquiauteminventore','2013-01-24 08:52:49','2013-01-24 08:52:49'),(11,'explicaboquisquamnamconsequuntur','2013-01-24 08:52:49','2013-01-24 08:52:49'),(12,'quibusdamveritatis','2013-01-24 08:52:49','2013-01-24 08:52:49'),(13,'eiusaliquid','2013-01-24 08:52:49','2013-01-24 08:52:49'),(14,'explicaboearumsimiliquevero','2013-01-24 08:52:49','2013-01-24 08:52:49'),(15,'totamofficiisrepellataddolores','2013-01-24 08:52:49','2013-01-24 08:52:49'),(16,'voluptatumeiuserrorsit','2013-01-24 08:52:49','2013-01-24 08:52:49'),(17,'rerumquaeratdelectusenim','2013-01-24 08:52:49','2013-01-24 08:52:49'),(18,'sequiquoquaedelenitiid','2013-01-24 08:52:49','2013-01-24 08:52:49'),(19,'similiquemollitiaaut','2013-01-24 08:52:49','2013-01-24 08:52:49'),(20,'rerumqui','2013-01-24 08:52:49','2013-01-24 08:52:49'),(21,'autindoloressitdolor','2013-01-24 08:52:49','2013-01-24 08:52:49'),(22,'doloribusquidem','2013-01-24 08:52:49','2013-01-24 08:52:49'),(23,'estaut','2013-01-24 08:52:49','2013-01-24 08:52:49'),(24,'nostrumharum','2013-01-24 08:52:49','2013-01-24 08:52:49'),(25,'assumendaharumiste','2013-01-24 08:52:49','2013-01-24 08:52:49'),(26,'officiisnihil','2013-01-24 08:52:49','2013-01-24 08:52:49'),(27,'quiadoloresaliquamremeos','2013-01-24 08:52:49','2013-01-24 08:52:49'),(28,'repudiandaevoluptassuscipit','2013-01-24 08:52:49','2013-01-24 08:52:49'),(29,'molestiaeadipiscitemporarecusandae','2013-01-24 08:52:49','2013-01-24 08:52:49'),(30,'etatfugavoluptatem','2013-01-24 08:52:49','2013-01-24 08:52:49'),(31,'sedetlaboriosamdistinctioet','2013-01-24 08:52:49','2013-01-24 08:52:49'),(32,'inciduntquiadoloresnesciuntnostrum','2013-01-24 08:52:49','2013-01-24 08:52:49'),(33,'remestnonfacere','2013-01-24 08:52:49','2013-01-24 08:52:49'),(34,'veritatisnam','2013-01-24 08:52:49','2013-01-24 08:52:49'),(35,'etmolestiasaliquam','2013-01-24 08:52:49','2013-01-24 08:52:49'),(36,'velitetaspernatur','2013-01-24 08:52:49','2013-01-24 08:52:49'),(37,'doloribusestut','2013-01-24 08:52:49','2013-01-24 08:52:49'),(38,'velitadipisci','2013-01-24 08:52:49','2013-01-24 08:52:49'),(39,'etoptioquasiporro','2013-01-24 08:52:49','2013-01-24 08:52:49'),(40,'accusantiumab','2013-01-24 08:52:49','2013-01-24 08:52:49'),(41,'doloresquasvoluptatemquiaaut','2013-01-24 08:52:49','2013-01-24 08:52:49'),(42,'idenimquia','2013-01-24 08:52:49','2013-01-24 08:52:49'),(43,'verobeataequae','2013-01-24 08:52:49','2013-01-24 08:52:49'),(44,'laborerepellatmolestiaeillo','2013-01-24 08:52:49','2013-01-24 08:52:49'),(45,'ullamporroab','2013-01-24 08:52:49','2013-01-24 08:52:49'),(46,'molestiasinmaximeest','2013-01-24 08:52:49','2013-01-24 08:52:49'),(47,'laudantiumquae','2013-01-24 08:52:49','2013-01-24 08:52:49'),(48,'quasietveritatis','2013-01-24 08:52:49','2013-01-24 08:52:49'),(49,'veniametquibusdam','2013-01-24 08:52:49','2013-01-24 08:52:49'),(50,'nostrumvoluptaset','2013-01-24 08:52:49','2013-01-24 08:52:49'),(51,'quaeestadipiscierror','2013-01-24 08:52:49','2013-01-24 08:52:49'),(52,'aliasnonistequout','2013-01-24 08:52:49','2013-01-24 08:52:49'),(53,'quasomnisdictaetrem','2013-01-24 08:52:49','2013-01-24 08:52:49'),(54,'nesciuntestimpeditvoluptatemminus','2013-01-24 08:52:49','2013-01-24 08:52:49'),(55,'aspernaturutteneturveniam','2013-01-24 08:52:49','2013-01-24 08:52:49'),(56,'adipisciquocupiditatedelectusvero','2013-01-24 08:52:49','2013-01-24 08:52:49'),(57,'autnobisveritatis','2013-01-24 08:52:49','2013-01-24 08:52:49'),(58,'nobisoditquibeataeeligendi','2013-01-24 08:52:49','2013-01-24 08:52:49'),(59,'adabdelectusrerumut','2013-01-24 08:52:49','2013-01-24 08:52:49'),(60,'etipsaremaliquid','2013-01-24 08:52:49','2013-01-24 08:52:49'),(61,'nobisquononiurerepudiandae','2013-01-24 08:52:49','2013-01-24 08:52:49'),(62,'quisquibusdam','2013-01-24 08:52:49','2013-01-24 08:52:49'),(63,'eteosarchitectoamet','2013-01-24 08:52:49','2013-01-24 08:52:49'),(64,'sintautidvoluptatibus','2013-01-24 08:52:49','2013-01-24 08:52:49'),(65,'nobisidpariatur','2013-01-24 08:52:49','2013-01-24 08:52:49'),(66,'autlaudantium','2013-01-24 08:52:49','2013-01-24 08:52:49'),(67,'odioquoslaborumfacilis','2013-01-24 08:52:49','2013-01-24 08:52:49'),(68,'etvoluptatibus','2013-01-24 08:52:49','2013-01-24 08:52:49'),(69,'harumadipiscinostrumquia','2013-01-24 08:52:49','2013-01-24 08:52:49'),(70,'sapienteipsadelectus','2013-01-24 08:52:49','2013-01-24 08:52:49'),(71,'exullamautodittempore','2013-01-24 08:52:49','2013-01-24 08:52:49'),(72,'blanditiiset','2013-01-24 08:52:49','2013-01-24 08:52:49'),(73,'ipsadolor','2013-01-24 08:52:49','2013-01-24 08:52:49'),(74,'iustoquibusdamquiducimus','2013-01-24 08:52:49','2013-01-24 08:52:49'),(75,'suscipitrepudiandaeodit','2013-01-24 08:52:49','2013-01-24 08:52:49'),(76,'quiaautnobislaudantiumad','2013-01-24 08:52:49','2013-01-24 08:52:49'),(77,'omnisdoloresofficiisautet','2013-01-24 08:52:49','2013-01-24 08:52:49'),(78,'molestiaeatrecusandae','2013-01-24 08:52:49','2013-01-24 08:52:49'),(79,'auteum','2013-01-24 08:52:49','2013-01-24 08:52:49'),(80,'reiciendisdolorumrerummollitiaquo','2013-01-24 08:52:49','2013-01-24 08:52:49'),(81,'placeatnobisenim','2013-01-24 08:52:49','2013-01-24 08:52:49'),(82,'quasiestautinperferendis','2013-01-24 08:52:49','2013-01-24 08:52:49'),(83,'eapariaturautvoluptate','2013-01-24 08:52:49','2013-01-24 08:52:49'),(84,'undequasivoluptatemutsuscipit','2013-01-24 08:52:49','2013-01-24 08:52:49'),(85,'quomolestiasest','2013-01-24 08:52:49','2013-01-24 08:52:49'),(86,'inquo','2013-01-24 08:52:49','2013-01-24 08:52:49'),(87,'sitdebitismaiores','2013-01-24 08:52:49','2013-01-24 08:52:49'),(88,'autemomnishic','2013-01-24 08:52:49','2013-01-24 08:52:49'),(89,'remsedest','2013-01-24 08:52:49','2013-01-24 08:52:49'),(90,'officiisnonexercitationem','2013-01-24 08:52:49','2013-01-24 08:52:49'),(91,'repellendussuntquibusdam','2013-01-24 08:52:49','2013-01-24 08:52:49'),(92,'nesciuntsimiliquedictanihil','2013-01-24 08:52:49','2013-01-24 08:52:49'),(93,'minimaetqui','2013-01-24 08:52:49','2013-01-24 08:52:49'),(94,'voluptatemeligendi','2013-01-24 08:52:49','2013-01-24 08:52:49'),(95,'etporro','2013-01-24 08:52:49','2013-01-24 08:52:49'),(96,'eumdistinctionam','2013-01-24 08:52:49','2013-01-24 08:52:49'),(97,'quasiautem','2013-01-24 08:52:49','2013-01-24 08:52:49'),(98,'etcupiditate','2013-01-24 08:52:49','2013-01-24 08:52:49'),(99,'nihilaliquamenim','2013-01-24 08:52:49','2013-01-24 08:52:49'),(100,'eumutdeserunt','2013-01-24 08:52:49','2013-01-24 08:52:49'),(101,'rerumdolorsint','2013-01-24 08:52:49','2013-01-24 08:52:49'),(102,'aet','2013-01-24 08:52:49','2013-01-24 08:52:49'),(103,'etet','2013-01-24 08:52:49','2013-01-24 08:52:49'),(104,'doloremadipiscinamsuscipitvoluptas','2013-01-24 08:52:49','2013-01-24 08:52:49'),(105,'magnamaccusantiumvelit','2013-01-24 08:52:49','2013-01-24 08:52:49'),(106,'adipisciquo','2013-01-24 08:52:49','2013-01-24 08:52:49'),(107,'etsinteumtemporaqui','2013-01-24 08:52:49','2013-01-24 08:52:49'),(108,'consequaturinametid','2013-01-24 08:52:49','2013-01-24 08:52:49'),(109,'nihilullamaccusantiumatquetempora','2013-01-24 08:52:49','2013-01-24 08:52:49'),(110,'nonsintdolore','2013-01-24 08:52:49','2013-01-24 08:52:49'),(111,'quiliberoearum','2013-01-24 08:52:49','2013-01-24 08:52:49'),(112,'estnihilinventore','2013-01-24 08:52:49','2013-01-24 08:52:49'),(113,'nemovoluptate','2013-01-24 08:52:49','2013-01-24 08:52:49'),(114,'quietutpraesentiumeaque','2013-01-24 08:52:49','2013-01-24 08:52:49'),(115,'eaquoaut','2013-01-24 08:52:49','2013-01-24 08:52:49'),(116,'laboreut','2013-01-24 08:52:49','2013-01-24 08:52:49'),(117,'eaenimdicta','2013-01-24 08:52:49','2013-01-24 08:52:49'),(118,'exercitationemcommodiconsequunturvoluptatessimilique','2013-01-24 08:52:49','2013-01-24 08:52:49'),(119,'suscipitquiquasiest','2013-01-24 08:52:49','2013-01-24 08:52:49'),(120,'atquisquasfugiat','2013-01-24 08:52:49','2013-01-24 08:52:49'),(121,'estanimiatfugit','2013-01-24 08:52:49','2013-01-24 08:52:49'),(122,'quassit','2013-01-24 08:52:49','2013-01-24 08:52:49'),(123,'doloremmodifugitet','2013-01-24 08:52:49','2013-01-24 08:52:49'),(124,'enimmolestiaeeumdistinctioqui','2013-01-24 08:52:49','2013-01-24 08:52:49'),(125,'nostrumutet','2013-01-24 08:52:49','2013-01-24 08:52:49'),(126,'sequidelenitiliberoexplicabo','2013-01-24 08:52:49','2013-01-24 08:52:49'),(127,'utporrovitaefacereet','2013-01-24 08:52:49','2013-01-24 08:52:49'),(128,'inciduntratione','2013-01-24 08:52:49','2013-01-24 08:52:49'),(129,'laboriosamquivoluptatesfugit','2013-01-24 08:52:49','2013-01-24 08:52:49'),(130,'porrositconsequatur','2013-01-24 08:52:49','2013-01-24 08:52:49'),(131,'utipsaquia','2013-01-24 08:52:49','2013-01-24 08:52:49'),(132,'etaperiametetdolor','2013-01-24 08:52:49','2013-01-24 08:52:49'),(133,'nobisdoloreseaque','2013-01-24 08:52:49','2013-01-24 08:52:49'),(134,'perferendisnulla','2013-01-24 08:52:49','2013-01-24 08:52:49'),(135,'autsitprovident','2013-01-24 08:52:49','2013-01-24 08:52:49'),(136,'eumestrerumminima','2013-01-24 08:52:49','2013-01-24 08:52:49'),(137,'mollitiacorporisminuset','2013-01-24 08:52:49','2013-01-24 08:52:49'),(138,'quaeratteneturerror','2013-01-24 08:52:49','2013-01-24 08:52:49'),(139,'sitnihil','2013-01-24 08:52:49','2013-01-24 08:52:49'),(140,'temporibussuscipitqui','2013-01-24 08:52:49','2013-01-24 08:52:49'),(141,'temporaeumrerum','2013-01-24 08:52:49','2013-01-24 08:52:49'),(142,'ipsamomnismagnam','2013-01-24 08:52:49','2013-01-24 08:52:49'),(143,'explicaboveritatisautem','2013-01-24 08:52:49','2013-01-24 08:52:49'),(144,'odioutaspernaturdictaquis','2013-01-24 08:52:49','2013-01-24 08:52:49'),(145,'quiaidetcorporis','2013-01-24 08:52:49','2013-01-24 08:52:49'),(146,'namquibusdam','2013-01-24 08:52:49','2013-01-24 08:52:49'),(147,'remnostrum','2013-01-24 08:52:49','2013-01-24 08:52:49'),(148,'solutadoloribus','2013-01-24 08:52:49','2013-01-24 08:52:49'),(149,'namsitmolestiae','2013-01-24 08:52:49','2013-01-24 08:52:49'),(150,'sedliberoblanditiiseius','2013-01-24 08:52:49','2013-01-24 08:52:49'),(151,'nostrumeumsitexercitationemaliquam','2013-01-24 08:52:49','2013-01-24 08:52:49'),(152,'errortemporaqui','2013-01-24 08:52:49','2013-01-24 08:52:49'),(153,'adutidnesciuntvoluptas','2013-01-24 08:52:49','2013-01-24 08:52:49'),(154,'placeatexquiquia','2013-01-24 08:52:49','2013-01-24 08:52:49'),(155,'voluptatibusmolestiaequosearum','2013-01-24 08:52:49','2013-01-24 08:52:49'),(156,'earemnonaut','2013-01-24 08:52:49','2013-01-24 08:52:49'),(157,'autdoloresvoluptates','2013-01-24 08:52:49','2013-01-24 08:52:49'),(158,'quoquiiste','2013-01-24 08:52:49','2013-01-24 08:52:49'),(159,'utlaboriosam','2013-01-24 08:52:49','2013-01-24 08:52:49'),(160,'ipsamnatus','2013-01-24 08:52:49','2013-01-24 08:52:49'),(161,'utvitaeeumquidem','2013-01-24 08:52:49','2013-01-24 08:52:49'),(162,'voluptaterationeblanditiisinatque','2013-01-24 08:52:49','2013-01-24 08:52:49'),(163,'nonminussintenim','2013-01-24 08:52:49','2013-01-24 08:52:49'),(164,'quoquasidolor','2013-01-24 08:52:49','2013-01-24 08:52:49'),(165,'debitisutidquibusdammagni','2013-01-24 08:52:49','2013-01-24 08:52:49'),(166,'aperiamquibusdamnulla','2013-01-24 08:52:49','2013-01-24 08:52:49'),(167,'voluptasinventoreetpraesentiumincidunt','2013-01-24 08:52:49','2013-01-24 08:52:49'),(168,'quiasitvelmodi','2013-01-24 08:52:49','2013-01-24 08:52:49'),(169,'nihilfacilis','2013-01-24 08:52:49','2013-01-24 08:52:49'),(170,'totamdeleniti','2013-01-24 08:52:49','2013-01-24 08:52:49'),(171,'blanditiisnoniurequaerat','2013-01-23 08:52:49','2013-01-23 08:52:49'),(172,'harumdoloremomnistemporibus','2013-01-23 08:52:49','2013-01-23 08:52:49'),(173,'eumdignissimosassumenda','2013-01-23 08:52:49','2013-01-23 08:52:49'),(174,'idpariaturvelit','2013-01-24 08:52:49','2013-01-24 08:52:49'),(175,'veroenim','2013-01-24 08:52:49','2013-01-24 08:52:49'),(176,'voluptasvelit','2013-01-24 08:52:49','2013-01-24 08:52:49'),(177,'quodetofficiisimpedit','2013-01-24 08:52:49','2013-01-24 08:52:49'),(178,'laborumfuga','2013-01-24 08:52:49','2013-01-24 08:52:49'),(179,'voluptatemvelmagninihil','2013-01-24 08:52:49','2013-01-24 08:52:49'),(180,'culpaeafuga','2013-01-24 08:52:49','2013-01-24 08:52:49'),(181,'magnamsitet','2013-01-24 08:52:49','2013-01-24 08:52:49'),(182,'quamullamcorporis','2013-01-24 08:52:49','2013-01-24 08:52:49'),(183,'sedutdictaa','2013-01-24 08:52:49','2013-01-24 08:52:49'),(184,'nihilsitfugaet','2013-01-24 08:52:49','2013-01-24 08:52:49'),(185,'eosdignissimoslabore','2013-01-24 08:52:49','2013-01-24 08:52:49'),(186,'eosveniampariatur','2013-01-24 08:52:49','2013-01-24 08:52:49'),(187,'quiautrepudiandaeet','2013-01-24 08:52:49','2013-01-24 08:52:49'),(188,'etvelitetquamnon','2013-01-24 08:52:49','2013-01-24 08:52:49'),(189,'nequequidemautarchitectopraesentium','2013-01-24 08:52:49','2013-01-24 08:52:49'),(190,'fugaistecupiditate','2013-01-18 08:52:49','2013-01-18 08:52:49'),(191,'voluptatemmagnised','2013-01-18 08:52:49','2013-01-18 08:52:49'),(192,'omnisconsequaturnostrumautem','2013-01-18 08:52:49','2013-01-18 08:52:49'),(193,'autemvoluptates','2013-01-18 08:52:49','2013-01-18 08:52:49'),(194,'molestiasconsequuntur','2013-01-22 08:52:49','2013-01-22 08:52:49'),(195,'odioquonihil','2013-01-22 08:52:49','2013-01-22 08:52:49'),(196,'natustemporibus','2013-01-22 08:52:49','2013-01-22 08:52:49'),(197,'debitisatqueperspiciatisidest','2013-01-22 08:52:49','2013-01-22 08:52:49'),(198,'voluptatemconsequaturatipsa','2013-01-22 08:52:49','2013-01-22 08:52:49'),(199,'quiasperiorescommodidolorem','2013-01-24 08:52:49','2013-01-24 08:52:49'),(200,'estquirepellendussednihil','2013-01-24 08:52:49','2013-01-24 08:52:49'),(201,'etsuntipsavoluptatem','2013-01-24 08:52:49','2013-01-24 08:52:49'),(202,'dolorumcorruptiutetculpa','2013-01-24 08:52:49','2013-01-24 08:52:49'),(203,'etipsaculparerumquo','2013-01-24 08:52:49','2013-01-24 08:52:49'),(204,'dolorumsitquistotam','2013-01-24 08:52:49','2013-01-24 08:52:49'),(205,'blanditiisest','2013-01-24 08:52:49','2013-01-24 08:52:49'),(206,'utcumetin','2013-01-24 08:52:49','2013-01-24 08:52:49'),(207,'veritatisquiadebitis','2013-01-24 08:52:49','2013-01-24 08:52:49'),(208,'maioressaepealiasmaxime','2013-01-24 08:52:49','2013-01-24 08:52:49'),(209,'namiure','2013-01-24 08:52:49','2013-01-24 08:52:49'),(210,'quicorporisautemillum','2013-01-24 08:52:49','2013-01-24 08:52:49'),(211,'eaeius','2013-01-24 08:52:49','2013-01-24 08:52:49'),(212,'nequeutiustoutrerum','2013-01-24 08:52:49','2013-01-24 08:52:49'),(213,'dolorsunt','2013-01-24 08:52:49','2013-01-24 08:52:49'),(214,'consequaturblanditiisveniam','2013-01-24 08:52:49','2013-01-24 08:52:49'),(215,'fugitautquia','2013-01-24 08:52:49','2013-01-24 08:52:49'),(216,'porrovoluptasvelitquidem','2013-01-24 08:52:49','2013-01-24 08:52:49'),(217,'etillumuttempore','2013-01-24 08:52:49','2013-01-24 08:52:49'),(218,'rerumexplicaboullamremmagni','2013-01-24 08:52:49','2013-01-24 08:52:49'),(219,'consequunturdoloreexercitationem','2013-01-24 08:52:49','2013-01-24 08:52:49'),(220,'etestexercitationem','2013-01-24 08:52:49','2013-01-24 08:52:49'),(221,'expeditanisisitconsequatursed','2013-01-24 08:52:49','2013-01-24 08:52:49'),(222,'temporequi','2013-01-24 08:52:49','2013-01-24 08:52:49'),(223,'voluptatumnulla','2013-01-24 08:52:49','2013-01-24 08:52:49'),(224,'liberositautemveritatisconsequatur','2013-01-24 08:52:49','2013-01-24 08:52:49'),(225,'voluptatemdelenitieaquelaborum','2013-01-24 08:52:49','2013-01-24 08:52:49'),(226,'evenietmagnietunderepellat','2013-01-24 08:52:49','2013-01-24 08:52:49'),(227,'sintdolorumvoluptatumidmolestiae','2013-01-24 08:52:49','2013-01-24 08:52:49'),(228,'repellendusreiciendisdolorquo','2013-01-24 08:52:49','2013-01-24 08:52:49'),(229,'estsedaccusantiumutquia','2013-01-24 08:52:49','2013-01-24 08:52:49'),(230,'quistemporeofficiisrepudiandae','2013-01-24 08:52:49','2013-01-24 08:52:49'),(231,'impeditnonaccusamusomnismaiores','2013-01-24 08:52:49','2013-01-24 08:52:49'),(232,'sequivoluptatereprehenderit','2013-01-24 08:52:49','2013-01-24 08:52:49'),(233,'animivoluptatibusadreiciendisdeleniti','2013-01-24 08:52:49','2013-01-24 08:52:49'),(234,'reiciendisnemoadsint','2013-01-24 08:52:49','2013-01-24 08:52:49'),(235,'voluptasquibusdamrepellat','2013-01-24 08:52:49','2013-01-24 08:52:49'),(236,'esteveniet','2013-01-24 08:52:49','2013-01-24 08:52:49'),(237,'estquodnon','2013-01-24 08:52:49','2013-01-24 08:52:49'),(238,'quiasperiores','2013-01-24 08:52:49','2013-01-24 08:52:49'),(239,'laborecorporisutvoluptatem','2013-01-24 08:52:49','2013-01-24 08:52:49'),(240,'estillodolorealias','2013-01-24 08:52:49','2013-01-24 08:52:49'),(241,'eumsaepe','2013-01-24 08:52:49','2013-01-24 08:52:49'),(242,'dictamollitiaquasullamaliquid','2013-01-24 08:52:49','2013-01-24 08:52:49'),(243,'suntipsumteneturetquis','2013-01-24 08:52:49','2013-01-24 08:52:49'),(244,'doloremsedetpossimusdolores','2013-01-24 08:52:49','2013-01-24 08:52:49'),(245,'voluptatemminuscorporisaut','2013-01-24 08:52:49','2013-01-24 08:52:49'),(246,'autemipsumlaborecupiditate','2013-01-24 08:52:49','2013-01-24 08:52:49'),(247,'dolornemoaccusamus','2013-01-24 08:52:49','2013-01-24 08:52:49'),(248,'aperiamsitplaceatquia','2013-01-24 08:52:49','2013-01-24 08:52:49'),(249,'voluptatemipsum','2013-01-24 08:52:49','2013-01-24 08:52:49'),(250,'omnisautemvoluptatem','2013-01-24 08:52:49','2013-01-24 08:52:49'),(251,'quipossimusutexplicabo','2013-01-24 08:52:49','2013-01-24 08:52:49'),(252,'iureautquiaautad','2013-01-24 08:52:49','2013-01-24 08:52:49'),(253,'dolorrerum','2013-01-24 08:52:49','2013-01-24 08:52:49'),(254,'accusamusprovidentquamoccaecati','2013-01-24 08:52:49','2013-01-24 08:52:49'),(255,'voluptatemutconsequaturautsit','2013-01-18 08:52:49','2013-01-18 08:52:49'),(256,'etestaperiam','2013-01-18 08:52:49','2013-01-18 08:52:49'),(257,'officiiscorruptitemporaet','2013-01-18 08:52:49','2013-01-18 08:52:49'),(258,'saepeeumaperiamrerum','2013-01-24 08:52:49','2013-01-24 08:52:49'),(259,'assumendautexpedita','2013-01-19 08:52:49','2013-01-19 08:52:49'),(260,'aperiamexpeditavel','2013-01-24 08:52:49','2013-01-24 08:52:49'),(261,'aliquamaniminequedolores','2013-01-24 08:52:49','2013-01-24 08:52:49'),(262,'etvoluptatemiusto','2013-01-24 08:52:49','2013-01-24 08:52:49'),(263,'beataerepellendusnihilpariaturrecusandae','2013-01-24 08:52:49','2013-01-24 08:52:49'),(264,'estundedolorreiciendisenim','2013-01-24 08:52:49','2013-01-24 08:52:49'),(265,'erroridrepellatut','2013-01-24 08:52:49','2013-01-24 08:52:49'),(266,'magniquoset','2013-01-24 08:52:49','2013-01-24 08:52:49'),(267,'quaeratblanditiisetsolutaconsequuntur','2013-01-24 08:52:49','2013-01-24 08:52:49'),(268,'oditmaioresmodi','2013-01-24 08:52:49','2013-01-24 08:52:49'),(269,'reprehenderitaliasquibusdamvoluptas','2013-01-24 08:52:49','2013-01-24 08:52:49'),(270,'accusamuset','2013-01-24 08:52:49','2013-01-24 08:52:49'),(271,'adipiscirerumsittemporibuset','2013-01-24 08:52:49','2013-01-24 08:52:49'),(272,'voluptatemplaceatquamadipisciid','2013-01-24 08:52:49','2013-01-24 08:52:49'),(273,'consequaturblanditiis','2013-01-24 08:52:49','2013-01-24 08:52:49'),(274,'quidemnobis','2013-01-24 08:52:49','2013-01-24 08:52:49'),(275,'omnisquasrerumnon','2013-01-24 08:52:49','2013-01-24 08:52:49'),(276,'sedsimilique','2013-01-24 08:52:49','2013-01-24 08:52:49'),(277,'adelenitietvoluptatemducimus','2013-01-24 08:52:49','2013-01-24 08:52:49'),(278,'iustoet','2013-01-24 08:52:49','2013-01-24 08:52:49'),(279,'sapienteperspiciatisanimiutnon','2013-01-24 08:52:49','2013-01-24 08:52:49'),(280,'blanditiissolutaquiafugaeaque','2013-01-24 08:52:49','2013-01-24 08:52:49'),(281,'eosvoluptaseumnemo','2013-01-24 08:52:49','2013-01-24 08:52:49'),(282,'nonetexsit','2013-01-24 08:52:49','2013-01-24 08:52:49'),(283,'undedoloribus','2013-01-24 08:52:49','2013-01-24 08:52:49'),(284,'minusadipisciautnumquam','2013-01-24 08:52:49','2013-01-24 08:52:49'),(285,'nihilatexcepturi','2013-01-19 08:52:49','2013-01-19 08:52:49'),(286,'essealiquid','2013-01-19 08:52:49','2013-01-19 08:52:49'),(287,'atvoluptates','2013-01-19 08:52:49','2013-01-19 08:52:49'),(288,'etvelvoluptatibusdolorarchitecto','2013-01-22 08:52:49','2013-01-22 08:52:49'),(289,'ipsumnihilconsequatursuscipit','2013-01-22 08:52:49','2013-01-22 08:52:49'),(290,'quiaodit','2013-01-22 08:52:49','2013-01-22 08:52:49'),(291,'reiciendisiustodelenitianimicum','2013-01-22 08:52:49','2013-01-22 08:52:49'),(292,'sedtotamharum','2013-01-22 08:52:49','2013-01-22 08:52:49');
/*!40000 ALTER TABLE `suppliers` ENABLE KEYS */;
UNLOCK TABLES;

--
-- Table structure for table `users`
--

DROP TABLE IF EXISTS `users`;
/*!40101 SET @saved_cs_client     = @@character_set_client */;
/*!40101 SET character_set_client = utf8 */;
CREATE TABLE `users` (
  `id` int(11) NOT NULL AUTO_INCREMENT,
  `login` varchar(255) COLLATE utf8_unicode_ci DEFAULT NULL,
  `firstname` varchar(255) COLLATE utf8_unicode_ci DEFAULT NULL,
  `lastname` varchar(255) COLLATE utf8_unicode_ci DEFAULT NULL,
  `phone` varchar(255) COLLATE utf8_unicode_ci DEFAULT NULL,
  `authentication_system_id` int(11) DEFAULT '1',
  `unique_id` varchar(255) COLLATE utf8_unicode_ci DEFAULT NULL,
  `email` varchar(255) COLLATE utf8_unicode_ci DEFAULT NULL,
  `badge_id` varchar(255) COLLATE utf8_unicode_ci DEFAULT NULL,
  `address` varchar(255) COLLATE utf8_unicode_ci DEFAULT NULL,
  `city` varchar(255) COLLATE utf8_unicode_ci DEFAULT NULL,
  `zip` varchar(255) COLLATE utf8_unicode_ci DEFAULT NULL,
  `country` varchar(255) COLLATE utf8_unicode_ci DEFAULT NULL,
  `language_id` int(11) DEFAULT NULL,
  `extended_info` text COLLATE utf8_unicode_ci,
  `settings` varchar(1024) COLLATE utf8_unicode_ci DEFAULT NULL,
  `created_at` datetime DEFAULT NULL,
  `updated_at` datetime DEFAULT NULL,
  `delegator_user_id` int(11) DEFAULT NULL,
  PRIMARY KEY (`id`),
  KEY `index_users_on_authentication_system_id` (`authentication_system_id`),
  KEY `users_language_id_fk` (`language_id`),
  KEY `users_delegator_user_id_fk` (`delegator_user_id`),
  CONSTRAINT `users_delegator_user_id_fk` FOREIGN KEY (`delegator_user_id`) REFERENCES `users` (`id`),
  CONSTRAINT `users_authentication_system_id_fk` FOREIGN KEY (`authentication_system_id`) REFERENCES `authentication_systems` (`id`),
  CONSTRAINT `users_language_id_fk` FOREIGN KEY (`language_id`) REFERENCES `languages` (`id`)
) ENGINE=InnoDB AUTO_INCREMENT=36 DEFAULT CHARSET=utf8 COLLATE=utf8_unicode_ci;
/*!40101 SET character_set_client = @saved_cs_client */;

--
-- Dumping data for table `users`
--

LOCK TABLES `users` WRITE;
/*!40000 ALTER TABLE `users` DISABLE KEYS */;
INSERT INTO `users` VALUES (1,'gino','Gino','Weissnat','01164274474',1,'z1q2ga43nubgv3j9ja','gino@zhdk.ch','1bph2de5mfc9ggovcm',NULL,'East Roberta','A-CT7R 7BB','Afghanistan',3,NULL,'--- !ruby/hash:ActiveSupport::HashWithIndifferentAccess {}\n','2013-01-24 08:52:49','2013-01-24 08:52:49',NULL),(2,'ramon','Ramon','Carroll','05677066694',1,'nmr18d20r7dwr43gtc','ramon@zhdk.ch','c42yypeeo4llzkbucw',NULL,'East Doyle','U-YA4P 8AD','United States Minor Outlying Islands',3,NULL,'--- !ruby/hash:ActiveSupport::HashWithIndifferentAccess {}\n','2013-01-24 08:52:49','2013-01-24 08:52:49',NULL),(3,'matti','Matti','Dietrich','01322356245',1,'6n2bintqicxa3lwar7','matti@zhdk.ch','e1v7zq3o1lcvw0yhbp',NULL,'Lake Rubyeton','U-WC6N 7TG','Uzbekistan',3,NULL,'--- !ruby/hash:ActiveSupport::HashWithIndifferentAccess {}\n','2013-01-24 08:52:49','2013-01-24 08:52:49',NULL),(4,'mike','Mike','Hammes','01908903134',1,'jujisd4hafbp56edmw','mike@zhdk.ch','0fbk75pd5kxamog8e9',NULL,'Lake Lamonthaven','J-W2 8LJ','Jordan',3,NULL,'--- !ruby/hash:ActiveSupport::HashWithIndifferentAccess {}\n','2013-01-24 08:52:49','2013-01-24 08:52:49',NULL),(5,'pius','Pius','Osinski','05584923983',1,'d9cz0t0glab5plhnj4','pius@zhdk.ch','oqkeyslxkwjmivcwhq',NULL,'East Clarabellemouth','C-ZC4 1AJ','Cocos (Keeling) Islands',3,NULL,'--- !ruby/hash:ActiveSupport::HashWithIndifferentAccess {}\n','2013-01-24 08:52:49','2013-01-24 08:52:49',NULL),(6,'normin','Normin','Homenick','05653701524',1,'6rn717clc15mexnikn','normin@zhdk.ch','ysrgnavaxwdbqqx6lh',NULL,'South Camila','T-SE3 5BZ','Turkmenistan',3,NULL,'--- !ruby/hash:ActiveSupport::HashWithIndifferentAccess {}\n','2013-01-24 08:52:49','2013-01-24 08:52:49',NULL),(7,'ronny','Ronny','Welch','0169776658',1,'i63z2lanz65i4nxwx9','lending_manager1@zhdk.ch','g4djvgy8an3f9zitf6',NULL,'South Amarabury','A-H90 9DL','Anguilla',3,NULL,'--- !ruby/hash:ActiveSupport::HashWithIndifferentAccess {}\n','2013-01-24 08:52:49','2013-01-24 08:52:49',NULL),(8,'peter','Peter','Silie','03326478715',1,'q43mc1bww3nbf3js1q','peter@silie.com','kwnuv8n29900azr76f',NULL,'Andreaneville','H-LO9H 1BJ','Haiti',3,NULL,'--- !ruby/hash:ActiveSupport::HashWithIndifferentAccess {}\n','2013-01-24 08:52:49','2013-01-24 08:52:49',NULL),(9,'andi','Andi','Schaefer','01459716679',1,'13ic0aj678njgat0rm','andi@zhdk.ch','gbyg58uyduue2k29ce',NULL,'Olsonstad','S-W6Y 3AL','Saint Kitts and Nevis',3,NULL,'--- !ruby/hash:ActiveSupport::HashWithIndifferentAccess {}\n','2013-01-24 08:52:49','2013-01-24 08:52:49',NULL),(10,'mina','Mina','Sanford','03509831544',1,'ydpd27eyy62xpku7qp','mina@zhdk.ch','fc3s0vysj2azyz7puk',NULL,'West Axeltown','T-R2R 5LP','Tokelau',3,NULL,'--- !ruby/hash:ActiveSupport::HashWithIndifferentAccess {}\n','2013-01-24 08:52:49','2013-01-24 08:52:49',NULL),(11,'petra','Petra','Hoppe','0500601600',1,'wnp9191jo6ogbvl21j','petra@zhdk.ch','55oom7gsbzjs0w350w','5437 Malika Gardens, ','Hillaryview','B-ZA6R 6EA','Burkina Faso',3,NULL,'--- !ruby/hash:ActiveSupport::HashWithIndifferentAccess {}\n','2013-01-24 08:52:49','2013-01-24 08:52:49',NULL),(12,'julie','Julie','Rohan','08215495697',1,'1ldf8flv8e2c5i2066','julie@zhdk.ch','6qwylasqpx0wgq91w2',NULL,'Ervinberg','G-SL2V 8JX','Guinea-Bissau',1,NULL,'--- !ruby/hash:ActiveSupport::HashWithIndifferentAccess {}\n','2013-01-24 08:52:49','2013-01-24 08:52:49',NULL),(13,'lisa','Lisa','Kirlin','01194959654',1,'fhsyqkihylvhtzd84o','lisa@zhdk.ch','juos31m057l4f9ncx5',NULL,'East Angusshire','Y-S1 5YW','Yemen',3,NULL,'--- !ruby/hash:ActiveSupport::HashWithIndifferentAccess {}\n','2013-01-24 08:52:49','2013-01-24 08:52:49',NULL),(14,'santa','Santa','Lind','09846512191',1,'jfgv4a33ginb1xm44b','customer1@zhdk.ch','8luwyhauhypff7jm6a',NULL,'Port Daphney','K-FC0 5AN','Kiribati',1,NULL,'--- !ruby/hash:ActiveSupport::HashWithIndifferentAccess {}\n','2013-01-24 08:52:49','2013-01-24 08:52:49',NULL),(15,'afton','Afton','Heaney','08003681968',1,'fusgqzoi014bkqgh5m','customer2@zhdk.ch','6mzbw7yykb4n0rqs5c',NULL,'Willmsburgh','I-YD1 3JQ','Israel',1,NULL,'--- !ruby/hash:ActiveSupport::HashWithIndifferentAccess {}\n','2013-01-24 08:52:49','2013-01-24 08:52:49',NULL),(16,'toni','Toni','Douglas','09217145813',1,'g486gcf7xyjxgrmj5c','customer3@zhdk.ch','zvve8u73gi4l4r9d5x',NULL,'Kenyattaville','G-T7 4LL','Guadeloupe',1,NULL,'--- !ruby/hash:ActiveSupport::HashWithIndifferentAccess {}\n','2013-01-24 08:52:49','2013-01-24 08:52:49',NULL),(17,'stone','Stone','Runolfsson','02867124004',1,'4v80hwiajw146aqh3j','customer4@zhdk.ch','hiy793otm32s0hvbru',NULL,'Waldoside','B-JB9B 5LB','Bouvet Island (Bouvetoya)',1,NULL,'--- !ruby/hash:ActiveSupport::HashWithIndifferentAccess {}\n','2013-01-24 08:52:49','2013-01-24 08:52:49',NULL),(18,'megane','Megane','Bradtke','03225175766',1,'dq4or8npvv2c8j5xmd','customer5@zhdk.ch','revr8nxu8wemhpbolw',NULL,'Bashirianmouth','A-WL9 9AJ','Aruba',1,NULL,'--- !ruby/hash:ActiveSupport::HashWithIndifferentAccess {}\n','2013-01-24 08:52:49','2013-01-24 08:52:49',NULL),(19,'leanna','Leanna','Kemmer','08366345258',1,'r0rimbmks7ebsrmvbv','customer6@zhdk.ch','sk7xtc6y61hd97l53x',NULL,'New Pedro','D-YE9E 0LJ','Djibouti',1,NULL,'--- !ruby/hash:ActiveSupport::HashWithIndifferentAccess {}\n','2013-01-24 08:52:49','2013-01-24 08:52:49',NULL),(20,'jarvis','Jarvis','Tromp','02289979820',1,'he5o6fv8ybj6l1ctj3','customer7@zhdk.ch','95vp4qhx69rbq6k1sq',NULL,'West Toni','C-YT7 6BP','Cote d\'Ivoire',1,NULL,'--- !ruby/hash:ActiveSupport::HashWithIndifferentAccess {}\n','2013-01-24 08:52:49','2013-01-24 08:52:49',NULL),(21,'fleta','Fleta','Schmeler','08467640360',1,'udgeko32rr66naote5','customer8@zhdk.ch','fts4foqe8cqve5da66',NULL,'Lake Briana','P-W9X 3HA','Panama',1,NULL,'--- !ruby/hash:ActiveSupport::HashWithIndifferentAccess {}\n','2013-01-24 08:52:49','2013-01-24 08:52:49',NULL),(22,'fidel','Fidel','Treutel','0800828077',1,'mtxg3nerq94aln17pv','customer9@zhdk.ch','d1yz615bvfdq1s9r56',NULL,'Vicentamouth','S-Z2 9AB','Suriname',1,NULL,'--- !ruby/hash:ActiveSupport::HashWithIndifferentAccess {}\n','2013-01-24 08:52:49','2013-01-24 08:52:49',NULL),(23,'chet','Chet','Kuhn','05567328446',1,'syhsoxk48jh9hqtqhd','delegator1@zhdk.ch','mlucp7ih8v7htsm0rm',NULL,'West Cleve','C-WX4 2ZB','Croatia',1,NULL,'--- !ruby/hash:ActiveSupport::HashWithIndifferentAccess {}\n','2013-01-24 08:52:49','2013-01-24 08:52:49',NULL),(24,'raymond','Raymond','Legros','05625781764',1,'op997sx675fggbrmta','delegated1@zhdk.ch','calzsga70tlwloemfd',NULL,'Rathbury','N-R3 1JJ','Niue',1,NULL,'--- !ruby/hash:ActiveSupport::HashWithIndifferentAccess {}\n','2013-01-24 08:52:49','2013-01-24 08:52:49',NULL),(25,'precious_129','Heber','Fay','01511304213',1,'8edmqm5cnubro5soj0','luna_fisher@krajcikhills.name','fnuumns9b8aanp63mp','8716 Cassandre Port','Micahmouth','P-YB2 8WJ','Palau',1,NULL,'--- !ruby/hash:ActiveSupport::HashWithIndifferentAccess {}\n','2013-01-24 08:52:49','2013-01-24 08:52:49',NULL),(26,NULL,'Delegation 1',NULL,NULL,NULL,NULL,NULL,NULL,NULL,NULL,NULL,NULL,1,NULL,'--- !ruby/hash:ActiveSupport::HashWithIndifferentAccess {}\n','2013-01-24 08:52:49','2013-01-24 08:52:49',12),(27,NULL,'Delegation 2',NULL,NULL,NULL,NULL,NULL,NULL,NULL,NULL,NULL,NULL,1,NULL,'--- !ruby/hash:ActiveSupport::HashWithIndifferentAccess {}\n','2013-01-24 08:52:49','2013-01-24 08:52:49',10),(28,NULL,'Delegation 3',NULL,NULL,NULL,NULL,NULL,NULL,NULL,NULL,NULL,NULL,1,NULL,'--- !ruby/hash:ActiveSupport::HashWithIndifferentAccess {}\n','2013-01-24 08:52:49','2013-01-24 08:52:49',10),(29,NULL,'Delegation 4',NULL,NULL,NULL,NULL,NULL,NULL,NULL,NULL,NULL,NULL,1,NULL,'--- !ruby/hash:ActiveSupport::HashWithIndifferentAccess {}\n','2013-01-24 08:52:49','2013-01-24 08:52:49',10),(30,NULL,'Delegation 5',NULL,NULL,NULL,NULL,NULL,NULL,NULL,NULL,NULL,NULL,1,NULL,'--- !ruby/hash:ActiveSupport::HashWithIndifferentAccess {}\n','2013-01-24 08:52:49','2013-01-24 08:52:49',23),(31,'kaden_5308','Ryder','Hane','08521766060',1,'pilmnde0efqzsgrv8q','laverna.ryan@baumbachgoyette.com','8wlg1qur2n649sgsm7','5713 Fisher Path','North Idellville','T-YU42 4BW','Turks and Caicos Islands',1,NULL,'--- !ruby/hash:ActiveSupport::HashWithIndifferentAccess {}\n','2013-01-24 08:52:49','2013-01-24 08:52:49',NULL),(32,'horace.price_3948','Raina','Tillman','09930636259',1,'ux5jt48eky2qpeu8ui','derrick@weimann.com','ljdamklgkj4uth1gvn','1040 McClure Gardens','Effertzshire','P-Z5 2AZ','Portugal',1,NULL,'--- !ruby/hash:ActiveSupport::HashWithIndifferentAccess {}\n','2013-01-24 08:52:49','2013-01-24 08:52:49',NULL),(33,'kaitlin.bashirian_8093','Rhiannon','Kunde','0800867430',1,'8a83uqbjbnugwnydz5','merritt@schambergerhuels.com','tp2u8w9cscgcv0drhj','4903 Krajcik Lane','East Alvenabury','M-W5 0BJ','Malawi',1,NULL,'--- !ruby/hash:ActiveSupport::HashWithIndifferentAccess {}\n','2013-01-24 08:52:49','2013-01-24 08:52:49',NULL),(34,'angela_4130','Nelson','Labadie','02494943361',1,'a10w5m497dw35j69kq','charley_schuppe@keebler.name','ba99yhstcv2wtqg752','52323 Hahn Drive','East Scotburgh','P-HH6 5BY','Paraguay',1,NULL,'--- !ruby/hash:ActiveSupport::HashWithIndifferentAccess {}\n','2013-01-24 08:52:49','2013-01-24 08:52:49',NULL),(35,'jed_4346','Karianne','Rodriguez','0146533944',1,'znky347hm1x5pvxt4v','mazie_hamill@pollich.name','6ediv242obc8d0nrih','420 Gaylord Isle','Port Brant','P-T8W 6AZ','Palau',1,NULL,'--- !ruby/hash:ActiveSupport::HashWithIndifferentAccess {}\n','2013-01-24 08:52:49','2013-01-24 08:52:49',NULL);
/*!40000 ALTER TABLE `users` ENABLE KEYS */;
UNLOCK TABLES;

--
-- Temporary table structure for view `visit_lines`
--

DROP TABLE IF EXISTS `visit_lines`;
/*!50001 DROP VIEW IF EXISTS `visit_lines`*/;
SET @saved_cs_client     = @@character_set_client;
SET character_set_client = utf8;
/*!50001 CREATE TABLE `visit_lines` (
  `visit_id` varchar(148),
  `inventory_pool_id` int(11),
  `user_id` int(11),
  `delegated_user_id` int(11),
  `status` enum('unsubmitted','submitted','rejected','approved','signed','closed'),
  `action` varchar(9),
  `date` date,
  `quantity` int(11),
  `contract_line_id` int(11)
) ENGINE=MyISAM */;
SET character_set_client = @saved_cs_client;

--
-- Temporary table structure for view `visits`
--

DROP TABLE IF EXISTS `visits`;
/*!50001 DROP VIEW IF EXISTS `visits`*/;
SET @saved_cs_client     = @@character_set_client;
SET character_set_client = utf8;
/*!50001 CREATE TABLE `visits` (
  `id` varchar(148),
  `inventory_pool_id` int(11),
  `user_id` int(11),
  `status` enum('unsubmitted','submitted','rejected','approved','signed','closed'),
  `action` varchar(9),
  `date` date,
  `quantity` decimal(32,0)
) ENGINE=MyISAM */;
SET character_set_client = @saved_cs_client;

--
-- Table structure for table `workdays`
--

DROP TABLE IF EXISTS `workdays`;
/*!40101 SET @saved_cs_client     = @@character_set_client */;
/*!40101 SET character_set_client = utf8 */;
CREATE TABLE `workdays` (
  `id` int(11) NOT NULL AUTO_INCREMENT,
  `inventory_pool_id` int(11) DEFAULT NULL,
  `monday` tinyint(1) DEFAULT '1',
  `tuesday` tinyint(1) DEFAULT '1',
  `wednesday` tinyint(1) DEFAULT '1',
  `thursday` tinyint(1) DEFAULT '1',
  `friday` tinyint(1) DEFAULT '1',
  `saturday` tinyint(1) DEFAULT '0',
  `sunday` tinyint(1) DEFAULT '0',
  `reservation_advance_days` int(11) DEFAULT '0',
  `max_visits` text COLLATE utf8_unicode_ci,
  PRIMARY KEY (`id`),
  KEY `index_workdays_on_inventory_pool_id` (`inventory_pool_id`),
  CONSTRAINT `workdays_inventory_pool_id_fk` FOREIGN KEY (`inventory_pool_id`) REFERENCES `inventory_pools` (`id`) ON DELETE CASCADE
) ENGINE=InnoDB AUTO_INCREMENT=13 DEFAULT CHARSET=utf8 COLLATE=utf8_unicode_ci;
/*!40101 SET character_set_client = @saved_cs_client */;

--
-- Dumping data for table `workdays`
--

LOCK TABLES `workdays` WRITE;
/*!40000 ALTER TABLE `workdays` DISABLE KEYS */;
INSERT INTO `workdays` VALUES (1,1,1,1,1,1,1,0,0,0,'---\n\'1\': 10\n\'2\': 20\n\'3\': 30\n'),(2,2,1,1,1,1,1,0,0,0,'--- {}\n'),(3,3,1,1,1,1,1,0,0,0,'--- {}\n'),(4,4,1,1,1,1,1,0,0,0,'--- {}\n'),(5,5,1,1,1,1,1,0,0,0,'--- {}\n'),(6,6,1,1,1,1,1,0,0,0,'--- {}\n'),(7,7,1,1,1,1,1,0,0,0,'--- {}\n'),(8,8,1,1,1,1,1,0,0,0,'--- {}\n'),(9,9,1,1,1,1,1,0,0,0,'--- {}\n'),(10,10,1,1,1,1,1,0,0,0,'--- {}\n'),(11,11,1,1,1,1,1,0,0,0,'--- {}\n'),(12,12,1,1,1,1,1,0,0,0,'--- {}\n');
/*!40000 ALTER TABLE `workdays` ENABLE KEYS */;
UNLOCK TABLES;

--
-- Final view structure for view `partitions_with_generals`
--

/*!50001 DROP TABLE IF EXISTS `partitions_with_generals`*/;
/*!50001 DROP VIEW IF EXISTS `partitions_with_generals`*/;
/*!50001 SET @saved_cs_client          = @@character_set_client */;
/*!50001 SET @saved_cs_results         = @@character_set_results */;
/*!50001 SET @saved_col_connection     = @@collation_connection */;
/*!50001 SET character_set_client      = utf8 */;
/*!50001 SET character_set_results     = utf8 */;
/*!50001 SET collation_connection      = utf8_general_ci */;
/*!50001 CREATE ALGORITHM=UNDEFINED */
/*!50001 VIEW `partitions_with_generals` AS select `partitions`.`model_id` AS `model_id`,`partitions`.`inventory_pool_id` AS `inventory_pool_id`,`partitions`.`group_id` AS `group_id`,`partitions`.`quantity` AS `quantity` from `partitions` union select `i`.`model_id` AS `model_id`,`i`.`inventory_pool_id` AS `inventory_pool_id`,NULL AS `group_id`,(count(`i`.`id`) - ifnull((select sum(`p`.`quantity`) from `partitions` `p` where ((`p`.`model_id` = `i`.`model_id`) and (`p`.`inventory_pool_id` = `i`.`inventory_pool_id`)) group by `p`.`inventory_pool_id`,`p`.`model_id`),0)) AS `quantity` from `items` `i` where (isnull(`i`.`retired`) and (`i`.`is_borrowable` = 1) and isnull(`i`.`parent_id`)) group by `i`.`inventory_pool_id`,`i`.`model_id` */;
/*!50001 SET character_set_client      = @saved_cs_client */;
/*!50001 SET character_set_results     = @saved_cs_results */;
/*!50001 SET collation_connection      = @saved_col_connection */;

--
-- Final view structure for view `visit_lines`
--

/*!50001 DROP TABLE IF EXISTS `visit_lines`*/;
/*!50001 DROP VIEW IF EXISTS `visit_lines`*/;
/*!50001 SET @saved_cs_client          = @@character_set_client */;
/*!50001 SET @saved_cs_results         = @@character_set_results */;
/*!50001 SET @saved_col_connection     = @@collation_connection */;
/*!50001 SET character_set_client      = utf8 */;
/*!50001 SET character_set_results     = utf8 */;
/*!50001 SET collation_connection      = utf8_general_ci */;
/*!50001 CREATE ALGORITHM=UNDEFINED */
/*!50001 VIEW `visit_lines` AS select hex(concat_ws('_',if((`c`.`status` = 'approved'),`cl`.`start_date`,`cl`.`end_date`),`c`.`inventory_pool_id`,`c`.`user_id`,`c`.`status`)) AS `visit_id`,`c`.`inventory_pool_id` AS `inventory_pool_id`,`c`.`user_id` AS `user_id`,`c`.`delegated_user_id` AS `delegated_user_id`,`c`.`status` AS `status`,if((`c`.`status` = 'approved'),'hand_over','take_back') AS `action`,if((`c`.`status` = 'approved'),`cl`.`start_date`,`cl`.`end_date`) AS `date`,`cl`.`quantity` AS `quantity`,`cl`.`id` AS `contract_line_id` from (`contract_lines` `cl` join `contracts` `c` on((`cl`.`contract_id` = `c`.`id`))) where ((`c`.`status` in ('approved','signed')) and isnull(`cl`.`returned_date`)) order by if((`c`.`status` = 'approved'),`cl`.`start_date`,`cl`.`end_date`) */;
/*!50001 SET character_set_client      = @saved_cs_client */;
/*!50001 SET character_set_results     = @saved_cs_results */;
/*!50001 SET collation_connection      = @saved_col_connection */;

--
-- Final view structure for view `visits`
--

/*!50001 DROP TABLE IF EXISTS `visits`*/;
/*!50001 DROP VIEW IF EXISTS `visits`*/;
/*!50001 SET @saved_cs_client          = @@character_set_client */;
/*!50001 SET @saved_cs_results         = @@character_set_results */;
/*!50001 SET @saved_col_connection     = @@collation_connection */;
/*!50001 SET character_set_client      = utf8 */;
/*!50001 SET character_set_results     = utf8 */;
/*!50001 SET collation_connection      = utf8_general_ci */;
/*!50001 CREATE ALGORITHM=UNDEFINED */
/*!50001 VIEW `visits` AS select hex(concat_ws('_',`visit_lines`.`date`,`visit_lines`.`inventory_pool_id`,`visit_lines`.`user_id`,`visit_lines`.`status`)) AS `id`,`visit_lines`.`inventory_pool_id` AS `inventory_pool_id`,`visit_lines`.`user_id` AS `user_id`,`visit_lines`.`status` AS `status`,`visit_lines`.`action` AS `action`,`visit_lines`.`date` AS `date`,sum(`visit_lines`.`quantity`) AS `quantity` from `visit_lines` group by `visit_lines`.`user_id`,`visit_lines`.`status`,`visit_lines`.`date`,`visit_lines`.`inventory_pool_id` */;
/*!50001 SET character_set_client      = @saved_cs_client */;
/*!50001 SET character_set_results     = @saved_cs_results */;
/*!50001 SET collation_connection      = @saved_col_connection */;
/*!40103 SET TIME_ZONE=@OLD_TIME_ZONE */;

/*!40101 SET SQL_MODE=@OLD_SQL_MODE */;
/*!40014 SET FOREIGN_KEY_CHECKS=@OLD_FOREIGN_KEY_CHECKS */;
/*!40014 SET UNIQUE_CHECKS=@OLD_UNIQUE_CHECKS */;
/*!40101 SET CHARACTER_SET_CLIENT=@OLD_CHARACTER_SET_CLIENT */;
/*!40101 SET CHARACTER_SET_RESULTS=@OLD_CHARACTER_SET_RESULTS */;
/*!40101 SET COLLATION_CONNECTION=@OLD_COLLATION_CONNECTION */;
/*!40111 SET SQL_NOTES=@OLD_SQL_NOTES */;

-- Dump completed on 2014-12-03 14:00:52
