-- MySQL dump 10.13  Distrib 5.5.40, for debian-linux-gnu (x86_64)
--
-- Host: localhost    Database: leihs2_test
-- ------------------------------------------------------
-- Server version	5.5.40-1

/*!40101 SET @OLD_CHARACTER_SET_CLIENT=@@CHARACTER_SET_CLIENT */;
/*!40101 SET @OLD_CHARACTER_SET_RESULTS=@@CHARACTER_SET_RESULTS */;
/*!40101 SET @OLD_COLLATION_CONNECTION=@@COLLATION_CONNECTION */;
/*!40101 SET NAMES utf8 */;
/*!40103 SET @OLD_TIME_ZONE=@@TIME_ZONE */;
/*!40103 SET TIME_ZONE='+00:00' */;
/*!40014 SET @OLD_UNIQUE_CHECKS=@@UNIQUE_CHECKS, UNIQUE_CHECKS=0 */;
/*!40014 SET @OLD_FOREIGN_KEY_CHECKS=@@FOREIGN_KEY_CHECKS, FOREIGN_KEY_CHECKS=0 */;
/*!40101 SET @OLD_SQL_MODE=@@SQL_MODE, SQL_MODE='NO_AUTO_VALUE_ON_ZERO' */;
/*!40111 SET @OLD_SQL_NOTES=@@SQL_NOTES, SQL_NOTES=0 */;

--
-- Table structure for table `access_rights`
--

DROP TABLE IF EXISTS `access_rights`;
/*!40101 SET @saved_cs_client     = @@character_set_client */;
/*!40101 SET character_set_client = utf8 */;
CREATE TABLE `access_rights` (
  `id` int(11) NOT NULL AUTO_INCREMENT,
  `user_id` int(11) DEFAULT NULL,
  `inventory_pool_id` int(11) DEFAULT NULL,
  `suspended_until` date DEFAULT NULL,
  `suspended_reason` text COLLATE utf8_unicode_ci,
  `deleted_at` date DEFAULT NULL,
  `created_at` datetime DEFAULT NULL,
  `updated_at` datetime DEFAULT NULL,
  `role` enum('customer','group_manager','lending_manager','inventory_manager','admin') COLLATE utf8_unicode_ci NOT NULL,
  PRIMARY KEY (`id`),
  KEY `index_access_rights_on_suspended_until` (`suspended_until`),
  KEY `index_access_rights_on_deleted_at` (`deleted_at`),
  KEY `index_access_rights_on_inventory_pool_id` (`inventory_pool_id`),
  KEY `index_access_rights_on_role` (`role`),
  KEY `index_on_user_id_and_inventory_pool_id_and_deleted_at` (`user_id`,`inventory_pool_id`,`deleted_at`),
  CONSTRAINT `access_rights_user_id_fk` FOREIGN KEY (`user_id`) REFERENCES `users` (`id`),
  CONSTRAINT `access_rights_inventory_pool_id_fk` FOREIGN KEY (`inventory_pool_id`) REFERENCES `inventory_pools` (`id`) ON DELETE CASCADE
) ENGINE=InnoDB AUTO_INCREMENT=46 DEFAULT CHARSET=utf8 COLLATE=utf8_unicode_ci;
/*!40101 SET character_set_client = @saved_cs_client */;

--
-- Dumping data for table `access_rights`
--

LOCK TABLES `access_rights` WRITE;
/*!40000 ALTER TABLE `access_rights` DISABLE KEYS */;
INSERT INTO `access_rights` VALUES (1,1,NULL,NULL,NULL,NULL,'2016-11-24 14:19:28','2016-11-24 14:19:28','admin'),(2,2,NULL,NULL,NULL,NULL,'2016-11-24 14:19:28','2016-11-24 14:19:28','admin'),(3,2,1,NULL,NULL,NULL,'2016-11-24 14:19:28','2016-11-24 14:19:28','customer'),(4,3,2,NULL,NULL,NULL,'2016-11-24 14:19:28','2016-11-24 14:19:28','inventory_manager'),(5,4,1,NULL,NULL,NULL,'2016-11-24 14:19:28','2016-11-24 14:19:28','inventory_manager'),(6,4,4,NULL,NULL,NULL,'2016-11-24 14:19:28','2016-11-24 14:19:28','inventory_manager'),(7,5,1,NULL,NULL,NULL,'2016-11-24 14:19:28','2016-11-24 14:19:28','lending_manager'),(8,5,2,NULL,NULL,NULL,'2016-11-24 14:19:28','2016-11-24 14:19:28','lending_manager'),(9,7,1,NULL,NULL,NULL,'2016-11-24 14:19:28','2016-11-24 14:19:28','lending_manager'),(10,7,2,NULL,NULL,NULL,'2016-11-24 14:19:28','2016-11-24 14:19:28','lending_manager'),(11,8,1,NULL,NULL,NULL,'2016-11-24 14:19:28','2016-11-24 14:19:28','customer'),(12,6,1,NULL,NULL,NULL,'2016-11-24 14:19:28','2016-11-24 14:19:28','customer'),(13,6,2,NULL,NULL,NULL,'2016-11-24 14:19:28','2016-11-24 14:19:28','customer'),(14,6,3,NULL,NULL,NULL,'2016-11-24 14:19:28','2016-11-24 14:19:28','customer'),(15,6,4,NULL,NULL,'2016-11-23','2016-11-24 14:19:28','2016-11-24 14:19:28','customer'),(16,9,1,NULL,NULL,NULL,'2016-11-24 14:19:28','2016-11-24 14:19:28','group_manager'),(17,9,2,NULL,NULL,NULL,'2016-11-24 14:19:28','2016-11-24 14:19:28','group_manager'),(18,9,3,NULL,NULL,NULL,'2016-11-24 14:19:28','2016-11-24 14:19:28','group_manager'),(19,10,1,NULL,NULL,NULL,'2016-11-24 14:19:28','2016-11-24 14:19:28','customer'),(20,11,1,NULL,NULL,NULL,'2016-11-24 14:19:28','2016-11-24 14:19:28','customer'),(21,12,1,NULL,NULL,NULL,'2016-11-24 14:19:28','2016-11-24 14:19:28','customer'),(22,13,1,NULL,NULL,NULL,'2016-11-24 14:19:28','2016-11-24 14:19:28','customer'),(23,26,1,NULL,NULL,NULL,'2016-11-24 14:19:28','2016-11-24 14:19:28','customer'),(24,27,1,NULL,NULL,NULL,'2016-11-24 14:19:28','2016-11-24 14:19:28','customer'),(25,27,2,NULL,NULL,NULL,'2016-11-24 14:19:28','2016-11-24 14:19:28','customer'),(26,29,1,NULL,NULL,NULL,'2016-11-24 14:19:28','2016-11-24 14:19:28','customer'),(27,29,5,NULL,NULL,NULL,'2016-11-24 14:19:28','2016-11-24 14:19:28','customer'),(28,29,6,NULL,NULL,NULL,'2016-11-24 14:19:28','2016-11-24 14:19:28','customer'),(29,30,1,NULL,NULL,NULL,'2016-11-24 14:19:28','2016-11-24 14:19:28','customer'),(30,23,1,NULL,NULL,NULL,'2016-11-24 14:19:28','2016-11-24 14:19:28','customer'),(31,24,1,NULL,NULL,NULL,'2016-11-24 14:19:28','2016-11-24 14:19:28','customer'),(32,14,1,NULL,NULL,NULL,'2016-11-24 14:19:28','2016-11-24 14:19:28','customer'),(33,15,1,'2016-11-24','Minus ipsa quia eum modi molestias quis amet.',NULL,'2016-11-24 14:19:28','2016-11-24 14:19:28','customer'),(34,16,1,NULL,NULL,NULL,'2016-11-24 14:19:28','2016-11-24 14:19:28','customer'),(35,17,1,NULL,NULL,NULL,'2016-11-24 14:19:28','2016-11-24 14:19:28','customer'),(36,18,1,NULL,NULL,NULL,'2016-11-24 14:19:28','2016-11-24 14:19:28','customer'),(37,19,1,NULL,NULL,NULL,'2016-11-24 14:19:28','2016-11-24 14:19:28','customer'),(38,20,1,NULL,NULL,'2016-11-24','2016-11-24 14:19:28','2016-11-24 14:19:28','customer'),(39,21,1,NULL,NULL,NULL,'2016-11-24 14:19:28','2016-11-24 14:19:28','customer'),(40,22,1,NULL,NULL,NULL,'2016-11-24 14:19:28','2016-11-24 14:19:28','customer'),(41,31,3,NULL,NULL,NULL,'2016-11-24 14:19:28','2016-11-24 14:19:28','customer'),(42,32,1,NULL,NULL,NULL,'2016-11-24 14:19:28','2016-11-24 14:19:28','lending_manager'),(43,33,1,NULL,NULL,NULL,'2016-11-24 14:19:28','2016-11-24 14:19:28','group_manager'),(44,34,7,NULL,NULL,NULL,'2016-11-24 14:19:28','2016-11-24 14:19:28','customer'),(45,35,12,NULL,NULL,NULL,'2016-11-24 14:19:28','2016-11-24 14:19:28','customer');
/*!40000 ALTER TABLE `access_rights` ENABLE KEYS */;
UNLOCK TABLES;

--
-- Table structure for table `accessories`
--

DROP TABLE IF EXISTS `accessories`;
/*!40101 SET @saved_cs_client     = @@character_set_client */;
/*!40101 SET character_set_client = utf8 */;
CREATE TABLE `accessories` (
  `id` int(11) NOT NULL AUTO_INCREMENT,
  `model_id` int(11) DEFAULT NULL,
  `name` varchar(255) COLLATE utf8_unicode_ci DEFAULT NULL,
  `quantity` int(11) DEFAULT NULL,
  PRIMARY KEY (`id`),
  KEY `index_accessories_on_model_id` (`model_id`),
  CONSTRAINT `accessories_model_id_fk` FOREIGN KEY (`model_id`) REFERENCES `models` (`id`) ON DELETE CASCADE
) ENGINE=InnoDB AUTO_INCREMENT=215 DEFAULT CHARSET=utf8 COLLATE=utf8_unicode_ci;
/*!40101 SET character_set_client = @saved_cs_client */;

--
-- Dumping data for table `accessories`
--

LOCK TABLES `accessories` WRITE;
/*!40000 ALTER TABLE `accessories` DISABLE KEYS */;
INSERT INTO `accessories` VALUES (1,1,'Deshawn Mante',NULL),(2,1,'Belle Koss',NULL),(3,2,'Ms. Maia Berge',NULL),(4,2,'Liza Funk II',NULL),(5,3,'Alaina Willms',NULL),(6,3,'Mr. Jayda Dickens',NULL),(7,4,'Jayson Yundt',NULL),(8,4,'Alford Mann',NULL),(9,5,'Mr. Meredith Hartmann',NULL),(10,5,'Bessie Predovic',NULL),(11,6,'Lavon Fisher',NULL),(12,7,'Beverly Bosco',NULL),(13,7,'Wilbert Smith PhD',NULL),(14,7,'Anna O\'Kon',NULL),(15,8,'Cordia Walsh',NULL),(16,8,'Mrs. Gunnar Marks',NULL),(17,8,'Casey Rowe',NULL),(18,9,'Hassan Windler',NULL),(19,9,'Lemuel Ryan',NULL),(20,9,'Ramon Marvin',NULL),(21,10,'Carol Rosenbaum',NULL),(22,10,'Rozella Abernathy',NULL),(23,11,'Jonas Gerlach',NULL),(24,11,'Rosalia Mraz',NULL),(25,11,'Norberto Yost',NULL),(26,12,'Caden Dibbert PhD',NULL),(27,12,'Porter Schultz',NULL),(28,12,'Frederique Sauer',NULL),(29,13,'Vella Nikolaus DDS',NULL),(30,14,'Susana Koelpin',NULL),(31,14,'Cleve Lockman',NULL),(32,14,'Raegan Pagac',NULL),(33,14,'Miss Lauren Bode',NULL),(34,15,'Devin Borer',NULL),(35,15,'Ms. Georgette Lesch',NULL),(36,15,'Dr. Roselyn Ratke',NULL),(37,16,'Lea Rippin',NULL),(38,16,'Filomena Dach',NULL),(39,16,'Mandy Von',NULL),(40,16,'Ms. Tyreek Rodriguez',NULL),(41,17,'Arturo Sawayn DDS',NULL),(42,18,'Keaton Witting',NULL),(43,18,'Maddison DuBuque',NULL),(44,18,'Bernita Jaskolski',NULL),(45,18,'Ms. Cassandra Stroman',NULL),(46,19,'Roosevelt MacGyver V',NULL),(47,19,'Kara Jast',NULL),(48,19,'Fermin Schmeler',NULL),(49,19,'Andreanne Hegmann',NULL),(50,20,'Kari Champlin',NULL),(51,20,'Mrs. Antwon Frami',NULL),(52,20,'Miss Jade Willms',NULL),(53,21,'Ian Weissnat',NULL),(54,21,'Ernest Sanford',NULL),(55,21,'Madalyn Mann',NULL),(56,21,'Mr. Miller Haley',NULL),(57,21,'Augustus Murazik',NULL),(58,22,'Maurice Casper',NULL),(59,22,'Benny Donnelly',NULL),(60,22,'Korbin Gibson',NULL),(61,22,'Christy Pacocha',NULL),(62,22,'Arnulfo Wolff',NULL),(63,23,'Dr. Kellie Jaskolski',NULL),(64,23,'Adolf Jerde',NULL),(65,23,'Karen Koepp V',NULL),(66,23,'Quinn Pollich',NULL),(67,24,'Cassidy Sipes',NULL),(68,24,'Maggie Jacobs',NULL),(69,24,'Audra Von',NULL),(70,24,'Edyth Dare',NULL),(71,24,'Dr. Jordane Collins',NULL),(72,25,'Arvid Sipes',NULL),(73,25,'Mitchel Hirthe II',NULL),(74,25,'Thomas Streich',NULL),(75,25,'Davonte Graham V',NULL),(76,26,'Allen Morissette',NULL),(77,26,'Cortez Schulist DVM',NULL),(78,26,'Katelynn Roob Sr.',NULL),(79,26,'Cordell Ratke',NULL),(80,26,'Domenic Yundt',NULL),(81,27,'Hassan Jacobi',NULL),(82,27,'Dr. Lafayette Abernathy',NULL),(83,27,'Trent Runolfsdottir',NULL),(84,27,'Nelle Fay',NULL),(85,27,'Green Haag',NULL),(86,28,'Emilio Hackett',NULL),(87,28,'Immanuel Senger',NULL),(88,28,'Amely Medhurst',NULL),(89,29,'Travis Aufderhar IV',NULL),(90,29,'Dr. Leonora Schuster',NULL),(91,30,'Vance Schroeder III',NULL),(92,30,'Breanne Yost',NULL),(93,30,'Mr. Pearlie Bednar',NULL),(94,30,'Era Wisozk',NULL),(95,31,'Adaline Goldner',NULL),(96,31,'Fidel Kassulke',NULL),(97,32,'Hilda McGlynn',NULL),(98,32,'Freeman Cormier',NULL),(99,32,'Delaney Beahan DDS',NULL),(100,32,'Amalia Metz',NULL),(101,32,'Karson MacGyver',NULL),(102,33,'Luisa Pacocha',NULL),(103,33,'Priscilla Robel',NULL),(104,33,'Dangelo Prohaska',NULL),(105,34,'Antonette Tremblay',NULL),(106,34,'Monroe Cummings',NULL),(107,34,'Nickolas Kutch',NULL),(108,35,'Lucinda Deckow',NULL),(109,35,'Deanna Reilly',NULL),(110,35,'Willard Johnson PhD',NULL),(111,35,'Agnes Hermiston',NULL),(112,36,'Mr. Ola Dach',NULL),(113,37,'Lilyan Hermiston',NULL),(114,37,'Miss Marie Ortiz',NULL),(115,38,'Oceane Feil',NULL),(116,38,'Dena Gerhold DVM',NULL),(117,38,'Maude Zboncak IV',NULL),(118,38,'Jannie Muller',NULL),(119,38,'Nils Marquardt V',NULL),(120,39,'Markus Spencer',NULL),(121,39,'Dr. Minnie Luettgen',NULL),(122,40,'Mr. Kyler Barton',NULL),(123,40,'Miss Bernadine Turcotte',NULL),(124,40,'Jena Cormier',NULL),(125,40,'Hal Kozey',NULL),(126,41,'Jedidiah Nader',NULL),(127,42,'Abigail Runte',NULL),(128,42,'Roselyn Hartmann',NULL),(129,43,'Isabelle Hartmann',NULL),(130,43,'Jerry Rolfson V',NULL),(131,43,'Shanon Kuvalis',NULL),(132,43,'Lucinda Lemke',NULL),(133,43,'Dr. Arnoldo Ankunding',NULL),(134,44,'Reyna Torp II',NULL),(135,44,'Gino Klocko',NULL),(136,44,'Samir Senger',NULL),(137,45,'Alda Krajcik',NULL),(138,46,'Jonathan Reichert Jr.',NULL),(139,46,'Mrs. Angelica Gottlieb',NULL),(140,46,'Orlo Morissette',NULL),(141,47,'Lindsey Bayer',NULL),(142,47,'Florian Boyer',NULL),(143,47,'Ms. Kattie Bashirian',NULL),(144,47,'Reagan Jacobi',NULL),(145,48,'Iliana Lebsack III',NULL),(146,49,'Mason O\'Conner MD',NULL),(147,50,'Dr. Vida Paucek',NULL),(148,50,'Lucienne Cartwright',NULL),(149,50,'Lessie Luettgen PhD',NULL),(150,51,'Chanel Heathcote',NULL),(151,52,'Milo Roberts',NULL),(152,53,'Mrs. Ramiro Doyle',NULL),(153,54,'Vidal Kerluke',NULL),(154,54,'Tamia Huel',NULL),(155,54,'Kiana Keeling',NULL),(156,55,'Nelda Pagac',NULL),(157,55,'Gabriel Grady',NULL),(158,55,'Ignacio Hagenes',NULL),(159,55,'Miss Heber Runolfsdottir',NULL),(160,55,'Antoinette Conn MD',NULL),(161,56,'Alize Koelpin',NULL),(162,56,'Evalyn Satterfield',NULL),(163,56,'Ayla Vandervort',NULL),(164,56,'Edd Miller',NULL),(165,57,'Elenor Sipes',NULL),(166,57,'Terry Friesen',NULL),(167,57,'Kris Cormier',NULL),(168,57,'Dwight Kertzmann',NULL),(169,57,'Luigi Roob',NULL),(170,58,'Dallas Schowalter',NULL),(171,58,'Miss Karlie Senger',NULL),(172,59,'Madie Kling',NULL),(173,59,'Miss Orland Grimes',NULL),(174,60,'Glenda Gibson',NULL),(175,60,'Tess Haag',NULL),(176,60,'Noelia Sporer V',NULL),(177,61,'Mrs. Rex Stoltenberg',NULL),(178,62,'Miss Alysa Christiansen',NULL),(179,62,'Makayla Schmeler',NULL),(180,62,'Ms. Gunner Spencer',NULL),(181,62,'Gaylord Nitzsche',NULL),(182,63,'Erika Shields',NULL),(183,64,'Mallory Okuneva',NULL),(184,65,'Carmine Schneider',NULL),(185,65,'Freda Larkin',NULL),(186,65,'Royal Schowalter',NULL),(187,65,'Malachi Wyman',NULL),(188,66,'Wilma Hilpert Sr.',NULL),(189,66,'Dorthy Bergstrom',NULL),(190,66,'Demarco Bailey IV',NULL),(191,66,'Colin Mills',NULL),(192,66,'Saul Klocko',NULL),(193,67,'Virgil Schmeler V',NULL),(194,67,'Karli Wilderman',NULL),(195,67,'Mrs. Leonora West',NULL),(196,67,'Franz Tillman',NULL),(197,68,'Dr. Reyna Larkin',NULL),(198,69,'Quincy Leuschke',NULL),(199,69,'Amari O\'Conner',NULL),(200,69,'Lenny Jaskolski II',NULL),(201,69,'Dr. Cade Blick',NULL),(202,69,'Brianne Greenholt',NULL),(203,70,'Ms. Janis Gerhold',NULL),(204,70,'Hertha Murray',NULL),(205,71,'Jerald Medhurst',NULL),(206,71,'Miss Jamar Padberg',NULL),(207,71,'Kiana Schoen',NULL),(208,72,'Kamron Lubowitz',NULL),(209,72,'Mr. Tamara Hahn',NULL),(210,73,'Koby Bergstrom',NULL),(211,73,'Kyla Schamberger',NULL),(212,73,'Mrs. Ervin Gaylord',NULL),(213,73,'Oran Mante',NULL),(214,73,'Jamir Shields',NULL);
/*!40000 ALTER TABLE `accessories` ENABLE KEYS */;
UNLOCK TABLES;

--
-- Table structure for table `accessories_inventory_pools`
--

DROP TABLE IF EXISTS `accessories_inventory_pools`;
/*!40101 SET @saved_cs_client     = @@character_set_client */;
/*!40101 SET character_set_client = utf8 */;
CREATE TABLE `accessories_inventory_pools` (
  `accessory_id` int(11) DEFAULT NULL,
  `inventory_pool_id` int(11) DEFAULT NULL,
  UNIQUE KEY `index_accessories_inventory_pools` (`accessory_id`,`inventory_pool_id`),
  KEY `index_accessories_inventory_pools_on_inventory_pool_id` (`inventory_pool_id`),
  CONSTRAINT `accessories_inventory_pools_inventory_pool_id_fk` FOREIGN KEY (`inventory_pool_id`) REFERENCES `inventory_pools` (`id`),
  CONSTRAINT `accessories_inventory_pools_accessory_id_fk` FOREIGN KEY (`accessory_id`) REFERENCES `accessories` (`id`)
) ENGINE=InnoDB DEFAULT CHARSET=utf8 COLLATE=utf8_unicode_ci;
/*!40101 SET character_set_client = @saved_cs_client */;

--
-- Dumping data for table `accessories_inventory_pools`
--

LOCK TABLES `accessories_inventory_pools` WRITE;
/*!40000 ALTER TABLE `accessories_inventory_pools` DISABLE KEYS */;
INSERT INTO `accessories_inventory_pools` VALUES (2,1),(5,1),(6,1),(7,1),(8,1),(9,1),(10,1),(11,1),(12,1),(14,1),(16,1),(17,1),(18,1),(23,1),(24,1),(25,1),(26,1),(27,1),(30,1),(31,1),(36,1),(38,1),(39,1),(40,1),(45,1),(48,1),(51,1),(52,1),(55,1),(56,1),(59,1),(61,1),(62,1),(63,1),(65,1),(66,1),(67,1),(68,1),(69,1),(71,1),(72,1),(76,1),(80,1),(82,1),(86,1),(88,1),(89,1),(90,1),(91,1),(92,1),(93,1),(94,1),(95,1),(98,1),(99,1),(100,1),(101,1),(108,1),(109,1),(110,1),(111,1),(115,1),(116,1),(119,1),(122,1),(124,1),(125,1),(126,1),(129,1),(130,1),(135,1),(139,1),(141,1),(142,1),(143,1),(147,1),(149,1),(153,1),(154,1),(155,1),(160,1),(162,1),(163,1),(165,1),(166,1),(168,1),(169,1),(171,1),(173,1),(177,1),(178,1),(181,1),(183,1),(184,1),(185,1),(186,1),(187,1),(188,1),(189,1),(190,1),(193,1),(194,1),(195,1),(197,1),(198,1),(201,1),(202,1),(203,1),(204,1),(206,1),(207,1),(208,1),(213,1),(214,1);
/*!40000 ALTER TABLE `accessories_inventory_pools` ENABLE KEYS */;
UNLOCK TABLES;

--
-- Table structure for table `addresses`
--

DROP TABLE IF EXISTS `addresses`;
/*!40101 SET @saved_cs_client     = @@character_set_client */;
/*!40101 SET character_set_client = utf8 */;
CREATE TABLE `addresses` (
  `id` int(11) NOT NULL AUTO_INCREMENT,
  `street` varchar(255) COLLATE utf8_unicode_ci DEFAULT NULL,
  `zip_code` varchar(255) COLLATE utf8_unicode_ci DEFAULT NULL,
  `city` varchar(255) COLLATE utf8_unicode_ci DEFAULT NULL,
  `country_code` varchar(255) COLLATE utf8_unicode_ci DEFAULT NULL,
  `latitude` float DEFAULT NULL,
  `longitude` float DEFAULT NULL,
  PRIMARY KEY (`id`),
  UNIQUE KEY `index_addresses_on_street_and_zip_code_and_city_and_country_code` (`street`,`zip_code`,`city`,`country_code`)
) ENGINE=InnoDB DEFAULT CHARSET=utf8 COLLATE=utf8_unicode_ci;
/*!40101 SET character_set_client = @saved_cs_client */;

--
-- Dumping data for table `addresses`
--

LOCK TABLES `addresses` WRITE;
/*!40000 ALTER TABLE `addresses` DISABLE KEYS */;
/*!40000 ALTER TABLE `addresses` ENABLE KEYS */;
UNLOCK TABLES;

--
-- Table structure for table `attachments`
--

DROP TABLE IF EXISTS `attachments`;
/*!40101 SET @saved_cs_client     = @@character_set_client */;
/*!40101 SET character_set_client = utf8 */;
CREATE TABLE `attachments` (
  `id` int(11) NOT NULL AUTO_INCREMENT,
  `model_id` int(11) DEFAULT NULL,
  `is_main` tinyint(1) DEFAULT '0',
  `content_type` varchar(255) COLLATE utf8_unicode_ci DEFAULT NULL,
  `filename` varchar(255) COLLATE utf8_unicode_ci DEFAULT NULL,
  `size` int(11) DEFAULT NULL,
  PRIMARY KEY (`id`),
  KEY `index_attachments_on_model_id` (`model_id`),
  CONSTRAINT `attachments_model_id_fk` FOREIGN KEY (`model_id`) REFERENCES `models` (`id`) ON DELETE CASCADE
) ENGINE=InnoDB AUTO_INCREMENT=7 DEFAULT CHARSET=utf8 COLLATE=utf8_unicode_ci;
/*!40101 SET character_set_client = @saved_cs_client */;

--
-- Dumping data for table `attachments`
--

LOCK TABLES `attachments` WRITE;
/*!40000 ALTER TABLE `attachments` DISABLE KEYS */;
INSERT INTO `attachments` VALUES (1,16,0,'image/jpeg','minus',NULL),(2,17,0,'image/jpeg','vitae',NULL),(3,74,0,'image/jpeg','voluptas',NULL),(4,74,0,'image/jpeg','beatae',NULL),(5,74,0,'image/jpeg','dolor',NULL),(6,75,0,'image/jpeg','quibusdam',NULL);
/*!40000 ALTER TABLE `attachments` ENABLE KEYS */;
UNLOCK TABLES;

--
-- Table structure for table `authentication_systems`
--

DROP TABLE IF EXISTS `authentication_systems`;
/*!40101 SET @saved_cs_client     = @@character_set_client */;
/*!40101 SET character_set_client = utf8 */;
CREATE TABLE `authentication_systems` (
  `id` int(11) NOT NULL AUTO_INCREMENT,
  `name` varchar(255) COLLATE utf8_unicode_ci DEFAULT NULL,
  `class_name` varchar(255) COLLATE utf8_unicode_ci DEFAULT NULL,
  `is_default` tinyint(1) DEFAULT '0',
  `is_active` tinyint(1) DEFAULT '0',
  PRIMARY KEY (`id`)
) ENGINE=InnoDB AUTO_INCREMENT=4 DEFAULT CHARSET=utf8 COLLATE=utf8_unicode_ci;
/*!40101 SET character_set_client = @saved_cs_client */;

--
-- Dumping data for table `authentication_systems`
--

LOCK TABLES `authentication_systems` WRITE;
/*!40000 ALTER TABLE `authentication_systems` DISABLE KEYS */;
INSERT INTO `authentication_systems` VALUES (1,'Database Authentication','DatabaseAuthentication',1,1),(2,'LDAP Authentication','LdapAuthentication',0,0),(3,'ZHDK Authentication','Zhdk',0,0);
/*!40000 ALTER TABLE `authentication_systems` ENABLE KEYS */;
UNLOCK TABLES;

--
-- Table structure for table `buildings`
--

DROP TABLE IF EXISTS `buildings`;
/*!40101 SET @saved_cs_client     = @@character_set_client */;
/*!40101 SET character_set_client = utf8 */;
CREATE TABLE `buildings` (
  `id` int(11) NOT NULL AUTO_INCREMENT,
  `name` varchar(255) COLLATE utf8_unicode_ci DEFAULT NULL,
  `code` varchar(255) COLLATE utf8_unicode_ci DEFAULT NULL,
  PRIMARY KEY (`id`)
) ENGINE=InnoDB AUTO_INCREMENT=181 DEFAULT CHARSET=utf8 COLLATE=utf8_unicode_ci;
/*!40101 SET character_set_client = @saved_cs_client */;

--
-- Dumping data for table `buildings`
--

LOCK TABLES `buildings` WRITE;
/*!40000 ALTER TABLE `buildings` DISABLE KEYS */;
INSERT INTO `buildings` VALUES (1,'Ausstellungsstrasse 60','AU60'),(2,'Doloreveleligendi','rem'),(3,'Quorerumquos','qui'),(4,'Voluptassitasperiores','rec'),(5,'Inveniamsapiente','rer'),(6,'Voluptasconsequunturnesciunt','ull'),(7,'Numquamoccaecatiofficiis','ass'),(8,'Sequiexdebitis','com'),(9,'Quamfacilisdolorem','eos'),(10,'Eosverodoloremque','tem'),(11,'Ipsamquiut','aut'),(12,'Estetsint','sit'),(13,'Etquisunt','qui'),(14,'Doloremqueestsapiente','ull'),(15,'Exercitationemfacilisvel','nem'),(16,'Molestiasetquasi','adq'),(17,'Eosaccusamushic','utd'),(18,'Etreiciendisquia','sin'),(19,'Numquamessedolore','dis'),(20,'Utisteaut','adc'),(21,'Sintlaborequia','aut'),(22,'Rerumdoloremquenumquam','qui'),(23,'Velitutab','fug'),(24,'Nobisquiet','odi'),(25,'Voluptatemdoloremfacere','qua'),(26,'Illoveritatisconsequatur','sin'),(27,'Pariaturreiciendiset','sae'),(28,'Evenietexreiciendis','qua'),(29,'Quasidolorfacere','qua'),(30,'Ipsumillumet','mai'),(31,'Quodoloremoccaecati','vol'),(32,'Sedmolestiaeaccusantium','dol'),(33,'Estveniamsed','atr'),(34,'Quoutadipisci','sae'),(35,'Sedvelid','fug'),(36,'Etoccaecatilibero','dol'),(37,'Etutconsequuntur','qui'),(38,'Asuntimpedit','ius'),(39,'Enimvoluptatemfuga','abr'),(40,'Estetalias','exm'),(41,'Aliquamnesciuntaspernatur','ten'),(42,'Repellendusnamaut','off'),(43,'Ipsaaliasmodi','qui'),(44,'Inciduntremquod','vol'),(45,'Voluptatemoditet','ute'),(46,'Sitdoloremqueofficia','inq'),(47,'Dolorenecessitatibusconsequatur','err'),(48,'Sittemporased','eta'),(49,'Eaestquas','vol'),(50,'Deserunteaqueerror','sae'),(51,'Quiimpeditrerum','eam'),(52,'Quasinnecessitatibus','har'),(53,'Possimusculpaet','ute'),(54,'Remlaborumvoluptatem','mol'),(55,'Doloremqueaccusamusvoluptatibus','est'),(56,'Sintetratione','mod'),(57,'Recusandaevelitest','ips'),(58,'Fugiatvoluptatemeum','odi'),(59,'Illumdoloremqueperferendis','vol'),(60,'Suscipitmodireiciendis','est'),(61,'Odionesciuntiste','quo'),(62,'Utdictaratione','ete'),(63,'Inventoreautsimilique','eum'),(64,'Abreprehenderitneque','sin'),(65,'Etnecessitatibusfacilis','sed'),(66,'Minimaexercitationemmaxime','eaq'),(67,'Quidemliberoexplicabo','inv'),(68,'Sedconsequaturipsam','eos'),(69,'Corporisfugiateaque','ist'),(70,'Nullaestnam','dol'),(71,'Atetnostrum','com'),(72,'Velomnisipsum','ame'),(73,'Ipsamsitimpedit','ape'),(74,'Consequaturerrorcommodi','aut'),(75,'Dictadeseruntet','dol'),(76,'Nesciuntaperiamdignissimos','min'),(77,'Nonsaepedeleniti','vol'),(78,'Quiquamvoluptas','qua'),(79,'Fugiatomniscorporis','abe'),(80,'Laudantiumquiet','nes'),(81,'Iureconsecteturid','ani'),(82,'Nonetid','per'),(83,'Autabnobis','sin'),(84,'Eligendiestdeserunt','ets'),(85,'Voluptatibusiustout','sol'),(86,'Solutanumquamquia','min'),(87,'Nonoptiofugiat','con'),(88,'Quilaborumquo','exp'),(89,'Nihilnumquamarchitecto','aut'),(90,'Consequaturillumnihil','con'),(91,'Eiussolutavoluptatem','qui'),(92,'Veniamenimaliquam','lab'),(93,'Deseruntundeab','utv'),(94,'Etverout','dol'),(95,'Quiporrovoluptatem','eti'),(96,'Velitveniamearum','inc'),(97,'Delectuslaboreiusto','del'),(98,'Remvelrepellendus','vol'),(99,'Maximeerroret','exp'),(100,'Quaequisquamoccaecati','qua'),(101,'Ipsaitaquetemporibus','nam'),(102,'Nonculpaitaque','quo'),(103,'Architectoealabore','pro'),(104,'Rationequiaullam','asp'),(105,'Enimquasisit','rer'),(106,'Quaeetea','eve'),(107,'Ducimusquasodit','ven'),(108,'Exercitationemexcepturisequi','con'),(109,'Autemaliaspariatur','qui'),(110,'Ipsumautfacere','sed'),(111,'Ametperferendisratione','atq'),(112,'Debitisporrodicta','vel'),(113,'Quamcumsoluta','max'),(114,'Quiaconsequunturnihil','omn'),(115,'Natusdoloremlibero','vol'),(116,'Cupiditatesimiliqueat','iur'),(117,'Autemverovoluptas','mai'),(118,'Etinautem','etd'),(119,'Autiustoest','nam'),(120,'Inventoreperspiciatisconsectetur','ame'),(121,'Sednisised','mod'),(122,'Magnamreprehenderitreiciendis','utv'),(123,'Teneturpariaturmolestiae','vol'),(124,'Autevenietquos','vol'),(125,'Iustoautut','ear'),(126,'Inventoreetut','non'),(127,'Sapientenihilea','con'),(128,'Asperioresquisunt','mol'),(129,'Asperioresutvoluptatibus','aut'),(130,'Distinctioquaehic','eti'),(131,'Illoarchitectoconsequatur','quo'),(132,'Debitisinciduntdolor','ips'),(133,'Quietomnis','mol'),(134,'Illoinsimilique','mol'),(135,'Accusamusetomnis','sit'),(136,'Expeditaplaceatut','ins'),(137,'Totamadharum','vol'),(138,'Autexcepturiid','err'),(139,'Sequimolestiasvel','bla'),(140,'Voluptatumconsequaturexercitationem','eiu'),(141,'Quibusdamlaboriosameos','sit'),(142,'Cumquereiciendisut','nih'),(143,'Quaemagnivoluptatibus','vol'),(144,'Voluptateeuminventore','exm'),(145,'Eosetofficia','con'),(146,'Accusantiumreprehenderitoccaecati','del'),(147,'Etetvoluptatem','sit'),(148,'Rationeeacumque','nis'),(149,'Blanditiispossimusvelit','fac'),(150,'Sedfaceretotam','min'),(151,'Ipsavelitquasi','cul'),(152,'Adodionon','eve'),(153,'Rationeremdoloremque','vol'),(154,'Quoddoloreex','cor'),(155,'Necessitatibusnullaet','acc'),(156,'Etautullam','vol'),(157,'Eosquiperferendis','bea'),(158,'Laboriosametaut','bea'),(159,'Totamconsequunturpariatur','dol'),(160,'Commodiutalias','ist'),(161,'Utsitest','lab'),(162,'Laudantiumcummolestiae','ips'),(163,'Enimdeseruntquasi','vol'),(164,'Sitinnesciunt','rer'),(165,'Voluptatumautdoloribus','rer'),(166,'Estquofuga','ist'),(167,'Molestiasametiste','sed'),(168,'Iureexplicaboquis','max'),(169,'Illoeligendised','ete'),(170,'Aperiampraesentiumdolorem','tem'),(171,'Etsuntalias','occ'),(172,'Suscipituteligendi','aip'),(173,'Animicommodicorrupti','cup'),(174,'Laudantiumminusnon','utu'),(175,'Fugitfugiatet','pra'),(176,'Aspernaturdelectusnumquam','utq'),(177,'Quasnonarchitecto','eam'),(178,'Quosremomnis','off'),(179,'Omnisrepudiandaeconsequatur','sin'),(180,'Ullamadomnis','qui');
/*!40000 ALTER TABLE `buildings` ENABLE KEYS */;
UNLOCK TABLES;

--
-- Table structure for table `contract_lines`
--

DROP TABLE IF EXISTS `contract_lines`;
/*!40101 SET @saved_cs_client     = @@character_set_client */;
/*!40101 SET character_set_client = utf8 */;
CREATE TABLE `contract_lines` (
  `id` int(11) NOT NULL AUTO_INCREMENT,
  `contract_id` int(11) DEFAULT NULL,
  `type` varchar(255) COLLATE utf8_unicode_ci NOT NULL DEFAULT 'ItemLine',
  `item_id` int(11) DEFAULT NULL,
  `model_id` int(11) DEFAULT NULL,
  `quantity` int(11) DEFAULT '1',
  `start_date` date DEFAULT NULL,
  `end_date` date DEFAULT NULL,
  `returned_date` date DEFAULT NULL,
  `option_id` int(11) DEFAULT NULL,
  `purpose_id` int(11) DEFAULT NULL,
  `returned_to_user_id` int(11) DEFAULT NULL,
  `created_at` datetime DEFAULT NULL,
  `updated_at` datetime DEFAULT NULL,
  PRIMARY KEY (`id`),
  KEY `index_contract_lines_on_start_date` (`start_date`),
  KEY `index_contract_lines_on_end_date` (`end_date`),
  KEY `index_contract_lines_on_option_id` (`option_id`),
  KEY `index_contract_lines_on_contract_id` (`contract_id`),
  KEY `index_contract_lines_on_item_id` (`item_id`),
  KEY `index_contract_lines_on_model_id` (`model_id`),
  KEY `index_contract_lines_on_returned_date_and_contract_id` (`returned_date`,`contract_id`),
  KEY `index_contract_lines_on_type_and_contract_id` (`type`,`contract_id`),
  KEY `contract_lines_purpose_id_fk` (`purpose_id`),
  KEY `contract_lines_returned_to_user_id_fk` (`returned_to_user_id`),
  CONSTRAINT `contract_lines_returned_to_user_id_fk` FOREIGN KEY (`returned_to_user_id`) REFERENCES `users` (`id`),
  CONSTRAINT `contract_lines_contract_id_fk` FOREIGN KEY (`contract_id`) REFERENCES `contracts` (`id`) ON DELETE CASCADE,
  CONSTRAINT `contract_lines_item_id_fk` FOREIGN KEY (`item_id`) REFERENCES `items` (`id`),
  CONSTRAINT `contract_lines_model_id_fk` FOREIGN KEY (`model_id`) REFERENCES `models` (`id`),
  CONSTRAINT `contract_lines_option_id_fk` FOREIGN KEY (`option_id`) REFERENCES `options` (`id`),
  CONSTRAINT `contract_lines_purpose_id_fk` FOREIGN KEY (`purpose_id`) REFERENCES `purposes` (`id`)
) ENGINE=InnoDB AUTO_INCREMENT=202 DEFAULT CHARSET=utf8 COLLATE=utf8_unicode_ci;
/*!40101 SET character_set_client = @saved_cs_client */;

--
-- Dumping data for table `contract_lines`
--

LOCK TABLES `contract_lines` WRITE;
/*!40000 ALTER TABLE `contract_lines` DISABLE KEYS */;
INSERT INTO `contract_lines` VALUES (1,1,'ItemLine',NULL,109,1,'2016-11-24','2016-11-24',NULL,NULL,NULL,NULL,'2016-11-24 14:19:28','2016-11-24 14:19:28'),(2,1,'ItemLine',NULL,113,1,'2016-11-24','2016-11-24',NULL,NULL,NULL,NULL,'2016-11-24 14:19:28','2016-11-24 14:19:28'),(3,1,'ItemLine',NULL,117,1,'2016-11-24','2016-11-24',NULL,NULL,NULL,NULL,'2016-11-24 14:19:28','2016-11-24 14:19:28'),(4,1,'ItemLine',NULL,121,1,'2016-11-24','2016-11-24',NULL,NULL,NULL,NULL,'2016-11-24 14:19:28','2016-11-24 14:19:28'),(5,1,'ItemLine',NULL,125,1,'2016-11-24','2016-11-24',NULL,NULL,NULL,NULL,'2016-11-24 14:19:28','2016-11-24 14:19:28'),(6,1,'ItemLine',NULL,129,1,'2016-11-24','2016-11-24',NULL,NULL,NULL,NULL,'2016-11-24 14:19:28','2016-11-24 14:19:28'),(7,2,'ItemLine',NULL,7,1,'2016-11-24','2016-11-24',NULL,NULL,NULL,NULL,'2016-11-24 14:19:28','2016-11-24 14:19:28'),(8,2,'ItemLine',NULL,45,1,'2016-11-24','2016-11-24',NULL,NULL,NULL,NULL,'2016-11-24 14:19:28','2016-11-24 14:19:28'),(9,2,'ItemLine',NULL,38,1,'2016-11-24','2016-11-24',NULL,NULL,NULL,NULL,'2016-11-24 14:19:28','2016-11-24 14:19:28'),(10,2,'ItemLine',NULL,69,1,'2016-11-24','2016-11-24',NULL,NULL,NULL,NULL,'2016-11-24 14:19:28','2016-11-24 14:19:28'),(11,2,'ItemLine',NULL,66,1,'2016-11-24','2016-11-24',NULL,NULL,NULL,NULL,'2016-11-24 14:19:28','2016-11-24 14:19:28'),(12,3,'ItemLine',NULL,8,1,'2016-12-01','2016-12-04',NULL,NULL,1,NULL,'2016-11-24 14:19:28','2016-11-24 14:19:28'),(13,3,'ItemLine',NULL,8,1,'2016-12-01','2016-12-04',NULL,NULL,1,NULL,'2016-11-24 14:19:28','2016-11-24 14:19:28'),(14,3,'ItemLine',NULL,8,1,'2016-12-01','2016-12-04',NULL,NULL,1,NULL,'2016-11-24 14:19:28','2016-11-24 14:19:28'),(15,3,'ItemLine',NULL,9,1,'2016-12-01','2016-12-04',NULL,NULL,2,NULL,'2016-11-24 14:19:28','2016-11-24 14:19:28'),(16,3,'ItemLine',NULL,9,1,'2016-12-01','2016-12-04',NULL,NULL,2,NULL,'2016-11-24 14:19:28','2016-11-24 14:19:28'),(17,3,'ItemLine',NULL,9,1,'2016-12-01','2016-12-04',NULL,NULL,2,NULL,'2016-11-24 14:19:28','2016-11-24 14:19:28'),(18,3,'ItemLine',NULL,9,1,'2016-12-01','2016-12-04',NULL,NULL,2,NULL,'2016-11-24 14:19:28','2016-11-24 14:19:28'),(19,3,'ItemLine',NULL,9,1,'2016-12-01','2016-12-04',NULL,NULL,2,NULL,'2016-11-24 14:19:28','2016-11-24 14:19:28'),(20,4,'ItemLine',NULL,22,1,'2016-11-24','2016-11-25',NULL,NULL,3,NULL,'2016-11-24 14:19:28','2016-11-24 14:19:28'),(21,5,'ItemLine',NULL,53,1,'2016-11-24','2016-11-24',NULL,NULL,4,NULL,'2016-11-24 14:19:28','2016-11-24 14:19:28'),(22,5,'ItemLine',NULL,34,1,'2016-11-24','2016-11-24',NULL,NULL,4,NULL,'2016-11-24 14:19:28','2016-11-24 14:19:28'),(23,5,'ItemLine',NULL,24,1,'2016-11-24','2016-11-24',NULL,NULL,4,NULL,'2016-11-24 14:19:28','2016-11-24 14:19:28'),(24,5,'ItemLine',NULL,28,1,'2016-11-24','2016-11-24',NULL,NULL,4,NULL,'2016-11-24 14:19:28','2016-11-24 14:19:28'),(25,6,'ItemLine',NULL,84,1,'2016-11-24','2016-11-24',NULL,NULL,5,NULL,'2016-11-24 14:19:28','2016-11-24 14:19:28'),(26,6,'ItemLine',NULL,2,1,'2016-11-24','2016-11-24',NULL,NULL,5,NULL,'2016-11-24 14:19:28','2016-11-24 14:19:28'),(27,6,'ItemLine',NULL,4,1,'2016-11-24','2016-11-24',NULL,NULL,5,NULL,'2016-11-24 14:19:28','2016-11-24 14:19:28'),(28,6,'ItemLine',NULL,86,1,'2016-11-24','2016-11-24',NULL,NULL,5,NULL,'2016-11-24 14:19:28','2016-11-24 14:19:28'),(29,7,'ItemLine',NULL,4,1,'2016-11-24','2016-11-24',NULL,NULL,6,NULL,'2016-11-24 14:19:28','2016-11-24 14:19:28'),(30,7,'ItemLine',NULL,133,1,'2016-11-24','2016-11-24',NULL,NULL,6,NULL,'2016-11-24 14:19:28','2016-11-24 14:19:28'),(31,7,'ItemLine',NULL,137,1,'2016-11-24','2016-11-24',NULL,NULL,6,NULL,'2016-11-24 14:19:28','2016-11-24 14:19:28'),(32,7,'ItemLine',NULL,141,1,'2016-11-24','2016-11-24',NULL,NULL,6,NULL,'2016-11-24 14:19:28','2016-11-24 14:19:28'),(33,7,'ItemLine',NULL,145,1,'2016-11-24','2016-11-24',NULL,NULL,6,NULL,'2016-11-24 14:19:28','2016-11-24 14:19:28'),(34,8,'ItemLine',NULL,35,1,'2016-11-24','2016-11-24',NULL,NULL,7,NULL,'2016-11-24 14:19:28','2016-11-24 14:19:28'),(35,8,'ItemLine',NULL,58,1,'2016-11-24','2016-11-24',NULL,NULL,7,NULL,'2016-11-24 14:19:28','2016-11-24 14:19:28'),(36,8,'ItemLine',NULL,6,1,'2016-11-24','2016-11-24',NULL,NULL,7,NULL,'2016-11-24 14:19:28','2016-11-24 14:19:28'),(37,8,'ItemLine',NULL,49,1,'2016-11-24','2016-11-24',NULL,NULL,7,NULL,'2016-11-24 14:19:28','2016-11-24 14:19:28'),(38,8,'ItemLine',NULL,30,1,'2016-11-24','2016-11-24',NULL,NULL,7,NULL,'2016-11-24 14:19:28','2016-11-24 14:19:28'),(39,8,'ItemLine',NULL,3,1,'2016-11-24','2016-11-24',NULL,NULL,7,NULL,'2016-11-24 14:19:28','2016-11-24 14:19:28'),(40,9,'ItemLine',NULL,149,1,'2016-11-21','2016-11-21',NULL,NULL,8,NULL,'2016-11-20 14:19:28','2016-11-20 14:19:28'),(41,9,'ItemLine',NULL,150,1,'2016-11-21','2016-11-21',NULL,NULL,8,NULL,'2016-11-20 14:19:28','2016-11-20 14:19:28'),(42,9,'ItemLine',NULL,151,1,'2016-11-21','2016-11-21',NULL,NULL,8,NULL,'2016-11-20 14:19:28','2016-11-20 14:19:28'),(43,9,'ItemLine',NULL,19,1,'2016-11-21','2016-11-21',NULL,NULL,9,NULL,'2016-11-20 14:19:28','2016-11-20 14:19:28'),(44,10,'ItemLine',NULL,152,1,'2016-11-24','2016-11-24',NULL,NULL,10,NULL,'2016-11-24 14:19:28','2016-11-24 14:19:28'),(45,10,'ItemLine',NULL,153,1,'2016-11-24','2016-11-24',NULL,NULL,10,NULL,'2016-11-24 14:19:28','2016-11-24 14:19:28'),(46,10,'ItemLine',NULL,154,1,'2016-11-24','2016-11-24',NULL,NULL,10,NULL,'2016-11-24 14:19:28','2016-11-24 14:19:28'),(47,10,'ItemLine',NULL,21,1,'2016-11-24','2016-11-24',NULL,NULL,11,NULL,'2016-11-24 14:19:28','2016-11-24 14:19:28'),(48,11,'ItemLine',NULL,155,1,'2016-11-24','2016-11-24',NULL,NULL,12,NULL,'2016-11-24 14:19:28','2016-11-24 14:19:28'),(49,11,'ItemLine',NULL,156,1,'2016-11-24','2016-11-24',NULL,NULL,12,NULL,'2016-11-24 14:19:28','2016-11-24 14:19:28'),(50,11,'ItemLine',NULL,157,1,'2016-11-24','2016-11-24',NULL,NULL,12,NULL,'2016-11-24 14:19:28','2016-11-24 14:19:28'),(51,11,'ItemLine',NULL,158,1,'2016-11-24','2016-11-24',NULL,NULL,12,NULL,'2016-11-24 14:19:28','2016-11-24 14:19:28'),(52,12,'ItemLine',NULL,159,1,'2016-11-24','2016-11-24',NULL,NULL,13,NULL,'2016-11-24 14:19:28','2016-11-24 14:19:28'),(53,12,'ItemLine',NULL,160,1,'2016-11-24','2016-11-24',NULL,NULL,13,NULL,'2016-11-24 14:19:28','2016-11-24 14:19:28'),(54,12,'ItemLine',NULL,161,1,'2016-11-24','2016-11-24',NULL,NULL,13,NULL,'2016-11-24 14:19:28','2016-11-24 14:19:28'),(55,12,'ItemLine',NULL,162,1,'2016-11-24','2016-11-24',NULL,NULL,13,NULL,'2016-11-24 14:19:28','2016-11-24 14:19:28'),(56,12,'ItemLine',NULL,163,1,'2016-11-24','2016-11-24',NULL,NULL,13,NULL,'2016-11-24 14:19:28','2016-11-24 14:19:28'),(57,13,'ItemLine',NULL,164,1,'2016-11-24','2016-11-24',NULL,NULL,14,NULL,'2016-11-24 14:19:28','2016-11-24 14:19:28'),(58,13,'ItemLine',NULL,165,1,'2016-11-24','2016-11-24',NULL,NULL,14,NULL,'2016-11-24 14:19:28','2016-11-24 14:19:28'),(59,13,'ItemLine',NULL,166,1,'2016-11-24','2016-11-24',NULL,NULL,14,NULL,'2016-11-24 14:19:28','2016-11-24 14:19:28'),(60,14,'ItemLine',NULL,167,1,'2016-11-21','2016-11-21',NULL,NULL,15,NULL,'2016-11-20 14:19:28','2016-11-20 14:19:28'),(61,14,'ItemLine',NULL,168,1,'2016-11-21','2016-11-21',NULL,NULL,15,NULL,'2016-11-20 14:19:28','2016-11-20 14:19:28'),(62,14,'ItemLine',NULL,169,1,'2016-11-21','2016-11-21',NULL,NULL,15,NULL,'2016-11-20 14:19:28','2016-11-20 14:19:28'),(63,14,'ItemLine',NULL,170,1,'2016-11-21','2016-11-21',NULL,NULL,15,NULL,'2016-11-20 14:19:28','2016-11-20 14:19:28'),(64,14,'ItemLine',NULL,171,1,'2016-11-21','2016-11-21',NULL,NULL,15,NULL,'2016-11-20 14:19:28','2016-11-20 14:19:28'),(65,14,'ItemLine',NULL,20,1,'2016-11-21','2016-11-21',NULL,NULL,16,NULL,'2016-11-20 14:19:28','2016-11-20 14:19:28'),(66,14,'ItemLine',NULL,20,1,'2016-11-21','2016-11-21',NULL,NULL,16,NULL,'2016-11-20 14:19:28','2016-11-20 14:19:28'),(67,15,'ItemLine',NULL,172,1,'2016-11-21','2016-11-21',NULL,NULL,17,NULL,'2016-11-19 14:19:28','2016-11-19 14:19:28'),(68,15,'ItemLine',NULL,173,1,'2016-11-21','2016-11-21',NULL,NULL,17,NULL,'2016-11-19 14:19:28','2016-11-19 14:19:28'),(69,15,'ItemLine',NULL,174,1,'2016-11-21','2016-11-21',NULL,NULL,17,NULL,'2016-11-19 14:19:28','2016-11-19 14:19:28'),(70,15,'ItemLine',NULL,175,1,'2016-11-21','2016-11-21',NULL,NULL,17,NULL,'2016-11-19 14:19:28','2016-11-19 14:19:28'),(71,15,'ItemLine',NULL,176,1,'2016-11-21','2016-11-21',NULL,NULL,17,NULL,'2016-11-19 14:19:28','2016-11-19 14:19:28'),(72,16,'ItemLine',NULL,8,1,'2016-12-01','2016-12-04',NULL,NULL,18,NULL,'2016-11-24 14:19:28','2016-11-24 14:19:28'),(73,16,'ItemLine',NULL,9,1,'2016-12-01','2016-12-04',NULL,NULL,19,NULL,'2016-11-24 14:19:28','2016-11-24 14:19:28'),(74,16,'ItemLine',NULL,9,1,'2016-12-02','2016-12-05',NULL,NULL,20,NULL,'2016-11-24 14:19:28','2016-11-24 14:19:28'),(75,17,'ItemLine',NULL,6,1,'2016-11-24','2016-11-25',NULL,NULL,21,NULL,'2016-11-24 14:19:28','2016-11-24 14:19:28'),(76,18,'ItemLine',NULL,177,1,'2016-11-24','2016-11-24',NULL,NULL,22,NULL,'2016-11-24 14:19:28','2016-11-24 14:19:28'),(77,18,'ItemLine',NULL,181,1,'2016-11-24','2016-11-24',NULL,NULL,22,NULL,'2016-11-24 14:19:28','2016-11-24 14:19:28'),(78,18,'ItemLine',NULL,185,1,'2016-11-24','2016-11-24',NULL,NULL,22,NULL,'2016-11-24 14:19:28','2016-11-24 14:19:28'),(79,18,'ItemLine',NULL,189,1,'2016-11-24','2016-11-24',NULL,NULL,22,NULL,'2016-11-24 14:19:28','2016-11-24 14:19:28'),(80,18,'ItemLine',NULL,193,1,'2016-11-24','2016-11-24',NULL,NULL,22,NULL,'2016-11-24 14:19:28','2016-11-24 14:19:28'),(81,18,'ItemLine',NULL,197,1,'2016-11-24','2016-11-24',NULL,NULL,22,NULL,'2016-11-24 14:19:28','2016-11-24 14:19:28'),(82,19,'ItemLine',210,201,1,'2016-11-24','2016-11-24',NULL,NULL,23,NULL,'2016-11-24 14:19:28','2016-11-24 14:19:28'),(83,19,'ItemLine',211,202,1,'2016-11-24','2016-11-24',NULL,NULL,23,NULL,'2016-11-24 14:19:28','2016-11-24 14:19:28'),(84,19,'ItemLine',212,203,1,'2016-11-24','2016-11-24',NULL,NULL,23,NULL,'2016-11-24 14:19:28','2016-11-24 14:19:28'),(85,19,'ItemLine',213,204,1,'2016-11-24','2016-11-24',NULL,NULL,23,NULL,'2016-11-24 14:19:28','2016-11-24 14:19:28'),(86,19,'ItemLine',214,205,1,'2016-11-24','2016-11-24',NULL,NULL,23,NULL,'2016-11-24 14:19:28','2016-11-24 14:19:28'),(87,19,'ItemLine',215,206,1,'2016-11-24','2016-11-24',NULL,NULL,23,NULL,'2016-11-24 14:19:28','2016-11-24 14:19:28'),(88,19,'ItemLine',216,207,1,'2016-11-24','2016-11-24',NULL,NULL,23,NULL,'2016-11-24 14:19:28','2016-11-24 14:19:28'),(89,19,'ItemLine',217,208,1,'2016-11-24','2016-11-24',NULL,NULL,23,NULL,'2016-11-24 14:19:28','2016-11-24 14:19:28'),(90,19,'ItemLine',218,209,1,'2016-11-24','2016-11-24',NULL,NULL,23,NULL,'2016-11-24 14:19:28','2016-11-24 14:19:28'),(91,19,'ItemLine',219,210,1,'2016-11-24','2016-11-24',NULL,NULL,23,NULL,'2016-11-24 14:19:28','2016-11-24 14:19:28'),(92,19,'ItemLine',220,211,1,'2016-11-24','2016-11-24',NULL,NULL,23,NULL,'2016-11-24 14:19:28','2016-11-24 14:19:28'),(93,19,'ItemLine',221,212,1,'2016-11-24','2016-11-24',NULL,NULL,23,NULL,'2016-11-24 14:19:28','2016-11-24 14:19:28'),(94,19,'ItemLine',222,213,1,'2016-11-24','2016-11-24',NULL,NULL,23,NULL,'2016-11-24 14:19:28','2016-11-24 14:19:28'),(95,19,'ItemLine',223,214,1,'2016-11-24','2016-11-24',NULL,NULL,23,NULL,'2016-11-24 14:19:28','2016-11-24 14:19:28'),(96,19,'ItemLine',224,215,1,'2016-11-24','2016-11-24',NULL,NULL,23,NULL,'2016-11-24 14:19:28','2016-11-24 14:19:28'),(97,19,'ItemLine',225,216,1,'2016-11-24','2016-11-24',NULL,NULL,23,NULL,'2016-11-24 14:19:28','2016-11-24 14:19:28'),(98,19,'ItemLine',226,217,1,'2016-11-24','2016-11-24',NULL,NULL,23,NULL,'2016-11-24 14:19:28','2016-11-24 14:19:28'),(99,19,'ItemLine',227,218,1,'2016-11-24','2016-11-24',NULL,NULL,23,NULL,'2016-11-24 14:19:28','2016-11-24 14:19:28'),(100,19,'ItemLine',228,219,1,'2016-11-24','2016-11-24',NULL,NULL,23,NULL,'2016-11-24 14:19:28','2016-11-24 14:19:28'),(101,19,'ItemLine',229,220,1,'2016-11-24','2016-11-24',NULL,NULL,23,NULL,'2016-11-24 14:19:28','2016-11-24 14:19:28'),(102,19,'ItemLine',230,221,1,'2016-11-24','2016-11-24',NULL,NULL,23,NULL,'2016-11-24 14:19:28','2016-11-24 14:19:28'),(103,19,'ItemLine',231,222,1,'2016-11-24','2016-11-24',NULL,NULL,23,NULL,'2016-11-24 14:19:28','2016-11-24 14:19:28'),(104,19,'ItemLine',232,223,1,'2016-11-24','2016-11-24',NULL,NULL,23,NULL,'2016-11-24 14:19:28','2016-11-24 14:19:28'),(105,19,'ItemLine',233,224,1,'2016-11-24','2016-11-24',NULL,NULL,23,NULL,'2016-11-24 14:19:28','2016-11-24 14:19:28'),(106,19,'ItemLine',234,225,1,'2016-11-24','2016-11-24',NULL,NULL,23,NULL,'2016-11-24 14:19:28','2016-11-24 14:19:28'),(107,19,'ItemLine',235,226,1,'2016-11-24','2016-11-24',NULL,NULL,23,NULL,'2016-11-24 14:19:28','2016-11-24 14:19:28'),(108,19,'ItemLine',236,227,1,'2016-11-24','2016-11-24',NULL,NULL,23,NULL,'2016-11-24 14:19:28','2016-11-24 14:19:28'),(109,19,'ItemLine',237,228,1,'2016-11-24','2016-11-24',NULL,NULL,23,NULL,'2016-11-24 14:19:28','2016-11-24 14:19:28'),(110,19,'ItemLine',238,229,1,'2016-11-24','2016-11-24',NULL,NULL,23,NULL,'2016-11-24 14:19:28','2016-11-24 14:19:28'),(111,19,'ItemLine',239,230,1,'2016-11-24','2016-11-24',NULL,NULL,23,NULL,'2016-11-24 14:19:28','2016-11-24 14:19:28'),(112,19,'ItemLine',240,231,1,'2016-11-24','2016-11-24',NULL,NULL,23,NULL,'2016-11-24 14:19:28','2016-11-24 14:19:28'),(113,19,'ItemLine',241,232,1,'2016-11-24','2016-11-24',NULL,NULL,23,NULL,'2016-11-24 14:19:28','2016-11-24 14:19:28'),(114,19,'ItemLine',242,233,1,'2016-11-24','2016-11-24',NULL,NULL,23,NULL,'2016-11-24 14:19:28','2016-11-24 14:19:28'),(115,19,'ItemLine',243,234,1,'2016-11-24','2016-11-24',NULL,NULL,23,NULL,'2016-11-24 14:19:28','2016-11-24 14:19:28'),(116,19,'ItemLine',244,235,1,'2016-11-24','2016-11-24',NULL,NULL,23,NULL,'2016-11-24 14:19:28','2016-11-24 14:19:28'),(117,19,'ItemLine',245,236,1,'2016-11-24','2016-11-24',NULL,NULL,23,NULL,'2016-11-24 14:19:28','2016-11-24 14:19:28'),(118,19,'ItemLine',NULL,237,1,'2016-11-24','2016-11-24',NULL,NULL,24,NULL,'2016-11-24 14:19:28','2016-11-24 14:19:28'),(119,19,'ItemLine',NULL,238,1,'2016-11-24','2016-11-24',NULL,NULL,24,NULL,'2016-11-24 14:19:28','2016-11-24 14:19:28'),(120,20,'ItemLine',NULL,239,1,'2016-11-18','2016-11-18',NULL,NULL,25,NULL,'2016-11-18 14:19:28','2016-11-18 14:19:28'),(121,20,'ItemLine',NULL,240,1,'2016-11-18','2016-11-18',NULL,NULL,25,NULL,'2016-11-18 14:19:28','2016-11-18 14:19:28'),(122,20,'ItemLine',NULL,241,1,'2016-11-18','2016-11-18',NULL,NULL,25,NULL,'2016-11-18 14:19:28','2016-11-18 14:19:28'),(123,20,'ItemLine',NULL,19,1,'2016-11-18','2016-11-18',NULL,NULL,26,NULL,'2016-11-18 14:19:28','2016-11-18 14:19:28'),(124,21,'ItemLine',88,19,1,'2016-06-24','2016-06-24','2016-06-24',NULL,27,NULL,'2016-06-24 13:19:28','2016-06-24 13:19:28'),(125,22,'ItemLine',251,242,1,'2016-11-24','2016-11-24',NULL,NULL,28,NULL,'2016-11-24 14:19:28','2016-11-24 14:19:28'),(126,22,'OptionLine',NULL,NULL,2,'2016-11-24','2016-11-24',NULL,5,29,NULL,'2016-11-24 14:19:28','2016-11-24 14:19:28'),(127,23,'OptionLine',NULL,NULL,2,'2016-11-24','2016-11-24',NULL,4,30,NULL,'2016-11-24 14:19:28','2016-11-24 14:19:28'),(128,23,'OptionLine',NULL,NULL,1,'2016-11-24','2016-12-24',NULL,4,31,NULL,'2016-11-24 14:19:28','2016-11-24 14:19:28'),(129,24,'ItemLine',252,243,1,'2016-11-24','2016-11-24',NULL,NULL,32,NULL,'2016-11-24 14:19:28','2016-11-24 14:19:28'),(130,25,'ItemLine',NULL,244,1,'2016-11-19','2016-11-23',NULL,NULL,33,NULL,'2016-11-19 14:19:28','2016-11-19 14:19:28'),(131,25,'OptionLine',NULL,NULL,1,'2016-11-19','2016-11-23',NULL,6,34,NULL,'2016-11-19 14:19:28','2016-11-19 14:19:28'),(132,26,'ItemLine',86,4,1,'2016-11-24','2016-11-24','2016-11-24',NULL,35,NULL,'2016-11-24 14:19:28','2016-11-24 14:19:28'),(133,27,'ItemLine',87,4,1,'2016-11-24','2016-11-24','2016-11-24',NULL,36,NULL,'2016-11-24 14:19:28','2016-11-24 14:19:28'),(134,28,'ItemLine',254,245,1,'2016-11-24','2016-11-24','2016-11-24',NULL,37,NULL,'2016-11-24 14:19:28','2016-11-24 14:19:28'),(135,29,'ItemLine',122,99,1,'2016-11-24','2016-11-24','2016-11-24',NULL,38,NULL,'2016-11-24 14:19:28','2016-11-24 14:19:28'),(136,30,'ItemLine',NULL,9,1,'2016-11-24','2016-11-24',NULL,NULL,39,NULL,'2016-11-24 14:19:28','2016-11-24 14:19:28'),(137,31,'ItemLine',NULL,9,1,'2016-11-24','2016-11-24',NULL,NULL,40,NULL,'2016-11-24 14:19:28','2016-11-24 14:19:28'),(138,31,'ItemLine',NULL,2,1,'2016-11-24','2016-11-24',NULL,NULL,41,NULL,'2016-11-24 14:19:28','2016-11-24 14:19:28'),(139,32,'ItemLine',NULL,9,1,'2016-12-01','2016-12-02',NULL,NULL,42,NULL,'2016-11-24 14:19:28','2016-11-24 14:19:28'),(140,33,'ItemLine',NULL,2,1,'2016-11-24','2016-11-24',NULL,NULL,43,NULL,'2016-11-24 14:19:28','2016-11-24 14:19:28'),(141,33,'ItemLine',NULL,2,1,'2016-11-24','2016-11-24',NULL,NULL,43,NULL,'2016-11-24 14:19:28','2016-11-24 14:19:28'),(142,33,'ItemLine',NULL,2,1,'2016-11-24','2016-11-24',NULL,NULL,43,NULL,'2016-11-24 14:19:28','2016-11-24 14:19:28'),(143,34,'ItemLine',NULL,8,1,'2016-11-24','2016-11-24',NULL,NULL,44,NULL,'2016-11-24 14:19:28','2016-11-24 14:19:28'),(144,34,'ItemLine',NULL,8,1,'2016-11-24','2016-11-24',NULL,NULL,44,NULL,'2016-11-24 14:19:28','2016-11-24 14:19:28'),(145,34,'ItemLine',NULL,8,1,'2016-11-24','2016-11-24',NULL,NULL,44,NULL,'2016-11-24 14:19:28','2016-11-24 14:19:28'),(146,34,'ItemLine',NULL,9,1,'2016-11-24','2016-11-24',NULL,NULL,45,NULL,'2016-11-24 14:19:28','2016-11-24 14:19:28'),(147,34,'ItemLine',NULL,9,1,'2016-11-24','2016-11-24',NULL,NULL,45,NULL,'2016-11-24 14:19:28','2016-11-24 14:19:28'),(148,34,'ItemLine',NULL,9,1,'2016-11-24','2016-11-24',NULL,NULL,45,NULL,'2016-11-24 14:19:28','2016-11-24 14:19:28'),(149,34,'OptionLine',NULL,NULL,5,'2016-11-24','2016-11-24',NULL,1,46,NULL,'2016-11-24 14:19:28','2016-11-24 14:19:28'),(150,35,'ItemLine',NULL,246,1,'2016-11-24','2016-11-24',NULL,NULL,47,NULL,'2016-11-24 14:19:28','2016-11-24 14:19:28'),(151,36,'ItemLine',256,247,1,'2016-11-24','2016-11-24',NULL,NULL,48,NULL,'2016-11-24 14:19:28','2016-11-24 14:19:28'),(152,37,'ItemLine',60,8,1,'2016-11-24','2016-11-24',NULL,NULL,49,NULL,'2016-11-24 14:19:28','2016-11-24 14:19:28'),(153,38,'ItemLine',93,23,1,'2016-11-19','2016-11-23',NULL,NULL,50,NULL,'2016-11-19 14:19:28','2016-11-19 14:19:28'),(154,38,'OptionLine',NULL,NULL,1,'2016-11-19','2016-11-21',NULL,7,51,NULL,'2016-11-19 14:19:28','2016-11-19 14:19:28'),(155,39,'ItemLine',257,248,1,'2016-11-24','2016-11-24',NULL,NULL,52,NULL,'2016-11-24 14:19:28','2016-11-24 14:19:28'),(156,40,'ItemLine',258,249,1,'2016-11-24','2016-11-24',NULL,NULL,53,NULL,'2016-11-24 14:19:28','2016-11-24 14:19:28'),(157,40,'ItemLine',259,250,1,'2016-11-24','2016-11-24','2016-11-24',NULL,54,5,'2016-11-24 14:19:28','2016-11-24 14:19:28'),(158,41,'ItemLine',104,84,1,'2016-11-24','2016-11-24',NULL,NULL,55,NULL,'2016-11-24 14:19:28','2016-11-24 14:19:28'),(159,41,'ItemLine',56,2,1,'2016-11-24','2016-11-24',NULL,NULL,56,NULL,'2016-11-24 14:19:28','2016-11-24 14:19:28'),(160,42,'ItemLine',260,251,1,'2016-11-24','2016-11-24',NULL,NULL,57,NULL,'2016-11-24 14:19:28','2016-11-24 14:19:28'),(161,43,'ItemLine',106,86,1,'2016-11-24','2016-11-24',NULL,NULL,58,NULL,'2016-11-24 14:19:28','2016-11-24 14:19:28'),(162,44,'ItemLine',NULL,2,1,'2016-11-22','2016-11-25',NULL,NULL,59,NULL,'2016-11-24 14:19:28','2016-11-24 14:19:28'),(163,44,'ItemLine',NULL,252,1,'2016-11-22','2016-11-25',NULL,NULL,60,NULL,'2016-11-24 14:19:28','2016-11-24 14:19:28'),(164,45,'ItemLine',NULL,22,1,'2016-11-24','2016-11-24',NULL,NULL,61,NULL,'2016-11-24 14:19:28','2016-11-24 14:19:28'),(165,45,'ItemLine',NULL,22,1,'2016-11-24','2016-11-24',NULL,NULL,61,NULL,'2016-11-24 14:19:28','2016-11-24 14:19:28'),(166,46,'ItemLine',53,2,1,'2016-11-24','2016-11-24',NULL,NULL,62,NULL,'2016-11-24 14:19:28','2016-11-24 14:19:28'),(167,46,'OptionLine',NULL,NULL,1,'2016-11-24','2016-11-24',NULL,1,63,NULL,'2016-11-24 14:19:28','2016-11-24 14:19:28'),(168,47,'ItemLine',NULL,8,1,'2016-12-31','2017-01-08',NULL,NULL,64,NULL,'2016-11-24 14:19:28','2016-11-24 14:19:28'),(169,48,'ItemLine',NULL,8,1,'2017-01-15','2017-01-18',NULL,NULL,65,NULL,'2016-11-24 14:19:28','2016-11-24 14:19:28'),(170,48,'ItemLine',NULL,8,1,'2017-01-15','2017-01-18',NULL,NULL,65,NULL,'2016-11-24 14:19:28','2016-11-24 14:19:28'),(171,48,'ItemLine',NULL,8,1,'2017-01-15','2017-01-18',NULL,NULL,65,NULL,'2016-11-24 14:19:28','2016-11-24 14:19:28'),(172,48,'ItemLine',NULL,8,1,'2017-01-15','2017-01-18',NULL,NULL,65,NULL,'2016-11-24 14:19:28','2016-11-24 14:19:28'),(173,48,'ItemLine',NULL,8,1,'2017-01-15','2017-01-18',NULL,NULL,65,NULL,'2016-11-24 14:19:28','2016-11-24 14:19:28'),(174,48,'ItemLine',NULL,8,1,'2017-01-15','2017-01-18',NULL,NULL,65,NULL,'2016-11-24 14:19:28','2016-11-24 14:19:28'),(175,49,'ItemLine',NULL,253,1,'2016-11-24','2016-11-24',NULL,NULL,66,NULL,'2016-11-24 14:19:28','2016-11-24 14:19:28'),(176,49,'ItemLine',NULL,254,1,'2016-11-24','2016-11-24',NULL,NULL,66,NULL,'2016-11-24 14:19:28','2016-11-24 14:19:28'),(177,49,'ItemLine',NULL,255,1,'2016-11-24','2016-11-24',NULL,NULL,66,NULL,'2016-11-24 14:19:28','2016-11-24 14:19:28'),(178,49,'ItemLine',NULL,256,1,'2016-11-24','2016-11-24',NULL,NULL,66,NULL,'2016-11-24 14:19:28','2016-11-24 14:19:28'),(179,49,'ItemLine',NULL,257,1,'2016-11-24','2016-11-24',NULL,NULL,66,NULL,'2016-11-24 14:19:28','2016-11-24 14:19:28'),(180,50,'ItemLine',NULL,258,1,'2016-11-24','2016-11-24',NULL,NULL,67,NULL,'2016-11-24 14:19:28','2016-11-24 14:19:28'),(181,50,'ItemLine',NULL,259,1,'2016-11-24','2016-11-24',NULL,NULL,67,NULL,'2016-11-24 14:19:28','2016-11-24 14:19:28'),(182,50,'ItemLine',NULL,260,1,'2016-11-24','2016-11-24',NULL,NULL,67,NULL,'2016-11-24 14:19:28','2016-11-24 14:19:28'),(183,50,'ItemLine',NULL,261,1,'2016-11-24','2016-11-24',NULL,NULL,67,NULL,'2016-11-24 14:19:28','2016-11-24 14:19:28'),(184,50,'ItemLine',NULL,262,1,'2016-11-24','2016-11-24',NULL,NULL,67,NULL,'2016-11-24 14:19:28','2016-11-24 14:19:28'),(185,51,'ItemLine',272,263,1,'2016-11-24','2016-11-24',NULL,NULL,68,NULL,'2016-11-24 14:19:28','2016-11-24 14:19:28'),(186,51,'ItemLine',273,264,1,'2016-11-24','2016-11-24',NULL,NULL,68,NULL,'2016-11-24 14:19:28','2016-11-24 14:19:28'),(187,51,'ItemLine',274,265,1,'2016-11-24','2016-11-24',NULL,NULL,68,NULL,'2016-11-24 14:19:28','2016-11-24 14:19:28'),(188,51,'ItemLine',275,266,1,'2016-11-24','2016-11-24',NULL,NULL,68,NULL,'2016-11-24 14:19:28','2016-11-24 14:19:28'),(189,51,'ItemLine',276,267,1,'2016-11-24','2016-11-24',NULL,NULL,68,NULL,'2016-11-24 14:19:28','2016-11-24 14:19:28'),(190,52,'ItemLine',277,268,1,'2016-11-24','2016-11-24',NULL,NULL,69,NULL,'2016-11-24 14:19:28','2016-11-24 14:19:28'),(191,52,'ItemLine',278,269,1,'2016-11-24','2016-11-24',NULL,NULL,69,NULL,'2016-11-24 14:19:28','2016-11-24 14:19:28'),(192,52,'ItemLine',279,270,1,'2016-11-24','2016-11-24',NULL,NULL,69,NULL,'2016-11-24 14:19:28','2016-11-24 14:19:28'),(193,53,'ItemLine',280,271,1,'2016-11-19','2016-11-21',NULL,NULL,70,NULL,'2016-11-19 14:19:28','2016-11-19 14:19:28'),(194,53,'ItemLine',281,272,1,'2016-11-19','2016-11-21',NULL,NULL,70,NULL,'2016-11-19 14:19:28','2016-11-19 14:19:28'),(195,53,'ItemLine',282,273,1,'2016-11-19','2016-11-21',NULL,NULL,70,NULL,'2016-11-19 14:19:28','2016-11-19 14:19:28'),(196,54,'ItemLine',NULL,274,1,'2016-11-21','2016-11-21',NULL,NULL,71,NULL,'2016-11-21 14:19:28','2016-11-21 14:19:28'),(197,54,'ItemLine',NULL,275,1,'2016-11-21','2016-11-21',NULL,NULL,71,NULL,'2016-11-21 14:19:28','2016-11-21 14:19:28'),(198,54,'ItemLine',NULL,276,1,'2016-11-21','2016-11-21',NULL,NULL,71,NULL,'2016-11-21 14:19:28','2016-11-21 14:19:28'),(199,54,'ItemLine',NULL,277,1,'2016-11-21','2016-11-21',NULL,NULL,71,NULL,'2016-11-21 14:19:28','2016-11-21 14:19:28'),(200,54,'ItemLine',NULL,278,1,'2016-11-21','2016-11-21',NULL,NULL,71,NULL,'2016-11-21 14:19:28','2016-11-21 14:19:28'),(201,54,'ItemLine',NULL,19,1,'2016-11-21','2016-11-21',NULL,NULL,72,NULL,'2016-11-21 14:19:28','2016-11-21 14:19:28');
/*!40000 ALTER TABLE `contract_lines` ENABLE KEYS */;
UNLOCK TABLES;

--
-- Table structure for table `contracts`
--

DROP TABLE IF EXISTS `contracts`;
/*!40101 SET @saved_cs_client     = @@character_set_client */;
/*!40101 SET character_set_client = utf8 */;
CREATE TABLE `contracts` (
  `id` int(11) NOT NULL AUTO_INCREMENT,
  `user_id` int(11) DEFAULT NULL,
  `delegated_user_id` int(11) DEFAULT NULL,
  `inventory_pool_id` int(11) DEFAULT NULL,
  `note` text COLLATE utf8_unicode_ci,
  `handed_over_by_user_id` int(11) DEFAULT NULL,
  `created_at` datetime DEFAULT NULL,
  `updated_at` datetime DEFAULT NULL,
  `status` enum('unsubmitted','submitted','rejected','approved','signed','closed') COLLATE utf8_unicode_ci NOT NULL,
  PRIMARY KEY (`id`),
  KEY `index_contracts_on_inventory_pool_id` (`inventory_pool_id`),
  KEY `index_contracts_on_status` (`status`),
  KEY `index_contracts_on_user_id` (`user_id`),
  KEY `contracts_delegated_user_id_fk` (`delegated_user_id`),
  KEY `contracts_handed_over_by_user_id_fk` (`handed_over_by_user_id`),
  CONSTRAINT `contracts_handed_over_by_user_id_fk` FOREIGN KEY (`handed_over_by_user_id`) REFERENCES `users` (`id`),
  CONSTRAINT `contracts_delegated_user_id_fk` FOREIGN KEY (`delegated_user_id`) REFERENCES `users` (`id`),
  CONSTRAINT `contracts_inventory_pool_id_fk` FOREIGN KEY (`inventory_pool_id`) REFERENCES `inventory_pools` (`id`),
  CONSTRAINT `contracts_user_id_fk` FOREIGN KEY (`user_id`) REFERENCES `users` (`id`)
) ENGINE=InnoDB AUTO_INCREMENT=55 DEFAULT CHARSET=utf8 COLLATE=utf8_unicode_ci;
/*!40101 SET character_set_client = @saved_cs_client */;

--
-- Dumping data for table `contracts`
--

LOCK TABLES `contracts` WRITE;
/*!40000 ALTER TABLE `contracts` DISABLE KEYS */;
INSERT INTO `contracts` VALUES (1,34,NULL,7,NULL,NULL,'2016-11-24 14:19:28','2016-11-24 14:19:28','unsubmitted'),(2,6,NULL,1,NULL,NULL,'2016-11-24 14:19:28','2016-11-24 14:19:28','unsubmitted'),(3,6,NULL,1,NULL,NULL,'2016-11-24 14:19:28','2016-11-24 14:19:28','submitted'),(4,19,NULL,1,NULL,NULL,'2016-11-24 14:19:28','2016-11-24 14:19:28','submitted'),(5,6,NULL,1,NULL,NULL,'2016-11-24 14:19:28','2016-11-24 14:19:28','submitted'),(6,6,NULL,2,NULL,NULL,'2016-11-24 14:19:28','2016-11-24 14:19:28','submitted'),(7,6,NULL,3,NULL,NULL,'2016-11-24 14:19:28','2016-11-24 14:19:28','submitted'),(8,6,NULL,1,NULL,NULL,'2016-11-24 14:19:28','2016-11-24 14:19:28','submitted'),(9,14,NULL,1,NULL,NULL,'2016-11-20 14:19:28','2016-11-20 14:19:28','submitted'),(10,15,NULL,1,NULL,NULL,'2016-11-24 14:19:28','2016-11-24 14:19:28','submitted'),(11,16,NULL,1,NULL,NULL,'2016-11-24 14:19:28','2016-11-24 14:19:28','submitted'),(12,17,NULL,1,NULL,NULL,'2016-11-24 14:19:28','2016-11-24 14:19:28','submitted'),(13,18,NULL,1,NULL,NULL,'2016-11-24 14:19:28','2016-11-24 14:19:28','submitted'),(14,14,NULL,1,NULL,NULL,'2016-11-20 14:19:28','2016-11-20 14:19:28','submitted'),(15,14,NULL,1,NULL,NULL,'2016-11-19 14:19:28','2016-11-19 14:19:28','submitted'),(16,11,NULL,1,NULL,NULL,'2016-11-24 14:19:28','2016-11-24 14:19:28','submitted'),(17,11,NULL,1,NULL,NULL,'2016-11-24 14:19:28','2016-11-24 14:19:28','submitted'),(18,35,NULL,12,NULL,NULL,'2016-11-24 14:19:28','2016-11-24 14:19:28','approved'),(19,22,NULL,1,NULL,NULL,'2016-11-24 14:19:28','2016-11-24 14:19:28','approved'),(20,14,NULL,1,NULL,NULL,'2016-11-18 14:19:28','2016-11-18 14:19:28','approved'),(21,14,NULL,1,NULL,5,'2016-06-24 13:19:28','2016-06-24 13:19:28','closed'),(22,21,NULL,1,NULL,5,'2016-11-24 14:19:28','2016-11-24 14:19:28','signed'),(23,8,NULL,1,NULL,5,'2016-11-24 14:19:28','2016-11-24 14:19:28','signed'),(24,23,NULL,1,NULL,5,'2016-11-24 14:19:28','2016-11-24 14:19:28','signed'),(25,6,NULL,2,NULL,NULL,'2016-11-19 14:19:28','2016-11-19 14:19:28','approved'),(26,12,NULL,1,NULL,5,'2016-11-24 14:19:28','2016-11-24 14:19:28','closed'),(27,27,12,1,NULL,5,'2016-11-24 14:19:28','2016-11-24 14:19:28','closed'),(28,20,NULL,1,NULL,5,'2016-11-24 14:19:28','2016-11-24 14:19:28','closed'),(29,20,NULL,1,NULL,5,'2016-11-24 14:19:28','2016-11-24 14:19:28','closed'),(30,6,NULL,1,NULL,NULL,'2016-11-24 14:19:28','2016-11-24 14:19:28','approved'),(31,6,NULL,1,NULL,NULL,'2016-11-24 14:19:28','2016-11-24 14:19:28','approved'),(32,6,NULL,1,NULL,NULL,'2016-11-24 14:19:28','2016-11-24 14:19:28','approved'),(33,6,NULL,1,NULL,NULL,'2016-11-24 14:19:28','2016-11-24 14:19:28','approved'),(34,6,NULL,1,NULL,NULL,'2016-11-24 14:19:28','2016-11-24 14:19:28','approved'),(35,6,NULL,1,NULL,NULL,'2016-11-24 14:19:28','2016-11-24 14:19:28','approved'),(36,6,NULL,1,NULL,NULL,'2016-11-24 14:19:28','2016-11-24 14:19:28','approved'),(37,6,NULL,1,NULL,5,'2016-11-24 14:19:28','2016-11-24 14:19:28','signed'),(38,13,NULL,1,NULL,5,'2016-11-19 14:19:28','2016-11-19 14:19:28','signed'),(39,6,NULL,1,NULL,5,'2016-11-24 14:19:28','2016-11-24 14:19:28','signed'),(40,6,NULL,2,NULL,5,'2016-11-24 14:19:28','2016-11-24 14:19:28','signed'),(41,6,NULL,2,NULL,5,'2016-11-24 14:19:28','2016-11-24 14:19:28','signed'),(42,6,NULL,2,NULL,5,'2016-11-24 14:19:28','2016-11-24 14:19:28','signed'),(43,6,NULL,1,NULL,5,'2016-11-24 14:19:28','2016-11-24 14:19:28','signed'),(44,11,NULL,1,NULL,NULL,'2016-11-24 14:19:28','2016-11-24 14:19:28','approved'),(45,13,NULL,1,NULL,NULL,'2016-11-24 14:19:28','2016-11-24 14:19:28','submitted'),(46,11,NULL,1,NULL,5,'2016-11-24 14:19:28','2016-11-24 14:19:28','signed'),(47,13,NULL,1,NULL,NULL,'2016-11-24 14:19:28','2016-11-24 14:19:28','submitted'),(48,13,NULL,1,NULL,NULL,'2016-11-24 14:19:28','2016-11-24 14:19:28','submitted'),(49,26,10,1,NULL,NULL,'2016-11-24 14:19:28','2016-11-24 14:19:28','submitted'),(50,26,12,1,NULL,NULL,'2016-11-24 14:19:28','2016-11-24 14:19:28','approved'),(51,30,24,1,NULL,NULL,'2016-11-24 14:19:28','2016-11-24 14:19:28','approved'),(52,26,10,1,NULL,5,'2016-11-24 14:19:28','2016-11-24 14:19:28','signed'),(53,26,10,1,NULL,5,'2016-11-19 14:19:28','2016-11-19 14:19:28','signed'),(54,14,NULL,1,NULL,NULL,'2016-11-21 14:19:28','2016-11-21 14:19:28','rejected');
/*!40000 ALTER TABLE `contracts` ENABLE KEYS */;
UNLOCK TABLES;

--
-- Table structure for table `database_authentications`
--

DROP TABLE IF EXISTS `database_authentications`;
/*!40101 SET @saved_cs_client     = @@character_set_client */;
/*!40101 SET character_set_client = utf8 */;
CREATE TABLE `database_authentications` (
  `id` int(11) NOT NULL AUTO_INCREMENT,
  `login` varchar(255) COLLATE utf8_unicode_ci DEFAULT NULL,
  `crypted_password` varchar(40) COLLATE utf8_unicode_ci DEFAULT NULL,
  `salt` varchar(40) COLLATE utf8_unicode_ci DEFAULT NULL,
  `user_id` int(11) DEFAULT NULL,
  `created_at` datetime DEFAULT NULL,
  `updated_at` datetime DEFAULT NULL,
  PRIMARY KEY (`id`),
  KEY `database_authentications_user_id_fk` (`user_id`),
  CONSTRAINT `database_authentications_user_id_fk` FOREIGN KEY (`user_id`) REFERENCES `users` (`id`) ON DELETE CASCADE
) ENGINE=InnoDB AUTO_INCREMENT=31 DEFAULT CHARSET=utf8 COLLATE=utf8_unicode_ci;
/*!40101 SET character_set_client = @saved_cs_client */;

--
-- Dumping data for table `database_authentications`
--

LOCK TABLES `database_authentications` WRITE;
/*!40000 ALTER TABLE `database_authentications` DISABLE KEYS */;
INSERT INTO `database_authentications` VALUES (1,'gino','91192df3f15281df1f47bfba6aa84cd6d4c44cad','0f3745007e4b4f909ffaea77c376f09a58f1f4ed',1,'2016-11-24 14:19:28','2016-11-24 14:19:28'),(2,'ramon','526fdc0ab133acbaaf81435e57d1ff6641263c90','53b4afda36ee5a7a4558225e0e8ff3f428c56384',2,'2016-11-24 14:19:28','2016-11-24 14:19:28'),(3,'matti','1c7ea6c9c325fc4075469900f8fd44e4bbe02909','f03d3dffef402a9ddce26f6135d5220c6aa21aeb',3,'2016-11-24 14:19:28','2016-11-24 14:19:28'),(4,'mike','cf5d2be5cdc976c243989cadbc39813aca66f13a','db2bd9dcc185b62e189a615fafd6d5bf506273ae',4,'2016-11-24 14:19:28','2016-11-24 14:19:28'),(5,'pius','4b82cccee82b8f4d493f0e03a5fb01ece3330c8f','247682cc9f4d8dace77ade61686a01d4b146c242',5,'2016-11-24 14:19:28','2016-11-24 14:19:28'),(6,'normin','c658f8fcdc3b283aa23b2550db2da726b9ed16c9','47d72ad1fd69c8f643557d69a21e3493d991ba45',6,'2016-11-24 14:19:28','2016-11-24 14:19:28'),(7,'billie','5c7c1dbae908e94ba573d711d0dda115e10f9174','7c5f8e76e0c5dc2f7aa03711057d252e7df6bcad',7,'2016-11-24 14:19:28','2016-11-24 14:19:28'),(8,'peter','d5e7065bb0edf0e18323c5128a503b66a8ac8abd','ceabf93a2efaf720a65636fbba618f7df33d5183',8,'2016-11-24 14:19:28','2016-11-24 14:19:28'),(9,'andi','fbd3f6460750927c0b0262cf131716873bf7f14b','a3b18ec264635498bbc46526b10ef309948ff906',9,'2016-11-24 14:19:28','2016-11-24 14:19:28'),(10,'mina','1ca78e070d5ce3ee59c4d8c657eccec08efef421','fbf6eea79d19082d95ac496f74ae82563fcfeb34',10,'2016-11-24 14:19:28','2016-11-24 14:19:28'),(11,'petra','5dcd826cd903c7a830ed6feeae4a6ce3dec023f4','5df623ee0105d7eb23e5cb89165f7b4cf9e181d5',11,'2016-11-24 14:19:28','2016-11-24 14:19:28'),(12,'julie','2d5f8fbb32f3aa55b0c14f900ee9d2386d52b233','611e72bc0f09c840f5d07448eb8f56afe053ad5d',12,'2016-11-24 14:19:28','2016-11-24 14:19:28'),(13,'lisa','07e4caf8ca14d19546547b518e95dc790b5fd321','8c8ea4158d7b3a4c6e2c212682ff93c136976f85',13,'2016-11-24 14:19:28','2016-11-24 14:19:28'),(14,'kaylah','e2a3b29fd1b67068c58857b657622349ddc6675d','12481d1f8d617abc4b90b1f09306da0076ad05cb',14,'2016-11-24 14:19:28','2016-11-24 14:19:28'),(15,'frederick','b36c01ca498edd4e41411f5dbf7634ba1ce62078','49df03f5082722266ab93b5b6a16b88fa4df286c',15,'2016-11-24 14:19:28','2016-11-24 14:19:28'),(16,'bianka','b6a55433b90d22fb4936dde74713a55e9b42fbb0','610ddfb01ff00c87bf3976f8c806d348664ea6fd',16,'2016-11-24 14:19:28','2016-11-24 14:19:28'),(17,'leon','05f5c15e7504442358162e81df6fab69f123e11e','2799d18381b8c1d975e5cf50934d51870ac883d1',17,'2016-11-24 14:19:28','2016-11-24 14:19:28'),(18,'ubaldo','bfafcccca0716f7115d7f7a27ceeb5cb0e61c20c','bbe70766cda57152ac96a3052b6cd02e52a0d5f9',18,'2016-11-24 14:19:28','2016-11-24 14:19:28'),(19,'tony','0a286be5931e17a3b188844a3cef7ece27a41aa3','5ecad19b307f3d8e26eea1d3e3f35c2a16bc4dc6',19,'2016-11-24 14:19:28','2016-11-24 14:19:28'),(20,'edwin','27c5edc21f83d6b78a09e56e85c811d37b0200bc','9566964e520d37be57637bc20e479a66d6ff3c8e',20,'2016-11-24 14:19:28','2016-11-24 14:19:28'),(21,'daron','ca765d756bd183cab558f02aa1d43d6dac437123','ce61b196c44bd73ab50fec6ccc70667678e7b931',21,'2016-11-24 14:19:28','2016-11-24 14:19:28'),(22,'toy','777b8364fe28e496423e8b9c0ccd2a838c06565a','654c97f87e08d63894032a75117fe9244f0780f0',22,'2016-11-24 14:19:28','2016-11-24 14:19:28'),(23,'etha','4725a283eb1843d5579ff81603b18f647417c40a','5e8ca01990155636e87c5df2324b585827a07d17',23,'2016-11-24 14:19:28','2016-11-24 14:19:28'),(24,'cleora','7e898d636bfce10e53721822844336c391c19c06','f008104c899b1edae6d7baf7e0a0c8ea8c1da3c4',24,'2016-11-24 14:19:28','2016-11-24 14:19:28'),(25,'helena_cain_9864','d443e1b1505b152e76f56378389e15fdb4e0083b','0804ff458ae5cb2b4872525be8e6b7a52048db37',25,'2016-11-24 14:19:28','2016-11-24 14:19:28'),(26,'jasen_donnelly_4554','a5823ab15596d2846b383a99c31b3e62335b3d79','48418924b480dae83cf1032c7f5ba947000afc33',31,'2016-11-24 14:19:28','2016-11-24 14:19:28'),(27,'myrtle_2346','b97c8917b11b23eb77823ac0ab40f23807b39202','94e2d01a5c6938d750f54b473e37de331ad107c6',32,'2016-11-24 14:19:28','2016-11-24 14:19:28'),(28,'conner_7675','658d6e9b47cf1219260ccb94d87d2fa39f0a3ab5','b828e1d43c89bec57e04cd6d19c4eeffcdd936be',33,'2016-11-24 14:19:28','2016-11-24 14:19:28'),(29,'jaclyn_6460','ff97d44a9e812bb77875d9748589e31a2e34415f','4ca47505e8f06a614838b5595cf03d17a3498c9e',34,'2016-11-24 14:19:28','2016-11-24 14:19:28'),(30,'nayeli_kling_1418','46834283ca7d2769a8a744333bf311738dcab0f9','1b9ba15aefb8b86d8ad873b6d4290fb5ff1080ee',35,'2016-11-24 14:19:28','2016-11-24 14:19:28');
/*!40000 ALTER TABLE `database_authentications` ENABLE KEYS */;
UNLOCK TABLES;

--
-- Table structure for table `delegations_users`
--

DROP TABLE IF EXISTS `delegations_users`;
/*!40101 SET @saved_cs_client     = @@character_set_client */;
/*!40101 SET character_set_client = utf8 */;
CREATE TABLE `delegations_users` (
  `delegation_id` int(11) DEFAULT NULL,
  `user_id` int(11) DEFAULT NULL,
  UNIQUE KEY `index_delegations_users_on_user_id_and_delegation_id` (`user_id`,`delegation_id`),
  KEY `index_delegations_users_on_delegation_id` (`delegation_id`),
  CONSTRAINT `delegations_users_delegation_id_fk` FOREIGN KEY (`delegation_id`) REFERENCES `users` (`id`),
  CONSTRAINT `delegations_users_user_id_fk` FOREIGN KEY (`user_id`) REFERENCES `users` (`id`)
) ENGINE=InnoDB DEFAULT CHARSET=utf8 COLLATE=utf8_unicode_ci;
/*!40101 SET character_set_client = @saved_cs_client */;

--
-- Dumping data for table `delegations_users`
--

LOCK TABLES `delegations_users` WRITE;
/*!40000 ALTER TABLE `delegations_users` DISABLE KEYS */;
INSERT INTO `delegations_users` VALUES (26,10),(27,10),(28,10),(29,10),(26,12),(27,12),(28,12),(29,12),(30,23),(30,24);
/*!40000 ALTER TABLE `delegations_users` ENABLE KEYS */;
UNLOCK TABLES;

--
-- Table structure for table `groups`
--

DROP TABLE IF EXISTS `groups`;
/*!40101 SET @saved_cs_client     = @@character_set_client */;
/*!40101 SET character_set_client = utf8 */;
CREATE TABLE `groups` (
  `id` int(11) NOT NULL AUTO_INCREMENT,
  `name` varchar(255) COLLATE utf8_unicode_ci DEFAULT NULL,
  `inventory_pool_id` int(11) DEFAULT NULL,
  `is_verification_required` tinyint(1) DEFAULT '0',
  `created_at` datetime DEFAULT NULL,
  `updated_at` datetime DEFAULT NULL,
  PRIMARY KEY (`id`),
  KEY `index_groups_on_inventory_pool_id` (`inventory_pool_id`),
  KEY `index_groups_on_is_verification_required` (`is_verification_required`),
  CONSTRAINT `groups_inventory_pool_id_fk` FOREIGN KEY (`inventory_pool_id`) REFERENCES `inventory_pools` (`id`)
) ENGINE=InnoDB AUTO_INCREMENT=11 DEFAULT CHARSET=utf8 COLLATE=utf8_unicode_ci;
/*!40101 SET character_set_client = @saved_cs_client */;

--
-- Dumping data for table `groups`
--

LOCK TABLES `groups` WRITE;
/*!40000 ALTER TABLE `groups` DISABLE KEYS */;
INSERT INTO `groups` VALUES (1,'Cast',1,0,'2016-11-24 14:19:28','2016-11-24 14:19:28'),(2,'IAD',1,0,'2016-11-24 14:19:28','2016-11-24 14:19:28'),(3,'Wu',1,0,'2016-11-24 14:19:28','2016-11-24 14:19:28'),(4,'Group Hifi',1,0,'2016-11-24 14:19:28','2016-11-24 14:19:28'),(5,'Group A',1,0,'2016-11-24 14:19:28','2016-11-24 14:19:28'),(6,'Group B',1,0,'2016-11-24 14:19:28','2016-11-24 14:19:28'),(7,'FFI',1,1,'2016-11-24 14:19:28','2016-11-24 14:19:28'),(8,'VTO',1,1,'2016-11-24 14:19:28','2016-11-24 14:19:28'),(9,'1. Semester',2,1,'2016-11-24 14:19:28','2016-11-24 14:19:28'),(10,'Group C',1,0,'2016-11-24 14:19:28','2016-11-24 14:19:28');
/*!40000 ALTER TABLE `groups` ENABLE KEYS */;
UNLOCK TABLES;

--
-- Table structure for table `groups_users`
--

DROP TABLE IF EXISTS `groups_users`;
/*!40101 SET @saved_cs_client     = @@character_set_client */;
/*!40101 SET character_set_client = utf8 */;
CREATE TABLE `groups_users` (
  `user_id` int(11) DEFAULT NULL,
  `group_id` int(11) DEFAULT NULL,
  UNIQUE KEY `index_groups_users_on_user_id_and_group_id` (`user_id`,`group_id`),
  KEY `index_groups_users_on_group_id` (`group_id`),
  CONSTRAINT `groups_users_user_id_fk` FOREIGN KEY (`user_id`) REFERENCES `users` (`id`),
  CONSTRAINT `groups_users_group_id_fk` FOREIGN KEY (`group_id`) REFERENCES `groups` (`id`)
) ENGINE=InnoDB DEFAULT CHARSET=utf8 COLLATE=utf8_unicode_ci;
/*!40101 SET character_set_client = @saved_cs_client */;

--
-- Dumping data for table `groups_users`
--

LOCK TABLES `groups_users` WRITE;
/*!40000 ALTER TABLE `groups_users` DISABLE KEYS */;
INSERT INTO `groups_users` VALUES (6,1),(13,1),(14,7),(14,8),(15,7),(16,7),(16,8),(17,7),(17,9),(18,7),(19,10);
/*!40000 ALTER TABLE `groups_users` ENABLE KEYS */;
UNLOCK TABLES;

--
-- Table structure for table `histories`
--

DROP TABLE IF EXISTS `histories`;
/*!40101 SET @saved_cs_client     = @@character_set_client */;
/*!40101 SET character_set_client = utf8 */;
CREATE TABLE `histories` (
  `id` int(11) NOT NULL AUTO_INCREMENT,
  `text` varchar(255) COLLATE utf8_unicode_ci DEFAULT '',
  `type_const` int(11) DEFAULT NULL,
  `created_at` datetime NOT NULL,
  `target_id` int(11) NOT NULL,
  `target_type` varchar(255) COLLATE utf8_unicode_ci NOT NULL,
  `user_id` int(11) DEFAULT NULL,
  PRIMARY KEY (`id`),
  KEY `index_histories_on_target_type_and_target_id` (`target_type`,`target_id`),
  KEY `index_histories_on_type_const` (`type_const`),
  KEY `index_histories_on_user_id` (`user_id`),
  CONSTRAINT `histories_user_id_fk` FOREIGN KEY (`user_id`) REFERENCES `users` (`id`)
) ENGINE=InnoDB AUTO_INCREMENT=19 DEFAULT CHARSET=utf8 COLLATE=utf8_unicode_ci;
/*!40101 SET character_set_client = @saved_cs_client */;

--
-- Dumping data for table `histories`
--

LOCK TABLES `histories` WRITE;
/*!40000 ALTER TABLE `histories` DISABLE KEYS */;
INSERT INTO `histories` VALUES (1,'Contract 21 has been signed by Kaylah Harris',1,'2016-06-24 13:19:28',21,'Contract',5),(2,'Contract 22 has been signed by Daron Gleichner',1,'2016-11-24 14:19:28',22,'Contract',5),(3,'Contract 23 has been signed by Peter Silie',1,'2016-11-24 14:19:28',23,'Contract',5),(4,'Contract 24 has been signed by Etha O\'Connell',1,'2016-11-24 14:19:28',24,'Contract',5),(5,'Contract 26 has been signed by Julie Abshire',1,'2016-11-24 14:19:28',26,'Contract',5),(6,'Contract 27 has been signed by Delegation 2',1,'2016-11-24 14:19:28',27,'Contract',5),(7,'Contract 28 has been signed by Edwin Huel',1,'2016-11-24 14:19:28',28,'Contract',5),(8,'Contract 29 has been signed by Edwin Huel',1,'2016-11-24 14:19:28',29,'Contract',5),(9,'Contract 37 has been signed by Normin Morissette',1,'2016-11-24 14:19:28',37,'Contract',5),(10,'Contract 38 has been signed by Lisa Dietrich',1,'2016-11-19 14:19:28',38,'Contract',5),(11,'Contract 39 has been signed by Normin Morissette',1,'2016-11-24 14:19:28',39,'Contract',5),(12,'Contract 40 has been signed by Normin Morissette',1,'2016-11-24 14:19:28',40,'Contract',5),(13,'Contract 41 has been signed by Normin Morissette',1,'2016-11-24 14:19:28',41,'Contract',5),(14,'Contract 42 has been signed by Normin Morissette',1,'2016-11-24 14:19:28',42,'Contract',5),(15,'Contract 43 has been signed by Normin Morissette',1,'2016-11-24 14:19:28',43,'Contract',5),(16,'Contract 46 has been signed by Petra Auer',1,'2016-11-24 14:19:28',46,'Contract',5),(17,'Contract 52 has been signed by Delegation 1',1,'2016-11-24 14:19:28',52,'Contract',5),(18,'Contract 53 has been signed by Delegation 1',1,'2016-11-19 14:19:28',53,'Contract',5);
/*!40000 ALTER TABLE `histories` ENABLE KEYS */;
UNLOCK TABLES;

--
-- Table structure for table `holidays`
--

DROP TABLE IF EXISTS `holidays`;
/*!40101 SET @saved_cs_client     = @@character_set_client */;
/*!40101 SET character_set_client = utf8 */;
CREATE TABLE `holidays` (
  `id` int(11) NOT NULL AUTO_INCREMENT,
  `inventory_pool_id` int(11) DEFAULT NULL,
  `start_date` date DEFAULT NULL,
  `end_date` date DEFAULT NULL,
  `name` varchar(255) COLLATE utf8_unicode_ci DEFAULT NULL,
  PRIMARY KEY (`id`),
  KEY `index_holidays_on_inventory_pool_id` (`inventory_pool_id`),
  KEY `index_holidays_on_start_date_and_end_date` (`start_date`,`end_date`),
  CONSTRAINT `holidays_inventory_pool_id_fk` FOREIGN KEY (`inventory_pool_id`) REFERENCES `inventory_pools` (`id`) ON DELETE CASCADE
) ENGINE=InnoDB AUTO_INCREMENT=7 DEFAULT CHARSET=utf8 COLLATE=utf8_unicode_ci;
/*!40101 SET character_set_client = @saved_cs_client */;

--
-- Dumping data for table `holidays`
--

LOCK TABLES `holidays` WRITE;
/*!40000 ALTER TABLE `holidays` DISABLE KEYS */;
INSERT INTO `holidays` VALUES (1,1,'2016-12-24','2016-12-26','Christmas'),(2,1,'2017-12-24','2017-12-26','Christmas'),(3,2,'2016-12-24','2016-12-26','Christmas'),(4,2,'2017-12-24','2017-12-26','Christmas'),(5,3,'2016-12-24','2016-12-26','Christmas'),(6,3,'2017-12-24','2017-12-26','Christmas');
/*!40000 ALTER TABLE `holidays` ENABLE KEYS */;
UNLOCK TABLES;

--
-- Table structure for table `images`
--

DROP TABLE IF EXISTS `images`;
/*!40101 SET @saved_cs_client     = @@character_set_client */;
/*!40101 SET character_set_client = utf8 */;
CREATE TABLE `images` (
  `id` int(11) NOT NULL AUTO_INCREMENT,
  `is_main` tinyint(1) DEFAULT '0',
  `content_type` varchar(255) COLLATE utf8_unicode_ci DEFAULT NULL,
  `filename` varchar(255) COLLATE utf8_unicode_ci DEFAULT NULL,
  `size` int(11) DEFAULT NULL,
  `height` int(11) DEFAULT NULL,
  `width` int(11) DEFAULT NULL,
  `parent_id` int(11) DEFAULT NULL,
  `thumbnail` varchar(255) COLLATE utf8_unicode_ci DEFAULT NULL,
  `target_id` int(11) DEFAULT NULL,
  `target_type` varchar(255) COLLATE utf8_unicode_ci DEFAULT NULL,
  PRIMARY KEY (`id`),
  KEY `index_images_on_target_id_and_target_type` (`target_id`,`target_type`)
) ENGINE=InnoDB AUTO_INCREMENT=5 DEFAULT CHARSET=utf8 COLLATE=utf8_unicode_ci;
/*!40101 SET character_set_client = @saved_cs_client */;

--
-- Dumping data for table `images`
--

LOCK TABLES `images` WRITE;
/*!40000 ALTER TABLE `images` DISABLE KEYS */;
INSERT INTO `images` VALUES (1,0,'image/jpeg','minus',NULL,NULL,NULL,NULL,NULL,2,'ModelGroup'),(2,0,'image/jpeg','molestiae',NULL,NULL,NULL,NULL,NULL,16,'Model'),(3,0,'image/jpeg','dicta',NULL,NULL,NULL,NULL,NULL,16,'Model'),(4,0,'image/jpeg','ut',NULL,NULL,NULL,NULL,NULL,17,'Model');
/*!40000 ALTER TABLE `images` ENABLE KEYS */;
UNLOCK TABLES;

--
-- Table structure for table `inventory_pools`
--

DROP TABLE IF EXISTS `inventory_pools`;
/*!40101 SET @saved_cs_client     = @@character_set_client */;
/*!40101 SET character_set_client = utf8 */;
CREATE TABLE `inventory_pools` (
  `id` int(11) NOT NULL AUTO_INCREMENT,
  `name` varchar(255) COLLATE utf8_unicode_ci DEFAULT NULL,
  `description` text COLLATE utf8_unicode_ci,
  `contact_details` varchar(255) COLLATE utf8_unicode_ci DEFAULT NULL,
  `contract_description` varchar(255) COLLATE utf8_unicode_ci DEFAULT NULL,
  `contract_url` varchar(255) COLLATE utf8_unicode_ci DEFAULT NULL,
  `logo_url` varchar(255) COLLATE utf8_unicode_ci DEFAULT NULL,
  `default_contract_note` text COLLATE utf8_unicode_ci,
  `shortname` varchar(255) COLLATE utf8_unicode_ci DEFAULT NULL,
  `email` varchar(255) COLLATE utf8_unicode_ci DEFAULT NULL,
  `color` text COLLATE utf8_unicode_ci,
  `print_contracts` tinyint(1) DEFAULT '1',
  `opening_hours` text COLLATE utf8_unicode_ci,
  `address_id` int(11) DEFAULT NULL,
  `automatic_suspension` tinyint(1) NOT NULL DEFAULT '0',
  `automatic_suspension_reason` text COLLATE utf8_unicode_ci,
  `automatic_access` tinyint(1) DEFAULT NULL,
  PRIMARY KEY (`id`),
  UNIQUE KEY `index_inventory_pools_on_name` (`name`),
  KEY `inventory_pools_address_id_fk` (`address_id`),
  CONSTRAINT `inventory_pools_address_id_fk` FOREIGN KEY (`address_id`) REFERENCES `addresses` (`id`)
) ENGINE=InnoDB AUTO_INCREMENT=13 DEFAULT CHARSET=utf8 COLLATE=utf8_unicode_ci;
/*!40101 SET character_set_client = @saved_cs_client */;

--
-- Dumping data for table `inventory_pools`
--

LOCK TABLES `inventory_pools` WRITE;
/*!40000 ALTER TABLE `inventory_pools` DISABLE KEYS */;
INSERT INTO `inventory_pools` VALUES (1,'A-Ausleihe','Wichtige Hinweise...\n\nBitte die Gegenstnde rechtzeitig zurckbringen','A Verleih  /  ZHdK\na@zh-dk.ch\n\n+41 00 00 00 00',NULL,'a@zhdk.ch',NULL,'Consequatur rerum ex pariatur.','A','a@zhdk.ch',NULL,1,NULL,NULL,1,'Consequatur sequi ut non officiis sunt est harum pariatur.',NULL),(2,'IT-Ausleihe','Bringt die Gerte bitte rechtzeitig zurck','IT Verleih  /  ZHdK\nit@zh-dk.ch\n\n+41 00 00 00 00',NULL,'it@zhdk.ch',NULL,'Officiis eum nobis velit id.','IT','it@zhdk.ch',NULL,1,NULL,NULL,1,'Sed assumenda eos repellat occaecati alias.',NULL),(3,'AV-Technik','Bringt die Gerte bitte rechtzeitig zurck','AV Verleih  /  ZHdK\nav@zh-dk.ch\n\n+41 00 00 00 00',NULL,'av@zhdk.ch',NULL,'Qui aperiam dolore rem autem dolorem tempore commodi.','AV','av@zhdk.ch',NULL,1,NULL,NULL,0,NULL,NULL),(4,'DT deletable',NULL,NULL,NULL,'it@zhdk.ch',NULL,'Voluptatem ea distinctio ipsam suscipit.','DT','it@zhdk.ch',NULL,1,NULL,NULL,0,NULL,NULL),(5,'Expeditadelenitietlabore','Cum molestiae nam et necessitatibus debitis quibusdam dignissimos saepe.','Facilis et ipsa velit voluptates beatae.','Expeditadelenitietlabore','sammy.hauck@morar.info',NULL,NULL,'U1NN62','sammy.hauck@morar.info',NULL,1,NULL,NULL,0,NULL,NULL),(6,'Explicabonecessitatibusautimpedit','Quia atque aut ducimus perferendis a esse qui.','Sed nihil odio rerum nulla rerum.','Explicabonecessitatibusautimpedit','mandy.torp@crookswaters.co.uk',NULL,NULL,'4SISJ5','mandy.torp@crookswaters.co.uk',NULL,1,NULL,NULL,0,NULL,NULL),(7,'Illoutofficiispariatur','Fugiat distinctio debitis iste optio dolorem possimus enim.','Eligendi voluptas et nesciunt distinctio.','Illoutofficiispariatur','alyson@schulist.com',NULL,NULL,'RWBNSI','alyson@schulist.com',NULL,1,NULL,NULL,0,NULL,NULL),(8,'Sequietsuntenim','Quisquam quidem rerum cumque illo praesentium quas labore.','Rerum molestiae enim rerum.','Sequietsuntenim','daija_ziemann@ernser.info',NULL,NULL,'E4U29H','daija_ziemann@ernser.info',NULL,1,NULL,NULL,0,NULL,NULL),(9,'Nihilrationequiaquidem','Quibusdam sit vel explicabo sed doloribus asperiores at.','Autem adipisci rerum accusantium et et sed commodi aut.','Nihilrationequiaquidem','wilma@turner.info',NULL,NULL,'D0HIX9','wilma@turner.info',NULL,1,NULL,NULL,0,NULL,NULL),(10,'Fugitmaximeassumendaitaque','Eveniet fuga distinctio quo omnis aut eos qui autem.','Non unde ut praesentium rerum quam et dolores libero.','Fugitmaximeassumendaitaque','kenton_heel@kilback.info',NULL,NULL,'133XNQ','kenton_heel@kilback.info',NULL,1,NULL,NULL,0,NULL,NULL),(11,'Maximequasiullammagni','Sunt natus sit nihil facilis optio est eveniet.','Est architecto ea quo voluptatem asperiores.','Maximequasiullammagni','genevieve@osinski.info',NULL,NULL,'2TYTNC','genevieve@osinski.info',NULL,1,NULL,NULL,0,NULL,NULL),(12,'Velitharumeosneque','At placeat laboriosam molestias voluptatem nemo qui et.','Recusandae qui mollitia facere numquam laudantium et.','Velitharumeosneque','wyatt@langworth.biz',NULL,NULL,'8OHQ4L','wyatt@langworth.biz',NULL,1,NULL,NULL,0,NULL,NULL);
/*!40000 ALTER TABLE `inventory_pools` ENABLE KEYS */;
UNLOCK TABLES;

--
-- Table structure for table `inventory_pools_model_groups`
--

DROP TABLE IF EXISTS `inventory_pools_model_groups`;
/*!40101 SET @saved_cs_client     = @@character_set_client */;
/*!40101 SET character_set_client = utf8 */;
CREATE TABLE `inventory_pools_model_groups` (
  `inventory_pool_id` int(11) DEFAULT NULL,
  `model_group_id` int(11) DEFAULT NULL,
  KEY `index_inventory_pools_model_groups_on_inventory_pool_id` (`inventory_pool_id`),
  KEY `index_inventory_pools_model_groups_on_model_group_id` (`model_group_id`),
  CONSTRAINT `inventory_pools_model_groups_model_group_id_fk` FOREIGN KEY (`model_group_id`) REFERENCES `model_groups` (`id`),
  CONSTRAINT `inventory_pools_model_groups_inventory_pool_id_fk` FOREIGN KEY (`inventory_pool_id`) REFERENCES `inventory_pools` (`id`)
) ENGINE=InnoDB DEFAULT CHARSET=utf8 COLLATE=utf8_unicode_ci;
/*!40101 SET character_set_client = @saved_cs_client */;

--
-- Dumping data for table `inventory_pools_model_groups`
--

LOCK TABLES `inventory_pools_model_groups` WRITE;
/*!40000 ALTER TABLE `inventory_pools_model_groups` DISABLE KEYS */;
INSERT INTO `inventory_pools_model_groups` VALUES (1,12),(1,13),(1,14);
/*!40000 ALTER TABLE `inventory_pools_model_groups` ENABLE KEYS */;
UNLOCK TABLES;

--
-- Table structure for table `items`
--

DROP TABLE IF EXISTS `items`;
/*!40101 SET @saved_cs_client     = @@character_set_client */;
/*!40101 SET character_set_client = utf8 */;
CREATE TABLE `items` (
  `id` int(11) NOT NULL AUTO_INCREMENT,
  `inventory_code` varchar(255) COLLATE utf8_unicode_ci DEFAULT NULL,
  `serial_number` varchar(255) COLLATE utf8_unicode_ci DEFAULT NULL,
  `model_id` int(11) DEFAULT NULL,
  `location_id` int(11) DEFAULT NULL,
  `supplier_id` int(11) DEFAULT NULL,
  `owner_id` int(11) NOT NULL,
  `parent_id` int(11) DEFAULT NULL,
  `invoice_number` varchar(255) COLLATE utf8_unicode_ci DEFAULT NULL,
  `invoice_date` date DEFAULT NULL,
  `last_check` date DEFAULT NULL,
  `retired` date DEFAULT NULL,
  `retired_reason` varchar(255) COLLATE utf8_unicode_ci DEFAULT NULL,
  `price` decimal(8,2) DEFAULT NULL,
  `is_broken` tinyint(1) DEFAULT '0',
  `is_incomplete` tinyint(1) DEFAULT '0',
  `is_borrowable` tinyint(1) DEFAULT '0',
  `needs_permission` tinyint(1) DEFAULT '0',
  `inventory_pool_id` int(11) NOT NULL,
  `is_inventory_relevant` tinyint(1) DEFAULT '0',
  `responsible` varchar(255) COLLATE utf8_unicode_ci DEFAULT NULL,
  `insurance_number` varchar(255) COLLATE utf8_unicode_ci DEFAULT NULL,
  `note` text COLLATE utf8_unicode_ci,
  `name` text COLLATE utf8_unicode_ci,
  `user_name` varchar(255) COLLATE utf8_unicode_ci DEFAULT NULL,
  `properties` varchar(2048) COLLATE utf8_unicode_ci DEFAULT NULL,
  `created_at` datetime DEFAULT NULL,
  `updated_at` datetime DEFAULT NULL,
  PRIMARY KEY (`id`),
  UNIQUE KEY `index_items_on_inventory_code` (`inventory_code`),
  KEY `index_items_on_inventory_pool_id` (`inventory_pool_id`),
  KEY `index_items_on_retired` (`retired`),
  KEY `index_items_on_is_borrowable` (`is_borrowable`),
  KEY `index_items_on_is_broken` (`is_broken`),
  KEY `index_items_on_is_incomplete` (`is_incomplete`),
  KEY `index_items_on_location_id` (`location_id`),
  KEY `index_items_on_owner_id` (`owner_id`),
  KEY `index_items_on_parent_id_and_retired` (`parent_id`,`retired`),
  KEY `index_items_on_model_id_and_retired_and_inventory_pool_id` (`model_id`,`retired`,`inventory_pool_id`),
  KEY `items_supplier_id_fk` (`supplier_id`),
  CONSTRAINT `items_supplier_id_fk` FOREIGN KEY (`supplier_id`) REFERENCES `suppliers` (`id`),
  CONSTRAINT `items_inventory_pool_id_fk` FOREIGN KEY (`inventory_pool_id`) REFERENCES `inventory_pools` (`id`),
  CONSTRAINT `items_location_id_fk` FOREIGN KEY (`location_id`) REFERENCES `locations` (`id`),
  CONSTRAINT `items_model_id_fk` FOREIGN KEY (`model_id`) REFERENCES `models` (`id`),
  CONSTRAINT `items_owner_id_fk` FOREIGN KEY (`owner_id`) REFERENCES `inventory_pools` (`id`),
  CONSTRAINT `items_parent_id_fk` FOREIGN KEY (`parent_id`) REFERENCES `items` (`id`) ON DELETE SET NULL
) ENGINE=InnoDB AUTO_INCREMENT=288 DEFAULT CHARSET=utf8 COLLATE=utf8_unicode_ci;
/*!40101 SET character_set_client = @saved_cs_client */;

--
-- Dumping data for table `items`
--

LOCK TABLES `items` WRITE;
/*!40000 ALTER TABLE `items` DISABLE KEYS */;
INSERT INTO `items` VALUES (1,'zwx5gxvq51f1jb658jmv1','ae:22:3c:82:77:73-ae:29:39:a9:e9:80-82:19:03:a1:52:95',24,NULL,1,1,NULL,NULL,'2013-10-29','2016-11-24',NULL,NULL,562.00,0,0,1,0,1,1,NULL,NULL,NULL,NULL,NULL,'--- !ruby/hash:ActiveSupport::HashWithIndifferentAccess\nanschaffungskategorie: AV-Technik\nreference: invoice\numzug: zgeln\nankunftszustand: intakt\n','2016-11-24 14:19:28','2016-11-24 14:19:28'),(2,'4fxhtc36zst6zjqqtcsq2','63:e0:e4:95:f9:27-48:ba:2e:a8:c4:5d-30:c6:71:2a:3c:14',25,NULL,2,1,NULL,NULL,'2013-01-27','2016-11-24',NULL,NULL,101.00,0,0,1,0,1,1,NULL,NULL,NULL,NULL,NULL,'--- !ruby/hash:ActiveSupport::HashWithIndifferentAccess\nanschaffungskategorie: AV-Technik\nreference: invoice\numzug: zgeln\nankunftszustand: intakt\n','2016-11-24 14:19:28','2016-11-24 14:19:28'),(3,'j5rpzmd1i40tljs9qmae3','a3:f5:7c:f7:00:3d-05:e6:8b:31:3c:e5-57:c9:1d:89:af:37',26,NULL,3,1,NULL,NULL,'2014-04-30','2016-11-24',NULL,NULL,1403.00,0,0,1,0,1,1,NULL,NULL,NULL,NULL,NULL,'--- !ruby/hash:ActiveSupport::HashWithIndifferentAccess\nanschaffungskategorie: AV-Technik\nreference: invoice\numzug: zgeln\nankunftszustand: intakt\n','2016-11-24 14:19:28','2016-11-24 14:19:28'),(4,'gx8dzc3hvgc3y0dya1sm4','3e:b4:28:e2:80:d0-1c:b2:2a:f5:31:7d-55:4c:a2:d6:23:de',27,NULL,4,1,NULL,NULL,'2013-03-29','2016-11-24',NULL,NULL,1436.00,0,0,1,0,1,1,NULL,NULL,NULL,NULL,NULL,'--- !ruby/hash:ActiveSupport::HashWithIndifferentAccess\nanschaffungskategorie: AV-Technik\nreference: invoice\numzug: zgeln\nankunftszustand: intakt\n','2016-11-24 14:19:28','2016-11-24 14:19:28'),(5,'pfxjjlaekcah4756mdg45','b7:d8:59:22:d3:66-52:c2:5c:46:a1:10-3e:a2:7b:c6:88:99',28,NULL,5,1,NULL,NULL,'2015-05-24','2016-11-24',NULL,NULL,645.00,0,0,1,0,1,1,NULL,NULL,NULL,NULL,NULL,'--- !ruby/hash:ActiveSupport::HashWithIndifferentAccess\nanschaffungskategorie: AV-Technik\nreference: invoice\numzug: zgeln\nankunftszustand: intakt\n','2016-11-24 14:19:28','2016-11-24 14:19:28'),(6,'ta8833oa1xadyfhtrxnr6','97:ae:01:4a:e4:d9-b0:db:a6:9b:b3:72-ce:d8:a2:a1:09:77',29,NULL,6,1,NULL,NULL,'2013-11-04','2016-11-24',NULL,NULL,653.00,0,0,1,0,1,1,NULL,NULL,NULL,NULL,NULL,'--- !ruby/hash:ActiveSupport::HashWithIndifferentAccess\nanschaffungskategorie: AV-Technik\nreference: invoice\numzug: zgeln\nankunftszustand: intakt\n','2016-11-24 14:19:28','2016-11-24 14:19:28'),(7,'k125tygrjdxozwcmgaev7','65:ef:53:40:ee:4a-69:5f:34:e8:69:27-82:f6:fe:80:23:c0',30,NULL,7,1,NULL,NULL,'2011-10-18','2016-11-24',NULL,NULL,1291.00,0,0,1,0,1,1,NULL,NULL,NULL,NULL,NULL,'--- !ruby/hash:ActiveSupport::HashWithIndifferentAccess\nanschaffungskategorie: AV-Technik\nreference: invoice\numzug: zgeln\nankunftszustand: intakt\n','2016-11-24 14:19:28','2016-11-24 14:19:28'),(8,'pp3onwr1y1cw31rpvd1t8','cb:2a:d3:b5:88:57-a5:cc:03:c7:15:17-8a:39:10:32:ea:72',31,NULL,8,1,NULL,NULL,'2014-08-19','2016-11-24',NULL,NULL,834.00,0,0,1,0,1,1,NULL,NULL,NULL,NULL,NULL,'--- !ruby/hash:ActiveSupport::HashWithIndifferentAccess\nanschaffungskategorie: AV-Technik\nreference: invoice\numzug: zgeln\nankunftszustand: intakt\n','2016-11-24 14:19:28','2016-11-24 14:19:28'),(9,'l6bqdtoshro1lkjcygsx9','17:e0:92:d2:da:a8-a3:1b:3b:ae:36:f5-40:36:08:88:d8:8e',32,NULL,9,1,NULL,NULL,'2013-03-13','2016-11-24',NULL,NULL,133.00,0,0,1,0,1,1,NULL,NULL,NULL,NULL,NULL,'--- !ruby/hash:ActiveSupport::HashWithIndifferentAccess\nanschaffungskategorie: AV-Technik\nreference: invoice\numzug: zgeln\nankunftszustand: intakt\n','2016-11-24 14:19:28','2016-11-24 14:19:28'),(10,'xmettyn7ylsup3xvctu410','41:15:22:4f:47:bc-56:cf:3a:42:ed:c3-92:42:cd:71:6e:79',33,NULL,10,1,NULL,NULL,'2014-09-23','2016-11-24',NULL,NULL,1345.00,0,0,1,0,1,1,NULL,NULL,NULL,NULL,NULL,'--- !ruby/hash:ActiveSupport::HashWithIndifferentAccess\nanschaffungskategorie: AV-Technik\nreference: invoice\numzug: zgeln\nankunftszustand: intakt\n','2016-11-24 14:19:28','2016-11-24 14:19:28'),(11,'a9usd101vjtu766gaqec11','68:fd:c3:3b:de:93-35:c0:36:37:55:6a-18:6e:5c:c0:32:d9',34,NULL,11,1,NULL,NULL,'2015-05-03','2016-11-24',NULL,NULL,726.00,0,0,1,0,1,1,NULL,NULL,NULL,NULL,NULL,'--- !ruby/hash:ActiveSupport::HashWithIndifferentAccess\nanschaffungskategorie: AV-Technik\nreference: invoice\numzug: zgeln\nankunftszustand: intakt\n','2016-11-24 14:19:28','2016-11-24 14:19:28'),(12,'jnp3vw5jxvy2h6jen3sk12','4d:08:33:e6:57:0f-fd:cc:a4:14:67:64-c3:7f:06:60:f1:4a',35,NULL,12,1,NULL,NULL,'2013-08-21','2016-11-24',NULL,NULL,186.00,0,0,1,0,1,1,NULL,NULL,NULL,NULL,NULL,'--- !ruby/hash:ActiveSupport::HashWithIndifferentAccess\nanschaffungskategorie: AV-Technik\nreference: invoice\numzug: zgeln\nankunftszustand: intakt\n','2016-11-24 14:19:28','2016-11-24 14:19:28'),(13,'inuy7rd14pnhxsenw5y713','6c:18:39:dd:cc:fd-34:26:98:3d:18:cb-ef:d9:55:c3:28:e2',36,NULL,13,1,NULL,NULL,'2011-03-29','2016-11-24',NULL,NULL,193.00,0,0,1,0,1,1,NULL,NULL,NULL,NULL,NULL,'--- !ruby/hash:ActiveSupport::HashWithIndifferentAccess\nanschaffungskategorie: AV-Technik\nreference: invoice\numzug: zgeln\nankunftszustand: intakt\n','2016-11-24 14:19:28','2016-11-24 14:19:28'),(14,'84r0mvj98l65y2co3aa514','5e:96:44:26:35:82-7f:b6:af:ad:2f:db-5c:ac:47:81:29:d7',37,NULL,14,1,NULL,NULL,'2012-08-31','2016-11-24',NULL,NULL,836.00,0,0,1,0,1,1,NULL,NULL,NULL,NULL,NULL,'--- !ruby/hash:ActiveSupport::HashWithIndifferentAccess\nanschaffungskategorie: AV-Technik\nreference: invoice\numzug: zgeln\nankunftszustand: intakt\n','2016-11-24 14:19:28','2016-11-24 14:19:28'),(15,'1i4j5l2ut2101azjdaeu15','bc:70:42:e5:8e:b4-f1:b4:70:e9:ee:bc-6f:8f:1e:dc:76:e5',38,NULL,15,1,NULL,NULL,'2011-10-15','2016-11-24',NULL,NULL,779.00,0,0,1,0,1,1,NULL,NULL,NULL,NULL,NULL,'--- !ruby/hash:ActiveSupport::HashWithIndifferentAccess\nanschaffungskategorie: AV-Technik\nreference: invoice\numzug: zgeln\nankunftszustand: intakt\n','2016-11-24 14:19:28','2016-11-24 14:19:28'),(16,'8cizo8xhtgx9nqz71sn216','48:09:4a:3a:49:2f-cc:4f:64:59:a6:72-10:16:01:6b:11:80',39,NULL,16,1,NULL,NULL,'2011-12-19','2016-11-24',NULL,NULL,553.00,0,0,1,0,1,1,NULL,NULL,NULL,NULL,NULL,'--- !ruby/hash:ActiveSupport::HashWithIndifferentAccess\nanschaffungskategorie: AV-Technik\nreference: invoice\numzug: zgeln\nankunftszustand: intakt\n','2016-11-24 14:19:28','2016-11-24 14:19:28'),(17,'nq48soczo9lzhg9sswxx17','97:4e:db:f5:3a:7b-7c:66:74:12:86:11-ba:e5:1e:25:5d:33',40,NULL,17,1,NULL,NULL,'2011-06-30','2016-11-24',NULL,NULL,331.00,0,0,1,0,1,1,NULL,NULL,NULL,NULL,NULL,'--- !ruby/hash:ActiveSupport::HashWithIndifferentAccess\nanschaffungskategorie: AV-Technik\nreference: invoice\numzug: zgeln\nankunftszustand: intakt\n','2016-11-24 14:19:28','2016-11-24 14:19:28'),(18,'gxt755hmyphknr9798qy18','f3:82:be:1a:8d:45-ca:50:8f:5f:d2:6d-f0:e2:c5:7f:46:bd',41,NULL,18,1,NULL,NULL,'2015-10-15','2016-11-24',NULL,NULL,187.00,0,0,1,0,1,1,NULL,NULL,NULL,NULL,NULL,'--- !ruby/hash:ActiveSupport::HashWithIndifferentAccess\nanschaffungskategorie: AV-Technik\nreference: invoice\numzug: zgeln\nankunftszustand: intakt\n','2016-11-24 14:19:28','2016-11-24 14:19:28'),(19,'ttozhhcbqgot8x1804gd19','47:ab:4b:8b:d6:d0-14:2a:9b:30:92:34-8a:fb:18:bf:b6:3e',42,NULL,19,1,NULL,NULL,'2015-06-19','2016-11-24',NULL,NULL,990.00,0,0,1,0,1,1,NULL,NULL,NULL,NULL,NULL,'--- !ruby/hash:ActiveSupport::HashWithIndifferentAccess\nanschaffungskategorie: AV-Technik\nreference: invoice\numzug: zgeln\nankunftszustand: intakt\n','2016-11-24 14:19:28','2016-11-24 14:19:28'),(20,'b675joa0ec8ct1tknyig20','d4:db:3b:0b:89:db-a3:7e:ef:da:eb:6c-bd:3a:1e:94:0b:4a',43,NULL,20,1,NULL,NULL,'2012-09-26','2016-11-24',NULL,NULL,912.00,0,0,1,0,1,1,NULL,NULL,NULL,NULL,NULL,'--- !ruby/hash:ActiveSupport::HashWithIndifferentAccess\nanschaffungskategorie: AV-Technik\nreference: invoice\numzug: zgeln\nankunftszustand: intakt\n','2016-11-24 14:19:28','2016-11-24 14:19:28'),(21,'yqxrjsxaf56atc9zskn321','85:d3:ea:cf:21:a7-7d:17:1c:5c:db:d1-66:08:5a:44:9d:a1',44,NULL,21,1,NULL,NULL,'2014-07-01','2016-11-24',NULL,NULL,763.00,0,0,1,0,1,1,NULL,NULL,NULL,NULL,NULL,'--- !ruby/hash:ActiveSupport::HashWithIndifferentAccess\nanschaffungskategorie: AV-Technik\nreference: invoice\numzug: zgeln\nankunftszustand: intakt\n','2016-11-24 14:19:28','2016-11-24 14:19:28'),(22,'pp8cfuw2jocqlgt8cv8y22','74:04:df:dd:a0:59-5b:0e:a0:84:29:6f-ba:87:6f:f6:00:b5',45,NULL,22,1,NULL,NULL,'2015-10-01','2016-11-24',NULL,NULL,916.00,0,0,1,0,1,1,NULL,NULL,NULL,NULL,NULL,'--- !ruby/hash:ActiveSupport::HashWithIndifferentAccess\nanschaffungskategorie: AV-Technik\nreference: invoice\numzug: zgeln\nankunftszustand: intakt\n','2016-11-24 14:19:28','2016-11-24 14:19:28'),(23,'ceu1edv9qkn2no767dcn23','e8:51:a3:cb:4a:3b-87:ad:99:4d:a5:b4-30:ec:5d:8b:f2:b4',46,NULL,23,1,NULL,NULL,'2014-10-08','2016-11-24',NULL,NULL,292.00,0,0,1,0,1,1,NULL,NULL,NULL,NULL,NULL,'--- !ruby/hash:ActiveSupport::HashWithIndifferentAccess\nanschaffungskategorie: AV-Technik\nreference: invoice\numzug: zgeln\nankunftszustand: intakt\n','2016-11-24 14:19:28','2016-11-24 14:19:28'),(24,'wcxcmwlhdu5i5ttyrpwp24','eb:ae:75:5e:5c:c0-2b:5a:bd:83:19:0f-b2:f6:3f:4f:da:af',47,NULL,24,1,NULL,NULL,'2011-04-02','2016-11-24',NULL,NULL,2.00,0,0,1,0,1,1,NULL,NULL,NULL,NULL,NULL,'--- !ruby/hash:ActiveSupport::HashWithIndifferentAccess\nanschaffungskategorie: AV-Technik\nreference: invoice\numzug: zgeln\nankunftszustand: intakt\n','2016-11-24 14:19:28','2016-11-24 14:19:28'),(25,'cjn7sy33e3b7cv43oojn25','82:c5:eb:c7:27:89-5f:e3:a1:1c:c5:d3-83:e9:1a:5a:9d:67',48,NULL,25,1,NULL,NULL,'2013-09-11','2016-11-24',NULL,NULL,282.00,0,0,1,0,1,1,NULL,NULL,NULL,NULL,NULL,'--- !ruby/hash:ActiveSupport::HashWithIndifferentAccess\nanschaffungskategorie: AV-Technik\nreference: invoice\numzug: zgeln\nankunftszustand: intakt\n','2016-11-24 14:19:28','2016-11-24 14:19:28'),(26,'wfpzzdnti29mw0dtzcd326','8e:95:0e:bc:e3:b9-b8:b1:e8:b5:d7:7c-0e:81:35:4a:65:b1',49,NULL,26,1,NULL,NULL,'2014-05-15','2016-11-24',NULL,NULL,1306.00,0,0,1,0,1,1,NULL,NULL,NULL,NULL,NULL,'--- !ruby/hash:ActiveSupport::HashWithIndifferentAccess\nanschaffungskategorie: AV-Technik\nreference: invoice\numzug: zgeln\nankunftszustand: intakt\n','2016-11-24 14:19:28','2016-11-24 14:19:28'),(27,'vj6q8lofwec3n5fmyodl27','01:09:df:7a:eb:52-96:30:d4:d5:ca:92-0c:2c:54:8f:e0:0f',50,NULL,27,1,NULL,NULL,'2014-05-22','2016-11-24',NULL,NULL,1242.00,0,0,1,0,1,1,NULL,NULL,NULL,NULL,NULL,'--- !ruby/hash:ActiveSupport::HashWithIndifferentAccess\nanschaffungskategorie: AV-Technik\nreference: invoice\numzug: zgeln\nankunftszustand: intakt\n','2016-11-24 14:19:28','2016-11-24 14:19:28'),(28,'jhwxelzyi4atre9c551b28','04:90:8f:1e:fb:c4-31:2d:62:ef:90:79-c5:4a:b2:45:fe:05',51,NULL,28,1,NULL,NULL,'2014-04-11','2016-11-24',NULL,NULL,227.00,0,0,1,0,1,1,NULL,NULL,NULL,NULL,NULL,'--- !ruby/hash:ActiveSupport::HashWithIndifferentAccess\nanschaffungskategorie: AV-Technik\nreference: invoice\numzug: zgeln\nankunftszustand: intakt\n','2016-11-24 14:19:28','2016-11-24 14:19:28'),(29,'hhth60t6ksz4wjgts19829','60:2f:bd:33:58:99-fb:51:fc:8d:2b:44-89:69:5e:2e:f5:01',52,NULL,29,1,NULL,NULL,'2013-08-26','2016-11-24',NULL,NULL,1115.00,0,0,1,0,1,1,NULL,NULL,NULL,NULL,NULL,'--- !ruby/hash:ActiveSupport::HashWithIndifferentAccess\nanschaffungskategorie: AV-Technik\nreference: invoice\numzug: zgeln\nankunftszustand: intakt\n','2016-11-24 14:19:28','2016-11-24 14:19:28'),(30,'qnwkuz3fow2vhojdpqba30','44:27:13:93:18:42-c6:32:36:9e:bb:91-a2:9c:c1:62:88:a7',53,NULL,30,1,NULL,NULL,'2015-08-30','2016-11-24',NULL,NULL,341.00,0,0,1,0,1,1,NULL,NULL,NULL,NULL,NULL,'--- !ruby/hash:ActiveSupport::HashWithIndifferentAccess\nanschaffungskategorie: AV-Technik\nreference: invoice\numzug: zgeln\nankunftszustand: intakt\n','2016-11-24 14:19:28','2016-11-24 14:19:28'),(31,'yctgn4zy7ztxr59wltdq31','f9:0f:67:ba:a6:74-d2:14:56:ce:fd:07-e6:d2:fa:f2:84:af',54,NULL,31,1,NULL,NULL,'2014-07-17','2016-11-24',NULL,NULL,1335.00,0,0,1,0,1,1,NULL,NULL,NULL,NULL,NULL,'--- !ruby/hash:ActiveSupport::HashWithIndifferentAccess\nanschaffungskategorie: AV-Technik\nreference: invoice\numzug: zgeln\nankunftszustand: intakt\n','2016-11-24 14:19:28','2016-11-24 14:19:28'),(32,'ft7twch25xprcom2exm532','b0:9f:1c:d4:18:bc-5a:cd:2b:93:83:07-c8:b2:ee:d7:31:a5',55,NULL,32,1,NULL,NULL,'2014-09-09','2016-11-24',NULL,NULL,712.00,0,0,1,0,1,1,NULL,NULL,NULL,NULL,NULL,'--- !ruby/hash:ActiveSupport::HashWithIndifferentAccess\nanschaffungskategorie: AV-Technik\nreference: invoice\numzug: zgeln\nankunftszustand: intakt\n','2016-11-24 14:19:28','2016-11-24 14:19:28'),(33,'nialvc81bv0uyquufxa133','f2:10:37:cc:a0:a8-c0:25:d7:88:9e:0e-be:3a:c6:25:a4:c8',56,NULL,33,1,NULL,NULL,'2013-02-14','2016-11-24',NULL,NULL,1033.00,0,0,1,0,1,1,NULL,NULL,NULL,NULL,NULL,'--- !ruby/hash:ActiveSupport::HashWithIndifferentAccess\nanschaffungskategorie: AV-Technik\nreference: invoice\numzug: zgeln\nankunftszustand: intakt\n','2016-11-24 14:19:28','2016-11-24 14:19:28'),(34,'8yaksfl18japiwplhrcd34','71:4e:90:6b:76:be-15:a5:2e:c7:fb:89-de:b8:56:3f:0c:98',57,NULL,34,1,NULL,NULL,'2013-08-23','2016-11-24',NULL,NULL,7.00,0,0,1,0,1,1,NULL,NULL,NULL,NULL,NULL,'--- !ruby/hash:ActiveSupport::HashWithIndifferentAccess\nanschaffungskategorie: AV-Technik\nreference: invoice\numzug: zgeln\nankunftszustand: intakt\n','2016-11-24 14:19:28','2016-11-24 14:19:28'),(35,'v7o68i5qj2f4mjx20okd35','76:04:93:97:1d:49-35:ee:e6:f6:91:ae-bc:5e:8c:cd:f5:82',58,NULL,35,1,NULL,NULL,'2012-03-02','2016-11-24',NULL,NULL,960.00,0,0,1,0,1,1,NULL,NULL,NULL,NULL,NULL,'--- !ruby/hash:ActiveSupport::HashWithIndifferentAccess\nanschaffungskategorie: AV-Technik\nreference: invoice\numzug: zgeln\nankunftszustand: intakt\n','2016-11-24 14:19:28','2016-11-24 14:19:28'),(36,'bpfs8xzb464boy2dk92p36','77:45:1b:c9:ae:0e-f5:a9:c4:a0:46:95-22:58:53:2e:c1:a1',59,NULL,36,1,NULL,NULL,'2014-03-15','2016-11-24',NULL,NULL,490.00,0,0,1,0,1,1,NULL,NULL,NULL,NULL,NULL,'--- !ruby/hash:ActiveSupport::HashWithIndifferentAccess\nanschaffungskategorie: AV-Technik\nreference: invoice\numzug: zgeln\nankunftszustand: intakt\n','2016-11-24 14:19:28','2016-11-24 14:19:28'),(37,'chjlkyswlifcfezoaqnr37','e2:d8:2f:95:13:ec-4b:dc:86:c1:a8:0d-eb:55:c2:d5:65:65',60,NULL,37,1,NULL,NULL,'2011-05-01','2016-11-24',NULL,NULL,382.00,0,0,1,0,1,1,NULL,NULL,NULL,NULL,NULL,'--- !ruby/hash:ActiveSupport::HashWithIndifferentAccess\nanschaffungskategorie: AV-Technik\nreference: invoice\numzug: zgeln\nankunftszustand: intakt\n','2016-11-24 14:19:28','2016-11-24 14:19:28'),(38,'whbahs4wrkcavhk57l7j38','76:f4:01:34:bb:7e-b1:39:d5:f9:e2:53-60:e6:29:2b:97:79',61,NULL,38,1,NULL,NULL,'2014-09-10','2016-11-24',NULL,NULL,392.00,0,0,1,0,1,1,NULL,NULL,NULL,NULL,NULL,'--- !ruby/hash:ActiveSupport::HashWithIndifferentAccess\nanschaffungskategorie: AV-Technik\nreference: invoice\numzug: zgeln\nankunftszustand: intakt\n','2016-11-24 14:19:28','2016-11-24 14:19:28'),(39,'p9tobi0v9gfpv8gqoxlp39','da:22:1b:d8:e9:c1-9c:ed:5f:85:7b:b0-c4:98:65:52:ed:dc',62,NULL,39,1,NULL,NULL,'2011-08-29','2016-11-24',NULL,NULL,1358.00,0,0,1,0,1,1,NULL,NULL,NULL,NULL,NULL,'--- !ruby/hash:ActiveSupport::HashWithIndifferentAccess\nanschaffungskategorie: AV-Technik\nreference: invoice\numzug: zgeln\nankunftszustand: intakt\n','2016-11-24 14:19:28','2016-11-24 14:19:28'),(40,'o24zt0cqmqywacl49fy940','94:ba:1b:15:79:e4-39:62:01:eb:30:85-54:f1:86:1b:e1:c1',63,NULL,40,1,NULL,NULL,'2014-06-19','2016-11-24',NULL,NULL,437.00,0,0,1,0,1,1,NULL,NULL,NULL,NULL,NULL,'--- !ruby/hash:ActiveSupport::HashWithIndifferentAccess\nanschaffungskategorie: AV-Technik\nreference: invoice\numzug: zgeln\nankunftszustand: intakt\n','2016-11-24 14:19:28','2016-11-24 14:19:28'),(41,'q0ekpufvmz0jms0rmghr41','8c:c2:9e:07:90:0b-87:49:c0:22:d2:15-0d:59:02:1a:a0:8d',64,NULL,41,1,NULL,NULL,'2015-01-22','2016-11-24',NULL,NULL,728.00,0,0,1,0,1,1,NULL,NULL,NULL,NULL,NULL,'--- !ruby/hash:ActiveSupport::HashWithIndifferentAccess\nanschaffungskategorie: AV-Technik\nreference: invoice\numzug: zgeln\nankunftszustand: intakt\n','2016-11-24 14:19:28','2016-11-24 14:19:28'),(42,'epd6v72cm41znmqx0lu942','e6:82:8f:2b:f2:4b-47:23:e7:b4:91:3d-27:36:5c:34:ef:f3',65,NULL,42,1,NULL,NULL,'2012-03-28','2016-11-24',NULL,NULL,525.00,0,0,1,0,1,1,NULL,NULL,NULL,NULL,NULL,'--- !ruby/hash:ActiveSupport::HashWithIndifferentAccess\nanschaffungskategorie: AV-Technik\nreference: invoice\numzug: zgeln\nankunftszustand: intakt\n','2016-11-24 14:19:28','2016-11-24 14:19:28'),(43,'5t39658w2s91dhjlsvrt43','27:df:0c:54:b9:0e-d6:94:2c:60:31:f8-8f:16:2f:0d:d5:f4',66,NULL,43,1,NULL,NULL,'2014-06-07','2016-11-24',NULL,NULL,649.00,0,0,1,0,1,1,NULL,NULL,NULL,NULL,NULL,'--- !ruby/hash:ActiveSupport::HashWithIndifferentAccess\nanschaffungskategorie: AV-Technik\nreference: invoice\numzug: zgeln\nankunftszustand: intakt\n','2016-11-24 14:19:28','2016-11-24 14:19:28'),(44,'sr31e373o8r8ki7csov244','5b:72:81:78:b4:69-e0:c2:73:d7:9c:2a-5c:57:af:e8:98:34',67,NULL,44,1,NULL,NULL,'2013-02-19','2016-11-24',NULL,NULL,1343.00,0,0,1,0,1,1,NULL,NULL,NULL,NULL,NULL,'--- !ruby/hash:ActiveSupport::HashWithIndifferentAccess\nanschaffungskategorie: AV-Technik\nreference: invoice\numzug: zgeln\nankunftszustand: intakt\n','2016-11-24 14:19:28','2016-11-24 14:19:28'),(45,'35kzgmhv5cv47nzw1acq45','20:9b:85:91:16:03-f6:10:10:17:66:30-8d:2a:5b:af:52:ad',68,NULL,45,1,NULL,NULL,'2014-10-04','2016-11-24',NULL,NULL,187.00,0,0,1,0,1,1,NULL,NULL,NULL,NULL,NULL,'--- !ruby/hash:ActiveSupport::HashWithIndifferentAccess\nanschaffungskategorie: AV-Technik\nreference: invoice\numzug: zgeln\nankunftszustand: intakt\n','2016-11-24 14:19:28','2016-11-24 14:19:28'),(46,'ly99izu6yzuq7l9h6sd346','05:3c:d0:c3:47:63-2c:b9:23:f7:0d:e9-bc:55:c1:15:cf:29',69,NULL,46,1,NULL,NULL,'2014-10-14','2016-11-24',NULL,NULL,295.00,0,0,1,0,1,1,NULL,NULL,NULL,NULL,NULL,'--- !ruby/hash:ActiveSupport::HashWithIndifferentAccess\nanschaffungskategorie: AV-Technik\nreference: invoice\numzug: zgeln\nankunftszustand: intakt\n','2016-11-24 14:19:28','2016-11-24 14:19:28'),(47,'0or1rq54742uignmtzmv47','e2:e8:fb:88:97:96-fb:d5:ad:14:63:74-a0:fe:7d:0e:f3:b3',70,NULL,47,1,NULL,NULL,'2012-01-27','2016-11-24',NULL,NULL,743.00,0,0,1,0,1,1,NULL,NULL,NULL,NULL,NULL,'--- !ruby/hash:ActiveSupport::HashWithIndifferentAccess\nanschaffungskategorie: AV-Technik\nreference: invoice\numzug: zgeln\nankunftszustand: intakt\n','2016-11-24 14:19:28','2016-11-24 14:19:28'),(48,'9h8vq2xo8tdadzjfiynx48','1a:11:7c:f7:13:df-cb:96:3e:2a:c5:60-ed:13:50:5b:6f:82',71,NULL,48,1,NULL,NULL,'2015-10-31','2016-11-24',NULL,NULL,318.00,0,0,1,0,1,1,NULL,NULL,NULL,NULL,NULL,'--- !ruby/hash:ActiveSupport::HashWithIndifferentAccess\nanschaffungskategorie: AV-Technik\nreference: invoice\numzug: zgeln\nankunftszustand: intakt\n','2016-11-24 14:19:28','2016-11-24 14:19:28'),(49,'ewd5ravwd7wfug2so2ad49','c0:ad:69:54:cf:19-af:05:80:ba:8e:b7-4d:bb:f2:3d:31:38',72,NULL,49,1,NULL,NULL,'2013-04-04','2016-11-24',NULL,NULL,1020.00,0,0,1,0,1,1,NULL,NULL,NULL,NULL,NULL,'--- !ruby/hash:ActiveSupport::HashWithIndifferentAccess\nanschaffungskategorie: AV-Technik\nreference: invoice\numzug: zgeln\nankunftszustand: intakt\n','2016-11-24 14:19:28','2016-11-24 14:19:28'),(50,'iotk05l794smwhb6gs2b50','fa:76:6b:be:6a:0e-22:a4:50:13:65:9d-63:cc:79:5a:56:26',73,NULL,50,1,NULL,NULL,'2014-05-07','2016-11-24',NULL,NULL,1048.00,0,0,1,0,1,1,NULL,NULL,NULL,NULL,NULL,'--- !ruby/hash:ActiveSupport::HashWithIndifferentAccess\nanschaffungskategorie: AV-Technik\nreference: invoice\numzug: zgeln\nankunftszustand: intakt\n','2016-11-24 14:19:28','2016-11-24 14:19:28'),(51,'book1','book1',1,1,51,2,NULL,NULL,'2011-12-07','2016-11-24',NULL,NULL,700.00,0,0,1,0,2,1,NULL,NULL,NULL,NULL,NULL,'--- !ruby/hash:ActiveSupport::HashWithIndifferentAccess\nanschaffungskategorie: AV-Technik\nreference: invoice\numzug: zgeln\nankunftszustand: intakt\n','2016-11-24 14:19:28','2016-11-24 14:19:28'),(52,'book2','book2',1,1,52,2,NULL,NULL,'2015-07-18','2016-11-24',NULL,NULL,1480.00,0,0,1,0,2,1,NULL,NULL,NULL,NULL,NULL,'--- !ruby/hash:ActiveSupport::HashWithIndifferentAccess\nanschaffungskategorie: AV-Technik\nreference: invoice\numzug: zgeln\nankunftszustand: intakt\n','2016-11-24 14:19:28','2016-11-24 14:19:28'),(53,'beam123','xyz456',2,1,53,1,NULL,NULL,'2014-05-04','2016-11-24',NULL,NULL,1133.00,0,0,1,0,1,1,NULL,NULL,NULL,NULL,NULL,'--- !ruby/hash:ActiveSupport::HashWithIndifferentAccess\nanschaffungskategorie: AV-Technik\nreference: invoice\numzug: zgeln\nankunftszustand: intakt\n','2016-11-24 14:19:28','2016-11-24 14:19:28'),(54,'beam345','xyz890',2,1,54,1,NULL,NULL,'2013-12-29','2016-11-24',NULL,NULL,1395.00,0,0,1,0,1,1,NULL,NULL,NULL,NULL,NULL,'--- !ruby/hash:ActiveSupport::HashWithIndifferentAccess\nanschaffungskategorie: AV-Technik\nreference: invoice\numzug: zgeln\nankunftszustand: intakt\n','2016-11-24 14:19:28','2016-11-24 14:19:28'),(55,'beam678','xyz678',3,1,55,1,NULL,NULL,'2011-10-31','2016-11-24',NULL,NULL,1056.00,0,0,1,0,1,1,NULL,NULL,NULL,NULL,NULL,'--- !ruby/hash:ActiveSupport::HashWithIndifferentAccess\nanschaffungskategorie: AV-Technik\nreference: invoice\numzug: zgeln\nankunftszustand: intakt\n','2016-11-24 14:19:28','2016-11-24 14:19:28'),(56,'beam749','xyz749',2,1,56,1,NULL,NULL,'2012-05-21','2016-11-24',NULL,NULL,264.00,0,0,1,0,2,1,NULL,NULL,NULL,NULL,NULL,'--- !ruby/hash:ActiveSupport::HashWithIndifferentAccess\nanschaffungskategorie: AV-Technik\nreference: invoice\numzug: zgeln\nankunftszustand: intakt\n','2016-11-24 14:19:28','2016-11-24 14:19:28'),(57,'beamTest123','xyz74912',5,1,57,1,NULL,NULL,'2011-09-22','2016-11-24',NULL,NULL,717.00,0,0,1,0,1,1,NULL,NULL,NULL,NULL,NULL,'--- !ruby/hash:ActiveSupport::HashWithIndifferentAccess\nanschaffungskategorie: AV-Technik\nreference: invoice\numzug: zgeln\nankunftszustand: intakt\n','2016-11-24 14:19:28','2016-11-24 14:19:28'),(58,'ucbeam1','minbeam1',6,1,58,1,NULL,NULL,'2013-12-06','2016-11-24',NULL,NULL,1067.00,0,0,1,0,1,1,NULL,NULL,NULL,'ucbeam1',NULL,'--- !ruby/hash:ActiveSupport::HashWithIndifferentAccess\nanschaffungskategorie: AV-Technik\nreference: invoice\numzug: zgeln\nankunftszustand: intakt\n','2016-11-24 14:19:28','2016-11-24 14:19:28'),(59,'microbeam1','microbeam1',7,1,59,1,NULL,NULL,'2014-08-29','2016-11-24',NULL,NULL,427.00,0,0,1,0,1,1,NULL,NULL,NULL,'microbeam1',NULL,'--- !ruby/hash:ActiveSupport::HashWithIndifferentAccess\nanschaffungskategorie: AV-Technik\nreference: invoice\numzug: zgeln\nankunftszustand: intakt\n','2016-11-24 14:19:28','2016-11-24 14:19:28'),(60,'cam123','abc234',8,1,60,1,NULL,NULL,'2014-02-02','2016-11-24',NULL,NULL,782.00,0,0,1,0,1,1,NULL,NULL,NULL,NULL,NULL,'--- !ruby/hash:ActiveSupport::HashWithIndifferentAccess\nanschaffungskategorie: AV-Technik\nreference: invoice\numzug: zgeln\nankunftszustand: intakt\n','2016-11-24 14:19:28','2016-11-24 14:19:28'),(61,'cam345','ab567',8,1,61,1,NULL,NULL,'2013-06-20','2016-11-24',NULL,NULL,146.00,0,0,1,0,1,1,NULL,NULL,NULL,NULL,NULL,'--- !ruby/hash:ActiveSupport::HashWithIndifferentAccess\nanschaffungskategorie: AV-Technik\nreference: invoice\numzug: zgeln\nankunftszustand: intakt\n','2016-11-24 14:19:28','2016-11-24 14:19:28'),(62,'cam567','ab789',8,1,62,1,NULL,NULL,'2014-11-26','2016-11-24',NULL,NULL,1083.00,0,0,1,0,1,1,NULL,NULL,NULL,NULL,NULL,'--- !ruby/hash:ActiveSupport::HashWithIndifferentAccess\nanschaffungskategorie: AV-Technik\nreference: invoice\numzug: zgeln\nankunftszustand: intakt\n','2016-11-24 14:19:28','2016-11-24 14:19:28'),(63,'cam53267','ab782129',8,1,63,1,NULL,NULL,'2014-01-28','2016-11-24',NULL,NULL,189.00,0,0,1,0,1,1,NULL,NULL,NULL,NULL,NULL,'--- !ruby/hash:ActiveSupport::HashWithIndifferentAccess\nanschaffungskategorie: AV-Technik\nreference: invoice\numzug: zgeln\nankunftszustand: intakt\n','2016-11-24 14:19:28','2016-11-24 14:19:28'),(64,'cam532asd67','ab78as2129',8,1,64,1,NULL,NULL,'2013-11-24','2016-11-24',NULL,NULL,307.00,0,0,1,0,1,1,NULL,NULL,NULL,NULL,NULL,'--- !ruby/hash:ActiveSupport::HashWithIndifferentAccess\nanschaffungskategorie: AV-Technik\nreference: invoice\numzug: zgeln\nankunftszustand: intakt\n','2016-11-24 14:19:28','2016-11-24 14:19:28'),(65,'tri789','fgh567',9,1,65,1,NULL,NULL,'2012-03-21','2016-11-24',NULL,NULL,640.00,0,0,1,0,1,1,NULL,NULL,NULL,NULL,NULL,'--- !ruby/hash:ActiveSupport::HashWithIndifferentAccess\nanschaffungskategorie: AV-Technik\nreference: invoice\numzug: zgeln\nankunftszustand: intakt\n','2016-11-24 14:19:28','2016-11-24 14:19:28'),(66,'tri123','fgh987',9,1,66,1,NULL,NULL,'2014-08-05','2016-11-24',NULL,NULL,1201.00,0,0,1,0,1,1,NULL,NULL,NULL,NULL,NULL,'--- !ruby/hash:ActiveSupport::HashWithIndifferentAccess\nanschaffungskategorie: AV-Technik\nreference: invoice\numzug: zgeln\nankunftszustand: intakt\n','2016-11-24 14:19:28','2016-11-24 14:19:28'),(67,'tri923','asd213',9,1,67,1,NULL,NULL,'2015-07-25','2016-11-24',NULL,NULL,188.00,0,0,1,0,1,1,NULL,NULL,NULL,NULL,NULL,'--- !ruby/hash:ActiveSupport::HashWithIndifferentAccess\nanschaffungskategorie: AV-Technik\nreference: invoice\numzug: zgeln\nankunftszustand: intakt\n','2016-11-24 14:19:28','2016-11-24 14:19:28'),(68,'tri212','tri212',9,1,68,1,NULL,NULL,'2015-10-16','2016-11-24',NULL,NULL,67.00,0,0,1,0,1,1,NULL,NULL,NULL,NULL,NULL,'--- !ruby/hash:ActiveSupport::HashWithIndifferentAccess\nanschaffungskategorie: AV-Technik\nreference: invoice\numzug: zgeln\nankunftszustand: intakt\n','2016-11-24 14:19:28','2016-11-24 14:19:28'),(69,'hifi123','hifi123',10,1,69,1,NULL,NULL,'2012-09-13','2016-11-24',NULL,NULL,979.00,0,0,1,0,1,1,NULL,NULL,NULL,NULL,NULL,'--- !ruby/hash:ActiveSupport::HashWithIndifferentAccess\nanschaffungskategorie: AV-Technik\nreference: invoice\numzug: zgeln\nankunftszustand: intakt\n','2016-11-24 14:19:28','2016-11-24 14:19:28'),(70,'bose123','bose123',12,1,70,1,NULL,NULL,'2013-08-31','2016-11-24',NULL,NULL,146.00,0,0,1,0,1,1,NULL,NULL,NULL,NULL,NULL,'--- !ruby/hash:ActiveSupport::HashWithIndifferentAccess\nanschaffungskategorie: AV-Technik\nreference: invoice\numzug: zgeln\nankunftszustand: intakt\n','2016-11-24 14:19:28','2016-11-24 14:19:28'),(71,'cand5','cand5',8,1,71,1,NULL,NULL,'2011-01-13','2016-11-24',NULL,NULL,1258.00,0,0,0,0,1,1,NULL,NULL,NULL,NULL,NULL,'--- !ruby/hash:ActiveSupport::HashWithIndifferentAccess\nanschaffungskategorie: AV-Technik\nreference: invoice\numzug: zgeln\nankunftszustand: intakt\n','2016-11-24 14:19:28','2016-11-24 14:19:28'),(72,'beam21231','beamas12312',2,1,72,1,NULL,NULL,'2015-12-20','2016-11-24',NULL,NULL,861.00,0,0,0,0,1,1,NULL,NULL,NULL,NULL,NULL,'--- !ruby/hash:ActiveSupport::HashWithIndifferentAccess\nanschaffungskategorie: AV-Technik\nreference: invoice\numzug: zgeln\nankunftszustand: intakt\n','2016-11-24 14:19:28','2016-11-24 14:19:28'),(73,'hifi345','hifi345',10,1,73,1,NULL,NULL,'2014-05-07','2016-11-24',NULL,NULL,1442.00,0,0,0,0,1,1,NULL,NULL,NULL,NULL,NULL,'--- !ruby/hash:ActiveSupport::HashWithIndifferentAccess\nanschaffungskategorie: AV-Technik\nreference: invoice\numzug: zgeln\nankunftszustand: intakt\n','2016-11-24 14:19:28','2016-11-24 14:19:28'),(74,'wlaptop1','wlaptop1',14,1,74,1,NULL,NULL,'2012-05-22','2016-11-24',NULL,NULL,401.00,1,0,1,0,1,1,NULL,NULL,NULL,NULL,NULL,'--- !ruby/hash:ActiveSupport::HashWithIndifferentAccess\nanschaffungskategorie: AV-Technik\nreference: invoice\numzug: zgeln\nankunftszustand: intakt\n','2016-11-24 14:19:28','2016-11-24 14:19:28'),(75,'v120d02','v120d02',15,1,75,1,NULL,NULL,'2013-05-02','2016-11-24',NULL,NULL,616.00,0,1,1,0,1,1,NULL,NULL,NULL,NULL,NULL,'--- !ruby/hash:ActiveSupport::HashWithIndifferentAccess\nanschaffungskategorie: AV-Technik\nreference: invoice\numzug: zgeln\nankunftszustand: intakt\n','2016-11-24 14:19:28','2016-11-24 14:19:28'),(76,'v120d11','v120d11',15,NULL,76,1,NULL,NULL,'2013-05-16','2016-11-24','2016-11-24','Quasi ut alias quia.',687.00,1,1,0,0,1,1,NULL,NULL,NULL,NULL,NULL,'--- !ruby/hash:ActiveSupport::HashWithIndifferentAccess\nanschaffungskategorie: AV-Technik\nreference: invoice\numzug: zgeln\nankunftszustand: intakt\n','2016-11-24 14:19:28','2016-11-24 14:19:28'),(77,'v120d022g','v120d022g',16,1,77,1,NULL,NULL,'2013-06-23','2016-11-24',NULL,NULL,658.00,0,0,1,0,1,1,NULL,NULL,NULL,NULL,NULL,'--- !ruby/hash:ActiveSupport::HashWithIndifferentAccess\nanschaffungskategorie: AV-Technik\nreference: invoice\numzug: zgeln\nankunftszustand: intakt\n','2016-11-24 14:19:28','2016-11-24 14:19:28'),(78,'v120d022g2','v120d022g2',16,1,78,1,NULL,NULL,'2011-03-08','2016-11-24',NULL,NULL,254.00,0,0,1,0,1,1,NULL,NULL,NULL,NULL,NULL,'--- !ruby/hash:ActiveSupport::HashWithIndifferentAccess\nanschaffungskategorie: AV-Technik\nreference: invoice\numzug: zgeln\nankunftszustand: intakt\n','2016-11-24 14:19:28','2016-11-24 14:19:28'),(79,'iMac1','iMac1',18,1,79,1,NULL,NULL,'2014-05-13','2016-11-24','2016-11-24','This item is gone.',599.00,0,0,1,0,1,1,NULL,NULL,NULL,NULL,NULL,'--- !ruby/hash:ActiveSupport::HashWithIndifferentAccess\nanschaffungskategorie: AV-Technik\nreference: invoice\numzug: zgeln\nankunftszustand: intakt\n','2016-11-24 14:19:28','2016-11-24 14:19:28'),(80,'iMac2','iMac2',18,1,80,3,NULL,NULL,'2015-07-01','2016-11-24','2016-11-24','This item is gone.',1420.00,0,0,1,0,1,1,NULL,NULL,NULL,NULL,NULL,'--- !ruby/hash:ActiveSupport::HashWithIndifferentAccess\nanschaffungskategorie: AV-Technik\nreference: invoice\numzug: zgeln\nankunftszustand: intakt\n','2016-11-24 14:19:28','2016-11-24 14:19:28'),(81,'lpv3yc','lpv3yc',11,1,81,1,NULL,NULL,'2015-02-05','2016-11-24','2016-11-24','This item is gone.',598.00,0,0,1,0,1,1,NULL,NULL,NULL,NULL,NULL,'--- !ruby/hash:ActiveSupport::HashWithIndifferentAccess\nanschaffungskategorie: AV-Technik\nreference: invoice\numzug: zgeln\nankunftszustand: intakt\n','2016-11-24 14:19:28','2016-11-24 14:19:28'),(82,'6cxjcs','6cxjcs',11,1,82,1,NULL,NULL,'2012-01-14','2016-11-24','2016-11-24','This item is gone.',1474.00,0,0,1,0,1,1,NULL,NULL,NULL,NULL,NULL,'--- !ruby/hash:ActiveSupport::HashWithIndifferentAccess\nanschaffungskategorie: AV-Technik\nreference: invoice\numzug: zgeln\nankunftszustand: intakt\n','2016-11-24 14:19:28','2016-11-24 14:19:28'),(83,'beam897','beam897',2,1,83,2,NULL,NULL,'2014-06-12','2016-11-24',NULL,NULL,576.00,0,0,1,0,2,1,NULL,NULL,NULL,NULL,NULL,'--- !ruby/hash:ActiveSupport::HashWithIndifferentAccess\nanschaffungskategorie: AV-Technik\nreference: invoice\numzug: zgeln\nankunftszustand: intakt\n','2016-11-24 14:19:28','2016-11-24 14:19:28'),(84,'minibeam12','minibeam12',4,1,84,2,NULL,NULL,'2011-01-21','2016-11-24',NULL,NULL,205.00,0,0,1,0,2,1,NULL,NULL,NULL,NULL,NULL,'--- !ruby/hash:ActiveSupport::HashWithIndifferentAccess\nanschaffungskategorie: AV-Technik\nreference: invoice\numzug: zgeln\nankunftszustand: intakt\n','2016-11-24 14:19:28','2016-11-24 14:19:28'),(85,'minibeam34','minibeam34',4,1,85,3,NULL,NULL,'2013-02-28','2016-11-24',NULL,NULL,298.00,0,0,1,0,3,1,NULL,NULL,NULL,NULL,NULL,'--- !ruby/hash:ActiveSupport::HashWithIndifferentAccess\nanschaffungskategorie: AV-Technik\nreference: invoice\numzug: zgeln\nankunftszustand: intakt\n','2016-11-24 14:19:28','2016-11-24 14:19:28'),(86,'minibeam56','minibeam56',4,1,86,1,NULL,NULL,'2011-07-15','2016-11-24','2016-11-24','Eos rerum adipisci aspernatur sed explicabo.',438.00,0,0,1,0,1,1,NULL,NULL,NULL,NULL,NULL,'--- !ruby/hash:ActiveSupport::HashWithIndifferentAccess\nanschaffungskategorie: AV-Technik\nreference: invoice\numzug: zgeln\nankunftszustand: intakt\n','2016-11-24 14:19:28','2016-11-24 14:19:28'),(87,'minibeam78','minibeam78',4,1,87,2,NULL,NULL,'2013-06-26','2016-11-24',NULL,NULL,267.00,0,0,1,0,2,1,NULL,NULL,NULL,NULL,NULL,'--- !ruby/hash:ActiveSupport::HashWithIndifferentAccess\nanschaffungskategorie: AV-Technik\nreference: invoice\numzug: zgeln\nankunftszustand: intakt\n','2016-11-24 14:19:28','2016-11-24 14:19:28'),(88,'air123','air123',19,1,88,1,NULL,NULL,'2014-06-23','2016-11-24',NULL,NULL,35.00,0,0,1,0,1,1,NULL,NULL,NULL,NULL,NULL,'--- !ruby/hash:ActiveSupport::HashWithIndifferentAccess\nanschaffungskategorie: AV-Technik\nreference: invoice\numzug: zgeln\nankunftszustand: intakt\n','2016-11-24 14:19:28','2016-11-24 14:19:28'),(89,'tp230','tp230',20,1,89,1,NULL,NULL,'2014-08-27','2016-11-24',NULL,NULL,70.00,0,0,1,0,1,1,NULL,NULL,NULL,NULL,NULL,'--- !ruby/hash:ActiveSupport::HashWithIndifferentAccess\nanschaffungskategorie: AV-Technik\nreference: invoice\numzug: zgeln\nankunftszustand: intakt\n','2016-11-24 14:19:28','2016-11-24 14:19:28'),(90,'tp301','tp301',21,1,90,1,NULL,NULL,'2012-10-19','2016-11-24',NULL,NULL,610.00,0,0,1,0,1,1,NULL,NULL,NULL,NULL,NULL,'--- !ruby/hash:ActiveSupport::HashWithIndifferentAccess\nanschaffungskategorie: AV-Technik\nreference: invoice\numzug: zgeln\nankunftszustand: intakt\n','2016-11-24 14:19:28','2016-11-24 14:19:28'),(91,'carbon1','carbon1',22,1,91,1,NULL,NULL,'2011-05-11','2016-11-24',NULL,NULL,67.00,0,0,1,0,1,1,NULL,NULL,NULL,NULL,NULL,'--- !ruby/hash:ActiveSupport::HashWithIndifferentAccess\nanschaffungskategorie: AV-Technik\nreference: invoice\numzug: zgeln\nankunftszustand: intakt\n','2016-11-24 14:19:28','2016-11-24 14:19:28'),(92,'carbon2','carbon2',22,1,92,1,NULL,NULL,'2015-09-13','2016-11-24',NULL,NULL,581.00,0,0,1,0,1,1,NULL,NULL,NULL,NULL,NULL,'--- !ruby/hash:ActiveSupport::HashWithIndifferentAccess\nanschaffungskategorie: AV-Technik\nreference: invoice\numzug: zgeln\nankunftszustand: intakt\n','2016-11-24 14:19:28','2016-11-24 14:19:28'),(93,'inspiron1','inspiron1',23,1,93,1,NULL,NULL,'2014-05-16','2016-11-24',NULL,NULL,1333.00,0,0,1,0,1,1,NULL,NULL,NULL,NULL,NULL,'--- !ruby/hash:ActiveSupport::HashWithIndifferentAccess\nanschaffungskategorie: AV-Technik\nreference: invoice\numzug: zgeln\nankunftszustand: intakt\n','2016-11-24 14:19:28','2016-11-24 14:19:28'),(94,'A10',NULL,1,1,94,1,NULL,NULL,'2011-11-21','2016-11-24',NULL,NULL,1413.00,0,0,1,0,2,1,NULL,NULL,NULL,NULL,NULL,'--- !ruby/hash:ActiveSupport::HashWithIndifferentAccess\nanschaffungskategorie: AV-Technik\nreference: invoice\numzug: zgeln\nankunftszustand: intakt\n','2016-11-24 14:19:28','2016-11-24 14:19:28'),(95,'hvvtza7aoij2m2c65msq51','db:54:f6:8a:0f:d0-90:ff:35:76:51:ad-13:c0:b2:20:dd:89',76,NULL,NULL,1,NULL,NULL,NULL,NULL,NULL,NULL,NULL,0,0,0,0,1,0,NULL,NULL,NULL,NULL,NULL,'--- !ruby/hash:ActiveSupport::HashWithIndifferentAccess\nlicense_type: single_workplace\nactivation_type: serial_number\noperating_system:\n- windows\n- linux\ninstallation:\n- citrix\n- web\nprocured_by: Ubaldo Thiel\nreference: invoice\nmaintenance_contract: \'false\'\nmaintenance_currency: CHF\n','2016-11-24 14:19:28','2016-11-24 14:19:28'),(96,'pn17lb5kz385kct7c03952','3b:c3:56:41:36:55-81:31:f0:34:b4:78-8b:a4:0d:1b:cc:91',77,NULL,NULL,1,NULL,NULL,NULL,NULL,NULL,NULL,NULL,0,0,1,0,1,0,NULL,NULL,NULL,NULL,NULL,'--- !ruby/hash:ActiveSupport::HashWithIndifferentAccess\nlicense_type: single_workplace\nactivation_type: serial_number\noperating_system:\n- windows\n- linux\ninstallation:\n- citrix\n- web\nreference: invoice\nmaintenance_contract: \'false\'\nmaintenance_currency: CHF\n','2016-11-24 14:19:28','2016-11-24 14:19:28'),(97,'A13','2b:74:0a:4d:22:97-97:ea:92:c3:b8:21-8a:d7:6d:d3:7c:13',78,NULL,NULL,1,NULL,NULL,NULL,NULL,NULL,NULL,NULL,0,0,0,0,2,0,NULL,NULL,NULL,NULL,NULL,'--- !ruby/hash:ActiveSupport::HashWithIndifferentAccess\nreference: invoice\nactivation_type: none\nlicense_type: free\nmaintenance_contract: \'false\'\nmaintenance_currency: CHF\n','2016-11-24 14:19:28','2016-11-24 14:19:28'),(98,'A14','82:a4:4d:0a:02:2f-6b:9f:ed:d5:5c:e3-54:c3:6c:43:85:54',79,NULL,NULL,1,NULL,NULL,NULL,NULL,'2016-11-24','Corporis eum earum dignissimos modi incidunt.',NULL,0,0,1,0,1,0,NULL,NULL,NULL,NULL,NULL,'--- !ruby/hash:ActiveSupport::HashWithIndifferentAccess\nreference: invoice\nactivation_type: none\nlicense_type: free\nmaintenance_contract: \'false\'\nmaintenance_currency: CHF\n','2016-11-24 14:19:28','2016-11-24 14:19:28'),(99,'IT16','d4:cb:f5:73:7a:47-08:31:d0:da:0b:df-33:ab:0b:62:f5:d6',80,NULL,NULL,2,NULL,NULL,NULL,NULL,'2016-11-24','Qui dolorem dolores modi consequuntur alias.',NULL,0,0,0,0,1,0,NULL,NULL,NULL,NULL,NULL,'--- !ruby/hash:ActiveSupport::HashWithIndifferentAccess\nreference: invoice\nactivation_type: none\nlicense_type: free\nmaintenance_contract: \'false\'\nmaintenance_currency: CHF\n','2016-11-24 14:19:28','2016-11-24 14:19:28'),(100,'IT21','90:d7:cf:68:6e:4c-d5:ed:8a:09:5c:9c-c6:c8:38:5a:91:88',81,NULL,NULL,2,NULL,NULL,NULL,NULL,NULL,NULL,NULL,0,0,1,0,2,0,NULL,NULL,NULL,NULL,NULL,'--- !ruby/hash:ActiveSupport::HashWithIndifferentAccess\nreference: invoice\nactivation_type: none\nlicense_type: free\nmaintenance_contract: \'false\'\nmaintenance_currency: CHF\n','2016-11-24 14:19:28','2016-11-24 14:19:28'),(101,'A26','36:29:64:fc:1b:51-1a:66:7a:bc:48:76-88:bb:20:38:46:1a',82,NULL,NULL,1,NULL,NULL,'2016-11-24',NULL,NULL,NULL,NULL,0,0,1,0,1,0,NULL,NULL,NULL,NULL,NULL,'--- !ruby/hash:ActiveSupport::HashWithIndifferentAccess\nlicense_expiration: \'2016-11-24\'\nmaintenance_contract: \'true\'\nmaintenance_expiration: \'2016-11-24\'\nreference: invoice\nactivation_type: none\nlicense_type: free\nmaintenance_currency: CHF\n','2016-11-24 14:19:28','2016-11-24 14:19:28'),(102,'acrobat123','89:53:29:b5:9b:e2-3e:fa:99:60:a6:dd-cd:11:55:14:01:16',74,NULL,NULL,1,NULL,NULL,NULL,NULL,NULL,NULL,NULL,0,0,1,0,1,0,NULL,NULL,NULL,NULL,NULL,'--- !ruby/hash:ActiveSupport::HashWithIndifferentAccess\nreference: invoice\nactivation_type: none\nlicense_type: free\nmaintenance_contract: \'false\'\nmaintenance_currency: CHF\nquantity_allocations:\n- :room: nesciunt\n  :quantity: \'17\'\n- :room: sed\n  :quantity: \'14\'\n','2016-11-24 14:19:28','2016-11-24 14:19:28'),(103,'msword123','b2:a2:da:f7:e5:b8-33:26:76:5b:50:78-f6:2d:73:4e:a6:bf',83,NULL,NULL,1,NULL,NULL,NULL,NULL,NULL,NULL,NULL,0,0,1,0,1,0,NULL,NULL,NULL,NULL,NULL,'--- !ruby/hash:ActiveSupport::HashWithIndifferentAccess\nlicense_type: concurrent\noperating_system:\n- windows\n- linux\nreference: invoice\nactivation_type: none\nmaintenance_contract: \'false\'\nmaintenance_currency: CHF\nquantity_allocations:\n- :room: molestiae\n  :quantity: \'41\'\n- :room: corporis\n  :quantity: \'20\'\n','2016-11-24 14:19:28','2016-11-24 14:19:28'),(104,'lic111','9f:15:2a:7a:23:9b-aa:3a:4a:72:c8:39-84:97:1c:19:a5:f7',84,NULL,NULL,1,NULL,NULL,NULL,NULL,NULL,NULL,NULL,0,0,1,0,2,0,NULL,NULL,NULL,NULL,NULL,'--- !ruby/hash:ActiveSupport::HashWithIndifferentAccess\nlicense_type: concurrent\noperating_system:\n- linux\n- windows\nreference: invoice\nactivation_type: none\nmaintenance_contract: \'false\'\nmaintenance_currency: CHF\n','2016-11-24 14:19:28','2016-11-24 14:19:28'),(105,'A29','87:96:db:bf:df:f2-d2:b6:d3:f4:e6:d3-cf:d5:1e:9f:82:91',85,NULL,NULL,1,NULL,NULL,NULL,NULL,NULL,NULL,NULL,0,0,0,0,1,0,NULL,NULL,NULL,NULL,NULL,'--- !ruby/hash:ActiveSupport::HashWithIndifferentAccess\nlicense_type: multiple_workplace\noperating_system:\n- mac_os_x\nreference: invoice\nactivation_type: none\nmaintenance_contract: \'false\'\nmaintenance_currency: CHF\n','2016-11-24 14:19:28','2016-11-24 14:19:28'),(106,'blczhc80yg4nhswlgb9y53','ac:4b:22:4b:22:3a-ae:e2:f3:ac:ce:13-ea:66:c4:10:66:16',86,3,95,1,NULL,NULL,'2013-01-08','2016-11-24',NULL,NULL,109.00,0,0,1,0,1,1,NULL,NULL,NULL,NULL,NULL,'--- !ruby/hash:ActiveSupport::HashWithIndifferentAccess\nanschaffungskategorie: AV-Technik\nreference: invoice\numzug: zgeln\nankunftszustand: intakt\n','2016-11-24 14:19:28','2016-11-24 14:19:28'),(107,'j8wb3gply7542n2z86v154','00:0d:a3:02:3a:82-9f:10:71:e7:e3:0d-c8:1d:77:8f:4d:8d',87,3,96,1,106,NULL,'2014-10-02','2016-11-24',NULL,NULL,1283.00,0,0,1,0,1,1,NULL,NULL,NULL,NULL,NULL,'--- !ruby/hash:ActiveSupport::HashWithIndifferentAccess\nanschaffungskategorie: AV-Technik\nreference: invoice\numzug: zgeln\nankunftszustand: intakt\n','2016-11-24 14:19:28','2016-11-24 14:19:28'),(108,'frittskx689i8c2nkngx55','de:54:9e:90:7c:f1-bb:7a:ae:60:db:28-d0:c8:0b:fb:d4:1a',88,3,97,1,106,NULL,'2012-09-29','2016-11-24',NULL,NULL,487.00,0,0,1,0,1,1,NULL,NULL,NULL,NULL,NULL,'--- !ruby/hash:ActiveSupport::HashWithIndifferentAccess\nanschaffungskategorie: AV-Technik\nreference: invoice\numzug: zgeln\nankunftszustand: intakt\n','2016-11-24 14:19:28','2016-11-24 14:19:28'),(109,'ixs9jwaacrm3ezf334i756','7d:79:de:e4:74:fc-52:e9:c8:06:01:37-8a:f2:7a:d5:20:da',89,3,98,1,106,NULL,'2014-09-11','2016-11-24',NULL,NULL,1037.00,0,0,1,0,1,1,NULL,NULL,NULL,NULL,NULL,'--- !ruby/hash:ActiveSupport::HashWithIndifferentAccess\nanschaffungskategorie: AV-Technik\nreference: invoice\numzug: zgeln\nankunftszustand: intakt\n','2016-11-24 14:19:28','2016-11-24 14:19:28'),(110,'l8fmjfdsirz3xq7rboec57','d1:61:26:79:af:8a-74:c4:aa:44:03:5b-73:6b:44:ac:c2:b5',86,7,99,1,NULL,NULL,'2012-01-13','2016-11-24',NULL,NULL,1372.00,0,0,1,0,1,1,NULL,NULL,NULL,NULL,NULL,'--- !ruby/hash:ActiveSupport::HashWithIndifferentAccess\nanschaffungskategorie: AV-Technik\nreference: invoice\numzug: zgeln\nankunftszustand: intakt\n','2016-11-24 14:19:28','2016-11-24 14:19:28'),(111,'cmzakc6xyno5024jpmu158','49:e3:a0:8a:79:fb-d6:27:47:7e:3b:07-e1:db:5a:7f:f6:09',90,7,100,1,110,NULL,'2012-07-17','2016-11-24',NULL,NULL,252.00,0,0,1,0,1,1,NULL,NULL,NULL,NULL,NULL,'--- !ruby/hash:ActiveSupport::HashWithIndifferentAccess\nanschaffungskategorie: AV-Technik\nreference: invoice\numzug: zgeln\nankunftszustand: intakt\n','2016-11-24 14:19:28','2016-11-24 14:19:28'),(112,'n2pw41del664nfw9mjix59','87:a0:40:3b:e1:d2-32:f5:74:a4:35:dd-52:e0:fe:55:c8:6d',91,7,101,1,110,NULL,'2014-03-08','2016-11-24',NULL,NULL,106.00,0,0,1,0,1,1,NULL,NULL,NULL,NULL,NULL,'--- !ruby/hash:ActiveSupport::HashWithIndifferentAccess\nanschaffungskategorie: AV-Technik\nreference: invoice\numzug: zgeln\nankunftszustand: intakt\n','2016-11-24 14:19:28','2016-11-24 14:19:28'),(113,'t8ut478mqc6ybwnitfoc60','d4:e2:fb:70:fd:d2-a2:05:a2:49:bd:25-7e:19:8a:0d:8f:18',92,7,102,1,110,NULL,'2013-05-05','2016-11-24',NULL,NULL,1483.00,0,0,1,0,1,1,NULL,NULL,NULL,NULL,NULL,'--- !ruby/hash:ActiveSupport::HashWithIndifferentAccess\nanschaffungskategorie: AV-Technik\nreference: invoice\numzug: zgeln\nankunftszustand: intakt\n','2016-11-24 14:19:28','2016-11-24 14:19:28'),(114,'gxpw851wmchetrzzwt2261','cc:32:e9:f6:f5:ec-57:af:83:10:56:c7-d7:b3:5a:6f:b2:f5',86,11,103,1,NULL,NULL,'2012-05-09','2016-11-24',NULL,NULL,853.00,0,0,1,0,1,1,NULL,NULL,NULL,NULL,NULL,'--- !ruby/hash:ActiveSupport::HashWithIndifferentAccess\nanschaffungskategorie: AV-Technik\nreference: invoice\numzug: zgeln\nankunftszustand: intakt\n','2016-11-24 14:19:28','2016-11-24 14:19:28'),(115,'ocjwvoi5wv0al3nbyfvo62','d5:b9:79:6c:97:1f-53:0b:8b:13:42:14-59:6a:c3:fd:24:b5',93,11,104,1,114,NULL,'2011-02-26','2016-11-24',NULL,NULL,1266.00,0,0,1,0,1,1,NULL,NULL,NULL,NULL,NULL,'--- !ruby/hash:ActiveSupport::HashWithIndifferentAccess\nanschaffungskategorie: AV-Technik\nreference: invoice\numzug: zgeln\nankunftszustand: intakt\n','2016-11-24 14:19:28','2016-11-24 14:19:28'),(116,'sf259vabk4g98fk3k28863','1e:c0:d8:6f:3d:65-bc:29:14:e7:2f:85-a5:a0:d7:b3:20:87',94,11,105,1,114,NULL,'2011-03-06','2016-11-24',NULL,NULL,1085.00,0,0,1,0,1,1,NULL,NULL,NULL,NULL,NULL,'--- !ruby/hash:ActiveSupport::HashWithIndifferentAccess\nanschaffungskategorie: AV-Technik\nreference: invoice\numzug: zgeln\nankunftszustand: intakt\n','2016-11-24 14:19:28','2016-11-24 14:19:28'),(117,'eq2vjnf1740f2k7tnza264','d3:a6:91:26:ba:84-b9:27:e3:db:ce:a8-6c:e1:53:fc:1d:2a',95,11,106,1,114,NULL,'2015-01-25','2016-11-24',NULL,NULL,1435.00,0,0,1,0,1,1,NULL,NULL,NULL,NULL,NULL,'--- !ruby/hash:ActiveSupport::HashWithIndifferentAccess\nanschaffungskategorie: AV-Technik\nreference: invoice\numzug: zgeln\nankunftszustand: intakt\n','2016-11-24 14:19:28','2016-11-24 14:19:28'),(118,'n2jxqbb91opebqoko35x65','4f:e1:8c:44:c3:83-65:ec:8b:0c:8b:84-19:a9:a2:ba:ba:e0',86,15,107,2,NULL,NULL,'2013-10-26','2016-11-24',NULL,NULL,1337.00,0,0,1,0,2,1,NULL,NULL,NULL,NULL,NULL,'--- !ruby/hash:ActiveSupport::HashWithIndifferentAccess\nanschaffungskategorie: AV-Technik\nreference: invoice\numzug: zgeln\nankunftszustand: intakt\n','2016-11-24 14:19:28','2016-11-24 14:19:28'),(119,'tz627gtneunq16kf7rid66','70:20:40:ec:de:0d-dd:18:1b:b6:98:60-53:93:74:7a:86:70',96,15,108,2,118,NULL,'2011-06-26','2016-11-24',NULL,NULL,16.00,0,0,1,0,2,1,NULL,NULL,NULL,NULL,NULL,'--- !ruby/hash:ActiveSupport::HashWithIndifferentAccess\nanschaffungskategorie: AV-Technik\nreference: invoice\numzug: zgeln\nankunftszustand: intakt\n','2016-11-24 14:19:28','2016-11-24 14:19:28'),(120,'vcqcevaox6pc6keylxi667','44:4a:c0:a4:3e:00-21:20:46:10:44:3c-a0:28:72:a0:50:94',97,15,109,2,118,NULL,'2011-05-18','2016-11-24',NULL,NULL,619.00,0,0,1,0,2,1,NULL,NULL,NULL,NULL,NULL,'--- !ruby/hash:ActiveSupport::HashWithIndifferentAccess\nanschaffungskategorie: AV-Technik\nreference: invoice\numzug: zgeln\nankunftszustand: intakt\n','2016-11-24 14:19:28','2016-11-24 14:19:28'),(121,'9n3f3iok2oj0rm5t2n6k68','a9:a5:b9:37:cf:27-91:b4:25:57:6d:1e-eb:66:30:95:ca:68',98,15,110,2,118,NULL,'2013-04-30','2016-11-24',NULL,NULL,527.00,0,0,1,0,2,1,NULL,NULL,NULL,NULL,NULL,'--- !ruby/hash:ActiveSupport::HashWithIndifferentAccess\nanschaffungskategorie: AV-Technik\nreference: invoice\numzug: zgeln\nankunftszustand: intakt\n','2016-11-24 14:19:28','2016-11-24 14:19:28'),(122,'qf7smo9q5dqvdywf6be069','9b:a2:0f:bf:d4:20-c2:ea:25:5f:25:b2-c5:8a:e7:0d:39:c4',99,19,111,1,NULL,NULL,'2013-10-09','2016-11-24',NULL,NULL,31.00,0,0,1,0,1,1,NULL,NULL,NULL,NULL,NULL,'--- !ruby/hash:ActiveSupport::HashWithIndifferentAccess\nanschaffungskategorie: AV-Technik\nreference: invoice\numzug: zgeln\nankunftszustand: intakt\n','2016-11-24 14:19:28','2016-11-24 14:19:28'),(123,'nx9nspdm2n90amzhunof70','44:16:05:68:ff:96-0f:3f:43:a1:14:5d-db:ee:92:e0:53:43',100,19,112,1,122,NULL,'2014-09-18','2016-11-24',NULL,NULL,1392.00,0,0,1,0,1,1,NULL,NULL,NULL,NULL,NULL,'--- !ruby/hash:ActiveSupport::HashWithIndifferentAccess\nanschaffungskategorie: AV-Technik\nreference: invoice\numzug: zgeln\nankunftszustand: intakt\n','2016-11-24 14:19:28','2016-11-24 14:19:28'),(124,'gcdf5rebvqdsaesvyqwf71','28:b8:9f:83:c6:74-b8:1e:1e:ce:77:aa-92:bb:98:9d:05:c4',101,19,113,1,122,NULL,'2014-09-18','2016-11-24',NULL,NULL,1231.00,0,0,1,0,1,1,NULL,NULL,NULL,NULL,NULL,'--- !ruby/hash:ActiveSupport::HashWithIndifferentAccess\nanschaffungskategorie: AV-Technik\nreference: invoice\numzug: zgeln\nankunftszustand: intakt\n','2016-11-24 14:19:28','2016-11-24 14:19:28'),(125,'4ckqd5jtaiwg9qzk5cy572','ed:2b:c4:9f:26:f0-ac:87:e9:1e:d0:de-81:30:35:ac:54:90',102,19,114,1,122,NULL,'2013-04-24','2016-11-24',NULL,NULL,1362.00,0,0,1,0,1,1,NULL,NULL,NULL,NULL,NULL,'--- !ruby/hash:ActiveSupport::HashWithIndifferentAccess\nanschaffungskategorie: AV-Technik\nreference: invoice\numzug: zgeln\nankunftszustand: intakt\n','2016-11-24 14:19:28','2016-11-24 14:19:28'),(126,'yy7lnr4zrs7rykmqmhjj73','d1:e6:39:1d:eb:24-ed:8f:1f:00:6c:a4-d2:d5:b2:67:64:e8',99,23,115,1,NULL,NULL,'2012-03-03','2016-11-24',NULL,NULL,996.00,0,0,1,0,1,1,NULL,NULL,NULL,NULL,NULL,'--- !ruby/hash:ActiveSupport::HashWithIndifferentAccess\nanschaffungskategorie: AV-Technik\nreference: invoice\numzug: zgeln\nankunftszustand: intakt\n','2016-11-24 14:19:28','2016-11-24 14:19:28'),(127,'o465fylpb22nh3pnlub074','67:d3:cf:38:e8:9f-df:2f:de:31:14:87-a8:4c:6d:33:77:c5',103,23,116,1,126,NULL,'2015-06-17','2016-11-24',NULL,NULL,1001.00,0,0,1,0,1,1,NULL,NULL,NULL,NULL,NULL,'--- !ruby/hash:ActiveSupport::HashWithIndifferentAccess\nanschaffungskategorie: AV-Technik\nreference: invoice\numzug: zgeln\nankunftszustand: intakt\n','2016-11-24 14:19:28','2016-11-24 14:19:28'),(128,'s3drm1n858gay3t8ki0f75','57:06:ce:95:76:22-6f:61:d6:e0:97:34-ee:07:81:7d:6a:29',104,23,117,1,126,NULL,'2011-05-04','2016-11-24',NULL,NULL,1062.00,0,0,1,0,1,1,NULL,NULL,NULL,NULL,NULL,'--- !ruby/hash:ActiveSupport::HashWithIndifferentAccess\nanschaffungskategorie: AV-Technik\nreference: invoice\numzug: zgeln\nankunftszustand: intakt\n','2016-11-24 14:19:28','2016-11-24 14:19:28'),(129,'2ou0t5xvjc7vpgi43hs576','e2:a9:f8:24:7c:c1-0f:70:13:14:9a:4e-98:15:67:ca:6b:f0',105,23,118,1,126,NULL,'2015-05-06','2016-11-24',NULL,NULL,696.00,0,0,1,0,1,1,NULL,NULL,NULL,NULL,NULL,'--- !ruby/hash:ActiveSupport::HashWithIndifferentAccess\nanschaffungskategorie: AV-Technik\nreference: invoice\numzug: zgeln\nankunftszustand: intakt\n','2016-11-24 14:19:28','2016-11-24 14:19:28'),(130,'k65zllp69ukn9xbk485v77','fd:b8:05:b9:0d:e6-07:41:e3:e2:56:02-be:15:df:32:24:8a',99,27,119,1,NULL,NULL,'2014-12-21','2016-11-24',NULL,NULL,571.00,0,0,1,0,1,1,NULL,NULL,NULL,NULL,NULL,'--- !ruby/hash:ActiveSupport::HashWithIndifferentAccess\nanschaffungskategorie: AV-Technik\nreference: invoice\numzug: zgeln\nankunftszustand: intakt\n','2016-11-24 14:19:28','2016-11-24 14:19:28'),(131,'bzindpzlwjdrbw27iouq78','8e:7b:2c:4c:2f:75-d0:ba:33:73:89:e4-3c:05:0c:c0:67:f6',106,27,120,1,130,NULL,'2015-04-01','2016-11-24',NULL,NULL,156.00,0,0,1,0,1,1,NULL,NULL,NULL,NULL,NULL,'--- !ruby/hash:ActiveSupport::HashWithIndifferentAccess\nanschaffungskategorie: AV-Technik\nreference: invoice\numzug: zgeln\nankunftszustand: intakt\n','2016-11-24 14:19:28','2016-11-24 14:19:28'),(132,'rnpcq76btykocpjgg0cq79','5b:99:69:fc:7d:e0-4e:6e:f4:c4:6f:1b-3d:7c:12:41:d2:c1',107,27,121,1,130,NULL,'2013-05-13','2016-11-24',NULL,NULL,860.00,0,0,1,0,1,1,NULL,NULL,NULL,NULL,NULL,'--- !ruby/hash:ActiveSupport::HashWithIndifferentAccess\nanschaffungskategorie: AV-Technik\nreference: invoice\numzug: zgeln\nankunftszustand: intakt\n','2016-11-24 14:19:28','2016-11-24 14:19:28'),(133,'okw1v7n9byvxrvvqjs1g80','04:e4:1e:e9:1e:7b-4b:77:bd:ac:0e:24-4f:c2:ef:46:46:8a',108,27,122,1,130,NULL,'2014-03-09','2016-11-24',NULL,NULL,809.00,0,0,1,0,1,1,NULL,NULL,NULL,NULL,NULL,'--- !ruby/hash:ActiveSupport::HashWithIndifferentAccess\nanschaffungskategorie: AV-Technik\nreference: invoice\numzug: zgeln\nankunftszustand: intakt\n','2016-11-24 14:19:28','2016-11-24 14:19:28'),(134,'xxc51etypu2ot88p17fw81','0b:33:a6:a7:27:d7-99:9e:d7:4d:de:31-0b:c7:d7:e0:9d:7e',109,31,123,8,NULL,NULL,'2011-09-03','2016-11-24',NULL,NULL,644.00,0,0,1,0,7,1,NULL,NULL,NULL,NULL,NULL,'--- !ruby/hash:ActiveSupport::HashWithIndifferentAccess\nanschaffungskategorie: AV-Technik\nreference: invoice\numzug: zgeln\nankunftszustand: intakt\n','2016-11-24 14:19:28','2016-11-24 14:19:28'),(135,'gwa8dl1f1flrc1u3fver82','10:cc:fe:39:c3:79-60:94:3a:12:f9:05-50:e6:1e:56:71:83',109,32,124,6,NULL,NULL,'2013-10-27','2016-11-24',NULL,NULL,1007.00,0,0,1,0,7,1,NULL,NULL,NULL,NULL,NULL,'--- !ruby/hash:ActiveSupport::HashWithIndifferentAccess\nanschaffungskategorie: AV-Technik\nreference: invoice\numzug: zgeln\nankunftszustand: intakt\n','2016-11-24 14:19:28','2016-11-24 14:19:28'),(136,'yvfr3b5tfj6nr2xcn2xn83','73:55:00:4a:c9:e9-ea:72:c7:e7:e7:6b-55:89:52:d4:5b:5c',109,33,125,1,NULL,NULL,'2011-06-19','2016-11-24',NULL,NULL,903.00,0,0,1,0,7,1,NULL,NULL,NULL,NULL,NULL,'--- !ruby/hash:ActiveSupport::HashWithIndifferentAccess\nanschaffungskategorie: AV-Technik\nreference: invoice\numzug: zgeln\nankunftszustand: intakt\n','2016-11-24 14:19:28','2016-11-24 14:19:28'),(137,'rtkir8u1ow37p4xxfw0k84','e4:12:83:b2:28:dd-d6:5e:37:26:4a:03-84:59:80:67:87:b1',113,34,126,2,NULL,NULL,'2014-06-08','2016-11-24',NULL,NULL,506.00,0,0,1,0,7,1,NULL,NULL,NULL,NULL,NULL,'--- !ruby/hash:ActiveSupport::HashWithIndifferentAccess\nanschaffungskategorie: AV-Technik\nreference: invoice\numzug: zgeln\nankunftszustand: intakt\n','2016-11-24 14:19:28','2016-11-24 14:19:28'),(138,'n11dhvh9u2y6ujmdlri685','3f:4c:1b:36:59:c4-97:21:8c:5d:af:84-39:84:9c:51:0d:8e',113,35,127,9,NULL,NULL,'2014-11-23','2016-11-24',NULL,NULL,552.00,0,0,1,0,7,1,NULL,NULL,NULL,NULL,NULL,'--- !ruby/hash:ActiveSupport::HashWithIndifferentAccess\nanschaffungskategorie: AV-Technik\nreference: invoice\numzug: zgeln\nankunftszustand: intakt\n','2016-11-24 14:19:28','2016-11-24 14:19:28'),(139,'2yz0n5xg4kmmn4u3umbd86','12:d5:ad:e8:06:fa-a9:b6:4c:dc:07:19-8e:a5:dc:76:1c:9c',113,36,128,8,NULL,NULL,'2012-05-03','2016-11-24',NULL,NULL,539.00,0,0,1,0,7,1,NULL,NULL,NULL,NULL,NULL,'--- !ruby/hash:ActiveSupport::HashWithIndifferentAccess\nanschaffungskategorie: AV-Technik\nreference: invoice\numzug: zgeln\nankunftszustand: intakt\n','2016-11-24 14:19:28','2016-11-24 14:19:28'),(140,'fo98e59wz5e8tkntnimj87','38:2c:d4:96:ab:02-39:cb:3d:95:da:eb-27:49:ed:2b:af:30',117,37,129,10,NULL,NULL,'2012-06-22','2016-11-24',NULL,NULL,757.00,0,0,1,0,7,1,NULL,NULL,NULL,NULL,NULL,'--- !ruby/hash:ActiveSupport::HashWithIndifferentAccess\nanschaffungskategorie: AV-Technik\nreference: invoice\numzug: zgeln\nankunftszustand: intakt\n','2016-11-24 14:19:28','2016-11-24 14:19:28'),(141,'y4dqyoovi4j47u4o4b9f88','d1:fa:51:23:85:de-f0:25:25:b5:00:a7-00:c4:72:d5:af:ec',117,38,130,5,NULL,NULL,'2015-11-22','2016-11-24',NULL,NULL,162.00,0,0,1,0,7,1,NULL,NULL,NULL,NULL,NULL,'--- !ruby/hash:ActiveSupport::HashWithIndifferentAccess\nanschaffungskategorie: AV-Technik\nreference: invoice\numzug: zgeln\nankunftszustand: intakt\n','2016-11-24 14:19:28','2016-11-24 14:19:28'),(142,'7aoawk1hh8fq2064rhsm89','67:e2:43:08:27:c9-46:39:4e:cc:47:79-a0:a6:05:61:76:3f',117,39,131,10,NULL,NULL,'2011-06-27','2016-11-24',NULL,NULL,421.00,0,0,1,0,7,1,NULL,NULL,NULL,NULL,NULL,'--- !ruby/hash:ActiveSupport::HashWithIndifferentAccess\nanschaffungskategorie: AV-Technik\nreference: invoice\numzug: zgeln\nankunftszustand: intakt\n','2016-11-24 14:19:28','2016-11-24 14:19:28'),(143,'a08ey37283k9ghfysb0y90','14:74:18:3a:65:d9-34:57:ef:d9:d1:67-a5:a1:28:fb:e5:87',121,40,132,11,NULL,NULL,'2013-04-09','2016-11-24',NULL,NULL,1149.00,0,0,1,0,7,1,NULL,NULL,NULL,NULL,NULL,'--- !ruby/hash:ActiveSupport::HashWithIndifferentAccess\nanschaffungskategorie: AV-Technik\nreference: invoice\numzug: zgeln\nankunftszustand: intakt\n','2016-11-24 14:19:28','2016-11-24 14:19:28'),(144,'xwvnkt07xiov4ji4z64s91','7e:06:bf:f9:bc:b2-f2:01:ff:4a:0d:6f-6e:6d:58:01:c7:28',121,41,133,7,NULL,NULL,'2011-12-05','2016-11-24',NULL,NULL,1307.00,0,0,1,0,7,1,NULL,NULL,NULL,NULL,NULL,'--- !ruby/hash:ActiveSupport::HashWithIndifferentAccess\nanschaffungskategorie: AV-Technik\nreference: invoice\numzug: zgeln\nankunftszustand: intakt\n','2016-11-24 14:19:28','2016-11-24 14:19:28'),(145,'i3qzu061atscoy7zllqm92','5c:45:82:83:b3:4d-c0:bf:0d:4b:07:cd-30:fd:df:44:3a:40',121,42,134,7,NULL,NULL,'2015-05-21','2016-11-24',NULL,NULL,695.00,0,0,1,0,7,1,NULL,NULL,NULL,NULL,NULL,'--- !ruby/hash:ActiveSupport::HashWithIndifferentAccess\nanschaffungskategorie: AV-Technik\nreference: invoice\numzug: zgeln\nankunftszustand: intakt\n','2016-11-24 14:19:28','2016-11-24 14:19:28'),(146,'4hwm77ap1g1szpn0cnza93','61:b2:3c:9b:d0:c4-cc:5d:20:8c:ca:1e-a1:6c:b9:b9:44:d3',125,43,135,5,NULL,NULL,'2014-12-19','2016-11-24',NULL,NULL,1137.00,0,0,1,0,7,1,NULL,NULL,NULL,NULL,NULL,'--- !ruby/hash:ActiveSupport::HashWithIndifferentAccess\nanschaffungskategorie: AV-Technik\nreference: invoice\numzug: zgeln\nankunftszustand: intakt\n','2016-11-24 14:19:28','2016-11-24 14:19:28'),(147,'4i4v1r3b8q0vwsebu7zt94','c4:fe:77:5a:2f:92-e4:04:c9:a9:6d:c3-69:72:a0:a7:09:62',125,44,136,7,NULL,NULL,'2012-11-02','2016-11-24',NULL,NULL,105.00,0,0,1,0,7,1,NULL,NULL,NULL,NULL,NULL,'--- !ruby/hash:ActiveSupport::HashWithIndifferentAccess\nanschaffungskategorie: AV-Technik\nreference: invoice\numzug: zgeln\nankunftszustand: intakt\n','2016-11-24 14:19:28','2016-11-24 14:19:28'),(148,'1tr48pinqro5c9c4mr5f95','46:74:0d:00:32:4d-f4:61:8d:d0:e2:10-ae:6f:2e:c9:2e:ae',125,45,137,5,NULL,NULL,'2014-07-27','2016-11-24',NULL,NULL,446.00,0,0,1,0,7,1,NULL,NULL,NULL,NULL,NULL,'--- !ruby/hash:ActiveSupport::HashWithIndifferentAccess\nanschaffungskategorie: AV-Technik\nreference: invoice\numzug: zgeln\nankunftszustand: intakt\n','2016-11-24 14:19:28','2016-11-24 14:19:28'),(149,'mloejfy7ko6oetzr07s196','27:a3:67:f6:0a:21-c9:0e:a2:ce:7d:e4-ca:28:40:3e:ec:eb',129,46,138,7,NULL,NULL,'2013-08-05','2016-11-24',NULL,NULL,668.00,0,0,1,0,7,1,NULL,NULL,NULL,NULL,NULL,'--- !ruby/hash:ActiveSupport::HashWithIndifferentAccess\nanschaffungskategorie: AV-Technik\nreference: invoice\numzug: zgeln\nankunftszustand: intakt\n','2016-11-24 14:19:28','2016-11-24 14:19:28'),(150,'7cch3mihi6vy2bol17t497','48:a2:5e:af:e4:a8-a7:e5:a5:7b:a9:73-b5:a6:72:69:4a:64',129,47,139,10,NULL,NULL,'2013-07-14','2016-11-24',NULL,NULL,566.00,0,0,1,0,7,1,NULL,NULL,NULL,NULL,NULL,'--- !ruby/hash:ActiveSupport::HashWithIndifferentAccess\nanschaffungskategorie: AV-Technik\nreference: invoice\numzug: zgeln\nankunftszustand: intakt\n','2016-11-24 14:19:28','2016-11-24 14:19:28'),(151,'qr457mlwqrbu41dqgk9e98','ad:17:03:11:ba:f3-ff:ae:72:95:ad:5a-db:65:29:ce:cb:46',129,48,140,4,NULL,NULL,'2014-11-21','2016-11-24',NULL,NULL,396.00,0,0,1,0,7,1,NULL,NULL,NULL,NULL,NULL,'--- !ruby/hash:ActiveSupport::HashWithIndifferentAccess\nanschaffungskategorie: AV-Technik\nreference: invoice\numzug: zgeln\nankunftszustand: intakt\n','2016-11-24 14:19:28','2016-11-24 14:19:28'),(152,'upmog92pz2z7gzdjrqcv99','29:21:70:ff:31:31-b2:a7:3f:25:67:8b-58:fc:d8:82:e4:47',133,49,141,10,NULL,NULL,'2014-03-16','2016-11-24',NULL,NULL,976.00,0,0,1,0,3,1,NULL,NULL,NULL,NULL,NULL,'--- !ruby/hash:ActiveSupport::HashWithIndifferentAccess\nanschaffungskategorie: AV-Technik\nreference: invoice\numzug: zgeln\nankunftszustand: intakt\n','2016-11-24 14:19:28','2016-11-24 14:19:28'),(153,'h9b39d9ct13dco4mzl0n100','28:62:34:39:cc:71-94:3a:b3:ab:40:30-1c:3b:b8:79:8d:8e',133,50,142,3,NULL,NULL,'2011-03-01','2016-11-24',NULL,NULL,339.00,0,0,1,0,3,1,NULL,NULL,NULL,NULL,NULL,'--- !ruby/hash:ActiveSupport::HashWithIndifferentAccess\nanschaffungskategorie: AV-Technik\nreference: invoice\numzug: zgeln\nankunftszustand: intakt\n','2016-11-24 14:19:28','2016-11-24 14:19:28'),(154,'podabgy2z4tt2o6g8adx101','75:4e:32:70:ff:72-13:c3:56:0c:6c:26-9f:7f:22:61:62:f1',133,51,143,8,NULL,NULL,'2014-12-20','2016-11-24',NULL,NULL,1027.00,0,0,1,0,3,1,NULL,NULL,NULL,NULL,NULL,'--- !ruby/hash:ActiveSupport::HashWithIndifferentAccess\nanschaffungskategorie: AV-Technik\nreference: invoice\numzug: zgeln\nankunftszustand: intakt\n','2016-11-24 14:19:28','2016-11-24 14:19:28'),(155,'cb1l3mf65g2dk4m04tmh102','3f:6d:63:10:f0:d7-ef:b3:3f:ee:79:e4-71:27:bf:64:bc:48',137,52,144,8,NULL,NULL,'2011-01-17','2016-11-24',NULL,NULL,704.00,0,0,1,0,3,1,NULL,NULL,NULL,NULL,NULL,'--- !ruby/hash:ActiveSupport::HashWithIndifferentAccess\nanschaffungskategorie: AV-Technik\nreference: invoice\numzug: zgeln\nankunftszustand: intakt\n','2016-11-24 14:19:28','2016-11-24 14:19:28'),(156,'ekt3d82tumxh5ijpx49h103','b3:d2:08:61:02:b3-28:a4:55:74:31:e6-80:a9:d8:f9:30:5b',137,53,145,11,NULL,NULL,'2015-10-04','2016-11-24',NULL,NULL,451.00,0,0,1,0,3,1,NULL,NULL,NULL,NULL,NULL,'--- !ruby/hash:ActiveSupport::HashWithIndifferentAccess\nanschaffungskategorie: AV-Technik\nreference: invoice\numzug: zgeln\nankunftszustand: intakt\n','2016-11-24 14:19:28','2016-11-24 14:19:28'),(157,'t2uzlvaa0nvk42skgj2r104','84:80:ed:cc:bd:be-2c:68:a3:4f:db:de-90:b8:8b:8d:c7:fa',137,54,146,5,NULL,NULL,'2014-03-01','2016-11-24',NULL,NULL,200.00,0,0,1,0,3,1,NULL,NULL,NULL,NULL,NULL,'--- !ruby/hash:ActiveSupport::HashWithIndifferentAccess\nanschaffungskategorie: AV-Technik\nreference: invoice\numzug: zgeln\nankunftszustand: intakt\n','2016-11-24 14:19:28','2016-11-24 14:19:28'),(158,'yqnq5rc4ykrdtlpo7akz105','dc:97:cc:37:9f:05-70:cd:fb:c9:a5:1b-6e:a1:d5:9d:e4:9d',141,55,147,7,NULL,NULL,'2011-09-04','2016-11-24',NULL,NULL,104.00,0,0,1,0,3,1,NULL,NULL,NULL,NULL,NULL,'--- !ruby/hash:ActiveSupport::HashWithIndifferentAccess\nanschaffungskategorie: AV-Technik\nreference: invoice\numzug: zgeln\nankunftszustand: intakt\n','2016-11-24 14:19:28','2016-11-24 14:19:28'),(159,'zxl4m62mzwm2385kagbe106','fb:a3:e2:6c:ff:0d-58:c0:33:0e:17:06-81:aa:3e:70:03:c9',141,56,148,2,NULL,NULL,'2013-08-24','2016-11-24',NULL,NULL,383.00,0,0,1,0,3,1,NULL,NULL,NULL,NULL,NULL,'--- !ruby/hash:ActiveSupport::HashWithIndifferentAccess\nanschaffungskategorie: AV-Technik\nreference: invoice\numzug: zgeln\nankunftszustand: intakt\n','2016-11-24 14:19:28','2016-11-24 14:19:28'),(160,'8wys3g94qb46d61hhd1y107','b3:da:ee:d1:97:d2-8b:31:5c:bd:b5:68-46:c8:fd:b1:6a:39',141,57,149,5,NULL,NULL,'2014-10-22','2016-11-24',NULL,NULL,510.00,0,0,1,0,3,1,NULL,NULL,NULL,NULL,NULL,'--- !ruby/hash:ActiveSupport::HashWithIndifferentAccess\nanschaffungskategorie: AV-Technik\nreference: invoice\numzug: zgeln\nankunftszustand: intakt\n','2016-11-24 14:19:28','2016-11-24 14:19:28'),(161,'1axcbzy38jabrmrtq4hd108','c9:13:ee:42:a9:43-41:0d:37:70:23:ca-54:44:ce:9f:11:f0',145,58,150,10,NULL,NULL,'2014-12-14','2016-11-24',NULL,NULL,34.00,0,0,1,0,3,1,NULL,NULL,NULL,NULL,NULL,'--- !ruby/hash:ActiveSupport::HashWithIndifferentAccess\nanschaffungskategorie: AV-Technik\nreference: invoice\numzug: zgeln\nankunftszustand: intakt\n','2016-11-24 14:19:28','2016-11-24 14:19:28'),(162,'p2v83e266vq69gijdsgr109','28:59:bf:ee:44:d1-5f:49:44:bc:37:8d-b2:bc:a4:05:4d:52',145,59,151,4,NULL,NULL,'2012-03-27','2016-11-24',NULL,NULL,288.00,0,0,1,0,3,1,NULL,NULL,NULL,NULL,NULL,'--- !ruby/hash:ActiveSupport::HashWithIndifferentAccess\nanschaffungskategorie: AV-Technik\nreference: invoice\numzug: zgeln\nankunftszustand: intakt\n','2016-11-24 14:19:28','2016-11-24 14:19:28'),(163,'iayju81w14coqvuk57a2110','30:23:78:8e:16:cb-15:6a:ac:72:0b:91-05:ff:e8:6d:c2:7e',145,60,152,4,NULL,NULL,'2011-06-21','2016-11-24',NULL,NULL,430.00,0,0,1,0,3,1,NULL,NULL,NULL,NULL,NULL,'--- !ruby/hash:ActiveSupport::HashWithIndifferentAccess\nanschaffungskategorie: AV-Technik\nreference: invoice\numzug: zgeln\nankunftszustand: intakt\n','2016-11-24 14:19:28','2016-11-24 14:19:28'),(164,'cege9q2duyzbfy2xtgmj111','be:c6:4a:f6:8c:74-72:4d:e8:83:cb:2e-c0:3a:da:30:fe:d0',149,61,153,4,NULL,NULL,'2011-10-01','2016-11-20',NULL,NULL,793.00,0,0,1,0,1,1,NULL,NULL,NULL,NULL,NULL,'--- !ruby/hash:ActiveSupport::HashWithIndifferentAccess\nanschaffungskategorie: AV-Technik\nreference: invoice\numzug: zgeln\nankunftszustand: intakt\n','2016-11-20 14:19:28','2016-11-20 14:19:28'),(165,'nvvlnm6zmytz20i5d8an112','85:cb:ea:05:e2:3f-13:57:20:f0:de:d7-ad:6b:1d:1d:d2:3a',150,62,154,3,NULL,NULL,'2014-02-15','2016-11-20',NULL,NULL,971.00,0,0,1,0,1,1,NULL,NULL,NULL,NULL,NULL,'--- !ruby/hash:ActiveSupport::HashWithIndifferentAccess\nanschaffungskategorie: AV-Technik\nreference: invoice\numzug: zgeln\nankunftszustand: intakt\n','2016-11-20 14:19:28','2016-11-20 14:19:28'),(166,'70vgaawpwu9jhncnmbky113','d5:d8:ec:1f:40:99-ce:63:ea:70:45:22-2a:a6:91:53:35:9e',151,63,155,10,NULL,NULL,'2013-03-13','2016-11-20',NULL,NULL,832.00,0,0,1,0,1,1,NULL,NULL,NULL,NULL,NULL,'--- !ruby/hash:ActiveSupport::HashWithIndifferentAccess\nanschaffungskategorie: AV-Technik\nreference: invoice\numzug: zgeln\nankunftszustand: intakt\n','2016-11-20 14:19:28','2016-11-20 14:19:28'),(167,'s91mlujj4lmupd9cqhb0114','ca:9d:6e:a4:a5:2b-5a:ad:9c:bd:e9:89-ea:26:0f:9a:46:db',152,64,156,8,NULL,NULL,'2014-11-21','2016-11-24',NULL,NULL,486.00,0,0,1,0,1,1,NULL,NULL,NULL,NULL,NULL,'--- !ruby/hash:ActiveSupport::HashWithIndifferentAccess\nanschaffungskategorie: AV-Technik\nreference: invoice\numzug: zgeln\nankunftszustand: intakt\n','2016-11-24 14:19:28','2016-11-24 14:19:28'),(168,'5a7kqk6o29p2pursosc3115','05:98:c3:0d:0f:42-34:43:20:62:1b:10-a0:a0:22:b9:0d:51',153,65,157,10,NULL,NULL,'2012-12-21','2016-11-24',NULL,NULL,31.00,0,0,1,0,1,1,NULL,NULL,NULL,NULL,NULL,'--- !ruby/hash:ActiveSupport::HashWithIndifferentAccess\nanschaffungskategorie: AV-Technik\nreference: invoice\numzug: zgeln\nankunftszustand: intakt\n','2016-11-24 14:19:28','2016-11-24 14:19:28'),(169,'hi840un56dhm8hjbj9fp116','50:05:6c:ad:14:e4-72:39:fd:68:5b:e0-3b:2c:bc:8d:48:cb',154,66,158,8,NULL,NULL,'2011-01-14','2016-11-24',NULL,NULL,986.00,0,0,1,0,1,1,NULL,NULL,NULL,NULL,NULL,'--- !ruby/hash:ActiveSupport::HashWithIndifferentAccess\nanschaffungskategorie: AV-Technik\nreference: invoice\numzug: zgeln\nankunftszustand: intakt\n','2016-11-24 14:19:28','2016-11-24 14:19:28'),(170,'1y4wznk14yp7boxkjd9n117','3a:44:3b:9f:14:3a-52:70:84:38:fe:d7-9c:1b:4e:b4:0a:d6',155,67,159,9,NULL,NULL,'2012-04-20','2016-11-24',NULL,NULL,347.00,0,0,1,0,1,1,NULL,NULL,NULL,NULL,NULL,'--- !ruby/hash:ActiveSupport::HashWithIndifferentAccess\nanschaffungskategorie: AV-Technik\nreference: invoice\numzug: zgeln\nankunftszustand: intakt\n','2016-11-24 14:19:28','2016-11-24 14:19:28'),(171,'4znpruf2la94o2y725tk118','6b:0a:bc:c7:0e:25-32:29:56:27:18:f7-b8:4d:76:93:3e:07',156,68,160,4,NULL,NULL,'2012-03-02','2016-11-24',NULL,NULL,908.00,0,0,1,0,1,1,NULL,NULL,NULL,NULL,NULL,'--- !ruby/hash:ActiveSupport::HashWithIndifferentAccess\nanschaffungskategorie: AV-Technik\nreference: invoice\numzug: zgeln\nankunftszustand: intakt\n','2016-11-24 14:19:28','2016-11-24 14:19:28'),(172,'l22mv3tmk48m8fto1quo119','4c:71:73:fc:57:17-92:8e:db:5d:80:d9-49:83:da:4b:b0:b8',157,69,161,5,NULL,NULL,'2015-04-03','2016-11-24',NULL,NULL,352.00,0,0,1,0,1,1,NULL,NULL,NULL,NULL,NULL,'--- !ruby/hash:ActiveSupport::HashWithIndifferentAccess\nanschaffungskategorie: AV-Technik\nreference: invoice\numzug: zgeln\nankunftszustand: intakt\n','2016-11-24 14:19:28','2016-11-24 14:19:28'),(173,'0miqbxivvb108yalc4g7120','83:50:58:37:9d:50-7e:c5:94:33:54:23-c3:be:c3:d3:4d:02',158,70,162,11,NULL,NULL,'2012-07-10','2016-11-24',NULL,NULL,384.00,0,0,1,0,1,1,NULL,NULL,NULL,NULL,NULL,'--- !ruby/hash:ActiveSupport::HashWithIndifferentAccess\nanschaffungskategorie: AV-Technik\nreference: invoice\numzug: zgeln\nankunftszustand: intakt\n','2016-11-24 14:19:28','2016-11-24 14:19:28'),(174,'vi1gdzx0vfrs12qwuv9h121','ae:32:79:f6:5b:7c-d9:74:e5:17:9b:32-04:44:f5:72:32:29',159,71,163,9,NULL,NULL,'2013-04-13','2016-11-24',NULL,NULL,47.00,0,0,1,0,1,1,NULL,NULL,NULL,NULL,NULL,'--- !ruby/hash:ActiveSupport::HashWithIndifferentAccess\nanschaffungskategorie: AV-Technik\nreference: invoice\numzug: zgeln\nankunftszustand: intakt\n','2016-11-24 14:19:28','2016-11-24 14:19:28'),(175,'5njh8qy1rhj3cog38waf122','2e:4a:9e:9a:0b:29-21:b5:9d:2e:a5:db-c0:1d:45:33:49:1b',160,72,164,1,NULL,NULL,'2013-01-01','2016-11-24',NULL,NULL,990.00,0,0,1,0,1,1,NULL,NULL,NULL,NULL,NULL,'--- !ruby/hash:ActiveSupport::HashWithIndifferentAccess\nanschaffungskategorie: AV-Technik\nreference: invoice\numzug: zgeln\nankunftszustand: intakt\n','2016-11-24 14:19:28','2016-11-24 14:19:28'),(176,'a5e43qwly2yraqxs5zvb123','ba:63:3a:75:fe:b1-6b:85:ed:e4:25:7b-24:60:48:2c:e7:f4',161,73,165,1,NULL,NULL,'2012-04-08','2016-11-24',NULL,NULL,738.00,0,0,1,0,1,1,NULL,NULL,NULL,NULL,NULL,'--- !ruby/hash:ActiveSupport::HashWithIndifferentAccess\nanschaffungskategorie: AV-Technik\nreference: invoice\numzug: zgeln\nankunftszustand: intakt\n','2016-11-24 14:19:28','2016-11-24 14:19:28'),(177,'nuyrulhhj8v6ojicjthu124','71:a3:0b:0f:ac:cc-30:bd:18:a9:cc:af-a9:f7:98:94:0d:f7',162,74,166,8,NULL,NULL,'2015-11-23','2016-11-24',NULL,NULL,718.00,0,0,1,0,1,1,NULL,NULL,NULL,NULL,NULL,'--- !ruby/hash:ActiveSupport::HashWithIndifferentAccess\nanschaffungskategorie: AV-Technik\nreference: invoice\numzug: zgeln\nankunftszustand: intakt\n','2016-11-24 14:19:28','2016-11-24 14:19:28'),(178,'9rtdkqil3ebum4chqzpi125','06:39:b1:18:04:32-a5:2c:35:04:ab:06-24:22:6f:71:2e:9c',163,75,167,1,NULL,NULL,'2011-10-31','2016-11-24',NULL,NULL,1448.00,0,0,1,0,1,1,NULL,NULL,NULL,NULL,NULL,'--- !ruby/hash:ActiveSupport::HashWithIndifferentAccess\nanschaffungskategorie: AV-Technik\nreference: invoice\numzug: zgeln\nankunftszustand: intakt\n','2016-11-24 14:19:28','2016-11-24 14:19:28'),(179,'rjif1e9essybnuxnvw5x126','56:b6:5d:f0:50:2a-6a:1d:b6:1a:8b:84-98:e4:3a:e8:b6:45',164,76,168,2,NULL,NULL,'2012-07-09','2016-11-24',NULL,NULL,218.00,0,0,1,0,1,1,NULL,NULL,NULL,NULL,NULL,'--- !ruby/hash:ActiveSupport::HashWithIndifferentAccess\nanschaffungskategorie: AV-Technik\nreference: invoice\numzug: zgeln\nankunftszustand: intakt\n','2016-11-24 14:19:28','2016-11-24 14:19:28'),(180,'8ffnvy0otdh1ygm4mfns127','b6:dc:10:7b:0b:3c-2a:97:96:82:b6:46-35:b1:5c:9f:b0:c4',165,77,169,2,NULL,NULL,'2015-03-30','2016-11-24',NULL,NULL,683.00,0,0,1,0,1,1,NULL,NULL,NULL,NULL,NULL,'--- !ruby/hash:ActiveSupport::HashWithIndifferentAccess\nanschaffungskategorie: AV-Technik\nreference: invoice\numzug: zgeln\nankunftszustand: intakt\n','2016-11-24 14:19:28','2016-11-24 14:19:28'),(181,'435wu0w25hc5hbzx5efx128','f5:8c:f5:29:79:60-01:b3:a0:98:30:c4-2b:63:95:37:27:e5',166,78,170,1,NULL,NULL,'2014-12-02','2016-11-24',NULL,NULL,1409.00,0,0,1,0,1,1,NULL,NULL,NULL,NULL,NULL,'--- !ruby/hash:ActiveSupport::HashWithIndifferentAccess\nanschaffungskategorie: AV-Technik\nreference: invoice\numzug: zgeln\nankunftszustand: intakt\n','2016-11-24 14:19:28','2016-11-24 14:19:28'),(182,'1ny27x861a5euq1e59dn129','af:5b:7d:ac:f8:f5-14:0c:65:8a:50:f4-47:36:bc:35:9e:5e',167,79,171,4,NULL,NULL,'2015-05-04','2016-11-20',NULL,NULL,831.00,0,0,1,0,1,1,NULL,NULL,NULL,NULL,NULL,'--- !ruby/hash:ActiveSupport::HashWithIndifferentAccess\nanschaffungskategorie: AV-Technik\nreference: invoice\numzug: zgeln\nankunftszustand: intakt\n','2016-11-20 14:19:28','2016-11-20 14:19:28'),(183,'4nwh0h9wnct61ndny0d4130','e2:6a:a0:f0:f2:57-f8:a3:cd:47:27:39-c9:97:f4:0e:01:5d',168,80,172,2,NULL,NULL,'2014-12-02','2016-11-20',NULL,NULL,889.00,0,0,1,0,1,1,NULL,NULL,NULL,NULL,NULL,'--- !ruby/hash:ActiveSupport::HashWithIndifferentAccess\nanschaffungskategorie: AV-Technik\nreference: invoice\numzug: zgeln\nankunftszustand: intakt\n','2016-11-20 14:19:28','2016-11-20 14:19:28'),(184,'w73bhw5ydq6w2v2z0dux131','55:5a:c5:2c:2f:2f-95:54:08:46:a0:cc-c0:6f:e9:ce:5f:bf',169,81,173,9,NULL,NULL,'2012-01-25','2016-11-20',NULL,NULL,1337.00,0,0,1,0,1,1,NULL,NULL,NULL,NULL,NULL,'--- !ruby/hash:ActiveSupport::HashWithIndifferentAccess\nanschaffungskategorie: AV-Technik\nreference: invoice\numzug: zgeln\nankunftszustand: intakt\n','2016-11-20 14:19:28','2016-11-20 14:19:28'),(185,'hb96bini2umu0gkhcpf2132','b3:9e:4b:12:05:2d-a6:4d:bf:88:72:19-b2:71:89:b0:d3:f1',170,82,174,1,NULL,NULL,'2012-01-29','2016-11-20',NULL,NULL,369.00,0,0,1,0,1,1,NULL,NULL,NULL,NULL,NULL,'--- !ruby/hash:ActiveSupport::HashWithIndifferentAccess\nanschaffungskategorie: AV-Technik\nreference: invoice\numzug: zgeln\nankunftszustand: intakt\n','2016-11-20 14:19:28','2016-11-20 14:19:28'),(186,'3tlxldand6d5okcgozff133','22:ac:df:38:f4:42-5a:bb:fa:90:9a:89-73:54:81:a2:f6:09',171,83,175,9,NULL,NULL,'2013-01-29','2016-11-20',NULL,NULL,274.00,0,0,1,0,1,1,NULL,NULL,NULL,NULL,NULL,'--- !ruby/hash:ActiveSupport::HashWithIndifferentAccess\nanschaffungskategorie: AV-Technik\nreference: invoice\numzug: zgeln\nankunftszustand: intakt\n','2016-11-20 14:19:28','2016-11-20 14:19:28'),(187,'2y92bjsxm532zy1ki6jz134','64:b2:25:4e:93:94-e4:84:eb:c7:7e:a6-bf:e5:35:64:ae:9c',172,84,176,5,NULL,NULL,'2013-03-30','2016-11-19',NULL,NULL,957.00,0,0,1,0,1,1,NULL,NULL,NULL,NULL,NULL,'--- !ruby/hash:ActiveSupport::HashWithIndifferentAccess\nanschaffungskategorie: AV-Technik\nreference: invoice\numzug: zgeln\nankunftszustand: intakt\n','2016-11-19 14:19:28','2016-11-19 14:19:28'),(188,'k3llpc7pcnf34rrgwco0135','d1:1f:96:b1:be:7a-4c:2e:2a:70:7d:ac-ba:91:ea:58:70:3a',173,85,177,7,NULL,NULL,'2011-08-28','2016-11-19',NULL,NULL,13.00,0,0,1,0,1,1,NULL,NULL,NULL,NULL,NULL,'--- !ruby/hash:ActiveSupport::HashWithIndifferentAccess\nanschaffungskategorie: AV-Technik\nreference: invoice\numzug: zgeln\nankunftszustand: intakt\n','2016-11-19 14:19:28','2016-11-19 14:19:28'),(189,'zss3mfix9049cht0x87x136','2f:52:4c:7f:3f:34-05:0c:34:23:1a:a4-66:8b:f7:38:fd:4c',174,86,178,9,NULL,NULL,'2011-10-25','2016-11-19',NULL,NULL,1276.00,0,0,1,0,1,1,NULL,NULL,NULL,NULL,NULL,'--- !ruby/hash:ActiveSupport::HashWithIndifferentAccess\nanschaffungskategorie: AV-Technik\nreference: invoice\numzug: zgeln\nankunftszustand: intakt\n','2016-11-19 14:19:28','2016-11-19 14:19:28'),(190,'nh0hxyc5mpn1k6x54qfe137','d7:03:92:d8:cd:31-f0:7e:b0:78:84:0b-a2:1a:48:b6:22:46',175,87,179,4,NULL,NULL,'2013-06-17','2016-11-19',NULL,NULL,1355.00,0,0,1,0,1,1,NULL,NULL,NULL,NULL,NULL,'--- !ruby/hash:ActiveSupport::HashWithIndifferentAccess\nanschaffungskategorie: AV-Technik\nreference: invoice\numzug: zgeln\nankunftszustand: intakt\n','2016-11-19 14:19:28','2016-11-19 14:19:28'),(191,'nwygmon2e8a01ehx07tc138','b4:74:10:c2:a4:b8-62:f1:84:61:07:84-92:4a:9a:60:46:52',176,88,180,4,NULL,NULL,'2011-02-11','2016-11-19',NULL,NULL,1251.00,0,0,1,0,1,1,NULL,NULL,NULL,NULL,NULL,'--- !ruby/hash:ActiveSupport::HashWithIndifferentAccess\nanschaffungskategorie: AV-Technik\nreference: invoice\numzug: zgeln\nankunftszustand: intakt\n','2016-11-19 14:19:28','2016-11-19 14:19:28'),(192,'jfratxgd0o2oebdbjab5139','ac:df:56:d6:e5:8a-37:6d:6f:27:6e:48-a8:9b:97:5e:88:52',177,89,181,4,NULL,NULL,'2013-10-19','2016-11-24',NULL,NULL,374.00,0,0,1,0,12,1,NULL,NULL,NULL,NULL,NULL,'--- !ruby/hash:ActiveSupport::HashWithIndifferentAccess\nanschaffungskategorie: AV-Technik\nreference: invoice\numzug: zgeln\nankunftszustand: intakt\n','2016-11-24 14:19:28','2016-11-24 14:19:28'),(193,'bs7x80i5jtkpm6h5fibk140','4d:0b:7a:5c:ef:10-ed:79:4a:7b:57:02-f0:80:11:db:0b:c9',177,90,182,3,NULL,NULL,'2015-11-22','2016-11-24',NULL,NULL,310.00,0,0,1,0,12,1,NULL,NULL,NULL,NULL,NULL,'--- !ruby/hash:ActiveSupport::HashWithIndifferentAccess\nanschaffungskategorie: AV-Technik\nreference: invoice\numzug: zgeln\nankunftszustand: intakt\n','2016-11-24 14:19:28','2016-11-24 14:19:28'),(194,'29d3al3ib8tdv63p3c9n141','ef:09:77:ed:1b:97-79:49:74:eb:10:e2-cb:64:4e:4c:53:1b',177,91,183,8,NULL,NULL,'2015-01-26','2016-11-24',NULL,NULL,987.00,0,0,1,0,12,1,NULL,NULL,NULL,NULL,NULL,'--- !ruby/hash:ActiveSupport::HashWithIndifferentAccess\nanschaffungskategorie: AV-Technik\nreference: invoice\numzug: zgeln\nankunftszustand: intakt\n','2016-11-24 14:19:28','2016-11-24 14:19:28'),(195,'04ldx8mp13cua6ld1zqq142','11:73:56:e8:a0:23-aa:3d:7c:20:09:c8-02:2e:1e:3b:4a:4c',181,92,184,7,NULL,NULL,'2013-12-12','2016-11-24',NULL,NULL,1235.00,0,0,1,0,12,1,NULL,NULL,NULL,NULL,NULL,'--- !ruby/hash:ActiveSupport::HashWithIndifferentAccess\nanschaffungskategorie: AV-Technik\nreference: invoice\numzug: zgeln\nankunftszustand: intakt\n','2016-11-24 14:19:28','2016-11-24 14:19:28'),(196,'9l1zdsuwa6x8008a94uq143','08:7c:6d:1f:ff:b6-21:d6:bd:72:a6:2e-51:a3:cf:24:7d:37',181,93,185,2,NULL,NULL,'2015-02-04','2016-11-24',NULL,NULL,118.00,0,0,1,0,12,1,NULL,NULL,NULL,NULL,NULL,'--- !ruby/hash:ActiveSupport::HashWithIndifferentAccess\nanschaffungskategorie: AV-Technik\nreference: invoice\numzug: zgeln\nankunftszustand: intakt\n','2016-11-24 14:19:28','2016-11-24 14:19:28'),(197,'1ouxkgc0g2eeav4trl0r144','7f:89:46:10:9d:39-62:74:62:9c:1e:f1-e1:4f:cc:9d:99:44',181,94,186,1,NULL,NULL,'2015-04-05','2016-11-24',NULL,NULL,898.00,0,0,1,0,12,1,NULL,NULL,NULL,NULL,NULL,'--- !ruby/hash:ActiveSupport::HashWithIndifferentAccess\nanschaffungskategorie: AV-Technik\nreference: invoice\numzug: zgeln\nankunftszustand: intakt\n','2016-11-24 14:19:28','2016-11-24 14:19:28'),(198,'0327hxhrajbnfrp7ossp145','d9:df:bf:d1:59:62-01:1a:c9:06:23:8b-8a:35:bc:8e:7f:8f',185,95,187,7,NULL,NULL,'2015-12-25','2016-11-24',NULL,NULL,1356.00,0,0,1,0,12,1,NULL,NULL,NULL,NULL,NULL,'--- !ruby/hash:ActiveSupport::HashWithIndifferentAccess\nanschaffungskategorie: AV-Technik\nreference: invoice\numzug: zgeln\nankunftszustand: intakt\n','2016-11-24 14:19:28','2016-11-24 14:19:28'),(199,'0rrmfsuxausshji58cf0146','ed:36:62:a9:6b:87-c0:fd:82:14:45:1f-28:b2:f4:e5:a5:bb',185,96,188,12,NULL,NULL,'2012-09-14','2016-11-24',NULL,NULL,96.00,0,0,1,0,12,1,NULL,NULL,NULL,NULL,NULL,'--- !ruby/hash:ActiveSupport::HashWithIndifferentAccess\nanschaffungskategorie: AV-Technik\nreference: invoice\numzug: zgeln\nankunftszustand: intakt\n','2016-11-24 14:19:28','2016-11-24 14:19:28'),(200,'3pb7jigzd5autwudq7xm147','71:3b:3f:7a:d9:68-64:bf:2c:33:64:8a-50:e8:cd:27:95:9f',185,97,189,2,NULL,NULL,'2012-04-13','2016-11-24',NULL,NULL,759.00,0,0,1,0,12,1,NULL,NULL,NULL,NULL,NULL,'--- !ruby/hash:ActiveSupport::HashWithIndifferentAccess\nanschaffungskategorie: AV-Technik\nreference: invoice\numzug: zgeln\nankunftszustand: intakt\n','2016-11-24 14:19:28','2016-11-24 14:19:28'),(201,'4y8ev860jvos3q3wi1rf148','c0:c9:9d:e7:58:f2-d6:fe:42:3d:0a:43-c4:61:06:03:fb:26',189,98,190,8,NULL,NULL,'2015-10-15','2016-11-24',NULL,NULL,734.00,0,0,1,0,12,1,NULL,NULL,NULL,NULL,NULL,'--- !ruby/hash:ActiveSupport::HashWithIndifferentAccess\nanschaffungskategorie: AV-Technik\nreference: invoice\numzug: zgeln\nankunftszustand: intakt\n','2016-11-24 14:19:28','2016-11-24 14:19:28'),(202,'45ap49pss2jnac49pkka149','6a:19:1f:44:f6:b0-25:70:30:2c:15:3f-ef:b6:99:6a:0a:48',189,99,191,7,NULL,NULL,'2013-12-03','2016-11-24',NULL,NULL,861.00,0,0,1,0,12,1,NULL,NULL,NULL,NULL,NULL,'--- !ruby/hash:ActiveSupport::HashWithIndifferentAccess\nanschaffungskategorie: AV-Technik\nreference: invoice\numzug: zgeln\nankunftszustand: intakt\n','2016-11-24 14:19:28','2016-11-24 14:19:28'),(203,'xfs382xofgquweiz1whc150','83:db:89:16:ff:04-66:1b:c1:33:9a:d3-ce:db:c6:14:93:90',189,100,192,4,NULL,NULL,'2014-09-20','2016-11-24',NULL,NULL,1423.00,0,0,1,0,12,1,NULL,NULL,NULL,NULL,NULL,'--- !ruby/hash:ActiveSupport::HashWithIndifferentAccess\nanschaffungskategorie: AV-Technik\nreference: invoice\numzug: zgeln\nankunftszustand: intakt\n','2016-11-24 14:19:28','2016-11-24 14:19:28'),(204,'j3s8cw8e38zb6rmpkbit151','7a:f3:b5:bc:ee:7c-52:57:29:e1:8a:ac-17:45:09:c4:bc:98',193,101,193,3,NULL,NULL,'2015-06-24','2016-11-24',NULL,NULL,1075.00,0,0,1,0,12,1,NULL,NULL,NULL,NULL,NULL,'--- !ruby/hash:ActiveSupport::HashWithIndifferentAccess\nanschaffungskategorie: AV-Technik\nreference: invoice\numzug: zgeln\nankunftszustand: intakt\n','2016-11-24 14:19:28','2016-11-24 14:19:28'),(205,'msrutrmisl8x4cgj58l1152','a1:20:50:a5:33:be-d0:83:d8:33:30:f8-b7:6c:9b:26:97:80',193,102,194,11,NULL,NULL,'2011-02-22','2016-11-24',NULL,NULL,1299.00,0,0,1,0,12,1,NULL,NULL,NULL,NULL,NULL,'--- !ruby/hash:ActiveSupport::HashWithIndifferentAccess\nanschaffungskategorie: AV-Technik\nreference: invoice\numzug: zgeln\nankunftszustand: intakt\n','2016-11-24 14:19:28','2016-11-24 14:19:28'),(206,'z6mx8nh9dxpo7ib9106z153','fe:b7:4b:2d:73:ef-eb:5b:77:9b:00:87-37:8f:aa:5f:af:4e',193,103,195,1,NULL,NULL,'2014-08-26','2016-11-24',NULL,NULL,699.00,0,0,1,0,12,1,NULL,NULL,NULL,NULL,NULL,'--- !ruby/hash:ActiveSupport::HashWithIndifferentAccess\nanschaffungskategorie: AV-Technik\nreference: invoice\numzug: zgeln\nankunftszustand: intakt\n','2016-11-24 14:19:28','2016-11-24 14:19:28'),(207,'g1fo7maq75g86l6nqyp4154','9c:c5:29:e2:dd:70-90:76:79:b4:62:17-4e:e8:ea:d9:b3:b2',197,104,196,7,NULL,NULL,'2013-07-05','2016-11-24',NULL,NULL,88.00,0,0,1,0,12,1,NULL,NULL,NULL,NULL,NULL,'--- !ruby/hash:ActiveSupport::HashWithIndifferentAccess\nanschaffungskategorie: AV-Technik\nreference: invoice\numzug: zgeln\nankunftszustand: intakt\n','2016-11-24 14:19:28','2016-11-24 14:19:28'),(208,'van27i6k20itlsi9trma155','06:36:8b:c0:5c:97-ec:bd:30:58:4e:ab-7d:3b:b5:c7:b9:f8',197,105,197,9,NULL,NULL,'2013-04-23','2016-11-24',NULL,NULL,1250.00,0,0,1,0,12,1,NULL,NULL,NULL,NULL,NULL,'--- !ruby/hash:ActiveSupport::HashWithIndifferentAccess\nanschaffungskategorie: AV-Technik\nreference: invoice\numzug: zgeln\nankunftszustand: intakt\n','2016-11-24 14:19:28','2016-11-24 14:19:28'),(209,'3pjy6gdvpant3ukz89ug156','77:bd:9f:53:5d:1e-88:c0:65:8f:56:f3-20:03:63:a5:d0:0c',197,106,198,6,NULL,NULL,'2012-07-09','2016-11-24',NULL,NULL,1386.00,0,0,1,0,12,1,NULL,NULL,NULL,NULL,NULL,'--- !ruby/hash:ActiveSupport::HashWithIndifferentAccess\nanschaffungskategorie: AV-Technik\nreference: invoice\numzug: zgeln\nankunftszustand: intakt\n','2016-11-24 14:19:28','2016-11-24 14:19:28'),(210,'86q83nhnx55191qmc3ra157','aa:15:3d:d6:b4:2f-5f:f1:4d:36:0a:4f-1f:cd:9b:66:98:c4',201,107,199,6,NULL,NULL,'2012-09-21','2016-11-24',NULL,NULL,1377.00,0,0,1,0,1,1,NULL,NULL,NULL,NULL,NULL,'--- !ruby/hash:ActiveSupport::HashWithIndifferentAccess\nanschaffungskategorie: AV-Technik\nreference: invoice\numzug: zgeln\nankunftszustand: intakt\n','2016-11-24 14:19:28','2016-11-24 14:19:28'),(211,'sqv953pl6kdqbe590eaj158','97:52:54:ed:c0:c9-e2:f2:fc:22:72:28-28:79:fe:73:c9:1e',202,108,200,10,NULL,NULL,'2015-11-12','2016-11-24',NULL,NULL,756.00,0,0,1,0,1,1,NULL,NULL,NULL,NULL,NULL,'--- !ruby/hash:ActiveSupport::HashWithIndifferentAccess\nanschaffungskategorie: AV-Technik\nreference: invoice\numzug: zgeln\nankunftszustand: intakt\n','2016-11-24 14:19:28','2016-11-24 14:19:28'),(212,'wv9zzq2kaet1tda3ftwc159','7f:e2:ae:51:7f:94-dc:5d:8b:df:c4:bc-3a:1d:08:1e:7e:19',203,109,201,10,NULL,NULL,'2014-11-27','2016-11-24',NULL,NULL,126.00,0,0,1,0,1,1,NULL,NULL,NULL,NULL,NULL,'--- !ruby/hash:ActiveSupport::HashWithIndifferentAccess\nanschaffungskategorie: AV-Technik\nreference: invoice\numzug: zgeln\nankunftszustand: intakt\n','2016-11-24 14:19:28','2016-11-24 14:19:28'),(213,'s63eojqvkdty4t2vem9w160','4f:63:72:e6:ec:5e-99:14:8c:c8:da:ad-3d:67:5d:d6:ba:bc',204,110,202,10,NULL,NULL,'2012-09-07','2016-11-24',NULL,NULL,1025.00,0,0,1,0,1,1,NULL,NULL,NULL,NULL,NULL,'--- !ruby/hash:ActiveSupport::HashWithIndifferentAccess\nanschaffungskategorie: AV-Technik\nreference: invoice\numzug: zgeln\nankunftszustand: intakt\n','2016-11-24 14:19:28','2016-11-24 14:19:28'),(214,'tehz3dwtx3t4x4ov4nwe161','11:91:d1:15:67:66-31:af:6f:49:12:62-28:a8:0d:06:c9:c7',205,111,203,8,NULL,NULL,'2013-01-16','2016-11-24',NULL,NULL,1193.00,0,0,1,0,1,1,NULL,NULL,NULL,NULL,NULL,'--- !ruby/hash:ActiveSupport::HashWithIndifferentAccess\nanschaffungskategorie: AV-Technik\nreference: invoice\numzug: zgeln\nankunftszustand: intakt\n','2016-11-24 14:19:28','2016-11-24 14:19:28'),(215,'2smr7hx0rj2ll452htcl162','02:19:42:5d:d0:88-b7:1f:b0:01:33:7a-70:86:2d:7b:f6:80',206,112,204,8,NULL,NULL,'2011-06-14','2016-11-24',NULL,NULL,765.00,0,0,1,0,1,1,NULL,NULL,NULL,NULL,NULL,'--- !ruby/hash:ActiveSupport::HashWithIndifferentAccess\nanschaffungskategorie: AV-Technik\nreference: invoice\numzug: zgeln\nankunftszustand: intakt\n','2016-11-24 14:19:28','2016-11-24 14:19:28'),(216,'piqlr1d2sm97wveipbk9163','76:fb:68:bc:03:d0-b6:72:3b:c1:de:d9-42:96:50:a6:36:2b',207,113,205,5,NULL,NULL,'2013-07-20','2016-11-24',NULL,NULL,579.00,0,0,1,0,1,1,NULL,NULL,NULL,NULL,NULL,'--- !ruby/hash:ActiveSupport::HashWithIndifferentAccess\nanschaffungskategorie: AV-Technik\nreference: invoice\numzug: zgeln\nankunftszustand: intakt\n','2016-11-24 14:19:28','2016-11-24 14:19:28'),(217,'7sgr1lu5cd9j170dupjc164','74:f3:3d:bb:db:64-12:54:02:23:00:b2-01:7a:66:d4:27:fc',208,114,206,5,NULL,NULL,'2011-01-04','2016-11-24',NULL,NULL,747.00,0,0,1,0,1,1,NULL,NULL,NULL,NULL,NULL,'--- !ruby/hash:ActiveSupport::HashWithIndifferentAccess\nanschaffungskategorie: AV-Technik\nreference: invoice\numzug: zgeln\nankunftszustand: intakt\n','2016-11-24 14:19:28','2016-11-24 14:19:28'),(218,'g0noduyxzwy2omywkrg0165','eb:65:fb:f1:ca:b3-97:d0:f6:e2:c6:a8-87:5f:c8:13:69:e4',209,115,207,6,NULL,NULL,'2011-01-24','2016-11-24',NULL,NULL,801.00,0,0,1,0,1,1,NULL,NULL,NULL,NULL,NULL,'--- !ruby/hash:ActiveSupport::HashWithIndifferentAccess\nanschaffungskategorie: AV-Technik\nreference: invoice\numzug: zgeln\nankunftszustand: intakt\n','2016-11-24 14:19:28','2016-11-24 14:19:28'),(219,'fypj97cy1dxq7hee7i1a166','7f:57:af:21:24:63-cf:67:32:f0:23:ec-35:6e:c7:67:42:91',210,116,208,10,NULL,NULL,'2015-09-07','2016-11-24',NULL,NULL,82.00,0,0,1,0,1,1,NULL,NULL,NULL,NULL,NULL,'--- !ruby/hash:ActiveSupport::HashWithIndifferentAccess\nanschaffungskategorie: AV-Technik\nreference: invoice\numzug: zgeln\nankunftszustand: intakt\n','2016-11-24 14:19:28','2016-11-24 14:19:28'),(220,'scx68b9ucc6dxa4ubxy9167','e1:3f:6a:62:b3:08-56:bf:0a:31:13:04-11:46:33:65:88:7d',211,117,209,10,NULL,NULL,'2013-04-17','2016-11-24',NULL,NULL,727.00,0,0,1,0,1,1,NULL,NULL,NULL,NULL,NULL,'--- !ruby/hash:ActiveSupport::HashWithIndifferentAccess\nanschaffungskategorie: AV-Technik\nreference: invoice\numzug: zgeln\nankunftszustand: intakt\n','2016-11-24 14:19:28','2016-11-24 14:19:28'),(221,'5pv5oy5wubaideavrcg7168','92:e8:e3:6f:3e:60-9c:71:94:f8:b3:84-ee:f7:bc:7f:6a:57',212,118,210,1,NULL,NULL,'2012-04-30','2016-11-24',NULL,NULL,618.00,0,0,1,0,1,1,NULL,NULL,NULL,NULL,NULL,'--- !ruby/hash:ActiveSupport::HashWithIndifferentAccess\nanschaffungskategorie: AV-Technik\nreference: invoice\numzug: zgeln\nankunftszustand: intakt\n','2016-11-24 14:19:28','2016-11-24 14:19:28'),(222,'szi2nh03mhzji3p629cc169','52:45:0f:57:17:4f-d0:ff:c6:12:eb:97-59:39:59:c7:f3:bc',213,119,211,10,NULL,NULL,'2013-08-06','2016-11-24',NULL,NULL,1169.00,0,0,1,0,1,1,NULL,NULL,NULL,NULL,NULL,'--- !ruby/hash:ActiveSupport::HashWithIndifferentAccess\nanschaffungskategorie: AV-Technik\nreference: invoice\numzug: zgeln\nankunftszustand: intakt\n','2016-11-24 14:19:28','2016-11-24 14:19:28'),(223,'kv854g65sgfyg258dih8170','84:03:08:61:c2:ad-5f:46:df:67:e2:cc-2f:8a:21:4f:f7:8d',214,120,212,6,NULL,NULL,'2015-01-01','2016-11-24',NULL,NULL,335.00,0,0,1,0,1,1,NULL,NULL,NULL,NULL,NULL,'--- !ruby/hash:ActiveSupport::HashWithIndifferentAccess\nanschaffungskategorie: AV-Technik\nreference: invoice\numzug: zgeln\nankunftszustand: intakt\n','2016-11-24 14:19:28','2016-11-24 14:19:28'),(224,'x2gcxp8b7k882rm0bism171','65:f0:bb:37:f9:81-0d:eb:d8:55:ea:20-27:59:5a:fe:1f:57',215,121,213,8,NULL,NULL,'2015-07-01','2016-11-24',NULL,NULL,1480.00,0,0,1,0,1,1,NULL,NULL,NULL,NULL,NULL,'--- !ruby/hash:ActiveSupport::HashWithIndifferentAccess\nanschaffungskategorie: AV-Technik\nreference: invoice\numzug: zgeln\nankunftszustand: intakt\n','2016-11-24 14:19:28','2016-11-24 14:19:28'),(225,'qjlotm4oeqvsenf5arp7172','1d:12:0b:5c:dc:0d-08:4f:35:63:33:dc-b8:6d:86:81:60:35',216,122,214,5,NULL,NULL,'2011-03-02','2016-11-24',NULL,NULL,297.00,0,0,1,0,1,1,NULL,NULL,NULL,NULL,NULL,'--- !ruby/hash:ActiveSupport::HashWithIndifferentAccess\nanschaffungskategorie: AV-Technik\nreference: invoice\numzug: zgeln\nankunftszustand: intakt\n','2016-11-24 14:19:28','2016-11-24 14:19:28'),(226,'7qz5xzp0vqzor5hg5ose173','e4:29:19:e4:08:1c-40:f7:e5:78:03:06-1b:29:74:8e:16:2c',217,123,215,7,NULL,NULL,'2012-04-28','2016-11-24',NULL,NULL,1179.00,0,0,1,0,1,1,NULL,NULL,NULL,NULL,NULL,'--- !ruby/hash:ActiveSupport::HashWithIndifferentAccess\nanschaffungskategorie: AV-Technik\nreference: invoice\numzug: zgeln\nankunftszustand: intakt\n','2016-11-24 14:19:28','2016-11-24 14:19:28'),(227,'ssd42rs20f4zt6t8opsd174','6a:7f:7b:08:15:e9-67:c1:25:1e:6a:0e-f4:d4:75:f7:d0:52',218,124,216,2,NULL,NULL,'2011-12-15','2016-11-24',NULL,NULL,465.00,0,0,1,0,1,1,NULL,NULL,NULL,NULL,NULL,'--- !ruby/hash:ActiveSupport::HashWithIndifferentAccess\nanschaffungskategorie: AV-Technik\nreference: invoice\numzug: zgeln\nankunftszustand: intakt\n','2016-11-24 14:19:28','2016-11-24 14:19:28'),(228,'e3jl5i86de20ii1m446l175','b0:af:ba:5a:9b:45-b3:78:0f:79:e2:43-18:70:bb:42:19:7e',219,125,217,9,NULL,NULL,'2011-05-11','2016-11-24',NULL,NULL,242.00,0,0,1,0,1,1,NULL,NULL,NULL,NULL,NULL,'--- !ruby/hash:ActiveSupport::HashWithIndifferentAccess\nanschaffungskategorie: AV-Technik\nreference: invoice\numzug: zgeln\nankunftszustand: intakt\n','2016-11-24 14:19:28','2016-11-24 14:19:28'),(229,'9jh9odluw3lddpgiz3mt176','5c:87:c6:e9:09:96-16:50:dd:38:ce:b9-05:f5:73:eb:f6:c4',220,126,218,9,NULL,NULL,'2014-05-09','2016-11-24',NULL,NULL,978.00,0,0,1,0,1,1,NULL,NULL,NULL,NULL,NULL,'--- !ruby/hash:ActiveSupport::HashWithIndifferentAccess\nanschaffungskategorie: AV-Technik\nreference: invoice\numzug: zgeln\nankunftszustand: intakt\n','2016-11-24 14:19:28','2016-11-24 14:19:28'),(230,'xao4fb9eee9th5g4vlro177','b0:98:a7:af:82:b4-de:dd:1b:07:fd:81-ff:65:45:e9:88:1e',221,127,219,12,NULL,NULL,'2015-05-01','2016-11-24',NULL,NULL,1170.00,0,0,1,0,1,1,NULL,NULL,NULL,NULL,NULL,'--- !ruby/hash:ActiveSupport::HashWithIndifferentAccess\nanschaffungskategorie: AV-Technik\nreference: invoice\numzug: zgeln\nankunftszustand: intakt\n','2016-11-24 14:19:28','2016-11-24 14:19:28'),(231,'dn8dw871ezn6oa2os9wh178','ba:c2:63:40:f5:4c-a0:a4:6d:1e:2b:10-21:69:37:c8:df:b6',222,128,220,7,NULL,NULL,'2011-07-19','2016-11-24',NULL,NULL,1371.00,0,0,1,0,1,1,NULL,NULL,NULL,NULL,NULL,'--- !ruby/hash:ActiveSupport::HashWithIndifferentAccess\nanschaffungskategorie: AV-Technik\nreference: invoice\numzug: zgeln\nankunftszustand: intakt\n','2016-11-24 14:19:28','2016-11-24 14:19:28'),(232,'6p4gqx6gwxswsggjtp27179','46:39:9d:75:4b:b3-8e:1c:41:1c:9f:c2-57:a7:46:73:35:6a',223,129,221,12,NULL,NULL,'2014-04-10','2016-11-24',NULL,NULL,7.00,0,0,1,0,1,1,NULL,NULL,NULL,NULL,NULL,'--- !ruby/hash:ActiveSupport::HashWithIndifferentAccess\nanschaffungskategorie: AV-Technik\nreference: invoice\numzug: zgeln\nankunftszustand: intakt\n','2016-11-24 14:19:28','2016-11-24 14:19:28'),(233,'nej2sd1x4voex8p8a8vw180','1b:f2:41:76:d8:17-90:44:bf:75:c0:a0-b2:48:12:6b:04:0e',224,130,222,2,NULL,NULL,'2014-08-27','2016-11-24',NULL,NULL,700.00,0,0,1,0,1,1,NULL,NULL,NULL,NULL,NULL,'--- !ruby/hash:ActiveSupport::HashWithIndifferentAccess\nanschaffungskategorie: AV-Technik\nreference: invoice\numzug: zgeln\nankunftszustand: intakt\n','2016-11-24 14:19:28','2016-11-24 14:19:28'),(234,'e993v9hc5rhply3nmjzi181','a0:49:2e:19:c8:a8-24:6d:7c:19:59:1c-ea:79:fb:4b:b1:0f',225,131,223,5,NULL,NULL,'2015-05-25','2016-11-24',NULL,NULL,506.00,0,0,1,0,1,1,NULL,NULL,NULL,NULL,NULL,'--- !ruby/hash:ActiveSupport::HashWithIndifferentAccess\nanschaffungskategorie: AV-Technik\nreference: invoice\numzug: zgeln\nankunftszustand: intakt\n','2016-11-24 14:19:28','2016-11-24 14:19:28'),(235,'45xrm0y4ozvx8l4uz5yt182','4c:e2:d1:87:85:56-0a:a9:7b:2e:fd:68-c5:20:67:3d:40:be',226,132,224,7,NULL,NULL,'2014-04-09','2016-11-24',NULL,NULL,287.00,0,0,1,0,1,1,NULL,NULL,NULL,NULL,NULL,'--- !ruby/hash:ActiveSupport::HashWithIndifferentAccess\nanschaffungskategorie: AV-Technik\nreference: invoice\numzug: zgeln\nankunftszustand: intakt\n','2016-11-24 14:19:28','2016-11-24 14:19:28'),(236,'wdpdlsrsxhowygjd60bu183','7d:a5:ad:24:09:38-d5:df:cc:8e:42:ca-d7:67:fa:3b:8e:4a',227,133,225,3,NULL,NULL,'2012-02-18','2016-11-24',NULL,NULL,1407.00,0,0,1,0,1,1,NULL,NULL,NULL,NULL,NULL,'--- !ruby/hash:ActiveSupport::HashWithIndifferentAccess\nanschaffungskategorie: AV-Technik\nreference: invoice\numzug: zgeln\nankunftszustand: intakt\n','2016-11-24 14:19:28','2016-11-24 14:19:28'),(237,'5temgk22rimlq5yt8wq0184','eb:95:90:2a:c7:ea-07:c7:7c:30:73:0e-26:5a:69:02:9b:45',228,134,226,1,NULL,NULL,'2015-09-09','2016-11-24',NULL,NULL,793.00,0,0,1,0,1,1,NULL,NULL,NULL,NULL,NULL,'--- !ruby/hash:ActiveSupport::HashWithIndifferentAccess\nanschaffungskategorie: AV-Technik\nreference: invoice\numzug: zgeln\nankunftszustand: intakt\n','2016-11-24 14:19:28','2016-11-24 14:19:28'),(238,'6fg3c74nmgi1svdxsi9v185','d1:49:91:25:c5:36-87:2a:30:e2:5a:03-9e:a6:08:a2:84:20',229,135,227,3,NULL,NULL,'2011-10-23','2016-11-24',NULL,NULL,602.00,0,0,1,0,1,1,NULL,NULL,NULL,NULL,NULL,'--- !ruby/hash:ActiveSupport::HashWithIndifferentAccess\nanschaffungskategorie: AV-Technik\nreference: invoice\numzug: zgeln\nankunftszustand: intakt\n','2016-11-24 14:19:28','2016-11-24 14:19:28'),(239,'k2jydq2bb1evzxc62dt7186','b6:7b:ab:32:28:b3-9a:91:69:af:2c:96-ee:13:e8:f8:b4:84',230,136,228,11,NULL,NULL,'2012-09-22','2016-11-24',NULL,NULL,523.00,0,0,1,0,1,1,NULL,NULL,NULL,NULL,NULL,'--- !ruby/hash:ActiveSupport::HashWithIndifferentAccess\nanschaffungskategorie: AV-Technik\nreference: invoice\numzug: zgeln\nankunftszustand: intakt\n','2016-11-24 14:19:28','2016-11-24 14:19:28'),(240,'pra9ujv2pnhzxwdp2ui4187','94:ed:4c:35:04:a2-3e:46:1b:a3:08:25-0e:f1:d5:56:5a:72',231,137,229,10,NULL,NULL,'2011-01-17','2016-11-24',NULL,NULL,752.00,0,0,1,0,1,1,NULL,NULL,NULL,NULL,NULL,'--- !ruby/hash:ActiveSupport::HashWithIndifferentAccess\nanschaffungskategorie: AV-Technik\nreference: invoice\numzug: zgeln\nankunftszustand: intakt\n','2016-11-24 14:19:28','2016-11-24 14:19:28'),(241,'x1aepgg2vcwk8gdohxch188','19:04:31:c6:38:ba-c6:84:7e:1f:e5:c8-93:15:fc:1e:70:bd',232,138,230,7,NULL,NULL,'2013-01-05','2016-11-24',NULL,NULL,159.00,0,0,1,0,1,1,NULL,NULL,NULL,NULL,NULL,'--- !ruby/hash:ActiveSupport::HashWithIndifferentAccess\nanschaffungskategorie: AV-Technik\nreference: invoice\numzug: zgeln\nankunftszustand: intakt\n','2016-11-24 14:19:28','2016-11-24 14:19:28'),(242,'fsordcq8uljx0qfb75cu189','7b:e6:4f:28:f6:63-2f:7c:3c:fa:f7:75-7c:5f:1d:c0:34:e0',233,139,231,1,NULL,NULL,'2011-10-15','2016-11-24',NULL,NULL,1129.00,0,0,1,0,1,1,NULL,NULL,NULL,NULL,NULL,'--- !ruby/hash:ActiveSupport::HashWithIndifferentAccess\nanschaffungskategorie: AV-Technik\nreference: invoice\numzug: zgeln\nankunftszustand: intakt\n','2016-11-24 14:19:28','2016-11-24 14:19:28'),(243,'57a383rlha3c20r57jo3190','e2:30:d8:65:10:14-4f:96:b7:51:f4:cc-7b:e4:a9:6a:9b:c8',234,140,232,5,NULL,NULL,'2012-12-22','2016-11-24',NULL,NULL,980.00,0,0,1,0,1,1,NULL,NULL,NULL,NULL,NULL,'--- !ruby/hash:ActiveSupport::HashWithIndifferentAccess\nanschaffungskategorie: AV-Technik\nreference: invoice\numzug: zgeln\nankunftszustand: intakt\n','2016-11-24 14:19:28','2016-11-24 14:19:28'),(244,'ghv52m4ho16x4qj0ubol191','42:17:c7:45:40:fd-c1:8e:d3:16:3f:78-ef:de:a1:71:f4:80',235,141,233,3,NULL,NULL,'2014-05-29','2016-11-24',NULL,NULL,621.00,0,0,1,0,1,1,NULL,NULL,NULL,NULL,NULL,'--- !ruby/hash:ActiveSupport::HashWithIndifferentAccess\nanschaffungskategorie: AV-Technik\nreference: invoice\numzug: zgeln\nankunftszustand: intakt\n','2016-11-24 14:19:28','2016-11-24 14:19:28'),(245,'rqt0e0z7onywmnoo0m1j192','6a:b8:16:2c:fe:60-89:55:ea:f1:24:80-8f:3d:3e:d3:03:0c',236,142,234,1,NULL,NULL,'2014-12-19','2016-11-24',NULL,NULL,962.00,0,0,1,0,1,1,NULL,NULL,NULL,NULL,NULL,'--- !ruby/hash:ActiveSupport::HashWithIndifferentAccess\nanschaffungskategorie: AV-Technik\nreference: invoice\numzug: zgeln\nankunftszustand: intakt\n','2016-11-24 14:19:28','2016-11-24 14:19:28'),(246,'4xmsfdl0tqirmqrrpxm9193','b5:68:eb:be:16:b4-cd:f2:db:59:f2:82-76:8d:a2:ae:e2:be',237,143,235,6,NULL,NULL,'2014-11-27','2016-11-24',NULL,NULL,786.00,0,0,1,0,1,1,NULL,NULL,NULL,NULL,NULL,'--- !ruby/hash:ActiveSupport::HashWithIndifferentAccess\nanschaffungskategorie: AV-Technik\nreference: invoice\numzug: zgeln\nankunftszustand: intakt\n','2016-11-24 14:19:28','2016-11-24 14:19:28'),(247,'pbjy0kaevhohwqkpgv52194','4c:44:5f:66:4d:ff-4a:c4:66:db:7e:f2-1d:05:2f:b9:10:b0',238,144,236,1,NULL,NULL,'2012-01-20','2016-11-24',NULL,NULL,514.00,0,0,1,0,1,1,NULL,NULL,NULL,NULL,NULL,'--- !ruby/hash:ActiveSupport::HashWithIndifferentAccess\nanschaffungskategorie: AV-Technik\nreference: invoice\numzug: zgeln\nankunftszustand: intakt\n','2016-11-24 14:19:28','2016-11-24 14:19:28'),(248,'v5ch42wwxp62xyn3f52o195','74:27:7d:08:ae:10-ea:e3:d7:fd:69:8c-5b:47:d7:4a:e4:1b',239,145,237,2,NULL,NULL,'2015-05-27','2016-11-18',NULL,NULL,910.00,0,0,1,0,1,1,NULL,NULL,NULL,NULL,NULL,'--- !ruby/hash:ActiveSupport::HashWithIndifferentAccess\nanschaffungskategorie: AV-Technik\nreference: invoice\numzug: zgeln\nankunftszustand: intakt\n','2016-11-18 14:19:28','2016-11-18 14:19:28'),(249,'1ev4y7xulcbacxmpfyjw196','98:25:9c:97:c5:17-83:e7:83:72:d3:e5-92:27:8a:b6:7b:0b',240,146,238,12,NULL,NULL,'2015-05-14','2016-11-18',NULL,NULL,86.00,0,0,1,0,1,1,NULL,NULL,NULL,NULL,NULL,'--- !ruby/hash:ActiveSupport::HashWithIndifferentAccess\nanschaffungskategorie: AV-Technik\nreference: invoice\numzug: zgeln\nankunftszustand: intakt\n','2016-11-18 14:19:28','2016-11-18 14:19:28'),(250,'hy1llvosizddgmpemro8197','f2:18:86:7c:f7:87-71:9b:50:44:aa:f8-24:3d:62:28:a6:f6',241,147,239,6,NULL,NULL,'2014-04-12','2016-11-18',NULL,NULL,862.00,0,0,1,0,1,1,NULL,NULL,NULL,NULL,NULL,'--- !ruby/hash:ActiveSupport::HashWithIndifferentAccess\nanschaffungskategorie: AV-Technik\nreference: invoice\numzug: zgeln\nankunftszustand: intakt\n','2016-11-18 14:19:28','2016-11-18 14:19:28'),(251,'3dze9nl6xzptpx5skynk198','ba:ce:d4:64:7f:c6-87:8b:a9:08:b5:8e-c9:17:bb:0b:1e:d7',242,148,240,10,NULL,NULL,'2012-11-23','2016-11-24',NULL,NULL,545.00,0,0,1,0,1,1,NULL,NULL,NULL,NULL,NULL,'--- !ruby/hash:ActiveSupport::HashWithIndifferentAccess\nanschaffungskategorie: AV-Technik\nreference: invoice\numzug: zgeln\nankunftszustand: intakt\n','2016-11-24 14:19:28','2016-11-24 14:19:28'),(252,'ueviteryvuw4243zi3ua199','04:e7:59:7b:8d:3c-b1:3a:69:d9:6a:0d-c4:7b:08:32:d0:39',243,NULL,NULL,8,NULL,NULL,NULL,NULL,NULL,NULL,NULL,0,0,0,0,1,0,NULL,NULL,NULL,NULL,NULL,'--- !ruby/hash:ActiveSupport::HashWithIndifferentAccess\nlicense_type: single_workplace\nactivation_type: serial_number\noperating_system:\n- windows\n- linux\ninstallation:\n- citrix\n- web\nreference: invoice\nmaintenance_contract: \'false\'\nmaintenance_currency: CHF\n','2016-11-24 14:19:28','2016-11-24 14:19:28'),(253,'1dsx4js2qwh9947kskd1200','6b:4e:1c:18:14:91-68:f7:70:68:1c:75-2f:73:98:80:5e:1b',244,149,241,8,NULL,NULL,'2015-07-02','2016-11-19',NULL,NULL,1320.00,0,0,1,0,2,1,NULL,NULL,NULL,NULL,NULL,'--- !ruby/hash:ActiveSupport::HashWithIndifferentAccess\nanschaffungskategorie: AV-Technik\nreference: invoice\numzug: zgeln\nankunftszustand: intakt\n','2016-11-19 14:19:28','2016-11-19 14:19:28'),(254,'2e4ziia5b5uga3nh1ll3201','be:45:f9:eb:eb:cd-e4:9b:50:d1:6c:da-03:5a:e1:30:23:ac',245,150,242,6,NULL,NULL,'2011-09-22','2016-11-24',NULL,NULL,871.00,0,0,1,0,1,1,NULL,NULL,NULL,NULL,NULL,'--- !ruby/hash:ActiveSupport::HashWithIndifferentAccess\nanschaffungskategorie: AV-Technik\nreference: invoice\numzug: zgeln\nankunftszustand: intakt\n','2016-11-24 14:19:28','2016-11-24 14:19:28'),(255,'r31mmsh50w0yjmzyomjp202','dd:56:24:b0:9e:a8-d0:d3:d3:4e:93:fa-60:89:8f:69:0d:bd',246,NULL,NULL,12,NULL,NULL,NULL,NULL,NULL,NULL,NULL,0,0,0,0,1,0,NULL,NULL,NULL,NULL,NULL,'--- !ruby/hash:ActiveSupport::HashWithIndifferentAccess\nlicense_type: single_workplace\nactivation_type: serial_number\noperating_system:\n- windows\n- linux\ninstallation:\n- citrix\n- web\nprocured_by: Petra Auer\nreference: invoice\nmaintenance_contract: \'false\'\nmaintenance_currency: CHF\n','2016-11-24 14:19:28','2016-11-24 14:19:28'),(256,'fatgjnhwnw8iuww8baw0203','2d:b4:2e:f3:d1:95-f3:d0:21:e3:10:d6-99:31:9d:0b:5b:46',247,NULL,243,1,NULL,NULL,'2013-01-03','2016-11-24',NULL,NULL,1309.00,0,0,1,0,1,1,NULL,NULL,NULL,NULL,NULL,'--- !ruby/hash:ActiveSupport::HashWithIndifferentAccess\nanschaffungskategorie: AV-Technik\nreference: invoice\numzug: zgeln\nankunftszustand: intakt\n','2016-11-24 14:19:28','2016-11-24 14:19:28'),(257,'m4vhhi1a6u3nf8cqe5gv204','90:cf:e3:e5:b2:a3-aa:92:44:1c:c5:0a-15:be:45:9d:43:3d',248,151,244,1,NULL,NULL,'2013-02-25','2016-11-24',NULL,NULL,925.00,0,0,1,0,1,1,NULL,NULL,NULL,NULL,NULL,'--- !ruby/hash:ActiveSupport::HashWithIndifferentAccess\nanschaffungskategorie: AV-Technik\nreference: invoice\numzug: zgeln\nankunftszustand: intakt\n','2016-11-24 14:19:28','2016-11-24 14:19:28'),(258,'qhhlue0avnn0b638aecp205','71:81:05:ed:33:bc-a0:a3:e2:6a:ed:ae-cf:74:6b:75:0a:72',249,152,245,9,NULL,NULL,'2012-01-21','2016-11-24',NULL,NULL,826.00,0,0,1,0,2,1,NULL,NULL,NULL,NULL,NULL,'--- !ruby/hash:ActiveSupport::HashWithIndifferentAccess\nanschaffungskategorie: AV-Technik\nreference: invoice\numzug: zgeln\nankunftszustand: intakt\n','2016-11-24 14:19:28','2016-11-24 14:19:28'),(259,'xgs2fja4a50o40o7aoxv206','59:79:b6:4d:5f:0d-de:3f:d2:42:82:e0-aa:da:bb:39:1c:00',250,153,246,6,NULL,NULL,'2014-09-09','2016-11-24',NULL,NULL,436.00,0,0,1,0,2,1,NULL,NULL,NULL,NULL,NULL,'--- !ruby/hash:ActiveSupport::HashWithIndifferentAccess\nanschaffungskategorie: AV-Technik\nreference: invoice\numzug: zgeln\nankunftszustand: intakt\n','2016-11-24 14:19:28','2016-11-24 14:19:28'),(260,'a46dj5be6iirvf9hsvtc207','26:46:be:a4:96:e7-61:c8:88:e2:41:9d-fa:db:74:d6:dc:ce',251,154,247,2,NULL,NULL,'2015-09-09','2016-11-24',NULL,NULL,882.00,0,0,1,0,2,1,NULL,NULL,NULL,NULL,NULL,'--- !ruby/hash:ActiveSupport::HashWithIndifferentAccess\nanschaffungskategorie: AV-Technik\nreference: invoice\numzug: zgeln\nankunftszustand: intakt\n','2016-11-24 14:19:28','2016-11-24 14:19:28'),(261,'sr7se5fku45qyt7x5pmf208','0f:16:72:e8:e3:15-4e:cf:93:45:2e:75-4b:c0:7d:7d:e5:27',252,155,248,8,NULL,NULL,'2015-04-10','2016-11-24',NULL,NULL,611.00,0,0,1,0,1,1,NULL,NULL,NULL,NULL,NULL,'--- !ruby/hash:ActiveSupport::HashWithIndifferentAccess\nanschaffungskategorie: AV-Technik\nreference: invoice\numzug: zgeln\nankunftszustand: intakt\n','2016-11-24 14:19:28','2016-11-24 14:19:28'),(262,'x2b1k7nobz6y46he2yel209','af:a0:6a:3f:07:54-4b:ab:8b:96:55:5c-b8:19:2f:00:f3:86',253,156,249,8,NULL,NULL,'2012-08-06','2016-11-24',NULL,NULL,349.00,0,0,1,0,1,1,NULL,NULL,NULL,NULL,NULL,'--- !ruby/hash:ActiveSupport::HashWithIndifferentAccess\nanschaffungskategorie: AV-Technik\nreference: invoice\numzug: zgeln\nankunftszustand: intakt\n','2016-11-24 14:19:28','2016-11-24 14:19:28'),(263,'yps3gtumfxirp4gd9xwt210','96:f3:70:65:5a:8b-c3:f3:ae:20:f4:12-ea:36:b4:64:d1:52',254,157,250,3,NULL,NULL,'2012-02-06','2016-11-24',NULL,NULL,166.00,0,0,1,0,1,1,NULL,NULL,NULL,NULL,NULL,'--- !ruby/hash:ActiveSupport::HashWithIndifferentAccess\nanschaffungskategorie: AV-Technik\nreference: invoice\numzug: zgeln\nankunftszustand: intakt\n','2016-11-24 14:19:28','2016-11-24 14:19:28'),(264,'xxugkusnx1rhgj9xx30e211','f3:ec:1b:e1:17:3c-d5:c6:42:f4:c8:09-fb:24:f5:fd:36:e5',255,158,251,1,NULL,NULL,'2013-10-08','2016-11-24',NULL,NULL,802.00,0,0,1,0,1,1,NULL,NULL,NULL,NULL,NULL,'--- !ruby/hash:ActiveSupport::HashWithIndifferentAccess\nanschaffungskategorie: AV-Technik\nreference: invoice\numzug: zgeln\nankunftszustand: intakt\n','2016-11-24 14:19:28','2016-11-24 14:19:28'),(265,'tsw663863cch2zp7v9e3212','8d:85:6c:88:17:fa-64:49:e9:1b:db:d8-b6:68:8d:08:d3:1f',256,159,252,5,NULL,NULL,'2013-12-06','2016-11-24',NULL,NULL,1193.00,0,0,1,0,1,1,NULL,NULL,NULL,NULL,NULL,'--- !ruby/hash:ActiveSupport::HashWithIndifferentAccess\nanschaffungskategorie: AV-Technik\nreference: invoice\numzug: zgeln\nankunftszustand: intakt\n','2016-11-24 14:19:28','2016-11-24 14:19:28'),(266,'oz5nyr0ntsyj2bdcc9tm213','f8:24:b5:90:2b:5c-be:34:54:fa:cd:1b-94:a1:52:e7:4b:91',257,160,253,10,NULL,NULL,'2011-12-30','2016-11-24',NULL,NULL,76.00,0,0,1,0,1,1,NULL,NULL,NULL,NULL,NULL,'--- !ruby/hash:ActiveSupport::HashWithIndifferentAccess\nanschaffungskategorie: AV-Technik\nreference: invoice\numzug: zgeln\nankunftszustand: intakt\n','2016-11-24 14:19:28','2016-11-24 14:19:28'),(267,'xgoo6crhh3ptxbwne5t1214','43:0d:5c:5f:1d:24-37:41:d1:e1:16:48-ee:09:16:65:ea:82',258,161,254,10,NULL,NULL,'2014-12-18','2016-11-24',NULL,NULL,478.00,0,0,1,0,1,1,NULL,NULL,NULL,NULL,NULL,'--- !ruby/hash:ActiveSupport::HashWithIndifferentAccess\nanschaffungskategorie: AV-Technik\nreference: invoice\numzug: zgeln\nankunftszustand: intakt\n','2016-11-24 14:19:28','2016-11-24 14:19:28'),(268,'pnllxs4a8izlo240r1sd215','dc:83:dc:e2:63:ab-38:ae:3b:b6:07:79-94:8e:45:2b:4e:67',259,162,255,10,NULL,NULL,'2014-03-20','2016-11-24',NULL,NULL,1355.00,0,0,1,0,1,1,NULL,NULL,NULL,NULL,NULL,'--- !ruby/hash:ActiveSupport::HashWithIndifferentAccess\nanschaffungskategorie: AV-Technik\nreference: invoice\numzug: zgeln\nankunftszustand: intakt\n','2016-11-24 14:19:28','2016-11-24 14:19:28'),(269,'ho0cyrfdpk3634vdgz49216','b4:5e:5d:83:20:e4-dd:4a:5d:e4:5f:bd-77:de:25:54:96:fe',260,163,256,4,NULL,NULL,'2015-10-10','2016-11-24',NULL,NULL,54.00,0,0,1,0,1,1,NULL,NULL,NULL,NULL,NULL,'--- !ruby/hash:ActiveSupport::HashWithIndifferentAccess\nanschaffungskategorie: AV-Technik\nreference: invoice\numzug: zgeln\nankunftszustand: intakt\n','2016-11-24 14:19:28','2016-11-24 14:19:28'),(270,'yj32g5gfytfdz97wxb7g217','6f:67:74:25:5c:3f-10:e7:ae:ee:2b:25-2e:e9:a6:ec:30:30',261,164,257,3,NULL,NULL,'2014-12-17','2016-11-24',NULL,NULL,824.00,0,0,1,0,1,1,NULL,NULL,NULL,NULL,NULL,'--- !ruby/hash:ActiveSupport::HashWithIndifferentAccess\nanschaffungskategorie: AV-Technik\nreference: invoice\numzug: zgeln\nankunftszustand: intakt\n','2016-11-24 14:19:28','2016-11-24 14:19:28'),(271,'v833pglzveumuwrrro2i218','72:de:24:6d:4f:54-8d:d9:ba:16:70:78-d3:21:9d:0a:d3:79',262,165,258,1,NULL,NULL,'2011-07-09','2016-11-24',NULL,NULL,1061.00,0,0,1,0,1,1,NULL,NULL,NULL,NULL,NULL,'--- !ruby/hash:ActiveSupport::HashWithIndifferentAccess\nanschaffungskategorie: AV-Technik\nreference: invoice\numzug: zgeln\nankunftszustand: intakt\n','2016-11-24 14:19:28','2016-11-24 14:19:28'),(272,'8pjxgh6c2o42w9avvzc4219','9b:72:36:d6:6c:5a-80:ec:b1:9e:f0:08-17:9f:8b:14:e8:27',263,166,259,10,NULL,NULL,'2014-07-10','2016-11-24',NULL,NULL,1186.00,0,0,1,0,1,1,NULL,NULL,NULL,NULL,NULL,'--- !ruby/hash:ActiveSupport::HashWithIndifferentAccess\nanschaffungskategorie: AV-Technik\nreference: invoice\numzug: zgeln\nankunftszustand: intakt\n','2016-11-24 14:19:28','2016-11-24 14:19:28'),(273,'dxcxdd9b6yydwzglbn5s220','c8:88:45:93:5c:c8-33:43:c6:74:18:9e-b5:4e:0a:26:64:32',264,167,260,10,NULL,NULL,'2011-06-10','2016-11-24',NULL,NULL,660.00,0,0,1,0,1,1,NULL,NULL,NULL,NULL,NULL,'--- !ruby/hash:ActiveSupport::HashWithIndifferentAccess\nanschaffungskategorie: AV-Technik\nreference: invoice\numzug: zgeln\nankunftszustand: intakt\n','2016-11-24 14:19:28','2016-11-24 14:19:28'),(274,'bq7s03780oxgyccjadlw221','0a:37:72:98:2b:dd-ee:95:b8:82:cb:6c-1c:4d:b7:87:89:15',265,168,261,1,NULL,NULL,'2011-10-15','2016-11-24',NULL,NULL,227.00,0,0,1,0,1,1,NULL,NULL,NULL,NULL,NULL,'--- !ruby/hash:ActiveSupport::HashWithIndifferentAccess\nanschaffungskategorie: AV-Technik\nreference: invoice\numzug: zgeln\nankunftszustand: intakt\n','2016-11-24 14:19:28','2016-11-24 14:19:28'),(275,'q9roa96qu9ohgylzrp4p222','2c:0e:2a:a4:a5:23-23:1c:13:92:90:ec-de:81:ac:06:f4:d3',266,169,262,5,NULL,NULL,'2014-05-03','2016-11-24',NULL,NULL,210.00,0,0,1,0,1,1,NULL,NULL,NULL,NULL,NULL,'--- !ruby/hash:ActiveSupport::HashWithIndifferentAccess\nanschaffungskategorie: AV-Technik\nreference: invoice\numzug: zgeln\nankunftszustand: intakt\n','2016-11-24 14:19:28','2016-11-24 14:19:28'),(276,'xskw0ak7vm9vladbo2sq223','bd:7d:1c:ca:92:11-30:27:46:e7:97:d9-66:8c:0d:46:66:5e',267,170,263,1,NULL,NULL,'2013-05-08','2016-11-24',NULL,NULL,939.00,0,0,1,0,1,1,NULL,NULL,NULL,NULL,NULL,'--- !ruby/hash:ActiveSupport::HashWithIndifferentAccess\nanschaffungskategorie: AV-Technik\nreference: invoice\numzug: zgeln\nankunftszustand: intakt\n','2016-11-24 14:19:28','2016-11-24 14:19:28'),(277,'u5anl6orznxa1mrjzuih224','00:3f:88:56:1d:a2-40:0f:04:3a:84:69-77:40:fe:af:6c:a1',268,171,264,7,NULL,NULL,'2014-05-22','2016-11-24',NULL,NULL,641.00,0,0,1,0,1,1,NULL,NULL,NULL,NULL,NULL,'--- !ruby/hash:ActiveSupport::HashWithIndifferentAccess\nanschaffungskategorie: AV-Technik\nreference: invoice\numzug: zgeln\nankunftszustand: intakt\n','2016-11-24 14:19:28','2016-11-24 14:19:28'),(278,'7v7qylj9dj9aosj4fpwk225','a7:41:75:62:80:0e-01:92:b8:12:20:33-a6:2f:c2:bd:c5:11',269,172,265,5,NULL,NULL,'2013-05-03','2016-11-24',NULL,NULL,598.00,0,0,1,0,1,1,NULL,NULL,NULL,NULL,NULL,'--- !ruby/hash:ActiveSupport::HashWithIndifferentAccess\nanschaffungskategorie: AV-Technik\nreference: invoice\numzug: zgeln\nankunftszustand: intakt\n','2016-11-24 14:19:28','2016-11-24 14:19:28'),(279,'xeqegkws86exghiopb3m226','ce:f5:ac:74:7c:ed-3d:80:23:f3:c1:ce-26:36:6e:a8:16:e8',270,173,266,5,NULL,NULL,'2011-03-19','2016-11-24',NULL,NULL,309.00,0,0,1,0,1,1,NULL,NULL,NULL,NULL,NULL,'--- !ruby/hash:ActiveSupport::HashWithIndifferentAccess\nanschaffungskategorie: AV-Technik\nreference: invoice\numzug: zgeln\nankunftszustand: intakt\n','2016-11-24 14:19:28','2016-11-24 14:19:28'),(280,'fiptwpt7t6hrta7r0si2227','c9:00:5f:bf:2c:1f-a8:29:6b:86:84:00-7c:65:4d:75:03:cc',271,174,267,6,NULL,NULL,'2013-09-24','2016-11-19',NULL,NULL,195.00,0,0,1,0,1,1,NULL,NULL,NULL,NULL,NULL,'--- !ruby/hash:ActiveSupport::HashWithIndifferentAccess\nanschaffungskategorie: AV-Technik\nreference: invoice\numzug: zgeln\nankunftszustand: intakt\n','2016-11-19 14:19:28','2016-11-19 14:19:28'),(281,'v9e7m46b0pwh5osq9jij228','b2:41:98:e7:58:ac-a1:97:55:32:ae:f4-ff:fd:68:6d:95:f3',272,175,268,11,NULL,NULL,'2011-07-28','2016-11-19',NULL,NULL,966.00,0,0,1,0,1,1,NULL,NULL,NULL,NULL,NULL,'--- !ruby/hash:ActiveSupport::HashWithIndifferentAccess\nanschaffungskategorie: AV-Technik\nreference: invoice\numzug: zgeln\nankunftszustand: intakt\n','2016-11-19 14:19:28','2016-11-19 14:19:28'),(282,'n5kl6b5s9ctxh4u2mifo229','9d:fa:05:48:2f:f1-9d:ae:a5:d6:1c:3e-47:19:1e:e0:18:e1',273,176,269,8,NULL,NULL,'2012-10-21','2016-11-19',NULL,NULL,152.00,0,0,1,0,1,1,NULL,NULL,NULL,NULL,NULL,'--- !ruby/hash:ActiveSupport::HashWithIndifferentAccess\nanschaffungskategorie: AV-Technik\nreference: invoice\numzug: zgeln\nankunftszustand: intakt\n','2016-11-19 14:19:28','2016-11-19 14:19:28'),(283,'jsl0x4hzjvtukialk5ui230','b5:25:3e:60:18:c4-4a:3c:5e:18:57:3c-9f:21:ce:d1:22:a3',274,177,270,3,NULL,NULL,'2012-10-05','2016-11-21',NULL,NULL,13.00,0,0,1,0,1,1,NULL,NULL,NULL,NULL,NULL,'--- !ruby/hash:ActiveSupport::HashWithIndifferentAccess\nanschaffungskategorie: AV-Technik\nreference: invoice\numzug: zgeln\nankunftszustand: intakt\n','2016-11-21 14:19:28','2016-11-21 14:19:28'),(284,'pbcfk73yu6buql9otakh231','b2:5f:88:c7:19:8a-a4:77:c4:a0:b8:e4-ff:10:90:54:83:d5',275,178,271,4,NULL,NULL,'2015-09-02','2016-11-21',NULL,NULL,820.00,0,0,1,0,1,1,NULL,NULL,NULL,NULL,NULL,'--- !ruby/hash:ActiveSupport::HashWithIndifferentAccess\nanschaffungskategorie: AV-Technik\nreference: invoice\numzug: zgeln\nankunftszustand: intakt\n','2016-11-21 14:19:28','2016-11-21 14:19:28'),(285,'gnb3l0c64x2s9rssdo3a232','77:67:20:f1:a3:45-9e:2a:33:9b:fa:5a-2c:00:da:8e:63:db',276,179,272,1,NULL,NULL,'2013-03-30','2016-11-21',NULL,NULL,727.00,0,0,1,0,1,1,NULL,NULL,NULL,NULL,NULL,'--- !ruby/hash:ActiveSupport::HashWithIndifferentAccess\nanschaffungskategorie: AV-Technik\nreference: invoice\numzug: zgeln\nankunftszustand: intakt\n','2016-11-21 14:19:28','2016-11-21 14:19:28'),(286,'1l4o45my1zeqy8woenjt233','a2:96:a9:82:6b:0b-a9:49:91:18:c2:7b-50:54:eb:1a:0f:c1',277,180,273,5,NULL,NULL,'2015-01-16','2016-11-21',NULL,NULL,46.00,0,0,1,0,1,1,NULL,NULL,NULL,NULL,NULL,'--- !ruby/hash:ActiveSupport::HashWithIndifferentAccess\nanschaffungskategorie: AV-Technik\nreference: invoice\numzug: zgeln\nankunftszustand: intakt\n','2016-11-21 14:19:28','2016-11-21 14:19:28'),(287,'glu3ul27z702if0jarjx234','c4:1d:96:60:ca:c7-ef:25:35:cd:4f:ea-15:ab:42:9f:5e:d3',278,181,274,4,NULL,NULL,'2011-09-03','2016-11-21',NULL,NULL,21.00,0,0,1,0,1,1,NULL,NULL,NULL,NULL,NULL,'--- !ruby/hash:ActiveSupport::HashWithIndifferentAccess\nanschaffungskategorie: AV-Technik\nreference: invoice\numzug: zgeln\nankunftszustand: intakt\n','2016-11-21 14:19:28','2016-11-21 14:19:28');
/*!40000 ALTER TABLE `items` ENABLE KEYS */;
UNLOCK TABLES;

--
-- Table structure for table `languages`
--

DROP TABLE IF EXISTS `languages`;
/*!40101 SET @saved_cs_client     = @@character_set_client */;
/*!40101 SET character_set_client = utf8 */;
CREATE TABLE `languages` (
  `id` int(11) NOT NULL AUTO_INCREMENT,
  `name` varchar(255) COLLATE utf8_unicode_ci DEFAULT NULL,
  `locale_name` varchar(255) COLLATE utf8_unicode_ci DEFAULT NULL,
  `default` tinyint(1) DEFAULT NULL,
  `active` tinyint(1) DEFAULT NULL,
  PRIMARY KEY (`id`),
  UNIQUE KEY `index_languages_on_name` (`name`),
  KEY `index_languages_on_active_and_default` (`active`,`default`)
) ENGINE=InnoDB AUTO_INCREMENT=5 DEFAULT CHARSET=utf8 COLLATE=utf8_unicode_ci;
/*!40101 SET character_set_client = @saved_cs_client */;

--
-- Dumping data for table `languages`
--

LOCK TABLES `languages` WRITE;
/*!40000 ALTER TABLE `languages` DISABLE KEYS */;
INSERT INTO `languages` VALUES (1,'English (UK)','en-GB',1,1),(2,'English (US)','en-US',0,1),(3,'Deutsch','de-CH',0,1),(4,'Zrittsch','gsw-CH',0,1);
/*!40000 ALTER TABLE `languages` ENABLE KEYS */;
UNLOCK TABLES;

--
-- Table structure for table `locations`
--

DROP TABLE IF EXISTS `locations`;
/*!40101 SET @saved_cs_client     = @@character_set_client */;
/*!40101 SET character_set_client = utf8 */;
CREATE TABLE `locations` (
  `id` int(11) NOT NULL AUTO_INCREMENT,
  `room` varchar(255) COLLATE utf8_unicode_ci DEFAULT NULL,
  `shelf` varchar(255) COLLATE utf8_unicode_ci DEFAULT NULL,
  `building_id` int(11) DEFAULT NULL,
  PRIMARY KEY (`id`),
  KEY `index_locations_on_building_id` (`building_id`),
  CONSTRAINT `locations_building_id_fk` FOREIGN KEY (`building_id`) REFERENCES `buildings` (`id`)
) ENGINE=InnoDB AUTO_INCREMENT=182 DEFAULT CHARSET=utf8 COLLATE=utf8_unicode_ci;
/*!40101 SET character_set_client = @saved_cs_client */;

--
-- Dumping data for table `locations`
--

LOCK TABLES `locations` WRITE;
/*!40000 ALTER TABLE `locations` DISABLE KEYS */;
INSERT INTO `locations` VALUES (1,'SQ2','Desk',1),(2,'UG 13','Ausgabe',1),(3,'Architectosit','rerumet',2),(4,'Istepraesentium','animiqui',3),(5,'Adipiscicumque','fugiteum',4),(6,'Quiaplaceat','illumofficiis',5),(7,'Corporisiure','maioreset',6),(8,'Omnisdolore','doloremrerum',7),(9,'Quamdistinctio','necessitatibussunt',8),(10,'Oditsapiente','quosillo',9),(11,'Voluptatesaliquid','doloremvoluptatum',10),(12,'Illummolestiae','etvelit',11),(13,'Maiorestempore','voluptasassumenda',12),(14,'Repellatofficiis','itaqueomnis',13),(15,'Similiquevoluptatem','corporisfacere',14),(16,'Etaut','nequesit',15),(17,'Temporaneque','veroiure',16),(18,'Essequi','facilisquibusdam',17),(19,'Quismodi','etexcepturi',18),(20,'Asperioresipsam','architectoquibusdam',19),(21,'Nequerepellat','expeditadolores',20),(22,'Voluptatemnulla','expeditaconsequatur',21),(23,'Voluptatemfuga','etsed',22),(24,'Etvel','explicaboet',23),(25,'Possimusiusto','beataeplaceat',24),(26,'Idconsequatur','distinctioculpa',25),(27,'Repellatqui','uterror',26),(28,'Hicsit','cumquos',27),(29,'Abfacilis','velitlaboriosam',28),(30,'Nemoodit','facereblanditiis',29),(31,'Voluptatemdistinctio','etvoluptatum',30),(32,'Dictareprehenderit','undeet',31),(33,'Nonvoluptatem','iustosit',32),(34,'Totamet','enimconsequatur',33),(35,'Autnisi','recusandaenon',34),(36,'Optiorecusandae','consequaturet',35),(37,'Quiacommodi','culpaassumenda',36),(38,'Voluptatumperferendis','beataecumque',37),(39,'Autvero','veniamodit',38),(40,'Exvoluptatem','asperioresearum',39),(41,'Doloresest','doloremconsequatur',40),(42,'Exercitationemtempore','quamreiciendis',41),(43,'Sintquibusdam','numquamvoluptatibus',42),(44,'Oditenim','dolorumtempore',43),(45,'Consequaturoptio','itaquefacere',44),(46,'Voluptasnatus','quiut',45),(47,'Suntomnis','illoaperiam',46),(48,'Quasomnis','autemet',47),(49,'Aspernaturvoluptatem','molestiasut',48),(50,'Blanditiisqui','velcorporis',49),(51,'Accusamusquas','namdolores',50),(52,'Vitaeid','dolorevoluptas',51),(53,'Molestiaerepellat','quolibero',52),(54,'Quassuscipit','nihilmolestiae',53),(55,'Sedet','corruptiesse',54),(56,'Nemoest','molestiasautem',55),(57,'Rerumomnis','atvoluptates',56),(58,'Dignissimosomnis','voluptatemfacilis',57),(59,'Recusandaeex','quibusdameius',58),(60,'Perspiciatisoptio','sitrepellat',59),(61,'Dolorecorrupti','quidemminima',60),(62,'Ipsumest','itaquebeatae',61),(63,'Molestiaedelectus','accusantiumdolorem',62),(64,'Autemdeserunt','undetenetur',63),(65,'Consequunturrerum','dignissimosminus',64),(66,'Istetempore','estquos',65),(67,'Voluptatemea','sintdeleniti',66),(68,'Quasiquaerat','suntquo',67),(69,'Eosest','nesciuntplaceat',68),(70,'Molestiaenostrum','sitamet',69),(71,'Idnecessitatibus','etnihil',70),(72,'Repudiandaecupiditate','optiodolores',71),(73,'Debitisiure','autvoluptatem',72),(74,'Assumendaesse','temporibusconsequuntur',73),(75,'Harumcorrupti','maximemaiores',74),(76,'Exercitationemtemporibus','nobisillum',75),(77,'Enimdolores','iddolor',76),(78,'Etomnis','eiusodio',77),(79,'Voluptasrerum','quiaofficiis',78),(80,'Doloresa','nostrumeos',79),(81,'Suscipitipsa','etdolorem',80),(82,'Nullaconsequuntur','quiseos',81),(83,'Inciduntvoluptatem','nonnihil',82),(84,'Voluptatemin','rationerecusandae',83),(85,'Ipsumsimilique','occaecatisint',84),(86,'Autiusto','adiusto',85),(87,'Solutaomnis','quassed',86),(88,'Quodaut','nostrumquia',87),(89,'Consequatursint','inciduntrepellendus',88),(90,'Explicaboqui','doloremquibusdam',89),(91,'Quiaplaceat','essequi',90),(92,'Utcumque','velqui',91),(93,'Idexplicabo','omnisqui',92),(94,'Fugaet','omnisvoluptatem',93),(95,'Excepturiratione','cupiditateodio',94),(96,'Abut','quiaaut',95),(97,'Hicesse','eligendiquo',96),(98,'Quasiprovident','porroquam',97),(99,'Autemomnis','nobisiure',98),(100,'Sedaut','quosvoluptatem',99),(101,'Rerumblanditiis','corruptiquo',100),(102,'Sedqui','placeatasperiores',101),(103,'Invero','pariaturmolestias',102),(104,'Auteminventore','temporeconsequatur',103),(105,'Sedconsequatur','doloremquequi',104),(106,'Reprehenderitut','dolorein',105),(107,'Pariaturdelectus','quiaconsequuntur',106),(108,'Consequatursint','accusantiumconsectetur',107),(109,'Eaquisquam','magniquia',108),(110,'Etperspiciatis','impeditomnis',109),(111,'Omnismaiores','quidoloribus',110),(112,'Inaut','evenietcum',111),(113,'Atquevel','laboriosamsuscipit',112),(114,'Quiunde','adipisciquis',113),(115,'Expeditaut','quibusdamveritatis',114),(116,'Aliquamatque','minimapariatur',115),(117,'Laborereiciendis','utut',116),(118,'Aspernaturmaxime','autdolores',117),(119,'Dolorumofficia','quisofficia',118),(120,'Minimaaccusantium','magniqui',119),(121,'Voluptasmodi','ipsafuga',120),(122,'Istenam','minuset',121),(123,'Commodidolore','aspernaturrerum',122),(124,'Etnihil','hicconsectetur',123),(125,'Quirerum','eaexercitationem',124),(126,'Quivoluptatibus','mollitiaomnis',125),(127,'Aperiamvoluptates','necessitatibusaut',126),(128,'Animiconsequatur','animiest',127),(129,'Dolorescumque','ametquia',128),(130,'Officiaaut','occaecativitae',129),(131,'Accusamusquisquam','quosquaerat',130),(132,'Quibusdamrepudiandae','animimagnam',131),(133,'Molestiaevel','voluptateperspiciatis',132),(134,'Nisiquisquam','aperiamquisquam',133),(135,'Fugiatsunt','temporaveritatis',134),(136,'Nisiipsum','minimanatus',135),(137,'Nisiaut','ipsamnihil',136),(138,'Ipsaducimus','etodio',137),(139,'Fugiatquae','voluptatemqui',138),(140,'Voluptatemblanditiis','suntet',139),(141,'Veroiure','commodiet',140),(142,'Nequetemporibus','eligendianimi',141),(143,'Fugitsaepe','eumaut',142),(144,'Quiaaut','oditquos',143),(145,'Utaut','maximedistinctio',144),(146,'Quisesse','distinctioiste',145),(147,'Dolorumexercitationem','providentut',146),(148,'Voluptatemnesciunt','etet',147),(149,'Aliquidquasi','doloresnumquam',148),(150,'Doloribussaepe','similiqueautem',149),(151,'Quidemofficia','harumdoloremque',150),(152,'Velquia','quicum',151),(153,'Perspiciatisea','cumet',152),(154,'Tenetursint','delenitiinventore',153),(155,'Perferendismagni','voluptasconsequatur',154),(156,'Reprehenderitnon','iustosequi',155),(157,'Quasiofficia','ipsamautem',156),(158,'Autet','accusantiumvoluptas',157),(159,'Utsapiente','atunde',158),(160,'Dignissimossed','deseruntfugiat',159),(161,'Delenitiest','essedebitis',160),(162,'Quiahic','illumaliquid',161),(163,'Namest','distinctiorerum',162),(164,'Facerefacilis','nihildolorum',163),(165,'Pariaturqui','commodised',164),(166,'Abet','innecessitatibus',165),(167,'Eta','assumendanecessitatibus',166),(168,'Voluptatumreiciendis','sedinventore',167),(169,'Modisit','consequaturpraesentium',168),(170,'Ipsapraesentium','vitaeconsectetur',169),(171,'Expeditaconsectetur','fugiatnobis',170),(172,'Adipiscivoluptatem','voluptasut',171),(173,'Estfacilis','maximesit',172),(174,'Nullaunde','consequaturdeserunt',173),(175,'Intempore','doloremtenetur',174),(176,'Consecteturminima','ipsaet',175),(177,'Teneturducimus','perspiciatisnihil',176),(178,'Consequaturvelit','autest',177),(179,'Aquae','dolorsint',178),(180,'Velodit','dignissimosfugit',179),(181,'Ametullam','quoconsectetur',180);
/*!40000 ALTER TABLE `locations` ENABLE KEYS */;
UNLOCK TABLES;

--
-- Table structure for table `model_group_links`
--

DROP TABLE IF EXISTS `model_group_links`;
/*!40101 SET @saved_cs_client     = @@character_set_client */;
/*!40101 SET character_set_client = utf8 */;
CREATE TABLE `model_group_links` (
  `id` int(11) NOT NULL AUTO_INCREMENT,
  `ancestor_id` int(11) DEFAULT NULL,
  `descendant_id` int(11) DEFAULT NULL,
  `direct` tinyint(1) DEFAULT NULL,
  `count` int(11) DEFAULT NULL,
  `label` varchar(255) COLLATE utf8_unicode_ci DEFAULT NULL,
  PRIMARY KEY (`id`),
  KEY `index_model_group_links_on_ancestor_id` (`ancestor_id`),
  KEY `index_model_group_links_on_direct` (`direct`),
  KEY `index_on_descendant_id_and_ancestor_id_and_direct` (`descendant_id`,`ancestor_id`,`direct`),
  CONSTRAINT `model_group_links_descendant_id_fk` FOREIGN KEY (`descendant_id`) REFERENCES `model_groups` (`id`) ON DELETE CASCADE,
  CONSTRAINT `model_group_links_ancestor_id_fk` FOREIGN KEY (`ancestor_id`) REFERENCES `model_groups` (`id`) ON DELETE CASCADE
) ENGINE=InnoDB AUTO_INCREMENT=9 DEFAULT CHARSET=utf8 COLLATE=utf8_unicode_ci;
/*!40101 SET character_set_client = @saved_cs_client */;

--
-- Dumping data for table `model_group_links`
--

LOCK TABLES `model_group_links` WRITE;
/*!40000 ALTER TABLE `model_group_links` DISABLE KEYS */;
INSERT INTO `model_group_links` VALUES (1,2,8,1,1,NULL),(2,5,9,1,1,NULL),(3,1,9,1,1,NULL),(4,2,10,1,1,NULL),(5,5,10,1,1,NULL),(6,1,11,0,1,NULL),(7,5,11,0,1,NULL),(8,9,11,1,1,NULL);
/*!40000 ALTER TABLE `model_group_links` ENABLE KEYS */;
UNLOCK TABLES;

--
-- Table structure for table `model_groups`
--

DROP TABLE IF EXISTS `model_groups`;
/*!40101 SET @saved_cs_client     = @@character_set_client */;
/*!40101 SET character_set_client = utf8 */;
CREATE TABLE `model_groups` (
  `id` int(11) NOT NULL AUTO_INCREMENT,
  `type` varchar(255) COLLATE utf8_unicode_ci DEFAULT NULL,
  `name` varchar(255) COLLATE utf8_unicode_ci DEFAULT NULL,
  `created_at` datetime DEFAULT NULL,
  `updated_at` datetime DEFAULT NULL,
  PRIMARY KEY (`id`),
  KEY `index_model_groups_on_type` (`type`)
) ENGINE=InnoDB AUTO_INCREMENT=15 DEFAULT CHARSET=utf8 COLLATE=utf8_unicode_ci;
/*!40101 SET character_set_client = @saved_cs_client */;

--
-- Dumping data for table `model_groups`
--

LOCK TABLES `model_groups` WRITE;
/*!40000 ALTER TABLE `model_groups` DISABLE KEYS */;
INSERT INTO `model_groups` VALUES (1,'Category','Beamer','2016-11-24 14:19:28','2016-11-24 14:19:28'),(2,'Category','Kameras','2016-11-24 14:19:28','2016-11-24 14:19:28'),(3,'Category','Stative','2016-11-24 14:19:28','2016-11-24 14:19:28'),(4,'Category','Hifi-Anlagen','2016-11-24 14:19:28','2016-11-24 14:19:28'),(5,'Category','Notebooks','2016-11-24 14:19:28','2016-11-24 14:19:28'),(6,'Category','RC Helikopter','2016-11-24 14:19:28','2016-11-24 14:19:28'),(7,'Category','Computer','2016-11-24 14:19:28','2016-11-24 14:19:28'),(8,'Category','Kurzdistanz','2016-11-24 14:19:28','2016-11-24 14:19:28'),(9,'Category','Portabel','2016-11-24 14:19:28','2016-11-24 14:19:28'),(10,'Category','Standard','2016-11-24 14:19:28','2016-11-24 14:19:28'),(11,'Category','Micro','2016-11-24 14:19:28','2016-11-24 14:19:28'),(12,'Template','Kamera & Stativ','2016-11-24 14:19:28','2016-11-24 14:19:28'),(13,'Template','Beamer & Hifi','2016-11-24 14:19:28','2016-11-24 14:19:28'),(14,'Template','Unaccomplishable template','2016-11-24 14:19:28','2016-11-24 14:19:28');
/*!40000 ALTER TABLE `model_groups` ENABLE KEYS */;
UNLOCK TABLES;

--
-- Table structure for table `model_links`
--

DROP TABLE IF EXISTS `model_links`;
/*!40101 SET @saved_cs_client     = @@character_set_client */;
/*!40101 SET character_set_client = utf8 */;
CREATE TABLE `model_links` (
  `id` int(11) NOT NULL AUTO_INCREMENT,
  `model_group_id` int(11) DEFAULT NULL,
  `model_id` int(11) DEFAULT NULL,
  `quantity` int(11) DEFAULT '1',
  PRIMARY KEY (`id`),
  KEY `index_model_links_on_model_id_and_model_group_id` (`model_id`,`model_group_id`),
  KEY `index_model_links_on_model_group_id_and_model_id` (`model_group_id`,`model_id`),
  CONSTRAINT `model_links_model_id_fk` FOREIGN KEY (`model_id`) REFERENCES `models` (`id`) ON DELETE CASCADE,
  CONSTRAINT `model_links_model_group_id_fk` FOREIGN KEY (`model_group_id`) REFERENCES `model_groups` (`id`) ON DELETE CASCADE
) ENGINE=InnoDB AUTO_INCREMENT=74 DEFAULT CHARSET=utf8 COLLATE=utf8_unicode_ci;
/*!40101 SET character_set_client = @saved_cs_client */;

--
-- Dumping data for table `model_links`
--

LOCK TABLES `model_links` WRITE;
/*!40000 ALTER TABLE `model_links` DISABLE KEYS */;
INSERT INTO `model_links` VALUES (1,1,24,1),(2,1,25,1),(3,1,26,1),(4,1,27,1),(5,1,28,1),(6,1,29,1),(7,1,30,1),(8,1,31,1),(9,1,32,1),(10,1,33,1),(11,1,34,1),(12,1,35,1),(13,1,36,1),(14,1,37,1),(15,1,38,1),(16,1,39,1),(17,1,40,1),(18,1,41,1),(19,1,42,1),(20,1,43,1),(21,2,44,1),(22,2,45,1),(23,2,46,1),(24,2,47,1),(25,2,48,1),(26,2,49,1),(27,2,50,1),(28,2,51,1),(29,2,52,1),(30,2,53,1),(31,2,54,1),(32,2,55,1),(33,2,56,1),(34,2,57,1),(35,2,58,1),(36,2,59,1),(37,2,60,1),(38,2,61,1),(39,2,62,1),(40,2,63,1),(41,2,64,1),(42,2,65,1),(43,2,66,1),(44,2,67,1),(45,2,68,1),(46,2,69,1),(47,2,70,1),(48,2,71,1),(49,2,72,1),(50,2,73,1),(51,5,1,1),(52,1,2,1),(53,9,2,1),(54,1,3,1),(55,1,4,1),(56,1,6,1),(57,9,6,1),(58,11,7,1),(59,2,8,1),(60,3,9,1),(61,4,10,1),(62,2,13,1),(63,5,14,1),(64,6,15,1),(65,6,16,1),(66,6,17,1),(67,7,18,1),(68,12,8,1),(69,12,9,1),(70,13,2,1),(71,13,10,1),(72,14,8,1),(73,14,9,1);
/*!40000 ALTER TABLE `model_links` ENABLE KEYS */;
UNLOCK TABLES;

--
-- Table structure for table `models`
--

DROP TABLE IF EXISTS `models`;
/*!40101 SET @saved_cs_client     = @@character_set_client */;
/*!40101 SET character_set_client = utf8 */;
CREATE TABLE `models` (
  `id` int(11) NOT NULL AUTO_INCREMENT,
  `type` varchar(255) COLLATE utf8_unicode_ci NOT NULL DEFAULT 'Model',
  `manufacturer` varchar(255) COLLATE utf8_unicode_ci DEFAULT NULL,
  `product` varchar(255) COLLATE utf8_unicode_ci NOT NULL,
  `version` varchar(255) COLLATE utf8_unicode_ci DEFAULT NULL,
  `description` text COLLATE utf8_unicode_ci,
  `internal_description` text COLLATE utf8_unicode_ci,
  `info_url` varchar(255) COLLATE utf8_unicode_ci DEFAULT NULL,
  `rental_price` decimal(8,2) DEFAULT NULL,
  `maintenance_period` int(11) DEFAULT '0',
  `is_package` tinyint(1) DEFAULT '0',
  `technical_detail` text COLLATE utf8_unicode_ci,
  `hand_over_note` text COLLATE utf8_unicode_ci,
  `created_at` datetime DEFAULT NULL,
  `updated_at` datetime DEFAULT NULL,
  PRIMARY KEY (`id`),
  KEY `index_models_on_is_package` (`is_package`),
  KEY `index_models_on_type` (`type`)
) ENGINE=InnoDB AUTO_INCREMENT=279 DEFAULT CHARSET=utf8 COLLATE=utf8_unicode_ci;
/*!40101 SET character_set_client = @saved_cs_client */;

--
-- Dumping data for table `models`
--

LOCK TABLES `models` WRITE;
/*!40000 ALTER TABLE `models` DISABLE KEYS */;
INSERT INTO `models` VALUES (1,'Model','Apple','MacBookPro',NULL,'Laptop fr Studis und Angestellte.','Quisquam doloremque quos nesciunt dolorem et quae est atque.',NULL,NULL,0,0,'Velit dolorum doloribus quaerat omnis.','Mit Verpackung aushndigen.','2016-11-24 14:19:28','2016-11-24 14:19:28'),(2,'Model','Sharp','Sharp Beamer','123','Beamer, geeignet fr alle Verwendungszwecke.','Modi esse id sunt temporibus a asperiores incidunt.',NULL,NULL,0,0,'Iusto aut qui omnis inventore.','Beamer braucht ein VGA Kabel!','2016-11-24 14:19:28','2016-11-24 14:19:28'),(3,'Model','Sharp','Sharp Beamer 2D',NULL,'Beamer, geeignet fr alle Verwendungszwecke.','Eos reiciendis est cumque ut sit animi.',NULL,NULL,0,0,'Architecto corporis et quod quis ea sequi iure magni.','In quia voluptatum ad alias.','2016-11-24 14:19:28','2016-11-24 14:19:28'),(4,'Model','Panasonic','Mini Beamer',NULL,'Beamer, geeignet fr alle Verwendungszwecke.','Velit accusamus vero et amet eligendi.',NULL,NULL,0,0,'Sit odit nisi qui ullam autem qui voluptatem.','Omnis doloribus iusto aliquid dolorem.','2016-11-24 14:19:28','2016-11-24 14:19:28'),(5,'Model','Panasonic','Sharp Beamer','456','Beamer, geeignet fr alle Verwendungszwecke.','Omnis iusto est ut consequuntur nobis.',NULL,NULL,0,0,'Molestias esse nam ipsa.','Beamer braucht ein VGA Kabel!','2016-11-24 14:19:28','2016-11-24 14:19:28'),(6,'Model','Sony','Ultra Compact Beamer',NULL,'Besonders kleiner Beamer.','Et voluptates ducimus dolorem.',NULL,NULL,0,0,'Beatae quia eum suscipit qui quisquam qui consequatur.','Beamer braucht ein VGA Kabel!','2016-11-24 14:19:28','2016-11-24 14:19:28'),(7,'Model','Micro','Micro Beamer',NULL,'Besonders mikro kleiner Beamer.','Rerum rerum voluptatem quod aut debitis et.',NULL,NULL,0,0,'Ut quia eos eligendi optio.','Beamer braucht ein VGA Kabel!','2016-11-24 14:19:28','2016-11-24 14:19:28'),(8,'Model','Nikon','Kamera Nikon','X12','Super Kamera.','Aut fugit delectus vero odio commodi aliquid ut.',NULL,NULL,0,0,'Dolorem placeat numquam et eligendi alias non quia doloremque.','Kamera braucht Akkus!','2016-11-24 14:19:28','2016-11-24 14:19:28'),(9,'Model','Feli','Kamera Stativ','123','Stabiles Kamera Stativ','Perferendis provident et dolores.',NULL,NULL,0,0,'Soluta dignissimos maxime ratione laudantium reprehenderit.','Stativ muss mit Stativtasche ausgehndigt werden.','2016-11-24 14:19:28','2016-11-24 14:19:28'),(10,'Model','Sony','Hifi Standard',NULL,'Nam ipsa qui error.','Sequi aperiam quis et quis.',NULL,NULL,3,0,'Nam accusantium tempora cupiditate non vel molestiae magni tempore.','Voluptatem amet harum et possimus non maxime fugit molestiae.','2016-11-24 14:19:28','2016-11-24 14:19:28'),(11,'Model','Bose','Bose AE2W',NULL,'Libero incidunt omnis ad dolorem est. Est id et. Ea earum voluptatum autem alias voluptas. Aperiam est reprehenderit dolorem.','Quis quas ut error eum consequatur.',NULL,NULL,2,0,'Ullam voluptas doloribus sint sit expedita.','Eum repellat nostrum neque sequi aspernatur.','2016-11-24 14:19:28','2016-11-24 14:19:28'),(12,'Model','Bose','Bose XG4',NULL,'Harum non eum reiciendis. Temporibus consequatur veritatis modi cum. Accusantium qui culpa optio sit autem magnam illo.','Deserunt et libero ratione vel et.',NULL,NULL,1,0,'Nesciunt debitis est laborum aut labore.','Aut eum doloribus autem in aut commodi nobis.','2016-11-24 14:19:28','2016-11-24 14:19:28'),(13,'Model','Canon','Kamera Canon D5',NULL,'Ganz teure Kamera','Animi tempore consectetur ea.',NULL,NULL,0,0,'Amet consequatur voluptatum autem quis dolorum ullam deleniti.','Kamera braucht Akkus!','2016-11-24 14:19:28','2016-11-24 14:19:28'),(14,'Model','Microsoft','Windows Laptop',NULL,'Ein Laptop der Marke Microsoft','Quia ratione veniam eligendi praesentium fuga.',NULL,NULL,0,0,'Fugiat nostrum officia cumque.','Laptop mit Tasche ausgeben','2016-11-24 14:19:28','2016-11-24 14:19:28'),(15,'Model','Walkera','Walkera v120','1G','3D Helikopter','Et vitae enim similique.',NULL,NULL,0,0,'Eos voluptatem vel odit dolor et commodi.','Ipsum et facilis beatae eaque ut nesciunt minus architecto.','2016-11-24 14:19:28','2016-11-24 14:19:28'),(16,'Model','Walkera','Walkera v120','2G','3D Helikopter','Officia suscipit eos hic similique qui.',NULL,NULL,0,0,'Est qui dignissimos voluptatum quia qui recusandae.','Nostrum provident voluptatem laborum maxime autem recusandae molestias enim.','2016-11-24 14:19:28','2016-11-24 14:19:28'),(17,'Model','Walkera','Walkera v120','3G','3D Helikopter','Harum maiores id et.',NULL,NULL,0,0,'Eum odit error animi dolorum.','Iusto voluptate consequatur officiis aut dolorem.','2016-11-24 14:19:28','2016-11-24 14:19:28'),(18,'Model','Apple','iMac',NULL,'Apples alter iMac','Necessitatibus ducimus non qui quas et non.',NULL,NULL,0,0,'Repellat eum laboriosam voluptatem eos est vitae eveniet nihil.','Rem nobis harum voluptas.','2016-11-24 14:19:28','2016-11-24 14:19:28'),(19,'Model','Apple','MacBook Air',NULL,'Voluptate accusantium fugit dignissimos aperiam quia.','Sint ut minus et id praesentium dolore vitae voluptatem.',NULL,NULL,0,0,'Rerum ut et laboriosam minima.','Nihil provident adipisci tenetur doloribus non.','2016-11-24 14:19:28','2016-11-24 14:19:28'),(20,'Model','Lenovo','Thinkpad','X230','Sit pariatur molestiae aut eaque placeat minima voluptatibus dolor.','Quis eveniet id commodi suscipit.',NULL,NULL,0,0,'Dolorum expedita iure molestias ut est blanditiis labore qui.','Dolorum a quia omnis et consequatur dolor delectus.','2016-11-24 14:19:28','2016-11-24 14:19:28'),(21,'Model','Lenovo','Thinkpad','X301','Molestias sed aliquam nulla quasi id ab aut ut.','Sequi aut fuga dolorem.',NULL,NULL,0,0,'Consequatur sunt aut tenetur est qui.','Rerum omnis omnis asperiores iste nulla.','2016-11-24 14:19:28','2016-11-24 14:19:28'),(22,'Model','Lenovo','Thinkpad','Carbon','Exercitationem consequatur quia unde quibusdam molestiae vero et.','Nihil ipsam similique eveniet sit rem libero laboriosam ab.',NULL,NULL,0,0,'Veritatis cupiditate quis magnam rerum voluptatem vero tenetur.','Aut laudantium quia rem consectetur adipisci quaerat.','2016-11-24 14:19:28','2016-11-24 14:19:28'),(23,'Model','Dell','Inspiron','7000','Distinctio aspernatur excepturi eum aut delectus omnis.','Nisi est iure illum.',NULL,NULL,0,0,'Molestiae et et repellat vitae similique saepe.','Magnam sit unde corrupti numquam et repellendus illum.','2016-11-24 14:19:28','2016-11-24 14:19:28'),(24,'Model','Sony','Beamer 1 architecto','1','Optio alias dolor officia totam cumque.','Odit explicabo aut natus quas veniam.',NULL,NULL,0,0,'Deserunt facere aliquam ratione ipsam adipisci in reprehenderit repellendus.','Beamer braucht ein VGA Kabel!','2016-11-24 14:19:28','2016-11-24 14:19:28'),(25,'Model','Sony','Beamer 2 ex','2','Aliquid sint similique in velit et corrupti saepe.','Ipsam velit a hic nisi earum officia enim veniam.',NULL,NULL,0,0,'Cumque qui nobis aperiam accusantium praesentium voluptas.','Beamer braucht ein VGA Kabel!','2016-11-24 14:19:28','2016-11-24 14:19:28'),(26,'Model','Sony','Beamer 3 corporis','3','Provident aliquam quae dicta autem autem quos sit qui.','Ipsa consequatur iste suscipit.',NULL,NULL,0,0,'Laudantium accusamus voluptas in sit quas iure facilis.','Beamer braucht ein VGA Kabel!','2016-11-24 14:19:28','2016-11-24 14:19:28'),(27,'Model','Sony','Beamer 4 ea','4','Ipsam dolorem excepturi eveniet dicta facilis.','A aut reprehenderit omnis omnis voluptatibus occaecati quas.',NULL,NULL,0,0,'Minus qui rem illum commodi et ut expedita molestias.','Beamer braucht ein VGA Kabel!','2016-11-24 14:19:28','2016-11-24 14:19:28'),(28,'Model','Sony','Beamer 5 commodi','5','Enim molestiae molestias dolores culpa voluptatem similique nostrum provident.','Ex dolore numquam magnam aspernatur.',NULL,NULL,0,0,'Velit sed iste officia.','Beamer braucht ein VGA Kabel!','2016-11-24 14:19:28','2016-11-24 14:19:28'),(29,'Model','Sony','Beamer 6 praesentium','6','Sapiente adipisci doloremque vel.','Eos deleniti incidunt id enim cupiditate omnis adipisci eum.',NULL,NULL,0,0,'Iusto et eius ad libero consequatur ut.','Beamer braucht ein VGA Kabel!','2016-11-24 14:19:28','2016-11-24 14:19:28'),(30,'Model','Sony','Beamer 7 sed','7','Qui magnam ut omnis error praesentium.','Quae delectus tempora aspernatur animi deserunt.',NULL,NULL,0,0,'Eveniet assumenda rem quae quas.','Beamer braucht ein VGA Kabel!','2016-11-24 14:19:28','2016-11-24 14:19:28'),(31,'Model','Sony','Beamer 8 tempore','8','Sunt consequatur fugit non nostrum aut laboriosam nihil.','Qui odio consequatur numquam itaque sit cupiditate dolorem.',NULL,NULL,0,0,'Est sequi cupiditate vel illum voluptatibus reprehenderit a ducimus.','Beamer braucht ein VGA Kabel!','2016-11-24 14:19:28','2016-11-24 14:19:28'),(32,'Model','Sony','Beamer 9 dignissimos','9','Est ex dolores consequatur.','Perferendis ratione impedit a et laborum sit.',NULL,NULL,0,0,'Nobis suscipit aut et aut voluptatum.','Beamer braucht ein VGA Kabel!','2016-11-24 14:19:28','2016-11-24 14:19:28'),(33,'Model','Sony','Beamer 10 explicabo','10','Expedita sequi ea commodi fugiat.','Consectetur harum voluptatem ut quo.',NULL,NULL,0,0,'Adipisci sed quas ut eius aperiam.','Beamer braucht ein VGA Kabel!','2016-11-24 14:19:28','2016-11-24 14:19:28'),(34,'Model','Sony','Beamer 11 quia','11','Sint eaque molestiae dicta quam nesciunt et a.','Qui minus tempora omnis quo commodi aliquam temporibus aspernatur.',NULL,NULL,0,0,'Soluta asperiores corporis ut labore.','Beamer braucht ein VGA Kabel!','2016-11-24 14:19:28','2016-11-24 14:19:28'),(35,'Model','Sony','Beamer 12 vitae','12','Eius mollitia illo aliquam.','Consequatur alias iure perspiciatis.',NULL,NULL,0,0,'Praesentium at autem velit.','Beamer braucht ein VGA Kabel!','2016-11-24 14:19:28','2016-11-24 14:19:28'),(36,'Model','Sony','Beamer 13 et','13','Dolor labore tempora ea.','Exercitationem magni eum quas.',NULL,NULL,0,0,'Aperiam tempora ea voluptatem et ullam.','Beamer braucht ein VGA Kabel!','2016-11-24 14:19:28','2016-11-24 14:19:28'),(37,'Model','Sony','Beamer 14 corporis','14','Dolor sunt id ut sint.','Fugit consequatur quis corporis.',NULL,NULL,0,0,'Facilis debitis incidunt molestiae consequatur et autem non.','Beamer braucht ein VGA Kabel!','2016-11-24 14:19:28','2016-11-24 14:19:28'),(38,'Model','Sony','Beamer 15 quo','15','Id possimus qui nihil.','Ea numquam optio illum.',NULL,NULL,0,0,'Nisi quidem dolores ea nam voluptates mollitia.','Beamer braucht ein VGA Kabel!','2016-11-24 14:19:28','2016-11-24 14:19:28'),(39,'Model','Sony','Beamer 16 consequatur','16','Omnis architecto voluptatem est aut occaecati.','Numquam voluptate quis tempore ut.',NULL,NULL,0,0,'Sit doloribus culpa sunt nam officiis.','Beamer braucht ein VGA Kabel!','2016-11-24 14:19:28','2016-11-24 14:19:28'),(40,'Model','Sony','Beamer 17 id','17','Qui dolor est sit optio quod autem.','Deleniti temporibus sapiente odit cumque quod placeat est suscipit.',NULL,NULL,0,0,'Eveniet ducimus aperiam omnis.','Beamer braucht ein VGA Kabel!','2016-11-24 14:19:28','2016-11-24 14:19:28'),(41,'Model','Sony','Beamer 18 quo','18','Natus deserunt eos quia iusto cum autem quis.','Dicta et perferendis eaque hic sit eum.',NULL,NULL,0,0,'Cupiditate voluptates eligendi dignissimos.','Beamer braucht ein VGA Kabel!','2016-11-24 14:19:28','2016-11-24 14:19:28'),(42,'Model','Sony','Beamer 19 est','19','Quasi ea quas alias sit qui sit optio.','Qui qui sunt placeat est iure reprehenderit dolor.',NULL,NULL,0,0,'Quia voluptas incidunt ipsa tempora ipsum sint.','Beamer braucht ein VGA Kabel!','2016-11-24 14:19:28','2016-11-24 14:19:28'),(43,'Model','Sony','Beamer 20 maiores','20','Qui dicta molestiae inventore totam ullam.','Est omnis neque ut saepe vitae autem molestiae.',NULL,NULL,0,0,'Nam esse earum possimus ex soluta aut incidunt est.','Beamer braucht ein VGA Kabel!','2016-11-24 14:19:28','2016-11-24 14:19:28'),(44,'Model','Nikon','Kameras 1 qui','21','Molestiae corrupti nesciunt fuga consectetur natus dolore maxime dolorem.','Nemo velit molestiae dicta similique error non qui.',NULL,NULL,0,0,'Odit adipisci ab quisquam sed natus quo.',NULL,'2016-11-24 14:19:28','2016-11-24 14:19:28'),(45,'Model','Nikon','Kameras 2 et','22','Nisi sit consequuntur aperiam itaque praesentium.','Vel modi veniam aut ex laborum quidem ipsa quibusdam.',NULL,NULL,0,0,'Sunt quo ut cum accusamus est voluptatem cupiditate occaecati.',NULL,'2016-11-24 14:19:28','2016-11-24 14:19:28'),(46,'Model','Nikon','Kameras 3 amet','23','Quia adipisci et quidem corrupti commodi ut.','Amet sit est nostrum excepturi aperiam.',NULL,NULL,0,0,'Qui ea quos porro aut error dolore aut et.',NULL,'2016-11-24 14:19:28','2016-11-24 14:19:28'),(47,'Model','Nikon','Kameras 4 placeat','24','Sed odit dolorem omnis saepe corporis.','Aspernatur sequi aut quod facere.',NULL,NULL,0,0,'Numquam harum corrupti illum nostrum quam perspiciatis quo incidunt.',NULL,'2016-11-24 14:19:28','2016-11-24 14:19:28'),(48,'Model','Nikon','Kameras 5 et','25','Consectetur laudantium non aut.','Recusandae placeat nesciunt est et vel molestiae dolores.',NULL,NULL,0,0,'Hic dicta atque commodi quos veritatis cupiditate impedit.',NULL,'2016-11-24 14:19:28','2016-11-24 14:19:28'),(49,'Model','Nikon','Kameras 6 voluptatum','26','Sapiente id omnis repellat dolore et.','Beatae iste ad veritatis tempore mollitia qui non.',NULL,NULL,0,0,'Quis dolore aliquam praesentium earum voluptatem sit quos omnis.',NULL,'2016-11-24 14:19:28','2016-11-24 14:19:28'),(50,'Model','Nikon','Kameras 7 quibusdam','27','Aut debitis magni sed.','Enim hic molestiae explicabo ut asperiores ullam.',NULL,NULL,0,0,'Amet in saepe quo possimus totam quis nesciunt sed.',NULL,'2016-11-24 14:19:28','2016-11-24 14:19:28'),(51,'Model','Nikon','Kameras 8 unde','28','Sit voluptatem autem vitae error.','Non culpa est possimus mollitia dolores illo praesentium qui.',NULL,NULL,0,0,'Quia suscipit expedita dolor.',NULL,'2016-11-24 14:19:28','2016-11-24 14:19:28'),(52,'Model','Nikon','Kameras 9 optio','29','Aliquid nemo reprehenderit pariatur neque.','Ducimus qui excepturi sunt repellendus et dicta laborum voluptatem.',NULL,NULL,0,0,'Rerum voluptas architecto quidem quae.',NULL,'2016-11-24 14:19:28','2016-11-24 14:19:28'),(53,'Model','Nikon','Kameras 10 consequatur','30','Atque sunt quo quam non inventore aperiam labore.','Quod aut necessitatibus nesciunt quis.',NULL,NULL,0,0,'Sed quo ratione quia possimus sunt beatae molestias labore.',NULL,'2016-11-24 14:19:28','2016-11-24 14:19:28'),(54,'Model','Nikon','Kameras 11 sed','31','Velit quasi ex rerum dolore ut.','In suscipit et libero quos numquam modi.',NULL,NULL,0,0,'Molestiae exercitationem architecto dolorem et.',NULL,'2016-11-24 14:19:28','2016-11-24 14:19:28'),(55,'Model','Nikon','Kameras 12 nihil','32','Consectetur esse ab est qui nulla.','Dignissimos sed eum ut adipisci labore maiores et.',NULL,NULL,0,0,'Non dicta laborum et facilis totam nihil.',NULL,'2016-11-24 14:19:28','2016-11-24 14:19:28'),(56,'Model','Nikon','Kameras 13 labore','33','Dicta mollitia delectus libero dolores in omnis pariatur.','Esse rem incidunt veniam unde.',NULL,NULL,0,0,'Quod veniam facilis aliquam.',NULL,'2016-11-24 14:19:28','2016-11-24 14:19:28'),(57,'Model','Nikon','Kameras 14 consequuntur','34','Et et quia sed reprehenderit architecto.','Ea in modi reiciendis asperiores rerum velit placeat.',NULL,NULL,0,0,'Facere in amet accusantium.',NULL,'2016-11-24 14:19:28','2016-11-24 14:19:28'),(58,'Model','Nikon','Kameras 15 asperiores','35','Nisi non et cum amet cupiditate et.','Quibusdam omnis cumque in dolor.',NULL,NULL,0,0,'Qui vel numquam commodi ut necessitatibus id adipisci.',NULL,'2016-11-24 14:19:28','2016-11-24 14:19:28'),(59,'Model','Nikon','Kameras 16 maiores','36','Dolor sunt et repellendus reprehenderit reiciendis totam sit dolorem.','Aperiam sit voluptatem vel vitae ab ipsa quas.',NULL,NULL,0,0,'Illum cumque omnis laudantium ut velit nisi sequi nesciunt.',NULL,'2016-11-24 14:19:28','2016-11-24 14:19:28'),(60,'Model','Nikon','Kameras 17 a','37','Sunt maiores a aut.','Fugiat eveniet tempore eos et.',NULL,NULL,0,0,'Velit aut doloremque ut iste est quas ea.',NULL,'2016-11-24 14:19:28','2016-11-24 14:19:28'),(61,'Model','Nikon','Kameras 18 voluptas','38','Occaecati sit distinctio non.','Assumenda in et et accusantium.',NULL,NULL,0,0,'Tempore at aliquid temporibus explicabo sit blanditiis ut vero.',NULL,'2016-11-24 14:19:28','2016-11-24 14:19:28'),(62,'Model','Nikon','Kameras 19 id','39','Est aperiam reprehenderit veniam a ex nihil ut delectus.','Ducimus architecto aut minus qui cum quia.',NULL,NULL,0,0,'Veniam est velit doloremque.',NULL,'2016-11-24 14:19:28','2016-11-24 14:19:28'),(63,'Model','Nikon','Kameras 20 quia','40','Consectetur suscipit voluptatem asperiores ratione atque vel voluptate.','Quod neque ut sint cum corrupti deleniti.',NULL,NULL,0,0,'Delectus facere est aliquid pariatur id.',NULL,'2016-11-24 14:19:28','2016-11-24 14:19:28'),(64,'Model','Nikon','Kameras 21 natus','41','Dolores et assumenda quas quod voluptatem molestias voluptas dolorem.','Odit dolor consectetur voluptates.',NULL,NULL,0,0,'Et consectetur quia et.',NULL,'2016-11-24 14:19:28','2016-11-24 14:19:28'),(65,'Model','Nikon','Kameras 22 voluptas','42','Iste quia sed voluptatem est nobis vel dolorem.','Provident quam a tempore ipsa non id ut.',NULL,NULL,0,0,'Sit et fugit rerum alias odio adipisci quis sint.',NULL,'2016-11-24 14:19:28','2016-11-24 14:19:28'),(66,'Model','Nikon','Kameras 23 explicabo','43','Consequuntur consequatur eum velit fugiat aut doloribus corrupti esse.','Quam accusantium illo harum quos est.',NULL,NULL,0,0,'Distinctio aut vitae modi a et enim.',NULL,'2016-11-24 14:19:28','2016-11-24 14:19:28'),(67,'Model','Nikon','Kameras 24 quia','44','Vel eveniet laboriosam aliquid explicabo cupiditate.','Est ut voluptatibus est sit aut occaecati consectetur.',NULL,NULL,0,0,'Aperiam fuga ipsum illum.',NULL,'2016-11-24 14:19:28','2016-11-24 14:19:28'),(68,'Model','Nikon','Kameras 25 id','45','Et accusantium deleniti illum voluptatem quia facilis.','Laudantium dignissimos quaerat sed natus inventore quas.',NULL,NULL,0,0,'Facilis dignissimos sint eos ut enim rem.',NULL,'2016-11-24 14:19:28','2016-11-24 14:19:28'),(69,'Model','Nikon','Kameras 26 rerum','46','Ea quia nisi autem repellendus repellat.','Reiciendis atque accusamus iusto occaecati cupiditate ea.',NULL,NULL,0,0,'Eaque fugiat dolorem dolore quo.',NULL,'2016-11-24 14:19:28','2016-11-24 14:19:28'),(70,'Model','Nikon','Kameras 27 voluptatem','47','Ad consequatur odio eum.','Maxime odio quaerat culpa voluptatem.',NULL,NULL,0,0,'Est sit velit eos blanditiis nostrum.',NULL,'2016-11-24 14:19:28','2016-11-24 14:19:28'),(71,'Model','Nikon','Kameras 28 sunt','48','Voluptas qui labore minima iste non.','Magni hic et explicabo impedit laboriosam ut beatae modi.',NULL,NULL,0,0,'Qui assumenda qui dolores temporibus sit repudiandae et ut.',NULL,'2016-11-24 14:19:28','2016-11-24 14:19:28'),(72,'Model','Nikon','Kameras 29 explicabo','49','Autem tempore magni illum delectus ea.','At cumque delectus quis pariatur temporibus qui autem.',NULL,NULL,0,0,'Qui sunt dolores iste vel.',NULL,'2016-11-24 14:19:28','2016-11-24 14:19:28'),(73,'Model','Nikon','Kameras 30 rem','50','Voluptatibus ut ullam sed earum est dolores.','Dolores et tempore sint veritatis omnis voluptatem quibusdam.',NULL,NULL,0,0,'Voluptas ea neque voluptate.',NULL,'2016-11-24 14:19:28','2016-11-24 14:19:28'),(74,'Software','Hermiston, Marvin and Sporer','Adobe Acrobat','51',NULL,NULL,NULL,NULL,0,0,'test http://test.ch\\r\nwww.foo.ch\\r\njust a text',NULL,'2016-11-24 14:19:28','2016-11-24 14:19:28'),(75,'Software','Morissette, Koepp and Terry','MS Word','52',NULL,NULL,NULL,NULL,0,0,'test http://test.ch\\r\nwww.foo.ch\\r\njust a text',NULL,'2016-11-24 14:19:28','2016-11-24 14:19:28'),(76,'Software','Marquardt and Sons','Small Cotton Pants','53',NULL,NULL,NULL,NULL,0,0,NULL,NULL,'2016-11-24 14:19:28','2016-11-24 14:19:28'),(77,'Software','Roberts-Welch','Practical Steel Shirt','54',NULL,NULL,NULL,NULL,0,0,NULL,NULL,'2016-11-24 14:19:28','2016-11-24 14:19:28'),(78,'Software','Bergstrom-Mueller','Sleek Steel Gloves','55',NULL,NULL,NULL,NULL,0,0,NULL,NULL,'2016-11-24 14:19:28','2016-11-24 14:19:28'),(79,'Software','Hessel, Hoppe and Herzog','Intelligent Rubber Hat','56',NULL,NULL,NULL,NULL,0,0,NULL,NULL,'2016-11-24 14:19:28','2016-11-24 14:19:28'),(80,'Software','Smith, Rau and Skiles','Awesome Steel Hat','57',NULL,NULL,NULL,NULL,0,0,NULL,NULL,'2016-11-24 14:19:28','2016-11-24 14:19:28'),(81,'Software','Hackett Group','Fantastic Rubber Car','58',NULL,NULL,NULL,NULL,0,0,NULL,NULL,'2016-11-24 14:19:28','2016-11-24 14:19:28'),(82,'Software','Erdman LLC','Practical Rubber Hat','59',NULL,NULL,NULL,NULL,0,0,NULL,NULL,'2016-11-24 14:19:28','2016-11-24 14:19:28'),(83,'Software','Bernier Inc','Practical Cotton Car','60',NULL,NULL,NULL,NULL,0,0,NULL,NULL,'2016-11-24 14:19:28','2016-11-24 14:19:28'),(84,'Software','Dibbert, Reynolds and Spinka','Ergonomic Plastic Car','61',NULL,NULL,NULL,NULL,0,0,NULL,NULL,'2016-11-24 14:19:28','2016-11-24 14:19:28'),(85,'Software','Pacocha LLC','Sleek Plastic Gloves','62',NULL,NULL,NULL,NULL,0,0,NULL,NULL,'2016-11-24 14:19:28','2016-11-24 14:19:28'),(86,'Model','Sawayn and Sons','Kamera Set','63','Pariatur cumque quas asperiores nemo ratione et et.','Non optio asperiores veniam omnis est eius fuga.',NULL,NULL,3,1,'Repellendus qui architecto aut omnis.','Deserunt qui vitae quis sit nihil quibusdam quos quidem.','2016-11-24 14:19:28','2016-11-24 14:19:28'),(87,'Model','Bartell and Sons','Practical Wooden Shoes','64','Doloremque quisquam velit molestias sequi dolor quidem enim.','Consequatur rem non autem debitis optio.',NULL,NULL,1,0,'Ut ea error alias.','Voluptates cum nesciunt praesentium.','2016-11-24 14:19:28','2016-11-24 14:19:28'),(88,'Model','White-Fisher','Ergonomic Rubber Shirt','65','Voluptatem asperiores illo voluptas voluptas.','Sed aperiam sit enim.',NULL,NULL,1,0,'Voluptatem dolores et ex praesentium similique.','Dolor repellendus quas est sunt qui numquam ut.','2016-11-24 14:19:28','2016-11-24 14:19:28'),(89,'Model','Wiza and Sons','Intelligent Granite Table','66','Delectus architecto atque quia assumenda.','Nihil voluptas illo quaerat.',NULL,NULL,0,0,'Ipsam odit blanditiis rem voluptas error.','Tenetur ut eos adipisci et magnam quisquam.','2016-11-24 14:19:28','2016-11-24 14:19:28'),(90,'Model','Pollich and Sons','Practical Concrete Computer','67','Aliquid est et possimus odit ducimus velit dolorum.','Sit veritatis laborum qui qui.',NULL,NULL,2,0,'Ipsam occaecati eum commodi nulla molestias alias.','Cumque et voluptas perspiciatis.','2016-11-24 14:19:28','2016-11-24 14:19:28'),(91,'Model','Johns, Bradtke and Langworth','Gorgeous Cotton Hat','68','Et qui temporibus pariatur totam doloremque.','Labore vero saepe reiciendis vitae inventore delectus.',NULL,NULL,3,0,'Inventore officia est porro voluptatem sed ea sit provident.','Quo quidem sequi id voluptas.','2016-11-24 14:19:28','2016-11-24 14:19:28'),(92,'Model','Rice, Pagac and Bruen','Ergonomic Concrete Hat','69','Molestiae quis quam ex suscipit fugit quos.','Laudantium suscipit voluptas est.',NULL,NULL,1,0,'Aut earum rem ratione maiores.','Iusto eius quia quasi explicabo ducimus.','2016-11-24 14:19:28','2016-11-24 14:19:28'),(93,'Model','Kshlerin Inc','Sleek Rubber Computer','70','Autem quia quis consequatur.','Voluptatem molestias reprehenderit non ratione ducimus velit consectetur.',NULL,NULL,2,0,'In rerum aut iste quo reiciendis laborum quae.','Officia et placeat neque.','2016-11-24 14:19:28','2016-11-24 14:19:28'),(94,'Model','Balistreri, Beier and Dibbert','Incredible Concrete Gloves','71','Eum quis tempora dolorem sunt suscipit voluptatem.','Tempora hic dolorum neque sed et excepturi qui deleniti.',NULL,NULL,0,0,'Perspiciatis rerum vero ducimus saepe.','Nobis aspernatur eos doloribus omnis nesciunt.','2016-11-24 14:19:28','2016-11-24 14:19:28'),(95,'Model','McGlynn, O\'Kon and Kutch','Incredible Granite Car','72','Ut quo aliquid accusamus soluta deleniti.','Neque commodi et rerum enim dolor.',NULL,NULL,3,0,'Quam qui quod doloremque.','Optio temporibus sed illum.','2016-11-24 14:19:28','2016-11-24 14:19:28'),(96,'Model','Lynch Group','Intelligent Rubber Gloves','73','Officiis necessitatibus accusamus tenetur deleniti.','Voluptas voluptatem ut dolorum esse et voluptas dolores.',NULL,NULL,1,0,'Eius soluta dignissimos rem atque.','Non unde quibusdam laboriosam voluptas aspernatur ipsum quia.','2016-11-24 14:19:28','2016-11-24 14:19:28'),(97,'Model','Wolf-Zulauf','Intelligent Steel Computer','74','Voluptates incidunt sunt aspernatur.','Tempora rerum voluptas voluptatum sunt similique recusandae.',NULL,NULL,2,0,'Ratione aut fugiat dolorem dolore qui ut dicta laudantium.','Soluta consequatur vero in dolore.','2016-11-24 14:19:28','2016-11-24 14:19:28'),(98,'Model','Green-Boyle','Practical Concrete Shirt','75','Quis eaque omnis eligendi libero nostrum voluptas.','Omnis fugit est cupiditate totam laboriosam.',NULL,NULL,0,0,'Voluptas doloremque praesentium nihil.','Earum amet aut quae alias veritatis.','2016-11-24 14:19:28','2016-11-24 14:19:28'),(99,'Model','Hirthe, Kuvalis and Hansen','Kamera Set2','76','Dolorum ut velit rerum autem vero amet eligendi fuga.','Qui optio enim sunt ea.',NULL,NULL,0,1,'Rerum saepe in tenetur facere.','Dolorum quos quasi exercitationem molestiae labore aut.','2016-11-24 14:19:28','2016-11-24 14:19:28'),(100,'Model','Schoen and Sons','Gorgeous Wooden Hat','77','Fuga odit repellendus sapiente incidunt vel sequi.','Tempore nostrum cumque ipsa atque.',NULL,NULL,0,0,'Nihil aut ex voluptas et non perspiciatis architecto.','Qui atque illo voluptatem ab iste quasi et.','2016-11-24 14:19:28','2016-11-24 14:19:28'),(101,'Model','Ritchie-Kozey','Fantastic Cotton Gloves','78','Voluptates vel delectus temporibus perspiciatis laboriosam hic.','Molestiae veniam ipsa vero qui repellat saepe aspernatur.',NULL,NULL,3,0,'Harum placeat ipsam ad et optio.','Officia iure possimus natus optio ut est et quidem.','2016-11-24 14:19:28','2016-11-24 14:19:28'),(102,'Model','Homenick-Braun','Awesome Steel Computer','79','At ipsum unde quam voluptatibus quibusdam.','Quibusdam veniam enim quisquam.',NULL,NULL,1,0,'Provident laudantium similique consequatur non natus quos at odio.','Et non voluptas laboriosam et minima eos rerum odit.','2016-11-24 14:19:28','2016-11-24 14:19:28'),(103,'Model','Morar, Feil and Nikolaus','Awesome Cotton Table','80','Facilis et voluptatem reprehenderit omnis amet deleniti doloremque consequatur.','Incidunt non voluptas deserunt quia voluptatem eum voluptas dolor.',NULL,NULL,2,0,'Dignissimos aut tempore tenetur distinctio earum dolores.','Quasi non ratione aspernatur sed repudiandae necessitatibus deleniti culpa.','2016-11-24 14:19:28','2016-11-24 14:19:28'),(104,'Model','Miller, Pagac and Deckow','Ergonomic Cotton Gloves','81','Et nostrum perferendis voluptatem blanditiis.','Rerum autem ea assumenda quia quis vitae.',NULL,NULL,2,0,'Perspiciatis quo et dolores cumque iste et.','Neque suscipit deserunt et voluptas explicabo numquam eos.','2016-11-24 14:19:28','2016-11-24 14:19:28'),(105,'Model','O\'Conner, Bashirian and Beier','Gorgeous Wooden Car','82','Vel enim vel voluptatem et repellendus perspiciatis dolorum.','Officiis totam vel vel provident iste rem.',NULL,NULL,0,0,'Debitis aut ipsam est ab numquam dicta a harum.','Quis totam qui quia.','2016-11-24 14:19:28','2016-11-24 14:19:28'),(106,'Model','Rohan, Schumm and Schroeder','Intelligent Wooden Computer','83','Doloribus similique suscipit ex harum aut at voluptatem et.','Amet atque magnam esse nisi consequuntur.',NULL,NULL,3,0,'Harum provident rerum magnam.','Officiis vitae error occaecati nam fugit.','2016-11-24 14:19:28','2016-11-24 14:19:28'),(107,'Model','Friesen Inc','Awesome Concrete Hat','84','Dignissimos totam dolor esse quia iste.','Ea et est aut temporibus quod modi quia.',NULL,NULL,0,0,'Aut id omnis rerum.','Quis quam nemo placeat non.','2016-11-24 14:19:28','2016-11-24 14:19:28'),(108,'Model','Prosacco-Rodriguez','Rustic Wooden Computer','85','Consequatur consequatur fuga nihil necessitatibus facere sed inventore dolorum.','Quae et facere veritatis perferendis sapiente.',NULL,NULL,0,0,'Ducimus magni non dignissimos quia rem.','Id vel tenetur placeat sed.','2016-11-24 14:19:28','2016-11-24 14:19:28'),(109,'Model','Bernhard and Sons','Gorgeous Steel Car','90','Itaque dolore et aliquid qui.','Perspiciatis quos nulla dignissimos aut blanditiis tempore et veniam.',NULL,NULL,1,0,'Explicabo molestiae debitis molestias.','Libero esse dolorum magni iste numquam et neque doloribus.','2016-11-24 14:19:28','2016-11-24 14:19:28'),(110,'Model','Mayert-Ratke','Incredible Granite Chair','91','Assumenda omnis error nulla ut fugit sed impedit.','Omnis eos fugiat facilis amet nihil.',NULL,NULL,3,0,'Possimus quia nam eos quia et dignissimos quibusdam animi.','Deserunt nihil sit laboriosam ut est molestiae eius.','2016-11-24 14:19:28','2016-11-24 14:19:28'),(111,'Model','Miller LLC','Fantastic Granite Table','92','Praesentium amet pariatur aut.','Earum ut modi dicta cumque.',NULL,NULL,1,0,'Itaque harum voluptas omnis consequuntur molestias adipisci ipsam possimus.','Nobis nam aliquam expedita omnis rem sequi omnis.','2016-11-24 14:19:28','2016-11-24 14:19:28'),(112,'Model','Schoen Inc','Awesome Concrete Car','93','Accusamus architecto non velit error.','Fugit impedit numquam inventore nobis.',NULL,NULL,3,0,'Quia eius non molestias placeat itaque.','Vitae cum quos tempore excepturi similique consequatur nihil.','2016-11-24 14:19:28','2016-11-24 14:19:28'),(113,'Model','Keebler-Kilback','Incredible Plastic Pants','94','Laborum in facilis officia.','Dolor ipsum est est provident ratione.',NULL,NULL,2,0,'Modi omnis facilis quis id et possimus totam incidunt.','Et non ducimus cumque odit dolore reprehenderit.','2016-11-24 14:19:28','2016-11-24 14:19:28'),(114,'Model','Lockman, Conroy and O\'Conner','Ergonomic Steel Pants','95','Et fuga est consequuntur blanditiis aspernatur vel.','Eius voluptatibus mollitia nulla.',NULL,NULL,0,0,'Mollitia et deleniti necessitatibus iure velit veniam.','Nobis illum est amet aut corrupti.','2016-11-24 14:19:28','2016-11-24 14:19:28'),(115,'Model','Schoen-Wunsch','Small Steel Hat','96','Soluta qui a rerum voluptatem maxime veritatis voluptas unde.','Nihil temporibus ut omnis consequatur et occaecati velit ad.',NULL,NULL,3,0,'Laboriosam qui voluptas qui ullam dolorum incidunt.','Consequatur nostrum aliquid nemo.','2016-11-24 14:19:28','2016-11-24 14:19:28'),(116,'Model','McLaughlin-Hagenes','Practical Plastic Shirt','97','Debitis dolore et veritatis sint molestiae quis.','Dolores ad perspiciatis illo tempore dolores rerum qui minus.',NULL,NULL,2,0,'In architecto eos voluptatem.','Ut labore culpa maxime sunt dolor ab.','2016-11-24 14:19:28','2016-11-24 14:19:28'),(117,'Model','Mohr, Marvin and Pollich','Small Concrete Chair','98','Eius eum nesciunt enim necessitatibus id veniam libero ratione.','Quos blanditiis laboriosam in.',NULL,NULL,2,0,'Quia veritatis voluptas dolore.','Voluptas accusamus ipsum minus voluptates qui at soluta quidem.','2016-11-24 14:19:28','2016-11-24 14:19:28'),(118,'Model','Powlowski Inc','Intelligent Steel Car','99','Aut veniam quos ad accusamus.','Placeat esse facere soluta animi possimus laboriosam rerum.',NULL,NULL,2,0,'Quia ut numquam alias explicabo.','Velit et quaerat rerum dolorem libero maxime.','2016-11-24 14:19:28','2016-11-24 14:19:28'),(119,'Model','Spinka Group','Sleek Granite Chair','100','Et ut qui quo voluptas voluptatem rerum enim.','Qui autem eveniet ducimus molestiae.',NULL,NULL,1,0,'Nostrum voluptas maiores quaerat perspiciatis recusandae rerum.','Sint eligendi a facere assumenda aut voluptate nostrum.','2016-11-24 14:19:28','2016-11-24 14:19:28'),(120,'Model','Lueilwitz, DuBuque and Stoltenberg','Small Wooden Pants','101','Ut quisquam quasi deserunt ea voluptas facilis.','Et odio quo enim necessitatibus.',NULL,NULL,3,0,'Accusamus ut veniam voluptas repellat alias aut.','Ab sed nihil ut quia explicabo in.','2016-11-24 14:19:28','2016-11-24 14:19:28'),(121,'Model','D\'Amore-Durgan','Fantastic Steel Gloves','102','Qui placeat aut aperiam laudantium recusandae.','Velit voluptatem molestias dolor facilis quisquam.',NULL,NULL,3,0,'Repellat beatae eaque qui.','Maxime voluptatem assumenda voluptatibus.','2016-11-24 14:19:28','2016-11-24 14:19:28'),(122,'Model','Dickinson, Heathcote and Howell','Sleek Plastic Shirt','103','Dolorem odio aut et.','Modi est rerum quo.',NULL,NULL,3,0,'Odit nulla velit harum qui rerum.','Est quo sed facilis quos impedit voluptas officiis sint.','2016-11-24 14:19:28','2016-11-24 14:19:28'),(123,'Model','Mraz, Gutkowski and Mayert','Ergonomic Rubber Pants','104','Laborum nihil fugit sint est sint nostrum.','Dolor id animi deserunt voluptatem est delectus voluptas fugiat.',NULL,NULL,1,0,'Fugiat voluptas molestias culpa et qui soluta tempora.','Libero eaque deleniti cupiditate nemo ea voluptate voluptatem molestias.','2016-11-24 14:19:28','2016-11-24 14:19:28'),(124,'Model','Bruen-Rolfson','Awesome Wooden Pants','105','Officiis nam nulla repellendus voluptatibus.','Ad quam a dolorum dicta.',NULL,NULL,1,0,'Facere alias sit aperiam quod provident itaque.','Laboriosam rerum numquam a ut quia doloremque exercitationem quis.','2016-11-24 14:19:28','2016-11-24 14:19:28'),(125,'Model','Jakubowski-Brakus','Awesome Granite Pants','106','Dicta veniam est qui impedit error.','Blanditiis ut consequuntur vitae maxime dolores sit.',NULL,NULL,2,0,'Aut dignissimos ut laborum et explicabo.','Quia occaecati sit dolores eveniet numquam nihil ea.','2016-11-24 14:19:28','2016-11-24 14:19:28'),(126,'Model','Klocko, Farrell and Rice','Sleek Granite Shoes','107','Quia itaque dolorem aut neque aut maiores et.','Eveniet quae consequatur dolores enim animi et enim dignissimos.',NULL,NULL,0,0,'Ut eos qui sed saepe.','Mollitia dicta laudantium explicabo ut earum aliquam inventore.','2016-11-24 14:19:28','2016-11-24 14:19:28'),(127,'Model','Ratke Inc','Small Granite Computer','108','Voluptatibus aut quasi architecto.','Dicta qui id ad voluptas animi enim qui qui.',NULL,NULL,1,0,'Expedita necessitatibus excepturi eum maxime dicta.','Quis dolorem vel reiciendis ducimus quam voluptatem.','2016-11-24 14:19:28','2016-11-24 14:19:28'),(128,'Model','Moen, Jakubowski and Funk','Awesome Rubber Shirt','109','Earum explicabo aspernatur fuga sint aut molestiae autem.','Magnam esse ducimus sed ut eligendi.',NULL,NULL,0,0,'Voluptatem atque sequi odio ipsam ut.','Qui perspiciatis in ea expedita animi facere autem ipsam.','2016-11-24 14:19:28','2016-11-24 14:19:28'),(129,'Model','Bauch Group','Gorgeous Cotton Gloves','110','Occaecati iure praesentium omnis.','Voluptatem doloremque iste molestias quis minus.',NULL,NULL,3,0,'Natus quaerat ut in sit ut iusto culpa ut.','Molestias maxime sint perspiciatis.','2016-11-24 14:19:28','2016-11-24 14:19:28'),(130,'Model','Towne and Sons','Incredible Cotton Table','111','Corporis quasi quam repellat architecto ut reiciendis laudantium debitis.','Aut et enim et.',NULL,NULL,0,0,'Iste et quia architecto illum quidem.','Nostrum tenetur adipisci omnis vel.','2016-11-24 14:19:28','2016-11-24 14:19:28'),(131,'Model','Veum Inc','Practical Wooden Gloves','112','Quaerat aut molestiae consequuntur odit quis.','Quasi quo voluptatem commodi architecto dolore hic consequatur.',NULL,NULL,0,0,'Illo aut aliquid expedita doloribus quia quae non accusamus.','Repellendus accusamus quia in.','2016-11-24 14:19:28','2016-11-24 14:19:28'),(132,'Model','Walsh Group','Small Steel Car','113','Unde iusto aut sit hic aut optio molestiae qui.','Velit quia totam ad sequi modi dolorem ut tenetur.',NULL,NULL,1,0,'Illum sequi dolor consequatur vero tempora ad maiores iusto.','Illo vero atque dicta.','2016-11-24 14:19:28','2016-11-24 14:19:28'),(133,'Model','Graham-Reilly','Practical Wooden Pants','114','Aperiam et necessitatibus ea est omnis quod ipsam aut.','Quas aut velit quo.',NULL,NULL,2,0,'Sed quia voluptatum eius tempora alias quia assumenda quod.','Beatae quo quae cumque laboriosam ut aut tempore maiores.','2016-11-24 14:19:28','2016-11-24 14:19:28'),(134,'Model','McGlynn and Sons','Practical Wooden Hat','115','Distinctio ipsam consequuntur non adipisci quae dolor repellat.','Minus magnam aliquid et.',NULL,NULL,0,0,'Quibusdam rerum rem repellendus laudantium.','Fuga qui fugit ipsa impedit qui quod libero.','2016-11-24 14:19:28','2016-11-24 14:19:28'),(135,'Model','Tillman Inc','Practical Steel Computer','116','Non minima aliquam maxime.','Consequuntur est inventore ea itaque corrupti.',NULL,NULL,0,0,'Aut sint et porro.','Aut at dolor modi ut.','2016-11-24 14:19:28','2016-11-24 14:19:28'),(136,'Model','Koelpin-Crona','Incredible Cotton Hat','117','Magni alias molestiae quas.','Ipsa sunt repellat ipsum.',NULL,NULL,1,0,'Quibusdam eius voluptatem est minus enim sit.','Quo dolore voluptas est minus sed non illum.','2016-11-24 14:19:28','2016-11-24 14:19:28'),(137,'Model','Skiles LLC','Practical Concrete Table','118','Excepturi incidunt aliquam cumque fuga corrupti et eum.','Sit quo pariatur culpa quaerat labore fugiat.',NULL,NULL,1,0,'Et rerum itaque maxime iste quidem ut nemo.','Corporis laboriosam maxime dolor.','2016-11-24 14:19:28','2016-11-24 14:19:28'),(138,'Model','Mohr LLC','Incredible Plastic Car','119','Qui inventore molestiae quas dolores ut harum ut facere.','Et est aut magni eum quam.',NULL,NULL,2,0,'Tempora odio quas rerum.','Animi fuga porro aspernatur dolor aut autem.','2016-11-24 14:19:28','2016-11-24 14:19:28'),(139,'Model','Osinski, Reilly and Armstrong','Small Plastic Shoes','120','Ut fugiat illum ratione.','Soluta vel alias qui.',NULL,NULL,3,0,'Nesciunt maiores eos soluta alias ut aut quia minima.','Est omnis et assumenda facilis.','2016-11-24 14:19:28','2016-11-24 14:19:28'),(140,'Model','Schinner-Zboncak','Sleek Cotton Computer','121','Qui qui voluptatem recusandae dolores.','Ut ducimus autem nemo sed sed.',NULL,NULL,0,0,'Corporis eos illum minus.','Odio quo dolorem a.','2016-11-24 14:19:28','2016-11-24 14:19:28'),(141,'Model','Lehner-Balistreri','Small Steel Pants','122','Unde dolores tenetur officia vel accusamus ut.','Facilis est sint et culpa et cum officia modi.',NULL,NULL,2,0,'In quo velit molestiae hic voluptas illum magni.','Labore esse enim sequi omnis.','2016-11-24 14:19:28','2016-11-24 14:19:28'),(142,'Model','Bergnaum and Sons','Sleek Steel Hat','123','Fuga ut magni omnis iusto labore.','Nihil laborum molestiae corrupti quam ea modi repellendus praesentium.',NULL,NULL,2,0,'Possimus rerum iste eos facilis quasi modi maiores doloremque.','Aut et sapiente illo.','2016-11-24 14:19:28','2016-11-24 14:19:28'),(143,'Model','Dach-Weimann','Ergonomic Wooden Pants','124','Sed et maxime quia nisi.','Blanditiis hic error nam.',NULL,NULL,0,0,'Veritatis sit dolor omnis eligendi vitae.','Voluptatibus aperiam illum dolore doloremque hic facilis.','2016-11-24 14:19:28','2016-11-24 14:19:28'),(144,'Model','Eichmann and Sons','Rustic Wooden Table','125','Alias ducimus deserunt voluptatibus minus tenetur soluta tempora.','Aperiam vitae nulla voluptate.',NULL,NULL,2,0,'Minima sit ut aut.','Consectetur quasi blanditiis et eum.','2016-11-24 14:19:28','2016-11-24 14:19:28'),(145,'Model','Becker-O\'Connell','Small Plastic Hat','126','Laudantium fuga reprehenderit laboriosam est.','Quia voluptatum architecto sit sunt laborum est.',NULL,NULL,0,0,'Sequi voluptates eos labore eum.','Quis dolores culpa quisquam officia omnis vitae.','2016-11-24 14:19:28','2016-11-24 14:19:28'),(146,'Model','Waters, Lindgren and Collier','Practical Granite Hat','127','Voluptatum sunt ipsum ducimus pariatur.','Unde voluptas molestias maiores earum rerum tempore est molestiae.',NULL,NULL,3,0,'Alias tempore quae deserunt tempora doloribus facere unde.','Velit eveniet libero autem omnis ut saepe animi laboriosam.','2016-11-24 14:19:28','2016-11-24 14:19:28'),(147,'Model','Nolan Inc','Rustic Concrete Car','128','Doloremque ipsum aut odit.','Non ullam eveniet voluptas quibusdam et.',NULL,NULL,1,0,'Et sit dolores in et atque.','Corporis delectus architecto doloribus sunt voluptas modi.','2016-11-24 14:19:28','2016-11-24 14:19:28'),(148,'Model','Mohr-Lind','Fantastic Rubber Computer','129','Aut ut dolorem quia ex.','Aut quidem quas repellendus reiciendis aut sed et.',NULL,NULL,3,0,'Neque dolor quis distinctio molestias in ex sint.','Et hic quia animi qui sed eum eum consequatur.','2016-11-24 14:19:28','2016-11-24 14:19:28'),(149,'Model','Schaefer Inc','Ergonomic Cotton Hat','130','Quia id voluptates ut.','Est maiores perspiciatis enim et sit ipsum rem consectetur.',NULL,NULL,2,0,'Animi incidunt necessitatibus soluta quo.','Distinctio qui quis dolor sed exercitationem eos suscipit consequatur.','2016-11-20 14:19:28','2016-11-20 14:19:28'),(150,'Model','Zemlak Group','Gorgeous Wooden Gloves','131','Pariatur quod rerum dolor ut et explicabo.','Sed qui non nam expedita eos laborum illum.',NULL,NULL,3,0,'Non necessitatibus et possimus.','Vel voluptas culpa eveniet harum eligendi.','2016-11-20 14:19:28','2016-11-20 14:19:28'),(151,'Model','Gaylord Inc','Rustic Steel Chair','132','Natus distinctio libero nisi voluptas labore repudiandae cum.','Tenetur veritatis eveniet hic cumque nobis ut vel.',NULL,NULL,3,0,'Omnis laboriosam debitis beatae iure recusandae officiis saepe.','Omnis cum unde distinctio eaque odit laboriosam facilis.','2016-11-20 14:19:28','2016-11-20 14:19:28'),(152,'Model','Gerlach and Sons','Practical Steel Chair','133','Consequatur tempora iure et ducimus veritatis adipisci.','Vitae consequatur nostrum itaque sapiente tenetur numquam eum et.',NULL,NULL,1,0,'Voluptatem eius qui illum dolore possimus provident maiores.','Facere id quas quia dicta ipsam.','2016-11-24 14:19:28','2016-11-24 14:19:28'),(153,'Model','Braun, Bode and Hane','Sleek Rubber Shoes','134','Quia sunt nihil est aut omnis qui.','Sint inventore voluptatem ullam vitae.',NULL,NULL,2,0,'Repellendus in alias illum occaecati eveniet.','Doloribus ullam dolores voluptatem omnis et alias natus.','2016-11-24 14:19:28','2016-11-24 14:19:28'),(154,'Model','Yundt-Parker','Fantastic Concrete Shoes','135','Excepturi et quos sed est et porro molestiae nihil.','Ipsam nisi enim consequatur sed hic.',NULL,NULL,0,0,'Distinctio debitis assumenda aut blanditiis ut repellendus.','Non modi exercitationem dolorum aut tempora dolores ut et.','2016-11-24 14:19:28','2016-11-24 14:19:28'),(155,'Model','Wisozk Group','Intelligent Cotton Car','136','Nemo voluptatem qui et amet ex.','Nesciunt molestiae est sit rem.',NULL,NULL,2,0,'Ducimus aliquam dolorem omnis.','Sequi maiores iure aut vero veniam enim.','2016-11-24 14:19:28','2016-11-24 14:19:28'),(156,'Model','Kessler LLC','Sleek Cotton Pants','137','Vero eligendi quibusdam sequi in.','Omnis iusto ex velit inventore rerum adipisci.',NULL,NULL,1,0,'Non maxime voluptate et doloremque.','Laudantium et earum est aliquam omnis soluta.','2016-11-24 14:19:28','2016-11-24 14:19:28'),(157,'Model','McGlynn-Russel','Ergonomic Rubber Computer','138','Quam illo dolor perspiciatis debitis consequuntur voluptas omnis.','Eos ut architecto voluptatem.',NULL,NULL,3,0,'Totam amet doloribus dolor quisquam ut quasi.','Exercitationem et cumque quia sed non veritatis.','2016-11-24 14:19:28','2016-11-24 14:19:28'),(158,'Model','Hahn and Sons','Gorgeous Rubber Shoes','139','Sapiente commodi ut quas.','Et adipisci ducimus quam molestias sed eos nobis qui.',NULL,NULL,3,0,'Doloribus necessitatibus officia quis eum quia.','Nobis dolore deserunt quia.','2016-11-24 14:19:28','2016-11-24 14:19:28'),(159,'Model','Hoppe, Smith and Wisozk','Fantastic Granite Computer','140','Architecto temporibus voluptas totam modi.','Molestiae voluptatem similique commodi qui eius et aut quaerat.',NULL,NULL,2,0,'Maxime consequatur accusantium corrupti debitis alias.','Consectetur quae distinctio iusto alias.','2016-11-24 14:19:28','2016-11-24 14:19:28'),(160,'Model','Gerhold Inc','Gorgeous Cotton Pants','141','Blanditiis ipsa dolorem exercitationem quasi consequatur.','Doloremque enim ut qui.',NULL,NULL,0,0,'Soluta tenetur quos id voluptatem a earum.','Eius voluptatem cumque dolorem corporis quo error ullam.','2016-11-24 14:19:28','2016-11-24 14:19:28'),(161,'Model','Schaden Inc','Gorgeous Wooden Shoes','142','Quis fuga sapiente quidem voluptatum voluptas assumenda quaerat voluptas.','Aut qui iste quaerat vitae labore rem ipsam eos.',NULL,NULL,2,0,'Consequatur labore amet non voluptate voluptas quis.','Consequatur pariatur at adipisci.','2016-11-24 14:19:28','2016-11-24 14:19:28'),(162,'Model','Toy, Littel and Cormier','Fantastic Wooden Pants','143','Sit sed sapiente voluptatum.','Qui molestiae et quod quae.',NULL,NULL,1,0,'Voluptates et velit excepturi dicta tempore perspiciatis.','In est et fugit quasi sapiente necessitatibus.','2016-11-24 14:19:28','2016-11-24 14:19:28'),(163,'Model','Dickinson-Nikolaus','Sleek Steel Pants','144','Voluptatem quam vero eos ad occaecati.','Nulla error delectus rerum.',NULL,NULL,0,0,'Molestiae et non culpa dicta voluptates nam rerum alias.','Non qui autem consequuntur maxime tempora.','2016-11-24 14:19:28','2016-11-24 14:19:28'),(164,'Model','King, Hintz and Nader','Awesome Cotton Hat','145','Architecto nihil voluptas soluta sit et aut dolores magnam.','Ratione quibusdam assumenda quis odit.',NULL,NULL,1,0,'Sint a eius maxime fuga sunt ex odit.','Rerum laboriosam debitis facere aliquam provident.','2016-11-24 14:19:28','2016-11-24 14:19:28'),(165,'Model','Wolf, Walker and Hettinger','Incredible Concrete Hat','146','Voluptatem est ullam nam.','Tempore ad omnis facere fugit accusamus maiores illo.',NULL,NULL,0,0,'Ut eveniet animi debitis nobis et reiciendis aliquid omnis.','Ad neque delectus ipsam doloribus eum.','2016-11-24 14:19:28','2016-11-24 14:19:28'),(166,'Model','Lehner Inc','Intelligent Granite Car','147','Sunt aut laudantium autem nesciunt ut quibusdam autem.','Rerum fugiat sed voluptatibus reprehenderit voluptatem est mollitia.',NULL,NULL,1,0,'Rerum velit eligendi dolor dolor vel suscipit molestiae rerum.','Est qui laborum dolor praesentium quia odit reprehenderit explicabo.','2016-11-24 14:19:28','2016-11-24 14:19:28'),(167,'Model','Donnelly Group','Fantastic Steel Car','148','Vel neque qui eveniet ut delectus quam est nostrum.','Et qui facere soluta molestiae quidem voluptatem qui.',NULL,NULL,1,0,'Dolorem et in vero libero est laudantium autem ea.','Molestiae est maxime numquam quod recusandae non possimus molestiae.','2016-11-20 14:19:28','2016-11-20 14:19:28'),(168,'Model','Dicki Group','Rustic Concrete Shoes','149','Labore est saepe sunt aliquid repellat.','Expedita laudantium itaque autem cum dolorem vero.',NULL,NULL,2,0,'Magni et temporibus omnis neque eaque.','Omnis quia autem blanditiis impedit.','2016-11-20 14:19:28','2016-11-20 14:19:28'),(169,'Model','Dibbert Group','Rustic Steel Pants','150','Tenetur consequuntur est iure.','Numquam tempore deleniti atque eum hic.',NULL,NULL,1,0,'Doloribus totam sint deserunt deleniti vero.','Quae ad aut et voluptatem sunt nobis nihil.','2016-11-20 14:19:28','2016-11-20 14:19:28'),(170,'Model','Kunde-Heaney','Incredible Steel Chair','151','Maxime quam et sint libero.','Sed eum provident est blanditiis nam necessitatibus.',NULL,NULL,1,0,'Itaque reprehenderit fugit quod minima accusantium maiores dicta.','Ut rerum ducimus eos saepe esse sequi ab qui.','2016-11-20 14:19:28','2016-11-20 14:19:28'),(171,'Model','Cassin and Sons','Fantastic Cotton Chair','152','Voluptatum molestiae fuga atque quidem quaerat consequuntur dolor aspernatur.','Tenetur et animi dolor corrupti est nisi nihil omnis.',NULL,NULL,1,0,'Debitis quibusdam minima dicta veniam sed dolorum et aut.','Ullam perspiciatis quo deserunt consequatur.','2016-11-20 14:19:28','2016-11-20 14:19:28'),(172,'Model','Aufderhar LLC','Ergonomic Cotton Shirt','153','Eaque quis quis eos.','Repellendus ex sint accusantium quos ut.',NULL,NULL,3,0,'Nostrum voluptatem qui et dolores quas enim aliquam deleniti.','Amet nihil aut non dolores eligendi magnam aliquam.','2016-11-19 14:19:28','2016-11-19 14:19:28'),(173,'Model','Maggio-Kirlin','Fantastic Concrete Pants','154','Qui reiciendis voluptatem officia veniam deleniti libero nulla.','Sed beatae eius dignissimos et quis consequatur voluptas id.',NULL,NULL,0,0,'Animi voluptatibus eos repudiandae.','Eius et illum ea exercitationem recusandae dolorum voluptatem.','2016-11-19 14:19:28','2016-11-19 14:19:28'),(174,'Model','Jacobson and Sons','Practical Steel Gloves','155','Beatae autem optio natus reprehenderit hic quidem atque.','Reprehenderit atque aut asperiores.',NULL,NULL,2,0,'Non reprehenderit tempora illum.','Cumque aut numquam consequuntur saepe ipsam.','2016-11-19 14:19:28','2016-11-19 14:19:28'),(175,'Model','Ankunding and Sons','Fantastic Concrete Chair','156','Voluptates occaecati quis ex ratione est.','Velit consequuntur itaque odit est earum quasi impedit rerum.',NULL,NULL,0,0,'Quos omnis maiores amet sunt iure autem ipsum neque.','Temporibus dolores praesentium incidunt ipsam in sed quibusdam quia.','2016-11-19 14:19:28','2016-11-19 14:19:28'),(176,'Model','Bode, Keebler and Gorczany','Gorgeous Concrete Gloves','157','Quae repudiandae voluptate qui et officia iusto dolor.','Alias et id perferendis.',NULL,NULL,2,0,'Ipsum nemo quae voluptas quas a.','Illo sequi quos vel.','2016-11-19 14:19:28','2016-11-19 14:19:28'),(177,'Model','Sanford, Marquardt and Corwin','Ergonomic Cotton Computer','158','Magnam quis omnis neque repellendus voluptatibus facere harum.','Architecto voluptatibus non laboriosam omnis corrupti.',NULL,NULL,3,0,'Harum id qui modi sed quo.','Ad culpa quia assumenda et odit et.','2016-11-24 14:19:28','2016-11-24 14:19:28'),(178,'Model','Flatley, Conroy and Goyette','Ergonomic Concrete Chair','159','Ullam occaecati aut voluptatem non aliquid.','Eos eos dolorem odio et cum fuga ratione.',NULL,NULL,2,0,'At neque magni earum sequi qui.','Facere harum quisquam dicta sequi et aut.','2016-11-24 14:19:28','2016-11-24 14:19:28'),(179,'Model','Mohr Inc','Small Wooden Shirt','160','Placeat delectus modi deserunt dolores.','Voluptatibus eveniet harum ut quae.',NULL,NULL,2,0,'Enim qui sequi autem qui.','Non in non autem officia reiciendis aliquam.','2016-11-24 14:19:28','2016-11-24 14:19:28'),(180,'Model','Wilkinson Inc','Fantastic Cotton Hat','161','Cumque qui qui ea veniam.','Id qui aspernatur optio aut sequi repudiandae.',NULL,NULL,0,0,'Reprehenderit dolore sunt hic.','Quos possimus maxime earum eos et corporis ipsum.','2016-11-24 14:19:28','2016-11-24 14:19:28'),(181,'Model','Schamberger Group','Small Concrete Car','162','Suscipit et quasi est consequuntur voluptates ut temporibus officia.','Vel quae possimus fugit odit quo enim deleniti aliquid.',NULL,NULL,1,0,'Eos pariatur molestiae sed voluptates autem blanditiis.','Architecto commodi dolor excepturi adipisci atque iusto voluptatibus.','2016-11-24 14:19:28','2016-11-24 14:19:28'),(182,'Model','Luettgen-Kilback','Sleek Cotton Car','163','Itaque modi laudantium perspiciatis nihil sunt.','Consectetur fugit iure doloribus harum blanditiis sint et dolores.',NULL,NULL,2,0,'Ut vero ipsum sequi eveniet corporis excepturi eius.','Distinctio corrupti aut suscipit quos et labore delectus at.','2016-11-24 14:19:28','2016-11-24 14:19:28'),(183,'Model','Cummings LLC','Awesome Concrete Chair','164','Ut laboriosam iste soluta.','Cum quia rerum rerum nulla.',NULL,NULL,1,0,'Non voluptates beatae occaecati ut vero dolores illum voluptatibus.','Et et ut in velit non qui laborum mollitia.','2016-11-24 14:19:28','2016-11-24 14:19:28'),(184,'Model','Reinger-Kohler','Intelligent Rubber Chair','165','Doloribus voluptas eligendi illo.','Eius et dicta autem quasi.',NULL,NULL,1,0,'Accusantium quas ut et quis repellendus possimus molestias commodi.','Quia consequatur magnam repellendus nulla.','2016-11-24 14:19:28','2016-11-24 14:19:28'),(185,'Model','Christiansen, Morissette and Corkery','Intelligent Concrete Shoes','166','Facilis ipsum fugit nulla.','Aut modi animi odit.',NULL,NULL,2,0,'Fugiat numquam magnam minima sequi eveniet libero reprehenderit.','Assumenda et aspernatur incidunt mollitia ipsam dolorem quo.','2016-11-24 14:19:28','2016-11-24 14:19:28'),(186,'Model','Schmitt-Hayes','Awesome Concrete Computer','167','Et modi qui voluptatibus.','Natus molestias et maiores consequatur.',NULL,NULL,2,0,'Dicta repudiandae quam quis ipsa.','Non et vitae sed.','2016-11-24 14:19:28','2016-11-24 14:19:28'),(187,'Model','Reinger, Kris and Tillman','Gorgeous Steel Chair','168','Facere voluptatibus totam doloribus error alias quis quia vel.','Reprehenderit dolor repellat necessitatibus ea perspiciatis ullam architecto.',NULL,NULL,2,0,'Quod repellat eum eaque rerum ut et itaque.','Aut rem in porro molestiae nisi dolore omnis.','2016-11-24 14:19:28','2016-11-24 14:19:28'),(188,'Model','Streich-Legros','Incredible Plastic Computer','169','Et reiciendis omnis ipsum libero cum repellat.','Eligendi voluptatem asperiores necessitatibus eum eos commodi reprehenderit.',NULL,NULL,2,0,'Rerum consequuntur neque itaque voluptatem.','Quibusdam temporibus minima quae numquam.','2016-11-24 14:19:28','2016-11-24 14:19:28'),(189,'Model','Reynolds, Blick and Botsford','Ergonomic Wooden Shirt','170','Laborum laudantium est nostrum sit odio.','Quo rerum voluptates dolore ut rerum.',NULL,NULL,0,0,'Ad nihil eaque quos molestiae saepe et beatae molestias.','Accusamus tenetur totam perferendis ex suscipit asperiores.','2016-11-24 14:19:28','2016-11-24 14:19:28'),(190,'Model','Zemlak LLC','Fantastic Concrete Hat','171','Ipsa doloribus incidunt veritatis itaque quo dolores.','Architecto occaecati quis est praesentium eligendi neque.',NULL,NULL,3,0,'Ullam mollitia ratione sit odio odit.','Aspernatur provident quam qui libero et.','2016-11-24 14:19:28','2016-11-24 14:19:28'),(191,'Model','Runte-Lynch','Fantastic Steel Computer','172','Doloremque dicta quidem soluta possimus ut rerum dolore.','Ut sunt quibusdam maiores excepturi fugiat sit.',NULL,NULL,0,0,'Omnis repudiandae architecto amet quia veritatis ullam non laboriosam.','Et sed ut quam incidunt impedit qui.','2016-11-24 14:19:28','2016-11-24 14:19:28'),(192,'Model','Gutmann Inc','Gorgeous Rubber Hat','173','Ipsam consequatur ipsum et qui debitis qui.','Laborum quo vitae debitis cum amet.',NULL,NULL,1,0,'Hic quia magnam expedita.','Sint ducimus explicabo sit velit deleniti et.','2016-11-24 14:19:28','2016-11-24 14:19:28'),(193,'Model','Ward Inc','Gorgeous Steel Table','174','Aut aliquam culpa ut saepe ab velit ipsum et.','Et quae voluptatibus alias molestiae et omnis quasi.',NULL,NULL,1,0,'Exercitationem maxime dolorem ullam ducimus.','Dolores exercitationem qui et deserunt consequuntur veritatis.','2016-11-24 14:19:28','2016-11-24 14:19:28'),(194,'Model','Sauer Inc','Incredible Cotton Shirt','175','Voluptas ea eos fugiat rerum non.','In asperiores rerum suscipit cum quidem quas.',NULL,NULL,2,0,'Numquam sint et in libero sunt repellat.','Consequatur esse et similique perspiciatis sapiente qui quia natus.','2016-11-24 14:19:28','2016-11-24 14:19:28'),(195,'Model','Herzog, Muller and Keeling','Small Cotton Shirt','176','Maiores sapiente saepe voluptates ex est magni.','Quo quisquam amet eius et aspernatur illum.',NULL,NULL,0,0,'Voluptas error molestiae iusto eius incidunt alias quas sit.','Labore officiis officia modi est necessitatibus et.','2016-11-24 14:19:28','2016-11-24 14:19:28'),(196,'Model','Tillman-Padberg','Practical Cotton Table','177','Odit magnam omnis eius quia doloremque non sed.','Facere pariatur est ut fuga quo corporis.',NULL,NULL,1,0,'Et et incidunt dolores enim.','Officiis dolore adipisci voluptatem porro quos.','2016-11-24 14:19:28','2016-11-24 14:19:28'),(197,'Model','Kuhn-Rosenbaum','Intelligent Concrete Chair','178','Eligendi tempore error amet aut incidunt.','Vero laborum magnam unde iste inventore quia.',NULL,NULL,1,0,'Perspiciatis ullam nam ab ipsum in.','Aut ipsa dolores est provident quia id iure.','2016-11-24 14:19:28','2016-11-24 14:19:28'),(198,'Model','Kilback LLC','Fantastic Concrete Computer','179','Non aut unde praesentium.','Et dolore id accusantium aliquid in.',NULL,NULL,2,0,'Nesciunt aliquid ut perspiciatis exercitationem quia quibusdam est.','Nesciunt magnam velit similique voluptate commodi sed eos.','2016-11-24 14:19:28','2016-11-24 14:19:28'),(199,'Model','Reilly, Mosciski and Rippin','Small Concrete Table','180','Reiciendis numquam eius placeat blanditiis porro quisquam voluptatem.','At deserunt et nobis temporibus ex aut ipsum cum.',NULL,NULL,0,0,'Veniam in at expedita vitae cupiditate laborum perferendis.','Qui rem minus quaerat iusto.','2016-11-24 14:19:28','2016-11-24 14:19:28'),(200,'Model','Wuckert-Kunze','Incredible Wooden Computer','181','Alias qui voluptatem laborum atque voluptas est.','At officia cupiditate quas omnis iste maxime sed.',NULL,NULL,0,0,'Neque explicabo quia non.','Non eius excepturi quidem delectus corporis.','2016-11-24 14:19:28','2016-11-24 14:19:28'),(201,'Model','Wyman, Paucek and Rempel','Intelligent Cotton Shirt','182','Autem facilis nostrum optio quis velit qui necessitatibus.','Asperiores ea et quaerat omnis et qui dolores et.',NULL,NULL,0,0,'Dolor ipsum deserunt dolores repellat.','Beatae praesentium sed non sint quasi labore dolor ipsum.','2016-11-24 14:19:28','2016-11-24 14:19:28'),(202,'Model','Halvorson Group','Ergonomic Plastic Gloves','183','Consequuntur porro magni nostrum ut beatae et.','Est fugiat dolor odit tenetur.',NULL,NULL,2,0,'Voluptatibus qui tempora sit voluptatem cumque.','Optio minus eveniet voluptatum qui doloremque non.','2016-11-24 14:19:28','2016-11-24 14:19:28'),(203,'Model','Crist and Sons','Sleek Steel Chair','184','Sapiente sint ut cumque velit laborum quod possimus.','Recusandae odio ut consequatur cumque ut dolor voluptas sint.',NULL,NULL,3,0,'Laborum quae qui ducimus.','Suscipit sint nemo perspiciatis consequatur et.','2016-11-24 14:19:28','2016-11-24 14:19:28'),(204,'Model','Leuschke-Murphy','Sleek Cotton Hat','185','Consequuntur id non dolores.','Ut quas qui labore ut doloribus quia enim ratione.',NULL,NULL,3,0,'Quia aliquid quibusdam nihil ea.','In sit dolores enim distinctio.','2016-11-24 14:19:28','2016-11-24 14:19:28'),(205,'Model','Zieme-Quitzon','Gorgeous Steel Pants','186','Ut fugit dolor vel eius ut.','Ut aspernatur debitis illo excepturi vel.',NULL,NULL,3,0,'Consequatur nostrum eveniet corrupti laboriosam illum.','Qui doloribus architecto quis.','2016-11-24 14:19:28','2016-11-24 14:19:28'),(206,'Model','Trantow, Ritchie and Mohr','Awesome Rubber Table','187','Eius quisquam repudiandae rerum consectetur velit aut in.','Autem eius accusantium et error.',NULL,NULL,2,0,'Dolores numquam aut quidem qui quae accusamus laudantium dignissimos.','Aut corporis culpa sint qui dolores velit.','2016-11-24 14:19:28','2016-11-24 14:19:28'),(207,'Model','Williamson, Hills and Tromp','Ergonomic Rubber Table','188','Aut molestias odit tempore ex aut.','Placeat nostrum fugit omnis et modi.',NULL,NULL,3,0,'At quia sapiente enim est aperiam et mollitia expedita.','Vero est explicabo et minima vitae magnam.','2016-11-24 14:19:28','2016-11-24 14:19:28'),(208,'Model','Reinger, Harber and Abernathy','Small Rubber Computer','189','Corrupti et dignissimos omnis labore nemo perferendis similique numquam.','Non et consequuntur perferendis expedita sit repellat.',NULL,NULL,1,0,'Corporis ut in veritatis aliquid voluptatem earum nostrum dolorem.','Suscipit et voluptas expedita ab sed totam.','2016-11-24 14:19:28','2016-11-24 14:19:28'),(209,'Model','Willms, Stracke and Leffler','Small Granite Gloves','190','Vero consequatur doloremque fugit placeat.','In ea incidunt atque.',NULL,NULL,3,0,'Consequuntur amet voluptatem blanditiis perferendis.','Possimus atque aut et et dolores explicabo est.','2016-11-24 14:19:28','2016-11-24 14:19:28'),(210,'Model','Smith, Prohaska and Keebler','Practical Concrete Chair','191','Eligendi aliquid id libero perferendis.','Quis aliquam sit eligendi illum expedita officia.',NULL,NULL,1,0,'Ducimus doloribus est soluta voluptas beatae.','Porro nobis velit et placeat ea.','2016-11-24 14:19:28','2016-11-24 14:19:28'),(211,'Model','Stroman-Sawayn','Fantastic Granite Chair','192','Odio aut vitae et officiis qui necessitatibus dicta.','Error aliquam sed repellendus ea quo.',NULL,NULL,1,0,'Nihil et illum id magnam omnis.','Tenetur fuga molestiae voluptatem veniam.','2016-11-24 14:19:28','2016-11-24 14:19:28'),(212,'Model','Krajcik-Rice','Intelligent Wooden Gloves','193','Aspernatur molestias vel quae non voluptatibus animi hic odit.','Architecto ut nihil qui quaerat.',NULL,NULL,2,0,'Sequi nobis nam sit voluptas amet eligendi quia.','Ex officiis aliquid aut natus.','2016-11-24 14:19:28','2016-11-24 14:19:28'),(213,'Model','Kirlin, Hartmann and Shanahan','Awesome Steel Car','194','Consectetur corrupti magni cum officiis.','Exercitationem quia facere tenetur temporibus ea repellat accusamus laboriosam.',NULL,NULL,2,0,'Corrupti aut rem aut.','Rerum corporis adipisci pariatur cum.','2016-11-24 14:19:28','2016-11-24 14:19:28'),(214,'Model','Hills Inc','Incredible Steel Hat','195','Fugiat praesentium quia atque sit amet.','Recusandae suscipit a repellat facilis.',NULL,NULL,2,0,'Nesciunt ut quae et et consequatur aliquid facilis aut.','Magnam aut quo officiis rerum explicabo ut.','2016-11-24 14:19:28','2016-11-24 14:19:28'),(215,'Model','Harvey, Halvorson and Huel','Incredible Steel Pants','196','Id ut hic perspiciatis maxime quia.','Repellendus quasi vero aperiam qui sed non.',NULL,NULL,1,0,'Ea nobis est quia aut illo.','Voluptas sapiente reprehenderit labore voluptate.','2016-11-24 14:19:28','2016-11-24 14:19:28'),(216,'Model','Bartoletti-Olson','Small Rubber Gloves','197','Earum id quas quos placeat.','Ut quibusdam et rem natus.',NULL,NULL,2,0,'Tenetur impedit maiores dolorem ipsum sequi sint eligendi nulla.','Libero delectus temporibus alias laboriosam optio.','2016-11-24 14:19:28','2016-11-24 14:19:28'),(217,'Model','Wehner-Jast','Practical Rubber Table','198','Fugiat explicabo autem laborum harum rerum rerum.','Tenetur autem necessitatibus dolores eligendi facere numquam quis nobis.',NULL,NULL,2,0,'Non dolores excepturi laudantium dicta voluptate.','Dolores et impedit omnis ea occaecati quam voluptatem et.','2016-11-24 14:19:28','2016-11-24 14:19:28'),(218,'Model','Schimmel-Sporer','Fantastic Rubber Chair','199','Illo dicta sint nisi recusandae ullam esse ut ea.','Eius modi vel aut sint.',NULL,NULL,2,0,'Sunt eos et laborum nobis est et.','Modi et neque blanditiis.','2016-11-24 14:19:28','2016-11-24 14:19:28'),(219,'Model','Wunsch, Paucek and MacGyver','Rustic Wooden Shoes','200','Incidunt sequi libero amet.','Iusto porro magnam aut recusandae nemo sit quibusdam.',NULL,NULL,0,0,'Consectetur architecto ratione rem nesciunt quasi enim aut.','Tempora eum assumenda voluptatem.','2016-11-24 14:19:28','2016-11-24 14:19:28'),(220,'Model','Monahan and Sons','Rustic Cotton Computer','201','Blanditiis culpa ut dolores odit.','Minus voluptatem quidem distinctio architecto et.',NULL,NULL,1,0,'Et in illo exercitationem dolorem est.','Excepturi quos blanditiis vero aperiam est sed vel.','2016-11-24 14:19:28','2016-11-24 14:19:28'),(221,'Model','Braun-Lang','Intelligent Concrete Table','202','Vel laudantium libero ut itaque ut consequatur fugit voluptatibus.','Suscipit cum qui eos mollitia qui maiores ratione voluptas.',NULL,NULL,1,0,'Voluptates consequatur tempore eaque dolore explicabo quisquam et voluptatem.','Vitae molestiae autem dolores aut nam aspernatur numquam.','2016-11-24 14:19:28','2016-11-24 14:19:28'),(222,'Model','Schroeder, Cremin and Bogan','Incredible Wooden Gloves','203','Modi et quia ex architecto omnis amet ea.','Aut mollitia ipsa a nisi earum eum voluptatem.',NULL,NULL,3,0,'Distinctio voluptatem nam sunt alias praesentium voluptatem exercitationem magni.','Quisquam repellendus qui ad velit dolorem.','2016-11-24 14:19:28','2016-11-24 14:19:28'),(223,'Model','Haley-Harber','Fantastic Steel Shirt','204','Aut ea sed velit animi est rerum et.','Consequuntur vel placeat id.',NULL,NULL,1,0,'Sunt provident fugit expedita distinctio molestiae temporibus.','Quae debitis dolor magnam quasi sed voluptates consequuntur cupiditate.','2016-11-24 14:19:28','2016-11-24 14:19:28'),(224,'Model','Smitham-Hintz','Rustic Concrete Gloves','205','Optio eos dolor inventore repellendus veritatis velit ea.','Consequatur blanditiis consequuntur corrupti aut.',NULL,NULL,0,0,'Deleniti sit voluptatem dignissimos in et tempore.','Hic expedita autem totam enim sed qui pariatur.','2016-11-24 14:19:28','2016-11-24 14:19:28'),(225,'Model','Ryan LLC','Practical Rubber Shoes','206','Vitae dolor in provident et voluptatem et aut odit.','Reiciendis dolores et officiis rerum ut reprehenderit corrupti fugiat.',NULL,NULL,3,0,'Ipsa aut perspiciatis dignissimos itaque quo sunt labore.','Consectetur ducimus maxime qui atque alias necessitatibus odit.','2016-11-24 14:19:28','2016-11-24 14:19:28'),(226,'Model','Bogisich Inc','Rustic Granite Computer','207','A molestias laudantium fugiat laboriosam saepe autem nemo delectus.','Possimus adipisci id ipsa magnam cupiditate.',NULL,NULL,0,0,'Aliquid consequatur quam sunt nemo incidunt aliquam illo dolorem.','Tempora nobis perferendis ab atque ut ea temporibus quo.','2016-11-24 14:19:28','2016-11-24 14:19:28'),(227,'Model','Kozey-Casper','Ergonomic Plastic Table','208','Facilis aliquam quas maiores vel quia porro.','Sed dolorem voluptas libero.',NULL,NULL,2,0,'Laboriosam aperiam qui quaerat et.','Sunt non nulla et beatae.','2016-11-24 14:19:28','2016-11-24 14:19:28'),(228,'Model','Wiza-Haley','Practical Cotton Shoes','209','Quia qui voluptatem delectus tempore.','Est nemo quia magnam rem rerum quod ratione reiciendis.',NULL,NULL,3,0,'Quia placeat qui iure deserunt.','Dolore veniam voluptas culpa et qui.','2016-11-24 14:19:28','2016-11-24 14:19:28'),(229,'Model','Brekke, Ritchie and Cartwright','Gorgeous Cotton Computer','210','Veniam officiis earum quia explicabo alias nam aliquid non.','Asperiores dolorem temporibus nihil ipsam nam distinctio.',NULL,NULL,3,0,'Ratione aperiam id a voluptas ab aut repellat aliquid.','Minus qui quia nam qui sapiente.','2016-11-24 14:19:28','2016-11-24 14:19:28'),(230,'Model','Treutel, Smitham and Bernhard','Fantastic Wooden Car','211','Pariatur aut quo architecto.','Ut ut autem voluptates.',NULL,NULL,3,0,'Eum dolorem qui qui in maiores ut laborum.','Itaque sapiente molestiae nobis.','2016-11-24 14:19:28','2016-11-24 14:19:28'),(231,'Model','Hessel Inc','Small Concrete Shirt','212','Maxime commodi dolore beatae ut natus nisi est.','Culpa ut voluptatem est ab.',NULL,NULL,2,0,'Alias nesciunt quia pariatur expedita nihil.','Velit accusantium quos numquam ut suscipit laboriosam.','2016-11-24 14:19:28','2016-11-24 14:19:28'),(232,'Model','Klocko-Kautzer','Incredible Granite Gloves','213','Minus hic error quasi.','Assumenda voluptas sunt quo optio ipsa ut.',NULL,NULL,2,0,'Et necessitatibus quaerat recusandae maiores eum doloribus quo.','Optio vitae perferendis soluta dicta doloribus voluptatem est.','2016-11-24 14:19:28','2016-11-24 14:19:28'),(233,'Model','Denesik-Morissette','Fantastic Concrete Gloves','214','Quo vero voluptate temporibus in totam ut.','Error neque eveniet eius magnam ut voluptas.',NULL,NULL,2,0,'Sit excepturi beatae eum ipsa ut quae.','Ab deleniti quo quod facilis similique numquam enim sunt.','2016-11-24 14:19:28','2016-11-24 14:19:28'),(234,'Model','Huel and Sons','Small Granite Table','215','Aut est et ea in magnam.','Et aut ut ea excepturi aut deserunt.',NULL,NULL,2,0,'Iusto a quos temporibus tempore quia.','Sed possimus non animi.','2016-11-24 14:19:28','2016-11-24 14:19:28'),(235,'Model','Kiehn and Sons','Intelligent Concrete Hat','216','Ipsa cupiditate consequatur molestiae ad.','Est amet dignissimos corrupti repudiandae a id maiores inventore.',NULL,NULL,3,0,'Mollitia est qui est molestiae rerum repellat.','Et odio sed molestias est ad.','2016-11-24 14:19:28','2016-11-24 14:19:28'),(236,'Model','Moore-Simonis','Small Plastic Pants','217','Eos non est accusamus voluptatem nisi.','Rem blanditiis a labore nulla dolor voluptate.',NULL,NULL,1,0,'Et expedita error iste.','Nostrum quas unde magni sunt a.','2016-11-24 14:19:28','2016-11-24 14:19:28'),(237,'Model','Boyer Group','Rustic Steel Computer','218','Velit enim dolorum corporis odio voluptas ea aut inventore.','Omnis enim quia dignissimos labore.',NULL,NULL,2,0,'In et eaque nulla ut perspiciatis assumenda est cumque.','Ut veniam dolorem est nihil ut eum.','2016-11-24 14:19:28','2016-11-24 14:19:28'),(238,'Model','Aufderhar and Sons','Rustic Rubber Computer','219','Quibusdam ut nobis praesentium consequatur assumenda reprehenderit.','Quaerat maxime iure cumque dolores voluptatem.',NULL,NULL,1,0,'Aut provident et blanditiis.','Molestiae excepturi ratione reprehenderit voluptatem voluptatem numquam minima a.','2016-11-24 14:19:28','2016-11-24 14:19:28'),(239,'Model','Bogisich-Blick','Rustic Concrete Pants','220','Quam temporibus ex vitae est velit.','Nihil ut incidunt reiciendis distinctio magnam officiis itaque.',NULL,NULL,3,0,'Corporis officiis et veritatis harum quae iure.','Repudiandae consequatur ducimus inventore.','2016-11-18 14:19:28','2016-11-18 14:19:28'),(240,'Model','Koss-Kilback','Ergonomic Steel Chair','221','Nulla dolor earum facere aut ut.','Corporis molestiae ex quibusdam explicabo tempore recusandae.',NULL,NULL,1,0,'Iste laboriosam ea omnis sunt enim corrupti et.','Accusamus porro illo vel nemo autem est.','2016-11-18 14:19:28','2016-11-18 14:19:28'),(241,'Model','Adams, Bernier and Kirlin','Sleek Granite Computer','222','Minus placeat et perspiciatis.','Commodi ea sit impedit fugiat in.',NULL,NULL,3,0,'Quas debitis veritatis dolor quo nisi incidunt qui.','Et et ex sapiente dicta sit iure aut fuga.','2016-11-18 14:19:28','2016-11-18 14:19:28'),(242,'Model','Zieme-Kihn','Rustic Plastic Chair','223','Necessitatibus molestiae debitis consequuntur vero in.','Sunt ut doloribus impedit suscipit.',NULL,NULL,1,0,'Quia non deleniti et sed.','Maiores architecto assumenda totam.','2016-11-24 14:19:28','2016-11-24 14:19:28'),(243,'Software','Bergstrom LLC','Incredible Rubber Computer','225',NULL,NULL,NULL,NULL,0,0,NULL,NULL,'2016-11-24 14:19:28','2016-11-24 14:19:28'),(244,'Model','Wolf Group','Ergonomic Concrete Shoes','226','Vel odio magnam asperiores dolor nisi.','Ullam et doloremque qui sed consequatur ad debitis.',NULL,NULL,3,0,'Omnis non debitis excepturi qui reiciendis corporis quae cumque.','Aut ut neque est.','2016-11-19 14:19:28','2016-11-19 14:19:28'),(245,'Model','Herzog Inc','Sleek Cotton Chair','228','Soluta exercitationem reprehenderit assumenda quaerat nihil velit aut.','Rem nemo repudiandae et.',NULL,NULL,3,0,'Dolorum enim ipsam eum est veniam officia.','Delectus quia omnis hic quo aut magni.','2016-11-24 14:19:28','2016-11-24 14:19:28'),(246,'Software','McLaughlin-Gleason','Small Steel Chair','229',NULL,NULL,NULL,NULL,0,0,NULL,NULL,'2016-11-24 14:19:28','2016-11-24 14:19:28'),(247,'Model','Rohan, Stehr and Jenkins','Ergonomic Rubber Chair','230','Sit nobis libero consequatur.','Repellendus reiciendis incidunt ratione blanditiis aperiam nisi.',NULL,NULL,2,0,'Quasi ea autem magnam.','Unde nihil fuga rerum repellat facilis exercitationem neque.','2016-11-24 14:19:28','2016-11-24 14:19:28'),(248,'Model','Konopelski-Koepp','Intelligent Granite Gloves','232','Minima quos voluptatibus placeat.','Ut dolorem excepturi atque placeat perferendis et nihil.',NULL,NULL,1,0,'Voluptas eum mollitia nesciunt maxime quidem eos in rerum.','Quaerat aliquid libero autem.','2016-11-24 14:19:28','2016-11-24 14:19:28'),(249,'Model','Abernathy-Jenkins','Rustic Concrete Chair','233','Quod itaque libero consequatur sint.','Ducimus repudiandae fuga sed itaque adipisci soluta tempore.',NULL,NULL,0,0,'Quasi vitae aut qui.','Velit impedit temporibus et non sed amet neque corrupti.','2016-11-24 14:19:28','2016-11-24 14:19:28'),(250,'Model','Bailey-Dietrich','Awesome Concrete Shirt','234','Incidunt nemo vero sequi adipisci earum ut tempora et.','Voluptatum dolor iste perferendis velit esse et.',NULL,NULL,3,0,'Voluptatem ipsum ut minima quis.','Qui voluptas ut et unde vero maiores beatae.','2016-11-24 14:19:28','2016-11-24 14:19:28'),(251,'Model','Heidenreich Inc','Sleek Concrete Hat','235','Eveniet dolorem animi saepe voluptas asperiores.','Ut est enim sint.',NULL,NULL,3,0,'Eum deserunt quasi molestiae et accusamus fuga ratione.','Tempora provident quia autem libero.','2016-11-24 14:19:28','2016-11-24 14:19:28'),(252,'Model','Hammes-Hills','Rustic Plastic Car','236','Neque aut modi dolor sequi est.','Earum porro voluptatem illum quia possimus qui.',NULL,NULL,2,0,'Enim harum excepturi sed.','Qui maiores quasi molestias culpa id illum ea.','2016-11-24 14:19:28','2016-11-24 14:19:28'),(253,'Model','Kessler-Bayer','Awesome Rubber Computer','237','Veritatis sunt autem nisi aliquid totam libero.','Rerum atque quaerat voluptatibus accusantium voluptatem.',NULL,NULL,2,0,'Qui laboriosam ex odit voluptas sequi occaecati voluptates.','At laboriosam ipsam est deleniti ducimus nostrum odio.','2016-11-24 14:19:28','2016-11-24 14:19:28'),(254,'Model','Von and Sons','Fantastic Plastic Shoes','238','Deserunt esse saepe reiciendis autem.','Quisquam qui aut modi repellat eos omnis.',NULL,NULL,0,0,'Qui totam neque voluptate quia molestiae qui placeat esse.','Saepe commodi omnis facilis molestiae facere illo quos.','2016-11-24 14:19:28','2016-11-24 14:19:28'),(255,'Model','Miller, Greenholt and Bernhard','Rustic Rubber Hat','239','Nesciunt hic recusandae harum non et.','Sit ut ea non rem natus.',NULL,NULL,1,0,'Dolorum quo omnis sunt et occaecati qui.','Aperiam repellat velit praesentium odio voluptas.','2016-11-24 14:19:28','2016-11-24 14:19:28'),(256,'Model','Ziemann, Hegmann and Veum','Small Rubber Pants','240','Rem tempora et quia.','Quia at minus voluptate non pariatur.',NULL,NULL,0,0,'Non corrupti recusandae incidunt iure odio est.','Quod non recusandae ut consectetur dignissimos voluptatibus vel.','2016-11-24 14:19:28','2016-11-24 14:19:28'),(257,'Model','Franecki Group','Intelligent Steel Table','241','Et eaque possimus harum cum autem ex veniam excepturi.','Et est sapiente possimus velit sint eius.',NULL,NULL,0,0,'Nobis similique earum exercitationem animi aut.','Magnam laboriosam molestiae ex.','2016-11-24 14:19:28','2016-11-24 14:19:28'),(258,'Model','Keeling, Willms and Spencer','Incredible Wooden Car','242','Porro esse nemo amet.','Est velit aut consequatur sint ea.',NULL,NULL,0,0,'Rem voluptate nostrum sed repellat.','Aspernatur quo vel impedit iusto cumque deleniti nobis.','2016-11-24 14:19:28','2016-11-24 14:19:28'),(259,'Model','Konopelski-Cruickshank','Gorgeous Rubber Shirt','243','Eligendi velit aut nesciunt voluptatum amet facere.','Illum cupiditate repellat laudantium.',NULL,NULL,1,0,'Sequi soluta doloribus sit commodi.','Consequatur voluptatem nesciunt necessitatibus dolores aut illum possimus.','2016-11-24 14:19:28','2016-11-24 14:19:28'),(260,'Model','Weimann, Gaylord and Hayes','Small Plastic Car','244','Est consequatur facere id quia aut rerum.','Commodi alias aut ipsa enim molestias ut.',NULL,NULL,2,0,'Fuga quibusdam perferendis excepturi dolores nesciunt.','Quaerat corporis odio in suscipit unde.','2016-11-24 14:19:28','2016-11-24 14:19:28'),(261,'Model','Purdy-Connelly','Practical Concrete Hat','245','Quis sint repudiandae ipsa.','Eius beatae consequuntur nam velit nobis perferendis quidem suscipit.',NULL,NULL,0,0,'Ut assumenda expedita illo eos.','Quis ullam sequi quia minima magni.','2016-11-24 14:19:28','2016-11-24 14:19:28'),(262,'Model','Leffler, Brakus and Walker','Incredible Rubber Shoes','246','Eum quisquam quod minus ipsam iste quas.','Dolores sint ipsam cupiditate aut facilis.',NULL,NULL,3,0,'Quo et ex corporis.','Incidunt aperiam recusandae maxime dignissimos id deleniti voluptas corrupti.','2016-11-24 14:19:28','2016-11-24 14:19:28'),(263,'Model','Johnston-Rohan','Ergonomic Wooden Car','247','Itaque qui voluptatem totam deleniti est ratione.','Qui rem harum ex omnis quod voluptatem minus culpa.',NULL,NULL,2,0,'Soluta aspernatur asperiores adipisci labore.','Soluta modi hic enim veritatis debitis.','2016-11-24 14:19:28','2016-11-24 14:19:28'),(264,'Model','Rogahn Inc','Ergonomic Granite Car','248','Iure et qui labore blanditiis ut.','Voluptatum eos architecto debitis qui qui tempore cum.',NULL,NULL,0,0,'Corrupti eum magni neque impedit et ut excepturi iste.','Quisquam non est neque quia.','2016-11-24 14:19:28','2016-11-24 14:19:28'),(265,'Model','Fisher, Haag and Waters','Intelligent Plastic Hat','249','Iure molestias maxime eligendi ducimus inventore consequatur vitae odit.','Iure suscipit corrupti omnis.',NULL,NULL,0,0,'Consequatur quis quae ad voluptatem asperiores fuga eum et.','Doloremque repellendus deserunt est voluptas facere molestiae.','2016-11-24 14:19:28','2016-11-24 14:19:28'),(266,'Model','Denesik and Sons','Fantastic Rubber Shoes','250','Aperiam maiores voluptas eum.','Est id libero veritatis voluptates.',NULL,NULL,2,0,'In impedit iste est.','Sunt aut consequatur voluptate doloribus.','2016-11-24 14:19:28','2016-11-24 14:19:28'),(267,'Model','Rohan-Kertzmann','Incredible Wooden Chair','251','Eum laboriosam voluptatem ipsa veritatis dolor dolor officia aut.','Amet quo reprehenderit ratione culpa eum velit illum nulla.',NULL,NULL,0,0,'Id odit amet alias quis qui totam ad.','Adipisci commodi quae molestias est.','2016-11-24 14:19:28','2016-11-24 14:19:28'),(268,'Model','Wisozk-Kreiger','Intelligent Concrete Pants','252','Possimus unde delectus aut rerum ullam voluptatem.','Necessitatibus architecto fugit quaerat earum voluptate vel.',NULL,NULL,1,0,'Natus minus et iusto consectetur.','Veritatis est eos recusandae qui molestias.','2016-11-24 14:19:28','2016-11-24 14:19:28'),(269,'Model','Kris-Ruecker','Awesome Rubber Chair','253','Occaecati expedita aliquid provident blanditiis dolores ut sit.','Omnis reiciendis earum debitis sint harum ipsam exercitationem omnis.',NULL,NULL,3,0,'Magni vel at sed dolorum illo aspernatur autem.','Perferendis minima quam quibusdam aut magnam.','2016-11-24 14:19:28','2016-11-24 14:19:28'),(270,'Model','Jast LLC','Gorgeous Plastic Car','254','Earum id autem dolor dolores impedit iste sit.','Autem quo ipsa et aperiam nam at.',NULL,NULL,2,0,'Quia consequuntur maiores sed voluptates.','Voluptas occaecati ipsum id temporibus.','2016-11-24 14:19:28','2016-11-24 14:19:28'),(271,'Model','Gottlieb, O\'Kon and McDermott','Ergonomic Granite Hat','255','Quibusdam odio aspernatur impedit.','Voluptatem nulla dolores alias nemo delectus adipisci.',NULL,NULL,2,0,'Quam provident non sapiente fuga eum officiis non.','Consectetur numquam quo vel perferendis perspiciatis architecto qui beatae.','2016-11-19 14:19:28','2016-11-19 14:19:28'),(272,'Model','Wehner-Stokes','Awesome Rubber Shoes','256','Rem in occaecati odit distinctio ratione.','Tempora impedit excepturi ea qui ut minus.',NULL,NULL,2,0,'Et officiis ut facilis.','Quia temporibus distinctio voluptatem ipsa.','2016-11-19 14:19:28','2016-11-19 14:19:28'),(273,'Model','Denesik LLC','Small Concrete Gloves','257','Sed rem sapiente deserunt quis recusandae nulla totam molestias.','Illo odit harum atque sapiente repellendus ipsam impedit dignissimos.',NULL,NULL,0,0,'Rem vel culpa ducimus officia fugiat molestiae aut quo.','Architecto voluptatem velit rerum et.','2016-11-19 14:19:28','2016-11-19 14:19:28'),(274,'Model','Osinski LLC','Small Rubber Chair','258','Magnam quasi sit numquam quisquam voluptatum voluptate.','Cumque dignissimos consequatur quibusdam ex.',NULL,NULL,1,0,'Omnis aut velit dolor deleniti dolores velit et.','Qui molestiae autem repellat.','2016-11-21 14:19:28','2016-11-21 14:19:28'),(275,'Model','Bogan-Waelchi','Awesome Steel Chair','259','Omnis ipsum harum veritatis deserunt corrupti laudantium reiciendis.','Voluptas expedita sint odit dolorem qui.',NULL,NULL,1,0,'Fuga quibusdam odit placeat quam non odio.','Corrupti modi vero culpa neque ea ipsam molestiae accusantium.','2016-11-21 14:19:28','2016-11-21 14:19:28'),(276,'Model','Robel-Grady','Intelligent Plastic Car','260','Occaecati ipsam ea nulla repellendus.','Quo eius dolore dolorum itaque et mollitia eveniet.',NULL,NULL,0,0,'Veritatis vel corrupti rerum alias quasi.','Deserunt et ipsa ex.','2016-11-21 14:19:28','2016-11-21 14:19:28'),(277,'Model','Emard LLC','Small Rubber Car','261','Quis sit nulla non.','Occaecati est id deserunt nisi doloribus fugit.',NULL,NULL,1,0,'Sed odit laudantium deserunt illum et dolorem in.','Sunt id qui rem non ut nobis esse.','2016-11-21 14:19:28','2016-11-21 14:19:28'),(278,'Model','Volkman, Mosciski and Heidenreich','Fantastic Cotton Shoes','262','Mollitia eveniet fuga non.','Dignissimos minus dolore in quisquam.',NULL,NULL,0,0,'Rerum delectus non voluptatem.','Voluptas voluptate consequatur non enim enim eum.','2016-11-21 14:19:28','2016-11-21 14:19:28');
/*!40000 ALTER TABLE `models` ENABLE KEYS */;
UNLOCK TABLES;

--
-- Table structure for table `models_compatibles`
--

DROP TABLE IF EXISTS `models_compatibles`;
/*!40101 SET @saved_cs_client     = @@character_set_client */;
/*!40101 SET character_set_client = utf8 */;
CREATE TABLE `models_compatibles` (
  `model_id` int(11) DEFAULT NULL,
  `compatible_id` int(11) DEFAULT NULL,
  KEY `index_models_compatibles_on_compatible_id` (`compatible_id`),
  KEY `index_models_compatibles_on_model_id` (`model_id`),
  CONSTRAINT `models_compatibles_compatible_id_fk` FOREIGN KEY (`compatible_id`) REFERENCES `models` (`id`),
  CONSTRAINT `models_compatibles_model_id_fk` FOREIGN KEY (`model_id`) REFERENCES `models` (`id`)
) ENGINE=InnoDB DEFAULT CHARSET=utf8 COLLATE=utf8_unicode_ci;
/*!40101 SET character_set_client = @saved_cs_client */;

--
-- Dumping data for table `models_compatibles`
--

LOCK TABLES `models_compatibles` WRITE;
/*!40000 ALTER TABLE `models_compatibles` DISABLE KEYS */;
INSERT INTO `models_compatibles` VALUES (15,14),(16,14),(17,14);
/*!40000 ALTER TABLE `models_compatibles` ENABLE KEYS */;
UNLOCK TABLES;

--
-- Table structure for table `notifications`
--

DROP TABLE IF EXISTS `notifications`;
/*!40101 SET @saved_cs_client     = @@character_set_client */;
/*!40101 SET character_set_client = utf8 */;
CREATE TABLE `notifications` (
  `id` int(11) NOT NULL AUTO_INCREMENT,
  `user_id` int(11) DEFAULT NULL,
  `title` varchar(255) COLLATE utf8_unicode_ci DEFAULT '',
  `created_at` datetime NOT NULL,
  PRIMARY KEY (`id`),
  KEY `index_notifications_on_user_id` (`user_id`),
  CONSTRAINT `notifications_user_id_fk` FOREIGN KEY (`user_id`) REFERENCES `users` (`id`) ON DELETE CASCADE
) ENGINE=InnoDB DEFAULT CHARSET=utf8 COLLATE=utf8_unicode_ci;
/*!40101 SET character_set_client = @saved_cs_client */;

--
-- Dumping data for table `notifications`
--

LOCK TABLES `notifications` WRITE;
/*!40000 ALTER TABLE `notifications` DISABLE KEYS */;
/*!40000 ALTER TABLE `notifications` ENABLE KEYS */;
UNLOCK TABLES;

--
-- Table structure for table `numerators`
--

DROP TABLE IF EXISTS `numerators`;
/*!40101 SET @saved_cs_client     = @@character_set_client */;
/*!40101 SET character_set_client = utf8 */;
CREATE TABLE `numerators` (
  `id` int(11) NOT NULL AUTO_INCREMENT,
  `item` int(11) DEFAULT NULL,
  PRIMARY KEY (`id`)
) ENGINE=InnoDB DEFAULT CHARSET=utf8 COLLATE=utf8_unicode_ci;
/*!40101 SET character_set_client = @saved_cs_client */;

--
-- Dumping data for table `numerators`
--

LOCK TABLES `numerators` WRITE;
/*!40000 ALTER TABLE `numerators` DISABLE KEYS */;
/*!40000 ALTER TABLE `numerators` ENABLE KEYS */;
UNLOCK TABLES;

--
-- Table structure for table `options`
--

DROP TABLE IF EXISTS `options`;
/*!40101 SET @saved_cs_client     = @@character_set_client */;
/*!40101 SET character_set_client = utf8 */;
CREATE TABLE `options` (
  `id` int(11) NOT NULL AUTO_INCREMENT,
  `inventory_pool_id` int(11) DEFAULT NULL,
  `inventory_code` varchar(255) COLLATE utf8_unicode_ci DEFAULT NULL,
  `manufacturer` varchar(255) COLLATE utf8_unicode_ci DEFAULT NULL,
  `product` varchar(255) COLLATE utf8_unicode_ci NOT NULL,
  `version` varchar(255) COLLATE utf8_unicode_ci DEFAULT NULL,
  `price` decimal(8,2) DEFAULT NULL,
  PRIMARY KEY (`id`),
  KEY `index_options_on_inventory_pool_id` (`inventory_pool_id`),
  CONSTRAINT `options_inventory_pool_id_fk` FOREIGN KEY (`inventory_pool_id`) REFERENCES `inventory_pools` (`id`)
) ENGINE=InnoDB AUTO_INCREMENT=8 DEFAULT CHARSET=utf8 COLLATE=utf8_unicode_ci;
/*!40101 SET character_set_client = @saved_cs_client */;

--
-- Dumping data for table `options`
--

LOCK TABLES `options` WRITE;
/*!40000 ALTER TABLE `options` DISABLE KEYS */;
INSERT INTO `options` VALUES (1,1,'akku-aa',NULL,'Akku AA','86',1088.00),(2,1,'akku-aaa',NULL,'Akku AAA','87',1334.00),(3,1,'usb',NULL,'USB Kabel','88',384.00),(4,1,'sandsack123',NULL,'Sandsack','89',809.00),(5,1,'qui9886',NULL,'Practical Rubber Pants','224',253.00),(6,2,'bea5829',NULL,'Small Concrete Chair','227',1004.00),(7,1,'qui9883',NULL,'Incredible Granite Shoes','231',497.00);
/*!40000 ALTER TABLE `options` ENABLE KEYS */;
UNLOCK TABLES;

--
-- Table structure for table `partitions`
--

DROP TABLE IF EXISTS `partitions`;
/*!40101 SET @saved_cs_client     = @@character_set_client */;
/*!40101 SET character_set_client = utf8 */;
CREATE TABLE `partitions` (
  `id` int(11) NOT NULL AUTO_INCREMENT,
  `model_id` int(11) DEFAULT NULL,
  `inventory_pool_id` int(11) DEFAULT NULL,
  `group_id` int(11) DEFAULT NULL,
  `quantity` int(11) DEFAULT NULL,
  PRIMARY KEY (`id`),
  UNIQUE KEY `index_partitions_on_model_id_and_inventory_pool_id_and_group_id` (`model_id`,`inventory_pool_id`,`group_id`),
  KEY `partitions_group_id_fk` (`group_id`),
  KEY `partitions_inventory_pool_id_fk` (`inventory_pool_id`),
  CONSTRAINT `partitions_model_id_fk` FOREIGN KEY (`model_id`) REFERENCES `models` (`id`) ON DELETE CASCADE,
  CONSTRAINT `partitions_group_id_fk` FOREIGN KEY (`group_id`) REFERENCES `groups` (`id`),
  CONSTRAINT `partitions_inventory_pool_id_fk` FOREIGN KEY (`inventory_pool_id`) REFERENCES `inventory_pools` (`id`)
) ENGINE=InnoDB AUTO_INCREMENT=11 DEFAULT CHARSET=utf8 COLLATE=utf8_unicode_ci;
/*!40101 SET character_set_client = @saved_cs_client */;

--
-- Dumping data for table `partitions`
--

LOCK TABLES `partitions` WRITE;
/*!40000 ALTER TABLE `partitions` DISABLE KEYS */;
INSERT INTO `partitions` VALUES (1,10,1,4,1),(2,8,1,1,1),(3,8,1,2,1),(4,15,1,1,1),(5,16,1,5,1),(6,17,1,6,1),(7,19,1,7,1),(8,21,1,7,1),(9,20,1,8,1),(10,22,1,10,1);
/*!40000 ALTER TABLE `partitions` ENABLE KEYS */;
UNLOCK TABLES;

--
-- Temporary table structure for view `partitions_with_generals`
--

DROP TABLE IF EXISTS `partitions_with_generals`;
/*!50001 DROP VIEW IF EXISTS `partitions_with_generals`*/;
SET @saved_cs_client     = @@character_set_client;
SET character_set_client = utf8;
/*!50001 CREATE TABLE `partitions_with_generals` (
  `model_id` tinyint NOT NULL,
  `inventory_pool_id` tinyint NOT NULL,
  `group_id` tinyint NOT NULL,
  `quantity` tinyint NOT NULL
) ENGINE=MyISAM */;
SET character_set_client = @saved_cs_client;

--
-- Table structure for table `properties`
--

DROP TABLE IF EXISTS `properties`;
/*!40101 SET @saved_cs_client     = @@character_set_client */;
/*!40101 SET character_set_client = utf8 */;
CREATE TABLE `properties` (
  `id` int(11) NOT NULL AUTO_INCREMENT,
  `model_id` int(11) DEFAULT NULL,
  `key` varchar(255) COLLATE utf8_unicode_ci DEFAULT NULL,
  `value` varchar(255) COLLATE utf8_unicode_ci DEFAULT NULL,
  PRIMARY KEY (`id`),
  KEY `index_properties_on_model_id` (`model_id`),
  CONSTRAINT `properties_model_id_fk` FOREIGN KEY (`model_id`) REFERENCES `models` (`id`) ON DELETE CASCADE
) ENGINE=InnoDB AUTO_INCREMENT=13 DEFAULT CHARSET=utf8 COLLATE=utf8_unicode_ci;
/*!40101 SET character_set_client = @saved_cs_client */;

--
-- Dumping data for table `properties`
--

LOCK TABLES `properties` WRITE;
/*!40000 ALTER TABLE `properties` DISABLE KEYS */;
INSERT INTO `properties` VALUES (1,15,'Rotordurchmesser','120'),(2,15,'Akkus','2'),(3,15,'Farbe','Rot'),(4,16,'Rotordurchmesser','120'),(5,16,'Akkus','2'),(6,16,'Farbe','Rot'),(7,16,'max. Speed','80 kmh'),(8,16,'Gyro','Ja'),(9,16,'Achsen','3-Achsen'),(10,17,'Rotordurchmesser','120'),(11,17,'Akkus','2'),(12,17,'Farbe','Rot');
/*!40000 ALTER TABLE `properties` ENABLE KEYS */;
UNLOCK TABLES;

--
-- Table structure for table `purposes`
--

DROP TABLE IF EXISTS `purposes`;
/*!40101 SET @saved_cs_client     = @@character_set_client */;
/*!40101 SET character_set_client = utf8 */;
CREATE TABLE `purposes` (
  `id` int(11) NOT NULL AUTO_INCREMENT,
  `description` text COLLATE utf8_unicode_ci,
  PRIMARY KEY (`id`)
) ENGINE=InnoDB AUTO_INCREMENT=73 DEFAULT CHARSET=utf8 COLLATE=utf8_unicode_ci;
/*!40101 SET character_set_client = @saved_cs_client */;

--
-- Dumping data for table `purposes`
--

LOCK TABLES `purposes` WRITE;
/*!40000 ALTER TABLE `purposes` DISABLE KEYS */;
INSERT INTO `purposes` VALUES (1,'Bentige ich fr die Aufnahmen meiner Abschlussarbeit.'),(2,'Bentige ich fr die Aufnahmen meiner Abschlussarbeit.'),(3,'Aliquid et maiores sint.'),(4,'Illo et quis id quae aut qui fugiat perspiciatis.'),(5,'Quae voluptatum praesentium odit dolorem.'),(6,'Accusamus fugit consequatur tenetur voluptate sed sit.'),(7,'Culpa enim cumque cupiditate hic ut.'),(8,'Ersatzstativ fr die Ausstellung.'),(9,'Ersatzstativ fr die Ausstellung.'),(10,'Ersatzstativ fr die Ausstellung.'),(11,'Ersatzstativ fr die Ausstellung.'),(12,'Ersatzstativ fr die Ausstellung.'),(13,'Ersatzstativ fr die Ausstellung.'),(14,'Ersatzstativ fr die Ausstellung.'),(15,'Ersatzstativ fr die Ausstellung.'),(16,'Ersatzstativ fr die Ausstellung.'),(17,'Ersatzstativ fr die Ausstellung.'),(18,'Fr meinen aktuellen Kurs.'),(19,'Fr meinen aktuellen Kurs.'),(20,'Fr meinen aktuellen Kurs.'),(21,'Fr meinen aktuellen Kurs.'),(22,'Sint ullam saepe ipsa.'),(23,'Quia iste qui quis voluptatem corporis ut.'),(24,'Quo sed sed minima sunt doloribus veniam.'),(25,'Ersatzstativ fr die Ausstellung.'),(26,'Ersatzstativ fr die Ausstellung.'),(27,'Ersatzstativ fr die Ausstellung.'),(28,'Quis voluptas cumque reprehenderit deleniti sed saepe qui quisquam.'),(29,'Ducimus occaecati omnis deserunt sint ut beatae fugit maiores.'),(30,'Doloribus esse nemo modi libero.'),(31,'Unde et neque quia inventore consequuntur.'),(32,'Quo ut consequatur voluptas.'),(33,'Voluptatem iste qui dicta consequatur nulla.'),(34,'Excepturi aut pariatur dicta doloribus cupiditate cumque.'),(35,'Inventore excepturi dolorem beatae et delectus laborum doloribus eos.'),(36,'Id aliquid blanditiis eum at.'),(37,'Commodi hic nemo asperiores aut.'),(38,'Magnam dolores aspernatur necessitatibus.'),(39,'Ersatzstativ fr die Ausstellung.'),(40,'Fr das zweite Austellungswochenende.'),(41,'Fr das zweite Austellungswochenende.'),(42,'Fr das dritte Austellungswochenende.'),(43,'Fr die Abschlussarbeit.'),(44,'Ersatzstativ fr die Ausstellung.'),(45,'Ersatzstativ fr die Ausstellung.'),(46,'Ersatzstativ fr die Ausstellung.'),(47,'Bestellung mit Software'),(48,'Bestellung mit Gegenstand ohne Ort'),(49,'Um meine Abschlussarbeit zu fotografieren.'),(50,'Als Ersatz.'),(51,'Voluptatem veniam omnis aspernatur ut.'),(52,'Quos accusantium aperiam sequi beatae in.'),(53,'Um meine Abschlussarbeit zu fotografieren.'),(54,'Um meine Abschlussarbeit zu fotografieren.'),(55,'Um meine Abschlussarbeit zu fotografieren.'),(56,'Quia totam earum maxime cupiditate.'),(57,'Quis ea voluptatem debitis deleniti vel.'),(58,'Paketausgabe'),(59,'Ersatzstativ fr die Ausstellung.'),(60,'Ersatzstativ fr die Ausstellung.'),(61,'Ganz dringend bentigt fr meine Abschlussarbeit.'),(62,'Um meine Abschlussarbeit zu fotografieren.'),(63,'Um meine Abschlussarbeit zu fotografieren.'),(64,'Fotoshooting (Kurs Fotografie).'),(65,'Brauche ich zwingend fr meinen Kurs.'),(66,'Rerum voluptates omnis quia nobis at nemo a.'),(67,'Vel non fuga voluptatibus pariatur.'),(68,'Numquam nemo vitae est.'),(69,'Excepturi sapiente aut omnis.'),(70,'Architecto nihil rerum qui sint asperiores maxime.'),(71,'Ersatzstativ fr die Ausstellung.'),(72,'Ersatzstativ fr die Ausstellung.');
/*!40000 ALTER TABLE `purposes` ENABLE KEYS */;
UNLOCK TABLES;

--
-- Table structure for table `schema_migrations`
--

DROP TABLE IF EXISTS `schema_migrations`;
/*!40101 SET @saved_cs_client     = @@character_set_client */;
/*!40101 SET character_set_client = utf8 */;
CREATE TABLE `schema_migrations` (
  `version` varchar(255) COLLATE utf8_unicode_ci NOT NULL,
  UNIQUE KEY `unique_schema_migrations` (`version`)
) ENGINE=InnoDB DEFAULT CHARSET=utf8 COLLATE=utf8_unicode_ci;
/*!40101 SET character_set_client = @saved_cs_client */;

--
-- Dumping data for table `schema_migrations`
--

LOCK TABLES `schema_migrations` WRITE;
/*!40000 ALTER TABLE `schema_migrations` DISABLE KEYS */;
INSERT INTO `schema_migrations` VALUES ('20140410180000'),('20140414100000'),('20140415083535'),('20140417113831'),('20140428092844'),('20140515131025'),('20140812132326'),('20140820100242'),('20140828082448'),('20140901141016'),('20140903105715'),('20140905091014'),('20141110113231');
/*!40000 ALTER TABLE `schema_migrations` ENABLE KEYS */;
UNLOCK TABLES;

--
-- Table structure for table `settings`
--

DROP TABLE IF EXISTS `settings`;
/*!40101 SET @saved_cs_client     = @@character_set_client */;
/*!40101 SET character_set_client = utf8 */;
CREATE TABLE `settings` (
  `id` int(11) NOT NULL AUTO_INCREMENT,
  `smtp_address` varchar(255) COLLATE utf8_unicode_ci DEFAULT NULL,
  `smtp_port` int(11) DEFAULT NULL,
  `smtp_domain` varchar(255) COLLATE utf8_unicode_ci DEFAULT NULL,
  `local_currency_string` varchar(255) COLLATE utf8_unicode_ci DEFAULT NULL,
  `contract_terms` text COLLATE utf8_unicode_ci,
  `contract_lending_party_string` text COLLATE utf8_unicode_ci,
  `email_signature` varchar(255) COLLATE utf8_unicode_ci DEFAULT NULL,
  `default_email` varchar(255) COLLATE utf8_unicode_ci DEFAULT NULL,
  `deliver_order_notifications` tinyint(1) DEFAULT NULL,
  `user_image_url` varchar(255) COLLATE utf8_unicode_ci DEFAULT NULL,
  `ldap_config` varchar(255) COLLATE utf8_unicode_ci DEFAULT NULL,
  `logo_url` varchar(255) COLLATE utf8_unicode_ci DEFAULT NULL,
  `mail_delivery_method` varchar(255) COLLATE utf8_unicode_ci DEFAULT NULL,
  `smtp_username` varchar(255) COLLATE utf8_unicode_ci DEFAULT NULL,
  `smtp_password` varchar(255) COLLATE utf8_unicode_ci DEFAULT NULL,
  `smtp_enable_starttls_auto` tinyint(1) NOT NULL DEFAULT '0',
  `smtp_openssl_verify_mode` varchar(255) COLLATE utf8_unicode_ci NOT NULL DEFAULT 'none',
  `time_zone` varchar(255) COLLATE utf8_unicode_ci NOT NULL DEFAULT 'Bern',
  `disable_manage_section` tinyint(1) NOT NULL DEFAULT '0',
  `disable_manage_section_message` text COLLATE utf8_unicode_ci,
  `disable_borrow_section` tinyint(1) NOT NULL DEFAULT '0',
  `disable_borrow_section_message` text COLLATE utf8_unicode_ci,
  `text` text COLLATE utf8_unicode_ci,
  PRIMARY KEY (`id`)
) ENGINE=InnoDB AUTO_INCREMENT=2 DEFAULT CHARSET=utf8 COLLATE=utf8_unicode_ci;
/*!40101 SET character_set_client = @saved_cs_client */;

--
-- Dumping data for table `settings`
--

LOCK TABLES `settings` WRITE;
/*!40000 ALTER TABLE `settings` DISABLE KEYS */;
INSERT INTO `settings` VALUES (1,'smtp.zhdk.ch',25,'beta.ausleihe.zhdk.ch','CHF','Die Benutzerin/der Benutzer ist bei unsachgemsser Handhabung oder Verlust schadenersatzpflichtig. Sie/Er verpflichtet sich, das Material sorgfltig zu behandeln und gereinigt zu retournieren. Bei mangelbehafteter oder verspteter Rckgabe kann eine Ausleihsperre (bis zu 6 Monaten) verhngt werden. Das geliehene Material bleibt jederzeit uneingeschrnktes Eigentum der Zrcher Hochschule der Knste und darf ausschliesslich fr schulische Zwecke eingesetzt werden. Mit ihrer/seiner Unterschrift akzeptiert die Benutzerin/der Benutzer diese Bedingungen sowie die \'Richtlinie zur Ausleihe von Sachen\' der ZHdK und etwaige abteilungsspezifische Ausleih-Richtlinien.','Your\nAddress\nHere','Das PZ-leihs Team','sender@example.com',0,'http://www.zhdk.ch/?person/foto&width=100&compressionlevel=0&id={:id}',NULL,'/assets/image-logo-zhdk.png','test',NULL,NULL,0,'none','Bern',0,NULL,0,NULL,NULL);
/*!40000 ALTER TABLE `settings` ENABLE KEYS */;
UNLOCK TABLES;

--
-- Table structure for table `suppliers`
--

DROP TABLE IF EXISTS `suppliers`;
/*!40101 SET @saved_cs_client     = @@character_set_client */;
/*!40101 SET character_set_client = utf8 */;
CREATE TABLE `suppliers` (
  `id` int(11) NOT NULL AUTO_INCREMENT,
  `name` varchar(255) COLLATE utf8_unicode_ci NOT NULL,
  `created_at` datetime DEFAULT NULL,
  `updated_at` datetime DEFAULT NULL,
  PRIMARY KEY (`id`),
  UNIQUE KEY `index_suppliers_on_name` (`name`)
) ENGINE=InnoDB AUTO_INCREMENT=275 DEFAULT CHARSET=utf8 COLLATE=utf8_unicode_ci;
/*!40101 SET character_set_client = @saved_cs_client */;

--
-- Dumping data for table `suppliers`
--

LOCK TABLES `suppliers` WRITE;
/*!40000 ALTER TABLE `suppliers` DISABLE KEYS */;
INSERT INTO `suppliers` VALUES (1,'molestiaeutdistinctio','2016-11-24 14:19:28','2016-11-24 14:19:28'),(2,'suscipitillumquibusdamquisquamsint','2016-11-24 14:19:28','2016-11-24 14:19:28'),(3,'estquibusdamvoluptatibustotam','2016-11-24 14:19:28','2016-11-24 14:19:28'),(4,'adnobisodioipsaut','2016-11-24 14:19:28','2016-11-24 14:19:28'),(5,'assumendavoluptatumaspernatur','2016-11-24 14:19:28','2016-11-24 14:19:28'),(6,'rerummagni','2016-11-24 14:19:28','2016-11-24 14:19:28'),(7,'quivoluptaspraesentium','2016-11-24 14:19:28','2016-11-24 14:19:28'),(8,'quiesttemporaminimarerum','2016-11-24 14:19:28','2016-11-24 14:19:28'),(9,'voluptatemipsum','2016-11-24 14:19:28','2016-11-24 14:19:28'),(10,'sintsedeius','2016-11-24 14:19:28','2016-11-24 14:19:28'),(11,'temporibusquiaomnisexplicabo','2016-11-24 14:19:28','2016-11-24 14:19:28'),(12,'quiadolores','2016-11-24 14:19:28','2016-11-24 14:19:28'),(13,'solutablanditiisab','2016-11-24 14:19:28','2016-11-24 14:19:28'),(14,'sequiquasest','2016-11-24 14:19:28','2016-11-24 14:19:28'),(15,'aliasestdelenitifacilisnemo','2016-11-24 14:19:28','2016-11-24 14:19:28'),(16,'quiaquasirepudiandae','2016-11-24 14:19:28','2016-11-24 14:19:28'),(17,'officiiseaeos','2016-11-24 14:19:28','2016-11-24 14:19:28'),(18,'corporiscommodidolorquam','2016-11-24 14:19:28','2016-11-24 14:19:28'),(19,'nonquimaioresvoluptatemnecessitatibus','2016-11-24 14:19:28','2016-11-24 14:19:28'),(20,'atqueaut','2016-11-24 14:19:28','2016-11-24 14:19:28'),(21,'eosdoloressuntaliquam','2016-11-24 14:19:28','2016-11-24 14:19:28'),(22,'reiciendisblanditiis','2016-11-24 14:19:28','2016-11-24 14:19:28'),(23,'providentodiocumquerepellat','2016-11-24 14:19:28','2016-11-24 14:19:28'),(24,'quiimpeditaliaslaborum','2016-11-24 14:19:28','2016-11-24 14:19:28'),(25,'placeatexcepturiquoomnis','2016-11-24 14:19:28','2016-11-24 14:19:28'),(26,'ipsamsimiliquedolorumeiusdeleniti','2016-11-24 14:19:28','2016-11-24 14:19:28'),(27,'utdoloribusofficiis','2016-11-24 14:19:28','2016-11-24 14:19:28'),(28,'saepemollitia','2016-11-24 14:19:28','2016-11-24 14:19:28'),(29,'veniamteneturmollitiaquia','2016-11-24 14:19:28','2016-11-24 14:19:28'),(30,'evenieteligendiamet','2016-11-24 14:19:28','2016-11-24 14:19:28'),(31,'nihilquo','2016-11-24 14:19:28','2016-11-24 14:19:28'),(32,'autfacerevoluptatem','2016-11-24 14:19:28','2016-11-24 14:19:28'),(33,'etsitdoloribusquo','2016-11-24 14:19:28','2016-11-24 14:19:28'),(34,'quisquamassumendavoluptatemet','2016-11-24 14:19:28','2016-11-24 14:19:28'),(35,'nesciuntestveroperspiciatis','2016-11-24 14:19:28','2016-11-24 14:19:28'),(36,'etofficiis','2016-11-24 14:19:28','2016-11-24 14:19:28'),(37,'namrecusandaequi','2016-11-24 14:19:28','2016-11-24 14:19:28'),(38,'facilisblanditiis','2016-11-24 14:19:28','2016-11-24 14:19:28'),(39,'intemporibusseddoloresquis','2016-11-24 14:19:28','2016-11-24 14:19:28'),(40,'sintducimuseaasperioresut','2016-11-24 14:19:28','2016-11-24 14:19:28'),(41,'voluptatibuslaboredoloresqui','2016-11-24 14:19:28','2016-11-24 14:19:28'),(42,'laboriosamaperiam','2016-11-24 14:19:28','2016-11-24 14:19:28'),(43,'initaquenumquamvoluptatesconsequatur','2016-11-24 14:19:28','2016-11-24 14:19:28'),(44,'enimeosutvelit','2016-11-24 14:19:28','2016-11-24 14:19:28'),(45,'quimollitiamagnilaboriosam','2016-11-24 14:19:28','2016-11-24 14:19:28'),(46,'laboreculpa','2016-11-24 14:19:28','2016-11-24 14:19:28'),(47,'reprehenderitrecusandae','2016-11-24 14:19:28','2016-11-24 14:19:28'),(48,'abeiuscorruptiperferendis','2016-11-24 14:19:28','2016-11-24 14:19:28'),(49,'sitnammolestiasut','2016-11-24 14:19:28','2016-11-24 14:19:28'),(50,'quoautemsimiliqueveritatis','2016-11-24 14:19:28','2016-11-24 14:19:28'),(51,'hicaut','2016-11-24 14:19:28','2016-11-24 14:19:28'),(52,'doloremquenonsunt','2016-11-24 14:19:28','2016-11-24 14:19:28'),(53,'autqui','2016-11-24 14:19:28','2016-11-24 14:19:28'),(54,'estfugafugiat','2016-11-24 14:19:28','2016-11-24 14:19:28'),(55,'fugiatquisquammolestiaeut','2016-11-24 14:19:28','2016-11-24 14:19:28'),(56,'etrepudiandaeabpossimusalias','2016-11-24 14:19:28','2016-11-24 14:19:28'),(57,'utcorporis','2016-11-24 14:19:28','2016-11-24 14:19:28'),(58,'voluptatemsapienteinventore','2016-11-24 14:19:28','2016-11-24 14:19:28'),(59,'consequaturiustoquibusdam','2016-11-24 14:19:28','2016-11-24 14:19:28'),(60,'totamvero','2016-11-24 14:19:28','2016-11-24 14:19:28'),(61,'inciduntvoluptatumvitaeillo','2016-11-24 14:19:28','2016-11-24 14:19:28'),(62,'modimolestias','2016-11-24 14:19:28','2016-11-24 14:19:28'),(63,'aliasquietet','2016-11-24 14:19:28','2016-11-24 14:19:28'),(64,'nullaoptiorepellenduspariaturitaque','2016-11-24 14:19:28','2016-11-24 14:19:28'),(65,'voluptatemprovidentmolestiaedelenitiadipisci','2016-11-24 14:19:28','2016-11-24 14:19:28'),(66,'voluptatumrepudiandaedelenitirepellendus','2016-11-24 14:19:28','2016-11-24 14:19:28'),(67,'remaliquideveniet','2016-11-24 14:19:28','2016-11-24 14:19:28'),(68,'optiovoluptatemfugiat','2016-11-24 14:19:28','2016-11-24 14:19:28'),(69,'optioquiaquifacilisvoluptatem','2016-11-24 14:19:28','2016-11-24 14:19:28'),(70,'cumqueimpeditametnumquammollitia','2016-11-24 14:19:28','2016-11-24 14:19:28'),(71,'suntearumquiavelitut','2016-11-24 14:19:28','2016-11-24 14:19:28'),(72,'rationequi','2016-11-24 14:19:28','2016-11-24 14:19:28'),(73,'natussequiporroquihic','2016-11-24 14:19:28','2016-11-24 14:19:28'),(74,'quiut','2016-11-24 14:19:28','2016-11-24 14:19:28'),(75,'utreprehenderitporroab','2016-11-24 14:19:28','2016-11-24 14:19:28'),(76,'utvoluptatumsimilique','2016-11-24 14:19:28','2016-11-24 14:19:28'),(77,'molestiaeadipisciaperiamvoluptatemfugit','2016-11-24 14:19:28','2016-11-24 14:19:28'),(78,'errorutquisdoloribusest','2016-11-24 14:19:28','2016-11-24 14:19:28'),(79,'harumvoluptatemrerumipsaquos','2016-11-24 14:19:28','2016-11-24 14:19:28'),(80,'excepturiinventore','2016-11-24 14:19:28','2016-11-24 14:19:28'),(81,'autsitetvoluptatemest','2016-11-24 14:19:28','2016-11-24 14:19:28'),(82,'sitexplicaboaccusamus','2016-11-24 14:19:28','2016-11-24 14:19:28'),(83,'molestiaequianobis','2016-11-24 14:19:28','2016-11-24 14:19:28'),(84,'eiusipsampossimusrerumtempora','2016-11-24 14:19:28','2016-11-24 14:19:28'),(85,'ipsadignissimos','2016-11-24 14:19:28','2016-11-24 14:19:28'),(86,'etoccaecatinesciunt','2016-11-24 14:19:28','2016-11-24 14:19:28'),(87,'blanditiisveritatisdelenitinonrerum','2016-11-24 14:19:28','2016-11-24 14:19:28'),(88,'nullaeaconsequatur','2016-11-24 14:19:28','2016-11-24 14:19:28'),(89,'quasienim','2016-11-24 14:19:28','2016-11-24 14:19:28'),(90,'solutasapientequisquamrerum','2016-11-24 14:19:28','2016-11-24 14:19:28'),(91,'suscipitexercitationemdelenitinihilminima','2016-11-24 14:19:28','2016-11-24 14:19:28'),(92,'velitquisfacilishic','2016-11-24 14:19:28','2016-11-24 14:19:28'),(93,'etconsequatur','2016-11-24 14:19:28','2016-11-24 14:19:28'),(94,'magniadipisciquoetnihil','2016-11-24 14:19:28','2016-11-24 14:19:28'),(95,'pariaturremoccaecatidolorut','2016-11-24 14:19:28','2016-11-24 14:19:28'),(96,'voluptatesmolestiaeidquosaut','2016-11-24 14:19:28','2016-11-24 14:19:28'),(97,'eumetrationesuscipitest','2016-11-24 14:19:28','2016-11-24 14:19:28'),(98,'etmolestiaelibero','2016-11-24 14:19:28','2016-11-24 14:19:28'),(99,'sitcupiditateutetlabore','2016-11-24 14:19:28','2016-11-24 14:19:28'),(100,'evenietestnihilveritatis','2016-11-24 14:19:28','2016-11-24 14:19:28'),(101,'etearumnonquo','2016-11-24 14:19:28','2016-11-24 14:19:28'),(102,'velquibusdamut','2016-11-24 14:19:28','2016-11-24 14:19:28'),(103,'providentassumendaipsam','2016-11-24 14:19:28','2016-11-24 14:19:28'),(104,'nonidadipisci','2016-11-24 14:19:28','2016-11-24 14:19:28'),(105,'etdolordoloreharum','2016-11-24 14:19:28','2016-11-24 14:19:28'),(106,'omnisautautemconsequatur','2016-11-24 14:19:28','2016-11-24 14:19:28'),(107,'quiaaperiamrepudiandaeaccusantiumnisi','2016-11-24 14:19:28','2016-11-24 14:19:28'),(108,'eteligendi','2016-11-24 14:19:28','2016-11-24 14:19:28'),(109,'voluptatibusquaeeius','2016-11-24 14:19:28','2016-11-24 14:19:28'),(110,'autharumet','2016-11-24 14:19:28','2016-11-24 14:19:28'),(111,'eossittotamsimilique','2016-11-24 14:19:28','2016-11-24 14:19:28'),(112,'faceresintveltemporavoluptatem','2016-11-24 14:19:28','2016-11-24 14:19:28'),(113,'velitaccusantiumdolorecorrupti','2016-11-24 14:19:28','2016-11-24 14:19:28'),(114,'autemmagnidolorumblanditiiscumque','2016-11-24 14:19:28','2016-11-24 14:19:28'),(115,'quisitaquedictasedofficiis','2016-11-24 14:19:28','2016-11-24 14:19:28'),(116,'repellendussuscipit','2016-11-24 14:19:28','2016-11-24 14:19:28'),(117,'quivel','2016-11-24 14:19:28','2016-11-24 14:19:28'),(118,'maximequaeratsimiliquehic','2016-11-24 14:19:28','2016-11-24 14:19:28'),(119,'nammodiqui','2016-11-24 14:19:28','2016-11-24 14:19:28'),(120,'etdictatempore','2016-11-24 14:19:28','2016-11-24 14:19:28'),(121,'itaquealiasrepellat','2016-11-24 14:19:28','2016-11-24 14:19:28'),(122,'omnismaioressedenimqui','2016-11-24 14:19:28','2016-11-24 14:19:28'),(123,'delenitimolestiascupiditateetut','2016-11-24 14:19:28','2016-11-24 14:19:28'),(124,'estconsequatur','2016-11-24 14:19:28','2016-11-24 14:19:28'),(125,'inmagnibeatae','2016-11-24 14:19:28','2016-11-24 14:19:28'),(126,'voluptatemsuscipitofficiisettempora','2016-11-24 14:19:28','2016-11-24 14:19:28'),(127,'aquisreiciendisquiaodit','2016-11-24 14:19:28','2016-11-24 14:19:28'),(128,'delectusutdolores','2016-11-24 14:19:28','2016-11-24 14:19:28'),(129,'fugarepellendus','2016-11-24 14:19:28','2016-11-24 14:19:28'),(130,'estvoluptassed','2016-11-24 14:19:28','2016-11-24 14:19:28'),(131,'teneturundeomnisfugiat','2016-11-24 14:19:28','2016-11-24 14:19:28'),(132,'quiaccusamusdelectus','2016-11-24 14:19:28','2016-11-24 14:19:28'),(133,'numquamsed','2016-11-24 14:19:28','2016-11-24 14:19:28'),(134,'utnatusquo','2016-11-24 14:19:28','2016-11-24 14:19:28'),(135,'veroutprovident','2016-11-24 14:19:28','2016-11-24 14:19:28'),(136,'veniamitaquesapientelaudantium','2016-11-24 14:19:28','2016-11-24 14:19:28'),(137,'optiovoluptatum','2016-11-24 14:19:28','2016-11-24 14:19:28'),(138,'quisquamvoluptatesunt','2016-11-24 14:19:28','2016-11-24 14:19:28'),(139,'veroquisitmaiores','2016-11-24 14:19:28','2016-11-24 14:19:28'),(140,'utsimilique','2016-11-24 14:19:28','2016-11-24 14:19:28'),(141,'sequiametvelit','2016-11-24 14:19:28','2016-11-24 14:19:28'),(142,'autemenimsit','2016-11-24 14:19:28','2016-11-24 14:19:28'),(143,'voluptatemqui','2016-11-24 14:19:28','2016-11-24 14:19:28'),(144,'laborumquodoloremquesuscipitsit','2016-11-24 14:19:28','2016-11-24 14:19:28'),(145,'eumquisodioautemet','2016-11-24 14:19:28','2016-11-24 14:19:28'),(146,'incumnemofuga','2016-11-24 14:19:28','2016-11-24 14:19:28'),(147,'nemoaut','2016-11-24 14:19:28','2016-11-24 14:19:28'),(148,'saepeetaccusamus','2016-11-24 14:19:28','2016-11-24 14:19:28'),(149,'eteosmolestiasrepudiandaeautem','2016-11-24 14:19:28','2016-11-24 14:19:28'),(150,'corporiseumquos','2016-11-24 14:19:28','2016-11-24 14:19:28'),(151,'iurererumquiexpeditaquia','2016-11-24 14:19:28','2016-11-24 14:19:28'),(152,'recusandaeprovidentsoluta','2016-11-24 14:19:28','2016-11-24 14:19:28'),(153,'asperioresearum','2016-11-20 14:19:28','2016-11-20 14:19:28'),(154,'culpaasequiquiaqui','2016-11-20 14:19:28','2016-11-20 14:19:28'),(155,'quidemmollitia','2016-11-20 14:19:28','2016-11-20 14:19:28'),(156,'etquisquam','2016-11-24 14:19:28','2016-11-24 14:19:28'),(157,'estvoluptas','2016-11-24 14:19:28','2016-11-24 14:19:28'),(158,'utaliquamquidemeosdolorum','2016-11-24 14:19:28','2016-11-24 14:19:28'),(159,'inexconsequatur','2016-11-24 14:19:28','2016-11-24 14:19:28'),(160,'ettempora','2016-11-24 14:19:28','2016-11-24 14:19:28'),(161,'rerumprovidentquasiestet','2016-11-24 14:19:28','2016-11-24 14:19:28'),(162,'beataeimpeditomnisnisi','2016-11-24 14:19:28','2016-11-24 14:19:28'),(163,'utsint','2016-11-24 14:19:28','2016-11-24 14:19:28'),(164,'autmaximeducimusnequevoluptas','2016-11-24 14:19:28','2016-11-24 14:19:28'),(165,'cumquesapienteistesitqui','2016-11-24 14:19:28','2016-11-24 14:19:28'),(166,'autemquiaminusperspiciatis','2016-11-24 14:19:28','2016-11-24 14:19:28'),(167,'quisfugaquia','2016-11-24 14:19:28','2016-11-24 14:19:28'),(168,'facereautautemdignissimos','2016-11-24 14:19:28','2016-11-24 14:19:28'),(169,'consequaturvitae','2016-11-24 14:19:28','2016-11-24 14:19:28'),(170,'tenetursit','2016-11-24 14:19:28','2016-11-24 14:19:28'),(171,'itaqueutdolore','2016-11-20 14:19:28','2016-11-20 14:19:28'),(172,'consequunturomnis','2016-11-20 14:19:28','2016-11-20 14:19:28'),(173,'quaeratquiadolore','2016-11-20 14:19:28','2016-11-20 14:19:28'),(174,'velitfugitutest','2016-11-20 14:19:28','2016-11-20 14:19:28'),(175,'utnisi','2016-11-20 14:19:28','2016-11-20 14:19:28'),(176,'doloremquedeserunttemporibusvitae','2016-11-19 14:19:28','2016-11-19 14:19:28'),(177,'perspiciatisfuga','2016-11-19 14:19:28','2016-11-19 14:19:28'),(178,'quiimpedit','2016-11-19 14:19:28','2016-11-19 14:19:28'),(179,'nobisetminusipsain','2016-11-19 14:19:28','2016-11-19 14:19:28'),(180,'maximeadipiscipossimuseos','2016-11-19 14:19:28','2016-11-19 14:19:28'),(181,'eaetestvoluptatemdebitis','2016-11-24 14:19:28','2016-11-24 14:19:28'),(182,'quiblanditiis','2016-11-24 14:19:28','2016-11-24 14:19:28'),(183,'laboriosamanimi','2016-11-24 14:19:28','2016-11-24 14:19:28'),(184,'estvoluptatemveldolores','2016-11-24 14:19:28','2016-11-24 14:19:28'),(185,'itaquenatuslaudantium','2016-11-24 14:19:28','2016-11-24 14:19:28'),(186,'laudantiumtenetur','2016-11-24 14:19:28','2016-11-24 14:19:28'),(187,'inciduntnihiletducimus','2016-11-24 14:19:28','2016-11-24 14:19:28'),(188,'undesequisedomnisaut','2016-11-24 14:19:28','2016-11-24 14:19:28'),(189,'laborumrerumdoloresnamfugiat','2016-11-24 14:19:28','2016-11-24 14:19:28'),(190,'reiciendisquinon','2016-11-24 14:19:28','2016-11-24 14:19:28'),(191,'sitmolestiaeexcepturiperferendisat','2016-11-24 14:19:28','2016-11-24 14:19:28'),(192,'nobistemporibusliberomaiores','2016-11-24 14:19:28','2016-11-24 14:19:28'),(193,'temporibussaepenisinamnulla','2016-11-24 14:19:28','2016-11-24 14:19:28'),(194,'solutaest','2016-11-24 14:19:28','2016-11-24 14:19:28'),(195,'repellendusnonquianam','2016-11-24 14:19:28','2016-11-24 14:19:28'),(196,'voluptatibustemporibuserrorvoluptas','2016-11-24 14:19:28','2016-11-24 14:19:28'),(197,'eanamreprehenderitmagnam','2016-11-24 14:19:28','2016-11-24 14:19:28'),(198,'suscipitautconsequaturquia','2016-11-24 14:19:28','2016-11-24 14:19:28'),(199,'dolorumet','2016-11-24 14:19:28','2016-11-24 14:19:28'),(200,'molestiasest','2016-11-24 14:19:28','2016-11-24 14:19:28'),(201,'voluptatemillum','2016-11-24 14:19:28','2016-11-24 14:19:28'),(202,'saepeidperferendisconsequaturiure','2016-11-24 14:19:28','2016-11-24 14:19:28'),(203,'reprehenderitsolutarepellendusad','2016-11-24 14:19:28','2016-11-24 14:19:28'),(204,'doloremateaaut','2016-11-24 14:19:28','2016-11-24 14:19:28'),(205,'corruptiquaeaut','2016-11-24 14:19:28','2016-11-24 14:19:28'),(206,'suntaut','2016-11-24 14:19:28','2016-11-24 14:19:28'),(207,'eosautcum','2016-11-24 14:19:28','2016-11-24 14:19:28'),(208,'quodqui','2016-11-24 14:19:28','2016-11-24 14:19:28'),(209,'doloremessequibusdam','2016-11-24 14:19:28','2016-11-24 14:19:28'),(210,'praesentiumiure','2016-11-24 14:19:28','2016-11-24 14:19:28'),(211,'illumetquaeratcorrupti','2016-11-24 14:19:28','2016-11-24 14:19:28'),(212,'etfacilisexcepturiomnis','2016-11-24 14:19:28','2016-11-24 14:19:28'),(213,'illoquiminimaistepossimus','2016-11-24 14:19:28','2016-11-24 14:19:28'),(214,'sapientemagnamiureullam','2016-11-24 14:19:28','2016-11-24 14:19:28'),(215,'necessitatibusetpraesentium','2016-11-24 14:19:28','2016-11-24 14:19:28'),(216,'optiovoluptatumqui','2016-11-24 14:19:28','2016-11-24 14:19:28'),(217,'saepeullamveniamfugiatquia','2016-11-24 14:19:28','2016-11-24 14:19:28'),(218,'architectonatusdistinctio','2016-11-24 14:19:28','2016-11-24 14:19:28'),(219,'providentfacereipsumeum','2016-11-24 14:19:28','2016-11-24 14:19:28'),(220,'quonequebeataeautsit','2016-11-24 14:19:28','2016-11-24 14:19:28'),(221,'eligendieumexercitationemvoluptate','2016-11-24 14:19:28','2016-11-24 14:19:28'),(222,'nequequiadoloremqueminima','2016-11-24 14:19:28','2016-11-24 14:19:28'),(223,'nobisestpariatur','2016-11-24 14:19:28','2016-11-24 14:19:28'),(224,'totamipsumvelitquo','2016-11-24 14:19:28','2016-11-24 14:19:28'),(225,'voluptatemvoluptatem','2016-11-24 14:19:28','2016-11-24 14:19:28'),(226,'velitiste','2016-11-24 14:19:28','2016-11-24 14:19:28'),(227,'quiaoptioquiasint','2016-11-24 14:19:28','2016-11-24 14:19:28'),(228,'oditdolor','2016-11-24 14:19:28','2016-11-24 14:19:28'),(229,'assumendadoloremqueinventore','2016-11-24 14:19:28','2016-11-24 14:19:28'),(230,'illumcumque','2016-11-24 14:19:28','2016-11-24 14:19:28'),(231,'uteum','2016-11-24 14:19:28','2016-11-24 14:19:28'),(232,'sintnullafugiat','2016-11-24 14:19:28','2016-11-24 14:19:28'),(233,'animiabvoluptatemprovident','2016-11-24 14:19:28','2016-11-24 14:19:28'),(234,'etoccaecatifacilisconsequaturipsam','2016-11-24 14:19:28','2016-11-24 14:19:28'),(235,'veniameumquo','2016-11-24 14:19:28','2016-11-24 14:19:28'),(236,'reprehenderitinprovident','2016-11-24 14:19:28','2016-11-24 14:19:28'),(237,'quiaearum','2016-11-18 14:19:28','2016-11-18 14:19:28'),(238,'oditamet','2016-11-18 14:19:28','2016-11-18 14:19:28'),(239,'quomolestiaecorporis','2016-11-18 14:19:28','2016-11-18 14:19:28'),(240,'itaquequidictadoloremquevoluptatem','2016-11-24 14:19:28','2016-11-24 14:19:28'),(241,'enimeligendirecusandae','2016-11-19 14:19:28','2016-11-19 14:19:28'),(242,'earepellatpraesentium','2016-11-24 14:19:28','2016-11-24 14:19:28'),(243,'sitdolornobisesthic','2016-11-24 14:19:28','2016-11-24 14:19:28'),(244,'voluptatemetasperioressaepe','2016-11-24 14:19:28','2016-11-24 14:19:28'),(245,'eaetestfacilismagni','2016-11-24 14:19:28','2016-11-24 14:19:28'),(246,'remdoloremqueautasperiores','2016-11-24 14:19:28','2016-11-24 14:19:28'),(247,'itaquedelenitiestdoloremvoluptatibus','2016-11-24 14:19:28','2016-11-24 14:19:28'),(248,'consequaturid','2016-11-24 14:19:28','2016-11-24 14:19:28'),(249,'quodearumplaceat','2016-11-24 14:19:28','2016-11-24 14:19:28'),(250,'magnisintpariaturrerum','2016-11-24 14:19:28','2016-11-24 14:19:28'),(251,'laborumestodiosequi','2016-11-24 14:19:28','2016-11-24 14:19:28'),(252,'quinonullamrerumminima','2016-11-24 14:19:28','2016-11-24 14:19:28'),(253,'voluptatemreiciendismolestiae','2016-11-24 14:19:28','2016-11-24 14:19:28'),(254,'aliquidvitaeenimnihilperspiciatis','2016-11-24 14:19:28','2016-11-24 14:19:28'),(255,'quicupiditate','2016-11-24 14:19:28','2016-11-24 14:19:28'),(256,'sedquaeratetrepellendus','2016-11-24 14:19:28','2016-11-24 14:19:28'),(257,'nobisaut','2016-11-24 14:19:28','2016-11-24 14:19:28'),(258,'temporerem','2016-11-24 14:19:28','2016-11-24 14:19:28'),(259,'quibusdamquieligendi','2016-11-24 14:19:28','2016-11-24 14:19:28'),(260,'nesciuntitaque','2016-11-24 14:19:28','2016-11-24 14:19:28'),(261,'esseipsadoloribusad','2016-11-24 14:19:28','2016-11-24 14:19:28'),(262,'magniqui','2016-11-24 14:19:28','2016-11-24 14:19:28'),(263,'impedittemporedolorum','2016-11-24 14:19:28','2016-11-24 14:19:28'),(264,'perspiciatisaccusamusetconsequaturlaborum','2016-11-24 14:19:28','2016-11-24 14:19:28'),(265,'consecteturet','2016-11-24 14:19:28','2016-11-24 14:19:28'),(266,'dolorumveroperspiciatisipsam','2016-11-24 14:19:28','2016-11-24 14:19:28'),(267,'doloribustotamfugaerroret','2016-11-19 14:19:28','2016-11-19 14:19:28'),(268,'quideleniti','2016-11-19 14:19:28','2016-11-19 14:19:28'),(269,'explicaboasint','2016-11-19 14:19:28','2016-11-19 14:19:28'),(270,'utdoloribusiurequasiqui','2016-11-21 14:19:28','2016-11-21 14:19:28'),(271,'quicommodisequienimtenetur','2016-11-21 14:19:28','2016-11-21 14:19:28'),(272,'estminusnihil','2016-11-21 14:19:28','2016-11-21 14:19:28'),(273,'cupiditatequam','2016-11-21 14:19:28','2016-11-21 14:19:28'),(274,'impeditoptioamet','2016-11-21 14:19:28','2016-11-21 14:19:28');
/*!40000 ALTER TABLE `suppliers` ENABLE KEYS */;
UNLOCK TABLES;

--
-- Table structure for table `users`
--

DROP TABLE IF EXISTS `users`;
/*!40101 SET @saved_cs_client     = @@character_set_client */;
/*!40101 SET character_set_client = utf8 */;
CREATE TABLE `users` (
  `id` int(11) NOT NULL AUTO_INCREMENT,
  `login` varchar(255) COLLATE utf8_unicode_ci DEFAULT NULL,
  `firstname` varchar(255) COLLATE utf8_unicode_ci DEFAULT NULL,
  `lastname` varchar(255) COLLATE utf8_unicode_ci DEFAULT NULL,
  `phone` varchar(255) COLLATE utf8_unicode_ci DEFAULT NULL,
  `authentication_system_id` int(11) DEFAULT '1',
  `unique_id` varchar(255) COLLATE utf8_unicode_ci DEFAULT NULL,
  `email` varchar(255) COLLATE utf8_unicode_ci DEFAULT NULL,
  `badge_id` varchar(255) COLLATE utf8_unicode_ci DEFAULT NULL,
  `address` varchar(255) COLLATE utf8_unicode_ci DEFAULT NULL,
  `city` varchar(255) COLLATE utf8_unicode_ci DEFAULT NULL,
  `zip` varchar(255) COLLATE utf8_unicode_ci DEFAULT NULL,
  `country` varchar(255) COLLATE utf8_unicode_ci DEFAULT NULL,
  `language_id` int(11) DEFAULT NULL,
  `extended_info` text COLLATE utf8_unicode_ci,
  `settings` varchar(1024) COLLATE utf8_unicode_ci DEFAULT NULL,
  `created_at` datetime DEFAULT NULL,
  `updated_at` datetime DEFAULT NULL,
  `delegator_user_id` int(11) DEFAULT NULL,
  PRIMARY KEY (`id`),
  KEY `index_users_on_authentication_system_id` (`authentication_system_id`),
  KEY `users_language_id_fk` (`language_id`),
  KEY `users_delegator_user_id_fk` (`delegator_user_id`),
  CONSTRAINT `users_delegator_user_id_fk` FOREIGN KEY (`delegator_user_id`) REFERENCES `users` (`id`),
  CONSTRAINT `users_authentication_system_id_fk` FOREIGN KEY (`authentication_system_id`) REFERENCES `authentication_systems` (`id`),
  CONSTRAINT `users_language_id_fk` FOREIGN KEY (`language_id`) REFERENCES `languages` (`id`)
) ENGINE=InnoDB AUTO_INCREMENT=36 DEFAULT CHARSET=utf8 COLLATE=utf8_unicode_ci;
/*!40101 SET character_set_client = @saved_cs_client */;

--
-- Dumping data for table `users`
--

LOCK TABLES `users` WRITE;
/*!40000 ALTER TABLE `users` DISABLE KEYS */;
INSERT INTO `users` VALUES (1,'gino','Gino','Hane','01611451854',1,'k2ye0ryk5wij555io5','gino@zhdk.ch','n4m311gjd7mord973c',NULL,'Lake Joan','V-WC0H 5GA','Virgin Islands, British',1,NULL,'--- !ruby/hash:ActiveSupport::HashWithIndifferentAccess {}\n','2016-11-24 14:19:28','2016-11-24 14:19:28',NULL),(2,'ramon','Ramon','Schaden','0800628402',1,'udn2iy1400lijis129','ramon@zhdk.ch','kzu0xlkumv5rj1zx6c',NULL,'South Eudora','L-YW2 2JA','Libyan Arab Jamahiriya',1,NULL,'--- !ruby/hash:ActiveSupport::HashWithIndifferentAccess {}\n','2016-11-24 14:19:28','2016-11-24 14:19:28',NULL),(3,'matti','Matti','Pollich','05656168723',1,'4lec0mia0rsxctafyp','matti@zhdk.ch','l1iwugin8glunmagy6',NULL,'Russelside','E-YH9Y 1BB','Ecuador',1,NULL,'--- !ruby/hash:ActiveSupport::HashWithIndifferentAccess {}\n','2016-11-24 14:19:28','2016-11-24 14:19:28',NULL),(4,'mike','Mike','Bogan','08559575764',1,'hu95ndzc9axqxuw25r','mike@zhdk.ch','51oqfu3h36q2itogzl',NULL,'Townehaven','M-ZD0H 2DL','Moldova',1,NULL,'--- !ruby/hash:ActiveSupport::HashWithIndifferentAccess {}\n','2016-11-24 14:19:28','2016-11-24 14:19:28',NULL),(5,'pius','Pius','Hahn','09214237922',1,'c898ocj02cmzyikzzi','pius@zhdk.ch','ol5bt0bzm3hktczicm',NULL,'Morrisfurt','J-UP4M 3JB','Jamaica',1,NULL,'--- !ruby/hash:ActiveSupport::HashWithIndifferentAccess {}\n','2016-11-24 14:19:28','2016-11-24 14:19:28',NULL),(6,'normin','Normin','Morissette','08003751134',1,'gtukmrnybexd855bsk','normin@zhdk.ch','kmh52xgirl9kin7p7l',NULL,'Elizabethbury','H-YS2M 0RB','Haiti',1,NULL,'--- !ruby/hash:ActiveSupport::HashWithIndifferentAccess {}\n','2016-11-24 14:19:28','2016-11-24 14:19:28',NULL),(7,'billie','Billie','Sporer','05631469453',1,'xeg0zl3heel7imz6oc','lending_manager1@zhdk.ch','ge9t1l981qdb3fxmah',NULL,'Sydniside','N-T4H 2YL','Namibia',1,NULL,'--- !ruby/hash:ActiveSupport::HashWithIndifferentAccess {}\n','2016-11-24 14:19:28','2016-11-24 14:19:28',NULL),(8,'peter','Peter','Silie','01703202393',1,'94l9lfrl3a795tm5ou','peter@silie.com','4y436525pork37fmke',NULL,'North Jailynland','S-U5 6AL','Saint Pierre and Miquelon',1,NULL,'--- !ruby/hash:ActiveSupport::HashWithIndifferentAccess {}\n','2016-11-24 14:19:28','2016-11-24 14:19:28',NULL),(9,'andi','Andi','Bahringer','05556123565',1,'evo3w71py4z7nd6fxe','andi@zhdk.ch','w5yrtqmuvk544qyle8',NULL,'Lake Emilechester','D-Y5 1AY','Denmark',1,NULL,'--- !ruby/hash:ActiveSupport::HashWithIndifferentAccess {}\n','2016-11-24 14:19:28','2016-11-24 14:19:28',NULL),(10,'mina','Mina','Runolfsdottir','05677418352',1,'1sq6v36w9b0tj0sv8b','mina@zhdk.ch','rmak9mrfb5dq0lm6q8',NULL,'Adanport','A-Y4R 2GA','Austria',1,NULL,'--- !ruby/hash:ActiveSupport::HashWithIndifferentAccess {}\n','2016-11-24 14:19:28','2016-11-24 14:19:28',NULL),(11,'petra','Petra','Auer','01185916239',1,'cen8cpycs0n5gxz1o6','petra@zhdk.ch','yeer2f7drgza061hsq','5268 Mya Gateway, ','Hettingermouth','U-L4W 0JW','United Arab Emirates',1,NULL,'--- !ruby/hash:ActiveSupport::HashWithIndifferentAccess {}\n','2016-11-24 14:19:28','2016-11-24 14:19:28',NULL),(12,'julie','Julie','Abshire','09557341473',1,'agqauibmx4arbz79me','julie@zhdk.ch','pb66tfeu6k5tjkujln',NULL,'West Landen','G-WU5M 6FA','Guadeloupe',1,NULL,'--- !ruby/hash:ActiveSupport::HashWithIndifferentAccess {}\n','2016-11-24 14:19:28','2016-11-24 14:19:28',NULL),(13,'lisa','Lisa','Dietrich','03105303276',1,'d3944f4rz1jgyfq5oj','lisa@zhdk.ch','ejjjttdi4v75poa8wa',NULL,'East Ozellahaven','G-U0R 4FX','Georgia',1,NULL,'--- !ruby/hash:ActiveSupport::HashWithIndifferentAccess {}\n','2016-11-24 14:19:28','2016-11-24 14:19:28',NULL),(14,'kaylah','Kaylah','Harris','0800347725',1,'1ivh29kfk5ketg06a2','customer1@zhdk.ch','lwpkb8msizs3y2xngp',NULL,'North Jacinthe','Z-Z7W 5BH','Zambia',1,NULL,'--- !ruby/hash:ActiveSupport::HashWithIndifferentAccess {}\n','2016-11-24 14:19:28','2016-11-24 14:19:28',NULL),(15,'frederick','Frederick','Champlin','08009643423',1,'rqev3vbdn4gtsfbhed','customer2@zhdk.ch','124pyfz766uhqfn8zl',NULL,'Bartolettiburgh','P-Y9N 7FL','Portugal',1,NULL,'--- !ruby/hash:ActiveSupport::HashWithIndifferentAccess {}\n','2016-11-24 14:19:28','2016-11-24 14:19:28',NULL),(16,'bianka','Bianka','Yost','0152489119',1,'k6qsqlhglce01ttvfc','customer3@zhdk.ch','cstu2wyilyb5irag0p',NULL,'East Moisesmouth','C-U3 3JL','Cayman Islands',1,NULL,'--- !ruby/hash:ActiveSupport::HashWithIndifferentAccess {}\n','2016-11-24 14:19:28','2016-11-24 14:19:28',NULL),(17,'leon','Leon','Stracke','0500509153',1,'3581lsihftlujnk3og','customer4@zhdk.ch','7zqrkt9ie0s0qjuc9h',NULL,'North Bailey','M-T2 6TA','Monaco',1,NULL,'--- !ruby/hash:ActiveSupport::HashWithIndifferentAccess {}\n','2016-11-24 14:19:28','2016-11-24 14:19:28',NULL),(18,'ubaldo','Ubaldo','Thiel','08003697528',1,'6k7qgvvfcscs8gd7el','customer5@zhdk.ch','3cn3iyi11ceko2dlb2',NULL,'New Salma','C-WK4M 6JD','Chad',1,NULL,'--- !ruby/hash:ActiveSupport::HashWithIndifferentAccess {}\n','2016-11-24 14:19:28','2016-11-24 14:19:28',NULL),(19,'tony','Tony','Wuckert','08006137884',1,'qbsbzbhetc1pqu9voh','customer6@zhdk.ch','h7be1555wzwv63508x',NULL,'Hellerburgh','S-M0 8JP','Serbia',1,NULL,'--- !ruby/hash:ActiveSupport::HashWithIndifferentAccess {}\n','2016-11-24 14:19:28','2016-11-24 14:19:28',NULL),(20,'edwin','Edwin','Huel','03405297148',1,'59d4u1grf0ijbj80vp','customer7@zhdk.ch','s9cnxeytao1uevtf69',NULL,'Audieberg','C-Y8B 6DA','China',1,NULL,'--- !ruby/hash:ActiveSupport::HashWithIndifferentAccess {}\n','2016-11-24 14:19:28','2016-11-24 14:19:28',NULL),(21,'daron','Daron','Gleichner','0169774117',1,'7uwa47ujoveaqtg9vc','customer8@zhdk.ch','wo6epapxpesf8x29cv',NULL,'New Marietta','S-G0W 6ZJ','Seychelles',1,NULL,'--- !ruby/hash:ActiveSupport::HashWithIndifferentAccess {}\n','2016-11-24 14:19:28','2016-11-24 14:19:28',NULL),(22,'toy','Toy','Stroman','0169772334',1,'7y8k95w7aed6xqxb6p','customer9@zhdk.ch','0c8r1zymy1acs4cwox',NULL,'Lake Adanfurt','N-Y7N 7RL','Namibia',1,NULL,'--- !ruby/hash:ActiveSupport::HashWithIndifferentAccess {}\n','2016-11-24 14:19:28','2016-11-24 14:19:28',NULL),(23,'etha','Etha','O\'Connell','01367211622',1,'xuo1341vbqlr7qww9d','delegator1@zhdk.ch','lfgrrutb2wfb1vlqp5',NULL,'Stromanport','N-YV1 5AB','Netherlands',1,NULL,'--- !ruby/hash:ActiveSupport::HashWithIndifferentAccess {}\n','2016-11-24 14:19:28','2016-11-24 14:19:28',NULL),(24,'cleora','Cleora','Aufderhar','03140945633',1,'yadiswg564utzrwnzo','delegated1@zhdk.ch','kg0m3mjfv4g0w9hhmf',NULL,'West Markusbury','S-S0 6BJ','Svalbard & Jan Mayen Islands',1,NULL,'--- !ruby/hash:ActiveSupport::HashWithIndifferentAccess {}\n','2016-11-24 14:19:28','2016-11-24 14:19:28',NULL),(25,'helena_cain_9864','Ben','Cummings','02555889434',1,'sl7p01ii64xiy9m0n1','germaine.labadie@schinner.biz','3hua9wnrxhla0ib0gu','627 Jacobson Alley','Laurianneview','S-SG9 9BJ','Saint Barthelemy',1,NULL,'--- !ruby/hash:ActiveSupport::HashWithIndifferentAccess {}\n','2016-11-24 14:19:28','2016-11-24 14:19:28',NULL),(26,NULL,'Delegation 1',NULL,NULL,NULL,NULL,NULL,NULL,NULL,NULL,NULL,NULL,1,NULL,'--- !ruby/hash:ActiveSupport::HashWithIndifferentAccess {}\n','2016-11-24 14:19:28','2016-11-24 14:19:28',12),(27,NULL,'Delegation 2',NULL,NULL,NULL,NULL,NULL,NULL,NULL,NULL,NULL,NULL,1,NULL,'--- !ruby/hash:ActiveSupport::HashWithIndifferentAccess {}\n','2016-11-24 14:19:28','2016-11-24 14:19:28',10),(28,NULL,'Delegation 3',NULL,NULL,NULL,NULL,NULL,NULL,NULL,NULL,NULL,NULL,1,NULL,'--- !ruby/hash:ActiveSupport::HashWithIndifferentAccess {}\n','2016-11-24 14:19:28','2016-11-24 14:19:28',10),(29,NULL,'Delegation 4',NULL,NULL,NULL,NULL,NULL,NULL,NULL,NULL,NULL,NULL,1,NULL,'--- !ruby/hash:ActiveSupport::HashWithIndifferentAccess {}\n','2016-11-24 14:19:28','2016-11-24 14:19:28',10),(30,NULL,'Delegation 5',NULL,NULL,NULL,NULL,NULL,NULL,NULL,NULL,NULL,NULL,1,NULL,'--- !ruby/hash:ActiveSupport::HashWithIndifferentAccess {}\n','2016-11-24 14:19:28','2016-11-24 14:19:28',23),(31,'jasen_donnelly_4554','Coleman','Rosenbaum','02525135512',1,'fdjq68gn76gqys8scv','jonathan.hahn@flatley.com','60vlw709hmjm04pxri','6765 Philip Burgs','Brennonburgh','C-WU1W 6LZ','Christmas Island',1,NULL,'--- !ruby/hash:ActiveSupport::HashWithIndifferentAccess {}\n','2016-11-24 14:19:28','2016-11-24 14:19:28',NULL),(32,'myrtle_2346','Silas','Von','0178961312',1,'27r1d3ssyavpnrwu25','conner_auer@runte.info','43ejeb0lmh0w20aj9e','98111 Larkin Isle','West Moises','S-Y8 0BB','Switzerland',1,NULL,'--- !ruby/hash:ActiveSupport::HashWithIndifferentAccess {}\n','2016-11-24 14:19:28','2016-11-24 14:19:28',NULL),(33,'conner_7675','Ladarius','Lubowitz','05553834288',1,'7yu12g2bmuts22dw73','cristina.cormier@hammes.biz','n271vadk2yizedp260','5035 Cassandre Branch','DuBuquefurt','J-T8 7BB','Japan',1,NULL,'--- !ruby/hash:ActiveSupport::HashWithIndifferentAccess {}\n','2016-11-24 14:19:28','2016-11-24 14:19:28',NULL),(34,'jaclyn_6460','Meggie','Kovacek','08007481427',1,'2tqnccocxt4otuseog','casey.schaefer@ritchiekling.com','d4xuxqyu4z3lfffgev','70665 Roob Crescent','Kovacekhaven','H-YC1N 7FJ','Hong Kong',1,NULL,'--- !ruby/hash:ActiveSupport::HashWithIndifferentAccess {}\n','2016-11-24 14:19:28','2016-11-24 14:19:28',NULL),(35,'nayeli_kling_1418','Toni','Strosin','0500127879',1,'ug4gyxp8zdvcbrajhx','cordie_sawayn@huelryan.com','jwr2yw98o0xxdco7vy','7356 Stark Plain','Ferryburgh','B-TF9R 4SJ','Bangladesh',1,NULL,'--- !ruby/hash:ActiveSupport::HashWithIndifferentAccess {}\n','2016-11-24 14:19:28','2016-11-24 14:19:28',NULL);
/*!40000 ALTER TABLE `users` ENABLE KEYS */;
UNLOCK TABLES;

--
-- Temporary table structure for view `visit_lines`
--

DROP TABLE IF EXISTS `visit_lines`;
/*!50001 DROP VIEW IF EXISTS `visit_lines`*/;
SET @saved_cs_client     = @@character_set_client;
SET character_set_client = utf8;
/*!50001 CREATE TABLE `visit_lines` (
  `visit_id` tinyint NOT NULL,
  `inventory_pool_id` tinyint NOT NULL,
  `user_id` tinyint NOT NULL,
  `delegated_user_id` tinyint NOT NULL,
  `status` tinyint NOT NULL,
  `action` tinyint NOT NULL,
  `date` tinyint NOT NULL,
  `quantity` tinyint NOT NULL,
  `contract_line_id` tinyint NOT NULL
) ENGINE=MyISAM */;
SET character_set_client = @saved_cs_client;

--
-- Temporary table structure for view `visits`
--

DROP TABLE IF EXISTS `visits`;
/*!50001 DROP VIEW IF EXISTS `visits`*/;
SET @saved_cs_client     = @@character_set_client;
SET character_set_client = utf8;
/*!50001 CREATE TABLE `visits` (
  `id` tinyint NOT NULL,
  `inventory_pool_id` tinyint NOT NULL,
  `user_id` tinyint NOT NULL,
  `status` tinyint NOT NULL,
  `action` tinyint NOT NULL,
  `date` tinyint NOT NULL,
  `quantity` tinyint NOT NULL
) ENGINE=MyISAM */;
SET character_set_client = @saved_cs_client;

--
-- Table structure for table `workdays`
--

DROP TABLE IF EXISTS `workdays`;
/*!40101 SET @saved_cs_client     = @@character_set_client */;
/*!40101 SET character_set_client = utf8 */;
CREATE TABLE `workdays` (
  `id` int(11) NOT NULL AUTO_INCREMENT,
  `inventory_pool_id` int(11) DEFAULT NULL,
  `monday` tinyint(1) DEFAULT '1',
  `tuesday` tinyint(1) DEFAULT '1',
  `wednesday` tinyint(1) DEFAULT '1',
  `thursday` tinyint(1) DEFAULT '1',
  `friday` tinyint(1) DEFAULT '1',
  `saturday` tinyint(1) DEFAULT '0',
  `sunday` tinyint(1) DEFAULT '0',
  `reservation_advance_days` int(11) DEFAULT '0',
  `max_visits` text COLLATE utf8_unicode_ci,
  PRIMARY KEY (`id`),
  KEY `index_workdays_on_inventory_pool_id` (`inventory_pool_id`),
  CONSTRAINT `workdays_inventory_pool_id_fk` FOREIGN KEY (`inventory_pool_id`) REFERENCES `inventory_pools` (`id`) ON DELETE CASCADE
) ENGINE=InnoDB AUTO_INCREMENT=13 DEFAULT CHARSET=utf8 COLLATE=utf8_unicode_ci;
/*!40101 SET character_set_client = @saved_cs_client */;

--
-- Dumping data for table `workdays`
--

LOCK TABLES `workdays` WRITE;
/*!40000 ALTER TABLE `workdays` DISABLE KEYS */;
INSERT INTO `workdays` VALUES (1,1,1,1,1,1,1,0,0,0,'---\n\'1\': 10\n\'2\': 20\n\'3\': 30\n'),(2,2,1,1,1,1,1,0,0,0,'--- {}\n'),(3,3,1,1,1,1,1,0,0,0,'--- {}\n'),(4,4,1,1,1,1,1,0,0,0,'--- {}\n'),(5,5,1,1,1,1,1,0,0,0,'--- {}\n'),(6,6,1,1,1,1,1,0,0,0,'--- {}\n'),(7,7,1,1,1,1,1,0,0,0,'--- {}\n'),(8,8,1,1,1,1,1,0,0,0,'--- {}\n'),(9,9,1,1,1,1,1,0,0,0,'--- {}\n'),(10,10,1,1,1,1,1,0,0,0,'--- {}\n'),(11,11,1,1,1,1,1,0,0,0,'--- {}\n'),(12,12,1,1,1,1,1,0,0,0,'--- {}\n');
/*!40000 ALTER TABLE `workdays` ENABLE KEYS */;
UNLOCK TABLES;

--
-- Final view structure for view `partitions_with_generals`
--

/*!50001 DROP TABLE IF EXISTS `partitions_with_generals`*/;
/*!50001 DROP VIEW IF EXISTS `partitions_with_generals`*/;
/*!50001 SET @saved_cs_client          = @@character_set_client */;
/*!50001 SET @saved_cs_results         = @@character_set_results */;
/*!50001 SET @saved_col_connection     = @@collation_connection */;
/*!50001 SET character_set_client      = utf8 */;
/*!50001 SET character_set_results     = utf8 */;
/*!50001 SET collation_connection      = utf8_general_ci */;
/*!50001 CREATE ALGORITHM=UNDEFINED */
/*!50001 VIEW `partitions_with_generals` AS select `partitions`.`model_id` AS `model_id`,`partitions`.`inventory_pool_id` AS `inventory_pool_id`,`partitions`.`group_id` AS `group_id`,`partitions`.`quantity` AS `quantity` from `partitions` union select `i`.`model_id` AS `model_id`,`i`.`inventory_pool_id` AS `inventory_pool_id`,NULL AS `group_id`,(count(`i`.`id`) - ifnull((select sum(`p`.`quantity`) from `partitions` `p` where ((`p`.`model_id` = `i`.`model_id`) and (`p`.`inventory_pool_id` = `i`.`inventory_pool_id`)) group by `p`.`inventory_pool_id`,`p`.`model_id`),0)) AS `quantity` from `items` `i` where (isnull(`i`.`retired`) and (`i`.`is_borrowable` = 1) and isnull(`i`.`parent_id`)) group by `i`.`inventory_pool_id`,`i`.`model_id` */;
/*!50001 SET character_set_client      = @saved_cs_client */;
/*!50001 SET character_set_results     = @saved_cs_results */;
/*!50001 SET collation_connection      = @saved_col_connection */;

--
-- Final view structure for view `visit_lines`
--

/*!50001 DROP TABLE IF EXISTS `visit_lines`*/;
/*!50001 DROP VIEW IF EXISTS `visit_lines`*/;
/*!50001 SET @saved_cs_client          = @@character_set_client */;
/*!50001 SET @saved_cs_results         = @@character_set_results */;
/*!50001 SET @saved_col_connection     = @@collation_connection */;
/*!50001 SET character_set_client      = utf8 */;
/*!50001 SET character_set_results     = utf8 */;
/*!50001 SET collation_connection      = utf8_general_ci */;
/*!50001 CREATE ALGORITHM=UNDEFINED */
/*!50001 VIEW `visit_lines` AS select hex(concat_ws('_',if((`c`.`status` = 'approved'),`cl`.`start_date`,`cl`.`end_date`),`c`.`inventory_pool_id`,`c`.`user_id`,`c`.`status`)) AS `visit_id`,`c`.`inventory_pool_id` AS `inventory_pool_id`,`c`.`user_id` AS `user_id`,`c`.`delegated_user_id` AS `delegated_user_id`,`c`.`status` AS `status`,if((`c`.`status` = 'approved'),'hand_over','take_back') AS `action`,if((`c`.`status` = 'approved'),`cl`.`start_date`,`cl`.`end_date`) AS `date`,`cl`.`quantity` AS `quantity`,`cl`.`id` AS `contract_line_id` from (`contract_lines` `cl` join `contracts` `c` on((`cl`.`contract_id` = `c`.`id`))) where ((`c`.`status` in ('approved','signed')) and isnull(`cl`.`returned_date`)) order by if((`c`.`status` = 'approved'),`cl`.`start_date`,`cl`.`end_date`) */;
/*!50001 SET character_set_client      = @saved_cs_client */;
/*!50001 SET character_set_results     = @saved_cs_results */;
/*!50001 SET collation_connection      = @saved_col_connection */;

--
-- Final view structure for view `visits`
--

/*!50001 DROP TABLE IF EXISTS `visits`*/;
/*!50001 DROP VIEW IF EXISTS `visits`*/;
/*!50001 SET @saved_cs_client          = @@character_set_client */;
/*!50001 SET @saved_cs_results         = @@character_set_results */;
/*!50001 SET @saved_col_connection     = @@collation_connection */;
/*!50001 SET character_set_client      = utf8 */;
/*!50001 SET character_set_results     = utf8 */;
/*!50001 SET collation_connection      = utf8_general_ci */;
/*!50001 CREATE ALGORITHM=UNDEFINED */
/*!50001 VIEW `visits` AS select hex(concat_ws('_',`visit_lines`.`date`,`visit_lines`.`inventory_pool_id`,`visit_lines`.`user_id`,`visit_lines`.`status`)) AS `id`,`visit_lines`.`inventory_pool_id` AS `inventory_pool_id`,`visit_lines`.`user_id` AS `user_id`,`visit_lines`.`status` AS `status`,`visit_lines`.`action` AS `action`,`visit_lines`.`date` AS `date`,sum(`visit_lines`.`quantity`) AS `quantity` from `visit_lines` group by `visit_lines`.`user_id`,`visit_lines`.`status`,`visit_lines`.`date`,`visit_lines`.`inventory_pool_id` */;
/*!50001 SET character_set_client      = @saved_cs_client */;
/*!50001 SET character_set_results     = @saved_cs_results */;
/*!50001 SET collation_connection      = @saved_col_connection */;
/*!40103 SET TIME_ZONE=@OLD_TIME_ZONE */;

/*!40101 SET SQL_MODE=@OLD_SQL_MODE */;
/*!40014 SET FOREIGN_KEY_CHECKS=@OLD_FOREIGN_KEY_CHECKS */;
/*!40014 SET UNIQUE_CHECKS=@OLD_UNIQUE_CHECKS */;
/*!40101 SET CHARACTER_SET_CLIENT=@OLD_CHARACTER_SET_CLIENT */;
/*!40101 SET CHARACTER_SET_RESULTS=@OLD_CHARACTER_SET_RESULTS */;
/*!40101 SET COLLATION_CONNECTION=@OLD_COLLATION_CONNECTION */;
/*!40111 SET SQL_NOTES=@OLD_SQL_NOTES */;

-- Dump completed on 2014-12-19 16:17:16
