-- MySQL dump 10.13  Distrib 5.1.48, for apple-darwin10.3.0 (i386)
--
-- Host: localhost    Database: leihs2_test
-- ------------------------------------------------------
-- Server version	5.1.48

/*!40101 SET @OLD_CHARACTER_SET_CLIENT=@@CHARACTER_SET_CLIENT */;
/*!40101 SET @OLD_CHARACTER_SET_RESULTS=@@CHARACTER_SET_RESULTS */;
/*!40101 SET @OLD_COLLATION_CONNECTION=@@COLLATION_CONNECTION */;
/*!40101 SET NAMES utf8 */;
/*!40103 SET @OLD_TIME_ZONE=@@TIME_ZONE */;
/*!40103 SET TIME_ZONE='+00:00' */;
/*!40014 SET @OLD_UNIQUE_CHECKS=@@UNIQUE_CHECKS, UNIQUE_CHECKS=0 */;
/*!40014 SET @OLD_FOREIGN_KEY_CHECKS=@@FOREIGN_KEY_CHECKS, FOREIGN_KEY_CHECKS=0 */;
/*!40101 SET @OLD_SQL_MODE=@@SQL_MODE, SQL_MODE='NO_AUTO_VALUE_ON_ZERO' */;
/*!40111 SET @OLD_SQL_NOTES=@@SQL_NOTES, SQL_NOTES=0 */;

--
-- Table structure for table `access_rights`
--

DROP TABLE IF EXISTS `access_rights`;
/*!40101 SET @saved_cs_client     = @@character_set_client */;
/*!40101 SET character_set_client = utf8 */;
CREATE TABLE `access_rights` (
  `id` int(11) NOT NULL AUTO_INCREMENT,
  `user_id` int(11) DEFAULT NULL,
  `inventory_pool_id` int(11) DEFAULT NULL,
  `suspended_until` date DEFAULT NULL,
  `suspended_reason` text COLLATE utf8_unicode_ci,
  `deleted_at` date DEFAULT NULL,
  `created_at` datetime DEFAULT NULL,
  `updated_at` datetime DEFAULT NULL,
  `role` enum('customer','group_manager','lending_manager','inventory_manager','admin') COLLATE utf8_unicode_ci NOT NULL,
  PRIMARY KEY (`id`),
  KEY `index_access_rights_on_suspended_until` (`suspended_until`),
  KEY `index_access_rights_on_deleted_at` (`deleted_at`),
  KEY `index_access_rights_on_inventory_pool_id` (`inventory_pool_id`),
  KEY `index_access_rights_on_role` (`role`),
  KEY `index_on_user_id_and_inventory_pool_id_and_deleted_at` (`user_id`,`inventory_pool_id`,`deleted_at`),
  CONSTRAINT `access_rights_user_id_fk` FOREIGN KEY (`user_id`) REFERENCES `users` (`id`),
  CONSTRAINT `access_rights_inventory_pool_id_fk` FOREIGN KEY (`inventory_pool_id`) REFERENCES `inventory_pools` (`id`) ON DELETE CASCADE
) ENGINE=InnoDB AUTO_INCREMENT=46 DEFAULT CHARSET=utf8 COLLATE=utf8_unicode_ci;
/*!40101 SET character_set_client = @saved_cs_client */;

--
-- Dumping data for table `access_rights`
--

LOCK TABLES `access_rights` WRITE;
/*!40000 ALTER TABLE `access_rights` DISABLE KEYS */;
INSERT INTO `access_rights` VALUES (1,1,NULL,NULL,NULL,NULL,'2013-08-07 21:18:38','2013-08-07 21:18:38','admin'),(2,2,NULL,NULL,NULL,NULL,'2013-08-07 21:18:38','2013-08-07 21:18:38','admin'),(3,2,1,NULL,NULL,NULL,'2013-08-07 21:18:38','2013-08-07 21:18:38','customer'),(4,3,2,NULL,NULL,NULL,'2013-08-07 21:18:38','2013-08-07 21:18:38','inventory_manager'),(5,4,1,NULL,NULL,NULL,'2013-08-07 21:18:38','2013-08-07 21:18:38','inventory_manager'),(6,4,4,NULL,NULL,NULL,'2013-08-07 21:18:38','2013-08-07 21:18:38','inventory_manager'),(7,5,1,NULL,NULL,NULL,'2013-08-07 21:18:38','2013-08-07 21:18:38','lending_manager'),(8,5,2,NULL,NULL,NULL,'2013-08-07 21:18:38','2013-08-07 21:18:38','lending_manager'),(9,7,1,NULL,NULL,NULL,'2013-08-07 21:18:38','2013-08-07 21:18:38','lending_manager'),(10,7,2,NULL,NULL,NULL,'2013-08-07 21:18:38','2013-08-07 21:18:38','lending_manager'),(11,8,1,NULL,NULL,NULL,'2013-08-07 21:18:38','2013-08-07 21:18:38','customer'),(12,6,1,NULL,NULL,NULL,'2013-08-07 21:18:38','2013-08-07 21:18:38','customer'),(13,6,2,NULL,NULL,NULL,'2013-08-07 21:18:38','2013-08-07 21:18:38','customer'),(14,6,3,NULL,NULL,NULL,'2013-08-07 21:18:38','2013-08-07 21:18:38','customer'),(15,6,4,NULL,NULL,'2013-08-06','2013-08-07 21:18:38','2013-08-07 21:18:38','customer'),(16,9,1,NULL,NULL,NULL,'2013-08-07 21:18:38','2013-08-07 21:18:38','group_manager'),(17,9,2,NULL,NULL,NULL,'2013-08-07 21:18:38','2013-08-07 21:18:38','group_manager'),(18,9,3,NULL,NULL,NULL,'2013-08-07 21:18:38','2013-08-07 21:18:38','group_manager'),(19,10,1,NULL,NULL,NULL,'2013-08-07 21:18:38','2013-08-07 21:18:38','customer'),(20,11,1,NULL,NULL,NULL,'2013-08-07 21:18:38','2013-08-07 21:18:38','customer'),(21,12,1,NULL,NULL,NULL,'2013-08-07 21:18:38','2013-08-07 21:18:38','customer'),(22,13,1,NULL,NULL,NULL,'2013-08-07 21:18:38','2013-08-07 21:18:38','customer'),(23,26,1,NULL,NULL,NULL,'2013-08-07 21:18:38','2013-08-07 21:18:38','customer'),(24,27,1,NULL,NULL,NULL,'2013-08-07 21:18:38','2013-08-07 21:18:38','customer'),(25,27,2,NULL,NULL,NULL,'2013-08-07 21:18:38','2013-08-07 21:18:38','customer'),(26,29,1,NULL,NULL,NULL,'2013-08-07 21:18:38','2013-08-07 21:18:38','customer'),(27,29,5,NULL,NULL,NULL,'2013-08-07 21:18:38','2013-08-07 21:18:38','customer'),(28,29,6,NULL,NULL,NULL,'2013-08-07 21:18:38','2013-08-07 21:18:38','customer'),(29,30,1,NULL,NULL,NULL,'2013-08-07 21:18:38','2013-08-07 21:18:38','customer'),(30,23,1,NULL,NULL,NULL,'2013-08-07 21:18:38','2013-08-07 21:18:38','customer'),(31,24,1,NULL,NULL,NULL,'2013-08-07 21:18:38','2013-08-07 21:18:38','customer'),(32,14,1,NULL,NULL,NULL,'2013-08-07 21:18:38','2013-08-07 21:18:38','customer'),(33,15,1,'2013-08-07','Sint fugit omnis eum et numquam quis laudantium amet.',NULL,'2013-08-07 21:18:38','2013-08-07 21:18:38','customer'),(34,16,1,NULL,NULL,NULL,'2013-08-07 21:18:38','2013-08-07 21:18:38','customer'),(35,17,1,NULL,NULL,NULL,'2013-08-07 21:18:38','2013-08-07 21:18:38','customer'),(36,18,1,NULL,NULL,NULL,'2013-08-07 21:18:38','2013-08-07 21:18:38','customer'),(37,19,1,NULL,NULL,NULL,'2013-08-07 21:18:38','2013-08-07 21:18:38','customer'),(38,20,1,NULL,NULL,'2013-08-07','2013-08-07 21:18:38','2013-08-07 21:18:38','customer'),(39,21,1,NULL,NULL,NULL,'2013-08-07 21:18:38','2013-08-07 21:18:38','customer'),(40,22,1,NULL,NULL,NULL,'2013-08-07 21:18:38','2013-08-07 21:18:38','customer'),(41,31,3,NULL,NULL,NULL,'2013-08-07 21:18:38','2013-08-07 21:18:38','customer'),(42,32,1,NULL,NULL,NULL,'2013-08-07 21:18:38','2013-08-07 21:18:38','lending_manager'),(43,33,1,NULL,NULL,NULL,'2013-08-07 21:18:38','2013-08-07 21:18:38','group_manager'),(44,34,7,NULL,NULL,NULL,'2013-08-07 21:18:38','2013-08-07 21:18:38','customer'),(45,35,12,NULL,NULL,NULL,'2013-08-07 21:18:38','2013-08-07 21:18:38','customer');
/*!40000 ALTER TABLE `access_rights` ENABLE KEYS */;
UNLOCK TABLES;

--
-- Table structure for table `accessories`
--

DROP TABLE IF EXISTS `accessories`;
/*!40101 SET @saved_cs_client     = @@character_set_client */;
/*!40101 SET character_set_client = utf8 */;
CREATE TABLE `accessories` (
  `id` int(11) NOT NULL AUTO_INCREMENT,
  `model_id` int(11) DEFAULT NULL,
  `name` varchar(255) COLLATE utf8_unicode_ci DEFAULT NULL,
  `quantity` int(11) DEFAULT NULL,
  PRIMARY KEY (`id`),
  KEY `index_accessories_on_model_id` (`model_id`),
  CONSTRAINT `accessories_model_id_fk` FOREIGN KEY (`model_id`) REFERENCES `models` (`id`) ON DELETE CASCADE
) ENGINE=InnoDB AUTO_INCREMENT=223 DEFAULT CHARSET=utf8 COLLATE=utf8_unicode_ci;
/*!40101 SET character_set_client = @saved_cs_client */;

--
-- Dumping data for table `accessories`
--

LOCK TABLES `accessories` WRITE;
/*!40000 ALTER TABLE `accessories` DISABLE KEYS */;
INSERT INTO `accessories` VALUES (1,1,'Cory Hamill',NULL),(2,1,'Christ Mayer',NULL),(3,2,'Davon Schroeder',NULL),(4,2,'Mrs. Aditya Reynolds',NULL),(5,2,'Jon Denesik',NULL),(6,3,'Mikayla Ullrich',NULL),(7,4,'Mrs. Theo Moen',NULL),(8,4,'Crystel Heaney III',NULL),(9,4,'Libbie Hirthe',NULL),(10,4,'Jack Prohaska',NULL),(11,5,'Birdie Koss',NULL),(12,5,'Jalen Rau',NULL),(13,5,'Nettie Lowe',NULL),(14,6,'Miss Minnie Corkery',NULL),(15,6,'Savanah Anderson',NULL),(16,6,'Mrs. Euna Effertz',NULL),(17,7,'Bert Doyle MD',NULL),(18,8,'Colton Larkin',NULL),(19,9,'Pauline Kuphal II',NULL),(20,10,'Curt Hermiston',NULL),(21,10,'Miss Ryley Johnson',NULL),(22,10,'Dominique Reinger',NULL),(23,11,'Nils Hessel',NULL),(24,11,'Dr. Frederique Volkman',NULL),(25,12,'Jacklyn Muller',NULL),(26,12,'Miss Sasha Ebert',NULL),(27,13,'Wade Glover',NULL),(28,13,'Blaise Dickens',NULL),(29,13,'Kameron Denesik',NULL),(30,13,'Cristal Monahan',NULL),(31,13,'Raymundo Smith',NULL),(32,14,'Harry Purdy MD',NULL),(33,14,'Dr. Newell Windler',NULL),(34,14,'Palma Dooley',NULL),(35,14,'Fanny Herzog',NULL),(36,15,'Charlene Bergstrom',NULL),(37,15,'Miss Keely Wilkinson',NULL),(38,15,'Ms. Priscilla Shields',NULL),(39,16,'Mrs. Christ Pacocha',NULL),(40,16,'Lauriane Koss',NULL),(41,16,'Dimitri Schumm',NULL),(42,17,'Maxime Corkery',NULL),(43,17,'Miss Randall Herman',NULL),(44,17,'Dillon O\'Conner',NULL),(45,17,'Geoffrey Crist',NULL),(46,17,'Thora Medhurst',NULL),(47,18,'Mrs. Troy Haag',NULL),(48,18,'Deron Gleichner',NULL),(49,18,'Green Kiehn',NULL),(50,19,'Miss Kamren Davis',NULL),(51,19,'Kallie Wilderman',NULL),(52,19,'Jaquan Denesik IV',NULL),(53,19,'Mr. Reina Casper',NULL),(54,19,'Dr. Judge Marvin',NULL),(55,20,'Miss Selmer Waelchi',NULL),(56,20,'Miss Ned Murphy',NULL),(57,20,'Coralie Cassin',NULL),(58,20,'Mr. Justice Streich',NULL),(59,20,'Idella Cruickshank III',NULL),(60,21,'Mr. Josie Sawayn',NULL),(61,22,'Mrs. Katarina Gleason',NULL),(62,22,'Ms. Frederic Murphy',NULL),(63,22,'Mr. Bridie Hudson',NULL),(64,23,'Andy Bruen',NULL),(65,23,'Georgianna Hegmann',NULL),(66,23,'Cristopher Becker',NULL),(67,23,'Mr. Hubert Wilkinson',NULL),(68,23,'Anika Bradtke',NULL),(69,24,'Mrs. Jovanny Legros',NULL),(70,24,'Eva Block',NULL),(71,24,'Elda Breitenberg',NULL),(72,24,'Mr. Antonina White',NULL),(73,25,'Cale Schroeder',NULL),(74,25,'Ima Shanahan Sr.',NULL),(75,25,'Thaddeus Walsh',NULL),(76,26,'Kaia Macejkovic',NULL),(77,26,'Reymundo Windler',NULL),(78,26,'Hobart Cremin',NULL),(79,26,'Tate Osinski V',NULL),(80,27,'Tony Renner',NULL),(81,28,'Wendy Hand',NULL),(82,28,'Dorris Cronin V',NULL),(83,28,'Jammie Little',NULL),(84,29,'Desmond Hyatt',NULL),(85,29,'Marian Anderson',NULL),(86,29,'Dortha Marquardt',NULL),(87,30,'Rashawn Borer',NULL),(88,30,'Alba Kautzer',NULL),(89,30,'Casimir Schulist',NULL),(90,30,'Kayden Purdy',NULL),(91,30,'Thurman Little',NULL),(92,31,'Jackson Feest',NULL),(93,32,'Mrs. Zack Connelly',NULL),(94,32,'Imogene Rutherford',NULL),(95,32,'Ariane O\'Conner',NULL),(96,32,'Hollis Schowalter Jr.',NULL),(97,32,'Joelle Mayert',NULL),(98,33,'Madeline Johns',NULL),(99,33,'Kennedi Kertzmann V',NULL),(100,33,'Miss Rex Thompson',NULL),(101,33,'Dante Robel',NULL),(102,33,'Era Heller',NULL),(103,34,'Cornell Jakubowski Jr.',NULL),(104,34,'Jolie Turner',NULL),(105,34,'Terrance Bogisich',NULL),(106,35,'Miss William Ullrich',NULL),(107,36,'Dillon Beier III',NULL),(108,37,'Jerel Hilll',NULL),(109,37,'Michelle Hilpert',NULL),(110,37,'Tyra Schulist MD',NULL),(111,38,'Georgette Kozey',NULL),(112,38,'Giovanna Upton',NULL),(113,38,'Mr. Jeanette Glover',NULL),(114,38,'Lourdes Rolfson',NULL),(115,38,'Paris Jerde',NULL),(116,39,'Mrs. Alvena Little',NULL),(117,39,'Lorenzo Boyer V',NULL),(118,39,'Wilton West PhD',NULL),(119,39,'Nella Little',NULL),(120,40,'Rebeca Hammes',NULL),(121,40,'Keagan Gleason',NULL),(122,41,'Letitia Murphy',NULL),(123,41,'Zoie Hodkiewicz',NULL),(124,41,'Mr. Hassie Considine',NULL),(125,41,'Karine Schowalter',NULL),(126,41,'Sigurd Stanton',NULL),(127,42,'Corene Goldner',NULL),(128,42,'Matilde Stehr Jr.',NULL),(129,42,'Kailey Klocko V',NULL),(130,42,'Isabell Gottlieb',NULL),(131,43,'Addie Hegmann Sr.',NULL),(132,43,'Katelynn Kuvalis II',NULL),(133,44,'Lucio Little V',NULL),(134,44,'Dr. Elinor Bechtelar',NULL),(135,44,'Yasmine Klein',NULL),(136,44,'Amari Walker',NULL),(137,44,'Dr. Johnny Erdman',NULL),(138,45,'Gilberto McGlynn',NULL),(139,45,'Phyllis Abernathy Sr.',NULL),(140,45,'Easton Rath',NULL),(141,45,'Rory Champlin',NULL),(142,46,'Miss Kelly Bednar',NULL),(143,46,'Stephon Muller DDS',NULL),(144,47,'Raphaelle Murphy',NULL),(145,47,'Carole Hand PhD',NULL),(146,47,'Eda Buckridge',NULL),(147,47,'Gennaro Kemmer DVM',NULL),(148,48,'Broderick Hilll',NULL),(149,48,'Antwan Klein',NULL),(150,49,'Henriette Haag',NULL),(151,49,'Emilio Cartwright',NULL),(152,50,'Karl Stroman',NULL),(153,50,'Jake Crona',NULL),(154,51,'Gabriella Bayer V',NULL),(155,51,'Eliane Stamm',NULL),(156,51,'Clark Daugherty',NULL),(157,51,'Janiya Dooley',NULL),(158,52,'Jordi Schaden',NULL),(159,52,'Aurelie Abshire',NULL),(160,52,'Ali Dooley',NULL),(161,52,'Adam Ebert',NULL),(162,52,'Payton Schmeler',NULL),(163,53,'Louisa Parker IV',NULL),(164,53,'Dixie Bahringer',NULL),(165,53,'Mrs. Arne Tromp',NULL),(166,53,'Adonis Wyman',NULL),(167,54,'Mozelle Gislason',NULL),(168,54,'Caitlyn Kub',NULL),(169,54,'Annabelle Bayer',NULL),(170,54,'Sage Howe',NULL),(171,54,'Seamus Ruecker Jr.',NULL),(172,55,'Jodie Gorczany',NULL),(173,55,'Oran Jast',NULL),(174,55,'Kristofer Wiegand Sr.',NULL),(175,56,'Mrs. Aryanna Parker',NULL),(176,56,'Evan Parker',NULL),(177,56,'Davin Hodkiewicz',NULL),(178,56,'Dr. Iva Stehr',NULL),(179,57,'Whitney Reichert',NULL),(180,57,'Casimir Predovic',NULL),(181,57,'Monroe Konopelski',NULL),(182,58,'Destiney Krajcik',NULL),(183,58,'Haylee Carter IV',NULL),(184,58,'Celine Lesch Jr.',NULL),(185,58,'Niko Fahey DDS',NULL),(186,59,'Leo Yundt',NULL),(187,60,'Miss Ford Murphy',NULL),(188,60,'Flo Lebsack Sr.',NULL),(189,60,'Dr. Talon Smith',NULL),(190,61,'Miss Blanche Little',NULL),(191,61,'Estevan Schamberger',NULL),(192,61,'Esther Robel',NULL),(193,62,'Maud King',NULL),(194,62,'Tia Labadie I',NULL),(195,62,'Fleta Adams',NULL),(196,62,'Burley Kunde',NULL),(197,62,'Dorothea Gutmann',NULL),(198,63,'Miguel Kessler',NULL),(199,64,'Cora McGlynn',NULL),(200,64,'Mrs. Nathaniel Marquardt',NULL),(201,65,'Bernhard Brekke',NULL),(202,65,'Mabelle Pfeffer',NULL),(203,66,'Jarred Reynolds',NULL),(204,67,'Morton Breitenberg',NULL),(205,67,'Sierra Harvey',NULL),(206,68,'Miss Hal Robel',NULL),(207,68,'Ludie Crooks',NULL),(208,69,'Clara Gleichner Jr.',NULL),(209,69,'Jayden Cremin',NULL),(210,70,'Stanford Bosco',NULL),(211,70,'Elwyn Maggio MD',NULL),(212,70,'Cheyanne Osinski DDS',NULL),(213,71,'Maddison Kshlerin PhD',NULL),(214,71,'Miss Elmer Nicolas',NULL),(215,71,'Nicole Muller',NULL),(216,71,'Ms. Claud Denesik',NULL),(217,72,'Breanna Little',NULL),(218,72,'Earnestine Grant',NULL),(219,72,'Glennie Osinski',NULL),(220,72,'Ms. Gonzalo Prohaska',NULL),(221,72,'Breanne Collins',NULL),(222,73,'Liliana Nader V',NULL);
/*!40000 ALTER TABLE `accessories` ENABLE KEYS */;
UNLOCK TABLES;

--
-- Table structure for table `accessories_inventory_pools`
--

DROP TABLE IF EXISTS `accessories_inventory_pools`;
/*!40101 SET @saved_cs_client     = @@character_set_client */;
/*!40101 SET character_set_client = utf8 */;
CREATE TABLE `accessories_inventory_pools` (
  `accessory_id` int(11) DEFAULT NULL,
  `inventory_pool_id` int(11) DEFAULT NULL,
  UNIQUE KEY `index_accessories_inventory_pools` (`accessory_id`,`inventory_pool_id`),
  KEY `index_accessories_inventory_pools_on_inventory_pool_id` (`inventory_pool_id`),
  CONSTRAINT `accessories_inventory_pools_inventory_pool_id_fk` FOREIGN KEY (`inventory_pool_id`) REFERENCES `inventory_pools` (`id`),
  CONSTRAINT `accessories_inventory_pools_accessory_id_fk` FOREIGN KEY (`accessory_id`) REFERENCES `accessories` (`id`)
) ENGINE=InnoDB DEFAULT CHARSET=utf8 COLLATE=utf8_unicode_ci;
/*!40101 SET character_set_client = @saved_cs_client */;

--
-- Dumping data for table `accessories_inventory_pools`
--

LOCK TABLES `accessories_inventory_pools` WRITE;
/*!40000 ALTER TABLE `accessories_inventory_pools` DISABLE KEYS */;
INSERT INTO `accessories_inventory_pools` VALUES (4,1),(5,1),(7,1),(8,1),(9,1),(12,1),(13,1),(14,1),(15,1),(17,1),(18,1),(20,1),(22,1),(24,1),(28,1),(29,1),(34,1),(35,1),(38,1),(39,1),(41,1),(42,1),(43,1),(45,1),(46,1),(48,1),(52,1),(54,1),(55,1),(62,1),(66,1),(67,1),(68,1),(70,1),(71,1),(72,1),(73,1),(75,1),(76,1),(79,1),(80,1),(82,1),(83,1),(84,1),(85,1),(87,1),(88,1),(89,1),(90,1),(93,1),(95,1),(97,1),(99,1),(100,1),(102,1),(104,1),(106,1),(107,1),(108,1),(111,1),(113,1),(114,1),(115,1),(116,1),(117,1),(118,1),(120,1),(123,1),(124,1),(126,1),(127,1),(129,1),(130,1),(133,1),(136,1),(137,1),(140,1),(141,1),(142,1),(145,1),(146,1),(148,1),(149,1),(151,1),(156,1),(158,1),(159,1),(164,1),(166,1),(170,1),(172,1),(177,1),(180,1),(182,1),(185,1),(186,1),(190,1),(192,1),(195,1),(196,1),(198,1),(200,1),(201,1),(202,1),(204,1),(205,1),(208,1),(209,1),(210,1),(212,1),(215,1),(220,1),(221,1);
/*!40000 ALTER TABLE `accessories_inventory_pools` ENABLE KEYS */;
UNLOCK TABLES;

--
-- Table structure for table `addresses`
--

DROP TABLE IF EXISTS `addresses`;
/*!40101 SET @saved_cs_client     = @@character_set_client */;
/*!40101 SET character_set_client = utf8 */;
CREATE TABLE `addresses` (
  `id` int(11) NOT NULL AUTO_INCREMENT,
  `street` varchar(255) COLLATE utf8_unicode_ci DEFAULT NULL,
  `zip_code` varchar(255) COLLATE utf8_unicode_ci DEFAULT NULL,
  `city` varchar(255) COLLATE utf8_unicode_ci DEFAULT NULL,
  `country_code` varchar(255) COLLATE utf8_unicode_ci DEFAULT NULL,
  `latitude` float DEFAULT NULL,
  `longitude` float DEFAULT NULL,
  PRIMARY KEY (`id`),
  UNIQUE KEY `index_addresses_on_street_and_zip_code_and_city_and_country_code` (`street`,`zip_code`,`city`,`country_code`)
) ENGINE=InnoDB DEFAULT CHARSET=utf8 COLLATE=utf8_unicode_ci;
/*!40101 SET character_set_client = @saved_cs_client */;

--
-- Dumping data for table `addresses`
--

LOCK TABLES `addresses` WRITE;
/*!40000 ALTER TABLE `addresses` DISABLE KEYS */;
/*!40000 ALTER TABLE `addresses` ENABLE KEYS */;
UNLOCK TABLES;

--
-- Table structure for table `attachments`
--

DROP TABLE IF EXISTS `attachments`;
/*!40101 SET @saved_cs_client     = @@character_set_client */;
/*!40101 SET character_set_client = utf8 */;
CREATE TABLE `attachments` (
  `id` int(11) NOT NULL AUTO_INCREMENT,
  `model_id` int(11) DEFAULT NULL,
  `is_main` tinyint(1) DEFAULT '0',
  `content_type` varchar(255) COLLATE utf8_unicode_ci DEFAULT NULL,
  `filename` varchar(255) COLLATE utf8_unicode_ci DEFAULT NULL,
  `size` int(11) DEFAULT NULL,
  PRIMARY KEY (`id`),
  KEY `index_attachments_on_model_id` (`model_id`),
  CONSTRAINT `attachments_model_id_fk` FOREIGN KEY (`model_id`) REFERENCES `models` (`id`) ON DELETE CASCADE
) ENGINE=InnoDB AUTO_INCREMENT=6 DEFAULT CHARSET=utf8 COLLATE=utf8_unicode_ci;
/*!40101 SET character_set_client = @saved_cs_client */;

--
-- Dumping data for table `attachments`
--

LOCK TABLES `attachments` WRITE;
/*!40000 ALTER TABLE `attachments` DISABLE KEYS */;
INSERT INTO `attachments` VALUES (1,16,0,'image/jpeg','laudantium',NULL),(2,17,0,'image/jpeg','soluta',NULL),(3,74,0,'image/jpeg','debitis',NULL),(4,74,0,'image/jpeg','odit',NULL),(5,75,0,'image/jpeg','laboriosam',NULL);
/*!40000 ALTER TABLE `attachments` ENABLE KEYS */;
UNLOCK TABLES;

--
-- Table structure for table `authentication_systems`
--

DROP TABLE IF EXISTS `authentication_systems`;
/*!40101 SET @saved_cs_client     = @@character_set_client */;
/*!40101 SET character_set_client = utf8 */;
CREATE TABLE `authentication_systems` (
  `id` int(11) NOT NULL AUTO_INCREMENT,
  `name` varchar(255) COLLATE utf8_unicode_ci DEFAULT NULL,
  `class_name` varchar(255) COLLATE utf8_unicode_ci DEFAULT NULL,
  `is_default` tinyint(1) DEFAULT '0',
  `is_active` tinyint(1) DEFAULT '0',
  PRIMARY KEY (`id`)
) ENGINE=InnoDB AUTO_INCREMENT=4 DEFAULT CHARSET=utf8 COLLATE=utf8_unicode_ci;
/*!40101 SET character_set_client = @saved_cs_client */;

--
-- Dumping data for table `authentication_systems`
--

LOCK TABLES `authentication_systems` WRITE;
/*!40000 ALTER TABLE `authentication_systems` DISABLE KEYS */;
INSERT INTO `authentication_systems` VALUES (1,'Database Authentication','DatabaseAuthentication',1,1),(2,'LDAP Authentication','LdapAuthentication',0,0),(3,'ZHDK Authentication','Zhdk',0,0);
/*!40000 ALTER TABLE `authentication_systems` ENABLE KEYS */;
UNLOCK TABLES;

--
-- Table structure for table `buildings`
--

DROP TABLE IF EXISTS `buildings`;
/*!40101 SET @saved_cs_client     = @@character_set_client */;
/*!40101 SET character_set_client = utf8 */;
CREATE TABLE `buildings` (
  `id` int(11) NOT NULL AUTO_INCREMENT,
  `name` varchar(255) COLLATE utf8_unicode_ci DEFAULT NULL,
  `code` varchar(255) COLLATE utf8_unicode_ci DEFAULT NULL,
  PRIMARY KEY (`id`)
) ENGINE=InnoDB AUTO_INCREMENT=168 DEFAULT CHARSET=utf8 COLLATE=utf8_unicode_ci;
/*!40101 SET character_set_client = @saved_cs_client */;

--
-- Dumping data for table `buildings`
--

LOCK TABLES `buildings` WRITE;
/*!40000 ALTER TABLE `buildings` DISABLE KEYS */;
INSERT INTO `buildings` VALUES (1,'Ausstellungsstrasse 60','AU60'),(2,'Harumvoluptasipsam','sim'),(3,'Autautassumenda','dic'),(4,'Remundeatque','rep'),(5,'Facererepudiandaetotam','ame'),(6,'Praesentiumtemporeblanditiis','quo'),(7,'Doloremquaeratmagnam','sae'),(8,'Culpaetexplicabo','pra'),(9,'Idcorruptiblanditiis','etq'),(10,'Nisisitodio','sed'),(11,'Aliquidvelitnisi','ali'),(12,'Illosequivoluptatibus','est'),(13,'Recusandaeetipsam','sae'),(14,'Maximeutincidunt','vel'),(15,'Providentfacereoccaecati','eiu'),(16,'Autquiaminus','dol'),(17,'Beataeautut','nam'),(18,'Magnidoloribusvoluptatibus','off'),(19,'Enimetquo','nos'),(20,'Optioatquequasi','vit'),(21,'Voluptatemvoluptatemnisi','com'),(22,'Corporisveritatistemporibus','ist'),(23,'Odiovoluptaterepellendus','eti'),(24,'Autdolorequasi','quo'),(25,'Nemorerumdignissimos','dol'),(26,'Molestiaedelectusut','vol'),(27,'Iuresintquia','mag'),(28,'Accusamusconsequunturlaborum','iur'),(29,'Molestiaeconsequunturexcepturi','nih'),(30,'Omnisquiasperiores','qui'),(31,'Abmollitiavoluptate','qui'),(32,'Quidemteneturnecessitatibus','eiu'),(33,'Etnemomollitia','dol'),(34,'Blanditiisrerumconsequuntur','ete'),(35,'Nesciuntminuslaborum','ete'),(36,'Ullamrepellatrem','bea'),(37,'Adipisciquinon','etu'),(38,'Assumendadolortempore','aut'),(39,'Architectodoloremqueat','etn'),(40,'Noniustoiure','ess'),(41,'Isteexercitationemquisquam','ips'),(42,'Eossapientequi','ius'),(43,'Autemimpeditvoluptatem','mol'),(44,'Quiaipsavoluptatem','nec'),(45,'Nihileligendidelectus','rep'),(46,'Maximeconsecteturvel','err'),(47,'Estdebitisnecessitatibus','vol'),(48,'Similiquesedab','ess'),(49,'Nonsitsimilique','quo'),(50,'Reprehenderitsedest','eum'),(51,'Nesciuntsitvero','max'),(52,'Utreprehenderitaperiam','acc'),(53,'Doloremquenumquamnisi','sin'),(54,'Ducimusaliquiddolorem','est'),(55,'Eumsapienteoccaecati','deb'),(56,'Sintillumnulla','ill'),(57,'Quasetet','sed'),(58,'Inestimpedit','deb'),(59,'Istedeseruntdolorem','ven'),(60,'Quisquamsitquaerat','vol'),(61,'Utconsecteturaccusamus','acc'),(62,'Odiodolorumautem','sap'),(63,'Etenimomnis','ani'),(64,'Sitenimoccaecati','ali'),(65,'Omnisfacilisminus','odi'),(66,'Quoinventorereprehenderit','qui'),(67,'Minimaquaeratnam','non'),(68,'Expeditatemporaassumenda','uta'),(69,'Animilaboreaccusamus','ius'),(70,'Quosaliasrerum','lib'),(71,'Voluptatemutsint','dol'),(72,'Saepequiaconsequuntur','nul'),(73,'Quiasapientecumque','vol'),(74,'Quaeratvoluptasad','eiu'),(75,'Autsuscipitut','dol'),(76,'Laboriosamconsectetursapiente','dol'),(77,'Corporisnequequam','des'),(78,'Quaeratdelenitised','vol'),(79,'Utdolorqui','fug'),(80,'Molestiasquidemvoluptas','bea'),(81,'Accusamusvelitsed','est'),(82,'Quoutnam','cul'),(83,'Nobisullamdebitis','mol'),(84,'Explicaboquoomnis','qui'),(85,'Ipsavoluptasest','opt'),(86,'Culpaexplicabonon','pro'),(87,'Reprehenderitblanditiisa','ear'),(88,'Earummolestiasrepellendus','pra'),(89,'Quiuttenetur','max'),(90,'Autemrepudiandaedoloribus','atr'),(91,'Pariaturfacilisrerum','dol'),(92,'Estquiofficia','aut'),(93,'Corruptieosreprehenderit','vol'),(94,'Voluptateteneturconsequatur','mol'),(95,'Doloretconsequuntur','etm'),(96,'Maioresofficiainventore','vel'),(97,'Estquiomnis','vol'),(98,'Iuremagnamipsam','aut'),(99,'Fugitdoloremab','com'),(100,'Autbeataeveritatis','con'),(101,'Quiaquodiste','vol'),(102,'Nostrumestea','ill'),(103,'Distinctioiuremaiores','vol'),(104,'Modivoluptatemfacere','del'),(105,'Quaeratremodio','sae'),(106,'Voluptateinalias','dol'),(107,'Autrerumlaborum','eum'),(108,'Noncorporisitaque','vol'),(109,'Utevenieteius','sit'),(110,'Inquoeos','pra'),(111,'Delectusquianumquam','pro'),(112,'Eligendialiquidquasi','mol'),(113,'Distinctioquasillum','qui'),(114,'Eaconsequaturrepellendus','quo'),(115,'Reiciendissuntvelit','uti'),(116,'Eumsolutaesse','off'),(117,'Commodiutrerum','rep'),(118,'Nemodistinctiodolorem','vol'),(119,'Etquistemporibus','par'),(120,'Adipisciasperioresest','vol'),(121,'Dolorquisdicta','utn'),(122,'Eosreprehenderitnon','ead'),(123,'Quisquamullamab','per'),(124,'Etdoloresporro','cor'),(125,'Possimusabdebitis','duc'),(126,'Solutaeaet','qui'),(127,'Quaeplaceatut','con'),(128,'Utexpraesentium','des'),(129,'Temporaestomnis','tem'),(130,'Consequunturdoloresaccusantium','vol'),(131,'Omnisnequesed','utt'),(132,'Recusandaeautet','sus'),(133,'Voluptatemfugitsaepe','etv'),(134,'Quietet','omn'),(135,'Maximequiquibusdam','qui'),(136,'Voluptasautnulla','qua'),(137,'Doloremquereiciendisconsequatur','est'),(138,'Aliquidetreiciendis','etd'),(139,'Utpossimusdistinctio','lau'),(140,'Voluptatumaccusantiumfugiat','vol'),(141,'Quisquamexercitationemconsequatur','etf'),(142,'Nemonecessitatibusharum','mol'),(143,'Aliquidexercitationemsit','ets'),(144,'Quastemporibusdolorum','neq'),(145,'Quiomnissed','iur'),(146,'Enimquifacere','lab'),(147,'Estinquis','max'),(148,'Oditsequiaut','sed'),(149,'Idpariaturhic','ani'),(150,'Deseruntexsint','sed'),(151,'Nonenimsint','eni'),(152,'Suscipitundetenetur','aut'),(153,'Repudiandaevoluptatemnam','inv'),(154,'Idetdolore','cum'),(155,'Utquiaut','ips'),(156,'Optioipsaet','quo'),(157,'Omnisundeid','non'),(158,'Cumquetemporedelectus','sed'),(159,'Doloresvoluptatibussequi','qui'),(160,'Explicaboassumendaperspiciatis','adi'),(161,'Estnobisautem','con'),(162,'Ateumipsam','nes'),(163,'Voluptasvoluptatemsunt','min'),(164,'Eosquamet','con'),(165,'Quivoluptatequam','aut'),(166,'Earumetrepudiandae','etm'),(167,'Sapientequoeum','sit');
/*!40000 ALTER TABLE `buildings` ENABLE KEYS */;
UNLOCK TABLES;

--
-- Table structure for table `contract_lines`
--

DROP TABLE IF EXISTS `contract_lines`;
/*!40101 SET @saved_cs_client     = @@character_set_client */;
/*!40101 SET character_set_client = utf8 */;
CREATE TABLE `contract_lines` (
  `id` int(11) NOT NULL AUTO_INCREMENT,
  `contract_id` int(11) DEFAULT NULL,
  `type` varchar(255) COLLATE utf8_unicode_ci NOT NULL DEFAULT 'ItemLine',
  `item_id` int(11) DEFAULT NULL,
  `model_id` int(11) DEFAULT NULL,
  `quantity` int(11) DEFAULT '1',
  `start_date` date DEFAULT NULL,
  `end_date` date DEFAULT NULL,
  `returned_date` date DEFAULT NULL,
  `option_id` int(11) DEFAULT NULL,
  `purpose_id` int(11) DEFAULT NULL,
  `returned_to_user_id` int(11) DEFAULT NULL,
  `created_at` datetime DEFAULT NULL,
  `updated_at` datetime DEFAULT NULL,
  PRIMARY KEY (`id`),
  KEY `index_contract_lines_on_start_date` (`start_date`),
  KEY `index_contract_lines_on_end_date` (`end_date`),
  KEY `index_contract_lines_on_option_id` (`option_id`),
  KEY `index_contract_lines_on_contract_id` (`contract_id`),
  KEY `index_contract_lines_on_item_id` (`item_id`),
  KEY `index_contract_lines_on_model_id` (`model_id`),
  KEY `index_contract_lines_on_returned_date_and_contract_id` (`returned_date`,`contract_id`),
  KEY `index_contract_lines_on_type_and_contract_id` (`type`,`contract_id`),
  KEY `contract_lines_purpose_id_fk` (`purpose_id`),
  KEY `contract_lines_returned_to_user_id_fk` (`returned_to_user_id`),
  CONSTRAINT `contract_lines_returned_to_user_id_fk` FOREIGN KEY (`returned_to_user_id`) REFERENCES `users` (`id`),
  CONSTRAINT `contract_lines_contract_id_fk` FOREIGN KEY (`contract_id`) REFERENCES `contracts` (`id`) ON DELETE CASCADE,
  CONSTRAINT `contract_lines_item_id_fk` FOREIGN KEY (`item_id`) REFERENCES `items` (`id`),
  CONSTRAINT `contract_lines_model_id_fk` FOREIGN KEY (`model_id`) REFERENCES `models` (`id`),
  CONSTRAINT `contract_lines_option_id_fk` FOREIGN KEY (`option_id`) REFERENCES `options` (`id`),
  CONSTRAINT `contract_lines_purpose_id_fk` FOREIGN KEY (`purpose_id`) REFERENCES `purposes` (`id`)
) ENGINE=InnoDB AUTO_INCREMENT=193 DEFAULT CHARSET=utf8 COLLATE=utf8_unicode_ci;
/*!40101 SET character_set_client = @saved_cs_client */;

--
-- Dumping data for table `contract_lines`
--

LOCK TABLES `contract_lines` WRITE;
/*!40000 ALTER TABLE `contract_lines` DISABLE KEYS */;
INSERT INTO `contract_lines` VALUES (1,1,'ItemLine',NULL,109,1,'2013-08-07','2013-08-07',NULL,NULL,NULL,NULL,'2013-08-07 21:18:38','2013-08-07 21:18:38'),(2,1,'ItemLine',NULL,113,1,'2013-08-07','2013-08-07',NULL,NULL,NULL,NULL,'2013-08-07 21:18:38','2013-08-07 21:18:38'),(3,1,'ItemLine',NULL,117,1,'2013-08-07','2013-08-07',NULL,NULL,NULL,NULL,'2013-08-07 21:18:38','2013-08-07 21:18:38'),(4,1,'ItemLine',NULL,121,1,'2013-08-07','2013-08-07',NULL,NULL,NULL,NULL,'2013-08-07 21:18:38','2013-08-07 21:18:38'),(5,1,'ItemLine',NULL,125,1,'2013-08-07','2013-08-07',NULL,NULL,NULL,NULL,'2013-08-07 21:18:38','2013-08-07 21:18:38'),(6,2,'ItemLine',NULL,32,1,'2013-08-07','2013-08-07',NULL,NULL,NULL,NULL,'2013-08-07 21:18:38','2013-08-07 21:18:38'),(7,2,'ItemLine',NULL,68,1,'2013-08-07','2013-08-07',NULL,NULL,NULL,NULL,'2013-08-07 21:18:38','2013-08-07 21:18:38'),(8,2,'ItemLine',NULL,26,1,'2013-08-07','2013-08-07',NULL,NULL,NULL,NULL,'2013-08-07 21:18:38','2013-08-07 21:18:38'),(9,2,'ItemLine',NULL,24,1,'2013-08-07','2013-08-07',NULL,NULL,NULL,NULL,'2013-08-07 21:18:38','2013-08-07 21:18:38'),(10,3,'ItemLine',NULL,8,1,'2013-08-14','2013-08-17',NULL,NULL,1,NULL,'2013-08-07 21:18:38','2013-08-07 21:18:38'),(11,3,'ItemLine',NULL,8,1,'2013-08-14','2013-08-17',NULL,NULL,1,NULL,'2013-08-07 21:18:38','2013-08-07 21:18:38'),(12,3,'ItemLine',NULL,8,1,'2013-08-14','2013-08-17',NULL,NULL,1,NULL,'2013-08-07 21:18:38','2013-08-07 21:18:38'),(13,3,'ItemLine',NULL,9,1,'2013-08-14','2013-08-17',NULL,NULL,2,NULL,'2013-08-07 21:18:38','2013-08-07 21:18:38'),(14,3,'ItemLine',NULL,9,1,'2013-08-14','2013-08-17',NULL,NULL,2,NULL,'2013-08-07 21:18:38','2013-08-07 21:18:38'),(15,3,'ItemLine',NULL,9,1,'2013-08-14','2013-08-17',NULL,NULL,2,NULL,'2013-08-07 21:18:38','2013-08-07 21:18:38'),(16,3,'ItemLine',NULL,9,1,'2013-08-14','2013-08-17',NULL,NULL,2,NULL,'2013-08-07 21:18:38','2013-08-07 21:18:38'),(17,3,'ItemLine',NULL,9,1,'2013-08-14','2013-08-17',NULL,NULL,2,NULL,'2013-08-07 21:18:38','2013-08-07 21:18:38'),(18,4,'ItemLine',NULL,22,1,'2013-08-07','2013-08-08',NULL,NULL,3,NULL,'2013-08-07 21:18:38','2013-08-07 21:18:38'),(19,5,'ItemLine',NULL,40,1,'2013-08-07','2013-08-07',NULL,NULL,4,NULL,'2013-08-07 21:18:38','2013-08-07 21:18:38'),(20,5,'ItemLine',NULL,12,1,'2013-08-07','2013-08-07',NULL,NULL,4,NULL,'2013-08-07 21:18:38','2013-08-07 21:18:38'),(21,5,'ItemLine',NULL,64,1,'2013-08-07','2013-08-07',NULL,NULL,4,NULL,'2013-08-07 21:18:38','2013-08-07 21:18:38'),(22,5,'ItemLine',NULL,59,1,'2013-08-07','2013-08-07',NULL,NULL,4,NULL,'2013-08-07 21:18:38','2013-08-07 21:18:38'),(23,5,'ItemLine',NULL,66,1,'2013-08-07','2013-08-07',NULL,NULL,4,NULL,'2013-08-07 21:18:38','2013-08-07 21:18:38'),(24,5,'ItemLine',NULL,6,1,'2013-08-07','2013-08-07',NULL,NULL,4,NULL,'2013-08-07 21:18:38','2013-08-07 21:18:38'),(25,6,'ItemLine',NULL,85,1,'2013-08-07','2013-08-07',NULL,NULL,5,NULL,'2013-08-07 21:18:38','2013-08-07 21:18:38'),(26,6,'ItemLine',NULL,62,1,'2013-08-07','2013-08-07',NULL,NULL,5,NULL,'2013-08-07 21:18:38','2013-08-07 21:18:38'),(27,6,'ItemLine',NULL,57,1,'2013-08-07','2013-08-07',NULL,NULL,5,NULL,'2013-08-07 21:18:38','2013-08-07 21:18:38'),(28,6,'ItemLine',NULL,60,1,'2013-08-07','2013-08-07',NULL,NULL,5,NULL,'2013-08-07 21:18:38','2013-08-07 21:18:38'),(29,7,'ItemLine',NULL,4,1,'2013-08-07','2013-08-07',NULL,NULL,6,NULL,'2013-08-07 21:18:38','2013-08-07 21:18:38'),(30,7,'ItemLine',NULL,129,1,'2013-08-07','2013-08-07',NULL,NULL,6,NULL,'2013-08-07 21:18:38','2013-08-07 21:18:38'),(31,7,'ItemLine',NULL,133,1,'2013-08-07','2013-08-07',NULL,NULL,6,NULL,'2013-08-07 21:18:38','2013-08-07 21:18:38'),(32,7,'ItemLine',NULL,137,1,'2013-08-07','2013-08-07',NULL,NULL,6,NULL,'2013-08-07 21:18:38','2013-08-07 21:18:38'),(33,7,'ItemLine',NULL,141,1,'2013-08-07','2013-08-07',NULL,NULL,6,NULL,'2013-08-07 21:18:38','2013-08-07 21:18:38'),(34,8,'ItemLine',NULL,4,1,'2013-08-07','2013-08-07',NULL,NULL,7,NULL,'2013-08-07 21:18:38','2013-08-07 21:18:38'),(35,8,'ItemLine',NULL,2,1,'2013-08-07','2013-08-07',NULL,NULL,7,NULL,'2013-08-07 21:18:38','2013-08-07 21:18:38'),(36,8,'ItemLine',NULL,86,1,'2013-08-07','2013-08-07',NULL,NULL,7,NULL,'2013-08-07 21:18:38','2013-08-07 21:18:38'),(37,8,'ItemLine',NULL,1,1,'2013-08-07','2013-08-07',NULL,NULL,7,NULL,'2013-08-07 21:18:38','2013-08-07 21:18:38'),(38,8,'ItemLine',NULL,81,1,'2013-08-07','2013-08-07',NULL,NULL,7,NULL,'2013-08-07 21:18:38','2013-08-07 21:18:38'),(39,8,'ItemLine',NULL,145,1,'2013-08-07','2013-08-07',NULL,NULL,7,NULL,'2013-08-07 21:18:38','2013-08-07 21:18:38'),(40,9,'ItemLine',NULL,149,1,'2013-08-02','2013-08-02',NULL,NULL,8,NULL,'2013-08-02 21:18:38','2013-08-02 21:18:38'),(41,9,'ItemLine',NULL,150,1,'2013-08-02','2013-08-02',NULL,NULL,8,NULL,'2013-08-02 21:18:38','2013-08-02 21:18:38'),(42,9,'ItemLine',NULL,151,1,'2013-08-02','2013-08-02',NULL,NULL,8,NULL,'2013-08-02 21:18:38','2013-08-02 21:18:38'),(43,9,'ItemLine',NULL,19,1,'2013-08-02','2013-08-02',NULL,NULL,9,NULL,'2013-08-02 21:18:38','2013-08-02 21:18:38'),(44,10,'ItemLine',NULL,152,1,'2013-08-07','2013-08-07',NULL,NULL,10,NULL,'2013-08-07 21:18:38','2013-08-07 21:18:38'),(45,10,'ItemLine',NULL,153,1,'2013-08-07','2013-08-07',NULL,NULL,10,NULL,'2013-08-07 21:18:38','2013-08-07 21:18:38'),(46,10,'ItemLine',NULL,154,1,'2013-08-07','2013-08-07',NULL,NULL,10,NULL,'2013-08-07 21:18:38','2013-08-07 21:18:38'),(47,10,'ItemLine',NULL,21,1,'2013-08-07','2013-08-07',NULL,NULL,11,NULL,'2013-08-07 21:18:38','2013-08-07 21:18:38'),(48,11,'ItemLine',NULL,155,1,'2013-08-07','2013-08-07',NULL,NULL,12,NULL,'2013-08-07 21:18:38','2013-08-07 21:18:38'),(49,11,'ItemLine',NULL,156,1,'2013-08-07','2013-08-07',NULL,NULL,12,NULL,'2013-08-07 21:18:38','2013-08-07 21:18:38'),(50,11,'ItemLine',NULL,157,1,'2013-08-07','2013-08-07',NULL,NULL,12,NULL,'2013-08-07 21:18:38','2013-08-07 21:18:38'),(51,12,'ItemLine',NULL,158,1,'2013-08-07','2013-08-07',NULL,NULL,13,NULL,'2013-08-07 21:18:38','2013-08-07 21:18:38'),(52,12,'ItemLine',NULL,159,1,'2013-08-07','2013-08-07',NULL,NULL,13,NULL,'2013-08-07 21:18:38','2013-08-07 21:18:38'),(53,12,'ItemLine',NULL,160,1,'2013-08-07','2013-08-07',NULL,NULL,13,NULL,'2013-08-07 21:18:38','2013-08-07 21:18:38'),(54,12,'ItemLine',NULL,161,1,'2013-08-07','2013-08-07',NULL,NULL,13,NULL,'2013-08-07 21:18:38','2013-08-07 21:18:38'),(55,12,'ItemLine',NULL,162,1,'2013-08-07','2013-08-07',NULL,NULL,13,NULL,'2013-08-07 21:18:38','2013-08-07 21:18:38'),(56,13,'ItemLine',NULL,163,1,'2013-08-07','2013-08-07',NULL,NULL,14,NULL,'2013-08-07 21:18:38','2013-08-07 21:18:38'),(57,13,'ItemLine',NULL,164,1,'2013-08-07','2013-08-07',NULL,NULL,14,NULL,'2013-08-07 21:18:38','2013-08-07 21:18:38'),(58,13,'ItemLine',NULL,165,1,'2013-08-07','2013-08-07',NULL,NULL,14,NULL,'2013-08-07 21:18:38','2013-08-07 21:18:38'),(59,14,'ItemLine',NULL,166,1,'2013-07-31','2013-07-31',NULL,NULL,15,NULL,'2013-07-31 21:18:38','2013-07-31 21:18:38'),(60,14,'ItemLine',NULL,167,1,'2013-07-31','2013-07-31',NULL,NULL,15,NULL,'2013-07-31 21:18:38','2013-07-31 21:18:38'),(61,14,'ItemLine',NULL,168,1,'2013-07-31','2013-07-31',NULL,NULL,15,NULL,'2013-07-31 21:18:38','2013-07-31 21:18:38'),(62,14,'ItemLine',NULL,20,1,'2013-07-31','2013-07-31',NULL,NULL,16,NULL,'2013-07-31 21:18:38','2013-07-31 21:18:38'),(63,14,'ItemLine',NULL,20,1,'2013-07-31','2013-07-31',NULL,NULL,16,NULL,'2013-07-31 21:18:38','2013-07-31 21:18:38'),(64,15,'ItemLine',NULL,169,1,'2013-08-05','2013-08-05',NULL,NULL,17,NULL,'2013-08-03 21:18:38','2013-08-03 21:18:38'),(65,15,'ItemLine',NULL,170,1,'2013-08-05','2013-08-05',NULL,NULL,17,NULL,'2013-08-03 21:18:38','2013-08-03 21:18:38'),(66,15,'ItemLine',NULL,171,1,'2013-08-05','2013-08-05',NULL,NULL,17,NULL,'2013-08-03 21:18:38','2013-08-03 21:18:38'),(67,16,'ItemLine',NULL,8,1,'2013-08-14','2013-08-17',NULL,NULL,18,NULL,'2013-08-07 21:18:38','2013-08-07 21:18:38'),(68,16,'ItemLine',NULL,9,1,'2013-08-14','2013-08-17',NULL,NULL,19,NULL,'2013-08-07 21:18:38','2013-08-07 21:18:38'),(69,16,'ItemLine',NULL,9,1,'2013-08-15','2013-08-18',NULL,NULL,20,NULL,'2013-08-07 21:18:38','2013-08-07 21:18:38'),(70,17,'ItemLine',NULL,6,1,'2013-08-07','2013-08-08',NULL,NULL,21,NULL,'2013-08-07 21:18:38','2013-08-07 21:18:38'),(71,18,'ItemLine',NULL,172,1,'2013-08-07','2013-08-07',NULL,NULL,22,NULL,'2013-08-07 21:18:38','2013-08-07 21:18:38'),(72,18,'ItemLine',NULL,176,1,'2013-08-07','2013-08-07',NULL,NULL,22,NULL,'2013-08-07 21:18:38','2013-08-07 21:18:38'),(73,18,'ItemLine',NULL,180,1,'2013-08-07','2013-08-07',NULL,NULL,22,NULL,'2013-08-07 21:18:38','2013-08-07 21:18:38'),(74,18,'ItemLine',NULL,184,1,'2013-08-07','2013-08-07',NULL,NULL,22,NULL,'2013-08-07 21:18:38','2013-08-07 21:18:38'),(75,19,'ItemLine',199,188,1,'2013-08-07','2013-08-07',NULL,NULL,23,NULL,'2013-08-07 21:18:38','2013-08-07 21:18:38'),(76,19,'ItemLine',200,189,1,'2013-08-07','2013-08-07',NULL,NULL,23,NULL,'2013-08-07 21:18:38','2013-08-07 21:18:38'),(77,19,'ItemLine',201,190,1,'2013-08-07','2013-08-07',NULL,NULL,23,NULL,'2013-08-07 21:18:38','2013-08-07 21:18:38'),(78,19,'ItemLine',202,191,1,'2013-08-07','2013-08-07',NULL,NULL,23,NULL,'2013-08-07 21:18:38','2013-08-07 21:18:38'),(79,19,'ItemLine',203,192,1,'2013-08-07','2013-08-07',NULL,NULL,23,NULL,'2013-08-07 21:18:38','2013-08-07 21:18:38'),(80,19,'ItemLine',204,193,1,'2013-08-07','2013-08-07',NULL,NULL,23,NULL,'2013-08-07 21:18:38','2013-08-07 21:18:38'),(81,19,'ItemLine',205,194,1,'2013-08-07','2013-08-07',NULL,NULL,23,NULL,'2013-08-07 21:18:38','2013-08-07 21:18:38'),(82,19,'ItemLine',206,195,1,'2013-08-07','2013-08-07',NULL,NULL,23,NULL,'2013-08-07 21:18:38','2013-08-07 21:18:38'),(83,19,'ItemLine',207,196,1,'2013-08-07','2013-08-07',NULL,NULL,23,NULL,'2013-08-07 21:18:38','2013-08-07 21:18:38'),(84,19,'ItemLine',208,197,1,'2013-08-07','2013-08-07',NULL,NULL,23,NULL,'2013-08-07 21:18:38','2013-08-07 21:18:38'),(85,19,'ItemLine',209,198,1,'2013-08-07','2013-08-07',NULL,NULL,23,NULL,'2013-08-07 21:18:38','2013-08-07 21:18:38'),(86,19,'ItemLine',210,199,1,'2013-08-07','2013-08-07',NULL,NULL,23,NULL,'2013-08-07 21:18:38','2013-08-07 21:18:38'),(87,19,'ItemLine',211,200,1,'2013-08-07','2013-08-07',NULL,NULL,23,NULL,'2013-08-07 21:18:38','2013-08-07 21:18:38'),(88,19,'ItemLine',212,201,1,'2013-08-07','2013-08-07',NULL,NULL,23,NULL,'2013-08-07 21:18:38','2013-08-07 21:18:38'),(89,19,'ItemLine',213,202,1,'2013-08-07','2013-08-07',NULL,NULL,23,NULL,'2013-08-07 21:18:38','2013-08-07 21:18:38'),(90,19,'ItemLine',214,203,1,'2013-08-07','2013-08-07',NULL,NULL,23,NULL,'2013-08-07 21:18:38','2013-08-07 21:18:38'),(91,19,'ItemLine',215,204,1,'2013-08-07','2013-08-07',NULL,NULL,23,NULL,'2013-08-07 21:18:38','2013-08-07 21:18:38'),(92,19,'ItemLine',216,205,1,'2013-08-07','2013-08-07',NULL,NULL,23,NULL,'2013-08-07 21:18:38','2013-08-07 21:18:38'),(93,19,'ItemLine',217,206,1,'2013-08-07','2013-08-07',NULL,NULL,23,NULL,'2013-08-07 21:18:38','2013-08-07 21:18:38'),(94,19,'ItemLine',218,207,1,'2013-08-07','2013-08-07',NULL,NULL,23,NULL,'2013-08-07 21:18:38','2013-08-07 21:18:38'),(95,19,'ItemLine',219,208,1,'2013-08-07','2013-08-07',NULL,NULL,23,NULL,'2013-08-07 21:18:38','2013-08-07 21:18:38'),(96,19,'ItemLine',220,209,1,'2013-08-07','2013-08-07',NULL,NULL,23,NULL,'2013-08-07 21:18:38','2013-08-07 21:18:38'),(97,19,'ItemLine',221,210,1,'2013-08-07','2013-08-07',NULL,NULL,23,NULL,'2013-08-07 21:18:38','2013-08-07 21:18:38'),(98,19,'ItemLine',222,211,1,'2013-08-07','2013-08-07',NULL,NULL,23,NULL,'2013-08-07 21:18:38','2013-08-07 21:18:38'),(99,19,'ItemLine',223,212,1,'2013-08-07','2013-08-07',NULL,NULL,23,NULL,'2013-08-07 21:18:38','2013-08-07 21:18:38'),(100,19,'ItemLine',224,213,1,'2013-08-07','2013-08-07',NULL,NULL,23,NULL,'2013-08-07 21:18:38','2013-08-07 21:18:38'),(101,19,'ItemLine',225,214,1,'2013-08-07','2013-08-07',NULL,NULL,23,NULL,'2013-08-07 21:18:38','2013-08-07 21:18:38'),(102,19,'ItemLine',226,215,1,'2013-08-07','2013-08-07',NULL,NULL,23,NULL,'2013-08-07 21:18:38','2013-08-07 21:18:38'),(103,19,'ItemLine',227,216,1,'2013-08-07','2013-08-07',NULL,NULL,23,NULL,'2013-08-07 21:18:38','2013-08-07 21:18:38'),(104,19,'ItemLine',228,217,1,'2013-08-07','2013-08-07',NULL,NULL,23,NULL,'2013-08-07 21:18:38','2013-08-07 21:18:38'),(105,19,'ItemLine',229,218,1,'2013-08-07','2013-08-07',NULL,NULL,23,NULL,'2013-08-07 21:18:38','2013-08-07 21:18:38'),(106,19,'ItemLine',230,219,1,'2013-08-07','2013-08-07',NULL,NULL,23,NULL,'2013-08-07 21:18:38','2013-08-07 21:18:38'),(107,19,'ItemLine',231,220,1,'2013-08-07','2013-08-07',NULL,NULL,23,NULL,'2013-08-07 21:18:38','2013-08-07 21:18:38'),(108,19,'ItemLine',232,221,1,'2013-08-07','2013-08-07',NULL,NULL,23,NULL,'2013-08-07 21:18:38','2013-08-07 21:18:38'),(109,19,'ItemLine',233,222,1,'2013-08-07','2013-08-07',NULL,NULL,23,NULL,'2013-08-07 21:18:38','2013-08-07 21:18:38'),(110,19,'ItemLine',NULL,223,1,'2013-08-07','2013-08-07',NULL,NULL,24,NULL,'2013-08-07 21:18:38','2013-08-07 21:18:38'),(111,19,'ItemLine',NULL,224,1,'2013-08-07','2013-08-07',NULL,NULL,24,NULL,'2013-08-07 21:18:38','2013-08-07 21:18:38'),(112,20,'ItemLine',NULL,225,1,'2013-08-05','2013-08-05',NULL,NULL,25,NULL,'2013-08-05 21:18:38','2013-08-05 21:18:38'),(113,20,'ItemLine',NULL,226,1,'2013-08-05','2013-08-05',NULL,NULL,25,NULL,'2013-08-05 21:18:38','2013-08-05 21:18:38'),(114,20,'ItemLine',NULL,227,1,'2013-08-05','2013-08-05',NULL,NULL,25,NULL,'2013-08-05 21:18:38','2013-08-05 21:18:38'),(115,20,'ItemLine',NULL,228,1,'2013-08-05','2013-08-05',NULL,NULL,25,NULL,'2013-08-05 21:18:38','2013-08-05 21:18:38'),(116,20,'ItemLine',NULL,19,1,'2013-08-05','2013-08-05',NULL,NULL,26,NULL,'2013-08-05 21:18:38','2013-08-05 21:18:38'),(117,21,'ItemLine',88,19,1,'2013-04-07','2013-04-08','2013-04-07',NULL,27,NULL,'2013-04-07 21:18:38','2013-04-07 21:18:38'),(118,22,'ItemLine',240,229,1,'2013-08-07','2013-08-07',NULL,NULL,28,NULL,'2013-08-07 21:18:38','2013-08-07 21:18:38'),(119,22,'OptionLine',NULL,NULL,2,'2013-08-07','2013-08-07',NULL,5,29,NULL,'2013-08-07 21:18:38','2013-08-07 21:18:38'),(120,23,'OptionLine',NULL,NULL,2,'2013-08-07','2013-08-07',NULL,4,30,NULL,'2013-08-07 21:18:38','2013-08-07 21:18:38'),(121,23,'OptionLine',NULL,NULL,1,'2013-08-07','2013-09-07',NULL,4,31,NULL,'2013-08-07 21:18:38','2013-08-07 21:18:38'),(122,24,'ItemLine',241,230,1,'2013-08-07','2013-08-07',NULL,NULL,32,NULL,'2013-08-07 21:18:38','2013-08-07 21:18:38'),(123,25,'ItemLine',NULL,231,1,'2013-08-02','2013-08-06',NULL,NULL,33,NULL,'2013-08-02 21:18:38','2013-08-02 21:18:38'),(124,25,'OptionLine',NULL,NULL,1,'2013-08-02','2013-08-06',NULL,6,34,NULL,'2013-08-02 21:18:38','2013-08-02 21:18:38'),(125,26,'ItemLine',86,4,1,'2013-08-07','2013-08-07','2013-08-07',NULL,35,NULL,'2013-08-07 21:18:38','2013-08-07 21:18:38'),(126,27,'ItemLine',87,4,1,'2013-08-07','2013-08-07','2013-08-07',NULL,36,NULL,'2013-08-07 21:18:38','2013-08-07 21:18:38'),(127,28,'ItemLine',243,232,1,'2013-08-07','2013-08-07','2013-08-07',NULL,37,NULL,'2013-08-07 21:18:38','2013-08-07 21:18:38'),(128,29,'ItemLine',122,99,1,'2013-08-07','2013-08-07','2013-08-07',NULL,38,NULL,'2013-08-07 21:18:38','2013-08-07 21:18:38'),(129,30,'ItemLine',NULL,9,1,'2013-08-07','2013-08-07',NULL,NULL,39,NULL,'2013-08-07 21:18:38','2013-08-07 21:18:38'),(130,31,'ItemLine',NULL,9,1,'2013-08-07','2013-08-07',NULL,NULL,40,NULL,'2013-08-07 21:18:38','2013-08-07 21:18:38'),(131,31,'ItemLine',NULL,2,1,'2013-08-07','2013-08-07',NULL,NULL,41,NULL,'2013-08-07 21:18:38','2013-08-07 21:18:38'),(132,32,'ItemLine',NULL,9,1,'2013-08-14','2013-08-15',NULL,NULL,42,NULL,'2013-08-07 21:18:38','2013-08-07 21:18:38'),(133,33,'ItemLine',NULL,2,1,'2013-08-07','2013-08-07',NULL,NULL,43,NULL,'2013-08-07 21:18:38','2013-08-07 21:18:38'),(134,33,'ItemLine',NULL,2,1,'2013-08-07','2013-08-07',NULL,NULL,43,NULL,'2013-08-07 21:18:38','2013-08-07 21:18:38'),(135,33,'ItemLine',NULL,2,1,'2013-08-07','2013-08-07',NULL,NULL,43,NULL,'2013-08-07 21:18:38','2013-08-07 21:18:38'),(136,34,'ItemLine',NULL,8,1,'2013-08-07','2013-08-07',NULL,NULL,44,NULL,'2013-08-07 21:18:38','2013-08-07 21:18:38'),(137,34,'ItemLine',NULL,8,1,'2013-08-07','2013-08-07',NULL,NULL,44,NULL,'2013-08-07 21:18:38','2013-08-07 21:18:38'),(138,34,'ItemLine',NULL,8,1,'2013-08-07','2013-08-07',NULL,NULL,44,NULL,'2013-08-07 21:18:38','2013-08-07 21:18:38'),(139,34,'ItemLine',NULL,9,1,'2013-08-07','2013-08-07',NULL,NULL,45,NULL,'2013-08-07 21:18:38','2013-08-07 21:18:38'),(140,34,'ItemLine',NULL,9,1,'2013-08-07','2013-08-07',NULL,NULL,45,NULL,'2013-08-07 21:18:38','2013-08-07 21:18:38'),(141,34,'ItemLine',NULL,9,1,'2013-08-07','2013-08-07',NULL,NULL,45,NULL,'2013-08-07 21:18:38','2013-08-07 21:18:38'),(142,34,'OptionLine',NULL,NULL,5,'2013-08-07','2013-08-07',NULL,1,46,NULL,'2013-08-07 21:18:38','2013-08-07 21:18:38'),(143,35,'ItemLine',NULL,233,1,'2013-08-07','2013-08-07',NULL,NULL,47,NULL,'2013-08-07 21:18:38','2013-08-07 21:18:38'),(144,36,'ItemLine',245,234,1,'2013-08-07','2013-08-07',NULL,NULL,48,NULL,'2013-08-07 21:18:38','2013-08-07 21:18:38'),(145,37,'ItemLine',60,8,1,'2013-08-07','2013-08-07',NULL,NULL,49,NULL,'2013-08-07 21:18:38','2013-08-07 21:18:38'),(146,38,'ItemLine',93,23,1,'2013-08-02','2013-08-06',NULL,NULL,50,NULL,'2013-08-02 21:18:38','2013-08-02 21:18:38'),(147,38,'OptionLine',NULL,NULL,1,'2013-08-02','2013-08-02',NULL,7,51,NULL,'2013-08-02 21:18:38','2013-08-02 21:18:38'),(148,39,'ItemLine',246,235,1,'2013-08-07','2013-08-07',NULL,NULL,52,NULL,'2013-08-07 21:18:38','2013-08-07 21:18:38'),(149,40,'ItemLine',247,236,1,'2013-08-07','2013-08-07',NULL,NULL,53,NULL,'2013-08-07 21:18:38','2013-08-07 21:18:38'),(150,40,'ItemLine',248,237,1,'2013-08-07','2013-08-07','2013-08-07',NULL,54,5,'2013-08-07 21:18:38','2013-08-07 21:18:38'),(151,41,'ItemLine',104,84,1,'2013-08-07','2013-08-07',NULL,NULL,55,NULL,'2013-08-07 21:18:38','2013-08-07 21:18:38'),(152,41,'ItemLine',56,2,1,'2013-08-07','2013-08-07',NULL,NULL,56,NULL,'2013-08-07 21:18:38','2013-08-07 21:18:38'),(153,42,'ItemLine',249,238,1,'2013-08-07','2013-08-07',NULL,NULL,57,NULL,'2013-08-07 21:18:38','2013-08-07 21:18:38'),(154,43,'ItemLine',106,86,1,'2013-08-07','2013-08-07',NULL,NULL,58,NULL,'2013-08-07 21:18:38','2013-08-07 21:18:38'),(155,44,'ItemLine',NULL,2,1,'2013-08-05','2013-08-08',NULL,NULL,59,NULL,'2013-08-07 21:18:38','2013-08-07 21:18:38'),(156,44,'ItemLine',NULL,239,1,'2013-08-05','2013-08-08',NULL,NULL,60,NULL,'2013-08-07 21:18:38','2013-08-07 21:18:38'),(157,45,'ItemLine',NULL,22,1,'2013-08-07','2013-08-07',NULL,NULL,61,NULL,'2013-08-07 21:18:38','2013-08-07 21:18:38'),(158,45,'ItemLine',NULL,22,1,'2013-08-07','2013-08-07',NULL,NULL,61,NULL,'2013-08-07 21:18:38','2013-08-07 21:18:38'),(159,46,'ItemLine',53,2,1,'2013-08-07','2013-08-07',NULL,NULL,62,NULL,'2013-08-07 21:18:38','2013-08-07 21:18:38'),(160,46,'OptionLine',NULL,NULL,1,'2013-08-07','2013-08-07',NULL,1,63,NULL,'2013-08-07 21:18:38','2013-08-07 21:18:38'),(161,47,'ItemLine',NULL,8,1,'2013-09-13','2013-09-21',NULL,NULL,64,NULL,'2013-08-07 21:18:38','2013-08-07 21:18:38'),(162,48,'ItemLine',NULL,8,1,'2013-09-28','2013-10-01',NULL,NULL,65,NULL,'2013-08-07 21:18:38','2013-08-07 21:18:38'),(163,48,'ItemLine',NULL,8,1,'2013-09-28','2013-10-01',NULL,NULL,65,NULL,'2013-08-07 21:18:38','2013-08-07 21:18:38'),(164,48,'ItemLine',NULL,8,1,'2013-09-28','2013-10-01',NULL,NULL,65,NULL,'2013-08-07 21:18:38','2013-08-07 21:18:38'),(165,48,'ItemLine',NULL,8,1,'2013-09-28','2013-10-01',NULL,NULL,65,NULL,'2013-08-07 21:18:38','2013-08-07 21:18:38'),(166,48,'ItemLine',NULL,8,1,'2013-09-28','2013-10-01',NULL,NULL,65,NULL,'2013-08-07 21:18:38','2013-08-07 21:18:38'),(167,48,'ItemLine',NULL,8,1,'2013-09-28','2013-10-01',NULL,NULL,65,NULL,'2013-08-07 21:18:38','2013-08-07 21:18:38'),(168,49,'ItemLine',NULL,240,1,'2013-08-07','2013-08-07',NULL,NULL,66,NULL,'2013-08-07 21:18:38','2013-08-07 21:18:38'),(169,49,'ItemLine',NULL,241,1,'2013-08-07','2013-08-07',NULL,NULL,66,NULL,'2013-08-07 21:18:38','2013-08-07 21:18:38'),(170,49,'ItemLine',NULL,242,1,'2013-08-07','2013-08-07',NULL,NULL,66,NULL,'2013-08-07 21:18:38','2013-08-07 21:18:38'),(171,50,'ItemLine',NULL,243,1,'2013-08-07','2013-08-07',NULL,NULL,67,NULL,'2013-08-07 21:18:38','2013-08-07 21:18:38'),(172,50,'ItemLine',NULL,244,1,'2013-08-07','2013-08-07',NULL,NULL,67,NULL,'2013-08-07 21:18:38','2013-08-07 21:18:38'),(173,50,'ItemLine',NULL,245,1,'2013-08-07','2013-08-07',NULL,NULL,67,NULL,'2013-08-07 21:18:38','2013-08-07 21:18:38'),(174,51,'ItemLine',257,246,1,'2013-08-07','2013-08-07',NULL,NULL,68,NULL,'2013-08-07 21:18:38','2013-08-07 21:18:38'),(175,51,'ItemLine',258,247,1,'2013-08-07','2013-08-07',NULL,NULL,68,NULL,'2013-08-07 21:18:38','2013-08-07 21:18:38'),(176,51,'ItemLine',259,248,1,'2013-08-07','2013-08-07',NULL,NULL,68,NULL,'2013-08-07 21:18:38','2013-08-07 21:18:38'),(177,51,'ItemLine',260,249,1,'2013-08-07','2013-08-07',NULL,NULL,68,NULL,'2013-08-07 21:18:38','2013-08-07 21:18:38'),(178,52,'ItemLine',261,250,1,'2013-08-07','2013-08-07',NULL,NULL,69,NULL,'2013-08-07 21:18:38','2013-08-07 21:18:38'),(179,52,'ItemLine',262,251,1,'2013-08-07','2013-08-07',NULL,NULL,69,NULL,'2013-08-07 21:18:38','2013-08-07 21:18:38'),(180,52,'ItemLine',263,252,1,'2013-08-07','2013-08-07',NULL,NULL,69,NULL,'2013-08-07 21:18:38','2013-08-07 21:18:38'),(181,52,'ItemLine',264,253,1,'2013-08-07','2013-08-07',NULL,NULL,69,NULL,'2013-08-07 21:18:38','2013-08-07 21:18:38'),(182,52,'ItemLine',265,254,1,'2013-08-07','2013-08-07',NULL,NULL,69,NULL,'2013-08-07 21:18:38','2013-08-07 21:18:38'),(183,53,'ItemLine',266,255,1,'2013-08-02','2013-08-02',NULL,NULL,70,NULL,'2013-08-02 21:18:38','2013-08-02 21:18:38'),(184,53,'ItemLine',267,256,1,'2013-08-02','2013-08-02',NULL,NULL,70,NULL,'2013-08-02 21:18:38','2013-08-02 21:18:38'),(185,53,'ItemLine',268,257,1,'2013-08-02','2013-08-02',NULL,NULL,70,NULL,'2013-08-02 21:18:38','2013-08-02 21:18:38'),(186,53,'ItemLine',269,258,1,'2013-08-02','2013-08-02',NULL,NULL,70,NULL,'2013-08-02 21:18:38','2013-08-02 21:18:38'),(187,53,'ItemLine',270,259,1,'2013-08-02','2013-08-02',NULL,NULL,70,NULL,'2013-08-02 21:18:38','2013-08-02 21:18:38'),(188,54,'ItemLine',NULL,260,1,'2013-08-02','2013-08-02',NULL,NULL,71,NULL,'2013-08-02 21:18:38','2013-08-02 21:18:38'),(189,54,'ItemLine',NULL,261,1,'2013-08-02','2013-08-02',NULL,NULL,71,NULL,'2013-08-02 21:18:38','2013-08-02 21:18:38'),(190,54,'ItemLine',NULL,262,1,'2013-08-02','2013-08-02',NULL,NULL,71,NULL,'2013-08-02 21:18:38','2013-08-02 21:18:38'),(191,54,'ItemLine',NULL,263,1,'2013-08-02','2013-08-02',NULL,NULL,71,NULL,'2013-08-02 21:18:38','2013-08-02 21:18:38'),(192,54,'ItemLine',NULL,19,1,'2013-08-02','2013-08-02',NULL,NULL,72,NULL,'2013-08-02 21:18:38','2013-08-02 21:18:38');
/*!40000 ALTER TABLE `contract_lines` ENABLE KEYS */;
UNLOCK TABLES;

--
-- Table structure for table `contracts`
--

DROP TABLE IF EXISTS `contracts`;
/*!40101 SET @saved_cs_client     = @@character_set_client */;
/*!40101 SET character_set_client = utf8 */;
CREATE TABLE `contracts` (
  `id` int(11) NOT NULL AUTO_INCREMENT,
  `user_id` int(11) DEFAULT NULL,
  `delegated_user_id` int(11) DEFAULT NULL,
  `inventory_pool_id` int(11) DEFAULT NULL,
  `note` text COLLATE utf8_unicode_ci,
  `handed_over_by_user_id` int(11) DEFAULT NULL,
  `created_at` datetime DEFAULT NULL,
  `updated_at` datetime DEFAULT NULL,
  `status` enum('unsubmitted','submitted','rejected','approved','signed','closed') COLLATE utf8_unicode_ci NOT NULL,
  PRIMARY KEY (`id`),
  KEY `index_contracts_on_inventory_pool_id` (`inventory_pool_id`),
  KEY `index_contracts_on_status` (`status`),
  KEY `index_contracts_on_user_id` (`user_id`),
  KEY `contracts_delegated_user_id_fk` (`delegated_user_id`),
  KEY `contracts_handed_over_by_user_id_fk` (`handed_over_by_user_id`),
  CONSTRAINT `contracts_handed_over_by_user_id_fk` FOREIGN KEY (`handed_over_by_user_id`) REFERENCES `users` (`id`),
  CONSTRAINT `contracts_delegated_user_id_fk` FOREIGN KEY (`delegated_user_id`) REFERENCES `users` (`id`),
  CONSTRAINT `contracts_inventory_pool_id_fk` FOREIGN KEY (`inventory_pool_id`) REFERENCES `inventory_pools` (`id`),
  CONSTRAINT `contracts_user_id_fk` FOREIGN KEY (`user_id`) REFERENCES `users` (`id`)
) ENGINE=InnoDB AUTO_INCREMENT=55 DEFAULT CHARSET=utf8 COLLATE=utf8_unicode_ci;
/*!40101 SET character_set_client = @saved_cs_client */;

--
-- Dumping data for table `contracts`
--

LOCK TABLES `contracts` WRITE;
/*!40000 ALTER TABLE `contracts` DISABLE KEYS */;
INSERT INTO `contracts` VALUES (1,34,NULL,7,NULL,NULL,'2013-08-07 21:18:38','2013-08-07 21:18:38','unsubmitted'),(2,6,NULL,1,NULL,NULL,'2013-08-07 21:18:38','2013-08-07 21:18:38','unsubmitted'),(3,6,NULL,1,NULL,NULL,'2013-08-07 21:18:38','2013-08-07 21:18:38','submitted'),(4,19,NULL,1,NULL,NULL,'2013-08-07 21:18:38','2013-08-07 21:18:38','submitted'),(5,6,NULL,1,NULL,NULL,'2013-08-07 21:18:38','2013-08-07 21:18:38','submitted'),(6,6,NULL,1,NULL,NULL,'2013-08-07 21:18:38','2013-08-07 21:18:38','submitted'),(7,6,NULL,3,NULL,NULL,'2013-08-07 21:18:38','2013-08-07 21:18:38','submitted'),(8,6,NULL,2,NULL,NULL,'2013-08-07 21:18:38','2013-08-07 21:18:38','submitted'),(9,14,NULL,1,NULL,NULL,'2013-08-02 21:18:38','2013-08-02 21:18:38','submitted'),(10,15,NULL,1,NULL,NULL,'2013-08-07 21:18:38','2013-08-07 21:18:38','submitted'),(11,16,NULL,1,NULL,NULL,'2013-08-07 21:18:38','2013-08-07 21:18:38','submitted'),(12,17,NULL,1,NULL,NULL,'2013-08-07 21:18:38','2013-08-07 21:18:38','submitted'),(13,18,NULL,1,NULL,NULL,'2013-08-07 21:18:38','2013-08-07 21:18:38','submitted'),(14,14,NULL,1,NULL,NULL,'2013-07-31 21:18:38','2013-07-31 21:18:38','submitted'),(15,14,NULL,1,NULL,NULL,'2013-08-03 21:18:38','2013-08-03 21:18:38','submitted'),(16,11,NULL,1,NULL,NULL,'2013-08-07 21:18:38','2013-08-07 21:18:38','submitted'),(17,11,NULL,1,NULL,NULL,'2013-08-07 21:18:38','2013-08-07 21:18:38','submitted'),(18,35,NULL,12,NULL,NULL,'2013-08-07 21:18:38','2013-08-07 21:18:38','approved'),(19,22,NULL,1,NULL,NULL,'2013-08-07 21:18:38','2013-08-07 21:18:38','approved'),(20,14,NULL,1,NULL,NULL,'2013-08-05 21:18:38','2013-08-05 21:18:38','approved'),(21,14,NULL,1,NULL,5,'2013-04-07 21:18:38','2013-04-07 21:18:38','closed'),(22,21,NULL,1,NULL,5,'2013-08-07 21:18:38','2013-08-07 21:18:38','signed'),(23,8,NULL,1,NULL,5,'2013-08-07 21:18:38','2013-08-07 21:18:38','signed'),(24,17,NULL,1,NULL,5,'2013-08-07 21:18:38','2013-08-07 21:18:38','signed'),(25,27,12,2,NULL,NULL,'2013-08-02 21:18:38','2013-08-02 21:18:38','approved'),(26,13,NULL,1,NULL,5,'2013-08-07 21:18:38','2013-08-07 21:18:38','closed'),(27,6,NULL,1,NULL,5,'2013-08-07 21:18:38','2013-08-07 21:18:38','closed'),(28,20,NULL,1,NULL,5,'2013-08-07 21:18:38','2013-08-07 21:18:38','closed'),(29,20,NULL,1,NULL,5,'2013-08-07 21:18:38','2013-08-07 21:18:38','closed'),(30,6,NULL,1,NULL,NULL,'2013-08-07 21:18:38','2013-08-07 21:18:38','approved'),(31,6,NULL,1,NULL,NULL,'2013-08-07 21:18:38','2013-08-07 21:18:38','approved'),(32,6,NULL,1,NULL,NULL,'2013-08-07 21:18:38','2013-08-07 21:18:38','approved'),(33,6,NULL,1,NULL,NULL,'2013-08-07 21:18:38','2013-08-07 21:18:38','approved'),(34,6,NULL,1,NULL,NULL,'2013-08-07 21:18:38','2013-08-07 21:18:38','approved'),(35,6,NULL,1,NULL,NULL,'2013-08-07 21:18:38','2013-08-07 21:18:38','approved'),(36,6,NULL,1,NULL,NULL,'2013-08-07 21:18:38','2013-08-07 21:18:38','approved'),(37,6,NULL,1,NULL,5,'2013-08-07 21:18:38','2013-08-07 21:18:38','signed'),(38,13,NULL,1,NULL,5,'2013-08-02 21:18:38','2013-08-02 21:18:38','signed'),(39,6,NULL,1,NULL,5,'2013-08-07 21:18:38','2013-08-07 21:18:38','signed'),(40,6,NULL,2,NULL,5,'2013-08-07 21:18:38','2013-08-07 21:18:38','signed'),(41,6,NULL,2,NULL,5,'2013-08-07 21:18:38','2013-08-07 21:18:38','signed'),(42,6,NULL,2,NULL,5,'2013-08-07 21:18:38','2013-08-07 21:18:38','signed'),(43,6,NULL,1,NULL,5,'2013-08-07 21:18:38','2013-08-07 21:18:38','signed'),(44,11,NULL,1,NULL,NULL,'2013-08-07 21:18:38','2013-08-07 21:18:38','approved'),(45,13,NULL,1,NULL,NULL,'2013-08-07 21:18:38','2013-08-07 21:18:38','submitted'),(46,11,NULL,1,NULL,5,'2013-08-07 21:18:38','2013-08-07 21:18:38','signed'),(47,13,NULL,1,NULL,NULL,'2013-08-07 21:18:38','2013-08-07 21:18:38','submitted'),(48,13,NULL,1,NULL,NULL,'2013-08-07 21:18:38','2013-08-07 21:18:38','submitted'),(49,26,10,1,NULL,NULL,'2013-08-07 21:18:38','2013-08-07 21:18:38','submitted'),(50,26,12,1,NULL,NULL,'2013-08-07 21:18:38','2013-08-07 21:18:38','approved'),(51,30,24,1,NULL,NULL,'2013-08-07 21:18:38','2013-08-07 21:18:38','approved'),(52,26,10,1,NULL,5,'2013-08-07 21:18:38','2013-08-07 21:18:38','signed'),(53,26,10,1,NULL,5,'2013-08-02 21:18:38','2013-08-02 21:18:38','signed'),(54,14,NULL,1,NULL,NULL,'2013-08-02 21:18:38','2013-08-02 21:18:38','rejected');
/*!40000 ALTER TABLE `contracts` ENABLE KEYS */;
UNLOCK TABLES;

--
-- Table structure for table `database_authentications`
--

DROP TABLE IF EXISTS `database_authentications`;
/*!40101 SET @saved_cs_client     = @@character_set_client */;
/*!40101 SET character_set_client = utf8 */;
CREATE TABLE `database_authentications` (
  `id` int(11) NOT NULL AUTO_INCREMENT,
  `login` varchar(255) COLLATE utf8_unicode_ci DEFAULT NULL,
  `crypted_password` varchar(40) COLLATE utf8_unicode_ci DEFAULT NULL,
  `salt` varchar(40) COLLATE utf8_unicode_ci DEFAULT NULL,
  `user_id` int(11) DEFAULT NULL,
  `created_at` datetime DEFAULT NULL,
  `updated_at` datetime DEFAULT NULL,
  PRIMARY KEY (`id`),
  KEY `database_authentications_user_id_fk` (`user_id`),
  CONSTRAINT `database_authentications_user_id_fk` FOREIGN KEY (`user_id`) REFERENCES `users` (`id`) ON DELETE CASCADE
) ENGINE=InnoDB AUTO_INCREMENT=31 DEFAULT CHARSET=utf8 COLLATE=utf8_unicode_ci;
/*!40101 SET character_set_client = @saved_cs_client */;

--
-- Dumping data for table `database_authentications`
--

LOCK TABLES `database_authentications` WRITE;
/*!40000 ALTER TABLE `database_authentications` DISABLE KEYS */;
INSERT INTO `database_authentications` VALUES (1,'gino','00efa19d608390b958eba0e3b24e0024bfe5c72e','8accc0708992a978f90fc87f547cf089f70ec11c',1,'2013-08-07 21:18:38','2013-08-07 21:18:38'),(2,'ramon','edfe6c261896d37c734cc1f3426bf7d9497cc019','abb0359e00c097f475a631d08880e4cd5db63955',2,'2013-08-07 21:18:38','2013-08-07 21:18:38'),(3,'matti','9cf0af4b66daf60c45bcbc7176ab5115baf24149','4b1be1d249298ee36a7bcc0f41a62550c6165960',3,'2013-08-07 21:18:38','2013-08-07 21:18:38'),(4,'mike','33111f5099b3e746e51ab8ec42a10f3163c20973','c2e84c89867f750fccc89499da871b303bdcaecc',4,'2013-08-07 21:18:38','2013-08-07 21:18:38'),(5,'pius','e351b9c6abb6e7b3a9b81b67d78acfcdb55bcdf5','78c0811b940a4b670f58a1a074ba7092feb0ad81',5,'2013-08-07 21:18:38','2013-08-07 21:18:38'),(6,'normin','0a91835021f521b2a8239068b4eb9743b7f15c73','902498ffdd41a3157c70442187d2dd88b829c825',6,'2013-08-07 21:18:38','2013-08-07 21:18:38'),(7,'gracie','4a06d9b088f7e0a5a41643f3349ff30071730b4c','a8f411650cdabf8af6171ff21ac31547c53e5621',7,'2013-08-07 21:18:38','2013-08-07 21:18:38'),(8,'peter','3516a2f44761bf3abcd4f3a31c4ec5a3ab5e93ed','7136cfce97e999fc914106cf26af6048332fbac9',8,'2013-08-07 21:18:38','2013-08-07 21:18:38'),(9,'andi','ba76d47340cb6f9c17534b2997a05f5cd914cb01','4f19c173400e9cd67276d196b993ff13e2634879',9,'2013-08-07 21:18:38','2013-08-07 21:18:38'),(10,'mina','c24dbcfb72b088307274f0a44d84a67cf4b4c865','7653b7ef747c06c294d0af99c463035352ed4a56',10,'2013-08-07 21:18:38','2013-08-07 21:18:38'),(11,'petra','5b65e0d6a63b98d0889704d2b54d743da669453f','30fdb0da0d814ba4ec9a97ef03929bfcce5283cc',11,'2013-08-07 21:18:38','2013-08-07 21:18:38'),(12,'julie','11bffccf4786393c66093943c46e39ef14fdafae','3fc54f83381f8f3ec7a9eb0fd94b2e80f6b86c4b',12,'2013-08-07 21:18:38','2013-08-07 21:18:38'),(13,'lisa','9aaff8c6a9c8eb49f681af23614a921107d7b813','31a78b66ee8b10e9f5fc6b245768ab66e87c2e65',13,'2013-08-07 21:18:38','2013-08-07 21:18:38'),(14,'alanna','b7be7ff46e93944d5a1d9e88a9177dec7dc12e82','78df421f14319e7b1e354fff2e6bfb724fbc6d63',14,'2013-08-07 21:18:38','2013-08-07 21:18:38'),(15,'kailey','c87cf1376152e8f524cac807f57fa15c812e929c','e6f9f2819e4f5fef0c9d1b564f60196ae1ebccab',15,'2013-08-07 21:18:38','2013-08-07 21:18:38'),(16,'anastasia','db1bf3661586d05a21fc17c5704ea8d1af6368a8','ff2b9d1bb769a702e5409b1826dfa644d13ae08d',16,'2013-08-07 21:18:38','2013-08-07 21:18:38'),(17,'conrad','13de2c4aebe73cd240a54905ae634ab2df890d26','4e2114f712c8a495da5cda490a3870346589d7ab',17,'2013-08-07 21:18:38','2013-08-07 21:18:38'),(18,'talon','5e83d245b8896e88fa9cad71743fe57ecaa76370','502e08309a9eb2385a4e04b8b343c19b6e1da3d9',18,'2013-08-07 21:18:38','2013-08-07 21:18:38'),(19,'annette','a1b4abbd31c8b6ce0d1d822b743651ec6c2c6e04','6aa42fe132b18956e5c8381dbade19460ada18b3',19,'2013-08-07 21:18:38','2013-08-07 21:18:38'),(20,'keyshawn','bfc7bc02768f464d878fb0f0b044b0c9423cfc1c','d127115b16fbc1af66be5f2f86109288f0049520',20,'2013-08-07 21:18:38','2013-08-07 21:18:38'),(21,'patsy','262c3a5decbeb5a6a6d6bc9b90ac18fa71ed073c','59dc632c799445a7f3ca19034a88953242a4ffa0',21,'2013-08-07 21:18:38','2013-08-07 21:18:38'),(22,'dayne','5e4776c9d2b063d056fa7bbf45b1d61bc4e462ef','f2a35ff674d2ea6621c39ab4bfada2588dee2b3a',22,'2013-08-07 21:18:38','2013-08-07 21:18:38'),(23,'nicholaus','a9475287ac1ba75693c188f92c204cad3ea28b4c','59a0edce74e9cde4ca494fa243b81e2f1e934b00',23,'2013-08-07 21:18:38','2013-08-07 21:18:38'),(24,'meda','7368f46b496d0161f44d2fd2f53c5c431609d31a','03236bb1409242f3debb1777420dda7ee53d6f58',24,'2013-08-07 21:18:38','2013-08-07 21:18:38'),(25,'rickie.heaney_7659','d41e446a993131f42da9c46c534f74dcd25efc00','375cb85104b6e70e29a78ab1dca6740d15e92b0a',25,'2013-08-07 21:18:38','2013-08-07 21:18:38'),(26,'amir_jacobs_4035','88f7a8cd4fd5d3680d00d0700b5a2fe845149608','d876320aeb50632c594b6988e88cb6d6a916f58a',31,'2013-08-07 21:18:38','2013-08-07 21:18:38'),(27,'jevon_6147','e259eb37bb6d149930572d8ae5d3c9d03178a4b7','167497db1f7ef1f9fed2ae974ef949be8dbf3077',32,'2013-08-07 21:18:38','2013-08-07 21:18:38'),(28,'olen_grant_8853','63b4a7216379ea6e9ed9a53723fadd76a153942f','b7b80142ad87110c0c4ddc4de6c14df00f95d9cd',33,'2013-08-07 21:18:38','2013-08-07 21:18:38'),(29,'erwin.king_8276','7efdb0a31c0e56ba740805a77cc8646abd964be9','cea96ab40aa7c349ddf866061c2742f47fb961ea',34,'2013-08-07 21:18:38','2013-08-07 21:18:38'),(30,'holden_mohr_3086','4891061a941207db6211b28030d9fb7e2a3ad080','b241f221e1f9aac4774a46ca7252847d38e5259f',35,'2013-08-07 21:18:38','2013-08-07 21:18:38');
/*!40000 ALTER TABLE `database_authentications` ENABLE KEYS */;
UNLOCK TABLES;

--
-- Table structure for table `delegations_users`
--

DROP TABLE IF EXISTS `delegations_users`;
/*!40101 SET @saved_cs_client     = @@character_set_client */;
/*!40101 SET character_set_client = utf8 */;
CREATE TABLE `delegations_users` (
  `delegation_id` int(11) DEFAULT NULL,
  `user_id` int(11) DEFAULT NULL,
  UNIQUE KEY `index_delegations_users_on_user_id_and_delegation_id` (`user_id`,`delegation_id`),
  KEY `index_delegations_users_on_delegation_id` (`delegation_id`),
  CONSTRAINT `delegations_users_delegation_id_fk` FOREIGN KEY (`delegation_id`) REFERENCES `users` (`id`),
  CONSTRAINT `delegations_users_user_id_fk` FOREIGN KEY (`user_id`) REFERENCES `users` (`id`)
) ENGINE=InnoDB DEFAULT CHARSET=utf8 COLLATE=utf8_unicode_ci;
/*!40101 SET character_set_client = @saved_cs_client */;

--
-- Dumping data for table `delegations_users`
--

LOCK TABLES `delegations_users` WRITE;
/*!40000 ALTER TABLE `delegations_users` DISABLE KEYS */;
INSERT INTO `delegations_users` VALUES (26,10),(27,10),(28,10),(29,10),(26,12),(27,12),(28,12),(29,12),(30,23),(30,24);
/*!40000 ALTER TABLE `delegations_users` ENABLE KEYS */;
UNLOCK TABLES;

--
-- Table structure for table `groups`
--

DROP TABLE IF EXISTS `groups`;
/*!40101 SET @saved_cs_client     = @@character_set_client */;
/*!40101 SET character_set_client = utf8 */;
CREATE TABLE `groups` (
  `id` int(11) NOT NULL AUTO_INCREMENT,
  `name` varchar(255) COLLATE utf8_unicode_ci DEFAULT NULL,
  `inventory_pool_id` int(11) DEFAULT NULL,
  `is_verification_required` tinyint(1) DEFAULT '0',
  `created_at` datetime DEFAULT NULL,
  `updated_at` datetime DEFAULT NULL,
  PRIMARY KEY (`id`),
  KEY `index_groups_on_inventory_pool_id` (`inventory_pool_id`),
  KEY `index_groups_on_is_verification_required` (`is_verification_required`),
  CONSTRAINT `groups_inventory_pool_id_fk` FOREIGN KEY (`inventory_pool_id`) REFERENCES `inventory_pools` (`id`)
) ENGINE=InnoDB AUTO_INCREMENT=11 DEFAULT CHARSET=utf8 COLLATE=utf8_unicode_ci;
/*!40101 SET character_set_client = @saved_cs_client */;

--
-- Dumping data for table `groups`
--

LOCK TABLES `groups` WRITE;
/*!40000 ALTER TABLE `groups` DISABLE KEYS */;
INSERT INTO `groups` VALUES (1,'Cast',1,0,'2013-08-07 21:18:38','2013-08-07 21:18:38'),(2,'IAD',1,0,'2013-08-07 21:18:38','2013-08-07 21:18:38'),(3,'Wu',1,0,'2013-08-07 21:18:38','2013-08-07 21:18:38'),(4,'Group Hifi',1,0,'2013-08-07 21:18:38','2013-08-07 21:18:38'),(5,'Group A',1,0,'2013-08-07 21:18:38','2013-08-07 21:18:38'),(6,'Group B',1,0,'2013-08-07 21:18:38','2013-08-07 21:18:38'),(7,'FFI',1,1,'2013-08-07 21:18:38','2013-08-07 21:18:38'),(8,'VTO',1,1,'2013-08-07 21:18:38','2013-08-07 21:18:38'),(9,'1. Semester',2,1,'2013-08-07 21:18:38','2013-08-07 21:18:38'),(10,'Group C',1,0,'2013-08-07 21:18:38','2013-08-07 21:18:38');
/*!40000 ALTER TABLE `groups` ENABLE KEYS */;
UNLOCK TABLES;

--
-- Table structure for table `groups_users`
--

DROP TABLE IF EXISTS `groups_users`;
/*!40101 SET @saved_cs_client     = @@character_set_client */;
/*!40101 SET character_set_client = utf8 */;
CREATE TABLE `groups_users` (
  `user_id` int(11) DEFAULT NULL,
  `group_id` int(11) DEFAULT NULL,
  UNIQUE KEY `index_groups_users_on_user_id_and_group_id` (`user_id`,`group_id`),
  KEY `index_groups_users_on_group_id` (`group_id`),
  CONSTRAINT `groups_users_user_id_fk` FOREIGN KEY (`user_id`) REFERENCES `users` (`id`),
  CONSTRAINT `groups_users_group_id_fk` FOREIGN KEY (`group_id`) REFERENCES `groups` (`id`)
) ENGINE=InnoDB DEFAULT CHARSET=utf8 COLLATE=utf8_unicode_ci;
/*!40101 SET character_set_client = @saved_cs_client */;

--
-- Dumping data for table `groups_users`
--

LOCK TABLES `groups_users` WRITE;
/*!40000 ALTER TABLE `groups_users` DISABLE KEYS */;
INSERT INTO `groups_users` VALUES (6,1),(13,1),(14,7),(14,8),(15,7),(16,7),(16,8),(17,7),(17,9),(18,7),(19,10);
/*!40000 ALTER TABLE `groups_users` ENABLE KEYS */;
UNLOCK TABLES;

--
-- Table structure for table `histories`
--

DROP TABLE IF EXISTS `histories`;
/*!40101 SET @saved_cs_client     = @@character_set_client */;
/*!40101 SET character_set_client = utf8 */;
CREATE TABLE `histories` (
  `id` int(11) NOT NULL AUTO_INCREMENT,
  `text` varchar(255) COLLATE utf8_unicode_ci DEFAULT '',
  `type_const` int(11) DEFAULT NULL,
  `created_at` datetime NOT NULL,
  `target_id` int(11) NOT NULL,
  `target_type` varchar(255) COLLATE utf8_unicode_ci NOT NULL,
  `user_id` int(11) DEFAULT NULL,
  PRIMARY KEY (`id`),
  KEY `index_histories_on_target_type_and_target_id` (`target_type`,`target_id`),
  KEY `index_histories_on_type_const` (`type_const`),
  KEY `index_histories_on_user_id` (`user_id`),
  CONSTRAINT `histories_user_id_fk` FOREIGN KEY (`user_id`) REFERENCES `users` (`id`)
) ENGINE=InnoDB AUTO_INCREMENT=19 DEFAULT CHARSET=utf8 COLLATE=utf8_unicode_ci;
/*!40101 SET character_set_client = @saved_cs_client */;

--
-- Dumping data for table `histories`
--

LOCK TABLES `histories` WRITE;
/*!40000 ALTER TABLE `histories` DISABLE KEYS */;
INSERT INTO `histories` VALUES (1,'Contract 21 has been signed by Alanna Toy',1,'2013-04-07 21:18:38',21,'Contract',5),(2,'Contract 22 has been signed by Patsy Shields',1,'2013-08-07 21:18:38',22,'Contract',5),(3,'Contract 23 has been signed by Peter Silie',1,'2013-08-07 21:18:38',23,'Contract',5),(4,'Contract 24 has been signed by Conrad Walter',1,'2013-08-07 21:18:38',24,'Contract',5),(5,'Contract 26 has been signed by Lisa Rowe',1,'2013-08-07 21:18:38',26,'Contract',5),(6,'Contract 27 has been signed by Normin Normalo',1,'2013-08-07 21:18:38',27,'Contract',5),(7,'Contract 28 has been signed by Keyshawn White',1,'2013-08-07 21:18:38',28,'Contract',5),(8,'Contract 29 has been signed by Keyshawn White',1,'2013-08-07 21:18:38',29,'Contract',5),(9,'Contract 37 has been signed by Normin Normalo',1,'2013-08-07 21:18:38',37,'Contract',5),(10,'Contract 38 has been signed by Lisa Rowe',1,'2013-08-02 21:18:38',38,'Contract',5),(11,'Contract 39 has been signed by Normin Normalo',1,'2013-08-07 21:18:38',39,'Contract',5),(12,'Contract 40 has been signed by Normin Normalo',1,'2013-08-07 21:18:38',40,'Contract',5),(13,'Contract 41 has been signed by Normin Normalo',1,'2013-08-07 21:18:38',41,'Contract',5),(14,'Contract 42 has been signed by Normin Normalo',1,'2013-08-07 21:18:38',42,'Contract',5),(15,'Contract 43 has been signed by Normin Normalo',1,'2013-08-07 21:18:38',43,'Contract',5),(16,'Contract 46 has been signed by Petra Osinski',1,'2013-08-07 21:18:38',46,'Contract',5),(17,'Contract 52 has been signed by Delegation 1',1,'2013-08-07 21:18:38',52,'Contract',5),(18,'Contract 53 has been signed by Delegation 1',1,'2013-08-02 21:18:38',53,'Contract',5);
/*!40000 ALTER TABLE `histories` ENABLE KEYS */;
UNLOCK TABLES;

--
-- Table structure for table `holidays`
--

DROP TABLE IF EXISTS `holidays`;
/*!40101 SET @saved_cs_client     = @@character_set_client */;
/*!40101 SET character_set_client = utf8 */;
CREATE TABLE `holidays` (
  `id` int(11) NOT NULL AUTO_INCREMENT,
  `inventory_pool_id` int(11) DEFAULT NULL,
  `start_date` date DEFAULT NULL,
  `end_date` date DEFAULT NULL,
  `name` varchar(255) COLLATE utf8_unicode_ci DEFAULT NULL,
  PRIMARY KEY (`id`),
  KEY `index_holidays_on_inventory_pool_id` (`inventory_pool_id`),
  KEY `index_holidays_on_start_date_and_end_date` (`start_date`,`end_date`),
  CONSTRAINT `holidays_inventory_pool_id_fk` FOREIGN KEY (`inventory_pool_id`) REFERENCES `inventory_pools` (`id`) ON DELETE CASCADE
) ENGINE=InnoDB AUTO_INCREMENT=7 DEFAULT CHARSET=utf8 COLLATE=utf8_unicode_ci;
/*!40101 SET character_set_client = @saved_cs_client */;

--
-- Dumping data for table `holidays`
--

LOCK TABLES `holidays` WRITE;
/*!40000 ALTER TABLE `holidays` DISABLE KEYS */;
INSERT INTO `holidays` VALUES (1,1,'2013-12-24','2013-12-26','Christmas'),(2,1,'2014-12-24','2014-12-26','Christmas'),(3,2,'2013-12-24','2013-12-26','Christmas'),(4,2,'2014-12-24','2014-12-26','Christmas'),(5,3,'2013-12-24','2013-12-26','Christmas'),(6,3,'2014-12-24','2014-12-26','Christmas');
/*!40000 ALTER TABLE `holidays` ENABLE KEYS */;
UNLOCK TABLES;

--
-- Table structure for table `images`
--

DROP TABLE IF EXISTS `images`;
/*!40101 SET @saved_cs_client     = @@character_set_client */;
/*!40101 SET character_set_client = utf8 */;
CREATE TABLE `images` (
  `id` int(11) NOT NULL AUTO_INCREMENT,
  `is_main` tinyint(1) DEFAULT '0',
  `content_type` varchar(255) COLLATE utf8_unicode_ci DEFAULT NULL,
  `filename` varchar(255) COLLATE utf8_unicode_ci DEFAULT NULL,
  `size` int(11) DEFAULT NULL,
  `height` int(11) DEFAULT NULL,
  `width` int(11) DEFAULT NULL,
  `parent_id` int(11) DEFAULT NULL,
  `thumbnail` varchar(255) COLLATE utf8_unicode_ci DEFAULT NULL,
  `target_id` int(11) DEFAULT NULL,
  `target_type` varchar(255) COLLATE utf8_unicode_ci DEFAULT NULL,
  PRIMARY KEY (`id`),
  KEY `index_images_on_target_id_and_target_type` (`target_id`,`target_type`)
) ENGINE=InnoDB AUTO_INCREMENT=5 DEFAULT CHARSET=utf8 COLLATE=utf8_unicode_ci;
/*!40101 SET character_set_client = @saved_cs_client */;

--
-- Dumping data for table `images`
--

LOCK TABLES `images` WRITE;
/*!40000 ALTER TABLE `images` DISABLE KEYS */;
INSERT INTO `images` VALUES (1,0,'image/jpeg','nostrum',NULL,NULL,NULL,NULL,NULL,2,'ModelGroup'),(2,0,'image/jpeg','nesciunt',NULL,NULL,NULL,NULL,NULL,16,'Model'),(3,0,'image/jpeg','eligendi',NULL,NULL,NULL,NULL,NULL,16,'Model'),(4,0,'image/jpeg','ducimus',NULL,NULL,NULL,NULL,NULL,17,'Model');
/*!40000 ALTER TABLE `images` ENABLE KEYS */;
UNLOCK TABLES;

--
-- Table structure for table `inventory_pools`
--

DROP TABLE IF EXISTS `inventory_pools`;
/*!40101 SET @saved_cs_client     = @@character_set_client */;
/*!40101 SET character_set_client = utf8 */;
CREATE TABLE `inventory_pools` (
  `id` int(11) NOT NULL AUTO_INCREMENT,
  `name` varchar(255) COLLATE utf8_unicode_ci DEFAULT NULL,
  `description` text COLLATE utf8_unicode_ci,
  `contact_details` varchar(255) COLLATE utf8_unicode_ci DEFAULT NULL,
  `contract_description` varchar(255) COLLATE utf8_unicode_ci DEFAULT NULL,
  `contract_url` varchar(255) COLLATE utf8_unicode_ci DEFAULT NULL,
  `logo_url` varchar(255) COLLATE utf8_unicode_ci DEFAULT NULL,
  `default_contract_note` text COLLATE utf8_unicode_ci,
  `shortname` varchar(255) COLLATE utf8_unicode_ci DEFAULT NULL,
  `email` varchar(255) COLLATE utf8_unicode_ci DEFAULT NULL,
  `color` text COLLATE utf8_unicode_ci,
  `print_contracts` tinyint(1) DEFAULT '1',
  `opening_hours` text COLLATE utf8_unicode_ci,
  `address_id` int(11) DEFAULT NULL,
  `automatic_suspension` tinyint(1) NOT NULL DEFAULT '0',
  `automatic_suspension_reason` text COLLATE utf8_unicode_ci,
  `automatic_access` tinyint(1) DEFAULT NULL,
  PRIMARY KEY (`id`),
  UNIQUE KEY `index_inventory_pools_on_name` (`name`),
  KEY `inventory_pools_address_id_fk` (`address_id`),
  CONSTRAINT `inventory_pools_address_id_fk` FOREIGN KEY (`address_id`) REFERENCES `addresses` (`id`)
) ENGINE=InnoDB AUTO_INCREMENT=13 DEFAULT CHARSET=utf8 COLLATE=utf8_unicode_ci;
/*!40101 SET character_set_client = @saved_cs_client */;

--
-- Dumping data for table `inventory_pools`
--

LOCK TABLES `inventory_pools` WRITE;
/*!40000 ALTER TABLE `inventory_pools` DISABLE KEYS */;
INSERT INTO `inventory_pools` VALUES (1,'A-Ausleihe','Wichtige Hinweise...\n\nBitte die Gegenstnde rechtzeitig zurckbringen','A Verleih  /  ZHdK\na@zh-dk.ch\n\n+41 00 00 00 00',NULL,'a@zhdk.ch',NULL,'Quibusdam illo ipsam fugiat et.','A','a@zhdk.ch',NULL,1,NULL,NULL,1,'Consequatur maiores error et illo.',NULL),(2,'IT-Ausleihe','Bringt die Gerte bitte rechtzeitig zurck','IT Verleih  /  ZHdK\nit@zh-dk.ch\n\n+41 00 00 00 00',NULL,'it@zhdk.ch',NULL,'Similique doloremque molestiae qui occaecati id consequuntur est.','IT','it@zhdk.ch',NULL,1,NULL,NULL,1,'Placeat sit impedit molestias quod.',NULL),(3,'AV-Technik','Bringt die Gerte bitte rechtzeitig zurck','AV Verleih  /  ZHdK\nav@zh-dk.ch\n\n+41 00 00 00 00',NULL,'av@zhdk.ch',NULL,'Repellat a ut tenetur quasi.','AV','av@zhdk.ch',NULL,1,NULL,NULL,0,NULL,NULL),(4,'DT deletable',NULL,NULL,NULL,'it@zhdk.ch',NULL,'Architecto quis aut neque nesciunt odio assumenda.','DT','it@zhdk.ch',NULL,1,NULL,NULL,0,NULL,NULL),(5,'Quiidoptiodeserunt','Explicabo tempora autem quisquam modi sint et magni.','Corporis consequuntur dolores voluptatem necessitatibus.','Quiidoptiodeserunt','lisandro_mayert@donnellykling.info',NULL,NULL,'GRP0R5','lisandro_mayert@donnellykling.info',NULL,1,NULL,NULL,0,NULL,NULL),(6,'Ipsamvelitetet','Autem necessitatibus adipisci aspernatur nostrum mollitia minus quasi.','Quo sit accusamus soluta amet.','Ipsamvelitetet','bell@denesik.name',NULL,NULL,'30LHC1','bell@denesik.name',NULL,1,NULL,NULL,0,NULL,NULL),(7,'Molestiaereprehenderitarchitectosimilique','Sapiente quis officiis magnam excepturi quo.','Quis aut ullam blanditiis.','Molestiaereprehenderitarchitectosimilique','althea@toybergstrom.co.uk',NULL,NULL,'513UI3','althea@toybergstrom.co.uk',NULL,1,NULL,NULL,0,NULL,NULL),(8,'Undecumqueearumsimilique','Quo animi facilis iure atque.','Consectetur explicabo consequuntur ut fugit accusamus voluptas adipisci ex.','Undecumqueearumsimilique','lonie@ritchieboyer.com',NULL,NULL,'A4LAE0','lonie@ritchieboyer.com',NULL,1,NULL,NULL,0,NULL,NULL),(9,'Quasquaenonvel','Eos aut ad alias quam fugiat reiciendis sapiente.','Quod voluptas nobis ratione qui repudiandae.','Quasquaenonvel','hermina.murazik@kutch.name',NULL,NULL,'BFXY0J','hermina.murazik@kutch.name',NULL,1,NULL,NULL,0,NULL,NULL),(10,'Estutinventoremagni','Nesciunt quam libero non rerum numquam esse sit.','Ex veniam corporis autem consequatur et provident.','Estutinventoremagni','madonna.heaney@braun.biz',NULL,NULL,'N2KNE1','madonna.heaney@braun.biz',NULL,1,NULL,NULL,0,NULL,NULL),(11,'Sequiinciduntoccaecatiquia','Eos beatae cumque qui et voluptates culpa.','Ea voluptas est sint assumenda recusandae maxime.','Sequiinciduntoccaecatiquia','rocky@moriette.com',NULL,NULL,'LJ3CU1','rocky@moriette.com',NULL,1,NULL,NULL,0,NULL,NULL),(12,'Eiussuntaccusantiumquae','A rerum ad mollitia nobis maxime qui ratione est.','Similique enim aut tempore et quasi nam aliquam.','Eiussuntaccusantiumquae','josue.mayer@herzog.info',NULL,NULL,'AFBLK8','josue.mayer@herzog.info',NULL,1,NULL,NULL,0,NULL,NULL);
/*!40000 ALTER TABLE `inventory_pools` ENABLE KEYS */;
UNLOCK TABLES;

--
-- Table structure for table `inventory_pools_model_groups`
--

DROP TABLE IF EXISTS `inventory_pools_model_groups`;
/*!40101 SET @saved_cs_client     = @@character_set_client */;
/*!40101 SET character_set_client = utf8 */;
CREATE TABLE `inventory_pools_model_groups` (
  `inventory_pool_id` int(11) DEFAULT NULL,
  `model_group_id` int(11) DEFAULT NULL,
  KEY `index_inventory_pools_model_groups_on_inventory_pool_id` (`inventory_pool_id`),
  KEY `index_inventory_pools_model_groups_on_model_group_id` (`model_group_id`),
  CONSTRAINT `inventory_pools_model_groups_model_group_id_fk` FOREIGN KEY (`model_group_id`) REFERENCES `model_groups` (`id`),
  CONSTRAINT `inventory_pools_model_groups_inventory_pool_id_fk` FOREIGN KEY (`inventory_pool_id`) REFERENCES `inventory_pools` (`id`)
) ENGINE=InnoDB DEFAULT CHARSET=utf8 COLLATE=utf8_unicode_ci;
/*!40101 SET character_set_client = @saved_cs_client */;

--
-- Dumping data for table `inventory_pools_model_groups`
--

LOCK TABLES `inventory_pools_model_groups` WRITE;
/*!40000 ALTER TABLE `inventory_pools_model_groups` DISABLE KEYS */;
INSERT INTO `inventory_pools_model_groups` VALUES (1,12),(1,13),(1,14);
/*!40000 ALTER TABLE `inventory_pools_model_groups` ENABLE KEYS */;
UNLOCK TABLES;

--
-- Table structure for table `items`
--

DROP TABLE IF EXISTS `items`;
/*!40101 SET @saved_cs_client     = @@character_set_client */;
/*!40101 SET character_set_client = utf8 */;
CREATE TABLE `items` (
  `id` int(11) NOT NULL AUTO_INCREMENT,
  `inventory_code` varchar(255) COLLATE utf8_unicode_ci DEFAULT NULL,
  `serial_number` varchar(255) COLLATE utf8_unicode_ci DEFAULT NULL,
  `model_id` int(11) DEFAULT NULL,
  `location_id` int(11) DEFAULT NULL,
  `supplier_id` int(11) DEFAULT NULL,
  `owner_id` int(11) NOT NULL,
  `parent_id` int(11) DEFAULT NULL,
  `invoice_number` varchar(255) COLLATE utf8_unicode_ci DEFAULT NULL,
  `invoice_date` date DEFAULT NULL,
  `last_check` date DEFAULT NULL,
  `retired` date DEFAULT NULL,
  `retired_reason` varchar(255) COLLATE utf8_unicode_ci DEFAULT NULL,
  `price` decimal(8,2) DEFAULT NULL,
  `is_broken` tinyint(1) DEFAULT '0',
  `is_incomplete` tinyint(1) DEFAULT '0',
  `is_borrowable` tinyint(1) DEFAULT '0',
  `needs_permission` tinyint(1) DEFAULT '0',
  `inventory_pool_id` int(11) NOT NULL,
  `is_inventory_relevant` tinyint(1) DEFAULT '0',
  `responsible` varchar(255) COLLATE utf8_unicode_ci DEFAULT NULL,
  `insurance_number` varchar(255) COLLATE utf8_unicode_ci DEFAULT NULL,
  `note` text COLLATE utf8_unicode_ci,
  `name` text COLLATE utf8_unicode_ci,
  `user_name` varchar(255) COLLATE utf8_unicode_ci DEFAULT NULL,
  `properties` text COLLATE utf8_unicode_ci,
  `created_at` datetime DEFAULT NULL,
  `updated_at` datetime DEFAULT NULL,
  `status_note` text COLLATE utf8_unicode_ci,
  PRIMARY KEY (`id`),
  UNIQUE KEY `index_items_on_inventory_code` (`inventory_code`),
  KEY `index_items_on_inventory_pool_id` (`inventory_pool_id`),
  KEY `index_items_on_retired` (`retired`),
  KEY `index_items_on_is_borrowable` (`is_borrowable`),
  KEY `index_items_on_is_broken` (`is_broken`),
  KEY `index_items_on_is_incomplete` (`is_incomplete`),
  KEY `index_items_on_location_id` (`location_id`),
  KEY `index_items_on_owner_id` (`owner_id`),
  KEY `index_items_on_parent_id_and_retired` (`parent_id`,`retired`),
  KEY `index_items_on_model_id_and_retired_and_inventory_pool_id` (`model_id`,`retired`,`inventory_pool_id`),
  KEY `items_supplier_id_fk` (`supplier_id`),
  CONSTRAINT `items_inventory_pool_id_fk` FOREIGN KEY (`inventory_pool_id`) REFERENCES `inventory_pools` (`id`),
  CONSTRAINT `items_location_id_fk` FOREIGN KEY (`location_id`) REFERENCES `locations` (`id`),
  CONSTRAINT `items_model_id_fk` FOREIGN KEY (`model_id`) REFERENCES `models` (`id`),
  CONSTRAINT `items_owner_id_fk` FOREIGN KEY (`owner_id`) REFERENCES `inventory_pools` (`id`),
  CONSTRAINT `items_parent_id_fk` FOREIGN KEY (`parent_id`) REFERENCES `items` (`id`) ON DELETE SET NULL,
  CONSTRAINT `items_supplier_id_fk` FOREIGN KEY (`supplier_id`) REFERENCES `suppliers` (`id`)
) ENGINE=InnoDB AUTO_INCREMENT=275 DEFAULT CHARSET=utf8 COLLATE=utf8_unicode_ci;
/*!40101 SET character_set_client = @saved_cs_client */;

--
-- Dumping data for table `items`
--

LOCK TABLES `items` WRITE;
/*!40000 ALTER TABLE `items` DISABLE KEYS */;
INSERT INTO `items` VALUES (1,'swh7yz2z1vgg083anh6r1','25:21:59:3f:5e:4c-e7:5d:98:39:41:ae-a6:21:0f:74:cc:39',24,NULL,1,1,NULL,NULL,'2009-10-11','2013-08-07',NULL,NULL,'944.00',0,0,1,0,1,1,NULL,NULL,NULL,NULL,NULL,'--- !ruby/hash:ActiveSupport::HashWithIndifferentAccess\nanschaffungskategorie: AV-Technik\nreference: invoice\numzug: zgeln\nankunftszustand: intakt\n','2013-08-07 21:18:38','2013-08-07 21:18:38',NULL),(2,'notl2ikhlnypekschb8u2','ee:52:7b:70:43:a0-99:a8:06:91:24:2e-bd:94:b8:8d:de:a6',25,NULL,2,1,NULL,NULL,'2008-11-04','2013-08-07',NULL,NULL,'719.00',0,0,1,0,1,1,NULL,NULL,NULL,NULL,NULL,'--- !ruby/hash:ActiveSupport::HashWithIndifferentAccess\nanschaffungskategorie: AV-Technik\nreference: invoice\numzug: zgeln\nankunftszustand: intakt\n','2013-08-07 21:18:38','2013-08-07 21:18:38',NULL),(3,'ncz3spkhe7pcmlfpyhci3','8a:a4:d7:e4:76:41-94:d6:83:9d:9c:d9-b8:de:78:ee:23:10',26,NULL,3,1,NULL,NULL,'2010-06-09','2013-08-07',NULL,NULL,'962.00',0,0,1,0,1,1,NULL,NULL,NULL,NULL,NULL,'--- !ruby/hash:ActiveSupport::HashWithIndifferentAccess\nanschaffungskategorie: AV-Technik\nreference: invoice\numzug: zgeln\nankunftszustand: intakt\n','2013-08-07 21:18:38','2013-08-07 21:18:38',NULL),(4,'7tujfht3cd5zv0e2ahee4','54:8b:54:74:9c:d7-37:54:ca:f7:3d:ed-3e:a3:66:f4:32:8a',27,NULL,4,1,NULL,NULL,'2009-04-23','2013-08-07',NULL,NULL,'1350.00',0,0,1,0,1,1,NULL,NULL,NULL,NULL,NULL,'--- !ruby/hash:ActiveSupport::HashWithIndifferentAccess\nanschaffungskategorie: AV-Technik\nreference: invoice\numzug: zgeln\nankunftszustand: intakt\n','2013-08-07 21:18:38','2013-08-07 21:18:38',NULL),(5,'4kexyahigkhe3onmtzkz5','93:7f:41:35:f8:36-3b:1f:43:29:bf:ec-82:a5:8b:01:87:9d',28,NULL,5,1,NULL,NULL,'2010-05-23','2013-08-07',NULL,NULL,'42.00',0,0,1,0,1,1,NULL,NULL,NULL,NULL,NULL,'--- !ruby/hash:ActiveSupport::HashWithIndifferentAccess\nanschaffungskategorie: AV-Technik\nreference: invoice\numzug: zgeln\nankunftszustand: intakt\n','2013-08-07 21:18:38','2013-08-07 21:18:38',NULL),(6,'odevywfxn31yq7gwxzfw6','be:3d:90:0b:43:87-3e:93:b3:aa:74:05-05:4f:fb:80:f5:54',29,NULL,6,1,NULL,NULL,'2010-11-17','2013-08-07',NULL,NULL,'706.00',0,0,1,0,1,1,NULL,NULL,NULL,NULL,NULL,'--- !ruby/hash:ActiveSupport::HashWithIndifferentAccess\nanschaffungskategorie: AV-Technik\nreference: invoice\numzug: zgeln\nankunftszustand: intakt\n','2013-08-07 21:18:38','2013-08-07 21:18:38',NULL),(7,'asmb7ey72rz73e3gmu6n7','e6:8b:97:df:32:fd-c0:ce:ca:e0:0d:4e-d5:60:f9:39:ad:a4',30,NULL,7,1,NULL,NULL,'2010-05-05','2013-08-07',NULL,NULL,'1196.00',0,0,1,0,1,1,NULL,NULL,NULL,NULL,NULL,'--- !ruby/hash:ActiveSupport::HashWithIndifferentAccess\nanschaffungskategorie: AV-Technik\nreference: invoice\numzug: zgeln\nankunftszustand: intakt\n','2013-08-07 21:18:38','2013-08-07 21:18:38',NULL),(8,'10i4c6ealj3zm1h4xcou8','1a:67:1e:a4:8c:52-d9:bb:03:75:85:ed-d7:36:18:34:05:16',31,NULL,8,1,NULL,NULL,'2009-05-07','2013-08-07',NULL,NULL,'347.00',0,0,1,0,1,1,NULL,NULL,NULL,NULL,NULL,'--- !ruby/hash:ActiveSupport::HashWithIndifferentAccess\nanschaffungskategorie: AV-Technik\nreference: invoice\numzug: zgeln\nankunftszustand: intakt\n','2013-08-07 21:18:38','2013-08-07 21:18:38',NULL),(9,'gz9y4bjlawzudtg876kg9','f8:de:93:b2:5c:2e-fb:04:59:4f:41:27-75:f9:33:40:1f:ac',32,NULL,9,1,NULL,NULL,'2010-09-18','2013-08-07',NULL,NULL,'1254.00',0,0,1,0,1,1,NULL,NULL,NULL,NULL,NULL,'--- !ruby/hash:ActiveSupport::HashWithIndifferentAccess\nanschaffungskategorie: AV-Technik\nreference: invoice\numzug: zgeln\nankunftszustand: intakt\n','2013-08-07 21:18:38','2013-08-07 21:18:38',NULL),(10,'fkyjtn9r2crbaojmuo4b10','c2:af:3c:59:fa:0c-cc:ac:d1:2d:01:4b-77:c3:41:65:03:0f',33,NULL,10,1,NULL,NULL,'2008-03-07','2013-08-07',NULL,NULL,'813.00',0,0,1,0,1,1,NULL,NULL,NULL,NULL,NULL,'--- !ruby/hash:ActiveSupport::HashWithIndifferentAccess\nanschaffungskategorie: AV-Technik\nreference: invoice\numzug: zgeln\nankunftszustand: intakt\n','2013-08-07 21:18:38','2013-08-07 21:18:38',NULL),(11,'sa609ecfbof4hlisnm1v11','a4:92:25:a5:57:7c-1e:61:56:e6:47:d0-e6:a4:8d:10:76:d1',34,NULL,11,1,NULL,NULL,'2008-05-15','2013-08-07',NULL,NULL,'1474.00',0,0,1,0,1,1,NULL,NULL,NULL,NULL,NULL,'--- !ruby/hash:ActiveSupport::HashWithIndifferentAccess\nanschaffungskategorie: AV-Technik\nreference: invoice\numzug: zgeln\nankunftszustand: intakt\n','2013-08-07 21:18:38','2013-08-07 21:18:38',NULL),(12,'rtp8l598c5zhvhza9dsu12','af:fe:55:df:3b:c6-f8:03:ab:55:a1:2a-9b:52:a0:8e:ba:6d',35,NULL,12,1,NULL,NULL,'2010-12-01','2013-08-07',NULL,NULL,'1484.00',0,0,1,0,1,1,NULL,NULL,NULL,NULL,NULL,'--- !ruby/hash:ActiveSupport::HashWithIndifferentAccess\nanschaffungskategorie: AV-Technik\nreference: invoice\numzug: zgeln\nankunftszustand: intakt\n','2013-08-07 21:18:38','2013-08-07 21:18:38',NULL),(13,'3copbu2jc9cxq3wennt713','dc:f5:35:49:57:06-91:66:49:fa:77:02-3b:57:f3:e8:06:ab',36,NULL,13,1,NULL,NULL,'2010-01-25','2013-08-07',NULL,NULL,'99.00',0,0,1,0,1,1,NULL,NULL,NULL,NULL,NULL,'--- !ruby/hash:ActiveSupport::HashWithIndifferentAccess\nanschaffungskategorie: AV-Technik\nreference: invoice\numzug: zgeln\nankunftszustand: intakt\n','2013-08-07 21:18:38','2013-08-07 21:18:38',NULL),(14,'pz7bd0wja81vdvot55iy14','f7:d6:40:a7:b3:fa-fb:43:d7:62:b1:4b-49:6b:4e:44:57:50',37,NULL,14,1,NULL,NULL,'2009-04-14','2013-08-07',NULL,NULL,'772.00',0,0,1,0,1,1,NULL,NULL,NULL,NULL,NULL,'--- !ruby/hash:ActiveSupport::HashWithIndifferentAccess\nanschaffungskategorie: AV-Technik\nreference: invoice\numzug: zgeln\nankunftszustand: intakt\n','2013-08-07 21:18:38','2013-08-07 21:18:38',NULL),(15,'0y96ihxjqa7bds9w85iz15','cf:e5:0f:98:ff:ff-14:6a:a0:fd:01:34-d8:0d:ef:33:ea:b5',38,NULL,15,1,NULL,NULL,'2011-06-06','2013-08-07',NULL,NULL,'1056.00',0,0,1,0,1,1,NULL,NULL,NULL,NULL,NULL,'--- !ruby/hash:ActiveSupport::HashWithIndifferentAccess\nanschaffungskategorie: AV-Technik\nreference: invoice\numzug: zgeln\nankunftszustand: intakt\n','2013-08-07 21:18:38','2013-08-07 21:18:38',NULL),(16,'fwwao7zhs9g3tjsqia8h16','fa:30:ca:31:03:1b-6a:b2:77:0c:81:30-64:86:b1:df:fe:eb',39,NULL,16,1,NULL,NULL,'2010-07-02','2013-08-07',NULL,NULL,'1321.00',0,0,1,0,1,1,NULL,NULL,NULL,NULL,NULL,'--- !ruby/hash:ActiveSupport::HashWithIndifferentAccess\nanschaffungskategorie: AV-Technik\nreference: invoice\numzug: zgeln\nankunftszustand: intakt\n','2013-08-07 21:18:38','2013-08-07 21:18:38',NULL),(17,'kq3w3pz103ph4pscjdv117','6e:82:96:c5:33:db-0f:fa:dc:dd:6f:e0-1e:ea:9c:31:3a:22',40,NULL,17,1,NULL,NULL,'2011-04-09','2013-08-07',NULL,NULL,'329.00',0,0,1,0,1,1,NULL,NULL,NULL,NULL,NULL,'--- !ruby/hash:ActiveSupport::HashWithIndifferentAccess\nanschaffungskategorie: AV-Technik\nreference: invoice\numzug: zgeln\nankunftszustand: intakt\n','2013-08-07 21:18:38','2013-08-07 21:18:38',NULL),(18,'1obsvajk552syofyv6qz18','a9:d3:a8:93:e1:33-a8:a6:19:26:d5:21-fa:9b:1a:15:29:56',41,NULL,18,1,NULL,NULL,'2008-11-28','2013-08-07',NULL,NULL,'1451.00',0,0,1,0,1,1,NULL,NULL,NULL,NULL,NULL,'--- !ruby/hash:ActiveSupport::HashWithIndifferentAccess\nanschaffungskategorie: AV-Technik\nreference: invoice\numzug: zgeln\nankunftszustand: intakt\n','2013-08-07 21:18:38','2013-08-07 21:18:38',NULL),(19,'d7y23fkey623mxyd63ej19','e5:11:e7:b6:e7:a9-b5:a6:a5:a5:29:f6-4c:b5:d9:f4:1c:df',42,NULL,19,1,NULL,NULL,'2011-01-09','2013-08-07',NULL,NULL,'1396.00',0,0,1,0,1,1,NULL,NULL,NULL,NULL,NULL,'--- !ruby/hash:ActiveSupport::HashWithIndifferentAccess\nanschaffungskategorie: AV-Technik\nreference: invoice\numzug: zgeln\nankunftszustand: intakt\n','2013-08-07 21:18:38','2013-08-07 21:18:38',NULL),(20,'z8uxi11iub6x8cpq3ua520','f1:01:af:dc:97:4b-d4:35:9b:57:ec:ba-6f:8f:19:48:0d:c0',43,NULL,20,1,NULL,NULL,'2009-02-12','2013-08-07',NULL,NULL,'1187.00',0,0,1,0,1,1,NULL,NULL,NULL,NULL,NULL,'--- !ruby/hash:ActiveSupport::HashWithIndifferentAccess\nanschaffungskategorie: AV-Technik\nreference: invoice\numzug: zgeln\nankunftszustand: intakt\n','2013-08-07 21:18:38','2013-08-07 21:18:38',NULL),(21,'vf6fnw0si0pxllu1iij621','9c:02:20:3a:2c:ca-01:6b:71:90:73:94-fb:45:34:90:8c:30',44,NULL,21,1,NULL,NULL,'2009-01-04','2013-08-07',NULL,NULL,'96.00',0,0,1,0,1,1,NULL,NULL,NULL,NULL,NULL,'--- !ruby/hash:ActiveSupport::HashWithIndifferentAccess\nanschaffungskategorie: AV-Technik\nreference: invoice\numzug: zgeln\nankunftszustand: intakt\n','2013-08-07 21:18:38','2013-08-07 21:18:38',NULL),(22,'bkktypu9budra12emsvb22','4c:2b:71:8e:f5:20-db:54:f4:f5:ca:32-3a:f2:53:ed:88:5e',45,NULL,22,1,NULL,NULL,'2012-11-17','2013-08-07',NULL,NULL,'792.00',0,0,1,0,1,1,NULL,NULL,NULL,NULL,NULL,'--- !ruby/hash:ActiveSupport::HashWithIndifferentAccess\nanschaffungskategorie: AV-Technik\nreference: invoice\numzug: zgeln\nankunftszustand: intakt\n','2013-08-07 21:18:38','2013-08-07 21:18:38',NULL),(23,'0timm060bizr794giqcq23','dd:85:95:3a:55:29-c2:57:79:e4:a7:44-df:95:71:4d:0b:c7',46,NULL,23,1,NULL,NULL,'2011-09-03','2013-08-07',NULL,NULL,'659.00',0,0,1,0,1,1,NULL,NULL,NULL,NULL,NULL,'--- !ruby/hash:ActiveSupport::HashWithIndifferentAccess\nanschaffungskategorie: AV-Technik\nreference: invoice\numzug: zgeln\nankunftszustand: intakt\n','2013-08-07 21:18:38','2013-08-07 21:18:38',NULL),(24,'5iu4w5hytuexorbc0pj224','c2:6b:cd:10:0f:d5-e0:05:21:34:13:52-f5:d6:75:ab:75:32',47,NULL,24,1,NULL,NULL,'2012-10-28','2013-08-07',NULL,NULL,'1478.00',0,0,1,0,1,1,NULL,NULL,NULL,NULL,NULL,'--- !ruby/hash:ActiveSupport::HashWithIndifferentAccess\nanschaffungskategorie: AV-Technik\nreference: invoice\numzug: zgeln\nankunftszustand: intakt\n','2013-08-07 21:18:38','2013-08-07 21:18:38',NULL),(25,'52hxqf4gmhu2tjbwfyi725','36:c6:e5:91:13:af-45:c5:0e:0d:af:16-e0:29:bf:a3:77:b7',48,NULL,25,1,NULL,NULL,'2012-11-03','2013-08-07',NULL,NULL,'773.00',0,0,1,0,1,1,NULL,NULL,NULL,NULL,NULL,'--- !ruby/hash:ActiveSupport::HashWithIndifferentAccess\nanschaffungskategorie: AV-Technik\nreference: invoice\numzug: zgeln\nankunftszustand: intakt\n','2013-08-07 21:18:38','2013-08-07 21:18:38',NULL),(26,'6v4cqf075pl5lvx4q86h26','de:e3:af:33:35:2f-39:9b:e1:bf:8b:07-e8:af:c9:9f:ac:6d',49,NULL,26,1,NULL,NULL,'2008-12-01','2013-08-07',NULL,NULL,'917.00',0,0,1,0,1,1,NULL,NULL,NULL,NULL,NULL,'--- !ruby/hash:ActiveSupport::HashWithIndifferentAccess\nanschaffungskategorie: AV-Technik\nreference: invoice\numzug: zgeln\nankunftszustand: intakt\n','2013-08-07 21:18:38','2013-08-07 21:18:38',NULL),(27,'4h0wpshcj9h1isivb8j427','e3:83:26:c6:6a:00-f1:17:3e:0f:1a:d5-b9:5f:66:b5:24:62',50,NULL,27,1,NULL,NULL,'2008-07-18','2013-08-07',NULL,NULL,'280.00',0,0,1,0,1,1,NULL,NULL,NULL,NULL,NULL,'--- !ruby/hash:ActiveSupport::HashWithIndifferentAccess\nanschaffungskategorie: AV-Technik\nreference: invoice\numzug: zgeln\nankunftszustand: intakt\n','2013-08-07 21:18:38','2013-08-07 21:18:38',NULL),(28,'065nrz85x063dv7g8duk28','2a:46:16:32:20:97-cc:f4:ca:40:7c:64-d1:f8:d7:85:b9:dd',51,NULL,28,1,NULL,NULL,'2009-09-22','2013-08-07',NULL,NULL,'1396.00',0,0,1,0,1,1,NULL,NULL,NULL,NULL,NULL,'--- !ruby/hash:ActiveSupport::HashWithIndifferentAccess\nanschaffungskategorie: AV-Technik\nreference: invoice\numzug: zgeln\nankunftszustand: intakt\n','2013-08-07 21:18:38','2013-08-07 21:18:38',NULL),(29,'vzjjcc6vrm3kweh0xvy929','85:a0:cf:55:65:a8-fe:91:60:97:62:79-4f:f4:3c:b0:14:7f',52,NULL,29,1,NULL,NULL,'2011-01-27','2013-08-07',NULL,NULL,'466.00',0,0,1,0,1,1,NULL,NULL,NULL,NULL,NULL,'--- !ruby/hash:ActiveSupport::HashWithIndifferentAccess\nanschaffungskategorie: AV-Technik\nreference: invoice\numzug: zgeln\nankunftszustand: intakt\n','2013-08-07 21:18:38','2013-08-07 21:18:38',NULL),(30,'wnpq3ll7p1ipe1gfbe1z30','98:3e:b4:a7:74:07-13:62:e3:2a:5d:e1-0c:bd:e5:94:03:8f',53,NULL,30,1,NULL,NULL,'2008-11-22','2013-08-07',NULL,NULL,'561.00',0,0,1,0,1,1,NULL,NULL,NULL,NULL,NULL,'--- !ruby/hash:ActiveSupport::HashWithIndifferentAccess\nanschaffungskategorie: AV-Technik\nreference: invoice\numzug: zgeln\nankunftszustand: intakt\n','2013-08-07 21:18:38','2013-08-07 21:18:38',NULL),(31,'89pmc7wpff5j2noilqag31','6a:35:e5:10:53:b1-30:a0:6d:9c:1d:40-5b:63:eb:92:d3:08',54,NULL,31,1,NULL,NULL,'2008-02-17','2013-08-07',NULL,NULL,'1308.00',0,0,1,0,1,1,NULL,NULL,NULL,NULL,NULL,'--- !ruby/hash:ActiveSupport::HashWithIndifferentAccess\nanschaffungskategorie: AV-Technik\nreference: invoice\numzug: zgeln\nankunftszustand: intakt\n','2013-08-07 21:18:38','2013-08-07 21:18:38',NULL),(32,'1wlku0pvsl6zwua0jazi32','f4:d6:6e:29:ba:2d-9e:e0:82:c0:13:7b-cc:22:8d:e1:d0:b5',55,NULL,32,1,NULL,NULL,'2012-02-23','2013-08-07',NULL,NULL,'1095.00',0,0,1,0,1,1,NULL,NULL,NULL,NULL,NULL,'--- !ruby/hash:ActiveSupport::HashWithIndifferentAccess\nanschaffungskategorie: AV-Technik\nreference: invoice\numzug: zgeln\nankunftszustand: intakt\n','2013-08-07 21:18:38','2013-08-07 21:18:38',NULL),(33,'cxesbadyfmucwy6ytx2e33','74:05:05:3b:d8:65-4c:5d:da:f7:f5:56-48:9e:6f:ed:f9:2b',56,NULL,33,1,NULL,NULL,'2008-07-26','2013-08-07',NULL,NULL,'103.00',0,0,1,0,1,1,NULL,NULL,NULL,NULL,NULL,'--- !ruby/hash:ActiveSupport::HashWithIndifferentAccess\nanschaffungskategorie: AV-Technik\nreference: invoice\numzug: zgeln\nankunftszustand: intakt\n','2013-08-07 21:18:38','2013-08-07 21:18:38',NULL),(34,'8fqgndbxb6iiva2516yr34','9a:35:10:35:54:38-70:d5:7a:ed:57:1e-e8:41:aa:ce:a5:36',57,NULL,34,1,NULL,NULL,'2009-01-16','2013-08-07',NULL,NULL,'1306.00',0,0,1,0,1,1,NULL,NULL,NULL,NULL,NULL,'--- !ruby/hash:ActiveSupport::HashWithIndifferentAccess\nanschaffungskategorie: AV-Technik\nreference: invoice\numzug: zgeln\nankunftszustand: intakt\n','2013-08-07 21:18:38','2013-08-07 21:18:38',NULL),(35,'y7fezbuxb3lo1twxr43n35','e8:4d:98:ad:af:60-d1:8a:10:b8:85:d1-e6:63:bc:9d:09:d7',58,NULL,35,1,NULL,NULL,'2010-04-27','2013-08-07',NULL,NULL,'526.00',0,0,1,0,1,1,NULL,NULL,NULL,NULL,NULL,'--- !ruby/hash:ActiveSupport::HashWithIndifferentAccess\nanschaffungskategorie: AV-Technik\nreference: invoice\numzug: zgeln\nankunftszustand: intakt\n','2013-08-07 21:18:38','2013-08-07 21:18:38',NULL),(36,'af47xgv8fc6fxk29yils36','10:c3:cb:93:2d:46-18:48:c9:a3:ec:93-ff:f9:07:c2:a6:af',59,NULL,36,1,NULL,NULL,'2008-11-20','2013-08-07',NULL,NULL,'1250.00',0,0,1,0,1,1,NULL,NULL,NULL,NULL,NULL,'--- !ruby/hash:ActiveSupport::HashWithIndifferentAccess\nanschaffungskategorie: AV-Technik\nreference: invoice\numzug: zgeln\nankunftszustand: intakt\n','2013-08-07 21:18:38','2013-08-07 21:18:38',NULL),(37,'s1ka4rxlup894crdb5lc37','71:41:0d:2f:9f:d1-da:cc:e9:f3:7d:3f-86:02:f0:13:6c:d0',60,NULL,37,1,NULL,NULL,'2012-01-28','2013-08-07',NULL,NULL,'689.00',0,0,1,0,1,1,NULL,NULL,NULL,NULL,NULL,'--- !ruby/hash:ActiveSupport::HashWithIndifferentAccess\nanschaffungskategorie: AV-Technik\nreference: invoice\numzug: zgeln\nankunftszustand: intakt\n','2013-08-07 21:18:38','2013-08-07 21:18:38',NULL),(38,'zyuwjk18emth156lppjz38','48:93:f7:f7:0e:8a-11:10:8c:14:9c:9d-d9:c9:e0:f0:8a:50',61,NULL,38,1,NULL,NULL,'2008-07-05','2013-08-07',NULL,NULL,'252.00',0,0,1,0,1,1,NULL,NULL,NULL,NULL,NULL,'--- !ruby/hash:ActiveSupport::HashWithIndifferentAccess\nanschaffungskategorie: AV-Technik\nreference: invoice\numzug: zgeln\nankunftszustand: intakt\n','2013-08-07 21:18:38','2013-08-07 21:18:38',NULL),(39,'h8hnjnyaad4eio8db2pf39','c1:2d:97:d0:08:cc-6d:68:79:f9:56:15-c8:4b:b4:a5:c3:f1',62,NULL,39,1,NULL,NULL,'2012-07-25','2013-08-07',NULL,NULL,'769.00',0,0,1,0,1,1,NULL,NULL,NULL,NULL,NULL,'--- !ruby/hash:ActiveSupport::HashWithIndifferentAccess\nanschaffungskategorie: AV-Technik\nreference: invoice\numzug: zgeln\nankunftszustand: intakt\n','2013-08-07 21:18:38','2013-08-07 21:18:38',NULL),(40,'55lb73f1md0bvrgq1ld940','de:0f:36:20:3b:9e-28:70:ae:79:c6:cd-4d:90:c3:20:d3:3f',63,NULL,40,1,NULL,NULL,'2011-04-07','2013-08-07',NULL,NULL,'787.00',0,0,1,0,1,1,NULL,NULL,NULL,NULL,NULL,'--- !ruby/hash:ActiveSupport::HashWithIndifferentAccess\nanschaffungskategorie: AV-Technik\nreference: invoice\numzug: zgeln\nankunftszustand: intakt\n','2013-08-07 21:18:38','2013-08-07 21:18:38',NULL),(41,'m892e62f0knxn5xgvz7341','09:cd:e3:63:fc:4e-e2:21:11:80:ce:5a-d2:83:d2:71:0d:a9',64,NULL,41,1,NULL,NULL,'2012-04-08','2013-08-07',NULL,NULL,'525.00',0,0,1,0,1,1,NULL,NULL,NULL,NULL,NULL,'--- !ruby/hash:ActiveSupport::HashWithIndifferentAccess\nanschaffungskategorie: AV-Technik\nreference: invoice\numzug: zgeln\nankunftszustand: intakt\n','2013-08-07 21:18:38','2013-08-07 21:18:38',NULL),(42,'4veij3svfeh0w4l03oof42','cf:9f:78:ac:5d:f3-fc:a9:b2:dc:b7:de-18:f9:b9:e4:24:18',65,NULL,42,1,NULL,NULL,'2010-08-18','2013-08-07',NULL,NULL,'1408.00',0,0,1,0,1,1,NULL,NULL,NULL,NULL,NULL,'--- !ruby/hash:ActiveSupport::HashWithIndifferentAccess\nanschaffungskategorie: AV-Technik\nreference: invoice\numzug: zgeln\nankunftszustand: intakt\n','2013-08-07 21:18:38','2013-08-07 21:18:38',NULL),(43,'u9ie5s81fqclfxhwgc5c43','80:6d:0b:8c:ab:06-57:a6:62:cb:4d:9d-eb:e0:31:36:b0:f3',66,NULL,43,1,NULL,NULL,'2009-07-10','2013-08-07',NULL,NULL,'640.00',0,0,1,0,1,1,NULL,NULL,NULL,NULL,NULL,'--- !ruby/hash:ActiveSupport::HashWithIndifferentAccess\nanschaffungskategorie: AV-Technik\nreference: invoice\numzug: zgeln\nankunftszustand: intakt\n','2013-08-07 21:18:38','2013-08-07 21:18:38',NULL),(44,'xe7s0vb06ke932vqvj5t44','b5:c6:84:53:db:be-48:79:fe:66:d5:fe-b1:7a:9c:fa:5d:f6',67,NULL,44,1,NULL,NULL,'2012-10-24','2013-08-07',NULL,NULL,'1165.00',0,0,1,0,1,1,NULL,NULL,NULL,NULL,NULL,'--- !ruby/hash:ActiveSupport::HashWithIndifferentAccess\nanschaffungskategorie: AV-Technik\nreference: invoice\numzug: zgeln\nankunftszustand: intakt\n','2013-08-07 21:18:38','2013-08-07 21:18:38',NULL),(45,'tg3zso1fte1q1h5fcsid45','f7:0e:02:7e:72:8d-10:d6:d4:6b:83:b2-d3:27:47:7e:27:d1',68,NULL,45,1,NULL,NULL,'2012-03-18','2013-08-07',NULL,NULL,'37.00',0,0,1,0,1,1,NULL,NULL,NULL,NULL,NULL,'--- !ruby/hash:ActiveSupport::HashWithIndifferentAccess\nanschaffungskategorie: AV-Technik\nreference: invoice\numzug: zgeln\nankunftszustand: intakt\n','2013-08-07 21:18:38','2013-08-07 21:18:38',NULL),(46,'dnrk8pw2ra7yfj461j1t46','71:f7:ce:5c:be:44-f3:23:40:7c:92:9d-c0:c9:77:7a:32:43',69,NULL,46,1,NULL,NULL,'2008-05-02','2013-08-07',NULL,NULL,'1494.00',0,0,1,0,1,1,NULL,NULL,NULL,NULL,NULL,'--- !ruby/hash:ActiveSupport::HashWithIndifferentAccess\nanschaffungskategorie: AV-Technik\nreference: invoice\numzug: zgeln\nankunftszustand: intakt\n','2013-08-07 21:18:38','2013-08-07 21:18:38',NULL),(47,'3un6eylkegkxv4lsuncx47','2a:d1:76:2e:c7:9e-33:fe:82:de:b3:03-72:f4:8c:d2:79:58',70,NULL,47,1,NULL,NULL,'2009-01-29','2013-08-07',NULL,NULL,'1181.00',0,0,1,0,1,1,NULL,NULL,NULL,NULL,NULL,'--- !ruby/hash:ActiveSupport::HashWithIndifferentAccess\nanschaffungskategorie: AV-Technik\nreference: invoice\numzug: zgeln\nankunftszustand: intakt\n','2013-08-07 21:18:38','2013-08-07 21:18:38',NULL),(48,'yi271h31rdtpkzvp0ss248','24:50:e7:b0:2d:35-b7:88:85:a6:df:8e-d6:d6:99:4b:09:1c',71,NULL,48,1,NULL,NULL,'2010-12-24','2013-08-07',NULL,NULL,'1142.00',0,0,1,0,1,1,NULL,NULL,NULL,NULL,NULL,'--- !ruby/hash:ActiveSupport::HashWithIndifferentAccess\nanschaffungskategorie: AV-Technik\nreference: invoice\numzug: zgeln\nankunftszustand: intakt\n','2013-08-07 21:18:38','2013-08-07 21:18:38',NULL),(49,'8bteucyxkir1p86tcxcc49','49:c7:cb:2e:a4:83-0e:e9:cf:12:91:c6-2a:19:f1:09:26:6d',72,NULL,49,1,NULL,NULL,'2009-02-04','2013-08-07',NULL,NULL,'518.00',0,0,1,0,1,1,NULL,NULL,NULL,NULL,NULL,'--- !ruby/hash:ActiveSupport::HashWithIndifferentAccess\nanschaffungskategorie: AV-Technik\nreference: invoice\numzug: zgeln\nankunftszustand: intakt\n','2013-08-07 21:18:38','2013-08-07 21:18:38',NULL),(50,'arqbopxo13c7fmcfaqyw50','6b:5b:83:2a:26:93-be:9a:6e:78:ba:fe-6b:20:17:fb:d0:dd',73,NULL,50,1,NULL,NULL,'2010-12-29','2013-08-07',NULL,NULL,'552.00',0,0,1,0,1,1,NULL,NULL,NULL,NULL,NULL,'--- !ruby/hash:ActiveSupport::HashWithIndifferentAccess\nanschaffungskategorie: AV-Technik\nreference: invoice\numzug: zgeln\nankunftszustand: intakt\n','2013-08-07 21:18:38','2013-08-07 21:18:38',NULL),(51,'book1','book1',1,1,51,2,NULL,NULL,'2011-12-07','2013-08-07',NULL,NULL,'1443.00',0,0,1,0,2,1,NULL,NULL,NULL,NULL,NULL,'--- !ruby/hash:ActiveSupport::HashWithIndifferentAccess\nanschaffungskategorie: AV-Technik\nreference: invoice\numzug: zgeln\nankunftszustand: intakt\n','2013-08-07 21:18:38','2013-08-07 21:18:38',NULL),(52,'book2','book2',1,1,52,2,NULL,NULL,'2010-12-04','2013-08-07',NULL,NULL,'1242.00',0,0,1,0,2,1,NULL,NULL,NULL,NULL,NULL,'--- !ruby/hash:ActiveSupport::HashWithIndifferentAccess\nanschaffungskategorie: AV-Technik\nreference: invoice\numzug: zgeln\nankunftszustand: intakt\n','2013-08-07 21:18:38','2013-08-07 21:18:38',NULL),(53,'beam123','xyz456',2,1,53,1,NULL,NULL,'2008-07-01','2013-08-07',NULL,NULL,'816.00',0,0,1,0,1,1,NULL,NULL,NULL,NULL,NULL,'--- !ruby/hash:ActiveSupport::HashWithIndifferentAccess\nanschaffungskategorie: AV-Technik\nreference: invoice\numzug: zgeln\nankunftszustand: intakt\n','2013-08-07 21:18:38','2013-08-07 21:18:38',NULL),(54,'beam345','xyz890',2,1,54,1,NULL,NULL,'2008-11-29','2013-08-07',NULL,NULL,'175.00',0,0,1,0,1,1,NULL,NULL,NULL,NULL,NULL,'--- !ruby/hash:ActiveSupport::HashWithIndifferentAccess\nanschaffungskategorie: AV-Technik\nreference: invoice\numzug: zgeln\nankunftszustand: intakt\n','2013-08-07 21:18:38','2013-08-07 21:18:38',NULL),(55,'beam678','xyz678',3,1,55,1,NULL,NULL,'2008-09-09','2013-08-07',NULL,NULL,'1009.00',0,0,1,0,1,1,NULL,NULL,NULL,NULL,NULL,'--- !ruby/hash:ActiveSupport::HashWithIndifferentAccess\nanschaffungskategorie: AV-Technik\nreference: invoice\numzug: zgeln\nankunftszustand: intakt\n','2013-08-07 21:18:38','2013-08-07 21:18:38',NULL),(56,'beam749','xyz749',2,1,56,1,NULL,NULL,'2011-03-21','2013-08-07',NULL,NULL,'690.00',0,0,1,0,2,1,NULL,NULL,NULL,NULL,NULL,'--- !ruby/hash:ActiveSupport::HashWithIndifferentAccess\nanschaffungskategorie: AV-Technik\nreference: invoice\numzug: zgeln\nankunftszustand: intakt\n','2013-08-07 21:18:38','2013-08-07 21:18:38',NULL),(57,'beamTest123','xyz74912',5,1,57,1,NULL,NULL,'2008-05-19','2013-08-07',NULL,NULL,'281.00',0,0,1,0,1,1,NULL,NULL,NULL,NULL,NULL,'--- !ruby/hash:ActiveSupport::HashWithIndifferentAccess\nanschaffungskategorie: AV-Technik\nreference: invoice\numzug: zgeln\nankunftszustand: intakt\n','2013-08-07 21:18:38','2013-08-07 21:18:38',NULL),(58,'ucbeam1','minbeam1',6,1,58,1,NULL,NULL,'2010-02-26','2013-08-07',NULL,NULL,'449.00',0,0,1,0,1,1,NULL,NULL,NULL,'ucbeam1',NULL,'--- !ruby/hash:ActiveSupport::HashWithIndifferentAccess\nanschaffungskategorie: AV-Technik\nreference: invoice\numzug: zgeln\nankunftszustand: intakt\n','2013-08-07 21:18:38','2013-08-07 21:18:38',NULL),(59,'microbeam1','microbeam1',7,1,59,1,NULL,NULL,'2010-08-06','2013-08-07',NULL,NULL,'1484.00',0,0,1,0,1,1,NULL,NULL,NULL,'microbeam1',NULL,'--- !ruby/hash:ActiveSupport::HashWithIndifferentAccess\nanschaffungskategorie: AV-Technik\nreference: invoice\numzug: zgeln\nankunftszustand: intakt\n','2013-08-07 21:18:38','2013-08-07 21:18:38',NULL),(60,'cam123','abc234',8,1,60,1,NULL,NULL,'2008-06-28','2013-08-07',NULL,NULL,'1008.00',0,0,1,0,1,1,NULL,NULL,NULL,NULL,NULL,'--- !ruby/hash:ActiveSupport::HashWithIndifferentAccess\nanschaffungskategorie: AV-Technik\nreference: invoice\numzug: zgeln\nankunftszustand: intakt\n','2013-08-07 21:18:38','2013-08-07 21:18:38',NULL),(61,'cam345','ab567',8,1,61,1,NULL,NULL,'2011-06-19','2013-08-07',NULL,NULL,'352.00',0,0,1,0,1,1,NULL,NULL,NULL,NULL,NULL,'--- !ruby/hash:ActiveSupport::HashWithIndifferentAccess\nanschaffungskategorie: AV-Technik\nreference: invoice\numzug: zgeln\nankunftszustand: intakt\n','2013-08-07 21:18:38','2013-08-07 21:18:38',NULL),(62,'cam567','ab789',8,1,62,1,NULL,NULL,'2012-01-29','2013-08-07',NULL,NULL,'175.00',0,0,1,0,1,1,NULL,NULL,NULL,NULL,NULL,'--- !ruby/hash:ActiveSupport::HashWithIndifferentAccess\nanschaffungskategorie: AV-Technik\nreference: invoice\numzug: zgeln\nankunftszustand: intakt\n','2013-08-07 21:18:38','2013-08-07 21:18:38',NULL),(63,'cam53267','ab782129',8,1,63,1,NULL,NULL,'2009-04-10','2013-08-07',NULL,NULL,'125.00',0,0,1,0,1,1,NULL,NULL,NULL,NULL,NULL,'--- !ruby/hash:ActiveSupport::HashWithIndifferentAccess\nanschaffungskategorie: AV-Technik\nreference: invoice\numzug: zgeln\nankunftszustand: intakt\n','2013-08-07 21:18:38','2013-08-07 21:18:38',NULL),(64,'cam532asd67','ab78as2129',8,1,64,1,NULL,NULL,'2010-03-29','2013-08-07',NULL,NULL,'647.00',0,0,1,0,1,1,NULL,NULL,NULL,NULL,NULL,'--- !ruby/hash:ActiveSupport::HashWithIndifferentAccess\nanschaffungskategorie: AV-Technik\nreference: invoice\numzug: zgeln\nankunftszustand: intakt\n','2013-08-07 21:18:38','2013-08-07 21:18:38',NULL),(65,'tri789','fgh567',9,1,65,1,NULL,NULL,'2010-05-29','2013-08-07',NULL,NULL,'675.00',0,0,1,0,1,1,NULL,NULL,NULL,NULL,NULL,'--- !ruby/hash:ActiveSupport::HashWithIndifferentAccess\nanschaffungskategorie: AV-Technik\nreference: invoice\numzug: zgeln\nankunftszustand: intakt\n','2013-08-07 21:18:38','2013-08-07 21:18:38',NULL),(66,'tri123','fgh987',9,1,66,1,NULL,NULL,'2011-08-17','2013-08-07',NULL,NULL,'324.00',0,0,1,0,1,1,NULL,NULL,NULL,NULL,NULL,'--- !ruby/hash:ActiveSupport::HashWithIndifferentAccess\nanschaffungskategorie: AV-Technik\nreference: invoice\numzug: zgeln\nankunftszustand: intakt\n','2013-08-07 21:18:38','2013-08-07 21:18:38',NULL),(67,'tri923','asd213',9,1,67,1,NULL,NULL,'2010-03-28','2013-08-07',NULL,NULL,'962.00',0,0,1,0,1,1,NULL,NULL,NULL,NULL,NULL,'--- !ruby/hash:ActiveSupport::HashWithIndifferentAccess\nanschaffungskategorie: AV-Technik\nreference: invoice\numzug: zgeln\nankunftszustand: intakt\n','2013-08-07 21:18:38','2013-08-07 21:18:38',NULL),(68,'tri212','tri212',9,1,68,1,NULL,NULL,'2009-02-08','2013-08-07',NULL,NULL,'1451.00',0,0,1,0,1,1,NULL,NULL,NULL,NULL,NULL,'--- !ruby/hash:ActiveSupport::HashWithIndifferentAccess\nanschaffungskategorie: AV-Technik\nreference: invoice\numzug: zgeln\nankunftszustand: intakt\n','2013-08-07 21:18:38','2013-08-07 21:18:38',NULL),(69,'hifi123','hifi123',10,1,69,1,NULL,NULL,'2011-04-17','2013-08-07',NULL,NULL,'86.00',0,0,1,0,1,1,NULL,NULL,NULL,NULL,NULL,'--- !ruby/hash:ActiveSupport::HashWithIndifferentAccess\nanschaffungskategorie: AV-Technik\nreference: invoice\numzug: zgeln\nankunftszustand: intakt\n','2013-08-07 21:18:38','2013-08-07 21:18:38',NULL),(70,'bose123','bose123',12,1,70,1,NULL,NULL,'2010-06-02','2013-08-07',NULL,NULL,'1094.00',0,0,1,0,1,1,NULL,NULL,NULL,NULL,NULL,'--- !ruby/hash:ActiveSupport::HashWithIndifferentAccess\nanschaffungskategorie: AV-Technik\nreference: invoice\numzug: zgeln\nankunftszustand: intakt\n','2013-08-07 21:18:38','2013-08-07 21:18:38',NULL),(71,'cand5','cand5',8,1,71,1,NULL,NULL,'2009-08-30','2013-08-07',NULL,NULL,'703.00',0,0,0,0,1,1,NULL,NULL,NULL,NULL,NULL,'--- !ruby/hash:ActiveSupport::HashWithIndifferentAccess\nanschaffungskategorie: AV-Technik\nreference: invoice\numzug: zgeln\nankunftszustand: intakt\n','2013-08-07 21:18:38','2013-08-07 21:18:38',NULL),(72,'beam21231','beamas12312',2,1,72,1,NULL,NULL,'2012-11-08','2013-08-07',NULL,NULL,'808.00',0,0,0,0,1,1,NULL,NULL,NULL,NULL,NULL,'--- !ruby/hash:ActiveSupport::HashWithIndifferentAccess\nanschaffungskategorie: AV-Technik\nreference: invoice\numzug: zgeln\nankunftszustand: intakt\n','2013-08-07 21:18:38','2013-08-07 21:18:38',NULL),(73,'hifi345','hifi345',10,1,73,1,NULL,NULL,'2011-06-10','2013-08-07',NULL,NULL,'884.00',0,0,0,0,1,1,NULL,NULL,NULL,NULL,NULL,'--- !ruby/hash:ActiveSupport::HashWithIndifferentAccess\nanschaffungskategorie: AV-Technik\nreference: invoice\numzug: zgeln\nankunftszustand: intakt\n','2013-08-07 21:18:38','2013-08-07 21:18:38',NULL),(74,'wlaptop1','wlaptop1',14,1,74,1,NULL,NULL,'2008-09-03','2013-08-07',NULL,NULL,'241.00',1,0,1,0,1,1,NULL,NULL,NULL,NULL,NULL,'--- !ruby/hash:ActiveSupport::HashWithIndifferentAccess\nanschaffungskategorie: AV-Technik\nreference: invoice\numzug: zgeln\nankunftszustand: intakt\n','2013-08-07 21:18:38','2013-08-07 21:18:38',NULL),(75,'v120d02','v120d02',15,1,75,1,NULL,NULL,'2010-07-19','2013-08-07',NULL,NULL,'869.00',0,1,1,0,1,1,NULL,NULL,NULL,NULL,NULL,'--- !ruby/hash:ActiveSupport::HashWithIndifferentAccess\nanschaffungskategorie: AV-Technik\nreference: invoice\numzug: zgeln\nankunftszustand: intakt\n','2013-08-07 21:18:38','2013-08-07 21:18:38',NULL),(76,'v120d11','v120d11',15,NULL,76,1,NULL,NULL,'2012-12-31','2013-08-07','2013-08-07','Et quidem consequatur rerum.','581.00',1,1,0,0,1,1,NULL,NULL,NULL,NULL,NULL,'--- !ruby/hash:ActiveSupport::HashWithIndifferentAccess\nanschaffungskategorie: AV-Technik\nreference: invoice\numzug: zgeln\nankunftszustand: intakt\n','2013-08-07 21:18:38','2013-08-07 21:18:38',NULL),(77,'v120d022g','v120d022g',16,1,77,1,NULL,NULL,'2008-12-09','2013-08-07',NULL,NULL,'23.00',0,0,1,0,1,1,NULL,NULL,NULL,NULL,NULL,'--- !ruby/hash:ActiveSupport::HashWithIndifferentAccess\nanschaffungskategorie: AV-Technik\nreference: invoice\numzug: zgeln\nankunftszustand: intakt\n','2013-08-07 21:18:38','2013-08-07 21:18:38',NULL),(78,'v120d022g2','v120d022g2',16,1,78,1,NULL,NULL,'2008-04-03','2013-08-07',NULL,NULL,'1328.00',0,0,1,0,1,1,NULL,NULL,NULL,NULL,NULL,'--- !ruby/hash:ActiveSupport::HashWithIndifferentAccess\nanschaffungskategorie: AV-Technik\nreference: invoice\numzug: zgeln\nankunftszustand: intakt\n','2013-08-07 21:18:38','2013-08-07 21:18:38',NULL),(79,'iMac1','iMac1',18,1,79,1,NULL,NULL,'2012-07-05','2013-08-07','2013-08-07','This item is gone.','802.00',0,0,1,0,1,1,NULL,NULL,NULL,NULL,NULL,'--- !ruby/hash:ActiveSupport::HashWithIndifferentAccess\nanschaffungskategorie: AV-Technik\nreference: invoice\numzug: zgeln\nankunftszustand: intakt\n','2013-08-07 21:18:38','2013-08-07 21:18:38',NULL),(80,'iMac2','iMac2',18,1,80,3,NULL,NULL,'2011-04-07','2013-08-07','2013-08-07','This item is gone.','258.00',0,0,1,0,1,1,NULL,NULL,NULL,NULL,NULL,'--- !ruby/hash:ActiveSupport::HashWithIndifferentAccess\nanschaffungskategorie: AV-Technik\nreference: invoice\numzug: zgeln\nankunftszustand: intakt\n','2013-08-07 21:18:38','2013-08-07 21:18:38',NULL),(81,'lpv3yc','lpv3yc',11,1,81,1,NULL,NULL,'2008-10-06','2013-08-07','2013-08-07','This item is gone.','1078.00',0,0,1,0,1,1,NULL,NULL,NULL,NULL,NULL,'--- !ruby/hash:ActiveSupport::HashWithIndifferentAccess\nanschaffungskategorie: AV-Technik\nreference: invoice\numzug: zgeln\nankunftszustand: intakt\n','2013-08-07 21:18:38','2013-08-07 21:18:38',NULL),(82,'6cxjcs','6cxjcs',11,1,82,1,NULL,NULL,'2009-08-03','2013-08-07','2013-08-07','This item is gone.','1250.00',0,0,1,0,1,1,NULL,NULL,NULL,NULL,NULL,'--- !ruby/hash:ActiveSupport::HashWithIndifferentAccess\nanschaffungskategorie: AV-Technik\nreference: invoice\numzug: zgeln\nankunftszustand: intakt\n','2013-08-07 21:18:38','2013-08-07 21:18:38',NULL),(83,'beam897','beam897',2,1,83,2,NULL,NULL,'2011-03-02','2013-08-07',NULL,NULL,'1370.00',0,0,1,0,2,1,NULL,NULL,NULL,NULL,NULL,'--- !ruby/hash:ActiveSupport::HashWithIndifferentAccess\nanschaffungskategorie: AV-Technik\nreference: invoice\numzug: zgeln\nankunftszustand: intakt\n','2013-08-07 21:18:38','2013-08-07 21:18:38',NULL),(84,'minibeam12','minibeam12',4,1,84,2,NULL,NULL,'2012-06-15','2013-08-07',NULL,NULL,'1046.00',0,0,1,0,2,1,NULL,NULL,NULL,NULL,NULL,'--- !ruby/hash:ActiveSupport::HashWithIndifferentAccess\nanschaffungskategorie: AV-Technik\nreference: invoice\numzug: zgeln\nankunftszustand: intakt\n','2013-08-07 21:18:38','2013-08-07 21:18:38',NULL),(85,'minibeam34','minibeam34',4,1,85,3,NULL,NULL,'2010-05-22','2013-08-07',NULL,NULL,'1120.00',0,0,1,0,3,1,NULL,NULL,NULL,NULL,NULL,'--- !ruby/hash:ActiveSupport::HashWithIndifferentAccess\nanschaffungskategorie: AV-Technik\nreference: invoice\numzug: zgeln\nankunftszustand: intakt\n','2013-08-07 21:18:38','2013-08-07 21:18:38',NULL),(86,'minibeam56','minibeam56',4,1,86,1,NULL,NULL,'2012-06-23','2013-08-07','2013-08-07','Eum qui suscipit quia qui et aut culpa.','348.00',0,0,1,0,1,1,NULL,NULL,NULL,NULL,NULL,'--- !ruby/hash:ActiveSupport::HashWithIndifferentAccess\nanschaffungskategorie: AV-Technik\nreference: invoice\numzug: zgeln\nankunftszustand: intakt\n','2013-08-07 21:18:38','2013-08-07 21:18:38',NULL),(87,'minibeam78','minibeam78',4,1,87,2,NULL,NULL,'2010-04-09','2013-08-07',NULL,NULL,'505.00',0,0,1,0,2,1,NULL,NULL,NULL,NULL,NULL,'--- !ruby/hash:ActiveSupport::HashWithIndifferentAccess\nanschaffungskategorie: AV-Technik\nreference: invoice\numzug: zgeln\nankunftszustand: intakt\n','2013-08-07 21:18:38','2013-08-07 21:18:38',NULL),(88,'air123','air123',19,1,88,1,NULL,NULL,'2011-11-04','2013-08-07',NULL,NULL,'236.00',0,0,1,0,1,1,NULL,NULL,NULL,NULL,NULL,'--- !ruby/hash:ActiveSupport::HashWithIndifferentAccess\nanschaffungskategorie: AV-Technik\nreference: invoice\numzug: zgeln\nankunftszustand: intakt\n','2013-08-07 21:18:38','2013-08-07 21:18:38',NULL),(89,'tp230','tp230',20,1,89,1,NULL,NULL,'2011-10-17','2013-08-07',NULL,NULL,'453.00',0,0,1,0,1,1,NULL,NULL,NULL,NULL,NULL,'--- !ruby/hash:ActiveSupport::HashWithIndifferentAccess\nanschaffungskategorie: AV-Technik\nreference: invoice\numzug: zgeln\nankunftszustand: intakt\n','2013-08-07 21:18:38','2013-08-07 21:18:38',NULL),(90,'tp301','tp301',21,1,90,1,NULL,NULL,'2008-09-11','2013-08-07',NULL,NULL,'393.00',0,0,1,0,1,1,NULL,NULL,NULL,NULL,NULL,'--- !ruby/hash:ActiveSupport::HashWithIndifferentAccess\nanschaffungskategorie: AV-Technik\nreference: invoice\numzug: zgeln\nankunftszustand: intakt\n','2013-08-07 21:18:38','2013-08-07 21:18:38',NULL),(91,'carbon1','carbon1',22,1,91,1,NULL,NULL,'2009-11-03','2013-08-07',NULL,NULL,'117.00',0,0,1,0,1,1,NULL,NULL,NULL,NULL,NULL,'--- !ruby/hash:ActiveSupport::HashWithIndifferentAccess\nanschaffungskategorie: AV-Technik\nreference: invoice\numzug: zgeln\nankunftszustand: intakt\n','2013-08-07 21:18:38','2013-08-07 21:18:38',NULL),(92,'carbon2','carbon2',22,1,92,1,NULL,NULL,'2010-04-11','2013-08-07',NULL,NULL,'629.00',0,0,1,0,1,1,NULL,NULL,NULL,NULL,NULL,'--- !ruby/hash:ActiveSupport::HashWithIndifferentAccess\nanschaffungskategorie: AV-Technik\nreference: invoice\numzug: zgeln\nankunftszustand: intakt\n','2013-08-07 21:18:38','2013-08-07 21:18:38',NULL),(93,'inspiron1','inspiron1',23,1,93,1,NULL,NULL,'2011-01-17','2013-08-07',NULL,NULL,'1255.00',0,0,1,0,1,1,NULL,NULL,NULL,NULL,NULL,'--- !ruby/hash:ActiveSupport::HashWithIndifferentAccess\nanschaffungskategorie: AV-Technik\nreference: invoice\numzug: zgeln\nankunftszustand: intakt\n','2013-08-07 21:18:38','2013-08-07 21:18:38',NULL),(94,'A13',NULL,1,1,94,1,NULL,NULL,'2008-06-12','2013-08-07',NULL,NULL,'1307.00',0,0,1,0,2,1,NULL,NULL,NULL,NULL,NULL,'--- !ruby/hash:ActiveSupport::HashWithIndifferentAccess\nanschaffungskategorie: AV-Technik\nreference: invoice\numzug: zgeln\nankunftszustand: intakt\n','2013-08-07 21:18:38','2013-08-07 21:18:38',NULL),(95,'8vi2xinqe9sopipowxxu51','b3:d5:ac:f2:ab:5a-e0:69:21:f7:29:4e-39:8d:a3:09:a6:2c',76,NULL,NULL,1,NULL,NULL,NULL,NULL,NULL,NULL,NULL,0,0,1,0,1,0,NULL,NULL,NULL,NULL,NULL,'--- !ruby/hash:ActiveSupport::HashWithIndifferentAccess\nlicense_type: single_workplace\nactivation_type: serial_number\noperating_system:\n- windows\n- linux\ninstallation:\n- citrix\n- web\nprocured_by: Anastasia Koepp\nreference: invoice\nmaintenance_contract: \'false\'\nmaintenance_currency: CHF\n','2013-08-07 21:18:38','2013-08-07 21:18:38',NULL),(96,'2815bgkmhvc2fpe1cdjy52','1f:45:25:d7:98:92-92:71:89:c1:13:9b-dc:12:1e:b6:d1:99',77,NULL,NULL,1,NULL,NULL,NULL,NULL,NULL,NULL,NULL,0,0,1,0,1,0,NULL,NULL,NULL,NULL,NULL,'--- !ruby/hash:ActiveSupport::HashWithIndifferentAccess\nlicense_type: single_workplace\nactivation_type: serial_number\noperating_system:\n- windows\n- linux\ninstallation:\n- citrix\n- web\nreference: invoice\nmaintenance_contract: \'false\'\nmaintenance_currency: CHF\n','2013-08-07 21:18:38','2013-08-07 21:18:38',NULL),(97,'A17','3c:18:b5:5e:f6:4f-13:d9:d4:45:f5:1b-dc:12:45:e7:5f:1d',78,NULL,NULL,1,NULL,NULL,NULL,NULL,NULL,NULL,NULL,0,0,0,0,2,0,NULL,NULL,NULL,NULL,NULL,'--- !ruby/hash:ActiveSupport::HashWithIndifferentAccess\nreference: invoice\nactivation_type: none\nlicense_type: free\nmaintenance_contract: \'false\'\nmaintenance_currency: CHF\n','2013-08-07 21:18:38','2013-08-07 21:18:38',NULL),(98,'A20','d1:26:6d:c7:2c:cf-bd:39:05:e2:35:b2-39:b0:14:73:c5:5e',79,NULL,NULL,1,NULL,NULL,NULL,NULL,'2013-08-07','Sed qui et molestias qui et.',NULL,0,0,0,0,1,0,NULL,NULL,NULL,NULL,NULL,'--- !ruby/hash:ActiveSupport::HashWithIndifferentAccess\nreference: invoice\nactivation_type: none\nlicense_type: free\nmaintenance_contract: \'false\'\nmaintenance_currency: CHF\n','2013-08-07 21:18:38','2013-08-07 21:18:38',NULL),(99,'IT21','af:3e:b8:30:4a:b2-10:3f:3c:4e:d7:cf-f4:c8:b1:49:33:7b',80,NULL,NULL,2,NULL,NULL,NULL,NULL,'2013-08-07','Molestiae veniam harum sed doloremque aspernatur voluptatem.',NULL,0,0,1,0,1,0,NULL,NULL,NULL,NULL,NULL,'--- !ruby/hash:ActiveSupport::HashWithIndifferentAccess\nreference: invoice\nactivation_type: none\nlicense_type: free\nmaintenance_contract: \'false\'\nmaintenance_currency: CHF\n','2013-08-07 21:18:38','2013-08-07 21:18:38',NULL),(100,'IT24','b9:95:87:a8:24:1b-dd:b7:a2:35:20:cf-d2:a1:cb:8f:e8:c2',81,NULL,NULL,2,NULL,NULL,NULL,NULL,NULL,NULL,NULL,0,0,1,0,2,0,NULL,NULL,NULL,NULL,NULL,'--- !ruby/hash:ActiveSupport::HashWithIndifferentAccess\nreference: invoice\nactivation_type: none\nlicense_type: free\nmaintenance_contract: \'false\'\nmaintenance_currency: CHF\n','2013-08-07 21:18:38','2013-08-07 21:18:38',NULL),(101,'A25','8f:40:45:a5:3f:1a-bc:e1:48:cd:56:43-81:78:f6:09:82:18',82,NULL,NULL,1,NULL,NULL,'2013-08-07',NULL,NULL,NULL,NULL,0,0,0,0,1,0,NULL,NULL,NULL,NULL,NULL,'--- !ruby/hash:ActiveSupport::HashWithIndifferentAccess\nlicense_expiration: \'2013-08-07\'\nmaintenance_contract: \'true\'\nmaintenance_expiration: \'2013-08-07\'\nreference: invoice\nactivation_type: none\nlicense_type: free\nmaintenance_currency: CHF\n','2013-08-07 21:18:38','2013-08-07 21:18:38',NULL),(102,'acrobat123','e4:b8:9e:d3:79:46-1d:40:cd:cf:f8:55-3a:be:73:f7:0b:0e',74,NULL,NULL,1,NULL,NULL,NULL,NULL,NULL,NULL,NULL,0,0,0,0,1,0,NULL,NULL,NULL,NULL,NULL,'--- !ruby/hash:ActiveSupport::HashWithIndifferentAccess\nreference: invoice\nactivation_type: none\nlicense_type: free\nmaintenance_contract: \'false\'\nmaintenance_currency: CHF\nquantity_allocations:\n- :room: et\n  :quantity: \'35\'\n- :room: nihil\n  :quantity: \'11\'\n','2013-08-07 21:18:38','2013-08-07 21:18:38',NULL),(103,'msword123','9e:f1:7d:0c:57:62-57:01:0c:48:84:72-fa:e0:cc:f8:4b:97',83,NULL,NULL,1,NULL,NULL,NULL,NULL,NULL,NULL,NULL,0,0,0,0,1,0,NULL,NULL,NULL,NULL,NULL,'--- !ruby/hash:ActiveSupport::HashWithIndifferentAccess\nlicense_type: concurrent\noperating_system:\n- windows\n- linux\nreference: invoice\nactivation_type: none\nmaintenance_contract: \'false\'\nmaintenance_currency: CHF\nquantity_allocations:\n- :room: repellendus\n  :quantity: \'10\'\n- :room: repellendus\n  :quantity: \'34\'\n','2013-08-07 21:18:38','2013-08-07 21:18:38',NULL),(104,'lic111','72:3e:19:38:b6:ac-5f:12:ee:5a:b3:aa-2b:e0:5d:87:7b:91',84,NULL,NULL,1,NULL,NULL,NULL,NULL,NULL,NULL,NULL,0,0,0,0,2,0,NULL,NULL,NULL,NULL,NULL,'--- !ruby/hash:ActiveSupport::HashWithIndifferentAccess\nlicense_type: site_license\noperating_system:\n- windows\n- mac_os_x\nreference: invoice\nactivation_type: none\nmaintenance_contract: \'false\'\nmaintenance_currency: CHF\n','2013-08-07 21:18:38','2013-08-07 21:18:38',NULL),(105,'A27','49:c9:2d:91:a4:3e-06:32:62:7a:53:3c-14:2f:50:10:35:a0',85,NULL,NULL,1,NULL,NULL,NULL,NULL,NULL,NULL,NULL,0,0,1,0,1,0,NULL,NULL,NULL,NULL,NULL,'--- !ruby/hash:ActiveSupport::HashWithIndifferentAccess\nlicense_type: concurrent\noperating_system:\n- linux\nreference: invoice\nactivation_type: none\nmaintenance_contract: \'false\'\nmaintenance_currency: CHF\n','2013-08-07 21:18:38','2013-08-07 21:18:38',NULL),(106,'zjgbq7oyliuu04qyffro53','5b:75:55:4b:49:16-9a:76:b5:b7:1f:9d-09:28:90:c9:03:a7',86,3,95,1,NULL,NULL,'2011-07-21','2013-08-07',NULL,NULL,'343.00',0,0,1,0,1,1,NULL,NULL,NULL,NULL,NULL,'--- !ruby/hash:ActiveSupport::HashWithIndifferentAccess\nanschaffungskategorie: AV-Technik\nreference: invoice\numzug: zgeln\nankunftszustand: intakt\n','2013-08-07 21:18:38','2013-08-07 21:18:38',NULL),(107,'nyjzg5oqm0faf5lb9j3854','cf:f1:c0:17:65:02-10:ea:95:87:8e:76-18:ea:56:f5:d2:07',87,3,96,1,106,NULL,'2010-08-31','2013-08-07',NULL,NULL,'208.00',0,0,1,0,1,1,NULL,NULL,NULL,NULL,NULL,'--- !ruby/hash:ActiveSupport::HashWithIndifferentAccess\nanschaffungskategorie: AV-Technik\nreference: invoice\numzug: zgeln\nankunftszustand: intakt\n','2013-08-07 21:18:38','2013-08-07 21:18:38',NULL),(108,'qjucbyc6eur6hrexjvk255','9f:c9:6f:57:69:10-f6:0a:bd:be:af:df-4e:92:83:f2:12:2e',88,3,97,1,106,NULL,'2011-11-16','2013-08-07',NULL,NULL,'538.00',0,0,1,0,1,1,NULL,NULL,NULL,NULL,NULL,'--- !ruby/hash:ActiveSupport::HashWithIndifferentAccess\nanschaffungskategorie: AV-Technik\nreference: invoice\numzug: zgeln\nankunftszustand: intakt\n','2013-08-07 21:18:38','2013-08-07 21:18:38',NULL),(109,'72a1nigqfwk4uocrazjo56','59:b5:d6:46:30:15-47:c6:61:77:d7:48-b0:d5:1b:16:5c:1b',89,3,98,1,106,NULL,'2010-07-20','2013-08-07',NULL,NULL,'1415.00',0,0,1,0,1,1,NULL,NULL,NULL,NULL,NULL,'--- !ruby/hash:ActiveSupport::HashWithIndifferentAccess\nanschaffungskategorie: AV-Technik\nreference: invoice\numzug: zgeln\nankunftszustand: intakt\n','2013-08-07 21:18:38','2013-08-07 21:18:38',NULL),(110,'llvus7zjz8oton9mk5ud57','e3:3b:c2:ed:97:25-6d:f1:19:b2:53:48-34:0d:a5:65:bc:f0',86,7,99,1,NULL,NULL,'2011-02-19','2013-08-07',NULL,NULL,'944.00',0,0,1,0,1,1,NULL,NULL,NULL,NULL,NULL,'--- !ruby/hash:ActiveSupport::HashWithIndifferentAccess\nanschaffungskategorie: AV-Technik\nreference: invoice\numzug: zgeln\nankunftszustand: intakt\n','2013-08-07 21:18:38','2013-08-07 21:18:38',NULL),(111,'hrivfk9py5cpgs5gux0u58','3a:a6:9b:53:c6:66-38:fe:28:c6:d4:dd-99:7c:c2:c1:16:f8',90,7,100,1,110,NULL,'2009-12-08','2013-08-07',NULL,NULL,'779.00',0,0,1,0,1,1,NULL,NULL,NULL,NULL,NULL,'--- !ruby/hash:ActiveSupport::HashWithIndifferentAccess\nanschaffungskategorie: AV-Technik\nreference: invoice\numzug: zgeln\nankunftszustand: intakt\n','2013-08-07 21:18:38','2013-08-07 21:18:38',NULL),(112,'vrs2ymsu0ndzed72kfc059','0a:8b:67:89:76:fb-81:4b:ee:50:06:4c-e9:b1:9a:ee:e8:69',91,7,101,1,110,NULL,'2012-02-01','2013-08-07',NULL,NULL,'668.00',0,0,1,0,1,1,NULL,NULL,NULL,NULL,NULL,'--- !ruby/hash:ActiveSupport::HashWithIndifferentAccess\nanschaffungskategorie: AV-Technik\nreference: invoice\numzug: zgeln\nankunftszustand: intakt\n','2013-08-07 21:18:38','2013-08-07 21:18:38',NULL),(113,'36jczwpffbywidkzjf4o60','08:6f:bb:6a:ed:f1-68:a1:c3:e3:b8:87-52:00:db:ba:07:25',92,7,102,1,110,NULL,'2009-10-21','2013-08-07',NULL,NULL,'189.00',0,0,1,0,1,1,NULL,NULL,NULL,NULL,NULL,'--- !ruby/hash:ActiveSupport::HashWithIndifferentAccess\nanschaffungskategorie: AV-Technik\nreference: invoice\numzug: zgeln\nankunftszustand: intakt\n','2013-08-07 21:18:38','2013-08-07 21:18:38',NULL),(114,'zndswd8uamfjpgrwnmbe61','40:aa:be:fa:76:d3-0c:85:d0:8e:30:68-21:0b:6a:5d:52:4d',86,11,103,1,NULL,NULL,'2011-03-22','2013-08-07',NULL,NULL,'964.00',0,0,1,0,1,1,NULL,NULL,NULL,NULL,NULL,'--- !ruby/hash:ActiveSupport::HashWithIndifferentAccess\nanschaffungskategorie: AV-Technik\nreference: invoice\numzug: zgeln\nankunftszustand: intakt\n','2013-08-07 21:18:38','2013-08-07 21:18:38',NULL),(115,'f9enk6yipcoic5e3o2a262','1d:c2:2a:ce:89:e0-ef:be:1d:6e:21:ab-57:6b:dd:d7:51:36',93,11,104,1,114,NULL,'2012-10-16','2013-08-07',NULL,NULL,'36.00',0,0,1,0,1,1,NULL,NULL,NULL,NULL,NULL,'--- !ruby/hash:ActiveSupport::HashWithIndifferentAccess\nanschaffungskategorie: AV-Technik\nreference: invoice\numzug: zgeln\nankunftszustand: intakt\n','2013-08-07 21:18:38','2013-08-07 21:18:38',NULL),(116,'p5zhg54rfgjslxvknaez63','f2:7a:2c:e1:4a:d1-7f:d7:26:b3:5a:68-3d:b5:c5:97:a0:37',94,11,105,1,114,NULL,'2011-10-31','2013-08-07',NULL,NULL,'513.00',0,0,1,0,1,1,NULL,NULL,NULL,NULL,NULL,'--- !ruby/hash:ActiveSupport::HashWithIndifferentAccess\nanschaffungskategorie: AV-Technik\nreference: invoice\numzug: zgeln\nankunftszustand: intakt\n','2013-08-07 21:18:38','2013-08-07 21:18:38',NULL),(117,'da3jk22bjdk850k5d60664','64:82:37:08:9d:35-d9:5e:e0:94:12:4d-78:76:eb:64:b5:6e',95,11,106,1,114,NULL,'2011-06-25','2013-08-07',NULL,NULL,'990.00',0,0,1,0,1,1,NULL,NULL,NULL,NULL,NULL,'--- !ruby/hash:ActiveSupport::HashWithIndifferentAccess\nanschaffungskategorie: AV-Technik\nreference: invoice\numzug: zgeln\nankunftszustand: intakt\n','2013-08-07 21:18:38','2013-08-07 21:18:38',NULL),(118,'ah82kdvq1mgioklv0g7h65','28:b9:15:65:73:69-b5:3c:00:35:42:91-6f:1c:59:58:7c:5c',86,15,107,2,NULL,NULL,'2010-03-19','2013-08-07',NULL,NULL,'1286.00',0,0,1,0,2,1,NULL,NULL,NULL,NULL,NULL,'--- !ruby/hash:ActiveSupport::HashWithIndifferentAccess\nanschaffungskategorie: AV-Technik\nreference: invoice\numzug: zgeln\nankunftszustand: intakt\n','2013-08-07 21:18:38','2013-08-07 21:18:38',NULL),(119,'n3os3xldqczmt22qmc9t66','9a:21:2d:62:c8:75-83:d5:eb:b7:84:38-88:a3:84:c0:1a:db',96,15,108,2,118,NULL,'2010-06-21','2013-08-07',NULL,NULL,'627.00',0,0,1,0,2,1,NULL,NULL,NULL,NULL,NULL,'--- !ruby/hash:ActiveSupport::HashWithIndifferentAccess\nanschaffungskategorie: AV-Technik\nreference: invoice\numzug: zgeln\nankunftszustand: intakt\n','2013-08-07 21:18:38','2013-08-07 21:18:38',NULL),(120,'gcuh3l74xl5vod8avtfd67','da:46:ad:61:c0:40-e9:54:f9:23:00:f2-bf:b2:4e:a9:dc:75',97,15,109,2,118,NULL,'2012-01-17','2013-08-07',NULL,NULL,'1227.00',0,0,1,0,2,1,NULL,NULL,NULL,NULL,NULL,'--- !ruby/hash:ActiveSupport::HashWithIndifferentAccess\nanschaffungskategorie: AV-Technik\nreference: invoice\numzug: zgeln\nankunftszustand: intakt\n','2013-08-07 21:18:38','2013-08-07 21:18:38',NULL),(121,'uyz93cza96rrrpxzduwb68','42:cc:11:a3:ec:de-c1:57:3e:a4:37:e6-00:56:e1:ae:0d:f5',98,15,110,2,118,NULL,'2011-12-03','2013-08-07',NULL,NULL,'645.00',0,0,1,0,2,1,NULL,NULL,NULL,NULL,NULL,'--- !ruby/hash:ActiveSupport::HashWithIndifferentAccess\nanschaffungskategorie: AV-Technik\nreference: invoice\numzug: zgeln\nankunftszustand: intakt\n','2013-08-07 21:18:38','2013-08-07 21:18:38',NULL),(122,'1hnih8mpbtdwa5l9ujzw69','6b:57:db:9e:10:16-3d:4a:31:49:47:3f-42:0c:1b:2a:5c:63',99,19,111,1,NULL,NULL,'2009-05-11','2013-08-07',NULL,NULL,'1357.00',0,0,1,0,1,1,NULL,NULL,NULL,NULL,NULL,'--- !ruby/hash:ActiveSupport::HashWithIndifferentAccess\nanschaffungskategorie: AV-Technik\nreference: invoice\numzug: zgeln\nankunftszustand: intakt\n','2013-08-07 21:18:38','2013-08-07 21:18:38',NULL),(123,'yf8bmmkypahcdgtrv33y70','69:2e:bb:d7:3d:d5-10:96:53:05:d8:bc-15:e0:6c:9c:d1:5a',100,19,112,1,122,NULL,'2009-08-13','2013-08-07',NULL,NULL,'1039.00',0,0,1,0,1,1,NULL,NULL,NULL,NULL,NULL,'--- !ruby/hash:ActiveSupport::HashWithIndifferentAccess\nanschaffungskategorie: AV-Technik\nreference: invoice\numzug: zgeln\nankunftszustand: intakt\n','2013-08-07 21:18:38','2013-08-07 21:18:38',NULL),(124,'k8f0n898b7c8bcbt8k0g71','3d:35:d7:dd:6e:d9-fe:1d:ef:d9:93:39-78:12:4a:fd:4b:bf',101,19,113,1,122,NULL,'2011-12-05','2013-08-07',NULL,NULL,'164.00',0,0,1,0,1,1,NULL,NULL,NULL,NULL,NULL,'--- !ruby/hash:ActiveSupport::HashWithIndifferentAccess\nanschaffungskategorie: AV-Technik\nreference: invoice\numzug: zgeln\nankunftszustand: intakt\n','2013-08-07 21:18:38','2013-08-07 21:18:38',NULL),(125,'2qb8vscegriu80uaajj772','ae:be:48:50:8e:39-54:15:a0:dd:97:89-a6:55:e1:cc:28:f5',102,19,114,1,122,NULL,'2010-02-06','2013-08-07',NULL,NULL,'121.00',0,0,1,0,1,1,NULL,NULL,NULL,NULL,NULL,'--- !ruby/hash:ActiveSupport::HashWithIndifferentAccess\nanschaffungskategorie: AV-Technik\nreference: invoice\numzug: zgeln\nankunftszustand: intakt\n','2013-08-07 21:18:38','2013-08-07 21:18:38',NULL),(126,'0ii7shylib0ao27tfhtz73','b5:5d:aa:5a:3d:6f-9b:a4:1a:25:b7:9b-cf:dc:ba:1d:91:64',99,23,115,1,NULL,NULL,'2008-12-15','2013-08-07',NULL,NULL,'1121.00',0,0,1,0,1,1,NULL,NULL,NULL,NULL,NULL,'--- !ruby/hash:ActiveSupport::HashWithIndifferentAccess\nanschaffungskategorie: AV-Technik\nreference: invoice\numzug: zgeln\nankunftszustand: intakt\n','2013-08-07 21:18:38','2013-08-07 21:18:38',NULL),(127,'tolinmbyoaj9io8t5jvy74','4e:5a:54:b8:bf:7f-ab:7f:ec:31:ca:2b-f0:f8:31:77:21:c2',103,23,116,1,126,NULL,'2009-07-06','2013-08-07',NULL,NULL,'583.00',0,0,1,0,1,1,NULL,NULL,NULL,NULL,NULL,'--- !ruby/hash:ActiveSupport::HashWithIndifferentAccess\nanschaffungskategorie: AV-Technik\nreference: invoice\numzug: zgeln\nankunftszustand: intakt\n','2013-08-07 21:18:38','2013-08-07 21:18:38',NULL),(128,'aniic1ywr684m09kxme175','98:b4:20:19:26:c0-88:9e:65:c5:f3:32-4c:8c:5c:33:aa:38',104,23,117,1,126,NULL,'2011-04-26','2013-08-07',NULL,NULL,'899.00',0,0,1,0,1,1,NULL,NULL,NULL,NULL,NULL,'--- !ruby/hash:ActiveSupport::HashWithIndifferentAccess\nanschaffungskategorie: AV-Technik\nreference: invoice\numzug: zgeln\nankunftszustand: intakt\n','2013-08-07 21:18:38','2013-08-07 21:18:38',NULL),(129,'lhg7s6yzee8xt9hvnkoz76','de:b6:74:89:bd:d0-d2:4a:86:be:a4:9f-e5:fa:e8:ec:eb:d8',105,23,118,1,126,NULL,'2009-11-30','2013-08-07',NULL,NULL,'1344.00',0,0,1,0,1,1,NULL,NULL,NULL,NULL,NULL,'--- !ruby/hash:ActiveSupport::HashWithIndifferentAccess\nanschaffungskategorie: AV-Technik\nreference: invoice\numzug: zgeln\nankunftszustand: intakt\n','2013-08-07 21:18:38','2013-08-07 21:18:38',NULL),(130,'nuh6vnphxxkzdtjm0nsy77','2d:4d:cd:cc:3a:28-be:68:05:ca:1e:a7-59:b3:ac:46:e7:fc',99,27,119,1,NULL,NULL,'2010-03-30','2013-08-07',NULL,NULL,'734.00',0,0,1,0,1,1,NULL,NULL,NULL,NULL,NULL,'--- !ruby/hash:ActiveSupport::HashWithIndifferentAccess\nanschaffungskategorie: AV-Technik\nreference: invoice\numzug: zgeln\nankunftszustand: intakt\n','2013-08-07 21:18:38','2013-08-07 21:18:38',NULL),(131,'638jzd24y81vyv5t8byr78','21:d5:d7:cf:a1:a4-21:c7:1d:bf:e9:4a-8e:72:97:23:9d:ee',106,27,120,1,130,NULL,'2008-05-08','2013-08-07',NULL,NULL,'1448.00',0,0,1,0,1,1,NULL,NULL,NULL,NULL,NULL,'--- !ruby/hash:ActiveSupport::HashWithIndifferentAccess\nanschaffungskategorie: AV-Technik\nreference: invoice\numzug: zgeln\nankunftszustand: intakt\n','2013-08-07 21:18:38','2013-08-07 21:18:38',NULL),(132,'x553djmdqww0jbz5foa479','21:bf:51:86:30:01-e8:91:86:08:25:1e-46:ca:9e:71:14:13',107,27,121,1,130,NULL,'2008-05-28','2013-08-07',NULL,NULL,'405.00',0,0,1,0,1,1,NULL,NULL,NULL,NULL,NULL,'--- !ruby/hash:ActiveSupport::HashWithIndifferentAccess\nanschaffungskategorie: AV-Technik\nreference: invoice\numzug: zgeln\nankunftszustand: intakt\n','2013-08-07 21:18:38','2013-08-07 21:18:38',NULL),(133,'abbb1fwu7gf9jzvhfgwc80','20:82:ec:a9:5c:13-43:94:33:14:11:87-27:5e:9e:4b:91:f0',108,27,122,1,130,NULL,'2012-11-22','2013-08-07',NULL,NULL,'1165.00',0,0,1,0,1,1,NULL,NULL,NULL,NULL,NULL,'--- !ruby/hash:ActiveSupport::HashWithIndifferentAccess\nanschaffungskategorie: AV-Technik\nreference: invoice\numzug: zgeln\nankunftszustand: intakt\n','2013-08-07 21:18:38','2013-08-07 21:18:38',NULL),(134,'gto6ogtjtqcveivmflm881','cc:eb:dc:03:2a:1c-c0:87:6c:60:a9:2d-1a:4c:b9:bc:21:09',109,31,123,8,NULL,NULL,'2011-04-06','2013-08-07',NULL,NULL,'1209.00',0,0,1,0,7,1,NULL,NULL,NULL,NULL,NULL,'--- !ruby/hash:ActiveSupport::HashWithIndifferentAccess\nanschaffungskategorie: AV-Technik\nreference: invoice\numzug: zgeln\nankunftszustand: intakt\n','2013-08-07 21:18:38','2013-08-07 21:18:38',NULL),(135,'8awkbwgjootx2pnox2ni82','b9:53:2d:63:ca:e3-cd:24:da:c6:bb:e7-3f:96:2c:64:97:3a',109,32,124,9,NULL,NULL,'2008-07-26','2013-08-07',NULL,NULL,'991.00',0,0,1,0,7,1,NULL,NULL,NULL,NULL,NULL,'--- !ruby/hash:ActiveSupport::HashWithIndifferentAccess\nanschaffungskategorie: AV-Technik\nreference: invoice\numzug: zgeln\nankunftszustand: intakt\n','2013-08-07 21:18:38','2013-08-07 21:18:38',NULL),(136,'ruo65c5yymh01mhejxnz83','bc:a7:00:63:2e:e5-2c:01:c6:d4:bb:e6-fb:a4:52:c7:29:4f',109,33,125,6,NULL,NULL,'2011-07-03','2013-08-07',NULL,NULL,'930.00',0,0,1,0,7,1,NULL,NULL,NULL,NULL,NULL,'--- !ruby/hash:ActiveSupport::HashWithIndifferentAccess\nanschaffungskategorie: AV-Technik\nreference: invoice\numzug: zgeln\nankunftszustand: intakt\n','2013-08-07 21:18:38','2013-08-07 21:18:38',NULL),(137,'cvcbmyj0nzfi16yznnr184','61:64:ca:e6:8c:95-62:ec:e9:4f:10:25-b7:18:f8:43:7a:ab',113,34,126,10,NULL,NULL,'2010-09-05','2013-08-07',NULL,NULL,'1389.00',0,0,1,0,7,1,NULL,NULL,NULL,NULL,NULL,'--- !ruby/hash:ActiveSupport::HashWithIndifferentAccess\nanschaffungskategorie: AV-Technik\nreference: invoice\numzug: zgeln\nankunftszustand: intakt\n','2013-08-07 21:18:38','2013-08-07 21:18:38',NULL),(138,'s0oz2znxf5eq2d2iiy1f85','e6:4a:f5:05:6c:e4-d8:df:eb:92:df:30-a1:5f:50:9d:66:4c',113,35,127,11,NULL,NULL,'2008-03-20','2013-08-07',NULL,NULL,'731.00',0,0,1,0,7,1,NULL,NULL,NULL,NULL,NULL,'--- !ruby/hash:ActiveSupport::HashWithIndifferentAccess\nanschaffungskategorie: AV-Technik\nreference: invoice\numzug: zgeln\nankunftszustand: intakt\n','2013-08-07 21:18:38','2013-08-07 21:18:38',NULL),(139,'u5r2ltdgyf8o1rf43scx86','dd:74:85:93:53:81-7e:ab:32:eb:21:4d-c9:26:6d:55:b6:a4',113,36,128,10,NULL,NULL,'2009-05-12','2013-08-07',NULL,NULL,'709.00',0,0,1,0,7,1,NULL,NULL,NULL,NULL,NULL,'--- !ruby/hash:ActiveSupport::HashWithIndifferentAccess\nanschaffungskategorie: AV-Technik\nreference: invoice\numzug: zgeln\nankunftszustand: intakt\n','2013-08-07 21:18:38','2013-08-07 21:18:38',NULL),(140,'9eywrag8upuxv9bl0rtz87','18:4d:a0:15:7d:14-84:11:51:4f:41:0d-75:dd:69:cc:2c:68',117,37,129,2,NULL,NULL,'2008-07-01','2013-08-07',NULL,NULL,'222.00',0,0,1,0,7,1,NULL,NULL,NULL,NULL,NULL,'--- !ruby/hash:ActiveSupport::HashWithIndifferentAccess\nanschaffungskategorie: AV-Technik\nreference: invoice\numzug: zgeln\nankunftszustand: intakt\n','2013-08-07 21:18:38','2013-08-07 21:18:38',NULL),(141,'kxadxx4srnm2e1rb44rt88','bd:d0:58:b0:22:80-9b:72:9e:3d:b4:45-39:cd:41:c0:65:42',117,38,130,10,NULL,NULL,'2010-05-01','2013-08-07',NULL,NULL,'769.00',0,0,1,0,7,1,NULL,NULL,NULL,NULL,NULL,'--- !ruby/hash:ActiveSupport::HashWithIndifferentAccess\nanschaffungskategorie: AV-Technik\nreference: invoice\numzug: zgeln\nankunftszustand: intakt\n','2013-08-07 21:18:38','2013-08-07 21:18:38',NULL),(142,'bkxit5vh9q4v6papk87u89','b7:3a:e8:e4:75:20-f0:96:63:75:7e:40-c9:88:25:8c:bb:ae',117,39,131,10,NULL,NULL,'2012-08-21','2013-08-07',NULL,NULL,'757.00',0,0,1,0,7,1,NULL,NULL,NULL,NULL,NULL,'--- !ruby/hash:ActiveSupport::HashWithIndifferentAccess\nanschaffungskategorie: AV-Technik\nreference: invoice\numzug: zgeln\nankunftszustand: intakt\n','2013-08-07 21:18:38','2013-08-07 21:18:38',NULL),(143,'gd3vusi78j6vlp5zr85u90','31:d5:8e:e9:e0:3a-c7:8a:f3:c1:b6:41-bb:b2:50:44:fc:d2',121,40,132,3,NULL,NULL,'2010-08-06','2013-08-07',NULL,NULL,'1399.00',0,0,1,0,7,1,NULL,NULL,NULL,NULL,NULL,'--- !ruby/hash:ActiveSupport::HashWithIndifferentAccess\nanschaffungskategorie: AV-Technik\nreference: invoice\numzug: zgeln\nankunftszustand: intakt\n','2013-08-07 21:18:38','2013-08-07 21:18:38',NULL),(144,'g1fkp1nnzfhe9rukgtwt91','f6:25:c8:63:5a:38-cc:91:58:da:92:68-5b:b4:49:50:24:23',121,41,133,8,NULL,NULL,'2008-08-18','2013-08-07',NULL,NULL,'1303.00',0,0,1,0,7,1,NULL,NULL,NULL,NULL,NULL,'--- !ruby/hash:ActiveSupport::HashWithIndifferentAccess\nanschaffungskategorie: AV-Technik\nreference: invoice\numzug: zgeln\nankunftszustand: intakt\n','2013-08-07 21:18:38','2013-08-07 21:18:38',NULL),(145,'msemj9q4bn7sh3yrn2z192','bb:93:91:6c:d2:85-1f:2d:a7:25:7a:7c-09:7f:1e:b4:c7:e0',121,42,134,7,NULL,NULL,'2010-12-30','2013-08-07',NULL,NULL,'643.00',0,0,1,0,7,1,NULL,NULL,NULL,NULL,NULL,'--- !ruby/hash:ActiveSupport::HashWithIndifferentAccess\nanschaffungskategorie: AV-Technik\nreference: invoice\numzug: zgeln\nankunftszustand: intakt\n','2013-08-07 21:18:38','2013-08-07 21:18:38',NULL),(146,'asir4ejcgh9zae1bua7493','0e:99:0b:06:7f:39-80:09:2d:3c:eb:d6-ee:d7:8c:a0:41:b0',125,43,135,7,NULL,NULL,'2011-07-21','2013-08-07',NULL,NULL,'327.00',0,0,1,0,7,1,NULL,NULL,NULL,NULL,NULL,'--- !ruby/hash:ActiveSupport::HashWithIndifferentAccess\nanschaffungskategorie: AV-Technik\nreference: invoice\numzug: zgeln\nankunftszustand: intakt\n','2013-08-07 21:18:38','2013-08-07 21:18:38',NULL),(147,'xwkvnxsvfezk9dte8xc794','c5:52:15:d4:e7:b7-85:4d:66:57:05:e4-e3:b8:36:7e:30:ec',125,44,136,4,NULL,NULL,'2012-02-23','2013-08-07',NULL,NULL,'844.00',0,0,1,0,7,1,NULL,NULL,NULL,NULL,NULL,'--- !ruby/hash:ActiveSupport::HashWithIndifferentAccess\nanschaffungskategorie: AV-Technik\nreference: invoice\numzug: zgeln\nankunftszustand: intakt\n','2013-08-07 21:18:38','2013-08-07 21:18:38',NULL),(148,'x6ph64to1v6zy6cbzcg595','a1:45:76:e9:7d:33-49:21:bb:6e:a4:26-f4:56:c1:e2:55:1c',125,45,137,9,NULL,NULL,'2009-07-20','2013-08-07',NULL,NULL,'700.00',0,0,1,0,7,1,NULL,NULL,NULL,NULL,NULL,'--- !ruby/hash:ActiveSupport::HashWithIndifferentAccess\nanschaffungskategorie: AV-Technik\nreference: invoice\numzug: zgeln\nankunftszustand: intakt\n','2013-08-07 21:18:38','2013-08-07 21:18:38',NULL),(149,'xfw3vbleiwjjtj7c64s096','ef:9d:b9:4a:fd:8e-2d:f6:6d:39:a0:41-b4:0a:85:61:5b:9c',129,46,138,4,NULL,NULL,'2011-04-05','2013-08-07',NULL,NULL,'249.00',0,0,1,0,3,1,NULL,NULL,NULL,NULL,NULL,'--- !ruby/hash:ActiveSupport::HashWithIndifferentAccess\nanschaffungskategorie: AV-Technik\nreference: invoice\numzug: zgeln\nankunftszustand: intakt\n','2013-08-07 21:18:38','2013-08-07 21:18:38',NULL),(150,'zbmv1qbsnv05hbpl5hlj97','c2:26:01:95:14:34-e0:26:ab:40:57:a9-b3:19:b6:90:7a:a1',129,47,139,6,NULL,NULL,'2010-01-01','2013-08-07',NULL,NULL,'261.00',0,0,1,0,3,1,NULL,NULL,NULL,NULL,NULL,'--- !ruby/hash:ActiveSupport::HashWithIndifferentAccess\nanschaffungskategorie: AV-Technik\nreference: invoice\numzug: zgeln\nankunftszustand: intakt\n','2013-08-07 21:18:38','2013-08-07 21:18:38',NULL),(151,'a0wy8dxe3o5jcgubghwz98','37:1f:3f:c1:71:2a-1c:18:6a:3d:ed:1d-e6:d9:6f:a6:eb:d3',129,48,140,4,NULL,NULL,'2011-12-03','2013-08-07',NULL,NULL,'245.00',0,0,1,0,3,1,NULL,NULL,NULL,NULL,NULL,'--- !ruby/hash:ActiveSupport::HashWithIndifferentAccess\nanschaffungskategorie: AV-Technik\nreference: invoice\numzug: zgeln\nankunftszustand: intakt\n','2013-08-07 21:18:38','2013-08-07 21:18:38',NULL),(152,'jmtr0d69grch5dqex25t99','63:84:54:88:d3:b6-08:ae:f6:dd:1d:33-a3:6f:c4:55:e2:5d',133,49,141,6,NULL,NULL,'2011-04-24','2013-08-07',NULL,NULL,'264.00',0,0,1,0,3,1,NULL,NULL,NULL,NULL,NULL,'--- !ruby/hash:ActiveSupport::HashWithIndifferentAccess\nanschaffungskategorie: AV-Technik\nreference: invoice\numzug: zgeln\nankunftszustand: intakt\n','2013-08-07 21:18:38','2013-08-07 21:18:38',NULL),(153,'kr8ar9l76wr3jzru0dz8100','62:66:69:77:04:24-19:67:a9:e9:3d:0d-b4:83:d3:1d:0c:36',133,50,142,1,NULL,NULL,'2012-05-26','2013-08-07',NULL,NULL,'1078.00',0,0,1,0,3,1,NULL,NULL,NULL,NULL,NULL,'--- !ruby/hash:ActiveSupport::HashWithIndifferentAccess\nanschaffungskategorie: AV-Technik\nreference: invoice\numzug: zgeln\nankunftszustand: intakt\n','2013-08-07 21:18:38','2013-08-07 21:18:38',NULL),(154,'b5ql6w4qam0vjj3uohtw101','6f:e9:02:f7:b9:fa-df:54:1f:ed:12:17-45:04:27:7f:8c:8b',133,51,143,3,NULL,NULL,'2011-02-18','2013-08-07',NULL,NULL,'509.00',0,0,1,0,3,1,NULL,NULL,NULL,NULL,NULL,'--- !ruby/hash:ActiveSupport::HashWithIndifferentAccess\nanschaffungskategorie: AV-Technik\nreference: invoice\numzug: zgeln\nankunftszustand: intakt\n','2013-08-07 21:18:38','2013-08-07 21:18:38',NULL),(155,'xxydwbaqnss6o7ctnvtb102','b0:cf:e2:40:6f:fd-d4:38:44:f2:07:4d-65:7a:01:92:b7:0a',137,52,144,2,NULL,NULL,'2011-08-17','2013-08-07',NULL,NULL,'977.00',0,0,1,0,3,1,NULL,NULL,NULL,NULL,NULL,'--- !ruby/hash:ActiveSupport::HashWithIndifferentAccess\nanschaffungskategorie: AV-Technik\nreference: invoice\numzug: zgeln\nankunftszustand: intakt\n','2013-08-07 21:18:38','2013-08-07 21:18:38',NULL),(156,'9jkhvpxlke5hjbqo7oaj103','b7:de:53:12:1a:e8-5c:f3:55:9d:80:5a-30:c6:d4:e2:08:30',137,53,145,2,NULL,NULL,'2008-11-25','2013-08-07',NULL,NULL,'1244.00',0,0,1,0,3,1,NULL,NULL,NULL,NULL,NULL,'--- !ruby/hash:ActiveSupport::HashWithIndifferentAccess\nanschaffungskategorie: AV-Technik\nreference: invoice\numzug: zgeln\nankunftszustand: intakt\n','2013-08-07 21:18:38','2013-08-07 21:18:38',NULL),(157,'4allmrysiuf0tft1m030104','2f:39:ea:86:a5:2e-28:00:21:d5:2b:db-96:0d:db:65:7d:8c',137,54,146,11,NULL,NULL,'2012-09-09','2013-08-07',NULL,NULL,'1448.00',0,0,1,0,3,1,NULL,NULL,NULL,NULL,NULL,'--- !ruby/hash:ActiveSupport::HashWithIndifferentAccess\nanschaffungskategorie: AV-Technik\nreference: invoice\numzug: zgeln\nankunftszustand: intakt\n','2013-08-07 21:18:38','2013-08-07 21:18:38',NULL),(158,'lx9lh5fzadlmtqjuntoj105','75:ef:97:41:f4:76-be:17:e3:f9:b1:1c-b2:3e:52:91:32:8f',141,55,147,11,NULL,NULL,'2012-03-15','2013-08-07',NULL,NULL,'1121.00',0,0,1,0,3,1,NULL,NULL,NULL,NULL,NULL,'--- !ruby/hash:ActiveSupport::HashWithIndifferentAccess\nanschaffungskategorie: AV-Technik\nreference: invoice\numzug: zgeln\nankunftszustand: intakt\n','2013-08-07 21:18:38','2013-08-07 21:18:38',NULL),(159,'y202t3a3miwtkvfg7mqw106','37:b2:b9:8b:f4:e8-21:ea:1b:e0:ca:2f-1b:97:23:2f:4b:87',141,56,148,10,NULL,NULL,'2010-09-20','2013-08-07',NULL,NULL,'1385.00',0,0,1,0,3,1,NULL,NULL,NULL,NULL,NULL,'--- !ruby/hash:ActiveSupport::HashWithIndifferentAccess\nanschaffungskategorie: AV-Technik\nreference: invoice\numzug: zgeln\nankunftszustand: intakt\n','2013-08-07 21:18:38','2013-08-07 21:18:38',NULL),(160,'qmbe0k1jm7p9sf3jgip7107','eb:05:dd:bd:c9:eb-46:47:16:57:41:62-e7:bb:8f:8e:2b:df',141,57,149,9,NULL,NULL,'2010-08-01','2013-08-07',NULL,NULL,'1200.00',0,0,1,0,3,1,NULL,NULL,NULL,NULL,NULL,'--- !ruby/hash:ActiveSupport::HashWithIndifferentAccess\nanschaffungskategorie: AV-Technik\nreference: invoice\numzug: zgeln\nankunftszustand: intakt\n','2013-08-07 21:18:38','2013-08-07 21:18:38',NULL),(161,'2xll0g1qgxg1rh63kv05108','54:a2:04:4b:a6:32-1c:4a:5b:7e:59:18-70:27:35:60:9c:a2',145,58,150,8,NULL,NULL,'2010-04-16','2013-08-07',NULL,NULL,'1270.00',0,0,1,0,2,1,NULL,NULL,NULL,NULL,NULL,'--- !ruby/hash:ActiveSupport::HashWithIndifferentAccess\nanschaffungskategorie: AV-Technik\nreference: invoice\numzug: zgeln\nankunftszustand: intakt\n','2013-08-07 21:18:38','2013-08-07 21:18:38',NULL),(162,'nzt3r73afi03q4sen5cx109','6f:9d:de:e6:25:fd-dc:04:fb:ca:8b:09-74:e5:a1:dc:57:19',145,59,151,10,NULL,NULL,'2010-06-08','2013-08-07',NULL,NULL,'314.00',0,0,1,0,2,1,NULL,NULL,NULL,NULL,NULL,'--- !ruby/hash:ActiveSupport::HashWithIndifferentAccess\nanschaffungskategorie: AV-Technik\nreference: invoice\numzug: zgeln\nankunftszustand: intakt\n','2013-08-07 21:18:38','2013-08-07 21:18:38',NULL),(163,'l4zvuxupwsfytiusqzcg110','f3:62:a9:e2:d5:3d-be:b8:c5:bf:14:85-7b:6a:10:8e:20:39',145,60,152,9,NULL,NULL,'2012-09-05','2013-08-07',NULL,NULL,'46.00',0,0,1,0,2,1,NULL,NULL,NULL,NULL,NULL,'--- !ruby/hash:ActiveSupport::HashWithIndifferentAccess\nanschaffungskategorie: AV-Technik\nreference: invoice\numzug: zgeln\nankunftszustand: intakt\n','2013-08-07 21:18:38','2013-08-07 21:18:38',NULL),(164,'xiz7y58oyykpb3zy72gv111','fb:b8:ac:0f:5c:f5-64:cd:09:94:de:1f-3b:3e:53:da:1d:37',149,61,153,10,NULL,NULL,'2009-07-04','2013-08-02',NULL,NULL,'74.00',0,0,1,0,1,1,NULL,NULL,NULL,NULL,NULL,'--- !ruby/hash:ActiveSupport::HashWithIndifferentAccess\nanschaffungskategorie: AV-Technik\nreference: invoice\numzug: zgeln\nankunftszustand: intakt\n','2013-08-02 21:18:38','2013-08-02 21:18:38',NULL),(165,'wn9gbdmajk6xpdocmetr112','4b:d0:34:74:50:e7-9d:4a:75:53:94:f0-66:43:11:78:0f:fb',150,62,154,4,NULL,NULL,'2012-01-13','2013-08-02',NULL,NULL,'1052.00',0,0,1,0,1,1,NULL,NULL,NULL,NULL,NULL,'--- !ruby/hash:ActiveSupport::HashWithIndifferentAccess\nanschaffungskategorie: AV-Technik\nreference: invoice\numzug: zgeln\nankunftszustand: intakt\n','2013-08-02 21:18:38','2013-08-02 21:18:38',NULL),(166,'fbxwlksy9odghn1agrtf113','49:56:5a:7a:32:b5-02:53:30:f8:d3:c9-d5:4d:66:dd:95:9c',151,63,155,6,NULL,NULL,'2010-10-29','2013-08-02',NULL,NULL,'1137.00',0,0,1,0,1,1,NULL,NULL,NULL,NULL,NULL,'--- !ruby/hash:ActiveSupport::HashWithIndifferentAccess\nanschaffungskategorie: AV-Technik\nreference: invoice\numzug: zgeln\nankunftszustand: intakt\n','2013-08-02 21:18:38','2013-08-02 21:18:38',NULL),(167,'vjcc7ldchr4kd0zm9etw114','bc:35:f6:a3:20:67-4f:7b:eb:87:83:15-2d:83:8f:d2:c5:5b',152,64,156,1,NULL,NULL,'2011-10-11','2013-08-07',NULL,NULL,'331.00',0,0,1,0,1,1,NULL,NULL,NULL,NULL,NULL,'--- !ruby/hash:ActiveSupport::HashWithIndifferentAccess\nanschaffungskategorie: AV-Technik\nreference: invoice\numzug: zgeln\nankunftszustand: intakt\n','2013-08-07 21:18:38','2013-08-07 21:18:38',NULL),(168,'1fj4hi6zwuhwqvoalkku115','43:e1:cf:80:c4:d0-d8:87:5e:04:7a:79-27:a5:0f:c6:3c:77',153,65,157,4,NULL,NULL,'2010-04-07','2013-08-07',NULL,NULL,'1103.00',0,0,1,0,1,1,NULL,NULL,NULL,NULL,NULL,'--- !ruby/hash:ActiveSupport::HashWithIndifferentAccess\nanschaffungskategorie: AV-Technik\nreference: invoice\numzug: zgeln\nankunftszustand: intakt\n','2013-08-07 21:18:38','2013-08-07 21:18:38',NULL),(169,'gu1t2cbbz00x4vwj648z116','c0:92:5f:e9:3b:05-8c:b3:f6:a1:52:02-c1:4e:c4:6c:3a:de',154,66,158,2,NULL,NULL,'2012-03-01','2013-08-07',NULL,NULL,'131.00',0,0,1,0,1,1,NULL,NULL,NULL,NULL,NULL,'--- !ruby/hash:ActiveSupport::HashWithIndifferentAccess\nanschaffungskategorie: AV-Technik\nreference: invoice\numzug: zgeln\nankunftszustand: intakt\n','2013-08-07 21:18:38','2013-08-07 21:18:38',NULL),(170,'bu0722e8mkhntq5rwa59117','dc:11:36:60:fd:61-1c:8b:de:c0:5e:86-a0:a9:17:45:16:a7',155,67,159,11,NULL,NULL,'2008-07-18','2013-08-07',NULL,NULL,'130.00',0,0,1,0,1,1,NULL,NULL,NULL,NULL,NULL,'--- !ruby/hash:ActiveSupport::HashWithIndifferentAccess\nanschaffungskategorie: AV-Technik\nreference: invoice\numzug: zgeln\nankunftszustand: intakt\n','2013-08-07 21:18:38','2013-08-07 21:18:38',NULL),(171,'x0vgqqbh6ggncklasg6o118','bc:05:bc:0c:d3:3d-03:96:3d:e4:17:36-03:4e:65:59:24:eb',156,68,160,8,NULL,NULL,'2010-11-08','2013-08-07',NULL,NULL,'150.00',0,0,1,0,1,1,NULL,NULL,NULL,NULL,NULL,'--- !ruby/hash:ActiveSupport::HashWithIndifferentAccess\nanschaffungskategorie: AV-Technik\nreference: invoice\numzug: zgeln\nankunftszustand: intakt\n','2013-08-07 21:18:38','2013-08-07 21:18:38',NULL),(172,'pwl6tbmr9ddofwfpalpb119','bb:ac:e0:cc:3d:67-02:0d:4a:70:80:7c-c7:93:ac:3e:3a:d3',157,69,161,5,NULL,NULL,'2008-10-12','2013-08-07',NULL,NULL,'775.00',0,0,1,0,1,1,NULL,NULL,NULL,NULL,NULL,'--- !ruby/hash:ActiveSupport::HashWithIndifferentAccess\nanschaffungskategorie: AV-Technik\nreference: invoice\numzug: zgeln\nankunftszustand: intakt\n','2013-08-07 21:18:38','2013-08-07 21:18:38',NULL),(173,'e16ck0om1jaund07zpz0120','8e:58:bc:4c:47:a9-80:21:42:11:dc:83-d2:90:8f:25:27:c8',158,70,162,8,NULL,NULL,'2012-06-17','2013-08-07',NULL,NULL,'1134.00',0,0,1,0,1,1,NULL,NULL,NULL,NULL,NULL,'--- !ruby/hash:ActiveSupport::HashWithIndifferentAccess\nanschaffungskategorie: AV-Technik\nreference: invoice\numzug: zgeln\nankunftszustand: intakt\n','2013-08-07 21:18:38','2013-08-07 21:18:38',NULL),(174,'1bq2zog6aellypaw16kz121','af:52:2b:90:de:bf-ab:36:56:7e:e4:9f-7a:8f:b3:5b:2c:71',159,71,163,1,NULL,NULL,'2009-04-07','2013-08-07',NULL,NULL,'1368.00',0,0,1,0,1,1,NULL,NULL,NULL,NULL,NULL,'--- !ruby/hash:ActiveSupport::HashWithIndifferentAccess\nanschaffungskategorie: AV-Technik\nreference: invoice\numzug: zgeln\nankunftszustand: intakt\n','2013-08-07 21:18:38','2013-08-07 21:18:38',NULL),(175,'lfidc6jwjajmhyrkn8s6122','f5:83:ed:3b:43:da-4a:82:92:b2:50:dd-6f:aa:27:a4:cc:25',160,72,164,9,NULL,NULL,'2008-11-18','2013-08-07',NULL,NULL,'465.00',0,0,1,0,1,1,NULL,NULL,NULL,NULL,NULL,'--- !ruby/hash:ActiveSupport::HashWithIndifferentAccess\nanschaffungskategorie: AV-Technik\nreference: invoice\numzug: zgeln\nankunftszustand: intakt\n','2013-08-07 21:18:38','2013-08-07 21:18:38',NULL),(176,'op3grg6sh53ph165rfba123','70:6f:30:ad:36:1b-b7:f0:b6:3f:7e:67-1b:51:e8:44:ab:81',161,73,165,11,NULL,NULL,'2009-06-01','2013-08-07',NULL,NULL,'950.00',0,0,1,0,1,1,NULL,NULL,NULL,NULL,NULL,'--- !ruby/hash:ActiveSupport::HashWithIndifferentAccess\nanschaffungskategorie: AV-Technik\nreference: invoice\numzug: zgeln\nankunftszustand: intakt\n','2013-08-07 21:18:38','2013-08-07 21:18:38',NULL),(177,'fklzefv3jfarjcjpeb61124','2d:1e:fb:4e:e1:ff-c1:44:bd:98:c3:9b-65:21:dc:14:2c:7d',162,74,166,10,NULL,NULL,'2010-07-14','2013-08-07',NULL,NULL,'28.00',0,0,1,0,1,1,NULL,NULL,NULL,NULL,NULL,'--- !ruby/hash:ActiveSupport::HashWithIndifferentAccess\nanschaffungskategorie: AV-Technik\nreference: invoice\numzug: zgeln\nankunftszustand: intakt\n','2013-08-07 21:18:38','2013-08-07 21:18:38',NULL),(178,'gh47y5cnxd3ty7d8pw32125','fc:a2:c7:27:01:85-69:d0:b2:3a:92:55-fd:6b:34:8e:b2:9f',163,75,167,9,NULL,NULL,'2012-06-21','2013-08-07',NULL,NULL,'1488.00',0,0,1,0,1,1,NULL,NULL,NULL,NULL,NULL,'--- !ruby/hash:ActiveSupport::HashWithIndifferentAccess\nanschaffungskategorie: AV-Technik\nreference: invoice\numzug: zgeln\nankunftszustand: intakt\n','2013-08-07 21:18:38','2013-08-07 21:18:38',NULL),(179,'49mms2z53325tdy25mu8126','3e:6f:a9:68:26:ef-09:ed:21:c5:b3:f2-39:15:0b:f2:9d:b0',164,76,168,3,NULL,NULL,'2008-08-26','2013-08-07',NULL,NULL,'253.00',0,0,1,0,1,1,NULL,NULL,NULL,NULL,NULL,'--- !ruby/hash:ActiveSupport::HashWithIndifferentAccess\nanschaffungskategorie: AV-Technik\nreference: invoice\numzug: zgeln\nankunftszustand: intakt\n','2013-08-07 21:18:38','2013-08-07 21:18:38',NULL),(180,'yra72r09ktvt320qa8kk127','b6:2e:43:01:ff:aa-8c:44:e9:13:e6:ce-8e:8b:e8:f6:6a:f9',165,77,169,3,NULL,NULL,'2011-01-08','2013-08-07',NULL,NULL,'785.00',0,0,1,0,1,1,NULL,NULL,NULL,NULL,NULL,'--- !ruby/hash:ActiveSupport::HashWithIndifferentAccess\nanschaffungskategorie: AV-Technik\nreference: invoice\numzug: zgeln\nankunftszustand: intakt\n','2013-08-07 21:18:38','2013-08-07 21:18:38',NULL),(181,'t0iut0v47avyahy7ka55128','2b:c9:5e:28:28:7f-07:48:64:4b:96:ee-fd:49:74:dc:a3:be',166,78,170,2,NULL,NULL,'2009-03-17','2013-07-31',NULL,NULL,'551.00',0,0,1,0,1,1,NULL,NULL,NULL,NULL,NULL,'--- !ruby/hash:ActiveSupport::HashWithIndifferentAccess\nanschaffungskategorie: AV-Technik\nreference: invoice\numzug: zgeln\nankunftszustand: intakt\n','2013-07-31 21:18:38','2013-07-31 21:18:38',NULL),(182,'x213d0ajjrdh4x2x3lw6129','c4:4e:24:b1:36:24-a8:84:cf:69:cb:e5-a9:2d:73:0e:44:eb',167,79,171,7,NULL,NULL,'2011-06-16','2013-07-31',NULL,NULL,'736.00',0,0,1,0,1,1,NULL,NULL,NULL,NULL,NULL,'--- !ruby/hash:ActiveSupport::HashWithIndifferentAccess\nanschaffungskategorie: AV-Technik\nreference: invoice\numzug: zgeln\nankunftszustand: intakt\n','2013-07-31 21:18:38','2013-07-31 21:18:38',NULL),(183,'m61h2lakjt92up1u6q6r130','04:ba:1a:86:f5:b1-53:35:81:be:7c:cd-b6:95:61:be:3a:cb',168,80,172,4,NULL,NULL,'2012-11-07','2013-07-31',NULL,NULL,'1267.00',0,0,1,0,1,1,NULL,NULL,NULL,NULL,NULL,'--- !ruby/hash:ActiveSupport::HashWithIndifferentAccess\nanschaffungskategorie: AV-Technik\nreference: invoice\numzug: zgeln\nankunftszustand: intakt\n','2013-07-31 21:18:38','2013-07-31 21:18:38',NULL),(184,'xvd0djfhuc7czbpy2ty7131','a8:34:9f:6b:f3:5d-ec:da:e6:3f:61:cb-2e:96:89:3d:e3:9b',169,81,173,6,NULL,NULL,'2010-04-26','2013-08-03',NULL,NULL,'128.00',0,0,1,0,1,1,NULL,NULL,NULL,NULL,NULL,'--- !ruby/hash:ActiveSupport::HashWithIndifferentAccess\nanschaffungskategorie: AV-Technik\nreference: invoice\numzug: zgeln\nankunftszustand: intakt\n','2013-08-03 21:18:38','2013-08-03 21:18:38',NULL),(185,'v8oo5z4rczd2mmx4nui7132','8b:74:38:50:51:12-0b:dc:bb:01:16:31-b7:f1:2f:06:ae:3f',170,82,174,8,NULL,NULL,'2012-07-01','2013-08-03',NULL,NULL,'222.00',0,0,1,0,1,1,NULL,NULL,NULL,NULL,NULL,'--- !ruby/hash:ActiveSupport::HashWithIndifferentAccess\nanschaffungskategorie: AV-Technik\nreference: invoice\numzug: zgeln\nankunftszustand: intakt\n','2013-08-03 21:18:38','2013-08-03 21:18:38',NULL),(186,'7rxm9c3ayrqktubit98o133','b1:c0:c0:29:26:2a-66:b1:65:a6:9f:7d-d7:d7:c0:13:af:d8',171,83,175,9,NULL,NULL,'2009-06-14','2013-08-03',NULL,NULL,'1454.00',0,0,1,0,1,1,NULL,NULL,NULL,NULL,NULL,'--- !ruby/hash:ActiveSupport::HashWithIndifferentAccess\nanschaffungskategorie: AV-Technik\nreference: invoice\numzug: zgeln\nankunftszustand: intakt\n','2013-08-03 21:18:38','2013-08-03 21:18:38',NULL),(187,'uynlqcltsau71yp8j9gn134','86:bf:f0:36:9e:56-cb:4a:a4:31:d3:b5-bd:e1:c4:e2:a9:35',172,84,176,7,NULL,NULL,'2012-01-23','2013-08-07',NULL,NULL,'1122.00',0,0,1,0,12,1,NULL,NULL,NULL,NULL,NULL,'--- !ruby/hash:ActiveSupport::HashWithIndifferentAccess\nanschaffungskategorie: AV-Technik\nreference: invoice\numzug: zgeln\nankunftszustand: intakt\n','2013-08-07 21:18:38','2013-08-07 21:18:38',NULL),(188,'5bo2nlks7vv9qgl2ydvg135','cf:0f:98:8f:8f:f0-7c:66:3e:76:4b:ad-83:44:13:18:60:5a',172,85,177,9,NULL,NULL,'2011-02-16','2013-08-07',NULL,NULL,'1135.00',0,0,1,0,12,1,NULL,NULL,NULL,NULL,NULL,'--- !ruby/hash:ActiveSupport::HashWithIndifferentAccess\nanschaffungskategorie: AV-Technik\nreference: invoice\numzug: zgeln\nankunftszustand: intakt\n','2013-08-07 21:18:38','2013-08-07 21:18:38',NULL),(189,'ab11qyv89ew4e13f2k4i136','40:cc:ff:99:a4:f0-42:5d:a6:c6:8c:7a-48:e3:96:d2:7e:91',172,86,178,12,NULL,NULL,'2012-12-12','2013-08-07',NULL,NULL,'869.00',0,0,1,0,12,1,NULL,NULL,NULL,NULL,NULL,'--- !ruby/hash:ActiveSupport::HashWithIndifferentAccess\nanschaffungskategorie: AV-Technik\nreference: invoice\numzug: zgeln\nankunftszustand: intakt\n','2013-08-07 21:18:38','2013-08-07 21:18:38',NULL),(190,'edw37gcqano2b7ohkrkt137','21:d6:1f:74:e3:e2-42:48:58:8d:14:56-57:42:83:2b:cd:84',176,87,179,12,NULL,NULL,'2011-11-28','2013-08-07',NULL,NULL,'844.00',0,0,1,0,12,1,NULL,NULL,NULL,NULL,NULL,'--- !ruby/hash:ActiveSupport::HashWithIndifferentAccess\nanschaffungskategorie: AV-Technik\nreference: invoice\numzug: zgeln\nankunftszustand: intakt\n','2013-08-07 21:18:38','2013-08-07 21:18:38',NULL),(191,'s8bgojtttmx3hhshcde3138','e1:49:b2:4b:ac:f3-bb:92:1b:84:31:89-16:9e:21:bc:10:55',176,88,180,11,NULL,NULL,'2010-07-10','2013-08-07',NULL,NULL,'1430.00',0,0,1,0,12,1,NULL,NULL,NULL,NULL,NULL,'--- !ruby/hash:ActiveSupport::HashWithIndifferentAccess\nanschaffungskategorie: AV-Technik\nreference: invoice\numzug: zgeln\nankunftszustand: intakt\n','2013-08-07 21:18:38','2013-08-07 21:18:38',NULL),(192,'awiffcwdcg1g4wj1aju4139','ef:27:aa:08:0f:b0-1e:6e:ec:58:8b:10-96:bc:62:1d:4a:4a',176,89,181,3,NULL,NULL,'2010-04-14','2013-08-07',NULL,NULL,'907.00',0,0,1,0,12,1,NULL,NULL,NULL,NULL,NULL,'--- !ruby/hash:ActiveSupport::HashWithIndifferentAccess\nanschaffungskategorie: AV-Technik\nreference: invoice\numzug: zgeln\nankunftszustand: intakt\n','2013-08-07 21:18:38','2013-08-07 21:18:38',NULL),(193,'wmluytduqzz0cg5uvkmj140','dd:0a:eb:fb:9b:cd-da:bc:98:0b:19:8a-51:ce:5a:a6:f9:23',180,90,182,9,NULL,NULL,'2009-11-28','2013-08-07',NULL,NULL,'32.00',0,0,1,0,12,1,NULL,NULL,NULL,NULL,NULL,'--- !ruby/hash:ActiveSupport::HashWithIndifferentAccess\nanschaffungskategorie: AV-Technik\nreference: invoice\numzug: zgeln\nankunftszustand: intakt\n','2013-08-07 21:18:38','2013-08-07 21:18:38',NULL),(194,'zyz3h68ll1u88ml28nz3141','68:26:82:a3:1f:66-2f:a1:e0:89:e5:9e-c3:e6:ec:69:28:16',180,91,183,5,NULL,NULL,'2008-04-27','2013-08-07',NULL,NULL,'8.00',0,0,1,0,12,1,NULL,NULL,NULL,NULL,NULL,'--- !ruby/hash:ActiveSupport::HashWithIndifferentAccess\nanschaffungskategorie: AV-Technik\nreference: invoice\numzug: zgeln\nankunftszustand: intakt\n','2013-08-07 21:18:38','2013-08-07 21:18:38',NULL),(195,'so4vum8g8mi0hhe5gs7e142','85:44:cf:6a:84:c1-14:c3:09:a6:5a:77-88:7e:82:2f:d9:b0',180,92,184,6,NULL,NULL,'2008-03-03','2013-08-07',NULL,NULL,'28.00',0,0,1,0,12,1,NULL,NULL,NULL,NULL,NULL,'--- !ruby/hash:ActiveSupport::HashWithIndifferentAccess\nanschaffungskategorie: AV-Technik\nreference: invoice\numzug: zgeln\nankunftszustand: intakt\n','2013-08-07 21:18:38','2013-08-07 21:18:38',NULL),(196,'l1dwbjhewpdf77mxk4dc143','cc:9d:5f:64:b8:a0-7e:62:4e:4a:09:7e-87:97:28:68:d7:99',184,93,185,5,NULL,NULL,'2012-06-11','2013-08-07',NULL,NULL,'952.00',0,0,1,0,12,1,NULL,NULL,NULL,NULL,NULL,'--- !ruby/hash:ActiveSupport::HashWithIndifferentAccess\nanschaffungskategorie: AV-Technik\nreference: invoice\numzug: zgeln\nankunftszustand: intakt\n','2013-08-07 21:18:38','2013-08-07 21:18:38',NULL),(197,'962kqa6ueug5pk1i28d7144','dd:4b:4e:fe:d6:b2-3c:bb:04:fc:db:ae-7e:c0:3e:76:c0:19',184,94,186,1,NULL,NULL,'2010-10-09','2013-08-07',NULL,NULL,'1254.00',0,0,1,0,12,1,NULL,NULL,NULL,NULL,NULL,'--- !ruby/hash:ActiveSupport::HashWithIndifferentAccess\nanschaffungskategorie: AV-Technik\nreference: invoice\numzug: zgeln\nankunftszustand: intakt\n','2013-08-07 21:18:38','2013-08-07 21:18:38',NULL),(198,'2gfhb6r10mjceabl1de3145','65:50:80:10:82:a6-ae:6c:12:34:43:72-a8:95:cf:40:29:ca',184,95,187,10,NULL,NULL,'2012-08-05','2013-08-07',NULL,NULL,'1335.00',0,0,1,0,12,1,NULL,NULL,NULL,NULL,NULL,'--- !ruby/hash:ActiveSupport::HashWithIndifferentAccess\nanschaffungskategorie: AV-Technik\nreference: invoice\numzug: zgeln\nankunftszustand: intakt\n','2013-08-07 21:18:38','2013-08-07 21:18:38',NULL),(199,'jb2zcftslbqtsiw02n8l146','91:28:b1:15:92:df-78:d4:bc:9f:e4:40-05:d4:c1:2e:68:20',188,96,188,12,NULL,NULL,'2008-12-21','2013-08-07',NULL,NULL,'1328.00',0,0,1,0,1,1,NULL,NULL,NULL,NULL,NULL,'--- !ruby/hash:ActiveSupport::HashWithIndifferentAccess\nanschaffungskategorie: AV-Technik\nreference: invoice\numzug: zgeln\nankunftszustand: intakt\n','2013-08-07 21:18:38','2013-08-07 21:18:38',NULL),(200,'6ausmcl54er1vgcqau0y147','01:63:60:c0:d5:d5-2b:9c:8a:82:4e:cc-97:19:84:d0:31:70',189,97,189,7,NULL,NULL,'2011-01-08','2013-08-07',NULL,NULL,'400.00',0,0,1,0,1,1,NULL,NULL,NULL,NULL,NULL,'--- !ruby/hash:ActiveSupport::HashWithIndifferentAccess\nanschaffungskategorie: AV-Technik\nreference: invoice\numzug: zgeln\nankunftszustand: intakt\n','2013-08-07 21:18:38','2013-08-07 21:18:38',NULL),(201,'4k08bx1c6xgmf34chp39148','96:b9:64:c0:68:fa-b5:97:c2:24:47:4c-14:86:e4:03:43:03',190,98,190,12,NULL,NULL,'2008-04-27','2013-08-07',NULL,NULL,'1461.00',0,0,1,0,1,1,NULL,NULL,NULL,NULL,NULL,'--- !ruby/hash:ActiveSupport::HashWithIndifferentAccess\nanschaffungskategorie: AV-Technik\nreference: invoice\numzug: zgeln\nankunftszustand: intakt\n','2013-08-07 21:18:38','2013-08-07 21:18:38',NULL),(202,'uu9wnf1hojc98txkafg0149','f2:26:10:45:af:d7-92:05:68:77:f4:9d-bb:9c:f0:65:f9:26',191,99,191,12,NULL,NULL,'2010-06-24','2013-08-07',NULL,NULL,'778.00',0,0,1,0,1,1,NULL,NULL,NULL,NULL,NULL,'--- !ruby/hash:ActiveSupport::HashWithIndifferentAccess\nanschaffungskategorie: AV-Technik\nreference: invoice\numzug: zgeln\nankunftszustand: intakt\n','2013-08-07 21:18:38','2013-08-07 21:18:38',NULL),(203,'swv0orugrlxzwbko1d1k150','0a:56:e7:25:69:df-97:90:8b:92:1b:74-a6:d5:11:d7:89:8f',192,100,192,1,NULL,NULL,'2009-05-10','2013-08-07',NULL,NULL,'881.00',0,0,1,0,1,1,NULL,NULL,NULL,NULL,NULL,'--- !ruby/hash:ActiveSupport::HashWithIndifferentAccess\nanschaffungskategorie: AV-Technik\nreference: invoice\numzug: zgeln\nankunftszustand: intakt\n','2013-08-07 21:18:38','2013-08-07 21:18:38',NULL),(204,'tsizvk7wymvtsmr142ld151','c3:7a:e3:c2:2d:d0-44:5d:0b:4c:a9:c8-11:74:c0:e0:f6:91',193,101,193,10,NULL,NULL,'2009-08-08','2013-08-07',NULL,NULL,'347.00',0,0,1,0,1,1,NULL,NULL,NULL,NULL,NULL,'--- !ruby/hash:ActiveSupport::HashWithIndifferentAccess\nanschaffungskategorie: AV-Technik\nreference: invoice\numzug: zgeln\nankunftszustand: intakt\n','2013-08-07 21:18:38','2013-08-07 21:18:38',NULL),(205,'ekznxfy17kdebmk06rnc152','9e:8c:d2:ba:b6:c2-58:10:4f:7a:fe:9f-c4:09:d3:48:e2:b8',194,102,194,10,NULL,NULL,'2012-02-21','2013-08-07',NULL,NULL,'613.00',0,0,1,0,1,1,NULL,NULL,NULL,NULL,NULL,'--- !ruby/hash:ActiveSupport::HashWithIndifferentAccess\nanschaffungskategorie: AV-Technik\nreference: invoice\numzug: zgeln\nankunftszustand: intakt\n','2013-08-07 21:18:38','2013-08-07 21:18:38',NULL),(206,'emengz0qnr7vg1seqejv153','4e:58:1b:d2:95:74-e0:44:f1:7f:85:16-c8:bf:da:5f:cd:49',195,103,195,5,NULL,NULL,'2011-10-13','2013-08-07',NULL,NULL,'265.00',0,0,1,0,1,1,NULL,NULL,NULL,NULL,NULL,'--- !ruby/hash:ActiveSupport::HashWithIndifferentAccess\nanschaffungskategorie: AV-Technik\nreference: invoice\numzug: zgeln\nankunftszustand: intakt\n','2013-08-07 21:18:38','2013-08-07 21:18:38',NULL),(207,'wjyarcba6bz05enlllg5154','d4:34:99:b7:21:77-5a:99:ea:2b:c7:16-95:ef:89:5c:b5:46',196,104,196,8,NULL,NULL,'2011-11-01','2013-08-07',NULL,NULL,'286.00',0,0,1,0,1,1,NULL,NULL,NULL,NULL,NULL,'--- !ruby/hash:ActiveSupport::HashWithIndifferentAccess\nanschaffungskategorie: AV-Technik\nreference: invoice\numzug: zgeln\nankunftszustand: intakt\n','2013-08-07 21:18:38','2013-08-07 21:18:38',NULL),(208,'eah1hcegla2tn4etjh6i155','28:9a:36:b7:a4:dc-89:d8:51:9b:2e:ff-bf:04:89:b9:c3:11',197,105,197,5,NULL,NULL,'2012-01-06','2013-08-07',NULL,NULL,'551.00',0,0,1,0,1,1,NULL,NULL,NULL,NULL,NULL,'--- !ruby/hash:ActiveSupport::HashWithIndifferentAccess\nanschaffungskategorie: AV-Technik\nreference: invoice\numzug: zgeln\nankunftszustand: intakt\n','2013-08-07 21:18:38','2013-08-07 21:18:38',NULL),(209,'uzesh43ec9oh4bsw49vg156','d6:25:75:1d:80:9a-2a:86:eb:69:13:67-97:d1:e4:ae:09:8a',198,106,198,1,NULL,NULL,'2010-04-22','2013-08-07',NULL,NULL,'1354.00',0,0,1,0,1,1,NULL,NULL,NULL,NULL,NULL,'--- !ruby/hash:ActiveSupport::HashWithIndifferentAccess\nanschaffungskategorie: AV-Technik\nreference: invoice\numzug: zgeln\nankunftszustand: intakt\n','2013-08-07 21:18:38','2013-08-07 21:18:38',NULL),(210,'x40gafxatavt4tto2ycq157','76:8e:f0:40:03:4a-67:f8:14:16:fe:9f-e1:dd:5a:aa:39:64',199,107,199,3,NULL,NULL,'2008-10-13','2013-08-07',NULL,NULL,'582.00',0,0,1,0,1,1,NULL,NULL,NULL,NULL,NULL,'--- !ruby/hash:ActiveSupport::HashWithIndifferentAccess\nanschaffungskategorie: AV-Technik\nreference: invoice\numzug: zgeln\nankunftszustand: intakt\n','2013-08-07 21:18:38','2013-08-07 21:18:38',NULL),(211,'kwituacmu26jcj9r2z35158','29:c5:7c:ae:6b:a2-0e:b7:67:95:d5:e2-23:4d:6f:9c:64:02',200,108,200,4,NULL,NULL,'2010-06-01','2013-08-07',NULL,NULL,'1458.00',0,0,1,0,1,1,NULL,NULL,NULL,NULL,NULL,'--- !ruby/hash:ActiveSupport::HashWithIndifferentAccess\nanschaffungskategorie: AV-Technik\nreference: invoice\numzug: zgeln\nankunftszustand: intakt\n','2013-08-07 21:18:38','2013-08-07 21:18:38',NULL),(212,'jxx9kzwzx25lnxaaepor159','cc:c8:a2:e3:73:c3-eb:00:86:fb:7a:9b-e5:85:d0:e5:f5:c2',201,109,201,3,NULL,NULL,'2010-09-26','2013-08-07',NULL,NULL,'642.00',0,0,1,0,1,1,NULL,NULL,NULL,NULL,NULL,'--- !ruby/hash:ActiveSupport::HashWithIndifferentAccess\nanschaffungskategorie: AV-Technik\nreference: invoice\numzug: zgeln\nankunftszustand: intakt\n','2013-08-07 21:18:38','2013-08-07 21:18:38',NULL),(213,'gmtvextoueljqicqjnm8160','85:24:4a:51:d7:ea-1f:07:14:67:40:93-ff:f2:cf:9b:2c:3c',202,110,202,2,NULL,NULL,'2011-11-08','2013-08-07',NULL,NULL,'1051.00',0,0,1,0,1,1,NULL,NULL,NULL,NULL,NULL,'--- !ruby/hash:ActiveSupport::HashWithIndifferentAccess\nanschaffungskategorie: AV-Technik\nreference: invoice\numzug: zgeln\nankunftszustand: intakt\n','2013-08-07 21:18:38','2013-08-07 21:18:38',NULL),(214,'4hkfs7e8hhahl6fgoqbn161','31:b7:96:3e:ee:04-6d:3a:33:a4:19:d0-4f:f3:aa:54:da:c2',203,111,203,1,NULL,NULL,'2010-12-24','2013-08-07',NULL,NULL,'910.00',0,0,1,0,1,1,NULL,NULL,NULL,NULL,NULL,'--- !ruby/hash:ActiveSupport::HashWithIndifferentAccess\nanschaffungskategorie: AV-Technik\nreference: invoice\numzug: zgeln\nankunftszustand: intakt\n','2013-08-07 21:18:38','2013-08-07 21:18:38',NULL),(215,'6f0sq0m5kye93qgwh6s1162','a0:19:59:20:d1:ff-7f:fc:49:48:9e:cf-19:0f:c9:1a:47:24',204,112,204,6,NULL,NULL,'2010-05-02','2013-08-07',NULL,NULL,'1467.00',0,0,1,0,1,1,NULL,NULL,NULL,NULL,NULL,'--- !ruby/hash:ActiveSupport::HashWithIndifferentAccess\nanschaffungskategorie: AV-Technik\nreference: invoice\numzug: zgeln\nankunftszustand: intakt\n','2013-08-07 21:18:38','2013-08-07 21:18:38',NULL),(216,'2su7ams1aa2l57io1pbq163','5d:7d:2f:39:03:c5-61:28:b7:32:de:52-36:0c:79:26:9d:a5',205,113,205,6,NULL,NULL,'2010-06-12','2013-08-07',NULL,NULL,'551.00',0,0,1,0,1,1,NULL,NULL,NULL,NULL,NULL,'--- !ruby/hash:ActiveSupport::HashWithIndifferentAccess\nanschaffungskategorie: AV-Technik\nreference: invoice\numzug: zgeln\nankunftszustand: intakt\n','2013-08-07 21:18:38','2013-08-07 21:18:38',NULL),(217,'6mofyz8hyad8uoixw0bz164','c1:0b:52:64:9b:a7-8e:9d:be:61:a3:9a-95:ab:2b:c8:d6:bc',206,114,206,5,NULL,NULL,'2012-04-05','2013-08-07',NULL,NULL,'1216.00',0,0,1,0,1,1,NULL,NULL,NULL,NULL,NULL,'--- !ruby/hash:ActiveSupport::HashWithIndifferentAccess\nanschaffungskategorie: AV-Technik\nreference: invoice\numzug: zgeln\nankunftszustand: intakt\n','2013-08-07 21:18:38','2013-08-07 21:18:38',NULL),(218,'q939bw6n6iohzjlo7idf165','98:83:2c:c0:79:59-f8:2a:98:5d:ce:d6-b8:40:a2:7e:0f:e6',207,115,207,10,NULL,NULL,'2011-03-17','2013-08-07',NULL,NULL,'1315.00',0,0,1,0,1,1,NULL,NULL,NULL,NULL,NULL,'--- !ruby/hash:ActiveSupport::HashWithIndifferentAccess\nanschaffungskategorie: AV-Technik\nreference: invoice\numzug: zgeln\nankunftszustand: intakt\n','2013-08-07 21:18:38','2013-08-07 21:18:38',NULL),(219,'qbrbfeij4e2muham4jpw166','4d:7e:09:1c:91:3a-65:b3:3f:7f:63:3b-bc:33:88:f9:fc:3e',208,116,208,3,NULL,NULL,'2011-05-04','2013-08-07',NULL,NULL,'823.00',0,0,1,0,1,1,NULL,NULL,NULL,NULL,NULL,'--- !ruby/hash:ActiveSupport::HashWithIndifferentAccess\nanschaffungskategorie: AV-Technik\nreference: invoice\numzug: zgeln\nankunftszustand: intakt\n','2013-08-07 21:18:38','2013-08-07 21:18:38',NULL),(220,'5jxlo0g8dtohrlccu0ws167','09:e5:53:51:ad:ea-34:3c:0f:6b:3f:d1-89:ac:63:ca:c6:34',209,117,209,7,NULL,NULL,'2011-02-13','2013-08-07',NULL,NULL,'262.00',0,0,1,0,1,1,NULL,NULL,NULL,NULL,NULL,'--- !ruby/hash:ActiveSupport::HashWithIndifferentAccess\nanschaffungskategorie: AV-Technik\nreference: invoice\numzug: zgeln\nankunftszustand: intakt\n','2013-08-07 21:18:38','2013-08-07 21:18:38',NULL),(221,'10qgr4klembi0xx2rerl168','cc:09:e9:ab:a0:f0-89:c4:cd:47:a9:54-a3:98:f3:18:6d:56',210,118,210,7,NULL,NULL,'2011-06-15','2013-08-07',NULL,NULL,'38.00',0,0,1,0,1,1,NULL,NULL,NULL,NULL,NULL,'--- !ruby/hash:ActiveSupport::HashWithIndifferentAccess\nanschaffungskategorie: AV-Technik\nreference: invoice\numzug: zgeln\nankunftszustand: intakt\n','2013-08-07 21:18:38','2013-08-07 21:18:38',NULL),(222,'dh4r28r6avi7f8srxo28169','1f:a3:e6:6d:81:d3-7e:1f:ec:2e:19:4d-12:02:cf:53:0d:8d',211,119,211,7,NULL,NULL,'2012-04-05','2013-08-07',NULL,NULL,'909.00',0,0,1,0,1,1,NULL,NULL,NULL,NULL,NULL,'--- !ruby/hash:ActiveSupport::HashWithIndifferentAccess\nanschaffungskategorie: AV-Technik\nreference: invoice\numzug: zgeln\nankunftszustand: intakt\n','2013-08-07 21:18:38','2013-08-07 21:18:38',NULL),(223,'faor1loco849jlpwjk84170','12:8a:17:02:35:8d-a7:3f:ee:5e:8e:f4-a3:1c:a7:43:57:4c',212,120,212,7,NULL,NULL,'2011-05-05','2013-08-07',NULL,NULL,'817.00',0,0,1,0,1,1,NULL,NULL,NULL,NULL,NULL,'--- !ruby/hash:ActiveSupport::HashWithIndifferentAccess\nanschaffungskategorie: AV-Technik\nreference: invoice\numzug: zgeln\nankunftszustand: intakt\n','2013-08-07 21:18:38','2013-08-07 21:18:38',NULL),(224,'ncw9pg81drp4w8rcdqsx171','80:28:33:93:27:be-66:af:2a:c2:7a:59-42:49:c1:ed:8f:a8',213,121,213,9,NULL,NULL,'2010-07-01','2013-08-07',NULL,NULL,'468.00',0,0,1,0,1,1,NULL,NULL,NULL,NULL,NULL,'--- !ruby/hash:ActiveSupport::HashWithIndifferentAccess\nanschaffungskategorie: AV-Technik\nreference: invoice\numzug: zgeln\nankunftszustand: intakt\n','2013-08-07 21:18:38','2013-08-07 21:18:38',NULL),(225,'ac7r7on4e81ot99oz7vh172','31:ed:38:f2:41:f3-5f:59:d6:3a:e9:e6-5e:f1:f8:24:55:ec',214,122,214,2,NULL,NULL,'2010-07-01','2013-08-07',NULL,NULL,'871.00',0,0,1,0,1,1,NULL,NULL,NULL,NULL,NULL,'--- !ruby/hash:ActiveSupport::HashWithIndifferentAccess\nanschaffungskategorie: AV-Technik\nreference: invoice\numzug: zgeln\nankunftszustand: intakt\n','2013-08-07 21:18:38','2013-08-07 21:18:38',NULL),(226,'ah30876rfph5f20wmtf3173','25:7c:49:00:4a:67-a8:a9:8c:3f:8e:5d-68:07:48:92:fe:8e',215,123,215,2,NULL,NULL,'2010-07-15','2013-08-07',NULL,NULL,'1253.00',0,0,1,0,1,1,NULL,NULL,NULL,NULL,NULL,'--- !ruby/hash:ActiveSupport::HashWithIndifferentAccess\nanschaffungskategorie: AV-Technik\nreference: invoice\numzug: zgeln\nankunftszustand: intakt\n','2013-08-07 21:18:38','2013-08-07 21:18:38',NULL),(227,'5w1a4yh9pnmwpdsnplkj174','ce:bf:d6:19:c7:5c-e3:5b:07:e7:3f:ac-2f:59:e7:03:18:cc',216,124,216,8,NULL,NULL,'2010-07-09','2013-08-07',NULL,NULL,'350.00',0,0,1,0,1,1,NULL,NULL,NULL,NULL,NULL,'--- !ruby/hash:ActiveSupport::HashWithIndifferentAccess\nanschaffungskategorie: AV-Technik\nreference: invoice\numzug: zgeln\nankunftszustand: intakt\n','2013-08-07 21:18:38','2013-08-07 21:18:38',NULL),(228,'951lu1qjtr20vu70ffgw175','8b:f0:55:89:09:80-50:0c:8e:2f:f6:2c-f8:ce:92:b1:dd:18',217,125,217,6,NULL,NULL,'2010-07-28','2013-08-07',NULL,NULL,'691.00',0,0,1,0,1,1,NULL,NULL,NULL,NULL,NULL,'--- !ruby/hash:ActiveSupport::HashWithIndifferentAccess\nanschaffungskategorie: AV-Technik\nreference: invoice\numzug: zgeln\nankunftszustand: intakt\n','2013-08-07 21:18:38','2013-08-07 21:18:38',NULL),(229,'ohmbr1xg9grqzt0i7qi3176','c1:ae:5a:02:25:7f-50:5a:c2:64:75:d3-6c:77:15:0f:6c:60',218,126,218,3,NULL,NULL,'2008-10-03','2013-08-07',NULL,NULL,'776.00',0,0,1,0,1,1,NULL,NULL,NULL,NULL,NULL,'--- !ruby/hash:ActiveSupport::HashWithIndifferentAccess\nanschaffungskategorie: AV-Technik\nreference: invoice\numzug: zgeln\nankunftszustand: intakt\n','2013-08-07 21:18:38','2013-08-07 21:18:38',NULL),(230,'eqgyev45sgevv7nq4uhp177','37:24:33:ec:1b:fc-2b:98:ae:19:15:c2-24:28:ee:14:36:4b',219,127,219,8,NULL,NULL,'2008-06-02','2013-08-07',NULL,NULL,'203.00',0,0,1,0,1,1,NULL,NULL,NULL,NULL,NULL,'--- !ruby/hash:ActiveSupport::HashWithIndifferentAccess\nanschaffungskategorie: AV-Technik\nreference: invoice\numzug: zgeln\nankunftszustand: intakt\n','2013-08-07 21:18:38','2013-08-07 21:18:38',NULL),(231,'l7nh580yt6bhd2h0zvcm178','ac:a4:10:5a:57:a4-d9:ca:3c:2d:78:0f-8d:bd:df:b7:4c:92',220,128,220,7,NULL,NULL,'2012-12-15','2013-08-07',NULL,NULL,'1356.00',0,0,1,0,1,1,NULL,NULL,NULL,NULL,NULL,'--- !ruby/hash:ActiveSupport::HashWithIndifferentAccess\nanschaffungskategorie: AV-Technik\nreference: invoice\numzug: zgeln\nankunftszustand: intakt\n','2013-08-07 21:18:38','2013-08-07 21:18:38',NULL),(232,'97quzx55bubeqpjpj5cp179','f7:f1:a5:6f:1f:ba-08:98:d6:40:02:fb-5e:58:a3:de:10:a3',221,129,221,9,NULL,NULL,'2011-05-01','2013-08-07',NULL,NULL,'495.00',0,0,1,0,1,1,NULL,NULL,NULL,NULL,NULL,'--- !ruby/hash:ActiveSupport::HashWithIndifferentAccess\nanschaffungskategorie: AV-Technik\nreference: invoice\numzug: zgeln\nankunftszustand: intakt\n','2013-08-07 21:18:38','2013-08-07 21:18:38',NULL),(233,'o0znvrs22pf73w1kz43j180','25:a2:ab:e9:c3:27-bb:1d:d5:6a:07:9e-df:7a:20:5d:00:b7',222,130,222,10,NULL,NULL,'2012-05-10','2013-08-07',NULL,NULL,'1102.00',0,0,1,0,1,1,NULL,NULL,NULL,NULL,NULL,'--- !ruby/hash:ActiveSupport::HashWithIndifferentAccess\nanschaffungskategorie: AV-Technik\nreference: invoice\numzug: zgeln\nankunftszustand: intakt\n','2013-08-07 21:18:38','2013-08-07 21:18:38',NULL),(234,'rnb3ieehnf8bolgfok02181','5c:e0:8a:40:27:dc-0b:0c:6b:0f:1c:54-40:ea:85:93:c3:e6',223,131,223,3,NULL,NULL,'2010-12-13','2013-08-07',NULL,NULL,'651.00',0,0,1,0,1,1,NULL,NULL,NULL,NULL,NULL,'--- !ruby/hash:ActiveSupport::HashWithIndifferentAccess\nanschaffungskategorie: AV-Technik\nreference: invoice\numzug: zgeln\nankunftszustand: intakt\n','2013-08-07 21:18:38','2013-08-07 21:18:38',NULL),(235,'vrsol4z6opiy4e35psqg182','8e:d7:54:ae:7f:68-cd:31:84:63:42:a5-38:5c:65:8c:cd:b7',224,132,224,7,NULL,NULL,'2012-08-10','2013-08-07',NULL,NULL,'949.00',0,0,1,0,1,1,NULL,NULL,NULL,NULL,NULL,'--- !ruby/hash:ActiveSupport::HashWithIndifferentAccess\nanschaffungskategorie: AV-Technik\nreference: invoice\numzug: zgeln\nankunftszustand: intakt\n','2013-08-07 21:18:38','2013-08-07 21:18:38',NULL),(236,'yxpu5utkf7y0h1htz5ef183','43:9f:d2:0e:82:cd-a8:8b:e5:87:48:2a-bf:98:2e:9d:49:44',225,133,225,7,NULL,NULL,'2009-02-22','2013-08-05',NULL,NULL,'656.00',0,0,1,0,1,1,NULL,NULL,NULL,NULL,NULL,'--- !ruby/hash:ActiveSupport::HashWithIndifferentAccess\nanschaffungskategorie: AV-Technik\nreference: invoice\numzug: zgeln\nankunftszustand: intakt\n','2013-08-05 21:18:38','2013-08-05 21:18:38',NULL),(237,'gi21oz11m57ijksbvhm2184','be:ed:08:d8:37:ed-8a:70:63:07:26:b1-d0:a9:9a:46:e3:5d',226,134,226,2,NULL,NULL,'2011-04-03','2013-08-05',NULL,NULL,'1306.00',0,0,1,0,1,1,NULL,NULL,NULL,NULL,NULL,'--- !ruby/hash:ActiveSupport::HashWithIndifferentAccess\nanschaffungskategorie: AV-Technik\nreference: invoice\numzug: zgeln\nankunftszustand: intakt\n','2013-08-05 21:18:38','2013-08-05 21:18:38',NULL),(238,'nww61imt499i9qzev9wx185','db:82:b8:e6:7f:6c-4b:f5:36:4e:f3:d4-a5:80:f5:8c:10:a5',227,135,227,7,NULL,NULL,'2008-12-13','2013-08-05',NULL,NULL,'58.00',0,0,1,0,1,1,NULL,NULL,NULL,NULL,NULL,'--- !ruby/hash:ActiveSupport::HashWithIndifferentAccess\nanschaffungskategorie: AV-Technik\nreference: invoice\numzug: zgeln\nankunftszustand: intakt\n','2013-08-05 21:18:38','2013-08-05 21:18:38',NULL),(239,'blbshdcdmbw5y56s3xtr186','dc:d5:d2:51:ef:c4-ba:1c:83:3d:72:0a-1f:91:4e:3c:cd:bf',228,136,228,3,NULL,NULL,'2012-10-20','2013-08-05',NULL,NULL,'741.00',0,0,1,0,1,1,NULL,NULL,NULL,NULL,NULL,'--- !ruby/hash:ActiveSupport::HashWithIndifferentAccess\nanschaffungskategorie: AV-Technik\nreference: invoice\numzug: zgeln\nankunftszustand: intakt\n','2013-08-05 21:18:38','2013-08-05 21:18:38',NULL),(240,'6d8gtaabmia03w1o3pik187','d7:bf:b2:32:1e:8b-39:fe:7f:48:69:26-cb:a8:e7:fb:f3:0d',229,137,229,2,NULL,NULL,'2012-05-26','2013-08-07',NULL,NULL,'420.00',0,0,1,0,1,1,NULL,NULL,NULL,NULL,NULL,'--- !ruby/hash:ActiveSupport::HashWithIndifferentAccess\nanschaffungskategorie: AV-Technik\nreference: invoice\numzug: zgeln\nankunftszustand: intakt\n','2013-08-07 21:18:38','2013-08-07 21:18:38',NULL),(241,'sx8nuhpld5uszjt9ddj6188','9f:fe:6b:3a:c7:a7-ba:d5:7f:0e:18:cb-08:b1:50:9f:3c:0e',230,NULL,NULL,3,NULL,NULL,NULL,NULL,NULL,NULL,NULL,0,0,0,0,1,0,NULL,NULL,NULL,NULL,NULL,'--- !ruby/hash:ActiveSupport::HashWithIndifferentAccess\nlicense_type: single_workplace\nactivation_type: serial_number\noperating_system:\n- windows\n- linux\ninstallation:\n- citrix\n- web\nreference: invoice\nmaintenance_contract: \'false\'\nmaintenance_currency: CHF\n','2013-08-07 21:18:38','2013-08-07 21:18:38',NULL),(242,'i1s19yi1h7y7g0589x91189','c9:3a:c7:85:34:c5-55:44:d1:2b:25:e5-43:43:81:a8:cd:67',231,138,230,7,NULL,NULL,'2011-02-24','2013-08-02',NULL,NULL,'797.00',0,0,1,0,2,1,NULL,NULL,NULL,NULL,NULL,'--- !ruby/hash:ActiveSupport::HashWithIndifferentAccess\nanschaffungskategorie: AV-Technik\nreference: invoice\numzug: zgeln\nankunftszustand: intakt\n','2013-08-02 21:18:38','2013-08-02 21:18:38',NULL),(243,'r6mv9drn9t6l9eh4ndny190','71:d7:28:92:f4:d7-a8:b3:c4:b8:c2:6f-09:b3:39:23:e7:4b',232,139,231,2,NULL,NULL,'2010-01-16','2013-08-07',NULL,NULL,'482.00',0,0,1,0,1,1,NULL,NULL,NULL,NULL,NULL,'--- !ruby/hash:ActiveSupport::HashWithIndifferentAccess\nanschaffungskategorie: AV-Technik\nreference: invoice\numzug: zgeln\nankunftszustand: intakt\n','2013-08-07 21:18:38','2013-08-07 21:18:38',NULL),(244,'bmlcd0idx7kpujpsov6k191','21:6c:a6:1e:e5:d8-2b:21:98:6b:b2:48-b9:12:ab:6f:3c:6f',233,NULL,NULL,5,NULL,NULL,NULL,NULL,NULL,NULL,NULL,0,0,0,0,1,0,NULL,NULL,NULL,NULL,NULL,'--- !ruby/hash:ActiveSupport::HashWithIndifferentAccess\nlicense_type: single_workplace\nactivation_type: serial_number\noperating_system:\n- windows\n- linux\ninstallation:\n- citrix\n- web\nprocured_by: Delegation 1\nreference: invoice\nmaintenance_contract: \'false\'\nmaintenance_currency: CHF\n','2013-08-07 21:18:38','2013-08-07 21:18:38',NULL),(245,'hkoeftg3k5bb9zkdo04z192','c2:f0:28:46:45:88-07:71:13:e9:fc:db-b6:e8:de:db:9d:2b',234,NULL,232,1,NULL,NULL,'2009-05-29','2013-08-07',NULL,NULL,'79.00',0,0,1,0,1,1,NULL,NULL,NULL,NULL,NULL,'--- !ruby/hash:ActiveSupport::HashWithIndifferentAccess\nanschaffungskategorie: AV-Technik\nreference: invoice\numzug: zgeln\nankunftszustand: intakt\n','2013-08-07 21:18:38','2013-08-07 21:18:38',NULL),(246,'mb4dvxezdytqglbcdnxb193','41:00:c1:60:21:95-b9:f5:a2:2d:87:83-87:c6:60:cc:a1:df',235,140,233,1,NULL,NULL,'2009-05-12','2013-08-07',NULL,NULL,'131.00',0,0,1,0,1,1,NULL,NULL,NULL,NULL,NULL,'--- !ruby/hash:ActiveSupport::HashWithIndifferentAccess\nanschaffungskategorie: AV-Technik\nreference: invoice\numzug: zgeln\nankunftszustand: intakt\n','2013-08-07 21:18:38','2013-08-07 21:18:38',NULL),(247,'5cjzrjd0he7ej2yexx4p194','5f:81:06:6b:b4:9f-5f:c1:be:dc:af:56-4f:18:1d:f8:4a:78',236,141,234,9,NULL,NULL,'2012-12-12','2013-08-07',NULL,NULL,'1451.00',0,0,1,0,2,1,NULL,NULL,NULL,NULL,NULL,'--- !ruby/hash:ActiveSupport::HashWithIndifferentAccess\nanschaffungskategorie: AV-Technik\nreference: invoice\numzug: zgeln\nankunftszustand: intakt\n','2013-08-07 21:18:38','2013-08-07 21:18:38',NULL),(248,'fhsdm6opngum9330eh8t195','ea:67:68:8c:8f:b6-6f:d2:3e:57:0b:65-3f:c3:bd:ff:7f:af',237,142,235,8,NULL,NULL,'2010-10-23','2013-08-07',NULL,NULL,'749.00',0,0,1,0,2,1,NULL,NULL,NULL,NULL,NULL,'--- !ruby/hash:ActiveSupport::HashWithIndifferentAccess\nanschaffungskategorie: AV-Technik\nreference: invoice\numzug: zgeln\nankunftszustand: intakt\n','2013-08-07 21:18:38','2013-08-07 21:18:38',NULL),(249,'tc44jf6zpe4ui778vwyj196','9b:8d:7d:1b:a6:d2-99:f0:cd:b5:cd:33-65:df:cc:34:b7:15',238,143,236,2,NULL,NULL,'2011-07-30','2013-08-07',NULL,NULL,'1293.00',0,0,1,0,2,1,NULL,NULL,NULL,NULL,NULL,'--- !ruby/hash:ActiveSupport::HashWithIndifferentAccess\nanschaffungskategorie: AV-Technik\nreference: invoice\numzug: zgeln\nankunftszustand: intakt\n','2013-08-07 21:18:38','2013-08-07 21:18:38',NULL),(250,'5a1l4m72kvyodxy96xxe197','3a:91:b2:f0:c8:a8-29:77:fe:ac:ea:db-2f:c9:1d:4a:0c:32',239,144,237,2,NULL,NULL,'2009-07-06','2013-08-07',NULL,NULL,'250.00',0,0,1,0,1,1,NULL,NULL,NULL,NULL,NULL,'--- !ruby/hash:ActiveSupport::HashWithIndifferentAccess\nanschaffungskategorie: AV-Technik\nreference: invoice\numzug: zgeln\nankunftszustand: intakt\n','2013-08-07 21:18:38','2013-08-07 21:18:38',NULL),(251,'4gjyqlccp89ut525pkst198','e2:85:84:4f:09:ac-36:c2:3e:7b:43:a0-5c:49:54:89:e9:a0',240,145,238,7,NULL,NULL,'2012-03-20','2013-08-07',NULL,NULL,'1220.00',0,0,1,0,1,1,NULL,NULL,NULL,NULL,NULL,'--- !ruby/hash:ActiveSupport::HashWithIndifferentAccess\nanschaffungskategorie: AV-Technik\nreference: invoice\numzug: zgeln\nankunftszustand: intakt\n','2013-08-07 21:18:38','2013-08-07 21:18:38',NULL),(252,'4g1y3wmwza2uentk09cz199','2a:2e:62:00:d2:53-8a:fb:bb:c5:2e:14-62:d1:fc:fd:67:95',241,146,239,9,NULL,NULL,'2009-09-01','2013-08-07',NULL,NULL,'1083.00',0,0,1,0,1,1,NULL,NULL,NULL,NULL,NULL,'--- !ruby/hash:ActiveSupport::HashWithIndifferentAccess\nanschaffungskategorie: AV-Technik\nreference: invoice\numzug: zgeln\nankunftszustand: intakt\n','2013-08-07 21:18:38','2013-08-07 21:18:38',NULL),(253,'pylxpeitig5vv4w096bi200','ff:ef:3b:d6:a6:01-14:88:db:9d:c4:fe-06:c5:e7:05:cf:81',242,147,240,4,NULL,NULL,'2012-04-03','2013-08-07',NULL,NULL,'71.00',0,0,1,0,1,1,NULL,NULL,NULL,NULL,NULL,'--- !ruby/hash:ActiveSupport::HashWithIndifferentAccess\nanschaffungskategorie: AV-Technik\nreference: invoice\numzug: zgeln\nankunftszustand: intakt\n','2013-08-07 21:18:38','2013-08-07 21:18:38',NULL),(254,'y2e8i8iyng2n9awkhxy1201','bd:80:1b:74:f6:c4-ad:91:d8:51:dc:da-af:a4:e4:0a:cc:85',243,148,241,12,NULL,NULL,'2008-12-14','2013-08-07',NULL,NULL,'1335.00',0,0,1,0,1,1,NULL,NULL,NULL,NULL,NULL,'--- !ruby/hash:ActiveSupport::HashWithIndifferentAccess\nanschaffungskategorie: AV-Technik\nreference: invoice\numzug: zgeln\nankunftszustand: intakt\n','2013-08-07 21:18:38','2013-08-07 21:18:38',NULL),(255,'6vpqln3taivfvdek8xqj202','61:3b:63:d2:4e:5a-a4:88:8c:2a:16:3a-17:cf:f4:20:4e:67',244,149,242,7,NULL,NULL,'2009-02-07','2013-08-07',NULL,NULL,'794.00',0,0,1,0,1,1,NULL,NULL,NULL,NULL,NULL,'--- !ruby/hash:ActiveSupport::HashWithIndifferentAccess\nanschaffungskategorie: AV-Technik\nreference: invoice\numzug: zgeln\nankunftszustand: intakt\n','2013-08-07 21:18:38','2013-08-07 21:18:38',NULL),(256,'7pt08ozl4bld3b4ellm6203','2c:3e:ea:41:30:f5-85:ea:69:d7:46:c2-bf:7e:60:05:b0:cf',245,150,243,11,NULL,NULL,'2011-08-27','2013-08-07',NULL,NULL,'1422.00',0,0,1,0,1,1,NULL,NULL,NULL,NULL,NULL,'--- !ruby/hash:ActiveSupport::HashWithIndifferentAccess\nanschaffungskategorie: AV-Technik\nreference: invoice\numzug: zgeln\nankunftszustand: intakt\n','2013-08-07 21:18:38','2013-08-07 21:18:38',NULL),(257,'d6xil2kw9yww3vi8c2ps204','57:39:a4:0d:a2:3b-dd:fe:c5:c6:2d:a2-88:cd:41:7d:68:50',246,151,244,4,NULL,NULL,'2011-12-24','2013-08-07',NULL,NULL,'1376.00',0,0,1,0,1,1,NULL,NULL,NULL,NULL,NULL,'--- !ruby/hash:ActiveSupport::HashWithIndifferentAccess\nanschaffungskategorie: AV-Technik\nreference: invoice\numzug: zgeln\nankunftszustand: intakt\n','2013-08-07 21:18:38','2013-08-07 21:18:38',NULL),(258,'bnpvpv2dp62eluiwv0k7205','81:19:f1:32:f3:c8-c4:04:d5:e3:92:d2-74:f9:e8:a9:fb:97',247,152,245,4,NULL,NULL,'2008-09-20','2013-08-07',NULL,NULL,'558.00',0,0,1,0,1,1,NULL,NULL,NULL,NULL,NULL,'--- !ruby/hash:ActiveSupport::HashWithIndifferentAccess\nanschaffungskategorie: AV-Technik\nreference: invoice\numzug: zgeln\nankunftszustand: intakt\n','2013-08-07 21:18:38','2013-08-07 21:18:38',NULL),(259,'gbnpfqstdimvvexfh0v1206','48:ab:e5:41:4b:45-d0:f5:60:7d:a9:49-ef:06:f7:99:44:a2',248,153,246,10,NULL,NULL,'2008-10-20','2013-08-07',NULL,NULL,'459.00',0,0,1,0,1,1,NULL,NULL,NULL,NULL,NULL,'--- !ruby/hash:ActiveSupport::HashWithIndifferentAccess\nanschaffungskategorie: AV-Technik\nreference: invoice\numzug: zgeln\nankunftszustand: intakt\n','2013-08-07 21:18:38','2013-08-07 21:18:38',NULL),(260,'wwevyx028e4qn47la1iv207','a0:d6:80:7c:07:26-8e:5b:5c:91:d5:ee-fc:21:3c:e5:38:c2',249,154,247,5,NULL,NULL,'2010-11-12','2013-08-07',NULL,NULL,'341.00',0,0,1,0,1,1,NULL,NULL,NULL,NULL,NULL,'--- !ruby/hash:ActiveSupport::HashWithIndifferentAccess\nanschaffungskategorie: AV-Technik\nreference: invoice\numzug: zgeln\nankunftszustand: intakt\n','2013-08-07 21:18:38','2013-08-07 21:18:38',NULL),(261,'jeoh4laihi02cn0225lr208','7f:f4:dc:01:a1:3e-59:ed:94:d8:2c:89-78:7d:af:96:33:8f',250,155,248,5,NULL,NULL,'2010-04-06','2013-08-07',NULL,NULL,'218.00',0,0,1,0,1,1,NULL,NULL,NULL,NULL,NULL,'--- !ruby/hash:ActiveSupport::HashWithIndifferentAccess\nanschaffungskategorie: AV-Technik\nreference: invoice\numzug: zgeln\nankunftszustand: intakt\n','2013-08-07 21:18:38','2013-08-07 21:18:38',NULL),(262,'cmpqihivedgnappv4tgb209','dd:ea:b6:0f:55:62-26:87:00:ad:3c:14-e5:8e:f3:bf:f1:b5',251,156,249,12,NULL,NULL,'2011-03-09','2013-08-07',NULL,NULL,'639.00',0,0,1,0,1,1,NULL,NULL,NULL,NULL,NULL,'--- !ruby/hash:ActiveSupport::HashWithIndifferentAccess\nanschaffungskategorie: AV-Technik\nreference: invoice\numzug: zgeln\nankunftszustand: intakt\n','2013-08-07 21:18:38','2013-08-07 21:18:38',NULL),(263,'wk8p5pw52mi8ys0clt4f210','83:33:88:b3:e9:20-7d:56:f2:59:5d:89-39:bf:5e:7f:49:54',252,157,250,4,NULL,NULL,'2009-01-14','2013-08-07',NULL,NULL,'660.00',0,0,1,0,1,1,NULL,NULL,NULL,NULL,NULL,'--- !ruby/hash:ActiveSupport::HashWithIndifferentAccess\nanschaffungskategorie: AV-Technik\nreference: invoice\numzug: zgeln\nankunftszustand: intakt\n','2013-08-07 21:18:38','2013-08-07 21:18:38',NULL),(264,'0nbe5p9sipm6cs79xwli211','04:dc:d5:47:03:b5-84:1c:16:91:78:02-e7:ca:cc:c4:d5:99',253,158,251,8,NULL,NULL,'2010-07-09','2013-08-07',NULL,NULL,'152.00',0,0,1,0,1,1,NULL,NULL,NULL,NULL,NULL,'--- !ruby/hash:ActiveSupport::HashWithIndifferentAccess\nanschaffungskategorie: AV-Technik\nreference: invoice\numzug: zgeln\nankunftszustand: intakt\n','2013-08-07 21:18:38','2013-08-07 21:18:38',NULL),(265,'4b1bxeexww77itptvhdy212','ed:ec:e6:e2:de:77-6f:75:53:8d:f1:79-da:f8:43:f1:2a:0c',254,159,252,10,NULL,NULL,'2008-07-20','2013-08-07',NULL,NULL,'909.00',0,0,1,0,1,1,NULL,NULL,NULL,NULL,NULL,'--- !ruby/hash:ActiveSupport::HashWithIndifferentAccess\nanschaffungskategorie: AV-Technik\nreference: invoice\numzug: zgeln\nankunftszustand: intakt\n','2013-08-07 21:18:38','2013-08-07 21:18:38',NULL),(266,'j1zmfwe2uh5ytt8jq4j0213','44:8f:c2:8a:e4:50-a6:84:84:a4:8f:56-eb:b4:a8:d7:5b:36',255,160,253,3,NULL,NULL,'2012-01-19','2013-08-02',NULL,NULL,'613.00',0,0,1,0,1,1,NULL,NULL,NULL,NULL,NULL,'--- !ruby/hash:ActiveSupport::HashWithIndifferentAccess\nanschaffungskategorie: AV-Technik\nreference: invoice\numzug: zgeln\nankunftszustand: intakt\n','2013-08-02 21:18:38','2013-08-02 21:18:38',NULL),(267,'ukrufk2k6sfsg0bnivoy214','20:c2:46:0f:b3:d4-a9:ae:ad:ba:44:b5-5e:86:d2:6a:fd:7b',256,161,254,7,NULL,NULL,'2011-04-21','2013-08-02',NULL,NULL,'45.00',0,0,1,0,1,1,NULL,NULL,NULL,NULL,NULL,'--- !ruby/hash:ActiveSupport::HashWithIndifferentAccess\nanschaffungskategorie: AV-Technik\nreference: invoice\numzug: zgeln\nankunftszustand: intakt\n','2013-08-02 21:18:38','2013-08-02 21:18:38',NULL),(268,'eqhdfjabvzgwn7vyws8j215','be:29:3d:e7:d2:e6-28:3d:16:81:75:8f-b6:90:30:39:a5:64',257,162,255,10,NULL,NULL,'2009-02-09','2013-08-02',NULL,NULL,'454.00',0,0,1,0,1,1,NULL,NULL,NULL,NULL,NULL,'--- !ruby/hash:ActiveSupport::HashWithIndifferentAccess\nanschaffungskategorie: AV-Technik\nreference: invoice\numzug: zgeln\nankunftszustand: intakt\n','2013-08-02 21:18:38','2013-08-02 21:18:38',NULL),(269,'qrpspcra8c6vltgfhel0216','38:45:7c:da:8d:8a-d3:87:9f:b2:71:9c-a5:b1:94:b3:ae:67',258,163,256,9,NULL,NULL,'2011-02-08','2013-08-02',NULL,NULL,'528.00',0,0,1,0,1,1,NULL,NULL,NULL,NULL,NULL,'--- !ruby/hash:ActiveSupport::HashWithIndifferentAccess\nanschaffungskategorie: AV-Technik\nreference: invoice\numzug: zgeln\nankunftszustand: intakt\n','2013-08-02 21:18:38','2013-08-02 21:18:38',NULL),(270,'m9pbhxjcfaw2uuqxzeap217','3b:b8:c9:9e:30:28-12:9b:f0:36:6f:b9-2d:11:e8:1e:6e:df',259,164,257,10,NULL,NULL,'2009-03-23','2013-08-02',NULL,NULL,'274.00',0,0,1,0,1,1,NULL,NULL,NULL,NULL,NULL,'--- !ruby/hash:ActiveSupport::HashWithIndifferentAccess\nanschaffungskategorie: AV-Technik\nreference: invoice\numzug: zgeln\nankunftszustand: intakt\n','2013-08-02 21:18:38','2013-08-02 21:18:38',NULL),(271,'0493rc2tbh69bx7ecncc218','fe:87:04:82:f8:ea-e0:2c:58:2a:40:cb-02:df:29:14:9c:79',260,165,258,3,NULL,NULL,'2011-09-21','2013-08-02',NULL,NULL,'425.00',0,0,1,0,1,1,NULL,NULL,NULL,NULL,NULL,'--- !ruby/hash:ActiveSupport::HashWithIndifferentAccess\nanschaffungskategorie: AV-Technik\nreference: invoice\numzug: zgeln\nankunftszustand: intakt\n','2013-08-02 21:18:38','2013-08-02 21:18:38',NULL),(272,'kw6i0mmcxsz4qzk0g8ti219','93:d9:92:66:d7:5d-f2:6f:b0:69:f2:6b-09:c3:eb:e8:f2:9c',261,166,259,6,NULL,NULL,'2009-05-24','2013-08-02',NULL,NULL,'242.00',0,0,1,0,1,1,NULL,NULL,NULL,NULL,NULL,'--- !ruby/hash:ActiveSupport::HashWithIndifferentAccess\nanschaffungskategorie: AV-Technik\nreference: invoice\numzug: zgeln\nankunftszustand: intakt\n','2013-08-02 21:18:38','2013-08-02 21:18:38',NULL),(273,'drsiqe4snxh582427b3z220','1e:fc:78:1d:cf:f7-92:d3:28:57:09:db-01:f2:e2:37:0f:57',262,167,260,10,NULL,NULL,'2012-08-23','2013-08-02',NULL,NULL,'712.00',0,0,1,0,1,1,NULL,NULL,NULL,NULL,NULL,'--- !ruby/hash:ActiveSupport::HashWithIndifferentAccess\nanschaffungskategorie: AV-Technik\nreference: invoice\numzug: zgeln\nankunftszustand: intakt\n','2013-08-02 21:18:38','2013-08-02 21:18:38',NULL),(274,'gc770ddr4cqan4jrbixj221','d5:bf:59:39:d1:b9-ca:0f:a4:79:0c:7f-52:4d:98:bb:45:d0',263,168,261,1,NULL,NULL,'2011-04-12','2013-08-02',NULL,NULL,'201.00',0,0,1,0,1,1,NULL,NULL,NULL,NULL,NULL,'--- !ruby/hash:ActiveSupport::HashWithIndifferentAccess\nanschaffungskategorie: AV-Technik\nreference: invoice\numzug: zgeln\nankunftszustand: intakt\n','2013-08-02 21:18:38','2013-08-02 21:18:38',NULL);
/*!40000 ALTER TABLE `items` ENABLE KEYS */;
UNLOCK TABLES;

--
-- Table structure for table `languages`
--

DROP TABLE IF EXISTS `languages`;
/*!40101 SET @saved_cs_client     = @@character_set_client */;
/*!40101 SET character_set_client = utf8 */;
CREATE TABLE `languages` (
  `id` int(11) NOT NULL AUTO_INCREMENT,
  `name` varchar(255) COLLATE utf8_unicode_ci DEFAULT NULL,
  `locale_name` varchar(255) COLLATE utf8_unicode_ci DEFAULT NULL,
  `default` tinyint(1) DEFAULT NULL,
  `active` tinyint(1) DEFAULT NULL,
  PRIMARY KEY (`id`),
  UNIQUE KEY `index_languages_on_name` (`name`),
  KEY `index_languages_on_active_and_default` (`active`,`default`)
) ENGINE=InnoDB AUTO_INCREMENT=5 DEFAULT CHARSET=utf8 COLLATE=utf8_unicode_ci;
/*!40101 SET character_set_client = @saved_cs_client */;

--
-- Dumping data for table `languages`
--

LOCK TABLES `languages` WRITE;
/*!40000 ALTER TABLE `languages` DISABLE KEYS */;
INSERT INTO `languages` VALUES (1,'English (UK)','en-GB',1,1),(2,'English (US)','en-US',0,1),(3,'Deutsch','de-CH',0,1),(4,'Zrittsch','gsw-CH',0,1);
/*!40000 ALTER TABLE `languages` ENABLE KEYS */;
UNLOCK TABLES;

--
-- Table structure for table `locations`
--

DROP TABLE IF EXISTS `locations`;
/*!40101 SET @saved_cs_client     = @@character_set_client */;
/*!40101 SET character_set_client = utf8 */;
CREATE TABLE `locations` (
  `id` int(11) NOT NULL AUTO_INCREMENT,
  `room` varchar(255) COLLATE utf8_unicode_ci DEFAULT NULL,
  `shelf` varchar(255) COLLATE utf8_unicode_ci DEFAULT NULL,
  `building_id` int(11) DEFAULT NULL,
  PRIMARY KEY (`id`),
  KEY `index_locations_on_building_id` (`building_id`),
  CONSTRAINT `locations_building_id_fk` FOREIGN KEY (`building_id`) REFERENCES `buildings` (`id`)
) ENGINE=InnoDB AUTO_INCREMENT=169 DEFAULT CHARSET=utf8 COLLATE=utf8_unicode_ci;
/*!40101 SET character_set_client = @saved_cs_client */;

--
-- Dumping data for table `locations`
--

LOCK TABLES `locations` WRITE;
/*!40000 ALTER TABLE `locations` DISABLE KEYS */;
INSERT INTO `locations` VALUES (1,'SQ2','Desk',1),(2,'UG 13','Ausgabe',1),(3,'Etaccusamus','noneum',2),(4,'Cumsint','utreprehenderit',3),(5,'Liberonon','doloremcupiditate',4),(6,'Auta','undecorrupti',5),(7,'Nobisut','eiusperspiciatis',6),(8,'Distinctioea','rerumeius',7),(9,'Eosaut','quiconsequatur',8),(10,'Eumconsectetur','aperiamfugit',9),(11,'Delectusnulla','sitquis',10),(12,'Utperferendis','eumdolorem',11),(13,'Voluptatemet','voluptatesaccusamus',12),(14,'Quisunt','quiquia',13),(15,'Similiquerepellendus','cupiditatefugit',14),(16,'Voluptatemvitae','commodinon',15),(17,'Velnam','assumendaoccaecati',16),(18,'Sitculpa','inciduntporro',17),(19,'Quiaipsum','nihildolor',18),(20,'Autnihil','velitquia',19),(21,'Aliquamvel','sedoccaecati',20),(22,'Excepturidolore','enimnostrum',21),(23,'Ametdeserunt','autiusto',22),(24,'Dolorfacilis','dolorumnulla',23),(25,'Itaqueaut','modiaspernatur',24),(26,'Velitconsequatur','aliasearum',25),(27,'Abdelectus','quidemsimilique',26),(28,'Estporro','undecum',27),(29,'Errordignissimos','quiea',28),(30,'Etaperiam','idaut',29),(31,'Placeatab','quodaut',30),(32,'Autemest','illumomnis',31),(33,'Doloremqueest','asperioresaut',32),(34,'Veritatisreprehenderit','etdolorem',33),(35,'Quiaeligendi','etdolorem',34),(36,'Etvel','consequaturdolorem',35),(37,'Dolorsit','suscipitsed',36),(38,'Commodivoluptatem','solutavoluptas',37),(39,'Quiadolores','quilaboriosam',38),(40,'Delectusipsa','repellataspernatur',39),(41,'Velmaxime','earumaliquam',40),(42,'Enimcumque','providentconsequatur',41),(43,'Auteum','idiste',42),(44,'Itaqueet','consequaturab',43),(45,'Perspiciatisducimus','voluptatibusarchitecto',44),(46,'Repudiandaemaxime','nonsit',45),(47,'Molestiasillo','voluptasporro',46),(48,'Quisquia','nostrumconsequatur',47),(49,'Nonquidem','laboriosamnon',48),(50,'Perspiciatisipsam','officiismolestias',49),(51,'Saepeexcepturi','accusamusin',50),(52,'Velitqui','sapienteofficiis',51),(53,'Numquamdeleniti','eaaccusantium',52),(54,'Rerummagnam','voluptasaut',53),(55,'Veniamconsequatur','laboreminima',54),(56,'Illumvel','accusantiumvelit',55),(57,'Sitmolestias','beataeoptio',56),(58,'Utporro','nisiquas',57),(59,'Delenitihic','atqui',58),(60,'Eaunde','ipsumdolorem',59),(61,'Porrorerum','exercitationemquo',60),(62,'Voluptasdoloribus','beataevoluptatibus',61),(63,'Aut','aperiamvoluptate',62),(64,'Aspernaturerror','totamomnis',63),(65,'Etat','quiipsa',64),(66,'Eiusest','fugitquam',65),(67,'Consequaturcupiditate','laborumimpedit',66),(68,'Temporibuscommodi','atdolore',67),(69,'Voluptatemoptio','occaecatidoloremque',68),(70,'Possimusest','doloremquevel',69),(71,'Inventoreporro','facerererum',70),(72,'Voluptatesquae','autexplicabo',71),(73,'Estveniam','aspernatureius',72),(74,'Necessitatibusad','voluptatesut',73),(75,'Cumtemporibus','similiqueminima',74),(76,'Minimapraesentium','dolorequasi',75),(77,'Officiaassumenda','molestiaevoluptatem',76),(78,'Voluptatemaliquam','delenitivel',77),(79,'Enimvero','etrepellendus',78),(80,'Impeditqui','sintquia',79),(81,'Necessitatibusut','optiosed',80),(82,'Quiqui','voluptasat',81),(83,'Voluptatibusmaiores','etvoluptatem',82),(84,'Nobisnumquam','nostrumdolor',83),(85,'Estquos','distinctioesse',84),(86,'Remsoluta','autconsequatur',85),(87,'Impeditexcepturi','inventoreaut',86),(88,'Quiset','delenitidolores',87),(89,'Invero','nobisimpedit',88),(90,'Veleos','hicet',89),(91,'Ipsamdolor','temporibusipsa',90),(92,'Natusvel','seddolorum',91),(93,'Quisaut','nonea',92),(94,'Repellatunde','ipsamolestiae',93),(95,'Hicin','cupiditateminus',94),(96,'Asperioresdistinctio','rerumcum',95),(97,'Ipsaitaque','facerevoluptas',96),(98,'Voluptatemtempore','temporererum',97),(99,'Quiaminus','etfacere',98),(100,'Aliquidlabore','eosvoluptatem',99),(101,'Errorid','voluptatibusperspiciatis',100),(102,'Maioresdignissimos','etodit',101),(103,'Occaecatitenetur','possimusquia',102),(104,'Doloredolorum','quiipsum',103),(105,'Exercitationemquaerat','cumin',104),(106,'Ettempora','aperiamlibero',105),(107,'Etrepellendus','reiciendiseveniet',106),(108,'Utlaudantium','suscipitmagni',107),(109,'Velet','perspiciatissunt',108),(110,'Quodest','eumqui',109),(111,'Eumquae','architectoearum',110),(112,'Accusamussint','vitaeest',111),(113,'Voluptatesexpedita','quiasimilique',112),(114,'Nihilratione','maioresquisquam',113),(115,'Quasiarchitecto','voluptatemaliquid',114),(116,'Quiperferendis','verodolores',115),(117,'Eosdoloribus','molestiaemolestiae',116),(118,'Etdolor','inciduntinventore',117),(119,'Sitsapiente','autet',118),(120,'Quaeratquia','autemdebitis',119),(121,'Quisqui','quasiea',120),(122,'Doloruminventore','quiatque',121),(123,'Istenisi','ata',122),(124,'Nostrumet','suntvoluptatem',123),(125,'Quasisit','temporequi',124),(126,'Doloresperspiciatis','ipsumporro',125),(127,'Perspiciatisqui','etaperiam',126),(128,'Veritatisbeatae','voluptasquaerat',127),(129,'Enimquia','doloribusnon',128),(130,'Quodconsequatur','istererum',129),(131,'Beataeesse','numquamaut',130),(132,'Remvoluptatem','temporased',131),(133,'Doloremvitae','culpaut',132),(134,'Esttemporibus','voluptatemautem',133),(135,'Corruptiquia','delectusillum',134),(136,'Voluptasiste','culpanesciunt',135),(137,'Veniamplaceat','facerevero',136),(138,'Mollitiaearum','autipsam',137),(139,'Laboriosamdelectus','facereamet',138),(140,'Quiab','sitexercitationem',139),(141,'Vitaeaut','voluptatemsed',140),(142,'Voluptasquibusdam','abin',141),(143,'Estut','sedqui',142),(144,'Iustoet','quosqui',143),(145,'Animiaut','sitsapiente',144),(146,'Autdelectus','repellatnulla',145),(147,'Voluptatemsit','autid',146),(148,'Magniet','perspiciatiseaque',147),(149,'Nonpariatur','eiusmaiores',148),(150,'Dolorut','estautem',149),(151,'Estvelit','inciduntquo',150),(152,'Earumqui','assumendaquia',151),(153,'Quiarepellat','suntprovident',152),(154,'Facilisipsum','nesciuntet',153),(155,'Inciduntaut','quiquia',154),(156,'Velitsoluta','voluptasfugiat',155),(157,'Faceresed','officiisdolorum',156),(158,'Quiaitaque','delectusin',157),(159,'Recusandaeest','consequaturipsum',158),(160,'Etneque','officiaet',159),(161,'Voluptaset','autnon',160),(162,'Eosdicta','corporisrerum',161),(163,'Verout','quimollitia',162),(164,'Utid','cumvoluptas',163),(165,'Porrosunt','etdistinctio',164),(166,'Quifacere','impeditet',165),(167,'Aliaseum','adrepudiandae',166),(168,'Nesciuntratione','doloresaspernatur',167);
/*!40000 ALTER TABLE `locations` ENABLE KEYS */;
UNLOCK TABLES;

--
-- Table structure for table `mail_templates`
--

DROP TABLE IF EXISTS `mail_templates`;
/*!40101 SET @saved_cs_client     = @@character_set_client */;
/*!40101 SET character_set_client = utf8 */;
CREATE TABLE `mail_templates` (
  `id` int(11) NOT NULL AUTO_INCREMENT,
  `inventory_pool_id` int(11) DEFAULT NULL,
  `language_id` int(11) DEFAULT NULL,
  `name` varchar(255) COLLATE utf8_unicode_ci DEFAULT NULL,
  `format` varchar(255) COLLATE utf8_unicode_ci DEFAULT NULL,
  `body` text COLLATE utf8_unicode_ci,
  PRIMARY KEY (`id`)
) ENGINE=InnoDB DEFAULT CHARSET=utf8 COLLATE=utf8_unicode_ci;
/*!40101 SET character_set_client = @saved_cs_client */;

--
-- Dumping data for table `mail_templates`
--

LOCK TABLES `mail_templates` WRITE;
/*!40000 ALTER TABLE `mail_templates` DISABLE KEYS */;
/*!40000 ALTER TABLE `mail_templates` ENABLE KEYS */;
UNLOCK TABLES;

--
-- Table structure for table `model_group_links`
--

DROP TABLE IF EXISTS `model_group_links`;
/*!40101 SET @saved_cs_client     = @@character_set_client */;
/*!40101 SET character_set_client = utf8 */;
CREATE TABLE `model_group_links` (
  `id` int(11) NOT NULL AUTO_INCREMENT,
  `ancestor_id` int(11) DEFAULT NULL,
  `descendant_id` int(11) DEFAULT NULL,
  `direct` tinyint(1) DEFAULT NULL,
  `count` int(11) DEFAULT NULL,
  `label` varchar(255) COLLATE utf8_unicode_ci DEFAULT NULL,
  PRIMARY KEY (`id`),
  KEY `index_model_group_links_on_ancestor_id` (`ancestor_id`),
  KEY `index_model_group_links_on_direct` (`direct`),
  KEY `index_on_descendant_id_and_ancestor_id_and_direct` (`descendant_id`,`ancestor_id`,`direct`),
  CONSTRAINT `model_group_links_descendant_id_fk` FOREIGN KEY (`descendant_id`) REFERENCES `model_groups` (`id`) ON DELETE CASCADE,
  CONSTRAINT `model_group_links_ancestor_id_fk` FOREIGN KEY (`ancestor_id`) REFERENCES `model_groups` (`id`) ON DELETE CASCADE
) ENGINE=InnoDB AUTO_INCREMENT=9 DEFAULT CHARSET=utf8 COLLATE=utf8_unicode_ci;
/*!40101 SET character_set_client = @saved_cs_client */;

--
-- Dumping data for table `model_group_links`
--

LOCK TABLES `model_group_links` WRITE;
/*!40000 ALTER TABLE `model_group_links` DISABLE KEYS */;
INSERT INTO `model_group_links` VALUES (1,2,8,1,1,NULL),(2,5,9,1,1,NULL),(3,1,9,1,1,NULL),(4,2,10,1,1,NULL),(5,5,10,1,1,NULL),(6,1,11,0,1,NULL),(7,5,11,0,1,NULL),(8,9,11,1,1,NULL);
/*!40000 ALTER TABLE `model_group_links` ENABLE KEYS */;
UNLOCK TABLES;

--
-- Table structure for table `model_groups`
--

DROP TABLE IF EXISTS `model_groups`;
/*!40101 SET @saved_cs_client     = @@character_set_client */;
/*!40101 SET character_set_client = utf8 */;
CREATE TABLE `model_groups` (
  `id` int(11) NOT NULL AUTO_INCREMENT,
  `type` varchar(255) COLLATE utf8_unicode_ci DEFAULT NULL,
  `name` varchar(255) COLLATE utf8_unicode_ci DEFAULT NULL,
  `created_at` datetime DEFAULT NULL,
  `updated_at` datetime DEFAULT NULL,
  PRIMARY KEY (`id`),
  KEY `index_model_groups_on_type` (`type`)
) ENGINE=InnoDB AUTO_INCREMENT=15 DEFAULT CHARSET=utf8 COLLATE=utf8_unicode_ci;
/*!40101 SET character_set_client = @saved_cs_client */;

--
-- Dumping data for table `model_groups`
--

LOCK TABLES `model_groups` WRITE;
/*!40000 ALTER TABLE `model_groups` DISABLE KEYS */;
INSERT INTO `model_groups` VALUES (1,'Category','Beamer','2013-08-07 21:18:38','2013-08-07 21:18:38'),(2,'Category','Kameras','2013-08-07 21:18:38','2013-08-07 21:18:38'),(3,'Category','Stative','2013-08-07 21:18:38','2013-08-07 21:18:38'),(4,'Category','Hifi-Anlagen','2013-08-07 21:18:38','2013-08-07 21:18:38'),(5,'Category','Notebooks','2013-08-07 21:18:38','2013-08-07 21:18:38'),(6,'Category','RC Helikopter','2013-08-07 21:18:38','2013-08-07 21:18:38'),(7,'Category','Computer','2013-08-07 21:18:38','2013-08-07 21:18:38'),(8,'Category','Kurzdistanz','2013-08-07 21:18:38','2013-08-07 21:18:38'),(9,'Category','Portabel','2013-08-07 21:18:38','2013-08-07 21:18:38'),(10,'Category','Standard','2013-08-07 21:18:38','2013-08-07 21:18:38'),(11,'Category','Micro','2013-08-07 21:18:38','2013-08-07 21:18:38'),(12,'Template','Kamera & Stativ','2013-08-07 21:18:38','2013-08-07 21:18:38'),(13,'Template','Beamer & Hifi','2013-08-07 21:18:38','2013-08-07 21:18:38'),(14,'Template','Unaccomplishable template','2013-08-07 21:18:38','2013-08-07 21:18:38');
/*!40000 ALTER TABLE `model_groups` ENABLE KEYS */;
UNLOCK TABLES;

--
-- Table structure for table `model_links`
--

DROP TABLE IF EXISTS `model_links`;
/*!40101 SET @saved_cs_client     = @@character_set_client */;
/*!40101 SET character_set_client = utf8 */;
CREATE TABLE `model_links` (
  `id` int(11) NOT NULL AUTO_INCREMENT,
  `model_group_id` int(11) DEFAULT NULL,
  `model_id` int(11) DEFAULT NULL,
  `quantity` int(11) DEFAULT '1',
  PRIMARY KEY (`id`),
  KEY `index_model_links_on_model_id_and_model_group_id` (`model_id`,`model_group_id`),
  KEY `index_model_links_on_model_group_id_and_model_id` (`model_group_id`,`model_id`),
  CONSTRAINT `model_links_model_id_fk` FOREIGN KEY (`model_id`) REFERENCES `models` (`id`) ON DELETE CASCADE,
  CONSTRAINT `model_links_model_group_id_fk` FOREIGN KEY (`model_group_id`) REFERENCES `model_groups` (`id`) ON DELETE CASCADE
) ENGINE=InnoDB AUTO_INCREMENT=74 DEFAULT CHARSET=utf8 COLLATE=utf8_unicode_ci;
/*!40101 SET character_set_client = @saved_cs_client */;

--
-- Dumping data for table `model_links`
--

LOCK TABLES `model_links` WRITE;
/*!40000 ALTER TABLE `model_links` DISABLE KEYS */;
INSERT INTO `model_links` VALUES (1,1,24,1),(2,1,25,1),(3,1,26,1),(4,1,27,1),(5,1,28,1),(6,1,29,1),(7,1,30,1),(8,1,31,1),(9,1,32,1),(10,1,33,1),(11,1,34,1),(12,1,35,1),(13,1,36,1),(14,1,37,1),(15,1,38,1),(16,1,39,1),(17,1,40,1),(18,1,41,1),(19,1,42,1),(20,1,43,1),(21,2,44,1),(22,2,45,1),(23,2,46,1),(24,2,47,1),(25,2,48,1),(26,2,49,1),(27,2,50,1),(28,2,51,1),(29,2,52,1),(30,2,53,1),(31,2,54,1),(32,2,55,1),(33,2,56,1),(34,2,57,1),(35,2,58,1),(36,2,59,1),(37,2,60,1),(38,2,61,1),(39,2,62,1),(40,2,63,1),(41,2,64,1),(42,2,65,1),(43,2,66,1),(44,2,67,1),(45,2,68,1),(46,2,69,1),(47,2,70,1),(48,2,71,1),(49,2,72,1),(50,2,73,1),(51,5,1,1),(52,1,2,1),(53,9,2,1),(54,1,3,1),(55,1,4,1),(56,1,6,1),(57,9,6,1),(58,11,7,1),(59,2,8,1),(60,3,9,1),(61,4,10,1),(62,2,13,1),(63,5,14,1),(64,6,15,1),(65,6,16,1),(66,6,17,1),(67,7,18,1),(68,12,8,1),(69,12,9,1),(70,13,2,1),(71,13,10,1),(72,14,8,1),(73,14,9,1);
/*!40000 ALTER TABLE `model_links` ENABLE KEYS */;
UNLOCK TABLES;

--
-- Table structure for table `models`
--

DROP TABLE IF EXISTS `models`;
/*!40101 SET @saved_cs_client     = @@character_set_client */;
/*!40101 SET character_set_client = utf8 */;
CREATE TABLE `models` (
  `id` int(11) NOT NULL AUTO_INCREMENT,
  `type` varchar(255) COLLATE utf8_unicode_ci NOT NULL DEFAULT 'Model',
  `manufacturer` varchar(255) COLLATE utf8_unicode_ci DEFAULT NULL,
  `product` varchar(255) COLLATE utf8_unicode_ci NOT NULL,
  `version` varchar(255) COLLATE utf8_unicode_ci DEFAULT NULL,
  `description` text COLLATE utf8_unicode_ci,
  `internal_description` text COLLATE utf8_unicode_ci,
  `info_url` varchar(255) COLLATE utf8_unicode_ci DEFAULT NULL,
  `rental_price` decimal(8,2) DEFAULT NULL,
  `maintenance_period` int(11) DEFAULT '0',
  `is_package` tinyint(1) DEFAULT '0',
  `technical_detail` text COLLATE utf8_unicode_ci,
  `hand_over_note` text COLLATE utf8_unicode_ci,
  `created_at` datetime DEFAULT NULL,
  `updated_at` datetime DEFAULT NULL,
  PRIMARY KEY (`id`),
  KEY `index_models_on_is_package` (`is_package`),
  KEY `index_models_on_type` (`type`)
) ENGINE=InnoDB AUTO_INCREMENT=264 DEFAULT CHARSET=utf8 COLLATE=utf8_unicode_ci;
/*!40101 SET character_set_client = @saved_cs_client */;

--
-- Dumping data for table `models`
--

LOCK TABLES `models` WRITE;
/*!40000 ALTER TABLE `models` DISABLE KEYS */;
INSERT INTO `models` VALUES (1,'Model','Apple','MacBookPro',NULL,'Laptop fr Studis und Angestellte.','Rerum vel qui quod illo ex error exercitationem.',NULL,NULL,0,0,'In ullam ut sit alias culpa non quis dolorem.','Mit Verpackung aushndigen.','2013-08-07 21:18:38','2013-08-07 21:18:38'),(2,'Model','Sharp','Sharp Beamer','123','Beamer, geeignet fr alle Verwendungszwecke.','Veniam placeat voluptatem similique impedit occaecati reiciendis.',NULL,NULL,0,0,'Illum vero minima qui et rem dolorum dolorem.','Beamer braucht ein VGA Kabel!','2013-08-07 21:18:38','2013-08-07 21:18:38'),(3,'Model','Sharp','Sharp Beamer 2D',NULL,'Beamer, geeignet fr alle Verwendungszwecke.','Aut ut quia maxime consequatur in maiores.',NULL,NULL,0,0,'Architecto optio iste ut dolor praesentium.','Sapiente dolores ut sunt aut sint quae quidem.','2013-08-07 21:18:38','2013-08-07 21:18:38'),(4,'Model','Panasonic','Mini Beamer',NULL,'Beamer, geeignet fr alle Verwendungszwecke.','Architecto non inventore placeat expedita nulla.',NULL,NULL,0,0,'Et error quas quam iusto consequatur voluptatem nesciunt non.','Aut occaecati aut officia.','2013-08-07 21:18:38','2013-08-07 21:18:38'),(5,'Model','Panasonic','Sharp Beamer','456','Beamer, geeignet fr alle Verwendungszwecke.','Nemo nulla minus quisquam.',NULL,NULL,0,0,'Iusto facilis quaerat ullam aspernatur laboriosam.','Beamer braucht ein VGA Kabel!','2013-08-07 21:18:38','2013-08-07 21:18:38'),(6,'Model','Sony','Ultra Compact Beamer',NULL,'Besonders kleiner Beamer.','Cupiditate velit est voluptate consequatur culpa eveniet.',NULL,NULL,0,0,'Ipsum quo et enim placeat mollitia aut.','Beamer braucht ein VGA Kabel!','2013-08-07 21:18:38','2013-08-07 21:18:38'),(7,'Model','Micro','Micro Beamer',NULL,'Besonders mikro kleiner Beamer.','Quas provident dolor qui beatae facilis sit cupiditate.',NULL,NULL,0,0,'Omnis sit sed et.','Beamer braucht ein VGA Kabel!','2013-08-07 21:18:38','2013-08-07 21:18:38'),(8,'Model','Nikon','Kamera Nikon','X12','Super Kamera.','Iusto qui est deserunt fugiat.',NULL,NULL,0,0,'Veniam iure quas omnis quos officia possimus.','Kamera braucht Akkus!','2013-08-07 21:18:38','2013-08-07 21:18:38'),(9,'Model','Feli','Kamera Stativ','123','Stabiles Kamera Stativ','Ut totam sed aut ea eaque molestiae quidem.',NULL,NULL,0,0,'Est eaque nostrum enim.','Stativ muss mit Stativtasche ausgehndigt werden.','2013-08-07 21:18:38','2013-08-07 21:18:38'),(10,'Model','Sony','Hifi Standard',NULL,'Consequatur et placeat provident repudiandae et aliquam reprehenderit.','Dolore alias ipsa necessitatibus.',NULL,NULL,0,0,'Quaerat incidunt dignissimos sit quisquam eius quia eaque doloribus.','Eos consequatur eveniet commodi hic consectetur.','2013-08-07 21:18:38','2013-08-07 21:18:38'),(11,'Model','Bose','Bose AE2W',NULL,'Cumque rerum ex et unde. Aut labore corrupti. Suscipit minus aliquid. Sapiente dolor omnis voluptatum est officiis mollitia qui. Laboriosam rerum voluptatem laudantium eveniet molestiae.','Sed ex iusto rem.',NULL,NULL,0,0,'Illum est excepturi accusamus alias veritatis tempora facilis fugit.','Repudiandae provident facilis sit voluptatibus similique in tenetur et.','2013-08-07 21:18:38','2013-08-07 21:18:38'),(12,'Model','Bose','Bose XG4',NULL,'In quo id voluptatibus omnis. Quis labore est. Sequi molestiae ut qui voluptatem omnis praesentium.','Deserunt quia necessitatibus omnis ab cum.',NULL,NULL,3,0,'Ad corporis accusamus id praesentium.','Nesciunt hic et dolores illo vero repellendus dolorem ut.','2013-08-07 21:18:38','2013-08-07 21:18:38'),(13,'Model','Canon','Kamera Canon D5',NULL,'Ganz teure Kamera','Non dolorem voluptas blanditiis aut quis et.',NULL,NULL,0,0,'Et aut neque dignissimos voluptas odio necessitatibus nemo.','Kamera braucht Akkus!','2013-08-07 21:18:38','2013-08-07 21:18:38'),(14,'Model','Microsoft','Windows Laptop',NULL,'Ein Laptop der Marke Microsoft','Unde autem ad ut expedita quos molestiae veniam quisquam.',NULL,NULL,0,0,'Quia consequatur veritatis et ea.','Laptop mit Tasche ausgeben','2013-08-07 21:18:38','2013-08-07 21:18:38'),(15,'Model','Walkera','Walkera v120','1G','3D Helikopter','Ducimus sit minima ex et consequuntur.',NULL,NULL,0,0,'Excepturi iste quis nisi alias voluptatem eum eius aliquid.','Qui rerum consequatur accusamus voluptas ut.','2013-08-07 21:18:38','2013-08-07 21:18:38'),(16,'Model','Walkera','Walkera v120','2G','3D Helikopter','Corrupti ut sed est quo in quisquam.',NULL,NULL,0,0,'Cupiditate eos nesciunt totam aut occaecati esse repellat.','Sint eos impedit doloremque molestias vitae itaque repudiandae ratione.','2013-08-07 21:18:38','2013-08-07 21:18:38'),(17,'Model','Walkera','Walkera v120','3G','3D Helikopter','Qui quod repudiandae consequatur corporis doloremque quibusdam pariatur.',NULL,NULL,0,0,'Quia ipsam voluptatem tenetur aut.','Cumque commodi harum odit cum modi.','2013-08-07 21:18:38','2013-08-07 21:18:38'),(18,'Model','Apple','iMac',NULL,'Apples alter iMac','Excepturi sit nam vel consequatur voluptatem.',NULL,NULL,0,0,'Aliquid harum sunt voluptatum dicta alias quibusdam.','Optio tenetur aliquam dolorem.','2013-08-07 21:18:38','2013-08-07 21:18:38'),(19,'Model','Apple','MacBook Air',NULL,'Ipsa sunt perferendis sint aliquid odio.','Ea et eius vel.',NULL,NULL,0,0,'Labore et officiis aspernatur.','Dolore excepturi aliquid accusantium fugit ad et et.','2013-08-07 21:18:38','2013-08-07 21:18:38'),(20,'Model','Lenovo','Thinkpad','X230','Eligendi sed amet est.','Enim quo maiores quas quaerat est dolore rerum cumque.',NULL,NULL,0,0,'Consequatur architecto accusantium perspiciatis iure.','Rerum non et nesciunt laboriosam architecto fuga at voluptas.','2013-08-07 21:18:38','2013-08-07 21:18:38'),(21,'Model','Lenovo','Thinkpad','X301','Dolorem alias sint velit.','Eius soluta vero libero vitae temporibus ut.',NULL,NULL,0,0,'Molestiae minus dolor ut facilis molestiae similique et.','Dolore non libero mollitia qui laborum.','2013-08-07 21:18:38','2013-08-07 21:18:38'),(22,'Model','Lenovo','Thinkpad','Carbon','Magnam alias temporibus sed voluptas sed.','Minus eum illum et atque.',NULL,NULL,0,0,'Sint repellendus consequatur sint sed voluptatem voluptas officia.','Dolorem ipsam nesciunt est sit qui similique.','2013-08-07 21:18:38','2013-08-07 21:18:38'),(23,'Model','Dell','Inspiron','7000','Velit id doloribus sit et eum est.','Atque eveniet reiciendis quibusdam adipisci rerum.',NULL,NULL,0,0,'Sint incidunt voluptate assumenda.','Adipisci velit hic quidem expedita id.','2013-08-07 21:18:38','2013-08-07 21:18:38'),(24,'Model','Sony','Beamer 1 sint','1','Est facere unde dolorum praesentium nihil repellendus nam.','Qui sunt quam adipisci porro ullam rerum.',NULL,NULL,0,0,'Illum deserunt est aliquam voluptas.','Beamer braucht ein VGA Kabel!','2013-08-07 21:18:38','2013-08-07 21:18:38'),(25,'Model','Sony','Beamer 2 qui','2','Totam eius et et delectus.','Quis ut commodi ipsum nulla quasi doloremque dolores dolor.',NULL,NULL,0,0,'Veritatis cumque reiciendis modi enim libero.','Beamer braucht ein VGA Kabel!','2013-08-07 21:18:38','2013-08-07 21:18:38'),(26,'Model','Sony','Beamer 3 cum','3','Officia inventore accusamus enim nemo facilis.','Eius aut quia repellat occaecati unde consequatur rem.',NULL,NULL,0,0,'Repellat nobis autem pariatur et.','Beamer braucht ein VGA Kabel!','2013-08-07 21:18:38','2013-08-07 21:18:38'),(27,'Model','Sony','Beamer 4 et','4','Nisi aspernatur eum et.','Et mollitia inventore in necessitatibus dolorem sed aliquid.',NULL,NULL,0,0,'Qui sint nihil et sit amet quidem expedita.','Beamer braucht ein VGA Kabel!','2013-08-07 21:18:38','2013-08-07 21:18:38'),(28,'Model','Sony','Beamer 5 quia','5','Nulla temporibus est sapiente nobis.','Repudiandae tempore sequi culpa consectetur quo est.',NULL,NULL,0,0,'Eligendi in rerum qui animi quasi deserunt eos nobis.','Beamer braucht ein VGA Kabel!','2013-08-07 21:18:38','2013-08-07 21:18:38'),(29,'Model','Sony','Beamer 6 nisi','6','Ab laborum aspernatur beatae qui.','Maiores sed non quod rerum molestias sit laboriosam non.',NULL,NULL,0,0,'Quas est labore iusto.','Beamer braucht ein VGA Kabel!','2013-08-07 21:18:38','2013-08-07 21:18:38'),(30,'Model','Sony','Beamer 7 quia','7','In omnis tenetur et aspernatur.','Dolores nesciunt ut qui esse.',NULL,NULL,0,0,'Cum maxime et sequi.','Beamer braucht ein VGA Kabel!','2013-08-07 21:18:38','2013-08-07 21:18:38'),(31,'Model','Sony','Beamer 8 aliquam','8','Delectus pariatur sit est quas.','Molestiae laborum tenetur quis et.',NULL,NULL,0,0,'Voluptatem laborum iure quas sunt vel.','Beamer braucht ein VGA Kabel!','2013-08-07 21:18:38','2013-08-07 21:18:38'),(32,'Model','Sony','Beamer 9 non','9','Id ut distinctio sed et.','Assumenda corporis consequatur perspiciatis dignissimos et blanditiis placeat.',NULL,NULL,0,0,'Accusamus voluptate quam quaerat est sed alias ut asperiores.','Beamer braucht ein VGA Kabel!','2013-08-07 21:18:38','2013-08-07 21:18:38'),(33,'Model','Sony','Beamer 10 cupiditate','10','Placeat occaecati in ducimus hic.','Ut hic dolore saepe eius enim similique totam.',NULL,NULL,0,0,'Deleniti aut et soluta velit quo repellat.','Beamer braucht ein VGA Kabel!','2013-08-07 21:18:38','2013-08-07 21:18:38'),(34,'Model','Sony','Beamer 11 qui','11','Aut dolore magni earum debitis facere.','Fuga tempora id sequi dolor animi molestias earum.',NULL,NULL,0,0,'Ut occaecati omnis a maiores exercitationem autem voluptate dolores.','Beamer braucht ein VGA Kabel!','2013-08-07 21:18:38','2013-08-07 21:18:38'),(35,'Model','Sony','Beamer 12 est','12','Vero doloremque eius deleniti facere.','Nostrum dolor id dolorem est eum.',NULL,NULL,0,0,'Ratione sapiente deserunt beatae sunt eligendi ducimus quod in.','Beamer braucht ein VGA Kabel!','2013-08-07 21:18:38','2013-08-07 21:18:38'),(36,'Model','Sony','Beamer 13 harum','13','Distinctio hic ab adipisci ipsa.','Velit asperiores repudiandae facere corporis ullam enim saepe hic.',NULL,NULL,0,0,'Error fugiat dignissimos doloremque enim cumque repellendus.','Beamer braucht ein VGA Kabel!','2013-08-07 21:18:38','2013-08-07 21:18:38'),(37,'Model','Sony','Beamer 14 veniam','14','Distinctio ea pariatur consequatur fugit libero.','Ut voluptate velit error tempora.',NULL,NULL,0,0,'Error id aut similique animi voluptatem tempora ut.','Beamer braucht ein VGA Kabel!','2013-08-07 21:18:38','2013-08-07 21:18:38'),(38,'Model','Sony','Beamer 15 et','15','In provident libero et.','Quia saepe quidem consectetur quam aut dolor nisi eius.',NULL,NULL,0,0,'Minus voluptates natus totam.','Beamer braucht ein VGA Kabel!','2013-08-07 21:18:38','2013-08-07 21:18:38'),(39,'Model','Sony','Beamer 16 tempore','16','Neque id debitis nihil eius.','Quidem voluptatem quas quibusdam natus ut.',NULL,NULL,0,0,'Voluptas fugit vero sed.','Beamer braucht ein VGA Kabel!','2013-08-07 21:18:38','2013-08-07 21:18:38'),(40,'Model','Sony','Beamer 17 qui','17','Enim esse eos natus officiis aut.','Sit quo et voluptas soluta deleniti vitae magnam sit.',NULL,NULL,0,0,'Vitae pariatur harum in a nesciunt iusto.','Beamer braucht ein VGA Kabel!','2013-08-07 21:18:38','2013-08-07 21:18:38'),(41,'Model','Sony','Beamer 18 eos','18','Dolores exercitationem suscipit qui nobis quia repudiandae aut.','Rem et odio quisquam.',NULL,NULL,0,0,'Dolorum voluptatum voluptate at ut iure.','Beamer braucht ein VGA Kabel!','2013-08-07 21:18:38','2013-08-07 21:18:38'),(42,'Model','Sony','Beamer 19 odio','19','Quos animi odio ducimus non in.','Sunt reiciendis non numquam dolorem accusamus.',NULL,NULL,0,0,'Ut consectetur aut id sed molestiae quasi.','Beamer braucht ein VGA Kabel!','2013-08-07 21:18:38','2013-08-07 21:18:38'),(43,'Model','Sony','Beamer 20 harum','20','Ut vero facilis rerum.','Ducimus sit numquam a laudantium asperiores saepe veniam.',NULL,NULL,0,0,'Sint voluptatem voluptate tenetur repudiandae eius ut eos.','Beamer braucht ein VGA Kabel!','2013-08-07 21:18:38','2013-08-07 21:18:38'),(44,'Model','Nikon','Kameras 1 fugit','21','Id voluptatem sit modi.','Voluptatem ipsum veniam atque.',NULL,NULL,0,0,'Nihil eveniet ut consequatur ut quia porro.',NULL,'2013-08-07 21:18:38','2013-08-07 21:18:38'),(45,'Model','Nikon','Kameras 2 dolorem','22','Itaque facilis cum provident veniam quae.','Quia deserunt possimus blanditiis aliquid veniam impedit.',NULL,NULL,0,0,'Assumenda ratione maxime provident consectetur ad.',NULL,'2013-08-07 21:18:38','2013-08-07 21:18:38'),(46,'Model','Nikon','Kameras 3 quas','23','Minus ea numquam molestias itaque nulla eos qui.','Eaque sint non quam dolorem.',NULL,NULL,0,0,'Molestias quaerat iusto enim.',NULL,'2013-08-07 21:18:38','2013-08-07 21:18:38'),(47,'Model','Nikon','Kameras 4 et','24','Ipsam et officia et voluptas ad.','Dolorum cupiditate porro ipsam dolorem saepe.',NULL,NULL,0,0,'Vel voluptas odio ut qui impedit quasi.',NULL,'2013-08-07 21:18:38','2013-08-07 21:18:38'),(48,'Model','Nikon','Kameras 5 quia','25','Quia rem quisquam iusto at ut enim omnis.','Consectetur est distinctio placeat qui aut cumque repellat facere.',NULL,NULL,0,0,'At molestiae dolores expedita quia doloribus.',NULL,'2013-08-07 21:18:38','2013-08-07 21:18:38'),(49,'Model','Nikon','Kameras 6 temporibus','26','Autem ratione delectus iure laudantium.','Reiciendis eos laborum ea molestias velit corporis.',NULL,NULL,0,0,'Quisquam et veritatis provident enim et nam rem ex.',NULL,'2013-08-07 21:18:38','2013-08-07 21:18:38'),(50,'Model','Nikon','Kameras 7 accusantium','27','Non doloribus quia qui mollitia asperiores occaecati omnis eaque.','Vel pariatur ipsam quidem aperiam voluptatem perferendis voluptates.',NULL,NULL,0,0,'Aliquam sit in laborum quia mollitia.',NULL,'2013-08-07 21:18:38','2013-08-07 21:18:38'),(51,'Model','Nikon','Kameras 8 dicta','28','Ipsum expedita odio natus neque laboriosam.','Ipsum quia repellendus reprehenderit expedita.',NULL,NULL,0,0,'Non sint saepe nostrum et quia et praesentium aut.',NULL,'2013-08-07 21:18:38','2013-08-07 21:18:38'),(52,'Model','Nikon','Kameras 9 ipsum','29','Necessitatibus dolorem at et illo ea cum accusantium qui.','Quia ut repellat omnis quo harum et.',NULL,NULL,0,0,'Ratione at aut facere voluptatem minima dolores.',NULL,'2013-08-07 21:18:38','2013-08-07 21:18:38'),(53,'Model','Nikon','Kameras 10 nihil','30','Aut facere architecto autem.','Expedita sed et sed veniam labore et sed.',NULL,NULL,0,0,'Quia facilis qui aut reprehenderit nihil eius.',NULL,'2013-08-07 21:18:38','2013-08-07 21:18:38'),(54,'Model','Nikon','Kameras 11 aut','31','Et quidem aliquid alias ut tenetur blanditiis.','Cumque enim ea aliquid voluptatem aut.',NULL,NULL,0,0,'Omnis laudantium harum voluptatum sed vel magnam.',NULL,'2013-08-07 21:18:38','2013-08-07 21:18:38'),(55,'Model','Nikon','Kameras 12 tempora','32','Nostrum repellendus odio excepturi.','At est dolorem cumque assumenda similique fuga.',NULL,NULL,0,0,'Blanditiis iste illo non.',NULL,'2013-08-07 21:18:38','2013-08-07 21:18:38'),(56,'Model','Nikon','Kameras 13 qui','33','Est ducimus sed voluptatem doloribus eveniet hic.','Et nihil minima doloribus natus non molestiae quidem ex.',NULL,NULL,0,0,'In officia quia dolores quos.',NULL,'2013-08-07 21:18:38','2013-08-07 21:18:38'),(57,'Model','Nikon','Kameras 14 est','34','Sit dolor vel facilis voluptate laudantium eligendi ut.','In totam minima voluptatum autem fugit.',NULL,NULL,0,0,'Aut eaque rem dolores est.',NULL,'2013-08-07 21:18:38','2013-08-07 21:18:38'),(58,'Model','Nikon','Kameras 15 eius','35','Nihil qui velit excepturi facere rerum sit.','Sit explicabo consequuntur eveniet voluptatem quia.',NULL,NULL,0,0,'Rerum sed nihil et ex officiis eum nobis.',NULL,'2013-08-07 21:18:38','2013-08-07 21:18:38'),(59,'Model','Nikon','Kameras 16 sunt','36','Est nostrum cupiditate doloremque sed sunt nesciunt.','Accusamus assumenda qui eos consequatur.',NULL,NULL,0,0,'Nihil fugiat vel labore praesentium modi et et.',NULL,'2013-08-07 21:18:38','2013-08-07 21:18:38'),(60,'Model','Nikon','Kameras 17 voluptatem','37','Atque eius quisquam et quia ea.','Voluptates ut consequatur est possimus et qui sed.',NULL,NULL,0,0,'Quisquam consequatur quaerat possimus soluta qui.',NULL,'2013-08-07 21:18:38','2013-08-07 21:18:38'),(61,'Model','Nikon','Kameras 18 hic','38','Voluptatem rerum velit magni architecto hic saepe et est.','Et eos nulla soluta.',NULL,NULL,0,0,'Iure deleniti eveniet qui.',NULL,'2013-08-07 21:18:38','2013-08-07 21:18:38'),(62,'Model','Nikon','Kameras 19 qui','39','Neque quo voluptatem enim vel.','Provident voluptatem ea nam debitis sed quia id.',NULL,NULL,0,0,'Porro id maiores aspernatur nam unde quas numquam.',NULL,'2013-08-07 21:18:38','2013-08-07 21:18:38'),(63,'Model','Nikon','Kameras 20 corrupti','40','Exercitationem perspiciatis excepturi doloribus natus rem quia voluptatem officiis.','Voluptatem ut ut doloribus.',NULL,NULL,0,0,'Animi molestiae cumque sed sunt quaerat.',NULL,'2013-08-07 21:18:38','2013-08-07 21:18:38'),(64,'Model','Nikon','Kameras 21 quo','41','Dolor nihil nihil delectus eum velit quia quaerat quis.','Expedita aliquid autem nam ut.',NULL,NULL,0,0,'Aliquid dolorum quis voluptatem.',NULL,'2013-08-07 21:18:38','2013-08-07 21:18:38'),(65,'Model','Nikon','Kameras 22 ratione','42','Blanditiis veritatis est necessitatibus provident odit.','Magnam impedit porro aliquam et iusto facere.',NULL,NULL,0,0,'Eum nostrum neque deserunt optio corporis eos.',NULL,'2013-08-07 21:18:38','2013-08-07 21:18:38'),(66,'Model','Nikon','Kameras 23 ut','43','Rerum reprehenderit aut aliquid repellat consequatur ullam atque.','Voluptates dolorum voluptatem et dolor quia qui.',NULL,NULL,0,0,'Iste delectus est impedit.',NULL,'2013-08-07 21:18:38','2013-08-07 21:18:38'),(67,'Model','Nikon','Kameras 24 exercitationem','44','Commodi possimus tenetur labore non.','Ut id sunt laudantium velit aliquid asperiores odio doloribus.',NULL,NULL,0,0,'Enim nesciunt accusamus magni ipsam qui ut excepturi libero.',NULL,'2013-08-07 21:18:38','2013-08-07 21:18:38'),(68,'Model','Nikon','Kameras 25 fugiat','45','Et sapiente magnam aut itaque sed.','Assumenda et facere qui est ex sapiente eos.',NULL,NULL,0,0,'At sed soluta et quas quaerat.',NULL,'2013-08-07 21:18:38','2013-08-07 21:18:38'),(69,'Model','Nikon','Kameras 26 qui','46','Molestiae labore nisi porro deleniti possimus.','Reprehenderit ab tenetur unde est eius alias.',NULL,NULL,0,0,'Id aspernatur pariatur dolorum.',NULL,'2013-08-07 21:18:38','2013-08-07 21:18:38'),(70,'Model','Nikon','Kameras 27 delectus','47','Mollitia repellendus voluptatem delectus odio.','Illo quibusdam deleniti aliquid.',NULL,NULL,0,0,'Ipsa fuga deserunt sapiente.',NULL,'2013-08-07 21:18:38','2013-08-07 21:18:38'),(71,'Model','Nikon','Kameras 28 maxime','48','Enim consectetur consequatur hic.','Odio tenetur illum enim ex expedita aut.',NULL,NULL,0,0,'Sit similique consectetur temporibus necessitatibus.',NULL,'2013-08-07 21:18:38','2013-08-07 21:18:38'),(72,'Model','Nikon','Kameras 29 cupiditate','49','Aspernatur voluptatem voluptatum perspiciatis autem sit unde officiis.','Aspernatur asperiores nulla ex eos.',NULL,NULL,0,0,'Repudiandae accusantium quia ratione eaque.',NULL,'2013-08-07 21:18:38','2013-08-07 21:18:38'),(73,'Model','Nikon','Kameras 30 nisi','50','Voluptas at neque qui.','Aut libero et enim in itaque.',NULL,NULL,0,0,'Maiores dolores blanditiis rerum deleniti non.',NULL,'2013-08-07 21:18:38','2013-08-07 21:18:38'),(74,'Software','Lowe Inc','Adobe Acrobat','51',NULL,NULL,NULL,NULL,0,0,'test http://test.ch\\r\nwww.foo.ch\\r\njust a text',NULL,'2013-08-07 21:18:38','2013-08-07 21:18:38'),(75,'Software','Grant LLC','MS Word','52',NULL,NULL,NULL,NULL,0,0,'test http://test.ch\\r\nwww.foo.ch\\r\njust a text',NULL,'2013-08-07 21:18:38','2013-08-07 21:18:38'),(76,'Software','Marks Group','Intelligent Granite Pants','53',NULL,NULL,NULL,NULL,0,0,NULL,NULL,'2013-08-07 21:18:38','2013-08-07 21:18:38'),(77,'Software','Yost-Bruen','Fantastic Rubber Table','54',NULL,NULL,NULL,NULL,0,0,NULL,NULL,'2013-08-07 21:18:38','2013-08-07 21:18:38'),(78,'Software','Towne Inc','Awesome Steel Hat','55',NULL,NULL,NULL,NULL,0,0,NULL,NULL,'2013-08-07 21:18:38','2013-08-07 21:18:38'),(79,'Software','Paucek, Lynch and Quigley','Ergonomic Wooden Table','56',NULL,NULL,NULL,NULL,0,0,NULL,NULL,'2013-08-07 21:18:38','2013-08-07 21:18:38'),(80,'Software','Kshlerin-Schimmel','Fantastic Steel Table','57',NULL,NULL,NULL,NULL,0,0,NULL,NULL,'2013-08-07 21:18:38','2013-08-07 21:18:38'),(81,'Software','Rosenbaum and Sons','Ergonomic Steel Hat','58',NULL,NULL,NULL,NULL,0,0,NULL,NULL,'2013-08-07 21:18:38','2013-08-07 21:18:38'),(82,'Software','Schmitt, Mayert and Stark','Sleek Wooden Gloves','59',NULL,NULL,NULL,NULL,0,0,NULL,NULL,'2013-08-07 21:18:38','2013-08-07 21:18:38'),(83,'Software','Stroman-Auer','Fantastic Granite Table','60',NULL,NULL,NULL,NULL,0,0,NULL,NULL,'2013-08-07 21:18:38','2013-08-07 21:18:38'),(84,'Software','Bartell, Torphy and Spencer','Fantastic Wooden Gloves','61',NULL,NULL,NULL,NULL,0,0,NULL,NULL,'2013-08-07 21:18:38','2013-08-07 21:18:38'),(85,'Software','Tromp-Herzog','Rustic Rubber Table','62',NULL,NULL,NULL,NULL,0,0,NULL,NULL,'2013-08-07 21:18:38','2013-08-07 21:18:38'),(86,'Model','Nikolaus-Gerlach','Kamera Set','63','Deleniti quo eos sint doloribus porro.','Quaerat velit est sit sint repudiandae ab aperiam.',NULL,NULL,0,1,'Laboriosam qui velit repellendus tempora.','Ipsum dolores veniam unde recusandae.','2013-08-07 21:18:38','2013-08-07 21:18:38'),(87,'Model','Gerhold-Powlowski','Gorgeous Granite Shirt','64','Quia dicta ducimus aspernatur nostrum ipsa est harum dignissimos.','In repellat quisquam enim dolor maxime quia at qui.',NULL,NULL,2,0,'Quibusdam non saepe dolor.','Et tempora sint dicta eum quidem.','2013-08-07 21:18:38','2013-08-07 21:18:38'),(88,'Model','Rohan, Ryan and Nienow','Awesome Wooden Shoes','65','Quo incidunt sit maiores amet dolorem ad harum asperiores.','Laboriosam officiis consequuntur quaerat ex totam sed.',NULL,NULL,2,0,'Sequi sed occaecati eos eaque numquam.','Suscipit quibusdam quas omnis est illo consequatur.','2013-08-07 21:18:38','2013-08-07 21:18:38'),(89,'Model','Doyle LLC','Awesome Wooden Computer','66','Quia facilis aut vero possimus.','Facere quam sit est.',NULL,NULL,1,0,'Ut vel odio quasi asperiores animi tenetur.','Iure ad tempora dolorum sed cum.','2013-08-07 21:18:38','2013-08-07 21:18:38'),(90,'Model','Collier, Friesen and Schmidt','Intelligent Concrete Chair','67','Debitis veritatis consequuntur tempore et ab necessitatibus expedita voluptatem.','Et ipsa sit eligendi quis corporis dolorem.',NULL,NULL,2,0,'Vero similique nihil assumenda minima culpa.','Est et sint nesciunt et eius temporibus.','2013-08-07 21:18:38','2013-08-07 21:18:38'),(91,'Model','Howe LLC','Fantastic Concrete Table','68','Repudiandae voluptatem non est et qui commodi.','Qui totam magnam necessitatibus molestias.',NULL,NULL,2,0,'Repellendus eos est in rem magnam eligendi.','Voluptas dolore quasi deserunt sint.','2013-08-07 21:18:38','2013-08-07 21:18:38'),(92,'Model','Rath LLC','Practical Cotton Shirt','69','Eaque sed repellendus dolores.','Molestias ut alias fugiat et id soluta eum deleniti.',NULL,NULL,0,0,'Quisquam perspiciatis vel ea esse.','Quis distinctio dolores inventore veritatis omnis omnis nemo.','2013-08-07 21:18:38','2013-08-07 21:18:38'),(93,'Model','DuBuque, Dickinson and Dach','Ergonomic Wooden Pants','70','Ut eligendi blanditiis saepe nihil et quas.','Explicabo fugiat totam nemo sit molestiae sed et.',NULL,NULL,3,0,'Consectetur occaecati eligendi quibusdam quas sit exercitationem qui.','Fugit temporibus vitae iusto quia.','2013-08-07 21:18:38','2013-08-07 21:18:38'),(94,'Model','Adams, Bogisich and Daniel','Sleek Plastic Shoes','71','Ab in vel incidunt est.','Optio et maiores id cum necessitatibus molestiae qui debitis.',NULL,NULL,3,0,'Doloremque dicta aut quia.','Minus est non at delectus.','2013-08-07 21:18:38','2013-08-07 21:18:38'),(95,'Model','Marks-Kertzmann','Practical Wooden Car','72','Aut alias unde consequatur ipsam dolorem aut eveniet quis.','Nisi non ea ea.',NULL,NULL,1,0,'Doloribus tenetur dolores deserunt quisquam non dignissimos accusantium.','Ipsam vitae deleniti hic.','2013-08-07 21:18:38','2013-08-07 21:18:38'),(96,'Model','Brakus and Sons','Ergonomic Plastic Shirt','73','Sit exercitationem numquam alias modi dolores.','Eveniet soluta eligendi dolor reprehenderit voluptates rerum necessitatibus.',NULL,NULL,1,0,'Dolor assumenda dicta aut perspiciatis.','Ab quos voluptatem cupiditate.','2013-08-07 21:18:38','2013-08-07 21:18:38'),(97,'Model','Moen, Cummings and Morissette','Small Wooden Computer','74','Eligendi fuga corporis aut adipisci qui aut repellat id.','Illum aspernatur ut et dolor neque tenetur reprehenderit et.',NULL,NULL,2,0,'Magni totam quisquam nam blanditiis perspiciatis animi omnis.','Corrupti reprehenderit et sed.','2013-08-07 21:18:38','2013-08-07 21:18:38'),(98,'Model','Treutel-Kautzer','Gorgeous Plastic Computer','75','Vero non exercitationem nisi rem asperiores in.','Error atque fugit dolorem.',NULL,NULL,3,0,'Ut in quasi quia dignissimos et dolor atque dolorem.','Aliquam impedit consequatur quae ut et.','2013-08-07 21:18:38','2013-08-07 21:18:38'),(99,'Model','Carroll-Reynolds','Kamera Set2','76','Eos illo provident consequatur et facere et ut fuga.','Architecto dolorem ipsa cumque et rem officiis enim.',NULL,NULL,2,1,'Natus optio sed architecto.','Asperiores dolores nihil cupiditate.','2013-08-07 21:18:38','2013-08-07 21:18:38'),(100,'Model','Farrell LLC','Fantastic Granite Shirt','77','Voluptatem reprehenderit beatae qui expedita sit.','Aut tempore ad maxime voluptatem ab debitis.',NULL,NULL,0,0,'Unde tempore esse magnam labore saepe soluta inventore nihil.','Quas voluptatem nihil sed reprehenderit possimus qui officiis aut.','2013-08-07 21:18:38','2013-08-07 21:18:38'),(101,'Model','Morissette LLC','Small Steel Computer','78','Est ab quibusdam voluptatibus nihil at delectus numquam cumque.','Sed voluptatum maxime et rerum ut.',NULL,NULL,2,0,'Non natus ea distinctio qui omnis sed aut optio.','Animi sit fugiat et inventore eius voluptatum.','2013-08-07 21:18:38','2013-08-07 21:18:38'),(102,'Model','Prohaska, Wunsch and Osinski','Awesome Steel Shoes','79','Sed temporibus tempora ea rem impedit.','Enim iure at eum aut.',NULL,NULL,1,0,'Qui optio quis ab beatae voluptatem distinctio accusantium cum.','Eaque molestias laborum quod iste necessitatibus sunt labore.','2013-08-07 21:18:38','2013-08-07 21:18:38'),(103,'Model','Spencer-Hilpert','Practical Plastic Shoes','80','Possimus incidunt quos dolores optio.','Impedit eum dolores quo.',NULL,NULL,2,0,'Rerum omnis neque et dolore.','Quis quia placeat rerum reprehenderit nemo.','2013-08-07 21:18:38','2013-08-07 21:18:38'),(104,'Model','Kub-Kessler','Rustic Granite Car','81','Ut vitae nisi dolorum impedit aut.','Praesentium unde et dolorum error.',NULL,NULL,1,0,'Earum quos rem omnis.','Expedita laudantium sint soluta.','2013-08-07 21:18:38','2013-08-07 21:18:38'),(105,'Model','Schoen Group','Practical Plastic Pants','82','Dolores atque sapiente porro rem.','Quasi et natus nostrum beatae quam.',NULL,NULL,3,0,'Maiores ut possimus voluptatem reiciendis ullam adipisci animi id.','Commodi autem deleniti atque eum et.','2013-08-07 21:18:38','2013-08-07 21:18:38'),(106,'Model','Littel, Schimmel and Kunde','Sleek Granite Gloves','83','Delectus eos vel assumenda illo reprehenderit.','Optio sequi fugit magni.',NULL,NULL,3,0,'Repudiandae vel aut enim dignissimos est rerum.','Qui non autem est omnis.','2013-08-07 21:18:38','2013-08-07 21:18:38'),(107,'Model','Simonis, Miller and Becker','Sleek Concrete Hat','84','Dolorum autem cupiditate et omnis deleniti debitis odio voluptates.','Necessitatibus atque sunt qui est quia corrupti qui aut.',NULL,NULL,2,0,'Atque quidem illo laborum nisi sit et id aut.','Provident delectus commodi accusamus consequatur sint.','2013-08-07 21:18:38','2013-08-07 21:18:38'),(108,'Model','McLaughlin Inc','Rustic Granite Gloves','85','Explicabo alias pariatur aut.','Accusamus numquam sequi quod illo.',NULL,NULL,3,0,'Suscipit nemo tempora numquam perspiciatis aut.','Quas recusandae totam minus atque in ipsum.','2013-08-07 21:18:38','2013-08-07 21:18:38'),(109,'Model','Grady-Aufderhar','Intelligent Steel Computer','90','Voluptate quam ipsum ut.','Esse nobis molestiae tempore expedita repellendus ipsam.',NULL,NULL,0,0,'Aut explicabo animi fuga nam illo.','Accusantium sit similique voluptas est officiis ut.','2013-08-07 21:18:38','2013-08-07 21:18:38'),(110,'Model','Pfeffer-Hirthe','Practical Granite Hat','91','Esse exercitationem beatae minima eveniet dicta.','Debitis eaque et nihil fugit.',NULL,NULL,1,0,'Velit qui et quae corporis voluptatum.','Sint error repellat fugit.','2013-08-07 21:18:38','2013-08-07 21:18:38'),(111,'Model','Kilback Group','Gorgeous Wooden Car','92','Dolor repudiandae vel aut consequatur rerum.','Ut quia velit pariatur aspernatur dolores quo quas.',NULL,NULL,0,0,'Ut voluptatem est quis enim.','Aspernatur placeat sint ipsam id odio eligendi quae.','2013-08-07 21:18:38','2013-08-07 21:18:38'),(112,'Model','Gerlach, Towne and Gusikowski','Fantastic Concrete Shirt','93','Esse qui quis voluptatem eveniet consequuntur ducimus alias.','Tempore quasi recusandae veniam.',NULL,NULL,0,0,'Repudiandae praesentium temporibus nemo est et quaerat sunt et.','Aut quas qui error et.','2013-08-07 21:18:38','2013-08-07 21:18:38'),(113,'Model','Gutkowski, Swift and Paucek','Ergonomic Cotton Shirt','94','Numquam quia tempora esse facere similique debitis.','Voluptas esse iure saepe quos rerum.',NULL,NULL,3,0,'Quia non est id dignissimos sit.','Architecto nesciunt minima est praesentium provident perferendis.','2013-08-07 21:18:38','2013-08-07 21:18:38'),(114,'Model','Greenfelder-Moen','Practical Wooden Computer','95','Nihil officiis qui quam.','Deleniti aut facere ab sapiente esse nulla.',NULL,NULL,0,0,'Libero error similique minima.','Numquam perspiciatis impedit doloremque.','2013-08-07 21:18:38','2013-08-07 21:18:38'),(115,'Model','Treutel-Zemlak','Practical Concrete Shoes','96','Delectus est harum iure quis.','Doloremque molestias voluptatem sit odio numquam molestiae.',NULL,NULL,1,0,'Ut est quis praesentium asperiores consectetur.','Ut iure ut consectetur sint voluptatum ut adipisci odit.','2013-08-07 21:18:38','2013-08-07 21:18:38'),(116,'Model','Bergnaum LLC','Gorgeous Plastic Shoes','97','Fugiat assumenda sapiente odio dolores harum distinctio.','Qui temporibus dolorem eligendi ut quia numquam.',NULL,NULL,2,0,'Labore voluptas ex sint natus tenetur quia reiciendis eligendi.','Fugit rerum impedit aliquid.','2013-08-07 21:18:38','2013-08-07 21:18:38'),(117,'Model','Wilderman-Senger','Fantastic Rubber Computer','98','Quia a fugit provident aut.','Harum qui omnis aut non labore.',NULL,NULL,3,0,'Aliquam sequi cum voluptatem.','Quia aut enim qui voluptatem quibusdam laudantium laborum autem.','2013-08-07 21:18:38','2013-08-07 21:18:38'),(118,'Model','Smitham-Daugherty','Small Rubber Computer','99','Occaecati possimus eos rerum id enim consectetur.','Debitis consectetur sed quas a.',NULL,NULL,0,0,'Culpa excepturi ab occaecati et voluptatem error.','Quia aspernatur sit officia laudantium sapiente.','2013-08-07 21:18:38','2013-08-07 21:18:38'),(119,'Model','Jenkins, Kemmer and Halvorson','Sleek Cotton Chair','100','Nisi sunt quos tempora magnam iure vel dolorum eveniet.','Quae atque architecto autem saepe ipsa nemo.',NULL,NULL,2,0,'Ut possimus esse reprehenderit.','Perferendis laboriosam est excepturi explicabo.','2013-08-07 21:18:38','2013-08-07 21:18:38'),(120,'Model','Dibbert Group','Fantastic Steel Shoes','101','Aut harum ipsum sit autem voluptas temporibus.','Quas quaerat ducimus laudantium tenetur quasi enim corporis.',NULL,NULL,0,0,'Consequatur voluptatem fugiat voluptatem atque fuga quisquam voluptatem ut.','Tempora provident quam dolores repudiandae.','2013-08-07 21:18:38','2013-08-07 21:18:38'),(121,'Model','Streich-Aufderhar','Rustic Cotton Hat','102','Neque dicta necessitatibus cumque voluptas sequi.','Nemo doloribus molestiae aut aliquid dolor.',NULL,NULL,2,0,'Dolor est illum labore ipsam natus.','Sint ipsa nisi nesciunt accusamus.','2013-08-07 21:18:38','2013-08-07 21:18:38'),(122,'Model','Koss-Wunsch','Ergonomic Granite Shirt','103','Ut consectetur sunt voluptates sed.','Fugit praesentium odit nihil quis rem magni.',NULL,NULL,1,0,'Reiciendis saepe quasi totam a qui recusandae sed iusto.','Qui temporibus enim aut saepe doloremque mollitia.','2013-08-07 21:18:38','2013-08-07 21:18:38'),(123,'Model','Rogahn, Adams and Schamberger','Small Cotton Shirt','104','Velit quis ut quia eius.','Reprehenderit iure qui doloremque est facilis est beatae aspernatur.',NULL,NULL,3,0,'Sit placeat et eveniet enim dolores facilis vel et.','Deleniti eos enim et reprehenderit voluptatem exercitationem provident dolorem.','2013-08-07 21:18:38','2013-08-07 21:18:38'),(124,'Model','Beier, Hermiston and Cruickshank','Gorgeous Concrete Pants','105','Voluptatibus quos aliquam adipisci quae debitis quidem eum.','Aliquid aliquam et perferendis voluptas quasi sunt.',NULL,NULL,1,0,'Unde excepturi ullam harum velit quae.','Provident molestiae itaque quo doloribus quae.','2013-08-07 21:18:38','2013-08-07 21:18:38'),(125,'Model','Sauer, Zieme and Murazik','Awesome Steel Chair','106','Quos harum magnam eum.','Est impedit voluptas sapiente hic dolor quo.',NULL,NULL,1,0,'Natus eius assumenda ullam illo praesentium quia quos.','Sit similique pariatur necessitatibus rem eos eum.','2013-08-07 21:18:38','2013-08-07 21:18:38'),(126,'Model','McCullough, D\'Amore and Stehr','Sleek Rubber Pants','107','Excepturi fuga earum porro.','Illo blanditiis molestiae ipsum earum enim culpa consequatur.',NULL,NULL,2,0,'Neque odio ratione rem ut.','Ut enim harum omnis ipsa.','2013-08-07 21:18:38','2013-08-07 21:18:38'),(127,'Model','Haley LLC','Intelligent Steel Table','108','Occaecati consequatur quisquam aspernatur quis officia sed ducimus molestiae.','Numquam iure qui eligendi ipsam.',NULL,NULL,0,0,'Ab non officiis repellendus libero.','Deleniti voluptatum praesentium quod odio ut.','2013-08-07 21:18:38','2013-08-07 21:18:38'),(128,'Model','O\'Kon Group','Sleek Steel Pants','109','Voluptatum tempora exercitationem blanditiis harum vel.','Magni ab dolore expedita sit ratione saepe.',NULL,NULL,3,0,'Maxime aliquid possimus nobis quia quis atque repellat necessitatibus.','Ut aspernatur qui officia modi sapiente.','2013-08-07 21:18:38','2013-08-07 21:18:38'),(129,'Model','Leffler and Sons','Rustic Granite Pants','110','Inventore id dicta sint.','Cupiditate voluptate ut in cum quam et officia.',NULL,NULL,1,0,'Fugit dolor exercitationem aut qui dignissimos quaerat illum corporis.','Tempore cumque nisi voluptas.','2013-08-07 21:18:38','2013-08-07 21:18:38'),(130,'Model','Bode, Kassulke and Renner','Ergonomic Steel Shoes','111','Facilis autem doloremque facere.','Magnam doloremque eius quos adipisci et.',NULL,NULL,3,0,'Beatae suscipit officiis dignissimos iste quae modi vel.','Tempora quae eveniet magnam sint harum vero est commodi.','2013-08-07 21:18:38','2013-08-07 21:18:38'),(131,'Model','Thiel LLC','Gorgeous Steel Shirt','112','Porro eos aut quos.','Consequuntur dolores totam incidunt rerum inventore.',NULL,NULL,1,0,'Molestias voluptates non dolorem incidunt iure et ratione eaque.','Fugiat quia consequatur non natus quae amet.','2013-08-07 21:18:38','2013-08-07 21:18:38'),(132,'Model','Roberts-Parisian','Gorgeous Cotton Car','113','Rerum quis labore eveniet dolorem reiciendis neque accusantium vitae.','Deleniti laborum quis sit.',NULL,NULL,2,0,'Quas rerum rerum dolores ut eos hic deleniti facere.','Dolor suscipit et deserunt omnis nisi ea eaque.','2013-08-07 21:18:38','2013-08-07 21:18:38'),(133,'Model','Halvorson, Cummerata and Bauch','Awesome Wooden Gloves','114','Amet aut eius est in cupiditate.','Et magni esse velit qui voluptatem.',NULL,NULL,1,0,'Quisquam dignissimos error adipisci velit est.','Occaecati fugiat qui laborum esse mollitia nostrum.','2013-08-07 21:18:38','2013-08-07 21:18:38'),(134,'Model','Turner Inc','Gorgeous Rubber Table','115','Animi mollitia et excepturi et quia hic.','Distinctio qui nihil quia a dolores.',NULL,NULL,3,0,'Quam quae eum commodi optio aspernatur nihil.','Nihil sed ut quo autem quia rerum aut.','2013-08-07 21:18:38','2013-08-07 21:18:38'),(135,'Model','Buckridge, Johnston and Stark','Practical Concrete Hat','116','Quo aut maiores molestiae est vero illum sint necessitatibus.','Suscipit mollitia itaque ipsum aliquam quis.',NULL,NULL,2,0,'Sed libero asperiores non.','Deserunt et tenetur autem similique eius vitae labore.','2013-08-07 21:18:38','2013-08-07 21:18:38'),(136,'Model','Will, Hegmann and Hackett','Incredible Plastic Car','117','Quae blanditiis cum libero quia veritatis enim velit.','Excepturi nesciunt saepe unde nihil.',NULL,NULL,3,0,'Sit facere tempore recusandae voluptates tempora.','Consequatur unde maiores et ut consequatur.','2013-08-07 21:18:38','2013-08-07 21:18:38'),(137,'Model','Heaney Inc','Small Plastic Hat','118','Hic autem consequatur optio veniam.','Est impedit sit incidunt inventore est facilis corrupti.',NULL,NULL,2,0,'Ad ipsum minima praesentium deserunt.','Praesentium fugiat excepturi est architecto numquam voluptatem et.','2013-08-07 21:18:38','2013-08-07 21:18:38'),(138,'Model','Rosenbaum Inc','Small Wooden Chair','119','Dolores commodi suscipit aliquid.','Harum consequatur et sint.',NULL,NULL,2,0,'Neque vel dolorum a et.','Molestiae tenetur sunt id repudiandae.','2013-08-07 21:18:38','2013-08-07 21:18:38'),(139,'Model','Schoen LLC','Intelligent Concrete Pants','120','Provident praesentium ratione dolores velit quia qui rerum expedita.','Et assumenda incidunt in aut libero nam debitis et.',NULL,NULL,2,0,'Eligendi delectus qui ipsum itaque pariatur omnis id.','Qui adipisci enim alias quasi unde.','2013-08-07 21:18:38','2013-08-07 21:18:38'),(140,'Model','Goodwin, Nicolas and Romaguera','Practical Plastic Car','121','Voluptatibus reprehenderit exercitationem animi voluptatem id quo.','Odit magnam at hic.',NULL,NULL,0,0,'Enim ut dicta nihil quia cumque veritatis repellat.','Et voluptas quaerat voluptatem sunt optio.','2013-08-07 21:18:38','2013-08-07 21:18:38'),(141,'Model','Reinger, Carroll and Pfeffer','Intelligent Cotton Shoes','122','Non eveniet placeat magni rem sequi.','Ut tempora voluptatibus delectus exercitationem.',NULL,NULL,1,0,'Sit sint provident aspernatur nulla odio labore velit illo.','Enim iusto sequi nulla veniam et dolore doloribus.','2013-08-07 21:18:38','2013-08-07 21:18:38'),(142,'Model','Moen and Sons','Small Rubber Gloves','123','Placeat sed aliquid molestiae ut recusandae.','Non sed sint dignissimos eveniet labore ut qui.',NULL,NULL,3,0,'Unde molestiae inventore labore.','Similique dolore illo sint in enim.','2013-08-07 21:18:38','2013-08-07 21:18:38'),(143,'Model','Beer-Wintheiser','Sleek Concrete Shirt','124','Distinctio enim adipisci dolorem quia.','Molestiae vel corrupti impedit blanditiis quasi dolore officia quod.',NULL,NULL,2,0,'Mollitia voluptatem odio tempora tenetur ex ab nemo molestias.','Recusandae ducimus ullam reiciendis explicabo beatae officia totam.','2013-08-07 21:18:38','2013-08-07 21:18:38'),(144,'Model','Baumbach-Block','Gorgeous Cotton Table','125','Totam quo illo mollitia accusamus omnis id aut.','Deleniti consectetur sed laborum omnis quaerat facere ut necessitatibus.',NULL,NULL,0,0,'Beatae id sed soluta velit.','Nisi iure distinctio officia corrupti sunt.','2013-08-07 21:18:38','2013-08-07 21:18:38'),(145,'Model','Stokes-Sawayn','Ergonomic Cotton Pants','126','Molestiae soluta et commodi voluptatem.','Iste voluptatibus velit non.',NULL,NULL,2,0,'Assumenda deserunt velit quia.','Sed reprehenderit aspernatur vel qui.','2013-08-07 21:18:38','2013-08-07 21:18:38'),(146,'Model','Cruickshank-Yost','Sleek Wooden Table','127','Perspiciatis aspernatur corrupti iste quod occaecati vitae enim.','Sed aut deserunt minima commodi incidunt nesciunt sapiente.',NULL,NULL,2,0,'Aperiam quia reiciendis voluptatem dicta optio dolore eum.','Pariatur facilis omnis dolores error magnam quae laboriosam.','2013-08-07 21:18:38','2013-08-07 21:18:38'),(147,'Model','Jones-Kris','Ergonomic Wooden Shirt','128','Eos odio reiciendis nobis omnis laboriosam laborum.','Consequatur perferendis ab autem provident facere numquam asperiores quia.',NULL,NULL,2,0,'Animi facere nesciunt ut est deleniti non.','Velit sed explicabo animi nostrum qui.','2013-08-07 21:18:38','2013-08-07 21:18:38'),(148,'Model','Boehm, Effertz and Klein','Sleek Rubber Gloves','129','Quisquam laudantium quasi ut soluta sapiente qui ipsa.','Quibusdam quia aut ad quae consequatur consequatur.',NULL,NULL,0,0,'Sint dolorum tempore ex itaque minus nesciunt saepe.','Omnis non cum omnis sint esse placeat.','2013-08-07 21:18:38','2013-08-07 21:18:38'),(149,'Model','Parisian Group','Intelligent Steel Car','130','Natus aut ut sed voluptatum nulla odio.','Sit maiores reiciendis ut.',NULL,NULL,1,0,'Doloremque ut voluptate impedit et placeat id vero voluptatem.','Ipsam porro molestiae fugit ut.','2013-08-02 21:18:38','2013-08-02 21:18:38'),(150,'Model','Windler, Hoeger and Kshlerin','Ergonomic Wooden Gloves','131','Et iusto ut voluptates dolorem voluptate hic ut voluptas.','Hic quia autem sed sequi modi aliquam inventore beatae.',NULL,NULL,3,0,'Nemo earum et asperiores repellat similique nisi est.','Tempore ut velit laborum non fugit autem eos aspernatur.','2013-08-02 21:18:38','2013-08-02 21:18:38'),(151,'Model','Kling, Fritsch and Mohr','Intelligent Steel Gloves','132','Qui inventore rem aliquam sapiente laborum deleniti voluptas.','Voluptatem illo in dolor consequatur.',NULL,NULL,0,0,'Minus voluptatibus quas sed in laudantium consequuntur.','Doloribus labore provident odit voluptates sint.','2013-08-02 21:18:38','2013-08-02 21:18:38'),(152,'Model','Barton-Rohan','Small Cotton Computer','133','Natus excepturi voluptate quidem.','Odit aperiam ea voluptates ut molestias.',NULL,NULL,1,0,'Provident ea enim eligendi tempore iure dolor et consequatur.','Et sit ut cum impedit vero est voluptatem vel.','2013-08-07 21:18:38','2013-08-07 21:18:38'),(153,'Model','Schneider, Hickle and Ferry','Rustic Concrete Computer','134','Esse maiores libero repellat voluptatum quaerat qui autem.','Eos et dicta saepe ut laboriosam.',NULL,NULL,3,0,'Non sequi a molestiae eveniet molestiae deserunt explicabo et.','Eveniet nisi beatae architecto est quia.','2013-08-07 21:18:38','2013-08-07 21:18:38'),(154,'Model','Yost, Bernier and Thiel','Small Wooden Table','135','Distinctio labore error laborum voluptatem doloremque.','Nobis rerum rem voluptatum eaque neque dolorem itaque cupiditate.',NULL,NULL,2,0,'Aut modi repellat dolore dignissimos repellendus accusantium aut.','Quaerat quisquam provident voluptatem nulla officia quidem rerum.','2013-08-07 21:18:38','2013-08-07 21:18:38'),(155,'Model','Jerde, Schultz and Hartmann','Practical Rubber Gloves','136','Ipsam quod id sapiente corporis.','Magnam qui placeat quaerat libero.',NULL,NULL,2,0,'Distinctio eum eius perspiciatis sed.','Accusantium fuga error nulla quia eum.','2013-08-07 21:18:38','2013-08-07 21:18:38'),(156,'Model','Hills Group','Practical Steel Car','137','Qui quos libero quia.','Ratione necessitatibus aut at numquam sit rerum.',NULL,NULL,1,0,'Harum aut consectetur est ipsam ad enim doloribus.','Occaecati hic adipisci quis accusantium deserunt fugiat quia.','2013-08-07 21:18:38','2013-08-07 21:18:38'),(157,'Model','Heller-Price','Incredible Plastic Hat','138','Ratione et eaque perspiciatis culpa excepturi non voluptas.','Cumque ut minus corporis et animi.',NULL,NULL,3,0,'Architecto vel quia laboriosam qui rerum quae consequuntur.','Minima id exercitationem alias omnis ea.','2013-08-07 21:18:38','2013-08-07 21:18:38'),(158,'Model','Zemlak-Walker','Intelligent Granite Table','139','Natus tempora corrupti ut a exercitationem quo.','Qui autem itaque inventore sed aut asperiores cum.',NULL,NULL,2,0,'Eveniet id quasi quo et vero.','Reprehenderit omnis occaecati ipsa.','2013-08-07 21:18:38','2013-08-07 21:18:38'),(159,'Model','Kozey Group','Small Steel Gloves','140','Asperiores eius accusamus labore distinctio.','Minima ratione omnis repellat.',NULL,NULL,3,0,'Aperiam et quam maiores aut accusantium.','Et id magni et.','2013-08-07 21:18:38','2013-08-07 21:18:38'),(160,'Model','O\'Connell, Collier and Boyle','Awesome Granite Table','141','Repellendus nam consequatur qui voluptatem aut laboriosam.','Sint accusamus ut deleniti.',NULL,NULL,2,0,'Ut accusamus voluptatem nostrum aliquam qui praesentium at voluptates.','Officiis repellendus neque explicabo quia esse tempore.','2013-08-07 21:18:38','2013-08-07 21:18:38'),(161,'Model','Hyatt Group','Gorgeous Granite Gloves','142','Accusantium iure a ipsam.','Ut eaque sequi quae.',NULL,NULL,1,0,'Accusantium blanditiis aut inventore velit enim.','Laborum et tempora hic illo expedita.','2013-08-07 21:18:38','2013-08-07 21:18:38'),(162,'Model','Hickle, Veum and Wunsch','Small Rubber Chair','143','Est at tempore et dolore ad consectetur dolor.','In pariatur quo est et.',NULL,NULL,2,0,'Eos dicta cupiditate rem omnis rerum.','Earum ex modi qui voluptas eligendi consequatur sed omnis.','2013-08-07 21:18:38','2013-08-07 21:18:38'),(163,'Model','Hessel-Hahn','Incredible Concrete Shirt','144','Rem accusantium placeat sunt et facilis soluta sequi.','Enim similique error placeat facere porro.',NULL,NULL,2,0,'Et repudiandae quia laboriosam sunt sequi.','Quod fuga est dicta facilis rerum alias aliquid.','2013-08-07 21:18:38','2013-08-07 21:18:38'),(164,'Model','MacGyver-Kozey','Small Steel Chair','145','Sint perspiciatis cupiditate at qui soluta.','Laboriosam quia autem excepturi in aut.',NULL,NULL,3,0,'Temporibus itaque velit non debitis.','Maxime assumenda ratione laudantium sit commodi architecto.','2013-08-07 21:18:38','2013-08-07 21:18:38'),(165,'Model','Lubowitz Inc','Sleek Plastic Hat','146','Sint magni iusto ipsam perspiciatis ad ut.','Id vel enim et.',NULL,NULL,1,0,'Et dolor qui enim reiciendis est nostrum non.','Similique et excepturi dignissimos deleniti recusandae ab officia.','2013-08-07 21:18:38','2013-08-07 21:18:38'),(166,'Model','Parker-Denesik','Ergonomic Rubber Chair','147','Aut exercitationem possimus mollitia quasi nihil ad laborum.','Et voluptatibus magni dolor omnis maiores sed est.',NULL,NULL,1,0,'Minima consequatur odit magni vel.','Nulla est consectetur ducimus voluptas consequatur reprehenderit.','2013-07-31 21:18:38','2013-07-31 21:18:38'),(167,'Model','Smith-Parker','Gorgeous Steel Hat','148','Deleniti eos corrupti asperiores et.','Eos maxime perspiciatis rem vel.',NULL,NULL,1,0,'Vel totam sunt commodi.','Quo ab accusamus dolorum et inventore temporibus.','2013-07-31 21:18:38','2013-07-31 21:18:38'),(168,'Model','Gutmann, Bauch and Ondricka','Sleek Rubber Hat','149','Corporis omnis ex quod.','Et aut ipsum quam eum.',NULL,NULL,3,0,'Quis quibusdam molestiae harum et nostrum ea.','Eos voluptas repellendus porro ipsam sunt qui voluptatum.','2013-07-31 21:18:38','2013-07-31 21:18:38'),(169,'Model','Schinner, Osinski and Brakus','Ergonomic Cotton Hat','150','Veniam molestiae reprehenderit necessitatibus est non.','Eveniet quasi velit quis iure repellat quae.',NULL,NULL,2,0,'Voluptates nesciunt ut tempore ipsum dicta exercitationem ipsam quia.','Error veniam animi in.','2013-08-03 21:18:38','2013-08-03 21:18:38'),(170,'Model','Jacobson LLC','Ergonomic Steel Shirt','151','Nisi hic non et nemo officiis.','Cum consequatur voluptatibus sequi ut aliquid atque voluptas enim.',NULL,NULL,1,0,'Vel eos consequatur sint vero ab.','Deserunt voluptas maxime alias architecto similique dicta adipisci molestiae.','2013-08-03 21:18:38','2013-08-03 21:18:38'),(171,'Model','Pagac, Quigley and Koepp','Intelligent Cotton Gloves','152','Magni explicabo vel iste.','Ratione voluptas voluptatem qui nesciunt molestiae aliquid quo.',NULL,NULL,0,0,'Fugit quisquam expedita voluptas dolorum reiciendis itaque aut.','Ut asperiores illum occaecati dolorem.','2013-08-03 21:18:38','2013-08-03 21:18:38'),(172,'Model','Beer, Casper and Raynor','Sleek Wooden Chair','153','Suscipit odio et cum sapiente fugit eos.','Itaque tenetur libero alias eos illo qui facilis porro.',NULL,NULL,1,0,'Sapiente architecto commodi sint dolores.','Ut sint iure nihil eos ea id dicta.','2013-08-07 21:18:38','2013-08-07 21:18:38'),(173,'Model','Moore-Tromp','Practical Concrete Gloves','154','Unde aliquid cupiditate quisquam nam.','Culpa voluptatem vero laborum et adipisci esse aliquam incidunt.',NULL,NULL,3,0,'Fugit excepturi sunt ut totam.','Veritatis aut laboriosam in voluptate quis.','2013-08-07 21:18:38','2013-08-07 21:18:38'),(174,'Model','Kihn, Koch and Huel','Small Plastic Pants','155','Qui dolores et dolor et sunt delectus et dignissimos.','Pariatur culpa eveniet est.',NULL,NULL,3,0,'Dicta est porro voluptates.','Quis quo qui inventore nihil quod praesentium rerum.','2013-08-07 21:18:38','2013-08-07 21:18:38'),(175,'Model','Daugherty LLC','Sleek Plastic Car','156','Quis eum sit illo nemo laboriosam dicta amet ducimus.','Voluptatem aliquid dolores at et magnam consequatur pariatur voluptas.',NULL,NULL,0,0,'Vitae animi ut in officia et.','Sequi voluptas ullam non omnis provident voluptatem amet et.','2013-08-07 21:18:38','2013-08-07 21:18:38'),(176,'Model','Hermann LLC','Rustic Concrete Table','157','Quia aut assumenda et.','Sunt et dolor dicta earum illo aut ut minus.',NULL,NULL,3,0,'Quis saepe ut et ea dolores a.','Qui est molestias eos quia.','2013-08-07 21:18:38','2013-08-07 21:18:38'),(177,'Model','Wisozk and Sons','Rustic Plastic Table','158','Natus vel ea officia unde commodi qui libero possimus.','Quaerat magnam tempora non quia aut repellat sint quidem.',NULL,NULL,2,0,'Ipsam mollitia repellat illum ratione fugit sit eos omnis.','Aliquid officiis voluptatibus deleniti omnis eveniet.','2013-08-07 21:18:38','2013-08-07 21:18:38'),(178,'Model','Wintheiser-Kunze','Small Plastic Shoes','159','A consequatur molestiae corporis labore sint deserunt reprehenderit suscipit.','Qui aut sed odio voluptas accusamus omnis doloribus autem.',NULL,NULL,0,0,'Nostrum ex voluptatibus aut voluptate dolorum minus.','Quam nobis saepe corrupti quibusdam in asperiores.','2013-08-07 21:18:38','2013-08-07 21:18:38'),(179,'Model','Spencer, Rolfson and Jaskolski','Practical Steel Shirt','160','Eos perspiciatis alias laudantium sapiente voluptatem ut.','Provident et ducimus non ea perferendis corporis.',NULL,NULL,0,0,'Expedita quod eveniet dolorem ea harum blanditiis dolore nisi.','Eos provident exercitationem esse sit eum perferendis ea sed.','2013-08-07 21:18:38','2013-08-07 21:18:38'),(180,'Model','Ondricka, Block and Renner','Gorgeous Wooden Shoes','161','Molestiae ut fugit voluptatem rerum accusamus aut suscipit impedit.','Porro quisquam laudantium incidunt a aspernatur.',NULL,NULL,0,0,'Nemo asperiores cumque debitis sed.','Sit et sed ex magnam molestias dolorum maiores.','2013-08-07 21:18:38','2013-08-07 21:18:38'),(181,'Model','Jerde Group','Awesome Granite Hat','162','Minus distinctio deleniti qui explicabo voluptate.','Esse officiis exercitationem repellat harum delectus est.',NULL,NULL,0,0,'Repellendus ex dolores quia tenetur nesciunt ad inventore qui.','Velit ut vel sint quia doloribus iste ea.','2013-08-07 21:18:38','2013-08-07 21:18:38'),(182,'Model','Hilll-Waelchi','Practical Granite Gloves','163','Qui fugit officia labore vero iusto.','Voluptatum voluptatem officiis ut.',NULL,NULL,1,0,'Sunt id tempore at non eum et.','Libero cumque cupiditate rerum deleniti nobis.','2013-08-07 21:18:38','2013-08-07 21:18:38'),(183,'Model','Hilll Inc','Practical Cotton Hat','164','Modi omnis et qui sequi et itaque provident rerum.','Ipsum quod voluptatum est nisi.',NULL,NULL,3,0,'Dolorem ipsam rem blanditiis illo quae.','Cupiditate cum fugit quis ab amet est.','2013-08-07 21:18:38','2013-08-07 21:18:38'),(184,'Model','Wehner Group','Gorgeous Concrete Shirt','165','Voluptas error deserunt dolore hic quibusdam explicabo.','Sed modi consequatur dolores qui magni labore voluptatem sed.',NULL,NULL,0,0,'Nisi ipsa vel corporis sed qui aut autem.','Inventore ea aut et molestias quas reiciendis voluptatem in.','2013-08-07 21:18:38','2013-08-07 21:18:38'),(185,'Model','Reichel-Fahey','Gorgeous Wooden Table','166','Commodi iure in voluptas fugiat iusto reiciendis.','Ut enim aut explicabo.',NULL,NULL,2,0,'Non qui maiores vitae aut voluptates.','Perferendis omnis autem sequi molestias eius.','2013-08-07 21:18:38','2013-08-07 21:18:38'),(186,'Model','Price-Rodriguez','Incredible Steel Gloves','167','At vitae deserunt eligendi cum suscipit iste.','Et est culpa error nisi et neque.',NULL,NULL,3,0,'Voluptatibus ut aut quam quod magni.','Earum vitae fugit omnis.','2013-08-07 21:18:38','2013-08-07 21:18:38'),(187,'Model','Ferry, Legros and Blick','Rustic Plastic Hat','168','Quia nemo ipsum mollitia earum.','Libero sed ut laboriosam alias voluptatum quia.',NULL,NULL,1,0,'Delectus est alias voluptas quia veritatis.','Voluptatem est et placeat deserunt ab omnis dolorem.','2013-08-07 21:18:38','2013-08-07 21:18:38'),(188,'Model','Ortiz and Sons','Fantastic Rubber Shoes','169','Exercitationem dolor ex unde sequi molestias qui perspiciatis adipisci.','Enim magnam rerum consequatur et impedit.',NULL,NULL,0,0,'Illum corporis tempore voluptatum.','Id libero qui odio expedita alias ad nesciunt voluptas.','2013-08-07 21:18:38','2013-08-07 21:18:38'),(189,'Model','Feil Inc','Intelligent Wooden Car','170','Cum quis magni reiciendis magnam minus consequatur.','Ea laudantium voluptatum sed.',NULL,NULL,1,0,'Debitis est quae qui eos ea ratione et.','Quae quisquam odio aliquid dolores libero quod nihil consectetur.','2013-08-07 21:18:38','2013-08-07 21:18:38'),(190,'Model','Muller, Kutch and Sawayn','Awesome Plastic Chair','171','Ea aut omnis est vel eius qui reprehenderit provident.','Consectetur earum et voluptatem consequatur modi ipsam ut.',NULL,NULL,0,0,'Et quia eos voluptas sed magnam eum quo.','Nihil facilis voluptas illum ut.','2013-08-07 21:18:38','2013-08-07 21:18:38'),(191,'Model','Weimann-Hahn','Gorgeous Concrete Table','172','Praesentium repellendus quis sed impedit provident.','Doloremque voluptatem et est tempora.',NULL,NULL,2,0,'Iure autem est voluptatem et placeat vero.','Non eos praesentium placeat adipisci eligendi et.','2013-08-07 21:18:38','2013-08-07 21:18:38'),(192,'Model','Miller Inc','Fantastic Rubber Gloves','173','Aperiam quisquam commodi libero aut nostrum repellendus esse.','Quo totam eos laborum impedit in ea.',NULL,NULL,1,0,'Tenetur suscipit dolorem quo sint harum ullam qui.','Itaque quod maiores voluptatem ipsa officia natus.','2013-08-07 21:18:38','2013-08-07 21:18:38'),(193,'Model','Farrell-Lehner','Fantastic Wooden Table','174','Aspernatur hic quis dolore.','Placeat officiis ex veniam similique.',NULL,NULL,2,0,'Sed ut ex aspernatur sed voluptates placeat autem.','Doloremque quia doloribus in est odio ut.','2013-08-07 21:18:38','2013-08-07 21:18:38'),(194,'Model','Mitchell-Pacocha','Small Steel Table','175','Nisi facere cumque doloremque.','Quae totam nam quisquam et qui.',NULL,NULL,1,0,'Id non veritatis aut ut quaerat.','Accusantium facilis nostrum facere quisquam corporis ut.','2013-08-07 21:18:38','2013-08-07 21:18:38'),(195,'Model','Kuhn-Wyman','Ergonomic Granite Table','176','Dolore sed quam dolorem aspernatur quia tempora repudiandae.','Asperiores voluptatem neque quasi exercitationem non rerum eaque in.',NULL,NULL,2,0,'Et voluptatum rerum tempora.','Quia occaecati repellendus vero ut.','2013-08-07 21:18:38','2013-08-07 21:18:38'),(196,'Model','Lehner LLC','Sleek Cotton Gloves','177','Omnis molestias non qui sit odit aut est.','Nobis velit dignissimos tempora quia commodi labore.',NULL,NULL,3,0,'Vero consequatur quasi quo id hic.','Omnis molestiae quibusdam dignissimos.','2013-08-07 21:18:38','2013-08-07 21:18:38'),(197,'Model','Nitzsche, Schaefer and Wehner','Rustic Cotton Chair','178','Dicta aut totam iusto dolor.','Deserunt voluptate aut doloribus.',NULL,NULL,2,0,'Amet laboriosam omnis animi iste est in itaque assumenda.','Aliquam dolores quis et cupiditate.','2013-08-07 21:18:38','2013-08-07 21:18:38'),(198,'Model','Bartoletti Inc','Sleek Rubber Shoes','179','Velit sit facere qui sunt est nihil voluptatem quos.','Et eligendi nulla quam.',NULL,NULL,0,0,'Maxime accusamus soluta explicabo.','Repudiandae est velit tempore.','2013-08-07 21:18:38','2013-08-07 21:18:38'),(199,'Model','Bauch, Terry and Schowalter','Ergonomic Plastic Gloves','180','Et quis ducimus porro.','Et nisi ullam explicabo.',NULL,NULL,1,0,'Minima sed ea repellendus harum sunt qui id.','Dolor reiciendis aliquam qui libero odio.','2013-08-07 21:18:38','2013-08-07 21:18:38'),(200,'Model','Kirlin-Veum','Awesome Wooden Table','181','Animi temporibus rerum ratione qui voluptatibus.','Ipsa distinctio illum inventore ut consequuntur rerum similique voluptatibus.',NULL,NULL,3,0,'Et autem atque eum magnam labore explicabo voluptatibus quidem.','Enim nam sed dignissimos perferendis sunt ea labore sint.','2013-08-07 21:18:38','2013-08-07 21:18:38'),(201,'Model','Price Group','Small Steel Shoes','182','Quia est ut quas et mollitia.','Distinctio fuga quam tenetur cum amet.',NULL,NULL,1,0,'Rerum repudiandae mollitia doloremque sed reprehenderit asperiores non aut.','Illum adipisci at error non et provident.','2013-08-07 21:18:38','2013-08-07 21:18:38'),(202,'Model','Gorczany-Shanahan','Small Cotton Gloves','183','Vel optio omnis consequatur velit iste.','Minima dolorem voluptates beatae alias.',NULL,NULL,0,0,'Quia est sint ut.','Temporibus non suscipit accusantium beatae voluptatem.','2013-08-07 21:18:38','2013-08-07 21:18:38'),(203,'Model','Schmitt LLC','Awesome Cotton Pants','184','Ipsam eos ad voluptatem eum minima et est quisquam.','Aperiam minus expedita est officiis veniam.',NULL,NULL,2,0,'Distinctio sit rem qui aut.','Dolor illo non ut rerum eaque aperiam distinctio et.','2013-08-07 21:18:38','2013-08-07 21:18:38'),(204,'Model','Lowe-Runolfsdottir','Intelligent Rubber Gloves','185','Blanditiis amet sint enim tempora earum dolorum nisi.','Mollitia et quos qui suscipit aut et assumenda.',NULL,NULL,0,0,'Consequatur nostrum maxime ex.','Ullam assumenda doloribus autem suscipit optio est.','2013-08-07 21:18:38','2013-08-07 21:18:38'),(205,'Model','Streich, MacGyver and Abbott','Fantastic Granite Chair','186','Sunt nobis repellat voluptas accusamus itaque dolorem quia.','Nemo autem enim et corporis omnis velit aspernatur.',NULL,NULL,2,0,'Ratione sed totam ipsa qui.','Magni facilis voluptates ea consequatur non qui consequuntur.','2013-08-07 21:18:38','2013-08-07 21:18:38'),(206,'Model','Goodwin, Hermann and Johns','Practical Rubber Shoes','187','Nam reiciendis laudantium sapiente.','Necessitatibus recusandae sunt quaerat temporibus.',NULL,NULL,0,0,'Assumenda ex repellendus quis.','Ut vel perferendis laudantium impedit est eos.','2013-08-07 21:18:38','2013-08-07 21:18:38'),(207,'Model','Leffler Inc','Sleek Cotton Pants','188','Ea et veritatis quia ut iste non rerum.','Animi aspernatur sed nihil laudantium vitae.',NULL,NULL,0,0,'Autem incidunt ut porro nostrum non.','Aut id dolorem sapiente est aspernatur non voluptatibus.','2013-08-07 21:18:38','2013-08-07 21:18:38'),(208,'Model','Borer, McKenzie and Weissnat','Awesome Plastic Hat','189','Nihil temporibus dolor accusamus magni id.','Autem eius non alias hic sed nihil aspernatur.',NULL,NULL,0,0,'Quam hic et veniam quisquam.','Ut laborum sit nihil.','2013-08-07 21:18:38','2013-08-07 21:18:38'),(209,'Model','Schumm Group','Ergonomic Concrete Shirt','190','Rerum ipsum voluptas est itaque consectetur necessitatibus voluptatibus ut.','Minus aut et accusantium et ipsam.',NULL,NULL,2,0,'Vitae officia illum aspernatur dolore.','Aut atque laudantium ad recusandae omnis voluptas similique.','2013-08-07 21:18:38','2013-08-07 21:18:38'),(210,'Model','Franecki and Sons','Awesome Granite Pants','191','Praesentium sint ipsa quos.','Est quo omnis totam repellendus eum praesentium quos.',NULL,NULL,2,0,'Id sed tenetur aspernatur qui.','Laborum pariatur odio saepe.','2013-08-07 21:18:38','2013-08-07 21:18:38'),(211,'Model','Balistreri Group','Practical Concrete Car','192','Est consequatur assumenda accusantium aperiam perferendis libero saepe nihil.','Nemo voluptatem vitae nesciunt est modi totam perspiciatis.',NULL,NULL,1,0,'Id porro laborum labore odit corrupti.','In magni non quae ad aliquam architecto asperiores.','2013-08-07 21:18:38','2013-08-07 21:18:38'),(212,'Model','Runte-Parisian','Fantastic Steel Car','193','Ipsum sapiente molestiae inventore dolor alias quod commodi dolores.','Cumque esse voluptas pariatur nemo.',NULL,NULL,2,0,'Sequi qui beatae harum incidunt sint dolorem voluptatem.','Rerum et amet soluta quibusdam dignissimos eum.','2013-08-07 21:18:38','2013-08-07 21:18:38'),(213,'Model','Satterfield-Ullrich','Awesome Granite Shoes','194','Nemo repellendus possimus perferendis in.','Et veritatis provident iusto amet rem explicabo assumenda et.',NULL,NULL,2,0,'Enim mollitia dolores eaque explicabo odio dolor fuga aspernatur.','Sapiente possimus dolores eos ut corporis consequuntur nemo vel.','2013-08-07 21:18:38','2013-08-07 21:18:38'),(214,'Model','Veum, Bernhard and Hessel','Fantastic Plastic Gloves','195','Et doloremque quod fugiat ut ut accusamus amet placeat.','Earum aut maiores aperiam voluptas.',NULL,NULL,0,0,'Dolore quo vero ea fugit eius labore repellat.','Sit rerum a laudantium et.','2013-08-07 21:18:38','2013-08-07 21:18:38'),(215,'Model','Lowe-Eichmann','Intelligent Rubber Shirt','196','Facilis iusto eaque rerum deleniti nobis.','Aut reiciendis et qui quae cum eos.',NULL,NULL,3,0,'Quod labore dolorem et alias qui sint ratione.','Autem accusantium aspernatur voluptas commodi veritatis.','2013-08-07 21:18:38','2013-08-07 21:18:38'),(216,'Model','Green and Sons','Fantastic Granite Computer','197','Vel reiciendis animi blanditiis quo.','Rerum cum dolor veritatis doloribus reiciendis accusamus ut.',NULL,NULL,3,0,'Sit eligendi quas corporis et.','Sed ea quas necessitatibus.','2013-08-07 21:18:38','2013-08-07 21:18:38'),(217,'Model','Emmerich, Oberbrunner and Davis','Incredible Rubber Chair','198','Qui animi voluptas aliquam explicabo sed nulla est natus.','Ad ab odit soluta facere iste.',NULL,NULL,0,0,'Natus dolores ab sed quidem optio assumenda.','Omnis qui reiciendis eum delectus.','2013-08-07 21:18:38','2013-08-07 21:18:38'),(218,'Model','Wolf, Schumm and Hammes','Intelligent Granite Gloves','199','Ratione deserunt sunt enim qui iste est ut in.','Quidem aperiam aliquam ad porro placeat iure.',NULL,NULL,2,0,'Animi officia sunt accusamus et nam quam.','Ut quo quasi impedit maiores quia.','2013-08-07 21:18:38','2013-08-07 21:18:38'),(219,'Model','Steuber, Hudson and Sawayn','Awesome Concrete Hat','200','Quaerat dolor quisquam tenetur voluptatem maiores.','Et facere quis necessitatibus animi ducimus voluptatem laudantium.',NULL,NULL,0,0,'Dolorem consequatur incidunt ut repellendus neque molestiae.','Molestiae cum est ipsa a.','2013-08-07 21:18:38','2013-08-07 21:18:38'),(220,'Model','Legros-Wisoky','Fantastic Plastic Chair','201','Quisquam voluptatem illo facere voluptates maxime autem aut rerum.','Autem est sit nostrum qui culpa consequatur facilis.',NULL,NULL,2,0,'Tenetur culpa possimus labore sint aut est.','Vero atque sit dignissimos rerum vel aperiam est.','2013-08-07 21:18:38','2013-08-07 21:18:38'),(221,'Model','Rosenbaum-Hodkiewicz','Gorgeous Rubber Shirt','202','Nihil aliquam deserunt corrupti quia.','Excepturi aperiam aut autem.',NULL,NULL,0,0,'Qui pariatur accusantium ad velit minima.','Recusandae ut laudantium qui sit.','2013-08-07 21:18:38','2013-08-07 21:18:38'),(222,'Model','Stokes-Franecki','Practical Rubber Table','203','Ipsam magnam aut minima ratione et ducimus.','Natus velit aut voluptatem aut atque eaque totam minus.',NULL,NULL,1,0,'Ea aut qui iure error alias at quas voluptatem.','Porro dolores corporis quam eos eligendi.','2013-08-07 21:18:38','2013-08-07 21:18:38'),(223,'Model','O\'Connell Group','Practical Wooden Pants','204','Aliquam ea libero numquam sint aut.','Nostrum et iure ipsa quam ea facilis labore incidunt.',NULL,NULL,0,0,'Quam ullam aliquid et officia doloremque atque.','Aut quos animi iusto praesentium nihil ut.','2013-08-07 21:18:38','2013-08-07 21:18:38'),(224,'Model','Collier and Sons','Gorgeous Rubber Chair','205','Qui consequuntur voluptatum non eligendi sit.','Numquam sed fugit non amet velit incidunt maxime.',NULL,NULL,2,0,'Totam placeat ratione consequuntur eligendi pariatur tempore et.','Sit enim nesciunt molestiae.','2013-08-07 21:18:38','2013-08-07 21:18:38'),(225,'Model','Kessler, Witting and Leuschke','Small Steel Hat','206','Quia animi consequatur qui veniam quae est.','Rerum non accusantium nobis.',NULL,NULL,2,0,'Magni amet totam eius accusantium dolorem libero.','Architecto sint in eos voluptatem voluptatem totam ipsa qui.','2013-08-05 21:18:38','2013-08-05 21:18:38'),(226,'Model','Beatty and Sons','Intelligent Plastic Shoes','207','Culpa minus dolores sapiente ducimus blanditiis.','Quam soluta tenetur neque.',NULL,NULL,3,0,'Vero iusto necessitatibus sit molestiae dicta culpa.','Est qui numquam vero sit velit repellat.','2013-08-05 21:18:38','2013-08-05 21:18:38'),(227,'Model','Denesik-Kovacek','Intelligent Cotton Computer','208','Temporibus dolor et vitae.','Eos vel quaerat alias quo iure eum eveniet nihil.',NULL,NULL,1,0,'Et consequatur cum et ut placeat perspiciatis est itaque.','Et alias quaerat distinctio aspernatur architecto voluptates.','2013-08-05 21:18:38','2013-08-05 21:18:38'),(228,'Model','Yost Inc','Fantastic Granite Hat','209','Natus impedit maiores quis.','Eum voluptates et error repellendus et velit aliquam.',NULL,NULL,2,0,'Et suscipit voluptas in.','Optio non et ratione sit nam.','2013-08-05 21:18:38','2013-08-05 21:18:38'),(229,'Model','Kozey-Keeling','Awesome Wooden Car','210','Et consequatur magni earum repellat fugiat consequatur.','Aspernatur quia vitae corrupti perspiciatis eum voluptas illum cupiditate.',NULL,NULL,0,0,'Voluptas reiciendis saepe et et facere.','Dolores et officiis et.','2013-08-07 21:18:38','2013-08-07 21:18:38'),(230,'Software','Shanahan, Weimann and Mueller','Incredible Concrete Car','212',NULL,NULL,NULL,NULL,0,0,NULL,NULL,'2013-08-07 21:18:38','2013-08-07 21:18:38'),(231,'Model','Stiedemann, Cummerata and Hartmann','Ergonomic Cotton Computer','213','Sit veritatis libero dolorem praesentium.','Itaque modi reprehenderit sit consectetur incidunt eum nemo debitis.',NULL,NULL,0,0,'Mollitia voluptatem velit quod minus assumenda nam.','Assumenda vel sed hic veniam.','2013-08-02 21:18:38','2013-08-02 21:18:38'),(232,'Model','Gleichner, Koch and Botsford','Ergonomic Cotton Table','215','Quis temporibus deleniti in occaecati est dolorem est natus.','Velit vero voluptatem ab omnis tempora sunt quia laborum.',NULL,NULL,0,0,'Eos corporis molestias omnis sapiente quia doloribus officia.','Unde quam quas assumenda quia voluptatibus sed dignissimos.','2013-08-07 21:18:38','2013-08-07 21:18:38'),(233,'Software','Jaskolski Inc','Practical Steel Chair','216',NULL,NULL,NULL,NULL,0,0,NULL,NULL,'2013-08-07 21:18:38','2013-08-07 21:18:38'),(234,'Model','Harris LLC','Intelligent Granite Shirt','217','Et culpa nisi occaecati rerum.','Quaerat eum quo atque debitis quia ut sed animi.',NULL,NULL,2,0,'Cupiditate eligendi in nihil sed et quis quam voluptas.','Laboriosam eos reiciendis aliquam repellendus atque.','2013-08-07 21:18:38','2013-08-07 21:18:38'),(235,'Model','Bogan Inc','Ergonomic Granite Hat','219','Velit tenetur odit cum voluptas.','Officiis fugiat quibusdam architecto aliquam tenetur vero veniam sapiente.',NULL,NULL,1,0,'Voluptatem vero fuga cupiditate accusamus sit non beatae.','Et vero saepe et dicta nobis ut.','2013-08-07 21:18:38','2013-08-07 21:18:38'),(236,'Model','Skiles-West','Small Concrete Gloves','220','Libero doloribus reiciendis et dolorum a laboriosam incidunt aut.','Maxime fuga est neque reprehenderit expedita et.',NULL,NULL,2,0,'Aut blanditiis voluptatem et animi eos quis porro.','Nihil ullam et non ipsum soluta minima.','2013-08-07 21:18:38','2013-08-07 21:18:38'),(237,'Model','Feeney LLC','Rustic Granite Hat','221','Reprehenderit iure illum iusto doloremque eligendi omnis est eos.','Aut et eos labore sed autem assumenda iure enim.',NULL,NULL,0,0,'Omnis adipisci libero unde.','Eius nemo eum quaerat ad est itaque sit.','2013-08-07 21:18:38','2013-08-07 21:18:38'),(238,'Model','Stoltenberg Group','Sleek Concrete Table','222','Cupiditate ad nesciunt laboriosam inventore.','Quae sed asperiores vitae perspiciatis hic repellat fugit consequatur.',NULL,NULL,3,0,'Et perspiciatis veniam illo voluptas.','Ut est et sit id ea minima optio.','2013-08-07 21:18:38','2013-08-07 21:18:38'),(239,'Model','Senger, Robel and Hyatt','Ergonomic Concrete Hat','223','Numquam doloremque labore est eos consequuntur recusandae praesentium nihil.','Voluptatem omnis cumque dignissimos.',NULL,NULL,2,0,'Magni officiis totam error.','Distinctio praesentium quia vel.','2013-08-07 21:18:38','2013-08-07 21:18:38'),(240,'Model','Romaguera-Kuhlman','Sleek Steel Car','224','Consequatur quisquam ipsum provident consequatur nihil dolores.','Laboriosam voluptatem ut sed molestiae eos iusto.',NULL,NULL,2,0,'Molestiae sequi minima cum aliquam aut beatae.','Tempore suscipit quos et.','2013-08-07 21:18:38','2013-08-07 21:18:38'),(241,'Model','Predovic and Sons','Incredible Wooden Pants','225','Eius vero aut numquam.','Velit porro minus voluptatem et.',NULL,NULL,3,0,'Corporis aliquam quod ducimus eveniet consequatur et et asperiores.','Voluptates sint vel vero eius mollitia distinctio.','2013-08-07 21:18:38','2013-08-07 21:18:38'),(242,'Model','Littel, Emard and O\'Conner','Gorgeous Cotton Pants','226','Neque tempore praesentium aut et deleniti.','Modi deserunt omnis vel cum.',NULL,NULL,0,0,'Labore in ratione omnis deleniti rem perferendis.','Voluptas hic veniam at soluta eveniet fuga qui repudiandae.','2013-08-07 21:18:38','2013-08-07 21:18:38'),(243,'Model','Kovacek LLC','Rustic Wooden Hat','227','Ea autem quaerat non architecto quasi.','Nihil recusandae sed beatae voluptatem et.',NULL,NULL,2,0,'Nisi necessitatibus dolorem libero eos.','Iure veritatis quam tempore velit molestias aliquam.','2013-08-07 21:18:38','2013-08-07 21:18:38'),(244,'Model','VonRueden-Funk','Sleek Granite Shirt','228','Porro vero quo quas amet quos maiores non et.','Maiores exercitationem eos voluptas consequatur et aliquam.',NULL,NULL,3,0,'Id hic ut tempora cumque blanditiis.','Facere ad voluptatem consequatur voluptatem.','2013-08-07 21:18:38','2013-08-07 21:18:38'),(245,'Model','Gusikowski-Schuppe','Ergonomic Rubber Shoes','229','Alias quod ad minus accusantium.','Explicabo maiores veniam atque possimus dicta nesciunt dolorum.',NULL,NULL,0,0,'Placeat quo est dolor quasi a quaerat eum dolorum.','Voluptatem beatae fugit harum occaecati ab omnis non.','2013-08-07 21:18:38','2013-08-07 21:18:38'),(246,'Model','Kozey-Toy','Practical Cotton Shoes','230','Eaque et quia beatae repellat.','Odio officia expedita reiciendis nemo aut quisquam voluptates.',NULL,NULL,1,0,'Laborum fugiat voluptatem accusamus nobis.','Voluptatem illum voluptates expedita.','2013-08-07 21:18:38','2013-08-07 21:18:38'),(247,'Model','Hand, Stokes and Predovic','Sleek Cotton Car','231','Voluptas rerum numquam aut est repellendus deleniti ut illum.','Perspiciatis amet expedita ipsa quia aut.',NULL,NULL,0,0,'Aperiam eum non ipsam.','Est qui repudiandae adipisci rerum quia sequi.','2013-08-07 21:18:38','2013-08-07 21:18:38'),(248,'Model','Connelly Inc','Small Wooden Gloves','232','Officia tempora autem alias tempore quia quasi.','Eos aut ea voluptas sed similique fuga dolorem et.',NULL,NULL,3,0,'Doloribus doloremque in corrupti quas quis expedita.','Incidunt voluptates sed accusantium laborum.','2013-08-07 21:18:38','2013-08-07 21:18:38'),(249,'Model','Bashirian and Sons','Practical Plastic Hat','233','Aut aperiam in ullam pariatur aut nisi.','Quo illo recusandae rem.',NULL,NULL,1,0,'Omnis magni aperiam officia.','Atque voluptatum nam nesciunt.','2013-08-07 21:18:38','2013-08-07 21:18:38'),(250,'Model','Langworth-Murray','Incredible Granite Pants','234','Minus laboriosam tenetur architecto dolore.','Ipsam voluptatem corrupti molestias id sit quia ad officia.',NULL,NULL,2,0,'Eaque accusamus voluptas rerum.','Error sunt sint eius.','2013-08-07 21:18:38','2013-08-07 21:18:38'),(251,'Model','Connelly LLC','Small Steel Car','235','Voluptas tenetur maiores voluptas sint.','Eum non rerum totam dolor.',NULL,NULL,1,0,'Accusantium optio sint et iure consequuntur.','Sed ullam sit aperiam laborum et.','2013-08-07 21:18:38','2013-08-07 21:18:38'),(252,'Model','Waters, Price and Schaefer','Intelligent Cotton Car','236','Dolores qui numquam tempore.','Nihil vero deleniti quia iste molestias ut dicta optio.',NULL,NULL,1,0,'Est eum ex dolorum animi magnam ratione possimus.','Sed magnam autem nobis beatae ratione.','2013-08-07 21:18:38','2013-08-07 21:18:38'),(253,'Model','Macejkovic-Flatley','Practical Plastic Shirt','237','Cupiditate voluptatem est voluptatem perferendis aut.','Illum accusantium aliquam ipsam quos autem quidem sed et.',NULL,NULL,1,0,'Et quis dolor temporibus unde aliquam natus eaque ad.','Natus accusamus neque corrupti.','2013-08-07 21:18:38','2013-08-07 21:18:38'),(254,'Model','Beier, Cronin and Kirlin','Intelligent Cotton Shirt','238','Harum cum id sunt placeat et deserunt.','Et in reiciendis est ullam officia corporis.',NULL,NULL,2,0,'Ut error amet vel eum praesentium quibusdam.','Aliquid soluta optio error enim facilis excepturi et rem.','2013-08-07 21:18:38','2013-08-07 21:18:38'),(255,'Model','Kiehn and Sons','Small Rubber Pants','239','Aperiam esse quisquam iure et quia veritatis nostrum qui.','Perferendis consequatur facere eos consequatur totam omnis distinctio molestiae.',NULL,NULL,0,0,'Placeat similique aut nihil nulla.','Delectus saepe quia et.','2013-08-02 21:18:38','2013-08-02 21:18:38'),(256,'Model','Hilll, Kulas and Robel','Practical Rubber Computer','240','Rem odio nesciunt atque qui aut quia id.','Illo eos ea sint est aliquam.',NULL,NULL,1,0,'Quisquam dolor maxime sit eligendi.','Quo et nisi quibusdam.','2013-08-02 21:18:38','2013-08-02 21:18:38'),(257,'Model','Schimmel, Witting and Green','Rustic Cotton Shoes','241','Quod iusto veritatis suscipit aperiam.','Saepe corrupti tempore enim distinctio repudiandae est a.',NULL,NULL,0,0,'Nam deserunt porro quo sequi et iusto voluptas inventore.','Beatae mollitia a quia excepturi sit.','2013-08-02 21:18:38','2013-08-02 21:18:38'),(258,'Model','Kuvalis Group','Gorgeous Steel Gloves','242','Amet accusamus et debitis quia voluptatum adipisci.','Eveniet unde vero eius.',NULL,NULL,2,0,'Laboriosam architecto voluptatem ipsa facere dolore omnis.','Rerum eius explicabo nemo sapiente impedit reiciendis inventore.','2013-08-02 21:18:38','2013-08-02 21:18:38'),(259,'Model','Daniel, Lindgren and Kihn','Intelligent Rubber Car','243','Asperiores est nihil inventore.','Officia eos voluptatem nostrum alias perferendis quia suscipit dolorem.',NULL,NULL,1,0,'Velit labore aut voluptatibus aut voluptatem cupiditate ut dolor.','Eos reiciendis in in.','2013-08-02 21:18:38','2013-08-02 21:18:38'),(260,'Model','Sawayn-Weimann','Intelligent Cotton Chair','244','Quaerat ex voluptates officiis veniam temporibus dolor.','Quaerat velit numquam voluptate ut aperiam.',NULL,NULL,0,0,'Quam in quo natus voluptate mollitia aut officiis sed.','Quo at fugit beatae quidem impedit itaque.','2013-08-02 21:18:38','2013-08-02 21:18:38'),(261,'Model','Weber, Upton and Osinski','Intelligent Steel Hat','245','Soluta reprehenderit sint quod similique.','Quae est repellendus a in fugiat.',NULL,NULL,3,0,'Autem illum eos labore quam.','Nesciunt incidunt qui aspernatur sit.','2013-08-02 21:18:38','2013-08-02 21:18:38'),(262,'Model','Lehner-Jacobs','Incredible Cotton Gloves','246','Similique assumenda laborum iure ut eos earum deserunt.','Ut doloremque est perspiciatis voluptas accusamus.',NULL,NULL,0,0,'Vel consequuntur neque incidunt fugiat debitis.','Omnis doloribus et dolorem occaecati alias beatae sint.','2013-08-02 21:18:38','2013-08-02 21:18:38'),(263,'Model','Steuber, Breitenberg and Stoltenberg','Sleek Granite Shoes','247','Eligendi animi nihil debitis voluptatem occaecati deleniti ut.','Nihil similique culpa ducimus nostrum.',NULL,NULL,1,0,'Est sed placeat ut et.','Eaque tempore non pariatur est.','2013-08-02 21:18:38','2013-08-02 21:18:38');
/*!40000 ALTER TABLE `models` ENABLE KEYS */;
UNLOCK TABLES;

--
-- Table structure for table `models_compatibles`
--

DROP TABLE IF EXISTS `models_compatibles`;
/*!40101 SET @saved_cs_client     = @@character_set_client */;
/*!40101 SET character_set_client = utf8 */;
CREATE TABLE `models_compatibles` (
  `model_id` int(11) DEFAULT NULL,
  `compatible_id` int(11) DEFAULT NULL,
  KEY `index_models_compatibles_on_compatible_id` (`compatible_id`),
  KEY `index_models_compatibles_on_model_id` (`model_id`),
  CONSTRAINT `models_compatibles_compatible_id_fk` FOREIGN KEY (`compatible_id`) REFERENCES `models` (`id`),
  CONSTRAINT `models_compatibles_model_id_fk` FOREIGN KEY (`model_id`) REFERENCES `models` (`id`)
) ENGINE=InnoDB DEFAULT CHARSET=utf8 COLLATE=utf8_unicode_ci;
/*!40101 SET character_set_client = @saved_cs_client */;

--
-- Dumping data for table `models_compatibles`
--

LOCK TABLES `models_compatibles` WRITE;
/*!40000 ALTER TABLE `models_compatibles` DISABLE KEYS */;
INSERT INTO `models_compatibles` VALUES (15,14),(16,14),(17,14);
/*!40000 ALTER TABLE `models_compatibles` ENABLE KEYS */;
UNLOCK TABLES;

--
-- Table structure for table `notifications`
--

DROP TABLE IF EXISTS `notifications`;
/*!40101 SET @saved_cs_client     = @@character_set_client */;
/*!40101 SET character_set_client = utf8 */;
CREATE TABLE `notifications` (
  `id` int(11) NOT NULL AUTO_INCREMENT,
  `user_id` int(11) DEFAULT NULL,
  `title` varchar(255) COLLATE utf8_unicode_ci DEFAULT '',
  `created_at` datetime NOT NULL,
  PRIMARY KEY (`id`),
  KEY `index_notifications_on_user_id` (`user_id`),
  CONSTRAINT `notifications_user_id_fk` FOREIGN KEY (`user_id`) REFERENCES `users` (`id`) ON DELETE CASCADE
) ENGINE=InnoDB DEFAULT CHARSET=utf8 COLLATE=utf8_unicode_ci;
/*!40101 SET character_set_client = @saved_cs_client */;

--
-- Dumping data for table `notifications`
--

LOCK TABLES `notifications` WRITE;
/*!40000 ALTER TABLE `notifications` DISABLE KEYS */;
/*!40000 ALTER TABLE `notifications` ENABLE KEYS */;
UNLOCK TABLES;

--
-- Table structure for table `numerators`
--

DROP TABLE IF EXISTS `numerators`;
/*!40101 SET @saved_cs_client     = @@character_set_client */;
/*!40101 SET character_set_client = utf8 */;
CREATE TABLE `numerators` (
  `id` int(11) NOT NULL AUTO_INCREMENT,
  `item` int(11) DEFAULT NULL,
  PRIMARY KEY (`id`)
) ENGINE=InnoDB DEFAULT CHARSET=utf8 COLLATE=utf8_unicode_ci;
/*!40101 SET character_set_client = @saved_cs_client */;

--
-- Dumping data for table `numerators`
--

LOCK TABLES `numerators` WRITE;
/*!40000 ALTER TABLE `numerators` DISABLE KEYS */;
/*!40000 ALTER TABLE `numerators` ENABLE KEYS */;
UNLOCK TABLES;

--
-- Table structure for table `options`
--

DROP TABLE IF EXISTS `options`;
/*!40101 SET @saved_cs_client     = @@character_set_client */;
/*!40101 SET character_set_client = utf8 */;
CREATE TABLE `options` (
  `id` int(11) NOT NULL AUTO_INCREMENT,
  `inventory_pool_id` int(11) DEFAULT NULL,
  `inventory_code` varchar(255) COLLATE utf8_unicode_ci DEFAULT NULL,
  `manufacturer` varchar(255) COLLATE utf8_unicode_ci DEFAULT NULL,
  `product` varchar(255) COLLATE utf8_unicode_ci NOT NULL,
  `version` varchar(255) COLLATE utf8_unicode_ci DEFAULT NULL,
  `price` decimal(8,2) DEFAULT NULL,
  PRIMARY KEY (`id`),
  KEY `index_options_on_inventory_pool_id` (`inventory_pool_id`),
  CONSTRAINT `options_inventory_pool_id_fk` FOREIGN KEY (`inventory_pool_id`) REFERENCES `inventory_pools` (`id`)
) ENGINE=InnoDB AUTO_INCREMENT=8 DEFAULT CHARSET=utf8 COLLATE=utf8_unicode_ci;
/*!40101 SET character_set_client = @saved_cs_client */;

--
-- Dumping data for table `options`
--

LOCK TABLES `options` WRITE;
/*!40000 ALTER TABLE `options` DISABLE KEYS */;
INSERT INTO `options` VALUES (1,1,'akku-aa',NULL,'Akku AA','86','404.00'),(2,1,'akku-aaa',NULL,'Akku AAA','87','1282.00'),(3,1,'usb',NULL,'USB Kabel','88','1014.00'),(4,1,'sandsack123',NULL,'Sandsack','89','605.00'),(5,1,'iur8437',NULL,'Gorgeous Steel Gloves','211','884.00'),(6,2,'dol2940',NULL,'Awesome Steel Pants','214','248.00'),(7,1,'sit10802',NULL,'Gorgeous Steel Hat','218','1302.00');
/*!40000 ALTER TABLE `options` ENABLE KEYS */;
UNLOCK TABLES;

--
-- Table structure for table `partitions`
--

DROP TABLE IF EXISTS `partitions`;
/*!40101 SET @saved_cs_client     = @@character_set_client */;
/*!40101 SET character_set_client = utf8 */;
CREATE TABLE `partitions` (
  `id` int(11) NOT NULL AUTO_INCREMENT,
  `model_id` int(11) DEFAULT NULL,
  `inventory_pool_id` int(11) DEFAULT NULL,
  `group_id` int(11) DEFAULT NULL,
  `quantity` int(11) DEFAULT NULL,
  PRIMARY KEY (`id`),
  UNIQUE KEY `index_partitions_on_model_id_and_inventory_pool_id_and_group_id` (`model_id`,`inventory_pool_id`,`group_id`),
  KEY `partitions_group_id_fk` (`group_id`),
  KEY `partitions_inventory_pool_id_fk` (`inventory_pool_id`),
  CONSTRAINT `partitions_model_id_fk` FOREIGN KEY (`model_id`) REFERENCES `models` (`id`) ON DELETE CASCADE,
  CONSTRAINT `partitions_group_id_fk` FOREIGN KEY (`group_id`) REFERENCES `groups` (`id`),
  CONSTRAINT `partitions_inventory_pool_id_fk` FOREIGN KEY (`inventory_pool_id`) REFERENCES `inventory_pools` (`id`)
) ENGINE=InnoDB AUTO_INCREMENT=11 DEFAULT CHARSET=utf8 COLLATE=utf8_unicode_ci;
/*!40101 SET character_set_client = @saved_cs_client */;

--
-- Dumping data for table `partitions`
--

LOCK TABLES `partitions` WRITE;
/*!40000 ALTER TABLE `partitions` DISABLE KEYS */;
INSERT INTO `partitions` VALUES (1,10,1,4,1),(2,8,1,1,1),(3,8,1,2,1),(4,15,1,1,1),(5,16,1,5,1),(6,17,1,6,1),(7,19,1,7,1),(8,21,1,7,1),(9,20,1,8,1),(10,22,1,10,1);
/*!40000 ALTER TABLE `partitions` ENABLE KEYS */;
UNLOCK TABLES;

--
-- Temporary table structure for view `partitions_with_generals`
--

DROP TABLE IF EXISTS `partitions_with_generals`;
/*!50001 DROP VIEW IF EXISTS `partitions_with_generals`*/;
SET @saved_cs_client     = @@character_set_client;
SET character_set_client = utf8;
/*!50001 CREATE TABLE `partitions_with_generals` (
  `model_id` int(11),
  `inventory_pool_id` int(11),
  `group_id` int(11),
  `quantity` decimal(33,0)
) ENGINE=MyISAM */;
SET character_set_client = @saved_cs_client;

--
-- Table structure for table `properties`
--

DROP TABLE IF EXISTS `properties`;
/*!40101 SET @saved_cs_client     = @@character_set_client */;
/*!40101 SET character_set_client = utf8 */;
CREATE TABLE `properties` (
  `id` int(11) NOT NULL AUTO_INCREMENT,
  `model_id` int(11) DEFAULT NULL,
  `key` varchar(255) COLLATE utf8_unicode_ci DEFAULT NULL,
  `value` varchar(255) COLLATE utf8_unicode_ci DEFAULT NULL,
  PRIMARY KEY (`id`),
  KEY `index_properties_on_model_id` (`model_id`),
  CONSTRAINT `properties_model_id_fk` FOREIGN KEY (`model_id`) REFERENCES `models` (`id`) ON DELETE CASCADE
) ENGINE=InnoDB AUTO_INCREMENT=13 DEFAULT CHARSET=utf8 COLLATE=utf8_unicode_ci;
/*!40101 SET character_set_client = @saved_cs_client */;

--
-- Dumping data for table `properties`
--

LOCK TABLES `properties` WRITE;
/*!40000 ALTER TABLE `properties` DISABLE KEYS */;
INSERT INTO `properties` VALUES (1,15,'Rotordurchmesser','120'),(2,15,'Akkus','2'),(3,15,'Farbe','Rot'),(4,16,'Rotordurchmesser','120'),(5,16,'Akkus','2'),(6,16,'Farbe','Rot'),(7,16,'max. Speed','80 kmh'),(8,16,'Gyro','Ja'),(9,16,'Achsen','3-Achsen'),(10,17,'Rotordurchmesser','120'),(11,17,'Akkus','2'),(12,17,'Farbe','Rot');
/*!40000 ALTER TABLE `properties` ENABLE KEYS */;
UNLOCK TABLES;

--
-- Table structure for table `purposes`
--

DROP TABLE IF EXISTS `purposes`;
/*!40101 SET @saved_cs_client     = @@character_set_client */;
/*!40101 SET character_set_client = utf8 */;
CREATE TABLE `purposes` (
  `id` int(11) NOT NULL AUTO_INCREMENT,
  `description` text COLLATE utf8_unicode_ci,
  PRIMARY KEY (`id`)
) ENGINE=InnoDB AUTO_INCREMENT=73 DEFAULT CHARSET=utf8 COLLATE=utf8_unicode_ci;
/*!40101 SET character_set_client = @saved_cs_client */;

--
-- Dumping data for table `purposes`
--

LOCK TABLES `purposes` WRITE;
/*!40000 ALTER TABLE `purposes` DISABLE KEYS */;
INSERT INTO `purposes` VALUES (1,'Bentige ich fr die Aufnahmen meiner Abschlussarbeit.'),(2,'Bentige ich fr die Aufnahmen meiner Abschlussarbeit.'),(3,'Non ut expedita iure aut id commodi nesciunt.'),(4,'Voluptas commodi totam repellendus blanditiis ducimus earum odit animi.'),(5,'A sit quam modi ut.'),(6,'Aperiam non nulla consequatur illo eligendi voluptatibus ea blanditiis.'),(7,'Similique est sit quod eum qui laudantium consectetur.'),(8,'Ersatzstativ fr die Ausstellung.'),(9,'Ersatzstativ fr die Ausstellung.'),(10,'Ersatzstativ fr die Ausstellung.'),(11,'Ersatzstativ fr die Ausstellung.'),(12,'Ersatzstativ fr die Ausstellung.'),(13,'Ersatzstativ fr die Ausstellung.'),(14,'Ersatzstativ fr die Ausstellung.'),(15,'Ersatzstativ fr die Ausstellung.'),(16,'Ersatzstativ fr die Ausstellung.'),(17,'Ersatzstativ fr die Ausstellung.'),(18,'Fr meinen aktuellen Kurs.'),(19,'Fr meinen aktuellen Kurs.'),(20,'Fr meinen aktuellen Kurs.'),(21,'Fr meinen aktuellen Kurs.'),(22,'Natus est non quae labore culpa facere saepe.'),(23,'Harum laborum maxime minus exercitationem.'),(24,'Quas deserunt animi est eum eaque repudiandae fugit dolores.'),(25,'Ersatzstativ fr die Ausstellung.'),(26,'Ersatzstativ fr die Ausstellung.'),(27,'Ersatzstativ fr die Ausstellung.'),(28,'Ea eveniet sint praesentium facilis id.'),(29,'Consequatur aut culpa non impedit aut.'),(30,'Ut dolor id cumque.'),(31,'Error modi sunt tempora.'),(32,'Quae debitis rerum ut sed in iusto.'),(33,'Totam molestias est praesentium ipsam quis at dolorem.'),(34,'Voluptate fuga sed eum asperiores consequatur cumque.'),(35,'Reprehenderit quam iure odio voluptatibus.'),(36,'Architecto praesentium aspernatur harum hic corrupti.'),(37,'Dignissimos tenetur ut excepturi id similique.'),(38,'Non aut sunt autem magnam dolorem voluptas.'),(39,'Ersatzstativ fr die Ausstellung.'),(40,'Fr das zweite Austellungswochenende.'),(41,'Fr das zweite Austellungswochenende.'),(42,'Fr das dritte Austellungswochenende.'),(43,'Fr die Abschlussarbeit.'),(44,'Ersatzstativ fr die Ausstellung.'),(45,'Ersatzstativ fr die Ausstellung.'),(46,'Ersatzstativ fr die Ausstellung.'),(47,'Bestellung mit Software'),(48,'Bestellung mit Gegenstand ohne Ort'),(49,'Um meine Abschlussarbeit zu fotografieren.'),(50,'Als Ersatz.'),(51,'Sunt ut possimus velit fuga illo quos.'),(52,'Nemo inventore ut quas sunt ab voluptatem cumque.'),(53,'Um meine Abschlussarbeit zu fotografieren.'),(54,'Um meine Abschlussarbeit zu fotografieren.'),(55,'Um meine Abschlussarbeit zu fotografieren.'),(56,'Earum ullam eos quis amet sit enim est.'),(57,'Voluptate recusandae molestias et quos.'),(58,'Paketausgabe'),(59,'Ersatzstativ fr die Ausstellung.'),(60,'Ersatzstativ fr die Ausstellung.'),(61,'Ganz dringend bentigt fr meine Abschlussarbeit.'),(62,'Um meine Abschlussarbeit zu fotografieren.'),(63,'Um meine Abschlussarbeit zu fotografieren.'),(64,'Fotoshooting (Kurs Fotografie).'),(65,'Brauche ich zwingend fr meinen Kurs.'),(66,'Quo voluptas non qui iste est.'),(67,'Voluptatum voluptatibus voluptatem perferendis odit qui.'),(68,'Odio quas provident aut voluptatem quia est sed.'),(69,'Provident quam culpa nam.'),(70,'Deserunt natus dolorem ipsa expedita sed eius architecto.'),(71,'Ersatzstativ fr die Ausstellung.'),(72,'Ersatzstativ fr die Ausstellung.');
/*!40000 ALTER TABLE `purposes` ENABLE KEYS */;
UNLOCK TABLES;

--
-- Table structure for table `schema_migrations`
--

DROP TABLE IF EXISTS `schema_migrations`;
/*!40101 SET @saved_cs_client     = @@character_set_client */;
/*!40101 SET character_set_client = utf8 */;
CREATE TABLE `schema_migrations` (
  `version` varchar(255) COLLATE utf8_unicode_ci NOT NULL,
  UNIQUE KEY `unique_schema_migrations` (`version`)
) ENGINE=InnoDB DEFAULT CHARSET=utf8 COLLATE=utf8_unicode_ci;
/*!40101 SET character_set_client = @saved_cs_client */;

--
-- Dumping data for table `schema_migrations`
--

LOCK TABLES `schema_migrations` WRITE;
/*!40000 ALTER TABLE `schema_migrations` DISABLE KEYS */;
INSERT INTO `schema_migrations` VALUES ('20140410180000'),('20140414100000'),('20140415083535'),('20140417113831'),('20140428092844'),('20140515131025'),('20140812132326'),('20140820100242'),('20140828082448'),('20140901141016'),('20140903105715'),('20140905091014'),('20141110113231'),('20141212132127'),('20150113215946'),('20150127203913');
/*!40000 ALTER TABLE `schema_migrations` ENABLE KEYS */;
UNLOCK TABLES;

--
-- Table structure for table `settings`
--

DROP TABLE IF EXISTS `settings`;
/*!40101 SET @saved_cs_client     = @@character_set_client */;
/*!40101 SET character_set_client = utf8 */;
CREATE TABLE `settings` (
  `id` int(11) NOT NULL AUTO_INCREMENT,
  `smtp_address` varchar(255) COLLATE utf8_unicode_ci DEFAULT NULL,
  `smtp_port` int(11) DEFAULT NULL,
  `smtp_domain` varchar(255) COLLATE utf8_unicode_ci DEFAULT NULL,
  `local_currency_string` varchar(255) COLLATE utf8_unicode_ci DEFAULT NULL,
  `contract_terms` text COLLATE utf8_unicode_ci,
  `contract_lending_party_string` text COLLATE utf8_unicode_ci,
  `email_signature` varchar(255) COLLATE utf8_unicode_ci DEFAULT NULL,
  `default_email` varchar(255) COLLATE utf8_unicode_ci DEFAULT NULL,
  `deliver_order_notifications` tinyint(1) DEFAULT NULL,
  `user_image_url` varchar(255) COLLATE utf8_unicode_ci DEFAULT NULL,
  `ldap_config` varchar(255) COLLATE utf8_unicode_ci DEFAULT NULL,
  `logo_url` varchar(255) COLLATE utf8_unicode_ci DEFAULT NULL,
  `mail_delivery_method` varchar(255) COLLATE utf8_unicode_ci DEFAULT NULL,
  `smtp_username` varchar(255) COLLATE utf8_unicode_ci DEFAULT NULL,
  `smtp_password` varchar(255) COLLATE utf8_unicode_ci DEFAULT NULL,
  `smtp_enable_starttls_auto` tinyint(1) NOT NULL DEFAULT '0',
  `smtp_openssl_verify_mode` varchar(255) COLLATE utf8_unicode_ci NOT NULL DEFAULT 'none',
  `time_zone` varchar(255) COLLATE utf8_unicode_ci NOT NULL DEFAULT 'Bern',
  `disable_manage_section` tinyint(1) NOT NULL DEFAULT '0',
  `disable_manage_section_message` text COLLATE utf8_unicode_ci,
  `disable_borrow_section` tinyint(1) NOT NULL DEFAULT '0',
  `disable_borrow_section_message` text COLLATE utf8_unicode_ci,
  `text` text COLLATE utf8_unicode_ci,
  PRIMARY KEY (`id`)
) ENGINE=InnoDB AUTO_INCREMENT=2 DEFAULT CHARSET=utf8 COLLATE=utf8_unicode_ci;
/*!40101 SET character_set_client = @saved_cs_client */;

--
-- Dumping data for table `settings`
--

LOCK TABLES `settings` WRITE;
/*!40000 ALTER TABLE `settings` DISABLE KEYS */;
INSERT INTO `settings` VALUES (1,'smtp.zhdk.ch',25,'beta.ausleihe.zhdk.ch','CHF','Die Benutzerin/der Benutzer ist bei unsachgemsser Handhabung oder Verlust schadenersatzpflichtig. Sie/Er verpflichtet sich, das Material sorgfltig zu behandeln und gereinigt zu retournieren. Bei mangelbehafteter oder verspteter Rckgabe kann eine Ausleihsperre (bis zu 6 Monaten) verhngt werden. Das geliehene Material bleibt jederzeit uneingeschrnktes Eigentum der Zrcher Hochschule der Knste und darf ausschliesslich fr schulische Zwecke eingesetzt werden. Mit ihrer/seiner Unterschrift akzeptiert die Benutzerin/der Benutzer diese Bedingungen sowie die \'Richtlinie zur Ausleihe von Sachen\' der ZHdK und etwaige abteilungsspezifische Ausleih-Richtlinien.','Your\nAddress\nHere','Das PZ-leihs Team','sender@example.com',0,'http://www.zhdk.ch/?person/foto&width=100&compressionlevel=0&id={:id}',NULL,'/assets/image-logo-zhdk.png','test',NULL,NULL,0,'none','Bern',0,NULL,0,NULL,NULL);
/*!40000 ALTER TABLE `settings` ENABLE KEYS */;
UNLOCK TABLES;

--
-- Table structure for table `suppliers`
--

DROP TABLE IF EXISTS `suppliers`;
/*!40101 SET @saved_cs_client     = @@character_set_client */;
/*!40101 SET character_set_client = utf8 */;
CREATE TABLE `suppliers` (
  `id` int(11) NOT NULL AUTO_INCREMENT,
  `name` varchar(255) COLLATE utf8_unicode_ci NOT NULL,
  `created_at` datetime DEFAULT NULL,
  `updated_at` datetime DEFAULT NULL,
  PRIMARY KEY (`id`),
  UNIQUE KEY `index_suppliers_on_name` (`name`)
) ENGINE=InnoDB AUTO_INCREMENT=262 DEFAULT CHARSET=utf8 COLLATE=utf8_unicode_ci;
/*!40101 SET character_set_client = @saved_cs_client */;

--
-- Dumping data for table `suppliers`
--

LOCK TABLES `suppliers` WRITE;
/*!40000 ALTER TABLE `suppliers` DISABLE KEYS */;
INSERT INTO `suppliers` VALUES (1,'velquoeumquo','2013-08-07 21:18:38','2013-08-07 21:18:38'),(2,'maximereprehenderitmagnamatquos','2013-08-07 21:18:38','2013-08-07 21:18:38'),(3,'animinostrumblanditiiseveniet','2013-08-07 21:18:38','2013-08-07 21:18:38'),(4,'voluptateslaboreautem','2013-08-07 21:18:38','2013-08-07 21:18:38'),(5,'nequeprovident','2013-08-07 21:18:38','2013-08-07 21:18:38'),(6,'culpanobisquirepellat','2013-08-07 21:18:38','2013-08-07 21:18:38'),(7,'molestiaefacilisfugaid','2013-08-07 21:18:38','2013-08-07 21:18:38'),(8,'minimaodio','2013-08-07 21:18:38','2013-08-07 21:18:38'),(9,'fugaestquicupiditate','2013-08-07 21:18:38','2013-08-07 21:18:38'),(10,'inciduntquosideiusrepellendus','2013-08-07 21:18:38','2013-08-07 21:18:38'),(11,'atqueautsaepenonporro','2013-08-07 21:18:38','2013-08-07 21:18:38'),(12,'consequaturcumipsamsaepelaudantium','2013-08-07 21:18:38','2013-08-07 21:18:38'),(13,'estsoluta','2013-08-07 21:18:38','2013-08-07 21:18:38'),(14,'etmollitiarepudiandae','2013-08-07 21:18:38','2013-08-07 21:18:38'),(15,'eumquitotam','2013-08-07 21:18:38','2013-08-07 21:18:38'),(16,'autemexercitationemsunteosquibusdam','2013-08-07 21:18:38','2013-08-07 21:18:38'),(17,'etadipisciexvel','2013-08-07 21:18:38','2013-08-07 21:18:38'),(18,'utsedautem','2013-08-07 21:18:38','2013-08-07 21:18:38'),(19,'teneturperferendisipsalaboriosam','2013-08-07 21:18:38','2013-08-07 21:18:38'),(20,'veritatissint','2013-08-07 21:18:38','2013-08-07 21:18:38'),(21,'cumsimiliqueeaque','2013-08-07 21:18:38','2013-08-07 21:18:38'),(22,'veritatistemporibuscumquis','2013-08-07 21:18:38','2013-08-07 21:18:38'),(23,'dictaet','2013-08-07 21:18:38','2013-08-07 21:18:38'),(24,'idquiaccusantiumvelit','2013-08-07 21:18:38','2013-08-07 21:18:38'),(25,'autoditquo','2013-08-07 21:18:38','2013-08-07 21:18:38'),(26,'aspernaturdoloratcum','2013-08-07 21:18:38','2013-08-07 21:18:38'),(27,'explicaboeavoluptatumvoluptatespossimus','2013-08-07 21:18:38','2013-08-07 21:18:38'),(28,'impeditutrecusandae','2013-08-07 21:18:38','2013-08-07 21:18:38'),(29,'itaquemolestiasquietaut','2013-08-07 21:18:38','2013-08-07 21:18:38'),(30,'quocorruptilaudantiumutqui','2013-08-07 21:18:38','2013-08-07 21:18:38'),(31,'utplaceat','2013-08-07 21:18:38','2013-08-07 21:18:38'),(32,'istemagnam','2013-08-07 21:18:38','2013-08-07 21:18:38'),(33,'itaquelaudantiumesserepellendus','2013-08-07 21:18:38','2013-08-07 21:18:38'),(34,'magniimpeditdoloremvoluptatem','2013-08-07 21:18:38','2013-08-07 21:18:38'),(35,'ullamlaboriosamaarchitecto','2013-08-07 21:18:38','2013-08-07 21:18:38'),(36,'consequaturrepellenduslaborum','2013-08-07 21:18:38','2013-08-07 21:18:38'),(37,'utexpeditaaut','2013-08-07 21:18:38','2013-08-07 21:18:38'),(38,'cumquefugiatminimarepellendus','2013-08-07 21:18:38','2013-08-07 21:18:38'),(39,'beataedeleniti','2013-08-07 21:18:38','2013-08-07 21:18:38'),(40,'culpainventorecumearumut','2013-08-07 21:18:38','2013-08-07 21:18:38'),(41,'laborumundesed','2013-08-07 21:18:38','2013-08-07 21:18:38'),(42,'recusandaevoluptasrepudiandaetempora','2013-08-07 21:18:38','2013-08-07 21:18:38'),(43,'sintetomnisvoluptas','2013-08-07 21:18:38','2013-08-07 21:18:38'),(44,'inoccaecatisuntexcepturi','2013-08-07 21:18:38','2013-08-07 21:18:38'),(45,'cumqueavoluptatibusvoluptasut','2013-08-07 21:18:38','2013-08-07 21:18:38'),(46,'utvoluptatesexplicaboculpaassumenda','2013-08-07 21:18:38','2013-08-07 21:18:38'),(47,'eaqueabest','2013-08-07 21:18:38','2013-08-07 21:18:38'),(48,'providentnamsitetvelit','2013-08-07 21:18:38','2013-08-07 21:18:38'),(49,'optioqui','2013-08-07 21:18:38','2013-08-07 21:18:38'),(50,'rerumnemoodit','2013-08-07 21:18:38','2013-08-07 21:18:38'),(51,'perferendisfacilisadipisciquoquis','2013-08-07 21:18:38','2013-08-07 21:18:38'),(52,'debitiseligendifuga','2013-08-07 21:18:38','2013-08-07 21:18:38'),(53,'siteamollitiateneturconsequatur','2013-08-07 21:18:38','2013-08-07 21:18:38'),(54,'etfugitmagniexpeditafacilis','2013-08-07 21:18:38','2013-08-07 21:18:38'),(55,'delectusautexcepturiest','2013-08-07 21:18:38','2013-08-07 21:18:38'),(56,'autquiasedrem','2013-08-07 21:18:38','2013-08-07 21:18:38'),(57,'undequibusdamperferendissedest','2013-08-07 21:18:38','2013-08-07 21:18:38'),(58,'rationevoluptasa','2013-08-07 21:18:38','2013-08-07 21:18:38'),(59,'doloressedquiaoptio','2013-08-07 21:18:38','2013-08-07 21:18:38'),(60,'remabasperioresquitenetur','2013-08-07 21:18:38','2013-08-07 21:18:38'),(61,'voluptatumdoloribusquidem','2013-08-07 21:18:38','2013-08-07 21:18:38'),(62,'utetut','2013-08-07 21:18:38','2013-08-07 21:18:38'),(63,'eadelectusquamconsequatur','2013-08-07 21:18:38','2013-08-07 21:18:38'),(64,'perspiciatisporrotempora','2013-08-07 21:18:38','2013-08-07 21:18:38'),(65,'rationecommodiconsequunturetmodi','2013-08-07 21:18:38','2013-08-07 21:18:38'),(66,'quievenietoptioquisunt','2013-08-07 21:18:38','2013-08-07 21:18:38'),(67,'illumfacere','2013-08-07 21:18:38','2013-08-07 21:18:38'),(68,'sintmodiestquasquae','2013-08-07 21:18:38','2013-08-07 21:18:38'),(69,'nihilquaeratad','2013-08-07 21:18:38','2013-08-07 21:18:38'),(70,'impediteligendiautexcepturidoloremque','2013-08-07 21:18:38','2013-08-07 21:18:38'),(71,'molestiaevelitlibero','2013-08-07 21:18:38','2013-08-07 21:18:38'),(72,'voluptatesamet','2013-08-07 21:18:38','2013-08-07 21:18:38'),(73,'minusomnisilloaliquamsit','2013-08-07 21:18:38','2013-08-07 21:18:38'),(74,'doloremquesint','2013-08-07 21:18:38','2013-08-07 21:18:38'),(75,'evenietsolutasuscipitnon','2013-08-07 21:18:38','2013-08-07 21:18:38'),(76,'aliquamvoluptatemperferendis','2013-08-07 21:18:38','2013-08-07 21:18:38'),(77,'quodesse','2013-08-07 21:18:38','2013-08-07 21:18:38'),(78,'voluptatemcorporis','2013-08-07 21:18:38','2013-08-07 21:18:38'),(79,'dolorcorruptiofficiis','2013-08-07 21:18:38','2013-08-07 21:18:38'),(80,'nequequidem','2013-08-07 21:18:38','2013-08-07 21:18:38'),(81,'quidemnecessitatibuseligendi','2013-08-07 21:18:38','2013-08-07 21:18:38'),(82,'expeditanostrum','2013-08-07 21:18:38','2013-08-07 21:18:38'),(83,'etconsequatur','2013-08-07 21:18:38','2013-08-07 21:18:38'),(84,'estquae','2013-08-07 21:18:38','2013-08-07 21:18:38'),(85,'distinctiout','2013-08-07 21:18:38','2013-08-07 21:18:38'),(86,'consecteturfacilissunt','2013-08-07 21:18:38','2013-08-07 21:18:38'),(87,'magnamrepellat','2013-08-07 21:18:38','2013-08-07 21:18:38'),(88,'molestiaeipsalaboriosamquia','2013-08-07 21:18:38','2013-08-07 21:18:38'),(89,'auteaqueaperiam','2013-08-07 21:18:38','2013-08-07 21:18:38'),(90,'distinctiodictaadut','2013-08-07 21:18:38','2013-08-07 21:18:38'),(91,'istevoluptate','2013-08-07 21:18:38','2013-08-07 21:18:38'),(92,'odioaspernatur','2013-08-07 21:18:38','2013-08-07 21:18:38'),(93,'numquameiusexcepturitotamaliquam','2013-08-07 21:18:38','2013-08-07 21:18:38'),(94,'quaeratestmolestiaetemporerecusandae','2013-08-07 21:18:38','2013-08-07 21:18:38'),(95,'odioconsequaturveleiusdicta','2013-08-07 21:18:38','2013-08-07 21:18:38'),(96,'rerumfacerequiavoluptatemeos','2013-08-07 21:18:38','2013-08-07 21:18:38'),(97,'minusvoluptatequi','2013-08-07 21:18:38','2013-08-07 21:18:38'),(98,'voluptatemautsed','2013-08-07 21:18:38','2013-08-07 21:18:38'),(99,'natusaliquamdictaeaquelaudantium','2013-08-07 21:18:38','2013-08-07 21:18:38'),(100,'officiaeosquisinvoluptas','2013-08-07 21:18:38','2013-08-07 21:18:38'),(101,'quiadoloresearumautpossimus','2013-08-07 21:18:38','2013-08-07 21:18:38'),(102,'iustoea','2013-08-07 21:18:38','2013-08-07 21:18:38'),(103,'atquerecusandaetotamcorporis','2013-08-07 21:18:38','2013-08-07 21:18:38'),(104,'fugiatnesciuntdolorqui','2013-08-07 21:18:38','2013-08-07 21:18:38'),(105,'porrodelenitidolorquiquod','2013-08-07 21:18:38','2013-08-07 21:18:38'),(106,'animiveladipiscicumvitae','2013-08-07 21:18:38','2013-08-07 21:18:38'),(107,'atqueutvelit','2013-08-07 21:18:38','2013-08-07 21:18:38'),(108,'voluptasvoluptaset','2013-08-07 21:18:38','2013-08-07 21:18:38'),(109,'estdoloresdelenitiquisnostrum','2013-08-07 21:18:38','2013-08-07 21:18:38'),(110,'quiaperiamutnam','2013-08-07 21:18:38','2013-08-07 21:18:38'),(111,'officiisautemvoluptatibusquae','2013-08-07 21:18:38','2013-08-07 21:18:38'),(112,'eosconsecteturinventoreofficiisaut','2013-08-07 21:18:38','2013-08-07 21:18:38'),(113,'rerumasperiores','2013-08-07 21:18:38','2013-08-07 21:18:38'),(114,'excepturiconsecteturnullaa','2013-08-07 21:18:38','2013-08-07 21:18:38'),(115,'consequaturundedoloremque','2013-08-07 21:18:38','2013-08-07 21:18:38'),(116,'doloremvel','2013-08-07 21:18:38','2013-08-07 21:18:38'),(117,'dictareprehenderit','2013-08-07 21:18:38','2013-08-07 21:18:38'),(118,'totamfacere','2013-08-07 21:18:38','2013-08-07 21:18:38'),(119,'voluptatemvoluptaset','2013-08-07 21:18:38','2013-08-07 21:18:38'),(120,'siteteumautmagni','2013-08-07 21:18:38','2013-08-07 21:18:38'),(121,'utilloofficiadeleniti','2013-08-07 21:18:38','2013-08-07 21:18:38'),(122,'autmaiores','2013-08-07 21:18:38','2013-08-07 21:18:38'),(123,'quibusdamalias','2013-08-07 21:18:38','2013-08-07 21:18:38'),(124,'repellenduslaborumex','2013-08-07 21:18:38','2013-08-07 21:18:38'),(125,'blanditiisvoluptatemofficiisasperiores','2013-08-07 21:18:38','2013-08-07 21:18:38'),(126,'porroquiadicta','2013-08-07 21:18:38','2013-08-07 21:18:38'),(127,'estrepellat','2013-08-07 21:18:38','2013-08-07 21:18:38'),(128,'eligendiquialiasquiaincidunt','2013-08-07 21:18:38','2013-08-07 21:18:38'),(129,'ducimusetdoloressequi','2013-08-07 21:18:38','2013-08-07 21:18:38'),(130,'consequaturfacereaperiamarchitecto','2013-08-07 21:18:38','2013-08-07 21:18:38'),(131,'quivelitestdolorem','2013-08-07 21:18:38','2013-08-07 21:18:38'),(132,'sapienteminimaet','2013-08-07 21:18:38','2013-08-07 21:18:38'),(133,'abmollitia','2013-08-07 21:18:38','2013-08-07 21:18:38'),(134,'quibusdamilloquiaut','2013-08-07 21:18:38','2013-08-07 21:18:38'),(135,'facilisutfuga','2013-08-07 21:18:38','2013-08-07 21:18:38'),(136,'beataeaspernaturquodexveritatis','2013-08-07 21:18:38','2013-08-07 21:18:38'),(137,'sednonperspiciatisdolor','2013-08-07 21:18:38','2013-08-07 21:18:38'),(138,'itaqueminuset','2013-08-07 21:18:38','2013-08-07 21:18:38'),(139,'aliquidsolutatemporibusnostrumqui','2013-08-07 21:18:38','2013-08-07 21:18:38'),(140,'adquinihilestperspiciatis','2013-08-07 21:18:38','2013-08-07 21:18:38'),(141,'sintsaepeautem','2013-08-07 21:18:38','2013-08-07 21:18:38'),(142,'voluptatemveritatisautemquiasunt','2013-08-07 21:18:38','2013-08-07 21:18:38'),(143,'iurenihilrecusandae','2013-08-07 21:18:38','2013-08-07 21:18:38'),(144,'nihildignissimos','2013-08-07 21:18:38','2013-08-07 21:18:38'),(145,'ipsumconsequaturea','2013-08-07 21:18:38','2013-08-07 21:18:38'),(146,'inventoreet','2013-08-07 21:18:38','2013-08-07 21:18:38'),(147,'sequiminimaet','2013-08-07 21:18:38','2013-08-07 21:18:38'),(148,'autemarchitecto','2013-08-07 21:18:38','2013-08-07 21:18:38'),(149,'exetquibusdamveritatis','2013-08-07 21:18:38','2013-08-07 21:18:38'),(150,'quivelvoluptatumaspernaturex','2013-08-07 21:18:38','2013-08-07 21:18:38'),(151,'ullamearumomnisfacilisquia','2013-08-07 21:18:38','2013-08-07 21:18:38'),(152,'ettemporibusautsuscipit','2013-08-07 21:18:38','2013-08-07 21:18:38'),(153,'illumaliquam','2013-08-02 21:18:38','2013-08-02 21:18:38'),(154,'etet','2013-08-02 21:18:38','2013-08-02 21:18:38'),(155,'quisvero','2013-08-02 21:18:38','2013-08-02 21:18:38'),(156,'doloresveritatisnonaut','2013-08-07 21:18:38','2013-08-07 21:18:38'),(157,'laborumpraesentiumquisquamdoloremqueconsequatur','2013-08-07 21:18:38','2013-08-07 21:18:38'),(158,'addolorumdoloresreiciendisrepudiandae','2013-08-07 21:18:38','2013-08-07 21:18:38'),(159,'reiciendiset','2013-08-07 21:18:38','2013-08-07 21:18:38'),(160,'estaliquidperferendismolestiaeeius','2013-08-07 21:18:38','2013-08-07 21:18:38'),(161,'distinctiorerum','2013-08-07 21:18:38','2013-08-07 21:18:38'),(162,'adelectusquaerat','2013-08-07 21:18:38','2013-08-07 21:18:38'),(163,'eaquoliberodoloresrepellendus','2013-08-07 21:18:38','2013-08-07 21:18:38'),(164,'doloremeosaccusantiumnulla','2013-08-07 21:18:38','2013-08-07 21:18:38'),(165,'consequaturinciduntquisquam','2013-08-07 21:18:38','2013-08-07 21:18:38'),(166,'adsedducimusut','2013-08-07 21:18:38','2013-08-07 21:18:38'),(167,'verositesttemporaadipisci','2013-08-07 21:18:38','2013-08-07 21:18:38'),(168,'utvoluptatemdeserunt','2013-08-07 21:18:38','2013-08-07 21:18:38'),(169,'modialiasdistinctioquidemnisi','2013-08-07 21:18:38','2013-08-07 21:18:38'),(170,'estpariaturasperioresfacilis','2013-07-31 21:18:38','2013-07-31 21:18:38'),(171,'facereveroa','2013-07-31 21:18:38','2013-07-31 21:18:38'),(172,'quasiautsapienteomnis','2013-07-31 21:18:38','2013-07-31 21:18:38'),(173,'nesciuntlaborumfacerevel','2013-08-03 21:18:38','2013-08-03 21:18:38'),(174,'praesentiummolestiaeconsectetur','2013-08-03 21:18:38','2013-08-03 21:18:38'),(175,'sequiquiest','2013-08-03 21:18:38','2013-08-03 21:18:38'),(176,'voluptateid','2013-08-07 21:18:38','2013-08-07 21:18:38'),(177,'recusandaesuntsint','2013-08-07 21:18:38','2013-08-07 21:18:38'),(178,'rerumipsam','2013-08-07 21:18:38','2013-08-07 21:18:38'),(179,'quiaminusinventoredolorem','2013-08-07 21:18:38','2013-08-07 21:18:38'),(180,'numquamestillo','2013-08-07 21:18:38','2013-08-07 21:18:38'),(181,'etcommodiutnisiincidunt','2013-08-07 21:18:38','2013-08-07 21:18:38'),(182,'etsitnemo','2013-08-07 21:18:38','2013-08-07 21:18:38'),(183,'etametsaepesolutaimpedit','2013-08-07 21:18:38','2013-08-07 21:18:38'),(184,'auteiusmaximenemobeatae','2013-08-07 21:18:38','2013-08-07 21:18:38'),(185,'nostrumdoloremque','2013-08-07 21:18:38','2013-08-07 21:18:38'),(186,'similiqueillumdeserunt','2013-08-07 21:18:38','2013-08-07 21:18:38'),(187,'quaerataccusamusquia','2013-08-07 21:18:38','2013-08-07 21:18:38'),(188,'velducimus','2013-08-07 21:18:38','2013-08-07 21:18:38'),(189,'illoeum','2013-08-07 21:18:38','2013-08-07 21:18:38'),(190,'omnisvoluptatumpariaturutsed','2013-08-07 21:18:38','2013-08-07 21:18:38'),(191,'nobiset','2013-08-07 21:18:38','2013-08-07 21:18:38'),(192,'utconsequunturabquam','2013-08-07 21:18:38','2013-08-07 21:18:38'),(193,'nondoloremquemolestiaevel','2013-08-07 21:18:38','2013-08-07 21:18:38'),(194,'hicetaut','2013-08-07 21:18:38','2013-08-07 21:18:38'),(195,'nullatemporibusrepudiandaeet','2013-08-07 21:18:38','2013-08-07 21:18:38'),(196,'exercitationemquosomniseveniet','2013-08-07 21:18:38','2013-08-07 21:18:38'),(197,'quoblanditiistempora','2013-08-07 21:18:38','2013-08-07 21:18:38'),(198,'indoloresilloet','2013-08-07 21:18:38','2013-08-07 21:18:38'),(199,'idaspernaturnulla','2013-08-07 21:18:38','2013-08-07 21:18:38'),(200,'occaecatinullainventoreteneturvoluptates','2013-08-07 21:18:38','2013-08-07 21:18:38'),(201,'rerumquiasuscipitut','2013-08-07 21:18:38','2013-08-07 21:18:38'),(202,'saepedolorum','2013-08-07 21:18:38','2013-08-07 21:18:38'),(203,'sapienterepudiandaeetconsequaturtotam','2013-08-07 21:18:38','2013-08-07 21:18:38'),(204,'ipsapariaturquia','2013-08-07 21:18:38','2013-08-07 21:18:38'),(205,'odioutvoluptatemolestiaeharum','2013-08-07 21:18:38','2013-08-07 21:18:38'),(206,'consequaturrepellendusnon','2013-08-07 21:18:38','2013-08-07 21:18:38'),(207,'voluptasquodcorrupti','2013-08-07 21:18:38','2013-08-07 21:18:38'),(208,'voluptasofficia','2013-08-07 21:18:38','2013-08-07 21:18:38'),(209,'aututdignissimossed','2013-08-07 21:18:38','2013-08-07 21:18:38'),(210,'hicadexercitationemdignissimos','2013-08-07 21:18:38','2013-08-07 21:18:38'),(211,'ateaestaspernatur','2013-08-07 21:18:38','2013-08-07 21:18:38'),(212,'sapienteetvoluptatumnatus','2013-08-07 21:18:38','2013-08-07 21:18:38'),(213,'deseruntvoluptates','2013-08-07 21:18:38','2013-08-07 21:18:38'),(214,'hicmolestiaevoluptatem','2013-08-07 21:18:38','2013-08-07 21:18:38'),(215,'quiainvoluptatem','2013-08-07 21:18:38','2013-08-07 21:18:38'),(216,'quasiinciduntipsamporro','2013-08-07 21:18:38','2013-08-07 21:18:38'),(217,'minimaid','2013-08-07 21:18:38','2013-08-07 21:18:38'),(218,'sedsitquidemrerum','2013-08-07 21:18:38','2013-08-07 21:18:38'),(219,'idlaudantiumaperiamquo','2013-08-07 21:18:38','2013-08-07 21:18:38'),(220,'cumquequidemtemporeeaqui','2013-08-07 21:18:38','2013-08-07 21:18:38'),(221,'quiamagniofficia','2013-08-07 21:18:38','2013-08-07 21:18:38'),(222,'utlaboriosam','2013-08-07 21:18:38','2013-08-07 21:18:38'),(223,'magnisit','2013-08-07 21:18:38','2013-08-07 21:18:38'),(224,'doloribusnemoevenietconsequatur','2013-08-07 21:18:38','2013-08-07 21:18:38'),(225,'quisdolorumdolorea','2013-08-05 21:18:38','2013-08-05 21:18:38'),(226,'autidomnisarchitectoexercitationem','2013-08-05 21:18:38','2013-08-05 21:18:38'),(227,'quossitdolorequisquam','2013-08-05 21:18:38','2013-08-05 21:18:38'),(228,'similiqueutquaeaperiam','2013-08-05 21:18:38','2013-08-05 21:18:38'),(229,'maioresofficiissapientevelit','2013-08-07 21:18:38','2013-08-07 21:18:38'),(230,'nonnatusquaequinisi','2013-08-02 21:18:38','2013-08-02 21:18:38'),(231,'consequaturcupiditateestsapienteid','2013-08-07 21:18:38','2013-08-07 21:18:38'),(232,'accusamusnullasit','2013-08-07 21:18:38','2013-08-07 21:18:38'),(233,'expeditaenimmolestiaeanimiimpedit','2013-08-07 21:18:38','2013-08-07 21:18:38'),(234,'quodrerum','2013-08-07 21:18:38','2013-08-07 21:18:38'),(235,'etquiaquisperferendis','2013-08-07 21:18:38','2013-08-07 21:18:38'),(236,'assumendahicsapientequi','2013-08-07 21:18:38','2013-08-07 21:18:38'),(237,'quiaiddebitis','2013-08-07 21:18:38','2013-08-07 21:18:38'),(238,'eosanimiipsum','2013-08-07 21:18:38','2013-08-07 21:18:38'),(239,'autitaquepossimusoccaecati','2013-08-07 21:18:38','2013-08-07 21:18:38'),(240,'quasprovidentatqueconsequatur','2013-08-07 21:18:38','2013-08-07 21:18:38'),(241,'voluptatemnatusmolestiaeimpedit','2013-08-07 21:18:38','2013-08-07 21:18:38'),(242,'autemdolorem','2013-08-07 21:18:38','2013-08-07 21:18:38'),(243,'estquo','2013-08-07 21:18:38','2013-08-07 21:18:38'),(244,'rerumillumnihilsolutaad','2013-08-07 21:18:38','2013-08-07 21:18:38'),(245,'atquevelitnumquamaut','2013-08-07 21:18:38','2013-08-07 21:18:38'),(246,'auteos','2013-08-07 21:18:38','2013-08-07 21:18:38'),(247,'autasperiores','2013-08-07 21:18:38','2013-08-07 21:18:38'),(248,'repellendusetsintsapienteasperiores','2013-08-07 21:18:38','2013-08-07 21:18:38'),(249,'nontemporibusdeserunt','2013-08-07 21:18:38','2013-08-07 21:18:38'),(250,'etrecusandaetemporibus','2013-08-07 21:18:38','2013-08-07 21:18:38'),(251,'deseruntaliquidetquisquamomnis','2013-08-07 21:18:38','2013-08-07 21:18:38'),(252,'voluptasharumitaque','2013-08-07 21:18:38','2013-08-07 21:18:38'),(253,'quidemet','2013-08-02 21:18:38','2013-08-02 21:18:38'),(254,'laudantiumsuscipit','2013-08-02 21:18:38','2013-08-02 21:18:38'),(255,'doloremsedmodiet','2013-08-02 21:18:38','2013-08-02 21:18:38'),(256,'estvoluptatemdictamodi','2013-08-02 21:18:38','2013-08-02 21:18:38'),(257,'natusdoloribuseveniet','2013-08-02 21:18:38','2013-08-02 21:18:38'),(258,'etculpanamofficiisnostrum','2013-08-02 21:18:38','2013-08-02 21:18:38'),(259,'rationepossimus','2013-08-02 21:18:38','2013-08-02 21:18:38'),(260,'etametvitae','2013-08-02 21:18:38','2013-08-02 21:18:38'),(261,'utqui','2013-08-02 21:18:38','2013-08-02 21:18:38');
/*!40000 ALTER TABLE `suppliers` ENABLE KEYS */;
UNLOCK TABLES;

--
-- Table structure for table `users`
--

DROP TABLE IF EXISTS `users`;
/*!40101 SET @saved_cs_client     = @@character_set_client */;
/*!40101 SET character_set_client = utf8 */;
CREATE TABLE `users` (
  `id` int(11) NOT NULL AUTO_INCREMENT,
  `login` varchar(255) COLLATE utf8_unicode_ci DEFAULT NULL,
  `firstname` varchar(255) COLLATE utf8_unicode_ci DEFAULT NULL,
  `lastname` varchar(255) COLLATE utf8_unicode_ci DEFAULT NULL,
  `phone` varchar(255) COLLATE utf8_unicode_ci DEFAULT NULL,
  `authentication_system_id` int(11) DEFAULT '1',
  `unique_id` varchar(255) COLLATE utf8_unicode_ci DEFAULT NULL,
  `email` varchar(255) COLLATE utf8_unicode_ci DEFAULT NULL,
  `badge_id` varchar(255) COLLATE utf8_unicode_ci DEFAULT NULL,
  `address` varchar(255) COLLATE utf8_unicode_ci DEFAULT NULL,
  `city` varchar(255) COLLATE utf8_unicode_ci DEFAULT NULL,
  `zip` varchar(255) COLLATE utf8_unicode_ci DEFAULT NULL,
  `country` varchar(255) COLLATE utf8_unicode_ci DEFAULT NULL,
  `language_id` int(11) DEFAULT NULL,
  `extended_info` text COLLATE utf8_unicode_ci,
  `settings` varchar(1024) COLLATE utf8_unicode_ci DEFAULT NULL,
  `created_at` datetime DEFAULT NULL,
  `updated_at` datetime DEFAULT NULL,
  `delegator_user_id` int(11) DEFAULT NULL,
  PRIMARY KEY (`id`),
  KEY `index_users_on_authentication_system_id` (`authentication_system_id`),
  KEY `users_language_id_fk` (`language_id`),
  KEY `users_delegator_user_id_fk` (`delegator_user_id`),
  CONSTRAINT `users_delegator_user_id_fk` FOREIGN KEY (`delegator_user_id`) REFERENCES `users` (`id`),
  CONSTRAINT `users_authentication_system_id_fk` FOREIGN KEY (`authentication_system_id`) REFERENCES `authentication_systems` (`id`),
  CONSTRAINT `users_language_id_fk` FOREIGN KEY (`language_id`) REFERENCES `languages` (`id`)
) ENGINE=InnoDB AUTO_INCREMENT=36 DEFAULT CHARSET=utf8 COLLATE=utf8_unicode_ci;
/*!40101 SET character_set_client = @saved_cs_client */;

--
-- Dumping data for table `users`
--

LOCK TABLES `users` WRITE;
/*!40000 ALTER TABLE `users` DISABLE KEYS */;
INSERT INTO `users` VALUES (1,'gino','Gino','Blanda','03723471071',1,'krosz6e9rxfbmems5r','gino@zhdk.ch','m3ilvzckulj80kwc7t',NULL,'Kochberg','T-F8 0AY','Tanzania',1,NULL,'--- !ruby/hash:ActiveSupport::HashWithIndifferentAccess {}\n','2013-08-07 21:18:38','2013-08-07 21:18:38',NULL),(2,'ramon','Ramon','Halvorson','03689625218',1,'bhvg6chqhfy5abhjdk','ramon@zhdk.ch','1qt5l72n9o7zx7lo56',NULL,'Eliburgh','P-Y37 6JB','Philippines',1,NULL,'--- !ruby/hash:ActiveSupport::HashWithIndifferentAccess {}\n','2013-08-07 21:18:38','2013-08-07 21:18:38',NULL),(3,'matti','Matti','McKenzie','01259915359',1,'la7e56cfw5uaculg6l','matti@zhdk.ch','n8c4yc0uaw7yp5i4vz',NULL,'O\'Harafort','F-Y7 0BR','Falkland Islands (Malvinas)',1,NULL,'--- !ruby/hash:ActiveSupport::HashWithIndifferentAccess {}\n','2013-08-07 21:18:38','2013-08-07 21:18:38',NULL),(4,'mike','Mike','Ratke','01127823628',1,'dt2h2z5yjyz4oskqnn','mike@zhdk.ch','ezq16edc603c2cfdhj',NULL,'Lake Oleta','H-ZB5Y 5JU','Holy See (Vatican City State)',1,NULL,'--- !ruby/hash:ActiveSupport::HashWithIndifferentAccess {}\n','2013-08-07 21:18:38','2013-08-07 21:18:38',NULL),(5,'pius','Pius','Christiansen','01146828270',1,'mrq9fxkocenkjwxnif','pius@zhdk.ch','ib3aabtg4prl71nj7g',NULL,'Hermistonbury','B-Y5 5LB','Bouvet Island (Bouvetoya)',1,NULL,'--- !ruby/hash:ActiveSupport::HashWithIndifferentAccess {}\n','2013-08-07 21:18:38','2013-08-07 21:18:38',NULL),(6,'normin','Normin','Normalo','01756615857',1,'ryshc98w9tt6ih0wfm','normin@zhdk.ch','vr4vpc5saaz3bg2k2o',NULL,'Port Aiyana','H-Z2H 5FZ','Holy See (Vatican City State)',1,NULL,'--- !ruby/hash:ActiveSupport::HashWithIndifferentAccess {}\n','2013-08-07 21:18:38','2013-08-07 21:18:38',NULL),(7,'gracie','Gracie','Gleichner','09709390797',1,'xmbsc6ly3lanuy6t9x','lending_manager1@zhdk.ch','58rkzoairgex5ams7o',NULL,'Lake Deionfort','P-T3 4XL','Palestinian Territory',1,NULL,'--- !ruby/hash:ActiveSupport::HashWithIndifferentAccess {}\n','2013-08-07 21:18:38','2013-08-07 21:18:38',NULL),(8,'peter','Peter','Silie','01859886794',1,'5rfdzwzuahm8g8ur6l','peter@silie.com','xbm6c2ubub1t69apd1',NULL,'South Wendyfurt','N-U7 6LL','Namibia',1,NULL,'--- !ruby/hash:ActiveSupport::HashWithIndifferentAccess {}\n','2013-08-07 21:18:38','2013-08-07 21:18:38',NULL),(9,'andi','Andi','Zulauf','01791938865',1,'74atnvsl1grk3ij66l','andi@zhdk.ch','z4y8dai1wujz4u8k9y',NULL,'Rueckerborough','S-Z8Y 5AW','South Africa',1,NULL,'--- !ruby/hash:ActiveSupport::HashWithIndifferentAccess {}\n','2013-08-07 21:18:38','2013-08-07 21:18:38',NULL),(10,'mina','Mina','Schuster','01777619752',1,'t8kb6v1172mnzasmqg','mina@zhdk.ch','o74nhjqohzourxdvfq',NULL,'Lake Bartholomechester','C-W3A 2BP','Cocos (Keeling) Islands',1,NULL,'--- !ruby/hash:ActiveSupport::HashWithIndifferentAccess {}\n','2013-08-07 21:18:38','2013-08-07 21:18:38',NULL),(11,'petra','Petra','Osinski','08137729057',1,'wvhhjk6uxowuau6rsz','petra@zhdk.ch','122tdxa9phuak25rg9','74162 Cruz Mill, ','Lake Terrill','M-Y2W 7WJ','Montenegro',1,NULL,'--- !ruby/hash:ActiveSupport::HashWithIndifferentAccess {}\n','2013-08-07 21:18:38','2013-08-07 21:18:38',NULL),(12,'julie','Julie','Fay','08598578869',1,'piyw3zwx7q8jdf5gk0','julie@zhdk.ch','djtaalfte8ytv4u9zh',NULL,'East Kaela','C-UE8 8AA','Czech Republic',1,NULL,'--- !ruby/hash:ActiveSupport::HashWithIndifferentAccess {}\n','2013-08-07 21:18:38','2013-08-07 21:18:38',NULL),(13,'lisa','Lisa','Rowe','01163715522',1,'0fz4cmgbo1hji8gci4','lisa@zhdk.ch','gvd7v6w8bnu153ou85',NULL,'Charlenemouth','K-Y8N 5WX','Kazakhstan',1,NULL,'--- !ruby/hash:ActiveSupport::HashWithIndifferentAccess {}\n','2013-08-07 21:18:38','2013-08-07 21:18:38',NULL),(14,'alanna','Alanna','Toy','09377121122',1,'qvyf9l6b18y56tfykb','customer1@zhdk.ch','zl4sa34nut48zqswqe',NULL,'New Jorge','C-S8 1DL','Cambodia',1,NULL,'--- !ruby/hash:ActiveSupport::HashWithIndifferentAccess {}\n','2013-08-07 21:18:38','2013-08-07 21:18:38',NULL),(15,'kailey','Kailey','Murray','01236075457',1,'nf14viou380b076d85','customer2@zhdk.ch','l0bhgvyh44o57jed1q',NULL,'Monahanberg','S-W3A 1NX','Sri Lanka',1,NULL,'--- !ruby/hash:ActiveSupport::HashWithIndifferentAccess {}\n','2013-08-07 21:18:38','2013-08-07 21:18:38',NULL),(16,'anastasia','Anastasia','Koepp','0800858643',1,'yagtmb8m32l41uv2mu','customer3@zhdk.ch','75ccakzmd82291zeek',NULL,'Fisherchester','T-ZR4 7GA','Taiwan',1,NULL,'--- !ruby/hash:ActiveSupport::HashWithIndifferentAccess {}\n','2013-08-07 21:18:38','2013-08-07 21:18:38',NULL),(17,'conrad','Conrad','Walter','01479634375',1,'xm152a7eantg4r9xw1','customer4@zhdk.ch','7ielwap7qnjben1n25',NULL,'Makaylaview','P-Y1E 5BZ','Paraguay',1,NULL,'--- !ruby/hash:ActiveSupport::HashWithIndifferentAccess {}\n','2013-08-07 21:18:38','2013-08-07 21:18:38',NULL),(18,'talon','Talon','Windler','0192978186',1,'xhn5r8eiubbm6wazf5','customer5@zhdk.ch','ypp4jqkrfggkkw66li',NULL,'North Matilda','R-AR5X 5FL','Russian Federation',1,NULL,'--- !ruby/hash:ActiveSupport::HashWithIndifferentAccess {}\n','2013-08-07 21:18:38','2013-08-07 21:18:38',NULL),(19,'annette','Annette','Kihn','08004024180',1,'3t6zwx9pkst2uqlrmz','customer6@zhdk.ch','nccd68n4ygdupz37ri',NULL,'South Devonte','S-W8 3AX','Sierra Leone',1,NULL,'--- !ruby/hash:ActiveSupport::HashWithIndifferentAccess {}\n','2013-08-07 21:18:38','2013-08-07 21:18:38',NULL),(20,'keyshawn','Keyshawn','White','09825164437',1,'z66damvmzxcd5zw75i','customer7@zhdk.ch','mcyotf2mjhrtg2dnoo',NULL,'East Rhiannon','B-Z9 1NA','Belarus',1,NULL,'--- !ruby/hash:ActiveSupport::HashWithIndifferentAccess {}\n','2013-08-07 21:18:38','2013-08-07 21:18:38',NULL),(21,'patsy','Patsy','Shields','08140363006',1,'i8ftqo5d4fendmasfy','customer8@zhdk.ch','w1ki2lmu2ru8cqrd4i',NULL,'Lake Julianport','M-YV0W 9LH','Madagascar',1,NULL,'--- !ruby/hash:ActiveSupport::HashWithIndifferentAccess {}\n','2013-08-07 21:18:38','2013-08-07 21:18:38',NULL),(22,'dayne','Dayne','Mitchell','08001281840',1,'8csru8lzvrby7pbzvr','customer9@zhdk.ch','mscs2qyw1h6nzxbgn5',NULL,'Lebsackview','C-O5 3RY','Canada',1,NULL,'--- !ruby/hash:ActiveSupport::HashWithIndifferentAccess {}\n','2013-08-07 21:18:38','2013-08-07 21:18:38',NULL),(23,'nicholaus','Nicholaus','Christiansen','09635588662',1,'563d26fwu05igcce9w','delegator1@zhdk.ch','fr7vm84gwcdvnpu2og',NULL,'Torranceville','T-ZD4M 0LJ','Turks and Caicos Islands',1,NULL,'--- !ruby/hash:ActiveSupport::HashWithIndifferentAccess {}\n','2013-08-07 21:18:38','2013-08-07 21:18:38',NULL),(24,'meda','Meda','Cartwright','03469826687',1,'jy793pgkmop465vidq','delegated1@zhdk.ch','7pd4ke91p4v7xvc4nk',NULL,'South Carlottaview','M-K2 5ZJ','Micronesia',1,NULL,'--- !ruby/hash:ActiveSupport::HashWithIndifferentAccess {}\n','2013-08-07 21:18:38','2013-08-07 21:18:38',NULL),(25,'rickie.heaney_7659','Candace','Collins','0500244431',1,'f9dhga60wdsqzz21fz','madaline@homenick.com','a1twax06b9ievooi84','9380 Roberts Hollow','Lake Brenna','M-WC4R 0EH','Montserrat',1,NULL,'--- !ruby/hash:ActiveSupport::HashWithIndifferentAccess {}\n','2013-08-07 21:18:38','2013-08-07 21:18:38',NULL),(26,NULL,'Delegation 1',NULL,NULL,NULL,NULL,NULL,NULL,NULL,NULL,NULL,NULL,1,NULL,'--- !ruby/hash:ActiveSupport::HashWithIndifferentAccess {}\n','2013-08-07 21:18:38','2013-08-07 21:18:38',12),(27,NULL,'Delegation 2',NULL,NULL,NULL,NULL,NULL,NULL,NULL,NULL,NULL,NULL,1,NULL,'--- !ruby/hash:ActiveSupport::HashWithIndifferentAccess {}\n','2013-08-07 21:18:38','2013-08-07 21:18:38',10),(28,NULL,'Delegation 3',NULL,NULL,NULL,NULL,NULL,NULL,NULL,NULL,NULL,NULL,1,NULL,'--- !ruby/hash:ActiveSupport::HashWithIndifferentAccess {}\n','2013-08-07 21:18:38','2013-08-07 21:18:38',10),(29,NULL,'Delegation 4',NULL,NULL,NULL,NULL,NULL,NULL,NULL,NULL,NULL,NULL,1,NULL,'--- !ruby/hash:ActiveSupport::HashWithIndifferentAccess {}\n','2013-08-07 21:18:38','2013-08-07 21:18:38',10),(30,NULL,'Delegation 5',NULL,NULL,NULL,NULL,NULL,NULL,NULL,NULL,NULL,NULL,1,NULL,'--- !ruby/hash:ActiveSupport::HashWithIndifferentAccess {}\n','2013-08-07 21:18:38','2013-08-07 21:18:38',23),(31,'amir_jacobs_4035','Miller','Cronin','02550699719',1,'xfgt7slog7saeudpju','alexandra@conn.info','k9fqbsn0d8cg3t9e0k','78299 Goyette Rest','Austynchester','E-U5 2AA','Ecuador',1,NULL,'--- !ruby/hash:ActiveSupport::HashWithIndifferentAccess {}\n','2013-08-07 21:18:38','2013-08-07 21:18:38',NULL),(32,'jevon_6147','Kayley','Hammes','0500415826',1,'ioaccubma3d3vofqfo','camden.oconner@lindreichert.name','3va0p5bqb599hcrqvj','5041 Katrine Fork','Lambertstad','A-WB6R 0YS','Austria',1,NULL,'--- !ruby/hash:ActiveSupport::HashWithIndifferentAccess {}\n','2013-08-07 21:18:38','2013-08-07 21:18:38',NULL),(33,'olen_grant_8853','Dock','Krajcik','01875972039',1,'ymg1dsktcxsj1pq3d6','christop_ko@reichel.name','iirpof9or2opyqli9g','987 Patricia Course','Lake Orlandport','P-YO96 0JL','Palau',1,NULL,'--- !ruby/hash:ActiveSupport::HashWithIndifferentAccess {}\n','2013-08-07 21:18:38','2013-08-07 21:18:38',NULL),(34,'erwin.king_8276','Austyn','Halvorson','0169776917',1,'ujhfnrrt8b7w3jqk0t','turner.witting@jacobsonbarrows.name','uylf4ge081fmsi1af3','10784 Carley Mountain','Johnsonfurt','P-R5 1BB','Palestinian Territory',1,NULL,'--- !ruby/hash:ActiveSupport::HashWithIndifferentAccess {}\n','2013-08-07 21:18:38','2013-08-07 21:18:38',NULL),(35,'holden_mohr_3086','Leora','Daugherty','0169776644',1,'9k8tc68l2aqlcmrlm3','deron@schroederoreilly.info','rscta9fqmdgo3ji6on','58213 Denesik Square','South Toneybury','V-PT7M 4AA','Vietnam',1,NULL,'--- !ruby/hash:ActiveSupport::HashWithIndifferentAccess {}\n','2013-08-07 21:18:38','2013-08-07 21:18:38',NULL);
/*!40000 ALTER TABLE `users` ENABLE KEYS */;
UNLOCK TABLES;

--
-- Temporary table structure for view `visit_lines`
--

DROP TABLE IF EXISTS `visit_lines`;
/*!50001 DROP VIEW IF EXISTS `visit_lines`*/;
SET @saved_cs_client     = @@character_set_client;
SET character_set_client = utf8;
/*!50001 CREATE TABLE `visit_lines` (
  `visit_id` varchar(148),
  `inventory_pool_id` int(11),
  `user_id` int(11),
  `delegated_user_id` int(11),
  `status` enum('unsubmitted','submitted','rejected','approved','signed','closed'),
  `action` varchar(9),
  `date` date,
  `quantity` int(11),
  `contract_line_id` int(11)
) ENGINE=MyISAM */;
SET character_set_client = @saved_cs_client;

--
-- Temporary table structure for view `visits`
--

DROP TABLE IF EXISTS `visits`;
/*!50001 DROP VIEW IF EXISTS `visits`*/;
SET @saved_cs_client     = @@character_set_client;
SET character_set_client = utf8;
/*!50001 CREATE TABLE `visits` (
  `id` varchar(148),
  `inventory_pool_id` int(11),
  `user_id` int(11),
  `status` enum('unsubmitted','submitted','rejected','approved','signed','closed'),
  `action` varchar(9),
  `date` date,
  `quantity` decimal(32,0)
) ENGINE=MyISAM */;
SET character_set_client = @saved_cs_client;

--
-- Table structure for table `workdays`
--

DROP TABLE IF EXISTS `workdays`;
/*!40101 SET @saved_cs_client     = @@character_set_client */;
/*!40101 SET character_set_client = utf8 */;
CREATE TABLE `workdays` (
  `id` int(11) NOT NULL AUTO_INCREMENT,
  `inventory_pool_id` int(11) DEFAULT NULL,
  `monday` tinyint(1) DEFAULT '1',
  `tuesday` tinyint(1) DEFAULT '1',
  `wednesday` tinyint(1) DEFAULT '1',
  `thursday` tinyint(1) DEFAULT '1',
  `friday` tinyint(1) DEFAULT '1',
  `saturday` tinyint(1) DEFAULT '0',
  `sunday` tinyint(1) DEFAULT '0',
  `reservation_advance_days` int(11) DEFAULT '0',
  `max_visits` text COLLATE utf8_unicode_ci,
  PRIMARY KEY (`id`),
  KEY `index_workdays_on_inventory_pool_id` (`inventory_pool_id`),
  CONSTRAINT `workdays_inventory_pool_id_fk` FOREIGN KEY (`inventory_pool_id`) REFERENCES `inventory_pools` (`id`) ON DELETE CASCADE
) ENGINE=InnoDB AUTO_INCREMENT=13 DEFAULT CHARSET=utf8 COLLATE=utf8_unicode_ci;
/*!40101 SET character_set_client = @saved_cs_client */;

--
-- Dumping data for table `workdays`
--

LOCK TABLES `workdays` WRITE;
/*!40000 ALTER TABLE `workdays` DISABLE KEYS */;
INSERT INTO `workdays` VALUES (1,1,1,1,1,1,1,0,0,0,'---\n\'1\': 10\n\'2\': 20\n\'3\': 30\n'),(2,2,1,1,1,1,1,0,0,0,'--- {}\n'),(3,3,1,1,1,1,1,0,0,0,'--- {}\n'),(4,4,1,1,1,1,1,0,0,0,'--- {}\n'),(5,5,1,1,1,1,1,0,0,0,'--- {}\n'),(6,6,1,1,1,1,1,0,0,0,'--- {}\n'),(7,7,1,1,1,1,1,0,0,0,'--- {}\n'),(8,8,1,1,1,1,1,0,0,0,'--- {}\n'),(9,9,1,1,1,1,1,0,0,0,'--- {}\n'),(10,10,1,1,1,1,1,0,0,0,'--- {}\n'),(11,11,1,1,1,1,1,0,0,0,'--- {}\n'),(12,12,1,1,1,1,1,0,0,0,'--- {}\n');
/*!40000 ALTER TABLE `workdays` ENABLE KEYS */;
UNLOCK TABLES;

--
-- Final view structure for view `partitions_with_generals`
--

/*!50001 DROP TABLE IF EXISTS `partitions_with_generals`*/;
/*!50001 DROP VIEW IF EXISTS `partitions_with_generals`*/;
/*!50001 SET @saved_cs_client          = @@character_set_client */;
/*!50001 SET @saved_cs_results         = @@character_set_results */;
/*!50001 SET @saved_col_connection     = @@collation_connection */;
/*!50001 SET character_set_client      = utf8 */;
/*!50001 SET character_set_results     = utf8 */;
/*!50001 SET collation_connection      = utf8_general_ci */;
/*!50001 CREATE ALGORITHM=UNDEFINED */
/*!50001 VIEW `partitions_with_generals` AS select `partitions`.`model_id` AS `model_id`,`partitions`.`inventory_pool_id` AS `inventory_pool_id`,`partitions`.`group_id` AS `group_id`,`partitions`.`quantity` AS `quantity` from `partitions` union select `i`.`model_id` AS `model_id`,`i`.`inventory_pool_id` AS `inventory_pool_id`,NULL AS `group_id`,(count(`i`.`id`) - ifnull((select sum(`p`.`quantity`) from `partitions` `p` where ((`p`.`model_id` = `i`.`model_id`) and (`p`.`inventory_pool_id` = `i`.`inventory_pool_id`)) group by `p`.`inventory_pool_id`,`p`.`model_id`),0)) AS `quantity` from `items` `i` where (isnull(`i`.`retired`) and (`i`.`is_borrowable` = 1) and isnull(`i`.`parent_id`)) group by `i`.`inventory_pool_id`,`i`.`model_id` */;
/*!50001 SET character_set_client      = @saved_cs_client */;
/*!50001 SET character_set_results     = @saved_cs_results */;
/*!50001 SET collation_connection      = @saved_col_connection */;

--
-- Final view structure for view `visit_lines`
--

/*!50001 DROP TABLE IF EXISTS `visit_lines`*/;
/*!50001 DROP VIEW IF EXISTS `visit_lines`*/;
/*!50001 SET @saved_cs_client          = @@character_set_client */;
/*!50001 SET @saved_cs_results         = @@character_set_results */;
/*!50001 SET @saved_col_connection     = @@collation_connection */;
/*!50001 SET character_set_client      = utf8 */;
/*!50001 SET character_set_results     = utf8 */;
/*!50001 SET collation_connection      = utf8_general_ci */;
/*!50001 CREATE ALGORITHM=UNDEFINED */
/*!50001 VIEW `visit_lines` AS select hex(concat_ws('_',if((`c`.`status` = 'approved'),`cl`.`start_date`,`cl`.`end_date`),`c`.`inventory_pool_id`,`c`.`user_id`,`c`.`status`)) AS `visit_id`,`c`.`inventory_pool_id` AS `inventory_pool_id`,`c`.`user_id` AS `user_id`,`c`.`delegated_user_id` AS `delegated_user_id`,`c`.`status` AS `status`,if((`c`.`status` = 'approved'),'hand_over','take_back') AS `action`,if((`c`.`status` = 'approved'),`cl`.`start_date`,`cl`.`end_date`) AS `date`,`cl`.`quantity` AS `quantity`,`cl`.`id` AS `contract_line_id` from (`contract_lines` `cl` join `contracts` `c` on((`cl`.`contract_id` = `c`.`id`))) where ((`c`.`status` in ('approved','signed')) and isnull(`cl`.`returned_date`)) order by if((`c`.`status` = 'approved'),`cl`.`start_date`,`cl`.`end_date`) */;
/*!50001 SET character_set_client      = @saved_cs_client */;
/*!50001 SET character_set_results     = @saved_cs_results */;
/*!50001 SET collation_connection      = @saved_col_connection */;

--
-- Final view structure for view `visits`
--

/*!50001 DROP TABLE IF EXISTS `visits`*/;
/*!50001 DROP VIEW IF EXISTS `visits`*/;
/*!50001 SET @saved_cs_client          = @@character_set_client */;
/*!50001 SET @saved_cs_results         = @@character_set_results */;
/*!50001 SET @saved_col_connection     = @@collation_connection */;
/*!50001 SET character_set_client      = utf8 */;
/*!50001 SET character_set_results     = utf8 */;
/*!50001 SET collation_connection      = utf8_general_ci */;
/*!50001 CREATE ALGORITHM=UNDEFINED */
/*!50001 VIEW `visits` AS select hex(concat_ws('_',`visit_lines`.`date`,`visit_lines`.`inventory_pool_id`,`visit_lines`.`user_id`,`visit_lines`.`status`)) AS `id`,`visit_lines`.`inventory_pool_id` AS `inventory_pool_id`,`visit_lines`.`user_id` AS `user_id`,`visit_lines`.`status` AS `status`,`visit_lines`.`action` AS `action`,`visit_lines`.`date` AS `date`,sum(`visit_lines`.`quantity`) AS `quantity` from `visit_lines` group by `visit_lines`.`user_id`,`visit_lines`.`status`,`visit_lines`.`date`,`visit_lines`.`inventory_pool_id` */;
/*!50001 SET character_set_client      = @saved_cs_client */;
/*!50001 SET character_set_results     = @saved_cs_results */;
/*!50001 SET collation_connection      = @saved_col_connection */;
/*!40103 SET TIME_ZONE=@OLD_TIME_ZONE */;

/*!40101 SET SQL_MODE=@OLD_SQL_MODE */;
/*!40014 SET FOREIGN_KEY_CHECKS=@OLD_FOREIGN_KEY_CHECKS */;
/*!40014 SET UNIQUE_CHECKS=@OLD_UNIQUE_CHECKS */;
/*!40101 SET CHARACTER_SET_CLIENT=@OLD_CHARACTER_SET_CLIENT */;
/*!40101 SET CHARACTER_SET_RESULTS=@OLD_CHARACTER_SET_RESULTS */;
/*!40101 SET COLLATION_CONNECTION=@OLD_COLLATION_CONNECTION */;
/*!40111 SET SQL_NOTES=@OLD_SQL_NOTES */;

-- Dump completed on 2015-02-02 15:47:57
