-- MySQL dump 10.13  Distrib 5.1.48, for apple-darwin10.3.0 (i386)
--
-- Host: localhost    Database: leihs2_test
-- ------------------------------------------------------
-- Server version	5.1.48

/*!40101 SET @OLD_CHARACTER_SET_CLIENT=@@CHARACTER_SET_CLIENT */;
/*!40101 SET @OLD_CHARACTER_SET_RESULTS=@@CHARACTER_SET_RESULTS */;
/*!40101 SET @OLD_COLLATION_CONNECTION=@@COLLATION_CONNECTION */;
/*!40101 SET NAMES utf8 */;
/*!40103 SET @OLD_TIME_ZONE=@@TIME_ZONE */;
/*!40103 SET TIME_ZONE='+00:00' */;
/*!40014 SET @OLD_UNIQUE_CHECKS=@@UNIQUE_CHECKS, UNIQUE_CHECKS=0 */;
/*!40014 SET @OLD_FOREIGN_KEY_CHECKS=@@FOREIGN_KEY_CHECKS, FOREIGN_KEY_CHECKS=0 */;
/*!40101 SET @OLD_SQL_MODE=@@SQL_MODE, SQL_MODE='NO_AUTO_VALUE_ON_ZERO' */;
/*!40111 SET @OLD_SQL_NOTES=@@SQL_NOTES, SQL_NOTES=0 */;

--
-- Table structure for table `access_rights`
--

DROP TABLE IF EXISTS `access_rights`;
/*!40101 SET @saved_cs_client     = @@character_set_client */;
/*!40101 SET character_set_client = utf8 */;
CREATE TABLE `access_rights` (
  `id` int(11) NOT NULL AUTO_INCREMENT,
  `user_id` int(11) DEFAULT NULL,
  `inventory_pool_id` int(11) DEFAULT NULL,
  `suspended_until` date DEFAULT NULL,
  `suspended_reason` text COLLATE utf8_unicode_ci,
  `deleted_at` date DEFAULT NULL,
  `created_at` datetime DEFAULT NULL,
  `updated_at` datetime DEFAULT NULL,
  `role` enum('customer','group_manager','lending_manager','inventory_manager','admin') COLLATE utf8_unicode_ci NOT NULL,
  PRIMARY KEY (`id`),
  KEY `index_access_rights_on_suspended_until` (`suspended_until`),
  KEY `index_access_rights_on_deleted_at` (`deleted_at`),
  KEY `index_access_rights_on_inventory_pool_id` (`inventory_pool_id`),
  KEY `index_access_rights_on_role` (`role`),
  KEY `index_on_user_id_and_inventory_pool_id_and_deleted_at` (`user_id`,`inventory_pool_id`,`deleted_at`),
  CONSTRAINT `access_rights_user_id_fk` FOREIGN KEY (`user_id`) REFERENCES `users` (`id`),
  CONSTRAINT `access_rights_inventory_pool_id_fk` FOREIGN KEY (`inventory_pool_id`) REFERENCES `inventory_pools` (`id`) ON DELETE CASCADE
) ENGINE=InnoDB AUTO_INCREMENT=46 DEFAULT CHARSET=utf8 COLLATE=utf8_unicode_ci;
/*!40101 SET character_set_client = @saved_cs_client */;

--
-- Dumping data for table `access_rights`
--

LOCK TABLES `access_rights` WRITE;
/*!40000 ALTER TABLE `access_rights` DISABLE KEYS */;
INSERT INTO `access_rights` VALUES (1,1,NULL,NULL,NULL,NULL,'2013-12-12 23:43:10','2013-12-12 23:43:10','admin'),(2,2,NULL,NULL,NULL,NULL,'2013-12-12 23:43:10','2013-12-12 23:43:10','admin'),(3,2,1,NULL,NULL,NULL,'2013-12-12 23:43:10','2013-12-12 23:43:10','customer'),(4,3,2,NULL,NULL,NULL,'2013-12-12 23:43:10','2013-12-12 23:43:10','inventory_manager'),(5,4,1,NULL,NULL,NULL,'2013-12-12 23:43:10','2013-12-12 23:43:10','inventory_manager'),(6,4,4,NULL,NULL,NULL,'2013-12-12 23:43:10','2013-12-12 23:43:10','inventory_manager'),(7,5,1,NULL,NULL,NULL,'2013-12-12 23:43:10','2013-12-12 23:43:10','lending_manager'),(8,5,2,NULL,NULL,NULL,'2013-12-12 23:43:10','2013-12-12 23:43:10','lending_manager'),(9,7,1,NULL,NULL,NULL,'2013-12-12 23:43:10','2013-12-12 23:43:10','lending_manager'),(10,7,2,NULL,NULL,NULL,'2013-12-12 23:43:10','2013-12-12 23:43:10','lending_manager'),(11,8,1,NULL,NULL,NULL,'2013-12-12 23:43:10','2013-12-12 23:43:10','customer'),(12,6,1,NULL,NULL,NULL,'2013-12-12 23:43:10','2013-12-12 23:43:10','customer'),(13,6,2,NULL,NULL,NULL,'2013-12-12 23:43:10','2013-12-12 23:43:10','customer'),(14,6,3,NULL,NULL,NULL,'2013-12-12 23:43:10','2013-12-12 23:43:10','customer'),(15,6,4,NULL,NULL,'2013-12-11','2013-12-12 23:43:10','2013-12-12 23:43:10','customer'),(16,9,1,NULL,NULL,NULL,'2013-12-12 23:43:10','2013-12-12 23:43:10','group_manager'),(17,9,2,NULL,NULL,NULL,'2013-12-12 23:43:10','2013-12-12 23:43:10','group_manager'),(18,9,3,NULL,NULL,NULL,'2013-12-12 23:43:10','2013-12-12 23:43:10','group_manager'),(19,10,1,NULL,NULL,NULL,'2013-12-12 23:43:10','2013-12-12 23:43:10','customer'),(20,11,1,NULL,NULL,NULL,'2013-12-12 23:43:10','2013-12-12 23:43:10','customer'),(21,12,1,NULL,NULL,NULL,'2013-12-12 23:43:10','2013-12-12 23:43:10','customer'),(22,13,1,NULL,NULL,NULL,'2013-12-12 23:43:10','2013-12-12 23:43:10','customer'),(23,26,1,NULL,NULL,NULL,'2013-12-12 23:43:10','2013-12-12 23:43:10','customer'),(24,27,1,NULL,NULL,NULL,'2013-12-12 23:43:10','2013-12-12 23:43:10','customer'),(25,27,2,NULL,NULL,NULL,'2013-12-12 23:43:10','2013-12-12 23:43:10','customer'),(26,29,1,NULL,NULL,NULL,'2013-12-12 23:43:10','2013-12-12 23:43:10','customer'),(27,29,5,NULL,NULL,NULL,'2013-12-12 23:43:10','2013-12-12 23:43:10','customer'),(28,29,6,NULL,NULL,NULL,'2013-12-12 23:43:10','2013-12-12 23:43:10','customer'),(29,30,1,NULL,NULL,NULL,'2013-12-12 23:43:10','2013-12-12 23:43:10','customer'),(30,23,1,NULL,NULL,NULL,'2013-12-12 23:43:10','2013-12-12 23:43:10','customer'),(31,24,1,NULL,NULL,NULL,'2013-12-12 23:43:10','2013-12-12 23:43:10','customer'),(32,14,1,NULL,NULL,NULL,'2013-12-12 23:43:10','2013-12-12 23:43:10','customer'),(33,15,1,'2013-12-13','Animi itaque consequatur beatae non tempore deleniti sit quia.',NULL,'2013-12-12 23:43:10','2013-12-12 23:43:10','customer'),(34,16,1,NULL,NULL,NULL,'2013-12-12 23:43:10','2013-12-12 23:43:10','customer'),(35,17,1,NULL,NULL,NULL,'2013-12-12 23:43:10','2013-12-12 23:43:10','customer'),(36,18,1,NULL,NULL,NULL,'2013-12-12 23:43:10','2013-12-12 23:43:10','customer'),(37,19,1,NULL,NULL,NULL,'2013-12-12 23:43:10','2013-12-12 23:43:10','customer'),(38,20,1,NULL,NULL,'2013-12-13','2013-12-12 23:43:10','2013-12-12 23:43:10','customer'),(39,21,1,NULL,NULL,NULL,'2013-12-12 23:43:10','2013-12-12 23:43:10','customer'),(40,22,1,NULL,NULL,NULL,'2013-12-12 23:43:10','2013-12-12 23:43:10','customer'),(41,31,3,NULL,NULL,NULL,'2013-12-12 23:43:10','2013-12-12 23:43:10','customer'),(42,32,1,NULL,NULL,NULL,'2013-12-12 23:43:10','2013-12-12 23:43:10','lending_manager'),(43,33,1,NULL,NULL,NULL,'2013-12-12 23:43:10','2013-12-12 23:43:10','group_manager'),(44,34,7,NULL,NULL,NULL,'2013-12-12 23:43:10','2013-12-12 23:43:10','customer'),(45,35,12,NULL,NULL,NULL,'2013-12-12 23:43:10','2013-12-12 23:43:10','customer');
/*!40000 ALTER TABLE `access_rights` ENABLE KEYS */;
UNLOCK TABLES;

--
-- Table structure for table `accessories`
--

DROP TABLE IF EXISTS `accessories`;
/*!40101 SET @saved_cs_client     = @@character_set_client */;
/*!40101 SET character_set_client = utf8 */;
CREATE TABLE `accessories` (
  `id` int(11) NOT NULL AUTO_INCREMENT,
  `model_id` int(11) DEFAULT NULL,
  `name` varchar(255) COLLATE utf8_unicode_ci DEFAULT NULL,
  `quantity` int(11) DEFAULT NULL,
  PRIMARY KEY (`id`),
  KEY `index_accessories_on_model_id` (`model_id`),
  CONSTRAINT `accessories_model_id_fk` FOREIGN KEY (`model_id`) REFERENCES `models` (`id`) ON DELETE CASCADE
) ENGINE=InnoDB AUTO_INCREMENT=230 DEFAULT CHARSET=utf8 COLLATE=utf8_unicode_ci;
/*!40101 SET character_set_client = @saved_cs_client */;

--
-- Dumping data for table `accessories`
--

LOCK TABLES `accessories` WRITE;
/*!40000 ALTER TABLE `accessories` DISABLE KEYS */;
INSERT INTO `accessories` VALUES (1,1,'Ms. Madeline Moore',NULL),(2,1,'Esteban Hauck',NULL),(3,1,'Kylie VonRueden Sr.',NULL),(4,1,'Lester Conn',NULL),(5,1,'Alfredo Kirlin',NULL),(6,2,'Ms. Karlee Hintz',NULL),(7,3,'Miss Rubye Schmitt',NULL),(8,4,'Keyshawn Stiedemann',NULL),(9,5,'Earnest Donnelly PhD',NULL),(10,5,'Myriam Thompson',NULL),(11,5,'Mr. Mavis Breitenberg',NULL),(12,6,'Dr. Zita Ferry',NULL),(13,6,'Rachelle Breitenberg',NULL),(14,6,'Arianna Douglas',NULL),(15,6,'Avery Emmerich DDS',NULL),(16,7,'Milan Kub',NULL),(17,7,'Nedra Walker',NULL),(18,7,'Lucius Boyle',NULL),(19,7,'Christ Heidenreich MD',NULL),(20,7,'Miss Kyler Langworth',NULL),(21,8,'Tony Smith',NULL),(22,8,'Casimer Sawayn',NULL),(23,8,'Shyann Reinger IV',NULL),(24,8,'Joe Bayer',NULL),(25,8,'Brenden Heathcote V',NULL),(26,9,'Sandy Hickle',NULL),(27,9,'Reina Nikolaus',NULL),(28,9,'Lorine Deckow',NULL),(29,9,'Alysha Ernser',NULL),(30,9,'Cleve Mertz',NULL),(31,10,'Mafalda Dare',NULL),(32,10,'Caesar Hamill',NULL),(33,10,'Mrs. Joel Kshlerin',NULL),(34,10,'Mrs. Gunner Crona',NULL),(35,11,'Gussie Lebsack Sr.',NULL),(36,11,'Cleta Gaylord',NULL),(37,11,'Telly Ritchie PhD',NULL),(38,11,'Albin Ledner PhD',NULL),(39,12,'Neal Gutkowski',NULL),(40,13,'Valentine Rath',NULL),(41,14,'Nelda Larkin',NULL),(42,14,'Aliya Pouros',NULL),(43,14,'Audie Wolf',NULL),(44,14,'Adolph Swift',NULL),(45,14,'Mathew Wisozk',NULL),(46,15,'Gayle Leuschke',NULL),(47,15,'Duane Kerluke',NULL),(48,15,'Devon Roberts',NULL),(49,15,'Kailee Braun MD',NULL),(50,15,'Alexane Lakin',NULL),(51,16,'Herminio Kessler',NULL),(52,17,'Amparo Eichmann',NULL),(53,17,'Ariane Bogan',NULL),(54,18,'Quentin Funk',NULL),(55,18,'Catharine Walsh',NULL),(56,19,'August Kautzer',NULL),(57,19,'Serenity Murray',NULL),(58,19,'Randal Brekke',NULL),(59,19,'Crawford Brekke',NULL),(60,19,'Ashley Adams',NULL),(61,20,'Clement Schroeder',NULL),(62,20,'Geovanny Huels',NULL),(63,20,'Brendon Gleason III',NULL),(64,20,'Mrs. Imogene Carter',NULL),(65,20,'Berenice Hessel',NULL),(66,21,'Mrs. Brian Hane',NULL),(67,21,'Pearlie Beatty',NULL),(68,21,'John Haag',NULL),(69,21,'Dr. Violette Stoltenberg',NULL),(70,21,'Sarah Schinner IV',NULL),(71,22,'Theresia Casper MD',NULL),(72,23,'Marcia Wiegand',NULL),(73,23,'Joaquin Dickens',NULL),(74,23,'Hollis O\'Hara',NULL),(75,23,'Paul Kub',NULL),(76,23,'Lottie Wisoky',NULL),(77,24,'Ramona Champlin',NULL),(78,24,'Leonora Casper DDS',NULL),(79,24,'Kayli Walker',NULL),(80,24,'Darrell McDermott MD',NULL),(81,24,'Terrill Hermiston',NULL),(82,25,'Devan Hessel',NULL),(83,25,'Edyth Wisoky',NULL),(84,26,'Aliza Mante',NULL),(85,26,'Miss Yasmin Flatley',NULL),(86,26,'Sister Bechtelar',NULL),(87,27,'Julien Schiller',NULL),(88,27,'Camren Sanford DVM',NULL),(89,27,'Stone Gaylord',NULL),(90,27,'Isaias Douglas',NULL),(91,28,'Jovan Okuneva',NULL),(92,28,'Audrey O\'Hara',NULL),(93,28,'Kathryne Mante PhD',NULL),(94,28,'Irving Hermiston',NULL),(95,28,'Russ Price',NULL),(96,29,'Lavada Schmitt',NULL),(97,29,'Lola DuBuque',NULL),(98,29,'Elroy Roob',NULL),(99,29,'Clyde Schmeler III',NULL),(100,29,'Kylie Harvey I',NULL),(101,30,'Helmer Willms',NULL),(102,30,'Orpha Shanahan',NULL),(103,30,'Roslyn Mraz',NULL),(104,30,'Dr. Martin Ledner',NULL),(105,31,'Norwood Cole',NULL),(106,32,'Mitchell Schmidt',NULL),(107,32,'Dr. Gaetano O\'Hara',NULL),(108,32,'Jamal Bogan',NULL),(109,33,'Mr. Geovanni Quigley',NULL),(110,33,'Amira Feil',NULL),(111,33,'Vince Gerhold',NULL),(112,33,'Dr. Harley Beier',NULL),(113,34,'Gustave Cormier',NULL),(114,34,'Hiram Watsica',NULL),(115,34,'Marcel Kautzer',NULL),(116,35,'Jerome Moen',NULL),(117,35,'Vicky Marks',NULL),(118,36,'Everette Williamson',NULL),(119,36,'Letitia MacGyver',NULL),(120,36,'Guiseppe Leannon',NULL),(121,36,'Orval Turcotte I',NULL),(122,36,'Miss Darlene Rath',NULL),(123,37,'Janae Ortiz',NULL),(124,37,'Emery Padberg',NULL),(125,37,'Anastacio Gaylord',NULL),(126,37,'Carlee Denesik DVM',NULL),(127,37,'Stephanie Dicki',NULL),(128,38,'Blaze Fahey',NULL),(129,38,'Delia Rowe',NULL),(130,38,'Jany Kub PhD',NULL),(131,38,'Garth Stiedemann',NULL),(132,39,'Amos Kunze',NULL),(133,39,'Louvenia Wehner',NULL),(134,39,'Jeanie Borer III',NULL),(135,39,'Ms. Libby Goldner',NULL),(136,39,'Aida Bahringer',NULL),(137,40,'Lexie Wilkinson',NULL),(138,40,'Madisen Hyatt',NULL),(139,40,'Ms. Nathanial Gislason',NULL),(140,40,'Tomasa Mayert',NULL),(141,40,'Branson Lesch PhD',NULL),(142,41,'Golda Blanda',NULL),(143,41,'Olaf Sipes',NULL),(144,42,'Liliana Rogahn DVM',NULL),(145,42,'Geo Hoeger',NULL),(146,42,'Hope Hoppe',NULL),(147,43,'Christa Hartmann DDS',NULL),(148,44,'Demario Breitenberg',NULL),(149,44,'Cayla Prohaska',NULL),(150,44,'Vada Douglas',NULL),(151,45,'Jasper Johnston III',NULL),(152,45,'Scotty Gusikowski',NULL),(153,45,'Janis Goodwin MD',NULL),(154,46,'Keyshawn Balistreri',NULL),(155,47,'Mrs. Wava Quitzon',NULL),(156,47,'Ruby O\'Reilly',NULL),(157,48,'Ed Ebert',NULL),(158,48,'Phyllis Mitchell PhD',NULL),(159,49,'Elmira Hartmann',NULL),(160,49,'Carey Hartmann',NULL),(161,50,'Raoul Simonis',NULL),(162,50,'Mckenzie Wisoky',NULL),(163,51,'Dr. Leif Jast',NULL),(164,51,'Ms. Demarcus Turner',NULL),(165,51,'Jonas Klein DDS',NULL),(166,52,'Albin Hettinger',NULL),(167,52,'Hilda Kessler',NULL),(168,52,'Rubie Dietrich',NULL),(169,53,'Francisca Lindgren',NULL),(170,53,'Kallie Stanton DDS',NULL),(171,54,'Ellie Nolan',NULL),(172,54,'Miss Shanie Berge',NULL),(173,54,'Mr. Ruby Bartell',NULL),(174,54,'Nannie Cummerata',NULL),(175,54,'Tommie Hagenes',NULL),(176,55,'Teagan Schinner',NULL),(177,55,'Augustine Kerluke',NULL),(178,55,'Sarina Baumbach',NULL),(179,55,'Jayde Paucek',NULL),(180,55,'Mrs. Kennedy Durgan',NULL),(181,56,'Willie Gerhold V',NULL),(182,56,'Mrs. Cicero Thiel',NULL),(183,56,'Eloise VonRueden',NULL),(184,56,'Keenan Bogan',NULL),(185,56,'Johnny Adams',NULL),(186,57,'Jarred Lebsack',NULL),(187,57,'Elfrieda Schaden',NULL),(188,57,'Carolanne Stroman',NULL),(189,58,'Selina Ratke',NULL),(190,58,'Keaton Herzog',NULL),(191,58,'Malvina Langworth',NULL),(192,59,'Dr. Mariana Gaylord',NULL),(193,60,'Miss Tina Moore',NULL),(194,60,'Jaeden Wiza',NULL),(195,60,'Mrs. Creola Berge',NULL),(196,61,'Mrs. Dimitri Zieme',NULL),(197,61,'Emory Wilderman',NULL),(198,61,'Claudine Krajcik',NULL),(199,61,'Mr. Hiram Waelchi',NULL),(200,62,'Dr. Lucius Johnston',NULL),(201,63,'Itzel Mayer',NULL),(202,63,'Mr. Noemi Schultz',NULL),(203,64,'Annabelle Huel',NULL),(204,64,'Angelita Mosciski Jr.',NULL),(205,64,'Anabel Koelpin',NULL),(206,64,'Sylvan Herzog',NULL),(207,65,'Polly Farrell',NULL),(208,65,'Velma Schowalter',NULL),(209,65,'Preston Hirthe',NULL),(210,66,'Alexys Hyatt',NULL),(211,66,'Giovani Skiles',NULL),(212,66,'Miss Shyann Dickinson',NULL),(213,67,'Cyril Leannon',NULL),(214,67,'Evans Schultz',NULL),(215,67,'Kelton McLaughlin',NULL),(216,68,'Mathias Donnelly',NULL),(217,68,'Buddy Rohan',NULL),(218,69,'Evert Crooks V',NULL),(219,70,'Rafael Dibbert',NULL),(220,70,'Devonte Halvorson',NULL),(221,70,'Precious Hammes DVM',NULL),(222,71,'Stewart Gerlach',NULL),(223,72,'Demario Towne',NULL),(224,72,'Kayla Boyer',NULL),(225,72,'Merl Wintheiser',NULL),(226,73,'Billie Greenfelder Sr.',NULL),(227,73,'Aileen Willms',NULL),(228,73,'Ms. Teagan Bauch',NULL),(229,73,'Rusty Baumbach',NULL);
/*!40000 ALTER TABLE `accessories` ENABLE KEYS */;
UNLOCK TABLES;

--
-- Table structure for table `accessories_inventory_pools`
--

DROP TABLE IF EXISTS `accessories_inventory_pools`;
/*!40101 SET @saved_cs_client     = @@character_set_client */;
/*!40101 SET character_set_client = utf8 */;
CREATE TABLE `accessories_inventory_pools` (
  `accessory_id` int(11) DEFAULT NULL,
  `inventory_pool_id` int(11) DEFAULT NULL,
  UNIQUE KEY `index_accessories_inventory_pools` (`accessory_id`,`inventory_pool_id`),
  KEY `index_accessories_inventory_pools_on_inventory_pool_id` (`inventory_pool_id`),
  CONSTRAINT `accessories_inventory_pools_inventory_pool_id_fk` FOREIGN KEY (`inventory_pool_id`) REFERENCES `inventory_pools` (`id`),
  CONSTRAINT `accessories_inventory_pools_accessory_id_fk` FOREIGN KEY (`accessory_id`) REFERENCES `accessories` (`id`)
) ENGINE=InnoDB DEFAULT CHARSET=utf8 COLLATE=utf8_unicode_ci;
/*!40101 SET character_set_client = @saved_cs_client */;

--
-- Dumping data for table `accessories_inventory_pools`
--

LOCK TABLES `accessories_inventory_pools` WRITE;
/*!40000 ALTER TABLE `accessories_inventory_pools` DISABLE KEYS */;
INSERT INTO `accessories_inventory_pools` VALUES (2,1),(3,1),(5,1),(6,1),(7,1),(13,1),(14,1),(19,1),(21,1),(22,1),(24,1),(25,1),(27,1),(28,1),(29,1),(30,1),(31,1),(34,1),(35,1),(36,1),(37,1),(38,1),(39,1),(43,1),(52,1),(53,1),(55,1),(57,1),(61,1),(63,1),(64,1),(65,1),(67,1),(70,1),(71,1),(73,1),(77,1),(78,1),(80,1),(83,1),(84,1),(85,1),(88,1),(89,1),(90,1),(92,1),(94,1),(95,1),(98,1),(102,1),(103,1),(105,1),(106,1),(107,1),(108,1),(109,1),(111,1),(112,1),(113,1),(115,1),(117,1),(118,1),(119,1),(120,1),(121,1),(126,1),(128,1),(129,1),(131,1),(135,1),(137,1),(138,1),(139,1),(140,1),(141,1),(143,1),(144,1),(146,1),(147,1),(150,1),(153,1),(155,1),(156,1),(157,1),(158,1),(164,1),(166,1),(167,1),(168,1),(169,1),(173,1),(175,1),(176,1),(180,1),(182,1),(184,1),(186,1),(187,1),(189,1),(190,1),(192,1),(194,1),(195,1),(197,1),(198,1),(199,1),(201,1),(202,1),(204,1),(206,1),(207,1),(210,1),(212,1),(215,1),(217,1),(219,1),(221,1),(222,1),(225,1),(228,1);
/*!40000 ALTER TABLE `accessories_inventory_pools` ENABLE KEYS */;
UNLOCK TABLES;

--
-- Table structure for table `addresses`
--

DROP TABLE IF EXISTS `addresses`;
/*!40101 SET @saved_cs_client     = @@character_set_client */;
/*!40101 SET character_set_client = utf8 */;
CREATE TABLE `addresses` (
  `id` int(11) NOT NULL AUTO_INCREMENT,
  `street` varchar(255) COLLATE utf8_unicode_ci DEFAULT NULL,
  `zip_code` varchar(255) COLLATE utf8_unicode_ci DEFAULT NULL,
  `city` varchar(255) COLLATE utf8_unicode_ci DEFAULT NULL,
  `country_code` varchar(255) COLLATE utf8_unicode_ci DEFAULT NULL,
  `latitude` float DEFAULT NULL,
  `longitude` float DEFAULT NULL,
  PRIMARY KEY (`id`),
  UNIQUE KEY `index_addresses_on_street_and_zip_code_and_city_and_country_code` (`street`,`zip_code`,`city`,`country_code`)
) ENGINE=InnoDB DEFAULT CHARSET=utf8 COLLATE=utf8_unicode_ci;
/*!40101 SET character_set_client = @saved_cs_client */;

--
-- Dumping data for table `addresses`
--

LOCK TABLES `addresses` WRITE;
/*!40000 ALTER TABLE `addresses` DISABLE KEYS */;
/*!40000 ALTER TABLE `addresses` ENABLE KEYS */;
UNLOCK TABLES;

--
-- Table structure for table `attachments`
--

DROP TABLE IF EXISTS `attachments`;
/*!40101 SET @saved_cs_client     = @@character_set_client */;
/*!40101 SET character_set_client = utf8 */;
CREATE TABLE `attachments` (
  `id` int(11) NOT NULL AUTO_INCREMENT,
  `model_id` int(11) DEFAULT NULL,
  `is_main` tinyint(1) DEFAULT '0',
  `content_type` varchar(255) COLLATE utf8_unicode_ci DEFAULT NULL,
  `filename` varchar(255) COLLATE utf8_unicode_ci DEFAULT NULL,
  `size` int(11) DEFAULT NULL,
  PRIMARY KEY (`id`),
  KEY `index_attachments_on_model_id` (`model_id`),
  CONSTRAINT `attachments_model_id_fk` FOREIGN KEY (`model_id`) REFERENCES `models` (`id`) ON DELETE CASCADE
) ENGINE=InnoDB AUTO_INCREMENT=6 DEFAULT CHARSET=utf8 COLLATE=utf8_unicode_ci;
/*!40101 SET character_set_client = @saved_cs_client */;

--
-- Dumping data for table `attachments`
--

LOCK TABLES `attachments` WRITE;
/*!40000 ALTER TABLE `attachments` DISABLE KEYS */;
INSERT INTO `attachments` VALUES (1,16,0,'image/jpeg','eos',NULL),(2,17,0,'image/jpeg','modi',NULL),(3,74,0,'image/jpeg','ipsum',NULL),(4,75,0,'image/jpeg','ipsam',NULL),(5,75,0,'image/jpeg','molestiae',NULL);
/*!40000 ALTER TABLE `attachments` ENABLE KEYS */;
UNLOCK TABLES;

--
-- Table structure for table `authentication_systems`
--

DROP TABLE IF EXISTS `authentication_systems`;
/*!40101 SET @saved_cs_client     = @@character_set_client */;
/*!40101 SET character_set_client = utf8 */;
CREATE TABLE `authentication_systems` (
  `id` int(11) NOT NULL AUTO_INCREMENT,
  `name` varchar(255) COLLATE utf8_unicode_ci DEFAULT NULL,
  `class_name` varchar(255) COLLATE utf8_unicode_ci DEFAULT NULL,
  `is_default` tinyint(1) DEFAULT '0',
  `is_active` tinyint(1) DEFAULT '0',
  PRIMARY KEY (`id`)
) ENGINE=InnoDB AUTO_INCREMENT=4 DEFAULT CHARSET=utf8 COLLATE=utf8_unicode_ci;
/*!40101 SET character_set_client = @saved_cs_client */;

--
-- Dumping data for table `authentication_systems`
--

LOCK TABLES `authentication_systems` WRITE;
/*!40000 ALTER TABLE `authentication_systems` DISABLE KEYS */;
INSERT INTO `authentication_systems` VALUES (1,'Database Authentication','DatabaseAuthentication',1,1),(2,'LDAP Authentication','LdapAuthentication',0,0),(3,'ZHDK Authentication','Zhdk',0,0);
/*!40000 ALTER TABLE `authentication_systems` ENABLE KEYS */;
UNLOCK TABLES;

--
-- Table structure for table `buildings`
--

DROP TABLE IF EXISTS `buildings`;
/*!40101 SET @saved_cs_client     = @@character_set_client */;
/*!40101 SET character_set_client = utf8 */;
CREATE TABLE `buildings` (
  `id` int(11) NOT NULL AUTO_INCREMENT,
  `name` varchar(255) COLLATE utf8_unicode_ci DEFAULT NULL,
  `code` varchar(255) COLLATE utf8_unicode_ci DEFAULT NULL,
  PRIMARY KEY (`id`)
) ENGINE=InnoDB AUTO_INCREMENT=164 DEFAULT CHARSET=utf8 COLLATE=utf8_unicode_ci;
/*!40101 SET character_set_client = @saved_cs_client */;

--
-- Dumping data for table `buildings`
--

LOCK TABLES `buildings` WRITE;
/*!40000 ALTER TABLE `buildings` DISABLE KEYS */;
INSERT INTO `buildings` VALUES (1,'Ausstellungsstrasse 60','AU60'),(2,'Voluptatumutaperiam','dol'),(3,'Adipisciiustoquod','exe'),(4,'Doloremautdolor','eiu'),(5,'Earumomnisautem','con'),(6,'Seddolorestemporibus','sit'),(7,'Abculpaet','ass'),(8,'Doloresessererum','dis'),(9,'Eosperspiciatisaut','qui'),(10,'Suntquiadipisci','dol'),(11,'Laboriosamliberoquia','cup'),(12,'Quisedullam','dig'),(13,'Etteneturesse','sun'),(14,'Sedquiasunt','con'),(15,'Quiipsamenim','vel'),(16,'Officiisculpatemporibus','vol'),(17,'Etvelitillo','utn'),(18,'Estvelitperferendis','inv'),(19,'Voluptatemtemporibusducimus','des'),(20,'Quisquamnostrumullam','lab'),(21,'Perferendisdoloreos','ess'),(22,'Natusvoluptatemaut','mag'),(23,'Dolorumaliquamenim','eli'),(24,'Etquaeratad','qui'),(25,'Atqueblanditiisfugiat','con'),(26,'Omnislaudantiumculpa','ver'),(27,'Esteumlibero','num'),(28,'Autquasat','del'),(29,'Nonvoluptateomnis','qua'),(30,'Nonrerumfacere','vel'),(31,'Ipsumculpaomnis','uta'),(32,'Etautsunt','ame'),(33,'Perspiciatisdoloressit','quo'),(34,'Natusestveniam','fug'),(35,'Saepeomnisenim','nul'),(36,'Ullamnihilrepellendus','ali'),(37,'Quaevoluptatibuset','qua'),(38,'Quodoloremvoluptatum','pro'),(39,'Etnostrumpariatur','est'),(40,'Utfugaet','fac'),(41,'Fuganullaquisquam','sit'),(42,'Cumquequiaoptio','err'),(43,'Velquivoluptas','cum'),(44,'Itaqueeosnobis','vel'),(45,'Sitaccusamusdoloribus','ips'),(46,'Numquametmagni','ven'),(47,'Quashicquibusdam','deb'),(48,'Natusquiest','max'),(49,'Delectusevenietcum','rat'),(50,'Etetvel','dol'),(51,'Animiexercitationemid','exe'),(52,'Debitisquiacumque','per'),(53,'Itaqueteneturiure','par'),(54,'Ipsumautdebitis','nul'),(55,'Ullamdoloremfacere','seq'),(56,'Delenitiullamipsam','etq'),(57,'Remdelectusmolestiae','pro'),(58,'Cumquemolestiaeest','dol'),(59,'Dictadolorumculpa','vol'),(60,'Eiusautemexpedita','con'),(61,'Fugasitiste','eta'),(62,'Repellatutnobis','deb'),(63,'Erroreosasperiores','dol'),(64,'Velitametest','qui'),(65,'Velitlaboriosamvoluptatibus','max'),(66,'Noncupiditatelaudantium','ali'),(67,'Voluptatemaspernaturenim','aut'),(68,'Harumnemocupiditate','eni'),(69,'Utquassint','pra'),(70,'Corrupticonsequaturnam','max'),(71,'Sitiustoneque','eiu'),(72,'Nonquiscumque','sed'),(73,'Perferendisinenim','vel'),(74,'Corruptianimiquae','ull'),(75,'Nonillumvoluptatem','ets'),(76,'Perferendisautnesciunt','cor'),(77,'Veroipsamomnis','fac'),(78,'Quibusdamrecusandaeodio','vol'),(79,'Voluptasiurecum','qui'),(80,'Sednobisarchitecto','off'),(81,'Seddoloribussunt','uta'),(82,'Utetin','min'),(83,'Commodienimincidunt','dol'),(84,'Exexercitationemnobis','cup'),(85,'Repellatlaboriosamvel','qui'),(86,'Perspiciatisquodmaiores','eos'),(87,'Minusipsameos','qua'),(88,'Nonarchitectoquasi','nul'),(89,'Dignissimosquout','qui'),(90,'Praesentiumistedolor','qui'),(91,'Autquidemnobis','rer'),(92,'Beataedelenitiminus','etq'),(93,'Voluptatesinnon','aut'),(94,'Nullaatqueeius','dol'),(95,'Similiquenihilsed','und'),(96,'Consequatureummaiores','con'),(97,'Cumqueanimiipsam','ear'),(98,'Eainet','par'),(99,'Quiconsequaturdolorem','ull'),(100,'Essequiacumque','nes'),(101,'Accusamusnamomnis','vel'),(102,'Liberoperferendisaut','neq'),(103,'Officiautrem','qua'),(104,'Iuredeseruntmolestias','qui'),(105,'Sintodiolaudantium','bla'),(106,'Illoquasiet','quo'),(107,'Autemquiminima','vol'),(108,'Autnonvel','eos'),(109,'Eaomniscorrupti','qua'),(110,'Velquasnemo','con'),(111,'Omnisdebitisquis','rep'),(112,'Sedreprehenderitoccaecati','eni'),(113,'Etasit','tem'),(114,'Aperiamenimbeatae','etu'),(115,'Temporahicquos','aut'),(116,'Auteaqueconsectetur','omn'),(117,'Dolorquiainventore','ips'),(118,'Harumautdeleniti','aut'),(119,'Sequimolestiasveniam','ini'),(120,'Voluptatesnostrumipsam','vol'),(121,'Illumeaautem','ill'),(122,'Autquasireiciendis','nis'),(123,'Eosiddoloribus','atq'),(124,'Etpossimusdolorum','vel'),(125,'Istepraesentiumquae','sun'),(126,'Laborequiest','min'),(127,'Estnonveritatis','qui'),(128,'Praesentiumeadistinctio','vel'),(129,'Aperiamutaccusamus','lib'),(130,'Autemsuscipitvoluptatem','qui'),(131,'Earumvoluptatesofficia','cor'),(132,'Voluptateminventorelaboriosam','ata'),(133,'Voluptateseaet','des'),(134,'Accusantiumasperioresin','aut'),(135,'Inautratione','qui'),(136,'Delectussitet','est'),(137,'Earumdoloremrecusandae','mag'),(138,'Nonvoluptasdolorem','eni'),(139,'Ipsamexpeditased','mol'),(140,'Exofficiaesse','nes'),(141,'Evenietoditquod','mag'),(142,'Fugiatnumquamdebitis','mod'),(143,'Assumendanisinesciunt','seq'),(144,'Pariaturofficiisquia','inv'),(145,'Perferendiseiusipsum','com'),(146,'Quiaaccusamussed','acc'),(147,'Eumnatusnam','nes'),(148,'Namquisrerum','acc'),(149,'Quitotameum','exp'),(150,'Rerumoptioconsectetur','cor'),(151,'Autvoluptatumdebitis','eve'),(152,'Voluptatemoccaecatiin','occ'),(153,'Idnamet','etd'),(154,'Architectovelnam','rer'),(155,'Quoutest','qui'),(156,'Utconsequatursoluta','sit'),(157,'Quaecommodiest','quo'),(158,'Harumquasisunt','nam'),(159,'Quiaminimaquas','rep'),(160,'Nonaliquidsit','tem'),(161,'Fugaetquas','inc'),(162,'Eosestdoloribus','dol'),(163,'Illoutut','com');
/*!40000 ALTER TABLE `buildings` ENABLE KEYS */;
UNLOCK TABLES;

--
-- Table structure for table `contract_lines`
--

DROP TABLE IF EXISTS `contract_lines`;
/*!40101 SET @saved_cs_client     = @@character_set_client */;
/*!40101 SET character_set_client = utf8 */;
CREATE TABLE `contract_lines` (
  `id` int(11) NOT NULL AUTO_INCREMENT,
  `contract_id` int(11) DEFAULT NULL,
  `type` varchar(255) COLLATE utf8_unicode_ci NOT NULL DEFAULT 'ItemLine',
  `item_id` int(11) DEFAULT NULL,
  `model_id` int(11) DEFAULT NULL,
  `quantity` int(11) DEFAULT '1',
  `start_date` date DEFAULT NULL,
  `end_date` date DEFAULT NULL,
  `returned_date` date DEFAULT NULL,
  `option_id` int(11) DEFAULT NULL,
  `purpose_id` int(11) DEFAULT NULL,
  `returned_to_user_id` int(11) DEFAULT NULL,
  `created_at` datetime DEFAULT NULL,
  `updated_at` datetime DEFAULT NULL,
  PRIMARY KEY (`id`),
  KEY `index_contract_lines_on_start_date` (`start_date`),
  KEY `index_contract_lines_on_end_date` (`end_date`),
  KEY `index_contract_lines_on_option_id` (`option_id`),
  KEY `index_contract_lines_on_contract_id` (`contract_id`),
  KEY `index_contract_lines_on_item_id` (`item_id`),
  KEY `index_contract_lines_on_model_id` (`model_id`),
  KEY `index_contract_lines_on_returned_date_and_contract_id` (`returned_date`,`contract_id`),
  KEY `index_contract_lines_on_type_and_contract_id` (`type`,`contract_id`),
  KEY `contract_lines_purpose_id_fk` (`purpose_id`),
  KEY `contract_lines_returned_to_user_id_fk` (`returned_to_user_id`),
  CONSTRAINT `contract_lines_returned_to_user_id_fk` FOREIGN KEY (`returned_to_user_id`) REFERENCES `users` (`id`),
  CONSTRAINT `contract_lines_contract_id_fk` FOREIGN KEY (`contract_id`) REFERENCES `contracts` (`id`) ON DELETE CASCADE,
  CONSTRAINT `contract_lines_item_id_fk` FOREIGN KEY (`item_id`) REFERENCES `items` (`id`),
  CONSTRAINT `contract_lines_model_id_fk` FOREIGN KEY (`model_id`) REFERENCES `models` (`id`),
  CONSTRAINT `contract_lines_option_id_fk` FOREIGN KEY (`option_id`) REFERENCES `options` (`id`),
  CONSTRAINT `contract_lines_purpose_id_fk` FOREIGN KEY (`purpose_id`) REFERENCES `purposes` (`id`)
) ENGINE=InnoDB AUTO_INCREMENT=189 DEFAULT CHARSET=utf8 COLLATE=utf8_unicode_ci;
/*!40101 SET character_set_client = @saved_cs_client */;

--
-- Dumping data for table `contract_lines`
--

LOCK TABLES `contract_lines` WRITE;
/*!40000 ALTER TABLE `contract_lines` DISABLE KEYS */;
INSERT INTO `contract_lines` VALUES (1,1,'ItemLine',NULL,109,1,'2013-12-13','2013-12-13',NULL,NULL,NULL,NULL,'2013-12-12 23:43:10','2013-12-12 23:43:10'),(2,1,'ItemLine',NULL,113,1,'2013-12-13','2013-12-13',NULL,NULL,NULL,NULL,'2013-12-12 23:43:10','2013-12-12 23:43:10'),(3,1,'ItemLine',NULL,117,1,'2013-12-13','2013-12-13',NULL,NULL,NULL,NULL,'2013-12-12 23:43:10','2013-12-12 23:43:10'),(4,1,'ItemLine',NULL,121,1,'2013-12-13','2013-12-13',NULL,NULL,NULL,NULL,'2013-12-12 23:43:10','2013-12-12 23:43:10'),(5,2,'ItemLine',NULL,4,1,'2013-12-13','2013-12-13',NULL,NULL,NULL,NULL,'2013-12-12 23:43:10','2013-12-12 23:43:10'),(6,2,'ItemLine',NULL,125,1,'2013-12-13','2013-12-13',NULL,NULL,NULL,NULL,'2013-12-12 23:43:10','2013-12-12 23:43:10'),(7,2,'ItemLine',NULL,129,1,'2013-12-13','2013-12-13',NULL,NULL,NULL,NULL,'2013-12-12 23:43:10','2013-12-12 23:43:10'),(8,2,'ItemLine',NULL,133,1,'2013-12-13','2013-12-13',NULL,NULL,NULL,NULL,'2013-12-12 23:43:10','2013-12-12 23:43:10'),(9,3,'ItemLine',NULL,8,1,'2013-12-20','2013-12-23',NULL,NULL,1,NULL,'2013-12-12 23:43:10','2013-12-12 23:43:10'),(10,3,'ItemLine',NULL,8,1,'2013-12-20','2013-12-23',NULL,NULL,1,NULL,'2013-12-12 23:43:10','2013-12-12 23:43:10'),(11,3,'ItemLine',NULL,8,1,'2013-12-20','2013-12-23',NULL,NULL,1,NULL,'2013-12-12 23:43:10','2013-12-12 23:43:10'),(12,3,'ItemLine',NULL,8,1,'2013-12-20','2013-12-23',NULL,NULL,1,NULL,'2013-12-12 23:43:10','2013-12-12 23:43:10'),(13,3,'ItemLine',NULL,9,1,'2013-12-20','2013-12-23',NULL,NULL,2,NULL,'2013-12-12 23:43:10','2013-12-12 23:43:10'),(14,3,'ItemLine',NULL,9,1,'2013-12-20','2013-12-23',NULL,NULL,2,NULL,'2013-12-12 23:43:10','2013-12-12 23:43:10'),(15,3,'ItemLine',NULL,9,1,'2013-12-20','2013-12-23',NULL,NULL,2,NULL,'2013-12-12 23:43:10','2013-12-12 23:43:10'),(16,3,'ItemLine',NULL,9,1,'2013-12-20','2013-12-23',NULL,NULL,2,NULL,'2013-12-12 23:43:10','2013-12-12 23:43:10'),(17,4,'ItemLine',NULL,22,1,'2013-12-13','2013-12-14',NULL,NULL,3,NULL,'2013-12-12 23:43:10','2013-12-12 23:43:10'),(18,5,'ItemLine',NULL,3,1,'2013-12-13','2013-12-13',NULL,NULL,4,NULL,'2013-12-12 23:43:10','2013-12-12 23:43:10'),(19,5,'ItemLine',NULL,66,1,'2013-12-13','2013-12-13',NULL,NULL,4,NULL,'2013-12-12 23:43:10','2013-12-12 23:43:10'),(20,5,'ItemLine',NULL,61,1,'2013-12-13','2013-12-13',NULL,NULL,4,NULL,'2013-12-12 23:43:10','2013-12-12 23:43:10'),(21,6,'ItemLine',NULL,81,1,'2013-12-13','2013-12-13',NULL,NULL,5,NULL,'2013-12-12 23:43:10','2013-12-12 23:43:10'),(22,6,'ItemLine',NULL,84,1,'2013-12-13','2013-12-13',NULL,NULL,5,NULL,'2013-12-12 23:43:10','2013-12-12 23:43:10'),(23,6,'ItemLine',NULL,4,1,'2013-12-13','2013-12-13',NULL,NULL,5,NULL,'2013-12-12 23:43:10','2013-12-12 23:43:10'),(24,7,'ItemLine',NULL,1,1,'2013-12-13','2013-12-13',NULL,NULL,6,NULL,'2013-12-12 23:43:10','2013-12-12 23:43:10'),(25,7,'ItemLine',NULL,2,1,'2013-12-13','2013-12-13',NULL,NULL,6,NULL,'2013-12-12 23:43:10','2013-12-12 23:43:10'),(26,7,'ItemLine',NULL,78,1,'2013-12-13','2013-12-13',NULL,NULL,6,NULL,'2013-12-12 23:43:10','2013-12-12 23:43:10'),(27,7,'ItemLine',NULL,86,1,'2013-12-13','2013-12-13',NULL,NULL,6,NULL,'2013-12-12 23:43:10','2013-12-12 23:43:10'),(28,8,'ItemLine',NULL,38,1,'2013-12-13','2013-12-13',NULL,NULL,7,NULL,'2013-12-12 23:43:10','2013-12-12 23:43:10'),(29,8,'ItemLine',NULL,70,1,'2013-12-13','2013-12-13',NULL,NULL,7,NULL,'2013-12-12 23:43:10','2013-12-12 23:43:10'),(30,8,'ItemLine',NULL,2,1,'2013-12-13','2013-12-13',NULL,NULL,7,NULL,'2013-12-12 23:43:10','2013-12-12 23:43:10'),(31,9,'ItemLine',NULL,137,1,'2013-12-10','2013-12-10',NULL,NULL,8,NULL,'2013-12-09 23:43:10','2013-12-09 23:43:10'),(32,9,'ItemLine',NULL,138,1,'2013-12-10','2013-12-10',NULL,NULL,8,NULL,'2013-12-09 23:43:10','2013-12-09 23:43:10'),(33,9,'ItemLine',NULL,139,1,'2013-12-10','2013-12-10',NULL,NULL,8,NULL,'2013-12-09 23:43:10','2013-12-09 23:43:10'),(34,9,'ItemLine',NULL,19,1,'2013-12-10','2013-12-10',NULL,NULL,9,NULL,'2013-12-09 23:43:10','2013-12-09 23:43:10'),(35,10,'ItemLine',NULL,140,1,'2013-12-13','2013-12-13',NULL,NULL,10,NULL,'2013-12-12 23:43:10','2013-12-12 23:43:10'),(36,10,'ItemLine',NULL,141,1,'2013-12-13','2013-12-13',NULL,NULL,10,NULL,'2013-12-12 23:43:10','2013-12-12 23:43:10'),(37,10,'ItemLine',NULL,142,1,'2013-12-13','2013-12-13',NULL,NULL,10,NULL,'2013-12-12 23:43:10','2013-12-12 23:43:10'),(38,10,'ItemLine',NULL,143,1,'2013-12-13','2013-12-13',NULL,NULL,10,NULL,'2013-12-12 23:43:10','2013-12-12 23:43:10'),(39,10,'ItemLine',NULL,144,1,'2013-12-13','2013-12-13',NULL,NULL,10,NULL,'2013-12-12 23:43:10','2013-12-12 23:43:10'),(40,10,'ItemLine',NULL,21,1,'2013-12-13','2013-12-13',NULL,NULL,11,NULL,'2013-12-12 23:43:10','2013-12-12 23:43:10'),(41,11,'ItemLine',NULL,145,1,'2013-12-13','2013-12-13',NULL,NULL,12,NULL,'2013-12-12 23:43:10','2013-12-12 23:43:10'),(42,11,'ItemLine',NULL,146,1,'2013-12-13','2013-12-13',NULL,NULL,12,NULL,'2013-12-12 23:43:10','2013-12-12 23:43:10'),(43,11,'ItemLine',NULL,147,1,'2013-12-13','2013-12-13',NULL,NULL,12,NULL,'2013-12-12 23:43:10','2013-12-12 23:43:10'),(44,11,'ItemLine',NULL,148,1,'2013-12-13','2013-12-13',NULL,NULL,12,NULL,'2013-12-12 23:43:10','2013-12-12 23:43:10'),(45,11,'ItemLine',NULL,149,1,'2013-12-13','2013-12-13',NULL,NULL,12,NULL,'2013-12-12 23:43:10','2013-12-12 23:43:10'),(46,12,'ItemLine',NULL,150,1,'2013-12-13','2013-12-13',NULL,NULL,13,NULL,'2013-12-12 23:43:10','2013-12-12 23:43:10'),(47,12,'ItemLine',NULL,151,1,'2013-12-13','2013-12-13',NULL,NULL,13,NULL,'2013-12-12 23:43:10','2013-12-12 23:43:10'),(48,12,'ItemLine',NULL,152,1,'2013-12-13','2013-12-13',NULL,NULL,13,NULL,'2013-12-12 23:43:10','2013-12-12 23:43:10'),(49,12,'ItemLine',NULL,153,1,'2013-12-13','2013-12-13',NULL,NULL,13,NULL,'2013-12-12 23:43:10','2013-12-12 23:43:10'),(50,12,'ItemLine',NULL,154,1,'2013-12-13','2013-12-13',NULL,NULL,13,NULL,'2013-12-12 23:43:10','2013-12-12 23:43:10'),(51,13,'ItemLine',NULL,155,1,'2013-12-13','2013-12-13',NULL,NULL,14,NULL,'2013-12-12 23:43:10','2013-12-12 23:43:10'),(52,13,'ItemLine',NULL,156,1,'2013-12-13','2013-12-13',NULL,NULL,14,NULL,'2013-12-12 23:43:10','2013-12-12 23:43:10'),(53,13,'ItemLine',NULL,157,1,'2013-12-13','2013-12-13',NULL,NULL,14,NULL,'2013-12-12 23:43:10','2013-12-12 23:43:10'),(54,14,'ItemLine',NULL,158,1,'2013-12-06','2013-12-06',NULL,NULL,15,NULL,'2013-12-05 23:43:10','2013-12-05 23:43:10'),(55,14,'ItemLine',NULL,159,1,'2013-12-06','2013-12-06',NULL,NULL,15,NULL,'2013-12-05 23:43:10','2013-12-05 23:43:10'),(56,14,'ItemLine',NULL,160,1,'2013-12-06','2013-12-06',NULL,NULL,15,NULL,'2013-12-05 23:43:10','2013-12-05 23:43:10'),(57,14,'ItemLine',NULL,20,1,'2013-12-06','2013-12-06',NULL,NULL,16,NULL,'2013-12-05 23:43:10','2013-12-05 23:43:10'),(58,14,'ItemLine',NULL,20,1,'2013-12-06','2013-12-06',NULL,NULL,16,NULL,'2013-12-05 23:43:10','2013-12-05 23:43:10'),(59,15,'ItemLine',NULL,161,1,'2013-12-11','2013-12-11',NULL,NULL,17,NULL,'2013-12-10 23:43:10','2013-12-10 23:43:10'),(60,15,'ItemLine',NULL,162,1,'2013-12-11','2013-12-11',NULL,NULL,17,NULL,'2013-12-10 23:43:10','2013-12-10 23:43:10'),(61,15,'ItemLine',NULL,163,1,'2013-12-11','2013-12-11',NULL,NULL,17,NULL,'2013-12-10 23:43:10','2013-12-10 23:43:10'),(62,15,'ItemLine',NULL,164,1,'2013-12-11','2013-12-11',NULL,NULL,17,NULL,'2013-12-10 23:43:10','2013-12-10 23:43:10'),(63,15,'ItemLine',NULL,165,1,'2013-12-11','2013-12-11',NULL,NULL,17,NULL,'2013-12-10 23:43:10','2013-12-10 23:43:10'),(64,16,'ItemLine',NULL,8,1,'2013-12-20','2013-12-23',NULL,NULL,18,NULL,'2013-12-12 23:43:10','2013-12-12 23:43:10'),(65,16,'ItemLine',NULL,9,1,'2013-12-20','2013-12-23',NULL,NULL,19,NULL,'2013-12-12 23:43:10','2013-12-12 23:43:10'),(66,16,'ItemLine',NULL,9,1,'2013-12-21','2013-12-24',NULL,NULL,20,NULL,'2013-12-12 23:43:10','2013-12-12 23:43:10'),(67,17,'ItemLine',NULL,6,1,'2013-12-13','2013-12-14',NULL,NULL,21,NULL,'2013-12-12 23:43:10','2013-12-12 23:43:10'),(68,18,'ItemLine',NULL,166,1,'2013-12-13','2013-12-13',NULL,NULL,22,NULL,'2013-12-12 23:43:10','2013-12-12 23:43:10'),(69,18,'ItemLine',NULL,170,1,'2013-12-13','2013-12-13',NULL,NULL,22,NULL,'2013-12-12 23:43:10','2013-12-12 23:43:10'),(70,18,'ItemLine',NULL,174,1,'2013-12-13','2013-12-13',NULL,NULL,22,NULL,'2013-12-12 23:43:10','2013-12-12 23:43:10'),(71,18,'ItemLine',NULL,178,1,'2013-12-13','2013-12-13',NULL,NULL,22,NULL,'2013-12-12 23:43:10','2013-12-12 23:43:10'),(72,19,'ItemLine',196,182,1,'2013-12-13','2013-12-13',NULL,NULL,23,NULL,'2013-12-12 23:43:10','2013-12-12 23:43:10'),(73,19,'ItemLine',197,183,1,'2013-12-13','2013-12-13',NULL,NULL,23,NULL,'2013-12-12 23:43:10','2013-12-12 23:43:10'),(74,19,'ItemLine',198,184,1,'2013-12-13','2013-12-13',NULL,NULL,23,NULL,'2013-12-12 23:43:10','2013-12-12 23:43:10'),(75,19,'ItemLine',199,185,1,'2013-12-13','2013-12-13',NULL,NULL,23,NULL,'2013-12-12 23:43:10','2013-12-12 23:43:10'),(76,19,'ItemLine',200,186,1,'2013-12-13','2013-12-13',NULL,NULL,23,NULL,'2013-12-12 23:43:10','2013-12-12 23:43:10'),(77,19,'ItemLine',201,187,1,'2013-12-13','2013-12-13',NULL,NULL,23,NULL,'2013-12-12 23:43:10','2013-12-12 23:43:10'),(78,19,'ItemLine',202,188,1,'2013-12-13','2013-12-13',NULL,NULL,23,NULL,'2013-12-12 23:43:10','2013-12-12 23:43:10'),(79,19,'ItemLine',203,189,1,'2013-12-13','2013-12-13',NULL,NULL,23,NULL,'2013-12-12 23:43:10','2013-12-12 23:43:10'),(80,19,'ItemLine',204,190,1,'2013-12-13','2013-12-13',NULL,NULL,23,NULL,'2013-12-12 23:43:10','2013-12-12 23:43:10'),(81,19,'ItemLine',205,191,1,'2013-12-13','2013-12-13',NULL,NULL,23,NULL,'2013-12-12 23:43:10','2013-12-12 23:43:10'),(82,19,'ItemLine',206,192,1,'2013-12-13','2013-12-13',NULL,NULL,23,NULL,'2013-12-12 23:43:10','2013-12-12 23:43:10'),(83,19,'ItemLine',207,193,1,'2013-12-13','2013-12-13',NULL,NULL,23,NULL,'2013-12-12 23:43:10','2013-12-12 23:43:10'),(84,19,'ItemLine',208,194,1,'2013-12-13','2013-12-13',NULL,NULL,23,NULL,'2013-12-12 23:43:10','2013-12-12 23:43:10'),(85,19,'ItemLine',209,195,1,'2013-12-13','2013-12-13',NULL,NULL,23,NULL,'2013-12-12 23:43:10','2013-12-12 23:43:10'),(86,19,'ItemLine',210,196,1,'2013-12-13','2013-12-13',NULL,NULL,23,NULL,'2013-12-12 23:43:10','2013-12-12 23:43:10'),(87,19,'ItemLine',211,197,1,'2013-12-13','2013-12-13',NULL,NULL,23,NULL,'2013-12-12 23:43:10','2013-12-12 23:43:10'),(88,19,'ItemLine',212,198,1,'2013-12-13','2013-12-13',NULL,NULL,23,NULL,'2013-12-12 23:43:10','2013-12-12 23:43:10'),(89,19,'ItemLine',213,199,1,'2013-12-13','2013-12-13',NULL,NULL,23,NULL,'2013-12-12 23:43:10','2013-12-12 23:43:10'),(90,19,'ItemLine',214,200,1,'2013-12-13','2013-12-13',NULL,NULL,23,NULL,'2013-12-12 23:43:10','2013-12-12 23:43:10'),(91,19,'ItemLine',215,201,1,'2013-12-13','2013-12-13',NULL,NULL,23,NULL,'2013-12-12 23:43:10','2013-12-12 23:43:10'),(92,19,'ItemLine',216,202,1,'2013-12-13','2013-12-13',NULL,NULL,23,NULL,'2013-12-12 23:43:10','2013-12-12 23:43:10'),(93,19,'ItemLine',217,203,1,'2013-12-13','2013-12-13',NULL,NULL,23,NULL,'2013-12-12 23:43:10','2013-12-12 23:43:10'),(94,19,'ItemLine',218,204,1,'2013-12-13','2013-12-13',NULL,NULL,23,NULL,'2013-12-12 23:43:10','2013-12-12 23:43:10'),(95,19,'ItemLine',219,205,1,'2013-12-13','2013-12-13',NULL,NULL,23,NULL,'2013-12-12 23:43:10','2013-12-12 23:43:10'),(96,19,'ItemLine',220,206,1,'2013-12-13','2013-12-13',NULL,NULL,23,NULL,'2013-12-12 23:43:10','2013-12-12 23:43:10'),(97,19,'ItemLine',221,207,1,'2013-12-13','2013-12-13',NULL,NULL,23,NULL,'2013-12-12 23:43:10','2013-12-12 23:43:10'),(98,19,'ItemLine',222,208,1,'2013-12-13','2013-12-13',NULL,NULL,23,NULL,'2013-12-12 23:43:10','2013-12-12 23:43:10'),(99,19,'ItemLine',223,209,1,'2013-12-13','2013-12-13',NULL,NULL,23,NULL,'2013-12-12 23:43:10','2013-12-12 23:43:10'),(100,19,'ItemLine',224,210,1,'2013-12-13','2013-12-13',NULL,NULL,23,NULL,'2013-12-12 23:43:10','2013-12-12 23:43:10'),(101,19,'ItemLine',225,211,1,'2013-12-13','2013-12-13',NULL,NULL,23,NULL,'2013-12-12 23:43:10','2013-12-12 23:43:10'),(102,19,'ItemLine',226,212,1,'2013-12-13','2013-12-13',NULL,NULL,23,NULL,'2013-12-12 23:43:10','2013-12-12 23:43:10'),(103,19,'ItemLine',227,213,1,'2013-12-13','2013-12-13',NULL,NULL,23,NULL,'2013-12-12 23:43:10','2013-12-12 23:43:10'),(104,19,'ItemLine',228,214,1,'2013-12-13','2013-12-13',NULL,NULL,23,NULL,'2013-12-12 23:43:10','2013-12-12 23:43:10'),(105,19,'ItemLine',229,215,1,'2013-12-13','2013-12-13',NULL,NULL,23,NULL,'2013-12-12 23:43:10','2013-12-12 23:43:10'),(106,19,'ItemLine',230,216,1,'2013-12-13','2013-12-13',NULL,NULL,23,NULL,'2013-12-12 23:43:10','2013-12-12 23:43:10'),(107,19,'ItemLine',231,217,1,'2013-12-13','2013-12-13',NULL,NULL,23,NULL,'2013-12-12 23:43:10','2013-12-12 23:43:10'),(108,19,'ItemLine',232,218,1,'2013-12-13','2013-12-13',NULL,NULL,23,NULL,'2013-12-12 23:43:10','2013-12-12 23:43:10'),(109,19,'ItemLine',NULL,219,1,'2013-12-13','2013-12-13',NULL,NULL,24,NULL,'2013-12-12 23:43:10','2013-12-12 23:43:10'),(110,20,'ItemLine',NULL,220,1,'2013-12-09','2013-12-09',NULL,NULL,25,NULL,'2013-12-08 23:43:10','2013-12-08 23:43:10'),(111,20,'ItemLine',NULL,221,1,'2013-12-09','2013-12-09',NULL,NULL,25,NULL,'2013-12-08 23:43:10','2013-12-08 23:43:10'),(112,20,'ItemLine',NULL,222,1,'2013-12-09','2013-12-09',NULL,NULL,25,NULL,'2013-12-08 23:43:10','2013-12-08 23:43:10'),(113,20,'ItemLine',NULL,223,1,'2013-12-09','2013-12-09',NULL,NULL,25,NULL,'2013-12-08 23:43:10','2013-12-08 23:43:10'),(114,20,'ItemLine',NULL,224,1,'2013-12-09','2013-12-09',NULL,NULL,25,NULL,'2013-12-08 23:43:10','2013-12-08 23:43:10'),(115,20,'ItemLine',NULL,19,1,'2013-12-09','2013-12-09',NULL,NULL,26,NULL,'2013-12-08 23:43:10','2013-12-08 23:43:10'),(116,21,'ItemLine',88,19,1,'2013-07-13','2013-07-15','2013-07-13',NULL,27,NULL,'2013-07-12 22:43:10','2013-07-12 22:43:10'),(117,22,'ItemLine',239,225,1,'2013-12-13','2013-12-13',NULL,NULL,28,NULL,'2013-12-12 23:43:10','2013-12-12 23:43:10'),(118,22,'OptionLine',NULL,NULL,2,'2013-12-13','2013-12-13',NULL,5,29,NULL,'2013-12-12 23:43:10','2013-12-12 23:43:10'),(119,23,'OptionLine',NULL,NULL,2,'2013-12-13','2013-12-13',NULL,4,30,NULL,'2013-12-12 23:43:10','2013-12-12 23:43:10'),(120,23,'OptionLine',NULL,NULL,1,'2013-12-13','2014-01-13',NULL,4,31,NULL,'2013-12-12 23:43:10','2013-12-12 23:43:10'),(121,24,'ItemLine',240,226,1,'2013-12-13','2013-12-13',NULL,NULL,32,NULL,'2013-12-12 23:43:10','2013-12-12 23:43:10'),(122,25,'ItemLine',NULL,227,1,'2013-12-08','2013-12-12',NULL,NULL,33,NULL,'2013-12-07 23:43:10','2013-12-07 23:43:10'),(123,25,'OptionLine',NULL,NULL,1,'2013-12-08','2013-12-12',NULL,6,34,NULL,'2013-12-07 23:43:10','2013-12-07 23:43:10'),(124,26,'ItemLine',86,4,1,'2013-12-13','2013-12-13','2013-12-13',NULL,35,NULL,'2013-12-12 23:43:10','2013-12-12 23:43:10'),(125,27,'ItemLine',87,4,1,'2013-12-13','2013-12-13','2013-12-13',NULL,36,NULL,'2013-12-12 23:43:10','2013-12-12 23:43:10'),(126,28,'ItemLine',242,228,1,'2013-12-13','2013-12-13','2013-12-13',NULL,37,NULL,'2013-12-12 23:43:10','2013-12-12 23:43:10'),(127,29,'ItemLine',122,99,1,'2013-12-13','2013-12-13','2013-12-13',NULL,38,NULL,'2013-12-12 23:43:10','2013-12-12 23:43:10'),(128,30,'ItemLine',NULL,9,1,'2013-12-13','2013-12-13',NULL,NULL,39,NULL,'2013-12-12 23:43:10','2013-12-12 23:43:10'),(129,31,'ItemLine',NULL,9,1,'2013-12-13','2013-12-13',NULL,NULL,40,NULL,'2013-12-12 23:43:10','2013-12-12 23:43:10'),(130,31,'ItemLine',NULL,2,1,'2013-12-13','2013-12-13',NULL,NULL,41,NULL,'2013-12-12 23:43:10','2013-12-12 23:43:10'),(131,32,'ItemLine',NULL,9,1,'2013-12-20','2013-12-21',NULL,NULL,42,NULL,'2013-12-12 23:43:10','2013-12-12 23:43:10'),(132,33,'ItemLine',NULL,2,1,'2013-12-13','2013-12-13',NULL,NULL,43,NULL,'2013-12-12 23:43:10','2013-12-12 23:43:10'),(133,33,'ItemLine',NULL,2,1,'2013-12-13','2013-12-13',NULL,NULL,43,NULL,'2013-12-12 23:43:10','2013-12-12 23:43:10'),(134,33,'ItemLine',NULL,2,1,'2013-12-13','2013-12-13',NULL,NULL,43,NULL,'2013-12-12 23:43:10','2013-12-12 23:43:10'),(135,34,'ItemLine',NULL,8,1,'2013-12-13','2013-12-13',NULL,NULL,44,NULL,'2013-12-12 23:43:10','2013-12-12 23:43:10'),(136,34,'ItemLine',NULL,8,1,'2013-12-13','2013-12-13',NULL,NULL,44,NULL,'2013-12-12 23:43:10','2013-12-12 23:43:10'),(137,34,'ItemLine',NULL,8,1,'2013-12-13','2013-12-13',NULL,NULL,44,NULL,'2013-12-12 23:43:10','2013-12-12 23:43:10'),(138,34,'ItemLine',NULL,9,1,'2013-12-13','2013-12-13',NULL,NULL,45,NULL,'2013-12-12 23:43:10','2013-12-12 23:43:10'),(139,34,'ItemLine',NULL,9,1,'2013-12-13','2013-12-13',NULL,NULL,45,NULL,'2013-12-12 23:43:10','2013-12-12 23:43:10'),(140,34,'ItemLine',NULL,9,1,'2013-12-13','2013-12-13',NULL,NULL,45,NULL,'2013-12-12 23:43:10','2013-12-12 23:43:10'),(141,34,'OptionLine',NULL,NULL,5,'2013-12-13','2013-12-13',NULL,1,46,NULL,'2013-12-12 23:43:10','2013-12-12 23:43:10'),(142,35,'ItemLine',NULL,229,1,'2013-12-13','2013-12-13',NULL,NULL,47,NULL,'2013-12-12 23:43:10','2013-12-12 23:43:10'),(143,36,'ItemLine',244,230,1,'2013-12-13','2013-12-13',NULL,NULL,48,NULL,'2013-12-12 23:43:10','2013-12-12 23:43:10'),(144,37,'ItemLine',60,8,1,'2013-12-13','2013-12-13',NULL,NULL,49,NULL,'2013-12-12 23:43:10','2013-12-12 23:43:10'),(145,38,'ItemLine',93,23,1,'2013-12-08','2013-12-12',NULL,NULL,50,NULL,'2013-12-07 23:43:10','2013-12-07 23:43:10'),(146,38,'OptionLine',NULL,NULL,1,'2013-12-08','2013-12-09',NULL,7,51,NULL,'2013-12-07 23:43:10','2013-12-07 23:43:10'),(147,39,'ItemLine',245,231,1,'2013-12-13','2013-12-13',NULL,NULL,52,NULL,'2013-12-12 23:43:10','2013-12-12 23:43:10'),(148,40,'ItemLine',246,232,1,'2013-12-13','2013-12-13',NULL,NULL,53,NULL,'2013-12-12 23:43:10','2013-12-12 23:43:10'),(149,40,'ItemLine',247,233,1,'2013-12-13','2013-12-13','2013-12-13',NULL,54,5,'2013-12-12 23:43:10','2013-12-12 23:43:10'),(150,41,'ItemLine',104,84,1,'2013-12-13','2013-12-13',NULL,NULL,55,NULL,'2013-12-12 23:43:10','2013-12-12 23:43:10'),(151,41,'ItemLine',56,2,1,'2013-12-13','2013-12-13',NULL,NULL,56,NULL,'2013-12-12 23:43:10','2013-12-12 23:43:10'),(152,42,'ItemLine',248,234,1,'2013-12-13','2013-12-13',NULL,NULL,57,NULL,'2013-12-12 23:43:10','2013-12-12 23:43:10'),(153,43,'ItemLine',106,86,1,'2013-12-13','2013-12-13',NULL,NULL,58,NULL,'2013-12-12 23:43:10','2013-12-12 23:43:10'),(154,44,'ItemLine',NULL,2,1,'2013-12-10','2013-12-14',NULL,NULL,59,NULL,'2013-12-12 23:43:10','2013-12-12 23:43:10'),(155,44,'ItemLine',NULL,235,1,'2013-12-10','2013-12-14',NULL,NULL,60,NULL,'2013-12-12 23:43:10','2013-12-12 23:43:10'),(156,45,'ItemLine',NULL,22,1,'2013-12-13','2013-12-13',NULL,NULL,61,NULL,'2013-12-12 23:43:10','2013-12-12 23:43:10'),(157,45,'ItemLine',NULL,22,1,'2013-12-13','2013-12-13',NULL,NULL,61,NULL,'2013-12-12 23:43:10','2013-12-12 23:43:10'),(158,46,'ItemLine',53,2,1,'2013-12-13','2013-12-13',NULL,NULL,62,NULL,'2013-12-12 23:43:10','2013-12-12 23:43:10'),(159,46,'OptionLine',NULL,NULL,1,'2013-12-13','2013-12-13',NULL,1,63,NULL,'2013-12-12 23:43:10','2013-12-12 23:43:10'),(160,47,'ItemLine',NULL,8,1,'2014-01-19','2014-01-27',NULL,NULL,64,NULL,'2013-12-12 23:43:10','2013-12-12 23:43:10'),(161,48,'ItemLine',NULL,8,1,'2014-02-03','2014-02-06',NULL,NULL,65,NULL,'2013-12-12 23:43:10','2013-12-12 23:43:10'),(162,48,'ItemLine',NULL,8,1,'2014-02-03','2014-02-06',NULL,NULL,65,NULL,'2013-12-12 23:43:10','2013-12-12 23:43:10'),(163,48,'ItemLine',NULL,8,1,'2014-02-03','2014-02-06',NULL,NULL,65,NULL,'2013-12-12 23:43:10','2013-12-12 23:43:10'),(164,48,'ItemLine',NULL,8,1,'2014-02-03','2014-02-06',NULL,NULL,65,NULL,'2013-12-12 23:43:10','2013-12-12 23:43:10'),(165,48,'ItemLine',NULL,8,1,'2014-02-03','2014-02-06',NULL,NULL,65,NULL,'2013-12-12 23:43:10','2013-12-12 23:43:10'),(166,48,'ItemLine',NULL,8,1,'2014-02-03','2014-02-06',NULL,NULL,65,NULL,'2013-12-12 23:43:10','2013-12-12 23:43:10'),(167,49,'ItemLine',NULL,236,1,'2013-12-13','2013-12-13',NULL,NULL,66,NULL,'2013-12-12 23:43:10','2013-12-12 23:43:10'),(168,49,'ItemLine',NULL,237,1,'2013-12-13','2013-12-13',NULL,NULL,66,NULL,'2013-12-12 23:43:10','2013-12-12 23:43:10'),(169,49,'ItemLine',NULL,238,1,'2013-12-13','2013-12-13',NULL,NULL,66,NULL,'2013-12-12 23:43:10','2013-12-12 23:43:10'),(170,49,'ItemLine',NULL,239,1,'2013-12-13','2013-12-13',NULL,NULL,66,NULL,'2013-12-12 23:43:10','2013-12-12 23:43:10'),(171,49,'ItemLine',NULL,240,1,'2013-12-13','2013-12-13',NULL,NULL,66,NULL,'2013-12-12 23:43:10','2013-12-12 23:43:10'),(172,50,'ItemLine',NULL,241,1,'2013-12-13','2013-12-13',NULL,NULL,67,NULL,'2013-12-12 23:43:10','2013-12-12 23:43:10'),(173,50,'ItemLine',NULL,242,1,'2013-12-13','2013-12-13',NULL,NULL,67,NULL,'2013-12-12 23:43:10','2013-12-12 23:43:10'),(174,50,'ItemLine',NULL,243,1,'2013-12-13','2013-12-13',NULL,NULL,67,NULL,'2013-12-12 23:43:10','2013-12-12 23:43:10'),(175,51,'ItemLine',258,244,1,'2013-12-13','2013-12-13',NULL,NULL,68,NULL,'2013-12-12 23:43:10','2013-12-12 23:43:10'),(176,51,'ItemLine',259,245,1,'2013-12-13','2013-12-13',NULL,NULL,68,NULL,'2013-12-12 23:43:10','2013-12-12 23:43:10'),(177,51,'ItemLine',260,246,1,'2013-12-13','2013-12-13',NULL,NULL,68,NULL,'2013-12-12 23:43:10','2013-12-12 23:43:10'),(178,52,'ItemLine',261,247,1,'2013-12-13','2013-12-13',NULL,NULL,69,NULL,'2013-12-12 23:43:10','2013-12-12 23:43:10'),(179,52,'ItemLine',262,248,1,'2013-12-13','2013-12-13',NULL,NULL,69,NULL,'2013-12-12 23:43:10','2013-12-12 23:43:10'),(180,52,'ItemLine',263,249,1,'2013-12-13','2013-12-13',NULL,NULL,69,NULL,'2013-12-12 23:43:10','2013-12-12 23:43:10'),(181,53,'ItemLine',264,250,1,'2013-12-08','2013-12-09',NULL,NULL,70,NULL,'2013-12-07 23:43:10','2013-12-07 23:43:10'),(182,53,'ItemLine',265,251,1,'2013-12-08','2013-12-09',NULL,NULL,70,NULL,'2013-12-07 23:43:10','2013-12-07 23:43:10'),(183,53,'ItemLine',266,252,1,'2013-12-08','2013-12-09',NULL,NULL,70,NULL,'2013-12-07 23:43:10','2013-12-07 23:43:10'),(184,53,'ItemLine',267,253,1,'2013-12-08','2013-12-09',NULL,NULL,70,NULL,'2013-12-07 23:43:10','2013-12-07 23:43:10'),(185,54,'ItemLine',NULL,254,1,'2013-12-06','2013-12-06',NULL,NULL,71,NULL,'2013-12-05 23:43:10','2013-12-05 23:43:10'),(186,54,'ItemLine',NULL,255,1,'2013-12-06','2013-12-06',NULL,NULL,71,NULL,'2013-12-05 23:43:10','2013-12-05 23:43:10'),(187,54,'ItemLine',NULL,256,1,'2013-12-06','2013-12-06',NULL,NULL,71,NULL,'2013-12-05 23:43:10','2013-12-05 23:43:10'),(188,54,'ItemLine',NULL,19,1,'2013-12-06','2013-12-06',NULL,NULL,72,NULL,'2013-12-05 23:43:10','2013-12-05 23:43:10');
/*!40000 ALTER TABLE `contract_lines` ENABLE KEYS */;
UNLOCK TABLES;

--
-- Table structure for table `contracts`
--

DROP TABLE IF EXISTS `contracts`;
/*!40101 SET @saved_cs_client     = @@character_set_client */;
/*!40101 SET character_set_client = utf8 */;
CREATE TABLE `contracts` (
  `id` int(11) NOT NULL AUTO_INCREMENT,
  `user_id` int(11) DEFAULT NULL,
  `delegated_user_id` int(11) DEFAULT NULL,
  `inventory_pool_id` int(11) DEFAULT NULL,
  `note` text COLLATE utf8_unicode_ci,
  `handed_over_by_user_id` int(11) DEFAULT NULL,
  `created_at` datetime DEFAULT NULL,
  `updated_at` datetime DEFAULT NULL,
  `status` enum('unsubmitted','submitted','rejected','approved','signed','closed') COLLATE utf8_unicode_ci NOT NULL,
  PRIMARY KEY (`id`),
  KEY `index_contracts_on_inventory_pool_id` (`inventory_pool_id`),
  KEY `index_contracts_on_status` (`status`),
  KEY `index_contracts_on_user_id` (`user_id`),
  KEY `contracts_delegated_user_id_fk` (`delegated_user_id`),
  KEY `contracts_handed_over_by_user_id_fk` (`handed_over_by_user_id`),
  CONSTRAINT `contracts_handed_over_by_user_id_fk` FOREIGN KEY (`handed_over_by_user_id`) REFERENCES `users` (`id`),
  CONSTRAINT `contracts_delegated_user_id_fk` FOREIGN KEY (`delegated_user_id`) REFERENCES `users` (`id`),
  CONSTRAINT `contracts_inventory_pool_id_fk` FOREIGN KEY (`inventory_pool_id`) REFERENCES `inventory_pools` (`id`),
  CONSTRAINT `contracts_user_id_fk` FOREIGN KEY (`user_id`) REFERENCES `users` (`id`)
) ENGINE=InnoDB AUTO_INCREMENT=55 DEFAULT CHARSET=utf8 COLLATE=utf8_unicode_ci;
/*!40101 SET character_set_client = @saved_cs_client */;

--
-- Dumping data for table `contracts`
--

LOCK TABLES `contracts` WRITE;
/*!40000 ALTER TABLE `contracts` DISABLE KEYS */;
INSERT INTO `contracts` VALUES (1,34,NULL,7,NULL,NULL,'2013-12-12 23:43:10','2013-12-12 23:43:10','unsubmitted'),(2,6,NULL,3,NULL,NULL,'2013-12-12 23:43:10','2013-12-12 23:43:10','unsubmitted'),(3,6,NULL,1,NULL,NULL,'2013-12-12 23:43:10','2013-12-12 23:43:10','submitted'),(4,19,NULL,1,NULL,NULL,'2013-12-12 23:43:10','2013-12-12 23:43:10','submitted'),(5,6,NULL,1,NULL,NULL,'2013-12-12 23:43:10','2013-12-12 23:43:10','submitted'),(6,6,NULL,2,NULL,NULL,'2013-12-12 23:43:10','2013-12-12 23:43:10','submitted'),(7,6,NULL,2,NULL,NULL,'2013-12-12 23:43:10','2013-12-12 23:43:10','submitted'),(8,6,NULL,1,NULL,NULL,'2013-12-12 23:43:10','2013-12-12 23:43:10','submitted'),(9,14,NULL,1,NULL,NULL,'2013-12-09 23:43:10','2013-12-09 23:43:10','submitted'),(10,15,NULL,1,NULL,NULL,'2013-12-12 23:43:10','2013-12-12 23:43:10','submitted'),(11,16,NULL,1,NULL,NULL,'2013-12-12 23:43:10','2013-12-12 23:43:10','submitted'),(12,17,NULL,1,NULL,NULL,'2013-12-12 23:43:10','2013-12-12 23:43:10','submitted'),(13,18,NULL,1,NULL,NULL,'2013-12-12 23:43:10','2013-12-12 23:43:10','submitted'),(14,14,NULL,1,NULL,NULL,'2013-12-05 23:43:10','2013-12-05 23:43:10','submitted'),(15,14,NULL,1,NULL,NULL,'2013-12-10 23:43:10','2013-12-10 23:43:10','submitted'),(16,11,NULL,1,NULL,NULL,'2013-12-12 23:43:10','2013-12-12 23:43:10','submitted'),(17,11,NULL,1,NULL,NULL,'2013-12-12 23:43:10','2013-12-12 23:43:10','submitted'),(18,35,NULL,12,NULL,NULL,'2013-12-12 23:43:10','2013-12-12 23:43:10','approved'),(19,22,NULL,1,NULL,NULL,'2013-12-12 23:43:10','2013-12-12 23:43:10','approved'),(20,14,NULL,1,NULL,NULL,'2013-12-08 23:43:10','2013-12-08 23:43:10','approved'),(21,14,NULL,1,NULL,5,'2013-07-12 22:43:10','2013-07-12 22:43:10','closed'),(22,21,NULL,1,NULL,5,'2013-12-12 23:43:10','2013-12-12 23:43:10','signed'),(23,8,NULL,1,NULL,5,'2013-12-12 23:43:10','2013-12-12 23:43:10','signed'),(24,30,24,1,NULL,5,'2013-12-12 23:43:10','2013-12-12 23:43:10','signed'),(25,27,10,2,NULL,NULL,'2013-12-07 23:43:10','2013-12-07 23:43:10','approved'),(26,16,NULL,1,NULL,5,'2013-12-12 23:43:10','2013-12-12 23:43:10','closed'),(27,16,NULL,1,NULL,5,'2013-12-12 23:43:10','2013-12-12 23:43:10','closed'),(28,20,NULL,1,NULL,5,'2013-12-12 23:43:10','2013-12-12 23:43:10','closed'),(29,20,NULL,1,NULL,5,'2013-12-12 23:43:10','2013-12-12 23:43:10','closed'),(30,6,NULL,1,NULL,NULL,'2013-12-12 23:43:10','2013-12-12 23:43:10','approved'),(31,6,NULL,1,NULL,NULL,'2013-12-12 23:43:10','2013-12-12 23:43:10','approved'),(32,6,NULL,1,NULL,NULL,'2013-12-12 23:43:10','2013-12-12 23:43:10','approved'),(33,6,NULL,1,NULL,NULL,'2013-12-12 23:43:10','2013-12-12 23:43:10','approved'),(34,6,NULL,1,NULL,NULL,'2013-12-12 23:43:10','2013-12-12 23:43:10','approved'),(35,6,NULL,1,NULL,NULL,'2013-12-12 23:43:10','2013-12-12 23:43:10','approved'),(36,6,NULL,1,NULL,NULL,'2013-12-12 23:43:10','2013-12-12 23:43:10','approved'),(37,6,NULL,1,NULL,5,'2013-12-12 23:43:10','2013-12-12 23:43:10','signed'),(38,13,NULL,1,NULL,5,'2013-12-07 23:43:10','2013-12-07 23:43:10','signed'),(39,6,NULL,1,NULL,5,'2013-12-12 23:43:10','2013-12-12 23:43:10','signed'),(40,6,NULL,2,NULL,5,'2013-12-12 23:43:10','2013-12-12 23:43:10','signed'),(41,6,NULL,2,NULL,5,'2013-12-12 23:43:10','2013-12-12 23:43:10','signed'),(42,6,NULL,2,NULL,5,'2013-12-12 23:43:10','2013-12-12 23:43:10','signed'),(43,6,NULL,1,NULL,5,'2013-12-12 23:43:10','2013-12-12 23:43:10','signed'),(44,11,NULL,1,NULL,NULL,'2013-12-12 23:43:10','2013-12-12 23:43:10','approved'),(45,13,NULL,1,NULL,NULL,'2013-12-12 23:43:10','2013-12-12 23:43:10','submitted'),(46,11,NULL,1,NULL,5,'2013-12-12 23:43:10','2013-12-12 23:43:10','signed'),(47,13,NULL,1,NULL,NULL,'2013-12-12 23:43:10','2013-12-12 23:43:10','submitted'),(48,13,NULL,1,NULL,NULL,'2013-12-12 23:43:10','2013-12-12 23:43:10','submitted'),(49,26,10,1,NULL,NULL,'2013-12-12 23:43:10','2013-12-12 23:43:10','submitted'),(50,26,12,1,NULL,NULL,'2013-12-12 23:43:10','2013-12-12 23:43:10','approved'),(51,30,24,1,NULL,NULL,'2013-12-12 23:43:10','2013-12-12 23:43:10','approved'),(52,26,10,1,NULL,5,'2013-12-12 23:43:10','2013-12-12 23:43:10','signed'),(53,26,10,1,NULL,5,'2013-12-07 23:43:10','2013-12-07 23:43:10','signed'),(54,14,NULL,1,NULL,NULL,'2013-12-05 23:43:10','2013-12-05 23:43:10','rejected');
/*!40000 ALTER TABLE `contracts` ENABLE KEYS */;
UNLOCK TABLES;

--
-- Table structure for table `database_authentications`
--

DROP TABLE IF EXISTS `database_authentications`;
/*!40101 SET @saved_cs_client     = @@character_set_client */;
/*!40101 SET character_set_client = utf8 */;
CREATE TABLE `database_authentications` (
  `id` int(11) NOT NULL AUTO_INCREMENT,
  `login` varchar(255) COLLATE utf8_unicode_ci DEFAULT NULL,
  `crypted_password` varchar(40) COLLATE utf8_unicode_ci DEFAULT NULL,
  `salt` varchar(40) COLLATE utf8_unicode_ci DEFAULT NULL,
  `user_id` int(11) DEFAULT NULL,
  `created_at` datetime DEFAULT NULL,
  `updated_at` datetime DEFAULT NULL,
  PRIMARY KEY (`id`),
  KEY `database_authentications_user_id_fk` (`user_id`),
  CONSTRAINT `database_authentications_user_id_fk` FOREIGN KEY (`user_id`) REFERENCES `users` (`id`) ON DELETE CASCADE
) ENGINE=InnoDB AUTO_INCREMENT=31 DEFAULT CHARSET=utf8 COLLATE=utf8_unicode_ci;
/*!40101 SET character_set_client = @saved_cs_client */;

--
-- Dumping data for table `database_authentications`
--

LOCK TABLES `database_authentications` WRITE;
/*!40000 ALTER TABLE `database_authentications` DISABLE KEYS */;
INSERT INTO `database_authentications` VALUES (1,'gino','97ba08b204982f4b55cea6e57dfdc0962ec7eadf','1d68c984f1a48184a5a9d383e0df314d09b5d253',1,'2013-12-12 23:43:10','2013-12-12 23:43:10'),(2,'ramon','e2b7866621eceeb7dc65b9b2b934a3653f8b6b5b','b65640b786b2b59e321b9c5a9d986dcb415e7b64',2,'2013-12-12 23:43:10','2013-12-12 23:43:10'),(3,'matti','608403c69dba4eefdd9ac427638f08e356c45538','dd5768b54eb08ea0961bed3ecc80db8d55ddef45',3,'2013-12-12 23:43:10','2013-12-12 23:43:10'),(4,'mike','06fa3641de60317bf5d7d488b8135608f4afd3bb','8154a7cbc890b062da6d33adf67d90d53be9a943',4,'2013-12-12 23:43:10','2013-12-12 23:43:10'),(5,'pius','dfc273b6d9f55a2e1347a23edc8e937183f44a76','6cfbfcc4feb1b251351e23ebd93c520f72406d0e',5,'2013-12-12 23:43:10','2013-12-12 23:43:10'),(6,'normin','d716f2a004acdf5dd98a165c7dee608c2f826a67','4c57264e6670d41d4daa9e899e79e3aa593ace0a',6,'2013-12-12 23:43:10','2013-12-12 23:43:10'),(7,'donny','51dd14fc78056212f764c6834b7c81d1ed18f612','31699456ea5c2441b2e5868acc5e1277d49c2f4f',7,'2013-12-12 23:43:10','2013-12-12 23:43:10'),(8,'peter','2545877f71d179cdbc2da9d483d5bed57acaaa46','eb8d990d5b368d22173728b0a9c98eb474feed52',8,'2013-12-12 23:43:10','2013-12-12 23:43:10'),(9,'andi','718d3290f3ce23214dd0a883caa163dff1fdfac4','abf973a5cc50488a04bd93fc5ba115682767e062',9,'2013-12-12 23:43:10','2013-12-12 23:43:10'),(10,'mina','d4f3291a59da2ec5735b8e57453e9eff2d957f7a','5c958650f6c7129c0940d9a253e1b7376a65bfb1',10,'2013-12-12 23:43:10','2013-12-12 23:43:10'),(11,'petra','7052b2aa38bc3d8557feb3aea0d861beed3110e1','86373c528c047041f6c1eadbbd3eb604cf68875e',11,'2013-12-12 23:43:10','2013-12-12 23:43:10'),(12,'julie','e5ccc88d799d64b05b56a7c1cd2f62b0136d281c','7c76c56b9bd5b47307f1466009bef9d31c81ed6d',12,'2013-12-12 23:43:10','2013-12-12 23:43:10'),(13,'lisa','aef25475583a3e91b01e34f7aa9f339f98798588','662620741141e4090518c7eb586d26a4e5bc78d8',13,'2013-12-12 23:43:10','2013-12-12 23:43:10'),(14,'kailey','02279675e04e8edcb96a251bb3ed13020aef338d','473d1907b681f0e4cc3bcc5c0dd1c66060ee03cf',14,'2013-12-12 23:43:10','2013-12-12 23:43:10'),(15,'lonnie','728514fd888e0d1eb2e2534209940883f8cc4bc7','4f8a087b3795958bc46e3b9469ee3e3d343a5a76',15,'2013-12-12 23:43:10','2013-12-12 23:43:10'),(16,'napoleon','1db50c1acafa79e49b1c30f62c51e45361be20f9','fd8bb4b57c58a8902420bec7b18ad102409d9db5',16,'2013-12-12 23:43:10','2013-12-12 23:43:10'),(17,'magdalen','2b826c40094bd5ff67dcb4ee8ec87fe0bdfbf4a2','28c8cea489240c073801eb2bd6afaa7c30e0325f',17,'2013-12-12 23:43:10','2013-12-12 23:43:10'),(18,'nannie','9f0c819c0913388948a41f5af08cf6dd762f6025','74a6e0023157bb9542f86cd3f168bfcc5b284a01',18,'2013-12-12 23:43:10','2013-12-12 23:43:10'),(19,'fay','f7375b38a34cf04483ad5a83057a5a5933d16b73','abb2d92a8fb0d77f7a140ec34913efd85a99539f',19,'2013-12-12 23:43:10','2013-12-12 23:43:10'),(20,'kory','22402bfdf3defe5d2856d98cf811f90d115d0c01','08c33f406cac3326c266dc90c0bea2507161823e',20,'2013-12-12 23:43:10','2013-12-12 23:43:10'),(21,'carrie','18e60c14b6576b047602e2d203418a71ff735a05','5f9188dc8bceb07af7e83dd34186060891bbf8b7',21,'2013-12-12 23:43:10','2013-12-12 23:43:10'),(22,'josh','c83b081d34d95be40290415b71f85903821640ea','ccdc6e6744ec9569fecb85e60c978621803d4c6b',22,'2013-12-12 23:43:10','2013-12-12 23:43:10'),(23,'zita','7ccd106a6cbd0374ea55f0bdd65ed633b5c139f3','e9f00b58de3d647fc61d6c379b5468ea95c1a133',23,'2013-12-12 23:43:10','2013-12-12 23:43:10'),(24,'ara','4437a3ea568370ed6dc830e67ecf9926b2508723','128510a03e19e3522c5a17b5c19916a800fd38c4',24,'2013-12-12 23:43:10','2013-12-12 23:43:10'),(25,'kaley_9422','e50b28f4a7dd44420a47ca8cb106989eedb4f045','9df88a7256e728f5493ba25f623314cb13ec2446',25,'2013-12-12 23:43:10','2013-12-12 23:43:10'),(26,'tyree_grimes_1197','07223664bb7b9addd3f87aa6ea54c3c37ee8f49e','8800f315a6653d8da16e01a87903da2849a205e4',31,'2013-12-12 23:43:10','2013-12-12 23:43:10'),(27,'ignacio_ryan_4653','c565843b6094f5b1d34524542df0e8f73a1def81','d342450b56c3692fbaeed5845c18e24147b4da45',32,'2013-12-12 23:43:10','2013-12-12 23:43:10'),(28,'melyna_homenick_4313','2a0a587e7751d1fd65d5a16cfc6f5ffaf7e8ea87','681e8ae1ea561f0596effaaa2e557c1c9080c78a',33,'2013-12-12 23:43:10','2013-12-12 23:43:10'),(29,'walter_143','eb35e95f42544e7323e6a4a9d4e4311bb91fb772','618ada094357eee8962c35a15a922eedfea05594',34,'2013-12-12 23:43:10','2013-12-12 23:43:10'),(30,'darrion_sanford_2888','26bc79910b101cb63dd8c4f48c59551ab0c301b7','32c1e5be0bb420890f94c4238a5adadbf956341f',35,'2013-12-12 23:43:10','2013-12-12 23:43:10');
/*!40000 ALTER TABLE `database_authentications` ENABLE KEYS */;
UNLOCK TABLES;

--
-- Table structure for table `delegations_users`
--

DROP TABLE IF EXISTS `delegations_users`;
/*!40101 SET @saved_cs_client     = @@character_set_client */;
/*!40101 SET character_set_client = utf8 */;
CREATE TABLE `delegations_users` (
  `delegation_id` int(11) DEFAULT NULL,
  `user_id` int(11) DEFAULT NULL,
  UNIQUE KEY `index_delegations_users_on_user_id_and_delegation_id` (`user_id`,`delegation_id`),
  KEY `index_delegations_users_on_delegation_id` (`delegation_id`),
  CONSTRAINT `delegations_users_delegation_id_fk` FOREIGN KEY (`delegation_id`) REFERENCES `users` (`id`),
  CONSTRAINT `delegations_users_user_id_fk` FOREIGN KEY (`user_id`) REFERENCES `users` (`id`)
) ENGINE=InnoDB DEFAULT CHARSET=utf8 COLLATE=utf8_unicode_ci;
/*!40101 SET character_set_client = @saved_cs_client */;

--
-- Dumping data for table `delegations_users`
--

LOCK TABLES `delegations_users` WRITE;
/*!40000 ALTER TABLE `delegations_users` DISABLE KEYS */;
INSERT INTO `delegations_users` VALUES (26,10),(27,10),(28,10),(29,10),(26,12),(27,12),(28,12),(29,12),(30,23),(30,24);
/*!40000 ALTER TABLE `delegations_users` ENABLE KEYS */;
UNLOCK TABLES;

--
-- Table structure for table `groups`
--

DROP TABLE IF EXISTS `groups`;
/*!40101 SET @saved_cs_client     = @@character_set_client */;
/*!40101 SET character_set_client = utf8 */;
CREATE TABLE `groups` (
  `id` int(11) NOT NULL AUTO_INCREMENT,
  `name` varchar(255) COLLATE utf8_unicode_ci DEFAULT NULL,
  `inventory_pool_id` int(11) DEFAULT NULL,
  `is_verification_required` tinyint(1) DEFAULT '0',
  `created_at` datetime DEFAULT NULL,
  `updated_at` datetime DEFAULT NULL,
  PRIMARY KEY (`id`),
  KEY `index_groups_on_inventory_pool_id` (`inventory_pool_id`),
  KEY `index_groups_on_is_verification_required` (`is_verification_required`),
  CONSTRAINT `groups_inventory_pool_id_fk` FOREIGN KEY (`inventory_pool_id`) REFERENCES `inventory_pools` (`id`)
) ENGINE=InnoDB AUTO_INCREMENT=11 DEFAULT CHARSET=utf8 COLLATE=utf8_unicode_ci;
/*!40101 SET character_set_client = @saved_cs_client */;

--
-- Dumping data for table `groups`
--

LOCK TABLES `groups` WRITE;
/*!40000 ALTER TABLE `groups` DISABLE KEYS */;
INSERT INTO `groups` VALUES (1,'Cast',1,0,'2013-12-12 23:43:10','2013-12-12 23:43:10'),(2,'IAD',1,0,'2013-12-12 23:43:10','2013-12-12 23:43:10'),(3,'Wu',1,0,'2013-12-12 23:43:10','2013-12-12 23:43:10'),(4,'Group Hifi',1,0,'2013-12-12 23:43:10','2013-12-12 23:43:10'),(5,'Group A',1,0,'2013-12-12 23:43:10','2013-12-12 23:43:10'),(6,'Group B',1,0,'2013-12-12 23:43:10','2013-12-12 23:43:10'),(7,'FFI',1,1,'2013-12-12 23:43:10','2013-12-12 23:43:10'),(8,'VTO',1,1,'2013-12-12 23:43:10','2013-12-12 23:43:10'),(9,'1. Semester',2,1,'2013-12-12 23:43:10','2013-12-12 23:43:10'),(10,'Group C',1,0,'2013-12-12 23:43:10','2013-12-12 23:43:10');
/*!40000 ALTER TABLE `groups` ENABLE KEYS */;
UNLOCK TABLES;

--
-- Table structure for table `groups_users`
--

DROP TABLE IF EXISTS `groups_users`;
/*!40101 SET @saved_cs_client     = @@character_set_client */;
/*!40101 SET character_set_client = utf8 */;
CREATE TABLE `groups_users` (
  `user_id` int(11) DEFAULT NULL,
  `group_id` int(11) DEFAULT NULL,
  UNIQUE KEY `index_groups_users_on_user_id_and_group_id` (`user_id`,`group_id`),
  KEY `index_groups_users_on_group_id` (`group_id`),
  CONSTRAINT `groups_users_user_id_fk` FOREIGN KEY (`user_id`) REFERENCES `users` (`id`),
  CONSTRAINT `groups_users_group_id_fk` FOREIGN KEY (`group_id`) REFERENCES `groups` (`id`)
) ENGINE=InnoDB DEFAULT CHARSET=utf8 COLLATE=utf8_unicode_ci;
/*!40101 SET character_set_client = @saved_cs_client */;

--
-- Dumping data for table `groups_users`
--

LOCK TABLES `groups_users` WRITE;
/*!40000 ALTER TABLE `groups_users` DISABLE KEYS */;
INSERT INTO `groups_users` VALUES (6,1),(13,1),(14,7),(14,8),(15,7),(16,7),(16,8),(17,7),(17,9),(18,7),(19,10);
/*!40000 ALTER TABLE `groups_users` ENABLE KEYS */;
UNLOCK TABLES;

--
-- Table structure for table `histories`
--

DROP TABLE IF EXISTS `histories`;
/*!40101 SET @saved_cs_client     = @@character_set_client */;
/*!40101 SET character_set_client = utf8 */;
CREATE TABLE `histories` (
  `id` int(11) NOT NULL AUTO_INCREMENT,
  `text` varchar(255) COLLATE utf8_unicode_ci DEFAULT '',
  `type_const` int(11) DEFAULT NULL,
  `created_at` datetime NOT NULL,
  `target_id` int(11) NOT NULL,
  `target_type` varchar(255) COLLATE utf8_unicode_ci NOT NULL,
  `user_id` int(11) DEFAULT NULL,
  PRIMARY KEY (`id`),
  KEY `index_histories_on_target_type_and_target_id` (`target_type`,`target_id`),
  KEY `index_histories_on_type_const` (`type_const`),
  KEY `index_histories_on_user_id` (`user_id`),
  CONSTRAINT `histories_user_id_fk` FOREIGN KEY (`user_id`) REFERENCES `users` (`id`)
) ENGINE=InnoDB AUTO_INCREMENT=19 DEFAULT CHARSET=utf8 COLLATE=utf8_unicode_ci;
/*!40101 SET character_set_client = @saved_cs_client */;

--
-- Dumping data for table `histories`
--

LOCK TABLES `histories` WRITE;
/*!40000 ALTER TABLE `histories` DISABLE KEYS */;
INSERT INTO `histories` VALUES (1,'Contract 21 has been signed by Kailey Jones',1,'2013-07-12 22:43:10',21,'Contract',5),(2,'Contract 22 has been signed by Carrie Purdy',1,'2013-12-12 23:43:10',22,'Contract',5),(3,'Contract 23 has been signed by Peter Silie',1,'2013-12-12 23:43:10',23,'Contract',5),(4,'Contract 24 has been signed by Delegation 5',1,'2013-12-12 23:43:10',24,'Contract',5),(5,'Contract 26 has been signed by Napoleon Toy',1,'2013-12-12 23:43:10',26,'Contract',5),(6,'Contract 27 has been signed by Napoleon Toy',1,'2013-12-12 23:43:10',27,'Contract',5),(7,'Contract 28 has been signed by Kory Gottlieb',1,'2013-12-12 23:43:10',28,'Contract',5),(8,'Contract 29 has been signed by Kory Gottlieb',1,'2013-12-12 23:43:10',29,'Contract',5),(9,'Contract 37 has been signed by Normin Normalo',1,'2013-12-12 23:43:10',37,'Contract',5),(10,'Contract 38 has been signed by Lisa Volkman',1,'2013-12-07 23:43:10',38,'Contract',5),(11,'Contract 39 has been signed by Normin Normalo',1,'2013-12-12 23:43:10',39,'Contract',5),(12,'Contract 40 has been signed by Normin Normalo',1,'2013-12-12 23:43:10',40,'Contract',5),(13,'Contract 41 has been signed by Normin Normalo',1,'2013-12-12 23:43:10',41,'Contract',5),(14,'Contract 42 has been signed by Normin Normalo',1,'2013-12-12 23:43:10',42,'Contract',5),(15,'Contract 43 has been signed by Normin Normalo',1,'2013-12-12 23:43:10',43,'Contract',5),(16,'Contract 46 has been signed by Petra Effertz',1,'2013-12-12 23:43:10',46,'Contract',5),(17,'Contract 52 has been signed by Delegation 1',1,'2013-12-12 23:43:10',52,'Contract',5),(18,'Contract 53 has been signed by Delegation 1',1,'2013-12-07 23:43:10',53,'Contract',5);
/*!40000 ALTER TABLE `histories` ENABLE KEYS */;
UNLOCK TABLES;

--
-- Table structure for table `holidays`
--

DROP TABLE IF EXISTS `holidays`;
/*!40101 SET @saved_cs_client     = @@character_set_client */;
/*!40101 SET character_set_client = utf8 */;
CREATE TABLE `holidays` (
  `id` int(11) NOT NULL AUTO_INCREMENT,
  `inventory_pool_id` int(11) DEFAULT NULL,
  `start_date` date DEFAULT NULL,
  `end_date` date DEFAULT NULL,
  `name` varchar(255) COLLATE utf8_unicode_ci DEFAULT NULL,
  PRIMARY KEY (`id`),
  KEY `index_holidays_on_inventory_pool_id` (`inventory_pool_id`),
  KEY `index_holidays_on_start_date_and_end_date` (`start_date`,`end_date`),
  CONSTRAINT `holidays_inventory_pool_id_fk` FOREIGN KEY (`inventory_pool_id`) REFERENCES `inventory_pools` (`id`) ON DELETE CASCADE
) ENGINE=InnoDB AUTO_INCREMENT=7 DEFAULT CHARSET=utf8 COLLATE=utf8_unicode_ci;
/*!40101 SET character_set_client = @saved_cs_client */;

--
-- Dumping data for table `holidays`
--

LOCK TABLES `holidays` WRITE;
/*!40000 ALTER TABLE `holidays` DISABLE KEYS */;
INSERT INTO `holidays` VALUES (1,1,'2013-12-24','2013-12-26','Christmas'),(2,1,'2014-12-24','2014-12-26','Christmas'),(3,2,'2013-12-24','2013-12-26','Christmas'),(4,2,'2014-12-24','2014-12-26','Christmas'),(5,3,'2013-12-24','2013-12-26','Christmas'),(6,3,'2014-12-24','2014-12-26','Christmas');
/*!40000 ALTER TABLE `holidays` ENABLE KEYS */;
UNLOCK TABLES;

--
-- Table structure for table `images`
--

DROP TABLE IF EXISTS `images`;
/*!40101 SET @saved_cs_client     = @@character_set_client */;
/*!40101 SET character_set_client = utf8 */;
CREATE TABLE `images` (
  `id` int(11) NOT NULL AUTO_INCREMENT,
  `is_main` tinyint(1) DEFAULT '0',
  `content_type` varchar(255) COLLATE utf8_unicode_ci DEFAULT NULL,
  `filename` varchar(255) COLLATE utf8_unicode_ci DEFAULT NULL,
  `size` int(11) DEFAULT NULL,
  `height` int(11) DEFAULT NULL,
  `width` int(11) DEFAULT NULL,
  `parent_id` int(11) DEFAULT NULL,
  `thumbnail` varchar(255) COLLATE utf8_unicode_ci DEFAULT NULL,
  `target_id` int(11) DEFAULT NULL,
  `target_type` varchar(255) COLLATE utf8_unicode_ci DEFAULT NULL,
  PRIMARY KEY (`id`),
  KEY `index_images_on_target_id_and_target_type` (`target_id`,`target_type`)
) ENGINE=InnoDB AUTO_INCREMENT=5 DEFAULT CHARSET=utf8 COLLATE=utf8_unicode_ci;
/*!40101 SET character_set_client = @saved_cs_client */;

--
-- Dumping data for table `images`
--

LOCK TABLES `images` WRITE;
/*!40000 ALTER TABLE `images` DISABLE KEYS */;
INSERT INTO `images` VALUES (1,0,'image/jpeg','repellendus',NULL,NULL,NULL,NULL,NULL,2,'ModelGroup'),(2,0,'image/jpeg','eveniet',NULL,NULL,NULL,NULL,NULL,16,'Model'),(3,0,'image/jpeg','recusandae',NULL,NULL,NULL,NULL,NULL,16,'Model'),(4,0,'image/jpeg','itaque',NULL,NULL,NULL,NULL,NULL,17,'Model');
/*!40000 ALTER TABLE `images` ENABLE KEYS */;
UNLOCK TABLES;

--
-- Table structure for table `inventory_pools`
--

DROP TABLE IF EXISTS `inventory_pools`;
/*!40101 SET @saved_cs_client     = @@character_set_client */;
/*!40101 SET character_set_client = utf8 */;
CREATE TABLE `inventory_pools` (
  `id` int(11) NOT NULL AUTO_INCREMENT,
  `name` varchar(255) COLLATE utf8_unicode_ci DEFAULT NULL,
  `description` text COLLATE utf8_unicode_ci,
  `contact_details` varchar(255) COLLATE utf8_unicode_ci DEFAULT NULL,
  `contract_description` varchar(255) COLLATE utf8_unicode_ci DEFAULT NULL,
  `contract_url` varchar(255) COLLATE utf8_unicode_ci DEFAULT NULL,
  `logo_url` varchar(255) COLLATE utf8_unicode_ci DEFAULT NULL,
  `default_contract_note` text COLLATE utf8_unicode_ci,
  `shortname` varchar(255) COLLATE utf8_unicode_ci DEFAULT NULL,
  `email` varchar(255) COLLATE utf8_unicode_ci DEFAULT NULL,
  `color` text COLLATE utf8_unicode_ci,
  `print_contracts` tinyint(1) DEFAULT '1',
  `opening_hours` text COLLATE utf8_unicode_ci,
  `address_id` int(11) DEFAULT NULL,
  `automatic_suspension` tinyint(1) NOT NULL DEFAULT '0',
  `automatic_suspension_reason` text COLLATE utf8_unicode_ci,
  `automatic_access` tinyint(1) DEFAULT NULL,
  PRIMARY KEY (`id`),
  UNIQUE KEY `index_inventory_pools_on_name` (`name`),
  KEY `inventory_pools_address_id_fk` (`address_id`),
  CONSTRAINT `inventory_pools_address_id_fk` FOREIGN KEY (`address_id`) REFERENCES `addresses` (`id`)
) ENGINE=InnoDB AUTO_INCREMENT=13 DEFAULT CHARSET=utf8 COLLATE=utf8_unicode_ci;
/*!40101 SET character_set_client = @saved_cs_client */;

--
-- Dumping data for table `inventory_pools`
--

LOCK TABLES `inventory_pools` WRITE;
/*!40000 ALTER TABLE `inventory_pools` DISABLE KEYS */;
INSERT INTO `inventory_pools` VALUES (1,'A-Ausleihe','Wichtige Hinweise...\n\nBitte die Gegenstnde rechtzeitig zurckbringen','A Verleih  /  ZHdK\na@zh-dk.ch\n\n+41 00 00 00 00',NULL,'a@zhdk.ch',NULL,'Delectus cum asperiores quasi.','A','a@zhdk.ch',NULL,1,NULL,NULL,1,'Ut aspernatur iste tenetur et accusamus omnis.',NULL),(2,'IT-Ausleihe','Bringt die Gerte bitte rechtzeitig zurck','IT Verleih  /  ZHdK\nit@zh-dk.ch\n\n+41 00 00 00 00',NULL,'it@zhdk.ch',NULL,'Error et hic rem cupiditate.','IT','it@zhdk.ch',NULL,1,NULL,NULL,1,'Incidunt aut consequatur at qui odio velit non doloribus.',NULL),(3,'AV-Technik','Bringt die Gerte bitte rechtzeitig zurck','AV Verleih  /  ZHdK\nav@zh-dk.ch\n\n+41 00 00 00 00',NULL,'av@zhdk.ch',NULL,'Sequi qui perferendis et accusantium quae est ut veritatis.','AV','av@zhdk.ch',NULL,1,NULL,NULL,0,NULL,NULL),(4,'DT deletable',NULL,NULL,NULL,'it@zhdk.ch',NULL,'Sunt soluta pariatur sapiente nobis.','DT','it@zhdk.ch',NULL,1,NULL,NULL,0,NULL,NULL),(5,'Doloremlaboreofficiismolestiae','Sit ullam numquam libero quia deleniti eaque.','Voluptatem iusto praesentium error repudiandae quos dolorem.','Doloremlaboreofficiismolestiae','tommie_lueilwitz@champlinrowe.biz',NULL,NULL,'W9KYS7','tommie_lueilwitz@champlinrowe.biz',NULL,1,NULL,NULL,0,NULL,NULL),(6,'Autemblanditiisharumqui','Est voluptatum impedit nesciunt.','Eaque maxime sunt architecto iusto quasi culpa cum et.','Autemblanditiisharumqui','lamont.macejkovic@nadermills.info',NULL,NULL,'XS6AAZ','lamont.macejkovic@nadermills.info',NULL,1,NULL,NULL,0,NULL,NULL),(7,'Itaqueinventoreutvoluptatem','Possimus laborum omnis mollitia numquam repudiandae quia ullam.','Voluptates quo est voluptatum animi dicta qui.','Itaqueinventoreutvoluptatem','sally.baumbach@goodwin.name',NULL,NULL,'TFPZKL','sally.baumbach@goodwin.name',NULL,1,NULL,NULL,0,NULL,NULL),(8,'Nonnatusetsed','Ipsa minima vel voluptates ut.','Et qui maiores laboriosam neque deserunt quo quasi repudiandae.','Nonnatusetsed','autumn.kunde@flatleybogisich.name',NULL,NULL,'IXRCWE','autumn.kunde@flatleybogisich.name',NULL,1,NULL,NULL,0,NULL,NULL),(9,'Aliasaautemrepellendus','Voluptate iusto vel nostrum et rerum.','Ipsum ad non et numquam hic voluptatem laboriosam fuga.','Aliasaautemrepellendus','scottie.johnson@schroeder.name',NULL,NULL,'WPPN5P','scottie.johnson@schroeder.name',NULL,1,NULL,NULL,0,NULL,NULL),(10,'Praesentiumquasiquiaeaque','Quis maiores voluptatem atque temporibus deleniti laboriosam.','Enim minus animi sunt.','Praesentiumquasiquiaeaque','oma.willms@haley.biz',NULL,NULL,'3VIYQ1','oma.willms@haley.biz',NULL,1,NULL,NULL,0,NULL,NULL),(11,'Recusandaequicupiditatepossimus','Incidunt voluptatem esse sint consequatur quia minima.','Voluptas qui doloribus sint dignissimos enim ipsam sunt quia.','Recusandaequicupiditatepossimus','maia@konopelskischneider.biz',NULL,NULL,'WCRLEM','maia@konopelskischneider.biz',NULL,1,NULL,NULL,0,NULL,NULL),(12,'Quidemrerumtotampossimus','Sunt eos in atque.','Qui incidunt eos ipsam eum placeat architecto aut perspiciatis.','Quidemrerumtotampossimus','savanah@mertzhaag.co.uk',NULL,NULL,'ZLRRFA','savanah@mertzhaag.co.uk',NULL,1,NULL,NULL,0,NULL,NULL);
/*!40000 ALTER TABLE `inventory_pools` ENABLE KEYS */;
UNLOCK TABLES;

--
-- Table structure for table `inventory_pools_model_groups`
--

DROP TABLE IF EXISTS `inventory_pools_model_groups`;
/*!40101 SET @saved_cs_client     = @@character_set_client */;
/*!40101 SET character_set_client = utf8 */;
CREATE TABLE `inventory_pools_model_groups` (
  `inventory_pool_id` int(11) DEFAULT NULL,
  `model_group_id` int(11) DEFAULT NULL,
  KEY `index_inventory_pools_model_groups_on_inventory_pool_id` (`inventory_pool_id`),
  KEY `index_inventory_pools_model_groups_on_model_group_id` (`model_group_id`),
  CONSTRAINT `inventory_pools_model_groups_model_group_id_fk` FOREIGN KEY (`model_group_id`) REFERENCES `model_groups` (`id`),
  CONSTRAINT `inventory_pools_model_groups_inventory_pool_id_fk` FOREIGN KEY (`inventory_pool_id`) REFERENCES `inventory_pools` (`id`)
) ENGINE=InnoDB DEFAULT CHARSET=utf8 COLLATE=utf8_unicode_ci;
/*!40101 SET character_set_client = @saved_cs_client */;

--
-- Dumping data for table `inventory_pools_model_groups`
--

LOCK TABLES `inventory_pools_model_groups` WRITE;
/*!40000 ALTER TABLE `inventory_pools_model_groups` DISABLE KEYS */;
INSERT INTO `inventory_pools_model_groups` VALUES (1,12),(1,13),(1,14);
/*!40000 ALTER TABLE `inventory_pools_model_groups` ENABLE KEYS */;
UNLOCK TABLES;

--
-- Table structure for table `items`
--

DROP TABLE IF EXISTS `items`;
/*!40101 SET @saved_cs_client     = @@character_set_client */;
/*!40101 SET character_set_client = utf8 */;
CREATE TABLE `items` (
  `id` int(11) NOT NULL AUTO_INCREMENT,
  `inventory_code` varchar(255) COLLATE utf8_unicode_ci DEFAULT NULL,
  `serial_number` varchar(255) COLLATE utf8_unicode_ci DEFAULT NULL,
  `model_id` int(11) DEFAULT NULL,
  `location_id` int(11) DEFAULT NULL,
  `supplier_id` int(11) DEFAULT NULL,
  `owner_id` int(11) NOT NULL,
  `parent_id` int(11) DEFAULT NULL,
  `invoice_number` varchar(255) COLLATE utf8_unicode_ci DEFAULT NULL,
  `invoice_date` date DEFAULT NULL,
  `last_check` date DEFAULT NULL,
  `retired` date DEFAULT NULL,
  `retired_reason` varchar(255) COLLATE utf8_unicode_ci DEFAULT NULL,
  `price` decimal(8,2) DEFAULT NULL,
  `is_broken` tinyint(1) DEFAULT '0',
  `is_incomplete` tinyint(1) DEFAULT '0',
  `is_borrowable` tinyint(1) DEFAULT '0',
  `needs_permission` tinyint(1) DEFAULT '0',
  `inventory_pool_id` int(11) NOT NULL,
  `is_inventory_relevant` tinyint(1) DEFAULT '0',
  `responsible` varchar(255) COLLATE utf8_unicode_ci DEFAULT NULL,
  `insurance_number` varchar(255) COLLATE utf8_unicode_ci DEFAULT NULL,
  `note` text COLLATE utf8_unicode_ci,
  `name` text COLLATE utf8_unicode_ci,
  `user_name` varchar(255) COLLATE utf8_unicode_ci DEFAULT NULL,
  `properties` text COLLATE utf8_unicode_ci,
  `created_at` datetime DEFAULT NULL,
  `updated_at` datetime DEFAULT NULL,
  `status_note` text COLLATE utf8_unicode_ci,
  PRIMARY KEY (`id`),
  UNIQUE KEY `index_items_on_inventory_code` (`inventory_code`),
  KEY `index_items_on_inventory_pool_id` (`inventory_pool_id`),
  KEY `index_items_on_retired` (`retired`),
  KEY `index_items_on_is_borrowable` (`is_borrowable`),
  KEY `index_items_on_is_broken` (`is_broken`),
  KEY `index_items_on_is_incomplete` (`is_incomplete`),
  KEY `index_items_on_location_id` (`location_id`),
  KEY `index_items_on_owner_id` (`owner_id`),
  KEY `index_items_on_parent_id_and_retired` (`parent_id`,`retired`),
  KEY `index_items_on_model_id_and_retired_and_inventory_pool_id` (`model_id`,`retired`,`inventory_pool_id`),
  KEY `items_supplier_id_fk` (`supplier_id`),
  CONSTRAINT `items_inventory_pool_id_fk` FOREIGN KEY (`inventory_pool_id`) REFERENCES `inventory_pools` (`id`),
  CONSTRAINT `items_location_id_fk` FOREIGN KEY (`location_id`) REFERENCES `locations` (`id`),
  CONSTRAINT `items_model_id_fk` FOREIGN KEY (`model_id`) REFERENCES `models` (`id`),
  CONSTRAINT `items_owner_id_fk` FOREIGN KEY (`owner_id`) REFERENCES `inventory_pools` (`id`),
  CONSTRAINT `items_parent_id_fk` FOREIGN KEY (`parent_id`) REFERENCES `items` (`id`) ON DELETE SET NULL,
  CONSTRAINT `items_supplier_id_fk` FOREIGN KEY (`supplier_id`) REFERENCES `suppliers` (`id`)
) ENGINE=InnoDB AUTO_INCREMENT=271 DEFAULT CHARSET=utf8 COLLATE=utf8_unicode_ci;
/*!40101 SET character_set_client = @saved_cs_client */;

--
-- Dumping data for table `items`
--

LOCK TABLES `items` WRITE;
/*!40000 ALTER TABLE `items` DISABLE KEYS */;
INSERT INTO `items` VALUES (1,'5lztk4ahe5h8hkvz0fnz1','2c:ac:a8:21:7d:b7-27:78:9c:7d:e1:25-bf:59:3d:c4:9f:ed',24,NULL,1,1,NULL,NULL,'2012-01-06','2013-12-13',NULL,NULL,'427.00',0,0,1,0,1,1,NULL,NULL,NULL,NULL,NULL,'--- !ruby/hash:ActiveSupport::HashWithIndifferentAccess\nanschaffungskategorie: AV-Technik\nreference: invoice\numzug: zgeln\nankunftszustand: intakt\n','2013-12-12 23:43:10','2013-12-12 23:43:10',NULL),(2,'weaccfut2lqjfx09yosg2','f1:ec:e3:50:4b:05-06:27:c7:2c:61:d9-4d:40:cf:a8:9a:df',25,NULL,2,1,NULL,NULL,'2009-12-01','2013-12-13',NULL,NULL,'907.00',0,0,1,0,1,1,NULL,NULL,NULL,NULL,NULL,'--- !ruby/hash:ActiveSupport::HashWithIndifferentAccess\nanschaffungskategorie: AV-Technik\nreference: invoice\numzug: zgeln\nankunftszustand: intakt\n','2013-12-12 23:43:10','2013-12-12 23:43:10',NULL),(3,'toh58rcq49in05vaoqi83','20:2c:f1:bf:4b:89-49:0d:27:76:7a:13-90:a2:f4:a8:49:ea',26,NULL,3,1,NULL,NULL,'2008-01-09','2013-12-13',NULL,NULL,'1215.00',0,0,1,0,1,1,NULL,NULL,NULL,NULL,NULL,'--- !ruby/hash:ActiveSupport::HashWithIndifferentAccess\nanschaffungskategorie: AV-Technik\nreference: invoice\numzug: zgeln\nankunftszustand: intakt\n','2013-12-12 23:43:10','2013-12-12 23:43:10',NULL),(4,'61c5zgkegfa3w6id4b514','51:b7:5c:07:36:f1-0e:b3:6d:fe:ac:b5-87:74:e6:59:d5:a4',27,NULL,4,1,NULL,NULL,'2011-01-30','2013-12-13',NULL,NULL,'1128.00',0,0,1,0,1,1,NULL,NULL,NULL,NULL,NULL,'--- !ruby/hash:ActiveSupport::HashWithIndifferentAccess\nanschaffungskategorie: AV-Technik\nreference: invoice\numzug: zgeln\nankunftszustand: intakt\n','2013-12-12 23:43:10','2013-12-12 23:43:10',NULL),(5,'g0g7rf74y104ib425vi75','a1:66:f0:ec:0a:6b-9a:f4:44:98:6b:00-fd:2f:75:ec:06:48',28,NULL,5,1,NULL,NULL,'2009-04-06','2013-12-13',NULL,NULL,'1255.00',0,0,1,0,1,1,NULL,NULL,NULL,NULL,NULL,'--- !ruby/hash:ActiveSupport::HashWithIndifferentAccess\nanschaffungskategorie: AV-Technik\nreference: invoice\numzug: zgeln\nankunftszustand: intakt\n','2013-12-12 23:43:10','2013-12-12 23:43:10',NULL),(6,'121b1wbuacel9eah8py06','f4:dd:4a:ca:32:49-44:64:2a:44:b6:33-ce:ba:d9:99:56:23',29,NULL,6,1,NULL,NULL,'2009-10-08','2013-12-13',NULL,NULL,'117.00',0,0,1,0,1,1,NULL,NULL,NULL,NULL,NULL,'--- !ruby/hash:ActiveSupport::HashWithIndifferentAccess\nanschaffungskategorie: AV-Technik\nreference: invoice\numzug: zgeln\nankunftszustand: intakt\n','2013-12-12 23:43:10','2013-12-12 23:43:10',NULL),(7,'iy6m9nl0xnv3c7lkxwh97','49:dd:62:f9:2c:53-73:19:b8:00:8f:77-48:ee:8d:63:89:0c',30,NULL,7,1,NULL,NULL,'2008-02-22','2013-12-13',NULL,NULL,'1408.00',0,0,1,0,1,1,NULL,NULL,NULL,NULL,NULL,'--- !ruby/hash:ActiveSupport::HashWithIndifferentAccess\nanschaffungskategorie: AV-Technik\nreference: invoice\numzug: zgeln\nankunftszustand: intakt\n','2013-12-12 23:43:10','2013-12-12 23:43:10',NULL),(8,'j9bv8bav8gsaifv5w7vk8','71:6e:cd:93:0c:25-c7:b4:7b:a6:ec:a6-69:39:b6:8a:43:2b',31,NULL,8,1,NULL,NULL,'2008-10-18','2013-12-13',NULL,NULL,'1180.00',0,0,1,0,1,1,NULL,NULL,NULL,NULL,NULL,'--- !ruby/hash:ActiveSupport::HashWithIndifferentAccess\nanschaffungskategorie: AV-Technik\nreference: invoice\numzug: zgeln\nankunftszustand: intakt\n','2013-12-12 23:43:10','2013-12-12 23:43:10',NULL),(9,'s3vw8q27oygzoiyd67vz9','70:bd:c0:b7:49:ce-12:3a:a1:56:ef:81-7a:9a:28:77:2b:7f',32,NULL,9,1,NULL,NULL,'2011-06-18','2013-12-13',NULL,NULL,'792.00',0,0,1,0,1,1,NULL,NULL,NULL,NULL,NULL,'--- !ruby/hash:ActiveSupport::HashWithIndifferentAccess\nanschaffungskategorie: AV-Technik\nreference: invoice\numzug: zgeln\nankunftszustand: intakt\n','2013-12-12 23:43:10','2013-12-12 23:43:10',NULL),(10,'o7qnrabbigbd0fzuk07k10','c0:d3:52:4f:fc:1d-82:19:15:cd:e1:05-12:95:18:c7:4b:05',33,NULL,10,1,NULL,NULL,'2010-04-08','2013-12-13',NULL,NULL,'347.00',0,0,1,0,1,1,NULL,NULL,NULL,NULL,NULL,'--- !ruby/hash:ActiveSupport::HashWithIndifferentAccess\nanschaffungskategorie: AV-Technik\nreference: invoice\numzug: zgeln\nankunftszustand: intakt\n','2013-12-12 23:43:10','2013-12-12 23:43:10',NULL),(11,'p20li1vng3nsmky1thau11','ab:0b:af:a6:c6:d4-63:42:ff:9e:5f:0a-82:2c:15:78:2e:a7',34,NULL,11,1,NULL,NULL,'2008-09-27','2013-12-13',NULL,NULL,'336.00',0,0,1,0,1,1,NULL,NULL,NULL,NULL,NULL,'--- !ruby/hash:ActiveSupport::HashWithIndifferentAccess\nanschaffungskategorie: AV-Technik\nreference: invoice\numzug: zgeln\nankunftszustand: intakt\n','2013-12-12 23:43:10','2013-12-12 23:43:10',NULL),(12,'mu7rr7hppnzjs4l2515812','7b:62:07:4c:63:72-08:89:fd:ea:6b:2f-94:bd:36:7f:e5:fd',35,NULL,12,1,NULL,NULL,'2008-10-20','2013-12-13',NULL,NULL,'1413.00',0,0,1,0,1,1,NULL,NULL,NULL,NULL,NULL,'--- !ruby/hash:ActiveSupport::HashWithIndifferentAccess\nanschaffungskategorie: AV-Technik\nreference: invoice\numzug: zgeln\nankunftszustand: intakt\n','2013-12-12 23:43:10','2013-12-12 23:43:10',NULL),(13,'v0svomh1pb4yald8mp0v13','83:b2:3c:f6:5a:60-fc:da:b8:6b:e9:fc-92:38:1c:e9:9d:d4',36,NULL,13,1,NULL,NULL,'2011-07-22','2013-12-13',NULL,NULL,'1090.00',0,0,1,0,1,1,NULL,NULL,NULL,NULL,NULL,'--- !ruby/hash:ActiveSupport::HashWithIndifferentAccess\nanschaffungskategorie: AV-Technik\nreference: invoice\numzug: zgeln\nankunftszustand: intakt\n','2013-12-12 23:43:10','2013-12-12 23:43:10',NULL),(14,'h3cbe5s9wmqs135ldi2x14','de:d0:3a:09:e3:36-96:6e:d4:9f:d3:12-10:55:09:00:70:be',37,NULL,14,1,NULL,NULL,'2009-07-27','2013-12-13',NULL,NULL,'435.00',0,0,1,0,1,1,NULL,NULL,NULL,NULL,NULL,'--- !ruby/hash:ActiveSupport::HashWithIndifferentAccess\nanschaffungskategorie: AV-Technik\nreference: invoice\numzug: zgeln\nankunftszustand: intakt\n','2013-12-12 23:43:10','2013-12-12 23:43:10',NULL),(15,'hoo7fqypo9ehnfsfy3ja15','28:d6:92:65:55:6b-40:3c:e3:de:70:66-e6:2d:da:06:a2:40',38,NULL,15,1,NULL,NULL,'2009-11-29','2013-12-13',NULL,NULL,'692.00',0,0,1,0,1,1,NULL,NULL,NULL,NULL,NULL,'--- !ruby/hash:ActiveSupport::HashWithIndifferentAccess\nanschaffungskategorie: AV-Technik\nreference: invoice\numzug: zgeln\nankunftszustand: intakt\n','2013-12-12 23:43:10','2013-12-12 23:43:10',NULL),(16,'m5s07ux4xa7jhszp6i2x16','1c:cb:4b:fe:3e:a1-7a:3f:39:d2:ad:a4-93:db:11:33:12:59',39,NULL,16,1,NULL,NULL,'2009-08-08','2013-12-13',NULL,NULL,'1234.00',0,0,1,0,1,1,NULL,NULL,NULL,NULL,NULL,'--- !ruby/hash:ActiveSupport::HashWithIndifferentAccess\nanschaffungskategorie: AV-Technik\nreference: invoice\numzug: zgeln\nankunftszustand: intakt\n','2013-12-12 23:43:10','2013-12-12 23:43:10',NULL),(17,'wsg3he9mbzmu4a6p2dtr17','dc:06:e5:ef:93:eb-35:d4:84:59:7e:ff-b9:21:dd:f1:27:ea',40,NULL,17,1,NULL,NULL,'2011-04-10','2013-12-13',NULL,NULL,'1103.00',0,0,1,0,1,1,NULL,NULL,NULL,NULL,NULL,'--- !ruby/hash:ActiveSupport::HashWithIndifferentAccess\nanschaffungskategorie: AV-Technik\nreference: invoice\numzug: zgeln\nankunftszustand: intakt\n','2013-12-12 23:43:10','2013-12-12 23:43:10',NULL),(18,'29tpa8iez95vhnfcbbzr18','83:03:e7:97:0f:f7-a8:c4:6f:d8:9e:14-bb:c6:fb:5c:88:1a',41,NULL,18,1,NULL,NULL,'2011-05-21','2013-12-13',NULL,NULL,'1052.00',0,0,1,0,1,1,NULL,NULL,NULL,NULL,NULL,'--- !ruby/hash:ActiveSupport::HashWithIndifferentAccess\nanschaffungskategorie: AV-Technik\nreference: invoice\numzug: zgeln\nankunftszustand: intakt\n','2013-12-12 23:43:10','2013-12-12 23:43:10',NULL),(19,'lgvpouy6pwh776hgst8q19','ee:bd:6c:6c:60:3b-cc:fe:91:e8:ef:b2-17:09:b7:af:4d:5b',42,NULL,19,1,NULL,NULL,'2012-10-16','2013-12-13',NULL,NULL,'104.00',0,0,1,0,1,1,NULL,NULL,NULL,NULL,NULL,'--- !ruby/hash:ActiveSupport::HashWithIndifferentAccess\nanschaffungskategorie: AV-Technik\nreference: invoice\numzug: zgeln\nankunftszustand: intakt\n','2013-12-12 23:43:10','2013-12-12 23:43:10',NULL),(20,'b71euf0lbke3132xz5ov20','7d:c4:68:9d:d3:bb-de:20:06:da:7c:8b-9b:ce:6b:a1:15:1e',43,NULL,20,1,NULL,NULL,'2010-10-21','2013-12-13',NULL,NULL,'1010.00',0,0,1,0,1,1,NULL,NULL,NULL,NULL,NULL,'--- !ruby/hash:ActiveSupport::HashWithIndifferentAccess\nanschaffungskategorie: AV-Technik\nreference: invoice\numzug: zgeln\nankunftszustand: intakt\n','2013-12-12 23:43:10','2013-12-12 23:43:10',NULL),(21,'de0bc0lzdbh09omtjlaa21','44:0b:2e:75:0a:1e-1e:62:d4:a2:74:14-d7:e2:62:20:cc:23',44,NULL,21,1,NULL,NULL,'2008-11-08','2013-12-13',NULL,NULL,'768.00',0,0,1,0,1,1,NULL,NULL,NULL,NULL,NULL,'--- !ruby/hash:ActiveSupport::HashWithIndifferentAccess\nanschaffungskategorie: AV-Technik\nreference: invoice\numzug: zgeln\nankunftszustand: intakt\n','2013-12-12 23:43:10','2013-12-12 23:43:10',NULL),(22,'lqbim1ac6p0glyyu35bs22','84:e4:32:1b:c5:69-3b:03:38:62:fb:44-89:87:84:ab:67:2e',45,NULL,22,1,NULL,NULL,'2011-06-16','2013-12-13',NULL,NULL,'50.00',0,0,1,0,1,1,NULL,NULL,NULL,NULL,NULL,'--- !ruby/hash:ActiveSupport::HashWithIndifferentAccess\nanschaffungskategorie: AV-Technik\nreference: invoice\numzug: zgeln\nankunftszustand: intakt\n','2013-12-12 23:43:10','2013-12-12 23:43:10',NULL),(23,'jd2emp0yxvijdjhhuxgb23','d8:05:bf:98:5e:36-aa:86:c5:94:eb:13-02:c5:fc:ae:1f:86',46,NULL,23,1,NULL,NULL,'2012-09-06','2013-12-13',NULL,NULL,'449.00',0,0,1,0,1,1,NULL,NULL,NULL,NULL,NULL,'--- !ruby/hash:ActiveSupport::HashWithIndifferentAccess\nanschaffungskategorie: AV-Technik\nreference: invoice\numzug: zgeln\nankunftszustand: intakt\n','2013-12-12 23:43:10','2013-12-12 23:43:10',NULL),(24,'rjk4z6hz7gziren8tyag24','83:d4:d8:2d:a0:2b-89:1b:97:af:0e:91-88:2b:a5:f2:7e:78',47,NULL,24,1,NULL,NULL,'2010-06-09','2013-12-13',NULL,NULL,'1485.00',0,0,1,0,1,1,NULL,NULL,NULL,NULL,NULL,'--- !ruby/hash:ActiveSupport::HashWithIndifferentAccess\nanschaffungskategorie: AV-Technik\nreference: invoice\numzug: zgeln\nankunftszustand: intakt\n','2013-12-12 23:43:10','2013-12-12 23:43:10',NULL),(25,'q62gzd1koho6qs0bn7di25','97:9e:40:fd:c2:da-1a:1b:b4:ab:a9:08-84:35:8a:d8:88:b8',48,NULL,25,1,NULL,NULL,'2009-08-27','2013-12-13',NULL,NULL,'72.00',0,0,1,0,1,1,NULL,NULL,NULL,NULL,NULL,'--- !ruby/hash:ActiveSupport::HashWithIndifferentAccess\nanschaffungskategorie: AV-Technik\nreference: invoice\numzug: zgeln\nankunftszustand: intakt\n','2013-12-12 23:43:10','2013-12-12 23:43:10',NULL),(26,'v3ouaql5orbhieryomew26','e7:a0:97:13:f3:b3-73:fc:65:e8:a4:65-a8:cb:dd:db:fa:0d',49,NULL,26,1,NULL,NULL,'2012-06-02','2013-12-13',NULL,NULL,'214.00',0,0,1,0,1,1,NULL,NULL,NULL,NULL,NULL,'--- !ruby/hash:ActiveSupport::HashWithIndifferentAccess\nanschaffungskategorie: AV-Technik\nreference: invoice\numzug: zgeln\nankunftszustand: intakt\n','2013-12-12 23:43:10','2013-12-12 23:43:10',NULL),(27,'g9f80ecx0xdz0oe3h4of27','5e:35:8d:09:75:b2-c0:87:88:15:5c:f0-7a:b5:76:63:e7:2d',50,NULL,27,1,NULL,NULL,'2008-08-02','2013-12-13',NULL,NULL,'812.00',0,0,1,0,1,1,NULL,NULL,NULL,NULL,NULL,'--- !ruby/hash:ActiveSupport::HashWithIndifferentAccess\nanschaffungskategorie: AV-Technik\nreference: invoice\numzug: zgeln\nankunftszustand: intakt\n','2013-12-12 23:43:10','2013-12-12 23:43:10',NULL),(28,'6giopa7jm2lcuv8eejmq28','4d:39:9e:1e:44:ba-da:09:c1:41:75:c2-73:c1:cd:6d:ae:53',51,NULL,28,1,NULL,NULL,'2011-12-02','2013-12-13',NULL,NULL,'196.00',0,0,1,0,1,1,NULL,NULL,NULL,NULL,NULL,'--- !ruby/hash:ActiveSupport::HashWithIndifferentAccess\nanschaffungskategorie: AV-Technik\nreference: invoice\numzug: zgeln\nankunftszustand: intakt\n','2013-12-12 23:43:10','2013-12-12 23:43:10',NULL),(29,'6ixszfykzho48movso2l29','ba:5b:ff:c0:7e:4b-17:49:8f:eb:b9:ea-c8:d2:2f:75:82:72',52,NULL,29,1,NULL,NULL,'2009-06-15','2013-12-13',NULL,NULL,'1348.00',0,0,1,0,1,1,NULL,NULL,NULL,NULL,NULL,'--- !ruby/hash:ActiveSupport::HashWithIndifferentAccess\nanschaffungskategorie: AV-Technik\nreference: invoice\numzug: zgeln\nankunftszustand: intakt\n','2013-12-12 23:43:10','2013-12-12 23:43:10',NULL),(30,'iqpg9s331q4ip7xb3k9w30','24:c4:30:6c:a4:10-59:62:35:7a:80:5b-c2:38:79:25:60:e3',53,NULL,30,1,NULL,NULL,'2009-01-20','2013-12-13',NULL,NULL,'299.00',0,0,1,0,1,1,NULL,NULL,NULL,NULL,NULL,'--- !ruby/hash:ActiveSupport::HashWithIndifferentAccess\nanschaffungskategorie: AV-Technik\nreference: invoice\numzug: zgeln\nankunftszustand: intakt\n','2013-12-12 23:43:10','2013-12-12 23:43:10',NULL),(31,'c5bt70v9dgflooxduezn31','7f:1c:c5:da:e2:ae-58:25:6f:c0:2f:fb-1f:a5:a6:a0:77:96',54,NULL,31,1,NULL,NULL,'2011-10-25','2013-12-13',NULL,NULL,'421.00',0,0,1,0,1,1,NULL,NULL,NULL,NULL,NULL,'--- !ruby/hash:ActiveSupport::HashWithIndifferentAccess\nanschaffungskategorie: AV-Technik\nreference: invoice\numzug: zgeln\nankunftszustand: intakt\n','2013-12-12 23:43:10','2013-12-12 23:43:10',NULL),(32,'qcxamtcprsr1474l5fhf32','5f:08:d6:d2:f4:9a-c8:f5:d0:fe:cc:f3-1c:e9:6d:ed:9c:82',55,NULL,32,1,NULL,NULL,'2011-06-25','2013-12-13',NULL,NULL,'112.00',0,0,1,0,1,1,NULL,NULL,NULL,NULL,NULL,'--- !ruby/hash:ActiveSupport::HashWithIndifferentAccess\nanschaffungskategorie: AV-Technik\nreference: invoice\numzug: zgeln\nankunftszustand: intakt\n','2013-12-12 23:43:10','2013-12-12 23:43:10',NULL),(33,'w0rrlwktjmysp8f7n5rn33','c2:66:06:fa:7c:54-45:21:56:8a:94:11-a3:3e:2a:66:21:13',56,NULL,33,1,NULL,NULL,'2009-02-10','2013-12-13',NULL,NULL,'575.00',0,0,1,0,1,1,NULL,NULL,NULL,NULL,NULL,'--- !ruby/hash:ActiveSupport::HashWithIndifferentAccess\nanschaffungskategorie: AV-Technik\nreference: invoice\numzug: zgeln\nankunftszustand: intakt\n','2013-12-12 23:43:10','2013-12-12 23:43:10',NULL),(34,'1zlifo7bm2ip2umaram434','95:8e:e1:b4:dc:36-65:59:7a:15:0c:68-cd:55:21:6b:6d:b3',57,NULL,34,1,NULL,NULL,'2008-06-13','2013-12-13',NULL,NULL,'323.00',0,0,1,0,1,1,NULL,NULL,NULL,NULL,NULL,'--- !ruby/hash:ActiveSupport::HashWithIndifferentAccess\nanschaffungskategorie: AV-Technik\nreference: invoice\numzug: zgeln\nankunftszustand: intakt\n','2013-12-12 23:43:10','2013-12-12 23:43:10',NULL),(35,'fldosrqpt2qgse1gj4gc35','44:38:c1:79:28:b1-a6:ff:14:af:d0:39-30:a3:97:c5:8e:8e',58,NULL,35,1,NULL,NULL,'2012-09-14','2013-12-13',NULL,NULL,'310.00',0,0,1,0,1,1,NULL,NULL,NULL,NULL,NULL,'--- !ruby/hash:ActiveSupport::HashWithIndifferentAccess\nanschaffungskategorie: AV-Technik\nreference: invoice\numzug: zgeln\nankunftszustand: intakt\n','2013-12-12 23:43:10','2013-12-12 23:43:10',NULL),(36,'30vv6rkh6hauxpjgbnq436','12:12:31:c8:55:8e-10:51:f4:00:25:f5-03:8c:81:9c:2a:69',59,NULL,36,1,NULL,NULL,'2011-12-30','2013-12-13',NULL,NULL,'1318.00',0,0,1,0,1,1,NULL,NULL,NULL,NULL,NULL,'--- !ruby/hash:ActiveSupport::HashWithIndifferentAccess\nanschaffungskategorie: AV-Technik\nreference: invoice\numzug: zgeln\nankunftszustand: intakt\n','2013-12-12 23:43:10','2013-12-12 23:43:10',NULL),(37,'nk15bitywgw1miy4svry37','75:b5:f7:72:16:6b-da:df:20:71:5a:fc-44:ae:68:60:e7:d8',60,NULL,37,1,NULL,NULL,'2011-07-17','2013-12-13',NULL,NULL,'1330.00',0,0,1,0,1,1,NULL,NULL,NULL,NULL,NULL,'--- !ruby/hash:ActiveSupport::HashWithIndifferentAccess\nanschaffungskategorie: AV-Technik\nreference: invoice\numzug: zgeln\nankunftszustand: intakt\n','2013-12-12 23:43:10','2013-12-12 23:43:10',NULL),(38,'zr7wipved01hrjmlg27838','73:b3:be:6e:56:88-00:a8:ce:a5:6b:da-c1:32:7b:2a:a8:e4',61,NULL,38,1,NULL,NULL,'2011-07-07','2013-12-13',NULL,NULL,'63.00',0,0,1,0,1,1,NULL,NULL,NULL,NULL,NULL,'--- !ruby/hash:ActiveSupport::HashWithIndifferentAccess\nanschaffungskategorie: AV-Technik\nreference: invoice\numzug: zgeln\nankunftszustand: intakt\n','2013-12-12 23:43:10','2013-12-12 23:43:10',NULL),(39,'d2zw5gygjgm0s5ggvjsi39','9d:c6:de:68:be:57-7b:e7:de:e3:6c:c8-fe:91:52:e5:2c:2e',62,NULL,39,1,NULL,NULL,'2009-10-08','2013-12-13',NULL,NULL,'921.00',0,0,1,0,1,1,NULL,NULL,NULL,NULL,NULL,'--- !ruby/hash:ActiveSupport::HashWithIndifferentAccess\nanschaffungskategorie: AV-Technik\nreference: invoice\numzug: zgeln\nankunftszustand: intakt\n','2013-12-12 23:43:10','2013-12-12 23:43:10',NULL),(40,'eqxrqxt91mj0glmb6bnf40','33:a2:9d:33:e3:2a-0d:72:19:79:97:60-34:75:71:0b:66:01',63,NULL,40,1,NULL,NULL,'2011-11-19','2013-12-13',NULL,NULL,'1139.00',0,0,1,0,1,1,NULL,NULL,NULL,NULL,NULL,'--- !ruby/hash:ActiveSupport::HashWithIndifferentAccess\nanschaffungskategorie: AV-Technik\nreference: invoice\numzug: zgeln\nankunftszustand: intakt\n','2013-12-12 23:43:10','2013-12-12 23:43:10',NULL),(41,'91yinw1dlshegikrtnua41','dc:ec:c9:db:d5:66-98:d3:80:a3:a3:50-fe:ae:3f:ea:dc:ee',64,NULL,41,1,NULL,NULL,'2008-06-03','2013-12-13',NULL,NULL,'903.00',0,0,1,0,1,1,NULL,NULL,NULL,NULL,NULL,'--- !ruby/hash:ActiveSupport::HashWithIndifferentAccess\nanschaffungskategorie: AV-Technik\nreference: invoice\numzug: zgeln\nankunftszustand: intakt\n','2013-12-12 23:43:10','2013-12-12 23:43:10',NULL),(42,'36j2929wmzaz1bblizcp42','e9:8d:da:4d:e1:66-09:c3:c8:58:03:2e-df:54:01:a9:5f:e3',65,NULL,42,1,NULL,NULL,'2010-05-09','2013-12-13',NULL,NULL,'691.00',0,0,1,0,1,1,NULL,NULL,NULL,NULL,NULL,'--- !ruby/hash:ActiveSupport::HashWithIndifferentAccess\nanschaffungskategorie: AV-Technik\nreference: invoice\numzug: zgeln\nankunftszustand: intakt\n','2013-12-12 23:43:10','2013-12-12 23:43:10',NULL),(43,'xbtazgrvc4llv2ejnfa743','ea:61:a7:1b:71:27-9e:e8:35:75:e9:41-2e:d5:3d:fa:57:ef',66,NULL,43,1,NULL,NULL,'2009-09-27','2013-12-13',NULL,NULL,'881.00',0,0,1,0,1,1,NULL,NULL,NULL,NULL,NULL,'--- !ruby/hash:ActiveSupport::HashWithIndifferentAccess\nanschaffungskategorie: AV-Technik\nreference: invoice\numzug: zgeln\nankunftszustand: intakt\n','2013-12-12 23:43:10','2013-12-12 23:43:10',NULL),(44,'h2s3uuxtwa50yec1bnxd44','93:41:d8:36:51:91-67:52:ca:87:83:3a-52:e1:18:c3:c4:c3',67,NULL,44,1,NULL,NULL,'2009-11-19','2013-12-13',NULL,NULL,'531.00',0,0,1,0,1,1,NULL,NULL,NULL,NULL,NULL,'--- !ruby/hash:ActiveSupport::HashWithIndifferentAccess\nanschaffungskategorie: AV-Technik\nreference: invoice\numzug: zgeln\nankunftszustand: intakt\n','2013-12-12 23:43:10','2013-12-12 23:43:10',NULL),(45,'9p8qjyc06xhlhggu4wez45','0d:22:48:0a:b9:ed-56:19:dc:e2:2e:23-30:f5:5e:8c:f7:c7',68,NULL,45,1,NULL,NULL,'2009-11-15','2013-12-13',NULL,NULL,'1447.00',0,0,1,0,1,1,NULL,NULL,NULL,NULL,NULL,'--- !ruby/hash:ActiveSupport::HashWithIndifferentAccess\nanschaffungskategorie: AV-Technik\nreference: invoice\numzug: zgeln\nankunftszustand: intakt\n','2013-12-12 23:43:10','2013-12-12 23:43:10',NULL),(46,'bugig9vnjsia2i0zrkah46','50:6c:3e:3a:4a:8e-29:58:9d:48:dc:e3-7c:af:c0:7b:c3:40',69,NULL,46,1,NULL,NULL,'2010-05-08','2013-12-13',NULL,NULL,'1296.00',0,0,1,0,1,1,NULL,NULL,NULL,NULL,NULL,'--- !ruby/hash:ActiveSupport::HashWithIndifferentAccess\nanschaffungskategorie: AV-Technik\nreference: invoice\numzug: zgeln\nankunftszustand: intakt\n','2013-12-12 23:43:10','2013-12-12 23:43:10',NULL),(47,'0kxe4b66iq6j9qbdq2uo47','1c:c6:56:3c:be:bc-96:fe:77:14:e6:3b-f2:7e:cc:86:53:7c',70,NULL,47,1,NULL,NULL,'2011-09-11','2013-12-13',NULL,NULL,'1323.00',0,0,1,0,1,1,NULL,NULL,NULL,NULL,NULL,'--- !ruby/hash:ActiveSupport::HashWithIndifferentAccess\nanschaffungskategorie: AV-Technik\nreference: invoice\numzug: zgeln\nankunftszustand: intakt\n','2013-12-12 23:43:10','2013-12-12 23:43:10',NULL),(48,'c49uatkwv5avlwwb49f048','96:d7:19:7c:11:21-15:86:45:be:4e:eb-6d:bc:a5:36:81:80',71,NULL,48,1,NULL,NULL,'2012-12-18','2013-12-13',NULL,NULL,'429.00',0,0,1,0,1,1,NULL,NULL,NULL,NULL,NULL,'--- !ruby/hash:ActiveSupport::HashWithIndifferentAccess\nanschaffungskategorie: AV-Technik\nreference: invoice\numzug: zgeln\nankunftszustand: intakt\n','2013-12-12 23:43:10','2013-12-12 23:43:10',NULL),(49,'jmnoj53q0e4f7kizx85e49','2b:88:7c:af:24:2c-20:a8:4b:74:38:a6-b8:59:d8:a3:09:7a',72,NULL,49,1,NULL,NULL,'2012-02-13','2013-12-13',NULL,NULL,'917.00',0,0,1,0,1,1,NULL,NULL,NULL,NULL,NULL,'--- !ruby/hash:ActiveSupport::HashWithIndifferentAccess\nanschaffungskategorie: AV-Technik\nreference: invoice\numzug: zgeln\nankunftszustand: intakt\n','2013-12-12 23:43:10','2013-12-12 23:43:10',NULL),(50,'k9jsdy2qucyt573wf1zb50','d7:09:44:11:57:18-14:22:7b:3c:cb:ce-5a:ed:b9:b4:ea:6f',73,NULL,50,1,NULL,NULL,'2011-01-22','2013-12-13',NULL,NULL,'158.00',0,0,1,0,1,1,NULL,NULL,NULL,NULL,NULL,'--- !ruby/hash:ActiveSupport::HashWithIndifferentAccess\nanschaffungskategorie: AV-Technik\nreference: invoice\numzug: zgeln\nankunftszustand: intakt\n','2013-12-12 23:43:10','2013-12-12 23:43:10',NULL),(51,'book1','book1',1,1,51,2,NULL,NULL,'2010-12-04','2013-12-13',NULL,NULL,'1127.00',0,0,1,0,2,1,NULL,NULL,NULL,NULL,NULL,'--- !ruby/hash:ActiveSupport::HashWithIndifferentAccess\nanschaffungskategorie: AV-Technik\nreference: invoice\numzug: zgeln\nankunftszustand: intakt\n','2013-12-12 23:43:10','2013-12-12 23:43:10',NULL),(52,'book2','book2',1,1,52,2,NULL,NULL,'2008-10-29','2013-12-13',NULL,NULL,'792.00',0,0,1,0,2,1,NULL,NULL,NULL,NULL,NULL,'--- !ruby/hash:ActiveSupport::HashWithIndifferentAccess\nanschaffungskategorie: AV-Technik\nreference: invoice\numzug: zgeln\nankunftszustand: intakt\n','2013-12-12 23:43:10','2013-12-12 23:43:10',NULL),(53,'beam123','xyz456',2,1,53,1,NULL,NULL,'2012-01-12','2013-12-13',NULL,NULL,'1216.00',0,0,1,0,1,1,NULL,NULL,NULL,NULL,NULL,'--- !ruby/hash:ActiveSupport::HashWithIndifferentAccess\nanschaffungskategorie: AV-Technik\nreference: invoice\numzug: zgeln\nankunftszustand: intakt\n','2013-12-12 23:43:10','2013-12-12 23:43:10',NULL),(54,'beam345','xyz890',2,1,54,1,NULL,NULL,'2011-08-13','2013-12-13',NULL,NULL,'751.00',0,0,1,0,1,1,NULL,NULL,NULL,NULL,NULL,'--- !ruby/hash:ActiveSupport::HashWithIndifferentAccess\nanschaffungskategorie: AV-Technik\nreference: invoice\numzug: zgeln\nankunftszustand: intakt\n','2013-12-12 23:43:10','2013-12-12 23:43:10',NULL),(55,'beam678','xyz678',3,1,55,1,NULL,NULL,'2008-05-31','2013-12-13',NULL,NULL,'318.00',0,0,1,0,1,1,NULL,NULL,NULL,NULL,NULL,'--- !ruby/hash:ActiveSupport::HashWithIndifferentAccess\nanschaffungskategorie: AV-Technik\nreference: invoice\numzug: zgeln\nankunftszustand: intakt\n','2013-12-12 23:43:10','2013-12-12 23:43:10',NULL),(56,'beam749','xyz749',2,1,56,1,NULL,NULL,'2012-12-26','2013-12-13',NULL,NULL,'809.00',0,0,1,0,2,1,NULL,NULL,NULL,NULL,NULL,'--- !ruby/hash:ActiveSupport::HashWithIndifferentAccess\nanschaffungskategorie: AV-Technik\nreference: invoice\numzug: zgeln\nankunftszustand: intakt\n','2013-12-12 23:43:10','2013-12-12 23:43:10',NULL),(57,'beamTest123','xyz74912',5,1,57,1,NULL,NULL,'2011-01-20','2013-12-13',NULL,NULL,'1365.00',0,0,1,0,1,1,NULL,NULL,NULL,NULL,NULL,'--- !ruby/hash:ActiveSupport::HashWithIndifferentAccess\nanschaffungskategorie: AV-Technik\nreference: invoice\numzug: zgeln\nankunftszustand: intakt\n','2013-12-12 23:43:10','2013-12-12 23:43:10',NULL),(58,'ucbeam1','minbeam1',6,1,58,1,NULL,NULL,'2012-09-29','2013-12-13',NULL,NULL,'1448.00',0,0,1,0,1,1,NULL,NULL,NULL,'ucbeam1',NULL,'--- !ruby/hash:ActiveSupport::HashWithIndifferentAccess\nanschaffungskategorie: AV-Technik\nreference: invoice\numzug: zgeln\nankunftszustand: intakt\n','2013-12-12 23:43:10','2013-12-12 23:43:10',NULL),(59,'microbeam1','microbeam1',7,1,59,1,NULL,NULL,'2011-11-06','2013-12-13',NULL,NULL,'726.00',0,0,1,0,1,1,NULL,NULL,NULL,'microbeam1',NULL,'--- !ruby/hash:ActiveSupport::HashWithIndifferentAccess\nanschaffungskategorie: AV-Technik\nreference: invoice\numzug: zgeln\nankunftszustand: intakt\n','2013-12-12 23:43:10','2013-12-12 23:43:10',NULL),(60,'cam123','abc234',8,1,60,1,NULL,NULL,'2009-07-03','2013-12-13',NULL,NULL,'8.00',0,0,1,0,1,1,NULL,NULL,NULL,NULL,NULL,'--- !ruby/hash:ActiveSupport::HashWithIndifferentAccess\nanschaffungskategorie: AV-Technik\nreference: invoice\numzug: zgeln\nankunftszustand: intakt\n','2013-12-12 23:43:10','2013-12-12 23:43:10',NULL),(61,'cam345','ab567',8,1,61,1,NULL,NULL,'2008-12-09','2013-12-13',NULL,NULL,'416.00',0,0,1,0,1,1,NULL,NULL,NULL,NULL,NULL,'--- !ruby/hash:ActiveSupport::HashWithIndifferentAccess\nanschaffungskategorie: AV-Technik\nreference: invoice\numzug: zgeln\nankunftszustand: intakt\n','2013-12-12 23:43:10','2013-12-12 23:43:10',NULL),(62,'cam567','ab789',8,1,62,1,NULL,NULL,'2012-07-23','2013-12-13',NULL,NULL,'157.00',0,0,1,0,1,1,NULL,NULL,NULL,NULL,NULL,'--- !ruby/hash:ActiveSupport::HashWithIndifferentAccess\nanschaffungskategorie: AV-Technik\nreference: invoice\numzug: zgeln\nankunftszustand: intakt\n','2013-12-12 23:43:10','2013-12-12 23:43:10',NULL),(63,'cam53267','ab782129',8,1,63,1,NULL,NULL,'2009-02-03','2013-12-13',NULL,NULL,'367.00',0,0,1,0,1,1,NULL,NULL,NULL,NULL,NULL,'--- !ruby/hash:ActiveSupport::HashWithIndifferentAccess\nanschaffungskategorie: AV-Technik\nreference: invoice\numzug: zgeln\nankunftszustand: intakt\n','2013-12-12 23:43:10','2013-12-12 23:43:10',NULL),(64,'cam532asd67','ab78as2129',8,1,64,1,NULL,NULL,'2011-06-12','2013-12-13',NULL,NULL,'1163.00',0,0,1,0,1,1,NULL,NULL,NULL,NULL,NULL,'--- !ruby/hash:ActiveSupport::HashWithIndifferentAccess\nanschaffungskategorie: AV-Technik\nreference: invoice\numzug: zgeln\nankunftszustand: intakt\n','2013-12-12 23:43:10','2013-12-12 23:43:10',NULL),(65,'tri789','fgh567',9,1,65,1,NULL,NULL,'2011-06-22','2013-12-13',NULL,NULL,'582.00',0,0,1,0,1,1,NULL,NULL,NULL,NULL,NULL,'--- !ruby/hash:ActiveSupport::HashWithIndifferentAccess\nanschaffungskategorie: AV-Technik\nreference: invoice\numzug: zgeln\nankunftszustand: intakt\n','2013-12-12 23:43:10','2013-12-12 23:43:10',NULL),(66,'tri123','fgh987',9,1,66,1,NULL,NULL,'2012-08-25','2013-12-13',NULL,NULL,'802.00',0,0,1,0,1,1,NULL,NULL,NULL,NULL,NULL,'--- !ruby/hash:ActiveSupport::HashWithIndifferentAccess\nanschaffungskategorie: AV-Technik\nreference: invoice\numzug: zgeln\nankunftszustand: intakt\n','2013-12-12 23:43:10','2013-12-12 23:43:10',NULL),(67,'tri923','asd213',9,1,67,1,NULL,NULL,'2008-11-12','2013-12-13',NULL,NULL,'855.00',0,0,1,0,1,1,NULL,NULL,NULL,NULL,NULL,'--- !ruby/hash:ActiveSupport::HashWithIndifferentAccess\nanschaffungskategorie: AV-Technik\nreference: invoice\numzug: zgeln\nankunftszustand: intakt\n','2013-12-12 23:43:10','2013-12-12 23:43:10',NULL),(68,'tri212','tri212',9,1,68,1,NULL,NULL,'2011-06-06','2013-12-13',NULL,NULL,'1455.00',0,0,1,0,1,1,NULL,NULL,NULL,NULL,NULL,'--- !ruby/hash:ActiveSupport::HashWithIndifferentAccess\nanschaffungskategorie: AV-Technik\nreference: invoice\numzug: zgeln\nankunftszustand: intakt\n','2013-12-12 23:43:10','2013-12-12 23:43:10',NULL),(69,'hifi123','hifi123',10,1,69,1,NULL,NULL,'2010-11-02','2013-12-13',NULL,NULL,'1292.00',0,0,1,0,1,1,NULL,NULL,NULL,NULL,NULL,'--- !ruby/hash:ActiveSupport::HashWithIndifferentAccess\nanschaffungskategorie: AV-Technik\nreference: invoice\numzug: zgeln\nankunftszustand: intakt\n','2013-12-12 23:43:10','2013-12-12 23:43:10',NULL),(70,'bose123','bose123',12,1,70,1,NULL,NULL,'2012-11-09','2013-12-13',NULL,NULL,'1115.00',0,0,1,0,1,1,NULL,NULL,NULL,NULL,NULL,'--- !ruby/hash:ActiveSupport::HashWithIndifferentAccess\nanschaffungskategorie: AV-Technik\nreference: invoice\numzug: zgeln\nankunftszustand: intakt\n','2013-12-12 23:43:10','2013-12-12 23:43:10',NULL),(71,'cand5','cand5',8,1,71,1,NULL,NULL,'2011-12-10','2013-12-13',NULL,NULL,'180.00',0,0,0,0,1,1,NULL,NULL,NULL,NULL,NULL,'--- !ruby/hash:ActiveSupport::HashWithIndifferentAccess\nanschaffungskategorie: AV-Technik\nreference: invoice\numzug: zgeln\nankunftszustand: intakt\n','2013-12-12 23:43:10','2013-12-12 23:43:10',NULL),(72,'beam21231','beamas12312',2,1,72,1,NULL,NULL,'2008-07-31','2013-12-13',NULL,NULL,'1401.00',0,0,0,0,1,1,NULL,NULL,NULL,NULL,NULL,'--- !ruby/hash:ActiveSupport::HashWithIndifferentAccess\nanschaffungskategorie: AV-Technik\nreference: invoice\numzug: zgeln\nankunftszustand: intakt\n','2013-12-12 23:43:10','2013-12-12 23:43:10',NULL),(73,'hifi345','hifi345',10,1,73,1,NULL,NULL,'2010-10-26','2013-12-13',NULL,NULL,'463.00',0,0,0,0,1,1,NULL,NULL,NULL,NULL,NULL,'--- !ruby/hash:ActiveSupport::HashWithIndifferentAccess\nanschaffungskategorie: AV-Technik\nreference: invoice\numzug: zgeln\nankunftszustand: intakt\n','2013-12-12 23:43:10','2013-12-12 23:43:10',NULL),(74,'wlaptop1','wlaptop1',14,1,74,1,NULL,NULL,'2009-12-10','2013-12-13',NULL,NULL,'386.00',1,0,1,0,1,1,NULL,NULL,NULL,NULL,NULL,'--- !ruby/hash:ActiveSupport::HashWithIndifferentAccess\nanschaffungskategorie: AV-Technik\nreference: invoice\numzug: zgeln\nankunftszustand: intakt\n','2013-12-12 23:43:10','2013-12-12 23:43:10',NULL),(75,'v120d02','v120d02',15,1,75,1,NULL,NULL,'2012-10-18','2013-12-13',NULL,NULL,'595.00',0,1,1,0,1,1,NULL,NULL,NULL,NULL,NULL,'--- !ruby/hash:ActiveSupport::HashWithIndifferentAccess\nanschaffungskategorie: AV-Technik\nreference: invoice\numzug: zgeln\nankunftszustand: intakt\n','2013-12-12 23:43:10','2013-12-12 23:43:10',NULL),(76,'v120d11','v120d11',15,NULL,76,1,NULL,NULL,'2012-02-01','2013-12-13','2013-12-13','Reiciendis ratione est et.','1493.00',1,1,0,0,1,1,NULL,NULL,NULL,NULL,NULL,'--- !ruby/hash:ActiveSupport::HashWithIndifferentAccess\nanschaffungskategorie: AV-Technik\nreference: invoice\numzug: zgeln\nankunftszustand: intakt\n','2013-12-12 23:43:10','2013-12-12 23:43:10',NULL),(77,'v120d022g','v120d022g',16,1,77,1,NULL,NULL,'2012-09-25','2013-12-13',NULL,NULL,'882.00',0,0,1,0,1,1,NULL,NULL,NULL,NULL,NULL,'--- !ruby/hash:ActiveSupport::HashWithIndifferentAccess\nanschaffungskategorie: AV-Technik\nreference: invoice\numzug: zgeln\nankunftszustand: intakt\n','2013-12-12 23:43:10','2013-12-12 23:43:10',NULL),(78,'v120d022g2','v120d022g2',16,1,78,1,NULL,NULL,'2010-02-18','2013-12-13',NULL,NULL,'939.00',0,0,1,0,1,1,NULL,NULL,NULL,NULL,NULL,'--- !ruby/hash:ActiveSupport::HashWithIndifferentAccess\nanschaffungskategorie: AV-Technik\nreference: invoice\numzug: zgeln\nankunftszustand: intakt\n','2013-12-12 23:43:10','2013-12-12 23:43:10',NULL),(79,'iMac1','iMac1',18,1,79,1,NULL,NULL,'2008-05-16','2013-12-13','2013-12-13','This item is gone.','652.00',0,0,1,0,1,1,NULL,NULL,NULL,NULL,NULL,'--- !ruby/hash:ActiveSupport::HashWithIndifferentAccess\nanschaffungskategorie: AV-Technik\nreference: invoice\numzug: zgeln\nankunftszustand: intakt\n','2013-12-12 23:43:10','2013-12-12 23:43:10',NULL),(80,'iMac2','iMac2',18,1,80,3,NULL,NULL,'2012-10-30','2013-12-13','2013-12-13','This item is gone.','622.00',0,0,1,0,1,1,NULL,NULL,NULL,NULL,NULL,'--- !ruby/hash:ActiveSupport::HashWithIndifferentAccess\nanschaffungskategorie: AV-Technik\nreference: invoice\numzug: zgeln\nankunftszustand: intakt\n','2013-12-12 23:43:10','2013-12-12 23:43:10',NULL),(81,'lpv3yc','lpv3yc',11,1,81,1,NULL,NULL,'2009-03-05','2013-12-13','2013-12-13','This item is gone.','1474.00',0,0,1,0,1,1,NULL,NULL,NULL,NULL,NULL,'--- !ruby/hash:ActiveSupport::HashWithIndifferentAccess\nanschaffungskategorie: AV-Technik\nreference: invoice\numzug: zgeln\nankunftszustand: intakt\n','2013-12-12 23:43:10','2013-12-12 23:43:10',NULL),(82,'6cxjcs','6cxjcs',11,1,82,1,NULL,NULL,'2012-10-06','2013-12-13','2013-12-13','This item is gone.','1037.00',0,0,1,0,1,1,NULL,NULL,NULL,NULL,NULL,'--- !ruby/hash:ActiveSupport::HashWithIndifferentAccess\nanschaffungskategorie: AV-Technik\nreference: invoice\numzug: zgeln\nankunftszustand: intakt\n','2013-12-12 23:43:10','2013-12-12 23:43:10',NULL),(83,'beam897','beam897',2,1,83,2,NULL,NULL,'2009-02-15','2013-12-13',NULL,NULL,'1405.00',0,0,1,0,2,1,NULL,NULL,NULL,NULL,NULL,'--- !ruby/hash:ActiveSupport::HashWithIndifferentAccess\nanschaffungskategorie: AV-Technik\nreference: invoice\numzug: zgeln\nankunftszustand: intakt\n','2013-12-12 23:43:10','2013-12-12 23:43:10',NULL),(84,'minibeam12','minibeam12',4,1,84,2,NULL,NULL,'2009-07-28','2013-12-13',NULL,NULL,'1464.00',0,0,1,0,2,1,NULL,NULL,NULL,NULL,NULL,'--- !ruby/hash:ActiveSupport::HashWithIndifferentAccess\nanschaffungskategorie: AV-Technik\nreference: invoice\numzug: zgeln\nankunftszustand: intakt\n','2013-12-12 23:43:10','2013-12-12 23:43:10',NULL),(85,'minibeam34','minibeam34',4,1,85,3,NULL,NULL,'2008-08-28','2013-12-13',NULL,NULL,'596.00',0,0,1,0,3,1,NULL,NULL,NULL,NULL,NULL,'--- !ruby/hash:ActiveSupport::HashWithIndifferentAccess\nanschaffungskategorie: AV-Technik\nreference: invoice\numzug: zgeln\nankunftszustand: intakt\n','2013-12-12 23:43:10','2013-12-12 23:43:10',NULL),(86,'minibeam56','minibeam56',4,1,86,1,NULL,NULL,'2011-09-13','2013-12-13','2013-12-13','Officia eveniet commodi repellendus et.','1307.00',0,0,1,0,1,1,NULL,NULL,NULL,NULL,NULL,'--- !ruby/hash:ActiveSupport::HashWithIndifferentAccess\nanschaffungskategorie: AV-Technik\nreference: invoice\numzug: zgeln\nankunftszustand: intakt\n','2013-12-12 23:43:10','2013-12-12 23:43:10',NULL),(87,'minibeam78','minibeam78',4,1,87,2,NULL,NULL,'2009-09-16','2013-12-13',NULL,NULL,'690.00',0,0,1,0,2,1,NULL,NULL,NULL,NULL,NULL,'--- !ruby/hash:ActiveSupport::HashWithIndifferentAccess\nanschaffungskategorie: AV-Technik\nreference: invoice\numzug: zgeln\nankunftszustand: intakt\n','2013-12-12 23:43:10','2013-12-12 23:43:10',NULL),(88,'air123','air123',19,1,88,1,NULL,NULL,'2009-08-18','2013-12-13',NULL,NULL,'860.00',0,0,1,0,1,1,NULL,NULL,NULL,NULL,NULL,'--- !ruby/hash:ActiveSupport::HashWithIndifferentAccess\nanschaffungskategorie: AV-Technik\nreference: invoice\numzug: zgeln\nankunftszustand: intakt\n','2013-12-12 23:43:10','2013-12-12 23:43:10',NULL),(89,'tp230','tp230',20,1,89,1,NULL,NULL,'2008-04-23','2013-12-13',NULL,NULL,'924.00',0,0,1,0,1,1,NULL,NULL,NULL,NULL,NULL,'--- !ruby/hash:ActiveSupport::HashWithIndifferentAccess\nanschaffungskategorie: AV-Technik\nreference: invoice\numzug: zgeln\nankunftszustand: intakt\n','2013-12-12 23:43:10','2013-12-12 23:43:10',NULL),(90,'tp301','tp301',21,1,90,1,NULL,NULL,'2008-08-12','2013-12-13',NULL,NULL,'1362.00',0,0,1,0,1,1,NULL,NULL,NULL,NULL,NULL,'--- !ruby/hash:ActiveSupport::HashWithIndifferentAccess\nanschaffungskategorie: AV-Technik\nreference: invoice\numzug: zgeln\nankunftszustand: intakt\n','2013-12-12 23:43:10','2013-12-12 23:43:10',NULL),(91,'carbon1','carbon1',22,1,91,1,NULL,NULL,'2010-01-02','2013-12-13',NULL,NULL,'170.00',0,0,1,0,1,1,NULL,NULL,NULL,NULL,NULL,'--- !ruby/hash:ActiveSupport::HashWithIndifferentAccess\nanschaffungskategorie: AV-Technik\nreference: invoice\numzug: zgeln\nankunftszustand: intakt\n','2013-12-12 23:43:10','2013-12-12 23:43:10',NULL),(92,'carbon2','carbon2',22,1,92,1,NULL,NULL,'2012-08-17','2013-12-13',NULL,NULL,'545.00',0,0,1,0,1,1,NULL,NULL,NULL,NULL,NULL,'--- !ruby/hash:ActiveSupport::HashWithIndifferentAccess\nanschaffungskategorie: AV-Technik\nreference: invoice\numzug: zgeln\nankunftszustand: intakt\n','2013-12-12 23:43:10','2013-12-12 23:43:10',NULL),(93,'inspiron1','inspiron1',23,1,93,1,NULL,NULL,'2009-08-21','2013-12-13',NULL,NULL,'508.00',0,0,1,0,1,1,NULL,NULL,NULL,NULL,NULL,'--- !ruby/hash:ActiveSupport::HashWithIndifferentAccess\nanschaffungskategorie: AV-Technik\nreference: invoice\numzug: zgeln\nankunftszustand: intakt\n','2013-12-12 23:43:10','2013-12-12 23:43:10',NULL),(94,'A4',NULL,1,1,94,1,NULL,NULL,'2012-05-21','2013-12-13',NULL,NULL,'39.00',0,0,1,0,2,1,NULL,NULL,NULL,NULL,NULL,'--- !ruby/hash:ActiveSupport::HashWithIndifferentAccess\nanschaffungskategorie: AV-Technik\nreference: invoice\numzug: zgeln\nankunftszustand: intakt\n','2013-12-12 23:43:10','2013-12-12 23:43:10',NULL),(95,'nsh1h9cvxv616rw46b5851','79:59:5f:85:00:94-81:4b:f2:19:8f:be-00:09:be:b2:09:29',76,NULL,NULL,1,NULL,NULL,NULL,NULL,NULL,NULL,NULL,0,0,1,0,1,0,NULL,NULL,NULL,NULL,NULL,'--- !ruby/hash:ActiveSupport::HashWithIndifferentAccess\nlicense_type: single_workplace\nactivation_type: serial_number\noperating_system:\n- windows\n- linux\ninstallation:\n- citrix\n- web\nreference: invoice\nmaintenance_contract: \'false\'\nmaintenance_currency: CHF\n','2013-12-12 23:43:10','2013-12-12 23:43:10',NULL),(96,'7ev86c4enk5qhw866d5352','36:64:ab:89:63:86-a4:4e:bd:c0:54:c9-55:68:d4:39:76:fe',77,NULL,NULL,1,NULL,NULL,NULL,NULL,NULL,NULL,NULL,0,0,1,0,1,0,NULL,NULL,NULL,NULL,NULL,'--- !ruby/hash:ActiveSupport::HashWithIndifferentAccess\nlicense_type: single_workplace\nactivation_type: serial_number\noperating_system:\n- windows\n- linux\ninstallation:\n- citrix\n- web\nreference: invoice\nmaintenance_contract: \'false\'\nmaintenance_currency: CHF\n','2013-12-12 23:43:10','2013-12-12 23:43:10',NULL),(97,'A7','66:73:cb:09:5b:08-4b:6a:1a:0d:66:b8-02:8f:e4:4a:7c:04',78,NULL,NULL,1,NULL,NULL,NULL,NULL,NULL,NULL,NULL,0,0,1,0,2,0,NULL,NULL,NULL,NULL,NULL,'--- !ruby/hash:ActiveSupport::HashWithIndifferentAccess\nreference: invoice\nactivation_type: none\nlicense_type: free\nmaintenance_contract: \'false\'\nmaintenance_currency: CHF\n','2013-12-12 23:43:10','2013-12-12 23:43:10',NULL),(98,'A36','45:e2:af:a4:0c:93-77:74:e8:36:e7:1b-b7:ba:c7:35:c4:6b',79,NULL,NULL,1,NULL,NULL,NULL,NULL,'2013-12-13','Rem harum nostrum magnam porro quia earum id.',NULL,0,0,0,0,1,0,NULL,NULL,NULL,NULL,NULL,'--- !ruby/hash:ActiveSupport::HashWithIndifferentAccess\nreference: invoice\nactivation_type: none\nlicense_type: free\nmaintenance_contract: \'false\'\nmaintenance_currency: CHF\n','2013-12-12 23:43:10','2013-12-12 23:43:10',NULL),(99,'IT38','c6:5a:fa:f3:86:85-90:2b:43:41:75:fb-4e:db:c9:73:f7:57',80,NULL,NULL,2,NULL,NULL,NULL,NULL,'2013-12-13','Praesentium sit similique et qui aut ipsum suscipit sapiente.',NULL,0,0,0,0,1,0,NULL,NULL,NULL,NULL,NULL,'--- !ruby/hash:ActiveSupport::HashWithIndifferentAccess\nreference: invoice\nactivation_type: none\nlicense_type: free\nmaintenance_contract: \'false\'\nmaintenance_currency: CHF\n','2013-12-12 23:43:10','2013-12-12 23:43:10',NULL),(100,'IT43','40:ce:cf:34:81:7d-19:74:9e:fe:c6:45-e3:71:68:0d:e2:0b',81,NULL,NULL,2,NULL,NULL,NULL,NULL,NULL,NULL,NULL,0,0,1,0,2,0,NULL,NULL,NULL,NULL,NULL,'--- !ruby/hash:ActiveSupport::HashWithIndifferentAccess\nreference: invoice\nactivation_type: none\nlicense_type: free\nmaintenance_contract: \'false\'\nmaintenance_currency: CHF\n','2013-12-12 23:43:10','2013-12-12 23:43:10',NULL),(101,'A51','87:a8:a5:f0:ad:d6-46:47:40:bc:47:ac-1c:73:ad:61:11:e8',82,NULL,NULL,1,NULL,NULL,'2013-12-13',NULL,NULL,NULL,NULL,0,0,0,0,1,0,NULL,NULL,NULL,NULL,NULL,'--- !ruby/hash:ActiveSupport::HashWithIndifferentAccess\nlicense_expiration: \'2013-12-13\'\nmaintenance_contract: \'true\'\nmaintenance_expiration: \'2013-12-13\'\nreference: invoice\nactivation_type: none\nlicense_type: free\nmaintenance_currency: CHF\n','2013-12-12 23:43:10','2013-12-12 23:43:10',NULL),(102,'acrobat123','23:23:39:d8:74:38-a1:df:71:77:92:63-07:ca:e9:f6:29:5f',74,NULL,NULL,1,NULL,NULL,NULL,NULL,NULL,NULL,NULL,0,0,1,0,1,0,NULL,NULL,NULL,NULL,NULL,'--- !ruby/hash:ActiveSupport::HashWithIndifferentAccess\nreference: invoice\nactivation_type: none\nlicense_type: free\nmaintenance_contract: \'false\'\nmaintenance_currency: CHF\nquantity_allocations:\n- :room: est\n  :quantity: \'5\'\n- :room: est\n  :quantity: \'45\'\n','2013-12-12 23:43:10','2013-12-12 23:43:10',NULL),(103,'msword123','a3:3a:41:43:ff:81-80:0b:82:87:d7:07-13:0d:b6:6c:56:35',83,NULL,NULL,1,NULL,NULL,NULL,NULL,NULL,NULL,NULL,0,0,1,0,1,0,NULL,NULL,NULL,NULL,NULL,'--- !ruby/hash:ActiveSupport::HashWithIndifferentAccess\nlicense_type: concurrent\noperating_system:\n- windows\nreference: invoice\nactivation_type: none\nmaintenance_contract: \'false\'\nmaintenance_currency: CHF\nquantity_allocations:\n- :room: cumque\n  :quantity: \'10\'\n- :room: voluptatum\n  :quantity: \'3\'\n','2013-12-12 23:43:10','2013-12-12 23:43:10',NULL),(104,'lic111','df:8f:ed:fb:0a:a0-40:50:9d:d4:86:fe-9c:1e:7c:2a:c4:a6',84,NULL,NULL,1,NULL,NULL,NULL,NULL,NULL,NULL,NULL,0,0,1,0,2,0,NULL,NULL,NULL,NULL,NULL,'--- !ruby/hash:ActiveSupport::HashWithIndifferentAccess\nlicense_type: multiple_workplace\noperating_system:\n- linux\n- windows\nreference: invoice\nactivation_type: none\nmaintenance_contract: \'false\'\nmaintenance_currency: CHF\n','2013-12-12 23:43:10','2013-12-12 23:43:10',NULL),(105,'A52','0b:ef:52:cf:47:bf-4e:93:c5:40:36:61-17:ae:74:b1:7e:93',85,NULL,NULL,1,NULL,NULL,NULL,NULL,NULL,NULL,NULL,0,0,1,0,1,0,NULL,NULL,NULL,NULL,NULL,'--- !ruby/hash:ActiveSupport::HashWithIndifferentAccess\nlicense_type: concurrent\noperating_system:\n- windows\n- mac_os_x\nreference: invoice\nactivation_type: none\nmaintenance_contract: \'false\'\nmaintenance_currency: CHF\n','2013-12-12 23:43:10','2013-12-12 23:43:10',NULL),(106,'gey3exuc5m3jnl3egf9353','e9:01:06:7a:c3:1d-1f:d0:43:e7:5c:00-a7:37:e7:79:cb:f6',86,3,95,1,NULL,NULL,'2012-06-09','2013-12-13',NULL,NULL,'536.00',0,0,1,0,1,1,NULL,NULL,NULL,NULL,NULL,'--- !ruby/hash:ActiveSupport::HashWithIndifferentAccess\nanschaffungskategorie: AV-Technik\nreference: invoice\numzug: zgeln\nankunftszustand: intakt\n','2013-12-12 23:43:10','2013-12-12 23:43:10',NULL),(107,'ya335etqmgzuszs15ffg54','df:c4:cf:c9:23:6c-93:73:f1:3d:c1:3e-be:05:44:67:c9:1f',87,3,96,1,106,NULL,'2008-10-05','2013-12-13',NULL,NULL,'1196.00',0,0,1,0,1,1,NULL,NULL,NULL,NULL,NULL,'--- !ruby/hash:ActiveSupport::HashWithIndifferentAccess\nanschaffungskategorie: AV-Technik\nreference: invoice\numzug: zgeln\nankunftszustand: intakt\n','2013-12-12 23:43:10','2013-12-12 23:43:10',NULL),(108,'y2mxu0l6slyi0r01rw7t55','4f:ce:65:69:80:1e-a5:cd:79:1f:4b:06-ad:61:55:17:65:a1',88,3,97,1,106,NULL,'2009-06-29','2013-12-13',NULL,NULL,'440.00',0,0,1,0,1,1,NULL,NULL,NULL,NULL,NULL,'--- !ruby/hash:ActiveSupport::HashWithIndifferentAccess\nanschaffungskategorie: AV-Technik\nreference: invoice\numzug: zgeln\nankunftszustand: intakt\n','2013-12-12 23:43:10','2013-12-12 23:43:10',NULL),(109,'kylxwn4633b2uou1325f56','aa:98:1a:28:2b:af-31:9a:dd:39:d7:3c-5a:d8:63:74:e7:3a',89,3,98,1,106,NULL,'2012-12-08','2013-12-13',NULL,NULL,'940.00',0,0,1,0,1,1,NULL,NULL,NULL,NULL,NULL,'--- !ruby/hash:ActiveSupport::HashWithIndifferentAccess\nanschaffungskategorie: AV-Technik\nreference: invoice\numzug: zgeln\nankunftszustand: intakt\n','2013-12-12 23:43:10','2013-12-12 23:43:10',NULL),(110,'smwvvmmnregn044155az57','67:b4:31:b2:ee:bd-f8:22:c2:05:f5:24-88:5d:b7:98:e4:57',86,7,99,1,NULL,NULL,'2011-09-15','2013-12-13',NULL,NULL,'154.00',0,0,1,0,1,1,NULL,NULL,NULL,NULL,NULL,'--- !ruby/hash:ActiveSupport::HashWithIndifferentAccess\nanschaffungskategorie: AV-Technik\nreference: invoice\numzug: zgeln\nankunftszustand: intakt\n','2013-12-12 23:43:10','2013-12-12 23:43:10',NULL),(111,'1it2f1ff9pgez57esdvf58','34:d2:83:b1:ad:aa-41:66:b7:57:7b:54-31:7a:c3:72:2f:59',90,7,100,1,110,NULL,'2010-02-26','2013-12-13',NULL,NULL,'546.00',0,0,1,0,1,1,NULL,NULL,NULL,NULL,NULL,'--- !ruby/hash:ActiveSupport::HashWithIndifferentAccess\nanschaffungskategorie: AV-Technik\nreference: invoice\numzug: zgeln\nankunftszustand: intakt\n','2013-12-12 23:43:10','2013-12-12 23:43:10',NULL),(112,'3pzpe3cdb975co088gpx59','2a:0e:98:48:60:dc-b6:ad:3a:95:c6:50-19:fc:2c:86:9e:13',91,7,101,1,110,NULL,'2008-10-03','2013-12-13',NULL,NULL,'372.00',0,0,1,0,1,1,NULL,NULL,NULL,NULL,NULL,'--- !ruby/hash:ActiveSupport::HashWithIndifferentAccess\nanschaffungskategorie: AV-Technik\nreference: invoice\numzug: zgeln\nankunftszustand: intakt\n','2013-12-12 23:43:10','2013-12-12 23:43:10',NULL),(113,'ey46qeyvpys5y3ubn34560','11:72:42:69:9a:20-45:2a:c7:e2:46:46-66:c4:6d:01:9e:6c',92,7,102,1,110,NULL,'2010-04-10','2013-12-13',NULL,NULL,'1444.00',0,0,1,0,1,1,NULL,NULL,NULL,NULL,NULL,'--- !ruby/hash:ActiveSupport::HashWithIndifferentAccess\nanschaffungskategorie: AV-Technik\nreference: invoice\numzug: zgeln\nankunftszustand: intakt\n','2013-12-12 23:43:10','2013-12-12 23:43:10',NULL),(114,'tvybx6l2w4okf31wmn6q61','0c:f1:a8:35:ac:2a-f3:f8:67:34:99:36-bf:53:a5:93:9a:dc',86,11,103,1,NULL,NULL,'2011-01-25','2013-12-13',NULL,NULL,'938.00',0,0,1,0,1,1,NULL,NULL,NULL,NULL,NULL,'--- !ruby/hash:ActiveSupport::HashWithIndifferentAccess\nanschaffungskategorie: AV-Technik\nreference: invoice\numzug: zgeln\nankunftszustand: intakt\n','2013-12-12 23:43:10','2013-12-12 23:43:10',NULL),(115,'z665p5fep1jhva8hfcfi62','de:46:bf:d2:58:80-77:48:c5:48:cd:78-8d:aa:6f:d1:f2:80',93,11,104,1,114,NULL,'2012-04-04','2013-12-13',NULL,NULL,'867.00',0,0,1,0,1,1,NULL,NULL,NULL,NULL,NULL,'--- !ruby/hash:ActiveSupport::HashWithIndifferentAccess\nanschaffungskategorie: AV-Technik\nreference: invoice\numzug: zgeln\nankunftszustand: intakt\n','2013-12-12 23:43:10','2013-12-12 23:43:10',NULL),(116,'3qc7vseyqrnrz9437gix63','d4:d4:e6:97:b6:79-bd:5e:bc:8b:6c:ba-05:be:30:0c:7e:f7',94,11,105,1,114,NULL,'2009-08-17','2013-12-13',NULL,NULL,'998.00',0,0,1,0,1,1,NULL,NULL,NULL,NULL,NULL,'--- !ruby/hash:ActiveSupport::HashWithIndifferentAccess\nanschaffungskategorie: AV-Technik\nreference: invoice\numzug: zgeln\nankunftszustand: intakt\n','2013-12-12 23:43:10','2013-12-12 23:43:10',NULL),(117,'pbi6o1ho7da29gds9hfr64','8d:cb:79:b5:58:98-1d:07:14:e7:57:93-77:5d:5f:e5:6d:e1',95,11,106,1,114,NULL,'2010-04-09','2013-12-13',NULL,NULL,'478.00',0,0,1,0,1,1,NULL,NULL,NULL,NULL,NULL,'--- !ruby/hash:ActiveSupport::HashWithIndifferentAccess\nanschaffungskategorie: AV-Technik\nreference: invoice\numzug: zgeln\nankunftszustand: intakt\n','2013-12-12 23:43:10','2013-12-12 23:43:10',NULL),(118,'zy0bz67xi78e3i187zfu65','87:c5:0b:73:0e:e7-b6:c5:83:1a:93:84-7a:e7:06:57:b9:61',86,15,107,2,NULL,NULL,'2009-08-21','2013-12-13',NULL,NULL,'1064.00',0,0,1,0,2,1,NULL,NULL,NULL,NULL,NULL,'--- !ruby/hash:ActiveSupport::HashWithIndifferentAccess\nanschaffungskategorie: AV-Technik\nreference: invoice\numzug: zgeln\nankunftszustand: intakt\n','2013-12-12 23:43:10','2013-12-12 23:43:10',NULL),(119,'d7p0o49n717v1qs5tygk66','fe:e0:b2:e2:51:98-c0:8c:f6:8f:7c:b5-05:6a:2f:d0:03:67',96,15,108,2,118,NULL,'2009-05-22','2013-12-13',NULL,NULL,'598.00',0,0,1,0,2,1,NULL,NULL,NULL,NULL,NULL,'--- !ruby/hash:ActiveSupport::HashWithIndifferentAccess\nanschaffungskategorie: AV-Technik\nreference: invoice\numzug: zgeln\nankunftszustand: intakt\n','2013-12-12 23:43:10','2013-12-12 23:43:10',NULL),(120,'img0m8hrlipxpc8f6adx67','ad:e8:36:2e:16:75-68:f2:1f:6b:d6:58-e0:b2:a1:64:3c:26',97,15,109,2,118,NULL,'2008-05-22','2013-12-13',NULL,NULL,'468.00',0,0,1,0,2,1,NULL,NULL,NULL,NULL,NULL,'--- !ruby/hash:ActiveSupport::HashWithIndifferentAccess\nanschaffungskategorie: AV-Technik\nreference: invoice\numzug: zgeln\nankunftszustand: intakt\n','2013-12-12 23:43:10','2013-12-12 23:43:10',NULL),(121,'z9mrzwhp7qqxu52lz6im68','8d:0e:a3:e0:b3:3d-4b:5a:b2:3b:39:d0-2a:ce:39:c7:04:d5',98,15,110,2,118,NULL,'2010-01-30','2013-12-13',NULL,NULL,'250.00',0,0,1,0,2,1,NULL,NULL,NULL,NULL,NULL,'--- !ruby/hash:ActiveSupport::HashWithIndifferentAccess\nanschaffungskategorie: AV-Technik\nreference: invoice\numzug: zgeln\nankunftszustand: intakt\n','2013-12-12 23:43:10','2013-12-12 23:43:10',NULL),(122,'z5hq7qj3ud5m980rfqr469','7f:af:13:69:fa:1f-88:85:7c:60:55:db-c0:de:7d:37:36:f7',99,19,111,1,NULL,NULL,'2008-10-01','2013-12-13',NULL,NULL,'911.00',0,0,1,0,1,1,NULL,NULL,NULL,NULL,NULL,'--- !ruby/hash:ActiveSupport::HashWithIndifferentAccess\nanschaffungskategorie: AV-Technik\nreference: invoice\numzug: zgeln\nankunftszustand: intakt\n','2013-12-12 23:43:10','2013-12-12 23:43:10',NULL),(123,'olcon0ccyhwdtb9ou5f170','f0:8d:9f:da:45:f0-7f:1d:30:aa:21:92-83:6c:95:9c:1a:bb',100,19,112,1,122,NULL,'2012-08-25','2013-12-13',NULL,NULL,'1434.00',0,0,1,0,1,1,NULL,NULL,NULL,NULL,NULL,'--- !ruby/hash:ActiveSupport::HashWithIndifferentAccess\nanschaffungskategorie: AV-Technik\nreference: invoice\numzug: zgeln\nankunftszustand: intakt\n','2013-12-12 23:43:10','2013-12-12 23:43:10',NULL),(124,'l46c3v6dadarhb4rmbh171','dd:21:4b:0f:20:fd-77:56:cc:ce:57:8c-dc:cf:16:f1:6c:5e',101,19,113,1,122,NULL,'2009-02-18','2013-12-13',NULL,NULL,'684.00',0,0,1,0,1,1,NULL,NULL,NULL,NULL,NULL,'--- !ruby/hash:ActiveSupport::HashWithIndifferentAccess\nanschaffungskategorie: AV-Technik\nreference: invoice\numzug: zgeln\nankunftszustand: intakt\n','2013-12-12 23:43:10','2013-12-12 23:43:10',NULL),(125,'izw06f914ktjpwu90f5c72','c6:73:50:a8:04:38-50:ed:ac:0b:a1:6d-9a:80:ca:72:42:01',102,19,114,1,122,NULL,'2012-11-08','2013-12-13',NULL,NULL,'1466.00',0,0,1,0,1,1,NULL,NULL,NULL,NULL,NULL,'--- !ruby/hash:ActiveSupport::HashWithIndifferentAccess\nanschaffungskategorie: AV-Technik\nreference: invoice\numzug: zgeln\nankunftszustand: intakt\n','2013-12-12 23:43:10','2013-12-12 23:43:10',NULL),(126,'rvsbnobdi18sxgk2l3yz73','ea:1e:59:48:fc:fb-97:5b:8f:a1:da:ba-d8:9b:57:1d:76:8f',99,23,115,1,NULL,NULL,'2008-02-24','2013-12-13',NULL,NULL,'697.00',0,0,1,0,1,1,NULL,NULL,NULL,NULL,NULL,'--- !ruby/hash:ActiveSupport::HashWithIndifferentAccess\nanschaffungskategorie: AV-Technik\nreference: invoice\numzug: zgeln\nankunftszustand: intakt\n','2013-12-12 23:43:10','2013-12-12 23:43:10',NULL),(127,'5kze6ttsv4qm5r6mn9bm74','db:88:b7:fb:32:8b-35:2f:99:2b:e8:5e-26:44:3c:f1:a3:67',103,23,116,1,126,NULL,'2010-12-20','2013-12-13',NULL,NULL,'429.00',0,0,1,0,1,1,NULL,NULL,NULL,NULL,NULL,'--- !ruby/hash:ActiveSupport::HashWithIndifferentAccess\nanschaffungskategorie: AV-Technik\nreference: invoice\numzug: zgeln\nankunftszustand: intakt\n','2013-12-12 23:43:10','2013-12-12 23:43:10',NULL),(128,'j4zl3w19vdyb4wrnellk75','e5:49:7e:97:7e:30-11:17:e3:1d:72:53-f9:26:21:c7:09:28',104,23,117,1,126,NULL,'2008-08-22','2013-12-13',NULL,NULL,'789.00',0,0,1,0,1,1,NULL,NULL,NULL,NULL,NULL,'--- !ruby/hash:ActiveSupport::HashWithIndifferentAccess\nanschaffungskategorie: AV-Technik\nreference: invoice\numzug: zgeln\nankunftszustand: intakt\n','2013-12-12 23:43:10','2013-12-12 23:43:10',NULL),(129,'49khki5t4i1sw5iq2boj76','25:16:80:f2:72:dd-97:13:a8:cc:42:75-08:f3:40:3e:14:5e',105,23,118,1,126,NULL,'2011-05-15','2013-12-13',NULL,NULL,'305.00',0,0,1,0,1,1,NULL,NULL,NULL,NULL,NULL,'--- !ruby/hash:ActiveSupport::HashWithIndifferentAccess\nanschaffungskategorie: AV-Technik\nreference: invoice\numzug: zgeln\nankunftszustand: intakt\n','2013-12-12 23:43:10','2013-12-12 23:43:10',NULL),(130,'1772jhfakf4oga43ex3y77','02:68:fd:9c:b6:52-8b:ff:55:34:ed:19-61:d0:32:75:d1:b0',99,27,119,1,NULL,NULL,'2009-02-21','2013-12-13',NULL,NULL,'959.00',0,0,1,0,1,1,NULL,NULL,NULL,NULL,NULL,'--- !ruby/hash:ActiveSupport::HashWithIndifferentAccess\nanschaffungskategorie: AV-Technik\nreference: invoice\numzug: zgeln\nankunftszustand: intakt\n','2013-12-12 23:43:10','2013-12-12 23:43:10',NULL),(131,'h5miaj890efnwcd0z4p878','ad:2f:17:28:d4:0f-90:a0:10:5b:98:41-bf:bf:06:9c:e5:a7',106,27,120,1,130,NULL,'2011-02-01','2013-12-13',NULL,NULL,'415.00',0,0,1,0,1,1,NULL,NULL,NULL,NULL,NULL,'--- !ruby/hash:ActiveSupport::HashWithIndifferentAccess\nanschaffungskategorie: AV-Technik\nreference: invoice\numzug: zgeln\nankunftszustand: intakt\n','2013-12-12 23:43:10','2013-12-12 23:43:10',NULL),(132,'19lo4uq3av808evrekuw79','43:2d:6d:fc:42:67-dc:20:2e:e9:92:32-35:73:de:7c:47:b8',107,27,121,1,130,NULL,'2009-04-15','2013-12-13',NULL,NULL,'251.00',0,0,1,0,1,1,NULL,NULL,NULL,NULL,NULL,'--- !ruby/hash:ActiveSupport::HashWithIndifferentAccess\nanschaffungskategorie: AV-Technik\nreference: invoice\numzug: zgeln\nankunftszustand: intakt\n','2013-12-12 23:43:10','2013-12-12 23:43:10',NULL),(133,'nz98c673lrw71ozliso380','cb:0a:50:76:e0:60-81:b2:0b:be:b2:a9-fc:7a:ea:83:d5:f0',108,27,122,1,130,NULL,'2009-07-24','2013-12-13',NULL,NULL,'869.00',0,0,1,0,1,1,NULL,NULL,NULL,NULL,NULL,'--- !ruby/hash:ActiveSupport::HashWithIndifferentAccess\nanschaffungskategorie: AV-Technik\nreference: invoice\numzug: zgeln\nankunftszustand: intakt\n','2013-12-12 23:43:10','2013-12-12 23:43:10',NULL),(134,'bg63sqhe6lbuc5nivpe481','15:cc:27:7e:c4:e5-e0:aa:54:dc:0f:bc-fe:53:84:ab:cd:6f',109,31,123,2,NULL,NULL,'2010-08-27','2013-12-13',NULL,NULL,'1462.00',0,0,1,0,7,1,NULL,NULL,NULL,NULL,NULL,'--- !ruby/hash:ActiveSupport::HashWithIndifferentAccess\nanschaffungskategorie: AV-Technik\nreference: invoice\numzug: zgeln\nankunftszustand: intakt\n','2013-12-12 23:43:10','2013-12-12 23:43:10',NULL),(135,'kg1gqyhedz0v1ld2itxv82','b6:ed:22:cd:cd:de-0e:45:bc:37:89:f2-94:1c:ed:52:19:ee',109,32,124,8,NULL,NULL,'2010-02-17','2013-12-13',NULL,NULL,'183.00',0,0,1,0,7,1,NULL,NULL,NULL,NULL,NULL,'--- !ruby/hash:ActiveSupport::HashWithIndifferentAccess\nanschaffungskategorie: AV-Technik\nreference: invoice\numzug: zgeln\nankunftszustand: intakt\n','2013-12-12 23:43:10','2013-12-12 23:43:10',NULL),(136,'dwsxpc5a4hyqoi4f7y8b83','42:05:bc:f9:4d:64-6f:a2:68:67:0c:29-ed:45:80:20:67:d3',109,33,125,4,NULL,NULL,'2008-07-31','2013-12-13',NULL,NULL,'916.00',0,0,1,0,7,1,NULL,NULL,NULL,NULL,NULL,'--- !ruby/hash:ActiveSupport::HashWithIndifferentAccess\nanschaffungskategorie: AV-Technik\nreference: invoice\numzug: zgeln\nankunftszustand: intakt\n','2013-12-12 23:43:10','2013-12-12 23:43:10',NULL),(137,'7e4xrmj96bl8gk4o8qfv84','18:df:b9:c7:96:f4-87:de:66:45:d8:a8-e0:a8:14:55:c1:94',113,34,126,5,NULL,NULL,'2011-11-20','2013-12-13',NULL,NULL,'1458.00',0,0,1,0,7,1,NULL,NULL,NULL,NULL,NULL,'--- !ruby/hash:ActiveSupport::HashWithIndifferentAccess\nanschaffungskategorie: AV-Technik\nreference: invoice\numzug: zgeln\nankunftszustand: intakt\n','2013-12-12 23:43:10','2013-12-12 23:43:10',NULL),(138,'3eju7gud56bvch79gbr785','1e:0a:9d:46:82:d5-c6:b7:bb:9e:65:9a-47:d3:a8:f1:14:5d',113,35,127,4,NULL,NULL,'2011-10-18','2013-12-13',NULL,NULL,'241.00',0,0,1,0,7,1,NULL,NULL,NULL,NULL,NULL,'--- !ruby/hash:ActiveSupport::HashWithIndifferentAccess\nanschaffungskategorie: AV-Technik\nreference: invoice\numzug: zgeln\nankunftszustand: intakt\n','2013-12-12 23:43:10','2013-12-12 23:43:10',NULL),(139,'68a5nm2xctakbxu2uhk286','2d:8e:45:10:34:39-d8:05:63:54:48:68-2b:65:fe:2f:08:b5',113,36,128,9,NULL,NULL,'2011-02-25','2013-12-13',NULL,NULL,'863.00',0,0,1,0,7,1,NULL,NULL,NULL,NULL,NULL,'--- !ruby/hash:ActiveSupport::HashWithIndifferentAccess\nanschaffungskategorie: AV-Technik\nreference: invoice\numzug: zgeln\nankunftszustand: intakt\n','2013-12-12 23:43:10','2013-12-12 23:43:10',NULL),(140,'vb7ftptq3bs9k2rdpgd887','cc:5a:37:d9:d0:f9-95:f6:d4:fe:c6:ed-34:08:08:03:34:e2',117,37,129,6,NULL,NULL,'2011-09-09','2013-12-13',NULL,NULL,'987.00',0,0,1,0,7,1,NULL,NULL,NULL,NULL,NULL,'--- !ruby/hash:ActiveSupport::HashWithIndifferentAccess\nanschaffungskategorie: AV-Technik\nreference: invoice\numzug: zgeln\nankunftszustand: intakt\n','2013-12-12 23:43:10','2013-12-12 23:43:10',NULL),(141,'369eiroc2crwvj5yvqsf88','67:e3:a6:81:76:b1-a3:75:f5:c1:c8:ec-35:0e:f3:65:ac:d8',117,38,130,8,NULL,NULL,'2008-03-31','2013-12-13',NULL,NULL,'1102.00',0,0,1,0,7,1,NULL,NULL,NULL,NULL,NULL,'--- !ruby/hash:ActiveSupport::HashWithIndifferentAccess\nanschaffungskategorie: AV-Technik\nreference: invoice\numzug: zgeln\nankunftszustand: intakt\n','2013-12-12 23:43:10','2013-12-12 23:43:10',NULL),(142,'5j9xobxyjtz2ef8rchjx89','49:1d:53:36:c9:5f-ee:ef:5c:64:36:67-7d:58:9e:09:52:86',117,39,131,1,NULL,NULL,'2008-11-21','2013-12-13',NULL,NULL,'736.00',0,0,1,0,7,1,NULL,NULL,NULL,NULL,NULL,'--- !ruby/hash:ActiveSupport::HashWithIndifferentAccess\nanschaffungskategorie: AV-Technik\nreference: invoice\numzug: zgeln\nankunftszustand: intakt\n','2013-12-12 23:43:10','2013-12-12 23:43:10',NULL),(143,'8j5huos02a72wy8jiipz90','9b:93:f4:7e:16:78-9b:7b:1a:55:cc:11-0d:ff:3f:19:ea:b7',121,40,132,6,NULL,NULL,'2009-05-06','2013-12-13',NULL,NULL,'1442.00',0,0,1,0,7,1,NULL,NULL,NULL,NULL,NULL,'--- !ruby/hash:ActiveSupport::HashWithIndifferentAccess\nanschaffungskategorie: AV-Technik\nreference: invoice\numzug: zgeln\nankunftszustand: intakt\n','2013-12-12 23:43:10','2013-12-12 23:43:10',NULL),(144,'flptn0hhikw4svaswzz191','15:cd:6b:58:ca:3a-35:d2:4c:87:3f:46-d0:85:d8:95:d3:68',121,41,133,10,NULL,NULL,'2008-04-25','2013-12-13',NULL,NULL,'592.00',0,0,1,0,7,1,NULL,NULL,NULL,NULL,NULL,'--- !ruby/hash:ActiveSupport::HashWithIndifferentAccess\nanschaffungskategorie: AV-Technik\nreference: invoice\numzug: zgeln\nankunftszustand: intakt\n','2013-12-12 23:43:10','2013-12-12 23:43:10',NULL),(145,'kzr57yxlmyiawvt60ftk92','e9:27:5e:2c:39:b9-fc:cd:fa:73:6a:71-0b:c9:62:17:58:e3',121,42,134,6,NULL,NULL,'2010-06-04','2013-12-13',NULL,NULL,'1355.00',0,0,1,0,7,1,NULL,NULL,NULL,NULL,NULL,'--- !ruby/hash:ActiveSupport::HashWithIndifferentAccess\nanschaffungskategorie: AV-Technik\nreference: invoice\numzug: zgeln\nankunftszustand: intakt\n','2013-12-12 23:43:10','2013-12-12 23:43:10',NULL),(146,'7evro4eq66gj1bjngnz193','d1:9e:f2:8e:fa:d6-17:d3:73:74:d4:65-d1:7b:1a:83:81:9c',125,43,135,11,NULL,NULL,'2011-12-02','2013-12-13',NULL,NULL,'260.00',0,0,1,0,3,1,NULL,NULL,NULL,NULL,NULL,'--- !ruby/hash:ActiveSupport::HashWithIndifferentAccess\nanschaffungskategorie: AV-Technik\nreference: invoice\numzug: zgeln\nankunftszustand: intakt\n','2013-12-12 23:43:10','2013-12-12 23:43:10',NULL),(147,'3orkka1ktba3yw4kgi5p94','c0:54:72:7c:fa:3d-a9:4d:b0:82:ff:76-61:c1:5a:af:56:c2',125,44,136,6,NULL,NULL,'2009-04-28','2013-12-13',NULL,NULL,'320.00',0,0,1,0,3,1,NULL,NULL,NULL,NULL,NULL,'--- !ruby/hash:ActiveSupport::HashWithIndifferentAccess\nanschaffungskategorie: AV-Technik\nreference: invoice\numzug: zgeln\nankunftszustand: intakt\n','2013-12-12 23:43:10','2013-12-12 23:43:10',NULL),(148,'nm65t4l9gt6ibc5v16wa95','6b:04:57:73:e6:f6-de:0f:66:e9:b7:05-31:c1:75:a4:0c:36',125,45,137,8,NULL,NULL,'2012-08-15','2013-12-13',NULL,NULL,'1495.00',0,0,1,0,3,1,NULL,NULL,NULL,NULL,NULL,'--- !ruby/hash:ActiveSupport::HashWithIndifferentAccess\nanschaffungskategorie: AV-Technik\nreference: invoice\numzug: zgeln\nankunftszustand: intakt\n','2013-12-12 23:43:10','2013-12-12 23:43:10',NULL),(149,'2oksl5oe1azvyy99jzk796','3f:3b:68:d7:ff:73-2b:db:92:f8:b3:51-64:f0:40:95:ae:f8',129,46,138,2,NULL,NULL,'2010-09-30','2013-12-13',NULL,NULL,'1334.00',0,0,1,0,3,1,NULL,NULL,NULL,NULL,NULL,'--- !ruby/hash:ActiveSupport::HashWithIndifferentAccess\nanschaffungskategorie: AV-Technik\nreference: invoice\numzug: zgeln\nankunftszustand: intakt\n','2013-12-12 23:43:10','2013-12-12 23:43:10',NULL),(150,'agdkgr682ye0ywhrmquj97','99:3a:49:41:1e:94-4f:0f:9b:49:3b:bd-30:b2:f3:85:cd:f7',129,47,139,5,NULL,NULL,'2011-09-12','2013-12-13',NULL,NULL,'1067.00',0,0,1,0,3,1,NULL,NULL,NULL,NULL,NULL,'--- !ruby/hash:ActiveSupport::HashWithIndifferentAccess\nanschaffungskategorie: AV-Technik\nreference: invoice\numzug: zgeln\nankunftszustand: intakt\n','2013-12-12 23:43:10','2013-12-12 23:43:10',NULL),(151,'cske9vsk04gco27s6mvd98','4f:dc:31:28:f3:eb-86:45:50:65:8f:21-ea:bd:f3:d0:c3:d2',129,48,140,4,NULL,NULL,'2010-02-03','2013-12-13',NULL,NULL,'365.00',0,0,1,0,3,1,NULL,NULL,NULL,NULL,NULL,'--- !ruby/hash:ActiveSupport::HashWithIndifferentAccess\nanschaffungskategorie: AV-Technik\nreference: invoice\numzug: zgeln\nankunftszustand: intakt\n','2013-12-12 23:43:10','2013-12-12 23:43:10',NULL),(152,'fbrmoo388qyywulejqdb99','c3:ef:e8:37:5c:ae-a8:ea:1d:1a:aa:8b-8d:c8:09:58:bd:13',133,49,141,5,NULL,NULL,'2010-05-26','2013-12-13',NULL,NULL,'916.00',0,0,1,0,3,1,NULL,NULL,NULL,NULL,NULL,'--- !ruby/hash:ActiveSupport::HashWithIndifferentAccess\nanschaffungskategorie: AV-Technik\nreference: invoice\numzug: zgeln\nankunftszustand: intakt\n','2013-12-12 23:43:10','2013-12-12 23:43:10',NULL),(153,'0lkv24mvkca8396mdzs2100','41:03:b5:54:e8:8d-4e:1d:94:6e:fc:3c-3a:6e:d8:6c:46:03',133,50,142,8,NULL,NULL,'2012-03-19','2013-12-13',NULL,NULL,'1150.00',0,0,1,0,3,1,NULL,NULL,NULL,NULL,NULL,'--- !ruby/hash:ActiveSupport::HashWithIndifferentAccess\nanschaffungskategorie: AV-Technik\nreference: invoice\numzug: zgeln\nankunftszustand: intakt\n','2013-12-12 23:43:10','2013-12-12 23:43:10',NULL),(154,'flmfnsjy2evsocgvkj3c101','a9:24:a3:1b:2e:ea-80:bb:ef:5a:87:56-3f:f2:43:35:5b:17',133,51,143,9,NULL,NULL,'2009-08-23','2013-12-13',NULL,NULL,'738.00',0,0,1,0,3,1,NULL,NULL,NULL,NULL,NULL,'--- !ruby/hash:ActiveSupport::HashWithIndifferentAccess\nanschaffungskategorie: AV-Technik\nreference: invoice\numzug: zgeln\nankunftszustand: intakt\n','2013-12-12 23:43:10','2013-12-12 23:43:10',NULL),(155,'rs9u6qkl5ylwtdlssv99102','f8:e1:63:36:01:0c-40:27:4e:cc:b4:55-93:18:f9:a6:0a:c6',137,52,144,2,NULL,NULL,'2011-10-09','2013-12-10',NULL,NULL,'597.00',0,0,1,0,1,1,NULL,NULL,NULL,NULL,NULL,'--- !ruby/hash:ActiveSupport::HashWithIndifferentAccess\nanschaffungskategorie: AV-Technik\nreference: invoice\numzug: zgeln\nankunftszustand: intakt\n','2013-12-09 23:43:10','2013-12-09 23:43:10',NULL),(156,'z9xbqdcdn3mtdxajga4y103','be:f2:40:bc:86:15-84:88:b7:90:9d:d5-a9:30:9b:07:b0:c7',138,53,145,4,NULL,NULL,'2011-07-24','2013-12-10',NULL,NULL,'416.00',0,0,1,0,1,1,NULL,NULL,NULL,NULL,NULL,'--- !ruby/hash:ActiveSupport::HashWithIndifferentAccess\nanschaffungskategorie: AV-Technik\nreference: invoice\numzug: zgeln\nankunftszustand: intakt\n','2013-12-09 23:43:10','2013-12-09 23:43:10',NULL),(157,'9a9behf5a3ypw83k0iex104','3d:a9:55:4c:ed:33-4d:e2:17:08:16:77-b8:54:96:1c:e1:91',139,54,146,9,NULL,NULL,'2010-07-05','2013-12-10',NULL,NULL,'1008.00',0,0,1,0,1,1,NULL,NULL,NULL,NULL,NULL,'--- !ruby/hash:ActiveSupport::HashWithIndifferentAccess\nanschaffungskategorie: AV-Technik\nreference: invoice\numzug: zgeln\nankunftszustand: intakt\n','2013-12-09 23:43:10','2013-12-09 23:43:10',NULL),(158,'m66dlu5wmcmnoa1j0s1n105','13:38:4b:7e:d3:90-4d:e1:4f:e0:65:b5-6c:77:25:6d:a1:b7',140,55,147,10,NULL,NULL,'2009-03-27','2013-12-13',NULL,NULL,'1187.00',0,0,1,0,1,1,NULL,NULL,NULL,NULL,NULL,'--- !ruby/hash:ActiveSupport::HashWithIndifferentAccess\nanschaffungskategorie: AV-Technik\nreference: invoice\numzug: zgeln\nankunftszustand: intakt\n','2013-12-12 23:43:10','2013-12-12 23:43:10',NULL),(159,'hbpq3vajmdd1o0rd1rfz106','c6:d1:36:06:83:d0-26:48:6e:46:53:ea-fb:bc:af:59:87:35',141,56,148,8,NULL,NULL,'2009-09-28','2013-12-13',NULL,NULL,'773.00',0,0,1,0,1,1,NULL,NULL,NULL,NULL,NULL,'--- !ruby/hash:ActiveSupport::HashWithIndifferentAccess\nanschaffungskategorie: AV-Technik\nreference: invoice\numzug: zgeln\nankunftszustand: intakt\n','2013-12-12 23:43:10','2013-12-12 23:43:10',NULL),(160,'eci1w3s9pjqw0y8jebzd107','ef:cc:ae:db:eb:f0-1b:f1:af:cf:4b:ac-c7:44:ac:d1:04:48',142,57,149,4,NULL,NULL,'2010-02-28','2013-12-13',NULL,NULL,'1195.00',0,0,1,0,1,1,NULL,NULL,NULL,NULL,NULL,'--- !ruby/hash:ActiveSupport::HashWithIndifferentAccess\nanschaffungskategorie: AV-Technik\nreference: invoice\numzug: zgeln\nankunftszustand: intakt\n','2013-12-12 23:43:10','2013-12-12 23:43:10',NULL),(161,'98d5ng7393uagk4aewwp108','fa:c5:b7:96:9a:24-97:75:14:e0:3a:47-cc:89:99:f7:cd:8f',143,58,150,1,NULL,NULL,'2012-09-15','2013-12-13',NULL,NULL,'334.00',0,0,1,0,1,1,NULL,NULL,NULL,NULL,NULL,'--- !ruby/hash:ActiveSupport::HashWithIndifferentAccess\nanschaffungskategorie: AV-Technik\nreference: invoice\numzug: zgeln\nankunftszustand: intakt\n','2013-12-12 23:43:10','2013-12-12 23:43:10',NULL),(162,'gxhqdwvxywahwc82ssbc109','0a:48:02:a0:fb:ac-ac:d6:90:d4:e2:d2-3f:15:54:e7:aa:38',144,59,151,2,NULL,NULL,'2008-05-09','2013-12-13',NULL,NULL,'967.00',0,0,1,0,1,1,NULL,NULL,NULL,NULL,NULL,'--- !ruby/hash:ActiveSupport::HashWithIndifferentAccess\nanschaffungskategorie: AV-Technik\nreference: invoice\numzug: zgeln\nankunftszustand: intakt\n','2013-12-12 23:43:10','2013-12-12 23:43:10',NULL),(163,'wemr30u89psufcmr1lti110','71:db:db:8d:6b:2f-aa:4f:6e:00:72:dc-1e:63:b8:c5:a1:78',145,60,152,4,NULL,NULL,'2009-09-21','2013-12-13',NULL,NULL,'145.00',0,0,1,0,1,1,NULL,NULL,NULL,NULL,NULL,'--- !ruby/hash:ActiveSupport::HashWithIndifferentAccess\nanschaffungskategorie: AV-Technik\nreference: invoice\numzug: zgeln\nankunftszustand: intakt\n','2013-12-12 23:43:10','2013-12-12 23:43:10',NULL),(164,'mjd16v2xv0muia7x08as111','8c:b5:76:c5:99:9e-f4:0b:d7:1c:c0:36-69:10:42:0a:cd:fd',146,61,153,8,NULL,NULL,'2009-10-29','2013-12-13',NULL,NULL,'1477.00',0,0,1,0,1,1,NULL,NULL,NULL,NULL,NULL,'--- !ruby/hash:ActiveSupport::HashWithIndifferentAccess\nanschaffungskategorie: AV-Technik\nreference: invoice\numzug: zgeln\nankunftszustand: intakt\n','2013-12-12 23:43:10','2013-12-12 23:43:10',NULL),(165,'sixnzi187a2n9g8c2vxb112','b3:16:0a:54:ef:79-c1:23:2e:1b:d2:00-84:2a:ee:9a:24:33',147,62,154,5,NULL,NULL,'2011-09-09','2013-12-13',NULL,NULL,'356.00',0,0,1,0,1,1,NULL,NULL,NULL,NULL,NULL,'--- !ruby/hash:ActiveSupport::HashWithIndifferentAccess\nanschaffungskategorie: AV-Technik\nreference: invoice\numzug: zgeln\nankunftszustand: intakt\n','2013-12-12 23:43:10','2013-12-12 23:43:10',NULL),(166,'z48ngv2itbpyfg0u5k0v113','0f:22:e4:c5:43:50-7c:75:cd:28:f2:ed-96:62:1c:3c:f3:2f',148,63,155,11,NULL,NULL,'2008-03-04','2013-12-13',NULL,NULL,'741.00',0,0,1,0,1,1,NULL,NULL,NULL,NULL,NULL,'--- !ruby/hash:ActiveSupport::HashWithIndifferentAccess\nanschaffungskategorie: AV-Technik\nreference: invoice\numzug: zgeln\nankunftszustand: intakt\n','2013-12-12 23:43:10','2013-12-12 23:43:10',NULL),(167,'zvwcab0ea8tm4uq36irp114','f9:9e:fa:d4:f7:a8-d4:b2:d6:81:b0:0d-cc:b8:ab:32:67:c2',149,64,156,7,NULL,NULL,'2011-09-06','2013-12-13',NULL,NULL,'888.00',0,0,1,0,1,1,NULL,NULL,NULL,NULL,NULL,'--- !ruby/hash:ActiveSupport::HashWithIndifferentAccess\nanschaffungskategorie: AV-Technik\nreference: invoice\numzug: zgeln\nankunftszustand: intakt\n','2013-12-12 23:43:10','2013-12-12 23:43:10',NULL),(168,'piskzisse4m2qukedy5u115','d2:54:e2:87:98:39-e5:33:c0:57:b5:92-0c:49:af:85:6d:1a',150,65,157,4,NULL,NULL,'2011-09-15','2013-12-13',NULL,NULL,'1283.00',0,0,1,0,1,1,NULL,NULL,NULL,NULL,NULL,'--- !ruby/hash:ActiveSupport::HashWithIndifferentAccess\nanschaffungskategorie: AV-Technik\nreference: invoice\numzug: zgeln\nankunftszustand: intakt\n','2013-12-12 23:43:10','2013-12-12 23:43:10',NULL),(169,'lq5nay4gn2tfxxrekej4116','1f:c0:4b:23:a5:31-a9:10:d6:ce:02:f9-ba:f5:51:35:aa:05',151,66,158,2,NULL,NULL,'2012-05-28','2013-12-13',NULL,NULL,'1025.00',0,0,1,0,1,1,NULL,NULL,NULL,NULL,NULL,'--- !ruby/hash:ActiveSupport::HashWithIndifferentAccess\nanschaffungskategorie: AV-Technik\nreference: invoice\numzug: zgeln\nankunftszustand: intakt\n','2013-12-12 23:43:10','2013-12-12 23:43:10',NULL),(170,'agx33cf7p70x0h3oe29y117','26:fb:00:a8:03:fc-36:b8:eb:fe:94:91-3d:c6:64:45:9d:9d',152,67,159,5,NULL,NULL,'2010-01-18','2013-12-13',NULL,NULL,'1274.00',0,0,1,0,1,1,NULL,NULL,NULL,NULL,NULL,'--- !ruby/hash:ActiveSupport::HashWithIndifferentAccess\nanschaffungskategorie: AV-Technik\nreference: invoice\numzug: zgeln\nankunftszustand: intakt\n','2013-12-12 23:43:10','2013-12-12 23:43:10',NULL),(171,'xdosuvqz6xrbxoei29e3118','b4:d6:43:58:db:9a-34:3a:86:ab:d4:a7-d0:4c:d4:29:cb:98',153,68,160,3,NULL,NULL,'2008-08-11','2013-12-13',NULL,NULL,'838.00',0,0,1,0,1,1,NULL,NULL,NULL,NULL,NULL,'--- !ruby/hash:ActiveSupport::HashWithIndifferentAccess\nanschaffungskategorie: AV-Technik\nreference: invoice\numzug: zgeln\nankunftszustand: intakt\n','2013-12-12 23:43:10','2013-12-12 23:43:10',NULL),(172,'87imgso766xxracb8fhl119','62:63:99:3f:d4:da-bb:2c:d7:c2:dc:92-65:7f:bf:03:b8:05',154,69,161,1,NULL,NULL,'2009-04-26','2013-12-13',NULL,NULL,'945.00',0,0,1,0,1,1,NULL,NULL,NULL,NULL,NULL,'--- !ruby/hash:ActiveSupport::HashWithIndifferentAccess\nanschaffungskategorie: AV-Technik\nreference: invoice\numzug: zgeln\nankunftszustand: intakt\n','2013-12-12 23:43:10','2013-12-12 23:43:10',NULL),(173,'farxc07hjkpxnmc8kysn120','39:5c:6c:05:4b:dd-64:17:d2:70:92:11-f0:14:16:77:bd:fb',155,70,162,8,NULL,NULL,'2011-04-24','2013-12-13',NULL,NULL,'585.00',0,0,1,0,1,1,NULL,NULL,NULL,NULL,NULL,'--- !ruby/hash:ActiveSupport::HashWithIndifferentAccess\nanschaffungskategorie: AV-Technik\nreference: invoice\numzug: zgeln\nankunftszustand: intakt\n','2013-12-12 23:43:10','2013-12-12 23:43:10',NULL),(174,'b5a57yatr4z35jwr89j2121','d3:26:57:24:15:7c-64:89:38:2e:d6:c3-d6:e4:68:35:0c:a7',156,71,163,8,NULL,NULL,'2010-04-15','2013-12-13',NULL,NULL,'192.00',0,0,1,0,1,1,NULL,NULL,NULL,NULL,NULL,'--- !ruby/hash:ActiveSupport::HashWithIndifferentAccess\nanschaffungskategorie: AV-Technik\nreference: invoice\numzug: zgeln\nankunftszustand: intakt\n','2013-12-12 23:43:10','2013-12-12 23:43:10',NULL),(175,'85q2sdeabxd2nnfx6zuq122','ed:12:fd:f9:7c:eb-59:25:d6:ef:fd:34-ff:4b:f4:14:97:61',157,72,164,11,NULL,NULL,'2009-12-01','2013-12-13',NULL,NULL,'1458.00',0,0,1,0,1,1,NULL,NULL,NULL,NULL,NULL,'--- !ruby/hash:ActiveSupport::HashWithIndifferentAccess\nanschaffungskategorie: AV-Technik\nreference: invoice\numzug: zgeln\nankunftszustand: intakt\n','2013-12-12 23:43:10','2013-12-12 23:43:10',NULL),(176,'ug783mmerqqdfpzued5y123','38:ec:d8:31:96:6b-e4:92:4c:e2:ed:fa-79:0e:0a:db:22:6f',158,73,165,7,NULL,NULL,'2011-07-09','2013-12-06',NULL,NULL,'81.00',0,0,1,0,1,1,NULL,NULL,NULL,NULL,NULL,'--- !ruby/hash:ActiveSupport::HashWithIndifferentAccess\nanschaffungskategorie: AV-Technik\nreference: invoice\numzug: zgeln\nankunftszustand: intakt\n','2013-12-05 23:43:10','2013-12-05 23:43:10',NULL),(177,'3dyfpapn4ixpwqg0kblx124','1c:90:2e:9f:95:e9-91:f9:e9:59:16:e6-0c:2d:d5:24:8b:c6',159,74,166,10,NULL,NULL,'2010-10-24','2013-12-06',NULL,NULL,'136.00',0,0,1,0,1,1,NULL,NULL,NULL,NULL,NULL,'--- !ruby/hash:ActiveSupport::HashWithIndifferentAccess\nanschaffungskategorie: AV-Technik\nreference: invoice\numzug: zgeln\nankunftszustand: intakt\n','2013-12-05 23:43:10','2013-12-05 23:43:10',NULL),(178,'ho7a1o277sl3u851y40u125','98:dc:01:90:08:4a-ad:5b:64:af:d1:ca-ad:56:23:83:bd:a9',160,75,167,10,NULL,NULL,'2009-10-24','2013-12-06',NULL,NULL,'1488.00',0,0,1,0,1,1,NULL,NULL,NULL,NULL,NULL,'--- !ruby/hash:ActiveSupport::HashWithIndifferentAccess\nanschaffungskategorie: AV-Technik\nreference: invoice\numzug: zgeln\nankunftszustand: intakt\n','2013-12-05 23:43:10','2013-12-05 23:43:10',NULL),(179,'psu3phxbnp5fob5gxsbk126','cc:c2:b6:5e:39:09-a5:db:8b:d9:a9:a4-30:8e:95:f3:de:32',161,76,168,5,NULL,NULL,'2008-09-16','2013-12-11',NULL,NULL,'357.00',0,0,1,0,1,1,NULL,NULL,NULL,NULL,NULL,'--- !ruby/hash:ActiveSupport::HashWithIndifferentAccess\nanschaffungskategorie: AV-Technik\nreference: invoice\numzug: zgeln\nankunftszustand: intakt\n','2013-12-10 23:43:10','2013-12-10 23:43:10',NULL),(180,'seyu0ylrs8ds2gawkt1e127','83:cb:2f:0a:87:f2-62:e2:ce:95:f5:8f-55:f1:ad:c5:91:fb',162,77,169,11,NULL,NULL,'2011-10-02','2013-12-11',NULL,NULL,'254.00',0,0,1,0,1,1,NULL,NULL,NULL,NULL,NULL,'--- !ruby/hash:ActiveSupport::HashWithIndifferentAccess\nanschaffungskategorie: AV-Technik\nreference: invoice\numzug: zgeln\nankunftszustand: intakt\n','2013-12-10 23:43:10','2013-12-10 23:43:10',NULL),(181,'yz4ygu6t7hpojpp7bq5a128','ba:cc:84:66:be:79-fc:82:3a:d7:2e:56-5b:83:de:2e:b0:06',163,78,170,1,NULL,NULL,'2008-02-27','2013-12-11',NULL,NULL,'440.00',0,0,1,0,1,1,NULL,NULL,NULL,NULL,NULL,'--- !ruby/hash:ActiveSupport::HashWithIndifferentAccess\nanschaffungskategorie: AV-Technik\nreference: invoice\numzug: zgeln\nankunftszustand: intakt\n','2013-12-10 23:43:10','2013-12-10 23:43:10',NULL),(182,'tohp3puf0zo6a9t9vprl129','59:9e:62:7a:e0:c1-43:34:c2:2d:b9:0c-9b:d9:7e:df:7d:ff',164,79,171,7,NULL,NULL,'2011-04-05','2013-12-11',NULL,NULL,'1083.00',0,0,1,0,1,1,NULL,NULL,NULL,NULL,NULL,'--- !ruby/hash:ActiveSupport::HashWithIndifferentAccess\nanschaffungskategorie: AV-Technik\nreference: invoice\numzug: zgeln\nankunftszustand: intakt\n','2013-12-10 23:43:10','2013-12-10 23:43:10',NULL),(183,'of48bo5ujezgnumni8x5130','fb:05:c7:e5:bf:8d-5a:74:8a:57:ab:af-91:78:ef:72:cc:27',165,80,172,3,NULL,NULL,'2011-12-13','2013-12-11',NULL,NULL,'146.00',0,0,1,0,1,1,NULL,NULL,NULL,NULL,NULL,'--- !ruby/hash:ActiveSupport::HashWithIndifferentAccess\nanschaffungskategorie: AV-Technik\nreference: invoice\numzug: zgeln\nankunftszustand: intakt\n','2013-12-10 23:43:10','2013-12-10 23:43:10',NULL),(184,'zsqfupevji7yxhsx1h23131','29:41:26:d4:9b:f5-34:62:65:52:30:c0-4d:e5:d8:af:bd:5b',166,81,173,11,NULL,NULL,'2012-08-29','2013-12-13',NULL,NULL,'650.00',0,0,1,0,12,1,NULL,NULL,NULL,NULL,NULL,'--- !ruby/hash:ActiveSupport::HashWithIndifferentAccess\nanschaffungskategorie: AV-Technik\nreference: invoice\numzug: zgeln\nankunftszustand: intakt\n','2013-12-12 23:43:10','2013-12-12 23:43:10',NULL),(185,'s3ol5dw9b5itoul0zzmw132','07:e7:7f:62:3a:3e-cf:f1:8c:79:1b:5e-dd:f9:40:f6:a7:73',166,82,174,4,NULL,NULL,'2008-12-18','2013-12-13',NULL,NULL,'1420.00',0,0,1,0,12,1,NULL,NULL,NULL,NULL,NULL,'--- !ruby/hash:ActiveSupport::HashWithIndifferentAccess\nanschaffungskategorie: AV-Technik\nreference: invoice\numzug: zgeln\nankunftszustand: intakt\n','2013-12-12 23:43:10','2013-12-12 23:43:10',NULL),(186,'u6qrwn9gpqv1l39y86u3133','13:1a:1e:ef:e5:c1-68:85:e3:cc:0f:96-fb:69:18:b4:55:e9',166,83,175,10,NULL,NULL,'2009-05-15','2013-12-13',NULL,NULL,'526.00',0,0,1,0,12,1,NULL,NULL,NULL,NULL,NULL,'--- !ruby/hash:ActiveSupport::HashWithIndifferentAccess\nanschaffungskategorie: AV-Technik\nreference: invoice\numzug: zgeln\nankunftszustand: intakt\n','2013-12-12 23:43:10','2013-12-12 23:43:10',NULL),(187,'o6wzorg5g7qyhyz6mefi134','79:e8:7a:82:79:7c-42:db:43:92:97:f7-28:52:00:74:d7:a5',170,84,176,2,NULL,NULL,'2008-10-04','2013-12-13',NULL,NULL,'1168.00',0,0,1,0,12,1,NULL,NULL,NULL,NULL,NULL,'--- !ruby/hash:ActiveSupport::HashWithIndifferentAccess\nanschaffungskategorie: AV-Technik\nreference: invoice\numzug: zgeln\nankunftszustand: intakt\n','2013-12-12 23:43:10','2013-12-12 23:43:10',NULL),(188,'o8sp3h3dj0utnqlh05fh135','c9:50:8b:01:01:96-ea:61:d7:aa:b8:ed-88:9d:ba:9e:0d:00',170,85,177,11,NULL,NULL,'2010-07-22','2013-12-13',NULL,NULL,'1130.00',0,0,1,0,12,1,NULL,NULL,NULL,NULL,NULL,'--- !ruby/hash:ActiveSupport::HashWithIndifferentAccess\nanschaffungskategorie: AV-Technik\nreference: invoice\numzug: zgeln\nankunftszustand: intakt\n','2013-12-12 23:43:10','2013-12-12 23:43:10',NULL),(189,'r9bfod5e0n4ja8rwmqhy136','16:12:13:b6:09:eb-62:53:e2:78:63:98-d0:f3:ef:c8:9d:31',170,86,178,5,NULL,NULL,'2012-10-07','2013-12-13',NULL,NULL,'648.00',0,0,1,0,12,1,NULL,NULL,NULL,NULL,NULL,'--- !ruby/hash:ActiveSupport::HashWithIndifferentAccess\nanschaffungskategorie: AV-Technik\nreference: invoice\numzug: zgeln\nankunftszustand: intakt\n','2013-12-12 23:43:10','2013-12-12 23:43:10',NULL),(190,'0samv2qmioyx71b0bc76137','aa:ee:48:2c:65:c0-28:30:02:35:43:e7-07:fd:ee:b6:5e:5a',174,87,179,8,NULL,NULL,'2011-12-01','2013-12-13',NULL,NULL,'727.00',0,0,1,0,12,1,NULL,NULL,NULL,NULL,NULL,'--- !ruby/hash:ActiveSupport::HashWithIndifferentAccess\nanschaffungskategorie: AV-Technik\nreference: invoice\numzug: zgeln\nankunftszustand: intakt\n','2013-12-12 23:43:10','2013-12-12 23:43:10',NULL),(191,'rha0i62vyimx1g8trxta138','4a:65:25:59:88:62-12:9f:90:c0:24:58-8f:cb:34:8f:ed:b2',174,88,180,6,NULL,NULL,'2009-01-19','2013-12-13',NULL,NULL,'1477.00',0,0,1,0,12,1,NULL,NULL,NULL,NULL,NULL,'--- !ruby/hash:ActiveSupport::HashWithIndifferentAccess\nanschaffungskategorie: AV-Technik\nreference: invoice\numzug: zgeln\nankunftszustand: intakt\n','2013-12-12 23:43:10','2013-12-12 23:43:10',NULL),(192,'fc0wxv49ceahwjtpfzpy139','90:c9:6e:5f:a8:9c-a7:b5:e0:90:fc:7b-f1:b9:24:95:28:13',174,89,181,4,NULL,NULL,'2010-06-09','2013-12-13',NULL,NULL,'1186.00',0,0,1,0,12,1,NULL,NULL,NULL,NULL,NULL,'--- !ruby/hash:ActiveSupport::HashWithIndifferentAccess\nanschaffungskategorie: AV-Technik\nreference: invoice\numzug: zgeln\nankunftszustand: intakt\n','2013-12-12 23:43:10','2013-12-12 23:43:10',NULL),(193,'8zin8zu11g2zfir2x180140','2f:90:0c:2f:49:97-b2:4f:b5:a5:09:cd-07:2b:ed:d1:b1:b8',178,90,182,7,NULL,NULL,'2011-08-02','2013-12-13',NULL,NULL,'459.00',0,0,1,0,12,1,NULL,NULL,NULL,NULL,NULL,'--- !ruby/hash:ActiveSupport::HashWithIndifferentAccess\nanschaffungskategorie: AV-Technik\nreference: invoice\numzug: zgeln\nankunftszustand: intakt\n','2013-12-12 23:43:10','2013-12-12 23:43:10',NULL),(194,'uom7iraooyjpbte9l7p3141','9a:d9:8d:cb:44:17-8b:ab:31:78:36:6f-f3:90:91:5f:38:64',178,91,183,6,NULL,NULL,'2010-05-11','2013-12-13',NULL,NULL,'965.00',0,0,1,0,12,1,NULL,NULL,NULL,NULL,NULL,'--- !ruby/hash:ActiveSupport::HashWithIndifferentAccess\nanschaffungskategorie: AV-Technik\nreference: invoice\numzug: zgeln\nankunftszustand: intakt\n','2013-12-12 23:43:10','2013-12-12 23:43:10',NULL),(195,'z33bssxb5t4tvypysra0142','ec:96:9a:41:48:dc-e3:c2:c0:ac:11:c2-40:01:18:e6:a3:40',178,92,184,6,NULL,NULL,'2012-08-29','2013-12-13',NULL,NULL,'921.00',0,0,1,0,12,1,NULL,NULL,NULL,NULL,NULL,'--- !ruby/hash:ActiveSupport::HashWithIndifferentAccess\nanschaffungskategorie: AV-Technik\nreference: invoice\numzug: zgeln\nankunftszustand: intakt\n','2013-12-12 23:43:10','2013-12-12 23:43:10',NULL),(196,'01le1i6f8chrwr1zx3en143','b5:cb:ae:19:84:32-dc:ed:7d:f9:45:0c-16:96:b3:1f:c7:f6',182,93,185,5,NULL,NULL,'2011-08-22','2013-12-13',NULL,NULL,'731.00',0,0,1,0,1,1,NULL,NULL,NULL,NULL,NULL,'--- !ruby/hash:ActiveSupport::HashWithIndifferentAccess\nanschaffungskategorie: AV-Technik\nreference: invoice\numzug: zgeln\nankunftszustand: intakt\n','2013-12-12 23:43:10','2013-12-12 23:43:10',NULL),(197,'bv7bitzf4fj4s3prsrci144','99:d6:bc:4c:7b:2b-39:6f:96:22:f6:0b-02:d3:d9:f7:2e:f6',183,94,186,5,NULL,NULL,'2009-03-06','2013-12-13',NULL,NULL,'1376.00',0,0,1,0,1,1,NULL,NULL,NULL,NULL,NULL,'--- !ruby/hash:ActiveSupport::HashWithIndifferentAccess\nanschaffungskategorie: AV-Technik\nreference: invoice\numzug: zgeln\nankunftszustand: intakt\n','2013-12-12 23:43:10','2013-12-12 23:43:10',NULL),(198,'v3zlmqipajq2zx8imenl145','1b:ad:79:62:f3:00-52:cf:cd:57:4a:f9-7e:7d:0e:ab:cd:70',184,95,187,11,NULL,NULL,'2009-04-28','2013-12-13',NULL,NULL,'879.00',0,0,1,0,1,1,NULL,NULL,NULL,NULL,NULL,'--- !ruby/hash:ActiveSupport::HashWithIndifferentAccess\nanschaffungskategorie: AV-Technik\nreference: invoice\numzug: zgeln\nankunftszustand: intakt\n','2013-12-12 23:43:10','2013-12-12 23:43:10',NULL),(199,'hnbusmfwzjtqh3n8qbzu146','69:e9:1e:0a:87:11-40:50:81:15:10:41-07:0e:cb:bb:f6:3f',185,96,188,9,NULL,NULL,'2008-02-29','2013-12-13',NULL,NULL,'267.00',0,0,1,0,1,1,NULL,NULL,NULL,NULL,NULL,'--- !ruby/hash:ActiveSupport::HashWithIndifferentAccess\nanschaffungskategorie: AV-Technik\nreference: invoice\numzug: zgeln\nankunftszustand: intakt\n','2013-12-12 23:43:10','2013-12-12 23:43:10',NULL),(200,'dd52j5v4mo3dfclwlivs147','3e:57:f0:94:f3:fc-de:49:78:3c:65:df-62:9c:d0:85:be:77',186,97,189,7,NULL,NULL,'2008-10-29','2013-12-13',NULL,NULL,'934.00',0,0,1,0,1,1,NULL,NULL,NULL,NULL,NULL,'--- !ruby/hash:ActiveSupport::HashWithIndifferentAccess\nanschaffungskategorie: AV-Technik\nreference: invoice\numzug: zgeln\nankunftszustand: intakt\n','2013-12-12 23:43:10','2013-12-12 23:43:10',NULL),(201,'wzmiyjbizhhcg6ie2p6y148','7f:f8:13:23:b3:27-0b:fc:11:a2:ac:d6-ed:07:7d:38:95:90',187,98,190,12,NULL,NULL,'2012-01-18','2013-12-13',NULL,NULL,'1464.00',0,0,1,0,1,1,NULL,NULL,NULL,NULL,NULL,'--- !ruby/hash:ActiveSupport::HashWithIndifferentAccess\nanschaffungskategorie: AV-Technik\nreference: invoice\numzug: zgeln\nankunftszustand: intakt\n','2013-12-12 23:43:10','2013-12-12 23:43:10',NULL),(202,'ph2fx99cubtc8zl2el13149','db:2e:47:c5:e8:83-4c:5e:f8:83:77:76-50:0c:ad:da:95:7d',188,99,191,10,NULL,NULL,'2012-09-27','2013-12-13',NULL,NULL,'691.00',0,0,1,0,1,1,NULL,NULL,NULL,NULL,NULL,'--- !ruby/hash:ActiveSupport::HashWithIndifferentAccess\nanschaffungskategorie: AV-Technik\nreference: invoice\numzug: zgeln\nankunftszustand: intakt\n','2013-12-12 23:43:10','2013-12-12 23:43:10',NULL),(203,'6kpq1mz48vz69aov3d2i150','73:3b:09:b8:ac:ad-9c:fd:56:3e:a3:86-1e:37:b9:c3:c1:90',189,100,192,9,NULL,NULL,'2009-03-02','2013-12-13',NULL,NULL,'1248.00',0,0,1,0,1,1,NULL,NULL,NULL,NULL,NULL,'--- !ruby/hash:ActiveSupport::HashWithIndifferentAccess\nanschaffungskategorie: AV-Technik\nreference: invoice\numzug: zgeln\nankunftszustand: intakt\n','2013-12-12 23:43:10','2013-12-12 23:43:10',NULL),(204,'a3zdd0k8akvbgqvubiv5151','35:21:51:1c:d5:d0-83:fd:d6:99:8a:2d-8f:bc:de:f5:b0:20',190,101,193,4,NULL,NULL,'2010-08-30','2013-12-13',NULL,NULL,'390.00',0,0,1,0,1,1,NULL,NULL,NULL,NULL,NULL,'--- !ruby/hash:ActiveSupport::HashWithIndifferentAccess\nanschaffungskategorie: AV-Technik\nreference: invoice\numzug: zgeln\nankunftszustand: intakt\n','2013-12-12 23:43:10','2013-12-12 23:43:10',NULL),(205,'b4umouwho01j95493bqh152','88:d8:e3:78:32:fb-e1:f1:f0:74:36:ca-58:3c:48:7a:34:08',191,102,194,9,NULL,NULL,'2008-01-15','2013-12-13',NULL,NULL,'105.00',0,0,1,0,1,1,NULL,NULL,NULL,NULL,NULL,'--- !ruby/hash:ActiveSupport::HashWithIndifferentAccess\nanschaffungskategorie: AV-Technik\nreference: invoice\numzug: zgeln\nankunftszustand: intakt\n','2013-12-12 23:43:10','2013-12-12 23:43:10',NULL),(206,'ad78pp4celsdmzoy3wj3153','95:2a:e4:1c:c7:dd-f2:a2:38:d3:26:1f-58:f7:d5:84:c7:73',192,103,195,4,NULL,NULL,'2012-02-06','2013-12-13',NULL,NULL,'1290.00',0,0,1,0,1,1,NULL,NULL,NULL,NULL,NULL,'--- !ruby/hash:ActiveSupport::HashWithIndifferentAccess\nanschaffungskategorie: AV-Technik\nreference: invoice\numzug: zgeln\nankunftszustand: intakt\n','2013-12-12 23:43:10','2013-12-12 23:43:10',NULL),(207,'0tujxt0zckmlf9injyf5154','d2:23:14:ec:2a:e1-83:ac:14:fc:1f:3b-2e:47:26:ce:97:d7',193,104,196,2,NULL,NULL,'2008-08-31','2013-12-13',NULL,NULL,'279.00',0,0,1,0,1,1,NULL,NULL,NULL,NULL,NULL,'--- !ruby/hash:ActiveSupport::HashWithIndifferentAccess\nanschaffungskategorie: AV-Technik\nreference: invoice\numzug: zgeln\nankunftszustand: intakt\n','2013-12-12 23:43:10','2013-12-12 23:43:10',NULL),(208,'ixumuj00w0jwqvioxudk155','25:df:aa:92:dc:47-a1:21:f4:6c:36:49-b2:87:a2:f0:28:60',194,105,197,12,NULL,NULL,'2011-05-29','2013-12-13',NULL,NULL,'782.00',0,0,1,0,1,1,NULL,NULL,NULL,NULL,NULL,'--- !ruby/hash:ActiveSupport::HashWithIndifferentAccess\nanschaffungskategorie: AV-Technik\nreference: invoice\numzug: zgeln\nankunftszustand: intakt\n','2013-12-12 23:43:10','2013-12-12 23:43:10',NULL),(209,'4g68j6kcvlalq0bkuuk3156','d7:ba:49:68:a6:7a-45:e1:d5:a3:5f:72-d4:95:b1:cd:bc:7c',195,106,198,8,NULL,NULL,'2010-05-11','2013-12-13',NULL,NULL,'573.00',0,0,1,0,1,1,NULL,NULL,NULL,NULL,NULL,'--- !ruby/hash:ActiveSupport::HashWithIndifferentAccess\nanschaffungskategorie: AV-Technik\nreference: invoice\numzug: zgeln\nankunftszustand: intakt\n','2013-12-12 23:43:10','2013-12-12 23:43:10',NULL),(210,'vy8y4nit72kzx9euyd2k157','d5:5c:52:84:9d:ab-c5:f2:75:26:9a:d7-a4:a0:bf:a7:b2:48',196,107,199,3,NULL,NULL,'2010-03-28','2013-12-13',NULL,NULL,'825.00',0,0,1,0,1,1,NULL,NULL,NULL,NULL,NULL,'--- !ruby/hash:ActiveSupport::HashWithIndifferentAccess\nanschaffungskategorie: AV-Technik\nreference: invoice\numzug: zgeln\nankunftszustand: intakt\n','2013-12-12 23:43:10','2013-12-12 23:43:10',NULL),(211,'mo8lkqhiy3syya88o7f2158','df:60:12:bd:e3:57-12:47:58:41:29:4d-91:ac:d9:05:8b:49',197,108,200,5,NULL,NULL,'2012-08-11','2013-12-13',NULL,NULL,'309.00',0,0,1,0,1,1,NULL,NULL,NULL,NULL,NULL,'--- !ruby/hash:ActiveSupport::HashWithIndifferentAccess\nanschaffungskategorie: AV-Technik\nreference: invoice\numzug: zgeln\nankunftszustand: intakt\n','2013-12-12 23:43:10','2013-12-12 23:43:10',NULL),(212,'pyjs7cl3fc846lzq9o06159','3d:fb:5d:24:26:2e-43:94:80:0a:e6:05-41:4e:f9:ba:e8:ff',198,109,201,11,NULL,NULL,'2009-12-29','2013-12-13',NULL,NULL,'731.00',0,0,1,0,1,1,NULL,NULL,NULL,NULL,NULL,'--- !ruby/hash:ActiveSupport::HashWithIndifferentAccess\nanschaffungskategorie: AV-Technik\nreference: invoice\numzug: zgeln\nankunftszustand: intakt\n','2013-12-12 23:43:10','2013-12-12 23:43:10',NULL),(213,'inmf40r95lvyocyc4les160','7f:12:21:d6:98:69-02:12:94:52:5c:83-e4:ed:5c:0c:d4:9c',199,110,202,8,NULL,NULL,'2010-12-23','2013-12-13',NULL,NULL,'417.00',0,0,1,0,1,1,NULL,NULL,NULL,NULL,NULL,'--- !ruby/hash:ActiveSupport::HashWithIndifferentAccess\nanschaffungskategorie: AV-Technik\nreference: invoice\numzug: zgeln\nankunftszustand: intakt\n','2013-12-12 23:43:10','2013-12-12 23:43:10',NULL),(214,'pelxxo73acgxkfnjn3le161','bc:af:fe:31:9b:0d-33:a3:37:52:f0:39-5d:46:6e:72:25:05',200,111,203,6,NULL,NULL,'2008-01-05','2013-12-13',NULL,NULL,'375.00',0,0,1,0,1,1,NULL,NULL,NULL,NULL,NULL,'--- !ruby/hash:ActiveSupport::HashWithIndifferentAccess\nanschaffungskategorie: AV-Technik\nreference: invoice\numzug: zgeln\nankunftszustand: intakt\n','2013-12-12 23:43:10','2013-12-12 23:43:10',NULL),(215,'0vk2khx27rlcs6kt0dkx162','9f:15:9f:3b:de:2d-b7:70:ff:45:c7:0f-3b:b4:d6:1d:b8:ad',201,112,204,8,NULL,NULL,'2008-01-31','2013-12-13',NULL,NULL,'92.00',0,0,1,0,1,1,NULL,NULL,NULL,NULL,NULL,'--- !ruby/hash:ActiveSupport::HashWithIndifferentAccess\nanschaffungskategorie: AV-Technik\nreference: invoice\numzug: zgeln\nankunftszustand: intakt\n','2013-12-12 23:43:10','2013-12-12 23:43:10',NULL),(216,'gvnwe2kmshae8uplzfbv163','38:5f:8d:b8:68:94-64:02:1e:84:c6:08-06:d2:36:ca:56:42',202,113,205,6,NULL,NULL,'2008-01-15','2013-12-13',NULL,NULL,'1041.00',0,0,1,0,1,1,NULL,NULL,NULL,NULL,NULL,'--- !ruby/hash:ActiveSupport::HashWithIndifferentAccess\nanschaffungskategorie: AV-Technik\nreference: invoice\numzug: zgeln\nankunftszustand: intakt\n','2013-12-12 23:43:10','2013-12-12 23:43:10',NULL),(217,'nh7vv9ojgw0crknf7wku164','7b:b4:ca:10:9a:61-d6:d9:df:66:d4:2f-cb:d5:e9:6e:6e:9e',203,114,206,4,NULL,NULL,'2010-07-24','2013-12-13',NULL,NULL,'51.00',0,0,1,0,1,1,NULL,NULL,NULL,NULL,NULL,'--- !ruby/hash:ActiveSupport::HashWithIndifferentAccess\nanschaffungskategorie: AV-Technik\nreference: invoice\numzug: zgeln\nankunftszustand: intakt\n','2013-12-12 23:43:10','2013-12-12 23:43:10',NULL),(218,'riao33g0b3887enl4m9l165','c9:09:88:e6:ec:5f-3c:8b:a4:91:52:14-64:8c:d2:aa:63:a5',204,115,207,4,NULL,NULL,'2012-08-28','2013-12-13',NULL,NULL,'396.00',0,0,1,0,1,1,NULL,NULL,NULL,NULL,NULL,'--- !ruby/hash:ActiveSupport::HashWithIndifferentAccess\nanschaffungskategorie: AV-Technik\nreference: invoice\numzug: zgeln\nankunftszustand: intakt\n','2013-12-12 23:43:10','2013-12-12 23:43:10',NULL),(219,'i1ogf8kbojq6wjmuje6t166','37:b4:be:48:1b:7c-cf:d4:c6:16:e2:99-5b:d9:1b:6b:a4:81',205,116,208,12,NULL,NULL,'2009-07-22','2013-12-13',NULL,NULL,'345.00',0,0,1,0,1,1,NULL,NULL,NULL,NULL,NULL,'--- !ruby/hash:ActiveSupport::HashWithIndifferentAccess\nanschaffungskategorie: AV-Technik\nreference: invoice\numzug: zgeln\nankunftszustand: intakt\n','2013-12-12 23:43:10','2013-12-12 23:43:10',NULL),(220,'1njoh0lw5ctkvf1d1sex167','15:4d:13:00:2f:6a-6d:2d:96:6b:8b:13-c5:27:bf:2d:39:16',206,117,209,7,NULL,NULL,'2009-10-18','2013-12-13',NULL,NULL,'815.00',0,0,1,0,1,1,NULL,NULL,NULL,NULL,NULL,'--- !ruby/hash:ActiveSupport::HashWithIndifferentAccess\nanschaffungskategorie: AV-Technik\nreference: invoice\numzug: zgeln\nankunftszustand: intakt\n','2013-12-12 23:43:10','2013-12-12 23:43:10',NULL),(221,'ecxw1yxg9pj3cdmsfg8r168','b5:76:71:b4:3f:8f-32:f1:54:e5:a9:bd-57:1b:5a:fe:79:5b',207,118,210,10,NULL,NULL,'2008-06-15','2013-12-13',NULL,NULL,'322.00',0,0,1,0,1,1,NULL,NULL,NULL,NULL,NULL,'--- !ruby/hash:ActiveSupport::HashWithIndifferentAccess\nanschaffungskategorie: AV-Technik\nreference: invoice\numzug: zgeln\nankunftszustand: intakt\n','2013-12-12 23:43:10','2013-12-12 23:43:10',NULL),(222,'v45ymus3ikk7mtdfzhqz169','09:34:ef:a9:92:69-aa:60:62:23:00:34-90:49:17:4e:30:93',208,119,211,2,NULL,NULL,'2011-02-01','2013-12-13',NULL,NULL,'1049.00',0,0,1,0,1,1,NULL,NULL,NULL,NULL,NULL,'--- !ruby/hash:ActiveSupport::HashWithIndifferentAccess\nanschaffungskategorie: AV-Technik\nreference: invoice\numzug: zgeln\nankunftszustand: intakt\n','2013-12-12 23:43:10','2013-12-12 23:43:10',NULL),(223,'v7hfawfej40kbexg4qyr170','1d:2b:cd:33:20:6f-ed:cb:c6:c0:24:92-4b:97:48:62:ee:34',209,120,212,11,NULL,NULL,'2012-12-15','2013-12-13',NULL,NULL,'238.00',0,0,1,0,1,1,NULL,NULL,NULL,NULL,NULL,'--- !ruby/hash:ActiveSupport::HashWithIndifferentAccess\nanschaffungskategorie: AV-Technik\nreference: invoice\numzug: zgeln\nankunftszustand: intakt\n','2013-12-12 23:43:10','2013-12-12 23:43:10',NULL),(224,'h1eytddj2spzc11txa4s171','82:61:cd:02:f4:62-db:fa:75:e9:50:44-b9:9d:c1:55:6a:97',210,121,213,7,NULL,NULL,'2012-04-28','2013-12-13',NULL,NULL,'900.00',0,0,1,0,1,1,NULL,NULL,NULL,NULL,NULL,'--- !ruby/hash:ActiveSupport::HashWithIndifferentAccess\nanschaffungskategorie: AV-Technik\nreference: invoice\numzug: zgeln\nankunftszustand: intakt\n','2013-12-12 23:43:10','2013-12-12 23:43:10',NULL),(225,'s3p5yhwbeqsnrzzu34hk172','e7:54:ab:d7:a1:b0-2d:5e:3f:66:81:1e-37:55:43:30:ce:59',211,122,214,3,NULL,NULL,'2011-10-14','2013-12-13',NULL,NULL,'1140.00',0,0,1,0,1,1,NULL,NULL,NULL,NULL,NULL,'--- !ruby/hash:ActiveSupport::HashWithIndifferentAccess\nanschaffungskategorie: AV-Technik\nreference: invoice\numzug: zgeln\nankunftszustand: intakt\n','2013-12-12 23:43:10','2013-12-12 23:43:10',NULL),(226,'lft2qb3s2rv7rz6ovpjg173','4e:a0:93:66:6d:7c-ce:55:94:10:5e:9c-77:44:66:89:96:26',212,123,215,9,NULL,NULL,'2010-11-13','2013-12-13',NULL,NULL,'206.00',0,0,1,0,1,1,NULL,NULL,NULL,NULL,NULL,'--- !ruby/hash:ActiveSupport::HashWithIndifferentAccess\nanschaffungskategorie: AV-Technik\nreference: invoice\numzug: zgeln\nankunftszustand: intakt\n','2013-12-12 23:43:10','2013-12-12 23:43:10',NULL),(227,'mpdoogx1zdxn4g000miv174','d7:8d:e2:11:3f:f8-1c:29:59:ee:35:48-7a:07:a6:68:25:ff',213,124,216,7,NULL,NULL,'2010-01-12','2013-12-13',NULL,NULL,'791.00',0,0,1,0,1,1,NULL,NULL,NULL,NULL,NULL,'--- !ruby/hash:ActiveSupport::HashWithIndifferentAccess\nanschaffungskategorie: AV-Technik\nreference: invoice\numzug: zgeln\nankunftszustand: intakt\n','2013-12-12 23:43:10','2013-12-12 23:43:10',NULL),(228,'mgkim2jzi0zf4a7709cy175','fc:26:8d:39:48:8c-2f:d1:c4:b9:3e:d1-ad:55:6e:b8:5d:b0',214,125,217,11,NULL,NULL,'2010-10-21','2013-12-13',NULL,NULL,'528.00',0,0,1,0,1,1,NULL,NULL,NULL,NULL,NULL,'--- !ruby/hash:ActiveSupport::HashWithIndifferentAccess\nanschaffungskategorie: AV-Technik\nreference: invoice\numzug: zgeln\nankunftszustand: intakt\n','2013-12-12 23:43:10','2013-12-12 23:43:10',NULL),(229,'e5gab0czp97v2jr8rkp1176','c6:dc:77:32:41:63-97:20:e9:72:37:11-f7:a7:12:ae:ee:c2',215,126,218,2,NULL,NULL,'2009-04-08','2013-12-13',NULL,NULL,'1179.00',0,0,1,0,1,1,NULL,NULL,NULL,NULL,NULL,'--- !ruby/hash:ActiveSupport::HashWithIndifferentAccess\nanschaffungskategorie: AV-Technik\nreference: invoice\numzug: zgeln\nankunftszustand: intakt\n','2013-12-12 23:43:10','2013-12-12 23:43:10',NULL),(230,'36s51muvzhk8yw6fohag177','10:19:58:41:3b:c7-e5:b6:f6:c1:3f:48-0f:c0:48:75:23:28',216,127,219,11,NULL,NULL,'2010-08-06','2013-12-13',NULL,NULL,'538.00',0,0,1,0,1,1,NULL,NULL,NULL,NULL,NULL,'--- !ruby/hash:ActiveSupport::HashWithIndifferentAccess\nanschaffungskategorie: AV-Technik\nreference: invoice\numzug: zgeln\nankunftszustand: intakt\n','2013-12-12 23:43:10','2013-12-12 23:43:10',NULL),(231,'wydo37q32ke808b45xmp178','60:fc:c7:85:aa:22-9e:93:65:43:e3:d1-2b:93:da:ad:20:d3',217,128,220,4,NULL,NULL,'2012-07-24','2013-12-13',NULL,NULL,'42.00',0,0,1,0,1,1,NULL,NULL,NULL,NULL,NULL,'--- !ruby/hash:ActiveSupport::HashWithIndifferentAccess\nanschaffungskategorie: AV-Technik\nreference: invoice\numzug: zgeln\nankunftszustand: intakt\n','2013-12-12 23:43:10','2013-12-12 23:43:10',NULL),(232,'ne5bz6dnri1g6y3857fb179','f1:c9:63:35:0d:cf-4d:e5:5c:b9:3c:d4-de:4f:c9:51:88:4d',218,129,221,4,NULL,NULL,'2008-11-17','2013-12-13',NULL,NULL,'584.00',0,0,1,0,1,1,NULL,NULL,NULL,NULL,NULL,'--- !ruby/hash:ActiveSupport::HashWithIndifferentAccess\nanschaffungskategorie: AV-Technik\nreference: invoice\numzug: zgeln\nankunftszustand: intakt\n','2013-12-12 23:43:10','2013-12-12 23:43:10',NULL),(233,'baelsfeo1vr1hj0vquhe180','a7:cc:7a:f8:bc:8e-22:3c:b0:06:7e:ae-89:2f:97:b5:f9:14',219,130,222,10,NULL,NULL,'2012-04-15','2013-12-13',NULL,NULL,'299.00',0,0,1,0,1,1,NULL,NULL,NULL,NULL,NULL,'--- !ruby/hash:ActiveSupport::HashWithIndifferentAccess\nanschaffungskategorie: AV-Technik\nreference: invoice\numzug: zgeln\nankunftszustand: intakt\n','2013-12-12 23:43:10','2013-12-12 23:43:10',NULL),(234,'hrkl1knx2tdez13b29po181','5d:a1:d4:d5:30:5e-11:9c:23:3a:5b:c0-e3:b0:8a:4f:3d:d4',220,131,223,5,NULL,NULL,'2011-06-11','2013-12-09',NULL,NULL,'228.00',0,0,1,0,1,1,NULL,NULL,NULL,NULL,NULL,'--- !ruby/hash:ActiveSupport::HashWithIndifferentAccess\nanschaffungskategorie: AV-Technik\nreference: invoice\numzug: zgeln\nankunftszustand: intakt\n','2013-12-08 23:43:10','2013-12-08 23:43:10',NULL),(235,'azet5zglzrofjrago9ib182','28:2f:08:30:50:af-aa:39:87:c7:72:72-b7:87:a8:44:97:59',221,132,224,6,NULL,NULL,'2008-07-23','2013-12-09',NULL,NULL,'1396.00',0,0,1,0,1,1,NULL,NULL,NULL,NULL,NULL,'--- !ruby/hash:ActiveSupport::HashWithIndifferentAccess\nanschaffungskategorie: AV-Technik\nreference: invoice\numzug: zgeln\nankunftszustand: intakt\n','2013-12-08 23:43:10','2013-12-08 23:43:10',NULL),(236,'6qzf0lvr4qwsmud42z4o183','4e:27:e9:7b:7b:c1-eb:ee:ff:eb:6d:33-36:80:b2:f4:82:55',222,133,225,3,NULL,NULL,'2008-04-22','2013-12-09',NULL,NULL,'71.00',0,0,1,0,1,1,NULL,NULL,NULL,NULL,NULL,'--- !ruby/hash:ActiveSupport::HashWithIndifferentAccess\nanschaffungskategorie: AV-Technik\nreference: invoice\numzug: zgeln\nankunftszustand: intakt\n','2013-12-08 23:43:10','2013-12-08 23:43:10',NULL),(237,'28rfkl95rx73ylhk5dhl184','c0:7c:00:dd:71:0a-d9:ea:b6:77:3f:d2-1c:38:ed:7a:e0:43',223,134,226,5,NULL,NULL,'2011-09-16','2013-12-09',NULL,NULL,'324.00',0,0,1,0,1,1,NULL,NULL,NULL,NULL,NULL,'--- !ruby/hash:ActiveSupport::HashWithIndifferentAccess\nanschaffungskategorie: AV-Technik\nreference: invoice\numzug: zgeln\nankunftszustand: intakt\n','2013-12-08 23:43:10','2013-12-08 23:43:10',NULL),(238,'hxuwcu59h6ram4qg9r5a185','b7:26:5b:07:c4:fe-9b:a8:78:c4:34:8e-58:4e:95:ce:de:30',224,135,227,4,NULL,NULL,'2008-01-25','2013-12-09',NULL,NULL,'362.00',0,0,1,0,1,1,NULL,NULL,NULL,NULL,NULL,'--- !ruby/hash:ActiveSupport::HashWithIndifferentAccess\nanschaffungskategorie: AV-Technik\nreference: invoice\numzug: zgeln\nankunftszustand: intakt\n','2013-12-08 23:43:10','2013-12-08 23:43:10',NULL),(239,'ia0ugs5hav90bxzclqg2186','f1:6a:f6:51:37:c6-7b:1e:de:b0:9d:a2-5f:59:6e:c8:46:2f',225,136,228,3,NULL,NULL,'2012-10-03','2013-12-13',NULL,NULL,'1466.00',0,0,1,0,1,1,NULL,NULL,NULL,NULL,NULL,'--- !ruby/hash:ActiveSupport::HashWithIndifferentAccess\nanschaffungskategorie: AV-Technik\nreference: invoice\numzug: zgeln\nankunftszustand: intakt\n','2013-12-12 23:43:10','2013-12-12 23:43:10',NULL),(240,'ing2iouswpfulomorwk8187','a0:7e:ea:dc:5e:8e-1e:2b:08:b8:60:32-a4:f9:8c:40:a1:6e',226,NULL,NULL,8,NULL,NULL,NULL,NULL,NULL,NULL,NULL,0,0,0,0,1,0,NULL,NULL,NULL,NULL,NULL,'--- !ruby/hash:ActiveSupport::HashWithIndifferentAccess\nlicense_type: single_workplace\nactivation_type: serial_number\noperating_system:\n- windows\n- linux\ninstallation:\n- citrix\n- web\nreference: invoice\nmaintenance_contract: \'false\'\nmaintenance_currency: CHF\n','2013-12-12 23:43:10','2013-12-12 23:43:10',NULL),(241,'18jv4gac9t5et9uyemdz188','bc:64:c7:9c:a0:0f-4f:f6:3d:02:0d:45-7b:73:1d:e0:48:d8',227,137,229,2,NULL,NULL,'2009-05-25','2013-12-08',NULL,NULL,'412.00',0,0,1,0,2,1,NULL,NULL,NULL,NULL,NULL,'--- !ruby/hash:ActiveSupport::HashWithIndifferentAccess\nanschaffungskategorie: AV-Technik\nreference: invoice\numzug: zgeln\nankunftszustand: intakt\n','2013-12-07 23:43:10','2013-12-07 23:43:10',NULL),(242,'x71kt7j1rqiba0l06uh6189','35:75:d6:0f:68:7b-47:40:d9:6b:92:58-11:73:b5:52:07:fc',228,138,230,9,NULL,NULL,'2010-03-03','2013-12-13',NULL,NULL,'633.00',0,0,1,0,1,1,NULL,NULL,NULL,NULL,NULL,'--- !ruby/hash:ActiveSupport::HashWithIndifferentAccess\nanschaffungskategorie: AV-Technik\nreference: invoice\numzug: zgeln\nankunftszustand: intakt\n','2013-12-12 23:43:10','2013-12-12 23:43:10',NULL),(243,'05h303woznclc0z62nei190','f8:34:22:05:3b:a8-0f:64:25:a2:66:db-68:31:34:66:88:94',229,NULL,NULL,7,NULL,NULL,NULL,NULL,NULL,NULL,NULL,0,0,0,0,1,0,NULL,NULL,NULL,NULL,NULL,'--- !ruby/hash:ActiveSupport::HashWithIndifferentAccess\nlicense_type: single_workplace\nactivation_type: serial_number\noperating_system:\n- windows\n- linux\ninstallation:\n- citrix\n- web\nprocured_by: Cornelius Hickle\nreference: invoice\nmaintenance_contract: \'false\'\nmaintenance_currency: CHF\n','2013-12-12 23:43:10','2013-12-12 23:43:10',NULL),(244,'f7vdcvfq3ffmhlvhfm67191','3b:eb:02:55:04:32-d4:bd:5a:df:aa:6e-a7:ef:f3:bb:af:48',230,NULL,231,1,NULL,NULL,'2011-08-28','2013-12-13',NULL,NULL,'344.00',0,0,1,0,1,1,NULL,NULL,NULL,NULL,NULL,'--- !ruby/hash:ActiveSupport::HashWithIndifferentAccess\nanschaffungskategorie: AV-Technik\nreference: invoice\numzug: zgeln\nankunftszustand: intakt\n','2013-12-12 23:43:10','2013-12-12 23:43:10',NULL),(245,'bkb7qdpn18estg1j7vv3192','73:af:f1:36:54:d5-be:23:1f:74:dd:61-84:98:9f:9c:8f:44',231,139,232,1,NULL,NULL,'2008-02-06','2013-12-13',NULL,NULL,'1201.00',0,0,1,0,1,1,NULL,NULL,NULL,NULL,NULL,'--- !ruby/hash:ActiveSupport::HashWithIndifferentAccess\nanschaffungskategorie: AV-Technik\nreference: invoice\numzug: zgeln\nankunftszustand: intakt\n','2013-12-12 23:43:10','2013-12-12 23:43:10',NULL),(246,'4sfxp7hq2o7iyfr9my0t193','84:18:ff:18:1d:30-b1:cd:12:c7:6c:39-71:d1:74:b7:6e:83',232,140,233,7,NULL,NULL,'2011-01-08','2013-12-13',NULL,NULL,'550.00',0,0,1,0,2,1,NULL,NULL,NULL,NULL,NULL,'--- !ruby/hash:ActiveSupport::HashWithIndifferentAccess\nanschaffungskategorie: AV-Technik\nreference: invoice\numzug: zgeln\nankunftszustand: intakt\n','2013-12-12 23:43:10','2013-12-12 23:43:10',NULL),(247,'vlwdvsb8uh5orr9oj08g194','13:d6:0b:51:db:de-c5:12:f4:03:b5:22-a8:1d:58:c0:bb:10',233,141,234,9,NULL,NULL,'2009-05-22','2013-12-13',NULL,NULL,'128.00',0,0,1,0,2,1,NULL,NULL,NULL,NULL,NULL,'--- !ruby/hash:ActiveSupport::HashWithIndifferentAccess\nanschaffungskategorie: AV-Technik\nreference: invoice\numzug: zgeln\nankunftszustand: intakt\n','2013-12-12 23:43:10','2013-12-12 23:43:10',NULL),(248,'gse591wnpgzai0t5i15b195','e3:f2:db:73:b7:6b-22:a3:c9:02:9b:b3-bc:f3:cb:1b:c4:20',234,142,235,2,NULL,NULL,'2011-08-06','2013-12-13',NULL,NULL,'937.00',0,0,1,0,2,1,NULL,NULL,NULL,NULL,NULL,'--- !ruby/hash:ActiveSupport::HashWithIndifferentAccess\nanschaffungskategorie: AV-Technik\nreference: invoice\numzug: zgeln\nankunftszustand: intakt\n','2013-12-12 23:43:10','2013-12-12 23:43:10',NULL),(249,'zt0ogv86cf1ua15fpbhh196','28:60:b4:1f:c8:5f-34:4c:a2:24:f5:95-1c:08:56:41:01:ea',235,143,236,3,NULL,NULL,'2009-11-17','2013-12-13',NULL,NULL,'844.00',0,0,1,0,1,1,NULL,NULL,NULL,NULL,NULL,'--- !ruby/hash:ActiveSupport::HashWithIndifferentAccess\nanschaffungskategorie: AV-Technik\nreference: invoice\numzug: zgeln\nankunftszustand: intakt\n','2013-12-12 23:43:10','2013-12-12 23:43:10',NULL),(250,'rsld1ogd2nfwlacnczkk197','d7:83:3c:84:bc:91-66:cf:57:d1:ba:b1-26:93:c2:f7:4d:85',236,144,237,3,NULL,NULL,'2010-09-10','2013-12-13',NULL,NULL,'336.00',0,0,1,0,1,1,NULL,NULL,NULL,NULL,NULL,'--- !ruby/hash:ActiveSupport::HashWithIndifferentAccess\nanschaffungskategorie: AV-Technik\nreference: invoice\numzug: zgeln\nankunftszustand: intakt\n','2013-12-12 23:43:10','2013-12-12 23:43:10',NULL),(251,'9tidfkgefq4flhpa907v198','ce:58:f2:4a:61:d8-a5:c5:28:c0:40:1b-84:a5:47:a1:da:be',237,145,238,7,NULL,NULL,'2009-07-10','2013-12-13',NULL,NULL,'136.00',0,0,1,0,1,1,NULL,NULL,NULL,NULL,NULL,'--- !ruby/hash:ActiveSupport::HashWithIndifferentAccess\nanschaffungskategorie: AV-Technik\nreference: invoice\numzug: zgeln\nankunftszustand: intakt\n','2013-12-12 23:43:10','2013-12-12 23:43:10',NULL),(252,'m2463asvg8mkfbc4gh5x199','53:33:f3:2f:64:bc-9e:be:ac:6f:eb:a8-eb:17:56:6d:4d:d4',238,146,239,1,NULL,NULL,'2010-06-20','2013-12-13',NULL,NULL,'391.00',0,0,1,0,1,1,NULL,NULL,NULL,NULL,NULL,'--- !ruby/hash:ActiveSupport::HashWithIndifferentAccess\nanschaffungskategorie: AV-Technik\nreference: invoice\numzug: zgeln\nankunftszustand: intakt\n','2013-12-12 23:43:10','2013-12-12 23:43:10',NULL),(253,'9qu6qu3sj7dy0crido7e200','19:ce:23:ba:59:df-3f:99:8a:11:15:17-a8:c3:8f:6f:f9:73',239,147,240,8,NULL,NULL,'2009-06-18','2013-12-13',NULL,NULL,'1378.00',0,0,1,0,1,1,NULL,NULL,NULL,NULL,NULL,'--- !ruby/hash:ActiveSupport::HashWithIndifferentAccess\nanschaffungskategorie: AV-Technik\nreference: invoice\numzug: zgeln\nankunftszustand: intakt\n','2013-12-12 23:43:10','2013-12-12 23:43:10',NULL),(254,'ykiui3kafy8tli06olx9201','20:78:d5:5a:b4:15-a8:ee:a5:a9:de:05-ce:21:45:45:56:1f',240,148,241,6,NULL,NULL,'2009-06-25','2013-12-13',NULL,NULL,'369.00',0,0,1,0,1,1,NULL,NULL,NULL,NULL,NULL,'--- !ruby/hash:ActiveSupport::HashWithIndifferentAccess\nanschaffungskategorie: AV-Technik\nreference: invoice\numzug: zgeln\nankunftszustand: intakt\n','2013-12-12 23:43:10','2013-12-12 23:43:10',NULL),(255,'s7cd6imyuxw1hh4788ka202','9d:a8:74:ab:bf:b6-26:d2:7e:c9:89:dd-71:b3:dc:0b:f0:1b',241,149,242,10,NULL,NULL,'2008-03-01','2013-12-13',NULL,NULL,'1192.00',0,0,1,0,1,1,NULL,NULL,NULL,NULL,NULL,'--- !ruby/hash:ActiveSupport::HashWithIndifferentAccess\nanschaffungskategorie: AV-Technik\nreference: invoice\numzug: zgeln\nankunftszustand: intakt\n','2013-12-12 23:43:10','2013-12-12 23:43:10',NULL),(256,'yjg992stqthzn15pxycy203','78:16:1d:b5:d0:af-a9:b1:16:e3:38:f4-84:81:6a:af:51:dd',242,150,243,7,NULL,NULL,'2008-02-27','2013-12-13',NULL,NULL,'1333.00',0,0,1,0,1,1,NULL,NULL,NULL,NULL,NULL,'--- !ruby/hash:ActiveSupport::HashWithIndifferentAccess\nanschaffungskategorie: AV-Technik\nreference: invoice\numzug: zgeln\nankunftszustand: intakt\n','2013-12-12 23:43:10','2013-12-12 23:43:10',NULL),(257,'hkcn68jd18dl5xj8i8pj204','ee:c5:f4:65:fc:38-93:dc:d8:6f:5e:87-e0:ba:6d:f2:5c:b2',243,151,244,5,NULL,NULL,'2012-11-21','2013-12-13',NULL,NULL,'113.00',0,0,1,0,1,1,NULL,NULL,NULL,NULL,NULL,'--- !ruby/hash:ActiveSupport::HashWithIndifferentAccess\nanschaffungskategorie: AV-Technik\nreference: invoice\numzug: zgeln\nankunftszustand: intakt\n','2013-12-12 23:43:10','2013-12-12 23:43:10',NULL),(258,'lun5m6lnbqf5enin0j0d205','26:48:e8:fb:bd:49-74:3e:ad:7e:dd:c7-ce:2b:5c:ac:b9:87',244,152,245,3,NULL,NULL,'2010-03-01','2013-12-13',NULL,NULL,'416.00',0,0,1,0,1,1,NULL,NULL,NULL,NULL,NULL,'--- !ruby/hash:ActiveSupport::HashWithIndifferentAccess\nanschaffungskategorie: AV-Technik\nreference: invoice\numzug: zgeln\nankunftszustand: intakt\n','2013-12-12 23:43:10','2013-12-12 23:43:10',NULL),(259,'e1ipo5miqx5pkb28r0cs206','d3:aa:5e:3d:de:d6-b3:19:0b:1f:1f:d3-a8:6a:84:11:ce:18',245,153,246,1,NULL,NULL,'2012-04-27','2013-12-13',NULL,NULL,'418.00',0,0,1,0,1,1,NULL,NULL,NULL,NULL,NULL,'--- !ruby/hash:ActiveSupport::HashWithIndifferentAccess\nanschaffungskategorie: AV-Technik\nreference: invoice\numzug: zgeln\nankunftszustand: intakt\n','2013-12-12 23:43:10','2013-12-12 23:43:10',NULL),(260,'r5z2o8xqrkpchawdyto8207','d9:df:7b:45:4a:a7-ff:d4:3c:14:66:40-d0:de:38:3a:37:d7',246,154,247,8,NULL,NULL,'2008-05-10','2013-12-13',NULL,NULL,'1448.00',0,0,1,0,1,1,NULL,NULL,NULL,NULL,NULL,'--- !ruby/hash:ActiveSupport::HashWithIndifferentAccess\nanschaffungskategorie: AV-Technik\nreference: invoice\numzug: zgeln\nankunftszustand: intakt\n','2013-12-12 23:43:10','2013-12-12 23:43:10',NULL),(261,'ftjor7h8270u0m03ctuq208','6b:18:8d:b7:15:28-e9:ee:68:47:9f:f1-ed:29:de:f8:af:e1',247,155,248,12,NULL,NULL,'2012-03-25','2013-12-13',NULL,NULL,'1278.00',0,0,1,0,1,1,NULL,NULL,NULL,NULL,NULL,'--- !ruby/hash:ActiveSupport::HashWithIndifferentAccess\nanschaffungskategorie: AV-Technik\nreference: invoice\numzug: zgeln\nankunftszustand: intakt\n','2013-12-12 23:43:10','2013-12-12 23:43:10',NULL),(262,'h8di73dkuyzo37ssw5bf209','f3:5a:61:d1:0f:eb-3e:ae:e8:31:8d:bf-bf:cb:ff:b1:3b:63',248,156,249,8,NULL,NULL,'2010-08-15','2013-12-13',NULL,NULL,'1027.00',0,0,1,0,1,1,NULL,NULL,NULL,NULL,NULL,'--- !ruby/hash:ActiveSupport::HashWithIndifferentAccess\nanschaffungskategorie: AV-Technik\nreference: invoice\numzug: zgeln\nankunftszustand: intakt\n','2013-12-12 23:43:10','2013-12-12 23:43:10',NULL),(263,'01qlf8fy4qucuo7kh72w210','fc:56:01:9c:79:45-d2:a1:24:69:13:88-c9:61:58:50:80:ab',249,157,250,5,NULL,NULL,'2012-10-11','2013-12-13',NULL,NULL,'910.00',0,0,1,0,1,1,NULL,NULL,NULL,NULL,NULL,'--- !ruby/hash:ActiveSupport::HashWithIndifferentAccess\nanschaffungskategorie: AV-Technik\nreference: invoice\numzug: zgeln\nankunftszustand: intakt\n','2013-12-12 23:43:10','2013-12-12 23:43:10',NULL),(264,'9srfo8jslujd0uxlgwtc211','64:96:7a:7b:4b:09-6b:ab:fb:f7:89:80-d3:14:14:a0:bf:5b',250,158,251,1,NULL,NULL,'2008-07-08','2013-12-08',NULL,NULL,'4.00',0,0,1,0,1,1,NULL,NULL,NULL,NULL,NULL,'--- !ruby/hash:ActiveSupport::HashWithIndifferentAccess\nanschaffungskategorie: AV-Technik\nreference: invoice\numzug: zgeln\nankunftszustand: intakt\n','2013-12-07 23:43:10','2013-12-07 23:43:10',NULL),(265,'k1sjiumawpu4ly41l0tp212','f4:8f:dd:43:8d:ec-34:a3:52:e5:fc:d8-d6:56:55:4a:99:15',251,159,252,10,NULL,NULL,'2009-11-14','2013-12-08',NULL,NULL,'911.00',0,0,1,0,1,1,NULL,NULL,NULL,NULL,NULL,'--- !ruby/hash:ActiveSupport::HashWithIndifferentAccess\nanschaffungskategorie: AV-Technik\nreference: invoice\numzug: zgeln\nankunftszustand: intakt\n','2013-12-07 23:43:10','2013-12-07 23:43:10',NULL),(266,'h3w7tr9g854nxd8tv0g2213','79:70:97:4d:4a:7e-9e:bb:2c:7e:0c:ff-82:fe:fe:fb:9d:e8',252,160,253,12,NULL,NULL,'2010-07-16','2013-12-08',NULL,NULL,'634.00',0,0,1,0,1,1,NULL,NULL,NULL,NULL,NULL,'--- !ruby/hash:ActiveSupport::HashWithIndifferentAccess\nanschaffungskategorie: AV-Technik\nreference: invoice\numzug: zgeln\nankunftszustand: intakt\n','2013-12-07 23:43:10','2013-12-07 23:43:10',NULL),(267,'s8zh4fnf62b44vocxoyy214','c9:9f:c2:12:ca:f5-49:ea:5a:8c:10:fe-08:0d:05:49:25:3e',253,161,254,3,NULL,NULL,'2009-02-19','2013-12-08',NULL,NULL,'1189.00',0,0,1,0,1,1,NULL,NULL,NULL,NULL,NULL,'--- !ruby/hash:ActiveSupport::HashWithIndifferentAccess\nanschaffungskategorie: AV-Technik\nreference: invoice\numzug: zgeln\nankunftszustand: intakt\n','2013-12-07 23:43:10','2013-12-07 23:43:10',NULL),(268,'jr1drffuncddkze2qv40215','7e:69:1f:50:02:da-06:d7:f0:0d:b5:bc-8c:2e:16:d3:0a:16',254,162,255,12,NULL,NULL,'2011-02-15','2013-12-06',NULL,NULL,'636.00',0,0,1,0,1,1,NULL,NULL,NULL,NULL,NULL,'--- !ruby/hash:ActiveSupport::HashWithIndifferentAccess\nanschaffungskategorie: AV-Technik\nreference: invoice\numzug: zgeln\nankunftszustand: intakt\n','2013-12-05 23:43:10','2013-12-05 23:43:10',NULL),(269,'s3gjc8fjsidwf4ca6fm4216','35:b2:25:90:31:d2-96:6e:46:1c:18:27-d7:75:2f:05:d2:66',255,163,256,2,NULL,NULL,'2008-01-17','2013-12-06',NULL,NULL,'872.00',0,0,1,0,1,1,NULL,NULL,NULL,NULL,NULL,'--- !ruby/hash:ActiveSupport::HashWithIndifferentAccess\nanschaffungskategorie: AV-Technik\nreference: invoice\numzug: zgeln\nankunftszustand: intakt\n','2013-12-05 23:43:10','2013-12-05 23:43:10',NULL),(270,'2cjggbetgusxipykwk7l217','98:fa:02:9d:01:08-fb:ff:1a:8b:59:83-9b:b1:8a:1e:ac:a8',256,164,257,3,NULL,NULL,'2009-05-02','2013-12-06',NULL,NULL,'982.00',0,0,1,0,1,1,NULL,NULL,NULL,NULL,NULL,'--- !ruby/hash:ActiveSupport::HashWithIndifferentAccess\nanschaffungskategorie: AV-Technik\nreference: invoice\numzug: zgeln\nankunftszustand: intakt\n','2013-12-05 23:43:10','2013-12-05 23:43:10',NULL);
/*!40000 ALTER TABLE `items` ENABLE KEYS */;
UNLOCK TABLES;

--
-- Table structure for table `languages`
--

DROP TABLE IF EXISTS `languages`;
/*!40101 SET @saved_cs_client     = @@character_set_client */;
/*!40101 SET character_set_client = utf8 */;
CREATE TABLE `languages` (
  `id` int(11) NOT NULL AUTO_INCREMENT,
  `name` varchar(255) COLLATE utf8_unicode_ci DEFAULT NULL,
  `locale_name` varchar(255) COLLATE utf8_unicode_ci DEFAULT NULL,
  `default` tinyint(1) DEFAULT NULL,
  `active` tinyint(1) DEFAULT NULL,
  PRIMARY KEY (`id`),
  UNIQUE KEY `index_languages_on_name` (`name`),
  KEY `index_languages_on_active_and_default` (`active`,`default`)
) ENGINE=InnoDB AUTO_INCREMENT=5 DEFAULT CHARSET=utf8 COLLATE=utf8_unicode_ci;
/*!40101 SET character_set_client = @saved_cs_client */;

--
-- Dumping data for table `languages`
--

LOCK TABLES `languages` WRITE;
/*!40000 ALTER TABLE `languages` DISABLE KEYS */;
INSERT INTO `languages` VALUES (1,'English (UK)','en-GB',1,1),(2,'English (US)','en-US',0,1),(3,'Deutsch','de-CH',0,1),(4,'Zrittsch','gsw-CH',0,1);
/*!40000 ALTER TABLE `languages` ENABLE KEYS */;
UNLOCK TABLES;

--
-- Table structure for table `locations`
--

DROP TABLE IF EXISTS `locations`;
/*!40101 SET @saved_cs_client     = @@character_set_client */;
/*!40101 SET character_set_client = utf8 */;
CREATE TABLE `locations` (
  `id` int(11) NOT NULL AUTO_INCREMENT,
  `room` varchar(255) COLLATE utf8_unicode_ci DEFAULT NULL,
  `shelf` varchar(255) COLLATE utf8_unicode_ci DEFAULT NULL,
  `building_id` int(11) DEFAULT NULL,
  PRIMARY KEY (`id`),
  KEY `index_locations_on_building_id` (`building_id`),
  CONSTRAINT `locations_building_id_fk` FOREIGN KEY (`building_id`) REFERENCES `buildings` (`id`)
) ENGINE=InnoDB AUTO_INCREMENT=165 DEFAULT CHARSET=utf8 COLLATE=utf8_unicode_ci;
/*!40101 SET character_set_client = @saved_cs_client */;

--
-- Dumping data for table `locations`
--

LOCK TABLES `locations` WRITE;
/*!40000 ALTER TABLE `locations` DISABLE KEYS */;
INSERT INTO `locations` VALUES (1,'SQ2','Desk',1),(2,'UG 13','Ausgabe',1),(3,'Doloremtempora','impeditmagnam',2),(4,'Voluptaseligendi','aliquamaperiam',3),(5,'Harumaccusamus','nequetemporibus',4),(6,'Sapientealiquid','repellataspernatur',5),(7,'Commodisequi','delenitiid',6),(8,'Excepturiin','laboreinventore',7),(9,'Voluptatemblanditiis','eaaut',8),(10,'Quaeratmolestiae','doloremsunt',9),(11,'Fugitet','laborumporro',10),(12,'Nesciunterror','estquasi',11),(13,'Remipsum','nobisnon',12),(14,'Etnostrum','siteum',13),(15,'Essepraesentium','sedenim',14),(16,'Temporedolores','accusamuslaborum',15),(17,'Utnecessitatibus','blanditiissit',16),(18,'Eosdolorum','utid',17),(19,'Liberosapiente','ataliquam',18),(20,'Consequaturtenetur','quisnulla',19),(21,'Faciliseum','quidemnihil',20),(22,'Doloribusomnis','delectusillum',21),(23,'Etatque','facerecorrupti',22),(24,'Optiocum','voluptassunt',23),(25,'Consequaturet','illomollitia',24),(26,'Maioresitaque','hictenetur',25),(27,'Accusantiumdelectus','dictanecessitatibus',26),(28,'Hicenim','voluptatemmolestias',27),(29,'Ametab','istedistinctio',28),(30,'Nequevelit','fugiatbeatae',29),(31,'Omnisfugiat','quiaquam',30),(32,'Voluptasvoluptatum','inet',31),(33,'Blanditiisab','totamnatus',32),(34,'Cumqueaccusamus','minusnon',33),(35,'Veroexercitationem','officiapariatur',34),(36,'Voluptatemeum','rerumiste',35),(37,'Oditquasi','enimsaepe',36),(38,'Occaecatiautem','quiavoluptatem',37),(39,'Numquamaut','doloribuslibero',38),(40,'Esttempore','sapientein',39),(41,'Corporisvoluptas','quodperspiciatis',40),(42,'Eaquererum','quasitotam',41),(43,'Deseruntveritatis','remeum',42),(44,'Delenitiea','distinctiout',43),(45,'Quirerum','nonmolestiae',44),(46,'Utomnis','enimneque',45),(47,'Eumlabore','explicaboalias',46),(48,'Quiaest','namvoluptas',47),(49,'Nisiaut','harumnesciunt',48),(50,'Eoset','quisquamet',49),(51,'Tenetursoluta','optioea',50),(52,'Evenietiure','debitisqui',51),(53,'Estdebitis','modiconsequatur',52),(54,'Quout','laudantiumab',53),(55,'Architectodolor','sedomnis',54),(56,'Quiamaiores','etdignissimos',55),(57,'Atquesed','eligendinulla',56),(58,'Nonalias','sednatus',57),(59,'Sedrerum','sitvoluptatem',58),(60,'Velvoluptas','etconsequatur',59),(61,'Quosqui','suscipitut',60),(62,'Quirerum','sitducimus',61),(63,'Hicdelectus','repudiandaenon',62),(64,'Voluptatequae','inciduntdeleniti',63),(65,'Quisexercitationem','facereunde',64),(66,'Utdistinctio','voluptasquas',65),(67,'Nihilsaepe','optioexercitationem',66),(68,'Adlaudantium','temporaconsectetur',67),(69,'Quioptio','idaut',68),(70,'Etqui','cumquedignissimos',69),(71,'Excepturiconsequuntur','voluptasnesciunt',70),(72,'Maximevoluptas','doloremquesoluta',71),(73,'Essesunt','aiste',72),(74,'Harumipsam','voluptatemut',73),(75,'Enimdeleniti','autfugit',74),(76,'Hicreprehenderit','eaut',75),(77,'Omnisullam','sitimpedit',76),(78,'Omniserror','consequaturillum',77),(79,'Totamvoluptatem','voluptatemrerum',78),(80,'Repudiandaeet','maximebeatae',79),(81,'Illumiste','cumadipisci',80),(82,'Molestiaenam','autfuga',81),(83,'Uthic','aliquamipsum',82),(84,'Nonest','atut',83),(85,'Quoquasi','commodiquod',84),(86,'Blanditiisincidunt','eligendiest',85),(87,'Repellatqui','liberoitaque',86),(88,'Eositaque','utmollitia',87),(89,'Consequaturducimus','quaevoluptas',88),(90,'Modieum','quaelaborum',89),(91,'Autemut','iuresunt',90),(92,'Sitomnis','architectodolorum',91),(93,'Dictalabore','optioalias',92),(94,'Cupiditateest','suntneque',93),(95,'Repellendussed','ipsumsed',94),(96,'Officianeque','quaeet',95),(97,'Quiid','accusamusoccaecati',96),(98,'Odiotenetur','doloremnulla',97),(99,'Nemosit','vitaeaut',98),(100,'Molestiasaccusantium','enimtotam',99),(101,'Minusaut','optioab',100),(102,'Eteius','architectosed',101),(103,'Quamdoloribus','deseruntquae',102),(104,'Nonaliquid','omnisvoluptatem',103),(105,'Delenitidebitis','autea',104),(106,'Rerumea','laborumrerum',105),(107,'Utnulla','etvoluptas',106),(108,'Voluptatemsit','eabeatae',107),(109,'Quiaet','architectoearum',108),(110,'Idaut','optioqui',109),(111,'Maioressapiente','velitsed',110),(112,'Assumendaea','isteaspernatur',111),(113,'Cumqueblanditiis','idmolestiae',112),(114,'Voluptatequod','minusdeserunt',113),(115,'Consecteturpraesentium','quistempora',114),(116,'Aliquamofficia','etquia',115),(117,'Liberout','aspernaturquasi',116),(118,'Sedmodi','quisequi',117),(119,'Culpatempore','laborumnihil',118),(120,'Voluptasquia','officiaquasi',119),(121,'Estodit','itaquedebitis',120),(122,'Quiaqui','eumofficiis',121),(123,'Similiqueea','nonnatus',122),(124,'Undequi','doloremveniam',123),(125,'Etet','verout',124),(126,'Namimpedit','fugiatunde',125),(127,'Namsunt','autemdelectus',126),(128,'Repellatharum','quisquamblanditiis',127),(129,'Dolorumab','remaut',128),(130,'Laborumnulla','aliasqui',129),(131,'Delenitiet','esseitaque',130),(132,'Quiaerror','utest',131),(133,'Autaut','iustoquis',132),(134,'Asperioresneque','quiblanditiis',133),(135,'Etest','nihilsaepe',134),(136,'Dolorest','officiaet',135),(137,'Doloribusvoluptate','uttempore',136),(138,'Idad','dictaatque',137),(139,'Suscipitea','quiqui',138),(140,'Adipisciet','suscipitsimilique',139),(141,'Nesciuntimpedit','idlaboriosam',140),(142,'Rationeet','eaquevoluptatem',141),(143,'Eain','evenietsit',142),(144,'Eiusvoluptatem','consequaturexplicabo',143),(145,'Utdignissimos','praesentiumnostrum',144),(146,'Suntet','etet',145),(147,'Suscipitdolor','velitet',146),(148,'Aliasest','doloreos',147),(149,'Fugiatlaudantium','culpanam',148),(150,'Voluptatemharum','architectodoloribus',149),(151,'Nemomodi','eumillo',150),(152,'Quiadoloremque','deleniticorrupti',151),(153,'Asperioresdistinctio','quidemdelectus',152),(154,'Solutalibero','commodiullam',153),(155,'Itaquerecusandae','quidolor',154),(156,'Fugaesse','temporarepellat',155),(157,'Eaut','nostrumquam',156),(158,'Quiut','odiomolestias',157),(159,'Eumdolore','cupiditateminus',158),(160,'Providentoccaecati','maioresquo',159),(161,'Consequaturerror','eiusreiciendis',160),(162,'Assumendaeaque','estut',161),(163,'Deseruntvoluptates','doloresnostrum',162),(164,'Harumnostrum','iustoiure',163);
/*!40000 ALTER TABLE `locations` ENABLE KEYS */;
UNLOCK TABLES;

--
-- Table structure for table `mail_templates`
--

DROP TABLE IF EXISTS `mail_templates`;
/*!40101 SET @saved_cs_client     = @@character_set_client */;
/*!40101 SET character_set_client = utf8 */;
CREATE TABLE `mail_templates` (
  `id` int(11) NOT NULL AUTO_INCREMENT,
  `inventory_pool_id` int(11) DEFAULT NULL,
  `language_id` int(11) DEFAULT NULL,
  `name` varchar(255) COLLATE utf8_unicode_ci DEFAULT NULL,
  `format` varchar(255) COLLATE utf8_unicode_ci DEFAULT NULL,
  `body` text COLLATE utf8_unicode_ci,
  PRIMARY KEY (`id`)
) ENGINE=InnoDB DEFAULT CHARSET=utf8 COLLATE=utf8_unicode_ci;
/*!40101 SET character_set_client = @saved_cs_client */;

--
-- Dumping data for table `mail_templates`
--

LOCK TABLES `mail_templates` WRITE;
/*!40000 ALTER TABLE `mail_templates` DISABLE KEYS */;
/*!40000 ALTER TABLE `mail_templates` ENABLE KEYS */;
UNLOCK TABLES;

--
-- Table structure for table `model_group_links`
--

DROP TABLE IF EXISTS `model_group_links`;
/*!40101 SET @saved_cs_client     = @@character_set_client */;
/*!40101 SET character_set_client = utf8 */;
CREATE TABLE `model_group_links` (
  `id` int(11) NOT NULL AUTO_INCREMENT,
  `ancestor_id` int(11) DEFAULT NULL,
  `descendant_id` int(11) DEFAULT NULL,
  `direct` tinyint(1) DEFAULT NULL,
  `count` int(11) DEFAULT NULL,
  `label` varchar(255) COLLATE utf8_unicode_ci DEFAULT NULL,
  PRIMARY KEY (`id`),
  KEY `index_model_group_links_on_ancestor_id` (`ancestor_id`),
  KEY `index_model_group_links_on_direct` (`direct`),
  KEY `index_on_descendant_id_and_ancestor_id_and_direct` (`descendant_id`,`ancestor_id`,`direct`),
  CONSTRAINT `model_group_links_descendant_id_fk` FOREIGN KEY (`descendant_id`) REFERENCES `model_groups` (`id`) ON DELETE CASCADE,
  CONSTRAINT `model_group_links_ancestor_id_fk` FOREIGN KEY (`ancestor_id`) REFERENCES `model_groups` (`id`) ON DELETE CASCADE
) ENGINE=InnoDB AUTO_INCREMENT=9 DEFAULT CHARSET=utf8 COLLATE=utf8_unicode_ci;
/*!40101 SET character_set_client = @saved_cs_client */;

--
-- Dumping data for table `model_group_links`
--

LOCK TABLES `model_group_links` WRITE;
/*!40000 ALTER TABLE `model_group_links` DISABLE KEYS */;
INSERT INTO `model_group_links` VALUES (1,2,8,1,1,NULL),(2,5,9,1,1,NULL),(3,1,9,1,1,NULL),(4,2,10,1,1,NULL),(5,5,10,1,1,NULL),(6,1,11,0,1,NULL),(7,5,11,0,1,NULL),(8,9,11,1,1,NULL);
/*!40000 ALTER TABLE `model_group_links` ENABLE KEYS */;
UNLOCK TABLES;

--
-- Table structure for table `model_groups`
--

DROP TABLE IF EXISTS `model_groups`;
/*!40101 SET @saved_cs_client     = @@character_set_client */;
/*!40101 SET character_set_client = utf8 */;
CREATE TABLE `model_groups` (
  `id` int(11) NOT NULL AUTO_INCREMENT,
  `type` varchar(255) COLLATE utf8_unicode_ci DEFAULT NULL,
  `name` varchar(255) COLLATE utf8_unicode_ci DEFAULT NULL,
  `created_at` datetime DEFAULT NULL,
  `updated_at` datetime DEFAULT NULL,
  PRIMARY KEY (`id`),
  KEY `index_model_groups_on_type` (`type`)
) ENGINE=InnoDB AUTO_INCREMENT=15 DEFAULT CHARSET=utf8 COLLATE=utf8_unicode_ci;
/*!40101 SET character_set_client = @saved_cs_client */;

--
-- Dumping data for table `model_groups`
--

LOCK TABLES `model_groups` WRITE;
/*!40000 ALTER TABLE `model_groups` DISABLE KEYS */;
INSERT INTO `model_groups` VALUES (1,'Category','Beamer','2013-12-12 23:43:10','2013-12-12 23:43:10'),(2,'Category','Kameras','2013-12-12 23:43:10','2013-12-12 23:43:10'),(3,'Category','Stative','2013-12-12 23:43:10','2013-12-12 23:43:10'),(4,'Category','Hifi-Anlagen','2013-12-12 23:43:10','2013-12-12 23:43:10'),(5,'Category','Notebooks','2013-12-12 23:43:10','2013-12-12 23:43:10'),(6,'Category','RC Helikopter','2013-12-12 23:43:10','2013-12-12 23:43:10'),(7,'Category','Computer','2013-12-12 23:43:10','2013-12-12 23:43:10'),(8,'Category','Kurzdistanz','2013-12-12 23:43:10','2013-12-12 23:43:10'),(9,'Category','Portabel','2013-12-12 23:43:10','2013-12-12 23:43:10'),(10,'Category','Standard','2013-12-12 23:43:10','2013-12-12 23:43:10'),(11,'Category','Micro','2013-12-12 23:43:10','2013-12-12 23:43:10'),(12,'Template','Kamera & Stativ','2013-12-12 23:43:10','2013-12-12 23:43:10'),(13,'Template','Beamer & Hifi','2013-12-12 23:43:10','2013-12-12 23:43:10'),(14,'Template','Unaccomplishable template','2013-12-12 23:43:10','2013-12-12 23:43:10');
/*!40000 ALTER TABLE `model_groups` ENABLE KEYS */;
UNLOCK TABLES;

--
-- Table structure for table `model_links`
--

DROP TABLE IF EXISTS `model_links`;
/*!40101 SET @saved_cs_client     = @@character_set_client */;
/*!40101 SET character_set_client = utf8 */;
CREATE TABLE `model_links` (
  `id` int(11) NOT NULL AUTO_INCREMENT,
  `model_group_id` int(11) DEFAULT NULL,
  `model_id` int(11) DEFAULT NULL,
  `quantity` int(11) DEFAULT '1',
  PRIMARY KEY (`id`),
  KEY `index_model_links_on_model_id_and_model_group_id` (`model_id`,`model_group_id`),
  KEY `index_model_links_on_model_group_id_and_model_id` (`model_group_id`,`model_id`),
  CONSTRAINT `model_links_model_id_fk` FOREIGN KEY (`model_id`) REFERENCES `models` (`id`) ON DELETE CASCADE,
  CONSTRAINT `model_links_model_group_id_fk` FOREIGN KEY (`model_group_id`) REFERENCES `model_groups` (`id`) ON DELETE CASCADE
) ENGINE=InnoDB AUTO_INCREMENT=74 DEFAULT CHARSET=utf8 COLLATE=utf8_unicode_ci;
/*!40101 SET character_set_client = @saved_cs_client */;

--
-- Dumping data for table `model_links`
--

LOCK TABLES `model_links` WRITE;
/*!40000 ALTER TABLE `model_links` DISABLE KEYS */;
INSERT INTO `model_links` VALUES (1,1,24,1),(2,1,25,1),(3,1,26,1),(4,1,27,1),(5,1,28,1),(6,1,29,1),(7,1,30,1),(8,1,31,1),(9,1,32,1),(10,1,33,1),(11,1,34,1),(12,1,35,1),(13,1,36,1),(14,1,37,1),(15,1,38,1),(16,1,39,1),(17,1,40,1),(18,1,41,1),(19,1,42,1),(20,1,43,1),(21,2,44,1),(22,2,45,1),(23,2,46,1),(24,2,47,1),(25,2,48,1),(26,2,49,1),(27,2,50,1),(28,2,51,1),(29,2,52,1),(30,2,53,1),(31,2,54,1),(32,2,55,1),(33,2,56,1),(34,2,57,1),(35,2,58,1),(36,2,59,1),(37,2,60,1),(38,2,61,1),(39,2,62,1),(40,2,63,1),(41,2,64,1),(42,2,65,1),(43,2,66,1),(44,2,67,1),(45,2,68,1),(46,2,69,1),(47,2,70,1),(48,2,71,1),(49,2,72,1),(50,2,73,1),(51,5,1,1),(52,1,2,1),(53,9,2,1),(54,1,3,1),(55,1,4,1),(56,1,6,1),(57,9,6,1),(58,11,7,1),(59,2,8,1),(60,3,9,1),(61,4,10,1),(62,2,13,1),(63,5,14,1),(64,6,15,1),(65,6,16,1),(66,6,17,1),(67,7,18,1),(68,12,8,1),(69,12,9,1),(70,13,2,1),(71,13,10,1),(72,14,8,1),(73,14,9,1);
/*!40000 ALTER TABLE `model_links` ENABLE KEYS */;
UNLOCK TABLES;

--
-- Table structure for table `models`
--

DROP TABLE IF EXISTS `models`;
/*!40101 SET @saved_cs_client     = @@character_set_client */;
/*!40101 SET character_set_client = utf8 */;
CREATE TABLE `models` (
  `id` int(11) NOT NULL AUTO_INCREMENT,
  `type` varchar(255) COLLATE utf8_unicode_ci NOT NULL DEFAULT 'Model',
  `manufacturer` varchar(255) COLLATE utf8_unicode_ci DEFAULT NULL,
  `product` varchar(255) COLLATE utf8_unicode_ci NOT NULL,
  `version` varchar(255) COLLATE utf8_unicode_ci DEFAULT NULL,
  `description` text COLLATE utf8_unicode_ci,
  `internal_description` text COLLATE utf8_unicode_ci,
  `info_url` varchar(255) COLLATE utf8_unicode_ci DEFAULT NULL,
  `rental_price` decimal(8,2) DEFAULT NULL,
  `maintenance_period` int(11) DEFAULT '0',
  `is_package` tinyint(1) DEFAULT '0',
  `technical_detail` text COLLATE utf8_unicode_ci,
  `hand_over_note` text COLLATE utf8_unicode_ci,
  `created_at` datetime DEFAULT NULL,
  `updated_at` datetime DEFAULT NULL,
  PRIMARY KEY (`id`),
  KEY `index_models_on_is_package` (`is_package`),
  KEY `index_models_on_type` (`type`)
) ENGINE=InnoDB AUTO_INCREMENT=257 DEFAULT CHARSET=utf8 COLLATE=utf8_unicode_ci;
/*!40101 SET character_set_client = @saved_cs_client */;

--
-- Dumping data for table `models`
--

LOCK TABLES `models` WRITE;
/*!40000 ALTER TABLE `models` DISABLE KEYS */;
INSERT INTO `models` VALUES (1,'Model','Apple','MacBookPro',NULL,'Laptop fr Studis und Angestellte.','Aliquid saepe sint asperiores odio quia.',NULL,NULL,0,0,'Consequatur et corporis distinctio et.','Mit Verpackung aushndigen.','2013-12-12 23:43:10','2013-12-12 23:43:10'),(2,'Model','Sharp','Sharp Beamer','123','Beamer, geeignet fr alle Verwendungszwecke.','Quo modi sunt pariatur illum molestiae et quia.',NULL,NULL,0,0,'Ut nam optio facere nihil.','Beamer braucht ein VGA Kabel!','2013-12-12 23:43:10','2013-12-12 23:43:10'),(3,'Model','Sharp','Sharp Beamer 2D',NULL,'Beamer, geeignet fr alle Verwendungszwecke.','Aliquam sed temporibus aut.',NULL,NULL,0,0,'Voluptate sequi tempore ab assumenda eveniet.','Voluptatem quisquam expedita reiciendis.','2013-12-12 23:43:10','2013-12-12 23:43:10'),(4,'Model','Panasonic','Mini Beamer',NULL,'Beamer, geeignet fr alle Verwendungszwecke.','Omnis amet incidunt voluptatem autem quod fuga.',NULL,NULL,0,0,'Assumenda deleniti rerum qui neque in consequatur ea.','Dolor consequatur accusantium ratione saepe mollitia tenetur rerum.','2013-12-12 23:43:10','2013-12-12 23:43:10'),(5,'Model','Panasonic','Sharp Beamer','456','Beamer, geeignet fr alle Verwendungszwecke.','Eum aut harum dicta commodi quia similique earum.',NULL,NULL,0,0,'Blanditiis commodi et cupiditate et.','Beamer braucht ein VGA Kabel!','2013-12-12 23:43:10','2013-12-12 23:43:10'),(6,'Model','Sony','Ultra Compact Beamer',NULL,'Besonders kleiner Beamer.','Provident mollitia alias possimus voluptatibus consequuntur odit.',NULL,NULL,0,0,'Et autem similique voluptas sed saepe dolore ut.','Beamer braucht ein VGA Kabel!','2013-12-12 23:43:10','2013-12-12 23:43:10'),(7,'Model','Micro','Micro Beamer',NULL,'Besonders mikro kleiner Beamer.','Amet beatae explicabo omnis eaque nemo exercitationem quia.',NULL,NULL,0,0,'Molestiae qui quis tempora ipsum et.','Beamer braucht ein VGA Kabel!','2013-12-12 23:43:10','2013-12-12 23:43:10'),(8,'Model','Nikon','Kamera Nikon','X12','Super Kamera.','Cum id corporis quia quo harum.',NULL,NULL,0,0,'Est adipisci et itaque consectetur consequatur dolorum.','Kamera braucht Akkus!','2013-12-12 23:43:10','2013-12-12 23:43:10'),(9,'Model','Feli','Kamera Stativ','123','Stabiles Kamera Stativ','Rerum iste explicabo dignissimos doloribus eius.',NULL,NULL,0,0,'Quas sit voluptatum dolore possimus ducimus aliquam ea.','Stativ muss mit Stativtasche ausgehndigt werden.','2013-12-12 23:43:10','2013-12-12 23:43:10'),(10,'Model','Sony','Hifi Standard',NULL,'Voluptatibus quod fuga quidem adipisci et assumenda sunt.','Consequatur et delectus nostrum vel optio enim quae.',NULL,NULL,0,0,'Eligendi consequatur dolorem occaecati beatae accusamus dolores molestiae inventore.','Deserunt possimus nobis sapiente et nulla omnis iure dolorem.','2013-12-12 23:43:10','2013-12-12 23:43:10'),(11,'Model','Bose','Bose AE2W',NULL,'In assumenda quia eaque facilis. Aperiam tenetur qui aut. Doloribus omnis et aut. Dolorem mollitia iusto. Sed quo officia doloribus voluptatem ut sit sint.','Quae dicta praesentium reprehenderit cum consequatur voluptatibus alias pariatur.',NULL,NULL,3,0,'Maxime sed rerum voluptate voluptas at iste.','Omnis nihil porro ut et architecto facilis ut aut.','2013-12-12 23:43:10','2013-12-12 23:43:10'),(12,'Model','Bose','Bose XG4',NULL,'Et qui natus neque ipsum fuga. Autem ad rerum id et et minus. Occaecati ullam animi consequatur iste autem.','Eum accusamus culpa quia consequatur ut alias nihil.',NULL,NULL,1,0,'Qui et qui delectus consequatur.','Quia ut recusandae ut facilis dolorem quo saepe quaerat.','2013-12-12 23:43:10','2013-12-12 23:43:10'),(13,'Model','Canon','Kamera Canon D5',NULL,'Ganz teure Kamera','Doloremque temporibus dolor excepturi optio.',NULL,NULL,0,0,'Voluptates nisi et ex.','Kamera braucht Akkus!','2013-12-12 23:43:10','2013-12-12 23:43:10'),(14,'Model','Microsoft','Windows Laptop',NULL,'Ein Laptop der Marke Microsoft','Neque nihil excepturi cumque sed ut.',NULL,NULL,0,0,'Nemo unde mollitia sed.','Laptop mit Tasche ausgeben','2013-12-12 23:43:10','2013-12-12 23:43:10'),(15,'Model','Walkera','Walkera v120','1G','3D Helikopter','Vero modi rerum ut doloribus eaque aut.',NULL,NULL,0,0,'Dolore enim est fugiat eum.','Et rem accusamus sit aut.','2013-12-12 23:43:10','2013-12-12 23:43:10'),(16,'Model','Walkera','Walkera v120','2G','3D Helikopter','Odit itaque et non iusto.',NULL,NULL,0,0,'Nobis nesciunt consequatur in at.','Delectus libero voluptate voluptatibus sunt nulla aut nostrum.','2013-12-12 23:43:10','2013-12-12 23:43:10'),(17,'Model','Walkera','Walkera v120','3G','3D Helikopter','Vitae alias omnis placeat.',NULL,NULL,0,0,'Et vitae est sit provident.','Qui est facere non consequatur velit voluptatibus vel.','2013-12-12 23:43:10','2013-12-12 23:43:10'),(18,'Model','Apple','iMac',NULL,'Apples alter iMac','Harum ut laboriosam omnis dolor et quae non at.',NULL,NULL,0,0,'Est dignissimos molestias non.','Iure reiciendis eos deserunt.','2013-12-12 23:43:10','2013-12-12 23:43:10'),(19,'Model','Apple','MacBook Air',NULL,'Odit porro aut perspiciatis doloremque dolores quia ut omnis.','Repellendus dolore omnis debitis quae.',NULL,NULL,0,0,'Sit commodi omnis est nemo iste voluptatum error.','Quisquam voluptas quos voluptatem nostrum optio architecto.','2013-12-12 23:43:10','2013-12-12 23:43:10'),(20,'Model','Lenovo','Thinkpad','X230','Veritatis sunt voluptatem quia magnam est ea pariatur non.','Non at fugit ipsam cum et ut quos earum.',NULL,NULL,0,0,'Nisi nihil id nam eaque placeat harum recusandae.','A ut nemo ipsa quos ipsam reprehenderit.','2013-12-12 23:43:10','2013-12-12 23:43:10'),(21,'Model','Lenovo','Thinkpad','X301','Tempora ipsum qui laudantium.','Commodi nulla minima sit totam fugit eius.',NULL,NULL,0,0,'Adipisci quisquam sed necessitatibus quibusdam quasi.','Tempore voluptatum ut ut corrupti occaecati asperiores aliquid.','2013-12-12 23:43:10','2013-12-12 23:43:10'),(22,'Model','Lenovo','Thinkpad','Carbon','Tenetur aut qui ut dolorum id corporis aut.','Molestiae sit non explicabo aspernatur.',NULL,NULL,0,0,'Corrupti labore eum recusandae eos iste aut et.','Voluptates id earum sit non.','2013-12-12 23:43:10','2013-12-12 23:43:10'),(23,'Model','Dell','Inspiron','7000','Quaerat et quia nihil.','Occaecati omnis sed iure error ipsa.',NULL,NULL,0,0,'Adipisci inventore nemo quidem asperiores modi.','Rem qui eum nihil quia.','2013-12-12 23:43:10','2013-12-12 23:43:10'),(24,'Model','Sony','Beamer 1 expedita','1','Aut neque reprehenderit aut voluptatem hic consequatur.','Aut voluptatum minima sit.',NULL,NULL,0,0,'Eligendi nulla eos tempora qui iure.','Beamer braucht ein VGA Kabel!','2013-12-12 23:43:10','2013-12-12 23:43:10'),(25,'Model','Sony','Beamer 2 aut','2','Aut omnis officia autem at.','Earum officia quia architecto nemo.',NULL,NULL,0,0,'Qui perspiciatis possimus ipsum atque fugiat.','Beamer braucht ein VGA Kabel!','2013-12-12 23:43:10','2013-12-12 23:43:10'),(26,'Model','Sony','Beamer 3 sit','3','Sit quia est ab rerum harum nulla debitis.','Est ut consequuntur officiis.',NULL,NULL,0,0,'Culpa consectetur possimus est id qui modi.','Beamer braucht ein VGA Kabel!','2013-12-12 23:43:10','2013-12-12 23:43:10'),(27,'Model','Sony','Beamer 4 architecto','4','Architecto aperiam ipsa qui minima ut pariatur non sequi.','At delectus sed quia ut sed ut.',NULL,NULL,0,0,'Aut et voluptatem sunt numquam voluptates rerum sed corrupti.','Beamer braucht ein VGA Kabel!','2013-12-12 23:43:10','2013-12-12 23:43:10'),(28,'Model','Sony','Beamer 5 deleniti','5','Recusandae deleniti esse illo sit nulla alias sunt.','Fugiat aspernatur non veniam voluptatem.',NULL,NULL,0,0,'Et non quam sapiente repellendus neque.','Beamer braucht ein VGA Kabel!','2013-12-12 23:43:10','2013-12-12 23:43:10'),(29,'Model','Sony','Beamer 6 nobis','6','Quam vitae sit voluptatibus perspiciatis iste tempore.','Odio et sequi eveniet laboriosam est enim consectetur possimus.',NULL,NULL,0,0,'Ea perspiciatis assumenda aut consequuntur libero eius.','Beamer braucht ein VGA Kabel!','2013-12-12 23:43:10','2013-12-12 23:43:10'),(30,'Model','Sony','Beamer 7 et','7','Officia consequatur qui eum vel.','Ipsum molestiae possimus sit quibusdam rerum.',NULL,NULL,0,0,'Fuga quisquam perferendis recusandae qui vel voluptatem in.','Beamer braucht ein VGA Kabel!','2013-12-12 23:43:10','2013-12-12 23:43:10'),(31,'Model','Sony','Beamer 8 alias','8','Velit sunt aut et.','Odio quod consequuntur in porro.',NULL,NULL,0,0,'Aut et labore corporis.','Beamer braucht ein VGA Kabel!','2013-12-12 23:43:10','2013-12-12 23:43:10'),(32,'Model','Sony','Beamer 9 qui','9','A rerum perferendis omnis et quo quisquam facilis voluptates.','Ipsa enim totam mollitia voluptatum rerum.',NULL,NULL,0,0,'Iste fuga non voluptatem natus dicta mollitia sed.','Beamer braucht ein VGA Kabel!','2013-12-12 23:43:10','2013-12-12 23:43:10'),(33,'Model','Sony','Beamer 10 exercitationem','10','Est vel aut possimus earum rerum dignissimos suscipit.','Sunt et ratione similique voluptatum beatae maiores.',NULL,NULL,0,0,'Perspiciatis quos modi earum ut similique excepturi molestiae alias.','Beamer braucht ein VGA Kabel!','2013-12-12 23:43:10','2013-12-12 23:43:10'),(34,'Model','Sony','Beamer 11 iure','11','Dolor cumque labore velit nemo aspernatur.','Numquam molestiae quis perferendis necessitatibus.',NULL,NULL,0,0,'Et quo cupiditate odio unde reprehenderit molestiae adipisci perspiciatis.','Beamer braucht ein VGA Kabel!','2013-12-12 23:43:10','2013-12-12 23:43:10'),(35,'Model','Sony','Beamer 12 ex','12','Ex possimus atque suscipit exercitationem officia ea placeat.','Voluptatem quo architecto molestiae.',NULL,NULL,0,0,'Cumque dolore quo cupiditate rerum aspernatur exercitationem ad.','Beamer braucht ein VGA Kabel!','2013-12-12 23:43:10','2013-12-12 23:43:10'),(36,'Model','Sony','Beamer 13 exercitationem','13','Consequuntur vitae eaque sed.','Quas deserunt earum occaecati illum soluta.',NULL,NULL,0,0,'Ut qui ipsam veritatis minima sint impedit incidunt.','Beamer braucht ein VGA Kabel!','2013-12-12 23:43:10','2013-12-12 23:43:10'),(37,'Model','Sony','Beamer 14 fuga','14','Omnis voluptas vel et modi doloribus nam deserunt.','Quo incidunt pariatur et ea iusto.',NULL,NULL,0,0,'Iste omnis quam laborum.','Beamer braucht ein VGA Kabel!','2013-12-12 23:43:10','2013-12-12 23:43:10'),(38,'Model','Sony','Beamer 15 debitis','15','Repellat provident et et voluptatum corrupti.','Nemo amet pariatur quia.',NULL,NULL,0,0,'Est non fugiat est sed dolore cumque inventore illo.','Beamer braucht ein VGA Kabel!','2013-12-12 23:43:10','2013-12-12 23:43:10'),(39,'Model','Sony','Beamer 16 quod','16','Porro error est omnis.','At dolore dolorum animi voluptatibus commodi non omnis qui.',NULL,NULL,0,0,'Voluptatem neque exercitationem optio doloribus.','Beamer braucht ein VGA Kabel!','2013-12-12 23:43:10','2013-12-12 23:43:10'),(40,'Model','Sony','Beamer 17 sequi','17','Culpa et rerum numquam quae.','Quisquam corrupti quaerat iure suscipit laboriosam qui ullam.',NULL,NULL,0,0,'Aut ipsam et et hic adipisci necessitatibus.','Beamer braucht ein VGA Kabel!','2013-12-12 23:43:10','2013-12-12 23:43:10'),(41,'Model','Sony','Beamer 18 voluptatem','18','Perspiciatis optio modi aut non tenetur dolorum blanditiis.','Voluptates distinctio quaerat porro facere aut.',NULL,NULL,0,0,'Quos necessitatibus autem nihil accusantium quo incidunt laborum aut.','Beamer braucht ein VGA Kabel!','2013-12-12 23:43:10','2013-12-12 23:43:10'),(42,'Model','Sony','Beamer 19 dolores','19','Tempora nulla odit voluptatibus blanditiis quos.','Est occaecati rerum corrupti quia consequatur aliquid molestias.',NULL,NULL,0,0,'Aspernatur consequuntur debitis dolores vel possimus.','Beamer braucht ein VGA Kabel!','2013-12-12 23:43:10','2013-12-12 23:43:10'),(43,'Model','Sony','Beamer 20 omnis','20','Aut illo rem magni inventore illum.','Earum quasi enim voluptate aut.',NULL,NULL,0,0,'Aliquid sit atque quae consectetur.','Beamer braucht ein VGA Kabel!','2013-12-12 23:43:10','2013-12-12 23:43:10'),(44,'Model','Nikon','Kameras 1 quibusdam','21','Natus delectus modi tenetur minus velit odio atque.','Maxime saepe quasi temporibus et fugit.',NULL,NULL,0,0,'Omnis reprehenderit quasi eum sint repudiandae facilis.',NULL,'2013-12-12 23:43:10','2013-12-12 23:43:10'),(45,'Model','Nikon','Kameras 2 recusandae','22','Sint eos porro sunt veritatis harum.','Reiciendis omnis enim numquam maxime et.',NULL,NULL,0,0,'Quibusdam dolor quia qui officia est perspiciatis natus at.',NULL,'2013-12-12 23:43:10','2013-12-12 23:43:10'),(46,'Model','Nikon','Kameras 3 doloremque','23','Velit ea molestiae voluptatem nisi.','Praesentium in quasi in corporis.',NULL,NULL,0,0,'Molestiae ut laboriosam et reprehenderit.',NULL,'2013-12-12 23:43:10','2013-12-12 23:43:10'),(47,'Model','Nikon','Kameras 4 enim','24','Harum repellat amet culpa quo totam est.','Nostrum sed et ut iste numquam voluptas dolores.',NULL,NULL,0,0,'Aut maiores magnam qui unde corrupti perferendis nihil.',NULL,'2013-12-12 23:43:10','2013-12-12 23:43:10'),(48,'Model','Nikon','Kameras 5 nemo','25','Amet nostrum dolorem veniam.','Architecto consequatur ut iste quod.',NULL,NULL,0,0,'Commodi suscipit a ducimus rerum consectetur id repudiandae eius.',NULL,'2013-12-12 23:43:10','2013-12-12 23:43:10'),(49,'Model','Nikon','Kameras 6 mollitia','26','Aut corrupti est architecto praesentium autem.','Voluptatem repudiandae laborum aspernatur fugit eius.',NULL,NULL,0,0,'Nulla voluptates voluptatem ad odit tempore.',NULL,'2013-12-12 23:43:10','2013-12-12 23:43:10'),(50,'Model','Nikon','Kameras 7 repudiandae','27','Ipsum quia assumenda dolorum quia.','Blanditiis quia nulla qui.',NULL,NULL,0,0,'Quas doloribus deserunt debitis ipsa eius unde.',NULL,'2013-12-12 23:43:10','2013-12-12 23:43:10'),(51,'Model','Nikon','Kameras 8 necessitatibus','28','Quisquam assumenda placeat cum est ut ipsa repudiandae.','Deserunt numquam laborum rem velit ab consectetur.',NULL,NULL,0,0,'Ut pariatur velit eaque at.',NULL,'2013-12-12 23:43:10','2013-12-12 23:43:10'),(52,'Model','Nikon','Kameras 9 non','29','Cum molestiae et eaque voluptas qui dolores.','Itaque sunt aut laborum est eos et omnis.',NULL,NULL,0,0,'Deleniti dolore nostrum in rerum eum.',NULL,'2013-12-12 23:43:10','2013-12-12 23:43:10'),(53,'Model','Nikon','Kameras 10 aut','30','Sed aliquid eaque et assumenda sit.','Vel ut quia ad omnis.',NULL,NULL,0,0,'Adipisci dolorem sit doloribus dolores labore tempora quia.',NULL,'2013-12-12 23:43:10','2013-12-12 23:43:10'),(54,'Model','Nikon','Kameras 11 odit','31','Dolores dolore voluptatem a eos quidem.','Quo placeat deserunt reprehenderit eaque atque sed.',NULL,NULL,0,0,'Voluptate quis error ea voluptas iste et quo nemo.',NULL,'2013-12-12 23:43:10','2013-12-12 23:43:10'),(55,'Model','Nikon','Kameras 12 consequatur','32','Vitae placeat autem id.','Molestiae voluptas velit iusto quam voluptatibus dolores corporis.',NULL,NULL,0,0,'Nobis exercitationem quas nemo necessitatibus.',NULL,'2013-12-12 23:43:10','2013-12-12 23:43:10'),(56,'Model','Nikon','Kameras 13 et','33','Illo cupiditate perspiciatis quis dolores odit modi.','Expedita odio porro est sit.',NULL,NULL,0,0,'Aut ut molestias ipsum reprehenderit eum natus.',NULL,'2013-12-12 23:43:10','2013-12-12 23:43:10'),(57,'Model','Nikon','Kameras 14 est','34','Aut deserunt harum voluptas id non.','Officia doloremque sit non commodi qui.',NULL,NULL,0,0,'Numquam enim vero sed et ad corporis unde soluta.',NULL,'2013-12-12 23:43:10','2013-12-12 23:43:10'),(58,'Model','Nikon','Kameras 15 laborum','35','Molestiae tenetur accusantium dolorem corporis ut similique et.','Tenetur ex dolores voluptates accusantium sapiente neque.',NULL,NULL,0,0,'Ratione dolorem ab accusamus quo.',NULL,'2013-12-12 23:43:10','2013-12-12 23:43:10'),(59,'Model','Nikon','Kameras 16 aspernatur','36','Quam autem dolorum omnis.','Necessitatibus quos qui ea aspernatur ut.',NULL,NULL,0,0,'Iure laboriosam iusto laudantium quis velit eligendi harum qui.',NULL,'2013-12-12 23:43:10','2013-12-12 23:43:10'),(60,'Model','Nikon','Kameras 17 et','37','Quaerat sint quia molestiae voluptas ipsam saepe.','Libero et dicta sint tempora aut dolorum necessitatibus illum.',NULL,NULL,0,0,'Molestiae fuga a suscipit dignissimos et expedita.',NULL,'2013-12-12 23:43:10','2013-12-12 23:43:10'),(61,'Model','Nikon','Kameras 18 voluptatibus','38','Illum dolorem officiis dolore voluptatem quod et.','Nihil id ipsa et iusto.',NULL,NULL,0,0,'Asperiores perspiciatis est dolores in quia quasi facilis a.',NULL,'2013-12-12 23:43:10','2013-12-12 23:43:10'),(62,'Model','Nikon','Kameras 19 minus','39','Eos et sit quo ut quia quod iste et.','Dolorem ut quasi quod ratione.',NULL,NULL,0,0,'Rem ut explicabo dolor qui cupiditate distinctio.',NULL,'2013-12-12 23:43:10','2013-12-12 23:43:10'),(63,'Model','Nikon','Kameras 20 earum','40','Minima illum rerum eius rerum ut voluptas.','Sed sit debitis dicta.',NULL,NULL,0,0,'Illo blanditiis soluta rem aut itaque.',NULL,'2013-12-12 23:43:10','2013-12-12 23:43:10'),(64,'Model','Nikon','Kameras 21 perferendis','41','Expedita debitis porro et error neque non officiis.','Optio esse est quia laboriosam quia nemo assumenda voluptatem.',NULL,NULL,0,0,'Voluptatem accusantium maxime veritatis fugiat magni.',NULL,'2013-12-12 23:43:10','2013-12-12 23:43:10'),(65,'Model','Nikon','Kameras 22 rem','42','Minus nemo similique delectus corrupti molestiae aspernatur.','Non est autem nihil et.',NULL,NULL,0,0,'Id non rerum ut ut assumenda veritatis fugit.',NULL,'2013-12-12 23:43:10','2013-12-12 23:43:10'),(66,'Model','Nikon','Kameras 23 aut','43','Est quia debitis laudantium mollitia.','Laboriosam sit aut ut repellendus.',NULL,NULL,0,0,'Corrupti quis rerum est incidunt eligendi ea vero beatae.',NULL,'2013-12-12 23:43:10','2013-12-12 23:43:10'),(67,'Model','Nikon','Kameras 24 quo','44','Sit dolorem quis nisi occaecati culpa reiciendis adipisci.','Voluptatum nam quidem veritatis.',NULL,NULL,0,0,'Blanditiis voluptas sit beatae delectus officiis voluptatem ducimus.',NULL,'2013-12-12 23:43:10','2013-12-12 23:43:10'),(68,'Model','Nikon','Kameras 25 quas','45','Et accusamus aut dolorem quo iusto voluptate.','Et omnis corrupti enim.',NULL,NULL,0,0,'Et eaque numquam rem.',NULL,'2013-12-12 23:43:10','2013-12-12 23:43:10'),(69,'Model','Nikon','Kameras 26 qui','46','Quae nihil recusandae impedit.','Corrupti ut sapiente quia est unde.',NULL,NULL,0,0,'Nam molestiae dolorem ratione.',NULL,'2013-12-12 23:43:10','2013-12-12 23:43:10'),(70,'Model','Nikon','Kameras 27 ea','47','Debitis voluptatem velit iste soluta.','Nesciunt molestiae reiciendis praesentium ex commodi suscipit eveniet.',NULL,NULL,0,0,'Fugiat fuga a aut ipsa quasi quas.',NULL,'2013-12-12 23:43:10','2013-12-12 23:43:10'),(71,'Model','Nikon','Kameras 28 quia','48','Alias tempora maxime ut numquam aliquam eum.','Inventore quis eveniet fuga et voluptatem.',NULL,NULL,0,0,'Nesciunt tenetur occaecati molestias.',NULL,'2013-12-12 23:43:10','2013-12-12 23:43:10'),(72,'Model','Nikon','Kameras 29 consequuntur','49','Eum totam suscipit omnis et dolor delectus dolor natus.','Dolorem nihil placeat officiis quo facilis quia cupiditate velit.',NULL,NULL,0,0,'Quis optio quisquam ratione.',NULL,'2013-12-12 23:43:10','2013-12-12 23:43:10'),(73,'Model','Nikon','Kameras 30 voluptate','50','Suscipit id tempore voluptatem quia quis.','Ipsum itaque aut dignissimos nobis accusantium omnis placeat.',NULL,NULL,0,0,'Excepturi dolores et qui autem officia itaque.',NULL,'2013-12-12 23:43:10','2013-12-12 23:43:10'),(74,'Software','Sauer Inc','Adobe Acrobat','51',NULL,NULL,NULL,NULL,0,0,'test http://test.ch\\r\nwww.foo.ch\\r\njust a text',NULL,'2013-12-12 23:43:10','2013-12-12 23:43:10'),(75,'Software','Orn-Bergnaum','MS Word','52',NULL,NULL,NULL,NULL,0,0,'test http://test.ch\\r\nwww.foo.ch\\r\njust a text',NULL,'2013-12-12 23:43:10','2013-12-12 23:43:10'),(76,'Software','Bergnaum-King','Gorgeous Rubber Gloves','53',NULL,NULL,NULL,NULL,0,0,NULL,NULL,'2013-12-12 23:43:10','2013-12-12 23:43:10'),(77,'Software','Labadie LLC','Fantastic Steel Table','54',NULL,NULL,NULL,NULL,0,0,NULL,NULL,'2013-12-12 23:43:10','2013-12-12 23:43:10'),(78,'Software','Hagenes, Boyle and Carter','Gorgeous Rubber Pants','55',NULL,NULL,NULL,NULL,0,0,NULL,NULL,'2013-12-12 23:43:10','2013-12-12 23:43:10'),(79,'Software','Bernhard, Gaylord and Pfannerstill','Gorgeous Wooden Pants','56',NULL,NULL,NULL,NULL,0,0,NULL,NULL,'2013-12-12 23:43:10','2013-12-12 23:43:10'),(80,'Software','Schowalter Group','Small Granite Computer','57',NULL,NULL,NULL,NULL,0,0,NULL,NULL,'2013-12-12 23:43:10','2013-12-12 23:43:10'),(81,'Software','Koss-Murphy','Gorgeous Plastic Chair','58',NULL,NULL,NULL,NULL,0,0,NULL,NULL,'2013-12-12 23:43:10','2013-12-12 23:43:10'),(82,'Software','Nikolaus Inc','Small Granite Chair','59',NULL,NULL,NULL,NULL,0,0,NULL,NULL,'2013-12-12 23:43:10','2013-12-12 23:43:10'),(83,'Software','Kihn, Green and Torp','Sleek Cotton Hat','60',NULL,NULL,NULL,NULL,0,0,NULL,NULL,'2013-12-12 23:43:10','2013-12-12 23:43:10'),(84,'Software','Mertz, Jenkins and Upton','Gorgeous Wooden Car','61',NULL,NULL,NULL,NULL,0,0,NULL,NULL,'2013-12-12 23:43:10','2013-12-12 23:43:10'),(85,'Software','McDermott-Watsica','Gorgeous Plastic Shoes','62',NULL,NULL,NULL,NULL,0,0,NULL,NULL,'2013-12-12 23:43:10','2013-12-12 23:43:10'),(86,'Model','Berge LLC','Kamera Set','63','Quia veritatis iste officiis beatae similique aut reiciendis quia.','Incidunt a iure nesciunt perferendis veniam dolorum eum culpa.',NULL,NULL,1,1,'Rerum autem nostrum amet eum.','Eligendi harum aspernatur dolores.','2013-12-12 23:43:10','2013-12-12 23:43:10'),(87,'Model','Hudson, Strosin and Stamm','Incredible Cotton Pants','64','Ut quasi nobis fugit velit.','Qui voluptate molestiae voluptas asperiores similique ratione iusto.',NULL,NULL,1,0,'Quam animi voluptatem hic.','Assumenda exercitationem qui voluptatem aut recusandae rerum qui a.','2013-12-12 23:43:10','2013-12-12 23:43:10'),(88,'Model','Mills-Hoppe','Practical Granite Shoes','65','Iste et omnis autem voluptatum nostrum ut nam id.','Non minus itaque ipsam quaerat ullam qui.',NULL,NULL,0,0,'Quas accusantium nisi iusto libero explicabo necessitatibus.','Sunt velit totam et esse officia laborum.','2013-12-12 23:43:10','2013-12-12 23:43:10'),(89,'Model','Mueller-Kling','Incredible Granite Table','66','Quis quam ea rerum.','Sed facilis id suscipit voluptatem aliquid.',NULL,NULL,0,0,'Pariatur vel rerum totam.','Ex et omnis voluptatum distinctio aut.','2013-12-12 23:43:10','2013-12-12 23:43:10'),(90,'Model','Hilpert LLC','Small Rubber Shirt','67','Optio quia sint nemo eum voluptatem saepe rerum maxime.','Aliquid quos asperiores voluptates nobis ut quaerat sint.',NULL,NULL,3,0,'Quae vel adipisci nesciunt cumque.','Inventore quisquam impedit eligendi est nulla magnam aut reprehenderit.','2013-12-12 23:43:10','2013-12-12 23:43:10'),(91,'Model','Harber and Sons','Practical Wooden Pants','68','Dicta rerum veniam est deleniti nihil consequatur.','Magnam sit quod corrupti est deleniti quidem.',NULL,NULL,3,0,'Fugiat sunt porro in perspiciatis id inventore nobis aut.','Rerum aut repellat unde.','2013-12-12 23:43:10','2013-12-12 23:43:10'),(92,'Model','Klein Inc','Rustic Steel Computer','69','Exercitationem placeat officiis aut vel sit quis laborum commodi.','Magni sint quia blanditiis nemo ut sunt sed.',NULL,NULL,3,0,'Accusamus quia quasi vitae commodi et.','Libero quidem et quas.','2013-12-12 23:43:10','2013-12-12 23:43:10'),(93,'Model','Schultz and Sons','Sleek Steel Pants','70','Dignissimos exercitationem nihil et consequatur sequi.','Quia quis laboriosam in distinctio quis.',NULL,NULL,0,0,'Quo itaque non dignissimos beatae eum dicta et exercitationem.','Earum commodi aliquam recusandae non deleniti est.','2013-12-12 23:43:10','2013-12-12 23:43:10'),(94,'Model','Harvey Inc','Gorgeous Granite Gloves','71','Quod doloribus ullam inventore laborum optio molestias adipisci.','Veritatis molestias rem molestiae.',NULL,NULL,0,0,'Voluptate quia ea ut ut quisquam.','Est numquam autem non.','2013-12-12 23:43:10','2013-12-12 23:43:10'),(95,'Model','Wolf-Wilkinson','Sleek Cotton Car','72','Alias sint dicta ipsa.','Sed voluptatem et error quas aut iure ex.',NULL,NULL,3,0,'Dolor aspernatur optio dicta sed eum quo modi.','Id quos ducimus et aut aut et qui.','2013-12-12 23:43:10','2013-12-12 23:43:10'),(96,'Model','Spencer, Cummings and Jast','Rustic Wooden Shirt','73','Qui molestiae ut delectus et et eos reiciendis unde.','Aspernatur sed et impedit qui voluptatum nam.',NULL,NULL,1,0,'Aut sed quas est maxime enim ad.','Quas vero minima commodi.','2013-12-12 23:43:10','2013-12-12 23:43:10'),(97,'Model','Skiles-Boehm','Intelligent Rubber Car','74','Dignissimos aspernatur fuga numquam quia quibusdam architecto.','Qui saepe et odit voluptas minima inventore.',NULL,NULL,2,0,'Officia laboriosam saepe consectetur esse possimus ea beatae.','Illum ut consectetur non enim.','2013-12-12 23:43:10','2013-12-12 23:43:10'),(98,'Model','Schuppe Group','Rustic Steel Shirt','75','Quia accusantium quam aut.','Quod voluptatem similique nam eveniet.',NULL,NULL,0,0,'Et qui nihil magnam omnis repudiandae iste.','Veniam est nemo est.','2013-12-12 23:43:10','2013-12-12 23:43:10'),(99,'Model','Dooley-Howell','Kamera Set2','76','Aut in illo consequatur adipisci vel atque.','Cupiditate repellat ipsam voluptas quae.',NULL,NULL,1,1,'Sed veritatis qui suscipit sunt cum.','Nobis iste et inventore est illo quis natus.','2013-12-12 23:43:10','2013-12-12 23:43:10'),(100,'Model','O\'Conner Group','Fantastic Cotton Shoes','77','Odio cupiditate autem et rerum dignissimos.','Facilis ut cumque voluptatem exercitationem ratione nesciunt.',NULL,NULL,3,0,'Ullam nobis architecto assumenda eligendi et praesentium dolorum molestias.','Mollitia velit aspernatur ex deserunt temporibus reiciendis ut.','2013-12-12 23:43:10','2013-12-12 23:43:10'),(101,'Model','Wuckert, Witting and Collins','Ergonomic Rubber Pants','78','Inventore enim magni repudiandae dolorem et harum maiores voluptatum.','Quam ut assumenda hic.',NULL,NULL,3,0,'Quia aperiam voluptates eos ut id et possimus.','Saepe aut itaque repellat commodi.','2013-12-12 23:43:10','2013-12-12 23:43:10'),(102,'Model','Pfeffer, Huels and Nader','Sleek Wooden Chair','79','Est porro repellendus occaecati blanditiis tempore ullam distinctio.','Omnis beatae distinctio itaque quasi.',NULL,NULL,1,0,'Quas quidem omnis iure quibusdam asperiores optio maiores enim.','Vel id hic libero aut molestiae vel ducimus rerum.','2013-12-12 23:43:10','2013-12-12 23:43:10'),(103,'Model','Mayer-Deckow','Gorgeous Concrete Hat','80','Voluptatem qui eaque odio.','Consequuntur in aliquam dignissimos voluptatem.',NULL,NULL,1,0,'Nulla sunt soluta quaerat.','Quia exercitationem aspernatur est eaque aut cupiditate eligendi blanditiis.','2013-12-12 23:43:10','2013-12-12 23:43:10'),(104,'Model','Gleason, Thiel and Armstrong','Incredible Wooden Pants','81','Aut itaque incidunt iste laudantium.','Qui id id voluptate saepe fugiat quam magni.',NULL,NULL,0,0,'Suscipit eaque eos repellat aut.','Itaque iste minima id alias iusto facere fugit.','2013-12-12 23:43:10','2013-12-12 23:43:10'),(105,'Model','Denesik Group','Small Steel Shoes','82','Ipsum molestias alias aspernatur qui.','Officia corrupti eos omnis corporis.',NULL,NULL,0,0,'Aliquid ab saepe officia.','Sit velit sunt dolor omnis modi totam provident ratione.','2013-12-12 23:43:10','2013-12-12 23:43:10'),(106,'Model','Williamson, Kertzmann and Little','Sleek Steel Car','83','Quia odit natus sunt tempore eum libero sequi consequatur.','Placeat aperiam ut tenetur dolorem ducimus.',NULL,NULL,0,0,'Laudantium repellendus aliquam deserunt aspernatur omnis.','Atque voluptatum illo beatae.','2013-12-12 23:43:10','2013-12-12 23:43:10'),(107,'Model','Murazik-Sauer','Ergonomic Plastic Chair','84','Beatae quia at possimus nam architecto.','Recusandae omnis ipsa placeat aut sequi.',NULL,NULL,0,0,'Aut labore impedit est quia et.','Hic ab debitis voluptatibus saepe fugit.','2013-12-12 23:43:10','2013-12-12 23:43:10'),(108,'Model','Stehr LLC','Small Rubber Hat','85','Voluptas qui aut repellendus possimus iste ullam neque dolorem.','Officia amet veniam quibusdam labore dolore sunt ipsa sit.',NULL,NULL,1,0,'Iure enim optio voluptate aliquid vel quae omnis consequuntur.','Sunt veritatis officia debitis ipsam et asperiores est.','2013-12-12 23:43:10','2013-12-12 23:43:10'),(109,'Model','Lind, Mraz and Labadie','Gorgeous Wooden Shirt','90','Dignissimos dolor voluptatem officia sunt sit incidunt.','Dignissimos fugiat natus voluptatem molestiae adipisci omnis.',NULL,NULL,1,0,'Consectetur sed et fugiat voluptas aliquam.','Dolores ut soluta qui omnis laborum maxime consequatur commodi.','2013-12-12 23:43:10','2013-12-12 23:43:10'),(110,'Model','Hane, Nitzsche and Russel','Sleek Wooden Table','91','Dolor non corrupti non aut.','Qui magnam voluptatem recusandae dolorum.',NULL,NULL,0,0,'Qui sit consequuntur assumenda quis repellat doloribus qui exercitationem.','Molestiae enim blanditiis placeat.','2013-12-12 23:43:10','2013-12-12 23:43:10'),(111,'Model','Kohler, Dare and Lebsack','Sleek Concrete Car','92','Repellat aut ut nemo.','Dolore natus architecto sunt fugit aut soluta.',NULL,NULL,3,0,'In laborum fugiat ut.','Omnis quo dolor vero ut corporis et qui.','2013-12-12 23:43:10','2013-12-12 23:43:10'),(112,'Model','Grady, Purdy and Pfeffer','Ergonomic Rubber Shirt','93','Quasi provident omnis voluptatem est.','Officia dolores aliquid consectetur inventore.',NULL,NULL,3,0,'Nam sint est quis at dicta aut optio maiores.','Laboriosam voluptates ut non sit iusto molestiae.','2013-12-12 23:43:10','2013-12-12 23:43:10'),(113,'Model','Schiller-Nienow','Ergonomic Rubber Car','94','Hic vel alias earum quae non ut qui.','Fuga nihil repellat dolores quo odit.',NULL,NULL,3,0,'Voluptas voluptatem accusantium mollitia et assumenda ut iusto.','Odio explicabo aliquid sint inventore autem possimus sit.','2013-12-12 23:43:10','2013-12-12 23:43:10'),(114,'Model','Considine, Breitenberg and Emmerich','Fantastic Plastic Car','95','Sed deserunt id nihil.','Quam consequuntur et provident doloribus in quia.',NULL,NULL,0,0,'Voluptas quidem voluptatem est inventore.','Animi quisquam inventore expedita.','2013-12-12 23:43:10','2013-12-12 23:43:10'),(115,'Model','Mann-Jaskolski','Practical Rubber Gloves','96','Dolor omnis aut itaque blanditiis.','Sapiente sit at facere dignissimos.',NULL,NULL,0,0,'Eos qui accusantium ea voluptatem minus.','Fugit nam maiores enim.','2013-12-12 23:43:10','2013-12-12 23:43:10'),(116,'Model','Mueller LLC','Incredible Wooden Car','97','Eos recusandae quidem est necessitatibus cum ex quibusdam blanditiis.','Impedit sit est cupiditate eveniet aperiam quae voluptas.',NULL,NULL,3,0,'Ipsum adipisci vero ut quibusdam aut molestiae.','Illum ea vel mollitia odio dignissimos.','2013-12-12 23:43:10','2013-12-12 23:43:10'),(117,'Model','Hickle-Osinski','Practical Cotton Shoes','98','Aut voluptas et inventore vero nobis et delectus.','Earum sit corrupti necessitatibus inventore ipsa quas.',NULL,NULL,0,0,'Sapiente optio assumenda accusamus necessitatibus modi eligendi sequi.','Alias molestiae aut iure quo.','2013-12-12 23:43:10','2013-12-12 23:43:10'),(118,'Model','Nicolas-Bauch','Practical Concrete Computer','99','Cum est molestiae quia modi distinctio sit quam necessitatibus.','In odit et atque tempora ut placeat totam ipsa.',NULL,NULL,1,0,'Cupiditate fuga et non omnis laudantium.','Dolorem alias qui qui sed distinctio doloremque et.','2013-12-12 23:43:10','2013-12-12 23:43:10'),(119,'Model','Hammes LLC','Small Wooden Pants','100','Veniam rerum sed aperiam minus neque quisquam voluptas.','Perspiciatis quas corporis quidem.',NULL,NULL,1,0,'Molestias in non in quia.','Nostrum modi et qui maiores perferendis doloribus.','2013-12-12 23:43:10','2013-12-12 23:43:10'),(120,'Model','Walter and Sons','Gorgeous Wooden Table','101','In eaque eligendi laborum quisquam.','Eum facere et sit saepe nulla voluptas natus.',NULL,NULL,0,0,'Neque perspiciatis id impedit.','Incidunt voluptas est quia deserunt cumque deleniti pariatur.','2013-12-12 23:43:10','2013-12-12 23:43:10'),(121,'Model','Keeling-Abshire','Fantastic Rubber Shoes','102','In cupiditate sunt repellendus commodi odit distinctio ea mollitia.','Optio molestiae sapiente quo occaecati.',NULL,NULL,2,0,'Et voluptas consequatur iusto.','Architecto non quisquam incidunt et cum.','2013-12-12 23:43:10','2013-12-12 23:43:10'),(122,'Model','Miller LLC','Rustic Cotton Car','103','Doloribus voluptas quas minima excepturi iste.','Voluptatem mollitia dolore quidem ducimus ut dolorem sed.',NULL,NULL,2,0,'Eum ut facere corporis necessitatibus enim sunt eligendi.','Totam et deserunt architecto debitis.','2013-12-12 23:43:10','2013-12-12 23:43:10'),(123,'Model','Hartmann, Orn and Stroman','Rustic Plastic Computer','104','Fugiat iure dolor consequatur adipisci.','Cumque magnam provident aliquid accusantium.',NULL,NULL,0,0,'Odio dolorem aliquid ab debitis nihil voluptatum culpa odit.','Minima minus quas qui.','2013-12-12 23:43:10','2013-12-12 23:43:10'),(124,'Model','Towne Inc','Sleek Concrete Pants','105','Cumque eum amet dicta eaque.','Voluptatem eveniet nihil molestias facilis incidunt laudantium.',NULL,NULL,3,0,'Ut nisi vitae facere aut corporis.','Dolores iste et commodi dicta.','2013-12-12 23:43:10','2013-12-12 23:43:10'),(125,'Model','Feil-Wehner','Practical Wooden Shoes','106','Pariatur porro magnam vitae aperiam iusto commodi placeat in.','Et velit molestias distinctio voluptates rerum.',NULL,NULL,3,0,'Iste et a eos.','Explicabo exercitationem cumque debitis sed maxime optio.','2013-12-12 23:43:10','2013-12-12 23:43:10'),(126,'Model','Bernhard Group','Fantastic Wooden Shoes','107','Non rem consequuntur sit deserunt.','Reiciendis perspiciatis harum optio eum.',NULL,NULL,3,0,'Enim vitae a voluptas vel dicta amet.','Sit ipsa aut nostrum odio aut.','2013-12-12 23:43:10','2013-12-12 23:43:10'),(127,'Model','Wunsch-Rolfson','Rustic Steel Gloves','108','Sunt ratione nulla sit ducimus aut porro laudantium.','Sit quisquam rerum maxime non esse voluptate.',NULL,NULL,3,0,'Enim sunt necessitatibus ratione at magnam exercitationem.','Praesentium eum officia non laboriosam repellendus aut.','2013-12-12 23:43:10','2013-12-12 23:43:10'),(128,'Model','Conn, Grady and Tillman','Rustic Cotton Shoes','109','Exercitationem id debitis delectus molestias maxime hic.','Voluptas odit itaque incidunt illum non.',NULL,NULL,3,0,'Nulla placeat dolorem laborum omnis et neque.','Assumenda voluptatem quod et dolores totam accusantium est.','2013-12-12 23:43:10','2013-12-12 23:43:10'),(129,'Model','Bins-Boyle','Small Plastic Computer','110','Illum consequuntur aut nulla.','Eveniet sunt consequatur quia quae qui ex vitae.',NULL,NULL,2,0,'Nulla ipsa enim neque doloremque expedita odit.','Iste explicabo facere eos et.','2013-12-12 23:43:10','2013-12-12 23:43:10'),(130,'Model','Keeling-Larson','Gorgeous Concrete Car','111','Beatae aspernatur et eveniet ducimus distinctio.','Aspernatur soluta iure incidunt quaerat est.',NULL,NULL,1,0,'Qui expedita tenetur quasi quisquam accusamus non ullam.','Amet molestiae eum voluptas voluptatem.','2013-12-12 23:43:10','2013-12-12 23:43:10'),(131,'Model','Gusikowski, Senger and Kiehn','Awesome Rubber Shirt','112','Sed dolorem quasi illo qui et sed ut.','At architecto non et minus.',NULL,NULL,2,0,'Harum qui inventore sed fugit quas facilis soluta.','Quia saepe earum possimus eos.','2013-12-12 23:43:10','2013-12-12 23:43:10'),(132,'Model','Feeney, Turner and Larson','Small Plastic Gloves','113','Id harum laboriosam dolores quia.','Corporis quia dolorem est reiciendis quos.',NULL,NULL,0,0,'Rerum consequatur quis architecto est necessitatibus cum ut beatae.','Rem non occaecati necessitatibus qui.','2013-12-12 23:43:10','2013-12-12 23:43:10'),(133,'Model','Feest-Robel','Gorgeous Cotton Shoes','114','Tempore aut molestiae dicta.','Ab voluptates porro non.',NULL,NULL,1,0,'Omnis nesciunt minima consequuntur id.','Est quod accusantium iste vel sed voluptas.','2013-12-12 23:43:10','2013-12-12 23:43:10'),(134,'Model','Ebert-Frami','Fantastic Rubber Computer','115','Quia sit est est animi.','Reiciendis aliquam maiores odio qui beatae repudiandae.',NULL,NULL,1,0,'Officiis voluptatum dolorem commodi.','Dolores aut officiis cupiditate minus vel non.','2013-12-12 23:43:10','2013-12-12 23:43:10'),(135,'Model','Bartoletti, Rempel and Lowe','Practical Cotton Table','116','Iste quis magnam ducimus dolore ab id est dolorum.','Maxime quas non et.',NULL,NULL,1,0,'Autem laborum sunt vel quasi perspiciatis eveniet.','Corrupti recusandae voluptatem rerum.','2013-12-12 23:43:10','2013-12-12 23:43:10'),(136,'Model','Rath-Williamson','Practical Plastic Table','117','Laboriosam maiores qui ullam et qui et.','Tempora labore dolores blanditiis eligendi.',NULL,NULL,3,0,'Rem explicabo tempore asperiores quibusdam qui.','Modi ea temporibus rerum repudiandae doloremque dolorem voluptatem.','2013-12-12 23:43:10','2013-12-12 23:43:10'),(137,'Model','Rosenbaum-Dibbert','Ergonomic Granite Table','118','Qui fuga itaque adipisci sapiente ratione officiis.','Et ea repellendus qui facilis a fuga omnis.',NULL,NULL,1,0,'Quae minus sit dolor.','Perspiciatis delectus saepe rerum.','2013-12-09 23:43:10','2013-12-09 23:43:10'),(138,'Model','Johnston, Stehr and Murazik','Gorgeous Rubber Car','119','Inventore quis saepe tempora quia est delectus rerum.','Rerum itaque ad qui ea natus.',NULL,NULL,3,0,'Tenetur dicta sed adipisci expedita consequatur nemo.','In atque quae et expedita voluptatem porro.','2013-12-09 23:43:10','2013-12-09 23:43:10'),(139,'Model','Will and Sons','Practical Cotton Hat','120','Ullam velit qui recusandae impedit distinctio.','Voluptas harum architecto iure suscipit.',NULL,NULL,2,0,'Neque quo repellendus doloribus est.','Unde ut est omnis.','2013-12-09 23:43:10','2013-12-09 23:43:10'),(140,'Model','Carter, Dickinson and Corwin','Ergonomic Granite Shoes','121','Modi voluptatem praesentium est deleniti et vero maiores occaecati.','Alias mollitia sunt nemo et.',NULL,NULL,2,0,'Consequatur ullam quas tenetur sed vitae.','Est veniam ut nam necessitatibus magni eum dolores.','2013-12-12 23:43:10','2013-12-12 23:43:10'),(141,'Model','Reynolds Group','Small Cotton Shirt','122','Hic et aut tempore nihil temporibus.','Exercitationem sed ut nesciunt ullam.',NULL,NULL,2,0,'Molestias ipsum blanditiis libero pariatur magni beatae doloremque accusamus.','Repellat fugit cumque id distinctio corrupti occaecati porro eveniet.','2013-12-12 23:43:10','2013-12-12 23:43:10'),(142,'Model','Greenfelder and Sons','Practical Plastic Hat','123','Sapiente et nihil et sunt porro.','Quia dolores quidem omnis voluptatem perspiciatis tempore.',NULL,NULL,0,0,'Quia vitae in numquam et quae sapiente provident.','Velit suscipit qui consequuntur ea incidunt corporis.','2013-12-12 23:43:10','2013-12-12 23:43:10'),(143,'Model','Runolfsson, Breitenberg and Lockman','Small Rubber Computer','124','Sequi voluptates excepturi praesentium sint.','Neque voluptatem qui dolores aut quisquam est tenetur.',NULL,NULL,2,0,'Quo architecto qui sit ut aspernatur.','Dolores qui dolor quia quos.','2013-12-12 23:43:10','2013-12-12 23:43:10'),(144,'Model','Rempel, Purdy and Mills','Fantastic Granite Table','125','Ducimus delectus vel voluptatem tempore iusto enim.','At eum accusantium ullam.',NULL,NULL,1,0,'Labore ut velit neque sunt eum.','Aut esse praesentium tempora.','2013-12-12 23:43:10','2013-12-12 23:43:10'),(145,'Model','Harvey-Kuhic','Sleek Wooden Shoes','126','Quia eveniet est non error asperiores cupiditate possimus.','Et natus dolor esse voluptatem nostrum.',NULL,NULL,0,0,'Voluptas eum consequuntur officia ea distinctio voluptas reiciendis.','Quasi ea ad aliquid aut et vitae asperiores.','2013-12-12 23:43:10','2013-12-12 23:43:10'),(146,'Model','Gleichner Inc','Rustic Steel Car','127','Omnis vel necessitatibus est.','Qui minus excepturi et vitae aut ipsam unde at.',NULL,NULL,3,0,'Facilis qui rerum eius nostrum rerum omnis sunt et.','Autem earum quia consequatur.','2013-12-12 23:43:10','2013-12-12 23:43:10'),(147,'Model','Metz, Armstrong and Gorczany','Incredible Wooden Shoes','128','Sunt et nam voluptas eos.','Suscipit ut dignissimos et sit debitis maiores quia.',NULL,NULL,1,0,'Quia consequatur et eius eos laborum.','Quos dolorum quas modi ipsa eius.','2013-12-12 23:43:10','2013-12-12 23:43:10'),(148,'Model','Lakin-Kuvalis','Awesome Cotton Car','129','Non perspiciatis pariatur est natus.','Qui ut eius nam dolor molestias.',NULL,NULL,0,0,'Maiores non et iusto earum tempora sit quis.','Odit ea eum omnis totam ipsa voluptatum mollitia.','2013-12-12 23:43:10','2013-12-12 23:43:10'),(149,'Model','Adams LLC','Practical Wooden Gloves','130','Sint alias eius voluptatem mollitia sequi.','Reprehenderit soluta quia voluptate.',NULL,NULL,1,0,'Dolorem sit beatae et voluptatem voluptatum corrupti et.','Expedita itaque maiores sed.','2013-12-12 23:43:10','2013-12-12 23:43:10'),(150,'Model','Pacocha-Kutch','Intelligent Steel Shirt','131','Consequatur ea excepturi dolores et sed velit fugit.','Enim dignissimos est architecto quibusdam autem officiis.',NULL,NULL,1,0,'Ea voluptas qui est.','Veniam porro possimus iusto illum atque qui laudantium placeat.','2013-12-12 23:43:10','2013-12-12 23:43:10'),(151,'Model','Leffler-Schultz','Ergonomic Wooden Chair','132','Facilis cum accusamus mollitia aspernatur.','Qui veritatis nihil nobis itaque ut voluptas.',NULL,NULL,0,0,'Doloremque delectus voluptas quas.','Architecto eos aspernatur expedita eveniet fugiat nisi accusamus minima.','2013-12-12 23:43:10','2013-12-12 23:43:10'),(152,'Model','Crona Inc','Ergonomic Plastic Hat','133','Repellat voluptates sit harum quidem quos ipsum.','Deserunt amet odio vel.',NULL,NULL,1,0,'Maxime rem amet neque aliquam natus ab.','Itaque corporis rem suscipit sequi rerum cupiditate.','2013-12-12 23:43:10','2013-12-12 23:43:10'),(153,'Model','Ward Group','Awesome Cotton Shoes','134','Reiciendis eos mollitia ea aut ut tempora provident.','Maxime voluptas fuga a qui.',NULL,NULL,3,0,'Quasi ullam illum officia voluptate.','Reiciendis voluptates quo ipsam repudiandae dolores.','2013-12-12 23:43:10','2013-12-12 23:43:10'),(154,'Model','Collins, Bartell and Glover','Small Granite Car','135','Unde voluptas et facere.','Rem eos ex fugiat commodi a ipsa laborum hic.',NULL,NULL,3,0,'Ut esse nisi in reiciendis qui.','Nam est dolor omnis alias consectetur iure dolore minus.','2013-12-12 23:43:10','2013-12-12 23:43:10'),(155,'Model','Farrell Inc','Intelligent Wooden Shoes','136','Quae sapiente vel labore deserunt quia aut sunt.','Sed debitis dignissimos nisi molestiae labore repudiandae repellat nihil.',NULL,NULL,0,0,'Mollitia eius ipsam esse sequi est.','Commodi ipsum accusamus dolore nulla aut velit nostrum.','2013-12-12 23:43:10','2013-12-12 23:43:10'),(156,'Model','Gorczany-Kuhlman','Rustic Rubber Shoes','137','Eveniet qui odio dolorum earum et.','Cupiditate aperiam in eum nihil esse.',NULL,NULL,0,0,'Saepe repudiandae rerum sapiente blanditiis eaque sint non.','Quia laudantium necessitatibus molestias odit iusto quis aut.','2013-12-12 23:43:10','2013-12-12 23:43:10'),(157,'Model','Cole, Runte and Ryan','Rustic Rubber Table','138','Est exercitationem quos qui.','Commodi soluta animi aut reiciendis.',NULL,NULL,3,0,'Facere iure dicta libero voluptas aut veritatis.','Sapiente assumenda eum et est qui.','2013-12-12 23:43:10','2013-12-12 23:43:10'),(158,'Model','McCullough-Fritsch','Gorgeous Concrete Chair','139','A iusto consequatur est modi.','Est voluptas facere sit qui rerum ipsam dolor.',NULL,NULL,1,0,'Ad officia modi aut.','Vero fugit debitis fuga tempora repellat.','2013-12-05 23:43:10','2013-12-05 23:43:10'),(159,'Model','Funk Group','Incredible Plastic Pants','140','Eum qui qui dolores et qui magnam neque necessitatibus.','Voluptatibus dolorem et incidunt cum omnis autem est.',NULL,NULL,0,0,'Deleniti nulla voluptatem non totam est.','Iusto non ex et rerum.','2013-12-05 23:43:10','2013-12-05 23:43:10'),(160,'Model','Kutch, Hermiston and Prohaska','Practical Rubber Table','141','Occaecati est quo eum minima.','Adipisci expedita quae quam quas ipsam.',NULL,NULL,1,0,'Aut commodi vitae fugit vel quae et.','Illo totam velit maiores at.','2013-12-05 23:43:10','2013-12-05 23:43:10'),(161,'Model','Nitzsche-Mills','Intelligent Concrete Car','142','Non laborum dolorum voluptatem atque temporibus deleniti velit.','Modi cum molestiae eos.',NULL,NULL,3,0,'Facilis illum eos et provident omnis nostrum.','Corrupti ut tempora voluptas cum.','2013-12-10 23:43:10','2013-12-10 23:43:10'),(162,'Model','Oberbrunner, Haag and Bradtke','Gorgeous Plastic Computer','143','Sint minus fugit id sapiente qui.','Hic quae cum a sunt numquam eum earum.',NULL,NULL,0,0,'Ducimus aut corrupti ipsa id rerum quibusdam iusto.','Incidunt ab aut enim amet id nulla soluta.','2013-12-10 23:43:10','2013-12-10 23:43:10'),(163,'Model','Satterfield-Mann','Awesome Plastic Pants','144','Corporis voluptatem quis perferendis veritatis.','Adipisci temporibus eum et recusandae aut deserunt saepe facilis.',NULL,NULL,3,0,'Ea inventore doloribus accusamus.','Vel quas corrupti quisquam velit.','2013-12-10 23:43:10','2013-12-10 23:43:10'),(164,'Model','Wehner Group','Rustic Granite Computer','145','Aut sit eos ut dolores et voluptatibus vitae.','Assumenda adipisci iusto quis qui non eos quisquam.',NULL,NULL,1,0,'Adipisci illum et et corrupti recusandae quas.','Saepe omnis illum eius qui.','2013-12-10 23:43:10','2013-12-10 23:43:10'),(165,'Model','Gutkowski LLC','Fantastic Plastic Computer','146','Asperiores sed recusandae qui.','Reiciendis reprehenderit hic mollitia.',NULL,NULL,3,0,'Dolores assumenda qui doloribus quas.','Officiis et occaecati sed odit.','2013-12-10 23:43:10','2013-12-10 23:43:10'),(166,'Model','Grady and Sons','Intelligent Wooden Car','147','Soluta harum rerum cumque ullam ipsam magnam velit.','Neque quidem et laudantium ea voluptate.',NULL,NULL,3,0,'Eligendi est impedit et.','Ipsam aperiam totam est cum.','2013-12-12 23:43:10','2013-12-12 23:43:10'),(167,'Model','Bosco, Kulas and Mills','Sleek Rubber Gloves','148','Minus fugiat id est voluptatibus ex provident.','Aut consectetur minima quia quaerat quisquam.',NULL,NULL,3,0,'Sunt quisquam minus sed modi perferendis exercitationem reiciendis.','Est et expedita libero illo.','2013-12-12 23:43:10','2013-12-12 23:43:10'),(168,'Model','Okuneva-Skiles','Gorgeous Concrete Pants','149','Mollitia similique rerum aut aut.','Assumenda tempore rerum magnam et ducimus voluptate sed.',NULL,NULL,3,0,'Necessitatibus velit in consequatur cupiditate est est.','Molestiae dolor consectetur corrupti dolorum in odit magnam consequatur.','2013-12-12 23:43:10','2013-12-12 23:43:10'),(169,'Model','Predovic LLC','Incredible Granite Hat','150','Maxime nobis cupiditate ut eaque.','Praesentium nulla mollitia omnis magnam animi.',NULL,NULL,0,0,'Dolorem esse aut rem.','Fugiat nesciunt quis voluptas autem.','2013-12-12 23:43:10','2013-12-12 23:43:10'),(170,'Model','Hagenes, Senger and Lakin','Fantastic Cotton Car','151','Praesentium sapiente sunt laborum exercitationem labore incidunt.','Quam eius harum ipsam.',NULL,NULL,2,0,'Aut est ea rerum quis quis quae qui dolor.','Saepe vel nam atque est quisquam dignissimos.','2013-12-12 23:43:10','2013-12-12 23:43:10'),(171,'Model','Ortiz Inc','Practical Cotton Shirt','152','Placeat aut sed dolorem.','Tempora optio consequatur ad iste impedit.',NULL,NULL,3,0,'Dignissimos omnis voluptatem laudantium.','Ratione debitis in commodi ut esse numquam nostrum.','2013-12-12 23:43:10','2013-12-12 23:43:10'),(172,'Model','Goldner, Douglas and Wuckert','Awesome Plastic Shirt','153','Est eos temporibus at iste quibusdam qui.','Occaecati voluptatibus et in autem animi non.',NULL,NULL,0,0,'Nihil explicabo maiores quia.','Aspernatur amet asperiores repudiandae saepe minus quo dolorum est.','2013-12-12 23:43:10','2013-12-12 23:43:10'),(173,'Model','Harber, Balistreri and Ziemann','Practical Rubber Shoes','154','Aperiam praesentium vitae quos architecto dolorem eum ipsum.','Iure et dolorum dolor.',NULL,NULL,2,0,'Accusamus delectus culpa eveniet quis corrupti ut.','Alias accusantium temporibus voluptatem quasi.','2013-12-12 23:43:10','2013-12-12 23:43:10'),(174,'Model','Nienow, Brekke and White','Intelligent Granite Gloves','155','Ducimus dicta quaerat natus eius veritatis ex.','Exercitationem necessitatibus corporis fuga ducimus sapiente.',NULL,NULL,0,0,'A libero ut vel repellendus consequatur odit sed exercitationem.','Id explicabo magnam quod consequatur hic est.','2013-12-12 23:43:10','2013-12-12 23:43:10'),(175,'Model','Bartell-Kertzmann','Fantastic Plastic Shoes','156','Nam aut iusto eveniet repellendus qui eaque.','Veritatis eum ipsam nulla adipisci.',NULL,NULL,2,0,'Quisquam illum doloribus fuga quibusdam quod.','Veniam quasi doloremque assumenda cumque.','2013-12-12 23:43:10','2013-12-12 23:43:10'),(176,'Model','Huels-Durgan','Gorgeous Rubber Hat','157','Et dolor perspiciatis aspernatur aliquam eligendi voluptates.','Est et ipsum doloribus qui.',NULL,NULL,3,0,'Modi quo aut natus sapiente harum praesentium.','Autem nobis architecto voluptas adipisci.','2013-12-12 23:43:10','2013-12-12 23:43:10'),(177,'Model','Graham, O\'Hara and Lebsack','Intelligent Plastic Table','158','Provident aut et laborum sequi quis et illum.','Vero dolorem voluptates amet.',NULL,NULL,1,0,'Ut dicta ipsa iure tempore.','Est ipsum quas assumenda id.','2013-12-12 23:43:10','2013-12-12 23:43:10'),(178,'Model','Robel and Sons','Intelligent Plastic Shoes','159','Totam laboriosam quidem et suscipit exercitationem.','Iure mollitia ut nemo exercitationem.',NULL,NULL,3,0,'Ipsam animi quo dolores et quidem.','Accusamus pariatur itaque architecto neque quidem qui.','2013-12-12 23:43:10','2013-12-12 23:43:10'),(179,'Model','Torphy LLC','Incredible Cotton Computer','160','Impedit accusamus ut natus.','Ipsam nostrum commodi nesciunt quae qui ut perferendis odio.',NULL,NULL,0,0,'Nisi necessitatibus minus ab.','Autem dolor sint aspernatur iure expedita.','2013-12-12 23:43:10','2013-12-12 23:43:10'),(180,'Model','Wiza-Kozey','Gorgeous Steel Computer','161','Vero ea accusantium magnam molestiae.','Molestias velit voluptas sint nihil.',NULL,NULL,1,0,'Quaerat blanditiis et accusamus ea architecto molestiae quos quia.','Vitae nulla minima quae aliquid nam quidem quisquam et.','2013-12-12 23:43:10','2013-12-12 23:43:10'),(181,'Model','Rolfson LLC','Practical Cotton Pants','162','Dolorem molestiae enim sunt ut neque maiores deserunt.','Iure ut vero est.',NULL,NULL,2,0,'Veniam aliquid et non illo molestiae necessitatibus.','Omnis rerum vel quidem dignissimos ducimus eaque.','2013-12-12 23:43:10','2013-12-12 23:43:10'),(182,'Model','Orn, Dooley and Koepp','Rustic Rubber Gloves','163','Nihil laudantium facilis veniam reprehenderit.','In voluptate consequuntur sint.',NULL,NULL,2,0,'Et reiciendis placeat fuga molestiae accusamus.','Quia magni maxime voluptates qui quos consequatur.','2013-12-12 23:43:10','2013-12-12 23:43:10'),(183,'Model','Mitchell-Hegmann','Fantastic Concrete Shirt','164','Unde harum consequuntur maxime quasi.','Delectus voluptatem adipisci nam dignissimos nulla debitis sint.',NULL,NULL,2,0,'Consectetur libero iusto quis in ut dolorem praesentium consequatur.','Debitis minima dolor quae possimus repellendus.','2013-12-12 23:43:10','2013-12-12 23:43:10'),(184,'Model','Renner-Fahey','Ergonomic Cotton Hat','165','Rerum qui a eos.','Accusamus adipisci sequi aliquid beatae reiciendis sunt.',NULL,NULL,2,0,'Blanditiis cum voluptas voluptatibus.','Aliquam deleniti et cupiditate placeat cumque.','2013-12-12 23:43:10','2013-12-12 23:43:10'),(185,'Model','Runolfsson and Sons','Incredible Cotton Shirt','166','Quaerat maxime eos quisquam sit dolores.','Quos occaecati enim voluptatem rerum laudantium non.',NULL,NULL,3,0,'Asperiores assumenda ut adipisci fugit velit natus odio.','Eligendi sunt omnis voluptas laboriosam est consequatur debitis.','2013-12-12 23:43:10','2013-12-12 23:43:10'),(186,'Model','Lakin-Kuphal','Sleek Rubber Car','167','Iure excepturi dolores reprehenderit esse quis corporis sed illum.','Quasi dolorem aut consectetur sint reprehenderit dolore.',NULL,NULL,2,0,'Porro sint aperiam optio.','Quia dicta quam impedit.','2013-12-12 23:43:10','2013-12-12 23:43:10'),(187,'Model','Walter, Halvorson and Reynolds','Small Steel Table','168','Voluptatem soluta qui sapiente ipsa sunt quas qui corporis.','Est cumque veniam omnis incidunt.',NULL,NULL,0,0,'Occaecati aperiam aut quis nam hic dolorem molestias enim.','Totam veniam nam distinctio sed pariatur.','2013-12-12 23:43:10','2013-12-12 23:43:10'),(188,'Model','Toy, Heaney and Mann','Awesome Plastic Gloves','169','Nihil earum mollitia excepturi consequuntur sit et quia.','Consectetur hic rem voluptatem.',NULL,NULL,2,0,'Consequatur quia beatae aut libero.','Sint atque alias modi possimus suscipit rem.','2013-12-12 23:43:10','2013-12-12 23:43:10'),(189,'Model','Klocko-White','Incredible Plastic Hat','170','Nulla nemo possimus excepturi veniam eum.','Temporibus eligendi sunt distinctio sed.',NULL,NULL,3,0,'Architecto harum soluta dignissimos iure eligendi alias.','Et animi dicta earum blanditiis ut nihil voluptates reiciendis.','2013-12-12 23:43:10','2013-12-12 23:43:10'),(190,'Model','Cole Inc','Gorgeous Rubber Shoes','171','Est fugit tempore debitis aut facere.','Hic itaque qui sapiente nemo tempora quod similique cumque.',NULL,NULL,0,0,'Qui dolore voluptatem ratione.','Velit illum ea alias.','2013-12-12 23:43:10','2013-12-12 23:43:10'),(191,'Model','Hansen Group','Awesome Granite Shirt','172','Rerum rerum quam porro sapiente blanditiis eos.','Magni reiciendis explicabo aut et.',NULL,NULL,1,0,'Nobis sint cumque quidem sunt nihil sequi molestias saepe.','Dicta quia libero qui voluptate est sint.','2013-12-12 23:43:10','2013-12-12 23:43:10'),(192,'Model','Langosh LLC','Awesome Granite Shoes','173','Placeat deleniti repellat reprehenderit.','Deserunt qui labore ut.',NULL,NULL,1,0,'Explicabo mollitia occaecati dolore ea facere dolorem.','Qui dignissimos iusto ducimus vel ab.','2013-12-12 23:43:10','2013-12-12 23:43:10'),(193,'Model','Blick LLC','Incredible Cotton Chair','174','Perspiciatis similique iusto sunt sit quia animi.','Maxime quasi repudiandae sunt officia.',NULL,NULL,2,0,'Debitis et quod nam aliquam cupiditate pariatur.','Mollitia atque dolor unde eum sit nobis vel doloremque.','2013-12-12 23:43:10','2013-12-12 23:43:10'),(194,'Model','Leuschke, Thiel and Carter','Rustic Steel Table','175','Atque qui rerum modi minima facilis ab est dolores.','Vitae optio consectetur omnis blanditiis accusantium atque.',NULL,NULL,3,0,'Quisquam aut facere id quaerat laboriosam reiciendis est.','Tempore qui possimus libero id quis accusantium id.','2013-12-12 23:43:10','2013-12-12 23:43:10'),(195,'Model','Volkman-Zemlak','Small Steel Hat','176','Ut inventore et eaque rerum aut et.','Omnis deserunt excepturi repudiandae inventore porro.',NULL,NULL,3,0,'Velit distinctio officia consequatur ut et et repellendus et.','Rerum est error assumenda.','2013-12-12 23:43:10','2013-12-12 23:43:10'),(196,'Model','Schmitt Inc','Ergonomic Granite Car','177','Veritatis dicta necessitatibus provident omnis laudantium sit velit.','Ullam nulla debitis consequuntur dolorem occaecati.',NULL,NULL,1,0,'Labore commodi libero et provident iure.','Qui id ratione excepturi tempore molestiae.','2013-12-12 23:43:10','2013-12-12 23:43:10'),(197,'Model','Hagenes LLC','Practical Steel Car','178','Iste odit ipsum saepe nisi eum quo qui animi.','Ducimus ratione cumque nulla quas architecto magni explicabo.',NULL,NULL,2,0,'Modi nihil illo occaecati libero cumque velit asperiores exercitationem.','Voluptatem ea molestiae dolores eos.','2013-12-12 23:43:10','2013-12-12 23:43:10'),(198,'Model','Schuster-Mann','Rustic Plastic Gloves','179','Rem harum iure quia autem necessitatibus officia voluptates ea.','Quaerat cum distinctio fugiat est.',NULL,NULL,0,0,'Commodi et aut optio reiciendis dolores aut totam doloribus.','Vel ipsam fuga possimus non.','2013-12-12 23:43:10','2013-12-12 23:43:10'),(199,'Model','Schmidt, Thiel and Moore','Ergonomic Granite Gloves','180','Necessitatibus odio et eius non voluptatem quaerat eum excepturi.','Consequuntur pariatur suscipit rerum enim placeat rerum quod necessitatibus.',NULL,NULL,1,0,'Totam non ab id qui.','Et iste laboriosam voluptatem ut.','2013-12-12 23:43:10','2013-12-12 23:43:10'),(200,'Model','Corwin-Abernathy','Incredible Granite Gloves','181','Est itaque placeat est.','Ducimus quod aut facere qui.',NULL,NULL,1,0,'Quidem ea nesciunt necessitatibus debitis.','Quis aliquid modi aut dolorum ut qui illum.','2013-12-12 23:43:10','2013-12-12 23:43:10'),(201,'Model','McGlynn Group','Rustic Cotton Chair','182','Maiores enim ipsam architecto atque.','Sit accusamus dolor ea molestias enim aut fuga asperiores.',NULL,NULL,3,0,'Alias eaque ut nulla.','Assumenda illum molestiae ut et temporibus quibusdam quis.','2013-12-12 23:43:10','2013-12-12 23:43:10'),(202,'Model','Feest and Sons','Gorgeous Cotton Chair','183','Voluptatem enim repellendus ipsum aspernatur.','Blanditiis qui quidem explicabo modi aspernatur.',NULL,NULL,0,0,'Illum pariatur officia et.','Exercitationem culpa porro ut quam magni.','2013-12-12 23:43:10','2013-12-12 23:43:10'),(203,'Model','Luettgen and Sons','Incredible Granite Shirt','184','Necessitatibus sequi voluptatem a molestiae itaque culpa debitis qui.','Vero eos aperiam dolore adipisci est minus sed.',NULL,NULL,1,0,'Sint modi fugit et repellat aliquam.','Dolor dignissimos eum qui quos cum.','2013-12-12 23:43:10','2013-12-12 23:43:10'),(204,'Model','Kling Inc','Intelligent Wooden Table','185','Iure omnis aliquam quis aut.','Commodi sint tempore dolorum et doloribus repudiandae.',NULL,NULL,0,0,'Est et labore iste voluptatem sapiente consequuntur et.','Consectetur et est ipsam repudiandae rem voluptatem et perferendis.','2013-12-12 23:43:10','2013-12-12 23:43:10'),(205,'Model','Hettinger-Adams','Intelligent Cotton Shirt','186','Molestiae ab repudiandae voluptatibus non fugiat cum et nesciunt.','Velit deserunt voluptatibus ipsa.',NULL,NULL,3,0,'Voluptatem quaerat voluptatibus animi sit numquam possimus hic molestiae.','Non quia ab tempore atque porro rerum.','2013-12-12 23:43:10','2013-12-12 23:43:10'),(206,'Model','Breitenberg Group','Small Granite Shirt','187','Voluptas minima id quasi.','Sed atque reiciendis id qui aut numquam quam repudiandae.',NULL,NULL,2,0,'Aliquid quisquam ex eligendi porro aut.','Consequatur dolor ut sunt esse aspernatur.','2013-12-12 23:43:10','2013-12-12 23:43:10'),(207,'Model','Jacobs and Sons','Ergonomic Wooden Table','188','Ut numquam sed repellat in.','Odit et rerum quia quasi.',NULL,NULL,3,0,'Adipisci in dicta aut.','Voluptatum vitae aut dolores.','2013-12-12 23:43:10','2013-12-12 23:43:10'),(208,'Model','Marquardt, Morar and Volkman','Small Rubber Chair','189','Aut libero voluptates quos in quasi dolores veritatis et.','Mollitia laboriosam culpa dicta a nam.',NULL,NULL,0,0,'Expedita doloremque eos dolor omnis velit voluptate.','Nam magnam nihil quia eos molestias et.','2013-12-12 23:43:10','2013-12-12 23:43:10'),(209,'Model','Littel Inc','Awesome Steel Gloves','190','Ut officia dolor rerum cum quis voluptatem ipsa.','Ab voluptatibus labore a.',NULL,NULL,0,0,'Tenetur doloremque minus nulla.','Nisi id vero minima.','2013-12-12 23:43:10','2013-12-12 23:43:10'),(210,'Model','Quitzon LLC','Incredible Steel Gloves','191','Nulla non consequuntur eos eos beatae facere.','Aut quas iusto sint quo.',NULL,NULL,2,0,'Officiis aliquam eos eum deleniti quia sint.','Eos quisquam ducimus omnis accusantium eos ipsum.','2013-12-12 23:43:10','2013-12-12 23:43:10'),(211,'Model','Emard, Howe and Wiegand','Incredible Steel Hat','192','Iure non est ratione sequi.','Non modi nesciunt in voluptates aperiam voluptatem ratione ipsa.',NULL,NULL,3,0,'Id qui omnis quia illo et quod porro.','Ex delectus et voluptatem provident ipsam.','2013-12-12 23:43:10','2013-12-12 23:43:10'),(212,'Model','Rempel Group','Intelligent Wooden Gloves','193','Et sunt repellendus et alias molestiae.','Exercitationem labore aperiam minima et voluptatibus corporis temporibus ea.',NULL,NULL,0,0,'Aliquam consequatur ut voluptatem reiciendis magnam id dolorem.','Maxime vel vel natus dolores nihil quo laborum recusandae.','2013-12-12 23:43:10','2013-12-12 23:43:10'),(213,'Model','Bode Group','Rustic Wooden Hat','194','Iusto explicabo animi et sed expedita unde.','Magni sit id laudantium enim quod repellendus natus expedita.',NULL,NULL,0,0,'Possimus at aliquid illo dolores iure et.','Ipsum et consequatur quia nemo molestias voluptatem sit.','2013-12-12 23:43:10','2013-12-12 23:43:10'),(214,'Model','Bahringer-Schuster','Sleek Steel Computer','195','Cum non nesciunt aut voluptates sunt quae explicabo.','Doloribus sed velit et officiis enim ea sapiente.',NULL,NULL,3,0,'Eum eum vel dolores dolores.','Id excepturi nemo dignissimos.','2013-12-12 23:43:10','2013-12-12 23:43:10'),(215,'Model','Purdy and Sons','Incredible Plastic Computer','196','Alias est vero odit ea reprehenderit sint quibusdam enim.','Veniam pariatur eos totam.',NULL,NULL,0,0,'Nihil aspernatur nisi consequatur.','Optio totam quidem assumenda sit.','2013-12-12 23:43:10','2013-12-12 23:43:10'),(216,'Model','Legros Inc','Small Plastic Pants','197','Asperiores deserunt magnam sequi ut maxime.','Et quibusdam qui est consequatur quia.',NULL,NULL,3,0,'Repudiandae natus eos sit qui.','Adipisci quibusdam nisi occaecati et repellendus.','2013-12-12 23:43:10','2013-12-12 23:43:10'),(217,'Model','Hermann Inc','Small Steel Chair','198','Sapiente nihil sunt voluptates est omnis.','In harum necessitatibus cum laboriosam sed provident.',NULL,NULL,0,0,'Omnis possimus quam eius iste dolores temporibus rerum expedita.','Odit tenetur minima ut praesentium mollitia tempore facere.','2013-12-12 23:43:10','2013-12-12 23:43:10'),(218,'Model','Collins-Gerlach','Intelligent Plastic Car','199','Minima nihil iste in doloribus.','In delectus praesentium expedita deleniti quas.',NULL,NULL,2,0,'Et eum vel exercitationem temporibus consequuntur.','Omnis vero unde voluptas asperiores dolor nam.','2013-12-12 23:43:10','2013-12-12 23:43:10'),(219,'Model','Hirthe-Gleichner','Ergonomic Rubber Chair','200','Consequatur sit rerum aut officia officiis.','Minima facere voluptatem qui quia pariatur veritatis dicta numquam.',NULL,NULL,3,0,'Saepe eum optio impedit atque odio earum.','Dolorem temporibus illum minima.','2013-12-12 23:43:10','2013-12-12 23:43:10'),(220,'Model','Boehm-Mitchell','Awesome Plastic Table','201','Modi aspernatur architecto libero non et.','Recusandae in corrupti omnis.',NULL,NULL,2,0,'Qui minima provident vero est nisi.','Sunt ut aut odio odit quidem amet ipsum.','2013-12-08 23:43:10','2013-12-08 23:43:10'),(221,'Model','O\'Keefe-McLaughlin','Practical Concrete Hat','202','Dolores vel voluptatibus aspernatur placeat fugit.','Laudantium ad sed saepe et ut nostrum.',NULL,NULL,2,0,'Incidunt non praesentium hic totam assumenda ex mollitia.','Molestias vero omnis ullam eos quis modi qui consequatur.','2013-12-08 23:43:10','2013-12-08 23:43:10'),(222,'Model','Schroeder-Padberg','Sleek Steel Shirt','203','Inventore sit doloribus blanditiis eaque.','Pariatur officia voluptatum laudantium rerum dolores.',NULL,NULL,0,0,'Temporibus ea maxime autem ea earum.','Et voluptatem voluptas temporibus sed accusamus aspernatur deserunt tenetur.','2013-12-08 23:43:10','2013-12-08 23:43:10'),(223,'Model','Wintheiser, Jones and Larkin','Intelligent Granite Car','204','Similique voluptatem quia mollitia omnis consequuntur.','Excepturi hic quaerat culpa dolore rerum.',NULL,NULL,2,0,'Cumque aut totam voluptates tempora aut vel minus.','Voluptatem tempora facilis nesciunt amet magni nostrum.','2013-12-08 23:43:10','2013-12-08 23:43:10'),(224,'Model','Gottlieb-Heller','Fantastic Wooden Chair','205','Autem et libero dolorum rem ipsa.','Aspernatur est est laudantium quia.',NULL,NULL,1,0,'Sequi et distinctio dolor.','Magnam tenetur ad ut consequatur laboriosam.','2013-12-08 23:43:10','2013-12-08 23:43:10'),(225,'Model','Towne-Lang','Practical Plastic Gloves','206','In odit quasi voluptas deleniti doloremque.','Sunt consequatur deserunt corporis et voluptate aperiam.',NULL,NULL,0,0,'Quos deleniti molestiae eius.','Aut molestias dolorem omnis.','2013-12-12 23:43:10','2013-12-12 23:43:10'),(226,'Software','Kiehn, Marvin and Haley','Practical Rubber Computer','208',NULL,NULL,NULL,NULL,0,0,NULL,NULL,'2013-12-12 23:43:10','2013-12-12 23:43:10'),(227,'Model','Satterfield, Fay and Graham','Rustic Granite Chair','209','Officiis temporibus id soluta asperiores voluptatum maxime.','Laudantium blanditiis fugit aspernatur.',NULL,NULL,1,0,'Recusandae consequatur commodi laboriosam ut.','Assumenda officiis sit ut iure facere.','2013-12-07 23:43:10','2013-12-07 23:43:10'),(228,'Model','Marvin, Davis and Zieme','Awesome Steel Pants','211','Eos earum ipsa omnis quasi eaque voluptatem quam.','Nemo ut non aut quae deleniti consequatur a.',NULL,NULL,1,0,'Temporibus tempore tempora laborum eaque architecto est dolore.','Officia aut alias et aliquid incidunt.','2013-12-12 23:43:10','2013-12-12 23:43:10'),(229,'Software','Steuber Group','Small Plastic Shirt','212',NULL,NULL,NULL,NULL,0,0,NULL,NULL,'2013-12-12 23:43:10','2013-12-12 23:43:10'),(230,'Model','Christiansen, Skiles and Bashirian','Fantastic Rubber Car','213','Qui aspernatur corrupti nemo tempore est.','Fugiat occaecati quia itaque.',NULL,NULL,0,0,'Iusto aperiam quae placeat modi.','Eos et quis eum eligendi.','2013-12-12 23:43:10','2013-12-12 23:43:10'),(231,'Model','Feest-Hamill','Rustic Steel Hat','215','Nihil magni quis nemo repudiandae doloremque veniam recusandae.','Aut ad corporis est ratione iusto asperiores quaerat minus.',NULL,NULL,3,0,'Rerum nisi dicta dolorum officiis dolor et laboriosam.','Qui aperiam dicta eos modi necessitatibus eos inventore.','2013-12-12 23:43:10','2013-12-12 23:43:10'),(232,'Model','Romaguera Group','Awesome Rubber Shoes','216','Maiores odio qui sunt minima harum.','Nam aut tenetur dignissimos qui est aspernatur aliquid voluptatibus.',NULL,NULL,0,0,'Officia numquam aut voluptates deleniti voluptas temporibus voluptatem.','Maiores est sed facilis est iure qui.','2013-12-12 23:43:10','2013-12-12 23:43:10'),(233,'Model','Jast, Towne and Koss','Small Steel Computer','217','Est porro fugit quia.','Aperiam facilis cupiditate qui a aut amet placeat aut.',NULL,NULL,0,0,'Et vitae ea quas quo minus neque dolorem.','Illum nam error natus a accusantium iusto ad.','2013-12-12 23:43:10','2013-12-12 23:43:10'),(234,'Model','Morissette-Wehner','Fantastic Steel Hat','218','Omnis laudantium et officiis iste eos soluta et.','Officia asperiores nulla aut deleniti quasi sed ipsa facilis.',NULL,NULL,3,0,'Magni ex a sed vel dolores eligendi.','Harum ut minus exercitationem.','2013-12-12 23:43:10','2013-12-12 23:43:10'),(235,'Model','Emmerich, Keebler and McDermott','Practical Rubber Hat','219','Id facere cumque in atque voluptatem possimus.','Et dolor quis voluptatem.',NULL,NULL,2,0,'Voluptatum velit sed dolorem.','Aut voluptates quidem aut doloremque blanditiis.','2013-12-12 23:43:10','2013-12-12 23:43:10'),(236,'Model','Corwin, Gaylord and Champlin','Gorgeous Concrete Computer','220','Vero quis officia aperiam nobis odit dolorem provident.','Quod velit rerum reiciendis rerum.',NULL,NULL,1,0,'Inventore itaque dolores labore quo voluptatibus et.','Veniam omnis aut autem sit maiores quas perspiciatis.','2013-12-12 23:43:10','2013-12-12 23:43:10'),(237,'Model','Roberts, Tromp and Bergstrom','Practical Cotton Gloves','221','Sunt voluptatum unde autem inventore nam quos fugit.','Quam sunt quis et aut voluptas.',NULL,NULL,1,0,'Necessitatibus voluptatem porro officia repudiandae placeat.','Fuga non rerum dolores natus iusto ducimus.','2013-12-12 23:43:10','2013-12-12 23:43:10'),(238,'Model','Davis, Wiza and Graham','Sleek Plastic Gloves','222','Consequatur molestiae repellendus enim est.','Maiores id occaecati non harum possimus.',NULL,NULL,1,0,'Enim qui consequatur libero labore nihil.','Harum culpa autem nihil tenetur vero.','2013-12-12 23:43:10','2013-12-12 23:43:10'),(239,'Model','Will-Sanford','Ergonomic Steel Table','223','Sint cumque provident quasi sunt.','Suscipit quis esse sunt aut nemo doloribus eos.',NULL,NULL,2,0,'Eius placeat quas vel corrupti.','Qui et quidem velit repellat officiis.','2013-12-12 23:43:10','2013-12-12 23:43:10'),(240,'Model','Beier-Herzog','Practical Granite Gloves','224','Qui aut voluptatem non perferendis consequatur similique corrupti.','Molestiae ea debitis ullam voluptates nemo modi.',NULL,NULL,1,0,'Ipsum eos et sit assumenda.','Enim suscipit qui eum neque omnis blanditiis perspiciatis.','2013-12-12 23:43:10','2013-12-12 23:43:10'),(241,'Model','Hansen-Heaney','Fantastic Granite Pants','225','Aliquam ratione voluptatem reiciendis consequuntur nam non.','Autem ut rem enim.',NULL,NULL,1,0,'Eius exercitationem veniam aut fugiat enim ratione voluptas.','Voluptas eaque voluptatem consequuntur quibusdam sapiente neque deleniti rerum.','2013-12-12 23:43:10','2013-12-12 23:43:10'),(242,'Model','Johns-Schoen','Awesome Granite Car','226','Eos a possimus nesciunt in earum minima.','Dolorem nam qui perferendis nisi.',NULL,NULL,2,0,'Occaecati id tempore doloremque dolor.','Sit nobis ut maxime.','2013-12-12 23:43:10','2013-12-12 23:43:10'),(243,'Model','Marks, Bashirian and Kuvalis','Fantastic Wooden Computer','227','Quis quam cupiditate sed aut.','Delectus facilis dicta aut suscipit sit.',NULL,NULL,0,0,'Quos eos ea blanditiis.','Quis vel non dolorem ut.','2013-12-12 23:43:10','2013-12-12 23:43:10'),(244,'Model','Kulas-Corkery','Gorgeous Granite Pants','228','In ut architecto id possimus.','Vero et ea at est magni.',NULL,NULL,1,0,'Dolore quia aliquam quia.','Unde necessitatibus aut eaque mollitia neque delectus quidem magni.','2013-12-12 23:43:10','2013-12-12 23:43:10'),(245,'Model','O\'Kon Inc','Incredible Concrete Car','229','Laborum et est rerum.','Pariatur dolores voluptatem laudantium aperiam.',NULL,NULL,2,0,'Quis dolor ab enim voluptas.','Quis autem placeat nam exercitationem.','2013-12-12 23:43:10','2013-12-12 23:43:10'),(246,'Model','Hirthe Group','Sleek Plastic Hat','230','Distinctio eveniet quis omnis.','Praesentium commodi animi corporis qui quis.',NULL,NULL,2,0,'Rem adipisci perspiciatis molestiae neque.','Molestias velit esse officia dolores in.','2013-12-12 23:43:10','2013-12-12 23:43:10'),(247,'Model','Hansen and Sons','Intelligent Concrete Pants','231','Aut soluta fugit numquam voluptas.','Quibusdam voluptatem laborum eveniet ut.',NULL,NULL,0,0,'Et sapiente labore repudiandae et a est sit.','Eum quo velit perspiciatis non nesciunt rem ullam.','2013-12-12 23:43:10','2013-12-12 23:43:10'),(248,'Model','Grady-Koss','Gorgeous Cotton Hat','232','Voluptas voluptatem aut fugit quasi iusto consequuntur aliquam autem.','Perspiciatis voluptas tenetur corporis mollitia.',NULL,NULL,3,0,'Consequuntur quidem laborum autem ipsum dignissimos occaecati quis totam.','Ipsa et et hic est sit.','2013-12-12 23:43:10','2013-12-12 23:43:10'),(249,'Model','Howe Group','Gorgeous Plastic Gloves','233','Doloremque laudantium qui provident.','Et repellendus consequatur in aspernatur.',NULL,NULL,3,0,'Dolores qui nihil doloribus officia vel aspernatur architecto unde.','Aperiam rerum voluptatem quasi quia.','2013-12-12 23:43:10','2013-12-12 23:43:10'),(250,'Model','Pacocha and Sons','Awesome Wooden Computer','234','Quibusdam et qui unde est voluptatem qui.','Qui voluptatem in laudantium assumenda consequatur voluptates sed quia.',NULL,NULL,0,0,'Voluptas et harum aliquid.','Libero dolorem voluptatibus temporibus.','2013-12-07 23:43:10','2013-12-07 23:43:10'),(251,'Model','Kovacek, Jenkins and Bosco','Small Steel Car','235','Ipsa molestiae dolores deserunt soluta nisi recusandae voluptatem.','Veritatis enim eum aut pariatur at ipsum.',NULL,NULL,1,0,'Aliquid maiores quisquam praesentium rerum.','Ut magni sed voluptas eos corporis aliquid atque.','2013-12-07 23:43:10','2013-12-07 23:43:10'),(252,'Model','Ryan-Schiller','Practical Steel Hat','236','Nemo molestiae sapiente et porro error qui iusto et.','Deleniti mollitia nam repellat aut tempora impedit.',NULL,NULL,2,0,'Sit est itaque reprehenderit et natus et porro.','Facere accusantium illum sed est ipsam cupiditate.','2013-12-07 23:43:10','2013-12-07 23:43:10'),(253,'Model','Abshire, Barrows and Greenholt','Practical Concrete Shirt','237','Et deserunt fugit assumenda aut vitae.','Eveniet omnis consequatur voluptates.',NULL,NULL,0,0,'Quos et rerum fugiat et magnam.','Repellendus assumenda doloribus magni reiciendis explicabo ut.','2013-12-07 23:43:10','2013-12-07 23:43:10'),(254,'Model','Kuhic LLC','Intelligent Steel Car','238','Quas ea ex atque rerum quis dicta numquam.','Itaque dolorem culpa voluptas dolore nihil amet.',NULL,NULL,3,0,'Doloremque qui odio perspiciatis id magnam expedita a voluptates.','Aut aliquid ut qui.','2013-12-05 23:43:10','2013-12-05 23:43:10'),(255,'Model','Bogisich, McKenzie and Kirlin','Sleek Granite Pants','239','Consequuntur consequatur doloribus incidunt cupiditate et voluptas.','Explicabo sed autem dolorem sequi odio sed voluptate.',NULL,NULL,3,0,'Ut et iusto et iste et est.','Autem est aut fugit.','2013-12-05 23:43:10','2013-12-05 23:43:10'),(256,'Model','Ortiz and Sons','Awesome Granite Table','240','Ab unde et est laborum impedit qui.','Quas eos minus qui voluptatem adipisci optio.',NULL,NULL,3,0,'Numquam quos et ipsa eos harum maiores.','Nobis ex quod labore qui dolor occaecati.','2013-12-05 23:43:10','2013-12-05 23:43:10');
/*!40000 ALTER TABLE `models` ENABLE KEYS */;
UNLOCK TABLES;

--
-- Table structure for table `models_compatibles`
--

DROP TABLE IF EXISTS `models_compatibles`;
/*!40101 SET @saved_cs_client     = @@character_set_client */;
/*!40101 SET character_set_client = utf8 */;
CREATE TABLE `models_compatibles` (
  `model_id` int(11) DEFAULT NULL,
  `compatible_id` int(11) DEFAULT NULL,
  KEY `index_models_compatibles_on_compatible_id` (`compatible_id`),
  KEY `index_models_compatibles_on_model_id` (`model_id`),
  CONSTRAINT `models_compatibles_compatible_id_fk` FOREIGN KEY (`compatible_id`) REFERENCES `models` (`id`),
  CONSTRAINT `models_compatibles_model_id_fk` FOREIGN KEY (`model_id`) REFERENCES `models` (`id`)
) ENGINE=InnoDB DEFAULT CHARSET=utf8 COLLATE=utf8_unicode_ci;
/*!40101 SET character_set_client = @saved_cs_client */;

--
-- Dumping data for table `models_compatibles`
--

LOCK TABLES `models_compatibles` WRITE;
/*!40000 ALTER TABLE `models_compatibles` DISABLE KEYS */;
INSERT INTO `models_compatibles` VALUES (15,14),(16,14),(17,14);
/*!40000 ALTER TABLE `models_compatibles` ENABLE KEYS */;
UNLOCK TABLES;

--
-- Table structure for table `notifications`
--

DROP TABLE IF EXISTS `notifications`;
/*!40101 SET @saved_cs_client     = @@character_set_client */;
/*!40101 SET character_set_client = utf8 */;
CREATE TABLE `notifications` (
  `id` int(11) NOT NULL AUTO_INCREMENT,
  `user_id` int(11) DEFAULT NULL,
  `title` varchar(255) COLLATE utf8_unicode_ci DEFAULT '',
  `created_at` datetime NOT NULL,
  PRIMARY KEY (`id`),
  KEY `index_notifications_on_user_id` (`user_id`),
  CONSTRAINT `notifications_user_id_fk` FOREIGN KEY (`user_id`) REFERENCES `users` (`id`) ON DELETE CASCADE
) ENGINE=InnoDB DEFAULT CHARSET=utf8 COLLATE=utf8_unicode_ci;
/*!40101 SET character_set_client = @saved_cs_client */;

--
-- Dumping data for table `notifications`
--

LOCK TABLES `notifications` WRITE;
/*!40000 ALTER TABLE `notifications` DISABLE KEYS */;
/*!40000 ALTER TABLE `notifications` ENABLE KEYS */;
UNLOCK TABLES;

--
-- Table structure for table `numerators`
--

DROP TABLE IF EXISTS `numerators`;
/*!40101 SET @saved_cs_client     = @@character_set_client */;
/*!40101 SET character_set_client = utf8 */;
CREATE TABLE `numerators` (
  `id` int(11) NOT NULL AUTO_INCREMENT,
  `item` int(11) DEFAULT NULL,
  PRIMARY KEY (`id`)
) ENGINE=InnoDB DEFAULT CHARSET=utf8 COLLATE=utf8_unicode_ci;
/*!40101 SET character_set_client = @saved_cs_client */;

--
-- Dumping data for table `numerators`
--

LOCK TABLES `numerators` WRITE;
/*!40000 ALTER TABLE `numerators` DISABLE KEYS */;
/*!40000 ALTER TABLE `numerators` ENABLE KEYS */;
UNLOCK TABLES;

--
-- Table structure for table `options`
--

DROP TABLE IF EXISTS `options`;
/*!40101 SET @saved_cs_client     = @@character_set_client */;
/*!40101 SET character_set_client = utf8 */;
CREATE TABLE `options` (
  `id` int(11) NOT NULL AUTO_INCREMENT,
  `inventory_pool_id` int(11) DEFAULT NULL,
  `inventory_code` varchar(255) COLLATE utf8_unicode_ci DEFAULT NULL,
  `manufacturer` varchar(255) COLLATE utf8_unicode_ci DEFAULT NULL,
  `product` varchar(255) COLLATE utf8_unicode_ci NOT NULL,
  `version` varchar(255) COLLATE utf8_unicode_ci DEFAULT NULL,
  `price` decimal(8,2) DEFAULT NULL,
  PRIMARY KEY (`id`),
  KEY `index_options_on_inventory_pool_id` (`inventory_pool_id`),
  CONSTRAINT `options_inventory_pool_id_fk` FOREIGN KEY (`inventory_pool_id`) REFERENCES `inventory_pools` (`id`)
) ENGINE=InnoDB AUTO_INCREMENT=8 DEFAULT CHARSET=utf8 COLLATE=utf8_unicode_ci;
/*!40101 SET character_set_client = @saved_cs_client */;

--
-- Dumping data for table `options`
--

LOCK TABLES `options` WRITE;
/*!40000 ALTER TABLE `options` DISABLE KEYS */;
INSERT INTO `options` VALUES (1,1,'akku-aa',NULL,'Akku AA','86','398.00'),(2,1,'akku-aaa',NULL,'Akku AAA','87','454.00'),(3,1,'usb',NULL,'USB Kabel','88','1010.00'),(4,1,'sandsack123',NULL,'Sandsack','89','285.00'),(5,1,'asp5856',NULL,'Intelligent Steel Chair','207','670.00'),(6,2,'ets6341',NULL,'Practical Rubber Table','210','926.00'),(7,1,'mol2007',NULL,'Intelligent Rubber Pants','214','1374.00');
/*!40000 ALTER TABLE `options` ENABLE KEYS */;
UNLOCK TABLES;

--
-- Table structure for table `partitions`
--

DROP TABLE IF EXISTS `partitions`;
/*!40101 SET @saved_cs_client     = @@character_set_client */;
/*!40101 SET character_set_client = utf8 */;
CREATE TABLE `partitions` (
  `id` int(11) NOT NULL AUTO_INCREMENT,
  `model_id` int(11) DEFAULT NULL,
  `inventory_pool_id` int(11) DEFAULT NULL,
  `group_id` int(11) DEFAULT NULL,
  `quantity` int(11) DEFAULT NULL,
  PRIMARY KEY (`id`),
  UNIQUE KEY `index_partitions_on_model_id_and_inventory_pool_id_and_group_id` (`model_id`,`inventory_pool_id`,`group_id`),
  KEY `partitions_group_id_fk` (`group_id`),
  KEY `partitions_inventory_pool_id_fk` (`inventory_pool_id`),
  CONSTRAINT `partitions_model_id_fk` FOREIGN KEY (`model_id`) REFERENCES `models` (`id`) ON DELETE CASCADE,
  CONSTRAINT `partitions_group_id_fk` FOREIGN KEY (`group_id`) REFERENCES `groups` (`id`),
  CONSTRAINT `partitions_inventory_pool_id_fk` FOREIGN KEY (`inventory_pool_id`) REFERENCES `inventory_pools` (`id`)
) ENGINE=InnoDB AUTO_INCREMENT=11 DEFAULT CHARSET=utf8 COLLATE=utf8_unicode_ci;
/*!40101 SET character_set_client = @saved_cs_client */;

--
-- Dumping data for table `partitions`
--

LOCK TABLES `partitions` WRITE;
/*!40000 ALTER TABLE `partitions` DISABLE KEYS */;
INSERT INTO `partitions` VALUES (1,10,1,4,1),(2,8,1,1,1),(3,8,1,2,1),(4,15,1,1,1),(5,16,1,5,1),(6,17,1,6,1),(7,19,1,7,1),(8,21,1,7,1),(9,20,1,8,1),(10,22,1,10,1);
/*!40000 ALTER TABLE `partitions` ENABLE KEYS */;
UNLOCK TABLES;

--
-- Temporary table structure for view `partitions_with_generals`
--

DROP TABLE IF EXISTS `partitions_with_generals`;
/*!50001 DROP VIEW IF EXISTS `partitions_with_generals`*/;
SET @saved_cs_client     = @@character_set_client;
SET character_set_client = utf8;
/*!50001 CREATE TABLE `partitions_with_generals` (
  `model_id` int(11),
  `inventory_pool_id` int(11),
  `group_id` int(11),
  `quantity` decimal(33,0)
) ENGINE=MyISAM */;
SET character_set_client = @saved_cs_client;

--
-- Table structure for table `properties`
--

DROP TABLE IF EXISTS `properties`;
/*!40101 SET @saved_cs_client     = @@character_set_client */;
/*!40101 SET character_set_client = utf8 */;
CREATE TABLE `properties` (
  `id` int(11) NOT NULL AUTO_INCREMENT,
  `model_id` int(11) DEFAULT NULL,
  `key` varchar(255) COLLATE utf8_unicode_ci DEFAULT NULL,
  `value` varchar(255) COLLATE utf8_unicode_ci DEFAULT NULL,
  PRIMARY KEY (`id`),
  KEY `index_properties_on_model_id` (`model_id`),
  CONSTRAINT `properties_model_id_fk` FOREIGN KEY (`model_id`) REFERENCES `models` (`id`) ON DELETE CASCADE
) ENGINE=InnoDB AUTO_INCREMENT=13 DEFAULT CHARSET=utf8 COLLATE=utf8_unicode_ci;
/*!40101 SET character_set_client = @saved_cs_client */;

--
-- Dumping data for table `properties`
--

LOCK TABLES `properties` WRITE;
/*!40000 ALTER TABLE `properties` DISABLE KEYS */;
INSERT INTO `properties` VALUES (1,15,'Rotordurchmesser','120'),(2,15,'Akkus','2'),(3,15,'Farbe','Rot'),(4,16,'Rotordurchmesser','120'),(5,16,'Akkus','2'),(6,16,'Farbe','Rot'),(7,16,'max. Speed','80 kmh'),(8,16,'Gyro','Ja'),(9,16,'Achsen','3-Achsen'),(10,17,'Rotordurchmesser','120'),(11,17,'Akkus','2'),(12,17,'Farbe','Rot');
/*!40000 ALTER TABLE `properties` ENABLE KEYS */;
UNLOCK TABLES;

--
-- Table structure for table `purposes`
--

DROP TABLE IF EXISTS `purposes`;
/*!40101 SET @saved_cs_client     = @@character_set_client */;
/*!40101 SET character_set_client = utf8 */;
CREATE TABLE `purposes` (
  `id` int(11) NOT NULL AUTO_INCREMENT,
  `description` text COLLATE utf8_unicode_ci,
  PRIMARY KEY (`id`)
) ENGINE=InnoDB AUTO_INCREMENT=73 DEFAULT CHARSET=utf8 COLLATE=utf8_unicode_ci;
/*!40101 SET character_set_client = @saved_cs_client */;

--
-- Dumping data for table `purposes`
--

LOCK TABLES `purposes` WRITE;
/*!40000 ALTER TABLE `purposes` DISABLE KEYS */;
INSERT INTO `purposes` VALUES (1,'Bentige ich fr die Aufnahmen meiner Abschlussarbeit.'),(2,'Bentige ich fr die Aufnahmen meiner Abschlussarbeit.'),(3,'Est occaecati reiciendis consequatur vero.'),(4,'Modi itaque quos qui voluptates nisi dolorem.'),(5,'Reiciendis debitis a amet ut odio.'),(6,'Dolorem minima consequatur occaecati et aut error expedita.'),(7,'Quisquam ullam dolorem voluptatem alias sint est.'),(8,'Ersatzstativ fr die Ausstellung.'),(9,'Ersatzstativ fr die Ausstellung.'),(10,'Ersatzstativ fr die Ausstellung.'),(11,'Ersatzstativ fr die Ausstellung.'),(12,'Ersatzstativ fr die Ausstellung.'),(13,'Ersatzstativ fr die Ausstellung.'),(14,'Ersatzstativ fr die Ausstellung.'),(15,'Ersatzstativ fr die Ausstellung.'),(16,'Ersatzstativ fr die Ausstellung.'),(17,'Ersatzstativ fr die Ausstellung.'),(18,'Fr meinen aktuellen Kurs.'),(19,'Fr meinen aktuellen Kurs.'),(20,'Fr meinen aktuellen Kurs.'),(21,'Fr meinen aktuellen Kurs.'),(22,'Dicta occaecati tenetur et qui nobis.'),(23,'Quia error voluptates tenetur eum illum veritatis inventore nostrum.'),(24,'Doloremque est unde nemo nam non voluptatibus voluptas quasi.'),(25,'Ersatzstativ fr die Ausstellung.'),(26,'Ersatzstativ fr die Ausstellung.'),(27,'Ersatzstativ fr die Ausstellung.'),(28,'Eum et ea quam quaerat quis sit porro.'),(29,'Et numquam nisi rem.'),(30,'Aut sapiente inventore voluptas eius est magni omnis.'),(31,'Possimus ipsa soluta vel voluptas sit.'),(32,'Qui distinctio quo est harum.'),(33,'Voluptas velit quisquam dolor beatae.'),(34,'Amet commodi maiores ut quae praesentium.'),(35,'Quia aut dolorem sunt.'),(36,'Cumque eaque debitis aut ducimus.'),(37,'Sunt incidunt et ut iure.'),(38,'Tenetur veritatis quas et minima ut.'),(39,'Ersatzstativ fr die Ausstellung.'),(40,'Fr das zweite Austellungswochenende.'),(41,'Fr das zweite Austellungswochenende.'),(42,'Fr das dritte Austellungswochenende.'),(43,'Fr die Abschlussarbeit.'),(44,'Ersatzstativ fr die Ausstellung.'),(45,'Ersatzstativ fr die Ausstellung.'),(46,'Ersatzstativ fr die Ausstellung.'),(47,'Bestellung mit Software'),(48,'Bestellung mit Gegenstand ohne Ort'),(49,'Um meine Abschlussarbeit zu fotografieren.'),(50,'Als Ersatz.'),(51,'Doloremque at amet doloribus quos tenetur.'),(52,'Possimus nihil et repellat ducimus velit minima sed.'),(53,'Um meine Abschlussarbeit zu fotografieren.'),(54,'Um meine Abschlussarbeit zu fotografieren.'),(55,'Um meine Abschlussarbeit zu fotografieren.'),(56,'Asperiores eveniet aut itaque sunt facere.'),(57,'Explicabo at facilis ipsam similique voluptatem.'),(58,'Paketausgabe'),(59,'Ersatzstativ fr die Ausstellung.'),(60,'Ersatzstativ fr die Ausstellung.'),(61,'Ganz dringend bentigt fr meine Abschlussarbeit.'),(62,'Um meine Abschlussarbeit zu fotografieren.'),(63,'Um meine Abschlussarbeit zu fotografieren.'),(64,'Fotoshooting (Kurs Fotografie).'),(65,'Brauche ich zwingend fr meinen Kurs.'),(66,'Ut eius expedita et.'),(67,'Doloribus ex soluta odio et.'),(68,'Autem dolorem culpa molestias est.'),(69,'Consequatur quisquam quo itaque sunt corrupti molestiae modi architecto.'),(70,'Molestiae et iure est.'),(71,'Ersatzstativ fr die Ausstellung.'),(72,'Ersatzstativ fr die Ausstellung.');
/*!40000 ALTER TABLE `purposes` ENABLE KEYS */;
UNLOCK TABLES;

--
-- Table structure for table `schema_migrations`
--

DROP TABLE IF EXISTS `schema_migrations`;
/*!40101 SET @saved_cs_client     = @@character_set_client */;
/*!40101 SET character_set_client = utf8 */;
CREATE TABLE `schema_migrations` (
  `version` varchar(255) COLLATE utf8_unicode_ci NOT NULL,
  UNIQUE KEY `unique_schema_migrations` (`version`)
) ENGINE=InnoDB DEFAULT CHARSET=utf8 COLLATE=utf8_unicode_ci;
/*!40101 SET character_set_client = @saved_cs_client */;

--
-- Dumping data for table `schema_migrations`
--

LOCK TABLES `schema_migrations` WRITE;
/*!40000 ALTER TABLE `schema_migrations` DISABLE KEYS */;
INSERT INTO `schema_migrations` VALUES ('20140410180000'),('20140414100000'),('20140415083535'),('20140417113831'),('20140428092844'),('20140515131025'),('20140812132326'),('20140820100242'),('20140828082448'),('20140901141016'),('20140903105715'),('20140905091014'),('20141110113231'),('20141212132127'),('20150113215946'),('20150127203913');
/*!40000 ALTER TABLE `schema_migrations` ENABLE KEYS */;
UNLOCK TABLES;

--
-- Table structure for table `settings`
--

DROP TABLE IF EXISTS `settings`;
/*!40101 SET @saved_cs_client     = @@character_set_client */;
/*!40101 SET character_set_client = utf8 */;
CREATE TABLE `settings` (
  `id` int(11) NOT NULL AUTO_INCREMENT,
  `smtp_address` varchar(255) COLLATE utf8_unicode_ci DEFAULT NULL,
  `smtp_port` int(11) DEFAULT NULL,
  `smtp_domain` varchar(255) COLLATE utf8_unicode_ci DEFAULT NULL,
  `local_currency_string` varchar(255) COLLATE utf8_unicode_ci DEFAULT NULL,
  `contract_terms` text COLLATE utf8_unicode_ci,
  `contract_lending_party_string` text COLLATE utf8_unicode_ci,
  `email_signature` varchar(255) COLLATE utf8_unicode_ci DEFAULT NULL,
  `default_email` varchar(255) COLLATE utf8_unicode_ci DEFAULT NULL,
  `deliver_order_notifications` tinyint(1) DEFAULT NULL,
  `user_image_url` varchar(255) COLLATE utf8_unicode_ci DEFAULT NULL,
  `ldap_config` varchar(255) COLLATE utf8_unicode_ci DEFAULT NULL,
  `logo_url` varchar(255) COLLATE utf8_unicode_ci DEFAULT NULL,
  `mail_delivery_method` varchar(255) COLLATE utf8_unicode_ci DEFAULT NULL,
  `smtp_username` varchar(255) COLLATE utf8_unicode_ci DEFAULT NULL,
  `smtp_password` varchar(255) COLLATE utf8_unicode_ci DEFAULT NULL,
  `smtp_enable_starttls_auto` tinyint(1) NOT NULL DEFAULT '0',
  `smtp_openssl_verify_mode` varchar(255) COLLATE utf8_unicode_ci NOT NULL DEFAULT 'none',
  `time_zone` varchar(255) COLLATE utf8_unicode_ci NOT NULL DEFAULT 'Bern',
  `disable_manage_section` tinyint(1) NOT NULL DEFAULT '0',
  `disable_manage_section_message` text COLLATE utf8_unicode_ci,
  `disable_borrow_section` tinyint(1) NOT NULL DEFAULT '0',
  `disable_borrow_section_message` text COLLATE utf8_unicode_ci,
  `text` text COLLATE utf8_unicode_ci,
  PRIMARY KEY (`id`)
) ENGINE=InnoDB AUTO_INCREMENT=2 DEFAULT CHARSET=utf8 COLLATE=utf8_unicode_ci;
/*!40101 SET character_set_client = @saved_cs_client */;

--
-- Dumping data for table `settings`
--

LOCK TABLES `settings` WRITE;
/*!40000 ALTER TABLE `settings` DISABLE KEYS */;
INSERT INTO `settings` VALUES (1,'smtp.zhdk.ch',25,'beta.ausleihe.zhdk.ch','CHF','Die Benutzerin/der Benutzer ist bei unsachgemsser Handhabung oder Verlust schadenersatzpflichtig. Sie/Er verpflichtet sich, das Material sorgfltig zu behandeln und gereinigt zu retournieren. Bei mangelbehafteter oder verspteter Rckgabe kann eine Ausleihsperre (bis zu 6 Monaten) verhngt werden. Das geliehene Material bleibt jederzeit uneingeschrnktes Eigentum der Zrcher Hochschule der Knste und darf ausschliesslich fr schulische Zwecke eingesetzt werden. Mit ihrer/seiner Unterschrift akzeptiert die Benutzerin/der Benutzer diese Bedingungen sowie die \'Richtlinie zur Ausleihe von Sachen\' der ZHdK und etwaige abteilungsspezifische Ausleih-Richtlinien.','Your\nAddress\nHere','Das PZ-leihs Team','sender@example.com',0,'http://www.zhdk.ch/?person/foto&width=100&compressionlevel=0&id={:id}',NULL,'/assets/image-logo-zhdk.png','test',NULL,NULL,0,'none','Bern',0,NULL,0,NULL,NULL);
/*!40000 ALTER TABLE `settings` ENABLE KEYS */;
UNLOCK TABLES;

--
-- Table structure for table `suppliers`
--

DROP TABLE IF EXISTS `suppliers`;
/*!40101 SET @saved_cs_client     = @@character_set_client */;
/*!40101 SET character_set_client = utf8 */;
CREATE TABLE `suppliers` (
  `id` int(11) NOT NULL AUTO_INCREMENT,
  `name` varchar(255) COLLATE utf8_unicode_ci NOT NULL,
  `created_at` datetime DEFAULT NULL,
  `updated_at` datetime DEFAULT NULL,
  PRIMARY KEY (`id`),
  UNIQUE KEY `index_suppliers_on_name` (`name`)
) ENGINE=InnoDB AUTO_INCREMENT=258 DEFAULT CHARSET=utf8 COLLATE=utf8_unicode_ci;
/*!40101 SET character_set_client = @saved_cs_client */;

--
-- Dumping data for table `suppliers`
--

LOCK TABLES `suppliers` WRITE;
/*!40000 ALTER TABLE `suppliers` DISABLE KEYS */;
INSERT INTO `suppliers` VALUES (1,'doloribusquamnamnemo','2013-12-12 23:43:10','2013-12-12 23:43:10'),(2,'harumassumendadoloremquetenetur','2013-12-12 23:43:10','2013-12-12 23:43:10'),(3,'evenietaliquam','2013-12-12 23:43:10','2013-12-12 23:43:10'),(4,'nonetetcumqueet','2013-12-12 23:43:10','2013-12-12 23:43:10'),(5,'sapientelaudantiumutreprehenderitperspiciatis','2013-12-12 23:43:10','2013-12-12 23:43:10'),(6,'sitsit','2013-12-12 23:43:10','2013-12-12 23:43:10'),(7,'autemcupiditateerrorquitempore','2013-12-12 23:43:10','2013-12-12 23:43:10'),(8,'aperiamestomnisisteoptio','2013-12-12 23:43:10','2013-12-12 23:43:10'),(9,'teneturomnisbeatae','2013-12-12 23:43:10','2013-12-12 23:43:10'),(10,'mollitiarecusandaequo','2013-12-12 23:43:10','2013-12-12 23:43:10'),(11,'nobisenimiustomaxime','2013-12-12 23:43:10','2013-12-12 23:43:10'),(12,'enimtemporeadsapiente','2013-12-12 23:43:10','2013-12-12 23:43:10'),(13,'odiomodidistinctiolaboriosam','2013-12-12 23:43:10','2013-12-12 23:43:10'),(14,'quisaliquidnonautnatus','2013-12-12 23:43:10','2013-12-12 23:43:10'),(15,'dolornonsunt','2013-12-12 23:43:10','2013-12-12 23:43:10'),(16,'nihilidofficiissapiente','2013-12-12 23:43:10','2013-12-12 23:43:10'),(17,'omniseosveritatis','2013-12-12 23:43:10','2013-12-12 23:43:10'),(18,'temporibusnihilnam','2013-12-12 23:43:10','2013-12-12 23:43:10'),(19,'doloremsolutasuscipitfacilisa','2013-12-12 23:43:10','2013-12-12 23:43:10'),(20,'pariaturnonassumendanemovoluptatem','2013-12-12 23:43:10','2013-12-12 23:43:10'),(21,'sintconsecteturquiidatque','2013-12-12 23:43:10','2013-12-12 23:43:10'),(22,'ipsumconsequatur','2013-12-12 23:43:10','2013-12-12 23:43:10'),(23,'ipsarecusandaesimiliqueullam','2013-12-12 23:43:10','2013-12-12 23:43:10'),(24,'quossuscipitautaccusantium','2013-12-12 23:43:10','2013-12-12 23:43:10'),(25,'consecteturrationealiquamvoluptatibus','2013-12-12 23:43:10','2013-12-12 23:43:10'),(26,'doloremiddolormagniaperiam','2013-12-12 23:43:10','2013-12-12 23:43:10'),(27,'sintdolorconsequuntur','2013-12-12 23:43:10','2013-12-12 23:43:10'),(28,'rationeearumdoloremrerum','2013-12-12 23:43:10','2013-12-12 23:43:10'),(29,'facilisoccaecatiquisquamquiaalias','2013-12-12 23:43:10','2013-12-12 23:43:10'),(30,'etvoluptatesautautomnis','2013-12-12 23:43:10','2013-12-12 23:43:10'),(31,'quamtemporaid','2013-12-12 23:43:10','2013-12-12 23:43:10'),(32,'mollitiaplaceatquodquia','2013-12-12 23:43:10','2013-12-12 23:43:10'),(33,'idvoluptasautipsamut','2013-12-12 23:43:10','2013-12-12 23:43:10'),(34,'doloresnulla','2013-12-12 23:43:10','2013-12-12 23:43:10'),(35,'remquia','2013-12-12 23:43:10','2013-12-12 23:43:10'),(36,'dolorrepellendusestlibero','2013-12-12 23:43:10','2013-12-12 23:43:10'),(37,'rationeplaceat','2013-12-12 23:43:10','2013-12-12 23:43:10'),(38,'quisbeataeexcepturidolor','2013-12-12 23:43:10','2013-12-12 23:43:10'),(39,'quisquamquasaspernaturvoluptatem','2013-12-12 23:43:10','2013-12-12 23:43:10'),(40,'quideleniti','2013-12-12 23:43:10','2013-12-12 23:43:10'),(41,'etconsectetur','2013-12-12 23:43:10','2013-12-12 23:43:10'),(42,'veritatisututtempora','2013-12-12 23:43:10','2013-12-12 23:43:10'),(43,'voluptasquiquidemitaque','2013-12-12 23:43:10','2013-12-12 23:43:10'),(44,'quiminima','2013-12-12 23:43:10','2013-12-12 23:43:10'),(45,'teneturaliquidsintipsanumquam','2013-12-12 23:43:10','2013-12-12 23:43:10'),(46,'veliteumquiset','2013-12-12 23:43:10','2013-12-12 23:43:10'),(47,'animivelcupiditate','2013-12-12 23:43:10','2013-12-12 23:43:10'),(48,'nesciuntdolorevenietautemsed','2013-12-12 23:43:10','2013-12-12 23:43:10'),(49,'abrecusandaeetdolor','2013-12-12 23:43:10','2013-12-12 23:43:10'),(50,'officiisdictaidvelit','2013-12-12 23:43:10','2013-12-12 23:43:10'),(51,'idquiharum','2013-12-12 23:43:10','2013-12-12 23:43:10'),(52,'omnisdeserunt','2013-12-12 23:43:10','2013-12-12 23:43:10'),(53,'quiutincorruptitempora','2013-12-12 23:43:10','2013-12-12 23:43:10'),(54,'voluptatemrepellatblanditiissedqui','2013-12-12 23:43:10','2013-12-12 23:43:10'),(55,'verononullamquibusdam','2013-12-12 23:43:10','2013-12-12 23:43:10'),(56,'velitsitofficiis','2013-12-12 23:43:10','2013-12-12 23:43:10'),(57,'nihilipsummagni','2013-12-12 23:43:10','2013-12-12 23:43:10'),(58,'distinctiositdoloremrepellat','2013-12-12 23:43:10','2013-12-12 23:43:10'),(59,'sitreprehenderit','2013-12-12 23:43:10','2013-12-12 23:43:10'),(60,'similiquesintdebitisid','2013-12-12 23:43:10','2013-12-12 23:43:10'),(61,'aperiamquierrorearum','2013-12-12 23:43:10','2013-12-12 23:43:10'),(62,'ducimusdolores','2013-12-12 23:43:10','2013-12-12 23:43:10'),(63,'accusantiumrepellendus','2013-12-12 23:43:10','2013-12-12 23:43:10'),(64,'autquaeminimaeumfacere','2013-12-12 23:43:10','2013-12-12 23:43:10'),(65,'aliquamnumquamsaepe','2013-12-12 23:43:10','2013-12-12 23:43:10'),(66,'etvoluptas','2013-12-12 23:43:10','2013-12-12 23:43:10'),(67,'consequaturbeataenumquam','2013-12-12 23:43:10','2013-12-12 23:43:10'),(68,'asperioresassumenda','2013-12-12 23:43:10','2013-12-12 23:43:10'),(69,'magnamnihildoloremque','2013-12-12 23:43:10','2013-12-12 23:43:10'),(70,'saepeet','2013-12-12 23:43:10','2013-12-12 23:43:10'),(71,'quiainventoreillumquis','2013-12-12 23:43:10','2013-12-12 23:43:10'),(72,'nametcorporismolestiaeesse','2013-12-12 23:43:10','2013-12-12 23:43:10'),(73,'nihileumnemoitaqueomnis','2013-12-12 23:43:10','2013-12-12 23:43:10'),(74,'quiaquivoluptatenostrumsaepe','2013-12-12 23:43:10','2013-12-12 23:43:10'),(75,'cupiditateullamveniamdebitis','2013-12-12 23:43:10','2013-12-12 23:43:10'),(76,'rerumaut','2013-12-12 23:43:10','2013-12-12 23:43:10'),(77,'voluptasdistinctioestmagnamut','2013-12-12 23:43:10','2013-12-12 23:43:10'),(78,'voluptateoptiopraesentiumnesciuntquaerat','2013-12-12 23:43:10','2013-12-12 23:43:10'),(79,'maiorestemporealiastemporaaut','2013-12-12 23:43:10','2013-12-12 23:43:10'),(80,'sequiexpeditasapiente','2013-12-12 23:43:10','2013-12-12 23:43:10'),(81,'utlaborequae','2013-12-12 23:43:10','2013-12-12 23:43:10'),(82,'quasiquisquamreprehenderitomnis','2013-12-12 23:43:10','2013-12-12 23:43:10'),(83,'corruptinihilmolestiaeevenietquae','2013-12-12 23:43:10','2013-12-12 23:43:10'),(84,'sapientepraesentiumillomollitia','2013-12-12 23:43:10','2013-12-12 23:43:10'),(85,'culpaquisquamaperiamet','2013-12-12 23:43:10','2013-12-12 23:43:10'),(86,'dolorumsequiassumendadolorab','2013-12-12 23:43:10','2013-12-12 23:43:10'),(87,'itaquesolutaporrovoluptas','2013-12-12 23:43:10','2013-12-12 23:43:10'),(88,'utinventorenumquamconsectetur','2013-12-12 23:43:10','2013-12-12 23:43:10'),(89,'atquequiasint','2013-12-12 23:43:10','2013-12-12 23:43:10'),(90,'fugamaioresculpaettempore','2013-12-12 23:43:10','2013-12-12 23:43:10'),(91,'aperiamrecusandae','2013-12-12 23:43:10','2013-12-12 23:43:10'),(92,'dignissimoseaqueminus','2013-12-12 23:43:10','2013-12-12 23:43:10'),(93,'estetutconsequuntur','2013-12-12 23:43:10','2013-12-12 23:43:10'),(94,'esttemporalaudantiummollitia','2013-12-12 23:43:10','2013-12-12 23:43:10'),(95,'quiquaerat','2013-12-12 23:43:10','2013-12-12 23:43:10'),(96,'quamvoluptatumcorruptiexplicabo','2013-12-12 23:43:10','2013-12-12 23:43:10'),(97,'dictasimiliqueiustonecessitatibuscommodi','2013-12-12 23:43:10','2013-12-12 23:43:10'),(98,'veroerrorculpavelexpedita','2013-12-12 23:43:10','2013-12-12 23:43:10'),(99,'quodaliasminusnumquamillo','2013-12-12 23:43:10','2013-12-12 23:43:10'),(100,'totamdoloresassumenda','2013-12-12 23:43:10','2013-12-12 23:43:10'),(101,'etperferendiscorporisut','2013-12-12 23:43:10','2013-12-12 23:43:10'),(102,'quoconsequunturcommodiad','2013-12-12 23:43:10','2013-12-12 23:43:10'),(103,'blanditiisporroodionostrum','2013-12-12 23:43:10','2013-12-12 23:43:10'),(104,'iureautsuscipitomnis','2013-12-12 23:43:10','2013-12-12 23:43:10'),(105,'sedinventore','2013-12-12 23:43:10','2013-12-12 23:43:10'),(106,'doloremsed','2013-12-12 23:43:10','2013-12-12 23:43:10'),(107,'laudantiumquisexiure','2013-12-12 23:43:10','2013-12-12 23:43:10'),(108,'sapienteeumaspernaturautvoluptatem','2013-12-12 23:43:10','2013-12-12 23:43:10'),(109,'rationeinventoreetmolestias','2013-12-12 23:43:10','2013-12-12 23:43:10'),(110,'harumest','2013-12-12 23:43:10','2013-12-12 23:43:10'),(111,'idillumlaboriosam','2013-12-12 23:43:10','2013-12-12 23:43:10'),(112,'vitaedolores','2013-12-12 23:43:10','2013-12-12 23:43:10'),(113,'estquibusdam','2013-12-12 23:43:10','2013-12-12 23:43:10'),(114,'aliashic','2013-12-12 23:43:10','2013-12-12 23:43:10'),(115,'asperioresdoloribusdoloremculpa','2013-12-12 23:43:10','2013-12-12 23:43:10'),(116,'asperioresdolorenimet','2013-12-12 23:43:10','2013-12-12 23:43:10'),(117,'liberoutfacilisut','2013-12-12 23:43:10','2013-12-12 23:43:10'),(118,'eummagnamcorruptiquasreiciendis','2013-12-12 23:43:10','2013-12-12 23:43:10'),(119,'providentvoluptatem','2013-12-12 23:43:10','2013-12-12 23:43:10'),(120,'sunteum','2013-12-12 23:43:10','2013-12-12 23:43:10'),(121,'voluptatemdoloremque','2013-12-12 23:43:10','2013-12-12 23:43:10'),(122,'possimusnam','2013-12-12 23:43:10','2013-12-12 23:43:10'),(123,'assumendaautdolorumofficiis','2013-12-12 23:43:10','2013-12-12 23:43:10'),(124,'nobisdoloriureea','2013-12-12 23:43:10','2013-12-12 23:43:10'),(125,'mollitiaalias','2013-12-12 23:43:10','2013-12-12 23:43:10'),(126,'autillosit','2013-12-12 23:43:10','2013-12-12 23:43:10'),(127,'cupiditateblanditiisideius','2013-12-12 23:43:10','2013-12-12 23:43:10'),(128,'doloreplaceataveritatisillo','2013-12-12 23:43:10','2013-12-12 23:43:10'),(129,'teneturdignissimosnemo','2013-12-12 23:43:10','2013-12-12 23:43:10'),(130,'quasitaque','2013-12-12 23:43:10','2013-12-12 23:43:10'),(131,'uteaquenostrum','2013-12-12 23:43:10','2013-12-12 23:43:10'),(132,'velquiaaccusamus','2013-12-12 23:43:10','2013-12-12 23:43:10'),(133,'rerumrecusandaeveritatisfugit','2013-12-12 23:43:10','2013-12-12 23:43:10'),(134,'isterecusandaedolorem','2013-12-12 23:43:10','2013-12-12 23:43:10'),(135,'adfugiat','2013-12-12 23:43:10','2013-12-12 23:43:10'),(136,'rerumenimautpossimus','2013-12-12 23:43:10','2013-12-12 23:43:10'),(137,'blanditiisfacereexpedita','2013-12-12 23:43:10','2013-12-12 23:43:10'),(138,'estsedsedquoaperiam','2013-12-12 23:43:10','2013-12-12 23:43:10'),(139,'eumaccusamusipsumsequi','2013-12-12 23:43:10','2013-12-12 23:43:10'),(140,'rerumilloillumetin','2013-12-12 23:43:10','2013-12-12 23:43:10'),(141,'sintoditplaceatsedvoluptatem','2013-12-12 23:43:10','2013-12-12 23:43:10'),(142,'situtcorruptinumquam','2013-12-12 23:43:10','2013-12-12 23:43:10'),(143,'sitidaspernaturiurealias','2013-12-12 23:43:10','2013-12-12 23:43:10'),(144,'quiaetofficiisetest','2013-12-09 23:43:10','2013-12-09 23:43:10'),(145,'oditsaepequofugiat','2013-12-09 23:43:10','2013-12-09 23:43:10'),(146,'repudiandaevoluptatemquosreiciendis','2013-12-09 23:43:10','2013-12-09 23:43:10'),(147,'veritatismollitia','2013-12-12 23:43:10','2013-12-12 23:43:10'),(148,'quidemeaqueexpedita','2013-12-12 23:43:10','2013-12-12 23:43:10'),(149,'quasireiciendisabetesse','2013-12-12 23:43:10','2013-12-12 23:43:10'),(150,'deseruntsedenimexcepturidoloremque','2013-12-12 23:43:10','2013-12-12 23:43:10'),(151,'pariaturlaborum','2013-12-12 23:43:10','2013-12-12 23:43:10'),(152,'autabdelectuscumquemodi','2013-12-12 23:43:10','2013-12-12 23:43:10'),(153,'velitdolorevoluptasquireprehenderit','2013-12-12 23:43:10','2013-12-12 23:43:10'),(154,'quasimollitia','2013-12-12 23:43:10','2013-12-12 23:43:10'),(155,'porrosed','2013-12-12 23:43:10','2013-12-12 23:43:10'),(156,'sitnecessitatibusautquod','2013-12-12 23:43:10','2013-12-12 23:43:10'),(157,'etautprovident','2013-12-12 23:43:10','2013-12-12 23:43:10'),(158,'estducimus','2013-12-12 23:43:10','2013-12-12 23:43:10'),(159,'culpadoloresrepudiandaemolestiae','2013-12-12 23:43:10','2013-12-12 23:43:10'),(160,'noneaqueexercitationem','2013-12-12 23:43:10','2013-12-12 23:43:10'),(161,'nesciuntquis','2013-12-12 23:43:10','2013-12-12 23:43:10'),(162,'doloremperferendis','2013-12-12 23:43:10','2013-12-12 23:43:10'),(163,'etsitsintaut','2013-12-12 23:43:10','2013-12-12 23:43:10'),(164,'commodietmaximeaut','2013-12-12 23:43:10','2013-12-12 23:43:10'),(165,'temporemollitiamagnammaiores','2013-12-05 23:43:10','2013-12-05 23:43:10'),(166,'utautatqueautemrepudiandae','2013-12-05 23:43:10','2013-12-05 23:43:10'),(167,'quioditaccusantiumquianon','2013-12-05 23:43:10','2013-12-05 23:43:10'),(168,'rerumsuscipitconsequaturvellaboriosam','2013-12-10 23:43:10','2013-12-10 23:43:10'),(169,'molestiaedolorem','2013-12-10 23:43:10','2013-12-10 23:43:10'),(170,'minimavoluptatessed','2013-12-10 23:43:10','2013-12-10 23:43:10'),(171,'asperioreseteaque','2013-12-10 23:43:10','2013-12-10 23:43:10'),(172,'exercitationemprovidentcommodienimdelectus','2013-12-10 23:43:10','2013-12-10 23:43:10'),(173,'laboreutautem','2013-12-12 23:43:10','2013-12-12 23:43:10'),(174,'nobisvel','2013-12-12 23:43:10','2013-12-12 23:43:10'),(175,'voluptasimpeditdoloribus','2013-12-12 23:43:10','2013-12-12 23:43:10'),(176,'cupiditatevoluptasvelitmagniquo','2013-12-12 23:43:10','2013-12-12 23:43:10'),(177,'temporarecusandaemolestiasinsuscipit','2013-12-12 23:43:10','2013-12-12 23:43:10'),(178,'dolorumpariaturpraesentium','2013-12-12 23:43:10','2013-12-12 23:43:10'),(179,'suntmagnamestnemout','2013-12-12 23:43:10','2013-12-12 23:43:10'),(180,'possimuscummagni','2013-12-12 23:43:10','2013-12-12 23:43:10'),(181,'abqui','2013-12-12 23:43:10','2013-12-12 23:43:10'),(182,'temporibusetrepellatlaudantium','2013-12-12 23:43:10','2013-12-12 23:43:10'),(183,'utfugamagni','2013-12-12 23:43:10','2013-12-12 23:43:10'),(184,'accusamuseaquesint','2013-12-12 23:43:10','2013-12-12 23:43:10'),(185,'delectusdoloremfacilis','2013-12-12 23:43:10','2013-12-12 23:43:10'),(186,'deseruntquomaioresetmodi','2013-12-12 23:43:10','2013-12-12 23:43:10'),(187,'temporibusveritatisquodolorrerum','2013-12-12 23:43:10','2013-12-12 23:43:10'),(188,'voluptatemfacilisvelit','2013-12-12 23:43:10','2013-12-12 23:43:10'),(189,'exercitationemneque','2013-12-12 23:43:10','2013-12-12 23:43:10'),(190,'repudiandaepossimusetvoluptateofficiis','2013-12-12 23:43:10','2013-12-12 23:43:10'),(191,'natusquasquiimpeditaliquam','2013-12-12 23:43:10','2013-12-12 23:43:10'),(192,'similiqueautdelenitiasperiores','2013-12-12 23:43:10','2013-12-12 23:43:10'),(193,'voluptatumvitaequaequoea','2013-12-12 23:43:10','2013-12-12 23:43:10'),(194,'distinctioexpedita','2013-12-12 23:43:10','2013-12-12 23:43:10'),(195,'velatqueaut','2013-12-12 23:43:10','2013-12-12 23:43:10'),(196,'beataequia','2013-12-12 23:43:10','2013-12-12 23:43:10'),(197,'illoearum','2013-12-12 23:43:10','2013-12-12 23:43:10'),(198,'animipariaturestet','2013-12-12 23:43:10','2013-12-12 23:43:10'),(199,'aperiamnostrum','2013-12-12 23:43:10','2013-12-12 23:43:10'),(200,'exercitationemhicfugitut','2013-12-12 23:43:10','2013-12-12 23:43:10'),(201,'aperiamconsequatur','2013-12-12 23:43:10','2013-12-12 23:43:10'),(202,'eaearum','2013-12-12 23:43:10','2013-12-12 23:43:10'),(203,'suntoccaecaticorruptiautquaerat','2013-12-12 23:43:10','2013-12-12 23:43:10'),(204,'quibusdamqui','2013-12-12 23:43:10','2013-12-12 23:43:10'),(205,'ducimusquodsitidut','2013-12-12 23:43:10','2013-12-12 23:43:10'),(206,'autdolorema','2013-12-12 23:43:10','2013-12-12 23:43:10'),(207,'dignissimosanimiconsequaturmaiores','2013-12-12 23:43:10','2013-12-12 23:43:10'),(208,'reiciendisetdoloremque','2013-12-12 23:43:10','2013-12-12 23:43:10'),(209,'sedperferendisrerum','2013-12-12 23:43:10','2013-12-12 23:43:10'),(210,'delectuslaboriosameligendimaioresut','2013-12-12 23:43:10','2013-12-12 23:43:10'),(211,'corporisvelquiexpedita','2013-12-12 23:43:10','2013-12-12 23:43:10'),(212,'illumautquialiquid','2013-12-12 23:43:10','2013-12-12 23:43:10'),(213,'quaeeosnisi','2013-12-12 23:43:10','2013-12-12 23:43:10'),(214,'consequatureaque','2013-12-12 23:43:10','2013-12-12 23:43:10'),(215,'etamet','2013-12-12 23:43:10','2013-12-12 23:43:10'),(216,'quidolorprovidentsapientenostrum','2013-12-12 23:43:10','2013-12-12 23:43:10'),(217,'estreprehenderitfugiataccusamusdoloribus','2013-12-12 23:43:10','2013-12-12 23:43:10'),(218,'mollitiaatquiarecusandaecupiditate','2013-12-12 23:43:10','2013-12-12 23:43:10'),(219,'ipsamautquosfugiatsimilique','2013-12-12 23:43:10','2013-12-12 23:43:10'),(220,'maioresnihil','2013-12-12 23:43:10','2013-12-12 23:43:10'),(221,'repellendussaepereiciendisdolore','2013-12-12 23:43:10','2013-12-12 23:43:10'),(222,'providentnobisdolores','2013-12-12 23:43:10','2013-12-12 23:43:10'),(223,'ipsamofficiisaut','2013-12-08 23:43:10','2013-12-08 23:43:10'),(224,'quiveliddolores','2013-12-08 23:43:10','2013-12-08 23:43:10'),(225,'oditducimusutistequae','2013-12-08 23:43:10','2013-12-08 23:43:10'),(226,'placeatexcepturiquod','2013-12-08 23:43:10','2013-12-08 23:43:10'),(227,'mollitiafugiat','2013-12-08 23:43:10','2013-12-08 23:43:10'),(228,'etconsequunturofficiisexlaboriosam','2013-12-12 23:43:10','2013-12-12 23:43:10'),(229,'ipsaaperiamexplicabo','2013-12-07 23:43:10','2013-12-07 23:43:10'),(230,'aperiamevenietvoluptatemaliquid','2013-12-12 23:43:10','2013-12-12 23:43:10'),(231,'recusandaeeaquererumassumenda','2013-12-12 23:43:10','2013-12-12 23:43:10'),(232,'suntitaqueet','2013-12-12 23:43:10','2013-12-12 23:43:10'),(233,'eumdelenitiaut','2013-12-12 23:43:10','2013-12-12 23:43:10'),(234,'excepturiarchitecto','2013-12-12 23:43:10','2013-12-12 23:43:10'),(235,'impeditnostrumipsapraesentium','2013-12-12 23:43:10','2013-12-12 23:43:10'),(236,'nonlaboriosamunde','2013-12-12 23:43:10','2013-12-12 23:43:10'),(237,'sintquasi','2013-12-12 23:43:10','2013-12-12 23:43:10'),(238,'hicrerum','2013-12-12 23:43:10','2013-12-12 23:43:10'),(239,'consequunturducimusdolorum','2013-12-12 23:43:10','2013-12-12 23:43:10'),(240,'suscipitlibero','2013-12-12 23:43:10','2013-12-12 23:43:10'),(241,'quasipossimusnihilfacere','2013-12-12 23:43:10','2013-12-12 23:43:10'),(242,'sitomnis','2013-12-12 23:43:10','2013-12-12 23:43:10'),(243,'explicabototam','2013-12-12 23:43:10','2013-12-12 23:43:10'),(244,'nihilconsequatur','2013-12-12 23:43:10','2013-12-12 23:43:10'),(245,'nameumquasi','2013-12-12 23:43:10','2013-12-12 23:43:10'),(246,'quiacumqueiureea','2013-12-12 23:43:10','2013-12-12 23:43:10'),(247,'iustoetnihildolores','2013-12-12 23:43:10','2013-12-12 23:43:10'),(248,'officiisaperiam','2013-12-12 23:43:10','2013-12-12 23:43:10'),(249,'impeditvoluptatumvoluptatesautlibero','2013-12-12 23:43:10','2013-12-12 23:43:10'),(250,'molestiaesuntenim','2013-12-12 23:43:10','2013-12-12 23:43:10'),(251,'culpahicutsitdistinctio','2013-12-07 23:43:10','2013-12-07 23:43:10'),(252,'aliasdolorumestimpedit','2013-12-07 23:43:10','2013-12-07 23:43:10'),(253,'doloresveniamquamdelectus','2013-12-07 23:43:10','2013-12-07 23:43:10'),(254,'voluptateerror','2013-12-07 23:43:10','2013-12-07 23:43:10'),(255,'fugaconsequatur','2013-12-05 23:43:10','2013-12-05 23:43:10'),(256,'eamolestiaeisteveniam','2013-12-05 23:43:10','2013-12-05 23:43:10'),(257,'liberoquirepudiandae','2013-12-05 23:43:10','2013-12-05 23:43:10');
/*!40000 ALTER TABLE `suppliers` ENABLE KEYS */;
UNLOCK TABLES;

--
-- Table structure for table `users`
--

DROP TABLE IF EXISTS `users`;
/*!40101 SET @saved_cs_client     = @@character_set_client */;
/*!40101 SET character_set_client = utf8 */;
CREATE TABLE `users` (
  `id` int(11) NOT NULL AUTO_INCREMENT,
  `login` varchar(255) COLLATE utf8_unicode_ci DEFAULT NULL,
  `firstname` varchar(255) COLLATE utf8_unicode_ci DEFAULT NULL,
  `lastname` varchar(255) COLLATE utf8_unicode_ci DEFAULT NULL,
  `phone` varchar(255) COLLATE utf8_unicode_ci DEFAULT NULL,
  `authentication_system_id` int(11) DEFAULT '1',
  `unique_id` varchar(255) COLLATE utf8_unicode_ci DEFAULT NULL,
  `email` varchar(255) COLLATE utf8_unicode_ci DEFAULT NULL,
  `badge_id` varchar(255) COLLATE utf8_unicode_ci DEFAULT NULL,
  `address` varchar(255) COLLATE utf8_unicode_ci DEFAULT NULL,
  `city` varchar(255) COLLATE utf8_unicode_ci DEFAULT NULL,
  `zip` varchar(255) COLLATE utf8_unicode_ci DEFAULT NULL,
  `country` varchar(255) COLLATE utf8_unicode_ci DEFAULT NULL,
  `language_id` int(11) DEFAULT NULL,
  `extended_info` text COLLATE utf8_unicode_ci,
  `settings` varchar(1024) COLLATE utf8_unicode_ci DEFAULT NULL,
  `created_at` datetime DEFAULT NULL,
  `updated_at` datetime DEFAULT NULL,
  `delegator_user_id` int(11) DEFAULT NULL,
  PRIMARY KEY (`id`),
  KEY `index_users_on_authentication_system_id` (`authentication_system_id`),
  KEY `users_language_id_fk` (`language_id`),
  KEY `users_delegator_user_id_fk` (`delegator_user_id`),
  CONSTRAINT `users_delegator_user_id_fk` FOREIGN KEY (`delegator_user_id`) REFERENCES `users` (`id`),
  CONSTRAINT `users_authentication_system_id_fk` FOREIGN KEY (`authentication_system_id`) REFERENCES `authentication_systems` (`id`),
  CONSTRAINT `users_language_id_fk` FOREIGN KEY (`language_id`) REFERENCES `languages` (`id`)
) ENGINE=InnoDB AUTO_INCREMENT=36 DEFAULT CHARSET=utf8 COLLATE=utf8_unicode_ci;
/*!40101 SET character_set_client = @saved_cs_client */;

--
-- Dumping data for table `users`
--

LOCK TABLES `users` WRITE;
/*!40000 ALTER TABLE `users` DISABLE KEYS */;
INSERT INTO `users` VALUES (1,'gino','Gino','Terry','01561508570',1,'v1gxdzap9b8f0luc07','gino@zhdk.ch','cmr7fznonn02f2fdgi',NULL,'Bahringerton','G-Y6N 0JA','Georgia',1,NULL,'--- !ruby/hash:ActiveSupport::HashWithIndifferentAccess {}\n','2013-12-12 23:43:10','2013-12-12 23:43:10',NULL),(2,'ramon','Ramon','Howell','02785017164',1,'59bc4gbj0jht8suwsp','ramon@zhdk.ch','wtj08u2c5lztwat8yj',NULL,'Eulaliaton','R-Z9 5BL','Rwanda',1,NULL,'--- !ruby/hash:ActiveSupport::HashWithIndifferentAccess {}\n','2013-12-12 23:43:10','2013-12-12 23:43:10',NULL),(3,'matti','Matti','Nikolaus','09391980537',1,'qqeatmye6tkbm866qz','matti@zhdk.ch','wiz9zyv2vh5wq8rtwb',NULL,'Hillsstad','J-W0Y 0AB','Jersey',1,NULL,'--- !ruby/hash:ActiveSupport::HashWithIndifferentAccess {}\n','2013-12-12 23:43:10','2013-12-12 23:43:10',NULL),(4,'mike','Mike','Medhurst','08001720069',1,'pwfylxtz1fg23xpw4f','mike@zhdk.ch','eidsa52hqx3evuutav',NULL,'Natalieberg','S-ZU7 0RA','Saint Kitts and Nevis',1,NULL,'--- !ruby/hash:ActiveSupport::HashWithIndifferentAccess {}\n','2013-12-12 23:43:10','2013-12-12 23:43:10',NULL),(5,'pius','Pius','Emmerich','0169778270',1,'stnnq2cdjw531dq0fk','pius@zhdk.ch','r1ono1migv605dhwrk',NULL,'Ryderville','T-Z2 6AL','Tanzania',1,NULL,'--- !ruby/hash:ActiveSupport::HashWithIndifferentAccess {}\n','2013-12-12 23:43:10','2013-12-12 23:43:10',NULL),(6,'normin','Normin','Normalo','0800975059',1,'9gswt809aqhqb8i37o','normin@zhdk.ch','rsisld2gbhu40mj27f',NULL,'Bahringerchester','F-W9 0JD','Falkland Islands (Malvinas)',1,NULL,'--- !ruby/hash:ActiveSupport::HashWithIndifferentAccess {}\n','2013-12-12 23:43:10','2013-12-12 23:43:10',NULL),(7,'donny','Donny','Pfannerstill','01310177733',1,'xfcr9fcybo4vcsx4fw','lending_manager1@zhdk.ch','azt7s3ei7cju830oko',NULL,'East Rod','P-ZA9N 1AB','Palestinian Territory',1,NULL,'--- !ruby/hash:ActiveSupport::HashWithIndifferentAccess {}\n','2013-12-12 23:43:10','2013-12-12 23:43:10',NULL),(8,'peter','Peter','Silie','01421035955',1,'rnnm8o0p9fqfr4taea','peter@silie.com','7zph833dbds1473w65',NULL,'East Kyleefurt','H-MS40 6AA','Holy See (Vatican City State)',1,NULL,'--- !ruby/hash:ActiveSupport::HashWithIndifferentAccess {}\n','2013-12-12 23:43:10','2013-12-12 23:43:10',NULL),(9,'andi','Andi','Turcotte','0166090823',1,'egt27m7ey2f8o06r4s','andi@zhdk.ch','b9b244bk71130oas8t',NULL,'West Ariellechester','G-D8V 8PJ','Guernsey',1,NULL,'--- !ruby/hash:ActiveSupport::HashWithIndifferentAccess {}\n','2013-12-12 23:43:10','2013-12-12 23:43:10',NULL),(10,'mina','Mina','Becker','01718376508',1,'4mpkhxtbrzrsecp61z','mina@zhdk.ch','gi8l49gpchg3z9d7ig',NULL,'Mohrville','C-ZG6V 9BU','Chile',1,NULL,'--- !ruby/hash:ActiveSupport::HashWithIndifferentAccess {}\n','2013-12-12 23:43:10','2013-12-12 23:43:10',NULL),(11,'petra','Petra','Effertz','0800835065',1,'znzst24lt9s9wgm8py','petra@zhdk.ch','9w7vt36vjtgvg69y6c','9710 Fidel Station, ','Wuckertton','M-SV5 2YG','Monaco',1,NULL,'--- !ruby/hash:ActiveSupport::HashWithIndifferentAccess {}\n','2013-12-12 23:43:10','2013-12-12 23:43:10',NULL),(12,'julie','Julie','Weissnat','01761517038',1,'fiwfpsziohgyp9ep68','julie@zhdk.ch','re2yhv4t4qy5qq2oxz',NULL,'Anniechester','C-B5 0LG','Chad',1,NULL,'--- !ruby/hash:ActiveSupport::HashWithIndifferentAccess {}\n','2013-12-12 23:43:10','2013-12-12 23:43:10',NULL),(13,'lisa','Lisa','Volkman','01821535914',1,'ka1506mw8aezk9nsg9','lisa@zhdk.ch','qlf9wvbqwohs390iro',NULL,'Lake Diamondmouth','F-W9 9LX','Faroe Islands',1,NULL,'--- !ruby/hash:ActiveSupport::HashWithIndifferentAccess {}\n','2013-12-12 23:43:10','2013-12-12 23:43:10',NULL),(14,'kailey','Kailey','Jones','09382476916',1,'fivx711hjqtk14r0vr','customer1@zhdk.ch','58ay8rnqaij3tbnzlj',NULL,'Lomaview','F-MB9 4DB','Finland',1,NULL,'--- !ruby/hash:ActiveSupport::HashWithIndifferentAccess {}\n','2013-12-12 23:43:10','2013-12-12 23:43:10',NULL),(15,'lonnie','Lonnie','Thompson','05531470305',1,'7xemhbfw8it73pimqw','customer2@zhdk.ch','lp1pphm2eiw6wji2lz',NULL,'Port Dewayne','T-US2R 0GA','Turks and Caicos Islands',1,NULL,'--- !ruby/hash:ActiveSupport::HashWithIndifferentAccess {}\n','2013-12-12 23:43:10','2013-12-12 23:43:10',NULL),(16,'napoleon','Napoleon','Toy','05559936535',1,'i487zeeut1vapfb7k4','customer3@zhdk.ch','7tkl3fdh105lk01hbc',NULL,'East Nashmouth','T-AW9B 9JA','Tajikistan',1,NULL,'--- !ruby/hash:ActiveSupport::HashWithIndifferentAccess {}\n','2013-12-12 23:43:10','2013-12-12 23:43:10',NULL),(17,'magdalen','Magdalen','Larson','01416820890',1,'3ewrt50wnrra9uf4s9','customer4@zhdk.ch','rsqf7h59aqj98hd5t5',NULL,'Thelmamouth','G-TX0 4GB','Gabon',1,NULL,'--- !ruby/hash:ActiveSupport::HashWithIndifferentAccess {}\n','2013-12-12 23:43:10','2013-12-12 23:43:10',NULL),(18,'nannie','Nannie','O\'Reilly','0169775763',1,'6lbqner2s9rmzl1gvj','customer5@zhdk.ch','ll81grlkj349xd7y18',NULL,'Shainafort','T-Y7H 6FW','Turkmenistan',1,NULL,'--- !ruby/hash:ActiveSupport::HashWithIndifferentAccess {}\n','2013-12-12 23:43:10','2013-12-12 23:43:10',NULL),(19,'fay','Fay','Langworth','05643270628',1,'uooafob2pdox5vh80a','customer6@zhdk.ch','xup763rzlx8jp98mfl',NULL,'East Savanah','E-ZT9 6AZ','Eritrea',1,NULL,'--- !ruby/hash:ActiveSupport::HashWithIndifferentAccess {}\n','2013-12-12 23:43:10','2013-12-12 23:43:10',NULL),(20,'kory','Kory','Gottlieb','03428235472',1,'z5wzdlyfjvbixfzqyn','customer7@zhdk.ch','gv5ykk1dm84tn3rtkk',NULL,'West Leola','P-SE7 5AL','Poland',1,NULL,'--- !ruby/hash:ActiveSupport::HashWithIndifferentAccess {}\n','2013-12-12 23:43:10','2013-12-12 23:43:10',NULL),(21,'carrie','Carrie','Purdy','0800792429',1,'91f8rx1qywrsasrzi8','customer8@zhdk.ch','rwvestwanv09ijscm9',NULL,'South Mellie','N-Y6E 9EU','Nigeria',1,NULL,'--- !ruby/hash:ActiveSupport::HashWithIndifferentAccess {}\n','2013-12-12 23:43:10','2013-12-12 23:43:10',NULL),(22,'josh','Josh','Zboncak','0800253504',1,'eper6d7ybiv64nf9zy','customer9@zhdk.ch','4rpts4tx4tvkvv7egd',NULL,'Narcisoland','G-SB4N 3JD','Guatemala',1,NULL,'--- !ruby/hash:ActiveSupport::HashWithIndifferentAccess {}\n','2013-12-12 23:43:10','2013-12-12 23:43:10',NULL),(23,'zita','Zita','Kub','01511995740',1,'hzzb2lhikz7gwh7v5k','delegator1@zhdk.ch','u2zwzdz4vzit0v3sq7',NULL,'North Gustmouth','L-WP8 0AA','Liberia',1,NULL,'--- !ruby/hash:ActiveSupport::HashWithIndifferentAccess {}\n','2013-12-12 23:43:10','2013-12-12 23:43:10',NULL),(24,'ara','Ara','Bailey','08007237060',1,'fd0hgswjmy978kxx9e','delegated1@zhdk.ch','fd89i9z5dezay8doh3',NULL,'Port Selena','P-WQ0H 3JA','Peru',1,NULL,'--- !ruby/hash:ActiveSupport::HashWithIndifferentAccess {}\n','2013-12-12 23:43:10','2013-12-12 23:43:10',NULL),(25,'kaley_9422','Nellie','Schmitt','0500445222',1,'qlr2k09h1ktj4hjpcb','cameron@mohrmarquardt.name','oaybb8ltu3dk9y7sba','2140 Grant Island','Lake Jacinthe','T-C9E 9XB','Trinidad and Tobago',1,NULL,'--- !ruby/hash:ActiveSupport::HashWithIndifferentAccess {}\n','2013-12-12 23:43:10','2013-12-12 23:43:10',NULL),(26,NULL,'Delegation 1',NULL,NULL,NULL,NULL,NULL,NULL,NULL,NULL,NULL,NULL,1,NULL,'--- !ruby/hash:ActiveSupport::HashWithIndifferentAccess {}\n','2013-12-12 23:43:10','2013-12-12 23:43:10',12),(27,NULL,'Delegation 2',NULL,NULL,NULL,NULL,NULL,NULL,NULL,NULL,NULL,NULL,1,NULL,'--- !ruby/hash:ActiveSupport::HashWithIndifferentAccess {}\n','2013-12-12 23:43:10','2013-12-12 23:43:10',10),(28,NULL,'Delegation 3',NULL,NULL,NULL,NULL,NULL,NULL,NULL,NULL,NULL,NULL,1,NULL,'--- !ruby/hash:ActiveSupport::HashWithIndifferentAccess {}\n','2013-12-12 23:43:10','2013-12-12 23:43:10',10),(29,NULL,'Delegation 4',NULL,NULL,NULL,NULL,NULL,NULL,NULL,NULL,NULL,NULL,1,NULL,'--- !ruby/hash:ActiveSupport::HashWithIndifferentAccess {}\n','2013-12-12 23:43:10','2013-12-12 23:43:10',10),(30,NULL,'Delegation 5',NULL,NULL,NULL,NULL,NULL,NULL,NULL,NULL,NULL,NULL,1,NULL,'--- !ruby/hash:ActiveSupport::HashWithIndifferentAccess {}\n','2013-12-12 23:43:10','2013-12-12 23:43:10',23),(31,'tyree_grimes_1197','Domingo','Schumm','0500120262',1,'zzyjbzw9b8ju05xxv2','george@cremin.com','1bkfa6r6lrk3m6ts68','16125 Little Drive','Littelfort','H-W7 8AB','Hong Kong',1,NULL,'--- !ruby/hash:ActiveSupport::HashWithIndifferentAccess {}\n','2013-12-12 23:43:10','2013-12-12 23:43:10',NULL),(32,'ignacio_ryan_4653','Mathilde','Fritsch','08002535311',1,'aabvqf8w8nn0w2d1fu','francisca.feest@lockman.name','6li79h9a37ba0cbyre','24091 Littel Manors','Geovannimouth','D-WX4N 6PA','Democratic People\\\'s Republic of Korea',1,NULL,'--- !ruby/hash:ActiveSupport::HashWithIndifferentAccess {}\n','2013-12-12 23:43:10','2013-12-12 23:43:10',NULL),(33,'melyna_homenick_4313','Owen','Emmerich','01854804481',1,'43kxkrfavwofm9bp7c','rashawn.kohler@kuphal.co.uk','q3jdho41vpirn0ojt8','3998 Grady Light','Greenholtchester','S-S0 3RS','Saudi Arabia',1,NULL,'--- !ruby/hash:ActiveSupport::HashWithIndifferentAccess {}\n','2013-12-12 23:43:10','2013-12-12 23:43:10',NULL),(34,'walter_143','Nils','Doyle','0169774895',1,'4nc8q8xw1nqz8be6vg','jeremie.collier@cummeratabatz.biz','l1ps102hfo4jrus50k','93553 Shields Avenue','North Claudshire','M-YD0 5LB','Madagascar',1,NULL,'--- !ruby/hash:ActiveSupport::HashWithIndifferentAccess {}\n','2013-12-12 23:43:10','2013-12-12 23:43:10',NULL),(35,'darrion_sanford_2888','Cornelius','Hickle','01133553304',1,'ud4tw2z8p7gv9ugodu','coleman@gradykozey.name','7jh69e453crbjsqspl','791 Ryann Light','South Brendanstad','G-ZO09 8FD','Grenada',1,NULL,'--- !ruby/hash:ActiveSupport::HashWithIndifferentAccess {}\n','2013-12-12 23:43:10','2013-12-12 23:43:10',NULL);
/*!40000 ALTER TABLE `users` ENABLE KEYS */;
UNLOCK TABLES;

--
-- Temporary table structure for view `visit_lines`
--

DROP TABLE IF EXISTS `visit_lines`;
/*!50001 DROP VIEW IF EXISTS `visit_lines`*/;
SET @saved_cs_client     = @@character_set_client;
SET character_set_client = utf8;
/*!50001 CREATE TABLE `visit_lines` (
  `visit_id` varchar(148),
  `inventory_pool_id` int(11),
  `user_id` int(11),
  `delegated_user_id` int(11),
  `status` enum('unsubmitted','submitted','rejected','approved','signed','closed'),
  `action` varchar(9),
  `date` date,
  `quantity` int(11),
  `contract_line_id` int(11)
) ENGINE=MyISAM */;
SET character_set_client = @saved_cs_client;

--
-- Temporary table structure for view `visits`
--

DROP TABLE IF EXISTS `visits`;
/*!50001 DROP VIEW IF EXISTS `visits`*/;
SET @saved_cs_client     = @@character_set_client;
SET character_set_client = utf8;
/*!50001 CREATE TABLE `visits` (
  `id` varchar(148),
  `inventory_pool_id` int(11),
  `user_id` int(11),
  `status` enum('unsubmitted','submitted','rejected','approved','signed','closed'),
  `action` varchar(9),
  `date` date,
  `quantity` decimal(32,0)
) ENGINE=MyISAM */;
SET character_set_client = @saved_cs_client;

--
-- Table structure for table `workdays`
--

DROP TABLE IF EXISTS `workdays`;
/*!40101 SET @saved_cs_client     = @@character_set_client */;
/*!40101 SET character_set_client = utf8 */;
CREATE TABLE `workdays` (
  `id` int(11) NOT NULL AUTO_INCREMENT,
  `inventory_pool_id` int(11) DEFAULT NULL,
  `monday` tinyint(1) DEFAULT '1',
  `tuesday` tinyint(1) DEFAULT '1',
  `wednesday` tinyint(1) DEFAULT '1',
  `thursday` tinyint(1) DEFAULT '1',
  `friday` tinyint(1) DEFAULT '1',
  `saturday` tinyint(1) DEFAULT '0',
  `sunday` tinyint(1) DEFAULT '0',
  `reservation_advance_days` int(11) DEFAULT '0',
  `max_visits` text COLLATE utf8_unicode_ci,
  PRIMARY KEY (`id`),
  KEY `index_workdays_on_inventory_pool_id` (`inventory_pool_id`),
  CONSTRAINT `workdays_inventory_pool_id_fk` FOREIGN KEY (`inventory_pool_id`) REFERENCES `inventory_pools` (`id`) ON DELETE CASCADE
) ENGINE=InnoDB AUTO_INCREMENT=13 DEFAULT CHARSET=utf8 COLLATE=utf8_unicode_ci;
/*!40101 SET character_set_client = @saved_cs_client */;

--
-- Dumping data for table `workdays`
--

LOCK TABLES `workdays` WRITE;
/*!40000 ALTER TABLE `workdays` DISABLE KEYS */;
INSERT INTO `workdays` VALUES (1,1,1,1,1,1,1,0,0,0,'---\n\'1\': 10\n\'2\': 20\n\'3\': 30\n'),(2,2,1,1,1,1,1,0,0,0,'--- {}\n'),(3,3,1,1,1,1,1,0,0,0,'--- {}\n'),(4,4,1,1,1,1,1,0,0,0,'--- {}\n'),(5,5,1,1,1,1,1,0,0,0,'--- {}\n'),(6,6,1,1,1,1,1,0,0,0,'--- {}\n'),(7,7,1,1,1,1,1,0,0,0,'--- {}\n'),(8,8,1,1,1,1,1,0,0,0,'--- {}\n'),(9,9,1,1,1,1,1,0,0,0,'--- {}\n'),(10,10,1,1,1,1,1,0,0,0,'--- {}\n'),(11,11,1,1,1,1,1,0,0,0,'--- {}\n'),(12,12,1,1,1,1,1,0,0,0,'--- {}\n');
/*!40000 ALTER TABLE `workdays` ENABLE KEYS */;
UNLOCK TABLES;

--
-- Final view structure for view `partitions_with_generals`
--

/*!50001 DROP TABLE IF EXISTS `partitions_with_generals`*/;
/*!50001 DROP VIEW IF EXISTS `partitions_with_generals`*/;
/*!50001 SET @saved_cs_client          = @@character_set_client */;
/*!50001 SET @saved_cs_results         = @@character_set_results */;
/*!50001 SET @saved_col_connection     = @@collation_connection */;
/*!50001 SET character_set_client      = utf8 */;
/*!50001 SET character_set_results     = utf8 */;
/*!50001 SET collation_connection      = utf8_general_ci */;
/*!50001 CREATE ALGORITHM=UNDEFINED */
/*!50001 VIEW `partitions_with_generals` AS select `partitions`.`model_id` AS `model_id`,`partitions`.`inventory_pool_id` AS `inventory_pool_id`,`partitions`.`group_id` AS `group_id`,`partitions`.`quantity` AS `quantity` from `partitions` union select `i`.`model_id` AS `model_id`,`i`.`inventory_pool_id` AS `inventory_pool_id`,NULL AS `group_id`,(count(`i`.`id`) - ifnull((select sum(`p`.`quantity`) from `partitions` `p` where ((`p`.`model_id` = `i`.`model_id`) and (`p`.`inventory_pool_id` = `i`.`inventory_pool_id`)) group by `p`.`inventory_pool_id`,`p`.`model_id`),0)) AS `quantity` from `items` `i` where (isnull(`i`.`retired`) and (`i`.`is_borrowable` = 1) and isnull(`i`.`parent_id`)) group by `i`.`inventory_pool_id`,`i`.`model_id` */;
/*!50001 SET character_set_client      = @saved_cs_client */;
/*!50001 SET character_set_results     = @saved_cs_results */;
/*!50001 SET collation_connection      = @saved_col_connection */;

--
-- Final view structure for view `visit_lines`
--

/*!50001 DROP TABLE IF EXISTS `visit_lines`*/;
/*!50001 DROP VIEW IF EXISTS `visit_lines`*/;
/*!50001 SET @saved_cs_client          = @@character_set_client */;
/*!50001 SET @saved_cs_results         = @@character_set_results */;
/*!50001 SET @saved_col_connection     = @@collation_connection */;
/*!50001 SET character_set_client      = utf8 */;
/*!50001 SET character_set_results     = utf8 */;
/*!50001 SET collation_connection      = utf8_general_ci */;
/*!50001 CREATE ALGORITHM=UNDEFINED */
/*!50001 VIEW `visit_lines` AS select hex(concat_ws('_',if((`c`.`status` = 'approved'),`cl`.`start_date`,`cl`.`end_date`),`c`.`inventory_pool_id`,`c`.`user_id`,`c`.`status`)) AS `visit_id`,`c`.`inventory_pool_id` AS `inventory_pool_id`,`c`.`user_id` AS `user_id`,`c`.`delegated_user_id` AS `delegated_user_id`,`c`.`status` AS `status`,if((`c`.`status` = 'approved'),'hand_over','take_back') AS `action`,if((`c`.`status` = 'approved'),`cl`.`start_date`,`cl`.`end_date`) AS `date`,`cl`.`quantity` AS `quantity`,`cl`.`id` AS `contract_line_id` from (`contract_lines` `cl` join `contracts` `c` on((`cl`.`contract_id` = `c`.`id`))) where ((`c`.`status` in ('approved','signed')) and isnull(`cl`.`returned_date`)) order by if((`c`.`status` = 'approved'),`cl`.`start_date`,`cl`.`end_date`) */;
/*!50001 SET character_set_client      = @saved_cs_client */;
/*!50001 SET character_set_results     = @saved_cs_results */;
/*!50001 SET collation_connection      = @saved_col_connection */;

--
-- Final view structure for view `visits`
--

/*!50001 DROP TABLE IF EXISTS `visits`*/;
/*!50001 DROP VIEW IF EXISTS `visits`*/;
/*!50001 SET @saved_cs_client          = @@character_set_client */;
/*!50001 SET @saved_cs_results         = @@character_set_results */;
/*!50001 SET @saved_col_connection     = @@collation_connection */;
/*!50001 SET character_set_client      = utf8 */;
/*!50001 SET character_set_results     = utf8 */;
/*!50001 SET collation_connection      = utf8_general_ci */;
/*!50001 CREATE ALGORITHM=UNDEFINED */
/*!50001 VIEW `visits` AS select hex(concat_ws('_',`visit_lines`.`date`,`visit_lines`.`inventory_pool_id`,`visit_lines`.`user_id`,`visit_lines`.`status`)) AS `id`,`visit_lines`.`inventory_pool_id` AS `inventory_pool_id`,`visit_lines`.`user_id` AS `user_id`,`visit_lines`.`status` AS `status`,`visit_lines`.`action` AS `action`,`visit_lines`.`date` AS `date`,sum(`visit_lines`.`quantity`) AS `quantity` from `visit_lines` group by `visit_lines`.`user_id`,`visit_lines`.`status`,`visit_lines`.`date`,`visit_lines`.`inventory_pool_id` */;
/*!50001 SET character_set_client      = @saved_cs_client */;
/*!50001 SET character_set_results     = @saved_cs_results */;
/*!50001 SET collation_connection      = @saved_col_connection */;
/*!40103 SET TIME_ZONE=@OLD_TIME_ZONE */;

/*!40101 SET SQL_MODE=@OLD_SQL_MODE */;
/*!40014 SET FOREIGN_KEY_CHECKS=@OLD_FOREIGN_KEY_CHECKS */;
/*!40014 SET UNIQUE_CHECKS=@OLD_UNIQUE_CHECKS */;
/*!40101 SET CHARACTER_SET_CLIENT=@OLD_CHARACTER_SET_CLIENT */;
/*!40101 SET CHARACTER_SET_RESULTS=@OLD_CHARACTER_SET_RESULTS */;
/*!40101 SET COLLATION_CONNECTION=@OLD_COLLATION_CONNECTION */;
/*!40111 SET SQL_NOTES=@OLD_SQL_NOTES */;

-- Dump completed on 2015-03-07 14:57:27
